[2026-05-25 13:29:24,027] multiqc                                            [DEBUG  ]  This is MultiQC v1.12
[2026-05-25 13:29:24,027] multiqc                                            [DEBUG  ]  No MultiQC config found: /modules/uri_apps/software/MultiQC/1.12-foss-2021b/lib/python3.9/site-packages/multiqc_config.yaml
[2026-05-25 13:29:24,027] multiqc                                            [DEBUG  ]  No MultiQC config found: /home/zdellaert_uri_edu/.multiqc_config.yaml
[2026-05-25 13:29:24,028] multiqc                                            [DEBUG  ]  No MultiQC config found: multiqc_config.yaml
[2026-05-25 13:29:24,028] multiqc                                            [DEBUG  ]  Command used: /modules/uri_apps/software/MultiQC/1.12-foss-2021b/bin/multiqc . /scratch4/workspace/zdellaert_uri_edu-shared_TimeSeries/TimeSeries/aligned/POR_Dtrenchii
[2026-05-25 13:29:24,366] multiqc                                            [WARNING]  MultiQC Version v1.35 now available!
[2026-05-25 13:29:24,367] multiqc                                            [DEBUG  ]  Command     : /modules/uri_apps/software/MultiQC/1.12-foss-2021b/bin/multiqc . /scratch4/workspace/zdellaert_uri_edu-shared_TimeSeries/TimeSeries/aligned/POR_Dtrenchii
[2026-05-25 13:29:24,367] multiqc                                            [DEBUG  ]  Working dir : /project/pi_hputnam_uri_edu/zdellaert/TimeSeries/4-multi-species/output_RNA/alignment_qc/POR_Dtrenchii
[2026-05-25 13:29:24,367] multiqc                                            [DEBUG  ]  Template    : default
[2026-05-25 13:29:24,367] multiqc                                            [DEBUG  ]  Running Python 3.9.6 (default, Nov 15 2024, 16:57:16)  [GCC 11.2.0]
[2026-05-25 13:29:24,368] multiqc                                            [DEBUG  ]  Analysing modules: custom_content, ccs, ngsderive, purple, conpair, lima, peddy, somalier, methylQA, mosdepth, phantompeakqualtools, qualimap, preseq, quast, qorts, rna_seqc, rockhopper, rsem, rseqc, busco, bustools, goleft_indexcov, gffcompare, disambiguate, supernova, deeptools, sargasso, verifybamid, mirtrace, happy, mirtop, sambamba, homer, hops, macs2, theta2, snpeff, gatk, htseq, bcftools, featureCounts, fgbio, dragen, dedup, pbmarkdup, damageprofiler, biobambam2, jcvi, mtnucratio, picard, vep, sentieon, prokka, qc3C, nanostat, samblaster, samtools, sexdeterrmine, eigenstratdatabasetools, bamtools, jellyfish, vcftools, longranger, stacks, varscan2, snippy, bbmap, bismark, biscuit, hicexplorer, hicup, hicpro, salmon, kallisto, slamdunk, star, hisat2, tophat, bowtie2, bowtie1, snpsplit, odgi, pangolin, kat, leehom, adapterRemoval, clipandmerge, cutadapt, flexbar, kaiju, kraken, malt, trimmomatic, sickle, skewer, sortmerna, biobloomtools, fastq_screen, afterqc, fastp, fastqc, pychopper, pycoqc, minionqc, multivcfanalyzer, clusterflow, checkqc, bcl2fastq, bclconvert, interop, ivar, flash, seqyclean, optitype, whatshap
[2026-05-25 13:29:24,368] multiqc                                            [DEBUG  ]  Using temporary directory for creating report: /tmp/tmpw_78s4_p
[2026-05-25 13:29:24,576] multiqc                                            [INFO   ]  Search path : /project/pi_hputnam_uri_edu/zdellaert/TimeSeries/4-multi-species/output_RNA/alignment_qc/POR_Dtrenchii
[2026-05-25 13:29:24,577] multiqc                                            [INFO   ]  Search path : /scratch4/workspace/zdellaert_uri_edu-shared_TimeSeries/TimeSeries/aligned/POR_Dtrenchii
[2026-05-25 13:29:24,980] multiqc                                            [DEBUG  ]  File ignored by ccs/v4 because it exceeded search pattern filesize limit: POR_R1_H3_Log.out
[2026-05-25 13:29:24,984] multiqc                                            [DEBUG  ]  File ignored by hicexplorer because it exceeded search pattern filesize limit: POR_R1_H3_Log.out
[2026-05-25 13:29:24,984] multiqc                                            [DEBUG  ]  File ignored by lima/summary because it exceeded search pattern filesize limit: POR_R1_H3_Log.out
[2026-05-25 13:29:24,991] multiqc                                            [DEBUG  ]  File ignored by vep/vep_html because it exceeded search pattern filesize limit: POR_R1_H3_Log.out
[2026-05-25 13:29:24,991] multiqc                                            [DEBUG  ]  File ignored by vep/vep_txt because it exceeded search pattern filesize limit: POR_R1_H3_Log.out
[2026-05-25 13:29:24,992] multiqc                                            [DEBUG  ]  File ignored by longranger/invocation because it exceeded search pattern filesize limit: POR_R1_H3_Log.out
[2026-05-25 13:29:24,992] multiqc                                            [DEBUG  ]  File ignored by rockhopper because it exceeded search pattern filesize limit: POR_R1_H3_Log.out
[2026-05-25 13:29:24,992] multiqc                                            [DEBUG  ]  File ignored by rseqc/bam_stat because it exceeded search pattern filesize limit: POR_R1_H3_Log.out
[2026-05-25 13:29:24,992] multiqc                                            [DEBUG  ]  File ignored by rseqc/junction_annotation because it exceeded search pattern filesize limit: POR_R1_H3_Log.out
[2026-05-25 13:29:24,992] multiqc                                            [DEBUG  ]  File ignored by rseqc/read_distribution because it exceeded search pattern filesize limit: POR_R1_H3_Log.out
[2026-05-25 13:29:24,992] multiqc                                            [DEBUG  ]  File ignored by rseqc/infer_experiment because it exceeded search pattern filesize limit: POR_R1_H3_Log.out
[2026-05-25 13:29:25,011] multiqc                                            [DEBUG  ]  File ignored by stacks/sumstats because it exceeded search pattern filesize limit: POR_R1_H3_Log.out
[2026-05-25 13:29:25,695] multiqc                                            [DEBUG  ]  File ignored by nanostat because it exceeded search pattern filesize limit: POR_R1_H3_Log.out
[2026-05-25 13:29:25,740] multiqc                                            [DEBUG  ]  File ignored by ccs/v4 because it exceeded search pattern filesize limit: POR_R3_H3_Log.progress.out
[2026-05-25 13:29:25,742] multiqc                                            [DEBUG  ]  File ignored by lima/summary because it exceeded search pattern filesize limit: POR_R3_H3_Log.progress.out
[2026-05-25 13:29:25,757] multiqc                                            [DEBUG  ]  File ignored by ccs/v4 because it exceeded search pattern filesize limit: POR_R24_C3_Log.progress.out
[2026-05-25 13:29:25,759] multiqc                                            [DEBUG  ]  File ignored by lima/summary because it exceeded search pattern filesize limit: POR_R24_C3_Log.progress.out
[2026-05-25 13:29:25,762] multiqc                                            [DEBUG  ]  File ignored by longranger/invocation because it exceeded search pattern filesize limit: POR_R24_C3_Log.progress.out
[2026-05-25 13:29:25,770] multiqc                                            [DEBUG  ]  Ignoring file as matched an ignore pattern: POR_R24_H3_Aligned.sortedByCoord.out.bam
[2026-05-25 13:29:25,775] multiqc                                            [DEBUG  ]  File ignored by ccs/v4 because it exceeded search pattern filesize limit: POR_R3_H1_SJ.out.tab
[2026-05-25 13:29:25,777] multiqc                                            [DEBUG  ]  File ignored by hicexplorer because it exceeded search pattern filesize limit: POR_R3_H1_SJ.out.tab
[2026-05-25 13:29:25,777] multiqc                                            [DEBUG  ]  File ignored by lima/summary because it exceeded search pattern filesize limit: POR_R3_H1_SJ.out.tab
[2026-05-25 13:29:25,781] multiqc                                            [DEBUG  ]  File ignored by longranger/invocation because it exceeded search pattern filesize limit: POR_R3_H1_SJ.out.tab
[2026-05-25 13:29:25,791] multiqc                                            [DEBUG  ]  File ignored by nanostat because it exceeded search pattern filesize limit: POR_R3_H1_SJ.out.tab
[2026-05-25 13:29:25,792] multiqc                                            [DEBUG  ]  Ignoring file as matched an ignore pattern: POR_R24_C1_Aligned.sortedByCoord.out.bam
[2026-05-25 13:29:25,792] multiqc                                            [DEBUG  ]  Ignoring file as matched an ignore pattern: POR_R3_H2_Aligned.sortedByCoord.out.bam
[2026-05-25 13:29:25,797] multiqc                                            [DEBUG  ]  File ignored by ccs/v4 because it exceeded search pattern filesize limit: POR_R3_C3_Log.progress.out
[2026-05-25 13:29:25,799] multiqc                                            [DEBUG  ]  File ignored by lima/summary because it exceeded search pattern filesize limit: POR_R3_C3_Log.progress.out
[2026-05-25 13:29:25,816] multiqc                                            [DEBUG  ]  File ignored by ccs/v4 because it exceeded search pattern filesize limit: POR_R24_H3_SJ.out.tab
[2026-05-25 13:29:25,818] multiqc                                            [DEBUG  ]  File ignored by hicexplorer because it exceeded search pattern filesize limit: POR_R24_H3_SJ.out.tab
[2026-05-25 13:29:25,818] multiqc                                            [DEBUG  ]  File ignored by lima/summary because it exceeded search pattern filesize limit: POR_R24_H3_SJ.out.tab
[2026-05-25 13:29:25,821] multiqc                                            [DEBUG  ]  File ignored by longranger/invocation because it exceeded search pattern filesize limit: POR_R24_H3_SJ.out.tab
[2026-05-25 13:29:25,831] multiqc                                            [DEBUG  ]  File ignored by nanostat because it exceeded search pattern filesize limit: POR_R24_H3_SJ.out.tab
[2026-05-25 13:29:25,843] multiqc                                            [DEBUG  ]  File ignored by ccs/v4 because it exceeded search pattern filesize limit: POR_R24_H3_Log.progress.out
[2026-05-25 13:29:25,845] multiqc                                            [DEBUG  ]  File ignored by lima/summary because it exceeded search pattern filesize limit: POR_R24_H3_Log.progress.out
[2026-05-25 13:29:25,858] multiqc                                            [DEBUG  ]  File ignored by ccs/v4 because it exceeded search pattern filesize limit: POR_R24_C2_Log.progress.out
[2026-05-25 13:29:25,860] multiqc                                            [DEBUG  ]  File ignored by lima/summary because it exceeded search pattern filesize limit: POR_R24_C2_Log.progress.out
[2026-05-25 13:29:25,875] multiqc                                            [DEBUG  ]  File ignored by ccs/v4 because it exceeded search pattern filesize limit: POR_R24_C1_SJ.out.tab
[2026-05-25 13:29:25,877] multiqc                                            [DEBUG  ]  File ignored by hicexplorer because it exceeded search pattern filesize limit: POR_R24_C1_SJ.out.tab
[2026-05-25 13:29:25,877] multiqc                                            [DEBUG  ]  File ignored by lima/summary because it exceeded search pattern filesize limit: POR_R24_C1_SJ.out.tab
[2026-05-25 13:29:25,880] multiqc                                            [DEBUG  ]  File ignored by longranger/invocation because it exceeded search pattern filesize limit: POR_R24_C1_SJ.out.tab
[2026-05-25 13:29:25,888] multiqc                                            [DEBUG  ]  File ignored by nanostat because it exceeded search pattern filesize limit: POR_R24_C1_SJ.out.tab
[2026-05-25 13:29:25,895] multiqc                                            [DEBUG  ]  File ignored by ccs/v4 because it exceeded search pattern filesize limit: POR_R1_C1_Log.out
[2026-05-25 13:29:25,897] multiqc                                            [DEBUG  ]  File ignored by hicexplorer because it exceeded search pattern filesize limit: POR_R1_C1_Log.out
[2026-05-25 13:29:25,898] multiqc                                            [DEBUG  ]  File ignored by lima/summary because it exceeded search pattern filesize limit: POR_R1_C1_Log.out
[2026-05-25 13:29:25,901] multiqc                                            [DEBUG  ]  File ignored by vep/vep_html because it exceeded search pattern filesize limit: POR_R1_C1_Log.out
[2026-05-25 13:29:25,901] multiqc                                            [DEBUG  ]  File ignored by vep/vep_txt because it exceeded search pattern filesize limit: POR_R1_C1_Log.out
[2026-05-25 13:29:25,901] multiqc                                            [DEBUG  ]  File ignored by longranger/invocation because it exceeded search pattern filesize limit: POR_R1_C1_Log.out
[2026-05-25 13:29:25,901] multiqc                                            [DEBUG  ]  File ignored by rockhopper because it exceeded search pattern filesize limit: POR_R1_C1_Log.out
[2026-05-25 13:29:25,901] multiqc                                            [DEBUG  ]  File ignored by rseqc/bam_stat because it exceeded search pattern filesize limit: POR_R1_C1_Log.out
[2026-05-25 13:29:25,901] multiqc                                            [DEBUG  ]  File ignored by rseqc/junction_annotation because it exceeded search pattern filesize limit: POR_R1_C1_Log.out
[2026-05-25 13:29:25,901] multiqc                                            [DEBUG  ]  File ignored by rseqc/read_distribution because it exceeded search pattern filesize limit: POR_R1_C1_Log.out
[2026-05-25 13:29:25,901] multiqc                                            [DEBUG  ]  File ignored by rseqc/infer_experiment because it exceeded search pattern filesize limit: POR_R1_C1_Log.out
[2026-05-25 13:29:25,918] multiqc                                            [DEBUG  ]  File ignored by stacks/sumstats because it exceeded search pattern filesize limit: POR_R1_C1_Log.out
[2026-05-25 13:29:26,521] multiqc                                            [DEBUG  ]  File ignored by nanostat because it exceeded search pattern filesize limit: POR_R1_C1_Log.out
[2026-05-25 13:29:26,557] multiqc                                            [DEBUG  ]  File ignored by ccs/v4 because it exceeded search pattern filesize limit: POR_R3_H2_Log.progress.out
[2026-05-25 13:29:26,559] multiqc                                            [DEBUG  ]  File ignored by lima/summary because it exceeded search pattern filesize limit: POR_R3_H2_Log.progress.out
[2026-05-25 13:29:26,573] multiqc                                            [DEBUG  ]  File ignored by ccs/v4 because it exceeded search pattern filesize limit: POR_R120_H2_Log.out
[2026-05-25 13:29:26,574] multiqc                                            [DEBUG  ]  File ignored by hicexplorer because it exceeded search pattern filesize limit: POR_R120_H2_Log.out
[2026-05-25 13:29:26,575] multiqc                                            [DEBUG  ]  File ignored by lima/summary because it exceeded search pattern filesize limit: POR_R120_H2_Log.out
[2026-05-25 13:29:26,578] multiqc                                            [DEBUG  ]  File ignored by vep/vep_html because it exceeded search pattern filesize limit: POR_R120_H2_Log.out
[2026-05-25 13:29:26,578] multiqc                                            [DEBUG  ]  File ignored by vep/vep_txt because it exceeded search pattern filesize limit: POR_R120_H2_Log.out
[2026-05-25 13:29:26,578] multiqc                                            [DEBUG  ]  File ignored by longranger/invocation because it exceeded search pattern filesize limit: POR_R120_H2_Log.out
[2026-05-25 13:29:26,578] multiqc                                            [DEBUG  ]  File ignored by rockhopper because it exceeded search pattern filesize limit: POR_R120_H2_Log.out
[2026-05-25 13:29:26,578] multiqc                                            [DEBUG  ]  File ignored by rseqc/bam_stat because it exceeded search pattern filesize limit: POR_R120_H2_Log.out
[2026-05-25 13:29:26,578] multiqc                                            [DEBUG  ]  File ignored by rseqc/junction_annotation because it exceeded search pattern filesize limit: POR_R120_H2_Log.out
[2026-05-25 13:29:26,578] multiqc                                            [DEBUG  ]  File ignored by rseqc/read_distribution because it exceeded search pattern filesize limit: POR_R120_H2_Log.out
[2026-05-25 13:29:26,578] multiqc                                            [DEBUG  ]  File ignored by rseqc/infer_experiment because it exceeded search pattern filesize limit: POR_R120_H2_Log.out
[2026-05-25 13:29:26,594] multiqc                                            [DEBUG  ]  File ignored by stacks/sumstats because it exceeded search pattern filesize limit: POR_R120_H2_Log.out
[2026-05-25 13:29:27,200] multiqc                                            [DEBUG  ]  File ignored by nanostat because it exceeded search pattern filesize limit: POR_R120_H2_Log.out
[2026-05-25 13:29:27,245] multiqc                                            [DEBUG  ]  File ignored by ccs/v4 because it exceeded search pattern filesize limit: POR_R24_H2_Log.progress.out
[2026-05-25 13:29:27,247] multiqc                                            [DEBUG  ]  File ignored by lima/summary because it exceeded search pattern filesize limit: POR_R24_H2_Log.progress.out
[2026-05-25 13:29:27,264] multiqc                                            [DEBUG  ]  File ignored by ccs/v4 because it exceeded search pattern filesize limit: POR_R24_H2_Log.out
[2026-05-25 13:29:27,266] multiqc                                            [DEBUG  ]  File ignored by hicexplorer because it exceeded search pattern filesize limit: POR_R24_H2_Log.out
[2026-05-25 13:29:27,266] multiqc                                            [DEBUG  ]  File ignored by lima/summary because it exceeded search pattern filesize limit: POR_R24_H2_Log.out
[2026-05-25 13:29:27,269] multiqc                                            [DEBUG  ]  File ignored by vep/vep_html because it exceeded search pattern filesize limit: POR_R24_H2_Log.out
[2026-05-25 13:29:27,269] multiqc                                            [DEBUG  ]  File ignored by vep/vep_txt because it exceeded search pattern filesize limit: POR_R24_H2_Log.out
[2026-05-25 13:29:27,269] multiqc                                            [DEBUG  ]  File ignored by longranger/invocation because it exceeded search pattern filesize limit: POR_R24_H2_Log.out
[2026-05-25 13:29:27,269] multiqc                                            [DEBUG  ]  File ignored by rockhopper because it exceeded search pattern filesize limit: POR_R24_H2_Log.out
[2026-05-25 13:29:27,269] multiqc                                            [DEBUG  ]  File ignored by rseqc/bam_stat because it exceeded search pattern filesize limit: POR_R24_H2_Log.out
[2026-05-25 13:29:27,269] multiqc                                            [DEBUG  ]  File ignored by rseqc/junction_annotation because it exceeded search pattern filesize limit: POR_R24_H2_Log.out
[2026-05-25 13:29:27,269] multiqc                                            [DEBUG  ]  File ignored by rseqc/read_distribution because it exceeded search pattern filesize limit: POR_R24_H2_Log.out
[2026-05-25 13:29:27,269] multiqc                                            [DEBUG  ]  File ignored by rseqc/infer_experiment because it exceeded search pattern filesize limit: POR_R24_H2_Log.out
[2026-05-25 13:29:27,286] multiqc                                            [DEBUG  ]  File ignored by stacks/sumstats because it exceeded search pattern filesize limit: POR_R24_H2_Log.out
[2026-05-25 13:29:27,936] multiqc                                            [DEBUG  ]  File ignored by nanostat because it exceeded search pattern filesize limit: POR_R24_H2_Log.out
[2026-05-25 13:29:27,975] multiqc                                            [DEBUG  ]  File ignored by ccs/v4 because it exceeded search pattern filesize limit: POR_R3_C2_Log.progress.out
[2026-05-25 13:29:27,977] multiqc                                            [DEBUG  ]  File ignored by lima/summary because it exceeded search pattern filesize limit: POR_R3_C2_Log.progress.out
[2026-05-25 13:29:27,979] multiqc                                            [DEBUG  ]  File ignored by longranger/invocation because it exceeded search pattern filesize limit: POR_R3_C2_Log.progress.out
[2026-05-25 13:29:27,986] multiqc                                            [DEBUG  ]  Ignoring file as matched an ignore pattern: POR_R1_H1_Aligned.sortedByCoord.out.bam
[2026-05-25 13:29:27,986] multiqc                                            [DEBUG  ]  Ignoring file as matched an ignore pattern: POR_R1_C3_Aligned.sortedByCoord.out.bam
[2026-05-25 13:29:27,992] multiqc                                            [DEBUG  ]  File ignored by ccs/v4 because it exceeded search pattern filesize limit: POR_R3_C3_SJ.out.tab
[2026-05-25 13:29:27,994] multiqc                                            [DEBUG  ]  File ignored by hicexplorer because it exceeded search pattern filesize limit: POR_R3_C3_SJ.out.tab
[2026-05-25 13:29:27,994] multiqc                                            [DEBUG  ]  File ignored by lima/summary because it exceeded search pattern filesize limit: POR_R3_C3_SJ.out.tab
[2026-05-25 13:29:27,997] multiqc                                            [DEBUG  ]  File ignored by longranger/invocation because it exceeded search pattern filesize limit: POR_R3_C3_SJ.out.tab
[2026-05-25 13:29:28,005] multiqc                                            [DEBUG  ]  File ignored by nanostat because it exceeded search pattern filesize limit: POR_R3_C3_SJ.out.tab
[2026-05-25 13:29:28,012] multiqc                                            [DEBUG  ]  File ignored by ccs/v4 because it exceeded search pattern filesize limit: POR_R120_C3_SJ.out.tab
[2026-05-25 13:29:28,013] multiqc                                            [DEBUG  ]  File ignored by hicexplorer because it exceeded search pattern filesize limit: POR_R120_C3_SJ.out.tab
[2026-05-25 13:29:28,014] multiqc                                            [DEBUG  ]  File ignored by lima/summary because it exceeded search pattern filesize limit: POR_R120_C3_SJ.out.tab
[2026-05-25 13:29:28,017] multiqc                                            [DEBUG  ]  File ignored by longranger/invocation because it exceeded search pattern filesize limit: POR_R120_C3_SJ.out.tab
[2026-05-25 13:29:28,025] multiqc                                            [DEBUG  ]  File ignored by nanostat because it exceeded search pattern filesize limit: POR_R120_C3_SJ.out.tab
[2026-05-25 13:29:28,039] multiqc                                            [DEBUG  ]  File ignored by ccs/v4 because it exceeded search pattern filesize limit: POR_R3_C1_Log.progress.out
[2026-05-25 13:29:28,041] multiqc                                            [DEBUG  ]  File ignored by lima/summary because it exceeded search pattern filesize limit: POR_R3_C1_Log.progress.out
[2026-05-25 13:29:28,057] multiqc                                            [DEBUG  ]  File ignored by ccs/v4 because it exceeded search pattern filesize limit: POR_R0_H2_SJ.out.tab
[2026-05-25 13:29:28,058] multiqc                                            [DEBUG  ]  File ignored by hicexplorer because it exceeded search pattern filesize limit: POR_R0_H2_SJ.out.tab
[2026-05-25 13:29:28,058] multiqc                                            [DEBUG  ]  File ignored by lima/summary because it exceeded search pattern filesize limit: POR_R0_H2_SJ.out.tab
[2026-05-25 13:29:28,062] multiqc                                            [DEBUG  ]  File ignored by longranger/invocation because it exceeded search pattern filesize limit: POR_R0_H2_SJ.out.tab
[2026-05-25 13:29:28,069] multiqc                                            [DEBUG  ]  File ignored by nanostat because it exceeded search pattern filesize limit: POR_R0_H2_SJ.out.tab
[2026-05-25 13:29:28,078] multiqc                                            [DEBUG  ]  File ignored by ccs/v4 because it exceeded search pattern filesize limit: POR_R0_H1_Log.out
[2026-05-25 13:29:28,080] multiqc                                            [DEBUG  ]  File ignored by hicexplorer because it exceeded search pattern filesize limit: POR_R0_H1_Log.out
[2026-05-25 13:29:28,081] multiqc                                            [DEBUG  ]  File ignored by lima/summary because it exceeded search pattern filesize limit: POR_R0_H1_Log.out
[2026-05-25 13:29:28,083] multiqc                                            [DEBUG  ]  File ignored by vep/vep_html because it exceeded search pattern filesize limit: POR_R0_H1_Log.out
[2026-05-25 13:29:28,083] multiqc                                            [DEBUG  ]  File ignored by vep/vep_txt because it exceeded search pattern filesize limit: POR_R0_H1_Log.out
[2026-05-25 13:29:28,083] multiqc                                            [DEBUG  ]  File ignored by longranger/invocation because it exceeded search pattern filesize limit: POR_R0_H1_Log.out
[2026-05-25 13:29:28,084] multiqc                                            [DEBUG  ]  File ignored by rockhopper because it exceeded search pattern filesize limit: POR_R0_H1_Log.out
[2026-05-25 13:29:28,084] multiqc                                            [DEBUG  ]  File ignored by rseqc/bam_stat because it exceeded search pattern filesize limit: POR_R0_H1_Log.out
[2026-05-25 13:29:28,084] multiqc                                            [DEBUG  ]  File ignored by rseqc/junction_annotation because it exceeded search pattern filesize limit: POR_R0_H1_Log.out
[2026-05-25 13:29:28,084] multiqc                                            [DEBUG  ]  File ignored by rseqc/read_distribution because it exceeded search pattern filesize limit: POR_R0_H1_Log.out
[2026-05-25 13:29:28,084] multiqc                                            [DEBUG  ]  File ignored by rseqc/infer_experiment because it exceeded search pattern filesize limit: POR_R0_H1_Log.out
[2026-05-25 13:29:28,100] multiqc                                            [DEBUG  ]  File ignored by stacks/sumstats because it exceeded search pattern filesize limit: POR_R0_H1_Log.out
[2026-05-25 13:29:28,710] multiqc                                            [DEBUG  ]  File ignored by nanostat because it exceeded search pattern filesize limit: POR_R0_H1_Log.out
[2026-05-25 13:29:28,754] multiqc                                            [DEBUG  ]  File ignored by ccs/v4 because it exceeded search pattern filesize limit: POR_R24_H1_Log.progress.out
[2026-05-25 13:29:28,756] multiqc                                            [DEBUG  ]  File ignored by lima/summary because it exceeded search pattern filesize limit: POR_R24_H1_Log.progress.out
[2026-05-25 13:29:28,778] multiqc                                            [DEBUG  ]  File ignored by ccs/v4 because it exceeded search pattern filesize limit: POR_R1_C1_SJ.out.tab
[2026-05-25 13:29:28,779] multiqc                                            [DEBUG  ]  File ignored by hicexplorer because it exceeded search pattern filesize limit: POR_R1_C1_SJ.out.tab
[2026-05-25 13:29:28,780] multiqc                                            [DEBUG  ]  File ignored by lima/summary because it exceeded search pattern filesize limit: POR_R1_C1_SJ.out.tab
[2026-05-25 13:29:28,783] multiqc                                            [DEBUG  ]  File ignored by longranger/invocation because it exceeded search pattern filesize limit: POR_R1_C1_SJ.out.tab
[2026-05-25 13:29:28,803] multiqc                                            [DEBUG  ]  File ignored by nanostat because it exceeded search pattern filesize limit: POR_R1_C1_SJ.out.tab
[2026-05-25 13:29:28,805] multiqc                                            [DEBUG  ]  Ignoring file as matched an ignore pattern: POR_R12_C2_Aligned.sortedByCoord.out.bam
[2026-05-25 13:29:28,810] multiqc                                            [DEBUG  ]  File ignored by ccs/v4 because it exceeded search pattern filesize limit: POR_R3_H1_Log.progress.out
[2026-05-25 13:29:28,812] multiqc                                            [DEBUG  ]  File ignored by lima/summary because it exceeded search pattern filesize limit: POR_R3_H1_Log.progress.out
[2026-05-25 13:29:28,815] multiqc                                            [DEBUG  ]  File ignored by longranger/invocation because it exceeded search pattern filesize limit: POR_R3_H1_Log.progress.out
[2026-05-25 13:29:28,832] multiqc                                            [DEBUG  ]  File ignored by ccs/v4 because it exceeded search pattern filesize limit: POR_R72_H3_Log.out
[2026-05-25 13:29:28,834] multiqc                                            [DEBUG  ]  File ignored by hicexplorer because it exceeded search pattern filesize limit: POR_R72_H3_Log.out
[2026-05-25 13:29:28,834] multiqc                                            [DEBUG  ]  File ignored by lima/summary because it exceeded search pattern filesize limit: POR_R72_H3_Log.out
[2026-05-25 13:29:28,837] multiqc                                            [DEBUG  ]  File ignored by vep/vep_html because it exceeded search pattern filesize limit: POR_R72_H3_Log.out
[2026-05-25 13:29:28,837] multiqc                                            [DEBUG  ]  File ignored by vep/vep_txt because it exceeded search pattern filesize limit: POR_R72_H3_Log.out
[2026-05-25 13:29:28,837] multiqc                                            [DEBUG  ]  File ignored by longranger/invocation because it exceeded search pattern filesize limit: POR_R72_H3_Log.out
[2026-05-25 13:29:28,837] multiqc                                            [DEBUG  ]  File ignored by rockhopper because it exceeded search pattern filesize limit: POR_R72_H3_Log.out
[2026-05-25 13:29:28,837] multiqc                                            [DEBUG  ]  File ignored by rseqc/bam_stat because it exceeded search pattern filesize limit: POR_R72_H3_Log.out
[2026-05-25 13:29:28,837] multiqc                                            [DEBUG  ]  File ignored by rseqc/junction_annotation because it exceeded search pattern filesize limit: POR_R72_H3_Log.out
[2026-05-25 13:29:28,837] multiqc                                            [DEBUG  ]  File ignored by rseqc/read_distribution because it exceeded search pattern filesize limit: POR_R72_H3_Log.out
[2026-05-25 13:29:28,838] multiqc                                            [DEBUG  ]  File ignored by rseqc/infer_experiment because it exceeded search pattern filesize limit: POR_R72_H3_Log.out
[2026-05-25 13:29:28,854] multiqc                                            [DEBUG  ]  File ignored by stacks/sumstats because it exceeded search pattern filesize limit: POR_R72_H3_Log.out
[2026-05-25 13:29:29,459] multiqc                                            [DEBUG  ]  File ignored by nanostat because it exceeded search pattern filesize limit: POR_R72_H3_Log.out
[2026-05-25 13:29:29,505] multiqc                                            [DEBUG  ]  File ignored by ccs/v4 because it exceeded search pattern filesize limit: POR_R3_H2_Log.out
[2026-05-25 13:29:29,507] multiqc                                            [DEBUG  ]  File ignored by hicexplorer because it exceeded search pattern filesize limit: POR_R3_H2_Log.out
[2026-05-25 13:29:29,507] multiqc                                            [DEBUG  ]  File ignored by lima/summary because it exceeded search pattern filesize limit: POR_R3_H2_Log.out
[2026-05-25 13:29:29,510] multiqc                                            [DEBUG  ]  File ignored by vep/vep_html because it exceeded search pattern filesize limit: POR_R3_H2_Log.out
[2026-05-25 13:29:29,510] multiqc                                            [DEBUG  ]  File ignored by vep/vep_txt because it exceeded search pattern filesize limit: POR_R3_H2_Log.out
[2026-05-25 13:29:29,510] multiqc                                            [DEBUG  ]  File ignored by longranger/invocation because it exceeded search pattern filesize limit: POR_R3_H2_Log.out
[2026-05-25 13:29:29,510] multiqc                                            [DEBUG  ]  File ignored by rockhopper because it exceeded search pattern filesize limit: POR_R3_H2_Log.out
[2026-05-25 13:29:29,511] multiqc                                            [DEBUG  ]  File ignored by rseqc/bam_stat because it exceeded search pattern filesize limit: POR_R3_H2_Log.out
[2026-05-25 13:29:29,511] multiqc                                            [DEBUG  ]  File ignored by rseqc/junction_annotation because it exceeded search pattern filesize limit: POR_R3_H2_Log.out
[2026-05-25 13:29:29,511] multiqc                                            [DEBUG  ]  File ignored by rseqc/read_distribution because it exceeded search pattern filesize limit: POR_R3_H2_Log.out
[2026-05-25 13:29:29,511] multiqc                                            [DEBUG  ]  File ignored by rseqc/infer_experiment because it exceeded search pattern filesize limit: POR_R3_H2_Log.out
[2026-05-25 13:29:29,527] multiqc                                            [DEBUG  ]  File ignored by stacks/sumstats because it exceeded search pattern filesize limit: POR_R3_H2_Log.out
[2026-05-25 13:29:30,150] multiqc                                            [DEBUG  ]  File ignored by nanostat because it exceeded search pattern filesize limit: POR_R3_H2_Log.out
[2026-05-25 13:29:30,190] multiqc                                            [DEBUG  ]  File ignored by ccs/v4 because it exceeded search pattern filesize limit: POR_R24_C1_Log.progress.out
[2026-05-25 13:29:30,192] multiqc                                            [DEBUG  ]  File ignored by lima/summary because it exceeded search pattern filesize limit: POR_R24_C1_Log.progress.out
[2026-05-25 13:29:30,211] multiqc                                            [DEBUG  ]  File ignored by ccs/v4 because it exceeded search pattern filesize limit: POR_R12_H3_SJ.out.tab
[2026-05-25 13:29:30,213] multiqc                                            [DEBUG  ]  File ignored by hicexplorer because it exceeded search pattern filesize limit: POR_R12_H3_SJ.out.tab
[2026-05-25 13:29:30,213] multiqc                                            [DEBUG  ]  File ignored by lima/summary because it exceeded search pattern filesize limit: POR_R12_H3_SJ.out.tab
[2026-05-25 13:29:30,216] multiqc                                            [DEBUG  ]  File ignored by longranger/invocation because it exceeded search pattern filesize limit: POR_R12_H3_SJ.out.tab
[2026-05-25 13:29:30,226] multiqc                                            [DEBUG  ]  File ignored by nanostat because it exceeded search pattern filesize limit: POR_R12_H3_SJ.out.tab
[2026-05-25 13:29:30,234] multiqc                                            [DEBUG  ]  File ignored by ccs/v4 because it exceeded search pattern filesize limit: POR_R0_C3_Log.out
[2026-05-25 13:29:30,236] multiqc                                            [DEBUG  ]  File ignored by hicexplorer because it exceeded search pattern filesize limit: POR_R0_C3_Log.out
[2026-05-25 13:29:30,236] multiqc                                            [DEBUG  ]  File ignored by lima/summary because it exceeded search pattern filesize limit: POR_R0_C3_Log.out
[2026-05-25 13:29:30,239] multiqc                                            [DEBUG  ]  File ignored by vep/vep_html because it exceeded search pattern filesize limit: POR_R0_C3_Log.out
[2026-05-25 13:29:30,239] multiqc                                            [DEBUG  ]  File ignored by vep/vep_txt because it exceeded search pattern filesize limit: POR_R0_C3_Log.out
[2026-05-25 13:29:30,240] multiqc                                            [DEBUG  ]  File ignored by longranger/invocation because it exceeded search pattern filesize limit: POR_R0_C3_Log.out
[2026-05-25 13:29:30,240] multiqc                                            [DEBUG  ]  File ignored by rockhopper because it exceeded search pattern filesize limit: POR_R0_C3_Log.out
[2026-05-25 13:29:30,240] multiqc                                            [DEBUG  ]  File ignored by rseqc/bam_stat because it exceeded search pattern filesize limit: POR_R0_C3_Log.out
[2026-05-25 13:29:30,240] multiqc                                            [DEBUG  ]  File ignored by rseqc/junction_annotation because it exceeded search pattern filesize limit: POR_R0_C3_Log.out
[2026-05-25 13:29:30,240] multiqc                                            [DEBUG  ]  File ignored by rseqc/read_distribution because it exceeded search pattern filesize limit: POR_R0_C3_Log.out
[2026-05-25 13:29:30,240] multiqc                                            [DEBUG  ]  File ignored by rseqc/infer_experiment because it exceeded search pattern filesize limit: POR_R0_C3_Log.out
[2026-05-25 13:29:30,256] multiqc                                            [DEBUG  ]  File ignored by stacks/sumstats because it exceeded search pattern filesize limit: POR_R0_C3_Log.out
[2026-05-25 13:29:30,912] multiqc                                            [DEBUG  ]  File ignored by nanostat because it exceeded search pattern filesize limit: POR_R0_C3_Log.out
[2026-05-25 13:29:30,953] multiqc                                            [DEBUG  ]  File ignored by ccs/v4 because it exceeded search pattern filesize limit: POR_R12_H2_Log.out
[2026-05-25 13:29:30,955] multiqc                                            [DEBUG  ]  File ignored by hicexplorer because it exceeded search pattern filesize limit: POR_R12_H2_Log.out
[2026-05-25 13:29:30,956] multiqc                                            [DEBUG  ]  File ignored by lima/summary because it exceeded search pattern filesize limit: POR_R12_H2_Log.out
[2026-05-25 13:29:30,959] multiqc                                            [DEBUG  ]  File ignored by vep/vep_html because it exceeded search pattern filesize limit: POR_R12_H2_Log.out
[2026-05-25 13:29:30,959] multiqc                                            [DEBUG  ]  File ignored by vep/vep_txt because it exceeded search pattern filesize limit: POR_R12_H2_Log.out
[2026-05-25 13:29:30,959] multiqc                                            [DEBUG  ]  File ignored by longranger/invocation because it exceeded search pattern filesize limit: POR_R12_H2_Log.out
[2026-05-25 13:29:30,959] multiqc                                            [DEBUG  ]  File ignored by rockhopper because it exceeded search pattern filesize limit: POR_R12_H2_Log.out
[2026-05-25 13:29:30,959] multiqc                                            [DEBUG  ]  File ignored by rseqc/bam_stat because it exceeded search pattern filesize limit: POR_R12_H2_Log.out
[2026-05-25 13:29:30,959] multiqc                                            [DEBUG  ]  File ignored by rseqc/junction_annotation because it exceeded search pattern filesize limit: POR_R12_H2_Log.out
[2026-05-25 13:29:30,959] multiqc                                            [DEBUG  ]  File ignored by rseqc/read_distribution because it exceeded search pattern filesize limit: POR_R12_H2_Log.out
[2026-05-25 13:29:30,959] multiqc                                            [DEBUG  ]  File ignored by rseqc/infer_experiment because it exceeded search pattern filesize limit: POR_R12_H2_Log.out
[2026-05-25 13:29:30,976] multiqc                                            [DEBUG  ]  File ignored by stacks/sumstats because it exceeded search pattern filesize limit: POR_R12_H2_Log.out
[2026-05-25 13:29:31,597] multiqc                                            [DEBUG  ]  File ignored by nanostat because it exceeded search pattern filesize limit: POR_R12_H2_Log.out
[2026-05-25 13:29:31,649] multiqc                                            [DEBUG  ]  File ignored by ccs/v4 because it exceeded search pattern filesize limit: POR_R72_H2_SJ.out.tab
[2026-05-25 13:29:31,651] multiqc                                            [DEBUG  ]  File ignored by hicexplorer because it exceeded search pattern filesize limit: POR_R72_H2_SJ.out.tab
[2026-05-25 13:29:31,651] multiqc                                            [DEBUG  ]  File ignored by lima/summary because it exceeded search pattern filesize limit: POR_R72_H2_SJ.out.tab
[2026-05-25 13:29:31,654] multiqc                                            [DEBUG  ]  File ignored by longranger/invocation because it exceeded search pattern filesize limit: POR_R72_H2_SJ.out.tab
[2026-05-25 13:29:31,673] multiqc                                            [DEBUG  ]  File ignored by nanostat because it exceeded search pattern filesize limit: POR_R72_H2_SJ.out.tab
[2026-05-25 13:29:31,675] multiqc                                            [DEBUG  ]  Ignoring file as matched an ignore pattern: POR_R0_C2_Aligned.sortedByCoord.out.bam
[2026-05-25 13:29:31,680] multiqc                                            [DEBUG  ]  File ignored by ccs/v4 because it exceeded search pattern filesize limit: POR_R12_C1_SJ.out.tab
[2026-05-25 13:29:31,681] multiqc                                            [DEBUG  ]  File ignored by hicexplorer because it exceeded search pattern filesize limit: POR_R12_C1_SJ.out.tab
[2026-05-25 13:29:31,682] multiqc                                            [DEBUG  ]  File ignored by lima/summary because it exceeded search pattern filesize limit: POR_R12_C1_SJ.out.tab
[2026-05-25 13:29:31,685] multiqc                                            [DEBUG  ]  File ignored by longranger/invocation because it exceeded search pattern filesize limit: POR_R12_C1_SJ.out.tab
[2026-05-25 13:29:31,693] multiqc                                            [DEBUG  ]  File ignored by nanostat because it exceeded search pattern filesize limit: POR_R12_C1_SJ.out.tab
[2026-05-25 13:29:31,701] multiqc                                            [DEBUG  ]  File ignored by ccs/v4 because it exceeded search pattern filesize limit: POR_R120_H1_SJ.out.tab
[2026-05-25 13:29:31,703] multiqc                                            [DEBUG  ]  File ignored by hicexplorer because it exceeded search pattern filesize limit: POR_R120_H1_SJ.out.tab
[2026-05-25 13:29:31,703] multiqc                                            [DEBUG  ]  File ignored by lima/summary because it exceeded search pattern filesize limit: POR_R120_H1_SJ.out.tab
[2026-05-25 13:29:31,707] multiqc                                            [DEBUG  ]  File ignored by longranger/invocation because it exceeded search pattern filesize limit: POR_R120_H1_SJ.out.tab
[2026-05-25 13:29:31,724] multiqc                                            [DEBUG  ]  File ignored by nanostat because it exceeded search pattern filesize limit: POR_R120_H1_SJ.out.tab
[2026-05-25 13:29:31,726] multiqc                                            [DEBUG  ]  Ignoring file as matched an ignore pattern: POR_R120_C3_Aligned.sortedByCoord.out.bam
[2026-05-25 13:29:31,738] multiqc                                            [DEBUG  ]  File ignored by ccs/v4 because it exceeded search pattern filesize limit: POR_R72_C1_Log.out
[2026-05-25 13:29:31,740] multiqc                                            [DEBUG  ]  File ignored by hicexplorer because it exceeded search pattern filesize limit: POR_R72_C1_Log.out
[2026-05-25 13:29:31,740] multiqc                                            [DEBUG  ]  File ignored by lima/summary because it exceeded search pattern filesize limit: POR_R72_C1_Log.out
[2026-05-25 13:29:31,744] multiqc                                            [DEBUG  ]  File ignored by vep/vep_html because it exceeded search pattern filesize limit: POR_R72_C1_Log.out
[2026-05-25 13:29:31,744] multiqc                                            [DEBUG  ]  File ignored by vep/vep_txt because it exceeded search pattern filesize limit: POR_R72_C1_Log.out
[2026-05-25 13:29:31,744] multiqc                                            [DEBUG  ]  File ignored by longranger/invocation because it exceeded search pattern filesize limit: POR_R72_C1_Log.out
[2026-05-25 13:29:31,744] multiqc                                            [DEBUG  ]  File ignored by rockhopper because it exceeded search pattern filesize limit: POR_R72_C1_Log.out
[2026-05-25 13:29:31,744] multiqc                                            [DEBUG  ]  File ignored by rseqc/bam_stat because it exceeded search pattern filesize limit: POR_R72_C1_Log.out
[2026-05-25 13:29:31,744] multiqc                                            [DEBUG  ]  File ignored by rseqc/junction_annotation because it exceeded search pattern filesize limit: POR_R72_C1_Log.out
[2026-05-25 13:29:31,744] multiqc                                            [DEBUG  ]  File ignored by rseqc/read_distribution because it exceeded search pattern filesize limit: POR_R72_C1_Log.out
[2026-05-25 13:29:31,744] multiqc                                            [DEBUG  ]  File ignored by rseqc/infer_experiment because it exceeded search pattern filesize limit: POR_R72_C1_Log.out
[2026-05-25 13:29:31,761] multiqc                                            [DEBUG  ]  File ignored by stacks/sumstats because it exceeded search pattern filesize limit: POR_R72_C1_Log.out
[2026-05-25 13:29:32,404] multiqc                                            [DEBUG  ]  File ignored by nanostat because it exceeded search pattern filesize limit: POR_R72_C1_Log.out
[2026-05-25 13:29:32,440] multiqc                                            [DEBUG  ]  Ignoring file as matched an ignore pattern: POR_R120_H1_Aligned.sortedByCoord.out.bam
[2026-05-25 13:29:32,442] multiqc                                            [DEBUG  ]  Ignoring file as matched an ignore pattern: POR_R72_C2_Aligned.sortedByCoord.out.bam
[2026-05-25 13:29:32,452] multiqc                                            [DEBUG  ]  File ignored by ccs/v4 because it exceeded search pattern filesize limit: POR_R1_H3_SJ.out.tab
[2026-05-25 13:29:32,454] multiqc                                            [DEBUG  ]  File ignored by hicexplorer because it exceeded search pattern filesize limit: POR_R1_H3_SJ.out.tab
[2026-05-25 13:29:32,454] multiqc                                            [DEBUG  ]  File ignored by lima/summary because it exceeded search pattern filesize limit: POR_R1_H3_SJ.out.tab
[2026-05-25 13:29:32,458] multiqc                                            [DEBUG  ]  File ignored by longranger/invocation because it exceeded search pattern filesize limit: POR_R1_H3_SJ.out.tab
[2026-05-25 13:29:32,468] multiqc                                            [DEBUG  ]  File ignored by nanostat because it exceeded search pattern filesize limit: POR_R1_H3_SJ.out.tab
[2026-05-25 13:29:32,476] multiqc                                            [DEBUG  ]  File ignored by ccs/v4 because it exceeded search pattern filesize limit: POR_R12_C1_Log.out
[2026-05-25 13:29:32,478] multiqc                                            [DEBUG  ]  File ignored by hicexplorer because it exceeded search pattern filesize limit: POR_R12_C1_Log.out
[2026-05-25 13:29:32,478] multiqc                                            [DEBUG  ]  File ignored by lima/summary because it exceeded search pattern filesize limit: POR_R12_C1_Log.out
[2026-05-25 13:29:32,481] multiqc                                            [DEBUG  ]  File ignored by vep/vep_html because it exceeded search pattern filesize limit: POR_R12_C1_Log.out
[2026-05-25 13:29:32,481] multiqc                                            [DEBUG  ]  File ignored by vep/vep_txt because it exceeded search pattern filesize limit: POR_R12_C1_Log.out
[2026-05-25 13:29:32,481] multiqc                                            [DEBUG  ]  File ignored by longranger/invocation because it exceeded search pattern filesize limit: POR_R12_C1_Log.out
[2026-05-25 13:29:32,481] multiqc                                            [DEBUG  ]  File ignored by rockhopper because it exceeded search pattern filesize limit: POR_R12_C1_Log.out
[2026-05-25 13:29:32,482] multiqc                                            [DEBUG  ]  File ignored by rseqc/bam_stat because it exceeded search pattern filesize limit: POR_R12_C1_Log.out
[2026-05-25 13:29:32,482] multiqc                                            [DEBUG  ]  File ignored by rseqc/junction_annotation because it exceeded search pattern filesize limit: POR_R12_C1_Log.out
[2026-05-25 13:29:32,482] multiqc                                            [DEBUG  ]  File ignored by rseqc/read_distribution because it exceeded search pattern filesize limit: POR_R12_C1_Log.out
[2026-05-25 13:29:32,482] multiqc                                            [DEBUG  ]  File ignored by rseqc/infer_experiment because it exceeded search pattern filesize limit: POR_R12_C1_Log.out
[2026-05-25 13:29:32,498] multiqc                                            [DEBUG  ]  File ignored by stacks/sumstats because it exceeded search pattern filesize limit: POR_R12_C1_Log.out
[2026-05-25 13:29:33,148] multiqc                                            [DEBUG  ]  File ignored by nanostat because it exceeded search pattern filesize limit: POR_R12_C1_Log.out
[2026-05-25 13:29:33,195] multiqc                                            [DEBUG  ]  File ignored by ccs/v4 because it exceeded search pattern filesize limit: POR_R24_H1_SJ.out.tab
[2026-05-25 13:29:33,196] multiqc                                            [DEBUG  ]  File ignored by hicexplorer because it exceeded search pattern filesize limit: POR_R24_H1_SJ.out.tab
[2026-05-25 13:29:33,197] multiqc                                            [DEBUG  ]  File ignored by lima/summary because it exceeded search pattern filesize limit: POR_R24_H1_SJ.out.tab
[2026-05-25 13:29:33,200] multiqc                                            [DEBUG  ]  File ignored by longranger/invocation because it exceeded search pattern filesize limit: POR_R24_H1_SJ.out.tab
[2026-05-25 13:29:33,209] multiqc                                            [DEBUG  ]  File ignored by nanostat because it exceeded search pattern filesize limit: POR_R24_H1_SJ.out.tab
[2026-05-25 13:29:33,215] multiqc                                            [DEBUG  ]  File ignored by ccs/v4 because it exceeded search pattern filesize limit: POR_R12_H1_Log.progress.out
[2026-05-25 13:29:33,217] multiqc                                            [DEBUG  ]  File ignored by lima/summary because it exceeded search pattern filesize limit: POR_R12_H1_Log.progress.out
[2026-05-25 13:29:33,230] multiqc                                            [DEBUG  ]  File ignored by ccs/v4 because it exceeded search pattern filesize limit: POR_R72_H2_Log.progress.out
[2026-05-25 13:29:33,232] multiqc                                            [DEBUG  ]  File ignored by lima/summary because it exceeded search pattern filesize limit: POR_R72_H2_Log.progress.out
[2026-05-25 13:29:33,248] multiqc                                            [DEBUG  ]  File ignored by ccs/v4 because it exceeded search pattern filesize limit: POR_R0_C2_Log.progress.out
[2026-05-25 13:29:33,253] multiqc                                            [DEBUG  ]  File ignored by lima/summary because it exceeded search pattern filesize limit: POR_R0_C2_Log.progress.out
[2026-05-25 13:29:33,264] multiqc                                            [DEBUG  ]  Ignoring file as matched an ignore pattern: POR_R24_H2_Aligned.sortedByCoord.out.bam
[2026-05-25 13:29:33,264] multiqc                                            [DEBUG  ]  Ignoring file as matched an ignore pattern: POR_R3_C1_Aligned.sortedByCoord.out.bam
[2026-05-25 13:29:33,274] multiqc                                            [DEBUG  ]  File ignored by ccs/v4 because it exceeded search pattern filesize limit: POR_R72_C2_Log.progress.out
[2026-05-25 13:29:33,275] multiqc                                            [DEBUG  ]  File ignored by lima/summary because it exceeded search pattern filesize limit: POR_R72_C2_Log.progress.out
[2026-05-25 13:29:33,289] multiqc                                            [DEBUG  ]  File ignored by ccs/v4 because it exceeded search pattern filesize limit: POR_R12_C1_Log.progress.out
[2026-05-25 13:29:33,291] multiqc                                            [DEBUG  ]  File ignored by lima/summary because it exceeded search pattern filesize limit: POR_R12_C1_Log.progress.out
[2026-05-25 13:29:33,305] multiqc                                            [DEBUG  ]  File ignored by ccs/v4 because it exceeded search pattern filesize limit: POR_R3_H3_Log.out
[2026-05-25 13:29:33,307] multiqc                                            [DEBUG  ]  File ignored by hicexplorer because it exceeded search pattern filesize limit: POR_R3_H3_Log.out
[2026-05-25 13:29:33,307] multiqc                                            [DEBUG  ]  File ignored by lima/summary because it exceeded search pattern filesize limit: POR_R3_H3_Log.out
[2026-05-25 13:29:33,310] multiqc                                            [DEBUG  ]  File ignored by vep/vep_html because it exceeded search pattern filesize limit: POR_R3_H3_Log.out
[2026-05-25 13:29:33,310] multiqc                                            [DEBUG  ]  File ignored by vep/vep_txt because it exceeded search pattern filesize limit: POR_R3_H3_Log.out
[2026-05-25 13:29:33,311] multiqc                                            [DEBUG  ]  File ignored by longranger/invocation because it exceeded search pattern filesize limit: POR_R3_H3_Log.out
[2026-05-25 13:29:33,311] multiqc                                            [DEBUG  ]  File ignored by rockhopper because it exceeded search pattern filesize limit: POR_R3_H3_Log.out
[2026-05-25 13:29:33,311] multiqc                                            [DEBUG  ]  File ignored by rseqc/bam_stat because it exceeded search pattern filesize limit: POR_R3_H3_Log.out
[2026-05-25 13:29:33,311] multiqc                                            [DEBUG  ]  File ignored by rseqc/junction_annotation because it exceeded search pattern filesize limit: POR_R3_H3_Log.out
[2026-05-25 13:29:33,311] multiqc                                            [DEBUG  ]  File ignored by rseqc/read_distribution because it exceeded search pattern filesize limit: POR_R3_H3_Log.out
[2026-05-25 13:29:33,311] multiqc                                            [DEBUG  ]  File ignored by rseqc/infer_experiment because it exceeded search pattern filesize limit: POR_R3_H3_Log.out
[2026-05-25 13:29:33,327] multiqc                                            [DEBUG  ]  File ignored by stacks/sumstats because it exceeded search pattern filesize limit: POR_R3_H3_Log.out
[2026-05-25 13:29:33,983] multiqc                                            [DEBUG  ]  File ignored by nanostat because it exceeded search pattern filesize limit: POR_R3_H3_Log.out
[2026-05-25 13:29:34,024] multiqc                                            [DEBUG  ]  File ignored by ccs/v4 because it exceeded search pattern filesize limit: POR_R72_H2_Log.out
[2026-05-25 13:29:34,027] multiqc                                            [DEBUG  ]  File ignored by hicexplorer because it exceeded search pattern filesize limit: POR_R72_H2_Log.out
[2026-05-25 13:29:34,027] multiqc                                            [DEBUG  ]  File ignored by lima/summary because it exceeded search pattern filesize limit: POR_R72_H2_Log.out
[2026-05-25 13:29:34,030] multiqc                                            [DEBUG  ]  File ignored by vep/vep_html because it exceeded search pattern filesize limit: POR_R72_H2_Log.out
[2026-05-25 13:29:34,030] multiqc                                            [DEBUG  ]  File ignored by vep/vep_txt because it exceeded search pattern filesize limit: POR_R72_H2_Log.out
[2026-05-25 13:29:34,030] multiqc                                            [DEBUG  ]  File ignored by longranger/invocation because it exceeded search pattern filesize limit: POR_R72_H2_Log.out
[2026-05-25 13:29:34,031] multiqc                                            [DEBUG  ]  File ignored by rockhopper because it exceeded search pattern filesize limit: POR_R72_H2_Log.out
[2026-05-25 13:29:34,031] multiqc                                            [DEBUG  ]  File ignored by rseqc/bam_stat because it exceeded search pattern filesize limit: POR_R72_H2_Log.out
[2026-05-25 13:29:34,031] multiqc                                            [DEBUG  ]  File ignored by rseqc/junction_annotation because it exceeded search pattern filesize limit: POR_R72_H2_Log.out
[2026-05-25 13:29:34,031] multiqc                                            [DEBUG  ]  File ignored by rseqc/read_distribution because it exceeded search pattern filesize limit: POR_R72_H2_Log.out
[2026-05-25 13:29:34,031] multiqc                                            [DEBUG  ]  File ignored by rseqc/infer_experiment because it exceeded search pattern filesize limit: POR_R72_H2_Log.out
[2026-05-25 13:29:34,053] multiqc                                            [DEBUG  ]  File ignored by stacks/sumstats because it exceeded search pattern filesize limit: POR_R72_H2_Log.out
[2026-05-25 13:29:34,710] multiqc                                            [DEBUG  ]  File ignored by nanostat because it exceeded search pattern filesize limit: POR_R72_H2_Log.out
[2026-05-25 13:29:34,754] multiqc                                            [DEBUG  ]  Ignoring file as matched an ignore pattern: POR_R3_H3_Aligned.sortedByCoord.out.bam
[2026-05-25 13:29:34,760] multiqc                                            [DEBUG  ]  File ignored by ccs/v4 because it exceeded search pattern filesize limit: POR_R3_H3_SJ.out.tab
[2026-05-25 13:29:34,761] multiqc                                            [DEBUG  ]  File ignored by hicexplorer because it exceeded search pattern filesize limit: POR_R3_H3_SJ.out.tab
[2026-05-25 13:29:34,762] multiqc                                            [DEBUG  ]  File ignored by lima/summary because it exceeded search pattern filesize limit: POR_R3_H3_SJ.out.tab
[2026-05-25 13:29:34,765] multiqc                                            [DEBUG  ]  File ignored by longranger/invocation because it exceeded search pattern filesize limit: POR_R3_H3_SJ.out.tab
[2026-05-25 13:29:34,774] multiqc                                            [DEBUG  ]  File ignored by nanostat because it exceeded search pattern filesize limit: POR_R3_H3_SJ.out.tab
[2026-05-25 13:29:34,781] multiqc                                            [DEBUG  ]  File ignored by ccs/v4 because it exceeded search pattern filesize limit: POR_R0_H2_Log.progress.out
[2026-05-25 13:29:34,783] multiqc                                            [DEBUG  ]  File ignored by lima/summary because it exceeded search pattern filesize limit: POR_R0_H2_Log.progress.out
[2026-05-25 13:29:34,796] multiqc                                            [DEBUG  ]  File ignored by ccs/v4 because it exceeded search pattern filesize limit: POR_R0_C3_Log.progress.out
[2026-05-25 13:29:34,797] multiqc                                            [DEBUG  ]  File ignored by lima/summary because it exceeded search pattern filesize limit: POR_R0_C3_Log.progress.out
[2026-05-25 13:29:34,812] multiqc                                            [DEBUG  ]  File ignored by ccs/v4 because it exceeded search pattern filesize limit: POR_R3_C1_SJ.out.tab
[2026-05-25 13:29:34,814] multiqc                                            [DEBUG  ]  File ignored by hicexplorer because it exceeded search pattern filesize limit: POR_R3_C1_SJ.out.tab
[2026-05-25 13:29:34,814] multiqc                                            [DEBUG  ]  File ignored by lima/summary because it exceeded search pattern filesize limit: POR_R3_C1_SJ.out.tab
[2026-05-25 13:29:34,818] multiqc                                            [DEBUG  ]  File ignored by longranger/invocation because it exceeded search pattern filesize limit: POR_R3_C1_SJ.out.tab
[2026-05-25 13:29:34,826] multiqc                                            [DEBUG  ]  File ignored by nanostat because it exceeded search pattern filesize limit: POR_R3_C1_SJ.out.tab
[2026-05-25 13:29:34,831] multiqc                                            [DEBUG  ]  File ignored by ccs/v4 because it exceeded search pattern filesize limit: POR_R72_H3_Log.progress.out
[2026-05-25 13:29:34,833] multiqc                                            [DEBUG  ]  File ignored by lima/summary because it exceeded search pattern filesize limit: POR_R72_H3_Log.progress.out
[2026-05-25 13:29:34,847] multiqc                                            [DEBUG  ]  File ignored by ccs/v4 because it exceeded search pattern filesize limit: POR_R12_H3_Log.out
[2026-05-25 13:29:34,849] multiqc                                            [DEBUG  ]  File ignored by hicexplorer because it exceeded search pattern filesize limit: POR_R12_H3_Log.out
[2026-05-25 13:29:34,849] multiqc                                            [DEBUG  ]  File ignored by lima/summary because it exceeded search pattern filesize limit: POR_R12_H3_Log.out
[2026-05-25 13:29:34,852] multiqc                                            [DEBUG  ]  File ignored by vep/vep_html because it exceeded search pattern filesize limit: POR_R12_H3_Log.out
[2026-05-25 13:29:34,852] multiqc                                            [DEBUG  ]  File ignored by vep/vep_txt because it exceeded search pattern filesize limit: POR_R12_H3_Log.out
[2026-05-25 13:29:34,852] multiqc                                            [DEBUG  ]  File ignored by longranger/invocation because it exceeded search pattern filesize limit: POR_R12_H3_Log.out
[2026-05-25 13:29:34,852] multiqc                                            [DEBUG  ]  File ignored by rockhopper because it exceeded search pattern filesize limit: POR_R12_H3_Log.out
[2026-05-25 13:29:34,852] multiqc                                            [DEBUG  ]  File ignored by rseqc/bam_stat because it exceeded search pattern filesize limit: POR_R12_H3_Log.out
[2026-05-25 13:29:34,852] multiqc                                            [DEBUG  ]  File ignored by rseqc/junction_annotation because it exceeded search pattern filesize limit: POR_R12_H3_Log.out
[2026-05-25 13:29:34,853] multiqc                                            [DEBUG  ]  File ignored by rseqc/read_distribution because it exceeded search pattern filesize limit: POR_R12_H3_Log.out
[2026-05-25 13:29:34,853] multiqc                                            [DEBUG  ]  File ignored by rseqc/infer_experiment because it exceeded search pattern filesize limit: POR_R12_H3_Log.out
[2026-05-25 13:29:34,874] multiqc                                            [DEBUG  ]  File ignored by stacks/sumstats because it exceeded search pattern filesize limit: POR_R12_H3_Log.out
[2026-05-25 13:29:35,525] multiqc                                            [DEBUG  ]  File ignored by nanostat because it exceeded search pattern filesize limit: POR_R12_H3_Log.out
[2026-05-25 13:29:35,571] multiqc                                            [DEBUG  ]  File ignored by ccs/v4 because it exceeded search pattern filesize limit: POR_R0_C2_Log.out
[2026-05-25 13:29:35,573] multiqc                                            [DEBUG  ]  File ignored by hicexplorer because it exceeded search pattern filesize limit: POR_R0_C2_Log.out
[2026-05-25 13:29:35,573] multiqc                                            [DEBUG  ]  File ignored by lima/summary because it exceeded search pattern filesize limit: POR_R0_C2_Log.out
[2026-05-25 13:29:35,576] multiqc                                            [DEBUG  ]  File ignored by vep/vep_html because it exceeded search pattern filesize limit: POR_R0_C2_Log.out
[2026-05-25 13:29:35,576] multiqc                                            [DEBUG  ]  File ignored by vep/vep_txt because it exceeded search pattern filesize limit: POR_R0_C2_Log.out
[2026-05-25 13:29:35,577] multiqc                                            [DEBUG  ]  File ignored by longranger/invocation because it exceeded search pattern filesize limit: POR_R0_C2_Log.out
[2026-05-25 13:29:35,577] multiqc                                            [DEBUG  ]  File ignored by rockhopper because it exceeded search pattern filesize limit: POR_R0_C2_Log.out
[2026-05-25 13:29:35,577] multiqc                                            [DEBUG  ]  File ignored by rseqc/bam_stat because it exceeded search pattern filesize limit: POR_R0_C2_Log.out
[2026-05-25 13:29:35,577] multiqc                                            [DEBUG  ]  File ignored by rseqc/junction_annotation because it exceeded search pattern filesize limit: POR_R0_C2_Log.out
[2026-05-25 13:29:35,577] multiqc                                            [DEBUG  ]  File ignored by rseqc/read_distribution because it exceeded search pattern filesize limit: POR_R0_C2_Log.out
[2026-05-25 13:29:35,577] multiqc                                            [DEBUG  ]  File ignored by rseqc/infer_experiment because it exceeded search pattern filesize limit: POR_R0_C2_Log.out
[2026-05-25 13:29:35,593] multiqc                                            [DEBUG  ]  File ignored by stacks/sumstats because it exceeded search pattern filesize limit: POR_R0_C2_Log.out
[2026-05-25 13:29:36,221] multiqc                                            [DEBUG  ]  File ignored by nanostat because it exceeded search pattern filesize limit: POR_R0_C2_Log.out
[2026-05-25 13:29:36,270] multiqc                                            [DEBUG  ]  File ignored by ccs/v4 because it exceeded search pattern filesize limit: POR_R24_C3_SJ.out.tab
[2026-05-25 13:29:36,272] multiqc                                            [DEBUG  ]  File ignored by hicexplorer because it exceeded search pattern filesize limit: POR_R24_C3_SJ.out.tab
[2026-05-25 13:29:36,272] multiqc                                            [DEBUG  ]  File ignored by lima/summary because it exceeded search pattern filesize limit: POR_R24_C3_SJ.out.tab
[2026-05-25 13:29:36,275] multiqc                                            [DEBUG  ]  File ignored by longranger/invocation because it exceeded search pattern filesize limit: POR_R24_C3_SJ.out.tab
[2026-05-25 13:29:36,285] multiqc                                            [DEBUG  ]  File ignored by nanostat because it exceeded search pattern filesize limit: POR_R24_C3_SJ.out.tab
[2026-05-25 13:29:36,290] multiqc                                            [DEBUG  ]  File ignored by ccs/v4 because it exceeded search pattern filesize limit: POR_R0_H3_Log.progress.out
[2026-05-25 13:29:36,292] multiqc                                            [DEBUG  ]  File ignored by lima/summary because it exceeded search pattern filesize limit: POR_R0_H3_Log.progress.out
[2026-05-25 13:29:36,302] multiqc                                            [DEBUG  ]  Ignoring file as matched an ignore pattern: POR_R1_C2_Aligned.sortedByCoord.out.bam
[2026-05-25 13:29:36,310] multiqc                                            [DEBUG  ]  File ignored by ccs/v4 because it exceeded search pattern filesize limit: POR_R3_C1_Log.out
[2026-05-25 13:29:36,311] multiqc                                            [DEBUG  ]  File ignored by hicexplorer because it exceeded search pattern filesize limit: POR_R3_C1_Log.out
[2026-05-25 13:29:36,312] multiqc                                            [DEBUG  ]  File ignored by lima/summary because it exceeded search pattern filesize limit: POR_R3_C1_Log.out
[2026-05-25 13:29:36,315] multiqc                                            [DEBUG  ]  File ignored by vep/vep_html because it exceeded search pattern filesize limit: POR_R3_C1_Log.out
[2026-05-25 13:29:36,315] multiqc                                            [DEBUG  ]  File ignored by vep/vep_txt because it exceeded search pattern filesize limit: POR_R3_C1_Log.out
[2026-05-25 13:29:36,315] multiqc                                            [DEBUG  ]  File ignored by longranger/invocation because it exceeded search pattern filesize limit: POR_R3_C1_Log.out
[2026-05-25 13:29:36,315] multiqc                                            [DEBUG  ]  File ignored by rockhopper because it exceeded search pattern filesize limit: POR_R3_C1_Log.out
[2026-05-25 13:29:36,315] multiqc                                            [DEBUG  ]  File ignored by rseqc/bam_stat because it exceeded search pattern filesize limit: POR_R3_C1_Log.out
[2026-05-25 13:29:36,315] multiqc                                            [DEBUG  ]  File ignored by rseqc/junction_annotation because it exceeded search pattern filesize limit: POR_R3_C1_Log.out
[2026-05-25 13:29:36,315] multiqc                                            [DEBUG  ]  File ignored by rseqc/read_distribution because it exceeded search pattern filesize limit: POR_R3_C1_Log.out
[2026-05-25 13:29:36,315] multiqc                                            [DEBUG  ]  File ignored by rseqc/infer_experiment because it exceeded search pattern filesize limit: POR_R3_C1_Log.out
[2026-05-25 13:29:36,331] multiqc                                            [DEBUG  ]  File ignored by stacks/sumstats because it exceeded search pattern filesize limit: POR_R3_C1_Log.out
[2026-05-25 13:29:36,984] multiqc                                            [DEBUG  ]  File ignored by nanostat because it exceeded search pattern filesize limit: POR_R3_C1_Log.out
[2026-05-25 13:29:37,024] multiqc                                            [DEBUG  ]  File ignored by ccs/v4 because it exceeded search pattern filesize limit: POR_R72_C3_Log.progress.out
[2026-05-25 13:29:37,026] multiqc                                            [DEBUG  ]  File ignored by lima/summary because it exceeded search pattern filesize limit: POR_R72_C3_Log.progress.out
[2026-05-25 13:29:37,041] multiqc                                            [DEBUG  ]  File ignored by ccs/v4 because it exceeded search pattern filesize limit: POR_R12_C3_Log.progress.out
[2026-05-25 13:29:37,043] multiqc                                            [DEBUG  ]  File ignored by lima/summary because it exceeded search pattern filesize limit: POR_R12_C3_Log.progress.out
[2026-05-25 13:29:37,065] multiqc                                            [DEBUG  ]  File ignored by ccs/v4 because it exceeded search pattern filesize limit: POR_R1_H2_Log.out
[2026-05-25 13:29:37,067] multiqc                                            [DEBUG  ]  File ignored by hicexplorer because it exceeded search pattern filesize limit: POR_R1_H2_Log.out
[2026-05-25 13:29:37,067] multiqc                                            [DEBUG  ]  File ignored by lima/summary because it exceeded search pattern filesize limit: POR_R1_H2_Log.out
[2026-05-25 13:29:37,070] multiqc                                            [DEBUG  ]  File ignored by vep/vep_html because it exceeded search pattern filesize limit: POR_R1_H2_Log.out
[2026-05-25 13:29:37,070] multiqc                                            [DEBUG  ]  File ignored by vep/vep_txt because it exceeded search pattern filesize limit: POR_R1_H2_Log.out
[2026-05-25 13:29:37,071] multiqc                                            [DEBUG  ]  File ignored by longranger/invocation because it exceeded search pattern filesize limit: POR_R1_H2_Log.out
[2026-05-25 13:29:37,071] multiqc                                            [DEBUG  ]  File ignored by rockhopper because it exceeded search pattern filesize limit: POR_R1_H2_Log.out
[2026-05-25 13:29:37,071] multiqc                                            [DEBUG  ]  File ignored by rseqc/bam_stat because it exceeded search pattern filesize limit: POR_R1_H2_Log.out
[2026-05-25 13:29:37,071] multiqc                                            [DEBUG  ]  File ignored by rseqc/junction_annotation because it exceeded search pattern filesize limit: POR_R1_H2_Log.out
[2026-05-25 13:29:37,071] multiqc                                            [DEBUG  ]  File ignored by rseqc/read_distribution because it exceeded search pattern filesize limit: POR_R1_H2_Log.out
[2026-05-25 13:29:37,071] multiqc                                            [DEBUG  ]  File ignored by rseqc/infer_experiment because it exceeded search pattern filesize limit: POR_R1_H2_Log.out
[2026-05-25 13:29:37,087] multiqc                                            [DEBUG  ]  File ignored by stacks/sumstats because it exceeded search pattern filesize limit: POR_R1_H2_Log.out
[2026-05-25 13:29:37,759] multiqc                                            [DEBUG  ]  File ignored by nanostat because it exceeded search pattern filesize limit: POR_R1_H2_Log.out
[2026-05-25 13:29:37,801] multiqc                                            [DEBUG  ]  File ignored by ccs/v4 because it exceeded search pattern filesize limit: POR_R12_H1_SJ.out.tab
[2026-05-25 13:29:37,802] multiqc                                            [DEBUG  ]  File ignored by hicexplorer because it exceeded search pattern filesize limit: POR_R12_H1_SJ.out.tab
[2026-05-25 13:29:37,803] multiqc                                            [DEBUG  ]  File ignored by lima/summary because it exceeded search pattern filesize limit: POR_R12_H1_SJ.out.tab
[2026-05-25 13:29:37,806] multiqc                                            [DEBUG  ]  File ignored by longranger/invocation because it exceeded search pattern filesize limit: POR_R12_H1_SJ.out.tab
[2026-05-25 13:29:37,819] multiqc                                            [DEBUG  ]  File ignored by nanostat because it exceeded search pattern filesize limit: POR_R12_H1_SJ.out.tab
[2026-05-25 13:29:37,828] multiqc                                            [DEBUG  ]  File ignored by ccs/v4 because it exceeded search pattern filesize limit: POR_R72_C2_SJ.out.tab
[2026-05-25 13:29:37,830] multiqc                                            [DEBUG  ]  File ignored by hicexplorer because it exceeded search pattern filesize limit: POR_R72_C2_SJ.out.tab
[2026-05-25 13:29:37,830] multiqc                                            [DEBUG  ]  File ignored by lima/summary because it exceeded search pattern filesize limit: POR_R72_C2_SJ.out.tab
[2026-05-25 13:29:37,833] multiqc                                            [DEBUG  ]  File ignored by longranger/invocation because it exceeded search pattern filesize limit: POR_R72_C2_SJ.out.tab
[2026-05-25 13:29:37,843] multiqc                                            [DEBUG  ]  File ignored by nanostat because it exceeded search pattern filesize limit: POR_R72_C2_SJ.out.tab
[2026-05-25 13:29:37,850] multiqc                                            [DEBUG  ]  File ignored by ccs/v4 because it exceeded search pattern filesize limit: POR_R120_C1_Log.out
[2026-05-25 13:29:37,852] multiqc                                            [DEBUG  ]  File ignored by hicexplorer because it exceeded search pattern filesize limit: POR_R120_C1_Log.out
[2026-05-25 13:29:37,852] multiqc                                            [DEBUG  ]  File ignored by lima/summary because it exceeded search pattern filesize limit: POR_R120_C1_Log.out
[2026-05-25 13:29:37,855] multiqc                                            [DEBUG  ]  File ignored by vep/vep_html because it exceeded search pattern filesize limit: POR_R120_C1_Log.out
[2026-05-25 13:29:37,855] multiqc                                            [DEBUG  ]  File ignored by vep/vep_txt because it exceeded search pattern filesize limit: POR_R120_C1_Log.out
[2026-05-25 13:29:37,855] multiqc                                            [DEBUG  ]  File ignored by longranger/invocation because it exceeded search pattern filesize limit: POR_R120_C1_Log.out
[2026-05-25 13:29:37,855] multiqc                                            [DEBUG  ]  File ignored by rockhopper because it exceeded search pattern filesize limit: POR_R120_C1_Log.out
[2026-05-25 13:29:37,856] multiqc                                            [DEBUG  ]  File ignored by rseqc/bam_stat because it exceeded search pattern filesize limit: POR_R120_C1_Log.out
[2026-05-25 13:29:37,856] multiqc                                            [DEBUG  ]  File ignored by rseqc/junction_annotation because it exceeded search pattern filesize limit: POR_R120_C1_Log.out
[2026-05-25 13:29:37,856] multiqc                                            [DEBUG  ]  File ignored by rseqc/read_distribution because it exceeded search pattern filesize limit: POR_R120_C1_Log.out
[2026-05-25 13:29:37,856] multiqc                                            [DEBUG  ]  File ignored by rseqc/infer_experiment because it exceeded search pattern filesize limit: POR_R120_C1_Log.out
[2026-05-25 13:29:37,874] multiqc                                            [DEBUG  ]  File ignored by stacks/sumstats because it exceeded search pattern filesize limit: POR_R120_C1_Log.out
[2026-05-25 13:29:38,554] multiqc                                            [DEBUG  ]  File ignored by nanostat because it exceeded search pattern filesize limit: POR_R120_C1_Log.out
[2026-05-25 13:29:38,590] multiqc                                            [DEBUG  ]  Ignoring file as matched an ignore pattern: POR_R12_H1_Aligned.sortedByCoord.out.bam
[2026-05-25 13:29:38,595] multiqc                                            [DEBUG  ]  File ignored by ccs/v4 because it exceeded search pattern filesize limit: POR_R12_H3_Log.progress.out
[2026-05-25 13:29:38,597] multiqc                                            [DEBUG  ]  File ignored by lima/summary because it exceeded search pattern filesize limit: POR_R12_H3_Log.progress.out
[2026-05-25 13:29:38,606] multiqc                                            [DEBUG  ]  Ignoring file as matched an ignore pattern: POR_R12_C3_Aligned.sortedByCoord.out.bam
[2026-05-25 13:29:38,612] multiqc                                            [DEBUG  ]  File ignored by ccs/v4 because it exceeded search pattern filesize limit: POR_R120_C1_SJ.out.tab
[2026-05-25 13:29:38,614] multiqc                                            [DEBUG  ]  File ignored by hicexplorer because it exceeded search pattern filesize limit: POR_R120_C1_SJ.out.tab
[2026-05-25 13:29:38,614] multiqc                                            [DEBUG  ]  File ignored by lima/summary because it exceeded search pattern filesize limit: POR_R120_C1_SJ.out.tab
[2026-05-25 13:29:38,617] multiqc                                            [DEBUG  ]  File ignored by longranger/invocation because it exceeded search pattern filesize limit: POR_R120_C1_SJ.out.tab
[2026-05-25 13:29:38,629] multiqc                                            [DEBUG  ]  File ignored by nanostat because it exceeded search pattern filesize limit: POR_R120_C1_SJ.out.tab
[2026-05-25 13:29:38,636] multiqc                                            [DEBUG  ]  File ignored by ccs/v4 because it exceeded search pattern filesize limit: POR_R24_C1_Log.out
[2026-05-25 13:29:38,638] multiqc                                            [DEBUG  ]  File ignored by hicexplorer because it exceeded search pattern filesize limit: POR_R24_C1_Log.out
[2026-05-25 13:29:38,638] multiqc                                            [DEBUG  ]  File ignored by lima/summary because it exceeded search pattern filesize limit: POR_R24_C1_Log.out
[2026-05-25 13:29:38,645] multiqc                                            [DEBUG  ]  File ignored by vep/vep_html because it exceeded search pattern filesize limit: POR_R24_C1_Log.out
[2026-05-25 13:29:38,645] multiqc                                            [DEBUG  ]  File ignored by vep/vep_txt because it exceeded search pattern filesize limit: POR_R24_C1_Log.out
[2026-05-25 13:29:38,645] multiqc                                            [DEBUG  ]  File ignored by longranger/invocation because it exceeded search pattern filesize limit: POR_R24_C1_Log.out
[2026-05-25 13:29:38,645] multiqc                                            [DEBUG  ]  File ignored by rockhopper because it exceeded search pattern filesize limit: POR_R24_C1_Log.out
[2026-05-25 13:29:38,645] multiqc                                            [DEBUG  ]  File ignored by rseqc/bam_stat because it exceeded search pattern filesize limit: POR_R24_C1_Log.out
[2026-05-25 13:29:38,645] multiqc                                            [DEBUG  ]  File ignored by rseqc/junction_annotation because it exceeded search pattern filesize limit: POR_R24_C1_Log.out
[2026-05-25 13:29:38,645] multiqc                                            [DEBUG  ]  File ignored by rseqc/read_distribution because it exceeded search pattern filesize limit: POR_R24_C1_Log.out
[2026-05-25 13:29:38,645] multiqc                                            [DEBUG  ]  File ignored by rseqc/infer_experiment because it exceeded search pattern filesize limit: POR_R24_C1_Log.out
[2026-05-25 13:29:38,662] multiqc                                            [DEBUG  ]  File ignored by stacks/sumstats because it exceeded search pattern filesize limit: POR_R24_C1_Log.out
[2026-05-25 13:29:39,317] multiqc                                            [DEBUG  ]  File ignored by nanostat because it exceeded search pattern filesize limit: POR_R24_C1_Log.out
[2026-05-25 13:29:39,363] multiqc                                            [DEBUG  ]  File ignored by ccs/v4 because it exceeded search pattern filesize limit: POR_R1_C3_SJ.out.tab
[2026-05-25 13:29:39,365] multiqc                                            [DEBUG  ]  File ignored by hicexplorer because it exceeded search pattern filesize limit: POR_R1_C3_SJ.out.tab
[2026-05-25 13:29:39,365] multiqc                                            [DEBUG  ]  File ignored by lima/summary because it exceeded search pattern filesize limit: POR_R1_C3_SJ.out.tab
[2026-05-25 13:29:39,368] multiqc                                            [DEBUG  ]  File ignored by longranger/invocation because it exceeded search pattern filesize limit: POR_R1_C3_SJ.out.tab
[2026-05-25 13:29:39,376] multiqc                                            [DEBUG  ]  File ignored by nanostat because it exceeded search pattern filesize limit: POR_R1_C3_SJ.out.tab
[2026-05-25 13:29:39,381] multiqc                                            [DEBUG  ]  File ignored by ccs/v4 because it exceeded search pattern filesize limit: POR_R0_H1_Log.progress.out
[2026-05-25 13:29:39,383] multiqc                                            [DEBUG  ]  File ignored by lima/summary because it exceeded search pattern filesize limit: POR_R0_H1_Log.progress.out
[2026-05-25 13:29:39,396] multiqc                                            [DEBUG  ]  File ignored by ccs/v4 because it exceeded search pattern filesize limit: POR_R0_C2_SJ.out.tab
[2026-05-25 13:29:39,397] multiqc                                            [DEBUG  ]  File ignored by hicexplorer because it exceeded search pattern filesize limit: POR_R0_C2_SJ.out.tab
[2026-05-25 13:29:39,398] multiqc                                            [DEBUG  ]  File ignored by lima/summary because it exceeded search pattern filesize limit: POR_R0_C2_SJ.out.tab
[2026-05-25 13:29:39,401] multiqc                                            [DEBUG  ]  File ignored by longranger/invocation because it exceeded search pattern filesize limit: POR_R0_C2_SJ.out.tab
[2026-05-25 13:29:39,408] multiqc                                            [DEBUG  ]  File ignored by nanostat because it exceeded search pattern filesize limit: POR_R0_C2_SJ.out.tab
[2026-05-25 13:29:39,415] multiqc                                            [DEBUG  ]  File ignored by ccs/v4 because it exceeded search pattern filesize limit: POR_R120_H3_Log.out
[2026-05-25 13:29:39,416] multiqc                                            [DEBUG  ]  File ignored by hicexplorer because it exceeded search pattern filesize limit: POR_R120_H3_Log.out
[2026-05-25 13:29:39,417] multiqc                                            [DEBUG  ]  File ignored by lima/summary because it exceeded search pattern filesize limit: POR_R120_H3_Log.out
[2026-05-25 13:29:39,420] multiqc                                            [DEBUG  ]  File ignored by vep/vep_html because it exceeded search pattern filesize limit: POR_R120_H3_Log.out
[2026-05-25 13:29:39,420] multiqc                                            [DEBUG  ]  File ignored by vep/vep_txt because it exceeded search pattern filesize limit: POR_R120_H3_Log.out
[2026-05-25 13:29:39,420] multiqc                                            [DEBUG  ]  File ignored by longranger/invocation because it exceeded search pattern filesize limit: POR_R120_H3_Log.out
[2026-05-25 13:29:39,420] multiqc                                            [DEBUG  ]  File ignored by rockhopper because it exceeded search pattern filesize limit: POR_R120_H3_Log.out
[2026-05-25 13:29:39,420] multiqc                                            [DEBUG  ]  File ignored by rseqc/bam_stat because it exceeded search pattern filesize limit: POR_R120_H3_Log.out
[2026-05-25 13:29:39,420] multiqc                                            [DEBUG  ]  File ignored by rseqc/junction_annotation because it exceeded search pattern filesize limit: POR_R120_H3_Log.out
[2026-05-25 13:29:39,420] multiqc                                            [DEBUG  ]  File ignored by rseqc/read_distribution because it exceeded search pattern filesize limit: POR_R120_H3_Log.out
[2026-05-25 13:29:39,420] multiqc                                            [DEBUG  ]  File ignored by rseqc/infer_experiment because it exceeded search pattern filesize limit: POR_R120_H3_Log.out
[2026-05-25 13:29:39,436] multiqc                                            [DEBUG  ]  File ignored by stacks/sumstats because it exceeded search pattern filesize limit: POR_R120_H3_Log.out
[2026-05-25 13:29:40,094] multiqc                                            [DEBUG  ]  File ignored by nanostat because it exceeded search pattern filesize limit: POR_R120_H3_Log.out
[2026-05-25 13:29:40,135] multiqc                                            [DEBUG  ]  File ignored by ccs/v4 because it exceeded search pattern filesize limit: POR_R120_H3_SJ.out.tab
[2026-05-25 13:29:40,136] multiqc                                            [DEBUG  ]  File ignored by hicexplorer because it exceeded search pattern filesize limit: POR_R120_H3_SJ.out.tab
[2026-05-25 13:29:40,136] multiqc                                            [DEBUG  ]  File ignored by lima/summary because it exceeded search pattern filesize limit: POR_R120_H3_SJ.out.tab
[2026-05-25 13:29:40,139] multiqc                                            [DEBUG  ]  File ignored by longranger/invocation because it exceeded search pattern filesize limit: POR_R120_H3_SJ.out.tab
[2026-05-25 13:29:40,150] multiqc                                            [DEBUG  ]  File ignored by nanostat because it exceeded search pattern filesize limit: POR_R120_H3_SJ.out.tab
[2026-05-25 13:29:40,155] multiqc                                            [DEBUG  ]  File ignored by ccs/v4 because it exceeded search pattern filesize limit: POR_R12_C2_Log.progress.out
[2026-05-25 13:29:40,157] multiqc                                            [DEBUG  ]  File ignored by lima/summary because it exceeded search pattern filesize limit: POR_R12_C2_Log.progress.out
[2026-05-25 13:29:40,176] multiqc                                            [DEBUG  ]  File ignored by ccs/v4 because it exceeded search pattern filesize limit: POR_R1_H1_SJ.out.tab
[2026-05-25 13:29:40,178] multiqc                                            [DEBUG  ]  File ignored by hicexplorer because it exceeded search pattern filesize limit: POR_R1_H1_SJ.out.tab
[2026-05-25 13:29:40,178] multiqc                                            [DEBUG  ]  File ignored by lima/summary because it exceeded search pattern filesize limit: POR_R1_H1_SJ.out.tab
[2026-05-25 13:29:40,181] multiqc                                            [DEBUG  ]  File ignored by longranger/invocation because it exceeded search pattern filesize limit: POR_R1_H1_SJ.out.tab
[2026-05-25 13:29:40,189] multiqc                                            [DEBUG  ]  File ignored by nanostat because it exceeded search pattern filesize limit: POR_R1_H1_SJ.out.tab
[2026-05-25 13:29:40,194] multiqc                                            [DEBUG  ]  File ignored by ccs/v4 because it exceeded search pattern filesize limit: POR_R72_C1_Log.progress.out
[2026-05-25 13:29:40,196] multiqc                                            [DEBUG  ]  File ignored by lima/summary because it exceeded search pattern filesize limit: POR_R72_C1_Log.progress.out
[2026-05-25 13:29:40,204] multiqc                                            [DEBUG  ]  Ignoring file as matched an ignore pattern: POR_R0_H1_Aligned.sortedByCoord.out.bam
[2026-05-25 13:29:40,205] multiqc                                            [DEBUG  ]  Ignoring file as matched an ignore pattern: POR_R0_C3_Aligned.sortedByCoord.out.bam
[2026-05-25 13:29:40,207] multiqc                                            [DEBUG  ]  Ignoring file as matched an ignore pattern: POR_R72_C3_Aligned.sortedByCoord.out.bam
[2026-05-25 13:29:40,207] multiqc                                            [DEBUG  ]  Ignoring file as matched an ignore pattern: POR_R120_C2_Aligned.sortedByCoord.out.bam
[2026-05-25 13:29:40,213] multiqc                                            [DEBUG  ]  File ignored by ccs/v4 because it exceeded search pattern filesize limit: POR_R0_C1_Log.progress.out
[2026-05-25 13:29:40,215] multiqc                                            [DEBUG  ]  File ignored by lima/summary because it exceeded search pattern filesize limit: POR_R0_C1_Log.progress.out
[2026-05-25 13:29:40,224] multiqc                                            [DEBUG  ]  Ignoring file as matched an ignore pattern: POR_R72_H1_Aligned.sortedByCoord.out.bam
[2026-05-25 13:29:40,229] multiqc                                            [DEBUG  ]  File ignored by ccs/v4 because it exceeded search pattern filesize limit: POR_R12_C3_SJ.out.tab
[2026-05-25 13:29:40,231] multiqc                                            [DEBUG  ]  File ignored by hicexplorer because it exceeded search pattern filesize limit: POR_R12_C3_SJ.out.tab
[2026-05-25 13:29:40,231] multiqc                                            [DEBUG  ]  File ignored by lima/summary because it exceeded search pattern filesize limit: POR_R12_C3_SJ.out.tab
[2026-05-25 13:29:40,234] multiqc                                            [DEBUG  ]  File ignored by longranger/invocation because it exceeded search pattern filesize limit: POR_R12_C3_SJ.out.tab
[2026-05-25 13:29:40,245] multiqc                                            [DEBUG  ]  File ignored by nanostat because it exceeded search pattern filesize limit: POR_R12_C3_SJ.out.tab
[2026-05-25 13:29:40,252] multiqc                                            [DEBUG  ]  File ignored by ccs/v4 because it exceeded search pattern filesize limit: POR_R72_H1_Log.progress.out
[2026-05-25 13:29:40,253] multiqc                                            [DEBUG  ]  File ignored by lima/summary because it exceeded search pattern filesize limit: POR_R72_H1_Log.progress.out
[2026-05-25 13:29:40,269] multiqc                                            [DEBUG  ]  File ignored by ccs/v4 because it exceeded search pattern filesize limit: POR_R12_H2_Log.progress.out
[2026-05-25 13:29:40,271] multiqc                                            [DEBUG  ]  File ignored by lima/summary because it exceeded search pattern filesize limit: POR_R12_H2_Log.progress.out
[2026-05-25 13:29:40,287] multiqc                                            [DEBUG  ]  File ignored by ccs/v4 because it exceeded search pattern filesize limit: POR_R24_H3_Log.out
[2026-05-25 13:29:40,289] multiqc                                            [DEBUG  ]  File ignored by hicexplorer because it exceeded search pattern filesize limit: POR_R24_H3_Log.out
[2026-05-25 13:29:40,289] multiqc                                            [DEBUG  ]  File ignored by lima/summary because it exceeded search pattern filesize limit: POR_R24_H3_Log.out
[2026-05-25 13:29:40,292] multiqc                                            [DEBUG  ]  File ignored by vep/vep_html because it exceeded search pattern filesize limit: POR_R24_H3_Log.out
[2026-05-25 13:29:40,292] multiqc                                            [DEBUG  ]  File ignored by vep/vep_txt because it exceeded search pattern filesize limit: POR_R24_H3_Log.out
[2026-05-25 13:29:40,292] multiqc                                            [DEBUG  ]  File ignored by longranger/invocation because it exceeded search pattern filesize limit: POR_R24_H3_Log.out
[2026-05-25 13:29:40,293] multiqc                                            [DEBUG  ]  File ignored by rockhopper because it exceeded search pattern filesize limit: POR_R24_H3_Log.out
[2026-05-25 13:29:40,293] multiqc                                            [DEBUG  ]  File ignored by rseqc/bam_stat because it exceeded search pattern filesize limit: POR_R24_H3_Log.out
[2026-05-25 13:29:40,293] multiqc                                            [DEBUG  ]  File ignored by rseqc/junction_annotation because it exceeded search pattern filesize limit: POR_R24_H3_Log.out
[2026-05-25 13:29:40,293] multiqc                                            [DEBUG  ]  File ignored by rseqc/read_distribution because it exceeded search pattern filesize limit: POR_R24_H3_Log.out
[2026-05-25 13:29:40,293] multiqc                                            [DEBUG  ]  File ignored by rseqc/infer_experiment because it exceeded search pattern filesize limit: POR_R24_H3_Log.out
[2026-05-25 13:29:40,309] multiqc                                            [DEBUG  ]  File ignored by stacks/sumstats because it exceeded search pattern filesize limit: POR_R24_H3_Log.out
[2026-05-25 13:29:40,970] multiqc                                            [DEBUG  ]  File ignored by nanostat because it exceeded search pattern filesize limit: POR_R24_H3_Log.out
[2026-05-25 13:29:41,012] multiqc                                            [DEBUG  ]  File ignored by ccs/v4 because it exceeded search pattern filesize limit: POR_R1_C2_SJ.out.tab
[2026-05-25 13:29:41,014] multiqc                                            [DEBUG  ]  File ignored by hicexplorer because it exceeded search pattern filesize limit: POR_R1_C2_SJ.out.tab
[2026-05-25 13:29:41,014] multiqc                                            [DEBUG  ]  File ignored by lima/summary because it exceeded search pattern filesize limit: POR_R1_C2_SJ.out.tab
[2026-05-25 13:29:41,017] multiqc                                            [DEBUG  ]  File ignored by longranger/invocation because it exceeded search pattern filesize limit: POR_R1_C2_SJ.out.tab
[2026-05-25 13:29:41,026] multiqc                                            [DEBUG  ]  File ignored by nanostat because it exceeded search pattern filesize limit: POR_R1_C2_SJ.out.tab
[2026-05-25 13:29:41,028] multiqc                                            [DEBUG  ]  Ignoring file as matched an ignore pattern: POR_R24_C3_Aligned.sortedByCoord.out.bam
[2026-05-25 13:29:41,034] multiqc                                            [DEBUG  ]  File ignored by ccs/v4 because it exceeded search pattern filesize limit: POR_R3_H1_Log.out
[2026-05-25 13:29:41,036] multiqc                                            [DEBUG  ]  File ignored by hicexplorer because it exceeded search pattern filesize limit: POR_R3_H1_Log.out
[2026-05-25 13:29:41,036] multiqc                                            [DEBUG  ]  File ignored by lima/summary because it exceeded search pattern filesize limit: POR_R3_H1_Log.out
[2026-05-25 13:29:41,039] multiqc                                            [DEBUG  ]  File ignored by vep/vep_html because it exceeded search pattern filesize limit: POR_R3_H1_Log.out
[2026-05-25 13:29:41,039] multiqc                                            [DEBUG  ]  File ignored by vep/vep_txt because it exceeded search pattern filesize limit: POR_R3_H1_Log.out
[2026-05-25 13:29:41,040] multiqc                                            [DEBUG  ]  File ignored by longranger/invocation because it exceeded search pattern filesize limit: POR_R3_H1_Log.out
[2026-05-25 13:29:41,040] multiqc                                            [DEBUG  ]  File ignored by rockhopper because it exceeded search pattern filesize limit: POR_R3_H1_Log.out
[2026-05-25 13:29:41,040] multiqc                                            [DEBUG  ]  File ignored by rseqc/bam_stat because it exceeded search pattern filesize limit: POR_R3_H1_Log.out
[2026-05-25 13:29:41,040] multiqc                                            [DEBUG  ]  File ignored by rseqc/junction_annotation because it exceeded search pattern filesize limit: POR_R3_H1_Log.out
[2026-05-25 13:29:41,040] multiqc                                            [DEBUG  ]  File ignored by rseqc/read_distribution because it exceeded search pattern filesize limit: POR_R3_H1_Log.out
[2026-05-25 13:29:41,040] multiqc                                            [DEBUG  ]  File ignored by rseqc/infer_experiment because it exceeded search pattern filesize limit: POR_R3_H1_Log.out
[2026-05-25 13:29:41,056] multiqc                                            [DEBUG  ]  File ignored by stacks/sumstats because it exceeded search pattern filesize limit: POR_R3_H1_Log.out
[2026-05-25 13:29:41,695] multiqc                                            [DEBUG  ]  File ignored by nanostat because it exceeded search pattern filesize limit: POR_R3_H1_Log.out
[2026-05-25 13:29:41,730] multiqc                                            [DEBUG  ]  Ignoring file as matched an ignore pattern: POR_R24_H1_Aligned.sortedByCoord.out.bam
[2026-05-25 13:29:41,736] multiqc                                            [DEBUG  ]  File ignored by ccs/v4 because it exceeded search pattern filesize limit: POR_R0_H1_SJ.out.tab
[2026-05-25 13:29:41,737] multiqc                                            [DEBUG  ]  File ignored by hicexplorer because it exceeded search pattern filesize limit: POR_R0_H1_SJ.out.tab
[2026-05-25 13:29:41,737] multiqc                                            [DEBUG  ]  File ignored by lima/summary because it exceeded search pattern filesize limit: POR_R0_H1_SJ.out.tab
[2026-05-25 13:29:41,741] multiqc                                            [DEBUG  ]  File ignored by longranger/invocation because it exceeded search pattern filesize limit: POR_R0_H1_SJ.out.tab
[2026-05-25 13:29:41,748] multiqc                                            [DEBUG  ]  File ignored by nanostat because it exceeded search pattern filesize limit: POR_R0_H1_SJ.out.tab
[2026-05-25 13:29:41,756] multiqc                                            [DEBUG  ]  File ignored by ccs/v4 because it exceeded search pattern filesize limit: POR_R0_H2_Log.out
[2026-05-25 13:29:41,758] multiqc                                            [DEBUG  ]  File ignored by hicexplorer because it exceeded search pattern filesize limit: POR_R0_H2_Log.out
[2026-05-25 13:29:41,758] multiqc                                            [DEBUG  ]  File ignored by lima/summary because it exceeded search pattern filesize limit: POR_R0_H2_Log.out
[2026-05-25 13:29:41,761] multiqc                                            [DEBUG  ]  File ignored by vep/vep_html because it exceeded search pattern filesize limit: POR_R0_H2_Log.out
[2026-05-25 13:29:41,761] multiqc                                            [DEBUG  ]  File ignored by vep/vep_txt because it exceeded search pattern filesize limit: POR_R0_H2_Log.out
[2026-05-25 13:29:41,761] multiqc                                            [DEBUG  ]  File ignored by longranger/invocation because it exceeded search pattern filesize limit: POR_R0_H2_Log.out
[2026-05-25 13:29:41,761] multiqc                                            [DEBUG  ]  File ignored by rockhopper because it exceeded search pattern filesize limit: POR_R0_H2_Log.out
[2026-05-25 13:29:41,761] multiqc                                            [DEBUG  ]  File ignored by rseqc/bam_stat because it exceeded search pattern filesize limit: POR_R0_H2_Log.out
[2026-05-25 13:29:41,761] multiqc                                            [DEBUG  ]  File ignored by rseqc/junction_annotation because it exceeded search pattern filesize limit: POR_R0_H2_Log.out
[2026-05-25 13:29:41,761] multiqc                                            [DEBUG  ]  File ignored by rseqc/read_distribution because it exceeded search pattern filesize limit: POR_R0_H2_Log.out
[2026-05-25 13:29:41,761] multiqc                                            [DEBUG  ]  File ignored by rseqc/infer_experiment because it exceeded search pattern filesize limit: POR_R0_H2_Log.out
[2026-05-25 13:29:41,778] multiqc                                            [DEBUG  ]  File ignored by stacks/sumstats because it exceeded search pattern filesize limit: POR_R0_H2_Log.out
[2026-05-25 13:29:42,409] multiqc                                            [DEBUG  ]  File ignored by nanostat because it exceeded search pattern filesize limit: POR_R0_H2_Log.out
[2026-05-25 13:29:42,455] multiqc                                            [DEBUG  ]  File ignored by ccs/v4 because it exceeded search pattern filesize limit: POR_R12_C3_Log.out
[2026-05-25 13:29:42,458] multiqc                                            [DEBUG  ]  File ignored by hicexplorer because it exceeded search pattern filesize limit: POR_R12_C3_Log.out
[2026-05-25 13:29:42,458] multiqc                                            [DEBUG  ]  File ignored by lima/summary because it exceeded search pattern filesize limit: POR_R12_C3_Log.out
[2026-05-25 13:29:42,461] multiqc                                            [DEBUG  ]  File ignored by vep/vep_html because it exceeded search pattern filesize limit: POR_R12_C3_Log.out
[2026-05-25 13:29:42,461] multiqc                                            [DEBUG  ]  File ignored by vep/vep_txt because it exceeded search pattern filesize limit: POR_R12_C3_Log.out
[2026-05-25 13:29:42,462] multiqc                                            [DEBUG  ]  File ignored by longranger/invocation because it exceeded search pattern filesize limit: POR_R12_C3_Log.out
[2026-05-25 13:29:42,462] multiqc                                            [DEBUG  ]  File ignored by rockhopper because it exceeded search pattern filesize limit: POR_R12_C3_Log.out
[2026-05-25 13:29:42,462] multiqc                                            [DEBUG  ]  File ignored by rseqc/bam_stat because it exceeded search pattern filesize limit: POR_R12_C3_Log.out
[2026-05-25 13:29:42,462] multiqc                                            [DEBUG  ]  File ignored by rseqc/junction_annotation because it exceeded search pattern filesize limit: POR_R12_C3_Log.out
[2026-05-25 13:29:42,462] multiqc                                            [DEBUG  ]  File ignored by rseqc/read_distribution because it exceeded search pattern filesize limit: POR_R12_C3_Log.out
[2026-05-25 13:29:42,462] multiqc                                            [DEBUG  ]  File ignored by rseqc/infer_experiment because it exceeded search pattern filesize limit: POR_R12_C3_Log.out
[2026-05-25 13:29:42,479] multiqc                                            [DEBUG  ]  File ignored by stacks/sumstats because it exceeded search pattern filesize limit: POR_R12_C3_Log.out
[2026-05-25 13:29:43,156] multiqc                                            [DEBUG  ]  File ignored by nanostat because it exceeded search pattern filesize limit: POR_R12_C3_Log.out
[2026-05-25 13:29:43,206] multiqc                                            [DEBUG  ]  File ignored by ccs/v4 because it exceeded search pattern filesize limit: POR_R72_C3_SJ.out.tab
[2026-05-25 13:29:43,208] multiqc                                            [DEBUG  ]  File ignored by hicexplorer because it exceeded search pattern filesize limit: POR_R72_C3_SJ.out.tab
[2026-05-25 13:29:43,208] multiqc                                            [DEBUG  ]  File ignored by lima/summary because it exceeded search pattern filesize limit: POR_R72_C3_SJ.out.tab
[2026-05-25 13:29:43,211] multiqc                                            [DEBUG  ]  File ignored by longranger/invocation because it exceeded search pattern filesize limit: POR_R72_C3_SJ.out.tab
[2026-05-25 13:29:43,233] multiqc                                            [DEBUG  ]  File ignored by nanostat because it exceeded search pattern filesize limit: POR_R72_C3_SJ.out.tab
[2026-05-25 13:29:43,234] multiqc                                            [DEBUG  ]  Ignoring file as matched an ignore pattern: POR_R3_C2_Aligned.sortedByCoord.out.bam
[2026-05-25 13:29:43,244] multiqc                                            [DEBUG  ]  File ignored by ccs/v4 because it exceeded search pattern filesize limit: POR_R12_C2_SJ.out.tab
[2026-05-25 13:29:43,245] multiqc                                            [DEBUG  ]  File ignored by hicexplorer because it exceeded search pattern filesize limit: POR_R12_C2_SJ.out.tab
[2026-05-25 13:29:43,246] multiqc                                            [DEBUG  ]  File ignored by lima/summary because it exceeded search pattern filesize limit: POR_R12_C2_SJ.out.tab
[2026-05-25 13:29:43,249] multiqc                                            [DEBUG  ]  File ignored by longranger/invocation because it exceeded search pattern filesize limit: POR_R12_C2_SJ.out.tab
[2026-05-25 13:29:43,262] multiqc                                            [DEBUG  ]  File ignored by nanostat because it exceeded search pattern filesize limit: POR_R12_C2_SJ.out.tab
[2026-05-25 13:29:43,268] multiqc                                            [DEBUG  ]  File ignored by ccs/v4 because it exceeded search pattern filesize limit: POR_R72_H1_SJ.out.tab
[2026-05-25 13:29:43,269] multiqc                                            [DEBUG  ]  File ignored by hicexplorer because it exceeded search pattern filesize limit: POR_R72_H1_SJ.out.tab
[2026-05-25 13:29:43,270] multiqc                                            [DEBUG  ]  File ignored by lima/summary because it exceeded search pattern filesize limit: POR_R72_H1_SJ.out.tab
[2026-05-25 13:29:43,273] multiqc                                            [DEBUG  ]  File ignored by longranger/invocation because it exceeded search pattern filesize limit: POR_R72_H1_SJ.out.tab
[2026-05-25 13:29:43,281] multiqc                                            [DEBUG  ]  File ignored by nanostat because it exceeded search pattern filesize limit: POR_R72_H1_SJ.out.tab
[2026-05-25 13:29:43,292] multiqc                                            [DEBUG  ]  File ignored by ccs/v4 because it exceeded search pattern filesize limit: POR_R72_C2_Log.out
[2026-05-25 13:29:43,294] multiqc                                            [DEBUG  ]  File ignored by hicexplorer because it exceeded search pattern filesize limit: POR_R72_C2_Log.out
[2026-05-25 13:29:43,294] multiqc                                            [DEBUG  ]  File ignored by lima/summary because it exceeded search pattern filesize limit: POR_R72_C2_Log.out
[2026-05-25 13:29:43,297] multiqc                                            [DEBUG  ]  File ignored by vep/vep_html because it exceeded search pattern filesize limit: POR_R72_C2_Log.out
[2026-05-25 13:29:43,298] multiqc                                            [DEBUG  ]  File ignored by vep/vep_txt because it exceeded search pattern filesize limit: POR_R72_C2_Log.out
[2026-05-25 13:29:43,298] multiqc                                            [DEBUG  ]  File ignored by longranger/invocation because it exceeded search pattern filesize limit: POR_R72_C2_Log.out
[2026-05-25 13:29:43,298] multiqc                                            [DEBUG  ]  File ignored by rockhopper because it exceeded search pattern filesize limit: POR_R72_C2_Log.out
[2026-05-25 13:29:43,298] multiqc                                            [DEBUG  ]  File ignored by rseqc/bam_stat because it exceeded search pattern filesize limit: POR_R72_C2_Log.out
[2026-05-25 13:29:43,298] multiqc                                            [DEBUG  ]  File ignored by rseqc/junction_annotation because it exceeded search pattern filesize limit: POR_R72_C2_Log.out
[2026-05-25 13:29:43,298] multiqc                                            [DEBUG  ]  File ignored by rseqc/read_distribution because it exceeded search pattern filesize limit: POR_R72_C2_Log.out
[2026-05-25 13:29:43,298] multiqc                                            [DEBUG  ]  File ignored by rseqc/infer_experiment because it exceeded search pattern filesize limit: POR_R72_C2_Log.out
[2026-05-25 13:29:43,315] multiqc                                            [DEBUG  ]  File ignored by stacks/sumstats because it exceeded search pattern filesize limit: POR_R72_C2_Log.out
[2026-05-25 13:29:43,980] multiqc                                            [DEBUG  ]  File ignored by nanostat because it exceeded search pattern filesize limit: POR_R72_C2_Log.out
[2026-05-25 13:29:44,027] multiqc                                            [DEBUG  ]  File ignored by ccs/v4 because it exceeded search pattern filesize limit: POR_R3_C3_Log.out
[2026-05-25 13:29:44,029] multiqc                                            [DEBUG  ]  File ignored by hicexplorer because it exceeded search pattern filesize limit: POR_R3_C3_Log.out
[2026-05-25 13:29:44,030] multiqc                                            [DEBUG  ]  File ignored by lima/summary because it exceeded search pattern filesize limit: POR_R3_C3_Log.out
[2026-05-25 13:29:44,033] multiqc                                            [DEBUG  ]  File ignored by vep/vep_html because it exceeded search pattern filesize limit: POR_R3_C3_Log.out
[2026-05-25 13:29:44,033] multiqc                                            [DEBUG  ]  File ignored by vep/vep_txt because it exceeded search pattern filesize limit: POR_R3_C3_Log.out
[2026-05-25 13:29:44,033] multiqc                                            [DEBUG  ]  File ignored by longranger/invocation because it exceeded search pattern filesize limit: POR_R3_C3_Log.out
[2026-05-25 13:29:44,033] multiqc                                            [DEBUG  ]  File ignored by rockhopper because it exceeded search pattern filesize limit: POR_R3_C3_Log.out
[2026-05-25 13:29:44,033] multiqc                                            [DEBUG  ]  File ignored by rseqc/bam_stat because it exceeded search pattern filesize limit: POR_R3_C3_Log.out
[2026-05-25 13:29:44,033] multiqc                                            [DEBUG  ]  File ignored by rseqc/junction_annotation because it exceeded search pattern filesize limit: POR_R3_C3_Log.out
[2026-05-25 13:29:44,033] multiqc                                            [DEBUG  ]  File ignored by rseqc/read_distribution because it exceeded search pattern filesize limit: POR_R3_C3_Log.out
[2026-05-25 13:29:44,033] multiqc                                            [DEBUG  ]  File ignored by rseqc/infer_experiment because it exceeded search pattern filesize limit: POR_R3_C3_Log.out
[2026-05-25 13:29:44,050] multiqc                                            [DEBUG  ]  File ignored by stacks/sumstats because it exceeded search pattern filesize limit: POR_R3_C3_Log.out
[2026-05-25 13:29:44,691] multiqc                                            [DEBUG  ]  File ignored by nanostat because it exceeded search pattern filesize limit: POR_R3_C3_Log.out
[2026-05-25 13:29:44,733] multiqc                                            [DEBUG  ]  Ignoring file as matched an ignore pattern: POR_R1_C1_Aligned.sortedByCoord.out.bam
[2026-05-25 13:29:44,733] multiqc                                            [DEBUG  ]  Ignoring file as matched an ignore pattern: POR_R1_H3_Aligned.sortedByCoord.out.bam
[2026-05-25 13:29:44,739] multiqc                                            [DEBUG  ]  File ignored by ccs/v4 because it exceeded search pattern filesize limit: POR_R12_H1_Log.out
[2026-05-25 13:29:44,741] multiqc                                            [DEBUG  ]  File ignored by hicexplorer because it exceeded search pattern filesize limit: POR_R12_H1_Log.out
[2026-05-25 13:29:44,742] multiqc                                            [DEBUG  ]  File ignored by lima/summary because it exceeded search pattern filesize limit: POR_R12_H1_Log.out
[2026-05-25 13:29:44,744] multiqc                                            [DEBUG  ]  File ignored by vep/vep_html because it exceeded search pattern filesize limit: POR_R12_H1_Log.out
[2026-05-25 13:29:44,745] multiqc                                            [DEBUG  ]  File ignored by vep/vep_txt because it exceeded search pattern filesize limit: POR_R12_H1_Log.out
[2026-05-25 13:29:44,745] multiqc                                            [DEBUG  ]  File ignored by longranger/invocation because it exceeded search pattern filesize limit: POR_R12_H1_Log.out
[2026-05-25 13:29:44,745] multiqc                                            [DEBUG  ]  File ignored by rockhopper because it exceeded search pattern filesize limit: POR_R12_H1_Log.out
[2026-05-25 13:29:44,745] multiqc                                            [DEBUG  ]  File ignored by rseqc/bam_stat because it exceeded search pattern filesize limit: POR_R12_H1_Log.out
[2026-05-25 13:29:44,745] multiqc                                            [DEBUG  ]  File ignored by rseqc/junction_annotation because it exceeded search pattern filesize limit: POR_R12_H1_Log.out
[2026-05-25 13:29:44,745] multiqc                                            [DEBUG  ]  File ignored by rseqc/read_distribution because it exceeded search pattern filesize limit: POR_R12_H1_Log.out
[2026-05-25 13:29:44,745] multiqc                                            [DEBUG  ]  File ignored by rseqc/infer_experiment because it exceeded search pattern filesize limit: POR_R12_H1_Log.out
[2026-05-25 13:29:44,761] multiqc                                            [DEBUG  ]  File ignored by stacks/sumstats because it exceeded search pattern filesize limit: POR_R12_H1_Log.out
[2026-05-25 13:29:45,417] multiqc                                            [DEBUG  ]  File ignored by nanostat because it exceeded search pattern filesize limit: POR_R12_H1_Log.out
[2026-05-25 13:29:45,464] multiqc                                            [DEBUG  ]  File ignored by ccs/v4 because it exceeded search pattern filesize limit: POR_R0_C3_SJ.out.tab
[2026-05-25 13:29:45,465] multiqc                                            [DEBUG  ]  File ignored by hicexplorer because it exceeded search pattern filesize limit: POR_R0_C3_SJ.out.tab
[2026-05-25 13:29:45,466] multiqc                                            [DEBUG  ]  File ignored by lima/summary because it exceeded search pattern filesize limit: POR_R0_C3_SJ.out.tab
[2026-05-25 13:29:45,469] multiqc                                            [DEBUG  ]  File ignored by longranger/invocation because it exceeded search pattern filesize limit: POR_R0_C3_SJ.out.tab
[2026-05-25 13:29:45,477] multiqc                                            [DEBUG  ]  File ignored by nanostat because it exceeded search pattern filesize limit: POR_R0_C3_SJ.out.tab
[2026-05-25 13:29:45,484] multiqc                                            [DEBUG  ]  File ignored by ccs/v4 because it exceeded search pattern filesize limit: POR_R120_H2_SJ.out.tab
[2026-05-25 13:29:45,486] multiqc                                            [DEBUG  ]  File ignored by hicexplorer because it exceeded search pattern filesize limit: POR_R120_H2_SJ.out.tab
[2026-05-25 13:29:45,486] multiqc                                            [DEBUG  ]  File ignored by lima/summary because it exceeded search pattern filesize limit: POR_R120_H2_SJ.out.tab
[2026-05-25 13:29:45,489] multiqc                                            [DEBUG  ]  File ignored by longranger/invocation because it exceeded search pattern filesize limit: POR_R120_H2_SJ.out.tab
[2026-05-25 13:29:45,500] multiqc                                            [DEBUG  ]  File ignored by nanostat because it exceeded search pattern filesize limit: POR_R120_H2_SJ.out.tab
[2026-05-25 13:29:45,507] multiqc                                            [DEBUG  ]  File ignored by ccs/v4 because it exceeded search pattern filesize limit: POR_R3_H2_SJ.out.tab
[2026-05-25 13:29:45,508] multiqc                                            [DEBUG  ]  File ignored by hicexplorer because it exceeded search pattern filesize limit: POR_R3_H2_SJ.out.tab
[2026-05-25 13:29:45,508] multiqc                                            [DEBUG  ]  File ignored by lima/summary because it exceeded search pattern filesize limit: POR_R3_H2_SJ.out.tab
[2026-05-25 13:29:45,511] multiqc                                            [DEBUG  ]  File ignored by longranger/invocation because it exceeded search pattern filesize limit: POR_R3_H2_SJ.out.tab
[2026-05-25 13:29:45,523] multiqc                                            [DEBUG  ]  File ignored by nanostat because it exceeded search pattern filesize limit: POR_R3_H2_SJ.out.tab
[2026-05-25 13:29:45,542] multiqc                                            [DEBUG  ]  File ignored by ccs/v4 because it exceeded search pattern filesize limit: POR_R24_C3_Log.out
[2026-05-25 13:29:45,544] multiqc                                            [DEBUG  ]  File ignored by hicexplorer because it exceeded search pattern filesize limit: POR_R24_C3_Log.out
[2026-05-25 13:29:45,544] multiqc                                            [DEBUG  ]  File ignored by lima/summary because it exceeded search pattern filesize limit: POR_R24_C3_Log.out
[2026-05-25 13:29:45,552] multiqc                                            [DEBUG  ]  File ignored by vep/vep_html because it exceeded search pattern filesize limit: POR_R24_C3_Log.out
[2026-05-25 13:29:45,553] multiqc                                            [DEBUG  ]  File ignored by vep/vep_txt because it exceeded search pattern filesize limit: POR_R24_C3_Log.out
[2026-05-25 13:29:45,553] multiqc                                            [DEBUG  ]  File ignored by longranger/invocation because it exceeded search pattern filesize limit: POR_R24_C3_Log.out
[2026-05-25 13:29:45,553] multiqc                                            [DEBUG  ]  File ignored by rockhopper because it exceeded search pattern filesize limit: POR_R24_C3_Log.out
[2026-05-25 13:29:45,553] multiqc                                            [DEBUG  ]  File ignored by rseqc/bam_stat because it exceeded search pattern filesize limit: POR_R24_C3_Log.out
[2026-05-25 13:29:45,553] multiqc                                            [DEBUG  ]  File ignored by rseqc/junction_annotation because it exceeded search pattern filesize limit: POR_R24_C3_Log.out
[2026-05-25 13:29:45,553] multiqc                                            [DEBUG  ]  File ignored by rseqc/read_distribution because it exceeded search pattern filesize limit: POR_R24_C3_Log.out
[2026-05-25 13:29:45,553] multiqc                                            [DEBUG  ]  File ignored by rseqc/infer_experiment because it exceeded search pattern filesize limit: POR_R24_C3_Log.out
[2026-05-25 13:29:45,575] multiqc                                            [DEBUG  ]  File ignored by stacks/sumstats because it exceeded search pattern filesize limit: POR_R24_C3_Log.out
[2026-05-25 13:29:46,198] multiqc                                            [DEBUG  ]  File ignored by nanostat because it exceeded search pattern filesize limit: POR_R24_C3_Log.out
[2026-05-25 13:29:46,237] multiqc                                            [DEBUG  ]  Ignoring file as matched an ignore pattern: POR_R12_H2_Aligned.sortedByCoord.out.bam
[2026-05-25 13:29:46,246] multiqc                                            [DEBUG  ]  File ignored by ccs/v4 because it exceeded search pattern filesize limit: POR_R120_C3_Log.out
[2026-05-25 13:29:46,248] multiqc                                            [DEBUG  ]  File ignored by hicexplorer because it exceeded search pattern filesize limit: POR_R120_C3_Log.out
[2026-05-25 13:29:46,248] multiqc                                            [DEBUG  ]  File ignored by lima/summary because it exceeded search pattern filesize limit: POR_R120_C3_Log.out
[2026-05-25 13:29:46,252] multiqc                                            [DEBUG  ]  File ignored by vep/vep_html because it exceeded search pattern filesize limit: POR_R120_C3_Log.out
[2026-05-25 13:29:46,252] multiqc                                            [DEBUG  ]  File ignored by vep/vep_txt because it exceeded search pattern filesize limit: POR_R120_C3_Log.out
[2026-05-25 13:29:46,252] multiqc                                            [DEBUG  ]  File ignored by longranger/invocation because it exceeded search pattern filesize limit: POR_R120_C3_Log.out
[2026-05-25 13:29:46,252] multiqc                                            [DEBUG  ]  File ignored by rockhopper because it exceeded search pattern filesize limit: POR_R120_C3_Log.out
[2026-05-25 13:29:46,252] multiqc                                            [DEBUG  ]  File ignored by rseqc/bam_stat because it exceeded search pattern filesize limit: POR_R120_C3_Log.out
[2026-05-25 13:29:46,252] multiqc                                            [DEBUG  ]  File ignored by rseqc/junction_annotation because it exceeded search pattern filesize limit: POR_R120_C3_Log.out
[2026-05-25 13:29:46,252] multiqc                                            [DEBUG  ]  File ignored by rseqc/read_distribution because it exceeded search pattern filesize limit: POR_R120_C3_Log.out
[2026-05-25 13:29:46,252] multiqc                                            [DEBUG  ]  File ignored by rseqc/infer_experiment because it exceeded search pattern filesize limit: POR_R120_C3_Log.out
[2026-05-25 13:29:46,274] multiqc                                            [DEBUG  ]  File ignored by stacks/sumstats because it exceeded search pattern filesize limit: POR_R120_C3_Log.out
[2026-05-25 13:29:46,906] multiqc                                            [DEBUG  ]  File ignored by nanostat because it exceeded search pattern filesize limit: POR_R120_C3_Log.out
[2026-05-25 13:29:46,944] multiqc                                            [DEBUG  ]  Ignoring file as matched an ignore pattern: POR_R0_H2_Aligned.sortedByCoord.out.bam
[2026-05-25 13:29:46,951] multiqc                                            [DEBUG  ]  File ignored by ccs/v4 because it exceeded search pattern filesize limit: POR_R24_C2_SJ.out.tab
[2026-05-25 13:29:46,953] multiqc                                            [DEBUG  ]  File ignored by hicexplorer because it exceeded search pattern filesize limit: POR_R24_C2_SJ.out.tab
[2026-05-25 13:29:46,953] multiqc                                            [DEBUG  ]  File ignored by lima/summary because it exceeded search pattern filesize limit: POR_R24_C2_SJ.out.tab
[2026-05-25 13:29:46,956] multiqc                                            [DEBUG  ]  File ignored by longranger/invocation because it exceeded search pattern filesize limit: POR_R24_C2_SJ.out.tab
[2026-05-25 13:29:46,963] multiqc                                            [DEBUG  ]  File ignored by nanostat because it exceeded search pattern filesize limit: POR_R24_C2_SJ.out.tab
[2026-05-25 13:29:46,971] multiqc                                            [DEBUG  ]  File ignored by ccs/v4 because it exceeded search pattern filesize limit: POR_R24_H1_Log.out
[2026-05-25 13:29:46,973] multiqc                                            [DEBUG  ]  File ignored by hicexplorer because it exceeded search pattern filesize limit: POR_R24_H1_Log.out
[2026-05-25 13:29:46,973] multiqc                                            [DEBUG  ]  File ignored by lima/summary because it exceeded search pattern filesize limit: POR_R24_H1_Log.out
[2026-05-25 13:29:46,976] multiqc                                            [DEBUG  ]  File ignored by vep/vep_html because it exceeded search pattern filesize limit: POR_R24_H1_Log.out
[2026-05-25 13:29:46,976] multiqc                                            [DEBUG  ]  File ignored by vep/vep_txt because it exceeded search pattern filesize limit: POR_R24_H1_Log.out
[2026-05-25 13:29:46,976] multiqc                                            [DEBUG  ]  File ignored by longranger/invocation because it exceeded search pattern filesize limit: POR_R24_H1_Log.out
[2026-05-25 13:29:46,976] multiqc                                            [DEBUG  ]  File ignored by rockhopper because it exceeded search pattern filesize limit: POR_R24_H1_Log.out
[2026-05-25 13:29:46,976] multiqc                                            [DEBUG  ]  File ignored by rseqc/bam_stat because it exceeded search pattern filesize limit: POR_R24_H1_Log.out
[2026-05-25 13:29:46,976] multiqc                                            [DEBUG  ]  File ignored by rseqc/junction_annotation because it exceeded search pattern filesize limit: POR_R24_H1_Log.out
[2026-05-25 13:29:46,976] multiqc                                            [DEBUG  ]  File ignored by rseqc/read_distribution because it exceeded search pattern filesize limit: POR_R24_H1_Log.out
[2026-05-25 13:29:46,977] multiqc                                            [DEBUG  ]  File ignored by rseqc/infer_experiment because it exceeded search pattern filesize limit: POR_R24_H1_Log.out
[2026-05-25 13:29:46,992] multiqc                                            [DEBUG  ]  File ignored by stacks/sumstats because it exceeded search pattern filesize limit: POR_R24_H1_Log.out
[2026-05-25 13:29:47,591] multiqc                                            [DEBUG  ]  File ignored by nanostat because it exceeded search pattern filesize limit: POR_R24_H1_Log.out
[2026-05-25 13:29:47,637] multiqc                                            [DEBUG  ]  File ignored by ccs/v4 because it exceeded search pattern filesize limit: POR_R1_C2_Log.out
[2026-05-25 13:29:47,639] multiqc                                            [DEBUG  ]  File ignored by hicexplorer because it exceeded search pattern filesize limit: POR_R1_C2_Log.out
[2026-05-25 13:29:47,640] multiqc                                            [DEBUG  ]  File ignored by lima/summary because it exceeded search pattern filesize limit: POR_R1_C2_Log.out
[2026-05-25 13:29:47,642] multiqc                                            [DEBUG  ]  File ignored by vep/vep_html because it exceeded search pattern filesize limit: POR_R1_C2_Log.out
[2026-05-25 13:29:47,643] multiqc                                            [DEBUG  ]  File ignored by vep/vep_txt because it exceeded search pattern filesize limit: POR_R1_C2_Log.out
[2026-05-25 13:29:47,643] multiqc                                            [DEBUG  ]  File ignored by longranger/invocation because it exceeded search pattern filesize limit: POR_R1_C2_Log.out
[2026-05-25 13:29:47,643] multiqc                                            [DEBUG  ]  File ignored by rockhopper because it exceeded search pattern filesize limit: POR_R1_C2_Log.out
[2026-05-25 13:29:47,643] multiqc                                            [DEBUG  ]  File ignored by rseqc/bam_stat because it exceeded search pattern filesize limit: POR_R1_C2_Log.out
[2026-05-25 13:29:47,643] multiqc                                            [DEBUG  ]  File ignored by rseqc/junction_annotation because it exceeded search pattern filesize limit: POR_R1_C2_Log.out
[2026-05-25 13:29:47,643] multiqc                                            [DEBUG  ]  File ignored by rseqc/read_distribution because it exceeded search pattern filesize limit: POR_R1_C2_Log.out
[2026-05-25 13:29:47,643] multiqc                                            [DEBUG  ]  File ignored by rseqc/infer_experiment because it exceeded search pattern filesize limit: POR_R1_C2_Log.out
[2026-05-25 13:29:47,659] multiqc                                            [DEBUG  ]  File ignored by stacks/sumstats because it exceeded search pattern filesize limit: POR_R1_C2_Log.out
[2026-05-25 13:29:48,280] multiqc                                            [DEBUG  ]  File ignored by nanostat because it exceeded search pattern filesize limit: POR_R1_C2_Log.out
[2026-05-25 13:29:48,327] multiqc                                            [DEBUG  ]  File ignored by ccs/v4 because it exceeded search pattern filesize limit: POR_R120_H1_Log.out
[2026-05-25 13:29:48,329] multiqc                                            [DEBUG  ]  File ignored by hicexplorer because it exceeded search pattern filesize limit: POR_R120_H1_Log.out
[2026-05-25 13:29:48,329] multiqc                                            [DEBUG  ]  File ignored by lima/summary because it exceeded search pattern filesize limit: POR_R120_H1_Log.out
[2026-05-25 13:29:48,332] multiqc                                            [DEBUG  ]  File ignored by vep/vep_html because it exceeded search pattern filesize limit: POR_R120_H1_Log.out
[2026-05-25 13:29:48,332] multiqc                                            [DEBUG  ]  File ignored by vep/vep_txt because it exceeded search pattern filesize limit: POR_R120_H1_Log.out
[2026-05-25 13:29:48,332] multiqc                                            [DEBUG  ]  File ignored by longranger/invocation because it exceeded search pattern filesize limit: POR_R120_H1_Log.out
[2026-05-25 13:29:48,332] multiqc                                            [DEBUG  ]  File ignored by rockhopper because it exceeded search pattern filesize limit: POR_R120_H1_Log.out
[2026-05-25 13:29:48,332] multiqc                                            [DEBUG  ]  File ignored by rseqc/bam_stat because it exceeded search pattern filesize limit: POR_R120_H1_Log.out
[2026-05-25 13:29:48,332] multiqc                                            [DEBUG  ]  File ignored by rseqc/junction_annotation because it exceeded search pattern filesize limit: POR_R120_H1_Log.out
[2026-05-25 13:29:48,332] multiqc                                            [DEBUG  ]  File ignored by rseqc/read_distribution because it exceeded search pattern filesize limit: POR_R120_H1_Log.out
[2026-05-25 13:29:48,332] multiqc                                            [DEBUG  ]  File ignored by rseqc/infer_experiment because it exceeded search pattern filesize limit: POR_R120_H1_Log.out
[2026-05-25 13:29:48,348] multiqc                                            [DEBUG  ]  File ignored by stacks/sumstats because it exceeded search pattern filesize limit: POR_R120_H1_Log.out
[2026-05-25 13:29:48,944] multiqc                                            [DEBUG  ]  File ignored by nanostat because it exceeded search pattern filesize limit: POR_R120_H1_Log.out
[2026-05-25 13:29:48,976] multiqc                                            [DEBUG  ]  Ignoring file as matched an ignore pattern: POR_R120_H3_Aligned.sortedByCoord.out.bam
[2026-05-25 13:29:48,977] multiqc                                            [DEBUG  ]  Ignoring file as matched an ignore pattern: POR_R72_H2_Aligned.sortedByCoord.out.bam
[2026-05-25 13:29:48,979] multiqc                                            [DEBUG  ]  Ignoring file as matched an ignore pattern: POR_R120_C1_Aligned.sortedByCoord.out.bam
[2026-05-25 13:29:48,984] multiqc                                            [DEBUG  ]  File ignored by ccs/v4 because it exceeded search pattern filesize limit: POR_R72_C1_SJ.out.tab
[2026-05-25 13:29:48,985] multiqc                                            [DEBUG  ]  File ignored by hicexplorer because it exceeded search pattern filesize limit: POR_R72_C1_SJ.out.tab
[2026-05-25 13:29:48,985] multiqc                                            [DEBUG  ]  File ignored by lima/summary because it exceeded search pattern filesize limit: POR_R72_C1_SJ.out.tab
[2026-05-25 13:29:48,988] multiqc                                            [DEBUG  ]  File ignored by longranger/invocation because it exceeded search pattern filesize limit: POR_R72_C1_SJ.out.tab
[2026-05-25 13:29:48,995] multiqc                                            [DEBUG  ]  File ignored by nanostat because it exceeded search pattern filesize limit: POR_R72_C1_SJ.out.tab
[2026-05-25 13:29:48,996] multiqc                                            [DEBUG  ]  Ignoring file as matched an ignore pattern: POR_R24_C2_Aligned.sortedByCoord.out.bam
[2026-05-25 13:29:49,000] multiqc                                            [DEBUG  ]  File ignored by ccs/v4 because it exceeded search pattern filesize limit: POR_R1_C1_Log.progress.out
[2026-05-25 13:29:49,002] multiqc                                            [DEBUG  ]  File ignored by lima/summary because it exceeded search pattern filesize limit: POR_R1_C1_Log.progress.out
[2026-05-25 13:29:49,018] multiqc                                            [DEBUG  ]  File ignored by ccs/v4 because it exceeded search pattern filesize limit: POR_R12_H2_SJ.out.tab
[2026-05-25 13:29:49,020] multiqc                                            [DEBUG  ]  File ignored by hicexplorer because it exceeded search pattern filesize limit: POR_R12_H2_SJ.out.tab
[2026-05-25 13:29:49,020] multiqc                                            [DEBUG  ]  File ignored by lima/summary because it exceeded search pattern filesize limit: POR_R12_H2_SJ.out.tab
[2026-05-25 13:29:49,023] multiqc                                            [DEBUG  ]  File ignored by longranger/invocation because it exceeded search pattern filesize limit: POR_R12_H2_SJ.out.tab
[2026-05-25 13:29:49,040] multiqc                                            [DEBUG  ]  File ignored by nanostat because it exceeded search pattern filesize limit: POR_R12_H2_SJ.out.tab
[2026-05-25 13:29:49,049] multiqc                                            [DEBUG  ]  File ignored by ccs/v4 because it exceeded search pattern filesize limit: POR_R24_C2_Log.out
[2026-05-25 13:29:49,051] multiqc                                            [DEBUG  ]  File ignored by hicexplorer because it exceeded search pattern filesize limit: POR_R24_C2_Log.out
[2026-05-25 13:29:49,051] multiqc                                            [DEBUG  ]  File ignored by lima/summary because it exceeded search pattern filesize limit: POR_R24_C2_Log.out
[2026-05-25 13:29:49,054] multiqc                                            [DEBUG  ]  File ignored by vep/vep_html because it exceeded search pattern filesize limit: POR_R24_C2_Log.out
[2026-05-25 13:29:49,054] multiqc                                            [DEBUG  ]  File ignored by vep/vep_txt because it exceeded search pattern filesize limit: POR_R24_C2_Log.out
[2026-05-25 13:29:49,054] multiqc                                            [DEBUG  ]  File ignored by longranger/invocation because it exceeded search pattern filesize limit: POR_R24_C2_Log.out
[2026-05-25 13:29:49,054] multiqc                                            [DEBUG  ]  File ignored by rockhopper because it exceeded search pattern filesize limit: POR_R24_C2_Log.out
[2026-05-25 13:29:49,055] multiqc                                            [DEBUG  ]  File ignored by rseqc/bam_stat because it exceeded search pattern filesize limit: POR_R24_C2_Log.out
[2026-05-25 13:29:49,055] multiqc                                            [DEBUG  ]  File ignored by rseqc/junction_annotation because it exceeded search pattern filesize limit: POR_R24_C2_Log.out
[2026-05-25 13:29:49,055] multiqc                                            [DEBUG  ]  File ignored by rseqc/read_distribution because it exceeded search pattern filesize limit: POR_R24_C2_Log.out
[2026-05-25 13:29:49,055] multiqc                                            [DEBUG  ]  File ignored by rseqc/infer_experiment because it exceeded search pattern filesize limit: POR_R24_C2_Log.out
[2026-05-25 13:29:49,072] multiqc                                            [DEBUG  ]  File ignored by stacks/sumstats because it exceeded search pattern filesize limit: POR_R24_C2_Log.out
[2026-05-25 13:29:49,677] multiqc                                            [DEBUG  ]  File ignored by nanostat because it exceeded search pattern filesize limit: POR_R24_C2_Log.out
[2026-05-25 13:29:49,717] multiqc                                            [DEBUG  ]  File ignored by ccs/v4 because it exceeded search pattern filesize limit: POR_R1_H1_Log.out
[2026-05-25 13:29:49,724] multiqc                                            [DEBUG  ]  File ignored by hicexplorer because it exceeded search pattern filesize limit: POR_R1_H1_Log.out
[2026-05-25 13:29:49,724] multiqc                                            [DEBUG  ]  File ignored by lima/summary because it exceeded search pattern filesize limit: POR_R1_H1_Log.out
[2026-05-25 13:29:49,727] multiqc                                            [DEBUG  ]  File ignored by vep/vep_html because it exceeded search pattern filesize limit: POR_R1_H1_Log.out
[2026-05-25 13:29:49,727] multiqc                                            [DEBUG  ]  File ignored by vep/vep_txt because it exceeded search pattern filesize limit: POR_R1_H1_Log.out
[2026-05-25 13:29:49,727] multiqc                                            [DEBUG  ]  File ignored by longranger/invocation because it exceeded search pattern filesize limit: POR_R1_H1_Log.out
[2026-05-25 13:29:49,727] multiqc                                            [DEBUG  ]  File ignored by rockhopper because it exceeded search pattern filesize limit: POR_R1_H1_Log.out
[2026-05-25 13:29:49,727] multiqc                                            [DEBUG  ]  File ignored by rseqc/bam_stat because it exceeded search pattern filesize limit: POR_R1_H1_Log.out
[2026-05-25 13:29:49,727] multiqc                                            [DEBUG  ]  File ignored by rseqc/junction_annotation because it exceeded search pattern filesize limit: POR_R1_H1_Log.out
[2026-05-25 13:29:49,727] multiqc                                            [DEBUG  ]  File ignored by rseqc/read_distribution because it exceeded search pattern filesize limit: POR_R1_H1_Log.out
[2026-05-25 13:29:49,727] multiqc                                            [DEBUG  ]  File ignored by rseqc/infer_experiment because it exceeded search pattern filesize limit: POR_R1_H1_Log.out
[2026-05-25 13:29:49,743] multiqc                                            [DEBUG  ]  File ignored by stacks/sumstats because it exceeded search pattern filesize limit: POR_R1_H1_Log.out
[2026-05-25 13:29:50,346] multiqc                                            [DEBUG  ]  File ignored by nanostat because it exceeded search pattern filesize limit: POR_R1_H1_Log.out
[2026-05-25 13:29:50,383] multiqc                                            [DEBUG  ]  File ignored by ccs/v4 because it exceeded search pattern filesize limit: POR_R1_H1_Log.progress.out
[2026-05-25 13:29:50,384] multiqc                                            [DEBUG  ]  File ignored by lima/summary because it exceeded search pattern filesize limit: POR_R1_H1_Log.progress.out
[2026-05-25 13:29:50,401] multiqc                                            [DEBUG  ]  File ignored by ccs/v4 because it exceeded search pattern filesize limit: POR_R120_C2_Log.out
[2026-05-25 13:29:50,403] multiqc                                            [DEBUG  ]  File ignored by hicexplorer because it exceeded search pattern filesize limit: POR_R120_C2_Log.out
[2026-05-25 13:29:50,403] multiqc                                            [DEBUG  ]  File ignored by lima/summary because it exceeded search pattern filesize limit: POR_R120_C2_Log.out
[2026-05-25 13:29:50,406] multiqc                                            [DEBUG  ]  File ignored by vep/vep_html because it exceeded search pattern filesize limit: POR_R120_C2_Log.out
[2026-05-25 13:29:50,406] multiqc                                            [DEBUG  ]  File ignored by vep/vep_txt because it exceeded search pattern filesize limit: POR_R120_C2_Log.out
[2026-05-25 13:29:50,406] multiqc                                            [DEBUG  ]  File ignored by longranger/invocation because it exceeded search pattern filesize limit: POR_R120_C2_Log.out
[2026-05-25 13:29:50,406] multiqc                                            [DEBUG  ]  File ignored by rockhopper because it exceeded search pattern filesize limit: POR_R120_C2_Log.out
[2026-05-25 13:29:50,406] multiqc                                            [DEBUG  ]  File ignored by rseqc/bam_stat because it exceeded search pattern filesize limit: POR_R120_C2_Log.out
[2026-05-25 13:29:50,406] multiqc                                            [DEBUG  ]  File ignored by rseqc/junction_annotation because it exceeded search pattern filesize limit: POR_R120_C2_Log.out
[2026-05-25 13:29:50,406] multiqc                                            [DEBUG  ]  File ignored by rseqc/read_distribution because it exceeded search pattern filesize limit: POR_R120_C2_Log.out
[2026-05-25 13:29:50,407] multiqc                                            [DEBUG  ]  File ignored by rseqc/infer_experiment because it exceeded search pattern filesize limit: POR_R120_C2_Log.out
[2026-05-25 13:29:50,422] multiqc                                            [DEBUG  ]  File ignored by stacks/sumstats because it exceeded search pattern filesize limit: POR_R120_C2_Log.out
[2026-05-25 13:29:51,029] multiqc                                            [DEBUG  ]  File ignored by nanostat because it exceeded search pattern filesize limit: POR_R120_C2_Log.out
[2026-05-25 13:29:51,064] multiqc                                            [DEBUG  ]  Ignoring file as matched an ignore pattern: POR_R3_H1_Aligned.sortedByCoord.out.bam
[2026-05-25 13:29:51,069] multiqc                                            [DEBUG  ]  File ignored by ccs/v4 because it exceeded search pattern filesize limit: POR_R120_C2_SJ.out.tab
[2026-05-25 13:29:51,070] multiqc                                            [DEBUG  ]  File ignored by hicexplorer because it exceeded search pattern filesize limit: POR_R120_C2_SJ.out.tab
[2026-05-25 13:29:51,071] multiqc                                            [DEBUG  ]  File ignored by lima/summary because it exceeded search pattern filesize limit: POR_R120_C2_SJ.out.tab
[2026-05-25 13:29:51,074] multiqc                                            [DEBUG  ]  File ignored by longranger/invocation because it exceeded search pattern filesize limit: POR_R120_C2_SJ.out.tab
[2026-05-25 13:29:51,083] multiqc                                            [DEBUG  ]  File ignored by nanostat because it exceeded search pattern filesize limit: POR_R120_C2_SJ.out.tab
[2026-05-25 13:29:51,084] multiqc                                            [DEBUG  ]  Ignoring file as matched an ignore pattern: POR_R3_C3_Aligned.sortedByCoord.out.bam
[2026-05-25 13:29:51,089] multiqc                                            [DEBUG  ]  File ignored by ccs/v4 because it exceeded search pattern filesize limit: POR_R0_H3_SJ.out.tab
[2026-05-25 13:29:51,090] multiqc                                            [DEBUG  ]  File ignored by hicexplorer because it exceeded search pattern filesize limit: POR_R0_H3_SJ.out.tab
[2026-05-25 13:29:51,091] multiqc                                            [DEBUG  ]  File ignored by lima/summary because it exceeded search pattern filesize limit: POR_R0_H3_SJ.out.tab
[2026-05-25 13:29:51,094] multiqc                                            [DEBUG  ]  File ignored by longranger/invocation because it exceeded search pattern filesize limit: POR_R0_H3_SJ.out.tab
[2026-05-25 13:29:51,108] multiqc                                            [DEBUG  ]  File ignored by nanostat because it exceeded search pattern filesize limit: POR_R0_H3_SJ.out.tab
[2026-05-25 13:29:51,118] multiqc                                            [DEBUG  ]  File ignored by ccs/v4 because it exceeded search pattern filesize limit: POR_R1_H2_SJ.out.tab
[2026-05-25 13:29:51,119] multiqc                                            [DEBUG  ]  File ignored by hicexplorer because it exceeded search pattern filesize limit: POR_R1_H2_SJ.out.tab
[2026-05-25 13:29:51,120] multiqc                                            [DEBUG  ]  File ignored by lima/summary because it exceeded search pattern filesize limit: POR_R1_H2_SJ.out.tab
[2026-05-25 13:29:51,123] multiqc                                            [DEBUG  ]  File ignored by longranger/invocation because it exceeded search pattern filesize limit: POR_R1_H2_SJ.out.tab
[2026-05-25 13:29:51,130] multiqc                                            [DEBUG  ]  File ignored by nanostat because it exceeded search pattern filesize limit: POR_R1_H2_SJ.out.tab
[2026-05-25 13:29:51,136] multiqc                                            [DEBUG  ]  File ignored by ccs/v4 because it exceeded search pattern filesize limit: POR_R120_H1_Log.progress.out
[2026-05-25 13:29:51,138] multiqc                                            [DEBUG  ]  File ignored by lima/summary because it exceeded search pattern filesize limit: POR_R120_H1_Log.progress.out
[2026-05-25 13:29:51,140] multiqc                                            [DEBUG  ]  File ignored by longranger/invocation because it exceeded search pattern filesize limit: POR_R120_H1_Log.progress.out
[2026-05-25 13:29:51,152] multiqc                                            [DEBUG  ]  File ignored by ccs/v4 because it exceeded search pattern filesize limit: POR_R0_C1_SJ.out.tab
[2026-05-25 13:29:51,153] multiqc                                            [DEBUG  ]  File ignored by hicexplorer because it exceeded search pattern filesize limit: POR_R0_C1_SJ.out.tab
[2026-05-25 13:29:51,154] multiqc                                            [DEBUG  ]  File ignored by lima/summary because it exceeded search pattern filesize limit: POR_R0_C1_SJ.out.tab
[2026-05-25 13:29:51,157] multiqc                                            [DEBUG  ]  File ignored by longranger/invocation because it exceeded search pattern filesize limit: POR_R0_C1_SJ.out.tab
[2026-05-25 13:29:51,165] multiqc                                            [DEBUG  ]  File ignored by nanostat because it exceeded search pattern filesize limit: POR_R0_C1_SJ.out.tab
[2026-05-25 13:29:51,166] multiqc                                            [DEBUG  ]  Ignoring file as matched an ignore pattern: POR_R1_H2_Aligned.sortedByCoord.out.bam
[2026-05-25 13:29:51,170] multiqc                                            [DEBUG  ]  File ignored by ccs/v4 because it exceeded search pattern filesize limit: POR_R120_C1_Log.progress.out
[2026-05-25 13:29:51,172] multiqc                                            [DEBUG  ]  File ignored by lima/summary because it exceeded search pattern filesize limit: POR_R120_C1_Log.progress.out
[2026-05-25 13:29:51,175] multiqc                                            [DEBUG  ]  File ignored by longranger/invocation because it exceeded search pattern filesize limit: POR_R120_C1_Log.progress.out
[2026-05-25 13:29:51,185] multiqc                                            [DEBUG  ]  File ignored by ccs/v4 because it exceeded search pattern filesize limit: POR_R72_H3_SJ.out.tab
[2026-05-25 13:29:51,187] multiqc                                            [DEBUG  ]  File ignored by hicexplorer because it exceeded search pattern filesize limit: POR_R72_H3_SJ.out.tab
[2026-05-25 13:29:51,187] multiqc                                            [DEBUG  ]  File ignored by lima/summary because it exceeded search pattern filesize limit: POR_R72_H3_SJ.out.tab
[2026-05-25 13:29:51,190] multiqc                                            [DEBUG  ]  File ignored by longranger/invocation because it exceeded search pattern filesize limit: POR_R72_H3_SJ.out.tab
[2026-05-25 13:29:51,199] multiqc                                            [DEBUG  ]  File ignored by nanostat because it exceeded search pattern filesize limit: POR_R72_H3_SJ.out.tab
[2026-05-25 13:29:51,211] multiqc                                            [DEBUG  ]  File ignored by ccs/v4 because it exceeded search pattern filesize limit: POR_R1_C3_Log.out
[2026-05-25 13:29:51,213] multiqc                                            [DEBUG  ]  File ignored by hicexplorer because it exceeded search pattern filesize limit: POR_R1_C3_Log.out
[2026-05-25 13:29:51,213] multiqc                                            [DEBUG  ]  File ignored by lima/summary because it exceeded search pattern filesize limit: POR_R1_C3_Log.out
[2026-05-25 13:29:51,216] multiqc                                            [DEBUG  ]  File ignored by vep/vep_html because it exceeded search pattern filesize limit: POR_R1_C3_Log.out
[2026-05-25 13:29:51,216] multiqc                                            [DEBUG  ]  File ignored by vep/vep_txt because it exceeded search pattern filesize limit: POR_R1_C3_Log.out
[2026-05-25 13:29:51,216] multiqc                                            [DEBUG  ]  File ignored by longranger/invocation because it exceeded search pattern filesize limit: POR_R1_C3_Log.out
[2026-05-25 13:29:51,216] multiqc                                            [DEBUG  ]  File ignored by rockhopper because it exceeded search pattern filesize limit: POR_R1_C3_Log.out
[2026-05-25 13:29:51,217] multiqc                                            [DEBUG  ]  File ignored by rseqc/bam_stat because it exceeded search pattern filesize limit: POR_R1_C3_Log.out
[2026-05-25 13:29:51,217] multiqc                                            [DEBUG  ]  File ignored by rseqc/junction_annotation because it exceeded search pattern filesize limit: POR_R1_C3_Log.out
[2026-05-25 13:29:51,217] multiqc                                            [DEBUG  ]  File ignored by rseqc/read_distribution because it exceeded search pattern filesize limit: POR_R1_C3_Log.out
[2026-05-25 13:29:51,217] multiqc                                            [DEBUG  ]  File ignored by rseqc/infer_experiment because it exceeded search pattern filesize limit: POR_R1_C3_Log.out
[2026-05-25 13:29:51,232] multiqc                                            [DEBUG  ]  File ignored by stacks/sumstats because it exceeded search pattern filesize limit: POR_R1_C3_Log.out
[2026-05-25 13:29:51,866] multiqc                                            [DEBUG  ]  File ignored by nanostat because it exceeded search pattern filesize limit: POR_R1_C3_Log.out
[2026-05-25 13:29:51,915] multiqc                                            [DEBUG  ]  File ignored by ccs/v4 because it exceeded search pattern filesize limit: POR_R1_H3_Log.progress.out
[2026-05-25 13:29:51,917] multiqc                                            [DEBUG  ]  File ignored by lima/summary because it exceeded search pattern filesize limit: POR_R1_H3_Log.progress.out
[2026-05-25 13:29:51,931] multiqc                                            [DEBUG  ]  File ignored by ccs/v4 because it exceeded search pattern filesize limit: POR_R120_C2_Log.progress.out
[2026-05-25 13:29:51,932] multiqc                                            [DEBUG  ]  File ignored by lima/summary because it exceeded search pattern filesize limit: POR_R120_C2_Log.progress.out
[2026-05-25 13:29:51,947] multiqc                                            [DEBUG  ]  File ignored by ccs/v4 because it exceeded search pattern filesize limit: POR_R72_H1_Log.out
[2026-05-25 13:29:51,949] multiqc                                            [DEBUG  ]  File ignored by hicexplorer because it exceeded search pattern filesize limit: POR_R72_H1_Log.out
[2026-05-25 13:29:51,949] multiqc                                            [DEBUG  ]  File ignored by lima/summary because it exceeded search pattern filesize limit: POR_R72_H1_Log.out
[2026-05-25 13:29:51,952] multiqc                                            [DEBUG  ]  File ignored by vep/vep_html because it exceeded search pattern filesize limit: POR_R72_H1_Log.out
[2026-05-25 13:29:51,952] multiqc                                            [DEBUG  ]  File ignored by vep/vep_txt because it exceeded search pattern filesize limit: POR_R72_H1_Log.out
[2026-05-25 13:29:51,952] multiqc                                            [DEBUG  ]  File ignored by longranger/invocation because it exceeded search pattern filesize limit: POR_R72_H1_Log.out
[2026-05-25 13:29:51,952] multiqc                                            [DEBUG  ]  File ignored by rockhopper because it exceeded search pattern filesize limit: POR_R72_H1_Log.out
[2026-05-25 13:29:51,952] multiqc                                            [DEBUG  ]  File ignored by rseqc/bam_stat because it exceeded search pattern filesize limit: POR_R72_H1_Log.out
[2026-05-25 13:29:51,952] multiqc                                            [DEBUG  ]  File ignored by rseqc/junction_annotation because it exceeded search pattern filesize limit: POR_R72_H1_Log.out
[2026-05-25 13:29:51,952] multiqc                                            [DEBUG  ]  File ignored by rseqc/read_distribution because it exceeded search pattern filesize limit: POR_R72_H1_Log.out
[2026-05-25 13:29:51,952] multiqc                                            [DEBUG  ]  File ignored by rseqc/infer_experiment because it exceeded search pattern filesize limit: POR_R72_H1_Log.out
[2026-05-25 13:29:51,967] multiqc                                            [DEBUG  ]  File ignored by stacks/sumstats because it exceeded search pattern filesize limit: POR_R72_H1_Log.out
[2026-05-25 13:29:52,566] multiqc                                            [DEBUG  ]  File ignored by nanostat because it exceeded search pattern filesize limit: POR_R72_H1_Log.out
[2026-05-25 13:29:52,610] multiqc                                            [DEBUG  ]  File ignored by ccs/v4 because it exceeded search pattern filesize limit: POR_R24_H2_SJ.out.tab
[2026-05-25 13:29:52,612] multiqc                                            [DEBUG  ]  File ignored by hicexplorer because it exceeded search pattern filesize limit: POR_R24_H2_SJ.out.tab
[2026-05-25 13:29:52,613] multiqc                                            [DEBUG  ]  File ignored by lima/summary because it exceeded search pattern filesize limit: POR_R24_H2_SJ.out.tab
[2026-05-25 13:29:52,616] multiqc                                            [DEBUG  ]  File ignored by longranger/invocation because it exceeded search pattern filesize limit: POR_R24_H2_SJ.out.tab
[2026-05-25 13:29:52,649] multiqc                                            [DEBUG  ]  File ignored by nanostat because it exceeded search pattern filesize limit: POR_R24_H2_SJ.out.tab
[2026-05-25 13:29:52,655] multiqc                                            [DEBUG  ]  File ignored by ccs/v4 because it exceeded search pattern filesize limit: POR_R1_C3_Log.progress.out
[2026-05-25 13:29:52,657] multiqc                                            [DEBUG  ]  File ignored by lima/summary because it exceeded search pattern filesize limit: POR_R1_C3_Log.progress.out
[2026-05-25 13:29:52,671] multiqc                                            [DEBUG  ]  File ignored by ccs/v4 because it exceeded search pattern filesize limit: POR_R12_C2_Log.out
[2026-05-25 13:29:52,673] multiqc                                            [DEBUG  ]  File ignored by hicexplorer because it exceeded search pattern filesize limit: POR_R12_C2_Log.out
[2026-05-25 13:29:52,674] multiqc                                            [DEBUG  ]  File ignored by lima/summary because it exceeded search pattern filesize limit: POR_R12_C2_Log.out
[2026-05-25 13:29:52,677] multiqc                                            [DEBUG  ]  File ignored by vep/vep_html because it exceeded search pattern filesize limit: POR_R12_C2_Log.out
[2026-05-25 13:29:52,677] multiqc                                            [DEBUG  ]  File ignored by vep/vep_txt because it exceeded search pattern filesize limit: POR_R12_C2_Log.out
[2026-05-25 13:29:52,677] multiqc                                            [DEBUG  ]  File ignored by longranger/invocation because it exceeded search pattern filesize limit: POR_R12_C2_Log.out
[2026-05-25 13:29:52,677] multiqc                                            [DEBUG  ]  File ignored by rockhopper because it exceeded search pattern filesize limit: POR_R12_C2_Log.out
[2026-05-25 13:29:52,677] multiqc                                            [DEBUG  ]  File ignored by rseqc/bam_stat because it exceeded search pattern filesize limit: POR_R12_C2_Log.out
[2026-05-25 13:29:52,677] multiqc                                            [DEBUG  ]  File ignored by rseqc/junction_annotation because it exceeded search pattern filesize limit: POR_R12_C2_Log.out
[2026-05-25 13:29:52,677] multiqc                                            [DEBUG  ]  File ignored by rseqc/read_distribution because it exceeded search pattern filesize limit: POR_R12_C2_Log.out
[2026-05-25 13:29:52,677] multiqc                                            [DEBUG  ]  File ignored by rseqc/infer_experiment because it exceeded search pattern filesize limit: POR_R12_C2_Log.out
[2026-05-25 13:29:52,694] multiqc                                            [DEBUG  ]  File ignored by stacks/sumstats because it exceeded search pattern filesize limit: POR_R12_C2_Log.out
[2026-05-25 13:29:53,345] multiqc                                            [DEBUG  ]  File ignored by nanostat because it exceeded search pattern filesize limit: POR_R12_C2_Log.out
[2026-05-25 13:29:53,388] multiqc                                            [DEBUG  ]  File ignored by ccs/v4 because it exceeded search pattern filesize limit: POR_R0_H3_Log.out
[2026-05-25 13:29:53,390] multiqc                                            [DEBUG  ]  File ignored by hicexplorer because it exceeded search pattern filesize limit: POR_R0_H3_Log.out
[2026-05-25 13:29:53,390] multiqc                                            [DEBUG  ]  File ignored by lima/summary because it exceeded search pattern filesize limit: POR_R0_H3_Log.out
[2026-05-25 13:29:53,393] multiqc                                            [DEBUG  ]  File ignored by vep/vep_html because it exceeded search pattern filesize limit: POR_R0_H3_Log.out
[2026-05-25 13:29:53,393] multiqc                                            [DEBUG  ]  File ignored by vep/vep_txt because it exceeded search pattern filesize limit: POR_R0_H3_Log.out
[2026-05-25 13:29:53,394] multiqc                                            [DEBUG  ]  File ignored by longranger/invocation because it exceeded search pattern filesize limit: POR_R0_H3_Log.out
[2026-05-25 13:29:53,394] multiqc                                            [DEBUG  ]  File ignored by rockhopper because it exceeded search pattern filesize limit: POR_R0_H3_Log.out
[2026-05-25 13:29:53,394] multiqc                                            [DEBUG  ]  File ignored by rseqc/bam_stat because it exceeded search pattern filesize limit: POR_R0_H3_Log.out
[2026-05-25 13:29:53,394] multiqc                                            [DEBUG  ]  File ignored by rseqc/junction_annotation because it exceeded search pattern filesize limit: POR_R0_H3_Log.out
[2026-05-25 13:29:53,394] multiqc                                            [DEBUG  ]  File ignored by rseqc/read_distribution because it exceeded search pattern filesize limit: POR_R0_H3_Log.out
[2026-05-25 13:29:53,394] multiqc                                            [DEBUG  ]  File ignored by rseqc/infer_experiment because it exceeded search pattern filesize limit: POR_R0_H3_Log.out
[2026-05-25 13:29:53,410] multiqc                                            [DEBUG  ]  File ignored by stacks/sumstats because it exceeded search pattern filesize limit: POR_R0_H3_Log.out
[2026-05-25 13:29:54,001] multiqc                                            [DEBUG  ]  File ignored by nanostat because it exceeded search pattern filesize limit: POR_R0_H3_Log.out
[2026-05-25 13:29:54,036] multiqc                                            [DEBUG  ]  Ignoring file as matched an ignore pattern: POR_R12_C1_Aligned.sortedByCoord.out.bam
[2026-05-25 13:29:54,040] multiqc                                            [DEBUG  ]  File ignored by ccs/v4 because it exceeded search pattern filesize limit: POR_R120_H2_Log.progress.out
[2026-05-25 13:29:54,042] multiqc                                            [DEBUG  ]  File ignored by lima/summary because it exceeded search pattern filesize limit: POR_R120_H2_Log.progress.out
[2026-05-25 13:29:54,050] multiqc                                            [DEBUG  ]  Ignoring file as matched an ignore pattern: POR_R12_H3_Aligned.sortedByCoord.out.bam
[2026-05-25 13:29:54,051] multiqc                                            [DEBUG  ]  Ignoring file as matched an ignore pattern: POR_R0_C1_Aligned.sortedByCoord.out.bam
[2026-05-25 13:29:54,056] multiqc                                            [DEBUG  ]  File ignored by ccs/v4 because it exceeded search pattern filesize limit: POR_R3_C2_SJ.out.tab
[2026-05-25 13:29:54,057] multiqc                                            [DEBUG  ]  File ignored by hicexplorer because it exceeded search pattern filesize limit: POR_R3_C2_SJ.out.tab
[2026-05-25 13:29:54,057] multiqc                                            [DEBUG  ]  File ignored by lima/summary because it exceeded search pattern filesize limit: POR_R3_C2_SJ.out.tab
[2026-05-25 13:29:54,060] multiqc                                            [DEBUG  ]  File ignored by longranger/invocation because it exceeded search pattern filesize limit: POR_R3_C2_SJ.out.tab
[2026-05-25 13:29:54,075] multiqc                                            [DEBUG  ]  File ignored by nanostat because it exceeded search pattern filesize limit: POR_R3_C2_SJ.out.tab
[2026-05-25 13:29:54,082] multiqc                                            [DEBUG  ]  File ignored by ccs/v4 because it exceeded search pattern filesize limit: POR_R3_C2_Log.out
[2026-05-25 13:29:54,084] multiqc                                            [DEBUG  ]  File ignored by hicexplorer because it exceeded search pattern filesize limit: POR_R3_C2_Log.out
[2026-05-25 13:29:54,084] multiqc                                            [DEBUG  ]  File ignored by lima/summary because it exceeded search pattern filesize limit: POR_R3_C2_Log.out
[2026-05-25 13:29:54,087] multiqc                                            [DEBUG  ]  File ignored by vep/vep_html because it exceeded search pattern filesize limit: POR_R3_C2_Log.out
[2026-05-25 13:29:54,087] multiqc                                            [DEBUG  ]  File ignored by vep/vep_txt because it exceeded search pattern filesize limit: POR_R3_C2_Log.out
[2026-05-25 13:29:54,087] multiqc                                            [DEBUG  ]  File ignored by longranger/invocation because it exceeded search pattern filesize limit: POR_R3_C2_Log.out
[2026-05-25 13:29:54,087] multiqc                                            [DEBUG  ]  File ignored by rockhopper because it exceeded search pattern filesize limit: POR_R3_C2_Log.out
[2026-05-25 13:29:54,088] multiqc                                            [DEBUG  ]  File ignored by rseqc/bam_stat because it exceeded search pattern filesize limit: POR_R3_C2_Log.out
[2026-05-25 13:29:54,088] multiqc                                            [DEBUG  ]  File ignored by rseqc/junction_annotation because it exceeded search pattern filesize limit: POR_R3_C2_Log.out
[2026-05-25 13:29:54,088] multiqc                                            [DEBUG  ]  File ignored by rseqc/read_distribution because it exceeded search pattern filesize limit: POR_R3_C2_Log.out
[2026-05-25 13:29:54,088] multiqc                                            [DEBUG  ]  File ignored by rseqc/infer_experiment because it exceeded search pattern filesize limit: POR_R3_C2_Log.out
[2026-05-25 13:29:54,104] multiqc                                            [DEBUG  ]  File ignored by stacks/sumstats because it exceeded search pattern filesize limit: POR_R3_C2_Log.out
[2026-05-25 13:29:54,730] multiqc                                            [DEBUG  ]  File ignored by nanostat because it exceeded search pattern filesize limit: POR_R3_C2_Log.out
[2026-05-25 13:29:54,775] multiqc                                            [DEBUG  ]  File ignored by ccs/v4 because it exceeded search pattern filesize limit: POR_R72_C3_Log.out
[2026-05-25 13:29:54,777] multiqc                                            [DEBUG  ]  File ignored by hicexplorer because it exceeded search pattern filesize limit: POR_R72_C3_Log.out
[2026-05-25 13:29:54,777] multiqc                                            [DEBUG  ]  File ignored by lima/summary because it exceeded search pattern filesize limit: POR_R72_C3_Log.out
[2026-05-25 13:29:54,780] multiqc                                            [DEBUG  ]  File ignored by vep/vep_html because it exceeded search pattern filesize limit: POR_R72_C3_Log.out
[2026-05-25 13:29:54,780] multiqc                                            [DEBUG  ]  File ignored by vep/vep_txt because it exceeded search pattern filesize limit: POR_R72_C3_Log.out
[2026-05-25 13:29:54,780] multiqc                                            [DEBUG  ]  File ignored by longranger/invocation because it exceeded search pattern filesize limit: POR_R72_C3_Log.out
[2026-05-25 13:29:54,780] multiqc                                            [DEBUG  ]  File ignored by rockhopper because it exceeded search pattern filesize limit: POR_R72_C3_Log.out
[2026-05-25 13:29:54,780] multiqc                                            [DEBUG  ]  File ignored by rseqc/bam_stat because it exceeded search pattern filesize limit: POR_R72_C3_Log.out
[2026-05-25 13:29:54,780] multiqc                                            [DEBUG  ]  File ignored by rseqc/junction_annotation because it exceeded search pattern filesize limit: POR_R72_C3_Log.out
[2026-05-25 13:29:54,781] multiqc                                            [DEBUG  ]  File ignored by rseqc/read_distribution because it exceeded search pattern filesize limit: POR_R72_C3_Log.out
[2026-05-25 13:29:54,781] multiqc                                            [DEBUG  ]  File ignored by rseqc/infer_experiment because it exceeded search pattern filesize limit: POR_R72_C3_Log.out
[2026-05-25 13:29:54,797] multiqc                                            [DEBUG  ]  File ignored by stacks/sumstats because it exceeded search pattern filesize limit: POR_R72_C3_Log.out
[2026-05-25 13:29:55,413] multiqc                                            [DEBUG  ]  File ignored by nanostat because it exceeded search pattern filesize limit: POR_R72_C3_Log.out
[2026-05-25 13:29:55,458] multiqc                                            [DEBUG  ]  File ignored by ccs/v4 because it exceeded search pattern filesize limit: POR_R120_C3_Log.progress.out
[2026-05-25 13:29:55,459] multiqc                                            [DEBUG  ]  File ignored by lima/summary because it exceeded search pattern filesize limit: POR_R120_C3_Log.progress.out
[2026-05-25 13:29:55,469] multiqc                                            [DEBUG  ]  Ignoring file as matched an ignore pattern: POR_R0_H3_Aligned.sortedByCoord.out.bam
[2026-05-25 13:29:55,473] multiqc                                            [DEBUG  ]  File ignored by ccs/v4 because it exceeded search pattern filesize limit: POR_R1_H2_Log.progress.out
[2026-05-25 13:29:55,475] multiqc                                            [DEBUG  ]  File ignored by lima/summary because it exceeded search pattern filesize limit: POR_R1_H2_Log.progress.out
[2026-05-25 13:29:55,488] multiqc                                            [DEBUG  ]  File ignored by ccs/v4 because it exceeded search pattern filesize limit: POR_R120_H3_Log.progress.out
[2026-05-25 13:29:55,490] multiqc                                            [DEBUG  ]  File ignored by lima/summary because it exceeded search pattern filesize limit: POR_R120_H3_Log.progress.out
[2026-05-25 13:29:55,505] multiqc                                            [DEBUG  ]  File ignored by ccs/v4 because it exceeded search pattern filesize limit: POR_R0_C1_Log.out
[2026-05-25 13:29:55,507] multiqc                                            [DEBUG  ]  File ignored by hicexplorer because it exceeded search pattern filesize limit: POR_R0_C1_Log.out
[2026-05-25 13:29:55,507] multiqc                                            [DEBUG  ]  File ignored by lima/summary because it exceeded search pattern filesize limit: POR_R0_C1_Log.out
[2026-05-25 13:29:55,510] multiqc                                            [DEBUG  ]  File ignored by vep/vep_html because it exceeded search pattern filesize limit: POR_R0_C1_Log.out
[2026-05-25 13:29:55,510] multiqc                                            [DEBUG  ]  File ignored by vep/vep_txt because it exceeded search pattern filesize limit: POR_R0_C1_Log.out
[2026-05-25 13:29:55,510] multiqc                                            [DEBUG  ]  File ignored by longranger/invocation because it exceeded search pattern filesize limit: POR_R0_C1_Log.out
[2026-05-25 13:29:55,510] multiqc                                            [DEBUG  ]  File ignored by rockhopper because it exceeded search pattern filesize limit: POR_R0_C1_Log.out
[2026-05-25 13:29:55,510] multiqc                                            [DEBUG  ]  File ignored by rseqc/bam_stat because it exceeded search pattern filesize limit: POR_R0_C1_Log.out
[2026-05-25 13:29:55,510] multiqc                                            [DEBUG  ]  File ignored by rseqc/junction_annotation because it exceeded search pattern filesize limit: POR_R0_C1_Log.out
[2026-05-25 13:29:55,511] multiqc                                            [DEBUG  ]  File ignored by rseqc/read_distribution because it exceeded search pattern filesize limit: POR_R0_C1_Log.out
[2026-05-25 13:29:55,511] multiqc                                            [DEBUG  ]  File ignored by rseqc/infer_experiment because it exceeded search pattern filesize limit: POR_R0_C1_Log.out
[2026-05-25 13:29:55,527] multiqc                                            [DEBUG  ]  File ignored by stacks/sumstats because it exceeded search pattern filesize limit: POR_R0_C1_Log.out
[2026-05-25 13:29:56,152] multiqc                                            [DEBUG  ]  File ignored by nanostat because it exceeded search pattern filesize limit: POR_R0_C1_Log.out
[2026-05-25 13:29:56,194] multiqc                                            [DEBUG  ]  File ignored by ccs/v4 because it exceeded search pattern filesize limit: POR_R1_C2_Log.progress.out
[2026-05-25 13:29:56,195] multiqc                                            [DEBUG  ]  File ignored by lima/summary because it exceeded search pattern filesize limit: POR_R1_C2_Log.progress.out
[2026-05-25 13:29:56,204] multiqc                                            [DEBUG  ]  Ignoring file as matched an ignore pattern: POR_R72_H3_Aligned.sortedByCoord.out.bam
[2026-05-25 13:29:56,204] multiqc                                            [DEBUG  ]  Ignoring file as matched an ignore pattern: POR_R72_C1_Aligned.sortedByCoord.out.bam
[2026-05-25 13:29:56,205] multiqc                                            [DEBUG  ]  Ignoring file as matched an ignore pattern: POR_R120_H2_Aligned.sortedByCoord.out.bam
[2026-05-25 13:29:56,865] multiqc.plots.bargraph                             [DEBUG  ]  Using matplotlib version 3.4.3
[2026-05-25 13:29:57,105] multiqc.modules.star.star                          [DEBUG  ]  Duplicate ReadsPerGene sample name found! Overwriting: POR_R72_H2
[2026-05-25 13:29:57,213] multiqc.modules.star.star                          [DEBUG  ]  Duplicate ReadsPerGene sample name found! Overwriting: POR_R120_C1
[2026-05-25 13:29:57,321] multiqc.modules.star.star                          [DEBUG  ]  Duplicate ReadsPerGene sample name found! Overwriting: POR_R0_C1
[2026-05-25 13:29:57,431] multiqc.modules.star.star                          [DEBUG  ]  Duplicate ReadsPerGene sample name found! Overwriting: POR_R72_C3
[2026-05-25 13:29:57,537] multiqc.modules.star.star                          [DEBUG  ]  Duplicate ReadsPerGene sample name found! Overwriting: POR_R3_H1
[2026-05-25 13:29:57,637] multiqc.modules.star.star                          [DEBUG  ]  Duplicate ReadsPerGene sample name found! Overwriting: POR_R1_C3
[2026-05-25 13:29:57,736] multiqc.modules.star.star                          [DEBUG  ]  Duplicate ReadsPerGene sample name found! Overwriting: POR_R12_H2
[2026-05-25 13:29:57,837] multiqc.modules.star.star                          [DEBUG  ]  Duplicate ReadsPerGene sample name found! Overwriting: POR_R12_C3
[2026-05-25 13:29:57,947] multiqc.modules.star.star                          [DEBUG  ]  Duplicate ReadsPerGene sample name found! Overwriting: POR_R1_H2
[2026-05-25 13:29:58,050] multiqc.modules.star.star                          [DEBUG  ]  Duplicate ReadsPerGene sample name found! Overwriting: POR_R24_H1
[2026-05-25 13:29:58,148] multiqc.modules.star.star                          [DEBUG  ]  Duplicate ReadsPerGene sample name found! Overwriting: POR_R0_H1
[2026-05-25 13:29:58,247] multiqc.modules.star.star                          [DEBUG  ]  Duplicate ReadsPerGene sample name found! Overwriting: POR_R72_H3
[2026-05-25 13:29:58,344] multiqc.modules.star.star                          [DEBUG  ]  Duplicate ReadsPerGene sample name found! Overwriting: POR_R72_C2
[2026-05-25 13:29:58,441] multiqc.modules.star.star                          [DEBUG  ]  Duplicate ReadsPerGene sample name found! Overwriting: POR_R120_H1
[2026-05-25 13:29:58,538] multiqc.modules.star.star                          [DEBUG  ]  Duplicate ReadsPerGene sample name found! Overwriting: POR_R12_H3
[2026-05-25 13:29:58,636] multiqc.modules.star.star                          [DEBUG  ]  Duplicate ReadsPerGene sample name found! Overwriting: POR_R24_C1
[2026-05-25 13:29:58,734] multiqc.modules.star.star                          [DEBUG  ]  Duplicate ReadsPerGene sample name found! Overwriting: POR_R1_C2
[2026-05-25 13:29:58,831] multiqc.modules.star.star                          [DEBUG  ]  Duplicate ReadsPerGene sample name found! Overwriting: POR_R3_C1
[2026-05-25 13:29:58,930] multiqc.modules.star.star                          [DEBUG  ]  Duplicate ReadsPerGene sample name found! Overwriting: POR_R1_H3
[2026-05-25 13:29:59,028] multiqc.modules.star.star                          [DEBUG  ]  Duplicate ReadsPerGene sample name found! Overwriting: POR_R12_C2
[2026-05-25 13:29:59,125] multiqc.modules.star.star                          [DEBUG  ]  Duplicate ReadsPerGene sample name found! Overwriting: POR_R72_C1
[2026-05-25 13:29:59,222] multiqc.modules.star.star                          [DEBUG  ]  Duplicate ReadsPerGene sample name found! Overwriting: POR_R0_C3
[2026-05-25 13:29:59,321] multiqc.modules.star.star                          [DEBUG  ]  Duplicate ReadsPerGene sample name found! Overwriting: POR_R120_H2
[2026-05-25 13:29:59,420] multiqc.modules.star.star                          [DEBUG  ]  Duplicate ReadsPerGene sample name found! Overwriting: POR_R120_C3
[2026-05-25 13:29:59,518] multiqc.modules.star.star                          [DEBUG  ]  Duplicate ReadsPerGene sample name found! Overwriting: POR_R0_H2
[2026-05-25 13:29:59,616] multiqc.modules.star.star                          [DEBUG  ]  Duplicate ReadsPerGene sample name found! Overwriting: POR_R3_C2
[2026-05-25 13:29:59,714] multiqc.modules.star.star                          [DEBUG  ]  Duplicate ReadsPerGene sample name found! Overwriting: POR_R12_C1
[2026-05-25 13:29:59,812] multiqc.modules.star.star                          [DEBUG  ]  Duplicate ReadsPerGene sample name found! Overwriting: POR_R24_H3
[2026-05-25 13:29:59,910] multiqc.modules.star.star                          [DEBUG  ]  Duplicate ReadsPerGene sample name found! Overwriting: POR_R1_C1
[2026-05-25 13:30:00,020] multiqc.modules.star.star                          [DEBUG  ]  Duplicate ReadsPerGene sample name found! Overwriting: POR_R24_C2
[2026-05-25 13:30:00,126] multiqc.modules.star.star                          [DEBUG  ]  Duplicate ReadsPerGene sample name found! Overwriting: POR_R3_H3
[2026-05-25 13:30:00,226] multiqc.modules.star.star                          [DEBUG  ]  Duplicate ReadsPerGene sample name found! Overwriting: POR_R120_H3
[2026-05-25 13:30:00,325] multiqc.modules.star.star                          [DEBUG  ]  Duplicate ReadsPerGene sample name found! Overwriting: POR_R0_C2
[2026-05-25 13:30:00,421] multiqc.modules.star.star                          [DEBUG  ]  Duplicate ReadsPerGene sample name found! Overwriting: POR_R72_H1
[2026-05-25 13:30:00,521] multiqc.modules.star.star                          [DEBUG  ]  Duplicate ReadsPerGene sample name found! Overwriting: POR_R0_H3
[2026-05-25 13:30:00,618] multiqc.modules.star.star                          [DEBUG  ]  Duplicate ReadsPerGene sample name found! Overwriting: POR_R120_C2
[2026-05-25 13:30:00,717] multiqc.modules.star.star                          [DEBUG  ]  Duplicate ReadsPerGene sample name found! Overwriting: POR_R24_H2
[2026-05-25 13:30:00,816] multiqc.modules.star.star                          [DEBUG  ]  Duplicate ReadsPerGene sample name found! Overwriting: POR_R1_H1
[2026-05-25 13:30:00,915] multiqc.modules.star.star                          [DEBUG  ]  Duplicate ReadsPerGene sample name found! Overwriting: POR_R3_C3
[2026-05-25 13:30:01,014] multiqc.modules.star.star                          [DEBUG  ]  Duplicate ReadsPerGene sample name found! Overwriting: POR_R3_H2
[2026-05-25 13:30:01,112] multiqc.modules.star.star                          [DEBUG  ]  Duplicate ReadsPerGene sample name found! Overwriting: POR_R12_H1
[2026-05-25 13:30:01,209] multiqc.modules.star.star                          [DEBUG  ]  Duplicate ReadsPerGene sample name found! Overwriting: POR_R24_C3
[2026-05-25 13:30:01,209] multiqc.modules.star.star                          [INFO   ]  Found 42 reports and 42 gene count files
[2026-05-25 13:30:01,244] multiqc                                            [INFO   ]  Compressing plot data
[2026-05-25 13:30:01,269] multiqc                                            [INFO   ]  Report      : multiqc_report.html
[2026-05-25 13:30:01,270] multiqc                                            [INFO   ]  Data        : multiqc_data
[2026-05-25 13:30:01,270] multiqc                                            [DEBUG  ]  Moving data file from '/tmp/tmpw_78s4_p/multiqc_data' to '/project/pi_hputnam_uri_edu/zdellaert/TimeSeries/4-multi-species/output_RNA/alignment_qc/POR_Dtrenchii/multiqc_data'
[2026-05-25 13:30:01,465] multiqc                                            [INFO   ]  MultiQC complete
