[2026-05-29 10:46:09,995] multiqc                                            [DEBUG  ]  This is MultiQC v1.12
[2026-05-29 10:46:09,998] multiqc                                            [DEBUG  ]  No MultiQC config found: /modules/uri_apps/software/MultiQC/1.12-foss-2021b/lib/python3.9/site-packages/multiqc_config.yaml
[2026-05-29 10:46:09,998] multiqc                                            [DEBUG  ]  No MultiQC config found: /home/zdellaert_uri_edu/.multiqc_config.yaml
[2026-05-29 10:46:09,999] multiqc                                            [DEBUG  ]  No MultiQC config found: multiqc_config.yaml
[2026-05-29 10:46:09,999] multiqc                                            [DEBUG  ]  Command used: /modules/uri_apps/software/MultiQC/1.12-foss-2021b/bin/multiqc . /scratch4/workspace/zdellaert_uri_edu-shared_TimeSeries/TimeSeries/aligned/POR_Pcomp_rRNA_removed
[2026-05-29 10:46:10,537] multiqc                                            [WARNING]  MultiQC Version v1.35 now available!
[2026-05-29 10:46:10,537] multiqc                                            [DEBUG  ]  Command     : /modules/uri_apps/software/MultiQC/1.12-foss-2021b/bin/multiqc . /scratch4/workspace/zdellaert_uri_edu-shared_TimeSeries/TimeSeries/aligned/POR_Pcomp_rRNA_removed
[2026-05-29 10:46:10,537] multiqc                                            [DEBUG  ]  Working dir : /project/pi_hputnam_uri_edu/zdellaert/TimeSeries/4-multi-species/output_RNA/alignment_qc/POR_Pcomp_rRNA_removed
[2026-05-29 10:46:10,538] multiqc                                            [DEBUG  ]  Template    : default
[2026-05-29 10:46:10,538] multiqc                                            [DEBUG  ]  Running Python 3.9.6 (default, Nov 15 2024, 16:57:16)  [GCC 11.2.0]
[2026-05-29 10:46:10,539] multiqc                                            [DEBUG  ]  Analysing modules: custom_content, ccs, ngsderive, purple, conpair, lima, peddy, somalier, methylQA, mosdepth, phantompeakqualtools, qualimap, preseq, quast, qorts, rna_seqc, rockhopper, rsem, rseqc, busco, bustools, goleft_indexcov, gffcompare, disambiguate, supernova, deeptools, sargasso, verifybamid, mirtrace, happy, mirtop, sambamba, homer, hops, macs2, theta2, snpeff, gatk, htseq, bcftools, featureCounts, fgbio, dragen, dedup, pbmarkdup, damageprofiler, biobambam2, jcvi, mtnucratio, picard, vep, sentieon, prokka, qc3C, nanostat, samblaster, samtools, sexdeterrmine, eigenstratdatabasetools, bamtools, jellyfish, vcftools, longranger, stacks, varscan2, snippy, bbmap, bismark, biscuit, hicexplorer, hicup, hicpro, salmon, kallisto, slamdunk, star, hisat2, tophat, bowtie2, bowtie1, snpsplit, odgi, pangolin, kat, leehom, adapterRemoval, clipandmerge, cutadapt, flexbar, kaiju, kraken, malt, trimmomatic, sickle, skewer, sortmerna, biobloomtools, fastq_screen, afterqc, fastp, fastqc, pychopper, pycoqc, minionqc, multivcfanalyzer, clusterflow, checkqc, bcl2fastq, bclconvert, interop, ivar, flash, seqyclean, optitype, whatshap
[2026-05-29 10:46:10,539] multiqc                                            [DEBUG  ]  Using temporary directory for creating report: /tmp/tmpn48tovyn
[2026-05-29 10:46:10,861] multiqc                                            [INFO   ]  Search path : /project/pi_hputnam_uri_edu/zdellaert/TimeSeries/4-multi-species/output_RNA/alignment_qc/POR_Pcomp_rRNA_removed
[2026-05-29 10:46:10,861] multiqc                                            [INFO   ]  Search path : /scratch4/workspace/zdellaert_uri_edu-shared_TimeSeries/TimeSeries/aligned/POR_Pcomp_rRNA_removed
[2026-05-29 10:46:11,166] multiqc                                            [DEBUG  ]  File ignored by ccs/v4 because it exceeded search pattern filesize limit: qualimapReport.html
[2026-05-29 10:46:11,167] multiqc                                            [DEBUG  ]  File ignored by hicexplorer because it exceeded search pattern filesize limit: qualimapReport.html
[2026-05-29 10:46:11,167] multiqc                                            [DEBUG  ]  File ignored by lima/summary because it exceeded search pattern filesize limit: qualimapReport.html
[2026-05-29 10:46:11,170] multiqc                                            [DEBUG  ]  File ignored by longranger/invocation because it exceeded search pattern filesize limit: qualimapReport.html
[2026-05-29 10:46:11,180] multiqc                                            [DEBUG  ]  File ignored by nanostat because it exceeded search pattern filesize limit: qualimapReport.html
[2026-05-29 10:46:11,195] multiqc                                            [DEBUG  ]  File ignored by ccs/v4 because it exceeded search pattern filesize limit: agogo.css
[2026-05-29 10:46:11,196] multiqc                                            [DEBUG  ]  File ignored by hicexplorer because it exceeded search pattern filesize limit: agogo.css
[2026-05-29 10:46:11,196] multiqc                                            [DEBUG  ]  File ignored by lima/summary because it exceeded search pattern filesize limit: agogo.css
[2026-05-29 10:46:11,198] multiqc                                            [DEBUG  ]  File ignored by longranger/invocation because it exceeded search pattern filesize limit: agogo.css
[2026-05-29 10:46:11,208] multiqc                                            [DEBUG  ]  File ignored by nanostat because it exceeded search pattern filesize limit: agogo.css
[2026-05-29 10:46:11,214] multiqc                                            [DEBUG  ]  File ignored by ccs/v4 because it exceeded search pattern filesize limit: basic.css
[2026-05-29 10:46:11,215] multiqc                                            [DEBUG  ]  File ignored by hicexplorer because it exceeded search pattern filesize limit: basic.css
[2026-05-29 10:46:11,215] multiqc                                            [DEBUG  ]  File ignored by lima/summary because it exceeded search pattern filesize limit: basic.css
[2026-05-29 10:46:11,217] multiqc                                            [DEBUG  ]  File ignored by longranger/invocation because it exceeded search pattern filesize limit: basic.css
[2026-05-29 10:46:11,229] multiqc                                            [DEBUG  ]  File ignored by nanostat because it exceeded search pattern filesize limit: basic.css
[2026-05-29 10:46:11,246] multiqc                                            [DEBUG  ]  File ignored by ccs/v4 because it exceeded search pattern filesize limit: doctools.js
[2026-05-29 10:46:11,247] multiqc                                            [DEBUG  ]  File ignored by hicexplorer because it exceeded search pattern filesize limit: doctools.js
[2026-05-29 10:46:11,248] multiqc                                            [DEBUG  ]  File ignored by lima/summary because it exceeded search pattern filesize limit: doctools.js
[2026-05-29 10:46:11,250] multiqc                                            [DEBUG  ]  File ignored by longranger/invocation because it exceeded search pattern filesize limit: doctools.js
[2026-05-29 10:46:11,257] multiqc                                            [DEBUG  ]  File ignored by nanostat because it exceeded search pattern filesize limit: doctools.js
[2026-05-29 10:46:11,266] multiqc                                            [DEBUG  ]  File ignored by ccs/v4 because it exceeded search pattern filesize limit: jquery.js
[2026-05-29 10:46:11,267] multiqc                                            [DEBUG  ]  File ignored by hicexplorer because it exceeded search pattern filesize limit: jquery.js
[2026-05-29 10:46:11,267] multiqc                                            [DEBUG  ]  File ignored by lima/summary because it exceeded search pattern filesize limit: jquery.js
[2026-05-29 10:46:11,269] multiqc                                            [DEBUG  ]  File ignored by longranger/invocation because it exceeded search pattern filesize limit: jquery.js
[2026-05-29 10:46:11,278] multiqc                                            [DEBUG  ]  File ignored by nanostat because it exceeded search pattern filesize limit: jquery.js
[2026-05-29 10:46:11,285] multiqc                                            [DEBUG  ]  File ignored by ccs/v4 because it exceeded search pattern filesize limit: pygments.css
[2026-05-29 10:46:11,286] multiqc                                            [DEBUG  ]  File ignored by lima/summary because it exceeded search pattern filesize limit: pygments.css
[2026-05-29 10:46:11,288] multiqc                                            [DEBUG  ]  File ignored by longranger/invocation because it exceeded search pattern filesize limit: pygments.css
[2026-05-29 10:46:11,308] multiqc                                            [DEBUG  ]  File ignored by ccs/v4 because it exceeded search pattern filesize limit: searchtools.js
[2026-05-29 10:46:11,309] multiqc                                            [DEBUG  ]  File ignored by hicexplorer because it exceeded search pattern filesize limit: searchtools.js
[2026-05-29 10:46:11,309] multiqc                                            [DEBUG  ]  File ignored by lima/summary because it exceeded search pattern filesize limit: searchtools.js
[2026-05-29 10:46:11,311] multiqc                                            [DEBUG  ]  File ignored by longranger/invocation because it exceeded search pattern filesize limit: searchtools.js
[2026-05-29 10:46:11,335] multiqc                                            [DEBUG  ]  File ignored by nanostat because it exceeded search pattern filesize limit: searchtools.js
[2026-05-29 10:46:11,340] multiqc                                            [DEBUG  ]  File ignored by ccs/v4 because it exceeded search pattern filesize limit: underscore.js
[2026-05-29 10:46:11,341] multiqc                                            [DEBUG  ]  File ignored by hicexplorer because it exceeded search pattern filesize limit: underscore.js
[2026-05-29 10:46:11,341] multiqc                                            [DEBUG  ]  File ignored by lima/summary because it exceeded search pattern filesize limit: underscore.js
[2026-05-29 10:46:11,345] multiqc                                            [DEBUG  ]  File ignored by longranger/invocation because it exceeded search pattern filesize limit: underscore.js
[2026-05-29 10:46:11,356] multiqc                                            [DEBUG  ]  File ignored by nanostat because it exceeded search pattern filesize limit: underscore.js
[2026-05-29 10:46:11,365] multiqc                                            [DEBUG  ]  File ignored by ccs/v4 because it exceeded search pattern filesize limit: websupport.js
[2026-05-29 10:46:11,366] multiqc                                            [DEBUG  ]  File ignored by hicexplorer because it exceeded search pattern filesize limit: websupport.js
[2026-05-29 10:46:11,366] multiqc                                            [DEBUG  ]  File ignored by lima/summary because it exceeded search pattern filesize limit: websupport.js
[2026-05-29 10:46:11,368] multiqc                                            [DEBUG  ]  File ignored by longranger/invocation because it exceeded search pattern filesize limit: websupport.js
[2026-05-29 10:46:11,386] multiqc                                            [DEBUG  ]  File ignored by nanostat because it exceeded search pattern filesize limit: websupport.js
[2026-05-29 10:46:11,391] multiqc                                            [DEBUG  ]  File ignored by ccs/v4 because it exceeded search pattern filesize limit: coverage_profile_along_genes_(low).txt
[2026-05-29 10:46:11,392] multiqc                                            [DEBUG  ]  File ignored by lima/summary because it exceeded search pattern filesize limit: coverage_profile_along_genes_(low).txt
[2026-05-29 10:46:11,397] multiqc                                            [DEBUG  ]  File ignored by longranger/invocation because it exceeded search pattern filesize limit: coverage_profile_along_genes_(low).txt
[2026-05-29 10:46:11,405] multiqc                                            [DEBUG  ]  File ignored by ccs/v4 because it exceeded search pattern filesize limit: coverage_profile_along_genes_(high).txt
[2026-05-29 10:46:11,406] multiqc                                            [DEBUG  ]  File ignored by lima/summary because it exceeded search pattern filesize limit: coverage_profile_along_genes_(high).txt
[2026-05-29 10:46:11,408] multiqc                                            [DEBUG  ]  File ignored by longranger/invocation because it exceeded search pattern filesize limit: coverage_profile_along_genes_(high).txt
[2026-05-29 10:46:11,424] multiqc                                            [DEBUG  ]  File ignored by ccs/v4 because it exceeded search pattern filesize limit: qualimapReport.html
[2026-05-29 10:46:11,426] multiqc                                            [DEBUG  ]  File ignored by hicexplorer because it exceeded search pattern filesize limit: qualimapReport.html
[2026-05-29 10:46:11,426] multiqc                                            [DEBUG  ]  File ignored by lima/summary because it exceeded search pattern filesize limit: qualimapReport.html
[2026-05-29 10:46:11,429] multiqc                                            [DEBUG  ]  File ignored by longranger/invocation because it exceeded search pattern filesize limit: qualimapReport.html
[2026-05-29 10:46:11,439] multiqc                                            [DEBUG  ]  File ignored by nanostat because it exceeded search pattern filesize limit: qualimapReport.html
[2026-05-29 10:46:11,459] multiqc                                            [DEBUG  ]  File ignored by ccs/v4 because it exceeded search pattern filesize limit: agogo.css
[2026-05-29 10:46:11,460] multiqc                                            [DEBUG  ]  File ignored by hicexplorer because it exceeded search pattern filesize limit: agogo.css
[2026-05-29 10:46:11,460] multiqc                                            [DEBUG  ]  File ignored by lima/summary because it exceeded search pattern filesize limit: agogo.css
[2026-05-29 10:46:11,463] multiqc                                            [DEBUG  ]  File ignored by longranger/invocation because it exceeded search pattern filesize limit: agogo.css
[2026-05-29 10:46:11,476] multiqc                                            [DEBUG  ]  File ignored by nanostat because it exceeded search pattern filesize limit: agogo.css
[2026-05-29 10:46:11,481] multiqc                                            [DEBUG  ]  File ignored by ccs/v4 because it exceeded search pattern filesize limit: basic.css
[2026-05-29 10:46:11,482] multiqc                                            [DEBUG  ]  File ignored by hicexplorer because it exceeded search pattern filesize limit: basic.css
[2026-05-29 10:46:11,482] multiqc                                            [DEBUG  ]  File ignored by lima/summary because it exceeded search pattern filesize limit: basic.css
[2026-05-29 10:46:11,484] multiqc                                            [DEBUG  ]  File ignored by longranger/invocation because it exceeded search pattern filesize limit: basic.css
[2026-05-29 10:46:11,496] multiqc                                            [DEBUG  ]  File ignored by nanostat because it exceeded search pattern filesize limit: basic.css
[2026-05-29 10:46:11,507] multiqc                                            [DEBUG  ]  File ignored by ccs/v4 because it exceeded search pattern filesize limit: doctools.js
[2026-05-29 10:46:11,508] multiqc                                            [DEBUG  ]  File ignored by hicexplorer because it exceeded search pattern filesize limit: doctools.js
[2026-05-29 10:46:11,509] multiqc                                            [DEBUG  ]  File ignored by lima/summary because it exceeded search pattern filesize limit: doctools.js
[2026-05-29 10:46:11,510] multiqc                                            [DEBUG  ]  File ignored by longranger/invocation because it exceeded search pattern filesize limit: doctools.js
[2026-05-29 10:46:11,517] multiqc                                            [DEBUG  ]  File ignored by nanostat because it exceeded search pattern filesize limit: doctools.js
[2026-05-29 10:46:11,526] multiqc                                            [DEBUG  ]  File ignored by ccs/v4 because it exceeded search pattern filesize limit: jquery.js
[2026-05-29 10:46:11,527] multiqc                                            [DEBUG  ]  File ignored by hicexplorer because it exceeded search pattern filesize limit: jquery.js
[2026-05-29 10:46:11,528] multiqc                                            [DEBUG  ]  File ignored by lima/summary because it exceeded search pattern filesize limit: jquery.js
[2026-05-29 10:46:11,530] multiqc                                            [DEBUG  ]  File ignored by longranger/invocation because it exceeded search pattern filesize limit: jquery.js
[2026-05-29 10:46:11,538] multiqc                                            [DEBUG  ]  File ignored by nanostat because it exceeded search pattern filesize limit: jquery.js
[2026-05-29 10:46:11,545] multiqc                                            [DEBUG  ]  File ignored by ccs/v4 because it exceeded search pattern filesize limit: pygments.css
[2026-05-29 10:46:11,548] multiqc                                            [DEBUG  ]  File ignored by lima/summary because it exceeded search pattern filesize limit: pygments.css
[2026-05-29 10:46:11,554] multiqc                                            [DEBUG  ]  File ignored by longranger/invocation because it exceeded search pattern filesize limit: pygments.css
[2026-05-29 10:46:11,584] multiqc                                            [DEBUG  ]  File ignored by ccs/v4 because it exceeded search pattern filesize limit: searchtools.js
[2026-05-29 10:46:11,585] multiqc                                            [DEBUG  ]  File ignored by hicexplorer because it exceeded search pattern filesize limit: searchtools.js
[2026-05-29 10:46:11,585] multiqc                                            [DEBUG  ]  File ignored by lima/summary because it exceeded search pattern filesize limit: searchtools.js
[2026-05-29 10:46:11,587] multiqc                                            [DEBUG  ]  File ignored by longranger/invocation because it exceeded search pattern filesize limit: searchtools.js
[2026-05-29 10:46:11,609] multiqc                                            [DEBUG  ]  File ignored by nanostat because it exceeded search pattern filesize limit: searchtools.js
[2026-05-29 10:46:11,615] multiqc                                            [DEBUG  ]  File ignored by ccs/v4 because it exceeded search pattern filesize limit: underscore.js
[2026-05-29 10:46:11,616] multiqc                                            [DEBUG  ]  File ignored by hicexplorer because it exceeded search pattern filesize limit: underscore.js
[2026-05-29 10:46:11,616] multiqc                                            [DEBUG  ]  File ignored by lima/summary because it exceeded search pattern filesize limit: underscore.js
[2026-05-29 10:46:11,618] multiqc                                            [DEBUG  ]  File ignored by longranger/invocation because it exceeded search pattern filesize limit: underscore.js
[2026-05-29 10:46:11,621] multiqc                                            [DEBUG  ]  File ignored by nanostat because it exceeded search pattern filesize limit: underscore.js
[2026-05-29 10:46:11,629] multiqc                                            [DEBUG  ]  File ignored by ccs/v4 because it exceeded search pattern filesize limit: websupport.js
[2026-05-29 10:46:11,630] multiqc                                            [DEBUG  ]  File ignored by hicexplorer because it exceeded search pattern filesize limit: websupport.js
[2026-05-29 10:46:11,630] multiqc                                            [DEBUG  ]  File ignored by lima/summary because it exceeded search pattern filesize limit: websupport.js
[2026-05-29 10:46:11,635] multiqc                                            [DEBUG  ]  File ignored by longranger/invocation because it exceeded search pattern filesize limit: websupport.js
[2026-05-29 10:46:11,660] multiqc                                            [DEBUG  ]  File ignored by nanostat because it exceeded search pattern filesize limit: websupport.js
[2026-05-29 10:46:11,671] multiqc                                            [DEBUG  ]  File ignored by ccs/v4 because it exceeded search pattern filesize limit: coverage_profile_along_genes_(low).txt
[2026-05-29 10:46:11,672] multiqc                                            [DEBUG  ]  File ignored by lima/summary because it exceeded search pattern filesize limit: coverage_profile_along_genes_(low).txt
[2026-05-29 10:46:11,674] multiqc                                            [DEBUG  ]  File ignored by longranger/invocation because it exceeded search pattern filesize limit: coverage_profile_along_genes_(low).txt
[2026-05-29 10:46:11,682] multiqc                                            [DEBUG  ]  File ignored by ccs/v4 because it exceeded search pattern filesize limit: coverage_profile_along_genes_(high).txt
[2026-05-29 10:46:11,683] multiqc                                            [DEBUG  ]  File ignored by lima/summary because it exceeded search pattern filesize limit: coverage_profile_along_genes_(high).txt
[2026-05-29 10:46:11,685] multiqc                                            [DEBUG  ]  File ignored by longranger/invocation because it exceeded search pattern filesize limit: coverage_profile_along_genes_(high).txt
[2026-05-29 10:46:11,693] multiqc                                            [DEBUG  ]  File ignored by ccs/v4 because it exceeded search pattern filesize limit: qualimapReport.html
[2026-05-29 10:46:11,694] multiqc                                            [DEBUG  ]  File ignored by hicexplorer because it exceeded search pattern filesize limit: qualimapReport.html
[2026-05-29 10:46:11,694] multiqc                                            [DEBUG  ]  File ignored by lima/summary because it exceeded search pattern filesize limit: qualimapReport.html
[2026-05-29 10:46:11,696] multiqc                                            [DEBUG  ]  File ignored by longranger/invocation because it exceeded search pattern filesize limit: qualimapReport.html
[2026-05-29 10:46:11,711] multiqc                                            [DEBUG  ]  File ignored by nanostat because it exceeded search pattern filesize limit: qualimapReport.html
[2026-05-29 10:46:11,727] multiqc                                            [DEBUG  ]  File ignored by ccs/v4 because it exceeded search pattern filesize limit: agogo.css
[2026-05-29 10:46:11,728] multiqc                                            [DEBUG  ]  File ignored by hicexplorer because it exceeded search pattern filesize limit: agogo.css
[2026-05-29 10:46:11,728] multiqc                                            [DEBUG  ]  File ignored by lima/summary because it exceeded search pattern filesize limit: agogo.css
[2026-05-29 10:46:11,730] multiqc                                            [DEBUG  ]  File ignored by longranger/invocation because it exceeded search pattern filesize limit: agogo.css
[2026-05-29 10:46:11,740] multiqc                                            [DEBUG  ]  File ignored by nanostat because it exceeded search pattern filesize limit: agogo.css
[2026-05-29 10:46:11,745] multiqc                                            [DEBUG  ]  File ignored by ccs/v4 because it exceeded search pattern filesize limit: basic.css
[2026-05-29 10:46:11,746] multiqc                                            [DEBUG  ]  File ignored by hicexplorer because it exceeded search pattern filesize limit: basic.css
[2026-05-29 10:46:11,746] multiqc                                            [DEBUG  ]  File ignored by lima/summary because it exceeded search pattern filesize limit: basic.css
[2026-05-29 10:46:11,748] multiqc                                            [DEBUG  ]  File ignored by longranger/invocation because it exceeded search pattern filesize limit: basic.css
[2026-05-29 10:46:11,768] multiqc                                            [DEBUG  ]  File ignored by nanostat because it exceeded search pattern filesize limit: basic.css
[2026-05-29 10:46:11,786] multiqc                                            [DEBUG  ]  File ignored by ccs/v4 because it exceeded search pattern filesize limit: doctools.js
[2026-05-29 10:46:11,787] multiqc                                            [DEBUG  ]  File ignored by hicexplorer because it exceeded search pattern filesize limit: doctools.js
[2026-05-29 10:46:11,787] multiqc                                            [DEBUG  ]  File ignored by lima/summary because it exceeded search pattern filesize limit: doctools.js
[2026-05-29 10:46:11,789] multiqc                                            [DEBUG  ]  File ignored by longranger/invocation because it exceeded search pattern filesize limit: doctools.js
[2026-05-29 10:46:11,796] multiqc                                            [DEBUG  ]  File ignored by nanostat because it exceeded search pattern filesize limit: doctools.js
[2026-05-29 10:46:11,805] multiqc                                            [DEBUG  ]  File ignored by ccs/v4 because it exceeded search pattern filesize limit: jquery.js
[2026-05-29 10:46:11,806] multiqc                                            [DEBUG  ]  File ignored by hicexplorer because it exceeded search pattern filesize limit: jquery.js
[2026-05-29 10:46:11,806] multiqc                                            [DEBUG  ]  File ignored by lima/summary because it exceeded search pattern filesize limit: jquery.js
[2026-05-29 10:46:11,808] multiqc                                            [DEBUG  ]  File ignored by longranger/invocation because it exceeded search pattern filesize limit: jquery.js
[2026-05-29 10:46:11,817] multiqc                                            [DEBUG  ]  File ignored by nanostat because it exceeded search pattern filesize limit: jquery.js
[2026-05-29 10:46:11,824] multiqc                                            [DEBUG  ]  File ignored by ccs/v4 because it exceeded search pattern filesize limit: pygments.css
[2026-05-29 10:46:11,825] multiqc                                            [DEBUG  ]  File ignored by lima/summary because it exceeded search pattern filesize limit: pygments.css
[2026-05-29 10:46:11,827] multiqc                                            [DEBUG  ]  File ignored by longranger/invocation because it exceeded search pattern filesize limit: pygments.css
[2026-05-29 10:46:11,853] multiqc                                            [DEBUG  ]  File ignored by ccs/v4 because it exceeded search pattern filesize limit: searchtools.js
[2026-05-29 10:46:11,855] multiqc                                            [DEBUG  ]  File ignored by hicexplorer because it exceeded search pattern filesize limit: searchtools.js
[2026-05-29 10:46:11,856] multiqc                                            [DEBUG  ]  File ignored by lima/summary because it exceeded search pattern filesize limit: searchtools.js
[2026-05-29 10:46:11,859] multiqc                                            [DEBUG  ]  File ignored by longranger/invocation because it exceeded search pattern filesize limit: searchtools.js
[2026-05-29 10:46:11,874] multiqc                                            [DEBUG  ]  File ignored by nanostat because it exceeded search pattern filesize limit: searchtools.js
[2026-05-29 10:46:11,878] multiqc                                            [DEBUG  ]  File ignored by ccs/v4 because it exceeded search pattern filesize limit: underscore.js
[2026-05-29 10:46:11,879] multiqc                                            [DEBUG  ]  File ignored by hicexplorer because it exceeded search pattern filesize limit: underscore.js
[2026-05-29 10:46:11,879] multiqc                                            [DEBUG  ]  File ignored by lima/summary because it exceeded search pattern filesize limit: underscore.js
[2026-05-29 10:46:11,881] multiqc                                            [DEBUG  ]  File ignored by longranger/invocation because it exceeded search pattern filesize limit: underscore.js
[2026-05-29 10:46:11,892] multiqc                                            [DEBUG  ]  File ignored by nanostat because it exceeded search pattern filesize limit: underscore.js
[2026-05-29 10:46:11,903] multiqc                                            [DEBUG  ]  File ignored by ccs/v4 because it exceeded search pattern filesize limit: websupport.js
[2026-05-29 10:46:11,904] multiqc                                            [DEBUG  ]  File ignored by hicexplorer because it exceeded search pattern filesize limit: websupport.js
[2026-05-29 10:46:11,904] multiqc                                            [DEBUG  ]  File ignored by lima/summary because it exceeded search pattern filesize limit: websupport.js
[2026-05-29 10:46:11,907] multiqc                                            [DEBUG  ]  File ignored by longranger/invocation because it exceeded search pattern filesize limit: websupport.js
[2026-05-29 10:46:11,930] multiqc                                            [DEBUG  ]  File ignored by nanostat because it exceeded search pattern filesize limit: websupport.js
[2026-05-29 10:46:11,935] multiqc                                            [DEBUG  ]  File ignored by ccs/v4 because it exceeded search pattern filesize limit: coverage_profile_along_genes_(low).txt
[2026-05-29 10:46:11,936] multiqc                                            [DEBUG  ]  File ignored by lima/summary because it exceeded search pattern filesize limit: coverage_profile_along_genes_(low).txt
[2026-05-29 10:46:11,938] multiqc                                            [DEBUG  ]  File ignored by longranger/invocation because it exceeded search pattern filesize limit: coverage_profile_along_genes_(low).txt
[2026-05-29 10:46:11,945] multiqc                                            [DEBUG  ]  File ignored by ccs/v4 because it exceeded search pattern filesize limit: coverage_profile_along_genes_(high).txt
[2026-05-29 10:46:11,947] multiqc                                            [DEBUG  ]  File ignored by lima/summary because it exceeded search pattern filesize limit: coverage_profile_along_genes_(high).txt
[2026-05-29 10:46:11,948] multiqc                                            [DEBUG  ]  File ignored by longranger/invocation because it exceeded search pattern filesize limit: coverage_profile_along_genes_(high).txt
[2026-05-29 10:46:11,958] multiqc                                            [DEBUG  ]  File ignored by ccs/v4 because it exceeded search pattern filesize limit: qualimapReport.html
[2026-05-29 10:46:11,959] multiqc                                            [DEBUG  ]  File ignored by hicexplorer because it exceeded search pattern filesize limit: qualimapReport.html
[2026-05-29 10:46:11,959] multiqc                                            [DEBUG  ]  File ignored by lima/summary because it exceeded search pattern filesize limit: qualimapReport.html
[2026-05-29 10:46:11,961] multiqc                                            [DEBUG  ]  File ignored by longranger/invocation because it exceeded search pattern filesize limit: qualimapReport.html
[2026-05-29 10:46:11,969] multiqc                                            [DEBUG  ]  File ignored by nanostat because it exceeded search pattern filesize limit: qualimapReport.html
[2026-05-29 10:46:11,983] multiqc                                            [DEBUG  ]  File ignored by ccs/v4 because it exceeded search pattern filesize limit: agogo.css
[2026-05-29 10:46:11,984] multiqc                                            [DEBUG  ]  File ignored by hicexplorer because it exceeded search pattern filesize limit: agogo.css
[2026-05-29 10:46:11,984] multiqc                                            [DEBUG  ]  File ignored by lima/summary because it exceeded search pattern filesize limit: agogo.css
[2026-05-29 10:46:11,986] multiqc                                            [DEBUG  ]  File ignored by longranger/invocation because it exceeded search pattern filesize limit: agogo.css
[2026-05-29 10:46:12,002] multiqc                                            [DEBUG  ]  File ignored by nanostat because it exceeded search pattern filesize limit: agogo.css
[2026-05-29 10:46:12,007] multiqc                                            [DEBUG  ]  File ignored by ccs/v4 because it exceeded search pattern filesize limit: basic.css
[2026-05-29 10:46:12,008] multiqc                                            [DEBUG  ]  File ignored by hicexplorer because it exceeded search pattern filesize limit: basic.css
[2026-05-29 10:46:12,008] multiqc                                            [DEBUG  ]  File ignored by lima/summary because it exceeded search pattern filesize limit: basic.css
[2026-05-29 10:46:12,010] multiqc                                            [DEBUG  ]  File ignored by longranger/invocation because it exceeded search pattern filesize limit: basic.css
[2026-05-29 10:46:12,022] multiqc                                            [DEBUG  ]  File ignored by nanostat because it exceeded search pattern filesize limit: basic.css
[2026-05-29 10:46:12,034] multiqc                                            [DEBUG  ]  File ignored by ccs/v4 because it exceeded search pattern filesize limit: doctools.js
[2026-05-29 10:46:12,035] multiqc                                            [DEBUG  ]  File ignored by hicexplorer because it exceeded search pattern filesize limit: doctools.js
[2026-05-29 10:46:12,035] multiqc                                            [DEBUG  ]  File ignored by lima/summary because it exceeded search pattern filesize limit: doctools.js
[2026-05-29 10:46:12,037] multiqc                                            [DEBUG  ]  File ignored by longranger/invocation because it exceeded search pattern filesize limit: doctools.js
[2026-05-29 10:46:12,044] multiqc                                            [DEBUG  ]  File ignored by nanostat because it exceeded search pattern filesize limit: doctools.js
[2026-05-29 10:46:12,053] multiqc                                            [DEBUG  ]  File ignored by ccs/v4 because it exceeded search pattern filesize limit: jquery.js
[2026-05-29 10:46:12,054] multiqc                                            [DEBUG  ]  File ignored by hicexplorer because it exceeded search pattern filesize limit: jquery.js
[2026-05-29 10:46:12,054] multiqc                                            [DEBUG  ]  File ignored by lima/summary because it exceeded search pattern filesize limit: jquery.js
[2026-05-29 10:46:12,056] multiqc                                            [DEBUG  ]  File ignored by longranger/invocation because it exceeded search pattern filesize limit: jquery.js
[2026-05-29 10:46:12,065] multiqc                                            [DEBUG  ]  File ignored by nanostat because it exceeded search pattern filesize limit: jquery.js
[2026-05-29 10:46:12,072] multiqc                                            [DEBUG  ]  File ignored by ccs/v4 because it exceeded search pattern filesize limit: pygments.css
[2026-05-29 10:46:12,073] multiqc                                            [DEBUG  ]  File ignored by lima/summary because it exceeded search pattern filesize limit: pygments.css
[2026-05-29 10:46:12,075] multiqc                                            [DEBUG  ]  File ignored by longranger/invocation because it exceeded search pattern filesize limit: pygments.css
[2026-05-29 10:46:12,110] multiqc                                            [DEBUG  ]  File ignored by ccs/v4 because it exceeded search pattern filesize limit: searchtools.js
[2026-05-29 10:46:12,111] multiqc                                            [DEBUG  ]  File ignored by hicexplorer because it exceeded search pattern filesize limit: searchtools.js
[2026-05-29 10:46:12,111] multiqc                                            [DEBUG  ]  File ignored by lima/summary because it exceeded search pattern filesize limit: searchtools.js
[2026-05-29 10:46:12,114] multiqc                                            [DEBUG  ]  File ignored by longranger/invocation because it exceeded search pattern filesize limit: searchtools.js
[2026-05-29 10:46:12,130] multiqc                                            [DEBUG  ]  File ignored by nanostat because it exceeded search pattern filesize limit: searchtools.js
[2026-05-29 10:46:12,134] multiqc                                            [DEBUG  ]  File ignored by ccs/v4 because it exceeded search pattern filesize limit: underscore.js
[2026-05-29 10:46:12,135] multiqc                                            [DEBUG  ]  File ignored by hicexplorer because it exceeded search pattern filesize limit: underscore.js
[2026-05-29 10:46:12,135] multiqc                                            [DEBUG  ]  File ignored by lima/summary because it exceeded search pattern filesize limit: underscore.js
[2026-05-29 10:46:12,137] multiqc                                            [DEBUG  ]  File ignored by longranger/invocation because it exceeded search pattern filesize limit: underscore.js
[2026-05-29 10:46:12,140] multiqc                                            [DEBUG  ]  File ignored by nanostat because it exceeded search pattern filesize limit: underscore.js
[2026-05-29 10:46:12,148] multiqc                                            [DEBUG  ]  File ignored by ccs/v4 because it exceeded search pattern filesize limit: websupport.js
[2026-05-29 10:46:12,150] multiqc                                            [DEBUG  ]  File ignored by hicexplorer because it exceeded search pattern filesize limit: websupport.js
[2026-05-29 10:46:12,150] multiqc                                            [DEBUG  ]  File ignored by lima/summary because it exceeded search pattern filesize limit: websupport.js
[2026-05-29 10:46:12,155] multiqc                                            [DEBUG  ]  File ignored by longranger/invocation because it exceeded search pattern filesize limit: websupport.js
[2026-05-29 10:46:12,177] multiqc                                            [DEBUG  ]  File ignored by nanostat because it exceeded search pattern filesize limit: websupport.js
[2026-05-29 10:46:12,182] multiqc                                            [DEBUG  ]  File ignored by ccs/v4 because it exceeded search pattern filesize limit: coverage_profile_along_genes_(low).txt
[2026-05-29 10:46:12,184] multiqc                                            [DEBUG  ]  File ignored by lima/summary because it exceeded search pattern filesize limit: coverage_profile_along_genes_(low).txt
[2026-05-29 10:46:12,187] multiqc                                            [DEBUG  ]  File ignored by longranger/invocation because it exceeded search pattern filesize limit: coverage_profile_along_genes_(low).txt
[2026-05-29 10:46:12,196] multiqc                                            [DEBUG  ]  File ignored by ccs/v4 because it exceeded search pattern filesize limit: coverage_profile_along_genes_(high).txt
[2026-05-29 10:46:12,197] multiqc                                            [DEBUG  ]  File ignored by lima/summary because it exceeded search pattern filesize limit: coverage_profile_along_genes_(high).txt
[2026-05-29 10:46:12,199] multiqc                                            [DEBUG  ]  File ignored by longranger/invocation because it exceeded search pattern filesize limit: coverage_profile_along_genes_(high).txt
[2026-05-29 10:46:12,213] multiqc                                            [DEBUG  ]  File ignored by ccs/v4 because it exceeded search pattern filesize limit: qualimapReport.html
[2026-05-29 10:46:12,214] multiqc                                            [DEBUG  ]  File ignored by hicexplorer because it exceeded search pattern filesize limit: qualimapReport.html
[2026-05-29 10:46:12,214] multiqc                                            [DEBUG  ]  File ignored by lima/summary because it exceeded search pattern filesize limit: qualimapReport.html
[2026-05-29 10:46:12,216] multiqc                                            [DEBUG  ]  File ignored by longranger/invocation because it exceeded search pattern filesize limit: qualimapReport.html
[2026-05-29 10:46:12,224] multiqc                                            [DEBUG  ]  File ignored by nanostat because it exceeded search pattern filesize limit: qualimapReport.html
[2026-05-29 10:46:12,238] multiqc                                            [DEBUG  ]  File ignored by ccs/v4 because it exceeded search pattern filesize limit: agogo.css
[2026-05-29 10:46:12,239] multiqc                                            [DEBUG  ]  File ignored by hicexplorer because it exceeded search pattern filesize limit: agogo.css
[2026-05-29 10:46:12,239] multiqc                                            [DEBUG  ]  File ignored by lima/summary because it exceeded search pattern filesize limit: agogo.css
[2026-05-29 10:46:12,241] multiqc                                            [DEBUG  ]  File ignored by longranger/invocation because it exceeded search pattern filesize limit: agogo.css
[2026-05-29 10:46:12,251] multiqc                                            [DEBUG  ]  File ignored by nanostat because it exceeded search pattern filesize limit: agogo.css
[2026-05-29 10:46:12,257] multiqc                                            [DEBUG  ]  File ignored by ccs/v4 because it exceeded search pattern filesize limit: basic.css
[2026-05-29 10:46:12,258] multiqc                                            [DEBUG  ]  File ignored by hicexplorer because it exceeded search pattern filesize limit: basic.css
[2026-05-29 10:46:12,258] multiqc                                            [DEBUG  ]  File ignored by lima/summary because it exceeded search pattern filesize limit: basic.css
[2026-05-29 10:46:12,260] multiqc                                            [DEBUG  ]  File ignored by longranger/invocation because it exceeded search pattern filesize limit: basic.css
[2026-05-29 10:46:12,282] multiqc                                            [DEBUG  ]  File ignored by nanostat because it exceeded search pattern filesize limit: basic.css
[2026-05-29 10:46:12,297] multiqc                                            [DEBUG  ]  File ignored by ccs/v4 because it exceeded search pattern filesize limit: doctools.js
[2026-05-29 10:46:12,298] multiqc                                            [DEBUG  ]  File ignored by hicexplorer because it exceeded search pattern filesize limit: doctools.js
[2026-05-29 10:46:12,298] multiqc                                            [DEBUG  ]  File ignored by lima/summary because it exceeded search pattern filesize limit: doctools.js
[2026-05-29 10:46:12,300] multiqc                                            [DEBUG  ]  File ignored by longranger/invocation because it exceeded search pattern filesize limit: doctools.js
[2026-05-29 10:46:12,307] multiqc                                            [DEBUG  ]  File ignored by nanostat because it exceeded search pattern filesize limit: doctools.js
[2026-05-29 10:46:12,325] multiqc                                            [DEBUG  ]  File ignored by ccs/v4 because it exceeded search pattern filesize limit: jquery.js
[2026-05-29 10:46:12,326] multiqc                                            [DEBUG  ]  File ignored by hicexplorer because it exceeded search pattern filesize limit: jquery.js
[2026-05-29 10:46:12,326] multiqc                                            [DEBUG  ]  File ignored by lima/summary because it exceeded search pattern filesize limit: jquery.js
[2026-05-29 10:46:12,330] multiqc                                            [DEBUG  ]  File ignored by longranger/invocation because it exceeded search pattern filesize limit: jquery.js
[2026-05-29 10:46:12,339] multiqc                                            [DEBUG  ]  File ignored by nanostat because it exceeded search pattern filesize limit: jquery.js
[2026-05-29 10:46:12,346] multiqc                                            [DEBUG  ]  File ignored by ccs/v4 because it exceeded search pattern filesize limit: pygments.css
[2026-05-29 10:46:12,348] multiqc                                            [DEBUG  ]  File ignored by lima/summary because it exceeded search pattern filesize limit: pygments.css
[2026-05-29 10:46:12,350] multiqc                                            [DEBUG  ]  File ignored by longranger/invocation because it exceeded search pattern filesize limit: pygments.css
[2026-05-29 10:46:12,369] multiqc                                            [DEBUG  ]  File ignored by ccs/v4 because it exceeded search pattern filesize limit: searchtools.js
[2026-05-29 10:46:12,370] multiqc                                            [DEBUG  ]  File ignored by hicexplorer because it exceeded search pattern filesize limit: searchtools.js
[2026-05-29 10:46:12,370] multiqc                                            [DEBUG  ]  File ignored by lima/summary because it exceeded search pattern filesize limit: searchtools.js
[2026-05-29 10:46:12,372] multiqc                                            [DEBUG  ]  File ignored by longranger/invocation because it exceeded search pattern filesize limit: searchtools.js
[2026-05-29 10:46:12,396] multiqc                                            [DEBUG  ]  File ignored by nanostat because it exceeded search pattern filesize limit: searchtools.js
[2026-05-29 10:46:12,401] multiqc                                            [DEBUG  ]  File ignored by ccs/v4 because it exceeded search pattern filesize limit: underscore.js
[2026-05-29 10:46:12,403] multiqc                                            [DEBUG  ]  File ignored by hicexplorer because it exceeded search pattern filesize limit: underscore.js
[2026-05-29 10:46:12,403] multiqc                                            [DEBUG  ]  File ignored by lima/summary because it exceeded search pattern filesize limit: underscore.js
[2026-05-29 10:46:12,405] multiqc                                            [DEBUG  ]  File ignored by longranger/invocation because it exceeded search pattern filesize limit: underscore.js
[2026-05-29 10:46:12,409] multiqc                                            [DEBUG  ]  File ignored by nanostat because it exceeded search pattern filesize limit: underscore.js
[2026-05-29 10:46:12,416] multiqc                                            [DEBUG  ]  File ignored by ccs/v4 because it exceeded search pattern filesize limit: websupport.js
[2026-05-29 10:46:12,417] multiqc                                            [DEBUG  ]  File ignored by hicexplorer because it exceeded search pattern filesize limit: websupport.js
[2026-05-29 10:46:12,417] multiqc                                            [DEBUG  ]  File ignored by lima/summary because it exceeded search pattern filesize limit: websupport.js
[2026-05-29 10:46:12,419] multiqc                                            [DEBUG  ]  File ignored by longranger/invocation because it exceeded search pattern filesize limit: websupport.js
[2026-05-29 10:46:12,442] multiqc                                            [DEBUG  ]  File ignored by nanostat because it exceeded search pattern filesize limit: websupport.js
[2026-05-29 10:46:12,447] multiqc                                            [DEBUG  ]  File ignored by ccs/v4 because it exceeded search pattern filesize limit: coverage_profile_along_genes_(low).txt
[2026-05-29 10:46:12,448] multiqc                                            [DEBUG  ]  File ignored by lima/summary because it exceeded search pattern filesize limit: coverage_profile_along_genes_(low).txt
[2026-05-29 10:46:12,450] multiqc                                            [DEBUG  ]  File ignored by longranger/invocation because it exceeded search pattern filesize limit: coverage_profile_along_genes_(low).txt
[2026-05-29 10:46:12,457] multiqc                                            [DEBUG  ]  File ignored by ccs/v4 because it exceeded search pattern filesize limit: coverage_profile_along_genes_(high).txt
[2026-05-29 10:46:12,459] multiqc                                            [DEBUG  ]  File ignored by lima/summary because it exceeded search pattern filesize limit: coverage_profile_along_genes_(high).txt
[2026-05-29 10:46:12,461] multiqc                                            [DEBUG  ]  File ignored by longranger/invocation because it exceeded search pattern filesize limit: coverage_profile_along_genes_(high).txt
[2026-05-29 10:46:12,473] multiqc                                            [DEBUG  ]  File ignored by ccs/v4 because it exceeded search pattern filesize limit: qualimapReport.html
[2026-05-29 10:46:12,474] multiqc                                            [DEBUG  ]  File ignored by hicexplorer because it exceeded search pattern filesize limit: qualimapReport.html
[2026-05-29 10:46:12,475] multiqc                                            [DEBUG  ]  File ignored by lima/summary because it exceeded search pattern filesize limit: qualimapReport.html
[2026-05-29 10:46:12,477] multiqc                                            [DEBUG  ]  File ignored by longranger/invocation because it exceeded search pattern filesize limit: qualimapReport.html
[2026-05-29 10:46:12,486] multiqc                                            [DEBUG  ]  File ignored by nanostat because it exceeded search pattern filesize limit: qualimapReport.html
[2026-05-29 10:46:12,499] multiqc                                            [DEBUG  ]  File ignored by ccs/v4 because it exceeded search pattern filesize limit: agogo.css
[2026-05-29 10:46:12,500] multiqc                                            [DEBUG  ]  File ignored by hicexplorer because it exceeded search pattern filesize limit: agogo.css
[2026-05-29 10:46:12,501] multiqc                                            [DEBUG  ]  File ignored by lima/summary because it exceeded search pattern filesize limit: agogo.css
[2026-05-29 10:46:12,502] multiqc                                            [DEBUG  ]  File ignored by longranger/invocation because it exceeded search pattern filesize limit: agogo.css
[2026-05-29 10:46:12,512] multiqc                                            [DEBUG  ]  File ignored by nanostat because it exceeded search pattern filesize limit: agogo.css
[2026-05-29 10:46:12,518] multiqc                                            [DEBUG  ]  File ignored by ccs/v4 because it exceeded search pattern filesize limit: basic.css
[2026-05-29 10:46:12,519] multiqc                                            [DEBUG  ]  File ignored by hicexplorer because it exceeded search pattern filesize limit: basic.css
[2026-05-29 10:46:12,519] multiqc                                            [DEBUG  ]  File ignored by lima/summary because it exceeded search pattern filesize limit: basic.css
[2026-05-29 10:46:12,521] multiqc                                            [DEBUG  ]  File ignored by longranger/invocation because it exceeded search pattern filesize limit: basic.css
[2026-05-29 10:46:12,538] multiqc                                            [DEBUG  ]  File ignored by nanostat because it exceeded search pattern filesize limit: basic.css
[2026-05-29 10:46:12,550] multiqc                                            [DEBUG  ]  File ignored by ccs/v4 because it exceeded search pattern filesize limit: doctools.js
[2026-05-29 10:46:12,551] multiqc                                            [DEBUG  ]  File ignored by hicexplorer because it exceeded search pattern filesize limit: doctools.js
[2026-05-29 10:46:12,552] multiqc                                            [DEBUG  ]  File ignored by lima/summary because it exceeded search pattern filesize limit: doctools.js
[2026-05-29 10:46:12,553] multiqc                                            [DEBUG  ]  File ignored by longranger/invocation because it exceeded search pattern filesize limit: doctools.js
[2026-05-29 10:46:12,560] multiqc                                            [DEBUG  ]  File ignored by nanostat because it exceeded search pattern filesize limit: doctools.js
[2026-05-29 10:46:12,569] multiqc                                            [DEBUG  ]  File ignored by ccs/v4 because it exceeded search pattern filesize limit: jquery.js
[2026-05-29 10:46:12,570] multiqc                                            [DEBUG  ]  File ignored by hicexplorer because it exceeded search pattern filesize limit: jquery.js
[2026-05-29 10:46:12,570] multiqc                                            [DEBUG  ]  File ignored by lima/summary because it exceeded search pattern filesize limit: jquery.js
[2026-05-29 10:46:12,572] multiqc                                            [DEBUG  ]  File ignored by longranger/invocation because it exceeded search pattern filesize limit: jquery.js
[2026-05-29 10:46:12,581] multiqc                                            [DEBUG  ]  File ignored by nanostat because it exceeded search pattern filesize limit: jquery.js
[2026-05-29 10:46:12,588] multiqc                                            [DEBUG  ]  File ignored by ccs/v4 because it exceeded search pattern filesize limit: pygments.css
[2026-05-29 10:46:12,589] multiqc                                            [DEBUG  ]  File ignored by lima/summary because it exceeded search pattern filesize limit: pygments.css
[2026-05-29 10:46:12,591] multiqc                                            [DEBUG  ]  File ignored by longranger/invocation because it exceeded search pattern filesize limit: pygments.css
[2026-05-29 10:46:12,610] multiqc                                            [DEBUG  ]  File ignored by ccs/v4 because it exceeded search pattern filesize limit: searchtools.js
[2026-05-29 10:46:12,611] multiqc                                            [DEBUG  ]  File ignored by hicexplorer because it exceeded search pattern filesize limit: searchtools.js
[2026-05-29 10:46:12,611] multiqc                                            [DEBUG  ]  File ignored by lima/summary because it exceeded search pattern filesize limit: searchtools.js
[2026-05-29 10:46:12,613] multiqc                                            [DEBUG  ]  File ignored by longranger/invocation because it exceeded search pattern filesize limit: searchtools.js
[2026-05-29 10:46:12,643] multiqc                                            [DEBUG  ]  File ignored by nanostat because it exceeded search pattern filesize limit: searchtools.js
[2026-05-29 10:46:12,647] multiqc                                            [DEBUG  ]  File ignored by ccs/v4 because it exceeded search pattern filesize limit: underscore.js
[2026-05-29 10:46:12,648] multiqc                                            [DEBUG  ]  File ignored by hicexplorer because it exceeded search pattern filesize limit: underscore.js
[2026-05-29 10:46:12,648] multiqc                                            [DEBUG  ]  File ignored by lima/summary because it exceeded search pattern filesize limit: underscore.js
[2026-05-29 10:46:12,650] multiqc                                            [DEBUG  ]  File ignored by longranger/invocation because it exceeded search pattern filesize limit: underscore.js
[2026-05-29 10:46:12,654] multiqc                                            [DEBUG  ]  File ignored by nanostat because it exceeded search pattern filesize limit: underscore.js
[2026-05-29 10:46:12,661] multiqc                                            [DEBUG  ]  File ignored by ccs/v4 because it exceeded search pattern filesize limit: websupport.js
[2026-05-29 10:46:12,662] multiqc                                            [DEBUG  ]  File ignored by hicexplorer because it exceeded search pattern filesize limit: websupport.js
[2026-05-29 10:46:12,662] multiqc                                            [DEBUG  ]  File ignored by lima/summary because it exceeded search pattern filesize limit: websupport.js
[2026-05-29 10:46:12,664] multiqc                                            [DEBUG  ]  File ignored by longranger/invocation because it exceeded search pattern filesize limit: websupport.js
[2026-05-29 10:46:12,689] multiqc                                            [DEBUG  ]  File ignored by nanostat because it exceeded search pattern filesize limit: websupport.js
[2026-05-29 10:46:12,693] multiqc                                            [DEBUG  ]  File ignored by ccs/v4 because it exceeded search pattern filesize limit: coverage_profile_along_genes_(low).txt
[2026-05-29 10:46:12,694] multiqc                                            [DEBUG  ]  File ignored by lima/summary because it exceeded search pattern filesize limit: coverage_profile_along_genes_(low).txt
[2026-05-29 10:46:12,696] multiqc                                            [DEBUG  ]  File ignored by longranger/invocation because it exceeded search pattern filesize limit: coverage_profile_along_genes_(low).txt
[2026-05-29 10:46:12,710] multiqc                                            [DEBUG  ]  File ignored by ccs/v4 because it exceeded search pattern filesize limit: coverage_profile_along_genes_(high).txt
[2026-05-29 10:46:12,712] multiqc                                            [DEBUG  ]  File ignored by lima/summary because it exceeded search pattern filesize limit: coverage_profile_along_genes_(high).txt
[2026-05-29 10:46:12,715] multiqc                                            [DEBUG  ]  File ignored by longranger/invocation because it exceeded search pattern filesize limit: coverage_profile_along_genes_(high).txt
[2026-05-29 10:46:12,725] multiqc                                            [DEBUG  ]  File ignored by ccs/v4 because it exceeded search pattern filesize limit: qualimapReport.html
[2026-05-29 10:46:12,727] multiqc                                            [DEBUG  ]  File ignored by hicexplorer because it exceeded search pattern filesize limit: qualimapReport.html
[2026-05-29 10:46:12,727] multiqc                                            [DEBUG  ]  File ignored by lima/summary because it exceeded search pattern filesize limit: qualimapReport.html
[2026-05-29 10:46:12,729] multiqc                                            [DEBUG  ]  File ignored by longranger/invocation because it exceeded search pattern filesize limit: qualimapReport.html
[2026-05-29 10:46:12,738] multiqc                                            [DEBUG  ]  File ignored by nanostat because it exceeded search pattern filesize limit: qualimapReport.html
[2026-05-29 10:46:12,761] multiqc                                            [DEBUG  ]  File ignored by ccs/v4 because it exceeded search pattern filesize limit: agogo.css
[2026-05-29 10:46:12,763] multiqc                                            [DEBUG  ]  File ignored by hicexplorer because it exceeded search pattern filesize limit: agogo.css
[2026-05-29 10:46:12,763] multiqc                                            [DEBUG  ]  File ignored by lima/summary because it exceeded search pattern filesize limit: agogo.css
[2026-05-29 10:46:12,766] multiqc                                            [DEBUG  ]  File ignored by longranger/invocation because it exceeded search pattern filesize limit: agogo.css
[2026-05-29 10:46:12,777] multiqc                                            [DEBUG  ]  File ignored by nanostat because it exceeded search pattern filesize limit: agogo.css
[2026-05-29 10:46:12,783] multiqc                                            [DEBUG  ]  File ignored by ccs/v4 because it exceeded search pattern filesize limit: basic.css
[2026-05-29 10:46:12,784] multiqc                                            [DEBUG  ]  File ignored by hicexplorer because it exceeded search pattern filesize limit: basic.css
[2026-05-29 10:46:12,784] multiqc                                            [DEBUG  ]  File ignored by lima/summary because it exceeded search pattern filesize limit: basic.css
[2026-05-29 10:46:12,786] multiqc                                            [DEBUG  ]  File ignored by longranger/invocation because it exceeded search pattern filesize limit: basic.css
[2026-05-29 10:46:12,797] multiqc                                            [DEBUG  ]  File ignored by nanostat because it exceeded search pattern filesize limit: basic.css
[2026-05-29 10:46:12,809] multiqc                                            [DEBUG  ]  File ignored by ccs/v4 because it exceeded search pattern filesize limit: doctools.js
[2026-05-29 10:46:12,810] multiqc                                            [DEBUG  ]  File ignored by hicexplorer because it exceeded search pattern filesize limit: doctools.js
[2026-05-29 10:46:12,810] multiqc                                            [DEBUG  ]  File ignored by lima/summary because it exceeded search pattern filesize limit: doctools.js
[2026-05-29 10:46:12,812] multiqc                                            [DEBUG  ]  File ignored by longranger/invocation because it exceeded search pattern filesize limit: doctools.js
[2026-05-29 10:46:12,819] multiqc                                            [DEBUG  ]  File ignored by nanostat because it exceeded search pattern filesize limit: doctools.js
[2026-05-29 10:46:12,829] multiqc                                            [DEBUG  ]  File ignored by ccs/v4 because it exceeded search pattern filesize limit: jquery.js
[2026-05-29 10:46:12,830] multiqc                                            [DEBUG  ]  File ignored by hicexplorer because it exceeded search pattern filesize limit: jquery.js
[2026-05-29 10:46:12,831] multiqc                                            [DEBUG  ]  File ignored by lima/summary because it exceeded search pattern filesize limit: jquery.js
[2026-05-29 10:46:12,834] multiqc                                            [DEBUG  ]  File ignored by longranger/invocation because it exceeded search pattern filesize limit: jquery.js
[2026-05-29 10:46:12,843] multiqc                                            [DEBUG  ]  File ignored by nanostat because it exceeded search pattern filesize limit: jquery.js
[2026-05-29 10:46:12,850] multiqc                                            [DEBUG  ]  File ignored by ccs/v4 because it exceeded search pattern filesize limit: pygments.css
[2026-05-29 10:46:12,851] multiqc                                            [DEBUG  ]  File ignored by lima/summary because it exceeded search pattern filesize limit: pygments.css
[2026-05-29 10:46:12,853] multiqc                                            [DEBUG  ]  File ignored by longranger/invocation because it exceeded search pattern filesize limit: pygments.css
[2026-05-29 10:46:12,878] multiqc                                            [DEBUG  ]  File ignored by ccs/v4 because it exceeded search pattern filesize limit: searchtools.js
[2026-05-29 10:46:12,879] multiqc                                            [DEBUG  ]  File ignored by hicexplorer because it exceeded search pattern filesize limit: searchtools.js
[2026-05-29 10:46:12,879] multiqc                                            [DEBUG  ]  File ignored by lima/summary because it exceeded search pattern filesize limit: searchtools.js
[2026-05-29 10:46:12,881] multiqc                                            [DEBUG  ]  File ignored by longranger/invocation because it exceeded search pattern filesize limit: searchtools.js
[2026-05-29 10:46:12,904] multiqc                                            [DEBUG  ]  File ignored by nanostat because it exceeded search pattern filesize limit: searchtools.js
[2026-05-29 10:46:12,908] multiqc                                            [DEBUG  ]  File ignored by ccs/v4 because it exceeded search pattern filesize limit: underscore.js
[2026-05-29 10:46:12,909] multiqc                                            [DEBUG  ]  File ignored by hicexplorer because it exceeded search pattern filesize limit: underscore.js
[2026-05-29 10:46:12,909] multiqc                                            [DEBUG  ]  File ignored by lima/summary because it exceeded search pattern filesize limit: underscore.js
[2026-05-29 10:46:12,911] multiqc                                            [DEBUG  ]  File ignored by longranger/invocation because it exceeded search pattern filesize limit: underscore.js
[2026-05-29 10:46:12,914] multiqc                                            [DEBUG  ]  File ignored by nanostat because it exceeded search pattern filesize limit: underscore.js
[2026-05-29 10:46:12,921] multiqc                                            [DEBUG  ]  File ignored by ccs/v4 because it exceeded search pattern filesize limit: websupport.js
[2026-05-29 10:46:12,922] multiqc                                            [DEBUG  ]  File ignored by hicexplorer because it exceeded search pattern filesize limit: websupport.js
[2026-05-29 10:46:12,922] multiqc                                            [DEBUG  ]  File ignored by lima/summary because it exceeded search pattern filesize limit: websupport.js
[2026-05-29 10:46:12,926] multiqc                                            [DEBUG  ]  File ignored by longranger/invocation because it exceeded search pattern filesize limit: websupport.js
[2026-05-29 10:46:12,951] multiqc                                            [DEBUG  ]  File ignored by nanostat because it exceeded search pattern filesize limit: websupport.js
[2026-05-29 10:46:12,957] multiqc                                            [DEBUG  ]  File ignored by ccs/v4 because it exceeded search pattern filesize limit: coverage_profile_along_genes_(low).txt
[2026-05-29 10:46:12,959] multiqc                                            [DEBUG  ]  File ignored by lima/summary because it exceeded search pattern filesize limit: coverage_profile_along_genes_(low).txt
[2026-05-29 10:46:12,961] multiqc                                            [DEBUG  ]  File ignored by longranger/invocation because it exceeded search pattern filesize limit: coverage_profile_along_genes_(low).txt
[2026-05-29 10:46:12,983] multiqc                                            [DEBUG  ]  File ignored by ccs/v4 because it exceeded search pattern filesize limit: coverage_profile_along_genes_(high).txt
[2026-05-29 10:46:12,985] multiqc                                            [DEBUG  ]  File ignored by lima/summary because it exceeded search pattern filesize limit: coverage_profile_along_genes_(high).txt
[2026-05-29 10:46:12,988] multiqc                                            [DEBUG  ]  File ignored by longranger/invocation because it exceeded search pattern filesize limit: coverage_profile_along_genes_(high).txt
[2026-05-29 10:46:13,001] multiqc                                            [DEBUG  ]  File ignored by ccs/v4 because it exceeded search pattern filesize limit: qualimapReport.html
[2026-05-29 10:46:13,002] multiqc                                            [DEBUG  ]  File ignored by hicexplorer because it exceeded search pattern filesize limit: qualimapReport.html
[2026-05-29 10:46:13,002] multiqc                                            [DEBUG  ]  File ignored by lima/summary because it exceeded search pattern filesize limit: qualimapReport.html
[2026-05-29 10:46:13,004] multiqc                                            [DEBUG  ]  File ignored by longranger/invocation because it exceeded search pattern filesize limit: qualimapReport.html
[2026-05-29 10:46:13,012] multiqc                                            [DEBUG  ]  File ignored by nanostat because it exceeded search pattern filesize limit: qualimapReport.html
[2026-05-29 10:46:13,025] multiqc                                            [DEBUG  ]  File ignored by ccs/v4 because it exceeded search pattern filesize limit: agogo.css
[2026-05-29 10:46:13,026] multiqc                                            [DEBUG  ]  File ignored by hicexplorer because it exceeded search pattern filesize limit: agogo.css
[2026-05-29 10:46:13,026] multiqc                                            [DEBUG  ]  File ignored by lima/summary because it exceeded search pattern filesize limit: agogo.css
[2026-05-29 10:46:13,028] multiqc                                            [DEBUG  ]  File ignored by longranger/invocation because it exceeded search pattern filesize limit: agogo.css
[2026-05-29 10:46:13,039] multiqc                                            [DEBUG  ]  File ignored by nanostat because it exceeded search pattern filesize limit: agogo.css
[2026-05-29 10:46:13,044] multiqc                                            [DEBUG  ]  File ignored by ccs/v4 because it exceeded search pattern filesize limit: basic.css
[2026-05-29 10:46:13,045] multiqc                                            [DEBUG  ]  File ignored by hicexplorer because it exceeded search pattern filesize limit: basic.css
[2026-05-29 10:46:13,045] multiqc                                            [DEBUG  ]  File ignored by lima/summary because it exceeded search pattern filesize limit: basic.css
[2026-05-29 10:46:13,047] multiqc                                            [DEBUG  ]  File ignored by longranger/invocation because it exceeded search pattern filesize limit: basic.css
[2026-05-29 10:46:13,058] multiqc                                            [DEBUG  ]  File ignored by nanostat because it exceeded search pattern filesize limit: basic.css
[2026-05-29 10:46:13,086] multiqc                                            [DEBUG  ]  File ignored by ccs/v4 because it exceeded search pattern filesize limit: doctools.js
[2026-05-29 10:46:13,087] multiqc                                            [DEBUG  ]  File ignored by hicexplorer because it exceeded search pattern filesize limit: doctools.js
[2026-05-29 10:46:13,087] multiqc                                            [DEBUG  ]  File ignored by lima/summary because it exceeded search pattern filesize limit: doctools.js
[2026-05-29 10:46:13,089] multiqc                                            [DEBUG  ]  File ignored by longranger/invocation because it exceeded search pattern filesize limit: doctools.js
[2026-05-29 10:46:13,096] multiqc                                            [DEBUG  ]  File ignored by nanostat because it exceeded search pattern filesize limit: doctools.js
[2026-05-29 10:46:13,106] multiqc                                            [DEBUG  ]  File ignored by ccs/v4 because it exceeded search pattern filesize limit: jquery.js
[2026-05-29 10:46:13,107] multiqc                                            [DEBUG  ]  File ignored by hicexplorer because it exceeded search pattern filesize limit: jquery.js
[2026-05-29 10:46:13,107] multiqc                                            [DEBUG  ]  File ignored by lima/summary because it exceeded search pattern filesize limit: jquery.js
[2026-05-29 10:46:13,109] multiqc                                            [DEBUG  ]  File ignored by longranger/invocation because it exceeded search pattern filesize limit: jquery.js
[2026-05-29 10:46:13,118] multiqc                                            [DEBUG  ]  File ignored by nanostat because it exceeded search pattern filesize limit: jquery.js
[2026-05-29 10:46:13,126] multiqc                                            [DEBUG  ]  File ignored by ccs/v4 because it exceeded search pattern filesize limit: pygments.css
[2026-05-29 10:46:13,128] multiqc                                            [DEBUG  ]  File ignored by lima/summary because it exceeded search pattern filesize limit: pygments.css
[2026-05-29 10:46:13,131] multiqc                                            [DEBUG  ]  File ignored by longranger/invocation because it exceeded search pattern filesize limit: pygments.css
[2026-05-29 10:46:13,156] multiqc                                            [DEBUG  ]  File ignored by ccs/v4 because it exceeded search pattern filesize limit: searchtools.js
[2026-05-29 10:46:13,158] multiqc                                            [DEBUG  ]  File ignored by hicexplorer because it exceeded search pattern filesize limit: searchtools.js
[2026-05-29 10:46:13,158] multiqc                                            [DEBUG  ]  File ignored by lima/summary because it exceeded search pattern filesize limit: searchtools.js
[2026-05-29 10:46:13,161] multiqc                                            [DEBUG  ]  File ignored by longranger/invocation because it exceeded search pattern filesize limit: searchtools.js
[2026-05-29 10:46:13,175] multiqc                                            [DEBUG  ]  File ignored by nanostat because it exceeded search pattern filesize limit: searchtools.js
[2026-05-29 10:46:13,187] multiqc                                            [DEBUG  ]  File ignored by ccs/v4 because it exceeded search pattern filesize limit: underscore.js
[2026-05-29 10:46:13,188] multiqc                                            [DEBUG  ]  File ignored by hicexplorer because it exceeded search pattern filesize limit: underscore.js
[2026-05-29 10:46:13,189] multiqc                                            [DEBUG  ]  File ignored by lima/summary because it exceeded search pattern filesize limit: underscore.js
[2026-05-29 10:46:13,191] multiqc                                            [DEBUG  ]  File ignored by longranger/invocation because it exceeded search pattern filesize limit: underscore.js
[2026-05-29 10:46:13,194] multiqc                                            [DEBUG  ]  File ignored by nanostat because it exceeded search pattern filesize limit: underscore.js
[2026-05-29 10:46:13,201] multiqc                                            [DEBUG  ]  File ignored by ccs/v4 because it exceeded search pattern filesize limit: websupport.js
[2026-05-29 10:46:13,202] multiqc                                            [DEBUG  ]  File ignored by hicexplorer because it exceeded search pattern filesize limit: websupport.js
[2026-05-29 10:46:13,202] multiqc                                            [DEBUG  ]  File ignored by lima/summary because it exceeded search pattern filesize limit: websupport.js
[2026-05-29 10:46:13,204] multiqc                                            [DEBUG  ]  File ignored by longranger/invocation because it exceeded search pattern filesize limit: websupport.js
[2026-05-29 10:46:13,221] multiqc                                            [DEBUG  ]  File ignored by nanostat because it exceeded search pattern filesize limit: websupport.js
[2026-05-29 10:46:13,226] multiqc                                            [DEBUG  ]  File ignored by ccs/v4 because it exceeded search pattern filesize limit: coverage_profile_along_genes_(low).txt
[2026-05-29 10:46:13,227] multiqc                                            [DEBUG  ]  File ignored by lima/summary because it exceeded search pattern filesize limit: coverage_profile_along_genes_(low).txt
[2026-05-29 10:46:13,231] multiqc                                            [DEBUG  ]  File ignored by longranger/invocation because it exceeded search pattern filesize limit: coverage_profile_along_genes_(low).txt
[2026-05-29 10:46:13,244] multiqc                                            [DEBUG  ]  File ignored by ccs/v4 because it exceeded search pattern filesize limit: coverage_profile_along_genes_(high).txt
[2026-05-29 10:46:13,246] multiqc                                            [DEBUG  ]  File ignored by lima/summary because it exceeded search pattern filesize limit: coverage_profile_along_genes_(high).txt
[2026-05-29 10:46:13,248] multiqc                                            [DEBUG  ]  File ignored by longranger/invocation because it exceeded search pattern filesize limit: coverage_profile_along_genes_(high).txt
[2026-05-29 10:46:13,256] multiqc                                            [DEBUG  ]  File ignored by ccs/v4 because it exceeded search pattern filesize limit: qualimapReport.html
[2026-05-29 10:46:13,257] multiqc                                            [DEBUG  ]  File ignored by hicexplorer because it exceeded search pattern filesize limit: qualimapReport.html
[2026-05-29 10:46:13,257] multiqc                                            [DEBUG  ]  File ignored by lima/summary because it exceeded search pattern filesize limit: qualimapReport.html
[2026-05-29 10:46:13,259] multiqc                                            [DEBUG  ]  File ignored by longranger/invocation because it exceeded search pattern filesize limit: qualimapReport.html
[2026-05-29 10:46:13,275] multiqc                                            [DEBUG  ]  File ignored by nanostat because it exceeded search pattern filesize limit: qualimapReport.html
[2026-05-29 10:46:13,295] multiqc                                            [DEBUG  ]  File ignored by ccs/v4 because it exceeded search pattern filesize limit: agogo.css
[2026-05-29 10:46:13,296] multiqc                                            [DEBUG  ]  File ignored by hicexplorer because it exceeded search pattern filesize limit: agogo.css
[2026-05-29 10:46:13,296] multiqc                                            [DEBUG  ]  File ignored by lima/summary because it exceeded search pattern filesize limit: agogo.css
[2026-05-29 10:46:13,298] multiqc                                            [DEBUG  ]  File ignored by longranger/invocation because it exceeded search pattern filesize limit: agogo.css
[2026-05-29 10:46:13,308] multiqc                                            [DEBUG  ]  File ignored by nanostat because it exceeded search pattern filesize limit: agogo.css
[2026-05-29 10:46:13,314] multiqc                                            [DEBUG  ]  File ignored by ccs/v4 because it exceeded search pattern filesize limit: basic.css
[2026-05-29 10:46:13,315] multiqc                                            [DEBUG  ]  File ignored by hicexplorer because it exceeded search pattern filesize limit: basic.css
[2026-05-29 10:46:13,315] multiqc                                            [DEBUG  ]  File ignored by lima/summary because it exceeded search pattern filesize limit: basic.css
[2026-05-29 10:46:13,317] multiqc                                            [DEBUG  ]  File ignored by longranger/invocation because it exceeded search pattern filesize limit: basic.css
[2026-05-29 10:46:13,338] multiqc                                            [DEBUG  ]  File ignored by nanostat because it exceeded search pattern filesize limit: basic.css
[2026-05-29 10:46:13,352] multiqc                                            [DEBUG  ]  File ignored by ccs/v4 because it exceeded search pattern filesize limit: doctools.js
[2026-05-29 10:46:13,353] multiqc                                            [DEBUG  ]  File ignored by hicexplorer because it exceeded search pattern filesize limit: doctools.js
[2026-05-29 10:46:13,353] multiqc                                            [DEBUG  ]  File ignored by lima/summary because it exceeded search pattern filesize limit: doctools.js
[2026-05-29 10:46:13,355] multiqc                                            [DEBUG  ]  File ignored by longranger/invocation because it exceeded search pattern filesize limit: doctools.js
[2026-05-29 10:46:13,362] multiqc                                            [DEBUG  ]  File ignored by nanostat because it exceeded search pattern filesize limit: doctools.js
[2026-05-29 10:46:13,376] multiqc                                            [DEBUG  ]  File ignored by ccs/v4 because it exceeded search pattern filesize limit: jquery.js
[2026-05-29 10:46:13,376] multiqc                                            [DEBUG  ]  File ignored by hicexplorer because it exceeded search pattern filesize limit: jquery.js
[2026-05-29 10:46:13,377] multiqc                                            [DEBUG  ]  File ignored by lima/summary because it exceeded search pattern filesize limit: jquery.js
[2026-05-29 10:46:13,379] multiqc                                            [DEBUG  ]  File ignored by longranger/invocation because it exceeded search pattern filesize limit: jquery.js
[2026-05-29 10:46:13,387] multiqc                                            [DEBUG  ]  File ignored by nanostat because it exceeded search pattern filesize limit: jquery.js
[2026-05-29 10:46:13,400] multiqc                                            [DEBUG  ]  File ignored by ccs/v4 because it exceeded search pattern filesize limit: pygments.css
[2026-05-29 10:46:13,402] multiqc                                            [DEBUG  ]  File ignored by lima/summary because it exceeded search pattern filesize limit: pygments.css
[2026-05-29 10:46:13,407] multiqc                                            [DEBUG  ]  File ignored by longranger/invocation because it exceeded search pattern filesize limit: pygments.css
[2026-05-29 10:46:13,429] multiqc                                            [DEBUG  ]  File ignored by ccs/v4 because it exceeded search pattern filesize limit: searchtools.js
[2026-05-29 10:46:13,430] multiqc                                            [DEBUG  ]  File ignored by hicexplorer because it exceeded search pattern filesize limit: searchtools.js
[2026-05-29 10:46:13,430] multiqc                                            [DEBUG  ]  File ignored by lima/summary because it exceeded search pattern filesize limit: searchtools.js
[2026-05-29 10:46:13,432] multiqc                                            [DEBUG  ]  File ignored by longranger/invocation because it exceeded search pattern filesize limit: searchtools.js
[2026-05-29 10:46:13,450] multiqc                                            [DEBUG  ]  File ignored by nanostat because it exceeded search pattern filesize limit: searchtools.js
[2026-05-29 10:46:13,453] multiqc                                            [DEBUG  ]  File ignored by ccs/v4 because it exceeded search pattern filesize limit: underscore.js
[2026-05-29 10:46:13,454] multiqc                                            [DEBUG  ]  File ignored by hicexplorer because it exceeded search pattern filesize limit: underscore.js
[2026-05-29 10:46:13,454] multiqc                                            [DEBUG  ]  File ignored by lima/summary because it exceeded search pattern filesize limit: underscore.js
[2026-05-29 10:46:13,456] multiqc                                            [DEBUG  ]  File ignored by longranger/invocation because it exceeded search pattern filesize limit: underscore.js
[2026-05-29 10:46:13,460] multiqc                                            [DEBUG  ]  File ignored by nanostat because it exceeded search pattern filesize limit: underscore.js
[2026-05-29 10:46:13,467] multiqc                                            [DEBUG  ]  File ignored by ccs/v4 because it exceeded search pattern filesize limit: websupport.js
[2026-05-29 10:46:13,468] multiqc                                            [DEBUG  ]  File ignored by hicexplorer because it exceeded search pattern filesize limit: websupport.js
[2026-05-29 10:46:13,468] multiqc                                            [DEBUG  ]  File ignored by lima/summary because it exceeded search pattern filesize limit: websupport.js
[2026-05-29 10:46:13,473] multiqc                                            [DEBUG  ]  File ignored by longranger/invocation because it exceeded search pattern filesize limit: websupport.js
[2026-05-29 10:46:13,497] multiqc                                            [DEBUG  ]  File ignored by nanostat because it exceeded search pattern filesize limit: websupport.js
[2026-05-29 10:46:13,507] multiqc                                            [DEBUG  ]  File ignored by ccs/v4 because it exceeded search pattern filesize limit: coverage_profile_along_genes_(low).txt
[2026-05-29 10:46:13,508] multiqc                                            [DEBUG  ]  File ignored by lima/summary because it exceeded search pattern filesize limit: coverage_profile_along_genes_(low).txt
[2026-05-29 10:46:13,512] multiqc                                            [DEBUG  ]  File ignored by longranger/invocation because it exceeded search pattern filesize limit: coverage_profile_along_genes_(low).txt
[2026-05-29 10:46:13,521] multiqc                                            [DEBUG  ]  File ignored by ccs/v4 because it exceeded search pattern filesize limit: coverage_profile_along_genes_(high).txt
[2026-05-29 10:46:13,522] multiqc                                            [DEBUG  ]  File ignored by lima/summary because it exceeded search pattern filesize limit: coverage_profile_along_genes_(high).txt
[2026-05-29 10:46:13,524] multiqc                                            [DEBUG  ]  File ignored by longranger/invocation because it exceeded search pattern filesize limit: coverage_profile_along_genes_(high).txt
[2026-05-29 10:46:13,533] multiqc                                            [DEBUG  ]  File ignored by ccs/v4 because it exceeded search pattern filesize limit: qualimapReport.html
[2026-05-29 10:46:13,534] multiqc                                            [DEBUG  ]  File ignored by hicexplorer because it exceeded search pattern filesize limit: qualimapReport.html
[2026-05-29 10:46:13,534] multiqc                                            [DEBUG  ]  File ignored by lima/summary because it exceeded search pattern filesize limit: qualimapReport.html
[2026-05-29 10:46:13,537] multiqc                                            [DEBUG  ]  File ignored by longranger/invocation because it exceeded search pattern filesize limit: qualimapReport.html
[2026-05-29 10:46:13,549] multiqc                                            [DEBUG  ]  File ignored by nanostat because it exceeded search pattern filesize limit: qualimapReport.html
[2026-05-29 10:46:13,564] multiqc                                            [DEBUG  ]  File ignored by ccs/v4 because it exceeded search pattern filesize limit: agogo.css
[2026-05-29 10:46:13,565] multiqc                                            [DEBUG  ]  File ignored by hicexplorer because it exceeded search pattern filesize limit: agogo.css
[2026-05-29 10:46:13,565] multiqc                                            [DEBUG  ]  File ignored by lima/summary because it exceeded search pattern filesize limit: agogo.css
[2026-05-29 10:46:13,567] multiqc                                            [DEBUG  ]  File ignored by longranger/invocation because it exceeded search pattern filesize limit: agogo.css
[2026-05-29 10:46:13,577] multiqc                                            [DEBUG  ]  File ignored by nanostat because it exceeded search pattern filesize limit: agogo.css
[2026-05-29 10:46:13,583] multiqc                                            [DEBUG  ]  File ignored by ccs/v4 because it exceeded search pattern filesize limit: basic.css
[2026-05-29 10:46:13,584] multiqc                                            [DEBUG  ]  File ignored by hicexplorer because it exceeded search pattern filesize limit: basic.css
[2026-05-29 10:46:13,584] multiqc                                            [DEBUG  ]  File ignored by lima/summary because it exceeded search pattern filesize limit: basic.css
[2026-05-29 10:46:13,586] multiqc                                            [DEBUG  ]  File ignored by longranger/invocation because it exceeded search pattern filesize limit: basic.css
[2026-05-29 10:46:13,597] multiqc                                            [DEBUG  ]  File ignored by nanostat because it exceeded search pattern filesize limit: basic.css
[2026-05-29 10:46:13,618] multiqc                                            [DEBUG  ]  File ignored by ccs/v4 because it exceeded search pattern filesize limit: doctools.js
[2026-05-29 10:46:13,620] multiqc                                            [DEBUG  ]  File ignored by hicexplorer because it exceeded search pattern filesize limit: doctools.js
[2026-05-29 10:46:13,620] multiqc                                            [DEBUG  ]  File ignored by lima/summary because it exceeded search pattern filesize limit: doctools.js
[2026-05-29 10:46:13,622] multiqc                                            [DEBUG  ]  File ignored by longranger/invocation because it exceeded search pattern filesize limit: doctools.js
[2026-05-29 10:46:13,630] multiqc                                            [DEBUG  ]  File ignored by nanostat because it exceeded search pattern filesize limit: doctools.js
[2026-05-29 10:46:13,639] multiqc                                            [DEBUG  ]  File ignored by ccs/v4 because it exceeded search pattern filesize limit: jquery.js
[2026-05-29 10:46:13,640] multiqc                                            [DEBUG  ]  File ignored by hicexplorer because it exceeded search pattern filesize limit: jquery.js
[2026-05-29 10:46:13,640] multiqc                                            [DEBUG  ]  File ignored by lima/summary because it exceeded search pattern filesize limit: jquery.js
[2026-05-29 10:46:13,642] multiqc                                            [DEBUG  ]  File ignored by longranger/invocation because it exceeded search pattern filesize limit: jquery.js
[2026-05-29 10:46:13,651] multiqc                                            [DEBUG  ]  File ignored by nanostat because it exceeded search pattern filesize limit: jquery.js
[2026-05-29 10:46:13,657] multiqc                                            [DEBUG  ]  File ignored by ccs/v4 because it exceeded search pattern filesize limit: pygments.css
[2026-05-29 10:46:13,659] multiqc                                            [DEBUG  ]  File ignored by lima/summary because it exceeded search pattern filesize limit: pygments.css
[2026-05-29 10:46:13,661] multiqc                                            [DEBUG  ]  File ignored by longranger/invocation because it exceeded search pattern filesize limit: pygments.css
[2026-05-29 10:46:13,679] multiqc                                            [DEBUG  ]  File ignored by ccs/v4 because it exceeded search pattern filesize limit: searchtools.js
[2026-05-29 10:46:13,680] multiqc                                            [DEBUG  ]  File ignored by hicexplorer because it exceeded search pattern filesize limit: searchtools.js
[2026-05-29 10:46:13,681] multiqc                                            [DEBUG  ]  File ignored by lima/summary because it exceeded search pattern filesize limit: searchtools.js
[2026-05-29 10:46:13,685] multiqc                                            [DEBUG  ]  File ignored by longranger/invocation because it exceeded search pattern filesize limit: searchtools.js
[2026-05-29 10:46:13,708] multiqc                                            [DEBUG  ]  File ignored by nanostat because it exceeded search pattern filesize limit: searchtools.js
[2026-05-29 10:46:13,718] multiqc                                            [DEBUG  ]  File ignored by ccs/v4 because it exceeded search pattern filesize limit: underscore.js
[2026-05-29 10:46:13,719] multiqc                                            [DEBUG  ]  File ignored by hicexplorer because it exceeded search pattern filesize limit: underscore.js
[2026-05-29 10:46:13,719] multiqc                                            [DEBUG  ]  File ignored by lima/summary because it exceeded search pattern filesize limit: underscore.js
[2026-05-29 10:46:13,721] multiqc                                            [DEBUG  ]  File ignored by longranger/invocation because it exceeded search pattern filesize limit: underscore.js
[2026-05-29 10:46:13,724] multiqc                                            [DEBUG  ]  File ignored by nanostat because it exceeded search pattern filesize limit: underscore.js
[2026-05-29 10:46:13,731] multiqc                                            [DEBUG  ]  File ignored by ccs/v4 because it exceeded search pattern filesize limit: websupport.js
[2026-05-29 10:46:13,732] multiqc                                            [DEBUG  ]  File ignored by hicexplorer because it exceeded search pattern filesize limit: websupport.js
[2026-05-29 10:46:13,732] multiqc                                            [DEBUG  ]  File ignored by lima/summary because it exceeded search pattern filesize limit: websupport.js
[2026-05-29 10:46:13,734] multiqc                                            [DEBUG  ]  File ignored by longranger/invocation because it exceeded search pattern filesize limit: websupport.js
[2026-05-29 10:46:13,763] multiqc                                            [DEBUG  ]  File ignored by nanostat because it exceeded search pattern filesize limit: websupport.js
[2026-05-29 10:46:13,769] multiqc                                            [DEBUG  ]  File ignored by ccs/v4 because it exceeded search pattern filesize limit: coverage_profile_along_genes_(low).txt
[2026-05-29 10:46:13,770] multiqc                                            [DEBUG  ]  File ignored by lima/summary because it exceeded search pattern filesize limit: coverage_profile_along_genes_(low).txt
[2026-05-29 10:46:13,772] multiqc                                            [DEBUG  ]  File ignored by longranger/invocation because it exceeded search pattern filesize limit: coverage_profile_along_genes_(low).txt
[2026-05-29 10:46:13,780] multiqc                                            [DEBUG  ]  File ignored by ccs/v4 because it exceeded search pattern filesize limit: coverage_profile_along_genes_(high).txt
[2026-05-29 10:46:13,782] multiqc                                            [DEBUG  ]  File ignored by lima/summary because it exceeded search pattern filesize limit: coverage_profile_along_genes_(high).txt
[2026-05-29 10:46:13,787] multiqc                                            [DEBUG  ]  File ignored by longranger/invocation because it exceeded search pattern filesize limit: coverage_profile_along_genes_(high).txt
[2026-05-29 10:46:13,800] multiqc                                            [DEBUG  ]  File ignored by ccs/v4 because it exceeded search pattern filesize limit: qualimapReport.html
[2026-05-29 10:46:13,801] multiqc                                            [DEBUG  ]  File ignored by hicexplorer because it exceeded search pattern filesize limit: qualimapReport.html
[2026-05-29 10:46:13,801] multiqc                                            [DEBUG  ]  File ignored by lima/summary because it exceeded search pattern filesize limit: qualimapReport.html
[2026-05-29 10:46:13,803] multiqc                                            [DEBUG  ]  File ignored by longranger/invocation because it exceeded search pattern filesize limit: qualimapReport.html
[2026-05-29 10:46:13,811] multiqc                                            [DEBUG  ]  File ignored by nanostat because it exceeded search pattern filesize limit: qualimapReport.html
[2026-05-29 10:46:13,831] multiqc                                            [DEBUG  ]  File ignored by ccs/v4 because it exceeded search pattern filesize limit: agogo.css
[2026-05-29 10:46:13,832] multiqc                                            [DEBUG  ]  File ignored by hicexplorer because it exceeded search pattern filesize limit: agogo.css
[2026-05-29 10:46:13,832] multiqc                                            [DEBUG  ]  File ignored by lima/summary because it exceeded search pattern filesize limit: agogo.css
[2026-05-29 10:46:13,834] multiqc                                            [DEBUG  ]  File ignored by longranger/invocation because it exceeded search pattern filesize limit: agogo.css
[2026-05-29 10:46:13,844] multiqc                                            [DEBUG  ]  File ignored by nanostat because it exceeded search pattern filesize limit: agogo.css
[2026-05-29 10:46:13,850] multiqc                                            [DEBUG  ]  File ignored by ccs/v4 because it exceeded search pattern filesize limit: basic.css
[2026-05-29 10:46:13,851] multiqc                                            [DEBUG  ]  File ignored by hicexplorer because it exceeded search pattern filesize limit: basic.css
[2026-05-29 10:46:13,851] multiqc                                            [DEBUG  ]  File ignored by lima/summary because it exceeded search pattern filesize limit: basic.css
[2026-05-29 10:46:13,853] multiqc                                            [DEBUG  ]  File ignored by longranger/invocation because it exceeded search pattern filesize limit: basic.css
[2026-05-29 10:46:13,869] multiqc                                            [DEBUG  ]  File ignored by nanostat because it exceeded search pattern filesize limit: basic.css
[2026-05-29 10:46:13,889] multiqc                                            [DEBUG  ]  File ignored by ccs/v4 because it exceeded search pattern filesize limit: doctools.js
[2026-05-29 10:46:13,890] multiqc                                            [DEBUG  ]  File ignored by hicexplorer because it exceeded search pattern filesize limit: doctools.js
[2026-05-29 10:46:13,890] multiqc                                            [DEBUG  ]  File ignored by lima/summary because it exceeded search pattern filesize limit: doctools.js
[2026-05-29 10:46:13,892] multiqc                                            [DEBUG  ]  File ignored by longranger/invocation because it exceeded search pattern filesize limit: doctools.js
[2026-05-29 10:46:13,899] multiqc                                            [DEBUG  ]  File ignored by nanostat because it exceeded search pattern filesize limit: doctools.js
[2026-05-29 10:46:13,908] multiqc                                            [DEBUG  ]  File ignored by ccs/v4 because it exceeded search pattern filesize limit: jquery.js
[2026-05-29 10:46:13,909] multiqc                                            [DEBUG  ]  File ignored by hicexplorer because it exceeded search pattern filesize limit: jquery.js
[2026-05-29 10:46:13,909] multiqc                                            [DEBUG  ]  File ignored by lima/summary because it exceeded search pattern filesize limit: jquery.js
[2026-05-29 10:46:13,911] multiqc                                            [DEBUG  ]  File ignored by longranger/invocation because it exceeded search pattern filesize limit: jquery.js
[2026-05-29 10:46:13,920] multiqc                                            [DEBUG  ]  File ignored by nanostat because it exceeded search pattern filesize limit: jquery.js
[2026-05-29 10:46:13,927] multiqc                                            [DEBUG  ]  File ignored by ccs/v4 because it exceeded search pattern filesize limit: pygments.css
[2026-05-29 10:46:13,928] multiqc                                            [DEBUG  ]  File ignored by lima/summary because it exceeded search pattern filesize limit: pygments.css
[2026-05-29 10:46:13,936] multiqc                                            [DEBUG  ]  File ignored by longranger/invocation because it exceeded search pattern filesize limit: pygments.css
[2026-05-29 10:46:13,965] multiqc                                            [DEBUG  ]  File ignored by ccs/v4 because it exceeded search pattern filesize limit: searchtools.js
[2026-05-29 10:46:13,966] multiqc                                            [DEBUG  ]  File ignored by hicexplorer because it exceeded search pattern filesize limit: searchtools.js
[2026-05-29 10:46:13,966] multiqc                                            [DEBUG  ]  File ignored by lima/summary because it exceeded search pattern filesize limit: searchtools.js
[2026-05-29 10:46:13,969] multiqc                                            [DEBUG  ]  File ignored by longranger/invocation because it exceeded search pattern filesize limit: searchtools.js
[2026-05-29 10:46:13,986] multiqc                                            [DEBUG  ]  File ignored by nanostat because it exceeded search pattern filesize limit: searchtools.js
[2026-05-29 10:46:13,993] multiqc                                            [DEBUG  ]  File ignored by ccs/v4 because it exceeded search pattern filesize limit: underscore.js
[2026-05-29 10:46:13,994] multiqc                                            [DEBUG  ]  File ignored by hicexplorer because it exceeded search pattern filesize limit: underscore.js
[2026-05-29 10:46:13,994] multiqc                                            [DEBUG  ]  File ignored by lima/summary because it exceeded search pattern filesize limit: underscore.js
[2026-05-29 10:46:13,996] multiqc                                            [DEBUG  ]  File ignored by longranger/invocation because it exceeded search pattern filesize limit: underscore.js
[2026-05-29 10:46:14,000] multiqc                                            [DEBUG  ]  File ignored by nanostat because it exceeded search pattern filesize limit: underscore.js
[2026-05-29 10:46:14,007] multiqc                                            [DEBUG  ]  File ignored by ccs/v4 because it exceeded search pattern filesize limit: websupport.js
[2026-05-29 10:46:14,008] multiqc                                            [DEBUG  ]  File ignored by hicexplorer because it exceeded search pattern filesize limit: websupport.js
[2026-05-29 10:46:14,008] multiqc                                            [DEBUG  ]  File ignored by lima/summary because it exceeded search pattern filesize limit: websupport.js
[2026-05-29 10:46:14,010] multiqc                                            [DEBUG  ]  File ignored by longranger/invocation because it exceeded search pattern filesize limit: websupport.js
[2026-05-29 10:46:14,042] multiqc                                            [DEBUG  ]  File ignored by nanostat because it exceeded search pattern filesize limit: websupport.js
[2026-05-29 10:46:14,047] multiqc                                            [DEBUG  ]  File ignored by ccs/v4 because it exceeded search pattern filesize limit: coverage_profile_along_genes_(low).txt
[2026-05-29 10:46:14,048] multiqc                                            [DEBUG  ]  File ignored by lima/summary because it exceeded search pattern filesize limit: coverage_profile_along_genes_(low).txt
[2026-05-29 10:46:14,050] multiqc                                            [DEBUG  ]  File ignored by longranger/invocation because it exceeded search pattern filesize limit: coverage_profile_along_genes_(low).txt
[2026-05-29 10:46:14,058] multiqc                                            [DEBUG  ]  File ignored by ccs/v4 because it exceeded search pattern filesize limit: coverage_profile_along_genes_(high).txt
[2026-05-29 10:46:14,059] multiqc                                            [DEBUG  ]  File ignored by lima/summary because it exceeded search pattern filesize limit: coverage_profile_along_genes_(high).txt
[2026-05-29 10:46:14,061] multiqc                                            [DEBUG  ]  File ignored by longranger/invocation because it exceeded search pattern filesize limit: coverage_profile_along_genes_(high).txt
[2026-05-29 10:46:14,070] multiqc                                            [DEBUG  ]  File ignored by ccs/v4 because it exceeded search pattern filesize limit: qualimapReport.html
[2026-05-29 10:46:14,071] multiqc                                            [DEBUG  ]  File ignored by hicexplorer because it exceeded search pattern filesize limit: qualimapReport.html
[2026-05-29 10:46:14,071] multiqc                                            [DEBUG  ]  File ignored by lima/summary because it exceeded search pattern filesize limit: qualimapReport.html
[2026-05-29 10:46:14,073] multiqc                                            [DEBUG  ]  File ignored by longranger/invocation because it exceeded search pattern filesize limit: qualimapReport.html
[2026-05-29 10:46:14,081] multiqc                                            [DEBUG  ]  File ignored by nanostat because it exceeded search pattern filesize limit: qualimapReport.html
[2026-05-29 10:46:14,095] multiqc                                            [DEBUG  ]  File ignored by ccs/v4 because it exceeded search pattern filesize limit: agogo.css
[2026-05-29 10:46:14,096] multiqc                                            [DEBUG  ]  File ignored by hicexplorer because it exceeded search pattern filesize limit: agogo.css
[2026-05-29 10:46:14,096] multiqc                                            [DEBUG  ]  File ignored by lima/summary because it exceeded search pattern filesize limit: agogo.css
[2026-05-29 10:46:14,098] multiqc                                            [DEBUG  ]  File ignored by longranger/invocation because it exceeded search pattern filesize limit: agogo.css
[2026-05-29 10:46:14,108] multiqc                                            [DEBUG  ]  File ignored by nanostat because it exceeded search pattern filesize limit: agogo.css
[2026-05-29 10:46:14,113] multiqc                                            [DEBUG  ]  File ignored by ccs/v4 because it exceeded search pattern filesize limit: basic.css
[2026-05-29 10:46:14,114] multiqc                                            [DEBUG  ]  File ignored by hicexplorer because it exceeded search pattern filesize limit: basic.css
[2026-05-29 10:46:14,115] multiqc                                            [DEBUG  ]  File ignored by lima/summary because it exceeded search pattern filesize limit: basic.css
[2026-05-29 10:46:14,117] multiqc                                            [DEBUG  ]  File ignored by longranger/invocation because it exceeded search pattern filesize limit: basic.css
[2026-05-29 10:46:14,132] multiqc                                            [DEBUG  ]  File ignored by nanostat because it exceeded search pattern filesize limit: basic.css
[2026-05-29 10:46:14,157] multiqc                                            [DEBUG  ]  File ignored by ccs/v4 because it exceeded search pattern filesize limit: doctools.js
[2026-05-29 10:46:14,158] multiqc                                            [DEBUG  ]  File ignored by hicexplorer because it exceeded search pattern filesize limit: doctools.js
[2026-05-29 10:46:14,158] multiqc                                            [DEBUG  ]  File ignored by lima/summary because it exceeded search pattern filesize limit: doctools.js
[2026-05-29 10:46:14,160] multiqc                                            [DEBUG  ]  File ignored by longranger/invocation because it exceeded search pattern filesize limit: doctools.js
[2026-05-29 10:46:14,173] multiqc                                            [DEBUG  ]  File ignored by nanostat because it exceeded search pattern filesize limit: doctools.js
[2026-05-29 10:46:14,185] multiqc                                            [DEBUG  ]  File ignored by ccs/v4 because it exceeded search pattern filesize limit: jquery.js
[2026-05-29 10:46:14,186] multiqc                                            [DEBUG  ]  File ignored by hicexplorer because it exceeded search pattern filesize limit: jquery.js
[2026-05-29 10:46:14,186] multiqc                                            [DEBUG  ]  File ignored by lima/summary because it exceeded search pattern filesize limit: jquery.js
[2026-05-29 10:46:14,188] multiqc                                            [DEBUG  ]  File ignored by longranger/invocation because it exceeded search pattern filesize limit: jquery.js
[2026-05-29 10:46:14,197] multiqc                                            [DEBUG  ]  File ignored by nanostat because it exceeded search pattern filesize limit: jquery.js
[2026-05-29 10:46:14,204] multiqc                                            [DEBUG  ]  File ignored by ccs/v4 because it exceeded search pattern filesize limit: pygments.css
[2026-05-29 10:46:14,205] multiqc                                            [DEBUG  ]  File ignored by lima/summary because it exceeded search pattern filesize limit: pygments.css
[2026-05-29 10:46:14,207] multiqc                                            [DEBUG  ]  File ignored by longranger/invocation because it exceeded search pattern filesize limit: pygments.css
[2026-05-29 10:46:14,234] multiqc                                            [DEBUG  ]  File ignored by ccs/v4 because it exceeded search pattern filesize limit: searchtools.js
[2026-05-29 10:46:14,236] multiqc                                            [DEBUG  ]  File ignored by hicexplorer because it exceeded search pattern filesize limit: searchtools.js
[2026-05-29 10:46:14,236] multiqc                                            [DEBUG  ]  File ignored by lima/summary because it exceeded search pattern filesize limit: searchtools.js
[2026-05-29 10:46:14,239] multiqc                                            [DEBUG  ]  File ignored by longranger/invocation because it exceeded search pattern filesize limit: searchtools.js
[2026-05-29 10:46:14,252] multiqc                                            [DEBUG  ]  File ignored by nanostat because it exceeded search pattern filesize limit: searchtools.js
[2026-05-29 10:46:14,262] multiqc                                            [DEBUG  ]  File ignored by ccs/v4 because it exceeded search pattern filesize limit: underscore.js
[2026-05-29 10:46:14,263] multiqc                                            [DEBUG  ]  File ignored by hicexplorer because it exceeded search pattern filesize limit: underscore.js
[2026-05-29 10:46:14,263] multiqc                                            [DEBUG  ]  File ignored by lima/summary because it exceeded search pattern filesize limit: underscore.js
[2026-05-29 10:46:14,265] multiqc                                            [DEBUG  ]  File ignored by longranger/invocation because it exceeded search pattern filesize limit: underscore.js
[2026-05-29 10:46:14,268] multiqc                                            [DEBUG  ]  File ignored by nanostat because it exceeded search pattern filesize limit: underscore.js
[2026-05-29 10:46:14,275] multiqc                                            [DEBUG  ]  File ignored by ccs/v4 because it exceeded search pattern filesize limit: websupport.js
[2026-05-29 10:46:14,276] multiqc                                            [DEBUG  ]  File ignored by hicexplorer because it exceeded search pattern filesize limit: websupport.js
[2026-05-29 10:46:14,276] multiqc                                            [DEBUG  ]  File ignored by lima/summary because it exceeded search pattern filesize limit: websupport.js
[2026-05-29 10:46:14,278] multiqc                                            [DEBUG  ]  File ignored by longranger/invocation because it exceeded search pattern filesize limit: websupport.js
[2026-05-29 10:46:14,296] multiqc                                            [DEBUG  ]  File ignored by nanostat because it exceeded search pattern filesize limit: websupport.js
[2026-05-29 10:46:14,301] multiqc                                            [DEBUG  ]  File ignored by ccs/v4 because it exceeded search pattern filesize limit: coverage_profile_along_genes_(low).txt
[2026-05-29 10:46:14,302] multiqc                                            [DEBUG  ]  File ignored by lima/summary because it exceeded search pattern filesize limit: coverage_profile_along_genes_(low).txt
[2026-05-29 10:46:14,304] multiqc                                            [DEBUG  ]  File ignored by longranger/invocation because it exceeded search pattern filesize limit: coverage_profile_along_genes_(low).txt
[2026-05-29 10:46:14,312] multiqc                                            [DEBUG  ]  File ignored by ccs/v4 because it exceeded search pattern filesize limit: coverage_profile_along_genes_(high).txt
[2026-05-29 10:46:14,313] multiqc                                            [DEBUG  ]  File ignored by lima/summary because it exceeded search pattern filesize limit: coverage_profile_along_genes_(high).txt
[2026-05-29 10:46:14,315] multiqc                                            [DEBUG  ]  File ignored by longranger/invocation because it exceeded search pattern filesize limit: coverage_profile_along_genes_(high).txt
[2026-05-29 10:46:14,323] multiqc                                            [DEBUG  ]  File ignored by ccs/v4 because it exceeded search pattern filesize limit: qualimapReport.html
[2026-05-29 10:46:14,324] multiqc                                            [DEBUG  ]  File ignored by hicexplorer because it exceeded search pattern filesize limit: qualimapReport.html
[2026-05-29 10:46:14,324] multiqc                                            [DEBUG  ]  File ignored by lima/summary because it exceeded search pattern filesize limit: qualimapReport.html
[2026-05-29 10:46:14,326] multiqc                                            [DEBUG  ]  File ignored by longranger/invocation because it exceeded search pattern filesize limit: qualimapReport.html
[2026-05-29 10:46:14,344] multiqc                                            [DEBUG  ]  File ignored by nanostat because it exceeded search pattern filesize limit: qualimapReport.html
[2026-05-29 10:46:14,361] multiqc                                            [DEBUG  ]  File ignored by ccs/v4 because it exceeded search pattern filesize limit: agogo.css
[2026-05-29 10:46:14,362] multiqc                                            [DEBUG  ]  File ignored by hicexplorer because it exceeded search pattern filesize limit: agogo.css
[2026-05-29 10:46:14,367] multiqc                                            [DEBUG  ]  File ignored by lima/summary because it exceeded search pattern filesize limit: agogo.css
[2026-05-29 10:46:14,369] multiqc                                            [DEBUG  ]  File ignored by longranger/invocation because it exceeded search pattern filesize limit: agogo.css
[2026-05-29 10:46:14,379] multiqc                                            [DEBUG  ]  File ignored by nanostat because it exceeded search pattern filesize limit: agogo.css
[2026-05-29 10:46:14,385] multiqc                                            [DEBUG  ]  File ignored by ccs/v4 because it exceeded search pattern filesize limit: basic.css
[2026-05-29 10:46:14,386] multiqc                                            [DEBUG  ]  File ignored by hicexplorer because it exceeded search pattern filesize limit: basic.css
[2026-05-29 10:46:14,386] multiqc                                            [DEBUG  ]  File ignored by lima/summary because it exceeded search pattern filesize limit: basic.css
[2026-05-29 10:46:14,388] multiqc                                            [DEBUG  ]  File ignored by longranger/invocation because it exceeded search pattern filesize limit: basic.css
[2026-05-29 10:46:14,399] multiqc                                            [DEBUG  ]  File ignored by nanostat because it exceeded search pattern filesize limit: basic.css
[2026-05-29 10:46:14,412] multiqc                                            [DEBUG  ]  File ignored by ccs/v4 because it exceeded search pattern filesize limit: doctools.js
[2026-05-29 10:46:14,413] multiqc                                            [DEBUG  ]  File ignored by hicexplorer because it exceeded search pattern filesize limit: doctools.js
[2026-05-29 10:46:14,413] multiqc                                            [DEBUG  ]  File ignored by lima/summary because it exceeded search pattern filesize limit: doctools.js
[2026-05-29 10:46:14,415] multiqc                                            [DEBUG  ]  File ignored by longranger/invocation because it exceeded search pattern filesize limit: doctools.js
[2026-05-29 10:46:14,421] multiqc                                            [DEBUG  ]  File ignored by nanostat because it exceeded search pattern filesize limit: doctools.js
[2026-05-29 10:46:14,430] multiqc                                            [DEBUG  ]  File ignored by ccs/v4 because it exceeded search pattern filesize limit: jquery.js
[2026-05-29 10:46:14,431] multiqc                                            [DEBUG  ]  File ignored by hicexplorer because it exceeded search pattern filesize limit: jquery.js
[2026-05-29 10:46:14,431] multiqc                                            [DEBUG  ]  File ignored by lima/summary because it exceeded search pattern filesize limit: jquery.js
[2026-05-29 10:46:14,434] multiqc                                            [DEBUG  ]  File ignored by longranger/invocation because it exceeded search pattern filesize limit: jquery.js
[2026-05-29 10:46:14,442] multiqc                                            [DEBUG  ]  File ignored by nanostat because it exceeded search pattern filesize limit: jquery.js
[2026-05-29 10:46:14,449] multiqc                                            [DEBUG  ]  File ignored by ccs/v4 because it exceeded search pattern filesize limit: pygments.css
[2026-05-29 10:46:14,450] multiqc                                            [DEBUG  ]  File ignored by lima/summary because it exceeded search pattern filesize limit: pygments.css
[2026-05-29 10:46:14,452] multiqc                                            [DEBUG  ]  File ignored by longranger/invocation because it exceeded search pattern filesize limit: pygments.css
[2026-05-29 10:46:14,477] multiqc                                            [DEBUG  ]  File ignored by ccs/v4 because it exceeded search pattern filesize limit: searchtools.js
[2026-05-29 10:46:14,478] multiqc                                            [DEBUG  ]  File ignored by hicexplorer because it exceeded search pattern filesize limit: searchtools.js
[2026-05-29 10:46:14,478] multiqc                                            [DEBUG  ]  File ignored by lima/summary because it exceeded search pattern filesize limit: searchtools.js
[2026-05-29 10:46:14,480] multiqc                                            [DEBUG  ]  File ignored by longranger/invocation because it exceeded search pattern filesize limit: searchtools.js
[2026-05-29 10:46:14,492] multiqc                                            [DEBUG  ]  File ignored by nanostat because it exceeded search pattern filesize limit: searchtools.js
[2026-05-29 10:46:14,496] multiqc                                            [DEBUG  ]  File ignored by ccs/v4 because it exceeded search pattern filesize limit: underscore.js
[2026-05-29 10:46:14,497] multiqc                                            [DEBUG  ]  File ignored by hicexplorer because it exceeded search pattern filesize limit: underscore.js
[2026-05-29 10:46:14,497] multiqc                                            [DEBUG  ]  File ignored by lima/summary because it exceeded search pattern filesize limit: underscore.js
[2026-05-29 10:46:14,499] multiqc                                            [DEBUG  ]  File ignored by longranger/invocation because it exceeded search pattern filesize limit: underscore.js
[2026-05-29 10:46:14,503] multiqc                                            [DEBUG  ]  File ignored by nanostat because it exceeded search pattern filesize limit: underscore.js
[2026-05-29 10:46:14,518] multiqc                                            [DEBUG  ]  File ignored by ccs/v4 because it exceeded search pattern filesize limit: websupport.js
[2026-05-29 10:46:14,520] multiqc                                            [DEBUG  ]  File ignored by hicexplorer because it exceeded search pattern filesize limit: websupport.js
[2026-05-29 10:46:14,520] multiqc                                            [DEBUG  ]  File ignored by lima/summary because it exceeded search pattern filesize limit: websupport.js
[2026-05-29 10:46:14,523] multiqc                                            [DEBUG  ]  File ignored by longranger/invocation because it exceeded search pattern filesize limit: websupport.js
[2026-05-29 10:46:14,540] multiqc                                            [DEBUG  ]  File ignored by nanostat because it exceeded search pattern filesize limit: websupport.js
[2026-05-29 10:46:14,545] multiqc                                            [DEBUG  ]  File ignored by ccs/v4 because it exceeded search pattern filesize limit: coverage_profile_along_genes_(low).txt
[2026-05-29 10:46:14,547] multiqc                                            [DEBUG  ]  File ignored by lima/summary because it exceeded search pattern filesize limit: coverage_profile_along_genes_(low).txt
[2026-05-29 10:46:14,552] multiqc                                            [DEBUG  ]  File ignored by longranger/invocation because it exceeded search pattern filesize limit: coverage_profile_along_genes_(low).txt
[2026-05-29 10:46:14,563] multiqc                                            [DEBUG  ]  File ignored by ccs/v4 because it exceeded search pattern filesize limit: coverage_profile_along_genes_(high).txt
[2026-05-29 10:46:14,564] multiqc                                            [DEBUG  ]  File ignored by lima/summary because it exceeded search pattern filesize limit: coverage_profile_along_genes_(high).txt
[2026-05-29 10:46:14,566] multiqc                                            [DEBUG  ]  File ignored by longranger/invocation because it exceeded search pattern filesize limit: coverage_profile_along_genes_(high).txt
[2026-05-29 10:46:14,581] multiqc                                            [DEBUG  ]  File ignored by ccs/v4 because it exceeded search pattern filesize limit: qualimapReport.html
[2026-05-29 10:46:14,582] multiqc                                            [DEBUG  ]  File ignored by hicexplorer because it exceeded search pattern filesize limit: qualimapReport.html
[2026-05-29 10:46:14,582] multiqc                                            [DEBUG  ]  File ignored by lima/summary because it exceeded search pattern filesize limit: qualimapReport.html
[2026-05-29 10:46:14,584] multiqc                                            [DEBUG  ]  File ignored by longranger/invocation because it exceeded search pattern filesize limit: qualimapReport.html
[2026-05-29 10:46:14,592] multiqc                                            [DEBUG  ]  File ignored by nanostat because it exceeded search pattern filesize limit: qualimapReport.html
[2026-05-29 10:46:14,607] multiqc                                            [DEBUG  ]  File ignored by ccs/v4 because it exceeded search pattern filesize limit: agogo.css
[2026-05-29 10:46:14,609] multiqc                                            [DEBUG  ]  File ignored by hicexplorer because it exceeded search pattern filesize limit: agogo.css
[2026-05-29 10:46:14,609] multiqc                                            [DEBUG  ]  File ignored by lima/summary because it exceeded search pattern filesize limit: agogo.css
[2026-05-29 10:46:14,612] multiqc                                            [DEBUG  ]  File ignored by longranger/invocation because it exceeded search pattern filesize limit: agogo.css
[2026-05-29 10:46:14,623] multiqc                                            [DEBUG  ]  File ignored by nanostat because it exceeded search pattern filesize limit: agogo.css
[2026-05-29 10:46:14,628] multiqc                                            [DEBUG  ]  File ignored by ccs/v4 because it exceeded search pattern filesize limit: basic.css
[2026-05-29 10:46:14,629] multiqc                                            [DEBUG  ]  File ignored by hicexplorer because it exceeded search pattern filesize limit: basic.css
[2026-05-29 10:46:14,629] multiqc                                            [DEBUG  ]  File ignored by lima/summary because it exceeded search pattern filesize limit: basic.css
[2026-05-29 10:46:14,631] multiqc                                            [DEBUG  ]  File ignored by longranger/invocation because it exceeded search pattern filesize limit: basic.css
[2026-05-29 10:46:14,652] multiqc                                            [DEBUG  ]  File ignored by nanostat because it exceeded search pattern filesize limit: basic.css
[2026-05-29 10:46:14,665] multiqc                                            [DEBUG  ]  File ignored by ccs/v4 because it exceeded search pattern filesize limit: doctools.js
[2026-05-29 10:46:14,666] multiqc                                            [DEBUG  ]  File ignored by hicexplorer because it exceeded search pattern filesize limit: doctools.js
[2026-05-29 10:46:14,666] multiqc                                            [DEBUG  ]  File ignored by lima/summary because it exceeded search pattern filesize limit: doctools.js
[2026-05-29 10:46:14,668] multiqc                                            [DEBUG  ]  File ignored by longranger/invocation because it exceeded search pattern filesize limit: doctools.js
[2026-05-29 10:46:14,675] multiqc                                            [DEBUG  ]  File ignored by nanostat because it exceeded search pattern filesize limit: doctools.js
[2026-05-29 10:46:14,689] multiqc                                            [DEBUG  ]  File ignored by ccs/v4 because it exceeded search pattern filesize limit: jquery.js
[2026-05-29 10:46:14,690] multiqc                                            [DEBUG  ]  File ignored by hicexplorer because it exceeded search pattern filesize limit: jquery.js
[2026-05-29 10:46:14,690] multiqc                                            [DEBUG  ]  File ignored by lima/summary because it exceeded search pattern filesize limit: jquery.js
[2026-05-29 10:46:14,692] multiqc                                            [DEBUG  ]  File ignored by longranger/invocation because it exceeded search pattern filesize limit: jquery.js
[2026-05-29 10:46:14,701] multiqc                                            [DEBUG  ]  File ignored by nanostat because it exceeded search pattern filesize limit: jquery.js
[2026-05-29 10:46:14,708] multiqc                                            [DEBUG  ]  File ignored by ccs/v4 because it exceeded search pattern filesize limit: pygments.css
[2026-05-29 10:46:14,709] multiqc                                            [DEBUG  ]  File ignored by lima/summary because it exceeded search pattern filesize limit: pygments.css
[2026-05-29 10:46:14,711] multiqc                                            [DEBUG  ]  File ignored by longranger/invocation because it exceeded search pattern filesize limit: pygments.css
[2026-05-29 10:46:14,733] multiqc                                            [DEBUG  ]  File ignored by ccs/v4 because it exceeded search pattern filesize limit: searchtools.js
[2026-05-29 10:46:14,736] multiqc                                            [DEBUG  ]  File ignored by hicexplorer because it exceeded search pattern filesize limit: searchtools.js
[2026-05-29 10:46:14,736] multiqc                                            [DEBUG  ]  File ignored by lima/summary because it exceeded search pattern filesize limit: searchtools.js
[2026-05-29 10:46:14,740] multiqc                                            [DEBUG  ]  File ignored by longranger/invocation because it exceeded search pattern filesize limit: searchtools.js
[2026-05-29 10:46:14,756] multiqc                                            [DEBUG  ]  File ignored by nanostat because it exceeded search pattern filesize limit: searchtools.js
[2026-05-29 10:46:14,760] multiqc                                            [DEBUG  ]  File ignored by ccs/v4 because it exceeded search pattern filesize limit: underscore.js
[2026-05-29 10:46:14,761] multiqc                                            [DEBUG  ]  File ignored by hicexplorer because it exceeded search pattern filesize limit: underscore.js
[2026-05-29 10:46:14,761] multiqc                                            [DEBUG  ]  File ignored by lima/summary because it exceeded search pattern filesize limit: underscore.js
[2026-05-29 10:46:14,764] multiqc                                            [DEBUG  ]  File ignored by longranger/invocation because it exceeded search pattern filesize limit: underscore.js
[2026-05-29 10:46:14,769] multiqc                                            [DEBUG  ]  File ignored by nanostat because it exceeded search pattern filesize limit: underscore.js
[2026-05-29 10:46:14,778] multiqc                                            [DEBUG  ]  File ignored by ccs/v4 because it exceeded search pattern filesize limit: websupport.js
[2026-05-29 10:46:14,779] multiqc                                            [DEBUG  ]  File ignored by hicexplorer because it exceeded search pattern filesize limit: websupport.js
[2026-05-29 10:46:14,780] multiqc                                            [DEBUG  ]  File ignored by lima/summary because it exceeded search pattern filesize limit: websupport.js
[2026-05-29 10:46:14,781] multiqc                                            [DEBUG  ]  File ignored by longranger/invocation because it exceeded search pattern filesize limit: websupport.js
[2026-05-29 10:46:14,813] multiqc                                            [DEBUG  ]  File ignored by nanostat because it exceeded search pattern filesize limit: websupport.js
[2026-05-29 10:46:14,819] multiqc                                            [DEBUG  ]  File ignored by ccs/v4 because it exceeded search pattern filesize limit: coverage_profile_along_genes_(low).txt
[2026-05-29 10:46:14,820] multiqc                                            [DEBUG  ]  File ignored by lima/summary because it exceeded search pattern filesize limit: coverage_profile_along_genes_(low).txt
[2026-05-29 10:46:14,822] multiqc                                            [DEBUG  ]  File ignored by longranger/invocation because it exceeded search pattern filesize limit: coverage_profile_along_genes_(low).txt
[2026-05-29 10:46:14,830] multiqc                                            [DEBUG  ]  File ignored by ccs/v4 because it exceeded search pattern filesize limit: coverage_profile_along_genes_(high).txt
[2026-05-29 10:46:14,831] multiqc                                            [DEBUG  ]  File ignored by lima/summary because it exceeded search pattern filesize limit: coverage_profile_along_genes_(high).txt
[2026-05-29 10:46:14,833] multiqc                                            [DEBUG  ]  File ignored by longranger/invocation because it exceeded search pattern filesize limit: coverage_profile_along_genes_(high).txt
[2026-05-29 10:46:14,852] multiqc                                            [DEBUG  ]  File ignored by ccs/v4 because it exceeded search pattern filesize limit: qualimapReport.html
[2026-05-29 10:46:14,853] multiqc                                            [DEBUG  ]  File ignored by hicexplorer because it exceeded search pattern filesize limit: qualimapReport.html
[2026-05-29 10:46:14,854] multiqc                                            [DEBUG  ]  File ignored by lima/summary because it exceeded search pattern filesize limit: qualimapReport.html
[2026-05-29 10:46:14,856] multiqc                                            [DEBUG  ]  File ignored by longranger/invocation because it exceeded search pattern filesize limit: qualimapReport.html
[2026-05-29 10:46:14,864] multiqc                                            [DEBUG  ]  File ignored by nanostat because it exceeded search pattern filesize limit: qualimapReport.html
[2026-05-29 10:46:14,879] multiqc                                            [DEBUG  ]  File ignored by ccs/v4 because it exceeded search pattern filesize limit: agogo.css
[2026-05-29 10:46:14,881] multiqc                                            [DEBUG  ]  File ignored by hicexplorer because it exceeded search pattern filesize limit: agogo.css
[2026-05-29 10:46:14,881] multiqc                                            [DEBUG  ]  File ignored by lima/summary because it exceeded search pattern filesize limit: agogo.css
[2026-05-29 10:46:14,884] multiqc                                            [DEBUG  ]  File ignored by longranger/invocation because it exceeded search pattern filesize limit: agogo.css
[2026-05-29 10:46:14,901] multiqc                                            [DEBUG  ]  File ignored by nanostat because it exceeded search pattern filesize limit: agogo.css
[2026-05-29 10:46:14,907] multiqc                                            [DEBUG  ]  File ignored by ccs/v4 because it exceeded search pattern filesize limit: basic.css
[2026-05-29 10:46:14,908] multiqc                                            [DEBUG  ]  File ignored by hicexplorer because it exceeded search pattern filesize limit: basic.css
[2026-05-29 10:46:14,908] multiqc                                            [DEBUG  ]  File ignored by lima/summary because it exceeded search pattern filesize limit: basic.css
[2026-05-29 10:46:14,910] multiqc                                            [DEBUG  ]  File ignored by longranger/invocation because it exceeded search pattern filesize limit: basic.css
[2026-05-29 10:46:14,922] multiqc                                            [DEBUG  ]  File ignored by nanostat because it exceeded search pattern filesize limit: basic.css
[2026-05-29 10:46:14,944] multiqc                                            [DEBUG  ]  File ignored by ccs/v4 because it exceeded search pattern filesize limit: doctools.js
[2026-05-29 10:46:14,945] multiqc                                            [DEBUG  ]  File ignored by hicexplorer because it exceeded search pattern filesize limit: doctools.js
[2026-05-29 10:46:14,945] multiqc                                            [DEBUG  ]  File ignored by lima/summary because it exceeded search pattern filesize limit: doctools.js
[2026-05-29 10:46:14,947] multiqc                                            [DEBUG  ]  File ignored by longranger/invocation because it exceeded search pattern filesize limit: doctools.js
[2026-05-29 10:46:14,954] multiqc                                            [DEBUG  ]  File ignored by nanostat because it exceeded search pattern filesize limit: doctools.js
[2026-05-29 10:46:14,965] multiqc                                            [DEBUG  ]  File ignored by ccs/v4 because it exceeded search pattern filesize limit: jquery.js
[2026-05-29 10:46:14,966] multiqc                                            [DEBUG  ]  File ignored by hicexplorer because it exceeded search pattern filesize limit: jquery.js
[2026-05-29 10:46:14,966] multiqc                                            [DEBUG  ]  File ignored by lima/summary because it exceeded search pattern filesize limit: jquery.js
[2026-05-29 10:46:14,969] multiqc                                            [DEBUG  ]  File ignored by longranger/invocation because it exceeded search pattern filesize limit: jquery.js
[2026-05-29 10:46:14,978] multiqc                                            [DEBUG  ]  File ignored by nanostat because it exceeded search pattern filesize limit: jquery.js
[2026-05-29 10:46:14,985] multiqc                                            [DEBUG  ]  File ignored by ccs/v4 because it exceeded search pattern filesize limit: pygments.css
[2026-05-29 10:46:14,986] multiqc                                            [DEBUG  ]  File ignored by lima/summary because it exceeded search pattern filesize limit: pygments.css
[2026-05-29 10:46:14,988] multiqc                                            [DEBUG  ]  File ignored by longranger/invocation because it exceeded search pattern filesize limit: pygments.css
[2026-05-29 10:46:15,013] multiqc                                            [DEBUG  ]  File ignored by ccs/v4 because it exceeded search pattern filesize limit: searchtools.js
[2026-05-29 10:46:15,014] multiqc                                            [DEBUG  ]  File ignored by hicexplorer because it exceeded search pattern filesize limit: searchtools.js
[2026-05-29 10:46:15,014] multiqc                                            [DEBUG  ]  File ignored by lima/summary because it exceeded search pattern filesize limit: searchtools.js
[2026-05-29 10:46:15,016] multiqc                                            [DEBUG  ]  File ignored by longranger/invocation because it exceeded search pattern filesize limit: searchtools.js
[2026-05-29 10:46:15,038] multiqc                                            [DEBUG  ]  File ignored by nanostat because it exceeded search pattern filesize limit: searchtools.js
[2026-05-29 10:46:15,044] multiqc                                            [DEBUG  ]  File ignored by ccs/v4 because it exceeded search pattern filesize limit: underscore.js
[2026-05-29 10:46:15,045] multiqc                                            [DEBUG  ]  File ignored by hicexplorer because it exceeded search pattern filesize limit: underscore.js
[2026-05-29 10:46:15,046] multiqc                                            [DEBUG  ]  File ignored by lima/summary because it exceeded search pattern filesize limit: underscore.js
[2026-05-29 10:46:15,048] multiqc                                            [DEBUG  ]  File ignored by longranger/invocation because it exceeded search pattern filesize limit: underscore.js
[2026-05-29 10:46:15,052] multiqc                                            [DEBUG  ]  File ignored by nanostat because it exceeded search pattern filesize limit: underscore.js
[2026-05-29 10:46:15,059] multiqc                                            [DEBUG  ]  File ignored by ccs/v4 because it exceeded search pattern filesize limit: websupport.js
[2026-05-29 10:46:15,060] multiqc                                            [DEBUG  ]  File ignored by hicexplorer because it exceeded search pattern filesize limit: websupport.js
[2026-05-29 10:46:15,060] multiqc                                            [DEBUG  ]  File ignored by lima/summary because it exceeded search pattern filesize limit: websupport.js
[2026-05-29 10:46:15,062] multiqc                                            [DEBUG  ]  File ignored by longranger/invocation because it exceeded search pattern filesize limit: websupport.js
[2026-05-29 10:46:15,089] multiqc                                            [DEBUG  ]  File ignored by nanostat because it exceeded search pattern filesize limit: websupport.js
[2026-05-29 10:46:15,094] multiqc                                            [DEBUG  ]  File ignored by ccs/v4 because it exceeded search pattern filesize limit: coverage_profile_along_genes_(low).txt
[2026-05-29 10:46:15,096] multiqc                                            [DEBUG  ]  File ignored by lima/summary because it exceeded search pattern filesize limit: coverage_profile_along_genes_(low).txt
[2026-05-29 10:46:15,098] multiqc                                            [DEBUG  ]  File ignored by longranger/invocation because it exceeded search pattern filesize limit: coverage_profile_along_genes_(low).txt
[2026-05-29 10:46:15,105] multiqc                                            [DEBUG  ]  File ignored by ccs/v4 because it exceeded search pattern filesize limit: coverage_profile_along_genes_(high).txt
[2026-05-29 10:46:15,106] multiqc                                            [DEBUG  ]  File ignored by lima/summary because it exceeded search pattern filesize limit: coverage_profile_along_genes_(high).txt
[2026-05-29 10:46:15,114] multiqc                                            [DEBUG  ]  File ignored by longranger/invocation because it exceeded search pattern filesize limit: coverage_profile_along_genes_(high).txt
[2026-05-29 10:46:15,122] multiqc                                            [DEBUG  ]  File ignored by ccs/v4 because it exceeded search pattern filesize limit: qualimapReport.html
[2026-05-29 10:46:15,123] multiqc                                            [DEBUG  ]  File ignored by hicexplorer because it exceeded search pattern filesize limit: qualimapReport.html
[2026-05-29 10:46:15,124] multiqc                                            [DEBUG  ]  File ignored by lima/summary because it exceeded search pattern filesize limit: qualimapReport.html
[2026-05-29 10:46:15,128] multiqc                                            [DEBUG  ]  File ignored by longranger/invocation because it exceeded search pattern filesize limit: qualimapReport.html
[2026-05-29 10:46:15,144] multiqc                                            [DEBUG  ]  File ignored by nanostat because it exceeded search pattern filesize limit: qualimapReport.html
[2026-05-29 10:46:15,159] multiqc                                            [DEBUG  ]  File ignored by ccs/v4 because it exceeded search pattern filesize limit: agogo.css
[2026-05-29 10:46:15,160] multiqc                                            [DEBUG  ]  File ignored by hicexplorer because it exceeded search pattern filesize limit: agogo.css
[2026-05-29 10:46:15,160] multiqc                                            [DEBUG  ]  File ignored by lima/summary because it exceeded search pattern filesize limit: agogo.css
[2026-05-29 10:46:15,162] multiqc                                            [DEBUG  ]  File ignored by longranger/invocation because it exceeded search pattern filesize limit: agogo.css
[2026-05-29 10:46:15,172] multiqc                                            [DEBUG  ]  File ignored by nanostat because it exceeded search pattern filesize limit: agogo.css
[2026-05-29 10:46:15,177] multiqc                                            [DEBUG  ]  File ignored by ccs/v4 because it exceeded search pattern filesize limit: basic.css
[2026-05-29 10:46:15,178] multiqc                                            [DEBUG  ]  File ignored by hicexplorer because it exceeded search pattern filesize limit: basic.css
[2026-05-29 10:46:15,178] multiqc                                            [DEBUG  ]  File ignored by lima/summary because it exceeded search pattern filesize limit: basic.css
[2026-05-29 10:46:15,180] multiqc                                            [DEBUG  ]  File ignored by longranger/invocation because it exceeded search pattern filesize limit: basic.css
[2026-05-29 10:46:15,191] multiqc                                            [DEBUG  ]  File ignored by nanostat because it exceeded search pattern filesize limit: basic.css
[2026-05-29 10:46:15,203] multiqc                                            [DEBUG  ]  File ignored by ccs/v4 because it exceeded search pattern filesize limit: doctools.js
[2026-05-29 10:46:15,204] multiqc                                            [DEBUG  ]  File ignored by hicexplorer because it exceeded search pattern filesize limit: doctools.js
[2026-05-29 10:46:15,204] multiqc                                            [DEBUG  ]  File ignored by lima/summary because it exceeded search pattern filesize limit: doctools.js
[2026-05-29 10:46:15,206] multiqc                                            [DEBUG  ]  File ignored by longranger/invocation because it exceeded search pattern filesize limit: doctools.js
[2026-05-29 10:46:15,219] multiqc                                            [DEBUG  ]  File ignored by nanostat because it exceeded search pattern filesize limit: doctools.js
[2026-05-29 10:46:15,239] multiqc                                            [DEBUG  ]  File ignored by ccs/v4 because it exceeded search pattern filesize limit: jquery.js
[2026-05-29 10:46:15,240] multiqc                                            [DEBUG  ]  File ignored by hicexplorer because it exceeded search pattern filesize limit: jquery.js
[2026-05-29 10:46:15,240] multiqc                                            [DEBUG  ]  File ignored by lima/summary because it exceeded search pattern filesize limit: jquery.js
[2026-05-29 10:46:15,243] multiqc                                            [DEBUG  ]  File ignored by longranger/invocation because it exceeded search pattern filesize limit: jquery.js
[2026-05-29 10:46:15,251] multiqc                                            [DEBUG  ]  File ignored by nanostat because it exceeded search pattern filesize limit: jquery.js
[2026-05-29 10:46:15,259] multiqc                                            [DEBUG  ]  File ignored by ccs/v4 because it exceeded search pattern filesize limit: pygments.css
[2026-05-29 10:46:15,260] multiqc                                            [DEBUG  ]  File ignored by lima/summary because it exceeded search pattern filesize limit: pygments.css
[2026-05-29 10:46:15,262] multiqc                                            [DEBUG  ]  File ignored by longranger/invocation because it exceeded search pattern filesize limit: pygments.css
[2026-05-29 10:46:15,280] multiqc                                            [DEBUG  ]  File ignored by ccs/v4 because it exceeded search pattern filesize limit: searchtools.js
[2026-05-29 10:46:15,281] multiqc                                            [DEBUG  ]  File ignored by hicexplorer because it exceeded search pattern filesize limit: searchtools.js
[2026-05-29 10:46:15,281] multiqc                                            [DEBUG  ]  File ignored by lima/summary because it exceeded search pattern filesize limit: searchtools.js
[2026-05-29 10:46:15,283] multiqc                                            [DEBUG  ]  File ignored by longranger/invocation because it exceeded search pattern filesize limit: searchtools.js
[2026-05-29 10:46:15,303] multiqc                                            [DEBUG  ]  File ignored by nanostat because it exceeded search pattern filesize limit: searchtools.js
[2026-05-29 10:46:15,307] multiqc                                            [DEBUG  ]  File ignored by ccs/v4 because it exceeded search pattern filesize limit: underscore.js
[2026-05-29 10:46:15,307] multiqc                                            [DEBUG  ]  File ignored by hicexplorer because it exceeded search pattern filesize limit: underscore.js
[2026-05-29 10:46:15,308] multiqc                                            [DEBUG  ]  File ignored by lima/summary because it exceeded search pattern filesize limit: underscore.js
[2026-05-29 10:46:15,309] multiqc                                            [DEBUG  ]  File ignored by longranger/invocation because it exceeded search pattern filesize limit: underscore.js
[2026-05-29 10:46:15,313] multiqc                                            [DEBUG  ]  File ignored by nanostat because it exceeded search pattern filesize limit: underscore.js
[2026-05-29 10:46:15,328] multiqc                                            [DEBUG  ]  File ignored by ccs/v4 because it exceeded search pattern filesize limit: websupport.js
[2026-05-29 10:46:15,330] multiqc                                            [DEBUG  ]  File ignored by hicexplorer because it exceeded search pattern filesize limit: websupport.js
[2026-05-29 10:46:15,330] multiqc                                            [DEBUG  ]  File ignored by lima/summary because it exceeded search pattern filesize limit: websupport.js
[2026-05-29 10:46:15,333] multiqc                                            [DEBUG  ]  File ignored by longranger/invocation because it exceeded search pattern filesize limit: websupport.js
[2026-05-29 10:46:15,352] multiqc                                            [DEBUG  ]  File ignored by nanostat because it exceeded search pattern filesize limit: websupport.js
[2026-05-29 10:46:15,357] multiqc                                            [DEBUG  ]  File ignored by ccs/v4 because it exceeded search pattern filesize limit: coverage_profile_along_genes_(low).txt
[2026-05-29 10:46:15,358] multiqc                                            [DEBUG  ]  File ignored by lima/summary because it exceeded search pattern filesize limit: coverage_profile_along_genes_(low).txt
[2026-05-29 10:46:15,360] multiqc                                            [DEBUG  ]  File ignored by longranger/invocation because it exceeded search pattern filesize limit: coverage_profile_along_genes_(low).txt
[2026-05-29 10:46:15,369] multiqc                                            [DEBUG  ]  File ignored by ccs/v4 because it exceeded search pattern filesize limit: coverage_profile_along_genes_(high).txt
[2026-05-29 10:46:15,370] multiqc                                            [DEBUG  ]  File ignored by lima/summary because it exceeded search pattern filesize limit: coverage_profile_along_genes_(high).txt
[2026-05-29 10:46:15,372] multiqc                                            [DEBUG  ]  File ignored by longranger/invocation because it exceeded search pattern filesize limit: coverage_profile_along_genes_(high).txt
[2026-05-29 10:46:15,388] multiqc                                            [DEBUG  ]  File ignored by ccs/v4 because it exceeded search pattern filesize limit: qualimapReport.html
[2026-05-29 10:46:15,390] multiqc                                            [DEBUG  ]  File ignored by hicexplorer because it exceeded search pattern filesize limit: qualimapReport.html
[2026-05-29 10:46:15,390] multiqc                                            [DEBUG  ]  File ignored by lima/summary because it exceeded search pattern filesize limit: qualimapReport.html
[2026-05-29 10:46:15,393] multiqc                                            [DEBUG  ]  File ignored by longranger/invocation because it exceeded search pattern filesize limit: qualimapReport.html
[2026-05-29 10:46:15,401] multiqc                                            [DEBUG  ]  File ignored by nanostat because it exceeded search pattern filesize limit: qualimapReport.html
[2026-05-29 10:46:15,415] multiqc                                            [DEBUG  ]  File ignored by ccs/v4 because it exceeded search pattern filesize limit: agogo.css
[2026-05-29 10:46:15,416] multiqc                                            [DEBUG  ]  File ignored by hicexplorer because it exceeded search pattern filesize limit: agogo.css
[2026-05-29 10:46:15,416] multiqc                                            [DEBUG  ]  File ignored by lima/summary because it exceeded search pattern filesize limit: agogo.css
[2026-05-29 10:46:15,418] multiqc                                            [DEBUG  ]  File ignored by longranger/invocation because it exceeded search pattern filesize limit: agogo.css
[2026-05-29 10:46:15,434] multiqc                                            [DEBUG  ]  File ignored by nanostat because it exceeded search pattern filesize limit: agogo.css
[2026-05-29 10:46:15,439] multiqc                                            [DEBUG  ]  File ignored by ccs/v4 because it exceeded search pattern filesize limit: basic.css
[2026-05-29 10:46:15,440] multiqc                                            [DEBUG  ]  File ignored by hicexplorer because it exceeded search pattern filesize limit: basic.css
[2026-05-29 10:46:15,441] multiqc                                            [DEBUG  ]  File ignored by lima/summary because it exceeded search pattern filesize limit: basic.css
[2026-05-29 10:46:15,442] multiqc                                            [DEBUG  ]  File ignored by longranger/invocation because it exceeded search pattern filesize limit: basic.css
[2026-05-29 10:46:15,453] multiqc                                            [DEBUG  ]  File ignored by nanostat because it exceeded search pattern filesize limit: basic.css
[2026-05-29 10:46:15,465] multiqc                                            [DEBUG  ]  File ignored by ccs/v4 because it exceeded search pattern filesize limit: doctools.js
[2026-05-29 10:46:15,466] multiqc                                            [DEBUG  ]  File ignored by hicexplorer because it exceeded search pattern filesize limit: doctools.js
[2026-05-29 10:46:15,467] multiqc                                            [DEBUG  ]  File ignored by lima/summary because it exceeded search pattern filesize limit: doctools.js
[2026-05-29 10:46:15,468] multiqc                                            [DEBUG  ]  File ignored by longranger/invocation because it exceeded search pattern filesize limit: doctools.js
[2026-05-29 10:46:15,475] multiqc                                            [DEBUG  ]  File ignored by nanostat because it exceeded search pattern filesize limit: doctools.js
[2026-05-29 10:46:15,484] multiqc                                            [DEBUG  ]  File ignored by ccs/v4 because it exceeded search pattern filesize limit: jquery.js
[2026-05-29 10:46:15,485] multiqc                                            [DEBUG  ]  File ignored by hicexplorer because it exceeded search pattern filesize limit: jquery.js
[2026-05-29 10:46:15,485] multiqc                                            [DEBUG  ]  File ignored by lima/summary because it exceeded search pattern filesize limit: jquery.js
[2026-05-29 10:46:15,487] multiqc                                            [DEBUG  ]  File ignored by longranger/invocation because it exceeded search pattern filesize limit: jquery.js
[2026-05-29 10:46:15,496] multiqc                                            [DEBUG  ]  File ignored by nanostat because it exceeded search pattern filesize limit: jquery.js
[2026-05-29 10:46:15,503] multiqc                                            [DEBUG  ]  File ignored by ccs/v4 because it exceeded search pattern filesize limit: pygments.css
[2026-05-29 10:46:15,505] multiqc                                            [DEBUG  ]  File ignored by lima/summary because it exceeded search pattern filesize limit: pygments.css
[2026-05-29 10:46:15,508] multiqc                                            [DEBUG  ]  File ignored by longranger/invocation because it exceeded search pattern filesize limit: pygments.css
[2026-05-29 10:46:15,527] multiqc                                            [DEBUG  ]  File ignored by ccs/v4 because it exceeded search pattern filesize limit: searchtools.js
[2026-05-29 10:46:15,528] multiqc                                            [DEBUG  ]  File ignored by hicexplorer because it exceeded search pattern filesize limit: searchtools.js
[2026-05-29 10:46:15,528] multiqc                                            [DEBUG  ]  File ignored by lima/summary because it exceeded search pattern filesize limit: searchtools.js
[2026-05-29 10:46:15,541] multiqc                                            [DEBUG  ]  File ignored by longranger/invocation because it exceeded search pattern filesize limit: searchtools.js
[2026-05-29 10:46:15,566] multiqc                                            [DEBUG  ]  File ignored by nanostat because it exceeded search pattern filesize limit: searchtools.js
[2026-05-29 10:46:15,570] multiqc                                            [DEBUG  ]  File ignored by ccs/v4 because it exceeded search pattern filesize limit: underscore.js
[2026-05-29 10:46:15,571] multiqc                                            [DEBUG  ]  File ignored by hicexplorer because it exceeded search pattern filesize limit: underscore.js
[2026-05-29 10:46:15,572] multiqc                                            [DEBUG  ]  File ignored by lima/summary because it exceeded search pattern filesize limit: underscore.js
[2026-05-29 10:46:15,573] multiqc                                            [DEBUG  ]  File ignored by longranger/invocation because it exceeded search pattern filesize limit: underscore.js
[2026-05-29 10:46:15,577] multiqc                                            [DEBUG  ]  File ignored by nanostat because it exceeded search pattern filesize limit: underscore.js
[2026-05-29 10:46:15,584] multiqc                                            [DEBUG  ]  File ignored by ccs/v4 because it exceeded search pattern filesize limit: websupport.js
[2026-05-29 10:46:15,585] multiqc                                            [DEBUG  ]  File ignored by hicexplorer because it exceeded search pattern filesize limit: websupport.js
[2026-05-29 10:46:15,586] multiqc                                            [DEBUG  ]  File ignored by lima/summary because it exceeded search pattern filesize limit: websupport.js
[2026-05-29 10:46:15,587] multiqc                                            [DEBUG  ]  File ignored by longranger/invocation because it exceeded search pattern filesize limit: websupport.js
[2026-05-29 10:46:15,605] multiqc                                            [DEBUG  ]  File ignored by nanostat because it exceeded search pattern filesize limit: websupport.js
[2026-05-29 10:46:15,609] multiqc                                            [DEBUG  ]  File ignored by ccs/v4 because it exceeded search pattern filesize limit: coverage_profile_along_genes_(low).txt
[2026-05-29 10:46:15,610] multiqc                                            [DEBUG  ]  File ignored by lima/summary because it exceeded search pattern filesize limit: coverage_profile_along_genes_(low).txt
[2026-05-29 10:46:15,612] multiqc                                            [DEBUG  ]  File ignored by longranger/invocation because it exceeded search pattern filesize limit: coverage_profile_along_genes_(low).txt
[2026-05-29 10:46:15,620] multiqc                                            [DEBUG  ]  File ignored by ccs/v4 because it exceeded search pattern filesize limit: coverage_profile_along_genes_(high).txt
[2026-05-29 10:46:15,621] multiqc                                            [DEBUG  ]  File ignored by lima/summary because it exceeded search pattern filesize limit: coverage_profile_along_genes_(high).txt
[2026-05-29 10:46:15,623] multiqc                                            [DEBUG  ]  File ignored by longranger/invocation because it exceeded search pattern filesize limit: coverage_profile_along_genes_(high).txt
[2026-05-29 10:46:15,647] multiqc                                            [DEBUG  ]  File ignored by ccs/v4 because it exceeded search pattern filesize limit: qualimapReport.html
[2026-05-29 10:46:15,648] multiqc                                            [DEBUG  ]  File ignored by hicexplorer because it exceeded search pattern filesize limit: qualimapReport.html
[2026-05-29 10:46:15,648] multiqc                                            [DEBUG  ]  File ignored by lima/summary because it exceeded search pattern filesize limit: qualimapReport.html
[2026-05-29 10:46:15,650] multiqc                                            [DEBUG  ]  File ignored by longranger/invocation because it exceeded search pattern filesize limit: qualimapReport.html
[2026-05-29 10:46:15,659] multiqc                                            [DEBUG  ]  File ignored by nanostat because it exceeded search pattern filesize limit: qualimapReport.html
[2026-05-29 10:46:15,673] multiqc                                            [DEBUG  ]  File ignored by ccs/v4 because it exceeded search pattern filesize limit: agogo.css
[2026-05-29 10:46:15,675] multiqc                                            [DEBUG  ]  File ignored by hicexplorer because it exceeded search pattern filesize limit: agogo.css
[2026-05-29 10:46:15,675] multiqc                                            [DEBUG  ]  File ignored by lima/summary because it exceeded search pattern filesize limit: agogo.css
[2026-05-29 10:46:15,678] multiqc                                            [DEBUG  ]  File ignored by longranger/invocation because it exceeded search pattern filesize limit: agogo.css
[2026-05-29 10:46:15,687] multiqc                                            [DEBUG  ]  File ignored by nanostat because it exceeded search pattern filesize limit: agogo.css
[2026-05-29 10:46:15,693] multiqc                                            [DEBUG  ]  File ignored by ccs/v4 because it exceeded search pattern filesize limit: basic.css
[2026-05-29 10:46:15,694] multiqc                                            [DEBUG  ]  File ignored by hicexplorer because it exceeded search pattern filesize limit: basic.css
[2026-05-29 10:46:15,694] multiqc                                            [DEBUG  ]  File ignored by lima/summary because it exceeded search pattern filesize limit: basic.css
[2026-05-29 10:46:15,696] multiqc                                            [DEBUG  ]  File ignored by longranger/invocation because it exceeded search pattern filesize limit: basic.css
[2026-05-29 10:46:15,707] multiqc                                            [DEBUG  ]  File ignored by nanostat because it exceeded search pattern filesize limit: basic.css
[2026-05-29 10:46:15,720] multiqc                                            [DEBUG  ]  File ignored by ccs/v4 because it exceeded search pattern filesize limit: doctools.js
[2026-05-29 10:46:15,721] multiqc                                            [DEBUG  ]  File ignored by hicexplorer because it exceeded search pattern filesize limit: doctools.js
[2026-05-29 10:46:15,721] multiqc                                            [DEBUG  ]  File ignored by lima/summary because it exceeded search pattern filesize limit: doctools.js
[2026-05-29 10:46:15,723] multiqc                                            [DEBUG  ]  File ignored by longranger/invocation because it exceeded search pattern filesize limit: doctools.js
[2026-05-29 10:46:15,729] multiqc                                            [DEBUG  ]  File ignored by nanostat because it exceeded search pattern filesize limit: doctools.js
[2026-05-29 10:46:15,738] multiqc                                            [DEBUG  ]  File ignored by ccs/v4 because it exceeded search pattern filesize limit: jquery.js
[2026-05-29 10:46:15,739] multiqc                                            [DEBUG  ]  File ignored by hicexplorer because it exceeded search pattern filesize limit: jquery.js
[2026-05-29 10:46:15,739] multiqc                                            [DEBUG  ]  File ignored by lima/summary because it exceeded search pattern filesize limit: jquery.js
[2026-05-29 10:46:15,741] multiqc                                            [DEBUG  ]  File ignored by longranger/invocation because it exceeded search pattern filesize limit: jquery.js
[2026-05-29 10:46:15,769] multiqc                                            [DEBUG  ]  File ignored by nanostat because it exceeded search pattern filesize limit: jquery.js
[2026-05-29 10:46:15,777] multiqc                                            [DEBUG  ]  File ignored by ccs/v4 because it exceeded search pattern filesize limit: pygments.css
[2026-05-29 10:46:15,778] multiqc                                            [DEBUG  ]  File ignored by lima/summary because it exceeded search pattern filesize limit: pygments.css
[2026-05-29 10:46:15,780] multiqc                                            [DEBUG  ]  File ignored by longranger/invocation because it exceeded search pattern filesize limit: pygments.css
[2026-05-29 10:46:15,800] multiqc                                            [DEBUG  ]  File ignored by ccs/v4 because it exceeded search pattern filesize limit: searchtools.js
[2026-05-29 10:46:15,801] multiqc                                            [DEBUG  ]  File ignored by hicexplorer because it exceeded search pattern filesize limit: searchtools.js
[2026-05-29 10:46:15,801] multiqc                                            [DEBUG  ]  File ignored by lima/summary because it exceeded search pattern filesize limit: searchtools.js
[2026-05-29 10:46:15,803] multiqc                                            [DEBUG  ]  File ignored by longranger/invocation because it exceeded search pattern filesize limit: searchtools.js
[2026-05-29 10:46:15,827] multiqc                                            [DEBUG  ]  File ignored by nanostat because it exceeded search pattern filesize limit: searchtools.js
[2026-05-29 10:46:15,831] multiqc                                            [DEBUG  ]  File ignored by ccs/v4 because it exceeded search pattern filesize limit: underscore.js
[2026-05-29 10:46:15,832] multiqc                                            [DEBUG  ]  File ignored by hicexplorer because it exceeded search pattern filesize limit: underscore.js
[2026-05-29 10:46:15,832] multiqc                                            [DEBUG  ]  File ignored by lima/summary because it exceeded search pattern filesize limit: underscore.js
[2026-05-29 10:46:15,834] multiqc                                            [DEBUG  ]  File ignored by longranger/invocation because it exceeded search pattern filesize limit: underscore.js
[2026-05-29 10:46:15,837] multiqc                                            [DEBUG  ]  File ignored by nanostat because it exceeded search pattern filesize limit: underscore.js
[2026-05-29 10:46:15,845] multiqc                                            [DEBUG  ]  File ignored by ccs/v4 because it exceeded search pattern filesize limit: websupport.js
[2026-05-29 10:46:15,846] multiqc                                            [DEBUG  ]  File ignored by hicexplorer because it exceeded search pattern filesize limit: websupport.js
[2026-05-29 10:46:15,846] multiqc                                            [DEBUG  ]  File ignored by lima/summary because it exceeded search pattern filesize limit: websupport.js
[2026-05-29 10:46:15,848] multiqc                                            [DEBUG  ]  File ignored by longranger/invocation because it exceeded search pattern filesize limit: websupport.js
[2026-05-29 10:46:15,871] multiqc                                            [DEBUG  ]  File ignored by nanostat because it exceeded search pattern filesize limit: websupport.js
[2026-05-29 10:46:15,877] multiqc                                            [DEBUG  ]  File ignored by ccs/v4 because it exceeded search pattern filesize limit: coverage_profile_along_genes_(low).txt
[2026-05-29 10:46:15,878] multiqc                                            [DEBUG  ]  File ignored by lima/summary because it exceeded search pattern filesize limit: coverage_profile_along_genes_(low).txt
[2026-05-29 10:46:15,880] multiqc                                            [DEBUG  ]  File ignored by longranger/invocation because it exceeded search pattern filesize limit: coverage_profile_along_genes_(low).txt
[2026-05-29 10:46:15,888] multiqc                                            [DEBUG  ]  File ignored by ccs/v4 because it exceeded search pattern filesize limit: coverage_profile_along_genes_(high).txt
[2026-05-29 10:46:15,889] multiqc                                            [DEBUG  ]  File ignored by lima/summary because it exceeded search pattern filesize limit: coverage_profile_along_genes_(high).txt
[2026-05-29 10:46:15,891] multiqc                                            [DEBUG  ]  File ignored by longranger/invocation because it exceeded search pattern filesize limit: coverage_profile_along_genes_(high).txt
[2026-05-29 10:46:15,900] multiqc                                            [DEBUG  ]  File ignored by ccs/v4 because it exceeded search pattern filesize limit: qualimapReport.html
[2026-05-29 10:46:15,901] multiqc                                            [DEBUG  ]  File ignored by hicexplorer because it exceeded search pattern filesize limit: qualimapReport.html
[2026-05-29 10:46:15,901] multiqc                                            [DEBUG  ]  File ignored by lima/summary because it exceeded search pattern filesize limit: qualimapReport.html
[2026-05-29 10:46:15,903] multiqc                                            [DEBUG  ]  File ignored by longranger/invocation because it exceeded search pattern filesize limit: qualimapReport.html
[2026-05-29 10:46:15,919] multiqc                                            [DEBUG  ]  File ignored by nanostat because it exceeded search pattern filesize limit: qualimapReport.html
[2026-05-29 10:46:15,936] multiqc                                            [DEBUG  ]  File ignored by ccs/v4 because it exceeded search pattern filesize limit: agogo.css
[2026-05-29 10:46:15,937] multiqc                                            [DEBUG  ]  File ignored by hicexplorer because it exceeded search pattern filesize limit: agogo.css
[2026-05-29 10:46:15,937] multiqc                                            [DEBUG  ]  File ignored by lima/summary because it exceeded search pattern filesize limit: agogo.css
[2026-05-29 10:46:15,939] multiqc                                            [DEBUG  ]  File ignored by longranger/invocation because it exceeded search pattern filesize limit: agogo.css
[2026-05-29 10:46:15,950] multiqc                                            [DEBUG  ]  File ignored by nanostat because it exceeded search pattern filesize limit: agogo.css
[2026-05-29 10:46:15,966] multiqc                                            [DEBUG  ]  File ignored by ccs/v4 because it exceeded search pattern filesize limit: basic.css
[2026-05-29 10:46:15,967] multiqc                                            [DEBUG  ]  File ignored by hicexplorer because it exceeded search pattern filesize limit: basic.css
[2026-05-29 10:46:15,967] multiqc                                            [DEBUG  ]  File ignored by lima/summary because it exceeded search pattern filesize limit: basic.css
[2026-05-29 10:46:15,971] multiqc                                            [DEBUG  ]  File ignored by longranger/invocation because it exceeded search pattern filesize limit: basic.css
[2026-05-29 10:46:15,986] multiqc                                            [DEBUG  ]  File ignored by nanostat because it exceeded search pattern filesize limit: basic.css
[2026-05-29 10:46:15,998] multiqc                                            [DEBUG  ]  File ignored by ccs/v4 because it exceeded search pattern filesize limit: doctools.js
[2026-05-29 10:46:15,999] multiqc                                            [DEBUG  ]  File ignored by hicexplorer because it exceeded search pattern filesize limit: doctools.js
[2026-05-29 10:46:15,999] multiqc                                            [DEBUG  ]  File ignored by lima/summary because it exceeded search pattern filesize limit: doctools.js
[2026-05-29 10:46:16,001] multiqc                                            [DEBUG  ]  File ignored by longranger/invocation because it exceeded search pattern filesize limit: doctools.js
[2026-05-29 10:46:16,008] multiqc                                            [DEBUG  ]  File ignored by nanostat because it exceeded search pattern filesize limit: doctools.js
[2026-05-29 10:46:16,017] multiqc                                            [DEBUG  ]  File ignored by ccs/v4 because it exceeded search pattern filesize limit: jquery.js
[2026-05-29 10:46:16,018] multiqc                                            [DEBUG  ]  File ignored by hicexplorer because it exceeded search pattern filesize limit: jquery.js
[2026-05-29 10:46:16,018] multiqc                                            [DEBUG  ]  File ignored by lima/summary because it exceeded search pattern filesize limit: jquery.js
[2026-05-29 10:46:16,020] multiqc                                            [DEBUG  ]  File ignored by longranger/invocation because it exceeded search pattern filesize limit: jquery.js
[2026-05-29 10:46:16,029] multiqc                                            [DEBUG  ]  File ignored by nanostat because it exceeded search pattern filesize limit: jquery.js
[2026-05-29 10:46:16,036] multiqc                                            [DEBUG  ]  File ignored by ccs/v4 because it exceeded search pattern filesize limit: pygments.css
[2026-05-29 10:46:16,037] multiqc                                            [DEBUG  ]  File ignored by lima/summary because it exceeded search pattern filesize limit: pygments.css
[2026-05-29 10:46:16,039] multiqc                                            [DEBUG  ]  File ignored by longranger/invocation because it exceeded search pattern filesize limit: pygments.css
[2026-05-29 10:46:16,072] multiqc                                            [DEBUG  ]  File ignored by ccs/v4 because it exceeded search pattern filesize limit: searchtools.js
[2026-05-29 10:46:16,074] multiqc                                            [DEBUG  ]  File ignored by hicexplorer because it exceeded search pattern filesize limit: searchtools.js
[2026-05-29 10:46:16,075] multiqc                                            [DEBUG  ]  File ignored by lima/summary because it exceeded search pattern filesize limit: searchtools.js
[2026-05-29 10:46:16,079] multiqc                                            [DEBUG  ]  File ignored by longranger/invocation because it exceeded search pattern filesize limit: searchtools.js
[2026-05-29 10:46:16,094] multiqc                                            [DEBUG  ]  File ignored by nanostat because it exceeded search pattern filesize limit: searchtools.js
[2026-05-29 10:46:16,099] multiqc                                            [DEBUG  ]  File ignored by ccs/v4 because it exceeded search pattern filesize limit: underscore.js
[2026-05-29 10:46:16,100] multiqc                                            [DEBUG  ]  File ignored by hicexplorer because it exceeded search pattern filesize limit: underscore.js
[2026-05-29 10:46:16,100] multiqc                                            [DEBUG  ]  File ignored by lima/summary because it exceeded search pattern filesize limit: underscore.js
[2026-05-29 10:46:16,102] multiqc                                            [DEBUG  ]  File ignored by longranger/invocation because it exceeded search pattern filesize limit: underscore.js
[2026-05-29 10:46:16,106] multiqc                                            [DEBUG  ]  File ignored by nanostat because it exceeded search pattern filesize limit: underscore.js
[2026-05-29 10:46:16,113] multiqc                                            [DEBUG  ]  File ignored by ccs/v4 because it exceeded search pattern filesize limit: websupport.js
[2026-05-29 10:46:16,114] multiqc                                            [DEBUG  ]  File ignored by hicexplorer because it exceeded search pattern filesize limit: websupport.js
[2026-05-29 10:46:16,114] multiqc                                            [DEBUG  ]  File ignored by lima/summary because it exceeded search pattern filesize limit: websupport.js
[2026-05-29 10:46:16,116] multiqc                                            [DEBUG  ]  File ignored by longranger/invocation because it exceeded search pattern filesize limit: websupport.js
[2026-05-29 10:46:16,137] multiqc                                            [DEBUG  ]  File ignored by nanostat because it exceeded search pattern filesize limit: websupport.js
[2026-05-29 10:46:16,143] multiqc                                            [DEBUG  ]  File ignored by ccs/v4 because it exceeded search pattern filesize limit: coverage_profile_along_genes_(low).txt
[2026-05-29 10:46:16,144] multiqc                                            [DEBUG  ]  File ignored by lima/summary because it exceeded search pattern filesize limit: coverage_profile_along_genes_(low).txt
[2026-05-29 10:46:16,146] multiqc                                            [DEBUG  ]  File ignored by longranger/invocation because it exceeded search pattern filesize limit: coverage_profile_along_genes_(low).txt
[2026-05-29 10:46:16,154] multiqc                                            [DEBUG  ]  File ignored by ccs/v4 because it exceeded search pattern filesize limit: coverage_profile_along_genes_(high).txt
[2026-05-29 10:46:16,155] multiqc                                            [DEBUG  ]  File ignored by lima/summary because it exceeded search pattern filesize limit: coverage_profile_along_genes_(high).txt
[2026-05-29 10:46:16,157] multiqc                                            [DEBUG  ]  File ignored by longranger/invocation because it exceeded search pattern filesize limit: coverage_profile_along_genes_(high).txt
[2026-05-29 10:46:16,165] multiqc                                            [DEBUG  ]  File ignored by ccs/v4 because it exceeded search pattern filesize limit: qualimapReport.html
[2026-05-29 10:46:16,166] multiqc                                            [DEBUG  ]  File ignored by hicexplorer because it exceeded search pattern filesize limit: qualimapReport.html
[2026-05-29 10:46:16,166] multiqc                                            [DEBUG  ]  File ignored by lima/summary because it exceeded search pattern filesize limit: qualimapReport.html
[2026-05-29 10:46:16,175] multiqc                                            [DEBUG  ]  File ignored by longranger/invocation because it exceeded search pattern filesize limit: qualimapReport.html
[2026-05-29 10:46:16,191] multiqc                                            [DEBUG  ]  File ignored by nanostat because it exceeded search pattern filesize limit: qualimapReport.html
[2026-05-29 10:46:16,204] multiqc                                            [DEBUG  ]  File ignored by ccs/v4 because it exceeded search pattern filesize limit: agogo.css
[2026-05-29 10:46:16,205] multiqc                                            [DEBUG  ]  File ignored by hicexplorer because it exceeded search pattern filesize limit: agogo.css
[2026-05-29 10:46:16,205] multiqc                                            [DEBUG  ]  File ignored by lima/summary because it exceeded search pattern filesize limit: agogo.css
[2026-05-29 10:46:16,207] multiqc                                            [DEBUG  ]  File ignored by longranger/invocation because it exceeded search pattern filesize limit: agogo.css
[2026-05-29 10:46:16,220] multiqc                                            [DEBUG  ]  File ignored by nanostat because it exceeded search pattern filesize limit: agogo.css
[2026-05-29 10:46:16,227] multiqc                                            [DEBUG  ]  File ignored by ccs/v4 because it exceeded search pattern filesize limit: basic.css
[2026-05-29 10:46:16,229] multiqc                                            [DEBUG  ]  File ignored by hicexplorer because it exceeded search pattern filesize limit: basic.css
[2026-05-29 10:46:16,229] multiqc                                            [DEBUG  ]  File ignored by lima/summary because it exceeded search pattern filesize limit: basic.css
[2026-05-29 10:46:16,232] multiqc                                            [DEBUG  ]  File ignored by longranger/invocation because it exceeded search pattern filesize limit: basic.css
[2026-05-29 10:46:16,246] multiqc                                            [DEBUG  ]  File ignored by nanostat because it exceeded search pattern filesize limit: basic.css
[2026-05-29 10:46:16,258] multiqc                                            [DEBUG  ]  File ignored by ccs/v4 because it exceeded search pattern filesize limit: doctools.js
[2026-05-29 10:46:16,259] multiqc                                            [DEBUG  ]  File ignored by hicexplorer because it exceeded search pattern filesize limit: doctools.js
[2026-05-29 10:46:16,259] multiqc                                            [DEBUG  ]  File ignored by lima/summary because it exceeded search pattern filesize limit: doctools.js
[2026-05-29 10:46:16,261] multiqc                                            [DEBUG  ]  File ignored by longranger/invocation because it exceeded search pattern filesize limit: doctools.js
[2026-05-29 10:46:16,272] multiqc                                            [DEBUG  ]  File ignored by nanostat because it exceeded search pattern filesize limit: doctools.js
[2026-05-29 10:46:16,292] multiqc                                            [DEBUG  ]  File ignored by ccs/v4 because it exceeded search pattern filesize limit: jquery.js
[2026-05-29 10:46:16,293] multiqc                                            [DEBUG  ]  File ignored by hicexplorer because it exceeded search pattern filesize limit: jquery.js
[2026-05-29 10:46:16,293] multiqc                                            [DEBUG  ]  File ignored by lima/summary because it exceeded search pattern filesize limit: jquery.js
[2026-05-29 10:46:16,295] multiqc                                            [DEBUG  ]  File ignored by longranger/invocation because it exceeded search pattern filesize limit: jquery.js
[2026-05-29 10:46:16,304] multiqc                                            [DEBUG  ]  File ignored by nanostat because it exceeded search pattern filesize limit: jquery.js
[2026-05-29 10:46:16,311] multiqc                                            [DEBUG  ]  File ignored by ccs/v4 because it exceeded search pattern filesize limit: pygments.css
[2026-05-29 10:46:16,312] multiqc                                            [DEBUG  ]  File ignored by lima/summary because it exceeded search pattern filesize limit: pygments.css
[2026-05-29 10:46:16,314] multiqc                                            [DEBUG  ]  File ignored by longranger/invocation because it exceeded search pattern filesize limit: pygments.css
[2026-05-29 10:46:16,339] multiqc                                            [DEBUG  ]  File ignored by ccs/v4 because it exceeded search pattern filesize limit: searchtools.js
[2026-05-29 10:46:16,341] multiqc                                            [DEBUG  ]  File ignored by hicexplorer because it exceeded search pattern filesize limit: searchtools.js
[2026-05-29 10:46:16,341] multiqc                                            [DEBUG  ]  File ignored by lima/summary because it exceeded search pattern filesize limit: searchtools.js
[2026-05-29 10:46:16,343] multiqc                                            [DEBUG  ]  File ignored by longranger/invocation because it exceeded search pattern filesize limit: searchtools.js
[2026-05-29 10:46:16,356] multiqc                                            [DEBUG  ]  File ignored by nanostat because it exceeded search pattern filesize limit: searchtools.js
[2026-05-29 10:46:16,360] multiqc                                            [DEBUG  ]  File ignored by ccs/v4 because it exceeded search pattern filesize limit: underscore.js
[2026-05-29 10:46:16,361] multiqc                                            [DEBUG  ]  File ignored by hicexplorer because it exceeded search pattern filesize limit: underscore.js
[2026-05-29 10:46:16,361] multiqc                                            [DEBUG  ]  File ignored by lima/summary because it exceeded search pattern filesize limit: underscore.js
[2026-05-29 10:46:16,363] multiqc                                            [DEBUG  ]  File ignored by longranger/invocation because it exceeded search pattern filesize limit: underscore.js
[2026-05-29 10:46:16,367] multiqc                                            [DEBUG  ]  File ignored by nanostat because it exceeded search pattern filesize limit: underscore.js
[2026-05-29 10:46:16,387] multiqc                                            [DEBUG  ]  File ignored by ccs/v4 because it exceeded search pattern filesize limit: websupport.js
[2026-05-29 10:46:16,388] multiqc                                            [DEBUG  ]  File ignored by hicexplorer because it exceeded search pattern filesize limit: websupport.js
[2026-05-29 10:46:16,388] multiqc                                            [DEBUG  ]  File ignored by lima/summary because it exceeded search pattern filesize limit: websupport.js
[2026-05-29 10:46:16,391] multiqc                                            [DEBUG  ]  File ignored by longranger/invocation because it exceeded search pattern filesize limit: websupport.js
[2026-05-29 10:46:16,409] multiqc                                            [DEBUG  ]  File ignored by nanostat because it exceeded search pattern filesize limit: websupport.js
[2026-05-29 10:46:16,417] multiqc                                            [DEBUG  ]  File ignored by ccs/v4 because it exceeded search pattern filesize limit: coverage_profile_along_genes_(low).txt
[2026-05-29 10:46:16,420] multiqc                                            [DEBUG  ]  File ignored by lima/summary because it exceeded search pattern filesize limit: coverage_profile_along_genes_(low).txt
[2026-05-29 10:46:16,425] multiqc                                            [DEBUG  ]  File ignored by longranger/invocation because it exceeded search pattern filesize limit: coverage_profile_along_genes_(low).txt
[2026-05-29 10:46:16,435] multiqc                                            [DEBUG  ]  File ignored by ccs/v4 because it exceeded search pattern filesize limit: coverage_profile_along_genes_(high).txt
[2026-05-29 10:46:16,436] multiqc                                            [DEBUG  ]  File ignored by lima/summary because it exceeded search pattern filesize limit: coverage_profile_along_genes_(high).txt
[2026-05-29 10:46:16,438] multiqc                                            [DEBUG  ]  File ignored by longranger/invocation because it exceeded search pattern filesize limit: coverage_profile_along_genes_(high).txt
[2026-05-29 10:46:16,447] multiqc                                            [DEBUG  ]  File ignored by ccs/v4 because it exceeded search pattern filesize limit: qualimapReport.html
[2026-05-29 10:46:16,448] multiqc                                            [DEBUG  ]  File ignored by hicexplorer because it exceeded search pattern filesize limit: qualimapReport.html
[2026-05-29 10:46:16,449] multiqc                                            [DEBUG  ]  File ignored by lima/summary because it exceeded search pattern filesize limit: qualimapReport.html
[2026-05-29 10:46:16,450] multiqc                                            [DEBUG  ]  File ignored by longranger/invocation because it exceeded search pattern filesize limit: qualimapReport.html
[2026-05-29 10:46:16,458] multiqc                                            [DEBUG  ]  File ignored by nanostat because it exceeded search pattern filesize limit: qualimapReport.html
[2026-05-29 10:46:16,472] multiqc                                            [DEBUG  ]  File ignored by ccs/v4 because it exceeded search pattern filesize limit: agogo.css
[2026-05-29 10:46:16,473] multiqc                                            [DEBUG  ]  File ignored by hicexplorer because it exceeded search pattern filesize limit: agogo.css
[2026-05-29 10:46:16,473] multiqc                                            [DEBUG  ]  File ignored by lima/summary because it exceeded search pattern filesize limit: agogo.css
[2026-05-29 10:46:16,475] multiqc                                            [DEBUG  ]  File ignored by longranger/invocation because it exceeded search pattern filesize limit: agogo.css
[2026-05-29 10:46:16,491] multiqc                                            [DEBUG  ]  File ignored by nanostat because it exceeded search pattern filesize limit: agogo.css
[2026-05-29 10:46:16,497] multiqc                                            [DEBUG  ]  File ignored by ccs/v4 because it exceeded search pattern filesize limit: basic.css
[2026-05-29 10:46:16,498] multiqc                                            [DEBUG  ]  File ignored by hicexplorer because it exceeded search pattern filesize limit: basic.css
[2026-05-29 10:46:16,498] multiqc                                            [DEBUG  ]  File ignored by lima/summary because it exceeded search pattern filesize limit: basic.css
[2026-05-29 10:46:16,500] multiqc                                            [DEBUG  ]  File ignored by longranger/invocation because it exceeded search pattern filesize limit: basic.css
[2026-05-29 10:46:16,511] multiqc                                            [DEBUG  ]  File ignored by nanostat because it exceeded search pattern filesize limit: basic.css
[2026-05-29 10:46:16,523] multiqc                                            [DEBUG  ]  File ignored by ccs/v4 because it exceeded search pattern filesize limit: doctools.js
[2026-05-29 10:46:16,524] multiqc                                            [DEBUG  ]  File ignored by hicexplorer because it exceeded search pattern filesize limit: doctools.js
[2026-05-29 10:46:16,524] multiqc                                            [DEBUG  ]  File ignored by lima/summary because it exceeded search pattern filesize limit: doctools.js
[2026-05-29 10:46:16,526] multiqc                                            [DEBUG  ]  File ignored by longranger/invocation because it exceeded search pattern filesize limit: doctools.js
[2026-05-29 10:46:16,533] multiqc                                            [DEBUG  ]  File ignored by nanostat because it exceeded search pattern filesize limit: doctools.js
[2026-05-29 10:46:16,543] multiqc                                            [DEBUG  ]  File ignored by ccs/v4 because it exceeded search pattern filesize limit: jquery.js
[2026-05-29 10:46:16,544] multiqc                                            [DEBUG  ]  File ignored by hicexplorer because it exceeded search pattern filesize limit: jquery.js
[2026-05-29 10:46:16,544] multiqc                                            [DEBUG  ]  File ignored by lima/summary because it exceeded search pattern filesize limit: jquery.js
[2026-05-29 10:46:16,546] multiqc                                            [DEBUG  ]  File ignored by longranger/invocation because it exceeded search pattern filesize limit: jquery.js
[2026-05-29 10:46:16,554] multiqc                                            [DEBUG  ]  File ignored by nanostat because it exceeded search pattern filesize limit: jquery.js
[2026-05-29 10:46:16,561] multiqc                                            [DEBUG  ]  File ignored by ccs/v4 because it exceeded search pattern filesize limit: pygments.css
[2026-05-29 10:46:16,563] multiqc                                            [DEBUG  ]  File ignored by lima/summary because it exceeded search pattern filesize limit: pygments.css
[2026-05-29 10:46:16,564] multiqc                                            [DEBUG  ]  File ignored by longranger/invocation because it exceeded search pattern filesize limit: pygments.css
[2026-05-29 10:46:16,591] multiqc                                            [DEBUG  ]  File ignored by ccs/v4 because it exceeded search pattern filesize limit: searchtools.js
[2026-05-29 10:46:16,599] multiqc                                            [DEBUG  ]  File ignored by hicexplorer because it exceeded search pattern filesize limit: searchtools.js
[2026-05-29 10:46:16,599] multiqc                                            [DEBUG  ]  File ignored by lima/summary because it exceeded search pattern filesize limit: searchtools.js
[2026-05-29 10:46:16,602] multiqc                                            [DEBUG  ]  File ignored by longranger/invocation because it exceeded search pattern filesize limit: searchtools.js
[2026-05-29 10:46:16,615] multiqc                                            [DEBUG  ]  File ignored by nanostat because it exceeded search pattern filesize limit: searchtools.js
[2026-05-29 10:46:16,619] multiqc                                            [DEBUG  ]  File ignored by ccs/v4 because it exceeded search pattern filesize limit: underscore.js
[2026-05-29 10:46:16,620] multiqc                                            [DEBUG  ]  File ignored by hicexplorer because it exceeded search pattern filesize limit: underscore.js
[2026-05-29 10:46:16,621] multiqc                                            [DEBUG  ]  File ignored by lima/summary because it exceeded search pattern filesize limit: underscore.js
[2026-05-29 10:46:16,622] multiqc                                            [DEBUG  ]  File ignored by longranger/invocation because it exceeded search pattern filesize limit: underscore.js
[2026-05-29 10:46:16,626] multiqc                                            [DEBUG  ]  File ignored by nanostat because it exceeded search pattern filesize limit: underscore.js
[2026-05-29 10:46:16,633] multiqc                                            [DEBUG  ]  File ignored by ccs/v4 because it exceeded search pattern filesize limit: websupport.js
[2026-05-29 10:46:16,634] multiqc                                            [DEBUG  ]  File ignored by hicexplorer because it exceeded search pattern filesize limit: websupport.js
[2026-05-29 10:46:16,634] multiqc                                            [DEBUG  ]  File ignored by lima/summary because it exceeded search pattern filesize limit: websupport.js
[2026-05-29 10:46:16,636] multiqc                                            [DEBUG  ]  File ignored by longranger/invocation because it exceeded search pattern filesize limit: websupport.js
[2026-05-29 10:46:16,653] multiqc                                            [DEBUG  ]  File ignored by nanostat because it exceeded search pattern filesize limit: websupport.js
[2026-05-29 10:46:16,658] multiqc                                            [DEBUG  ]  File ignored by ccs/v4 because it exceeded search pattern filesize limit: coverage_profile_along_genes_(low).txt
[2026-05-29 10:46:16,659] multiqc                                            [DEBUG  ]  File ignored by lima/summary because it exceeded search pattern filesize limit: coverage_profile_along_genes_(low).txt
[2026-05-29 10:46:16,661] multiqc                                            [DEBUG  ]  File ignored by longranger/invocation because it exceeded search pattern filesize limit: coverage_profile_along_genes_(low).txt
[2026-05-29 10:46:16,669] multiqc                                            [DEBUG  ]  File ignored by ccs/v4 because it exceeded search pattern filesize limit: coverage_profile_along_genes_(high).txt
[2026-05-29 10:46:16,672] multiqc                                            [DEBUG  ]  File ignored by lima/summary because it exceeded search pattern filesize limit: coverage_profile_along_genes_(high).txt
[2026-05-29 10:46:16,677] multiqc                                            [DEBUG  ]  File ignored by longranger/invocation because it exceeded search pattern filesize limit: coverage_profile_along_genes_(high).txt
[2026-05-29 10:46:16,688] multiqc                                            [DEBUG  ]  File ignored by ccs/v4 because it exceeded search pattern filesize limit: qualimapReport.html
[2026-05-29 10:46:16,689] multiqc                                            [DEBUG  ]  File ignored by hicexplorer because it exceeded search pattern filesize limit: qualimapReport.html
[2026-05-29 10:46:16,690] multiqc                                            [DEBUG  ]  File ignored by lima/summary because it exceeded search pattern filesize limit: qualimapReport.html
[2026-05-29 10:46:16,691] multiqc                                            [DEBUG  ]  File ignored by longranger/invocation because it exceeded search pattern filesize limit: qualimapReport.html
[2026-05-29 10:46:16,706] multiqc                                            [DEBUG  ]  File ignored by nanostat because it exceeded search pattern filesize limit: qualimapReport.html
[2026-05-29 10:46:16,720] multiqc                                            [DEBUG  ]  File ignored by ccs/v4 because it exceeded search pattern filesize limit: agogo.css
[2026-05-29 10:46:16,721] multiqc                                            [DEBUG  ]  File ignored by hicexplorer because it exceeded search pattern filesize limit: agogo.css
[2026-05-29 10:46:16,721] multiqc                                            [DEBUG  ]  File ignored by lima/summary because it exceeded search pattern filesize limit: agogo.css
[2026-05-29 10:46:16,723] multiqc                                            [DEBUG  ]  File ignored by longranger/invocation because it exceeded search pattern filesize limit: agogo.css
[2026-05-29 10:46:16,733] multiqc                                            [DEBUG  ]  File ignored by nanostat because it exceeded search pattern filesize limit: agogo.css
[2026-05-29 10:46:16,738] multiqc                                            [DEBUG  ]  File ignored by ccs/v4 because it exceeded search pattern filesize limit: basic.css
[2026-05-29 10:46:16,739] multiqc                                            [DEBUG  ]  File ignored by hicexplorer because it exceeded search pattern filesize limit: basic.css
[2026-05-29 10:46:16,739] multiqc                                            [DEBUG  ]  File ignored by lima/summary because it exceeded search pattern filesize limit: basic.css
[2026-05-29 10:46:16,741] multiqc                                            [DEBUG  ]  File ignored by longranger/invocation because it exceeded search pattern filesize limit: basic.css
[2026-05-29 10:46:16,752] multiqc                                            [DEBUG  ]  File ignored by nanostat because it exceeded search pattern filesize limit: basic.css
[2026-05-29 10:46:16,764] multiqc                                            [DEBUG  ]  File ignored by ccs/v4 because it exceeded search pattern filesize limit: doctools.js
[2026-05-29 10:46:16,765] multiqc                                            [DEBUG  ]  File ignored by hicexplorer because it exceeded search pattern filesize limit: doctools.js
[2026-05-29 10:46:16,766] multiqc                                            [DEBUG  ]  File ignored by lima/summary because it exceeded search pattern filesize limit: doctools.js
[2026-05-29 10:46:16,767] multiqc                                            [DEBUG  ]  File ignored by longranger/invocation because it exceeded search pattern filesize limit: doctools.js
[2026-05-29 10:46:16,774] multiqc                                            [DEBUG  ]  File ignored by nanostat because it exceeded search pattern filesize limit: doctools.js
[2026-05-29 10:46:16,783] multiqc                                            [DEBUG  ]  File ignored by ccs/v4 because it exceeded search pattern filesize limit: jquery.js
[2026-05-29 10:46:16,784] multiqc                                            [DEBUG  ]  File ignored by hicexplorer because it exceeded search pattern filesize limit: jquery.js
[2026-05-29 10:46:16,784] multiqc                                            [DEBUG  ]  File ignored by lima/summary because it exceeded search pattern filesize limit: jquery.js
[2026-05-29 10:46:16,786] multiqc                                            [DEBUG  ]  File ignored by longranger/invocation because it exceeded search pattern filesize limit: jquery.js
[2026-05-29 10:46:16,799] multiqc                                            [DEBUG  ]  File ignored by nanostat because it exceeded search pattern filesize limit: jquery.js
[2026-05-29 10:46:16,818] multiqc                                            [DEBUG  ]  File ignored by ccs/v4 because it exceeded search pattern filesize limit: pygments.css
[2026-05-29 10:46:16,820] multiqc                                            [DEBUG  ]  File ignored by lima/summary because it exceeded search pattern filesize limit: pygments.css
[2026-05-29 10:46:16,822] multiqc                                            [DEBUG  ]  File ignored by longranger/invocation because it exceeded search pattern filesize limit: pygments.css
[2026-05-29 10:46:16,842] multiqc                                            [DEBUG  ]  File ignored by ccs/v4 because it exceeded search pattern filesize limit: searchtools.js
[2026-05-29 10:46:16,843] multiqc                                            [DEBUG  ]  File ignored by hicexplorer because it exceeded search pattern filesize limit: searchtools.js
[2026-05-29 10:46:16,843] multiqc                                            [DEBUG  ]  File ignored by lima/summary because it exceeded search pattern filesize limit: searchtools.js
[2026-05-29 10:46:16,845] multiqc                                            [DEBUG  ]  File ignored by longranger/invocation because it exceeded search pattern filesize limit: searchtools.js
[2026-05-29 10:46:16,869] multiqc                                            [DEBUG  ]  File ignored by nanostat because it exceeded search pattern filesize limit: searchtools.js
[2026-05-29 10:46:16,873] multiqc                                            [DEBUG  ]  File ignored by ccs/v4 because it exceeded search pattern filesize limit: underscore.js
[2026-05-29 10:46:16,874] multiqc                                            [DEBUG  ]  File ignored by hicexplorer because it exceeded search pattern filesize limit: underscore.js
[2026-05-29 10:46:16,874] multiqc                                            [DEBUG  ]  File ignored by lima/summary because it exceeded search pattern filesize limit: underscore.js
[2026-05-29 10:46:16,876] multiqc                                            [DEBUG  ]  File ignored by longranger/invocation because it exceeded search pattern filesize limit: underscore.js
[2026-05-29 10:46:16,880] multiqc                                            [DEBUG  ]  File ignored by nanostat because it exceeded search pattern filesize limit: underscore.js
[2026-05-29 10:46:16,888] multiqc                                            [DEBUG  ]  File ignored by ccs/v4 because it exceeded search pattern filesize limit: websupport.js
[2026-05-29 10:46:16,888] multiqc                                            [DEBUG  ]  File ignored by hicexplorer because it exceeded search pattern filesize limit: websupport.js
[2026-05-29 10:46:16,889] multiqc                                            [DEBUG  ]  File ignored by lima/summary because it exceeded search pattern filesize limit: websupport.js
[2026-05-29 10:46:16,893] multiqc                                            [DEBUG  ]  File ignored by longranger/invocation because it exceeded search pattern filesize limit: websupport.js
[2026-05-29 10:46:16,922] multiqc                                            [DEBUG  ]  File ignored by nanostat because it exceeded search pattern filesize limit: websupport.js
[2026-05-29 10:46:16,927] multiqc                                            [DEBUG  ]  File ignored by ccs/v4 because it exceeded search pattern filesize limit: coverage_profile_along_genes_(low).txt
[2026-05-29 10:46:16,929] multiqc                                            [DEBUG  ]  File ignored by lima/summary because it exceeded search pattern filesize limit: coverage_profile_along_genes_(low).txt
[2026-05-29 10:46:16,930] multiqc                                            [DEBUG  ]  File ignored by longranger/invocation because it exceeded search pattern filesize limit: coverage_profile_along_genes_(low).txt
[2026-05-29 10:46:16,938] multiqc                                            [DEBUG  ]  File ignored by ccs/v4 because it exceeded search pattern filesize limit: coverage_profile_along_genes_(high).txt
[2026-05-29 10:46:16,940] multiqc                                            [DEBUG  ]  File ignored by lima/summary because it exceeded search pattern filesize limit: coverage_profile_along_genes_(high).txt
[2026-05-29 10:46:16,942] multiqc                                            [DEBUG  ]  File ignored by longranger/invocation because it exceeded search pattern filesize limit: coverage_profile_along_genes_(high).txt
[2026-05-29 10:46:16,950] multiqc                                            [DEBUG  ]  File ignored by ccs/v4 because it exceeded search pattern filesize limit: qualimapReport.html
[2026-05-29 10:46:16,951] multiqc                                            [DEBUG  ]  File ignored by hicexplorer because it exceeded search pattern filesize limit: qualimapReport.html
[2026-05-29 10:46:16,951] multiqc                                            [DEBUG  ]  File ignored by lima/summary because it exceeded search pattern filesize limit: qualimapReport.html
[2026-05-29 10:46:16,953] multiqc                                            [DEBUG  ]  File ignored by longranger/invocation because it exceeded search pattern filesize limit: qualimapReport.html
[2026-05-29 10:46:16,973] multiqc                                            [DEBUG  ]  File ignored by nanostat because it exceeded search pattern filesize limit: qualimapReport.html
[2026-05-29 10:46:16,989] multiqc                                            [DEBUG  ]  File ignored by ccs/v4 because it exceeded search pattern filesize limit: agogo.css
[2026-05-29 10:46:16,990] multiqc                                            [DEBUG  ]  File ignored by hicexplorer because it exceeded search pattern filesize limit: agogo.css
[2026-05-29 10:46:16,990] multiqc                                            [DEBUG  ]  File ignored by lima/summary because it exceeded search pattern filesize limit: agogo.css
[2026-05-29 10:46:16,993] multiqc                                            [DEBUG  ]  File ignored by longranger/invocation because it exceeded search pattern filesize limit: agogo.css
[2026-05-29 10:46:17,007] multiqc                                            [DEBUG  ]  File ignored by nanostat because it exceeded search pattern filesize limit: agogo.css
[2026-05-29 10:46:17,012] multiqc                                            [DEBUG  ]  File ignored by ccs/v4 because it exceeded search pattern filesize limit: basic.css
[2026-05-29 10:46:17,013] multiqc                                            [DEBUG  ]  File ignored by hicexplorer because it exceeded search pattern filesize limit: basic.css
[2026-05-29 10:46:17,014] multiqc                                            [DEBUG  ]  File ignored by lima/summary because it exceeded search pattern filesize limit: basic.css
[2026-05-29 10:46:17,016] multiqc                                            [DEBUG  ]  File ignored by longranger/invocation because it exceeded search pattern filesize limit: basic.css
[2026-05-29 10:46:17,033] multiqc                                            [DEBUG  ]  File ignored by nanostat because it exceeded search pattern filesize limit: basic.css
[2026-05-29 10:46:17,046] multiqc                                            [DEBUG  ]  File ignored by ccs/v4 because it exceeded search pattern filesize limit: doctools.js
[2026-05-29 10:46:17,046] multiqc                                            [DEBUG  ]  File ignored by hicexplorer because it exceeded search pattern filesize limit: doctools.js
[2026-05-29 10:46:17,047] multiqc                                            [DEBUG  ]  File ignored by lima/summary because it exceeded search pattern filesize limit: doctools.js
[2026-05-29 10:46:17,049] multiqc                                            [DEBUG  ]  File ignored by longranger/invocation because it exceeded search pattern filesize limit: doctools.js
[2026-05-29 10:46:17,055] multiqc                                            [DEBUG  ]  File ignored by nanostat because it exceeded search pattern filesize limit: doctools.js
[2026-05-29 10:46:17,064] multiqc                                            [DEBUG  ]  File ignored by ccs/v4 because it exceeded search pattern filesize limit: jquery.js
[2026-05-29 10:46:17,065] multiqc                                            [DEBUG  ]  File ignored by hicexplorer because it exceeded search pattern filesize limit: jquery.js
[2026-05-29 10:46:17,065] multiqc                                            [DEBUG  ]  File ignored by lima/summary because it exceeded search pattern filesize limit: jquery.js
[2026-05-29 10:46:17,067] multiqc                                            [DEBUG  ]  File ignored by longranger/invocation because it exceeded search pattern filesize limit: jquery.js
[2026-05-29 10:46:17,076] multiqc                                            [DEBUG  ]  File ignored by nanostat because it exceeded search pattern filesize limit: jquery.js
[2026-05-29 10:46:17,083] multiqc                                            [DEBUG  ]  File ignored by ccs/v4 because it exceeded search pattern filesize limit: pygments.css
[2026-05-29 10:46:17,084] multiqc                                            [DEBUG  ]  File ignored by lima/summary because it exceeded search pattern filesize limit: pygments.css
[2026-05-29 10:46:17,086] multiqc                                            [DEBUG  ]  File ignored by longranger/invocation because it exceeded search pattern filesize limit: pygments.css
[2026-05-29 10:46:17,106] multiqc                                            [DEBUG  ]  File ignored by ccs/v4 because it exceeded search pattern filesize limit: searchtools.js
[2026-05-29 10:46:17,107] multiqc                                            [DEBUG  ]  File ignored by hicexplorer because it exceeded search pattern filesize limit: searchtools.js
[2026-05-29 10:46:17,107] multiqc                                            [DEBUG  ]  File ignored by lima/summary because it exceeded search pattern filesize limit: searchtools.js
[2026-05-29 10:46:17,109] multiqc                                            [DEBUG  ]  File ignored by longranger/invocation because it exceeded search pattern filesize limit: searchtools.js
[2026-05-29 10:46:17,125] multiqc                                            [DEBUG  ]  File ignored by nanostat because it exceeded search pattern filesize limit: searchtools.js
[2026-05-29 10:46:17,140] multiqc                                            [DEBUG  ]  File ignored by ccs/v4 because it exceeded search pattern filesize limit: underscore.js
[2026-05-29 10:46:17,141] multiqc                                            [DEBUG  ]  File ignored by hicexplorer because it exceeded search pattern filesize limit: underscore.js
[2026-05-29 10:46:17,141] multiqc                                            [DEBUG  ]  File ignored by lima/summary because it exceeded search pattern filesize limit: underscore.js
[2026-05-29 10:46:17,143] multiqc                                            [DEBUG  ]  File ignored by longranger/invocation because it exceeded search pattern filesize limit: underscore.js
[2026-05-29 10:46:17,148] multiqc                                            [DEBUG  ]  File ignored by nanostat because it exceeded search pattern filesize limit: underscore.js
[2026-05-29 10:46:17,156] multiqc                                            [DEBUG  ]  File ignored by ccs/v4 because it exceeded search pattern filesize limit: websupport.js
[2026-05-29 10:46:17,156] multiqc                                            [DEBUG  ]  File ignored by hicexplorer because it exceeded search pattern filesize limit: websupport.js
[2026-05-29 10:46:17,157] multiqc                                            [DEBUG  ]  File ignored by lima/summary because it exceeded search pattern filesize limit: websupport.js
[2026-05-29 10:46:17,159] multiqc                                            [DEBUG  ]  File ignored by longranger/invocation because it exceeded search pattern filesize limit: websupport.js
[2026-05-29 10:46:17,177] multiqc                                            [DEBUG  ]  File ignored by nanostat because it exceeded search pattern filesize limit: websupport.js
[2026-05-29 10:46:17,184] multiqc                                            [DEBUG  ]  File ignored by ccs/v4 because it exceeded search pattern filesize limit: coverage_profile_along_genes_(low).txt
[2026-05-29 10:46:17,185] multiqc                                            [DEBUG  ]  File ignored by lima/summary because it exceeded search pattern filesize limit: coverage_profile_along_genes_(low).txt
[2026-05-29 10:46:17,188] multiqc                                            [DEBUG  ]  File ignored by longranger/invocation because it exceeded search pattern filesize limit: coverage_profile_along_genes_(low).txt
[2026-05-29 10:46:17,196] multiqc                                            [DEBUG  ]  File ignored by ccs/v4 because it exceeded search pattern filesize limit: coverage_profile_along_genes_(high).txt
[2026-05-29 10:46:17,197] multiqc                                            [DEBUG  ]  File ignored by lima/summary because it exceeded search pattern filesize limit: coverage_profile_along_genes_(high).txt
[2026-05-29 10:46:17,199] multiqc                                            [DEBUG  ]  File ignored by longranger/invocation because it exceeded search pattern filesize limit: coverage_profile_along_genes_(high).txt
[2026-05-29 10:46:17,208] multiqc                                            [DEBUG  ]  File ignored by ccs/v4 because it exceeded search pattern filesize limit: qualimapReport.html
[2026-05-29 10:46:17,209] multiqc                                            [DEBUG  ]  File ignored by hicexplorer because it exceeded search pattern filesize limit: qualimapReport.html
[2026-05-29 10:46:17,209] multiqc                                            [DEBUG  ]  File ignored by lima/summary because it exceeded search pattern filesize limit: qualimapReport.html
[2026-05-29 10:46:17,212] multiqc                                            [DEBUG  ]  File ignored by longranger/invocation because it exceeded search pattern filesize limit: qualimapReport.html
[2026-05-29 10:46:17,227] multiqc                                            [DEBUG  ]  File ignored by nanostat because it exceeded search pattern filesize limit: qualimapReport.html
[2026-05-29 10:46:17,246] multiqc                                            [DEBUG  ]  File ignored by ccs/v4 because it exceeded search pattern filesize limit: agogo.css
[2026-05-29 10:46:17,248] multiqc                                            [DEBUG  ]  File ignored by hicexplorer because it exceeded search pattern filesize limit: agogo.css
[2026-05-29 10:46:17,248] multiqc                                            [DEBUG  ]  File ignored by lima/summary because it exceeded search pattern filesize limit: agogo.css
[2026-05-29 10:46:17,250] multiqc                                            [DEBUG  ]  File ignored by longranger/invocation because it exceeded search pattern filesize limit: agogo.css
[2026-05-29 10:46:17,263] multiqc                                            [DEBUG  ]  File ignored by nanostat because it exceeded search pattern filesize limit: agogo.css
[2026-05-29 10:46:17,269] multiqc                                            [DEBUG  ]  File ignored by ccs/v4 because it exceeded search pattern filesize limit: basic.css
[2026-05-29 10:46:17,270] multiqc                                            [DEBUG  ]  File ignored by hicexplorer because it exceeded search pattern filesize limit: basic.css
[2026-05-29 10:46:17,270] multiqc                                            [DEBUG  ]  File ignored by lima/summary because it exceeded search pattern filesize limit: basic.css
[2026-05-29 10:46:17,272] multiqc                                            [DEBUG  ]  File ignored by longranger/invocation because it exceeded search pattern filesize limit: basic.css
[2026-05-29 10:46:17,286] multiqc                                            [DEBUG  ]  File ignored by nanostat because it exceeded search pattern filesize limit: basic.css
[2026-05-29 10:46:17,304] multiqc                                            [DEBUG  ]  File ignored by ccs/v4 because it exceeded search pattern filesize limit: doctools.js
[2026-05-29 10:46:17,305] multiqc                                            [DEBUG  ]  File ignored by hicexplorer because it exceeded search pattern filesize limit: doctools.js
[2026-05-29 10:46:17,305] multiqc                                            [DEBUG  ]  File ignored by lima/summary because it exceeded search pattern filesize limit: doctools.js
[2026-05-29 10:46:17,307] multiqc                                            [DEBUG  ]  File ignored by longranger/invocation because it exceeded search pattern filesize limit: doctools.js
[2026-05-29 10:46:17,313] multiqc                                            [DEBUG  ]  File ignored by nanostat because it exceeded search pattern filesize limit: doctools.js
[2026-05-29 10:46:17,322] multiqc                                            [DEBUG  ]  File ignored by ccs/v4 because it exceeded search pattern filesize limit: jquery.js
[2026-05-29 10:46:17,323] multiqc                                            [DEBUG  ]  File ignored by hicexplorer because it exceeded search pattern filesize limit: jquery.js
[2026-05-29 10:46:17,323] multiqc                                            [DEBUG  ]  File ignored by lima/summary because it exceeded search pattern filesize limit: jquery.js
[2026-05-29 10:46:17,325] multiqc                                            [DEBUG  ]  File ignored by longranger/invocation because it exceeded search pattern filesize limit: jquery.js
[2026-05-29 10:46:17,334] multiqc                                            [DEBUG  ]  File ignored by nanostat because it exceeded search pattern filesize limit: jquery.js
[2026-05-29 10:46:17,341] multiqc                                            [DEBUG  ]  File ignored by ccs/v4 because it exceeded search pattern filesize limit: pygments.css
[2026-05-29 10:46:17,342] multiqc                                            [DEBUG  ]  File ignored by lima/summary because it exceeded search pattern filesize limit: pygments.css
[2026-05-29 10:46:17,344] multiqc                                            [DEBUG  ]  File ignored by longranger/invocation because it exceeded search pattern filesize limit: pygments.css
[2026-05-29 10:46:17,370] multiqc                                            [DEBUG  ]  File ignored by ccs/v4 because it exceeded search pattern filesize limit: searchtools.js
[2026-05-29 10:46:17,371] multiqc                                            [DEBUG  ]  File ignored by hicexplorer because it exceeded search pattern filesize limit: searchtools.js
[2026-05-29 10:46:17,371] multiqc                                            [DEBUG  ]  File ignored by lima/summary because it exceeded search pattern filesize limit: searchtools.js
[2026-05-29 10:46:17,373] multiqc                                            [DEBUG  ]  File ignored by longranger/invocation because it exceeded search pattern filesize limit: searchtools.js
[2026-05-29 10:46:17,385] multiqc                                            [DEBUG  ]  File ignored by nanostat because it exceeded search pattern filesize limit: searchtools.js
[2026-05-29 10:46:17,389] multiqc                                            [DEBUG  ]  File ignored by ccs/v4 because it exceeded search pattern filesize limit: underscore.js
[2026-05-29 10:46:17,390] multiqc                                            [DEBUG  ]  File ignored by hicexplorer because it exceeded search pattern filesize limit: underscore.js
[2026-05-29 10:46:17,390] multiqc                                            [DEBUG  ]  File ignored by lima/summary because it exceeded search pattern filesize limit: underscore.js
[2026-05-29 10:46:17,392] multiqc                                            [DEBUG  ]  File ignored by longranger/invocation because it exceeded search pattern filesize limit: underscore.js
[2026-05-29 10:46:17,395] multiqc                                            [DEBUG  ]  File ignored by nanostat because it exceeded search pattern filesize limit: underscore.js
[2026-05-29 10:46:17,403] multiqc                                            [DEBUG  ]  File ignored by ccs/v4 because it exceeded search pattern filesize limit: websupport.js
[2026-05-29 10:46:17,404] multiqc                                            [DEBUG  ]  File ignored by hicexplorer because it exceeded search pattern filesize limit: websupport.js
[2026-05-29 10:46:17,404] multiqc                                            [DEBUG  ]  File ignored by lima/summary because it exceeded search pattern filesize limit: websupport.js
[2026-05-29 10:46:17,406] multiqc                                            [DEBUG  ]  File ignored by longranger/invocation because it exceeded search pattern filesize limit: websupport.js
[2026-05-29 10:46:17,433] multiqc                                            [DEBUG  ]  File ignored by nanostat because it exceeded search pattern filesize limit: websupport.js
[2026-05-29 10:46:17,439] multiqc                                            [DEBUG  ]  File ignored by ccs/v4 because it exceeded search pattern filesize limit: coverage_profile_along_genes_(low).txt
[2026-05-29 10:46:17,440] multiqc                                            [DEBUG  ]  File ignored by lima/summary because it exceeded search pattern filesize limit: coverage_profile_along_genes_(low).txt
[2026-05-29 10:46:17,442] multiqc                                            [DEBUG  ]  File ignored by longranger/invocation because it exceeded search pattern filesize limit: coverage_profile_along_genes_(low).txt
[2026-05-29 10:46:17,449] multiqc                                            [DEBUG  ]  File ignored by ccs/v4 because it exceeded search pattern filesize limit: coverage_profile_along_genes_(high).txt
[2026-05-29 10:46:17,450] multiqc                                            [DEBUG  ]  File ignored by lima/summary because it exceeded search pattern filesize limit: coverage_profile_along_genes_(high).txt
[2026-05-29 10:46:17,457] multiqc                                            [DEBUG  ]  File ignored by longranger/invocation because it exceeded search pattern filesize limit: coverage_profile_along_genes_(high).txt
[2026-05-29 10:46:17,465] multiqc                                            [DEBUG  ]  File ignored by ccs/v4 because it exceeded search pattern filesize limit: qualimapReport.html
[2026-05-29 10:46:17,466] multiqc                                            [DEBUG  ]  File ignored by hicexplorer because it exceeded search pattern filesize limit: qualimapReport.html
[2026-05-29 10:46:17,467] multiqc                                            [DEBUG  ]  File ignored by lima/summary because it exceeded search pattern filesize limit: qualimapReport.html
[2026-05-29 10:46:17,468] multiqc                                            [DEBUG  ]  File ignored by longranger/invocation because it exceeded search pattern filesize limit: qualimapReport.html
[2026-05-29 10:46:17,477] multiqc                                            [DEBUG  ]  File ignored by nanostat because it exceeded search pattern filesize limit: qualimapReport.html
[2026-05-29 10:46:17,490] multiqc                                            [DEBUG  ]  File ignored by ccs/v4 because it exceeded search pattern filesize limit: agogo.css
[2026-05-29 10:46:17,491] multiqc                                            [DEBUG  ]  File ignored by hicexplorer because it exceeded search pattern filesize limit: agogo.css
[2026-05-29 10:46:17,492] multiqc                                            [DEBUG  ]  File ignored by lima/summary because it exceeded search pattern filesize limit: agogo.css
[2026-05-29 10:46:17,493] multiqc                                            [DEBUG  ]  File ignored by longranger/invocation because it exceeded search pattern filesize limit: agogo.css
[2026-05-29 10:46:17,504] multiqc                                            [DEBUG  ]  File ignored by nanostat because it exceeded search pattern filesize limit: agogo.css
[2026-05-29 10:46:17,509] multiqc                                            [DEBUG  ]  File ignored by ccs/v4 because it exceeded search pattern filesize limit: basic.css
[2026-05-29 10:46:17,510] multiqc                                            [DEBUG  ]  File ignored by hicexplorer because it exceeded search pattern filesize limit: basic.css
[2026-05-29 10:46:17,510] multiqc                                            [DEBUG  ]  File ignored by lima/summary because it exceeded search pattern filesize limit: basic.css
[2026-05-29 10:46:17,512] multiqc                                            [DEBUG  ]  File ignored by longranger/invocation because it exceeded search pattern filesize limit: basic.css
[2026-05-29 10:46:17,523] multiqc                                            [DEBUG  ]  File ignored by nanostat because it exceeded search pattern filesize limit: basic.css
[2026-05-29 10:46:17,536] multiqc                                            [DEBUG  ]  File ignored by ccs/v4 because it exceeded search pattern filesize limit: doctools.js
[2026-05-29 10:46:17,537] multiqc                                            [DEBUG  ]  File ignored by hicexplorer because it exceeded search pattern filesize limit: doctools.js
[2026-05-29 10:46:17,537] multiqc                                            [DEBUG  ]  File ignored by lima/summary because it exceeded search pattern filesize limit: doctools.js
[2026-05-29 10:46:17,539] multiqc                                            [DEBUG  ]  File ignored by longranger/invocation because it exceeded search pattern filesize limit: doctools.js
[2026-05-29 10:46:17,546] multiqc                                            [DEBUG  ]  File ignored by nanostat because it exceeded search pattern filesize limit: doctools.js
[2026-05-29 10:46:17,554] multiqc                                            [DEBUG  ]  File ignored by ccs/v4 because it exceeded search pattern filesize limit: jquery.js
[2026-05-29 10:46:17,555] multiqc                                            [DEBUG  ]  File ignored by hicexplorer because it exceeded search pattern filesize limit: jquery.js
[2026-05-29 10:46:17,556] multiqc                                            [DEBUG  ]  File ignored by lima/summary because it exceeded search pattern filesize limit: jquery.js
[2026-05-29 10:46:17,563] multiqc                                            [DEBUG  ]  File ignored by longranger/invocation because it exceeded search pattern filesize limit: jquery.js
[2026-05-29 10:46:17,572] multiqc                                            [DEBUG  ]  File ignored by nanostat because it exceeded search pattern filesize limit: jquery.js
[2026-05-29 10:46:17,582] multiqc                                            [DEBUG  ]  File ignored by ccs/v4 because it exceeded search pattern filesize limit: pygments.css
[2026-05-29 10:46:17,584] multiqc                                            [DEBUG  ]  File ignored by lima/summary because it exceeded search pattern filesize limit: pygments.css
[2026-05-29 10:46:17,587] multiqc                                            [DEBUG  ]  File ignored by longranger/invocation because it exceeded search pattern filesize limit: pygments.css
[2026-05-29 10:46:17,606] multiqc                                            [DEBUG  ]  File ignored by ccs/v4 because it exceeded search pattern filesize limit: searchtools.js
[2026-05-29 10:46:17,607] multiqc                                            [DEBUG  ]  File ignored by hicexplorer because it exceeded search pattern filesize limit: searchtools.js
[2026-05-29 10:46:17,607] multiqc                                            [DEBUG  ]  File ignored by lima/summary because it exceeded search pattern filesize limit: searchtools.js
[2026-05-29 10:46:17,609] multiqc                                            [DEBUG  ]  File ignored by longranger/invocation because it exceeded search pattern filesize limit: searchtools.js
[2026-05-29 10:46:17,622] multiqc                                            [DEBUG  ]  File ignored by nanostat because it exceeded search pattern filesize limit: searchtools.js
[2026-05-29 10:46:17,632] multiqc                                            [DEBUG  ]  File ignored by ccs/v4 because it exceeded search pattern filesize limit: underscore.js
[2026-05-29 10:46:17,634] multiqc                                            [DEBUG  ]  File ignored by hicexplorer because it exceeded search pattern filesize limit: underscore.js
[2026-05-29 10:46:17,635] multiqc                                            [DEBUG  ]  File ignored by lima/summary because it exceeded search pattern filesize limit: underscore.js
[2026-05-29 10:46:17,638] multiqc                                            [DEBUG  ]  File ignored by longranger/invocation because it exceeded search pattern filesize limit: underscore.js
[2026-05-29 10:46:17,643] multiqc                                            [DEBUG  ]  File ignored by nanostat because it exceeded search pattern filesize limit: underscore.js
[2026-05-29 10:46:17,650] multiqc                                            [DEBUG  ]  File ignored by ccs/v4 because it exceeded search pattern filesize limit: websupport.js
[2026-05-29 10:46:17,651] multiqc                                            [DEBUG  ]  File ignored by hicexplorer because it exceeded search pattern filesize limit: websupport.js
[2026-05-29 10:46:17,652] multiqc                                            [DEBUG  ]  File ignored by lima/summary because it exceeded search pattern filesize limit: websupport.js
[2026-05-29 10:46:17,654] multiqc                                            [DEBUG  ]  File ignored by longranger/invocation because it exceeded search pattern filesize limit: websupport.js
[2026-05-29 10:46:17,677] multiqc                                            [DEBUG  ]  File ignored by nanostat because it exceeded search pattern filesize limit: websupport.js
[2026-05-29 10:46:17,682] multiqc                                            [DEBUG  ]  File ignored by ccs/v4 because it exceeded search pattern filesize limit: coverage_profile_along_genes_(low).txt
[2026-05-29 10:46:17,683] multiqc                                            [DEBUG  ]  File ignored by lima/summary because it exceeded search pattern filesize limit: coverage_profile_along_genes_(low).txt
[2026-05-29 10:46:17,685] multiqc                                            [DEBUG  ]  File ignored by longranger/invocation because it exceeded search pattern filesize limit: coverage_profile_along_genes_(low).txt
[2026-05-29 10:46:17,692] multiqc                                            [DEBUG  ]  File ignored by ccs/v4 because it exceeded search pattern filesize limit: coverage_profile_along_genes_(high).txt
[2026-05-29 10:46:17,693] multiqc                                            [DEBUG  ]  File ignored by lima/summary because it exceeded search pattern filesize limit: coverage_profile_along_genes_(high).txt
[2026-05-29 10:46:17,695] multiqc                                            [DEBUG  ]  File ignored by longranger/invocation because it exceeded search pattern filesize limit: coverage_profile_along_genes_(high).txt
[2026-05-29 10:46:17,706] multiqc                                            [DEBUG  ]  File ignored by ccs/v4 because it exceeded search pattern filesize limit: qualimapReport.html
[2026-05-29 10:46:17,708] multiqc                                            [DEBUG  ]  File ignored by hicexplorer because it exceeded search pattern filesize limit: qualimapReport.html
[2026-05-29 10:46:17,709] multiqc                                            [DEBUG  ]  File ignored by lima/summary because it exceeded search pattern filesize limit: qualimapReport.html
[2026-05-29 10:46:17,713] multiqc                                            [DEBUG  ]  File ignored by longranger/invocation because it exceeded search pattern filesize limit: qualimapReport.html
[2026-05-29 10:46:17,724] multiqc                                            [DEBUG  ]  File ignored by nanostat because it exceeded search pattern filesize limit: qualimapReport.html
[2026-05-29 10:46:17,738] multiqc                                            [DEBUG  ]  File ignored by ccs/v4 because it exceeded search pattern filesize limit: agogo.css
[2026-05-29 10:46:17,739] multiqc                                            [DEBUG  ]  File ignored by hicexplorer because it exceeded search pattern filesize limit: agogo.css
[2026-05-29 10:46:17,739] multiqc                                            [DEBUG  ]  File ignored by lima/summary because it exceeded search pattern filesize limit: agogo.css
[2026-05-29 10:46:17,741] multiqc                                            [DEBUG  ]  File ignored by longranger/invocation because it exceeded search pattern filesize limit: agogo.css
[2026-05-29 10:46:17,751] multiqc                                            [DEBUG  ]  File ignored by nanostat because it exceeded search pattern filesize limit: agogo.css
[2026-05-29 10:46:17,756] multiqc                                            [DEBUG  ]  File ignored by ccs/v4 because it exceeded search pattern filesize limit: basic.css
[2026-05-29 10:46:17,757] multiqc                                            [DEBUG  ]  File ignored by hicexplorer because it exceeded search pattern filesize limit: basic.css
[2026-05-29 10:46:17,757] multiqc                                            [DEBUG  ]  File ignored by lima/summary because it exceeded search pattern filesize limit: basic.css
[2026-05-29 10:46:17,759] multiqc                                            [DEBUG  ]  File ignored by longranger/invocation because it exceeded search pattern filesize limit: basic.css
[2026-05-29 10:46:17,777] multiqc                                            [DEBUG  ]  File ignored by nanostat because it exceeded search pattern filesize limit: basic.css
[2026-05-29 10:46:17,789] multiqc                                            [DEBUG  ]  File ignored by ccs/v4 because it exceeded search pattern filesize limit: doctools.js
[2026-05-29 10:46:17,790] multiqc                                            [DEBUG  ]  File ignored by hicexplorer because it exceeded search pattern filesize limit: doctools.js
[2026-05-29 10:46:17,790] multiqc                                            [DEBUG  ]  File ignored by lima/summary because it exceeded search pattern filesize limit: doctools.js
[2026-05-29 10:46:17,792] multiqc                                            [DEBUG  ]  File ignored by longranger/invocation because it exceeded search pattern filesize limit: doctools.js
[2026-05-29 10:46:17,799] multiqc                                            [DEBUG  ]  File ignored by nanostat because it exceeded search pattern filesize limit: doctools.js
[2026-05-29 10:46:17,808] multiqc                                            [DEBUG  ]  File ignored by ccs/v4 because it exceeded search pattern filesize limit: jquery.js
[2026-05-29 10:46:17,809] multiqc                                            [DEBUG  ]  File ignored by hicexplorer because it exceeded search pattern filesize limit: jquery.js
[2026-05-29 10:46:17,809] multiqc                                            [DEBUG  ]  File ignored by lima/summary because it exceeded search pattern filesize limit: jquery.js
[2026-05-29 10:46:17,811] multiqc                                            [DEBUG  ]  File ignored by longranger/invocation because it exceeded search pattern filesize limit: jquery.js
[2026-05-29 10:46:17,820] multiqc                                            [DEBUG  ]  File ignored by nanostat because it exceeded search pattern filesize limit: jquery.js
[2026-05-29 10:46:17,827] multiqc                                            [DEBUG  ]  File ignored by ccs/v4 because it exceeded search pattern filesize limit: pygments.css
[2026-05-29 10:46:17,828] multiqc                                            [DEBUG  ]  File ignored by lima/summary because it exceeded search pattern filesize limit: pygments.css
[2026-05-29 10:46:17,830] multiqc                                            [DEBUG  ]  File ignored by longranger/invocation because it exceeded search pattern filesize limit: pygments.css
[2026-05-29 10:46:17,859] multiqc                                            [DEBUG  ]  File ignored by ccs/v4 because it exceeded search pattern filesize limit: searchtools.js
[2026-05-29 10:46:17,860] multiqc                                            [DEBUG  ]  File ignored by hicexplorer because it exceeded search pattern filesize limit: searchtools.js
[2026-05-29 10:46:17,860] multiqc                                            [DEBUG  ]  File ignored by lima/summary because it exceeded search pattern filesize limit: searchtools.js
[2026-05-29 10:46:17,862] multiqc                                            [DEBUG  ]  File ignored by longranger/invocation because it exceeded search pattern filesize limit: searchtools.js
[2026-05-29 10:46:17,879] multiqc                                            [DEBUG  ]  File ignored by nanostat because it exceeded search pattern filesize limit: searchtools.js
[2026-05-29 10:46:17,883] multiqc                                            [DEBUG  ]  File ignored by ccs/v4 because it exceeded search pattern filesize limit: underscore.js
[2026-05-29 10:46:17,884] multiqc                                            [DEBUG  ]  File ignored by hicexplorer because it exceeded search pattern filesize limit: underscore.js
[2026-05-29 10:46:17,884] multiqc                                            [DEBUG  ]  File ignored by lima/summary because it exceeded search pattern filesize limit: underscore.js
[2026-05-29 10:46:17,886] multiqc                                            [DEBUG  ]  File ignored by longranger/invocation because it exceeded search pattern filesize limit: underscore.js
[2026-05-29 10:46:17,890] multiqc                                            [DEBUG  ]  File ignored by nanostat because it exceeded search pattern filesize limit: underscore.js
[2026-05-29 10:46:17,898] multiqc                                            [DEBUG  ]  File ignored by ccs/v4 because it exceeded search pattern filesize limit: websupport.js
[2026-05-29 10:46:17,899] multiqc                                            [DEBUG  ]  File ignored by hicexplorer because it exceeded search pattern filesize limit: websupport.js
[2026-05-29 10:46:17,900] multiqc                                            [DEBUG  ]  File ignored by lima/summary because it exceeded search pattern filesize limit: websupport.js
[2026-05-29 10:46:17,903] multiqc                                            [DEBUG  ]  File ignored by longranger/invocation because it exceeded search pattern filesize limit: websupport.js
[2026-05-29 10:46:17,924] multiqc                                            [DEBUG  ]  File ignored by nanostat because it exceeded search pattern filesize limit: websupport.js
[2026-05-29 10:46:17,929] multiqc                                            [DEBUG  ]  File ignored by ccs/v4 because it exceeded search pattern filesize limit: coverage_profile_along_genes_(low).txt
[2026-05-29 10:46:17,930] multiqc                                            [DEBUG  ]  File ignored by lima/summary because it exceeded search pattern filesize limit: coverage_profile_along_genes_(low).txt
[2026-05-29 10:46:17,932] multiqc                                            [DEBUG  ]  File ignored by longranger/invocation because it exceeded search pattern filesize limit: coverage_profile_along_genes_(low).txt
[2026-05-29 10:46:17,942] multiqc                                            [DEBUG  ]  File ignored by ccs/v4 because it exceeded search pattern filesize limit: coverage_profile_along_genes_(high).txt
[2026-05-29 10:46:17,943] multiqc                                            [DEBUG  ]  File ignored by lima/summary because it exceeded search pattern filesize limit: coverage_profile_along_genes_(high).txt
[2026-05-29 10:46:17,945] multiqc                                            [DEBUG  ]  File ignored by longranger/invocation because it exceeded search pattern filesize limit: coverage_profile_along_genes_(high).txt
[2026-05-29 10:46:17,953] multiqc                                            [DEBUG  ]  File ignored by ccs/v4 because it exceeded search pattern filesize limit: qualimapReport.html
[2026-05-29 10:46:17,954] multiqc                                            [DEBUG  ]  File ignored by hicexplorer because it exceeded search pattern filesize limit: qualimapReport.html
[2026-05-29 10:46:17,954] multiqc                                            [DEBUG  ]  File ignored by lima/summary because it exceeded search pattern filesize limit: qualimapReport.html
[2026-05-29 10:46:17,956] multiqc                                            [DEBUG  ]  File ignored by longranger/invocation because it exceeded search pattern filesize limit: qualimapReport.html
[2026-05-29 10:46:17,965] multiqc                                            [DEBUG  ]  File ignored by nanostat because it exceeded search pattern filesize limit: qualimapReport.html
[2026-05-29 10:46:17,982] multiqc                                            [DEBUG  ]  File ignored by ccs/v4 because it exceeded search pattern filesize limit: agogo.css
[2026-05-29 10:46:17,983] multiqc                                            [DEBUG  ]  File ignored by hicexplorer because it exceeded search pattern filesize limit: agogo.css
[2026-05-29 10:46:17,983] multiqc                                            [DEBUG  ]  File ignored by lima/summary because it exceeded search pattern filesize limit: agogo.css
[2026-05-29 10:46:17,985] multiqc                                            [DEBUG  ]  File ignored by longranger/invocation because it exceeded search pattern filesize limit: agogo.css
[2026-05-29 10:46:17,995] multiqc                                            [DEBUG  ]  File ignored by nanostat because it exceeded search pattern filesize limit: agogo.css
[2026-05-29 10:46:18,001] multiqc                                            [DEBUG  ]  File ignored by ccs/v4 because it exceeded search pattern filesize limit: basic.css
[2026-05-29 10:46:18,002] multiqc                                            [DEBUG  ]  File ignored by hicexplorer because it exceeded search pattern filesize limit: basic.css
[2026-05-29 10:46:18,002] multiqc                                            [DEBUG  ]  File ignored by lima/summary because it exceeded search pattern filesize limit: basic.css
[2026-05-29 10:46:18,006] multiqc                                            [DEBUG  ]  File ignored by longranger/invocation because it exceeded search pattern filesize limit: basic.css
[2026-05-29 10:46:18,026] multiqc                                            [DEBUG  ]  File ignored by nanostat because it exceeded search pattern filesize limit: basic.css
[2026-05-29 10:46:18,039] multiqc                                            [DEBUG  ]  File ignored by ccs/v4 because it exceeded search pattern filesize limit: doctools.js
[2026-05-29 10:46:18,040] multiqc                                            [DEBUG  ]  File ignored by hicexplorer because it exceeded search pattern filesize limit: doctools.js
[2026-05-29 10:46:18,040] multiqc                                            [DEBUG  ]  File ignored by lima/summary because it exceeded search pattern filesize limit: doctools.js
[2026-05-29 10:46:18,042] multiqc                                            [DEBUG  ]  File ignored by longranger/invocation because it exceeded search pattern filesize limit: doctools.js
[2026-05-29 10:46:18,049] multiqc                                            [DEBUG  ]  File ignored by nanostat because it exceeded search pattern filesize limit: doctools.js
[2026-05-29 10:46:18,057] multiqc                                            [DEBUG  ]  File ignored by ccs/v4 because it exceeded search pattern filesize limit: jquery.js
[2026-05-29 10:46:18,058] multiqc                                            [DEBUG  ]  File ignored by hicexplorer because it exceeded search pattern filesize limit: jquery.js
[2026-05-29 10:46:18,059] multiqc                                            [DEBUG  ]  File ignored by lima/summary because it exceeded search pattern filesize limit: jquery.js
[2026-05-29 10:46:18,061] multiqc                                            [DEBUG  ]  File ignored by longranger/invocation because it exceeded search pattern filesize limit: jquery.js
[2026-05-29 10:46:18,069] multiqc                                            [DEBUG  ]  File ignored by nanostat because it exceeded search pattern filesize limit: jquery.js
[2026-05-29 10:46:18,076] multiqc                                            [DEBUG  ]  File ignored by ccs/v4 because it exceeded search pattern filesize limit: pygments.css
[2026-05-29 10:46:18,077] multiqc                                            [DEBUG  ]  File ignored by lima/summary because it exceeded search pattern filesize limit: pygments.css
[2026-05-29 10:46:18,079] multiqc                                            [DEBUG  ]  File ignored by longranger/invocation because it exceeded search pattern filesize limit: pygments.css
[2026-05-29 10:46:18,111] multiqc                                            [DEBUG  ]  File ignored by ccs/v4 because it exceeded search pattern filesize limit: searchtools.js
[2026-05-29 10:46:18,112] multiqc                                            [DEBUG  ]  File ignored by hicexplorer because it exceeded search pattern filesize limit: searchtools.js
[2026-05-29 10:46:18,112] multiqc                                            [DEBUG  ]  File ignored by lima/summary because it exceeded search pattern filesize limit: searchtools.js
[2026-05-29 10:46:18,114] multiqc                                            [DEBUG  ]  File ignored by longranger/invocation because it exceeded search pattern filesize limit: searchtools.js
[2026-05-29 10:46:18,129] multiqc                                            [DEBUG  ]  File ignored by nanostat because it exceeded search pattern filesize limit: searchtools.js
[2026-05-29 10:46:18,133] multiqc                                            [DEBUG  ]  File ignored by ccs/v4 because it exceeded search pattern filesize limit: underscore.js
[2026-05-29 10:46:18,134] multiqc                                            [DEBUG  ]  File ignored by hicexplorer because it exceeded search pattern filesize limit: underscore.js
[2026-05-29 10:46:18,134] multiqc                                            [DEBUG  ]  File ignored by lima/summary because it exceeded search pattern filesize limit: underscore.js
[2026-05-29 10:46:18,136] multiqc                                            [DEBUG  ]  File ignored by longranger/invocation because it exceeded search pattern filesize limit: underscore.js
[2026-05-29 10:46:18,139] multiqc                                            [DEBUG  ]  File ignored by nanostat because it exceeded search pattern filesize limit: underscore.js
[2026-05-29 10:46:18,146] multiqc                                            [DEBUG  ]  File ignored by ccs/v4 because it exceeded search pattern filesize limit: websupport.js
[2026-05-29 10:46:18,147] multiqc                                            [DEBUG  ]  File ignored by hicexplorer because it exceeded search pattern filesize limit: websupport.js
[2026-05-29 10:46:18,148] multiqc                                            [DEBUG  ]  File ignored by lima/summary because it exceeded search pattern filesize limit: websupport.js
[2026-05-29 10:46:18,150] multiqc                                            [DEBUG  ]  File ignored by longranger/invocation because it exceeded search pattern filesize limit: websupport.js
[2026-05-29 10:46:18,172] multiqc                                            [DEBUG  ]  File ignored by nanostat because it exceeded search pattern filesize limit: websupport.js
[2026-05-29 10:46:18,177] multiqc                                            [DEBUG  ]  File ignored by ccs/v4 because it exceeded search pattern filesize limit: coverage_profile_along_genes_(low).txt
[2026-05-29 10:46:18,178] multiqc                                            [DEBUG  ]  File ignored by lima/summary because it exceeded search pattern filesize limit: coverage_profile_along_genes_(low).txt
[2026-05-29 10:46:18,180] multiqc                                            [DEBUG  ]  File ignored by longranger/invocation because it exceeded search pattern filesize limit: coverage_profile_along_genes_(low).txt
[2026-05-29 10:46:18,194] multiqc                                            [DEBUG  ]  File ignored by ccs/v4 because it exceeded search pattern filesize limit: coverage_profile_along_genes_(high).txt
[2026-05-29 10:46:18,196] multiqc                                            [DEBUG  ]  File ignored by lima/summary because it exceeded search pattern filesize limit: coverage_profile_along_genes_(high).txt
[2026-05-29 10:46:18,199] multiqc                                            [DEBUG  ]  File ignored by longranger/invocation because it exceeded search pattern filesize limit: coverage_profile_along_genes_(high).txt
[2026-05-29 10:46:18,210] multiqc                                            [DEBUG  ]  File ignored by ccs/v4 because it exceeded search pattern filesize limit: qualimapReport.html
[2026-05-29 10:46:18,211] multiqc                                            [DEBUG  ]  File ignored by hicexplorer because it exceeded search pattern filesize limit: qualimapReport.html
[2026-05-29 10:46:18,211] multiqc                                            [DEBUG  ]  File ignored by lima/summary because it exceeded search pattern filesize limit: qualimapReport.html
[2026-05-29 10:46:18,213] multiqc                                            [DEBUG  ]  File ignored by longranger/invocation because it exceeded search pattern filesize limit: qualimapReport.html
[2026-05-29 10:46:18,226] multiqc                                            [DEBUG  ]  File ignored by nanostat because it exceeded search pattern filesize limit: qualimapReport.html
[2026-05-29 10:46:18,240] multiqc                                            [DEBUG  ]  File ignored by ccs/v4 because it exceeded search pattern filesize limit: agogo.css
[2026-05-29 10:46:18,241] multiqc                                            [DEBUG  ]  File ignored by hicexplorer because it exceeded search pattern filesize limit: agogo.css
[2026-05-29 10:46:18,241] multiqc                                            [DEBUG  ]  File ignored by lima/summary because it exceeded search pattern filesize limit: agogo.css
[2026-05-29 10:46:18,243] multiqc                                            [DEBUG  ]  File ignored by longranger/invocation because it exceeded search pattern filesize limit: agogo.css
[2026-05-29 10:46:18,254] multiqc                                            [DEBUG  ]  File ignored by nanostat because it exceeded search pattern filesize limit: agogo.css
[2026-05-29 10:46:18,263] multiqc                                            [DEBUG  ]  File ignored by ccs/v4 because it exceeded search pattern filesize limit: basic.css
[2026-05-29 10:46:18,264] multiqc                                            [DEBUG  ]  File ignored by hicexplorer because it exceeded search pattern filesize limit: basic.css
[2026-05-29 10:46:18,265] multiqc                                            [DEBUG  ]  File ignored by lima/summary because it exceeded search pattern filesize limit: basic.css
[2026-05-29 10:46:18,267] multiqc                                            [DEBUG  ]  File ignored by longranger/invocation because it exceeded search pattern filesize limit: basic.css
[2026-05-29 10:46:18,278] multiqc                                            [DEBUG  ]  File ignored by nanostat because it exceeded search pattern filesize limit: basic.css
[2026-05-29 10:46:18,290] multiqc                                            [DEBUG  ]  File ignored by ccs/v4 because it exceeded search pattern filesize limit: doctools.js
[2026-05-29 10:46:18,291] multiqc                                            [DEBUG  ]  File ignored by hicexplorer because it exceeded search pattern filesize limit: doctools.js
[2026-05-29 10:46:18,291] multiqc                                            [DEBUG  ]  File ignored by lima/summary because it exceeded search pattern filesize limit: doctools.js
[2026-05-29 10:46:18,299] multiqc                                            [DEBUG  ]  File ignored by longranger/invocation because it exceeded search pattern filesize limit: doctools.js
[2026-05-29 10:46:18,309] multiqc                                            [DEBUG  ]  File ignored by nanostat because it exceeded search pattern filesize limit: doctools.js
[2026-05-29 10:46:18,320] multiqc                                            [DEBUG  ]  File ignored by ccs/v4 because it exceeded search pattern filesize limit: jquery.js
[2026-05-29 10:46:18,321] multiqc                                            [DEBUG  ]  File ignored by hicexplorer because it exceeded search pattern filesize limit: jquery.js
[2026-05-29 10:46:18,321] multiqc                                            [DEBUG  ]  File ignored by lima/summary because it exceeded search pattern filesize limit: jquery.js
[2026-05-29 10:46:18,323] multiqc                                            [DEBUG  ]  File ignored by longranger/invocation because it exceeded search pattern filesize limit: jquery.js
[2026-05-29 10:46:18,332] multiqc                                            [DEBUG  ]  File ignored by nanostat because it exceeded search pattern filesize limit: jquery.js
[2026-05-29 10:46:18,338] multiqc                                            [DEBUG  ]  File ignored by ccs/v4 because it exceeded search pattern filesize limit: pygments.css
[2026-05-29 10:46:18,340] multiqc                                            [DEBUG  ]  File ignored by lima/summary because it exceeded search pattern filesize limit: pygments.css
[2026-05-29 10:46:18,342] multiqc                                            [DEBUG  ]  File ignored by longranger/invocation because it exceeded search pattern filesize limit: pygments.css
[2026-05-29 10:46:18,360] multiqc                                            [DEBUG  ]  File ignored by ccs/v4 because it exceeded search pattern filesize limit: searchtools.js
[2026-05-29 10:46:18,361] multiqc                                            [DEBUG  ]  File ignored by hicexplorer because it exceeded search pattern filesize limit: searchtools.js
[2026-05-29 10:46:18,361] multiqc                                            [DEBUG  ]  File ignored by lima/summary because it exceeded search pattern filesize limit: searchtools.js
[2026-05-29 10:46:18,363] multiqc                                            [DEBUG  ]  File ignored by longranger/invocation because it exceeded search pattern filesize limit: searchtools.js
[2026-05-29 10:46:18,383] multiqc                                            [DEBUG  ]  File ignored by nanostat because it exceeded search pattern filesize limit: searchtools.js
[2026-05-29 10:46:18,387] multiqc                                            [DEBUG  ]  File ignored by ccs/v4 because it exceeded search pattern filesize limit: underscore.js
[2026-05-29 10:46:18,388] multiqc                                            [DEBUG  ]  File ignored by hicexplorer because it exceeded search pattern filesize limit: underscore.js
[2026-05-29 10:46:18,389] multiqc                                            [DEBUG  ]  File ignored by lima/summary because it exceeded search pattern filesize limit: underscore.js
[2026-05-29 10:46:18,390] multiqc                                            [DEBUG  ]  File ignored by longranger/invocation because it exceeded search pattern filesize limit: underscore.js
[2026-05-29 10:46:18,394] multiqc                                            [DEBUG  ]  File ignored by nanostat because it exceeded search pattern filesize limit: underscore.js
[2026-05-29 10:46:18,406] multiqc                                            [DEBUG  ]  File ignored by ccs/v4 because it exceeded search pattern filesize limit: websupport.js
[2026-05-29 10:46:18,407] multiqc                                            [DEBUG  ]  File ignored by hicexplorer because it exceeded search pattern filesize limit: websupport.js
[2026-05-29 10:46:18,407] multiqc                                            [DEBUG  ]  File ignored by lima/summary because it exceeded search pattern filesize limit: websupport.js
[2026-05-29 10:46:18,409] multiqc                                            [DEBUG  ]  File ignored by longranger/invocation because it exceeded search pattern filesize limit: websupport.js
[2026-05-29 10:46:18,426] multiqc                                            [DEBUG  ]  File ignored by nanostat because it exceeded search pattern filesize limit: websupport.js
[2026-05-29 10:46:18,431] multiqc                                            [DEBUG  ]  File ignored by ccs/v4 because it exceeded search pattern filesize limit: coverage_profile_along_genes_(low).txt
[2026-05-29 10:46:18,432] multiqc                                            [DEBUG  ]  File ignored by lima/summary because it exceeded search pattern filesize limit: coverage_profile_along_genes_(low).txt
[2026-05-29 10:46:18,434] multiqc                                            [DEBUG  ]  File ignored by longranger/invocation because it exceeded search pattern filesize limit: coverage_profile_along_genes_(low).txt
[2026-05-29 10:46:18,442] multiqc                                            [DEBUG  ]  File ignored by ccs/v4 because it exceeded search pattern filesize limit: coverage_profile_along_genes_(high).txt
[2026-05-29 10:46:18,443] multiqc                                            [DEBUG  ]  File ignored by lima/summary because it exceeded search pattern filesize limit: coverage_profile_along_genes_(high).txt
[2026-05-29 10:46:18,445] multiqc                                            [DEBUG  ]  File ignored by longranger/invocation because it exceeded search pattern filesize limit: coverage_profile_along_genes_(high).txt
[2026-05-29 10:46:18,460] multiqc                                            [DEBUG  ]  File ignored by ccs/v4 because it exceeded search pattern filesize limit: qualimapReport.html
[2026-05-29 10:46:18,461] multiqc                                            [DEBUG  ]  File ignored by hicexplorer because it exceeded search pattern filesize limit: qualimapReport.html
[2026-05-29 10:46:18,461] multiqc                                            [DEBUG  ]  File ignored by lima/summary because it exceeded search pattern filesize limit: qualimapReport.html
[2026-05-29 10:46:18,464] multiqc                                            [DEBUG  ]  File ignored by longranger/invocation because it exceeded search pattern filesize limit: qualimapReport.html
[2026-05-29 10:46:18,473] multiqc                                            [DEBUG  ]  File ignored by nanostat because it exceeded search pattern filesize limit: qualimapReport.html
[2026-05-29 10:46:18,487] multiqc                                            [DEBUG  ]  File ignored by ccs/v4 because it exceeded search pattern filesize limit: agogo.css
[2026-05-29 10:46:18,488] multiqc                                            [DEBUG  ]  File ignored by hicexplorer because it exceeded search pattern filesize limit: agogo.css
[2026-05-29 10:46:18,488] multiqc                                            [DEBUG  ]  File ignored by lima/summary because it exceeded search pattern filesize limit: agogo.css
[2026-05-29 10:46:18,490] multiqc                                            [DEBUG  ]  File ignored by longranger/invocation because it exceeded search pattern filesize limit: agogo.css
[2026-05-29 10:46:18,500] multiqc                                            [DEBUG  ]  File ignored by nanostat because it exceeded search pattern filesize limit: agogo.css
[2026-05-29 10:46:18,514] multiqc                                            [DEBUG  ]  File ignored by ccs/v4 because it exceeded search pattern filesize limit: basic.css
[2026-05-29 10:46:18,515] multiqc                                            [DEBUG  ]  File ignored by hicexplorer because it exceeded search pattern filesize limit: basic.css
[2026-05-29 10:46:18,515] multiqc                                            [DEBUG  ]  File ignored by lima/summary because it exceeded search pattern filesize limit: basic.css
[2026-05-29 10:46:18,517] multiqc                                            [DEBUG  ]  File ignored by longranger/invocation because it exceeded search pattern filesize limit: basic.css
[2026-05-29 10:46:18,530] multiqc                                            [DEBUG  ]  File ignored by nanostat because it exceeded search pattern filesize limit: basic.css
[2026-05-29 10:46:18,542] multiqc                                            [DEBUG  ]  File ignored by ccs/v4 because it exceeded search pattern filesize limit: doctools.js
[2026-05-29 10:46:18,543] multiqc                                            [DEBUG  ]  File ignored by hicexplorer because it exceeded search pattern filesize limit: doctools.js
[2026-05-29 10:46:18,543] multiqc                                            [DEBUG  ]  File ignored by lima/summary because it exceeded search pattern filesize limit: doctools.js
[2026-05-29 10:46:18,545] multiqc                                            [DEBUG  ]  File ignored by longranger/invocation because it exceeded search pattern filesize limit: doctools.js
[2026-05-29 10:46:18,552] multiqc                                            [DEBUG  ]  File ignored by nanostat because it exceeded search pattern filesize limit: doctools.js
[2026-05-29 10:46:18,563] multiqc                                            [DEBUG  ]  File ignored by ccs/v4 because it exceeded search pattern filesize limit: jquery.js
[2026-05-29 10:46:18,567] multiqc                                            [DEBUG  ]  File ignored by hicexplorer because it exceeded search pattern filesize limit: jquery.js
[2026-05-29 10:46:18,567] multiqc                                            [DEBUG  ]  File ignored by lima/summary because it exceeded search pattern filesize limit: jquery.js
[2026-05-29 10:46:18,574] multiqc                                            [DEBUG  ]  File ignored by longranger/invocation because it exceeded search pattern filesize limit: jquery.js
[2026-05-29 10:46:18,588] multiqc                                            [DEBUG  ]  File ignored by nanostat because it exceeded search pattern filesize limit: jquery.js
[2026-05-29 10:46:18,599] multiqc                                            [DEBUG  ]  File ignored by ccs/v4 because it exceeded search pattern filesize limit: pygments.css
[2026-05-29 10:46:18,600] multiqc                                            [DEBUG  ]  File ignored by lima/summary because it exceeded search pattern filesize limit: pygments.css
[2026-05-29 10:46:18,602] multiqc                                            [DEBUG  ]  File ignored by longranger/invocation because it exceeded search pattern filesize limit: pygments.css
[2026-05-29 10:46:18,632] multiqc                                            [DEBUG  ]  File ignored by ccs/v4 because it exceeded search pattern filesize limit: searchtools.js
[2026-05-29 10:46:18,635] multiqc                                            [DEBUG  ]  File ignored by hicexplorer because it exceeded search pattern filesize limit: searchtools.js
[2026-05-29 10:46:18,635] multiqc                                            [DEBUG  ]  File ignored by lima/summary because it exceeded search pattern filesize limit: searchtools.js
[2026-05-29 10:46:18,639] multiqc                                            [DEBUG  ]  File ignored by longranger/invocation because it exceeded search pattern filesize limit: searchtools.js
[2026-05-29 10:46:18,654] multiqc                                            [DEBUG  ]  File ignored by nanostat because it exceeded search pattern filesize limit: searchtools.js
[2026-05-29 10:46:18,658] multiqc                                            [DEBUG  ]  File ignored by ccs/v4 because it exceeded search pattern filesize limit: underscore.js
[2026-05-29 10:46:18,659] multiqc                                            [DEBUG  ]  File ignored by hicexplorer because it exceeded search pattern filesize limit: underscore.js
[2026-05-29 10:46:18,659] multiqc                                            [DEBUG  ]  File ignored by lima/summary because it exceeded search pattern filesize limit: underscore.js
[2026-05-29 10:46:18,661] multiqc                                            [DEBUG  ]  File ignored by longranger/invocation because it exceeded search pattern filesize limit: underscore.js
[2026-05-29 10:46:18,664] multiqc                                            [DEBUG  ]  File ignored by nanostat because it exceeded search pattern filesize limit: underscore.js
[2026-05-29 10:46:18,671] multiqc                                            [DEBUG  ]  File ignored by ccs/v4 because it exceeded search pattern filesize limit: websupport.js
[2026-05-29 10:46:18,672] multiqc                                            [DEBUG  ]  File ignored by hicexplorer because it exceeded search pattern filesize limit: websupport.js
[2026-05-29 10:46:18,672] multiqc                                            [DEBUG  ]  File ignored by lima/summary because it exceeded search pattern filesize limit: websupport.js
[2026-05-29 10:46:18,674] multiqc                                            [DEBUG  ]  File ignored by longranger/invocation because it exceeded search pattern filesize limit: websupport.js
[2026-05-29 10:46:18,701] multiqc                                            [DEBUG  ]  File ignored by nanostat because it exceeded search pattern filesize limit: websupport.js
[2026-05-29 10:46:18,706] multiqc                                            [DEBUG  ]  File ignored by ccs/v4 because it exceeded search pattern filesize limit: coverage_profile_along_genes_(low).txt
[2026-05-29 10:46:18,707] multiqc                                            [DEBUG  ]  File ignored by lima/summary because it exceeded search pattern filesize limit: coverage_profile_along_genes_(low).txt
[2026-05-29 10:46:18,709] multiqc                                            [DEBUG  ]  File ignored by longranger/invocation because it exceeded search pattern filesize limit: coverage_profile_along_genes_(low).txt
[2026-05-29 10:46:18,716] multiqc                                            [DEBUG  ]  File ignored by ccs/v4 because it exceeded search pattern filesize limit: coverage_profile_along_genes_(high).txt
[2026-05-29 10:46:18,718] multiqc                                            [DEBUG  ]  File ignored by lima/summary because it exceeded search pattern filesize limit: coverage_profile_along_genes_(high).txt
[2026-05-29 10:46:18,720] multiqc                                            [DEBUG  ]  File ignored by longranger/invocation because it exceeded search pattern filesize limit: coverage_profile_along_genes_(high).txt
[2026-05-29 10:46:18,734] multiqc                                            [DEBUG  ]  File ignored by ccs/v4 because it exceeded search pattern filesize limit: qualimapReport.html
[2026-05-29 10:46:18,735] multiqc                                            [DEBUG  ]  File ignored by hicexplorer because it exceeded search pattern filesize limit: qualimapReport.html
[2026-05-29 10:46:18,735] multiqc                                            [DEBUG  ]  File ignored by lima/summary because it exceeded search pattern filesize limit: qualimapReport.html
[2026-05-29 10:46:18,737] multiqc                                            [DEBUG  ]  File ignored by longranger/invocation because it exceeded search pattern filesize limit: qualimapReport.html
[2026-05-29 10:46:18,745] multiqc                                            [DEBUG  ]  File ignored by nanostat because it exceeded search pattern filesize limit: qualimapReport.html
[2026-05-29 10:46:18,759] multiqc                                            [DEBUG  ]  File ignored by ccs/v4 because it exceeded search pattern filesize limit: agogo.css
[2026-05-29 10:46:18,759] multiqc                                            [DEBUG  ]  File ignored by hicexplorer because it exceeded search pattern filesize limit: agogo.css
[2026-05-29 10:46:18,760] multiqc                                            [DEBUG  ]  File ignored by lima/summary because it exceeded search pattern filesize limit: agogo.css
[2026-05-29 10:46:18,762] multiqc                                            [DEBUG  ]  File ignored by longranger/invocation because it exceeded search pattern filesize limit: agogo.css
[2026-05-29 10:46:18,772] multiqc                                            [DEBUG  ]  File ignored by nanostat because it exceeded search pattern filesize limit: agogo.css
[2026-05-29 10:46:18,777] multiqc                                            [DEBUG  ]  File ignored by ccs/v4 because it exceeded search pattern filesize limit: basic.css
[2026-05-29 10:46:18,778] multiqc                                            [DEBUG  ]  File ignored by hicexplorer because it exceeded search pattern filesize limit: basic.css
[2026-05-29 10:46:18,778] multiqc                                            [DEBUG  ]  File ignored by lima/summary because it exceeded search pattern filesize limit: basic.css
[2026-05-29 10:46:18,780] multiqc                                            [DEBUG  ]  File ignored by longranger/invocation because it exceeded search pattern filesize limit: basic.css
[2026-05-29 10:46:18,795] multiqc                                            [DEBUG  ]  File ignored by nanostat because it exceeded search pattern filesize limit: basic.css
[2026-05-29 10:46:18,815] multiqc                                            [DEBUG  ]  File ignored by ccs/v4 because it exceeded search pattern filesize limit: doctools.js
[2026-05-29 10:46:18,816] multiqc                                            [DEBUG  ]  File ignored by hicexplorer because it exceeded search pattern filesize limit: doctools.js
[2026-05-29 10:46:18,816] multiqc                                            [DEBUG  ]  File ignored by lima/summary because it exceeded search pattern filesize limit: doctools.js
[2026-05-29 10:46:18,818] multiqc                                            [DEBUG  ]  File ignored by longranger/invocation because it exceeded search pattern filesize limit: doctools.js
[2026-05-29 10:46:18,825] multiqc                                            [DEBUG  ]  File ignored by nanostat because it exceeded search pattern filesize limit: doctools.js
[2026-05-29 10:46:18,839] multiqc                                            [DEBUG  ]  File ignored by ccs/v4 because it exceeded search pattern filesize limit: jquery.js
[2026-05-29 10:46:18,840] multiqc                                            [DEBUG  ]  File ignored by hicexplorer because it exceeded search pattern filesize limit: jquery.js
[2026-05-29 10:46:18,840] multiqc                                            [DEBUG  ]  File ignored by lima/summary because it exceeded search pattern filesize limit: jquery.js
[2026-05-29 10:46:18,842] multiqc                                            [DEBUG  ]  File ignored by longranger/invocation because it exceeded search pattern filesize limit: jquery.js
[2026-05-29 10:46:18,851] multiqc                                            [DEBUG  ]  File ignored by nanostat because it exceeded search pattern filesize limit: jquery.js
[2026-05-29 10:46:18,858] multiqc                                            [DEBUG  ]  File ignored by ccs/v4 because it exceeded search pattern filesize limit: pygments.css
[2026-05-29 10:46:18,859] multiqc                                            [DEBUG  ]  File ignored by lima/summary because it exceeded search pattern filesize limit: pygments.css
[2026-05-29 10:46:18,861] multiqc                                            [DEBUG  ]  File ignored by longranger/invocation because it exceeded search pattern filesize limit: pygments.css
[2026-05-29 10:46:18,889] multiqc                                            [DEBUG  ]  File ignored by ccs/v4 because it exceeded search pattern filesize limit: searchtools.js
[2026-05-29 10:46:18,891] multiqc                                            [DEBUG  ]  File ignored by hicexplorer because it exceeded search pattern filesize limit: searchtools.js
[2026-05-29 10:46:18,891] multiqc                                            [DEBUG  ]  File ignored by lima/summary because it exceeded search pattern filesize limit: searchtools.js
[2026-05-29 10:46:18,893] multiqc                                            [DEBUG  ]  File ignored by longranger/invocation because it exceeded search pattern filesize limit: searchtools.js
[2026-05-29 10:46:18,907] multiqc                                            [DEBUG  ]  File ignored by nanostat because it exceeded search pattern filesize limit: searchtools.js
[2026-05-29 10:46:18,912] multiqc                                            [DEBUG  ]  File ignored by ccs/v4 because it exceeded search pattern filesize limit: underscore.js
[2026-05-29 10:46:18,913] multiqc                                            [DEBUG  ]  File ignored by hicexplorer because it exceeded search pattern filesize limit: underscore.js
[2026-05-29 10:46:18,913] multiqc                                            [DEBUG  ]  File ignored by lima/summary because it exceeded search pattern filesize limit: underscore.js
[2026-05-29 10:46:18,915] multiqc                                            [DEBUG  ]  File ignored by longranger/invocation because it exceeded search pattern filesize limit: underscore.js
[2026-05-29 10:46:18,919] multiqc                                            [DEBUG  ]  File ignored by nanostat because it exceeded search pattern filesize limit: underscore.js
[2026-05-29 10:46:18,926] multiqc                                            [DEBUG  ]  File ignored by ccs/v4 because it exceeded search pattern filesize limit: websupport.js
[2026-05-29 10:46:18,927] multiqc                                            [DEBUG  ]  File ignored by hicexplorer because it exceeded search pattern filesize limit: websupport.js
[2026-05-29 10:46:18,927] multiqc                                            [DEBUG  ]  File ignored by lima/summary because it exceeded search pattern filesize limit: websupport.js
[2026-05-29 10:46:18,929] multiqc                                            [DEBUG  ]  File ignored by longranger/invocation because it exceeded search pattern filesize limit: websupport.js
[2026-05-29 10:46:18,956] multiqc                                            [DEBUG  ]  File ignored by nanostat because it exceeded search pattern filesize limit: websupport.js
[2026-05-29 10:46:18,961] multiqc                                            [DEBUG  ]  File ignored by ccs/v4 because it exceeded search pattern filesize limit: coverage_profile_along_genes_(low).txt
[2026-05-29 10:46:18,962] multiqc                                            [DEBUG  ]  File ignored by lima/summary because it exceeded search pattern filesize limit: coverage_profile_along_genes_(low).txt
[2026-05-29 10:46:18,964] multiqc                                            [DEBUG  ]  File ignored by longranger/invocation because it exceeded search pattern filesize limit: coverage_profile_along_genes_(low).txt
[2026-05-29 10:46:18,972] multiqc                                            [DEBUG  ]  File ignored by ccs/v4 because it exceeded search pattern filesize limit: coverage_profile_along_genes_(high).txt
[2026-05-29 10:46:18,973] multiqc                                            [DEBUG  ]  File ignored by lima/summary because it exceeded search pattern filesize limit: coverage_profile_along_genes_(high).txt
[2026-05-29 10:46:18,975] multiqc                                            [DEBUG  ]  File ignored by longranger/invocation because it exceeded search pattern filesize limit: coverage_profile_along_genes_(high).txt
[2026-05-29 10:46:18,984] multiqc                                            [DEBUG  ]  File ignored by ccs/v4 because it exceeded search pattern filesize limit: qualimapReport.html
[2026-05-29 10:46:18,985] multiqc                                            [DEBUG  ]  File ignored by hicexplorer because it exceeded search pattern filesize limit: qualimapReport.html
[2026-05-29 10:46:18,985] multiqc                                            [DEBUG  ]  File ignored by lima/summary because it exceeded search pattern filesize limit: qualimapReport.html
[2026-05-29 10:46:18,987] multiqc                                            [DEBUG  ]  File ignored by longranger/invocation because it exceeded search pattern filesize limit: qualimapReport.html
[2026-05-29 10:46:18,995] multiqc                                            [DEBUG  ]  File ignored by nanostat because it exceeded search pattern filesize limit: qualimapReport.html
[2026-05-29 10:46:19,009] multiqc                                            [DEBUG  ]  File ignored by ccs/v4 because it exceeded search pattern filesize limit: agogo.css
[2026-05-29 10:46:19,010] multiqc                                            [DEBUG  ]  File ignored by hicexplorer because it exceeded search pattern filesize limit: agogo.css
[2026-05-29 10:46:19,010] multiqc                                            [DEBUG  ]  File ignored by lima/summary because it exceeded search pattern filesize limit: agogo.css
[2026-05-29 10:46:19,012] multiqc                                            [DEBUG  ]  File ignored by longranger/invocation because it exceeded search pattern filesize limit: agogo.css
[2026-05-29 10:46:19,022] multiqc                                            [DEBUG  ]  File ignored by nanostat because it exceeded search pattern filesize limit: agogo.css
[2026-05-29 10:46:19,027] multiqc                                            [DEBUG  ]  File ignored by ccs/v4 because it exceeded search pattern filesize limit: basic.css
[2026-05-29 10:46:19,028] multiqc                                            [DEBUG  ]  File ignored by hicexplorer because it exceeded search pattern filesize limit: basic.css
[2026-05-29 10:46:19,029] multiqc                                            [DEBUG  ]  File ignored by lima/summary because it exceeded search pattern filesize limit: basic.css
[2026-05-29 10:46:19,031] multiqc                                            [DEBUG  ]  File ignored by longranger/invocation because it exceeded search pattern filesize limit: basic.css
[2026-05-29 10:46:19,056] multiqc                                            [DEBUG  ]  File ignored by nanostat because it exceeded search pattern filesize limit: basic.css
[2026-05-29 10:46:19,073] multiqc                                            [DEBUG  ]  File ignored by ccs/v4 because it exceeded search pattern filesize limit: doctools.js
[2026-05-29 10:46:19,074] multiqc                                            [DEBUG  ]  File ignored by hicexplorer because it exceeded search pattern filesize limit: doctools.js
[2026-05-29 10:46:19,074] multiqc                                            [DEBUG  ]  File ignored by lima/summary because it exceeded search pattern filesize limit: doctools.js
[2026-05-29 10:46:19,076] multiqc                                            [DEBUG  ]  File ignored by longranger/invocation because it exceeded search pattern filesize limit: doctools.js
[2026-05-29 10:46:19,083] multiqc                                            [DEBUG  ]  File ignored by nanostat because it exceeded search pattern filesize limit: doctools.js
[2026-05-29 10:46:19,092] multiqc                                            [DEBUG  ]  File ignored by ccs/v4 because it exceeded search pattern filesize limit: jquery.js
[2026-05-29 10:46:19,093] multiqc                                            [DEBUG  ]  File ignored by hicexplorer because it exceeded search pattern filesize limit: jquery.js
[2026-05-29 10:46:19,094] multiqc                                            [DEBUG  ]  File ignored by lima/summary because it exceeded search pattern filesize limit: jquery.js
[2026-05-29 10:46:19,096] multiqc                                            [DEBUG  ]  File ignored by longranger/invocation because it exceeded search pattern filesize limit: jquery.js
[2026-05-29 10:46:19,104] multiqc                                            [DEBUG  ]  File ignored by nanostat because it exceeded search pattern filesize limit: jquery.js
[2026-05-29 10:46:19,111] multiqc                                            [DEBUG  ]  File ignored by ccs/v4 because it exceeded search pattern filesize limit: pygments.css
[2026-05-29 10:46:19,112] multiqc                                            [DEBUG  ]  File ignored by lima/summary because it exceeded search pattern filesize limit: pygments.css
[2026-05-29 10:46:19,114] multiqc                                            [DEBUG  ]  File ignored by longranger/invocation because it exceeded search pattern filesize limit: pygments.css
[2026-05-29 10:46:19,140] multiqc                                            [DEBUG  ]  File ignored by ccs/v4 because it exceeded search pattern filesize limit: searchtools.js
[2026-05-29 10:46:19,141] multiqc                                            [DEBUG  ]  File ignored by hicexplorer because it exceeded search pattern filesize limit: searchtools.js
[2026-05-29 10:46:19,141] multiqc                                            [DEBUG  ]  File ignored by lima/summary because it exceeded search pattern filesize limit: searchtools.js
[2026-05-29 10:46:19,143] multiqc                                            [DEBUG  ]  File ignored by longranger/invocation because it exceeded search pattern filesize limit: searchtools.js
[2026-05-29 10:46:19,162] multiqc                                            [DEBUG  ]  File ignored by nanostat because it exceeded search pattern filesize limit: searchtools.js
[2026-05-29 10:46:19,166] multiqc                                            [DEBUG  ]  File ignored by ccs/v4 because it exceeded search pattern filesize limit: underscore.js
[2026-05-29 10:46:19,167] multiqc                                            [DEBUG  ]  File ignored by hicexplorer because it exceeded search pattern filesize limit: underscore.js
[2026-05-29 10:46:19,167] multiqc                                            [DEBUG  ]  File ignored by lima/summary because it exceeded search pattern filesize limit: underscore.js
[2026-05-29 10:46:19,169] multiqc                                            [DEBUG  ]  File ignored by longranger/invocation because it exceeded search pattern filesize limit: underscore.js
[2026-05-29 10:46:19,172] multiqc                                            [DEBUG  ]  File ignored by nanostat because it exceeded search pattern filesize limit: underscore.js
[2026-05-29 10:46:19,179] multiqc                                            [DEBUG  ]  File ignored by ccs/v4 because it exceeded search pattern filesize limit: websupport.js
[2026-05-29 10:46:19,180] multiqc                                            [DEBUG  ]  File ignored by hicexplorer because it exceeded search pattern filesize limit: websupport.js
[2026-05-29 10:46:19,180] multiqc                                            [DEBUG  ]  File ignored by lima/summary because it exceeded search pattern filesize limit: websupport.js
[2026-05-29 10:46:19,182] multiqc                                            [DEBUG  ]  File ignored by longranger/invocation because it exceeded search pattern filesize limit: websupport.js
[2026-05-29 10:46:19,205] multiqc                                            [DEBUG  ]  File ignored by nanostat because it exceeded search pattern filesize limit: websupport.js
[2026-05-29 10:46:19,215] multiqc                                            [DEBUG  ]  File ignored by ccs/v4 because it exceeded search pattern filesize limit: coverage_profile_along_genes_(low).txt
[2026-05-29 10:46:19,217] multiqc                                            [DEBUG  ]  File ignored by lima/summary because it exceeded search pattern filesize limit: coverage_profile_along_genes_(low).txt
[2026-05-29 10:46:19,219] multiqc                                            [DEBUG  ]  File ignored by longranger/invocation because it exceeded search pattern filesize limit: coverage_profile_along_genes_(low).txt
[2026-05-29 10:46:19,227] multiqc                                            [DEBUG  ]  File ignored by ccs/v4 because it exceeded search pattern filesize limit: coverage_profile_along_genes_(high).txt
[2026-05-29 10:46:19,228] multiqc                                            [DEBUG  ]  File ignored by lima/summary because it exceeded search pattern filesize limit: coverage_profile_along_genes_(high).txt
[2026-05-29 10:46:19,230] multiqc                                            [DEBUG  ]  File ignored by longranger/invocation because it exceeded search pattern filesize limit: coverage_profile_along_genes_(high).txt
[2026-05-29 10:46:19,244] multiqc                                            [DEBUG  ]  File ignored by ccs/v4 because it exceeded search pattern filesize limit: qualimapReport.html
[2026-05-29 10:46:19,245] multiqc                                            [DEBUG  ]  File ignored by hicexplorer because it exceeded search pattern filesize limit: qualimapReport.html
[2026-05-29 10:46:19,245] multiqc                                            [DEBUG  ]  File ignored by lima/summary because it exceeded search pattern filesize limit: qualimapReport.html
[2026-05-29 10:46:19,247] multiqc                                            [DEBUG  ]  File ignored by longranger/invocation because it exceeded search pattern filesize limit: qualimapReport.html
[2026-05-29 10:46:19,255] multiqc                                            [DEBUG  ]  File ignored by nanostat because it exceeded search pattern filesize limit: qualimapReport.html
[2026-05-29 10:46:19,274] multiqc                                            [DEBUG  ]  File ignored by ccs/v4 because it exceeded search pattern filesize limit: agogo.css
[2026-05-29 10:46:19,275] multiqc                                            [DEBUG  ]  File ignored by hicexplorer because it exceeded search pattern filesize limit: agogo.css
[2026-05-29 10:46:19,275] multiqc                                            [DEBUG  ]  File ignored by lima/summary because it exceeded search pattern filesize limit: agogo.css
[2026-05-29 10:46:19,277] multiqc                                            [DEBUG  ]  File ignored by longranger/invocation because it exceeded search pattern filesize limit: agogo.css
[2026-05-29 10:46:19,287] multiqc                                            [DEBUG  ]  File ignored by nanostat because it exceeded search pattern filesize limit: agogo.css
[2026-05-29 10:46:19,293] multiqc                                            [DEBUG  ]  File ignored by ccs/v4 because it exceeded search pattern filesize limit: basic.css
[2026-05-29 10:46:19,294] multiqc                                            [DEBUG  ]  File ignored by hicexplorer because it exceeded search pattern filesize limit: basic.css
[2026-05-29 10:46:19,294] multiqc                                            [DEBUG  ]  File ignored by lima/summary because it exceeded search pattern filesize limit: basic.css
[2026-05-29 10:46:19,296] multiqc                                            [DEBUG  ]  File ignored by longranger/invocation because it exceeded search pattern filesize limit: basic.css
[2026-05-29 10:46:19,313] multiqc                                            [DEBUG  ]  File ignored by nanostat because it exceeded search pattern filesize limit: basic.css
[2026-05-29 10:46:19,328] multiqc                                            [DEBUG  ]  File ignored by ccs/v4 because it exceeded search pattern filesize limit: doctools.js
[2026-05-29 10:46:19,329] multiqc                                            [DEBUG  ]  File ignored by hicexplorer because it exceeded search pattern filesize limit: doctools.js
[2026-05-29 10:46:19,329] multiqc                                            [DEBUG  ]  File ignored by lima/summary because it exceeded search pattern filesize limit: doctools.js
[2026-05-29 10:46:19,331] multiqc                                            [DEBUG  ]  File ignored by longranger/invocation because it exceeded search pattern filesize limit: doctools.js
[2026-05-29 10:46:19,337] multiqc                                            [DEBUG  ]  File ignored by nanostat because it exceeded search pattern filesize limit: doctools.js
[2026-05-29 10:46:19,348] multiqc                                            [DEBUG  ]  File ignored by ccs/v4 because it exceeded search pattern filesize limit: jquery.js
[2026-05-29 10:46:19,349] multiqc                                            [DEBUG  ]  File ignored by hicexplorer because it exceeded search pattern filesize limit: jquery.js
[2026-05-29 10:46:19,350] multiqc                                            [DEBUG  ]  File ignored by lima/summary because it exceeded search pattern filesize limit: jquery.js
[2026-05-29 10:46:19,353] multiqc                                            [DEBUG  ]  File ignored by longranger/invocation because it exceeded search pattern filesize limit: jquery.js
[2026-05-29 10:46:19,365] multiqc                                            [DEBUG  ]  File ignored by nanostat because it exceeded search pattern filesize limit: jquery.js
[2026-05-29 10:46:19,378] multiqc                                            [DEBUG  ]  File ignored by ccs/v4 because it exceeded search pattern filesize limit: pygments.css
[2026-05-29 10:46:19,379] multiqc                                            [DEBUG  ]  File ignored by lima/summary because it exceeded search pattern filesize limit: pygments.css
[2026-05-29 10:46:19,381] multiqc                                            [DEBUG  ]  File ignored by longranger/invocation because it exceeded search pattern filesize limit: pygments.css
[2026-05-29 10:46:19,399] multiqc                                            [DEBUG  ]  File ignored by ccs/v4 because it exceeded search pattern filesize limit: searchtools.js
[2026-05-29 10:46:19,400] multiqc                                            [DEBUG  ]  File ignored by hicexplorer because it exceeded search pattern filesize limit: searchtools.js
[2026-05-29 10:46:19,401] multiqc                                            [DEBUG  ]  File ignored by lima/summary because it exceeded search pattern filesize limit: searchtools.js
[2026-05-29 10:46:19,403] multiqc                                            [DEBUG  ]  File ignored by longranger/invocation because it exceeded search pattern filesize limit: searchtools.js
[2026-05-29 10:46:19,427] multiqc                                            [DEBUG  ]  File ignored by nanostat because it exceeded search pattern filesize limit: searchtools.js
[2026-05-29 10:46:19,431] multiqc                                            [DEBUG  ]  File ignored by ccs/v4 because it exceeded search pattern filesize limit: underscore.js
[2026-05-29 10:46:19,432] multiqc                                            [DEBUG  ]  File ignored by hicexplorer because it exceeded search pattern filesize limit: underscore.js
[2026-05-29 10:46:19,432] multiqc                                            [DEBUG  ]  File ignored by lima/summary because it exceeded search pattern filesize limit: underscore.js
[2026-05-29 10:46:19,434] multiqc                                            [DEBUG  ]  File ignored by longranger/invocation because it exceeded search pattern filesize limit: underscore.js
[2026-05-29 10:46:19,437] multiqc                                            [DEBUG  ]  File ignored by nanostat because it exceeded search pattern filesize limit: underscore.js
[2026-05-29 10:46:19,444] multiqc                                            [DEBUG  ]  File ignored by ccs/v4 because it exceeded search pattern filesize limit: websupport.js
[2026-05-29 10:46:19,445] multiqc                                            [DEBUG  ]  File ignored by hicexplorer because it exceeded search pattern filesize limit: websupport.js
[2026-05-29 10:46:19,445] multiqc                                            [DEBUG  ]  File ignored by lima/summary because it exceeded search pattern filesize limit: websupport.js
[2026-05-29 10:46:19,447] multiqc                                            [DEBUG  ]  File ignored by longranger/invocation because it exceeded search pattern filesize limit: websupport.js
[2026-05-29 10:46:19,464] multiqc                                            [DEBUG  ]  File ignored by nanostat because it exceeded search pattern filesize limit: websupport.js
[2026-05-29 10:46:19,469] multiqc                                            [DEBUG  ]  File ignored by ccs/v4 because it exceeded search pattern filesize limit: coverage_profile_along_genes_(low).txt
[2026-05-29 10:46:19,470] multiqc                                            [DEBUG  ]  File ignored by lima/summary because it exceeded search pattern filesize limit: coverage_profile_along_genes_(low).txt
[2026-05-29 10:46:19,472] multiqc                                            [DEBUG  ]  File ignored by longranger/invocation because it exceeded search pattern filesize limit: coverage_profile_along_genes_(low).txt
[2026-05-29 10:46:19,485] multiqc                                            [DEBUG  ]  File ignored by ccs/v4 because it exceeded search pattern filesize limit: coverage_profile_along_genes_(high).txt
[2026-05-29 10:46:19,486] multiqc                                            [DEBUG  ]  File ignored by lima/summary because it exceeded search pattern filesize limit: coverage_profile_along_genes_(high).txt
[2026-05-29 10:46:19,488] multiqc                                            [DEBUG  ]  File ignored by longranger/invocation because it exceeded search pattern filesize limit: coverage_profile_along_genes_(high).txt
[2026-05-29 10:46:19,497] multiqc                                            [DEBUG  ]  File ignored by ccs/v4 because it exceeded search pattern filesize limit: qualimapReport.html
[2026-05-29 10:46:19,498] multiqc                                            [DEBUG  ]  File ignored by hicexplorer because it exceeded search pattern filesize limit: qualimapReport.html
[2026-05-29 10:46:19,498] multiqc                                            [DEBUG  ]  File ignored by lima/summary because it exceeded search pattern filesize limit: qualimapReport.html
[2026-05-29 10:46:19,500] multiqc                                            [DEBUG  ]  File ignored by longranger/invocation because it exceeded search pattern filesize limit: qualimapReport.html
[2026-05-29 10:46:19,513] multiqc                                            [DEBUG  ]  File ignored by nanostat because it exceeded search pattern filesize limit: qualimapReport.html
[2026-05-29 10:46:19,530] multiqc                                            [DEBUG  ]  File ignored by ccs/v4 because it exceeded search pattern filesize limit: agogo.css
[2026-05-29 10:46:19,531] multiqc                                            [DEBUG  ]  File ignored by hicexplorer because it exceeded search pattern filesize limit: agogo.css
[2026-05-29 10:46:19,531] multiqc                                            [DEBUG  ]  File ignored by lima/summary because it exceeded search pattern filesize limit: agogo.css
[2026-05-29 10:46:19,533] multiqc                                            [DEBUG  ]  File ignored by longranger/invocation because it exceeded search pattern filesize limit: agogo.css
[2026-05-29 10:46:19,543] multiqc                                            [DEBUG  ]  File ignored by nanostat because it exceeded search pattern filesize limit: agogo.css
[2026-05-29 10:46:19,548] multiqc                                            [DEBUG  ]  File ignored by ccs/v4 because it exceeded search pattern filesize limit: basic.css
[2026-05-29 10:46:19,549] multiqc                                            [DEBUG  ]  File ignored by hicexplorer because it exceeded search pattern filesize limit: basic.css
[2026-05-29 10:46:19,549] multiqc                                            [DEBUG  ]  File ignored by lima/summary because it exceeded search pattern filesize limit: basic.css
[2026-05-29 10:46:19,551] multiqc                                            [DEBUG  ]  File ignored by longranger/invocation because it exceeded search pattern filesize limit: basic.css
[2026-05-29 10:46:19,563] multiqc                                            [DEBUG  ]  File ignored by nanostat because it exceeded search pattern filesize limit: basic.css
[2026-05-29 10:46:19,575] multiqc                                            [DEBUG  ]  File ignored by ccs/v4 because it exceeded search pattern filesize limit: doctools.js
[2026-05-29 10:46:19,576] multiqc                                            [DEBUG  ]  File ignored by hicexplorer because it exceeded search pattern filesize limit: doctools.js
[2026-05-29 10:46:19,576] multiqc                                            [DEBUG  ]  File ignored by lima/summary because it exceeded search pattern filesize limit: doctools.js
[2026-05-29 10:46:19,578] multiqc                                            [DEBUG  ]  File ignored by longranger/invocation because it exceeded search pattern filesize limit: doctools.js
[2026-05-29 10:46:19,591] multiqc                                            [DEBUG  ]  File ignored by nanostat because it exceeded search pattern filesize limit: doctools.js
[2026-05-29 10:46:19,599] multiqc                                            [DEBUG  ]  File ignored by ccs/v4 because it exceeded search pattern filesize limit: jquery.js
[2026-05-29 10:46:19,600] multiqc                                            [DEBUG  ]  File ignored by hicexplorer because it exceeded search pattern filesize limit: jquery.js
[2026-05-29 10:46:19,601] multiqc                                            [DEBUG  ]  File ignored by lima/summary because it exceeded search pattern filesize limit: jquery.js
[2026-05-29 10:46:19,603] multiqc                                            [DEBUG  ]  File ignored by longranger/invocation because it exceeded search pattern filesize limit: jquery.js
[2026-05-29 10:46:19,611] multiqc                                            [DEBUG  ]  File ignored by nanostat because it exceeded search pattern filesize limit: jquery.js
[2026-05-29 10:46:19,618] multiqc                                            [DEBUG  ]  File ignored by ccs/v4 because it exceeded search pattern filesize limit: pygments.css
[2026-05-29 10:46:19,619] multiqc                                            [DEBUG  ]  File ignored by lima/summary because it exceeded search pattern filesize limit: pygments.css
[2026-05-29 10:46:19,621] multiqc                                            [DEBUG  ]  File ignored by longranger/invocation because it exceeded search pattern filesize limit: pygments.css
[2026-05-29 10:46:19,648] multiqc                                            [DEBUG  ]  File ignored by ccs/v4 because it exceeded search pattern filesize limit: searchtools.js
[2026-05-29 10:46:19,649] multiqc                                            [DEBUG  ]  File ignored by hicexplorer because it exceeded search pattern filesize limit: searchtools.js
[2026-05-29 10:46:19,650] multiqc                                            [DEBUG  ]  File ignored by lima/summary because it exceeded search pattern filesize limit: searchtools.js
[2026-05-29 10:46:19,652] multiqc                                            [DEBUG  ]  File ignored by longranger/invocation because it exceeded search pattern filesize limit: searchtools.js
[2026-05-29 10:46:19,672] multiqc                                            [DEBUG  ]  File ignored by nanostat because it exceeded search pattern filesize limit: searchtools.js
[2026-05-29 10:46:19,677] multiqc                                            [DEBUG  ]  File ignored by ccs/v4 because it exceeded search pattern filesize limit: underscore.js
[2026-05-29 10:46:19,678] multiqc                                            [DEBUG  ]  File ignored by hicexplorer because it exceeded search pattern filesize limit: underscore.js
[2026-05-29 10:46:19,678] multiqc                                            [DEBUG  ]  File ignored by lima/summary because it exceeded search pattern filesize limit: underscore.js
[2026-05-29 10:46:19,680] multiqc                                            [DEBUG  ]  File ignored by longranger/invocation because it exceeded search pattern filesize limit: underscore.js
[2026-05-29 10:46:19,684] multiqc                                            [DEBUG  ]  File ignored by nanostat because it exceeded search pattern filesize limit: underscore.js
[2026-05-29 10:46:19,697] multiqc                                            [DEBUG  ]  File ignored by ccs/v4 because it exceeded search pattern filesize limit: websupport.js
[2026-05-29 10:46:19,698] multiqc                                            [DEBUG  ]  File ignored by hicexplorer because it exceeded search pattern filesize limit: websupport.js
[2026-05-29 10:46:19,698] multiqc                                            [DEBUG  ]  File ignored by lima/summary because it exceeded search pattern filesize limit: websupport.js
[2026-05-29 10:46:19,701] multiqc                                            [DEBUG  ]  File ignored by longranger/invocation because it exceeded search pattern filesize limit: websupport.js
[2026-05-29 10:46:19,723] multiqc                                            [DEBUG  ]  File ignored by nanostat because it exceeded search pattern filesize limit: websupport.js
[2026-05-29 10:46:19,728] multiqc                                            [DEBUG  ]  File ignored by ccs/v4 because it exceeded search pattern filesize limit: coverage_profile_along_genes_(low).txt
[2026-05-29 10:46:19,729] multiqc                                            [DEBUG  ]  File ignored by lima/summary because it exceeded search pattern filesize limit: coverage_profile_along_genes_(low).txt
[2026-05-29 10:46:19,731] multiqc                                            [DEBUG  ]  File ignored by longranger/invocation because it exceeded search pattern filesize limit: coverage_profile_along_genes_(low).txt
[2026-05-29 10:46:19,739] multiqc                                            [DEBUG  ]  File ignored by ccs/v4 because it exceeded search pattern filesize limit: coverage_profile_along_genes_(high).txt
[2026-05-29 10:46:19,740] multiqc                                            [DEBUG  ]  File ignored by lima/summary because it exceeded search pattern filesize limit: coverage_profile_along_genes_(high).txt
[2026-05-29 10:46:19,742] multiqc                                            [DEBUG  ]  File ignored by longranger/invocation because it exceeded search pattern filesize limit: coverage_profile_along_genes_(high).txt
[2026-05-29 10:46:19,758] multiqc                                            [DEBUG  ]  File ignored by ccs/v4 because it exceeded search pattern filesize limit: qualimapReport.html
[2026-05-29 10:46:19,759] multiqc                                            [DEBUG  ]  File ignored by hicexplorer because it exceeded search pattern filesize limit: qualimapReport.html
[2026-05-29 10:46:19,759] multiqc                                            [DEBUG  ]  File ignored by lima/summary because it exceeded search pattern filesize limit: qualimapReport.html
[2026-05-29 10:46:19,762] multiqc                                            [DEBUG  ]  File ignored by longranger/invocation because it exceeded search pattern filesize limit: qualimapReport.html
[2026-05-29 10:46:19,769] multiqc                                            [DEBUG  ]  File ignored by nanostat because it exceeded search pattern filesize limit: qualimapReport.html
[2026-05-29 10:46:19,783] multiqc                                            [DEBUG  ]  File ignored by ccs/v4 because it exceeded search pattern filesize limit: agogo.css
[2026-05-29 10:46:19,784] multiqc                                            [DEBUG  ]  File ignored by hicexplorer because it exceeded search pattern filesize limit: agogo.css
[2026-05-29 10:46:19,784] multiqc                                            [DEBUG  ]  File ignored by lima/summary because it exceeded search pattern filesize limit: agogo.css
[2026-05-29 10:46:19,786] multiqc                                            [DEBUG  ]  File ignored by longranger/invocation because it exceeded search pattern filesize limit: agogo.css
[2026-05-29 10:46:19,804] multiqc                                            [DEBUG  ]  File ignored by nanostat because it exceeded search pattern filesize limit: agogo.css
[2026-05-29 10:46:19,815] multiqc                                            [DEBUG  ]  File ignored by ccs/v4 because it exceeded search pattern filesize limit: basic.css
[2026-05-29 10:46:19,816] multiqc                                            [DEBUG  ]  File ignored by hicexplorer because it exceeded search pattern filesize limit: basic.css
[2026-05-29 10:46:19,816] multiqc                                            [DEBUG  ]  File ignored by lima/summary because it exceeded search pattern filesize limit: basic.css
[2026-05-29 10:46:19,819] multiqc                                            [DEBUG  ]  File ignored by longranger/invocation because it exceeded search pattern filesize limit: basic.css
[2026-05-29 10:46:19,831] multiqc                                            [DEBUG  ]  File ignored by nanostat because it exceeded search pattern filesize limit: basic.css
[2026-05-29 10:46:19,843] multiqc                                            [DEBUG  ]  File ignored by ccs/v4 because it exceeded search pattern filesize limit: doctools.js
[2026-05-29 10:46:19,844] multiqc                                            [DEBUG  ]  File ignored by hicexplorer because it exceeded search pattern filesize limit: doctools.js
[2026-05-29 10:46:19,844] multiqc                                            [DEBUG  ]  File ignored by lima/summary because it exceeded search pattern filesize limit: doctools.js
[2026-05-29 10:46:19,846] multiqc                                            [DEBUG  ]  File ignored by longranger/invocation because it exceeded search pattern filesize limit: doctools.js
[2026-05-29 10:46:19,853] multiqc                                            [DEBUG  ]  File ignored by nanostat because it exceeded search pattern filesize limit: doctools.js
[2026-05-29 10:46:19,861] multiqc                                            [DEBUG  ]  File ignored by ccs/v4 because it exceeded search pattern filesize limit: jquery.js
[2026-05-29 10:46:19,862] multiqc                                            [DEBUG  ]  File ignored by hicexplorer because it exceeded search pattern filesize limit: jquery.js
[2026-05-29 10:46:19,862] multiqc                                            [DEBUG  ]  File ignored by lima/summary because it exceeded search pattern filesize limit: jquery.js
[2026-05-29 10:46:19,864] multiqc                                            [DEBUG  ]  File ignored by longranger/invocation because it exceeded search pattern filesize limit: jquery.js
[2026-05-29 10:46:19,873] multiqc                                            [DEBUG  ]  File ignored by nanostat because it exceeded search pattern filesize limit: jquery.js
[2026-05-29 10:46:19,880] multiqc                                            [DEBUG  ]  File ignored by ccs/v4 because it exceeded search pattern filesize limit: pygments.css
[2026-05-29 10:46:19,881] multiqc                                            [DEBUG  ]  File ignored by lima/summary because it exceeded search pattern filesize limit: pygments.css
[2026-05-29 10:46:19,883] multiqc                                            [DEBUG  ]  File ignored by longranger/invocation because it exceeded search pattern filesize limit: pygments.css
[2026-05-29 10:46:19,902] multiqc                                            [DEBUG  ]  File ignored by ccs/v4 because it exceeded search pattern filesize limit: searchtools.js
[2026-05-29 10:46:19,908] multiqc                                            [DEBUG  ]  File ignored by hicexplorer because it exceeded search pattern filesize limit: searchtools.js
[2026-05-29 10:46:19,908] multiqc                                            [DEBUG  ]  File ignored by lima/summary because it exceeded search pattern filesize limit: searchtools.js
[2026-05-29 10:46:19,910] multiqc                                            [DEBUG  ]  File ignored by longranger/invocation because it exceeded search pattern filesize limit: searchtools.js
[2026-05-29 10:46:19,923] multiqc                                            [DEBUG  ]  File ignored by nanostat because it exceeded search pattern filesize limit: searchtools.js
[2026-05-29 10:46:19,927] multiqc                                            [DEBUG  ]  File ignored by ccs/v4 because it exceeded search pattern filesize limit: underscore.js
[2026-05-29 10:46:19,928] multiqc                                            [DEBUG  ]  File ignored by hicexplorer because it exceeded search pattern filesize limit: underscore.js
[2026-05-29 10:46:19,928] multiqc                                            [DEBUG  ]  File ignored by lima/summary because it exceeded search pattern filesize limit: underscore.js
[2026-05-29 10:46:19,930] multiqc                                            [DEBUG  ]  File ignored by longranger/invocation because it exceeded search pattern filesize limit: underscore.js
[2026-05-29 10:46:19,936] multiqc                                            [DEBUG  ]  File ignored by nanostat because it exceeded search pattern filesize limit: underscore.js
[2026-05-29 10:46:19,943] multiqc                                            [DEBUG  ]  File ignored by ccs/v4 because it exceeded search pattern filesize limit: websupport.js
[2026-05-29 10:46:19,944] multiqc                                            [DEBUG  ]  File ignored by hicexplorer because it exceeded search pattern filesize limit: websupport.js
[2026-05-29 10:46:19,944] multiqc                                            [DEBUG  ]  File ignored by lima/summary because it exceeded search pattern filesize limit: websupport.js
[2026-05-29 10:46:19,946] multiqc                                            [DEBUG  ]  File ignored by longranger/invocation because it exceeded search pattern filesize limit: websupport.js
[2026-05-29 10:46:19,963] multiqc                                            [DEBUG  ]  File ignored by nanostat because it exceeded search pattern filesize limit: websupport.js
[2026-05-29 10:46:19,968] multiqc                                            [DEBUG  ]  File ignored by ccs/v4 because it exceeded search pattern filesize limit: coverage_profile_along_genes_(low).txt
[2026-05-29 10:46:19,969] multiqc                                            [DEBUG  ]  File ignored by lima/summary because it exceeded search pattern filesize limit: coverage_profile_along_genes_(low).txt
[2026-05-29 10:46:19,971] multiqc                                            [DEBUG  ]  File ignored by longranger/invocation because it exceeded search pattern filesize limit: coverage_profile_along_genes_(low).txt
[2026-05-29 10:46:19,979] multiqc                                            [DEBUG  ]  File ignored by ccs/v4 because it exceeded search pattern filesize limit: coverage_profile_along_genes_(high).txt
[2026-05-29 10:46:19,980] multiqc                                            [DEBUG  ]  File ignored by lima/summary because it exceeded search pattern filesize limit: coverage_profile_along_genes_(high).txt
[2026-05-29 10:46:19,982] multiqc                                            [DEBUG  ]  File ignored by longranger/invocation because it exceeded search pattern filesize limit: coverage_profile_along_genes_(high).txt
[2026-05-29 10:46:19,990] multiqc                                            [DEBUG  ]  File ignored by ccs/v4 because it exceeded search pattern filesize limit: qualimapReport.html
[2026-05-29 10:46:19,991] multiqc                                            [DEBUG  ]  File ignored by hicexplorer because it exceeded search pattern filesize limit: qualimapReport.html
[2026-05-29 10:46:19,992] multiqc                                            [DEBUG  ]  File ignored by lima/summary because it exceeded search pattern filesize limit: qualimapReport.html
[2026-05-29 10:46:19,994] multiqc                                            [DEBUG  ]  File ignored by longranger/invocation because it exceeded search pattern filesize limit: qualimapReport.html
[2026-05-29 10:46:20,017] multiqc                                            [DEBUG  ]  File ignored by nanostat because it exceeded search pattern filesize limit: qualimapReport.html
[2026-05-29 10:46:20,031] multiqc                                            [DEBUG  ]  File ignored by ccs/v4 because it exceeded search pattern filesize limit: agogo.css
[2026-05-29 10:46:20,031] multiqc                                            [DEBUG  ]  File ignored by hicexplorer because it exceeded search pattern filesize limit: agogo.css
[2026-05-29 10:46:20,032] multiqc                                            [DEBUG  ]  File ignored by lima/summary because it exceeded search pattern filesize limit: agogo.css
[2026-05-29 10:46:20,034] multiqc                                            [DEBUG  ]  File ignored by longranger/invocation because it exceeded search pattern filesize limit: agogo.css
[2026-05-29 10:46:20,044] multiqc                                            [DEBUG  ]  File ignored by nanostat because it exceeded search pattern filesize limit: agogo.css
[2026-05-29 10:46:20,055] multiqc                                            [DEBUG  ]  File ignored by ccs/v4 because it exceeded search pattern filesize limit: basic.css
[2026-05-29 10:46:20,056] multiqc                                            [DEBUG  ]  File ignored by hicexplorer because it exceeded search pattern filesize limit: basic.css
[2026-05-29 10:46:20,057] multiqc                                            [DEBUG  ]  File ignored by lima/summary because it exceeded search pattern filesize limit: basic.css
[2026-05-29 10:46:20,059] multiqc                                            [DEBUG  ]  File ignored by longranger/invocation because it exceeded search pattern filesize limit: basic.css
[2026-05-29 10:46:20,077] multiqc                                            [DEBUG  ]  File ignored by nanostat because it exceeded search pattern filesize limit: basic.css
[2026-05-29 10:46:20,089] multiqc                                            [DEBUG  ]  File ignored by ccs/v4 because it exceeded search pattern filesize limit: doctools.js
[2026-05-29 10:46:20,090] multiqc                                            [DEBUG  ]  File ignored by hicexplorer because it exceeded search pattern filesize limit: doctools.js
[2026-05-29 10:46:20,090] multiqc                                            [DEBUG  ]  File ignored by lima/summary because it exceeded search pattern filesize limit: doctools.js
[2026-05-29 10:46:20,092] multiqc                                            [DEBUG  ]  File ignored by longranger/invocation because it exceeded search pattern filesize limit: doctools.js
[2026-05-29 10:46:20,099] multiqc                                            [DEBUG  ]  File ignored by nanostat because it exceeded search pattern filesize limit: doctools.js
[2026-05-29 10:46:20,108] multiqc                                            [DEBUG  ]  File ignored by ccs/v4 because it exceeded search pattern filesize limit: jquery.js
[2026-05-29 10:46:20,110] multiqc                                            [DEBUG  ]  File ignored by hicexplorer because it exceeded search pattern filesize limit: jquery.js
[2026-05-29 10:46:20,111] multiqc                                            [DEBUG  ]  File ignored by lima/summary because it exceeded search pattern filesize limit: jquery.js
[2026-05-29 10:46:20,121] multiqc                                            [DEBUG  ]  File ignored by longranger/invocation because it exceeded search pattern filesize limit: jquery.js
[2026-05-29 10:46:20,135] multiqc                                            [DEBUG  ]  File ignored by nanostat because it exceeded search pattern filesize limit: jquery.js
[2026-05-29 10:46:20,142] multiqc                                            [DEBUG  ]  File ignored by ccs/v4 because it exceeded search pattern filesize limit: pygments.css
[2026-05-29 10:46:20,143] multiqc                                            [DEBUG  ]  File ignored by lima/summary because it exceeded search pattern filesize limit: pygments.css
[2026-05-29 10:46:20,145] multiqc                                            [DEBUG  ]  File ignored by longranger/invocation because it exceeded search pattern filesize limit: pygments.css
[2026-05-29 10:46:20,167] multiqc                                            [DEBUG  ]  File ignored by ccs/v4 because it exceeded search pattern filesize limit: searchtools.js
[2026-05-29 10:46:20,168] multiqc                                            [DEBUG  ]  File ignored by hicexplorer because it exceeded search pattern filesize limit: searchtools.js
[2026-05-29 10:46:20,168] multiqc                                            [DEBUG  ]  File ignored by lima/summary because it exceeded search pattern filesize limit: searchtools.js
[2026-05-29 10:46:20,171] multiqc                                            [DEBUG  ]  File ignored by longranger/invocation because it exceeded search pattern filesize limit: searchtools.js
[2026-05-29 10:46:20,184] multiqc                                            [DEBUG  ]  File ignored by nanostat because it exceeded search pattern filesize limit: searchtools.js
[2026-05-29 10:46:20,187] multiqc                                            [DEBUG  ]  File ignored by ccs/v4 because it exceeded search pattern filesize limit: underscore.js
[2026-05-29 10:46:20,188] multiqc                                            [DEBUG  ]  File ignored by hicexplorer because it exceeded search pattern filesize limit: underscore.js
[2026-05-29 10:46:20,189] multiqc                                            [DEBUG  ]  File ignored by lima/summary because it exceeded search pattern filesize limit: underscore.js
[2026-05-29 10:46:20,190] multiqc                                            [DEBUG  ]  File ignored by longranger/invocation because it exceeded search pattern filesize limit: underscore.js
[2026-05-29 10:46:20,195] multiqc                                            [DEBUG  ]  File ignored by nanostat because it exceeded search pattern filesize limit: underscore.js
[2026-05-29 10:46:20,206] multiqc                                            [DEBUG  ]  File ignored by ccs/v4 because it exceeded search pattern filesize limit: websupport.js
[2026-05-29 10:46:20,207] multiqc                                            [DEBUG  ]  File ignored by hicexplorer because it exceeded search pattern filesize limit: websupport.js
[2026-05-29 10:46:20,207] multiqc                                            [DEBUG  ]  File ignored by lima/summary because it exceeded search pattern filesize limit: websupport.js
[2026-05-29 10:46:20,209] multiqc                                            [DEBUG  ]  File ignored by longranger/invocation because it exceeded search pattern filesize limit: websupport.js
[2026-05-29 10:46:20,232] multiqc                                            [DEBUG  ]  File ignored by nanostat because it exceeded search pattern filesize limit: websupport.js
[2026-05-29 10:46:20,237] multiqc                                            [DEBUG  ]  File ignored by ccs/v4 because it exceeded search pattern filesize limit: coverage_profile_along_genes_(low).txt
[2026-05-29 10:46:20,238] multiqc                                            [DEBUG  ]  File ignored by lima/summary because it exceeded search pattern filesize limit: coverage_profile_along_genes_(low).txt
[2026-05-29 10:46:20,240] multiqc                                            [DEBUG  ]  File ignored by longranger/invocation because it exceeded search pattern filesize limit: coverage_profile_along_genes_(low).txt
[2026-05-29 10:46:20,248] multiqc                                            [DEBUG  ]  File ignored by ccs/v4 because it exceeded search pattern filesize limit: coverage_profile_along_genes_(high).txt
[2026-05-29 10:46:20,249] multiqc                                            [DEBUG  ]  File ignored by lima/summary because it exceeded search pattern filesize limit: coverage_profile_along_genes_(high).txt
[2026-05-29 10:46:20,251] multiqc                                            [DEBUG  ]  File ignored by longranger/invocation because it exceeded search pattern filesize limit: coverage_profile_along_genes_(high).txt
[2026-05-29 10:46:20,260] multiqc                                            [DEBUG  ]  File ignored by ccs/v4 because it exceeded search pattern filesize limit: qualimapReport.html
[2026-05-29 10:46:20,261] multiqc                                            [DEBUG  ]  File ignored by hicexplorer because it exceeded search pattern filesize limit: qualimapReport.html
[2026-05-29 10:46:20,261] multiqc                                            [DEBUG  ]  File ignored by lima/summary because it exceeded search pattern filesize limit: qualimapReport.html
[2026-05-29 10:46:20,263] multiqc                                            [DEBUG  ]  File ignored by longranger/invocation because it exceeded search pattern filesize limit: qualimapReport.html
[2026-05-29 10:46:20,276] multiqc                                            [DEBUG  ]  File ignored by nanostat because it exceeded search pattern filesize limit: qualimapReport.html
[2026-05-29 10:46:20,295] multiqc                                            [DEBUG  ]  File ignored by ccs/v4 because it exceeded search pattern filesize limit: agogo.css
[2026-05-29 10:46:20,296] multiqc                                            [DEBUG  ]  File ignored by hicexplorer because it exceeded search pattern filesize limit: agogo.css
[2026-05-29 10:46:20,296] multiqc                                            [DEBUG  ]  File ignored by lima/summary because it exceeded search pattern filesize limit: agogo.css
[2026-05-29 10:46:20,298] multiqc                                            [DEBUG  ]  File ignored by longranger/invocation because it exceeded search pattern filesize limit: agogo.css
[2026-05-29 10:46:20,311] multiqc                                            [DEBUG  ]  File ignored by nanostat because it exceeded search pattern filesize limit: agogo.css
[2026-05-29 10:46:20,319] multiqc                                            [DEBUG  ]  File ignored by ccs/v4 because it exceeded search pattern filesize limit: basic.css
[2026-05-29 10:46:20,320] multiqc                                            [DEBUG  ]  File ignored by hicexplorer because it exceeded search pattern filesize limit: basic.css
[2026-05-29 10:46:20,321] multiqc                                            [DEBUG  ]  File ignored by lima/summary because it exceeded search pattern filesize limit: basic.css
[2026-05-29 10:46:20,322] multiqc                                            [DEBUG  ]  File ignored by longranger/invocation because it exceeded search pattern filesize limit: basic.css
[2026-05-29 10:46:20,347] multiqc                                            [DEBUG  ]  File ignored by nanostat because it exceeded search pattern filesize limit: basic.css
[2026-05-29 10:46:20,360] multiqc                                            [DEBUG  ]  File ignored by ccs/v4 because it exceeded search pattern filesize limit: doctools.js
[2026-05-29 10:46:20,361] multiqc                                            [DEBUG  ]  File ignored by hicexplorer because it exceeded search pattern filesize limit: doctools.js
[2026-05-29 10:46:20,361] multiqc                                            [DEBUG  ]  File ignored by lima/summary because it exceeded search pattern filesize limit: doctools.js
[2026-05-29 10:46:20,363] multiqc                                            [DEBUG  ]  File ignored by longranger/invocation because it exceeded search pattern filesize limit: doctools.js
[2026-05-29 10:46:20,370] multiqc                                            [DEBUG  ]  File ignored by nanostat because it exceeded search pattern filesize limit: doctools.js
[2026-05-29 10:46:20,378] multiqc                                            [DEBUG  ]  File ignored by ccs/v4 because it exceeded search pattern filesize limit: jquery.js
[2026-05-29 10:46:20,379] multiqc                                            [DEBUG  ]  File ignored by hicexplorer because it exceeded search pattern filesize limit: jquery.js
[2026-05-29 10:46:20,380] multiqc                                            [DEBUG  ]  File ignored by lima/summary because it exceeded search pattern filesize limit: jquery.js
[2026-05-29 10:46:20,382] multiqc                                            [DEBUG  ]  File ignored by longranger/invocation because it exceeded search pattern filesize limit: jquery.js
[2026-05-29 10:46:20,390] multiqc                                            [DEBUG  ]  File ignored by nanostat because it exceeded search pattern filesize limit: jquery.js
[2026-05-29 10:46:20,397] multiqc                                            [DEBUG  ]  File ignored by ccs/v4 because it exceeded search pattern filesize limit: pygments.css
[2026-05-29 10:46:20,398] multiqc                                            [DEBUG  ]  File ignored by lima/summary because it exceeded search pattern filesize limit: pygments.css
[2026-05-29 10:46:20,400] multiqc                                            [DEBUG  ]  File ignored by longranger/invocation because it exceeded search pattern filesize limit: pygments.css
[2026-05-29 10:46:20,419] multiqc                                            [DEBUG  ]  File ignored by ccs/v4 because it exceeded search pattern filesize limit: searchtools.js
[2026-05-29 10:46:20,420] multiqc                                            [DEBUG  ]  File ignored by hicexplorer because it exceeded search pattern filesize limit: searchtools.js
[2026-05-29 10:46:20,420] multiqc                                            [DEBUG  ]  File ignored by lima/summary because it exceeded search pattern filesize limit: searchtools.js
[2026-05-29 10:46:20,422] multiqc                                            [DEBUG  ]  File ignored by longranger/invocation because it exceeded search pattern filesize limit: searchtools.js
[2026-05-29 10:46:20,440] multiqc                                            [DEBUG  ]  File ignored by nanostat because it exceeded search pattern filesize limit: searchtools.js
[2026-05-29 10:46:20,444] multiqc                                            [DEBUG  ]  File ignored by ccs/v4 because it exceeded search pattern filesize limit: underscore.js
[2026-05-29 10:46:20,445] multiqc                                            [DEBUG  ]  File ignored by hicexplorer because it exceeded search pattern filesize limit: underscore.js
[2026-05-29 10:46:20,446] multiqc                                            [DEBUG  ]  File ignored by lima/summary because it exceeded search pattern filesize limit: underscore.js
[2026-05-29 10:46:20,452] multiqc                                            [DEBUG  ]  File ignored by longranger/invocation because it exceeded search pattern filesize limit: underscore.js
[2026-05-29 10:46:20,460] multiqc                                            [DEBUG  ]  File ignored by nanostat because it exceeded search pattern filesize limit: underscore.js
[2026-05-29 10:46:20,469] multiqc                                            [DEBUG  ]  File ignored by ccs/v4 because it exceeded search pattern filesize limit: websupport.js
[2026-05-29 10:46:20,470] multiqc                                            [DEBUG  ]  File ignored by hicexplorer because it exceeded search pattern filesize limit: websupport.js
[2026-05-29 10:46:20,470] multiqc                                            [DEBUG  ]  File ignored by lima/summary because it exceeded search pattern filesize limit: websupport.js
[2026-05-29 10:46:20,472] multiqc                                            [DEBUG  ]  File ignored by longranger/invocation because it exceeded search pattern filesize limit: websupport.js
[2026-05-29 10:46:20,494] multiqc                                            [DEBUG  ]  File ignored by nanostat because it exceeded search pattern filesize limit: websupport.js
[2026-05-29 10:46:20,501] multiqc                                            [DEBUG  ]  File ignored by ccs/v4 because it exceeded search pattern filesize limit: coverage_profile_along_genes_(low).txt
[2026-05-29 10:46:20,502] multiqc                                            [DEBUG  ]  File ignored by lima/summary because it exceeded search pattern filesize limit: coverage_profile_along_genes_(low).txt
[2026-05-29 10:46:20,504] multiqc                                            [DEBUG  ]  File ignored by longranger/invocation because it exceeded search pattern filesize limit: coverage_profile_along_genes_(low).txt
[2026-05-29 10:46:20,512] multiqc                                            [DEBUG  ]  File ignored by ccs/v4 because it exceeded search pattern filesize limit: coverage_profile_along_genes_(high).txt
[2026-05-29 10:46:20,513] multiqc                                            [DEBUG  ]  File ignored by lima/summary because it exceeded search pattern filesize limit: coverage_profile_along_genes_(high).txt
[2026-05-29 10:46:20,515] multiqc                                            [DEBUG  ]  File ignored by longranger/invocation because it exceeded search pattern filesize limit: coverage_profile_along_genes_(high).txt
[2026-05-29 10:46:20,523] multiqc                                            [DEBUG  ]  File ignored by ccs/v4 because it exceeded search pattern filesize limit: qualimapReport.html
[2026-05-29 10:46:20,524] multiqc                                            [DEBUG  ]  File ignored by hicexplorer because it exceeded search pattern filesize limit: qualimapReport.html
[2026-05-29 10:46:20,524] multiqc                                            [DEBUG  ]  File ignored by lima/summary because it exceeded search pattern filesize limit: qualimapReport.html
[2026-05-29 10:46:20,527] multiqc                                            [DEBUG  ]  File ignored by longranger/invocation because it exceeded search pattern filesize limit: qualimapReport.html
[2026-05-29 10:46:20,548] multiqc                                            [DEBUG  ]  File ignored by nanostat because it exceeded search pattern filesize limit: qualimapReport.html
[2026-05-29 10:46:20,562] multiqc                                            [DEBUG  ]  File ignored by ccs/v4 because it exceeded search pattern filesize limit: agogo.css
[2026-05-29 10:46:20,563] multiqc                                            [DEBUG  ]  File ignored by hicexplorer because it exceeded search pattern filesize limit: agogo.css
[2026-05-29 10:46:20,563] multiqc                                            [DEBUG  ]  File ignored by lima/summary because it exceeded search pattern filesize limit: agogo.css
[2026-05-29 10:46:20,565] multiqc                                            [DEBUG  ]  File ignored by longranger/invocation because it exceeded search pattern filesize limit: agogo.css
[2026-05-29 10:46:20,575] multiqc                                            [DEBUG  ]  File ignored by nanostat because it exceeded search pattern filesize limit: agogo.css
[2026-05-29 10:46:20,581] multiqc                                            [DEBUG  ]  File ignored by ccs/v4 because it exceeded search pattern filesize limit: basic.css
[2026-05-29 10:46:20,582] multiqc                                            [DEBUG  ]  File ignored by hicexplorer because it exceeded search pattern filesize limit: basic.css
[2026-05-29 10:46:20,582] multiqc                                            [DEBUG  ]  File ignored by lima/summary because it exceeded search pattern filesize limit: basic.css
[2026-05-29 10:46:20,584] multiqc                                            [DEBUG  ]  File ignored by longranger/invocation because it exceeded search pattern filesize limit: basic.css
[2026-05-29 10:46:20,600] multiqc                                            [DEBUG  ]  File ignored by nanostat because it exceeded search pattern filesize limit: basic.css
[2026-05-29 10:46:20,612] multiqc                                            [DEBUG  ]  File ignored by ccs/v4 because it exceeded search pattern filesize limit: doctools.js
[2026-05-29 10:46:20,613] multiqc                                            [DEBUG  ]  File ignored by hicexplorer because it exceeded search pattern filesize limit: doctools.js
[2026-05-29 10:46:20,614] multiqc                                            [DEBUG  ]  File ignored by lima/summary because it exceeded search pattern filesize limit: doctools.js
[2026-05-29 10:46:20,615] multiqc                                            [DEBUG  ]  File ignored by longranger/invocation because it exceeded search pattern filesize limit: doctools.js
[2026-05-29 10:46:20,624] multiqc                                            [DEBUG  ]  File ignored by nanostat because it exceeded search pattern filesize limit: doctools.js
[2026-05-29 10:46:20,636] multiqc                                            [DEBUG  ]  File ignored by ccs/v4 because it exceeded search pattern filesize limit: jquery.js
[2026-05-29 10:46:20,637] multiqc                                            [DEBUG  ]  File ignored by hicexplorer because it exceeded search pattern filesize limit: jquery.js
[2026-05-29 10:46:20,637] multiqc                                            [DEBUG  ]  File ignored by lima/summary because it exceeded search pattern filesize limit: jquery.js
[2026-05-29 10:46:20,639] multiqc                                            [DEBUG  ]  File ignored by longranger/invocation because it exceeded search pattern filesize limit: jquery.js
[2026-05-29 10:46:20,653] multiqc                                            [DEBUG  ]  File ignored by nanostat because it exceeded search pattern filesize limit: jquery.js
[2026-05-29 10:46:20,662] multiqc                                            [DEBUG  ]  File ignored by ccs/v4 because it exceeded search pattern filesize limit: pygments.css
[2026-05-29 10:46:20,664] multiqc                                            [DEBUG  ]  File ignored by lima/summary because it exceeded search pattern filesize limit: pygments.css
[2026-05-29 10:46:20,666] multiqc                                            [DEBUG  ]  File ignored by longranger/invocation because it exceeded search pattern filesize limit: pygments.css
[2026-05-29 10:46:20,686] multiqc                                            [DEBUG  ]  File ignored by ccs/v4 because it exceeded search pattern filesize limit: searchtools.js
[2026-05-29 10:46:20,687] multiqc                                            [DEBUG  ]  File ignored by hicexplorer because it exceeded search pattern filesize limit: searchtools.js
[2026-05-29 10:46:20,687] multiqc                                            [DEBUG  ]  File ignored by lima/summary because it exceeded search pattern filesize limit: searchtools.js
[2026-05-29 10:46:20,689] multiqc                                            [DEBUG  ]  File ignored by longranger/invocation because it exceeded search pattern filesize limit: searchtools.js
[2026-05-29 10:46:20,705] multiqc                                            [DEBUG  ]  File ignored by nanostat because it exceeded search pattern filesize limit: searchtools.js
[2026-05-29 10:46:20,709] multiqc                                            [DEBUG  ]  File ignored by ccs/v4 because it exceeded search pattern filesize limit: underscore.js
[2026-05-29 10:46:20,710] multiqc                                            [DEBUG  ]  File ignored by hicexplorer because it exceeded search pattern filesize limit: underscore.js
[2026-05-29 10:46:20,710] multiqc                                            [DEBUG  ]  File ignored by lima/summary because it exceeded search pattern filesize limit: underscore.js
[2026-05-29 10:46:20,712] multiqc                                            [DEBUG  ]  File ignored by longranger/invocation because it exceeded search pattern filesize limit: underscore.js
[2026-05-29 10:46:20,715] multiqc                                            [DEBUG  ]  File ignored by nanostat because it exceeded search pattern filesize limit: underscore.js
[2026-05-29 10:46:20,722] multiqc                                            [DEBUG  ]  File ignored by ccs/v4 because it exceeded search pattern filesize limit: websupport.js
[2026-05-29 10:46:20,723] multiqc                                            [DEBUG  ]  File ignored by hicexplorer because it exceeded search pattern filesize limit: websupport.js
[2026-05-29 10:46:20,723] multiqc                                            [DEBUG  ]  File ignored by lima/summary because it exceeded search pattern filesize limit: websupport.js
[2026-05-29 10:46:20,725] multiqc                                            [DEBUG  ]  File ignored by longranger/invocation because it exceeded search pattern filesize limit: websupport.js
[2026-05-29 10:46:20,752] multiqc                                            [DEBUG  ]  File ignored by nanostat because it exceeded search pattern filesize limit: websupport.js
[2026-05-29 10:46:20,762] multiqc                                            [DEBUG  ]  File ignored by ccs/v4 because it exceeded search pattern filesize limit: coverage_profile_along_genes_(low).txt
[2026-05-29 10:46:20,763] multiqc                                            [DEBUG  ]  File ignored by lima/summary because it exceeded search pattern filesize limit: coverage_profile_along_genes_(low).txt
[2026-05-29 10:46:20,765] multiqc                                            [DEBUG  ]  File ignored by longranger/invocation because it exceeded search pattern filesize limit: coverage_profile_along_genes_(low).txt
[2026-05-29 10:46:20,776] multiqc                                            [DEBUG  ]  File ignored by ccs/v4 because it exceeded search pattern filesize limit: coverage_profile_along_genes_(high).txt
[2026-05-29 10:46:20,778] multiqc                                            [DEBUG  ]  File ignored by lima/summary because it exceeded search pattern filesize limit: coverage_profile_along_genes_(high).txt
[2026-05-29 10:46:20,781] multiqc                                            [DEBUG  ]  File ignored by longranger/invocation because it exceeded search pattern filesize limit: coverage_profile_along_genes_(high).txt
[2026-05-29 10:46:20,790] multiqc                                            [DEBUG  ]  File ignored by ccs/v4 because it exceeded search pattern filesize limit: qualimapReport.html
[2026-05-29 10:46:20,791] multiqc                                            [DEBUG  ]  File ignored by hicexplorer because it exceeded search pattern filesize limit: qualimapReport.html
[2026-05-29 10:46:20,791] multiqc                                            [DEBUG  ]  File ignored by lima/summary because it exceeded search pattern filesize limit: qualimapReport.html
[2026-05-29 10:46:20,793] multiqc                                            [DEBUG  ]  File ignored by longranger/invocation because it exceeded search pattern filesize limit: qualimapReport.html
[2026-05-29 10:46:20,801] multiqc                                            [DEBUG  ]  File ignored by nanostat because it exceeded search pattern filesize limit: qualimapReport.html
[2026-05-29 10:46:20,821] multiqc                                            [DEBUG  ]  File ignored by ccs/v4 because it exceeded search pattern filesize limit: agogo.css
[2026-05-29 10:46:20,822] multiqc                                            [DEBUG  ]  File ignored by hicexplorer because it exceeded search pattern filesize limit: agogo.css
[2026-05-29 10:46:20,822] multiqc                                            [DEBUG  ]  File ignored by lima/summary because it exceeded search pattern filesize limit: agogo.css
[2026-05-29 10:46:20,824] multiqc                                            [DEBUG  ]  File ignored by longranger/invocation because it exceeded search pattern filesize limit: agogo.css
[2026-05-29 10:46:20,834] multiqc                                            [DEBUG  ]  File ignored by nanostat because it exceeded search pattern filesize limit: agogo.css
[2026-05-29 10:46:20,840] multiqc                                            [DEBUG  ]  File ignored by ccs/v4 because it exceeded search pattern filesize limit: basic.css
[2026-05-29 10:46:20,841] multiqc                                            [DEBUG  ]  File ignored by hicexplorer because it exceeded search pattern filesize limit: basic.css
[2026-05-29 10:46:20,841] multiqc                                            [DEBUG  ]  File ignored by lima/summary because it exceeded search pattern filesize limit: basic.css
[2026-05-29 10:46:20,843] multiqc                                            [DEBUG  ]  File ignored by longranger/invocation because it exceeded search pattern filesize limit: basic.css
[2026-05-29 10:46:20,854] multiqc                                            [DEBUG  ]  File ignored by nanostat because it exceeded search pattern filesize limit: basic.css
[2026-05-29 10:46:20,871] multiqc                                            [DEBUG  ]  File ignored by ccs/v4 because it exceeded search pattern filesize limit: doctools.js
[2026-05-29 10:46:20,872] multiqc                                            [DEBUG  ]  File ignored by hicexplorer because it exceeded search pattern filesize limit: doctools.js
[2026-05-29 10:46:20,872] multiqc                                            [DEBUG  ]  File ignored by lima/summary because it exceeded search pattern filesize limit: doctools.js
[2026-05-29 10:46:20,875] multiqc                                            [DEBUG  ]  File ignored by longranger/invocation because it exceeded search pattern filesize limit: doctools.js
[2026-05-29 10:46:20,885] multiqc                                            [DEBUG  ]  File ignored by nanostat because it exceeded search pattern filesize limit: doctools.js
[2026-05-29 10:46:20,895] multiqc                                            [DEBUG  ]  File ignored by ccs/v4 because it exceeded search pattern filesize limit: jquery.js
[2026-05-29 10:46:20,896] multiqc                                            [DEBUG  ]  File ignored by hicexplorer because it exceeded search pattern filesize limit: jquery.js
[2026-05-29 10:46:20,897] multiqc                                            [DEBUG  ]  File ignored by lima/summary because it exceeded search pattern filesize limit: jquery.js
[2026-05-29 10:46:20,900] multiqc                                            [DEBUG  ]  File ignored by longranger/invocation because it exceeded search pattern filesize limit: jquery.js
[2026-05-29 10:46:20,916] multiqc                                            [DEBUG  ]  File ignored by nanostat because it exceeded search pattern filesize limit: jquery.js
[2026-05-29 10:46:20,927] multiqc                                            [DEBUG  ]  File ignored by ccs/v4 because it exceeded search pattern filesize limit: pygments.css
[2026-05-29 10:46:20,928] multiqc                                            [DEBUG  ]  File ignored by lima/summary because it exceeded search pattern filesize limit: pygments.css
[2026-05-29 10:46:20,930] multiqc                                            [DEBUG  ]  File ignored by longranger/invocation because it exceeded search pattern filesize limit: pygments.css
[2026-05-29 10:46:20,949] multiqc                                            [DEBUG  ]  File ignored by ccs/v4 because it exceeded search pattern filesize limit: searchtools.js
[2026-05-29 10:46:20,950] multiqc                                            [DEBUG  ]  File ignored by hicexplorer because it exceeded search pattern filesize limit: searchtools.js
[2026-05-29 10:46:20,950] multiqc                                            [DEBUG  ]  File ignored by lima/summary because it exceeded search pattern filesize limit: searchtools.js
[2026-05-29 10:46:20,952] multiqc                                            [DEBUG  ]  File ignored by longranger/invocation because it exceeded search pattern filesize limit: searchtools.js
[2026-05-29 10:46:20,976] multiqc                                            [DEBUG  ]  File ignored by nanostat because it exceeded search pattern filesize limit: searchtools.js
[2026-05-29 10:46:20,980] multiqc                                            [DEBUG  ]  File ignored by ccs/v4 because it exceeded search pattern filesize limit: underscore.js
[2026-05-29 10:46:20,981] multiqc                                            [DEBUG  ]  File ignored by hicexplorer because it exceeded search pattern filesize limit: underscore.js
[2026-05-29 10:46:20,981] multiqc                                            [DEBUG  ]  File ignored by lima/summary because it exceeded search pattern filesize limit: underscore.js
[2026-05-29 10:46:20,983] multiqc                                            [DEBUG  ]  File ignored by longranger/invocation because it exceeded search pattern filesize limit: underscore.js
[2026-05-29 10:46:20,987] multiqc                                            [DEBUG  ]  File ignored by nanostat because it exceeded search pattern filesize limit: underscore.js
[2026-05-29 10:46:20,994] multiqc                                            [DEBUG  ]  File ignored by ccs/v4 because it exceeded search pattern filesize limit: websupport.js
[2026-05-29 10:46:20,995] multiqc                                            [DEBUG  ]  File ignored by hicexplorer because it exceeded search pattern filesize limit: websupport.js
[2026-05-29 10:46:20,996] multiqc                                            [DEBUG  ]  File ignored by lima/summary because it exceeded search pattern filesize limit: websupport.js
[2026-05-29 10:46:20,999] multiqc                                            [DEBUG  ]  File ignored by longranger/invocation because it exceeded search pattern filesize limit: websupport.js
[2026-05-29 10:46:21,018] multiqc                                            [DEBUG  ]  File ignored by nanostat because it exceeded search pattern filesize limit: websupport.js
[2026-05-29 10:46:21,023] multiqc                                            [DEBUG  ]  File ignored by ccs/v4 because it exceeded search pattern filesize limit: coverage_profile_along_genes_(low).txt
[2026-05-29 10:46:21,026] multiqc                                            [DEBUG  ]  File ignored by lima/summary because it exceeded search pattern filesize limit: coverage_profile_along_genes_(low).txt
[2026-05-29 10:46:21,030] multiqc                                            [DEBUG  ]  File ignored by longranger/invocation because it exceeded search pattern filesize limit: coverage_profile_along_genes_(low).txt
[2026-05-29 10:46:21,041] multiqc                                            [DEBUG  ]  File ignored by ccs/v4 because it exceeded search pattern filesize limit: coverage_profile_along_genes_(high).txt
[2026-05-29 10:46:21,042] multiqc                                            [DEBUG  ]  File ignored by lima/summary because it exceeded search pattern filesize limit: coverage_profile_along_genes_(high).txt
[2026-05-29 10:46:21,044] multiqc                                            [DEBUG  ]  File ignored by longranger/invocation because it exceeded search pattern filesize limit: coverage_profile_along_genes_(high).txt
[2026-05-29 10:46:21,053] multiqc                                            [DEBUG  ]  File ignored by ccs/v4 because it exceeded search pattern filesize limit: qualimapReport.html
[2026-05-29 10:46:21,054] multiqc                                            [DEBUG  ]  File ignored by hicexplorer because it exceeded search pattern filesize limit: qualimapReport.html
[2026-05-29 10:46:21,055] multiqc                                            [DEBUG  ]  File ignored by lima/summary because it exceeded search pattern filesize limit: qualimapReport.html
[2026-05-29 10:46:21,057] multiqc                                            [DEBUG  ]  File ignored by longranger/invocation because it exceeded search pattern filesize limit: qualimapReport.html
[2026-05-29 10:46:21,065] multiqc                                            [DEBUG  ]  File ignored by nanostat because it exceeded search pattern filesize limit: qualimapReport.html
[2026-05-29 10:46:21,080] multiqc                                            [DEBUG  ]  File ignored by ccs/v4 because it exceeded search pattern filesize limit: agogo.css
[2026-05-29 10:46:21,081] multiqc                                            [DEBUG  ]  File ignored by hicexplorer because it exceeded search pattern filesize limit: agogo.css
[2026-05-29 10:46:21,081] multiqc                                            [DEBUG  ]  File ignored by lima/summary because it exceeded search pattern filesize limit: agogo.css
[2026-05-29 10:46:21,083] multiqc                                            [DEBUG  ]  File ignored by longranger/invocation because it exceeded search pattern filesize limit: agogo.css
[2026-05-29 10:46:21,093] multiqc                                            [DEBUG  ]  File ignored by nanostat because it exceeded search pattern filesize limit: agogo.css
[2026-05-29 10:46:21,098] multiqc                                            [DEBUG  ]  File ignored by ccs/v4 because it exceeded search pattern filesize limit: basic.css
[2026-05-29 10:46:21,099] multiqc                                            [DEBUG  ]  File ignored by hicexplorer because it exceeded search pattern filesize limit: basic.css
[2026-05-29 10:46:21,099] multiqc                                            [DEBUG  ]  File ignored by lima/summary because it exceeded search pattern filesize limit: basic.css
[2026-05-29 10:46:21,101] multiqc                                            [DEBUG  ]  File ignored by longranger/invocation because it exceeded search pattern filesize limit: basic.css
[2026-05-29 10:46:21,113] multiqc                                            [DEBUG  ]  File ignored by nanostat because it exceeded search pattern filesize limit: basic.css
[2026-05-29 10:46:21,125] multiqc                                            [DEBUG  ]  File ignored by ccs/v4 because it exceeded search pattern filesize limit: doctools.js
[2026-05-29 10:46:21,126] multiqc                                            [DEBUG  ]  File ignored by hicexplorer because it exceeded search pattern filesize limit: doctools.js
[2026-05-29 10:46:21,126] multiqc                                            [DEBUG  ]  File ignored by lima/summary because it exceeded search pattern filesize limit: doctools.js
[2026-05-29 10:46:21,128] multiqc                                            [DEBUG  ]  File ignored by longranger/invocation because it exceeded search pattern filesize limit: doctools.js
[2026-05-29 10:46:21,136] multiqc                                            [DEBUG  ]  File ignored by nanostat because it exceeded search pattern filesize limit: doctools.js
[2026-05-29 10:46:21,154] multiqc                                            [DEBUG  ]  File ignored by ccs/v4 because it exceeded search pattern filesize limit: jquery.js
[2026-05-29 10:46:21,156] multiqc                                            [DEBUG  ]  File ignored by hicexplorer because it exceeded search pattern filesize limit: jquery.js
[2026-05-29 10:46:21,156] multiqc                                            [DEBUG  ]  File ignored by lima/summary because it exceeded search pattern filesize limit: jquery.js
[2026-05-29 10:46:21,159] multiqc                                            [DEBUG  ]  File ignored by longranger/invocation because it exceeded search pattern filesize limit: jquery.js
[2026-05-29 10:46:21,171] multiqc                                            [DEBUG  ]  File ignored by nanostat because it exceeded search pattern filesize limit: jquery.js
[2026-05-29 10:46:21,178] multiqc                                            [DEBUG  ]  File ignored by ccs/v4 because it exceeded search pattern filesize limit: pygments.css
[2026-05-29 10:46:21,185] multiqc                                            [DEBUG  ]  File ignored by lima/summary because it exceeded search pattern filesize limit: pygments.css
[2026-05-29 10:46:21,187] multiqc                                            [DEBUG  ]  File ignored by longranger/invocation because it exceeded search pattern filesize limit: pygments.css
[2026-05-29 10:46:21,214] multiqc                                            [DEBUG  ]  File ignored by ccs/v4 because it exceeded search pattern filesize limit: searchtools.js
[2026-05-29 10:46:21,215] multiqc                                            [DEBUG  ]  File ignored by hicexplorer because it exceeded search pattern filesize limit: searchtools.js
[2026-05-29 10:46:21,215] multiqc                                            [DEBUG  ]  File ignored by lima/summary because it exceeded search pattern filesize limit: searchtools.js
[2026-05-29 10:46:21,219] multiqc                                            [DEBUG  ]  File ignored by longranger/invocation because it exceeded search pattern filesize limit: searchtools.js
[2026-05-29 10:46:21,237] multiqc                                            [DEBUG  ]  File ignored by nanostat because it exceeded search pattern filesize limit: searchtools.js
[2026-05-29 10:46:21,241] multiqc                                            [DEBUG  ]  File ignored by ccs/v4 because it exceeded search pattern filesize limit: underscore.js
[2026-05-29 10:46:21,242] multiqc                                            [DEBUG  ]  File ignored by hicexplorer because it exceeded search pattern filesize limit: underscore.js
[2026-05-29 10:46:21,242] multiqc                                            [DEBUG  ]  File ignored by lima/summary because it exceeded search pattern filesize limit: underscore.js
[2026-05-29 10:46:21,244] multiqc                                            [DEBUG  ]  File ignored by longranger/invocation because it exceeded search pattern filesize limit: underscore.js
[2026-05-29 10:46:21,248] multiqc                                            [DEBUG  ]  File ignored by nanostat because it exceeded search pattern filesize limit: underscore.js
[2026-05-29 10:46:21,255] multiqc                                            [DEBUG  ]  File ignored by ccs/v4 because it exceeded search pattern filesize limit: websupport.js
[2026-05-29 10:46:21,256] multiqc                                            [DEBUG  ]  File ignored by hicexplorer because it exceeded search pattern filesize limit: websupport.js
[2026-05-29 10:46:21,256] multiqc                                            [DEBUG  ]  File ignored by lima/summary because it exceeded search pattern filesize limit: websupport.js
[2026-05-29 10:46:21,258] multiqc                                            [DEBUG  ]  File ignored by longranger/invocation because it exceeded search pattern filesize limit: websupport.js
[2026-05-29 10:46:21,275] multiqc                                            [DEBUG  ]  File ignored by nanostat because it exceeded search pattern filesize limit: websupport.js
[2026-05-29 10:46:21,281] multiqc                                            [DEBUG  ]  File ignored by ccs/v4 because it exceeded search pattern filesize limit: coverage_profile_along_genes_(low).txt
[2026-05-29 10:46:21,283] multiqc                                            [DEBUG  ]  File ignored by lima/summary because it exceeded search pattern filesize limit: coverage_profile_along_genes_(low).txt
[2026-05-29 10:46:21,293] multiqc                                            [DEBUG  ]  File ignored by longranger/invocation because it exceeded search pattern filesize limit: coverage_profile_along_genes_(low).txt
[2026-05-29 10:46:21,305] multiqc                                            [DEBUG  ]  File ignored by ccs/v4 because it exceeded search pattern filesize limit: coverage_profile_along_genes_(high).txt
[2026-05-29 10:46:21,306] multiqc                                            [DEBUG  ]  File ignored by lima/summary because it exceeded search pattern filesize limit: coverage_profile_along_genes_(high).txt
[2026-05-29 10:46:21,308] multiqc                                            [DEBUG  ]  File ignored by longranger/invocation because it exceeded search pattern filesize limit: coverage_profile_along_genes_(high).txt
[2026-05-29 10:46:21,317] multiqc                                            [DEBUG  ]  File ignored by ccs/v4 because it exceeded search pattern filesize limit: qualimapReport.html
[2026-05-29 10:46:21,318] multiqc                                            [DEBUG  ]  File ignored by hicexplorer because it exceeded search pattern filesize limit: qualimapReport.html
[2026-05-29 10:46:21,318] multiqc                                            [DEBUG  ]  File ignored by lima/summary because it exceeded search pattern filesize limit: qualimapReport.html
[2026-05-29 10:46:21,320] multiqc                                            [DEBUG  ]  File ignored by longranger/invocation because it exceeded search pattern filesize limit: qualimapReport.html
[2026-05-29 10:46:21,328] multiqc                                            [DEBUG  ]  File ignored by nanostat because it exceeded search pattern filesize limit: qualimapReport.html
[2026-05-29 10:46:21,342] multiqc                                            [DEBUG  ]  File ignored by ccs/v4 because it exceeded search pattern filesize limit: agogo.css
[2026-05-29 10:46:21,343] multiqc                                            [DEBUG  ]  File ignored by hicexplorer because it exceeded search pattern filesize limit: agogo.css
[2026-05-29 10:46:21,343] multiqc                                            [DEBUG  ]  File ignored by lima/summary because it exceeded search pattern filesize limit: agogo.css
[2026-05-29 10:46:21,345] multiqc                                            [DEBUG  ]  File ignored by longranger/invocation because it exceeded search pattern filesize limit: agogo.css
[2026-05-29 10:46:21,360] multiqc                                            [DEBUG  ]  File ignored by nanostat because it exceeded search pattern filesize limit: agogo.css
[2026-05-29 10:46:21,368] multiqc                                            [DEBUG  ]  File ignored by ccs/v4 because it exceeded search pattern filesize limit: basic.css
[2026-05-29 10:46:21,369] multiqc                                            [DEBUG  ]  File ignored by hicexplorer because it exceeded search pattern filesize limit: basic.css
[2026-05-29 10:46:21,369] multiqc                                            [DEBUG  ]  File ignored by lima/summary because it exceeded search pattern filesize limit: basic.css
[2026-05-29 10:46:21,372] multiqc                                            [DEBUG  ]  File ignored by longranger/invocation because it exceeded search pattern filesize limit: basic.css
[2026-05-29 10:46:21,385] multiqc                                            [DEBUG  ]  File ignored by nanostat because it exceeded search pattern filesize limit: basic.css
[2026-05-29 10:46:21,401] multiqc                                            [DEBUG  ]  File ignored by ccs/v4 because it exceeded search pattern filesize limit: doctools.js
[2026-05-29 10:46:21,402] multiqc                                            [DEBUG  ]  File ignored by hicexplorer because it exceeded search pattern filesize limit: doctools.js
[2026-05-29 10:46:21,403] multiqc                                            [DEBUG  ]  File ignored by lima/summary because it exceeded search pattern filesize limit: doctools.js
[2026-05-29 10:46:21,406] multiqc                                            [DEBUG  ]  File ignored by longranger/invocation because it exceeded search pattern filesize limit: doctools.js
[2026-05-29 10:46:21,414] multiqc                                            [DEBUG  ]  File ignored by nanostat because it exceeded search pattern filesize limit: doctools.js
[2026-05-29 10:46:21,423] multiqc                                            [DEBUG  ]  File ignored by ccs/v4 because it exceeded search pattern filesize limit: jquery.js
[2026-05-29 10:46:21,426] multiqc                                            [DEBUG  ]  File ignored by hicexplorer because it exceeded search pattern filesize limit: jquery.js
[2026-05-29 10:46:21,426] multiqc                                            [DEBUG  ]  File ignored by lima/summary because it exceeded search pattern filesize limit: jquery.js
[2026-05-29 10:46:21,432] multiqc                                            [DEBUG  ]  File ignored by longranger/invocation because it exceeded search pattern filesize limit: jquery.js
[2026-05-29 10:46:21,446] multiqc                                            [DEBUG  ]  File ignored by nanostat because it exceeded search pattern filesize limit: jquery.js
[2026-05-29 10:46:21,453] multiqc                                            [DEBUG  ]  File ignored by ccs/v4 because it exceeded search pattern filesize limit: pygments.css
[2026-05-29 10:46:21,454] multiqc                                            [DEBUG  ]  File ignored by lima/summary because it exceeded search pattern filesize limit: pygments.css
[2026-05-29 10:46:21,456] multiqc                                            [DEBUG  ]  File ignored by longranger/invocation because it exceeded search pattern filesize limit: pygments.css
[2026-05-29 10:46:21,476] multiqc                                            [DEBUG  ]  File ignored by ccs/v4 because it exceeded search pattern filesize limit: searchtools.js
[2026-05-29 10:46:21,477] multiqc                                            [DEBUG  ]  File ignored by hicexplorer because it exceeded search pattern filesize limit: searchtools.js
[2026-05-29 10:46:21,477] multiqc                                            [DEBUG  ]  File ignored by lima/summary because it exceeded search pattern filesize limit: searchtools.js
[2026-05-29 10:46:21,479] multiqc                                            [DEBUG  ]  File ignored by longranger/invocation because it exceeded search pattern filesize limit: searchtools.js
[2026-05-29 10:46:21,492] multiqc                                            [DEBUG  ]  File ignored by nanostat because it exceeded search pattern filesize limit: searchtools.js
[2026-05-29 10:46:21,496] multiqc                                            [DEBUG  ]  File ignored by ccs/v4 because it exceeded search pattern filesize limit: underscore.js
[2026-05-29 10:46:21,500] multiqc                                            [DEBUG  ]  File ignored by hicexplorer because it exceeded search pattern filesize limit: underscore.js
[2026-05-29 10:46:21,501] multiqc                                            [DEBUG  ]  File ignored by lima/summary because it exceeded search pattern filesize limit: underscore.js
[2026-05-29 10:46:21,502] multiqc                                            [DEBUG  ]  File ignored by longranger/invocation because it exceeded search pattern filesize limit: underscore.js
[2026-05-29 10:46:21,506] multiqc                                            [DEBUG  ]  File ignored by nanostat because it exceeded search pattern filesize limit: underscore.js
[2026-05-29 10:46:21,513] multiqc                                            [DEBUG  ]  File ignored by ccs/v4 because it exceeded search pattern filesize limit: websupport.js
[2026-05-29 10:46:21,514] multiqc                                            [DEBUG  ]  File ignored by hicexplorer because it exceeded search pattern filesize limit: websupport.js
[2026-05-29 10:46:21,514] multiqc                                            [DEBUG  ]  File ignored by lima/summary because it exceeded search pattern filesize limit: websupport.js
[2026-05-29 10:46:21,516] multiqc                                            [DEBUG  ]  File ignored by longranger/invocation because it exceeded search pattern filesize limit: websupport.js
[2026-05-29 10:46:21,540] multiqc                                            [DEBUG  ]  File ignored by nanostat because it exceeded search pattern filesize limit: websupport.js
[2026-05-29 10:46:21,545] multiqc                                            [DEBUG  ]  File ignored by ccs/v4 because it exceeded search pattern filesize limit: coverage_profile_along_genes_(low).txt
[2026-05-29 10:46:21,546] multiqc                                            [DEBUG  ]  File ignored by lima/summary because it exceeded search pattern filesize limit: coverage_profile_along_genes_(low).txt
[2026-05-29 10:46:21,548] multiqc                                            [DEBUG  ]  File ignored by longranger/invocation because it exceeded search pattern filesize limit: coverage_profile_along_genes_(low).txt
[2026-05-29 10:46:21,556] multiqc                                            [DEBUG  ]  File ignored by ccs/v4 because it exceeded search pattern filesize limit: coverage_profile_along_genes_(high).txt
[2026-05-29 10:46:21,557] multiqc                                            [DEBUG  ]  File ignored by lima/summary because it exceeded search pattern filesize limit: coverage_profile_along_genes_(high).txt
[2026-05-29 10:46:21,559] multiqc                                            [DEBUG  ]  File ignored by longranger/invocation because it exceeded search pattern filesize limit: coverage_profile_along_genes_(high).txt
[2026-05-29 10:46:21,578] multiqc                                            [DEBUG  ]  File ignored by ccs/v4 because it exceeded search pattern filesize limit: qualimapReport.html
[2026-05-29 10:46:21,579] multiqc                                            [DEBUG  ]  File ignored by hicexplorer because it exceeded search pattern filesize limit: qualimapReport.html
[2026-05-29 10:46:21,580] multiqc                                            [DEBUG  ]  File ignored by lima/summary because it exceeded search pattern filesize limit: qualimapReport.html
[2026-05-29 10:46:21,583] multiqc                                            [DEBUG  ]  File ignored by longranger/invocation because it exceeded search pattern filesize limit: qualimapReport.html
[2026-05-29 10:46:21,594] multiqc                                            [DEBUG  ]  File ignored by nanostat because it exceeded search pattern filesize limit: qualimapReport.html
[2026-05-29 10:46:21,613] multiqc                                            [DEBUG  ]  File ignored by ccs/v4 because it exceeded search pattern filesize limit: agogo.css
[2026-05-29 10:46:21,614] multiqc                                            [DEBUG  ]  File ignored by hicexplorer because it exceeded search pattern filesize limit: agogo.css
[2026-05-29 10:46:21,615] multiqc                                            [DEBUG  ]  File ignored by lima/summary because it exceeded search pattern filesize limit: agogo.css
[2026-05-29 10:46:21,616] multiqc                                            [DEBUG  ]  File ignored by longranger/invocation because it exceeded search pattern filesize limit: agogo.css
[2026-05-29 10:46:21,627] multiqc                                            [DEBUG  ]  File ignored by nanostat because it exceeded search pattern filesize limit: agogo.css
[2026-05-29 10:46:21,632] multiqc                                            [DEBUG  ]  File ignored by ccs/v4 because it exceeded search pattern filesize limit: basic.css
[2026-05-29 10:46:21,633] multiqc                                            [DEBUG  ]  File ignored by hicexplorer because it exceeded search pattern filesize limit: basic.css
[2026-05-29 10:46:21,633] multiqc                                            [DEBUG  ]  File ignored by lima/summary because it exceeded search pattern filesize limit: basic.css
[2026-05-29 10:46:21,635] multiqc                                            [DEBUG  ]  File ignored by longranger/invocation because it exceeded search pattern filesize limit: basic.css
[2026-05-29 10:46:21,646] multiqc                                            [DEBUG  ]  File ignored by nanostat because it exceeded search pattern filesize limit: basic.css
[2026-05-29 10:46:21,659] multiqc                                            [DEBUG  ]  File ignored by ccs/v4 because it exceeded search pattern filesize limit: doctools.js
[2026-05-29 10:46:21,660] multiqc                                            [DEBUG  ]  File ignored by hicexplorer because it exceeded search pattern filesize limit: doctools.js
[2026-05-29 10:46:21,660] multiqc                                            [DEBUG  ]  File ignored by lima/summary because it exceeded search pattern filesize limit: doctools.js
[2026-05-29 10:46:21,662] multiqc                                            [DEBUG  ]  File ignored by longranger/invocation because it exceeded search pattern filesize limit: doctools.js
[2026-05-29 10:46:21,669] multiqc                                            [DEBUG  ]  File ignored by nanostat because it exceeded search pattern filesize limit: doctools.js
[2026-05-29 10:46:21,678] multiqc                                            [DEBUG  ]  File ignored by ccs/v4 because it exceeded search pattern filesize limit: jquery.js
[2026-05-29 10:46:21,679] multiqc                                            [DEBUG  ]  File ignored by hicexplorer because it exceeded search pattern filesize limit: jquery.js
[2026-05-29 10:46:21,679] multiqc                                            [DEBUG  ]  File ignored by lima/summary because it exceeded search pattern filesize limit: jquery.js
[2026-05-29 10:46:21,682] multiqc                                            [DEBUG  ]  File ignored by longranger/invocation because it exceeded search pattern filesize limit: jquery.js
[2026-05-29 10:46:21,700] multiqc                                            [DEBUG  ]  File ignored by nanostat because it exceeded search pattern filesize limit: jquery.js
[2026-05-29 10:46:21,707] multiqc                                            [DEBUG  ]  File ignored by ccs/v4 because it exceeded search pattern filesize limit: pygments.css
[2026-05-29 10:46:21,708] multiqc                                            [DEBUG  ]  File ignored by lima/summary because it exceeded search pattern filesize limit: pygments.css
[2026-05-29 10:46:21,710] multiqc                                            [DEBUG  ]  File ignored by longranger/invocation because it exceeded search pattern filesize limit: pygments.css
[2026-05-29 10:46:21,743] multiqc                                            [DEBUG  ]  File ignored by ccs/v4 because it exceeded search pattern filesize limit: searchtools.js
[2026-05-29 10:46:21,744] multiqc                                            [DEBUG  ]  File ignored by hicexplorer because it exceeded search pattern filesize limit: searchtools.js
[2026-05-29 10:46:21,744] multiqc                                            [DEBUG  ]  File ignored by lima/summary because it exceeded search pattern filesize limit: searchtools.js
[2026-05-29 10:46:21,746] multiqc                                            [DEBUG  ]  File ignored by longranger/invocation because it exceeded search pattern filesize limit: searchtools.js
[2026-05-29 10:46:21,764] multiqc                                            [DEBUG  ]  File ignored by nanostat because it exceeded search pattern filesize limit: searchtools.js
[2026-05-29 10:46:21,768] multiqc                                            [DEBUG  ]  File ignored by ccs/v4 because it exceeded search pattern filesize limit: underscore.js
[2026-05-29 10:46:21,769] multiqc                                            [DEBUG  ]  File ignored by hicexplorer because it exceeded search pattern filesize limit: underscore.js
[2026-05-29 10:46:21,769] multiqc                                            [DEBUG  ]  File ignored by lima/summary because it exceeded search pattern filesize limit: underscore.js
[2026-05-29 10:46:21,771] multiqc                                            [DEBUG  ]  File ignored by longranger/invocation because it exceeded search pattern filesize limit: underscore.js
[2026-05-29 10:46:21,775] multiqc                                            [DEBUG  ]  File ignored by nanostat because it exceeded search pattern filesize limit: underscore.js
[2026-05-29 10:46:21,781] multiqc                                            [DEBUG  ]  File ignored by ccs/v4 because it exceeded search pattern filesize limit: websupport.js
[2026-05-29 10:46:21,782] multiqc                                            [DEBUG  ]  File ignored by hicexplorer because it exceeded search pattern filesize limit: websupport.js
[2026-05-29 10:46:21,782] multiqc                                            [DEBUG  ]  File ignored by lima/summary because it exceeded search pattern filesize limit: websupport.js
[2026-05-29 10:46:21,785] multiqc                                            [DEBUG  ]  File ignored by longranger/invocation because it exceeded search pattern filesize limit: websupport.js
[2026-05-29 10:46:21,810] multiqc                                            [DEBUG  ]  File ignored by nanostat because it exceeded search pattern filesize limit: websupport.js
[2026-05-29 10:46:21,815] multiqc                                            [DEBUG  ]  File ignored by ccs/v4 because it exceeded search pattern filesize limit: coverage_profile_along_genes_(low).txt
[2026-05-29 10:46:21,816] multiqc                                            [DEBUG  ]  File ignored by lima/summary because it exceeded search pattern filesize limit: coverage_profile_along_genes_(low).txt
[2026-05-29 10:46:21,819] multiqc                                            [DEBUG  ]  File ignored by longranger/invocation because it exceeded search pattern filesize limit: coverage_profile_along_genes_(low).txt
[2026-05-29 10:46:21,832] multiqc                                            [DEBUG  ]  File ignored by ccs/v4 because it exceeded search pattern filesize limit: coverage_profile_along_genes_(high).txt
[2026-05-29 10:46:21,833] multiqc                                            [DEBUG  ]  File ignored by lima/summary because it exceeded search pattern filesize limit: coverage_profile_along_genes_(high).txt
[2026-05-29 10:46:21,835] multiqc                                            [DEBUG  ]  File ignored by longranger/invocation because it exceeded search pattern filesize limit: coverage_profile_along_genes_(high).txt
[2026-05-29 10:46:21,843] multiqc                                            [DEBUG  ]  File ignored by ccs/v4 because it exceeded search pattern filesize limit: qualimapReport.html
[2026-05-29 10:46:21,844] multiqc                                            [DEBUG  ]  File ignored by hicexplorer because it exceeded search pattern filesize limit: qualimapReport.html
[2026-05-29 10:46:21,845] multiqc                                            [DEBUG  ]  File ignored by lima/summary because it exceeded search pattern filesize limit: qualimapReport.html
[2026-05-29 10:46:21,847] multiqc                                            [DEBUG  ]  File ignored by longranger/invocation because it exceeded search pattern filesize limit: qualimapReport.html
[2026-05-29 10:46:21,855] multiqc                                            [DEBUG  ]  File ignored by nanostat because it exceeded search pattern filesize limit: qualimapReport.html
[2026-05-29 10:46:21,869] multiqc                                            [DEBUG  ]  File ignored by ccs/v4 because it exceeded search pattern filesize limit: agogo.css
[2026-05-29 10:46:21,870] multiqc                                            [DEBUG  ]  File ignored by hicexplorer because it exceeded search pattern filesize limit: agogo.css
[2026-05-29 10:46:21,870] multiqc                                            [DEBUG  ]  File ignored by lima/summary because it exceeded search pattern filesize limit: agogo.css
[2026-05-29 10:46:21,872] multiqc                                            [DEBUG  ]  File ignored by longranger/invocation because it exceeded search pattern filesize limit: agogo.css
[2026-05-29 10:46:21,882] multiqc                                            [DEBUG  ]  File ignored by nanostat because it exceeded search pattern filesize limit: agogo.css
[2026-05-29 10:46:21,887] multiqc                                            [DEBUG  ]  File ignored by ccs/v4 because it exceeded search pattern filesize limit: basic.css
[2026-05-29 10:46:21,888] multiqc                                            [DEBUG  ]  File ignored by hicexplorer because it exceeded search pattern filesize limit: basic.css
[2026-05-29 10:46:21,888] multiqc                                            [DEBUG  ]  File ignored by lima/summary because it exceeded search pattern filesize limit: basic.css
[2026-05-29 10:46:21,890] multiqc                                            [DEBUG  ]  File ignored by longranger/invocation because it exceeded search pattern filesize limit: basic.css
[2026-05-29 10:46:21,913] multiqc                                            [DEBUG  ]  File ignored by nanostat because it exceeded search pattern filesize limit: basic.css
[2026-05-29 10:46:21,928] multiqc                                            [DEBUG  ]  File ignored by ccs/v4 because it exceeded search pattern filesize limit: doctools.js
[2026-05-29 10:46:21,929] multiqc                                            [DEBUG  ]  File ignored by hicexplorer because it exceeded search pattern filesize limit: doctools.js
[2026-05-29 10:46:21,930] multiqc                                            [DEBUG  ]  File ignored by lima/summary because it exceeded search pattern filesize limit: doctools.js
[2026-05-29 10:46:21,932] multiqc                                            [DEBUG  ]  File ignored by longranger/invocation because it exceeded search pattern filesize limit: doctools.js
[2026-05-29 10:46:21,939] multiqc                                            [DEBUG  ]  File ignored by nanostat because it exceeded search pattern filesize limit: doctools.js
[2026-05-29 10:46:21,947] multiqc                                            [DEBUG  ]  File ignored by ccs/v4 because it exceeded search pattern filesize limit: jquery.js
[2026-05-29 10:46:21,948] multiqc                                            [DEBUG  ]  File ignored by hicexplorer because it exceeded search pattern filesize limit: jquery.js
[2026-05-29 10:46:21,948] multiqc                                            [DEBUG  ]  File ignored by lima/summary because it exceeded search pattern filesize limit: jquery.js
[2026-05-29 10:46:21,950] multiqc                                            [DEBUG  ]  File ignored by longranger/invocation because it exceeded search pattern filesize limit: jquery.js
[2026-05-29 10:46:21,959] multiqc                                            [DEBUG  ]  File ignored by nanostat because it exceeded search pattern filesize limit: jquery.js
[2026-05-29 10:46:21,966] multiqc                                            [DEBUG  ]  File ignored by ccs/v4 because it exceeded search pattern filesize limit: pygments.css
[2026-05-29 10:46:21,967] multiqc                                            [DEBUG  ]  File ignored by lima/summary because it exceeded search pattern filesize limit: pygments.css
[2026-05-29 10:46:21,969] multiqc                                            [DEBUG  ]  File ignored by longranger/invocation because it exceeded search pattern filesize limit: pygments.css
[2026-05-29 10:46:21,988] multiqc                                            [DEBUG  ]  File ignored by ccs/v4 because it exceeded search pattern filesize limit: searchtools.js
[2026-05-29 10:46:21,989] multiqc                                            [DEBUG  ]  File ignored by hicexplorer because it exceeded search pattern filesize limit: searchtools.js
[2026-05-29 10:46:21,989] multiqc                                            [DEBUG  ]  File ignored by lima/summary because it exceeded search pattern filesize limit: searchtools.js
[2026-05-29 10:46:21,991] multiqc                                            [DEBUG  ]  File ignored by longranger/invocation because it exceeded search pattern filesize limit: searchtools.js
[2026-05-29 10:46:22,015] multiqc                                            [DEBUG  ]  File ignored by nanostat because it exceeded search pattern filesize limit: searchtools.js
[2026-05-29 10:46:22,019] multiqc                                            [DEBUG  ]  File ignored by ccs/v4 because it exceeded search pattern filesize limit: underscore.js
[2026-05-29 10:46:22,020] multiqc                                            [DEBUG  ]  File ignored by hicexplorer because it exceeded search pattern filesize limit: underscore.js
[2026-05-29 10:46:22,020] multiqc                                            [DEBUG  ]  File ignored by lima/summary because it exceeded search pattern filesize limit: underscore.js
[2026-05-29 10:46:22,022] multiqc                                            [DEBUG  ]  File ignored by longranger/invocation because it exceeded search pattern filesize limit: underscore.js
[2026-05-29 10:46:22,025] multiqc                                            [DEBUG  ]  File ignored by nanostat because it exceeded search pattern filesize limit: underscore.js
[2026-05-29 10:46:22,038] multiqc                                            [DEBUG  ]  File ignored by ccs/v4 because it exceeded search pattern filesize limit: websupport.js
[2026-05-29 10:46:22,039] multiqc                                            [DEBUG  ]  File ignored by hicexplorer because it exceeded search pattern filesize limit: websupport.js
[2026-05-29 10:46:22,039] multiqc                                            [DEBUG  ]  File ignored by lima/summary because it exceeded search pattern filesize limit: websupport.js
[2026-05-29 10:46:22,041] multiqc                                            [DEBUG  ]  File ignored by longranger/invocation because it exceeded search pattern filesize limit: websupport.js
[2026-05-29 10:46:22,058] multiqc                                            [DEBUG  ]  File ignored by nanostat because it exceeded search pattern filesize limit: websupport.js
[2026-05-29 10:46:22,063] multiqc                                            [DEBUG  ]  File ignored by ccs/v4 because it exceeded search pattern filesize limit: coverage_profile_along_genes_(low).txt
[2026-05-29 10:46:22,064] multiqc                                            [DEBUG  ]  File ignored by lima/summary because it exceeded search pattern filesize limit: coverage_profile_along_genes_(low).txt
[2026-05-29 10:46:22,066] multiqc                                            [DEBUG  ]  File ignored by longranger/invocation because it exceeded search pattern filesize limit: coverage_profile_along_genes_(low).txt
[2026-05-29 10:46:22,074] multiqc                                            [DEBUG  ]  File ignored by ccs/v4 because it exceeded search pattern filesize limit: coverage_profile_along_genes_(high).txt
[2026-05-29 10:46:22,075] multiqc                                            [DEBUG  ]  File ignored by lima/summary because it exceeded search pattern filesize limit: coverage_profile_along_genes_(high).txt
[2026-05-29 10:46:22,077] multiqc                                            [DEBUG  ]  File ignored by longranger/invocation because it exceeded search pattern filesize limit: coverage_profile_along_genes_(high).txt
[2026-05-29 10:46:22,092] multiqc                                            [DEBUG  ]  File ignored by ccs/v4 because it exceeded search pattern filesize limit: POR_R1_H1_Log.out
[2026-05-29 10:46:22,095] multiqc                                            [DEBUG  ]  File ignored by hicexplorer because it exceeded search pattern filesize limit: POR_R1_H1_Log.out
[2026-05-29 10:46:22,096] multiqc                                            [DEBUG  ]  File ignored by lima/summary because it exceeded search pattern filesize limit: POR_R1_H1_Log.out
[2026-05-29 10:46:22,098] multiqc                                            [DEBUG  ]  File ignored by longranger/invocation because it exceeded search pattern filesize limit: POR_R1_H1_Log.out
[2026-05-29 10:46:22,118] multiqc                                            [DEBUG  ]  File ignored by nanostat because it exceeded search pattern filesize limit: POR_R1_H1_Log.out
[2026-05-29 10:46:22,133] multiqc                                            [DEBUG  ]  File ignored by ccs/v4 because it exceeded search pattern filesize limit: POR_R72_H1_Log.out
[2026-05-29 10:46:22,134] multiqc                                            [DEBUG  ]  File ignored by hicexplorer because it exceeded search pattern filesize limit: POR_R72_H1_Log.out
[2026-05-29 10:46:22,134] multiqc                                            [DEBUG  ]  File ignored by lima/summary because it exceeded search pattern filesize limit: POR_R72_H1_Log.out
[2026-05-29 10:46:22,143] multiqc                                            [DEBUG  ]  File ignored by longranger/invocation because it exceeded search pattern filesize limit: POR_R72_H1_Log.out
[2026-05-29 10:46:22,172] multiqc                                            [DEBUG  ]  File ignored by nanostat because it exceeded search pattern filesize limit: POR_R72_H1_Log.out
[2026-05-29 10:46:22,176] multiqc                                            [DEBUG  ]  Ignoring file as matched an ignore pattern: POR_R72_C2_Aligned.sortedByCoord.out.bam
[2026-05-29 10:46:22,181] multiqc                                            [DEBUG  ]  File ignored by ccs/v4 because it exceeded search pattern filesize limit: POR_R12_C2_Log.out
[2026-05-29 10:46:22,182] multiqc                                            [DEBUG  ]  File ignored by hicexplorer because it exceeded search pattern filesize limit: POR_R12_C2_Log.out
[2026-05-29 10:46:22,182] multiqc                                            [DEBUG  ]  File ignored by lima/summary because it exceeded search pattern filesize limit: POR_R12_C2_Log.out
[2026-05-29 10:46:22,184] multiqc                                            [DEBUG  ]  File ignored by longranger/invocation because it exceeded search pattern filesize limit: POR_R12_C2_Log.out
[2026-05-29 10:46:22,201] multiqc                                            [DEBUG  ]  File ignored by nanostat because it exceeded search pattern filesize limit: POR_R12_C2_Log.out
[2026-05-29 10:46:22,205] multiqc                                            [DEBUG  ]  File ignored by ccs/v4 because it exceeded search pattern filesize limit: POR_R120_H2_Log.progress.out
[2026-05-29 10:46:22,206] multiqc                                            [DEBUG  ]  File ignored by lima/summary because it exceeded search pattern filesize limit: POR_R120_H2_Log.progress.out
[2026-05-29 10:46:22,226] multiqc                                            [DEBUG  ]  File ignored by ccs/v4 because it exceeded search pattern filesize limit: POR_R1_C3_Log.out
[2026-05-29 10:46:22,227] multiqc                                            [DEBUG  ]  File ignored by hicexplorer because it exceeded search pattern filesize limit: POR_R1_C3_Log.out
[2026-05-29 10:46:22,228] multiqc                                            [DEBUG  ]  File ignored by lima/summary because it exceeded search pattern filesize limit: POR_R1_C3_Log.out
[2026-05-29 10:46:22,230] multiqc                                            [DEBUG  ]  File ignored by longranger/invocation because it exceeded search pattern filesize limit: POR_R1_C3_Log.out
[2026-05-29 10:46:22,263] multiqc                                            [DEBUG  ]  File ignored by nanostat because it exceeded search pattern filesize limit: POR_R1_C3_Log.out
[2026-05-29 10:46:22,279] multiqc                                            [DEBUG  ]  File ignored by ccs/v4 because it exceeded search pattern filesize limit: POR_R72_C3_Log.out
[2026-05-29 10:46:22,280] multiqc                                            [DEBUG  ]  File ignored by hicexplorer because it exceeded search pattern filesize limit: POR_R72_C3_Log.out
[2026-05-29 10:46:22,280] multiqc                                            [DEBUG  ]  File ignored by lima/summary because it exceeded search pattern filesize limit: POR_R72_C3_Log.out
[2026-05-29 10:46:22,282] multiqc                                            [DEBUG  ]  File ignored by longranger/invocation because it exceeded search pattern filesize limit: POR_R72_C3_Log.out
[2026-05-29 10:46:22,308] multiqc                                            [DEBUG  ]  File ignored by nanostat because it exceeded search pattern filesize limit: POR_R72_C3_Log.out
[2026-05-29 10:46:22,312] multiqc                                            [DEBUG  ]  Ignoring file as matched an ignore pattern: POR_R0_C2_Aligned.sortedByCoord.out.bam
[2026-05-29 10:46:22,312] multiqc                                            [DEBUG  ]  Ignoring file as matched an ignore pattern: POR_R12_C2_Aligned.sortedByCoord.out.bam
[2026-05-29 10:46:22,334] multiqc                                            [DEBUG  ]  File ignored by ccs/v4 because it exceeded search pattern filesize limit: POR_R24_C2_Log.out
[2026-05-29 10:46:22,335] multiqc                                            [DEBUG  ]  File ignored by hicexplorer because it exceeded search pattern filesize limit: POR_R24_C2_Log.out
[2026-05-29 10:46:22,335] multiqc                                            [DEBUG  ]  File ignored by lima/summary because it exceeded search pattern filesize limit: POR_R24_C2_Log.out
[2026-05-29 10:46:22,337] multiqc                                            [DEBUG  ]  File ignored by longranger/invocation because it exceeded search pattern filesize limit: POR_R24_C2_Log.out
[2026-05-29 10:46:22,371] multiqc                                            [DEBUG  ]  File ignored by nanostat because it exceeded search pattern filesize limit: POR_R24_C2_Log.out
[2026-05-29 10:46:22,372] multiqc                                            [DEBUG  ]  Ignoring file as matched an ignore pattern: POR_R3_H2_Aligned.sortedByCoord.out.bam
[2026-05-29 10:46:22,387] multiqc                                            [DEBUG  ]  File ignored by ccs/v4 because it exceeded search pattern filesize limit: POR_R0_H3_Log.out
[2026-05-29 10:46:22,388] multiqc                                            [DEBUG  ]  File ignored by hicexplorer because it exceeded search pattern filesize limit: POR_R0_H3_Log.out
[2026-05-29 10:46:22,389] multiqc                                            [DEBUG  ]  File ignored by lima/summary because it exceeded search pattern filesize limit: POR_R0_H3_Log.out
[2026-05-29 10:46:22,391] multiqc                                            [DEBUG  ]  File ignored by longranger/invocation because it exceeded search pattern filesize limit: POR_R0_H3_Log.out
[2026-05-29 10:46:22,417] multiqc                                            [DEBUG  ]  File ignored by nanostat because it exceeded search pattern filesize limit: POR_R0_H3_Log.out
[2026-05-29 10:46:22,422] multiqc                                            [DEBUG  ]  File ignored by ccs/v4 because it exceeded search pattern filesize limit: POR_R120_C3_SJ.out.tab
[2026-05-29 10:46:22,423] multiqc                                            [DEBUG  ]  File ignored by hicexplorer because it exceeded search pattern filesize limit: POR_R120_C3_SJ.out.tab
[2026-05-29 10:46:22,423] multiqc                                            [DEBUG  ]  File ignored by lima/summary because it exceeded search pattern filesize limit: POR_R120_C3_SJ.out.tab
[2026-05-29 10:46:22,425] multiqc                                            [DEBUG  ]  File ignored by vep/vep_html because it exceeded search pattern filesize limit: POR_R120_C3_SJ.out.tab
[2026-05-29 10:46:22,425] multiqc                                            [DEBUG  ]  File ignored by vep/vep_txt because it exceeded search pattern filesize limit: POR_R120_C3_SJ.out.tab
[2026-05-29 10:46:22,425] multiqc                                            [DEBUG  ]  File ignored by longranger/invocation because it exceeded search pattern filesize limit: POR_R120_C3_SJ.out.tab
[2026-05-29 10:46:22,425] multiqc                                            [DEBUG  ]  File ignored by rockhopper because it exceeded search pattern filesize limit: POR_R120_C3_SJ.out.tab
[2026-05-29 10:46:22,425] multiqc                                            [DEBUG  ]  File ignored by rseqc/bam_stat because it exceeded search pattern filesize limit: POR_R120_C3_SJ.out.tab
[2026-05-29 10:46:22,425] multiqc                                            [DEBUG  ]  File ignored by rseqc/junction_annotation because it exceeded search pattern filesize limit: POR_R120_C3_SJ.out.tab
[2026-05-29 10:46:22,425] multiqc                                            [DEBUG  ]  File ignored by rseqc/read_distribution because it exceeded search pattern filesize limit: POR_R120_C3_SJ.out.tab
[2026-05-29 10:46:22,425] multiqc                                            [DEBUG  ]  File ignored by rseqc/infer_experiment because it exceeded search pattern filesize limit: POR_R120_C3_SJ.out.tab
[2026-05-29 10:46:22,425] multiqc                                            [DEBUG  ]  File ignored by snpeff because it exceeded search pattern filesize limit: POR_R120_C3_SJ.out.tab
[2026-05-29 10:46:22,425] multiqc                                            [DEBUG  ]  File ignored by stacks/sumstats because it exceeded search pattern filesize limit: POR_R120_C3_SJ.out.tab
[2026-05-29 10:46:24,616] multiqc                                            [DEBUG  ]  File ignored by nanostat because it exceeded search pattern filesize limit: POR_R120_C3_SJ.out.tab
[2026-05-29 10:46:24,747] multiqc                                            [DEBUG  ]  File ignored by ccs/v4 because it exceeded search pattern filesize limit: POR_R1_C1_SJ.out.tab
[2026-05-29 10:46:24,748] multiqc                                            [DEBUG  ]  File ignored by hicexplorer because it exceeded search pattern filesize limit: POR_R1_C1_SJ.out.tab
[2026-05-29 10:46:24,748] multiqc                                            [DEBUG  ]  File ignored by lima/summary because it exceeded search pattern filesize limit: POR_R1_C1_SJ.out.tab
[2026-05-29 10:46:24,750] multiqc                                            [DEBUG  ]  File ignored by vep/vep_html because it exceeded search pattern filesize limit: POR_R1_C1_SJ.out.tab
[2026-05-29 10:46:24,750] multiqc                                            [DEBUG  ]  File ignored by vep/vep_txt because it exceeded search pattern filesize limit: POR_R1_C1_SJ.out.tab
[2026-05-29 10:46:24,750] multiqc                                            [DEBUG  ]  File ignored by longranger/invocation because it exceeded search pattern filesize limit: POR_R1_C1_SJ.out.tab
[2026-05-29 10:46:24,750] multiqc                                            [DEBUG  ]  File ignored by rockhopper because it exceeded search pattern filesize limit: POR_R1_C1_SJ.out.tab
[2026-05-29 10:46:24,750] multiqc                                            [DEBUG  ]  File ignored by rseqc/bam_stat because it exceeded search pattern filesize limit: POR_R1_C1_SJ.out.tab
[2026-05-29 10:46:24,750] multiqc                                            [DEBUG  ]  File ignored by rseqc/junction_annotation because it exceeded search pattern filesize limit: POR_R1_C1_SJ.out.tab
[2026-05-29 10:46:24,750] multiqc                                            [DEBUG  ]  File ignored by rseqc/read_distribution because it exceeded search pattern filesize limit: POR_R1_C1_SJ.out.tab
[2026-05-29 10:46:24,750] multiqc                                            [DEBUG  ]  File ignored by rseqc/infer_experiment because it exceeded search pattern filesize limit: POR_R1_C1_SJ.out.tab
[2026-05-29 10:46:24,750] multiqc                                            [DEBUG  ]  File ignored by snpeff because it exceeded search pattern filesize limit: POR_R1_C1_SJ.out.tab
[2026-05-29 10:46:24,750] multiqc                                            [DEBUG  ]  File ignored by stacks/sumstats because it exceeded search pattern filesize limit: POR_R1_C1_SJ.out.tab
[2026-05-29 10:46:26,965] multiqc                                            [DEBUG  ]  File ignored by nanostat because it exceeded search pattern filesize limit: POR_R1_C1_SJ.out.tab
[2026-05-29 10:46:27,113] multiqc                                            [DEBUG  ]  File ignored by ccs/v4 because it exceeded search pattern filesize limit: POR_R120_C1_Log.out
[2026-05-29 10:46:27,114] multiqc                                            [DEBUG  ]  File ignored by hicexplorer because it exceeded search pattern filesize limit: POR_R120_C1_Log.out
[2026-05-29 10:46:27,114] multiqc                                            [DEBUG  ]  File ignored by lima/summary because it exceeded search pattern filesize limit: POR_R120_C1_Log.out
[2026-05-29 10:46:27,116] multiqc                                            [DEBUG  ]  File ignored by longranger/invocation because it exceeded search pattern filesize limit: POR_R120_C1_Log.out
[2026-05-29 10:46:27,134] multiqc                                            [DEBUG  ]  File ignored by nanostat because it exceeded search pattern filesize limit: POR_R120_C1_Log.out
[2026-05-29 10:46:27,147] multiqc                                            [DEBUG  ]  Ignoring file as matched an ignore pattern: POR_R1_H1_Aligned.sortedByCoord.out.bam
[2026-05-29 10:46:27,150] multiqc                                            [DEBUG  ]  File ignored by ccs/v4 because it exceeded search pattern filesize limit: POR_R0_C1_Log.out
[2026-05-29 10:46:27,152] multiqc                                            [DEBUG  ]  File ignored by hicexplorer because it exceeded search pattern filesize limit: POR_R0_C1_Log.out
[2026-05-29 10:46:27,152] multiqc                                            [DEBUG  ]  File ignored by lima/summary because it exceeded search pattern filesize limit: POR_R0_C1_Log.out
[2026-05-29 10:46:27,154] multiqc                                            [DEBUG  ]  File ignored by longranger/invocation because it exceeded search pattern filesize limit: POR_R0_C1_Log.out
[2026-05-29 10:46:27,171] multiqc                                            [DEBUG  ]  File ignored by nanostat because it exceeded search pattern filesize limit: POR_R0_C1_Log.out
[2026-05-29 10:46:27,172] multiqc                                            [DEBUG  ]  Ignoring file as matched an ignore pattern: POR_R1_C3_Aligned.sortedByCoord.out.bam
[2026-05-29 10:46:27,173] multiqc                                            [DEBUG  ]  Ignoring file as matched an ignore pattern: POR_R24_C1_Aligned.sortedByCoord.out.bam
[2026-05-29 10:46:27,174] multiqc                                            [DEBUG  ]  Ignoring file as matched an ignore pattern: POR_R120_C3_Aligned.sortedByCoord.out.bam
[2026-05-29 10:46:27,175] multiqc                                            [DEBUG  ]  Ignoring file as matched an ignore pattern: POR_R24_H3_Aligned.sortedByCoord.out.bam
[2026-05-29 10:46:27,175] multiqc                                            [DEBUG  ]  Ignoring file as matched an ignore pattern: POR_R120_H1_Aligned.sortedByCoord.out.bam
[2026-05-29 10:46:27,178] multiqc                                            [DEBUG  ]  File ignored by ccs/v4 because it exceeded search pattern filesize limit: POR_R120_H1_Log.progress.out
[2026-05-29 10:46:27,179] multiqc                                            [DEBUG  ]  File ignored by lima/summary because it exceeded search pattern filesize limit: POR_R120_H1_Log.progress.out
[2026-05-29 10:46:27,181] multiqc                                            [DEBUG  ]  File ignored by longranger/invocation because it exceeded search pattern filesize limit: POR_R120_H1_Log.progress.out
[2026-05-29 10:46:27,189] multiqc                                            [DEBUG  ]  File ignored by ccs/v4 because it exceeded search pattern filesize limit: POR_R3_C2_Log.out
[2026-05-29 10:46:27,190] multiqc                                            [DEBUG  ]  File ignored by hicexplorer because it exceeded search pattern filesize limit: POR_R3_C2_Log.out
[2026-05-29 10:46:27,190] multiqc                                            [DEBUG  ]  File ignored by lima/summary because it exceeded search pattern filesize limit: POR_R3_C2_Log.out
[2026-05-29 10:46:27,192] multiqc                                            [DEBUG  ]  File ignored by longranger/invocation because it exceeded search pattern filesize limit: POR_R3_C2_Log.out
[2026-05-29 10:46:27,216] multiqc                                            [DEBUG  ]  File ignored by nanostat because it exceeded search pattern filesize limit: POR_R3_C2_Log.out
[2026-05-29 10:46:27,221] multiqc                                            [DEBUG  ]  File ignored by ccs/v4 because it exceeded search pattern filesize limit: POR_R120_H3_Log.out
[2026-05-29 10:46:27,222] multiqc                                            [DEBUG  ]  File ignored by hicexplorer because it exceeded search pattern filesize limit: POR_R120_H3_Log.out
[2026-05-29 10:46:27,222] multiqc                                            [DEBUG  ]  File ignored by lima/summary because it exceeded search pattern filesize limit: POR_R120_H3_Log.out
[2026-05-29 10:46:27,224] multiqc                                            [DEBUG  ]  File ignored by longranger/invocation because it exceeded search pattern filesize limit: POR_R120_H3_Log.out
[2026-05-29 10:46:27,241] multiqc                                            [DEBUG  ]  File ignored by nanostat because it exceeded search pattern filesize limit: POR_R120_H3_Log.out
[2026-05-29 10:46:27,268] multiqc                                            [DEBUG  ]  File ignored by ccs/v4 because it exceeded search pattern filesize limit: POR_R0_H2_Log.out
[2026-05-29 10:46:27,269] multiqc                                            [DEBUG  ]  File ignored by hicexplorer because it exceeded search pattern filesize limit: POR_R0_H2_Log.out
[2026-05-29 10:46:27,270] multiqc                                            [DEBUG  ]  File ignored by lima/summary because it exceeded search pattern filesize limit: POR_R0_H2_Log.out
[2026-05-29 10:46:27,272] multiqc                                            [DEBUG  ]  File ignored by longranger/invocation because it exceeded search pattern filesize limit: POR_R0_H2_Log.out
[2026-05-29 10:46:27,289] multiqc                                            [DEBUG  ]  File ignored by nanostat because it exceeded search pattern filesize limit: POR_R0_H2_Log.out
[2026-05-29 10:46:27,294] multiqc                                            [DEBUG  ]  File ignored by ccs/v4 because it exceeded search pattern filesize limit: POR_R24_C3_Log.out
[2026-05-29 10:46:27,295] multiqc                                            [DEBUG  ]  File ignored by hicexplorer because it exceeded search pattern filesize limit: POR_R24_C3_Log.out
[2026-05-29 10:46:27,295] multiqc                                            [DEBUG  ]  File ignored by lima/summary because it exceeded search pattern filesize limit: POR_R24_C3_Log.out
[2026-05-29 10:46:27,298] multiqc                                            [DEBUG  ]  File ignored by longranger/invocation because it exceeded search pattern filesize limit: POR_R24_C3_Log.out
[2026-05-29 10:46:27,321] multiqc                                            [DEBUG  ]  File ignored by nanostat because it exceeded search pattern filesize limit: POR_R24_C3_Log.out
[2026-05-29 10:46:27,322] multiqc                                            [DEBUG  ]  Ignoring file as matched an ignore pattern: POR_R72_H1_Aligned.sortedByCoord.out.bam
[2026-05-29 10:46:27,326] multiqc                                            [DEBUG  ]  File ignored by ccs/v4 because it exceeded search pattern filesize limit: POR_R3_H1_Log.out
[2026-05-29 10:46:27,327] multiqc                                            [DEBUG  ]  File ignored by hicexplorer because it exceeded search pattern filesize limit: POR_R3_H1_Log.out
[2026-05-29 10:46:27,327] multiqc                                            [DEBUG  ]  File ignored by lima/summary because it exceeded search pattern filesize limit: POR_R3_H1_Log.out
[2026-05-29 10:46:27,329] multiqc                                            [DEBUG  ]  File ignored by longranger/invocation because it exceeded search pattern filesize limit: POR_R3_H1_Log.out
[2026-05-29 10:46:27,347] multiqc                                            [DEBUG  ]  File ignored by nanostat because it exceeded search pattern filesize limit: POR_R3_H1_Log.out
[2026-05-29 10:46:27,350] multiqc                                            [DEBUG  ]  Ignoring file as matched an ignore pattern: POR_R72_C3_Aligned.sortedByCoord.out.bam
[2026-05-29 10:46:27,357] multiqc                                            [DEBUG  ]  File ignored by ccs/v4 because it exceeded search pattern filesize limit: POR_R24_H1_Log.out
[2026-05-29 10:46:27,358] multiqc                                            [DEBUG  ]  File ignored by hicexplorer because it exceeded search pattern filesize limit: POR_R24_H1_Log.out
[2026-05-29 10:46:27,358] multiqc                                            [DEBUG  ]  File ignored by lima/summary because it exceeded search pattern filesize limit: POR_R24_H1_Log.out
[2026-05-29 10:46:27,360] multiqc                                            [DEBUG  ]  File ignored by longranger/invocation because it exceeded search pattern filesize limit: POR_R24_H1_Log.out
[2026-05-29 10:46:27,377] multiqc                                            [DEBUG  ]  File ignored by nanostat because it exceeded search pattern filesize limit: POR_R24_H1_Log.out
[2026-05-29 10:46:27,383] multiqc                                            [DEBUG  ]  Ignoring file as matched an ignore pattern: POR_R12_C3_Aligned.sortedByCoord.out.bam
[2026-05-29 10:46:27,383] multiqc                                            [DEBUG  ]  Ignoring file as matched an ignore pattern: POR_R0_H1_Aligned.sortedByCoord.out.bam
[2026-05-29 10:46:27,385] multiqc                                            [DEBUG  ]  Ignoring file as matched an ignore pattern: POR_R12_H1_Aligned.sortedByCoord.out.bam
[2026-05-29 10:46:27,386] multiqc                                            [DEBUG  ]  Ignoring file as matched an ignore pattern: POR_R0_C3_Aligned.sortedByCoord.out.bam
[2026-05-29 10:46:27,389] multiqc                                            [DEBUG  ]  File ignored by ccs/v4 because it exceeded search pattern filesize limit: POR_R3_C3_Log.out
[2026-05-29 10:46:27,390] multiqc                                            [DEBUG  ]  File ignored by hicexplorer because it exceeded search pattern filesize limit: POR_R3_C3_Log.out
[2026-05-29 10:46:27,390] multiqc                                            [DEBUG  ]  File ignored by lima/summary because it exceeded search pattern filesize limit: POR_R3_C3_Log.out
[2026-05-29 10:46:27,393] multiqc                                            [DEBUG  ]  File ignored by longranger/invocation because it exceeded search pattern filesize limit: POR_R3_C3_Log.out
[2026-05-29 10:46:27,410] multiqc                                            [DEBUG  ]  File ignored by nanostat because it exceeded search pattern filesize limit: POR_R3_C3_Log.out
[2026-05-29 10:46:27,416] multiqc                                            [DEBUG  ]  File ignored by ccs/v4 because it exceeded search pattern filesize limit: POR_R120_H2_Log.out
[2026-05-29 10:46:27,422] multiqc                                            [DEBUG  ]  File ignored by hicexplorer because it exceeded search pattern filesize limit: POR_R120_H2_Log.out
[2026-05-29 10:46:27,422] multiqc                                            [DEBUG  ]  File ignored by lima/summary because it exceeded search pattern filesize limit: POR_R120_H2_Log.out
[2026-05-29 10:46:27,425] multiqc                                            [DEBUG  ]  File ignored by longranger/invocation because it exceeded search pattern filesize limit: POR_R120_H2_Log.out
[2026-05-29 10:46:27,442] multiqc                                            [DEBUG  ]  File ignored by nanostat because it exceeded search pattern filesize limit: POR_R120_H2_Log.out
[2026-05-29 10:46:27,445] multiqc                                            [DEBUG  ]  Ignoring file as matched an ignore pattern: POR_R3_C1_Aligned.sortedByCoord.out.bam
[2026-05-29 10:46:27,447] multiqc                                            [DEBUG  ]  Ignoring file as matched an ignore pattern: POR_R3_H3_Aligned.sortedByCoord.out.bam
[2026-05-29 10:46:27,451] multiqc                                            [DEBUG  ]  File ignored by ccs/v4 because it exceeded search pattern filesize limit: POR_R12_C3_Log.out
[2026-05-29 10:46:27,452] multiqc                                            [DEBUG  ]  File ignored by hicexplorer because it exceeded search pattern filesize limit: POR_R12_C3_Log.out
[2026-05-29 10:46:27,452] multiqc                                            [DEBUG  ]  File ignored by lima/summary because it exceeded search pattern filesize limit: POR_R12_C3_Log.out
[2026-05-29 10:46:27,455] multiqc                                            [DEBUG  ]  File ignored by longranger/invocation because it exceeded search pattern filesize limit: POR_R12_C3_Log.out
[2026-05-29 10:46:27,472] multiqc                                            [DEBUG  ]  File ignored by nanostat because it exceeded search pattern filesize limit: POR_R12_C3_Log.out
[2026-05-29 10:46:27,474] multiqc                                            [DEBUG  ]  Ignoring file as matched an ignore pattern: POR_R1_C2_Aligned.sortedByCoord.out.bam
[2026-05-29 10:46:27,478] multiqc                                            [DEBUG  ]  File ignored by ccs/v4 because it exceeded search pattern filesize limit: POR_R1_C2_Log.out
[2026-05-29 10:46:27,479] multiqc                                            [DEBUG  ]  File ignored by hicexplorer because it exceeded search pattern filesize limit: POR_R1_C2_Log.out
[2026-05-29 10:46:27,480] multiqc                                            [DEBUG  ]  File ignored by lima/summary because it exceeded search pattern filesize limit: POR_R1_C2_Log.out
[2026-05-29 10:46:27,482] multiqc                                            [DEBUG  ]  File ignored by longranger/invocation because it exceeded search pattern filesize limit: POR_R1_C2_Log.out
[2026-05-29 10:46:27,499] multiqc                                            [DEBUG  ]  File ignored by nanostat because it exceeded search pattern filesize limit: POR_R1_C2_Log.out
[2026-05-29 10:46:27,504] multiqc                                            [DEBUG  ]  File ignored by ccs/v4 because it exceeded search pattern filesize limit: POR_R72_C2_Log.out
[2026-05-29 10:46:27,505] multiqc                                            [DEBUG  ]  File ignored by hicexplorer because it exceeded search pattern filesize limit: POR_R72_C2_Log.out
[2026-05-29 10:46:27,505] multiqc                                            [DEBUG  ]  File ignored by lima/summary because it exceeded search pattern filesize limit: POR_R72_C2_Log.out
[2026-05-29 10:46:27,507] multiqc                                            [DEBUG  ]  File ignored by longranger/invocation because it exceeded search pattern filesize limit: POR_R72_C2_Log.out
[2026-05-29 10:46:27,531] multiqc                                            [DEBUG  ]  File ignored by nanostat because it exceeded search pattern filesize limit: POR_R72_C2_Log.out
[2026-05-29 10:46:27,532] multiqc                                            [DEBUG  ]  Ignoring file as matched an ignore pattern: POR_R24_H2_Aligned.sortedByCoord.out.bam
[2026-05-29 10:46:27,536] multiqc                                            [DEBUG  ]  File ignored by ccs/v4 because it exceeded search pattern filesize limit: POR_R120_H3_SJ.out.tab
[2026-05-29 10:46:27,537] multiqc                                            [DEBUG  ]  File ignored by hicexplorer because it exceeded search pattern filesize limit: POR_R120_H3_SJ.out.tab
[2026-05-29 10:46:27,537] multiqc                                            [DEBUG  ]  File ignored by lima/summary because it exceeded search pattern filesize limit: POR_R120_H3_SJ.out.tab
[2026-05-29 10:46:27,539] multiqc                                            [DEBUG  ]  File ignored by vep/vep_html because it exceeded search pattern filesize limit: POR_R120_H3_SJ.out.tab
[2026-05-29 10:46:27,539] multiqc                                            [DEBUG  ]  File ignored by vep/vep_txt because it exceeded search pattern filesize limit: POR_R120_H3_SJ.out.tab
[2026-05-29 10:46:27,539] multiqc                                            [DEBUG  ]  File ignored by longranger/invocation because it exceeded search pattern filesize limit: POR_R120_H3_SJ.out.tab
[2026-05-29 10:46:27,539] multiqc                                            [DEBUG  ]  File ignored by rockhopper because it exceeded search pattern filesize limit: POR_R120_H3_SJ.out.tab
[2026-05-29 10:46:27,539] multiqc                                            [DEBUG  ]  File ignored by rseqc/bam_stat because it exceeded search pattern filesize limit: POR_R120_H3_SJ.out.tab
[2026-05-29 10:46:27,539] multiqc                                            [DEBUG  ]  File ignored by rseqc/junction_annotation because it exceeded search pattern filesize limit: POR_R120_H3_SJ.out.tab
[2026-05-29 10:46:27,540] multiqc                                            [DEBUG  ]  File ignored by rseqc/read_distribution because it exceeded search pattern filesize limit: POR_R120_H3_SJ.out.tab
[2026-05-29 10:46:27,540] multiqc                                            [DEBUG  ]  File ignored by rseqc/infer_experiment because it exceeded search pattern filesize limit: POR_R120_H3_SJ.out.tab
[2026-05-29 10:46:27,540] multiqc                                            [DEBUG  ]  File ignored by snpeff because it exceeded search pattern filesize limit: POR_R120_H3_SJ.out.tab
[2026-05-29 10:46:27,540] multiqc                                            [DEBUG  ]  File ignored by stacks/sumstats because it exceeded search pattern filesize limit: POR_R120_H3_SJ.out.tab
[2026-05-29 10:46:30,059] multiqc                                            [DEBUG  ]  File ignored by nanostat because it exceeded search pattern filesize limit: POR_R120_H3_SJ.out.tab
[2026-05-29 10:46:30,207] multiqc                                            [DEBUG  ]  File ignored by ccs/v4 because it exceeded search pattern filesize limit: POR_R72_H1_SJ.out.tab
[2026-05-29 10:46:30,208] multiqc                                            [DEBUG  ]  File ignored by hicexplorer because it exceeded search pattern filesize limit: POR_R72_H1_SJ.out.tab
[2026-05-29 10:46:30,208] multiqc                                            [DEBUG  ]  File ignored by lima/summary because it exceeded search pattern filesize limit: POR_R72_H1_SJ.out.tab
[2026-05-29 10:46:30,210] multiqc                                            [DEBUG  ]  File ignored by vep/vep_html because it exceeded search pattern filesize limit: POR_R72_H1_SJ.out.tab
[2026-05-29 10:46:30,210] multiqc                                            [DEBUG  ]  File ignored by vep/vep_txt because it exceeded search pattern filesize limit: POR_R72_H1_SJ.out.tab
[2026-05-29 10:46:30,210] multiqc                                            [DEBUG  ]  File ignored by longranger/invocation because it exceeded search pattern filesize limit: POR_R72_H1_SJ.out.tab
[2026-05-29 10:46:30,210] multiqc                                            [DEBUG  ]  File ignored by rockhopper because it exceeded search pattern filesize limit: POR_R72_H1_SJ.out.tab
[2026-05-29 10:46:30,210] multiqc                                            [DEBUG  ]  File ignored by rseqc/bam_stat because it exceeded search pattern filesize limit: POR_R72_H1_SJ.out.tab
[2026-05-29 10:46:30,210] multiqc                                            [DEBUG  ]  File ignored by rseqc/junction_annotation because it exceeded search pattern filesize limit: POR_R72_H1_SJ.out.tab
[2026-05-29 10:46:30,210] multiqc                                            [DEBUG  ]  File ignored by rseqc/read_distribution because it exceeded search pattern filesize limit: POR_R72_H1_SJ.out.tab
[2026-05-29 10:46:30,210] multiqc                                            [DEBUG  ]  File ignored by rseqc/infer_experiment because it exceeded search pattern filesize limit: POR_R72_H1_SJ.out.tab
[2026-05-29 10:46:30,239] multiqc                                            [DEBUG  ]  File ignored by stacks/sumstats because it exceeded search pattern filesize limit: POR_R72_H1_SJ.out.tab
[2026-05-29 10:46:31,512] multiqc                                            [DEBUG  ]  File ignored by nanostat because it exceeded search pattern filesize limit: POR_R72_H1_SJ.out.tab
[2026-05-29 10:46:31,590] multiqc                                            [DEBUG  ]  Ignoring file as matched an ignore pattern: POR_R120_C2_Aligned.sortedByCoord.out.bam
[2026-05-29 10:46:31,594] multiqc                                            [DEBUG  ]  File ignored by ccs/v4 because it exceeded search pattern filesize limit: POR_R12_H1_Log.out
[2026-05-29 10:46:31,595] multiqc                                            [DEBUG  ]  File ignored by hicexplorer because it exceeded search pattern filesize limit: POR_R12_H1_Log.out
[2026-05-29 10:46:31,595] multiqc                                            [DEBUG  ]  File ignored by lima/summary because it exceeded search pattern filesize limit: POR_R12_H1_Log.out
[2026-05-29 10:46:31,598] multiqc                                            [DEBUG  ]  File ignored by longranger/invocation because it exceeded search pattern filesize limit: POR_R12_H1_Log.out
[2026-05-29 10:46:31,624] multiqc                                            [DEBUG  ]  File ignored by nanostat because it exceeded search pattern filesize limit: POR_R12_H1_Log.out
[2026-05-29 10:46:31,633] multiqc                                            [DEBUG  ]  File ignored by ccs/v4 because it exceeded search pattern filesize limit: POR_R1_H1_SJ.out.tab
[2026-05-29 10:46:31,634] multiqc                                            [DEBUG  ]  File ignored by hicexplorer because it exceeded search pattern filesize limit: POR_R1_H1_SJ.out.tab
[2026-05-29 10:46:31,634] multiqc                                            [DEBUG  ]  File ignored by lima/summary because it exceeded search pattern filesize limit: POR_R1_H1_SJ.out.tab
[2026-05-29 10:46:31,636] multiqc                                            [DEBUG  ]  File ignored by vep/vep_html because it exceeded search pattern filesize limit: POR_R1_H1_SJ.out.tab
[2026-05-29 10:46:31,636] multiqc                                            [DEBUG  ]  File ignored by vep/vep_txt because it exceeded search pattern filesize limit: POR_R1_H1_SJ.out.tab
[2026-05-29 10:46:31,637] multiqc                                            [DEBUG  ]  File ignored by longranger/invocation because it exceeded search pattern filesize limit: POR_R1_H1_SJ.out.tab
[2026-05-29 10:46:31,637] multiqc                                            [DEBUG  ]  File ignored by rockhopper because it exceeded search pattern filesize limit: POR_R1_H1_SJ.out.tab
[2026-05-29 10:46:31,637] multiqc                                            [DEBUG  ]  File ignored by rseqc/bam_stat because it exceeded search pattern filesize limit: POR_R1_H1_SJ.out.tab
[2026-05-29 10:46:31,637] multiqc                                            [DEBUG  ]  File ignored by rseqc/junction_annotation because it exceeded search pattern filesize limit: POR_R1_H1_SJ.out.tab
[2026-05-29 10:46:31,637] multiqc                                            [DEBUG  ]  File ignored by rseqc/read_distribution because it exceeded search pattern filesize limit: POR_R1_H1_SJ.out.tab
[2026-05-29 10:46:31,637] multiqc                                            [DEBUG  ]  File ignored by rseqc/infer_experiment because it exceeded search pattern filesize limit: POR_R1_H1_SJ.out.tab
[2026-05-29 10:46:31,637] multiqc                                            [DEBUG  ]  File ignored by snpeff because it exceeded search pattern filesize limit: POR_R1_H1_SJ.out.tab
[2026-05-29 10:46:31,637] multiqc                                            [DEBUG  ]  File ignored by stacks/sumstats because it exceeded search pattern filesize limit: POR_R1_H1_SJ.out.tab
[2026-05-29 10:46:33,819] multiqc                                            [DEBUG  ]  File ignored by nanostat because it exceeded search pattern filesize limit: POR_R1_H1_SJ.out.tab
[2026-05-29 10:46:33,950] multiqc                                            [DEBUG  ]  File ignored by ccs/v4 because it exceeded search pattern filesize limit: POR_R3_H3_Log.out
[2026-05-29 10:46:33,952] multiqc                                            [DEBUG  ]  File ignored by hicexplorer because it exceeded search pattern filesize limit: POR_R3_H3_Log.out
[2026-05-29 10:46:33,952] multiqc                                            [DEBUG  ]  File ignored by lima/summary because it exceeded search pattern filesize limit: POR_R3_H3_Log.out
[2026-05-29 10:46:33,954] multiqc                                            [DEBUG  ]  File ignored by longranger/invocation because it exceeded search pattern filesize limit: POR_R3_H3_Log.out
[2026-05-29 10:46:33,971] multiqc                                            [DEBUG  ]  File ignored by nanostat because it exceeded search pattern filesize limit: POR_R3_H3_Log.out
[2026-05-29 10:46:33,987] multiqc                                            [DEBUG  ]  File ignored by ccs/v4 because it exceeded search pattern filesize limit: POR_R120_C2_Log.out
[2026-05-29 10:46:33,988] multiqc                                            [DEBUG  ]  File ignored by hicexplorer because it exceeded search pattern filesize limit: POR_R120_C2_Log.out
[2026-05-29 10:46:33,988] multiqc                                            [DEBUG  ]  File ignored by lima/summary because it exceeded search pattern filesize limit: POR_R120_C2_Log.out
[2026-05-29 10:46:33,990] multiqc                                            [DEBUG  ]  File ignored by longranger/invocation because it exceeded search pattern filesize limit: POR_R120_C2_Log.out
[2026-05-29 10:46:34,025] multiqc                                            [DEBUG  ]  File ignored by nanostat because it exceeded search pattern filesize limit: POR_R120_C2_Log.out
[2026-05-29 10:46:34,047] multiqc                                            [DEBUG  ]  Ignoring file as matched an ignore pattern: POR_R72_H2_Aligned.sortedByCoord.out.bam
[2026-05-29 10:46:34,052] multiqc                                            [DEBUG  ]  File ignored by ccs/v4 because it exceeded search pattern filesize limit: POR_R24_C1_Log.out
[2026-05-29 10:46:34,053] multiqc                                            [DEBUG  ]  File ignored by hicexplorer because it exceeded search pattern filesize limit: POR_R24_C1_Log.out
[2026-05-29 10:46:34,053] multiqc                                            [DEBUG  ]  File ignored by lima/summary because it exceeded search pattern filesize limit: POR_R24_C1_Log.out
[2026-05-29 10:46:34,055] multiqc                                            [DEBUG  ]  File ignored by longranger/invocation because it exceeded search pattern filesize limit: POR_R24_C1_Log.out
[2026-05-29 10:46:34,073] multiqc                                            [DEBUG  ]  File ignored by nanostat because it exceeded search pattern filesize limit: POR_R24_C1_Log.out
[2026-05-29 10:46:34,087] multiqc                                            [DEBUG  ]  File ignored by ccs/v4 because it exceeded search pattern filesize limit: POR_R0_H1_SJ.out.tab
[2026-05-29 10:46:34,088] multiqc                                            [DEBUG  ]  File ignored by hicexplorer because it exceeded search pattern filesize limit: POR_R0_H1_SJ.out.tab
[2026-05-29 10:46:34,089] multiqc                                            [DEBUG  ]  File ignored by lima/summary because it exceeded search pattern filesize limit: POR_R0_H1_SJ.out.tab
[2026-05-29 10:46:34,090] multiqc                                            [DEBUG  ]  File ignored by vep/vep_html because it exceeded search pattern filesize limit: POR_R0_H1_SJ.out.tab
[2026-05-29 10:46:34,091] multiqc                                            [DEBUG  ]  File ignored by vep/vep_txt because it exceeded search pattern filesize limit: POR_R0_H1_SJ.out.tab
[2026-05-29 10:46:34,091] multiqc                                            [DEBUG  ]  File ignored by longranger/invocation because it exceeded search pattern filesize limit: POR_R0_H1_SJ.out.tab
[2026-05-29 10:46:34,091] multiqc                                            [DEBUG  ]  File ignored by rockhopper because it exceeded search pattern filesize limit: POR_R0_H1_SJ.out.tab
[2026-05-29 10:46:34,091] multiqc                                            [DEBUG  ]  File ignored by rseqc/bam_stat because it exceeded search pattern filesize limit: POR_R0_H1_SJ.out.tab
[2026-05-29 10:46:34,091] multiqc                                            [DEBUG  ]  File ignored by rseqc/junction_annotation because it exceeded search pattern filesize limit: POR_R0_H1_SJ.out.tab
[2026-05-29 10:46:34,091] multiqc                                            [DEBUG  ]  File ignored by rseqc/read_distribution because it exceeded search pattern filesize limit: POR_R0_H1_SJ.out.tab
[2026-05-29 10:46:34,091] multiqc                                            [DEBUG  ]  File ignored by rseqc/infer_experiment because it exceeded search pattern filesize limit: POR_R0_H1_SJ.out.tab
[2026-05-29 10:46:34,091] multiqc                                            [DEBUG  ]  File ignored by snpeff because it exceeded search pattern filesize limit: POR_R0_H1_SJ.out.tab
[2026-05-29 10:46:34,091] multiqc                                            [DEBUG  ]  File ignored by stacks/sumstats because it exceeded search pattern filesize limit: POR_R0_H1_SJ.out.tab
[2026-05-29 10:46:36,719] multiqc                                            [DEBUG  ]  File ignored by nanostat because it exceeded search pattern filesize limit: POR_R0_H1_SJ.out.tab
[2026-05-29 10:46:36,873] multiqc                                            [DEBUG  ]  File ignored by ccs/v4 because it exceeded search pattern filesize limit: POR_R3_C1_Log.out
[2026-05-29 10:46:36,874] multiqc                                            [DEBUG  ]  File ignored by hicexplorer because it exceeded search pattern filesize limit: POR_R3_C1_Log.out
[2026-05-29 10:46:36,875] multiqc                                            [DEBUG  ]  File ignored by lima/summary because it exceeded search pattern filesize limit: POR_R3_C1_Log.out
[2026-05-29 10:46:36,877] multiqc                                            [DEBUG  ]  File ignored by longranger/invocation because it exceeded search pattern filesize limit: POR_R3_C1_Log.out
[2026-05-29 10:46:36,894] multiqc                                            [DEBUG  ]  File ignored by nanostat because it exceeded search pattern filesize limit: POR_R3_C1_Log.out
[2026-05-29 10:46:36,911] multiqc                                            [DEBUG  ]  File ignored by ccs/v4 because it exceeded search pattern filesize limit: POR_R12_C3_SJ.out.tab
[2026-05-29 10:46:36,912] multiqc                                            [DEBUG  ]  File ignored by hicexplorer because it exceeded search pattern filesize limit: POR_R12_C3_SJ.out.tab
[2026-05-29 10:46:36,912] multiqc                                            [DEBUG  ]  File ignored by lima/summary because it exceeded search pattern filesize limit: POR_R12_C3_SJ.out.tab
[2026-05-29 10:46:36,914] multiqc                                            [DEBUG  ]  File ignored by vep/vep_html because it exceeded search pattern filesize limit: POR_R12_C3_SJ.out.tab
[2026-05-29 10:46:36,914] multiqc                                            [DEBUG  ]  File ignored by vep/vep_txt because it exceeded search pattern filesize limit: POR_R12_C3_SJ.out.tab
[2026-05-29 10:46:36,914] multiqc                                            [DEBUG  ]  File ignored by longranger/invocation because it exceeded search pattern filesize limit: POR_R12_C3_SJ.out.tab
[2026-05-29 10:46:36,914] multiqc                                            [DEBUG  ]  File ignored by rockhopper because it exceeded search pattern filesize limit: POR_R12_C3_SJ.out.tab
[2026-05-29 10:46:36,914] multiqc                                            [DEBUG  ]  File ignored by rseqc/bam_stat because it exceeded search pattern filesize limit: POR_R12_C3_SJ.out.tab
[2026-05-29 10:46:36,914] multiqc                                            [DEBUG  ]  File ignored by rseqc/junction_annotation because it exceeded search pattern filesize limit: POR_R12_C3_SJ.out.tab
[2026-05-29 10:46:36,914] multiqc                                            [DEBUG  ]  File ignored by rseqc/read_distribution because it exceeded search pattern filesize limit: POR_R12_C3_SJ.out.tab
[2026-05-29 10:46:36,914] multiqc                                            [DEBUG  ]  File ignored by rseqc/infer_experiment because it exceeded search pattern filesize limit: POR_R12_C3_SJ.out.tab
[2026-05-29 10:46:36,914] multiqc                                            [DEBUG  ]  File ignored by snpeff because it exceeded search pattern filesize limit: POR_R12_C3_SJ.out.tab
[2026-05-29 10:46:36,914] multiqc                                            [DEBUG  ]  File ignored by stacks/sumstats because it exceeded search pattern filesize limit: POR_R12_C3_SJ.out.tab
[2026-05-29 10:46:39,447] multiqc                                            [DEBUG  ]  File ignored by nanostat because it exceeded search pattern filesize limit: POR_R12_C3_SJ.out.tab
[2026-05-29 10:46:39,593] multiqc                                            [DEBUG  ]  File ignored by ccs/v4 because it exceeded search pattern filesize limit: POR_R24_H3_Log.out
[2026-05-29 10:46:39,594] multiqc                                            [DEBUG  ]  File ignored by hicexplorer because it exceeded search pattern filesize limit: POR_R24_H3_Log.out
[2026-05-29 10:46:39,594] multiqc                                            [DEBUG  ]  File ignored by lima/summary because it exceeded search pattern filesize limit: POR_R24_H3_Log.out
[2026-05-29 10:46:39,596] multiqc                                            [DEBUG  ]  File ignored by longranger/invocation because it exceeded search pattern filesize limit: POR_R24_H3_Log.out
[2026-05-29 10:46:39,613] multiqc                                            [DEBUG  ]  File ignored by nanostat because it exceeded search pattern filesize limit: POR_R24_H3_Log.out
[2026-05-29 10:46:39,615] multiqc                                            [DEBUG  ]  Ignoring file as matched an ignore pattern: POR_R0_H2_Aligned.sortedByCoord.out.bam
[2026-05-29 10:46:39,629] multiqc                                            [DEBUG  ]  File ignored by ccs/v4 because it exceeded search pattern filesize limit: POR_R0_C2_Log.out
[2026-05-29 10:46:39,630] multiqc                                            [DEBUG  ]  File ignored by hicexplorer because it exceeded search pattern filesize limit: POR_R0_C2_Log.out
[2026-05-29 10:46:39,631] multiqc                                            [DEBUG  ]  File ignored by lima/summary because it exceeded search pattern filesize limit: POR_R0_C2_Log.out
[2026-05-29 10:46:39,633] multiqc                                            [DEBUG  ]  File ignored by longranger/invocation because it exceeded search pattern filesize limit: POR_R0_C2_Log.out
[2026-05-29 10:46:39,656] multiqc                                            [DEBUG  ]  File ignored by nanostat because it exceeded search pattern filesize limit: POR_R0_C2_Log.out
[2026-05-29 10:46:39,657] multiqc                                            [DEBUG  ]  Ignoring file as matched an ignore pattern: POR_R12_H2_Aligned.sortedByCoord.out.bam
[2026-05-29 10:46:39,657] multiqc                                            [DEBUG  ]  Ignoring file as matched an ignore pattern: POR_R3_C2_Aligned.sortedByCoord.out.bam
[2026-05-29 10:46:39,671] multiqc                                            [DEBUG  ]  File ignored by ccs/v4 because it exceeded search pattern filesize limit: POR_R24_H1_SJ.out.tab
[2026-05-29 10:46:39,672] multiqc                                            [DEBUG  ]  File ignored by hicexplorer because it exceeded search pattern filesize limit: POR_R24_H1_SJ.out.tab
[2026-05-29 10:46:39,672] multiqc                                            [DEBUG  ]  File ignored by lima/summary because it exceeded search pattern filesize limit: POR_R24_H1_SJ.out.tab
[2026-05-29 10:46:39,674] multiqc                                            [DEBUG  ]  File ignored by vep/vep_html because it exceeded search pattern filesize limit: POR_R24_H1_SJ.out.tab
[2026-05-29 10:46:39,674] multiqc                                            [DEBUG  ]  File ignored by vep/vep_txt because it exceeded search pattern filesize limit: POR_R24_H1_SJ.out.tab
[2026-05-29 10:46:39,674] multiqc                                            [DEBUG  ]  File ignored by longranger/invocation because it exceeded search pattern filesize limit: POR_R24_H1_SJ.out.tab
[2026-05-29 10:46:39,674] multiqc                                            [DEBUG  ]  File ignored by rockhopper because it exceeded search pattern filesize limit: POR_R24_H1_SJ.out.tab
[2026-05-29 10:46:39,674] multiqc                                            [DEBUG  ]  File ignored by rseqc/bam_stat because it exceeded search pattern filesize limit: POR_R24_H1_SJ.out.tab
[2026-05-29 10:46:39,674] multiqc                                            [DEBUG  ]  File ignored by rseqc/junction_annotation because it exceeded search pattern filesize limit: POR_R24_H1_SJ.out.tab
[2026-05-29 10:46:39,674] multiqc                                            [DEBUG  ]  File ignored by rseqc/read_distribution because it exceeded search pattern filesize limit: POR_R24_H1_SJ.out.tab
[2026-05-29 10:46:39,674] multiqc                                            [DEBUG  ]  File ignored by rseqc/infer_experiment because it exceeded search pattern filesize limit: POR_R24_H1_SJ.out.tab
[2026-05-29 10:46:39,686] multiqc                                            [DEBUG  ]  File ignored by stacks/sumstats because it exceeded search pattern filesize limit: POR_R24_H1_SJ.out.tab
[2026-05-29 10:46:40,239] multiqc                                            [DEBUG  ]  File ignored by nanostat because it exceeded search pattern filesize limit: POR_R24_H1_SJ.out.tab
[2026-05-29 10:46:40,280] multiqc                                            [DEBUG  ]  File ignored by ccs/v4 because it exceeded search pattern filesize limit: POR_R12_C1_Log.out
[2026-05-29 10:46:40,281] multiqc                                            [DEBUG  ]  File ignored by hicexplorer because it exceeded search pattern filesize limit: POR_R12_C1_Log.out
[2026-05-29 10:46:40,282] multiqc                                            [DEBUG  ]  File ignored by lima/summary because it exceeded search pattern filesize limit: POR_R12_C1_Log.out
[2026-05-29 10:46:40,284] multiqc                                            [DEBUG  ]  File ignored by longranger/invocation because it exceeded search pattern filesize limit: POR_R12_C1_Log.out
[2026-05-29 10:46:40,301] multiqc                                            [DEBUG  ]  File ignored by nanostat because it exceeded search pattern filesize limit: POR_R12_C1_Log.out
[2026-05-29 10:46:40,330] multiqc                                            [DEBUG  ]  File ignored by ccs/v4 because it exceeded search pattern filesize limit: POR_R24_H3_Log.progress.out
[2026-05-29 10:46:40,331] multiqc                                            [DEBUG  ]  File ignored by lima/summary because it exceeded search pattern filesize limit: POR_R24_H3_Log.progress.out
[2026-05-29 10:46:40,340] multiqc                                            [DEBUG  ]  File ignored by ccs/v4 because it exceeded search pattern filesize limit: POR_R1_H2_Log.out
[2026-05-29 10:46:40,341] multiqc                                            [DEBUG  ]  File ignored by hicexplorer because it exceeded search pattern filesize limit: POR_R1_H2_Log.out
[2026-05-29 10:46:40,342] multiqc                                            [DEBUG  ]  File ignored by lima/summary because it exceeded search pattern filesize limit: POR_R1_H2_Log.out
[2026-05-29 10:46:40,344] multiqc                                            [DEBUG  ]  File ignored by longranger/invocation because it exceeded search pattern filesize limit: POR_R1_H2_Log.out
[2026-05-29 10:46:40,362] multiqc                                            [DEBUG  ]  File ignored by nanostat because it exceeded search pattern filesize limit: POR_R1_H2_Log.out
[2026-05-29 10:46:40,366] multiqc                                            [DEBUG  ]  File ignored by ccs/v4 because it exceeded search pattern filesize limit: POR_R72_H2_Log.out
[2026-05-29 10:46:40,368] multiqc                                            [DEBUG  ]  File ignored by hicexplorer because it exceeded search pattern filesize limit: POR_R72_H2_Log.out
[2026-05-29 10:46:40,368] multiqc                                            [DEBUG  ]  File ignored by lima/summary because it exceeded search pattern filesize limit: POR_R72_H2_Log.out
[2026-05-29 10:46:40,370] multiqc                                            [DEBUG  ]  File ignored by longranger/invocation because it exceeded search pattern filesize limit: POR_R72_H2_Log.out
[2026-05-29 10:46:40,393] multiqc                                            [DEBUG  ]  File ignored by nanostat because it exceeded search pattern filesize limit: POR_R72_H2_Log.out
[2026-05-29 10:46:40,407] multiqc                                            [DEBUG  ]  File ignored by ccs/v4 because it exceeded search pattern filesize limit: POR_R12_H3_Log.out
[2026-05-29 10:46:40,408] multiqc                                            [DEBUG  ]  File ignored by hicexplorer because it exceeded search pattern filesize limit: POR_R12_H3_Log.out
[2026-05-29 10:46:40,408] multiqc                                            [DEBUG  ]  File ignored by lima/summary because it exceeded search pattern filesize limit: POR_R12_H3_Log.out
[2026-05-29 10:46:40,411] multiqc                                            [DEBUG  ]  File ignored by longranger/invocation because it exceeded search pattern filesize limit: POR_R12_H3_Log.out
[2026-05-29 10:46:40,428] multiqc                                            [DEBUG  ]  File ignored by nanostat because it exceeded search pattern filesize limit: POR_R12_H3_Log.out
[2026-05-29 10:46:40,429] multiqc                                            [DEBUG  ]  Ignoring file as matched an ignore pattern: POR_R120_H3_Aligned.sortedByCoord.out.bam
[2026-05-29 10:46:40,430] multiqc                                            [DEBUG  ]  Ignoring file as matched an ignore pattern: POR_R24_H1_Aligned.sortedByCoord.out.bam
[2026-05-29 10:46:40,431] multiqc                                            [DEBUG  ]  Ignoring file as matched an ignore pattern: POR_R120_C1_Aligned.sortedByCoord.out.bam
[2026-05-29 10:46:40,431] multiqc                                            [DEBUG  ]  Ignoring file as matched an ignore pattern: POR_R24_C3_Aligned.sortedByCoord.out.bam
[2026-05-29 10:46:40,432] multiqc                                            [DEBUG  ]  Ignoring file as matched an ignore pattern: POR_R1_C1_Aligned.sortedByCoord.out.bam
[2026-05-29 10:46:40,434] multiqc                                            [DEBUG  ]  Ignoring file as matched an ignore pattern: POR_R1_H3_Aligned.sortedByCoord.out.bam
[2026-05-29 10:46:40,470] multiqc                                            [DEBUG  ]  File ignored by ccs/v4 because it exceeded search pattern filesize limit: POR_R1_H3_Log.out
[2026-05-29 10:46:40,471] multiqc                                            [DEBUG  ]  File ignored by hicexplorer because it exceeded search pattern filesize limit: POR_R1_H3_Log.out
[2026-05-29 10:46:40,471] multiqc                                            [DEBUG  ]  File ignored by lima/summary because it exceeded search pattern filesize limit: POR_R1_H3_Log.out
[2026-05-29 10:46:40,474] multiqc                                            [DEBUG  ]  File ignored by longranger/invocation because it exceeded search pattern filesize limit: POR_R1_H3_Log.out
[2026-05-29 10:46:40,497] multiqc                                            [DEBUG  ]  File ignored by nanostat because it exceeded search pattern filesize limit: POR_R1_H3_Log.out
[2026-05-29 10:46:40,502] multiqc                                            [DEBUG  ]  File ignored by ccs/v4 because it exceeded search pattern filesize limit: POR_R72_H3_Log.out
[2026-05-29 10:46:40,503] multiqc                                            [DEBUG  ]  File ignored by hicexplorer because it exceeded search pattern filesize limit: POR_R72_H3_Log.out
[2026-05-29 10:46:40,503] multiqc                                            [DEBUG  ]  File ignored by lima/summary because it exceeded search pattern filesize limit: POR_R72_H3_Log.out
[2026-05-29 10:46:40,505] multiqc                                            [DEBUG  ]  File ignored by longranger/invocation because it exceeded search pattern filesize limit: POR_R72_H3_Log.out
[2026-05-29 10:46:40,523] multiqc                                            [DEBUG  ]  File ignored by nanostat because it exceeded search pattern filesize limit: POR_R72_H3_Log.out
[2026-05-29 10:46:40,543] multiqc                                            [DEBUG  ]  Ignoring file as matched an ignore pattern: POR_R72_C1_Aligned.sortedByCoord.out.bam
[2026-05-29 10:46:40,556] multiqc                                            [DEBUG  ]  Ignoring file as matched an ignore pattern: POR_R72_H3_Aligned.sortedByCoord.out.bam
[2026-05-29 10:46:40,573] multiqc                                            [DEBUG  ]  File ignored by ccs/v4 because it exceeded search pattern filesize limit: POR_R72_H2_SJ.out.tab
[2026-05-29 10:46:40,576] multiqc                                            [DEBUG  ]  File ignored by hicexplorer because it exceeded search pattern filesize limit: POR_R72_H2_SJ.out.tab
[2026-05-29 10:46:40,576] multiqc                                            [DEBUG  ]  File ignored by lima/summary because it exceeded search pattern filesize limit: POR_R72_H2_SJ.out.tab
[2026-05-29 10:46:40,580] multiqc                                            [DEBUG  ]  File ignored by vep/vep_html because it exceeded search pattern filesize limit: POR_R72_H2_SJ.out.tab
[2026-05-29 10:46:40,580] multiqc                                            [DEBUG  ]  File ignored by vep/vep_txt because it exceeded search pattern filesize limit: POR_R72_H2_SJ.out.tab
[2026-05-29 10:46:40,580] multiqc                                            [DEBUG  ]  File ignored by longranger/invocation because it exceeded search pattern filesize limit: POR_R72_H2_SJ.out.tab
[2026-05-29 10:46:40,580] multiqc                                            [DEBUG  ]  File ignored by rockhopper because it exceeded search pattern filesize limit: POR_R72_H2_SJ.out.tab
[2026-05-29 10:46:40,580] multiqc                                            [DEBUG  ]  File ignored by rseqc/bam_stat because it exceeded search pattern filesize limit: POR_R72_H2_SJ.out.tab
[2026-05-29 10:46:40,580] multiqc                                            [DEBUG  ]  File ignored by rseqc/junction_annotation because it exceeded search pattern filesize limit: POR_R72_H2_SJ.out.tab
[2026-05-29 10:46:40,580] multiqc                                            [DEBUG  ]  File ignored by rseqc/read_distribution because it exceeded search pattern filesize limit: POR_R72_H2_SJ.out.tab
[2026-05-29 10:46:40,580] multiqc                                            [DEBUG  ]  File ignored by rseqc/infer_experiment because it exceeded search pattern filesize limit: POR_R72_H2_SJ.out.tab
[2026-05-29 10:46:40,608] multiqc                                            [DEBUG  ]  File ignored by stacks/sumstats because it exceeded search pattern filesize limit: POR_R72_H2_SJ.out.tab
[2026-05-29 10:46:41,714] multiqc                                            [DEBUG  ]  File ignored by nanostat because it exceeded search pattern filesize limit: POR_R72_H2_SJ.out.tab
[2026-05-29 10:46:41,779] multiqc                                            [DEBUG  ]  File ignored by ccs/v4 because it exceeded search pattern filesize limit: POR_R12_C1_SJ.out.tab
[2026-05-29 10:46:41,780] multiqc                                            [DEBUG  ]  File ignored by hicexplorer because it exceeded search pattern filesize limit: POR_R12_C1_SJ.out.tab
[2026-05-29 10:46:41,780] multiqc                                            [DEBUG  ]  File ignored by lima/summary because it exceeded search pattern filesize limit: POR_R12_C1_SJ.out.tab
[2026-05-29 10:46:41,782] multiqc                                            [DEBUG  ]  File ignored by vep/vep_html because it exceeded search pattern filesize limit: POR_R12_C1_SJ.out.tab
[2026-05-29 10:46:41,782] multiqc                                            [DEBUG  ]  File ignored by vep/vep_txt because it exceeded search pattern filesize limit: POR_R12_C1_SJ.out.tab
[2026-05-29 10:46:41,782] multiqc                                            [DEBUG  ]  File ignored by longranger/invocation because it exceeded search pattern filesize limit: POR_R12_C1_SJ.out.tab
[2026-05-29 10:46:41,782] multiqc                                            [DEBUG  ]  File ignored by rockhopper because it exceeded search pattern filesize limit: POR_R12_C1_SJ.out.tab
[2026-05-29 10:46:41,782] multiqc                                            [DEBUG  ]  File ignored by rseqc/bam_stat because it exceeded search pattern filesize limit: POR_R12_C1_SJ.out.tab
[2026-05-29 10:46:41,782] multiqc                                            [DEBUG  ]  File ignored by rseqc/junction_annotation because it exceeded search pattern filesize limit: POR_R12_C1_SJ.out.tab
[2026-05-29 10:46:41,782] multiqc                                            [DEBUG  ]  File ignored by rseqc/read_distribution because it exceeded search pattern filesize limit: POR_R12_C1_SJ.out.tab
[2026-05-29 10:46:41,782] multiqc                                            [DEBUG  ]  File ignored by rseqc/infer_experiment because it exceeded search pattern filesize limit: POR_R12_C1_SJ.out.tab
[2026-05-29 10:46:41,782] multiqc                                            [DEBUG  ]  File ignored by snpeff because it exceeded search pattern filesize limit: POR_R12_C1_SJ.out.tab
[2026-05-29 10:46:41,782] multiqc                                            [DEBUG  ]  File ignored by stacks/sumstats because it exceeded search pattern filesize limit: POR_R12_C1_SJ.out.tab
[2026-05-29 10:46:43,936] multiqc                                            [DEBUG  ]  File ignored by nanostat because it exceeded search pattern filesize limit: POR_R12_C1_SJ.out.tab
[2026-05-29 10:46:44,070] multiqc                                            [DEBUG  ]  File ignored by ccs/v4 because it exceeded search pattern filesize limit: POR_R12_H2_Log.out
[2026-05-29 10:46:44,071] multiqc                                            [DEBUG  ]  File ignored by hicexplorer because it exceeded search pattern filesize limit: POR_R12_H2_Log.out
[2026-05-29 10:46:44,071] multiqc                                            [DEBUG  ]  File ignored by lima/summary because it exceeded search pattern filesize limit: POR_R12_H2_Log.out
[2026-05-29 10:46:44,073] multiqc                                            [DEBUG  ]  File ignored by longranger/invocation because it exceeded search pattern filesize limit: POR_R12_H2_Log.out
[2026-05-29 10:46:44,090] multiqc                                            [DEBUG  ]  File ignored by nanostat because it exceeded search pattern filesize limit: POR_R12_H2_Log.out
[2026-05-29 10:46:44,108] multiqc                                            [DEBUG  ]  File ignored by ccs/v4 because it exceeded search pattern filesize limit: POR_R1_H2_SJ.out.tab
[2026-05-29 10:46:44,109] multiqc                                            [DEBUG  ]  File ignored by hicexplorer because it exceeded search pattern filesize limit: POR_R1_H2_SJ.out.tab
[2026-05-29 10:46:44,109] multiqc                                            [DEBUG  ]  File ignored by lima/summary because it exceeded search pattern filesize limit: POR_R1_H2_SJ.out.tab
[2026-05-29 10:46:44,112] multiqc                                            [DEBUG  ]  File ignored by vep/vep_html because it exceeded search pattern filesize limit: POR_R1_H2_SJ.out.tab
[2026-05-29 10:46:44,112] multiqc                                            [DEBUG  ]  File ignored by vep/vep_txt because it exceeded search pattern filesize limit: POR_R1_H2_SJ.out.tab
[2026-05-29 10:46:44,112] multiqc                                            [DEBUG  ]  File ignored by longranger/invocation because it exceeded search pattern filesize limit: POR_R1_H2_SJ.out.tab
[2026-05-29 10:46:44,112] multiqc                                            [DEBUG  ]  File ignored by rockhopper because it exceeded search pattern filesize limit: POR_R1_H2_SJ.out.tab
[2026-05-29 10:46:44,112] multiqc                                            [DEBUG  ]  File ignored by rseqc/bam_stat because it exceeded search pattern filesize limit: POR_R1_H2_SJ.out.tab
[2026-05-29 10:46:44,112] multiqc                                            [DEBUG  ]  File ignored by rseqc/junction_annotation because it exceeded search pattern filesize limit: POR_R1_H2_SJ.out.tab
[2026-05-29 10:46:44,112] multiqc                                            [DEBUG  ]  File ignored by rseqc/read_distribution because it exceeded search pattern filesize limit: POR_R1_H2_SJ.out.tab
[2026-05-29 10:46:44,112] multiqc                                            [DEBUG  ]  File ignored by rseqc/infer_experiment because it exceeded search pattern filesize limit: POR_R1_H2_SJ.out.tab
[2026-05-29 10:46:44,112] multiqc                                            [DEBUG  ]  File ignored by snpeff because it exceeded search pattern filesize limit: POR_R1_H2_SJ.out.tab
[2026-05-29 10:46:44,112] multiqc                                            [DEBUG  ]  File ignored by stacks/sumstats because it exceeded search pattern filesize limit: POR_R1_H2_SJ.out.tab
[2026-05-29 10:46:46,307] multiqc                                            [DEBUG  ]  File ignored by nanostat because it exceeded search pattern filesize limit: POR_R1_H2_SJ.out.tab
[2026-05-29 10:46:46,444] multiqc                                            [DEBUG  ]  Ignoring file as matched an ignore pattern: POR_R0_C1_Aligned.sortedByCoord.out.bam
[2026-05-29 10:46:46,445] multiqc                                            [DEBUG  ]  Ignoring file as matched an ignore pattern: POR_R12_H3_Aligned.sortedByCoord.out.bam
[2026-05-29 10:46:46,448] multiqc                                            [DEBUG  ]  File ignored by ccs/v4 because it exceeded search pattern filesize limit: POR_R1_C1_Log.out
[2026-05-29 10:46:46,449] multiqc                                            [DEBUG  ]  File ignored by hicexplorer because it exceeded search pattern filesize limit: POR_R1_C1_Log.out
[2026-05-29 10:46:46,450] multiqc                                            [DEBUG  ]  File ignored by lima/summary because it exceeded search pattern filesize limit: POR_R1_C1_Log.out
[2026-05-29 10:46:46,452] multiqc                                            [DEBUG  ]  File ignored by longranger/invocation because it exceeded search pattern filesize limit: POR_R1_C1_Log.out
[2026-05-29 10:46:46,469] multiqc                                            [DEBUG  ]  File ignored by nanostat because it exceeded search pattern filesize limit: POR_R1_C1_Log.out
[2026-05-29 10:46:46,474] multiqc                                            [DEBUG  ]  File ignored by ccs/v4 because it exceeded search pattern filesize limit: POR_R12_H2_Log.progress.out
[2026-05-29 10:46:46,475] multiqc                                            [DEBUG  ]  File ignored by lima/summary because it exceeded search pattern filesize limit: POR_R12_H2_Log.progress.out
[2026-05-29 10:46:46,490] multiqc                                            [DEBUG  ]  Ignoring file as matched an ignore pattern: POR_R0_H3_Aligned.sortedByCoord.out.bam
[2026-05-29 10:46:46,494] multiqc                                            [DEBUG  ]  File ignored by ccs/v4 because it exceeded search pattern filesize limit: POR_R72_C1_Log.out
[2026-05-29 10:46:46,495] multiqc                                            [DEBUG  ]  File ignored by hicexplorer because it exceeded search pattern filesize limit: POR_R72_C1_Log.out
[2026-05-29 10:46:46,495] multiqc                                            [DEBUG  ]  File ignored by lima/summary because it exceeded search pattern filesize limit: POR_R72_C1_Log.out
[2026-05-29 10:46:46,497] multiqc                                            [DEBUG  ]  File ignored by longranger/invocation because it exceeded search pattern filesize limit: POR_R72_C1_Log.out
[2026-05-29 10:46:46,515] multiqc                                            [DEBUG  ]  File ignored by nanostat because it exceeded search pattern filesize limit: POR_R72_C1_Log.out
[2026-05-29 10:46:46,516] multiqc                                            [DEBUG  ]  Ignoring file as matched an ignore pattern: POR_R12_C1_Aligned.sortedByCoord.out.bam
[2026-05-29 10:46:46,530] multiqc                                            [DEBUG  ]  File ignored by ccs/v4 because it exceeded search pattern filesize limit: POR_R12_H1_Log.progress.out
[2026-05-29 10:46:46,531] multiqc                                            [DEBUG  ]  File ignored by lima/summary because it exceeded search pattern filesize limit: POR_R12_H1_Log.progress.out
[2026-05-29 10:46:46,543] multiqc                                            [DEBUG  ]  Ignoring file as matched an ignore pattern: POR_R3_H1_Aligned.sortedByCoord.out.bam
[2026-05-29 10:46:46,543] multiqc                                            [DEBUG  ]  Ignoring file as matched an ignore pattern: POR_R3_C3_Aligned.sortedByCoord.out.bam
[2026-05-29 10:46:46,547] multiqc                                            [DEBUG  ]  File ignored by ccs/v4 because it exceeded search pattern filesize limit: POR_R3_H2_Log.out
[2026-05-29 10:46:46,548] multiqc                                            [DEBUG  ]  File ignored by hicexplorer because it exceeded search pattern filesize limit: POR_R3_H2_Log.out
[2026-05-29 10:46:46,548] multiqc                                            [DEBUG  ]  File ignored by lima/summary because it exceeded search pattern filesize limit: POR_R3_H2_Log.out
[2026-05-29 10:46:46,550] multiqc                                            [DEBUG  ]  File ignored by longranger/invocation because it exceeded search pattern filesize limit: POR_R3_H2_Log.out
[2026-05-29 10:46:46,579] multiqc                                            [DEBUG  ]  File ignored by nanostat because it exceeded search pattern filesize limit: POR_R3_H2_Log.out
[2026-05-29 10:46:46,587] multiqc                                            [DEBUG  ]  File ignored by ccs/v4 because it exceeded search pattern filesize limit: POR_R120_C3_Log.out
[2026-05-29 10:46:46,588] multiqc                                            [DEBUG  ]  File ignored by hicexplorer because it exceeded search pattern filesize limit: POR_R120_C3_Log.out
[2026-05-29 10:46:46,588] multiqc                                            [DEBUG  ]  File ignored by lima/summary because it exceeded search pattern filesize limit: POR_R120_C3_Log.out
[2026-05-29 10:46:46,590] multiqc                                            [DEBUG  ]  File ignored by longranger/invocation because it exceeded search pattern filesize limit: POR_R120_C3_Log.out
[2026-05-29 10:46:46,607] multiqc                                            [DEBUG  ]  File ignored by nanostat because it exceeded search pattern filesize limit: POR_R120_C3_Log.out
[2026-05-29 10:46:46,637] multiqc                                            [DEBUG  ]  File ignored by ccs/v4 because it exceeded search pattern filesize limit: POR_R0_H1_Log.out
[2026-05-29 10:46:46,638] multiqc                                            [DEBUG  ]  File ignored by hicexplorer because it exceeded search pattern filesize limit: POR_R0_H1_Log.out
[2026-05-29 10:46:46,639] multiqc                                            [DEBUG  ]  File ignored by lima/summary because it exceeded search pattern filesize limit: POR_R0_H1_Log.out
[2026-05-29 10:46:46,647] multiqc                                            [DEBUG  ]  File ignored by longranger/invocation because it exceeded search pattern filesize limit: POR_R0_H1_Log.out
[2026-05-29 10:46:46,664] multiqc                                            [DEBUG  ]  File ignored by nanostat because it exceeded search pattern filesize limit: POR_R0_H1_Log.out
[2026-05-29 10:46:46,676] multiqc                                            [DEBUG  ]  Ignoring file as matched an ignore pattern: POR_R24_C2_Aligned.sortedByCoord.out.bam
[2026-05-29 10:46:46,676] multiqc                                            [DEBUG  ]  Ignoring file as matched an ignore pattern: POR_R120_H2_Aligned.sortedByCoord.out.bam
[2026-05-29 10:46:46,687] multiqc                                            [DEBUG  ]  File ignored by ccs/v4 because it exceeded search pattern filesize limit: POR_R120_H1_Log.out
[2026-05-29 10:46:46,689] multiqc                                            [DEBUG  ]  File ignored by hicexplorer because it exceeded search pattern filesize limit: POR_R120_H1_Log.out
[2026-05-29 10:46:46,689] multiqc                                            [DEBUG  ]  File ignored by lima/summary because it exceeded search pattern filesize limit: POR_R120_H1_Log.out
[2026-05-29 10:46:46,693] multiqc                                            [DEBUG  ]  File ignored by longranger/invocation because it exceeded search pattern filesize limit: POR_R120_H1_Log.out
[2026-05-29 10:46:46,717] multiqc                                            [DEBUG  ]  File ignored by nanostat because it exceeded search pattern filesize limit: POR_R120_H1_Log.out
[2026-05-29 10:46:46,718] multiqc                                            [DEBUG  ]  Ignoring file as matched an ignore pattern: POR_R1_H2_Aligned.sortedByCoord.out.bam
[2026-05-29 10:46:46,721] multiqc                                            [DEBUG  ]  File ignored by ccs/v4 because it exceeded search pattern filesize limit: POR_R72_H3_Log.progress.out
[2026-05-29 10:46:46,722] multiqc                                            [DEBUG  ]  File ignored by lima/summary because it exceeded search pattern filesize limit: POR_R72_H3_Log.progress.out
[2026-05-29 10:46:46,733] multiqc                                            [DEBUG  ]  File ignored by ccs/v4 because it exceeded search pattern filesize limit: POR_R0_C3_Log.out
[2026-05-29 10:46:46,734] multiqc                                            [DEBUG  ]  File ignored by hicexplorer because it exceeded search pattern filesize limit: POR_R0_C3_Log.out
[2026-05-29 10:46:46,734] multiqc                                            [DEBUG  ]  File ignored by lima/summary because it exceeded search pattern filesize limit: POR_R0_C3_Log.out
[2026-05-29 10:46:46,736] multiqc                                            [DEBUG  ]  File ignored by longranger/invocation because it exceeded search pattern filesize limit: POR_R0_C3_Log.out
[2026-05-29 10:46:46,761] multiqc                                            [DEBUG  ]  File ignored by nanostat because it exceeded search pattern filesize limit: POR_R0_C3_Log.out
[2026-05-29 10:46:46,787] multiqc                                            [DEBUG  ]  File ignored by ccs/v4 because it exceeded search pattern filesize limit: POR_R24_H2_Log.out
[2026-05-29 10:46:46,788] multiqc                                            [DEBUG  ]  File ignored by hicexplorer because it exceeded search pattern filesize limit: POR_R24_H2_Log.out
[2026-05-29 10:46:46,788] multiqc                                            [DEBUG  ]  File ignored by lima/summary because it exceeded search pattern filesize limit: POR_R24_H2_Log.out
[2026-05-29 10:46:46,790] multiqc                                            [DEBUG  ]  File ignored by longranger/invocation because it exceeded search pattern filesize limit: POR_R24_H2_Log.out
[2026-05-29 10:46:46,819] multiqc                                            [DEBUG  ]  File ignored by nanostat because it exceeded search pattern filesize limit: POR_R24_H2_Log.out
[2026-05-29 10:46:50,059] multiqc.plots.linegraph                            [DEBUG  ]  Using matplotlib version 3.4.3
[2026-05-29 10:46:50,075] multiqc.plots.bargraph                             [DEBUG  ]  Using matplotlib version 3.4.3
[2026-05-29 10:46:50,372] multiqc.modules.qualimap.qualimap                  [INFO   ]  Found 42 RNASeq reports
[2026-05-29 10:46:50,509] multiqc.modules.star.star                          [DEBUG  ]  Duplicate ReadsPerGene sample name found! Overwriting: POR_R24_C1
[2026-05-29 10:46:50,570] multiqc.modules.star.star                          [DEBUG  ]  Duplicate ReadsPerGene sample name found! Overwriting: POR_R12_H3
[2026-05-29 10:46:50,632] multiqc.modules.star.star                          [DEBUG  ]  Duplicate ReadsPerGene sample name found! Overwriting: POR_R1_C3
[2026-05-29 10:46:50,693] multiqc.modules.star.star                          [DEBUG  ]  Duplicate ReadsPerGene sample name found! Overwriting: POR_R3_H1
[2026-05-29 10:46:50,755] multiqc.modules.star.star                          [DEBUG  ]  Duplicate ReadsPerGene sample name found! Overwriting: POR_R1_H2
[2026-05-29 10:46:50,816] multiqc.modules.star.star                          [DEBUG  ]  Duplicate ReadsPerGene sample name found! Overwriting: POR_R12_C2
[2026-05-29 10:46:50,878] multiqc.modules.star.star                          [DEBUG  ]  Duplicate ReadsPerGene sample name found! Overwriting: POR_R120_H1
[2026-05-29 10:46:50,939] multiqc.modules.star.star                          [DEBUG  ]  Duplicate ReadsPerGene sample name found! Overwriting: POR_R72_H3
[2026-05-29 10:46:51,001] multiqc.modules.star.star                          [DEBUG  ]  Duplicate ReadsPerGene sample name found! Overwriting: POR_R72_C2
[2026-05-29 10:46:51,062] multiqc.modules.star.star                          [DEBUG  ]  Duplicate ReadsPerGene sample name found! Overwriting: POR_R0_C1
[2026-05-29 10:46:51,124] multiqc.modules.star.star                          [DEBUG  ]  Duplicate ReadsPerGene sample name found! Overwriting: POR_R1_C2
[2026-05-29 10:46:51,186] multiqc.modules.star.star                          [DEBUG  ]  Duplicate ReadsPerGene sample name found! Overwriting: POR_R12_H2
[2026-05-29 10:46:51,247] multiqc.modules.star.star                          [DEBUG  ]  Duplicate ReadsPerGene sample name found! Overwriting: POR_R24_H1
[2026-05-29 10:46:51,308] multiqc.modules.star.star                          [DEBUG  ]  Duplicate ReadsPerGene sample name found! Overwriting: POR_R12_C3
[2026-05-29 10:46:51,370] multiqc.modules.star.star                          [DEBUG  ]  Duplicate ReadsPerGene sample name found! Overwriting: POR_R1_H3
[2026-05-29 10:46:51,432] multiqc.modules.star.star                          [DEBUG  ]  Duplicate ReadsPerGene sample name found! Overwriting: POR_R3_C1
[2026-05-29 10:46:51,494] multiqc.modules.star.star                          [DEBUG  ]  Duplicate ReadsPerGene sample name found! Overwriting: POR_R72_H2
[2026-05-29 10:46:51,555] multiqc.modules.star.star                          [DEBUG  ]  Duplicate ReadsPerGene sample name found! Overwriting: POR_R0_H1
[2026-05-29 10:46:51,616] multiqc.modules.star.star                          [DEBUG  ]  Duplicate ReadsPerGene sample name found! Overwriting: POR_R120_C1
[2026-05-29 10:46:51,678] multiqc.modules.star.star                          [DEBUG  ]  Duplicate ReadsPerGene sample name found! Overwriting: POR_R72_C3
[2026-05-29 10:46:51,740] multiqc.modules.star.star                          [DEBUG  ]  Duplicate ReadsPerGene sample name found! Overwriting: POR_R24_H2
[2026-05-29 10:46:51,801] multiqc.modules.star.star                          [DEBUG  ]  Duplicate ReadsPerGene sample name found! Overwriting: POR_R3_C2
[2026-05-29 10:46:51,863] multiqc.modules.star.star                          [DEBUG  ]  Duplicate ReadsPerGene sample name found! Overwriting: POR_R3_H3
[2026-05-29 10:46:51,924] multiqc.modules.star.star                          [DEBUG  ]  Duplicate ReadsPerGene sample name found! Overwriting: POR_R24_C3
[2026-05-29 10:46:51,986] multiqc.modules.star.star                          [DEBUG  ]  Duplicate ReadsPerGene sample name found! Overwriting: POR_R1_C1
[2026-05-29 10:46:52,048] multiqc.modules.star.star                          [DEBUG  ]  Duplicate ReadsPerGene sample name found! Overwriting: POR_R12_H1
[2026-05-29 10:46:52,110] multiqc.modules.star.star                          [DEBUG  ]  Duplicate ReadsPerGene sample name found! Overwriting: POR_R120_C2
[2026-05-29 10:46:52,172] multiqc.modules.star.star                          [DEBUG  ]  Duplicate ReadsPerGene sample name found! Overwriting: POR_R0_C3
[2026-05-29 10:46:52,236] multiqc.modules.star.star                          [DEBUG  ]  Duplicate ReadsPerGene sample name found! Overwriting: POR_R0_H2
[2026-05-29 10:46:52,297] multiqc.modules.star.star                          [DEBUG  ]  Duplicate ReadsPerGene sample name found! Overwriting: POR_R72_H1
[2026-05-29 10:46:52,359] multiqc.modules.star.star                          [DEBUG  ]  Duplicate ReadsPerGene sample name found! Overwriting: POR_R120_H3
[2026-05-29 10:46:52,421] multiqc.modules.star.star                          [DEBUG  ]  Duplicate ReadsPerGene sample name found! Overwriting: POR_R3_C3
[2026-05-29 10:46:52,483] multiqc.modules.star.star                          [DEBUG  ]  Duplicate ReadsPerGene sample name found! Overwriting: POR_R24_H3
[2026-05-29 10:46:52,544] multiqc.modules.star.star                          [DEBUG  ]  Duplicate ReadsPerGene sample name found! Overwriting: POR_R1_H1
[2026-05-29 10:46:52,605] multiqc.modules.star.star                          [DEBUG  ]  Duplicate ReadsPerGene sample name found! Overwriting: POR_R12_C1
[2026-05-29 10:46:52,666] multiqc.modules.star.star                          [DEBUG  ]  Duplicate ReadsPerGene sample name found! Overwriting: POR_R24_C2
[2026-05-29 10:46:52,728] multiqc.modules.star.star                          [DEBUG  ]  Duplicate ReadsPerGene sample name found! Overwriting: POR_R3_H2
[2026-05-29 10:46:52,789] multiqc.modules.star.star                          [DEBUG  ]  Duplicate ReadsPerGene sample name found! Overwriting: POR_R0_C2
[2026-05-29 10:46:52,851] multiqc.modules.star.star                          [DEBUG  ]  Duplicate ReadsPerGene sample name found! Overwriting: POR_R72_C1
[2026-05-29 10:46:52,912] multiqc.modules.star.star                          [DEBUG  ]  Duplicate ReadsPerGene sample name found! Overwriting: POR_R120_C3
[2026-05-29 10:46:52,974] multiqc.modules.star.star                          [DEBUG  ]  Duplicate ReadsPerGene sample name found! Overwriting: POR_R120_H2
[2026-05-29 10:46:53,036] multiqc.modules.star.star                          [DEBUG  ]  Duplicate ReadsPerGene sample name found! Overwriting: POR_R0_H3
[2026-05-29 10:46:53,036] multiqc.modules.star.star                          [INFO   ]  Found 42 reports and 42 gene count files
[2026-05-29 10:46:53,073] multiqc                                            [INFO   ]  Compressing plot data
[2026-05-29 10:46:53,459] multiqc                                            [INFO   ]  Report      : multiqc_report.html
[2026-05-29 10:46:53,459] multiqc                                            [INFO   ]  Data        : multiqc_data
[2026-05-29 10:46:53,459] multiqc                                            [DEBUG  ]  Moving data file from '/tmp/tmpn48tovyn/multiqc_data' to '/project/pi_hputnam_uri_edu/zdellaert/TimeSeries/4-multi-species/output_RNA/alignment_qc/POR_Pcomp_rRNA_removed/multiqc_data'
[2026-05-29 10:46:53,982] multiqc                                            [INFO   ]  MultiQC complete
