"","DateTimeEST","TempC","IntensityLux","Tank","Treatment"
"1",2025-06-25 08:04:41,25.61,0,"Tank1","Control"
"2",2025-06-25 08:09:41,25.708,0,"Tank1","Control"
"3",2025-06-25 08:14:41,25.61,0,"Tank1","Control"
"4",2025-06-25 08:19:41,25.61,0,"Tank1","Control"
"5",2025-06-25 08:24:41,25.61,0,"Tank1","Control"
"6",2025-06-25 08:29:41,25.61,0,"Tank1","Control"
"7",2025-06-25 08:34:41,25.513,10.8,"Tank1","Control"
"8",2025-06-25 08:39:41,25.513,64.6,"Tank1","Control"
"9",2025-06-25 08:44:41,25.513,107.6,"Tank1","Control"
"10",2025-06-25 08:49:41,25.513,150.7,"Tank1","Control"
"11",2025-06-25 08:54:41,25.708,387.5,"Tank1","Control"
"12",2025-06-25 08:59:41,25.708,247.6,"Tank1","Control"
"13",2025-06-25 09:04:41,25.61,279.9,"Tank1","Control"
"14",2025-06-25 09:09:41,25.61,183,"Tank1","Control"
"15",2025-06-25 09:14:41,25.513,258.3,"Tank1","Control"
"16",2025-06-25 09:19:41,25.513,301.4,"Tank1","Control"
"17",2025-06-25 09:24:41,25.513,322.9,"Tank1","Control"
"18",2025-06-25 09:29:41,25.513,344.4,"Tank1","Control"
"19",2025-06-25 09:34:41,25.416,409,"Tank1","Control"
"20",2025-06-25 09:39:41,25.416,344.4,"Tank1","Control"
"21",2025-06-25 09:44:41,25.416,366,"Tank1","Control"
"22",2025-06-25 09:49:41,25.513,301.4,"Tank1","Control"
"23",2025-06-25 09:54:41,25.513,0,"Tank1","Control"
"24",2025-06-25 09:59:41,25.513,0,"Tank1","Control"
"25",2025-06-25 10:04:41,25.513,0,"Tank1","Control"
"26",2025-06-25 10:09:41,25.416,484.4,"Tank1","Control"
"27",2025-06-25 10:14:41,25.416,505.9,"Tank1","Control"
"28",2025-06-25 10:19:41,25.513,484.4,"Tank1","Control"
"29",2025-06-25 10:24:41,25.61,516.7,"Tank1","Control"
"30",2025-06-25 10:29:41,25.513,645.8,"Tank1","Control"
"31",2025-06-25 10:34:41,25.513,667.4,"Tank1","Control"
"32",2025-06-25 10:39:41,25.513,742.7,"Tank1","Control"
"33",2025-06-25 10:44:41,25.416,0,"Tank1","Control"
"34",2025-06-25 10:49:41,25.416,0,"Tank1","Control"
"35",2025-06-25 10:54:41,25.319,0,"Tank1","Control"
"36",2025-06-25 10:59:41,25.513,0,"Tank1","Control"
"37",2025-06-25 11:04:41,25.513,0,"Tank1","Control"
"38",2025-06-25 11:09:41,25.513,0,"Tank1","Control"
"39",2025-06-25 11:14:41,25.416,0,"Tank1","Control"
"40",2025-06-25 11:19:41,25.416,0,"Tank1","Control"
"41",2025-06-25 11:24:41,25.319,0,"Tank1","Control"
"42",2025-06-25 11:29:41,25.319,0,"Tank1","Control"
"43",2025-06-25 11:34:41,25.513,0,"Tank1","Control"
"44",2025-06-25 11:39:41,25.513,0,"Tank1","Control"
"45",2025-06-25 11:44:41,25.513,0,"Tank1","Control"
"46",2025-06-25 11:49:41,25.513,10.8,"Tank1","Control"
"47",2025-06-25 11:54:41,25.513,1054.9,"Tank1","Control"
"48",2025-06-25 11:59:41,25.513,1173.3,"Tank1","Control"
"49",2025-06-25 12:04:41,25.416,1205.6,"Tank1","Control"
"50",2025-06-25 12:09:41,25.513,1248.6,"Tank1","Control"
"51",2025-06-25 12:14:41,25.61,1227.1,"Tank1","Control"
"52",2025-06-25 12:19:41,25.61,1270.1,"Tank1","Control"
"53",2025-06-25 12:24:41,25.61,1227.1,"Tank1","Control"
"54",2025-06-25 12:29:41,25.513,1270.1,"Tank1","Control"
"55",2025-06-25 12:34:41,25.513,1280.9,"Tank1","Control"
"56",2025-06-25 12:39:41,25.513,1194.8,"Tank1","Control"
"57",2025-06-25 12:44:41,25.513,1184,"Tank1","Control"
"58",2025-06-25 12:49:41,25.513,1227.1,"Tank1","Control"
"59",2025-06-25 12:54:41,25.319,0,"Tank1","Control"
"60",2025-06-25 12:59:41,25.416,0,"Tank1","Control"
"61",2025-06-25 13:04:41,25.513,0,"Tank1","Control"
"62",2025-06-25 13:09:41,25.513,0,"Tank1","Control"
"63",2025-06-25 13:14:41,25.513,0,"Tank1","Control"
"64",2025-06-25 13:19:41,25.513,0,"Tank1","Control"
"65",2025-06-25 13:24:41,25.513,0,"Tank1","Control"
"66",2025-06-25 13:29:41,25.416,0,"Tank1","Control"
"67",2025-06-25 13:34:41,25.416,0,"Tank1","Control"
"68",2025-06-25 13:39:41,25.416,1259.4,"Tank1","Control"
"69",2025-06-25 13:44:41,25.416,1248.6,"Tank1","Control"
"70",2025-06-25 13:49:41,25.513,1248.6,"Tank1","Control"
"71",2025-06-25 13:54:41,25.61,1270.1,"Tank1","Control"
"72",2025-06-25 13:59:41,25.61,1184,"Tank1","Control"
"73",2025-06-25 14:04:41,25.61,1302.4,"Tank1","Control"
"74",2025-06-25 14:09:41,25.61,1259.4,"Tank1","Control"
"75",2025-06-25 14:14:41,25.61,1259.4,"Tank1","Control"
"76",2025-06-25 14:19:41,25.513,1216.3,"Tank1","Control"
"77",2025-06-25 14:24:41,25.513,968.8,"Tank1","Control"
"78",2025-06-25 14:29:41,25.513,1065.6,"Tank1","Control"
"79",2025-06-25 14:34:41,25.416,1011.8,"Tank1","Control"
"80",2025-06-25 14:39:41,25.513,1270.1,"Tank1","Control"
"81",2025-06-25 14:44:41,25.61,1184,"Tank1","Control"
"82",2025-06-25 14:49:41,25.61,1184,"Tank1","Control"
"83",2025-06-25 14:54:41,25.61,1270.1,"Tank1","Control"
"84",2025-06-25 14:59:41,25.61,1259.4,"Tank1","Control"
"85",2025-06-25 15:04:41,25.61,1291.7,"Tank1","Control"
"86",2025-06-25 15:09:41,25.513,1270.1,"Tank1","Control"
"87",2025-06-25 15:14:41,25.513,1248.6,"Tank1","Control"
"88",2025-06-25 15:19:41,25.513,602.8,"Tank1","Control"
"89",2025-06-25 15:24:41,25.513,1259.4,"Tank1","Control"
"90",2025-06-25 15:29:41,25.416,1291.7,"Tank1","Control"
"91",2025-06-25 15:34:41,25.416,1291.7,"Tank1","Control"
"92",2025-06-25 15:39:41,25.61,1259.4,"Tank1","Control"
"93",2025-06-25 15:44:41,25.61,1259.4,"Tank1","Control"
"94",2025-06-25 15:49:41,25.61,1291.7,"Tank1","Control"
"95",2025-06-25 15:54:41,25.61,1270.1,"Tank1","Control"
"96",2025-06-25 15:59:41,25.61,1248.6,"Tank1","Control"
"97",2025-06-25 16:04:41,25.513,1227.1,"Tank1","Control"
"98",2025-06-25 16:09:41,25.513,1248.6,"Tank1","Control"
"99",2025-06-25 16:14:41,25.513,1227.1,"Tank1","Control"
"100",2025-06-25 16:19:41,25.513,1151.7,"Tank1","Control"
"101",2025-06-25 16:24:41,25.416,1097.9,"Tank1","Control"
"102",2025-06-25 16:29:41,25.416,1119.5,"Tank1","Control"
"103",2025-06-25 16:34:41,25.61,1076.4,"Tank1","Control"
"104",2025-06-25 16:39:41,25.61,1011.8,"Tank1","Control"
"105",2025-06-25 16:44:41,25.61,1033.3,"Tank1","Control"
"106",2025-06-25 16:49:41,25.61,968.8,"Tank1","Control"
"107",2025-06-25 16:54:41,25.513,914.9,"Tank1","Control"
"108",2025-06-25 16:59:41,25.513,904.2,"Tank1","Control"
"109",2025-06-25 17:04:41,25.513,861.1,"Tank1","Control"
"110",2025-06-25 17:09:41,25.513,904.2,"Tank1","Control"
"111",2025-06-25 17:14:41,25.513,775,"Tank1","Control"
"112",2025-06-25 17:19:41,25.416,807.3,"Tank1","Control"
"113",2025-06-25 17:24:41,25.416,710.4,"Tank1","Control"
"114",2025-06-25 17:29:41,25.513,742.7,"Tank1","Control"
"115",2025-06-25 17:34:41,25.61,753.5,"Tank1","Control"
"116",2025-06-25 17:39:41,25.61,645.8,"Tank1","Control"
"117",2025-06-25 17:44:41,25.61,581.3,"Tank1","Control"
"118",2025-06-25 17:49:41,25.513,581.3,"Tank1","Control"
"119",2025-06-25 17:54:41,25.513,656.6,"Tank1","Control"
"120",2025-06-25 17:59:41,25.513,527.4,"Tank1","Control"
"121",2025-06-25 18:04:41,25.513,581.3,"Tank1","Control"
"122",2025-06-25 18:09:41,25.416,495.1,"Tank1","Control"
"123",2025-06-25 18:14:41,25.416,495.1,"Tank1","Control"
"124",2025-06-25 18:19:41,25.416,430.6,"Tank1","Control"
"125",2025-06-25 18:24:41,25.513,484.4,"Tank1","Control"
"126",2025-06-25 18:29:41,25.61,322.9,"Tank1","Control"
"127",2025-06-25 18:34:41,25.61,301.4,"Tank1","Control"
"128",2025-06-25 18:39:41,25.61,269.1,"Tank1","Control"
"129",2025-06-25 18:44:41,25.513,269.1,"Tank1","Control"
"130",2025-06-25 18:49:41,25.513,258.3,"Tank1","Control"
"131",2025-06-25 18:54:41,25.513,236.8,"Tank1","Control"
"132",2025-06-25 18:59:41,25.416,204.5,"Tank1","Control"
"133",2025-06-25 19:04:41,25.416,172.2,"Tank1","Control"
"134",2025-06-25 19:09:41,25.416,172.2,"Tank1","Control"
"135",2025-06-25 19:14:41,25.416,96.9,"Tank1","Control"
"136",2025-06-25 19:19:41,25.61,75.3,"Tank1","Control"
"137",2025-06-25 19:24:41,25.61,183,"Tank1","Control"
"138",2025-06-25 19:29:41,25.513,150.7,"Tank1","Control"
"139",2025-06-25 19:34:41,25.513,53.8,"Tank1","Control"
"140",2025-06-25 19:39:41,25.513,32.3,"Tank1","Control"
"141",2025-06-25 19:44:41,25.513,21.5,"Tank1","Control"
"142",2025-06-25 19:49:41,25.416,10.8,"Tank1","Control"
"143",2025-06-25 19:54:41,25.416,0,"Tank1","Control"
"144",2025-06-25 19:59:41,25.319,0,"Tank1","Control"
"145",2025-06-25 20:04:41,25.513,0,"Tank1","Control"
"146",2025-06-25 20:09:41,25.61,0,"Tank1","Control"
"147",2025-06-25 20:14:41,25.513,0,"Tank1","Control"
"148",2025-06-25 20:19:41,25.513,0,"Tank1","Control"
"149",2025-06-25 20:24:41,25.513,0,"Tank1","Control"
"150",2025-06-25 20:29:41,25.416,0,"Tank1","Control"
"151",2025-06-25 20:34:41,25.416,0,"Tank1","Control"
"152",2025-06-25 20:39:41,25.319,0,"Tank1","Control"
"153",2025-06-25 20:44:41,25.61,0,"Tank1","Control"
"154",2025-06-25 20:49:41,25.61,0,"Tank1","Control"
"155",2025-06-25 20:54:41,25.61,0,"Tank1","Control"
"156",2025-06-25 20:59:41,25.513,0,"Tank1","Control"
"157",2025-06-25 21:04:41,25.513,0,"Tank1","Control"
"158",2025-06-25 21:09:41,25.513,0,"Tank1","Control"
"159",2025-06-25 21:14:41,25.416,0,"Tank1","Control"
"160",2025-06-25 21:19:41,25.319,0,"Tank1","Control"
"161",2025-06-25 21:24:41,25.513,0,"Tank1","Control"
"162",2025-06-25 21:29:41,25.61,0,"Tank1","Control"
"163",2025-06-25 21:34:41,25.513,0,"Tank1","Control"
"164",2025-06-25 21:39:41,25.513,0,"Tank1","Control"
"165",2025-06-25 21:44:41,25.416,0,"Tank1","Control"
"166",2025-06-25 21:49:41,25.416,0,"Tank1","Control"
"167",2025-06-25 21:54:41,25.416,0,"Tank1","Control"
"168",2025-06-25 21:59:41,25.416,0,"Tank1","Control"
"169",2025-06-25 22:04:41,25.61,10.8,"Tank1","Control"
"170",2025-06-25 22:09:41,25.61,10.8,"Tank1","Control"
"171",2025-06-25 22:14:41,25.513,10.8,"Tank1","Control"
"172",2025-06-25 22:19:41,25.513,10.8,"Tank1","Control"
"173",2025-06-25 22:24:41,25.416,0,"Tank1","Control"
"174",2025-06-25 22:29:41,25.416,0,"Tank1","Control"
"175",2025-06-25 22:34:41,25.416,0,"Tank1","Control"
"176",2025-06-25 22:39:41,25.319,0,"Tank1","Control"
"177",2025-06-25 22:44:41,25.319,0,"Tank1","Control"
"178",2025-06-25 22:49:41,25.319,0,"Tank1","Control"
"179",2025-06-25 22:54:41,25.222,0,"Tank1","Control"
"180",2025-06-25 22:59:41,25.416,0,"Tank1","Control"
"181",2025-06-25 23:04:41,25.416,0,"Tank1","Control"
"182",2025-06-25 23:09:41,25.416,0,"Tank1","Control"
"183",2025-06-25 23:14:41,25.416,0,"Tank1","Control"
"184",2025-06-25 23:19:41,25.319,0,"Tank1","Control"
"185",2025-06-25 23:24:41,25.319,0,"Tank1","Control"
"186",2025-06-25 23:29:41,25.319,0,"Tank1","Control"
"187",2025-06-25 23:34:41,25.319,0,"Tank1","Control"
"188",2025-06-25 23:39:41,25.222,0,"Tank1","Control"
"189",2025-06-25 23:44:41,25.416,0,"Tank1","Control"
"190",2025-06-25 23:49:41,25.513,0,"Tank1","Control"
"191",2025-06-25 23:54:41,25.416,0,"Tank1","Control"
"192",2025-06-25 23:59:41,25.416,0,"Tank1","Control"
"193",2025-06-26 00:04:41,25.319,0,"Tank1","Control"
"194",2025-06-26 00:09:41,25.319,0,"Tank1","Control"
"195",2025-06-26 00:14:41,25.319,0,"Tank1","Control"
"196",2025-06-26 00:19:41,25.319,0,"Tank1","Control"
"197",2025-06-26 00:24:41,25.222,0,"Tank1","Control"
"198",2025-06-26 00:29:41,25.416,0,"Tank1","Control"
"199",2025-06-26 00:34:41,25.416,0,"Tank1","Control"
"200",2025-06-26 00:39:41,25.416,0,"Tank1","Control"
"201",2025-06-26 00:44:41,25.416,0,"Tank1","Control"
"202",2025-06-26 00:49:41,25.319,0,"Tank1","Control"
"203",2025-06-26 00:54:41,25.319,0,"Tank1","Control"
"204",2025-06-26 00:59:41,25.319,0,"Tank1","Control"
"205",2025-06-26 01:04:41,25.319,0,"Tank1","Control"
"206",2025-06-26 01:09:41,25.222,0,"Tank1","Control"
"207",2025-06-26 01:14:41,25.319,0,"Tank1","Control"
"208",2025-06-26 01:19:41,25.319,0,"Tank1","Control"
"209",2025-06-26 01:24:41,25.319,0,"Tank1","Control"
"210",2025-06-26 01:29:41,25.319,0,"Tank1","Control"
"211",2025-06-26 01:34:41,25.319,0,"Tank1","Control"
"212",2025-06-26 01:39:41,25.319,0,"Tank1","Control"
"213",2025-06-26 01:44:41,25.319,0,"Tank1","Control"
"214",2025-06-26 01:49:41,25.319,0,"Tank1","Control"
"215",2025-06-26 01:54:41,25.319,0,"Tank1","Control"
"216",2025-06-26 01:59:41,25.319,0,"Tank1","Control"
"217",2025-06-26 02:04:41,25.319,0,"Tank1","Control"
"218",2025-06-26 02:09:41,25.319,0,"Tank1","Control"
"219",2025-06-26 02:14:41,25.222,0,"Tank1","Control"
"220",2025-06-26 02:19:41,25.416,0,"Tank1","Control"
"221",2025-06-26 02:24:41,25.513,0,"Tank1","Control"
"222",2025-06-26 02:29:41,25.513,0,"Tank1","Control"
"223",2025-06-26 02:34:41,25.416,0,"Tank1","Control"
"224",2025-06-26 02:39:41,25.416,0,"Tank1","Control"
"225",2025-06-26 02:44:41,25.319,0,"Tank1","Control"
"226",2025-06-26 02:49:41,25.319,0,"Tank1","Control"
"227",2025-06-26 02:54:41,25.319,0,"Tank1","Control"
"228",2025-06-26 02:59:41,25.319,0,"Tank1","Control"
"229",2025-06-26 03:04:41,25.319,0,"Tank1","Control"
"230",2025-06-26 03:09:41,25.319,0,"Tank1","Control"
"231",2025-06-26 03:14:41,25.416,0,"Tank1","Control"
"232",2025-06-26 03:19:41,25.416,0,"Tank1","Control"
"233",2025-06-26 03:24:41,25.416,0,"Tank1","Control"
"234",2025-06-26 03:29:41,25.319,0,"Tank1","Control"
"235",2025-06-26 03:34:41,25.319,0,"Tank1","Control"
"236",2025-06-26 03:39:41,25.319,0,"Tank1","Control"
"237",2025-06-26 03:44:41,25.319,0,"Tank1","Control"
"238",2025-06-26 03:49:41,25.222,0,"Tank1","Control"
"239",2025-06-26 03:54:41,25.416,0,"Tank1","Control"
"240",2025-06-26 03:59:41,25.513,0,"Tank1","Control"
"241",2025-06-26 04:04:41,25.416,0,"Tank1","Control"
"242",2025-06-26 04:09:41,25.416,0,"Tank1","Control"
"243",2025-06-26 04:14:41,25.416,0,"Tank1","Control"
"244",2025-06-26 04:19:41,25.319,0,"Tank1","Control"
"245",2025-06-26 04:24:41,25.319,0,"Tank1","Control"
"246",2025-06-26 04:29:41,25.319,0,"Tank1","Control"
"247",2025-06-26 04:34:41,25.319,0,"Tank1","Control"
"248",2025-06-26 04:39:41,25.222,0,"Tank1","Control"
"249",2025-06-26 04:44:41,25.416,0,"Tank1","Control"
"250",2025-06-26 04:49:41,25.416,0,"Tank1","Control"
"251",2025-06-26 04:54:41,25.416,0,"Tank1","Control"
"252",2025-06-26 04:59:41,25.416,0,"Tank1","Control"
"253",2025-06-26 05:04:41,25.319,0,"Tank1","Control"
"254",2025-06-26 05:09:41,25.319,0,"Tank1","Control"
"255",2025-06-26 05:14:41,25.319,0,"Tank1","Control"
"256",2025-06-26 05:19:41,25.319,0,"Tank1","Control"
"257",2025-06-26 05:24:41,25.222,0,"Tank1","Control"
"258",2025-06-26 05:29:41,25.416,0,"Tank1","Control"
"259",2025-06-26 05:34:41,25.416,0,"Tank1","Control"
"260",2025-06-26 05:39:41,25.416,0,"Tank1","Control"
"261",2025-06-26 05:44:41,25.319,0,"Tank1","Control"
"262",2025-06-26 05:49:41,25.319,0,"Tank1","Control"
"263",2025-06-26 05:54:41,25.319,0,"Tank1","Control"
"264",2025-06-26 05:59:41,25.319,0,"Tank1","Control"
"265",2025-06-26 06:04:41,25.319,0,"Tank1","Control"
"266",2025-06-26 06:09:41,25.319,0,"Tank1","Control"
"267",2025-06-26 06:14:41,25.416,0,"Tank1","Control"
"268",2025-06-26 06:19:41,25.416,0,"Tank1","Control"
"269",2025-06-26 06:24:41,25.416,0,"Tank1","Control"
"270",2025-06-26 06:29:41,25.416,0,"Tank1","Control"
"271",2025-06-26 06:34:41,25.319,0,"Tank1","Control"
"272",2025-06-26 06:39:41,25.319,0,"Tank1","Control"
"273",2025-06-26 06:44:41,25.319,0,"Tank1","Control"
"274",2025-06-26 06:49:41,25.319,0,"Tank1","Control"
"275",2025-06-26 06:54:41,25.319,0,"Tank1","Control"
"276",2025-06-26 06:59:41,25.319,0,"Tank1","Control"
"277",2025-06-26 07:04:41,25.416,0,"Tank1","Control"
"278",2025-06-26 07:09:41,25.513,0,"Tank1","Control"
"279",2025-06-26 07:14:41,25.416,0,"Tank1","Control"
"280",2025-06-26 07:19:41,25.416,0,"Tank1","Control"
"281",2025-06-26 07:24:41,25.319,0,"Tank1","Control"
"282",2025-06-26 07:29:41,25.319,0,"Tank1","Control"
"283",2025-06-26 07:34:41,25.319,0,"Tank1","Control"
"284",2025-06-26 07:39:41,25.319,0,"Tank1","Control"
"285",2025-06-26 07:44:41,25.319,0,"Tank1","Control"
"286",2025-06-26 07:49:41,25.222,0,"Tank1","Control"
"287",2025-06-26 07:54:41,25.416,0,"Tank1","Control"
"288",2025-06-26 07:59:41,25.416,0,"Tank1","Control"
"289",2025-06-26 08:04:41,25.416,0,"Tank1","Control"
"290",2025-06-26 08:09:41,25.416,0,"Tank1","Control"
"291",2025-06-26 08:14:41,25.416,0,"Tank1","Control"
"292",2025-06-26 08:19:41,25.319,0,"Tank1","Control"
"293",2025-06-26 08:24:41,25.319,0,"Tank1","Control"
"294",2025-06-26 08:29:41,25.319,0,"Tank1","Control"
"295",2025-06-26 08:34:41,25.222,10.8,"Tank1","Control"
"296",2025-06-26 08:39:41,25.416,10.8,"Tank1","Control"
"297",2025-06-26 08:44:41,25.513,10.8,"Tank1","Control"
"298",2025-06-26 08:49:41,25.513,10.8,"Tank1","Control"
"299",2025-06-26 08:54:41,25.416,10.8,"Tank1","Control"
"300",2025-06-26 08:59:41,25.416,226,"Tank1","Control"
"301",2025-06-26 09:04:41,25.416,139.9,"Tank1","Control"
"302",2025-06-26 09:09:41,25.319,312.2,"Tank1","Control"
"303",2025-06-26 09:14:41,25.319,322.9,"Tank1","Control"
"304",2025-06-26 09:19:41,25.319,226,"Tank1","Control"
"305",2025-06-26 09:24:41,25.319,269.1,"Tank1","Control"
"306",2025-06-26 09:29:41,25.319,269.1,"Tank1","Control"
"307",2025-06-26 09:34:41,25.319,301.4,"Tank1","Control"
"308",2025-06-26 09:39:41,25.319,333.7,"Tank1","Control"
"309",2025-06-26 09:44:41,25.513,409,"Tank1","Control"
"310",2025-06-26 09:49:41,25.513,376.7,"Tank1","Control"
"311",2025-06-26 09:54:41,25.513,505.9,"Tank1","Control"
"312",2025-06-26 09:59:41,25.416,538.2,"Tank1","Control"
"313",2025-06-26 10:04:41,25.416,613.5,"Tank1","Control"
"314",2025-06-26 10:09:41,25.416,592,"Tank1","Control"
"315",2025-06-26 10:14:41,25.416,592,"Tank1","Control"
"316",2025-06-26 10:19:41,25.319,602.8,"Tank1","Control"
"317",2025-06-26 10:24:41,25.319,538.2,"Tank1","Control"
"318",2025-06-26 10:29:41,25.319,688.9,"Tank1","Control"
"319",2025-06-26 10:34:41,25.319,602.8,"Tank1","Control"
"320",2025-06-26 10:39:41,25.319,710.4,"Tank1","Control"
"321",2025-06-26 10:44:41,25.319,721.2,"Tank1","Control"
"322",2025-06-26 10:49:41,25.513,753.5,"Tank1","Control"
"323",2025-06-26 10:54:41,25.513,775,"Tank1","Control"
"324",2025-06-26 10:59:41,25.513,775,"Tank1","Control"
"325",2025-06-26 11:04:41,25.513,818.1,"Tank1","Control"
"326",2025-06-26 11:09:41,25.513,882.6,"Tank1","Control"
"327",2025-06-26 11:14:41,25.513,828.8,"Tank1","Control"
"328",2025-06-26 11:19:41,25.416,882.6,"Tank1","Control"
"329",2025-06-26 11:24:41,25.416,914.9,"Tank1","Control"
"330",2025-06-26 11:29:41,25.416,947.2,"Tank1","Control"
"331",2025-06-26 11:34:41,25.416,968.8,"Tank1","Control"
"332",2025-06-26 11:39:41,25.416,1033.3,"Tank1","Control"
"333",2025-06-26 11:44:41,25.319,1011.8,"Tank1","Control"
"334",2025-06-26 11:49:41,25.319,1076.4,"Tank1","Control"
"335",2025-06-26 11:54:41,25.319,1033.3,"Tank1","Control"
"336",2025-06-26 11:59:41,25.319,1162.5,"Tank1","Control"
"337",2025-06-26 12:04:41,25.513,1162.5,"Tank1","Control"
"338",2025-06-26 12:09:41,25.61,1162.5,"Tank1","Control"
"339",2025-06-26 12:14:41,25.513,1119.5,"Tank1","Control"
"340",2025-06-26 12:19:41,25.513,1097.9,"Tank1","Control"
"341",2025-06-26 12:24:41,25.513,1119.5,"Tank1","Control"
"342",2025-06-26 12:29:41,25.513,1162.5,"Tank1","Control"
"343",2025-06-26 12:34:41,25.513,1087.2,"Tank1","Control"
"344",2025-06-26 12:39:41,25.513,1087.2,"Tank1","Control"
"345",2025-06-26 12:44:41,25.513,1151.7,"Tank1","Control"
"346",2025-06-26 12:49:41,25.513,1173.3,"Tank1","Control"
"347",2025-06-26 12:54:41,25.319,0,"Tank1","Control"
"348",2025-06-26 12:59:41,25.319,0,"Tank1","Control"
"349",2025-06-26 13:04:41,25.319,0,"Tank1","Control"
"350",2025-06-26 13:09:41,25.319,0,"Tank1","Control"
"351",2025-06-26 13:14:41,25.319,0,"Tank1","Control"
"352",2025-06-26 13:19:41,25.319,0,"Tank1","Control"
"353",2025-06-26 13:24:41,25.222,0,"Tank1","Control"
"354",2025-06-26 13:29:41,25.416,1119.5,"Tank1","Control"
"355",2025-06-26 13:34:41,25.513,1141,"Tank1","Control"
"356",2025-06-26 13:39:41,25.513,1141,"Tank1","Control"
"357",2025-06-26 13:44:41,25.513,1151.7,"Tank1","Control"
"358",2025-06-26 13:49:41,25.513,1119.5,"Tank1","Control"
"359",2025-06-26 13:54:41,25.513,1184,"Tank1","Control"
"360",2025-06-26 13:59:41,25.416,1141,"Tank1","Control"
"361",2025-06-26 14:04:41,25.416,1108.7,"Tank1","Control"
"362",2025-06-26 14:09:41,25.416,1141,"Tank1","Control"
"363",2025-06-26 14:14:41,25.416,1097.9,"Tank1","Control"
"364",2025-06-26 14:19:41,25.416,1173.3,"Tank1","Control"
"365",2025-06-26 14:24:41,25.319,1097.9,"Tank1","Control"
"366",2025-06-26 14:29:41,25.319,1141,"Tank1","Control"
"367",2025-06-26 14:34:41,25.319,1097.9,"Tank1","Control"
"368",2025-06-26 14:39:41,25.319,1087.2,"Tank1","Control"
"369",2025-06-26 14:44:41,25.319,1119.5,"Tank1","Control"
"370",2025-06-26 14:49:41,25.416,1141,"Tank1","Control"
"371",2025-06-26 14:54:41,25.513,1119.5,"Tank1","Control"
"372",2025-06-26 14:59:41,25.513,1097.9,"Tank1","Control"
"373",2025-06-26 15:04:41,25.513,1119.5,"Tank1","Control"
"374",2025-06-26 15:09:41,25.513,1119.5,"Tank1","Control"
"375",2025-06-26 15:14:41,25.513,1130.2,"Tank1","Control"
"376",2025-06-26 15:19:41,25.416,1141,"Tank1","Control"
"377",2025-06-26 15:24:41,25.416,1044.1,"Tank1","Control"
"378",2025-06-26 15:29:41,25.416,1141,"Tank1","Control"
"379",2025-06-26 15:34:41,25.416,1097.9,"Tank1","Control"
"380",2025-06-26 15:39:41,25.416,1162.5,"Tank1","Control"
"381",2025-06-26 15:44:41,25.416,1141,"Tank1","Control"
"382",2025-06-26 15:49:41,25.319,1054.9,"Tank1","Control"
"383",2025-06-26 15:54:41,25.319,1141,"Tank1","Control"
"384",2025-06-26 15:59:41,25.319,1108.7,"Tank1","Control"
"385",2025-06-26 16:04:41,25.319,1065.6,"Tank1","Control"
"386",2025-06-26 16:09:41,25.319,1141,"Tank1","Control"
"387",2025-06-26 16:14:41,25.319,1130.2,"Tank1","Control"
"388",2025-06-26 16:19:41,25.319,1141,"Tank1","Control"
"389",2025-06-26 16:24:41,25.513,1044.1,"Tank1","Control"
"390",2025-06-26 16:29:41,25.513,968.8,"Tank1","Control"
"391",2025-06-26 16:34:41,25.513,947.2,"Tank1","Control"
"392",2025-06-26 16:39:41,25.416,871.9,"Tank1","Control"
"393",2025-06-26 16:44:41,25.416,861.1,"Tank1","Control"
"394",2025-06-26 16:49:41,25.416,807.3,"Tank1","Control"
"395",2025-06-26 16:54:41,25.319,807.3,"Tank1","Control"
"396",2025-06-26 16:59:41,25.319,721.2,"Tank1","Control"
"397",2025-06-26 17:04:41,25.319,796.5,"Tank1","Control"
"398",2025-06-26 17:09:41,25.319,731.9,"Tank1","Control"
"399",2025-06-26 17:14:41,25.319,699.7,"Tank1","Control"
"400",2025-06-26 17:19:41,25.513,570.5,"Tank1","Control"
"401",2025-06-26 17:24:41,25.513,688.9,"Tank1","Control"
"402",2025-06-26 17:29:41,25.513,516.7,"Tank1","Control"
"403",2025-06-26 17:34:41,25.513,602.8,"Tank1","Control"
"404",2025-06-26 17:39:41,25.416,516.7,"Tank1","Control"
"405",2025-06-26 17:44:41,25.416,581.3,"Tank1","Control"
"406",2025-06-26 17:49:41,25.416,527.4,"Tank1","Control"
"407",2025-06-26 17:54:41,25.416,430.6,"Tank1","Control"
"408",2025-06-26 17:59:41,25.319,441.3,"Tank1","Control"
"409",2025-06-26 18:04:41,25.319,366,"Tank1","Control"
"410",2025-06-26 18:09:41,25.319,366,"Tank1","Control"
"411",2025-06-26 18:14:41,25.319,387.5,"Tank1","Control"
"412",2025-06-26 18:19:41,25.319,247.6,"Tank1","Control"
"413",2025-06-26 18:24:41,25.513,279.9,"Tank1","Control"
"414",2025-06-26 18:29:41,25.513,301.4,"Tank1","Control"
"415",2025-06-26 18:34:41,25.416,204.5,"Tank1","Control"
"416",2025-06-26 18:39:41,25.416,204.5,"Tank1","Control"
"417",2025-06-26 18:44:41,25.416,269.1,"Tank1","Control"
"418",2025-06-26 18:49:41,25.416,322.9,"Tank1","Control"
"419",2025-06-26 18:54:41,25.319,193.8,"Tank1","Control"
"420",2025-06-26 18:59:41,25.319,236.8,"Tank1","Control"
"421",2025-06-26 19:04:41,25.319,86.1,"Tank1","Control"
"422",2025-06-26 19:09:41,25.319,96.9,"Tank1","Control"
"423",2025-06-26 19:14:41,25.319,96.9,"Tank1","Control"
"424",2025-06-26 19:19:41,25.416,193.8,"Tank1","Control"
"425",2025-06-26 19:24:41,25.416,21.5,"Tank1","Control"
"426",2025-06-26 19:29:41,25.416,129.2,"Tank1","Control"
"427",2025-06-26 19:34:41,25.416,64.6,"Tank1","Control"
"428",2025-06-26 19:39:41,25.319,0,"Tank1","Control"
"429",2025-06-26 19:44:41,25.319,53.8,"Tank1","Control"
"430",2025-06-26 19:49:41,25.319,10.8,"Tank1","Control"
"431",2025-06-26 19:54:41,25.319,0,"Tank1","Control"
"432",2025-06-26 19:59:41,25.222,0,"Tank1","Control"
"433",2025-06-26 20:04:41,25.416,0,"Tank1","Control"
"434",2025-06-26 20:09:41,25.513,0,"Tank1","Control"
"435",2025-06-26 20:14:41,25.416,0,"Tank1","Control"
"436",2025-06-26 20:19:41,25.416,0,"Tank1","Control"
"437",2025-06-26 20:24:41,25.416,0,"Tank1","Control"
"438",2025-06-26 20:29:41,25.319,0,"Tank1","Control"
"439",2025-06-26 20:34:41,25.319,0,"Tank1","Control"
"440",2025-06-26 20:39:41,25.319,0,"Tank1","Control"
"441",2025-06-26 20:44:41,25.319,0,"Tank1","Control"
"442",2025-06-26 20:49:41,25.222,0,"Tank1","Control"
"443",2025-06-26 20:54:41,25.319,0,"Tank1","Control"
"444",2025-06-26 20:59:41,25.513,0,"Tank1","Control"
"445",2025-06-26 21:04:41,25.513,0,"Tank1","Control"
"446",2025-06-26 21:09:41,25.513,0,"Tank1","Control"
"447",2025-06-26 21:14:41,25.416,0,"Tank1","Control"
"448",2025-06-26 21:19:41,25.416,0,"Tank1","Control"
"449",2025-06-26 21:24:41,25.319,0,"Tank1","Control"
"450",2025-06-26 21:29:41,25.319,0,"Tank1","Control"
"451",2025-06-26 21:34:41,25.319,0,"Tank1","Control"
"452",2025-06-26 21:39:41,25.319,0,"Tank1","Control"
"453",2025-06-26 21:44:41,25.222,0,"Tank1","Control"
"454",2025-06-26 21:49:41,25.319,0,"Tank1","Control"
"455",2025-06-26 21:54:41,25.416,0,"Tank1","Control"
"456",2025-06-26 21:59:41,25.416,0,"Tank1","Control"
"457",2025-06-26 22:04:41,25.416,0,"Tank1","Control"
"458",2025-06-26 22:09:41,25.416,0,"Tank1","Control"
"459",2025-06-26 22:14:41,25.319,0,"Tank1","Control"
"460",2025-06-26 22:19:41,25.319,0,"Tank1","Control"
"461",2025-06-26 22:24:41,25.319,0,"Tank1","Control"
"462",2025-06-26 22:29:41,25.319,0,"Tank1","Control"
"463",2025-06-26 22:34:41,25.222,0,"Tank1","Control"
"464",2025-06-26 22:39:41,25.416,0,"Tank1","Control"
"465",2025-06-26 22:44:41,25.513,0,"Tank1","Control"
"466",2025-06-26 22:49:41,25.416,0,"Tank1","Control"
"467",2025-06-26 22:54:41,25.416,0,"Tank1","Control"
"468",2025-06-26 22:59:41,25.416,0,"Tank1","Control"
"469",2025-06-26 23:04:41,25.319,0,"Tank1","Control"
"470",2025-06-26 23:09:41,25.319,0,"Tank1","Control"
"471",2025-06-26 23:14:41,25.319,0,"Tank1","Control"
"472",2025-06-26 23:19:41,25.319,0,"Tank1","Control"
"473",2025-06-26 23:24:41,25.222,0,"Tank1","Control"
"474",2025-06-26 23:29:41,25.416,0,"Tank1","Control"
"475",2025-06-26 23:34:41,25.416,0,"Tank1","Control"
"476",2025-06-26 23:39:41,25.416,0,"Tank1","Control"
"477",2025-06-26 23:44:41,25.416,0,"Tank1","Control"
"478",2025-06-26 23:49:41,25.319,0,"Tank1","Control"
"479",2025-06-26 23:54:41,25.319,0,"Tank1","Control"
"480",2025-06-26 23:59:41,25.319,0,"Tank1","Control"
"481",2025-06-27 00:04:41,25.319,0,"Tank1","Control"
"482",2025-06-27 00:09:41,25.222,0,"Tank1","Control"
"483",2025-06-27 00:14:41,25.319,0,"Tank1","Control"
"484",2025-06-27 00:19:41,25.513,0,"Tank1","Control"
"485",2025-06-27 00:24:41,25.513,0,"Tank1","Control"
"486",2025-06-27 00:29:41,25.416,0,"Tank1","Control"
"487",2025-06-27 00:34:41,25.416,0,"Tank1","Control"
"488",2025-06-27 00:39:41,25.319,0,"Tank1","Control"
"489",2025-06-27 00:44:41,25.319,0,"Tank1","Control"
"490",2025-06-27 00:49:41,25.319,0,"Tank1","Control"
"491",2025-06-27 00:54:41,25.319,0,"Tank1","Control"
"492",2025-06-27 00:59:41,25.319,0,"Tank1","Control"
"493",2025-06-27 01:04:41,25.319,0,"Tank1","Control"
"494",2025-06-27 01:09:41,25.222,0,"Tank1","Control"
"495",2025-06-27 01:14:41,25.319,0,"Tank1","Control"
"496",2025-06-27 01:19:41,25.319,0,"Tank1","Control"
"497",2025-06-27 01:24:41,25.319,0,"Tank1","Control"
"498",2025-06-27 01:29:41,25.319,0,"Tank1","Control"
"499",2025-06-27 01:34:41,25.319,0,"Tank1","Control"
"500",2025-06-27 01:39:41,25.319,0,"Tank1","Control"
"501",2025-06-27 01:44:41,25.319,0,"Tank1","Control"
"502",2025-06-27 01:49:41,25.319,0,"Tank1","Control"
"503",2025-06-27 01:54:41,25.319,0,"Tank1","Control"
"504",2025-06-27 01:59:41,25.319,0,"Tank1","Control"
"505",2025-06-27 02:04:41,25.222,0,"Tank1","Control"
"506",2025-06-27 02:09:41,25.222,0,"Tank1","Control"
"507",2025-06-27 02:14:41,25.319,0,"Tank1","Control"
"508",2025-06-27 02:19:41,25.319,0,"Tank1","Control"
"509",2025-06-27 02:24:41,25.319,0,"Tank1","Control"
"510",2025-06-27 02:29:41,25.319,0,"Tank1","Control"
"511",2025-06-27 02:34:41,25.319,0,"Tank1","Control"
"512",2025-06-27 02:39:41,25.319,0,"Tank1","Control"
"513",2025-06-27 02:44:41,25.319,0,"Tank1","Control"
"514",2025-06-27 02:49:41,25.319,0,"Tank1","Control"
"515",2025-06-27 02:54:41,25.319,0,"Tank1","Control"
"516",2025-06-27 02:59:41,25.319,0,"Tank1","Control"
"517",2025-06-27 03:04:41,25.319,0,"Tank1","Control"
"518",2025-06-27 03:09:41,25.319,0,"Tank1","Control"
"519",2025-06-27 03:14:41,25.319,0,"Tank1","Control"
"520",2025-06-27 03:19:41,25.222,0,"Tank1","Control"
"521",2025-06-27 03:24:41,25.319,0,"Tank1","Control"
"522",2025-06-27 03:29:41,25.416,0,"Tank1","Control"
"523",2025-06-27 03:34:41,25.416,0,"Tank1","Control"
"524",2025-06-27 03:39:41,25.416,0,"Tank1","Control"
"525",2025-06-27 03:44:41,25.416,0,"Tank1","Control"
"526",2025-06-27 03:49:41,25.416,0,"Tank1","Control"
"527",2025-06-27 03:54:41,25.319,0,"Tank1","Control"
"528",2025-06-27 03:59:41,25.319,0,"Tank1","Control"
"529",2025-06-27 04:04:41,25.319,0,"Tank1","Control"
"530",2025-06-27 04:09:41,25.319,0,"Tank1","Control"
"531",2025-06-27 04:14:41,25.319,0,"Tank1","Control"
"532",2025-06-27 04:19:41,25.319,0,"Tank1","Control"
"533",2025-06-27 04:24:41,25.319,0,"Tank1","Control"
"534",2025-06-27 04:29:41,25.222,0,"Tank1","Control"
"535",2025-06-27 04:34:41,25.319,0,"Tank1","Control"
"536",2025-06-27 04:39:41,25.416,0,"Tank1","Control"
"537",2025-06-27 04:44:41,25.416,0,"Tank1","Control"
"538",2025-06-27 04:49:41,25.416,0,"Tank1","Control"
"539",2025-06-27 04:54:41,25.416,0,"Tank1","Control"
"540",2025-06-27 04:59:41,25.319,0,"Tank1","Control"
"541",2025-06-27 05:04:41,25.319,0,"Tank1","Control"
"542",2025-06-27 05:09:41,25.319,0,"Tank1","Control"
"543",2025-06-27 05:14:41,25.319,0,"Tank1","Control"
"544",2025-06-27 05:19:41,25.319,0,"Tank1","Control"
"545",2025-06-27 05:24:41,25.319,0,"Tank1","Control"
"546",2025-06-27 05:29:41,25.319,0,"Tank1","Control"
"547",2025-06-27 05:34:41,25.319,0,"Tank1","Control"
"548",2025-06-27 05:39:41,25.222,0,"Tank1","Control"
"549",2025-06-27 05:44:41,25.222,0,"Tank1","Control"
"550",2025-06-27 05:49:41,25.319,0,"Tank1","Control"
"551",2025-06-27 05:54:41,25.319,0,"Tank1","Control"
"552",2025-06-27 05:59:41,25.319,0,"Tank1","Control"
"553",2025-06-27 06:04:41,25.319,0,"Tank1","Control"
"554",2025-06-27 06:09:41,25.319,0,"Tank1","Control"
"555",2025-06-27 06:14:41,25.319,0,"Tank1","Control"
"556",2025-06-27 06:19:41,25.319,0,"Tank1","Control"
"557",2025-06-27 06:24:41,25.222,0,"Tank1","Control"
"558",2025-06-27 06:29:41,25.319,0,"Tank1","Control"
"559",2025-06-27 06:34:41,25.416,0,"Tank1","Control"
"560",2025-06-27 06:39:41,25.416,0,"Tank1","Control"
"561",2025-06-27 06:44:41,25.416,0,"Tank1","Control"
"562",2025-06-27 06:49:41,25.416,0,"Tank1","Control"
"563",2025-06-27 06:54:41,25.416,0,"Tank1","Control"
"564",2025-06-27 06:59:41,25.416,0,"Tank1","Control"
"565",2025-06-27 07:04:41,25.319,0,"Tank1","Control"
"566",2025-06-27 07:09:41,25.319,0,"Tank1","Control"
"567",2025-06-27 07:14:41,25.319,0,"Tank1","Control"
"568",2025-06-27 07:19:41,25.319,0,"Tank1","Control"
"569",2025-06-27 07:24:41,25.319,0,"Tank1","Control"
"570",2025-06-27 07:29:41,25.319,0,"Tank1","Control"
"571",2025-06-27 07:34:41,25.319,0,"Tank1","Control"
"572",2025-06-27 07:39:41,25.222,0,"Tank1","Control"
"573",2025-06-27 07:44:41,25.416,0,"Tank1","Control"
"574",2025-06-27 07:49:41,25.416,0,"Tank1","Control"
"575",2025-06-27 07:54:41,25.416,0,"Tank1","Control"
"576",2025-06-27 07:59:41,25.416,0,"Tank1","Control"
"577",2025-06-27 08:04:41,25.416,0,"Tank1","Control"
"578",2025-06-27 08:09:41,25.319,0,"Tank1","Control"
"579",2025-06-27 08:14:41,25.319,21.5,"Tank1","Control"
"580",2025-06-27 08:19:41,25.319,0,"Tank1","Control"
"581",2025-06-27 08:24:41,25.319,21.5,"Tank1","Control"
"582",2025-06-27 08:29:41,25.319,64.6,"Tank1","Control"
"583",2025-06-27 08:34:41,25.319,32.3,"Tank1","Control"
"584",2025-06-27 08:39:41,25.319,96.9,"Tank1","Control"
"585",2025-06-27 08:44:41,25.319,96.9,"Tank1","Control"
"586",2025-06-27 08:49:41,25.319,107.6,"Tank1","Control"
"587",2025-06-27 08:54:41,25.416,107.6,"Tank1","Control"
"588",2025-06-27 08:59:41,25.416,172.2,"Tank1","Control"
"589",2025-06-27 09:04:41,25.416,172.2,"Tank1","Control"
"590",2025-06-27 09:09:41,25.416,269.1,"Tank1","Control"
"591",2025-06-27 09:14:41,25.416,258.3,"Tank1","Control"
"592",2025-06-27 09:19:41,25.319,290.6,"Tank1","Control"
"593",2025-06-27 09:24:41,25.319,322.9,"Tank1","Control"
"594",2025-06-27 09:29:41,25.319,247.6,"Tank1","Control"
"595",2025-06-27 09:34:41,25.319,269.1,"Tank1","Control"
"596",2025-06-27 09:39:41,25.319,419.8,"Tank1","Control"
"597",2025-06-27 09:44:41,25.319,452.1,"Tank1","Control"
"598",2025-06-27 09:49:41,25.319,452.1,"Tank1","Control"
"599",2025-06-27 09:54:41,25.319,441.3,"Tank1","Control"
"600",2025-06-27 09:59:41,25.416,430.6,"Tank1","Control"
"601",2025-06-27 10:04:41,25.513,559.7,"Tank1","Control"
"602",2025-06-27 10:09:41,25.513,516.7,"Tank1","Control"
"603",2025-06-27 10:14:41,25.513,516.7,"Tank1","Control"
"604",2025-06-27 10:19:41,25.416,581.3,"Tank1","Control"
"605",2025-06-27 10:24:41,25.416,549,"Tank1","Control"
"606",2025-06-27 10:29:41,25.416,710.4,"Tank1","Control"
"607",2025-06-27 10:34:41,25.416,656.6,"Tank1","Control"
"608",2025-06-27 10:39:41,25.416,753.5,"Tank1","Control"
"609",2025-06-27 10:44:41,25.416,645.8,"Tank1","Control"
"610",2025-06-27 10:49:41,25.319,710.4,"Tank1","Control"
"611",2025-06-27 10:54:41,25.319,731.9,"Tank1","Control"
"612",2025-06-27 10:59:41,25.319,871.9,"Tank1","Control"
"613",2025-06-27 11:04:41,25.319,871.9,"Tank1","Control"
"614",2025-06-27 11:09:41,25.319,861.1,"Tank1","Control"
"615",2025-06-27 11:14:41,25.319,861.1,"Tank1","Control"
"616",2025-06-27 11:19:41,25.319,893.4,"Tank1","Control"
"617",2025-06-27 11:24:41,25.319,904.2,"Tank1","Control"
"618",2025-06-27 11:29:41,25.319,904.2,"Tank1","Control"
"619",2025-06-27 11:34:41,25.416,958,"Tank1","Control"
"620",2025-06-27 11:39:41,25.416,990.3,"Tank1","Control"
"621",2025-06-27 11:44:41,25.416,1033.3,"Tank1","Control"
"622",2025-06-27 11:49:41,25.416,1076.4,"Tank1","Control"
"623",2025-06-27 11:54:41,25.416,1033.3,"Tank1","Control"
"624",2025-06-27 11:59:41,25.416,1162.5,"Tank1","Control"
"625",2025-06-27 12:04:41,25.416,1119.5,"Tank1","Control"
"626",2025-06-27 12:09:41,25.416,1119.5,"Tank1","Control"
"627",2025-06-27 12:14:41,25.319,1108.7,"Tank1","Control"
"628",2025-06-27 12:19:41,25.416,1097.9,"Tank1","Control"
"629",2025-06-27 12:24:41,25.319,1141,"Tank1","Control"
"630",2025-06-27 12:29:41,25.319,1108.7,"Tank1","Control"
"631",2025-06-27 12:34:41,25.319,1044.1,"Tank1","Control"
"632",2025-06-27 12:39:41,25.319,990.3,"Tank1","Control"
"633",2025-06-27 12:44:41,25.319,979.5,"Tank1","Control"
"634",2025-06-27 12:49:41,25.319,807.3,"Tank1","Control"
"635",2025-06-27 12:54:41,25.319,775,"Tank1","Control"
"636",2025-06-27 12:59:41,24.931,581.3,"Tank1","Control"
"637",2025-06-27 13:04:41,25.513,699.7,"Tank1","Control"
"638",2025-06-27 13:09:41,25.708,699.7,"Tank1","Control"
"639",2025-06-27 13:14:41,25.708,904.2,"Tank1","Control"
"640",2025-06-27 13:19:41,25.61,904.2,"Tank1","Control"
"641",2025-06-27 13:24:41,25.513,861.1,"Tank1","Control"
"642",2025-06-27 13:29:41,25.319,818.1,"Tank1","Control"
"643",2025-06-27 13:34:41,25.319,818.1,"Tank1","Control"
"644",2025-06-27 13:39:41,25.319,828.8,"Tank1","Control"
"645",2025-06-27 13:44:41,25.319,775,"Tank1","Control"
"646",2025-06-27 13:49:41,25.513,861.1,"Tank1","Control"
"647",2025-06-27 13:54:41,25.513,839.6,"Tank1","Control"
"648",2025-06-27 13:59:41,25.513,861.1,"Tank1","Control"
"649",2025-06-27 14:04:41,25.416,818.1,"Tank1","Control"
"650",2025-06-27 14:09:41,25.416,828.8,"Tank1","Control"
"651",2025-06-27 14:14:41,25.416,861.1,"Tank1","Control"
"652",2025-06-27 14:19:41,25.416,871.9,"Tank1","Control"
"653",2025-06-27 14:24:41,25.319,904.2,"Tank1","Control"
"654",2025-06-27 14:29:41,25.319,904.2,"Tank1","Control"
"655",2025-06-27 14:34:41,25.319,839.6,"Tank1","Control"
"656",2025-06-27 14:39:41,25.319,861.1,"Tank1","Control"
"657",2025-06-27 14:44:41,25.319,850.4,"Tank1","Control"
"658",2025-06-27 14:49:41,25.513,1001,"Tank1","Control"
"659",2025-06-27 14:54:41,25.513,871.9,"Tank1","Control"
"660",2025-06-27 14:59:41,25.513,871.9,"Tank1","Control"
"661",2025-06-27 15:04:41,25.513,828.8,"Tank1","Control"
"662",2025-06-27 15:09:41,25.513,818.1,"Tank1","Control"
"663",2025-06-27 15:14:41,25.416,882.6,"Tank1","Control"
"664",2025-06-27 15:19:41,25.416,871.9,"Tank1","Control"
"665",2025-06-27 15:24:41,25.416,882.6,"Tank1","Control"
"666",2025-06-27 15:29:41,25.416,882.6,"Tank1","Control"
"667",2025-06-27 15:34:41,25.416,861.1,"Tank1","Control"
"668",2025-06-27 15:39:41,25.319,893.4,"Tank1","Control"
"669",2025-06-27 15:44:41,25.319,861.1,"Tank1","Control"
"670",2025-06-27 15:49:41,25.319,871.9,"Tank1","Control"
"671",2025-06-27 15:54:41,25.319,871.9,"Tank1","Control"
"672",2025-06-27 15:59:41,25.319,861.1,"Tank1","Control"
"673",2025-06-27 16:04:41,25.319,839.6,"Tank1","Control"
"674",2025-06-27 16:09:41,25.319,775,"Tank1","Control"
"675",2025-06-27 16:14:41,25.319,753.5,"Tank1","Control"
"676",2025-06-27 16:19:41,25.319,731.9,"Tank1","Control"
"677",2025-06-27 16:24:41,25.319,688.9,"Tank1","Control"
"678",2025-06-27 16:29:41,25.319,710.4,"Tank1","Control"
"679",2025-06-27 16:34:41,25.319,688.9,"Tank1","Control"
"680",2025-06-27 16:39:41,25.319,688.9,"Tank1","Control"
"681",2025-06-27 16:44:41,25.319,667.4,"Tank1","Control"
"682",2025-06-27 16:49:41,25.319,645.8,"Tank1","Control"
"683",2025-06-27 16:54:41,25.319,592,"Tank1","Control"
"684",2025-06-27 16:59:41,25.319,602.8,"Tank1","Control"
"685",2025-06-27 17:04:41,25.319,549,"Tank1","Control"
"686",2025-06-27 17:09:41,25.319,527.4,"Tank1","Control"
"687",2025-06-27 17:14:41,25.319,484.4,"Tank1","Control"
"688",2025-06-27 17:19:41,25.416,538.2,"Tank1","Control"
"689",2025-06-27 17:24:41,25.416,462.9,"Tank1","Control"
"690",2025-06-27 17:29:41,25.416,495.1,"Tank1","Control"
"691",2025-06-27 17:34:41,25.416,462.9,"Tank1","Control"
"692",2025-06-27 17:39:41,25.416,430.6,"Tank1","Control"
"693",2025-06-27 17:44:41,25.416,430.6,"Tank1","Control"
"694",2025-06-27 17:49:41,25.319,333.7,"Tank1","Control"
"695",2025-06-27 17:54:41,25.319,333.7,"Tank1","Control"
"696",2025-06-27 17:59:41,25.319,355.2,"Tank1","Control"
"697",2025-06-27 18:04:41,25.319,344.4,"Tank1","Control"
"698",2025-06-27 18:09:41,25.319,279.9,"Tank1","Control"
"699",2025-06-27 18:14:41,25.319,322.9,"Tank1","Control"
"700",2025-06-27 18:19:41,25.416,193.8,"Tank1","Control"
"701",2025-06-27 18:24:41,25.416,172.2,"Tank1","Control"
"702",2025-06-27 18:29:41,25.319,150.7,"Tank1","Control"
"703",2025-06-27 18:34:41,25.319,139.9,"Tank1","Control"
"704",2025-06-27 18:39:41,25.319,193.8,"Tank1","Control"
"705",2025-06-27 18:44:41,25.319,258.3,"Tank1","Control"
"706",2025-06-27 18:49:41,25.319,118.4,"Tank1","Control"
"707",2025-06-27 18:54:41,25.222,129.2,"Tank1","Control"
"708",2025-06-27 18:59:41,25.319,150.7,"Tank1","Control"
"709",2025-06-27 19:04:41,25.319,129.2,"Tank1","Control"
"710",2025-06-27 19:09:41,25.319,107.6,"Tank1","Control"
"711",2025-06-27 19:14:41,25.319,10.8,"Tank1","Control"
"712",2025-06-27 19:19:41,25.319,43.1,"Tank1","Control"
"713",2025-06-27 19:24:41,25.319,32.3,"Tank1","Control"
"714",2025-06-27 19:29:41,25.319,0,"Tank1","Control"
"715",2025-06-27 19:34:41,25.222,43.1,"Tank1","Control"
"716",2025-06-27 19:39:41,25.319,75.3,"Tank1","Control"
"717",2025-06-27 19:44:41,25.416,10.8,"Tank1","Control"
"718",2025-06-27 19:49:41,25.319,21.5,"Tank1","Control"
"719",2025-06-27 19:54:41,25.319,0,"Tank1","Control"
"720",2025-06-27 19:59:41,25.319,0,"Tank1","Control"
"721",2025-06-27 20:04:41,25.319,0,"Tank1","Control"
"722",2025-06-27 20:09:41,25.319,0,"Tank1","Control"
"723",2025-06-27 20:14:41,25.222,0,"Tank1","Control"
"724",2025-06-27 20:19:41,25.319,0,"Tank1","Control"
"725",2025-06-27 20:24:41,25.416,0,"Tank1","Control"
"726",2025-06-27 20:29:41,25.416,0,"Tank1","Control"
"727",2025-06-27 20:34:41,25.319,0,"Tank1","Control"
"728",2025-06-27 20:39:41,25.319,0,"Tank1","Control"
"729",2025-06-27 20:44:41,25.319,0,"Tank1","Control"
"730",2025-06-27 20:49:41,25.319,0,"Tank1","Control"
"731",2025-06-27 20:54:41,25.319,0,"Tank1","Control"
"732",2025-06-27 20:59:41,25.222,0,"Tank1","Control"
"733",2025-06-27 21:04:41,25.319,0,"Tank1","Control"
"734",2025-06-27 21:09:41,25.416,0,"Tank1","Control"
"735",2025-06-27 21:14:41,25.416,0,"Tank1","Control"
"736",2025-06-27 21:19:41,25.416,0,"Tank1","Control"
"737",2025-06-27 21:24:41,25.416,0,"Tank1","Control"
"738",2025-06-27 21:29:41,25.319,0,"Tank1","Control"
"739",2025-06-27 21:34:41,25.319,0,"Tank1","Control"
"740",2025-06-27 21:39:41,25.319,0,"Tank1","Control"
"741",2025-06-27 21:44:41,25.319,0,"Tank1","Control"
"742",2025-06-27 21:49:41,25.222,0,"Tank1","Control"
"743",2025-06-27 21:54:41,25.222,0,"Tank1","Control"
"744",2025-06-27 21:59:41,25.319,0,"Tank1","Control"
"745",2025-06-27 22:04:41,25.319,0,"Tank1","Control"
"746",2025-06-27 22:09:41,25.319,0,"Tank1","Control"
"747",2025-06-27 22:14:41,25.319,0,"Tank1","Control"
"748",2025-06-27 22:19:41,25.222,0,"Tank1","Control"
"749",2025-06-27 22:24:41,25.222,0,"Tank1","Control"
"750",2025-06-27 22:29:41,25.319,0,"Tank1","Control"
"751",2025-06-27 22:34:41,25.416,0,"Tank1","Control"
"752",2025-06-27 22:39:41,25.416,0,"Tank1","Control"
"753",2025-06-27 22:44:41,25.416,0,"Tank1","Control"
"754",2025-06-27 22:49:41,25.416,0,"Tank1","Control"
"755",2025-06-27 22:54:41,25.319,0,"Tank1","Control"
"756",2025-06-27 22:59:41,25.319,0,"Tank1","Control"
"757",2025-06-27 23:04:41,25.319,0,"Tank1","Control"
"758",2025-06-27 23:09:41,25.319,0,"Tank1","Control"
"759",2025-06-27 23:14:41,25.319,0,"Tank1","Control"
"760",2025-06-27 23:19:41,25.319,0,"Tank1","Control"
"761",2025-06-27 23:24:41,25.222,0,"Tank1","Control"
"762",2025-06-27 23:29:41,25.416,0,"Tank1","Control"
"763",2025-06-27 23:34:41,25.513,0,"Tank1","Control"
"764",2025-06-27 23:39:41,25.513,0,"Tank1","Control"
"765",2025-06-27 23:44:41,25.416,0,"Tank1","Control"
"766",2025-06-27 23:49:41,25.416,0,"Tank1","Control"
"767",2025-06-27 23:54:41,25.416,0,"Tank1","Control"
"768",2025-06-27 23:59:41,25.416,0,"Tank1","Control"
"769",2025-06-28 00:04:41,25.319,0,"Tank1","Control"
"770",2025-06-28 00:09:41,25.319,0,"Tank1","Control"
"771",2025-06-28 00:14:41,25.319,0,"Tank1","Control"
"772",2025-06-28 00:19:41,25.319,0,"Tank1","Control"
"773",2025-06-28 00:24:41,25.319,0,"Tank1","Control"
"774",2025-06-28 00:29:41,25.319,0,"Tank1","Control"
"775",2025-06-28 00:34:41,25.319,0,"Tank1","Control"
"776",2025-06-28 00:39:41,25.222,0,"Tank1","Control"
"777",2025-06-28 00:44:41,25.222,0,"Tank1","Control"
"778",2025-06-28 00:49:41,25.416,0,"Tank1","Control"
"779",2025-06-28 00:54:41,25.513,0,"Tank1","Control"
"780",2025-06-28 00:59:41,25.416,0,"Tank1","Control"
"781",2025-06-28 01:04:41,25.416,0,"Tank1","Control"
"782",2025-06-28 01:09:41,25.416,0,"Tank1","Control"
"783",2025-06-28 01:14:41,25.319,0,"Tank1","Control"
"784",2025-06-28 01:19:41,25.319,0,"Tank1","Control"
"785",2025-06-28 01:24:41,25.319,0,"Tank1","Control"
"786",2025-06-28 01:29:41,25.319,0,"Tank1","Control"
"787",2025-06-28 01:34:41,25.319,0,"Tank1","Control"
"788",2025-06-28 01:39:41,25.319,0,"Tank1","Control"
"789",2025-06-28 01:44:41,25.319,0,"Tank1","Control"
"790",2025-06-28 01:49:41,25.222,0,"Tank1","Control"
"791",2025-06-28 01:54:41,25.416,0,"Tank1","Control"
"792",2025-06-28 01:59:41,25.513,0,"Tank1","Control"
"793",2025-06-28 02:04:41,25.416,0,"Tank1","Control"
"794",2025-06-28 02:09:41,25.416,0,"Tank1","Control"
"795",2025-06-28 02:14:41,25.416,0,"Tank1","Control"
"796",2025-06-28 02:19:41,25.416,0,"Tank1","Control"
"797",2025-06-28 02:24:41,25.416,0,"Tank1","Control"
"798",2025-06-28 02:29:41,25.319,0,"Tank1","Control"
"799",2025-06-28 02:34:41,25.319,0,"Tank1","Control"
"800",2025-06-28 02:39:41,25.319,0,"Tank1","Control"
"801",2025-06-28 02:44:41,25.319,0,"Tank1","Control"
"802",2025-06-28 02:49:41,25.319,0,"Tank1","Control"
"803",2025-06-28 02:54:41,25.319,0,"Tank1","Control"
"804",2025-06-28 02:59:41,25.222,0,"Tank1","Control"
"805",2025-06-28 03:04:41,25.319,0,"Tank1","Control"
"806",2025-06-28 03:09:41,25.416,0,"Tank1","Control"
"807",2025-06-28 03:14:41,25.416,0,"Tank1","Control"
"808",2025-06-28 03:19:41,25.416,0,"Tank1","Control"
"809",2025-06-28 03:24:41,25.416,0,"Tank1","Control"
"810",2025-06-28 03:29:41,25.319,0,"Tank1","Control"
"811",2025-06-28 03:34:41,25.319,0,"Tank1","Control"
"812",2025-06-28 03:39:41,25.319,0,"Tank1","Control"
"813",2025-06-28 03:44:41,25.319,0,"Tank1","Control"
"814",2025-06-28 03:49:41,25.319,0,"Tank1","Control"
"815",2025-06-28 03:54:41,25.319,0,"Tank1","Control"
"816",2025-06-28 03:59:41,25.319,0,"Tank1","Control"
"817",2025-06-28 04:04:41,25.222,0,"Tank1","Control"
"818",2025-06-28 04:09:41,25.319,0,"Tank1","Control"
"819",2025-06-28 04:14:41,25.319,0,"Tank1","Control"
"820",2025-06-28 04:19:41,25.319,0,"Tank1","Control"
"821",2025-06-28 04:24:41,25.222,0,"Tank1","Control"
"822",2025-06-28 04:29:41,25.222,0,"Tank1","Control"
"823",2025-06-28 04:34:41,25.319,0,"Tank1","Control"
"824",2025-06-28 04:39:41,25.416,0,"Tank1","Control"
"825",2025-06-28 04:44:41,25.416,0,"Tank1","Control"
"826",2025-06-28 04:49:41,25.416,0,"Tank1","Control"
"827",2025-06-28 04:54:41,25.416,0,"Tank1","Control"
"828",2025-06-28 04:59:41,25.416,0,"Tank1","Control"
"829",2025-06-28 05:04:41,25.319,0,"Tank1","Control"
"830",2025-06-28 05:09:41,25.319,0,"Tank1","Control"
"831",2025-06-28 05:14:41,25.319,0,"Tank1","Control"
"832",2025-06-28 05:19:41,25.319,0,"Tank1","Control"
"833",2025-06-28 05:24:41,25.319,0,"Tank1","Control"
"834",2025-06-28 05:29:41,25.319,0,"Tank1","Control"
"835",2025-06-28 05:34:41,25.222,0,"Tank1","Control"
"836",2025-06-28 05:39:41,25.222,0,"Tank1","Control"
"837",2025-06-28 05:44:41,25.319,0,"Tank1","Control"
"838",2025-06-28 05:49:41,25.222,0,"Tank1","Control"
"839",2025-06-28 05:54:41,25.319,0,"Tank1","Control"
"840",2025-06-28 05:59:41,25.416,0,"Tank1","Control"
"841",2025-06-28 06:04:41,25.416,0,"Tank1","Control"
"842",2025-06-28 06:09:41,25.416,0,"Tank1","Control"
"843",2025-06-28 06:14:41,25.319,0,"Tank1","Control"
"844",2025-06-28 06:19:41,25.319,0,"Tank1","Control"
"845",2025-06-28 06:24:41,25.319,0,"Tank1","Control"
"846",2025-06-28 06:29:41,25.319,0,"Tank1","Control"
"847",2025-06-28 06:34:41,25.319,0,"Tank1","Control"
"848",2025-06-28 06:39:41,25.319,0,"Tank1","Control"
"849",2025-06-28 06:44:41,25.222,0,"Tank1","Control"
"850",2025-06-28 06:49:41,25.222,0,"Tank1","Control"
"851",2025-06-28 06:54:41,25.222,0,"Tank1","Control"
"852",2025-06-28 06:59:41,25.319,0,"Tank1","Control"
"853",2025-06-28 07:04:41,25.319,0,"Tank1","Control"
"854",2025-06-28 07:09:41,25.319,0,"Tank1","Control"
"855",2025-06-28 07:14:41,25.319,0,"Tank1","Control"
"856",2025-06-28 07:19:41,25.319,0,"Tank1","Control"
"857",2025-06-28 07:24:41,25.319,0,"Tank1","Control"
"858",2025-06-28 07:29:41,25.319,0,"Tank1","Control"
"859",2025-06-28 07:34:41,25.222,0,"Tank1","Control"
"860",2025-06-28 07:39:41,25.319,0,"Tank1","Control"
"861",2025-06-28 07:44:41,25.319,0,"Tank1","Control"
"862",2025-06-28 07:49:41,25.319,0,"Tank1","Control"
"863",2025-06-28 07:54:41,25.319,0,"Tank1","Control"
"864",2025-06-28 07:59:41,25.319,0,"Tank1","Control"
"865",2025-06-28 08:04:41,25.319,0,"Tank1","Control"
"866",2025-06-28 08:09:41,25.222,0,"Tank1","Control"
"867",2025-06-28 08:14:41,25.319,0,"Tank1","Control"
"868",2025-06-28 08:19:41,25.319,32.3,"Tank1","Control"
"869",2025-06-28 08:24:41,25.319,0,"Tank1","Control"
"870",2025-06-28 08:29:41,25.319,0,"Tank1","Control"
"871",2025-06-28 08:34:41,25.319,0,"Tank1","Control"
"872",2025-06-28 08:39:41,25.319,0,"Tank1","Control"
"873",2025-06-28 08:44:41,25.222,0,"Tank1","Control"
"874",2025-06-28 08:49:41,25.222,0,"Tank1","Control"
"875",2025-06-28 08:54:41,25.222,0,"Tank1","Control"
"876",2025-06-28 08:59:41,25.319,0,"Tank1","Control"
"877",2025-06-28 09:04:41,25.319,0,"Tank1","Control"
"878",2025-06-28 09:09:41,25.319,0,"Tank1","Control"
"879",2025-06-28 09:14:41,25.319,226,"Tank1","Control"
"880",2025-06-28 09:19:41,25.222,193.8,"Tank1","Control"
"881",2025-06-28 09:24:41,25.416,193.8,"Tank1","Control"
"882",2025-06-28 09:29:41,25.416,247.6,"Tank1","Control"
"883",2025-06-28 09:34:41,25.416,279.9,"Tank1","Control"
"884",2025-06-28 09:39:41,25.416,226,"Tank1","Control"
"885",2025-06-28 09:44:41,25.416,301.4,"Tank1","Control"
"886",2025-06-28 09:49:41,25.319,387.5,"Tank1","Control"
"887",2025-06-28 09:54:41,25.319,344.4,"Tank1","Control"
"888",2025-06-28 09:59:41,25.319,376.7,"Tank1","Control"
"889",2025-06-28 10:04:41,25.319,398.3,"Tank1","Control"
"890",2025-06-28 10:09:41,25.319,430.6,"Tank1","Control"
"891",2025-06-28 10:14:41,25.319,430.6,"Tank1","Control"
"892",2025-06-28 10:19:41,25.416,473.6,"Tank1","Control"
"893",2025-06-28 10:24:41,25.513,484.4,"Tank1","Control"
"894",2025-06-28 10:29:41,25.416,527.4,"Tank1","Control"
"895",2025-06-28 10:34:41,25.416,484.4,"Tank1","Control"
"896",2025-06-28 10:39:41,25.416,484.4,"Tank1","Control"
"897",2025-06-28 10:44:41,25.416,559.7,"Tank1","Control"
"898",2025-06-28 10:49:41,25.319,527.4,"Tank1","Control"
"899",2025-06-28 10:54:41,25.319,538.2,"Tank1","Control"
"900",2025-06-28 10:59:41,25.319,592,"Tank1","Control"
"901",2025-06-28 11:04:41,25.319,592,"Tank1","Control"
"902",2025-06-28 11:09:41,25.319,656.6,"Tank1","Control"
"903",2025-06-28 11:14:41,25.319,645.8,"Tank1","Control"
"904",2025-06-28 11:19:41,25.319,688.9,"Tank1","Control"
"905",2025-06-28 11:24:41,25.319,656.6,"Tank1","Control"
"906",2025-06-28 11:29:41,25.319,742.7,"Tank1","Control"
"907",2025-06-28 11:34:41,25.319,731.9,"Tank1","Control"
"908",2025-06-28 11:39:41,25.319,721.2,"Tank1","Control"
"909",2025-06-28 11:44:41,25.416,742.7,"Tank1","Control"
"910",2025-06-28 11:49:41,25.416,775,"Tank1","Control"
"911",2025-06-28 11:54:41,25.416,828.8,"Tank1","Control"
"912",2025-06-28 11:59:41,25.416,839.6,"Tank1","Control"
"913",2025-06-28 12:04:41,25.319,839.6,"Tank1","Control"
"914",2025-06-28 12:09:41,25.319,871.9,"Tank1","Control"
"915",2025-06-28 12:14:41,25.319,861.1,"Tank1","Control"
"916",2025-06-28 12:19:41,25.319,839.6,"Tank1","Control"
"917",2025-06-28 12:24:41,25.319,839.6,"Tank1","Control"
"918",2025-06-28 12:29:41,25.319,828.8,"Tank1","Control"
"919",2025-06-28 12:34:41,25.416,828.8,"Tank1","Control"
"920",2025-06-28 12:39:41,25.416,850.4,"Tank1","Control"
"921",2025-06-28 12:44:41,25.416,818.1,"Tank1","Control"
"922",2025-06-28 12:49:41,25.319,882.6,"Tank1","Control"
"923",2025-06-28 12:54:41,25.319,861.1,"Tank1","Control"
"924",2025-06-28 12:59:41,25.319,839.6,"Tank1","Control"
"925",2025-06-28 13:04:41,25.319,882.6,"Tank1","Control"
"926",2025-06-28 13:09:41,25.319,861.1,"Tank1","Control"
"927",2025-06-28 13:14:41,25.319,882.6,"Tank1","Control"
"928",2025-06-28 13:19:41,25.319,904.2,"Tank1","Control"
"929",2025-06-28 13:24:41,25.319,861.1,"Tank1","Control"
"930",2025-06-28 13:29:41,25.319,861.1,"Tank1","Control"
"931",2025-06-28 13:34:41,25.319,871.9,"Tank1","Control"
"932",2025-06-28 13:39:41,25.319,861.1,"Tank1","Control"
"933",2025-06-28 13:44:41,25.416,871.9,"Tank1","Control"
"934",2025-06-28 13:49:41,25.416,861.1,"Tank1","Control"
"935",2025-06-28 13:54:41,25.416,861.1,"Tank1","Control"
"936",2025-06-28 13:59:41,25.416,861.1,"Tank1","Control"
"937",2025-06-28 14:04:41,25.416,861.1,"Tank1","Control"
"938",2025-06-28 14:09:41,25.416,882.6,"Tank1","Control"
"939",2025-06-28 14:14:41,25.416,871.9,"Tank1","Control"
"940",2025-06-28 14:19:41,25.416,882.6,"Tank1","Control"
"941",2025-06-28 14:24:41,25.319,839.6,"Tank1","Control"
"942",2025-06-28 14:29:41,25.319,828.8,"Tank1","Control"
"943",2025-06-28 14:34:41,25.319,861.1,"Tank1","Control"
"944",2025-06-28 14:39:41,25.319,861.1,"Tank1","Control"
"945",2025-06-28 14:44:41,25.319,850.4,"Tank1","Control"
"946",2025-06-28 14:49:41,25.319,871.9,"Tank1","Control"
"947",2025-06-28 14:54:41,25.319,893.4,"Tank1","Control"
"948",2025-06-28 14:59:41,25.319,904.2,"Tank1","Control"
"949",2025-06-28 15:04:41,25.319,871.9,"Tank1","Control"
"950",2025-06-28 15:09:41,25.319,882.6,"Tank1","Control"
"951",2025-06-28 15:14:41,25.319,893.4,"Tank1","Control"
"952",2025-06-28 15:19:41,25.319,839.6,"Tank1","Control"
"953",2025-06-28 15:24:41,25.416,871.9,"Tank1","Control"
"954",2025-06-28 15:29:41,25.513,871.9,"Tank1","Control"
"955",2025-06-28 15:34:41,25.513,861.1,"Tank1","Control"
"956",2025-06-28 15:39:41,25.513,893.4,"Tank1","Control"
"957",2025-06-28 15:44:41,25.513,861.1,"Tank1","Control"
"958",2025-06-28 15:49:41,25.416,904.2,"Tank1","Control"
"959",2025-06-28 15:54:41,25.416,882.6,"Tank1","Control"
"960",2025-06-28 15:59:41,25.416,882.6,"Tank1","Control"
"961",2025-06-28 16:04:41,25.416,861.1,"Tank1","Control"
"962",2025-06-28 16:09:41,25.416,807.3,"Tank1","Control"
"963",2025-06-28 16:14:41,25.416,807.3,"Tank1","Control"
"964",2025-06-28 16:19:41,25.319,785.8,"Tank1","Control"
"965",2025-06-28 16:24:41,25.319,775,"Tank1","Control"
"966",2025-06-28 16:29:41,25.319,710.4,"Tank1","Control"
"967",2025-06-28 16:34:41,25.319,721.2,"Tank1","Control"
"968",2025-06-28 16:39:41,25.319,699.7,"Tank1","Control"
"969",2025-06-28 16:44:41,25.319,667.4,"Tank1","Control"
"970",2025-06-28 16:49:41,25.319,645.8,"Tank1","Control"
"971",2025-06-28 16:54:41,25.319,645.8,"Tank1","Control"
"972",2025-06-28 16:59:41,25.319,602.8,"Tank1","Control"
"973",2025-06-28 17:04:41,25.319,624.3,"Tank1","Control"
"974",2025-06-28 17:09:41,25.319,592,"Tank1","Control"
"975",2025-06-28 17:14:41,25.319,570.5,"Tank1","Control"
"976",2025-06-28 17:19:41,25.319,538.2,"Tank1","Control"
"977",2025-06-28 17:24:41,25.319,549,"Tank1","Control"
"978",2025-06-28 17:29:41,25.319,538.2,"Tank1","Control"
"979",2025-06-28 17:34:41,25.319,516.7,"Tank1","Control"
"980",2025-06-28 17:39:41,25.319,441.3,"Tank1","Control"
"981",2025-06-28 17:44:41,25.319,452.1,"Tank1","Control"
"982",2025-06-28 17:49:41,25.319,409,"Tank1","Control"
"983",2025-06-28 17:54:41,25.319,376.7,"Tank1","Control"
"984",2025-06-28 17:59:41,25.319,312.2,"Tank1","Control"
"985",2025-06-28 18:04:41,25.319,355.2,"Tank1","Control"
"986",2025-06-28 18:09:41,25.319,312.2,"Tank1","Control"
"987",2025-06-28 18:14:41,25.319,322.9,"Tank1","Control"
"988",2025-06-28 18:19:41,25.319,290.6,"Tank1","Control"
"989",2025-06-28 18:24:41,25.319,269.1,"Tank1","Control"
"990",2025-06-28 18:29:41,25.319,258.3,"Tank1","Control"
"991",2025-06-28 18:34:41,25.319,215.3,"Tank1","Control"
"992",2025-06-28 18:39:41,25.319,215.3,"Tank1","Control"
"993",2025-06-28 18:44:41,25.319,172.2,"Tank1","Control"
"994",2025-06-28 18:49:41,25.319,236.8,"Tank1","Control"
"995",2025-06-28 18:54:41,25.319,193.8,"Tank1","Control"
"996",2025-06-28 18:59:41,25.222,129.2,"Tank1","Control"
"997",2025-06-28 19:04:41,25.319,64.6,"Tank1","Control"
"998",2025-06-28 19:09:41,25.416,43.1,"Tank1","Control"
"999",2025-06-28 19:14:41,25.416,96.9,"Tank1","Control"
"1000",2025-06-28 19:19:41,25.319,21.5,"Tank1","Control"
"1001",2025-06-28 19:24:41,25.319,86.1,"Tank1","Control"
"1002",2025-06-28 19:29:41,25.319,43.1,"Tank1","Control"
"1003",2025-06-28 19:34:41,25.319,32.3,"Tank1","Control"
"1004",2025-06-28 19:39:41,25.319,53.8,"Tank1","Control"
"1005",2025-06-28 19:44:41,25.222,0,"Tank1","Control"
"1006",2025-06-28 19:49:41,25.319,0,"Tank1","Control"
"1007",2025-06-28 19:54:41,25.416,0,"Tank1","Control"
"1008",2025-06-28 19:59:41,25.416,0,"Tank1","Control"
"1009",2025-06-28 20:04:41,25.319,0,"Tank1","Control"
"1010",2025-06-28 20:09:41,25.319,0,"Tank1","Control"
"1011",2025-06-28 20:14:41,25.319,0,"Tank1","Control"
"1012",2025-06-28 20:19:41,25.319,0,"Tank1","Control"
"1013",2025-06-28 20:24:41,25.319,0,"Tank1","Control"
"1014",2025-06-28 20:29:41,25.319,0,"Tank1","Control"
"1015",2025-06-28 20:34:41,25.319,0,"Tank1","Control"
"1016",2025-06-28 20:39:41,25.319,0,"Tank1","Control"
"1017",2025-06-28 20:44:41,25.319,0,"Tank1","Control"
"1018",2025-06-28 20:49:41,25.319,0,"Tank1","Control"
"1019",2025-06-28 20:54:41,25.319,0,"Tank1","Control"
"1020",2025-06-28 20:59:41,25.319,0,"Tank1","Control"
"1021",2025-06-28 21:04:41,25.319,0,"Tank1","Control"
"1022",2025-06-28 21:09:41,25.222,0,"Tank1","Control"
"1023",2025-06-28 21:14:41,25.416,0,"Tank1","Control"
"1024",2025-06-28 21:19:41,25.416,0,"Tank1","Control"
"1025",2025-06-28 21:24:41,25.416,0,"Tank1","Control"
"1026",2025-06-28 21:29:41,25.416,0,"Tank1","Control"
"1027",2025-06-28 21:34:41,25.319,0,"Tank1","Control"
"1028",2025-06-28 21:39:41,25.319,0,"Tank1","Control"
"1029",2025-06-28 21:44:41,25.319,0,"Tank1","Control"
"1030",2025-06-28 21:49:41,25.319,0,"Tank1","Control"
"1031",2025-06-28 21:54:41,25.222,0,"Tank1","Control"
"1032",2025-06-28 21:59:41,25.319,0,"Tank1","Control"
"1033",2025-06-28 22:04:41,25.416,0,"Tank1","Control"
"1034",2025-06-28 22:09:41,25.416,0,"Tank1","Control"
"1035",2025-06-28 22:14:41,25.319,0,"Tank1","Control"
"1036",2025-06-28 22:19:41,25.319,0,"Tank1","Control"
"1037",2025-06-28 22:24:41,25.319,0,"Tank1","Control"
"1038",2025-06-28 22:29:41,25.319,0,"Tank1","Control"
"1039",2025-06-28 22:34:41,25.319,0,"Tank1","Control"
"1040",2025-06-28 22:39:41,25.222,0,"Tank1","Control"
"1041",2025-06-28 22:44:41,25.319,0,"Tank1","Control"
"1042",2025-06-28 22:49:41,25.416,0,"Tank1","Control"
"1043",2025-06-28 22:54:41,25.416,0,"Tank1","Control"
"1044",2025-06-28 22:59:41,25.416,0,"Tank1","Control"
"1045",2025-06-28 23:04:41,25.416,0,"Tank1","Control"
"1046",2025-06-28 23:09:41,25.319,0,"Tank1","Control"
"1047",2025-06-28 23:14:41,25.319,0,"Tank1","Control"
"1048",2025-06-28 23:19:41,25.319,0,"Tank1","Control"
"1049",2025-06-28 23:24:41,25.319,0,"Tank1","Control"
"1050",2025-06-28 23:29:41,25.319,0,"Tank1","Control"
"1051",2025-06-28 23:34:41,25.222,0,"Tank1","Control"
"1052",2025-06-28 23:39:41,25.319,0,"Tank1","Control"
"1053",2025-06-28 23:44:41,25.416,0,"Tank1","Control"
"1054",2025-06-28 23:49:41,25.416,0,"Tank1","Control"
"1055",2025-06-28 23:54:41,25.319,0,"Tank1","Control"
"1056",2025-06-28 23:59:41,25.319,0,"Tank1","Control"
"1057",2025-06-29 00:04:41,25.319,0,"Tank1","Control"
"1058",2025-06-29 00:09:41,25.319,0,"Tank1","Control"
"1059",2025-06-29 00:14:41,25.319,0,"Tank1","Control"
"1060",2025-06-29 00:19:41,25.319,0,"Tank1","Control"
"1061",2025-06-29 00:24:41,25.222,0,"Tank1","Control"
"1062",2025-06-29 00:29:41,25.319,0,"Tank1","Control"
"1063",2025-06-29 00:34:41,25.416,0,"Tank1","Control"
"1064",2025-06-29 00:39:41,25.416,0,"Tank1","Control"
"1065",2025-06-29 00:44:41,25.416,0,"Tank1","Control"
"1066",2025-06-29 00:49:41,25.416,0,"Tank1","Control"
"1067",2025-06-29 00:54:41,25.319,0,"Tank1","Control"
"1068",2025-06-29 00:59:41,25.319,0,"Tank1","Control"
"1069",2025-06-29 01:04:41,25.319,0,"Tank1","Control"
"1070",2025-06-29 01:09:41,25.319,0,"Tank1","Control"
"1071",2025-06-29 01:14:41,25.222,0,"Tank1","Control"
"1072",2025-06-29 01:19:41,25.222,0,"Tank1","Control"
"1073",2025-06-29 01:24:41,25.319,0,"Tank1","Control"
"1074",2025-06-29 01:29:41,25.416,0,"Tank1","Control"
"1075",2025-06-29 01:34:41,25.416,0,"Tank1","Control"
"1076",2025-06-29 01:39:41,25.319,0,"Tank1","Control"
"1077",2025-06-29 01:44:41,25.319,0,"Tank1","Control"
"1078",2025-06-29 01:49:41,25.319,0,"Tank1","Control"
"1079",2025-06-29 01:54:41,25.319,0,"Tank1","Control"
"1080",2025-06-29 01:59:41,25.319,0,"Tank1","Control"
"1081",2025-06-29 02:04:41,25.222,0,"Tank1","Control"
"1082",2025-06-29 02:09:41,25.319,0,"Tank1","Control"
"1083",2025-06-29 02:14:41,25.222,0,"Tank1","Control"
"1084",2025-06-29 02:19:41,25.222,0,"Tank1","Control"
"1085",2025-06-29 02:24:41,25.416,0,"Tank1","Control"
"1086",2025-06-29 02:29:41,25.416,0,"Tank1","Control"
"1087",2025-06-29 02:34:41,25.319,0,"Tank1","Control"
"1088",2025-06-29 02:39:41,25.319,0,"Tank1","Control"
"1089",2025-06-29 02:44:41,25.319,0,"Tank1","Control"
"1090",2025-06-29 02:49:41,25.319,0,"Tank1","Control"
"1091",2025-06-29 02:54:41,25.319,0,"Tank1","Control"
"1092",2025-06-29 02:59:41,25.222,0,"Tank1","Control"
"1093",2025-06-29 03:04:41,25.319,0,"Tank1","Control"
"1094",2025-06-29 03:09:41,25.416,0,"Tank1","Control"
"1095",2025-06-29 03:14:41,25.416,0,"Tank1","Control"
"1096",2025-06-29 03:19:41,25.416,0,"Tank1","Control"
"1097",2025-06-29 03:24:41,25.319,0,"Tank1","Control"
"1098",2025-06-29 03:29:41,25.319,0,"Tank1","Control"
"1099",2025-06-29 03:34:41,25.319,0,"Tank1","Control"
"1100",2025-06-29 03:39:41,25.319,0,"Tank1","Control"
"1101",2025-06-29 03:44:41,25.319,0,"Tank1","Control"
"1102",2025-06-29 03:49:41,25.222,0,"Tank1","Control"
"1103",2025-06-29 03:54:41,25.319,0,"Tank1","Control"
"1104",2025-06-29 03:59:41,25.416,0,"Tank1","Control"
"1105",2025-06-29 04:04:41,25.416,0,"Tank1","Control"
"1106",2025-06-29 04:09:41,25.319,0,"Tank1","Control"
"1107",2025-06-29 04:14:41,25.319,0,"Tank1","Control"
"1108",2025-06-29 04:19:41,25.319,0,"Tank1","Control"
"1109",2025-06-29 04:24:41,25.319,0,"Tank1","Control"
"1110",2025-06-29 04:29:41,25.319,0,"Tank1","Control"
"1111",2025-06-29 04:34:41,25.222,0,"Tank1","Control"
"1112",2025-06-29 04:39:41,25.222,0,"Tank1","Control"
"1113",2025-06-29 04:44:41,25.319,0,"Tank1","Control"
"1114",2025-06-29 04:49:41,25.416,0,"Tank1","Control"
"1115",2025-06-29 04:54:41,25.416,0,"Tank1","Control"
"1116",2025-06-29 04:59:41,25.319,0,"Tank1","Control"
"1117",2025-06-29 05:04:41,25.319,0,"Tank1","Control"
"1118",2025-06-29 05:09:41,25.319,0,"Tank1","Control"
"1119",2025-06-29 05:14:41,25.319,0,"Tank1","Control"
"1120",2025-06-29 05:19:41,25.319,0,"Tank1","Control"
"1121",2025-06-29 05:24:41,25.319,0,"Tank1","Control"
"1122",2025-06-29 05:29:41,25.222,0,"Tank1","Control"
"1123",2025-06-29 05:34:41,25.319,0,"Tank1","Control"
"1124",2025-06-29 05:39:41,25.319,0,"Tank1","Control"
"1125",2025-06-29 05:44:41,25.319,0,"Tank1","Control"
"1126",2025-06-29 05:49:41,25.319,0,"Tank1","Control"
"1127",2025-06-29 05:54:41,25.319,0,"Tank1","Control"
"1128",2025-06-29 05:59:41,25.319,0,"Tank1","Control"
"1129",2025-06-29 06:04:41,25.222,0,"Tank1","Control"
"1130",2025-06-29 06:09:41,25.222,0,"Tank1","Control"
"1131",2025-06-29 06:14:41,25.319,0,"Tank1","Control"
"1132",2025-06-29 06:19:41,25.416,0,"Tank1","Control"
"1133",2025-06-29 06:24:41,25.319,0,"Tank1","Control"
"1134",2025-06-29 06:29:41,25.319,0,"Tank1","Control"
"1135",2025-06-29 06:34:41,25.319,0,"Tank1","Control"
"1136",2025-06-29 06:39:41,25.319,0,"Tank1","Control"
"1137",2025-06-29 06:44:41,25.319,0,"Tank1","Control"
"1138",2025-06-29 06:49:41,25.222,0,"Tank1","Control"
"1139",2025-06-29 06:54:41,25.319,0,"Tank1","Control"
"1140",2025-06-29 06:59:41,25.222,0,"Tank1","Control"
"1141",2025-06-29 07:04:41,25.222,0,"Tank1","Control"
"1142",2025-06-29 07:09:41,25.416,0,"Tank1","Control"
"1143",2025-06-29 07:14:41,25.416,0,"Tank1","Control"
"1144",2025-06-29 07:19:41,25.319,0,"Tank1","Control"
"1145",2025-06-29 07:24:41,25.319,0,"Tank1","Control"
"1146",2025-06-29 07:29:41,25.319,0,"Tank1","Control"
"1147",2025-06-29 07:34:41,25.319,0,"Tank1","Control"
"1148",2025-06-29 07:39:41,25.319,0,"Tank1","Control"
"1149",2025-06-29 07:44:41,25.222,0,"Tank1","Control"
"1150",2025-06-29 07:49:41,25.319,0,"Tank1","Control"
"1151",2025-06-29 07:54:41,25.416,0,"Tank1","Control"
"1152",2025-06-29 07:59:41,25.416,0,"Tank1","Control"
"1153",2025-06-29 08:04:41,25.416,0,"Tank1","Control"
"1154",2025-06-29 08:09:41,25.416,0,"Tank1","Control"
"1155",2025-06-29 08:14:41,25.319,0,"Tank1","Control"
"1156",2025-06-29 08:19:41,25.319,32.3,"Tank1","Control"
"1157",2025-06-29 08:24:41,25.319,53.8,"Tank1","Control"
"1158",2025-06-29 08:29:41,25.319,118.4,"Tank1","Control"
"1159",2025-06-29 08:34:41,25.222,129.2,"Tank1","Control"
"1160",2025-06-29 08:39:41,25.319,32.3,"Tank1","Control"
"1161",2025-06-29 08:44:41,25.416,139.9,"Tank1","Control"
"1162",2025-06-29 08:49:41,25.416,150.7,"Tank1","Control"
"1163",2025-06-29 08:54:41,25.319,86.1,"Tank1","Control"
"1164",2025-06-29 08:59:41,25.319,107.6,"Tank1","Control"
"1165",2025-06-29 09:04:41,25.319,75.3,"Tank1","Control"
"1166",2025-06-29 09:09:41,25.319,139.9,"Tank1","Control"
"1167",2025-06-29 09:14:41,25.319,183,"Tank1","Control"
"1168",2025-06-29 09:19:41,25.222,172.2,"Tank1","Control"
"1169",2025-06-29 09:24:41,25.416,279.9,"Tank1","Control"
"1170",2025-06-29 09:29:41,25.416,193.8,"Tank1","Control"
"1171",2025-06-29 09:34:41,25.416,215.3,"Tank1","Control"
"1172",2025-06-29 09:39:41,25.416,0,"Tank1","Control"
"1173",2025-06-29 09:44:41,25.319,0,"Tank1","Control"
"1174",2025-06-29 09:49:41,25.319,0,"Tank1","Control"
"1175",2025-06-29 09:54:41,25.319,0,"Tank1","Control"
"1176",2025-06-29 09:59:41,25.319,0,"Tank1","Control"
"1177",2025-06-29 10:04:41,25.222,0,"Tank1","Control"
"1178",2025-06-29 10:09:41,25.319,0,"Tank1","Control"
"1179",2025-06-29 10:14:41,25.416,0,"Tank1","Control"
"1180",2025-06-29 10:19:41,25.416,0,"Tank1","Control"
"1181",2025-06-29 10:24:41,25.319,0,"Tank1","Control"
"1182",2025-06-29 10:29:41,25.319,0,"Tank1","Control"
"1183",2025-06-29 10:34:41,25.319,0,"Tank1","Control"
"1184",2025-06-29 10:39:41,25.319,0,"Tank1","Control"
"1185",2025-06-29 10:44:41,25.319,0,"Tank1","Control"
"1186",2025-06-29 10:49:41,25.319,570.5,"Tank1","Control"
"1187",2025-06-29 10:54:41,25.319,602.8,"Tank1","Control"
"1188",2025-06-29 10:59:41,25.416,613.5,"Tank1","Control"
"1189",2025-06-29 11:04:41,25.416,688.9,"Tank1","Control"
"1190",2025-06-29 11:09:41,25.416,635.1,"Tank1","Control"
"1191",2025-06-29 11:14:41,25.416,699.7,"Tank1","Control"
"1192",2025-06-29 11:19:41,25.416,688.9,"Tank1","Control"
"1193",2025-06-29 11:24:41,25.416,721.2,"Tank1","Control"
"1194",2025-06-29 11:29:41,25.319,742.7,"Tank1","Control"
"1195",2025-06-29 11:34:41,25.319,731.9,"Tank1","Control"
"1196",2025-06-29 11:39:41,25.319,775,"Tank1","Control"
"1197",2025-06-29 11:44:41,25.319,807.3,"Tank1","Control"
"1198",2025-06-29 11:49:41,25.319,818.1,"Tank1","Control"
"1199",2025-06-29 11:54:41,25.319,839.6,"Tank1","Control"
"1200",2025-06-29 11:59:41,25.319,882.6,"Tank1","Control"
"1201",2025-06-29 12:04:41,25.416,861.1,"Tank1","Control"
"1202",2025-06-29 12:09:41,25.416,893.4,"Tank1","Control"
"1203",2025-06-29 12:14:41,25.416,796.5,"Tank1","Control"
"1204",2025-06-29 12:19:41,25.416,882.6,"Tank1","Control"
"1205",2025-06-29 12:24:41,25.416,871.9,"Tank1","Control"
"1206",2025-06-29 12:29:41,25.416,871.9,"Tank1","Control"
"1207",2025-06-29 12:34:41,25.416,861.1,"Tank1","Control"
"1208",2025-06-29 12:39:41,25.416,882.6,"Tank1","Control"
"1209",2025-06-29 12:44:41,25.319,914.9,"Tank1","Control"
"1210",2025-06-29 12:49:41,25.319,893.4,"Tank1","Control"
"1211",2025-06-29 12:54:41,25.319,828.8,"Tank1","Control"
"1212",2025-06-29 12:59:41,25.319,871.9,"Tank1","Control"
"1213",2025-06-29 13:04:41,25.319,871.9,"Tank1","Control"
"1214",2025-06-29 13:09:41,25.319,818.1,"Tank1","Control"
"1215",2025-06-29 13:14:41,25.319,882.6,"Tank1","Control"
"1216",2025-06-29 13:19:41,25.319,861.1,"Tank1","Control"
"1217",2025-06-29 13:24:41,25.319,861.1,"Tank1","Control"
"1218",2025-06-29 13:29:41,25.319,871.9,"Tank1","Control"
"1219",2025-06-29 13:34:41,25.319,925.7,"Tank1","Control"
"1220",2025-06-29 13:39:41,25.319,882.6,"Tank1","Control"
"1221",2025-06-29 13:44:41,25.319,893.4,"Tank1","Control"
"1222",2025-06-29 13:49:41,25.319,861.1,"Tank1","Control"
"1223",2025-06-29 13:54:41,25.319,882.6,"Tank1","Control"
"1224",2025-06-29 13:59:41,25.319,882.6,"Tank1","Control"
"1225",2025-06-29 14:04:41,25.319,839.6,"Tank1","Control"
"1226",2025-06-29 14:09:41,25.319,871.9,"Tank1","Control"
"1227",2025-06-29 14:14:41,25.319,882.6,"Tank1","Control"
"1228",2025-06-29 14:19:41,25.319,882.6,"Tank1","Control"
"1229",2025-06-29 14:24:41,25.319,861.1,"Tank1","Control"
"1230",2025-06-29 14:29:41,25.416,882.6,"Tank1","Control"
"1231",2025-06-29 14:34:41,25.416,839.6,"Tank1","Control"
"1232",2025-06-29 14:39:41,25.416,871.9,"Tank1","Control"
"1233",2025-06-29 14:44:41,25.416,882.6,"Tank1","Control"
"1234",2025-06-29 14:49:41,25.416,904.2,"Tank1","Control"
"1235",2025-06-29 14:54:41,25.416,893.4,"Tank1","Control"
"1236",2025-06-29 14:59:41,25.416,882.6,"Tank1","Control"
"1237",2025-06-29 15:04:41,25.416,861.1,"Tank1","Control"
"1238",2025-06-29 15:09:41,25.319,882.6,"Tank1","Control"
"1239",2025-06-29 15:14:41,25.319,850.4,"Tank1","Control"
"1240",2025-06-29 15:19:41,25.319,893.4,"Tank1","Control"
"1241",2025-06-29 15:24:41,25.319,861.1,"Tank1","Control"
"1242",2025-06-29 15:29:41,25.319,882.6,"Tank1","Control"
"1243",2025-06-29 15:34:41,25.319,861.1,"Tank1","Control"
"1244",2025-06-29 15:39:41,25.319,861.1,"Tank1","Control"
"1245",2025-06-29 15:44:41,25.319,871.9,"Tank1","Control"
"1246",2025-06-29 15:49:41,25.319,861.1,"Tank1","Control"
"1247",2025-06-29 15:54:41,25.319,871.9,"Tank1","Control"
"1248",2025-06-29 15:59:41,25.319,904.2,"Tank1","Control"
"1249",2025-06-29 16:04:41,25.319,882.6,"Tank1","Control"
"1250",2025-06-29 16:09:41,25.319,828.8,"Tank1","Control"
"1251",2025-06-29 16:14:41,25.319,861.1,"Tank1","Control"
"1252",2025-06-29 16:19:41,25.319,764.2,"Tank1","Control"
"1253",2025-06-29 16:24:41,25.319,807.3,"Tank1","Control"
"1254",2025-06-29 16:29:41,25.319,721.2,"Tank1","Control"
"1255",2025-06-29 16:34:41,25.319,688.9,"Tank1","Control"
"1256",2025-06-29 16:39:41,25.319,731.9,"Tank1","Control"
"1257",2025-06-29 16:44:41,25.319,667.4,"Tank1","Control"
"1258",2025-06-29 16:49:41,25.319,645.8,"Tank1","Control"
"1259",2025-06-29 16:54:41,25.416,667.4,"Tank1","Control"
"1260",2025-06-29 16:59:41,25.513,656.6,"Tank1","Control"
"1261",2025-06-29 17:04:41,25.513,570.5,"Tank1","Control"
"1262",2025-06-29 17:09:41,25.416,581.3,"Tank1","Control"
"1263",2025-06-29 17:14:41,25.416,570.5,"Tank1","Control"
"1264",2025-06-29 17:19:41,25.416,559.7,"Tank1","Control"
"1265",2025-06-29 17:24:41,25.319,538.2,"Tank1","Control"
"1266",2025-06-29 17:29:41,25.319,495.1,"Tank1","Control"
"1267",2025-06-29 17:34:41,25.319,559.7,"Tank1","Control"
"1268",2025-06-29 17:39:41,25.319,495.1,"Tank1","Control"
"1269",2025-06-29 17:44:41,25.319,473.6,"Tank1","Control"
"1270",2025-06-29 17:49:41,25.416,398.3,"Tank1","Control"
"1271",2025-06-29 17:54:41,25.416,409,"Tank1","Control"
"1272",2025-06-29 17:59:41,25.416,387.5,"Tank1","Control"
"1273",2025-06-29 18:04:41,25.319,376.7,"Tank1","Control"
"1274",2025-06-29 18:09:41,25.319,301.4,"Tank1","Control"
"1275",2025-06-29 18:14:41,25.319,366,"Tank1","Control"
"1276",2025-06-29 18:19:41,25.222,236.8,"Tank1","Control"
"1277",2025-06-29 18:24:41,25.416,226,"Tank1","Control"
"1278",2025-06-29 18:29:41,25.416,258.3,"Tank1","Control"
"1279",2025-06-29 18:34:41,25.416,226,"Tank1","Control"
"1280",2025-06-29 18:39:41,25.416,290.6,"Tank1","Control"
"1281",2025-06-29 18:44:41,25.319,226,"Tank1","Control"
"1282",2025-06-29 18:49:41,25.319,183,"Tank1","Control"
"1283",2025-06-29 18:54:41,25.319,96.9,"Tank1","Control"
"1284",2025-06-29 18:59:41,25.319,172.2,"Tank1","Control"
"1285",2025-06-29 19:04:41,25.319,129.2,"Tank1","Control"
"1286",2025-06-29 19:09:41,25.416,21.5,"Tank1","Control"
"1287",2025-06-29 19:14:41,25.416,64.6,"Tank1","Control"
"1288",2025-06-29 19:19:41,25.416,64.6,"Tank1","Control"
"1289",2025-06-29 19:24:41,25.319,86.1,"Tank1","Control"
"1290",2025-06-29 19:29:41,25.319,0,"Tank1","Control"
"1291",2025-06-29 19:34:41,25.319,53.8,"Tank1","Control"
"1292",2025-06-29 19:39:41,25.319,0,"Tank1","Control"
"1293",2025-06-29 19:44:41,25.222,21.5,"Tank1","Control"
"1294",2025-06-29 19:49:41,25.416,0,"Tank1","Control"
"1295",2025-06-29 19:54:41,25.416,0,"Tank1","Control"
"1296",2025-06-29 19:59:41,25.416,0,"Tank1","Control"
"1297",2025-06-29 20:04:41,25.416,0,"Tank1","Control"
"1298",2025-06-29 20:09:41,25.319,0,"Tank1","Control"
"1299",2025-06-29 20:14:41,25.319,0,"Tank1","Control"
"1300",2025-06-29 20:19:41,25.319,0,"Tank1","Control"
"1301",2025-06-29 20:24:41,25.319,0,"Tank1","Control"
"1302",2025-06-29 20:29:41,25.222,0,"Tank1","Control"
"1303",2025-06-29 20:34:41,25.319,0,"Tank1","Control"
"1304",2025-06-29 20:39:41,25.416,0,"Tank1","Control"
"1305",2025-06-29 20:44:41,25.416,0,"Tank1","Control"
"1306",2025-06-29 20:49:41,25.319,0,"Tank1","Control"
"1307",2025-06-29 20:54:41,25.319,0,"Tank1","Control"
"1308",2025-06-29 20:59:41,25.319,0,"Tank1","Control"
"1309",2025-06-29 21:04:41,25.319,0,"Tank1","Control"
"1310",2025-06-29 21:09:41,25.222,0,"Tank1","Control"
"1311",2025-06-29 21:14:41,25.222,0,"Tank1","Control"
"1312",2025-06-29 21:19:41,25.416,0,"Tank1","Control"
"1313",2025-06-29 21:24:41,25.319,0,"Tank1","Control"
"1314",2025-06-29 21:29:41,25.319,0,"Tank1","Control"
"1315",2025-06-29 21:34:41,25.319,0,"Tank1","Control"
"1316",2025-06-29 21:39:41,25.319,0,"Tank1","Control"
"1317",2025-06-29 21:44:41,25.319,0,"Tank1","Control"
"1318",2025-06-29 21:49:41,25.222,0,"Tank1","Control"
"1319",2025-06-29 21:54:41,25.319,0,"Tank1","Control"
"1320",2025-06-29 21:59:41,25.416,0,"Tank1","Control"
"1321",2025-06-29 22:04:41,25.416,0,"Tank1","Control"
"1322",2025-06-29 22:09:41,25.319,0,"Tank1","Control"
"1323",2025-06-29 22:14:41,25.319,0,"Tank1","Control"
"1324",2025-06-29 22:19:41,25.319,0,"Tank1","Control"
"1325",2025-06-29 22:24:41,25.319,0,"Tank1","Control"
"1326",2025-06-29 22:29:41,25.222,0,"Tank1","Control"
"1327",2025-06-29 22:34:41,25.416,0,"Tank1","Control"
"1328",2025-06-29 22:39:41,25.416,0,"Tank1","Control"
"1329",2025-06-29 22:44:41,25.416,0,"Tank1","Control"
"1330",2025-06-29 22:49:41,25.319,0,"Tank1","Control"
"1331",2025-06-29 22:54:41,25.319,0,"Tank1","Control"
"1332",2025-06-29 22:59:41,25.319,0,"Tank1","Control"
"1333",2025-06-29 23:04:41,25.319,0,"Tank1","Control"
"1334",2025-06-29 23:09:41,25.222,0,"Tank1","Control"
"1335",2025-06-29 23:14:41,25.319,0,"Tank1","Control"
"1336",2025-06-29 23:19:41,25.416,0,"Tank1","Control"
"1337",2025-06-29 23:24:41,25.416,0,"Tank1","Control"
"1338",2025-06-29 23:29:41,25.319,0,"Tank1","Control"
"1339",2025-06-29 23:34:41,25.319,0,"Tank1","Control"
"1340",2025-06-29 23:39:41,25.319,0,"Tank1","Control"
"1341",2025-06-29 23:44:41,25.319,0,"Tank1","Control"
"1342",2025-06-29 23:49:41,25.319,0,"Tank1","Control"
"1343",2025-06-29 23:54:41,25.222,0,"Tank1","Control"
"1344",2025-06-29 23:59:41,25.319,0,"Tank1","Control"
"1345",2025-06-30 00:04:41,25.416,0,"Tank1","Control"
"1346",2025-06-30 00:09:41,25.416,0,"Tank1","Control"
"1347",2025-06-30 00:14:41,25.319,0,"Tank1","Control"
"1348",2025-06-30 00:19:41,25.319,0,"Tank1","Control"
"1349",2025-06-30 00:24:41,25.319,0,"Tank1","Control"
"1350",2025-06-30 00:29:41,25.319,0,"Tank1","Control"
"1351",2025-06-30 00:34:41,25.319,0,"Tank1","Control"
"1352",2025-06-30 00:39:41,25.222,0,"Tank1","Control"
"1353",2025-06-30 00:44:41,25.319,0,"Tank1","Control"
"1354",2025-06-30 00:49:41,25.416,0,"Tank1","Control"
"1355",2025-06-30 00:54:41,25.416,0,"Tank1","Control"
"1356",2025-06-30 00:59:41,25.319,0,"Tank1","Control"
"1357",2025-06-30 01:04:41,25.319,0,"Tank1","Control"
"1358",2025-06-30 01:09:41,25.319,0,"Tank1","Control"
"1359",2025-06-30 01:14:41,25.319,0,"Tank1","Control"
"1360",2025-06-30 01:19:41,25.319,0,"Tank1","Control"
"1361",2025-06-30 01:24:41,25.319,0,"Tank1","Control"
"1362",2025-06-30 01:29:41,25.416,0,"Tank1","Control"
"1363",2025-06-30 01:34:41,25.416,0,"Tank1","Control"
"1364",2025-06-30 01:39:41,25.416,0,"Tank1","Control"
"1365",2025-06-30 01:44:41,25.416,0,"Tank1","Control"
"1366",2025-06-30 01:49:41,25.319,0,"Tank1","Control"
"1367",2025-06-30 01:54:41,25.319,0,"Tank1","Control"
"1368",2025-06-30 01:59:41,25.319,0,"Tank1","Control"
"1369",2025-06-30 02:04:41,25.319,0,"Tank1","Control"
"1370",2025-06-30 02:09:41,25.222,0,"Tank1","Control"
"1371",2025-06-30 02:14:41,25.319,0,"Tank1","Control"
"1372",2025-06-30 02:19:41,25.416,0,"Tank1","Control"
"1373",2025-06-30 02:24:41,25.416,0,"Tank1","Control"
"1374",2025-06-30 02:29:41,25.319,0,"Tank1","Control"
"1375",2025-06-30 02:34:41,25.319,0,"Tank1","Control"
"1376",2025-06-30 02:39:41,25.319,0,"Tank1","Control"
"1377",2025-06-30 02:44:41,25.319,0,"Tank1","Control"
"1378",2025-06-30 02:49:41,25.222,0,"Tank1","Control"
"1379",2025-06-30 02:54:41,25.319,0,"Tank1","Control"
"1380",2025-06-30 02:59:41,25.416,0,"Tank1","Control"
"1381",2025-06-30 03:04:41,25.416,0,"Tank1","Control"
"1382",2025-06-30 03:09:41,25.319,0,"Tank1","Control"
"1383",2025-06-30 03:14:41,25.319,0,"Tank1","Control"
"1384",2025-06-30 03:19:41,25.319,0,"Tank1","Control"
"1385",2025-06-30 03:24:41,25.319,0,"Tank1","Control"
"1386",2025-06-30 03:29:41,25.222,0,"Tank1","Control"
"1387",2025-06-30 03:34:41,25.319,0,"Tank1","Control"
"1388",2025-06-30 03:39:41,25.416,0,"Tank1","Control"
"1389",2025-06-30 03:44:41,25.416,0,"Tank1","Control"
"1390",2025-06-30 03:49:41,25.416,0,"Tank1","Control"
"1391",2025-06-30 03:54:41,25.319,0,"Tank1","Control"
"1392",2025-06-30 03:59:41,25.319,0,"Tank1","Control"
"1393",2025-06-30 04:04:41,25.319,0,"Tank1","Control"
"1394",2025-06-30 04:09:41,25.319,0,"Tank1","Control"
"1395",2025-06-30 04:14:41,25.222,0,"Tank1","Control"
"1396",2025-06-30 04:19:41,25.319,0,"Tank1","Control"
"1397",2025-06-30 04:24:41,25.513,0,"Tank1","Control"
"1398",2025-06-30 04:29:41,25.416,0,"Tank1","Control"
"1399",2025-06-30 04:34:41,25.416,0,"Tank1","Control"
"1400",2025-06-30 04:39:41,25.416,0,"Tank1","Control"
"1401",2025-06-30 04:44:41,25.319,0,"Tank1","Control"
"1402",2025-06-30 04:49:41,25.319,0,"Tank1","Control"
"1403",2025-06-30 04:54:41,25.319,0,"Tank1","Control"
"1404",2025-06-30 04:59:41,25.319,0,"Tank1","Control"
"1405",2025-06-30 05:04:41,25.222,0,"Tank1","Control"
"1406",2025-06-30 05:09:41,25.416,0,"Tank1","Control"
"1407",2025-06-30 05:14:41,25.416,0,"Tank1","Control"
"1408",2025-06-30 05:19:41,25.416,0,"Tank1","Control"
"1409",2025-06-30 05:24:41,25.416,0,"Tank1","Control"
"1410",2025-06-30 05:29:41,25.319,0,"Tank1","Control"
"1411",2025-06-30 05:34:41,25.319,0,"Tank1","Control"
"1412",2025-06-30 05:39:41,25.319,0,"Tank1","Control"
"1413",2025-06-30 05:44:41,25.319,0,"Tank1","Control"
"1414",2025-06-30 05:49:41,25.222,0,"Tank1","Control"
"1415",2025-06-30 05:54:41,25.416,0,"Tank1","Control"
"1416",2025-06-30 05:59:41,25.416,0,"Tank1","Control"
"1417",2025-06-30 06:04:41,25.416,0,"Tank1","Control"
"1418",2025-06-30 06:09:41,25.319,0,"Tank1","Control"
"1419",2025-06-30 06:14:41,25.319,0,"Tank1","Control"
"1420",2025-06-30 06:19:41,25.319,0,"Tank1","Control"
"1421",2025-06-30 06:24:41,25.319,0,"Tank1","Control"
"1422",2025-06-30 06:29:41,25.222,0,"Tank1","Control"
"1423",2025-06-30 06:34:41,25.319,0,"Tank1","Control"
"1424",2025-06-30 06:39:41,25.416,0,"Tank1","Control"
"1425",2025-06-30 06:44:41,25.416,0,"Tank1","Control"
"1426",2025-06-30 06:49:41,25.416,0,"Tank1","Control"
"1427",2025-06-30 06:54:41,25.416,0,"Tank1","Control"
"1428",2025-06-30 06:59:41,25.319,0,"Tank1","Control"
"1429",2025-06-30 07:04:41,25.319,0,"Tank1","Control"
"1430",2025-06-30 07:09:41,25.319,0,"Tank1","Control"
"1431",2025-06-30 07:14:41,25.319,0,"Tank1","Control"
"1432",2025-06-30 07:19:41,25.222,0,"Tank1","Control"
"1433",2025-06-30 07:24:41,25.319,0,"Tank1","Control"
"1434",2025-06-30 07:29:41,25.416,0,"Tank1","Control"
"1435",2025-06-30 07:34:41,25.416,0,"Tank1","Control"
"1436",2025-06-30 07:39:41,25.416,0,"Tank1","Control"
"1437",2025-06-30 07:44:41,25.319,0,"Tank1","Control"
"1438",2025-06-30 07:49:41,25.319,0,"Tank1","Control"
"1439",2025-06-30 07:54:41,25.319,0,"Tank1","Control"
"1440",2025-06-30 07:59:41,25.319,0,"Tank1","Control"
"1441",2025-06-25 08:00:31,25.416,0,"Tank2","Heated"
"1442",2025-06-25 08:05:31,25.319,0,"Tank2","Heated"
"1443",2025-06-25 08:10:31,25.319,0,"Tank2","Heated"
"1444",2025-06-25 08:15:31,25.319,0,"Tank2","Heated"
"1445",2025-06-25 08:20:31,25.319,0,"Tank2","Heated"
"1446",2025-06-25 08:25:31,25.319,0,"Tank2","Heated"
"1447",2025-06-25 08:30:31,25.319,0,"Tank2","Heated"
"1448",2025-06-25 08:35:31,25.319,75.3,"Tank2","Heated"
"1449",2025-06-25 08:40:31,25.319,75.3,"Tank2","Heated"
"1450",2025-06-25 08:45:31,25.319,86.1,"Tank2","Heated"
"1451",2025-06-25 08:50:31,25.319,107.6,"Tank2","Heated"
"1452",2025-06-25 08:55:31,25.416,96.9,"Tank2","Heated"
"1453",2025-06-25 09:00:31,25.513,107.6,"Tank2","Heated"
"1454",2025-06-25 09:05:31,25.416,118.4,"Tank2","Heated"
"1455",2025-06-25 09:10:31,25.416,96.9,"Tank2","Heated"
"1456",2025-06-25 09:15:31,25.416,139.9,"Tank2","Heated"
"1457",2025-06-25 09:20:31,25.319,118.4,"Tank2","Heated"
"1458",2025-06-25 09:25:31,25.319,139.9,"Tank2","Heated"
"1459",2025-06-25 09:30:31,25.319,150.7,"Tank2","Heated"
"1460",2025-06-25 09:35:31,25.805,193.8,"Tank2","Heated"
"1461",2025-06-25 09:40:31,26.39,139.9,"Tank2","Heated"
"1462",2025-06-25 09:45:31,26.879,129.2,"Tank2","Heated"
"1463",2025-06-25 09:50:31,27.468,0,"Tank2","Heated"
"1464",2025-06-25 09:55:31,27.961,0,"Tank2","Heated"
"1465",2025-06-25 10:00:31,28.456,0,"Tank2","Heated"
"1466",2025-06-25 10:05:31,28.953,0,"Tank2","Heated"
"1467",2025-06-25 10:10:31,29.552,258.3,"Tank2","Heated"
"1468",2025-06-25 10:15:31,30.054,505.9,"Tank2","Heated"
"1469",2025-06-25 10:20:31,30.457,247.6,"Tank2","Heated"
"1470",2025-06-25 10:25:31,30.963,269.1,"Tank2","Heated"
"1471",2025-06-25 10:30:31,31.472,344.4,"Tank2","Heated"
"1472",2025-06-25 10:35:31,31.983,301.4,"Tank2","Heated"
"1473",2025-06-25 10:40:31,32.394,366,"Tank2","Heated"
"1474",2025-06-25 10:45:31,32.291,0,"Tank2","Heated"
"1475",2025-06-25 10:50:31,32.188,0,"Tank2","Heated"
"1476",2025-06-25 10:55:31,32.086,0,"Tank2","Heated"
"1477",2025-06-25 11:00:31,32.086,0,"Tank2","Heated"
"1478",2025-06-25 11:05:31,32.291,0,"Tank2","Heated"
"1479",2025-06-25 11:10:31,32.291,0,"Tank2","Heated"
"1480",2025-06-25 11:15:31,32.188,0,"Tank2","Heated"
"1481",2025-06-25 11:20:31,31.983,0,"Tank2","Heated"
"1482",2025-06-25 11:25:31,32.188,0,"Tank2","Heated"
"1483",2025-06-25 11:30:31,32.291,0,"Tank2","Heated"
"1484",2025-06-25 11:35:31,32.291,0,"Tank2","Heated"
"1485",2025-06-25 11:40:31,32.188,0,"Tank2","Heated"
"1486",2025-06-25 11:45:31,32.086,0,"Tank2","Heated"
"1487",2025-06-25 11:50:31,32.086,10.8,"Tank2","Heated"
"1488",2025-06-25 11:55:31,32.394,624.3,"Tank2","Heated"
"1489",2025-06-25 12:00:31,32.291,602.8,"Tank2","Heated"
"1490",2025-06-25 12:05:31,32.188,645.8,"Tank2","Heated"
"1491",2025-06-25 12:10:31,32.086,645.8,"Tank2","Heated"
"1492",2025-06-25 12:15:31,32.291,656.6,"Tank2","Heated"
"1493",2025-06-25 12:20:31,32.394,613.5,"Tank2","Heated"
"1494",2025-06-25 12:25:31,32.291,656.6,"Tank2","Heated"
"1495",2025-06-25 12:30:31,32.188,624.3,"Tank2","Heated"
"1496",2025-06-25 12:35:31,32.086,624.3,"Tank2","Heated"
"1497",2025-06-25 12:40:31,32.291,624.3,"Tank2","Heated"
"1498",2025-06-25 12:45:31,32.394,602.8,"Tank2","Heated"
"1499",2025-06-25 12:50:31,32.291,0,"Tank2","Heated"
"1500",2025-06-25 12:55:31,32.086,0,"Tank2","Heated"
"1501",2025-06-25 13:00:31,31.983,0,"Tank2","Heated"
"1502",2025-06-25 13:05:31,32.291,0,"Tank2","Heated"
"1503",2025-06-25 13:10:31,32.291,0,"Tank2","Heated"
"1504",2025-06-25 13:15:31,32.188,0,"Tank2","Heated"
"1505",2025-06-25 13:20:31,32.086,0,"Tank2","Heated"
"1506",2025-06-25 13:25:31,31.983,0,"Tank2","Heated"
"1507",2025-06-25 13:30:31,32.291,0,"Tank2","Heated"
"1508",2025-06-25 13:35:31,32.291,0,"Tank2","Heated"
"1509",2025-06-25 13:40:31,32.291,624.3,"Tank2","Heated"
"1510",2025-06-25 13:45:31,32.188,667.4,"Tank2","Heated"
"1511",2025-06-25 13:50:31,32.086,624.3,"Tank2","Heated"
"1512",2025-06-25 13:55:31,32.291,645.8,"Tank2","Heated"
"1513",2025-06-25 14:00:31,32.394,656.6,"Tank2","Heated"
"1514",2025-06-25 14:05:31,32.291,656.6,"Tank2","Heated"
"1515",2025-06-25 14:10:31,32.188,667.4,"Tank2","Heated"
"1516",2025-06-25 14:15:31,32.086,656.6,"Tank2","Heated"
"1517",2025-06-25 14:20:31,32.291,624.3,"Tank2","Heated"
"1518",2025-06-25 14:25:31,32.394,505.9,"Tank2","Heated"
"1519",2025-06-25 14:30:31,32.291,559.7,"Tank2","Heated"
"1520",2025-06-25 14:35:31,32.086,559.7,"Tank2","Heated"
"1521",2025-06-25 14:40:31,32.086,624.3,"Tank2","Heated"
"1522",2025-06-25 14:45:31,32.394,645.8,"Tank2","Heated"
"1523",2025-06-25 14:50:31,32.291,635.1,"Tank2","Heated"
"1524",2025-06-25 14:55:31,32.394,581.3,"Tank2","Heated"
"1525",2025-06-25 15:00:31,32.6,667.4,"Tank2","Heated"
"1526",2025-06-25 15:05:31,32.6,667.4,"Tank2","Heated"
"1527",2025-06-25 15:10:31,32.497,667.4,"Tank2","Heated"
"1528",2025-06-25 15:15:31,32.394,635.1,"Tank2","Heated"
"1529",2025-06-25 15:20:31,32.291,581.3,"Tank2","Heated"
"1530",2025-06-25 15:25:31,32.6,613.5,"Tank2","Heated"
"1531",2025-06-25 15:30:31,32.497,613.5,"Tank2","Heated"
"1532",2025-06-25 15:35:31,32.497,581.3,"Tank2","Heated"
"1533",2025-06-25 15:40:31,32.394,624.3,"Tank2","Heated"
"1534",2025-06-25 15:45:31,32.291,613.5,"Tank2","Heated"
"1535",2025-06-25 15:50:31,32.6,559.7,"Tank2","Heated"
"1536",2025-06-25 15:55:31,32.497,559.7,"Tank2","Heated"
"1537",2025-06-25 16:00:31,32.394,559.7,"Tank2","Heated"
"1538",2025-06-25 16:05:31,32.394,570.5,"Tank2","Heated"
"1539",2025-06-25 16:10:31,32.394,538.2,"Tank2","Heated"
"1540",2025-06-25 16:15:31,32.6,581.3,"Tank2","Heated"
"1541",2025-06-25 16:20:31,32.497,549,"Tank2","Heated"
"1542",2025-06-25 16:25:31,32.394,527.4,"Tank2","Heated"
"1543",2025-06-25 16:30:31,32.291,527.4,"Tank2","Heated"
"1544",2025-06-25 16:35:31,32.497,473.6,"Tank2","Heated"
"1545",2025-06-25 16:40:31,32.6,441.3,"Tank2","Heated"
"1546",2025-06-25 16:45:31,32.497,441.3,"Tank2","Heated"
"1547",2025-06-25 16:50:31,32.394,419.8,"Tank2","Heated"
"1548",2025-06-25 16:55:31,32.291,419.8,"Tank2","Heated"
"1549",2025-06-25 17:00:31,32.497,409,"Tank2","Heated"
"1550",2025-06-25 17:05:31,32.6,398.3,"Tank2","Heated"
"1551",2025-06-25 17:10:31,32.497,366,"Tank2","Heated"
"1552",2025-06-25 17:15:31,32.394,355.2,"Tank2","Heated"
"1553",2025-06-25 17:20:31,32.291,322.9,"Tank2","Heated"
"1554",2025-06-25 17:25:31,32.497,312.2,"Tank2","Heated"
"1555",2025-06-25 17:30:31,32.497,344.4,"Tank2","Heated"
"1556",2025-06-25 17:35:31,32.497,344.4,"Tank2","Heated"
"1557",2025-06-25 17:40:31,32.394,279.9,"Tank2","Heated"
"1558",2025-06-25 17:45:31,32.291,258.3,"Tank2","Heated"
"1559",2025-06-25 17:50:31,32.497,226,"Tank2","Heated"
"1560",2025-06-25 17:55:31,32.497,247.6,"Tank2","Heated"
"1561",2025-06-25 18:00:31,32.497,247.6,"Tank2","Heated"
"1562",2025-06-25 18:05:31,32.394,193.8,"Tank2","Heated"
"1563",2025-06-25 18:10:31,32.291,215.3,"Tank2","Heated"
"1564",2025-06-25 18:15:31,32.497,161.5,"Tank2","Heated"
"1565",2025-06-25 18:20:31,32.497,139.9,"Tank2","Heated"
"1566",2025-06-25 18:25:31,32.394,150.7,"Tank2","Heated"
"1567",2025-06-25 18:30:31,32.291,150.7,"Tank2","Heated"
"1568",2025-06-25 18:35:31,32.291,118.4,"Tank2","Heated"
"1569",2025-06-25 18:40:31,32.497,107.6,"Tank2","Heated"
"1570",2025-06-25 18:45:31,32.497,129.2,"Tank2","Heated"
"1571",2025-06-25 18:50:31,32.394,172.2,"Tank2","Heated"
"1572",2025-06-25 18:55:31,32.291,118.4,"Tank2","Heated"
"1573",2025-06-25 19:00:31,32.291,129.2,"Tank2","Heated"
"1574",2025-06-25 19:05:31,32.497,43.1,"Tank2","Heated"
"1575",2025-06-25 19:10:31,32.497,53.8,"Tank2","Heated"
"1576",2025-06-25 19:15:31,32.291,53.8,"Tank2","Heated"
"1577",2025-06-25 19:20:31,32.291,43.1,"Tank2","Heated"
"1578",2025-06-25 19:25:31,32.497,10.8,"Tank2","Heated"
"1579",2025-06-25 19:30:31,32.497,10.8,"Tank2","Heated"
"1580",2025-06-25 19:35:31,32.394,21.5,"Tank2","Heated"
"1581",2025-06-25 19:40:31,32.291,0,"Tank2","Heated"
"1582",2025-06-25 19:45:31,32.291,10.8,"Tank2","Heated"
"1583",2025-06-25 19:50:31,32.497,0,"Tank2","Heated"
"1584",2025-06-25 19:55:31,32.497,0,"Tank2","Heated"
"1585",2025-06-25 20:00:31,32.394,0,"Tank2","Heated"
"1586",2025-06-25 20:05:31,32.291,0,"Tank2","Heated"
"1587",2025-06-25 20:10:31,32.394,0,"Tank2","Heated"
"1588",2025-06-25 20:15:31,32.497,0,"Tank2","Heated"
"1589",2025-06-25 20:20:31,32.394,0,"Tank2","Heated"
"1590",2025-06-25 20:25:31,32.291,0,"Tank2","Heated"
"1591",2025-06-25 20:30:31,32.291,0,"Tank2","Heated"
"1592",2025-06-25 20:35:31,32.497,0,"Tank2","Heated"
"1593",2025-06-25 20:40:31,32.497,0,"Tank2","Heated"
"1594",2025-06-25 20:45:31,32.394,0,"Tank2","Heated"
"1595",2025-06-25 20:50:31,32.291,0,"Tank2","Heated"
"1596",2025-06-25 20:55:31,32.394,0,"Tank2","Heated"
"1597",2025-06-25 21:00:31,32.497,0,"Tank2","Heated"
"1598",2025-06-25 21:05:31,32.394,0,"Tank2","Heated"
"1599",2025-06-25 21:10:31,32.291,0,"Tank2","Heated"
"1600",2025-06-25 21:15:31,32.291,0,"Tank2","Heated"
"1601",2025-06-25 21:20:31,32.497,0,"Tank2","Heated"
"1602",2025-06-25 21:25:31,32.497,0,"Tank2","Heated"
"1603",2025-06-25 21:30:31,32.291,0,"Tank2","Heated"
"1604",2025-06-25 21:35:31,32.188,0,"Tank2","Heated"
"1605",2025-06-25 21:40:31,32.497,0,"Tank2","Heated"
"1606",2025-06-25 21:45:31,32.497,0,"Tank2","Heated"
"1607",2025-06-25 21:50:31,32.394,0,"Tank2","Heated"
"1608",2025-06-25 21:55:31,32.188,0,"Tank2","Heated"
"1609",2025-06-25 22:00:31,32.497,0,"Tank2","Heated"
"1610",2025-06-25 22:05:31,32.497,10.8,"Tank2","Heated"
"1611",2025-06-25 22:10:31,32.394,10.8,"Tank2","Heated"
"1612",2025-06-25 22:15:31,32.291,10.8,"Tank2","Heated"
"1613",2025-06-25 22:20:31,32.394,10.8,"Tank2","Heated"
"1614",2025-06-25 22:25:31,32.497,0,"Tank2","Heated"
"1615",2025-06-25 22:30:31,32.394,0,"Tank2","Heated"
"1616",2025-06-25 22:35:31,32.291,0,"Tank2","Heated"
"1617",2025-06-25 22:40:31,32.291,0,"Tank2","Heated"
"1618",2025-06-25 22:45:31,32.497,0,"Tank2","Heated"
"1619",2025-06-25 22:50:31,32.497,0,"Tank2","Heated"
"1620",2025-06-25 22:55:31,32.291,0,"Tank2","Heated"
"1621",2025-06-25 23:00:31,32.188,0,"Tank2","Heated"
"1622",2025-06-25 23:05:31,32.497,0,"Tank2","Heated"
"1623",2025-06-25 23:10:31,32.497,0,"Tank2","Heated"
"1624",2025-06-25 23:15:31,32.394,0,"Tank2","Heated"
"1625",2025-06-25 23:20:31,32.291,0,"Tank2","Heated"
"1626",2025-06-25 23:25:31,32.394,0,"Tank2","Heated"
"1627",2025-06-25 23:30:31,32.497,0,"Tank2","Heated"
"1628",2025-06-25 23:35:31,32.394,0,"Tank2","Heated"
"1629",2025-06-25 23:40:31,32.291,0,"Tank2","Heated"
"1630",2025-06-25 23:45:31,32.394,0,"Tank2","Heated"
"1631",2025-06-25 23:50:31,32.497,0,"Tank2","Heated"
"1632",2025-06-25 23:55:31,32.394,0,"Tank2","Heated"
"1633",2025-06-26 00:00:31,32.291,0,"Tank2","Heated"
"1634",2025-06-26 00:05:31,32.291,0,"Tank2","Heated"
"1635",2025-06-26 00:10:31,32.497,0,"Tank2","Heated"
"1636",2025-06-26 00:15:31,32.497,0,"Tank2","Heated"
"1637",2025-06-26 00:20:31,32.291,0,"Tank2","Heated"
"1638",2025-06-26 00:25:31,32.291,0,"Tank2","Heated"
"1639",2025-06-26 00:30:31,32.497,0,"Tank2","Heated"
"1640",2025-06-26 00:35:31,32.497,0,"Tank2","Heated"
"1641",2025-06-26 00:40:31,32.394,0,"Tank2","Heated"
"1642",2025-06-26 00:45:31,32.291,0,"Tank2","Heated"
"1643",2025-06-26 00:50:31,32.394,0,"Tank2","Heated"
"1644",2025-06-26 00:55:31,32.497,0,"Tank2","Heated"
"1645",2025-06-26 01:00:31,32.394,0,"Tank2","Heated"
"1646",2025-06-26 01:05:31,32.291,0,"Tank2","Heated"
"1647",2025-06-26 01:10:31,32.291,0,"Tank2","Heated"
"1648",2025-06-26 01:15:31,32.497,0,"Tank2","Heated"
"1649",2025-06-26 01:20:31,32.497,0,"Tank2","Heated"
"1650",2025-06-26 01:25:31,32.394,0,"Tank2","Heated"
"1651",2025-06-26 01:30:31,32.291,0,"Tank2","Heated"
"1652",2025-06-26 01:35:31,32.394,0,"Tank2","Heated"
"1653",2025-06-26 01:40:31,32.497,0,"Tank2","Heated"
"1654",2025-06-26 01:45:31,32.394,0,"Tank2","Heated"
"1655",2025-06-26 01:50:31,32.291,0,"Tank2","Heated"
"1656",2025-06-26 01:55:31,32.394,0,"Tank2","Heated"
"1657",2025-06-26 02:00:31,32.497,0,"Tank2","Heated"
"1658",2025-06-26 02:05:31,32.394,0,"Tank2","Heated"
"1659",2025-06-26 02:10:31,32.291,0,"Tank2","Heated"
"1660",2025-06-26 02:15:31,32.291,0,"Tank2","Heated"
"1661",2025-06-26 02:20:31,32.497,0,"Tank2","Heated"
"1662",2025-06-26 02:25:31,32.497,0,"Tank2","Heated"
"1663",2025-06-26 02:30:31,32.394,0,"Tank2","Heated"
"1664",2025-06-26 02:35:31,32.291,0,"Tank2","Heated"
"1665",2025-06-26 02:40:31,32.497,0,"Tank2","Heated"
"1666",2025-06-26 02:45:31,32.497,0,"Tank2","Heated"
"1667",2025-06-26 02:50:31,32.394,0,"Tank2","Heated"
"1668",2025-06-26 02:55:31,32.291,0,"Tank2","Heated"
"1669",2025-06-26 03:00:31,32.291,0,"Tank2","Heated"
"1670",2025-06-26 03:05:31,32.497,0,"Tank2","Heated"
"1671",2025-06-26 03:10:31,32.497,0,"Tank2","Heated"
"1672",2025-06-26 03:15:31,32.394,0,"Tank2","Heated"
"1673",2025-06-26 03:20:31,32.188,0,"Tank2","Heated"
"1674",2025-06-26 03:25:31,32.497,0,"Tank2","Heated"
"1675",2025-06-26 03:30:31,32.497,0,"Tank2","Heated"
"1676",2025-06-26 03:35:31,32.394,0,"Tank2","Heated"
"1677",2025-06-26 03:40:31,32.291,0,"Tank2","Heated"
"1678",2025-06-26 03:45:31,32.291,0,"Tank2","Heated"
"1679",2025-06-26 03:50:31,32.497,0,"Tank2","Heated"
"1680",2025-06-26 03:55:31,32.394,0,"Tank2","Heated"
"1681",2025-06-26 04:00:31,32.291,0,"Tank2","Heated"
"1682",2025-06-26 04:05:31,32.291,0,"Tank2","Heated"
"1683",2025-06-26 04:10:31,32.497,0,"Tank2","Heated"
"1684",2025-06-26 04:15:31,32.394,0,"Tank2","Heated"
"1685",2025-06-26 04:20:31,32.291,0,"Tank2","Heated"
"1686",2025-06-26 04:25:31,32.291,0,"Tank2","Heated"
"1687",2025-06-26 04:30:31,32.497,0,"Tank2","Heated"
"1688",2025-06-26 04:35:31,32.497,0,"Tank2","Heated"
"1689",2025-06-26 04:40:31,32.394,0,"Tank2","Heated"
"1690",2025-06-26 04:45:31,32.291,0,"Tank2","Heated"
"1691",2025-06-26 04:50:31,32.394,0,"Tank2","Heated"
"1692",2025-06-26 04:55:31,32.497,0,"Tank2","Heated"
"1693",2025-06-26 05:00:31,32.394,0,"Tank2","Heated"
"1694",2025-06-26 05:05:31,32.291,0,"Tank2","Heated"
"1695",2025-06-26 05:10:31,32.291,0,"Tank2","Heated"
"1696",2025-06-26 05:15:31,32.497,0,"Tank2","Heated"
"1697",2025-06-26 05:20:31,32.497,0,"Tank2","Heated"
"1698",2025-06-26 05:25:31,32.291,0,"Tank2","Heated"
"1699",2025-06-26 05:30:31,32.291,0,"Tank2","Heated"
"1700",2025-06-26 05:35:31,32.497,0,"Tank2","Heated"
"1701",2025-06-26 05:40:31,32.497,0,"Tank2","Heated"
"1702",2025-06-26 05:45:31,32.394,0,"Tank2","Heated"
"1703",2025-06-26 05:50:31,32.291,0,"Tank2","Heated"
"1704",2025-06-26 05:55:31,32.394,0,"Tank2","Heated"
"1705",2025-06-26 06:00:31,32.497,0,"Tank2","Heated"
"1706",2025-06-26 06:05:31,32.394,0,"Tank2","Heated"
"1707",2025-06-26 06:10:31,32.291,0,"Tank2","Heated"
"1708",2025-06-26 06:15:31,32.291,0,"Tank2","Heated"
"1709",2025-06-26 06:20:31,32.497,0,"Tank2","Heated"
"1710",2025-06-26 06:25:31,32.497,0,"Tank2","Heated"
"1711",2025-06-26 06:30:31,32.291,0,"Tank2","Heated"
"1712",2025-06-26 06:35:31,32.188,0,"Tank2","Heated"
"1713",2025-06-26 06:40:31,32.497,0,"Tank2","Heated"
"1714",2025-06-26 06:45:31,32.497,0,"Tank2","Heated"
"1715",2025-06-26 06:50:31,32.394,0,"Tank2","Heated"
"1716",2025-06-26 06:55:31,32.291,0,"Tank2","Heated"
"1717",2025-06-26 07:00:31,32.394,0,"Tank2","Heated"
"1718",2025-06-26 07:05:31,32.497,0,"Tank2","Heated"
"1719",2025-06-26 07:10:31,32.394,0,"Tank2","Heated"
"1720",2025-06-26 07:15:31,32.291,0,"Tank2","Heated"
"1721",2025-06-26 07:20:31,32.291,0,"Tank2","Heated"
"1722",2025-06-26 07:25:31,32.497,0,"Tank2","Heated"
"1723",2025-06-26 07:30:31,32.497,0,"Tank2","Heated"
"1724",2025-06-26 07:35:31,32.394,0,"Tank2","Heated"
"1725",2025-06-26 07:40:31,32.291,0,"Tank2","Heated"
"1726",2025-06-26 07:45:31,32.394,0,"Tank2","Heated"
"1727",2025-06-26 07:50:31,32.497,0,"Tank2","Heated"
"1728",2025-06-26 07:55:31,32.394,0,"Tank2","Heated"
"1729",2025-06-26 08:00:31,32.291,0,"Tank2","Heated"
"1730",2025-06-26 08:05:31,32.291,0,"Tank2","Heated"
"1731",2025-06-26 08:10:31,32.497,0,"Tank2","Heated"
"1732",2025-06-26 08:15:31,32.497,0,"Tank2","Heated"
"1733",2025-06-26 08:20:31,32.291,0,"Tank2","Heated"
"1734",2025-06-26 08:25:31,32.188,0,"Tank2","Heated"
"1735",2025-06-26 08:30:31,32.497,0,"Tank2","Heated"
"1736",2025-06-26 08:35:31,32.497,10.8,"Tank2","Heated"
"1737",2025-06-26 08:40:31,32.394,10.8,"Tank2","Heated"
"1738",2025-06-26 08:45:31,32.188,10.8,"Tank2","Heated"
"1739",2025-06-26 08:50:31,32.497,10.8,"Tank2","Heated"
"1740",2025-06-26 08:55:31,32.497,10.8,"Tank2","Heated"
"1741",2025-06-26 09:00:31,32.394,129.2,"Tank2","Heated"
"1742",2025-06-26 09:05:31,32.291,139.9,"Tank2","Heated"
"1743",2025-06-26 09:10:31,32.188,86.1,"Tank2","Heated"
"1744",2025-06-26 09:15:31,32.291,139.9,"Tank2","Heated"
"1745",2025-06-26 09:20:31,32.394,107.6,"Tank2","Heated"
"1746",2025-06-26 09:25:31,32.394,150.7,"Tank2","Heated"
"1747",2025-06-26 09:30:31,32.188,118.4,"Tank2","Heated"
"1748",2025-06-26 09:35:31,32.188,172.2,"Tank2","Heated"
"1749",2025-06-26 09:40:31,32.394,183,"Tank2","Heated"
"1750",2025-06-26 09:45:31,32.394,139.9,"Tank2","Heated"
"1751",2025-06-26 09:50:31,32.291,193.8,"Tank2","Heated"
"1752",2025-06-26 09:55:31,32.188,215.3,"Tank2","Heated"
"1753",2025-06-26 10:00:31,32.188,215.3,"Tank2","Heated"
"1754",2025-06-26 10:05:31,32.497,226,"Tank2","Heated"
"1755",2025-06-26 10:10:31,32.394,269.1,"Tank2","Heated"
"1756",2025-06-26 10:15:31,32.291,258.3,"Tank2","Heated"
"1757",2025-06-26 10:20:31,32.188,301.4,"Tank2","Heated"
"1758",2025-06-26 10:25:31,32.291,301.4,"Tank2","Heated"
"1759",2025-06-26 10:30:31,32.497,139.9,"Tank2","Heated"
"1760",2025-06-26 10:35:31,32.394,322.9,"Tank2","Heated"
"1761",2025-06-26 10:40:31,32.291,322.9,"Tank2","Heated"
"1762",2025-06-26 10:45:31,32.188,322.9,"Tank2","Heated"
"1763",2025-06-26 10:50:31,32.394,355.2,"Tank2","Heated"
"1764",2025-06-26 10:55:31,32.394,355.2,"Tank2","Heated"
"1765",2025-06-26 11:00:31,32.291,387.5,"Tank2","Heated"
"1766",2025-06-26 11:05:31,32.188,419.8,"Tank2","Heated"
"1767",2025-06-26 11:10:31,32.291,409,"Tank2","Heated"
"1768",2025-06-26 11:15:31,32.497,430.6,"Tank2","Heated"
"1769",2025-06-26 11:20:31,32.394,462.9,"Tank2","Heated"
"1770",2025-06-26 11:25:31,32.291,452.1,"Tank2","Heated"
"1771",2025-06-26 11:30:31,32.188,495.1,"Tank2","Heated"
"1772",2025-06-26 11:35:31,32.394,505.9,"Tank2","Heated"
"1773",2025-06-26 11:40:31,32.497,527.4,"Tank2","Heated"
"1774",2025-06-26 11:45:31,32.394,516.7,"Tank2","Heated"
"1775",2025-06-26 11:50:31,32.291,505.9,"Tank2","Heated"
"1776",2025-06-26 11:55:31,32.291,538.2,"Tank2","Heated"
"1777",2025-06-26 12:00:31,32.497,549,"Tank2","Heated"
"1778",2025-06-26 12:05:31,32.394,570.5,"Tank2","Heated"
"1779",2025-06-26 12:10:31,32.291,592,"Tank2","Heated"
"1780",2025-06-26 12:15:31,32.188,549,"Tank2","Heated"
"1781",2025-06-26 12:20:31,32.394,559.7,"Tank2","Heated"
"1782",2025-06-26 12:25:31,32.497,602.8,"Tank2","Heated"
"1783",2025-06-26 12:30:31,32.394,581.3,"Tank2","Heated"
"1784",2025-06-26 12:35:31,32.291,592,"Tank2","Heated"
"1785",2025-06-26 12:40:31,32.188,592,"Tank2","Heated"
"1786",2025-06-26 12:45:31,32.497,570.5,"Tank2","Heated"
"1787",2025-06-26 12:50:31,32.394,10.8,"Tank2","Heated"
"1788",2025-06-26 12:55:31,32.291,0,"Tank2","Heated"
"1789",2025-06-26 13:00:31,32.188,0,"Tank2","Heated"
"1790",2025-06-26 13:05:31,32.188,0,"Tank2","Heated"
"1791",2025-06-26 13:10:31,32.394,0,"Tank2","Heated"
"1792",2025-06-26 13:15:31,32.394,0,"Tank2","Heated"
"1793",2025-06-26 13:20:31,32.291,0,"Tank2","Heated"
"1794",2025-06-26 13:25:31,32.086,0,"Tank2","Heated"
"1795",2025-06-26 13:30:31,32.394,613.5,"Tank2","Heated"
"1796",2025-06-26 13:35:31,32.497,592,"Tank2","Heated"
"1797",2025-06-26 13:40:31,32.394,592,"Tank2","Heated"
"1798",2025-06-26 13:45:31,32.291,592,"Tank2","Heated"
"1799",2025-06-26 13:50:31,32.188,613.5,"Tank2","Heated"
"1800",2025-06-26 13:55:31,32.497,613.5,"Tank2","Heated"
"1801",2025-06-26 14:00:31,32.497,559.7,"Tank2","Heated"
"1802",2025-06-26 14:05:31,32.394,592,"Tank2","Heated"
"1803",2025-06-26 14:10:31,32.188,592,"Tank2","Heated"
"1804",2025-06-26 14:15:31,32.291,581.3,"Tank2","Heated"
"1805",2025-06-26 14:20:31,32.497,570.5,"Tank2","Heated"
"1806",2025-06-26 14:25:31,32.394,581.3,"Tank2","Heated"
"1807",2025-06-26 14:30:31,32.291,581.3,"Tank2","Heated"
"1808",2025-06-26 14:35:31,32.188,570.5,"Tank2","Heated"
"1809",2025-06-26 14:40:31,32.291,592,"Tank2","Heated"
"1810",2025-06-26 14:45:31,32.497,602.8,"Tank2","Heated"
"1811",2025-06-26 14:50:31,32.394,602.8,"Tank2","Heated"
"1812",2025-06-26 14:55:31,32.291,559.7,"Tank2","Heated"
"1813",2025-06-26 15:00:31,32.188,570.5,"Tank2","Heated"
"1814",2025-06-26 15:05:31,32.291,602.8,"Tank2","Heated"
"1815",2025-06-26 15:10:31,32.497,592,"Tank2","Heated"
"1816",2025-06-26 15:15:31,32.394,602.8,"Tank2","Heated"
"1817",2025-06-26 15:20:31,32.291,570.5,"Tank2","Heated"
"1818",2025-06-26 15:25:31,32.188,570.5,"Tank2","Heated"
"1819",2025-06-26 15:30:31,32.394,527.4,"Tank2","Heated"
"1820",2025-06-26 15:35:31,32.497,516.7,"Tank2","Heated"
"1821",2025-06-26 15:40:31,32.394,549,"Tank2","Heated"
"1822",2025-06-26 15:45:31,32.291,549,"Tank2","Heated"
"1823",2025-06-26 15:50:31,32.188,538.2,"Tank2","Heated"
"1824",2025-06-26 15:55:31,32.291,505.9,"Tank2","Heated"
"1825",2025-06-26 16:00:31,32.497,538.2,"Tank2","Heated"
"1826",2025-06-26 16:05:31,32.497,527.4,"Tank2","Heated"
"1827",2025-06-26 16:10:31,32.394,505.9,"Tank2","Heated"
"1828",2025-06-26 16:15:31,32.291,495.1,"Tank2","Heated"
"1829",2025-06-26 16:20:31,32.188,538.2,"Tank2","Heated"
"1830",2025-06-26 16:25:31,32.394,516.7,"Tank2","Heated"
"1831",2025-06-26 16:30:31,32.497,430.6,"Tank2","Heated"
"1832",2025-06-26 16:35:31,32.394,441.3,"Tank2","Heated"
"1833",2025-06-26 16:40:31,32.291,398.3,"Tank2","Heated"
"1834",2025-06-26 16:45:31,32.188,376.7,"Tank2","Heated"
"1835",2025-06-26 16:50:31,32.291,366,"Tank2","Heated"
"1836",2025-06-26 16:55:31,32.6,387.5,"Tank2","Heated"
"1837",2025-06-26 17:00:31,32.6,333.7,"Tank2","Heated"
"1838",2025-06-26 17:05:31,32.497,301.4,"Tank2","Heated"
"1839",2025-06-26 17:10:31,32.291,312.2,"Tank2","Heated"
"1840",2025-06-26 17:15:31,32.497,258.3,"Tank2","Heated"
"1841",2025-06-26 17:20:31,32.6,279.9,"Tank2","Heated"
"1842",2025-06-26 17:25:31,32.497,258.3,"Tank2","Heated"
"1843",2025-06-26 17:30:31,32.394,279.9,"Tank2","Heated"
"1844",2025-06-26 17:35:31,32.394,247.6,"Tank2","Heated"
"1845",2025-06-26 17:40:31,32.6,215.3,"Tank2","Heated"
"1846",2025-06-26 17:45:31,32.497,226,"Tank2","Heated"
"1847",2025-06-26 17:50:31,32.394,183,"Tank2","Heated"
"1848",2025-06-26 17:55:31,32.291,193.8,"Tank2","Heated"
"1849",2025-06-26 18:00:31,32.497,193.8,"Tank2","Heated"
"1850",2025-06-26 18:05:31,32.6,172.2,"Tank2","Heated"
"1851",2025-06-26 18:10:31,32.497,161.5,"Tank2","Heated"
"1852",2025-06-26 18:15:31,32.394,129.2,"Tank2","Heated"
"1853",2025-06-26 18:20:31,32.394,107.6,"Tank2","Heated"
"1854",2025-06-26 18:25:31,32.6,107.6,"Tank2","Heated"
"1855",2025-06-26 18:30:31,32.497,118.4,"Tank2","Heated"
"1856",2025-06-26 18:35:31,32.394,107.6,"Tank2","Heated"
"1857",2025-06-26 18:40:31,32.291,86.1,"Tank2","Heated"
"1858",2025-06-26 18:45:31,32.497,86.1,"Tank2","Heated"
"1859",2025-06-26 18:50:31,32.497,118.4,"Tank2","Heated"
"1860",2025-06-26 18:55:31,32.394,64.6,"Tank2","Heated"
"1861",2025-06-26 19:00:31,32.291,53.8,"Tank2","Heated"
"1862",2025-06-26 19:05:31,32.394,107.6,"Tank2","Heated"
"1863",2025-06-26 19:10:31,32.6,75.3,"Tank2","Heated"
"1864",2025-06-26 19:15:31,32.497,53.8,"Tank2","Heated"
"1865",2025-06-26 19:20:31,32.394,32.3,"Tank2","Heated"
"1866",2025-06-26 19:25:31,32.291,32.3,"Tank2","Heated"
"1867",2025-06-26 19:30:31,32.6,0,"Tank2","Heated"
"1868",2025-06-26 19:35:31,32.497,21.5,"Tank2","Heated"
"1869",2025-06-26 19:40:31,32.394,0,"Tank2","Heated"
"1870",2025-06-26 19:45:31,32.291,0,"Tank2","Heated"
"1871",2025-06-26 19:50:31,32.497,0,"Tank2","Heated"
"1872",2025-06-26 19:55:31,32.6,0,"Tank2","Heated"
"1873",2025-06-26 20:00:31,32.497,0,"Tank2","Heated"
"1874",2025-06-26 20:05:31,32.291,0,"Tank2","Heated"
"1875",2025-06-26 20:10:31,32.394,0,"Tank2","Heated"
"1876",2025-06-26 20:15:31,32.6,0,"Tank2","Heated"
"1877",2025-06-26 20:20:31,32.497,0,"Tank2","Heated"
"1878",2025-06-26 20:25:31,32.394,0,"Tank2","Heated"
"1879",2025-06-26 20:30:31,32.291,0,"Tank2","Heated"
"1880",2025-06-26 20:35:31,32.497,0,"Tank2","Heated"
"1881",2025-06-26 20:40:31,32.6,0,"Tank2","Heated"
"1882",2025-06-26 20:45:31,32.394,0,"Tank2","Heated"
"1883",2025-06-26 20:50:31,32.291,0,"Tank2","Heated"
"1884",2025-06-26 20:55:31,32.497,0,"Tank2","Heated"
"1885",2025-06-26 21:00:31,32.6,0,"Tank2","Heated"
"1886",2025-06-26 21:05:31,32.497,0,"Tank2","Heated"
"1887",2025-06-26 21:10:31,32.394,0,"Tank2","Heated"
"1888",2025-06-26 21:15:31,32.394,0,"Tank2","Heated"
"1889",2025-06-26 21:20:31,32.6,0,"Tank2","Heated"
"1890",2025-06-26 21:25:31,32.497,0,"Tank2","Heated"
"1891",2025-06-26 21:30:31,32.394,0,"Tank2","Heated"
"1892",2025-06-26 21:35:31,32.291,0,"Tank2","Heated"
"1893",2025-06-26 21:40:31,32.497,0,"Tank2","Heated"
"1894",2025-06-26 21:45:31,32.6,0,"Tank2","Heated"
"1895",2025-06-26 21:50:31,32.497,0,"Tank2","Heated"
"1896",2025-06-26 21:55:31,32.394,0,"Tank2","Heated"
"1897",2025-06-26 22:00:31,32.394,0,"Tank2","Heated"
"1898",2025-06-26 22:05:31,32.497,0,"Tank2","Heated"
"1899",2025-06-26 22:10:31,32.497,0,"Tank2","Heated"
"1900",2025-06-26 22:15:31,32.394,0,"Tank2","Heated"
"1901",2025-06-26 22:20:31,32.291,0,"Tank2","Heated"
"1902",2025-06-26 22:25:31,32.6,0,"Tank2","Heated"
"1903",2025-06-26 22:30:31,32.497,0,"Tank2","Heated"
"1904",2025-06-26 22:35:31,32.394,0,"Tank2","Heated"
"1905",2025-06-26 22:40:31,32.291,0,"Tank2","Heated"
"1906",2025-06-26 22:45:31,32.497,0,"Tank2","Heated"
"1907",2025-06-26 22:50:31,32.6,0,"Tank2","Heated"
"1908",2025-06-26 22:55:31,32.497,0,"Tank2","Heated"
"1909",2025-06-26 23:00:31,32.394,0,"Tank2","Heated"
"1910",2025-06-26 23:05:31,32.291,0,"Tank2","Heated"
"1911",2025-06-26 23:10:31,32.6,0,"Tank2","Heated"
"1912",2025-06-26 23:15:31,32.497,0,"Tank2","Heated"
"1913",2025-06-26 23:20:31,32.394,0,"Tank2","Heated"
"1914",2025-06-26 23:25:31,32.291,0,"Tank2","Heated"
"1915",2025-06-26 23:30:31,32.497,0,"Tank2","Heated"
"1916",2025-06-26 23:35:31,32.6,0,"Tank2","Heated"
"1917",2025-06-26 23:40:31,32.497,0,"Tank2","Heated"
"1918",2025-06-26 23:45:31,32.394,0,"Tank2","Heated"
"1919",2025-06-26 23:50:31,32.291,0,"Tank2","Heated"
"1920",2025-06-26 23:55:31,32.6,0,"Tank2","Heated"
"1921",2025-06-27 00:00:31,32.497,0,"Tank2","Heated"
"1922",2025-06-27 00:05:31,32.394,0,"Tank2","Heated"
"1923",2025-06-27 00:10:31,32.291,0,"Tank2","Heated"
"1924",2025-06-27 00:15:31,32.497,0,"Tank2","Heated"
"1925",2025-06-27 00:20:31,32.6,0,"Tank2","Heated"
"1926",2025-06-27 00:25:31,32.497,0,"Tank2","Heated"
"1927",2025-06-27 00:30:31,32.394,0,"Tank2","Heated"
"1928",2025-06-27 00:35:31,32.291,0,"Tank2","Heated"
"1929",2025-06-27 00:40:31,32.6,0,"Tank2","Heated"
"1930",2025-06-27 00:45:31,32.497,0,"Tank2","Heated"
"1931",2025-06-27 00:50:31,32.497,0,"Tank2","Heated"
"1932",2025-06-27 00:55:31,32.394,0,"Tank2","Heated"
"1933",2025-06-27 01:00:31,32.291,0,"Tank2","Heated"
"1934",2025-06-27 01:05:31,32.6,0,"Tank2","Heated"
"1935",2025-06-27 01:10:31,32.6,0,"Tank2","Heated"
"1936",2025-06-27 01:15:31,32.497,0,"Tank2","Heated"
"1937",2025-06-27 01:20:31,32.394,0,"Tank2","Heated"
"1938",2025-06-27 01:25:31,32.291,0,"Tank2","Heated"
"1939",2025-06-27 01:30:31,32.497,0,"Tank2","Heated"
"1940",2025-06-27 01:35:31,32.6,0,"Tank2","Heated"
"1941",2025-06-27 01:40:31,32.497,0,"Tank2","Heated"
"1942",2025-06-27 01:45:31,32.394,0,"Tank2","Heated"
"1943",2025-06-27 01:50:31,32.291,0,"Tank2","Heated"
"1944",2025-06-27 01:55:31,32.497,0,"Tank2","Heated"
"1945",2025-06-27 02:00:31,32.6,0,"Tank2","Heated"
"1946",2025-06-27 02:05:31,32.497,0,"Tank2","Heated"
"1947",2025-06-27 02:10:31,32.394,0,"Tank2","Heated"
"1948",2025-06-27 02:15:31,32.291,0,"Tank2","Heated"
"1949",2025-06-27 02:20:31,32.497,0,"Tank2","Heated"
"1950",2025-06-27 02:25:31,32.6,0,"Tank2","Heated"
"1951",2025-06-27 02:30:31,32.497,0,"Tank2","Heated"
"1952",2025-06-27 02:35:31,32.394,0,"Tank2","Heated"
"1953",2025-06-27 02:40:31,32.291,0,"Tank2","Heated"
"1954",2025-06-27 02:45:31,32.497,0,"Tank2","Heated"
"1955",2025-06-27 02:50:31,32.6,0,"Tank2","Heated"
"1956",2025-06-27 02:55:31,32.497,0,"Tank2","Heated"
"1957",2025-06-27 03:00:31,32.394,0,"Tank2","Heated"
"1958",2025-06-27 03:05:31,32.291,0,"Tank2","Heated"
"1959",2025-06-27 03:10:31,32.394,0,"Tank2","Heated"
"1960",2025-06-27 03:15:31,32.6,0,"Tank2","Heated"
"1961",2025-06-27 03:20:31,32.497,0,"Tank2","Heated"
"1962",2025-06-27 03:25:31,32.394,0,"Tank2","Heated"
"1963",2025-06-27 03:30:31,32.291,0,"Tank2","Heated"
"1964",2025-06-27 03:35:31,32.394,0,"Tank2","Heated"
"1965",2025-06-27 03:40:31,32.6,0,"Tank2","Heated"
"1966",2025-06-27 03:45:31,32.497,0,"Tank2","Heated"
"1967",2025-06-27 03:50:31,32.497,0,"Tank2","Heated"
"1968",2025-06-27 03:55:31,32.291,0,"Tank2","Heated"
"1969",2025-06-27 04:00:31,32.394,0,"Tank2","Heated"
"1970",2025-06-27 04:05:31,32.6,0,"Tank2","Heated"
"1971",2025-06-27 04:10:31,32.497,0,"Tank2","Heated"
"1972",2025-06-27 04:15:31,32.394,0,"Tank2","Heated"
"1973",2025-06-27 04:20:31,32.291,0,"Tank2","Heated"
"1974",2025-06-27 04:25:31,32.394,0,"Tank2","Heated"
"1975",2025-06-27 04:30:31,32.6,0,"Tank2","Heated"
"1976",2025-06-27 04:35:31,32.497,0,"Tank2","Heated"
"1977",2025-06-27 04:40:31,32.394,0,"Tank2","Heated"
"1978",2025-06-27 04:45:31,32.291,0,"Tank2","Heated"
"1979",2025-06-27 04:50:31,32.394,0,"Tank2","Heated"
"1980",2025-06-27 04:55:31,32.6,0,"Tank2","Heated"
"1981",2025-06-27 05:00:31,32.6,0,"Tank2","Heated"
"1982",2025-06-27 05:05:31,32.497,0,"Tank2","Heated"
"1983",2025-06-27 05:10:31,32.394,0,"Tank2","Heated"
"1984",2025-06-27 05:15:31,32.291,0,"Tank2","Heated"
"1985",2025-06-27 05:20:31,32.497,0,"Tank2","Heated"
"1986",2025-06-27 05:25:31,32.6,0,"Tank2","Heated"
"1987",2025-06-27 05:30:31,32.497,0,"Tank2","Heated"
"1988",2025-06-27 05:35:31,32.394,0,"Tank2","Heated"
"1989",2025-06-27 05:40:31,32.291,0,"Tank2","Heated"
"1990",2025-06-27 05:45:31,32.497,0,"Tank2","Heated"
"1991",2025-06-27 05:50:31,32.6,0,"Tank2","Heated"
"1992",2025-06-27 05:55:31,32.497,0,"Tank2","Heated"
"1993",2025-06-27 06:00:31,32.394,0,"Tank2","Heated"
"1994",2025-06-27 06:05:31,32.291,0,"Tank2","Heated"
"1995",2025-06-27 06:10:31,32.497,0,"Tank2","Heated"
"1996",2025-06-27 06:15:31,32.6,0,"Tank2","Heated"
"1997",2025-06-27 06:20:31,32.497,0,"Tank2","Heated"
"1998",2025-06-27 06:25:31,32.394,0,"Tank2","Heated"
"1999",2025-06-27 06:30:31,32.291,0,"Tank2","Heated"
"2000",2025-06-27 06:35:31,32.497,0,"Tank2","Heated"
"2001",2025-06-27 06:40:31,32.6,0,"Tank2","Heated"
"2002",2025-06-27 06:45:31,32.497,0,"Tank2","Heated"
"2003",2025-06-27 06:50:31,32.394,0,"Tank2","Heated"
"2004",2025-06-27 06:55:31,32.291,0,"Tank2","Heated"
"2005",2025-06-27 07:00:31,32.497,0,"Tank2","Heated"
"2006",2025-06-27 07:05:31,32.6,0,"Tank2","Heated"
"2007",2025-06-27 07:10:31,32.497,0,"Tank2","Heated"
"2008",2025-06-27 07:15:31,32.394,0,"Tank2","Heated"
"2009",2025-06-27 07:20:31,32.291,0,"Tank2","Heated"
"2010",2025-06-27 07:25:31,32.497,0,"Tank2","Heated"
"2011",2025-06-27 07:30:31,32.6,0,"Tank2","Heated"
"2012",2025-06-27 07:35:31,32.497,0,"Tank2","Heated"
"2013",2025-06-27 07:40:31,32.394,0,"Tank2","Heated"
"2014",2025-06-27 07:45:31,32.291,0,"Tank2","Heated"
"2015",2025-06-27 07:50:31,32.497,0,"Tank2","Heated"
"2016",2025-06-27 07:55:31,32.6,0,"Tank2","Heated"
"2017",2025-06-27 08:00:31,32.497,0,"Tank2","Heated"
"2018",2025-06-27 08:05:31,32.394,0,"Tank2","Heated"
"2019",2025-06-27 08:10:31,32.291,0,"Tank2","Heated"
"2020",2025-06-27 08:15:31,32.497,0,"Tank2","Heated"
"2021",2025-06-27 08:20:31,32.6,0,"Tank2","Heated"
"2022",2025-06-27 08:25:31,32.497,0,"Tank2","Heated"
"2023",2025-06-27 08:30:31,32.394,32.3,"Tank2","Heated"
"2024",2025-06-27 08:35:31,32.291,10.8,"Tank2","Heated"
"2025",2025-06-27 08:40:31,32.6,0,"Tank2","Heated"
"2026",2025-06-27 08:45:31,32.6,32.3,"Tank2","Heated"
"2027",2025-06-27 08:50:31,32.497,10.8,"Tank2","Heated"
"2028",2025-06-27 08:55:31,32.394,53.8,"Tank2","Heated"
"2029",2025-06-27 09:00:31,32.291,43.1,"Tank2","Heated"
"2030",2025-06-27 09:05:31,32.497,75.3,"Tank2","Heated"
"2031",2025-06-27 09:10:31,32.6,21.5,"Tank2","Heated"
"2032",2025-06-27 09:15:31,32.497,96.9,"Tank2","Heated"
"2033",2025-06-27 09:20:31,32.394,64.6,"Tank2","Heated"
"2034",2025-06-27 09:25:31,32.291,96.9,"Tank2","Heated"
"2035",2025-06-27 09:30:31,32.6,64.6,"Tank2","Heated"
"2036",2025-06-27 09:35:31,32.6,129.2,"Tank2","Heated"
"2037",2025-06-27 09:40:31,32.497,129.2,"Tank2","Heated"
"2038",2025-06-27 09:45:31,32.394,139.9,"Tank2","Heated"
"2039",2025-06-27 09:50:31,32.291,204.5,"Tank2","Heated"
"2040",2025-06-27 09:55:31,32.6,215.3,"Tank2","Heated"
"2041",2025-06-27 10:00:31,32.6,172.2,"Tank2","Heated"
"2042",2025-06-27 10:05:31,32.497,215.3,"Tank2","Heated"
"2043",2025-06-27 10:10:31,32.394,193.8,"Tank2","Heated"
"2044",2025-06-27 10:15:31,32.291,226,"Tank2","Heated"
"2045",2025-06-27 10:20:31,32.6,269.1,"Tank2","Heated"
"2046",2025-06-27 10:25:31,32.6,247.6,"Tank2","Heated"
"2047",2025-06-27 10:30:31,32.497,290.6,"Tank2","Heated"
"2048",2025-06-27 10:35:31,32.394,269.1,"Tank2","Heated"
"2049",2025-06-27 10:40:31,32.291,290.6,"Tank2","Heated"
"2050",2025-06-27 10:45:31,32.6,322.9,"Tank2","Heated"
"2051",2025-06-27 10:50:31,32.6,333.7,"Tank2","Heated"
"2052",2025-06-27 10:55:31,32.497,344.4,"Tank2","Heated"
"2053",2025-06-27 11:00:31,32.394,344.4,"Tank2","Heated"
"2054",2025-06-27 11:05:31,32.394,366,"Tank2","Heated"
"2055",2025-06-27 11:10:31,32.6,366,"Tank2","Heated"
"2056",2025-06-27 11:15:31,32.6,366,"Tank2","Heated"
"2057",2025-06-27 11:20:31,32.497,387.5,"Tank2","Heated"
"2058",2025-06-27 11:25:31,32.394,387.5,"Tank2","Heated"
"2059",2025-06-27 11:30:31,32.394,409,"Tank2","Heated"
"2060",2025-06-27 11:35:31,32.6,409,"Tank2","Heated"
"2061",2025-06-27 11:40:31,32.6,441.3,"Tank2","Heated"
"2062",2025-06-27 11:45:31,32.497,430.6,"Tank2","Heated"
"2063",2025-06-27 11:50:31,32.394,473.6,"Tank2","Heated"
"2064",2025-06-27 11:55:31,32.394,452.1,"Tank2","Heated"
"2065",2025-06-27 12:00:31,32.6,473.6,"Tank2","Heated"
"2066",2025-06-27 12:05:31,32.6,516.7,"Tank2","Heated"
"2067",2025-06-27 12:10:31,32.497,527.4,"Tank2","Heated"
"2068",2025-06-27 12:15:31,32.394,527.4,"Tank2","Heated"
"2069",2025-06-27 12:20:31,32.394,516.7,"Tank2","Heated"
"2070",2025-06-27 12:25:31,32.6,527.4,"Tank2","Heated"
"2071",2025-06-27 12:30:31,32.6,462.9,"Tank2","Heated"
"2072",2025-06-27 12:35:31,32.497,484.4,"Tank2","Heated"
"2073",2025-06-27 12:40:31,32.394,473.6,"Tank2","Heated"
"2074",2025-06-27 12:45:31,32.394,505.9,"Tank2","Heated"
"2075",2025-06-27 12:50:31,32.6,495.1,"Tank2","Heated"
"2076",2025-06-27 12:55:31,32.6,484.4,"Tank2","Heated"
"2077",2025-06-27 13:00:31,32.497,505.9,"Tank2","Heated"
"2078",2025-06-27 13:05:31,32.394,516.7,"Tank2","Heated"
"2079",2025-06-27 13:10:31,32.394,549,"Tank2","Heated"
"2080",2025-06-27 13:15:31,32.6,527.4,"Tank2","Heated"
"2081",2025-06-27 13:20:31,32.6,516.7,"Tank2","Heated"
"2082",2025-06-27 13:25:31,32.497,441.3,"Tank2","Heated"
"2083",2025-06-27 13:30:31,32.394,462.9,"Tank2","Heated"
"2084",2025-06-27 13:35:31,32.6,688.9,"Tank2","Heated"
"2085",2025-06-27 13:40:31,32.291,624.3,"Tank2","Heated"
"2086",2025-06-27 13:45:31,32.086,581.3,"Tank2","Heated"
"2087",2025-06-27 13:50:31,32.497,592,"Tank2","Heated"
"2088",2025-06-27 13:55:31,32.704,570.5,"Tank2","Heated"
"2089",2025-06-27 14:00:31,32.704,602.8,"Tank2","Heated"
"2090",2025-06-27 14:05:31,32.6,635.1,"Tank2","Heated"
"2091",2025-06-27 14:10:31,32.394,656.6,"Tank2","Heated"
"2092",2025-06-27 14:15:31,32.497,624.3,"Tank2","Heated"
"2093",2025-06-27 14:20:31,32.6,667.4,"Tank2","Heated"
"2094",2025-06-27 14:25:31,32.6,624.3,"Tank2","Heated"
"2095",2025-06-27 14:30:31,32.497,688.9,"Tank2","Heated"
"2096",2025-06-27 14:35:31,32.291,688.9,"Tank2","Heated"
"2097",2025-06-27 14:40:31,32.497,613.5,"Tank2","Heated"
"2098",2025-06-27 14:45:31,32.497,602.8,"Tank2","Heated"
"2099",2025-06-27 14:50:31,32.394,602.8,"Tank2","Heated"
"2100",2025-06-27 14:55:31,32.394,699.7,"Tank2","Heated"
"2101",2025-06-27 15:00:31,32.497,613.5,"Tank2","Heated"
"2102",2025-06-27 15:05:31,32.6,602.8,"Tank2","Heated"
"2103",2025-06-27 15:10:31,32.497,624.3,"Tank2","Heated"
"2104",2025-06-27 15:15:31,32.394,602.8,"Tank2","Heated"
"2105",2025-06-27 15:20:31,32.394,645.8,"Tank2","Heated"
"2106",2025-06-27 15:25:31,32.6,645.8,"Tank2","Heated"
"2107",2025-06-27 15:30:31,32.6,624.3,"Tank2","Heated"
"2108",2025-06-27 15:35:31,32.497,645.8,"Tank2","Heated"
"2109",2025-06-27 15:40:31,32.394,613.5,"Tank2","Heated"
"2110",2025-06-27 15:45:31,32.6,624.3,"Tank2","Heated"
"2111",2025-06-27 15:50:31,32.6,667.4,"Tank2","Heated"
"2112",2025-06-27 15:55:31,32.497,635.1,"Tank2","Heated"
"2113",2025-06-27 16:00:31,32.394,645.8,"Tank2","Heated"
"2114",2025-06-27 16:05:31,32.394,645.8,"Tank2","Heated"
"2115",2025-06-27 16:10:31,32.6,602.8,"Tank2","Heated"
"2116",2025-06-27 16:15:31,32.6,559.7,"Tank2","Heated"
"2117",2025-06-27 16:20:31,32.497,527.4,"Tank2","Heated"
"2118",2025-06-27 16:25:31,32.394,495.1,"Tank2","Heated"
"2119",2025-06-27 16:30:31,32.394,462.9,"Tank2","Heated"
"2120",2025-06-27 16:35:31,32.6,505.9,"Tank2","Heated"
"2121",2025-06-27 16:40:31,32.6,441.3,"Tank2","Heated"
"2122",2025-06-27 16:45:31,32.497,441.3,"Tank2","Heated"
"2123",2025-06-27 16:50:31,32.291,409,"Tank2","Heated"
"2124",2025-06-27 16:55:31,32.497,376.7,"Tank2","Heated"
"2125",2025-06-27 17:00:31,32.6,419.8,"Tank2","Heated"
"2126",2025-06-27 17:05:31,32.497,387.5,"Tank2","Heated"
"2127",2025-06-27 17:10:31,32.394,344.4,"Tank2","Heated"
"2128",2025-06-27 17:15:31,32.394,355.2,"Tank2","Heated"
"2129",2025-06-27 17:20:31,32.6,355.2,"Tank2","Heated"
"2130",2025-06-27 17:25:31,32.6,333.7,"Tank2","Heated"
"2131",2025-06-27 17:30:31,32.497,279.9,"Tank2","Heated"
"2132",2025-06-27 17:35:31,32.394,301.4,"Tank2","Heated"
"2133",2025-06-27 17:40:31,32.497,269.1,"Tank2","Heated"
"2134",2025-06-27 17:45:31,32.6,269.1,"Tank2","Heated"
"2135",2025-06-27 17:50:31,32.497,204.5,"Tank2","Heated"
"2136",2025-06-27 17:55:31,32.394,247.6,"Tank2","Heated"
"2137",2025-06-27 18:00:31,32.291,193.8,"Tank2","Heated"
"2138",2025-06-27 18:05:31,32.6,172.2,"Tank2","Heated"
"2139",2025-06-27 18:10:31,32.6,193.8,"Tank2","Heated"
"2140",2025-06-27 18:15:31,32.497,139.9,"Tank2","Heated"
"2141",2025-06-27 18:20:31,32.394,183,"Tank2","Heated"
"2142",2025-06-27 18:25:31,32.394,107.6,"Tank2","Heated"
"2143",2025-06-27 18:30:31,32.6,96.9,"Tank2","Heated"
"2144",2025-06-27 18:35:31,32.497,118.4,"Tank2","Heated"
"2145",2025-06-27 18:40:31,32.394,107.6,"Tank2","Heated"
"2146",2025-06-27 18:45:31,32.291,64.6,"Tank2","Heated"
"2147",2025-06-27 18:50:31,32.497,107.6,"Tank2","Heated"
"2148",2025-06-27 18:55:31,32.6,118.4,"Tank2","Heated"
"2149",2025-06-27 19:00:31,32.497,75.3,"Tank2","Heated"
"2150",2025-06-27 19:05:31,32.394,107.6,"Tank2","Heated"
"2151",2025-06-27 19:10:31,32.291,64.6,"Tank2","Heated"
"2152",2025-06-27 19:15:31,32.6,43.1,"Tank2","Heated"
"2153",2025-06-27 19:20:31,32.6,64.6,"Tank2","Heated"
"2154",2025-06-27 19:25:31,32.497,21.5,"Tank2","Heated"
"2155",2025-06-27 19:30:31,32.291,10.8,"Tank2","Heated"
"2156",2025-06-27 19:35:31,32.394,10.8,"Tank2","Heated"
"2157",2025-06-27 19:40:31,32.6,10.8,"Tank2","Heated"
"2158",2025-06-27 19:45:31,32.497,21.5,"Tank2","Heated"
"2159",2025-06-27 19:50:31,32.394,0,"Tank2","Heated"
"2160",2025-06-27 19:55:31,32.291,0,"Tank2","Heated"
"2161",2025-06-27 20:00:31,32.497,0,"Tank2","Heated"
"2162",2025-06-27 20:05:31,32.6,0,"Tank2","Heated"
"2163",2025-06-27 20:10:31,32.497,0,"Tank2","Heated"
"2164",2025-06-27 20:15:31,32.394,0,"Tank2","Heated"
"2165",2025-06-27 20:20:31,32.291,0,"Tank2","Heated"
"2166",2025-06-27 20:25:31,32.6,0,"Tank2","Heated"
"2167",2025-06-27 20:30:31,32.497,0,"Tank2","Heated"
"2168",2025-06-27 20:35:31,32.394,0,"Tank2","Heated"
"2169",2025-06-27 20:40:31,32.291,0,"Tank2","Heated"
"2170",2025-06-27 20:45:31,32.394,0,"Tank2","Heated"
"2171",2025-06-27 20:50:31,32.6,0,"Tank2","Heated"
"2172",2025-06-27 20:55:31,32.497,0,"Tank2","Heated"
"2173",2025-06-27 21:00:31,32.394,0,"Tank2","Heated"
"2174",2025-06-27 21:05:31,32.291,0,"Tank2","Heated"
"2175",2025-06-27 21:10:31,32.497,0,"Tank2","Heated"
"2176",2025-06-27 21:15:31,32.6,0,"Tank2","Heated"
"2177",2025-06-27 21:20:31,32.497,0,"Tank2","Heated"
"2178",2025-06-27 21:25:31,32.291,0,"Tank2","Heated"
"2179",2025-06-27 21:30:31,32.394,0,"Tank2","Heated"
"2180",2025-06-27 21:35:31,32.6,0,"Tank2","Heated"
"2181",2025-06-27 21:40:31,32.497,0,"Tank2","Heated"
"2182",2025-06-27 21:45:31,32.394,0,"Tank2","Heated"
"2183",2025-06-27 21:50:31,32.291,0,"Tank2","Heated"
"2184",2025-06-27 21:55:31,32.497,0,"Tank2","Heated"
"2185",2025-06-27 22:00:31,32.6,0,"Tank2","Heated"
"2186",2025-06-27 22:05:31,32.497,0,"Tank2","Heated"
"2187",2025-06-27 22:10:31,32.394,0,"Tank2","Heated"
"2188",2025-06-27 22:15:31,32.291,0,"Tank2","Heated"
"2189",2025-06-27 22:20:31,32.6,0,"Tank2","Heated"
"2190",2025-06-27 22:25:31,32.6,0,"Tank2","Heated"
"2191",2025-06-27 22:30:31,32.497,0,"Tank2","Heated"
"2192",2025-06-27 22:35:31,32.291,0,"Tank2","Heated"
"2193",2025-06-27 22:40:31,32.394,0,"Tank2","Heated"
"2194",2025-06-27 22:45:31,32.6,0,"Tank2","Heated"
"2195",2025-06-27 22:50:31,32.497,0,"Tank2","Heated"
"2196",2025-06-27 22:55:31,32.394,0,"Tank2","Heated"
"2197",2025-06-27 23:00:31,32.291,0,"Tank2","Heated"
"2198",2025-06-27 23:05:31,32.497,0,"Tank2","Heated"
"2199",2025-06-27 23:10:31,32.6,0,"Tank2","Heated"
"2200",2025-06-27 23:15:31,32.497,0,"Tank2","Heated"
"2201",2025-06-27 23:20:31,32.394,0,"Tank2","Heated"
"2202",2025-06-27 23:25:31,32.291,0,"Tank2","Heated"
"2203",2025-06-27 23:30:31,32.497,0,"Tank2","Heated"
"2204",2025-06-27 23:35:31,32.6,0,"Tank2","Heated"
"2205",2025-06-27 23:40:31,32.497,0,"Tank2","Heated"
"2206",2025-06-27 23:45:31,32.394,0,"Tank2","Heated"
"2207",2025-06-27 23:50:31,32.291,0,"Tank2","Heated"
"2208",2025-06-27 23:55:31,32.497,0,"Tank2","Heated"
"2209",2025-06-28 00:00:31,32.6,0,"Tank2","Heated"
"2210",2025-06-28 00:05:31,32.497,0,"Tank2","Heated"
"2211",2025-06-28 00:10:31,32.394,0,"Tank2","Heated"
"2212",2025-06-28 00:15:31,32.291,0,"Tank2","Heated"
"2213",2025-06-28 00:20:31,32.497,0,"Tank2","Heated"
"2214",2025-06-28 00:25:31,32.6,0,"Tank2","Heated"
"2215",2025-06-28 00:30:31,32.497,0,"Tank2","Heated"
"2216",2025-06-28 00:35:31,32.394,0,"Tank2","Heated"
"2217",2025-06-28 00:40:31,32.291,0,"Tank2","Heated"
"2218",2025-06-28 00:45:31,32.497,0,"Tank2","Heated"
"2219",2025-06-28 00:50:31,32.6,0,"Tank2","Heated"
"2220",2025-06-28 00:55:31,32.497,0,"Tank2","Heated"
"2221",2025-06-28 01:00:31,32.394,0,"Tank2","Heated"
"2222",2025-06-28 01:05:31,32.291,0,"Tank2","Heated"
"2223",2025-06-28 01:10:31,32.6,0,"Tank2","Heated"
"2224",2025-06-28 01:15:31,32.6,0,"Tank2","Heated"
"2225",2025-06-28 01:20:31,32.497,0,"Tank2","Heated"
"2226",2025-06-28 01:25:31,32.291,0,"Tank2","Heated"
"2227",2025-06-28 01:30:31,32.394,0,"Tank2","Heated"
"2228",2025-06-28 01:35:31,32.6,0,"Tank2","Heated"
"2229",2025-06-28 01:40:31,32.497,0,"Tank2","Heated"
"2230",2025-06-28 01:45:31,32.394,0,"Tank2","Heated"
"2231",2025-06-28 01:50:31,32.291,0,"Tank2","Heated"
"2232",2025-06-28 01:55:31,32.394,0,"Tank2","Heated"
"2233",2025-06-28 02:00:31,32.6,0,"Tank2","Heated"
"2234",2025-06-28 02:05:31,32.497,0,"Tank2","Heated"
"2235",2025-06-28 02:10:31,32.497,0,"Tank2","Heated"
"2236",2025-06-28 02:15:31,32.394,0,"Tank2","Heated"
"2237",2025-06-28 02:20:31,32.394,0,"Tank2","Heated"
"2238",2025-06-28 02:25:31,32.6,0,"Tank2","Heated"
"2239",2025-06-28 02:30:31,32.497,0,"Tank2","Heated"
"2240",2025-06-28 02:35:31,32.394,0,"Tank2","Heated"
"2241",2025-06-28 02:40:31,32.291,0,"Tank2","Heated"
"2242",2025-06-28 02:45:31,32.394,0,"Tank2","Heated"
"2243",2025-06-28 02:50:31,32.6,0,"Tank2","Heated"
"2244",2025-06-28 02:55:31,32.497,0,"Tank2","Heated"
"2245",2025-06-28 03:00:31,32.394,0,"Tank2","Heated"
"2246",2025-06-28 03:05:31,32.291,0,"Tank2","Heated"
"2247",2025-06-28 03:10:31,32.394,0,"Tank2","Heated"
"2248",2025-06-28 03:15:31,32.6,0,"Tank2","Heated"
"2249",2025-06-28 03:20:31,32.497,0,"Tank2","Heated"
"2250",2025-06-28 03:25:31,32.394,0,"Tank2","Heated"
"2251",2025-06-28 03:30:31,32.291,0,"Tank2","Heated"
"2252",2025-06-28 03:35:31,32.497,0,"Tank2","Heated"
"2253",2025-06-28 03:40:31,32.6,0,"Tank2","Heated"
"2254",2025-06-28 03:45:31,32.497,0,"Tank2","Heated"
"2255",2025-06-28 03:50:31,32.394,0,"Tank2","Heated"
"2256",2025-06-28 03:55:31,32.291,0,"Tank2","Heated"
"2257",2025-06-28 04:00:31,32.497,0,"Tank2","Heated"
"2258",2025-06-28 04:05:31,32.6,0,"Tank2","Heated"
"2259",2025-06-28 04:10:31,32.497,0,"Tank2","Heated"
"2260",2025-06-28 04:15:31,32.394,0,"Tank2","Heated"
"2261",2025-06-28 04:20:31,32.291,0,"Tank2","Heated"
"2262",2025-06-28 04:25:31,32.497,0,"Tank2","Heated"
"2263",2025-06-28 04:30:31,32.497,0,"Tank2","Heated"
"2264",2025-06-28 04:35:31,32.497,0,"Tank2","Heated"
"2265",2025-06-28 04:40:31,32.394,0,"Tank2","Heated"
"2266",2025-06-28 04:45:31,32.291,0,"Tank2","Heated"
"2267",2025-06-28 04:50:31,32.6,0,"Tank2","Heated"
"2268",2025-06-28 04:55:31,32.497,0,"Tank2","Heated"
"2269",2025-06-28 05:00:31,32.394,0,"Tank2","Heated"
"2270",2025-06-28 05:05:31,32.291,0,"Tank2","Heated"
"2271",2025-06-28 05:10:31,32.394,0,"Tank2","Heated"
"2272",2025-06-28 05:15:31,32.6,0,"Tank2","Heated"
"2273",2025-06-28 05:20:31,32.6,0,"Tank2","Heated"
"2274",2025-06-28 05:25:31,32.497,0,"Tank2","Heated"
"2275",2025-06-28 05:30:31,32.394,0,"Tank2","Heated"
"2276",2025-06-28 05:35:31,32.291,0,"Tank2","Heated"
"2277",2025-06-28 05:40:31,32.6,0,"Tank2","Heated"
"2278",2025-06-28 05:45:31,32.6,0,"Tank2","Heated"
"2279",2025-06-28 05:50:31,32.497,0,"Tank2","Heated"
"2280",2025-06-28 05:55:31,32.394,0,"Tank2","Heated"
"2281",2025-06-28 06:00:31,32.291,0,"Tank2","Heated"
"2282",2025-06-28 06:05:31,32.6,0,"Tank2","Heated"
"2283",2025-06-28 06:10:31,32.6,0,"Tank2","Heated"
"2284",2025-06-28 06:15:31,32.497,0,"Tank2","Heated"
"2285",2025-06-28 06:20:31,32.394,0,"Tank2","Heated"
"2286",2025-06-28 06:25:31,32.394,0,"Tank2","Heated"
"2287",2025-06-28 06:30:31,32.6,0,"Tank2","Heated"
"2288",2025-06-28 06:35:31,32.497,0,"Tank2","Heated"
"2289",2025-06-28 06:40:31,32.394,0,"Tank2","Heated"
"2290",2025-06-28 06:45:31,32.291,0,"Tank2","Heated"
"2291",2025-06-28 06:50:31,32.394,0,"Tank2","Heated"
"2292",2025-06-28 06:55:31,32.6,0,"Tank2","Heated"
"2293",2025-06-28 07:00:31,32.497,0,"Tank2","Heated"
"2294",2025-06-28 07:05:31,32.394,0,"Tank2","Heated"
"2295",2025-06-28 07:10:31,32.291,0,"Tank2","Heated"
"2296",2025-06-28 07:15:31,32.497,0,"Tank2","Heated"
"2297",2025-06-28 07:20:31,32.6,0,"Tank2","Heated"
"2298",2025-06-28 07:25:31,32.497,0,"Tank2","Heated"
"2299",2025-06-28 07:30:31,32.394,0,"Tank2","Heated"
"2300",2025-06-28 07:35:31,32.291,0,"Tank2","Heated"
"2301",2025-06-28 07:40:31,32.6,0,"Tank2","Heated"
"2302",2025-06-28 07:45:31,32.497,0,"Tank2","Heated"
"2303",2025-06-28 07:50:31,32.394,0,"Tank2","Heated"
"2304",2025-06-28 07:55:31,32.291,0,"Tank2","Heated"
"2305",2025-06-28 08:00:31,32.394,0,"Tank2","Heated"
"2306",2025-06-28 08:05:31,32.6,0,"Tank2","Heated"
"2307",2025-06-28 08:10:31,32.497,0,"Tank2","Heated"
"2308",2025-06-28 08:15:31,32.394,10.8,"Tank2","Heated"
"2309",2025-06-28 08:20:31,32.291,10.8,"Tank2","Heated"
"2310",2025-06-28 08:25:31,32.497,0,"Tank2","Heated"
"2311",2025-06-28 08:30:31,32.6,0,"Tank2","Heated"
"2312",2025-06-28 08:35:31,32.497,0,"Tank2","Heated"
"2313",2025-06-28 08:40:31,32.394,0,"Tank2","Heated"
"2314",2025-06-28 08:45:31,32.291,0,"Tank2","Heated"
"2315",2025-06-28 08:50:31,32.6,0,"Tank2","Heated"
"2316",2025-06-28 08:55:31,32.6,0,"Tank2","Heated"
"2317",2025-06-28 09:00:31,32.497,0,"Tank2","Heated"
"2318",2025-06-28 09:05:31,32.394,0,"Tank2","Heated"
"2319",2025-06-28 09:10:31,32.394,0,"Tank2","Heated"
"2320",2025-06-28 09:15:31,32.6,107.6,"Tank2","Heated"
"2321",2025-06-28 09:20:31,32.497,193.8,"Tank2","Heated"
"2322",2025-06-28 09:25:31,32.497,139.9,"Tank2","Heated"
"2323",2025-06-28 09:30:31,32.291,150.7,"Tank2","Heated"
"2324",2025-06-28 09:35:31,32.394,183,"Tank2","Heated"
"2325",2025-06-28 09:40:31,32.6,269.1,"Tank2","Heated"
"2326",2025-06-28 09:45:31,32.497,204.5,"Tank2","Heated"
"2327",2025-06-28 09:50:31,32.394,236.8,"Tank2","Heated"
"2328",2025-06-28 09:55:31,32.291,247.6,"Tank2","Heated"
"2329",2025-06-28 10:00:31,32.6,269.1,"Tank2","Heated"
"2330",2025-06-28 10:05:31,32.6,247.6,"Tank2","Heated"
"2331",2025-06-28 10:10:31,32.497,290.6,"Tank2","Heated"
"2332",2025-06-28 10:15:31,32.394,301.4,"Tank2","Heated"
"2333",2025-06-28 10:20:31,32.394,366,"Tank2","Heated"
"2334",2025-06-28 10:25:31,32.6,344.4,"Tank2","Heated"
"2335",2025-06-28 10:30:31,32.6,366,"Tank2","Heated"
"2336",2025-06-28 10:35:31,32.497,333.7,"Tank2","Heated"
"2337",2025-06-28 10:40:31,32.394,344.4,"Tank2","Heated"
"2338",2025-06-28 10:45:31,32.394,376.7,"Tank2","Heated"
"2339",2025-06-28 10:50:31,32.6,398.3,"Tank2","Heated"
"2340",2025-06-28 10:55:31,32.6,387.5,"Tank2","Heated"
"2341",2025-06-28 11:00:31,32.497,473.6,"Tank2","Heated"
"2342",2025-06-28 11:05:31,32.291,452.1,"Tank2","Heated"
"2343",2025-06-28 11:10:31,32.497,452.1,"Tank2","Heated"
"2344",2025-06-28 11:15:31,32.6,473.6,"Tank2","Heated"
"2345",2025-06-28 11:20:31,32.497,473.6,"Tank2","Heated"
"2346",2025-06-28 11:25:31,32.394,484.4,"Tank2","Heated"
"2347",2025-06-28 11:30:31,32.394,549,"Tank2","Heated"
"2348",2025-06-28 11:35:31,32.6,570.5,"Tank2","Heated"
"2349",2025-06-28 11:40:31,32.6,559.7,"Tank2","Heated"
"2350",2025-06-28 11:45:31,32.394,581.3,"Tank2","Heated"
"2351",2025-06-28 11:50:31,32.291,602.8,"Tank2","Heated"
"2352",2025-06-28 11:55:31,32.497,635.1,"Tank2","Heated"
"2353",2025-06-28 12:00:31,32.6,656.6,"Tank2","Heated"
"2354",2025-06-28 12:05:31,32.497,624.3,"Tank2","Heated"
"2355",2025-06-28 12:10:31,32.394,645.8,"Tank2","Heated"
"2356",2025-06-28 12:15:31,32.394,656.6,"Tank2","Heated"
"2357",2025-06-28 12:20:31,32.6,667.4,"Tank2","Heated"
"2358",2025-06-28 12:25:31,32.6,667.4,"Tank2","Heated"
"2359",2025-06-28 12:30:31,32.497,667.4,"Tank2","Heated"
"2360",2025-06-28 12:35:31,32.394,602.8,"Tank2","Heated"
"2361",2025-06-28 12:40:31,32.497,613.5,"Tank2","Heated"
"2362",2025-06-28 12:45:31,32.6,635.1,"Tank2","Heated"
"2363",2025-06-28 12:50:31,32.497,678.1,"Tank2","Heated"
"2364",2025-06-28 12:55:31,32.394,688.9,"Tank2","Heated"
"2365",2025-06-28 13:00:31,32.291,656.6,"Tank2","Heated"
"2366",2025-06-28 13:05:31,32.291,688.9,"Tank2","Heated"
"2367",2025-06-28 13:10:31,32.497,731.9,"Tank2","Heated"
"2368",2025-06-28 13:15:31,32.497,688.9,"Tank2","Heated"
"2369",2025-06-28 13:20:31,32.394,710.4,"Tank2","Heated"
"2370",2025-06-28 13:25:31,32.291,667.4,"Tank2","Heated"
"2371",2025-06-28 13:30:31,32.291,613.5,"Tank2","Heated"
"2372",2025-06-28 13:35:31,32.497,721.2,"Tank2","Heated"
"2373",2025-06-28 13:40:31,32.497,667.4,"Tank2","Heated"
"2374",2025-06-28 13:45:31,32.394,667.4,"Tank2","Heated"
"2375",2025-06-28 13:50:31,32.291,731.9,"Tank2","Heated"
"2376",2025-06-28 13:55:31,32.394,688.9,"Tank2","Heated"
"2377",2025-06-28 14:00:31,32.497,710.4,"Tank2","Heated"
"2378",2025-06-28 14:05:31,32.394,667.4,"Tank2","Heated"
"2379",2025-06-28 14:10:31,32.291,731.9,"Tank2","Heated"
"2380",2025-06-28 14:15:31,32.291,688.9,"Tank2","Heated"
"2381",2025-06-28 14:20:31,32.497,656.6,"Tank2","Heated"
"2382",2025-06-28 14:25:31,32.497,731.9,"Tank2","Heated"
"2383",2025-06-28 14:30:31,32.394,645.8,"Tank2","Heated"
"2384",2025-06-28 14:35:31,32.291,699.7,"Tank2","Heated"
"2385",2025-06-28 14:40:31,32.291,699.7,"Tank2","Heated"
"2386",2025-06-28 14:45:31,32.497,710.4,"Tank2","Heated"
"2387",2025-06-28 14:50:31,32.497,699.7,"Tank2","Heated"
"2388",2025-06-28 14:55:31,32.394,688.9,"Tank2","Heated"
"2389",2025-06-28 15:00:31,32.291,678.1,"Tank2","Heated"
"2390",2025-06-28 15:05:31,32.497,678.1,"Tank2","Heated"
"2391",2025-06-28 15:10:31,32.497,688.9,"Tank2","Heated"
"2392",2025-06-28 15:15:31,32.394,688.9,"Tank2","Heated"
"2393",2025-06-28 15:20:31,32.291,721.2,"Tank2","Heated"
"2394",2025-06-28 15:25:31,32.394,688.9,"Tank2","Heated"
"2395",2025-06-28 15:30:31,32.497,721.2,"Tank2","Heated"
"2396",2025-06-28 15:35:31,32.394,699.7,"Tank2","Heated"
"2397",2025-06-28 15:40:31,32.394,688.9,"Tank2","Heated"
"2398",2025-06-28 15:45:31,32.291,656.6,"Tank2","Heated"
"2399",2025-06-28 15:50:31,32.497,753.5,"Tank2","Heated"
"2400",2025-06-28 15:55:31,32.497,688.9,"Tank2","Heated"
"2401",2025-06-28 16:00:31,32.394,645.8,"Tank2","Heated"
"2402",2025-06-28 16:05:31,32.291,699.7,"Tank2","Heated"
"2403",2025-06-28 16:10:31,32.291,667.4,"Tank2","Heated"
"2404",2025-06-28 16:15:31,32.497,645.8,"Tank2","Heated"
"2405",2025-06-28 16:20:31,32.497,602.8,"Tank2","Heated"
"2406",2025-06-28 16:25:31,32.394,592,"Tank2","Heated"
"2407",2025-06-28 16:30:31,32.291,592,"Tank2","Heated"
"2408",2025-06-28 16:35:31,32.497,516.7,"Tank2","Heated"
"2409",2025-06-28 16:40:31,32.497,527.4,"Tank2","Heated"
"2410",2025-06-28 16:45:31,32.394,495.1,"Tank2","Heated"
"2411",2025-06-28 16:50:31,32.291,516.7,"Tank2","Heated"
"2412",2025-06-28 16:55:31,32.394,505.9,"Tank2","Heated"
"2413",2025-06-28 17:00:31,32.497,505.9,"Tank2","Heated"
"2414",2025-06-28 17:05:31,32.394,419.8,"Tank2","Heated"
"2415",2025-06-28 17:10:31,32.291,441.3,"Tank2","Heated"
"2416",2025-06-28 17:15:31,32.291,452.1,"Tank2","Heated"
"2417",2025-06-28 17:20:31,32.497,398.3,"Tank2","Heated"
"2418",2025-06-28 17:25:31,32.497,398.3,"Tank2","Heated"
"2419",2025-06-28 17:30:31,32.394,366,"Tank2","Heated"
"2420",2025-06-28 17:35:31,32.291,376.7,"Tank2","Heated"
"2421",2025-06-28 17:40:31,32.394,387.5,"Tank2","Heated"
"2422",2025-06-28 17:45:31,32.497,312.2,"Tank2","Heated"
"2423",2025-06-28 17:50:31,32.394,269.1,"Tank2","Heated"
"2424",2025-06-28 17:55:31,32.291,312.2,"Tank2","Heated"
"2425",2025-06-28 18:00:31,32.291,258.3,"Tank2","Heated"
"2426",2025-06-28 18:05:31,32.497,312.2,"Tank2","Heated"
"2427",2025-06-28 18:10:31,32.497,269.1,"Tank2","Heated"
"2428",2025-06-28 18:15:31,32.394,247.6,"Tank2","Heated"
"2429",2025-06-28 18:20:31,32.188,193.8,"Tank2","Heated"
"2430",2025-06-28 18:25:31,32.291,193.8,"Tank2","Heated"
"2431",2025-06-28 18:30:31,32.497,193.8,"Tank2","Heated"
"2432",2025-06-28 18:35:31,32.394,226,"Tank2","Heated"
"2433",2025-06-28 18:40:31,32.291,150.7,"Tank2","Heated"
"2434",2025-06-28 18:45:31,32.188,139.9,"Tank2","Heated"
"2435",2025-06-28 18:50:31,32.497,172.2,"Tank2","Heated"
"2436",2025-06-28 18:55:31,32.497,107.6,"Tank2","Heated"
"2437",2025-06-28 19:00:31,32.394,96.9,"Tank2","Heated"
"2438",2025-06-28 19:05:31,32.188,86.1,"Tank2","Heated"
"2439",2025-06-28 19:10:31,32.291,53.8,"Tank2","Heated"
"2440",2025-06-28 19:15:31,32.497,64.6,"Tank2","Heated"
"2441",2025-06-28 19:20:31,32.394,32.3,"Tank2","Heated"
"2442",2025-06-28 19:25:31,32.291,32.3,"Tank2","Heated"
"2443",2025-06-28 19:30:31,32.291,32.3,"Tank2","Heated"
"2444",2025-06-28 19:35:31,32.497,32.3,"Tank2","Heated"
"2445",2025-06-28 19:40:31,32.394,10.8,"Tank2","Heated"
"2446",2025-06-28 19:45:31,32.188,10.8,"Tank2","Heated"
"2447",2025-06-28 19:50:31,32.291,0,"Tank2","Heated"
"2448",2025-06-28 19:55:31,32.497,0,"Tank2","Heated"
"2449",2025-06-28 20:00:31,32.394,0,"Tank2","Heated"
"2450",2025-06-28 20:05:31,32.291,0,"Tank2","Heated"
"2451",2025-06-28 20:10:31,32.394,0,"Tank2","Heated"
"2452",2025-06-28 20:15:31,32.394,0,"Tank2","Heated"
"2453",2025-06-28 20:20:31,32.291,0,"Tank2","Heated"
"2454",2025-06-28 20:25:31,32.188,0,"Tank2","Heated"
"2455",2025-06-28 20:30:31,32.394,0,"Tank2","Heated"
"2456",2025-06-28 20:35:31,32.497,0,"Tank2","Heated"
"2457",2025-06-28 20:40:31,32.394,0,"Tank2","Heated"
"2458",2025-06-28 20:45:31,32.188,0,"Tank2","Heated"
"2459",2025-06-28 20:50:31,32.291,0,"Tank2","Heated"
"2460",2025-06-28 20:55:31,32.394,0,"Tank2","Heated"
"2461",2025-06-28 21:00:31,32.291,0,"Tank2","Heated"
"2462",2025-06-28 21:05:31,32.188,0,"Tank2","Heated"
"2463",2025-06-28 21:10:31,32.394,0,"Tank2","Heated"
"2464",2025-06-28 21:15:31,32.394,0,"Tank2","Heated"
"2465",2025-06-28 21:20:31,32.291,0,"Tank2","Heated"
"2466",2025-06-28 21:25:31,32.188,0,"Tank2","Heated"
"2467",2025-06-28 21:30:31,32.394,0,"Tank2","Heated"
"2468",2025-06-28 21:35:31,32.394,0,"Tank2","Heated"
"2469",2025-06-28 21:40:31,32.291,0,"Tank2","Heated"
"2470",2025-06-28 21:45:31,32.188,0,"Tank2","Heated"
"2471",2025-06-28 21:50:31,32.394,0,"Tank2","Heated"
"2472",2025-06-28 21:55:31,32.497,0,"Tank2","Heated"
"2473",2025-06-28 22:00:31,32.394,0,"Tank2","Heated"
"2474",2025-06-28 22:05:31,32.188,0,"Tank2","Heated"
"2475",2025-06-28 22:10:31,32.291,0,"Tank2","Heated"
"2476",2025-06-28 22:15:31,32.497,0,"Tank2","Heated"
"2477",2025-06-28 22:20:31,32.394,0,"Tank2","Heated"
"2478",2025-06-28 22:25:31,32.291,0,"Tank2","Heated"
"2479",2025-06-28 22:30:31,32.188,0,"Tank2","Heated"
"2480",2025-06-28 22:35:31,32.497,0,"Tank2","Heated"
"2481",2025-06-28 22:40:31,32.394,0,"Tank2","Heated"
"2482",2025-06-28 22:45:31,32.291,0,"Tank2","Heated"
"2483",2025-06-28 22:50:31,32.188,0,"Tank2","Heated"
"2484",2025-06-28 22:55:31,32.394,0,"Tank2","Heated"
"2485",2025-06-28 23:00:31,32.394,0,"Tank2","Heated"
"2486",2025-06-28 23:05:31,32.291,0,"Tank2","Heated"
"2487",2025-06-28 23:10:31,32.188,0,"Tank2","Heated"
"2488",2025-06-28 23:15:31,32.394,0,"Tank2","Heated"
"2489",2025-06-28 23:20:31,32.497,0,"Tank2","Heated"
"2490",2025-06-28 23:25:31,32.394,0,"Tank2","Heated"
"2491",2025-06-28 23:30:31,32.188,0,"Tank2","Heated"
"2492",2025-06-28 23:35:31,32.188,0,"Tank2","Heated"
"2493",2025-06-28 23:40:31,32.497,0,"Tank2","Heated"
"2494",2025-06-28 23:45:31,32.394,0,"Tank2","Heated"
"2495",2025-06-28 23:50:31,32.291,0,"Tank2","Heated"
"2496",2025-06-28 23:55:31,32.188,0,"Tank2","Heated"
"2497",2025-06-29 00:00:31,32.394,0,"Tank2","Heated"
"2498",2025-06-29 00:05:31,32.394,0,"Tank2","Heated"
"2499",2025-06-29 00:10:31,32.291,0,"Tank2","Heated"
"2500",2025-06-29 00:15:31,32.188,0,"Tank2","Heated"
"2501",2025-06-29 00:20:31,32.394,0,"Tank2","Heated"
"2502",2025-06-29 00:25:31,32.497,0,"Tank2","Heated"
"2503",2025-06-29 00:30:31,32.394,0,"Tank2","Heated"
"2504",2025-06-29 00:35:31,32.291,0,"Tank2","Heated"
"2505",2025-06-29 00:40:31,32.291,0,"Tank2","Heated"
"2506",2025-06-29 00:45:31,32.497,0,"Tank2","Heated"
"2507",2025-06-29 00:50:31,32.394,0,"Tank2","Heated"
"2508",2025-06-29 00:55:31,32.291,0,"Tank2","Heated"
"2509",2025-06-29 01:00:31,32.188,0,"Tank2","Heated"
"2510",2025-06-29 01:05:31,32.394,0,"Tank2","Heated"
"2511",2025-06-29 01:10:31,32.497,0,"Tank2","Heated"
"2512",2025-06-29 01:15:31,32.394,0,"Tank2","Heated"
"2513",2025-06-29 01:20:31,32.291,0,"Tank2","Heated"
"2514",2025-06-29 01:25:31,32.291,0,"Tank2","Heated"
"2515",2025-06-29 01:30:31,32.497,0,"Tank2","Heated"
"2516",2025-06-29 01:35:31,32.394,0,"Tank2","Heated"
"2517",2025-06-29 01:40:31,32.291,0,"Tank2","Heated"
"2518",2025-06-29 01:45:31,32.188,0,"Tank2","Heated"
"2519",2025-06-29 01:50:31,32.394,0,"Tank2","Heated"
"2520",2025-06-29 01:55:31,32.497,0,"Tank2","Heated"
"2521",2025-06-29 02:00:31,32.394,0,"Tank2","Heated"
"2522",2025-06-29 02:05:31,32.188,0,"Tank2","Heated"
"2523",2025-06-29 02:10:31,32.394,0,"Tank2","Heated"
"2524",2025-06-29 02:15:31,32.394,0,"Tank2","Heated"
"2525",2025-06-29 02:20:31,32.291,0,"Tank2","Heated"
"2526",2025-06-29 02:25:31,32.188,0,"Tank2","Heated"
"2527",2025-06-29 02:30:31,32.394,0,"Tank2","Heated"
"2528",2025-06-29 02:35:31,32.394,0,"Tank2","Heated"
"2529",2025-06-29 02:40:31,32.291,0,"Tank2","Heated"
"2530",2025-06-29 02:45:31,32.188,0,"Tank2","Heated"
"2531",2025-06-29 02:50:31,32.394,0,"Tank2","Heated"
"2532",2025-06-29 02:55:31,32.497,0,"Tank2","Heated"
"2533",2025-06-29 03:00:31,32.291,0,"Tank2","Heated"
"2534",2025-06-29 03:05:31,32.188,0,"Tank2","Heated"
"2535",2025-06-29 03:10:31,32.291,0,"Tank2","Heated"
"2536",2025-06-29 03:15:31,32.497,0,"Tank2","Heated"
"2537",2025-06-29 03:20:31,32.394,0,"Tank2","Heated"
"2538",2025-06-29 03:25:31,32.291,0,"Tank2","Heated"
"2539",2025-06-29 03:30:31,32.188,0,"Tank2","Heated"
"2540",2025-06-29 03:35:31,32.497,0,"Tank2","Heated"
"2541",2025-06-29 03:40:31,32.394,0,"Tank2","Heated"
"2542",2025-06-29 03:45:31,32.291,0,"Tank2","Heated"
"2543",2025-06-29 03:50:31,32.188,0,"Tank2","Heated"
"2544",2025-06-29 03:55:31,32.291,0,"Tank2","Heated"
"2545",2025-06-29 04:00:31,32.497,0,"Tank2","Heated"
"2546",2025-06-29 04:05:31,32.394,0,"Tank2","Heated"
"2547",2025-06-29 04:10:31,32.291,0,"Tank2","Heated"
"2548",2025-06-29 04:15:31,32.291,0,"Tank2","Heated"
"2549",2025-06-29 04:20:31,32.497,0,"Tank2","Heated"
"2550",2025-06-29 04:25:31,32.394,0,"Tank2","Heated"
"2551",2025-06-29 04:30:31,32.291,0,"Tank2","Heated"
"2552",2025-06-29 04:35:31,32.188,0,"Tank2","Heated"
"2553",2025-06-29 04:40:31,32.394,0,"Tank2","Heated"
"2554",2025-06-29 04:45:31,32.394,0,"Tank2","Heated"
"2555",2025-06-29 04:50:31,32.291,0,"Tank2","Heated"
"2556",2025-06-29 04:55:31,32.188,0,"Tank2","Heated"
"2557",2025-06-29 05:00:31,32.394,0,"Tank2","Heated"
"2558",2025-06-29 05:05:31,32.497,0,"Tank2","Heated"
"2559",2025-06-29 05:10:31,32.394,0,"Tank2","Heated"
"2560",2025-06-29 05:15:31,32.291,0,"Tank2","Heated"
"2561",2025-06-29 05:20:31,32.188,0,"Tank2","Heated"
"2562",2025-06-29 05:25:31,32.497,0,"Tank2","Heated"
"2563",2025-06-29 05:30:31,32.394,0,"Tank2","Heated"
"2564",2025-06-29 05:35:31,32.291,0,"Tank2","Heated"
"2565",2025-06-29 05:40:31,32.188,0,"Tank2","Heated"
"2566",2025-06-29 05:45:31,32.394,0,"Tank2","Heated"
"2567",2025-06-29 05:50:31,32.497,0,"Tank2","Heated"
"2568",2025-06-29 05:55:31,32.394,0,"Tank2","Heated"
"2569",2025-06-29 06:00:31,32.188,0,"Tank2","Heated"
"2570",2025-06-29 06:05:31,32.291,0,"Tank2","Heated"
"2571",2025-06-29 06:10:31,32.497,0,"Tank2","Heated"
"2572",2025-06-29 06:15:31,32.394,0,"Tank2","Heated"
"2573",2025-06-29 06:20:31,32.291,0,"Tank2","Heated"
"2574",2025-06-29 06:25:31,32.188,0,"Tank2","Heated"
"2575",2025-06-29 06:30:31,32.497,0,"Tank2","Heated"
"2576",2025-06-29 06:35:31,32.394,0,"Tank2","Heated"
"2577",2025-06-29 06:40:31,32.291,0,"Tank2","Heated"
"2578",2025-06-29 06:45:31,32.188,0,"Tank2","Heated"
"2579",2025-06-29 06:50:31,32.291,0,"Tank2","Heated"
"2580",2025-06-29 06:55:31,32.497,0,"Tank2","Heated"
"2581",2025-06-29 07:00:31,32.394,0,"Tank2","Heated"
"2582",2025-06-29 07:05:31,32.291,0,"Tank2","Heated"
"2583",2025-06-29 07:10:31,32.291,0,"Tank2","Heated"
"2584",2025-06-29 07:15:31,32.394,0,"Tank2","Heated"
"2585",2025-06-29 07:20:31,32.394,0,"Tank2","Heated"
"2586",2025-06-29 07:25:31,32.291,0,"Tank2","Heated"
"2587",2025-06-29 07:30:31,32.291,0,"Tank2","Heated"
"2588",2025-06-29 07:35:31,32.497,0,"Tank2","Heated"
"2589",2025-06-29 07:40:31,32.394,0,"Tank2","Heated"
"2590",2025-06-29 07:45:31,32.291,0,"Tank2","Heated"
"2591",2025-06-29 07:50:31,32.188,0,"Tank2","Heated"
"2592",2025-06-29 07:55:31,32.394,0,"Tank2","Heated"
"2593",2025-06-29 08:00:31,32.497,0,"Tank2","Heated"
"2594",2025-06-29 08:05:31,32.394,0,"Tank2","Heated"
"2595",2025-06-29 08:10:31,32.188,0,"Tank2","Heated"
"2596",2025-06-29 08:15:31,32.291,10.8,"Tank2","Heated"
"2597",2025-06-29 08:20:31,32.497,21.5,"Tank2","Heated"
"2598",2025-06-29 08:25:31,32.394,10.8,"Tank2","Heated"
"2599",2025-06-29 08:30:31,32.291,32.3,"Tank2","Heated"
"2600",2025-06-29 08:35:31,32.188,43.1,"Tank2","Heated"
"2601",2025-06-29 08:40:31,32.497,32.3,"Tank2","Heated"
"2602",2025-06-29 08:45:31,32.394,75.3,"Tank2","Heated"
"2603",2025-06-29 08:50:31,32.291,75.3,"Tank2","Heated"
"2604",2025-06-29 08:55:31,32.188,118.4,"Tank2","Heated"
"2605",2025-06-29 09:00:31,32.394,118.4,"Tank2","Heated"
"2606",2025-06-29 09:05:31,32.394,86.1,"Tank2","Heated"
"2607",2025-06-29 09:10:31,32.291,139.9,"Tank2","Heated"
"2608",2025-06-29 09:15:31,32.188,107.6,"Tank2","Heated"
"2609",2025-06-29 09:20:31,32.291,172.2,"Tank2","Heated"
"2610",2025-06-29 09:25:31,32.497,107.6,"Tank2","Heated"
"2611",2025-06-29 09:30:31,32.394,161.5,"Tank2","Heated"
"2612",2025-06-29 09:35:31,32.291,129.2,"Tank2","Heated"
"2613",2025-06-29 09:40:31,32.188,0,"Tank2","Heated"
"2614",2025-06-29 09:45:31,32.394,0,"Tank2","Heated"
"2615",2025-06-29 09:50:31,32.497,0,"Tank2","Heated"
"2616",2025-06-29 09:55:31,32.394,0,"Tank2","Heated"
"2617",2025-06-29 10:00:31,32.188,0,"Tank2","Heated"
"2618",2025-06-29 10:05:31,32.291,0,"Tank2","Heated"
"2619",2025-06-29 10:10:31,32.497,0,"Tank2","Heated"
"2620",2025-06-29 10:15:31,32.394,0,"Tank2","Heated"
"2621",2025-06-29 10:20:31,32.291,0,"Tank2","Heated"
"2622",2025-06-29 10:25:31,32.291,0,"Tank2","Heated"
"2623",2025-06-29 10:30:31,32.497,0,"Tank2","Heated"
"2624",2025-06-29 10:35:31,32.394,0,"Tank2","Heated"
"2625",2025-06-29 10:40:31,32.291,0,"Tank2","Heated"
"2626",2025-06-29 10:45:31,32.291,355.2,"Tank2","Heated"
"2627",2025-06-29 10:50:31,32.497,430.6,"Tank2","Heated"
"2628",2025-06-29 10:55:31,32.394,441.3,"Tank2","Heated"
"2629",2025-06-29 11:00:31,32.291,462.9,"Tank2","Heated"
"2630",2025-06-29 11:05:31,32.394,505.9,"Tank2","Heated"
"2631",2025-06-29 11:10:31,32.497,452.1,"Tank2","Heated"
"2632",2025-06-29 11:15:31,32.497,495.1,"Tank2","Heated"
"2633",2025-06-29 11:20:31,32.394,462.9,"Tank2","Heated"
"2634",2025-06-29 11:25:31,32.291,473.6,"Tank2","Heated"
"2635",2025-06-29 11:30:31,32.394,559.7,"Tank2","Heated"
"2636",2025-06-29 11:35:31,32.497,516.7,"Tank2","Heated"
"2637",2025-06-29 11:40:31,32.394,570.5,"Tank2","Heated"
"2638",2025-06-29 11:45:31,32.394,559.7,"Tank2","Heated"
"2639",2025-06-29 11:50:31,32.291,624.3,"Tank2","Heated"
"2640",2025-06-29 11:55:31,32.497,592,"Tank2","Heated"
"2641",2025-06-29 12:00:31,32.497,624.3,"Tank2","Heated"
"2642",2025-06-29 12:05:31,32.497,635.1,"Tank2","Heated"
"2643",2025-06-29 12:10:31,32.394,635.1,"Tank2","Heated"
"2644",2025-06-29 12:15:31,32.291,656.6,"Tank2","Heated"
"2645",2025-06-29 12:20:31,32.497,656.6,"Tank2","Heated"
"2646",2025-06-29 12:25:31,32.497,613.5,"Tank2","Heated"
"2647",2025-06-29 12:30:31,32.394,613.5,"Tank2","Heated"
"2648",2025-06-29 12:35:31,32.291,613.5,"Tank2","Heated"
"2649",2025-06-29 12:40:31,32.291,645.8,"Tank2","Heated"
"2650",2025-06-29 12:45:31,32.497,667.4,"Tank2","Heated"
"2651",2025-06-29 12:50:31,32.497,645.8,"Tank2","Heated"
"2652",2025-06-29 12:55:31,32.394,678.1,"Tank2","Heated"
"2653",2025-06-29 13:00:31,32.291,645.8,"Tank2","Heated"
"2654",2025-06-29 13:05:31,32.394,645.8,"Tank2","Heated"
"2655",2025-06-29 13:10:31,32.497,624.3,"Tank2","Heated"
"2656",2025-06-29 13:15:31,32.394,667.4,"Tank2","Heated"
"2657",2025-06-29 13:20:31,32.291,688.9,"Tank2","Heated"
"2658",2025-06-29 13:25:31,32.291,635.1,"Tank2","Heated"
"2659",2025-06-29 13:30:31,32.497,602.8,"Tank2","Heated"
"2660",2025-06-29 13:35:31,32.394,645.8,"Tank2","Heated"
"2661",2025-06-29 13:40:31,32.394,635.1,"Tank2","Heated"
"2662",2025-06-29 13:45:31,32.291,656.6,"Tank2","Heated"
"2663",2025-06-29 13:50:31,32.394,635.1,"Tank2","Heated"
"2664",2025-06-29 13:55:31,32.497,656.6,"Tank2","Heated"
"2665",2025-06-29 14:00:31,32.497,667.4,"Tank2","Heated"
"2666",2025-06-29 14:05:31,32.394,678.1,"Tank2","Heated"
"2667",2025-06-29 14:10:31,32.291,602.8,"Tank2","Heated"
"2668",2025-06-29 14:15:31,32.497,656.6,"Tank2","Heated"
"2669",2025-06-29 14:20:31,32.497,678.1,"Tank2","Heated"
"2670",2025-06-29 14:25:31,32.497,624.3,"Tank2","Heated"
"2671",2025-06-29 14:30:31,32.394,602.8,"Tank2","Heated"
"2672",2025-06-29 14:35:31,32.291,667.4,"Tank2","Heated"
"2673",2025-06-29 14:40:31,32.497,613.5,"Tank2","Heated"
"2674",2025-06-29 14:45:31,32.6,667.4,"Tank2","Heated"
"2675",2025-06-29 14:50:31,32.497,635.1,"Tank2","Heated"
"2676",2025-06-29 14:55:31,32.394,635.1,"Tank2","Heated"
"2677",2025-06-29 15:00:31,32.291,613.5,"Tank2","Heated"
"2678",2025-06-29 15:05:31,32.497,613.5,"Tank2","Heated"
"2679",2025-06-29 15:10:31,32.497,667.4,"Tank2","Heated"
"2680",2025-06-29 15:15:31,32.394,635.1,"Tank2","Heated"
"2681",2025-06-29 15:20:31,32.291,602.8,"Tank2","Heated"
"2682",2025-06-29 15:25:31,32.188,635.1,"Tank2","Heated"
"2683",2025-06-29 15:30:31,32.497,624.3,"Tank2","Heated"
"2684",2025-06-29 15:35:31,32.497,624.3,"Tank2","Heated"
"2685",2025-06-29 15:40:31,32.497,635.1,"Tank2","Heated"
"2686",2025-06-29 15:45:31,32.394,635.1,"Tank2","Heated"
"2687",2025-06-29 15:50:31,32.291,635.1,"Tank2","Heated"
"2688",2025-06-29 15:55:31,32.497,645.8,"Tank2","Heated"
"2689",2025-06-29 16:00:31,32.497,635.1,"Tank2","Heated"
"2690",2025-06-29 16:05:31,32.394,613.5,"Tank2","Heated"
"2691",2025-06-29 16:10:31,32.394,581.3,"Tank2","Heated"
"2692",2025-06-29 16:15:31,32.291,581.3,"Tank2","Heated"
"2693",2025-06-29 16:20:31,32.497,559.7,"Tank2","Heated"
"2694",2025-06-29 16:25:31,32.497,527.4,"Tank2","Heated"
"2695",2025-06-29 16:30:31,32.497,516.7,"Tank2","Heated"
"2696",2025-06-29 16:35:31,32.291,549,"Tank2","Heated"
"2697",2025-06-29 16:40:31,32.291,495.1,"Tank2","Heated"
"2698",2025-06-29 16:45:31,32.497,495.1,"Tank2","Heated"
"2699",2025-06-29 16:50:31,32.497,441.3,"Tank2","Heated"
"2700",2025-06-29 16:55:31,32.291,462.9,"Tank2","Heated"
"2701",2025-06-29 17:00:31,32.188,419.8,"Tank2","Heated"
"2702",2025-06-29 17:05:31,32.394,419.8,"Tank2","Heated"
"2703",2025-06-29 17:10:31,32.497,419.8,"Tank2","Heated"
"2704",2025-06-29 17:15:31,32.394,398.3,"Tank2","Heated"
"2705",2025-06-29 17:20:31,32.291,419.8,"Tank2","Heated"
"2706",2025-06-29 17:25:31,32.291,355.2,"Tank2","Heated"
"2707",2025-06-29 17:30:31,32.497,333.7,"Tank2","Heated"
"2708",2025-06-29 17:35:31,32.497,333.7,"Tank2","Heated"
"2709",2025-06-29 17:40:31,32.394,333.7,"Tank2","Heated"
"2710",2025-06-29 17:45:31,32.188,344.4,"Tank2","Heated"
"2711",2025-06-29 17:50:31,32.394,279.9,"Tank2","Heated"
"2712",2025-06-29 17:55:31,32.497,301.4,"Tank2","Heated"
"2713",2025-06-29 18:00:31,32.394,215.3,"Tank2","Heated"
"2714",2025-06-29 18:05:31,32.291,226,"Tank2","Heated"
"2715",2025-06-29 18:10:31,32.188,236.8,"Tank2","Heated"
"2716",2025-06-29 18:15:31,32.497,279.9,"Tank2","Heated"
"2717",2025-06-29 18:20:31,32.497,279.9,"Tank2","Heated"
"2718",2025-06-29 18:25:31,32.394,172.2,"Tank2","Heated"
"2719",2025-06-29 18:30:31,32.188,204.5,"Tank2","Heated"
"2720",2025-06-29 18:35:31,32.394,204.5,"Tank2","Heated"
"2721",2025-06-29 18:40:31,32.497,161.5,"Tank2","Heated"
"2722",2025-06-29 18:45:31,32.394,172.2,"Tank2","Heated"
"2723",2025-06-29 18:50:31,32.291,193.8,"Tank2","Heated"
"2724",2025-06-29 18:55:31,32.291,75.3,"Tank2","Heated"
"2725",2025-06-29 19:00:31,32.497,43.1,"Tank2","Heated"
"2726",2025-06-29 19:05:31,32.394,118.4,"Tank2","Heated"
"2727",2025-06-29 19:10:31,32.291,53.8,"Tank2","Heated"
"2728",2025-06-29 19:15:31,32.188,43.1,"Tank2","Heated"
"2729",2025-06-29 19:20:31,32.394,43.1,"Tank2","Heated"
"2730",2025-06-29 19:25:31,32.497,64.6,"Tank2","Heated"
"2731",2025-06-29 19:30:31,32.394,10.8,"Tank2","Heated"
"2732",2025-06-29 19:35:31,32.188,43.1,"Tank2","Heated"
"2733",2025-06-29 19:40:31,32.291,10.8,"Tank2","Heated"
"2734",2025-06-29 19:45:31,32.497,10.8,"Tank2","Heated"
"2735",2025-06-29 19:50:31,32.394,0,"Tank2","Heated"
"2736",2025-06-29 19:55:31,32.291,0,"Tank2","Heated"
"2737",2025-06-29 20:00:31,32.188,0,"Tank2","Heated"
"2738",2025-06-29 20:05:31,32.497,0,"Tank2","Heated"
"2739",2025-06-29 20:10:31,32.394,0,"Tank2","Heated"
"2740",2025-06-29 20:15:31,32.291,0,"Tank2","Heated"
"2741",2025-06-29 20:20:31,32.188,0,"Tank2","Heated"
"2742",2025-06-29 20:25:31,32.291,0,"Tank2","Heated"
"2743",2025-06-29 20:30:31,32.497,0,"Tank2","Heated"
"2744",2025-06-29 20:35:31,32.394,0,"Tank2","Heated"
"2745",2025-06-29 20:40:31,32.291,0,"Tank2","Heated"
"2746",2025-06-29 20:45:31,32.188,0,"Tank2","Heated"
"2747",2025-06-29 20:50:31,32.394,0,"Tank2","Heated"
"2748",2025-06-29 20:55:31,32.497,0,"Tank2","Heated"
"2749",2025-06-29 21:00:31,32.394,0,"Tank2","Heated"
"2750",2025-06-29 21:05:31,32.291,0,"Tank2","Heated"
"2751",2025-06-29 21:10:31,32.188,0,"Tank2","Heated"
"2752",2025-06-29 21:15:31,32.497,0,"Tank2","Heated"
"2753",2025-06-29 21:20:31,32.394,0,"Tank2","Heated"
"2754",2025-06-29 21:25:31,32.291,0,"Tank2","Heated"
"2755",2025-06-29 21:30:31,32.188,0,"Tank2","Heated"
"2756",2025-06-29 21:35:31,32.291,0,"Tank2","Heated"
"2757",2025-06-29 21:40:31,32.497,0,"Tank2","Heated"
"2758",2025-06-29 21:45:31,32.394,0,"Tank2","Heated"
"2759",2025-06-29 21:50:31,32.291,0,"Tank2","Heated"
"2760",2025-06-29 21:55:31,32.188,0,"Tank2","Heated"
"2761",2025-06-29 22:00:31,32.394,0,"Tank2","Heated"
"2762",2025-06-29 22:05:31,32.394,0,"Tank2","Heated"
"2763",2025-06-29 22:10:31,32.291,0,"Tank2","Heated"
"2764",2025-06-29 22:15:31,32.188,0,"Tank2","Heated"
"2765",2025-06-29 22:20:31,32.394,0,"Tank2","Heated"
"2766",2025-06-29 22:25:31,32.497,0,"Tank2","Heated"
"2767",2025-06-29 22:30:31,32.394,0,"Tank2","Heated"
"2768",2025-06-29 22:35:31,32.291,0,"Tank2","Heated"
"2769",2025-06-29 22:40:31,32.291,0,"Tank2","Heated"
"2770",2025-06-29 22:45:31,32.497,0,"Tank2","Heated"
"2771",2025-06-29 22:50:31,32.394,0,"Tank2","Heated"
"2772",2025-06-29 22:55:31,32.291,0,"Tank2","Heated"
"2773",2025-06-29 23:00:31,32.188,0,"Tank2","Heated"
"2774",2025-06-29 23:05:31,32.394,0,"Tank2","Heated"
"2775",2025-06-29 23:10:31,32.497,0,"Tank2","Heated"
"2776",2025-06-29 23:15:31,32.394,0,"Tank2","Heated"
"2777",2025-06-29 23:20:31,32.291,0,"Tank2","Heated"
"2778",2025-06-29 23:25:31,32.394,0,"Tank2","Heated"
"2779",2025-06-29 23:30:31,32.497,0,"Tank2","Heated"
"2780",2025-06-29 23:35:31,32.394,0,"Tank2","Heated"
"2781",2025-06-29 23:40:31,32.291,0,"Tank2","Heated"
"2782",2025-06-29 23:45:31,32.188,0,"Tank2","Heated"
"2783",2025-06-29 23:50:31,32.497,0,"Tank2","Heated"
"2784",2025-06-29 23:55:31,32.394,0,"Tank2","Heated"
"2785",2025-06-30 00:00:31,32.291,0,"Tank2","Heated"
"2786",2025-06-30 00:05:31,32.188,0,"Tank2","Heated"
"2787",2025-06-30 00:10:31,32.291,0,"Tank2","Heated"
"2788",2025-06-30 00:15:31,32.497,0,"Tank2","Heated"
"2789",2025-06-30 00:20:31,32.394,0,"Tank2","Heated"
"2790",2025-06-30 00:25:31,32.291,0,"Tank2","Heated"
"2791",2025-06-30 00:30:31,32.188,0,"Tank2","Heated"
"2792",2025-06-30 00:35:31,32.394,0,"Tank2","Heated"
"2793",2025-06-30 00:40:31,32.497,0,"Tank2","Heated"
"2794",2025-06-30 00:45:31,32.394,0,"Tank2","Heated"
"2795",2025-06-30 00:50:31,32.291,0,"Tank2","Heated"
"2796",2025-06-30 00:55:31,32.188,0,"Tank2","Heated"
"2797",2025-06-30 01:00:31,32.497,0,"Tank2","Heated"
"2798",2025-06-30 01:05:31,32.497,0,"Tank2","Heated"
"2799",2025-06-30 01:10:31,32.291,0,"Tank2","Heated"
"2800",2025-06-30 01:15:31,32.188,0,"Tank2","Heated"
"2801",2025-06-30 01:20:31,32.394,0,"Tank2","Heated"
"2802",2025-06-30 01:25:31,32.497,0,"Tank2","Heated"
"2803",2025-06-30 01:30:31,32.394,0,"Tank2","Heated"
"2804",2025-06-30 01:35:31,32.291,0,"Tank2","Heated"
"2805",2025-06-30 01:40:31,32.291,0,"Tank2","Heated"
"2806",2025-06-30 01:45:31,32.497,0,"Tank2","Heated"
"2807",2025-06-30 01:50:31,32.394,0,"Tank2","Heated"
"2808",2025-06-30 01:55:31,32.291,0,"Tank2","Heated"
"2809",2025-06-30 02:00:31,32.188,0,"Tank2","Heated"
"2810",2025-06-30 02:05:31,32.497,0,"Tank2","Heated"
"2811",2025-06-30 02:10:31,32.497,0,"Tank2","Heated"
"2812",2025-06-30 02:15:31,32.394,0,"Tank2","Heated"
"2813",2025-06-30 02:20:31,32.188,0,"Tank2","Heated"
"2814",2025-06-30 02:25:31,32.291,0,"Tank2","Heated"
"2815",2025-06-30 02:30:31,32.497,0,"Tank2","Heated"
"2816",2025-06-30 02:35:31,32.394,0,"Tank2","Heated"
"2817",2025-06-30 02:40:31,32.291,0,"Tank2","Heated"
"2818",2025-06-30 02:45:31,32.188,0,"Tank2","Heated"
"2819",2025-06-30 02:50:31,32.394,0,"Tank2","Heated"
"2820",2025-06-30 02:55:31,32.497,0,"Tank2","Heated"
"2821",2025-06-30 03:00:31,32.394,0,"Tank2","Heated"
"2822",2025-06-30 03:05:31,32.291,0,"Tank2","Heated"
"2823",2025-06-30 03:10:31,32.291,0,"Tank2","Heated"
"2824",2025-06-30 03:15:31,32.497,0,"Tank2","Heated"
"2825",2025-06-30 03:20:31,32.394,0,"Tank2","Heated"
"2826",2025-06-30 03:25:31,32.291,0,"Tank2","Heated"
"2827",2025-06-30 03:30:31,32.188,0,"Tank2","Heated"
"2828",2025-06-30 03:35:31,32.394,0,"Tank2","Heated"
"2829",2025-06-30 03:40:31,32.497,0,"Tank2","Heated"
"2830",2025-06-30 03:45:31,32.394,0,"Tank2","Heated"
"2831",2025-06-30 03:50:31,32.291,0,"Tank2","Heated"
"2832",2025-06-30 03:55:31,32.188,0,"Tank2","Heated"
"2833",2025-06-30 04:00:31,32.497,0,"Tank2","Heated"
"2834",2025-06-30 04:05:31,32.394,0,"Tank2","Heated"
"2835",2025-06-30 04:10:31,32.291,0,"Tank2","Heated"
"2836",2025-06-30 04:15:31,32.188,0,"Tank2","Heated"
"2837",2025-06-30 04:20:31,32.291,0,"Tank2","Heated"
"2838",2025-06-30 04:25:31,32.497,0,"Tank2","Heated"
"2839",2025-06-30 04:30:31,32.394,0,"Tank2","Heated"
"2840",2025-06-30 04:35:31,32.291,0,"Tank2","Heated"
"2841",2025-06-30 04:40:31,32.188,0,"Tank2","Heated"
"2842",2025-06-30 04:45:31,32.394,0,"Tank2","Heated"
"2843",2025-06-30 04:50:31,32.497,0,"Tank2","Heated"
"2844",2025-06-30 04:55:31,32.394,0,"Tank2","Heated"
"2845",2025-06-30 05:00:31,32.291,0,"Tank2","Heated"
"2846",2025-06-30 05:05:31,32.188,0,"Tank2","Heated"
"2847",2025-06-30 05:10:31,32.497,0,"Tank2","Heated"
"2848",2025-06-30 05:15:31,32.394,0,"Tank2","Heated"
"2849",2025-06-30 05:20:31,32.291,0,"Tank2","Heated"
"2850",2025-06-30 05:25:31,32.188,0,"Tank2","Heated"
"2851",2025-06-30 05:30:31,32.394,0,"Tank2","Heated"
"2852",2025-06-30 05:35:31,32.497,0,"Tank2","Heated"
"2853",2025-06-30 05:40:31,32.394,0,"Tank2","Heated"
"2854",2025-06-30 05:45:31,32.291,0,"Tank2","Heated"
"2855",2025-06-30 05:50:31,32.188,0,"Tank2","Heated"
"2856",2025-06-30 05:55:31,32.394,0,"Tank2","Heated"
"2857",2025-06-30 06:00:31,32.497,0,"Tank2","Heated"
"2858",2025-06-30 06:05:31,32.394,0,"Tank2","Heated"
"2859",2025-06-30 06:10:31,32.188,0,"Tank2","Heated"
"2860",2025-06-30 06:15:31,32.291,0,"Tank2","Heated"
"2861",2025-06-30 06:20:31,32.497,0,"Tank2","Heated"
"2862",2025-06-30 06:25:31,32.394,0,"Tank2","Heated"
"2863",2025-06-30 06:30:31,32.291,0,"Tank2","Heated"
"2864",2025-06-30 06:35:31,32.188,0,"Tank2","Heated"
"2865",2025-06-30 06:40:31,32.394,0,"Tank2","Heated"
"2866",2025-06-30 06:45:31,32.497,0,"Tank2","Heated"
"2867",2025-06-30 06:50:31,32.394,0,"Tank2","Heated"
"2868",2025-06-30 06:55:31,32.188,0,"Tank2","Heated"
"2869",2025-06-30 07:00:31,32.291,0,"Tank2","Heated"
"2870",2025-06-30 07:05:31,32.497,0,"Tank2","Heated"
"2871",2025-06-30 07:10:31,32.394,0,"Tank2","Heated"
"2872",2025-06-30 07:15:31,32.291,0,"Tank2","Heated"
"2873",2025-06-30 07:20:31,32.188,0,"Tank2","Heated"
"2874",2025-06-30 07:25:31,32.394,0,"Tank2","Heated"
"2875",2025-06-30 07:30:31,32.497,0,"Tank2","Heated"
"2876",2025-06-30 07:35:31,32.394,0,"Tank2","Heated"
"2877",2025-06-30 07:40:31,32.291,0,"Tank2","Heated"
"2878",2025-06-30 07:45:31,32.188,0,"Tank2","Heated"
"2879",2025-06-30 07:50:31,32.497,0,"Tank2","Heated"
"2880",2025-06-30 07:55:31,32.394,0,"Tank2","Heated"
"2881",2025-06-25 08:00:58,25.61,0,"Tank3","Heated"
"2882",2025-06-25 08:05:58,25.513,0,"Tank3","Heated"
"2883",2025-06-25 08:10:58,25.513,0,"Tank3","Heated"
"2884",2025-06-25 08:15:58,25.513,0,"Tank3","Heated"
"2885",2025-06-25 08:20:58,25.416,0,"Tank3","Heated"
"2886",2025-06-25 08:25:58,25.416,0,"Tank3","Heated"
"2887",2025-06-25 08:30:58,25.416,0,"Tank3","Heated"
"2888",2025-06-25 08:35:58,25.416,64.6,"Tank3","Heated"
"2889",2025-06-25 08:40:58,25.61,129.2,"Tank3","Heated"
"2890",2025-06-25 08:45:58,25.61,86.1,"Tank3","Heated"
"2891",2025-06-25 08:50:58,25.513,172.2,"Tank3","Heated"
"2892",2025-06-25 08:55:58,25.513,172.2,"Tank3","Heated"
"2893",2025-06-25 09:00:58,25.416,96.9,"Tank3","Heated"
"2894",2025-06-25 09:05:58,25.416,236.8,"Tank3","Heated"
"2895",2025-06-25 09:10:58,25.416,247.6,"Tank3","Heated"
"2896",2025-06-25 09:15:58,25.61,236.8,"Tank3","Heated"
"2897",2025-06-25 09:20:58,25.61,322.9,"Tank3","Heated"
"2898",2025-06-25 09:25:58,25.61,258.3,"Tank3","Heated"
"2899",2025-06-25 09:30:58,25.61,279.9,"Tank3","Heated"
"2900",2025-06-25 09:35:58,26.097,322.9,"Tank3","Heated"
"2901",2025-06-25 09:40:58,26.585,355.2,"Tank3","Heated"
"2902",2025-06-25 09:45:58,27.173,269.1,"Tank3","Heated"
"2903",2025-06-25 09:50:58,27.665,0,"Tank3","Heated"
"2904",2025-06-25 09:55:58,28.258,0,"Tank3","Heated"
"2905",2025-06-25 10:00:58,28.754,0,"Tank3","Heated"
"2906",2025-06-25 10:05:58,29.252,0,"Tank3","Heated"
"2907",2025-06-25 10:10:58,29.752,312.2,"Tank3","Heated"
"2908",2025-06-25 10:15:58,30.255,322.9,"Tank3","Heated"
"2909",2025-06-25 10:20:58,30.76,355.2,"Tank3","Heated"
"2910",2025-06-25 10:25:58,31.268,344.4,"Tank3","Heated"
"2911",2025-06-25 10:30:58,31.676,527.4,"Tank3","Heated"
"2912",2025-06-25 10:35:58,32.188,559.7,"Tank3","Heated"
"2913",2025-06-25 10:40:58,32.497,21.5,"Tank3","Heated"
"2914",2025-06-25 10:45:58,32.497,0,"Tank3","Heated"
"2915",2025-06-25 10:50:58,32.394,0,"Tank3","Heated"
"2916",2025-06-25 10:55:58,32.188,0,"Tank3","Heated"
"2917",2025-06-25 11:00:58,32.291,0,"Tank3","Heated"
"2918",2025-06-25 11:05:58,32.497,0,"Tank3","Heated"
"2919",2025-06-25 11:10:58,32.394,0,"Tank3","Heated"
"2920",2025-06-25 11:15:58,32.291,0,"Tank3","Heated"
"2921",2025-06-25 11:20:58,32.188,0,"Tank3","Heated"
"2922",2025-06-25 11:25:58,32.394,0,"Tank3","Heated"
"2923",2025-06-25 11:30:58,32.394,0,"Tank3","Heated"
"2924",2025-06-25 11:35:58,32.291,0,"Tank3","Heated"
"2925",2025-06-25 11:40:58,32.188,807.3,"Tank3","Heated"
"2926",2025-06-25 11:45:58,32.394,0,"Tank3","Heated"
"2927",2025-06-25 11:50:58,32.497,936.5,"Tank3","Heated"
"2928",2025-06-25 11:55:58,32.394,613.5,"Tank3","Heated"
"2929",2025-06-25 12:00:58,32.291,914.9,"Tank3","Heated"
"2930",2025-06-25 12:05:58,32.291,979.5,"Tank3","Heated"
"2931",2025-06-25 12:10:58,32.497,1033.3,"Tank3","Heated"
"2932",2025-06-25 12:15:58,32.497,1044.1,"Tank3","Heated"
"2933",2025-06-25 12:20:58,32.394,1054.9,"Tank3","Heated"
"2934",2025-06-25 12:25:58,32.291,1022.6,"Tank3","Heated"
"2935",2025-06-25 12:30:58,32.497,990.3,"Tank3","Heated"
"2936",2025-06-25 12:35:58,32.497,979.5,"Tank3","Heated"
"2937",2025-06-25 12:40:58,32.497,785.8,"Tank3","Heated"
"2938",2025-06-25 12:45:58,32.291,990.3,"Tank3","Heated"
"2939",2025-06-25 12:50:58,32.291,0,"Tank3","Heated"
"2940",2025-06-25 12:55:58,32.497,0,"Tank3","Heated"
"2941",2025-06-25 13:00:58,32.497,0,"Tank3","Heated"
"2942",2025-06-25 13:05:58,32.394,0,"Tank3","Heated"
"2943",2025-06-25 13:10:58,32.291,0,"Tank3","Heated"
"2944",2025-06-25 13:15:58,32.291,0,"Tank3","Heated"
"2945",2025-06-25 13:20:58,32.497,0,"Tank3","Heated"
"2946",2025-06-25 13:25:58,32.394,0,"Tank3","Heated"
"2947",2025-06-25 13:30:58,32.291,0,"Tank3","Heated"
"2948",2025-06-25 13:35:58,32.188,0,"Tank3","Heated"
"2949",2025-06-25 13:40:58,32.497,1076.4,"Tank3","Heated"
"2950",2025-06-25 13:45:58,32.497,1001,"Tank3","Heated"
"2951",2025-06-25 13:50:58,32.497,1065.6,"Tank3","Heated"
"2952",2025-06-25 13:55:58,32.291,1011.8,"Tank3","Heated"
"2953",2025-06-25 14:00:58,32.291,947.2,"Tank3","Heated"
"2954",2025-06-25 14:05:58,32.497,1044.1,"Tank3","Heated"
"2955",2025-06-25 14:10:58,32.497,968.8,"Tank3","Heated"
"2956",2025-06-25 14:15:58,32.394,1011.8,"Tank3","Heated"
"2957",2025-06-25 14:20:58,32.291,958,"Tank3","Heated"
"2958",2025-06-25 14:25:58,32.394,1054.9,"Tank3","Heated"
"2959",2025-06-25 14:30:58,32.497,947.2,"Tank3","Heated"
"2960",2025-06-25 14:35:58,32.497,925.7,"Tank3","Heated"
"2961",2025-06-25 14:40:58,32.291,990.3,"Tank3","Heated"
"2962",2025-06-25 14:45:58,32.291,1022.6,"Tank3","Heated"
"2963",2025-06-25 14:50:58,32.497,1054.9,"Tank3","Heated"
"2964",2025-06-25 14:55:58,32.394,1033.3,"Tank3","Heated"
"2965",2025-06-25 15:00:58,32.394,1054.9,"Tank3","Heated"
"2966",2025-06-25 15:05:58,32.188,1033.3,"Tank3","Heated"
"2967",2025-06-25 15:10:58,32.394,775,"Tank3","Heated"
"2968",2025-06-25 15:15:58,32.497,721.2,"Tank3","Heated"
"2969",2025-06-25 15:20:58,32.394,753.5,"Tank3","Heated"
"2970",2025-06-25 15:25:58,32.291,592,"Tank3","Heated"
"2971",2025-06-25 15:30:58,32.188,753.5,"Tank3","Heated"
"2972",2025-06-25 15:35:58,32.394,731.9,"Tank3","Heated"
"2973",2025-06-25 15:40:58,32.497,721.2,"Tank3","Heated"
"2974",2025-06-25 15:45:58,32.394,731.9,"Tank3","Heated"
"2975",2025-06-25 15:50:58,32.291,667.4,"Tank3","Heated"
"2976",2025-06-25 15:55:58,32.188,699.7,"Tank3","Heated"
"2977",2025-06-25 16:00:58,32.497,710.4,"Tank3","Heated"
"2978",2025-06-25 16:05:58,32.497,688.9,"Tank3","Heated"
"2979",2025-06-25 16:10:58,32.394,678.1,"Tank3","Heated"
"2980",2025-06-25 16:15:58,32.291,678.1,"Tank3","Heated"
"2981",2025-06-25 16:20:58,32.291,645.8,"Tank3","Heated"
"2982",2025-06-25 16:25:58,32.497,678.1,"Tank3","Heated"
"2983",2025-06-25 16:30:58,32.394,613.5,"Tank3","Heated"
"2984",2025-06-25 16:35:58,32.291,602.8,"Tank3","Heated"
"2985",2025-06-25 16:40:58,32.188,538.2,"Tank3","Heated"
"2986",2025-06-25 16:45:58,32.291,570.5,"Tank3","Heated"
"2987",2025-06-25 16:50:58,32.497,538.2,"Tank3","Heated"
"2988",2025-06-25 16:55:58,32.394,516.7,"Tank3","Heated"
"2989",2025-06-25 17:00:58,32.291,495.1,"Tank3","Heated"
"2990",2025-06-25 17:05:58,32.188,462.9,"Tank3","Heated"
"2991",2025-06-25 17:10:58,32.497,484.4,"Tank3","Heated"
"2992",2025-06-25 17:15:58,32.497,452.1,"Tank3","Heated"
"2993",2025-06-25 17:20:58,32.394,441.3,"Tank3","Heated"
"2994",2025-06-25 17:25:58,32.291,430.6,"Tank3","Heated"
"2995",2025-06-25 17:30:58,32.291,398.3,"Tank3","Heated"
"2996",2025-06-25 17:35:58,32.497,355.2,"Tank3","Heated"
"2997",2025-06-25 17:40:58,32.394,376.7,"Tank3","Heated"
"2998",2025-06-25 17:45:58,32.291,333.7,"Tank3","Heated"
"2999",2025-06-25 17:50:58,32.188,290.6,"Tank3","Heated"
"3000",2025-06-25 17:55:58,32.291,312.2,"Tank3","Heated"
"3001",2025-06-25 18:00:58,32.497,258.3,"Tank3","Heated"
"3002",2025-06-25 18:05:58,32.394,279.9,"Tank3","Heated"
"3003",2025-06-25 18:10:58,32.291,269.1,"Tank3","Heated"
"3004",2025-06-25 18:15:58,32.188,247.6,"Tank3","Heated"
"3005",2025-06-25 18:20:58,32.394,204.5,"Tank3","Heated"
"3006",2025-06-25 18:25:58,32.497,236.8,"Tank3","Heated"
"3007",2025-06-25 18:30:58,32.394,204.5,"Tank3","Heated"
"3008",2025-06-25 18:35:58,32.291,193.8,"Tank3","Heated"
"3009",2025-06-25 18:40:58,32.188,226,"Tank3","Heated"
"3010",2025-06-25 18:45:58,32.394,161.5,"Tank3","Heated"
"3011",2025-06-25 18:50:58,32.497,150.7,"Tank3","Heated"
"3012",2025-06-25 18:55:58,32.291,150.7,"Tank3","Heated"
"3013",2025-06-25 19:00:58,32.188,86.1,"Tank3","Heated"
"3014",2025-06-25 19:05:58,32.188,96.9,"Tank3","Heated"
"3015",2025-06-25 19:10:58,32.497,43.1,"Tank3","Heated"
"3016",2025-06-25 19:15:58,32.394,75.3,"Tank3","Heated"
"3017",2025-06-25 19:20:58,32.291,21.5,"Tank3","Heated"
"3018",2025-06-25 19:25:58,32.188,64.6,"Tank3","Heated"
"3019",2025-06-25 19:30:58,32.291,21.5,"Tank3","Heated"
"3020",2025-06-25 19:35:58,32.497,21.5,"Tank3","Heated"
"3021",2025-06-25 19:40:58,32.394,21.5,"Tank3","Heated"
"3022",2025-06-25 19:45:58,32.291,10.8,"Tank3","Heated"
"3023",2025-06-25 19:50:58,32.086,0,"Tank3","Heated"
"3024",2025-06-25 19:55:58,32.394,0,"Tank3","Heated"
"3025",2025-06-25 20:00:58,32.394,0,"Tank3","Heated"
"3026",2025-06-25 20:05:58,32.291,0,"Tank3","Heated"
"3027",2025-06-25 20:10:58,32.188,0,"Tank3","Heated"
"3028",2025-06-25 20:15:58,32.188,0,"Tank3","Heated"
"3029",2025-06-25 20:20:58,32.497,0,"Tank3","Heated"
"3030",2025-06-25 20:25:58,32.394,0,"Tank3","Heated"
"3031",2025-06-25 20:30:58,32.291,0,"Tank3","Heated"
"3032",2025-06-25 20:35:58,32.188,0,"Tank3","Heated"
"3033",2025-06-25 20:40:58,32.394,0,"Tank3","Heated"
"3034",2025-06-25 20:45:58,32.394,0,"Tank3","Heated"
"3035",2025-06-25 20:50:58,32.291,0,"Tank3","Heated"
"3036",2025-06-25 20:55:58,32.188,0,"Tank3","Heated"
"3037",2025-06-25 21:00:58,32.188,0,"Tank3","Heated"
"3038",2025-06-25 21:05:58,32.497,0,"Tank3","Heated"
"3039",2025-06-25 21:10:58,32.394,0,"Tank3","Heated"
"3040",2025-06-25 21:15:58,32.188,0,"Tank3","Heated"
"3041",2025-06-25 21:20:58,32.086,0,"Tank3","Heated"
"3042",2025-06-25 21:25:58,32.394,0,"Tank3","Heated"
"3043",2025-06-25 21:30:58,32.394,0,"Tank3","Heated"
"3044",2025-06-25 21:35:58,32.291,0,"Tank3","Heated"
"3045",2025-06-25 21:40:58,32.188,0,"Tank3","Heated"
"3046",2025-06-25 21:45:58,32.291,0,"Tank3","Heated"
"3047",2025-06-25 21:50:58,32.497,0,"Tank3","Heated"
"3048",2025-06-25 21:55:58,32.291,0,"Tank3","Heated"
"3049",2025-06-25 22:00:58,32.188,0,"Tank3","Heated"
"3050",2025-06-25 22:05:58,32.291,21.5,"Tank3","Heated"
"3051",2025-06-25 22:10:58,32.497,10.8,"Tank3","Heated"
"3052",2025-06-25 22:15:58,32.394,10.8,"Tank3","Heated"
"3053",2025-06-25 22:20:58,32.291,10.8,"Tank3","Heated"
"3054",2025-06-25 22:25:58,32.497,0,"Tank3","Heated"
"3055",2025-06-25 22:30:58,32.497,0,"Tank3","Heated"
"3056",2025-06-25 22:35:58,32.497,0,"Tank3","Heated"
"3057",2025-06-25 22:40:58,32.291,0,"Tank3","Heated"
"3058",2025-06-25 22:45:58,32.291,0,"Tank3","Heated"
"3059",2025-06-25 22:50:58,32.497,0,"Tank3","Heated"
"3060",2025-06-25 22:55:58,32.497,0,"Tank3","Heated"
"3061",2025-06-25 23:00:58,32.394,0,"Tank3","Heated"
"3062",2025-06-25 23:05:58,32.291,0,"Tank3","Heated"
"3063",2025-06-25 23:10:58,32.497,0,"Tank3","Heated"
"3064",2025-06-25 23:15:58,32.497,0,"Tank3","Heated"
"3065",2025-06-25 23:20:58,32.394,0,"Tank3","Heated"
"3066",2025-06-25 23:25:58,32.291,0,"Tank3","Heated"
"3067",2025-06-25 23:30:58,32.291,0,"Tank3","Heated"
"3068",2025-06-25 23:35:58,32.6,0,"Tank3","Heated"
"3069",2025-06-25 23:40:58,32.497,0,"Tank3","Heated"
"3070",2025-06-25 23:45:58,32.394,0,"Tank3","Heated"
"3071",2025-06-25 23:50:58,32.291,0,"Tank3","Heated"
"3072",2025-06-25 23:55:58,32.394,0,"Tank3","Heated"
"3073",2025-06-26 00:00:58,32.6,0,"Tank3","Heated"
"3074",2025-06-26 00:05:58,32.497,0,"Tank3","Heated"
"3075",2025-06-26 00:10:58,32.394,0,"Tank3","Heated"
"3076",2025-06-26 00:15:58,32.291,0,"Tank3","Heated"
"3077",2025-06-26 00:20:58,32.497,0,"Tank3","Heated"
"3078",2025-06-26 00:25:58,32.497,0,"Tank3","Heated"
"3079",2025-06-26 00:30:58,32.497,0,"Tank3","Heated"
"3080",2025-06-26 00:35:58,32.394,0,"Tank3","Heated"
"3081",2025-06-26 00:40:58,32.291,0,"Tank3","Heated"
"3082",2025-06-26 00:45:58,32.497,0,"Tank3","Heated"
"3083",2025-06-26 00:50:58,32.497,0,"Tank3","Heated"
"3084",2025-06-26 00:55:58,32.394,0,"Tank3","Heated"
"3085",2025-06-26 01:00:58,32.291,0,"Tank3","Heated"
"3086",2025-06-26 01:05:58,32.394,0,"Tank3","Heated"
"3087",2025-06-26 01:10:58,32.497,0,"Tank3","Heated"
"3088",2025-06-26 01:15:58,32.497,0,"Tank3","Heated"
"3089",2025-06-26 01:20:58,32.394,0,"Tank3","Heated"
"3090",2025-06-26 01:25:58,32.291,0,"Tank3","Heated"
"3091",2025-06-26 01:30:58,32.497,0,"Tank3","Heated"
"3092",2025-06-26 01:35:58,32.497,0,"Tank3","Heated"
"3093",2025-06-26 01:40:58,32.394,0,"Tank3","Heated"
"3094",2025-06-26 01:45:58,32.291,0,"Tank3","Heated"
"3095",2025-06-26 01:50:58,32.291,0,"Tank3","Heated"
"3096",2025-06-26 01:55:58,32.497,0,"Tank3","Heated"
"3097",2025-06-26 02:00:58,32.497,0,"Tank3","Heated"
"3098",2025-06-26 02:05:58,32.394,0,"Tank3","Heated"
"3099",2025-06-26 02:10:58,32.291,0,"Tank3","Heated"
"3100",2025-06-26 02:15:58,32.497,0,"Tank3","Heated"
"3101",2025-06-26 02:20:58,32.6,0,"Tank3","Heated"
"3102",2025-06-26 02:25:58,32.497,0,"Tank3","Heated"
"3103",2025-06-26 02:30:58,32.291,0,"Tank3","Heated"
"3104",2025-06-26 02:35:58,32.291,0,"Tank3","Heated"
"3105",2025-06-26 02:40:58,32.497,0,"Tank3","Heated"
"3106",2025-06-26 02:45:58,32.497,0,"Tank3","Heated"
"3107",2025-06-26 02:50:58,32.394,0,"Tank3","Heated"
"3108",2025-06-26 02:55:58,32.291,0,"Tank3","Heated"
"3109",2025-06-26 03:00:58,32.497,0,"Tank3","Heated"
"3110",2025-06-26 03:05:58,32.497,0,"Tank3","Heated"
"3111",2025-06-26 03:10:58,32.394,0,"Tank3","Heated"
"3112",2025-06-26 03:15:58,32.291,0,"Tank3","Heated"
"3113",2025-06-26 03:20:58,32.394,0,"Tank3","Heated"
"3114",2025-06-26 03:25:58,32.497,0,"Tank3","Heated"
"3115",2025-06-26 03:30:58,32.497,0,"Tank3","Heated"
"3116",2025-06-26 03:35:58,32.394,0,"Tank3","Heated"
"3117",2025-06-26 03:40:58,32.291,0,"Tank3","Heated"
"3118",2025-06-26 03:45:58,32.497,0,"Tank3","Heated"
"3119",2025-06-26 03:50:58,32.497,0,"Tank3","Heated"
"3120",2025-06-26 03:55:58,32.394,0,"Tank3","Heated"
"3121",2025-06-26 04:00:58,32.291,0,"Tank3","Heated"
"3122",2025-06-26 04:05:58,32.291,0,"Tank3","Heated"
"3123",2025-06-26 04:10:58,32.497,0,"Tank3","Heated"
"3124",2025-06-26 04:15:58,32.497,0,"Tank3","Heated"
"3125",2025-06-26 04:20:58,32.394,0,"Tank3","Heated"
"3126",2025-06-26 04:25:58,32.291,0,"Tank3","Heated"
"3127",2025-06-26 04:30:58,32.497,0,"Tank3","Heated"
"3128",2025-06-26 04:35:58,32.497,0,"Tank3","Heated"
"3129",2025-06-26 04:40:58,32.394,0,"Tank3","Heated"
"3130",2025-06-26 04:45:58,32.291,0,"Tank3","Heated"
"3131",2025-06-26 04:50:58,32.291,0,"Tank3","Heated"
"3132",2025-06-26 04:55:58,32.6,0,"Tank3","Heated"
"3133",2025-06-26 05:00:58,32.497,0,"Tank3","Heated"
"3134",2025-06-26 05:05:58,32.394,0,"Tank3","Heated"
"3135",2025-06-26 05:10:58,32.291,0,"Tank3","Heated"
"3136",2025-06-26 05:15:58,32.394,0,"Tank3","Heated"
"3137",2025-06-26 05:20:58,32.497,0,"Tank3","Heated"
"3138",2025-06-26 05:25:58,32.497,0,"Tank3","Heated"
"3139",2025-06-26 05:30:58,32.291,0,"Tank3","Heated"
"3140",2025-06-26 05:35:58,32.291,0,"Tank3","Heated"
"3141",2025-06-26 05:40:58,32.497,0,"Tank3","Heated"
"3142",2025-06-26 05:45:58,32.497,0,"Tank3","Heated"
"3143",2025-06-26 05:50:58,32.394,0,"Tank3","Heated"
"3144",2025-06-26 05:55:58,32.291,0,"Tank3","Heated"
"3145",2025-06-26 06:00:58,32.394,0,"Tank3","Heated"
"3146",2025-06-26 06:05:58,32.497,0,"Tank3","Heated"
"3147",2025-06-26 06:10:58,32.497,0,"Tank3","Heated"
"3148",2025-06-26 06:15:58,32.291,0,"Tank3","Heated"
"3149",2025-06-26 06:20:58,32.291,0,"Tank3","Heated"
"3150",2025-06-26 06:25:58,32.497,0,"Tank3","Heated"
"3151",2025-06-26 06:30:58,32.497,0,"Tank3","Heated"
"3152",2025-06-26 06:35:58,32.394,0,"Tank3","Heated"
"3153",2025-06-26 06:40:58,32.291,0,"Tank3","Heated"
"3154",2025-06-26 06:45:58,32.394,0,"Tank3","Heated"
"3155",2025-06-26 06:50:58,32.6,0,"Tank3","Heated"
"3156",2025-06-26 06:55:58,32.497,0,"Tank3","Heated"
"3157",2025-06-26 07:00:58,32.291,0,"Tank3","Heated"
"3158",2025-06-26 07:05:58,32.291,0,"Tank3","Heated"
"3159",2025-06-26 07:10:58,32.497,0,"Tank3","Heated"
"3160",2025-06-26 07:15:58,32.497,0,"Tank3","Heated"
"3161",2025-06-26 07:20:58,32.394,0,"Tank3","Heated"
"3162",2025-06-26 07:25:58,32.291,0,"Tank3","Heated"
"3163",2025-06-26 07:30:58,32.394,0,"Tank3","Heated"
"3164",2025-06-26 07:35:58,32.6,0,"Tank3","Heated"
"3165",2025-06-26 07:40:58,32.497,0,"Tank3","Heated"
"3166",2025-06-26 07:45:58,32.291,0,"Tank3","Heated"
"3167",2025-06-26 07:50:58,32.291,0,"Tank3","Heated"
"3168",2025-06-26 07:55:58,32.497,0,"Tank3","Heated"
"3169",2025-06-26 08:00:58,32.497,0,"Tank3","Heated"
"3170",2025-06-26 08:05:58,32.394,0,"Tank3","Heated"
"3171",2025-06-26 08:10:58,32.291,0,"Tank3","Heated"
"3172",2025-06-26 08:15:58,32.394,0,"Tank3","Heated"
"3173",2025-06-26 08:20:58,32.497,0,"Tank3","Heated"
"3174",2025-06-26 08:25:58,32.394,0,"Tank3","Heated"
"3175",2025-06-26 08:30:58,32.291,0,"Tank3","Heated"
"3176",2025-06-26 08:35:58,32.497,21.5,"Tank3","Heated"
"3177",2025-06-26 08:40:58,32.497,21.5,"Tank3","Heated"
"3178",2025-06-26 08:45:58,32.497,21.5,"Tank3","Heated"
"3179",2025-06-26 08:50:58,32.291,10.8,"Tank3","Heated"
"3180",2025-06-26 08:55:58,32.291,21.5,"Tank3","Heated"
"3181",2025-06-26 09:00:58,32.6,215.3,"Tank3","Heated"
"3182",2025-06-26 09:05:58,32.6,215.3,"Tank3","Heated"
"3183",2025-06-26 09:10:58,32.497,150.7,"Tank3","Heated"
"3184",2025-06-26 09:15:58,32.394,204.5,"Tank3","Heated"
"3185",2025-06-26 09:20:58,32.291,236.8,"Tank3","Heated"
"3186",2025-06-26 09:25:58,32.6,204.5,"Tank3","Heated"
"3187",2025-06-26 09:30:58,32.6,226,"Tank3","Heated"
"3188",2025-06-26 09:35:58,32.497,236.8,"Tank3","Heated"
"3189",2025-06-26 09:40:58,32.291,258.3,"Tank3","Heated"
"3190",2025-06-26 09:45:58,32.6,279.9,"Tank3","Heated"
"3191",2025-06-26 09:50:58,32.6,301.4,"Tank3","Heated"
"3192",2025-06-26 09:55:58,32.497,247.6,"Tank3","Heated"
"3193",2025-06-26 10:00:58,32.394,312.2,"Tank3","Heated"
"3194",2025-06-26 10:05:58,32.394,301.4,"Tank3","Heated"
"3195",2025-06-26 10:10:58,32.6,366,"Tank3","Heated"
"3196",2025-06-26 10:15:58,32.6,366,"Tank3","Heated"
"3197",2025-06-26 10:20:58,32.497,387.5,"Tank3","Heated"
"3198",2025-06-26 10:25:58,32.394,387.5,"Tank3","Heated"
"3199",2025-06-26 10:30:58,32.394,452.1,"Tank3","Heated"
"3200",2025-06-26 10:35:58,32.6,516.7,"Tank3","Heated"
"3201",2025-06-26 10:40:58,32.497,430.6,"Tank3","Heated"
"3202",2025-06-26 10:45:58,32.394,570.5,"Tank3","Heated"
"3203",2025-06-26 10:50:58,32.291,505.9,"Tank3","Heated"
"3204",2025-06-26 10:55:58,32.6,570.5,"Tank3","Heated"
"3205",2025-06-26 11:00:58,32.6,624.3,"Tank3","Heated"
"3206",2025-06-26 11:05:58,32.497,667.4,"Tank3","Heated"
"3207",2025-06-26 11:10:58,32.394,602.8,"Tank3","Heated"
"3208",2025-06-26 11:15:58,32.291,667.4,"Tank3","Heated"
"3209",2025-06-26 11:20:58,32.6,667.4,"Tank3","Heated"
"3210",2025-06-26 11:25:58,32.6,678.1,"Tank3","Heated"
"3211",2025-06-26 11:30:58,32.6,721.2,"Tank3","Heated"
"3212",2025-06-26 11:35:58,32.497,764.2,"Tank3","Heated"
"3213",2025-06-26 11:40:58,32.394,731.9,"Tank3","Heated"
"3214",2025-06-26 11:45:58,32.6,785.8,"Tank3","Heated"
"3215",2025-06-26 11:50:58,32.704,731.9,"Tank3","Heated"
"3216",2025-06-26 11:55:58,32.497,764.2,"Tank3","Heated"
"3217",2025-06-26 12:00:58,32.394,828.8,"Tank3","Heated"
"3218",2025-06-26 12:05:58,32.497,807.3,"Tank3","Heated"
"3219",2025-06-26 12:10:58,32.704,882.6,"Tank3","Heated"
"3220",2025-06-26 12:15:58,32.6,785.8,"Tank3","Heated"
"3221",2025-06-26 12:20:58,32.497,775,"Tank3","Heated"
"3222",2025-06-26 12:25:58,32.394,818.1,"Tank3","Heated"
"3223",2025-06-26 12:30:58,32.6,839.6,"Tank3","Heated"
"3224",2025-06-26 12:35:58,32.6,828.8,"Tank3","Heated"
"3225",2025-06-26 12:40:58,32.6,839.6,"Tank3","Heated"
"3226",2025-06-26 12:45:58,32.497,796.5,"Tank3","Heated"
"3227",2025-06-26 12:50:58,32.394,21.5,"Tank3","Heated"
"3228",2025-06-26 12:55:58,32.497,0,"Tank3","Heated"
"3229",2025-06-26 13:00:58,32.6,0,"Tank3","Heated"
"3230",2025-06-26 13:05:58,32.497,0,"Tank3","Heated"
"3231",2025-06-26 13:10:58,32.394,0,"Tank3","Heated"
"3232",2025-06-26 13:15:58,32.291,0,"Tank3","Heated"
"3233",2025-06-26 13:20:58,32.497,0,"Tank3","Heated"
"3234",2025-06-26 13:25:58,32.6,0,"Tank3","Heated"
"3235",2025-06-26 13:30:58,32.6,796.5,"Tank3","Heated"
"3236",2025-06-26 13:35:58,32.497,818.1,"Tank3","Heated"
"3237",2025-06-26 13:40:58,32.394,807.3,"Tank3","Heated"
"3238",2025-06-26 13:45:58,32.6,807.3,"Tank3","Heated"
"3239",2025-06-26 13:50:58,32.704,861.1,"Tank3","Heated"
"3240",2025-06-26 13:55:58,32.6,850.4,"Tank3","Heated"
"3241",2025-06-26 14:00:58,32.497,796.5,"Tank3","Heated"
"3242",2025-06-26 14:05:58,32.394,764.2,"Tank3","Heated"
"3243",2025-06-26 14:10:58,32.6,871.9,"Tank3","Heated"
"3244",2025-06-26 14:15:58,32.704,807.3,"Tank3","Heated"
"3245",2025-06-26 14:20:58,32.6,871.9,"Tank3","Heated"
"3246",2025-06-26 14:25:58,32.497,850.4,"Tank3","Heated"
"3247",2025-06-26 14:30:58,32.394,807.3,"Tank3","Heated"
"3248",2025-06-26 14:35:58,32.6,828.8,"Tank3","Heated"
"3249",2025-06-26 14:40:58,32.704,828.8,"Tank3","Heated"
"3250",2025-06-26 14:45:58,32.6,785.8,"Tank3","Heated"
"3251",2025-06-26 14:50:58,32.497,764.2,"Tank3","Heated"
"3252",2025-06-26 14:55:58,32.394,796.5,"Tank3","Heated"
"3253",2025-06-26 15:00:58,32.497,818.1,"Tank3","Heated"
"3254",2025-06-26 15:05:58,32.704,871.9,"Tank3","Heated"
"3255",2025-06-26 15:10:58,32.6,861.1,"Tank3","Heated"
"3256",2025-06-26 15:15:58,32.497,818.1,"Tank3","Heated"
"3257",2025-06-26 15:20:58,32.394,785.8,"Tank3","Heated"
"3258",2025-06-26 15:25:58,32.497,818.1,"Tank3","Heated"
"3259",2025-06-26 15:30:58,32.704,807.3,"Tank3","Heated"
"3260",2025-06-26 15:35:58,32.6,785.8,"Tank3","Heated"
"3261",2025-06-26 15:40:58,32.497,871.9,"Tank3","Heated"
"3262",2025-06-26 15:45:58,32.394,893.4,"Tank3","Heated"
"3263",2025-06-26 15:50:58,32.394,947.2,"Tank3","Heated"
"3264",2025-06-26 15:55:58,32.704,796.5,"Tank3","Heated"
"3265",2025-06-26 16:00:58,32.6,710.4,"Tank3","Heated"
"3266",2025-06-26 16:05:58,32.497,764.2,"Tank3","Heated"
"3267",2025-06-26 16:10:58,32.394,753.5,"Tank3","Heated"
"3268",2025-06-26 16:15:58,32.497,796.5,"Tank3","Heated"
"3269",2025-06-26 16:20:58,32.704,731.9,"Tank3","Heated"
"3270",2025-06-26 16:25:58,32.6,753.5,"Tank3","Heated"
"3271",2025-06-26 16:30:58,32.497,602.8,"Tank3","Heated"
"3272",2025-06-26 16:35:58,32.291,581.3,"Tank3","Heated"
"3273",2025-06-26 16:40:58,32.497,592,"Tank3","Heated"
"3274",2025-06-26 16:45:58,32.6,581.3,"Tank3","Heated"
"3275",2025-06-26 16:50:58,32.6,538.2,"Tank3","Heated"
"3276",2025-06-26 16:55:58,32.394,484.4,"Tank3","Heated"
"3277",2025-06-26 17:00:58,32.188,441.3,"Tank3","Heated"
"3278",2025-06-26 17:05:58,32.394,387.5,"Tank3","Heated"
"3279",2025-06-26 17:10:58,32.497,366,"Tank3","Heated"
"3280",2025-06-26 17:15:58,32.394,387.5,"Tank3","Heated"
"3281",2025-06-26 17:20:58,32.291,312.2,"Tank3","Heated"
"3282",2025-06-26 17:25:58,32.291,333.7,"Tank3","Heated"
"3283",2025-06-26 17:30:58,32.497,344.4,"Tank3","Heated"
"3284",2025-06-26 17:35:58,32.497,290.6,"Tank3","Heated"
"3285",2025-06-26 17:40:58,32.291,290.6,"Tank3","Heated"
"3286",2025-06-26 17:45:58,32.188,290.6,"Tank3","Heated"
"3287",2025-06-26 17:50:58,32.497,290.6,"Tank3","Heated"
"3288",2025-06-26 17:55:58,32.497,226,"Tank3","Heated"
"3289",2025-06-26 18:00:58,32.394,193.8,"Tank3","Heated"
"3290",2025-06-26 18:05:58,32.188,193.8,"Tank3","Heated"
"3291",2025-06-26 18:10:58,32.291,161.5,"Tank3","Heated"
"3292",2025-06-26 18:15:58,32.497,204.5,"Tank3","Heated"
"3293",2025-06-26 18:20:58,32.394,118.4,"Tank3","Heated"
"3294",2025-06-26 18:25:58,32.291,129.2,"Tank3","Heated"
"3295",2025-06-26 18:30:58,32.188,118.4,"Tank3","Heated"
"3296",2025-06-26 18:35:58,32.497,129.2,"Tank3","Heated"
"3297",2025-06-26 18:40:58,32.497,86.1,"Tank3","Heated"
"3298",2025-06-26 18:45:58,32.291,118.4,"Tank3","Heated"
"3299",2025-06-26 18:50:58,32.188,107.6,"Tank3","Heated"
"3300",2025-06-26 18:55:58,32.497,107.6,"Tank3","Heated"
"3301",2025-06-26 19:00:58,32.497,86.1,"Tank3","Heated"
"3302",2025-06-26 19:05:58,32.394,75.3,"Tank3","Heated"
"3303",2025-06-26 19:10:58,32.188,53.8,"Tank3","Heated"
"3304",2025-06-26 19:15:58,32.394,96.9,"Tank3","Heated"
"3305",2025-06-26 19:20:58,32.497,53.8,"Tank3","Heated"
"3306",2025-06-26 19:25:58,32.394,32.3,"Tank3","Heated"
"3307",2025-06-26 19:30:58,32.291,10.8,"Tank3","Heated"
"3308",2025-06-26 19:35:58,32.188,53.8,"Tank3","Heated"
"3309",2025-06-26 19:40:58,32.497,0,"Tank3","Heated"
"3310",2025-06-26 19:45:58,32.394,0,"Tank3","Heated"
"3311",2025-06-26 19:50:58,32.291,0,"Tank3","Heated"
"3312",2025-06-26 19:55:58,32.188,0,"Tank3","Heated"
"3313",2025-06-26 20:00:58,32.497,0,"Tank3","Heated"
"3314",2025-06-26 20:05:58,32.497,0,"Tank3","Heated"
"3315",2025-06-26 20:10:58,32.291,0,"Tank3","Heated"
"3316",2025-06-26 20:15:58,32.188,0,"Tank3","Heated"
"3317",2025-06-26 20:20:58,32.394,0,"Tank3","Heated"
"3318",2025-06-26 20:25:58,32.497,0,"Tank3","Heated"
"3319",2025-06-26 20:30:58,32.394,0,"Tank3","Heated"
"3320",2025-06-26 20:35:58,32.188,0,"Tank3","Heated"
"3321",2025-06-26 20:40:58,32.291,0,"Tank3","Heated"
"3322",2025-06-26 20:45:58,32.497,0,"Tank3","Heated"
"3323",2025-06-26 20:50:58,32.394,0,"Tank3","Heated"
"3324",2025-06-26 20:55:58,32.291,0,"Tank3","Heated"
"3325",2025-06-26 21:00:58,32.188,0,"Tank3","Heated"
"3326",2025-06-26 21:05:58,32.497,0,"Tank3","Heated"
"3327",2025-06-26 21:10:58,32.394,0,"Tank3","Heated"
"3328",2025-06-26 21:15:58,32.291,0,"Tank3","Heated"
"3329",2025-06-26 21:20:58,32.188,0,"Tank3","Heated"
"3330",2025-06-26 21:25:58,32.497,0,"Tank3","Heated"
"3331",2025-06-26 21:30:58,32.497,0,"Tank3","Heated"
"3332",2025-06-26 21:35:58,32.394,0,"Tank3","Heated"
"3333",2025-06-26 21:40:58,32.291,0,"Tank3","Heated"
"3334",2025-06-26 21:45:58,32.291,0,"Tank3","Heated"
"3335",2025-06-26 21:50:58,32.497,0,"Tank3","Heated"
"3336",2025-06-26 21:55:58,32.497,0,"Tank3","Heated"
"3337",2025-06-26 22:00:58,32.291,0,"Tank3","Heated"
"3338",2025-06-26 22:05:58,32.188,0,"Tank3","Heated"
"3339",2025-06-26 22:10:58,32.394,0,"Tank3","Heated"
"3340",2025-06-26 22:15:58,32.497,0,"Tank3","Heated"
"3341",2025-06-26 22:20:58,32.394,0,"Tank3","Heated"
"3342",2025-06-26 22:25:58,32.291,0,"Tank3","Heated"
"3343",2025-06-26 22:30:58,32.188,0,"Tank3","Heated"
"3344",2025-06-26 22:35:58,32.497,0,"Tank3","Heated"
"3345",2025-06-26 22:40:58,32.497,0,"Tank3","Heated"
"3346",2025-06-26 22:45:58,32.394,0,"Tank3","Heated"
"3347",2025-06-26 22:50:58,32.188,0,"Tank3","Heated"
"3348",2025-06-26 22:55:58,32.394,0,"Tank3","Heated"
"3349",2025-06-26 23:00:58,32.497,0,"Tank3","Heated"
"3350",2025-06-26 23:05:58,32.394,0,"Tank3","Heated"
"3351",2025-06-26 23:10:58,32.291,0,"Tank3","Heated"
"3352",2025-06-26 23:15:58,32.188,0,"Tank3","Heated"
"3353",2025-06-26 23:20:58,32.497,0,"Tank3","Heated"
"3354",2025-06-26 23:25:58,32.497,0,"Tank3","Heated"
"3355",2025-06-26 23:30:58,32.394,0,"Tank3","Heated"
"3356",2025-06-26 23:35:58,32.188,0,"Tank3","Heated"
"3357",2025-06-26 23:40:58,32.291,0,"Tank3","Heated"
"3358",2025-06-26 23:45:58,32.497,0,"Tank3","Heated"
"3359",2025-06-26 23:50:58,32.394,0,"Tank3","Heated"
"3360",2025-06-26 23:55:58,32.291,0,"Tank3","Heated"
"3361",2025-06-27 00:00:58,32.188,0,"Tank3","Heated"
"3362",2025-06-27 00:05:58,32.497,0,"Tank3","Heated"
"3363",2025-06-27 00:10:58,32.497,0,"Tank3","Heated"
"3364",2025-06-27 00:15:58,32.394,0,"Tank3","Heated"
"3365",2025-06-27 00:20:58,32.291,0,"Tank3","Heated"
"3366",2025-06-27 00:25:58,32.291,0,"Tank3","Heated"
"3367",2025-06-27 00:30:58,32.497,0,"Tank3","Heated"
"3368",2025-06-27 00:35:58,32.497,0,"Tank3","Heated"
"3369",2025-06-27 00:40:58,32.291,0,"Tank3","Heated"
"3370",2025-06-27 00:45:58,32.188,0,"Tank3","Heated"
"3371",2025-06-27 00:50:58,32.394,0,"Tank3","Heated"
"3372",2025-06-27 00:55:58,32.497,0,"Tank3","Heated"
"3373",2025-06-27 01:00:58,32.497,0,"Tank3","Heated"
"3374",2025-06-27 01:05:58,32.394,0,"Tank3","Heated"
"3375",2025-06-27 01:10:58,32.291,0,"Tank3","Heated"
"3376",2025-06-27 01:15:58,32.188,0,"Tank3","Heated"
"3377",2025-06-27 01:20:58,32.497,0,"Tank3","Heated"
"3378",2025-06-27 01:25:58,32.497,0,"Tank3","Heated"
"3379",2025-06-27 01:30:58,32.394,0,"Tank3","Heated"
"3380",2025-06-27 01:35:58,32.291,0,"Tank3","Heated"
"3381",2025-06-27 01:40:58,32.188,0,"Tank3","Heated"
"3382",2025-06-27 01:45:58,32.394,0,"Tank3","Heated"
"3383",2025-06-27 01:50:58,32.497,0,"Tank3","Heated"
"3384",2025-06-27 01:55:58,32.497,0,"Tank3","Heated"
"3385",2025-06-27 02:00:58,32.394,0,"Tank3","Heated"
"3386",2025-06-27 02:05:58,32.291,0,"Tank3","Heated"
"3387",2025-06-27 02:10:58,32.188,0,"Tank3","Heated"
"3388",2025-06-27 02:15:58,32.497,0,"Tank3","Heated"
"3389",2025-06-27 02:20:58,32.497,0,"Tank3","Heated"
"3390",2025-06-27 02:25:58,32.394,0,"Tank3","Heated"
"3391",2025-06-27 02:30:58,32.291,0,"Tank3","Heated"
"3392",2025-06-27 02:35:58,32.188,0,"Tank3","Heated"
"3393",2025-06-27 02:40:58,32.291,0,"Tank3","Heated"
"3394",2025-06-27 02:45:58,32.497,0,"Tank3","Heated"
"3395",2025-06-27 02:50:58,32.497,0,"Tank3","Heated"
"3396",2025-06-27 02:55:58,32.394,0,"Tank3","Heated"
"3397",2025-06-27 03:00:58,32.291,0,"Tank3","Heated"
"3398",2025-06-27 03:05:58,32.188,0,"Tank3","Heated"
"3399",2025-06-27 03:10:58,32.497,0,"Tank3","Heated"
"3400",2025-06-27 03:15:58,32.497,0,"Tank3","Heated"
"3401",2025-06-27 03:20:58,32.394,0,"Tank3","Heated"
"3402",2025-06-27 03:25:58,32.291,0,"Tank3","Heated"
"3403",2025-06-27 03:30:58,32.188,0,"Tank3","Heated"
"3404",2025-06-27 03:35:58,32.394,0,"Tank3","Heated"
"3405",2025-06-27 03:40:58,32.497,0,"Tank3","Heated"
"3406",2025-06-27 03:45:58,32.497,0,"Tank3","Heated"
"3407",2025-06-27 03:50:58,32.291,0,"Tank3","Heated"
"3408",2025-06-27 03:55:58,32.291,0,"Tank3","Heated"
"3409",2025-06-27 04:00:58,32.291,0,"Tank3","Heated"
"3410",2025-06-27 04:05:58,32.497,0,"Tank3","Heated"
"3411",2025-06-27 04:10:58,32.497,0,"Tank3","Heated"
"3412",2025-06-27 04:15:58,32.394,0,"Tank3","Heated"
"3413",2025-06-27 04:20:58,32.291,0,"Tank3","Heated"
"3414",2025-06-27 04:25:58,32.188,0,"Tank3","Heated"
"3415",2025-06-27 04:30:58,32.497,0,"Tank3","Heated"
"3416",2025-06-27 04:35:58,32.497,0,"Tank3","Heated"
"3417",2025-06-27 04:40:58,32.394,0,"Tank3","Heated"
"3418",2025-06-27 04:45:58,32.291,0,"Tank3","Heated"
"3419",2025-06-27 04:50:58,32.188,0,"Tank3","Heated"
"3420",2025-06-27 04:55:58,32.394,0,"Tank3","Heated"
"3421",2025-06-27 05:00:58,32.497,0,"Tank3","Heated"
"3422",2025-06-27 05:05:58,32.497,0,"Tank3","Heated"
"3423",2025-06-27 05:10:58,32.394,0,"Tank3","Heated"
"3424",2025-06-27 05:15:58,32.291,0,"Tank3","Heated"
"3425",2025-06-27 05:20:58,32.188,0,"Tank3","Heated"
"3426",2025-06-27 05:25:58,32.497,0,"Tank3","Heated"
"3427",2025-06-27 05:30:58,32.497,0,"Tank3","Heated"
"3428",2025-06-27 05:35:58,32.394,0,"Tank3","Heated"
"3429",2025-06-27 05:40:58,32.291,0,"Tank3","Heated"
"3430",2025-06-27 05:45:58,32.188,0,"Tank3","Heated"
"3431",2025-06-27 05:50:58,32.497,0,"Tank3","Heated"
"3432",2025-06-27 05:55:58,32.497,0,"Tank3","Heated"
"3433",2025-06-27 06:00:58,32.394,0,"Tank3","Heated"
"3434",2025-06-27 06:05:58,32.291,0,"Tank3","Heated"
"3435",2025-06-27 06:10:58,32.291,0,"Tank3","Heated"
"3436",2025-06-27 06:15:58,32.291,0,"Tank3","Heated"
"3437",2025-06-27 06:20:58,32.497,0,"Tank3","Heated"
"3438",2025-06-27 06:25:58,32.497,0,"Tank3","Heated"
"3439",2025-06-27 06:30:58,32.394,0,"Tank3","Heated"
"3440",2025-06-27 06:35:58,32.291,0,"Tank3","Heated"
"3441",2025-06-27 06:40:58,32.188,0,"Tank3","Heated"
"3442",2025-06-27 06:45:58,32.497,0,"Tank3","Heated"
"3443",2025-06-27 06:50:58,32.497,0,"Tank3","Heated"
"3444",2025-06-27 06:55:58,32.394,0,"Tank3","Heated"
"3445",2025-06-27 07:00:58,32.291,0,"Tank3","Heated"
"3446",2025-06-27 07:05:58,32.188,0,"Tank3","Heated"
"3447",2025-06-27 07:10:58,32.394,0,"Tank3","Heated"
"3448",2025-06-27 07:15:58,32.497,0,"Tank3","Heated"
"3449",2025-06-27 07:20:58,32.497,0,"Tank3","Heated"
"3450",2025-06-27 07:25:58,32.291,0,"Tank3","Heated"
"3451",2025-06-27 07:30:58,32.291,0,"Tank3","Heated"
"3452",2025-06-27 07:35:58,32.291,0,"Tank3","Heated"
"3453",2025-06-27 07:40:58,32.497,0,"Tank3","Heated"
"3454",2025-06-27 07:45:58,32.497,0,"Tank3","Heated"
"3455",2025-06-27 07:50:58,32.394,0,"Tank3","Heated"
"3456",2025-06-27 07:55:58,32.291,0,"Tank3","Heated"
"3457",2025-06-27 08:00:58,32.188,0,"Tank3","Heated"
"3458",2025-06-27 08:05:58,32.497,0,"Tank3","Heated"
"3459",2025-06-27 08:10:58,32.497,0,"Tank3","Heated"
"3460",2025-06-27 08:15:58,32.394,0,"Tank3","Heated"
"3461",2025-06-27 08:20:58,32.291,0,"Tank3","Heated"
"3462",2025-06-27 08:25:58,32.188,21.5,"Tank3","Heated"
"3463",2025-06-27 08:30:58,32.497,43.1,"Tank3","Heated"
"3464",2025-06-27 08:35:58,32.497,21.5,"Tank3","Heated"
"3465",2025-06-27 08:40:58,32.394,75.3,"Tank3","Heated"
"3466",2025-06-27 08:45:58,32.291,32.3,"Tank3","Heated"
"3467",2025-06-27 08:50:58,32.188,64.6,"Tank3","Heated"
"3468",2025-06-27 08:55:58,32.394,86.1,"Tank3","Heated"
"3469",2025-06-27 09:00:58,32.497,86.1,"Tank3","Heated"
"3470",2025-06-27 09:05:58,32.497,139.9,"Tank3","Heated"
"3471",2025-06-27 09:10:58,32.394,86.1,"Tank3","Heated"
"3472",2025-06-27 09:15:58,32.291,75.3,"Tank3","Heated"
"3473",2025-06-27 09:20:58,32.291,161.5,"Tank3","Heated"
"3474",2025-06-27 09:25:58,32.497,172.2,"Tank3","Heated"
"3475",2025-06-27 09:30:58,32.497,139.9,"Tank3","Heated"
"3476",2025-06-27 09:35:58,32.394,236.8,"Tank3","Heated"
"3477",2025-06-27 09:40:58,32.291,215.3,"Tank3","Heated"
"3478",2025-06-27 09:45:58,32.291,204.5,"Tank3","Heated"
"3479",2025-06-27 09:50:58,32.497,204.5,"Tank3","Heated"
"3480",2025-06-27 09:55:58,32.497,312.2,"Tank3","Heated"
"3481",2025-06-27 10:00:58,32.394,269.1,"Tank3","Heated"
"3482",2025-06-27 10:05:58,32.291,279.9,"Tank3","Heated"
"3483",2025-06-27 10:10:58,32.291,258.3,"Tank3","Heated"
"3484",2025-06-27 10:15:58,32.497,290.6,"Tank3","Heated"
"3485",2025-06-27 10:20:58,32.497,301.4,"Tank3","Heated"
"3486",2025-06-27 10:25:58,32.394,344.4,"Tank3","Heated"
"3487",2025-06-27 10:30:58,32.291,366,"Tank3","Heated"
"3488",2025-06-27 10:35:58,32.291,344.4,"Tank3","Heated"
"3489",2025-06-27 10:40:58,32.497,387.5,"Tank3","Heated"
"3490",2025-06-27 10:45:58,32.497,387.5,"Tank3","Heated"
"3491",2025-06-27 10:50:58,32.394,430.6,"Tank3","Heated"
"3492",2025-06-27 10:55:58,32.291,387.5,"Tank3","Heated"
"3493",2025-06-27 11:00:58,32.291,473.6,"Tank3","Heated"
"3494",2025-06-27 11:05:58,32.497,495.1,"Tank3","Heated"
"3495",2025-06-27 11:10:58,32.497,473.6,"Tank3","Heated"
"3496",2025-06-27 11:15:58,32.394,473.6,"Tank3","Heated"
"3497",2025-06-27 11:20:58,32.291,473.6,"Tank3","Heated"
"3498",2025-06-27 11:25:58,32.291,495.1,"Tank3","Heated"
"3499",2025-06-27 11:30:58,32.497,495.1,"Tank3","Heated"
"3500",2025-06-27 11:35:58,32.497,527.4,"Tank3","Heated"
"3501",2025-06-27 11:40:58,32.394,538.2,"Tank3","Heated"
"3502",2025-06-27 11:45:58,32.291,559.7,"Tank3","Heated"
"3503",2025-06-27 11:50:58,32.291,613.5,"Tank3","Heated"
"3504",2025-06-27 11:55:58,32.497,581.3,"Tank3","Heated"
"3505",2025-06-27 12:00:58,32.497,624.3,"Tank3","Heated"
"3506",2025-06-27 12:05:58,32.394,635.1,"Tank3","Heated"
"3507",2025-06-27 12:10:58,32.291,602.8,"Tank3","Heated"
"3508",2025-06-27 12:15:58,32.394,624.3,"Tank3","Heated"
"3509",2025-06-27 12:20:58,32.6,624.3,"Tank3","Heated"
"3510",2025-06-27 12:25:58,32.497,624.3,"Tank3","Heated"
"3511",2025-06-27 12:30:58,32.394,645.8,"Tank3","Heated"
"3512",2025-06-27 12:35:58,32.704,667.4,"Tank3","Heated"
"3513",2025-06-27 12:40:58,32.6,678.1,"Tank3","Heated"
"3514",2025-06-27 12:45:58,32.497,667.4,"Tank3","Heated"
"3515",2025-06-27 12:50:58,32.394,667.4,"Tank3","Heated"
"3516",2025-06-27 12:55:58,32.6,678.1,"Tank3","Heated"
"3517",2025-06-27 13:00:58,32.6,635.1,"Tank3","Heated"
"3518",2025-06-27 13:05:58,32.497,656.6,"Tank3","Heated"
"3519",2025-06-27 13:10:58,32.394,645.8,"Tank3","Heated"
"3520",2025-06-27 13:15:58,32.704,678.1,"Tank3","Heated"
"3521",2025-06-27 13:20:58,32.6,667.4,"Tank3","Heated"
"3522",2025-06-27 13:25:58,32.497,656.6,"Tank3","Heated"
"3523",2025-06-27 13:30:58,32.394,635.1,"Tank3","Heated"
"3524",2025-06-27 13:35:58,32.497,667.4,"Tank3","Heated"
"3525",2025-06-27 13:40:58,32.704,688.9,"Tank3","Heated"
"3526",2025-06-27 13:45:58,32.6,678.1,"Tank3","Heated"
"3527",2025-06-27 13:50:58,32.497,635.1,"Tank3","Heated"
"3528",2025-06-27 13:55:58,32.394,775,"Tank3","Heated"
"3529",2025-06-27 14:00:58,32.497,818.1,"Tank3","Heated"
"3530",2025-06-27 14:05:58,32.291,904.2,"Tank3","Heated"
"3531",2025-06-27 14:10:58,32.394,818.1,"Tank3","Heated"
"3532",2025-06-27 14:15:58,32.704,818.1,"Tank3","Heated"
"3533",2025-06-27 14:20:58,32.704,828.8,"Tank3","Heated"
"3534",2025-06-27 14:25:58,32.6,871.9,"Tank3","Heated"
"3535",2025-06-27 14:30:58,32.394,796.5,"Tank3","Heated"
"3536",2025-06-27 14:35:58,32.497,850.4,"Tank3","Heated"
"3537",2025-06-27 14:40:58,32.704,882.6,"Tank3","Heated"
"3538",2025-06-27 14:45:58,32.497,828.8,"Tank3","Heated"
"3539",2025-06-27 14:50:58,32.394,807.3,"Tank3","Heated"
"3540",2025-06-27 14:55:58,32.6,861.1,"Tank3","Heated"
"3541",2025-06-27 15:00:58,32.704,850.4,"Tank3","Heated"
"3542",2025-06-27 15:05:58,32.6,721.2,"Tank3","Heated"
"3543",2025-06-27 15:10:58,32.394,721.2,"Tank3","Heated"
"3544",2025-06-27 15:15:58,32.6,807.3,"Tank3","Heated"
"3545",2025-06-27 15:20:58,32.704,753.5,"Tank3","Heated"
"3546",2025-06-27 15:25:58,32.6,764.2,"Tank3","Heated"
"3547",2025-06-27 15:30:58,32.497,775,"Tank3","Heated"
"3548",2025-06-27 15:35:58,32.394,764.2,"Tank3","Heated"
"3549",2025-06-27 15:40:58,32.704,775,"Tank3","Heated"
"3550",2025-06-27 15:45:58,32.704,807.3,"Tank3","Heated"
"3551",2025-06-27 15:50:58,32.6,796.5,"Tank3","Heated"
"3552",2025-06-27 15:55:58,32.497,785.8,"Tank3","Heated"
"3553",2025-06-27 16:00:58,32.497,775,"Tank3","Heated"
"3554",2025-06-27 16:05:58,32.704,764.2,"Tank3","Heated"
"3555",2025-06-27 16:10:58,32.704,731.9,"Tank3","Heated"
"3556",2025-06-27 16:15:58,32.497,742.7,"Tank3","Heated"
"3557",2025-06-27 16:20:58,32.394,699.7,"Tank3","Heated"
"3558",2025-06-27 16:25:58,32.6,667.4,"Tank3","Heated"
"3559",2025-06-27 16:30:58,32.704,699.7,"Tank3","Heated"
"3560",2025-06-27 16:35:58,32.6,635.1,"Tank3","Heated"
"3561",2025-06-27 16:40:58,32.497,613.5,"Tank3","Heated"
"3562",2025-06-27 16:45:58,32.497,624.3,"Tank3","Heated"
"3563",2025-06-27 16:50:58,32.704,581.3,"Tank3","Heated"
"3564",2025-06-27 16:55:58,32.6,538.2,"Tank3","Heated"
"3565",2025-06-27 17:00:58,32.497,516.7,"Tank3","Heated"
"3566",2025-06-27 17:05:58,32.394,495.1,"Tank3","Heated"
"3567",2025-06-27 17:10:58,32.6,484.4,"Tank3","Heated"
"3568",2025-06-27 17:15:58,32.704,462.9,"Tank3","Heated"
"3569",2025-06-27 17:20:58,32.6,441.3,"Tank3","Heated"
"3570",2025-06-27 17:25:58,32.394,409,"Tank3","Heated"
"3571",2025-06-27 17:30:58,32.394,441.3,"Tank3","Heated"
"3572",2025-06-27 17:35:58,32.704,441.3,"Tank3","Heated"
"3573",2025-06-27 17:40:58,32.704,376.7,"Tank3","Heated"
"3574",2025-06-27 17:45:58,32.497,301.4,"Tank3","Heated"
"3575",2025-06-27 17:50:58,32.394,344.4,"Tank3","Heated"
"3576",2025-06-27 17:55:58,32.6,322.9,"Tank3","Heated"
"3577",2025-06-27 18:00:58,32.704,301.4,"Tank3","Heated"
"3578",2025-06-27 18:05:58,32.6,247.6,"Tank3","Heated"
"3579",2025-06-27 18:10:58,32.497,269.1,"Tank3","Heated"
"3580",2025-06-27 18:15:58,32.394,215.3,"Tank3","Heated"
"3581",2025-06-27 18:20:58,32.704,172.2,"Tank3","Heated"
"3582",2025-06-27 18:25:58,32.6,193.8,"Tank3","Heated"
"3583",2025-06-27 18:30:58,32.497,226,"Tank3","Heated"
"3584",2025-06-27 18:35:58,32.394,150.7,"Tank3","Heated"
"3585",2025-06-27 18:40:58,32.497,118.4,"Tank3","Heated"
"3586",2025-06-27 18:45:58,32.704,183,"Tank3","Heated"
"3587",2025-06-27 18:50:58,32.6,183,"Tank3","Heated"
"3588",2025-06-27 18:55:58,32.497,139.9,"Tank3","Heated"
"3589",2025-06-27 19:00:58,32.394,107.6,"Tank3","Heated"
"3590",2025-06-27 19:05:58,32.6,64.6,"Tank3","Heated"
"3591",2025-06-27 19:10:58,32.6,21.5,"Tank3","Heated"
"3592",2025-06-27 19:15:58,32.497,86.1,"Tank3","Heated"
"3593",2025-06-27 19:20:58,32.394,21.5,"Tank3","Heated"
"3594",2025-06-27 19:25:58,32.394,118.4,"Tank3","Heated"
"3595",2025-06-27 19:30:58,32.704,43.1,"Tank3","Heated"
"3596",2025-06-27 19:35:58,32.6,32.3,"Tank3","Heated"
"3597",2025-06-27 19:40:58,32.497,64.6,"Tank3","Heated"
"3598",2025-06-27 19:45:58,32.394,0,"Tank3","Heated"
"3599",2025-06-27 19:50:58,32.497,0,"Tank3","Heated"
"3600",2025-06-27 19:55:58,32.6,0,"Tank3","Heated"
"3601",2025-06-27 20:00:58,32.497,0,"Tank3","Heated"
"3602",2025-06-27 20:05:58,32.394,0,"Tank3","Heated"
"3603",2025-06-27 20:10:58,32.394,0,"Tank3","Heated"
"3604",2025-06-27 20:15:58,32.704,0,"Tank3","Heated"
"3605",2025-06-27 20:20:58,32.6,0,"Tank3","Heated"
"3606",2025-06-27 20:25:58,32.497,0,"Tank3","Heated"
"3607",2025-06-27 20:30:58,32.394,0,"Tank3","Heated"
"3608",2025-06-27 20:35:58,32.497,0,"Tank3","Heated"
"3609",2025-06-27 20:40:58,32.704,0,"Tank3","Heated"
"3610",2025-06-27 20:45:58,32.6,0,"Tank3","Heated"
"3611",2025-06-27 20:50:58,32.497,0,"Tank3","Heated"
"3612",2025-06-27 20:55:58,32.394,0,"Tank3","Heated"
"3613",2025-06-27 21:00:58,32.6,0,"Tank3","Heated"
"3614",2025-06-27 21:05:58,32.6,0,"Tank3","Heated"
"3615",2025-06-27 21:10:58,32.497,0,"Tank3","Heated"
"3616",2025-06-27 21:15:58,32.394,0,"Tank3","Heated"
"3617",2025-06-27 21:20:58,32.497,0,"Tank3","Heated"
"3618",2025-06-27 21:25:58,32.704,0,"Tank3","Heated"
"3619",2025-06-27 21:30:58,32.6,0,"Tank3","Heated"
"3620",2025-06-27 21:35:58,32.497,0,"Tank3","Heated"
"3621",2025-06-27 21:40:58,32.394,0,"Tank3","Heated"
"3622",2025-06-27 21:45:58,32.6,0,"Tank3","Heated"
"3623",2025-06-27 21:50:58,32.6,0,"Tank3","Heated"
"3624",2025-06-27 21:55:58,32.497,0,"Tank3","Heated"
"3625",2025-06-27 22:00:58,32.394,0,"Tank3","Heated"
"3626",2025-06-27 22:05:58,32.394,0,"Tank3","Heated"
"3627",2025-06-27 22:10:58,32.704,0,"Tank3","Heated"
"3628",2025-06-27 22:15:58,32.6,0,"Tank3","Heated"
"3629",2025-06-27 22:20:58,32.497,0,"Tank3","Heated"
"3630",2025-06-27 22:25:58,32.394,0,"Tank3","Heated"
"3631",2025-06-27 22:30:58,32.6,0,"Tank3","Heated"
"3632",2025-06-27 22:35:58,32.6,0,"Tank3","Heated"
"3633",2025-06-27 22:40:58,32.497,0,"Tank3","Heated"
"3634",2025-06-27 22:45:58,32.394,0,"Tank3","Heated"
"3635",2025-06-27 22:50:58,32.394,0,"Tank3","Heated"
"3636",2025-06-27 22:55:58,32.704,0,"Tank3","Heated"
"3637",2025-06-27 23:00:58,32.6,0,"Tank3","Heated"
"3638",2025-06-27 23:05:58,32.497,0,"Tank3","Heated"
"3639",2025-06-27 23:10:58,32.394,0,"Tank3","Heated"
"3640",2025-06-27 23:15:58,32.497,0,"Tank3","Heated"
"3641",2025-06-27 23:20:58,32.704,0,"Tank3","Heated"
"3642",2025-06-27 23:25:58,32.6,0,"Tank3","Heated"
"3643",2025-06-27 23:30:58,32.497,0,"Tank3","Heated"
"3644",2025-06-27 23:35:58,32.394,0,"Tank3","Heated"
"3645",2025-06-27 23:40:58,32.497,0,"Tank3","Heated"
"3646",2025-06-27 23:45:58,32.704,0,"Tank3","Heated"
"3647",2025-06-27 23:50:58,32.6,0,"Tank3","Heated"
"3648",2025-06-27 23:55:58,32.497,0,"Tank3","Heated"
"3649",2025-06-28 00:00:58,32.394,0,"Tank3","Heated"
"3650",2025-06-28 00:05:58,32.394,0,"Tank3","Heated"
"3651",2025-06-28 00:10:58,32.704,0,"Tank3","Heated"
"3652",2025-06-28 00:15:58,32.6,0,"Tank3","Heated"
"3653",2025-06-28 00:20:58,32.497,0,"Tank3","Heated"
"3654",2025-06-28 00:25:58,32.394,0,"Tank3","Heated"
"3655",2025-06-28 00:30:58,32.394,0,"Tank3","Heated"
"3656",2025-06-28 00:35:58,32.704,0,"Tank3","Heated"
"3657",2025-06-28 00:40:58,32.6,0,"Tank3","Heated"
"3658",2025-06-28 00:45:58,32.497,0,"Tank3","Heated"
"3659",2025-06-28 00:50:58,32.394,0,"Tank3","Heated"
"3660",2025-06-28 00:55:58,32.394,0,"Tank3","Heated"
"3661",2025-06-28 01:00:58,32.704,0,"Tank3","Heated"
"3662",2025-06-28 01:05:58,32.6,0,"Tank3","Heated"
"3663",2025-06-28 01:10:58,32.497,0,"Tank3","Heated"
"3664",2025-06-28 01:15:58,32.291,0,"Tank3","Heated"
"3665",2025-06-28 01:20:58,32.6,0,"Tank3","Heated"
"3666",2025-06-28 01:25:58,32.704,0,"Tank3","Heated"
"3667",2025-06-28 01:30:58,32.497,0,"Tank3","Heated"
"3668",2025-06-28 01:35:58,32.394,0,"Tank3","Heated"
"3669",2025-06-28 01:40:58,32.394,0,"Tank3","Heated"
"3670",2025-06-28 01:45:58,32.704,0,"Tank3","Heated"
"3671",2025-06-28 01:50:58,32.6,0,"Tank3","Heated"
"3672",2025-06-28 01:55:58,32.497,0,"Tank3","Heated"
"3673",2025-06-28 02:00:58,32.394,0,"Tank3","Heated"
"3674",2025-06-28 02:05:58,32.394,0,"Tank3","Heated"
"3675",2025-06-28 02:10:58,32.704,0,"Tank3","Heated"
"3676",2025-06-28 02:15:58,32.6,0,"Tank3","Heated"
"3677",2025-06-28 02:20:58,32.497,0,"Tank3","Heated"
"3678",2025-06-28 02:25:58,32.394,0,"Tank3","Heated"
"3679",2025-06-28 02:30:58,32.394,0,"Tank3","Heated"
"3680",2025-06-28 02:35:58,32.704,0,"Tank3","Heated"
"3681",2025-06-28 02:40:58,32.6,0,"Tank3","Heated"
"3682",2025-06-28 02:45:58,32.497,0,"Tank3","Heated"
"3683",2025-06-28 02:50:58,32.394,0,"Tank3","Heated"
"3684",2025-06-28 02:55:58,32.394,0,"Tank3","Heated"
"3685",2025-06-28 03:00:58,32.6,0,"Tank3","Heated"
"3686",2025-06-28 03:05:58,32.704,0,"Tank3","Heated"
"3687",2025-06-28 03:10:58,32.497,0,"Tank3","Heated"
"3688",2025-06-28 03:15:58,32.394,0,"Tank3","Heated"
"3689",2025-06-28 03:20:58,32.394,0,"Tank3","Heated"
"3690",2025-06-28 03:25:58,32.6,0,"Tank3","Heated"
"3691",2025-06-28 03:30:58,32.6,0,"Tank3","Heated"
"3692",2025-06-28 03:35:58,32.497,0,"Tank3","Heated"
"3693",2025-06-28 03:40:58,32.497,0,"Tank3","Heated"
"3694",2025-06-28 03:45:58,32.291,0,"Tank3","Heated"
"3695",2025-06-28 03:50:58,32.6,0,"Tank3","Heated"
"3696",2025-06-28 03:55:58,32.704,0,"Tank3","Heated"
"3697",2025-06-28 04:00:58,32.6,0,"Tank3","Heated"
"3698",2025-06-28 04:05:58,32.497,0,"Tank3","Heated"
"3699",2025-06-28 04:10:58,32.394,0,"Tank3","Heated"
"3700",2025-06-28 04:15:58,32.6,0,"Tank3","Heated"
"3701",2025-06-28 04:20:58,32.6,0,"Tank3","Heated"
"3702",2025-06-28 04:25:58,32.497,0,"Tank3","Heated"
"3703",2025-06-28 04:30:58,32.497,0,"Tank3","Heated"
"3704",2025-06-28 04:35:58,32.394,0,"Tank3","Heated"
"3705",2025-06-28 04:40:58,32.6,0,"Tank3","Heated"
"3706",2025-06-28 04:45:58,32.6,0,"Tank3","Heated"
"3707",2025-06-28 04:50:58,32.497,0,"Tank3","Heated"
"3708",2025-06-28 04:55:58,32.497,0,"Tank3","Heated"
"3709",2025-06-28 05:00:58,32.394,0,"Tank3","Heated"
"3710",2025-06-28 05:05:58,32.6,0,"Tank3","Heated"
"3711",2025-06-28 05:10:58,32.704,0,"Tank3","Heated"
"3712",2025-06-28 05:15:58,32.6,0,"Tank3","Heated"
"3713",2025-06-28 05:20:58,32.497,0,"Tank3","Heated"
"3714",2025-06-28 05:25:58,32.394,0,"Tank3","Heated"
"3715",2025-06-28 05:30:58,32.497,0,"Tank3","Heated"
"3716",2025-06-28 05:35:58,32.704,0,"Tank3","Heated"
"3717",2025-06-28 05:40:58,32.6,0,"Tank3","Heated"
"3718",2025-06-28 05:45:58,32.497,0,"Tank3","Heated"
"3719",2025-06-28 05:50:58,32.394,0,"Tank3","Heated"
"3720",2025-06-28 05:55:58,32.497,0,"Tank3","Heated"
"3721",2025-06-28 06:00:58,32.704,0,"Tank3","Heated"
"3722",2025-06-28 06:05:58,32.6,0,"Tank3","Heated"
"3723",2025-06-28 06:10:58,32.497,0,"Tank3","Heated"
"3724",2025-06-28 06:15:58,32.394,0,"Tank3","Heated"
"3725",2025-06-28 06:20:58,32.6,0,"Tank3","Heated"
"3726",2025-06-28 06:25:58,32.6,0,"Tank3","Heated"
"3727",2025-06-28 06:30:58,32.497,0,"Tank3","Heated"
"3728",2025-06-28 06:35:58,32.394,0,"Tank3","Heated"
"3729",2025-06-28 06:40:58,32.497,0,"Tank3","Heated"
"3730",2025-06-28 06:45:58,32.704,0,"Tank3","Heated"
"3731",2025-06-28 06:50:58,32.6,0,"Tank3","Heated"
"3732",2025-06-28 06:55:58,32.497,0,"Tank3","Heated"
"3733",2025-06-28 07:00:58,32.394,0,"Tank3","Heated"
"3734",2025-06-28 07:05:58,32.6,0,"Tank3","Heated"
"3735",2025-06-28 07:10:58,32.6,0,"Tank3","Heated"
"3736",2025-06-28 07:15:58,32.497,0,"Tank3","Heated"
"3737",2025-06-28 07:20:58,32.394,0,"Tank3","Heated"
"3738",2025-06-28 07:25:58,32.394,0,"Tank3","Heated"
"3739",2025-06-28 07:30:58,32.704,0,"Tank3","Heated"
"3740",2025-06-28 07:35:58,32.6,0,"Tank3","Heated"
"3741",2025-06-28 07:40:58,32.497,0,"Tank3","Heated"
"3742",2025-06-28 07:45:58,32.394,0,"Tank3","Heated"
"3743",2025-06-28 07:50:58,32.497,0,"Tank3","Heated"
"3744",2025-06-28 07:55:58,32.704,0,"Tank3","Heated"
"3745",2025-06-28 08:00:58,32.6,0,"Tank3","Heated"
"3746",2025-06-28 08:05:58,32.497,0,"Tank3","Heated"
"3747",2025-06-28 08:10:58,32.394,0,"Tank3","Heated"
"3748",2025-06-28 08:15:58,32.6,0,"Tank3","Heated"
"3749",2025-06-28 08:20:58,32.6,32.3,"Tank3","Heated"
"3750",2025-06-28 08:25:58,32.497,0,"Tank3","Heated"
"3751",2025-06-28 08:30:58,32.394,0,"Tank3","Heated"
"3752",2025-06-28 08:35:58,32.394,0,"Tank3","Heated"
"3753",2025-06-28 08:40:58,32.704,0,"Tank3","Heated"
"3754",2025-06-28 08:45:58,32.6,0,"Tank3","Heated"
"3755",2025-06-28 08:50:58,32.497,0,"Tank3","Heated"
"3756",2025-06-28 08:55:58,32.394,0,"Tank3","Heated"
"3757",2025-06-28 09:00:58,32.394,0,"Tank3","Heated"
"3758",2025-06-28 09:05:58,32.704,0,"Tank3","Heated"
"3759",2025-06-28 09:10:58,32.6,0,"Tank3","Heated"
"3760",2025-06-28 09:15:58,32.497,193.8,"Tank3","Heated"
"3761",2025-06-28 09:20:58,32.394,193.8,"Tank3","Heated"
"3762",2025-06-28 09:25:58,32.6,183,"Tank3","Heated"
"3763",2025-06-28 09:30:58,32.704,183,"Tank3","Heated"
"3764",2025-06-28 09:35:58,32.6,215.3,"Tank3","Heated"
"3765",2025-06-28 09:40:58,32.497,247.6,"Tank3","Heated"
"3766",2025-06-28 09:45:58,32.394,269.1,"Tank3","Heated"
"3767",2025-06-28 09:50:58,32.704,301.4,"Tank3","Heated"
"3768",2025-06-28 09:55:58,32.6,258.3,"Tank3","Heated"
"3769",2025-06-28 10:00:58,32.497,344.4,"Tank3","Heated"
"3770",2025-06-28 10:05:58,32.394,290.6,"Tank3","Heated"
"3771",2025-06-28 10:10:58,32.497,322.9,"Tank3","Heated"
"3772",2025-06-28 10:15:58,32.704,333.7,"Tank3","Heated"
"3773",2025-06-28 10:20:58,32.497,344.4,"Tank3","Heated"
"3774",2025-06-28 10:25:58,32.291,366,"Tank3","Heated"
"3775",2025-06-28 10:30:58,32.188,419.8,"Tank3","Heated"
"3776",2025-06-28 10:35:58,32.394,409,"Tank3","Heated"
"3777",2025-06-28 10:40:58,32.497,430.6,"Tank3","Heated"
"3778",2025-06-28 10:45:58,32.394,430.6,"Tank3","Heated"
"3779",2025-06-28 10:50:58,32.188,452.1,"Tank3","Heated"
"3780",2025-06-28 10:55:58,32.291,484.4,"Tank3","Heated"
"3781",2025-06-28 11:00:58,32.497,484.4,"Tank3","Heated"
"3782",2025-06-28 11:05:58,32.394,527.4,"Tank3","Heated"
"3783",2025-06-28 11:10:58,32.291,527.4,"Tank3","Heated"
"3784",2025-06-28 11:15:58,32.188,602.8,"Tank3","Heated"
"3785",2025-06-28 11:20:58,32.394,592,"Tank3","Heated"
"3786",2025-06-28 11:25:58,32.497,570.5,"Tank3","Heated"
"3787",2025-06-28 11:30:58,32.394,592,"Tank3","Heated"
"3788",2025-06-28 11:35:58,32.291,635.1,"Tank3","Heated"
"3789",2025-06-28 11:40:58,32.291,645.8,"Tank3","Heated"
"3790",2025-06-28 11:45:58,32.497,656.6,"Tank3","Heated"
"3791",2025-06-28 11:50:58,32.394,710.4,"Tank3","Heated"
"3792",2025-06-28 11:55:58,32.291,710.4,"Tank3","Heated"
"3793",2025-06-28 12:00:58,32.188,710.4,"Tank3","Heated"
"3794",2025-06-28 12:05:58,32.497,785.8,"Tank3","Heated"
"3795",2025-06-28 12:10:58,32.497,742.7,"Tank3","Heated"
"3796",2025-06-28 12:15:58,32.394,731.9,"Tank3","Heated"
"3797",2025-06-28 12:20:58,32.291,775,"Tank3","Heated"
"3798",2025-06-28 12:25:58,32.291,764.2,"Tank3","Heated"
"3799",2025-06-28 12:30:58,32.497,785.8,"Tank3","Heated"
"3800",2025-06-28 12:35:58,32.394,731.9,"Tank3","Heated"
"3801",2025-06-28 12:40:58,32.291,775,"Tank3","Heated"
"3802",2025-06-28 12:45:58,32.188,753.5,"Tank3","Heated"
"3803",2025-06-28 12:50:58,32.394,731.9,"Tank3","Heated"
"3804",2025-06-28 12:55:58,32.497,753.5,"Tank3","Heated"
"3805",2025-06-28 13:00:58,32.394,785.8,"Tank3","Heated"
"3806",2025-06-28 13:05:58,32.291,775,"Tank3","Heated"
"3807",2025-06-28 13:10:58,32.188,796.5,"Tank3","Heated"
"3808",2025-06-28 13:15:58,32.394,775,"Tank3","Heated"
"3809",2025-06-28 13:20:58,32.497,807.3,"Tank3","Heated"
"3810",2025-06-28 13:25:58,32.394,796.5,"Tank3","Heated"
"3811",2025-06-28 13:30:58,32.291,775,"Tank3","Heated"
"3812",2025-06-28 13:35:58,32.291,775,"Tank3","Heated"
"3813",2025-06-28 13:40:58,32.497,796.5,"Tank3","Heated"
"3814",2025-06-28 13:45:58,32.497,742.7,"Tank3","Heated"
"3815",2025-06-28 13:50:58,32.394,796.5,"Tank3","Heated"
"3816",2025-06-28 13:55:58,32.188,764.2,"Tank3","Heated"
"3817",2025-06-28 14:00:58,32.394,785.8,"Tank3","Heated"
"3818",2025-06-28 14:05:58,32.497,796.5,"Tank3","Heated"
"3819",2025-06-28 14:10:58,32.394,753.5,"Tank3","Heated"
"3820",2025-06-28 14:15:58,32.291,764.2,"Tank3","Heated"
"3821",2025-06-28 14:20:58,32.188,818.1,"Tank3","Heated"
"3822",2025-06-28 14:25:58,32.497,775,"Tank3","Heated"
"3823",2025-06-28 14:30:58,32.497,807.3,"Tank3","Heated"
"3824",2025-06-28 14:35:58,32.394,775,"Tank3","Heated"
"3825",2025-06-28 14:40:58,32.291,785.8,"Tank3","Heated"
"3826",2025-06-28 14:45:58,32.291,775,"Tank3","Heated"
"3827",2025-06-28 14:50:58,32.497,818.1,"Tank3","Heated"
"3828",2025-06-28 14:55:58,32.394,753.5,"Tank3","Heated"
"3829",2025-06-28 15:00:58,32.291,742.7,"Tank3","Heated"
"3830",2025-06-28 15:05:58,32.188,818.1,"Tank3","Heated"
"3831",2025-06-28 15:10:58,32.394,807.3,"Tank3","Heated"
"3832",2025-06-28 15:15:58,32.497,742.7,"Tank3","Heated"
"3833",2025-06-28 15:20:58,32.394,764.2,"Tank3","Heated"
"3834",2025-06-28 15:25:58,32.291,775,"Tank3","Heated"
"3835",2025-06-28 15:30:58,32.291,753.5,"Tank3","Heated"
"3836",2025-06-28 15:35:58,32.497,775,"Tank3","Heated"
"3837",2025-06-28 15:40:58,32.497,785.8,"Tank3","Heated"
"3838",2025-06-28 15:45:58,32.291,764.2,"Tank3","Heated"
"3839",2025-06-28 15:50:58,32.188,753.5,"Tank3","Heated"
"3840",2025-06-28 15:55:58,32.394,775,"Tank3","Heated"
"3841",2025-06-28 16:00:58,32.497,785.8,"Tank3","Heated"
"3842",2025-06-28 16:05:58,32.394,785.8,"Tank3","Heated"
"3843",2025-06-28 16:10:58,32.291,699.7,"Tank3","Heated"
"3844",2025-06-28 16:15:58,32.188,731.9,"Tank3","Heated"
"3845",2025-06-28 16:20:58,32.497,742.7,"Tank3","Heated"
"3846",2025-06-28 16:25:58,32.497,635.1,"Tank3","Heated"
"3847",2025-06-28 16:30:58,32.394,688.9,"Tank3","Heated"
"3848",2025-06-28 16:35:58,32.188,645.8,"Tank3","Heated"
"3849",2025-06-28 16:40:58,32.394,581.3,"Tank3","Heated"
"3850",2025-06-28 16:45:58,32.497,613.5,"Tank3","Heated"
"3851",2025-06-28 16:50:58,32.394,538.2,"Tank3","Heated"
"3852",2025-06-28 16:55:58,32.291,581.3,"Tank3","Heated"
"3853",2025-06-28 17:00:58,32.188,538.2,"Tank3","Heated"
"3854",2025-06-28 17:05:58,32.497,549,"Tank3","Heated"
"3855",2025-06-28 17:10:58,32.497,527.4,"Tank3","Heated"
"3856",2025-06-28 17:15:58,32.291,441.3,"Tank3","Heated"
"3857",2025-06-28 17:20:58,32.188,430.6,"Tank3","Heated"
"3858",2025-06-28 17:25:58,32.291,441.3,"Tank3","Heated"
"3859",2025-06-28 17:30:58,32.497,419.8,"Tank3","Heated"
"3860",2025-06-28 17:35:58,32.394,409,"Tank3","Heated"
"3861",2025-06-28 17:40:58,32.291,344.4,"Tank3","Heated"
"3862",2025-06-28 17:45:58,32.188,333.7,"Tank3","Heated"
"3863",2025-06-28 17:50:58,32.394,322.9,"Tank3","Heated"
"3864",2025-06-28 17:55:58,32.497,301.4,"Tank3","Heated"
"3865",2025-06-28 18:00:58,32.394,344.4,"Tank3","Heated"
"3866",2025-06-28 18:05:58,32.291,279.9,"Tank3","Heated"
"3867",2025-06-28 18:10:58,32.188,236.8,"Tank3","Heated"
"3868",2025-06-28 18:15:58,32.497,301.4,"Tank3","Heated"
"3869",2025-06-28 18:20:58,32.394,258.3,"Tank3","Heated"
"3870",2025-06-28 18:25:58,32.291,215.3,"Tank3","Heated"
"3871",2025-06-28 18:30:58,32.188,258.3,"Tank3","Heated"
"3872",2025-06-28 18:35:58,32.394,226,"Tank3","Heated"
"3873",2025-06-28 18:40:58,32.497,226,"Tank3","Heated"
"3874",2025-06-28 18:45:58,32.291,118.4,"Tank3","Heated"
"3875",2025-06-28 18:50:58,32.188,183,"Tank3","Heated"
"3876",2025-06-28 18:55:58,32.188,204.5,"Tank3","Heated"
"3877",2025-06-28 19:00:58,32.394,118.4,"Tank3","Heated"
"3878",2025-06-28 19:05:58,32.394,139.9,"Tank3","Heated"
"3879",2025-06-28 19:10:58,32.291,139.9,"Tank3","Heated"
"3880",2025-06-28 19:15:58,32.188,96.9,"Tank3","Heated"
"3881",2025-06-28 19:20:58,32.394,107.6,"Tank3","Heated"
"3882",2025-06-28 19:25:58,32.394,75.3,"Tank3","Heated"
"3883",2025-06-28 19:30:58,32.394,86.1,"Tank3","Heated"
"3884",2025-06-28 19:35:58,32.188,10.8,"Tank3","Heated"
"3885",2025-06-28 19:40:58,32.188,10.8,"Tank3","Heated"
"3886",2025-06-28 19:45:58,32.394,0,"Tank3","Heated"
"3887",2025-06-28 19:50:58,32.394,0,"Tank3","Heated"
"3888",2025-06-28 19:55:58,32.291,0,"Tank3","Heated"
"3889",2025-06-28 20:00:58,32.086,0,"Tank3","Heated"
"3890",2025-06-28 20:05:58,32.394,0,"Tank3","Heated"
"3891",2025-06-28 20:10:58,32.394,0,"Tank3","Heated"
"3892",2025-06-28 20:15:58,32.291,0,"Tank3","Heated"
"3893",2025-06-28 20:20:58,32.188,0,"Tank3","Heated"
"3894",2025-06-28 20:25:58,32.188,0,"Tank3","Heated"
"3895",2025-06-28 20:30:58,32.394,0,"Tank3","Heated"
"3896",2025-06-28 20:35:58,32.394,0,"Tank3","Heated"
"3897",2025-06-28 20:40:58,32.291,0,"Tank3","Heated"
"3898",2025-06-28 20:45:58,32.086,0,"Tank3","Heated"
"3899",2025-06-28 20:50:58,32.394,0,"Tank3","Heated"
"3900",2025-06-28 20:55:58,32.394,0,"Tank3","Heated"
"3901",2025-06-28 21:00:58,32.291,0,"Tank3","Heated"
"3902",2025-06-28 21:05:58,32.188,0,"Tank3","Heated"
"3903",2025-06-28 21:10:58,32.291,0,"Tank3","Heated"
"3904",2025-06-28 21:15:58,32.394,0,"Tank3","Heated"
"3905",2025-06-28 21:20:58,32.394,0,"Tank3","Heated"
"3906",2025-06-28 21:25:58,32.291,0,"Tank3","Heated"
"3907",2025-06-28 21:30:58,32.086,0,"Tank3","Heated"
"3908",2025-06-28 21:35:58,32.394,0,"Tank3","Heated"
"3909",2025-06-28 21:40:58,32.394,0,"Tank3","Heated"
"3910",2025-06-28 21:45:58,32.291,0,"Tank3","Heated"
"3911",2025-06-28 21:50:58,32.188,0,"Tank3","Heated"
"3912",2025-06-28 21:55:58,32.291,0,"Tank3","Heated"
"3913",2025-06-28 22:00:58,32.394,0,"Tank3","Heated"
"3914",2025-06-28 22:05:58,32.291,0,"Tank3","Heated"
"3915",2025-06-28 22:10:58,32.188,0,"Tank3","Heated"
"3916",2025-06-28 22:15:58,32.188,0,"Tank3","Heated"
"3917",2025-06-28 22:20:58,32.394,0,"Tank3","Heated"
"3918",2025-06-28 22:25:58,32.394,0,"Tank3","Heated"
"3919",2025-06-28 22:30:58,32.291,0,"Tank3","Heated"
"3920",2025-06-28 22:35:58,32.188,0,"Tank3","Heated"
"3921",2025-06-28 22:40:58,32.394,0,"Tank3","Heated"
"3922",2025-06-28 22:45:58,32.394,0,"Tank3","Heated"
"3923",2025-06-28 22:50:58,32.291,0,"Tank3","Heated"
"3924",2025-06-28 22:55:58,32.188,0,"Tank3","Heated"
"3925",2025-06-28 23:00:58,32.291,0,"Tank3","Heated"
"3926",2025-06-28 23:05:58,32.394,0,"Tank3","Heated"
"3927",2025-06-28 23:10:58,32.394,0,"Tank3","Heated"
"3928",2025-06-28 23:15:58,32.188,0,"Tank3","Heated"
"3929",2025-06-28 23:20:58,32.188,0,"Tank3","Heated"
"3930",2025-06-28 23:25:58,32.394,0,"Tank3","Heated"
"3931",2025-06-28 23:30:58,32.394,0,"Tank3","Heated"
"3932",2025-06-28 23:35:58,32.291,0,"Tank3","Heated"
"3933",2025-06-28 23:40:58,32.188,0,"Tank3","Heated"
"3934",2025-06-28 23:45:58,32.291,0,"Tank3","Heated"
"3935",2025-06-28 23:50:58,32.394,0,"Tank3","Heated"
"3936",2025-06-28 23:55:58,32.291,0,"Tank3","Heated"
"3937",2025-06-29 00:00:58,32.188,0,"Tank3","Heated"
"3938",2025-06-29 00:05:58,32.188,0,"Tank3","Heated"
"3939",2025-06-29 00:10:58,32.394,0,"Tank3","Heated"
"3940",2025-06-29 00:15:58,32.394,0,"Tank3","Heated"
"3941",2025-06-29 00:20:58,32.291,0,"Tank3","Heated"
"3942",2025-06-29 00:25:58,32.188,0,"Tank3","Heated"
"3943",2025-06-29 00:30:58,32.291,0,"Tank3","Heated"
"3944",2025-06-29 00:35:58,32.394,0,"Tank3","Heated"
"3945",2025-06-29 00:40:58,32.394,0,"Tank3","Heated"
"3946",2025-06-29 00:45:58,32.291,0,"Tank3","Heated"
"3947",2025-06-29 00:50:58,32.188,0,"Tank3","Heated"
"3948",2025-06-29 00:55:58,32.394,0,"Tank3","Heated"
"3949",2025-06-29 01:00:58,32.394,0,"Tank3","Heated"
"3950",2025-06-29 01:05:58,32.291,0,"Tank3","Heated"
"3951",2025-06-29 01:10:58,32.188,0,"Tank3","Heated"
"3952",2025-06-29 01:15:58,32.291,0,"Tank3","Heated"
"3953",2025-06-29 01:20:58,32.394,0,"Tank3","Heated"
"3954",2025-06-29 01:25:58,32.394,0,"Tank3","Heated"
"3955",2025-06-29 01:30:58,32.188,0,"Tank3","Heated"
"3956",2025-06-29 01:35:58,32.188,0,"Tank3","Heated"
"3957",2025-06-29 01:40:58,32.394,0,"Tank3","Heated"
"3958",2025-06-29 01:45:58,32.394,0,"Tank3","Heated"
"3959",2025-06-29 01:50:58,32.291,0,"Tank3","Heated"
"3960",2025-06-29 01:55:58,32.188,0,"Tank3","Heated"
"3961",2025-06-29 02:00:58,32.291,0,"Tank3","Heated"
"3962",2025-06-29 02:05:58,32.394,0,"Tank3","Heated"
"3963",2025-06-29 02:10:58,32.394,0,"Tank3","Heated"
"3964",2025-06-29 02:15:58,32.188,0,"Tank3","Heated"
"3965",2025-06-29 02:20:58,32.188,0,"Tank3","Heated"
"3966",2025-06-29 02:25:58,32.394,0,"Tank3","Heated"
"3967",2025-06-29 02:30:58,32.394,0,"Tank3","Heated"
"3968",2025-06-29 02:35:58,32.291,0,"Tank3","Heated"
"3969",2025-06-29 02:40:58,32.188,0,"Tank3","Heated"
"3970",2025-06-29 02:45:58,32.394,0,"Tank3","Heated"
"3971",2025-06-29 02:50:58,32.394,0,"Tank3","Heated"
"3972",2025-06-29 02:55:58,32.291,0,"Tank3","Heated"
"3973",2025-06-29 03:00:58,32.188,0,"Tank3","Heated"
"3974",2025-06-29 03:05:58,32.188,0,"Tank3","Heated"
"3975",2025-06-29 03:10:58,32.394,0,"Tank3","Heated"
"3976",2025-06-29 03:15:58,32.394,0,"Tank3","Heated"
"3977",2025-06-29 03:20:58,32.291,0,"Tank3","Heated"
"3978",2025-06-29 03:25:58,32.188,0,"Tank3","Heated"
"3979",2025-06-29 03:30:58,32.394,0,"Tank3","Heated"
"3980",2025-06-29 03:35:58,32.394,0,"Tank3","Heated"
"3981",2025-06-29 03:40:58,32.291,0,"Tank3","Heated"
"3982",2025-06-29 03:45:58,32.188,0,"Tank3","Heated"
"3983",2025-06-29 03:50:58,32.291,0,"Tank3","Heated"
"3984",2025-06-29 03:55:58,32.394,0,"Tank3","Heated"
"3985",2025-06-29 04:00:58,32.394,0,"Tank3","Heated"
"3986",2025-06-29 04:05:58,32.291,0,"Tank3","Heated"
"3987",2025-06-29 04:10:58,32.188,0,"Tank3","Heated"
"3988",2025-06-29 04:15:58,32.394,0,"Tank3","Heated"
"3989",2025-06-29 04:20:58,32.394,0,"Tank3","Heated"
"3990",2025-06-29 04:25:58,32.291,0,"Tank3","Heated"
"3991",2025-06-29 04:30:58,32.188,0,"Tank3","Heated"
"3992",2025-06-29 04:35:58,32.291,0,"Tank3","Heated"
"3993",2025-06-29 04:40:58,32.394,0,"Tank3","Heated"
"3994",2025-06-29 04:45:58,32.394,0,"Tank3","Heated"
"3995",2025-06-29 04:50:58,32.291,0,"Tank3","Heated"
"3996",2025-06-29 04:55:58,32.188,0,"Tank3","Heated"
"3997",2025-06-29 05:00:58,32.394,0,"Tank3","Heated"
"3998",2025-06-29 05:05:58,32.394,0,"Tank3","Heated"
"3999",2025-06-29 05:10:58,32.291,0,"Tank3","Heated"
"4000",2025-06-29 05:15:58,32.188,0,"Tank3","Heated"
"4001",2025-06-29 05:20:58,32.291,0,"Tank3","Heated"
"4002",2025-06-29 05:25:58,32.394,0,"Tank3","Heated"
"4003",2025-06-29 05:30:58,32.394,0,"Tank3","Heated"
"4004",2025-06-29 05:35:58,32.188,0,"Tank3","Heated"
"4005",2025-06-29 05:40:58,32.188,0,"Tank3","Heated"
"4006",2025-06-29 05:45:58,32.394,0,"Tank3","Heated"
"4007",2025-06-29 05:50:58,32.394,0,"Tank3","Heated"
"4008",2025-06-29 05:55:58,32.291,0,"Tank3","Heated"
"4009",2025-06-29 06:00:58,32.188,0,"Tank3","Heated"
"4010",2025-06-29 06:05:58,32.291,0,"Tank3","Heated"
"4011",2025-06-29 06:10:58,32.394,0,"Tank3","Heated"
"4012",2025-06-29 06:15:58,32.291,0,"Tank3","Heated"
"4013",2025-06-29 06:20:58,32.188,0,"Tank3","Heated"
"4014",2025-06-29 06:25:58,32.188,0,"Tank3","Heated"
"4015",2025-06-29 06:30:58,32.394,0,"Tank3","Heated"
"4016",2025-06-29 06:35:58,32.394,0,"Tank3","Heated"
"4017",2025-06-29 06:40:58,32.291,0,"Tank3","Heated"
"4018",2025-06-29 06:45:58,32.086,0,"Tank3","Heated"
"4019",2025-06-29 06:50:58,32.394,0,"Tank3","Heated"
"4020",2025-06-29 06:55:58,32.394,0,"Tank3","Heated"
"4021",2025-06-29 07:00:58,32.291,0,"Tank3","Heated"
"4022",2025-06-29 07:05:58,32.188,0,"Tank3","Heated"
"4023",2025-06-29 07:10:58,32.291,0,"Tank3","Heated"
"4024",2025-06-29 07:15:58,32.394,0,"Tank3","Heated"
"4025",2025-06-29 07:20:58,32.394,0,"Tank3","Heated"
"4026",2025-06-29 07:25:58,32.291,0,"Tank3","Heated"
"4027",2025-06-29 07:30:58,32.188,0,"Tank3","Heated"
"4028",2025-06-29 07:35:58,32.394,0,"Tank3","Heated"
"4029",2025-06-29 07:40:58,32.394,0,"Tank3","Heated"
"4030",2025-06-29 07:45:58,32.291,0,"Tank3","Heated"
"4031",2025-06-29 07:50:58,32.188,0,"Tank3","Heated"
"4032",2025-06-29 07:55:58,32.291,0,"Tank3","Heated"
"4033",2025-06-29 08:00:58,32.394,0,"Tank3","Heated"
"4034",2025-06-29 08:05:58,32.291,0,"Tank3","Heated"
"4035",2025-06-29 08:10:58,32.188,21.5,"Tank3","Heated"
"4036",2025-06-29 08:15:58,32.188,0,"Tank3","Heated"
"4037",2025-06-29 08:20:58,32.394,0,"Tank3","Heated"
"4038",2025-06-29 08:25:58,32.394,64.6,"Tank3","Heated"
"4039",2025-06-29 08:30:58,32.291,32.3,"Tank3","Heated"
"4040",2025-06-29 08:35:58,32.188,43.1,"Tank3","Heated"
"4041",2025-06-29 08:40:58,32.394,43.1,"Tank3","Heated"
"4042",2025-06-29 08:45:58,32.394,64.6,"Tank3","Heated"
"4043",2025-06-29 08:50:58,32.394,53.8,"Tank3","Heated"
"4044",2025-06-29 08:55:58,32.188,118.4,"Tank3","Heated"
"4045",2025-06-29 09:00:58,32.188,161.5,"Tank3","Heated"
"4046",2025-06-29 09:05:58,32.394,129.2,"Tank3","Heated"
"4047",2025-06-29 09:10:58,32.394,129.2,"Tank3","Heated"
"4048",2025-06-29 09:15:58,32.291,215.3,"Tank3","Heated"
"4049",2025-06-29 09:20:58,32.188,172.2,"Tank3","Heated"
"4050",2025-06-29 09:25:58,32.394,161.5,"Tank3","Heated"
"4051",2025-06-29 09:30:58,32.497,183,"Tank3","Heated"
"4052",2025-06-29 09:35:58,32.394,226,"Tank3","Heated"
"4053",2025-06-29 09:40:58,32.291,0,"Tank3","Heated"
"4054",2025-06-29 09:45:58,32.188,0,"Tank3","Heated"
"4055",2025-06-29 09:50:58,32.394,0,"Tank3","Heated"
"4056",2025-06-29 09:55:58,32.394,0,"Tank3","Heated"
"4057",2025-06-29 10:00:58,32.291,0,"Tank3","Heated"
"4058",2025-06-29 10:05:58,32.188,0,"Tank3","Heated"
"4059",2025-06-29 10:10:58,32.291,0,"Tank3","Heated"
"4060",2025-06-29 10:15:58,32.497,0,"Tank3","Heated"
"4061",2025-06-29 10:20:58,32.394,0,"Tank3","Heated"
"4062",2025-06-29 10:25:58,32.291,0,"Tank3","Heated"
"4063",2025-06-29 10:30:58,32.086,0,"Tank3","Heated"
"4064",2025-06-29 10:35:58,32.394,0,"Tank3","Heated"
"4065",2025-06-29 10:40:58,32.394,0,"Tank3","Heated"
"4066",2025-06-29 10:45:58,32.291,473.6,"Tank3","Heated"
"4067",2025-06-29 10:50:58,32.188,495.1,"Tank3","Heated"
"4068",2025-06-29 10:55:58,32.291,516.7,"Tank3","Heated"
"4069",2025-06-29 11:00:58,32.497,484.4,"Tank3","Heated"
"4070",2025-06-29 11:05:58,32.394,549,"Tank3","Heated"
"4071",2025-06-29 11:10:58,32.291,559.7,"Tank3","Heated"
"4072",2025-06-29 11:15:58,32.188,549,"Tank3","Heated"
"4073",2025-06-29 11:20:58,32.394,624.3,"Tank3","Heated"
"4074",2025-06-29 11:25:58,32.497,570.5,"Tank3","Heated"
"4075",2025-06-29 11:30:58,32.394,645.8,"Tank3","Heated"
"4076",2025-06-29 11:35:58,32.291,667.4,"Tank3","Heated"
"4077",2025-06-29 11:40:58,32.291,656.6,"Tank3","Heated"
"4078",2025-06-29 11:45:58,32.497,699.7,"Tank3","Heated"
"4079",2025-06-29 11:50:58,32.394,721.2,"Tank3","Heated"
"4080",2025-06-29 11:55:58,32.291,775,"Tank3","Heated"
"4081",2025-06-29 12:00:58,32.188,785.8,"Tank3","Heated"
"4082",2025-06-29 12:05:58,32.394,721.2,"Tank3","Heated"
"4083",2025-06-29 12:10:58,32.497,721.2,"Tank3","Heated"
"4084",2025-06-29 12:15:58,32.394,742.7,"Tank3","Heated"
"4085",2025-06-29 12:20:58,32.291,742.7,"Tank3","Heated"
"4086",2025-06-29 12:25:58,32.188,807.3,"Tank3","Heated"
"4087",2025-06-29 12:30:58,32.497,742.7,"Tank3","Heated"
"4088",2025-06-29 12:35:58,32.394,785.8,"Tank3","Heated"
"4089",2025-06-29 12:40:58,32.394,764.2,"Tank3","Heated"
"4090",2025-06-29 12:45:58,32.291,785.8,"Tank3","Heated"
"4091",2025-06-29 12:50:58,32.394,785.8,"Tank3","Heated"
"4092",2025-06-29 12:55:58,32.497,753.5,"Tank3","Heated"
"4093",2025-06-29 13:00:58,32.394,785.8,"Tank3","Heated"
"4094",2025-06-29 13:05:58,32.291,742.7,"Tank3","Heated"
"4095",2025-06-29 13:10:58,32.188,721.2,"Tank3","Heated"
"4096",2025-06-29 13:15:58,32.497,775,"Tank3","Heated"
"4097",2025-06-29 13:20:58,32.497,731.9,"Tank3","Heated"
"4098",2025-06-29 13:25:58,32.394,753.5,"Tank3","Heated"
"4099",2025-06-29 13:30:58,32.291,731.9,"Tank3","Heated"
"4100",2025-06-29 13:35:58,32.291,775,"Tank3","Heated"
"4101",2025-06-29 13:40:58,32.497,753.5,"Tank3","Heated"
"4102",2025-06-29 13:45:58,32.394,764.2,"Tank3","Heated"
"4103",2025-06-29 13:50:58,32.291,721.2,"Tank3","Heated"
"4104",2025-06-29 13:55:58,32.188,764.2,"Tank3","Heated"
"4105",2025-06-29 14:00:58,32.394,710.4,"Tank3","Heated"
"4106",2025-06-29 14:05:58,32.497,764.2,"Tank3","Heated"
"4107",2025-06-29 14:10:58,32.394,742.7,"Tank3","Heated"
"4108",2025-06-29 14:15:58,32.291,753.5,"Tank3","Heated"
"4109",2025-06-29 14:20:58,32.188,753.5,"Tank3","Heated"
"4110",2025-06-29 14:25:58,32.497,742.7,"Tank3","Heated"
"4111",2025-06-29 14:30:58,32.497,721.2,"Tank3","Heated"
"4112",2025-06-29 14:35:58,32.394,731.9,"Tank3","Heated"
"4113",2025-06-29 14:40:58,32.291,742.7,"Tank3","Heated"
"4114",2025-06-29 14:45:58,32.291,710.4,"Tank3","Heated"
"4115",2025-06-29 14:50:58,32.497,764.2,"Tank3","Heated"
"4116",2025-06-29 14:55:58,32.497,721.2,"Tank3","Heated"
"4117",2025-06-29 15:00:58,32.394,710.4,"Tank3","Heated"
"4118",2025-06-29 15:05:58,32.291,721.2,"Tank3","Heated"
"4119",2025-06-29 15:10:58,32.291,764.2,"Tank3","Heated"
"4120",2025-06-29 15:15:58,32.497,753.5,"Tank3","Heated"
"4121",2025-06-29 15:20:58,32.497,710.4,"Tank3","Heated"
"4122",2025-06-29 15:25:58,32.291,710.4,"Tank3","Heated"
"4123",2025-06-29 15:30:58,32.188,742.7,"Tank3","Heated"
"4124",2025-06-29 15:35:58,32.394,731.9,"Tank3","Heated"
"4125",2025-06-29 15:40:58,32.497,678.1,"Tank3","Heated"
"4126",2025-06-29 15:45:58,32.394,742.7,"Tank3","Heated"
"4127",2025-06-29 15:50:58,32.291,699.7,"Tank3","Heated"
"4128",2025-06-29 15:55:58,32.291,742.7,"Tank3","Heated"
"4129",2025-06-29 16:00:58,32.497,699.7,"Tank3","Heated"
"4130",2025-06-29 16:05:58,32.394,688.9,"Tank3","Heated"
"4131",2025-06-29 16:10:58,32.291,710.4,"Tank3","Heated"
"4132",2025-06-29 16:15:58,32.188,645.8,"Tank3","Heated"
"4133",2025-06-29 16:20:58,32.394,624.3,"Tank3","Heated"
"4134",2025-06-29 16:25:58,32.497,635.1,"Tank3","Heated"
"4135",2025-06-29 16:30:58,32.394,602.8,"Tank3","Heated"
"4136",2025-06-29 16:35:58,32.291,559.7,"Tank3","Heated"
"4137",2025-06-29 16:40:58,32.188,592,"Tank3","Heated"
"4138",2025-06-29 16:45:58,32.497,538.2,"Tank3","Heated"
"4139",2025-06-29 16:50:58,32.497,538.2,"Tank3","Heated"
"4140",2025-06-29 16:55:58,32.394,549,"Tank3","Heated"
"4141",2025-06-29 17:00:58,32.188,538.2,"Tank3","Heated"
"4142",2025-06-29 17:05:58,32.291,495.1,"Tank3","Heated"
"4143",2025-06-29 17:10:58,32.497,505.9,"Tank3","Heated"
"4144",2025-06-29 17:15:58,32.394,419.8,"Tank3","Heated"
"4145",2025-06-29 17:20:58,32.291,452.1,"Tank3","Heated"
"4146",2025-06-29 17:25:58,32.188,430.6,"Tank3","Heated"
"4147",2025-06-29 17:30:58,32.394,419.8,"Tank3","Heated"
"4148",2025-06-29 17:35:58,32.497,398.3,"Tank3","Heated"
"4149",2025-06-29 17:40:58,32.394,376.7,"Tank3","Heated"
"4150",2025-06-29 17:45:58,32.291,344.4,"Tank3","Heated"
"4151",2025-06-29 17:50:58,32.188,387.5,"Tank3","Heated"
"4152",2025-06-29 17:55:58,32.497,312.2,"Tank3","Heated"
"4153",2025-06-29 18:00:58,32.394,344.4,"Tank3","Heated"
"4154",2025-06-29 18:05:58,32.291,236.8,"Tank3","Heated"
"4155",2025-06-29 18:10:58,32.188,258.3,"Tank3","Heated"
"4156",2025-06-29 18:15:58,32.291,258.3,"Tank3","Heated"
"4157",2025-06-29 18:20:58,32.497,193.8,"Tank3","Heated"
"4158",2025-06-29 18:25:58,32.394,226,"Tank3","Heated"
"4159",2025-06-29 18:30:58,32.291,226,"Tank3","Heated"
"4160",2025-06-29 18:35:58,32.188,204.5,"Tank3","Heated"
"4161",2025-06-29 18:40:58,32.394,193.8,"Tank3","Heated"
"4162",2025-06-29 18:45:58,32.394,172.2,"Tank3","Heated"
"4163",2025-06-29 18:50:58,32.291,139.9,"Tank3","Heated"
"4164",2025-06-29 18:55:58,32.188,161.5,"Tank3","Heated"
"4165",2025-06-29 19:00:58,32.291,139.9,"Tank3","Heated"
"4166",2025-06-29 19:05:58,32.497,139.9,"Tank3","Heated"
"4167",2025-06-29 19:10:58,32.394,161.5,"Tank3","Heated"
"4168",2025-06-29 19:15:58,32.291,118.4,"Tank3","Heated"
"4169",2025-06-29 19:20:58,32.188,32.3,"Tank3","Heated"
"4170",2025-06-29 19:25:58,32.394,64.6,"Tank3","Heated"
"4171",2025-06-29 19:30:58,32.394,10.8,"Tank3","Heated"
"4172",2025-06-29 19:35:58,32.291,53.8,"Tank3","Heated"
"4173",2025-06-29 19:40:58,32.188,21.5,"Tank3","Heated"
"4174",2025-06-29 19:45:58,32.291,75.3,"Tank3","Heated"
"4175",2025-06-29 19:50:58,32.394,10.8,"Tank3","Heated"
"4176",2025-06-29 19:55:58,32.394,0,"Tank3","Heated"
"4177",2025-06-29 20:00:58,32.291,0,"Tank3","Heated"
"4178",2025-06-29 20:05:58,32.188,0,"Tank3","Heated"
"4179",2025-06-29 20:10:58,32.394,0,"Tank3","Heated"
"4180",2025-06-29 20:15:58,32.394,0,"Tank3","Heated"
"4181",2025-06-29 20:20:58,32.291,0,"Tank3","Heated"
"4182",2025-06-29 20:25:58,32.188,0,"Tank3","Heated"
"4183",2025-06-29 20:30:58,32.291,0,"Tank3","Heated"
"4184",2025-06-29 20:35:58,32.497,0,"Tank3","Heated"
"4185",2025-06-29 20:40:58,32.394,0,"Tank3","Heated"
"4186",2025-06-29 20:45:58,32.291,0,"Tank3","Heated"
"4187",2025-06-29 20:50:58,32.086,0,"Tank3","Heated"
"4188",2025-06-29 20:55:58,32.394,0,"Tank3","Heated"
"4189",2025-06-29 21:00:58,32.394,0,"Tank3","Heated"
"4190",2025-06-29 21:05:58,32.291,0,"Tank3","Heated"
"4191",2025-06-29 21:10:58,32.188,0,"Tank3","Heated"
"4192",2025-06-29 21:15:58,32.291,0,"Tank3","Heated"
"4193",2025-06-29 21:20:58,32.394,0,"Tank3","Heated"
"4194",2025-06-29 21:25:58,32.394,0,"Tank3","Heated"
"4195",2025-06-29 21:30:58,32.291,0,"Tank3","Heated"
"4196",2025-06-29 21:35:58,32.188,0,"Tank3","Heated"
"4197",2025-06-29 21:40:58,32.394,0,"Tank3","Heated"
"4198",2025-06-29 21:45:58,32.394,0,"Tank3","Heated"
"4199",2025-06-29 21:50:58,32.291,0,"Tank3","Heated"
"4200",2025-06-29 21:55:58,32.188,0,"Tank3","Heated"
"4201",2025-06-29 22:00:58,32.188,0,"Tank3","Heated"
"4202",2025-06-29 22:05:58,32.394,0,"Tank3","Heated"
"4203",2025-06-29 22:10:58,32.394,0,"Tank3","Heated"
"4204",2025-06-29 22:15:58,32.291,0,"Tank3","Heated"
"4205",2025-06-29 22:20:58,32.188,0,"Tank3","Heated"
"4206",2025-06-29 22:25:58,32.394,0,"Tank3","Heated"
"4207",2025-06-29 22:30:58,32.394,0,"Tank3","Heated"
"4208",2025-06-29 22:35:58,32.291,0,"Tank3","Heated"
"4209",2025-06-29 22:40:58,32.188,0,"Tank3","Heated"
"4210",2025-06-29 22:45:58,32.291,0,"Tank3","Heated"
"4211",2025-06-29 22:50:58,32.394,0,"Tank3","Heated"
"4212",2025-06-29 22:55:58,32.394,0,"Tank3","Heated"
"4213",2025-06-29 23:00:58,32.188,0,"Tank3","Heated"
"4214",2025-06-29 23:05:58,32.188,0,"Tank3","Heated"
"4215",2025-06-29 23:10:58,32.394,0,"Tank3","Heated"
"4216",2025-06-29 23:15:58,32.394,0,"Tank3","Heated"
"4217",2025-06-29 23:20:58,32.291,0,"Tank3","Heated"
"4218",2025-06-29 23:25:58,32.188,0,"Tank3","Heated"
"4219",2025-06-29 23:30:58,32.291,0,"Tank3","Heated"
"4220",2025-06-29 23:35:58,32.394,0,"Tank3","Heated"
"4221",2025-06-29 23:40:58,32.291,0,"Tank3","Heated"
"4222",2025-06-29 23:45:58,32.188,0,"Tank3","Heated"
"4223",2025-06-29 23:50:58,32.188,0,"Tank3","Heated"
"4224",2025-06-29 23:55:58,32.394,0,"Tank3","Heated"
"4225",2025-06-30 00:00:58,32.394,0,"Tank3","Heated"
"4226",2025-06-30 00:05:58,32.291,0,"Tank3","Heated"
"4227",2025-06-30 00:10:58,32.086,0,"Tank3","Heated"
"4228",2025-06-30 00:15:58,32.394,0,"Tank3","Heated"
"4229",2025-06-30 00:20:58,32.394,0,"Tank3","Heated"
"4230",2025-06-30 00:25:58,32.291,0,"Tank3","Heated"
"4231",2025-06-30 00:30:58,32.188,0,"Tank3","Heated"
"4232",2025-06-30 00:35:58,32.291,0,"Tank3","Heated"
"4233",2025-06-30 00:40:58,32.394,0,"Tank3","Heated"
"4234",2025-06-30 00:45:58,32.394,0,"Tank3","Heated"
"4235",2025-06-30 00:50:58,32.188,0,"Tank3","Heated"
"4236",2025-06-30 00:55:58,32.188,0,"Tank3","Heated"
"4237",2025-06-30 01:00:58,32.394,0,"Tank3","Heated"
"4238",2025-06-30 01:05:58,32.394,0,"Tank3","Heated"
"4239",2025-06-30 01:10:58,32.291,0,"Tank3","Heated"
"4240",2025-06-30 01:15:58,32.188,0,"Tank3","Heated"
"4241",2025-06-30 01:20:58,32.394,0,"Tank3","Heated"
"4242",2025-06-30 01:25:58,32.394,0,"Tank3","Heated"
"4243",2025-06-30 01:30:58,32.291,0,"Tank3","Heated"
"4244",2025-06-30 01:35:58,32.188,0,"Tank3","Heated"
"4245",2025-06-30 01:40:58,32.291,0,"Tank3","Heated"
"4246",2025-06-30 01:45:58,32.394,0,"Tank3","Heated"
"4247",2025-06-30 01:50:58,32.291,0,"Tank3","Heated"
"4248",2025-06-30 01:55:58,32.188,0,"Tank3","Heated"
"4249",2025-06-30 02:00:58,32.188,0,"Tank3","Heated"
"4250",2025-06-30 02:05:58,32.394,0,"Tank3","Heated"
"4251",2025-06-30 02:10:58,32.394,0,"Tank3","Heated"
"4252",2025-06-30 02:15:58,32.291,0,"Tank3","Heated"
"4253",2025-06-30 02:20:58,32.188,0,"Tank3","Heated"
"4254",2025-06-30 02:25:58,32.394,0,"Tank3","Heated"
"4255",2025-06-30 02:30:58,32.394,0,"Tank3","Heated"
"4256",2025-06-30 02:35:58,32.291,0,"Tank3","Heated"
"4257",2025-06-30 02:40:58,32.188,0,"Tank3","Heated"
"4258",2025-06-30 02:45:58,32.291,0,"Tank3","Heated"
"4259",2025-06-30 02:50:58,32.394,0,"Tank3","Heated"
"4260",2025-06-30 02:55:58,32.394,0,"Tank3","Heated"
"4261",2025-06-30 03:00:58,32.188,0,"Tank3","Heated"
"4262",2025-06-30 03:05:58,32.188,0,"Tank3","Heated"
"4263",2025-06-30 03:10:58,32.394,0,"Tank3","Heated"
"4264",2025-06-30 03:15:58,32.394,0,"Tank3","Heated"
"4265",2025-06-30 03:20:58,32.291,0,"Tank3","Heated"
"4266",2025-06-30 03:25:58,32.188,0,"Tank3","Heated"
"4267",2025-06-30 03:30:58,32.394,0,"Tank3","Heated"
"4268",2025-06-30 03:35:58,32.394,0,"Tank3","Heated"
"4269",2025-06-30 03:40:58,32.291,0,"Tank3","Heated"
"4270",2025-06-30 03:45:58,32.188,0,"Tank3","Heated"
"4271",2025-06-30 03:50:58,32.291,0,"Tank3","Heated"
"4272",2025-06-30 03:55:58,32.394,0,"Tank3","Heated"
"4273",2025-06-30 04:00:58,32.291,0,"Tank3","Heated"
"4274",2025-06-30 04:05:58,32.188,0,"Tank3","Heated"
"4275",2025-06-30 04:10:58,32.188,0,"Tank3","Heated"
"4276",2025-06-30 04:15:58,32.394,0,"Tank3","Heated"
"4277",2025-06-30 04:20:58,32.394,0,"Tank3","Heated"
"4278",2025-06-30 04:25:58,32.291,0,"Tank3","Heated"
"4279",2025-06-30 04:30:58,32.086,0,"Tank3","Heated"
"4280",2025-06-30 04:35:58,32.394,0,"Tank3","Heated"
"4281",2025-06-30 04:40:58,32.394,0,"Tank3","Heated"
"4282",2025-06-30 04:45:58,32.291,0,"Tank3","Heated"
"4283",2025-06-30 04:50:58,32.188,0,"Tank3","Heated"
"4284",2025-06-30 04:55:58,32.291,0,"Tank3","Heated"
"4285",2025-06-30 05:00:58,32.394,0,"Tank3","Heated"
"4286",2025-06-30 05:05:58,32.291,0,"Tank3","Heated"
"4287",2025-06-30 05:10:58,32.188,0,"Tank3","Heated"
"4288",2025-06-30 05:15:58,32.188,0,"Tank3","Heated"
"4289",2025-06-30 05:20:58,32.394,0,"Tank3","Heated"
"4290",2025-06-30 05:25:58,32.394,0,"Tank3","Heated"
"4291",2025-06-30 05:30:58,32.291,0,"Tank3","Heated"
"4292",2025-06-30 05:35:58,32.086,0,"Tank3","Heated"
"4293",2025-06-30 05:40:58,32.394,0,"Tank3","Heated"
"4294",2025-06-30 05:45:58,32.394,0,"Tank3","Heated"
"4295",2025-06-30 05:50:58,32.291,0,"Tank3","Heated"
"4296",2025-06-30 05:55:58,32.188,0,"Tank3","Heated"
"4297",2025-06-30 06:00:58,32.291,0,"Tank3","Heated"
"4298",2025-06-30 06:05:58,32.394,0,"Tank3","Heated"
"4299",2025-06-30 06:10:58,32.291,0,"Tank3","Heated"
"4300",2025-06-30 06:15:58,32.188,0,"Tank3","Heated"
"4301",2025-06-30 06:20:58,32.188,0,"Tank3","Heated"
"4302",2025-06-30 06:25:58,32.394,0,"Tank3","Heated"
"4303",2025-06-30 06:30:58,32.291,0,"Tank3","Heated"
"4304",2025-06-30 06:35:58,32.291,0,"Tank3","Heated"
"4305",2025-06-30 06:40:58,32.188,0,"Tank3","Heated"
"4306",2025-06-30 06:45:58,32.394,0,"Tank3","Heated"
"4307",2025-06-30 06:50:58,32.394,0,"Tank3","Heated"
"4308",2025-06-30 06:55:58,32.291,0,"Tank3","Heated"
"4309",2025-06-30 07:00:58,32.086,0,"Tank3","Heated"
"4310",2025-06-30 07:05:58,32.394,0,"Tank3","Heated"
"4311",2025-06-30 07:10:58,32.394,0,"Tank3","Heated"
"4312",2025-06-30 07:15:58,32.291,0,"Tank3","Heated"
"4313",2025-06-30 07:20:58,32.188,0,"Tank3","Heated"
"4314",2025-06-30 07:25:58,32.291,0,"Tank3","Heated"
"4315",2025-06-30 07:30:58,32.394,0,"Tank3","Heated"
"4316",2025-06-30 07:35:58,32.394,0,"Tank3","Heated"
"4317",2025-06-30 07:40:58,32.291,0,"Tank3","Heated"
"4318",2025-06-30 07:45:58,32.188,0,"Tank3","Heated"
"4319",2025-06-30 07:50:58,32.394,0,"Tank3","Heated"
"4320",2025-06-30 07:55:58,32.394,0,"Tank3","Heated"
"4321",2025-06-25 08:01:24,25.222,0,"Tank4","Control"
"4322",2025-06-25 08:06:24,25.125,0,"Tank4","Control"
"4323",2025-06-25 08:11:24,25.125,0,"Tank4","Control"
"4324",2025-06-25 08:16:24,25.028,0,"Tank4","Control"
"4325",2025-06-25 08:21:24,25.222,0,"Tank4","Control"
"4326",2025-06-25 08:26:24,25.222,0,"Tank4","Control"
"4327",2025-06-25 08:31:24,25.222,0,"Tank4","Control"
"4328",2025-06-25 08:36:24,25.222,129.2,"Tank4","Control"
"4329",2025-06-25 08:41:24,25.222,118.4,"Tank4","Control"
"4330",2025-06-25 08:46:24,25.125,118.4,"Tank4","Control"
"4331",2025-06-25 08:51:24,25.125,107.6,"Tank4","Control"
"4332",2025-06-25 08:56:24,25.125,129.2,"Tank4","Control"
"4333",2025-06-25 09:01:24,25.125,161.5,"Tank4","Control"
"4334",2025-06-25 09:06:24,25.513,183,"Tank4","Control"
"4335",2025-06-25 09:11:24,25.513,172.2,"Tank4","Control"
"4336",2025-06-25 09:16:24,25.513,183,"Tank4","Control"
"4337",2025-06-25 09:21:24,25.416,139.9,"Tank4","Control"
"4338",2025-06-25 09:26:24,25.416,290.6,"Tank4","Control"
"4339",2025-06-25 09:31:24,25.319,204.5,"Tank4","Control"
"4340",2025-06-25 09:36:24,25.319,172.2,"Tank4","Control"
"4341",2025-06-25 09:41:24,25.222,236.8,"Tank4","Control"
"4342",2025-06-25 09:46:24,25.222,226,"Tank4","Control"
"4343",2025-06-25 09:51:24,25.319,0,"Tank4","Control"
"4344",2025-06-25 09:56:24,25.319,0,"Tank4","Control"
"4345",2025-06-25 10:01:24,25.319,0,"Tank4","Control"
"4346",2025-06-25 10:06:24,25.319,0,"Tank4","Control"
"4347",2025-06-25 10:11:24,25.222,301.4,"Tank4","Control"
"4348",2025-06-25 10:16:24,25.222,312.2,"Tank4","Control"
"4349",2025-06-25 10:21:24,25.416,301.4,"Tank4","Control"
"4350",2025-06-25 10:26:24,25.416,398.3,"Tank4","Control"
"4351",2025-06-25 10:31:24,25.319,452.1,"Tank4","Control"
"4352",2025-06-25 10:36:24,25.319,484.4,"Tank4","Control"
"4353",2025-06-25 10:41:24,25.222,0,"Tank4","Control"
"4354",2025-06-25 10:46:24,25.222,0,"Tank4","Control"
"4355",2025-06-25 10:51:24,25.222,0,"Tank4","Control"
"4356",2025-06-25 10:56:24,25.319,0,"Tank4","Control"
"4357",2025-06-25 11:01:24,25.319,0,"Tank4","Control"
"4358",2025-06-25 11:06:24,25.319,0,"Tank4","Control"
"4359",2025-06-25 11:11:24,25.222,0,"Tank4","Control"
"4360",2025-06-25 11:16:24,25.222,0,"Tank4","Control"
"4361",2025-06-25 11:21:24,25.222,0,"Tank4","Control"
"4362",2025-06-25 11:26:24,25.319,0,"Tank4","Control"
"4363",2025-06-25 11:31:24,25.319,0,"Tank4","Control"
"4364",2025-06-25 11:36:24,25.319,0,"Tank4","Control"
"4365",2025-06-25 11:41:24,25.319,0,"Tank4","Control"
"4366",2025-06-25 11:46:24,25.222,0,"Tank4","Control"
"4367",2025-06-25 11:51:24,25.222,753.5,"Tank4","Control"
"4368",2025-06-25 11:56:24,25.222,742.7,"Tank4","Control"
"4369",2025-06-25 12:01:24,25.416,688.9,"Tank4","Control"
"4370",2025-06-25 12:06:24,25.416,764.2,"Tank4","Control"
"4371",2025-06-25 12:11:24,25.416,688.9,"Tank4","Control"
"4372",2025-06-25 12:16:24,25.319,699.7,"Tank4","Control"
"4373",2025-06-25 12:21:24,25.319,710.4,"Tank4","Control"
"4374",2025-06-25 12:26:24,25.222,699.7,"Tank4","Control"
"4375",2025-06-25 12:31:24,25.222,742.7,"Tank4","Control"
"4376",2025-06-25 12:36:24,25.416,731.9,"Tank4","Control"
"4377",2025-06-25 12:41:24,25.416,764.2,"Tank4","Control"
"4378",2025-06-25 12:46:24,25.416,796.5,"Tank4","Control"
"4379",2025-06-25 12:51:24,25.319,0,"Tank4","Control"
"4380",2025-06-25 12:56:24,25.319,0,"Tank4","Control"
"4381",2025-06-25 13:01:24,25.222,0,"Tank4","Control"
"4382",2025-06-25 13:06:24,25.222,0,"Tank4","Control"
"4383",2025-06-25 13:11:24,25.222,0,"Tank4","Control"
"4384",2025-06-25 13:16:24,25.319,0,"Tank4","Control"
"4385",2025-06-25 13:21:24,25.319,0,"Tank4","Control"
"4386",2025-06-25 13:26:24,25.319,0,"Tank4","Control"
"4387",2025-06-25 13:31:24,25.319,0,"Tank4","Control"
"4388",2025-06-25 13:36:24,25.319,0,"Tank4","Control"
"4389",2025-06-25 13:41:24,25.319,721.2,"Tank4","Control"
"4390",2025-06-25 13:46:24,25.222,742.7,"Tank4","Control"
"4391",2025-06-25 13:51:24,25.319,753.5,"Tank4","Control"
"4392",2025-06-25 13:56:24,25.416,785.8,"Tank4","Control"
"4393",2025-06-25 14:01:24,25.416,742.7,"Tank4","Control"
"4394",2025-06-25 14:06:24,25.416,753.5,"Tank4","Control"
"4395",2025-06-25 14:11:24,25.319,764.2,"Tank4","Control"
"4396",2025-06-25 14:16:24,25.319,785.8,"Tank4","Control"
"4397",2025-06-25 14:21:24,25.319,688.9,"Tank4","Control"
"4398",2025-06-25 14:26:24,25.222,785.8,"Tank4","Control"
"4399",2025-06-25 14:31:24,25.319,710.4,"Tank4","Control"
"4400",2025-06-25 14:36:24,25.416,753.5,"Tank4","Control"
"4401",2025-06-25 14:41:24,25.416,721.2,"Tank4","Control"
"4402",2025-06-25 14:46:24,25.319,775,"Tank4","Control"
"4403",2025-06-25 14:51:24,25.319,710.4,"Tank4","Control"
"4404",2025-06-25 14:56:24,25.319,721.2,"Tank4","Control"
"4405",2025-06-25 15:01:24,25.222,764.2,"Tank4","Control"
"4406",2025-06-25 15:06:24,25.222,753.5,"Tank4","Control"
"4407",2025-06-25 15:11:24,25.416,710.4,"Tank4","Control"
"4408",2025-06-25 15:16:24,25.416,775,"Tank4","Control"
"4409",2025-06-25 15:21:24,25.416,785.8,"Tank4","Control"
"4410",2025-06-25 15:26:24,25.319,731.9,"Tank4","Control"
"4411",2025-06-25 15:31:24,25.319,742.7,"Tank4","Control"
"4412",2025-06-25 15:36:24,25.319,753.5,"Tank4","Control"
"4413",2025-06-25 15:41:24,25.222,731.9,"Tank4","Control"
"4414",2025-06-25 15:46:24,25.222,710.4,"Tank4","Control"
"4415",2025-06-25 15:51:24,25.416,785.8,"Tank4","Control"
"4416",2025-06-25 15:56:24,25.416,796.5,"Tank4","Control"
"4417",2025-06-25 16:01:24,25.416,699.7,"Tank4","Control"
"4418",2025-06-25 16:06:24,25.319,699.7,"Tank4","Control"
"4419",2025-06-25 16:11:24,25.319,678.1,"Tank4","Control"
"4420",2025-06-25 16:16:24,25.319,678.1,"Tank4","Control"
"4421",2025-06-25 16:21:24,25.222,624.3,"Tank4","Control"
"4422",2025-06-25 16:26:24,25.222,613.5,"Tank4","Control"
"4423",2025-06-25 16:31:24,25.416,645.8,"Tank4","Control"
"4424",2025-06-25 16:36:24,25.416,645.8,"Tank4","Control"
"4425",2025-06-25 16:41:24,25.416,635.1,"Tank4","Control"
"4426",2025-06-25 16:46:24,25.319,549,"Tank4","Control"
"4427",2025-06-25 16:51:24,25.319,516.7,"Tank4","Control"
"4428",2025-06-25 16:56:24,25.319,527.4,"Tank4","Control"
"4429",2025-06-25 17:01:24,25.222,495.1,"Tank4","Control"
"4430",2025-06-25 17:06:24,25.222,473.6,"Tank4","Control"
"4431",2025-06-25 17:11:24,25.319,452.1,"Tank4","Control"
"4432",2025-06-25 17:16:24,25.416,462.9,"Tank4","Control"
"4433",2025-06-25 17:21:24,25.416,495.1,"Tank4","Control"
"4434",2025-06-25 17:26:24,25.319,516.7,"Tank4","Control"
"4435",2025-06-25 17:31:24,25.319,495.1,"Tank4","Control"
"4436",2025-06-25 17:36:24,25.319,484.4,"Tank4","Control"
"4437",2025-06-25 17:41:24,25.222,409,"Tank4","Control"
"4438",2025-06-25 17:46:24,25.222,419.8,"Tank4","Control"
"4439",2025-06-25 17:51:24,25.319,322.9,"Tank4","Control"
"4440",2025-06-25 17:56:24,25.416,312.2,"Tank4","Control"
"4441",2025-06-25 18:01:24,25.416,366,"Tank4","Control"
"4442",2025-06-25 18:06:24,25.319,269.1,"Tank4","Control"
"4443",2025-06-25 18:11:24,25.319,269.1,"Tank4","Control"
"4444",2025-06-25 18:16:24,25.319,355.2,"Tank4","Control"
"4445",2025-06-25 18:21:24,25.222,344.4,"Tank4","Control"
"4446",2025-06-25 18:26:24,25.222,322.9,"Tank4","Control"
"4447",2025-06-25 18:31:24,25.222,172.2,"Tank4","Control"
"4448",2025-06-25 18:36:24,25.319,161.5,"Tank4","Control"
"4449",2025-06-25 18:41:24,25.319,150.7,"Tank4","Control"
"4450",2025-06-25 18:46:24,25.319,161.5,"Tank4","Control"
"4451",2025-06-25 18:51:24,25.319,129.2,"Tank4","Control"
"4452",2025-06-25 18:56:24,25.222,129.2,"Tank4","Control"
"4453",2025-06-25 19:01:24,25.222,75.3,"Tank4","Control"
"4454",2025-06-25 19:06:24,25.222,32.3,"Tank4","Control"
"4455",2025-06-25 19:11:24,25.416,64.6,"Tank4","Control"
"4456",2025-06-25 19:16:24,25.416,139.9,"Tank4","Control"
"4457",2025-06-25 19:21:24,25.319,129.2,"Tank4","Control"
"4458",2025-06-25 19:26:24,25.319,21.5,"Tank4","Control"
"4459",2025-06-25 19:31:24,25.319,43.1,"Tank4","Control"
"4460",2025-06-25 19:36:24,25.222,10.8,"Tank4","Control"
"4461",2025-06-25 19:41:24,25.222,0,"Tank4","Control"
"4462",2025-06-25 19:46:24,25.222,32.3,"Tank4","Control"
"4463",2025-06-25 19:51:24,25.416,0,"Tank4","Control"
"4464",2025-06-25 19:56:24,25.416,0,"Tank4","Control"
"4465",2025-06-25 20:01:24,25.319,0,"Tank4","Control"
"4466",2025-06-25 20:06:24,25.319,0,"Tank4","Control"
"4467",2025-06-25 20:11:24,25.222,0,"Tank4","Control"
"4468",2025-06-25 20:16:24,25.222,0,"Tank4","Control"
"4469",2025-06-25 20:21:24,25.222,0,"Tank4","Control"
"4470",2025-06-25 20:26:24,25.319,0,"Tank4","Control"
"4471",2025-06-25 20:31:24,25.319,0,"Tank4","Control"
"4472",2025-06-25 20:36:24,25.319,0,"Tank4","Control"
"4473",2025-06-25 20:41:24,25.222,0,"Tank4","Control"
"4474",2025-06-25 20:46:24,25.222,0,"Tank4","Control"
"4475",2025-06-25 20:51:24,25.222,0,"Tank4","Control"
"4476",2025-06-25 20:56:24,25.319,0,"Tank4","Control"
"4477",2025-06-25 21:01:24,25.416,0,"Tank4","Control"
"4478",2025-06-25 21:06:24,25.319,0,"Tank4","Control"
"4479",2025-06-25 21:11:24,25.319,0,"Tank4","Control"
"4480",2025-06-25 21:16:24,25.222,0,"Tank4","Control"
"4481",2025-06-25 21:21:24,25.222,0,"Tank4","Control"
"4482",2025-06-25 21:26:24,25.222,0,"Tank4","Control"
"4483",2025-06-25 21:31:24,25.416,0,"Tank4","Control"
"4484",2025-06-25 21:36:24,25.319,0,"Tank4","Control"
"4485",2025-06-25 21:41:24,25.319,0,"Tank4","Control"
"4486",2025-06-25 21:46:24,25.222,0,"Tank4","Control"
"4487",2025-06-25 21:51:24,25.222,0,"Tank4","Control"
"4488",2025-06-25 21:56:24,25.222,0,"Tank4","Control"
"4489",2025-06-25 22:01:24,25.319,0,"Tank4","Control"
"4490",2025-06-25 22:06:24,25.319,32.3,"Tank4","Control"
"4491",2025-06-25 22:11:24,25.319,32.3,"Tank4","Control"
"4492",2025-06-25 22:16:24,25.319,32.3,"Tank4","Control"
"4493",2025-06-25 22:21:24,25.222,32.3,"Tank4","Control"
"4494",2025-06-25 22:26:24,25.416,0,"Tank4","Control"
"4495",2025-06-25 22:31:24,25.416,0,"Tank4","Control"
"4496",2025-06-25 22:36:24,25.416,0,"Tank4","Control"
"4497",2025-06-25 22:41:24,25.319,0,"Tank4","Control"
"4498",2025-06-25 22:46:24,25.319,0,"Tank4","Control"
"4499",2025-06-25 22:51:24,25.222,0,"Tank4","Control"
"4500",2025-06-25 22:56:24,25.222,0,"Tank4","Control"
"4501",2025-06-25 23:01:24,25.416,0,"Tank4","Control"
"4502",2025-06-25 23:06:24,25.416,0,"Tank4","Control"
"4503",2025-06-25 23:11:24,25.416,0,"Tank4","Control"
"4504",2025-06-25 23:16:24,25.319,0,"Tank4","Control"
"4505",2025-06-25 23:21:24,25.319,0,"Tank4","Control"
"4506",2025-06-25 23:26:24,25.319,0,"Tank4","Control"
"4507",2025-06-25 23:31:24,25.222,0,"Tank4","Control"
"4508",2025-06-25 23:36:24,25.416,0,"Tank4","Control"
"4509",2025-06-25 23:41:24,25.416,0,"Tank4","Control"
"4510",2025-06-25 23:46:24,25.416,0,"Tank4","Control"
"4511",2025-06-25 23:51:24,25.319,0,"Tank4","Control"
"4512",2025-06-25 23:56:24,25.319,0,"Tank4","Control"
"4513",2025-06-26 00:01:24,25.319,0,"Tank4","Control"
"4514",2025-06-26 00:06:24,25.222,0,"Tank4","Control"
"4515",2025-06-26 00:11:24,25.319,0,"Tank4","Control"
"4516",2025-06-26 00:16:24,25.416,0,"Tank4","Control"
"4517",2025-06-26 00:21:24,25.416,0,"Tank4","Control"
"4518",2025-06-26 00:26:24,25.416,0,"Tank4","Control"
"4519",2025-06-26 00:31:24,25.319,0,"Tank4","Control"
"4520",2025-06-26 00:36:24,25.319,0,"Tank4","Control"
"4521",2025-06-26 00:41:24,25.319,0,"Tank4","Control"
"4522",2025-06-26 00:46:24,25.222,0,"Tank4","Control"
"4523",2025-06-26 00:51:24,25.416,0,"Tank4","Control"
"4524",2025-06-26 00:56:24,25.416,0,"Tank4","Control"
"4525",2025-06-26 01:01:24,25.416,0,"Tank4","Control"
"4526",2025-06-26 01:06:24,25.416,0,"Tank4","Control"
"4527",2025-06-26 01:11:24,25.319,0,"Tank4","Control"
"4528",2025-06-26 01:16:24,25.319,0,"Tank4","Control"
"4529",2025-06-26 01:21:24,25.319,0,"Tank4","Control"
"4530",2025-06-26 01:26:24,25.222,0,"Tank4","Control"
"4531",2025-06-26 01:31:24,25.319,0,"Tank4","Control"
"4532",2025-06-26 01:36:24,25.416,0,"Tank4","Control"
"4533",2025-06-26 01:41:24,25.416,0,"Tank4","Control"
"4534",2025-06-26 01:46:24,25.416,0,"Tank4","Control"
"4535",2025-06-26 01:51:24,25.319,0,"Tank4","Control"
"4536",2025-06-26 01:56:24,25.319,0,"Tank4","Control"
"4537",2025-06-26 02:01:24,25.319,0,"Tank4","Control"
"4538",2025-06-26 02:06:24,25.222,0,"Tank4","Control"
"4539",2025-06-26 02:11:24,25.416,0,"Tank4","Control"
"4540",2025-06-26 02:16:24,25.416,0,"Tank4","Control"
"4541",2025-06-26 02:21:24,25.416,0,"Tank4","Control"
"4542",2025-06-26 02:26:24,25.319,0,"Tank4","Control"
"4543",2025-06-26 02:31:24,25.319,0,"Tank4","Control"
"4544",2025-06-26 02:36:24,25.319,0,"Tank4","Control"
"4545",2025-06-26 02:41:24,25.222,0,"Tank4","Control"
"4546",2025-06-26 02:46:24,25.319,0,"Tank4","Control"
"4547",2025-06-26 02:51:24,25.416,0,"Tank4","Control"
"4548",2025-06-26 02:56:24,25.416,0,"Tank4","Control"
"4549",2025-06-26 03:01:24,25.416,0,"Tank4","Control"
"4550",2025-06-26 03:06:24,25.319,0,"Tank4","Control"
"4551",2025-06-26 03:11:24,25.319,0,"Tank4","Control"
"4552",2025-06-26 03:16:24,25.319,0,"Tank4","Control"
"4553",2025-06-26 03:21:24,25.222,0,"Tank4","Control"
"4554",2025-06-26 03:26:24,25.416,0,"Tank4","Control"
"4555",2025-06-26 03:31:24,25.416,0,"Tank4","Control"
"4556",2025-06-26 03:36:24,25.416,0,"Tank4","Control"
"4557",2025-06-26 03:41:24,25.319,0,"Tank4","Control"
"4558",2025-06-26 03:46:24,25.319,0,"Tank4","Control"
"4559",2025-06-26 03:51:24,25.319,0,"Tank4","Control"
"4560",2025-06-26 03:56:24,25.222,0,"Tank4","Control"
"4561",2025-06-26 04:01:24,25.319,0,"Tank4","Control"
"4562",2025-06-26 04:06:24,25.416,0,"Tank4","Control"
"4563",2025-06-26 04:11:24,25.416,0,"Tank4","Control"
"4564",2025-06-26 04:16:24,25.319,0,"Tank4","Control"
"4565",2025-06-26 04:21:24,25.319,0,"Tank4","Control"
"4566",2025-06-26 04:26:24,25.319,0,"Tank4","Control"
"4567",2025-06-26 04:31:24,25.222,0,"Tank4","Control"
"4568",2025-06-26 04:36:24,25.222,0,"Tank4","Control"
"4569",2025-06-26 04:41:24,25.416,0,"Tank4","Control"
"4570",2025-06-26 04:46:24,25.416,0,"Tank4","Control"
"4571",2025-06-26 04:51:24,25.416,0,"Tank4","Control"
"4572",2025-06-26 04:56:24,25.416,0,"Tank4","Control"
"4573",2025-06-26 05:01:24,25.319,0,"Tank4","Control"
"4574",2025-06-26 05:06:24,25.319,0,"Tank4","Control"
"4575",2025-06-26 05:11:24,25.319,0,"Tank4","Control"
"4576",2025-06-26 05:16:24,25.222,0,"Tank4","Control"
"4577",2025-06-26 05:21:24,25.416,0,"Tank4","Control"
"4578",2025-06-26 05:26:24,25.416,0,"Tank4","Control"
"4579",2025-06-26 05:31:24,25.416,0,"Tank4","Control"
"4580",2025-06-26 05:36:24,25.416,0,"Tank4","Control"
"4581",2025-06-26 05:41:24,25.319,0,"Tank4","Control"
"4582",2025-06-26 05:46:24,25.319,0,"Tank4","Control"
"4583",2025-06-26 05:51:24,25.319,0,"Tank4","Control"
"4584",2025-06-26 05:56:24,25.222,0,"Tank4","Control"
"4585",2025-06-26 06:01:24,25.416,0,"Tank4","Control"
"4586",2025-06-26 06:06:24,25.416,0,"Tank4","Control"
"4587",2025-06-26 06:11:24,25.416,0,"Tank4","Control"
"4588",2025-06-26 06:16:24,25.416,0,"Tank4","Control"
"4589",2025-06-26 06:21:24,25.319,0,"Tank4","Control"
"4590",2025-06-26 06:26:24,25.319,0,"Tank4","Control"
"4591",2025-06-26 06:31:24,25.222,0,"Tank4","Control"
"4592",2025-06-26 06:36:24,25.222,0,"Tank4","Control"
"4593",2025-06-26 06:41:24,25.416,0,"Tank4","Control"
"4594",2025-06-26 06:46:24,25.416,0,"Tank4","Control"
"4595",2025-06-26 06:51:24,25.416,0,"Tank4","Control"
"4596",2025-06-26 06:56:24,25.319,0,"Tank4","Control"
"4597",2025-06-26 07:01:24,25.319,0,"Tank4","Control"
"4598",2025-06-26 07:06:24,25.319,0,"Tank4","Control"
"4599",2025-06-26 07:11:24,25.222,0,"Tank4","Control"
"4600",2025-06-26 07:16:24,25.222,0,"Tank4","Control"
"4601",2025-06-26 07:21:24,25.416,0,"Tank4","Control"
"4602",2025-06-26 07:26:24,25.416,0,"Tank4","Control"
"4603",2025-06-26 07:31:24,25.416,0,"Tank4","Control"
"4604",2025-06-26 07:36:24,25.416,0,"Tank4","Control"
"4605",2025-06-26 07:41:24,25.319,0,"Tank4","Control"
"4606",2025-06-26 07:46:24,25.319,0,"Tank4","Control"
"4607",2025-06-26 07:51:24,25.319,0,"Tank4","Control"
"4608",2025-06-26 07:56:24,25.222,0,"Tank4","Control"
"4609",2025-06-26 08:01:24,25.416,0,"Tank4","Control"
"4610",2025-06-26 08:06:24,25.416,0,"Tank4","Control"
"4611",2025-06-26 08:11:24,25.416,0,"Tank4","Control"
"4612",2025-06-26 08:16:24,25.416,0,"Tank4","Control"
"4613",2025-06-26 08:21:24,25.319,0,"Tank4","Control"
"4614",2025-06-26 08:26:24,25.319,0,"Tank4","Control"
"4615",2025-06-26 08:31:24,25.319,0,"Tank4","Control"
"4616",2025-06-26 08:36:24,25.319,32.3,"Tank4","Control"
"4617",2025-06-26 08:41:24,25.222,32.3,"Tank4","Control"
"4618",2025-06-26 08:46:24,25.319,43.1,"Tank4","Control"
"4619",2025-06-26 08:51:24,25.416,32.3,"Tank4","Control"
"4620",2025-06-26 08:56:24,25.416,32.3,"Tank4","Control"
"4621",2025-06-26 09:01:24,25.416,161.5,"Tank4","Control"
"4622",2025-06-26 09:06:24,25.416,226,"Tank4","Control"
"4623",2025-06-26 09:11:24,25.319,183,"Tank4","Control"
"4624",2025-06-26 09:16:24,25.319,183,"Tank4","Control"
"4625",2025-06-26 09:21:24,25.319,183,"Tank4","Control"
"4626",2025-06-26 09:26:24,25.222,172.2,"Tank4","Control"
"4627",2025-06-26 09:31:24,25.222,193.8,"Tank4","Control"
"4628",2025-06-26 09:36:24,25.222,215.3,"Tank4","Control"
"4629",2025-06-26 09:41:24,25.222,226,"Tank4","Control"
"4630",2025-06-26 09:46:24,25.125,279.9,"Tank4","Control"
"4631",2025-06-26 09:51:24,25.125,290.6,"Tank4","Control"
"4632",2025-06-26 09:56:24,25.125,301.4,"Tank4","Control"
"4633",2025-06-26 10:01:24,25.125,258.3,"Tank4","Control"
"4634",2025-06-26 10:06:24,25.222,333.7,"Tank4","Control"
"4635",2025-06-26 10:11:24,25.222,312.2,"Tank4","Control"
"4636",2025-06-26 10:16:24,25.125,355.2,"Tank4","Control"
"4637",2025-06-26 10:21:24,25.125,387.5,"Tank4","Control"
"4638",2025-06-26 10:26:24,25.125,322.9,"Tank4","Control"
"4639",2025-06-26 10:31:24,25.125,419.8,"Tank4","Control"
"4640",2025-06-26 10:36:24,25.319,398.3,"Tank4","Control"
"4641",2025-06-26 10:41:24,25.319,516.7,"Tank4","Control"
"4642",2025-06-26 10:46:24,25.222,495.1,"Tank4","Control"
"4643",2025-06-26 10:51:24,25.222,452.1,"Tank4","Control"
"4644",2025-06-26 10:56:24,25.222,505.9,"Tank4","Control"
"4645",2025-06-26 11:01:24,25.222,495.1,"Tank4","Control"
"4646",2025-06-26 11:06:24,25.125,495.1,"Tank4","Control"
"4647",2025-06-26 11:11:24,25.125,549,"Tank4","Control"
"4648",2025-06-26 11:16:24,25.125,538.2,"Tank4","Control"
"4649",2025-06-26 11:21:24,25.125,602.8,"Tank4","Control"
"4650",2025-06-26 11:26:24,25.319,559.7,"Tank4","Control"
"4651",2025-06-26 11:31:24,25.319,678.1,"Tank4","Control"
"4652",2025-06-26 11:36:24,25.222,592,"Tank4","Control"
"4653",2025-06-26 11:41:24,25.222,624.3,"Tank4","Control"
"4654",2025-06-26 11:46:24,25.222,688.9,"Tank4","Control"
"4655",2025-06-26 11:51:24,25.222,635.1,"Tank4","Control"
"4656",2025-06-26 11:56:24,25.125,688.9,"Tank4","Control"
"4657",2025-06-26 12:01:24,25.125,753.5,"Tank4","Control"
"4658",2025-06-26 12:06:24,25.125,721.2,"Tank4","Control"
"4659",2025-06-26 12:11:24,25.222,699.7,"Tank4","Control"
"4660",2025-06-26 12:16:24,25.319,699.7,"Tank4","Control"
"4661",2025-06-26 12:21:24,25.319,796.5,"Tank4","Control"
"4662",2025-06-26 12:26:24,25.319,731.9,"Tank4","Control"
"4663",2025-06-26 12:31:24,25.319,699.7,"Tank4","Control"
"4664",2025-06-26 12:36:24,25.222,710.4,"Tank4","Control"
"4665",2025-06-26 12:41:24,25.222,796.5,"Tank4","Control"
"4666",2025-06-26 12:46:24,25.222,699.7,"Tank4","Control"
"4667",2025-06-26 12:51:24,25.125,32.3,"Tank4","Control"
"4668",2025-06-26 12:56:24,25.125,0,"Tank4","Control"
"4669",2025-06-26 13:01:24,25.125,0,"Tank4","Control"
"4670",2025-06-26 13:06:24,24.931,0,"Tank4","Control"
"4671",2025-06-26 13:11:24,25.222,0,"Tank4","Control"
"4672",2025-06-26 13:16:24,25.222,0,"Tank4","Control"
"4673",2025-06-26 13:21:24,25.222,0,"Tank4","Control"
"4674",2025-06-26 13:26:24,25.222,0,"Tank4","Control"
"4675",2025-06-26 13:31:24,25.222,764.2,"Tank4","Control"
"4676",2025-06-26 13:36:24,25.222,710.4,"Tank4","Control"
"4677",2025-06-26 13:41:24,25.222,764.2,"Tank4","Control"
"4678",2025-06-26 13:46:24,25.125,785.8,"Tank4","Control"
"4679",2025-06-26 13:51:24,25.125,753.5,"Tank4","Control"
"4680",2025-06-26 13:56:24,25.125,785.8,"Tank4","Control"
"4681",2025-06-26 14:01:24,25.319,775,"Tank4","Control"
"4682",2025-06-26 14:06:24,25.319,688.9,"Tank4","Control"
"4683",2025-06-26 14:11:24,25.319,731.9,"Tank4","Control"
"4684",2025-06-26 14:16:24,25.222,699.7,"Tank4","Control"
"4685",2025-06-26 14:21:24,25.222,688.9,"Tank4","Control"
"4686",2025-06-26 14:26:24,25.222,699.7,"Tank4","Control"
"4687",2025-06-26 14:31:24,25.222,764.2,"Tank4","Control"
"4688",2025-06-26 14:36:24,25.125,710.4,"Tank4","Control"
"4689",2025-06-26 14:41:24,25.125,807.3,"Tank4","Control"
"4690",2025-06-26 14:46:24,25.125,785.8,"Tank4","Control"
"4691",2025-06-26 14:51:24,25.222,775,"Tank4","Control"
"4692",2025-06-26 14:56:24,25.319,775,"Tank4","Control"
"4693",2025-06-26 15:01:24,25.319,710.4,"Tank4","Control"
"4694",2025-06-26 15:06:24,25.222,775,"Tank4","Control"
"4695",2025-06-26 15:11:24,25.222,688.9,"Tank4","Control"
"4696",2025-06-26 15:16:24,25.222,796.5,"Tank4","Control"
"4697",2025-06-26 15:21:24,25.222,764.2,"Tank4","Control"
"4698",2025-06-26 15:26:24,25.125,828.8,"Tank4","Control"
"4699",2025-06-26 15:31:24,25.125,613.5,"Tank4","Control"
"4700",2025-06-26 15:36:24,25.125,785.8,"Tank4","Control"
"4701",2025-06-26 15:41:24,25.125,731.9,"Tank4","Control"
"4702",2025-06-26 15:46:24,25.319,710.4,"Tank4","Control"
"4703",2025-06-26 15:51:24,25.319,721.2,"Tank4","Control"
"4704",2025-06-26 15:56:24,25.222,688.9,"Tank4","Control"
"4705",2025-06-26 16:01:24,25.222,710.4,"Tank4","Control"
"4706",2025-06-26 16:06:24,25.222,742.7,"Tank4","Control"
"4707",2025-06-26 16:11:24,25.222,721.2,"Tank4","Control"
"4708",2025-06-26 16:16:24,25.222,807.3,"Tank4","Control"
"4709",2025-06-26 16:21:24,25.125,839.6,"Tank4","Control"
"4710",2025-06-26 16:26:24,25.125,882.6,"Tank4","Control"
"4711",2025-06-26 16:31:24,25.125,645.8,"Tank4","Control"
"4712",2025-06-26 16:36:24,25.125,624.3,"Tank4","Control"
"4713",2025-06-26 16:41:24,25.125,613.5,"Tank4","Control"
"4714",2025-06-26 16:46:24,25.416,656.6,"Tank4","Control"
"4715",2025-06-26 16:51:24,25.61,559.7,"Tank4","Control"
"4716",2025-06-26 16:56:24,25.61,635.1,"Tank4","Control"
"4717",2025-06-26 17:01:24,25.61,484.4,"Tank4","Control"
"4718",2025-06-26 17:06:24,25.513,581.3,"Tank4","Control"
"4719",2025-06-26 17:11:24,25.513,430.6,"Tank4","Control"
"4720",2025-06-26 17:16:24,25.513,430.6,"Tank4","Control"
"4721",2025-06-26 17:21:24,25.416,398.3,"Tank4","Control"
"4722",2025-06-26 17:26:24,25.416,430.6,"Tank4","Control"
"4723",2025-06-26 17:31:24,25.416,473.6,"Tank4","Control"
"4724",2025-06-26 17:36:24,25.319,355.2,"Tank4","Control"
"4725",2025-06-26 17:41:24,25.319,322.9,"Tank4","Control"
"4726",2025-06-26 17:46:24,25.319,366,"Tank4","Control"
"4727",2025-06-26 17:51:24,25.319,322.9,"Tank4","Control"
"4728",2025-06-26 17:56:24,25.416,269.1,"Tank4","Control"
"4729",2025-06-26 18:01:24,25.416,312.2,"Tank4","Control"
"4730",2025-06-26 18:06:24,25.416,247.6,"Tank4","Control"
"4731",2025-06-26 18:11:24,25.416,322.9,"Tank4","Control"
"4732",2025-06-26 18:16:24,25.319,312.2,"Tank4","Control"
"4733",2025-06-26 18:21:24,25.319,193.8,"Tank4","Control"
"4734",2025-06-26 18:26:24,25.319,204.5,"Tank4","Control"
"4735",2025-06-26 18:31:24,25.222,183,"Tank4","Control"
"4736",2025-06-26 18:36:24,25.319,118.4,"Tank4","Control"
"4737",2025-06-26 18:41:24,25.416,75.3,"Tank4","Control"
"4738",2025-06-26 18:46:24,25.416,118.4,"Tank4","Control"
"4739",2025-06-26 18:51:24,25.416,96.9,"Tank4","Control"
"4740",2025-06-26 18:56:24,25.319,86.1,"Tank4","Control"
"4741",2025-06-26 19:01:24,25.319,96.9,"Tank4","Control"
"4742",2025-06-26 19:06:24,25.319,43.1,"Tank4","Control"
"4743",2025-06-26 19:11:24,25.222,107.6,"Tank4","Control"
"4744",2025-06-26 19:16:24,25.416,107.6,"Tank4","Control"
"4745",2025-06-26 19:21:24,25.416,53.8,"Tank4","Control"
"4746",2025-06-26 19:26:24,25.416,64.6,"Tank4","Control"
"4747",2025-06-26 19:31:24,25.416,10.8,"Tank4","Control"
"4748",2025-06-26 19:36:24,25.319,64.6,"Tank4","Control"
"4749",2025-06-26 19:41:24,25.319,0,"Tank4","Control"
"4750",2025-06-26 19:46:24,25.319,10.8,"Tank4","Control"
"4751",2025-06-26 19:51:24,25.222,0,"Tank4","Control"
"4752",2025-06-26 19:56:24,25.319,0,"Tank4","Control"
"4753",2025-06-26 20:01:24,25.416,0,"Tank4","Control"
"4754",2025-06-26 20:06:24,25.416,0,"Tank4","Control"
"4755",2025-06-26 20:11:24,25.319,0,"Tank4","Control"
"4756",2025-06-26 20:16:24,25.319,0,"Tank4","Control"
"4757",2025-06-26 20:21:24,25.319,0,"Tank4","Control"
"4758",2025-06-26 20:26:24,25.222,0,"Tank4","Control"
"4759",2025-06-26 20:31:24,25.222,0,"Tank4","Control"
"4760",2025-06-26 20:36:24,25.416,0,"Tank4","Control"
"4761",2025-06-26 20:41:24,25.416,0,"Tank4","Control"
"4762",2025-06-26 20:46:24,25.416,0,"Tank4","Control"
"4763",2025-06-26 20:51:24,25.416,0,"Tank4","Control"
"4764",2025-06-26 20:56:24,25.319,0,"Tank4","Control"
"4765",2025-06-26 21:01:24,25.319,0,"Tank4","Control"
"4766",2025-06-26 21:06:24,25.319,0,"Tank4","Control"
"4767",2025-06-26 21:11:24,25.222,0,"Tank4","Control"
"4768",2025-06-26 21:16:24,25.222,0,"Tank4","Control"
"4769",2025-06-26 21:21:24,25.416,0,"Tank4","Control"
"4770",2025-06-26 21:26:24,25.416,0,"Tank4","Control"
"4771",2025-06-26 21:31:24,25.416,0,"Tank4","Control"
"4772",2025-06-26 21:36:24,25.319,0,"Tank4","Control"
"4773",2025-06-26 21:41:24,25.319,0,"Tank4","Control"
"4774",2025-06-26 21:46:24,25.319,0,"Tank4","Control"
"4775",2025-06-26 21:51:24,25.222,0,"Tank4","Control"
"4776",2025-06-26 21:56:24,25.319,0,"Tank4","Control"
"4777",2025-06-26 22:01:24,25.416,0,"Tank4","Control"
"4778",2025-06-26 22:06:24,25.416,0,"Tank4","Control"
"4779",2025-06-26 22:11:24,25.319,0,"Tank4","Control"
"4780",2025-06-26 22:16:24,25.319,0,"Tank4","Control"
"4781",2025-06-26 22:21:24,25.319,0,"Tank4","Control"
"4782",2025-06-26 22:26:24,25.222,0,"Tank4","Control"
"4783",2025-06-26 22:31:24,25.222,0,"Tank4","Control"
"4784",2025-06-26 22:36:24,25.416,0,"Tank4","Control"
"4785",2025-06-26 22:41:24,25.416,0,"Tank4","Control"
"4786",2025-06-26 22:46:24,25.416,0,"Tank4","Control"
"4787",2025-06-26 22:51:24,25.319,0,"Tank4","Control"
"4788",2025-06-26 22:56:24,25.319,0,"Tank4","Control"
"4789",2025-06-26 23:01:24,25.319,0,"Tank4","Control"
"4790",2025-06-26 23:06:24,25.222,0,"Tank4","Control"
"4791",2025-06-26 23:11:24,25.319,0,"Tank4","Control"
"4792",2025-06-26 23:16:24,25.416,0,"Tank4","Control"
"4793",2025-06-26 23:21:24,25.416,0,"Tank4","Control"
"4794",2025-06-26 23:26:24,25.416,0,"Tank4","Control"
"4795",2025-06-26 23:31:24,25.319,0,"Tank4","Control"
"4796",2025-06-26 23:36:24,25.319,0,"Tank4","Control"
"4797",2025-06-26 23:41:24,25.222,0,"Tank4","Control"
"4798",2025-06-26 23:46:24,25.222,0,"Tank4","Control"
"4799",2025-06-26 23:51:24,25.416,0,"Tank4","Control"
"4800",2025-06-26 23:56:24,25.416,0,"Tank4","Control"
"4801",2025-06-27 00:01:24,25.416,0,"Tank4","Control"
"4802",2025-06-27 00:06:24,25.416,0,"Tank4","Control"
"4803",2025-06-27 00:11:24,25.319,0,"Tank4","Control"
"4804",2025-06-27 00:16:24,25.319,0,"Tank4","Control"
"4805",2025-06-27 00:21:24,25.222,0,"Tank4","Control"
"4806",2025-06-27 00:26:24,25.319,0,"Tank4","Control"
"4807",2025-06-27 00:31:24,25.416,0,"Tank4","Control"
"4808",2025-06-27 00:36:24,25.416,0,"Tank4","Control"
"4809",2025-06-27 00:41:24,25.416,0,"Tank4","Control"
"4810",2025-06-27 00:46:24,25.319,0,"Tank4","Control"
"4811",2025-06-27 00:51:24,25.319,0,"Tank4","Control"
"4812",2025-06-27 00:56:24,25.319,0,"Tank4","Control"
"4813",2025-06-27 01:01:24,25.319,0,"Tank4","Control"
"4814",2025-06-27 01:06:24,25.222,0,"Tank4","Control"
"4815",2025-06-27 01:11:24,25.222,0,"Tank4","Control"
"4816",2025-06-27 01:16:24,25.416,0,"Tank4","Control"
"4817",2025-06-27 01:21:24,25.416,0,"Tank4","Control"
"4818",2025-06-27 01:26:24,25.416,0,"Tank4","Control"
"4819",2025-06-27 01:31:24,25.416,0,"Tank4","Control"
"4820",2025-06-27 01:36:24,25.319,0,"Tank4","Control"
"4821",2025-06-27 01:41:24,25.319,0,"Tank4","Control"
"4822",2025-06-27 01:46:24,25.319,0,"Tank4","Control"
"4823",2025-06-27 01:51:24,25.319,0,"Tank4","Control"
"4824",2025-06-27 01:56:24,25.222,0,"Tank4","Control"
"4825",2025-06-27 02:01:24,25.319,0,"Tank4","Control"
"4826",2025-06-27 02:06:24,25.416,0,"Tank4","Control"
"4827",2025-06-27 02:11:24,25.416,0,"Tank4","Control"
"4828",2025-06-27 02:16:24,25.319,0,"Tank4","Control"
"4829",2025-06-27 02:21:24,25.319,0,"Tank4","Control"
"4830",2025-06-27 02:26:24,25.319,0,"Tank4","Control"
"4831",2025-06-27 02:31:24,25.319,0,"Tank4","Control"
"4832",2025-06-27 02:36:24,25.222,0,"Tank4","Control"
"4833",2025-06-27 02:41:24,25.222,0,"Tank4","Control"
"4834",2025-06-27 02:46:24,25.416,0,"Tank4","Control"
"4835",2025-06-27 02:51:24,25.416,0,"Tank4","Control"
"4836",2025-06-27 02:56:24,25.416,0,"Tank4","Control"
"4837",2025-06-27 03:01:24,25.416,0,"Tank4","Control"
"4838",2025-06-27 03:06:24,25.416,0,"Tank4","Control"
"4839",2025-06-27 03:11:24,25.319,0,"Tank4","Control"
"4840",2025-06-27 03:16:24,25.319,0,"Tank4","Control"
"4841",2025-06-27 03:21:24,25.319,0,"Tank4","Control"
"4842",2025-06-27 03:26:24,25.319,0,"Tank4","Control"
"4843",2025-06-27 03:31:24,25.222,0,"Tank4","Control"
"4844",2025-06-27 03:36:24,25.319,0,"Tank4","Control"
"4845",2025-06-27 03:41:24,25.416,0,"Tank4","Control"
"4846",2025-06-27 03:46:24,25.416,0,"Tank4","Control"
"4847",2025-06-27 03:51:24,25.416,0,"Tank4","Control"
"4848",2025-06-27 03:56:24,25.319,0,"Tank4","Control"
"4849",2025-06-27 04:01:24,25.319,0,"Tank4","Control"
"4850",2025-06-27 04:06:24,25.319,0,"Tank4","Control"
"4851",2025-06-27 04:11:24,25.319,0,"Tank4","Control"
"4852",2025-06-27 04:16:24,25.222,0,"Tank4","Control"
"4853",2025-06-27 04:21:24,25.319,0,"Tank4","Control"
"4854",2025-06-27 04:26:24,25.416,0,"Tank4","Control"
"4855",2025-06-27 04:31:24,25.416,0,"Tank4","Control"
"4856",2025-06-27 04:36:24,25.416,0,"Tank4","Control"
"4857",2025-06-27 04:41:24,25.319,0,"Tank4","Control"
"4858",2025-06-27 04:46:24,25.319,0,"Tank4","Control"
"4859",2025-06-27 04:51:24,25.319,0,"Tank4","Control"
"4860",2025-06-27 04:56:24,25.222,0,"Tank4","Control"
"4861",2025-06-27 05:01:24,25.222,0,"Tank4","Control"
"4862",2025-06-27 05:06:24,25.319,0,"Tank4","Control"
"4863",2025-06-27 05:11:24,25.416,0,"Tank4","Control"
"4864",2025-06-27 05:16:24,25.416,0,"Tank4","Control"
"4865",2025-06-27 05:21:24,25.416,0,"Tank4","Control"
"4866",2025-06-27 05:26:24,25.319,0,"Tank4","Control"
"4867",2025-06-27 05:31:24,25.319,0,"Tank4","Control"
"4868",2025-06-27 05:36:24,25.319,0,"Tank4","Control"
"4869",2025-06-27 05:41:24,25.319,0,"Tank4","Control"
"4870",2025-06-27 05:46:24,25.319,0,"Tank4","Control"
"4871",2025-06-27 05:51:24,25.222,0,"Tank4","Control"
"4872",2025-06-27 05:56:24,25.319,0,"Tank4","Control"
"4873",2025-06-27 06:01:24,25.416,0,"Tank4","Control"
"4874",2025-06-27 06:06:24,25.319,0,"Tank4","Control"
"4875",2025-06-27 06:11:24,25.319,0,"Tank4","Control"
"4876",2025-06-27 06:16:24,25.319,0,"Tank4","Control"
"4877",2025-06-27 06:21:24,25.319,0,"Tank4","Control"
"4878",2025-06-27 06:26:24,25.222,0,"Tank4","Control"
"4879",2025-06-27 06:31:24,25.222,0,"Tank4","Control"
"4880",2025-06-27 06:36:24,25.416,0,"Tank4","Control"
"4881",2025-06-27 06:41:24,25.416,0,"Tank4","Control"
"4882",2025-06-27 06:46:24,25.416,0,"Tank4","Control"
"4883",2025-06-27 06:51:24,25.416,0,"Tank4","Control"
"4884",2025-06-27 06:56:24,25.319,0,"Tank4","Control"
"4885",2025-06-27 07:01:24,25.319,0,"Tank4","Control"
"4886",2025-06-27 07:06:24,25.319,0,"Tank4","Control"
"4887",2025-06-27 07:11:24,25.319,0,"Tank4","Control"
"4888",2025-06-27 07:16:24,25.222,0,"Tank4","Control"
"4889",2025-06-27 07:21:24,25.222,0,"Tank4","Control"
"4890",2025-06-27 07:26:24,25.319,0,"Tank4","Control"
"4891",2025-06-27 07:31:24,25.416,0,"Tank4","Control"
"4892",2025-06-27 07:36:24,25.319,0,"Tank4","Control"
"4893",2025-06-27 07:41:24,25.319,0,"Tank4","Control"
"4894",2025-06-27 07:46:24,25.319,0,"Tank4","Control"
"4895",2025-06-27 07:51:24,25.319,0,"Tank4","Control"
"4896",2025-06-27 07:56:24,25.222,0,"Tank4","Control"
"4897",2025-06-27 08:01:24,25.319,0,"Tank4","Control"
"4898",2025-06-27 08:06:24,25.416,0,"Tank4","Control"
"4899",2025-06-27 08:11:24,25.416,0,"Tank4","Control"
"4900",2025-06-27 08:16:24,25.319,10.8,"Tank4","Control"
"4901",2025-06-27 08:21:24,25.319,10.8,"Tank4","Control"
"4902",2025-06-27 08:26:24,25.319,43.1,"Tank4","Control"
"4903",2025-06-27 08:31:24,25.319,21.5,"Tank4","Control"
"4904",2025-06-27 08:36:24,25.222,43.1,"Tank4","Control"
"4905",2025-06-27 08:41:24,25.222,64.6,"Tank4","Control"
"4906",2025-06-27 08:46:24,25.416,64.6,"Tank4","Control"
"4907",2025-06-27 08:51:24,25.416,107.6,"Tank4","Control"
"4908",2025-06-27 08:56:24,25.416,139.9,"Tank4","Control"
"4909",2025-06-27 09:01:24,25.319,107.6,"Tank4","Control"
"4910",2025-06-27 09:06:24,25.319,129.2,"Tank4","Control"
"4911",2025-06-27 09:11:24,25.319,96.9,"Tank4","Control"
"4912",2025-06-27 09:16:24,25.319,129.2,"Tank4","Control"
"4913",2025-06-27 09:21:24,25.222,107.6,"Tank4","Control"
"4914",2025-06-27 09:26:24,25.222,150.7,"Tank4","Control"
"4915",2025-06-27 09:31:24,25.319,172.2,"Tank4","Control"
"4916",2025-06-27 09:36:24,25.319,183,"Tank4","Control"
"4917",2025-06-27 09:41:24,25.319,269.1,"Tank4","Control"
"4918",2025-06-27 09:46:24,25.319,215.3,"Tank4","Control"
"4919",2025-06-27 09:51:24,25.222,247.6,"Tank4","Control"
"4920",2025-06-27 09:56:24,25.416,312.2,"Tank4","Control"
"4921",2025-06-27 10:01:24,25.416,355.2,"Tank4","Control"
"4922",2025-06-27 10:06:24,25.416,344.4,"Tank4","Control"
"4923",2025-06-27 10:11:24,25.416,376.7,"Tank4","Control"
"4924",2025-06-27 10:16:24,25.416,376.7,"Tank4","Control"
"4925",2025-06-27 10:21:24,25.319,473.6,"Tank4","Control"
"4926",2025-06-27 10:26:24,25.319,495.1,"Tank4","Control"
"4927",2025-06-27 10:31:24,25.319,419.8,"Tank4","Control"
"4928",2025-06-27 10:36:24,25.319,462.9,"Tank4","Control"
"4929",2025-06-27 10:41:24,25.319,441.3,"Tank4","Control"
"4930",2025-06-27 10:46:24,25.319,581.3,"Tank4","Control"
"4931",2025-06-27 10:51:24,25.416,484.4,"Tank4","Control"
"4932",2025-06-27 10:56:24,25.513,592,"Tank4","Control"
"4933",2025-06-27 11:01:24,25.416,667.4,"Tank4","Control"
"4934",2025-06-27 11:06:24,25.416,613.5,"Tank4","Control"
"4935",2025-06-27 11:11:24,25.416,559.7,"Tank4","Control"
"4936",2025-06-27 11:16:24,25.416,559.7,"Tank4","Control"
"4937",2025-06-27 11:21:24,25.319,688.9,"Tank4","Control"
"4938",2025-06-27 11:26:24,25.319,635.1,"Tank4","Control"
"4939",2025-06-27 11:31:24,25.319,678.1,"Tank4","Control"
"4940",2025-06-27 11:36:24,25.319,602.8,"Tank4","Control"
"4941",2025-06-27 11:41:24,25.319,678.1,"Tank4","Control"
"4942",2025-06-27 11:46:24,25.319,699.7,"Tank4","Control"
"4943",2025-06-27 11:51:24,25.513,839.6,"Tank4","Control"
"4944",2025-06-27 11:56:24,25.513,753.5,"Tank4","Control"
"4945",2025-06-27 12:01:24,25.513,914.9,"Tank4","Control"
"4946",2025-06-27 12:06:24,25.416,861.1,"Tank4","Control"
"4947",2025-06-27 12:11:24,25.416,753.5,"Tank4","Control"
"4948",2025-06-27 12:16:24,25.416,764.2,"Tank4","Control"
"4949",2025-06-27 12:21:24,25.416,818.1,"Tank4","Control"
"4950",2025-06-27 12:26:24,25.416,796.5,"Tank4","Control"
"4951",2025-06-27 12:31:24,25.319,871.9,"Tank4","Control"
"4952",2025-06-27 12:36:24,25.319,796.5,"Tank4","Control"
"4953",2025-06-27 12:41:24,25.319,807.3,"Tank4","Control"
"4954",2025-06-27 12:46:24,25.319,861.1,"Tank4","Control"
"4955",2025-06-27 12:51:24,25.319,861.1,"Tank4","Control"
"4956",2025-06-27 12:56:24,25.319,839.6,"Tank4","Control"
"4957",2025-06-27 13:01:24,25.416,861.1,"Tank4","Control"
"4958",2025-06-27 13:06:24,25.416,667.4,"Tank4","Control"
"4959",2025-06-27 13:11:24,25.416,667.4,"Tank4","Control"
"4960",2025-06-27 13:16:24,24.641,721.2,"Tank4","Control"
"4961",2025-06-27 13:21:24,25.125,721.2,"Tank4","Control"
"4962",2025-06-27 13:26:24,25.416,688.9,"Tank4","Control"
"4963",2025-06-27 13:31:24,25.513,721.2,"Tank4","Control"
"4964",2025-06-27 13:36:24,25.513,635.1,"Tank4","Control"
"4965",2025-06-27 13:41:24,25.416,721.2,"Tank4","Control"
"4966",2025-06-27 13:46:24,25.416,645.8,"Tank4","Control"
"4967",2025-06-27 13:51:24,25.416,731.9,"Tank4","Control"
"4968",2025-06-27 13:56:24,25.416,656.6,"Tank4","Control"
"4969",2025-06-27 14:01:24,25.319,645.8,"Tank4","Control"
"4970",2025-06-27 14:06:24,25.319,645.8,"Tank4","Control"
"4971",2025-06-27 14:11:24,25.319,710.4,"Tank4","Control"
"4972",2025-06-27 14:16:24,25.319,645.8,"Tank4","Control"
"4973",2025-06-27 14:21:24,25.513,731.9,"Tank4","Control"
"4974",2025-06-27 14:26:24,25.513,731.9,"Tank4","Control"
"4975",2025-06-27 14:31:24,25.513,710.4,"Tank4","Control"
"4976",2025-06-27 14:36:24,25.416,656.6,"Tank4","Control"
"4977",2025-06-27 14:41:24,25.416,721.2,"Tank4","Control"
"4978",2025-06-27 14:46:24,25.416,796.5,"Tank4","Control"
"4979",2025-06-27 14:51:24,25.319,742.7,"Tank4","Control"
"4980",2025-06-27 14:56:24,25.319,742.7,"Tank4","Control"
"4981",2025-06-27 15:01:24,25.319,699.7,"Tank4","Control"
"4982",2025-06-27 15:06:24,25.319,624.3,"Tank4","Control"
"4983",2025-06-27 15:11:24,25.319,914.9,"Tank4","Control"
"4984",2025-06-27 15:16:24,25.319,861.1,"Tank4","Control"
"4985",2025-06-27 15:21:24,25.319,775,"Tank4","Control"
"4986",2025-06-27 15:26:24,25.319,893.4,"Tank4","Control"
"4987",2025-06-27 15:31:24,25.319,818.1,"Tank4","Control"
"4988",2025-06-27 15:36:24,25.319,861.1,"Tank4","Control"
"4989",2025-06-27 15:41:24,25.319,775,"Tank4","Control"
"4990",2025-06-27 15:46:24,25.416,839.6,"Tank4","Control"
"4991",2025-06-27 15:51:24,25.513,871.9,"Tank4","Control"
"4992",2025-06-27 15:56:24,25.416,861.1,"Tank4","Control"
"4993",2025-06-27 16:01:24,25.416,807.3,"Tank4","Control"
"4994",2025-06-27 16:06:24,25.416,688.9,"Tank4","Control"
"4995",2025-06-27 16:11:24,25.416,710.4,"Tank4","Control"
"4996",2025-06-27 16:16:24,25.416,656.6,"Tank4","Control"
"4997",2025-06-27 16:21:24,25.319,710.4,"Tank4","Control"
"4998",2025-06-27 16:26:24,25.319,710.4,"Tank4","Control"
"4999",2025-06-27 16:31:24,25.319,667.4,"Tank4","Control"
"5000",2025-06-27 16:36:24,25.319,645.8,"Tank4","Control"
"5001",2025-06-27 16:41:24,25.416,570.5,"Tank4","Control"
"5002",2025-06-27 16:46:24,25.513,538.2,"Tank4","Control"
"5003",2025-06-27 16:51:24,25.513,602.8,"Tank4","Control"
"5004",2025-06-27 16:56:24,25.416,495.1,"Tank4","Control"
"5005",2025-06-27 17:01:24,25.416,602.8,"Tank4","Control"
"5006",2025-06-27 17:06:24,25.416,516.7,"Tank4","Control"
"5007",2025-06-27 17:11:24,25.416,484.4,"Tank4","Control"
"5008",2025-06-27 17:16:24,25.319,473.6,"Tank4","Control"
"5009",2025-06-27 17:21:24,25.319,398.3,"Tank4","Control"
"5010",2025-06-27 17:26:24,25.319,538.2,"Tank4","Control"
"5011",2025-06-27 17:31:24,25.319,344.4,"Tank4","Control"
"5012",2025-06-27 17:36:24,25.222,430.6,"Tank4","Control"
"5013",2025-06-27 17:41:24,25.416,398.3,"Tank4","Control"
"5014",2025-06-27 17:46:24,25.416,430.6,"Tank4","Control"
"5015",2025-06-27 17:51:24,25.416,430.6,"Tank4","Control"
"5016",2025-06-27 17:56:24,25.319,333.7,"Tank4","Control"
"5017",2025-06-27 18:01:24,25.319,269.1,"Tank4","Control"
"5018",2025-06-27 18:06:24,25.319,279.9,"Tank4","Control"
"5019",2025-06-27 18:11:24,25.319,387.5,"Tank4","Control"
"5020",2025-06-27 18:16:24,25.222,226,"Tank4","Control"
"5021",2025-06-27 18:21:24,25.416,204.5,"Tank4","Control"
"5022",2025-06-27 18:26:24,25.513,269.1,"Tank4","Control"
"5023",2025-06-27 18:31:24,25.416,150.7,"Tank4","Control"
"5024",2025-06-27 18:36:24,25.416,96.9,"Tank4","Control"
"5025",2025-06-27 18:41:24,25.416,139.9,"Tank4","Control"
"5026",2025-06-27 18:46:24,25.319,129.2,"Tank4","Control"
"5027",2025-06-27 18:51:24,25.319,96.9,"Tank4","Control"
"5028",2025-06-27 18:56:24,25.319,129.2,"Tank4","Control"
"5029",2025-06-27 19:01:24,25.319,96.9,"Tank4","Control"
"5030",2025-06-27 19:06:24,25.222,64.6,"Tank4","Control"
"5031",2025-06-27 19:11:24,25.222,10.8,"Tank4","Control"
"5032",2025-06-27 19:16:24,25.416,21.5,"Tank4","Control"
"5033",2025-06-27 19:21:24,25.416,150.7,"Tank4","Control"
"5034",2025-06-27 19:26:24,25.416,53.8,"Tank4","Control"
"5035",2025-06-27 19:31:24,25.416,53.8,"Tank4","Control"
"5036",2025-06-27 19:36:24,25.319,43.1,"Tank4","Control"
"5037",2025-06-27 19:41:24,25.319,10.8,"Tank4","Control"
"5038",2025-06-27 19:46:24,25.319,10.8,"Tank4","Control"
"5039",2025-06-27 19:51:24,25.319,0,"Tank4","Control"
"5040",2025-06-27 19:56:24,25.222,0,"Tank4","Control"
"5041",2025-06-27 20:01:24,25.222,0,"Tank4","Control"
"5042",2025-06-27 20:06:24,25.416,0,"Tank4","Control"
"5043",2025-06-27 20:11:24,25.416,0,"Tank4","Control"
"5044",2025-06-27 20:16:24,25.416,0,"Tank4","Control"
"5045",2025-06-27 20:21:24,25.416,0,"Tank4","Control"
"5046",2025-06-27 20:26:24,25.319,0,"Tank4","Control"
"5047",2025-06-27 20:31:24,25.319,0,"Tank4","Control"
"5048",2025-06-27 20:36:24,25.319,0,"Tank4","Control"
"5049",2025-06-27 20:41:24,25.319,0,"Tank4","Control"
"5050",2025-06-27 20:46:24,25.319,0,"Tank4","Control"
"5051",2025-06-27 20:51:24,25.222,0,"Tank4","Control"
"5052",2025-06-27 20:56:24,25.319,0,"Tank4","Control"
"5053",2025-06-27 21:01:24,25.416,0,"Tank4","Control"
"5054",2025-06-27 21:06:24,25.416,0,"Tank4","Control"
"5055",2025-06-27 21:11:24,25.416,0,"Tank4","Control"
"5056",2025-06-27 21:16:24,25.319,0,"Tank4","Control"
"5057",2025-06-27 21:21:24,25.319,0,"Tank4","Control"
"5058",2025-06-27 21:26:24,25.319,0,"Tank4","Control"
"5059",2025-06-27 21:31:24,25.319,0,"Tank4","Control"
"5060",2025-06-27 21:36:24,25.222,0,"Tank4","Control"
"5061",2025-06-27 21:41:24,25.222,0,"Tank4","Control"
"5062",2025-06-27 21:46:24,25.319,0,"Tank4","Control"
"5063",2025-06-27 21:51:24,25.416,0,"Tank4","Control"
"5064",2025-06-27 21:56:24,25.416,0,"Tank4","Control"
"5065",2025-06-27 22:01:24,25.416,0,"Tank4","Control"
"5066",2025-06-27 22:06:24,25.416,0,"Tank4","Control"
"5067",2025-06-27 22:11:24,25.319,0,"Tank4","Control"
"5068",2025-06-27 22:16:24,25.319,0,"Tank4","Control"
"5069",2025-06-27 22:21:24,25.319,0,"Tank4","Control"
"5070",2025-06-27 22:26:24,25.319,0,"Tank4","Control"
"5071",2025-06-27 22:31:24,25.222,0,"Tank4","Control"
"5072",2025-06-27 22:36:24,25.222,0,"Tank4","Control"
"5073",2025-06-27 22:41:24,25.416,0,"Tank4","Control"
"5074",2025-06-27 22:46:24,25.416,0,"Tank4","Control"
"5075",2025-06-27 22:51:24,25.416,0,"Tank4","Control"
"5076",2025-06-27 22:56:24,25.416,0,"Tank4","Control"
"5077",2025-06-27 23:01:24,25.319,0,"Tank4","Control"
"5078",2025-06-27 23:06:24,25.319,0,"Tank4","Control"
"5079",2025-06-27 23:11:24,25.319,0,"Tank4","Control"
"5080",2025-06-27 23:16:24,25.319,0,"Tank4","Control"
"5081",2025-06-27 23:21:24,25.222,0,"Tank4","Control"
"5082",2025-06-27 23:26:24,25.222,0,"Tank4","Control"
"5083",2025-06-27 23:31:24,25.319,0,"Tank4","Control"
"5084",2025-06-27 23:36:24,25.416,0,"Tank4","Control"
"5085",2025-06-27 23:41:24,25.416,0,"Tank4","Control"
"5086",2025-06-27 23:46:24,25.416,0,"Tank4","Control"
"5087",2025-06-27 23:51:24,25.416,0,"Tank4","Control"
"5088",2025-06-27 23:56:24,25.319,0,"Tank4","Control"
"5089",2025-06-28 00:01:24,25.319,0,"Tank4","Control"
"5090",2025-06-28 00:06:24,25.319,0,"Tank4","Control"
"5091",2025-06-28 00:11:24,25.319,0,"Tank4","Control"
"5092",2025-06-28 00:16:24,25.319,0,"Tank4","Control"
"5093",2025-06-28 00:21:24,25.319,0,"Tank4","Control"
"5094",2025-06-28 00:26:24,25.222,0,"Tank4","Control"
"5095",2025-06-28 00:31:24,25.319,0,"Tank4","Control"
"5096",2025-06-28 00:36:24,25.416,0,"Tank4","Control"
"5097",2025-06-28 00:41:24,25.416,0,"Tank4","Control"
"5098",2025-06-28 00:46:24,25.416,0,"Tank4","Control"
"5099",2025-06-28 00:51:24,25.416,0,"Tank4","Control"
"5100",2025-06-28 00:56:24,25.319,0,"Tank4","Control"
"5101",2025-06-28 01:01:24,25.319,0,"Tank4","Control"
"5102",2025-06-28 01:06:24,25.319,0,"Tank4","Control"
"5103",2025-06-28 01:11:24,25.319,0,"Tank4","Control"
"5104",2025-06-28 01:16:24,25.319,0,"Tank4","Control"
"5105",2025-06-28 01:21:24,25.222,0,"Tank4","Control"
"5106",2025-06-28 01:26:24,25.319,0,"Tank4","Control"
"5107",2025-06-28 01:31:24,25.416,0,"Tank4","Control"
"5108",2025-06-28 01:36:24,25.416,0,"Tank4","Control"
"5109",2025-06-28 01:41:24,25.416,0,"Tank4","Control"
"5110",2025-06-28 01:46:24,25.416,0,"Tank4","Control"
"5111",2025-06-28 01:51:24,25.416,0,"Tank4","Control"
"5112",2025-06-28 01:56:24,25.319,0,"Tank4","Control"
"5113",2025-06-28 02:01:24,25.319,0,"Tank4","Control"
"5114",2025-06-28 02:06:24,25.319,0,"Tank4","Control"
"5115",2025-06-28 02:11:24,25.319,0,"Tank4","Control"
"5116",2025-06-28 02:16:24,25.222,0,"Tank4","Control"
"5117",2025-06-28 02:21:24,25.222,0,"Tank4","Control"
"5118",2025-06-28 02:26:24,25.319,0,"Tank4","Control"
"5119",2025-06-28 02:31:24,25.416,0,"Tank4","Control"
"5120",2025-06-28 02:36:24,25.416,0,"Tank4","Control"
"5121",2025-06-28 02:41:24,25.416,0,"Tank4","Control"
"5122",2025-06-28 02:46:24,25.416,0,"Tank4","Control"
"5123",2025-06-28 02:51:24,25.319,0,"Tank4","Control"
"5124",2025-06-28 02:56:24,25.319,0,"Tank4","Control"
"5125",2025-06-28 03:01:24,25.319,0,"Tank4","Control"
"5126",2025-06-28 03:06:24,25.319,0,"Tank4","Control"
"5127",2025-06-28 03:11:24,25.222,0,"Tank4","Control"
"5128",2025-06-28 03:16:24,25.222,0,"Tank4","Control"
"5129",2025-06-28 03:21:24,25.222,0,"Tank4","Control"
"5130",2025-06-28 03:26:24,25.416,0,"Tank4","Control"
"5131",2025-06-28 03:31:24,25.416,0,"Tank4","Control"
"5132",2025-06-28 03:36:24,25.416,0,"Tank4","Control"
"5133",2025-06-28 03:41:24,25.416,0,"Tank4","Control"
"5134",2025-06-28 03:46:24,25.319,0,"Tank4","Control"
"5135",2025-06-28 03:51:24,25.319,0,"Tank4","Control"
"5136",2025-06-28 03:56:24,25.319,0,"Tank4","Control"
"5137",2025-06-28 04:01:24,25.319,0,"Tank4","Control"
"5138",2025-06-28 04:06:24,25.319,0,"Tank4","Control"
"5139",2025-06-28 04:11:24,25.222,0,"Tank4","Control"
"5140",2025-06-28 04:16:24,25.222,0,"Tank4","Control"
"5141",2025-06-28 04:21:24,25.416,0,"Tank4","Control"
"5142",2025-06-28 04:26:24,25.416,0,"Tank4","Control"
"5143",2025-06-28 04:31:24,25.416,0,"Tank4","Control"
"5144",2025-06-28 04:36:24,25.416,0,"Tank4","Control"
"5145",2025-06-28 04:41:24,25.319,0,"Tank4","Control"
"5146",2025-06-28 04:46:24,25.319,0,"Tank4","Control"
"5147",2025-06-28 04:51:24,25.319,0,"Tank4","Control"
"5148",2025-06-28 04:56:24,25.319,0,"Tank4","Control"
"5149",2025-06-28 05:01:24,25.319,0,"Tank4","Control"
"5150",2025-06-28 05:06:24,25.222,0,"Tank4","Control"
"5151",2025-06-28 05:11:24,25.319,0,"Tank4","Control"
"5152",2025-06-28 05:16:24,25.416,0,"Tank4","Control"
"5153",2025-06-28 05:21:24,25.416,0,"Tank4","Control"
"5154",2025-06-28 05:26:24,25.416,0,"Tank4","Control"
"5155",2025-06-28 05:31:24,25.416,0,"Tank4","Control"
"5156",2025-06-28 05:36:24,25.319,0,"Tank4","Control"
"5157",2025-06-28 05:41:24,25.319,0,"Tank4","Control"
"5158",2025-06-28 05:46:24,25.319,0,"Tank4","Control"
"5159",2025-06-28 05:51:24,25.319,0,"Tank4","Control"
"5160",2025-06-28 05:56:24,25.222,0,"Tank4","Control"
"5161",2025-06-28 06:01:24,25.222,0,"Tank4","Control"
"5162",2025-06-28 06:06:24,25.416,0,"Tank4","Control"
"5163",2025-06-28 06:11:24,25.416,0,"Tank4","Control"
"5164",2025-06-28 06:16:24,25.416,0,"Tank4","Control"
"5165",2025-06-28 06:21:24,25.319,0,"Tank4","Control"
"5166",2025-06-28 06:26:24,25.319,0,"Tank4","Control"
"5167",2025-06-28 06:31:24,25.319,0,"Tank4","Control"
"5168",2025-06-28 06:36:24,25.319,0,"Tank4","Control"
"5169",2025-06-28 06:41:24,25.222,0,"Tank4","Control"
"5170",2025-06-28 06:46:24,25.222,0,"Tank4","Control"
"5171",2025-06-28 06:51:24,25.319,0,"Tank4","Control"
"5172",2025-06-28 06:56:24,25.416,0,"Tank4","Control"
"5173",2025-06-28 07:01:24,25.416,0,"Tank4","Control"
"5174",2025-06-28 07:06:24,25.416,0,"Tank4","Control"
"5175",2025-06-28 07:11:24,25.416,0,"Tank4","Control"
"5176",2025-06-28 07:16:24,25.319,0,"Tank4","Control"
"5177",2025-06-28 07:21:24,25.319,0,"Tank4","Control"
"5178",2025-06-28 07:26:24,25.319,0,"Tank4","Control"
"5179",2025-06-28 07:31:24,25.222,0,"Tank4","Control"
"5180",2025-06-28 07:36:24,25.222,0,"Tank4","Control"
"5181",2025-06-28 07:41:24,25.319,0,"Tank4","Control"
"5182",2025-06-28 07:46:24,25.416,0,"Tank4","Control"
"5183",2025-06-28 07:51:24,25.416,0,"Tank4","Control"
"5184",2025-06-28 07:56:24,25.416,0,"Tank4","Control"
"5185",2025-06-28 08:01:24,25.319,0,"Tank4","Control"
"5186",2025-06-28 08:06:24,25.319,0,"Tank4","Control"
"5187",2025-06-28 08:11:24,25.319,10.8,"Tank4","Control"
"5188",2025-06-28 08:16:24,25.319,10.8,"Tank4","Control"
"5189",2025-06-28 08:21:24,25.319,0,"Tank4","Control"
"5190",2025-06-28 08:26:24,25.222,0,"Tank4","Control"
"5191",2025-06-28 08:31:24,25.416,0,"Tank4","Control"
"5192",2025-06-28 08:36:24,25.416,0,"Tank4","Control"
"5193",2025-06-28 08:41:24,25.416,0,"Tank4","Control"
"5194",2025-06-28 08:46:24,25.416,0,"Tank4","Control"
"5195",2025-06-28 08:51:24,25.416,0,"Tank4","Control"
"5196",2025-06-28 08:56:24,25.319,0,"Tank4","Control"
"5197",2025-06-28 09:01:24,25.319,0,"Tank4","Control"
"5198",2025-06-28 09:06:24,25.319,0,"Tank4","Control"
"5199",2025-06-28 09:11:24,25.319,32.3,"Tank4","Control"
"5200",2025-06-28 09:16:24,25.319,269.1,"Tank4","Control"
"5201",2025-06-28 09:21:24,25.319,150.7,"Tank4","Control"
"5202",2025-06-28 09:26:24,25.222,172.2,"Tank4","Control"
"5203",2025-06-28 09:31:24,25.416,183,"Tank4","Control"
"5204",2025-06-28 09:36:24,25.416,355.2,"Tank4","Control"
"5205",2025-06-28 09:41:24,25.416,312.2,"Tank4","Control"
"5206",2025-06-28 09:46:24,25.416,258.3,"Tank4","Control"
"5207",2025-06-28 09:51:24,25.416,226,"Tank4","Control"
"5208",2025-06-28 09:56:24,25.319,258.3,"Tank4","Control"
"5209",2025-06-28 10:01:24,25.319,344.4,"Tank4","Control"
"5210",2025-06-28 10:06:24,25.319,312.2,"Tank4","Control"
"5211",2025-06-28 10:11:24,25.319,344.4,"Tank4","Control"
"5212",2025-06-28 10:16:24,25.319,473.6,"Tank4","Control"
"5213",2025-06-28 10:21:24,25.222,430.6,"Tank4","Control"
"5214",2025-06-28 10:26:24,25.222,430.6,"Tank4","Control"
"5215",2025-06-28 10:31:24,25.319,387.5,"Tank4","Control"
"5216",2025-06-28 10:36:24,25.416,441.3,"Tank4","Control"
"5217",2025-06-28 10:41:24,25.416,473.6,"Tank4","Control"
"5218",2025-06-28 10:46:24,25.416,355.2,"Tank4","Control"
"5219",2025-06-28 10:51:24,25.319,441.3,"Tank4","Control"
"5220",2025-06-28 10:56:24,25.319,538.2,"Tank4","Control"
"5221",2025-06-28 11:01:24,25.319,527.4,"Tank4","Control"
"5222",2025-06-28 11:06:24,25.319,559.7,"Tank4","Control"
"5223",2025-06-28 11:11:24,25.319,581.3,"Tank4","Control"
"5224",2025-06-28 11:16:24,25.222,570.5,"Tank4","Control"
"5225",2025-06-28 11:21:24,25.222,538.2,"Tank4","Control"
"5226",2025-06-28 11:26:24,25.222,645.8,"Tank4","Control"
"5227",2025-06-28 11:31:24,25.319,581.3,"Tank4","Control"
"5228",2025-06-28 11:36:24,25.319,624.3,"Tank4","Control"
"5229",2025-06-28 11:41:24,25.319,645.8,"Tank4","Control"
"5230",2025-06-28 11:46:24,25.319,764.2,"Tank4","Control"
"5231",2025-06-28 11:51:24,25.319,753.5,"Tank4","Control"
"5232",2025-06-28 11:56:24,25.319,753.5,"Tank4","Control"
"5233",2025-06-28 12:01:24,25.222,710.4,"Tank4","Control"
"5234",2025-06-28 12:06:24,25.222,753.5,"Tank4","Control"
"5235",2025-06-28 12:11:24,25.222,796.5,"Tank4","Control"
"5236",2025-06-28 12:16:24,25.319,710.4,"Tank4","Control"
"5237",2025-06-28 12:21:24,25.416,828.8,"Tank4","Control"
"5238",2025-06-28 12:26:24,25.416,742.7,"Tank4","Control"
"5239",2025-06-28 12:31:24,25.416,785.8,"Tank4","Control"
"5240",2025-06-28 12:36:24,25.319,710.4,"Tank4","Control"
"5241",2025-06-28 12:41:24,25.319,731.9,"Tank4","Control"
"5242",2025-06-28 12:46:24,25.319,721.2,"Tank4","Control"
"5243",2025-06-28 12:51:24,25.319,828.8,"Tank4","Control"
"5244",2025-06-28 12:56:24,25.319,882.6,"Tank4","Control"
"5245",2025-06-28 13:01:24,25.319,721.2,"Tank4","Control"
"5246",2025-06-28 13:06:24,25.319,882.6,"Tank4","Control"
"5247",2025-06-28 13:11:24,25.222,742.7,"Tank4","Control"
"5248",2025-06-28 13:16:24,25.222,861.1,"Tank4","Control"
"5249",2025-06-28 13:21:24,25.222,818.1,"Tank4","Control"
"5250",2025-06-28 13:26:24,25.222,764.2,"Tank4","Control"
"5251",2025-06-28 13:31:24,25.222,818.1,"Tank4","Control"
"5252",2025-06-28 13:36:24,25.319,775,"Tank4","Control"
"5253",2025-06-28 13:41:24,25.319,818.1,"Tank4","Control"
"5254",2025-06-28 13:46:24,25.222,818.1,"Tank4","Control"
"5255",2025-06-28 13:51:24,25.222,828.8,"Tank4","Control"
"5256",2025-06-28 13:56:24,25.222,753.5,"Tank4","Control"
"5257",2025-06-28 14:01:24,25.319,861.1,"Tank4","Control"
"5258",2025-06-28 14:06:24,25.416,818.1,"Tank4","Control"
"5259",2025-06-28 14:11:24,25.416,861.1,"Tank4","Control"
"5260",2025-06-28 14:16:24,25.416,807.3,"Tank4","Control"
"5261",2025-06-28 14:21:24,25.319,828.8,"Tank4","Control"
"5262",2025-06-28 14:26:24,25.319,753.5,"Tank4","Control"
"5263",2025-06-28 14:31:24,25.319,775,"Tank4","Control"
"5264",2025-06-28 14:36:24,25.319,775,"Tank4","Control"
"5265",2025-06-28 14:41:24,25.319,753.5,"Tank4","Control"
"5266",2025-06-28 14:46:24,25.319,753.5,"Tank4","Control"
"5267",2025-06-28 14:51:24,25.319,850.4,"Tank4","Control"
"5268",2025-06-28 14:56:24,25.222,828.8,"Tank4","Control"
"5269",2025-06-28 15:01:24,25.222,839.6,"Tank4","Control"
"5270",2025-06-28 15:06:24,25.222,818.1,"Tank4","Control"
"5271",2025-06-28 15:11:24,25.416,871.9,"Tank4","Control"
"5272",2025-06-28 15:16:24,25.416,850.4,"Tank4","Control"
"5273",2025-06-28 15:21:24,25.416,785.8,"Tank4","Control"
"5274",2025-06-28 15:26:24,25.416,796.5,"Tank4","Control"
"5275",2025-06-28 15:31:24,25.416,839.6,"Tank4","Control"
"5276",2025-06-28 15:36:24,25.319,861.1,"Tank4","Control"
"5277",2025-06-28 15:41:24,25.319,775,"Tank4","Control"
"5278",2025-06-28 15:46:24,25.319,882.6,"Tank4","Control"
"5279",2025-06-28 15:51:24,25.319,839.6,"Tank4","Control"
"5280",2025-06-28 15:56:24,25.319,871.9,"Tank4","Control"
"5281",2025-06-28 16:01:24,25.319,871.9,"Tank4","Control"
"5282",2025-06-28 16:06:24,25.319,861.1,"Tank4","Control"
"5283",2025-06-28 16:11:24,25.319,775,"Tank4","Control"
"5284",2025-06-28 16:16:24,25.222,796.5,"Tank4","Control"
"5285",2025-06-28 16:21:24,25.222,796.5,"Tank4","Control"
"5286",2025-06-28 16:26:24,25.222,667.4,"Tank4","Control"
"5287",2025-06-28 16:31:24,25.222,656.6,"Tank4","Control"
"5288",2025-06-28 16:36:24,25.222,688.9,"Tank4","Control"
"5289",2025-06-28 16:41:24,25.319,688.9,"Tank4","Control"
"5290",2025-06-28 16:46:24,25.222,678.1,"Tank4","Control"
"5291",2025-06-28 16:51:24,25.222,635.1,"Tank4","Control"
"5292",2025-06-28 16:56:24,25.222,624.3,"Tank4","Control"
"5293",2025-06-28 17:01:24,25.222,549,"Tank4","Control"
"5294",2025-06-28 17:06:24,25.416,516.7,"Tank4","Control"
"5295",2025-06-28 17:11:24,25.416,516.7,"Tank4","Control"
"5296",2025-06-28 17:16:24,25.416,538.2,"Tank4","Control"
"5297",2025-06-28 17:21:24,25.416,409,"Tank4","Control"
"5298",2025-06-28 17:26:24,25.319,441.3,"Tank4","Control"
"5299",2025-06-28 17:31:24,25.319,419.8,"Tank4","Control"
"5300",2025-06-28 17:36:24,25.319,495.1,"Tank4","Control"
"5301",2025-06-28 17:41:24,25.319,452.1,"Tank4","Control"
"5302",2025-06-28 17:46:24,25.319,462.9,"Tank4","Control"
"5303",2025-06-28 17:51:24,25.319,355.2,"Tank4","Control"
"5304",2025-06-28 17:56:24,25.222,387.5,"Tank4","Control"
"5305",2025-06-28 18:01:24,25.222,419.8,"Tank4","Control"
"5306",2025-06-28 18:06:24,25.222,312.2,"Tank4","Control"
"5307",2025-06-28 18:11:24,25.222,355.2,"Tank4","Control"
"5308",2025-06-28 18:16:24,25.319,419.8,"Tank4","Control"
"5309",2025-06-28 18:21:24,25.416,193.8,"Tank4","Control"
"5310",2025-06-28 18:26:24,25.319,172.2,"Tank4","Control"
"5311",2025-06-28 18:31:24,25.319,279.9,"Tank4","Control"
"5312",2025-06-28 18:36:24,25.319,215.3,"Tank4","Control"
"5313",2025-06-28 18:41:24,25.319,183,"Tank4","Control"
"5314",2025-06-28 18:46:24,25.222,215.3,"Tank4","Control"
"5315",2025-06-28 18:51:24,25.222,172.2,"Tank4","Control"
"5316",2025-06-28 18:56:24,25.222,172.2,"Tank4","Control"
"5317",2025-06-28 19:01:24,25.222,53.8,"Tank4","Control"
"5318",2025-06-28 19:06:24,25.222,86.1,"Tank4","Control"
"5319",2025-06-28 19:11:24,25.319,64.6,"Tank4","Control"
"5320",2025-06-28 19:16:24,25.319,75.3,"Tank4","Control"
"5321",2025-06-28 19:21:24,25.319,64.6,"Tank4","Control"
"5322",2025-06-28 19:26:24,25.319,21.5,"Tank4","Control"
"5323",2025-06-28 19:31:24,25.222,10.8,"Tank4","Control"
"5324",2025-06-28 19:36:24,25.222,21.5,"Tank4","Control"
"5325",2025-06-28 19:41:24,25.222,0,"Tank4","Control"
"5326",2025-06-28 19:46:24,25.222,0,"Tank4","Control"
"5327",2025-06-28 19:51:24,25.222,0,"Tank4","Control"
"5328",2025-06-28 19:56:24,25.319,0,"Tank4","Control"
"5329",2025-06-28 20:01:24,25.416,0,"Tank4","Control"
"5330",2025-06-28 20:06:24,25.319,0,"Tank4","Control"
"5331",2025-06-28 20:11:24,25.319,0,"Tank4","Control"
"5332",2025-06-28 20:16:24,25.319,0,"Tank4","Control"
"5333",2025-06-28 20:21:24,25.319,0,"Tank4","Control"
"5334",2025-06-28 20:26:24,25.222,0,"Tank4","Control"
"5335",2025-06-28 20:31:24,25.222,0,"Tank4","Control"
"5336",2025-06-28 20:36:24,25.222,0,"Tank4","Control"
"5337",2025-06-28 20:41:24,25.222,0,"Tank4","Control"
"5338",2025-06-28 20:46:24,25.319,0,"Tank4","Control"
"5339",2025-06-28 20:51:24,25.319,0,"Tank4","Control"
"5340",2025-06-28 20:56:24,25.319,0,"Tank4","Control"
"5341",2025-06-28 21:01:24,25.319,0,"Tank4","Control"
"5342",2025-06-28 21:06:24,25.222,0,"Tank4","Control"
"5343",2025-06-28 21:11:24,25.222,0,"Tank4","Control"
"5344",2025-06-28 21:16:24,25.222,0,"Tank4","Control"
"5345",2025-06-28 21:21:24,25.222,0,"Tank4","Control"
"5346",2025-06-28 21:26:24,25.222,0,"Tank4","Control"
"5347",2025-06-28 21:31:24,25.416,0,"Tank4","Control"
"5348",2025-06-28 21:36:24,25.319,0,"Tank4","Control"
"5349",2025-06-28 21:41:24,25.319,0,"Tank4","Control"
"5350",2025-06-28 21:46:24,25.319,0,"Tank4","Control"
"5351",2025-06-28 21:51:24,25.319,0,"Tank4","Control"
"5352",2025-06-28 21:56:24,25.222,0,"Tank4","Control"
"5353",2025-06-28 22:01:24,25.222,0,"Tank4","Control"
"5354",2025-06-28 22:06:24,25.222,0,"Tank4","Control"
"5355",2025-06-28 22:11:24,25.222,0,"Tank4","Control"
"5356",2025-06-28 22:16:24,25.319,0,"Tank4","Control"
"5357",2025-06-28 22:21:24,25.319,0,"Tank4","Control"
"5358",2025-06-28 22:26:24,25.319,0,"Tank4","Control"
"5359",2025-06-28 22:31:24,25.319,0,"Tank4","Control"
"5360",2025-06-28 22:36:24,25.319,0,"Tank4","Control"
"5361",2025-06-28 22:41:24,25.222,0,"Tank4","Control"
"5362",2025-06-28 22:46:24,25.222,0,"Tank4","Control"
"5363",2025-06-28 22:51:24,25.222,0,"Tank4","Control"
"5364",2025-06-28 22:56:24,25.222,0,"Tank4","Control"
"5365",2025-06-28 23:01:24,25.319,0,"Tank4","Control"
"5366",2025-06-28 23:06:24,25.416,0,"Tank4","Control"
"5367",2025-06-28 23:11:24,25.319,0,"Tank4","Control"
"5368",2025-06-28 23:16:24,25.319,0,"Tank4","Control"
"5369",2025-06-28 23:21:24,25.319,0,"Tank4","Control"
"5370",2025-06-28 23:26:24,25.319,0,"Tank4","Control"
"5371",2025-06-28 23:31:24,25.222,0,"Tank4","Control"
"5372",2025-06-28 23:36:24,25.222,0,"Tank4","Control"
"5373",2025-06-28 23:41:24,25.222,0,"Tank4","Control"
"5374",2025-06-28 23:46:24,25.222,0,"Tank4","Control"
"5375",2025-06-28 23:51:24,25.319,0,"Tank4","Control"
"5376",2025-06-28 23:56:24,25.319,0,"Tank4","Control"
"5377",2025-06-29 00:01:24,25.319,0,"Tank4","Control"
"5378",2025-06-29 00:06:24,25.319,0,"Tank4","Control"
"5379",2025-06-29 00:11:24,25.319,0,"Tank4","Control"
"5380",2025-06-29 00:16:24,25.222,0,"Tank4","Control"
"5381",2025-06-29 00:21:24,25.222,0,"Tank4","Control"
"5382",2025-06-29 00:26:24,25.222,0,"Tank4","Control"
"5383",2025-06-29 00:31:24,25.222,0,"Tank4","Control"
"5384",2025-06-29 00:36:24,25.222,0,"Tank4","Control"
"5385",2025-06-29 00:41:24,25.416,0,"Tank4","Control"
"5386",2025-06-29 00:46:24,25.416,0,"Tank4","Control"
"5387",2025-06-29 00:51:24,25.319,0,"Tank4","Control"
"5388",2025-06-29 00:56:24,25.319,0,"Tank4","Control"
"5389",2025-06-29 01:01:24,25.319,0,"Tank4","Control"
"5390",2025-06-29 01:06:24,25.319,0,"Tank4","Control"
"5391",2025-06-29 01:11:24,25.222,0,"Tank4","Control"
"5392",2025-06-29 01:16:24,25.222,0,"Tank4","Control"
"5393",2025-06-29 01:21:24,25.222,0,"Tank4","Control"
"5394",2025-06-29 01:26:24,25.222,0,"Tank4","Control"
"5395",2025-06-29 01:31:24,25.319,0,"Tank4","Control"
"5396",2025-06-29 01:36:24,25.319,0,"Tank4","Control"
"5397",2025-06-29 01:41:24,25.319,0,"Tank4","Control"
"5398",2025-06-29 01:46:24,25.319,0,"Tank4","Control"
"5399",2025-06-29 01:51:24,25.319,0,"Tank4","Control"
"5400",2025-06-29 01:56:24,25.319,0,"Tank4","Control"
"5401",2025-06-29 02:01:24,25.222,0,"Tank4","Control"
"5402",2025-06-29 02:06:24,25.222,0,"Tank4","Control"
"5403",2025-06-29 02:11:24,25.222,0,"Tank4","Control"
"5404",2025-06-29 02:16:24,25.319,0,"Tank4","Control"
"5405",2025-06-29 02:21:24,25.416,0,"Tank4","Control"
"5406",2025-06-29 02:26:24,25.416,0,"Tank4","Control"
"5407",2025-06-29 02:31:24,25.319,0,"Tank4","Control"
"5408",2025-06-29 02:36:24,25.319,0,"Tank4","Control"
"5409",2025-06-29 02:41:24,25.319,0,"Tank4","Control"
"5410",2025-06-29 02:46:24,25.319,0,"Tank4","Control"
"5411",2025-06-29 02:51:24,25.222,0,"Tank4","Control"
"5412",2025-06-29 02:56:24,25.222,0,"Tank4","Control"
"5413",2025-06-29 03:01:24,25.222,0,"Tank4","Control"
"5414",2025-06-29 03:06:24,25.125,0,"Tank4","Control"
"5415",2025-06-29 03:11:24,25.319,0,"Tank4","Control"
"5416",2025-06-29 03:16:24,25.416,0,"Tank4","Control"
"5417",2025-06-29 03:21:24,25.416,0,"Tank4","Control"
"5418",2025-06-29 03:26:24,25.319,0,"Tank4","Control"
"5419",2025-06-29 03:31:24,25.319,0,"Tank4","Control"
"5420",2025-06-29 03:36:24,25.319,0,"Tank4","Control"
"5421",2025-06-29 03:41:24,25.222,0,"Tank4","Control"
"5422",2025-06-29 03:46:24,25.222,0,"Tank4","Control"
"5423",2025-06-29 03:51:24,25.222,0,"Tank4","Control"
"5424",2025-06-29 03:56:24,25.222,0,"Tank4","Control"
"5425",2025-06-29 04:01:24,25.319,0,"Tank4","Control"
"5426",2025-06-29 04:06:24,25.319,0,"Tank4","Control"
"5427",2025-06-29 04:11:24,25.319,0,"Tank4","Control"
"5428",2025-06-29 04:16:24,25.319,0,"Tank4","Control"
"5429",2025-06-29 04:21:24,25.319,0,"Tank4","Control"
"5430",2025-06-29 04:26:24,25.222,0,"Tank4","Control"
"5431",2025-06-29 04:31:24,25.222,0,"Tank4","Control"
"5432",2025-06-29 04:36:24,25.222,0,"Tank4","Control"
"5433",2025-06-29 04:41:24,25.125,0,"Tank4","Control"
"5434",2025-06-29 04:46:24,25.319,0,"Tank4","Control"
"5435",2025-06-29 04:51:24,25.416,0,"Tank4","Control"
"5436",2025-06-29 04:56:24,25.416,0,"Tank4","Control"
"5437",2025-06-29 05:01:24,25.319,0,"Tank4","Control"
"5438",2025-06-29 05:06:24,25.319,0,"Tank4","Control"
"5439",2025-06-29 05:11:24,25.319,0,"Tank4","Control"
"5440",2025-06-29 05:16:24,25.319,0,"Tank4","Control"
"5441",2025-06-29 05:21:24,25.222,0,"Tank4","Control"
"5442",2025-06-29 05:26:24,25.222,0,"Tank4","Control"
"5443",2025-06-29 05:31:24,25.222,0,"Tank4","Control"
"5444",2025-06-29 05:36:24,25.222,0,"Tank4","Control"
"5445",2025-06-29 05:41:24,25.222,0,"Tank4","Control"
"5446",2025-06-29 05:46:24,25.319,0,"Tank4","Control"
"5447",2025-06-29 05:51:24,25.319,0,"Tank4","Control"
"5448",2025-06-29 05:56:24,25.319,0,"Tank4","Control"
"5449",2025-06-29 06:01:24,25.319,0,"Tank4","Control"
"5450",2025-06-29 06:06:24,25.222,0,"Tank4","Control"
"5451",2025-06-29 06:11:24,25.222,0,"Tank4","Control"
"5452",2025-06-29 06:16:24,25.222,0,"Tank4","Control"
"5453",2025-06-29 06:21:24,25.222,0,"Tank4","Control"
"5454",2025-06-29 06:26:24,25.319,0,"Tank4","Control"
"5455",2025-06-29 06:31:24,25.319,0,"Tank4","Control"
"5456",2025-06-29 06:36:24,25.319,0,"Tank4","Control"
"5457",2025-06-29 06:41:24,25.319,0,"Tank4","Control"
"5458",2025-06-29 06:46:24,25.222,0,"Tank4","Control"
"5459",2025-06-29 06:51:24,25.222,0,"Tank4","Control"
"5460",2025-06-29 06:56:24,25.222,0,"Tank4","Control"
"5461",2025-06-29 07:01:24,25.222,0,"Tank4","Control"
"5462",2025-06-29 07:06:24,25.416,0,"Tank4","Control"
"5463",2025-06-29 07:11:24,25.416,0,"Tank4","Control"
"5464",2025-06-29 07:16:24,25.319,0,"Tank4","Control"
"5465",2025-06-29 07:21:24,25.319,0,"Tank4","Control"
"5466",2025-06-29 07:26:24,25.319,0,"Tank4","Control"
"5467",2025-06-29 07:31:24,25.319,0,"Tank4","Control"
"5468",2025-06-29 07:36:24,25.222,0,"Tank4","Control"
"5469",2025-06-29 07:41:24,25.222,0,"Tank4","Control"
"5470",2025-06-29 07:46:24,25.222,0,"Tank4","Control"
"5471",2025-06-29 07:51:24,25.222,0,"Tank4","Control"
"5472",2025-06-29 07:56:24,25.319,0,"Tank4","Control"
"5473",2025-06-29 08:01:24,25.319,0,"Tank4","Control"
"5474",2025-06-29 08:06:24,25.319,0,"Tank4","Control"
"5475",2025-06-29 08:11:24,25.319,0,"Tank4","Control"
"5476",2025-06-29 08:16:24,25.222,0,"Tank4","Control"
"5477",2025-06-29 08:21:24,25.222,21.5,"Tank4","Control"
"5478",2025-06-29 08:26:24,25.222,10.8,"Tank4","Control"
"5479",2025-06-29 08:31:24,25.222,32.3,"Tank4","Control"
"5480",2025-06-29 08:36:24,25.319,86.1,"Tank4","Control"
"5481",2025-06-29 08:41:24,25.416,75.3,"Tank4","Control"
"5482",2025-06-29 08:46:24,25.319,64.6,"Tank4","Control"
"5483",2025-06-29 08:51:24,25.319,75.3,"Tank4","Control"
"5484",2025-06-29 08:56:24,25.319,75.3,"Tank4","Control"
"5485",2025-06-29 09:01:24,25.319,96.9,"Tank4","Control"
"5486",2025-06-29 09:06:24,25.222,129.2,"Tank4","Control"
"5487",2025-06-29 09:11:24,25.222,161.5,"Tank4","Control"
"5488",2025-06-29 09:16:24,25.222,139.9,"Tank4","Control"
"5489",2025-06-29 09:21:24,25.125,172.2,"Tank4","Control"
"5490",2025-06-29 09:26:24,25.319,118.4,"Tank4","Control"
"5491",2025-06-29 09:31:24,25.319,161.5,"Tank4","Control"
"5492",2025-06-29 09:36:24,25.319,139.9,"Tank4","Control"
"5493",2025-06-29 09:41:24,25.319,0,"Tank4","Control"
"5494",2025-06-29 09:46:24,25.319,0,"Tank4","Control"
"5495",2025-06-29 09:51:24,25.222,0,"Tank4","Control"
"5496",2025-06-29 09:56:24,25.222,0,"Tank4","Control"
"5497",2025-06-29 10:01:24,25.222,0,"Tank4","Control"
"5498",2025-06-29 10:06:24,25.222,0,"Tank4","Control"
"5499",2025-06-29 10:11:24,25.319,0,"Tank4","Control"
"5500",2025-06-29 10:16:24,25.416,0,"Tank4","Control"
"5501",2025-06-29 10:21:24,25.319,0,"Tank4","Control"
"5502",2025-06-29 10:26:24,25.319,0,"Tank4","Control"
"5503",2025-06-29 10:31:24,25.319,0,"Tank4","Control"
"5504",2025-06-29 10:36:24,25.319,0,"Tank4","Control"
"5505",2025-06-29 10:41:24,25.319,0,"Tank4","Control"
"5506",2025-06-29 10:46:24,25.222,538.2,"Tank4","Control"
"5507",2025-06-29 10:51:24,25.222,473.6,"Tank4","Control"
"5508",2025-06-29 10:56:24,25.222,505.9,"Tank4","Control"
"5509",2025-06-29 11:01:24,25.319,484.4,"Tank4","Control"
"5510",2025-06-29 11:06:24,25.319,656.6,"Tank4","Control"
"5511",2025-06-29 11:11:24,25.319,645.8,"Tank4","Control"
"5512",2025-06-29 11:16:24,25.319,656.6,"Tank4","Control"
"5513",2025-06-29 11:21:24,25.319,581.3,"Tank4","Control"
"5514",2025-06-29 11:26:24,25.319,688.9,"Tank4","Control"
"5515",2025-06-29 11:31:24,25.319,688.9,"Tank4","Control"
"5516",2025-06-29 11:36:24,25.222,656.6,"Tank4","Control"
"5517",2025-06-29 11:41:24,25.222,710.4,"Tank4","Control"
"5518",2025-06-29 11:46:24,25.319,710.4,"Tank4","Control"
"5519",2025-06-29 11:51:24,25.416,721.2,"Tank4","Control"
"5520",2025-06-29 11:56:24,25.416,775,"Tank4","Control"
"5521",2025-06-29 12:01:24,25.416,775,"Tank4","Control"
"5522",2025-06-29 12:06:24,25.319,731.9,"Tank4","Control"
"5523",2025-06-29 12:11:24,25.319,742.7,"Tank4","Control"
"5524",2025-06-29 12:16:24,25.319,764.2,"Tank4","Control"
"5525",2025-06-29 12:21:24,25.319,882.6,"Tank4","Control"
"5526",2025-06-29 12:26:24,25.319,742.7,"Tank4","Control"
"5527",2025-06-29 12:31:24,25.319,861.1,"Tank4","Control"
"5528",2025-06-29 12:36:24,25.222,796.5,"Tank4","Control"
"5529",2025-06-29 12:41:24,25.222,839.6,"Tank4","Control"
"5530",2025-06-29 12:46:24,25.222,775,"Tank4","Control"
"5531",2025-06-29 12:51:24,25.319,796.5,"Tank4","Control"
"5532",2025-06-29 12:56:24,25.416,742.7,"Tank4","Control"
"5533",2025-06-29 13:01:24,25.416,731.9,"Tank4","Control"
"5534",2025-06-29 13:06:24,25.416,785.8,"Tank4","Control"
"5535",2025-06-29 13:11:24,25.416,742.7,"Tank4","Control"
"5536",2025-06-29 13:16:24,25.416,731.9,"Tank4","Control"
"5537",2025-06-29 13:21:24,25.416,861.1,"Tank4","Control"
"5538",2025-06-29 13:26:24,25.319,775,"Tank4","Control"
"5539",2025-06-29 13:31:24,25.319,818.1,"Tank4","Control"
"5540",2025-06-29 13:36:24,25.319,742.7,"Tank4","Control"
"5541",2025-06-29 13:41:24,25.319,753.5,"Tank4","Control"
"5542",2025-06-29 13:46:24,25.319,850.4,"Tank4","Control"
"5543",2025-06-29 13:51:24,25.319,775,"Tank4","Control"
"5544",2025-06-29 13:56:24,25.319,828.8,"Tank4","Control"
"5545",2025-06-29 14:01:24,25.319,807.3,"Tank4","Control"
"5546",2025-06-29 14:06:24,25.222,775,"Tank4","Control"
"5547",2025-06-29 14:11:24,25.222,731.9,"Tank4","Control"
"5548",2025-06-29 14:16:24,25.222,818.1,"Tank4","Control"
"5549",2025-06-29 14:21:24,25.416,850.4,"Tank4","Control"
"5550",2025-06-29 14:26:24,25.416,753.5,"Tank4","Control"
"5551",2025-06-29 14:31:24,25.416,731.9,"Tank4","Control"
"5552",2025-06-29 14:36:24,25.416,861.1,"Tank4","Control"
"5553",2025-06-29 14:41:24,25.416,828.8,"Tank4","Control"
"5554",2025-06-29 14:46:24,25.416,764.2,"Tank4","Control"
"5555",2025-06-29 14:51:24,25.319,753.5,"Tank4","Control"
"5556",2025-06-29 14:56:24,25.319,850.4,"Tank4","Control"
"5557",2025-06-29 15:01:24,25.319,828.8,"Tank4","Control"
"5558",2025-06-29 15:06:24,25.319,839.6,"Tank4","Control"
"5559",2025-06-29 15:11:24,25.319,785.8,"Tank4","Control"
"5560",2025-06-29 15:16:24,25.319,839.6,"Tank4","Control"
"5561",2025-06-29 15:21:24,25.319,828.8,"Tank4","Control"
"5562",2025-06-29 15:26:24,25.319,861.1,"Tank4","Control"
"5563",2025-06-29 15:31:24,25.222,818.1,"Tank4","Control"
"5564",2025-06-29 15:36:24,25.222,796.5,"Tank4","Control"
"5565",2025-06-29 15:41:24,25.222,839.6,"Tank4","Control"
"5566",2025-06-29 15:46:24,25.416,742.7,"Tank4","Control"
"5567",2025-06-29 15:51:24,25.513,753.5,"Tank4","Control"
"5568",2025-06-29 15:56:24,25.416,839.6,"Tank4","Control"
"5569",2025-06-29 16:01:24,25.416,753.5,"Tank4","Control"
"5570",2025-06-29 16:06:24,25.416,764.2,"Tank4","Control"
"5571",2025-06-29 16:11:24,25.416,796.5,"Tank4","Control"
"5572",2025-06-29 16:16:24,25.416,699.7,"Tank4","Control"
"5573",2025-06-29 16:21:24,25.319,764.2,"Tank4","Control"
"5574",2025-06-29 16:26:24,25.319,678.1,"Tank4","Control"
"5575",2025-06-29 16:31:24,25.319,710.4,"Tank4","Control"
"5576",2025-06-29 16:36:24,25.319,667.4,"Tank4","Control"
"5577",2025-06-29 16:41:24,25.319,624.3,"Tank4","Control"
"5578",2025-06-29 16:46:24,25.319,688.9,"Tank4","Control"
"5579",2025-06-29 16:51:24,25.222,624.3,"Tank4","Control"
"5580",2025-06-29 16:56:24,25.222,624.3,"Tank4","Control"
"5581",2025-06-29 17:01:24,25.222,559.7,"Tank4","Control"
"5582",2025-06-29 17:06:24,25.416,505.9,"Tank4","Control"
"5583",2025-06-29 17:11:24,25.416,462.9,"Tank4","Control"
"5584",2025-06-29 17:16:24,25.416,570.5,"Tank4","Control"
"5585",2025-06-29 17:21:24,25.319,462.9,"Tank4","Control"
"5586",2025-06-29 17:26:24,25.319,409,"Tank4","Control"
"5587",2025-06-29 17:31:24,25.319,452.1,"Tank4","Control"
"5588",2025-06-29 17:36:24,25.319,484.4,"Tank4","Control"
"5589",2025-06-29 17:41:24,25.222,398.3,"Tank4","Control"
"5590",2025-06-29 17:46:24,25.222,312.2,"Tank4","Control"
"5591",2025-06-29 17:51:24,25.319,355.2,"Tank4","Control"
"5592",2025-06-29 17:56:24,25.416,301.4,"Tank4","Control"
"5593",2025-06-29 18:01:24,25.416,301.4,"Tank4","Control"
"5594",2025-06-29 18:06:24,25.319,376.7,"Tank4","Control"
"5595",2025-06-29 18:11:24,25.319,236.8,"Tank4","Control"
"5596",2025-06-29 18:16:24,25.319,258.3,"Tank4","Control"
"5597",2025-06-29 18:21:24,25.222,344.4,"Tank4","Control"
"5598",2025-06-29 18:26:24,25.222,193.8,"Tank4","Control"
"5599",2025-06-29 18:31:24,25.222,215.3,"Tank4","Control"
"5600",2025-06-29 18:36:24,25.319,269.1,"Tank4","Control"
"5601",2025-06-29 18:41:24,25.416,183,"Tank4","Control"
"5602",2025-06-29 18:46:24,25.319,301.4,"Tank4","Control"
"5603",2025-06-29 18:51:24,25.319,236.8,"Tank4","Control"
"5604",2025-06-29 18:56:24,25.319,258.3,"Tank4","Control"
"5605",2025-06-29 19:01:24,25.222,161.5,"Tank4","Control"
"5606",2025-06-29 19:06:24,25.222,75.3,"Tank4","Control"
"5607",2025-06-29 19:11:24,25.222,129.2,"Tank4","Control"
"5608",2025-06-29 19:16:24,25.222,129.2,"Tank4","Control"
"5609",2025-06-29 19:21:24,25.416,10.8,"Tank4","Control"
"5610",2025-06-29 19:26:24,25.319,32.3,"Tank4","Control"
"5611",2025-06-29 19:31:24,25.319,53.8,"Tank4","Control"
"5612",2025-06-29 19:36:24,25.319,86.1,"Tank4","Control"
"5613",2025-06-29 19:41:24,25.319,53.8,"Tank4","Control"
"5614",2025-06-29 19:46:24,25.222,0,"Tank4","Control"
"5615",2025-06-29 19:51:24,25.222,10.8,"Tank4","Control"
"5616",2025-06-29 19:56:24,25.125,0,"Tank4","Control"
"5617",2025-06-29 20:01:24,25.319,0,"Tank4","Control"
"5618",2025-06-29 20:06:24,25.416,0,"Tank4","Control"
"5619",2025-06-29 20:11:24,25.416,0,"Tank4","Control"
"5620",2025-06-29 20:16:24,25.319,0,"Tank4","Control"
"5621",2025-06-29 20:21:24,25.319,0,"Tank4","Control"
"5622",2025-06-29 20:26:24,25.319,0,"Tank4","Control"
"5623",2025-06-29 20:31:24,25.222,0,"Tank4","Control"
"5624",2025-06-29 20:36:24,25.222,0,"Tank4","Control"
"5625",2025-06-29 20:41:24,25.222,0,"Tank4","Control"
"5626",2025-06-29 20:46:24,25.222,0,"Tank4","Control"
"5627",2025-06-29 20:51:24,25.416,0,"Tank4","Control"
"5628",2025-06-29 20:56:24,25.416,0,"Tank4","Control"
"5629",2025-06-29 21:01:24,25.319,0,"Tank4","Control"
"5630",2025-06-29 21:06:24,25.319,0,"Tank4","Control"
"5631",2025-06-29 21:11:24,25.319,0,"Tank4","Control"
"5632",2025-06-29 21:16:24,25.319,0,"Tank4","Control"
"5633",2025-06-29 21:21:24,25.222,0,"Tank4","Control"
"5634",2025-06-29 21:26:24,25.222,0,"Tank4","Control"
"5635",2025-06-29 21:31:24,25.222,0,"Tank4","Control"
"5636",2025-06-29 21:36:24,25.319,0,"Tank4","Control"
"5637",2025-06-29 21:41:24,25.319,0,"Tank4","Control"
"5638",2025-06-29 21:46:24,25.319,0,"Tank4","Control"
"5639",2025-06-29 21:51:24,25.319,0,"Tank4","Control"
"5640",2025-06-29 21:56:24,25.222,0,"Tank4","Control"
"5641",2025-06-29 22:01:24,25.222,0,"Tank4","Control"
"5642",2025-06-29 22:06:24,25.222,0,"Tank4","Control"
"5643",2025-06-29 22:11:24,25.319,0,"Tank4","Control"
"5644",2025-06-29 22:16:24,25.416,0,"Tank4","Control"
"5645",2025-06-29 22:21:24,25.319,0,"Tank4","Control"
"5646",2025-06-29 22:26:24,25.319,0,"Tank4","Control"
"5647",2025-06-29 22:31:24,25.319,0,"Tank4","Control"
"5648",2025-06-29 22:36:24,25.319,0,"Tank4","Control"
"5649",2025-06-29 22:41:24,25.222,0,"Tank4","Control"
"5650",2025-06-29 22:46:24,25.222,0,"Tank4","Control"
"5651",2025-06-29 22:51:24,25.222,0,"Tank4","Control"
"5652",2025-06-29 22:56:24,25.222,0,"Tank4","Control"
"5653",2025-06-29 23:01:24,25.416,0,"Tank4","Control"
"5654",2025-06-29 23:06:24,25.416,0,"Tank4","Control"
"5655",2025-06-29 23:11:24,25.416,0,"Tank4","Control"
"5656",2025-06-29 23:16:24,25.319,0,"Tank4","Control"
"5657",2025-06-29 23:21:24,25.319,0,"Tank4","Control"
"5658",2025-06-29 23:26:24,25.319,0,"Tank4","Control"
"5659",2025-06-29 23:31:24,25.222,0,"Tank4","Control"
"5660",2025-06-29 23:36:24,25.222,0,"Tank4","Control"
"5661",2025-06-29 23:41:24,25.222,0,"Tank4","Control"
"5662",2025-06-29 23:46:24,25.319,0,"Tank4","Control"
"5663",2025-06-29 23:51:24,25.416,0,"Tank4","Control"
"5664",2025-06-29 23:56:24,25.416,0,"Tank4","Control"
"5665",2025-06-30 00:01:24,25.319,0,"Tank4","Control"
"5666",2025-06-30 00:06:24,25.319,0,"Tank4","Control"
"5667",2025-06-30 00:11:24,25.319,0,"Tank4","Control"
"5668",2025-06-30 00:16:24,25.222,0,"Tank4","Control"
"5669",2025-06-30 00:21:24,25.222,0,"Tank4","Control"
"5670",2025-06-30 00:26:24,25.222,0,"Tank4","Control"
"5671",2025-06-30 00:31:24,25.222,0,"Tank4","Control"
"5672",2025-06-30 00:36:24,25.416,0,"Tank4","Control"
"5673",2025-06-30 00:41:24,25.416,0,"Tank4","Control"
"5674",2025-06-30 00:46:24,25.319,0,"Tank4","Control"
"5675",2025-06-30 00:51:24,25.319,0,"Tank4","Control"
"5676",2025-06-30 00:56:24,25.319,0,"Tank4","Control"
"5677",2025-06-30 01:01:24,25.222,0,"Tank4","Control"
"5678",2025-06-30 01:06:24,25.222,0,"Tank4","Control"
"5679",2025-06-30 01:11:24,25.222,0,"Tank4","Control"
"5680",2025-06-30 01:16:24,25.222,0,"Tank4","Control"
"5681",2025-06-30 01:21:24,25.416,0,"Tank4","Control"
"5682",2025-06-30 01:26:24,25.416,0,"Tank4","Control"
"5683",2025-06-30 01:31:24,25.416,0,"Tank4","Control"
"5684",2025-06-30 01:36:24,25.319,0,"Tank4","Control"
"5685",2025-06-30 01:41:24,25.319,0,"Tank4","Control"
"5686",2025-06-30 01:46:24,25.319,0,"Tank4","Control"
"5687",2025-06-30 01:51:24,25.222,0,"Tank4","Control"
"5688",2025-06-30 01:56:24,25.222,0,"Tank4","Control"
"5689",2025-06-30 02:01:24,25.125,0,"Tank4","Control"
"5690",2025-06-30 02:06:24,25.319,0,"Tank4","Control"
"5691",2025-06-30 02:11:24,25.319,0,"Tank4","Control"
"5692",2025-06-30 02:16:24,25.319,0,"Tank4","Control"
"5693",2025-06-30 02:21:24,25.319,0,"Tank4","Control"
"5694",2025-06-30 02:26:24,25.319,0,"Tank4","Control"
"5695",2025-06-30 02:31:24,25.222,0,"Tank4","Control"
"5696",2025-06-30 02:36:24,25.222,0,"Tank4","Control"
"5697",2025-06-30 02:41:24,25.222,0,"Tank4","Control"
"5698",2025-06-30 02:46:24,25.319,0,"Tank4","Control"
"5699",2025-06-30 02:51:24,25.416,0,"Tank4","Control"
"5700",2025-06-30 02:56:24,25.416,0,"Tank4","Control"
"5701",2025-06-30 03:01:24,25.319,0,"Tank4","Control"
"5702",2025-06-30 03:06:24,25.319,0,"Tank4","Control"
"5703",2025-06-30 03:11:24,25.319,0,"Tank4","Control"
"5704",2025-06-30 03:16:24,25.222,0,"Tank4","Control"
"5705",2025-06-30 03:21:24,25.222,0,"Tank4","Control"
"5706",2025-06-30 03:26:24,25.222,0,"Tank4","Control"
"5707",2025-06-30 03:31:24,25.319,0,"Tank4","Control"
"5708",2025-06-30 03:36:24,25.416,0,"Tank4","Control"
"5709",2025-06-30 03:41:24,25.416,0,"Tank4","Control"
"5710",2025-06-30 03:46:24,25.319,0,"Tank4","Control"
"5711",2025-06-30 03:51:24,25.319,0,"Tank4","Control"
"5712",2025-06-30 03:56:24,25.319,0,"Tank4","Control"
"5713",2025-06-30 04:01:24,25.222,0,"Tank4","Control"
"5714",2025-06-30 04:06:24,25.222,0,"Tank4","Control"
"5715",2025-06-30 04:11:24,25.125,0,"Tank4","Control"
"5716",2025-06-30 04:16:24,25.319,0,"Tank4","Control"
"5717",2025-06-30 04:21:24,25.416,0,"Tank4","Control"
"5718",2025-06-30 04:26:24,25.319,0,"Tank4","Control"
"5719",2025-06-30 04:31:24,25.319,0,"Tank4","Control"
"5720",2025-06-30 04:36:24,25.319,0,"Tank4","Control"
"5721",2025-06-30 04:41:24,25.222,0,"Tank4","Control"
"5722",2025-06-30 04:46:24,25.222,0,"Tank4","Control"
"5723",2025-06-30 04:51:24,25.222,0,"Tank4","Control"
"5724",2025-06-30 04:56:24,25.222,0,"Tank4","Control"
"5725",2025-06-30 05:01:24,25.319,0,"Tank4","Control"
"5726",2025-06-30 05:06:24,25.319,0,"Tank4","Control"
"5727",2025-06-30 05:11:24,25.319,0,"Tank4","Control"
"5728",2025-06-30 05:16:24,25.319,0,"Tank4","Control"
"5729",2025-06-30 05:21:24,25.319,0,"Tank4","Control"
"5730",2025-06-30 05:26:24,25.222,0,"Tank4","Control"
"5731",2025-06-30 05:31:24,25.222,0,"Tank4","Control"
"5732",2025-06-30 05:36:24,25.125,0,"Tank4","Control"
"5733",2025-06-30 05:41:24,25.319,0,"Tank4","Control"
"5734",2025-06-30 05:46:24,25.416,0,"Tank4","Control"
"5735",2025-06-30 05:51:24,25.416,0,"Tank4","Control"
"5736",2025-06-30 05:56:24,25.319,0,"Tank4","Control"
"5737",2025-06-30 06:01:24,25.319,0,"Tank4","Control"
"5738",2025-06-30 06:06:24,25.319,0,"Tank4","Control"
"5739",2025-06-30 06:11:24,25.222,0,"Tank4","Control"
"5740",2025-06-30 06:16:24,25.222,0,"Tank4","Control"
"5741",2025-06-30 06:21:24,25.222,0,"Tank4","Control"
"5742",2025-06-30 06:26:24,25.319,0,"Tank4","Control"
"5743",2025-06-30 06:31:24,25.416,0,"Tank4","Control"
"5744",2025-06-30 06:36:24,25.416,0,"Tank4","Control"
"5745",2025-06-30 06:41:24,25.319,0,"Tank4","Control"
"5746",2025-06-30 06:46:24,25.319,0,"Tank4","Control"
"5747",2025-06-30 06:51:24,25.319,0,"Tank4","Control"
"5748",2025-06-30 06:56:24,25.222,0,"Tank4","Control"
"5749",2025-06-30 07:01:24,25.222,0,"Tank4","Control"
"5750",2025-06-30 07:06:24,25.125,0,"Tank4","Control"
"5751",2025-06-30 07:11:24,25.319,0,"Tank4","Control"
"5752",2025-06-30 07:16:24,25.416,0,"Tank4","Control"
"5753",2025-06-30 07:21:24,25.319,0,"Tank4","Control"
"5754",2025-06-30 07:26:24,25.319,0,"Tank4","Control"
"5755",2025-06-30 07:31:24,25.319,0,"Tank4","Control"
"5756",2025-06-30 07:36:24,25.319,0,"Tank4","Control"
"5757",2025-06-30 07:41:24,25.222,0,"Tank4","Control"
"5758",2025-06-30 07:46:24,25.222,0,"Tank4","Control"
"5759",2025-06-30 07:51:24,25.125,0,"Tank4","Control"
"5760",2025-06-30 07:56:24,25.319,0,"Tank4","Control"
"5761",2025-06-25 08:01:43,25.222,0,"Tank5","Heated"
"5762",2025-06-25 08:06:43,25.222,0,"Tank5","Heated"
"5763",2025-06-25 08:11:43,25.416,0,"Tank5","Heated"
"5764",2025-06-25 08:16:43,25.416,0,"Tank5","Heated"
"5765",2025-06-25 08:21:43,25.319,0,"Tank5","Heated"
"5766",2025-06-25 08:26:43,25.319,0,"Tank5","Heated"
"5767",2025-06-25 08:31:43,25.319,0,"Tank5","Heated"
"5768",2025-06-25 08:36:43,25.319,107.6,"Tank5","Heated"
"5769",2025-06-25 08:41:43,25.416,215.3,"Tank5","Heated"
"5770",2025-06-25 08:46:43,25.416,150.7,"Tank5","Heated"
"5771",2025-06-25 08:51:43,25.416,161.5,"Tank5","Heated"
"5772",2025-06-25 08:56:43,25.61,129.2,"Tank5","Heated"
"5773",2025-06-25 09:01:43,25.513,204.5,"Tank5","Heated"
"5774",2025-06-25 09:06:43,25.513,172.2,"Tank5","Heated"
"5775",2025-06-25 09:11:43,25.513,301.4,"Tank5","Heated"
"5776",2025-06-25 09:16:43,25.416,215.3,"Tank5","Heated"
"5777",2025-06-25 09:21:43,25.416,258.3,"Tank5","Heated"
"5778",2025-06-25 09:26:43,25.513,269.1,"Tank5","Heated"
"5779",2025-06-25 09:31:43,25.708,236.8,"Tank5","Heated"
"5780",2025-06-25 09:36:43,26.097,258.3,"Tank5","Heated"
"5781",2025-06-25 09:41:43,26.683,355.2,"Tank5","Heated"
"5782",2025-06-25 09:46:43,27.272,366,"Tank5","Heated"
"5783",2025-06-25 09:51:43,27.764,0,"Tank5","Heated"
"5784",2025-06-25 09:56:43,28.258,0,"Tank5","Heated"
"5785",2025-06-25 10:01:43,28.853,0,"Tank5","Heated"
"5786",2025-06-25 10:06:43,29.352,43.1,"Tank5","Heated"
"5787",2025-06-25 10:11:43,29.853,452.1,"Tank5","Heated"
"5788",2025-06-25 10:16:43,30.356,462.9,"Tank5","Heated"
"5789",2025-06-25 10:21:43,30.862,538.2,"Tank5","Heated"
"5790",2025-06-25 10:26:43,31.268,495.1,"Tank5","Heated"
"5791",2025-06-25 10:31:43,31.778,538.2,"Tank5","Heated"
"5792",2025-06-25 10:36:43,32.291,516.7,"Tank5","Heated"
"5793",2025-06-25 10:41:43,32.6,0,"Tank5","Heated"
"5794",2025-06-25 10:46:43,32.497,0,"Tank5","Heated"
"5795",2025-06-25 10:51:43,32.394,0,"Tank5","Heated"
"5796",2025-06-25 10:56:43,32.188,0,"Tank5","Heated"
"5797",2025-06-25 11:01:43,32.394,0,"Tank5","Heated"
"5798",2025-06-25 11:06:43,32.497,0,"Tank5","Heated"
"5799",2025-06-25 11:11:43,32.394,0,"Tank5","Heated"
"5800",2025-06-25 11:16:43,32.291,0,"Tank5","Heated"
"5801",2025-06-25 11:21:43,32.394,0,"Tank5","Heated"
"5802",2025-06-25 11:26:43,32.497,0,"Tank5","Heated"
"5803",2025-06-25 11:31:43,32.394,0,"Tank5","Heated"
"5804",2025-06-25 11:36:43,32.291,0,"Tank5","Heated"
"5805",2025-06-25 11:41:43,32.188,0,"Tank5","Heated"
"5806",2025-06-25 11:46:43,32.497,0,"Tank5","Heated"
"5807",2025-06-25 11:51:43,32.497,1022.6,"Tank5","Heated"
"5808",2025-06-25 11:56:43,32.394,968.8,"Tank5","Heated"
"5809",2025-06-25 12:01:43,32.291,1033.3,"Tank5","Heated"
"5810",2025-06-25 12:06:43,32.497,1044.1,"Tank5","Heated"
"5811",2025-06-25 12:11:43,32.6,1130.2,"Tank5","Heated"
"5812",2025-06-25 12:16:43,32.497,1065.6,"Tank5","Heated"
"5813",2025-06-25 12:21:43,32.394,1054.9,"Tank5","Heated"
"5814",2025-06-25 12:26:43,32.394,1033.3,"Tank5","Heated"
"5815",2025-06-25 12:31:43,32.6,1076.4,"Tank5","Heated"
"5816",2025-06-25 12:36:43,32.497,1044.1,"Tank5","Heated"
"5817",2025-06-25 12:41:43,32.394,1044.1,"Tank5","Heated"
"5818",2025-06-25 12:46:43,32.291,1108.7,"Tank5","Heated"
"5819",2025-06-25 12:51:43,32.497,0,"Tank5","Heated"
"5820",2025-06-25 12:56:43,32.497,0,"Tank5","Heated"
"5821",2025-06-25 13:01:43,32.394,0,"Tank5","Heated"
"5822",2025-06-25 13:06:43,32.291,0,"Tank5","Heated"
"5823",2025-06-25 13:11:43,32.291,0,"Tank5","Heated"
"5824",2025-06-25 13:16:43,32.497,0,"Tank5","Heated"
"5825",2025-06-25 13:21:43,32.497,0,"Tank5","Heated"
"5826",2025-06-25 13:26:43,32.394,0,"Tank5","Heated"
"5827",2025-06-25 13:31:43,32.188,0,"Tank5","Heated"
"5828",2025-06-25 13:36:43,32.394,0,"Tank5","Heated"
"5829",2025-06-25 13:41:43,32.497,1076.4,"Tank5","Heated"
"5830",2025-06-25 13:46:43,32.497,1044.1,"Tank5","Heated"
"5831",2025-06-25 13:51:43,32.291,1076.4,"Tank5","Heated"
"5832",2025-06-25 13:56:43,32.394,1076.4,"Tank5","Heated"
"5833",2025-06-25 14:01:43,32.6,1076.4,"Tank5","Heated"
"5834",2025-06-25 14:06:43,32.497,1022.6,"Tank5","Heated"
"5835",2025-06-25 14:11:43,32.394,1076.4,"Tank5","Heated"
"5836",2025-06-25 14:16:43,32.291,1044.1,"Tank5","Heated"
"5837",2025-06-25 14:21:43,32.497,1054.9,"Tank5","Heated"
"5838",2025-06-25 14:26:43,32.6,1033.3,"Tank5","Heated"
"5839",2025-06-25 14:31:43,32.497,1033.3,"Tank5","Heated"
"5840",2025-06-25 14:36:43,32.394,1097.9,"Tank5","Heated"
"5841",2025-06-25 14:41:43,32.394,1054.9,"Tank5","Heated"
"5842",2025-06-25 14:46:43,32.6,1065.6,"Tank5","Heated"
"5843",2025-06-25 14:51:43,32.497,1001,"Tank5","Heated"
"5844",2025-06-25 14:56:43,32.497,1097.9,"Tank5","Heated"
"5845",2025-06-25 15:01:43,32.704,1033.3,"Tank5","Heated"
"5846",2025-06-25 15:06:43,32.704,990.3,"Tank5","Heated"
"5847",2025-06-25 15:11:43,32.6,1001,"Tank5","Heated"
"5848",2025-06-25 15:16:43,32.497,979.5,"Tank5","Heated"
"5849",2025-06-25 15:21:43,32.6,968.8,"Tank5","Heated"
"5850",2025-06-25 15:26:43,32.704,947.2,"Tank5","Heated"
"5851",2025-06-25 15:31:43,32.6,1065.6,"Tank5","Heated"
"5852",2025-06-25 15:36:43,32.497,1065.6,"Tank5","Heated"
"5853",2025-06-25 15:41:43,32.6,1033.3,"Tank5","Heated"
"5854",2025-06-25 15:46:43,32.704,1001,"Tank5","Heated"
"5855",2025-06-25 15:51:43,32.704,1076.4,"Tank5","Heated"
"5856",2025-06-25 15:56:43,32.6,990.3,"Tank5","Heated"
"5857",2025-06-25 16:01:43,32.497,1054.9,"Tank5","Heated"
"5858",2025-06-25 16:06:43,32.6,1011.8,"Tank5","Heated"
"5859",2025-06-25 16:11:43,32.704,968.8,"Tank5","Heated"
"5860",2025-06-25 16:16:43,32.6,914.9,"Tank5","Heated"
"5861",2025-06-25 16:21:43,32.497,947.2,"Tank5","Heated"
"5862",2025-06-25 16:26:43,32.497,936.5,"Tank5","Heated"
"5863",2025-06-25 16:31:43,32.704,839.6,"Tank5","Heated"
"5864",2025-06-25 16:36:43,32.704,796.5,"Tank5","Heated"
"5865",2025-06-25 16:41:43,32.6,775,"Tank5","Heated"
"5866",2025-06-25 16:46:43,32.497,807.3,"Tank5","Heated"
"5867",2025-06-25 16:51:43,32.6,753.5,"Tank5","Heated"
"5868",2025-06-25 16:56:43,32.704,721.2,"Tank5","Heated"
"5869",2025-06-25 17:01:43,32.6,667.4,"Tank5","Heated"
"5870",2025-06-25 17:06:43,32.497,624.3,"Tank5","Heated"
"5871",2025-06-25 17:11:43,32.497,667.4,"Tank5","Heated"
"5872",2025-06-25 17:16:43,32.704,570.5,"Tank5","Heated"
"5873",2025-06-25 17:21:43,32.704,635.1,"Tank5","Heated"
"5874",2025-06-25 17:26:43,32.6,613.5,"Tank5","Heated"
"5875",2025-06-25 17:31:43,32.497,635.1,"Tank5","Heated"
"5876",2025-06-25 17:36:43,32.497,495.1,"Tank5","Heated"
"5877",2025-06-25 17:41:43,32.704,624.3,"Tank5","Heated"
"5878",2025-06-25 17:46:43,32.704,452.1,"Tank5","Heated"
"5879",2025-06-25 17:51:43,32.6,505.9,"Tank5","Heated"
"5880",2025-06-25 17:56:43,32.497,484.4,"Tank5","Heated"
"5881",2025-06-25 18:01:43,32.497,462.9,"Tank5","Heated"
"5882",2025-06-25 18:06:43,32.704,452.1,"Tank5","Heated"
"5883",2025-06-25 18:11:43,32.704,398.3,"Tank5","Heated"
"5884",2025-06-25 18:16:43,32.6,409,"Tank5","Heated"
"5885",2025-06-25 18:21:43,32.394,387.5,"Tank5","Heated"
"5886",2025-06-25 18:26:43,32.497,366,"Tank5","Heated"
"5887",2025-06-25 18:31:43,32.704,269.1,"Tank5","Heated"
"5888",2025-06-25 18:36:43,32.6,258.3,"Tank5","Heated"
"5889",2025-06-25 18:41:43,32.497,226,"Tank5","Heated"
"5890",2025-06-25 18:46:43,32.394,301.4,"Tank5","Heated"
"5891",2025-06-25 18:51:43,32.6,301.4,"Tank5","Heated"
"5892",2025-06-25 18:56:43,32.704,215.3,"Tank5","Heated"
"5893",2025-06-25 19:01:43,32.6,150.7,"Tank5","Heated"
"5894",2025-06-25 19:06:43,32.497,150.7,"Tank5","Heated"
"5895",2025-06-25 19:11:43,32.497,10.8,"Tank5","Heated"
"5896",2025-06-25 19:16:43,32.704,150.7,"Tank5","Heated"
"5897",2025-06-25 19:21:43,32.6,107.6,"Tank5","Heated"
"5898",2025-06-25 19:26:43,32.497,43.1,"Tank5","Heated"
"5899",2025-06-25 19:31:43,32.394,43.1,"Tank5","Heated"
"5900",2025-06-25 19:36:43,32.6,10.8,"Tank5","Heated"
"5901",2025-06-25 19:41:43,32.704,53.8,"Tank5","Heated"
"5902",2025-06-25 19:46:43,32.6,64.6,"Tank5","Heated"
"5903",2025-06-25 19:51:43,32.497,0,"Tank5","Heated"
"5904",2025-06-25 19:56:43,32.394,0,"Tank5","Heated"
"5905",2025-06-25 20:01:43,32.704,0,"Tank5","Heated"
"5906",2025-06-25 20:06:43,32.6,0,"Tank5","Heated"
"5907",2025-06-25 20:11:43,32.497,0,"Tank5","Heated"
"5908",2025-06-25 20:16:43,32.394,0,"Tank5","Heated"
"5909",2025-06-25 20:21:43,32.6,0,"Tank5","Heated"
"5910",2025-06-25 20:26:43,32.704,0,"Tank5","Heated"
"5911",2025-06-25 20:31:43,32.6,0,"Tank5","Heated"
"5912",2025-06-25 20:36:43,32.497,0,"Tank5","Heated"
"5913",2025-06-25 20:41:43,32.497,0,"Tank5","Heated"
"5914",2025-06-25 20:46:43,32.704,0,"Tank5","Heated"
"5915",2025-06-25 20:51:43,32.6,0,"Tank5","Heated"
"5916",2025-06-25 20:56:43,32.497,0,"Tank5","Heated"
"5917",2025-06-25 21:01:43,32.394,0,"Tank5","Heated"
"5918",2025-06-25 21:06:43,32.6,0,"Tank5","Heated"
"5919",2025-06-25 21:11:43,32.6,0,"Tank5","Heated"
"5920",2025-06-25 21:16:43,32.497,0,"Tank5","Heated"
"5921",2025-06-25 21:21:43,32.394,0,"Tank5","Heated"
"5922",2025-06-25 21:26:43,32.704,0,"Tank5","Heated"
"5923",2025-06-25 21:31:43,32.6,0,"Tank5","Heated"
"5924",2025-06-25 21:36:43,32.497,0,"Tank5","Heated"
"5925",2025-06-25 21:41:43,32.394,0,"Tank5","Heated"
"5926",2025-06-25 21:46:43,32.704,0,"Tank5","Heated"
"5927",2025-06-25 21:51:43,32.6,0,"Tank5","Heated"
"5928",2025-06-25 21:56:43,32.497,0,"Tank5","Heated"
"5929",2025-06-25 22:01:43,32.394,0,"Tank5","Heated"
"5930",2025-06-25 22:06:43,32.6,43.1,"Tank5","Heated"
"5931",2025-06-25 22:11:43,32.704,21.5,"Tank5","Heated"
"5932",2025-06-25 22:16:43,32.497,32.3,"Tank5","Heated"
"5933",2025-06-25 22:21:43,32.394,32.3,"Tank5","Heated"
"5934",2025-06-25 22:26:43,32.6,0,"Tank5","Heated"
"5935",2025-06-25 22:31:43,32.497,0,"Tank5","Heated"
"5936",2025-06-25 22:36:43,32.394,0,"Tank5","Heated"
"5937",2025-06-25 22:41:43,32.394,0,"Tank5","Heated"
"5938",2025-06-25 22:46:43,32.6,0,"Tank5","Heated"
"5939",2025-06-25 22:51:43,32.497,0,"Tank5","Heated"
"5940",2025-06-25 22:56:43,32.394,0,"Tank5","Heated"
"5941",2025-06-25 23:01:43,32.394,0,"Tank5","Heated"
"5942",2025-06-25 23:06:43,32.6,0,"Tank5","Heated"
"5943",2025-06-25 23:11:43,32.6,0,"Tank5","Heated"
"5944",2025-06-25 23:16:43,32.497,0,"Tank5","Heated"
"5945",2025-06-25 23:21:43,32.394,0,"Tank5","Heated"
"5946",2025-06-25 23:26:43,32.497,0,"Tank5","Heated"
"5947",2025-06-25 23:31:43,32.6,0,"Tank5","Heated"
"5948",2025-06-25 23:36:43,32.497,0,"Tank5","Heated"
"5949",2025-06-25 23:41:43,32.394,0,"Tank5","Heated"
"5950",2025-06-25 23:46:43,32.394,0,"Tank5","Heated"
"5951",2025-06-25 23:51:43,32.6,0,"Tank5","Heated"
"5952",2025-06-25 23:56:43,32.497,0,"Tank5","Heated"
"5953",2025-06-26 00:01:43,32.394,0,"Tank5","Heated"
"5954",2025-06-26 00:06:43,32.394,0,"Tank5","Heated"
"5955",2025-06-26 00:11:43,32.6,0,"Tank5","Heated"
"5956",2025-06-26 00:16:43,32.6,0,"Tank5","Heated"
"5957",2025-06-26 00:21:43,32.497,0,"Tank5","Heated"
"5958",2025-06-26 00:26:43,32.394,0,"Tank5","Heated"
"5959",2025-06-26 00:31:43,32.497,0,"Tank5","Heated"
"5960",2025-06-26 00:36:43,32.6,0,"Tank5","Heated"
"5961",2025-06-26 00:41:43,32.497,0,"Tank5","Heated"
"5962",2025-06-26 00:46:43,32.394,0,"Tank5","Heated"
"5963",2025-06-26 00:51:43,32.394,0,"Tank5","Heated"
"5964",2025-06-26 00:56:43,32.6,0,"Tank5","Heated"
"5965",2025-06-26 01:01:43,32.6,0,"Tank5","Heated"
"5966",2025-06-26 01:06:43,32.394,0,"Tank5","Heated"
"5967",2025-06-26 01:11:43,32.291,0,"Tank5","Heated"
"5968",2025-06-26 01:16:43,32.6,0,"Tank5","Heated"
"5969",2025-06-26 01:21:43,32.6,0,"Tank5","Heated"
"5970",2025-06-26 01:26:43,32.497,0,"Tank5","Heated"
"5971",2025-06-26 01:31:43,32.394,0,"Tank5","Heated"
"5972",2025-06-26 01:36:43,32.497,0,"Tank5","Heated"
"5973",2025-06-26 01:41:43,32.6,0,"Tank5","Heated"
"5974",2025-06-26 01:46:43,32.497,0,"Tank5","Heated"
"5975",2025-06-26 01:51:43,32.394,0,"Tank5","Heated"
"5976",2025-06-26 01:56:43,32.394,0,"Tank5","Heated"
"5977",2025-06-26 02:01:43,32.6,0,"Tank5","Heated"
"5978",2025-06-26 02:06:43,32.6,0,"Tank5","Heated"
"5979",2025-06-26 02:11:43,32.394,0,"Tank5","Heated"
"5980",2025-06-26 02:16:43,32.291,0,"Tank5","Heated"
"5981",2025-06-26 02:21:43,32.6,0,"Tank5","Heated"
"5982",2025-06-26 02:26:43,32.6,0,"Tank5","Heated"
"5983",2025-06-26 02:31:43,32.497,0,"Tank5","Heated"
"5984",2025-06-26 02:36:43,32.394,0,"Tank5","Heated"
"5985",2025-06-26 02:41:43,32.497,0,"Tank5","Heated"
"5986",2025-06-26 02:46:43,32.6,0,"Tank5","Heated"
"5987",2025-06-26 02:51:43,32.497,0,"Tank5","Heated"
"5988",2025-06-26 02:56:43,32.394,0,"Tank5","Heated"
"5989",2025-06-26 03:01:43,32.394,0,"Tank5","Heated"
"5990",2025-06-26 03:06:43,32.6,0,"Tank5","Heated"
"5991",2025-06-26 03:11:43,32.6,0,"Tank5","Heated"
"5992",2025-06-26 03:16:43,32.497,0,"Tank5","Heated"
"5993",2025-06-26 03:21:43,32.394,0,"Tank5","Heated"
"5994",2025-06-26 03:26:43,32.497,0,"Tank5","Heated"
"5995",2025-06-26 03:31:43,32.6,0,"Tank5","Heated"
"5996",2025-06-26 03:36:43,32.497,0,"Tank5","Heated"
"5997",2025-06-26 03:41:43,32.394,0,"Tank5","Heated"
"5998",2025-06-26 03:46:43,32.394,0,"Tank5","Heated"
"5999",2025-06-26 03:51:43,32.6,0,"Tank5","Heated"
"6000",2025-06-26 03:56:43,32.497,0,"Tank5","Heated"
"6001",2025-06-26 04:01:43,32.394,0,"Tank5","Heated"
"6002",2025-06-26 04:06:43,32.394,0,"Tank5","Heated"
"6003",2025-06-26 04:11:43,32.6,0,"Tank5","Heated"
"6004",2025-06-26 04:16:43,32.6,0,"Tank5","Heated"
"6005",2025-06-26 04:21:43,32.497,0,"Tank5","Heated"
"6006",2025-06-26 04:26:43,32.291,0,"Tank5","Heated"
"6007",2025-06-26 04:31:43,32.497,0,"Tank5","Heated"
"6008",2025-06-26 04:36:43,32.6,0,"Tank5","Heated"
"6009",2025-06-26 04:41:43,32.497,0,"Tank5","Heated"
"6010",2025-06-26 04:46:43,32.394,0,"Tank5","Heated"
"6011",2025-06-26 04:51:43,32.394,0,"Tank5","Heated"
"6012",2025-06-26 04:56:43,32.6,0,"Tank5","Heated"
"6013",2025-06-26 05:01:43,32.6,0,"Tank5","Heated"
"6014",2025-06-26 05:06:43,32.394,0,"Tank5","Heated"
"6015",2025-06-26 05:11:43,32.291,0,"Tank5","Heated"
"6016",2025-06-26 05:16:43,32.6,0,"Tank5","Heated"
"6017",2025-06-26 05:21:43,32.6,0,"Tank5","Heated"
"6018",2025-06-26 05:26:43,32.497,0,"Tank5","Heated"
"6019",2025-06-26 05:31:43,32.291,0,"Tank5","Heated"
"6020",2025-06-26 05:36:43,32.497,0,"Tank5","Heated"
"6021",2025-06-26 05:41:43,32.6,0,"Tank5","Heated"
"6022",2025-06-26 05:46:43,32.497,0,"Tank5","Heated"
"6023",2025-06-26 05:51:43,32.394,0,"Tank5","Heated"
"6024",2025-06-26 05:56:43,32.394,0,"Tank5","Heated"
"6025",2025-06-26 06:01:43,32.6,0,"Tank5","Heated"
"6026",2025-06-26 06:06:43,32.497,0,"Tank5","Heated"
"6027",2025-06-26 06:11:43,32.394,0,"Tank5","Heated"
"6028",2025-06-26 06:16:43,32.394,0,"Tank5","Heated"
"6029",2025-06-26 06:21:43,32.6,0,"Tank5","Heated"
"6030",2025-06-26 06:26:43,32.6,0,"Tank5","Heated"
"6031",2025-06-26 06:31:43,32.497,0,"Tank5","Heated"
"6032",2025-06-26 06:36:43,32.291,0,"Tank5","Heated"
"6033",2025-06-26 06:41:43,32.497,0,"Tank5","Heated"
"6034",2025-06-26 06:46:43,32.6,0,"Tank5","Heated"
"6035",2025-06-26 06:51:43,32.497,0,"Tank5","Heated"
"6036",2025-06-26 06:56:43,32.394,0,"Tank5","Heated"
"6037",2025-06-26 07:01:43,32.497,0,"Tank5","Heated"
"6038",2025-06-26 07:06:43,32.6,0,"Tank5","Heated"
"6039",2025-06-26 07:11:43,32.497,0,"Tank5","Heated"
"6040",2025-06-26 07:16:43,32.394,0,"Tank5","Heated"
"6041",2025-06-26 07:21:43,32.394,0,"Tank5","Heated"
"6042",2025-06-26 07:26:43,32.6,0,"Tank5","Heated"
"6043",2025-06-26 07:31:43,32.497,0,"Tank5","Heated"
"6044",2025-06-26 07:36:43,32.394,0,"Tank5","Heated"
"6045",2025-06-26 07:41:43,32.394,0,"Tank5","Heated"
"6046",2025-06-26 07:46:43,32.6,0,"Tank5","Heated"
"6047",2025-06-26 07:51:43,32.6,0,"Tank5","Heated"
"6048",2025-06-26 07:56:43,32.497,0,"Tank5","Heated"
"6049",2025-06-26 08:01:43,32.394,0,"Tank5","Heated"
"6050",2025-06-26 08:06:43,32.6,0,"Tank5","Heated"
"6051",2025-06-26 08:11:43,32.6,0,"Tank5","Heated"
"6052",2025-06-26 08:16:43,32.497,0,"Tank5","Heated"
"6053",2025-06-26 08:21:43,32.394,0,"Tank5","Heated"
"6054",2025-06-26 08:26:43,32.497,0,"Tank5","Heated"
"6055",2025-06-26 08:31:43,32.6,0,"Tank5","Heated"
"6056",2025-06-26 08:36:43,32.497,32.3,"Tank5","Heated"
"6057",2025-06-26 08:41:43,32.394,32.3,"Tank5","Heated"
"6058",2025-06-26 08:46:43,32.497,32.3,"Tank5","Heated"
"6059",2025-06-26 08:51:43,32.6,32.3,"Tank5","Heated"
"6060",2025-06-26 08:56:43,32.497,43.1,"Tank5","Heated"
"6061",2025-06-26 09:01:43,32.394,269.1,"Tank5","Heated"
"6062",2025-06-26 09:06:43,32.291,215.3,"Tank5","Heated"
"6063",2025-06-26 09:11:43,32.497,226,"Tank5","Heated"
"6064",2025-06-26 09:16:43,32.6,290.6,"Tank5","Heated"
"6065",2025-06-26 09:21:43,32.497,226,"Tank5","Heated"
"6066",2025-06-26 09:26:43,32.394,258.3,"Tank5","Heated"
"6067",2025-06-26 09:31:43,32.394,226,"Tank5","Heated"
"6068",2025-06-26 09:36:43,32.6,279.9,"Tank5","Heated"
"6069",2025-06-26 09:41:43,32.497,269.1,"Tank5","Heated"
"6070",2025-06-26 09:46:43,32.394,430.6,"Tank5","Heated"
"6071",2025-06-26 09:51:43,32.291,333.7,"Tank5","Heated"
"6072",2025-06-26 09:56:43,32.6,355.2,"Tank5","Heated"
"6073",2025-06-26 10:01:43,32.6,387.5,"Tank5","Heated"
"6074",2025-06-26 10:06:43,32.497,527.4,"Tank5","Heated"
"6075",2025-06-26 10:11:43,32.394,441.3,"Tank5","Heated"
"6076",2025-06-26 10:16:43,32.497,527.4,"Tank5","Heated"
"6077",2025-06-26 10:21:43,32.6,613.5,"Tank5","Heated"
"6078",2025-06-26 10:26:43,32.497,645.8,"Tank5","Heated"
"6079",2025-06-26 10:31:43,32.394,635.1,"Tank5","Heated"
"6080",2025-06-26 10:36:43,32.394,656.6,"Tank5","Heated"
"6081",2025-06-26 10:41:43,32.6,570.5,"Tank5","Heated"
"6082",2025-06-26 10:46:43,32.6,559.7,"Tank5","Heated"
"6083",2025-06-26 10:51:43,32.497,721.2,"Tank5","Heated"
"6084",2025-06-26 10:56:43,32.394,742.7,"Tank5","Heated"
"6085",2025-06-26 11:01:43,32.497,710.4,"Tank5","Heated"
"6086",2025-06-26 11:06:43,32.6,742.7,"Tank5","Heated"
"6087",2025-06-26 11:11:43,32.6,785.8,"Tank5","Heated"
"6088",2025-06-26 11:16:43,32.497,775,"Tank5","Heated"
"6089",2025-06-26 11:21:43,32.394,785.8,"Tank5","Heated"
"6090",2025-06-26 11:26:43,32.497,818.1,"Tank5","Heated"
"6091",2025-06-26 11:31:43,32.6,861.1,"Tank5","Heated"
"6092",2025-06-26 11:36:43,32.6,893.4,"Tank5","Heated"
"6093",2025-06-26 11:41:43,32.394,893.4,"Tank5","Heated"
"6094",2025-06-26 11:46:43,32.394,925.7,"Tank5","Heated"
"6095",2025-06-26 11:51:43,32.6,925.7,"Tank5","Heated"
"6096",2025-06-26 11:56:43,32.6,947.2,"Tank5","Heated"
"6097",2025-06-26 12:01:43,32.497,979.5,"Tank5","Heated"
"6098",2025-06-26 12:06:43,32.394,1011.8,"Tank5","Heated"
"6099",2025-06-26 12:11:43,32.497,990.3,"Tank5","Heated"
"6100",2025-06-26 12:16:43,32.704,968.8,"Tank5","Heated"
"6101",2025-06-26 12:21:43,32.6,1054.9,"Tank5","Heated"
"6102",2025-06-26 12:26:43,32.497,1022.6,"Tank5","Heated"
"6103",2025-06-26 12:31:43,32.394,1044.1,"Tank5","Heated"
"6104",2025-06-26 12:36:43,32.497,1022.6,"Tank5","Heated"
"6105",2025-06-26 12:41:43,32.704,1087.2,"Tank5","Heated"
"6106",2025-06-26 12:46:43,32.6,979.5,"Tank5","Heated"
"6107",2025-06-26 12:51:43,32.394,0,"Tank5","Heated"
"6108",2025-06-26 12:56:43,32.291,0,"Tank5","Heated"
"6109",2025-06-26 13:01:43,32.497,0,"Tank5","Heated"
"6110",2025-06-26 13:06:43,32.6,0,"Tank5","Heated"
"6111",2025-06-26 13:11:43,32.497,0,"Tank5","Heated"
"6112",2025-06-26 13:16:43,32.394,0,"Tank5","Heated"
"6113",2025-06-26 13:21:43,32.291,0,"Tank5","Heated"
"6114",2025-06-26 13:26:43,32.497,0,"Tank5","Heated"
"6115",2025-06-26 13:31:43,32.6,1076.4,"Tank5","Heated"
"6116",2025-06-26 13:36:43,32.497,1087.2,"Tank5","Heated"
"6117",2025-06-26 13:41:43,32.394,1001,"Tank5","Heated"
"6118",2025-06-26 13:46:43,32.394,1065.6,"Tank5","Heated"
"6119",2025-06-26 13:51:43,32.6,1033.3,"Tank5","Heated"
"6120",2025-06-26 13:56:43,32.6,1022.6,"Tank5","Heated"
"6121",2025-06-26 14:01:43,32.497,1054.9,"Tank5","Heated"
"6122",2025-06-26 14:06:43,32.394,1011.8,"Tank5","Heated"
"6123",2025-06-26 14:11:43,32.497,1033.3,"Tank5","Heated"
"6124",2025-06-26 14:16:43,32.6,1022.6,"Tank5","Heated"
"6125",2025-06-26 14:21:43,32.6,1033.3,"Tank5","Heated"
"6126",2025-06-26 14:26:43,32.497,1054.9,"Tank5","Heated"
"6127",2025-06-26 14:31:43,32.394,958,"Tank5","Heated"
"6128",2025-06-26 14:36:43,32.497,1033.3,"Tank5","Heated"
"6129",2025-06-26 14:41:43,32.704,1054.9,"Tank5","Heated"
"6130",2025-06-26 14:46:43,32.6,1087.2,"Tank5","Heated"
"6131",2025-06-26 14:51:43,32.497,1001,"Tank5","Heated"
"6132",2025-06-26 14:56:43,32.394,1065.6,"Tank5","Heated"
"6133",2025-06-26 15:01:43,32.6,1033.3,"Tank5","Heated"
"6134",2025-06-26 15:06:43,32.704,1001,"Tank5","Heated"
"6135",2025-06-26 15:11:43,32.6,1065.6,"Tank5","Heated"
"6136",2025-06-26 15:16:43,32.497,1011.8,"Tank5","Heated"
"6137",2025-06-26 15:21:43,32.394,1054.9,"Tank5","Heated"
"6138",2025-06-26 15:26:43,32.6,1044.1,"Tank5","Heated"
"6139",2025-06-26 15:31:43,32.6,1033.3,"Tank5","Heated"
"6140",2025-06-26 15:36:43,32.497,581.3,"Tank5","Heated"
"6141",2025-06-26 15:41:43,32.394,581.3,"Tank5","Heated"
"6142",2025-06-26 15:46:43,32.394,592,"Tank5","Heated"
"6143",2025-06-26 15:51:43,32.6,538.2,"Tank5","Heated"
"6144",2025-06-26 15:56:43,32.6,559.7,"Tank5","Heated"
"6145",2025-06-26 16:01:43,32.497,559.7,"Tank5","Heated"
"6146",2025-06-26 16:06:43,32.394,753.5,"Tank5","Heated"
"6147",2025-06-26 16:11:43,32.394,764.2,"Tank5","Heated"
"6148",2025-06-26 16:16:43,32.6,753.5,"Tank5","Heated"
"6149",2025-06-26 16:21:43,32.6,731.9,"Tank5","Heated"
"6150",2025-06-26 16:26:43,32.497,753.5,"Tank5","Heated"
"6151",2025-06-26 16:31:43,32.394,602.8,"Tank5","Heated"
"6152",2025-06-26 16:36:43,32.291,764.2,"Tank5","Heated"
"6153",2025-06-26 16:41:43,32.6,775,"Tank5","Heated"
"6154",2025-06-26 16:46:43,32.6,710.4,"Tank5","Heated"
"6155",2025-06-26 16:51:43,32.497,710.4,"Tank5","Heated"
"6156",2025-06-26 16:56:43,32.394,667.4,"Tank5","Heated"
"6157",2025-06-26 17:01:43,32.291,624.3,"Tank5","Heated"
"6158",2025-06-26 17:06:43,32.497,602.8,"Tank5","Heated"
"6159",2025-06-26 17:11:43,32.497,635.1,"Tank5","Heated"
"6160",2025-06-26 17:16:43,32.394,581.3,"Tank5","Heated"
"6161",2025-06-26 17:21:43,32.291,570.5,"Tank5","Heated"
"6162",2025-06-26 17:26:43,32.497,527.4,"Tank5","Heated"
"6163",2025-06-26 17:31:43,32.497,441.3,"Tank5","Heated"
"6164",2025-06-26 17:36:43,32.497,441.3,"Tank5","Heated"
"6165",2025-06-26 17:41:43,32.291,516.7,"Tank5","Heated"
"6166",2025-06-26 17:46:43,32.291,333.7,"Tank5","Heated"
"6167",2025-06-26 17:51:43,32.497,387.5,"Tank5","Heated"
"6168",2025-06-26 17:56:43,32.497,430.6,"Tank5","Heated"
"6169",2025-06-26 18:01:43,32.394,279.9,"Tank5","Heated"
"6170",2025-06-26 18:06:43,32.291,355.2,"Tank5","Heated"
"6171",2025-06-26 18:11:43,32.394,258.3,"Tank5","Heated"
"6172",2025-06-26 18:16:43,32.497,290.6,"Tank5","Heated"
"6173",2025-06-26 18:21:43,32.497,215.3,"Tank5","Heated"
"6174",2025-06-26 18:26:43,32.291,279.9,"Tank5","Heated"
"6175",2025-06-26 18:31:43,32.291,172.2,"Tank5","Heated"
"6176",2025-06-26 18:36:43,32.497,139.9,"Tank5","Heated"
"6177",2025-06-26 18:41:43,32.497,193.8,"Tank5","Heated"
"6178",2025-06-26 18:46:43,32.394,118.4,"Tank5","Heated"
"6179",2025-06-26 18:51:43,32.291,226,"Tank5","Heated"
"6180",2025-06-26 18:56:43,32.394,161.5,"Tank5","Heated"
"6181",2025-06-26 19:01:43,32.497,150.7,"Tank5","Heated"
"6182",2025-06-26 19:06:43,32.394,107.6,"Tank5","Heated"
"6183",2025-06-26 19:11:43,32.291,118.4,"Tank5","Heated"
"6184",2025-06-26 19:16:43,32.291,64.6,"Tank5","Heated"
"6185",2025-06-26 19:21:43,32.497,86.1,"Tank5","Heated"
"6186",2025-06-26 19:26:43,32.497,32.3,"Tank5","Heated"
"6187",2025-06-26 19:31:43,32.394,64.6,"Tank5","Heated"
"6188",2025-06-26 19:36:43,32.291,53.8,"Tank5","Heated"
"6189",2025-06-26 19:41:43,32.394,118.4,"Tank5","Heated"
"6190",2025-06-26 19:46:43,32.497,10.8,"Tank5","Heated"
"6191",2025-06-26 19:51:43,32.394,0,"Tank5","Heated"
"6192",2025-06-26 19:56:43,32.291,0,"Tank5","Heated"
"6193",2025-06-26 20:01:43,32.291,0,"Tank5","Heated"
"6194",2025-06-26 20:06:43,32.497,0,"Tank5","Heated"
"6195",2025-06-26 20:11:43,32.497,0,"Tank5","Heated"
"6196",2025-06-26 20:16:43,32.291,0,"Tank5","Heated"
"6197",2025-06-26 20:21:43,32.188,0,"Tank5","Heated"
"6198",2025-06-26 20:26:43,32.497,0,"Tank5","Heated"
"6199",2025-06-26 20:31:43,32.497,0,"Tank5","Heated"
"6200",2025-06-26 20:36:43,32.394,0,"Tank5","Heated"
"6201",2025-06-26 20:41:43,32.188,0,"Tank5","Heated"
"6202",2025-06-26 20:46:43,32.394,0,"Tank5","Heated"
"6203",2025-06-26 20:51:43,32.497,0,"Tank5","Heated"
"6204",2025-06-26 20:56:43,32.394,0,"Tank5","Heated"
"6205",2025-06-26 21:01:43,32.291,0,"Tank5","Heated"
"6206",2025-06-26 21:06:43,32.291,0,"Tank5","Heated"
"6207",2025-06-26 21:11:43,32.497,0,"Tank5","Heated"
"6208",2025-06-26 21:16:43,32.497,0,"Tank5","Heated"
"6209",2025-06-26 21:21:43,32.394,0,"Tank5","Heated"
"6210",2025-06-26 21:26:43,32.291,0,"Tank5","Heated"
"6211",2025-06-26 21:31:43,32.394,0,"Tank5","Heated"
"6212",2025-06-26 21:36:43,32.497,0,"Tank5","Heated"
"6213",2025-06-26 21:41:43,32.497,0,"Tank5","Heated"
"6214",2025-06-26 21:46:43,32.291,0,"Tank5","Heated"
"6215",2025-06-26 21:51:43,32.188,0,"Tank5","Heated"
"6216",2025-06-26 21:56:43,32.497,0,"Tank5","Heated"
"6217",2025-06-26 22:01:43,32.497,0,"Tank5","Heated"
"6218",2025-06-26 22:06:43,32.394,0,"Tank5","Heated"
"6219",2025-06-26 22:11:43,32.291,0,"Tank5","Heated"
"6220",2025-06-26 22:16:43,32.291,0,"Tank5","Heated"
"6221",2025-06-26 22:21:43,32.497,0,"Tank5","Heated"
"6222",2025-06-26 22:26:43,32.497,0,"Tank5","Heated"
"6223",2025-06-26 22:31:43,32.394,0,"Tank5","Heated"
"6224",2025-06-26 22:36:43,32.188,0,"Tank5","Heated"
"6225",2025-06-26 22:41:43,32.497,0,"Tank5","Heated"
"6226",2025-06-26 22:46:43,32.497,0,"Tank5","Heated"
"6227",2025-06-26 22:51:43,32.394,0,"Tank5","Heated"
"6228",2025-06-26 22:56:43,32.291,0,"Tank5","Heated"
"6229",2025-06-26 23:01:43,32.291,0,"Tank5","Heated"
"6230",2025-06-26 23:06:43,32.497,0,"Tank5","Heated"
"6231",2025-06-26 23:11:43,32.497,0,"Tank5","Heated"
"6232",2025-06-26 23:16:43,32.394,0,"Tank5","Heated"
"6233",2025-06-26 23:21:43,32.291,0,"Tank5","Heated"
"6234",2025-06-26 23:26:43,32.394,0,"Tank5","Heated"
"6235",2025-06-26 23:31:43,32.497,0,"Tank5","Heated"
"6236",2025-06-26 23:36:43,32.394,0,"Tank5","Heated"
"6237",2025-06-26 23:41:43,32.291,0,"Tank5","Heated"
"6238",2025-06-26 23:46:43,32.188,0,"Tank5","Heated"
"6239",2025-06-26 23:51:43,32.497,0,"Tank5","Heated"
"6240",2025-06-26 23:56:43,32.497,0,"Tank5","Heated"
"6241",2025-06-27 00:01:43,32.394,0,"Tank5","Heated"
"6242",2025-06-27 00:06:43,32.291,0,"Tank5","Heated"
"6243",2025-06-27 00:11:43,32.291,0,"Tank5","Heated"
"6244",2025-06-27 00:16:43,32.497,0,"Tank5","Heated"
"6245",2025-06-27 00:21:43,32.394,0,"Tank5","Heated"
"6246",2025-06-27 00:26:43,32.291,0,"Tank5","Heated"
"6247",2025-06-27 00:31:43,32.188,0,"Tank5","Heated"
"6248",2025-06-27 00:36:43,32.497,0,"Tank5","Heated"
"6249",2025-06-27 00:41:43,32.497,0,"Tank5","Heated"
"6250",2025-06-27 00:46:43,32.394,0,"Tank5","Heated"
"6251",2025-06-27 00:51:43,32.291,0,"Tank5","Heated"
"6252",2025-06-27 00:56:43,32.291,0,"Tank5","Heated"
"6253",2025-06-27 01:01:43,32.497,0,"Tank5","Heated"
"6254",2025-06-27 01:06:43,32.497,0,"Tank5","Heated"
"6255",2025-06-27 01:11:43,32.394,0,"Tank5","Heated"
"6256",2025-06-27 01:16:43,32.291,0,"Tank5","Heated"
"6257",2025-06-27 01:21:43,32.188,0,"Tank5","Heated"
"6258",2025-06-27 01:26:43,32.497,0,"Tank5","Heated"
"6259",2025-06-27 01:31:43,32.497,0,"Tank5","Heated"
"6260",2025-06-27 01:36:43,32.497,0,"Tank5","Heated"
"6261",2025-06-27 01:41:43,32.394,0,"Tank5","Heated"
"6262",2025-06-27 01:46:43,32.291,0,"Tank5","Heated"
"6263",2025-06-27 01:51:43,32.394,0,"Tank5","Heated"
"6264",2025-06-27 01:56:43,32.497,0,"Tank5","Heated"
"6265",2025-06-27 02:01:43,32.497,0,"Tank5","Heated"
"6266",2025-06-27 02:06:43,32.394,0,"Tank5","Heated"
"6267",2025-06-27 02:11:43,32.291,0,"Tank5","Heated"
"6268",2025-06-27 02:16:43,32.394,0,"Tank5","Heated"
"6269",2025-06-27 02:21:43,32.497,0,"Tank5","Heated"
"6270",2025-06-27 02:26:43,32.497,0,"Tank5","Heated"
"6271",2025-06-27 02:31:43,32.394,0,"Tank5","Heated"
"6272",2025-06-27 02:36:43,32.291,0,"Tank5","Heated"
"6273",2025-06-27 02:41:43,32.394,0,"Tank5","Heated"
"6274",2025-06-27 02:46:43,32.497,0,"Tank5","Heated"
"6275",2025-06-27 02:51:43,32.497,0,"Tank5","Heated"
"6276",2025-06-27 02:56:43,32.394,0,"Tank5","Heated"
"6277",2025-06-27 03:01:43,32.291,0,"Tank5","Heated"
"6278",2025-06-27 03:06:43,32.394,0,"Tank5","Heated"
"6279",2025-06-27 03:11:43,32.497,0,"Tank5","Heated"
"6280",2025-06-27 03:16:43,32.497,0,"Tank5","Heated"
"6281",2025-06-27 03:21:43,32.394,0,"Tank5","Heated"
"6282",2025-06-27 03:26:43,32.291,0,"Tank5","Heated"
"6283",2025-06-27 03:31:43,32.394,0,"Tank5","Heated"
"6284",2025-06-27 03:36:43,32.497,0,"Tank5","Heated"
"6285",2025-06-27 03:41:43,32.497,0,"Tank5","Heated"
"6286",2025-06-27 03:46:43,32.394,0,"Tank5","Heated"
"6287",2025-06-27 03:51:43,32.291,0,"Tank5","Heated"
"6288",2025-06-27 03:56:43,32.394,0,"Tank5","Heated"
"6289",2025-06-27 04:01:43,32.497,0,"Tank5","Heated"
"6290",2025-06-27 04:06:43,32.497,0,"Tank5","Heated"
"6291",2025-06-27 04:11:43,32.394,0,"Tank5","Heated"
"6292",2025-06-27 04:16:43,32.291,0,"Tank5","Heated"
"6293",2025-06-27 04:21:43,32.394,0,"Tank5","Heated"
"6294",2025-06-27 04:26:43,32.497,0,"Tank5","Heated"
"6295",2025-06-27 04:31:43,32.497,0,"Tank5","Heated"
"6296",2025-06-27 04:36:43,32.394,0,"Tank5","Heated"
"6297",2025-06-27 04:41:43,32.291,0,"Tank5","Heated"
"6298",2025-06-27 04:46:43,32.394,0,"Tank5","Heated"
"6299",2025-06-27 04:51:43,32.497,0,"Tank5","Heated"
"6300",2025-06-27 04:56:43,32.497,0,"Tank5","Heated"
"6301",2025-06-27 05:01:43,32.394,0,"Tank5","Heated"
"6302",2025-06-27 05:06:43,32.291,0,"Tank5","Heated"
"6303",2025-06-27 05:11:43,32.291,0,"Tank5","Heated"
"6304",2025-06-27 05:16:43,32.497,0,"Tank5","Heated"
"6305",2025-06-27 05:21:43,32.497,0,"Tank5","Heated"
"6306",2025-06-27 05:26:43,32.394,0,"Tank5","Heated"
"6307",2025-06-27 05:31:43,32.291,0,"Tank5","Heated"
"6308",2025-06-27 05:36:43,32.291,0,"Tank5","Heated"
"6309",2025-06-27 05:41:43,32.497,0,"Tank5","Heated"
"6310",2025-06-27 05:46:43,32.497,0,"Tank5","Heated"
"6311",2025-06-27 05:51:43,32.394,0,"Tank5","Heated"
"6312",2025-06-27 05:56:43,32.291,0,"Tank5","Heated"
"6313",2025-06-27 06:01:43,32.291,0,"Tank5","Heated"
"6314",2025-06-27 06:06:43,32.497,0,"Tank5","Heated"
"6315",2025-06-27 06:11:43,32.497,0,"Tank5","Heated"
"6316",2025-06-27 06:16:43,32.394,0,"Tank5","Heated"
"6317",2025-06-27 06:21:43,32.291,0,"Tank5","Heated"
"6318",2025-06-27 06:26:43,32.291,0,"Tank5","Heated"
"6319",2025-06-27 06:31:43,32.497,0,"Tank5","Heated"
"6320",2025-06-27 06:36:43,32.497,0,"Tank5","Heated"
"6321",2025-06-27 06:41:43,32.394,0,"Tank5","Heated"
"6322",2025-06-27 06:46:43,32.291,0,"Tank5","Heated"
"6323",2025-06-27 06:51:43,32.291,0,"Tank5","Heated"
"6324",2025-06-27 06:56:43,32.497,0,"Tank5","Heated"
"6325",2025-06-27 07:01:43,32.497,0,"Tank5","Heated"
"6326",2025-06-27 07:06:43,32.394,0,"Tank5","Heated"
"6327",2025-06-27 07:11:43,32.291,0,"Tank5","Heated"
"6328",2025-06-27 07:16:43,32.291,0,"Tank5","Heated"
"6329",2025-06-27 07:21:43,32.497,0,"Tank5","Heated"
"6330",2025-06-27 07:26:43,32.497,0,"Tank5","Heated"
"6331",2025-06-27 07:31:43,32.394,0,"Tank5","Heated"
"6332",2025-06-27 07:36:43,32.291,0,"Tank5","Heated"
"6333",2025-06-27 07:41:43,32.291,0,"Tank5","Heated"
"6334",2025-06-27 07:46:43,32.497,0,"Tank5","Heated"
"6335",2025-06-27 07:51:43,32.497,0,"Tank5","Heated"
"6336",2025-06-27 07:56:43,32.394,0,"Tank5","Heated"
"6337",2025-06-27 08:01:43,32.291,0,"Tank5","Heated"
"6338",2025-06-27 08:06:43,32.394,0,"Tank5","Heated"
"6339",2025-06-27 08:11:43,32.497,32.3,"Tank5","Heated"
"6340",2025-06-27 08:16:43,32.497,10.8,"Tank5","Heated"
"6341",2025-06-27 08:21:43,32.394,21.5,"Tank5","Heated"
"6342",2025-06-27 08:26:43,32.291,21.5,"Tank5","Heated"
"6343",2025-06-27 08:31:43,32.394,75.3,"Tank5","Heated"
"6344",2025-06-27 08:36:43,32.497,75.3,"Tank5","Heated"
"6345",2025-06-27 08:41:43,32.497,118.4,"Tank5","Heated"
"6346",2025-06-27 08:46:43,32.394,129.2,"Tank5","Heated"
"6347",2025-06-27 08:51:43,32.291,150.7,"Tank5","Heated"
"6348",2025-06-27 08:56:43,32.394,53.8,"Tank5","Heated"
"6349",2025-06-27 09:01:43,32.497,118.4,"Tank5","Heated"
"6350",2025-06-27 09:06:43,32.497,236.8,"Tank5","Heated"
"6351",2025-06-27 09:11:43,32.394,96.9,"Tank5","Heated"
"6352",2025-06-27 09:16:43,32.291,247.6,"Tank5","Heated"
"6353",2025-06-27 09:21:43,32.394,269.1,"Tank5","Heated"
"6354",2025-06-27 09:26:43,32.497,183,"Tank5","Heated"
"6355",2025-06-27 09:31:43,32.497,204.5,"Tank5","Heated"
"6356",2025-06-27 09:36:43,32.394,226,"Tank5","Heated"
"6357",2025-06-27 09:41:43,32.291,376.7,"Tank5","Heated"
"6358",2025-06-27 09:46:43,32.497,441.3,"Tank5","Heated"
"6359",2025-06-27 09:51:43,32.497,366,"Tank5","Heated"
"6360",2025-06-27 09:56:43,32.497,387.5,"Tank5","Heated"
"6361",2025-06-27 10:01:43,32.394,441.3,"Tank5","Heated"
"6362",2025-06-27 10:06:43,32.291,441.3,"Tank5","Heated"
"6363",2025-06-27 10:11:43,32.497,376.7,"Tank5","Heated"
"6364",2025-06-27 10:16:43,32.6,409,"Tank5","Heated"
"6365",2025-06-27 10:21:43,32.497,441.3,"Tank5","Heated"
"6366",2025-06-27 10:26:43,32.394,527.4,"Tank5","Heated"
"6367",2025-06-27 10:31:43,32.291,581.3,"Tank5","Heated"
"6368",2025-06-27 10:36:43,32.394,613.5,"Tank5","Heated"
"6369",2025-06-27 10:41:43,32.6,559.7,"Tank5","Heated"
"6370",2025-06-27 10:46:43,32.497,645.8,"Tank5","Heated"
"6371",2025-06-27 10:51:43,32.394,624.3,"Tank5","Heated"
"6372",2025-06-27 10:56:43,32.291,688.9,"Tank5","Heated"
"6373",2025-06-27 11:01:43,32.497,635.1,"Tank5","Heated"
"6374",2025-06-27 11:06:43,32.6,710.4,"Tank5","Heated"
"6375",2025-06-27 11:11:43,32.497,678.1,"Tank5","Heated"
"6376",2025-06-27 11:16:43,32.394,721.2,"Tank5","Heated"
"6377",2025-06-27 11:21:43,32.291,731.9,"Tank5","Heated"
"6378",2025-06-27 11:26:43,32.394,785.8,"Tank5","Heated"
"6379",2025-06-27 11:31:43,32.6,796.5,"Tank5","Heated"
"6380",2025-06-27 11:36:43,32.497,796.5,"Tank5","Heated"
"6381",2025-06-27 11:41:43,32.394,807.3,"Tank5","Heated"
"6382",2025-06-27 11:46:43,32.291,936.5,"Tank5","Heated"
"6383",2025-06-27 11:51:43,32.394,871.9,"Tank5","Heated"
"6384",2025-06-27 11:56:43,32.6,871.9,"Tank5","Heated"
"6385",2025-06-27 12:01:43,32.497,936.5,"Tank5","Heated"
"6386",2025-06-27 12:06:43,32.497,990.3,"Tank5","Heated"
"6387",2025-06-27 12:11:43,32.394,958,"Tank5","Heated"
"6388",2025-06-27 12:16:43,32.394,958,"Tank5","Heated"
"6389",2025-06-27 12:21:43,32.6,990.3,"Tank5","Heated"
"6390",2025-06-27 12:26:43,32.497,1001,"Tank5","Heated"
"6391",2025-06-27 12:31:43,32.497,904.2,"Tank5","Heated"
"6392",2025-06-27 12:36:43,32.394,958,"Tank5","Heated"
"6393",2025-06-27 12:41:43,32.394,947.2,"Tank5","Heated"
"6394",2025-06-27 12:46:43,32.6,958,"Tank5","Heated"
"6395",2025-06-27 12:51:43,32.497,1011.8,"Tank5","Heated"
"6396",2025-06-27 12:56:43,32.497,968.8,"Tank5","Heated"
"6397",2025-06-27 13:01:43,32.394,990.3,"Tank5","Heated"
"6398",2025-06-27 13:06:43,32.291,947.2,"Tank5","Heated"
"6399",2025-06-27 13:11:43,32.6,1033.3,"Tank5","Heated"
"6400",2025-06-27 13:16:43,32.6,925.7,"Tank5","Heated"
"6401",2025-06-27 13:21:43,32.497,990.3,"Tank5","Heated"
"6402",2025-06-27 13:26:43,32.394,914.9,"Tank5","Heated"
"6403",2025-06-27 13:31:43,32.291,979.5,"Tank5","Heated"
"6404",2025-06-27 13:36:43,32.497,936.5,"Tank5","Heated"
"6405",2025-06-27 13:41:43,32.6,914.9,"Tank5","Heated"
"6406",2025-06-27 13:46:43,32.394,958,"Tank5","Heated"
"6407",2025-06-27 13:51:43,32.291,1011.8,"Tank5","Heated"
"6408",2025-06-27 13:56:43,32.394,1044.1,"Tank5","Heated"
"6409",2025-06-27 14:01:43,32.6,1001,"Tank5","Heated"
"6410",2025-06-27 14:06:43,32.394,1022.6,"Tank5","Heated"
"6411",2025-06-27 14:11:43,32.291,968.8,"Tank5","Heated"
"6412",2025-06-27 14:16:43,32.6,1033.3,"Tank5","Heated"
"6413",2025-06-27 14:21:43,32.6,1001,"Tank5","Heated"
"6414",2025-06-27 14:26:43,32.497,1001,"Tank5","Heated"
"6415",2025-06-27 14:31:43,32.394,1001,"Tank5","Heated"
"6416",2025-06-27 14:36:43,32.291,1065.6,"Tank5","Heated"
"6417",2025-06-27 14:41:43,32.497,925.7,"Tank5","Heated"
"6418",2025-06-27 14:46:43,32.394,1001,"Tank5","Heated"
"6419",2025-06-27 14:51:43,32.291,1076.4,"Tank5","Heated"
"6420",2025-06-27 14:56:43,32.394,1033.3,"Tank5","Heated"
"6421",2025-06-27 15:01:43,32.6,958,"Tank5","Heated"
"6422",2025-06-27 15:06:43,32.497,958,"Tank5","Heated"
"6423",2025-06-27 15:11:43,32.394,968.8,"Tank5","Heated"
"6424",2025-06-27 15:16:43,32.291,1001,"Tank5","Heated"
"6425",2025-06-27 15:21:43,32.497,1011.8,"Tank5","Heated"
"6426",2025-06-27 15:26:43,32.6,947.2,"Tank5","Heated"
"6427",2025-06-27 15:31:43,32.497,1044.1,"Tank5","Heated"
"6428",2025-06-27 15:36:43,32.394,958,"Tank5","Heated"
"6429",2025-06-27 15:41:43,32.291,990.3,"Tank5","Heated"
"6430",2025-06-27 15:46:43,32.6,958,"Tank5","Heated"
"6431",2025-06-27 15:51:43,32.6,1001,"Tank5","Heated"
"6432",2025-06-27 15:56:43,32.497,925.7,"Tank5","Heated"
"6433",2025-06-27 16:01:43,32.394,1001,"Tank5","Heated"
"6434",2025-06-27 16:06:43,32.291,882.6,"Tank5","Heated"
"6435",2025-06-27 16:11:43,32.6,861.1,"Tank5","Heated"
"6436",2025-06-27 16:16:43,32.497,850.4,"Tank5","Heated"
"6437",2025-06-27 16:21:43,32.497,764.2,"Tank5","Heated"
"6438",2025-06-27 16:26:43,32.291,775,"Tank5","Heated"
"6439",2025-06-27 16:31:43,32.394,796.5,"Tank5","Heated"
"6440",2025-06-27 16:36:43,32.6,753.5,"Tank5","Heated"
"6441",2025-06-27 16:41:43,32.497,710.4,"Tank5","Heated"
"6442",2025-06-27 16:46:43,32.394,656.6,"Tank5","Heated"
"6443",2025-06-27 16:51:43,32.291,688.9,"Tank5","Heated"
"6444",2025-06-27 16:56:43,32.394,688.9,"Tank5","Heated"
"6445",2025-06-27 17:01:43,32.6,581.3,"Tank5","Heated"
"6446",2025-06-27 17:06:43,32.497,527.4,"Tank5","Heated"
"6447",2025-06-27 17:11:43,32.394,527.4,"Tank5","Heated"
"6448",2025-06-27 17:16:43,32.291,559.7,"Tank5","Heated"
"6449",2025-06-27 17:21:43,32.497,538.2,"Tank5","Heated"
"6450",2025-06-27 17:26:43,32.497,538.2,"Tank5","Heated"
"6451",2025-06-27 17:31:43,32.497,495.1,"Tank5","Heated"
"6452",2025-06-27 17:36:43,32.394,484.4,"Tank5","Heated"
"6453",2025-06-27 17:41:43,32.291,452.1,"Tank5","Heated"
"6454",2025-06-27 17:46:43,32.497,419.8,"Tank5","Heated"
"6455",2025-06-27 17:51:43,32.497,430.6,"Tank5","Heated"
"6456",2025-06-27 17:56:43,32.394,441.3,"Tank5","Heated"
"6457",2025-06-27 18:01:43,32.291,279.9,"Tank5","Heated"
"6458",2025-06-27 18:06:43,32.394,322.9,"Tank5","Heated"
"6459",2025-06-27 18:11:43,32.6,301.4,"Tank5","Heated"
"6460",2025-06-27 18:16:43,32.497,312.2,"Tank5","Heated"
"6461",2025-06-27 18:21:43,32.394,258.3,"Tank5","Heated"
"6462",2025-06-27 18:26:43,32.291,226,"Tank5","Heated"
"6463",2025-06-27 18:31:43,32.394,193.8,"Tank5","Heated"
"6464",2025-06-27 18:36:43,32.6,139.9,"Tank5","Heated"
"6465",2025-06-27 18:41:43,32.497,226,"Tank5","Heated"
"6466",2025-06-27 18:46:43,32.394,172.2,"Tank5","Heated"
"6467",2025-06-27 18:51:43,32.291,236.8,"Tank5","Heated"
"6468",2025-06-27 18:56:43,32.497,129.2,"Tank5","Heated"
"6469",2025-06-27 19:01:43,32.497,193.8,"Tank5","Heated"
"6470",2025-06-27 19:06:43,32.394,139.9,"Tank5","Heated"
"6471",2025-06-27 19:11:43,32.291,86.1,"Tank5","Heated"
"6472",2025-06-27 19:16:43,32.291,129.2,"Tank5","Heated"
"6473",2025-06-27 19:21:43,32.497,96.9,"Tank5","Heated"
"6474",2025-06-27 19:26:43,32.497,161.5,"Tank5","Heated"
"6475",2025-06-27 19:31:43,32.394,32.3,"Tank5","Heated"
"6476",2025-06-27 19:36:43,32.291,10.8,"Tank5","Heated"
"6477",2025-06-27 19:41:43,32.394,21.5,"Tank5","Heated"
"6478",2025-06-27 19:46:43,32.497,21.5,"Tank5","Heated"
"6479",2025-06-27 19:51:43,32.497,10.8,"Tank5","Heated"
"6480",2025-06-27 19:56:43,32.394,0,"Tank5","Heated"
"6481",2025-06-27 20:01:43,32.291,0,"Tank5","Heated"
"6482",2025-06-27 20:06:43,32.497,0,"Tank5","Heated"
"6483",2025-06-27 20:11:43,32.497,0,"Tank5","Heated"
"6484",2025-06-27 20:16:43,32.394,0,"Tank5","Heated"
"6485",2025-06-27 20:21:43,32.291,0,"Tank5","Heated"
"6486",2025-06-27 20:26:43,32.291,0,"Tank5","Heated"
"6487",2025-06-27 20:31:43,32.497,0,"Tank5","Heated"
"6488",2025-06-27 20:36:43,32.497,0,"Tank5","Heated"
"6489",2025-06-27 20:41:43,32.394,0,"Tank5","Heated"
"6490",2025-06-27 20:46:43,32.291,0,"Tank5","Heated"
"6491",2025-06-27 20:51:43,32.394,0,"Tank5","Heated"
"6492",2025-06-27 20:56:43,32.497,0,"Tank5","Heated"
"6493",2025-06-27 21:01:43,32.497,0,"Tank5","Heated"
"6494",2025-06-27 21:06:43,32.394,0,"Tank5","Heated"
"6495",2025-06-27 21:11:43,32.188,0,"Tank5","Heated"
"6496",2025-06-27 21:16:43,32.497,0,"Tank5","Heated"
"6497",2025-06-27 21:21:43,32.497,0,"Tank5","Heated"
"6498",2025-06-27 21:26:43,32.394,0,"Tank5","Heated"
"6499",2025-06-27 21:31:43,32.291,0,"Tank5","Heated"
"6500",2025-06-27 21:36:43,32.291,0,"Tank5","Heated"
"6501",2025-06-27 21:41:43,32.497,0,"Tank5","Heated"
"6502",2025-06-27 21:46:43,32.497,0,"Tank5","Heated"
"6503",2025-06-27 21:51:43,32.394,0,"Tank5","Heated"
"6504",2025-06-27 21:56:43,32.291,0,"Tank5","Heated"
"6505",2025-06-27 22:01:43,32.394,0,"Tank5","Heated"
"6506",2025-06-27 22:06:43,32.497,0,"Tank5","Heated"
"6507",2025-06-27 22:11:43,32.497,0,"Tank5","Heated"
"6508",2025-06-27 22:16:43,32.394,0,"Tank5","Heated"
"6509",2025-06-27 22:21:43,32.291,0,"Tank5","Heated"
"6510",2025-06-27 22:26:43,32.497,0,"Tank5","Heated"
"6511",2025-06-27 22:31:43,32.497,0,"Tank5","Heated"
"6512",2025-06-27 22:36:43,32.497,0,"Tank5","Heated"
"6513",2025-06-27 22:41:43,32.291,0,"Tank5","Heated"
"6514",2025-06-27 22:46:43,32.188,0,"Tank5","Heated"
"6515",2025-06-27 22:51:43,32.497,0,"Tank5","Heated"
"6516",2025-06-27 22:56:43,32.497,0,"Tank5","Heated"
"6517",2025-06-27 23:01:43,32.394,0,"Tank5","Heated"
"6518",2025-06-27 23:06:43,32.291,0,"Tank5","Heated"
"6519",2025-06-27 23:11:43,32.291,0,"Tank5","Heated"
"6520",2025-06-27 23:16:43,32.497,0,"Tank5","Heated"
"6521",2025-06-27 23:21:43,32.497,0,"Tank5","Heated"
"6522",2025-06-27 23:26:43,32.394,0,"Tank5","Heated"
"6523",2025-06-27 23:31:43,32.291,0,"Tank5","Heated"
"6524",2025-06-27 23:36:43,32.291,0,"Tank5","Heated"
"6525",2025-06-27 23:41:43,32.497,0,"Tank5","Heated"
"6526",2025-06-27 23:46:43,32.497,0,"Tank5","Heated"
"6527",2025-06-27 23:51:43,32.394,0,"Tank5","Heated"
"6528",2025-06-27 23:56:43,32.291,0,"Tank5","Heated"
"6529",2025-06-28 00:01:43,32.394,0,"Tank5","Heated"
"6530",2025-06-28 00:06:43,32.497,0,"Tank5","Heated"
"6531",2025-06-28 00:11:43,32.497,0,"Tank5","Heated"
"6532",2025-06-28 00:16:43,32.394,0,"Tank5","Heated"
"6533",2025-06-28 00:21:43,32.291,0,"Tank5","Heated"
"6534",2025-06-28 00:26:43,32.394,0,"Tank5","Heated"
"6535",2025-06-28 00:31:43,32.497,0,"Tank5","Heated"
"6536",2025-06-28 00:36:43,32.497,0,"Tank5","Heated"
"6537",2025-06-28 00:41:43,32.394,0,"Tank5","Heated"
"6538",2025-06-28 00:46:43,32.291,0,"Tank5","Heated"
"6539",2025-06-28 00:51:43,32.497,0,"Tank5","Heated"
"6540",2025-06-28 00:56:43,32.497,0,"Tank5","Heated"
"6541",2025-06-28 01:01:43,32.394,0,"Tank5","Heated"
"6542",2025-06-28 01:06:43,32.291,0,"Tank5","Heated"
"6543",2025-06-28 01:11:43,32.291,0,"Tank5","Heated"
"6544",2025-06-28 01:16:43,32.497,0,"Tank5","Heated"
"6545",2025-06-28 01:21:43,32.497,0,"Tank5","Heated"
"6546",2025-06-28 01:26:43,32.394,0,"Tank5","Heated"
"6547",2025-06-28 01:31:43,32.291,0,"Tank5","Heated"
"6548",2025-06-28 01:36:43,32.291,0,"Tank5","Heated"
"6549",2025-06-28 01:41:43,32.497,0,"Tank5","Heated"
"6550",2025-06-28 01:46:43,32.497,0,"Tank5","Heated"
"6551",2025-06-28 01:51:43,32.394,0,"Tank5","Heated"
"6552",2025-06-28 01:56:43,32.291,0,"Tank5","Heated"
"6553",2025-06-28 02:01:43,32.291,0,"Tank5","Heated"
"6554",2025-06-28 02:06:43,32.497,0,"Tank5","Heated"
"6555",2025-06-28 02:11:43,32.497,0,"Tank5","Heated"
"6556",2025-06-28 02:16:43,32.394,0,"Tank5","Heated"
"6557",2025-06-28 02:21:43,32.291,0,"Tank5","Heated"
"6558",2025-06-28 02:26:43,32.394,0,"Tank5","Heated"
"6559",2025-06-28 02:31:43,32.497,0,"Tank5","Heated"
"6560",2025-06-28 02:36:43,32.497,0,"Tank5","Heated"
"6561",2025-06-28 02:41:43,32.291,0,"Tank5","Heated"
"6562",2025-06-28 02:46:43,32.291,0,"Tank5","Heated"
"6563",2025-06-28 02:51:43,32.497,0,"Tank5","Heated"
"6564",2025-06-28 02:56:43,32.497,0,"Tank5","Heated"
"6565",2025-06-28 03:01:43,32.394,0,"Tank5","Heated"
"6566",2025-06-28 03:06:43,32.291,0,"Tank5","Heated"
"6567",2025-06-28 03:11:43,32.291,0,"Tank5","Heated"
"6568",2025-06-28 03:16:43,32.497,0,"Tank5","Heated"
"6569",2025-06-28 03:21:43,32.497,0,"Tank5","Heated"
"6570",2025-06-28 03:26:43,32.394,0,"Tank5","Heated"
"6571",2025-06-28 03:31:43,32.291,0,"Tank5","Heated"
"6572",2025-06-28 03:36:43,32.291,0,"Tank5","Heated"
"6573",2025-06-28 03:41:43,32.497,0,"Tank5","Heated"
"6574",2025-06-28 03:46:43,32.497,0,"Tank5","Heated"
"6575",2025-06-28 03:51:43,32.394,0,"Tank5","Heated"
"6576",2025-06-28 03:56:43,32.291,0,"Tank5","Heated"
"6577",2025-06-28 04:01:43,32.394,0,"Tank5","Heated"
"6578",2025-06-28 04:06:43,32.497,0,"Tank5","Heated"
"6579",2025-06-28 04:11:43,32.497,0,"Tank5","Heated"
"6580",2025-06-28 04:16:43,32.394,0,"Tank5","Heated"
"6581",2025-06-28 04:21:43,32.188,0,"Tank5","Heated"
"6582",2025-06-28 04:26:43,32.497,0,"Tank5","Heated"
"6583",2025-06-28 04:31:43,32.497,0,"Tank5","Heated"
"6584",2025-06-28 04:36:43,32.394,0,"Tank5","Heated"
"6585",2025-06-28 04:41:43,32.291,0,"Tank5","Heated"
"6586",2025-06-28 04:46:43,32.188,0,"Tank5","Heated"
"6587",2025-06-28 04:51:43,32.497,0,"Tank5","Heated"
"6588",2025-06-28 04:56:43,32.497,0,"Tank5","Heated"
"6589",2025-06-28 05:01:43,32.497,0,"Tank5","Heated"
"6590",2025-06-28 05:06:43,32.394,0,"Tank5","Heated"
"6591",2025-06-28 05:11:43,32.188,0,"Tank5","Heated"
"6592",2025-06-28 05:16:43,32.497,0,"Tank5","Heated"
"6593",2025-06-28 05:21:43,32.497,0,"Tank5","Heated"
"6594",2025-06-28 05:26:43,32.394,0,"Tank5","Heated"
"6595",2025-06-28 05:31:43,32.291,0,"Tank5","Heated"
"6596",2025-06-28 05:36:43,32.291,0,"Tank5","Heated"
"6597",2025-06-28 05:41:43,32.497,0,"Tank5","Heated"
"6598",2025-06-28 05:46:43,32.497,0,"Tank5","Heated"
"6599",2025-06-28 05:51:43,32.394,0,"Tank5","Heated"
"6600",2025-06-28 05:56:43,32.291,0,"Tank5","Heated"
"6601",2025-06-28 06:01:43,32.291,0,"Tank5","Heated"
"6602",2025-06-28 06:06:43,32.497,0,"Tank5","Heated"
"6603",2025-06-28 06:11:43,32.497,0,"Tank5","Heated"
"6604",2025-06-28 06:16:43,32.394,0,"Tank5","Heated"
"6605",2025-06-28 06:21:43,32.291,0,"Tank5","Heated"
"6606",2025-06-28 06:26:43,32.394,0,"Tank5","Heated"
"6607",2025-06-28 06:31:43,32.497,0,"Tank5","Heated"
"6608",2025-06-28 06:36:43,32.394,0,"Tank5","Heated"
"6609",2025-06-28 06:41:43,32.291,0,"Tank5","Heated"
"6610",2025-06-28 06:46:43,32.188,0,"Tank5","Heated"
"6611",2025-06-28 06:51:43,32.497,0,"Tank5","Heated"
"6612",2025-06-28 06:56:43,32.497,0,"Tank5","Heated"
"6613",2025-06-28 07:01:43,32.394,0,"Tank5","Heated"
"6614",2025-06-28 07:06:43,32.291,0,"Tank5","Heated"
"6615",2025-06-28 07:11:43,32.291,0,"Tank5","Heated"
"6616",2025-06-28 07:16:43,32.497,0,"Tank5","Heated"
"6617",2025-06-28 07:21:43,32.497,0,"Tank5","Heated"
"6618",2025-06-28 07:26:43,32.394,0,"Tank5","Heated"
"6619",2025-06-28 07:31:43,32.291,0,"Tank5","Heated"
"6620",2025-06-28 07:36:43,32.291,0,"Tank5","Heated"
"6621",2025-06-28 07:41:43,32.497,0,"Tank5","Heated"
"6622",2025-06-28 07:46:43,32.497,0,"Tank5","Heated"
"6623",2025-06-28 07:51:43,32.394,0,"Tank5","Heated"
"6624",2025-06-28 07:56:43,32.291,0,"Tank5","Heated"
"6625",2025-06-28 08:01:43,32.394,0,"Tank5","Heated"
"6626",2025-06-28 08:06:43,32.497,0,"Tank5","Heated"
"6627",2025-06-28 08:11:43,32.497,10.8,"Tank5","Heated"
"6628",2025-06-28 08:16:43,32.291,21.5,"Tank5","Heated"
"6629",2025-06-28 08:21:43,32.291,0,"Tank5","Heated"
"6630",2025-06-28 08:26:43,32.497,0,"Tank5","Heated"
"6631",2025-06-28 08:31:43,32.497,0,"Tank5","Heated"
"6632",2025-06-28 08:36:43,32.394,0,"Tank5","Heated"
"6633",2025-06-28 08:41:43,32.291,0,"Tank5","Heated"
"6634",2025-06-28 08:46:43,32.291,0,"Tank5","Heated"
"6635",2025-06-28 08:51:43,32.497,0,"Tank5","Heated"
"6636",2025-06-28 08:56:43,32.497,0,"Tank5","Heated"
"6637",2025-06-28 09:01:43,32.394,0,"Tank5","Heated"
"6638",2025-06-28 09:06:43,32.291,0,"Tank5","Heated"
"6639",2025-06-28 09:11:43,32.497,43.1,"Tank5","Heated"
"6640",2025-06-28 09:16:43,32.497,193.8,"Tank5","Heated"
"6641",2025-06-28 09:21:43,32.497,312.2,"Tank5","Heated"
"6642",2025-06-28 09:26:43,32.291,204.5,"Tank5","Heated"
"6643",2025-06-28 09:31:43,32.291,269.1,"Tank5","Heated"
"6644",2025-06-28 09:36:43,32.497,269.1,"Tank5","Heated"
"6645",2025-06-28 09:41:43,32.497,279.9,"Tank5","Heated"
"6646",2025-06-28 09:46:43,32.394,452.1,"Tank5","Heated"
"6647",2025-06-28 09:51:43,32.291,322.9,"Tank5","Heated"
"6648",2025-06-28 09:56:43,32.394,441.3,"Tank5","Heated"
"6649",2025-06-28 10:01:43,32.497,387.5,"Tank5","Heated"
"6650",2025-06-28 10:06:43,32.497,505.9,"Tank5","Heated"
"6651",2025-06-28 10:11:43,32.394,495.1,"Tank5","Heated"
"6652",2025-06-28 10:16:43,32.291,484.4,"Tank5","Heated"
"6653",2025-06-28 10:21:43,32.497,581.3,"Tank5","Heated"
"6654",2025-06-28 10:26:43,32.394,592,"Tank5","Heated"
"6655",2025-06-28 10:31:43,32.291,527.4,"Tank5","Heated"
"6656",2025-06-28 10:36:43,32.497,635.1,"Tank5","Heated"
"6657",2025-06-28 10:41:43,32.6,635.1,"Tank5","Heated"
"6658",2025-06-28 10:46:43,32.497,635.1,"Tank5","Heated"
"6659",2025-06-28 10:51:43,32.394,731.9,"Tank5","Heated"
"6660",2025-06-28 10:56:43,32.291,721.2,"Tank5","Heated"
"6661",2025-06-28 11:01:43,32.497,699.7,"Tank5","Heated"
"6662",2025-06-28 11:06:43,32.497,796.5,"Tank5","Heated"
"6663",2025-06-28 11:11:43,32.394,785.8,"Tank5","Heated"
"6664",2025-06-28 11:16:43,32.291,753.5,"Tank5","Heated"
"6665",2025-06-28 11:21:43,32.394,871.9,"Tank5","Heated"
"6666",2025-06-28 11:26:43,32.6,850.4,"Tank5","Heated"
"6667",2025-06-28 11:31:43,32.497,850.4,"Tank5","Heated"
"6668",2025-06-28 11:36:43,32.394,968.8,"Tank5","Heated"
"6669",2025-06-28 11:41:43,32.291,925.7,"Tank5","Heated"
"6670",2025-06-28 11:46:43,32.394,979.5,"Tank5","Heated"
"6671",2025-06-28 11:51:43,32.6,1001,"Tank5","Heated"
"6672",2025-06-28 11:56:43,32.497,979.5,"Tank5","Heated"
"6673",2025-06-28 12:01:43,32.394,1076.4,"Tank5","Heated"
"6674",2025-06-28 12:06:43,32.291,1011.8,"Tank5","Heated"
"6675",2025-06-28 12:11:43,32.497,1130.2,"Tank5","Heated"
"6676",2025-06-28 12:16:43,32.6,1011.8,"Tank5","Heated"
"6677",2025-06-28 12:21:43,32.497,1011.8,"Tank5","Heated"
"6678",2025-06-28 12:26:43,32.394,1108.7,"Tank5","Heated"
"6679",2025-06-28 12:31:43,32.291,1044.1,"Tank5","Heated"
"6680",2025-06-28 12:36:43,32.6,1001,"Tank5","Heated"
"6681",2025-06-28 12:41:43,32.6,1097.9,"Tank5","Heated"
"6682",2025-06-28 12:46:43,32.497,1011.8,"Tank5","Heated"
"6683",2025-06-28 12:51:43,32.291,1076.4,"Tank5","Heated"
"6684",2025-06-28 12:56:43,32.394,1054.9,"Tank5","Heated"
"6685",2025-06-28 13:01:43,32.6,1108.7,"Tank5","Heated"
"6686",2025-06-28 13:06:43,32.6,1108.7,"Tank5","Heated"
"6687",2025-06-28 13:11:43,32.497,1108.7,"Tank5","Heated"
"6688",2025-06-28 13:16:43,32.394,1076.4,"Tank5","Heated"
"6689",2025-06-28 13:21:43,32.394,1087.2,"Tank5","Heated"
"6690",2025-06-28 13:26:43,32.6,1087.2,"Tank5","Heated"
"6691",2025-06-28 13:31:43,32.6,1097.9,"Tank5","Heated"
"6692",2025-06-28 13:36:43,32.497,1108.7,"Tank5","Heated"
"6693",2025-06-28 13:41:43,32.394,1033.3,"Tank5","Heated"
"6694",2025-06-28 13:46:43,32.394,1097.9,"Tank5","Heated"
"6695",2025-06-28 13:51:43,32.6,1076.4,"Tank5","Heated"
"6696",2025-06-28 13:56:43,32.497,1097.9,"Tank5","Heated"
"6697",2025-06-28 14:01:43,32.394,1130.2,"Tank5","Heated"
"6698",2025-06-28 14:06:43,32.291,1011.8,"Tank5","Heated"
"6699",2025-06-28 14:11:43,32.394,1119.5,"Tank5","Heated"
"6700",2025-06-28 14:16:43,32.6,1054.9,"Tank5","Heated"
"6701",2025-06-28 14:21:43,32.497,1119.5,"Tank5","Heated"
"6702",2025-06-28 14:26:43,32.394,1097.9,"Tank5","Heated"
"6703",2025-06-28 14:31:43,32.291,1108.7,"Tank5","Heated"
"6704",2025-06-28 14:36:43,32.497,1054.9,"Tank5","Heated"
"6705",2025-06-28 14:41:43,32.6,1033.3,"Tank5","Heated"
"6706",2025-06-28 14:46:43,32.497,1076.4,"Tank5","Heated"
"6707",2025-06-28 14:51:43,32.394,1119.5,"Tank5","Heated"
"6708",2025-06-28 14:56:43,32.291,1119.5,"Tank5","Heated"
"6709",2025-06-28 15:01:43,32.497,1044.1,"Tank5","Heated"
"6710",2025-06-28 15:06:43,32.6,1054.9,"Tank5","Heated"
"6711",2025-06-28 15:11:43,32.497,1033.3,"Tank5","Heated"
"6712",2025-06-28 15:16:43,32.394,1065.6,"Tank5","Heated"
"6713",2025-06-28 15:21:43,32.291,1033.3,"Tank5","Heated"
"6714",2025-06-28 15:26:43,32.6,1108.7,"Tank5","Heated"
"6715",2025-06-28 15:31:43,32.497,1119.5,"Tank5","Heated"
"6716",2025-06-28 15:36:43,32.497,1108.7,"Tank5","Heated"
"6717",2025-06-28 15:41:43,32.394,1044.1,"Tank5","Heated"
"6718",2025-06-28 15:46:43,32.394,1119.5,"Tank5","Heated"
"6719",2025-06-28 15:51:43,32.6,1065.6,"Tank5","Heated"
"6720",2025-06-28 15:56:43,32.497,1141,"Tank5","Heated"
"6721",2025-06-28 16:01:43,32.394,979.5,"Tank5","Heated"
"6722",2025-06-28 16:06:43,32.291,1076.4,"Tank5","Heated"
"6723",2025-06-28 16:11:43,32.497,1011.8,"Tank5","Heated"
"6724",2025-06-28 16:16:43,32.6,1001,"Tank5","Heated"
"6725",2025-06-28 16:21:43,32.497,936.5,"Tank5","Heated"
"6726",2025-06-28 16:26:43,32.394,958,"Tank5","Heated"
"6727",2025-06-28 16:31:43,32.291,904.2,"Tank5","Heated"
"6728",2025-06-28 16:36:43,32.497,861.1,"Tank5","Heated"
"6729",2025-06-28 16:41:43,32.6,818.1,"Tank5","Heated"
"6730",2025-06-28 16:46:43,32.497,871.9,"Tank5","Heated"
"6731",2025-06-28 16:51:43,32.394,753.5,"Tank5","Heated"
"6732",2025-06-28 16:56:43,32.291,731.9,"Tank5","Heated"
"6733",2025-06-28 17:01:43,32.497,731.9,"Tank5","Heated"
"6734",2025-06-28 17:06:43,32.497,699.7,"Tank5","Heated"
"6735",2025-06-28 17:11:43,32.394,688.9,"Tank5","Heated"
"6736",2025-06-28 17:16:43,32.291,699.7,"Tank5","Heated"
"6737",2025-06-28 17:21:43,32.394,667.4,"Tank5","Heated"
"6738",2025-06-28 17:26:43,32.6,699.7,"Tank5","Heated"
"6739",2025-06-28 17:31:43,32.497,570.5,"Tank5","Heated"
"6740",2025-06-28 17:36:43,32.394,505.9,"Tank5","Heated"
"6741",2025-06-28 17:41:43,32.291,602.8,"Tank5","Heated"
"6742",2025-06-28 17:46:43,32.394,516.7,"Tank5","Heated"
"6743",2025-06-28 17:51:43,32.6,570.5,"Tank5","Heated"
"6744",2025-06-28 17:56:43,32.497,495.1,"Tank5","Heated"
"6745",2025-06-28 18:01:43,32.394,462.9,"Tank5","Heated"
"6746",2025-06-28 18:06:43,32.291,473.6,"Tank5","Heated"
"6747",2025-06-28 18:11:43,32.497,366,"Tank5","Heated"
"6748",2025-06-28 18:16:43,32.497,398.3,"Tank5","Heated"
"6749",2025-06-28 18:21:43,32.497,312.2,"Tank5","Heated"
"6750",2025-06-28 18:26:43,32.291,355.2,"Tank5","Heated"
"6751",2025-06-28 18:31:43,32.291,226,"Tank5","Heated"
"6752",2025-06-28 18:36:43,32.497,344.4,"Tank5","Heated"
"6753",2025-06-28 18:41:43,32.497,344.4,"Tank5","Heated"
"6754",2025-06-28 18:46:43,32.394,247.6,"Tank5","Heated"
"6755",2025-06-28 18:51:43,32.291,226,"Tank5","Heated"
"6756",2025-06-28 18:56:43,32.291,269.1,"Tank5","Heated"
"6757",2025-06-28 19:01:43,32.497,161.5,"Tank5","Heated"
"6758",2025-06-28 19:06:43,32.497,172.2,"Tank5","Heated"
"6759",2025-06-28 19:11:43,32.394,215.3,"Tank5","Heated"
"6760",2025-06-28 19:16:43,32.291,139.9,"Tank5","Heated"
"6761",2025-06-28 19:21:43,32.394,64.6,"Tank5","Heated"
"6762",2025-06-28 19:26:43,32.497,53.8,"Tank5","Heated"
"6763",2025-06-28 19:31:43,32.497,43.1,"Tank5","Heated"
"6764",2025-06-28 19:36:43,32.291,43.1,"Tank5","Heated"
"6765",2025-06-28 19:41:43,32.291,43.1,"Tank5","Heated"
"6766",2025-06-28 19:46:43,32.497,43.1,"Tank5","Heated"
"6767",2025-06-28 19:51:43,32.497,0,"Tank5","Heated"
"6768",2025-06-28 19:56:43,32.394,0,"Tank5","Heated"
"6769",2025-06-28 20:01:43,32.291,0,"Tank5","Heated"
"6770",2025-06-28 20:06:43,32.291,0,"Tank5","Heated"
"6771",2025-06-28 20:11:43,32.497,0,"Tank5","Heated"
"6772",2025-06-28 20:16:43,32.497,0,"Tank5","Heated"
"6773",2025-06-28 20:21:43,32.394,0,"Tank5","Heated"
"6774",2025-06-28 20:26:43,32.291,0,"Tank5","Heated"
"6775",2025-06-28 20:31:43,32.497,0,"Tank5","Heated"
"6776",2025-06-28 20:36:43,32.497,0,"Tank5","Heated"
"6777",2025-06-28 20:41:43,32.394,0,"Tank5","Heated"
"6778",2025-06-28 20:46:43,32.291,0,"Tank5","Heated"
"6779",2025-06-28 20:51:43,32.291,0,"Tank5","Heated"
"6780",2025-06-28 20:56:43,32.497,0,"Tank5","Heated"
"6781",2025-06-28 21:01:43,32.497,0,"Tank5","Heated"
"6782",2025-06-28 21:06:43,32.394,0,"Tank5","Heated"
"6783",2025-06-28 21:11:43,32.291,0,"Tank5","Heated"
"6784",2025-06-28 21:16:43,32.394,0,"Tank5","Heated"
"6785",2025-06-28 21:21:43,32.497,0,"Tank5","Heated"
"6786",2025-06-28 21:26:43,32.394,0,"Tank5","Heated"
"6787",2025-06-28 21:31:43,32.394,0,"Tank5","Heated"
"6788",2025-06-28 21:36:43,32.188,0,"Tank5","Heated"
"6789",2025-06-28 21:41:43,32.497,0,"Tank5","Heated"
"6790",2025-06-28 21:46:43,32.497,0,"Tank5","Heated"
"6791",2025-06-28 21:51:43,32.394,0,"Tank5","Heated"
"6792",2025-06-28 21:56:43,32.291,0,"Tank5","Heated"
"6793",2025-06-28 22:01:43,32.291,0,"Tank5","Heated"
"6794",2025-06-28 22:06:43,32.497,0,"Tank5","Heated"
"6795",2025-06-28 22:11:43,32.497,0,"Tank5","Heated"
"6796",2025-06-28 22:16:43,32.394,0,"Tank5","Heated"
"6797",2025-06-28 22:21:43,32.188,0,"Tank5","Heated"
"6798",2025-06-28 22:26:43,32.497,0,"Tank5","Heated"
"6799",2025-06-28 22:31:43,32.497,0,"Tank5","Heated"
"6800",2025-06-28 22:36:43,32.394,0,"Tank5","Heated"
"6801",2025-06-28 22:41:43,32.291,0,"Tank5","Heated"
"6802",2025-06-28 22:46:43,32.291,0,"Tank5","Heated"
"6803",2025-06-28 22:51:43,32.497,0,"Tank5","Heated"
"6804",2025-06-28 22:56:43,32.497,0,"Tank5","Heated"
"6805",2025-06-28 23:01:43,32.394,0,"Tank5","Heated"
"6806",2025-06-28 23:06:43,32.291,0,"Tank5","Heated"
"6807",2025-06-28 23:11:43,32.394,0,"Tank5","Heated"
"6808",2025-06-28 23:16:43,32.497,0,"Tank5","Heated"
"6809",2025-06-28 23:21:43,32.497,0,"Tank5","Heated"
"6810",2025-06-28 23:26:43,32.291,0,"Tank5","Heated"
"6811",2025-06-28 23:31:43,32.291,0,"Tank5","Heated"
"6812",2025-06-28 23:36:43,32.497,0,"Tank5","Heated"
"6813",2025-06-28 23:41:43,32.497,0,"Tank5","Heated"
"6814",2025-06-28 23:46:43,32.394,0,"Tank5","Heated"
"6815",2025-06-28 23:51:43,32.291,0,"Tank5","Heated"
"6816",2025-06-28 23:56:43,32.291,0,"Tank5","Heated"
"6817",2025-06-29 00:01:43,32.497,0,"Tank5","Heated"
"6818",2025-06-29 00:06:43,32.497,0,"Tank5","Heated"
"6819",2025-06-29 00:11:43,32.291,0,"Tank5","Heated"
"6820",2025-06-29 00:16:43,32.291,0,"Tank5","Heated"
"6821",2025-06-29 00:21:43,32.497,0,"Tank5","Heated"
"6822",2025-06-29 00:26:43,32.497,0,"Tank5","Heated"
"6823",2025-06-29 00:31:43,32.394,0,"Tank5","Heated"
"6824",2025-06-29 00:36:43,32.291,0,"Tank5","Heated"
"6825",2025-06-29 00:41:43,32.291,0,"Tank5","Heated"
"6826",2025-06-29 00:46:43,32.497,0,"Tank5","Heated"
"6827",2025-06-29 00:51:43,32.497,0,"Tank5","Heated"
"6828",2025-06-29 00:56:43,32.394,0,"Tank5","Heated"
"6829",2025-06-29 01:01:43,32.188,0,"Tank5","Heated"
"6830",2025-06-29 01:06:43,32.497,0,"Tank5","Heated"
"6831",2025-06-29 01:11:43,32.497,0,"Tank5","Heated"
"6832",2025-06-29 01:16:43,32.394,0,"Tank5","Heated"
"6833",2025-06-29 01:21:43,32.291,0,"Tank5","Heated"
"6834",2025-06-29 01:26:43,32.291,0,"Tank5","Heated"
"6835",2025-06-29 01:31:43,32.497,0,"Tank5","Heated"
"6836",2025-06-29 01:36:43,32.497,0,"Tank5","Heated"
"6837",2025-06-29 01:41:43,32.394,0,"Tank5","Heated"
"6838",2025-06-29 01:46:43,32.291,0,"Tank5","Heated"
"6839",2025-06-29 01:51:43,32.394,0,"Tank5","Heated"
"6840",2025-06-29 01:56:43,32.497,0,"Tank5","Heated"
"6841",2025-06-29 02:01:43,32.497,0,"Tank5","Heated"
"6842",2025-06-29 02:06:43,32.291,0,"Tank5","Heated"
"6843",2025-06-29 02:11:43,32.188,0,"Tank5","Heated"
"6844",2025-06-29 02:16:43,32.497,0,"Tank5","Heated"
"6845",2025-06-29 02:21:43,32.497,0,"Tank5","Heated"
"6846",2025-06-29 02:26:43,32.394,0,"Tank5","Heated"
"6847",2025-06-29 02:31:43,32.291,0,"Tank5","Heated"
"6848",2025-06-29 02:36:43,32.291,0,"Tank5","Heated"
"6849",2025-06-29 02:41:43,32.497,0,"Tank5","Heated"
"6850",2025-06-29 02:46:43,32.497,0,"Tank5","Heated"
"6851",2025-06-29 02:51:43,32.394,0,"Tank5","Heated"
"6852",2025-06-29 02:56:43,32.291,0,"Tank5","Heated"
"6853",2025-06-29 03:01:43,32.394,0,"Tank5","Heated"
"6854",2025-06-29 03:06:43,32.497,0,"Tank5","Heated"
"6855",2025-06-29 03:11:43,32.394,0,"Tank5","Heated"
"6856",2025-06-29 03:16:43,32.291,0,"Tank5","Heated"
"6857",2025-06-29 03:21:43,32.291,0,"Tank5","Heated"
"6858",2025-06-29 03:26:43,32.497,0,"Tank5","Heated"
"6859",2025-06-29 03:31:43,32.497,0,"Tank5","Heated"
"6860",2025-06-29 03:36:43,32.394,0,"Tank5","Heated"
"6861",2025-06-29 03:41:43,32.291,0,"Tank5","Heated"
"6862",2025-06-29 03:46:43,32.291,0,"Tank5","Heated"
"6863",2025-06-29 03:51:43,32.497,0,"Tank5","Heated"
"6864",2025-06-29 03:56:43,32.497,0,"Tank5","Heated"
"6865",2025-06-29 04:01:43,32.394,0,"Tank5","Heated"
"6866",2025-06-29 04:06:43,32.291,0,"Tank5","Heated"
"6867",2025-06-29 04:11:43,32.394,0,"Tank5","Heated"
"6868",2025-06-29 04:16:43,32.497,0,"Tank5","Heated"
"6869",2025-06-29 04:21:43,32.394,0,"Tank5","Heated"
"6870",2025-06-29 04:26:43,32.291,0,"Tank5","Heated"
"6871",2025-06-29 04:31:43,32.291,0,"Tank5","Heated"
"6872",2025-06-29 04:36:43,32.497,0,"Tank5","Heated"
"6873",2025-06-29 04:41:43,32.497,0,"Tank5","Heated"
"6874",2025-06-29 04:46:43,32.394,0,"Tank5","Heated"
"6875",2025-06-29 04:51:43,32.291,0,"Tank5","Heated"
"6876",2025-06-29 04:56:43,32.291,0,"Tank5","Heated"
"6877",2025-06-29 05:01:43,32.497,0,"Tank5","Heated"
"6878",2025-06-29 05:06:43,32.497,0,"Tank5","Heated"
"6879",2025-06-29 05:11:43,32.394,0,"Tank5","Heated"
"6880",2025-06-29 05:16:43,32.291,0,"Tank5","Heated"
"6881",2025-06-29 05:21:43,32.497,0,"Tank5","Heated"
"6882",2025-06-29 05:26:43,32.497,0,"Tank5","Heated"
"6883",2025-06-29 05:31:43,32.394,0,"Tank5","Heated"
"6884",2025-06-29 05:36:43,32.291,0,"Tank5","Heated"
"6885",2025-06-29 05:41:43,32.291,0,"Tank5","Heated"
"6886",2025-06-29 05:46:43,32.497,0,"Tank5","Heated"
"6887",2025-06-29 05:51:43,32.497,0,"Tank5","Heated"
"6888",2025-06-29 05:56:43,32.394,0,"Tank5","Heated"
"6889",2025-06-29 06:01:43,32.291,0,"Tank5","Heated"
"6890",2025-06-29 06:06:43,32.394,0,"Tank5","Heated"
"6891",2025-06-29 06:11:43,32.497,0,"Tank5","Heated"
"6892",2025-06-29 06:16:43,32.394,0,"Tank5","Heated"
"6893",2025-06-29 06:21:43,32.291,0,"Tank5","Heated"
"6894",2025-06-29 06:26:43,32.291,0,"Tank5","Heated"
"6895",2025-06-29 06:31:43,32.497,0,"Tank5","Heated"
"6896",2025-06-29 06:36:43,32.497,0,"Tank5","Heated"
"6897",2025-06-29 06:41:43,32.394,0,"Tank5","Heated"
"6898",2025-06-29 06:46:43,32.291,0,"Tank5","Heated"
"6899",2025-06-29 06:51:43,32.394,0,"Tank5","Heated"
"6900",2025-06-29 06:56:43,32.497,0,"Tank5","Heated"
"6901",2025-06-29 07:01:43,32.394,0,"Tank5","Heated"
"6902",2025-06-29 07:06:43,32.291,0,"Tank5","Heated"
"6903",2025-06-29 07:11:43,32.291,0,"Tank5","Heated"
"6904",2025-06-29 07:16:43,32.497,0,"Tank5","Heated"
"6905",2025-06-29 07:21:43,32.497,0,"Tank5","Heated"
"6906",2025-06-29 07:26:43,32.394,0,"Tank5","Heated"
"6907",2025-06-29 07:31:43,32.291,0,"Tank5","Heated"
"6908",2025-06-29 07:36:43,32.394,0,"Tank5","Heated"
"6909",2025-06-29 07:41:43,32.497,0,"Tank5","Heated"
"6910",2025-06-29 07:46:43,32.394,0,"Tank5","Heated"
"6911",2025-06-29 07:51:43,32.291,0,"Tank5","Heated"
"6912",2025-06-29 07:56:43,32.291,0,"Tank5","Heated"
"6913",2025-06-29 08:01:43,32.497,0,"Tank5","Heated"
"6914",2025-06-29 08:06:43,32.497,0,"Tank5","Heated"
"6915",2025-06-29 08:11:43,32.394,0,"Tank5","Heated"
"6916",2025-06-29 08:16:43,32.291,21.5,"Tank5","Heated"
"6917",2025-06-29 08:21:43,32.394,75.3,"Tank5","Heated"
"6918",2025-06-29 08:26:43,32.497,75.3,"Tank5","Heated"
"6919",2025-06-29 08:31:43,32.497,118.4,"Tank5","Heated"
"6920",2025-06-29 08:36:43,32.291,64.6,"Tank5","Heated"
"6921",2025-06-29 08:41:43,32.188,96.9,"Tank5","Heated"
"6922",2025-06-29 08:46:43,32.497,107.6,"Tank5","Heated"
"6923",2025-06-29 08:51:43,32.497,96.9,"Tank5","Heated"
"6924",2025-06-29 08:56:43,32.394,215.3,"Tank5","Heated"
"6925",2025-06-29 09:01:43,32.291,172.2,"Tank5","Heated"
"6926",2025-06-29 09:06:43,32.394,139.9,"Tank5","Heated"
"6927",2025-06-29 09:11:43,32.497,193.8,"Tank5","Heated"
"6928",2025-06-29 09:16:43,32.497,183,"Tank5","Heated"
"6929",2025-06-29 09:21:43,32.394,183,"Tank5","Heated"
"6930",2025-06-29 09:26:43,32.291,204.5,"Tank5","Heated"
"6931",2025-06-29 09:31:43,32.497,236.8,"Tank5","Heated"
"6932",2025-06-29 09:36:43,32.497,312.2,"Tank5","Heated"
"6933",2025-06-29 09:41:43,32.394,0,"Tank5","Heated"
"6934",2025-06-29 09:46:43,32.291,0,"Tank5","Heated"
"6935",2025-06-29 09:51:43,32.291,0,"Tank5","Heated"
"6936",2025-06-29 09:56:43,32.497,0,"Tank5","Heated"
"6937",2025-06-29 10:01:43,32.497,0,"Tank5","Heated"
"6938",2025-06-29 10:06:43,32.291,0,"Tank5","Heated"
"6939",2025-06-29 10:11:43,32.291,0,"Tank5","Heated"
"6940",2025-06-29 10:16:43,32.497,0,"Tank5","Heated"
"6941",2025-06-29 10:21:43,32.497,0,"Tank5","Heated"
"6942",2025-06-29 10:26:43,32.394,0,"Tank5","Heated"
"6943",2025-06-29 10:31:43,32.291,0,"Tank5","Heated"
"6944",2025-06-29 10:36:43,32.291,0,"Tank5","Heated"
"6945",2025-06-29 10:41:43,32.497,0,"Tank5","Heated"
"6946",2025-06-29 10:46:43,32.394,753.5,"Tank5","Heated"
"6947",2025-06-29 10:51:43,32.291,699.7,"Tank5","Heated"
"6948",2025-06-29 10:56:43,32.394,742.7,"Tank5","Heated"
"6949",2025-06-29 11:01:43,32.6,796.5,"Tank5","Heated"
"6950",2025-06-29 11:06:43,32.497,785.8,"Tank5","Heated"
"6951",2025-06-29 11:11:43,32.394,861.1,"Tank5","Heated"
"6952",2025-06-29 11:16:43,32.291,882.6,"Tank5","Heated"
"6953",2025-06-29 11:21:43,32.497,925.7,"Tank5","Heated"
"6954",2025-06-29 11:26:43,32.6,947.2,"Tank5","Heated"
"6955",2025-06-29 11:31:43,32.497,925.7,"Tank5","Heated"
"6956",2025-06-29 11:36:43,32.394,1065.6,"Tank5","Heated"
"6957",2025-06-29 11:41:43,32.291,1011.8,"Tank5","Heated"
"6958",2025-06-29 11:46:43,32.497,1076.4,"Tank5","Heated"
"6959",2025-06-29 11:51:43,32.6,1054.9,"Tank5","Heated"
"6960",2025-06-29 11:56:43,32.497,1194.8,"Tank5","Heated"
"6961",2025-06-29 12:01:43,32.394,1173.3,"Tank5","Heated"
"6962",2025-06-29 12:06:43,32.291,1194.8,"Tank5","Heated"
"6963",2025-06-29 12:11:43,32.6,1194.8,"Tank5","Heated"
"6964",2025-06-29 12:16:43,32.6,1151.7,"Tank5","Heated"
"6965",2025-06-29 12:21:43,32.497,1141,"Tank5","Heated"
"6966",2025-06-29 12:26:43,32.394,1184,"Tank5","Heated"
"6967",2025-06-29 12:31:43,32.291,1119.5,"Tank5","Heated"
"6968",2025-06-29 12:36:43,32.6,1097.9,"Tank5","Heated"
"6969",2025-06-29 12:41:43,32.6,1184,"Tank5","Heated"
"6970",2025-06-29 12:46:43,32.497,1151.7,"Tank5","Heated"
"6971",2025-06-29 12:51:43,32.394,1151.7,"Tank5","Heated"
"6972",2025-06-29 12:56:43,32.291,1119.5,"Tank5","Heated"
"6973",2025-06-29 13:01:43,32.6,1184,"Tank5","Heated"
"6974",2025-06-29 13:06:43,32.6,1205.6,"Tank5","Heated"
"6975",2025-06-29 13:11:43,32.497,1108.7,"Tank5","Heated"
"6976",2025-06-29 13:16:43,32.394,1162.5,"Tank5","Heated"
"6977",2025-06-29 13:21:43,32.394,1151.7,"Tank5","Heated"
"6978",2025-06-29 13:26:43,32.6,1141,"Tank5","Heated"
"6979",2025-06-29 13:31:43,32.6,1194.8,"Tank5","Heated"
"6980",2025-06-29 13:36:43,32.497,1237.9,"Tank5","Heated"
"6981",2025-06-29 13:41:43,32.394,1194.8,"Tank5","Heated"
"6982",2025-06-29 13:46:43,32.394,1259.4,"Tank5","Heated"
"6983",2025-06-29 13:51:43,32.6,1162.5,"Tank5","Heated"
"6984",2025-06-29 13:56:43,32.6,1151.7,"Tank5","Heated"
"6985",2025-06-29 14:01:43,32.497,1119.5,"Tank5","Heated"
"6986",2025-06-29 14:06:43,32.394,1184,"Tank5","Heated"
"6987",2025-06-29 14:11:43,32.394,1205.6,"Tank5","Heated"
"6988",2025-06-29 14:16:43,32.6,1141,"Tank5","Heated"
"6989",2025-06-29 14:21:43,32.6,1216.3,"Tank5","Heated"
"6990",2025-06-29 14:26:43,32.497,1184,"Tank5","Heated"
"6991",2025-06-29 14:31:43,32.394,1259.4,"Tank5","Heated"
"6992",2025-06-29 14:36:43,32.394,1184,"Tank5","Heated"
"6993",2025-06-29 14:41:43,32.6,1248.6,"Tank5","Heated"
"6994",2025-06-29 14:46:43,32.6,1130.2,"Tank5","Heated"
"6995",2025-06-29 14:51:43,32.497,1194.8,"Tank5","Heated"
"6996",2025-06-29 14:56:43,32.394,1108.7,"Tank5","Heated"
"6997",2025-06-29 15:01:43,32.394,1162.5,"Tank5","Heated"
"6998",2025-06-29 15:06:43,32.6,1259.4,"Tank5","Heated"
"6999",2025-06-29 15:11:43,32.6,1162.5,"Tank5","Heated"
"7000",2025-06-29 15:16:43,32.497,1151.7,"Tank5","Heated"
"7001",2025-06-29 15:21:43,32.394,1173.3,"Tank5","Heated"
"7002",2025-06-29 15:26:43,32.394,1270.1,"Tank5","Heated"
"7003",2025-06-29 15:31:43,32.6,1270.1,"Tank5","Heated"
"7004",2025-06-29 15:36:43,32.497,1184,"Tank5","Heated"
"7005",2025-06-29 15:41:43,32.497,1205.6,"Tank5","Heated"
"7006",2025-06-29 15:46:43,32.291,1194.8,"Tank5","Heated"
"7007",2025-06-29 15:51:43,32.497,1151.7,"Tank5","Heated"
"7008",2025-06-29 15:56:43,32.6,1162.5,"Tank5","Heated"
"7009",2025-06-29 16:01:43,32.497,1259.4,"Tank5","Heated"
"7010",2025-06-29 16:06:43,32.394,1141,"Tank5","Heated"
"7011",2025-06-29 16:11:43,32.291,1162.5,"Tank5","Heated"
"7012",2025-06-29 16:16:43,32.497,1054.9,"Tank5","Heated"
"7013",2025-06-29 16:21:43,32.6,1076.4,"Tank5","Heated"
"7014",2025-06-29 16:26:43,32.497,1001,"Tank5","Heated"
"7015",2025-06-29 16:31:43,32.394,1044.1,"Tank5","Heated"
"7016",2025-06-29 16:36:43,32.291,990.3,"Tank5","Heated"
"7017",2025-06-29 16:41:43,32.497,925.7,"Tank5","Heated"
"7018",2025-06-29 16:46:43,32.6,904.2,"Tank5","Heated"
"7019",2025-06-29 16:51:43,32.497,882.6,"Tank5","Heated"
"7020",2025-06-29 16:56:43,32.394,861.1,"Tank5","Heated"
"7021",2025-06-29 17:01:43,32.291,893.4,"Tank5","Heated"
"7022",2025-06-29 17:06:43,32.6,764.2,"Tank5","Heated"
"7023",2025-06-29 17:11:43,32.497,828.8,"Tank5","Heated"
"7024",2025-06-29 17:16:43,32.394,721.2,"Tank5","Heated"
"7025",2025-06-29 17:21:43,32.291,753.5,"Tank5","Heated"
"7026",2025-06-29 17:26:43,32.497,688.9,"Tank5","Heated"
"7027",2025-06-29 17:31:43,32.6,710.4,"Tank5","Heated"
"7028",2025-06-29 17:36:43,32.497,645.8,"Tank5","Heated"
"7029",2025-06-29 17:41:43,32.394,710.4,"Tank5","Heated"
"7030",2025-06-29 17:46:43,32.291,592,"Tank5","Heated"
"7031",2025-06-29 17:51:43,32.497,570.5,"Tank5","Heated"
"7032",2025-06-29 17:56:43,32.497,441.3,"Tank5","Heated"
"7033",2025-06-29 18:01:43,32.394,505.9,"Tank5","Heated"
"7034",2025-06-29 18:06:43,32.291,570.5,"Tank5","Heated"
"7035",2025-06-29 18:11:43,32.497,430.6,"Tank5","Heated"
"7036",2025-06-29 18:16:43,32.497,452.1,"Tank5","Heated"
"7037",2025-06-29 18:21:43,32.497,333.7,"Tank5","Heated"
"7038",2025-06-29 18:26:43,32.291,269.1,"Tank5","Heated"
"7039",2025-06-29 18:31:43,32.291,376.7,"Tank5","Heated"
"7040",2025-06-29 18:36:43,32.497,279.9,"Tank5","Heated"
"7041",2025-06-29 18:41:43,32.497,247.6,"Tank5","Heated"
"7042",2025-06-29 18:46:43,32.394,301.4,"Tank5","Heated"
"7043",2025-06-29 18:51:43,32.291,247.6,"Tank5","Heated"
"7044",2025-06-29 18:56:43,32.497,129.2,"Tank5","Heated"
"7045",2025-06-29 19:01:43,32.497,215.3,"Tank5","Heated"
"7046",2025-06-29 19:06:43,32.394,86.1,"Tank5","Heated"
"7047",2025-06-29 19:11:43,32.291,118.4,"Tank5","Heated"
"7048",2025-06-29 19:16:43,32.394,193.8,"Tank5","Heated"
"7049",2025-06-29 19:21:43,32.497,86.1,"Tank5","Heated"
"7050",2025-06-29 19:26:43,32.497,64.6,"Tank5","Heated"
"7051",2025-06-29 19:31:43,32.291,75.3,"Tank5","Heated"
"7052",2025-06-29 19:36:43,32.291,43.1,"Tank5","Heated"
"7053",2025-06-29 19:41:43,32.497,43.1,"Tank5","Heated"
"7054",2025-06-29 19:46:43,32.497,10.8,"Tank5","Heated"
"7055",2025-06-29 19:51:43,32.394,10.8,"Tank5","Heated"
"7056",2025-06-29 19:56:43,32.291,0,"Tank5","Heated"
"7057",2025-06-29 20:01:43,32.394,0,"Tank5","Heated"
"7058",2025-06-29 20:06:43,32.497,0,"Tank5","Heated"
"7059",2025-06-29 20:11:43,32.497,0,"Tank5","Heated"
"7060",2025-06-29 20:16:43,32.394,0,"Tank5","Heated"
"7061",2025-06-29 20:21:43,32.188,0,"Tank5","Heated"
"7062",2025-06-29 20:26:43,32.497,0,"Tank5","Heated"
"7063",2025-06-29 20:31:43,32.497,0,"Tank5","Heated"
"7064",2025-06-29 20:36:43,32.394,0,"Tank5","Heated"
"7065",2025-06-29 20:41:43,32.291,0,"Tank5","Heated"
"7066",2025-06-29 20:46:43,32.291,0,"Tank5","Heated"
"7067",2025-06-29 20:51:43,32.497,0,"Tank5","Heated"
"7068",2025-06-29 20:56:43,32.497,0,"Tank5","Heated"
"7069",2025-06-29 21:01:43,32.291,0,"Tank5","Heated"
"7070",2025-06-29 21:06:43,32.291,0,"Tank5","Heated"
"7071",2025-06-29 21:11:43,32.497,0,"Tank5","Heated"
"7072",2025-06-29 21:16:43,32.497,0,"Tank5","Heated"
"7073",2025-06-29 21:21:43,32.394,0,"Tank5","Heated"
"7074",2025-06-29 21:26:43,32.291,0,"Tank5","Heated"
"7075",2025-06-29 21:31:43,32.394,0,"Tank5","Heated"
"7076",2025-06-29 21:36:43,32.497,0,"Tank5","Heated"
"7077",2025-06-29 21:41:43,32.497,0,"Tank5","Heated"
"7078",2025-06-29 21:46:43,32.291,0,"Tank5","Heated"
"7079",2025-06-29 21:51:43,32.291,0,"Tank5","Heated"
"7080",2025-06-29 21:56:43,32.497,0,"Tank5","Heated"
"7081",2025-06-29 22:01:43,32.497,0,"Tank5","Heated"
"7082",2025-06-29 22:06:43,32.394,0,"Tank5","Heated"
"7083",2025-06-29 22:11:43,32.291,0,"Tank5","Heated"
"7084",2025-06-29 22:16:43,32.291,0,"Tank5","Heated"
"7085",2025-06-29 22:21:43,32.497,0,"Tank5","Heated"
"7086",2025-06-29 22:26:43,32.497,0,"Tank5","Heated"
"7087",2025-06-29 22:31:43,32.394,0,"Tank5","Heated"
"7088",2025-06-29 22:36:43,32.291,0,"Tank5","Heated"
"7089",2025-06-29 22:41:43,32.394,0,"Tank5","Heated"
"7090",2025-06-29 22:46:43,32.497,0,"Tank5","Heated"
"7091",2025-06-29 22:51:43,32.394,0,"Tank5","Heated"
"7092",2025-06-29 22:56:43,32.291,0,"Tank5","Heated"
"7093",2025-06-29 23:01:43,32.291,0,"Tank5","Heated"
"7094",2025-06-29 23:06:43,32.497,0,"Tank5","Heated"
"7095",2025-06-29 23:11:43,32.497,0,"Tank5","Heated"
"7096",2025-06-29 23:16:43,32.394,0,"Tank5","Heated"
"7097",2025-06-29 23:21:43,32.291,0,"Tank5","Heated"
"7098",2025-06-29 23:26:43,32.394,0,"Tank5","Heated"
"7099",2025-06-29 23:31:43,32.497,0,"Tank5","Heated"
"7100",2025-06-29 23:36:43,32.497,0,"Tank5","Heated"
"7101",2025-06-29 23:41:43,32.291,0,"Tank5","Heated"
"7102",2025-06-29 23:46:43,32.291,0,"Tank5","Heated"
"7103",2025-06-29 23:51:43,32.497,0,"Tank5","Heated"
"7104",2025-06-29 23:56:43,32.497,0,"Tank5","Heated"
"7105",2025-06-30 00:01:43,32.394,0,"Tank5","Heated"
"7106",2025-06-30 00:06:43,32.291,0,"Tank5","Heated"
"7107",2025-06-30 00:11:43,32.291,0,"Tank5","Heated"
"7108",2025-06-30 00:16:43,32.497,0,"Tank5","Heated"
"7109",2025-06-30 00:21:43,32.497,0,"Tank5","Heated"
"7110",2025-06-30 00:26:43,32.394,0,"Tank5","Heated"
"7111",2025-06-30 00:31:43,32.291,0,"Tank5","Heated"
"7112",2025-06-30 00:36:43,32.394,0,"Tank5","Heated"
"7113",2025-06-30 00:41:43,32.497,0,"Tank5","Heated"
"7114",2025-06-30 00:46:43,32.394,0,"Tank5","Heated"
"7115",2025-06-30 00:51:43,32.291,0,"Tank5","Heated"
"7116",2025-06-30 00:56:43,32.291,0,"Tank5","Heated"
"7117",2025-06-30 01:01:43,32.497,0,"Tank5","Heated"
"7118",2025-06-30 01:06:43,32.497,0,"Tank5","Heated"
"7119",2025-06-30 01:11:43,32.394,0,"Tank5","Heated"
"7120",2025-06-30 01:16:43,32.291,0,"Tank5","Heated"
"7121",2025-06-30 01:21:43,32.394,0,"Tank5","Heated"
"7122",2025-06-30 01:26:43,32.497,0,"Tank5","Heated"
"7123",2025-06-30 01:31:43,32.497,0,"Tank5","Heated"
"7124",2025-06-30 01:36:43,32.394,0,"Tank5","Heated"
"7125",2025-06-30 01:41:43,32.291,0,"Tank5","Heated"
"7126",2025-06-30 01:46:43,32.497,0,"Tank5","Heated"
"7127",2025-06-30 01:51:43,32.497,0,"Tank5","Heated"
"7128",2025-06-30 01:56:43,32.394,0,"Tank5","Heated"
"7129",2025-06-30 02:01:43,32.291,0,"Tank5","Heated"
"7130",2025-06-30 02:06:43,32.291,0,"Tank5","Heated"
"7131",2025-06-30 02:11:43,32.497,0,"Tank5","Heated"
"7132",2025-06-30 02:16:43,32.497,0,"Tank5","Heated"
"7133",2025-06-30 02:21:43,32.394,0,"Tank5","Heated"
"7134",2025-06-30 02:26:43,32.291,0,"Tank5","Heated"
"7135",2025-06-30 02:31:43,32.394,0,"Tank5","Heated"
"7136",2025-06-30 02:36:43,32.497,0,"Tank5","Heated"
"7137",2025-06-30 02:41:43,32.497,0,"Tank5","Heated"
"7138",2025-06-30 02:46:43,32.394,0,"Tank5","Heated"
"7139",2025-06-30 02:51:43,32.188,0,"Tank5","Heated"
"7140",2025-06-30 02:56:43,32.497,0,"Tank5","Heated"
"7141",2025-06-30 03:01:43,32.497,0,"Tank5","Heated"
"7142",2025-06-30 03:06:43,32.394,0,"Tank5","Heated"
"7143",2025-06-30 03:11:43,32.291,0,"Tank5","Heated"
"7144",2025-06-30 03:16:43,32.291,0,"Tank5","Heated"
"7145",2025-06-30 03:21:43,32.497,0,"Tank5","Heated"
"7146",2025-06-30 03:26:43,32.497,0,"Tank5","Heated"
"7147",2025-06-30 03:31:43,32.394,0,"Tank5","Heated"
"7148",2025-06-30 03:36:43,32.188,0,"Tank5","Heated"
"7149",2025-06-30 03:41:43,32.497,0,"Tank5","Heated"
"7150",2025-06-30 03:46:43,32.497,0,"Tank5","Heated"
"7151",2025-06-30 03:51:43,32.497,0,"Tank5","Heated"
"7152",2025-06-30 03:56:43,32.291,0,"Tank5","Heated"
"7153",2025-06-30 04:01:43,32.291,0,"Tank5","Heated"
"7154",2025-06-30 04:06:43,32.497,0,"Tank5","Heated"
"7155",2025-06-30 04:11:43,32.497,0,"Tank5","Heated"
"7156",2025-06-30 04:16:43,32.394,0,"Tank5","Heated"
"7157",2025-06-30 04:21:43,32.291,0,"Tank5","Heated"
"7158",2025-06-30 04:26:43,32.394,0,"Tank5","Heated"
"7159",2025-06-30 04:31:43,32.497,0,"Tank5","Heated"
"7160",2025-06-30 04:36:43,32.497,0,"Tank5","Heated"
"7161",2025-06-30 04:41:43,32.291,0,"Tank5","Heated"
"7162",2025-06-30 04:46:43,32.291,0,"Tank5","Heated"
"7163",2025-06-30 04:51:43,32.497,0,"Tank5","Heated"
"7164",2025-06-30 04:56:43,32.497,0,"Tank5","Heated"
"7165",2025-06-30 05:01:43,32.394,0,"Tank5","Heated"
"7166",2025-06-30 05:06:43,32.291,0,"Tank5","Heated"
"7167",2025-06-30 05:11:43,32.291,0,"Tank5","Heated"
"7168",2025-06-30 05:16:43,32.497,0,"Tank5","Heated"
"7169",2025-06-30 05:21:43,32.497,0,"Tank5","Heated"
"7170",2025-06-30 05:26:43,32.394,0,"Tank5","Heated"
"7171",2025-06-30 05:31:43,32.291,0,"Tank5","Heated"
"7172",2025-06-30 05:36:43,32.497,0,"Tank5","Heated"
"7173",2025-06-30 05:41:43,32.497,0,"Tank5","Heated"
"7174",2025-06-30 05:46:43,32.394,0,"Tank5","Heated"
"7175",2025-06-30 05:51:43,32.291,0,"Tank5","Heated"
"7176",2025-06-30 05:56:43,32.291,0,"Tank5","Heated"
"7177",2025-06-30 06:01:43,32.497,0,"Tank5","Heated"
"7178",2025-06-30 06:06:43,32.497,0,"Tank5","Heated"
"7179",2025-06-30 06:11:43,32.394,0,"Tank5","Heated"
"7180",2025-06-30 06:16:43,32.291,0,"Tank5","Heated"
"7181",2025-06-30 06:21:43,32.394,0,"Tank5","Heated"
"7182",2025-06-30 06:26:43,32.497,0,"Tank5","Heated"
"7183",2025-06-30 06:31:43,32.394,0,"Tank5","Heated"
"7184",2025-06-30 06:36:43,32.291,0,"Tank5","Heated"
"7185",2025-06-30 06:41:43,32.291,0,"Tank5","Heated"
"7186",2025-06-30 06:46:43,32.497,0,"Tank5","Heated"
"7187",2025-06-30 06:51:43,32.497,0,"Tank5","Heated"
"7188",2025-06-30 06:56:43,32.394,0,"Tank5","Heated"
"7189",2025-06-30 07:01:43,32.291,0,"Tank5","Heated"
"7190",2025-06-30 07:06:43,32.394,0,"Tank5","Heated"
"7191",2025-06-30 07:11:43,32.497,0,"Tank5","Heated"
"7192",2025-06-30 07:16:43,32.394,0,"Tank5","Heated"
"7193",2025-06-30 07:21:43,32.291,0,"Tank5","Heated"
"7194",2025-06-30 07:26:43,32.291,0,"Tank5","Heated"
"7195",2025-06-30 07:31:43,32.497,0,"Tank5","Heated"
"7196",2025-06-30 07:36:43,32.497,0,"Tank5","Heated"
"7197",2025-06-30 07:41:43,32.394,0,"Tank5","Heated"
"7198",2025-06-30 07:46:43,32.291,0,"Tank5","Heated"
"7199",2025-06-30 07:51:43,32.394,0,"Tank5","Heated"
"7200",2025-06-30 07:56:43,32.497,0,"Tank5","Heated"
"7201",2025-06-25 08:03:31,25.222,0,"Tank6","Control"
"7202",2025-06-25 08:08:31,25.416,0,"Tank6","Control"
"7203",2025-06-25 08:13:31,25.416,0,"Tank6","Control"
"7204",2025-06-25 08:18:31,25.416,0,"Tank6","Control"
"7205",2025-06-25 08:23:31,25.416,0,"Tank6","Control"
"7206",2025-06-25 08:28:31,25.319,0,"Tank6","Control"
"7207",2025-06-25 08:33:31,25.319,0,"Tank6","Control"
"7208",2025-06-25 08:38:31,25.222,107.6,"Tank6","Control"
"7209",2025-06-25 08:43:31,25.416,75.3,"Tank6","Control"
"7210",2025-06-25 08:48:31,25.416,118.4,"Tank6","Control"
"7211",2025-06-25 08:53:31,25.416,96.9,"Tank6","Control"
"7212",2025-06-25 08:58:31,25.319,118.4,"Tank6","Control"
"7213",2025-06-25 09:03:31,25.319,172.2,"Tank6","Control"
"7214",2025-06-25 09:08:31,25.222,139.9,"Tank6","Control"
"7215",2025-06-25 09:13:31,25.416,139.9,"Tank6","Control"
"7216",2025-06-25 09:18:31,25.416,139.9,"Tank6","Control"
"7217",2025-06-25 09:23:31,25.416,150.7,"Tank6","Control"
"7218",2025-06-25 09:28:31,25.416,172.2,"Tank6","Control"
"7219",2025-06-25 09:33:31,25.319,161.5,"Tank6","Control"
"7220",2025-06-25 09:38:31,25.319,226,"Tank6","Control"
"7221",2025-06-25 09:43:31,25.319,226,"Tank6","Control"
"7222",2025-06-25 09:48:31,25.416,226,"Tank6","Control"
"7223",2025-06-25 09:53:31,25.416,0,"Tank6","Control"
"7224",2025-06-25 09:58:31,25.319,0,"Tank6","Control"
"7225",2025-06-25 10:03:31,25.319,0,"Tank6","Control"
"7226",2025-06-25 10:08:31,25.319,258.3,"Tank6","Control"
"7227",2025-06-25 10:13:31,25.416,322.9,"Tank6","Control"
"7228",2025-06-25 10:18:31,25.513,258.3,"Tank6","Control"
"7229",2025-06-25 10:23:31,25.416,247.6,"Tank6","Control"
"7230",2025-06-25 10:28:31,25.416,366,"Tank6","Control"
"7231",2025-06-25 10:33:31,25.319,366,"Tank6","Control"
"7232",2025-06-25 10:38:31,25.319,419.8,"Tank6","Control"
"7233",2025-06-25 10:43:31,25.319,0,"Tank6","Control"
"7234",2025-06-25 10:48:31,25.416,0,"Tank6","Control"
"7235",2025-06-25 10:53:31,25.416,0,"Tank6","Control"
"7236",2025-06-25 10:58:31,25.416,0,"Tank6","Control"
"7237",2025-06-25 11:03:31,25.319,0,"Tank6","Control"
"7238",2025-06-25 11:08:31,25.319,0,"Tank6","Control"
"7239",2025-06-25 11:13:31,25.319,0,"Tank6","Control"
"7240",2025-06-25 11:18:31,25.319,0,"Tank6","Control"
"7241",2025-06-25 11:23:31,25.319,0,"Tank6","Control"
"7242",2025-06-25 11:28:31,25.416,0,"Tank6","Control"
"7243",2025-06-25 11:33:31,25.416,0,"Tank6","Control"
"7244",2025-06-25 11:38:31,25.416,0,"Tank6","Control"
"7245",2025-06-25 11:43:31,25.416,0,"Tank6","Control"
"7246",2025-06-25 11:48:31,25.319,0,"Tank6","Control"
"7247",2025-06-25 11:53:31,25.319,624.3,"Tank6","Control"
"7248",2025-06-25 11:58:31,25.319,656.6,"Tank6","Control"
"7249",2025-06-25 12:03:31,25.416,592,"Tank6","Control"
"7250",2025-06-25 12:08:31,25.416,613.5,"Tank6","Control"
"7251",2025-06-25 12:13:31,25.416,570.5,"Tank6","Control"
"7252",2025-06-25 12:18:31,25.416,570.5,"Tank6","Control"
"7253",2025-06-25 12:23:31,25.319,570.5,"Tank6","Control"
"7254",2025-06-25 12:28:31,25.319,602.8,"Tank6","Control"
"7255",2025-06-25 12:33:31,25.319,581.3,"Tank6","Control"
"7256",2025-06-25 12:38:31,25.513,613.5,"Tank6","Control"
"7257",2025-06-25 12:43:31,25.513,624.3,"Tank6","Control"
"7258",2025-06-25 12:48:31,25.513,656.6,"Tank6","Control"
"7259",2025-06-25 12:53:31,25.416,0,"Tank6","Control"
"7260",2025-06-25 12:58:31,25.416,0,"Tank6","Control"
"7261",2025-06-25 13:03:31,25.319,0,"Tank6","Control"
"7262",2025-06-25 13:08:31,25.319,0,"Tank6","Control"
"7263",2025-06-25 13:13:31,25.319,0,"Tank6","Control"
"7264",2025-06-25 13:18:31,25.319,0,"Tank6","Control"
"7265",2025-06-25 13:23:31,25.222,0,"Tank6","Control"
"7266",2025-06-25 13:28:31,25.319,0,"Tank6","Control"
"7267",2025-06-25 13:33:31,25.416,0,"Tank6","Control"
"7268",2025-06-25 13:38:31,25.416,678.1,"Tank6","Control"
"7269",2025-06-25 13:43:31,25.416,624.3,"Tank6","Control"
"7270",2025-06-25 13:48:31,25.416,656.6,"Tank6","Control"
"7271",2025-06-25 13:53:31,25.416,635.1,"Tank6","Control"
"7272",2025-06-25 13:58:31,25.416,678.1,"Tank6","Control"
"7273",2025-06-25 14:03:31,25.319,635.1,"Tank6","Control"
"7274",2025-06-25 14:08:31,25.319,656.6,"Tank6","Control"
"7275",2025-06-25 14:13:31,25.319,645.8,"Tank6","Control"
"7276",2025-06-25 14:18:31,25.319,624.3,"Tank6","Control"
"7277",2025-06-25 14:23:31,25.416,667.4,"Tank6","Control"
"7278",2025-06-25 14:28:31,25.416,645.8,"Tank6","Control"
"7279",2025-06-25 14:33:31,25.416,602.8,"Tank6","Control"
"7280",2025-06-25 14:38:31,25.416,635.1,"Tank6","Control"
"7281",2025-06-25 14:43:31,25.416,688.9,"Tank6","Control"
"7282",2025-06-25 14:48:31,25.319,678.1,"Tank6","Control"
"7283",2025-06-25 14:53:31,25.416,656.6,"Tank6","Control"
"7284",2025-06-25 14:58:31,25.61,656.6,"Tank6","Control"
"7285",2025-06-25 15:03:31,25.61,635.1,"Tank6","Control"
"7286",2025-06-25 15:08:31,25.61,688.9,"Tank6","Control"
"7287",2025-06-25 15:13:31,25.61,645.8,"Tank6","Control"
"7288",2025-06-25 15:18:31,25.513,688.9,"Tank6","Control"
"7289",2025-06-25 15:23:31,25.513,624.3,"Tank6","Control"
"7290",2025-06-25 15:28:31,25.513,613.5,"Tank6","Control"
"7291",2025-06-25 15:33:31,25.513,645.8,"Tank6","Control"
"7292",2025-06-25 15:38:31,25.513,635.1,"Tank6","Control"
"7293",2025-06-25 15:43:31,25.416,645.8,"Tank6","Control"
"7294",2025-06-25 15:48:31,25.416,624.3,"Tank6","Control"
"7295",2025-06-25 15:53:31,25.416,645.8,"Tank6","Control"
"7296",2025-06-25 15:58:31,25.416,678.1,"Tank6","Control"
"7297",2025-06-25 16:03:31,25.416,613.5,"Tank6","Control"
"7298",2025-06-25 16:08:31,25.319,613.5,"Tank6","Control"
"7299",2025-06-25 16:13:31,25.319,645.8,"Tank6","Control"
"7300",2025-06-25 16:18:31,25.513,656.6,"Tank6","Control"
"7301",2025-06-25 16:23:31,25.416,613.5,"Tank6","Control"
"7302",2025-06-25 16:28:31,25.416,581.3,"Tank6","Control"
"7303",2025-06-25 16:33:31,25.416,581.3,"Tank6","Control"
"7304",2025-06-25 16:38:31,25.416,538.2,"Tank6","Control"
"7305",2025-06-25 16:43:31,25.416,538.2,"Tank6","Control"
"7306",2025-06-25 16:48:31,25.416,527.4,"Tank6","Control"
"7307",2025-06-25 16:53:31,25.319,516.7,"Tank6","Control"
"7308",2025-06-25 16:58:31,25.416,516.7,"Tank6","Control"
"7309",2025-06-25 17:03:31,25.61,452.1,"Tank6","Control"
"7310",2025-06-25 17:08:31,25.61,452.1,"Tank6","Control"
"7311",2025-06-25 17:13:31,25.61,430.6,"Tank6","Control"
"7312",2025-06-25 17:18:31,25.513,409,"Tank6","Control"
"7313",2025-06-25 17:23:31,25.513,398.3,"Tank6","Control"
"7314",2025-06-25 17:28:31,25.513,398.3,"Tank6","Control"
"7315",2025-06-25 17:33:31,25.513,355.2,"Tank6","Control"
"7316",2025-06-25 17:38:31,25.513,333.7,"Tank6","Control"
"7317",2025-06-25 17:43:31,25.416,301.4,"Tank6","Control"
"7318",2025-06-25 17:48:31,25.416,333.7,"Tank6","Control"
"7319",2025-06-25 17:53:31,25.416,333.7,"Tank6","Control"
"7320",2025-06-25 17:58:31,25.416,301.4,"Tank6","Control"
"7321",2025-06-25 18:03:31,25.416,247.6,"Tank6","Control"
"7322",2025-06-25 18:08:31,25.416,258.3,"Tank6","Control"
"7323",2025-06-25 18:13:31,25.319,215.3,"Tank6","Control"
"7324",2025-06-25 18:18:31,25.319,247.6,"Tank6","Control"
"7325",2025-06-25 18:23:31,25.513,193.8,"Tank6","Control"
"7326",2025-06-25 18:28:31,25.513,193.8,"Tank6","Control"
"7327",2025-06-25 18:33:31,25.513,193.8,"Tank6","Control"
"7328",2025-06-25 18:38:31,25.513,118.4,"Tank6","Control"
"7329",2025-06-25 18:43:31,25.513,139.9,"Tank6","Control"
"7330",2025-06-25 18:48:31,25.513,129.2,"Tank6","Control"
"7331",2025-06-25 18:53:31,25.416,75.3,"Tank6","Control"
"7332",2025-06-25 18:58:31,25.416,53.8,"Tank6","Control"
"7333",2025-06-25 19:03:31,25.416,107.6,"Tank6","Control"
"7334",2025-06-25 19:08:31,25.416,129.2,"Tank6","Control"
"7335",2025-06-25 19:13:31,25.319,53.8,"Tank6","Control"
"7336",2025-06-25 19:18:31,25.319,118.4,"Tank6","Control"
"7337",2025-06-25 19:23:31,25.319,53.8,"Tank6","Control"
"7338",2025-06-25 19:28:31,25.513,21.5,"Tank6","Control"
"7339",2025-06-25 19:33:31,25.513,10.8,"Tank6","Control"
"7340",2025-06-25 19:38:31,25.513,0,"Tank6","Control"
"7341",2025-06-25 19:43:31,25.513,43.1,"Tank6","Control"
"7342",2025-06-25 19:48:31,25.416,0,"Tank6","Control"
"7343",2025-06-25 19:53:31,25.416,10.8,"Tank6","Control"
"7344",2025-06-25 19:58:31,25.416,0,"Tank6","Control"
"7345",2025-06-25 20:03:31,25.416,0,"Tank6","Control"
"7346",2025-06-25 20:08:31,25.319,0,"Tank6","Control"
"7347",2025-06-25 20:13:31,25.319,0,"Tank6","Control"
"7348",2025-06-25 20:18:31,25.513,0,"Tank6","Control"
"7349",2025-06-25 20:23:31,25.61,0,"Tank6","Control"
"7350",2025-06-25 20:28:31,25.513,0,"Tank6","Control"
"7351",2025-06-25 20:33:31,25.513,0,"Tank6","Control"
"7352",2025-06-25 20:38:31,25.513,0,"Tank6","Control"
"7353",2025-06-25 20:43:31,25.416,0,"Tank6","Control"
"7354",2025-06-25 20:48:31,25.416,0,"Tank6","Control"
"7355",2025-06-25 20:53:31,25.416,0,"Tank6","Control"
"7356",2025-06-25 20:58:31,25.416,0,"Tank6","Control"
"7357",2025-06-25 21:03:31,25.319,0,"Tank6","Control"
"7358",2025-06-25 21:08:31,25.319,0,"Tank6","Control"
"7359",2025-06-25 21:13:31,25.319,0,"Tank6","Control"
"7360",2025-06-25 21:18:31,25.513,0,"Tank6","Control"
"7361",2025-06-25 21:23:31,25.61,0,"Tank6","Control"
"7362",2025-06-25 21:28:31,25.513,0,"Tank6","Control"
"7363",2025-06-25 21:33:31,25.513,0,"Tank6","Control"
"7364",2025-06-25 21:38:31,25.513,0,"Tank6","Control"
"7365",2025-06-25 21:43:31,25.416,0,"Tank6","Control"
"7366",2025-06-25 21:48:31,25.416,0,"Tank6","Control"
"7367",2025-06-25 21:53:31,25.319,0,"Tank6","Control"
"7368",2025-06-25 21:58:31,25.319,0,"Tank6","Control"
"7369",2025-06-25 22:03:31,25.513,21.5,"Tank6","Control"
"7370",2025-06-25 22:08:31,25.513,21.5,"Tank6","Control"
"7371",2025-06-25 22:13:31,25.513,21.5,"Tank6","Control"
"7372",2025-06-25 22:18:31,25.416,21.5,"Tank6","Control"
"7373",2025-06-25 22:23:31,25.416,0,"Tank6","Control"
"7374",2025-06-25 22:28:31,25.416,0,"Tank6","Control"
"7375",2025-06-25 22:33:31,25.416,0,"Tank6","Control"
"7376",2025-06-25 22:38:31,25.319,0,"Tank6","Control"
"7377",2025-06-25 22:43:31,25.319,0,"Tank6","Control"
"7378",2025-06-25 22:48:31,25.319,0,"Tank6","Control"
"7379",2025-06-25 22:53:31,25.416,0,"Tank6","Control"
"7380",2025-06-25 22:58:31,25.416,0,"Tank6","Control"
"7381",2025-06-25 23:03:31,25.416,0,"Tank6","Control"
"7382",2025-06-25 23:08:31,25.416,0,"Tank6","Control"
"7383",2025-06-25 23:13:31,25.416,0,"Tank6","Control"
"7384",2025-06-25 23:18:31,25.416,0,"Tank6","Control"
"7385",2025-06-25 23:23:31,25.319,0,"Tank6","Control"
"7386",2025-06-25 23:28:31,25.319,0,"Tank6","Control"
"7387",2025-06-25 23:33:31,25.416,0,"Tank6","Control"
"7388",2025-06-25 23:38:31,25.513,0,"Tank6","Control"
"7389",2025-06-25 23:43:31,25.513,0,"Tank6","Control"
"7390",2025-06-25 23:48:31,25.513,0,"Tank6","Control"
"7391",2025-06-25 23:53:31,25.513,0,"Tank6","Control"
"7392",2025-06-25 23:58:31,25.416,0,"Tank6","Control"
"7393",2025-06-26 00:03:31,25.416,0,"Tank6","Control"
"7394",2025-06-26 00:08:31,25.416,0,"Tank6","Control"
"7395",2025-06-26 00:13:31,25.416,0,"Tank6","Control"
"7396",2025-06-26 00:18:31,25.319,0,"Tank6","Control"
"7397",2025-06-26 00:23:31,25.319,0,"Tank6","Control"
"7398",2025-06-26 00:28:31,25.319,0,"Tank6","Control"
"7399",2025-06-26 00:33:31,25.319,0,"Tank6","Control"
"7400",2025-06-26 00:38:31,25.513,0,"Tank6","Control"
"7401",2025-06-26 00:43:31,25.513,0,"Tank6","Control"
"7402",2025-06-26 00:48:31,25.513,0,"Tank6","Control"
"7403",2025-06-26 00:53:31,25.416,0,"Tank6","Control"
"7404",2025-06-26 00:58:31,25.416,0,"Tank6","Control"
"7405",2025-06-26 01:03:31,25.416,0,"Tank6","Control"
"7406",2025-06-26 01:08:31,25.416,0,"Tank6","Control"
"7407",2025-06-26 01:13:31,25.319,0,"Tank6","Control"
"7408",2025-06-26 01:18:31,25.319,0,"Tank6","Control"
"7409",2025-06-26 01:23:31,25.319,0,"Tank6","Control"
"7410",2025-06-26 01:28:31,25.513,0,"Tank6","Control"
"7411",2025-06-26 01:33:31,25.513,0,"Tank6","Control"
"7412",2025-06-26 01:38:31,25.513,0,"Tank6","Control"
"7413",2025-06-26 01:43:31,25.513,0,"Tank6","Control"
"7414",2025-06-26 01:48:31,25.513,0,"Tank6","Control"
"7415",2025-06-26 01:53:31,25.416,0,"Tank6","Control"
"7416",2025-06-26 01:58:31,25.416,0,"Tank6","Control"
"7417",2025-06-26 02:03:31,25.416,0,"Tank6","Control"
"7418",2025-06-26 02:08:31,25.319,0,"Tank6","Control"
"7419",2025-06-26 02:13:31,25.319,0,"Tank6","Control"
"7420",2025-06-26 02:18:31,25.319,0,"Tank6","Control"
"7421",2025-06-26 02:23:31,25.513,0,"Tank6","Control"
"7422",2025-06-26 02:28:31,25.513,0,"Tank6","Control"
"7423",2025-06-26 02:33:31,25.513,0,"Tank6","Control"
"7424",2025-06-26 02:38:31,25.416,0,"Tank6","Control"
"7425",2025-06-26 02:43:31,25.416,0,"Tank6","Control"
"7426",2025-06-26 02:48:31,25.416,0,"Tank6","Control"
"7427",2025-06-26 02:53:31,25.319,0,"Tank6","Control"
"7428",2025-06-26 02:58:31,25.319,0,"Tank6","Control"
"7429",2025-06-26 03:03:31,25.319,0,"Tank6","Control"
"7430",2025-06-26 03:08:31,25.513,0,"Tank6","Control"
"7431",2025-06-26 03:13:31,25.513,0,"Tank6","Control"
"7432",2025-06-26 03:18:31,25.513,0,"Tank6","Control"
"7433",2025-06-26 03:23:31,25.513,0,"Tank6","Control"
"7434",2025-06-26 03:28:31,25.513,0,"Tank6","Control"
"7435",2025-06-26 03:33:31,25.416,0,"Tank6","Control"
"7436",2025-06-26 03:38:31,25.416,0,"Tank6","Control"
"7437",2025-06-26 03:43:31,25.416,0,"Tank6","Control"
"7438",2025-06-26 03:48:31,25.319,0,"Tank6","Control"
"7439",2025-06-26 03:53:31,25.319,0,"Tank6","Control"
"7440",2025-06-26 03:58:31,25.319,0,"Tank6","Control"
"7441",2025-06-26 04:03:31,25.416,0,"Tank6","Control"
"7442",2025-06-26 04:08:31,25.513,0,"Tank6","Control"
"7443",2025-06-26 04:13:31,25.513,0,"Tank6","Control"
"7444",2025-06-26 04:18:31,25.513,0,"Tank6","Control"
"7445",2025-06-26 04:23:31,25.416,0,"Tank6","Control"
"7446",2025-06-26 04:28:31,25.416,0,"Tank6","Control"
"7447",2025-06-26 04:33:31,25.416,0,"Tank6","Control"
"7448",2025-06-26 04:38:31,25.319,0,"Tank6","Control"
"7449",2025-06-26 04:43:31,25.319,0,"Tank6","Control"
"7450",2025-06-26 04:48:31,25.319,0,"Tank6","Control"
"7451",2025-06-26 04:53:31,25.416,0,"Tank6","Control"
"7452",2025-06-26 04:58:31,25.416,0,"Tank6","Control"
"7453",2025-06-26 05:03:31,25.513,0,"Tank6","Control"
"7454",2025-06-26 05:08:31,25.416,0,"Tank6","Control"
"7455",2025-06-26 05:13:31,25.416,0,"Tank6","Control"
"7456",2025-06-26 05:18:31,25.416,0,"Tank6","Control"
"7457",2025-06-26 05:23:31,25.319,0,"Tank6","Control"
"7458",2025-06-26 05:28:31,25.319,0,"Tank6","Control"
"7459",2025-06-26 05:33:31,25.319,0,"Tank6","Control"
"7460",2025-06-26 05:38:31,25.513,0,"Tank6","Control"
"7461",2025-06-26 05:43:31,25.513,0,"Tank6","Control"
"7462",2025-06-26 05:48:31,25.513,0,"Tank6","Control"
"7463",2025-06-26 05:53:31,25.416,0,"Tank6","Control"
"7464",2025-06-26 05:58:31,25.416,0,"Tank6","Control"
"7465",2025-06-26 06:03:31,25.416,0,"Tank6","Control"
"7466",2025-06-26 06:08:31,25.319,0,"Tank6","Control"
"7467",2025-06-26 06:13:31,25.319,0,"Tank6","Control"
"7468",2025-06-26 06:18:31,25.319,0,"Tank6","Control"
"7469",2025-06-26 06:23:31,25.513,0,"Tank6","Control"
"7470",2025-06-26 06:28:31,25.513,0,"Tank6","Control"
"7471",2025-06-26 06:33:31,25.513,0,"Tank6","Control"
"7472",2025-06-26 06:38:31,25.513,0,"Tank6","Control"
"7473",2025-06-26 06:43:31,25.416,0,"Tank6","Control"
"7474",2025-06-26 06:48:31,25.416,0,"Tank6","Control"
"7475",2025-06-26 06:53:31,25.416,0,"Tank6","Control"
"7476",2025-06-26 06:58:31,25.319,0,"Tank6","Control"
"7477",2025-06-26 07:03:31,25.319,0,"Tank6","Control"
"7478",2025-06-26 07:08:31,25.319,0,"Tank6","Control"
"7479",2025-06-26 07:13:31,25.513,0,"Tank6","Control"
"7480",2025-06-26 07:18:31,25.513,0,"Tank6","Control"
"7481",2025-06-26 07:23:31,25.513,0,"Tank6","Control"
"7482",2025-06-26 07:28:31,25.513,0,"Tank6","Control"
"7483",2025-06-26 07:33:31,25.416,0,"Tank6","Control"
"7484",2025-06-26 07:38:31,25.416,0,"Tank6","Control"
"7485",2025-06-26 07:43:31,25.416,0,"Tank6","Control"
"7486",2025-06-26 07:48:31,25.319,0,"Tank6","Control"
"7487",2025-06-26 07:53:31,25.319,0,"Tank6","Control"
"7488",2025-06-26 07:58:31,25.319,0,"Tank6","Control"
"7489",2025-06-26 08:03:31,25.513,0,"Tank6","Control"
"7490",2025-06-26 08:08:31,25.513,0,"Tank6","Control"
"7491",2025-06-26 08:13:31,25.513,0,"Tank6","Control"
"7492",2025-06-26 08:18:31,25.513,0,"Tank6","Control"
"7493",2025-06-26 08:23:31,25.416,0,"Tank6","Control"
"7494",2025-06-26 08:28:31,25.416,0,"Tank6","Control"
"7495",2025-06-26 08:33:31,25.416,21.5,"Tank6","Control"
"7496",2025-06-26 08:38:31,25.416,21.5,"Tank6","Control"
"7497",2025-06-26 08:43:31,25.319,21.5,"Tank6","Control"
"7498",2025-06-26 08:48:31,25.319,10.8,"Tank6","Control"
"7499",2025-06-26 08:53:31,25.319,10.8,"Tank6","Control"
"7500",2025-06-26 08:58:31,25.222,129.2,"Tank6","Control"
"7501",2025-06-26 09:03:31,25.319,139.9,"Tank6","Control"
"7502",2025-06-26 09:08:31,25.416,129.2,"Tank6","Control"
"7503",2025-06-26 09:13:31,25.416,118.4,"Tank6","Control"
"7504",2025-06-26 09:18:31,25.416,172.2,"Tank6","Control"
"7505",2025-06-26 09:23:31,25.416,183,"Tank6","Control"
"7506",2025-06-26 09:28:31,25.416,129.2,"Tank6","Control"
"7507",2025-06-26 09:33:31,25.319,161.5,"Tank6","Control"
"7508",2025-06-26 09:38:31,25.319,161.5,"Tank6","Control"
"7509",2025-06-26 09:43:31,25.319,204.5,"Tank6","Control"
"7510",2025-06-26 09:48:31,25.222,215.3,"Tank6","Control"
"7511",2025-06-26 09:53:31,25.416,247.6,"Tank6","Control"
"7512",2025-06-26 09:58:31,25.416,269.1,"Tank6","Control"
"7513",2025-06-26 10:03:31,25.416,215.3,"Tank6","Control"
"7514",2025-06-26 10:08:31,25.416,247.6,"Tank6","Control"
"7515",2025-06-26 10:13:31,25.319,258.3,"Tank6","Control"
"7516",2025-06-26 10:18:31,25.319,236.8,"Tank6","Control"
"7517",2025-06-26 10:23:31,25.319,312.2,"Tank6","Control"
"7518",2025-06-26 10:28:31,25.319,333.7,"Tank6","Control"
"7519",2025-06-26 10:33:31,25.319,312.2,"Tank6","Control"
"7520",2025-06-26 10:38:31,25.319,333.7,"Tank6","Control"
"7521",2025-06-26 10:43:31,25.416,312.2,"Tank6","Control"
"7522",2025-06-26 10:48:31,25.416,355.2,"Tank6","Control"
"7523",2025-06-26 10:53:31,25.416,322.9,"Tank6","Control"
"7524",2025-06-26 10:58:31,25.416,376.7,"Tank6","Control"
"7525",2025-06-26 11:03:31,25.416,387.5,"Tank6","Control"
"7526",2025-06-26 11:08:31,25.416,430.6,"Tank6","Control"
"7527",2025-06-26 11:13:31,25.319,441.3,"Tank6","Control"
"7528",2025-06-26 11:18:31,25.319,419.8,"Tank6","Control"
"7529",2025-06-26 11:23:31,25.319,441.3,"Tank6","Control"
"7530",2025-06-26 11:28:31,25.319,462.9,"Tank6","Control"
"7531",2025-06-26 11:33:31,25.319,462.9,"Tank6","Control"
"7532",2025-06-26 11:38:31,25.319,484.4,"Tank6","Control"
"7533",2025-06-26 11:43:31,25.513,505.9,"Tank6","Control"
"7534",2025-06-26 11:48:31,25.513,516.7,"Tank6","Control"
"7535",2025-06-26 11:53:31,25.513,473.6,"Tank6","Control"
"7536",2025-06-26 11:58:31,25.416,538.2,"Tank6","Control"
"7537",2025-06-26 12:03:31,25.416,570.5,"Tank6","Control"
"7538",2025-06-26 12:08:31,25.416,538.2,"Tank6","Control"
"7539",2025-06-26 12:13:31,25.416,538.2,"Tank6","Control"
"7540",2025-06-26 12:18:31,25.416,527.4,"Tank6","Control"
"7541",2025-06-26 12:23:31,25.319,538.2,"Tank6","Control"
"7542",2025-06-26 12:28:31,25.319,516.7,"Tank6","Control"
"7543",2025-06-26 12:33:31,25.319,527.4,"Tank6","Control"
"7544",2025-06-26 12:38:31,25.319,527.4,"Tank6","Control"
"7545",2025-06-26 12:43:31,25.319,538.2,"Tank6","Control"
"7546",2025-06-26 12:48:31,25.319,538.2,"Tank6","Control"
"7547",2025-06-26 12:53:31,25.319,0,"Tank6","Control"
"7548",2025-06-26 12:58:31,25.319,0,"Tank6","Control"
"7549",2025-06-26 13:03:31,25.319,0,"Tank6","Control"
"7550",2025-06-26 13:08:31,25.222,0,"Tank6","Control"
"7551",2025-06-26 13:13:31,25.319,0,"Tank6","Control"
"7552",2025-06-26 13:18:31,25.416,0,"Tank6","Control"
"7553",2025-06-26 13:23:31,25.416,0,"Tank6","Control"
"7554",2025-06-26 13:28:31,25.416,0,"Tank6","Control"
"7555",2025-06-26 13:33:31,25.416,549,"Tank6","Control"
"7556",2025-06-26 13:38:31,25.416,559.7,"Tank6","Control"
"7557",2025-06-26 13:43:31,25.416,527.4,"Tank6","Control"
"7558",2025-06-26 13:48:31,25.416,516.7,"Tank6","Control"
"7559",2025-06-26 13:53:31,25.319,538.2,"Tank6","Control"
"7560",2025-06-26 13:58:31,25.319,538.2,"Tank6","Control"
"7561",2025-06-26 14:03:31,25.319,549,"Tank6","Control"
"7562",2025-06-26 14:08:31,25.319,549,"Tank6","Control"
"7563",2025-06-26 14:13:31,25.319,570.5,"Tank6","Control"
"7564",2025-06-26 14:18:31,25.416,527.4,"Tank6","Control"
"7565",2025-06-26 14:23:31,25.416,538.2,"Tank6","Control"
"7566",2025-06-26 14:28:31,25.416,549,"Tank6","Control"
"7567",2025-06-26 14:33:31,25.416,527.4,"Tank6","Control"
"7568",2025-06-26 14:38:31,25.416,559.7,"Tank6","Control"
"7569",2025-06-26 14:43:31,25.416,559.7,"Tank6","Control"
"7570",2025-06-26 14:48:31,25.416,559.7,"Tank6","Control"
"7571",2025-06-26 14:53:31,25.416,559.7,"Tank6","Control"
"7572",2025-06-26 14:58:31,25.416,570.5,"Tank6","Control"
"7573",2025-06-26 15:03:31,25.319,527.4,"Tank6","Control"
"7574",2025-06-26 15:08:31,25.319,559.7,"Tank6","Control"
"7575",2025-06-26 15:13:31,25.319,549,"Tank6","Control"
"7576",2025-06-26 15:18:31,25.319,559.7,"Tank6","Control"
"7577",2025-06-26 15:23:31,25.319,559.7,"Tank6","Control"
"7578",2025-06-26 15:28:31,25.319,538.2,"Tank6","Control"
"7579",2025-06-26 15:33:31,25.319,495.1,"Tank6","Control"
"7580",2025-06-26 15:38:31,25.319,527.4,"Tank6","Control"
"7581",2025-06-26 15:43:31,25.319,559.7,"Tank6","Control"
"7582",2025-06-26 15:48:31,25.319,592,"Tank6","Control"
"7583",2025-06-26 15:53:31,25.319,570.5,"Tank6","Control"
"7584",2025-06-26 15:58:31,25.319,559.7,"Tank6","Control"
"7585",2025-06-26 16:03:31,25.319,570.5,"Tank6","Control"
"7586",2025-06-26 16:08:31,25.319,549,"Tank6","Control"
"7587",2025-06-26 16:13:31,25.319,635.1,"Tank6","Control"
"7588",2025-06-26 16:18:31,25.416,473.6,"Tank6","Control"
"7589",2025-06-26 16:23:31,25.416,473.6,"Tank6","Control"
"7590",2025-06-26 16:28:31,25.416,505.9,"Tank6","Control"
"7591",2025-06-26 16:33:31,25.416,495.1,"Tank6","Control"
"7592",2025-06-26 16:38:31,25.416,495.1,"Tank6","Control"
"7593",2025-06-26 16:43:31,25.416,462.9,"Tank6","Control"
"7594",2025-06-26 16:48:31,25.61,452.1,"Tank6","Control"
"7595",2025-06-26 16:53:31,25.708,441.3,"Tank6","Control"
"7596",2025-06-26 16:58:31,25.61,387.5,"Tank6","Control"
"7597",2025-06-26 17:03:31,25.61,366,"Tank6","Control"
"7598",2025-06-26 17:08:31,25.61,366,"Tank6","Control"
"7599",2025-06-26 17:13:31,25.513,366,"Tank6","Control"
"7600",2025-06-26 17:18:31,25.513,290.6,"Tank6","Control"
"7601",2025-06-26 17:23:31,25.513,312.2,"Tank6","Control"
"7602",2025-06-26 17:28:31,25.416,290.6,"Tank6","Control"
"7603",2025-06-26 17:33:31,25.416,279.9,"Tank6","Control"
"7604",2025-06-26 17:38:31,25.416,279.9,"Tank6","Control"
"7605",2025-06-26 17:43:31,25.513,301.4,"Tank6","Control"
"7606",2025-06-26 17:48:31,25.61,258.3,"Tank6","Control"
"7607",2025-06-26 17:53:31,25.513,247.6,"Tank6","Control"
"7608",2025-06-26 17:58:31,25.513,258.3,"Tank6","Control"
"7609",2025-06-26 18:03:31,25.513,193.8,"Tank6","Control"
"7610",2025-06-26 18:08:31,25.513,193.8,"Tank6","Control"
"7611",2025-06-26 18:13:31,25.416,193.8,"Tank6","Control"
"7612",2025-06-26 18:18:31,25.416,183,"Tank6","Control"
"7613",2025-06-26 18:23:31,25.416,193.8,"Tank6","Control"
"7614",2025-06-26 18:28:31,25.61,107.6,"Tank6","Control"
"7615",2025-06-26 18:33:31,25.61,150.7,"Tank6","Control"
"7616",2025-06-26 18:38:31,25.61,139.9,"Tank6","Control"
"7617",2025-06-26 18:43:31,25.513,96.9,"Tank6","Control"
"7618",2025-06-26 18:48:31,25.513,86.1,"Tank6","Control"
"7619",2025-06-26 18:53:31,25.513,139.9,"Tank6","Control"
"7620",2025-06-26 18:58:31,25.416,64.6,"Tank6","Control"
"7621",2025-06-26 19:03:31,25.416,86.1,"Tank6","Control"
"7622",2025-06-26 19:08:31,25.416,75.3,"Tank6","Control"
"7623",2025-06-26 19:13:31,25.416,43.1,"Tank6","Control"
"7624",2025-06-26 19:18:31,25.61,10.8,"Tank6","Control"
"7625",2025-06-26 19:23:31,25.513,43.1,"Tank6","Control"
"7626",2025-06-26 19:28:31,25.513,32.3,"Tank6","Control"
"7627",2025-06-26 19:33:31,25.513,32.3,"Tank6","Control"
"7628",2025-06-26 19:38:31,25.513,10.8,"Tank6","Control"
"7629",2025-06-26 19:43:31,25.416,21.5,"Tank6","Control"
"7630",2025-06-26 19:48:31,25.416,0,"Tank6","Control"
"7631",2025-06-26 19:53:31,25.416,0,"Tank6","Control"
"7632",2025-06-26 19:58:31,25.61,0,"Tank6","Control"
"7633",2025-06-26 20:03:31,25.61,0,"Tank6","Control"
"7634",2025-06-26 20:08:31,25.61,0,"Tank6","Control"
"7635",2025-06-26 20:13:31,25.513,0,"Tank6","Control"
"7636",2025-06-26 20:18:31,25.513,0,"Tank6","Control"
"7637",2025-06-26 20:23:31,25.416,0,"Tank6","Control"
"7638",2025-06-26 20:28:31,25.416,0,"Tank6","Control"
"7639",2025-06-26 20:33:31,25.416,0,"Tank6","Control"
"7640",2025-06-26 20:38:31,25.416,0,"Tank6","Control"
"7641",2025-06-26 20:43:31,25.61,0,"Tank6","Control"
"7642",2025-06-26 20:48:31,25.61,0,"Tank6","Control"
"7643",2025-06-26 20:53:31,25.61,0,"Tank6","Control"
"7644",2025-06-26 20:58:31,25.513,0,"Tank6","Control"
"7645",2025-06-26 21:03:31,25.513,0,"Tank6","Control"
"7646",2025-06-26 21:08:31,25.513,0,"Tank6","Control"
"7647",2025-06-26 21:13:31,25.416,0,"Tank6","Control"
"7648",2025-06-26 21:18:31,25.416,0,"Tank6","Control"
"7649",2025-06-26 21:23:31,25.319,0,"Tank6","Control"
"7650",2025-06-26 21:28:31,25.61,0,"Tank6","Control"
"7651",2025-06-26 21:33:31,25.61,0,"Tank6","Control"
"7652",2025-06-26 21:38:31,25.61,0,"Tank6","Control"
"7653",2025-06-26 21:43:31,25.513,0,"Tank6","Control"
"7654",2025-06-26 21:48:31,25.513,0,"Tank6","Control"
"7655",2025-06-26 21:53:31,25.513,0,"Tank6","Control"
"7656",2025-06-26 21:58:31,25.416,0,"Tank6","Control"
"7657",2025-06-26 22:03:31,25.416,0,"Tank6","Control"
"7658",2025-06-26 22:08:31,25.416,0,"Tank6","Control"
"7659",2025-06-26 22:13:31,25.416,0,"Tank6","Control"
"7660",2025-06-26 22:18:31,25.61,0,"Tank6","Control"
"7661",2025-06-26 22:23:31,25.61,0,"Tank6","Control"
"7662",2025-06-26 22:28:31,25.61,0,"Tank6","Control"
"7663",2025-06-26 22:33:31,25.513,0,"Tank6","Control"
"7664",2025-06-26 22:38:31,25.513,0,"Tank6","Control"
"7665",2025-06-26 22:43:31,25.513,0,"Tank6","Control"
"7666",2025-06-26 22:48:31,25.416,0,"Tank6","Control"
"7667",2025-06-26 22:53:31,25.416,0,"Tank6","Control"
"7668",2025-06-26 22:58:31,25.416,0,"Tank6","Control"
"7669",2025-06-26 23:03:31,25.416,0,"Tank6","Control"
"7670",2025-06-26 23:08:31,25.61,0,"Tank6","Control"
"7671",2025-06-26 23:13:31,25.61,0,"Tank6","Control"
"7672",2025-06-26 23:18:31,25.61,0,"Tank6","Control"
"7673",2025-06-26 23:23:31,25.513,0,"Tank6","Control"
"7674",2025-06-26 23:28:31,25.513,0,"Tank6","Control"
"7675",2025-06-26 23:33:31,25.513,0,"Tank6","Control"
"7676",2025-06-26 23:38:31,25.416,0,"Tank6","Control"
"7677",2025-06-26 23:43:31,25.416,0,"Tank6","Control"
"7678",2025-06-26 23:48:31,25.416,0,"Tank6","Control"
"7679",2025-06-26 23:53:31,25.416,0,"Tank6","Control"
"7680",2025-06-26 23:58:31,25.61,0,"Tank6","Control"
"7681",2025-06-27 00:03:31,25.61,0,"Tank6","Control"
"7682",2025-06-27 00:08:31,25.61,0,"Tank6","Control"
"7683",2025-06-27 00:13:31,25.513,0,"Tank6","Control"
"7684",2025-06-27 00:18:31,25.513,0,"Tank6","Control"
"7685",2025-06-27 00:23:31,25.513,0,"Tank6","Control"
"7686",2025-06-27 00:28:31,25.416,0,"Tank6","Control"
"7687",2025-06-27 00:33:31,25.416,0,"Tank6","Control"
"7688",2025-06-27 00:38:31,25.416,0,"Tank6","Control"
"7689",2025-06-27 00:43:31,25.513,0,"Tank6","Control"
"7690",2025-06-27 00:48:31,25.61,0,"Tank6","Control"
"7691",2025-06-27 00:53:31,25.61,0,"Tank6","Control"
"7692",2025-06-27 00:58:31,25.61,0,"Tank6","Control"
"7693",2025-06-27 01:03:31,25.513,0,"Tank6","Control"
"7694",2025-06-27 01:08:31,25.513,0,"Tank6","Control"
"7695",2025-06-27 01:13:31,25.513,0,"Tank6","Control"
"7696",2025-06-27 01:18:31,25.513,0,"Tank6","Control"
"7697",2025-06-27 01:23:31,25.513,0,"Tank6","Control"
"7698",2025-06-27 01:28:31,25.513,0,"Tank6","Control"
"7699",2025-06-27 01:33:31,25.513,0,"Tank6","Control"
"7700",2025-06-27 01:38:31,25.513,0,"Tank6","Control"
"7701",2025-06-27 01:43:31,25.513,0,"Tank6","Control"
"7702",2025-06-27 01:48:31,25.416,0,"Tank6","Control"
"7703",2025-06-27 01:53:31,25.416,0,"Tank6","Control"
"7704",2025-06-27 01:58:31,25.416,0,"Tank6","Control"
"7705",2025-06-27 02:03:31,25.416,0,"Tank6","Control"
"7706",2025-06-27 02:08:31,25.416,0,"Tank6","Control"
"7707",2025-06-27 02:13:31,25.416,0,"Tank6","Control"
"7708",2025-06-27 02:18:31,25.416,0,"Tank6","Control"
"7709",2025-06-27 02:23:31,25.416,0,"Tank6","Control"
"7710",2025-06-27 02:28:31,25.319,0,"Tank6","Control"
"7711",2025-06-27 02:33:31,25.513,0,"Tank6","Control"
"7712",2025-06-27 02:38:31,25.61,0,"Tank6","Control"
"7713",2025-06-27 02:43:31,25.61,0,"Tank6","Control"
"7714",2025-06-27 02:48:31,25.61,0,"Tank6","Control"
"7715",2025-06-27 02:53:31,25.513,0,"Tank6","Control"
"7716",2025-06-27 02:58:31,25.513,0,"Tank6","Control"
"7717",2025-06-27 03:03:31,25.513,0,"Tank6","Control"
"7718",2025-06-27 03:08:31,25.513,0,"Tank6","Control"
"7719",2025-06-27 03:13:31,25.513,0,"Tank6","Control"
"7720",2025-06-27 03:18:31,25.513,0,"Tank6","Control"
"7721",2025-06-27 03:23:31,25.513,0,"Tank6","Control"
"7722",2025-06-27 03:28:31,25.416,0,"Tank6","Control"
"7723",2025-06-27 03:33:31,25.416,0,"Tank6","Control"
"7724",2025-06-27 03:38:31,25.416,0,"Tank6","Control"
"7725",2025-06-27 03:43:31,25.416,0,"Tank6","Control"
"7726",2025-06-27 03:48:31,25.416,0,"Tank6","Control"
"7727",2025-06-27 03:53:31,25.416,0,"Tank6","Control"
"7728",2025-06-27 03:58:31,25.319,0,"Tank6","Control"
"7729",2025-06-27 04:03:31,25.513,0,"Tank6","Control"
"7730",2025-06-27 04:08:31,25.61,0,"Tank6","Control"
"7731",2025-06-27 04:13:31,25.61,0,"Tank6","Control"
"7732",2025-06-27 04:18:31,25.61,0,"Tank6","Control"
"7733",2025-06-27 04:23:31,25.513,0,"Tank6","Control"
"7734",2025-06-27 04:28:31,25.513,0,"Tank6","Control"
"7735",2025-06-27 04:33:31,25.513,0,"Tank6","Control"
"7736",2025-06-27 04:38:31,25.513,0,"Tank6","Control"
"7737",2025-06-27 04:43:31,25.513,0,"Tank6","Control"
"7738",2025-06-27 04:48:31,25.513,0,"Tank6","Control"
"7739",2025-06-27 04:53:31,25.513,0,"Tank6","Control"
"7740",2025-06-27 04:58:31,25.416,0,"Tank6","Control"
"7741",2025-06-27 05:03:31,25.416,0,"Tank6","Control"
"7742",2025-06-27 05:08:31,25.416,0,"Tank6","Control"
"7743",2025-06-27 05:13:31,25.416,0,"Tank6","Control"
"7744",2025-06-27 05:18:31,25.416,0,"Tank6","Control"
"7745",2025-06-27 05:23:31,25.416,0,"Tank6","Control"
"7746",2025-06-27 05:28:31,25.416,0,"Tank6","Control"
"7747",2025-06-27 05:33:31,25.416,0,"Tank6","Control"
"7748",2025-06-27 05:38:31,25.416,0,"Tank6","Control"
"7749",2025-06-27 05:43:31,25.319,0,"Tank6","Control"
"7750",2025-06-27 05:48:31,25.513,0,"Tank6","Control"
"7751",2025-06-27 05:53:31,25.61,0,"Tank6","Control"
"7752",2025-06-27 05:58:31,25.61,0,"Tank6","Control"
"7753",2025-06-27 06:03:31,25.61,0,"Tank6","Control"
"7754",2025-06-27 06:08:31,25.61,0,"Tank6","Control"
"7755",2025-06-27 06:13:31,25.61,0,"Tank6","Control"
"7756",2025-06-27 06:18:31,25.513,0,"Tank6","Control"
"7757",2025-06-27 06:23:31,25.513,0,"Tank6","Control"
"7758",2025-06-27 06:28:31,25.513,0,"Tank6","Control"
"7759",2025-06-27 06:33:31,25.513,0,"Tank6","Control"
"7760",2025-06-27 06:38:31,25.513,0,"Tank6","Control"
"7761",2025-06-27 06:43:31,25.513,0,"Tank6","Control"
"7762",2025-06-27 06:48:31,25.416,0,"Tank6","Control"
"7763",2025-06-27 06:53:31,25.416,0,"Tank6","Control"
"7764",2025-06-27 06:58:31,25.416,0,"Tank6","Control"
"7765",2025-06-27 07:03:31,25.416,0,"Tank6","Control"
"7766",2025-06-27 07:08:31,25.416,0,"Tank6","Control"
"7767",2025-06-27 07:13:31,25.416,0,"Tank6","Control"
"7768",2025-06-27 07:18:31,25.416,0,"Tank6","Control"
"7769",2025-06-27 07:23:31,25.416,0,"Tank6","Control"
"7770",2025-06-27 07:28:31,25.61,0,"Tank6","Control"
"7771",2025-06-27 07:33:31,25.61,0,"Tank6","Control"
"7772",2025-06-27 07:38:31,25.61,0,"Tank6","Control"
"7773",2025-06-27 07:43:31,25.513,0,"Tank6","Control"
"7774",2025-06-27 07:48:31,25.513,0,"Tank6","Control"
"7775",2025-06-27 07:53:31,25.513,0,"Tank6","Control"
"7776",2025-06-27 07:58:31,25.513,0,"Tank6","Control"
"7777",2025-06-27 08:03:31,25.513,0,"Tank6","Control"
"7778",2025-06-27 08:08:31,25.513,0,"Tank6","Control"
"7779",2025-06-27 08:13:31,25.416,0,"Tank6","Control"
"7780",2025-06-27 08:18:31,25.416,0,"Tank6","Control"
"7781",2025-06-27 08:23:31,25.416,21.5,"Tank6","Control"
"7782",2025-06-27 08:28:31,25.416,10.8,"Tank6","Control"
"7783",2025-06-27 08:33:31,25.416,43.1,"Tank6","Control"
"7784",2025-06-27 08:38:31,25.416,53.8,"Tank6","Control"
"7785",2025-06-27 08:43:31,25.416,75.3,"Tank6","Control"
"7786",2025-06-27 08:48:31,25.513,53.8,"Tank6","Control"
"7787",2025-06-27 08:53:31,25.513,64.6,"Tank6","Control"
"7788",2025-06-27 08:58:31,25.513,32.3,"Tank6","Control"
"7789",2025-06-27 09:03:31,25.513,75.3,"Tank6","Control"
"7790",2025-06-27 09:08:31,25.513,129.2,"Tank6","Control"
"7791",2025-06-27 09:13:31,25.513,107.6,"Tank6","Control"
"7792",2025-06-27 09:18:31,25.513,86.1,"Tank6","Control"
"7793",2025-06-27 09:23:31,25.416,118.4,"Tank6","Control"
"7794",2025-06-27 09:28:31,25.416,150.7,"Tank6","Control"
"7795",2025-06-27 09:33:31,25.416,139.9,"Tank6","Control"
"7796",2025-06-27 09:38:31,25.416,183,"Tank6","Control"
"7797",2025-06-27 09:43:31,25.416,215.3,"Tank6","Control"
"7798",2025-06-27 09:48:31,25.416,226,"Tank6","Control"
"7799",2025-06-27 09:53:31,25.513,204.5,"Tank6","Control"
"7800",2025-06-27 09:58:31,25.61,279.9,"Tank6","Control"
"7801",2025-06-27 10:03:31,25.513,247.6,"Tank6","Control"
"7802",2025-06-27 10:08:31,25.513,258.3,"Tank6","Control"
"7803",2025-06-27 10:13:31,25.513,236.8,"Tank6","Control"
"7804",2025-06-27 10:18:31,25.513,258.3,"Tank6","Control"
"7805",2025-06-27 10:23:31,25.513,322.9,"Tank6","Control"
"7806",2025-06-27 10:28:31,25.416,355.2,"Tank6","Control"
"7807",2025-06-27 10:33:31,25.416,333.7,"Tank6","Control"
"7808",2025-06-27 10:38:31,25.416,322.9,"Tank6","Control"
"7809",2025-06-27 10:43:31,25.416,355.2,"Tank6","Control"
"7810",2025-06-27 10:48:31,25.513,366,"Tank6","Control"
"7811",2025-06-27 10:53:31,25.61,376.7,"Tank6","Control"
"7812",2025-06-27 10:58:31,25.61,441.3,"Tank6","Control"
"7813",2025-06-27 11:03:31,25.61,409,"Tank6","Control"
"7814",2025-06-27 11:08:31,25.61,430.6,"Tank6","Control"
"7815",2025-06-27 11:13:31,25.61,409,"Tank6","Control"
"7816",2025-06-27 11:18:31,25.513,441.3,"Tank6","Control"
"7817",2025-06-27 11:23:31,25.513,441.3,"Tank6","Control"
"7818",2025-06-27 11:28:31,25.513,484.4,"Tank6","Control"
"7819",2025-06-27 11:33:31,25.513,473.6,"Tank6","Control"
"7820",2025-06-27 11:38:31,25.513,484.4,"Tank6","Control"
"7821",2025-06-27 11:43:31,25.513,527.4,"Tank6","Control"
"7822",2025-06-27 11:48:31,25.513,527.4,"Tank6","Control"
"7823",2025-06-27 11:53:31,25.416,538.2,"Tank6","Control"
"7824",2025-06-27 11:58:31,25.416,570.5,"Tank6","Control"
"7825",2025-06-27 12:03:31,25.416,559.7,"Tank6","Control"
"7826",2025-06-27 12:08:31,25.513,570.5,"Tank6","Control"
"7827",2025-06-27 12:13:31,25.61,581.3,"Tank6","Control"
"7828",2025-06-27 12:18:31,25.61,581.3,"Tank6","Control"
"7829",2025-06-27 12:23:31,25.61,538.2,"Tank6","Control"
"7830",2025-06-27 12:28:31,25.61,559.7,"Tank6","Control"
"7831",2025-06-27 12:33:31,25.61,592,"Tank6","Control"
"7832",2025-06-27 12:38:31,25.61,592,"Tank6","Control"
"7833",2025-06-27 12:43:31,25.61,549,"Tank6","Control"
"7834",2025-06-27 12:48:31,25.61,549,"Tank6","Control"
"7835",2025-06-27 12:53:31,25.61,570.5,"Tank6","Control"
"7836",2025-06-27 12:58:31,25.513,570.5,"Tank6","Control"
"7837",2025-06-27 13:03:31,25.513,549,"Tank6","Control"
"7838",2025-06-27 13:08:31,25.513,570.5,"Tank6","Control"
"7839",2025-06-27 13:13:31,25.513,559.7,"Tank6","Control"
"7840",2025-06-27 13:18:31,25.513,495.1,"Tank6","Control"
"7841",2025-06-27 13:23:31,24.931,516.7,"Tank6","Control"
"7842",2025-06-27 13:28:31,25.125,559.7,"Tank6","Control"
"7843",2025-06-27 13:33:31,25.61,613.5,"Tank6","Control"
"7844",2025-06-27 13:38:31,25.708,592,"Tank6","Control"
"7845",2025-06-27 13:43:31,25.708,570.5,"Tank6","Control"
"7846",2025-06-27 13:48:31,25.61,538.2,"Tank6","Control"
"7847",2025-06-27 13:53:31,25.61,570.5,"Tank6","Control"
"7848",2025-06-27 13:58:31,25.61,559.7,"Tank6","Control"
"7849",2025-06-27 14:03:31,25.513,559.7,"Tank6","Control"
"7850",2025-06-27 14:08:31,25.513,549,"Tank6","Control"
"7851",2025-06-27 14:13:31,25.513,559.7,"Tank6","Control"
"7852",2025-06-27 14:18:31,25.513,570.5,"Tank6","Control"
"7853",2025-06-27 14:23:31,25.513,581.3,"Tank6","Control"
"7854",2025-06-27 14:28:31,25.416,559.7,"Tank6","Control"
"7855",2025-06-27 14:33:31,25.416,559.7,"Tank6","Control"
"7856",2025-06-27 14:38:31,25.416,570.5,"Tank6","Control"
"7857",2025-06-27 14:43:31,25.416,570.5,"Tank6","Control"
"7858",2025-06-27 14:48:31,25.416,419.8,"Tank6","Control"
"7859",2025-06-27 14:53:31,25.319,419.8,"Tank6","Control"
"7860",2025-06-27 14:58:31,25.319,409,"Tank6","Control"
"7861",2025-06-27 15:03:31,25.319,495.1,"Tank6","Control"
"7862",2025-06-27 15:08:31,25.416,462.9,"Tank6","Control"
"7863",2025-06-27 15:13:31,25.513,473.6,"Tank6","Control"
"7864",2025-06-27 15:18:31,25.513,473.6,"Tank6","Control"
"7865",2025-06-27 15:23:31,25.513,462.9,"Tank6","Control"
"7866",2025-06-27 15:28:31,25.416,495.1,"Tank6","Control"
"7867",2025-06-27 15:33:31,25.416,462.9,"Tank6","Control"
"7868",2025-06-27 15:38:31,25.416,473.6,"Tank6","Control"
"7869",2025-06-27 15:43:31,25.416,495.1,"Tank6","Control"
"7870",2025-06-27 15:48:31,25.416,505.9,"Tank6","Control"
"7871",2025-06-27 15:53:31,25.319,430.6,"Tank6","Control"
"7872",2025-06-27 15:58:31,25.319,473.6,"Tank6","Control"
"7873",2025-06-27 16:03:31,25.319,462.9,"Tank6","Control"
"7874",2025-06-27 16:08:31,25.319,484.4,"Tank6","Control"
"7875",2025-06-27 16:13:31,25.319,419.8,"Tank6","Control"
"7876",2025-06-27 16:18:31,25.416,419.8,"Tank6","Control"
"7877",2025-06-27 16:23:31,25.513,419.8,"Tank6","Control"
"7878",2025-06-27 16:28:31,25.513,387.5,"Tank6","Control"
"7879",2025-06-27 16:33:31,25.513,398.3,"Tank6","Control"
"7880",2025-06-27 16:38:31,25.416,376.7,"Tank6","Control"
"7881",2025-06-27 16:43:31,25.416,322.9,"Tank6","Control"
"7882",2025-06-27 16:48:31,25.416,355.2,"Tank6","Control"
"7883",2025-06-27 16:53:31,25.416,344.4,"Tank6","Control"
"7884",2025-06-27 16:58:31,25.319,290.6,"Tank6","Control"
"7885",2025-06-27 17:03:31,25.319,279.9,"Tank6","Control"
"7886",2025-06-27 17:08:31,25.319,290.6,"Tank6","Control"
"7887",2025-06-27 17:13:31,25.319,279.9,"Tank6","Control"
"7888",2025-06-27 17:18:31,25.319,269.1,"Tank6","Control"
"7889",2025-06-27 17:23:31,25.416,258.3,"Tank6","Control"
"7890",2025-06-27 17:28:31,25.416,247.6,"Tank6","Control"
"7891",2025-06-27 17:33:31,25.416,215.3,"Tank6","Control"
"7892",2025-06-27 17:38:31,25.416,183,"Tank6","Control"
"7893",2025-06-27 17:43:31,25.319,215.3,"Tank6","Control"
"7894",2025-06-27 17:48:31,25.319,226,"Tank6","Control"
"7895",2025-06-27 17:53:31,25.319,161.5,"Tank6","Control"
"7896",2025-06-27 17:58:31,25.319,193.8,"Tank6","Control"
"7897",2025-06-27 18:03:31,25.222,172.2,"Tank6","Control"
"7898",2025-06-27 18:08:31,25.416,172.2,"Tank6","Control"
"7899",2025-06-27 18:13:31,25.513,193.8,"Tank6","Control"
"7900",2025-06-27 18:18:31,25.513,118.4,"Tank6","Control"
"7901",2025-06-27 18:23:31,25.416,96.9,"Tank6","Control"
"7902",2025-06-27 18:28:31,25.416,161.5,"Tank6","Control"
"7903",2025-06-27 18:33:31,25.416,86.1,"Tank6","Control"
"7904",2025-06-27 18:38:31,25.319,75.3,"Tank6","Control"
"7905",2025-06-27 18:43:31,25.319,75.3,"Tank6","Control"
"7906",2025-06-27 18:48:31,25.319,86.1,"Tank6","Control"
"7907",2025-06-27 18:53:31,25.319,64.6,"Tank6","Control"
"7908",2025-06-27 18:58:31,25.222,43.1,"Tank6","Control"
"7909",2025-06-27 19:03:31,25.222,75.3,"Tank6","Control"
"7910",2025-06-27 19:08:31,25.513,64.6,"Tank6","Control"
"7911",2025-06-27 19:13:31,25.513,32.3,"Tank6","Control"
"7912",2025-06-27 19:18:31,25.513,43.1,"Tank6","Control"
"7913",2025-06-27 19:23:31,25.416,21.5,"Tank6","Control"
"7914",2025-06-27 19:28:31,25.416,10.8,"Tank6","Control"
"7915",2025-06-27 19:33:31,25.416,21.5,"Tank6","Control"
"7916",2025-06-27 19:38:31,25.416,21.5,"Tank6","Control"
"7917",2025-06-27 19:43:31,25.319,0,"Tank6","Control"
"7918",2025-06-27 19:48:31,25.319,10.8,"Tank6","Control"
"7919",2025-06-27 19:53:31,25.319,0,"Tank6","Control"
"7920",2025-06-27 19:58:31,25.319,0,"Tank6","Control"
"7921",2025-06-27 20:03:31,25.222,0,"Tank6","Control"
"7922",2025-06-27 20:08:31,25.222,0,"Tank6","Control"
"7923",2025-06-27 20:13:31,25.416,0,"Tank6","Control"
"7924",2025-06-27 20:18:31,25.416,0,"Tank6","Control"
"7925",2025-06-27 20:23:31,25.416,0,"Tank6","Control"
"7926",2025-06-27 20:28:31,25.416,0,"Tank6","Control"
"7927",2025-06-27 20:33:31,25.416,0,"Tank6","Control"
"7928",2025-06-27 20:38:31,25.319,0,"Tank6","Control"
"7929",2025-06-27 20:43:31,25.319,0,"Tank6","Control"
"7930",2025-06-27 20:48:31,25.319,0,"Tank6","Control"
"7931",2025-06-27 20:53:31,25.319,0,"Tank6","Control"
"7932",2025-06-27 20:58:31,25.222,0,"Tank6","Control"
"7933",2025-06-27 21:03:31,25.319,0,"Tank6","Control"
"7934",2025-06-27 21:08:31,25.416,0,"Tank6","Control"
"7935",2025-06-27 21:13:31,25.416,0,"Tank6","Control"
"7936",2025-06-27 21:18:31,25.416,0,"Tank6","Control"
"7937",2025-06-27 21:23:31,25.416,0,"Tank6","Control"
"7938",2025-06-27 21:28:31,25.416,0,"Tank6","Control"
"7939",2025-06-27 21:33:31,25.319,0,"Tank6","Control"
"7940",2025-06-27 21:38:31,25.319,0,"Tank6","Control"
"7941",2025-06-27 21:43:31,25.319,0,"Tank6","Control"
"7942",2025-06-27 21:48:31,25.319,0,"Tank6","Control"
"7943",2025-06-27 21:53:31,25.222,0,"Tank6","Control"
"7944",2025-06-27 21:58:31,25.319,0,"Tank6","Control"
"7945",2025-06-27 22:03:31,25.416,0,"Tank6","Control"
"7946",2025-06-27 22:08:31,25.416,0,"Tank6","Control"
"7947",2025-06-27 22:13:31,25.416,0,"Tank6","Control"
"7948",2025-06-27 22:18:31,25.416,0,"Tank6","Control"
"7949",2025-06-27 22:23:31,25.416,0,"Tank6","Control"
"7950",2025-06-27 22:28:31,25.416,0,"Tank6","Control"
"7951",2025-06-27 22:33:31,25.319,0,"Tank6","Control"
"7952",2025-06-27 22:38:31,25.319,0,"Tank6","Control"
"7953",2025-06-27 22:43:31,25.319,0,"Tank6","Control"
"7954",2025-06-27 22:48:31,25.319,0,"Tank6","Control"
"7955",2025-06-27 22:53:31,25.222,0,"Tank6","Control"
"7956",2025-06-27 22:58:31,25.319,0,"Tank6","Control"
"7957",2025-06-27 23:03:31,25.416,0,"Tank6","Control"
"7958",2025-06-27 23:08:31,25.416,0,"Tank6","Control"
"7959",2025-06-27 23:13:31,25.416,0,"Tank6","Control"
"7960",2025-06-27 23:18:31,25.319,0,"Tank6","Control"
"7961",2025-06-27 23:23:31,25.319,0,"Tank6","Control"
"7962",2025-06-27 23:28:31,25.319,0,"Tank6","Control"
"7963",2025-06-27 23:33:31,25.319,0,"Tank6","Control"
"7964",2025-06-27 23:38:31,25.319,0,"Tank6","Control"
"7965",2025-06-27 23:43:31,25.319,0,"Tank6","Control"
"7966",2025-06-27 23:48:31,25.319,0,"Tank6","Control"
"7967",2025-06-27 23:53:31,25.222,0,"Tank6","Control"
"7968",2025-06-27 23:58:31,25.222,0,"Tank6","Control"
"7969",2025-06-28 00:03:31,25.222,0,"Tank6","Control"
"7970",2025-06-28 00:08:31,25.319,0,"Tank6","Control"
"7971",2025-06-28 00:13:31,25.319,0,"Tank6","Control"
"7972",2025-06-28 00:18:31,25.319,0,"Tank6","Control"
"7973",2025-06-28 00:23:31,25.319,0,"Tank6","Control"
"7974",2025-06-28 00:28:31,25.319,0,"Tank6","Control"
"7975",2025-06-28 00:33:31,25.319,0,"Tank6","Control"
"7976",2025-06-28 00:38:31,25.319,0,"Tank6","Control"
"7977",2025-06-28 00:43:31,25.222,0,"Tank6","Control"
"7978",2025-06-28 00:48:31,25.222,0,"Tank6","Control"
"7979",2025-06-28 00:53:31,25.222,0,"Tank6","Control"
"7980",2025-06-28 00:58:31,25.416,0,"Tank6","Control"
"7981",2025-06-28 01:03:31,25.416,0,"Tank6","Control"
"7982",2025-06-28 01:08:31,25.416,0,"Tank6","Control"
"7983",2025-06-28 01:13:31,25.416,0,"Tank6","Control"
"7984",2025-06-28 01:18:31,25.416,0,"Tank6","Control"
"7985",2025-06-28 01:23:31,25.319,0,"Tank6","Control"
"7986",2025-06-28 01:28:31,25.319,0,"Tank6","Control"
"7987",2025-06-28 01:33:31,25.319,0,"Tank6","Control"
"7988",2025-06-28 01:38:31,25.319,0,"Tank6","Control"
"7989",2025-06-28 01:43:31,25.319,0,"Tank6","Control"
"7990",2025-06-28 01:48:31,25.222,0,"Tank6","Control"
"7991",2025-06-28 01:53:31,25.319,0,"Tank6","Control"
"7992",2025-06-28 01:58:31,25.416,0,"Tank6","Control"
"7993",2025-06-28 02:03:31,25.416,0,"Tank6","Control"
"7994",2025-06-28 02:08:31,25.416,0,"Tank6","Control"
"7995",2025-06-28 02:13:31,25.416,0,"Tank6","Control"
"7996",2025-06-28 02:18:31,25.416,0,"Tank6","Control"
"7997",2025-06-28 02:23:31,25.416,0,"Tank6","Control"
"7998",2025-06-28 02:28:31,25.319,0,"Tank6","Control"
"7999",2025-06-28 02:33:31,25.319,0,"Tank6","Control"
"8000",2025-06-28 02:38:31,25.319,0,"Tank6","Control"
"8001",2025-06-28 02:43:31,25.319,0,"Tank6","Control"
"8002",2025-06-28 02:48:31,25.319,0,"Tank6","Control"
"8003",2025-06-28 02:53:31,25.319,0,"Tank6","Control"
"8004",2025-06-28 02:58:31,25.319,0,"Tank6","Control"
"8005",2025-06-28 03:03:31,25.319,0,"Tank6","Control"
"8006",2025-06-28 03:08:31,25.319,0,"Tank6","Control"
"8007",2025-06-28 03:13:31,25.222,0,"Tank6","Control"
"8008",2025-06-28 03:18:31,25.222,0,"Tank6","Control"
"8009",2025-06-28 03:23:31,25.416,0,"Tank6","Control"
"8010",2025-06-28 03:28:31,25.416,0,"Tank6","Control"
"8011",2025-06-28 03:33:31,25.416,0,"Tank6","Control"
"8012",2025-06-28 03:38:31,25.416,0,"Tank6","Control"
"8013",2025-06-28 03:43:31,25.416,0,"Tank6","Control"
"8014",2025-06-28 03:48:31,25.416,0,"Tank6","Control"
"8015",2025-06-28 03:53:31,25.416,0,"Tank6","Control"
"8016",2025-06-28 03:58:31,25.319,0,"Tank6","Control"
"8017",2025-06-28 04:03:31,25.319,0,"Tank6","Control"
"8018",2025-06-28 04:08:31,25.319,0,"Tank6","Control"
"8019",2025-06-28 04:13:31,25.319,0,"Tank6","Control"
"8020",2025-06-28 04:18:31,25.319,0,"Tank6","Control"
"8021",2025-06-28 04:23:31,25.319,0,"Tank6","Control"
"8022",2025-06-28 04:28:31,25.319,0,"Tank6","Control"
"8023",2025-06-28 04:33:31,25.319,0,"Tank6","Control"
"8024",2025-06-28 04:38:31,25.222,0,"Tank6","Control"
"8025",2025-06-28 04:43:31,25.222,0,"Tank6","Control"
"8026",2025-06-28 04:48:31,25.416,0,"Tank6","Control"
"8027",2025-06-28 04:53:31,25.513,0,"Tank6","Control"
"8028",2025-06-28 04:58:31,25.513,0,"Tank6","Control"
"8029",2025-06-28 05:03:31,25.416,0,"Tank6","Control"
"8030",2025-06-28 05:08:31,25.416,0,"Tank6","Control"
"8031",2025-06-28 05:13:31,25.416,0,"Tank6","Control"
"8032",2025-06-28 05:18:31,25.416,0,"Tank6","Control"
"8033",2025-06-28 05:23:31,25.416,0,"Tank6","Control"
"8034",2025-06-28 05:28:31,25.416,0,"Tank6","Control"
"8035",2025-06-28 05:33:31,25.416,0,"Tank6","Control"
"8036",2025-06-28 05:38:31,25.319,0,"Tank6","Control"
"8037",2025-06-28 05:43:31,25.319,0,"Tank6","Control"
"8038",2025-06-28 05:48:31,25.319,0,"Tank6","Control"
"8039",2025-06-28 05:53:31,25.319,0,"Tank6","Control"
"8040",2025-06-28 05:58:31,25.319,0,"Tank6","Control"
"8041",2025-06-28 06:03:31,25.222,0,"Tank6","Control"
"8042",2025-06-28 06:08:31,25.319,0,"Tank6","Control"
"8043",2025-06-28 06:13:31,25.416,0,"Tank6","Control"
"8044",2025-06-28 06:18:31,25.416,0,"Tank6","Control"
"8045",2025-06-28 06:23:31,25.416,0,"Tank6","Control"
"8046",2025-06-28 06:28:31,25.416,0,"Tank6","Control"
"8047",2025-06-28 06:33:31,25.416,0,"Tank6","Control"
"8048",2025-06-28 06:38:31,25.416,0,"Tank6","Control"
"8049",2025-06-28 06:43:31,25.319,0,"Tank6","Control"
"8050",2025-06-28 06:48:31,25.319,0,"Tank6","Control"
"8051",2025-06-28 06:53:31,25.319,0,"Tank6","Control"
"8052",2025-06-28 06:58:31,25.319,0,"Tank6","Control"
"8053",2025-06-28 07:03:31,25.222,0,"Tank6","Control"
"8054",2025-06-28 07:08:31,25.222,0,"Tank6","Control"
"8055",2025-06-28 07:13:31,25.416,0,"Tank6","Control"
"8056",2025-06-28 07:18:31,25.513,0,"Tank6","Control"
"8057",2025-06-28 07:23:31,25.416,0,"Tank6","Control"
"8058",2025-06-28 07:28:31,25.416,0,"Tank6","Control"
"8059",2025-06-28 07:33:31,25.416,0,"Tank6","Control"
"8060",2025-06-28 07:38:31,25.319,0,"Tank6","Control"
"8061",2025-06-28 07:43:31,25.319,0,"Tank6","Control"
"8062",2025-06-28 07:48:31,25.319,0,"Tank6","Control"
"8063",2025-06-28 07:53:31,25.319,0,"Tank6","Control"
"8064",2025-06-28 07:58:31,25.319,0,"Tank6","Control"
"8065",2025-06-28 08:03:31,25.319,0,"Tank6","Control"
"8066",2025-06-28 08:08:31,25.222,0,"Tank6","Control"
"8067",2025-06-28 08:13:31,25.416,10.8,"Tank6","Control"
"8068",2025-06-28 08:18:31,25.513,21.5,"Tank6","Control"
"8069",2025-06-28 08:23:31,25.416,0,"Tank6","Control"
"8070",2025-06-28 08:28:31,25.416,0,"Tank6","Control"
"8071",2025-06-28 08:33:31,25.416,0,"Tank6","Control"
"8072",2025-06-28 08:38:31,25.416,0,"Tank6","Control"
"8073",2025-06-28 08:43:31,25.416,0,"Tank6","Control"
"8074",2025-06-28 08:48:31,25.416,0,"Tank6","Control"
"8075",2025-06-28 08:53:31,25.319,0,"Tank6","Control"
"8076",2025-06-28 08:58:31,25.319,0,"Tank6","Control"
"8077",2025-06-28 09:03:31,25.319,0,"Tank6","Control"
"8078",2025-06-28 09:08:31,25.319,0,"Tank6","Control"
"8079",2025-06-28 09:13:31,25.319,96.9,"Tank6","Control"
"8080",2025-06-28 09:18:31,25.319,107.6,"Tank6","Control"
"8081",2025-06-28 09:23:31,25.319,172.2,"Tank6","Control"
"8082",2025-06-28 09:28:31,25.222,118.4,"Tank6","Control"
"8083",2025-06-28 09:33:31,25.319,204.5,"Tank6","Control"
"8084",2025-06-28 09:38:31,25.416,129.2,"Tank6","Control"
"8085",2025-06-28 09:43:31,25.416,150.7,"Tank6","Control"
"8086",2025-06-28 09:48:31,25.416,204.5,"Tank6","Control"
"8087",2025-06-28 09:53:31,25.416,172.2,"Tank6","Control"
"8088",2025-06-28 09:58:31,25.416,226,"Tank6","Control"
"8089",2025-06-28 10:03:31,25.416,236.8,"Tank6","Control"
"8090",2025-06-28 10:08:31,25.416,247.6,"Tank6","Control"
"8091",2025-06-28 10:13:31,25.319,247.6,"Tank6","Control"
"8092",2025-06-28 10:18:31,25.319,258.3,"Tank6","Control"
"8093",2025-06-28 10:23:31,25.319,236.8,"Tank6","Control"
"8094",2025-06-28 10:28:31,25.222,279.9,"Tank6","Control"
"8095",2025-06-28 10:33:31,25.513,226,"Tank6","Control"
"8096",2025-06-28 10:38:31,25.513,279.9,"Tank6","Control"
"8097",2025-06-28 10:43:31,25.513,290.6,"Tank6","Control"
"8098",2025-06-28 10:48:31,25.513,322.9,"Tank6","Control"
"8099",2025-06-28 10:53:31,25.416,301.4,"Tank6","Control"
"8100",2025-06-28 10:58:31,25.416,301.4,"Tank6","Control"
"8101",2025-06-28 11:03:31,25.416,322.9,"Tank6","Control"
"8102",2025-06-28 11:08:31,25.416,333.7,"Tank6","Control"
"8103",2025-06-28 11:13:31,25.319,333.7,"Tank6","Control"
"8104",2025-06-28 11:18:31,25.319,355.2,"Tank6","Control"
"8105",2025-06-28 11:23:31,25.319,376.7,"Tank6","Control"
"8106",2025-06-28 11:28:31,25.319,387.5,"Tank6","Control"
"8107",2025-06-28 11:33:31,25.319,376.7,"Tank6","Control"
"8108",2025-06-28 11:38:31,25.222,409,"Tank6","Control"
"8109",2025-06-28 11:43:31,25.416,387.5,"Tank6","Control"
"8110",2025-06-28 11:48:31,25.513,441.3,"Tank6","Control"
"8111",2025-06-28 11:53:31,25.513,441.3,"Tank6","Control"
"8112",2025-06-28 11:58:31,25.513,430.6,"Tank6","Control"
"8113",2025-06-28 12:03:31,25.416,473.6,"Tank6","Control"
"8114",2025-06-28 12:08:31,25.416,452.1,"Tank6","Control"
"8115",2025-06-28 12:13:31,25.416,452.1,"Tank6","Control"
"8116",2025-06-28 12:18:31,25.416,484.4,"Tank6","Control"
"8117",2025-06-28 12:23:31,25.416,452.1,"Tank6","Control"
"8118",2025-06-28 12:28:31,25.416,452.1,"Tank6","Control"
"8119",2025-06-28 12:33:31,25.319,441.3,"Tank6","Control"
"8120",2025-06-28 12:38:31,25.319,452.1,"Tank6","Control"
"8121",2025-06-28 12:43:31,25.319,430.6,"Tank6","Control"
"8122",2025-06-28 12:48:31,25.319,473.6,"Tank6","Control"
"8123",2025-06-28 12:53:31,25.319,505.9,"Tank6","Control"
"8124",2025-06-28 12:58:31,25.319,473.6,"Tank6","Control"
"8125",2025-06-28 13:03:31,25.319,516.7,"Tank6","Control"
"8126",2025-06-28 13:08:31,25.319,462.9,"Tank6","Control"
"8127",2025-06-28 13:13:31,25.319,495.1,"Tank6","Control"
"8128",2025-06-28 13:18:31,25.319,473.6,"Tank6","Control"
"8129",2025-06-28 13:23:31,25.319,473.6,"Tank6","Control"
"8130",2025-06-28 13:28:31,25.222,505.9,"Tank6","Control"
"8131",2025-06-28 13:33:31,25.222,462.9,"Tank6","Control"
"8132",2025-06-28 13:38:31,25.222,473.6,"Tank6","Control"
"8133",2025-06-28 13:43:31,25.222,505.9,"Tank6","Control"
"8134",2025-06-28 13:48:31,25.222,473.6,"Tank6","Control"
"8135",2025-06-28 13:53:31,25.222,505.9,"Tank6","Control"
"8136",2025-06-28 13:58:31,25.222,516.7,"Tank6","Control"
"8137",2025-06-28 14:03:31,25.222,484.4,"Tank6","Control"
"8138",2025-06-28 14:08:31,25.222,484.4,"Tank6","Control"
"8139",2025-06-28 14:13:31,25.222,505.9,"Tank6","Control"
"8140",2025-06-28 14:18:31,25.222,505.9,"Tank6","Control"
"8141",2025-06-28 14:23:31,25.416,473.6,"Tank6","Control"
"8142",2025-06-28 14:28:31,25.416,495.1,"Tank6","Control"
"8143",2025-06-28 14:33:31,25.416,495.1,"Tank6","Control"
"8144",2025-06-28 14:38:31,25.416,473.6,"Tank6","Control"
"8145",2025-06-28 14:43:31,25.319,484.4,"Tank6","Control"
"8146",2025-06-28 14:48:31,25.319,505.9,"Tank6","Control"
"8147",2025-06-28 14:53:31,25.319,473.6,"Tank6","Control"
"8148",2025-06-28 14:58:31,25.319,495.1,"Tank6","Control"
"8149",2025-06-28 15:03:31,25.319,484.4,"Tank6","Control"
"8150",2025-06-28 15:08:31,25.319,495.1,"Tank6","Control"
"8151",2025-06-28 15:13:31,25.319,484.4,"Tank6","Control"
"8152",2025-06-28 15:18:31,25.222,505.9,"Tank6","Control"
"8153",2025-06-28 15:23:31,25.222,505.9,"Tank6","Control"
"8154",2025-06-28 15:28:31,25.222,516.7,"Tank6","Control"
"8155",2025-06-28 15:33:31,25.222,495.1,"Tank6","Control"
"8156",2025-06-28 15:38:31,25.222,473.6,"Tank6","Control"
"8157",2025-06-28 15:43:31,25.222,495.1,"Tank6","Control"
"8158",2025-06-28 15:48:31,25.222,462.9,"Tank6","Control"
"8159",2025-06-28 15:53:31,25.222,495.1,"Tank6","Control"
"8160",2025-06-28 15:58:31,25.222,484.4,"Tank6","Control"
"8161",2025-06-28 16:03:31,25.319,462.9,"Tank6","Control"
"8162",2025-06-28 16:08:31,25.416,452.1,"Tank6","Control"
"8163",2025-06-28 16:13:31,25.416,462.9,"Tank6","Control"
"8164",2025-06-28 16:18:31,25.319,441.3,"Tank6","Control"
"8165",2025-06-28 16:23:31,25.319,430.6,"Tank6","Control"
"8166",2025-06-28 16:28:31,25.319,441.3,"Tank6","Control"
"8167",2025-06-28 16:33:31,25.319,387.5,"Tank6","Control"
"8168",2025-06-28 16:38:31,25.319,419.8,"Tank6","Control"
"8169",2025-06-28 16:43:31,25.319,398.3,"Tank6","Control"
"8170",2025-06-28 16:48:31,25.319,387.5,"Tank6","Control"
"8171",2025-06-28 16:53:31,25.319,366,"Tank6","Control"
"8172",2025-06-28 16:58:31,25.222,333.7,"Tank6","Control"
"8173",2025-06-28 17:03:31,25.222,301.4,"Tank6","Control"
"8174",2025-06-28 17:08:31,25.222,333.7,"Tank6","Control"
"8175",2025-06-28 17:13:31,25.222,333.7,"Tank6","Control"
"8176",2025-06-28 17:18:31,25.222,301.4,"Tank6","Control"
"8177",2025-06-28 17:23:31,25.222,290.6,"Tank6","Control"
"8178",2025-06-28 17:28:31,25.222,279.9,"Tank6","Control"
"8179",2025-06-28 17:33:31,25.125,226,"Tank6","Control"
"8180",2025-06-28 17:38:31,25.319,215.3,"Tank6","Control"
"8181",2025-06-28 17:43:31,25.416,247.6,"Tank6","Control"
"8182",2025-06-28 17:48:31,25.416,247.6,"Tank6","Control"
"8183",2025-06-28 17:53:31,25.319,279.9,"Tank6","Control"
"8184",2025-06-28 17:58:31,25.319,236.8,"Tank6","Control"
"8185",2025-06-28 18:03:31,25.319,172.2,"Tank6","Control"
"8186",2025-06-28 18:08:31,25.319,236.8,"Tank6","Control"
"8187",2025-06-28 18:13:31,25.319,172.2,"Tank6","Control"
"8188",2025-06-28 18:18:31,25.319,139.9,"Tank6","Control"
"8189",2025-06-28 18:23:31,25.222,139.9,"Tank6","Control"
"8190",2025-06-28 18:28:31,25.222,118.4,"Tank6","Control"
"8191",2025-06-28 18:33:31,25.222,150.7,"Tank6","Control"
"8192",2025-06-28 18:38:31,25.222,118.4,"Tank6","Control"
"8193",2025-06-28 18:43:31,25.222,86.1,"Tank6","Control"
"8194",2025-06-28 18:48:31,25.222,107.6,"Tank6","Control"
"8195",2025-06-28 18:53:31,25.125,96.9,"Tank6","Control"
"8196",2025-06-28 18:58:31,25.125,86.1,"Tank6","Control"
"8197",2025-06-28 19:03:31,25.319,32.3,"Tank6","Control"
"8198",2025-06-28 19:08:31,25.319,86.1,"Tank6","Control"
"8199",2025-06-28 19:13:31,25.319,32.3,"Tank6","Control"
"8200",2025-06-28 19:18:31,25.319,21.5,"Tank6","Control"
"8201",2025-06-28 19:23:31,25.319,53.8,"Tank6","Control"
"8202",2025-06-28 19:28:31,25.319,21.5,"Tank6","Control"
"8203",2025-06-28 19:33:31,25.319,10.8,"Tank6","Control"
"8204",2025-06-28 19:38:31,25.222,10.8,"Tank6","Control"
"8205",2025-06-28 19:43:31,25.222,21.5,"Tank6","Control"
"8206",2025-06-28 19:48:31,25.222,0,"Tank6","Control"
"8207",2025-06-28 19:53:31,25.222,0,"Tank6","Control"
"8208",2025-06-28 19:58:31,25.125,0,"Tank6","Control"
"8209",2025-06-28 20:03:31,25.125,0,"Tank6","Control"
"8210",2025-06-28 20:08:31,25.222,0,"Tank6","Control"
"8211",2025-06-28 20:13:31,25.319,0,"Tank6","Control"
"8212",2025-06-28 20:18:31,25.319,0,"Tank6","Control"
"8213",2025-06-28 20:23:31,25.319,0,"Tank6","Control"
"8214",2025-06-28 20:28:31,25.319,0,"Tank6","Control"
"8215",2025-06-28 20:33:31,25.319,0,"Tank6","Control"
"8216",2025-06-28 20:38:31,25.222,0,"Tank6","Control"
"8217",2025-06-28 20:43:31,25.222,0,"Tank6","Control"
"8218",2025-06-28 20:48:31,25.222,0,"Tank6","Control"
"8219",2025-06-28 20:53:31,25.222,0,"Tank6","Control"
"8220",2025-06-28 20:58:31,25.125,0,"Tank6","Control"
"8221",2025-06-28 21:03:31,25.125,0,"Tank6","Control"
"8222",2025-06-28 21:08:31,25.319,0,"Tank6","Control"
"8223",2025-06-28 21:13:31,25.319,0,"Tank6","Control"
"8224",2025-06-28 21:18:31,25.319,0,"Tank6","Control"
"8225",2025-06-28 21:23:31,25.319,0,"Tank6","Control"
"8226",2025-06-28 21:28:31,25.222,0,"Tank6","Control"
"8227",2025-06-28 21:33:31,25.222,0,"Tank6","Control"
"8228",2025-06-28 21:38:31,25.222,0,"Tank6","Control"
"8229",2025-06-28 21:43:31,25.222,0,"Tank6","Control"
"8230",2025-06-28 21:48:31,25.125,0,"Tank6","Control"
"8231",2025-06-28 21:53:31,25.125,0,"Tank6","Control"
"8232",2025-06-28 21:58:31,25.319,0,"Tank6","Control"
"8233",2025-06-28 22:03:31,25.319,0,"Tank6","Control"
"8234",2025-06-28 22:08:31,25.319,0,"Tank6","Control"
"8235",2025-06-28 22:13:31,25.319,0,"Tank6","Control"
"8236",2025-06-28 22:18:31,25.222,0,"Tank6","Control"
"8237",2025-06-28 22:23:31,25.222,0,"Tank6","Control"
"8238",2025-06-28 22:28:31,25.222,0,"Tank6","Control"
"8239",2025-06-28 22:33:31,25.222,0,"Tank6","Control"
"8240",2025-06-28 22:38:31,25.125,0,"Tank6","Control"
"8241",2025-06-28 22:43:31,25.125,0,"Tank6","Control"
"8242",2025-06-28 22:48:31,25.125,0,"Tank6","Control"
"8243",2025-06-28 22:53:31,25.319,0,"Tank6","Control"
"8244",2025-06-28 22:58:31,25.319,0,"Tank6","Control"
"8245",2025-06-28 23:03:31,25.319,0,"Tank6","Control"
"8246",2025-06-28 23:08:31,25.319,0,"Tank6","Control"
"8247",2025-06-28 23:13:31,25.319,0,"Tank6","Control"
"8248",2025-06-28 23:18:31,25.222,0,"Tank6","Control"
"8249",2025-06-28 23:23:31,25.222,0,"Tank6","Control"
"8250",2025-06-28 23:28:31,25.222,0,"Tank6","Control"
"8251",2025-06-28 23:33:31,25.222,0,"Tank6","Control"
"8252",2025-06-28 23:38:31,25.222,0,"Tank6","Control"
"8253",2025-06-28 23:43:31,25.125,0,"Tank6","Control"
"8254",2025-06-28 23:48:31,25.125,0,"Tank6","Control"
"8255",2025-06-28 23:53:31,25.319,0,"Tank6","Control"
"8256",2025-06-28 23:58:31,25.319,0,"Tank6","Control"
"8257",2025-06-29 00:03:31,25.319,0,"Tank6","Control"
"8258",2025-06-29 00:08:31,25.319,0,"Tank6","Control"
"8259",2025-06-29 00:13:31,25.319,0,"Tank6","Control"
"8260",2025-06-29 00:18:31,25.319,0,"Tank6","Control"
"8261",2025-06-29 00:23:31,25.222,0,"Tank6","Control"
"8262",2025-06-29 00:28:31,25.222,0,"Tank6","Control"
"8263",2025-06-29 00:33:31,25.222,0,"Tank6","Control"
"8264",2025-06-29 00:38:31,25.222,0,"Tank6","Control"
"8265",2025-06-29 00:43:31,25.222,0,"Tank6","Control"
"8266",2025-06-29 00:48:31,25.125,0,"Tank6","Control"
"8267",2025-06-29 00:53:31,25.125,0,"Tank6","Control"
"8268",2025-06-29 00:58:31,25.125,0,"Tank6","Control"
"8269",2025-06-29 01:03:31,25.319,0,"Tank6","Control"
"8270",2025-06-29 01:08:31,25.319,0,"Tank6","Control"
"8271",2025-06-29 01:13:31,25.319,0,"Tank6","Control"
"8272",2025-06-29 01:18:31,25.319,0,"Tank6","Control"
"8273",2025-06-29 01:23:31,25.319,0,"Tank6","Control"
"8274",2025-06-29 01:28:31,25.222,0,"Tank6","Control"
"8275",2025-06-29 01:33:31,25.222,0,"Tank6","Control"
"8276",2025-06-29 01:38:31,25.222,0,"Tank6","Control"
"8277",2025-06-29 01:43:31,25.222,0,"Tank6","Control"
"8278",2025-06-29 01:48:31,25.222,0,"Tank6","Control"
"8279",2025-06-29 01:53:31,25.125,0,"Tank6","Control"
"8280",2025-06-29 01:58:31,25.222,0,"Tank6","Control"
"8281",2025-06-29 02:03:31,25.222,0,"Tank6","Control"
"8282",2025-06-29 02:08:31,25.222,0,"Tank6","Control"
"8283",2025-06-29 02:13:31,25.222,0,"Tank6","Control"
"8284",2025-06-29 02:18:31,25.222,0,"Tank6","Control"
"8285",2025-06-29 02:23:31,25.222,0,"Tank6","Control"
"8286",2025-06-29 02:28:31,25.125,0,"Tank6","Control"
"8287",2025-06-29 02:33:31,25.125,0,"Tank6","Control"
"8288",2025-06-29 02:38:31,25.319,0,"Tank6","Control"
"8289",2025-06-29 02:43:31,25.416,0,"Tank6","Control"
"8290",2025-06-29 02:48:31,25.319,0,"Tank6","Control"
"8291",2025-06-29 02:53:31,25.319,0,"Tank6","Control"
"8292",2025-06-29 02:58:31,25.319,0,"Tank6","Control"
"8293",2025-06-29 03:03:31,25.319,0,"Tank6","Control"
"8294",2025-06-29 03:08:31,25.319,0,"Tank6","Control"
"8295",2025-06-29 03:13:31,25.222,0,"Tank6","Control"
"8296",2025-06-29 03:18:31,25.222,0,"Tank6","Control"
"8297",2025-06-29 03:23:31,25.222,0,"Tank6","Control"
"8298",2025-06-29 03:28:31,25.222,0,"Tank6","Control"
"8299",2025-06-29 03:33:31,25.125,0,"Tank6","Control"
"8300",2025-06-29 03:38:31,25.125,0,"Tank6","Control"
"8301",2025-06-29 03:43:31,25.222,0,"Tank6","Control"
"8302",2025-06-29 03:48:31,25.319,0,"Tank6","Control"
"8303",2025-06-29 03:53:31,25.319,0,"Tank6","Control"
"8304",2025-06-29 03:58:31,25.319,0,"Tank6","Control"
"8305",2025-06-29 04:03:31,25.319,0,"Tank6","Control"
"8306",2025-06-29 04:08:31,25.319,0,"Tank6","Control"
"8307",2025-06-29 04:13:31,25.319,0,"Tank6","Control"
"8308",2025-06-29 04:18:31,25.222,0,"Tank6","Control"
"8309",2025-06-29 04:23:31,25.222,0,"Tank6","Control"
"8310",2025-06-29 04:28:31,25.222,0,"Tank6","Control"
"8311",2025-06-29 04:33:31,25.222,0,"Tank6","Control"
"8312",2025-06-29 04:38:31,25.125,0,"Tank6","Control"
"8313",2025-06-29 04:43:31,25.125,0,"Tank6","Control"
"8314",2025-06-29 04:48:31,25.125,0,"Tank6","Control"
"8315",2025-06-29 04:53:31,25.222,0,"Tank6","Control"
"8316",2025-06-29 04:58:31,25.222,0,"Tank6","Control"
"8317",2025-06-29 05:03:31,25.222,0,"Tank6","Control"
"8318",2025-06-29 05:08:31,25.222,0,"Tank6","Control"
"8319",2025-06-29 05:13:31,25.125,0,"Tank6","Control"
"8320",2025-06-29 05:18:31,25.125,0,"Tank6","Control"
"8321",2025-06-29 05:23:31,25.125,0,"Tank6","Control"
"8322",2025-06-29 05:28:31,25.319,0,"Tank6","Control"
"8323",2025-06-29 05:33:31,25.319,0,"Tank6","Control"
"8324",2025-06-29 05:38:31,25.319,0,"Tank6","Control"
"8325",2025-06-29 05:43:31,25.319,0,"Tank6","Control"
"8326",2025-06-29 05:48:31,25.319,0,"Tank6","Control"
"8327",2025-06-29 05:53:31,25.319,0,"Tank6","Control"
"8328",2025-06-29 05:58:31,25.222,0,"Tank6","Control"
"8329",2025-06-29 06:03:31,25.222,0,"Tank6","Control"
"8330",2025-06-29 06:08:31,25.222,0,"Tank6","Control"
"8331",2025-06-29 06:13:31,25.222,0,"Tank6","Control"
"8332",2025-06-29 06:18:31,25.125,0,"Tank6","Control"
"8333",2025-06-29 06:23:31,25.125,0,"Tank6","Control"
"8334",2025-06-29 06:28:31,25.125,0,"Tank6","Control"
"8335",2025-06-29 06:33:31,25.319,0,"Tank6","Control"
"8336",2025-06-29 06:38:31,25.319,0,"Tank6","Control"
"8337",2025-06-29 06:43:31,25.319,0,"Tank6","Control"
"8338",2025-06-29 06:48:31,25.319,0,"Tank6","Control"
"8339",2025-06-29 06:53:31,25.319,0,"Tank6","Control"
"8340",2025-06-29 06:58:31,25.222,0,"Tank6","Control"
"8341",2025-06-29 07:03:31,25.222,0,"Tank6","Control"
"8342",2025-06-29 07:08:31,25.222,0,"Tank6","Control"
"8343",2025-06-29 07:13:31,25.222,0,"Tank6","Control"
"8344",2025-06-29 07:18:31,25.125,0,"Tank6","Control"
"8345",2025-06-29 07:23:31,25.125,0,"Tank6","Control"
"8346",2025-06-29 07:28:31,25.222,0,"Tank6","Control"
"8347",2025-06-29 07:33:31,25.319,0,"Tank6","Control"
"8348",2025-06-29 07:38:31,25.319,0,"Tank6","Control"
"8349",2025-06-29 07:43:31,25.319,0,"Tank6","Control"
"8350",2025-06-29 07:48:31,25.319,0,"Tank6","Control"
"8351",2025-06-29 07:53:31,25.222,0,"Tank6","Control"
"8352",2025-06-29 07:58:31,25.222,0,"Tank6","Control"
"8353",2025-06-29 08:03:31,25.222,0,"Tank6","Control"
"8354",2025-06-29 08:08:31,25.125,0,"Tank6","Control"
"8355",2025-06-29 08:13:31,25.125,0,"Tank6","Control"
"8356",2025-06-29 08:18:31,25.222,10.8,"Tank6","Control"
"8357",2025-06-29 08:23:31,25.319,43.1,"Tank6","Control"
"8358",2025-06-29 08:28:31,25.319,10.8,"Tank6","Control"
"8359",2025-06-29 08:33:31,25.319,10.8,"Tank6","Control"
"8360",2025-06-29 08:38:31,25.319,64.6,"Tank6","Control"
"8361",2025-06-29 08:43:31,25.222,32.3,"Tank6","Control"
"8362",2025-06-29 08:48:31,25.222,32.3,"Tank6","Control"
"8363",2025-06-29 08:53:31,25.222,32.3,"Tank6","Control"
"8364",2025-06-29 08:58:31,25.222,53.8,"Tank6","Control"
"8365",2025-06-29 09:03:31,25.222,32.3,"Tank6","Control"
"8366",2025-06-29 09:08:31,25.125,118.4,"Tank6","Control"
"8367",2025-06-29 09:13:31,25.222,96.9,"Tank6","Control"
"8368",2025-06-29 09:18:31,25.319,129.2,"Tank6","Control"
"8369",2025-06-29 09:23:31,25.319,86.1,"Tank6","Control"
"8370",2025-06-29 09:28:31,25.319,139.9,"Tank6","Control"
"8371",2025-06-29 09:33:31,25.319,150.7,"Tank6","Control"
"8372",2025-06-29 09:38:31,25.319,0,"Tank6","Control"
"8373",2025-06-29 09:43:31,25.222,0,"Tank6","Control"
"8374",2025-06-29 09:48:31,25.222,0,"Tank6","Control"
"8375",2025-06-29 09:53:31,25.222,0,"Tank6","Control"
"8376",2025-06-29 09:58:31,25.222,0,"Tank6","Control"
"8377",2025-06-29 10:03:31,25.222,0,"Tank6","Control"
"8378",2025-06-29 10:08:31,25.125,0,"Tank6","Control"
"8379",2025-06-29 10:13:31,25.125,0,"Tank6","Control"
"8380",2025-06-29 10:18:31,25.319,0,"Tank6","Control"
"8381",2025-06-29 10:23:31,25.319,0,"Tank6","Control"
"8382",2025-06-29 10:28:31,25.319,0,"Tank6","Control"
"8383",2025-06-29 10:33:31,25.319,0,"Tank6","Control"
"8384",2025-06-29 10:38:31,25.319,0,"Tank6","Control"
"8385",2025-06-29 10:43:31,25.319,0,"Tank6","Control"
"8386",2025-06-29 10:48:31,25.319,301.4,"Tank6","Control"
"8387",2025-06-29 10:53:31,25.319,398.3,"Tank6","Control"
"8388",2025-06-29 10:58:31,25.222,398.3,"Tank6","Control"
"8389",2025-06-29 11:03:31,25.222,409,"Tank6","Control"
"8390",2025-06-29 11:08:31,25.222,419.8,"Tank6","Control"
"8391",2025-06-29 11:13:31,25.222,452.1,"Tank6","Control"
"8392",2025-06-29 11:18:31,25.222,473.6,"Tank6","Control"
"8393",2025-06-29 11:23:31,25.125,452.1,"Tank6","Control"
"8394",2025-06-29 11:28:31,25.222,462.9,"Tank6","Control"
"8395",2025-06-29 11:33:31,25.319,495.1,"Tank6","Control"
"8396",2025-06-29 11:38:31,25.319,484.4,"Tank6","Control"
"8397",2025-06-29 11:43:31,25.319,527.4,"Tank6","Control"
"8398",2025-06-29 11:48:31,25.319,527.4,"Tank6","Control"
"8399",2025-06-29 11:53:31,25.222,559.7,"Tank6","Control"
"8400",2025-06-29 11:58:31,25.222,549,"Tank6","Control"
"8401",2025-06-29 12:03:31,25.222,549,"Tank6","Control"
"8402",2025-06-29 12:08:31,25.222,592,"Tank6","Control"
"8403",2025-06-29 12:13:31,25.222,581.3,"Tank6","Control"
"8404",2025-06-29 12:18:31,25.222,559.7,"Tank6","Control"
"8405",2025-06-29 12:23:31,25.222,538.2,"Tank6","Control"
"8406",2025-06-29 12:28:31,25.222,559.7,"Tank6","Control"
"8407",2025-06-29 12:33:31,25.319,549,"Tank6","Control"
"8408",2025-06-29 12:38:31,25.416,559.7,"Tank6","Control"
"8409",2025-06-29 12:43:31,25.416,549,"Tank6","Control"
"8410",2025-06-29 12:48:31,25.319,592,"Tank6","Control"
"8411",2025-06-29 12:53:31,25.319,581.3,"Tank6","Control"
"8412",2025-06-29 12:58:31,25.319,592,"Tank6","Control"
"8413",2025-06-29 13:03:31,25.319,570.5,"Tank6","Control"
"8414",2025-06-29 13:08:31,25.319,559.7,"Tank6","Control"
"8415",2025-06-29 13:13:31,25.319,570.5,"Tank6","Control"
"8416",2025-06-29 13:18:31,25.319,570.5,"Tank6","Control"
"8417",2025-06-29 13:23:31,25.222,581.3,"Tank6","Control"
"8418",2025-06-29 13:28:31,25.222,581.3,"Tank6","Control"
"8419",2025-06-29 13:33:31,25.222,549,"Tank6","Control"
"8420",2025-06-29 13:38:31,25.222,581.3,"Tank6","Control"
"8421",2025-06-29 13:43:31,25.222,592,"Tank6","Control"
"8422",2025-06-29 13:48:31,25.222,527.4,"Tank6","Control"
"8423",2025-06-29 13:53:31,25.222,549,"Tank6","Control"
"8424",2025-06-29 13:58:31,25.222,559.7,"Tank6","Control"
"8425",2025-06-29 14:03:31,25.319,570.5,"Tank6","Control"
"8426",2025-06-29 14:08:31,25.416,581.3,"Tank6","Control"
"8427",2025-06-29 14:13:31,25.416,570.5,"Tank6","Control"
"8428",2025-06-29 14:18:31,25.319,549,"Tank6","Control"
"8429",2025-06-29 14:23:31,25.319,559.7,"Tank6","Control"
"8430",2025-06-29 14:28:31,25.319,570.5,"Tank6","Control"
"8431",2025-06-29 14:33:31,25.319,570.5,"Tank6","Control"
"8432",2025-06-29 14:38:31,25.319,581.3,"Tank6","Control"
"8433",2025-06-29 14:43:31,25.319,538.2,"Tank6","Control"
"8434",2025-06-29 14:48:31,25.319,592,"Tank6","Control"
"8435",2025-06-29 14:53:31,25.222,570.5,"Tank6","Control"
"8436",2025-06-29 14:58:31,25.222,581.3,"Tank6","Control"
"8437",2025-06-29 15:03:31,25.222,570.5,"Tank6","Control"
"8438",2025-06-29 15:08:31,25.222,570.5,"Tank6","Control"
"8439",2025-06-29 15:13:31,25.222,549,"Tank6","Control"
"8440",2025-06-29 15:18:31,25.222,559.7,"Tank6","Control"
"8441",2025-06-29 15:23:31,25.222,559.7,"Tank6","Control"
"8442",2025-06-29 15:28:31,25.222,570.5,"Tank6","Control"
"8443",2025-06-29 15:33:31,25.222,559.7,"Tank6","Control"
"8444",2025-06-29 15:38:31,25.319,570.5,"Tank6","Control"
"8445",2025-06-29 15:43:31,25.416,570.5,"Tank6","Control"
"8446",2025-06-29 15:48:31,25.319,538.2,"Tank6","Control"
"8447",2025-06-29 15:53:31,25.319,549,"Tank6","Control"
"8448",2025-06-29 15:58:31,25.319,581.3,"Tank6","Control"
"8449",2025-06-29 16:03:31,25.319,570.5,"Tank6","Control"
"8450",2025-06-29 16:08:31,25.319,516.7,"Tank6","Control"
"8451",2025-06-29 16:13:31,25.319,538.2,"Tank6","Control"
"8452",2025-06-29 16:18:31,25.319,538.2,"Tank6","Control"
"8453",2025-06-29 16:23:31,25.319,495.1,"Tank6","Control"
"8454",2025-06-29 16:28:31,25.222,495.1,"Tank6","Control"
"8455",2025-06-29 16:33:31,25.222,441.3,"Tank6","Control"
"8456",2025-06-29 16:38:31,25.222,441.3,"Tank6","Control"
"8457",2025-06-29 16:43:31,25.222,430.6,"Tank6","Control"
"8458",2025-06-29 16:48:31,25.222,409,"Tank6","Control"
"8459",2025-06-29 16:53:31,25.222,387.5,"Tank6","Control"
"8460",2025-06-29 16:58:31,25.125,430.6,"Tank6","Control"
"8461",2025-06-29 17:03:31,25.319,376.7,"Tank6","Control"
"8462",2025-06-29 17:08:31,25.319,398.3,"Tank6","Control"
"8463",2025-06-29 17:13:31,25.319,344.4,"Tank6","Control"
"8464",2025-06-29 17:18:31,25.319,333.7,"Tank6","Control"
"8465",2025-06-29 17:23:31,25.319,333.7,"Tank6","Control"
"8466",2025-06-29 17:28:31,25.319,322.9,"Tank6","Control"
"8467",2025-06-29 17:33:31,25.222,301.4,"Tank6","Control"
"8468",2025-06-29 17:38:31,25.222,290.6,"Tank6","Control"
"8469",2025-06-29 17:43:31,25.222,236.8,"Tank6","Control"
"8470",2025-06-29 17:48:31,25.222,322.9,"Tank6","Control"
"8471",2025-06-29 17:53:31,25.125,269.1,"Tank6","Control"
"8472",2025-06-29 17:58:31,25.319,215.3,"Tank6","Control"
"8473",2025-06-29 18:03:31,25.319,290.6,"Tank6","Control"
"8474",2025-06-29 18:08:31,25.319,226,"Tank6","Control"
"8475",2025-06-29 18:13:31,25.319,226,"Tank6","Control"
"8476",2025-06-29 18:18:31,25.319,193.8,"Tank6","Control"
"8477",2025-06-29 18:23:31,25.222,150.7,"Tank6","Control"
"8478",2025-06-29 18:28:31,25.222,183,"Tank6","Control"
"8479",2025-06-29 18:33:31,25.222,129.2,"Tank6","Control"
"8480",2025-06-29 18:38:31,25.222,193.8,"Tank6","Control"
"8481",2025-06-29 18:43:31,25.125,118.4,"Tank6","Control"
"8482",2025-06-29 18:48:31,25.222,161.5,"Tank6","Control"
"8483",2025-06-29 18:53:31,25.319,64.6,"Tank6","Control"
"8484",2025-06-29 18:58:31,25.319,75.3,"Tank6","Control"
"8485",2025-06-29 19:03:31,25.319,86.1,"Tank6","Control"
"8486",2025-06-29 19:08:31,25.319,32.3,"Tank6","Control"
"8487",2025-06-29 19:13:31,25.222,86.1,"Tank6","Control"
"8488",2025-06-29 19:18:31,25.222,43.1,"Tank6","Control"
"8489",2025-06-29 19:23:31,25.222,64.6,"Tank6","Control"
"8490",2025-06-29 19:28:31,25.222,0,"Tank6","Control"
"8491",2025-06-29 19:33:31,25.125,32.3,"Tank6","Control"
"8492",2025-06-29 19:38:31,25.125,0,"Tank6","Control"
"8493",2025-06-29 19:43:31,25.319,21.5,"Tank6","Control"
"8494",2025-06-29 19:48:31,25.319,0,"Tank6","Control"
"8495",2025-06-29 19:53:31,25.319,0,"Tank6","Control"
"8496",2025-06-29 19:58:31,25.222,0,"Tank6","Control"
"8497",2025-06-29 20:03:31,25.222,0,"Tank6","Control"
"8498",2025-06-29 20:08:31,25.222,0,"Tank6","Control"
"8499",2025-06-29 20:13:31,25.222,0,"Tank6","Control"
"8500",2025-06-29 20:18:31,25.125,0,"Tank6","Control"
"8501",2025-06-29 20:23:31,25.125,0,"Tank6","Control"
"8502",2025-06-29 20:28:31,25.319,0,"Tank6","Control"
"8503",2025-06-29 20:33:31,25.319,0,"Tank6","Control"
"8504",2025-06-29 20:38:31,25.319,0,"Tank6","Control"
"8505",2025-06-29 20:43:31,25.319,0,"Tank6","Control"
"8506",2025-06-29 20:48:31,25.319,0,"Tank6","Control"
"8507",2025-06-29 20:53:31,25.222,0,"Tank6","Control"
"8508",2025-06-29 20:58:31,25.222,0,"Tank6","Control"
"8509",2025-06-29 21:03:31,25.222,0,"Tank6","Control"
"8510",2025-06-29 21:08:31,25.125,0,"Tank6","Control"
"8511",2025-06-29 21:13:31,25.125,0,"Tank6","Control"
"8512",2025-06-29 21:18:31,25.222,0,"Tank6","Control"
"8513",2025-06-29 21:23:31,25.319,0,"Tank6","Control"
"8514",2025-06-29 21:28:31,25.319,0,"Tank6","Control"
"8515",2025-06-29 21:33:31,25.319,0,"Tank6","Control"
"8516",2025-06-29 21:38:31,25.319,0,"Tank6","Control"
"8517",2025-06-29 21:43:31,25.222,0,"Tank6","Control"
"8518",2025-06-29 21:48:31,25.222,0,"Tank6","Control"
"8519",2025-06-29 21:53:31,25.222,0,"Tank6","Control"
"8520",2025-06-29 21:58:31,25.222,0,"Tank6","Control"
"8521",2025-06-29 22:03:31,25.125,0,"Tank6","Control"
"8522",2025-06-29 22:08:31,25.125,0,"Tank6","Control"
"8523",2025-06-29 22:13:31,25.319,0,"Tank6","Control"
"8524",2025-06-29 22:18:31,25.319,0,"Tank6","Control"
"8525",2025-06-29 22:23:31,25.319,0,"Tank6","Control"
"8526",2025-06-29 22:28:31,25.319,0,"Tank6","Control"
"8527",2025-06-29 22:33:31,25.222,0,"Tank6","Control"
"8528",2025-06-29 22:38:31,25.222,0,"Tank6","Control"
"8529",2025-06-29 22:43:31,25.222,0,"Tank6","Control"
"8530",2025-06-29 22:48:31,25.222,0,"Tank6","Control"
"8531",2025-06-29 22:53:31,25.125,0,"Tank6","Control"
"8532",2025-06-29 22:58:31,25.125,0,"Tank6","Control"
"8533",2025-06-29 23:03:31,25.222,0,"Tank6","Control"
"8534",2025-06-29 23:08:31,25.319,0,"Tank6","Control"
"8535",2025-06-29 23:13:31,25.319,0,"Tank6","Control"
"8536",2025-06-29 23:18:31,25.319,0,"Tank6","Control"
"8537",2025-06-29 23:23:31,25.319,0,"Tank6","Control"
"8538",2025-06-29 23:28:31,25.319,0,"Tank6","Control"
"8539",2025-06-29 23:33:31,25.222,0,"Tank6","Control"
"8540",2025-06-29 23:38:31,25.222,0,"Tank6","Control"
"8541",2025-06-29 23:43:31,25.222,0,"Tank6","Control"
"8542",2025-06-29 23:48:31,25.125,0,"Tank6","Control"
"8543",2025-06-29 23:53:31,25.125,0,"Tank6","Control"
"8544",2025-06-29 23:58:31,25.319,0,"Tank6","Control"
"8545",2025-06-30 00:03:31,25.319,0,"Tank6","Control"
"8546",2025-06-30 00:08:31,25.319,0,"Tank6","Control"
"8547",2025-06-30 00:13:31,25.319,0,"Tank6","Control"
"8548",2025-06-30 00:18:31,25.319,0,"Tank6","Control"
"8549",2025-06-30 00:23:31,25.222,0,"Tank6","Control"
"8550",2025-06-30 00:28:31,25.222,0,"Tank6","Control"
"8551",2025-06-30 00:33:31,25.222,0,"Tank6","Control"
"8552",2025-06-30 00:38:31,25.125,0,"Tank6","Control"
"8553",2025-06-30 00:43:31,25.125,0,"Tank6","Control"
"8554",2025-06-30 00:48:31,25.222,0,"Tank6","Control"
"8555",2025-06-30 00:53:31,25.319,0,"Tank6","Control"
"8556",2025-06-30 00:58:31,25.319,0,"Tank6","Control"
"8557",2025-06-30 01:03:31,25.319,0,"Tank6","Control"
"8558",2025-06-30 01:08:31,25.319,0,"Tank6","Control"
"8559",2025-06-30 01:13:31,25.222,0,"Tank6","Control"
"8560",2025-06-30 01:18:31,25.222,0,"Tank6","Control"
"8561",2025-06-30 01:23:31,25.222,0,"Tank6","Control"
"8562",2025-06-30 01:28:31,25.222,0,"Tank6","Control"
"8563",2025-06-30 01:33:31,25.125,0,"Tank6","Control"
"8564",2025-06-30 01:38:31,25.222,0,"Tank6","Control"
"8565",2025-06-30 01:43:31,25.319,0,"Tank6","Control"
"8566",2025-06-30 01:48:31,25.319,0,"Tank6","Control"
"8567",2025-06-30 01:53:31,25.319,0,"Tank6","Control"
"8568",2025-06-30 01:58:31,25.319,0,"Tank6","Control"
"8569",2025-06-30 02:03:31,25.319,0,"Tank6","Control"
"8570",2025-06-30 02:08:31,25.222,0,"Tank6","Control"
"8571",2025-06-30 02:13:31,25.222,0,"Tank6","Control"
"8572",2025-06-30 02:18:31,25.222,0,"Tank6","Control"
"8573",2025-06-30 02:23:31,25.125,0,"Tank6","Control"
"8574",2025-06-30 02:28:31,25.125,0,"Tank6","Control"
"8575",2025-06-30 02:33:31,25.319,0,"Tank6","Control"
"8576",2025-06-30 02:38:31,25.319,0,"Tank6","Control"
"8577",2025-06-30 02:43:31,25.319,0,"Tank6","Control"
"8578",2025-06-30 02:48:31,25.319,0,"Tank6","Control"
"8579",2025-06-30 02:53:31,25.222,0,"Tank6","Control"
"8580",2025-06-30 02:58:31,25.222,0,"Tank6","Control"
"8581",2025-06-30 03:03:31,25.222,0,"Tank6","Control"
"8582",2025-06-30 03:08:31,25.125,0,"Tank6","Control"
"8583",2025-06-30 03:13:31,25.125,0,"Tank6","Control"
"8584",2025-06-30 03:18:31,25.222,0,"Tank6","Control"
"8585",2025-06-30 03:23:31,25.319,0,"Tank6","Control"
"8586",2025-06-30 03:28:31,25.319,0,"Tank6","Control"
"8587",2025-06-30 03:33:31,25.319,0,"Tank6","Control"
"8588",2025-06-30 03:38:31,25.319,0,"Tank6","Control"
"8589",2025-06-30 03:43:31,25.222,0,"Tank6","Control"
"8590",2025-06-30 03:48:31,25.222,0,"Tank6","Control"
"8591",2025-06-30 03:53:31,25.222,0,"Tank6","Control"
"8592",2025-06-30 03:58:31,25.125,0,"Tank6","Control"
"8593",2025-06-30 04:03:31,25.125,0,"Tank6","Control"
"8594",2025-06-30 04:08:31,25.319,0,"Tank6","Control"
"8595",2025-06-30 04:13:31,25.319,0,"Tank6","Control"
"8596",2025-06-30 04:18:31,25.319,0,"Tank6","Control"
"8597",2025-06-30 04:23:31,25.222,0,"Tank6","Control"
"8598",2025-06-30 04:28:31,25.222,0,"Tank6","Control"
"8599",2025-06-30 04:33:31,25.222,0,"Tank6","Control"
"8600",2025-06-30 04:38:31,25.125,0,"Tank6","Control"
"8601",2025-06-30 04:43:31,25.125,0,"Tank6","Control"
"8602",2025-06-30 04:48:31,25.319,0,"Tank6","Control"
"8603",2025-06-30 04:53:31,25.416,0,"Tank6","Control"
"8604",2025-06-30 04:58:31,25.319,0,"Tank6","Control"
"8605",2025-06-30 05:03:31,25.319,0,"Tank6","Control"
"8606",2025-06-30 05:08:31,25.319,0,"Tank6","Control"
"8607",2025-06-30 05:13:31,25.222,0,"Tank6","Control"
"8608",2025-06-30 05:18:31,25.222,0,"Tank6","Control"
"8609",2025-06-30 05:23:31,25.222,0,"Tank6","Control"
"8610",2025-06-30 05:28:31,25.222,0,"Tank6","Control"
"8611",2025-06-30 05:33:31,25.125,0,"Tank6","Control"
"8612",2025-06-30 05:38:31,25.222,0,"Tank6","Control"
"8613",2025-06-30 05:43:31,25.319,0,"Tank6","Control"
"8614",2025-06-30 05:48:31,25.319,0,"Tank6","Control"
"8615",2025-06-30 05:53:31,25.319,0,"Tank6","Control"
"8616",2025-06-30 05:58:31,25.222,0,"Tank6","Control"
"8617",2025-06-30 06:03:31,25.222,0,"Tank6","Control"
"8618",2025-06-30 06:08:31,25.222,0,"Tank6","Control"
"8619",2025-06-30 06:13:31,25.222,0,"Tank6","Control"
"8620",2025-06-30 06:18:31,25.125,0,"Tank6","Control"
"8621",2025-06-30 06:23:31,25.222,0,"Tank6","Control"
"8622",2025-06-30 06:28:31,25.319,0,"Tank6","Control"
"8623",2025-06-30 06:33:31,25.319,0,"Tank6","Control"
"8624",2025-06-30 06:38:31,25.319,0,"Tank6","Control"
"8625",2025-06-30 06:43:31,25.222,0,"Tank6","Control"
"8626",2025-06-30 06:48:31,25.222,0,"Tank6","Control"
"8627",2025-06-30 06:53:31,25.222,0,"Tank6","Control"
"8628",2025-06-30 06:58:31,25.222,0,"Tank6","Control"
"8629",2025-06-30 07:03:31,25.125,0,"Tank6","Control"
"8630",2025-06-30 07:08:31,25.222,0,"Tank6","Control"
"8631",2025-06-30 07:13:31,25.319,0,"Tank6","Control"
"8632",2025-06-30 07:18:31,25.319,0,"Tank6","Control"
"8633",2025-06-30 07:23:31,25.319,0,"Tank6","Control"
"8634",2025-06-30 07:28:31,25.319,0,"Tank6","Control"
"8635",2025-06-30 07:33:31,25.319,0,"Tank6","Control"
"8636",2025-06-30 07:38:31,25.222,0,"Tank6","Control"
"8637",2025-06-30 07:43:31,25.222,0,"Tank6","Control"
"8638",2025-06-30 07:48:31,25.222,0,"Tank6","Control"
"8639",2025-06-30 07:53:31,25.125,0,"Tank6","Control"
"8640",2025-06-30 07:58:31,25.125,0,"Tank6","Control"
