"Timepoint","Estimate (Control-Heat)","SE","t-ratio","p-value","Significant?"
0,-0.0082,0.0365,-0.23,0.824,""
1,0.015,0.0365,0.41,0.686,""
3,0.0399,0.0365,1.09,0.288,""
12,0.0404,0.0365,1.11,0.281,""
24,0.0366,0.0365,1,0.329,""
36,0.0671,0.0365,1.84,0.0808,"."
72,0.1059,0.0365,2.9,0.00875,"**"
96,0.157,0.0365,4.3,0.000337,"***"
