"gene_id","count_FOXO3","count_HSF1","count_NFE2L2","ImpulseDE2_padj","ImpulseDE2_response_type","Mfuzz_cluster","Mfuzz_membership","WGCNA_module"
"Porites_compressa_HIv1___RNAseq.g9733.t1",1,0,0,0.0458432997699316,"Other",3,0.593547650271521,"ME3"
"Porites_compressa_HIv1___RNAseq.g9764.t1",0,0,1,NA,NA,NA,NA,"ME0"
"Porites_compressa_HIv1___RNAseq.g9668.t2",0,0,1,NA,NA,NA,NA,"ME0"
"Porites_compressa_HIv1___RNAseq.g9669.t1",1,0,0,0.00937111443215873,"Transient",4,0.829310436406563,"ME3"
"Porites_compressa_HIv1___TS.g4315.t2",1,0,0,NA,NA,NA,NA,"ME0"
"Porites_compressa_HIv1___RNAseq.g9672.t1",1,1,0,3.87314826257836e-06,"Monotonous",NA,NA,"ME2"
"Porites_compressa_HIv1___RNAseq.g9677.t1",1,0,0,NA,NA,NA,NA,"ME0"
"Porites_compressa_HIv1___RNAseq.g9681.t1",0,1,0,NA,NA,NA,NA,"ME1"
"Porites_compressa_HIv1___RNAseq.g9687.t1",1,0,0,0.0385761621085713,"Other",6,0.537086810897463,"ME0"
"Porites_compressa_HIv1___TS.g4339.t2",0,1,0,NA,NA,NA,NA,"ME5"
"Porites_compressa_HIv1___TS.g4345.t1",0,2,0,NA,NA,NA,NA,"ME1"
"Porites_compressa_HIv1___RNAseq.g9719.t1",0,1,0,0.00140979501932596,"Monotonous",2,0.907183830551431,"ME2"
"Porites_compressa_HIv1___RNAseq.g9722.t1",0,1,0,NA,NA,NA,NA,"ME0"
"Porites_compressa_HIv1___RNAseq.g9725.t1",0,1,0,0.00896039237378368,"Transient",5,0.513496123727353,"ME18"
"Porites_compressa_HIv1___RNAseq.g9726.t1",1,0,0,NA,NA,NA,NA,"ME1"
"Porites_compressa_HIv1___TS.g4373.t1",0,1,0,NA,NA,NA,NA,"ME17"
"Porites_compressa_HIv1___RNAseq.g9730.t1",0,1,0,NA,NA,NA,NA,"ME4"
"Porites_compressa_HIv1___RNAseq.g9745.t1",1,0,0,NA,NA,NA,NA,"ME4"
"Porites_compressa_HIv1___RNAseq.g9747.t2",0,0,1,0.0105578076155098,"Transient",4,0.869207110408965,"ME3"
"Porites_compressa_HIv1___RNAseq.g9748.t1",0,0,1,0.000259653672384196,"Monotonous",6,0.603436172120873,"ME1"
"Porites_compressa_HIv1___TS.g4400.t1",0,1,0,0.0286274259880801,"Other",5,0.608083640640546,"ME1"
"Porites_compressa_HIv1___RNAseq.94_t",1,0,0,NA,NA,NA,NA,"ME4"
"Porites_compressa_HIv1___RNAseq.g9765.t1",2,0,0,NA,NA,NA,NA,"ME1"
"Porites_compressa_HIv1___RNAseq.g9766.t1",2,0,0,0.00110694823238653,"Transient",3,0.669149926377605,"ME2"
"Porites_compressa_HIv1___RNAseq.g9767.t1",0,1,0,NA,NA,NA,NA,"ME0"
"Porites_compressa_HIv1___RNAseq.g9770.t1",0,1,0,NA,NA,NA,NA,"ME0"
"Porites_compressa_HIv1___RNAseq.g9771.t1",0,1,0,NA,NA,NA,NA,"ME0"
"Porites_compressa_HIv1___RNAseq.g9777.t1",0,0,1,NA,NA,NA,NA,"ME0"
"Porites_compressa_HIv1___TS.g4438.t1",0,0,1,NA,NA,NA,NA,"ME0"
"Porites_compressa_HIv1___TS.g4468.t1",0,2,0,NA,NA,NA,NA,"ME2"
"Porites_compressa_HIv1___TS.g4418.t1b",0,1,0,NA,NA,NA,NA,"ME0"
"Porites_compressa_HIv1___TS.g4418.t1a",0,1,0,NA,NA,NA,NA,"ME11"
"Porites_compressa_HIv1___RNAseq.g9776.t1",0,1,0,NA,NA,NA,NA,"ME0"
"Porites_compressa_HIv1___RNAseq.g9779.t1",0,1,0,NA,NA,NA,NA,"ME0"
"Porites_compressa_HIv1___RNAseq.g9781.t1",0,0,1,NA,NA,NA,NA,"ME0"
"Porites_compressa_HIv1___RNAseq.g9789.t1",0,0,1,NA,NA,NA,NA,"ME4"
"Porites_compressa_HIv1___RNAseq.g9798.t1",0,0,1,0.00195820894294571,"Other",6,0.69582364048103,"ME1"
"Porites_compressa_HIv1___RNAseq.g9799.t1",0,0,1,0.0160666826992554,"Other",6,0.703147736350426,"ME1"
"Porites_compressa_HIv1___RNAseq.g9800.t1",0,1,0,0.0494766483793069,"Other",5,0.587304123159486,"ME1"
"Porites_compressa_HIv1___TS.g4449.t1",1,0,0,NA,NA,NA,NA,"ME0"
"Porites_compressa_HIv1___RNAseq.g9805.t1",0,1,0,NA,NA,NA,NA,"ME0"
"Porites_compressa_HIv1___RNAseq.g9812.t1",0,0,1,NA,NA,NA,NA,"ME12"
"Porites_compressa_HIv1___RNAseq.g9815.t1",1,0,0,NA,NA,NA,NA,"ME0"
"Porites_compressa_HIv1___RNAseq.g9818.t1",0,1,0,0.0116801588123517,"Other",NA,NA,"ME0"
"Porites_compressa_HIv1___RNAseq.g9822.t1",1,0,1,7.20605732093234e-06,"Monotonous",6,0.585592847027648,"ME1"
"Porites_compressa_HIv1___RNAseq.g9832.t1",1,0,0,0.0161322955732866,"Other",6,0.875826625146146,"ME1"
"Porites_compressa_HIv1___RNAseq.g9835.t1",1,0,0,NA,NA,NA,NA,"ME0"
"Porites_compressa_HIv1___RNAseq.g9837.t1",1,0,0,NA,NA,NA,NA,"ME20"
"Porites_compressa_HIv1___RNAseq.g9843.t1",1,0,0,NA,NA,NA,NA,"ME0"
"Porites_compressa_HIv1___RNAseq.g9850.t1",0,1,0,NA,NA,NA,NA,"ME25"
"Porites_compressa_HIv1___TS.g4495.t3",1,0,0,NA,NA,NA,NA,"ME4"
"Porites_compressa_HIv1___RNAseq.g9858.t1",0,1,0,NA,NA,NA,NA,"ME0"
"Porites_compressa_HIv1___RNAseq.g9861.t1",1,0,0,0.012877741382938,"Transient",4,0.958606512807708,"ME3"
"Porites_compressa_HIv1___RNAseq.g9862.t1",1,0,0,NA,NA,NA,NA,"ME0"
"Porites_compressa_HIv1___RNAseq.g9866.t1",0,1,0,NA,NA,NA,NA,"ME2"
"Porites_compressa_HIv1___TS.g4520.t1",1,0,0,NA,NA,NA,NA,"ME0"
"Porites_compressa_HIv1___RNAseq.g9907.t1",2,0,0,NA,NA,NA,NA,"ME0"
"Porites_compressa_HIv1___RNAseq.g10025.t1b",1,0,1,NA,NA,NA,NA,"ME6"
"Porites_compressa_HIv1___TS.g4718.t1",1,0,0,NA,NA,NA,NA,"ME4"
"Porites_compressa_HIv1___RNAseq.g10107.t1",2,0,0,NA,NA,NA,NA,"ME13"
"Porites_compressa_HIv1___TS.g4838.t1",0,1,0,NA,NA,NA,NA,"ME0"
"Porites_compressa_HIv1___TS.g4847.t1",0,1,0,NA,NA,NA,NA,"ME7"
"Porites_compressa_HIv1___RNAseq.g10201.t1",0,1,0,0.00281309609301944,"Monotonous",6,0.909890893924437,"ME0"
"Porites_compressa_HIv1___RNAseq.g10269.t1",0,0,1,NA,NA,NA,NA,"ME0"
"Porites_compressa_HIv1___TS.g4923.t1",2,0,0,NA,NA,NA,NA,"ME1"
"Porites_compressa_HIv1___RNAseq.g9871.t1",1,0,0,NA,NA,NA,NA,"ME0"
"Porites_compressa_HIv1___RNAseq.g9873.t1",0,1,0,0.0349588219676945,"Other",4,0.636879329016044,"ME3"
"Porites_compressa_HIv1___RNAseq.g9882.t1",1,1,0,0.0292308964606133,"Other",3,0.818339223222292,"ME2"
"Porites_compressa_HIv1___RNAseq.g9888.t1",0,1,0,NA,NA,NA,NA,"ME0"
"Porites_compressa_HIv1___RNAseq.g9898.t1",0,0,1,NA,NA,NA,NA,"ME3"
"Porites_compressa_HIv1___RNAseq.g9899.t1",0,1,0,NA,NA,NA,NA,"ME1"
"Porites_compressa_HIv1___RNAseq.g9908.t1",0,1,0,NA,NA,NA,NA,"ME1"
"Porites_compressa_HIv1___RNAseq.g9911.t1",1,0,0,0.0241484458357909,"Other",4,0.959872719658172,"ME3"
"Porites_compressa_HIv1___RNAseq.g9920.t1",1,0,1,NA,NA,NA,NA,"ME0"
"Porites_compressa_HIv1___RNAseq.g9926.t1",1,0,0,0.0184686502349216,"Other",6,0.542877518170514,"ME1"
"Porites_compressa_HIv1___RNAseq.g9927.t1",2,0,0,NA,NA,NA,NA,"ME0"
"Porites_compressa_HIv1___RNAseq.g9934.t1",0,1,0,NA,NA,NA,NA,"ME0"
"Porites_compressa_HIv1___RNAseq.g9936.t1",0,1,0,2.18138184655196e-06,"Monotonous",2,0.784967785397227,"ME4"
"Porites_compressa_HIv1___RNAseq.g9937.t1",1,0,0,0.000591431302536471,"Monotonous",1,0.932738615302994,"ME12"
"Porites_compressa_HIv1___RNAseq.g9943.t1",0,1,0,NA,NA,NA,NA,"ME18"
"Porites_compressa_HIv1___RNAseq.g9944.t1",1,1,0,0.00740510455963138,"Transient",NA,NA,"ME3"
"Porites_compressa_HIv1___TS.g4594.t1",0,0,1,NA,NA,NA,NA,"ME3"
"Porites_compressa_HIv1___RNAseq.g9967.t1",0,2,0,NA,NA,NA,NA,"ME0"
"Porites_compressa_HIv1___RNAseq.g9968.t1",0,1,0,NA,NA,NA,NA,"ME19"
"Porites_compressa_HIv1___TS.g4617.t1b",0,1,0,NA,NA,NA,NA,"ME0"
"Porites_compressa_HIv1___RNAseq.g9973.t1",0,0,1,NA,NA,NA,NA,"ME1"
"Porites_compressa_HIv1___TS.g4630.t2",1,0,0,0.0465968231236686,"Other",1,0.736172314095762,"ME0"
"Porites_compressa_HIv1___RNAseq.g9984.t1",1,0,0,2.02324440433098e-07,"Monotonous",1,0.969752065813152,"ME12"
"Porites_compressa_HIv1___RNAseq.g9986.t1",0,1,0,NA,NA,NA,NA,"ME0"
"Porites_compressa_HIv1___RNAseq.g9989.t1",1,0,0,0.0391096476281634,"Other",NA,NA,"ME19"
"Porites_compressa_HIv1___RNAseq.g9993.t1",1,0,0,0.0151316536572932,"Other",2,0.768661042204249,"ME4"
"Porites_compressa_HIv1___RNAseq.g9994.t1",0,1,0,NA,NA,NA,NA,"ME0"
"Porites_compressa_HIv1___RNAseq.g9998.t1",1,0,0,NA,NA,NA,NA,"ME0"
"Porites_compressa_HIv1___RNAseq.g10000.t1",0,1,0,NA,NA,NA,NA,"ME0"
"Porites_compressa_HIv1___RNAseq.g10006.t1",1,0,0,0.000412916578606906,"Monotonous",3,0.518208397707828,"ME4"
"Porites_compressa_HIv1___TS.g4660.t1",0,0,1,0.00304675871361664,"Other",6,0.839666470491137,"ME1"
"Porites_compressa_HIv1___TS.g4663.t1",0,1,0,0.013106554369184,"Other",3,0.565812369731848,"ME4"
"Porites_compressa_HIv1___RNAseq.g10019.t1",1,0,0,NA,NA,NA,NA,"ME0"
"Porites_compressa_HIv1___TS.g4666.t1",0,0,1,NA,NA,NA,NA,"ME3"
"Porites_compressa_HIv1___TS.g4671.t1",1,0,0,1.15948618161739e-07,"Monotonous",2,0.557029476345862,"ME2"
"Porites_compressa_HIv1___RNAseq.g10029.t1",1,0,0,NA,NA,NA,NA,"ME0"
"Porites_compressa_HIv1___RNAseq.g10046.t1",0,2,0,0.00669992931196498,"Other",2,0.594719099494927,"ME4"
"Porites_compressa_HIv1___RNAseq.g10056.t1",0,0,2,NA,NA,NA,NA,"ME0"
"Porites_compressa_HIv1___RNAseq.g10057.t1",0,1,0,NA,NA,NA,NA,"ME0"
"Porites_compressa_HIv1___RNAseq.g10058.t1",0,1,0,NA,NA,NA,NA,"ME5"
"Porites_compressa_HIv1___RNAseq.g10059.t1",0,0,1,NA,NA,NA,NA,"ME25"
"Porites_compressa_HIv1___TS.g4704.t1",1,0,0,NA,NA,NA,NA,"ME0"
"Porites_compressa_HIv1___RNAseq.g10074.t1",0,0,1,NA,NA,NA,NA,"ME1"
"Porites_compressa_HIv1___TS.g4727.t3",1,0,0,0.00669186150732911,"Other",4,0.598010721177917,"ME0"
"Porites_compressa_HIv1___RNAseq.g10089.t1",1,0,1,NA,NA,NA,NA,"ME0"
"Porites_compressa_HIv1___RNAseq.g10104.t1",0,1,0,NA,NA,NA,NA,"ME0"
"Porites_compressa_HIv1___RNAseq.g10131.t1",0,1,0,NA,NA,NA,NA,"ME1"
"Porites_compressa_HIv1___RNAseq.g10137.t1",1,0,0,NA,NA,NA,NA,"ME0"
"Porites_compressa_HIv1___RNAseq.g10139.t1",0,1,0,0.00419950489459193,"Other",6,0.982635014030364,"ME1"
"Porites_compressa_HIv1___TS.g4791.t1a",1,0,0,NA,NA,NA,NA,"ME1"
"Porites_compressa_HIv1___TS.g4793.t1",1,0,0,NA,NA,NA,NA,"ME0"
"Porites_compressa_HIv1___RNAseq.g10145.t1",1,0,0,NA,NA,NA,NA,"ME2"
"Porites_compressa_HIv1___RNAseq.g10148.t1",1,0,0,NA,NA,NA,NA,"ME0"
"Porites_compressa_HIv1___RNAseq.g10151.t1",0,1,0,NA,NA,NA,NA,"ME28"
"Porites_compressa_HIv1___RNAseq.g10156.t1",1,0,0,NA,NA,NA,NA,"ME1"
"Porites_compressa_HIv1___RNAseq.g10158.t1",1,0,0,NA,NA,NA,NA,"ME0"
"Porites_compressa_HIv1___RNAseq.g10169.t1",3,0,0,NA,NA,NA,NA,"ME1"
"Porites_compressa_HIv1___RNAseq.g10172.t1",0,5,1,6.19366582274955e-09,"Transient",5,0.862107463257086,"ME0"
"Porites_compressa_HIv1___RNAseq.g10176.t1",0,1,0,NA,NA,NA,NA,"ME0"
"Porites_compressa_HIv1___RNAseq.g10177.t2",1,0,0,NA,NA,NA,NA,"ME1"
"Porites_compressa_HIv1___RNAseq.g10187.t1",0,1,0,NA,NA,NA,NA,"ME1"
"Porites_compressa_HIv1___RNAseq.g10196.t1",0,1,1,NA,NA,NA,NA,"ME7"
"Porites_compressa_HIv1___RNAseq.g10203.t1",0,1,2,NA,NA,NA,NA,"ME6"
"Porites_compressa_HIv1___RNAseq.g10209.t1",0,0,1,NA,NA,NA,NA,"ME1"
"Porites_compressa_HIv1___RNAseq.g10214.t1",1,0,0,0.000407667231759663,"Transient",3,0.542192053894313,"ME3"
"Porites_compressa_HIv1___RNAseq.g10215.t1",0,1,0,NA,NA,NA,NA,"ME0"
"Porites_compressa_HIv1___TS.g4867.t1",2,0,1,0.0047997421031882,"Monotonous",6,0.639382578881066,"ME1"
"Porites_compressa_HIv1___RNAseq.g10225.t1",1,0,0,NA,NA,NA,NA,"ME0"
"Porites_compressa_HIv1___TS.g4872.t2",0,2,0,NA,NA,NA,NA,"ME1"
"Porites_compressa_HIv1___RNAseq.g10227.t1",0,1,0,NA,NA,NA,NA,"ME1"
"Porites_compressa_HIv1___RNAseq.g10238.t1",0,1,0,NA,NA,NA,NA,"ME3"
"Porites_compressa_HIv1___RNAseq.g10239.t1",0,1,0,NA,NA,NA,NA,"ME0"
"Porites_compressa_HIv1___RNAseq.g10242.t1",0,1,0,0.0139137822706998,"Monotonous",1,0.58287413283522,"ME10"
"Porites_compressa_HIv1___RNAseq.g10247.t2",0,1,0,0.00507326086769155,"Other",5,0.989423742506008,"ME1"
"Porites_compressa_HIv1___RNAseq.g10249.t1",0,1,0,0.0375239602495843,"Other",1,0.876003577433757,"ME4"
"Porites_compressa_HIv1___RNAseq.g10260.t1",1,0,0,NA,NA,NA,NA,"ME1"
"Porites_compressa_HIv1___RNAseq.g10261.t1",0,0,1,0.00407612059149457,"Other",2,0.642325829470372,"ME4"
"Porites_compressa_HIv1___TS.g4907.t1",1,0,0,NA,NA,NA,NA,"ME0"
"Porites_compressa_HIv1___RNAseq.g10272.t1",0,1,0,NA,NA,NA,NA,"ME3"
"Porites_compressa_HIv1___RNAseq.g10277.t1",0,1,0,NA,NA,NA,NA,"ME10"
"Porites_compressa_HIv1___RNAseq.g10279.t1",1,0,0,NA,NA,NA,NA,"ME0"
"Porites_compressa_HIv1___RNAseq.g10457.t1",0,0,2,NA,NA,NA,NA,"ME1"
"Porites_compressa_HIv1___TS.g5100.t1b",0,1,0,0.0450951319351306,"Other",NA,NA,"ME0"
"Porites_compressa_HIv1___TS.g4958.t1",0,0,1,NA,NA,NA,NA,"ME14"
"Porites_compressa_HIv1___RNAseq.g10361.t1",0,1,1,NA,NA,NA,NA,"ME0"
"Porites_compressa_HIv1___TS.g5092.t1",0,1,0,NA,NA,NA,NA,"ME0"
"Porites_compressa_HIv1___RNAseq.g10293.t1",0,0,1,NA,NA,NA,NA,"ME1"
"Porites_compressa_HIv1___RNAseq.g10295.t1",0,1,0,NA,NA,NA,NA,"ME2"
"Porites_compressa_HIv1___RNAseq.g10300.t1",1,0,0,NA,NA,NA,NA,"ME0"
"Porites_compressa_HIv1___RNAseq.g10303.t1",2,0,0,NA,NA,NA,NA,"ME0"
"Porites_compressa_HIv1___TS.g4952.t1c",1,0,0,NA,NA,NA,NA,"ME0"
"Porites_compressa_HIv1___RNAseq.g10306.t1",0,0,1,0.0103681178539792,"Monotonous",2,0.704719848299291,"ME4"
"Porites_compressa_HIv1___RNAseq.g10311.t1",1,0,0,NA,NA,NA,NA,"ME0"
"Porites_compressa_HIv1___RNAseq.g10314.t1",0,0,1,0.00254532390767594,"Monotonous",1,0.805221453974691,"ME2"
"Porites_compressa_HIv1___RNAseq.g10319.t1",1,0,0,0.00120736309911563,"Other",NA,NA,"ME2"
"Porites_compressa_HIv1___RNAseq.g10328.t1",0,2,0,NA,NA,NA,NA,"ME0"
"Porites_compressa_HIv1___RNAseq.g10329.t1",1,0,0,NA,NA,NA,NA,"ME0"
"Porites_compressa_HIv1___RNAseq.g10334.t1",0,0,2,NA,NA,NA,NA,"ME2"
"Porites_compressa_HIv1___RNAseq.g10340.t1",0,0,1,NA,NA,NA,NA,"ME1"
"Porites_compressa_HIv1___RNAseq.g10343.t1",1,0,1,0.0135248432683781,"Monotonous",2,0.669879447290732,"ME4"
"Porites_compressa_HIv1___RNAseq.g10347.t1",0,1,0,0.0137231413281992,"Monotonous",5,0.810338917553673,"ME1"
"Porites_compressa_HIv1___RNAseq.g10351.t1",0,1,0,NA,NA,NA,NA,"ME0"
"Porites_compressa_HIv1___RNAseq.g10356.t1",0,1,0,NA,NA,NA,NA,"ME0"
"Porites_compressa_HIv1___RNAseq.g10375.t1",0,0,1,NA,NA,NA,NA,"ME0"
"Porites_compressa_HIv1___RNAseq.g10384.t1",0,3,0,NA,NA,NA,NA,"ME0"
"Porites_compressa_HIv1___RNAseq.g10388.t1",1,0,0,NA,NA,NA,NA,"ME2"
"Porites_compressa_HIv1___RNAseq.g10389.t1",1,0,1,NA,NA,NA,NA,"ME2"
"Porites_compressa_HIv1___RNAseq.g10393.t1",0,1,0,NA,NA,NA,NA,"ME10"
"Porites_compressa_HIv1___RNAseq.g10398.t1",0,2,0,3.8571325051543e-06,"Monotonous",2,0.642496715572417,"ME2"
"Porites_compressa_HIv1___RNAseq.g10405.t1",0,0,1,0.0201703787320103,"Monotonous",3,0.517603531872214,"ME2"
"Porites_compressa_HIv1___RNAseq.g10406.t1",0,0,1,NA,NA,NA,NA,"ME1"
"Porites_compressa_HIv1___RNAseq.g10408.t1",1,0,0,NA,NA,NA,NA,"ME4"
"Porites_compressa_HIv1___RNAseq.g10410.t1",1,0,0,NA,NA,NA,NA,"ME1"
"Porites_compressa_HIv1___RNAseq.g10419.t1b",0,0,1,NA,NA,NA,NA,"ME2"
"Porites_compressa_HIv1___RNAseq.g10423.t1",0,0,1,NA,NA,NA,NA,"ME25"
"Porites_compressa_HIv1___TS.g5069.t1",0,0,1,NA,NA,NA,NA,"ME0"
"Porites_compressa_HIv1___RNAseq.g10432.t1",0,0,1,NA,NA,NA,NA,"ME2"
"Porites_compressa_HIv1___RNAseq.g10435.t1",0,2,0,0.00983697962921829,"Monotonous",2,0.851972305262301,"ME2"
"Porites_compressa_HIv1___RNAseq.g10436.t1",1,1,0,0.00184916870391681,"Monotonous",2,0.713611384253172,"ME2"
"Porites_compressa_HIv1___TS.g5082.t1",1,1,0,NA,NA,NA,NA,"ME0"
"Porites_compressa_HIv1___RNAseq.g10442.t1",0,0,1,NA,NA,NA,NA,"ME0"
"Porites_compressa_HIv1___TS.g5299.t1",1,0,0,0.0333049646705854,"Other",1,0.907621142444381,"ME12"
"Porites_compressa_HIv1___RNAseq.g10620.t1",1,0,0,NA,NA,NA,NA,"ME7"
"Porites_compressa_HIv1___RNAseq.g10602.t1",1,0,0,0.0164935352868683,"Transient",4,0.582590364108652,"ME0"
"Porites_compressa_HIv1___RNAseq.g10603.t1",1,0,0,0.00405590232586204,"Transient",5,0.659941699508913,"ME1"
"Porites_compressa_HIv1___TS.g5246.t1",0,0,1,2.7413337422902e-05,"Monotonous",3,0.693130272425456,"ME4"
"Porites_compressa_HIv1___RNAseq.g10607.t1",1,0,0,7.29876494257318e-09,"Transient",5,0.930220473697595,"ME1"
"Porites_compressa_HIv1___RNAseq.g10612.t1",0,0,1,NA,NA,NA,NA,"ME0"
"Porites_compressa_HIv1___RNAseq.g10629.t1",1,0,1,NA,NA,NA,NA,"ME3"
"Porites_compressa_HIv1___RNAseq.g10631.t1",0,1,0,0.00128891825949567,"Monotonous",2,0.748074033791848,"ME2"
"Porites_compressa_HIv1___RNAseq.g10637.t1",2,0,0,0.0387671364043192,"Monotonous",1,0.767701870636821,"ME16"
"Porites_compressa_HIv1___RNAseq.g10638.t1",2,0,0,NA,NA,NA,NA,"ME0"
"Porites_compressa_HIv1___RNAseq.g10641.t2",1,0,0,NA,NA,NA,NA,"ME8"
"Porites_compressa_HIv1___RNAseq.g10644.t1",0,1,0,NA,NA,NA,NA,"ME1"
"Porites_compressa_HIv1___TS.g5290.t1",0,0,1,NA,NA,NA,NA,"ME1"
"Porites_compressa_HIv1___RNAseq.g10652.t1",0,0,1,0.012937775957054,"Other",NA,NA,"ME3"
"Porites_compressa_HIv1___RNAseq.g10654.t1",0,6,0,3.39238020512659e-05,"Monotonous",NA,NA,"ME0"
"Porites_compressa_HIv1___TS.g5294.t1",0,0,1,NA,NA,NA,NA,"ME3"
"Porites_compressa_HIv1___RNAseq.g10656.t1",0,1,0,NA,NA,NA,NA,"ME3"
"Porites_compressa_HIv1___RNAseq.g10657.t1",0,1,0,1.61707557847858e-12,"Transient",6,0.534879826788593,"ME1"
"Porites_compressa_HIv1___RNAseq.g10464.t1",1,1,0,0.0086898603501551,"Transient",5,0.9134740029687,"ME1"
"Porites_compressa_HIv1___RNAseq.g10466.t1",1,0,0,1.83599105013677e-23,"Monotonous",6,0.68922468616479,"ME1"
"Porites_compressa_HIv1___RNAseq.g10470.t1",1,0,0,NA,NA,NA,NA,"ME15"
"Porites_compressa_HIv1___RNAseq.g10474.t1",0,2,0,NA,NA,NA,NA,"ME0"
"Porites_compressa_HIv1___RNAseq.g10477.t1",2,0,0,NA,NA,NA,NA,"ME10"
"Porites_compressa_HIv1___TS.g5123.t1",0,0,1,NA,NA,NA,NA,"ME0"
"Porites_compressa_HIv1___RNAseq.g10482.t1a",1,0,0,NA,NA,NA,NA,"ME0"
"Porites_compressa_HIv1___RNAseq.g10483.t1",1,0,0,0.029242665167513,"Other",NA,NA,"ME1"
"Porites_compressa_HIv1___RNAseq.g10488.t1",0,0,1,NA,NA,NA,NA,"ME0"
"Porites_compressa_HIv1___RNAseq.g10492.t1",0,1,0,NA,NA,NA,NA,"ME3"
"Porites_compressa_HIv1___RNAseq.g10493.t1",2,0,0,NA,NA,NA,NA,"ME3"
"Porites_compressa_HIv1___RNAseq.g10497.t1",1,0,0,NA,NA,NA,NA,"ME10"
"Porites_compressa_HIv1___TS.g5138.t1",0,1,0,0.00497346697036912,"Monotonous",2,0.602532707786962,"ME2"
"Porites_compressa_HIv1___RNAseq.g10503.t1",2,0,0,NA,NA,NA,NA,"ME0"
"Porites_compressa_HIv1___RNAseq.g10507.t1",0,2,0,0.00321121720904981,"Transient",4,0.543337528237929,"ME3"
"Porites_compressa_HIv1___RNAseq.g10515.t1",0,2,0,NA,NA,NA,NA,"ME0"
"Porites_compressa_HIv1___TS.g5160.t1",0,1,0,NA,NA,NA,NA,"ME23"
"Porites_compressa_HIv1___RNAseq.g10526.t1",2,0,0,NA,NA,NA,NA,"ME0"
"Porites_compressa_HIv1___RNAseq.g10535.t1",0,0,1,0.0044320096062345,"Other",4,0.938446492010395,"ME3"
"Porites_compressa_HIv1___RNAseq.g10537.t1",0,0,1,NA,NA,NA,NA,"ME1"
"Porites_compressa_HIv1___RNAseq.g10541.t1",2,0,0,NA,NA,NA,NA,"ME0"
"Porites_compressa_HIv1___RNAseq.g10543.t1",0,0,1,0.000257091142229414,"Monotonous",1,0.880218122284826,"ME2"
"Porites_compressa_HIv1___RNAseq.g10547.t1b",0,0,1,0.00085481372458946,"Monotonous",NA,NA,"ME4"
"Porites_compressa_HIv1___RNAseq.g10551.t1",0,0,1,NA,NA,NA,NA,"ME0"
"Porites_compressa_HIv1___TS.g5194.t1",1,0,0,NA,NA,NA,NA,"ME1"
"Porites_compressa_HIv1___RNAseq.g10563.t1",1,0,0,NA,NA,NA,NA,"ME0"
"Porites_compressa_HIv1___RNAseq.g10564.t1",1,0,0,NA,NA,NA,NA,"ME1"
"Porites_compressa_HIv1___RNAseq.g10568.t1",2,0,0,0.00946184531623453,"Other",3,0.593431204243909,"ME2"
"Porites_compressa_HIv1___RNAseq.g10569.t1",1,0,0,0.00235173704920425,"Monotonous",3,0.613305807865372,"ME3"
"Porites_compressa_HIv1___RNAseq.g10570.t2",1,0,0,NA,NA,NA,NA,"ME1"
"Porites_compressa_HIv1___RNAseq.g10575.t1",0,0,1,NA,NA,NA,NA,"ME0"
"Porites_compressa_HIv1___RNAseq.g10579.t1",0,0,1,NA,NA,NA,NA,"ME0"
"Porites_compressa_HIv1___RNAseq.g10582.t1",0,0,1,0.0122832347733372,"Other",NA,NA,"ME4"
"Porites_compressa_HIv1___RNAseq.g10586.t1",1,0,0,NA,NA,NA,NA,"ME0"
"Porites_compressa_HIv1___RNAseq.g10909.t1",0,1,0,NA,NA,NA,NA,"ME0"
"Porites_compressa_HIv1___RNAseq.g10911.t1",0,0,1,NA,NA,NA,NA,"ME1"
"Porites_compressa_HIv1___RNAseq.g10912.t1",0,0,1,NA,NA,NA,NA,"ME1"
"Porites_compressa_HIv1___RNAseq.g10916.t1",0,0,1,0.00967064032114785,"Monotonous",5,0.552066038483215,"ME1"
"Porites_compressa_HIv1___RNAseq.g10914.t1",0,0,1,0.000175962482593978,"Monotonous",NA,NA,"ME1"
"Porites_compressa_HIv1___RNAseq.g10915.t1",0,0,1,NA,NA,NA,NA,"ME1"
"Porites_compressa_HIv1___RNAseq.g10917.t1",0,0,1,0.0197686083401727,"Transient",5,0.654455596541664,"ME1"
"Porites_compressa_HIv1___RNAseq.g10918.t1",1,0,0,0.00478053779972226,"Other",3,0.72865943589832,"ME3"
"Porites_compressa_HIv1___RNAseq.g10699.t1",0,1,0,NA,NA,NA,NA,"ME7"
"Porites_compressa_HIv1___TS.g5369.t1",2,0,0,NA,NA,NA,NA,"ME6"
"Porites_compressa_HIv1___RNAseq.1084_t",2,0,0,NA,NA,NA,NA,"ME2"
"Porites_compressa_HIv1___RNAseq.g10806.t1",1,0,0,NA,NA,NA,NA,"ME4"
"Porites_compressa_HIv1___RNAseq.g10834.t2",1,0,0,NA,NA,NA,NA,"ME0"
"Porites_compressa_HIv1___TS.g5476.t1c",1,0,0,NA,NA,NA,NA,"ME0"
"Porites_compressa_HIv1___TS.g5483.t1",1,1,0,NA,NA,NA,NA,"ME0"
"Porites_compressa_HIv1___RNAseq.g10853.t1",0,0,1,NA,NA,NA,NA,"ME0"
"Porites_compressa_HIv1___RNAseq.g10884.t1",1,0,0,NA,NA,NA,NA,"ME25"
"Porites_compressa_HIv1___RNAseq.g10665.t1",0,1,0,NA,NA,NA,NA,"ME3"
"Porites_compressa_HIv1___RNAseq.g10672.t1",0,0,1,NA,NA,NA,NA,"ME7"
"Porites_compressa_HIv1___RNAseq.g10673.t1",1,0,0,0.0499354813890297,"Other",4,0.56080422485084,"ME0"
"Porites_compressa_HIv1___RNAseq.g10676.t1",1,0,1,NA,NA,NA,NA,"ME3"
"Porites_compressa_HIv1___RNAseq.g10686.t1",0,2,0,7.30213428437288e-07,"Monotonous",2,0.763538742956863,"ME5"
"Porites_compressa_HIv1___RNAseq.g10688.t1",0,0,1,NA,NA,NA,NA,"ME3"
"Porites_compressa_HIv1___RNAseq.g10697.t1",0,0,1,0.000105976394256443,"Transient",5,0.951083025424677,"ME1"
"Porites_compressa_HIv1___RNAseq.g10707.t1",0,0,1,NA,NA,NA,NA,"ME0"
"Porites_compressa_HIv1___RNAseq.g10708.t1",1,0,0,0.00179022948903867,"Monotonous",2,0.809067522329514,"ME2"
"Porites_compressa_HIv1___RNAseq.g10710.t1",0,0,1,0.00913075519706604,"Transient",4,0.660848000765221,"ME0"
"Porites_compressa_HIv1___RNAseq.g10713.t1",1,0,0,0.00698376042873661,"Other",2,0.882335802577408,"ME4"
"Porites_compressa_HIv1___RNAseq.g10718.t1",0,1,0,NA,NA,NA,NA,"ME0"
"Porites_compressa_HIv1___RNAseq.g10724.t1",0,0,1,NA,NA,NA,NA,"ME0"
"Porites_compressa_HIv1___RNAseq.g10729.t1",0,1,0,0.00173739938990817,"Transient",5,0.933617524060428,"ME1"
"Porites_compressa_HIv1___RNAseq.g10731.t1",2,0,0,NA,NA,NA,NA,"ME0"
"Porites_compressa_HIv1___RNAseq.g10732.t1",0,0,1,3.76787479262858e-05,"Monotonous",5,0.668916405553026,"ME1"
"Porites_compressa_HIv1___RNAseq.g10733.t1",0,1,0,0.00114542071549782,"Other",5,0.853045775296975,"ME1"
"Porites_compressa_HIv1___RNAseq.g10745.t1",1,0,0,NA,NA,NA,NA,"ME0"
"Porites_compressa_HIv1___RNAseq.g10747.t1",1,0,0,0.000424022243689316,"Transient",5,0.978825645986982,"ME1"
"Porites_compressa_HIv1___TS.g5402.t2b",0,1,0,3.27861191737996e-05,"Monotonous",2,0.718632373359671,"ME4"
"Porites_compressa_HIv1___RNAseq.g10765.t1",0,0,1,NA,NA,NA,NA,"ME1"
"Porites_compressa_HIv1___RNAseq.g10773.t1",1,1,0,0.0483969298548001,"Other",1,0.884676826846929,"ME14"
"Porites_compressa_HIv1___TS.g5412.t1",0,1,0,0.0444834969313977,"Monotonous",2,0.636237889651417,"ME16"
"Porites_compressa_HIv1___RNAseq.g10784.t1",0,0,1,NA,NA,NA,NA,"ME0"
"Porites_compressa_HIv1___RNAseq.g10785.t1",1,0,0,0.0280984256654547,"Monotonous",6,0.841282002674738,"ME1"
"Porites_compressa_HIv1___RNAseq.g10791.t2",1,0,0,NA,NA,NA,NA,"ME4"
"Porites_compressa_HIv1___RNAseq.g10793.t1",1,0,0,0.000950914942363467,"Transient",NA,NA,"ME2"
"Porites_compressa_HIv1___RNAseq.g10794.t1",1,0,0,0.000327787353483887,"Transient",5,0.720446546096973,"ME1"
"Porites_compressa_HIv1___TS.g5441.t1",0,1,0,0.00969849096357423,"Other",5,0.966641626626367,"ME1"
"Porites_compressa_HIv1___RNAseq.g10807.t1",1,0,0,NA,NA,NA,NA,"ME10"
"Porites_compressa_HIv1___RNAseq.g10810.t1",1,0,0,NA,NA,NA,NA,"ME3"
"Porites_compressa_HIv1___RNAseq.1105_t",1,0,0,NA,NA,NA,NA,"ME0"
"Porites_compressa_HIv1___RNAseq.g10819.t1",0,0,1,NA,NA,NA,NA,"ME11"
"Porites_compressa_HIv1___TS.g5456.t1",2,0,0,0.0147983843058901,"Monotonous",2,0.738075367495311,"ME4"
"Porites_compressa_HIv1___RNAseq.g10822.t1",1,0,0,NA,NA,NA,NA,"ME1"
"Porites_compressa_HIv1___RNAseq.g10840.t1",1,0,0,NA,NA,NA,NA,"ME19"
"Porites_compressa_HIv1___TS.g5485.t1",0,1,0,NA,NA,NA,NA,"ME3"
"Porites_compressa_HIv1___RNAseq.g10848.t1",0,0,1,NA,NA,NA,NA,"ME7"
"Porites_compressa_HIv1___TS.g5488.t1",0,0,1,NA,NA,NA,NA,"ME0"
"Porites_compressa_HIv1___RNAseq.g10859.t1",1,0,1,0.0141662216582347,"Other",4,0.586677526751232,"ME0"
"Porites_compressa_HIv1___RNAseq.g10860.t1",0,0,1,NA,NA,NA,NA,"ME0"
"Porites_compressa_HIv1___RNAseq.g10861.t1",1,0,1,NA,NA,NA,NA,"ME0"
"Porites_compressa_HIv1___RNAseq.g10863.t1",1,0,0,NA,NA,NA,NA,"ME21"
"Porites_compressa_HIv1___RNAseq.g10864.t1",1,0,1,NA,NA,NA,NA,"ME0"
"Porites_compressa_HIv1___RNAseq.g10865.t1",0,0,1,NA,NA,NA,NA,"ME0"
"Porites_compressa_HIv1___RNAseq.g10870.t1",0,0,1,NA,NA,NA,NA,"ME0"
"Porites_compressa_HIv1___RNAseq.g10878.t1",0,0,1,0.0122715914328286,"Monotonous",6,0.878480061877352,"ME1"
"Porites_compressa_HIv1___RNAseq.g10881.t1",1,0,0,0.00401962560579612,"Other",NA,NA,"ME1"
"Porites_compressa_HIv1___RNAseq.g10888.t1",0,0,1,0.0335424375972991,"Other",4,0.872005109312618,"ME3"
"Porites_compressa_HIv1___RNAseq.g10889.t1",0,0,1,NA,NA,NA,NA,"ME3"
"Porites_compressa_HIv1___RNAseq.g10897.t1",0,0,1,NA,NA,NA,NA,"ME0"
"Porites_compressa_HIv1___RNAseq.g10900.t1",0,1,0,0.000405319832508307,"Other",3,0.700185458915945,"ME2"
"Porites_compressa_HIv1___TS.g5542.t1",0,0,1,NA,NA,NA,NA,"ME3"
"Porites_compressa_HIv1___RNAseq.g10997.t2",0,1,0,NA,NA,NA,NA,"ME6"
"Porites_compressa_HIv1___RNAseq.g10926.t1",0,0,1,NA,NA,NA,NA,"ME1"
"Porites_compressa_HIv1___RNAseq.g10927.t1",0,1,0,NA,NA,NA,NA,"ME1"
"Porites_compressa_HIv1___RNAseq.g10932.t1",1,0,0,NA,NA,NA,NA,"ME0"
"Porites_compressa_HIv1___RNAseq.g10933.t1",0,1,0,NA,NA,NA,NA,"ME0"
"Porites_compressa_HIv1___RNAseq.g10935.t1",0,1,0,NA,NA,NA,NA,"ME0"
"Porites_compressa_HIv1___RNAseq.g10940.t1",0,0,1,NA,NA,NA,NA,"ME0"
"Porites_compressa_HIv1___RNAseq.g10943.t1",1,0,0,NA,NA,NA,NA,"ME0"
"Porites_compressa_HIv1___RNAseq.g10945.t1",0,0,1,NA,NA,NA,NA,"ME1"
"Porites_compressa_HIv1___RNAseq.g10947.t1",0,0,1,NA,NA,NA,NA,"ME1"
"Porites_compressa_HIv1___RNAseq.g10954.t1",0,1,0,NA,NA,NA,NA,"ME1"
"Porites_compressa_HIv1___RNAseq.g10955.t1",1,0,0,NA,NA,NA,NA,"ME1"
"Porites_compressa_HIv1___RNAseq.g10965.t1",1,0,0,NA,NA,NA,NA,"ME1"
"Porites_compressa_HIv1___RNAseq.g10966.t1",0,1,0,NA,NA,NA,NA,"ME2"
"Porites_compressa_HIv1___RNAseq.g10974.t1",2,0,0,NA,NA,NA,NA,"ME1"
"Porites_compressa_HIv1___RNAseq.g10976.t1",0,1,0,NA,NA,NA,NA,"ME1"
"Porites_compressa_HIv1___RNAseq.g10980.t1",0,0,1,NA,NA,NA,NA,"ME0"
"Porites_compressa_HIv1___RNAseq.g10983.t1",1,0,0,0.0264652484603139,"Other",4,0.554282913350772,"ME0"
"Porites_compressa_HIv1___TS.g5622.t1a",1,0,0,0.0320357903209646,"Other",3,0.798120444805174,"ME3"
"Porites_compressa_HIv1___RNAseq.g10987.t1",0,1,0,NA,NA,NA,NA,"ME0"
"Porites_compressa_HIv1___RNAseq.g10988.t1",0,1,0,0.000270807633561371,"Transient",1,0.790201973098332,"ME0"
"Porites_compressa_HIv1___RNAseq.g10990.t1",1,0,0,NA,NA,NA,NA,"ME1"
"Porites_compressa_HIv1___TS.g5630.t1",0,0,1,NA,NA,NA,NA,"ME0"
"Porites_compressa_HIv1___RNAseq.g10994.t1",1,0,1,NA,NA,NA,NA,"ME4"
"Porites_compressa_HIv1___RNAseq.g10998.t2",1,0,0,NA,NA,NA,NA,"ME1"
"Porites_compressa_HIv1___RNAseq.g11000.t1",1,0,0,0.00996118794705628,"Other",6,0.711189540285758,"ME1"
"Porites_compressa_HIv1___RNAseq.g11003.t2",1,0,0,NA,NA,NA,NA,"ME3"
"Porites_compressa_HIv1___TS.g5645.t1",0,0,1,NA,NA,NA,NA,"ME0"
"Porites_compressa_HIv1___RNAseq.g11013.t1",1,0,0,0.000613141121442136,"Monotonous",NA,NA,"ME0"
"Porites_compressa_HIv1___TS.g5653.t1",0,1,0,NA,NA,NA,NA,"ME0"
"Porites_compressa_HIv1___RNAseq.g11028.t1a",0,0,1,NA,NA,NA,NA,"ME0"
"Porites_compressa_HIv1___RNAseq.g11033.t1",1,0,1,NA,NA,NA,NA,"ME5"
"Porites_compressa_HIv1___RNAseq.g13100.t1",0,1,0,NA,NA,NA,NA,"ME0"
"Porites_compressa_HIv1___RNAseq.1365_t",1,0,0,NA,NA,NA,NA,"ME0"
"Porites_compressa_HIv1___RNAseq.g13119.t2",0,1,0,NA,NA,NA,NA,"ME7"
"Porites_compressa_HIv1___RNAseq.g13131.t1",0,0,1,NA,NA,NA,NA,"ME1"
"Porites_compressa_HIv1___RNAseq.g13144.t1",1,0,0,NA,NA,NA,NA,"ME0"
"Porites_compressa_HIv1___RNAseq.g13145.t1",0,1,0,NA,NA,NA,NA,"ME7"
"Porites_compressa_HIv1___RNAseq.g13069.t1",0,1,0,NA,NA,NA,NA,"ME1"
"Porites_compressa_HIv1___RNAseq.g13072.t1",0,0,1,NA,NA,NA,NA,"ME1"
"Porites_compressa_HIv1___TS.g6286.t1",0,0,1,NA,NA,NA,NA,"ME8"
"Porites_compressa_HIv1___RNAseq.g13078.t1",0,1,1,0.0320633458837679,"Other",5,0.970243788038441,"ME1"
"Porites_compressa_HIv1___RNAseq.g13079.t1b",0,2,0,NA,NA,NA,NA,"ME0"
"Porites_compressa_HIv1___RNAseq.g13079.t1a",0,0,1,NA,NA,NA,NA,"ME0"
"Porites_compressa_HIv1___TS.g6293.t1",0,0,1,0.00217733564891858,"Monotonous",2,0.76041862628841,"ME4"
"Porites_compressa_HIv1___RNAseq.g13090.t1",1,0,0,NA,NA,NA,NA,"ME1"
"Porites_compressa_HIv1___RNAseq.g13108.t1",2,0,0,NA,NA,NA,NA,"ME11"
"Porites_compressa_HIv1___RNAseq.g13113.t1",1,0,0,4.90763383296787e-05,"Transient",5,0.958078729840751,"ME1"
"Porites_compressa_HIv1___RNAseq.g13114.t1",0,0,1,NA,NA,NA,NA,"ME8"
"Porites_compressa_HIv1___TS.g6324.t1",0,1,0,NA,NA,NA,NA,"ME25"
"Porites_compressa_HIv1___RNAseq.g13121.t1",1,0,0,NA,NA,NA,NA,"ME6"
"Porites_compressa_HIv1___RNAseq.g13158.t1",0,0,1,NA,NA,NA,NA,"ME0"
"Porites_compressa_HIv1___RNAseq.g13368.t1",1,1,0,NA,NA,NA,NA,"ME0"
"Porites_compressa_HIv1___RNAseq.g13469.t1",0,0,1,NA,NA,NA,NA,"ME4"
"Porites_compressa_HIv1___TS.g6691.t1",1,0,0,NA,NA,NA,NA,"ME9"
"Porites_compressa_HIv1___RNAseq.g13487.t1",1,0,0,NA,NA,NA,NA,"ME8"
"Porites_compressa_HIv1___RNAseq.g13488.t1",1,0,0,NA,NA,NA,NA,"ME0"
"Porites_compressa_HIv1___RNAseq.g13493.t1",2,0,0,NA,NA,NA,NA,"ME15"
"Porites_compressa_HIv1___RNAseq.g13477.t1",1,0,0,NA,NA,NA,NA,"ME6"
"Porites_compressa_HIv1___RNAseq.g13495.t1",1,0,0,NA,NA,NA,NA,"ME0"
"Porites_compressa_HIv1___TS.g6646.t1",0,0,1,NA,NA,NA,NA,"ME0"
"Porites_compressa_HIv1___RNAseq.g13447.t1",0,1,0,NA,NA,NA,NA,"ME28"
"Porites_compressa_HIv1___RNAseq.g13435.t1",1,0,0,NA,NA,NA,NA,"ME4"
"Porites_compressa_HIv1___RNAseq.g13442.t1",0,0,1,NA,NA,NA,NA,"ME0"
"Porites_compressa_HIv1___TS.g6660.t1",1,0,0,NA,NA,NA,NA,"ME0"
"Porites_compressa_HIv1___RNAseq.g13461.t1",0,0,1,NA,NA,NA,NA,"ME2"
"Porites_compressa_HIv1___RNAseq.g13463.t1",0,1,1,0.0142106035621198,"Other",NA,NA,"ME1"
"Porites_compressa_HIv1___RNAseq.g13467.t1",0,1,0,NA,NA,NA,NA,"ME1"
"Porites_compressa_HIv1___RNAseq.g13496.t1",2,0,0,NA,NA,NA,NA,"ME0"
"Porites_compressa_HIv1___TS.g6693.t1",1,0,0,NA,NA,NA,NA,"ME1"
"Porites_compressa_HIv1___RNAseq.g13491.t1",1,2,0,NA,NA,NA,NA,"ME1"
"Porites_compressa_HIv1___RNAseq.g13398.t1",1,1,0,NA,NA,NA,NA,"ME0"
"Porites_compressa_HIv1___RNAseq.g13370.t1",2,0,0,NA,NA,NA,NA,"ME2"
"Porites_compressa_HIv1___RNAseq.g13372.t1",1,0,0,0.0147428553861262,"Transient",4,0.67602554805358,"ME3"
"Porites_compressa_HIv1___RNAseq.g13373.t1",1,0,0,NA,NA,NA,NA,"ME2"
"Porites_compressa_HIv1___RNAseq.g13374.t1",1,0,0,NA,NA,NA,NA,"ME14"
"Porites_compressa_HIv1___RNAseq.g13376.t1",1,0,0,NA,NA,NA,NA,"ME0"
"Porites_compressa_HIv1___RNAseq.g13383.t1",1,0,0,NA,NA,NA,NA,"ME14"
"Porites_compressa_HIv1___RNAseq.g13386.t1",0,0,1,0.0245987598659871,"Other",NA,NA,"ME21"
"Porites_compressa_HIv1___RNAseq.g13389.t1",1,0,0,NA,NA,NA,NA,"ME0"
"Porites_compressa_HIv1___RNAseq.g13396.t1",0,0,1,NA,NA,NA,NA,"ME17"
"Porites_compressa_HIv1___TS.g6613.t1",1,0,0,NA,NA,NA,NA,"ME1"
"Porites_compressa_HIv1___RNAseq.g13407.t1",1,0,0,NA,NA,NA,NA,"ME0"
"Porites_compressa_HIv1___RNAseq.g13412.t1",2,0,0,0.0125661187421218,"Other",6,0.971888822598767,"ME1"
"Porites_compressa_HIv1___RNAseq.g13414.t1",0,1,0,0.000259653672384196,"Other",1,0.834021062407449,"ME0"
"Porites_compressa_HIv1___RNAseq.g13415.t1",1,0,1,NA,NA,NA,NA,"ME1"
"Porites_compressa_HIv1___RNAseq.g13417.t1",2,0,0,0.0193366989577638,"Other",3,0.90975947112131,"ME3"
"Porites_compressa_HIv1___RNAseq.g13428.t1",0,0,1,NA,NA,NA,NA,"ME4"
"Porites_compressa_HIv1___RNAseq.g13179.t1",1,0,0,NA,NA,NA,NA,"ME0"
"Porites_compressa_HIv1___TS.g6396.t1",0,1,0,NA,NA,NA,NA,"ME7"
"Porites_compressa_HIv1___RNAseq.g13186.t1",1,0,0,NA,NA,NA,NA,"ME17"
"Porites_compressa_HIv1___RNAseq.g13318.t1",1,0,0,NA,NA,NA,NA,"ME24"
"Porites_compressa_HIv1___TS.g6565.t1",1,0,0,NA,NA,NA,NA,"ME3"
"Porites_compressa_HIv1___RNAseq.g13164.t1",1,0,0,0.00596592609666328,"Other",3,0.683357488291644,"ME0"
"Porites_compressa_HIv1___RNAseq.g13165.t1",1,0,0,NA,NA,NA,NA,"ME0"
"Porites_compressa_HIv1___RNAseq.g13174.t1",1,0,0,NA,NA,NA,NA,"ME0"
"Porites_compressa_HIv1___RNAseq.g13180.t1",1,0,0,NA,NA,NA,NA,"ME1"
"Porites_compressa_HIv1___RNAseq.g13181.t1",0,2,0,NA,NA,NA,NA,"ME1"
"Porites_compressa_HIv1___RNAseq.g13184.t1",2,0,0,NA,NA,NA,NA,"ME13"
"Porites_compressa_HIv1___RNAseq.g13197.t1",1,0,0,NA,NA,NA,NA,"ME0"
"Porites_compressa_HIv1___RNAseq.g13207.t1",1,0,0,NA,NA,NA,NA,"ME7"
"Porites_compressa_HIv1___RNAseq.g13208.t1",0,0,1,NA,NA,NA,NA,"ME24"
"Porites_compressa_HIv1___RNAseq.g13217.t1",1,0,0,2.23961550727059e-06,"Transient",5,0.610881788011093,"ME1"
"Porites_compressa_HIv1___TS.g6429.t3",1,0,0,0.010949855163566,"Other",6,0.814068031464758,"ME1"
"Porites_compressa_HIv1___RNAseq.g13224.t1",1,0,0,0.0062153261752418,"Other",5,0.933294585745155,"ME1"
"Porites_compressa_HIv1___RNAseq.g13225.t1",1,0,0,NA,NA,NA,NA,"ME1"
"Porites_compressa_HIv1___RNAseq.g13226.t1",2,0,0,NA,NA,NA,NA,"ME0"
"Porites_compressa_HIv1___TS.g6438.t2",0,0,1,0.000295926712975894,"Monotonous",1,0.585398859164655,"ME16"
"Porites_compressa_HIv1___TS.g6441.t1",0,0,1,NA,NA,NA,NA,"ME0"
"Porites_compressa_HIv1___RNAseq.g13236.t1",1,0,0,NA,NA,NA,NA,"ME2"
"Porites_compressa_HIv1___RNAseq.g13239.t1",0,1,0,0.0249316274529493,"Transient",4,0.826851937841047,"ME0"
"Porites_compressa_HIv1___TS.g6456.t1b",1,0,0,NA,NA,NA,NA,"ME0"
"Porites_compressa_HIv1___RNAseq.g13262.t1",0,1,0,NA,NA,NA,NA,"ME0"
"Porites_compressa_HIv1___TS.g6509.t2a",0,1,0,NA,NA,NA,NA,"ME1"
"Porites_compressa_HIv1___RNAseq.g13306.t1",1,0,0,NA,NA,NA,NA,"ME14"
"Porites_compressa_HIv1___RNAseq.g13307.t1",2,0,0,NA,NA,NA,NA,"ME11"
"Porites_compressa_HIv1___RNAseq.g13308.t1",1,0,0,NA,NA,NA,NA,"ME0"
"Porites_compressa_HIv1___RNAseq.g13309.t1",1,0,0,0.00490163377580525,"Other",6,0.947250248431032,"ME1"
"Porites_compressa_HIv1___RNAseq.g13311.t1",0,0,1,NA,NA,NA,NA,"ME1"
"Porites_compressa_HIv1___TS.g6519.t1",0,0,2,0.00153121363826764,"Monotonous",1,0.681735878055639,"ME4"
"Porites_compressa_HIv1___RNAseq.g13315.t1a",0,1,0,NA,NA,NA,NA,"ME3"
"Porites_compressa_HIv1___TS.g6533.t1",1,0,0,NA,NA,NA,NA,"ME0"
"Porites_compressa_HIv1___RNAseq.g13333.t1",0,0,1,NA,NA,NA,NA,"ME8"
"Porites_compressa_HIv1___RNAseq.g13341.t2",0,0,1,NA,NA,NA,NA,"ME0"
"Porites_compressa_HIv1___RNAseq.g13343.t1",0,2,0,NA,NA,NA,NA,"ME26"
"Porites_compressa_HIv1___RNAseq.g13345.t1",1,0,0,NA,NA,NA,NA,"ME12"
"Porites_compressa_HIv1___RNAseq.g13349.t1b",1,1,1,NA,NA,NA,NA,"ME0"
"Porites_compressa_HIv1___TS.g6560.t1",1,0,1,6.93730056698797e-07,"Monotonous",2,0.528962440425499,"ME2"
"Porites_compressa_HIv1___RNAseq.g13358.t1",0,1,0,NA,NA,NA,NA,"ME0"
"Porites_compressa_HIv1___RNAseq.g13363.t1",0,1,0,0.00984289472790338,"Transient",5,0.941230012700774,"ME1"
"Porites_compressa_HIv1___TS.g6930.t1",1,0,0,NA,NA,NA,NA,"ME0"
"Porites_compressa_HIv1___TS.g6937.t1",0,3,0,NA,NA,NA,NA,"ME0"
"Porites_compressa_HIv1___TS.g6938.t1",0,0,1,NA,NA,NA,NA,"ME1"
"Porites_compressa_HIv1___RNAseq.g13739.t1",3,0,0,NA,NA,NA,NA,"ME4"
"Porites_compressa_HIv1___RNAseq.g13757.t1",1,0,0,NA,NA,NA,NA,"ME0"
"Porites_compressa_HIv1___RNAseq.2045_t",0,1,0,NA,NA,NA,NA,"ME0"
"Porites_compressa_HIv1___TS.g6964.t1",1,0,0,0.0391096476281634,"Other",6,0.820545231604052,"ME0"
"Porites_compressa_HIv1___RNAseq.2061_t",1,0,0,0.000885313028200456,"Other",1,0.903345721956291,"ME12"
"Porites_compressa_HIv1___RNAseq.g13772.t1",0,0,1,0.0354614551686146,"Other",1,0.946477729458791,"ME12"
"Porites_compressa_HIv1___TS.g6985.t2",1,1,0,NA,NA,NA,NA,"ME3"
"Porites_compressa_HIv1___RNAseq.g13776.t1",1,0,0,NA,NA,NA,NA,"ME1"
"Porites_compressa_HIv1___RNAseq.g13780.t1",0,0,1,NA,NA,NA,NA,"ME0"
"Porites_compressa_HIv1___RNAseq.g13781.t1",0,0,1,NA,NA,NA,NA,"ME0"
"Porites_compressa_HIv1___TS.g6993.t1",1,0,0,NA,NA,NA,NA,"ME0"
"Porites_compressa_HIv1___RNAseq.g13589.t1",1,1,0,NA,NA,NA,NA,"ME0"
"Porites_compressa_HIv1___RNAseq.g13607.t1",1,0,0,NA,NA,NA,NA,"ME1"
"Porites_compressa_HIv1___RNAseq.g13608.t1",0,1,0,NA,NA,NA,NA,"ME6"
"Porites_compressa_HIv1___RNAseq.g13655.t1",2,0,0,0.00266124331715444,"Other",2,0.786485598672492,"ME4"
"Porites_compressa_HIv1___RNAseq.g13500.t1",1,0,0,NA,NA,NA,NA,"ME0"
"Porites_compressa_HIv1___RNAseq.g13515.t1",1,0,0,NA,NA,NA,NA,"ME0"
"Porites_compressa_HIv1___RNAseq.g13516.t1",1,0,0,0.0189074997658307,"Other",4,0.561791864864966,"ME3"
"Porites_compressa_HIv1___RNAseq.g13517.t1",0,1,0,NA,NA,NA,NA,"ME5"
"Porites_compressa_HIv1___RNAseq.g13518.t1",0,1,0,NA,NA,NA,NA,"ME1"
"Porites_compressa_HIv1___RNAseq.g13523.t1",0,1,0,NA,NA,NA,NA,"ME1"
"Porites_compressa_HIv1___RNAseq.g13525.t1",0,1,0,0.0248657924492568,"Transient",5,0.738711806120279,"ME1"
"Porites_compressa_HIv1___RNAseq.g13533.t1",0,1,0,NA,NA,NA,NA,"ME1"
"Porites_compressa_HIv1___TS.g6747.t1",0,1,0,NA,NA,NA,NA,"ME0"
"Porites_compressa_HIv1___RNAseq.g13547.t1",0,0,1,NA,NA,NA,NA,"ME0"
"Porites_compressa_HIv1___TS.g6752.t1",0,1,0,NA,NA,NA,NA,"ME0"
"Porites_compressa_HIv1___RNAseq.g13563.t1",1,0,0,NA,NA,NA,NA,"ME5"
"Porites_compressa_HIv1___TS.g6776.t1",0,1,0,NA,NA,NA,NA,"ME4"
"Porites_compressa_HIv1___RNAseq.g13584.t1",1,0,0,NA,NA,NA,NA,"ME0"
"Porites_compressa_HIv1___RNAseq.g13585.t1",0,0,1,0.00259674368284709,"Transient",5,0.993798162960815,"ME1"
"Porites_compressa_HIv1___RNAseq.g13586.t3",1,2,0,NA,NA,NA,NA,"ME1"
"Porites_compressa_HIv1___RNAseq.g13587.t1",1,1,0,NA,NA,NA,NA,"ME1"
"Porites_compressa_HIv1___RNAseq.g13593.t1",1,0,0,NA,NA,NA,NA,"ME4"
"Porites_compressa_HIv1___TS.g6802.t1",1,0,0,0.00858233099555424,"Other",NA,NA,"ME4"
"Porites_compressa_HIv1___RNAseq.g13599.t1",1,0,0,NA,NA,NA,NA,"ME0"
"Porites_compressa_HIv1___TS.g6807.t1",0,1,0,NA,NA,NA,NA,"ME4"
"Porites_compressa_HIv1___RNAseq.g13612.t1",1,0,0,NA,NA,NA,NA,"ME2"
"Porites_compressa_HIv1___RNAseq.g13614.t1",0,1,0,0.000477282475447418,"Transient",NA,NA,"ME0"
"Porites_compressa_HIv1___RNAseq.1906_t",0,1,0,5.81893658898363e-05,"Monotonous",2,0.546783422217029,"ME4"
"Porites_compressa_HIv1___RNAseq.g13623.t1",1,0,0,0.0038961072073657,"Other",NA,NA,"ME1"
"Porites_compressa_HIv1___RNAseq.g13624.t1",1,0,0,NA,NA,NA,NA,"ME1"
"Porites_compressa_HIv1___RNAseq.g13625.t1",0,1,0,NA,NA,NA,NA,"ME4"
"Porites_compressa_HIv1___RNAseq.g13627.t1",0,1,0,0.000193106045791043,"Monotonous",1,0.947444857572566,"ME12"
"Porites_compressa_HIv1___RNAseq.g13628.t1",1,0,0,0.00533450095531688,"Other",5,0.955892207606578,"ME1"
"Porites_compressa_HIv1___RNAseq.g13630.t1",1,1,0,NA,NA,NA,NA,"ME1"
"Porites_compressa_HIv1___RNAseq.g13639.t1",1,0,0,0.0159429053554089,"Monotonous",NA,NA,"ME4"
"Porites_compressa_HIv1___RNAseq.g13640.t1",2,0,0,2.85655118158576e-05,"Monotonous",2,0.618569136117487,"ME4"
"Porites_compressa_HIv1___RNAseq.g13657.t1",1,0,0,NA,NA,NA,NA,"ME6"
"Porites_compressa_HIv1___RNAseq.g13663.t1",0,1,0,2.02856644818086e-06,"Monotonous",2,0.986207406910436,"ME4"
"Porites_compressa_HIv1___TS.g6877.t1",1,0,0,0.0151518110526335,"Other",1,0.511164530387985,"ME2"
"Porites_compressa_HIv1___RNAseq.g13673.t1",1,0,0,NA,NA,NA,NA,"ME4"
"Porites_compressa_HIv1___RNAseq.g13678.t1",0,0,1,NA,NA,NA,NA,"ME4"
"Porites_compressa_HIv1___RNAseq.g13691.t1",1,0,0,NA,NA,NA,NA,"ME0"
"Porites_compressa_HIv1___RNAseq.g13705.t1",0,0,2,NA,NA,NA,NA,"ME0"
"Porites_compressa_HIv1___RNAseq.g31990.t1",0,1,0,NA,NA,NA,NA,"ME0"
"Porites_compressa_HIv1___TS.g25815.t2a",0,1,0,NA,NA,NA,NA,"ME7"
"Porites_compressa_HIv1___RNAseq.g31991.t1",0,0,1,NA,NA,NA,NA,"ME1"
"Porites_compressa_HIv1___RNAseq.g32031.t1",2,0,0,NA,NA,NA,NA,"ME11"
"Porites_compressa_HIv1___RNAseq.g31996.t1",1,0,0,NA,NA,NA,NA,"ME1"
"Porites_compressa_HIv1___RNAseq.g32005.t1",0,0,1,NA,NA,NA,NA,"ME1"
"Porites_compressa_HIv1___RNAseq.g32006.t1",0,1,3,NA,NA,NA,NA,"ME0"
"Porites_compressa_HIv1___TS.g25832.t2",0,0,1,NA,NA,NA,NA,"ME4"
"Porites_compressa_HIv1___RNAseq.g32018.t1",0,1,0,0.0420119675735688,"Other",5,0.892402270970031,"ME1"
"Porites_compressa_HIv1___RNAseq.g32020.t1",1,0,0,NA,NA,NA,NA,"ME15"
"Porites_compressa_HIv1___RNAseq.g32034.t1",0,1,0,NA,NA,NA,NA,"ME0"
"Porites_compressa_HIv1___RNAseq.g31849.t1",1,0,0,NA,NA,NA,NA,"ME0"
"Porites_compressa_HIv1___RNAseq.g31868.t1",1,0,0,NA,NA,NA,NA,"ME0"
"Porites_compressa_HIv1___RNAseq.g31887.t1",0,1,0,NA,NA,NA,NA,"ME1"
"Porites_compressa_HIv1___TS.g25712.t1",0,1,0,NA,NA,NA,NA,"ME7"
"Porites_compressa_HIv1___RNAseq.g31915.t1",1,0,0,NA,NA,NA,NA,"ME14"
"Porites_compressa_HIv1___RNAseq.g31934.t1a",0,2,0,NA,NA,NA,NA,"ME0"
"Porites_compressa_HIv1___RNAseq.g31977.t1",1,0,0,NA,NA,NA,NA,"ME0"
"Porites_compressa_HIv1___RNAseq.g31848.t1",1,0,0,0.000878545229859569,"Monotonous",2,0.763271027795915,"ME4"
"Porites_compressa_HIv1___RNAseq.g31850.t1",0,1,0,1.50572588320724e-10,"Transient",1,0.746568828114655,"ME0"
"Porites_compressa_HIv1___RNAseq.g31862.t1",0,1,0,NA,NA,NA,NA,"ME12"
"Porites_compressa_HIv1___RNAseq.g31865.t1",0,1,1,NA,NA,NA,NA,"ME1"
"Porites_compressa_HIv1___RNAseq.g31872.t1",1,0,0,NA,NA,NA,NA,"ME6"
"Porites_compressa_HIv1___RNAseq.g31890.t1",2,2,0,NA,NA,NA,NA,"ME7"
"Porites_compressa_HIv1___RNAseq.g31901.t1",1,0,0,NA,NA,NA,NA,"ME2"
"Porites_compressa_HIv1___RNAseq.g31903.t1",1,0,0,NA,NA,NA,NA,"ME2"
"Porites_compressa_HIv1___RNAseq.g31905.t1",0,1,0,NA,NA,NA,NA,"ME1"
"Porites_compressa_HIv1___RNAseq.g31913.t1",0,0,1,NA,NA,NA,NA,"ME16"
"Porites_compressa_HIv1___TS.g25750.t1",0,0,1,NA,NA,NA,NA,"ME1"
"Porites_compressa_HIv1___RNAseq.g31925.t1",1,0,0,NA,NA,NA,NA,"ME0"
"Porites_compressa_HIv1___RNAseq.g31934.t1b",1,0,0,NA,NA,NA,NA,"ME26"
"Porites_compressa_HIv1___RNAseq.g31939.t1",1,0,0,NA,NA,NA,NA,"ME0"
"Porites_compressa_HIv1___RNAseq.g31948.t1",1,0,0,NA,NA,NA,NA,"ME0"
"Porites_compressa_HIv1___RNAseq.g31949.t1",1,0,0,NA,NA,NA,NA,"ME3"
"Porites_compressa_HIv1___TS.g25778.t1",0,0,1,NA,NA,NA,NA,"ME0"
"Porites_compressa_HIv1___RNAseq.g31960.t1",1,1,0,NA,NA,NA,NA,"ME0"
"Porites_compressa_HIv1___RNAseq.g31961.t1",0,0,1,0.0180873787824211,"Other",5,0.547519275337801,"ME1"
"Porites_compressa_HIv1___RNAseq.g31965.t1",1,1,0,NA,NA,NA,NA,"ME0"
"Porites_compressa_HIv1___TS.g25796.t1",1,0,0,NA,NA,NA,NA,"ME1"
"Porites_compressa_HIv1___RNAseq.g31974.t1",1,0,0,NA,NA,NA,NA,"ME0"
"Porites_compressa_HIv1___RNAseq.g32147.t1",1,0,0,NA,NA,NA,NA,"ME0"
"Porites_compressa_HIv1___RNAseq.g32143.t1",0,0,1,NA,NA,NA,NA,"ME0"
"Porites_compressa_HIv1___TS.g25974.t1",0,0,1,NA,NA,NA,NA,"ME0"
"Porites_compressa_HIv1___RNAseq.g32111.t1",1,0,0,NA,NA,NA,NA,"ME0"
"Porites_compressa_HIv1___RNAseq.g32124.t1",1,0,0,NA,NA,NA,NA,"ME0"
"Porites_compressa_HIv1___RNAseq.g32132.t1",0,0,1,NA,NA,NA,NA,"ME6"
"Porites_compressa_HIv1___TS.g25875.t1",0,1,0,NA,NA,NA,NA,"ME2"
"Porites_compressa_HIv1___RNAseq.g32053.t1",0,1,0,NA,NA,NA,NA,"ME1"
"Porites_compressa_HIv1___TS.g25881.t1",1,0,0,NA,NA,NA,NA,"ME0"
"Porites_compressa_HIv1___RNAseq.g32062.t1",0,1,2,NA,NA,NA,NA,"ME1"
"Porites_compressa_HIv1___RNAseq.g32063.t1",0,0,2,NA,NA,NA,NA,"ME0"
"Porites_compressa_HIv1___RNAseq.g32068.t1",0,1,0,NA,NA,NA,NA,"ME0"
"Porites_compressa_HIv1___RNAseq.g32073.t1",0,1,0,NA,NA,NA,NA,"ME0"
"Porites_compressa_HIv1___RNAseq.g32074.t1",2,0,0,0.000612772928428239,"Monotonous",2,0.907510582083617,"ME4"
"Porites_compressa_HIv1___RNAseq.g32089.t1",0,1,0,0.0294455443086957,"Monotonous",6,0.939744267532394,"ME1"
"Porites_compressa_HIv1___RNAseq.g32090.t1",0,1,0,NA,NA,NA,NA,"ME0"
"Porites_compressa_HIv1___RNAseq.g32091.t1",0,1,0,0.0304242100115395,"Other",NA,NA,"ME1"
"Porites_compressa_HIv1___RNAseq.g32098.t1",0,0,2,6.40139296888596e-07,"Transient",5,0.931788242112257,"ME1"
"Porites_compressa_HIv1___TS.g25923.t1",0,1,0,NA,NA,NA,NA,"ME0"
"Porites_compressa_HIv1___TS.g25925.t1",1,0,0,NA,NA,NA,NA,"ME1"
"Porites_compressa_HIv1___TS.g25936.t1",0,0,1,NA,NA,NA,NA,"ME3"
"Porites_compressa_HIv1___RNAseq.g32114.t1",0,2,0,NA,NA,NA,NA,"ME0"
"Porites_compressa_HIv1___RNAseq.g32121.t1",0,1,0,NA,NA,NA,NA,"ME0"
"Porites_compressa_HIv1___TS.g25967.t1",1,0,0,NA,NA,NA,NA,"ME0"
"Porites_compressa_HIv1___RNAseq.g32540.t1",0,0,1,NA,NA,NA,NA,"ME1"
"Porites_compressa_HIv1___RNAseq.g32544.t1",2,1,0,0.0342826925376386,"Other",NA,NA,"ME7"
"Porites_compressa_HIv1___RNAseq.g32545.t1",2,1,0,NA,NA,NA,NA,"ME13"
"Porites_compressa_HIv1___RNAseq.g32527.t1",1,0,0,NA,NA,NA,NA,"ME2"
"Porites_compressa_HIv1___RNAseq.g32528.t1",0,1,0,NA,NA,NA,NA,"ME2"
"Porites_compressa_HIv1___RNAseq.g32529.t1",0,1,0,NA,NA,NA,NA,"ME0"
"Porites_compressa_HIv1___RNAseq.g32535.t1",0,2,0,NA,NA,NA,NA,"ME0"
"Porites_compressa_HIv1___TS.g26367.t1",0,0,1,NA,NA,NA,NA,"ME1"
"Porites_compressa_HIv1___RNAseq.g32506.t1",1,0,0,4.36201370313587e-10,"Transient",5,0.574821840750842,"ME1"
"Porites_compressa_HIv1___RNAseq.g32526.t1",1,0,1,NA,NA,NA,NA,"ME1"
"Porites_compressa_HIv1___RNAseq.g32530.t1",1,1,0,0.038688162458918,"Other",2,0.965991876401817,"ME2"
"Porites_compressa_HIv1___RNAseq.g32536.t1",0,0,1,NA,NA,NA,NA,"ME0"
"Porites_compressa_HIv1___RNAseq.g32250.t1",0,1,0,NA,NA,NA,NA,"ME0"
"Porites_compressa_HIv1___TS.g26114.t1",0,0,1,NA,NA,NA,NA,"ME0"
"Porites_compressa_HIv1___RNAseq.g32320.t1",1,0,0,NA,NA,NA,NA,"ME0"
"Porites_compressa_HIv1___RNAseq.g32415.t1",1,0,0,NA,NA,NA,NA,"ME0"
"Porites_compressa_HIv1___RNAseq.g32190.t1",0,1,0,0.0298669921605893,"Transient",5,0.739887894006115,"ME1"
"Porites_compressa_HIv1___RNAseq.g32191.t1",0,1,0,NA,NA,NA,NA,"ME0"
"Porites_compressa_HIv1___RNAseq.g32192.t1",1,0,0,0.00953842864993345,"Other",NA,NA,"ME1"
"Porites_compressa_HIv1___RNAseq.g32193.t1",0,0,1,0.0171729926713927,"Other",5,0.55596033784233,"ME1"
"Porites_compressa_HIv1___RNAseq.g32194.t1",1,0,0,0.0170640622166817,"Transient",5,0.884345324568111,"ME1"
"Porites_compressa_HIv1___RNAseq.g32195.t1",0,1,0,NA,NA,NA,NA,"ME0"
"Porites_compressa_HIv1___TS.g26037.t1",1,0,0,NA,NA,NA,NA,"ME0"
"Porites_compressa_HIv1___RNAseq.g32211.t1",1,0,0,NA,NA,NA,NA,"ME10"
"Porites_compressa_HIv1___RNAseq.g32212.t1",1,0,0,NA,NA,NA,NA,"ME10"
"Porites_compressa_HIv1___RNAseq.g32214.t1",1,0,0,0.0238560575183679,"Transient",3,0.636545503681943,"ME2"
"Porites_compressa_HIv1___RNAseq.g32217.t1",0,2,0,0.000803902244770626,"Other",6,0.809070043853953,"ME1"
"Porites_compressa_HIv1___RNAseq.g32219.t1",1,0,0,NA,NA,NA,NA,"ME1"
"Porites_compressa_HIv1___RNAseq.g32220.t1",1,0,0,2.33206760426953e-08,"Transient",5,0.976764740707933,"ME1"
"Porites_compressa_HIv1___RNAseq.g32222.t1",0,1,0,0.0416978229728771,"Other",4,0.929218038756796,"ME3"
"Porites_compressa_HIv1___RNAseq.g32223.t1",1,2,0,NA,NA,NA,NA,"ME3"
"Porites_compressa_HIv1___RNAseq.g32224.t1",2,0,0,3.9607497018389e-05,"Transient",5,0.973159335600735,"ME1"
"Porites_compressa_HIv1___RNAseq.g32225.t1c",0,1,0,NA,NA,NA,NA,"ME0"
"Porites_compressa_HIv1___RNAseq.g32231.t1",0,0,1,NA,NA,NA,NA,"ME7"
"Porites_compressa_HIv1___TS.g26068.t1",0,1,0,0.023182222653248,"Other",1,0.775462082628995,"ME14"
"Porites_compressa_HIv1___RNAseq.g32243.t1",0,0,1,NA,NA,NA,NA,"ME4"
"Porites_compressa_HIv1___RNAseq.g32244.t1",0,0,1,0.00784307681552498,"Other",3,0.856438525903084,"ME2"
"Porites_compressa_HIv1___RNAseq.g32247.t1",2,1,0,NA,NA,NA,NA,"ME8"
"Porites_compressa_HIv1___RNAseq.g32248.t1",2,0,0,NA,NA,NA,NA,"ME1"
"Porites_compressa_HIv1___RNAseq.g32249.t1",1,0,0,NA,NA,NA,NA,"ME0"
"Porites_compressa_HIv1___RNAseq.g32258.t1",1,0,0,NA,NA,NA,NA,"ME6"
"Porites_compressa_HIv1___RNAseq.g32259.t1",1,0,0,NA,NA,NA,NA,"ME1"
"Porites_compressa_HIv1___RNAseq.g32263.t1",1,0,0,0.040846921511213,"Other",NA,NA,"ME1"
"Porites_compressa_HIv1___RNAseq.g32264.t1",1,0,0,NA,NA,NA,NA,"ME0"
"Porites_compressa_HIv1___RNAseq.g32275.t1",0,1,0,NA,NA,NA,NA,"ME0"
"Porites_compressa_HIv1___RNAseq.g32281.t1",0,0,1,2.37648257399683e-07,"Transient",1,0.526682029636848,"ME0"
"Porites_compressa_HIv1___RNAseq.g32284.t1",0,0,1,0.034066362155565,"Other",1,0.769279440561242,"ME16"
"Porites_compressa_HIv1___RNAseq.g32288.t1",0,0,1,NA,NA,NA,NA,"ME1"
"Porites_compressa_HIv1___TS.g26119.t2",0,1,0,0.000235264758209547,"Transient",5,0.867574916535505,"ME1"
"Porites_compressa_HIv1___RNAseq.g32293.t1",0,0,1,0.000324009569251944,"Transient",5,0.829344943888787,"ME1"
"Porites_compressa_HIv1___RNAseq.g32297.t2",0,0,1,NA,NA,NA,NA,"ME3"
"Porites_compressa_HIv1___RNAseq.g32299.t1",0,0,1,NA,NA,NA,NA,"ME0"
"Porites_compressa_HIv1___RNAseq.g32300.t1",1,0,0,NA,NA,NA,NA,"ME9"
"Porites_compressa_HIv1___RNAseq.g32303.t1",1,0,0,NA,NA,NA,NA,"ME0"
"Porites_compressa_HIv1___RNAseq.g32313.t2",0,1,0,NA,NA,NA,NA,"ME0"
"Porites_compressa_HIv1___TS.g26139.t1",1,0,0,NA,NA,NA,NA,"ME11"
"Porites_compressa_HIv1___RNAseq.g32317.t1",0,1,0,NA,NA,NA,NA,"ME0"
"Porites_compressa_HIv1___TS.g26144.t1",1,0,0,NA,NA,NA,NA,"ME11"
"Porites_compressa_HIv1___RNAseq.2576_t",0,0,1,NA,NA,NA,NA,"ME2"
"Porites_compressa_HIv1___RNAseq.2583_t",0,0,1,NA,NA,NA,NA,"ME2"
"Porites_compressa_HIv1___RNAseq.2597_t",0,0,1,NA,NA,NA,NA,"ME2"
"Porites_compressa_HIv1___RNAseq.2599_t",0,0,1,NA,NA,NA,NA,"ME0"
"Porites_compressa_HIv1___RNAseq.2601_t",0,0,1,NA,NA,NA,NA,"ME2"
"Porites_compressa_HIv1___RNAseq.2604_t",0,0,1,0.0418093298800932,"Other",NA,NA,"ME4"
"Porites_compressa_HIv1___TS.g26197.t1",0,1,0,0.00424790029718054,"Monotonous",2,0.61280207370413,"ME4"
"Porites_compressa_HIv1___TS.g26201.t1",0,1,0,NA,NA,NA,NA,"ME5"
"Porites_compressa_HIv1___TS.g26204.t1",2,0,0,1.93776946990059e-05,"Transient",6,0.942194427930465,"ME1"
"Porites_compressa_HIv1___RNAseq.g32378.t1",2,0,0,NA,NA,NA,NA,"ME0"
"Porites_compressa_HIv1___RNAseq.g32384.t1",1,0,0,NA,NA,NA,NA,"ME5"
"Porites_compressa_HIv1___RNAseq.g32385.t1",1,0,0,NA,NA,NA,NA,"ME1"
"Porites_compressa_HIv1___RNAseq.g32387.t1",0,1,1,NA,NA,NA,NA,"ME1"
"Porites_compressa_HIv1___RNAseq.g32394.t1",0,0,1,NA,NA,NA,NA,"ME1"
"Porites_compressa_HIv1___RNAseq.g32395.t1",0,0,1,NA,NA,NA,NA,"ME0"
"Porites_compressa_HIv1___RNAseq.g32399.t1",1,0,0,NA,NA,NA,NA,"ME0"
"Porites_compressa_HIv1___RNAseq.g32404.t1",0,0,1,0.0128016945556849,"Monotonous",6,0.928660550585468,"ME1"
"Porites_compressa_HIv1___RNAseq.g32413.t1",1,0,0,NA,NA,NA,NA,"ME0"
"Porites_compressa_HIv1___RNAseq.g32428.t1",0,0,1,NA,NA,NA,NA,"ME1"
"Porites_compressa_HIv1___RNAseq.g32429.t1",0,1,0,NA,NA,NA,NA,"ME1"
"Porites_compressa_HIv1___RNAseq.g32430.t1",0,1,0,NA,NA,NA,NA,"ME0"
"Porites_compressa_HIv1___TS.g26265.t1",0,1,0,NA,NA,NA,NA,"ME0"
"Porites_compressa_HIv1___RNAseq.2724_t",0,0,1,NA,NA,NA,NA,"ME1"
"Porites_compressa_HIv1___RNAseq.g32464.t1",1,0,0,NA,NA,NA,NA,"ME0"
"Porites_compressa_HIv1___RNAseq.g32468.t1",1,1,0,NA,NA,NA,NA,"ME6"
"Porites_compressa_HIv1___RNAseq.g32469.t2",1,0,0,NA,NA,NA,NA,"ME1"
"Porites_compressa_HIv1___TS.g26301.t1",1,0,0,NA,NA,NA,NA,"ME1"
"Porites_compressa_HIv1___RNAseq.g32476.t1",1,0,0,0.000347299289454365,"Transient",3,0.520668253070905,"ME2"
"Porites_compressa_HIv1___RNAseq.g32549.t1",0,1,0,NA,NA,NA,NA,"ME6"
"Porites_compressa_HIv1___RNAseq.g32552.t1",1,0,0,NA,NA,NA,NA,"ME6"
"Porites_compressa_HIv1___RNAseq.g32579.t1",0,1,0,NA,NA,NA,NA,"ME0"
"Porites_compressa_HIv1___RNAseq.g32625.t1",1,0,0,NA,NA,NA,NA,"ME0"
"Porites_compressa_HIv1___TS.g26376.t1",1,0,0,0.000429308567825841,"Other",4,0.531553219507586,"ME0"
"Porites_compressa_HIv1___RNAseq.g32563.t1",1,0,0,NA,NA,NA,NA,"ME0"
"Porites_compressa_HIv1___RNAseq.g32565.t1",1,0,0,NA,NA,NA,NA,"ME0"
"Porites_compressa_HIv1___RNAseq.g32588.t1",0,0,1,0.0267562181345223,"Other",2,0.727375278145758,"ME2"
"Porites_compressa_HIv1___RNAseq.g32589.t1",1,1,0,NA,NA,NA,NA,"ME1"
"Porites_compressa_HIv1___TS.g26424.t1",1,0,0,NA,NA,NA,NA,"ME4"
"Porites_compressa_HIv1___RNAseq.g32594.t1",1,0,0,NA,NA,NA,NA,"ME0"
"Porites_compressa_HIv1___RNAseq.g32596.t1",0,1,0,NA,NA,NA,NA,"ME4"
"Porites_compressa_HIv1___RNAseq.g32600.t1",0,0,1,NA,NA,NA,NA,"ME0"
"Porites_compressa_HIv1___RNAseq.g32601.t1",1,0,1,NA,NA,NA,NA,"ME0"
"Porites_compressa_HIv1___RNAseq.g32602.t1",0,0,1,NA,NA,NA,NA,"ME0"
"Porites_compressa_HIv1___RNAseq.g32604.t1",0,1,0,0.000160607998555587,"Other",5,0.621950970447976,"ME1"
"Porites_compressa_HIv1___RNAseq.g32605.t1",1,1,0,NA,NA,NA,NA,"ME0"
"Porites_compressa_HIv1___RNAseq.g14267.t1",1,0,1,0.00172886504213611,"Transient",5,0.841779227915867,"ME1"
"Porites_compressa_HIv1___TS.g8641.t1",1,0,1,NA,NA,NA,NA,"ME1"
"Porites_compressa_HIv1___RNAseq.g14274.t1",0,1,0,0.0279336334124425,"Other",NA,NA,"ME4"
"Porites_compressa_HIv1___RNAseq.g14282.t1",0,1,0,NA,NA,NA,NA,"ME0"
"Porites_compressa_HIv1___TS.g8670.t3",1,0,0,NA,NA,NA,NA,"ME0"
"Porites_compressa_HIv1___TS.g8569.t1",1,0,0,NA,NA,NA,NA,"ME0"
"Porites_compressa_HIv1___RNAseq.g14253.t1",0,2,0,NA,NA,NA,NA,"ME0"
"Porites_compressa_HIv1___TS.g8626.t1",0,0,1,NA,NA,NA,NA,"ME0"
"Porites_compressa_HIv1___TS.g8527.t1b",0,0,1,NA,NA,NA,NA,"ME0"
"Porites_compressa_HIv1___RNAseq.g14161.t1",0,1,1,0.0150380422366713,"Other",6,0.784935877204185,"ME1"
"Porites_compressa_HIv1___RNAseq.g14162.t1",0,1,0,NA,NA,NA,NA,"ME5"
"Porites_compressa_HIv1___RNAseq.g14166.t1",0,0,1,NA,NA,NA,NA,"ME1"
"Porites_compressa_HIv1___RNAseq.g14167.t1",0,0,1,NA,NA,NA,NA,"ME0"
"Porites_compressa_HIv1___RNAseq.g14169.t1",0,2,0,NA,NA,NA,NA,"ME3"
"Porites_compressa_HIv1___TS.g8546.t3",0,1,0,0.0229478720369156,"Other",4,0.877956262517361,"ME0"
"Porites_compressa_HIv1___RNAseq.g14179.t1",1,0,0,NA,NA,NA,NA,"ME3"
"Porites_compressa_HIv1___RNAseq.g14184.t1",0,2,0,NA,NA,NA,NA,"ME1"
"Porites_compressa_HIv1___RNAseq.g14185.t1",0,0,1,NA,NA,NA,NA,"ME0"
"Porites_compressa_HIv1___RNAseq.g14186.t1",1,0,0,NA,NA,NA,NA,"ME0"
"Porites_compressa_HIv1___RNAseq.g14189.t1",0,0,1,NA,NA,NA,NA,"ME1"
"Porites_compressa_HIv1___TS.g8571.t3",0,0,1,NA,NA,NA,NA,"ME3"
"Porites_compressa_HIv1___RNAseq.g14204.t1",1,0,0,0.000604228627068179,"Monotonous",2,0.771750473609915,"ME10"
"Porites_compressa_HIv1___RNAseq.g14207.t1",1,0,0,0.0164387958840062,"Monotonous",2,0.913756024631053,"ME2"
"Porites_compressa_HIv1___RNAseq.g14208.t2",1,0,0,NA,NA,NA,NA,"ME0"
"Porites_compressa_HIv1___RNAseq.g14213.t1",0,1,0,5.76869760486937e-17,"Monotonous",2,0.977133534366522,"ME2"
"Porites_compressa_HIv1___RNAseq.g14218.t1",1,0,0,7.31149585344663e-07,"Monotonous",6,0.974900139985338,"ME1"
"Porites_compressa_HIv1___TS.g8589.t1",1,0,0,0.0261647061098777,"Other",1,0.884823900009703,"ME0"
"Porites_compressa_HIv1___TS.g8603.t1",0,0,1,NA,NA,NA,NA,"ME0"
"Porites_compressa_HIv1___RNAseq.g14239.t1c",0,1,0,NA,NA,NA,NA,"ME0"
"Porites_compressa_HIv1___RNAseq.g14240.t1",1,0,0,0.00312493494718564,"Other",5,0.714659192251168,"ME0"
"Porites_compressa_HIv1___RNAseq.g14244.t1",0,0,1,NA,NA,NA,NA,"ME1"
"Porites_compressa_HIv1___RNAseq.g14248.t1",0,1,0,0.000518151815456361,"Transient",5,0.529994717354222,"ME1"
"Porites_compressa_HIv1___RNAseq.g14264.t1",1,0,0,NA,NA,NA,NA,"ME9"
"Porites_compressa_HIv1___RNAseq.g14504.t1",0,1,0,NA,NA,NA,NA,"ME0"
"Porites_compressa_HIv1___TS.g8881.t2",2,0,0,NA,NA,NA,NA,"ME0"
"Porites_compressa_HIv1___RNAseq.g14508.t1",0,1,0,0.0261522317327427,"Other",NA,NA,"ME3"
"Porites_compressa_HIv1___RNAseq.g14509.t1",0,0,1,0.0199983963348861,"Transient",4,0.938186352818441,"ME3"
"Porites_compressa_HIv1___RNAseq.g14296.t1",1,1,0,NA,NA,NA,NA,"ME0"
"Porites_compressa_HIv1___RNAseq.g14380.t1",1,0,0,NA,NA,NA,NA,"ME0"
"Porites_compressa_HIv1___RNAseq.g14397.t1",0,0,1,NA,NA,NA,NA,"ME0"
"Porites_compressa_HIv1___RNAseq.g14413.t1b",1,0,0,NA,NA,NA,NA,"ME0"
"Porites_compressa_HIv1___RNAseq.g14300.t1",0,0,1,0.0307543585418453,"Other",6,0.90895864097909,"ME1"
"Porites_compressa_HIv1___RNAseq.g14307.t1",0,1,0,NA,NA,NA,NA,"ME26"
"Porites_compressa_HIv1___RNAseq.g14329.t1",1,1,0,NA,NA,NA,NA,"ME8"
"Porites_compressa_HIv1___RNAseq.g14332.t1",1,0,0,NA,NA,NA,NA,"ME5"
"Porites_compressa_HIv1___RNAseq.g14334.t1",0,1,0,NA,NA,NA,NA,"ME0"
"Porites_compressa_HIv1___RNAseq.g14336.t1",0,0,1,NA,NA,NA,NA,"ME10"
"Porites_compressa_HIv1___RNAseq.g14339.t1",1,0,0,NA,NA,NA,NA,"ME4"
"Porites_compressa_HIv1___RNAseq.g14340.t1",1,1,1,NA,NA,NA,NA,"ME1"
"Porites_compressa_HIv1___RNAseq.g14345.t1",1,0,0,NA,NA,NA,NA,"ME3"
"Porites_compressa_HIv1___TS.g8724.t2",0,0,1,0.0035182251406924,"Monotonous",2,0.550923532876581,"ME2"
"Porites_compressa_HIv1___RNAseq.g14352.t1",1,0,0,NA,NA,NA,NA,"ME2"
"Porites_compressa_HIv1___RNAseq.g14354.t1",0,1,0,0.0406639903649545,"Transient",4,0.943224959303997,"ME0"
"Porites_compressa_HIv1___RNAseq.g14359.t1",1,0,0,NA,NA,NA,NA,"ME0"
"Porites_compressa_HIv1___RNAseq.g14373.t1",0,1,0,NA,NA,NA,NA,"ME7"
"Porites_compressa_HIv1___RNAseq.g14381.t1",0,1,0,0.0289253592576749,"Other",3,0.625667412987837,"ME4"
"Porites_compressa_HIv1___RNAseq.g14385.t1",0,1,0,NA,NA,NA,NA,"ME0"
"Porites_compressa_HIv1___RNAseq.g14393.t1",0,1,0,NA,NA,NA,NA,"ME15"
"Porites_compressa_HIv1___RNAseq.g14401.t1",0,0,1,NA,NA,NA,NA,"ME12"
"Porites_compressa_HIv1___RNAseq.g14407.t1",0,1,0,0.0320156324816391,"Transient",5,0.879422693523361,"ME1"
"Porites_compressa_HIv1___RNAseq.g14429.t1",0,1,0,NA,NA,NA,NA,"ME0"
"Porites_compressa_HIv1___RNAseq.g14433.t1",1,0,0,NA,NA,NA,NA,"ME0"
"Porites_compressa_HIv1___RNAseq.g14435.t1",2,0,0,NA,NA,NA,NA,"ME0"
"Porites_compressa_HIv1___RNAseq.g14436.t1",1,0,0,NA,NA,NA,NA,"ME0"
"Porites_compressa_HIv1___RNAseq.g14462.t1",2,0,0,NA,NA,NA,NA,"ME0"
"Porites_compressa_HIv1___RNAseq.g14480.t1",1,0,0,0.0026357011509497,"Monotonous",6,0.572914908273546,"ME0"
"Porites_compressa_HIv1___RNAseq.g14483.t1",1,0,0,1.91033952052122e-10,"Monotonous",1,0.975836673861562,"ME12"
"Porites_compressa_HIv1___RNAseq.g14490.t1",1,0,0,NA,NA,NA,NA,"ME1"
"Porites_compressa_HIv1___TS.g8867.t1",1,0,0,NA,NA,NA,NA,"ME0"
"Porites_compressa_HIv1___RNAseq.g14493.t1",1,0,0,0.019541548473047,"Other",6,0.819006187621626,"ME1"
"Porites_compressa_HIv1___RNAseq.3237_t",0,1,0,8.78512163510422e-06,"Transient",5,0.983549726687081,"ME1"
"Porites_compressa_HIv1___RNAseq.g14498.t1",0,1,0,NA,NA,NA,NA,"ME0"
"Porites_compressa_HIv1___RNAseq.g14539.t1",0,0,1,NA,NA,NA,NA,"ME0"
"Porites_compressa_HIv1___TS.g9078.t1",1,0,0,NA,NA,NA,NA,"ME1"
"Porites_compressa_HIv1___TS.g8888.t1",0,2,0,NA,NA,NA,NA,"ME0"
"Porites_compressa_HIv1___RNAseq.g14513.t1",0,1,0,NA,NA,NA,NA,"ME8"
"Porites_compressa_HIv1___RNAseq.g14514.t1",0,1,0,NA,NA,NA,NA,"ME0"
"Porites_compressa_HIv1___RNAseq.g14517.t1",0,0,1,NA,NA,NA,NA,"ME1"
"Porites_compressa_HIv1___RNAseq.g14525.t1",1,0,0,0.00317891073657957,"Transient",4,0.545451525665443,"ME3"
"Porites_compressa_HIv1___TS.g8902.t1",0,0,1,NA,NA,NA,NA,"ME3"
"Porites_compressa_HIv1___TS.g8927.t1",1,0,0,NA,NA,NA,NA,"ME0"
"Porites_compressa_HIv1___RNAseq.g14562.t1",1,0,0,0.00905840547091679,"Other",3,0.615752235253119,"ME4"
"Porites_compressa_HIv1___RNAseq.3305_t",1,0,0,NA,NA,NA,NA,"ME0"
"Porites_compressa_HIv1___RNAseq.3307_t",0,2,1,NA,NA,NA,NA,"ME3"
"Porites_compressa_HIv1___RNAseq.g14567.t1",0,0,1,NA,NA,NA,NA,"ME11"
"Porites_compressa_HIv1___RNAseq.g14574.t1",1,0,0,NA,NA,NA,NA,"ME0"
"Porites_compressa_HIv1___RNAseq.g14579.t1",1,0,0,NA,NA,NA,NA,"ME0"
"Porites_compressa_HIv1___RNAseq.g14580.t1",0,0,1,0.00380572585391026,"Monotonous",2,0.733369111827594,"ME4"
"Porites_compressa_HIv1___RNAseq.g14582.t1",1,0,0,NA,NA,NA,NA,"ME0"
"Porites_compressa_HIv1___TS.g8964.t1",1,0,0,NA,NA,NA,NA,"ME4"
"Porites_compressa_HIv1___RNAseq.g14593.t1",1,0,0,NA,NA,NA,NA,"ME16"
"Porites_compressa_HIv1___RNAseq.g14594.t1",2,0,0,0.00447681859206593,"Transient",3,0.744057570152717,"ME2"
"Porites_compressa_HIv1___RNAseq.g14602.t1",1,0,0,NA,NA,NA,NA,"ME1"
"Porites_compressa_HIv1___RNAseq.3348_t",0,1,0,0.0314700827653203,"Transient",5,0.58417192854901,"ME1"
"Porites_compressa_HIv1___RNAseq.g14615.t1",0,2,0,0.0184842652022549,"Other",NA,NA,"ME0"
"Porites_compressa_HIv1___TS.g8993.t1",1,0,0,NA,NA,NA,NA,"ME0"
"Porites_compressa_HIv1___RNAseq.g14618.t1",0,0,1,NA,NA,NA,NA,"ME4"
"Porites_compressa_HIv1___TS.g8995.t1",0,0,1,NA,NA,NA,NA,"ME22"
"Porites_compressa_HIv1___RNAseq.g14620.t1",0,0,1,0.0459753919011987,"Monotonous",2,0.656382453361295,"ME22"
"Porites_compressa_HIv1___TS.g8997.t1",1,1,0,NA,NA,NA,NA,"ME23"
"Porites_compressa_HIv1___RNAseq.g14621.t1",1,1,0,NA,NA,NA,NA,"ME0"
"Porites_compressa_HIv1___RNAseq.g14623.t1",0,0,1,NA,NA,NA,NA,"ME0"
"Porites_compressa_HIv1___TS.g9002.t1",1,1,0,NA,NA,NA,NA,"ME16"
"Porites_compressa_HIv1___RNAseq.g14633.t2",0,1,0,0.0327714368401204,"Transient",5,0.926957213442274,"ME1"
"Porites_compressa_HIv1___RNAseq.g14638.t1",0,0,1,NA,NA,NA,NA,"ME0"
"Porites_compressa_HIv1___RNAseq.g14642.t1",1,0,0,NA,NA,NA,NA,"ME0"
"Porites_compressa_HIv1___RNAseq.g14643.t1",1,0,0,0.0131500442796193,"Transient",5,0.902228701981017,"ME1"
"Porites_compressa_HIv1___RNAseq.g14647.t1",1,0,0,2.83427963064819e-05,"Transient",5,0.884187215979616,"ME1"
"Porites_compressa_HIv1___RNAseq.g14650.t1",1,0,0,NA,NA,NA,NA,"ME0"
"Porites_compressa_HIv1___RNAseq.g14651.t1",1,1,0,NA,NA,NA,NA,"ME0"
"Porites_compressa_HIv1___RNAseq.3392_t",2,0,0,NA,NA,NA,NA,"ME19"
"Porites_compressa_HIv1___RNAseq.g14652.t1",0,0,1,NA,NA,NA,NA,"ME17"
"Porites_compressa_HIv1___RNAseq.g14656.t1",1,0,0,0.0435111329260955,"Other",5,0.89612468224962,"ME1"
"Porites_compressa_HIv1___TS.g9038.t1",0,0,1,NA,NA,NA,NA,"ME1"
"Porites_compressa_HIv1___RNAseq.g14662.t1",1,0,0,NA,NA,NA,NA,"ME0"
"Porites_compressa_HIv1___RNAseq.g14664.t1",0,1,0,1.96831001340595e-06,"Monotonous",2,0.893685370784759,"ME4"
"Porites_compressa_HIv1___RNAseq.g14667.t1",0,0,1,NA,NA,NA,NA,"ME23"
"Porites_compressa_HIv1___RNAseq.g14676.t1",0,1,0,2.55252073834e-05,"Transient",5,0.514052111472877,"ME1"
"Porites_compressa_HIv1___RNAseq.g14678.t1",2,0,0,NA,NA,NA,NA,"ME0"
"Porites_compressa_HIv1___RNAseq.g14680.t1",2,0,0,NA,NA,NA,NA,"ME0"
"Porites_compressa_HIv1___TS.g9063.t2",0,0,1,NA,NA,NA,NA,"ME1"
"Porites_compressa_HIv1___RNAseq.g14685.t1",1,0,0,NA,NA,NA,NA,"ME0"
"Porites_compressa_HIv1___RNAseq.g14686.t1",2,0,1,NA,NA,NA,NA,"ME3"
"Porites_compressa_HIv1___TS.g9067.t1",2,0,1,0.00303184153637936,"Other",6,0.618380352568245,"ME0"
"Porites_compressa_HIv1___RNAseq.g14701.t1",0,1,1,NA,NA,NA,NA,"ME1"
"Porites_compressa_HIv1___TS.g34117.t2c",0,0,1,NA,NA,NA,NA,"ME0"
"Porites_compressa_HIv1___RNAseq.g4818.t1",2,1,0,NA,NA,NA,NA,"ME0"
"Porites_compressa_HIv1___TS.g34119.t1",1,0,0,NA,NA,NA,NA,"ME10"
"Porites_compressa_HIv1___RNAseq.g4834.t1",1,0,0,NA,NA,NA,NA,"ME0"
"Porites_compressa_HIv1___RNAseq.g4830.t1",0,1,0,0.00355057261719984,"Transient",5,0.930433035735599,"ME1"
"Porites_compressa_HIv1___RNAseq.g4841.t1",1,0,0,NA,NA,NA,NA,"ME0"
"Porites_compressa_HIv1___RNAseq.g4820.t1",0,0,1,NA,NA,NA,NA,"ME1"
"Porites_compressa_HIv1___RNAseq.3816_t",0,0,1,NA,NA,NA,NA,"ME0"
"Porites_compressa_HIv1___TS.g34102.t1",0,1,0,NA,NA,NA,NA,"ME21"
"Porites_compressa_HIv1___RNAseq.g4801.t1",2,0,0,NA,NA,NA,NA,"ME18"
"Porites_compressa_HIv1___RNAseq.g4802.t1",0,1,0,NA,NA,NA,NA,"ME0"
"Porites_compressa_HIv1___RNAseq.g4805.t1",1,0,0,6.24647298950598e-05,"Monotonous",2,0.979288360030029,"ME4"
"Porites_compressa_HIv1___RNAseq.g4806.t1",1,0,0,NA,NA,NA,NA,"ME0"
"Porites_compressa_HIv1___RNAseq.g4808.t1",1,0,0,NA,NA,NA,NA,"ME5"
"Porites_compressa_HIv1___RNAseq.g4812.t1",1,0,0,NA,NA,NA,NA,"ME16"
"Porites_compressa_HIv1___TS.g34230.t1",0,0,1,0.000316373927596668,"Monotonous",6,0.939749145345636,"ME1"
"Porites_compressa_HIv1___TS.g34232.t1",0,0,1,NA,NA,NA,NA,"ME0"
"Porites_compressa_HIv1___TS.g34241.t1",0,1,0,NA,NA,NA,NA,"ME1"
"Porites_compressa_HIv1___RNAseq.g4940.t1",1,0,0,0.0466196050889709,"Other",1,0.809511702784089,"ME12"
"Porites_compressa_HIv1___RNAseq.g4936.t1",1,0,0,0.00312493494718564,"Other",4,0.525079551934693,"ME0"
"Porites_compressa_HIv1___RNAseq.g4937.t1",1,1,0,NA,NA,NA,NA,"ME5"
"Porites_compressa_HIv1___RNAseq.g4938.t1",1,1,0,NA,NA,NA,NA,"ME0"
"Porites_compressa_HIv1___TS.g34246.t1",0,0,1,NA,NA,NA,NA,"ME0"
"Porites_compressa_HIv1___RNAseq.g4857.t1c",1,0,0,NA,NA,NA,NA,"ME1"
"Porites_compressa_HIv1___RNAseq.g5093.t1",1,0,0,NA,NA,NA,NA,"ME1"
"Porites_compressa_HIv1___TS.g34403.t2",1,0,0,1.72399751863959e-07,"Monotonous",2,0.501243878918933,"ME2"
"Porites_compressa_HIv1___RNAseq.g5102.t1",1,0,0,NA,NA,NA,NA,"ME0"
"Porites_compressa_HIv1___RNAseq.g5108.t1",1,0,0,NA,NA,NA,NA,"ME0"
"Porites_compressa_HIv1___RNAseq.g5107.t1",2,0,0,NA,NA,NA,NA,"ME2"
"Porites_compressa_HIv1___RNAseq.g5006.t1",0,1,0,NA,NA,NA,NA,"ME7"
"Porites_compressa_HIv1___RNAseq.g4996.t1",0,1,0,0.0130526753620168,"Monotonous",6,0.947399653346389,"ME1"
"Porites_compressa_HIv1___TS.g34308.t1",1,0,1,NA,NA,NA,NA,"ME1"
"Porites_compressa_HIv1___RNAseq.g4999.t1",0,1,0,NA,NA,NA,NA,"ME1"
"Porites_compressa_HIv1___TS.g34321.t1",1,0,1,NA,NA,NA,NA,"ME1"
"Porites_compressa_HIv1___RNAseq.g5012.t1",0,1,0,NA,NA,NA,NA,"ME1"
"Porites_compressa_HIv1___RNAseq.g5019.t1",0,0,1,NA,NA,NA,NA,"ME0"
"Porites_compressa_HIv1___TS.g34332.t1",0,1,0,NA,NA,NA,NA,"ME1"
"Porites_compressa_HIv1___RNAseq.g5028.t1",2,0,0,NA,NA,NA,NA,"ME6"
"Porites_compressa_HIv1___RNAseq.g5038.t1",1,0,0,NA,NA,NA,NA,"ME6"
"Porites_compressa_HIv1___RNAseq.g5039.t1",0,1,0,NA,NA,NA,NA,"ME3"
"Porites_compressa_HIv1___RNAseq.g5044.t1b",1,1,0,NA,NA,NA,NA,"ME0"
"Porites_compressa_HIv1___RNAseq.g5264.t1",1,0,0,NA,NA,NA,NA,"ME1"
"Porites_compressa_HIv1___RNAseq.g5287.t1",1,0,0,NA,NA,NA,NA,"ME9"
"Porites_compressa_HIv1___TS.g34433.t2",0,0,1,NA,NA,NA,NA,"ME0"
"Porites_compressa_HIv1___RNAseq.g5132.t1",0,0,1,NA,NA,NA,NA,"ME1"
"Porites_compressa_HIv1___RNAseq.g5134.t1",1,0,0,NA,NA,NA,NA,"ME0"
"Porites_compressa_HIv1___RNAseq.4146_t",1,0,0,0.00769768729779302,"Other",1,0.687222979484068,"ME0"
"Porites_compressa_HIv1___TS.g34442.t1",1,0,0,NA,NA,NA,NA,"ME0"
"Porites_compressa_HIv1___RNAseq.g5144.t1",0,1,0,NA,NA,NA,NA,"ME0"
"Porites_compressa_HIv1___RNAseq.g5163.t1",0,1,0,NA,NA,NA,NA,"ME6"
"Porites_compressa_HIv1___RNAseq.g5296.t1",0,1,1,NA,NA,NA,NA,"ME0"
"Porites_compressa_HIv1___RNAseq.g5308.t1",1,0,0,NA,NA,NA,NA,"ME4"
"Porites_compressa_HIv1___RNAseq.g5290.t1",0,0,1,NA,NA,NA,NA,"ME0"
"Porites_compressa_HIv1___RNAseq.g5291.t1",1,0,0,NA,NA,NA,NA,"ME3"
"Porites_compressa_HIv1___RNAseq.g5294.t1",1,0,0,NA,NA,NA,NA,"ME0"
"Porites_compressa_HIv1___RNAseq.g5297.t1",0,0,1,0.0119327634668941,"Other",2,0.572921255174774,"ME4"
"Porites_compressa_HIv1___RNAseq.g5298.t1",0,0,1,NA,NA,NA,NA,"ME11"
"Porites_compressa_HIv1___RNAseq.g5299.t1",0,1,0,NA,NA,NA,NA,"ME10"
"Porites_compressa_HIv1___RNAseq.g5301.t1",1,1,0,NA,NA,NA,NA,"ME0"
"Porites_compressa_HIv1___RNAseq.g5307.t1",1,0,1,NA,NA,NA,NA,"ME3"
"Porites_compressa_HIv1___RNAseq.g5314.t1",0,0,1,0.0065047889890274,"Transient",5,0.524354879071869,"ME1"
"Porites_compressa_HIv1___TS.g34633.t1",0,2,0,NA,NA,NA,NA,"ME17"
"Porites_compressa_HIv1___RNAseq.g5321.t1",0,2,0,NA,NA,NA,NA,"ME13"
"Porites_compressa_HIv1___RNAseq.g5324.t2",0,1,0,NA,NA,NA,NA,"ME12"
"Porites_compressa_HIv1___TS.g34681.t1",1,0,0,NA,NA,NA,NA,"ME0"
"Porites_compressa_HIv1___RNAseq.g5369.t1",1,0,0,NA,NA,NA,NA,"ME1"
"Porites_compressa_HIv1___RNAseq.g5373.t1",2,0,0,NA,NA,NA,NA,"ME8"
"Porites_compressa_HIv1___RNAseq.g5377.t1",0,1,0,NA,NA,NA,NA,"ME0"
"Porites_compressa_HIv1___RNAseq.g5327.t1",1,1,1,NA,NA,NA,NA,"ME1"
"Porites_compressa_HIv1___RNAseq.g5330.t1",1,0,0,NA,NA,NA,NA,"ME1"
"Porites_compressa_HIv1___TS.g34644.t1b",1,1,1,NA,NA,NA,NA,"ME7"
"Porites_compressa_HIv1___RNAseq.g5349.t1b",1,0,0,NA,NA,NA,NA,"ME0"
"Porites_compressa_HIv1___TS.g34670.t1",0,1,0,NA,NA,NA,NA,"ME0"
"Porites_compressa_HIv1___RNAseq.g14728.t1",0,0,1,NA,NA,NA,NA,"ME4"
"Porites_compressa_HIv1___RNAseq.3532_t",1,0,0,NA,NA,NA,NA,"ME0"
"Porites_compressa_HIv1___RNAseq.g14806.t1",0,1,0,NA,NA,NA,NA,"ME0"
"Porites_compressa_HIv1___RNAseq.g14811.t1",0,0,1,2.06750654498795e-06,"Monotonous",2,0.969225032477912,"ME2"
"Porites_compressa_HIv1___RNAseq.g14814.t1",0,1,0,NA,NA,NA,NA,"ME0"
"Porites_compressa_HIv1___RNAseq.g14860.t1",1,0,0,NA,NA,NA,NA,"ME7"
"Porites_compressa_HIv1___RNAseq.g14865.t1",1,0,0,NA,NA,NA,NA,"ME7"
"Porites_compressa_HIv1___RNAseq.g14921.t1",0,1,0,NA,NA,NA,NA,"ME0"
"Porites_compressa_HIv1___RNAseq.g15015.t1",0,0,1,NA,NA,NA,NA,"ME0"
"Porites_compressa_HIv1___RNAseq.g15058.t1",0,1,0,NA,NA,NA,NA,"ME0"
"Porites_compressa_HIv1___RNAseq.g14704.t1",1,1,0,0.00299698832257224,"Other",1,0.639208720413548,"ME12"
"Porites_compressa_HIv1___RNAseq.g14707.t1",1,1,0,NA,NA,NA,NA,"ME0"
"Porites_compressa_HIv1___RNAseq.g14708.t1",1,0,0,0.0272867380743852,"Other",NA,NA,"ME0"
"Porites_compressa_HIv1___RNAseq.g14710.t1",1,0,0,NA,NA,NA,NA,"ME1"
"Porites_compressa_HIv1___RNAseq.g14715.t1",0,1,0,NA,NA,NA,NA,"ME7"
"Porites_compressa_HIv1___TS.g9099.t1",0,1,0,NA,NA,NA,NA,"ME3"
"Porites_compressa_HIv1___TS.g9107.t2",0,1,0,NA,NA,NA,NA,"ME10"
"Porites_compressa_HIv1___RNAseq.g14727.t2b",1,0,0,NA,NA,NA,NA,"ME0"
"Porites_compressa_HIv1___RNAseq.g14730.t1",1,1,0,0.00122287855537773,"Transient",1,0.668179601387599,"ME1"
"Porites_compressa_HIv1___RNAseq.g14735.t1",1,0,0,NA,NA,NA,NA,"ME7"
"Porites_compressa_HIv1___RNAseq.3483_t",0,0,1,NA,NA,NA,NA,"ME0"
"Porites_compressa_HIv1___RNAseq.g14739.t2",0,3,0,NA,NA,NA,NA,"ME0"
"Porites_compressa_HIv1___RNAseq.g14740.t1",1,0,0,NA,NA,NA,NA,"ME1"
"Porites_compressa_HIv1___RNAseq.3489_t",1,0,0,0.0284955195201103,"Other",NA,NA,"ME4"
"Porites_compressa_HIv1___RNAseq.3490_t",0,2,0,0.00300882001653111,"Monotonous",2,0.724363395295554,"ME2"
"Porites_compressa_HIv1___RNAseq.g14745.t1",0,0,1,0.00117377274359398,"Monotonous",NA,NA,"ME4"
"Porites_compressa_HIv1___RNAseq.g14749.t1",0,0,1,NA,NA,NA,NA,"ME0"
"Porites_compressa_HIv1___TS.g9143.t1",1,0,0,NA,NA,NA,NA,"ME0"
"Porites_compressa_HIv1___RNAseq.g14757.t1",0,0,1,NA,NA,NA,NA,"ME3"
"Porites_compressa_HIv1___RNAseq.g14758.t1",0,1,0,NA,NA,NA,NA,"ME0"
"Porites_compressa_HIv1___RNAseq.g14767.t1",0,1,0,8.80405144112234e-05,"Monotonous",2,0.5692649000329,"ME2"
"Porites_compressa_HIv1___RNAseq.g14771.t1",0,1,0,0.00215531361400402,"Monotonous",2,0.695168769447367,"ME9"
"Porites_compressa_HIv1___RNAseq.g14779.t1",0,1,0,3.73945143898991e-07,"Monotonous",2,0.708495856996425,"ME2"
"Porites_compressa_HIv1___RNAseq.g14781.t1",2,0,0,NA,NA,NA,NA,"ME27"
"Porites_compressa_HIv1___TS.g9174.t1",1,0,0,NA,NA,NA,NA,"ME0"
"Porites_compressa_HIv1___RNAseq.g14785.t1",1,0,0,0.00452616750111558,"Transient",NA,NA,"ME0"
"Porites_compressa_HIv1___RNAseq.g14787.t1",0,1,1,0.00693953745006052,"Other",NA,NA,"ME1"
"Porites_compressa_HIv1___RNAseq.g14788.t1",0,1,0,9.53046373641977e-06,"Transient",5,0.515440520824703,"ME1"
"Porites_compressa_HIv1___RNAseq.g14789.t1",0,1,0,NA,NA,NA,NA,"ME0"
"Porites_compressa_HIv1___RNAseq.g14792.t1",1,0,0,NA,NA,NA,NA,"ME2"
"Porites_compressa_HIv1___TS.g9185.t1c",1,0,0,NA,NA,NA,NA,"ME12"
"Porites_compressa_HIv1___RNAseq.g14799.t1",1,0,0,NA,NA,NA,NA,"ME0"
"Porites_compressa_HIv1___RNAseq.g14805.t1",2,0,0,NA,NA,NA,NA,"ME0"
"Porites_compressa_HIv1___TS.g9203.t3",1,0,0,6.46752067924072e-06,"Monotonous",1,0.966683664794525,"ME12"
"Porites_compressa_HIv1___RNAseq.g14816.t1",1,0,0,4.03554103083454e-08,"Transient",5,0.965085123198082,"ME1"
"Porites_compressa_HIv1___RNAseq.g14823.t1",0,0,1,0.00983178367888235,"Transient",5,0.928789514030537,"ME1"
"Porites_compressa_HIv1___RNAseq.g14825.t1",1,0,0,NA,NA,NA,NA,"ME2"
"Porites_compressa_HIv1___RNAseq.g14847.t1",0,2,0,NA,NA,NA,NA,"ME0"
"Porites_compressa_HIv1___RNAseq.g14848.t1",0,1,0,0.0387702811535912,"Other",3,0.851165656419399,"ME4"
"Porites_compressa_HIv1___RNAseq.g14851.t1",1,0,0,NA,NA,NA,NA,"ME3"
"Porites_compressa_HIv1___TS.g9241.t1",1,0,0,NA,NA,NA,NA,"ME0"
"Porites_compressa_HIv1___RNAseq.3608_t",0,1,0,NA,NA,NA,NA,"ME0"
"Porites_compressa_HIv1___RNAseq.3610_t",1,0,0,NA,NA,NA,NA,"ME1"
"Porites_compressa_HIv1___TS.g9260.t1",1,0,0,NA,NA,NA,NA,"ME0"
"Porites_compressa_HIv1___RNAseq.g14876.t1",0,2,0,0.000106453039439753,"Monotonous",3,0.908404190156247,"ME4"
"Porites_compressa_HIv1___RNAseq.g14889.t1",0,1,0,NA,NA,NA,NA,"ME4"
"Porites_compressa_HIv1___RNAseq.g14899.t1",1,0,1,0.0403035158305709,"Transient",5,0.852937832699485,"ME1"
"Porites_compressa_HIv1___RNAseq.g14901.t1",1,0,0,0.0109568355092659,"Other",NA,NA,"ME1"
"Porites_compressa_HIv1___RNAseq.g14916.t1",0,1,0,NA,NA,NA,NA,"ME0"
"Porites_compressa_HIv1___RNAseq.g14927.t1",0,0,1,NA,NA,NA,NA,"ME1"
"Porites_compressa_HIv1___RNAseq.g14928.t1",1,0,0,NA,NA,NA,NA,"ME1"
"Porites_compressa_HIv1___RNAseq.g14931.t1",1,0,0,0.00308670729652411,"Transient",5,0.775305356648183,"ME1"
"Porites_compressa_HIv1___RNAseq.g14932.t1",0,1,0,NA,NA,NA,NA,"ME1"
"Porites_compressa_HIv1___RNAseq.g14964.t1",0,0,1,NA,NA,NA,NA,"ME1"
"Porites_compressa_HIv1___RNAseq.g14966.t1",2,1,0,NA,NA,NA,NA,"ME0"
"Porites_compressa_HIv1___RNAseq.g14969.t1",0,0,1,0.000322578099524807,"Monotonous",1,0.646371308144114,"ME0"
"Porites_compressa_HIv1___RNAseq.g14970.t1",1,0,1,NA,NA,NA,NA,"ME10"
"Porites_compressa_HIv1___RNAseq.g14974.t1",0,1,0,NA,NA,NA,NA,"ME3"
"Porites_compressa_HIv1___TS.g9372.t1",0,1,0,NA,NA,NA,NA,"ME0"
"Porites_compressa_HIv1___RNAseq.g14980.t1",1,0,0,NA,NA,NA,NA,"ME1"
"Porites_compressa_HIv1___RNAseq.g14985.t1",0,1,0,NA,NA,NA,NA,"ME11"
"Porites_compressa_HIv1___RNAseq.g14988.t1",0,1,0,NA,NA,NA,NA,"ME1"
"Porites_compressa_HIv1___TS.g9385.t1",1,0,0,NA,NA,NA,NA,"ME0"
"Porites_compressa_HIv1___RNAseq.g14990.t1",0,1,0,NA,NA,NA,NA,"ME0"
"Porites_compressa_HIv1___RNAseq.g14994.t1",1,0,0,NA,NA,NA,NA,"ME6"
"Porites_compressa_HIv1___RNAseq.g14996.t1",1,0,0,NA,NA,NA,NA,"ME2"
"Porites_compressa_HIv1___RNAseq.g14999.t1",1,0,0,NA,NA,NA,NA,"ME10"
"Porites_compressa_HIv1___RNAseq.g15000.t1",1,0,0,0.00829843183471189,"Other",4,0.754316891768496,"ME3"
"Porites_compressa_HIv1___TS.g9402.t1",1,0,0,NA,NA,NA,NA,"ME0"
"Porites_compressa_HIv1___RNAseq.g15007.t1",1,1,0,NA,NA,NA,NA,"ME0"
"Porites_compressa_HIv1___RNAseq.g15010.t1",1,0,0,NA,NA,NA,NA,"ME0"
"Porites_compressa_HIv1___RNAseq.g15012.t1",0,1,0,NA,NA,NA,NA,"ME1"
"Porites_compressa_HIv1___TS.g9413.t1",1,0,1,NA,NA,NA,NA,"ME6"
"Porites_compressa_HIv1___RNAseq.g15030.t1",1,0,0,0.0266964873803913,"Other",5,0.624285562280406,"ME1"
"Porites_compressa_HIv1___RNAseq.g15034.t1",1,0,0,NA,NA,NA,NA,"ME4"
"Porites_compressa_HIv1___RNAseq.g15035.t1",1,0,0,NA,NA,NA,NA,"ME4"
"Porites_compressa_HIv1___RNAseq.g15041.t1",1,0,0,NA,NA,NA,NA,"ME0"
"Porites_compressa_HIv1___RNAseq.g15048.t1",1,0,0,NA,NA,NA,NA,"ME0"
"Porites_compressa_HIv1___RNAseq.g15053.t1",1,0,0,0.0315296847369939,"Transient",4,0.563023720043038,"ME0"
"Porites_compressa_HIv1___RNAseq.g15056.t1",0,1,0,NA,NA,NA,NA,"ME13"
"Porites_compressa_HIv1___RNAseq.g5535.t1",1,0,0,NA,NA,NA,NA,"ME0"
"Porites_compressa_HIv1___RNAseq.g5579.t1",0,0,1,3.18794147671021e-05,"Monotonous",2,0.531997347841248,"ME2"
"Porites_compressa_HIv1___RNAseq.g5568.t1",1,0,0,NA,NA,NA,NA,"ME0"
"Porites_compressa_HIv1___TS.g34859.t2",1,1,0,NA,NA,NA,NA,"ME5"
"Porites_compressa_HIv1___TS.g34908.t1",1,0,0,NA,NA,NA,NA,"ME0"
"Porites_compressa_HIv1___RNAseq.g5581.t1",1,0,0,0.0371099689592065,"Other",NA,NA,"ME1"
"Porites_compressa_HIv1___RNAseq.g5461.t1",0,0,1,NA,NA,NA,NA,"ME8"
"Porites_compressa_HIv1___TS.g34829.t1",1,0,0,NA,NA,NA,NA,"ME2"
"Porites_compressa_HIv1___RNAseq.g5427.t1",1,0,0,NA,NA,NA,NA,"ME0"
"Porites_compressa_HIv1___RNAseq.g5429.t1",1,0,0,0.008222669084534,"Other",3,0.587619251543694,"ME2"
"Porites_compressa_HIv1___RNAseq.g5446.t1",1,0,0,NA,NA,NA,NA,"ME10"
"Porites_compressa_HIv1___RNAseq.g5448.t1",1,0,0,NA,NA,NA,NA,"ME0"
"Porites_compressa_HIv1___RNAseq.g5452.t1",0,1,0,NA,NA,NA,NA,"ME0"
"Porites_compressa_HIv1___RNAseq.g5453.t1",0,1,0,NA,NA,NA,NA,"ME5"
"Porites_compressa_HIv1___TS.g34779.t1",0,1,0,NA,NA,NA,NA,"ME0"
"Porites_compressa_HIv1___RNAseq.g5467.t1",1,0,0,NA,NA,NA,NA,"ME1"
"Porites_compressa_HIv1___RNAseq.g5483.t1",0,1,0,NA,NA,NA,NA,"ME0"
"Porites_compressa_HIv1___RNAseq.g5484.t1",0,0,1,NA,NA,NA,NA,"ME5"
"Porites_compressa_HIv1___RNAseq.g5485.t1",0,0,1,NA,NA,NA,NA,"ME0"
"Porites_compressa_HIv1___RNAseq.g5492.t1",0,1,0,NA,NA,NA,NA,"ME6"
"Porites_compressa_HIv1___RNAseq.g5497.t1",1,0,0,0.0340121280385569,"Other",6,0.945412823862712,"ME13"
"Porites_compressa_HIv1___TS.g34833.t1",0,0,1,0.0111696412132905,"Transient",5,0.88746643306449,"ME1"
"Porites_compressa_HIv1___TS.g34834.t2",0,0,1,0.000338902001408512,"Other",NA,NA,"ME3"
"Porites_compressa_HIv1___RNAseq.g5513.t1",1,0,0,NA,NA,NA,NA,"ME0"
"Porites_compressa_HIv1___TS.g34845.t1",3,0,0,0.0205258289066784,"Other",NA,NA,"ME2"
"Porites_compressa_HIv1___RNAseq.g5525.t1",1,0,0,0.0380447968900539,"Other",NA,NA,"ME0"
"Porites_compressa_HIv1___TS.g34854.t1",0,1,0,NA,NA,NA,NA,"ME0"
"Porites_compressa_HIv1___TS.g34855.t1",0,0,1,NA,NA,NA,NA,"ME0"
"Porites_compressa_HIv1___RNAseq.g5532.t1",1,0,0,0.0224664114895205,"Other",NA,NA,"ME4"
"Porites_compressa_HIv1___RNAseq.g5696.t1",1,1,0,NA,NA,NA,NA,"ME0"
"Porites_compressa_HIv1___RNAseq.g5746.t1",1,1,0,NA,NA,NA,NA,"ME9"
"Porites_compressa_HIv1___RNAseq.g5792.t1",1,0,0,0.0215003979073169,"Other",5,0.646277738720835,"ME0"
"Porites_compressa_HIv1___RNAseq.g5806.t1",1,0,0,NA,NA,NA,NA,"ME0"
"Porites_compressa_HIv1___RNAseq.g5808.t1",1,2,0,NA,NA,NA,NA,"ME0"
"Porites_compressa_HIv1___RNAseq.g1302.t1",1,0,0,0.000786812696607908,"Monotonous",2,0.773939322612899,"ME3"
"Porites_compressa_HIv1___RNAseq.g5827.t1",1,0,0,NA,NA,NA,NA,"ME6"
"Porites_compressa_HIv1___RNAseq.g1318.t1",0,0,1,5.37345595365507e-10,"Transient",1,0.727048186607628,"ME19"
"Porites_compressa_HIv1___RNAseq.g1324.t1",1,1,0,0.00259785751079776,"Other",3,0.757334501130162,"ME4"
"Porites_compressa_HIv1___RNAseq.g1321.t1",0,0,1,NA,NA,NA,NA,"ME6"
"Porites_compressa_HIv1___RNAseq.g5595.t2",1,1,2,NA,NA,NA,NA,"ME1"
"Porites_compressa_HIv1___RNAseq.g5596.t1",1,1,2,0.0435111329260955,"Monotonous",1,0.749005969894938,"ME0"
"Porites_compressa_HIv1___RNAseq.g5602.t1a",0,1,0,0.00293408216509263,"Other",3,0.843507786048283,"ME3"
"Porites_compressa_HIv1___RNAseq.g5624.t1",0,1,0,0.0454195084718866,"Other",NA,NA,"ME5"
"Porites_compressa_HIv1___RNAseq.g5627.t1",0,0,1,NA,NA,NA,NA,"ME4"
"Porites_compressa_HIv1___TS.g34986.t1",1,0,0,NA,NA,NA,NA,"ME1"
"Porites_compressa_HIv1___TS.g34995.t1",0,0,2,NA,NA,NA,NA,"ME0"
"Porites_compressa_HIv1___RNAseq.g5663.t1",0,0,1,NA,NA,NA,NA,"ME3"
"Porites_compressa_HIv1___RNAseq.g5665.t1",0,3,0,NA,NA,NA,NA,"ME1"
"Porites_compressa_HIv1___RNAseq.g5669.t1",1,0,0,NA,NA,NA,NA,"ME0"
"Porites_compressa_HIv1___RNAseq.g5673.t1",0,0,1,NA,NA,NA,NA,"ME6"
"Porites_compressa_HIv1___RNAseq.g1325.t1",0,2,1,0.00480392798747659,"Other",3,0.527955840396241,"ME3"
"Porites_compressa_HIv1___RNAseq.g1334.t1",1,0,1,NA,NA,NA,NA,"ME0"
"Porites_compressa_HIv1___RNAseq.g1335.t1",2,0,0,NA,NA,NA,NA,"ME10"
"Porites_compressa_HIv1___TS.g39629.t1",0,1,0,NA,NA,NA,NA,"ME1"
"Porites_compressa_HIv1___RNAseq.g1337.t1",1,0,0,0.00977685028995154,"Other",NA,NA,"ME0"
"Porites_compressa_HIv1___RNAseq.g1384.t1",0,0,1,NA,NA,NA,NA,"ME0"
"Porites_compressa_HIv1___RNAseq.g1385.t1",0,1,0,NA,NA,NA,NA,"ME0"
"Porites_compressa_HIv1___RNAseq.g1346.t1",0,1,0,NA,NA,NA,NA,"ME2"
"Porites_compressa_HIv1___RNAseq.g1359.t1",0,1,0,NA,NA,NA,NA,"ME0"
"Porites_compressa_HIv1___RNAseq.g1360.t1",0,1,0,NA,NA,NA,NA,"ME0"
"Porites_compressa_HIv1___RNAseq.g1362.t1",0,0,1,NA,NA,NA,NA,"ME0"
"Porites_compressa_HIv1___RNAseq.g1365.t1",0,1,0,NA,NA,NA,NA,"ME1"
"Porites_compressa_HIv1___RNAseq.g1367.t1",1,0,0,NA,NA,NA,NA,"ME0"
"Porites_compressa_HIv1___RNAseq.g1369.t1",1,0,0,NA,NA,NA,NA,"ME1"
"Porites_compressa_HIv1___TS.g39668.t1",1,0,0,7.29462123967768e-05,"Transient",5,0.677463620053856,"ME1"
"Porites_compressa_HIv1___RNAseq.g1371.t1",0,0,1,NA,NA,NA,NA,"ME0"
"Porites_compressa_HIv1___RNAseq.4984_t",1,0,0,NA,NA,NA,NA,"ME0"
"Porites_compressa_HIv1___RNAseq.g1391.t1",1,0,0,NA,NA,NA,NA,"ME0"
"Porites_compressa_HIv1___RNAseq.g1394.t1",0,1,0,8.48974858733234e-05,"Monotonous",3,0.942320702809092,"ME3"
"Porites_compressa_HIv1___RNAseq.g1411.t1",1,0,0,NA,NA,NA,NA,"ME1"
"Porites_compressa_HIv1___RNAseq.g1726.t1",1,0,1,NA,NA,NA,NA,"ME0"
"Porites_compressa_HIv1___RNAseq.g1742.t1",2,0,0,NA,NA,NA,NA,"ME0"
"Porites_compressa_HIv1___RNAseq.g1685.t1",1,0,0,NA,NA,NA,NA,"ME4"
"Porites_compressa_HIv1___RNAseq.g1686.t1",1,0,1,NA,NA,NA,NA,"ME0"
"Porites_compressa_HIv1___RNAseq.g1687.t1",1,0,0,NA,NA,NA,NA,"ME6"
"Porites_compressa_HIv1___RNAseq.g1693.t1",1,0,0,NA,NA,NA,NA,"ME0"
"Porites_compressa_HIv1___RNAseq.g1706.t1",0,1,0,NA,NA,NA,NA,"ME4"
"Porites_compressa_HIv1___RNAseq.g1712.t1",1,0,0,NA,NA,NA,NA,"ME2"
"Porites_compressa_HIv1___RNAseq.g1721.t1",1,0,0,NA,NA,NA,NA,"ME0"
"Porites_compressa_HIv1___RNAseq.g1722.t1",0,1,0,NA,NA,NA,NA,"ME13"
"Porites_compressa_HIv1___TS.g40022.t1",0,1,0,NA,NA,NA,NA,"ME0"
"Porites_compressa_HIv1___RNAseq.g1728.t1",0,1,0,NA,NA,NA,NA,"ME1"
"Porites_compressa_HIv1___RNAseq.g1737.t1",0,2,1,NA,NA,NA,NA,"ME1"
"Porites_compressa_HIv1___RNAseq.g1739.t1",0,1,0,NA,NA,NA,NA,"ME0"
"Porites_compressa_HIv1___RNAseq.g1740.t1",2,2,0,0.00239571279085944,"Transient",5,0.960542917492738,"ME1"
"Porites_compressa_HIv1___RNAseq.g1741.t1",1,1,0,0.0491088573925911,"Transient",5,0.674251500496348,"ME1"
"Porites_compressa_HIv1___TS.g40040.t1",2,0,0,NA,NA,NA,NA,"ME18"
"Porites_compressa_HIv1___RNAseq.g1747.t1",0,0,1,NA,NA,NA,NA,"ME0"
"Porites_compressa_HIv1___RNAseq.g1750.t1b",0,1,0,NA,NA,NA,NA,"ME11"
"Porites_compressa_HIv1___RNAseq.g1757.t1",1,0,0,NA,NA,NA,NA,"ME0"
"Porites_compressa_HIv1___RNAseq.g1759.t2",1,0,0,NA,NA,NA,NA,"ME0"
"Porites_compressa_HIv1___RNAseq.g1879.t1",1,1,0,NA,NA,NA,NA,"ME0"
"Porites_compressa_HIv1___RNAseq.g1881.t1b",1,0,0,NA,NA,NA,NA,"ME0"
"Porites_compressa_HIv1___RNAseq.g1877.t1",0,1,0,NA,NA,NA,NA,"ME11"
"Porites_compressa_HIv1___TS.g40175.t1",0,2,0,NA,NA,NA,NA,"ME0"
"Porites_compressa_HIv1___TS.g40172.t1",1,0,0,NA,NA,NA,NA,"ME1"
"Porites_compressa_HIv1___RNAseq.g1888.t1",0,1,0,0.00111741952293757,"Monotonous",NA,NA,"ME0"
"Porites_compressa_HIv1___TS.g39711.t1",2,0,0,NA,NA,NA,NA,"ME0"
"Porites_compressa_HIv1___RNAseq.5095_t",1,0,0,NA,NA,NA,NA,"ME0"
"Porites_compressa_HIv1___RNAseq.g1507.t1",0,0,1,NA,NA,NA,NA,"ME0"
"Porites_compressa_HIv1___RNAseq.g1510.t1",0,1,0,NA,NA,NA,NA,"ME0"
"Porites_compressa_HIv1___RNAseq.g1517.t1",0,1,0,NA,NA,NA,NA,"ME0"
"Porites_compressa_HIv1___RNAseq.g1548.t1",0,0,1,NA,NA,NA,NA,"ME0"
"Porites_compressa_HIv1___TS.g39900.t1a",1,0,0,NA,NA,NA,NA,"ME1"
"Porites_compressa_HIv1___TS.g39910.t1",0,1,0,NA,NA,NA,NA,"ME1"
"Porites_compressa_HIv1___TS.g39928.t1",1,1,0,NA,NA,NA,NA,"ME6"
"Porites_compressa_HIv1___RNAseq.g1642.t1a",1,0,1,NA,NA,NA,NA,"ME1"
"Porites_compressa_HIv1___RNAseq.g1660.t1",0,1,0,NA,NA,NA,NA,"ME0"
"Porites_compressa_HIv1___RNAseq.g1663.t1",1,1,0,NA,NA,NA,NA,"ME2"
"Porites_compressa_HIv1___RNAseq.5269_t",0,0,1,NA,NA,NA,NA,"ME14"
"Porites_compressa_HIv1___RNAseq.g1416.t1",0,0,1,NA,NA,NA,NA,"ME0"
"Porites_compressa_HIv1___RNAseq.g1420.t1",1,0,0,NA,NA,NA,NA,"ME1"
"Porites_compressa_HIv1___RNAseq.g1421.t1",1,0,0,NA,NA,NA,NA,"ME0"
"Porites_compressa_HIv1___RNAseq.g1423.t1a",1,0,0,0.000508197505669996,"Monotonous",2,0.810158820490387,"ME2"
"Porites_compressa_HIv1___RNAseq.5042_t",1,1,1,0.00852305712382169,"Monotonous",NA,NA,"ME19"
"Porites_compressa_HIv1___TS.g39742.t1",0,1,0,NA,NA,NA,NA,"ME8"
"Porites_compressa_HIv1___RNAseq.g1450.t1",0,1,0,NA,NA,NA,NA,"ME11"
"Porites_compressa_HIv1___RNAseq.g1452.t1b",0,1,0,NA,NA,NA,NA,"ME8"
"Porites_compressa_HIv1___RNAseq.g1470.t1",0,1,0,0.00453020952500229,"Other",NA,NA,"ME0"
"Porites_compressa_HIv1___RNAseq.g1475.t1",0,1,0,1.22333490618323e-17,"Transient",5,0.922053531741269,"ME1"
"Porites_compressa_HIv1___RNAseq.g1477.t1",1,0,0,4.16716296261754e-05,"Transient",4,0.818857786896136,"ME3"
"Porites_compressa_HIv1___RNAseq.g1479.t1",0,0,1,NA,NA,NA,NA,"ME26"
"Porites_compressa_HIv1___RNAseq.g1489.t1",0,2,0,NA,NA,NA,NA,"ME10"
"Porites_compressa_HIv1___TS.g39800.t1",1,0,0,NA,NA,NA,NA,"ME0"
"Porites_compressa_HIv1___TS.g39805.t1",0,1,0,NA,NA,NA,NA,"ME8"
"Porites_compressa_HIv1___RNAseq.g1512.t1",0,1,0,NA,NA,NA,NA,"ME13"
"Porites_compressa_HIv1___RNAseq.5122_t",0,1,0,NA,NA,NA,NA,"ME1"
"Porites_compressa_HIv1___RNAseq.g1528.t1",0,1,0,NA,NA,NA,NA,"ME0"
"Porites_compressa_HIv1___RNAseq.g1535.t1",3,1,0,6.08460361919185e-05,"Monotonous",2,0.855985149839829,"ME5"
"Porites_compressa_HIv1___RNAseq.g1549.t1",0,1,0,NA,NA,NA,NA,"ME3"
"Porites_compressa_HIv1___RNAseq.g1550.t1",1,0,0,0.00779677438269172,"Monotonous",2,0.920712829196434,"ME21"
"Porites_compressa_HIv1___RNAseq.g1562.t1",2,0,0,0.0220175447696075,"Other",4,0.878766936893042,"ME3"
"Porites_compressa_HIv1___RNAseq.g1563.t1",1,0,0,NA,NA,NA,NA,"ME24"
"Porites_compressa_HIv1___RNAseq.g1564.t1",1,0,0,0.00275691691918345,"Monotonous",2,0.982958653170359,"ME21"
"Porites_compressa_HIv1___RNAseq.g1570.t1",1,0,0,0.00519495697867821,"Monotonous",2,0.984558958124105,"ME21"
"Porites_compressa_HIv1___RNAseq.g1580.t1",0,1,0,NA,NA,NA,NA,"ME1"
"Porites_compressa_HIv1___TS.g39881.t1b",0,1,0,0.0200045101867108,"Other",6,0.854771427433368,"ME1"
"Porites_compressa_HIv1___TS.g39881.t1a",0,0,1,NA,NA,NA,NA,"ME1"
"Porites_compressa_HIv1___RNAseq.g1583.t1",0,1,0,NA,NA,NA,NA,"ME0"
"Porites_compressa_HIv1___RNAseq.g1584.t1a",0,0,2,0.0274403290148448,"Other",6,0.626402355437576,"ME6"
"Porites_compressa_HIv1___RNAseq.g1586.t1",1,0,0,2.2975245910323e-10,"Monotonous",6,0.913745213722617,"ME1"
"Porites_compressa_HIv1___RNAseq.g1587.t1",1,0,0,0.000893405208970393,"Monotonous",NA,NA,"ME5"
"Porites_compressa_HIv1___RNAseq.g1589.t1",0,1,0,NA,NA,NA,NA,"ME3"
"Porites_compressa_HIv1___RNAseq.g1594.t1",0,0,1,NA,NA,NA,NA,"ME0"
"Porites_compressa_HIv1___RNAseq.g1596.t1",0,2,0,NA,NA,NA,NA,"ME1"
"Porites_compressa_HIv1___TS.g39897.t1",0,0,1,NA,NA,NA,NA,"ME0"
"Porites_compressa_HIv1___TS.g39902.t2",1,0,0,NA,NA,NA,NA,"ME1"
"Porites_compressa_HIv1___RNAseq.g1604.t1",0,2,1,NA,NA,NA,NA,"ME0"
"Porites_compressa_HIv1___TS.g39911.t1",0,0,1,NA,NA,NA,NA,"ME7"
"Porites_compressa_HIv1___RNAseq.g1619.t1",0,1,0,NA,NA,NA,NA,"ME0"
"Porites_compressa_HIv1___RNAseq.g1621.t1",1,0,0,NA,NA,NA,NA,"ME0"
"Porites_compressa_HIv1___TS.g39918.t1",1,0,0,NA,NA,NA,NA,"ME0"
"Porites_compressa_HIv1___RNAseq.g1626.t1",10,0,0,NA,NA,NA,NA,"ME7"
"Porites_compressa_HIv1___RNAseq.g1627.t1",1,0,0,NA,NA,NA,NA,"ME0"
"Porites_compressa_HIv1___RNAseq.g1628.t1",1,0,0,NA,NA,NA,NA,"ME0"
"Porites_compressa_HIv1___TS.g39936.t1",1,0,0,NA,NA,NA,NA,"ME6"
"Porites_compressa_HIv1___TS.g39942.t1a",1,0,0,NA,NA,NA,NA,"ME1"
"Porites_compressa_HIv1___RNAseq.g1654.t1",1,1,0,NA,NA,NA,NA,"ME0"
"Porites_compressa_HIv1___RNAseq.g1662.t1",1,0,1,0.00244967803570893,"Other",3,0.722511113885798,"ME4"
"Porites_compressa_HIv1___RNAseq.g1670.t1",0,0,1,NA,NA,NA,NA,"ME6"
"Porites_compressa_HIv1___RNAseq.g1672.t1",1,0,0,NA,NA,NA,NA,"ME0"
"Porites_compressa_HIv1___TS.g39967.t1",1,0,0,0.0107750392143076,"Other",6,0.819615092569236,"ME1"
"Porites_compressa_HIv1___TS.g39968.t1",1,0,0,NA,NA,NA,NA,"ME1"
"Porites_compressa_HIv1___RNAseq.g1677.t1",1,0,0,1.28131034259258e-08,"Monotonous",2,0.763665395541278,"ME4"
"Porites_compressa_HIv1___RNAseq.g1680.t1",0,1,0,NA,NA,NA,NA,"ME1"
"Porites_compressa_HIv1___RNAseq.g1952.t1",0,2,0,4.90763383296787e-05,"Transient",5,0.810784691609632,"ME1"
"Porites_compressa_HIv1___RNAseq.g1953.t1",0,1,0,NA,NA,NA,NA,"ME3"
"Porites_compressa_HIv1___RNAseq.g1954.t1",0,1,0,0.00495401844354002,"Monotonous",5,0.85856337139138,"ME1"
"Porites_compressa_HIv1___TS.g40252.t1",0,1,0,1.11889300102488e-05,"Monotonous",2,0.950657638157242,"ME2"
"Porites_compressa_HIv1___RNAseq.g1962.t1",0,0,1,3.14576035505297e-06,"Monotonous",1,0.895207569365861,"ME19"
"Porites_compressa_HIv1___RNAseq.g24741.t1",0,0,1,NA,NA,NA,NA,"ME14"
"Porites_compressa_HIv1___RNAseq.g24740.t1",6,0,0,NA,NA,NA,NA,"ME1"
"Porites_compressa_HIv1___RNAseq.g1903.t1",0,1,1,NA,NA,NA,NA,"ME0"
"Porites_compressa_HIv1___RNAseq.g1906.t1",0,3,0,NA,NA,NA,NA,"ME0"
"Porites_compressa_HIv1___TS.g40215.t1",0,1,0,NA,NA,NA,NA,"ME0"
"Porites_compressa_HIv1___TS.g40191.t1",1,0,0,NA,NA,NA,NA,"ME0"
"Porites_compressa_HIv1___RNAseq.g1909.t1",1,0,0,NA,NA,NA,NA,"ME19"
"Porites_compressa_HIv1___RNAseq.g1915.t1",0,1,0,NA,NA,NA,NA,"ME0"
"Porites_compressa_HIv1___RNAseq.g1917.t1",0,1,0,NA,NA,NA,NA,"ME0"
"Porites_compressa_HIv1___TS.g40213.t1",1,0,0,NA,NA,NA,NA,"ME0"
"Porites_compressa_HIv1___RNAseq.g1928.t1",0,0,1,NA,NA,NA,NA,"ME0"
"Porites_compressa_HIv1___RNAseq.g1938.t1",1,0,1,0.00573327544561604,"Transient",4,0.526498336490815,"ME3"
"Porites_compressa_HIv1___TS.g40230.t2",0,0,1,NA,NA,NA,NA,"ME1"
"Porites_compressa_HIv1___RNAseq.g1944.t1",0,0,1,NA,NA,NA,NA,"ME23"
"Porites_compressa_HIv1___RNAseq.g24683.t1",0,0,1,NA,NA,NA,NA,"ME14"
"Porites_compressa_HIv1___RNAseq.g24688.t1",0,1,0,NA,NA,NA,NA,"ME14"
"Porites_compressa_HIv1___RNAseq.g24724.t1a",0,0,1,NA,NA,NA,NA,"ME0"
"Porites_compressa_HIv1___TS.g33065.t1",0,0,1,NA,NA,NA,NA,"ME1"
"Porites_compressa_HIv1___TS.g33062.t1",0,0,1,NA,NA,NA,NA,"ME8"
"Porites_compressa_HIv1___TS.g33068.t1",0,0,1,NA,NA,NA,NA,"ME9"
"Porites_compressa_HIv1___RNAseq.g24782.t1",1,0,0,NA,NA,NA,NA,"ME0"
"Porites_compressa_HIv1___RNAseq.g24778.t1",0,1,0,5.39004605865622e-06,"Monotonous",NA,NA,"ME3"
"Porites_compressa_HIv1___RNAseq.g24779.t1",0,0,1,NA,NA,NA,NA,"ME20"
"Porites_compressa_HIv1___RNAseq.g1832.t1",0,0,1,NA,NA,NA,NA,"ME15"
"Porites_compressa_HIv1___RNAseq.g1864.t1",0,1,0,NA,NA,NA,NA,"ME0"
"Porites_compressa_HIv1___RNAseq.g1865.t1",1,0,0,NA,NA,NA,NA,"ME0"
"Porites_compressa_HIv1___TS.g40059.t1",0,1,0,0.00364268655920612,"Transient",5,0.979785523704763,"ME1"
"Porites_compressa_HIv1___RNAseq.g1770.t1",1,0,0,NA,NA,NA,NA,"ME0"
"Porites_compressa_HIv1___RNAseq.g1776.t1",1,0,0,NA,NA,NA,NA,"ME1"
"Porites_compressa_HIv1___RNAseq.g1777.t1",1,0,0,NA,NA,NA,NA,"ME0"
"Porites_compressa_HIv1___RNAseq.g1784.t1",1,0,0,NA,NA,NA,NA,"ME4"
"Porites_compressa_HIv1___RNAseq.g1791.t1",1,0,0,0.000273235793066765,"Monotonous",3,0.974678575293288,"ME3"
"Porites_compressa_HIv1___RNAseq.g1795.t1",1,1,1,NA,NA,NA,NA,"ME10"
"Porites_compressa_HIv1___RNAseq.g1796.t1",1,0,2,NA,NA,NA,NA,"ME16"
"Porites_compressa_HIv1___RNAseq.g1802.t1",1,1,0,NA,NA,NA,NA,"ME3"
"Porites_compressa_HIv1___TS.g40102.t1a",1,0,0,0.0415396679727722,"Other",NA,NA,"ME0"
"Porites_compressa_HIv1___RNAseq.g1808.t1",1,0,0,NA,NA,NA,NA,"ME0"
"Porites_compressa_HIv1___RNAseq.g1809.t1",0,1,0,NA,NA,NA,NA,"ME4"
"Porites_compressa_HIv1___RNAseq.g1815.t1",0,0,1,NA,NA,NA,NA,"ME0"
"Porites_compressa_HIv1___RNAseq.g1839.t1",1,0,2,NA,NA,NA,NA,"ME11"
"Porites_compressa_HIv1___RNAseq.g1850.t1",1,0,0,NA,NA,NA,NA,"ME0"
"Porites_compressa_HIv1___RNAseq.g1852.t1",0,0,1,0.00869538124083156,"Other",5,0.930884726453366,"ME1"
"Porites_compressa_HIv1___RNAseq.g1853.t1",0,0,1,NA,NA,NA,NA,"ME0"
"Porites_compressa_HIv1___RNAseq.g1856.t1",1,0,0,NA,NA,NA,NA,"ME0"
"Porites_compressa_HIv1___RNAseq.g1857.t1",0,1,0,NA,NA,NA,NA,"ME0"
"Porites_compressa_HIv1___RNAseq.g1858.t1",0,1,0,NA,NA,NA,NA,"ME1"
"Porites_compressa_HIv1___RNAseq.g1859.t1",0,0,1,NA,NA,NA,NA,"ME3"
"Porites_compressa_HIv1___RNAseq.g1870.t1",1,1,0,4.95488975427228e-05,"Monotonous",3,0.787388495352674,"ME4"
"Porites_compressa_HIv1___RNAseq.g1875.t1",0,1,0,0.0422406848468388,"Other",1,0.686412026715807,"ME0"
"Porites_compressa_HIv1___RNAseq.g24743.t1",0,1,0,NA,NA,NA,NA,"ME0"
"Porites_compressa_HIv1___RNAseq.g24745.t1",1,0,0,NA,NA,NA,NA,"ME1"
"Porites_compressa_HIv1___RNAseq.g24746.t1",1,0,0,NA,NA,NA,NA,"ME1"
"Porites_compressa_HIv1___RNAseq.g24749.t1",1,0,0,NA,NA,NA,NA,"ME0"
"Porites_compressa_HIv1___RNAseq.g24750.t1",2,0,0,NA,NA,NA,NA,"ME1"
"Porites_compressa_HIv1___TS.g33087.t1",0,1,0,NA,NA,NA,NA,"ME1"
"Porites_compressa_HIv1___RNAseq.g24753.t2",1,0,1,NA,NA,NA,NA,"ME0"
"Porites_compressa_HIv1___RNAseq.5651_t",1,0,0,0.000222940695361018,"Monotonous",2,0.53768960439562,"ME4"
"Porites_compressa_HIv1___RNAseq.g24758.t1",1,0,0,0.0419514893759854,"Other",2,0.562924915313631,"ME15"
"Porites_compressa_HIv1___RNAseq.g24819.t1",3,0,0,8.54566126715147e-07,"Monotonous",1,0.874626780557098,"ME12"
"Porites_compressa_HIv1___RNAseq.g24824.t1",3,0,0,4.25607140653629e-05,"Monotonous",1,0.723326970468225,"ME19"
"Porites_compressa_HIv1___RNAseq.g24797.t1",1,1,0,NA,NA,NA,NA,"ME0"
"Porites_compressa_HIv1___RNAseq.g24785.t1",0,0,1,NA,NA,NA,NA,"ME0"
"Porites_compressa_HIv1___RNAseq.g24787.t1",0,1,0,NA,NA,NA,NA,"ME0"
"Porites_compressa_HIv1___RNAseq.g24795.t1",0,0,1,NA,NA,NA,NA,"ME1"
"Porites_compressa_HIv1___RNAseq.g24806.t1",1,0,0,NA,NA,NA,NA,"ME0"
"Porites_compressa_HIv1___RNAseq.g24807.t1a",0,1,0,NA,NA,NA,NA,"ME0"
"Porites_compressa_HIv1___TS.g33150.t1",0,1,0,NA,NA,NA,NA,"ME3"
"Porites_compressa_HIv1___RNAseq.g24933.t1",0,1,0,NA,NA,NA,NA,"ME5"
"Porites_compressa_HIv1___RNAseq.g24960.t1",2,0,1,NA,NA,NA,NA,"ME1"
"Porites_compressa_HIv1___RNAseq.g24969.t1",1,0,1,NA,NA,NA,NA,"ME0"
"Porites_compressa_HIv1___RNAseq.g24838.t1",0,0,1,NA,NA,NA,NA,"ME7"
"Porites_compressa_HIv1___RNAseq.g24882.t1",1,0,0,NA,NA,NA,NA,"ME0"
"Porites_compressa_HIv1___RNAseq.g24887.t1",1,0,0,NA,NA,NA,NA,"ME0"
"Porites_compressa_HIv1___RNAseq.g24847.t1",1,0,0,NA,NA,NA,NA,"ME3"
"Porites_compressa_HIv1___RNAseq.g24851.t1",3,0,0,1.30638249763636e-06,"Transient",4,0.600341783196018,"ME4"
"Porites_compressa_HIv1___RNAseq.g24853.t2",0,1,0,NA,NA,NA,NA,"ME0"
"Porites_compressa_HIv1___RNAseq.g24854.t1",1,1,0,NA,NA,NA,NA,"ME0"
"Porites_compressa_HIv1___RNAseq.g24859.t1",0,1,0,NA,NA,NA,NA,"ME2"
"Porites_compressa_HIv1___TS.g33200.t1",1,0,0,NA,NA,NA,NA,"ME3"
"Porites_compressa_HIv1___RNAseq.g24862.t1",1,0,0,NA,NA,NA,NA,"ME8"
"Porites_compressa_HIv1___TS.g33203.t1",1,0,0,NA,NA,NA,NA,"ME3"
"Porites_compressa_HIv1___RNAseq.g24869.t1",1,0,0,NA,NA,NA,NA,"ME1"
"Porites_compressa_HIv1___RNAseq.g24871.t1",1,0,0,NA,NA,NA,NA,"ME0"
"Porites_compressa_HIv1___RNAseq.g24872.t1",1,2,1,NA,NA,NA,NA,"ME1"
"Porites_compressa_HIv1___RNAseq.g24873.t2a",1,1,0,0.00744306295151872,"Monotonous",NA,NA,"ME3"
"Porites_compressa_HIv1___RNAseq.g24875.t1",1,0,0,NA,NA,NA,NA,"ME0"
"Porites_compressa_HIv1___RNAseq.g24878.t1",1,0,0,NA,NA,NA,NA,"ME2"
"Porites_compressa_HIv1___RNAseq.g24879.t1",1,0,0,NA,NA,NA,NA,"ME1"
"Porites_compressa_HIv1___RNAseq.g24881.t1",0,1,0,NA,NA,NA,NA,"ME0"
"Porites_compressa_HIv1___RNAseq.g24893.t1",1,0,0,NA,NA,NA,NA,"ME0"
"Porites_compressa_HIv1___RNAseq.5797_t",0,1,0,NA,NA,NA,NA,"ME9"
"Porites_compressa_HIv1___TS.g33244.t1",1,0,0,NA,NA,NA,NA,"ME0"
"Porites_compressa_HIv1___RNAseq.g24907.t1",1,0,0,NA,NA,NA,NA,"ME3"
"Porites_compressa_HIv1___RNAseq.g24908.t1",1,0,0,NA,NA,NA,NA,"ME3"
"Porites_compressa_HIv1___RNAseq.g24912.t2a",0,0,1,NA,NA,NA,NA,"ME0"
"Porites_compressa_HIv1___RNAseq.g24920.t1",0,0,1,0.000617910481651909,"Other",4,0.510499665509856,"ME0"
"Porites_compressa_HIv1___RNAseq.g24923.t1",0,1,0,NA,NA,NA,NA,"ME3"
"Porites_compressa_HIv1___RNAseq.g24924.t1",0,1,1,NA,NA,NA,NA,"ME4"
"Porites_compressa_HIv1___RNAseq.g24938.t1",0,1,0,NA,NA,NA,NA,"ME0"
"Porites_compressa_HIv1___RNAseq.g24957.t1",1,0,0,NA,NA,NA,NA,"ME0"
"Porites_compressa_HIv1___TS.g33275.t1",0,0,1,0.00266565082884622,"Monotonous",2,0.873966460891271,"ME4"
"Porites_compressa_HIv1___RNAseq.g24940.t1",0,1,0,NA,NA,NA,NA,"ME9"
"Porites_compressa_HIv1___RNAseq.g24943.t1",0,1,0,NA,NA,NA,NA,"ME0"
"Porites_compressa_HIv1___TS.g33284.t1",0,1,0,NA,NA,NA,NA,"ME0"
"Porites_compressa_HIv1___RNAseq.g24945.t1",1,1,0,NA,NA,NA,NA,"ME2"
"Porites_compressa_HIv1___TS.g33292.t2",1,0,1,0.0447422737457443,"Other",5,0.94511434317551,"ME1"
"Porites_compressa_HIv1___TS.g33293.t1",1,0,0,0.0184995266459247,"Other",3,0.700441115188714,"ME3"
"Porites_compressa_HIv1___RNAseq.g25002.t1",0,0,1,NA,NA,NA,NA,"ME0"
"Porites_compressa_HIv1___RNAseq.g25031.t1",1,1,0,NA,NA,NA,NA,"ME1"
"Porites_compressa_HIv1___RNAseq.g25090.t1",0,0,1,NA,NA,NA,NA,"ME0"
"Porites_compressa_HIv1___RNAseq.g24974.t1",0,3,1,NA,NA,NA,NA,"ME0"
"Porites_compressa_HIv1___RNAseq.g24978.t1",1,0,0,NA,NA,NA,NA,"ME3"
"Porites_compressa_HIv1___RNAseq.g24982.t1",0,0,1,NA,NA,NA,NA,"ME5"
"Porites_compressa_HIv1___RNAseq.g24983.t1",0,1,0,NA,NA,NA,NA,"ME0"
"Porites_compressa_HIv1___RNAseq.g24984.t1",0,0,1,NA,NA,NA,NA,"ME2"
"Porites_compressa_HIv1___RNAseq.g24987.t1",0,1,0,0.000612772928428239,"Transient",5,0.667843984998173,"ME1"
"Porites_compressa_HIv1___RNAseq.g24991.t1",0,0,1,NA,NA,NA,NA,"ME1"
"Porites_compressa_HIv1___TS.g33335.t1",1,0,0,NA,NA,NA,NA,"ME0"
"Porites_compressa_HIv1___RNAseq.g24998.t1",0,0,1,NA,NA,NA,NA,"ME2"
"Porites_compressa_HIv1___RNAseq.g25005.t1",0,1,0,NA,NA,NA,NA,"ME0"
"Porites_compressa_HIv1___RNAseq.g25006.t1",0,1,0,NA,NA,NA,NA,"ME2"
"Porites_compressa_HIv1___TS.6042_t",1,0,0,NA,NA,NA,NA,"ME0"
"Porites_compressa_HIv1___TS.g33350.t1",2,0,0,NA,NA,NA,NA,"ME0"
"Porites_compressa_HIv1___RNAseq.g25018.t1",0,1,0,NA,NA,NA,NA,"ME27"
"Porites_compressa_HIv1___RNAseq.g25024.t2",0,1,0,0.00291597129963474,"Other",3,0.856172633449979,"ME4"
"Porites_compressa_HIv1___TS.g33364.t2",0,1,0,NA,NA,NA,NA,"ME3"
"Porites_compressa_HIv1___RNAseq.g25032.t1",0,2,0,NA,NA,NA,NA,"ME0"
"Porites_compressa_HIv1___RNAseq.g25033.t1",0,2,0,NA,NA,NA,NA,"ME0"
"Porites_compressa_HIv1___RNAseq.g25044.t2",0,2,0,NA,NA,NA,NA,"ME0"
"Porites_compressa_HIv1___RNAseq.g25054.t1",1,0,0,0.0228419328714795,"Other",NA,NA,"ME0"
"Porites_compressa_HIv1___RNAseq.g25057.t1",0,2,0,NA,NA,NA,NA,"ME0"
"Porites_compressa_HIv1___RNAseq.g25100.t1",1,0,0,NA,NA,NA,NA,"ME3"
"Porites_compressa_HIv1___RNAseq.g25104.t1",0,0,1,0.0107189357817613,"Monotonous",1,0.866659894451697,"ME14"
"Porites_compressa_HIv1___RNAseq.g2642.t1",1,0,0,0.0335295188583686,"Other",6,0.540305596794337,"ME1"
"Porites_compressa_HIv1___TS.g33532.t1",0,0,1,NA,NA,NA,NA,"ME0"
"Porites_compressa_HIv1___TS.g33557.t1",1,0,0,NA,NA,NA,NA,"ME0"
"Porites_compressa_HIv1___RNAseq.g25188.t1",1,0,0,NA,NA,NA,NA,"ME2"
"Porites_compressa_HIv1___RNAseq.g25189.t1",1,0,0,NA,NA,NA,NA,"ME2"
"Porites_compressa_HIv1___RNAseq.g25190.t1",1,0,0,0.0420449807628561,"Monotonous",2,0.511890452959837,"ME2"
"Porites_compressa_HIv1___RNAseq.g25195.t1",1,0,0,NA,NA,NA,NA,"ME2"
"Porites_compressa_HIv1___RNAseq.g25202.t1",1,0,0,0.0121342330925314,"Monotonous",2,0.753793169434152,"ME2"
"Porites_compressa_HIv1___RNAseq.g25203.t1",1,0,0,0.000923167446271229,"Monotonous",2,0.880421390349326,"ME4"
"Porites_compressa_HIv1___RNAseq.g25217.t1",0,0,1,NA,NA,NA,NA,"ME1"
"Porites_compressa_HIv1___TS.g33500.t1",1,0,0,NA,NA,NA,NA,"ME0"
"Porites_compressa_HIv1___RNAseq.g25108.t1",0,1,0,NA,NA,NA,NA,"ME1"
"Porites_compressa_HIv1___RNAseq.g25110.t1",1,0,0,NA,NA,NA,NA,"ME0"
"Porites_compressa_HIv1___RNAseq.g25111.t1",1,0,0,3.06152314296214e-10,"Transient",3,0.774753585711722,"ME2"
"Porites_compressa_HIv1___RNAseq.g25112.t1",1,0,0,0.00487016689848844,"Monotonous",3,0.703533473829367,"ME4"
"Porites_compressa_HIv1___RNAseq.g25117.t1",2,0,0,NA,NA,NA,NA,"ME0"
"Porites_compressa_HIv1___RNAseq.g25121.t1",0,1,0,NA,NA,NA,NA,"ME1"
"Porites_compressa_HIv1___RNAseq.g25130.t1",0,1,0,NA,NA,NA,NA,"ME0"
"Porites_compressa_HIv1___TS.g33469.t1",1,0,0,NA,NA,NA,NA,"ME0"
"Porites_compressa_HIv1___RNAseq.g25150.t1",0,0,1,0.00475641825292021,"Other",NA,NA,"ME1"
"Porites_compressa_HIv1___TS.g33488.t1",1,1,0,NA,NA,NA,NA,"ME0"
"Porites_compressa_HIv1___RNAseq.g25154.t1",0,1,0,NA,NA,NA,NA,"ME1"
"Porites_compressa_HIv1___TS.g33493.t2a",0,0,1,0.0413212704087018,"Other",4,0.838437900996061,"ME0"
"Porites_compressa_HIv1___RNAseq.g25173.t1",0,0,1,NA,NA,NA,NA,"ME4"
"Porites_compressa_HIv1___RNAseq.g25174.t1",2,0,0,0.0338480481360235,"Other",3,0.833006324871292,"ME3"
"Porites_compressa_HIv1___RNAseq.g25175.t1",1,1,0,0.00651375009988854,"Other",3,0.853390072583698,"ME4"
"Porites_compressa_HIv1___RNAseq.g25180.t1",0,1,0,NA,NA,NA,NA,"ME6"
"Porites_compressa_HIv1___RNAseq.g25185.t1",0,0,1,NA,NA,NA,NA,"ME0"
"Porites_compressa_HIv1___RNAseq.g3012.t1",0,1,0,NA,NA,NA,NA,"ME4"
"Porites_compressa_HIv1___RNAseq.g3013.t1",0,1,0,NA,NA,NA,NA,"ME4"
"Porites_compressa_HIv1___RNAseq.g2968.t1",0,2,0,NA,NA,NA,NA,"ME1"
"Porites_compressa_HIv1___RNAseq.g2995.t1",1,0,0,NA,NA,NA,NA,"ME0"
"Porites_compressa_HIv1___RNAseq.g2942.t1",0,1,0,NA,NA,NA,NA,"ME15"
"Porites_compressa_HIv1___RNAseq.g2947.t1b",1,0,0,NA,NA,NA,NA,"ME11"
"Porites_compressa_HIv1___RNAseq.g2973.t1",1,3,0,NA,NA,NA,NA,"ME0"
"Porites_compressa_HIv1___RNAseq.g2982.t1",1,0,0,NA,NA,NA,NA,"ME0"
"Porites_compressa_HIv1___RNAseq.g2985.t1",0,1,0,NA,NA,NA,NA,"ME0"
"Porites_compressa_HIv1___RNAseq.g2990.t1",0,1,0,0.00786672706949712,"Other",5,0.642944427235324,"ME1"
"Porites_compressa_HIv1___RNAseq.g2991.t1",1,0,1,0.0377528716320866,"Other",5,0.838232639632875,"ME1"
"Porites_compressa_HIv1___RNAseq.g2992.t1",1,0,0,NA,NA,NA,NA,"ME1"
"Porites_compressa_HIv1___RNAseq.g3001.t1b",1,0,0,NA,NA,NA,NA,"ME15"
"Porites_compressa_HIv1___RNAseq.g2670.t1",0,1,0,NA,NA,NA,NA,"ME0"
"Porites_compressa_HIv1___RNAseq.g2672.t1",0,1,0,NA,NA,NA,NA,"ME0"
"Porites_compressa_HIv1___RNAseq.g2681.t1",0,1,0,NA,NA,NA,NA,"ME0"
"Porites_compressa_HIv1___TS.g41102.t1",1,0,0,NA,NA,NA,NA,"ME0"
"Porites_compressa_HIv1___RNAseq.g2758.t1",1,0,0,NA,NA,NA,NA,"ME14"
"Porites_compressa_HIv1___TS.g41131.t1",1,0,1,NA,NA,NA,NA,"ME13"
"Porites_compressa_HIv1___RNAseq.g2780.t1b",1,0,0,NA,NA,NA,NA,"ME0"
"Porites_compressa_HIv1___RNAseq.g2785.t1",1,0,0,NA,NA,NA,NA,"ME0"
"Porites_compressa_HIv1___RNAseq.g2792.t1",1,0,0,NA,NA,NA,NA,"ME1"
"Porites_compressa_HIv1___RNAseq.g2806.t1",0,2,0,NA,NA,NA,NA,"ME0"
"Porites_compressa_HIv1___RNAseq.g2816.t1",0,1,0,NA,NA,NA,NA,"ME21"
"Porites_compressa_HIv1___RNAseq.g2829.t1",0,1,0,NA,NA,NA,NA,"ME8"
"Porites_compressa_HIv1___RNAseq.g2887.t1",1,1,0,NA,NA,NA,NA,"ME0"
"Porites_compressa_HIv1___RNAseq.g2888.t1",0,1,0,NA,NA,NA,NA,"ME6"
"Porites_compressa_HIv1___RNAseq.g2910.t1",1,0,0,NA,NA,NA,NA,"ME0"
"Porites_compressa_HIv1___TS.g41023.t1a",0,1,0,0.000498407468147218,"Transient",5,0.845459418107345,"ME1"
"Porites_compressa_HIv1___RNAseq.g2666.t1",0,1,0,NA,NA,NA,NA,"ME9"
"Porites_compressa_HIv1___RNAseq.g2673.t1",0,1,0,NA,NA,NA,NA,"ME0"
"Porites_compressa_HIv1___RNAseq.g2719.t1",0,0,1,NA,NA,NA,NA,"ME17"
"Porites_compressa_HIv1___TS.g41099.t1",1,0,0,NA,NA,NA,NA,"ME0"
"Porites_compressa_HIv1___RNAseq.g2738.t1",1,0,0,NA,NA,NA,NA,"ME5"
"Porites_compressa_HIv1___RNAseq.g2745.t1",1,0,0,NA,NA,NA,NA,"ME23"
"Porites_compressa_HIv1___RNAseq.g2751.t1",1,0,0,NA,NA,NA,NA,"ME1"
"Porites_compressa_HIv1___RNAseq.g2756.t1",1,0,0,NA,NA,NA,NA,"ME15"
"Porites_compressa_HIv1___RNAseq.g2776.t1",1,0,0,NA,NA,NA,NA,"ME14"
"Porites_compressa_HIv1___RNAseq.g2779.t1",2,0,0,NA,NA,NA,NA,"ME0"
"Porites_compressa_HIv1___TS.g41155.t1b",0,1,0,0.0428752059303346,"Other",2,0.516690656696117,"ME2"
"Porites_compressa_HIv1___RNAseq.g2794.t1",1,0,0,NA,NA,NA,NA,"ME0"
"Porites_compressa_HIv1___RNAseq.g2795.t1",1,0,0,7.42563806756423e-05,"Monotonous",2,0.939456186836869,"ME2"
"Porites_compressa_HIv1___RNAseq.g2800.t1",0,1,0,0.00134122429473586,"Monotonous",6,0.745520408463315,"ME1"
"Porites_compressa_HIv1___RNAseq.g2815.t1b",0,0,1,0.00172885296670356,"Monotonous",2,0.880007828627227,"ME9"
"Porites_compressa_HIv1___TS.g41192.t1",1,0,0,0.00850429904475156,"Transient",5,0.682876081536135,"ME1"
"Porites_compressa_HIv1___RNAseq.g2831.t1",1,0,0,NA,NA,NA,NA,"ME0"
"Porites_compressa_HIv1___RNAseq.g2838.t1",1,0,0,0.00935872872578862,"Transient",5,0.730819607202954,"ME0"
"Porites_compressa_HIv1___RNAseq.g2843.t1",1,0,0,NA,NA,NA,NA,"ME0"
"Porites_compressa_HIv1___RNAseq.g2854.t1",1,0,0,NA,NA,NA,NA,"ME0"
"Porites_compressa_HIv1___RNAseq.g2865.t1",0,1,0,0.013145769515378,"Other",4,0.837317342824213,"ME0"
"Porites_compressa_HIv1___RNAseq.g2868.t1",0,1,0,NA,NA,NA,NA,"ME0"
"Porites_compressa_HIv1___TS.g41243.t1",0,1,0,0.0137968121731806,"Transient",5,0.666414909058547,"ME1"
"Porites_compressa_HIv1___TS.g41244.t1",1,1,0,NA,NA,NA,NA,"ME0"
"Porites_compressa_HIv1___RNAseq.g2881.t1",0,0,1,0.000885585043700176,"Transient",NA,NA,"ME0"
"Porites_compressa_HIv1___RNAseq.g2884.t1",0,0,1,NA,NA,NA,NA,"ME0"
"Porites_compressa_HIv1___RNAseq.g2890.t1",1,0,0,NA,NA,NA,NA,"ME13"
"Porites_compressa_HIv1___RNAseq.g2893.t1",1,0,2,NA,NA,NA,NA,"ME6"
"Porites_compressa_HIv1___RNAseq.g2894.t1",1,0,2,NA,NA,NA,NA,"ME6"
"Porites_compressa_HIv1___RNAseq.g2895.t1",0,0,1,NA,NA,NA,NA,"ME1"
"Porites_compressa_HIv1___RNAseq.g2897.t1",1,0,0,NA,NA,NA,NA,"ME0"
"Porites_compressa_HIv1___RNAseq.g2902.t1",1,0,0,0.00414207987006042,"Other",3,0.847621415186605,"ME4"
"Porites_compressa_HIv1___RNAseq.g2903.t1",0,0,1,NA,NA,NA,NA,"ME2"
"Porites_compressa_HIv1___RNAseq.g2918.t1",2,1,0,NA,NA,NA,NA,"ME1"
"Porites_compressa_HIv1___RNAseq.g2921.t1",0,0,2,0.00670900683534729,"Monotonous",2,0.665985125474842,"ME11"
"Porites_compressa_HIv1___RNAseq.g2922.t1",0,0,1,NA,NA,NA,NA,"ME1"
"Porites_compressa_HIv1___RNAseq.g2926.t1",1,0,0,0.0332634017067124,"Other",2,0.510239629290771,"ME2"
"Porites_compressa_HIv1___RNAseq.g2928.t1",1,1,0,1.33226404100736e-05,"Monotonous",2,0.962891458934431,"ME2"
"Porites_compressa_HIv1___TS.g41306.t1",0,1,0,NA,NA,NA,NA,"ME0"
"Porites_compressa_HIv1___RNAseq.g2933.t1",1,0,0,2.21855877659582e-06,"Monotonous",2,0.952511669226118,"ME4"
"Porites_compressa_HIv1___RNAseq.g2934.t1",0,1,0,0.00161793303328351,"Monotonous",2,0.876473042850108,"ME4"
"Porites_compressa_HIv1___RNAseq.g3032.t1",1,0,0,NA,NA,NA,NA,"ME0"
"Porites_compressa_HIv1___RNAseq.g3082.t1",1,0,0,NA,NA,NA,NA,"ME0"
"Porites_compressa_HIv1___RNAseq.g3114.t1",1,0,0,NA,NA,NA,NA,"ME0"
"Porites_compressa_HIv1___RNAseq.g3118.t1",2,0,1,NA,NA,NA,NA,"ME0"
"Porites_compressa_HIv1___RNAseq.g3121.t1",2,0,0,NA,NA,NA,NA,"ME0"
"Porites_compressa_HIv1___RNAseq.g3027.t1",1,1,0,NA,NA,NA,NA,"ME0"
"Porites_compressa_HIv1___RNAseq.g3028.t1a",1,1,0,NA,NA,NA,NA,"ME1"
"Porites_compressa_HIv1___RNAseq.g3028.t1b",0,1,0,NA,NA,NA,NA,"ME1"
"Porites_compressa_HIv1___TS.g41431.t1",1,0,0,0.000293522872101775,"Transient",3,0.64463750919756,"ME2"
"Porites_compressa_HIv1___RNAseq.g3055.t1",0,0,1,NA,NA,NA,NA,"ME5"
"Porites_compressa_HIv1___RNAseq.g3071.t1",1,0,0,NA,NA,NA,NA,"ME1"
"Porites_compressa_HIv1___TS.g41449.t1",1,0,0,NA,NA,NA,NA,"ME0"
"Porites_compressa_HIv1___RNAseq.g3080.t1",1,0,0,NA,NA,NA,NA,"ME0"
"Porites_compressa_HIv1___RNAseq.g3085.t1",0,1,0,0.0261522317327427,"Other",3,0.753447520326056,"ME0"
"Porites_compressa_HIv1___RNAseq.g3089.t2",0,0,1,NA,NA,NA,NA,"ME0"
"Porites_compressa_HIv1___TS.g41466.t1",0,0,1,NA,NA,NA,NA,"ME0"
"Porites_compressa_HIv1___RNAseq.g3091.t1",1,0,0,0.000900747614470425,"Monotonous",5,0.909961017125635,"ME18"
"Porites_compressa_HIv1___RNAseq.g3092.t2",1,0,0,0.00814367490566134,"Transient",5,0.876176548440368,"ME1"
"Porites_compressa_HIv1___RNAseq.g3097.t1",0,1,0,NA,NA,NA,NA,"ME16"
"Porites_compressa_HIv1___RNAseq.g3101.t1",0,0,1,NA,NA,NA,NA,"ME0"
"Porites_compressa_HIv1___RNAseq.g3104.t1",0,0,1,NA,NA,NA,NA,"ME0"
"Porites_compressa_HIv1___RNAseq.g3106.t1",0,1,0,NA,NA,NA,NA,"ME2"
"Porites_compressa_HIv1___RNAseq.g3110.t1",0,1,0,NA,NA,NA,NA,"ME0"
"Porites_compressa_HIv1___RNAseq.g3111.t1",0,1,0,NA,NA,NA,NA,"ME1"
"Porites_compressa_HIv1___RNAseq.g3117.t1",1,0,0,NA,NA,NA,NA,"ME1"
"Porites_compressa_HIv1___RNAseq.g3131.t1",0,0,1,NA,NA,NA,NA,"ME4"
"Porites_compressa_HIv1___TS.g41515.t1",0,1,0,NA,NA,NA,NA,"ME0"
"Porites_compressa_HIv1___RNAseq.g34619.t1",0,2,0,NA,NA,NA,NA,"ME1"
"Porites_compressa_HIv1___TS.g14278.t1",1,0,0,NA,NA,NA,NA,"ME22"
"Porites_compressa_HIv1___RNAseq.g34596.t1",0,1,0,NA,NA,NA,NA,"ME1"
"Porites_compressa_HIv1___RNAseq.g34615.t1",1,0,1,NA,NA,NA,NA,"ME0"
"Porites_compressa_HIv1___RNAseq.g34616.t1",0,0,1,NA,NA,NA,NA,"ME18"
"Porites_compressa_HIv1___RNAseq.g34599.t1",0,1,0,NA,NA,NA,NA,"ME4"
"Porites_compressa_HIv1___RNAseq.g34606.t1",0,1,0,NA,NA,NA,NA,"ME17"
"Porites_compressa_HIv1___RNAseq.g34610.t1",0,0,1,NA,NA,NA,NA,"ME1"
"Porites_compressa_HIv1___RNAseq.g34617.t1c",0,0,1,NA,NA,NA,NA,"ME6"
"Porites_compressa_HIv1___RNAseq.g34617.t1b",0,0,1,NA,NA,NA,NA,"ME8"
"Porites_compressa_HIv1___RNAseq.g34617.t1a",0,0,1,NA,NA,NA,NA,"ME1"
"Porites_compressa_HIv1___RNAseq.g34618.t1",1,0,1,NA,NA,NA,NA,"ME3"
"Porites_compressa_HIv1___RNAseq.g34641.t1",0,1,0,NA,NA,NA,NA,"ME3"
"Porites_compressa_HIv1___TS.g14325.t2",1,1,0,NA,NA,NA,NA,"ME0"
"Porites_compressa_HIv1___RNAseq.g34643.t1",2,0,0,NA,NA,NA,NA,"ME0"
"Porites_compressa_HIv1___RNAseq.g34644.t1",1,0,0,NA,NA,NA,NA,"ME3"
"Porites_compressa_HIv1___TS.g14337.t1",1,0,0,NA,NA,NA,NA,"ME13"
"Porites_compressa_HIv1___RNAseq.g34661.t1",2,0,0,NA,NA,NA,NA,"ME0"
"Porites_compressa_HIv1___RNAseq.g34663.t2",2,0,0,0.00265826992089558,"Transient",5,0.831462563281829,"ME1"
"Porites_compressa_HIv1___RNAseq.g34962.t1",1,0,0,NA,NA,NA,NA,"ME0"
"Porites_compressa_HIv1___RNAseq.g35002.t1",0,1,0,NA,NA,NA,NA,"ME8"
"Porites_compressa_HIv1___RNAseq.g34888.t1b",1,0,0,NA,NA,NA,NA,"ME0"
"Porites_compressa_HIv1___TS.g14568.t1",0,0,1,NA,NA,NA,NA,"ME7"
"Porites_compressa_HIv1___RNAseq.g34887.t1",1,0,0,NA,NA,NA,NA,"ME0"
"Porites_compressa_HIv1___RNAseq.g34912.t1",0,1,0,NA,NA,NA,NA,"ME0"
"Porites_compressa_HIv1___RNAseq.g35015.t1",0,2,0,0.00629016952302468,"Other",NA,NA,"ME1"
"Porites_compressa_HIv1___RNAseq.g34708.t1",1,1,0,NA,NA,NA,NA,"ME0"
"Porites_compressa_HIv1___RNAseq.g34725.t1",1,0,0,NA,NA,NA,NA,"ME15"
"Porites_compressa_HIv1___TS.g14733.t1",1,0,0,NA,NA,NA,NA,"ME7"
"Porites_compressa_HIv1___TS.g14757.t1",0,1,0,NA,NA,NA,NA,"ME0"
"Porites_compressa_HIv1___TS.g14762.t1",0,1,0,NA,NA,NA,NA,"ME0"
"Porites_compressa_HIv1___RNAseq.g35126.t1",2,0,0,NA,NA,NA,NA,"ME26"
"Porites_compressa_HIv1___RNAseq.g34498.t1",2,0,0,NA,NA,NA,NA,"ME4"
"Porites_compressa_HIv1___RNAseq.g34499.t1",1,0,0,NA,NA,NA,NA,"ME4"
"Porites_compressa_HIv1___RNAseq.g34530.t1",2,0,1,NA,NA,NA,NA,"ME0"
"Porites_compressa_HIv1___RNAseq.g34533.t1",0,1,0,NA,NA,NA,NA,"ME1"
"Porites_compressa_HIv1___RNAseq.g34546.t1",0,1,0,NA,NA,NA,NA,"ME0"
"Porites_compressa_HIv1___RNAseq.g34583.t1",1,0,0,NA,NA,NA,NA,"ME0"
"Porites_compressa_HIv1___TS.g14274.t1",1,0,0,NA,NA,NA,NA,"ME7"
"Porites_compressa_HIv1___TS.g14173.t1",0,0,1,NA,NA,NA,NA,"ME1"
"Porites_compressa_HIv1___RNAseq.g34495.t1",0,0,1,NA,NA,NA,NA,"ME0"
"Porites_compressa_HIv1___RNAseq.g34500.t1",1,0,0,NA,NA,NA,NA,"ME1"
"Porites_compressa_HIv1___TS.g14186.t1",0,1,0,0.014991231569147,"Monotonous",NA,NA,"ME0"
"Porites_compressa_HIv1___TS.g14197.t1",0,0,1,NA,NA,NA,NA,"ME1"
"Porites_compressa_HIv1___RNAseq.g34521.t1",1,1,0,NA,NA,NA,NA,"ME0"
"Porites_compressa_HIv1___RNAseq.g34534.t1",1,0,1,NA,NA,NA,NA,"ME0"
"Porites_compressa_HIv1___RNAseq.g34535.t1",0,1,0,NA,NA,NA,NA,"ME6"
"Porites_compressa_HIv1___RNAseq.g34555.t1",0,0,1,NA,NA,NA,NA,"ME0"
"Porites_compressa_HIv1___RNAseq.g34556.t1",1,0,0,0.0234006966820273,"Transient",3,0.586017979796513,"ME3"
"Porites_compressa_HIv1___RNAseq.g34567.t1",1,0,1,NA,NA,NA,NA,"ME0"
"Porites_compressa_HIv1___RNAseq.g34572.t1",1,0,0,NA,NA,NA,NA,"ME9"
"Porites_compressa_HIv1___RNAseq.g34578.t1",0,1,0,4.14727995725965e-09,"Monotonous",2,0.993342887370082,"ME2"
"Porites_compressa_HIv1___RNAseq.g34584.t1",0,1,0,0.00110736897752061,"Monotonous",6,0.9364604928683,"ME1"
"Porites_compressa_HIv1___RNAseq.g34594.t1",2,1,0,NA,NA,NA,NA,"ME1"
"Porites_compressa_HIv1___RNAseq.g35274.t1",0,1,0,NA,NA,NA,NA,"ME7"
"Porites_compressa_HIv1___RNAseq.g35318.t1",1,0,0,NA,NA,NA,NA,"ME0"
"Porites_compressa_HIv1___TS.g15007.t1",0,1,0,NA,NA,NA,NA,"ME0"
"Porites_compressa_HIv1___TS.g15030.t1",0,1,1,NA,NA,NA,NA,"ME8"
"Porites_compressa_HIv1___RNAseq.g35358.t1",2,0,0,NA,NA,NA,NA,"ME13"
"Porites_compressa_HIv1___RNAseq.g35372.t1a",1,0,0,NA,NA,NA,NA,"ME0"
"Porites_compressa_HIv1___RNAseq.g35372.t1b",1,1,0,NA,NA,NA,NA,"ME0"
"Porites_compressa_HIv1___RNAseq.g35450.t1",1,0,0,NA,NA,NA,NA,"ME0"
"Porites_compressa_HIv1___RNAseq.g20089.t2",0,0,1,NA,NA,NA,NA,"ME0"
"Porites_compressa_HIv1___RNAseq.g20090.t1",0,1,0,NA,NA,NA,NA,"ME0"
"Porites_compressa_HIv1___RNAseq.g35592.t1a",1,0,0,NA,NA,NA,NA,"ME0"
"Porites_compressa_HIv1___RNAseq.g35619.t1",1,1,0,NA,NA,NA,NA,"ME0"
"Porites_compressa_HIv1___TS.g15292.t1",0,0,1,NA,NA,NA,NA,"ME11"
"Porites_compressa_HIv1___RNAseq.g35638.t1",0,0,1,NA,NA,NA,NA,"ME1"
"Porites_compressa_HIv1___TS.g24954.t2",1,2,0,0.00533702874617127,"Other",3,0.8040700214122,"ME4"
"Porites_compressa_HIv1___RNAseq.g20145.t1",0,0,1,NA,NA,NA,NA,"ME0"
"Porites_compressa_HIv1___RNAseq.g20170.t1",0,0,1,NA,NA,NA,NA,"ME0"
"Porites_compressa_HIv1___TS.g24948.t1",0,0,1,NA,NA,NA,NA,"ME0"
"Porites_compressa_HIv1___TS.g24860.t2",0,2,0,NA,NA,NA,NA,"ME0"
"Porites_compressa_HIv1___RNAseq.g20095.t1",1,1,0,NA,NA,NA,NA,"ME1"
"Porites_compressa_HIv1___RNAseq.g20096.t1",1,1,0,0.0131500442796193,"Other",5,0.799627476991884,"ME1"
"Porites_compressa_HIv1___RNAseq.g20098.t1",1,0,0,NA,NA,NA,NA,"ME0"
"Porites_compressa_HIv1___RNAseq.g20105.t1",1,0,0,0.0243513300273398,"Other",1,0.773633449451745,"ME12"
"Porites_compressa_HIv1___RNAseq.g20108.t1",0,1,0,NA,NA,NA,NA,"ME3"
"Porites_compressa_HIv1___RNAseq.7728_t",0,1,0,NA,NA,NA,NA,"ME1"
"Porites_compressa_HIv1___TS.g24892.t2",0,1,0,0.00542356301354219,"Transient",3,0.647242916819252,"ME3"
"Porites_compressa_HIv1___RNAseq.g20133.t1",0,0,2,NA,NA,NA,NA,"ME1"
"Porites_compressa_HIv1___RNAseq.g20178.t1",0,0,2,0.0365099945060612,"Other",5,0.573866765530059,"ME0"
"Porites_compressa_HIv1___RNAseq.g20185.t1",0,1,0,0.00528531135185513,"Monotonous",2,0.569889439951101,"ME2"
"Porites_compressa_HIv1___RNAseq.g20189.t1",1,0,0,NA,NA,NA,NA,"ME0"
"Porites_compressa_HIv1___TS.g24957.t2b",0,0,1,NA,NA,NA,NA,"ME0"
"Porites_compressa_HIv1___RNAseq.g20196.t1",0,0,1,0.0110827898417134,"Monotonous",1,0.716044215051768,"ME16"
"Porites_compressa_HIv1___RNAseq.g20198.t2",0,1,0,0.00693564803938391,"Transient",5,0.603058275671292,"ME1"
"Porites_compressa_HIv1___RNAseq.g20234.t1a",0,0,1,NA,NA,NA,NA,"ME3"
"Porites_compressa_HIv1___RNAseq.g20235.t1",1,0,0,NA,NA,NA,NA,"ME1"
"Porites_compressa_HIv1___RNAseq.g20241.t1",0,0,1,NA,NA,NA,NA,"ME0"
"Porites_compressa_HIv1___RNAseq.g20242.t1",0,0,1,0.000746803260546878,"Monotonous",6,0.908072971128088,"ME1"
"Porites_compressa_HIv1___RNAseq.g20243.t1",0,1,0,NA,NA,NA,NA,"ME0"
"Porites_compressa_HIv1___RNAseq.g20244.t1",0,2,0,0.0191208567186743,"Other",3,0.918096201282331,"ME4"
"Porites_compressa_HIv1___RNAseq.7858_t",1,0,0,NA,NA,NA,NA,"ME0"
"Porites_compressa_HIv1___RNAseq.g20249.t1",1,1,0,NA,NA,NA,NA,"ME16"
"Porites_compressa_HIv1___RNAseq.g20252.t1",1,0,0,NA,NA,NA,NA,"ME0"
"Porites_compressa_HIv1___RNAseq.g20253.t1",1,0,0,NA,NA,NA,NA,"ME0"
"Porites_compressa_HIv1___RNAseq.g20259.t1",1,0,0,0.0147131334717362,"Monotonous",2,0.635445479641513,"ME11"
"Porites_compressa_HIv1___TS.g25032.t1",0,1,0,0.000589337435188357,"Monotonous",5,0.675855825383366,"ME1"
"Porites_compressa_HIv1___TS.g25033.t1b",0,0,1,0.0113714739749877,"Monotonous",5,0.641935059566526,"ME1"
"Porites_compressa_HIv1___RNAseq.g20434.t1",1,0,0,NA,NA,NA,NA,"ME1"
"Porites_compressa_HIv1___RNAseq.g20438.t1",0,1,0,0.00410905648833704,"Other",3,0.653058971486116,"ME3"
"Porites_compressa_HIv1___RNAseq.g20447.t1",1,0,0,NA,NA,NA,NA,"ME0"
"Porites_compressa_HIv1___TS.g25226.t1",1,0,0,NA,NA,NA,NA,"ME0"
"Porites_compressa_HIv1___RNAseq.g20518.t1",0,2,0,NA,NA,NA,NA,"ME1"
"Porites_compressa_HIv1___RNAseq.g20497.t1",1,0,0,NA,NA,NA,NA,"ME0"
"Porites_compressa_HIv1___RNAseq.g20462.t1",1,0,0,NA,NA,NA,NA,"ME0"
"Porites_compressa_HIv1___RNAseq.g20463.t1",0,1,0,0.000683197279628029,"Transient",3,0.823158808193846,"ME3"
"Porites_compressa_HIv1___RNAseq.g20464.t1",0,1,0,0.0142837914208113,"Other",3,0.642031627069434,"ME3"
"Porites_compressa_HIv1___TS.g25242.t1b",1,0,1,NA,NA,NA,NA,"ME0"
"Porites_compressa_HIv1___RNAseq.g20479.t1",1,0,0,NA,NA,NA,NA,"ME1"
"Porites_compressa_HIv1___RNAseq.g20482.t1",1,0,0,NA,NA,NA,NA,"ME0"
"Porites_compressa_HIv1___TS.g25260.t1",1,0,1,NA,NA,NA,NA,"ME0"
"Porites_compressa_HIv1___RNAseq.g20486.t1",1,0,0,1.35430911951721e-09,"Monotonous",2,0.739233447534915,"ME2"
"Porites_compressa_HIv1___RNAseq.g20487.t1",1,0,0,NA,NA,NA,NA,"ME16"
"Porites_compressa_HIv1___RNAseq.g20495.t1",0,1,0,0.0101105361125441,"Other",5,0.811149985040811,"ME1"
"Porites_compressa_HIv1___TS.g25274.t1",2,0,0,8.87167133191362e-12,"Monotonous",2,0.901612356444924,"ME2"
"Porites_compressa_HIv1___RNAseq.g20499.t1",1,0,0,NA,NA,NA,NA,"ME1"
"Porites_compressa_HIv1___TS.g25278.t1",1,0,0,NA,NA,NA,NA,"ME11"
"Porites_compressa_HIv1___RNAseq.g20503.t1",1,0,0,NA,NA,NA,NA,"ME2"
"Porites_compressa_HIv1___RNAseq.g20506.t1",1,0,0,2.01096834308972e-09,"Monotonous",2,0.878384677819899,"ME2"
"Porites_compressa_HIv1___RNAseq.g20511.t1b",1,0,0,NA,NA,NA,NA,"ME5"
"Porites_compressa_HIv1___RNAseq.g20514.t1",0,1,0,NA,NA,NA,NA,"ME0"
"Porites_compressa_HIv1___RNAseq.g20517.t1",0,1,0,NA,NA,NA,NA,"ME0"
"Porites_compressa_HIv1___RNAseq.g20281.t1",0,0,1,NA,NA,NA,NA,"ME0"
"Porites_compressa_HIv1___TS.g25076.t1",1,0,0,NA,NA,NA,NA,"ME0"
"Porites_compressa_HIv1___TS.g25077.t1",1,0,0,NA,NA,NA,NA,"ME0"
"Porites_compressa_HIv1___RNAseq.g20323.t1",1,0,0,NA,NA,NA,NA,"ME0"
"Porites_compressa_HIv1___TS.g25108.t1",1,0,0,NA,NA,NA,NA,"ME0"
"Porites_compressa_HIv1___RNAseq.g20364.t1",1,0,0,NA,NA,NA,NA,"ME0"
"Porites_compressa_HIv1___RNAseq.g20371.t1",1,0,0,NA,NA,NA,NA,"ME0"
"Porites_compressa_HIv1___RNAseq.g20374.t1",1,0,0,NA,NA,NA,NA,"ME0"
"Porites_compressa_HIv1___RNAseq.g20270.t1",1,0,1,NA,NA,NA,NA,"ME0"
"Porites_compressa_HIv1___RNAseq.g20273.t1",0,0,1,NA,NA,NA,NA,"ME0"
"Porites_compressa_HIv1___RNAseq.g20275.t1",0,1,0,NA,NA,NA,NA,"ME0"
"Porites_compressa_HIv1___RNAseq.g20278.t1",0,1,0,NA,NA,NA,NA,"ME2"
"Porites_compressa_HIv1___RNAseq.g20282.t1",0,1,0,0.0117828356838683,"Other",NA,NA,"ME0"
"Porites_compressa_HIv1___RNAseq.g20283.t1",0,0,1,0.00801550985916189,"Transient",5,0.971328782553659,"ME18"
"Porites_compressa_HIv1___RNAseq.g20294.t1",1,0,0,0.000388651094286648,"Monotonous",2,0.767947897080371,"ME2"
"Porites_compressa_HIv1___RNAseq.g20295.t1",1,0,0,0.040544068082419,"Other",2,0.902973668804269,"ME5"
"Porites_compressa_HIv1___RNAseq.g20296.t1",1,0,0,NA,NA,NA,NA,"ME0"
"Porites_compressa_HIv1___RNAseq.g20304.t1",1,0,0,0.0192097802005481,"Other",3,0.764132927175874,"ME3"
"Porites_compressa_HIv1___RNAseq.g20307.t1",2,0,0,NA,NA,NA,NA,"ME4"
"Porites_compressa_HIv1___TS.g25079.t1",0,1,0,NA,NA,NA,NA,"ME0"
"Porites_compressa_HIv1___RNAseq.g20318.t1",0,0,1,NA,NA,NA,NA,"ME1"
"Porites_compressa_HIv1___TS.g25085.t1",0,0,1,NA,NA,NA,NA,"ME0"
"Porites_compressa_HIv1___RNAseq.g20319.t1",1,0,0,NA,NA,NA,NA,"ME3"
"Porites_compressa_HIv1___RNAseq.g20320.t1",1,0,0,5.13570715861286e-06,"Transient",3,0.963336283098539,"ME3"
"Porites_compressa_HIv1___RNAseq.g20321.t1",1,0,0,NA,NA,NA,NA,"ME0"
"Porites_compressa_HIv1___RNAseq.g20327.t1",1,0,0,NA,NA,NA,NA,"ME1"
"Porites_compressa_HIv1___RNAseq.g20328.t1",1,0,0,NA,NA,NA,NA,"ME0"
"Porites_compressa_HIv1___RNAseq.g20330.t1",0,0,1,NA,NA,NA,NA,"ME1"
"Porites_compressa_HIv1___RNAseq.g20331.t1",1,0,0,NA,NA,NA,NA,"ME1"
"Porites_compressa_HIv1___RNAseq.g20332.t1",0,1,0,NA,NA,NA,NA,"ME1"
"Porites_compressa_HIv1___RNAseq.g20333.t1",0,1,0,NA,NA,NA,NA,"ME0"
"Porites_compressa_HIv1___TS.g25106.t1",0,1,0,NA,NA,NA,NA,"ME10"
"Porites_compressa_HIv1___RNAseq.g20342.t1",1,0,0,NA,NA,NA,NA,"ME1"
"Porites_compressa_HIv1___RNAseq.g20344.t1",0,1,0,NA,NA,NA,NA,"ME5"
"Porites_compressa_HIv1___TS.g25111.t1",0,1,0,0.00136916978962942,"Transient",5,0.889064571740013,"ME1"
"Porites_compressa_HIv1___RNAseq.g20347.t1",1,0,1,0.00205771850694413,"Other",5,0.793922856913749,"ME1"
"Porites_compressa_HIv1___TS.g25115.t1",1,0,0,0.000227965979789305,"Transient",5,0.733958363066812,"ME1"
"Porites_compressa_HIv1___RNAseq.g20352.t1",0,1,0,NA,NA,NA,NA,"ME0"
"Porites_compressa_HIv1___TS.g25118.t1",0,1,0,0.0153690872460846,"Other",2,0.694305125668024,"ME22"
"Porites_compressa_HIv1___RNAseq.g20356.t1",1,0,0,NA,NA,NA,NA,"ME22"
"Porites_compressa_HIv1___TS.g25124.t1",0,0,1,NA,NA,NA,NA,"ME1"
"Porites_compressa_HIv1___RNAseq.g20361.t1",0,0,1,NA,NA,NA,NA,"ME0"
"Porites_compressa_HIv1___RNAseq.g20362.t1",0,0,1,NA,NA,NA,NA,"ME0"
"Porites_compressa_HIv1___RNAseq.g20375.t1",0,0,1,NA,NA,NA,NA,"ME1"
"Porites_compressa_HIv1___TS.g25146.t1",0,0,1,NA,NA,NA,NA,"ME0"
"Porites_compressa_HIv1___RNAseq.g20389.t1",0,1,0,NA,NA,NA,NA,"ME0"
"Porites_compressa_HIv1___RNAseq.g20393.t1",0,1,0,NA,NA,NA,NA,"ME0"
"Porites_compressa_HIv1___RNAseq.g20395.t1",0,2,0,1.45574243982637e-09,"Transient",1,0.869849771876054,"ME2"
"Porites_compressa_HIv1___RNAseq.g20401.t1",1,0,0,NA,NA,NA,NA,"ME0"
"Porites_compressa_HIv1___RNAseq.g20407.t1",0,1,0,NA,NA,NA,NA,"ME0"
"Porites_compressa_HIv1___RNAseq.g20409.t1",1,0,0,NA,NA,NA,NA,"ME1"
"Porites_compressa_HIv1___RNAseq.g20414.t1",0,0,1,0.00227120555180076,"Transient",NA,NA,"ME3"
"Porites_compressa_HIv1___RNAseq.g20417.t1",0,0,1,0.00699080957449504,"Transient",NA,NA,"ME3"
"Porites_compressa_HIv1___RNAseq.g20432.t1",1,0,0,NA,NA,NA,NA,"ME1"
"Porites_compressa_HIv1___RNAseq.g21787.t1",1,0,0,NA,NA,NA,NA,"ME0"
"Porites_compressa_HIv1___RNAseq.g21808.t1",0,2,0,NA,NA,NA,NA,"ME0"
"Porites_compressa_HIv1___RNAseq.g21809.t1",1,0,0,1.11773910290247e-10,"Monotonous",1,0.826291644065821,"ME12"
"Porites_compressa_HIv1___RNAseq.g21789.t2",0,1,0,NA,NA,NA,NA,"ME2"
"Porites_compressa_HIv1___RNAseq.g20538.t1",1,0,0,NA,NA,NA,NA,"ME14"
"Porites_compressa_HIv1___TS.g25357.t1",0,1,0,NA,NA,NA,NA,"ME7"
"Porites_compressa_HIv1___TS.g25374.t1",1,1,0,NA,NA,NA,NA,"ME0"
"Porites_compressa_HIv1___TS.g25298.t1b",1,0,0,NA,NA,NA,NA,"ME15"
"Porites_compressa_HIv1___RNAseq.g20523.t1",1,0,1,NA,NA,NA,NA,"ME9"
"Porites_compressa_HIv1___RNAseq.g20524.t1",1,0,0,NA,NA,NA,NA,"ME0"
"Porites_compressa_HIv1___TS.g25303.t1",2,0,0,NA,NA,NA,NA,"ME1"
"Porites_compressa_HIv1___RNAseq.g20527.t3",1,0,0,NA,NA,NA,NA,"ME0"
"Porites_compressa_HIv1___RNAseq.g20529.t1",1,0,0,NA,NA,NA,NA,"ME13"
"Porites_compressa_HIv1___TS.g25311.t1",1,0,0,NA,NA,NA,NA,"ME0"
"Porites_compressa_HIv1___RNAseq.g20533.t1",0,1,0,NA,NA,NA,NA,"ME0"
"Porites_compressa_HIv1___RNAseq.8154_t",1,0,0,1.52367831408632e-05,"Other",3,0.878187140421252,"ME3"
"Porites_compressa_HIv1___RNAseq.g20540.t1",1,0,0,NA,NA,NA,NA,"ME5"
"Porites_compressa_HIv1___TS.g25322.t2",1,0,0,NA,NA,NA,NA,"ME0"
"Porites_compressa_HIv1___RNAseq.g20554.t1",0,2,0,NA,NA,NA,NA,"ME0"
"Porites_compressa_HIv1___RNAseq.g20565.t1",1,0,0,NA,NA,NA,NA,"ME10"
"Porites_compressa_HIv1___RNAseq.g20571.t1",0,0,1,NA,NA,NA,NA,"ME5"
"Porites_compressa_HIv1___RNAseq.g20574.t1",1,0,0,NA,NA,NA,NA,"ME3"
"Porites_compressa_HIv1___RNAseq.g20575.t1",0,1,0,NA,NA,NA,NA,"ME0"
"Porites_compressa_HIv1___RNAseq.g20576.t1",0,1,0,NA,NA,NA,NA,"ME6"
"Porites_compressa_HIv1___RNAseq.g20581.t1",0,1,0,NA,NA,NA,NA,"ME6"
"Porites_compressa_HIv1___TS.g25372.t1",1,0,0,NA,NA,NA,NA,"ME9"
"Porites_compressa_HIv1___RNAseq.g20598.t1",0,0,1,NA,NA,NA,NA,"ME0"
"Porites_compressa_HIv1___RNAseq.g20600.t1",0,0,1,NA,NA,NA,NA,"ME0"
"Porites_compressa_HIv1___RNAseq.g20602.t1",1,0,0,0.0217606495758019,"Other",4,0.502620674079399,"ME3"
"Porites_compressa_HIv1___RNAseq.g20608.t1",1,0,0,NA,NA,NA,NA,"ME0"
"Porites_compressa_HIv1___TS.g25384.t1",1,0,0,6.62518947891165e-05,"Monotonous",2,0.627808877310677,"ME2"
"Porites_compressa_HIv1___RNAseq.g20613.t1",0,1,0,0.0151113243421543,"Transient",5,0.621323056354513,"ME1"
"Porites_compressa_HIv1___RNAseq.g21976.t1",1,0,0,NA,NA,NA,NA,"ME15"
"Porites_compressa_HIv1___RNAseq.g21978.t1",0,3,0,NA,NA,NA,NA,"ME0"
"Porites_compressa_HIv1___TS.g20366.t1",3,0,0,NA,NA,NA,NA,"ME0"
"Porites_compressa_HIv1___RNAseq.g21984.t1",1,0,0,NA,NA,NA,NA,"ME0"
"Porites_compressa_HIv1___RNAseq.g21985.t1",0,0,1,NA,NA,NA,NA,"ME1"
"Porites_compressa_HIv1___RNAseq.g21986.t1",0,0,1,NA,NA,NA,NA,"ME0"
"Porites_compressa_HIv1___RNAseq.g21987.t1",1,0,0,0.0027237354300558,"Other",3,0.818826699792118,"ME3"
"Porites_compressa_HIv1___RNAseq.g21988.t1",1,0,0,NA,NA,NA,NA,"ME3"
"Porites_compressa_HIv1___TS.g20260.t1",3,0,0,0.0475407444566113,"Other",NA,NA,"ME4"
"Porites_compressa_HIv1___RNAseq.g21904.t1",1,0,0,NA,NA,NA,NA,"ME21"
"Porites_compressa_HIv1___RNAseq.g21920.t1",1,0,0,NA,NA,NA,NA,"ME4"
"Porites_compressa_HIv1___RNAseq.g21810.t1",0,1,0,NA,NA,NA,NA,"ME1"
"Porites_compressa_HIv1___RNAseq.g21811.t1",0,1,0,NA,NA,NA,NA,"ME0"
"Porites_compressa_HIv1___TS.g20190.t1",0,1,0,2.43851860055612e-05,"Other",NA,NA,"ME1"
"Porites_compressa_HIv1___TS.g20191.t2",1,0,0,NA,NA,NA,NA,"ME3"
"Porites_compressa_HIv1___RNAseq.g21822.t1",1,2,0,NA,NA,NA,NA,"ME1"
"Porites_compressa_HIv1___RNAseq.g21823.t1",0,0,1,NA,NA,NA,NA,"ME5"
"Porites_compressa_HIv1___RNAseq.g21827.t2",0,1,0,NA,NA,NA,NA,"ME1"
"Porites_compressa_HIv1___RNAseq.g21832.t1",0,0,1,3.02037283654011e-08,"Monotonous",2,0.92642840393734,"ME2"
"Porites_compressa_HIv1___RNAseq.g21834.t1",1,0,0,NA,NA,NA,NA,"ME1"
"Porites_compressa_HIv1___TS.g20230.t1",1,0,0,NA,NA,NA,NA,"ME1"
"Porites_compressa_HIv1___RNAseq.g21857.t1",0,0,1,NA,NA,NA,NA,"ME0"
"Porites_compressa_HIv1___RNAseq.8327_t",1,0,0,NA,NA,NA,NA,"ME2"
"Porites_compressa_HIv1___RNAseq.g21864.t1",0,0,1,NA,NA,NA,NA,"ME1"
"Porites_compressa_HIv1___RNAseq.g21865.t1",0,1,0,0.0163156626220191,"Monotonous",6,0.73473969179908,"ME1"
"Porites_compressa_HIv1___RNAseq.g21867.t1",0,1,0,NA,NA,NA,NA,"ME0"
"Porites_compressa_HIv1___TS.g20250.t1",1,0,0,NA,NA,NA,NA,"ME0"
"Porites_compressa_HIv1___RNAseq.g21871.t1",0,0,1,NA,NA,NA,NA,"ME0"
"Porites_compressa_HIv1___RNAseq.g21879.t1",1,0,0,0.0109953812597787,"Transient",5,0.728453191039461,"ME1"
"Porites_compressa_HIv1___RNAseq.g21885.t1",0,2,0,NA,NA,NA,NA,"ME0"
"Porites_compressa_HIv1___RNAseq.g21887.t1",1,1,0,NA,NA,NA,NA,"ME0"
"Porites_compressa_HIv1___RNAseq.g21890.t1",1,0,0,NA,NA,NA,NA,"ME4"
"Porites_compressa_HIv1___RNAseq.g21895.t1",0,1,0,NA,NA,NA,NA,"ME0"
"Porites_compressa_HIv1___TS.g20276.t1b",1,0,0,NA,NA,NA,NA,"ME4"
"Porites_compressa_HIv1___RNAseq.g21926.t1",1,0,0,NA,NA,NA,NA,"ME8"
"Porites_compressa_HIv1___TS.g20323.t1",0,2,0,NA,NA,NA,NA,"ME8"
"Porites_compressa_HIv1___TS.g20324.t1",0,0,1,NA,NA,NA,NA,"ME0"
"Porites_compressa_HIv1___RNAseq.g21944.t1",0,1,0,1.18305498751193e-07,"Transient",4,0.78801845925207,"ME3"
"Porites_compressa_HIv1___RNAseq.g21947.t1",0,1,0,NA,NA,NA,NA,"ME1"
"Porites_compressa_HIv1___TS.g20329.t1b",0,1,0,NA,NA,NA,NA,"ME0"
"Porites_compressa_HIv1___TS.g20329.t1a",0,0,2,0.00185698441190439,"Transient",5,0.832222126999366,"ME7"
"Porites_compressa_HIv1___RNAseq.g21949.t1",1,0,1,NA,NA,NA,NA,"ME10"
"Porites_compressa_HIv1___RNAseq.g21954.t1",1,0,0,NA,NA,NA,NA,"ME3"
"Porites_compressa_HIv1___RNAseq.g21956.t1",1,0,0,NA,NA,NA,NA,"ME0"
"Porites_compressa_HIv1___TS.g20340.t1",1,0,0,NA,NA,NA,NA,"ME4"
"Porites_compressa_HIv1___RNAseq.g22304.t1",0,1,0,NA,NA,NA,NA,"ME0"
"Porites_compressa_HIv1___RNAseq.g37191.t1",0,1,0,NA,NA,NA,NA,"ME0"
"Porites_compressa_HIv1___RNAseq.g37238.t1",2,0,1,NA,NA,NA,NA,"ME10"
"Porites_compressa_HIv1___RNAseq.g37239.t1",1,0,0,NA,NA,NA,NA,"ME0"
"Porites_compressa_HIv1___RNAseq.g37200.t1",0,0,1,0.0103324684805872,"Monotonous",2,0.882138861370145,"ME4"
"Porites_compressa_HIv1___TS.g38819.t1",1,0,0,5.70357860692593e-06,"Monotonous",2,0.993708291853906,"ME2"
"Porites_compressa_HIv1___RNAseq.g37204.t1",0,1,0,NA,NA,NA,NA,"ME0"
"Porites_compressa_HIv1___RNAseq.g37210.t1",0,1,0,NA,NA,NA,NA,"ME1"
"Porites_compressa_HIv1___RNAseq.g37212.t1",1,0,1,NA,NA,NA,NA,"ME1"
"Porites_compressa_HIv1___RNAseq.g37213.t1",0,0,1,0.0189149469172842,"Other",6,0.755176782704707,"ME1"
"Porites_compressa_HIv1___RNAseq.g37223.t1",1,0,0,NA,NA,NA,NA,"ME1"
"Porites_compressa_HIv1___RNAseq.g37229.t1",3,0,0,NA,NA,NA,NA,"ME0"
"Porites_compressa_HIv1___RNAseq.g37234.t1",1,0,0,NA,NA,NA,NA,"ME0"
"Porites_compressa_HIv1___RNAseq.g37237.t1",1,1,0,0.0199548850093166,"Other",6,0.862037661657969,"ME1"
"Porites_compressa_HIv1___RNAseq.g37137.t1",1,0,0,NA,NA,NA,NA,"ME1"
"Porites_compressa_HIv1___TS.g38706.t1",0,0,1,0.0220065449909338,"Other",2,0.594189854805518,"ME9"
"Porites_compressa_HIv1___TS.g38713.t1",0,0,1,0.030840263073254,"Other",3,0.715930807393538,"ME3"
"Porites_compressa_HIv1___RNAseq.g37122.t1",0,1,0,1.78252404245793e-05,"Transient",4,0.912334040953912,"ME3"
"Porites_compressa_HIv1___RNAseq.g37153.t1",1,0,0,0.000119926245003383,"Monotonous",5,0.762138778111557,"ME1"
"Porites_compressa_HIv1___RNAseq.g37161.t1",0,0,1,NA,NA,NA,NA,"ME4"
"Porites_compressa_HIv1___RNAseq.g37162.t1",1,0,0,NA,NA,NA,NA,"ME4"
"Porites_compressa_HIv1___RNAseq.g37164.t1",1,0,0,NA,NA,NA,NA,"ME6"
"Porites_compressa_HIv1___RNAseq.g37169.t1",0,1,0,NA,NA,NA,NA,"ME8"
"Porites_compressa_HIv1___RNAseq.g37172.t1",0,0,1,0.00199288634608214,"Other",6,0.953655413813357,"ME1"
"Porites_compressa_HIv1___RNAseq.g37180.t1",1,0,0,0.0415396679727722,"Other",6,0.517601421244984,"ME1"
"Porites_compressa_HIv1___RNAseq.g37183.t1",0,1,0,NA,NA,NA,NA,"ME0"
"Porites_compressa_HIv1___RNAseq.g37188.t1",0,1,0,NA,NA,NA,NA,"ME0"
"Porites_compressa_HIv1___RNAseq.8865_t",1,1,0,NA,NA,NA,NA,"ME0"
"Porites_compressa_HIv1___TS.g38903.t1",1,0,0,NA,NA,NA,NA,"ME0"
"Porites_compressa_HIv1___RNAseq.g37288.t1",1,0,0,NA,NA,NA,NA,"ME0"
"Porites_compressa_HIv1___RNAseq.g37318.t1",1,0,0,NA,NA,NA,NA,"ME0"
"Porites_compressa_HIv1___RNAseq.g37291.t1",1,0,1,NA,NA,NA,NA,"ME8"
"Porites_compressa_HIv1___RNAseq.g37292.t1",1,0,0,NA,NA,NA,NA,"ME0"
"Porites_compressa_HIv1___RNAseq.g37305.t1",0,2,0,NA,NA,NA,NA,"ME15"
"Porites_compressa_HIv1___TS.g38927.t1",0,1,0,0.00933700818385316,"Monotonous",6,0.557390916711103,"ME1"
"Porites_compressa_HIv1___RNAseq.g37313.t1",0,1,0,NA,NA,NA,NA,"ME2"
"Porites_compressa_HIv1___RNAseq.g37320.t1",1,0,1,0.0106895690028541,"Transient",5,0.598903194748667,"ME1"
"Porites_compressa_HIv1___RNAseq.g37323.t1",0,0,1,5.02646525037625e-05,"Monotonous",1,0.97333597461091,"ME2"
"Porites_compressa_HIv1___RNAseq.g37325.t1",1,0,0,0.00160542980957499,"Other",6,0.5787310362607,"ME0"
"Porites_compressa_HIv1___TS.g38944.t2",1,0,0,NA,NA,NA,NA,"ME0"
"Porites_compressa_HIv1___RNAseq.g37330.t1",1,1,0,3.19177750092028e-07,"Transient",6,0.813892979924803,"ME1"
"Porites_compressa_HIv1___TS.g38970.t1",1,0,0,0.00693380103260824,"Other",1,0.824733954431915,"ME10"
"Porites_compressa_HIv1___TS.g38962.t1",1,0,0,NA,NA,NA,NA,"ME0"
"Porites_compressa_HIv1___RNAseq.g37338.t1",1,0,0,0.00154631707250742,"Monotonous",2,0.675762467754459,"ME4"
"Porites_compressa_HIv1___RNAseq.g37341.t1",1,1,0,NA,NA,NA,NA,"ME13"
"Porites_compressa_HIv1___TS.g38960.t1",1,0,0,NA,NA,NA,NA,"ME6"
"Porites_compressa_HIv1___RNAseq.g37250.t1",1,0,0,NA,NA,NA,NA,"ME0"
"Porites_compressa_HIv1___RNAseq.g37262.t1",1,0,0,NA,NA,NA,NA,"ME15"
"Porites_compressa_HIv1___RNAseq.g37265.t1",1,0,0,NA,NA,NA,NA,"ME7"
"Porites_compressa_HIv1___RNAseq.g37267.t1",0,1,0,NA,NA,NA,NA,"ME0"
"Porites_compressa_HIv1___RNAseq.g37243.t1",1,0,0,NA,NA,NA,NA,"ME6"
"Porites_compressa_HIv1___RNAseq.g37261.t1",1,0,1,NA,NA,NA,NA,"ME19"
"Porites_compressa_HIv1___RNAseq.g37269.t1",0,1,0,NA,NA,NA,NA,"ME1"
"Porites_compressa_HIv1___RNAseq.g37274.t1",1,0,0,NA,NA,NA,NA,"ME0"
"Porites_compressa_HIv1___TS.g38891.t1",1,0,0,NA,NA,NA,NA,"ME4"
"Porites_compressa_HIv1___RNAseq.g37276.t1",1,0,0,NA,NA,NA,NA,"ME5"
"Porites_compressa_HIv1___TS.g38898.t1",1,0,1,NA,NA,NA,NA,"ME0"
"Porites_compressa_HIv1___TS.g38899.t1",1,1,0,NA,NA,NA,NA,"ME0"
"Porites_compressa_HIv1___TS.g38900.t1",1,0,0,NA,NA,NA,NA,"ME19"
"Porites_compressa_HIv1___RNAseq.g21996.t1",0,0,1,NA,NA,NA,NA,"ME0"
"Porites_compressa_HIv1___RNAseq.g22020.t1",1,0,0,NA,NA,NA,NA,"ME0"
"Porites_compressa_HIv1___RNAseq.g22044.t1",1,0,0,NA,NA,NA,NA,"ME0"
"Porites_compressa_HIv1___RNAseq.g22069.t1",1,0,0,NA,NA,NA,NA,"ME0"
"Porites_compressa_HIv1___RNAseq.8552_t",1,1,0,NA,NA,NA,NA,"ME0"
"Porites_compressa_HIv1___TS.g20585.t1",2,0,0,NA,NA,NA,NA,"ME0"
"Porites_compressa_HIv1___TS.g20586.t1",0,1,0,NA,NA,NA,NA,"ME0"
"Porites_compressa_HIv1___RNAseq.g22220.t1",0,1,0,NA,NA,NA,NA,"ME1"
"Porites_compressa_HIv1___RNAseq.g22230.t1",0,1,0,NA,NA,NA,NA,"ME7"
"Porites_compressa_HIv1___RNAseq.g22245.t1",0,1,0,NA,NA,NA,NA,"ME0"
"Porites_compressa_HIv1___RNAseq.g22274.t1",1,0,0,NA,NA,NA,NA,"ME7"
"Porites_compressa_HIv1___RNAseq.g22295.t1",1,0,0,NA,NA,NA,NA,"ME7"
"Porites_compressa_HIv1___RNAseq.g22005.t1",1,0,0,NA,NA,NA,NA,"ME5"
"Porites_compressa_HIv1___RNAseq.g22006.t1",0,1,0,0.0186147716090205,"Transient",5,0.728666043734849,"ME1"
"Porites_compressa_HIv1___RNAseq.g22007.t1",1,0,0,NA,NA,NA,NA,"ME4"
"Porites_compressa_HIv1___RNAseq.g22011.t1",0,0,1,3.63397857321234e-06,"Monotonous",2,0.634095590620202,"ME4"
"Porites_compressa_HIv1___RNAseq.g22012.t1",0,1,0,NA,NA,NA,NA,"ME8"
"Porites_compressa_HIv1___RNAseq.g22024.t1",1,0,0,0.00112696345374251,"Transient",4,0.941560027025575,"ME0"
"Porites_compressa_HIv1___RNAseq.g22025.t1",0,0,1,NA,NA,NA,NA,"ME0"
"Porites_compressa_HIv1___TS.g20417.t1",1,0,1,NA,NA,NA,NA,"ME1"
"Porites_compressa_HIv1___RNAseq.g22041.t1",1,0,0,NA,NA,NA,NA,"ME8"
"Porites_compressa_HIv1___RNAseq.g22056.t1",0,1,0,NA,NA,NA,NA,"ME8"
"Porites_compressa_HIv1___TS.g20440.t1",0,1,0,2.17536580971533e-06,"Monotonous",2,0.986814068867751,"ME2"
"Porites_compressa_HIv1___RNAseq.g22060.t1",0,0,1,0.00570831261798193,"Monotonous",2,0.96152013077028,"ME2"
"Porites_compressa_HIv1___RNAseq.g22063.t1",1,0,0,NA,NA,NA,NA,"ME0"
"Porites_compressa_HIv1___RNAseq.g22068.t1",1,0,0,NA,NA,NA,NA,"ME2"
"Porites_compressa_HIv1___RNAseq.g22071.t1",0,0,1,NA,NA,NA,NA,"ME0"
"Porites_compressa_HIv1___RNAseq.g22075.t1",0,0,1,NA,NA,NA,NA,"ME0"
"Porites_compressa_HIv1___RNAseq.g22080.t1",0,1,0,NA,NA,NA,NA,"ME2"
"Porites_compressa_HIv1___TS.g20461.t1",0,1,0,NA,NA,NA,NA,"ME0"
"Porites_compressa_HIv1___RNAseq.g22083.t1",2,0,0,7.94135531285433e-06,"Monotonous",5,0.990144171630283,"ME1"
"Porites_compressa_HIv1___RNAseq.g22089.t1",1,0,0,NA,NA,NA,NA,"ME1"
"Porites_compressa_HIv1___RNAseq.g22090.t1",1,0,0,NA,NA,NA,NA,"ME1"
"Porites_compressa_HIv1___RNAseq.g22091.t1",1,0,0,NA,NA,NA,NA,"ME1"
"Porites_compressa_HIv1___RNAseq.g22092.t1",0,1,0,NA,NA,NA,NA,"ME3"
"Porites_compressa_HIv1___RNAseq.g22100.t1",0,0,2,NA,NA,NA,NA,"ME15"
"Porites_compressa_HIv1___RNAseq.g22101.t1",0,0,1,NA,NA,NA,NA,"ME1"
"Porites_compressa_HIv1___RNAseq.g22102.t1",0,0,1,NA,NA,NA,NA,"ME0"
"Porites_compressa_HIv1___RNAseq.g22106.t1",1,0,0,NA,NA,NA,NA,"ME5"
"Porites_compressa_HIv1___TS.g20495.t1",1,0,0,NA,NA,NA,NA,"ME14"
"Porites_compressa_HIv1___TS.g20501.t1",0,0,1,NA,NA,NA,NA,"ME0"
"Porites_compressa_HIv1___TS.g20502.t1",0,0,1,NA,NA,NA,NA,"ME0"
"Porites_compressa_HIv1___RNAseq.g22140.t1",0,1,0,NA,NA,NA,NA,"ME0"
"Porites_compressa_HIv1___RNAseq.g22141.t1",1,0,1,NA,NA,NA,NA,"ME0"
"Porites_compressa_HIv1___RNAseq.g22143.t1",1,1,0,NA,NA,NA,NA,"ME1"
"Porites_compressa_HIv1___RNAseq.g22147.t1",0,0,1,NA,NA,NA,NA,"ME7"
"Porites_compressa_HIv1___RNAseq.g22149.t1",1,0,0,NA,NA,NA,NA,"ME0"
"Porites_compressa_HIv1___RNAseq.g22150.t1",2,0,0,NA,NA,NA,NA,"ME15"
"Porites_compressa_HIv1___RNAseq.g22151.t1",2,0,0,NA,NA,NA,NA,"ME0"
"Porites_compressa_HIv1___RNAseq.g22152.t1",1,0,0,0.0236709902100845,"Other",3,0.664635383216265,"ME4"
"Porites_compressa_HIv1___RNAseq.g22162.t1",0,2,0,NA,NA,NA,NA,"ME5"
"Porites_compressa_HIv1___RNAseq.g22181.t1",1,0,0,NA,NA,NA,NA,"ME1"
"Porites_compressa_HIv1___TS.g20567.t1",1,0,0,NA,NA,NA,NA,"ME0"
"Porites_compressa_HIv1___TS.g20570.t1b",0,0,1,0.000473577907618335,"Other",1,0.876386216928824,"ME14"
"Porites_compressa_HIv1___RNAseq.g22190.t1",0,0,2,NA,NA,NA,NA,"ME0"
"Porites_compressa_HIv1___RNAseq.g22193.t1",0,1,0,0.00575893594252009,"Transient",1,0.615868793174772,"ME0"
"Porites_compressa_HIv1___RNAseq.g22194.t1",0,1,0,NA,NA,NA,NA,"ME0"
"Porites_compressa_HIv1___RNAseq.g22197.t1",0,1,0,0.000126472857367554,"Transient",3,0.579019885431988,"ME0"
"Porites_compressa_HIv1___RNAseq.g22199.t1",0,1,0,0.00161325848204128,"Transient",NA,NA,"ME0"
"Porites_compressa_HIv1___TS.g20599.t1",1,1,0,NA,NA,NA,NA,"ME0"
"Porites_compressa_HIv1___RNAseq.g22219.t1",1,1,0,NA,NA,NA,NA,"ME3"
"Porites_compressa_HIv1___RNAseq.g22222.t1",0,1,0,NA,NA,NA,NA,"ME1"
"Porites_compressa_HIv1___RNAseq.g22224.t1",1,1,0,NA,NA,NA,NA,"ME4"
"Porites_compressa_HIv1___RNAseq.g22228.t1",1,0,0,NA,NA,NA,NA,"ME1"
"Porites_compressa_HIv1___RNAseq.g22234.t1",1,0,0,0.0266859339046768,"Other",6,0.755741924756129,"ME1"
"Porites_compressa_HIv1___RNAseq.g22235.t1",1,0,0,NA,NA,NA,NA,"ME1"
"Porites_compressa_HIv1___RNAseq.g22238.t1",1,0,0,NA,NA,NA,NA,"ME1"
"Porites_compressa_HIv1___RNAseq.g22242.t1",1,0,0,NA,NA,NA,NA,"ME0"
"Porites_compressa_HIv1___RNAseq.g22255.t1",1,0,0,NA,NA,NA,NA,"ME6"
"Porites_compressa_HIv1___RNAseq.g22261.t1",0,2,0,0.000470818202252013,"Monotonous",2,0.932413901330883,"ME4"
"Porites_compressa_HIv1___RNAseq.g22267.t1",1,0,0,NA,NA,NA,NA,"ME5"
"Porites_compressa_HIv1___TS.g20647.t1",0,1,0,NA,NA,NA,NA,"ME0"
"Porites_compressa_HIv1___RNAseq.g22279.t1",0,0,1,NA,NA,NA,NA,"ME2"
"Porites_compressa_HIv1___RNAseq.g22281.t1",2,0,0,0.0280821814580673,"Other",NA,NA,"ME0"
"Porites_compressa_HIv1___RNAseq.g22282.t1",1,0,0,NA,NA,NA,NA,"ME7"
"Porites_compressa_HIv1___RNAseq.g22283.t1",1,0,0,0.0080385630259296,"Other",6,0.877732360003082,"ME2"
"Porites_compressa_HIv1___RNAseq.g22286.t1",1,0,0,NA,NA,NA,NA,"ME1"
"Porites_compressa_HIv1___RNAseq.g22290.t1",0,1,0,NA,NA,NA,NA,"ME11"
"Porites_compressa_HIv1___RNAseq.g22301.t1",1,0,0,NA,NA,NA,NA,"ME20"
"Porites_compressa_HIv1___RNAseq.g37573.t1",1,1,0,NA,NA,NA,NA,"ME2"
"Porites_compressa_HIv1___TS.g30091.t1",0,0,1,NA,NA,NA,NA,"ME0"
"Porites_compressa_HIv1___RNAseq.g26651.t1",0,1,0,0.0379106574550007,"Other",6,0.934175162853128,"ME1"
"Porites_compressa_HIv1___RNAseq.g26647.t1",0,1,0,NA,NA,NA,NA,"ME1"
"Porites_compressa_HIv1___RNAseq.g26648.t1",0,1,0,NA,NA,NA,NA,"ME1"
"Porites_compressa_HIv1___RNAseq.g26652.t1",0,1,0,NA,NA,NA,NA,"ME6"
"Porites_compressa_HIv1___RNAseq.g26655.t1",0,0,1,NA,NA,NA,NA,"ME1"
"Porites_compressa_HIv1___RNAseq.g26662.t1",1,0,1,0.00985378373944657,"Other",6,0.965011638951968,"ME1"
"Porites_compressa_HIv1___RNAseq.g26667.t1",1,0,1,NA,NA,NA,NA,"ME1"
"Porites_compressa_HIv1___TS.g39216.t1",0,0,1,NA,NA,NA,NA,"ME0"
"Porites_compressa_HIv1___TS.g39285.t1",1,0,0,NA,NA,NA,NA,"ME7"
"Porites_compressa_HIv1___RNAseq.g37656.t1",0,0,1,NA,NA,NA,NA,"ME0"
"Porites_compressa_HIv1___TS.g39208.t2a",0,1,0,NA,NA,NA,NA,"ME0"
"Porites_compressa_HIv1___TS.g39209.t1",0,1,0,4.73253159376573e-09,"Monotonous",2,0.90289792233562,"ME2"
"Porites_compressa_HIv1___RNAseq.g37581.t1",0,0,1,7.2012815136969e-09,"Transient",3,0.533736296928821,"ME2"
"Porites_compressa_HIv1___RNAseq.g37586.t1",0,2,0,0.0030274102151482,"Other",2,0.53151545580913,"ME4"
"Porites_compressa_HIv1___RNAseq.g37588.t1",0,2,0,NA,NA,NA,NA,"ME0"
"Porites_compressa_HIv1___RNAseq.g37589.t1",1,0,0,0.0457706665226287,"Other",2,0.750409772706143,"ME16"
"Porites_compressa_HIv1___TS.g39223.t1c",1,0,0,NA,NA,NA,NA,"ME3"
"Porites_compressa_HIv1___TS.g39223.t1a",1,0,0,NA,NA,NA,NA,"ME0"
"Porites_compressa_HIv1___TS.g39224.t1",1,0,0,NA,NA,NA,NA,"ME0"
"Porites_compressa_HIv1___RNAseq.g37594.t1",1,0,0,NA,NA,NA,NA,"ME0"
"Porites_compressa_HIv1___RNAseq.g37598.t1",1,0,0,NA,NA,NA,NA,"ME4"
"Porites_compressa_HIv1___RNAseq.g37605.t1",1,0,0,NA,NA,NA,NA,"ME0"
"Porites_compressa_HIv1___RNAseq.g37626.t1",0,0,1,NA,NA,NA,NA,"ME0"
"Porites_compressa_HIv1___RNAseq.g37367.t1",1,0,0,NA,NA,NA,NA,"ME0"
"Porites_compressa_HIv1___RNAseq.g37406.t1",0,1,0,NA,NA,NA,NA,"ME0"
"Porites_compressa_HIv1___RNAseq.g37428.t1",0,0,1,NA,NA,NA,NA,"ME0"
"Porites_compressa_HIv1___RNAseq.g37447.t1",0,2,0,0.00786044457159782,"Other",NA,NA,"ME1"
"Porites_compressa_HIv1___RNAseq.g37449.t1",0,1,0,NA,NA,NA,NA,"ME1"
"Porites_compressa_HIv1___RNAseq.g37459.t1",0,1,0,NA,NA,NA,NA,"ME0"
"Porites_compressa_HIv1___RNAseq.g37460.t1",0,0,1,NA,NA,NA,NA,"ME0"
"Porites_compressa_HIv1___RNAseq.g37495.t1",1,0,0,NA,NA,NA,NA,"ME8"
"Porites_compressa_HIv1___RNAseq.g37524.t1",1,0,0,NA,NA,NA,NA,"ME0"
"Porites_compressa_HIv1___RNAseq.g37361.t1",0,1,0,NA,NA,NA,NA,"ME3"
"Porites_compressa_HIv1___RNAseq.g37368.t1",0,0,1,1.4108004580108e-07,"Monotonous",1,0.623177624187565,"ME0"
"Porites_compressa_HIv1___RNAseq.g37376.t1",1,0,0,NA,NA,NA,NA,"ME3"
"Porites_compressa_HIv1___TS.g39011.t1",0,2,0,NA,NA,NA,NA,"ME0"
"Porites_compressa_HIv1___RNAseq.g37397.t1",0,1,0,0.00621599274000927,"Other",6,0.514883990966471,"ME17"
"Porites_compressa_HIv1___RNAseq.g37407.t1",0,2,0,NA,NA,NA,NA,"ME0"
"Porites_compressa_HIv1___RNAseq.g37412.t1",0,1,0,NA,NA,NA,NA,"ME0"
"Porites_compressa_HIv1___TS.g39041.t1",1,0,0,NA,NA,NA,NA,"ME0"
"Porites_compressa_HIv1___RNAseq.g37423.t1",1,1,0,0.00350179353469548,"Transient",NA,NA,"ME17"
"Porites_compressa_HIv1___RNAseq.g37427.t1",1,1,0,0.00480858188593017,"Other",5,0.526500540640845,"ME2"
"Porites_compressa_HIv1___RNAseq.g37443.t1",1,0,0,NA,NA,NA,NA,"ME3"
"Porites_compressa_HIv1___RNAseq.g37450.t1",0,1,2,0.00185785924987125,"Other",2,0.560136129789493,"ME2"
"Porites_compressa_HIv1___RNAseq.g37451.t1",1,0,1,0.0326306170261189,"Other",6,0.959832723106414,"ME1"
"Porites_compressa_HIv1___TS.g39073.t1",0,1,0,NA,NA,NA,NA,"ME0"
"Porites_compressa_HIv1___RNAseq.g37458.t1",0,1,0,NA,NA,NA,NA,"ME14"
"Porites_compressa_HIv1___TS.g39088.t1",0,1,0,NA,NA,NA,NA,"ME0"
"Porites_compressa_HIv1___TS.g39093.t1",1,0,0,0.0167414978252304,"Other",6,0.721761014334913,"ME1"
"Porites_compressa_HIv1___RNAseq.g37475.t1",1,0,0,NA,NA,NA,NA,"ME0"
"Porites_compressa_HIv1___TS.g39101.t1",1,0,0,NA,NA,NA,NA,"ME1"
"Porites_compressa_HIv1___TS.g39104.t1",0,0,1,NA,NA,NA,NA,"ME6"
"Porites_compressa_HIv1___RNAseq.g37485.t1",1,0,0,NA,NA,NA,NA,"ME0"
"Porites_compressa_HIv1___RNAseq.g37486.t1",1,0,0,NA,NA,NA,NA,"ME1"
"Porites_compressa_HIv1___TS.g39109.t1",1,0,0,NA,NA,NA,NA,"ME4"
"Porites_compressa_HIv1___RNAseq.g37489.t1",0,1,0,NA,NA,NA,NA,"ME2"
"Porites_compressa_HIv1___TS.g39114.t1",0,1,0,NA,NA,NA,NA,"ME0"
"Porites_compressa_HIv1___RNAseq.g37492.t1",1,0,0,NA,NA,NA,NA,"ME0"
"Porites_compressa_HIv1___RNAseq.g37493.t1",1,0,0,0.00311898365354498,"Monotonous",1,0.701350623201887,"ME4"
"Porites_compressa_HIv1___RNAseq.g37498.t1",0,1,0,NA,NA,NA,NA,"ME3"
"Porites_compressa_HIv1___RNAseq.9185_t",1,0,0,NA,NA,NA,NA,"ME1"
"Porites_compressa_HIv1___TS.g39132.t1",1,0,0,NA,NA,NA,NA,"ME3"
"Porites_compressa_HIv1___RNAseq.g37513.t1",0,1,0,0.0080755276303289,"Other",2,0.694697052702063,"ME4"
"Porites_compressa_HIv1___RNAseq.g37526.t1",1,0,0,NA,NA,NA,NA,"ME0"
"Porites_compressa_HIv1___RNAseq.g37533.t1",0,1,0,0.000162340991586658,"Monotonous",3,0.658208510885674,"ME4"
"Porites_compressa_HIv1___RNAseq.g37536.t1",0,0,1,NA,NA,NA,NA,"ME1"
"Porites_compressa_HIv1___RNAseq.g37539.t1",0,2,0,NA,NA,NA,NA,"ME2"
"Porites_compressa_HIv1___TS.g39172.t1",1,0,0,0.000469707356318599,"Transient",NA,NA,"ME3"
"Porites_compressa_HIv1___RNAseq.g37549.t1",0,1,0,NA,NA,NA,NA,"ME0"
"Porites_compressa_HIv1___TS.g39181.t1",1,1,0,NA,NA,NA,NA,"ME0"
"Porites_compressa_HIv1___RNAseq.g37554.t1",0,0,1,NA,NA,NA,NA,"ME7"
"Porites_compressa_HIv1___RNAseq.g37562.t1",0,1,0,6.59940366741284e-05,"Monotonous",2,0.620287935962045,"ME4"
"Porites_compressa_HIv1___RNAseq.g37567.t1",1,0,0,1.44154344420852e-08,"Monotonous",5,0.865413061252011,"ME1"
"Porites_compressa_HIv1___RNAseq.g37570.t2",1,0,0,NA,NA,NA,NA,"ME19"
"Porites_compressa_HIv1___TS.g30207.t1",0,0,1,NA,NA,NA,NA,"ME0"
"Porites_compressa_HIv1___TS.g30193.t1",1,0,0,NA,NA,NA,NA,"ME10"
"Porites_compressa_HIv1___RNAseq.g26767.t1",1,0,0,0.0189385775250277,"Other",2,0.895065853174685,"ME10"
"Porites_compressa_HIv1___TS.g30198.t1",1,1,0,NA,NA,NA,NA,"ME10"
"Porites_compressa_HIv1___TS.g30199.t1",2,0,0,NA,NA,NA,NA,"ME0"
"Porites_compressa_HIv1___RNAseq.g26775.t1",1,0,0,NA,NA,NA,NA,"ME10"
"Porites_compressa_HIv1___TS.g30204.t1",0,0,1,NA,NA,NA,NA,"ME10"
"Porites_compressa_HIv1___TS.g30136.t1",0,1,0,NA,NA,NA,NA,"ME4"
"Porites_compressa_HIv1___RNAseq.g26719.t1",1,0,0,NA,NA,NA,NA,"ME4"
"Porites_compressa_HIv1___RNAseq.g26721.t1",0,0,1,NA,NA,NA,NA,"ME0"
"Porites_compressa_HIv1___TS.g30171.t1",1,0,0,NA,NA,NA,NA,"ME0"
"Porites_compressa_HIv1___RNAseq.g26678.t1",0,0,1,NA,NA,NA,NA,"ME1"
"Porites_compressa_HIv1___RNAseq.g26681.t1",1,1,0,6.078887828503e-05,"Monotonous",2,0.965243235191347,"ME2"
"Porites_compressa_HIv1___RNAseq.g26682.t1",2,0,0,0.000224159809703409,"Monotonous",2,0.856095257126115,"ME4"
"Porites_compressa_HIv1___RNAseq.g26685.t1",0,0,1,1.13049448409254e-06,"Monotonous",2,0.909952162690778,"ME16"
"Porites_compressa_HIv1___TS.g30109.t1",0,0,1,NA,NA,NA,NA,"ME8"
"Porites_compressa_HIv1___RNAseq.g26691.t1",1,0,0,0.0047109864582775,"Other",NA,NA,"ME0"
"Porites_compressa_HIv1___RNAseq.g26692.t1",0,0,1,NA,NA,NA,NA,"ME2"
"Porites_compressa_HIv1___TS.g30115.t1",1,0,0,0.0370029869107464,"Other",3,0.543179610437989,"ME5"
"Porites_compressa_HIv1___TS.g30122.t2",1,0,0,NA,NA,NA,NA,"ME0"
"Porites_compressa_HIv1___TS.g30130.t1",1,0,0,NA,NA,NA,NA,"ME0"
"Porites_compressa_HIv1___RNAseq.g26707.t1",1,0,0,NA,NA,NA,NA,"ME0"
"Porites_compressa_HIv1___RNAseq.g26708.t1",0,1,1,NA,NA,NA,NA,"ME0"
"Porites_compressa_HIv1___RNAseq.g26711.t1",0,1,0,NA,NA,NA,NA,"ME2"
"Porites_compressa_HIv1___RNAseq.g26712.t1",0,1,0,NA,NA,NA,NA,"ME0"
"Porites_compressa_HIv1___RNAseq.g26715.t1",0,0,1,NA,NA,NA,NA,"ME0"
"Porites_compressa_HIv1___RNAseq.g26717.t1",1,1,0,NA,NA,NA,NA,"ME1"
"Porites_compressa_HIv1___RNAseq.g26718.t1",0,1,0,NA,NA,NA,NA,"ME1"
"Porites_compressa_HIv1___RNAseq.g26727.t1",0,2,0,NA,NA,NA,NA,"ME17"
"Porites_compressa_HIv1___RNAseq.g26731.t1",0,0,1,NA,NA,NA,NA,"ME1"
"Porites_compressa_HIv1___RNAseq.g26749.t1",1,0,0,9.3712164255217e-07,"Transient",5,0.958748534211511,"ME1"
"Porites_compressa_HIv1___RNAseq.g26752.t1",0,1,0,0.00113546790104501,"Other",6,0.827685167641915,"ME1"
"Porites_compressa_HIv1___RNAseq.g26761.t1",0,1,0,NA,NA,NA,NA,"ME2"
"Porites_compressa_HIv1___RNAseq.g26799.t1",0,1,1,NA,NA,NA,NA,"ME7"
"Porites_compressa_HIv1___TS.g30225.t1",1,0,0,NA,NA,NA,NA,"ME0"
"Porites_compressa_HIv1___RNAseq.g26803.t1",0,0,1,NA,NA,NA,NA,"ME0"
"Porites_compressa_HIv1___RNAseq.g26810.t1",1,0,0,NA,NA,NA,NA,"ME22"
"Porites_compressa_HIv1___RNAseq.g26818.t1",2,0,1,NA,NA,NA,NA,"ME0"
"Porites_compressa_HIv1___RNAseq.g26825.t1",0,1,0,NA,NA,NA,NA,"ME1"
"Porites_compressa_HIv1___RNAseq.g26789.t1",1,0,0,NA,NA,NA,NA,"ME1"
"Porites_compressa_HIv1___RNAseq.g26792.t1",0,2,0,NA,NA,NA,NA,"ME1"
"Porites_compressa_HIv1___TS.g30233.t1",1,0,0,NA,NA,NA,NA,"ME2"
"Porites_compressa_HIv1___RNAseq.g26813.t1",0,1,0,NA,NA,NA,NA,"ME11"
"Porites_compressa_HIv1___RNAseq.g26821.t1",2,0,0,NA,NA,NA,NA,"ME8"
"Porites_compressa_HIv1___RNAseq.g26824.t1",1,0,0,1.73747851014861e-06,"Monotonous",2,0.958060388101054,"ME2"
"Porites_compressa_HIv1___TS.g30327.t1",1,0,0,NA,NA,NA,NA,"ME16"
"Porites_compressa_HIv1___RNAseq.g26905.t1",0,0,1,NA,NA,NA,NA,"ME0"
"Porites_compressa_HIv1___RNAseq.g26891.t1",1,0,0,NA,NA,NA,NA,"ME0"
"Porites_compressa_HIv1___RNAseq.g26898.t1",1,0,0,NA,NA,NA,NA,"ME0"
"Porites_compressa_HIv1___TS.g30324.t1",1,0,0,NA,NA,NA,NA,"ME0"
"Porites_compressa_HIv1___RNAseq.g26844.t1",0,1,0,NA,NA,NA,NA,"ME0"
"Porites_compressa_HIv1___RNAseq.g26851.t1",0,1,0,NA,NA,NA,NA,"ME0"
"Porites_compressa_HIv1___RNAseq.g26852.t1",0,1,0,NA,NA,NA,NA,"ME0"
"Porites_compressa_HIv1___RNAseq.g26857.t1",0,2,0,5.09532571037772e-09,"Monotonous",NA,NA,"ME0"
"Porites_compressa_HIv1___RNAseq.g26864.t1",1,0,0,NA,NA,NA,NA,"ME10"
"Porites_compressa_HIv1___TS.g30292.t1",1,0,0,NA,NA,NA,NA,"ME10"
"Porites_compressa_HIv1___RNAseq.g26867.t1",1,1,0,0.00615463560951508,"Monotonous",6,0.863095616365339,"ME1"
"Porites_compressa_HIv1___RNAseq.g26872.t1",0,0,1,NA,NA,NA,NA,"ME0"
"Porites_compressa_HIv1___RNAseq.g26877.t1",1,1,0,0.00802570508325195,"Monotonous",2,0.688038139722208,"ME4"
"Porites_compressa_HIv1___RNAseq.g26951.t1",1,0,1,NA,NA,NA,NA,"ME1"
"Porites_compressa_HIv1___RNAseq.g26953.t1",0,0,1,0.00335569664654385,"Other",6,0.880362036203676,"ME1"
"Porites_compressa_HIv1___RNAseq.g26964.t1",1,0,0,NA,NA,NA,NA,"ME10"
"Porites_compressa_HIv1___RNAseq.g26922.t1",1,0,0,NA,NA,NA,NA,"ME0"
"Porites_compressa_HIv1___RNAseq.g26906.t1",0,0,1,9.65765725861162e-06,"Monotonous",2,0.721164720822387,"ME2"
"Porites_compressa_HIv1___RNAseq.g26907.t1",2,1,0,8.33371196937365e-08,"Monotonous",2,0.926303796690037,"ME2"
"Porites_compressa_HIv1___RNAseq.g26911.t1",0,1,0,0.00045667961979077,"Monotonous",2,0.863247966406389,"ME5"
"Porites_compressa_HIv1___RNAseq.g26921.t1b",0,0,1,1.0233774500529e-21,"Monotonous",2,0.584828010805728,"ME2"
"Porites_compressa_HIv1___TS.g30353.t1",0,0,1,NA,NA,NA,NA,"ME0"
"Porites_compressa_HIv1___TS.g30359.t1",1,0,0,NA,NA,NA,NA,"ME3"
"Porites_compressa_HIv1___RNAseq.g26945.t1",0,1,0,NA,NA,NA,NA,"ME0"
"Porites_compressa_HIv1___RNAseq.g26993.t1",1,0,0,NA,NA,NA,NA,"ME0"
"Porites_compressa_HIv1___RNAseq.g26976.t1",1,0,0,0.000561310660525248,"Transient",5,0.992122022407254,"ME7"
"Porites_compressa_HIv1___TS.g30397.t2",0,1,0,NA,NA,NA,NA,"ME3"
"Porites_compressa_HIv1___RNAseq.g26980.t1",0,1,0,NA,NA,NA,NA,"ME9"
"Porites_compressa_HIv1___RNAseq.g27079.t1",1,0,0,NA,NA,NA,NA,"ME0"
"Porites_compressa_HIv1___TS.g30511.t1",1,0,0,0.00267334381122155,"Other",1,0.813442010406258,"ME12"
"Porites_compressa_HIv1___TS.g30538.t1",0,1,0,NA,NA,NA,NA,"ME0"
"Porites_compressa_HIv1___RNAseq.g27096.t1",0,1,1,NA,NA,NA,NA,"ME4"
"Porites_compressa_HIv1___TS.g30527.t1",0,0,1,NA,NA,NA,NA,"ME5"
"Porites_compressa_HIv1___RNAseq.g27128.t1",1,1,0,NA,NA,NA,NA,"ME0"
"Porites_compressa_HIv1___RNAseq.g27122.t1",1,0,0,NA,NA,NA,NA,"ME11"
"Porites_compressa_HIv1___RNAseq.g27127.t1",2,0,0,NA,NA,NA,NA,"ME0"
"Porites_compressa_HIv1___RNAseq.9864_ta",0,0,1,0.000780852187098813,"Monotonous",1,0.821999987179973,"ME16"
"Porites_compressa_HIv1___RNAseq.g27027.t1",0,0,2,NA,NA,NA,NA,"ME0"
"Porites_compressa_HIv1___RNAseq.g27007.t1",1,0,0,NA,NA,NA,NA,"ME0"
"Porites_compressa_HIv1___TS.g30445.t1a",1,0,0,NA,NA,NA,NA,"ME1"
"Porites_compressa_HIv1___RNAseq.g27023.t1",0,1,0,NA,NA,NA,NA,"ME10"
"Porites_compressa_HIv1___RNAseq.g27028.t1",0,1,0,NA,NA,NA,NA,"ME0"
"Porites_compressa_HIv1___RNAseq.g27036.t1",0,2,0,NA,NA,NA,NA,"ME10"
"Porites_compressa_HIv1___RNAseq.g27037.t1",0,1,1,8.4276590421077e-08,"Monotonous",6,0.981704826698391,"ME1"
"Porites_compressa_HIv1___RNAseq.g27040.t1",1,0,0,0.014705030386648,"Monotonous",6,0.863789292197175,"ME1"
"Porites_compressa_HIv1___RNAseq.g27041.t1b",2,0,0,NA,NA,NA,NA,"ME0"
"Porites_compressa_HIv1___TS.g30465.t1",1,0,0,4.03342455128694e-07,"Monotonous",5,0.835220869824423,"ME1"
"Porites_compressa_HIv1___RNAseq.g27043.t1",1,0,0,NA,NA,NA,NA,"ME0"
"Porites_compressa_HIv1___RNAseq.g27044.t1",0,0,1,NA,NA,NA,NA,"ME0"
"Porites_compressa_HIv1___RNAseq.g27052.t1",1,0,0,NA,NA,NA,NA,"ME0"
"Porites_compressa_HIv1___RNAseq.g27055.t1",1,0,0,NA,NA,NA,NA,"ME0"
"Porites_compressa_HIv1___TS.g30487.t2",1,0,0,0.00416638304492526,"Transient",NA,NA,"ME0"
"Porites_compressa_HIv1___TS.g30490.t2",0,0,1,NA,NA,NA,NA,"ME0"
"Porites_compressa_HIv1___RNAseq.g27068.t1",0,1,0,NA,NA,NA,NA,"ME1"
"Porites_compressa_HIv1___RNAseq.g27070.t1",1,0,0,NA,NA,NA,NA,"ME8"
"Porites_compressa_HIv1___RNAseq.g27072.t1",0,0,1,NA,NA,NA,NA,"ME0"
"Porites_compressa_HIv1___RNAseq.g27143.t1",0,2,0,NA,NA,NA,NA,"ME0"
"Porites_compressa_HIv1___TS.g30574.t2",1,1,0,NA,NA,NA,NA,"ME0"
"Porites_compressa_HIv1___TS.g30576.t2",1,0,0,8.42413574577564e-05,"Transient",4,0.826783672295957,"ME0"
"Porites_compressa_HIv1___RNAseq.g27147.t1",0,1,0,NA,NA,NA,NA,"ME1"
"Porites_compressa_HIv1___RNAseq.g39934.t1",2,0,0,NA,NA,NA,NA,"ME8"
"Porites_compressa_HIv1___RNAseq.g39935.t1",0,1,0,NA,NA,NA,NA,"ME0"
"Porites_compressa_HIv1___RNAseq.g39817.t1",0,3,0,NA,NA,NA,NA,"ME0"
"Porites_compressa_HIv1___RNAseq.g39912.t1",2,0,0,NA,NA,NA,NA,"ME0"
"Porites_compressa_HIv1___RNAseq.g39773.t1",1,0,0,0.0229596018697005,"Other",1,0.866640998025216,"ME0"
"Porites_compressa_HIv1___TS.g33586.t1",1,0,0,NA,NA,NA,NA,"ME12"
"Porites_compressa_HIv1___TS.g33587.t1",1,1,0,NA,NA,NA,NA,"ME12"
"Porites_compressa_HIv1___RNAseq.g39790.t1",1,0,0,0.0289755680233784,"Other",2,0.708407450347975,"ME2"
"Porites_compressa_HIv1___RNAseq.g39797.t1c",1,0,1,NA,NA,NA,NA,"ME0"
"Porites_compressa_HIv1___RNAseq.g39797.t1d",0,1,0,NA,NA,NA,NA,"ME1"
"Porites_compressa_HIv1___RNAseq.g39799.t1",1,1,0,NA,NA,NA,NA,"ME1"
"Porites_compressa_HIv1___RNAseq.g39800.t1",0,0,1,NA,NA,NA,NA,"ME1"
"Porites_compressa_HIv1___RNAseq.g39801.t1",0,1,0,0.000713981060381463,"Transient",5,0.946279637523555,"ME1"
"Porites_compressa_HIv1___RNAseq.g39806.t1",2,0,0,0.00210589776023703,"Monotonous",NA,NA,"ME2"
"Porites_compressa_HIv1___TS.g33613.t1",1,0,0,NA,NA,NA,NA,"ME2"
"Porites_compressa_HIv1___RNAseq.g39812.t1",0,0,1,NA,NA,NA,NA,"ME0"
"Porites_compressa_HIv1___TS.g33624.t1",1,0,0,NA,NA,NA,NA,"ME4"
"Porites_compressa_HIv1___RNAseq.g39821.t1",1,0,0,0.0269424508662514,"Monotonous",2,0.663031710813697,"ME2"
"Porites_compressa_HIv1___RNAseq.g39822.t1",1,0,0,NA,NA,NA,NA,"ME2"
"Porites_compressa_HIv1___RNAseq.g39823.t1",1,0,1,NA,NA,NA,NA,"ME4"
"Porites_compressa_HIv1___RNAseq.g39829.t1",1,0,0,NA,NA,NA,NA,"ME0"
"Porites_compressa_HIv1___RNAseq.g39830.t1",0,1,1,NA,NA,NA,NA,"ME0"
"Porites_compressa_HIv1___RNAseq.g39835.t2",1,1,0,0.0161469294671135,"Monotonous",6,0.537275377689283,"ME1"
"Porites_compressa_HIv1___RNAseq.g39852.t1",1,0,1,NA,NA,NA,NA,"ME0"
"Porites_compressa_HIv1___RNAseq.g39863.t1",2,0,0,2.20376027063683e-14,"Transient",NA,NA,"ME0"
"Porites_compressa_HIv1___RNAseq.g39864.t1",1,0,0,1.07886029926151e-07,"Transient",4,0.622638461629539,"ME3"
"Porites_compressa_HIv1___RNAseq.g39865.t1",0,0,1,0.00658260764969032,"Other",5,0.826310420177021,"ME1"
"Porites_compressa_HIv1___RNAseq.g39866.t1",0,1,0,NA,NA,NA,NA,"ME3"
"Porites_compressa_HIv1___RNAseq.g39871.t1",0,0,1,NA,NA,NA,NA,"ME0"
"Porites_compressa_HIv1___RNAseq.g39876.t1",1,0,1,NA,NA,NA,NA,"ME0"
"Porites_compressa_HIv1___RNAseq.g39879.t1",1,0,1,NA,NA,NA,NA,"ME0"
"Porites_compressa_HIv1___RNAseq.g39885.t1",0,1,0,NA,NA,NA,NA,"ME3"
"Porites_compressa_HIv1___RNAseq.g39888.t1",1,0,0,NA,NA,NA,NA,"ME0"
"Porites_compressa_HIv1___RNAseq.g39889.t1",1,0,1,NA,NA,NA,NA,"ME0"
"Porites_compressa_HIv1___RNAseq.g39891.t1",0,2,0,NA,NA,NA,NA,"ME0"
"Porites_compressa_HIv1___RNAseq.g39892.t2",0,2,0,NA,NA,NA,NA,"ME1"
"Porites_compressa_HIv1___RNAseq.g39899.t1",1,1,0,NA,NA,NA,NA,"ME0"
"Porites_compressa_HIv1___RNAseq.g39903.t1",0,1,0,NA,NA,NA,NA,"ME3"
"Porites_compressa_HIv1___RNAseq.g39906.t1",0,1,0,NA,NA,NA,NA,"ME0"
"Porites_compressa_HIv1___RNAseq.g39909.t1",0,1,0,0.00766769468910807,"Transient",1,0.676041002979321,"ME19"
"Porites_compressa_HIv1___TS.g33712.t3",1,0,0,6.07198111477666e-07,"Monotonous",1,0.880514012966328,"ME12"
"Porites_compressa_HIv1___RNAseq.g40203.t1",0,1,0,NA,NA,NA,NA,"ME0"
"Porites_compressa_HIv1___RNAseq.g25997.t1",1,0,0,0.0388762251142979,"Monotonous",2,0.688081852447116,"ME2"
"Porites_compressa_HIv1___RNAseq.g40292.t1",1,0,0,NA,NA,NA,NA,"ME0"
"Porites_compressa_HIv1___RNAseq.g40204.t1",1,0,0,NA,NA,NA,NA,"ME0"
"Porites_compressa_HIv1___RNAseq.g40206.t1",0,1,0,NA,NA,NA,NA,"ME5"
"Porites_compressa_HIv1___RNAseq.g40208.t1",1,0,0,NA,NA,NA,NA,"ME4"
"Porites_compressa_HIv1___RNAseq.g40211.t1",0,0,1,NA,NA,NA,NA,"ME0"
"Porites_compressa_HIv1___RNAseq.g40212.t1",1,0,0,NA,NA,NA,NA,"ME4"
"Porites_compressa_HIv1___RNAseq.g40215.t1",0,0,1,NA,NA,NA,NA,"ME0"
"Porites_compressa_HIv1___TS.g34019.t1",0,0,1,NA,NA,NA,NA,"ME0"
"Porites_compressa_HIv1___RNAseq.g40229.t1",2,0,0,3.58474554258404e-16,"Monotonous",1,0.946737070848056,"ME12"
"Porites_compressa_HIv1___TS.g34040.t1",1,2,0,NA,NA,NA,NA,"ME1"
"Porites_compressa_HIv1___TS.g34049.t1",1,0,0,NA,NA,NA,NA,"ME0"
"Porites_compressa_HIv1___RNAseq.g40270.t1",1,0,1,NA,NA,NA,NA,"ME1"
"Porites_compressa_HIv1___RNAseq.10392_t",0,1,0,NA,NA,NA,NA,"ME9"
"Porites_compressa_HIv1___RNAseq.g40277.t1",0,1,0,NA,NA,NA,NA,"ME9"
"Porites_compressa_HIv1___TS.g34074.t1",0,0,1,NA,NA,NA,NA,"ME0"
"Porites_compressa_HIv1___RNAseq.g40278.t1",1,0,0,7.67238106092278e-08,"Transient",1,0.571320942655406,"ME2"
"Porites_compressa_HIv1___RNAseq.g40281.t1",0,0,1,0.0321401381632721,"Monotonous",6,0.929927314595139,"ME1"
"Porites_compressa_HIv1___RNAseq.g40282.t1",1,0,0,NA,NA,NA,NA,"ME1"
"Porites_compressa_HIv1___RNAseq.g40284.t1",1,0,1,NA,NA,NA,NA,"ME0"
"Porites_compressa_HIv1___RNAseq.g40294.t2",0,0,1,0.0405436782045106,"Monotonous",4,0.533864028737107,"ME0"
"Porites_compressa_HIv1___RNAseq.g40296.t1",0,0,1,NA,NA,NA,NA,"ME3"
"Porites_compressa_HIv1___RNAseq.g40297.t1",1,0,0,NA,NA,NA,NA,"ME0"
"Porites_compressa_HIv1___TS.g34095.t1",0,1,0,0.000802053758035243,"Monotonous",3,0.653254248916975,"ME2"
"Porites_compressa_HIv1___RNAseq.g40300.t1",1,0,0,0.0164219026698603,"Monotonous",2,0.743372727063309,"ME2"
"Porites_compressa_HIv1___RNAseq.g40301.t2",0,0,1,0.0144467345382968,"Other",2,0.502123172101391,"ME2"
"Porites_compressa_HIv1___RNAseq.g39940.t1",0,1,0,NA,NA,NA,NA,"ME1"
"Porites_compressa_HIv1___RNAseq.10133_t",0,0,1,NA,NA,NA,NA,"ME0"
"Porites_compressa_HIv1___RNAseq.g40031.t1",0,0,1,NA,NA,NA,NA,"ME0"
"Porites_compressa_HIv1___RNAseq.g40071.t1",0,0,2,NA,NA,NA,NA,"ME0"
"Porites_compressa_HIv1___RNAseq.g40096.t1",1,0,0,NA,NA,NA,NA,"ME0"
"Porites_compressa_HIv1___RNAseq.g40106.t1",1,0,0,NA,NA,NA,NA,"ME1"
"Porites_compressa_HIv1___RNAseq.g40130.t1b",0,0,1,NA,NA,NA,NA,"ME1"
"Porites_compressa_HIv1___RNAseq.g40188.t1",1,0,0,NA,NA,NA,NA,"ME4"
"Porites_compressa_HIv1___TS.g33732.t1",0,1,0,NA,NA,NA,NA,"ME1"
"Porites_compressa_HIv1___TS.g33734.t1",0,2,1,NA,NA,NA,NA,"ME0"
"Porites_compressa_HIv1___RNAseq.g39942.t1",1,0,0,NA,NA,NA,NA,"ME1"
"Porites_compressa_HIv1___RNAseq.g39944.t1",0,1,0,NA,NA,NA,NA,"ME0"
"Porites_compressa_HIv1___RNAseq.g39975.t1",1,0,0,NA,NA,NA,NA,"ME0"
"Porites_compressa_HIv1___RNAseq.g39980.t1",1,0,1,0.02877709908773,"Other",2,0.732669599584085,"ME2"
"Porites_compressa_HIv1___TS.g33779.t1",0,1,1,NA,NA,NA,NA,"ME1"
"Porites_compressa_HIv1___RNAseq.g39986.t1",0,1,1,NA,NA,NA,NA,"ME1"
"Porites_compressa_HIv1___RNAseq.g39989.t1",1,0,0,NA,NA,NA,NA,"ME0"
"Porites_compressa_HIv1___RNAseq.g39990.t1b",0,1,0,NA,NA,NA,NA,"ME0"
"Porites_compressa_HIv1___RNAseq.g39991.t1",0,0,1,NA,NA,NA,NA,"ME1"
"Porites_compressa_HIv1___RNAseq.g39993.t1",0,0,1,NA,NA,NA,NA,"ME1"
"Porites_compressa_HIv1___RNAseq.g39995.t1",0,0,1,0.0467842470044442,"Other",5,0.66054674101197,"ME1"
"Porites_compressa_HIv1___RNAseq.g40013.t1",0,1,0,NA,NA,NA,NA,"ME0"
"Porites_compressa_HIv1___TS.g33825.t1",0,1,0,NA,NA,NA,NA,"ME0"
"Porites_compressa_HIv1___TS.g33833.t1",0,2,0,NA,NA,NA,NA,"ME0"
"Porites_compressa_HIv1___TS.g33838.t1",0,0,1,NA,NA,NA,NA,"ME0"
"Porites_compressa_HIv1___RNAseq.g40044.t1",0,1,0,NA,NA,NA,NA,"ME5"
"Porites_compressa_HIv1___RNAseq.g40045.t3",0,0,1,NA,NA,NA,NA,"ME1"
"Porites_compressa_HIv1___RNAseq.g40050.t1",0,0,1,NA,NA,NA,NA,"ME0"
"Porites_compressa_HIv1___RNAseq.g40052.t1",0,0,1,0.0275761709721457,"Other",1,0.858287227919602,"ME12"
"Porites_compressa_HIv1___RNAseq.g40057.t2",0,1,0,NA,NA,NA,NA,"ME0"
"Porites_compressa_HIv1___RNAseq.g40058.t1",0,0,1,NA,NA,NA,NA,"ME0"
"Porites_compressa_HIv1___RNAseq.g40059.t1",1,1,0,1.65417500465701e-07,"Monotonous",1,0.938694835683622,"ME12"
"Porites_compressa_HIv1___RNAseq.g40064.t1",1,0,1,NA,NA,NA,NA,"ME6"
"Porites_compressa_HIv1___TS.g33878.t1",0,1,0,NA,NA,NA,NA,"ME1"
"Porites_compressa_HIv1___RNAseq.g40084.t1",1,0,0,0.00279828145317072,"Transient",4,0.630641047568014,"ME3"
"Porites_compressa_HIv1___RNAseq.g40086.t1b",0,1,1,NA,NA,NA,NA,"ME1"
"Porites_compressa_HIv1___RNAseq.g40087.t1",0,1,0,NA,NA,NA,NA,"ME0"
"Porites_compressa_HIv1___TS.g33892.t1",1,1,0,NA,NA,NA,NA,"ME6"
"Porites_compressa_HIv1___TS.g33893.t1b",1,0,0,NA,NA,NA,NA,"ME0"
"Porites_compressa_HIv1___TS.g33893.t1a",1,0,0,NA,NA,NA,NA,"ME1"
"Porites_compressa_HIv1___RNAseq.g40094.t1",1,0,0,NA,NA,NA,NA,"ME6"
"Porites_compressa_HIv1___RNAseq.g40104.t1",1,1,0,NA,NA,NA,NA,"ME3"
"Porites_compressa_HIv1___RNAseq.g40105.t1",1,1,0,NA,NA,NA,NA,"ME0"
"Porites_compressa_HIv1___RNAseq.g40107.t1",0,1,0,NA,NA,NA,NA,"ME17"
"Porites_compressa_HIv1___RNAseq.g40120.t1",1,0,0,NA,NA,NA,NA,"ME0"
"Porites_compressa_HIv1___TS.g33927.t1a",1,0,2,0.0016851815524424,"Other",6,0.932018799301687,"ME1"
"Porites_compressa_HIv1___RNAseq.g40135.t1",1,0,0,NA,NA,NA,NA,"ME0"
"Porites_compressa_HIv1___RNAseq.g40136.t1",0,0,1,0.00203564512503164,"Other",4,0.650860572262393,"ME3"
"Porites_compressa_HIv1___TS.g33932.t1",0,0,1,NA,NA,NA,NA,"ME4"
"Porites_compressa_HIv1___RNAseq.g40140.t1",1,0,0,NA,NA,NA,NA,"ME1"
"Porites_compressa_HIv1___RNAseq.g40149.t1",0,0,1,NA,NA,NA,NA,"ME0"
"Porites_compressa_HIv1___RNAseq.g40162.t1",0,0,1,NA,NA,NA,NA,"ME1"
"Porites_compressa_HIv1___RNAseq.g40165.t1",1,0,1,NA,NA,NA,NA,"ME1"
"Porites_compressa_HIv1___RNAseq.g40172.t1",0,1,0,NA,NA,NA,NA,"ME8"
"Porites_compressa_HIv1___RNAseq.g40173.t1",0,1,0,NA,NA,NA,NA,"ME0"
"Porites_compressa_HIv1___RNAseq.g40176.t1",1,0,0,NA,NA,NA,NA,"ME0"
"Porites_compressa_HIv1___RNAseq.g40177.t1",1,0,0,0.000291217892370081,"Transient",5,0.720238150960274,"ME1"
"Porites_compressa_HIv1___TS.g33977.t2b",1,0,0,0.0133021354487732,"Monotonous",2,0.821726957845978,"ME2"
"Porites_compressa_HIv1___RNAseq.g40192.t1",1,1,0,NA,NA,NA,NA,"ME7"
"Porites_compressa_HIv1___RNAseq.g26346.t1",1,0,0,NA,NA,NA,NA,"ME0"
"Porites_compressa_HIv1___RNAseq.g26371.t1",0,1,0,NA,NA,NA,NA,"ME7"
"Porites_compressa_HIv1___RNAseq.g26388.t1",0,1,0,NA,NA,NA,NA,"ME0"
"Porites_compressa_HIv1___RNAseq.g26389.t1",0,1,0,NA,NA,NA,NA,"ME0"
"Porites_compressa_HIv1___TS.g23712.t1",0,2,0,NA,NA,NA,NA,"ME0"
"Porites_compressa_HIv1___RNAseq.g26365.t1",1,0,0,NA,NA,NA,NA,"ME0"
"Porites_compressa_HIv1___RNAseq.g26373.t1",0,0,1,NA,NA,NA,NA,"ME4"
"Porites_compressa_HIv1___RNAseq.g26374.t1",0,2,0,NA,NA,NA,NA,"ME0"
"Porites_compressa_HIv1___RNAseq.g26376.t1",1,0,0,0.00238254677002993,"Other",3,0.814854753006989,"ME4"
"Porites_compressa_HIv1___RNAseq.g26379.t1",0,2,0,NA,NA,NA,NA,"ME3"
"Porites_compressa_HIv1___RNAseq.g26383.t1",1,0,0,NA,NA,NA,NA,"ME8"
"Porites_compressa_HIv1___RNAseq.g26391.t1",0,1,0,0.0237446770666552,"Monotonous",1,0.946222494268875,"ME16"
"Porites_compressa_HIv1___RNAseq.g26398.t1",0,0,1,0.000173499896274824,"Transient",4,0.832290705072464,"ME3"
"Porites_compressa_HIv1___RNAseq.g26401.t1",1,0,1,1.8307542402223e-05,"Transient",3,0.854163200427931,"ME3"
"Porites_compressa_HIv1___RNAseq.g26406.t1",1,0,0,3.95118351807415e-05,"Other",3,0.815372100829835,"ME3"
"Porites_compressa_HIv1___RNAseq.g26411.t1",1,1,0,0.018597418653105,"Other",3,0.723746339322319,"ME4"
"Porites_compressa_HIv1___RNAseq.g26416.t1",1,0,0,NA,NA,NA,NA,"ME3"
"Porites_compressa_HIv1___RNAseq.g26424.t1",1,0,0,NA,NA,NA,NA,"ME1"
"Porites_compressa_HIv1___RNAseq.g26427.t1a",1,0,0,NA,NA,NA,NA,"ME0"
"Porites_compressa_HIv1___RNAseq.g26433.t1",1,0,0,NA,NA,NA,NA,"ME2"
"Porites_compressa_HIv1___RNAseq.g26434.t1",0,1,0,NA,NA,NA,NA,"ME2"
"Porites_compressa_HIv1___RNAseq.g26439.t1",2,0,0,NA,NA,NA,NA,"ME4"
"Porites_compressa_HIv1___RNAseq.10891_t",1,0,0,NA,NA,NA,NA,"ME1"
"Porites_compressa_HIv1___RNAseq.g26453.t1",0,1,0,NA,NA,NA,NA,"ME13"
"Porites_compressa_HIv1___RNAseq.g26457.t1",1,0,0,NA,NA,NA,NA,"ME0"
"Porites_compressa_HIv1___TS.11160_t",0,0,1,NA,NA,NA,NA,"ME0"
"Porites_compressa_HIv1___RNAseq.g15742.t1",1,0,0,NA,NA,NA,NA,"ME28"
"Porites_compressa_HIv1___RNAseq.g15713.t1",0,1,0,0.0037335218614267,"Transient",4,0.579159742215357,"ME0"
"Porites_compressa_HIv1___RNAseq.g15714.t1",0,2,0,NA,NA,NA,NA,"ME1"
"Porites_compressa_HIv1___RNAseq.g15726.t1",1,0,0,NA,NA,NA,NA,"ME0"
"Porites_compressa_HIv1___RNAseq.g15727.t1",1,0,0,NA,NA,NA,NA,"ME4"
"Porites_compressa_HIv1___TS.g17433.t2",1,0,0,NA,NA,NA,NA,"ME5"
"Porites_compressa_HIv1___RNAseq.g15737.t1",0,1,0,NA,NA,NA,NA,"ME1"
"Porites_compressa_HIv1___TS.g17436.t1",0,1,0,NA,NA,NA,NA,"ME1"
"Porites_compressa_HIv1___TS.g17437.t1",0,1,0,NA,NA,NA,NA,"ME0"
"Porites_compressa_HIv1___RNAseq.g15743.t1",0,0,1,NA,NA,NA,NA,"ME3"
"Porites_compressa_HIv1___TS.g17444.t1",1,0,0,NA,NA,NA,NA,"ME0"
"Porites_compressa_HIv1___RNAseq.g15747.t1",2,0,0,NA,NA,NA,NA,"ME0"
"Porites_compressa_HIv1___RNAseq.g15749.t1",1,0,0,0.00532073076717336,"Monotonous",2,0.828345171845518,"ME3"
"Porites_compressa_HIv1___RNAseq.g15760.t1",0,0,1,NA,NA,NA,NA,"ME1"
"Porites_compressa_HIv1___RNAseq.g15762.t1",0,1,0,NA,NA,NA,NA,"ME0"
"Porites_compressa_HIv1___RNAseq.g15766.t1",1,0,0,NA,NA,NA,NA,"ME11"
"Porites_compressa_HIv1___RNAseq.g15773.t1",1,0,0,NA,NA,NA,NA,"ME0"
"Porites_compressa_HIv1___TS.g17488.t1",0,0,1,1.18423472995782e-05,"Monotonous",5,0.974332349553273,"ME1"
"Porites_compressa_HIv1___TS.g17489.t2",0,0,1,0.000980378268863901,"Transient",5,0.953944381409289,"ME1"
"Porites_compressa_HIv1___TS.g17498.t1",1,0,0,NA,NA,NA,NA,"ME0"
"Porites_compressa_HIv1___RNAseq.g26050.t1",1,0,0,NA,NA,NA,NA,"ME0"
"Porites_compressa_HIv1___RNAseq.g26079.t1",1,0,0,NA,NA,NA,NA,"ME1"
"Porites_compressa_HIv1___RNAseq.g26097.t1",1,0,0,NA,NA,NA,NA,"ME0"
"Porites_compressa_HIv1___RNAseq.g26116.t1",1,0,0,NA,NA,NA,NA,"ME7"
"Porites_compressa_HIv1___RNAseq.g26191.t1",1,0,0,NA,NA,NA,NA,"ME0"
"Porites_compressa_HIv1___RNAseq.g26234.t1",2,0,1,NA,NA,NA,NA,"ME14"
"Porites_compressa_HIv1___RNAseq.g26254.t1",0,1,0,NA,NA,NA,NA,"ME0"
"Porites_compressa_HIv1___RNAseq.g26255.t1b",0,2,0,NA,NA,NA,NA,"ME0"
"Porites_compressa_HIv1___TS.g23632.t1",0,2,0,NA,NA,NA,NA,"ME0"
"Porites_compressa_HIv1___RNAseq.g26003.t1",1,0,0,NA,NA,NA,NA,"ME0"
"Porites_compressa_HIv1___RNAseq.g26005.t1",1,0,1,NA,NA,NA,NA,"ME0"
"Porites_compressa_HIv1___TS.g23349.t1",0,1,0,3.44489364332924e-08,"Monotonous",2,0.658883662076907,"ME2"
"Porites_compressa_HIv1___RNAseq.g26012.t1",1,0,0,0.00245794735411356,"Monotonous",1,0.598387680820485,"ME0"
"Porites_compressa_HIv1___RNAseq.g26020.t1",0,1,0,NA,NA,NA,NA,"ME3"
"Porites_compressa_HIv1___TS.g23365.t1c",0,0,1,NA,NA,NA,NA,"ME0"
"Porites_compressa_HIv1___RNAseq.g26026.t1",1,0,0,NA,NA,NA,NA,"ME1"
"Porites_compressa_HIv1___RNAseq.g26030.t1",2,0,0,0.0162574762700892,"Other",4,0.639290792785119,"ME3"
"Porites_compressa_HIv1___RNAseq.g26033.t1",1,0,0,NA,NA,NA,NA,"ME4"
"Porites_compressa_HIv1___RNAseq.g26034.t1",0,1,0,0.0208511279021317,"Other",NA,NA,"ME0"
"Porites_compressa_HIv1___RNAseq.g26036.t1",1,0,0,6.46752067924072e-06,"Monotonous",NA,NA,"ME2"
"Porites_compressa_HIv1___RNAseq.g26038.t1",1,0,0,5.7848584203235e-06,"Monotonous",2,0.931615931172501,"ME2"
"Porites_compressa_HIv1___RNAseq.g26039.t1",2,0,0,NA,NA,NA,NA,"ME3"
"Porites_compressa_HIv1___TS.g23383.t1",1,0,0,NA,NA,NA,NA,"ME5"
"Porites_compressa_HIv1___RNAseq.g26043.t1",1,0,0,NA,NA,NA,NA,"ME0"
"Porites_compressa_HIv1___TS.g23397.t1",1,0,1,NA,NA,NA,NA,"ME0"
"Porites_compressa_HIv1___RNAseq.g26065.t1",0,0,1,NA,NA,NA,NA,"ME1"
"Porites_compressa_HIv1___RNAseq.g26066.t1",0,0,1,NA,NA,NA,NA,"ME0"
"Porites_compressa_HIv1___RNAseq.g26080.t1",1,0,0,NA,NA,NA,NA,"ME21"
"Porites_compressa_HIv1___TS.g23427.t2",0,0,1,8.13110398736614e-06,"Transient",3,0.685945182040196,"ME2"
"Porites_compressa_HIv1___RNAseq.g26087.t1a",0,2,0,NA,NA,NA,NA,"ME0"
"Porites_compressa_HIv1___RNAseq.g26087.t1b",1,1,1,NA,NA,NA,NA,"ME2"
"Porites_compressa_HIv1___TS.g23442.t1",1,0,0,0.000314492956665179,"Monotonous",2,0.833887777438904,"ME2"
"Porites_compressa_HIv1___RNAseq.g26103.t1",1,0,0,NA,NA,NA,NA,"ME3"
"Porites_compressa_HIv1___RNAseq.g26105.t1",0,2,0,0.032590707913537,"Other",5,0.54622603238982,"ME1"
"Porites_compressa_HIv1___RNAseq.g26107.t1",1,0,0,NA,NA,NA,NA,"ME1"
"Porites_compressa_HIv1___RNAseq.g26109.t1",0,0,2,4.45827955247772e-05,"Other",6,0.969162808072032,"ME1"
"Porites_compressa_HIv1___RNAseq.g26110.t1",1,0,0,0.000324292501379755,"Other",6,0.975510497363989,"ME1"
"Porites_compressa_HIv1___RNAseq.g26115.t1",0,0,1,NA,NA,NA,NA,"ME0"
"Porites_compressa_HIv1___RNAseq.g26117.t1",1,0,0,NA,NA,NA,NA,"ME0"
"Porites_compressa_HIv1___RNAseq.g26119.t1",0,0,1,NA,NA,NA,NA,"ME1"
"Porites_compressa_HIv1___RNAseq.g26120.t1",0,0,1,NA,NA,NA,NA,"ME1"
"Porites_compressa_HIv1___RNAseq.g26123.t1",1,1,1,2.27303189751482e-05,"Monotonous",2,0.838112401060061,"ME2"
"Porites_compressa_HIv1___RNAseq.g26133.t1",0,2,0,NA,NA,NA,NA,"ME0"
"Porites_compressa_HIv1___RNAseq.g26134.t1",0,2,0,0.0206304954016549,"Other",3,0.565163877224733,"ME3"
"Porites_compressa_HIv1___RNAseq.g26135.t1",1,1,0,NA,NA,NA,NA,"ME0"
"Porites_compressa_HIv1___TS.g23476.t1",2,0,0,0.00831038978688425,"Other",3,0.805996491482482,"ME4"
"Porites_compressa_HIv1___RNAseq.g26138.t2",0,2,0,NA,NA,NA,NA,"ME0"
"Porites_compressa_HIv1___RNAseq.g26141.t1",1,0,0,NA,NA,NA,NA,"ME1"
"Porites_compressa_HIv1___RNAseq.g26145.t1",0,0,1,0.000190731487546621,"Other",1,0.90960014810343,"ME12"
"Porites_compressa_HIv1___RNAseq.g26146.t1",1,0,0,0.00452616750111558,"Other",1,0.741209529179165,"ME12"
"Porites_compressa_HIv1___RNAseq.g26150.t1",1,0,0,NA,NA,NA,NA,"ME12"
"Porites_compressa_HIv1___RNAseq.g26153.t1",1,0,0,NA,NA,NA,NA,"ME12"
"Porites_compressa_HIv1___RNAseq.g26159.t1",1,0,0,NA,NA,NA,NA,"ME0"
"Porites_compressa_HIv1___RNAseq.g26161.t1",1,0,0,0.0105578076155098,"Monotonous",1,0.730103804863437,"ME0"
"Porites_compressa_HIv1___RNAseq.g26166.t1",0,0,1,0.000241064201503763,"Monotonous",2,0.842832983409788,"ME2"
"Porites_compressa_HIv1___RNAseq.g26172.t1",1,0,0,NA,NA,NA,NA,"ME3"
"Porites_compressa_HIv1___RNAseq.g26175.t1",0,1,0,NA,NA,NA,NA,"ME0"
"Porites_compressa_HIv1___RNAseq.g26216.t1",0,2,0,NA,NA,NA,NA,"ME4"
"Porites_compressa_HIv1___RNAseq.g26217.t1",0,2,0,NA,NA,NA,NA,"ME0"
"Porites_compressa_HIv1___TS.g23573.t1",0,2,0,NA,NA,NA,NA,"ME9"
"Porites_compressa_HIv1___RNAseq.g26256.t1",0,0,1,NA,NA,NA,NA,"ME0"
"Porites_compressa_HIv1___TS.g23605.t1",0,2,0,0.0117659939061462,"Other",2,0.86334082040822,"ME2"
"Porites_compressa_HIv1___TS.g23607.t1",0,0,1,0.000893405208970393,"Monotonous",2,0.696289969776581,"ME4"
"Porites_compressa_HIv1___RNAseq.g26266.t1a",1,0,0,5.45342019043089e-17,"Monotonous",2,0.979951792069614,"ME2"
"Porites_compressa_HIv1___RNAseq.g26275.t1",0,1,0,NA,NA,NA,NA,"ME1"
"Porites_compressa_HIv1___RNAseq.g26280.t1",0,0,1,NA,NA,NA,NA,"ME0"
"Porites_compressa_HIv1___TS.g23625.t1",0,1,0,NA,NA,NA,NA,"ME0"
"Porites_compressa_HIv1___RNAseq.g26285.t1",0,0,1,NA,NA,NA,NA,"ME3"
"Porites_compressa_HIv1___TS.g23628.t1",0,1,0,NA,NA,NA,NA,"ME9"
"Porites_compressa_HIv1___RNAseq.g26292.t1",1,1,0,NA,NA,NA,NA,"ME0"
"Porites_compressa_HIv1___RNAseq.g26293.t1",0,0,1,NA,NA,NA,NA,"ME0"
"Porites_compressa_HIv1___TS.g23640.t1",0,0,1,NA,NA,NA,NA,"ME0"
"Porites_compressa_HIv1___RNAseq.g26302.t1",1,0,0,0.0065425334664193,"Transient",NA,NA,"ME0"
"Porites_compressa_HIv1___RNAseq.g26304.t1",1,0,0,0.000347299289454365,"Transient",5,0.650117796201175,"ME1"
"Porites_compressa_HIv1___TS.g23654.t1",1,1,0,NA,NA,NA,NA,"ME0"
"Porites_compressa_HIv1___RNAseq.g26308.t1",1,1,0,NA,NA,NA,NA,"ME0"
"Porites_compressa_HIv1___RNAseq.g26310.t1",0,0,1,NA,NA,NA,NA,"ME0"
"Porites_compressa_HIv1___TS.g23659.t2",0,1,0,2.22066941603962e-09,"Transient",1,0.659108326349901,"ME0"
"Porites_compressa_HIv1___RNAseq.g26316.t1",0,1,0,0.00498624342223665,"Other",6,0.695871565255815,"ME1"
"Porites_compressa_HIv1___RNAseq.g26319.t1",0,1,0,NA,NA,NA,NA,"ME9"
"Porites_compressa_HIv1___TS.g23682.t1",1,0,0,NA,NA,NA,NA,"ME3"
"Porites_compressa_HIv1___RNAseq.g26336.t1",1,0,0,NA,NA,NA,NA,"ME0"
"Porites_compressa_HIv1___TS.g17541.t2",1,1,1,NA,NA,NA,NA,"ME2"
"Porites_compressa_HIv1___TS.g17544.t1",1,0,1,NA,NA,NA,NA,"ME0"
"Porites_compressa_HIv1___RNAseq.g15867.t1",0,1,0,NA,NA,NA,NA,"ME0"
"Porites_compressa_HIv1___RNAseq.g15870.t1",1,1,0,NA,NA,NA,NA,"ME0"
"Porites_compressa_HIv1___RNAseq.g15806.t1",1,0,0,NA,NA,NA,NA,"ME10"
"Porites_compressa_HIv1___RNAseq.g15813.t1",1,0,0,0.00347868292754399,"Transient",5,0.885138916760011,"ME18"
"Porites_compressa_HIv1___RNAseq.g15814.t1",0,1,0,NA,NA,NA,NA,"ME0"
"Porites_compressa_HIv1___RNAseq.g15817.t1",2,0,0,4.26516208944916e-12,"Transient",5,0.968604511993783,"ME18"
"Porites_compressa_HIv1___RNAseq.g15818.t1",3,0,0,NA,NA,NA,NA,"ME0"
"Porites_compressa_HIv1___RNAseq.g15821.t1",0,1,0,0.0191698380359207,"Other",4,0.746285482398552,"ME0"
"Porites_compressa_HIv1___RNAseq.g15825.t1",1,0,0,NA,NA,NA,NA,"ME0"
"Porites_compressa_HIv1___RNAseq.g15831.t1",0,2,0,NA,NA,NA,NA,"ME0"
"Porites_compressa_HIv1___RNAseq.g15833.t1",0,0,1,0.000721171359156583,"Monotonous",6,0.921557963881884,"ME1"
"Porites_compressa_HIv1___RNAseq.g15834.t1",0,0,1,NA,NA,NA,NA,"ME0"
"Porites_compressa_HIv1___RNAseq.g15835.t1",0,0,1,NA,NA,NA,NA,"ME3"
"Porites_compressa_HIv1___RNAseq.g15837.t1",0,1,0,0.00455150309130847,"Transient",5,0.910923564184319,"ME1"
"Porites_compressa_HIv1___RNAseq.g15839.t1",0,1,0,0.0406639903649545,"Other",NA,NA,"ME4"
"Porites_compressa_HIv1___RNAseq.g15847.t1",1,0,0,NA,NA,NA,NA,"ME0"
"Porites_compressa_HIv1___RNAseq.g15862.t1",0,1,0,1.08932277294095e-07,"Monotonous",2,0.879697294839183,"ME2"
"Porites_compressa_HIv1___RNAseq.g15865.t1",0,1,0,NA,NA,NA,NA,"ME0"
"Porites_compressa_HIv1___RNAseq.g15866.t1",1,0,0,NA,NA,NA,NA,"ME0"
"Porites_compressa_HIv1___TS.g17581.t2",1,0,0,NA,NA,NA,NA,"ME6"
"Porites_compressa_HIv1___TS.g17582.t1",1,0,0,NA,NA,NA,NA,"ME0"
"Porites_compressa_HIv1___RNAseq.g15885.t1",1,0,0,7.94135531285433e-06,"Monotonous",2,0.508880720769967,"ME16"
"Porites_compressa_HIv1___RNAseq.g15888.t1",1,0,0,NA,NA,NA,NA,"ME25"
"Porites_compressa_HIv1___RNAseq.g16108.t1",0,0,1,NA,NA,NA,NA,"ME0"
"Porites_compressa_HIv1___RNAseq.g16107.t1",0,0,1,NA,NA,NA,NA,"ME5"
"Porites_compressa_HIv1___RNAseq.g16160.t1",0,1,0,NA,NA,NA,NA,"ME6"
"Porites_compressa_HIv1___RNAseq.g16135.t1",1,0,1,0.0012277089497339,"Monotonous",6,0.778897576789428,"ME1"
"Porites_compressa_HIv1___RNAseq.g16139.t1",0,0,1,NA,NA,NA,NA,"ME1"
"Porites_compressa_HIv1___RNAseq.g16140.t1",0,1,0,NA,NA,NA,NA,"ME1"
"Porites_compressa_HIv1___TS.g17853.t1",0,1,0,0.00256581380398198,"Other",3,0.840409729816857,"ME4"
"Porites_compressa_HIv1___RNAseq.g16145.t1",0,1,0,0.00704990182441298,"Other",5,0.9007028311498,"ME1"
"Porites_compressa_HIv1___RNAseq.g16165.t1",1,0,0,0.00590064431076197,"Transient",NA,NA,"ME2"
"Porites_compressa_HIv1___RNAseq.g16172.t1",1,0,0,0.0256513617668261,"Transient",1,0.559024412009426,"ME1"
"Porites_compressa_HIv1___TS.g17884.t1",1,0,0,0.00202841440522244,"Other",5,0.895150099713079,"ME1"
"Porites_compressa_HIv1___RNAseq.g16179.t1",0,1,0,NA,NA,NA,NA,"ME0"
"Porites_compressa_HIv1___RNAseq.g16181.t1",0,2,0,0.00996747974176685,"Other",6,0.734693833331777,"ME1"
"Porites_compressa_HIv1___RNAseq.g16182.t1",3,0,0,NA,NA,NA,NA,"ME0"
"Porites_compressa_HIv1___RNAseq.g16183.t1",3,0,0,NA,NA,NA,NA,"ME0"
"Porites_compressa_HIv1___RNAseq.g16184.t1",2,0,0,0.00618624240130337,"Other",NA,NA,"ME4"
"Porites_compressa_HIv1___RNAseq.g16192.t1",0,1,0,NA,NA,NA,NA,"ME0"
"Porites_compressa_HIv1___RNAseq.g16193.t1",0,0,1,0.00480392798747659,"Transient",5,0.829141592609375,"ME1"
"Porites_compressa_HIv1___RNAseq.g16194.t1",0,1,0,0.0227502128402237,"Transient",4,0.578260289851646,"ME3"
"Porites_compressa_HIv1___RNAseq.g16196.t2",0,0,1,0.000143962812674321,"Transient",5,0.89108298765051,"ME1"
"Porites_compressa_HIv1___RNAseq.g16198.t1",0,1,0,0.00706438223279703,"Monotonous",2,0.830922498287767,"ME2"
"Porites_compressa_HIv1___RNAseq.g40973.t1",1,0,0,NA,NA,NA,NA,"ME0"
"Porites_compressa_HIv1___RNAseq.g40972.t1",2,0,0,1.21602049775549e-07,"Transient",NA,NA,"ME2"
"Porites_compressa_HIv1___RNAseq.g40974.t1",1,0,0,NA,NA,NA,NA,"ME0"
"Porites_compressa_HIv1___RNAseq.g40975.t1",1,0,0,NA,NA,NA,NA,"ME0"
"Porites_compressa_HIv1___RNAseq.g40882.t1",1,0,0,NA,NA,NA,NA,"ME8"
"Porites_compressa_HIv1___TS.g3645.t1b",1,0,0,NA,NA,NA,NA,"ME7"
"Porites_compressa_HIv1___RNAseq.g40945.t1",0,0,1,NA,NA,NA,NA,"ME0"
"Porites_compressa_HIv1___RNAseq.g40949.t1",1,0,1,NA,NA,NA,NA,"ME0"
"Porites_compressa_HIv1___RNAseq.g40889.t1",0,0,1,NA,NA,NA,NA,"ME13"
"Porites_compressa_HIv1___TS.g3621.t1",1,0,0,NA,NA,NA,NA,"ME10"
"Porites_compressa_HIv1___RNAseq.g40892.t1",1,0,0,NA,NA,NA,NA,"ME10"
"Porites_compressa_HIv1___RNAseq.g40893.t1",1,0,0,NA,NA,NA,NA,"ME3"
"Porites_compressa_HIv1___RNAseq.g40898.t1",1,0,0,0.000240529519825613,"Monotonous",2,0.608493682466939,"ME5"
"Porites_compressa_HIv1___RNAseq.g40902.t1",0,1,0,0.0341035267513888,"Other",NA,NA,"ME0"
"Porites_compressa_HIv1___RNAseq.g40903.t1",0,0,1,0.0172633483636925,"Other",3,0.706539647646914,"ME3"
"Porites_compressa_HIv1___RNAseq.g40907.t1",0,0,1,NA,NA,NA,NA,"ME1"
"Porites_compressa_HIv1___RNAseq.g40908.t1",0,0,1,NA,NA,NA,NA,"ME0"
"Porites_compressa_HIv1___RNAseq.g40909.t1",0,0,1,NA,NA,NA,NA,"ME1"
"Porites_compressa_HIv1___RNAseq.g40925.t1",1,0,1,NA,NA,NA,NA,"ME3"
"Porites_compressa_HIv1___RNAseq.g40928.t1",0,1,0,NA,NA,NA,NA,"ME0"
"Porites_compressa_HIv1___RNAseq.g40933.t1",1,1,0,NA,NA,NA,NA,"ME3"
"Porites_compressa_HIv1___RNAseq.g40936.t1",0,1,0,NA,NA,NA,NA,"ME0"
"Porites_compressa_HIv1___RNAseq.g40940.t1",1,0,0,NA,NA,NA,NA,"ME0"
"Porites_compressa_HIv1___RNAseq.g40941.t1",0,3,0,NA,NA,NA,NA,"ME0"
"Porites_compressa_HIv1___RNAseq.g40943.t1",0,0,1,NA,NA,NA,NA,"ME1"
"Porites_compressa_HIv1___RNAseq.g40946.t1",1,0,0,0.0012277089497339,"Other",NA,NA,"ME0"
"Porites_compressa_HIv1___RNAseq.g40954.t1",0,1,1,0.000236605646699572,"Transient",5,0.935257446283816,"ME1"
"Porites_compressa_HIv1___TS.g3689.t1",1,0,0,NA,NA,NA,NA,"ME0"
"Porites_compressa_HIv1___RNAseq.g40959.t1",0,1,0,NA,NA,NA,NA,"ME0"
"Porites_compressa_HIv1___RNAseq.g40960.t1",1,0,0,0.0278774765248708,"Transient",NA,NA,"ME1"
"Porites_compressa_HIv1___RNAseq.g40961.t1",1,0,0,6.62461437033928e-05,"Other",5,0.636714831541502,"ME1"
"Porites_compressa_HIv1___TS.g3694.t1",1,0,0,NA,NA,NA,NA,"ME0"
"Porites_compressa_HIv1___TS.g3698.t1",1,0,0,NA,NA,NA,NA,"ME11"
"Porites_compressa_HIv1___RNAseq.g40966.t1",1,0,0,NA,NA,NA,NA,"ME5"
"Porites_compressa_HIv1___RNAseq.g40969.t1",1,0,0,NA,NA,NA,NA,"ME1"
"Porites_compressa_HIv1___RNAseq.g15930.t1",0,1,0,NA,NA,NA,NA,"ME14"
"Porites_compressa_HIv1___RNAseq.g15956.t1",1,0,0,NA,NA,NA,NA,"ME0"
"Porites_compressa_HIv1___RNAseq.g15967.t1",1,0,0,NA,NA,NA,NA,"ME0"
"Porites_compressa_HIv1___TS.g17595.t1",1,0,0,0.0171395480261087,"Other",NA,NA,"ME3"
"Porites_compressa_HIv1___RNAseq.g15899.t1",0,0,1,NA,NA,NA,NA,"ME3"
"Porites_compressa_HIv1___RNAseq.g15904.t2b",1,1,0,4.53555038115313e-06,"Transient",5,0.68907681659602,"ME7"
"Porites_compressa_HIv1___RNAseq.g15909.t1",0,2,0,0.0103594069772013,"Transient",4,0.910208255153015,"ME3"
"Porites_compressa_HIv1___RNAseq.g15910.t1",0,1,0,NA,NA,NA,NA,"ME0"
"Porites_compressa_HIv1___RNAseq.g15915.t1",0,0,1,NA,NA,NA,NA,"ME0"
"Porites_compressa_HIv1___RNAseq.g15917.t1",0,1,0,NA,NA,NA,NA,"ME5"
"Porites_compressa_HIv1___RNAseq.g15918.t1",0,0,1,0.0279415069272399,"Other",6,0.963678165062156,"ME1"
"Porites_compressa_HIv1___TS.g17628.t1",2,0,1,NA,NA,NA,NA,"ME0"
"Porites_compressa_HIv1___TS.g17634.t1",0,1,0,0.0324736307160295,"Monotonous",1,0.828883577861646,"ME21"
"Porites_compressa_HIv1___TS.g17639.t1",1,0,0,NA,NA,NA,NA,"ME1"
"Porites_compressa_HIv1___RNAseq.g15937.t1",0,1,0,0.0139930876573499,"Monotonous",NA,NA,"ME11"
"Porites_compressa_HIv1___RNAseq.g15944.t1",1,0,0,NA,NA,NA,NA,"ME0"
"Porites_compressa_HIv1___RNAseq.g15950.t1",1,0,0,NA,NA,NA,NA,"ME0"
"Porites_compressa_HIv1___RNAseq.g15951.t1",1,0,0,NA,NA,NA,NA,"ME0"
"Porites_compressa_HIv1___RNAseq.g15953.t1",0,2,0,NA,NA,NA,NA,"ME0"
"Porites_compressa_HIv1___RNAseq.g15955.t1",1,0,0,NA,NA,NA,NA,"ME0"
"Porites_compressa_HIv1___RNAseq.g15957.t1",0,0,1,NA,NA,NA,NA,"ME0"
"Porites_compressa_HIv1___RNAseq.g15961.t1",1,0,0,NA,NA,NA,NA,"ME2"
"Porites_compressa_HIv1___TS.g17672.t1",1,0,0,3.49664311141221e-05,"Monotonous",NA,NA,"ME2"
"Porites_compressa_HIv1___TS.g17678.t1",1,1,0,0.00113263319653541,"Monotonous",2,0.861261913577827,"ME2"
"Porites_compressa_HIv1___RNAseq.g15969.t1",1,0,0,7.88459185007291e-14,"Monotonous",2,0.696784408746856,"ME2"
"Porites_compressa_HIv1___RNAseq.g15971.t1",0,0,1,NA,NA,NA,NA,"ME1"
"Porites_compressa_HIv1___TS.g17684.t1",0,0,1,NA,NA,NA,NA,"ME0"
"Porites_compressa_HIv1___RNAseq.g15982.t1",2,0,0,NA,NA,NA,NA,"ME15"
"Porites_compressa_HIv1___RNAseq.g15984.t1",1,0,1,0.0234235975885853,"Other",6,0.762851772970057,"ME1"
"Porites_compressa_HIv1___RNAseq.g15989.t1",1,0,0,NA,NA,NA,NA,"ME25"
"Porites_compressa_HIv1___TS.g17700.t1",1,0,0,NA,NA,NA,NA,"ME0"
"Porites_compressa_HIv1___RNAseq.g15991.t1",1,0,0,NA,NA,NA,NA,"ME0"
"Porites_compressa_HIv1___RNAseq.g15993.t1",0,1,0,NA,NA,NA,NA,"ME0"
"Porites_compressa_HIv1___RNAseq.g15994.t1",0,0,1,NA,NA,NA,NA,"ME1"
"Porites_compressa_HIv1___RNAseq.g15998.t1",0,1,0,0.013634296842472,"Other",3,0.675026667193799,"ME4"
"Porites_compressa_HIv1___RNAseq.g15999.t1",0,1,0,NA,NA,NA,NA,"ME0"
"Porites_compressa_HIv1___TS.g17711.t2",0,0,1,NA,NA,NA,NA,"ME4"
"Porites_compressa_HIv1___RNAseq.g16006.t1",0,0,1,NA,NA,NA,NA,"ME0"
"Porites_compressa_HIv1___RNAseq.g16013.t1",0,0,1,NA,NA,NA,NA,"ME0"
"Porites_compressa_HIv1___RNAseq.g16020.t1",0,2,1,NA,NA,NA,NA,"ME0"
"Porites_compressa_HIv1___RNAseq.g16023.t1",1,0,0,NA,NA,NA,NA,"ME0"
"Porites_compressa_HIv1___RNAseq.g16027.t1",1,0,0,NA,NA,NA,NA,"ME0"
"Porites_compressa_HIv1___RNAseq.g16032.t1",1,0,0,NA,NA,NA,NA,"ME5"
"Porites_compressa_HIv1___RNAseq.g16035.t1b",0,1,0,0.0105578076155098,"Other",3,0.660620459380356,"ME5"
"Porites_compressa_HIv1___RNAseq.g16035.t1a",1,0,0,NA,NA,NA,NA,"ME28"
"Porites_compressa_HIv1___RNAseq.g16041.t1",0,0,1,0.018702671905829,"Monotonous",5,0.982891645784608,"ME1"
"Porites_compressa_HIv1___RNAseq.g16047.t1",0,1,0,NA,NA,NA,NA,"ME0"
"Porites_compressa_HIv1___RNAseq.g16061.t1",0,1,0,NA,NA,NA,NA,"ME1"
"Porites_compressa_HIv1___RNAseq.g16068.t1",1,0,0,0.00918290346662216,"Other",4,0.595609893920748,"ME0"
"Porites_compressa_HIv1___RNAseq.g16069.t1",0,0,1,NA,NA,NA,NA,"ME2"
"Porites_compressa_HIv1___TS.g17782.t1",1,0,1,NA,NA,NA,NA,"ME1"
"Porites_compressa_HIv1___RNAseq.g16074.t1",1,0,0,NA,NA,NA,NA,"ME4"
"Porites_compressa_HIv1___RNAseq.g16077.t1",1,0,0,0.0281414852269892,"Monotonous",2,0.610591181421555,"ME12"
"Porites_compressa_HIv1___RNAseq.g16078.t1",0,1,0,0.0037228869114566,"Monotonous",3,0.746236798528853,"ME2"
"Porites_compressa_HIv1___RNAseq.g16088.t1",0,1,0,0.00501082122128839,"Other",6,0.850028322043164,"ME13"
"Porites_compressa_HIv1___RNAseq.g16089.t2",0,0,1,NA,NA,NA,NA,"ME0"
"Porites_compressa_HIv1___RNAseq.g16094.t1",1,0,0,NA,NA,NA,NA,"ME0"
"Porites_compressa_HIv1___RNAseq.g16098.t1",0,0,1,NA,NA,NA,NA,"ME2"
"Porites_compressa_HIv1___RNAseq.g40984.t1",0,0,1,NA,NA,NA,NA,"ME0"
"Porites_compressa_HIv1___RNAseq.g40999.t1",0,1,0,NA,NA,NA,NA,"ME0"
"Porites_compressa_HIv1___RNAseq.g41076.t1",1,0,0,NA,NA,NA,NA,"ME1"
"Porites_compressa_HIv1___RNAseq.g41080.t1",2,0,0,NA,NA,NA,NA,"ME15"
"Porites_compressa_HIv1___RNAseq.g41088.t1",0,1,0,NA,NA,NA,NA,"ME0"
"Porites_compressa_HIv1___RNAseq.g41089.t1",0,0,2,NA,NA,NA,NA,"ME0"
"Porites_compressa_HIv1___TS.g3716.t1b",1,0,0,NA,NA,NA,NA,"ME1"
"Porites_compressa_HIv1___TS.g3717.t1",0,1,0,NA,NA,NA,NA,"ME1"
"Porites_compressa_HIv1___TS.g3722.t1",1,0,0,NA,NA,NA,NA,"ME4"
"Porites_compressa_HIv1___RNAseq.g40988.t1",1,0,0,NA,NA,NA,NA,"ME4"
"Porites_compressa_HIv1___RNAseq.g40997.t1",0,1,0,NA,NA,NA,NA,"ME7"
"Porites_compressa_HIv1___RNAseq.g40998.t1",1,1,0,NA,NA,NA,NA,"ME0"
"Porites_compressa_HIv1___RNAseq.g41007.t1",1,0,0,NA,NA,NA,NA,"ME7"
"Porites_compressa_HIv1___RNAseq.g41008.t1",1,0,0,NA,NA,NA,NA,"ME0"
"Porites_compressa_HIv1___RNAseq.11523_t",1,0,0,NA,NA,NA,NA,"ME1"
"Porites_compressa_HIv1___RNAseq.g41018.t1",1,0,0,NA,NA,NA,NA,"ME3"
"Porites_compressa_HIv1___RNAseq.g41026.t1",1,0,0,NA,NA,NA,NA,"ME0"
"Porites_compressa_HIv1___RNAseq.g41027.t1",0,1,0,NA,NA,NA,NA,"ME0"
"Porites_compressa_HIv1___RNAseq.g41028.t1",2,0,0,NA,NA,NA,NA,"ME0"
"Porites_compressa_HIv1___TS.g3760.t2",0,0,1,NA,NA,NA,NA,"ME0"
"Porites_compressa_HIv1___RNAseq.g41037.t1",0,1,0,NA,NA,NA,NA,"ME0"
"Porites_compressa_HIv1___RNAseq.g41038.t1",1,0,0,0.0428752059303346,"Other",6,0.591401177232114,"ME0"
"Porites_compressa_HIv1___TS.g3775.t1",0,0,1,NA,NA,NA,NA,"ME0"
"Porites_compressa_HIv1___RNAseq.g41047.t1",1,0,0,1.40295018542763e-07,"Transient",5,0.886091831046657,"ME1"
"Porites_compressa_HIv1___RNAseq.g41055.t1",1,0,0,0.0484370121569672,"Other",NA,NA,"ME1"
"Porites_compressa_HIv1___RNAseq.g41062.t1",1,0,0,NA,NA,NA,NA,"ME18"
"Porites_compressa_HIv1___TS.g3797.t2",1,0,0,NA,NA,NA,NA,"ME1"
"Porites_compressa_HIv1___RNAseq.g41067.t1",0,2,0,NA,NA,NA,NA,"ME1"
"Porites_compressa_HIv1___RNAseq.g41087.t1",0,2,0,NA,NA,NA,NA,"ME0"
"Porites_compressa_HIv1___RNAseq.g41100.t1",0,1,0,NA,NA,NA,NA,"ME3"
"Porites_compressa_HIv1___RNAseq.g41101.t1",1,0,0,0.0215273170159537,"Monotonous",6,0.943762187452791,"ME1"
"Porites_compressa_HIv1___RNAseq.g33472.t1",1,0,0,NA,NA,NA,NA,"ME0"
"Porites_compressa_HIv1___RNAseq.g33519.t1",1,0,0,NA,NA,NA,NA,"ME0"
"Porites_compressa_HIv1___RNAseq.g33529.t1",1,0,0,NA,NA,NA,NA,"ME0"
"Porites_compressa_HIv1___TS.g2956.t1",0,1,1,NA,NA,NA,NA,"ME0"
"Porites_compressa_HIv1___RNAseq.g33507.t2",0,1,0,NA,NA,NA,NA,"ME14"
"Porites_compressa_HIv1___RNAseq.g33508.t1",1,0,0,NA,NA,NA,NA,"ME14"
"Porites_compressa_HIv1___RNAseq.g33510.t1",0,0,1,NA,NA,NA,NA,"ME0"
"Porites_compressa_HIv1___RNAseq.g33474.t1",0,0,1,NA,NA,NA,NA,"ME0"
"Porites_compressa_HIv1___RNAseq.g33476.t1",0,2,0,NA,NA,NA,NA,"ME3"
"Porites_compressa_HIv1___RNAseq.g33484.t1",1,0,0,NA,NA,NA,NA,"ME0"
"Porites_compressa_HIv1___RNAseq.g33486.t1",1,0,0,NA,NA,NA,NA,"ME0"
"Porites_compressa_HIv1___TS.g2938.t1a",1,0,0,NA,NA,NA,NA,"ME0"
"Porites_compressa_HIv1___RNAseq.g33492.t1",1,0,0,0.0119661198054047,"Monotonous",6,0.95128013990154,"ME1"
"Porites_compressa_HIv1___RNAseq.g33495.t1",0,0,1,5.17915102593683e-06,"Monotonous",6,0.944146109012152,"ME1"
"Porites_compressa_HIv1___RNAseq.g33496.t1",1,1,1,NA,NA,NA,NA,"ME0"
"Porites_compressa_HIv1___RNAseq.g33497.t1",0,1,1,0.00491368464296177,"Other",5,0.989835334140392,"ME1"
"Porites_compressa_HIv1___RNAseq.g33500.t1",1,0,0,NA,NA,NA,NA,"ME0"
"Porites_compressa_HIv1___TS.g2953.t1",0,0,1,NA,NA,NA,NA,"ME0"
"Porites_compressa_HIv1___RNAseq.g33517.t1",1,0,0,3.59373819283176e-05,"Monotonous",6,0.968255574559635,"ME1"
"Porites_compressa_HIv1___RNAseq.g33518.t1",1,0,0,NA,NA,NA,NA,"ME0"
"Porites_compressa_HIv1___RNAseq.g41187.t1",1,0,0,NA,NA,NA,NA,"ME1"
"Porites_compressa_HIv1___RNAseq.g41311.t1",1,0,0,NA,NA,NA,NA,"ME24"
"Porites_compressa_HIv1___TS.g4035.t1a",0,0,1,NA,NA,NA,NA,"ME15"
"Porites_compressa_HIv1___RNAseq.11611_t",0,1,0,NA,NA,NA,NA,"ME1"
"Porites_compressa_HIv1___RNAseq.g41106.t1",0,1,0,NA,NA,NA,NA,"ME0"
"Porites_compressa_HIv1___RNAseq.g41107.t1",1,0,0,NA,NA,NA,NA,"ME5"
"Porites_compressa_HIv1___RNAseq.g41114.t1",2,0,0,0.00419950489459193,"Monotonous",3,0.960151787492294,"ME3"
"Porites_compressa_HIv1___RNAseq.g41115.t1",1,0,0,NA,NA,NA,NA,"ME0"
"Porites_compressa_HIv1___RNAseq.g41120.t1",1,0,0,NA,NA,NA,NA,"ME0"
"Porites_compressa_HIv1___RNAseq.g41122.t1",1,0,0,NA,NA,NA,NA,"ME10"
"Porites_compressa_HIv1___RNAseq.g41128.t1",1,0,0,0.00101565880733419,"Other",5,0.549944472944148,"ME1"
"Porites_compressa_HIv1___RNAseq.g41136.t1",0,0,1,NA,NA,NA,NA,"ME4"
"Porites_compressa_HIv1___RNAseq.g41139.t1",0,1,0,NA,NA,NA,NA,"ME0"
"Porites_compressa_HIv1___RNAseq.g41140.t1",1,0,0,NA,NA,NA,NA,"ME0"
"Porites_compressa_HIv1___RNAseq.g41146.t1",1,0,0,NA,NA,NA,NA,"ME0"
"Porites_compressa_HIv1___RNAseq.g41155.t1",0,1,0,NA,NA,NA,NA,"ME0"
"Porites_compressa_HIv1___RNAseq.g41171.t1",0,0,1,0.00814702893250413,"Monotonous",6,0.809094209607902,"ME1"
"Porites_compressa_HIv1___RNAseq.g41172.t1",0,1,0,NA,NA,NA,NA,"ME0"
"Porites_compressa_HIv1___RNAseq.g41198.t1",1,0,0,NA,NA,NA,NA,"ME0"
"Porites_compressa_HIv1___RNAseq.g41203.t1",1,0,0,NA,NA,NA,NA,"ME1"
"Porites_compressa_HIv1___RNAseq.g41205.t1",1,0,1,NA,NA,NA,NA,"ME5"
"Porites_compressa_HIv1___RNAseq.g41217.t1",1,0,0,NA,NA,NA,NA,"ME11"
"Porites_compressa_HIv1___RNAseq.g41219.t1",1,0,0,NA,NA,NA,NA,"ME11"
"Porites_compressa_HIv1___RNAseq.g41225.t1",1,0,1,NA,NA,NA,NA,"ME0"
"Porites_compressa_HIv1___RNAseq.g41237.t1",0,1,0,NA,NA,NA,NA,"ME1"
"Porites_compressa_HIv1___RNAseq.g41241.t1",0,1,0,0.040770010578202,"Transient",5,0.741030581995027,"ME18"
"Porites_compressa_HIv1___RNAseq.g41244.t1",2,0,0,NA,NA,NA,NA,"ME18"
"Porites_compressa_HIv1___RNAseq.11748_t",0,1,0,NA,NA,NA,NA,"ME0"
"Porites_compressa_HIv1___RNAseq.g41258.t1",0,1,0,NA,NA,NA,NA,"ME1"
"Porites_compressa_HIv1___TS.g3982.t1",0,1,0,NA,NA,NA,NA,"ME11"
"Porites_compressa_HIv1___TS.g3998.t2c",1,0,0,0.000649833607505866,"Other",NA,NA,"ME0"
"Porites_compressa_HIv1___TS.g4001.t1",1,0,0,NA,NA,NA,NA,"ME0"
"Porites_compressa_HIv1___RNAseq.g41282.t1",2,0,0,NA,NA,NA,NA,"ME0"
"Porites_compressa_HIv1___RNAseq.g41285.t1",0,0,1,NA,NA,NA,NA,"ME3"
"Porites_compressa_HIv1___RNAseq.g41286.t1",0,0,1,NA,NA,NA,NA,"ME0"
"Porites_compressa_HIv1___RNAseq.g41287.t1",0,0,1,NA,NA,NA,NA,"ME0"
"Porites_compressa_HIv1___RNAseq.g41291.t1",1,0,0,NA,NA,NA,NA,"ME0"
"Porites_compressa_HIv1___RNAseq.g41295.t1",1,0,0,3.96521891005804e-14,"Monotonous",1,0.964869015554292,"ME2"
"Porites_compressa_HIv1___RNAseq.g41296.t1",0,1,0,5.53968198723145e-28,"Monotonous",1,0.867554357723978,"ME0"
"Porites_compressa_HIv1___RNAseq.g41305.t1",1,0,0,NA,NA,NA,NA,"ME13"
"Porites_compressa_HIv1___RNAseq.g41319.t1",0,1,0,NA,NA,NA,NA,"ME0"
"Porites_compressa_HIv1___RNAseq.g41326.t1",0,1,0,3.35889243967888e-05,"Monotonous",6,0.57421051263293,"ME0"
"Porites_compressa_HIv1___RNAseq.g41329.t1",0,1,0,0.0477255925721042,"Other",NA,NA,"ME4"
"Porites_compressa_HIv1___RNAseq.g41332.t1",1,0,1,NA,NA,NA,NA,"ME0"
"Porites_compressa_HIv1___RNAseq.g41349.t1",0,0,1,NA,NA,NA,NA,"ME0"
"Porites_compressa_HIv1___RNAseq.g41350.t1",0,1,0,NA,NA,NA,NA,"ME0"
"Porites_compressa_HIv1___RNAseq.g41351.t1",2,0,0,NA,NA,NA,NA,"ME0"
"Porites_compressa_HIv1___RNAseq.g41353.t1",1,0,0,NA,NA,NA,NA,"ME0"
"Porites_compressa_HIv1___RNAseq.g41355.t1",1,0,0,NA,NA,NA,NA,"ME0"
"Porites_compressa_HIv1___RNAseq.g41357.t1",1,0,0,NA,NA,NA,NA,"ME21"
"Porites_compressa_HIv1___RNAseq.g41364.t1",1,0,0,NA,NA,NA,NA,"ME3"
"Porites_compressa_HIv1___RNAseq.g41368.t1",0,0,1,NA,NA,NA,NA,"ME0"
"Porites_compressa_HIv1___RNAseq.g33534.t1",2,0,0,0.0132655851879186,"Other",1,0.797420485097536,"ME2"
"Porites_compressa_HIv1___RNAseq.g33535.t1",0,2,0,0.0145629122014238,"Other",1,0.530657624579077,"ME0"
"Porites_compressa_HIv1___RNAseq.g33537.t1",1,0,0,0.0127021039368266,"Other",NA,NA,"ME4"
"Porites_compressa_HIv1___TS.g2996.t1",0,1,0,NA,NA,NA,NA,"ME4"
"Porites_compressa_HIv1___RNAseq.g33544.t1",1,0,1,NA,NA,NA,NA,"ME0"
"Porites_compressa_HIv1___RNAseq.g33547.t1",0,1,0,NA,NA,NA,NA,"ME20"
"Porites_compressa_HIv1___RNAseq.g33556.t1",1,0,0,0.0354967272545566,"Other",4,0.501023211585549,"ME8"
"Porites_compressa_HIv1___RNAseq.g33559.t1",1,1,0,NA,NA,NA,NA,"ME8"
"Porites_compressa_HIv1___TS.g3014.t1",0,0,1,0.0204428116023783,"Other",3,0.605819499738194,"ME3"
"Porites_compressa_HIv1___RNAseq.g33561.t1",1,0,0,NA,NA,NA,NA,"ME0"
"Porites_compressa_HIv1___RNAseq.g33565.t1",1,0,0,NA,NA,NA,NA,"ME1"
"Porites_compressa_HIv1___RNAseq.g33569.t1",1,0,0,NA,NA,NA,NA,"ME2"
"Porites_compressa_HIv1___RNAseq.g33572.t1",0,0,1,0.000305122621577635,"Transient",5,0.596722050220194,"ME18"
"Porites_compressa_HIv1___RNAseq.g33574.t1",0,1,0,NA,NA,NA,NA,"ME0"
"Porites_compressa_HIv1___RNAseq.g33578.t1",1,0,1,NA,NA,NA,NA,"ME1"
"Porites_compressa_HIv1___RNAseq.g33581.t1",1,0,1,NA,NA,NA,NA,"ME0"
"Porites_compressa_HIv1___RNAseq.g33593.t1",2,0,0,NA,NA,NA,NA,"ME28"
"Porites_compressa_HIv1___TS.g3052.t1",0,1,0,NA,NA,NA,NA,"ME0"
"Porites_compressa_HIv1___RNAseq.g33602.t1",1,0,0,0.0159657629088639,"Transient",4,0.696792649514099,"ME0"
"Porites_compressa_HIv1___TS.g3053.t1",2,0,0,NA,NA,NA,NA,"ME1"
"Porites_compressa_HIv1___RNAseq.g33604.t1",1,0,0,0.0135036145930118,"Other",6,0.728344033581225,"ME1"
"Porites_compressa_HIv1___TS.g3188.t2a",1,0,0,NA,NA,NA,NA,"ME1"
"Porites_compressa_HIv1___RNAseq.g33736.t2",0,0,1,0.00275691691918345,"Monotonous",2,0.625593806710199,"ME2"
"Porites_compressa_HIv1___TS.g3217.t1",0,0,1,NA,NA,NA,NA,"ME4"
"Porites_compressa_HIv1___TS.g3200.t1",0,1,0,NA,NA,NA,NA,"ME1"
"Porites_compressa_HIv1___TS.g3216.t1",1,0,0,NA,NA,NA,NA,"ME0"
"Porites_compressa_HIv1___RNAseq.g33775.t1",1,0,0,NA,NA,NA,NA,"ME0"
"Porites_compressa_HIv1___RNAseq.g33797.t1",1,0,0,NA,NA,NA,NA,"ME1"
"Porites_compressa_HIv1___RNAseq.g33686.t1",2,0,0,NA,NA,NA,NA,"ME0"
"Porites_compressa_HIv1___RNAseq.g33702.t1",1,0,0,NA,NA,NA,NA,"ME0"
"Porites_compressa_HIv1___TS.g3161.t1",0,1,0,NA,NA,NA,NA,"ME0"
"Porites_compressa_HIv1___RNAseq.g33710.t1",1,0,0,NA,NA,NA,NA,"ME6"
"Porites_compressa_HIv1___RNAseq.g33712.t1",1,0,0,NA,NA,NA,NA,"ME0"
"Porites_compressa_HIv1___TS.g3063.t1",0,2,0,0.000127446996284077,"Other",6,0.608993136199889,"ME1"
"Porites_compressa_HIv1___RNAseq.g33621.t1a",0,1,0,0.00163121285518351,"Monotonous",3,0.744750496684806,"ME2"
"Porites_compressa_HIv1___RNAseq.g33623.t1",1,0,0,NA,NA,NA,NA,"ME0"
"Porites_compressa_HIv1___RNAseq.g33627.t1",1,0,0,NA,NA,NA,NA,"ME0"
"Porites_compressa_HIv1___TS.g3084.t1",1,0,0,NA,NA,NA,NA,"ME0"
"Porites_compressa_HIv1___TS.g3086.t1b",2,1,0,NA,NA,NA,NA,"ME0"
"Porites_compressa_HIv1___RNAseq.g33638.t1",1,0,1,0.00703554780594755,"Monotonous",6,0.593936532526075,"ME1"
"Porites_compressa_HIv1___TS.g3092.t1a",0,0,1,NA,NA,NA,NA,"ME1"
"Porites_compressa_HIv1___RNAseq.g33645.t1",1,0,0,NA,NA,NA,NA,"ME0"
"Porites_compressa_HIv1___RNAseq.g33646.t1",1,0,0,NA,NA,NA,NA,"ME0"
"Porites_compressa_HIv1___RNAseq.g33647.t1",1,0,0,NA,NA,NA,NA,"ME1"
"Porites_compressa_HIv1___RNAseq.g33649.t1",1,0,0,NA,NA,NA,NA,"ME2"
"Porites_compressa_HIv1___RNAseq.g33665.t1",0,0,1,NA,NA,NA,NA,"ME8"
"Porites_compressa_HIv1___RNAseq.g33666.t1",0,1,0,NA,NA,NA,NA,"ME1"
"Porites_compressa_HIv1___RNAseq.g33676.t1",0,0,1,NA,NA,NA,NA,"ME8"
"Porites_compressa_HIv1___RNAseq.g33681.t1",0,1,0,NA,NA,NA,NA,"ME0"
"Porites_compressa_HIv1___RNAseq.g33682.t1",1,0,0,NA,NA,NA,NA,"ME1"
"Porites_compressa_HIv1___TS.g3142.t1",0,1,0,NA,NA,NA,NA,"ME15"
"Porites_compressa_HIv1___RNAseq.g33691.t2",1,0,0,0.00656038321749419,"Other",5,0.793950820870816,"ME1"
"Porites_compressa_HIv1___RNAseq.g33693.t1",0,1,0,0.000589952742347508,"Monotonous",NA,NA,"ME0"
"Porites_compressa_HIv1___RNAseq.g33694.t1",1,0,0,NA,NA,NA,NA,"ME2"
"Porites_compressa_HIv1___RNAseq.g33696.t1",0,1,0,NA,NA,NA,NA,"ME2"
"Porites_compressa_HIv1___TS.g3150.t1",1,0,0,0.00176831392076911,"Transient",5,0.892440999668916,"ME1"
"Porites_compressa_HIv1___RNAseq.g33701.t1",1,1,0,NA,NA,NA,NA,"ME0"
"Porites_compressa_HIv1___RNAseq.g33705.t1",0,2,0,0.00527424927009685,"Other",3,0.956319494352932,"ME3"
"Porites_compressa_HIv1___RNAseq.g33706.t1",1,0,0,NA,NA,NA,NA,"ME14"
"Porites_compressa_HIv1___RNAseq.g33715.t1",1,0,0,NA,NA,NA,NA,"ME3"
"Porites_compressa_HIv1___RNAseq.g33716.t1",0,1,0,NA,NA,NA,NA,"ME1"
"Porites_compressa_HIv1___RNAseq.g33721.t1",1,0,0,0.0277539245536877,"Other",3,0.683796219222831,"ME4"
"Porites_compressa_HIv1___TS.g3181.t1b",1,0,0,NA,NA,NA,NA,"ME4"
"Porites_compressa_HIv1___RNAseq.g33729.t1",1,0,0,NA,NA,NA,NA,"ME4"
"Porites_compressa_HIv1___RNAseq.g33824.t1",0,1,1,NA,NA,NA,NA,"ME0"
"Porites_compressa_HIv1___RNAseq.g33856.t1",0,0,2,NA,NA,NA,NA,"ME1"
"Porites_compressa_HIv1___RNAseq.g33867.t1",0,0,2,NA,NA,NA,NA,"ME1"
"Porites_compressa_HIv1___RNAseq.g33870.t1",1,0,0,NA,NA,NA,NA,"ME0"
"Porites_compressa_HIv1___RNAseq.g33818.t1",1,0,0,NA,NA,NA,NA,"ME0"
"Porites_compressa_HIv1___RNAseq.g33820.t1",0,2,0,NA,NA,NA,NA,"ME6"
"Porites_compressa_HIv1___RNAseq.g33829.t1",0,2,0,NA,NA,NA,NA,"ME6"
"Porites_compressa_HIv1___RNAseq.g33831.t1",0,1,0,NA,NA,NA,NA,"ME1"
"Porites_compressa_HIv1___RNAseq.g33833.t1",0,1,0,NA,NA,NA,NA,"ME0"
"Porites_compressa_HIv1___RNAseq.g33838.t1",1,0,0,NA,NA,NA,NA,"ME6"
"Porites_compressa_HIv1___RNAseq.g33842.t1",0,1,0,NA,NA,NA,NA,"ME0"
"Porites_compressa_HIv1___RNAseq.g33843.t1",1,0,0,NA,NA,NA,NA,"ME1"
"Porites_compressa_HIv1___RNAseq.g33848.t2",0,1,0,NA,NA,NA,NA,"ME2"
"Porites_compressa_HIv1___RNAseq.g33852.t1",0,0,1,NA,NA,NA,NA,"ME0"
"Porites_compressa_HIv1___TS.g7711.t1",1,0,0,0.0248175093438103,"Monotonous",6,0.865833612622152,"ME1"
"Porites_compressa_HIv1___RNAseq.g4456.t1",1,0,0,NA,NA,NA,NA,"ME3"
"Porites_compressa_HIv1___RNAseq.g4450.t1",1,0,0,NA,NA,NA,NA,"ME4"
"Porites_compressa_HIv1___RNAseq.g4451.t1",0,1,0,NA,NA,NA,NA,"ME0"
"Porites_compressa_HIv1___RNAseq.g4432.t1",1,0,0,NA,NA,NA,NA,"ME1"
"Porites_compressa_HIv1___RNAseq.g4435.t1",0,0,1,NA,NA,NA,NA,"ME4"
"Porites_compressa_HIv1___RNAseq.g4436.t1",0,0,1,0.0258457399479665,"Other",3,0.660762482090683,"ME2"
"Porites_compressa_HIv1___RNAseq.g4437.t1",0,0,1,0.00162629044383067,"Monotonous",3,0.862693137153288,"ME4"
"Porites_compressa_HIv1___RNAseq.g4438.t1",0,0,1,NA,NA,NA,NA,"ME2"
"Porites_compressa_HIv1___RNAseq.g4441.t1",0,1,0,NA,NA,NA,NA,"ME0"
"Porites_compressa_HIv1___RNAseq.g4442.t1",1,0,0,0.000500845768724038,"Monotonous",6,0.894289464784376,"ME1"
"Porites_compressa_HIv1___RNAseq.g4443.t1",1,2,0,NA,NA,NA,NA,"ME0"
"Porites_compressa_HIv1___RNAseq.g4445.t1",0,1,1,0.00219666821539679,"Monotonous",3,0.748174305356953,"ME4"
"Porites_compressa_HIv1___RNAseq.g4446.t1",0,2,0,NA,NA,NA,NA,"ME4"
"Porites_compressa_HIv1___TS.g7736.t1",1,1,0,0.0412748968317128,"Other",2,0.776165398738394,"ME21"
"Porites_compressa_HIv1___RNAseq.g4262.t1",0,0,1,NA,NA,NA,NA,"ME0"
"Porites_compressa_HIv1___RNAseq.g4316.t1",1,0,0,NA,NA,NA,NA,"ME0"
"Porites_compressa_HIv1___RNAseq.g4403.t1",0,0,1,NA,NA,NA,NA,"ME0"
"Porites_compressa_HIv1___RNAseq.g4424.t1",1,0,0,NA,NA,NA,NA,"ME0"
"Porites_compressa_HIv1___RNAseq.g4196.t1",2,0,1,NA,NA,NA,NA,"ME0"
"Porites_compressa_HIv1___RNAseq.g4201.t1",0,0,1,NA,NA,NA,NA,"ME5"
"Porites_compressa_HIv1___RNAseq.g4204.t1",0,0,2,NA,NA,NA,NA,"ME0"
"Porites_compressa_HIv1___RNAseq.g4205.t1",1,0,0,NA,NA,NA,NA,"ME1"
"Porites_compressa_HIv1___RNAseq.g4206.t1",2,0,0,NA,NA,NA,NA,"ME0"
"Porites_compressa_HIv1___RNAseq.g4207.t1",0,1,0,0.0355692369567697,"Other",NA,NA,"ME0"
"Porites_compressa_HIv1___RNAseq.g4209.t1",1,0,0,NA,NA,NA,NA,"ME0"
"Porites_compressa_HIv1___RNAseq.g4220.t1",1,0,0,NA,NA,NA,NA,"ME4"
"Porites_compressa_HIv1___RNAseq.g4223.t1",0,0,1,NA,NA,NA,NA,"ME0"
"Porites_compressa_HIv1___RNAseq.g4229.t1",0,0,1,NA,NA,NA,NA,"ME0"
"Porites_compressa_HIv1___RNAseq.g4242.t1",3,0,0,0.000602206927224521,"Monotonous",2,0.776348438831174,"ME5"
"Porites_compressa_HIv1___RNAseq.g4248.t1",0,1,0,NA,NA,NA,NA,"ME0"
"Porites_compressa_HIv1___RNAseq.g4249.t1",0,1,0,NA,NA,NA,NA,"ME0"
"Porites_compressa_HIv1___TS.g7537.t1",1,0,0,NA,NA,NA,NA,"ME4"
"Porites_compressa_HIv1___RNAseq.g4258.t1",0,0,1,NA,NA,NA,NA,"ME1"
"Porites_compressa_HIv1___RNAseq.g4261.t1",1,0,0,NA,NA,NA,NA,"ME1"
"Porites_compressa_HIv1___RNAseq.g4265.t1",0,1,0,0.0313776063635919,"Other",4,0.684762930689803,"ME0"
"Porites_compressa_HIv1___RNAseq.g4268.t1",1,0,0,7.97378387945591e-06,"Transient",4,0.760116732244704,"ME0"
"Porites_compressa_HIv1___RNAseq.g4269.t1",0,3,0,NA,NA,NA,NA,"ME0"
"Porites_compressa_HIv1___RNAseq.g4273.t1",1,0,1,0.0187472875709938,"Other",5,0.955992208592044,"ME7"
"Porites_compressa_HIv1___RNAseq.g4274.t1",1,0,0,NA,NA,NA,NA,"ME25"
"Porites_compressa_HIv1___RNAseq.g4276.t1",0,0,1,0.000186347694447275,"Transient",6,0.900178208439751,"ME1"
"Porites_compressa_HIv1___TS.g7560.t1",1,1,0,0.0370825564510505,"Other",NA,NA,"ME1"
"Porites_compressa_HIv1___TS.g7565.t1",0,1,0,NA,NA,NA,NA,"ME0"
"Porites_compressa_HIv1___TS.g7566.t1",0,1,0,NA,NA,NA,NA,"ME0"
"Porites_compressa_HIv1___RNAseq.g4294.t1",1,0,0,3.50673995950815e-14,"Monotonous",1,0.964668686070872,"ME12"
"Porites_compressa_HIv1___RNAseq.g4295.t1",1,0,1,0.02385078245762,"Monotonous",1,0.867085526049362,"ME12"
"Porites_compressa_HIv1___RNAseq.g4296.t1",1,1,0,2.82022548834247e-05,"Monotonous",1,0.928029769250545,"ME12"
"Porites_compressa_HIv1___RNAseq.g4299.t1",0,0,1,NA,NA,NA,NA,"ME0"
"Porites_compressa_HIv1___RNAseq.g4304.t1",1,0,0,6.80285430643599e-06,"Transient",3,0.675186221826876,"ME3"
"Porites_compressa_HIv1___RNAseq.g4309.t1",0,0,1,NA,NA,NA,NA,"ME1"
"Porites_compressa_HIv1___RNAseq.g4310.t1",0,2,0,NA,NA,NA,NA,"ME3"
"Porites_compressa_HIv1___RNAseq.g4311.t1",0,3,0,0.0277539245536877,"Other",NA,NA,"ME2"
"Porites_compressa_HIv1___RNAseq.g4315.t1",1,0,0,6.26654505257828e-08,"Monotonous",6,0.882876411779648,"ME1"
"Porites_compressa_HIv1___RNAseq.g4321.t1",1,0,0,NA,NA,NA,NA,"ME6"
"Porites_compressa_HIv1___RNAseq.g4329.t1",1,0,0,NA,NA,NA,NA,"ME2"
"Porites_compressa_HIv1___TS.g7612.t1a",1,0,0,NA,NA,NA,NA,"ME0"
"Porites_compressa_HIv1___TS.g7618.t1",0,1,0,0.000259937731902987,"Monotonous",6,0.874521661492396,"ME1"
"Porites_compressa_HIv1___RNAseq.g4338.t1",1,0,0,NA,NA,NA,NA,"ME1"
"Porites_compressa_HIv1___RNAseq.g4344.t1",1,0,0,NA,NA,NA,NA,"ME5"
"Porites_compressa_HIv1___RNAseq.g4350.t1",0,0,1,NA,NA,NA,NA,"ME8"
"Porites_compressa_HIv1___TS.g7642.t1",1,0,0,NA,NA,NA,NA,"ME18"
"Porites_compressa_HIv1___TS.g7643.t1",0,0,1,NA,NA,NA,NA,"ME0"
"Porites_compressa_HIv1___TS.g7647.t1",1,0,0,NA,NA,NA,NA,"ME1"
"Porites_compressa_HIv1___RNAseq.g4372.t1",1,1,0,NA,NA,NA,NA,"ME0"
"Porites_compressa_HIv1___RNAseq.g4374.t1",0,0,1,NA,NA,NA,NA,"ME0"
"Porites_compressa_HIv1___TS.g7661.t1",0,1,0,NA,NA,NA,NA,"ME0"
"Porites_compressa_HIv1___RNAseq.g4422.t1",0,1,0,NA,NA,NA,NA,"ME0"
"Porites_compressa_HIv1___RNAseq.g20919.t1",0,0,1,NA,NA,NA,NA,"ME0"
"Porites_compressa_HIv1___RNAseq.g20920.t1",0,0,1,NA,NA,NA,NA,"ME1"
"Porites_compressa_HIv1___RNAseq.g20921.t1",1,0,0,0.000631798119768351,"Monotonous",5,0.896693250621826,"ME1"
"Porites_compressa_HIv1___RNAseq.g20923.t1b",1,1,1,8.70222741858034e-08,"Monotonous",3,0.604665409891064,"ME4"
"Porites_compressa_HIv1___RNAseq.g20924.t1",1,0,0,4.07121174539524e-05,"Other",1,0.863243526718047,"ME12"
"Porites_compressa_HIv1___RNAseq.g20933.t1",1,1,0,1.93111085739725e-09,"Transient",5,0.906728109818412,"ME1"
"Porites_compressa_HIv1___RNAseq.g20934.t2",1,1,0,0.00164813397177454,"Transient",4,0.899482212959514,"ME0"
"Porites_compressa_HIv1___TS.g37254.t1",0,0,1,0.0340361466055408,"Other",NA,NA,"ME1"
"Porites_compressa_HIv1___RNAseq.12682_t",0,1,0,2.86499552192635e-26,"Monotonous",2,0.979797363025058,"ME2"
"Porites_compressa_HIv1___RNAseq.g20951.t1",0,1,0,NA,NA,NA,NA,"ME4"
"Porites_compressa_HIv1___RNAseq.g20952.t1",1,1,0,0.00185108277412237,"Monotonous",2,0.870990585559572,"ME2"
"Porites_compressa_HIv1___RNAseq.g20957.t1",1,0,0,0.0157634005825339,"Other",2,0.51069446999111,"ME4"
"Porites_compressa_HIv1___RNAseq.g20946.t1",0,3,0,NA,NA,NA,NA,"ME0"
"Porites_compressa_HIv1___RNAseq.g20972.t2",0,0,1,NA,NA,NA,NA,"ME0"
"Porites_compressa_HIv1___TS.g37277.t1",0,1,0,NA,NA,NA,NA,"ME0"
"Porites_compressa_HIv1___RNAseq.g20959.t1",1,0,0,1.73423104124813e-05,"Transient",5,0.752823867155078,"ME1"
"Porites_compressa_HIv1___RNAseq.g20962.t1",1,0,1,NA,NA,NA,NA,"ME0"
"Porites_compressa_HIv1___RNAseq.g20970.t1",1,0,0,NA,NA,NA,NA,"ME10"
"Porites_compressa_HIv1___RNAseq.g20987.t1",0,0,1,NA,NA,NA,NA,"ME0"
"Porites_compressa_HIv1___RNAseq.g20988.t1",0,1,2,2.22845524482828e-05,"Monotonous",3,0.586231516738773,"ME4"
"Porites_compressa_HIv1___RNAseq.g20992.t1",0,1,0,NA,NA,NA,NA,"ME0"
"Porites_compressa_HIv1___TS.g7749.t1",0,0,1,NA,NA,NA,NA,"ME7"
"Porites_compressa_HIv1___RNAseq.g4469.t1",0,0,1,NA,NA,NA,NA,"ME7"
"Porites_compressa_HIv1___TS.g7763.t1",1,0,0,0.0268863800924803,"Other",NA,NA,"ME4"
"Porites_compressa_HIv1___TS.g7788.t1",1,0,0,NA,NA,NA,NA,"ME0"
"Porites_compressa_HIv1___RNAseq.g4568.t1b",1,0,0,NA,NA,NA,NA,"ME0"
"Porites_compressa_HIv1___RNAseq.g4569.t1c",1,1,0,NA,NA,NA,NA,"ME0"
"Porites_compressa_HIv1___RNAseq.g4486.t1",0,0,1,NA,NA,NA,NA,"ME0"
"Porites_compressa_HIv1___RNAseq.g4487.t1",0,1,0,NA,NA,NA,NA,"ME0"
"Porites_compressa_HIv1___RNAseq.g4488.t1",0,1,0,NA,NA,NA,NA,"ME1"
"Porites_compressa_HIv1___RNAseq.g4491.t1",0,1,0,0.0383331474820614,"Other",4,0.888132478011635,"ME3"
"Porites_compressa_HIv1___RNAseq.g4495.t1",0,0,1,NA,NA,NA,NA,"ME4"
"Porites_compressa_HIv1___TS.g7782.t1",1,0,0,NA,NA,NA,NA,"ME4"
"Porites_compressa_HIv1___RNAseq.g4501.t1",0,0,1,NA,NA,NA,NA,"ME0"
"Porites_compressa_HIv1___TS.g7797.t1",0,1,0,NA,NA,NA,NA,"ME1"
"Porites_compressa_HIv1___RNAseq.g4514.t1c",1,0,0,NA,NA,NA,NA,"ME1"
"Porites_compressa_HIv1___RNAseq.g4519.t1",0,1,0,NA,NA,NA,NA,"ME0"
"Porites_compressa_HIv1___TS.g7805.t1",0,1,0,NA,NA,NA,NA,"ME0"
"Porites_compressa_HIv1___RNAseq.g4530.t1",1,0,0,NA,NA,NA,NA,"ME0"
"Porites_compressa_HIv1___RNAseq.g4531.t1",2,0,0,NA,NA,NA,NA,"ME27"
"Porites_compressa_HIv1___RNAseq.g4535.t1",0,4,0,NA,NA,NA,NA,"ME0"
"Porites_compressa_HIv1___RNAseq.g4538.t1",1,1,0,NA,NA,NA,NA,"ME15"
"Porites_compressa_HIv1___RNAseq.g4540.t1",1,0,0,NA,NA,NA,NA,"ME0"
"Porites_compressa_HIv1___RNAseq.g4542.t1",0,2,0,0.0247215093351211,"Other",1,0.924046290328538,"ME0"
"Porites_compressa_HIv1___TS.g7829.t1",0,0,1,NA,NA,NA,NA,"ME0"
"Porites_compressa_HIv1___RNAseq.g4548.t1",0,0,1,0.0202449132320043,"Other",NA,NA,"ME5"
"Porites_compressa_HIv1___RNAseq.g4549.t1",0,1,0,NA,NA,NA,NA,"ME0"
"Porites_compressa_HIv1___RNAseq.g4572.t1",1,0,0,NA,NA,NA,NA,"ME0"
"Porites_compressa_HIv1___RNAseq.g21110.t1",0,0,1,NA,NA,NA,NA,"ME3"
"Porites_compressa_HIv1___RNAseq.g21113.t1b",1,0,0,NA,NA,NA,NA,"ME0"
"Porites_compressa_HIv1___RNAseq.g21123.t1",1,1,0,NA,NA,NA,NA,"ME0"
"Porites_compressa_HIv1___RNAseq.g21124.t1",1,1,0,NA,NA,NA,NA,"ME0"
"Porites_compressa_HIv1___RNAseq.g21136.t1",1,0,0,NA,NA,NA,NA,"ME0"
"Porites_compressa_HIv1___RNAseq.g21130.t1",1,0,0,0.00228628498864869,"Other",6,0.695147942828625,"ME1"
"Porites_compressa_HIv1___TS.g37368.t1",0,0,1,NA,NA,NA,NA,"ME1"
"Porites_compressa_HIv1___RNAseq.g21081.t1",0,0,1,NA,NA,NA,NA,"ME0"
"Porites_compressa_HIv1___RNAseq.g20999.t1",1,1,1,NA,NA,NA,NA,"ME1"
"Porites_compressa_HIv1___RNAseq.g21036.t1",1,0,0,0.0171395480261087,"Transient",5,0.920193683087482,"ME1"
"Porites_compressa_HIv1___TS.g37358.t1",0,1,1,NA,NA,NA,NA,"ME11"
"Porites_compressa_HIv1___RNAseq.g21048.t1",0,2,0,NA,NA,NA,NA,"ME4"
"Porites_compressa_HIv1___RNAseq.g21057.t1",0,1,0,NA,NA,NA,NA,"ME0"
"Porites_compressa_HIv1___RNAseq.g21061.t1",0,1,0,NA,NA,NA,NA,"ME6"
"Porites_compressa_HIv1___RNAseq.12816_t",1,0,0,0.000214036401370422,"Monotonous",2,0.911592343641452,"ME2"
"Porites_compressa_HIv1___TS.g37389.t4",1,1,1,NA,NA,NA,NA,"ME4"
"Porites_compressa_HIv1___RNAseq.g21071.t1",1,0,0,0.0252855024520695,"Other",3,0.656568867568383,"ME4"
"Porites_compressa_HIv1___RNAseq.g21072.t1",0,0,1,0.0108741809268243,"Other",4,0.673192701203802,"ME0"
"Porites_compressa_HIv1___TS.g37392.t1",1,0,0,4.29270164267501e-05,"Monotonous",1,0.909713930249013,"ME12"
"Porites_compressa_HIv1___RNAseq.g21097.t1",0,0,1,0.000507893813977279,"Monotonous",6,0.93113613066964,"ME1"
"Porites_compressa_HIv1___TS.g37420.t2",1,0,0,NA,NA,NA,NA,"ME0"
"Porites_compressa_HIv1___TS.g37528.t1",0,1,0,NA,NA,NA,NA,"ME0"
"Porites_compressa_HIv1___RNAseq.g21197.t1",1,0,0,NA,NA,NA,NA,"ME1"
"Porites_compressa_HIv1___RNAseq.g21187.t1",2,0,1,NA,NA,NA,NA,"ME0"
"Porites_compressa_HIv1___RNAseq.g21190.t1",1,0,0,NA,NA,NA,NA,"ME2"
"Porites_compressa_HIv1___RNAseq.g21192.t1",0,1,0,0.0293004939833281,"Transient",4,0.884405895808611,"ME3"
"Porites_compressa_HIv1___TS.g37596.t1b",1,0,0,NA,NA,NA,NA,"ME0"
"Porites_compressa_HIv1___RNAseq.g21151.t1",0,0,1,NA,NA,NA,NA,"ME6"
"Porites_compressa_HIv1___RNAseq.g21143.t1",1,0,0,NA,NA,NA,NA,"ME2"
"Porites_compressa_HIv1___RNAseq.g21153.t1",0,1,0,NA,NA,NA,NA,"ME1"
"Porites_compressa_HIv1___TS.g37479.t1",1,0,0,NA,NA,NA,NA,"ME1"
"Porites_compressa_HIv1___RNAseq.g21158.t1",0,0,1,0.000895788107317927,"Monotonous",NA,NA,"ME0"
"Porites_compressa_HIv1___RNAseq.g21159.t1",0,0,1,NA,NA,NA,NA,"ME4"
"Porites_compressa_HIv1___RNAseq.12927_t",0,0,1,NA,NA,NA,NA,"ME0"
"Porites_compressa_HIv1___RNAseq.g21161.t1",0,0,1,NA,NA,NA,NA,"ME16"
"Porites_compressa_HIv1___RNAseq.g21162.t1",1,0,0,NA,NA,NA,NA,"ME0"
"Porites_compressa_HIv1___RNAseq.g21163.t1",0,1,0,NA,NA,NA,NA,"ME0"
"Porites_compressa_HIv1___RNAseq.g21164.t1",0,0,1,0.0372562270000389,"Transient",4,0.614215298668257,"ME0"
"Porites_compressa_HIv1___RNAseq.g21166.t1",0,1,0,NA,NA,NA,NA,"ME0"
"Porites_compressa_HIv1___RNAseq.g21169.t1",0,1,0,NA,NA,NA,NA,"ME0"
"Porites_compressa_HIv1___RNAseq.g21178.t1",1,0,0,0.0234006966820273,"Other",1,0.855119312110896,"ME1"
"Porites_compressa_HIv1___RNAseq.g826.t1",1,0,0,0.0114860176250435,"Other",4,0.581088647638598,"ME0"
"Porites_compressa_HIv1___RNAseq.g837.t1",0,1,0,NA,NA,NA,NA,"ME0"
"Porites_compressa_HIv1___RNAseq.g832.t1",0,0,1,NA,NA,NA,NA,"ME0"
"Porites_compressa_HIv1___RNAseq.g840.t1",1,0,0,0.000144531192855782,"Transient",5,0.77150582399017,"ME1"
"Porites_compressa_HIv1___RNAseq.g841.t1",0,0,1,NA,NA,NA,NA,"ME0"
"Porites_compressa_HIv1___RNAseq.g845.t1",0,1,0,NA,NA,NA,NA,"ME6"
"Porites_compressa_HIv1___TS.g37601.t1b",1,1,0,NA,NA,NA,NA,"ME0"
"Porites_compressa_HIv1___TS.g37606.t1",1,0,0,NA,NA,NA,NA,"ME0"
"Porites_compressa_HIv1___RNAseq.g21284.t1a",1,0,0,NA,NA,NA,NA,"ME21"
"Porites_compressa_HIv1___RNAseq.g21284.t1c",1,0,0,NA,NA,NA,NA,"ME0"
"Porites_compressa_HIv1___RNAseq.g21285.t1",1,0,0,0.0283751432517023,"Other",NA,NA,"ME0"
"Porites_compressa_HIv1___RNAseq.g21288.t1",1,0,0,NA,NA,NA,NA,"ME4"
"Porites_compressa_HIv1___TS.g37616.t1",1,0,0,NA,NA,NA,NA,"ME0"
"Porites_compressa_HIv1___RNAseq.g21292.t1",0,0,1,NA,NA,NA,NA,"ME10"
"Porites_compressa_HIv1___RNAseq.g21295.t1",1,0,0,0.00918402509116287,"Other",6,0.573751882030723,"ME1"
"Porites_compressa_HIv1___RNAseq.g21296.t1",0,1,0,NA,NA,NA,NA,"ME3"
"Porites_compressa_HIv1___RNAseq.g21297.t1",0,1,0,NA,NA,NA,NA,"ME0"
"Porites_compressa_HIv1___RNAseq.g21298.t1",0,0,1,NA,NA,NA,NA,"ME4"
"Porites_compressa_HIv1___TS.g37636.t1",0,0,1,NA,NA,NA,NA,"ME1"
"Porites_compressa_HIv1___RNAseq.g21311.t2",1,0,0,0.00776714592984976,"Other",6,0.552444230271342,"ME1"
"Porites_compressa_HIv1___RNAseq.g21312.t4b",1,0,0,NA,NA,NA,NA,"ME3"
"Porites_compressa_HIv1___RNAseq.13089_t",1,0,0,NA,NA,NA,NA,"ME0"
"Porites_compressa_HIv1___RNAseq.g883.t1",1,0,0,0.00110694823238653,"Other",6,0.788439615754102,"ME1"
"Porites_compressa_HIv1___RNAseq.g873.t1",1,0,0,NA,NA,NA,NA,"ME0"
"Porites_compressa_HIv1___RNAseq.g859.t1",1,0,0,NA,NA,NA,NA,"ME4"
"Porites_compressa_HIv1___RNAseq.g864.t1",1,1,0,NA,NA,NA,NA,"ME4"
"Porites_compressa_HIv1___RNAseq.g868.t1",2,0,0,NA,NA,NA,NA,"ME0"
"Porites_compressa_HIv1___RNAseq.g869.t1",2,0,0,NA,NA,NA,NA,"ME0"
"Porites_compressa_HIv1___RNAseq.g962.t1",0,0,1,NA,NA,NA,NA,"ME0"
"Porites_compressa_HIv1___RNAseq.g966.t1",0,1,0,NA,NA,NA,NA,"ME4"
"Porites_compressa_HIv1___TS.g20930.t1",0,2,0,NA,NA,NA,NA,"ME1"
"Porites_compressa_HIv1___TS.g20891.t1",0,1,1,NA,NA,NA,NA,"ME0"
"Porites_compressa_HIv1___RNAseq.g937.t1",0,1,0,0.0112457190022073,"Other",1,0.86737559334943,"ME0"
"Porites_compressa_HIv1___RNAseq.g885.t1",0,1,0,NA,NA,NA,NA,"ME1"
"Porites_compressa_HIv1___RNAseq.g887.t1",0,1,0,0.00590350849353481,"Monotonous",6,0.823442627984398,"ME1"
"Porites_compressa_HIv1___RNAseq.g891.t1",1,0,0,NA,NA,NA,NA,"ME0"
"Porites_compressa_HIv1___RNAseq.g895.t1",2,0,0,NA,NA,NA,NA,"ME0"
"Porites_compressa_HIv1___RNAseq.g897.t1",1,0,0,NA,NA,NA,NA,"ME1"
"Porites_compressa_HIv1___RNAseq.g898.t1",1,0,0,NA,NA,NA,NA,"ME1"
"Porites_compressa_HIv1___RNAseq.g907.t1",0,1,0,NA,NA,NA,NA,"ME0"
"Porites_compressa_HIv1___RNAseq.g908.t1",0,1,0,NA,NA,NA,NA,"ME0"
"Porites_compressa_HIv1___RNAseq.g913.t1",0,1,0,NA,NA,NA,NA,"ME1"
"Porites_compressa_HIv1___RNAseq.g918.t1",0,1,0,NA,NA,NA,NA,"ME0"
"Porites_compressa_HIv1___RNAseq.g919.t1",1,0,0,NA,NA,NA,NA,"ME5"
"Porites_compressa_HIv1___RNAseq.g928.t1",0,1,0,NA,NA,NA,NA,"ME0"
"Porites_compressa_HIv1___RNAseq.g930.t1",0,2,0,NA,NA,NA,NA,"ME3"
"Porites_compressa_HIv1___RNAseq.g932.t1",1,0,0,NA,NA,NA,NA,"ME0"
"Porites_compressa_HIv1___RNAseq.g935.t1",0,1,0,NA,NA,NA,NA,"ME0"
"Porites_compressa_HIv1___RNAseq.g941.t1",0,0,1,NA,NA,NA,NA,"ME4"
"Porites_compressa_HIv1___TS.g20900.t1",0,1,0,0.00198672302864243,"Other",5,0.900756788342214,"ME7"
"Porites_compressa_HIv1___RNAseq.g943.t1",0,0,1,NA,NA,NA,NA,"ME1"
"Porites_compressa_HIv1___RNAseq.g945.t1",0,0,1,NA,NA,NA,NA,"ME1"
"Porites_compressa_HIv1___RNAseq.g947.t1",0,0,1,NA,NA,NA,NA,"ME1"
"Porites_compressa_HIv1___RNAseq.g1138.t1",0,0,1,0.00510527661362008,"Monotonous",2,0.717961799458551,"ME2"
"Porites_compressa_HIv1___RNAseq.g1139.t1",0,1,0,NA,NA,NA,NA,"ME0"
"Porites_compressa_HIv1___TS.g21094.t1",1,0,0,NA,NA,NA,NA,"ME2"
"Porites_compressa_HIv1___RNAseq.g1151.t1",0,1,0,NA,NA,NA,NA,"ME0"
"Porites_compressa_HIv1___RNAseq.g1152.t1",0,1,0,NA,NA,NA,NA,"ME14"
"Porites_compressa_HIv1___RNAseq.g1103.t1",2,0,0,NA,NA,NA,NA,"ME0"
"Porites_compressa_HIv1___RNAseq.g1114.t1",1,0,0,NA,NA,NA,NA,"ME0"
"Porites_compressa_HIv1___RNAseq.g1128.t1",1,0,0,7.07714087726317e-05,"Monotonous",1,0.654590366262909,"ME10"
"Porites_compressa_HIv1___RNAseq.g1137.t3",1,0,0,NA,NA,NA,NA,"ME0"
"Porites_compressa_HIv1___RNAseq.g1006.t1",1,0,0,NA,NA,NA,NA,"ME0"
"Porites_compressa_HIv1___RNAseq.g1071.t1",0,0,1,NA,NA,NA,NA,"ME1"
"Porites_compressa_HIv1___RNAseq.g1095.t1",1,0,1,NA,NA,NA,NA,"ME0"
"Porites_compressa_HIv1___RNAseq.g970.t1",0,0,1,3.72419371676305e-05,"Transient",1,0.784378416095952,"ME0"
"Porites_compressa_HIv1___RNAseq.g971.t1",1,0,0,0.00329750794263331,"Other",5,0.791035606749428,"ME1"
"Porites_compressa_HIv1___RNAseq.g983.t1",1,0,0,NA,NA,NA,NA,"ME0"
"Porites_compressa_HIv1___TS.g20958.t1",0,0,1,NA,NA,NA,NA,"ME0"
"Porites_compressa_HIv1___RNAseq.g999.t1",0,0,1,NA,NA,NA,NA,"ME0"
"Porites_compressa_HIv1___TS.g20960.t1",0,0,1,NA,NA,NA,NA,"ME0"
"Porites_compressa_HIv1___RNAseq.g1007.t1",1,0,0,0.00230526892136887,"Monotonous",1,0.709944517780359,"ME12"
"Porites_compressa_HIv1___RNAseq.g1008.t2",0,1,0,NA,NA,NA,NA,"ME0"
"Porites_compressa_HIv1___RNAseq.g1013.t1",0,3,0,3.08305643019708e-13,"Monotonous",1,0.865418152816915,"ME12"
"Porites_compressa_HIv1___RNAseq.g1033.t1",2,0,0,NA,NA,NA,NA,"ME0"
"Porites_compressa_HIv1___RNAseq.g1035.t1",2,0,0,NA,NA,NA,NA,"ME0"
"Porites_compressa_HIv1___RNAseq.g1042.t1",2,0,0,NA,NA,NA,NA,"ME0"
"Porites_compressa_HIv1___TS.g21003.t1",0,1,0,NA,NA,NA,NA,"ME1"
"Porites_compressa_HIv1___TS.g21013.t1b",0,0,1,NA,NA,NA,NA,"ME0"
"Porites_compressa_HIv1___RNAseq.g1058.t1",1,0,0,NA,NA,NA,NA,"ME8"
"Porites_compressa_HIv1___RNAseq.g1059.t1",2,0,0,0.000144455036694346,"Transient",4,0.672488664506787,"ME0"
"Porites_compressa_HIv1___TS.g21017.t1",0,1,0,NA,NA,NA,NA,"ME27"
"Porites_compressa_HIv1___RNAseq.g1063.t1",0,1,0,0.000378318232072833,"Monotonous",1,0.834415372479607,"ME2"
"Porites_compressa_HIv1___RNAseq.g1076.t1",0,1,0,0.0233238706466512,"Other",3,0.53460804320477,"ME0"
"Porites_compressa_HIv1___RNAseq.g1080.t1",1,1,0,NA,NA,NA,NA,"ME11"
"Porites_compressa_HIv1___RNAseq.g1081.t1",0,1,0,NA,NA,NA,NA,"ME0"
"Porites_compressa_HIv1___TS.g21039.t1",1,0,0,0.0156238759043155,"Other",6,0.591840796076322,"ME1"
"Porites_compressa_HIv1___RNAseq.g1096.t1",1,0,0,NA,NA,NA,NA,"ME0"
"Porites_compressa_HIv1___RNAseq.g1097.t2",1,0,0,NA,NA,NA,NA,"ME0"
"Porites_compressa_HIv1___TS.g23964.t1",0,1,0,NA,NA,NA,NA,"ME0"
"Porites_compressa_HIv1___RNAseq.g381.t1",1,0,0,NA,NA,NA,NA,"ME0"
"Porites_compressa_HIv1___RNAseq.g382.t1",1,0,0,0.000713899931366759,"Transient",4,0.902421376815709,"ME3"
"Porites_compressa_HIv1___RNAseq.g1169.t1",0,1,0,NA,NA,NA,NA,"ME7"
"Porites_compressa_HIv1___RNAseq.g1182.t1",0,2,0,NA,NA,NA,NA,"ME0"
"Porites_compressa_HIv1___RNAseq.g1155.t1",0,1,0,0.0468449994810303,"Other",6,0.708377099276004,"ME1"
"Porites_compressa_HIv1___RNAseq.g1156.t1",1,0,0,0.0148482219654761,"Other",3,0.906942480150027,"ME3"
"Porites_compressa_HIv1___RNAseq.g1157.t1",0,0,1,1.24104587689043e-10,"Monotonous",2,0.908782990770533,"ME2"
"Porites_compressa_HIv1___RNAseq.g1158.t1",1,0,0,NA,NA,NA,NA,"ME6"
"Porites_compressa_HIv1___RNAseq.g1159.t1",0,0,1,NA,NA,NA,NA,"ME2"
"Porites_compressa_HIv1___RNAseq.g1164.t1",0,0,1,0.0011593418709724,"Transient",NA,NA,"ME3"
"Porites_compressa_HIv1___RNAseq.g1167.t1",0,1,0,0.0307954281539651,"Other",NA,NA,"ME0"
"Porites_compressa_HIv1___RNAseq.g1170.t2",1,0,0,NA,NA,NA,NA,"ME0"
"Porites_compressa_HIv1___RNAseq.g1176.t1",0,0,1,0.000327787353483887,"Other",2,0.557649742136262,"ME4"
"Porites_compressa_HIv1___RNAseq.g1180.t1",1,0,0,NA,NA,NA,NA,"ME0"
"Porites_compressa_HIv1___RNAseq.g1192.t1",0,1,0,0.016259278253851,"Transient",3,0.970655651106554,"ME3"
"Porites_compressa_HIv1___RNAseq.g1194.t1",1,0,0,NA,NA,NA,NA,"ME1"
"Porites_compressa_HIv1___RNAseq.g1199.t1",1,0,0,0.00020961582480147,"Other",NA,NA,"ME4"
"Porites_compressa_HIv1___RNAseq.g1202.t1",1,0,0,0.029953577086181,"Other",NA,NA,"ME0"
"Porites_compressa_HIv1___RNAseq.g1205.t1",0,2,0,NA,NA,NA,NA,"ME0"
"Porites_compressa_HIv1___RNAseq.g1208.t1",1,1,0,0.02544302486613,"Other",2,0.569044728144125,"ME4"
"Porites_compressa_HIv1___RNAseq.g1213.t1",0,1,0,0.00331147007507205,"Monotonous",2,0.544355269959976,"ME4"
"Porites_compressa_HIv1___RNAseq.g1215.t1",1,0,1,0.00920870757236487,"Other",5,0.854808150897816,"ME1"
"Porites_compressa_HIv1___TS.g21165.t1",1,0,1,NA,NA,NA,NA,"ME1"
"Porites_compressa_HIv1___RNAseq.g659.t1",1,0,0,NA,NA,NA,NA,"ME2"
"Porites_compressa_HIv1___RNAseq.g660.t1a",0,1,0,NA,NA,NA,NA,"ME0"
"Porites_compressa_HIv1___RNAseq.g665.t1",0,0,1,NA,NA,NA,NA,"ME0"
"Porites_compressa_HIv1___RNAseq.g707.t1",0,0,1,1.04849578390713e-05,"Transient",3,0.838622332955137,"ME3"
"Porites_compressa_HIv1___RNAseq.g708.t1",1,0,0,NA,NA,NA,NA,"ME1"
"Porites_compressa_HIv1___TS.g24260.t1",0,1,0,NA,NA,NA,NA,"ME21"
"Porites_compressa_HIv1___TS.g24252.t1",1,0,0,NA,NA,NA,NA,"ME18"
"Porites_compressa_HIv1___TS.g24255.t1",1,0,0,0.019236237905671,"Other",NA,NA,"ME0"
"Porites_compressa_HIv1___RNAseq.g673.t1",0,0,2,0.00449800124980037,"Other",1,0.510465218076239,"ME5"
"Porites_compressa_HIv1___RNAseq.g674.t1",0,1,0,0.000609466140547236,"Monotonous",2,0.629591928547708,"ME5"
"Porites_compressa_HIv1___RNAseq.g681.t1b",0,1,0,0.00276355837157354,"Other",5,0.843106370914101,"ME1"
"Porites_compressa_HIv1___RNAseq.g681.t1c",0,1,0,0.0237711785052836,"Other",3,0.518715372333561,"ME10"
"Porites_compressa_HIv1___TS.g24266.t1",1,0,0,NA,NA,NA,NA,"ME1"
"Porites_compressa_HIv1___RNAseq.g690.t1",0,1,0,0.0241654774838933,"Other",1,0.62977727872119,"ME10"
"Porites_compressa_HIv1___RNAseq.g695.t2",1,2,0,0.0384237781216115,"Other",6,0.810905488041217,"ME1"
"Porites_compressa_HIv1___RNAseq.g702.t1",1,0,0,0.0168255413592542,"Other",2,0.593466306391521,"ME4"
"Porites_compressa_HIv1___TS.g24289.t1",0,1,0,NA,NA,NA,NA,"ME0"
"Porites_compressa_HIv1___RNAseq.g705.t1",0,1,0,NA,NA,NA,NA,"ME0"
"Porites_compressa_HIv1___RNAseq.g728.t1",1,0,0,NA,NA,NA,NA,"ME0"
"Porites_compressa_HIv1___RNAseq.g747.t1",1,0,0,0.0129709020853318,"Other",2,0.667001346583798,"ME4"
"Porites_compressa_HIv1___TS.g24347.t1",1,0,0,NA,NA,NA,NA,"ME0"
"Porites_compressa_HIv1___RNAseq.g769.t1",0,1,0,NA,NA,NA,NA,"ME4"
"Porites_compressa_HIv1___RNAseq.g724.t1",0,1,0,NA,NA,NA,NA,"ME0"
"Porites_compressa_HIv1___TS.g24324.t1",1,0,0,NA,NA,NA,NA,"ME0"
"Porites_compressa_HIv1___RNAseq.g754.t1",1,0,0,NA,NA,NA,NA,"ME1"
"Porites_compressa_HIv1___TS.g24345.t1",0,1,1,0.0228419328714795,"Other",4,0.589064456034107,"ME0"
"Porites_compressa_HIv1___RNAseq.g766.t1",0,0,1,0.0125658629942414,"Transient",5,0.911578274574497,"ME1"
"Porites_compressa_HIv1___RNAseq.g770.t1",2,0,0,0.0021064739866098,"Other",5,0.655008745304112,"ME18"
"Porites_compressa_HIv1___RNAseq.g771.t1",1,0,0,0.00320602065465455,"Other",5,0.73754956486005,"ME1"
"Porites_compressa_HIv1___RNAseq.13848_t",1,0,0,NA,NA,NA,NA,"ME1"
"Porites_compressa_HIv1___TS.g24367.t1",1,0,0,0.0416446101314598,"Other",6,0.520020290833221,"ME8"
"Porites_compressa_HIv1___RNAseq.g793.t1",1,0,1,NA,NA,NA,NA,"ME5"
"Porites_compressa_HIv1___RNAseq.g794.t1",0,0,1,NA,NA,NA,NA,"ME3"
"Porites_compressa_HIv1___RNAseq.g795.t1",0,1,0,NA,NA,NA,NA,"ME1"
"Porites_compressa_HIv1___RNAseq.g800.t1",1,0,0,NA,NA,NA,NA,"ME0"
"Porites_compressa_HIv1___RNAseq.g802.t1b",1,1,0,NA,NA,NA,NA,"ME0"
"Porites_compressa_HIv1___TS.g23973.t1",0,0,1,NA,NA,NA,NA,"ME0"
"Porites_compressa_HIv1___RNAseq.g414.t1",0,0,1,NA,NA,NA,NA,"ME0"
"Porites_compressa_HIv1___TS.g24021.t1",0,1,0,NA,NA,NA,NA,"ME0"
"Porites_compressa_HIv1___RNAseq.g467.t1",0,0,1,NA,NA,NA,NA,"ME0"
"Porites_compressa_HIv1___RNAseq.g470.t1",2,0,0,NA,NA,NA,NA,"ME4"
"Porites_compressa_HIv1___RNAseq.g479.t1",0,1,0,NA,NA,NA,NA,"ME0"
"Porites_compressa_HIv1___RNAseq.g521.t1",1,0,0,NA,NA,NA,NA,"ME2"
"Porites_compressa_HIv1___TS.g24111.t1",0,0,1,0.0372415849192185,"Other",5,0.553393052672561,"ME1"
"Porites_compressa_HIv1___TS.g24115.t1",1,0,0,NA,NA,NA,NA,"ME0"
"Porites_compressa_HIv1___RNAseq.g621.t1",0,1,0,NA,NA,NA,NA,"ME0"
"Porites_compressa_HIv1___RNAseq.g392.t1",0,1,0,NA,NA,NA,NA,"ME8"
"Porites_compressa_HIv1___RNAseq.g395.t1",1,0,0,NA,NA,NA,NA,"ME0"
"Porites_compressa_HIv1___TS.g23980.t1",1,0,1,NA,NA,NA,NA,"ME7"
"Porites_compressa_HIv1___RNAseq.g399.t1",1,1,0,NA,NA,NA,NA,"ME0"
"Porites_compressa_HIv1___RNAseq.g403.t1",1,0,0,0.0102045454097994,"Transient",5,0.891527174505572,"ME1"
"Porites_compressa_HIv1___TS.g23987.t1a",1,1,0,NA,NA,NA,NA,"ME1"
"Porites_compressa_HIv1___TS.g23988.t1",1,0,0,0.023910351465993,"Other",5,0.841453387899044,"ME0"
"Porites_compressa_HIv1___RNAseq.g407.t1",1,0,0,0.00383710884495674,"Transient",5,0.841635426187969,"ME1"
"Porites_compressa_HIv1___RNAseq.g421.t1",2,0,0,NA,NA,NA,NA,"ME17"
"Porites_compressa_HIv1___RNAseq.g423.t1",1,0,0,NA,NA,NA,NA,"ME8"
"Porites_compressa_HIv1___RNAseq.g427.t1",1,0,0,NA,NA,NA,NA,"ME2"
"Porites_compressa_HIv1___RNAseq.g433.t1",0,0,1,NA,NA,NA,NA,"ME0"
"Porites_compressa_HIv1___RNAseq.g435.t1",0,1,0,0.0310550994901473,"Other",2,0.701733589752565,"ME2"
"Porites_compressa_HIv1___RNAseq.g436.t1",1,1,0,NA,NA,NA,NA,"ME0"
"Porites_compressa_HIv1___RNAseq.g457.t1",0,1,0,NA,NA,NA,NA,"ME4"
"Porites_compressa_HIv1___RNAseq.g459.t1",1,0,0,NA,NA,NA,NA,"ME0"
"Porites_compressa_HIv1___RNAseq.g468.t1",0,0,1,NA,NA,NA,NA,"ME0"
"Porites_compressa_HIv1___RNAseq.g472.t1",1,0,0,NA,NA,NA,NA,"ME0"
"Porites_compressa_HIv1___RNAseq.g483.t1",0,1,0,NA,NA,NA,NA,"ME4"
"Porites_compressa_HIv1___RNAseq.g490.t1",0,1,0,NA,NA,NA,NA,"ME5"
"Porites_compressa_HIv1___RNAseq.g491.t1",0,0,1,0.0069556137833274,"Monotonous",2,0.513892254785423,"ME5"
"Porites_compressa_HIv1___RNAseq.g492.t1",1,1,0,2.50610183353853e-08,"Monotonous",2,0.780754701419696,"ME2"
"Porites_compressa_HIv1___RNAseq.g499.t2",1,0,0,NA,NA,NA,NA,"ME3"
"Porites_compressa_HIv1___RNAseq.g500.t1",1,0,0,0.0484581349800775,"Monotonous",3,0.628125511890749,"ME2"
"Porites_compressa_HIv1___RNAseq.g501.t1",1,0,0,NA,NA,NA,NA,"ME0"
"Porites_compressa_HIv1___TS.g24091.t1",1,1,0,NA,NA,NA,NA,"ME0"
"Porites_compressa_HIv1___RNAseq.g503.t1",0,1,0,NA,NA,NA,NA,"ME0"
"Porites_compressa_HIv1___RNAseq.g504.t1",1,0,0,NA,NA,NA,NA,"ME0"
"Porites_compressa_HIv1___TS.g24097.t1",0,0,1,NA,NA,NA,NA,"ME0"
"Porites_compressa_HIv1___RNAseq.g509.t1",0,1,0,NA,NA,NA,NA,"ME9"
"Porites_compressa_HIv1___RNAseq.g510.t1",0,1,0,0.00782449299969266,"Transient",NA,NA,"ME3"
"Porites_compressa_HIv1___RNAseq.g525.t1",1,0,0,NA,NA,NA,NA,"ME0"
"Porites_compressa_HIv1___RNAseq.g527.t1",0,0,1,NA,NA,NA,NA,"ME0"
"Porites_compressa_HIv1___RNAseq.g541.t1",0,1,0,NA,NA,NA,NA,"ME1"
"Porites_compressa_HIv1___RNAseq.g543.t1",0,0,1,NA,NA,NA,NA,"ME1"
"Porites_compressa_HIv1___TS.g24136.t1",0,0,1,NA,NA,NA,NA,"ME4"
"Porites_compressa_HIv1___TS.g24137.t1",1,0,0,NA,NA,NA,NA,"ME0"
"Porites_compressa_HIv1___RNAseq.g555.t1",0,0,1,NA,NA,NA,NA,"ME0"
"Porites_compressa_HIv1___RNAseq.g558.t1",2,0,0,NA,NA,NA,NA,"ME0"
"Porites_compressa_HIv1___RNAseq.g559.t1",0,0,1,0.0363615106091369,"Other",5,0.857520319362319,"ME1"
"Porites_compressa_HIv1___RNAseq.g561.t1",1,0,0,1.31265636196187e-05,"Transient",5,0.729495973363975,"ME1"
"Porites_compressa_HIv1___RNAseq.g574.t1",0,0,1,0.00248559271555074,"Monotonous",2,0.55837386910199,"ME4"
"Porites_compressa_HIv1___RNAseq.g577.t1",2,0,0,NA,NA,NA,NA,"ME0"
"Porites_compressa_HIv1___RNAseq.g578.t1",1,0,0,0.00519164667257687,"Other",3,0.836613126899108,"ME4"
"Porites_compressa_HIv1___RNAseq.g579.t1",1,0,0,0.00135402248738726,"Transient",3,0.522723771467059,"ME3"
"Porites_compressa_HIv1___RNAseq.g588.t1",1,0,0,NA,NA,NA,NA,"ME0"
"Porites_compressa_HIv1___TS.g24174.t1a",0,1,0,0.00203431860117664,"Transient",3,0.70034143000116,"ME3"
"Porites_compressa_HIv1___RNAseq.g598.t1",0,0,1,NA,NA,NA,NA,"ME3"
"Porites_compressa_HIv1___RNAseq.g599.t1",0,0,1,NA,NA,NA,NA,"ME0"
"Porites_compressa_HIv1___RNAseq.g601.t1",1,0,0,NA,NA,NA,NA,"ME2"
"Porites_compressa_HIv1___RNAseq.g603.t1",0,0,1,1.25846841656751e-06,"Monotonous",5,0.985519515879785,"ME1"
"Porites_compressa_HIv1___RNAseq.g604.t1",0,0,1,NA,NA,NA,NA,"ME3"
"Porites_compressa_HIv1___RNAseq.g605.t1",0,2,0,NA,NA,NA,NA,"ME3"
"Porites_compressa_HIv1___RNAseq.g609.t1",1,0,0,NA,NA,NA,NA,"ME0"
"Porites_compressa_HIv1___RNAseq.g611.t1",1,0,0,NA,NA,NA,NA,"ME0"
"Porites_compressa_HIv1___RNAseq.g617.t1",0,0,1,NA,NA,NA,NA,"ME14"
"Porites_compressa_HIv1___RNAseq.g620.t1",0,1,0,0.0245915950952313,"Transient",4,0.790088037332597,"ME3"
"Porites_compressa_HIv1___RNAseq.g622.t1",0,2,0,NA,NA,NA,NA,"ME0"
"Porites_compressa_HIv1___RNAseq.g623.t1",0,0,1,NA,NA,NA,NA,"ME0"
"Porites_compressa_HIv1___RNAseq.g624.t1",0,0,1,0.00331147007507205,"Transient",5,0.956815690511371,"ME1"
"Porites_compressa_HIv1___RNAseq.g640.t1",1,0,0,NA,NA,NA,NA,"ME0"
"Porites_compressa_HIv1___RNAseq.g645.t1",0,0,2,NA,NA,NA,NA,"ME9"
"Porites_compressa_HIv1___RNAseq.g646.t1",0,0,1,NA,NA,NA,NA,"ME0"
"Porites_compressa_HIv1___RNAseq.g652.t1",0,2,2,NA,NA,NA,NA,"ME0"
"Porites_compressa_HIv1___RNAseq.g654.t1",0,2,0,NA,NA,NA,NA,"ME0"
"Porites_compressa_HIv1___TS.g16310.t1a",1,0,0,NA,NA,NA,NA,"ME1"
"Porites_compressa_HIv1___RNAseq.g18268.t1",1,0,0,NA,NA,NA,NA,"ME7"
"Porites_compressa_HIv1___RNAseq.g18190.t1",0,0,1,NA,NA,NA,NA,"ME0"
"Porites_compressa_HIv1___RNAseq.g18229.t1",0,1,0,NA,NA,NA,NA,"ME0"
"Porites_compressa_HIv1___TS.g16218.t2",0,1,0,NA,NA,NA,NA,"ME1"
"Porites_compressa_HIv1___RNAseq.g18179.t1",0,1,0,NA,NA,NA,NA,"ME0"
"Porites_compressa_HIv1___RNAseq.g18183.t1",0,0,1,NA,NA,NA,NA,"ME0"
"Porites_compressa_HIv1___RNAseq.g18205.t1",0,0,1,0.0344070578330351,"Other",4,0.550935276020903,"ME3"
"Porites_compressa_HIv1___RNAseq.g18206.t1",0,2,0,5.46361894983379e-08,"Transient",4,0.953142759213654,"ME3"
"Porites_compressa_HIv1___RNAseq.g18208.t1",1,0,0,0.0155573724419417,"Transient",4,0.731135186274828,"ME3"
"Porites_compressa_HIv1___TS.g16248.t1",1,0,0,4.57522067747588e-05,"Transient",4,0.882738623021018,"ME3"
"Porites_compressa_HIv1___TS.g16250.t1",1,0,0,NA,NA,NA,NA,"ME2"
"Porites_compressa_HIv1___RNAseq.g18219.t1",0,1,0,NA,NA,NA,NA,"ME4"
"Porites_compressa_HIv1___RNAseq.g18222.t1",1,0,0,NA,NA,NA,NA,"ME0"
"Porites_compressa_HIv1___RNAseq.g18224.t1",0,0,1,0.00193052927987181,"Monotonous",3,0.531955618023663,"ME2"
"Porites_compressa_HIv1___RNAseq.g18225.t1",0,0,1,0.00109819083209362,"Monotonous",3,0.826127969324415,"ME3"
"Porites_compressa_HIv1___TS.g16269.t1",1,0,0,NA,NA,NA,NA,"ME0"
"Porites_compressa_HIv1___RNAseq.g18233.t1",1,0,0,NA,NA,NA,NA,"ME0"
"Porites_compressa_HIv1___RNAseq.g18234.t1",0,1,0,NA,NA,NA,NA,"ME0"
"Porites_compressa_HIv1___TS.g16282.t1",0,1,0,NA,NA,NA,NA,"ME6"
"Porites_compressa_HIv1___RNAseq.g18240.t1",1,0,0,NA,NA,NA,NA,"ME1"
"Porites_compressa_HIv1___RNAseq.g18243.t1",1,0,0,NA,NA,NA,NA,"ME1"
"Porites_compressa_HIv1___RNAseq.g18244.t1",1,0,0,NA,NA,NA,NA,"ME7"
"Porites_compressa_HIv1___RNAseq.g18245.t1",0,2,0,NA,NA,NA,NA,"ME0"
"Porites_compressa_HIv1___RNAseq.g18247.t1",1,0,0,NA,NA,NA,NA,"ME0"
"Porites_compressa_HIv1___TS.g16295.t1",0,1,0,NA,NA,NA,NA,"ME0"
"Porites_compressa_HIv1___RNAseq.g18253.t1",1,0,0,NA,NA,NA,NA,"ME0"
"Porites_compressa_HIv1___RNAseq.g18254.t1",2,0,1,NA,NA,NA,NA,"ME0"
"Porites_compressa_HIv1___TS.g16306.t1",0,1,0,NA,NA,NA,NA,"ME22"
"Porites_compressa_HIv1___TS.g16310.t1b",1,0,0,NA,NA,NA,NA,"ME25"
"Porites_compressa_HIv1___RNAseq.g18501.t1c",1,0,0,NA,NA,NA,NA,"ME17"
"Porites_compressa_HIv1___RNAseq.g18509.t1",1,0,0,NA,NA,NA,NA,"ME0"
"Porites_compressa_HIv1___RNAseq.g31466.t1",0,1,0,NA,NA,NA,NA,"ME0"
"Porites_compressa_HIv1___RNAseq.g18530.t1",1,0,0,NA,NA,NA,NA,"ME7"
"Porites_compressa_HIv1___TS.g16575.t1a",1,0,0,NA,NA,NA,NA,"ME0"
"Porites_compressa_HIv1___RNAseq.g18549.t1",1,0,0,NA,NA,NA,NA,"ME0"
"Porites_compressa_HIv1___RNAseq.g18510.t2",1,0,1,NA,NA,NA,NA,"ME0"
"Porites_compressa_HIv1___RNAseq.g18511.t1",1,0,0,NA,NA,NA,NA,"ME0"
"Porites_compressa_HIv1___RNAseq.g18512.t1",0,0,1,NA,NA,NA,NA,"ME8"
"Porites_compressa_HIv1___RNAseq.g18513.t1",0,1,0,NA,NA,NA,NA,"ME4"
"Porites_compressa_HIv1___TS.g16556.t1",0,1,0,NA,NA,NA,NA,"ME1"
"Porites_compressa_HIv1___TS.g16575.t1b",2,0,1,3.83648951582121e-07,"Other",3,0.526411786566984,"ME4"
"Porites_compressa_HIv1___RNAseq.g18545.t1",1,0,0,NA,NA,NA,NA,"ME11"
"Porites_compressa_HIv1___RNAseq.g18548.t1",0,0,1,NA,NA,NA,NA,"ME0"
"Porites_compressa_HIv1___TS.g16599.t1",1,0,0,NA,NA,NA,NA,"ME0"
"Porites_compressa_HIv1___TS.g16603.t1a",1,0,0,0.000585994018408546,"Other",5,0.942153398556061,"ME1"
"Porites_compressa_HIv1___RNAseq.g18568.t1",0,0,1,0.000140777682011771,"Transient",3,0.907331813309906,"ME3"
"Porites_compressa_HIv1___RNAseq.g18579.t1",0,2,0,NA,NA,NA,NA,"ME0"
"Porites_compressa_HIv1___RNAseq.g18582.t1",0,1,0,0.0235015653854466,"Other",3,0.522261663359048,"ME2"
"Porites_compressa_HIv1___RNAseq.g18597.t1",0,0,1,NA,NA,NA,NA,"ME16"
"Porites_compressa_HIv1___RNAseq.g18601.t1",1,0,0,NA,NA,NA,NA,"ME0"
"Porites_compressa_HIv1___RNAseq.g18602.t1",0,0,1,NA,NA,NA,NA,"ME0"
"Porites_compressa_HIv1___TS.g16643.t1",0,1,0,NA,NA,NA,NA,"ME21"
"Porites_compressa_HIv1___TS.g16375.t1",1,0,0,NA,NA,NA,NA,"ME0"
"Porites_compressa_HIv1___TS.g16420.t1",0,0,1,NA,NA,NA,NA,"ME14"
"Porites_compressa_HIv1___TS.g16428.t1",0,0,1,NA,NA,NA,NA,"ME0"
"Porites_compressa_HIv1___RNAseq.g18389.t1",0,1,0,NA,NA,NA,NA,"ME0"
"Porites_compressa_HIv1___RNAseq.g18398.t1b",2,0,0,NA,NA,NA,NA,"ME1"
"Porites_compressa_HIv1___RNAseq.g18444.t1",0,0,1,NA,NA,NA,NA,"ME0"
"Porites_compressa_HIv1___TS.g16315.t1",0,1,0,NA,NA,NA,NA,"ME0"
"Porites_compressa_HIv1___RNAseq.g18272.t1",0,0,1,NA,NA,NA,NA,"ME0"
"Porites_compressa_HIv1___RNAseq.g18273.t1",0,1,0,NA,NA,NA,NA,"ME19"
"Porites_compressa_HIv1___RNAseq.g18282.t1",0,1,0,NA,NA,NA,NA,"ME19"
"Porites_compressa_HIv1___RNAseq.g18322.t1",0,1,0,NA,NA,NA,NA,"ME6"
"Porites_compressa_HIv1___RNAseq.g18330.t1",1,0,0,0.0393513239705007,"Other",3,0.817244915316191,"ME3"
"Porites_compressa_HIv1___RNAseq.g18331.t1",1,0,0,NA,NA,NA,NA,"ME0"
"Porites_compressa_HIv1___RNAseq.g18334.t1",2,0,0,NA,NA,NA,NA,"ME0"
"Porites_compressa_HIv1___RNAseq.g18346.t1",1,0,0,NA,NA,NA,NA,"ME13"
"Porites_compressa_HIv1___RNAseq.g18349.t1",0,1,0,0.032828342050577,"Monotonous",2,0.808736378495329,"ME5"
"Porites_compressa_HIv1___RNAseq.g18350.t1",0,0,1,NA,NA,NA,NA,"ME5"
"Porites_compressa_HIv1___TS.g16402.t1",1,0,0,NA,NA,NA,NA,"ME0"
"Porites_compressa_HIv1___RNAseq.g18353.t1",0,1,0,0.0189367664170821,"Monotonous",2,0.644312625493315,"ME22"
"Porites_compressa_HIv1___RNAseq.g18358.t1",1,0,0,NA,NA,NA,NA,"ME27"
"Porites_compressa_HIv1___RNAseq.g18359.t1",0,1,0,NA,NA,NA,NA,"ME0"
"Porites_compressa_HIv1___TS.g16412.t1",0,1,0,NA,NA,NA,NA,"ME1"
"Porites_compressa_HIv1___RNAseq.g18365.t1",1,0,0,0.0202407625787753,"Other",1,0.717291062400847,"ME2"
"Porites_compressa_HIv1___RNAseq.g18367.t1",1,0,0,NA,NA,NA,NA,"ME2"
"Porites_compressa_HIv1___RNAseq.g18401.t1",2,0,0,0.00128891825949567,"Transient",6,0.703666909318846,"ME1"
"Porites_compressa_HIv1___RNAseq.g18417.t1",1,0,0,NA,NA,NA,NA,"ME0"
"Porites_compressa_HIv1___RNAseq.g18426.t1",1,0,1,0.00529081458000427,"Monotonous",1,0.624777415790396,"ME12"
"Porites_compressa_HIv1___RNAseq.g31821.t1",1,0,0,NA,NA,NA,NA,"ME0"
"Porites_compressa_HIv1___RNAseq.g31822.t1",1,0,0,0.00873256146555094,"Transient",3,0.685578951075766,"ME3"
"Porites_compressa_HIv1___TS.g19768.t1",1,0,0,NA,NA,NA,NA,"ME4"
"Porites_compressa_HIv1___RNAseq.g31496.t1b",0,1,0,NA,NA,NA,NA,"ME0"
"Porites_compressa_HIv1___TS.g19899.t1",0,1,0,NA,NA,NA,NA,"ME0"
"Porites_compressa_HIv1___TS.g19902.t1",1,0,0,NA,NA,NA,NA,"ME0"
"Porites_compressa_HIv1___TS.g19981.t1",0,1,0,NA,NA,NA,NA,"ME7"
"Porites_compressa_HIv1___RNAseq.g31677.t1",1,0,0,NA,NA,NA,NA,"ME7"
"Porites_compressa_HIv1___TS.g20056.t1",1,0,0,NA,NA,NA,NA,"ME0"
"Porites_compressa_HIv1___RNAseq.g31785.t1",1,0,0,NA,NA,NA,NA,"ME0"
"Porites_compressa_HIv1___RNAseq.g31788.t1",1,0,0,NA,NA,NA,NA,"ME0"
"Porites_compressa_HIv1___RNAseq.14335_t",0,1,0,NA,NA,NA,NA,"ME0"
"Porites_compressa_HIv1___TS.g19772.t2a",2,1,0,0.00160620810951545,"Monotonous",5,0.507771237862056,"ME1"
"Porites_compressa_HIv1___RNAseq.g31476.t1",3,1,0,NA,NA,NA,NA,"ME5"
"Porites_compressa_HIv1___RNAseq.g31477.t1",1,0,1,0.00391789555777155,"Monotonous",2,0.568625535784093,"ME2"
"Porites_compressa_HIv1___RNAseq.g31480.t1",1,0,0,1.39162484458434e-06,"Monotonous",2,0.866202901514492,"ME2"
"Porites_compressa_HIv1___RNAseq.g31485.t1",1,0,0,NA,NA,NA,NA,"ME26"
"Porites_compressa_HIv1___RNAseq.g31488.t1",1,0,1,NA,NA,NA,NA,"ME0"
"Porites_compressa_HIv1___RNAseq.g31489.t1",1,0,1,NA,NA,NA,NA,"ME0"
"Porites_compressa_HIv1___RNAseq.g31493.t1",0,1,0,0.00246987370875129,"Transient",5,0.989049464842444,"ME1"
"Porites_compressa_HIv1___RNAseq.g31495.t1",1,0,0,NA,NA,NA,NA,"ME0"
"Porites_compressa_HIv1___RNAseq.g31496.t1a",0,1,0,0.000272675374875498,"Other",6,0.925834343457017,"ME1"
"Porites_compressa_HIv1___RNAseq.g31497.t1",0,0,1,0.030840263073254,"Monotonous",2,0.951757154737399,"ME4"
"Porites_compressa_HIv1___RNAseq.g31498.t1",1,0,0,NA,NA,NA,NA,"ME4"
"Porites_compressa_HIv1___TS.g19797.t1",1,0,0,NA,NA,NA,NA,"ME7"
"Porites_compressa_HIv1___RNAseq.g31500.t1",1,0,0,NA,NA,NA,NA,"ME3"
"Porites_compressa_HIv1___TS.g19802.t1",0,0,1,NA,NA,NA,NA,"ME0"
"Porites_compressa_HIv1___RNAseq.g31506.t1",1,0,0,NA,NA,NA,NA,"ME4"
"Porites_compressa_HIv1___RNAseq.g31509.t1",0,1,0,NA,NA,NA,NA,"ME10"
"Porites_compressa_HIv1___RNAseq.g31512.t1",0,0,1,NA,NA,NA,NA,"ME0"
"Porites_compressa_HIv1___RNAseq.g31513.t1",2,0,0,NA,NA,NA,NA,"ME0"
"Porites_compressa_HIv1___RNAseq.g31515.t1",1,0,0,NA,NA,NA,NA,"ME3"
"Porites_compressa_HIv1___RNAseq.g31516.t1",2,1,0,0.00726708511993627,"Other",4,0.576671962293465,"ME3"
"Porites_compressa_HIv1___TS.g19838.t1",1,0,0,3.74783330892578e-08,"Monotonous",1,0.878471948706495,"ME0"
"Porites_compressa_HIv1___TS.g19841.t1",1,1,0,NA,NA,NA,NA,"ME0"
"Porites_compressa_HIv1___TS.g19842.t2",1,1,0,0.00234847547644296,"Transient",3,0.926846682674593,"ME3"
"Porites_compressa_HIv1___RNAseq.g31536.t1",1,0,0,NA,NA,NA,NA,"ME21"
"Porites_compressa_HIv1___RNAseq.g31538.t1",1,0,0,NA,NA,NA,NA,"ME0"
"Porites_compressa_HIv1___RNAseq.g31539.t1",1,0,1,NA,NA,NA,NA,"ME0"
"Porites_compressa_HIv1___RNAseq.g31541.t1c",1,0,0,NA,NA,NA,NA,"ME0"
"Porites_compressa_HIv1___RNAseq.g31542.t1b",1,0,0,NA,NA,NA,NA,"ME0"
"Porites_compressa_HIv1___RNAseq.g31545.t1",1,0,0,NA,NA,NA,NA,"ME9"
"Porites_compressa_HIv1___RNAseq.g31553.t1",0,0,1,NA,NA,NA,NA,"ME6"
"Porites_compressa_HIv1___RNAseq.g31566.t1",0,1,0,NA,NA,NA,NA,"ME0"
"Porites_compressa_HIv1___RNAseq.g31567.t1",1,0,0,NA,NA,NA,NA,"ME0"
"Porites_compressa_HIv1___RNAseq.g31569.t1",0,1,0,NA,NA,NA,NA,"ME0"
"Porites_compressa_HIv1___RNAseq.g31570.t1",0,1,0,2.51353218893e-06,"Monotonous",NA,NA,"ME0"
"Porites_compressa_HIv1___TS.g19888.t1",0,0,1,NA,NA,NA,NA,"ME0"
"Porites_compressa_HIv1___RNAseq.g31578.t1",1,0,0,NA,NA,NA,NA,"ME16"
"Porites_compressa_HIv1___RNAseq.g31582.t1",0,0,1,NA,NA,NA,NA,"ME0"
"Porites_compressa_HIv1___RNAseq.g31605.t1",0,0,1,9.16911265686903e-06,"Monotonous",2,0.826748163957092,"ME2"
"Porites_compressa_HIv1___RNAseq.g31607.t1",0,0,1,0.000415750195529709,"Monotonous",2,0.883990775006392,"ME2"
"Porites_compressa_HIv1___RNAseq.g31610.t1",0,1,0,NA,NA,NA,NA,"ME16"
"Porites_compressa_HIv1___RNAseq.g31614.t1",1,0,0,0.0320376631636916,"Other",2,0.522134316580105,"ME4"
"Porites_compressa_HIv1___RNAseq.g31617.t1",1,1,0,NA,NA,NA,NA,"ME9"
"Porites_compressa_HIv1___RNAseq.g31621.t1",1,0,0,NA,NA,NA,NA,"ME0"
"Porites_compressa_HIv1___RNAseq.g31623.t1",1,0,0,NA,NA,NA,NA,"ME1"
"Porites_compressa_HIv1___TS.g19937.t1",1,0,0,NA,NA,NA,NA,"ME1"
"Porites_compressa_HIv1___RNAseq.g31628.t1",0,0,1,NA,NA,NA,NA,"ME1"
"Porites_compressa_HIv1___RNAseq.g31633.t1",0,1,0,1.11465430063072e-07,"Monotonous",6,0.779967556538544,"ME1"
"Porites_compressa_HIv1___RNAseq.g31635.t3",1,0,0,NA,NA,NA,NA,"ME25"
"Porites_compressa_HIv1___RNAseq.g31641.t1",1,0,0,NA,NA,NA,NA,"ME0"
"Porites_compressa_HIv1___TS.g19966.t1",1,0,0,NA,NA,NA,NA,"ME0"
"Porites_compressa_HIv1___RNAseq.g31656.t1",1,0,0,NA,NA,NA,NA,"ME0"
"Porites_compressa_HIv1___RNAseq.g31657.t1",1,0,0,NA,NA,NA,NA,"ME6"
"Porites_compressa_HIv1___RNAseq.g31661.t1",1,0,0,NA,NA,NA,NA,"ME6"
"Porites_compressa_HIv1___RNAseq.g31663.t1",1,0,0,NA,NA,NA,NA,"ME1"
"Porites_compressa_HIv1___RNAseq.g31671.t1",0,2,0,0.00604155554168432,"Other",6,0.843402069778032,"ME7"
"Porites_compressa_HIv1___TS.g19983.t1",1,0,0,NA,NA,NA,NA,"ME7"
"Porites_compressa_HIv1___TS.g19990.t1",1,0,0,NA,NA,NA,NA,"ME7"
"Porites_compressa_HIv1___TS.g19995.t1",1,0,0,NA,NA,NA,NA,"ME1"
"Porites_compressa_HIv1___RNAseq.g31687.t1",1,0,0,NA,NA,NA,NA,"ME0"
"Porites_compressa_HIv1___RNAseq.g31696.t1",0,0,1,1.04751175123854e-11,"Transient",6,0.941625925133501,"ME1"
"Porites_compressa_HIv1___RNAseq.g31698.t1",1,1,0,NA,NA,NA,NA,"ME6"
"Porites_compressa_HIv1___TS.g20015.t1",0,1,0,NA,NA,NA,NA,"ME1"
"Porites_compressa_HIv1___TS.g20018.t1",0,0,1,NA,NA,NA,NA,"ME0"
"Porites_compressa_HIv1___RNAseq.g31719.t1",1,0,0,NA,NA,NA,NA,"ME2"
"Porites_compressa_HIv1___RNAseq.g31720.t1",1,0,1,NA,NA,NA,NA,"ME0"
"Porites_compressa_HIv1___TS.g20039.t2",1,0,0,NA,NA,NA,NA,"ME0"
"Porites_compressa_HIv1___RNAseq.g31732.t1",0,0,1,NA,NA,NA,NA,"ME1"
"Porites_compressa_HIv1___RNAseq.g31733.t1",1,0,0,NA,NA,NA,NA,"ME0"
"Porites_compressa_HIv1___RNAseq.g31735.t1",1,0,1,NA,NA,NA,NA,"ME0"
"Porites_compressa_HIv1___RNAseq.g31744.t1",0,2,0,NA,NA,NA,NA,"ME0"
"Porites_compressa_HIv1___RNAseq.g31749.t1",1,0,0,NA,NA,NA,NA,"ME1"
"Porites_compressa_HIv1___RNAseq.g31751.t1",1,0,0,NA,NA,NA,NA,"ME0"
"Porites_compressa_HIv1___RNAseq.g31766.t1",1,0,0,NA,NA,NA,NA,"ME0"
"Porites_compressa_HIv1___RNAseq.g31790.t1",0,1,0,NA,NA,NA,NA,"ME0"
"Porites_compressa_HIv1___RNAseq.g31799.t1",0,1,0,0.00754021263397626,"Other",2,0.982510747614955,"ME4"
"Porites_compressa_HIv1___RNAseq.g31800.t1",0,2,0,NA,NA,NA,NA,"ME0"
"Porites_compressa_HIv1___RNAseq.g31812.t1",0,1,0,0.0494524529158379,"Other",4,0.885406689235893,"ME0"
"Porites_compressa_HIv1___RNAseq.g21381.t1",0,0,1,NA,NA,NA,NA,"ME0"
"Porites_compressa_HIv1___RNAseq.g21400.t1",1,0,0,NA,NA,NA,NA,"ME6"
"Porites_compressa_HIv1___TS.g31519.t1",0,0,1,NA,NA,NA,NA,"ME4"
"Porites_compressa_HIv1___RNAseq.g21465.t1",1,0,0,NA,NA,NA,NA,"ME7"
"Porites_compressa_HIv1___RNAseq.g21513.t1",1,0,0,NA,NA,NA,NA,"ME0"
"Porites_compressa_HIv1___RNAseq.g21335.t1",0,1,0,NA,NA,NA,NA,"ME5"
"Porites_compressa_HIv1___TS.g31412.t1",0,1,0,NA,NA,NA,NA,"ME2"
"Porites_compressa_HIv1___RNAseq.g21339.t1",1,0,0,0.00353622717103792,"Monotonous",NA,NA,"ME5"
"Porites_compressa_HIv1___RNAseq.g21343.t1",0,0,1,NA,NA,NA,NA,"ME0"
"Porites_compressa_HIv1___RNAseq.g21345.t1",0,1,0,NA,NA,NA,NA,"ME10"
"Porites_compressa_HIv1___RNAseq.g21358.t1",0,1,0,NA,NA,NA,NA,"ME11"
"Porites_compressa_HIv1___RNAseq.g21359.t1",0,0,1,0.0297469273305918,"Monotonous",NA,NA,"ME0"
"Porites_compressa_HIv1___TS.g31435.t1",1,0,1,NA,NA,NA,NA,"ME1"
"Porites_compressa_HIv1___TS.g31440.t1",1,0,1,NA,NA,NA,NA,"ME11"
"Porites_compressa_HIv1___RNAseq.g21369.t1",1,0,0,NA,NA,NA,NA,"ME1"
"Porites_compressa_HIv1___RNAseq.g21385.t1",1,0,0,0.0269298651287246,"Other",5,0.737493504360035,"ME1"
"Porites_compressa_HIv1___TS.g31464.t1",0,0,1,NA,NA,NA,NA,"ME0"
"Porites_compressa_HIv1___RNAseq.g21399.t1",1,0,0,NA,NA,NA,NA,"ME10"
"Porites_compressa_HIv1___RNAseq.g21401.t1",1,0,0,NA,NA,NA,NA,"ME0"
"Porites_compressa_HIv1___RNAseq.g21402.t1",0,1,0,NA,NA,NA,NA,"ME0"
"Porites_compressa_HIv1___TS.g31477.t1",0,3,0,NA,NA,NA,NA,"ME1"
"Porites_compressa_HIv1___RNAseq.g21407.t1",1,0,0,NA,NA,NA,NA,"ME3"
"Porites_compressa_HIv1___RNAseq.g21410.t1",1,0,0,NA,NA,NA,NA,"ME1"
"Porites_compressa_HIv1___RNAseq.g21417.t2",1,0,0,NA,NA,NA,NA,"ME0"
"Porites_compressa_HIv1___RNAseq.g21418.t1",1,0,0,NA,NA,NA,NA,"ME3"
"Porites_compressa_HIv1___RNAseq.g21421.t1",0,1,0,NA,NA,NA,NA,"ME0"
"Porites_compressa_HIv1___RNAseq.g21426.t1",1,0,0,NA,NA,NA,NA,"ME0"
"Porites_compressa_HIv1___RNAseq.g21433.t1",1,0,0,NA,NA,NA,NA,"ME0"
"Porites_compressa_HIv1___RNAseq.g21435.t1",1,1,1,NA,NA,NA,NA,"ME1"
"Porites_compressa_HIv1___TS.g31512.t1",0,2,0,0.0476427452271431,"Other",2,0.579121270795651,"ME5"
"Porites_compressa_HIv1___RNAseq.g21443.t1",0,1,0,NA,NA,NA,NA,"ME0"
"Porites_compressa_HIv1___RNAseq.g21444.t1",0,1,0,0.0290209799358082,"Other",3,0.857523216960852,"ME3"
"Porites_compressa_HIv1___RNAseq.g21450.t1",0,0,1,3.34811477435327e-07,"Monotonous",2,0.842211990876247,"ME2"
"Porites_compressa_HIv1___RNAseq.g21451.t1",1,0,0,NA,NA,NA,NA,"ME0"
"Porites_compressa_HIv1___RNAseq.g21455.t1",1,0,0,NA,NA,NA,NA,"ME21"
"Porites_compressa_HIv1___RNAseq.g21459.t1",0,2,0,NA,NA,NA,NA,"ME0"
"Porites_compressa_HIv1___RNAseq.g21460.t1",0,1,0,NA,NA,NA,NA,"ME8"
"Porites_compressa_HIv1___RNAseq.g21474.t1",0,0,1,NA,NA,NA,NA,"ME4"
"Porites_compressa_HIv1___RNAseq.g21477.t1",0,0,1,NA,NA,NA,NA,"ME0"
"Porites_compressa_HIv1___RNAseq.g21478.t1",1,0,0,NA,NA,NA,NA,"ME0"
"Porites_compressa_HIv1___RNAseq.g21482.t1",0,1,0,NA,NA,NA,NA,"ME3"
"Porites_compressa_HIv1___RNAseq.g21486.t1",1,0,0,NA,NA,NA,NA,"ME1"
"Porites_compressa_HIv1___TS.g31558.t1a",0,2,0,NA,NA,NA,NA,"ME0"
"Porites_compressa_HIv1___RNAseq.g21489.t1",0,2,0,NA,NA,NA,NA,"ME0"
"Porites_compressa_HIv1___RNAseq.g21496.t1",0,1,0,NA,NA,NA,NA,"ME8"
"Porites_compressa_HIv1___RNAseq.g21501.t1",0,0,2,NA,NA,NA,NA,"ME0"
"Porites_compressa_HIv1___RNAseq.g21502.t1",1,0,0,NA,NA,NA,NA,"ME0"
"Porites_compressa_HIv1___RNAseq.g21510.t1",1,0,0,NA,NA,NA,NA,"ME5"
"Porites_compressa_HIv1___RNAseq.g21518.t1b",1,0,0,NA,NA,NA,NA,"ME3"
"Porites_compressa_HIv1___RNAseq.g21524.t1",0,0,1,NA,NA,NA,NA,"ME12"
"Porites_compressa_HIv1___RNAseq.g12597.t1",0,0,2,0.0179680612685734,"Other",4,0.845746917789314,"ME0"
"Porites_compressa_HIv1___RNAseq.g12617.t1",0,1,0,NA,NA,NA,NA,"ME0"
"Porites_compressa_HIv1___TS.g22516.t1",1,0,0,NA,NA,NA,NA,"ME0"
"Porites_compressa_HIv1___RNAseq.g12623.t1",0,1,1,NA,NA,NA,NA,"ME0"
"Porites_compressa_HIv1___RNAseq.g21600.t1",1,0,0,NA,NA,NA,NA,"ME0"
"Porites_compressa_HIv1___TS.g31594.t1a",1,0,0,NA,NA,NA,NA,"ME0"
"Porites_compressa_HIv1___RNAseq.g21536.t1",0,0,1,NA,NA,NA,NA,"ME20"
"Porites_compressa_HIv1___TS.g31606.t1",1,0,0,NA,NA,NA,NA,"ME0"
"Porites_compressa_HIv1___RNAseq.g21543.t1",0,0,1,NA,NA,NA,NA,"ME10"
"Porites_compressa_HIv1___RNAseq.g21544.t1",0,1,0,NA,NA,NA,NA,"ME0"
"Porites_compressa_HIv1___RNAseq.g21555.t1",0,2,0,0.0151113243421543,"Other",3,0.525917819410935,"ME3"
"Porites_compressa_HIv1___RNAseq.g21556.t1",0,2,0,0.000357043541963438,"Monotonous",2,0.846579334114141,"ME2"
"Porites_compressa_HIv1___RNAseq.g21558.t1",2,0,0,NA,NA,NA,NA,"ME0"
"Porites_compressa_HIv1___RNAseq.g21560.t1",0,0,1,0.0463502123049872,"Other",5,0.917639730484222,"ME1"
"Porites_compressa_HIv1___RNAseq.g21564.t1",1,0,0,NA,NA,NA,NA,"ME5"
"Porites_compressa_HIv1___RNAseq.g21566.t1",0,1,0,NA,NA,NA,NA,"ME0"
"Porites_compressa_HIv1___RNAseq.g21567.t1",0,1,0,NA,NA,NA,NA,"ME1"
"Porites_compressa_HIv1___RNAseq.g21573.t1",2,0,1,NA,NA,NA,NA,"ME5"
"Porites_compressa_HIv1___RNAseq.g21577.t1",0,0,1,NA,NA,NA,NA,"ME0"
"Porites_compressa_HIv1___RNAseq.g21578.t2",1,0,0,NA,NA,NA,NA,"ME0"
"Porites_compressa_HIv1___RNAseq.g21584.t2",1,0,0,NA,NA,NA,NA,"ME10"
"Porites_compressa_HIv1___RNAseq.g21585.t1",1,0,0,NA,NA,NA,NA,"ME3"
"Porites_compressa_HIv1___RNAseq.g21586.t1",0,0,1,0.0424177188439975,"Other",6,0.748971848547145,"ME6"
"Porites_compressa_HIv1___RNAseq.g21591.t2",0,1,0,NA,NA,NA,NA,"ME0"
"Porites_compressa_HIv1___RNAseq.g21592.t1",0,1,0,NA,NA,NA,NA,"ME7"
"Porites_compressa_HIv1___RNAseq.g21595.t1",1,0,0,NA,NA,NA,NA,"ME0"
"Porites_compressa_HIv1___RNAseq.g21603.t1",0,1,0,NA,NA,NA,NA,"ME0"
"Porites_compressa_HIv1___RNAseq.g21606.t2",1,0,0,NA,NA,NA,NA,"ME0"
"Porites_compressa_HIv1___RNAseq.g21608.t1",0,0,1,0.000864327885092675,"Transient",5,0.966748891696832,"ME1"
"Porites_compressa_HIv1___RNAseq.g21609.t1",1,0,0,NA,NA,NA,NA,"ME0"
"Porites_compressa_HIv1___RNAseq.g21611.t1",0,1,0,NA,NA,NA,NA,"ME2"
"Porites_compressa_HIv1___TS.g31688.t1",1,0,1,NA,NA,NA,NA,"ME0"
"Porites_compressa_HIv1___TS.g31689.t1",1,0,0,NA,NA,NA,NA,"ME0"
"Porites_compressa_HIv1___RNAseq.g21625.t1",1,0,1,NA,NA,NA,NA,"ME0"
"Porites_compressa_HIv1___TS.g31706.t1",1,0,0,NA,NA,NA,NA,"ME1"
"Porites_compressa_HIv1___RNAseq.g21641.t2",0,1,0,0.0253685214599415,"Other",6,0.573307305722728,"ME0"
"Porites_compressa_HIv1___TS.g31710.t1",1,0,0,NA,NA,NA,NA,"ME8"
"Porites_compressa_HIv1___TS.g31711.t1",0,1,0,NA,NA,NA,NA,"ME1"
"Porites_compressa_HIv1___RNAseq.g21644.t1",0,0,1,NA,NA,NA,NA,"ME1"
"Porites_compressa_HIv1___RNAseq.g21650.t1b",0,1,0,NA,NA,NA,NA,"ME3"
"Porites_compressa_HIv1___RNAseq.g21652.t1",1,0,0,NA,NA,NA,NA,"ME0"
"Porites_compressa_HIv1___RNAseq.g21653.t1",0,0,1,NA,NA,NA,NA,"ME3"
"Porites_compressa_HIv1___RNAseq.g21654.t1",0,0,1,NA,NA,NA,NA,"ME0"
"Porites_compressa_HIv1___RNAseq.g21665.t1",1,1,0,8.16713534051402e-06,"Monotonous",3,0.666269071851364,"ME3"
"Porites_compressa_HIv1___RNAseq.g21666.t1",1,0,0,0.00157355913298912,"Other",5,0.694859143806673,"ME1"
"Porites_compressa_HIv1___RNAseq.g21667.t1",1,0,0,NA,NA,NA,NA,"ME0"
"Porites_compressa_HIv1___RNAseq.g21670.t1",1,0,0,NA,NA,NA,NA,"ME0"
"Porites_compressa_HIv1___RNAseq.g21671.t1",0,0,1,NA,NA,NA,NA,"ME1"
"Porites_compressa_HIv1___RNAseq.g21673.t1",0,0,1,0.00219868864860379,"Other",5,0.783896334667918,"ME1"
"Porites_compressa_HIv1___RNAseq.g21676.t1",0,1,0,NA,NA,NA,NA,"ME0"
"Porites_compressa_HIv1___TS.g31747.t1a",0,1,0,0.0195446615991046,"Other",5,0.736099731023523,"ME1"
"Porites_compressa_HIv1___RNAseq.g12821.t1",2,0,0,NA,NA,NA,NA,"ME1"
"Porites_compressa_HIv1___RNAseq.g12777.t1",0,1,0,NA,NA,NA,NA,"ME0"
"Porites_compressa_HIv1___RNAseq.g12789.t1",0,0,1,NA,NA,NA,NA,"ME0"
"Porites_compressa_HIv1___RNAseq.g12802.t1",2,0,0,NA,NA,NA,NA,"ME0"
"Porites_compressa_HIv1___TS.g22709.t1",0,0,1,NA,NA,NA,NA,"ME0"
"Porites_compressa_HIv1___RNAseq.g12751.t1",0,0,1,NA,NA,NA,NA,"ME0"
"Porites_compressa_HIv1___RNAseq.g12770.t1",1,0,0,NA,NA,NA,NA,"ME2"
"Porites_compressa_HIv1___RNAseq.g12778.t1",1,0,0,NA,NA,NA,NA,"ME0"
"Porites_compressa_HIv1___RNAseq.g12779.t1",0,0,1,NA,NA,NA,NA,"ME1"
"Porites_compressa_HIv1___RNAseq.g12781.t2",0,0,1,NA,NA,NA,NA,"ME0"
"Porites_compressa_HIv1___RNAseq.g12788.t1",0,2,0,NA,NA,NA,NA,"ME6"
"Porites_compressa_HIv1___RNAseq.g12812.t1",1,1,0,NA,NA,NA,NA,"ME1"
"Porites_compressa_HIv1___RNAseq.g12818.t1",1,0,0,9.43432576468097e-10,"Transient",5,0.963654887481534,"ME18"
"Porites_compressa_HIv1___RNAseq.g12632.t1",1,0,0,NA,NA,NA,NA,"ME1"
"Porites_compressa_HIv1___RNAseq.g12633.t1",0,1,0,NA,NA,NA,NA,"ME1"
"Porites_compressa_HIv1___RNAseq.g12634.t1",1,0,0,NA,NA,NA,NA,"ME0"
"Porites_compressa_HIv1___TS.g22565.t1",1,0,0,NA,NA,NA,NA,"ME0"
"Porites_compressa_HIv1___RNAseq.g12637.t1",0,1,1,NA,NA,NA,NA,"ME27"
"Porites_compressa_HIv1___RNAseq.g12656.t1",0,0,1,NA,NA,NA,NA,"ME0"
"Porites_compressa_HIv1___RNAseq.g12674.t1",1,0,0,NA,NA,NA,NA,"ME0"
"Porites_compressa_HIv1___RNAseq.g12677.t2",0,1,0,NA,NA,NA,NA,"ME10"
"Porites_compressa_HIv1___TS.g22585.t1a",0,1,0,NA,NA,NA,NA,"ME0"
"Porites_compressa_HIv1___RNAseq.g12684.t1",0,1,0,NA,NA,NA,NA,"ME1"
"Porites_compressa_HIv1___TS.g22588.t1a",0,1,0,NA,NA,NA,NA,"ME0"
"Porites_compressa_HIv1___RNAseq.g12687.t1",0,1,0,NA,NA,NA,NA,"ME0"
"Porites_compressa_HIv1___RNAseq.g12689.t1",1,0,0,NA,NA,NA,NA,"ME1"
"Porites_compressa_HIv1___RNAseq.g12690.t1",0,1,0,NA,NA,NA,NA,"ME4"
"Porites_compressa_HIv1___TS.g22592.t1",1,0,0,NA,NA,NA,NA,"ME23"
"Porites_compressa_HIv1___RNAseq.g12693.t2",0,1,0,NA,NA,NA,NA,"ME4"
"Porites_compressa_HIv1___RNAseq.g12694.t1",1,0,0,NA,NA,NA,NA,"ME0"
"Porites_compressa_HIv1___RNAseq.g12696.t1",0,0,1,0.000224745609056036,"Other",1,0.790550460463116,"ME12"
"Porites_compressa_HIv1___TS.g22605.t1",0,0,1,1.41190508724319e-16,"Monotonous",5,0.858884271334962,"ME0"
"Porites_compressa_HIv1___RNAseq.g12709.t1",0,1,0,0.00161160560596689,"Monotonous",2,0.586551132325201,"ME4"
"Porites_compressa_HIv1___RNAseq.g12714.t1",1,0,0,0.00563869132997758,"Other",3,0.964634494393548,"ME4"
"Porites_compressa_HIv1___TS.g22617.t1",2,0,0,NA,NA,NA,NA,"ME0"
"Porites_compressa_HIv1___RNAseq.g12716.t1",2,0,0,NA,NA,NA,NA,"ME3"
"Porites_compressa_HIv1___RNAseq.g12718.t1",0,0,1,NA,NA,NA,NA,"ME0"
"Porites_compressa_HIv1___RNAseq.g12724.t1",1,0,0,NA,NA,NA,NA,"ME0"
"Porites_compressa_HIv1___RNAseq.g12725.t1",0,1,0,NA,NA,NA,NA,"ME0"
"Porites_compressa_HIv1___RNAseq.g12726.t1",0,0,2,NA,NA,NA,NA,"ME3"
"Porites_compressa_HIv1___RNAseq.g12727.t1",0,0,1,NA,NA,NA,NA,"ME0"
"Porites_compressa_HIv1___TS.g22635.t1",1,0,0,0.0234006966820273,"Other",NA,NA,"ME0"
"Porites_compressa_HIv1___RNAseq.g12738.t1",1,0,0,NA,NA,NA,NA,"ME0"
"Porites_compressa_HIv1___RNAseq.g12740.t1",0,1,0,NA,NA,NA,NA,"ME23"
"Porites_compressa_HIv1___RNAseq.g12741.t1",0,1,1,NA,NA,NA,NA,"ME0"
"Porites_compressa_HIv1___RNAseq.g12915.t1",0,0,1,NA,NA,NA,NA,"ME3"
"Porites_compressa_HIv1___RNAseq.g12916.t1",0,0,1,NA,NA,NA,NA,"ME3"
"Porites_compressa_HIv1___TS.g22817.t1",1,0,0,NA,NA,NA,NA,"ME0"
"Porites_compressa_HIv1___RNAseq.g12892.t1",0,0,1,NA,NA,NA,NA,"ME0"
"Porites_compressa_HIv1___RNAseq.g12890.t1",1,1,0,NA,NA,NA,NA,"ME5"
"Porites_compressa_HIv1___RNAseq.g12891.t1",0,0,1,NA,NA,NA,NA,"ME10"
"Porites_compressa_HIv1___RNAseq.g12895.t1",1,0,0,NA,NA,NA,NA,"ME10"
"Porites_compressa_HIv1___RNAseq.g12901.t1",0,1,0,NA,NA,NA,NA,"ME10"
"Porites_compressa_HIv1___TS.g22757.t1",0,2,0,NA,NA,NA,NA,"ME0"
"Porites_compressa_HIv1___RNAseq.g12885.t1",0,0,1,NA,NA,NA,NA,"ME0"
"Porites_compressa_HIv1___RNAseq.g12826.t1",1,0,0,NA,NA,NA,NA,"ME3"
"Porites_compressa_HIv1___RNAseq.g12827.t1",0,1,0,NA,NA,NA,NA,"ME16"
"Porites_compressa_HIv1___RNAseq.g12835.t1",2,0,0,NA,NA,NA,NA,"ME0"
"Porites_compressa_HIv1___RNAseq.g12838.t1",1,0,0,0.0462704613829861,"Other",4,0.865160664894753,"ME3"
"Porites_compressa_HIv1___RNAseq.g12840.t1",1,0,0,NA,NA,NA,NA,"ME1"
"Porites_compressa_HIv1___RNAseq.g12841.t1a",1,0,0,NA,NA,NA,NA,"ME3"
"Porites_compressa_HIv1___RNAseq.g12842.t1",0,0,1,NA,NA,NA,NA,"ME1"
"Porites_compressa_HIv1___RNAseq.g12845.t2",1,0,0,NA,NA,NA,NA,"ME28"
"Porites_compressa_HIv1___RNAseq.g12846.t1",1,0,0,0.0403378106948886,"Other",1,0.907058783386165,"ME0"
"Porites_compressa_HIv1___RNAseq.g12847.t1",1,0,0,0.0190573446491126,"Other",1,0.658291064358398,"ME2"
"Porites_compressa_HIv1___RNAseq.g12855.t1",1,1,0,3.78693064466344e-12,"Monotonous",2,0.880953842825193,"ME2"
"Porites_compressa_HIv1___RNAseq.g12858.t1",0,1,0,1.30724631112694e-05,"Monotonous",1,0.899474705687256,"ME12"
"Porites_compressa_HIv1___RNAseq.g12859.t1",0,1,0,0.000217878660606505,"Monotonous",2,0.873254392293625,"ME4"
"Porites_compressa_HIv1___RNAseq.g12863.t1",1,0,0,NA,NA,NA,NA,"ME1"
"Porites_compressa_HIv1___RNAseq.g12871.t1",2,0,0,NA,NA,NA,NA,"ME11"
"Porites_compressa_HIv1___RNAseq.g12874.t1",0,1,1,0.015982768510548,"Other",6,0.947919613644216,"ME1"
"Porites_compressa_HIv1___RNAseq.g12880.t1",0,0,1,NA,NA,NA,NA,"ME3"
"Porites_compressa_HIv1___RNAseq.g12881.t1",0,0,1,NA,NA,NA,NA,"ME0"
"Porites_compressa_HIv1___RNAseq.g12884.t1",1,0,0,NA,NA,NA,NA,"ME1"
"Porites_compressa_HIv1___RNAseq.g36003.t1",0,1,0,NA,NA,NA,NA,"ME13"
"Porites_compressa_HIv1___RNAseq.g36086.t1",1,0,1,0.000535296381731387,"Transient",4,0.784204309128881,"ME0"
"Porites_compressa_HIv1___RNAseq.g36077.t1",1,0,0,0.0139459645776011,"Other",NA,NA,"ME3"
"Porites_compressa_HIv1___RNAseq.g36079.t1",1,0,0,NA,NA,NA,NA,"ME9"
"Porites_compressa_HIv1___RNAseq.15398_t",0,1,0,NA,NA,NA,NA,"ME1"
"Porites_compressa_HIv1___RNAseq.g35965.t1",1,0,0,NA,NA,NA,NA,"ME21"
"Porites_compressa_HIv1___TS.g8015.t1",0,1,0,NA,NA,NA,NA,"ME0"
"Porites_compressa_HIv1___TS.g7960.t1",0,2,0,NA,NA,NA,NA,"ME0"
"Porites_compressa_HIv1___RNAseq.g35947.t1",1,1,0,0.00921818537153615,"Transient",5,0.989724537118253,"ME1"
"Porites_compressa_HIv1___RNAseq.g35948.t1",1,0,0,3.68665221786324e-09,"Transient",5,0.985287561132359,"ME1"
"Porites_compressa_HIv1___RNAseq.g35953.t1",1,0,0,0.000352662708246075,"Other",6,0.889437356020474,"ME1"
"Porites_compressa_HIv1___TS.g7974.t1",1,0,0,NA,NA,NA,NA,"ME0"
"Porites_compressa_HIv1___RNAseq.g35955.t1",1,0,0,8.4660639307954e-05,"Transient",6,0.700685732323895,"ME1"
"Porites_compressa_HIv1___RNAseq.g35956.t1",1,0,0,NA,NA,NA,NA,"ME1"
"Porites_compressa_HIv1___RNAseq.g35968.t1",0,3,0,NA,NA,NA,NA,"ME0"
"Porites_compressa_HIv1___RNAseq.g35969.t1",1,0,1,0.000209560926924004,"Other",1,0.720391591101761,"ME4"
"Porites_compressa_HIv1___RNAseq.g35971.t3",0,1,0,NA,NA,NA,NA,"ME0"
"Porites_compressa_HIv1___RNAseq.g35974.t1",0,0,1,NA,NA,NA,NA,"ME0"
"Porites_compressa_HIv1___RNAseq.g35975.t1",0,0,1,NA,NA,NA,NA,"ME0"
"Porites_compressa_HIv1___RNAseq.g35994.t1",1,0,0,NA,NA,NA,NA,"ME13"
"Porites_compressa_HIv1___TS.g8016.t1",0,1,0,NA,NA,NA,NA,"ME15"
"Porites_compressa_HIv1___RNAseq.g36001.t1",1,0,0,0.00403377954851515,"Monotonous",2,0.68162974335494,"ME5"
"Porites_compressa_HIv1___RNAseq.g36002.t1",1,0,0,NA,NA,NA,NA,"ME5"
"Porites_compressa_HIv1___RNAseq.g36074.t2",0,1,0,NA,NA,NA,NA,"ME1"
"Porites_compressa_HIv1___RNAseq.g36012.t1",1,0,0,NA,NA,NA,NA,"ME0"
"Porites_compressa_HIv1___RNAseq.g36022.t1",1,0,0,NA,NA,NA,NA,"ME0"
"Porites_compressa_HIv1___RNAseq.15474_t",1,0,0,NA,NA,NA,NA,"ME0"
"Porites_compressa_HIv1___TS.g8052.t1",1,0,0,0.0115661150275549,"Other",2,0.506836657033045,"ME4"
"Porites_compressa_HIv1___RNAseq.g36037.t1",0,0,1,0.00121267119090794,"Transient",3,0.755143049001342,"ME3"
"Porites_compressa_HIv1___TS.g8055.t1",0,0,1,NA,NA,NA,NA,"ME5"
"Porites_compressa_HIv1___RNAseq.g36043.t1",1,0,0,NA,NA,NA,NA,"ME0"
"Porites_compressa_HIv1___RNAseq.g36046.t1",1,0,0,NA,NA,NA,NA,"ME10"
"Porites_compressa_HIv1___RNAseq.g36048.t1",0,0,1,NA,NA,NA,NA,"ME0"
"Porites_compressa_HIv1___RNAseq.g36050.t1",0,0,1,NA,NA,NA,NA,"ME0"
"Porites_compressa_HIv1___RNAseq.g36056.t1",0,2,0,NA,NA,NA,NA,"ME1"
"Porites_compressa_HIv1___RNAseq.g36075.t1",0,1,0,NA,NA,NA,NA,"ME1"
"Porites_compressa_HIv1___RNAseq.g36121.t1",1,0,0,NA,NA,NA,NA,"ME1"
"Porites_compressa_HIv1___RNAseq.g36133.t1",3,0,0,NA,NA,NA,NA,"ME11"
"Porites_compressa_HIv1___RNAseq.g36137.t1",1,0,0,NA,NA,NA,NA,"ME0"
"Porites_compressa_HIv1___RNAseq.g36164.t1",0,0,1,NA,NA,NA,NA,"ME0"
"Porites_compressa_HIv1___RNAseq.g36088.t1",0,2,0,NA,NA,NA,NA,"ME15"
"Porites_compressa_HIv1___RNAseq.g36095.t1",0,2,0,0.00158966457177427,"Transient",5,0.889532225699627,"ME1"
"Porites_compressa_HIv1___TS.g8119.t1",1,0,0,NA,NA,NA,NA,"ME15"
"Porites_compressa_HIv1___RNAseq.g5922.t1",0,1,0,NA,NA,NA,NA,"ME11"
"Porites_compressa_HIv1___TS.g11650.t1a",1,0,0,NA,NA,NA,NA,"ME0"
"Porites_compressa_HIv1___TS.g11650.t1b",0,1,0,NA,NA,NA,NA,"ME8"
"Porites_compressa_HIv1___TS.g11651.t1",1,0,0,0.000281919075921082,"Other",6,0.586110038423914,"ME1"
"Porites_compressa_HIv1___RNAseq.g36246.t1",1,0,0,NA,NA,NA,NA,"ME2"
"Porites_compressa_HIv1___TS.g8270.t1",1,0,0,1.56913909472546e-05,"Monotonous",2,0.591594758448399,"ME2"
"Porites_compressa_HIv1___RNAseq.g36259.t1",0,0,1,NA,NA,NA,NA,"ME0"
"Porites_compressa_HIv1___RNAseq.g36264.t1",1,0,0,NA,NA,NA,NA,"ME0"
"Porites_compressa_HIv1___RNAseq.g36199.t1",1,0,0,NA,NA,NA,NA,"ME0"
"Porites_compressa_HIv1___RNAseq.g36202.t1",0,1,0,NA,NA,NA,NA,"ME16"
"Porites_compressa_HIv1___RNAseq.g6041.t1a",1,0,0,0.0269578775630951,"Transient",5,0.542711739606806,"ME18"
"Porites_compressa_HIv1___RNAseq.g6046.t2a",1,0,0,2.54809211957999e-05,"Transient",3,0.684009972880373,"ME3"
"Porites_compressa_HIv1___RNAseq.g6074.t1",0,1,0,NA,NA,NA,NA,"ME0"
"Porites_compressa_HIv1___RNAseq.g6070.t1b",1,1,0,NA,NA,NA,NA,"ME4"
"Porites_compressa_HIv1___RNAseq.15878_t",0,2,0,NA,NA,NA,NA,"ME0"
"Porites_compressa_HIv1___TS.g11820.t1",0,1,1,0.0131156667413984,"Other",6,0.765559958106073,"ME1"
"Porites_compressa_HIv1___RNAseq.g6090.t2",0,2,0,NA,NA,NA,NA,"ME0"
"Porites_compressa_HIv1___RNAseq.g5979.t1",1,1,0,NA,NA,NA,NA,"ME0"
"Porites_compressa_HIv1___RNAseq.g5991.t1",0,1,0,NA,NA,NA,NA,"ME0"
"Porites_compressa_HIv1___TS.g11716.t1",2,0,1,NA,NA,NA,NA,"ME3"
"Porites_compressa_HIv1___RNAseq.g6036.t1",1,0,0,NA,NA,NA,NA,"ME2"
"Porites_compressa_HIv1___RNAseq.g5938.t1",1,0,0,NA,NA,NA,NA,"ME0"
"Porites_compressa_HIv1___RNAseq.g5939.t1",1,0,0,NA,NA,NA,NA,"ME0"
"Porites_compressa_HIv1___TS.g11664.t1",0,1,0,NA,NA,NA,NA,"ME9"
"Porites_compressa_HIv1___RNAseq.g5941.t1",1,0,0,NA,NA,NA,NA,"ME0"
"Porites_compressa_HIv1___RNAseq.g5947.t1",0,0,1,NA,NA,NA,NA,"ME0"
"Porites_compressa_HIv1___RNAseq.g5948.t1",2,0,0,NA,NA,NA,NA,"ME3"
"Porites_compressa_HIv1___RNAseq.g5949.t1",0,1,0,NA,NA,NA,NA,"ME0"
"Porites_compressa_HIv1___TS.g11675.t1",0,0,1,2.71870643672474e-05,"Monotonous",6,0.795588854293158,"ME0"
"Porites_compressa_HIv1___RNAseq.g5955.t1",1,1,0,NA,NA,NA,NA,"ME3"
"Porites_compressa_HIv1___TS.g11678.t1",1,0,0,NA,NA,NA,NA,"ME0"
"Porites_compressa_HIv1___TS.g11681.t1",1,0,0,NA,NA,NA,NA,"ME13"
"Porites_compressa_HIv1___RNAseq.g5960.t1",1,0,0,NA,NA,NA,NA,"ME13"
"Porites_compressa_HIv1___RNAseq.g5961.t1",2,0,0,NA,NA,NA,NA,"ME13"
"Porites_compressa_HIv1___RNAseq.g5963.t1",1,1,0,NA,NA,NA,NA,"ME2"
"Porites_compressa_HIv1___TS.g11687.t2",0,1,0,NA,NA,NA,NA,"ME0"
"Porites_compressa_HIv1___RNAseq.g5971.t1",0,1,0,NA,NA,NA,NA,"ME0"
"Porites_compressa_HIv1___TS.g11700.t1b",0,0,1,NA,NA,NA,NA,"ME0"
"Porites_compressa_HIv1___RNAseq.g5981.t1",1,0,0,NA,NA,NA,NA,"ME4"
"Porites_compressa_HIv1___TS.g11706.t1",1,0,0,NA,NA,NA,NA,"ME1"
"Porites_compressa_HIv1___RNAseq.g5992.t1",1,0,0,0.00532896836511908,"Transient",NA,NA,"ME3"
"Porites_compressa_HIv1___RNAseq.g5994.t1",1,0,0,0.00799940079382127,"Transient",4,0.914480560933866,"ME3"
"Porites_compressa_HIv1___RNAseq.g5998.t1",0,1,0,NA,NA,NA,NA,"ME0"
"Porites_compressa_HIv1___RNAseq.g6000.t1",0,1,0,NA,NA,NA,NA,"ME0"
"Porites_compressa_HIv1___RNAseq.g6002.t1",0,2,0,0.000449644151007992,"Transient",NA,NA,"ME7"
"Porites_compressa_HIv1___RNAseq.g6004.t1",2,1,0,NA,NA,NA,NA,"ME0"
"Porites_compressa_HIv1___RNAseq.g6008.t1",1,0,0,0.013336231126341,"Other",2,0.926682819299866,"ME4"
"Porites_compressa_HIv1___RNAseq.g6010.t1",0,0,1,0.00277796409692427,"Other",2,0.729801971206233,"ME4"
"Porites_compressa_HIv1___TS.g11739.t1",1,0,1,NA,NA,NA,NA,"ME0"
"Porites_compressa_HIv1___RNAseq.g6018.t1",1,0,1,NA,NA,NA,NA,"ME0"
"Porites_compressa_HIv1___RNAseq.g6023.t1",0,1,0,NA,NA,NA,NA,"ME0"
"Porites_compressa_HIv1___RNAseq.g6027.t1",0,1,0,5.73483915161248e-12,"Monotonous",5,0.887462825627289,"ME1"
"Porites_compressa_HIv1___TS.g11752.t1",1,0,0,0.010157684509825,"Other",3,0.510363099601211,"ME3"
"Porites_compressa_HIv1___RNAseq.g6035.t1",1,1,0,NA,NA,NA,NA,"ME0"
"Porites_compressa_HIv1___RNAseq.g6037.t1",1,0,0,0.0141273991917512,"Monotonous",2,0.553847979863349,"ME4"
"Porites_compressa_HIv1___TS.g11962.t1",0,0,1,NA,NA,NA,NA,"ME21"
"Porites_compressa_HIv1___RNAseq.g6269.t1",0,1,0,NA,NA,NA,NA,"ME0"
"Porites_compressa_HIv1___RNAseq.16064_t",0,1,0,NA,NA,NA,NA,"ME4"
"Porites_compressa_HIv1___RNAseq.g6239.t1",0,1,0,NA,NA,NA,NA,"ME21"
"Porites_compressa_HIv1___RNAseq.g6289.t1",0,0,1,NA,NA,NA,NA,"ME7"
"Porites_compressa_HIv1___RNAseq.g6283.t1",0,0,1,NA,NA,NA,NA,"ME7"
"Porites_compressa_HIv1___RNAseq.g6284.t1",1,0,1,NA,NA,NA,NA,"ME0"
"Porites_compressa_HIv1___TS.g12008.t1",0,0,1,NA,NA,NA,NA,"ME1"
"Porites_compressa_HIv1___RNAseq.g6287.t1",0,0,1,NA,NA,NA,NA,"ME22"
"Porites_compressa_HIv1___RNAseq.g6288.t1",1,0,0,NA,NA,NA,NA,"ME0"
"Porites_compressa_HIv1___TS.g12013.t1",0,0,1,NA,NA,NA,NA,"ME0"
"Porites_compressa_HIv1___RNAseq.g6297.t1",1,0,0,0.00516910366604647,"Other",2,0.902391408533012,"ME5"
"Porites_compressa_HIv1___RNAseq.g6304.t1",2,0,0,0.00173739938990817,"Transient",5,0.520360424945434,"ME1"
"Porites_compressa_HIv1___RNAseq.g6305.t1",0,0,2,NA,NA,NA,NA,"ME0"
"Porites_compressa_HIv1___RNAseq.g6133.t1",0,0,1,NA,NA,NA,NA,"ME7"
"Porites_compressa_HIv1___TS.g11894.t1b",2,0,0,NA,NA,NA,NA,"ME6"
"Porites_compressa_HIv1___TS.g11904.t1",0,0,1,NA,NA,NA,NA,"ME0"
"Porites_compressa_HIv1___RNAseq.g6186.t1",0,1,0,NA,NA,NA,NA,"ME18"
"Porites_compressa_HIv1___RNAseq.g6192.t1",1,0,0,NA,NA,NA,NA,"ME0"
"Porites_compressa_HIv1___TS.g11942.t1",1,0,0,6.35857567238851e-05,"Monotonous",3,0.626360603238761,"ME4"
"Porites_compressa_HIv1___TS.g11958.t1",1,0,0,0.00638836266043924,"Monotonous",NA,NA,"ME0"
"Porites_compressa_HIv1___TS.g11823.t1",1,0,0,NA,NA,NA,NA,"ME0"
"Porites_compressa_HIv1___RNAseq.g6092.t1",0,2,0,NA,NA,NA,NA,"ME0"
"Porites_compressa_HIv1___RNAseq.g6095.t1",0,0,2,NA,NA,NA,NA,"ME1"
"Porites_compressa_HIv1___RNAseq.g6096.t2",0,0,2,NA,NA,NA,NA,"ME0"
"Porites_compressa_HIv1___RNAseq.g6117.t1",0,1,1,NA,NA,NA,NA,"ME0"
"Porites_compressa_HIv1___RNAseq.g6118.t1",0,1,0,0.000416720999857654,"Monotonous",NA,NA,"ME0"
"Porites_compressa_HIv1___RNAseq.g6120.t1",0,0,1,NA,NA,NA,NA,"ME0"
"Porites_compressa_HIv1___RNAseq.g6124.t1",0,1,0,0.0119020960237839,"Other",5,0.560625729203346,"ME1"
"Porites_compressa_HIv1___TS.g11858.t1",1,0,0,NA,NA,NA,NA,"ME0"
"Porites_compressa_HIv1___RNAseq.g6130.t1",2,0,0,NA,NA,NA,NA,"ME11"
"Porites_compressa_HIv1___RNAseq.g6134.t1",0,1,0,NA,NA,NA,NA,"ME0"
"Porites_compressa_HIv1___TS.g11867.t1",1,0,0,0.00264955108757431,"Other",4,0.738956306092904,"ME3"
"Porites_compressa_HIv1___TS.g11868.t1",0,1,0,4.06434995436784e-07,"Monotonous",2,0.757850821644161,"ME2"
"Porites_compressa_HIv1___TS.g11869.t1",1,0,0,NA,NA,NA,NA,"ME2"
"Porites_compressa_HIv1___RNAseq.g6141.t1",1,0,0,NA,NA,NA,NA,"ME0"
"Porites_compressa_HIv1___RNAseq.g6146.t1",0,0,1,NA,NA,NA,NA,"ME0"
"Porites_compressa_HIv1___RNAseq.g6147.t1",0,0,1,2.83388043511171e-11,"Monotonous",6,0.58443892651461,"ME1"
"Porites_compressa_HIv1___RNAseq.g6150.t1",1,0,0,NA,NA,NA,NA,"ME1"
"Porites_compressa_HIv1___RNAseq.g6151.t1b",1,1,0,NA,NA,NA,NA,"ME0"
"Porites_compressa_HIv1___RNAseq.g6172.t1",1,0,0,NA,NA,NA,NA,"ME1"
"Porites_compressa_HIv1___TS.g11902.t1",0,1,0,0.0101919959497731,"Transient",NA,NA,"ME6"
"Porites_compressa_HIv1___TS.g11903.t1",1,1,0,NA,NA,NA,NA,"ME1"
"Porites_compressa_HIv1___TS.g11905.t1",1,0,0,0.0333049646705854,"Transient",5,0.914696145666872,"ME1"
"Porites_compressa_HIv1___RNAseq.g6178.t1",1,0,0,NA,NA,NA,NA,"ME0"
"Porites_compressa_HIv1___TS.g11908.t1a",1,0,0,NA,NA,NA,NA,"ME1"
"Porites_compressa_HIv1___RNAseq.g6182.t1",0,0,1,NA,NA,NA,NA,"ME0"
"Porites_compressa_HIv1___TS.g11915.t1a",1,0,0,NA,NA,NA,NA,"ME2"
"Porites_compressa_HIv1___RNAseq.g6201.t1",1,0,0,NA,NA,NA,NA,"ME0"
"Porites_compressa_HIv1___RNAseq.g6207.t1",0,3,1,NA,NA,NA,NA,"ME5"
"Porites_compressa_HIv1___TS.g11933.t1",0,3,0,NA,NA,NA,NA,"ME0"
"Porites_compressa_HIv1___RNAseq.g6210.t1",0,1,0,0.0346548758622686,"Monotonous",2,0.796807852332621,"ME2"
"Porites_compressa_HIv1___RNAseq.g6215.t1",0,3,0,0.000368239820409474,"Monotonous",2,0.522496067476031,"ME4"
"Porites_compressa_HIv1___RNAseq.g6224.t1",0,1,0,0.0044976536457591,"Transient",4,0.665219928220816,"ME3"
"Porites_compressa_HIv1___RNAseq.g6226.t1",1,0,0,NA,NA,NA,NA,"ME0"
"Porites_compressa_HIv1___TS.g11955.t1",1,0,0,NA,NA,NA,NA,"ME0"
"Porites_compressa_HIv1___TS.g11956.t1",1,0,0,NA,NA,NA,NA,"ME0"
"Porites_compressa_HIv1___RNAseq.g29186.t1",1,0,0,NA,NA,NA,NA,"ME0"
"Porites_compressa_HIv1___RNAseq.g29188.t1",0,0,1,NA,NA,NA,NA,"ME1"
"Porites_compressa_HIv1___RNAseq.g29215.t1",1,0,0,NA,NA,NA,NA,"ME0"
"Porites_compressa_HIv1___RNAseq.g29280.t1",0,1,0,NA,NA,NA,NA,"ME0"
"Porites_compressa_HIv1___RNAseq.g29191.t1",1,0,0,NA,NA,NA,NA,"ME0"
"Porites_compressa_HIv1___RNAseq.g29206.t1",0,0,1,NA,NA,NA,NA,"ME1"
"Porites_compressa_HIv1___TS.g593.t1",0,1,0,NA,NA,NA,NA,"ME0"
"Porites_compressa_HIv1___RNAseq.g29211.t1",1,1,0,NA,NA,NA,NA,"ME0"
"Porites_compressa_HIv1___RNAseq.g29212.t1",0,1,0,NA,NA,NA,NA,"ME0"
"Porites_compressa_HIv1___RNAseq.g29194.t1",0,1,0,NA,NA,NA,NA,"ME0"
"Porites_compressa_HIv1___RNAseq.g29195.t1",1,0,0,NA,NA,NA,NA,"ME1"
"Porites_compressa_HIv1___RNAseq.g29196.t1",1,0,0,0.00010508156889435,"Monotonous",6,0.974466194978715,"ME1"
"Porites_compressa_HIv1___RNAseq.g29197.t1",0,0,1,0.0433479517903545,"Other",4,0.598518518238926,"ME0"
"Porites_compressa_HIv1___RNAseq.g29198.t1",1,0,0,0.00267324459640521,"Other",5,0.660790580407321,"ME1"
"Porites_compressa_HIv1___RNAseq.g29200.t1",0,0,1,0.00125369752705994,"Transient",5,0.924189686771527,"ME1"
"Porites_compressa_HIv1___RNAseq.g29201.t1",1,0,0,0.00213478692100553,"Transient",5,0.976087673199684,"ME1"
"Porites_compressa_HIv1___RNAseq.g29247.t1",0,1,0,NA,NA,NA,NA,"ME0"
"Porites_compressa_HIv1___RNAseq.g29306.t1",1,0,0,NA,NA,NA,NA,"ME0"
"Porites_compressa_HIv1___TS.g689.t1",1,0,0,NA,NA,NA,NA,"ME0"
"Porites_compressa_HIv1___RNAseq.g29315.t1a",0,3,0,NA,NA,NA,NA,"ME0"
"Porites_compressa_HIv1___RNAseq.g29318.t1",1,0,0,3.28929941696177e-16,"Monotonous",1,0.640532213211658,"ME5"
"Porites_compressa_HIv1___RNAseq.g29300.t1",2,0,1,NA,NA,NA,NA,"ME21"
"Porites_compressa_HIv1___TS.g683.t1",1,0,1,NA,NA,NA,NA,"ME2"
"Porites_compressa_HIv1___RNAseq.g29303.t1",0,0,1,NA,NA,NA,NA,"ME1"
"Porites_compressa_HIv1___RNAseq.g29119.t1",0,1,0,NA,NA,NA,NA,"ME0"
"Porites_compressa_HIv1___RNAseq.g29143.t1",1,0,0,NA,NA,NA,NA,"ME5"
"Porites_compressa_HIv1___TS.g550.t1",0,0,1,NA,NA,NA,NA,"ME0"
"Porites_compressa_HIv1___RNAseq.g29170.t1",1,0,0,NA,NA,NA,NA,"ME0"
"Porites_compressa_HIv1___TS.g492.t1",1,0,0,NA,NA,NA,NA,"ME2"
"Porites_compressa_HIv1___RNAseq.g29111.t1",0,1,0,NA,NA,NA,NA,"ME14"
"Porites_compressa_HIv1___RNAseq.g29120.t1",1,0,0,NA,NA,NA,NA,"ME0"
"Porites_compressa_HIv1___RNAseq.g29124.t1",0,1,0,NA,NA,NA,NA,"ME18"
"Porites_compressa_HIv1___RNAseq.g29137.t1",0,0,1,7.07714087726317e-05,"Other",6,0.857130455341582,"ME1"
"Porites_compressa_HIv1___RNAseq.g29140.t1",3,0,0,NA,NA,NA,NA,"ME0"
"Porites_compressa_HIv1___RNAseq.g29151.t1",1,0,0,NA,NA,NA,NA,"ME0"
"Porites_compressa_HIv1___RNAseq.g29153.t1",0,1,0,NA,NA,NA,NA,"ME0"
"Porites_compressa_HIv1___RNAseq.g29158.t1",0,1,0,2.18950019316173e-08,"Monotonous",5,0.977869631954034,"ME1"
"Porites_compressa_HIv1___RNAseq.g29159.t1",2,0,2,0.000945888303891827,"Other",4,0.719110693397709,"ME4"
"Porites_compressa_HIv1___RNAseq.g29160.t1",2,0,2,0.0100810696438186,"Other",4,0.764039305591076,"ME4"
"Porites_compressa_HIv1___RNAseq.g29180.t1",0,0,2,0.000209361432911985,"Monotonous",3,0.697893319155426,"ME4"
"Porites_compressa_HIv1___RNAseq.g29182.t1",0,5,0,2.52253117594079e-19,"Transient",NA,NA,"ME0"
"Porites_compressa_HIv1___RNAseq.g29183.t1",0,1,0,0.000222194155227746,"Transient",5,0.742196932961264,"ME1"
"Porites_compressa_HIv1___RNAseq.g29340.t1",1,1,0,NA,NA,NA,NA,"ME0"
"Porites_compressa_HIv1___RNAseq.g29341.t1",0,0,1,NA,NA,NA,NA,"ME0"
"Porites_compressa_HIv1___RNAseq.g29327.t1",0,2,0,NA,NA,NA,NA,"ME8"
"Porites_compressa_HIv1___RNAseq.g29329.t1",1,0,0,NA,NA,NA,NA,"ME0"
"Porites_compressa_HIv1___RNAseq.g29347.t1",1,1,0,NA,NA,NA,NA,"ME0"
"Porites_compressa_HIv1___RNAseq.g29353.t1",0,1,0,NA,NA,NA,NA,"ME3"
"Porites_compressa_HIv1___RNAseq.16359_t",0,1,0,NA,NA,NA,NA,"ME16"
"Porites_compressa_HIv1___RNAseq.g29363.t1",1,1,0,NA,NA,NA,NA,"ME1"
"Porites_compressa_HIv1___RNAseq.g29364.t1",0,1,0,0.00189478002740969,"Transient",5,0.787267977780324,"ME1"
"Porites_compressa_HIv1___RNAseq.g29370.t1",1,0,0,0.00381288670803346,"Monotonous",NA,NA,"ME16"
"Porites_compressa_HIv1___RNAseq.g29377.t2",1,0,0,5.18612359635662e-05,"Monotonous",3,0.721970107799194,"ME3"
"Porites_compressa_HIv1___RNAseq.g29395.t1b",1,0,0,NA,NA,NA,NA,"ME0"
"Porites_compressa_HIv1___RNAseq.g29410.t1",1,0,0,NA,NA,NA,NA,"ME0"
"Porites_compressa_HIv1___TS.g773.t1",0,1,1,NA,NA,NA,NA,"ME9"
"Porites_compressa_HIv1___RNAseq.g29421.t1",1,0,0,NA,NA,NA,NA,"ME0"
"Porites_compressa_HIv1___RNAseq.g29437.t1",1,0,0,NA,NA,NA,NA,"ME1"
"Porites_compressa_HIv1___TS.g822.t1",1,0,0,NA,NA,NA,NA,"ME1"
"Porites_compressa_HIv1___TS.g839.t1",1,0,0,NA,NA,NA,NA,"ME23"
"Porites_compressa_HIv1___RNAseq.g29453.t2",1,0,0,NA,NA,NA,NA,"ME9"
"Porites_compressa_HIv1___TS.g846.t1",1,0,0,NA,NA,NA,NA,"ME0"
"Porites_compressa_HIv1___TS.g857.t1",1,1,0,NA,NA,NA,NA,"ME0"
"Porites_compressa_HIv1___TS.g32543.t1",0,0,1,NA,NA,NA,NA,"ME0"
"Porites_compressa_HIv1___RNAseq.g15152.t1",0,0,1,NA,NA,NA,NA,"ME16"
"Porites_compressa_HIv1___RNAseq.g15154.t1",1,1,0,NA,NA,NA,NA,"ME0"
"Porites_compressa_HIv1___RNAseq.g15205.t1",1,0,0,NA,NA,NA,NA,"ME0"
"Porites_compressa_HIv1___TS.g32600.t1",1,0,0,NA,NA,NA,NA,"ME0"
"Porites_compressa_HIv1___RNAseq.g15203.t1",0,0,1,0.00903605422769002,"Transient",5,0.66415558742042,"ME1"
"Porites_compressa_HIv1___RNAseq.g15272.t1",2,0,1,NA,NA,NA,NA,"ME11"
"Porites_compressa_HIv1___RNAseq.g15310.t1",0,2,0,NA,NA,NA,NA,"ME10"
"Porites_compressa_HIv1___RNAseq.g15165.t1",0,0,1,NA,NA,NA,NA,"ME6"
"Porites_compressa_HIv1___RNAseq.g15156.t1",0,1,0,NA,NA,NA,NA,"ME1"
"Porites_compressa_HIv1___RNAseq.g15171.t1",0,0,1,NA,NA,NA,NA,"ME4"
"Porites_compressa_HIv1___RNAseq.g15175.t1",1,1,0,NA,NA,NA,NA,"ME2"
"Porites_compressa_HIv1___RNAseq.g15179.t1",1,0,0,NA,NA,NA,NA,"ME3"
"Porites_compressa_HIv1___RNAseq.g15184.t1",0,0,1,NA,NA,NA,NA,"ME0"
"Porites_compressa_HIv1___RNAseq.g15185.t1",1,0,0,NA,NA,NA,NA,"ME0"
"Porites_compressa_HIv1___RNAseq.g15188.t1",1,0,0,NA,NA,NA,NA,"ME0"
"Porites_compressa_HIv1___RNAseq.g15189.t1",1,0,0,NA,NA,NA,NA,"ME0"
"Porites_compressa_HIv1___RNAseq.g15191.t1",1,0,0,NA,NA,NA,NA,"ME0"
"Porites_compressa_HIv1___RNAseq.g15284.t1b",0,0,1,NA,NA,NA,NA,"ME11"
"Porites_compressa_HIv1___TS.g32679.t1",0,0,1,NA,NA,NA,NA,"ME0"
"Porites_compressa_HIv1___TS.g38444.t1",0,0,1,NA,NA,NA,NA,"ME0"
"Porites_compressa_HIv1___RNAseq.g3932.t1",1,0,0,0.0256089489753345,"Other",1,0.682301939481521,"ME0"
"Porites_compressa_HIv1___TS.g38447.t1",1,0,0,0.0132491619693657,"Other",4,0.662037715298728,"ME4"
"Porites_compressa_HIv1___RNAseq.g3937.t1",0,1,0,NA,NA,NA,NA,"ME0"
"Porites_compressa_HIv1___RNAseq.g3935.t1",1,0,1,0.0308462342820801,"Transient",5,0.70083228389761,"ME18"
"Porites_compressa_HIv1___RNAseq.g3948.t1",1,0,0,NA,NA,NA,NA,"ME1"
"Porites_compressa_HIv1___RNAseq.g3940.t1",1,1,0,0.0165277831738121,"Other",2,0.80786061518688,"ME2"
"Porites_compressa_HIv1___RNAseq.g3942.t1",0,0,1,NA,NA,NA,NA,"ME8"
"Porites_compressa_HIv1___RNAseq.g3950.t1",1,0,0,NA,NA,NA,NA,"ME0"
"Porites_compressa_HIv1___TS.g38470.t1",0,1,0,NA,NA,NA,NA,"ME0"
"Porites_compressa_HIv1___TS.g32709.t1",0,1,1,NA,NA,NA,NA,"ME0"
"Porites_compressa_HIv1___RNAseq.g15316.t1",0,1,0,NA,NA,NA,NA,"ME0"
"Porites_compressa_HIv1___RNAseq.g15331.t1",1,0,0,NA,NA,NA,NA,"ME11"
"Porites_compressa_HIv1___RNAseq.g15344.t1",1,0,0,NA,NA,NA,NA,"ME7"
"Porites_compressa_HIv1___RNAseq.g15372.t1",0,1,0,NA,NA,NA,NA,"ME6"
"Porites_compressa_HIv1___RNAseq.g15427.t1",0,1,0,NA,NA,NA,NA,"ME0"
"Porites_compressa_HIv1___RNAseq.g15470.t1",0,0,1,NA,NA,NA,NA,"ME0"
"Porites_compressa_HIv1___RNAseq.g15487.t1",1,0,0,NA,NA,NA,NA,"ME15"
"Porites_compressa_HIv1___RNAseq.g15323.t1",0,1,0,0.0110460830205908,"Other",NA,NA,"ME2"
"Porites_compressa_HIv1___TS.g32721.t1a",0,0,1,0.0395203287465841,"Transient",NA,NA,"ME11"
"Porites_compressa_HIv1___RNAseq.g15327.t1",0,2,0,NA,NA,NA,NA,"ME6"
"Porites_compressa_HIv1___RNAseq.g15328.t1",2,0,0,NA,NA,NA,NA,"ME0"
"Porites_compressa_HIv1___RNAseq.g15333.t1",1,0,0,0.00553146374178799,"Other",3,0.549570702093074,"ME5"
"Porites_compressa_HIv1___RNAseq.g15334.t1",0,0,1,NA,NA,NA,NA,"ME0"
"Porites_compressa_HIv1___RNAseq.g15337.t1",0,0,1,NA,NA,NA,NA,"ME0"
"Porites_compressa_HIv1___RNAseq.g15342.t1",0,1,0,0.0229319241888413,"Other",6,0.618987865759492,"ME1"
"Porites_compressa_HIv1___RNAseq.g15343.t1",1,0,0,NA,NA,NA,NA,"ME4"
"Porites_compressa_HIv1___RNAseq.g15347.t1",1,0,0,NA,NA,NA,NA,"ME0"
"Porites_compressa_HIv1___RNAseq.g15351.t1",1,0,0,NA,NA,NA,NA,"ME4"
"Porites_compressa_HIv1___RNAseq.g15357.t1",1,0,0,0.0226366289044315,"Monotonous",2,0.560515389993986,"ME4"
"Porites_compressa_HIv1___RNAseq.g15364.t1",0,0,1,0.029638287876297,"Other",2,0.611298037344675,"ME0"
"Porites_compressa_HIv1___RNAseq.g15365.t1",1,0,0,NA,NA,NA,NA,"ME22"
"Porites_compressa_HIv1___RNAseq.g15367.t1",1,0,0,0.0136474246445183,"Other",NA,NA,"ME20"
"Porites_compressa_HIv1___RNAseq.g15382.t1",0,0,1,0.0172533824177522,"Other",NA,NA,"ME0"
"Porites_compressa_HIv1___RNAseq.g15385.t1",0,1,0,NA,NA,NA,NA,"ME0"
"Porites_compressa_HIv1___RNAseq.g15386.t1",1,0,0,0.0186127316546353,"Monotonous",2,0.592708425405368,"ME0"
"Porites_compressa_HIv1___RNAseq.g15416.t1",1,0,0,0.00012191109103711,"Monotonous",2,0.903474141974178,"ME22"
"Porites_compressa_HIv1___RNAseq.g15421.t1",1,0,0,0.000804782226671752,"Monotonous",2,0.751380197023435,"ME16"
"Porites_compressa_HIv1___RNAseq.g15424.t1a",1,0,0,NA,NA,NA,NA,"ME0"
"Porites_compressa_HIv1___RNAseq.g15431.t1",0,1,0,NA,NA,NA,NA,"ME6"
"Porites_compressa_HIv1___RNAseq.g15439.t1",1,0,0,0.0451686741829299,"Other",6,0.525366613731822,"ME1"
"Porites_compressa_HIv1___RNAseq.g15442.t1",0,0,1,NA,NA,NA,NA,"ME8"
"Porites_compressa_HIv1___TS.g32852.t1",1,0,0,NA,NA,NA,NA,"ME27"
"Porites_compressa_HIv1___RNAseq.g15463.t1",1,0,0,NA,NA,NA,NA,"ME0"
"Porites_compressa_HIv1___RNAseq.g15464.t1",0,1,1,NA,NA,NA,NA,"ME0"
"Porites_compressa_HIv1___RNAseq.g15467.t1",1,0,0,NA,NA,NA,NA,"ME4"
"Porites_compressa_HIv1___RNAseq.g15471.t1",1,0,0,NA,NA,NA,NA,"ME2"
"Porites_compressa_HIv1___RNAseq.g15472.t1",0,1,0,NA,NA,NA,NA,"ME1"
"Porites_compressa_HIv1___RNAseq.g15474.t1",0,1,0,0.0080385630259296,"Other",4,0.513836138031959,"ME0"
"Porites_compressa_HIv1___RNAseq.g15481.t1",0,1,0,NA,NA,NA,NA,"ME27"
"Porites_compressa_HIv1___RNAseq.g15489.t1",0,1,0,NA,NA,NA,NA,"ME0"
"Porites_compressa_HIv1___TS.g38622.t2b",0,1,0,NA,NA,NA,NA,"ME0"
"Porites_compressa_HIv1___TS.g38622.t2a",0,3,0,NA,NA,NA,NA,"ME4"
"Porites_compressa_HIv1___RNAseq.g4108.t1",0,0,1,5.69766906510172e-06,"Monotonous",2,0.721381940275169,"ME2"
"Porites_compressa_HIv1___RNAseq.g3975.t1",1,0,0,NA,NA,NA,NA,"ME0"
"Porites_compressa_HIv1___TS.g38493.t1",0,0,1,NA,NA,NA,NA,"ME6"
"Porites_compressa_HIv1___RNAseq.g3995.t1",1,0,0,NA,NA,NA,NA,"ME0"
"Porites_compressa_HIv1___RNAseq.g4068.t1",1,0,0,NA,NA,NA,NA,"ME0"
"Porites_compressa_HIv1___RNAseq.g4075.t1",0,1,0,NA,NA,NA,NA,"ME1"
"Porites_compressa_HIv1___RNAseq.g3963.t1",2,0,0,7.80739941951479e-13,"Monotonous",2,0.86781204120429,"ME2"
"Porites_compressa_HIv1___RNAseq.g3965.t1",1,0,0,0.000378089440639728,"Monotonous",2,0.915135931238913,"ME2"
"Porites_compressa_HIv1___RNAseq.g3966.t1",3,0,0,0.00131126209868849,"Monotonous",2,0.787339977175152,"ME5"
"Porites_compressa_HIv1___TS.g38484.t2",1,0,0,NA,NA,NA,NA,"ME1"
"Porites_compressa_HIv1___RNAseq.g3971.t1",1,0,0,NA,NA,NA,NA,"ME0"
"Porites_compressa_HIv1___RNAseq.g3972.t1",1,0,0,NA,NA,NA,NA,"ME0"
"Porites_compressa_HIv1___RNAseq.g3983.t1",1,0,0,0.000393098685122139,"Transient",3,0.614453494026877,"ME2"
"Porites_compressa_HIv1___RNAseq.g3992.t1",1,0,0,0.000716511402793645,"Transient",4,0.838128639415222,"ME3"
"Porites_compressa_HIv1___RNAseq.g3994.t1",0,0,1,NA,NA,NA,NA,"ME8"
"Porites_compressa_HIv1___RNAseq.g4004.t1",0,1,0,NA,NA,NA,NA,"ME0"
"Porites_compressa_HIv1___RNAseq.g4011.t1",0,1,0,NA,NA,NA,NA,"ME0"
"Porites_compressa_HIv1___RNAseq.g4012.t1",0,1,0,NA,NA,NA,NA,"ME0"
"Porites_compressa_HIv1___RNAseq.g4024.t1",1,0,0,NA,NA,NA,NA,"ME0"
"Porites_compressa_HIv1___RNAseq.g4032.t1",2,0,0,NA,NA,NA,NA,"ME4"
"Porites_compressa_HIv1___RNAseq.g4033.t1",1,0,1,NA,NA,NA,NA,"ME3"
"Porites_compressa_HIv1___TS.g38564.t1",0,1,0,NA,NA,NA,NA,"ME21"
"Porites_compressa_HIv1___RNAseq.g4057.t1",0,0,1,NA,NA,NA,NA,"ME1"
"Porites_compressa_HIv1___RNAseq.g4059.t1",0,0,1,NA,NA,NA,NA,"ME22"
"Porites_compressa_HIv1___RNAseq.g4062.t1",0,0,1,NA,NA,NA,NA,"ME4"
"Porites_compressa_HIv1___RNAseq.g4073.t1",1,0,0,0.00823137070598403,"Other",1,0.574037992939396,"ME14"
"Porites_compressa_HIv1___TS.g38583.t1",1,0,0,NA,NA,NA,NA,"ME6"
"Porites_compressa_HIv1___RNAseq.g4077.t1",0,0,1,NA,NA,NA,NA,"ME1"
"Porites_compressa_HIv1___RNAseq.g4083.t1",0,0,1,0.0480521416826497,"Other",NA,NA,"ME0"
"Porites_compressa_HIv1___RNAseq.g4086.t1",1,0,0,NA,NA,NA,NA,"ME0"
"Porites_compressa_HIv1___RNAseq.g4088.t1",1,0,1,NA,NA,NA,NA,"ME1"
"Porites_compressa_HIv1___RNAseq.g4091.t1",1,0,1,NA,NA,NA,NA,"ME0"
"Porites_compressa_HIv1___TS.g38611.t1",1,0,0,1.29282947802763e-05,"Monotonous",NA,NA,"ME19"
"Porites_compressa_HIv1___RNAseq.g19397.t1",1,0,0,NA,NA,NA,NA,"ME10"
"Porites_compressa_HIv1___RNAseq.g4131.t1",0,0,1,NA,NA,NA,NA,"ME7"
"Porites_compressa_HIv1___RNAseq.g4154.t1",0,1,0,NA,NA,NA,NA,"ME0"
"Porites_compressa_HIv1___RNAseq.g4185.t1",0,0,1,NA,NA,NA,NA,"ME0"
"Porites_compressa_HIv1___RNAseq.g4115.t1",0,2,0,NA,NA,NA,NA,"ME6"
"Porites_compressa_HIv1___RNAseq.g4119.t1",1,0,0,NA,NA,NA,NA,"ME0"
"Porites_compressa_HIv1___RNAseq.g4120.t1",1,0,0,NA,NA,NA,NA,"ME0"
"Porites_compressa_HIv1___RNAseq.g4121.t1",1,0,0,NA,NA,NA,NA,"ME1"
"Porites_compressa_HIv1___TS.g38634.t2",0,0,1,0.0184258105578458,"Other",5,0.990522809505379,"ME1"
"Porites_compressa_HIv1___TS.g38636.t1",1,0,0,NA,NA,NA,NA,"ME1"
"Porites_compressa_HIv1___RNAseq.g4124.t1",0,0,2,0.0123639906072377,"Transient",NA,NA,"ME0"
"Porites_compressa_HIv1___RNAseq.g4125.t1",0,0,1,NA,NA,NA,NA,"ME0"
"Porites_compressa_HIv1___TS.g38661.t1",0,1,0,NA,NA,NA,NA,"ME1"
"Porites_compressa_HIv1___TS.g38662.t1",1,0,0,NA,NA,NA,NA,"ME1"
"Porites_compressa_HIv1___TS.g38669.t1",1,0,0,NA,NA,NA,NA,"ME1"
"Porites_compressa_HIv1___TS.g38672.t1",1,0,0,NA,NA,NA,NA,"ME0"
"Porites_compressa_HIv1___TS.g38673.t1b",0,1,0,NA,NA,NA,NA,"ME1"
"Porites_compressa_HIv1___TS.g38673.t1a",0,0,1,NA,NA,NA,NA,"ME1"
"Porites_compressa_HIv1___RNAseq.g4170.t1",1,0,0,NA,NA,NA,NA,"ME0"
"Porites_compressa_HIv1___RNAseq.g4171.t1",1,0,0,NA,NA,NA,NA,"ME1"
"Porites_compressa_HIv1___TS.g38683.t2",1,0,0,9.87166212390356e-05,"Monotonous",2,0.811945619981381,"ME2"
"Porites_compressa_HIv1___RNAseq.g4177.t1",0,0,1,0.0113391249015242,"Transient",5,0.696337864456026,"ME1"
"Porites_compressa_HIv1___RNAseq.g4180.t1",0,1,0,NA,NA,NA,NA,"ME3"
"Porites_compressa_HIv1___RNAseq.g4181.t1",0,1,0,0.034261888005883,"Other",4,0.597082610305354,"ME3"
"Porites_compressa_HIv1___RNAseq.g4183.t1",1,0,0,NA,NA,NA,NA,"ME3"
"Porites_compressa_HIv1___RNAseq.g4192.t1",2,0,0,NA,NA,NA,NA,"ME0"
"Porites_compressa_HIv1___TS.g38704.t1",1,0,1,NA,NA,NA,NA,"ME2"
"Porites_compressa_HIv1___RNAseq.g19416.t1",1,0,0,NA,NA,NA,NA,"ME0"
"Porites_compressa_HIv1___RNAseq.g19432.t1",2,0,0,NA,NA,NA,NA,"ME2"
"Porites_compressa_HIv1___RNAseq.g19434.t1",1,0,0,NA,NA,NA,NA,"ME2"
"Porites_compressa_HIv1___TS.g11328.t1",1,0,0,NA,NA,NA,NA,"ME5"
"Porites_compressa_HIv1___RNAseq.g19582.t1",0,0,1,NA,NA,NA,NA,"ME2"
"Porites_compressa_HIv1___RNAseq.g19604.t1",0,0,1,NA,NA,NA,NA,"ME2"
"Porites_compressa_HIv1___RNAseq.g19606.t1",0,0,1,0.0046737267891698,"Monotonous",2,0.664416457569512,"ME2"
"Porites_compressa_HIv1___RNAseq.g19608.t1",0,1,0,5.972183077327e-05,"Transient",3,0.789702557286738,"ME4"
"Porites_compressa_HIv1___RNAseq.g19595.t1",0,0,2,NA,NA,NA,NA,"ME0"
"Porites_compressa_HIv1___RNAseq.g19584.t1",2,0,0,NA,NA,NA,NA,"ME0"
"Porites_compressa_HIv1___RNAseq.g19591.t1",0,0,2,NA,NA,NA,NA,"ME0"
"Porites_compressa_HIv1___RNAseq.g19592.t1",0,0,1,NA,NA,NA,NA,"ME4"
"Porites_compressa_HIv1___RNAseq.g19593.t1",0,0,2,0.000934961611020637,"Other",NA,NA,"ME0"
"Porites_compressa_HIv1___RNAseq.g19594.t1",0,0,1,NA,NA,NA,NA,"ME24"
"Porites_compressa_HIv1___TS.g11484.t1",0,1,0,NA,NA,NA,NA,"ME4"
"Porites_compressa_HIv1___RNAseq.g19598.t1",1,0,0,1.05582532576538e-06,"Monotonous",2,0.795780357313205,"ME2"
"Porites_compressa_HIv1___RNAseq.g19599.t1",1,0,0,7.94135531285433e-06,"Monotonous",2,0.83811442292812,"ME4"
"Porites_compressa_HIv1___RNAseq.g19601.t1",0,0,2,NA,NA,NA,NA,"ME0"
"Porites_compressa_HIv1___RNAseq.g19602.t1",0,0,1,0.0401842996809163,"Other",1,0.535440845461255,"ME2"
"Porites_compressa_HIv1___RNAseq.g19603.t1",0,0,1,NA,NA,NA,NA,"ME0"
"Porites_compressa_HIv1___RNAseq.g19472.t1",0,0,1,NA,NA,NA,NA,"ME0"
"Porites_compressa_HIv1___RNAseq.g19476.t1",0,1,0,NA,NA,NA,NA,"ME0"
"Porites_compressa_HIv1___RNAseq.g19497.t1",0,2,0,NA,NA,NA,NA,"ME0"
"Porites_compressa_HIv1___RNAseq.g19510.t1",0,2,0,NA,NA,NA,NA,"ME7"
"Porites_compressa_HIv1___TS.g11416.t1",0,1,0,NA,NA,NA,NA,"ME0"
"Porites_compressa_HIv1___RNAseq.g19539.t1",1,1,0,NA,NA,NA,NA,"ME15"
"Porites_compressa_HIv1___RNAseq.g19540.t1a",0,1,0,NA,NA,NA,NA,"ME0"
"Porites_compressa_HIv1___RNAseq.g19549.t1",0,0,2,NA,NA,NA,NA,"ME7"
"Porites_compressa_HIv1___RNAseq.g19452.t1",1,0,0,0.0367370087770684,"Other",3,0.543098447091546,"ME3"
"Porites_compressa_HIv1___RNAseq.g19453.t1",1,0,1,NA,NA,NA,NA,"ME1"
"Porites_compressa_HIv1___RNAseq.g19454.t1",0,0,1,NA,NA,NA,NA,"ME0"
"Porites_compressa_HIv1___RNAseq.g19459.t1",0,2,0,NA,NA,NA,NA,"ME12"
"Porites_compressa_HIv1___RNAseq.g19475.t1",0,1,0,0.018261234911278,"Transient",4,0.592757038014186,"ME3"
"Porites_compressa_HIv1___TS.g11365.t1",0,1,0,NA,NA,NA,NA,"ME0"
"Porites_compressa_HIv1___RNAseq.g19496.t1",0,0,1,NA,NA,NA,NA,"ME0"
"Porites_compressa_HIv1___RNAseq.g19514.t1",1,0,0,NA,NA,NA,NA,"ME0"
"Porites_compressa_HIv1___RNAseq.g19526.t1",1,0,1,0.00455750086602416,"Other",5,0.931110831837459,"ME1"
"Porites_compressa_HIv1___RNAseq.g19527.t1",0,1,0,NA,NA,NA,NA,"ME17"
"Porites_compressa_HIv1___RNAseq.g19535.t1",1,1,0,0.00144631223744636,"Other",1,0.5726362507608,"ME19"
"Porites_compressa_HIv1___RNAseq.g19540.t1b",1,1,0,NA,NA,NA,NA,"ME4"
"Porites_compressa_HIv1___RNAseq.g19550.t1",0,1,0,NA,NA,NA,NA,"ME0"
"Porites_compressa_HIv1___RNAseq.g19553.t1a",1,0,0,0.0204428116023783,"Other",NA,NA,"ME0"
"Porites_compressa_HIv1___RNAseq.g19555.t1",0,1,0,NA,NA,NA,NA,"ME0"
"Porites_compressa_HIv1___RNAseq.g19556.t1b",0,0,1,NA,NA,NA,NA,"ME0"
"Porites_compressa_HIv1___RNAseq.g19557.t1",0,2,0,0.0246076602694988,"Other",NA,NA,"ME20"
"Porites_compressa_HIv1___TS.g11460.t1",1,0,1,NA,NA,NA,NA,"ME1"
"Porites_compressa_HIv1___TS.g11462.t1a",1,0,1,0.0444592485059392,"Other",NA,NA,"ME3"
"Porites_compressa_HIv1___RNAseq.g19741.t1",0,1,0,0.0276258767978887,"Transient",NA,NA,"ME2"
"Porites_compressa_HIv1___RNAseq.g41402.t1",1,0,0,NA,NA,NA,NA,"ME1"
"Porites_compressa_HIv1___RNAseq.17461_t",0,0,1,NA,NA,NA,NA,"ME2"
"Porites_compressa_HIv1___RNAseq.g41390.t1",2,0,0,0.000509945896567314,"Monotonous",3,0.934864402237063,"ME4"
"Porites_compressa_HIv1___RNAseq.g19625.t1",1,0,0,NA,NA,NA,NA,"ME0"
"Porites_compressa_HIv1___RNAseq.g19627.t1",0,0,2,NA,NA,NA,NA,"ME0"
"Porites_compressa_HIv1___RNAseq.g19633.t1",1,0,0,NA,NA,NA,NA,"ME0"
"Porites_compressa_HIv1___TS.g11528.t1",0,1,0,NA,NA,NA,NA,"ME0"
"Porites_compressa_HIv1___RNAseq.g19688.t1",1,0,0,NA,NA,NA,NA,"ME0"
"Porites_compressa_HIv1___RNAseq.g19705.t1",0,1,0,0.0128016945556849,"Other",NA,NA,"ME18"
"Porites_compressa_HIv1___TS.g11596.t1",2,0,1,NA,NA,NA,NA,"ME13"
"Porites_compressa_HIv1___RNAseq.g19609.t1",0,0,2,0.00154538978170427,"Other",5,0.95406202484836,"ME1"
"Porites_compressa_HIv1___RNAseq.17335_t",0,0,2,0.00185155245193448,"Transient",4,0.652792743141348,"ME3"
"Porites_compressa_HIv1___RNAseq.g19632.t1",1,0,0,NA,NA,NA,NA,"ME0"
"Porites_compressa_HIv1___RNAseq.g19637.t1",0,1,0,NA,NA,NA,NA,"ME0"
"Porites_compressa_HIv1___RNAseq.g19638.t1",0,1,0,0.00635366341093774,"Transient",5,0.869235292430489,"ME1"
"Porites_compressa_HIv1___RNAseq.g19640.t1",0,1,1,NA,NA,NA,NA,"ME4"
"Porites_compressa_HIv1___RNAseq.17360_t",0,1,0,NA,NA,NA,NA,"ME21"
"Porites_compressa_HIv1___RNAseq.g19655.t1",0,1,0,NA,NA,NA,NA,"ME0"
"Porites_compressa_HIv1___RNAseq.g19656.t2",1,0,0,NA,NA,NA,NA,"ME2"
"Porites_compressa_HIv1___TS.g11546.t1",0,0,1,NA,NA,NA,NA,"ME1"
"Porites_compressa_HIv1___RNAseq.g19659.t1",1,0,0,NA,NA,NA,NA,"ME1"
"Porites_compressa_HIv1___RNAseq.g19660.t1",2,0,0,0.0104075400773481,"Other",4,0.720708095608856,"ME0"
"Porites_compressa_HIv1___RNAseq.g19671.t1",0,1,0,NA,NA,NA,NA,"ME6"
"Porites_compressa_HIv1___RNAseq.g19677.t1",0,1,0,NA,NA,NA,NA,"ME10"
"Porites_compressa_HIv1___RNAseq.g19689.t1",0,2,0,NA,NA,NA,NA,"ME1"
"Porites_compressa_HIv1___RNAseq.g19697.t1",1,0,0,0.0104175061351021,"Transient",5,0.576995384683375,"ME1"
"Porites_compressa_HIv1___RNAseq.g19699.t1",1,0,0,NA,NA,NA,NA,"ME18"
"Porites_compressa_HIv1___RNAseq.g19704.t1",1,0,0,0.0288937557876698,"Other",NA,NA,"ME28"
"Porites_compressa_HIv1___RNAseq.g19716.t1",0,0,1,NA,NA,NA,NA,"ME1"
"Porites_compressa_HIv1___RNAseq.g19717.t1",1,0,0,NA,NA,NA,NA,"ME1"
"Porites_compressa_HIv1___RNAseq.g19720.t1",2,0,0,NA,NA,NA,NA,"ME0"
"Porites_compressa_HIv1___RNAseq.g19721.t1",1,0,0,NA,NA,NA,NA,"ME1"
"Porites_compressa_HIv1___RNAseq.g41679.t1",0,0,1,NA,NA,NA,NA,"ME11"
"Porites_compressa_HIv1___TS.g12824.t1",0,0,1,NA,NA,NA,NA,"ME0"
"Porites_compressa_HIv1___RNAseq.g27488.t1",0,0,1,NA,NA,NA,NA,"ME0"
"Porites_compressa_HIv1___RNAseq.17753_t",1,0,0,NA,NA,NA,NA,"ME4"
"Porites_compressa_HIv1___RNAseq.g41452.t1",0,1,1,NA,NA,NA,NA,"ME0"
"Porites_compressa_HIv1___RNAseq.17553_t",0,0,1,2.28457388848245e-14,"Monotonous",NA,NA,"ME0"
"Porites_compressa_HIv1___RNAseq.g41488.t1",0,0,1,NA,NA,NA,NA,"ME0"
"Porites_compressa_HIv1___TS.g12682.t1c",0,1,0,NA,NA,NA,NA,"ME1"
"Porites_compressa_HIv1___TS.g12723.t1",0,1,0,NA,NA,NA,NA,"ME0"
"Porites_compressa_HIv1___RNAseq.g41583.t1",0,1,0,NA,NA,NA,NA,"ME1"
"Porites_compressa_HIv1___RNAseq.g41584.t1",0,1,0,NA,NA,NA,NA,"ME8"
"Porites_compressa_HIv1___RNAseq.g41608.t1",1,0,0,NA,NA,NA,NA,"ME1"
"Porites_compressa_HIv1___TS.g12759.t2a",0,2,0,NA,NA,NA,NA,"ME0"
"Porites_compressa_HIv1___TS.g12814.t1",1,0,0,NA,NA,NA,NA,"ME1"
"Porites_compressa_HIv1___TS.g12567.t1",0,1,0,NA,NA,NA,NA,"ME0"
"Porites_compressa_HIv1___RNAseq.g41417.t1",0,1,0,NA,NA,NA,NA,"ME13"
"Porites_compressa_HIv1___RNAseq.g41418.t1",1,0,0,NA,NA,NA,NA,"ME13"
"Porites_compressa_HIv1___RNAseq.g41419.t1",1,0,0,0.00267334381122155,"Other",6,0.868403236878566,"ME7"
"Porites_compressa_HIv1___RNAseq.g41420.t1",2,0,0,NA,NA,NA,NA,"ME7"
"Porites_compressa_HIv1___RNAseq.g41426.t1",0,0,1,NA,NA,NA,NA,"ME0"
"Porites_compressa_HIv1___RNAseq.g41427.t1",0,0,1,NA,NA,NA,NA,"ME17"
"Porites_compressa_HIv1___RNAseq.g41439.t1",1,0,0,NA,NA,NA,NA,"ME0"
"Porites_compressa_HIv1___RNAseq.g41442.t1",0,0,2,NA,NA,NA,NA,"ME3"
"Porites_compressa_HIv1___TS.g12590.t1",1,0,0,NA,NA,NA,NA,"ME5"
"Porites_compressa_HIv1___RNAseq.g41444.t1",1,0,1,NA,NA,NA,NA,"ME19"
"Porites_compressa_HIv1___RNAseq.g41464.t1",0,0,2,NA,NA,NA,NA,"ME0"
"Porites_compressa_HIv1___TS.g12612.t1",1,0,0,NA,NA,NA,NA,"ME0"
"Porites_compressa_HIv1___RNAseq.g41475.t1",0,1,0,NA,NA,NA,NA,"ME6"
"Porites_compressa_HIv1___RNAseq.g41482.t1",1,0,0,NA,NA,NA,NA,"ME0"
"Porites_compressa_HIv1___RNAseq.g41483.t1",1,0,0,NA,NA,NA,NA,"ME4"
"Porites_compressa_HIv1___RNAseq.g41490.t1",0,1,0,NA,NA,NA,NA,"ME0"
"Porites_compressa_HIv1___RNAseq.g41491.t1",1,0,0,NA,NA,NA,NA,"ME7"
"Porites_compressa_HIv1___RNAseq.g41495.t1",0,0,1,NA,NA,NA,NA,"ME23"
"Porites_compressa_HIv1___TS.g12662.t1",1,1,0,NA,NA,NA,NA,"ME1"
"Porites_compressa_HIv1___RNAseq.g41528.t1",1,0,0,NA,NA,NA,NA,"ME0"
"Porites_compressa_HIv1___TS.g12682.t1b",2,0,0,0.000156225104605899,"Monotonous",6,0.929500570785114,"ME1"
"Porites_compressa_HIv1___TS.g12682.t1d",1,0,0,NA,NA,NA,NA,"ME1"
"Porites_compressa_HIv1___RNAseq.g41545.t1",0,0,1,NA,NA,NA,NA,"ME3"
"Porites_compressa_HIv1___RNAseq.g41551.t1",0,1,0,NA,NA,NA,NA,"ME0"
"Porites_compressa_HIv1___RNAseq.g41553.t1",0,1,0,0.0011646335080118,"Transient",5,0.954133692878923,"ME1"
"Porites_compressa_HIv1___RNAseq.g41555.t1",1,0,0,NA,NA,NA,NA,"ME0"
"Porites_compressa_HIv1___RNAseq.g41557.t2",1,0,0,NA,NA,NA,NA,"ME0"
"Porites_compressa_HIv1___RNAseq.g41562.t1",1,0,0,NA,NA,NA,NA,"ME1"
"Porites_compressa_HIv1___TS.g12709.t1",0,0,1,NA,NA,NA,NA,"ME0"
"Porites_compressa_HIv1___TS.g12714.t1",0,1,0,7.85227064575805e-06,"Monotonous",2,0.983282922598166,"ME2"
"Porites_compressa_HIv1___TS.g12716.t1a",0,0,1,0.000314238655213288,"Monotonous",2,0.965409901871473,"ME4"
"Porites_compressa_HIv1___TS.g12716.t1b",0,1,0,0.00195740683602509,"Monotonous",2,0.694156178872157,"ME16"
"Porites_compressa_HIv1___RNAseq.g41578.t1",1,0,0,NA,NA,NA,NA,"ME9"
"Porites_compressa_HIv1___RNAseq.g41580.t1",0,1,0,0.0390593056182231,"Other",2,0.770431747596116,"ME4"
"Porites_compressa_HIv1___RNAseq.g41585.t1",0,1,0,NA,NA,NA,NA,"ME6"
"Porites_compressa_HIv1___RNAseq.g41586.t1",1,1,0,NA,NA,NA,NA,"ME1"
"Porites_compressa_HIv1___RNAseq.g41589.t1",0,0,1,NA,NA,NA,NA,"ME0"
"Porites_compressa_HIv1___RNAseq.g41602.t1",1,0,1,NA,NA,NA,NA,"ME1"
"Porites_compressa_HIv1___RNAseq.g41603.t1",1,1,0,NA,NA,NA,NA,"ME1"
"Porites_compressa_HIv1___RNAseq.g41604.t1",0,1,0,6.01935703608191e-05,"Transient",6,0.731452556695188,"ME1"
"Porites_compressa_HIv1___RNAseq.g41609.t1",0,1,0,NA,NA,NA,NA,"ME0"
"Porites_compressa_HIv1___RNAseq.g41610.t1",1,0,0,0.018597418653105,"Monotonous",2,0.816461384683711,"ME4"
"Porites_compressa_HIv1___RNAseq.g41612.t1",2,0,0,NA,NA,NA,NA,"ME0"
"Porites_compressa_HIv1___RNAseq.g41613.t1",2,0,0,NA,NA,NA,NA,"ME0"
"Porites_compressa_HIv1___RNAseq.17674_t",2,0,0,0.0147708640509325,"Other",3,0.55339733727012,"ME0"
"Porites_compressa_HIv1___TS.g12759.t2b",0,1,0,NA,NA,NA,NA,"ME1"
"Porites_compressa_HIv1___RNAseq.g41621.t1",1,0,0,NA,NA,NA,NA,"ME0"
"Porites_compressa_HIv1___RNAseq.g41624.t1",1,0,0,NA,NA,NA,NA,"ME1"
"Porites_compressa_HIv1___RNAseq.g41629.t1",0,1,0,NA,NA,NA,NA,"ME21"
"Porites_compressa_HIv1___RNAseq.g41632.t1",0,1,0,NA,NA,NA,NA,"ME0"
"Porites_compressa_HIv1___RNAseq.g41635.t1",1,2,1,NA,NA,NA,NA,"ME7"
"Porites_compressa_HIv1___RNAseq.g41637.t1",1,0,0,NA,NA,NA,NA,"ME0"
"Porites_compressa_HIv1___RNAseq.g41645.t2",0,0,2,NA,NA,NA,NA,"ME0"
"Porites_compressa_HIv1___RNAseq.g41652.t1",0,0,1,0.0136343548458766,"Other",2,0.694998841592069,"ME4"
"Porites_compressa_HIv1___RNAseq.g41653.t1",1,0,0,NA,NA,NA,NA,"ME3"
"Porites_compressa_HIv1___RNAseq.17720_t",0,0,1,NA,NA,NA,NA,"ME0"
"Porites_compressa_HIv1___RNAseq.g41666.t1",1,0,0,0.00079366131842585,"Transient",3,0.723173140596416,"ME3"
"Porites_compressa_HIv1___RNAseq.g41668.t1",0,1,0,NA,NA,NA,NA,"ME3"
"Porites_compressa_HIv1___RNAseq.g41673.t1",1,0,1,NA,NA,NA,NA,"ME0"
"Porites_compressa_HIv1___TS.g13012.t1",0,1,0,0.0398013931655896,"Transient",3,0.536141987081401,"ME3"
"Porites_compressa_HIv1___TS.g13001.t1",1,0,0,NA,NA,NA,NA,"ME0"
"Porites_compressa_HIv1___RNAseq.g27659.t1",1,1,0,0.00496904566570264,"Other",3,0.968048569475862,"ME3"
"Porites_compressa_HIv1___RNAseq.g27660.t1",0,1,0,NA,NA,NA,NA,"ME0"
"Porites_compressa_HIv1___RNAseq.g27661.t2",0,1,0,NA,NA,NA,NA,"ME0"
"Porites_compressa_HIv1___RNAseq.g27662.t1",0,1,0,NA,NA,NA,NA,"ME0"
"Porites_compressa_HIv1___RNAseq.g27668.t2",1,0,0,1.2468950542631e-05,"Transient",5,0.959582748618303,"ME1"
"Porites_compressa_HIv1___RNAseq.g27670.t1",1,0,1,NA,NA,NA,NA,"ME0"
"Porites_compressa_HIv1___TS.g13018.t2",1,0,0,NA,NA,NA,NA,"ME2"
"Porites_compressa_HIv1___RNAseq.g27505.t1",0,0,1,NA,NA,NA,NA,"ME0"
"Porites_compressa_HIv1___TS.g12898.t1",1,0,0,NA,NA,NA,NA,"ME7"
"Porites_compressa_HIv1___TS.g12920.t1",0,0,2,NA,NA,NA,NA,"ME4"
"Porites_compressa_HIv1___RNAseq.g27501.t1",1,0,0,2.72414541606086e-06,"Monotonous",1,0.582496632236553,"ME12"
"Porites_compressa_HIv1___RNAseq.g27502.t1",1,0,0,5.88396332688792e-12,"Monotonous",1,0.941372659406187,"ME12"
"Porites_compressa_HIv1___RNAseq.g27513.t1",1,0,0,0.000257598374162092,"Monotonous",2,0.78815413554259,"ME2"
"Porites_compressa_HIv1___RNAseq.g27517.t1",1,0,0,0.00312260142188482,"Monotonous",NA,NA,"ME2"
"Porites_compressa_HIv1___RNAseq.g27534.t1",2,0,0,NA,NA,NA,NA,"ME0"
"Porites_compressa_HIv1___RNAseq.g27536.t1",0,0,1,NA,NA,NA,NA,"ME0"
"Porites_compressa_HIv1___RNAseq.g27537.t1",0,0,1,NA,NA,NA,NA,"ME1"
"Porites_compressa_HIv1___RNAseq.g27541.t1",0,0,1,NA,NA,NA,NA,"ME1"
"Porites_compressa_HIv1___RNAseq.g27544.t1",0,1,0,NA,NA,NA,NA,"ME0"
"Porites_compressa_HIv1___TS.g12891.t1a",0,1,0,0.0366766974306524,"Other",5,0.745607403390753,"ME1"
"Porites_compressa_HIv1___TS.g12891.t1b",1,0,0,NA,NA,NA,NA,"ME1"
"Porites_compressa_HIv1___TS.g12892.t2",0,0,1,NA,NA,NA,NA,"ME0"
"Porites_compressa_HIv1___RNAseq.g27551.t2",0,0,1,NA,NA,NA,NA,"ME3"
"Porites_compressa_HIv1___RNAseq.g27554.t1",0,0,1,NA,NA,NA,NA,"ME0"
"Porites_compressa_HIv1___RNAseq.g27555.t1",1,1,0,NA,NA,NA,NA,"ME0"
"Porites_compressa_HIv1___RNAseq.g27557.t1",0,0,1,NA,NA,NA,NA,"ME1"
"Porites_compressa_HIv1___TS.g12923.t1",0,1,0,NA,NA,NA,NA,"ME5"
"Porites_compressa_HIv1___RNAseq.g27577.t1",0,1,1,0.0464463206956115,"Other",3,0.610893085769581,"ME3"
"Porites_compressa_HIv1___RNAseq.g27582.t1",0,1,0,NA,NA,NA,NA,"ME17"
"Porites_compressa_HIv1___RNAseq.g27586.t1",0,2,0,NA,NA,NA,NA,"ME0"
"Porites_compressa_HIv1___RNAseq.g27588.t1",1,0,0,0.0260101896387114,"Transient",5,0.594926865147702,"ME1"
"Porites_compressa_HIv1___RNAseq.g27589.t1",1,0,0,NA,NA,NA,NA,"ME0"
"Porites_compressa_HIv1___RNAseq.g27596.t1",1,0,0,NA,NA,NA,NA,"ME3"
"Porites_compressa_HIv1___TS.g12954.t1",1,0,0,NA,NA,NA,NA,"ME0"
"Porites_compressa_HIv1___RNAseq.g27615.t1b",1,0,0,NA,NA,NA,NA,"ME0"
"Porites_compressa_HIv1___RNAseq.g27615.t1c",0,0,1,NA,NA,NA,NA,"ME2"
"Porites_compressa_HIv1___RNAseq.g27620.t1",1,0,0,4.30177380413789e-08,"Monotonous",1,0.91828774555141,"ME12"
"Porites_compressa_HIv1___RNAseq.g27623.t1",0,1,0,NA,NA,NA,NA,"ME3"
"Porites_compressa_HIv1___TS.g12972.t1",1,0,0,0.0247826918315754,"Transient",1,0.787585726998447,"ME10"
"Porites_compressa_HIv1___RNAseq.g27637.t1",1,0,0,4.5186397504911e-05,"Transient",4,0.523243934337322,"ME0"
"Porites_compressa_HIv1___TS.g12984.t1",1,0,0,NA,NA,NA,NA,"ME1"
"Porites_compressa_HIv1___RNAseq.g27641.t1",1,0,0,NA,NA,NA,NA,"ME0"
"Porites_compressa_HIv1___RNAseq.g1973.t1d",1,0,0,NA,NA,NA,NA,"ME17"
"Porites_compressa_HIv1___RNAseq.g2021.t1",1,0,0,NA,NA,NA,NA,"ME0"
"Porites_compressa_HIv1___TS.g28693.t1",0,1,0,NA,NA,NA,NA,"ME0"
"Porites_compressa_HIv1___TS.g28738.t1c",0,1,0,NA,NA,NA,NA,"ME8"
"Porites_compressa_HIv1___TS.g13055.t1",1,0,0,NA,NA,NA,NA,"ME1"
"Porites_compressa_HIv1___TS.g13059.t1",1,0,0,NA,NA,NA,NA,"ME0"
"Porites_compressa_HIv1___RNAseq.g27716.t1b",2,0,0,NA,NA,NA,NA,"ME0"
"Porites_compressa_HIv1___RNAseq.g27723.t1",0,0,1,NA,NA,NA,NA,"ME0"
"Porites_compressa_HIv1___RNAseq.g27726.t1",0,1,0,0.0227502128402237,"Other",NA,NA,"ME8"
"Porites_compressa_HIv1___RNAseq.g27729.t1",1,0,0,NA,NA,NA,NA,"ME0"
"Porites_compressa_HIv1___RNAseq.g27731.t1",1,0,0,NA,NA,NA,NA,"ME0"
"Porites_compressa_HIv1___RNAseq.g27739.t1",0,0,1,NA,NA,NA,NA,"ME2"
"Porites_compressa_HIv1___RNAseq.g27743.t1",0,0,1,NA,NA,NA,NA,"ME0"
"Porites_compressa_HIv1___TS.g13096.t1",0,4,0,NA,NA,NA,NA,"ME1"
"Porites_compressa_HIv1___RNAseq.g27754.t1",0,1,0,NA,NA,NA,NA,"ME1"
"Porites_compressa_HIv1___RNAseq.g27758.t1",1,0,0,NA,NA,NA,NA,"ME4"
"Porites_compressa_HIv1___TS.g13102.t1",1,0,0,NA,NA,NA,NA,"ME10"
"Porites_compressa_HIv1___RNAseq.g27762.t1",2,0,0,NA,NA,NA,NA,"ME4"
"Porites_compressa_HIv1___RNAseq.g27763.t1",1,0,0,NA,NA,NA,NA,"ME0"
"Porites_compressa_HIv1___RNAseq.g27764.t1",1,0,0,NA,NA,NA,NA,"ME3"
"Porites_compressa_HIv1___RNAseq.g27765.t1",1,0,0,NA,NA,NA,NA,"ME0"
"Porites_compressa_HIv1___RNAseq.18055_t",0,1,1,NA,NA,NA,NA,"ME0"
"Porites_compressa_HIv1___RNAseq.g27769.t1",1,0,0,NA,NA,NA,NA,"ME7"
"Porites_compressa_HIv1___RNAseq.g27771.t1",1,0,0,9.22286722496456e-08,"Monotonous",5,0.771935347668895,"ME1"
"Porites_compressa_HIv1___RNAseq.g27772.t1",1,0,0,NA,NA,NA,NA,"ME0"
"Porites_compressa_HIv1___RNAseq.g27773.t1",0,1,0,NA,NA,NA,NA,"ME1"
"Porites_compressa_HIv1___RNAseq.g27774.t1",1,0,0,0.0134266928347704,"Monotonous",NA,NA,"ME4"
"Porites_compressa_HIv1___RNAseq.g27777.t1",0,1,0,NA,NA,NA,NA,"ME0"
"Porites_compressa_HIv1___RNAseq.g27781.t1",0,2,0,NA,NA,NA,NA,"ME11"
"Porites_compressa_HIv1___RNAseq.g27785.t1",1,0,0,NA,NA,NA,NA,"ME0"
"Porites_compressa_HIv1___RNAseq.g27786.t1",1,0,0,1.17622650731135e-05,"Monotonous",NA,NA,"ME3"
"Porites_compressa_HIv1___RNAseq.g27789.t1",0,0,1,0.0137805560567201,"Other",3,0.624621082308594,"ME0"
"Porites_compressa_HIv1___RNAseq.g2157.t1",1,0,0,NA,NA,NA,NA,"ME4"
"Porites_compressa_HIv1___RNAseq.g2173.t1",1,0,0,NA,NA,NA,NA,"ME0"
"Porites_compressa_HIv1___RNAseq.g2180.t1",1,0,0,0.0320048336414895,"Other",NA,NA,"ME6"
"Porites_compressa_HIv1___RNAseq.g2579.t1",1,0,0,NA,NA,NA,NA,"ME4"
"Porites_compressa_HIv1___RNAseq.g2520.t1",1,0,0,NA,NA,NA,NA,"ME0"
"Porites_compressa_HIv1___RNAseq.g2507.t1",0,1,0,NA,NA,NA,NA,"ME0"
"Porites_compressa_HIv1___RNAseq.g2513.t1",0,0,1,5.19354195148424e-07,"Monotonous",2,0.535955548569555,"ME5"
"Porites_compressa_HIv1___RNAseq.g2518.t1",1,0,0,NA,NA,NA,NA,"ME0"
"Porites_compressa_HIv1___RNAseq.g2519.t1",1,0,0,NA,NA,NA,NA,"ME1"
"Porites_compressa_HIv1___RNAseq.g2565.t1",0,0,1,NA,NA,NA,NA,"ME0"
"Porites_compressa_HIv1___RNAseq.g2581.t1",0,1,0,NA,NA,NA,NA,"ME2"
"Porites_compressa_HIv1___RNAseq.g2536.t1",0,5,0,NA,NA,NA,NA,"ME0"
"Porites_compressa_HIv1___RNAseq.g2537.t1",1,0,0,NA,NA,NA,NA,"ME1"
"Porites_compressa_HIv1___RNAseq.g2541.t1",0,4,0,NA,NA,NA,NA,"ME0"
"Porites_compressa_HIv1___RNAseq.g2543.t1",0,4,0,NA,NA,NA,NA,"ME0"
"Porites_compressa_HIv1___RNAseq.g2544.t1",0,5,0,NA,NA,NA,NA,"ME0"
"Porites_compressa_HIv1___RNAseq.g2545.t1",0,4,0,NA,NA,NA,NA,"ME1"
"Porites_compressa_HIv1___TS.g28971.t1",0,5,1,NA,NA,NA,NA,"ME9"
"Porites_compressa_HIv1___TS.g28972.t1",0,1,0,NA,NA,NA,NA,"ME0"
"Porites_compressa_HIv1___RNAseq.g2531.t1",0,1,0,NA,NA,NA,NA,"ME4"
"Porites_compressa_HIv1___RNAseq.g2331.t1",1,0,0,NA,NA,NA,NA,"ME0"
"Porites_compressa_HIv1___TS.g28821.t1",1,0,0,NA,NA,NA,NA,"ME0"
"Porites_compressa_HIv1___RNAseq.g2344.t1",1,0,0,0.0285901315520868,"Other",NA,NA,"ME6"
"Porites_compressa_HIv1___RNAseq.g2389.t1",0,1,0,NA,NA,NA,NA,"ME0"
"Porites_compressa_HIv1___RNAseq.g36561.t1",1,0,0,NA,NA,NA,NA,"ME3"
"Porites_compressa_HIv1___RNAseq.g36562.t1",1,0,0,NA,NA,NA,NA,"ME0"
"Porites_compressa_HIv1___RNAseq.g36577.t1",0,1,0,NA,NA,NA,NA,"ME0"
"Porites_compressa_HIv1___RNAseq.g36579.t1",1,1,0,NA,NA,NA,NA,"ME0"
"Porites_compressa_HIv1___RNAseq.g36580.t1",1,0,0,NA,NA,NA,NA,"ME0"
"Porites_compressa_HIv1___TS.g32289.t1",0,0,1,0.0428970142949331,"Monotonous",6,0.937885216690909,"ME1"
"Porites_compressa_HIv1___RNAseq.g36566.t1",0,1,1,0.000595447893915435,"Monotonous",4,0.768493657662251,"ME0"
"Porites_compressa_HIv1___RNAseq.g36572.t1",0,0,1,0.0212207680802849,"Monotonous",NA,NA,"ME0"
"Porites_compressa_HIv1___RNAseq.g36574.t1",1,0,1,1.72217682358702e-10,"Monotonous",2,0.615141440410579,"ME5"
"Porites_compressa_HIv1___RNAseq.g36484.t1",1,0,0,NA,NA,NA,NA,"ME0"
"Porites_compressa_HIv1___RNAseq.g36485.t1",0,0,1,NA,NA,NA,NA,"ME0"
"Porites_compressa_HIv1___RNAseq.g36515.t1",0,0,1,NA,NA,NA,NA,"ME8"
"Porites_compressa_HIv1___RNAseq.g36529.t1",0,1,0,NA,NA,NA,NA,"ME0"
"Porites_compressa_HIv1___TS.g32267.t1",1,0,1,NA,NA,NA,NA,"ME0"
"Porites_compressa_HIv1___RNAseq.g36472.t1",0,0,1,NA,NA,NA,NA,"ME8"
"Porites_compressa_HIv1___RNAseq.g36474.t1",1,0,1,NA,NA,NA,NA,"ME22"
"Porites_compressa_HIv1___RNAseq.g36480.t1",0,1,0,NA,NA,NA,NA,"ME4"
"Porites_compressa_HIv1___RNAseq.18693_t",0,3,1,NA,NA,NA,NA,"ME13"
"Porites_compressa_HIv1___RNAseq.g36490.t1",0,0,1,NA,NA,NA,NA,"ME2"
"Porites_compressa_HIv1___RNAseq.g36499.t1",0,0,1,0.0335229056000724,"Other",4,0.682475201547246,"ME3"
"Porites_compressa_HIv1___RNAseq.g36501.t1",1,0,0,NA,NA,NA,NA,"ME0"
"Porites_compressa_HIv1___RNAseq.g36504.t1",1,0,1,0.0311104953037712,"Monotonous",5,0.647889513881015,"ME0"
"Porites_compressa_HIv1___RNAseq.g36505.t1",1,0,0,NA,NA,NA,NA,"ME2"
"Porites_compressa_HIv1___RNAseq.g36506.t1",1,1,0,NA,NA,NA,NA,"ME0"
"Porites_compressa_HIv1___RNAseq.g36508.t1",0,0,1,NA,NA,NA,NA,"ME3"
"Porites_compressa_HIv1___RNAseq.g36511.t1",0,2,0,NA,NA,NA,NA,"ME2"
"Porites_compressa_HIv1___RNAseq.g36516.t1",2,0,1,NA,NA,NA,NA,"ME8"
"Porites_compressa_HIv1___RNAseq.g36518.t1",0,1,0,NA,NA,NA,NA,"ME0"
"Porites_compressa_HIv1___RNAseq.g36519.t1",1,0,0,0.0439827658814205,"Other",NA,NA,"ME0"
"Porites_compressa_HIv1___RNAseq.g36523.t1",0,2,0,0.0315744783346956,"Other",NA,NA,"ME0"
"Porites_compressa_HIv1___TS.g32252.t1",1,0,0,NA,NA,NA,NA,"ME3"
"Porites_compressa_HIv1___RNAseq.g36527.t1",0,1,0,NA,NA,NA,NA,"ME3"
"Porites_compressa_HIv1___RNAseq.g36543.t1",1,0,0,NA,NA,NA,NA,"ME0"
"Porites_compressa_HIv1___RNAseq.g36556.t1",2,0,0,NA,NA,NA,NA,"ME0"
"Porites_compressa_HIv1___RNAseq.g36816.t1",1,0,0,NA,NA,NA,NA,"ME0"
"Porites_compressa_HIv1___RNAseq.g34179.t1",0,0,1,NA,NA,NA,NA,"ME0"
"Porites_compressa_HIv1___RNAseq.g34185.t1",0,0,1,NA,NA,NA,NA,"ME0"
"Porites_compressa_HIv1___RNAseq.g34186.t1",1,0,1,NA,NA,NA,NA,"ME0"
"Porites_compressa_HIv1___RNAseq.g34188.t1",0,1,0,NA,NA,NA,NA,"ME0"
"Porites_compressa_HIv1___RNAseq.g34191.t1",1,0,0,NA,NA,NA,NA,"ME0"
"Porites_compressa_HIv1___RNAseq.g34193.t1",0,0,1,NA,NA,NA,NA,"ME0"
"Porites_compressa_HIv1___RNAseq.g34194.t1",0,1,0,NA,NA,NA,NA,"ME0"
"Porites_compressa_HIv1___RNAseq.g34206.t1",0,0,1,0.000389504565870744,"Transient",6,0.611065237189658,"ME1"
"Porites_compressa_HIv1___RNAseq.g34213.t1",0,0,1,NA,NA,NA,NA,"ME0"
"Porites_compressa_HIv1___RNAseq.g34218.t1",1,0,0,NA,NA,NA,NA,"ME0"
"Porites_compressa_HIv1___RNAseq.g34329.t1",2,0,1,NA,NA,NA,NA,"ME0"
"Porites_compressa_HIv1___TS.g35474.t1",2,0,0,NA,NA,NA,NA,"ME0"
"Porites_compressa_HIv1___RNAseq.g34285.t1",1,0,0,NA,NA,NA,NA,"ME0"
"Porites_compressa_HIv1___RNAseq.g34295.t1",0,1,0,NA,NA,NA,NA,"ME0"
"Porites_compressa_HIv1___RNAseq.g34312.t1",1,0,0,NA,NA,NA,NA,"ME0"
"Porites_compressa_HIv1___RNAseq.g34267.t1",1,0,0,0.00618036054222597,"Monotonous",3,0.754575528486592,"ME2"
"Porites_compressa_HIv1___RNAseq.g34268.t1",1,0,0,1.0849735161765e-05,"Monotonous",2,0.803948407975922,"ME11"
"Porites_compressa_HIv1___RNAseq.g34276.t1",0,1,0,0.000703289273323297,"Transient",5,0.967852497180862,"ME1"
"Porites_compressa_HIv1___RNAseq.g34277.t1",0,0,1,NA,NA,NA,NA,"ME3"
"Porites_compressa_HIv1___TS.g35418.t1",0,1,0,0.013336231126341,"Other",NA,NA,"ME0"
"Porites_compressa_HIv1___RNAseq.g34286.t1",1,0,0,NA,NA,NA,NA,"ME7"
"Porites_compressa_HIv1___RNAseq.g34288.t1",1,0,0,NA,NA,NA,NA,"ME3"
"Porites_compressa_HIv1___RNAseq.g34293.t1",1,0,0,0.00364755271392536,"Other",2,0.893910913985444,"ME2"
"Porites_compressa_HIv1___TS.g35442.t2",0,1,0,NA,NA,NA,NA,"ME0"
"Porites_compressa_HIv1___RNAseq.g34306.t1",1,0,0,NA,NA,NA,NA,"ME0"
"Porites_compressa_HIv1___RNAseq.g34308.t1",1,0,0,9.11286399147661e-19,"Monotonous",1,0.704385988104122,"ME2"
"Porites_compressa_HIv1___RNAseq.g34309.t1",1,0,0,1.64338519677776e-23,"Monotonous",1,0.87857649350749,"ME0"
"Porites_compressa_HIv1___RNAseq.g34310.t1",1,0,0,2.11565370885935e-15,"Monotonous",1,0.757359866330793,"ME2"
"Porites_compressa_HIv1___RNAseq.g34311.t1",1,0,0,2.33974977716952e-23,"Monotonous",1,0.883791142652023,"ME2"
"Porites_compressa_HIv1___TS.g35452.t1",1,0,0,NA,NA,NA,NA,"ME0"
"Porites_compressa_HIv1___RNAseq.g34317.t1",1,0,0,NA,NA,NA,NA,"ME0"
"Porites_compressa_HIv1___TS.g35459.t1",2,0,0,0.0187645449850705,"Other",4,0.786697017982829,"ME3"
"Porites_compressa_HIv1___TS.g35460.t1",1,0,0,NA,NA,NA,NA,"ME4"
"Porites_compressa_HIv1___TS.g35461.t2",1,0,0,NA,NA,NA,NA,"ME1"
"Porites_compressa_HIv1___RNAseq.g34488.t2",0,1,0,NA,NA,NA,NA,"ME0"
"Porites_compressa_HIv1___TS.g7092.t1",1,0,0,NA,NA,NA,NA,"ME0"
"Porites_compressa_HIv1___RNAseq.g7442.t1c",1,0,0,NA,NA,NA,NA,"ME0"
"Porites_compressa_HIv1___RNAseq.g34481.t1",1,0,0,NA,NA,NA,NA,"ME0"
"Porites_compressa_HIv1___RNAseq.g36619.t1",0,1,0,NA,NA,NA,NA,"ME0"
"Porites_compressa_HIv1___RNAseq.g36651.t1",0,1,0,NA,NA,NA,NA,"ME0"
"Porites_compressa_HIv1___RNAseq.g36687.t1",0,0,1,NA,NA,NA,NA,"ME0"
"Porites_compressa_HIv1___RNAseq.g36808.t1",1,0,0,NA,NA,NA,NA,"ME1"
"Porites_compressa_HIv1___RNAseq.g36582.t1",1,0,0,NA,NA,NA,NA,"ME1"
"Porites_compressa_HIv1___RNAseq.g36596.t1",0,0,1,NA,NA,NA,NA,"ME0"
"Porites_compressa_HIv1___RNAseq.g36600.t1",0,1,0,1.79867064984368e-10,"Monotonous",1,0.666319352768929,"ME5"
"Porites_compressa_HIv1___RNAseq.g36604.t1",1,0,0,7.58290480160262e-07,"Monotonous",1,0.797459265355143,"ME10"
"Porites_compressa_HIv1___RNAseq.g36606.t1",0,1,0,NA,NA,NA,NA,"ME3"
"Porites_compressa_HIv1___RNAseq.g36607.t1",1,0,0,0.000833901452927456,"Other",6,0.759864384358667,"ME1"
"Porites_compressa_HIv1___RNAseq.g36608.t1",1,0,0,0.0276563559274795,"Monotonous",2,0.804567115974026,"ME2"
"Porites_compressa_HIv1___RNAseq.g36610.t1",0,0,1,0.00391463256427005,"Monotonous",NA,NA,"ME1"
"Porites_compressa_HIv1___RNAseq.g36611.t1",0,0,1,NA,NA,NA,NA,"ME0"
"Porites_compressa_HIv1___RNAseq.g36616.t1",0,1,0,0.00667110033604502,"Transient",5,0.850128878372009,"ME1"
"Porites_compressa_HIv1___RNAseq.g36617.t1",0,0,1,NA,NA,NA,NA,"ME0"
"Porites_compressa_HIv1___TS.g32344.t1",0,0,1,0.00126198949231607,"Transient",5,0.803084839305531,"ME1"
"Porites_compressa_HIv1___RNAseq.g36626.t1",1,0,0,NA,NA,NA,NA,"ME2"
"Porites_compressa_HIv1___RNAseq.g36627.t1",1,0,0,NA,NA,NA,NA,"ME0"
"Porites_compressa_HIv1___RNAseq.g36631.t1",0,0,1,NA,NA,NA,NA,"ME0"
"Porites_compressa_HIv1___RNAseq.g36632.t1",2,0,0,NA,NA,NA,NA,"ME4"
"Porites_compressa_HIv1___TS.g32363.t1",1,0,0,NA,NA,NA,NA,"ME1"
"Porites_compressa_HIv1___RNAseq.g36647.t1",0,0,1,NA,NA,NA,NA,"ME20"
"Porites_compressa_HIv1___RNAseq.g36650.t1",1,0,0,3.06152314296214e-10,"Monotonous",5,0.917387458704491,"ME1"
"Porites_compressa_HIv1___RNAseq.g36657.t1",2,0,0,NA,NA,NA,NA,"ME0"
"Porites_compressa_HIv1___RNAseq.g36658.t1",0,0,1,7.21446532890861e-06,"Monotonous",2,0.50429409206084,"ME19"
"Porites_compressa_HIv1___TS.g32385.t2",1,0,0,NA,NA,NA,NA,"ME0"
"Porites_compressa_HIv1___RNAseq.g36664.t1",1,0,1,NA,NA,NA,NA,"ME1"
"Porites_compressa_HIv1___RNAseq.g36671.t1",0,0,1,0.000512549764598536,"Monotonous",6,0.951194997679926,"ME1"
"Porites_compressa_HIv1___RNAseq.g36674.t1",0,0,1,NA,NA,NA,NA,"ME1"
"Porites_compressa_HIv1___RNAseq.g36688.t1",0,0,1,NA,NA,NA,NA,"ME1"
"Porites_compressa_HIv1___TS.g32423.t1",0,0,1,NA,NA,NA,NA,"ME3"
"Porites_compressa_HIv1___TS.g32431.t2",0,2,0,NA,NA,NA,NA,"ME1"
"Porites_compressa_HIv1___RNAseq.g36717.t1",1,0,0,NA,NA,NA,NA,"ME1"
"Porites_compressa_HIv1___RNAseq.g36719.t1",1,0,0,NA,NA,NA,NA,"ME0"
"Porites_compressa_HIv1___RNAseq.g36720.t1",0,0,1,NA,NA,NA,NA,"ME0"
"Porites_compressa_HIv1___RNAseq.g36721.t1",0,1,1,NA,NA,NA,NA,"ME1"
"Porites_compressa_HIv1___TS.g32446.t1",0,1,0,4.13551467969051e-05,"Transient",6,0.58442410673866,"ME1"
"Porites_compressa_HIv1___RNAseq.g36729.t1",0,0,1,NA,NA,NA,NA,"ME2"
"Porites_compressa_HIv1___RNAseq.g36730.t1",0,1,0,NA,NA,NA,NA,"ME1"
"Porites_compressa_HIv1___RNAseq.g36736.t1",0,0,1,0.0130407710732705,"Other",6,0.932412186616627,"ME1"
"Porites_compressa_HIv1___RNAseq.g36737.t1",0,0,1,NA,NA,NA,NA,"ME0"
"Porites_compressa_HIv1___RNAseq.g36738.t1",0,1,1,6.05131351337638e-08,"Monotonous",2,0.921845764277213,"ME11"
"Porites_compressa_HIv1___RNAseq.g36740.t1",1,1,1,NA,NA,NA,NA,"ME11"
"Porites_compressa_HIv1___RNAseq.g36741.t1",1,0,0,NA,NA,NA,NA,"ME11"
"Porites_compressa_HIv1___RNAseq.g36753.t1",1,1,0,NA,NA,NA,NA,"ME0"
"Porites_compressa_HIv1___RNAseq.g36754.t1",2,0,0,NA,NA,NA,NA,"ME0"
"Porites_compressa_HIv1___RNAseq.g36755.t1",0,3,0,0.00648815049204202,"Other",NA,NA,"ME0"
"Porites_compressa_HIv1___RNAseq.g36761.t1",1,1,0,0.0307738110429494,"Other",3,0.513658466548768,"ME2"
"Porites_compressa_HIv1___RNAseq.g36764.t1",1,0,2,NA,NA,NA,NA,"ME2"
"Porites_compressa_HIv1___RNAseq.g36768.t1",0,1,0,NA,NA,NA,NA,"ME2"
"Porites_compressa_HIv1___RNAseq.g36773.t1",2,0,0,NA,NA,NA,NA,"ME3"
"Porites_compressa_HIv1___TS.g32494.t1",1,0,0,NA,NA,NA,NA,"ME1"
"Porites_compressa_HIv1___RNAseq.g36778.t1",0,0,1,NA,NA,NA,NA,"ME0"
"Porites_compressa_HIv1___RNAseq.g36779.t1",0,1,1,NA,NA,NA,NA,"ME24"
"Porites_compressa_HIv1___RNAseq.g36786.t2",0,1,0,NA,NA,NA,NA,"ME0"
"Porites_compressa_HIv1___RNAseq.g36789.t1",0,1,0,3.21882153726002e-11,"Monotonous",2,0.540601529440232,"ME5"
"Porites_compressa_HIv1___RNAseq.g36790.t1",0,1,0,0.019305031819789,"Other",NA,NA,"ME0"
"Porites_compressa_HIv1___RNAseq.g36795.t1",1,0,0,0.0001220978679975,"Monotonous",2,0.718511815962102,"ME4"
"Porites_compressa_HIv1___RNAseq.19012_t",1,0,0,NA,NA,NA,NA,"ME2"
"Porites_compressa_HIv1___RNAseq.g36809.t1",1,0,0,0.00793582067264087,"Transient",5,0.867268674969395,"ME1"
"Porites_compressa_HIv1___RNAseq.g34338.t1",1,0,0,NA,NA,NA,NA,"ME0"
"Porites_compressa_HIv1___RNAseq.g34391.t1",0,0,1,NA,NA,NA,NA,"ME0"
"Porites_compressa_HIv1___RNAseq.g34453.t2",1,0,0,NA,NA,NA,NA,"ME0"
"Porites_compressa_HIv1___RNAseq.g34457.t1",0,1,0,NA,NA,NA,NA,"ME1"
"Porites_compressa_HIv1___RNAseq.g34462.t1",0,0,1,NA,NA,NA,NA,"ME0"
"Porites_compressa_HIv1___RNAseq.g34336.t1",1,0,0,NA,NA,NA,NA,"ME1"
"Porites_compressa_HIv1___RNAseq.g34337.t1",1,0,0,NA,NA,NA,NA,"ME0"
"Porites_compressa_HIv1___TS.g35482.t2c",0,1,0,0.000759300717622335,"Monotonous",2,0.785994466731972,"ME2"
"Porites_compressa_HIv1___TS.g35484.t1b",0,1,0,NA,NA,NA,NA,"ME3"
"Porites_compressa_HIv1___RNAseq.g34345.t1",0,0,1,0.00128058157298764,"Monotonous",3,0.614098630099604,"ME4"
"Porites_compressa_HIv1___TS.g35488.t1",1,0,0,NA,NA,NA,NA,"ME8"
"Porites_compressa_HIv1___RNAseq.g34348.t1",1,0,0,0.0446293594387708,"Other",6,0.922964690564041,"ME1"
"Porites_compressa_HIv1___RNAseq.g34353.t1",1,0,0,NA,NA,NA,NA,"ME3"
"Porites_compressa_HIv1___TS.g35496.t2",0,3,0,0.0313265753779794,"Other",6,0.777700332642723,"ME1"
"Porites_compressa_HIv1___TS.g35498.t3",1,0,0,0.0355429013715756,"Other",4,0.601057016685342,"ME3"
"Porites_compressa_HIv1___RNAseq.g34406.t1",1,1,0,NA,NA,NA,NA,"ME0"
"Porites_compressa_HIv1___RNAseq.g34444.t1",0,1,0,NA,NA,NA,NA,"ME6"
"Porites_compressa_HIv1___RNAseq.g7768.t1",0,1,0,0.0308367262109201,"Other",2,0.56299754646734,"ME22"
"Porites_compressa_HIv1___TS.g7139.t1",0,0,1,NA,NA,NA,NA,"ME0"
"Porites_compressa_HIv1___RNAseq.g7499.t1",0,2,0,NA,NA,NA,NA,"ME0"
"Porites_compressa_HIv1___RNAseq.g7546.t1b",0,0,1,NA,NA,NA,NA,"ME0"
"Porites_compressa_HIv1___RNAseq.g7577.t1",0,1,0,NA,NA,NA,NA,"ME6"
"Porites_compressa_HIv1___RNAseq.g7620.t1",0,1,1,NA,NA,NA,NA,"ME0"
"Porites_compressa_HIv1___RNAseq.g7631.t1",0,0,1,0.0225766128621966,"Other",NA,NA,"ME0"
"Porites_compressa_HIv1___TS.g7374.t1",0,1,1,NA,NA,NA,NA,"ME0"
"Porites_compressa_HIv1___TS.g7392.t1c",0,1,0,NA,NA,NA,NA,"ME0"
"Porites_compressa_HIv1___RNAseq.g7760.t1",1,0,0,NA,NA,NA,NA,"ME0"
"Porites_compressa_HIv1___TS.g7124.t1",1,0,0,NA,NA,NA,NA,"ME1"
"Porites_compressa_HIv1___RNAseq.g7473.t1",0,0,1,NA,NA,NA,NA,"ME13"
"Porites_compressa_HIv1___RNAseq.g7474.t1",0,0,1,NA,NA,NA,NA,"ME3"
"Porites_compressa_HIv1___RNAseq.g7476.t1",1,0,0,NA,NA,NA,NA,"ME0"
"Porites_compressa_HIv1___RNAseq.g7480.t1",0,0,1,NA,NA,NA,NA,"ME0"
"Porites_compressa_HIv1___RNAseq.g7496.t1",0,3,0,0.000767697129633808,"Transient",NA,NA,"ME1"
"Porites_compressa_HIv1___RNAseq.g7497.t1",0,3,0,1.5271326056958e-05,"Transient",5,0.546569722542967,"ME0"
"Porites_compressa_HIv1___RNAseq.g7500.t2",0,3,0,0.00126385960717512,"Transient",NA,NA,"ME0"
"Porites_compressa_HIv1___RNAseq.g7502.t1",0,3,0,0.0371099689592065,"Transient",NA,NA,"ME0"
"Porites_compressa_HIv1___RNAseq.g7505.t1",0,1,0,NA,NA,NA,NA,"ME1"
"Porites_compressa_HIv1___RNAseq.g7507.t1",1,1,0,NA,NA,NA,NA,"ME1"
"Porites_compressa_HIv1___RNAseq.g7508.t1",1,1,0,0.00901656540105303,"Transient",4,0.636139815524698,"ME3"
"Porites_compressa_HIv1___RNAseq.g7510.t1",1,0,0,NA,NA,NA,NA,"ME2"
"Porites_compressa_HIv1___RNAseq.g7516.t1",1,0,0,NA,NA,NA,NA,"ME2"
"Porites_compressa_HIv1___RNAseq.g7517.t1",1,0,0,0.0157444214766963,"Transient",5,0.89989978981533,"ME1"
"Porites_compressa_HIv1___RNAseq.g7519.t1",1,0,0,NA,NA,NA,NA,"ME0"
"Porites_compressa_HIv1___RNAseq.g7523.t2b",2,1,1,NA,NA,NA,NA,"ME1"
"Porites_compressa_HIv1___RNAseq.g7524.t1",1,0,0,NA,NA,NA,NA,"ME9"
"Porites_compressa_HIv1___RNAseq.g7527.t1",0,1,0,NA,NA,NA,NA,"ME1"
"Porites_compressa_HIv1___RNAseq.g7530.t1",0,1,0,0.00290388926076979,"Other",3,0.856604993080779,"ME2"
"Porites_compressa_HIv1___RNAseq.g7531.t1",1,0,0,NA,NA,NA,NA,"ME0"
"Porites_compressa_HIv1___RNAseq.g7535.t1",1,0,0,NA,NA,NA,NA,"ME0"
"Porites_compressa_HIv1___RNAseq.g7537.t1",1,0,0,NA,NA,NA,NA,"ME1"
"Porites_compressa_HIv1___RNAseq.g7538.t1",0,1,0,NA,NA,NA,NA,"ME0"
"Porites_compressa_HIv1___RNAseq.g7541.t1",0,1,0,NA,NA,NA,NA,"ME18"
"Porites_compressa_HIv1___RNAseq.g7549.t1",1,0,0,NA,NA,NA,NA,"ME0"
"Porites_compressa_HIv1___RNAseq.g7561.t1",0,0,1,NA,NA,NA,NA,"ME0"
"Porites_compressa_HIv1___RNAseq.g7562.t1",0,0,1,0.00570831261798193,"Other",3,0.898052326055953,"ME3"
"Porites_compressa_HIv1___RNAseq.g7567.t1",1,0,0,NA,NA,NA,NA,"ME10"
"Porites_compressa_HIv1___RNAseq.g7569.t1",2,0,0,8.77526036583118e-07,"Monotonous",1,0.844804490933123,"ME20"
"Porites_compressa_HIv1___RNAseq.g7572.t1",1,0,0,NA,NA,NA,NA,"ME0"
"Porites_compressa_HIv1___TS.g7254.t2",1,0,0,1.17998899097738e-05,"Monotonous",NA,NA,"ME14"
"Porites_compressa_HIv1___RNAseq.g7602.t1",1,0,0,NA,NA,NA,NA,"ME0"
"Porites_compressa_HIv1___RNAseq.g7607.t1",0,0,1,NA,NA,NA,NA,"ME0"
"Porites_compressa_HIv1___RNAseq.g7610.t1",0,0,1,NA,NA,NA,NA,"ME0"
"Porites_compressa_HIv1___RNAseq.g7614.t1",0,1,0,NA,NA,NA,NA,"ME0"
"Porites_compressa_HIv1___RNAseq.g7615.t1a",2,0,0,NA,NA,NA,NA,"ME0"
"Porites_compressa_HIv1___RNAseq.g7616.t1",0,0,1,NA,NA,NA,NA,"ME1"
"Porites_compressa_HIv1___RNAseq.g7623.t1",1,0,0,6.4273486505807e-06,"Transient",NA,NA,"ME3"
"Porites_compressa_HIv1___TS.g7285.t1",1,0,0,0.00634144164336912,"Transient",5,0.670319005335199,"ME1"
"Porites_compressa_HIv1___RNAseq.g7630.t1",1,0,0,NA,NA,NA,NA,"ME0"
"Porites_compressa_HIv1___RNAseq.g7639.t1",0,1,0,NA,NA,NA,NA,"ME0"
"Porites_compressa_HIv1___TS.g7303.t1",1,0,0,NA,NA,NA,NA,"ME0"
"Porites_compressa_HIv1___RNAseq.19588_t",0,0,1,NA,NA,NA,NA,"ME0"
"Porites_compressa_HIv1___RNAseq.g7658.t1",0,0,1,NA,NA,NA,NA,"ME6"
"Porites_compressa_HIv1___RNAseq.g7661.t1",0,2,0,NA,NA,NA,NA,"ME0"
"Porites_compressa_HIv1___TS.g7322.t1",0,0,2,NA,NA,NA,NA,"ME0"
"Porites_compressa_HIv1___RNAseq.g7665.t1",0,0,2,NA,NA,NA,NA,"ME1"
"Porites_compressa_HIv1___RNAseq.g7670.t1",0,1,0,NA,NA,NA,NA,"ME2"
"Porites_compressa_HIv1___RNAseq.g7674.t1",1,0,0,NA,NA,NA,NA,"ME0"
"Porites_compressa_HIv1___RNAseq.g7680.t1",1,0,0,NA,NA,NA,NA,"ME9"
"Porites_compressa_HIv1___RNAseq.g7683.t1",0,1,0,0.000300040681062819,"Transient",4,0.87708083535565,"ME3"
"Porites_compressa_HIv1___TS.g7341.t1",0,1,0,NA,NA,NA,NA,"ME0"
"Porites_compressa_HIv1___RNAseq.g7686.t1",0,1,1,NA,NA,NA,NA,"ME4"
"Porites_compressa_HIv1___RNAseq.g7690.t1",0,0,1,NA,NA,NA,NA,"ME1"
"Porites_compressa_HIv1___RNAseq.g7692.t1",1,1,0,0.0147052960077847,"Other",6,0.710928919206396,"ME1"
"Porites_compressa_HIv1___RNAseq.g7698.t1",1,0,0,7.66202463261589e-10,"Transient",5,0.957377674977508,"ME1"
"Porites_compressa_HIv1___RNAseq.g7699.t1",0,0,1,9.77139706803806e-05,"Monotonous",2,0.506302218456985,"ME2"
"Porites_compressa_HIv1___RNAseq.g7703.t1",1,0,0,NA,NA,NA,NA,"ME0"
"Porites_compressa_HIv1___TS.g7362.t1b",1,0,1,0.0151692961915415,"Other",6,0.760844285261765,"ME1"
"Porites_compressa_HIv1___TS.g7367.t1",0,1,0,NA,NA,NA,NA,"ME3"
"Porites_compressa_HIv1___RNAseq.g7711.t1",0,0,1,NA,NA,NA,NA,"ME0"
"Porites_compressa_HIv1___TS.g7369.t1",0,1,0,NA,NA,NA,NA,"ME3"
"Porites_compressa_HIv1___TS.g7372.t1",0,1,0,NA,NA,NA,NA,"ME0"
"Porites_compressa_HIv1___RNAseq.g7720.t1",1,1,0,NA,NA,NA,NA,"ME13"
"Porites_compressa_HIv1___RNAseq.g7723.t1",1,0,0,NA,NA,NA,NA,"ME13"
"Porites_compressa_HIv1___RNAseq.g7724.t1",1,0,0,NA,NA,NA,NA,"ME0"
"Porites_compressa_HIv1___TS.g7386.t1",0,1,0,NA,NA,NA,NA,"ME0"
"Porites_compressa_HIv1___RNAseq.g7733.t1",0,1,0,NA,NA,NA,NA,"ME1"
"Porites_compressa_HIv1___TS.g7392.t1a",0,2,0,NA,NA,NA,NA,"ME0"
"Porites_compressa_HIv1___RNAseq.g7739.t1",0,1,0,NA,NA,NA,NA,"ME1"
"Porites_compressa_HIv1___RNAseq.g7741.t1",0,1,0,NA,NA,NA,NA,"ME0"
"Porites_compressa_HIv1___RNAseq.g7742.t1",0,1,0,NA,NA,NA,NA,"ME6"
"Porites_compressa_HIv1___RNAseq.g7746.t1",1,0,0,0.0060392323783314,"Monotonous",2,0.863667146392961,"ME2"
"Porites_compressa_HIv1___RNAseq.g7755.t1",0,1,0,NA,NA,NA,NA,"ME0"
"Porites_compressa_HIv1___RNAseq.g9648.t1",1,0,1,NA,NA,NA,NA,"ME0"
"Porites_compressa_HIv1___TS.g22202.t1",1,0,0,0.0102942072699534,"Monotonous",1,0.883606566158937,"ME16"
"Porites_compressa_HIv1___RNAseq.g9652.t1",1,0,0,NA,NA,NA,NA,"ME0"
"Porites_compressa_HIv1___RNAseq.g9651.t1",1,0,0,NA,NA,NA,NA,"ME1"
"Porites_compressa_HIv1___RNAseq.g9663.t1",0,0,1,NA,NA,NA,NA,"ME0"
"Porites_compressa_HIv1___RNAseq.g9660.t1",1,0,0,NA,NA,NA,NA,"ME0"
"Porites_compressa_HIv1___RNAseq.g9426.t1",0,0,2,NA,NA,NA,NA,"ME0"
"Porites_compressa_HIv1___RNAseq.g9470.t1",1,0,0,NA,NA,NA,NA,"ME0"
"Porites_compressa_HIv1___RNAseq.g9487.t1",1,0,0,NA,NA,NA,NA,"ME0"
"Porites_compressa_HIv1___RNAseq.g9488.t1a",0,0,1,NA,NA,NA,NA,"ME0"
"Porites_compressa_HIv1___TS.g22103.t1",0,0,1,NA,NA,NA,NA,"ME0"
"Porites_compressa_HIv1___RNAseq.g9546.t1",1,0,0,NA,NA,NA,NA,"ME0"
"Porites_compressa_HIv1___RNAseq.g9548.t1",0,1,0,NA,NA,NA,NA,"ME0"
"Porites_compressa_HIv1___RNAseq.g9561.t1",1,0,0,NA,NA,NA,NA,"ME9"
"Porites_compressa_HIv1___RNAseq.g9570.t1",0,1,0,NA,NA,NA,NA,"ME0"
"Porites_compressa_HIv1___RNAseq.g9577.t1",1,0,0,NA,NA,NA,NA,"ME0"
"Porites_compressa_HIv1___RNAseq.g9608.t1",2,0,0,NA,NA,NA,NA,"ME11"
"Porites_compressa_HIv1___RNAseq.g9644.t1",0,1,0,NA,NA,NA,NA,"ME0"
"Porites_compressa_HIv1___RNAseq.g9421.t1",0,0,1,NA,NA,NA,NA,"ME0"
"Porites_compressa_HIv1___RNAseq.g9423.t1",0,0,1,NA,NA,NA,NA,"ME1"
"Porites_compressa_HIv1___RNAseq.g9432.t1",0,0,1,NA,NA,NA,NA,"ME2"
"Porites_compressa_HIv1___RNAseq.g9433.t1",0,1,0,NA,NA,NA,NA,"ME0"
"Porites_compressa_HIv1___TS.g21999.t1",1,0,0,NA,NA,NA,NA,"ME1"
"Porites_compressa_HIv1___RNAseq.g9438.t1",1,0,0,NA,NA,NA,NA,"ME8"
"Porites_compressa_HIv1___RNAseq.g9446.t1",0,1,0,NA,NA,NA,NA,"ME1"
"Porites_compressa_HIv1___TS.g22013.t1a",1,0,0,NA,NA,NA,NA,"ME0"
"Porites_compressa_HIv1___RNAseq.g9452.t1",2,0,0,NA,NA,NA,NA,"ME0"
"Porites_compressa_HIv1___RNAseq.g9468.t1",1,1,0,0.000125180264668554,"Monotonous",NA,NA,"ME3"
"Porites_compressa_HIv1___RNAseq.g9469.t1",2,0,0,0.0315835960046137,"Other",4,0.582021425426394,"ME3"
"Porites_compressa_HIv1___RNAseq.g9474.t2",0,1,0,NA,NA,NA,NA,"ME0"
"Porites_compressa_HIv1___RNAseq.g9477.t1",1,0,0,NA,NA,NA,NA,"ME6"
"Porites_compressa_HIv1___RNAseq.19773_t",1,0,0,NA,NA,NA,NA,"ME0"
"Porites_compressa_HIv1___RNAseq.g9495.t1",1,0,0,NA,NA,NA,NA,"ME0"
"Porites_compressa_HIv1___RNAseq.g9496.t1",1,0,0,NA,NA,NA,NA,"ME0"
"Porites_compressa_HIv1___RNAseq.g9497.t1",2,0,0,NA,NA,NA,NA,"ME3"
"Porites_compressa_HIv1___RNAseq.g9500.t1",0,2,0,NA,NA,NA,NA,"ME0"
"Porites_compressa_HIv1___TS.g22063.t1",0,1,0,NA,NA,NA,NA,"ME0"
"Porites_compressa_HIv1___RNAseq.g9515.t1",0,2,0,NA,NA,NA,NA,"ME5"
"Porites_compressa_HIv1___RNAseq.g9516.t1",0,2,0,0.00516923555952108,"Transient",5,0.862708173597693,"ME1"
"Porites_compressa_HIv1___RNAseq.g9519.t1",0,1,0,NA,NA,NA,NA,"ME1"
"Porites_compressa_HIv1___RNAseq.g9531.t1",0,1,0,0.0368181852971223,"Other",3,0.773351092126394,"ME4"
"Porites_compressa_HIv1___RNAseq.g9537.t1",0,1,0,NA,NA,NA,NA,"ME1"
"Porites_compressa_HIv1___TS.g22117.t1",1,0,0,NA,NA,NA,NA,"ME0"
"Porites_compressa_HIv1___RNAseq.g9579.t1",0,2,0,NA,NA,NA,NA,"ME5"
"Porites_compressa_HIv1___RNAseq.g9596.t1",1,1,0,0.00460807296584387,"Other",6,0.627105546200083,"ME1"
"Porites_compressa_HIv1___TS.g22165.t1",0,1,0,NA,NA,NA,NA,"ME1"
"Porites_compressa_HIv1___RNAseq.g9613.t1",0,0,1,NA,NA,NA,NA,"ME0"
"Porites_compressa_HIv1___RNAseq.g9626.t1",2,0,0,NA,NA,NA,NA,"ME0"
"Porites_compressa_HIv1___RNAseq.g9630.t1",0,1,0,0.000947158824576212,"Monotonous",6,0.760989543648222,"ME1"
"Porites_compressa_HIv1___RNAseq.g9631.t1",0,0,1,NA,NA,NA,NA,"ME2"
"Porites_compressa_HIv1___TS.g22192.t1",1,0,0,2.75883633481144e-31,"Monotonous",1,0.866047171350558,"ME0"
"Porites_compressa_HIv1___RNAseq.g9638.t1",0,1,0,0.0180389359096556,"Other",1,0.555612982899958,"ME0"
"Porites_compressa_HIv1___RNAseq.g38959.t1",0,0,1,NA,NA,NA,NA,"ME8"
"Porites_compressa_HIv1___RNAseq.g38942.t2",0,0,1,NA,NA,NA,NA,"ME8"
"Porites_compressa_HIv1___RNAseq.g38949.t1",0,1,0,NA,NA,NA,NA,"ME6"
"Porites_compressa_HIv1___RNAseq.g38786.t1",0,1,0,NA,NA,NA,NA,"ME0"
"Porites_compressa_HIv1___RNAseq.g38814.t1b",0,1,0,NA,NA,NA,NA,"ME0"
"Porites_compressa_HIv1___RNAseq.g38906.t1",0,1,0,NA,NA,NA,NA,"ME0"
"Porites_compressa_HIv1___TS.g39501.t1",0,0,1,NA,NA,NA,NA,"ME8"
"Porites_compressa_HIv1___TS.g39307.t1",0,0,1,NA,NA,NA,NA,"ME2"
"Porites_compressa_HIv1___RNAseq.g38739.t1",1,0,0,6.9099951499522e-06,"Monotonous",2,0.664090012749313,"ME4"
"Porites_compressa_HIv1___RNAseq.g38741.t1",1,0,0,0.0140959316118491,"Other",6,0.567342017871133,"ME1"
"Porites_compressa_HIv1___TS.g39316.t1",1,0,0,4.39790354837264e-13,"Monotonous",2,0.902050375908494,"ME2"
"Porites_compressa_HIv1___RNAseq.g38749.t1",0,0,1,NA,NA,NA,NA,"ME1"
"Porites_compressa_HIv1___RNAseq.g38752.t1",1,0,0,NA,NA,NA,NA,"ME4"
"Porites_compressa_HIv1___RNAseq.g38758.t1",0,1,0,NA,NA,NA,NA,"ME2"
"Porites_compressa_HIv1___RNAseq.g38760.t1",0,1,0,NA,NA,NA,NA,"ME3"
"Porites_compressa_HIv1___RNAseq.g38766.t1",1,0,0,NA,NA,NA,NA,"ME0"
"Porites_compressa_HIv1___RNAseq.g38780.t1",1,0,0,NA,NA,NA,NA,"ME1"
"Porites_compressa_HIv1___RNAseq.g38783.t1",1,0,0,NA,NA,NA,NA,"ME0"
"Porites_compressa_HIv1___TS.g39356.t1",1,0,0,NA,NA,NA,NA,"ME7"
"Porites_compressa_HIv1___RNAseq.g38787.t1",0,1,1,NA,NA,NA,NA,"ME0"
"Porites_compressa_HIv1___RNAseq.g38793.t1",0,1,0,NA,NA,NA,NA,"ME3"
"Porites_compressa_HIv1___RNAseq.g38794.t1",1,0,0,NA,NA,NA,NA,"ME3"
"Porites_compressa_HIv1___RNAseq.g38814.t1a",0,2,0,0.000759747102182051,"Transient",4,0.592670395811977,"ME3"
"Porites_compressa_HIv1___RNAseq.g38815.t1",0,2,1,NA,NA,NA,NA,"ME1"
"Porites_compressa_HIv1___RNAseq.g38818.t1",1,0,0,0.0323826569230191,"Other",5,0.701748253067852,"ME1"
"Porites_compressa_HIv1___RNAseq.g38820.t1",1,0,0,0.0432165003759942,"Other",6,0.855815122644756,"ME1"
"Porites_compressa_HIv1___RNAseq.g38821.t1",1,0,0,0.00612613773979051,"Other",5,0.872572926769747,"ME1"
"Porites_compressa_HIv1___RNAseq.g38827.t1",0,0,1,NA,NA,NA,NA,"ME13"
"Porites_compressa_HIv1___TS.g39409.t2b",1,0,0,NA,NA,NA,NA,"ME0"
"Porites_compressa_HIv1___RNAseq.g38841.t1a",1,0,0,NA,NA,NA,NA,"ME1"
"Porites_compressa_HIv1___RNAseq.g38844.t1",1,0,0,0.018015762988217,"Other",1,0.50614990970439,"ME11"
"Porites_compressa_HIv1___RNAseq.g38845.t1",0,0,1,NA,NA,NA,NA,"ME4"
"Porites_compressa_HIv1___RNAseq.g38849.t1",0,1,0,NA,NA,NA,NA,"ME1"
"Porites_compressa_HIv1___RNAseq.g38850.t1",0,1,0,NA,NA,NA,NA,"ME9"
"Porites_compressa_HIv1___RNAseq.g38852.t1",2,0,0,NA,NA,NA,NA,"ME8"
"Porites_compressa_HIv1___RNAseq.g38855.t1",0,1,0,1.54424459525495e-05,"Monotonous",1,0.832726043980907,"ME16"
"Porites_compressa_HIv1___RNAseq.g38859.t1",0,1,0,NA,NA,NA,NA,"ME4"
"Porites_compressa_HIv1___RNAseq.g38861.t1",0,0,1,0.0204013805435866,"Other",NA,NA,"ME4"
"Porites_compressa_HIv1___RNAseq.g38862.t1",0,0,1,NA,NA,NA,NA,"ME1"
"Porites_compressa_HIv1___RNAseq.g38863.t1",1,1,1,NA,NA,NA,NA,"ME0"
"Porites_compressa_HIv1___RNAseq.g38868.t1",0,0,1,NA,NA,NA,NA,"ME1"
"Porites_compressa_HIv1___RNAseq.g38870.t1",1,0,0,NA,NA,NA,NA,"ME1"
"Porites_compressa_HIv1___RNAseq.g38871.t1",1,0,0,NA,NA,NA,NA,"ME2"
"Porites_compressa_HIv1___RNAseq.g38874.t1",0,1,0,NA,NA,NA,NA,"ME15"
"Porites_compressa_HIv1___TS.g39446.t1",1,1,0,0.0268262342542069,"Other",6,0.930694907207627,"ME1"
"Porites_compressa_HIv1___RNAseq.g38880.t1",1,0,0,NA,NA,NA,NA,"ME0"
"Porites_compressa_HIv1___RNAseq.g38882.t1",1,0,0,NA,NA,NA,NA,"ME0"
"Porites_compressa_HIv1___TS.g39450.t1",0,1,0,NA,NA,NA,NA,"ME5"
"Porites_compressa_HIv1___RNAseq.g38886.t1",1,0,0,0.033203086740201,"Other",5,0.77922001929803,"ME1"
"Porites_compressa_HIv1___TS.g39459.t1",1,0,1,0.00156244552399113,"Other",5,0.67875829984503,"ME1"
"Porites_compressa_HIv1___RNAseq.g38894.t1",1,0,0,NA,NA,NA,NA,"ME0"
"Porites_compressa_HIv1___RNAseq.g38899.t1",0,1,0,NA,NA,NA,NA,"ME3"
"Porites_compressa_HIv1___RNAseq.g38900.t1",1,1,0,NA,NA,NA,NA,"ME0"
"Porites_compressa_HIv1___RNAseq.g38907.t1",0,0,1,NA,NA,NA,NA,"ME1"
"Porites_compressa_HIv1___RNAseq.g38937.t1",0,0,1,NA,NA,NA,NA,"ME0"
"Porites_compressa_HIv1___RNAseq.g38938.t1",0,1,0,NA,NA,NA,NA,"ME0"
"Porites_compressa_HIv1___RNAseq.g38939.t1",1,0,0,NA,NA,NA,NA,"ME0"
"Porites_compressa_HIv1___RNAseq.g24551.t1",4,0,0,NA,NA,NA,NA,"ME0"
"Porites_compressa_HIv1___RNAseq.g24554.t1",0,0,1,0.000990587933401527,"Monotonous",3,0.650195154522475,"ME3"
"Porites_compressa_HIv1___RNAseq.g24570.t1",0,1,0,NA,NA,NA,NA,"ME8"
"Porites_compressa_HIv1___RNAseq.g24572.t1",0,0,1,NA,NA,NA,NA,"ME0"
"Porites_compressa_HIv1___RNAseq.g24574.t1",0,0,1,0.0323531863247301,"Other",5,0.980197147818219,"ME1"
"Porites_compressa_HIv1___TS.g28057.t1",0,0,1,NA,NA,NA,NA,"ME1"
"Porites_compressa_HIv1___TS.g28061.t2",0,3,1,NA,NA,NA,NA,"ME0"
"Porites_compressa_HIv1___RNAseq.g24581.t1",1,0,1,NA,NA,NA,NA,"ME6"
"Porites_compressa_HIv1___RNAseq.g24583.t1",0,1,0,NA,NA,NA,NA,"ME0"
"Porites_compressa_HIv1___RNAseq.g24599.t1",0,0,1,5.39274711923943e-12,"Monotonous",2,0.544621793383885,"ME5"
"Porites_compressa_HIv1___RNAseq.g24602.t1",0,0,1,2.5100429863577e-06,"Monotonous",1,0.937345123733304,"ME12"
"Porites_compressa_HIv1___RNAseq.g24603.t1",0,0,1,1.76663006484045e-06,"Monotonous",2,0.851029338830996,"ME5"
"Porites_compressa_HIv1___RNAseq.g24604.t1",0,0,1,7.79338754337737e-05,"Monotonous",2,0.536417419234185,"ME5"
"Porites_compressa_HIv1___RNAseq.g24605.t1",0,0,1,0.0235990481611406,"Monotonous",2,0.571062192228673,"ME5"
"Porites_compressa_HIv1___RNAseq.g24610.t1",0,0,1,0.00122130252416489,"Monotonous",NA,NA,"ME3"
"Porites_compressa_HIv1___RNAseq.g24612.t1",0,2,0,NA,NA,NA,NA,"ME0"
"Porites_compressa_HIv1___TS.g28089.t3",2,0,0,NA,NA,NA,NA,"ME0"
"Porites_compressa_HIv1___RNAseq.g24620.t1",1,0,0,NA,NA,NA,NA,"ME0"
"Porites_compressa_HIv1___RNAseq.g24647.t1",0,2,0,NA,NA,NA,NA,"ME3"
"Porites_compressa_HIv1___RNAseq.g24648.t1",0,2,0,NA,NA,NA,NA,"ME0"
"Porites_compressa_HIv1___RNAseq.g24491.t2",1,0,0,NA,NA,NA,NA,"ME0"
"Porites_compressa_HIv1___RNAseq.g24534.t1",1,0,0,NA,NA,NA,NA,"ME9"
"Porites_compressa_HIv1___RNAseq.g24412.t1",1,0,0,5.29249810653977e-05,"Monotonous",5,0.909378143514566,"ME1"
"Porites_compressa_HIv1___TS.g27892.t1",0,0,1,0.048009373868145,"Other",6,0.892843346632207,"ME1"
"Porites_compressa_HIv1___RNAseq.g24423.t1",1,0,0,2.20501258383274e-06,"Monotonous",2,0.977457051283904,"ME2"
"Porites_compressa_HIv1___RNAseq.g24430.t1",1,0,0,NA,NA,NA,NA,"ME0"
"Porites_compressa_HIv1___RNAseq.g24431.t1",2,0,0,0.00474012864631633,"Transient",NA,NA,"ME0"
"Porites_compressa_HIv1___RNAseq.g24440.t1a",1,0,0,0.0242026492364269,"Other",6,0.872954786893418,"ME1"
"Porites_compressa_HIv1___TS.g27909.t1",1,0,0,0.0349829026367905,"Other",6,0.777654920690959,"ME1"
"Porites_compressa_HIv1___RNAseq.g24442.t1",0,0,1,0.000427304339759413,"Monotonous",1,0.65617670763084,"ME1"
"Porites_compressa_HIv1___RNAseq.g24445.t1",0,1,0,0.00486721432947645,"Transient",4,0.572027359784223,"ME3"
"Porites_compressa_HIv1___TS.g27919.t1a",0,1,0,0.0413189863324449,"Other",NA,NA,"ME0"
"Porites_compressa_HIv1___RNAseq.g24457.t1",0,1,0,NA,NA,NA,NA,"ME1"
"Porites_compressa_HIv1___RNAseq.g24464.t1",0,2,0,NA,NA,NA,NA,"ME0"
"Porites_compressa_HIv1___RNAseq.g24465.t1",1,0,0,NA,NA,NA,NA,"ME1"
"Porites_compressa_HIv1___RNAseq.g24467.t1",1,0,0,0.0185218019457918,"Other",NA,NA,"ME0"
"Porites_compressa_HIv1___RNAseq.g24471.t1",0,2,0,0.00473154481638183,"Monotonous",2,0.529294127483405,"ME2"
"Porites_compressa_HIv1___RNAseq.g24472.t1",0,0,1,NA,NA,NA,NA,"ME0"
"Porites_compressa_HIv1___RNAseq.g24473.t1",0,0,1,NA,NA,NA,NA,"ME0"
"Porites_compressa_HIv1___RNAseq.g24482.t1",1,0,0,NA,NA,NA,NA,"ME5"
"Porites_compressa_HIv1___RNAseq.g24487.t1",0,1,0,NA,NA,NA,NA,"ME2"
"Porites_compressa_HIv1___RNAseq.g24489.t1",0,1,0,NA,NA,NA,NA,"ME0"
"Porites_compressa_HIv1___RNAseq.g24496.t1",1,0,0,NA,NA,NA,NA,"ME0"
"Porites_compressa_HIv1___TS.g27983.t1b",0,2,0,NA,NA,NA,NA,"ME15"
"Porites_compressa_HIv1___RNAseq.g24507.t1",0,0,1,0.0037335218614267,"Other",3,0.638466955139826,"ME4"
"Porites_compressa_HIv1___TS.g27989.t1",0,0,1,NA,NA,NA,NA,"ME0"
"Porites_compressa_HIv1___TS.g27990.t1",0,0,1,NA,NA,NA,NA,"ME4"
"Porites_compressa_HIv1___RNAseq.g24517.t1",0,0,1,NA,NA,NA,NA,"ME1"
"Porites_compressa_HIv1___TS.g27996.t1",1,0,0,NA,NA,NA,NA,"ME8"
"Porites_compressa_HIv1___RNAseq.g24519.t1",1,0,0,NA,NA,NA,NA,"ME1"
"Porites_compressa_HIv1___TS.g28000.t1",1,0,0,NA,NA,NA,NA,"ME15"
"Porites_compressa_HIv1___RNAseq.g24541.t1",1,0,0,NA,NA,NA,NA,"ME0"
"Porites_compressa_HIv1___RNAseq.g25560.t1",0,0,1,NA,NA,NA,NA,"ME15"
"Porites_compressa_HIv1___RNAseq.g25572.t1",0,0,1,NA,NA,NA,NA,"ME0"
"Porites_compressa_HIv1___RNAseq.g25579.t1",1,0,1,NA,NA,NA,NA,"ME1"
"Porites_compressa_HIv1___RNAseq.g25564.t1",1,0,0,5.06223508930383e-05,"Transient",NA,NA,"ME2"
"Porites_compressa_HIv1___TS.g18379.t1",1,0,0,NA,NA,NA,NA,"ME1"
"Porites_compressa_HIv1___RNAseq.g25566.t1",0,1,0,0.00392608565162058,"Transient",5,0.844820396079129,"ME1"
"Porites_compressa_HIv1___RNAseq.g25567.t1",1,0,0,NA,NA,NA,NA,"ME0"
"Porites_compressa_HIv1___RNAseq.g25435.t1",1,0,0,NA,NA,NA,NA,"ME0"
"Porites_compressa_HIv1___RNAseq.g25521.t1",0,2,0,NA,NA,NA,NA,"ME9"
"Porites_compressa_HIv1___RNAseq.g25528.t1",0,1,1,NA,NA,NA,NA,"ME0"
"Porites_compressa_HIv1___TS.g18353.t1",0,1,0,NA,NA,NA,NA,"ME5"
"Porites_compressa_HIv1___RNAseq.g25541.t1",1,0,0,NA,NA,NA,NA,"ME9"
"Porites_compressa_HIv1___RNAseq.g25414.t1",1,1,0,NA,NA,NA,NA,"ME0"
"Porites_compressa_HIv1___RNAseq.g25417.t1",1,0,0,NA,NA,NA,NA,"ME0"
"Porites_compressa_HIv1___RNAseq.g25422.t1",0,0,1,NA,NA,NA,NA,"ME0"
"Porites_compressa_HIv1___RNAseq.g25426.t1",1,0,0,NA,NA,NA,NA,"ME0"
"Porites_compressa_HIv1___RNAseq.g25427.t1",0,1,0,NA,NA,NA,NA,"ME0"
"Porites_compressa_HIv1___RNAseq.g25428.t1",1,0,0,NA,NA,NA,NA,"ME0"
"Porites_compressa_HIv1___RNAseq.g25430.t1",0,0,1,NA,NA,NA,NA,"ME4"
"Porites_compressa_HIv1___TS.g18246.t1",0,0,1,NA,NA,NA,NA,"ME0"
"Porites_compressa_HIv1___RNAseq.g25434.t1",0,1,0,NA,NA,NA,NA,"ME15"
"Porites_compressa_HIv1___RNAseq.g25440.t1",1,0,0,0.0311527788089271,"Other",3,0.621119399193143,"ME2"
"Porites_compressa_HIv1___RNAseq.g25442.t1",0,0,1,0.000168357625703832,"Monotonous",1,0.664525913607917,"ME16"
"Porites_compressa_HIv1___RNAseq.g25444.t1",1,0,0,NA,NA,NA,NA,"ME0"
"Porites_compressa_HIv1___RNAseq.g25448.t2",0,1,0,NA,NA,NA,NA,"ME0"
"Porites_compressa_HIv1___RNAseq.g25455.t1",0,0,1,NA,NA,NA,NA,"ME0"
"Porites_compressa_HIv1___TS.g18274.t1a",0,0,1,NA,NA,NA,NA,"ME4"
"Porites_compressa_HIv1___TS.g18274.t1c",0,0,1,NA,NA,NA,NA,"ME0"
"Porites_compressa_HIv1___RNAseq.g25467.t1",0,0,1,NA,NA,NA,NA,"ME0"
"Porites_compressa_HIv1___RNAseq.g25472.t1",1,1,0,0.000518536878323598,"Monotonous",6,0.884256179972404,"ME1"
"Porites_compressa_HIv1___RNAseq.g25476.t1",0,0,1,NA,NA,NA,NA,"ME1"
"Porites_compressa_HIv1___RNAseq.g25477.t1",1,0,0,NA,NA,NA,NA,"ME1"
"Porites_compressa_HIv1___RNAseq.g25480.t1",0,1,0,NA,NA,NA,NA,"ME3"
"Porites_compressa_HIv1___RNAseq.g25482.t1",0,0,1,0.00394775129784128,"Other",5,0.982725285996181,"ME1"
"Porites_compressa_HIv1___RNAseq.g25483.t1",0,2,0,0.000457066990074839,"Monotonous",5,0.942371493390645,"ME1"
"Porites_compressa_HIv1___RNAseq.g25485.t1",0,0,2,6.15893900075616e-05,"Monotonous",2,0.839306202551948,"ME4"
"Porites_compressa_HIv1___RNAseq.g25489.t1c",1,0,0,NA,NA,NA,NA,"ME3"
"Porites_compressa_HIv1___TS.g18304.t1",1,0,0,NA,NA,NA,NA,"ME4"
"Porites_compressa_HIv1___RNAseq.g25493.t1",0,0,1,0.000245491982546055,"Other",2,0.540158962555898,"ME2"
"Porites_compressa_HIv1___RNAseq.g25502.t1",0,2,1,NA,NA,NA,NA,"ME6"
"Porites_compressa_HIv1___RNAseq.g25503.t1",0,0,1,NA,NA,NA,NA,"ME0"
"Porites_compressa_HIv1___RNAseq.g25508.t1",1,0,0,NA,NA,NA,NA,"ME1"
"Porites_compressa_HIv1___RNAseq.g25511.t1",0,0,1,NA,NA,NA,NA,"ME2"
"Porites_compressa_HIv1___RNAseq.g25516.t1",0,0,1,NA,NA,NA,NA,"ME7"
"Porites_compressa_HIv1___RNAseq.g25518.t1",0,3,0,NA,NA,NA,NA,"ME0"
"Porites_compressa_HIv1___RNAseq.g25524.t1",0,1,1,NA,NA,NA,NA,"ME0"
"Porites_compressa_HIv1___RNAseq.g25529.t1",0,1,0,NA,NA,NA,NA,"ME0"
"Porites_compressa_HIv1___RNAseq.g25531.t1",0,0,1,NA,NA,NA,NA,"ME6"
"Porites_compressa_HIv1___RNAseq.g25533.t1",0,1,0,NA,NA,NA,NA,"ME8"
"Porites_compressa_HIv1___RNAseq.g25537.t1",0,3,0,NA,NA,NA,NA,"ME9"
"Porites_compressa_HIv1___TS.g18357.t1",0,1,0,NA,NA,NA,NA,"ME0"
"Porites_compressa_HIv1___RNAseq.g25544.t1",0,1,0,0.018597418653105,"Other",4,0.912584053724206,"ME3"
"Porites_compressa_HIv1___RNAseq.g25549.t1",0,1,0,NA,NA,NA,NA,"ME3"
"Porites_compressa_HIv1___RNAseq.g25550.t1",1,0,0,NA,NA,NA,NA,"ME0"
"Porites_compressa_HIv1___RNAseq.g25552.t1",2,0,0,NA,NA,NA,NA,"ME0"
"Porites_compressa_HIv1___RNAseq.g30851.t1",1,0,0,NA,NA,NA,NA,"ME0"
"Porites_compressa_HIv1___RNAseq.g30858.t1",1,0,0,NA,NA,NA,NA,"ME0"
"Porites_compressa_HIv1___RNAseq.g30859.t1a",1,0,0,NA,NA,NA,NA,"ME0"
"Porites_compressa_HIv1___RNAseq.g30865.t1",0,1,0,NA,NA,NA,NA,"ME0"
"Porites_compressa_HIv1___RNAseq.g25601.t1",1,0,0,NA,NA,NA,NA,"ME6"
"Porites_compressa_HIv1___TS.g18399.t1",0,1,0,NA,NA,NA,NA,"ME1"
"Porites_compressa_HIv1___RNAseq.g25590.t1",0,0,1,0.0200098898071133,"Other",3,0.903366857525718,"ME3"
"Porites_compressa_HIv1___RNAseq.g25603.t1",0,1,0,0.0090620043616313,"Monotonous",2,0.600312930067368,"ME5"
"Porites_compressa_HIv1___RNAseq.g25604.t1",0,1,0,NA,NA,NA,NA,"ME0"
"Porites_compressa_HIv1___RNAseq.g25605.t1",0,0,1,NA,NA,NA,NA,"ME1"
"Porites_compressa_HIv1___TS.g18416.t1",0,0,1,NA,NA,NA,NA,"ME0"
"Porites_compressa_HIv1___TS.g18417.t1",1,0,0,NA,NA,NA,NA,"ME0"
"Porites_compressa_HIv1___TS.g18419.t1",0,0,1,NA,NA,NA,NA,"ME0"
"Porites_compressa_HIv1___RNAseq.g25610.t1",1,0,0,0.031847888450112,"Other",3,0.746139456354414,"ME3"
"Porites_compressa_HIv1___RNAseq.20578_t",1,0,0,NA,NA,NA,NA,"ME0"
"Porites_compressa_HIv1___RNAseq.g25622.t1",1,0,0,NA,NA,NA,NA,"ME0"
"Porites_compressa_HIv1___RNAseq.g25626.t1",0,1,0,NA,NA,NA,NA,"ME0"
"Porites_compressa_HIv1___RNAseq.g25630.t1",1,0,1,NA,NA,NA,NA,"ME1"
"Porites_compressa_HIv1___RNAseq.g25633.t1",0,1,0,0.00915768835934793,"Other",5,0.854477516573786,"ME1"
"Porites_compressa_HIv1___RNAseq.g25636.t1",1,0,0,NA,NA,NA,NA,"ME1"
"Porites_compressa_HIv1___RNAseq.g25637.t1",1,0,0,0.000763682892769657,"Transient",NA,NA,"ME0"
"Porites_compressa_HIv1___RNAseq.g25639.t2",0,1,0,9.34502477934591e-05,"Monotonous",NA,NA,"ME2"
"Porites_compressa_HIv1___RNAseq.g25641.t1",0,0,1,0.000581688930337866,"Transient",3,0.800065846992875,"ME3"
"Porites_compressa_HIv1___RNAseq.g25642.t1",1,0,1,0.015000700983698,"Transient",5,0.74063412096928,"ME1"
"Porites_compressa_HIv1___RNAseq.g25646.t1",1,0,0,NA,NA,NA,NA,"ME2"
"Porites_compressa_HIv1___TS.g18459.t1",0,0,1,1.09499871327841e-05,"Monotonous",2,0.915464414196148,"ME2"
"Porites_compressa_HIv1___RNAseq.g25647.t1",1,0,0,0.0008557572210905,"Monotonous",NA,NA,"ME2"
"Porites_compressa_HIv1___RNAseq.g25652.t1",0,0,1,NA,NA,NA,NA,"ME25"
"Porites_compressa_HIv1___RNAseq.g25658.t1",1,0,0,0.038114331688193,"Other",3,0.788013658212275,"ME3"
"Porites_compressa_HIv1___RNAseq.g25662.t1",0,1,0,NA,NA,NA,NA,"ME0"
"Porites_compressa_HIv1___RNAseq.g25667.t1",1,0,0,NA,NA,NA,NA,"ME0"
"Porites_compressa_HIv1___RNAseq.g25668.t1",1,0,0,NA,NA,NA,NA,"ME5"
"Porites_compressa_HIv1___TS.g18483.t1",0,0,1,NA,NA,NA,NA,"ME0"
"Porites_compressa_HIv1___RNAseq.g25671.t1",1,0,0,0.0056484727966972,"Other",1,0.902257929985672,"ME12"
"Porites_compressa_HIv1___RNAseq.g25673.t1b",1,0,0,NA,NA,NA,NA,"ME6"
"Porites_compressa_HIv1___RNAseq.g25673.t1a",1,0,0,NA,NA,NA,NA,"ME1"
"Porites_compressa_HIv1___RNAseq.20643_t",0,1,0,NA,NA,NA,NA,"ME0"
"Porites_compressa_HIv1___RNAseq.g25677.t1",0,0,1,NA,NA,NA,NA,"ME0"
"Porites_compressa_HIv1___RNAseq.g25679.t1",0,0,1,0.000249501802942894,"Monotonous",3,0.701564264185372,"ME3"
"Porites_compressa_HIv1___RNAseq.g25685.t2",0,1,0,0.012497258837656,"Transient",5,0.93370714917487,"ME1"
"Porites_compressa_HIv1___RNAseq.g25691.t1b",0,0,1,NA,NA,NA,NA,"ME0"
"Porites_compressa_HIv1___RNAseq.g25691.t1a",0,1,0,0.0047333997528052,"Other",6,0.882318911551049,"ME1"
"Porites_compressa_HIv1___RNAseq.g25694.t1",1,0,0,0.0402884868520133,"Other",NA,NA,"ME5"
"Porites_compressa_HIv1___RNAseq.g25702.t1",0,1,0,0.00279958883497633,"Transient",NA,NA,"ME0"
"Porites_compressa_HIv1___RNAseq.g25704.t1",0,0,1,NA,NA,NA,NA,"ME0"
"Porites_compressa_HIv1___RNAseq.g30884.t1",1,0,0,NA,NA,NA,NA,"ME1"
"Porites_compressa_HIv1___TS.g36281.t1",0,1,0,NA,NA,NA,NA,"ME0"
"Porites_compressa_HIv1___RNAseq.g30982.t1",0,1,0,NA,NA,NA,NA,"ME0"
"Porites_compressa_HIv1___RNAseq.g30988.t1",1,0,0,NA,NA,NA,NA,"ME2"
"Porites_compressa_HIv1___RNAseq.g31024.t1",1,0,0,NA,NA,NA,NA,"ME4"
"Porites_compressa_HIv1___RNAseq.g30883.t1",0,0,1,NA,NA,NA,NA,"ME2"
"Porites_compressa_HIv1___RNAseq.g30888.t1",1,0,1,NA,NA,NA,NA,"ME2"
"Porites_compressa_HIv1___RNAseq.g30934.t1",0,1,0,NA,NA,NA,NA,"ME0"
"Porites_compressa_HIv1___TS.g36296.t1",1,1,0,NA,NA,NA,NA,"ME0"
"Porites_compressa_HIv1___TS.g36298.t2",0,0,1,NA,NA,NA,NA,"ME0"
"Porites_compressa_HIv1___TS.g36303.t2",1,0,0,NA,NA,NA,NA,"ME0"
"Porites_compressa_HIv1___RNAseq.g30946.t1",1,0,0,NA,NA,NA,NA,"ME0"
"Porites_compressa_HIv1___RNAseq.g30947.t1",1,0,0,NA,NA,NA,NA,"ME3"
"Porites_compressa_HIv1___RNAseq.g30953.t1",1,0,0,NA,NA,NA,NA,"ME3"
"Porites_compressa_HIv1___RNAseq.g30954.t1",1,0,0,0.00391525246575332,"Other",2,0.606003349766128,"ME4"
"Porites_compressa_HIv1___RNAseq.g30955.t1",0,0,1,0.000436084937979916,"Other",6,0.777876694783251,"ME1"
"Porites_compressa_HIv1___RNAseq.g30978.t1",1,0,0,NA,NA,NA,NA,"ME6"
"Porites_compressa_HIv1___RNAseq.g30983.t1",1,0,0,0.0337566514130175,"Other",6,0.654773153621959,"ME1"
"Porites_compressa_HIv1___RNAseq.g30986.t1b",0,2,1,0.000675565462502406,"Monotonous",2,0.553411433098711,"ME4"
"Porites_compressa_HIv1___RNAseq.g31001.t1",0,1,0,NA,NA,NA,NA,"ME1"
"Porites_compressa_HIv1___RNAseq.g31007.t1",1,0,0,NA,NA,NA,NA,"ME13"
"Porites_compressa_HIv1___TS.g36372.t1",1,0,1,NA,NA,NA,NA,"ME1"
"Porites_compressa_HIv1___RNAseq.g31019.t1",1,0,0,NA,NA,NA,NA,"ME12"
"Porites_compressa_HIv1___RNAseq.20873_t",0,0,1,NA,NA,NA,NA,"ME18"
"Porites_compressa_HIv1___RNAseq.g31021.t1",0,0,1,NA,NA,NA,NA,"ME0"
"Porites_compressa_HIv1___RNAseq.g31026.t1",0,1,0,NA,NA,NA,NA,"ME0"
"Porites_compressa_HIv1___RNAseq.g31031.t1",1,0,0,NA,NA,NA,NA,"ME0"
"Porites_compressa_HIv1___RNAseq.g31032.t1",1,0,0,NA,NA,NA,NA,"ME1"
"Porites_compressa_HIv1___RNAseq.g31035.t1",1,0,0,NA,NA,NA,NA,"ME0"
"Porites_compressa_HIv1___RNAseq.g31036.t1",1,0,0,0.00653861100959474,"Other",3,0.619888469779503,"ME3"
"Porites_compressa_HIv1___RNAseq.g8358.t1",0,0,1,0.000362399739736243,"Monotonous",2,0.646007299363569,"ME4"
"Porites_compressa_HIv1___RNAseq.g8361.t1",0,1,0,NA,NA,NA,NA,"ME3"
"Porites_compressa_HIv1___RNAseq.g8362.t1",0,1,0,NA,NA,NA,NA,"ME0"
"Porites_compressa_HIv1___RNAseq.g31116.t1",1,0,0,NA,NA,NA,NA,"ME0"
"Porites_compressa_HIv1___RNAseq.g31038.t1",0,1,1,NA,NA,NA,NA,"ME0"
"Porites_compressa_HIv1___RNAseq.g31039.t1",0,0,1,NA,NA,NA,NA,"ME3"
"Porites_compressa_HIv1___RNAseq.g31040.t1",0,0,1,NA,NA,NA,NA,"ME5"
"Porites_compressa_HIv1___RNAseq.g31044.t1",0,1,0,0.0336002040548755,"Other",6,0.904179853553644,"ME1"
"Porites_compressa_HIv1___RNAseq.g31045.t1",0,1,0,0.0335142330409312,"Other",6,0.824349173240917,"ME1"
"Porites_compressa_HIv1___TS.g36401.t1",0,1,0,0.00159724620416458,"Other",6,0.762956526498828,"ME1"
"Porites_compressa_HIv1___RNAseq.g31048.t1",0,1,0,0.00920360141955472,"Other",6,0.684205748319035,"ME1"
"Porites_compressa_HIv1___RNAseq.g31052.t1",0,2,0,NA,NA,NA,NA,"ME5"
"Porites_compressa_HIv1___TS.g36416.t2b",1,0,0,NA,NA,NA,NA,"ME3"
"Porites_compressa_HIv1___RNAseq.g31063.t1",1,0,0,NA,NA,NA,NA,"ME1"
"Porites_compressa_HIv1___RNAseq.20915_t",1,0,0,0.0372498819428251,"Monotonous",2,0.610322821696874,"ME2"
"Porites_compressa_HIv1___RNAseq.g31070.t1",1,0,0,NA,NA,NA,NA,"ME4"
"Porites_compressa_HIv1___TS.g36451.t1d",0,1,0,NA,NA,NA,NA,"ME8"
"Porites_compressa_HIv1___TS.g36451.t1c",0,0,1,NA,NA,NA,NA,"ME0"
"Porites_compressa_HIv1___TS.g36457.t2",0,0,1,NA,NA,NA,NA,"ME22"
"Porites_compressa_HIv1___RNAseq.g31108.t1",0,2,0,NA,NA,NA,NA,"ME4"
"Porites_compressa_HIv1___RNAseq.g31110.t1",0,0,1,NA,NA,NA,NA,"ME0"
"Porites_compressa_HIv1___RNAseq.g31123.t1",0,1,1,0.0163701196691875,"Monotonous",6,0.728965952084049,"ME0"
"Porites_compressa_HIv1___RNAseq.g31124.t1",0,1,0,NA,NA,NA,NA,"ME0"
"Porites_compressa_HIv1___RNAseq.g31133.t1",1,0,0,NA,NA,NA,NA,"ME2"
"Porites_compressa_HIv1___RNAseq.g31134.t1",1,0,0,NA,NA,NA,NA,"ME0"
"Porites_compressa_HIv1___RNAseq.g31137.t1",0,1,0,NA,NA,NA,NA,"ME10"
"Porites_compressa_HIv1___TS.g36488.t1",0,2,0,0.00158100376958967,"Monotonous",1,0.557573106003053,"ME0"
"Porites_compressa_HIv1___RNAseq.21194_t",0,0,1,NA,NA,NA,NA,"ME1"
"Porites_compressa_HIv1___RNAseq.g18971.t1",0,1,0,NA,NA,NA,NA,"ME6"
"Porites_compressa_HIv1___RNAseq.g18967.t1",0,0,1,NA,NA,NA,NA,"ME1"
"Porites_compressa_HIv1___RNAseq.g18968.t1",1,1,0,NA,NA,NA,NA,"ME11"
"Porites_compressa_HIv1___RNAseq.g18969.t1",1,0,0,NA,NA,NA,NA,"ME0"
"Porites_compressa_HIv1___RNAseq.g8423.t1",0,0,1,NA,NA,NA,NA,"ME0"
"Porites_compressa_HIv1___RNAseq.g8427.t1",0,0,1,NA,NA,NA,NA,"ME0"
"Porites_compressa_HIv1___TS.g18911.t1",1,0,0,NA,NA,NA,NA,"ME24"
"Porites_compressa_HIv1___RNAseq.g8440.t1",1,0,0,NA,NA,NA,NA,"ME0"
"Porites_compressa_HIv1___RNAseq.g8459.t1",0,0,1,NA,NA,NA,NA,"ME7"
"Porites_compressa_HIv1___TS.g18953.t1",1,0,0,NA,NA,NA,NA,"ME0"
"Porites_compressa_HIv1___RNAseq.g8473.t1",1,0,0,NA,NA,NA,NA,"ME0"
"Porites_compressa_HIv1___TS.g19006.t1",0,2,0,NA,NA,NA,NA,"ME0"
"Porites_compressa_HIv1___RNAseq.g8364.t1",1,0,0,NA,NA,NA,NA,"ME4"
"Porites_compressa_HIv1___RNAseq.21004_t",0,0,1,NA,NA,NA,NA,"ME21"
"Porites_compressa_HIv1___RNAseq.g8371.t1",1,0,0,0.00399626287777192,"Transient",5,0.746545485719862,"ME18"
"Porites_compressa_HIv1___RNAseq.g8373.t1",1,0,0,NA,NA,NA,NA,"ME5"
"Porites_compressa_HIv1___RNAseq.g8376.t2b",0,1,0,NA,NA,NA,NA,"ME2"
"Porites_compressa_HIv1___RNAseq.g8376.t2a",1,0,0,NA,NA,NA,NA,"ME0"
"Porites_compressa_HIv1___RNAseq.g8379.t1",0,1,0,0.00338173216724645,"Monotonous",5,0.9405291622866,"ME1"
"Porites_compressa_HIv1___RNAseq.g8380.t1",2,0,1,NA,NA,NA,NA,"ME0"
"Porites_compressa_HIv1___RNAseq.g8382.t1b",0,0,1,0.00237021490096261,"Other",1,0.713723114965389,"ME0"
"Porites_compressa_HIv1___RNAseq.g8391.t1",0,1,0,NA,NA,NA,NA,"ME1"
"Porites_compressa_HIv1___TS.g18880.t1",0,1,0,NA,NA,NA,NA,"ME7"
"Porites_compressa_HIv1___RNAseq.g8399.t1",0,0,1,1.72804814960175e-05,"Transient",5,0.976604604909623,"ME1"
"Porites_compressa_HIv1___RNAseq.g8401.t1",1,0,0,0.0131076632142893,"Other",NA,NA,"ME0"
"Porites_compressa_HIv1___RNAseq.g8441.t1",1,0,1,NA,NA,NA,NA,"ME0"
"Porites_compressa_HIv1___TS.g18927.t1",1,0,0,NA,NA,NA,NA,"ME1"
"Porites_compressa_HIv1___RNAseq.g8454.t1",1,0,0,0.000801491409244055,"Other",6,0.946669052381673,"ME1"
"Porites_compressa_HIv1___TS.g18935.t1",0,1,0,NA,NA,NA,NA,"ME6"
"Porites_compressa_HIv1___RNAseq.g8460.t1",0,1,0,NA,NA,NA,NA,"ME0"
"Porites_compressa_HIv1___RNAseq.g8464.t1",0,0,1,7.09497195908781e-07,"Transient",5,0.975306739435854,"ME1"
"Porites_compressa_HIv1___RNAseq.g8466.t1",0,1,1,NA,NA,NA,NA,"ME23"
"Porites_compressa_HIv1___RNAseq.g8467.t1",0,1,1,NA,NA,NA,NA,"ME3"
"Porites_compressa_HIv1___RNAseq.g8477.t1",1,0,0,NA,NA,NA,NA,"ME1"
"Porites_compressa_HIv1___RNAseq.g8483.t1",0,1,0,NA,NA,NA,NA,"ME0"
"Porites_compressa_HIv1___RNAseq.g8484.t1",0,0,1,NA,NA,NA,NA,"ME1"
"Porites_compressa_HIv1___RNAseq.g8488.t1",1,1,0,NA,NA,NA,NA,"ME5"
"Porites_compressa_HIv1___TS.g18992.t1",0,0,1,0.0160717804794019,"Other",3,0.528059872177323,"ME5"
"Porites_compressa_HIv1___RNAseq.g8520.t1",0,1,0,NA,NA,NA,NA,"ME15"
"Porites_compressa_HIv1___RNAseq.g8521.t1",0,0,1,0.00970698991844067,"Other",NA,NA,"ME2"
"Porites_compressa_HIv1___RNAseq.g8528.t1",1,0,0,NA,NA,NA,NA,"ME0"
"Porites_compressa_HIv1___RNAseq.g8544.t1",1,1,0,NA,NA,NA,NA,"ME0"
"Porites_compressa_HIv1___RNAseq.g8550.t1",1,0,0,NA,NA,NA,NA,"ME0"
"Porites_compressa_HIv1___TS.g19026.t1",1,0,0,NA,NA,NA,NA,"ME0"
"Porites_compressa_HIv1___RNAseq.g8563.t1",2,2,0,0.00312655054434778,"Other",1,0.79222992767973,"ME0"
"Porites_compressa_HIv1___TS.g17928.t1",1,0,0,NA,NA,NA,NA,"ME0"
"Porites_compressa_HIv1___RNAseq.21264_t",1,0,0,NA,NA,NA,NA,"ME0"
"Porites_compressa_HIv1___RNAseq.g19031.t1",1,0,0,NA,NA,NA,NA,"ME21"
"Porites_compressa_HIv1___RNAseq.g19085.t1",0,1,0,NA,NA,NA,NA,"ME0"
"Porites_compressa_HIv1___RNAseq.g18983.t1",1,0,0,0.000682923503966024,"Transient",5,0.905879675065222,"ME1"
"Porites_compressa_HIv1___RNAseq.g18984.t1",1,0,0,NA,NA,NA,NA,"ME0"
"Porites_compressa_HIv1___RNAseq.g18985.t1",1,1,0,NA,NA,NA,NA,"ME0"
"Porites_compressa_HIv1___RNAseq.g18993.t1",1,0,0,NA,NA,NA,NA,"ME0"
"Porites_compressa_HIv1___RNAseq.g18999.t1",1,0,0,0.0250120414719133,"Other",NA,NA,"ME1"
"Porites_compressa_HIv1___RNAseq.g19000.t1",1,0,0,NA,NA,NA,NA,"ME0"
"Porites_compressa_HIv1___RNAseq.g19007.t1",1,0,0,NA,NA,NA,NA,"ME0"
"Porites_compressa_HIv1___RNAseq.g19008.t1",1,0,0,NA,NA,NA,NA,"ME0"
"Porites_compressa_HIv1___RNAseq.g19012.t1",0,1,0,0.0209946210193792,"Monotonous",2,0.776768240266062,"ME4"
"Porites_compressa_HIv1___TS.g17970.t1",0,1,0,NA,NA,NA,NA,"ME11"
"Porites_compressa_HIv1___RNAseq.g19029.t1",1,0,0,NA,NA,NA,NA,"ME0"
"Porites_compressa_HIv1___RNAseq.g19032.t1",1,0,0,NA,NA,NA,NA,"ME26"
"Porites_compressa_HIv1___RNAseq.g19038.t1",0,1,0,0.00468892707259281,"Other",6,0.947495445373651,"ME1"
"Porites_compressa_HIv1___RNAseq.g19039.t1",1,0,0,0.00109941954451128,"Monotonous",6,0.966177148378957,"ME1"
"Porites_compressa_HIv1___RNAseq.g19041.t1",0,0,1,NA,NA,NA,NA,"ME5"
"Porites_compressa_HIv1___RNAseq.g19042.t1",0,1,0,0.0266964873803913,"Other",4,0.783311136398124,"ME3"
"Porites_compressa_HIv1___RNAseq.g19044.t1",3,0,0,0.0215273170159537,"Other",NA,NA,"ME1"
"Porites_compressa_HIv1___RNAseq.g19046.t2",1,0,0,NA,NA,NA,NA,"ME0"
"Porites_compressa_HIv1___RNAseq.g19047.t1",0,4,0,NA,NA,NA,NA,"ME0"
"Porites_compressa_HIv1___RNAseq.g19054.t1",1,0,0,NA,NA,NA,NA,"ME6"
"Porites_compressa_HIv1___RNAseq.g19055.t1",1,0,0,NA,NA,NA,NA,"ME8"
"Porites_compressa_HIv1___RNAseq.g19058.t1",1,1,0,NA,NA,NA,NA,"ME7"
"Porites_compressa_HIv1___RNAseq.g19071.t1",1,0,1,3.46613869693325e-06,"Monotonous",3,0.560903276953064,"ME3"
"Porites_compressa_HIv1___RNAseq.g19072.t1",1,0,2,NA,NA,NA,NA,"ME1"
"Porites_compressa_HIv1___RNAseq.g19073.t1",1,0,0,0.000418385632931474,"Transient",5,0.54899691524403,"ME1"
"Porites_compressa_HIv1___TS.g18032.t3",0,2,0,NA,NA,NA,NA,"ME1"
"Porites_compressa_HIv1___RNAseq.g19078.t1",0,1,0,0.0475132230045195,"Other",6,0.717121593467937,"ME1"
"Porites_compressa_HIv1___TS.g18034.t1",1,0,0,0.00312179586943601,"Other",6,0.985862382526086,"ME1"
"Porites_compressa_HIv1___RNAseq.g19081.t1",0,1,0,NA,NA,NA,NA,"ME0"
"Porites_compressa_HIv1___TS.g18040.t1",1,1,0,0.0213507245266153,"Other",5,0.87388642471911,"ME1"
"Porites_compressa_HIv1___RNAseq.g19084.t1",0,1,0,NA,NA,NA,NA,"ME0"
"Porites_compressa_HIv1___RNAseq.g19087.t1",1,0,0,NA,NA,NA,NA,"ME3"
"Porites_compressa_HIv1___RNAseq.g19089.t1",0,1,0,0.0112738000067911,"Other",5,0.981673714444219,"ME1"
"Porites_compressa_HIv1___RNAseq.g19090.t1",0,1,1,NA,NA,NA,NA,"ME1"
"Porites_compressa_HIv1___RNAseq.g19092.t1",1,0,0,NA,NA,NA,NA,"ME2"
"Porites_compressa_HIv1___RNAseq.g19093.t1",1,1,0,NA,NA,NA,NA,"ME2"
"Porites_compressa_HIv1___RNAseq.g19097.t1",1,0,0,NA,NA,NA,NA,"ME0"
"Porites_compressa_HIv1___RNAseq.g19098.t1",0,2,0,NA,NA,NA,NA,"ME0"
"Porites_compressa_HIv1___TS.g18078.t1",0,1,0,NA,NA,NA,NA,"ME0"
"Porites_compressa_HIv1___RNAseq.g19129.t1",1,0,0,NA,NA,NA,NA,"ME0"
"Porites_compressa_HIv1___RNAseq.g19102.t1",1,0,0,NA,NA,NA,NA,"ME0"
"Porites_compressa_HIv1___RNAseq.g19107.t1",1,0,0,NA,NA,NA,NA,"ME0"
"Porites_compressa_HIv1___RNAseq.g19135.t1",1,0,0,0.00823137070598403,"Monotonous",1,0.863233579419549,"ME12"
"Porites_compressa_HIv1___TS.g18101.t1",1,0,0,0.00658260764969032,"Monotonous",2,0.52598986068761,"ME2"
"Porites_compressa_HIv1___RNAseq.g19146.t1",1,0,0,NA,NA,NA,NA,"ME1"
"Porites_compressa_HIv1___RNAseq.g19166.t1",0,0,1,0.00963889574945489,"Transient",3,0.604667749827427,"ME3"
"Porites_compressa_HIv1___TS.g18129.t1",0,0,1,NA,NA,NA,NA,"ME0"
"Porites_compressa_HIv1___RNAseq.g19174.t1",0,0,1,0.0237528563927691,"Monotonous",NA,NA,"ME0"
"Porites_compressa_HIv1___RNAseq.g19175.t1",0,1,0,NA,NA,NA,NA,"ME1"
"Porites_compressa_HIv1___TS.g18132.t1a",0,1,0,0.0137968121731806,"Other",5,0.960785168418795,"ME1"
"Porites_compressa_HIv1___RNAseq.g19181.t1",0,0,1,8.10462640111281e-05,"Monotonous",5,0.97720304952429,"ME1"
"Porites_compressa_HIv1___TS.g18137.t1",1,0,0,NA,NA,NA,NA,"ME1"
"Porites_compressa_HIv1___RNAseq.g19186.t1",1,0,0,0.010881294020748,"Monotonous",2,0.620282446110972,"ME0"
"Porites_compressa_HIv1___RNAseq.g19196.t1",1,0,0,0.0286519825246447,"Monotonous",2,0.945966584687368,"ME5"
"Porites_compressa_HIv1___RNAseq.g13799.t1",0,0,1,NA,NA,NA,NA,"ME9"
"Porites_compressa_HIv1___RNAseq.g13812.t1",0,0,1,NA,NA,NA,NA,"ME0"
"Porites_compressa_HIv1___RNAseq.g13814.t1",4,0,0,NA,NA,NA,NA,"ME0"
"Porites_compressa_HIv1___RNAseq.g13807.t1",0,0,1,NA,NA,NA,NA,"ME0"
"Porites_compressa_HIv1___RNAseq.g13815.t1",5,0,0,NA,NA,NA,NA,"ME0"
"Porites_compressa_HIv1___RNAseq.g13816.t1",1,0,0,3.65494350191843e-05,"Other",6,0.967245336695103,"ME1"
"Porites_compressa_HIv1___TS.g19097.t1",1,0,0,NA,NA,NA,NA,"ME1"
"Porites_compressa_HIv1___TS.g18163.t1",0,1,0,NA,NA,NA,NA,"ME3"
"Porites_compressa_HIv1___RNAseq.g19211.t1",0,0,1,NA,NA,NA,NA,"ME0"
"Porites_compressa_HIv1___RNAseq.g19212.t1",1,0,0,NA,NA,NA,NA,"ME0"
"Porites_compressa_HIv1___RNAseq.g19219.t1",0,0,1,NA,NA,NA,NA,"ME0"
"Porites_compressa_HIv1___RNAseq.g19220.t1",0,0,1,NA,NA,NA,NA,"ME0"
"Porites_compressa_HIv1___RNAseq.g19221.t1",0,1,0,NA,NA,NA,NA,"ME0"
"Porites_compressa_HIv1___RNAseq.g19222.t1",0,1,0,NA,NA,NA,NA,"ME0"
"Porites_compressa_HIv1___RNAseq.g19229.t1",0,2,0,NA,NA,NA,NA,"ME0"
"Porites_compressa_HIv1___RNAseq.g19240.t1",1,0,0,NA,NA,NA,NA,"ME0"
"Porites_compressa_HIv1___RNAseq.g19241.t1",0,1,0,NA,NA,NA,NA,"ME0"
"Porites_compressa_HIv1___RNAseq.g19242.t1",2,0,1,NA,NA,NA,NA,"ME0"
"Porites_compressa_HIv1___RNAseq.g19248.t1",1,0,0,NA,NA,NA,NA,"ME0"
"Porites_compressa_HIv1___RNAseq.g19250.t1",1,0,0,0.0432360936745878,"Other",3,0.530415929485467,"ME5"
"Porites_compressa_HIv1___RNAseq.g19254.t1",0,1,0,NA,NA,NA,NA,"ME19"
"Porites_compressa_HIv1___RNAseq.g19255.t1",1,0,0,NA,NA,NA,NA,"ME0"
"Porites_compressa_HIv1___RNAseq.g19261.t1",0,1,0,NA,NA,NA,NA,"ME19"
"Porites_compressa_HIv1___RNAseq.g19263.t1",1,0,0,0.0469435981325244,"Other",6,0.922508074451535,"ME0"
"Porites_compressa_HIv1___RNAseq.g19266.t1",1,0,1,0.000113500662039941,"Monotonous",2,0.610468872844817,"ME2"
"Porites_compressa_HIv1___RNAseq.g19269.t1",1,0,0,NA,NA,NA,NA,"ME18"
"Porites_compressa_HIv1___RNAseq.g19270.t1",1,0,0,NA,NA,NA,NA,"ME0"
"Porites_compressa_HIv1___RNAseq.g13836.t1",0,0,1,NA,NA,NA,NA,"ME7"
"Porites_compressa_HIv1___RNAseq.g13926.t1",1,0,0,NA,NA,NA,NA,"ME6"
"Porites_compressa_HIv1___RNAseq.g14006.t1",0,0,1,NA,NA,NA,NA,"ME0"
"Porites_compressa_HIv1___RNAseq.g14007.t1",0,1,0,NA,NA,NA,NA,"ME0"
"Porites_compressa_HIv1___TS.g19108.t1",0,0,1,NA,NA,NA,NA,"ME0"
"Porites_compressa_HIv1___TS.g19109.t1",0,0,1,NA,NA,NA,NA,"ME0"
"Porites_compressa_HIv1___RNAseq.g13832.t1",0,1,0,0.0070773049702159,"Other",5,0.804171487009773,"ME1"
"Porites_compressa_HIv1___RNAseq.g13838.t1",0,0,1,3.98845929626604e-11,"Monotonous",2,0.90875501091677,"ME2"
"Porites_compressa_HIv1___TS.g19121.t1",1,0,0,NA,NA,NA,NA,"ME0"
"Porites_compressa_HIv1___RNAseq.g13843.t1",0,0,1,NA,NA,NA,NA,"ME4"
"Porites_compressa_HIv1___RNAseq.g13848.t1",0,0,1,0.00248302736601075,"Monotonous",6,0.818311177758645,"ME1"
"Porites_compressa_HIv1___RNAseq.g13850.t1",0,0,1,NA,NA,NA,NA,"ME0"
"Porites_compressa_HIv1___RNAseq.g13856.t1",3,0,0,0.00942919873237065,"Other",5,0.634015413544856,"ME1"
"Porites_compressa_HIv1___RNAseq.g13859.t1",1,0,0,3.55004201614133e-10,"Monotonous",2,0.668608887154768,"ME2"
"Porites_compressa_HIv1___RNAseq.g13861.t1",0,1,0,9.09113089534034e-06,"Monotonous",NA,NA,"ME14"
"Porites_compressa_HIv1___RNAseq.g13862.t1",0,1,0,8.79427826066521e-06,"Monotonous",NA,NA,"ME14"
"Porites_compressa_HIv1___RNAseq.g13863.t1",0,1,0,4.21645791915517e-08,"Monotonous",2,0.779627703518732,"ME2"
"Porites_compressa_HIv1___RNAseq.g13870.t1",2,0,0,NA,NA,NA,NA,"ME0"
"Porites_compressa_HIv1___RNAseq.g13876.t1",0,0,1,1.12044253435542e-05,"Transient",5,0.987712927258374,"ME1"
"Porites_compressa_HIv1___TS.g19159.t1",0,1,0,NA,NA,NA,NA,"ME2"
"Porites_compressa_HIv1___RNAseq.g13884.t1",1,0,0,NA,NA,NA,NA,"ME0"
"Porites_compressa_HIv1___RNAseq.g13894.t1",0,1,2,NA,NA,NA,NA,"ME7"
"Porites_compressa_HIv1___RNAseq.g13904.t1",0,0,1,NA,NA,NA,NA,"ME1"
"Porites_compressa_HIv1___RNAseq.g13915.t1",0,0,1,NA,NA,NA,NA,"ME1"
"Porites_compressa_HIv1___RNAseq.g13916.t1",0,0,1,NA,NA,NA,NA,"ME0"
"Porites_compressa_HIv1___RNAseq.g13917.t1",1,0,1,0.000349398626456465,"Monotonous",3,0.7351435873983,"ME2"
"Porites_compressa_HIv1___RNAseq.g13918.t1",0,0,1,0.0239766204390523,"Other",2,0.718497119050187,"ME2"
"Porites_compressa_HIv1___RNAseq.g13922.t1a",1,0,0,NA,NA,NA,NA,"ME0"
"Porites_compressa_HIv1___TS.g19212.t1c",0,1,0,NA,NA,NA,NA,"ME0"
"Porites_compressa_HIv1___TS.g19212.t1b",1,0,0,NA,NA,NA,NA,"ME0"
"Porites_compressa_HIv1___RNAseq.g13937.t1c",1,0,0,NA,NA,NA,NA,"ME21"
"Porites_compressa_HIv1___RNAseq.g13938.t1",1,0,0,NA,NA,NA,NA,"ME0"
"Porites_compressa_HIv1___TS.g19219.t1b",1,0,0,NA,NA,NA,NA,"ME0"
"Porites_compressa_HIv1___RNAseq.g13944.t1",0,0,1,NA,NA,NA,NA,"ME8"
"Porites_compressa_HIv1___RNAseq.g13950.t1",1,0,1,NA,NA,NA,NA,"ME0"
"Porites_compressa_HIv1___RNAseq.g13951.t1",1,0,0,0.00317891073657957,"Other",4,0.605808966042973,"ME3"
"Porites_compressa_HIv1___RNAseq.g13953.t1",1,1,0,NA,NA,NA,NA,"ME4"
"Porites_compressa_HIv1___RNAseq.g13956.t1",0,1,1,0.00335159794234236,"Monotonous",2,0.918639964624303,"ME2"
"Porites_compressa_HIv1___RNAseq.g13957.t1",0,0,2,NA,NA,NA,NA,"ME16"
"Porites_compressa_HIv1___RNAseq.g13958.t1",0,0,1,NA,NA,NA,NA,"ME3"
"Porites_compressa_HIv1___TS.g19239.t1",0,0,1,0.0012373188377322,"Monotonous",2,0.931218231168236,"ME2"
"Porites_compressa_HIv1___RNAseq.g13961.t1",0,0,1,NA,NA,NA,NA,"ME0"
"Porites_compressa_HIv1___RNAseq.g13962.t1",0,0,1,NA,NA,NA,NA,"ME5"
"Porites_compressa_HIv1___RNAseq.g13963.t1",0,0,1,NA,NA,NA,NA,"ME0"
"Porites_compressa_HIv1___TS.g19243.t1",0,0,2,NA,NA,NA,NA,"ME0"
"Porites_compressa_HIv1___RNAseq.g13966.t1",0,1,0,7.29876494257318e-09,"Monotonous",3,0.548843746686126,"ME2"
"Porites_compressa_HIv1___RNAseq.g13977.t1",1,0,0,NA,NA,NA,NA,"ME0"
"Porites_compressa_HIv1___RNAseq.g13983.t1",0,1,0,0.031471577866038,"Monotonous",NA,NA,"ME0"
"Porites_compressa_HIv1___TS.g19259.t1",0,0,1,0.0290937320563393,"Other",NA,NA,"ME0"
"Porites_compressa_HIv1___RNAseq.g13985.t1",0,0,1,NA,NA,NA,NA,"ME9"
"Porites_compressa_HIv1___RNAseq.g13988.t1",1,0,0,0.000699873609385981,"Other",3,0.842497012831995,"ME4"
"Porites_compressa_HIv1___RNAseq.g13989.t1",0,3,0,0.0181357911071118,"Other",6,0.747702068299615,"ME1"
"Porites_compressa_HIv1___RNAseq.g13992.t1",0,0,1,NA,NA,NA,NA,"ME0"
"Porites_compressa_HIv1___RNAseq.g13997.t1",1,0,0,NA,NA,NA,NA,"ME9"
"Porites_compressa_HIv1___RNAseq.g13998.t1",1,0,0,0.00906720825620049,"Other",6,0.782797650799589,"ME1"
"Porites_compressa_HIv1___RNAseq.g14021.t1",1,0,0,NA,NA,NA,NA,"ME1"
"Porites_compressa_HIv1___TS.g19298.t1",0,0,1,NA,NA,NA,NA,"ME6"
"Porites_compressa_HIv1___RNAseq.g37843.t1",1,0,0,NA,NA,NA,NA,"ME0"
"Porites_compressa_HIv1___RNAseq.g37848.t1",0,2,0,NA,NA,NA,NA,"ME0"
"Porites_compressa_HIv1___RNAseq.g37853.t1",1,0,0,NA,NA,NA,NA,"ME4"
"Porites_compressa_HIv1___RNAseq.g37855.t1",1,0,0,0.00657616075604546,"Monotonous",6,0.969083702829288,"ME1"
"Porites_compressa_HIv1___RNAseq.g37845.t1",1,0,0,0.0406639903649545,"Monotonous",6,0.955295930291781,"ME0"
"Porites_compressa_HIv1___RNAseq.g37846.t1",0,0,1,NA,NA,NA,NA,"ME11"
"Porites_compressa_HIv1___RNAseq.g37862.t1",0,1,0,1.47901227861663e-06,"Monotonous",2,0.940630749335516,"ME4"
"Porites_compressa_HIv1___RNAseq.g37863.t1",0,1,0,NA,NA,NA,NA,"ME0"
"Porites_compressa_HIv1___TS.g21520.t1",0,0,1,NA,NA,NA,NA,"ME0"
"Porites_compressa_HIv1___RNAseq.g37869.t1",1,0,0,NA,NA,NA,NA,"ME5"
"Porites_compressa_HIv1___RNAseq.g37868.t1",0,0,1,0.0040355714582194,"Monotonous",2,0.831891125502005,"ME4"
"Porites_compressa_HIv1___TS.g21524.t1",1,0,0,NA,NA,NA,NA,"ME0"
"Porites_compressa_HIv1___RNAseq.g37882.t1",0,1,0,0.04789464239921,"Other",5,0.665220438925922,"ME1"
"Porites_compressa_HIv1___RNAseq.g37884.t1",1,0,0,NA,NA,NA,NA,"ME0"
"Porites_compressa_HIv1___RNAseq.g37883.t1",1,0,0,6.84285507479626e-07,"Monotonous",6,0.695406989717887,"ME1"
"Porites_compressa_HIv1___TS.g21539.t1",1,0,0,NA,NA,NA,NA,"ME1"
"Porites_compressa_HIv1___RNAseq.g37886.t1",0,2,0,1.05448357019953e-05,"Transient",5,0.746879759444127,"ME1"
"Porites_compressa_HIv1___RNAseq.g37887.t1",1,0,0,0.0048669675357538,"Transient",4,0.828594949235922,"ME3"
"Porites_compressa_HIv1___RNAseq.g37896.t1",1,0,0,NA,NA,NA,NA,"ME0"
"Porites_compressa_HIv1___TS.g21350.t1",1,0,0,NA,NA,NA,NA,"ME0"
"Porites_compressa_HIv1___RNAseq.g37687.t2",0,1,1,NA,NA,NA,NA,"ME1"
"Porites_compressa_HIv1___RNAseq.g37693.t1",2,0,0,NA,NA,NA,NA,"ME0"
"Porites_compressa_HIv1___RNAseq.g37702.t1",0,0,1,NA,NA,NA,NA,"ME4"
"Porites_compressa_HIv1___RNAseq.g37707.t1",0,0,1,NA,NA,NA,NA,"ME0"
"Porites_compressa_HIv1___RNAseq.g37724.t1",0,0,1,0.00517373458407666,"Other",1,0.698029396578938,"ME11"
"Porites_compressa_HIv1___RNAseq.g37727.t1",1,0,0,NA,NA,NA,NA,"ME0"
"Porites_compressa_HIv1___RNAseq.g37728.t1b",0,1,1,NA,NA,NA,NA,"ME0"
"Porites_compressa_HIv1___RNAseq.g37729.t1",0,1,0,NA,NA,NA,NA,"ME0"
"Porites_compressa_HIv1___RNAseq.g37735.t1",0,0,1,NA,NA,NA,NA,"ME4"
"Porites_compressa_HIv1___RNAseq.g37736.t1",0,0,1,NA,NA,NA,NA,"ME3"
"Porites_compressa_HIv1___RNAseq.g37737.t1",0,1,0,NA,NA,NA,NA,"ME2"
"Porites_compressa_HIv1___TS.g21387.t1",0,1,0,7.37483345774984e-05,"Monotonous",2,0.866978919495541,"ME4"
"Porites_compressa_HIv1___TS.g21388.t1",0,1,1,NA,NA,NA,NA,"ME0"
"Porites_compressa_HIv1___RNAseq.g37738.t1",1,0,0,NA,NA,NA,NA,"ME0"
"Porites_compressa_HIv1___RNAseq.g37739.t1",0,1,0,0.0208369887071348,"Other",3,0.709729063213419,"ME4"
"Porites_compressa_HIv1___RNAseq.g37745.t1",1,0,0,NA,NA,NA,NA,"ME11"
"Porites_compressa_HIv1___RNAseq.g37746.t1",0,0,1,NA,NA,NA,NA,"ME0"
"Porites_compressa_HIv1___RNAseq.g37747.t1",0,0,1,NA,NA,NA,NA,"ME0"
"Porites_compressa_HIv1___RNAseq.g37750.t1",1,0,0,NA,NA,NA,NA,"ME2"
"Porites_compressa_HIv1___RNAseq.g37754.t1",2,0,0,NA,NA,NA,NA,"ME0"
"Porites_compressa_HIv1___RNAseq.g37757.t1",0,1,0,0.00344041302779559,"Monotonous",1,0.507731588339012,"ME2"
"Porites_compressa_HIv1___RNAseq.g37758.t1",1,0,0,NA,NA,NA,NA,"ME10"
"Porites_compressa_HIv1___TS.g21415.t1b",1,1,0,NA,NA,NA,NA,"ME5"
"Porites_compressa_HIv1___RNAseq.g37766.t1",0,2,2,NA,NA,NA,NA,"ME0"
"Porites_compressa_HIv1___RNAseq.g37772.t1",1,0,0,0.00640827769333687,"Transient",4,0.926521543333032,"ME0"
"Porites_compressa_HIv1___TS.g21426.t1",0,1,0,NA,NA,NA,NA,"ME15"
"Porites_compressa_HIv1___RNAseq.g37778.t1",1,0,0,NA,NA,NA,NA,"ME3"
"Porites_compressa_HIv1___RNAseq.g37779.t1",1,0,0,2.17370312498573e-05,"Monotonous",2,0.518443410319497,"ME2"
"Porites_compressa_HIv1___RNAseq.g37784.t1",1,0,0,NA,NA,NA,NA,"ME0"
"Porites_compressa_HIv1___RNAseq.g37785.t1",0,1,0,NA,NA,NA,NA,"ME1"
"Porites_compressa_HIv1___RNAseq.g37791.t1",1,0,0,NA,NA,NA,NA,"ME0"
"Porites_compressa_HIv1___RNAseq.g37792.t1",0,0,1,NA,NA,NA,NA,"ME2"
"Porites_compressa_HIv1___RNAseq.g37795.t1",1,0,0,NA,NA,NA,NA,"ME20"
"Porites_compressa_HIv1___RNAseq.g37797.t1",1,0,0,NA,NA,NA,NA,"ME0"
"Porites_compressa_HIv1___RNAseq.21849_t",0,1,0,0.0059231782865366,"Other",NA,NA,"ME27"
"Porites_compressa_HIv1___RNAseq.g37800.t1",2,3,0,NA,NA,NA,NA,"ME24"
"Porites_compressa_HIv1___TS.g21456.t1",1,0,0,NA,NA,NA,NA,"ME0"
"Porites_compressa_HIv1___TS.g21457.t2",1,1,0,NA,NA,NA,NA,"ME3"
"Porites_compressa_HIv1___RNAseq.g37807.t1",0,0,1,NA,NA,NA,NA,"ME0"
"Porites_compressa_HIv1___RNAseq.g37814.t1",0,1,0,NA,NA,NA,NA,"ME3"
"Porites_compressa_HIv1___RNAseq.g37818.t1",1,0,0,NA,NA,NA,NA,"ME1"
"Porites_compressa_HIv1___RNAseq.g37823.t1",0,1,0,NA,NA,NA,NA,"ME0"
"Porites_compressa_HIv1___RNAseq.g37826.t1",2,0,0,NA,NA,NA,NA,"ME4"
"Porites_compressa_HIv1___RNAseq.g37827.t1",1,0,0,NA,NA,NA,NA,"ME0"
"Porites_compressa_HIv1___RNAseq.g37829.t1",0,0,1,0.0158954256622852,"Other",5,0.888171407296062,"ME1"
"Porites_compressa_HIv1___TS.g21489.t1",0,0,1,NA,NA,NA,NA,"ME0"
"Porites_compressa_HIv1___RNAseq.g37833.t1",0,0,1,NA,NA,NA,NA,"ME7"
"Porites_compressa_HIv1___TS.g21495.t2",1,0,0,NA,NA,NA,NA,"ME0"
"Porites_compressa_HIv1___RNAseq.g37841.t1",1,0,0,NA,NA,NA,NA,"ME0"
"Porites_compressa_HIv1___RNAseq.g28904.t1",1,1,0,0.000516591192274186,"Transient",NA,NA,"ME1"
"Porites_compressa_HIv1___RNAseq.g3353.t1",2,0,0,NA,NA,NA,NA,"ME0"
"Porites_compressa_HIv1___RNAseq.g3354.t1a",0,1,1,NA,NA,NA,NA,"ME1"
"Porites_compressa_HIv1___RNAseq.g3340.t1",0,0,1,4.62690732690702e-11,"Transient",5,0.960968215071456,"ME1"
"Porites_compressa_HIv1___TS.g31353.t1b",0,0,3,NA,NA,NA,NA,"ME0"
"Porites_compressa_HIv1___RNAseq.g28935.t1",1,0,0,NA,NA,NA,NA,"ME0"
"Porites_compressa_HIv1___RNAseq.g28909.t1",0,0,1,NA,NA,NA,NA,"ME2"
"Porites_compressa_HIv1___RNAseq.g28916.t1",1,0,0,NA,NA,NA,NA,"ME0"
"Porites_compressa_HIv1___RNAseq.g28928.t1",0,2,0,NA,NA,NA,NA,"ME0"
"Porites_compressa_HIv1___TS.g31357.t2",0,1,0,NA,NA,NA,NA,"ME0"
"Porites_compressa_HIv1___RNAseq.g28932.t1",1,0,0,NA,NA,NA,NA,"ME1"
"Porites_compressa_HIv1___RNAseq.g28937.t1",1,0,0,NA,NA,NA,NA,"ME0"
"Porites_compressa_HIv1___RNAseq.g28939.t1",1,0,0,NA,NA,NA,NA,"ME4"
"Porites_compressa_HIv1___RNAseq.g28940.t1",1,0,0,0.00125120524478665,"Monotonous",5,0.97199356971925,"ME1"
"Porites_compressa_HIv1___RNAseq.g28945.t1",1,1,0,NA,NA,NA,NA,"ME0"
"Porites_compressa_HIv1___RNAseq.g28957.t1",1,0,0,NA,NA,NA,NA,"ME0"
"Porites_compressa_HIv1___RNAseq.g28958.t1",0,0,1,NA,NA,NA,NA,"ME0"
"Porites_compressa_HIv1___RNAseq.g28960.t1",1,1,0,0.0266849966146632,"Transient",4,0.766415573934688,"ME3"
"Porites_compressa_HIv1___RNAseq.g28961.t1",1,0,2,NA,NA,NA,NA,"ME0"
"Porites_compressa_HIv1___RNAseq.g28962.t1",1,0,2,2.52820484685487e-06,"Transient",5,0.809187447459482,"ME1"
"Porites_compressa_HIv1___TS.g31395.t1",0,0,1,NA,NA,NA,NA,"ME1"
"Porites_compressa_HIv1___RNAseq.g28966.t1",1,0,1,NA,NA,NA,NA,"ME0"
"Porites_compressa_HIv1___RNAseq.g3389.t1a",1,0,0,NA,NA,NA,NA,"ME0"
"Porites_compressa_HIv1___RNAseq.g3389.t1b",1,0,0,NA,NA,NA,NA,"ME1"
"Porites_compressa_HIv1___RNAseq.g3367.t1",0,1,0,0.00387088086961413,"Transient",5,0.887933641018779,"ME1"
"Porites_compressa_HIv1___RNAseq.g3370.t1",1,0,0,NA,NA,NA,NA,"ME5"
"Porites_compressa_HIv1___RNAseq.g3371.t1",0,1,0,0.00910530434355643,"Transient",3,0.639908567784911,"ME3"
"Porites_compressa_HIv1___RNAseq.g3373.t1",2,0,0,NA,NA,NA,NA,"ME0"
"Porites_compressa_HIv1___RNAseq.g3374.t1",1,0,0,NA,NA,NA,NA,"ME0"
"Porites_compressa_HIv1___RNAseq.g3375.t1",1,0,0,NA,NA,NA,NA,"ME0"
"Porites_compressa_HIv1___RNAseq.g3385.t1",1,0,0,NA,NA,NA,NA,"ME0"
"Porites_compressa_HIv1___RNAseq.g3428.t1",1,0,0,NA,NA,NA,NA,"ME3"
"Porites_compressa_HIv1___TS.g40903.t1",1,0,0,NA,NA,NA,NA,"ME6"
"Porites_compressa_HIv1___RNAseq.g3396.t1",0,1,0,NA,NA,NA,NA,"ME0"
"Porites_compressa_HIv1___RNAseq.g3398.t1",1,0,1,NA,NA,NA,NA,"ME15"
"Porites_compressa_HIv1___RNAseq.g3402.t1",0,2,0,NA,NA,NA,NA,"ME1"
"Porites_compressa_HIv1___TS.g40863.t1",0,1,0,NA,NA,NA,NA,"ME0"
"Porites_compressa_HIv1___RNAseq.g3405.t1",0,1,0,NA,NA,NA,NA,"ME0"
"Porites_compressa_HIv1___RNAseq.g3416.t1",2,0,0,NA,NA,NA,NA,"ME1"
"Porites_compressa_HIv1___RNAseq.g3419.t1",1,1,0,NA,NA,NA,NA,"ME0"
"Porites_compressa_HIv1___TS.g40882.t1c",1,0,0,NA,NA,NA,NA,"ME0"
"Porites_compressa_HIv1___RNAseq.g3432.t1",0,0,1,NA,NA,NA,NA,"ME0"
"Porites_compressa_HIv1___RNAseq.g3437.t1",0,1,0,NA,NA,NA,NA,"ME0"
"Porites_compressa_HIv1___RNAseq.g3440.t1",0,1,0,NA,NA,NA,NA,"ME0"
"Porites_compressa_HIv1___TS.g40936.t1",0,0,1,NA,NA,NA,NA,"ME1"
"Porites_compressa_HIv1___TS.g40939.t1",1,0,0,3.15099369113832e-07,"Monotonous",1,0.787728910777061,"ME12"
"Porites_compressa_HIv1___RNAseq.g3487.t1",0,0,1,0.033324071704769,"Other",1,0.867344806072768,"ME12"
"Porites_compressa_HIv1___RNAseq.g3465.t1",2,0,0,NA,NA,NA,NA,"ME1"
"Porites_compressa_HIv1___RNAseq.g3468.t1",1,0,0,NA,NA,NA,NA,"ME0"
"Porites_compressa_HIv1___RNAseq.g3470.t1",1,0,0,NA,NA,NA,NA,"ME0"
"Porites_compressa_HIv1___RNAseq.g3474.t1",1,0,0,NA,NA,NA,NA,"ME0"
"Porites_compressa_HIv1___TS.g40933.t1",0,0,1,NA,NA,NA,NA,"ME12"
"Porites_compressa_HIv1___RNAseq.g3476.t1",0,0,1,NA,NA,NA,NA,"ME0"
"Porites_compressa_HIv1___RNAseq.g28764.t1",0,1,0,NA,NA,NA,NA,"ME0"
"Porites_compressa_HIv1___TS.g31193.t1",1,1,0,NA,NA,NA,NA,"ME1"
"Porites_compressa_HIv1___RNAseq.g28782.t1",0,0,1,NA,NA,NA,NA,"ME0"
"Porites_compressa_HIv1___RNAseq.g28811.t1",0,0,1,NA,NA,NA,NA,"ME2"
"Porites_compressa_HIv1___RNAseq.g28885.t1",0,0,1,NA,NA,NA,NA,"ME6"
"Porites_compressa_HIv1___RNAseq.g28720.t1",2,0,0,NA,NA,NA,NA,"ME0"
"Porites_compressa_HIv1___RNAseq.g28722.t1",1,0,1,NA,NA,NA,NA,"ME4"
"Porites_compressa_HIv1___TS.g31151.t1",2,0,1,0.0403035158305709,"Other",5,0.726451960010862,"ME1"
"Porites_compressa_HIv1___RNAseq.g28740.t1",0,2,0,NA,NA,NA,NA,"ME0"
"Porites_compressa_HIv1___RNAseq.g28743.t1",0,0,1,NA,NA,NA,NA,"ME0"
"Porites_compressa_HIv1___RNAseq.g28744.t1",0,1,1,NA,NA,NA,NA,"ME0"
"Porites_compressa_HIv1___TS.g31175.t2",0,0,1,0.00965684147766431,"Other",1,0.630223762082741,"ME21"
"Porites_compressa_HIv1___RNAseq.g28754.t1",1,0,0,NA,NA,NA,NA,"ME0"
"Porites_compressa_HIv1___TS.g31185.t1",1,0,0,NA,NA,NA,NA,"ME4"
"Porites_compressa_HIv1___RNAseq.g28765.t1",0,0,1,NA,NA,NA,NA,"ME0"
"Porites_compressa_HIv1___RNAseq.g28768.t1",0,1,0,NA,NA,NA,NA,"ME1"
"Porites_compressa_HIv1___RNAseq.g28773.t1",1,0,0,0.0149513238436882,"Other",6,0.808684347386042,"ME1"
"Porites_compressa_HIv1___RNAseq.g28787.t1",1,0,0,NA,NA,NA,NA,"ME0"
"Porites_compressa_HIv1___RNAseq.g28793.t1",0,3,0,NA,NA,NA,NA,"ME0"
"Porites_compressa_HIv1___TS.g31228.t1",0,1,0,NA,NA,NA,NA,"ME1"
"Porites_compressa_HIv1___RNAseq.g28805.t2",1,0,0,NA,NA,NA,NA,"ME0"
"Porites_compressa_HIv1___RNAseq.g28816.t1",0,0,1,1.17998899097738e-05,"Monotonous",2,0.91784910206184,"ME4"
"Porites_compressa_HIv1___RNAseq.g28818.t1",0,1,0,NA,NA,NA,NA,"ME16"
"Porites_compressa_HIv1___RNAseq.g28819.t1",1,0,1,NA,NA,NA,NA,"ME0"
"Porites_compressa_HIv1___TS.g31251.t2",0,1,0,NA,NA,NA,NA,"ME0"
"Porites_compressa_HIv1___RNAseq.g28826.t1",1,0,0,NA,NA,NA,NA,"ME0"
"Porites_compressa_HIv1___RNAseq.g28828.t1",0,1,0,NA,NA,NA,NA,"ME0"
"Porites_compressa_HIv1___RNAseq.g28831.t1",1,1,0,NA,NA,NA,NA,"ME4"
"Porites_compressa_HIv1___RNAseq.g28832.t1",0,0,2,0.0340130100357659,"Other",5,0.76202662878636,"ME1"
"Porites_compressa_HIv1___TS.g31263.t1",1,0,0,NA,NA,NA,NA,"ME0"
"Porites_compressa_HIv1___RNAseq.g28835.t1c",0,0,1,NA,NA,NA,NA,"ME0"
"Porites_compressa_HIv1___RNAseq.g28837.t1",0,1,0,NA,NA,NA,NA,"ME0"
"Porites_compressa_HIv1___RNAseq.g28838.t1",0,1,0,NA,NA,NA,NA,"ME0"
"Porites_compressa_HIv1___RNAseq.g28843.t1",0,1,0,NA,NA,NA,NA,"ME0"
"Porites_compressa_HIv1___RNAseq.g28846.t1",1,0,0,NA,NA,NA,NA,"ME1"
"Porites_compressa_HIv1___RNAseq.g28847.t1",1,0,0,0.000462695986191253,"Transient",6,0.822660693759875,"ME1"
"Porites_compressa_HIv1___RNAseq.g28850.t1",1,0,1,NA,NA,NA,NA,"ME0"
"Porites_compressa_HIv1___RNAseq.g28851.t1",0,0,1,0.00027768235681634,"Monotonous",1,0.69362269260442,"ME2"
"Porites_compressa_HIv1___RNAseq.g28862.t1",0,1,0,0.0244590301436935,"Other",3,0.869105413034285,"ME3"
"Porites_compressa_HIv1___RNAseq.g28869.t1",1,0,0,0.0102359271548535,"Other",6,0.842087799995917,"ME8"
"Porites_compressa_HIv1___RNAseq.g28872.t1",0,2,0,NA,NA,NA,NA,"ME1"
"Porites_compressa_HIv1___RNAseq.g28877.t1",0,0,1,NA,NA,NA,NA,"ME17"
"Porites_compressa_HIv1___RNAseq.g28881.t1",0,0,1,NA,NA,NA,NA,"ME4"
"Porites_compressa_HIv1___TS.g31321.t1",0,0,1,NA,NA,NA,NA,"ME1"
"Porites_compressa_HIv1___RNAseq.g28892.t1",0,1,0,0.0089647361351124,"Other",1,0.887703519549097,"ME15"
"Porites_compressa_HIv1___RNAseq.g28893.t1",0,1,0,NA,NA,NA,NA,"ME15"
"Porites_compressa_HIv1___TS.g31326.t1",0,1,0,0.0157600043378726,"Other",1,0.601686665712203,"ME15"
"Porites_compressa_HIv1___RNAseq.g28896.t1",0,1,0,8.36782855305112e-16,"Monotonous",2,0.684660047140254,"ME2"
"Porites_compressa_HIv1___TS.g31329.t1",1,0,0,NA,NA,NA,NA,"ME4"
"Porites_compressa_HIv1___RNAseq.g3502.t1",0,1,0,NA,NA,NA,NA,"ME1"
"Porites_compressa_HIv1___RNAseq.g3506.t1",1,0,0,0.0345868974492245,"Other",NA,NA,"ME1"
"Porites_compressa_HIv1___RNAseq.g3510.t1",0,1,0,1.74240822325322e-06,"Monotonous",3,0.553418965705564,"ME2"
"Porites_compressa_HIv1___RNAseq.g3199.t1",1,0,0,NA,NA,NA,NA,"ME0"
"Porites_compressa_HIv1___RNAseq.g3197.t1",0,2,0,NA,NA,NA,NA,"ME0"
"Porites_compressa_HIv1___RNAseq.g3192.t1",1,0,0,0.00352722372254871,"Transient",NA,NA,"ME19"
"Porites_compressa_HIv1___RNAseq.g3196.t1",0,1,0,NA,NA,NA,NA,"ME6"
"Porites_compressa_HIv1___RNAseq.g3155.t1",0,0,1,NA,NA,NA,NA,"ME1"
"Porites_compressa_HIv1___RNAseq.g3161.t1",0,0,1,NA,NA,NA,NA,"ME0"
"Porites_compressa_HIv1___RNAseq.g3152.t1",1,0,0,0.0169356616155922,"Other",5,0.816108732705574,"ME1"
"Porites_compressa_HIv1___RNAseq.g3153.t1",1,0,0,0.0489453721366916,"Other",2,0.525919182909558,"ME2"
"Porites_compressa_HIv1___RNAseq.g3156.t1",0,1,0,NA,NA,NA,NA,"ME3"
"Porites_compressa_HIv1___RNAseq.g3158.t3",0,1,1,NA,NA,NA,NA,"ME1"
"Porites_compressa_HIv1___RNAseq.g3174.t1",0,1,0,NA,NA,NA,NA,"ME15"
"Porites_compressa_HIv1___RNAseq.g3175.t1",1,0,0,NA,NA,NA,NA,"ME0"
"Porites_compressa_HIv1___RNAseq.g3203.t1a",0,1,0,NA,NA,NA,NA,"ME0"
"Porites_compressa_HIv1___TS.g2778.t1",0,1,0,NA,NA,NA,NA,"ME28"
"Porites_compressa_HIv1___RNAseq.g3254.t1",0,1,0,NA,NA,NA,NA,"ME14"
"Porites_compressa_HIv1___TS.g2734.t1b",1,0,0,NA,NA,NA,NA,"ME8"
"Porites_compressa_HIv1___RNAseq.g3210.t1a",0,0,1,NA,NA,NA,NA,"ME0"
"Porites_compressa_HIv1___RNAseq.g3223.t1",0,1,0,NA,NA,NA,NA,"ME0"
"Porites_compressa_HIv1___RNAseq.g3228.t1",0,1,0,3.66189893141266e-09,"Monotonous",NA,NA,"ME2"
"Porites_compressa_HIv1___TS.g2764.t2",3,2,0,2.92374008002568e-16,"Monotonous",2,0.927547887539414,"ME2"
"Porites_compressa_HIv1___RNAseq.g3231.t1",2,0,0,2.2975245910323e-10,"Monotonous",2,0.849939589711338,"ME2"
"Porites_compressa_HIv1___RNAseq.g3272.t1",1,0,0,NA,NA,NA,NA,"ME0"
"Porites_compressa_HIv1___TS.g2804.t1a",2,0,0,NA,NA,NA,NA,"ME0"
"Porites_compressa_HIv1___TS.g2805.t2",1,0,0,NA,NA,NA,NA,"ME3"
"Porites_compressa_HIv1___RNAseq.g3281.t1",0,0,1,0.0213898867632415,"Transient",5,0.824347345166513,"ME1"
"Porites_compressa_HIv1___RNAseq.g3286.t1",0,1,0,0.0409564416213542,"Other",NA,NA,"ME0"
"Porites_compressa_HIv1___TS.g2815.t1",0,2,0,0.000159628931175111,"Monotonous",6,0.533495153609869,"ME1"
"Porites_compressa_HIv1___TS.g2817.t1",0,0,1,NA,NA,NA,NA,"ME4"
"Porites_compressa_HIv1___RNAseq.g3291.t1",0,0,1,0.00811000531710166,"Other",1,0.619448654691573,"ME15"
"Porites_compressa_HIv1___RNAseq.22528_ta",1,0,0,0.00714279465873882,"Other",2,0.739999751713004,"ME4"
"Porites_compressa_HIv1___RNAseq.g3298.t1",1,0,0,0.00801126175739257,"Other",3,0.810267964864816,"ME8"
"Porites_compressa_HIv1___RNAseq.g3300.t1",1,0,0,NA,NA,NA,NA,"ME0"
"Porites_compressa_HIv1___RNAseq.g3305.t1",0,0,1,0.0393497765220116,"Other",NA,NA,"ME2"
"Porites_compressa_HIv1___RNAseq.g17847.t1",1,0,0,NA,NA,NA,NA,"ME0"
"Porites_compressa_HIv1___RNAseq.g17834.t1",1,0,0,NA,NA,NA,NA,"ME0"
"Porites_compressa_HIv1___RNAseq.g17842.t1",0,1,0,NA,NA,NA,NA,"ME1"
"Porites_compressa_HIv1___RNAseq.g17843.t1",1,0,0,NA,NA,NA,NA,"ME16"
"Porites_compressa_HIv1___RNAseq.g17852.t2",2,0,0,NA,NA,NA,NA,"ME1"
"Porites_compressa_HIv1___RNAseq.g17853.t1",1,0,0,0.00480733703368601,"Monotonous",2,0.665839025346157,"ME2"
"Porites_compressa_HIv1___RNAseq.g17854.t1",0,1,0,0.0363305492377947,"Other",NA,NA,"ME0"
"Porites_compressa_HIv1___RNAseq.g17860.t1",2,0,0,NA,NA,NA,NA,"ME0"
"Porites_compressa_HIv1___RNAseq.g17878.t1",2,0,0,NA,NA,NA,NA,"ME0"
"Porites_compressa_HIv1___RNAseq.g36270.t1",0,0,1,NA,NA,NA,NA,"ME3"
"Porites_compressa_HIv1___TS.g24432.t1",1,0,0,NA,NA,NA,NA,"ME0"
"Porites_compressa_HIv1___RNAseq.g36278.t1",1,0,0,0.00210646218586494,"Other",NA,NA,"ME19"
"Porites_compressa_HIv1___RNAseq.g36280.t1",1,0,0,NA,NA,NA,NA,"ME0"
"Porites_compressa_HIv1___RNAseq.g36281.t1",1,0,0,0.00261850575478704,"Monotonous",2,0.503704428328162,"ME2"
"Porites_compressa_HIv1___TS.g24439.t1",1,1,0,NA,NA,NA,NA,"ME0"
"Porites_compressa_HIv1___TS.g24441.t1",1,0,0,0.000419480275436855,"Monotonous",2,0.655948009979457,"ME5"
"Porites_compressa_HIv1___TS.g24443.t1",0,1,0,0.00374884032044523,"Monotonous",2,0.661945853769304,"ME2"
"Porites_compressa_HIv1___RNAseq.g36298.t1",0,1,1,NA,NA,NA,NA,"ME0"
"Porites_compressa_HIv1___RNAseq.g36306.t1",1,0,0,NA,NA,NA,NA,"ME1"
"Porites_compressa_HIv1___RNAseq.g36307.t1",0,1,1,NA,NA,NA,NA,"ME0"
"Porites_compressa_HIv1___RNAseq.g36311.t1",1,0,0,0.0434922894442516,"Other",2,0.752142127826689,"ME2"
"Porites_compressa_HIv1___RNAseq.g36314.t1",1,2,0,NA,NA,NA,NA,"ME4"
"Porites_compressa_HIv1___RNAseq.g36315.t1",0,2,0,NA,NA,NA,NA,"ME0"
"Porites_compressa_HIv1___RNAseq.g17908.t1",0,0,1,NA,NA,NA,NA,"ME0"
"Porites_compressa_HIv1___RNAseq.g17921.t1",0,1,0,NA,NA,NA,NA,"ME7"
"Porites_compressa_HIv1___RNAseq.g17983.t1",1,0,0,NA,NA,NA,NA,"ME7"
"Porites_compressa_HIv1___RNAseq.g18007.t1",0,1,0,NA,NA,NA,NA,"ME21"
"Porites_compressa_HIv1___RNAseq.g18056.t1",0,0,1,NA,NA,NA,NA,"ME0"
"Porites_compressa_HIv1___TS.g37889.t1",0,0,1,NA,NA,NA,NA,"ME1"
"Porites_compressa_HIv1___RNAseq.g18069.t1",0,1,0,NA,NA,NA,NA,"ME7"
"Porites_compressa_HIv1___RNAseq.g17889.t1",0,1,0,NA,NA,NA,NA,"ME1"
"Porites_compressa_HIv1___RNAseq.g17890.t1",0,1,0,NA,NA,NA,NA,"ME3"
"Porites_compressa_HIv1___RNAseq.g17892.t1",1,0,1,NA,NA,NA,NA,"ME0"
"Porites_compressa_HIv1___TS.g37733.t1",2,0,0,NA,NA,NA,NA,"ME1"
"Porites_compressa_HIv1___RNAseq.g17907.t1",1,0,0,NA,NA,NA,NA,"ME4"
"Porites_compressa_HIv1___TS.g37738.t1",0,0,1,NA,NA,NA,NA,"ME0"
"Porites_compressa_HIv1___RNAseq.g17913.t1",1,0,0,NA,NA,NA,NA,"ME3"
"Porites_compressa_HIv1___TS.g37744.t1",0,0,1,NA,NA,NA,NA,"ME0"
"Porites_compressa_HIv1___RNAseq.g17916.t1",0,0,1,NA,NA,NA,NA,"ME0"
"Porites_compressa_HIv1___TS.g37746.t1",0,0,1,0.000321439730505802,"Monotonous",2,0.50356748670601,"ME19"
"Porites_compressa_HIv1___RNAseq.g17924.t1",0,0,1,NA,NA,NA,NA,"ME0"
"Porites_compressa_HIv1___RNAseq.g17929.t1",1,0,0,NA,NA,NA,NA,"ME0"
"Porites_compressa_HIv1___RNAseq.g17939.t1",0,1,0,NA,NA,NA,NA,"ME1"
"Porites_compressa_HIv1___RNAseq.g17940.t1",0,1,1,NA,NA,NA,NA,"ME0"
"Porites_compressa_HIv1___RNAseq.g17941.t1",0,1,0,NA,NA,NA,NA,"ME0"
"Porites_compressa_HIv1___RNAseq.g17942.t1",0,1,0,NA,NA,NA,NA,"ME0"
"Porites_compressa_HIv1___RNAseq.g17946.t1",0,0,1,0.00705745993630881,"Transient",5,0.627282915040409,"ME1"
"Porites_compressa_HIv1___RNAseq.g17948.t1",0,1,0,NA,NA,NA,NA,"ME0"
"Porites_compressa_HIv1___RNAseq.g17949.t1",0,1,0,NA,NA,NA,NA,"ME8"
"Porites_compressa_HIv1___TS.g37795.t1",1,0,0,NA,NA,NA,NA,"ME0"
"Porites_compressa_HIv1___RNAseq.g17970.t1",0,0,1,NA,NA,NA,NA,"ME0"
"Porites_compressa_HIv1___RNAseq.g17978.t1",1,0,0,7.80623797865413e-05,"Monotonous",2,0.964674993346239,"ME16"
"Porites_compressa_HIv1___RNAseq.g17985.t1",1,0,0,0.00445089577054239,"Other",5,0.598494005253018,"ME1"
"Porites_compressa_HIv1___RNAseq.g17986.t1",0,0,1,NA,NA,NA,NA,"ME0"
"Porites_compressa_HIv1___RNAseq.g18000.t1",1,0,0,NA,NA,NA,NA,"ME0"
"Porites_compressa_HIv1___RNAseq.g18002.t1",0,1,0,NA,NA,NA,NA,"ME6"
"Porites_compressa_HIv1___RNAseq.g18009.t1",0,1,0,NA,NA,NA,NA,"ME1"
"Porites_compressa_HIv1___RNAseq.g18011.t1",1,1,0,NA,NA,NA,NA,"ME1"
"Porites_compressa_HIv1___RNAseq.g18012.t1",0,0,1,0.00578000824055686,"Monotonous",3,0.753424060195594,"ME3"
"Porites_compressa_HIv1___RNAseq.g18013.t1",1,0,0,NA,NA,NA,NA,"ME1"
"Porites_compressa_HIv1___RNAseq.g18014.t1",0,0,1,0.0128445956505462,"Transient",6,0.792113868164235,"ME1"
"Porites_compressa_HIv1___RNAseq.g18015.t1",0,2,0,6.35711597652888e-11,"Transient",6,0.657252255603577,"ME1"
"Porites_compressa_HIv1___RNAseq.g18020.t1",1,0,0,NA,NA,NA,NA,"ME1"
"Porites_compressa_HIv1___TS.g37854.t1",0,1,1,NA,NA,NA,NA,"ME1"
"Porites_compressa_HIv1___RNAseq.g18021.t1",1,0,0,NA,NA,NA,NA,"ME1"
"Porites_compressa_HIv1___RNAseq.g18028.t1",0,0,1,0.000441157460744328,"Monotonous",1,0.785913334497118,"ME0"
"Porites_compressa_HIv1___RNAseq.g18031.t1",0,1,0,NA,NA,NA,NA,"ME1"
"Porites_compressa_HIv1___RNAseq.g18035.t1",1,0,0,5.73438605892738e-05,"Transient",3,0.743323740410808,"ME3"
"Porites_compressa_HIv1___RNAseq.g18036.t1",1,0,0,7.29876494257318e-09,"Transient",2,0.617107917713912,"ME2"
"Porites_compressa_HIv1___RNAseq.g18041.t1",0,1,0,NA,NA,NA,NA,"ME0"
"Porites_compressa_HIv1___RNAseq.g18042.t1",0,1,0,NA,NA,NA,NA,"ME0"
"Porites_compressa_HIv1___RNAseq.g18053.t1",0,1,0,NA,NA,NA,NA,"ME1"
"Porites_compressa_HIv1___RNAseq.g18058.t1",0,7,0,NA,NA,NA,NA,"ME0"
"Porites_compressa_HIv1___RNAseq.g18059.t1",0,0,2,0.0338631578952515,"Other",1,0.572772323103528,"ME0"
"Porites_compressa_HIv1___RNAseq.g18061.t1",0,0,2,NA,NA,NA,NA,"ME1"
"Porites_compressa_HIv1___RNAseq.g18064.t1",1,0,0,NA,NA,NA,NA,"ME2"
"Porites_compressa_HIv1___TS.g37899.t1",0,2,0,0.000152989829376063,"Other",NA,NA,"ME1"
"Porites_compressa_HIv1___RNAseq.g18068.t1",0,1,0,0.00106767638825786,"Monotonous",6,0.973689219824074,"ME1"
"Porites_compressa_HIv1___RNAseq.g18077.t1",0,1,0,NA,NA,NA,NA,"ME24"
"Porites_compressa_HIv1___RNAseq.g36414.t1",0,0,1,NA,NA,NA,NA,"ME1"
"Porites_compressa_HIv1___RNAseq.g36415.t1",0,0,1,0.00300882467778281,"Other",6,0.76171659053873,"ME1"
"Porites_compressa_HIv1___TS.g24574.t1",1,1,0,NA,NA,NA,NA,"ME1"
"Porites_compressa_HIv1___TS.g24529.t1",0,1,0,NA,NA,NA,NA,"ME4"
"Porites_compressa_HIv1___TS.g24474.t1",1,0,0,NA,NA,NA,NA,"ME0"
"Porites_compressa_HIv1___RNAseq.g36319.t1",0,1,0,0.0461039976659148,"Monotonous",1,0.788509589662898,"ME16"
"Porites_compressa_HIv1___RNAseq.g36320.t1",0,2,0,0.00244020103184988,"Monotonous",6,0.76861350783999,"ME0"
"Porites_compressa_HIv1___TS.g24484.t1",1,0,1,0.000561310660525248,"Monotonous",2,0.851280477566265,"ME2"
"Porites_compressa_HIv1___RNAseq.g36327.t1",1,0,0,0.000240353066698368,"Monotonous",3,0.775828578462846,"ME4"
"Porites_compressa_HIv1___RNAseq.g36328.t1",1,0,1,0.0478621073550727,"Other",1,0.772861805837456,"ME16"
"Porites_compressa_HIv1___RNAseq.g36339.t1",1,0,0,NA,NA,NA,NA,"ME1"
"Porites_compressa_HIv1___RNAseq.g36352.t1",1,0,0,NA,NA,NA,NA,"ME0"
"Porites_compressa_HIv1___RNAseq.22857_t",1,0,0,NA,NA,NA,NA,"ME0"
"Porites_compressa_HIv1___RNAseq.g36355.t1",0,1,1,1.61522278284522e-30,"Transient",NA,NA,"ME0"
"Porites_compressa_HIv1___RNAseq.g36356.t1",1,0,0,0.00027256012314979,"Transient",5,0.827963450345493,"ME1"
"Porites_compressa_HIv1___RNAseq.g36363.t1",0,0,1,0.0203300875617895,"Monotonous",1,0.867790773774843,"ME12"
"Porites_compressa_HIv1___TS.g24519.t1",2,0,0,NA,NA,NA,NA,"ME0"
"Porites_compressa_HIv1___RNAseq.g36365.t1",1,0,0,0.0342042987024321,"Other",6,0.503838040327892,"ME1"
"Porites_compressa_HIv1___RNAseq.g36368.t1",1,1,0,NA,NA,NA,NA,"ME7"
"Porites_compressa_HIv1___RNAseq.g36374.t1",1,1,0,NA,NA,NA,NA,"ME0"
"Porites_compressa_HIv1___RNAseq.g36376.t1",0,0,1,NA,NA,NA,NA,"ME0"
"Porites_compressa_HIv1___RNAseq.g36382.t3",0,1,0,NA,NA,NA,NA,"ME2"
"Porites_compressa_HIv1___RNAseq.g36388.t1",0,1,0,0.000212137053769758,"Monotonous",2,0.902488178330182,"ME2"
"Porites_compressa_HIv1___TS.g24545.t1",1,0,1,NA,NA,NA,NA,"ME0"
"Porites_compressa_HIv1___RNAseq.g36393.t1",0,1,0,0.00492702093910731,"Monotonous",1,0.732485077670364,"ME5"
"Porites_compressa_HIv1___RNAseq.g36404.t3",0,1,0,NA,NA,NA,NA,"ME0"
"Porites_compressa_HIv1___RNAseq.g6547.t1",0,1,0,0.00488525023031987,"Monotonous",3,0.6759941550564,"ME3"
"Porites_compressa_HIv1___RNAseq.g36455.t2c",1,0,0,NA,NA,NA,NA,"ME0"
"Porites_compressa_HIv1___RNAseq.g36420.t1",2,0,0,0.02299850706578,"Other",4,0.666929085248752,"ME3"
"Porites_compressa_HIv1___RNAseq.g36436.t1",1,0,0,1.10276066753916e-09,"Transient",1,0.830838730430643,"ME12"
"Porites_compressa_HIv1___RNAseq.g36445.t1",1,0,0,NA,NA,NA,NA,"ME5"
"Porites_compressa_HIv1___RNAseq.g36447.t1",1,0,0,NA,NA,NA,NA,"ME0"
"Porites_compressa_HIv1___TS.g24609.t1",2,0,0,NA,NA,NA,NA,"ME1"
"Porites_compressa_HIv1___RNAseq.g36451.t1",1,0,0,NA,NA,NA,NA,"ME12"
"Porites_compressa_HIv1___TS.g24615.t1a",1,0,0,NA,NA,NA,NA,"ME6"
"Porites_compressa_HIv1___TS.g24615.t1c",0,1,0,NA,NA,NA,NA,"ME8"
"Porites_compressa_HIv1___TS.g24625.t1",0,0,1,NA,NA,NA,NA,"ME0"
"Porites_compressa_HIv1___TS.g24627.t1a",1,0,0,0.00882912364431918,"Monotonous",6,0.927177684006894,"ME1"
"Porites_compressa_HIv1___RNAseq.g36470.t1",1,0,0,NA,NA,NA,NA,"ME1"
"Porites_compressa_HIv1___TS.g21661.t1",1,0,0,NA,NA,NA,NA,"ME0"
"Porites_compressa_HIv1___RNAseq.g6680.t1",1,0,0,0.00646347469418126,"Other",1,0.910878361430296,"ME0"
"Porites_compressa_HIv1___RNAseq.g6681.t1",1,0,0,0.00186193766699473,"Monotonous",3,0.657099899280712,"ME2"
"Porites_compressa_HIv1___RNAseq.g6675.t1",0,1,0,NA,NA,NA,NA,"ME0"
"Porites_compressa_HIv1___RNAseq.g6676.t1",1,0,0,NA,NA,NA,NA,"ME0"
"Porites_compressa_HIv1___TS.g21669.t2",0,1,0,NA,NA,NA,NA,"ME1"
"Porites_compressa_HIv1___RNAseq.g6678.t1",0,1,0,0.0483990564096285,"Other",NA,NA,"ME1"
"Porites_compressa_HIv1___RNAseq.g6679.t1",0,1,0,NA,NA,NA,NA,"ME0"
"Porites_compressa_HIv1___RNAseq.g6707.t1",2,1,0,NA,NA,NA,NA,"ME4"
"Porites_compressa_HIv1___TS.g21687.t1",0,1,0,NA,NA,NA,NA,"ME0"
"Porites_compressa_HIv1___TS.g21696.t1",0,0,1,NA,NA,NA,NA,"ME0"
"Porites_compressa_HIv1___TS.g21569.t1a",1,0,0,NA,NA,NA,NA,"ME14"
"Porites_compressa_HIv1___RNAseq.g6581.t1",0,1,0,0.00273365320671678,"Other",2,0.952780903874507,"ME4"
"Porites_compressa_HIv1___RNAseq.g6641.t1",0,0,1,NA,NA,NA,NA,"ME0"
"Porites_compressa_HIv1___RNAseq.g6551.t1",0,1,0,NA,NA,NA,NA,"ME0"
"Porites_compressa_HIv1___RNAseq.g6558.t1",0,0,1,NA,NA,NA,NA,"ME3"
"Porites_compressa_HIv1___RNAseq.g6559.t1",0,0,1,NA,NA,NA,NA,"ME1"
"Porites_compressa_HIv1___RNAseq.g6563.t1",0,0,1,NA,NA,NA,NA,"ME8"
"Porites_compressa_HIv1___TS.g21569.t1b",0,1,0,4.13707778546587e-06,"Monotonous",1,0.529033505864802,"ME2"
"Porites_compressa_HIv1___RNAseq.g6580.t1",0,2,0,1.8790822701437e-07,"Monotonous",2,0.523194280724267,"ME2"
"Porites_compressa_HIv1___RNAseq.g6582.t1",0,0,1,8.04308638365678e-06,"Transient",NA,NA,"ME2"
"Porites_compressa_HIv1___RNAseq.g6585.t1b",0,0,1,1.37873035116492e-07,"Monotonous",2,0.588075803077359,"ME2"
"Porites_compressa_HIv1___RNAseq.g6585.t1a",0,0,1,NA,NA,NA,NA,"ME8"
"Porites_compressa_HIv1___RNAseq.g6588.t2",1,0,0,0.00332471578599587,"Transient",5,0.750290386327843,"ME1"
"Porites_compressa_HIv1___RNAseq.g6609.t1",3,0,0,NA,NA,NA,NA,"ME4"
"Porites_compressa_HIv1___TS.g21611.t1",0,0,1,NA,NA,NA,NA,"ME1"
"Porites_compressa_HIv1___RNAseq.g6616.t3",0,1,0,NA,NA,NA,NA,"ME1"
"Porites_compressa_HIv1___RNAseq.g6617.t1",1,0,0,NA,NA,NA,NA,"ME0"
"Porites_compressa_HIv1___RNAseq.g6618.t1",0,1,0,NA,NA,NA,NA,"ME2"
"Porites_compressa_HIv1___RNAseq.g6619.t1",1,0,0,NA,NA,NA,NA,"ME0"
"Porites_compressa_HIv1___TS.g21620.t1",0,2,0,NA,NA,NA,NA,"ME0"
"Porites_compressa_HIv1___RNAseq.g6627.t1",0,1,0,NA,NA,NA,NA,"ME0"
"Porites_compressa_HIv1___RNAseq.g6630.t1",0,2,0,NA,NA,NA,NA,"ME0"
"Porites_compressa_HIv1___RNAseq.g6644.t1",0,0,1,NA,NA,NA,NA,"ME0"
"Porites_compressa_HIv1___RNAseq.g6649.t1",1,0,0,NA,NA,NA,NA,"ME0"
"Porites_compressa_HIv1___RNAseq.g29513.t1",1,0,0,NA,NA,NA,NA,"ME0"
"Porites_compressa_HIv1___TS.g2428.t1",1,0,0,NA,NA,NA,NA,"ME0"
"Porites_compressa_HIv1___RNAseq.g29562.t1",1,0,0,NA,NA,NA,NA,"ME0"
"Porites_compressa_HIv1___RNAseq.g29576.t1b",0,0,1,NA,NA,NA,NA,"ME0"
"Porites_compressa_HIv1___RNAseq.g29667.t1",0,0,1,NA,NA,NA,NA,"ME1"
"Porites_compressa_HIv1___RNAseq.g29722.t1",1,0,0,NA,NA,NA,NA,"ME9"
"Porites_compressa_HIv1___TS.g2406.t1",1,0,0,NA,NA,NA,NA,"ME0"
"Porites_compressa_HIv1___TS.g2409.t2",0,1,1,4.08551883302172e-07,"Transient",5,0.970419530629299,"ME1"
"Porites_compressa_HIv1___RNAseq.g29503.t1",0,1,0,NA,NA,NA,NA,"ME6"
"Porites_compressa_HIv1___RNAseq.g29507.t1",1,0,0,NA,NA,NA,NA,"ME3"
"Porites_compressa_HIv1___RNAseq.g29508.t1",1,0,0,NA,NA,NA,NA,"ME0"
"Porites_compressa_HIv1___RNAseq.g29517.t1",1,0,0,NA,NA,NA,NA,"ME0"
"Porites_compressa_HIv1___TS.g2430.t1",0,0,1,NA,NA,NA,NA,"ME18"
"Porites_compressa_HIv1___RNAseq.g29524.t1",0,1,0,0.000472123995720441,"Monotonous",NA,NA,"ME4"
"Porites_compressa_HIv1___RNAseq.g29532.t1",1,0,0,NA,NA,NA,NA,"ME0"
"Porites_compressa_HIv1___RNAseq.g29535.t1",0,0,1,NA,NA,NA,NA,"ME0"
"Porites_compressa_HIv1___RNAseq.23186_t",0,0,1,0.00924360998307707,"Other",5,0.836891058122633,"ME1"
"Porites_compressa_HIv1___TS.g2450.t1",1,0,0,NA,NA,NA,NA,"ME0"
"Porites_compressa_HIv1___RNAseq.g29541.t1",0,0,1,NA,NA,NA,NA,"ME5"
"Porites_compressa_HIv1___RNAseq.g29542.t1",0,0,1,NA,NA,NA,NA,"ME5"
"Porites_compressa_HIv1___TS.g2453.t2",1,0,1,NA,NA,NA,NA,"ME1"
"Porites_compressa_HIv1___RNAseq.g29546.t1",2,0,0,NA,NA,NA,NA,"ME1"
"Porites_compressa_HIv1___RNAseq.g29547.t1",1,1,0,NA,NA,NA,NA,"ME4"
"Porites_compressa_HIv1___RNAseq.g29548.t1",1,0,0,NA,NA,NA,NA,"ME0"
"Porites_compressa_HIv1___RNAseq.g29555.t1",0,0,1,NA,NA,NA,NA,"ME0"
"Porites_compressa_HIv1___TS.g2469.t3",1,0,0,NA,NA,NA,NA,"ME1"
"Porites_compressa_HIv1___RNAseq.g29569.t1",0,0,1,NA,NA,NA,NA,"ME4"
"Porites_compressa_HIv1___TS.g2483.t1a",0,0,1,NA,NA,NA,NA,"ME0"
"Porites_compressa_HIv1___RNAseq.23221_t",0,2,0,NA,NA,NA,NA,"ME10"
"Porites_compressa_HIv1___RNAseq.g29575.t1",0,0,1,NA,NA,NA,NA,"ME0"
"Porites_compressa_HIv1___RNAseq.g29576.t1a",0,0,1,NA,NA,NA,NA,"ME3"
"Porites_compressa_HIv1___TS.g2488.t1a",1,0,0,NA,NA,NA,NA,"ME3"
"Porites_compressa_HIv1___RNAseq.g29579.t2",0,1,0,NA,NA,NA,NA,"ME3"
"Porites_compressa_HIv1___RNAseq.g29582.t1",1,1,0,NA,NA,NA,NA,"ME0"
"Porites_compressa_HIv1___RNAseq.g29583.t1",2,1,0,NA,NA,NA,NA,"ME0"
"Porites_compressa_HIv1___RNAseq.g29584.t1",1,1,1,0.000720975182519065,"Transient",5,0.81901173415992,"ME1"
"Porites_compressa_HIv1___RNAseq.g29585.t1",1,1,0,NA,NA,NA,NA,"ME0"
"Porites_compressa_HIv1___RNAseq.g29591.t1",0,0,1,NA,NA,NA,NA,"ME0"
"Porites_compressa_HIv1___RNAseq.g29592.t1",0,1,0,NA,NA,NA,NA,"ME0"
"Porites_compressa_HIv1___TS.g2502.t1",0,0,1,NA,NA,NA,NA,"ME1"
"Porites_compressa_HIv1___RNAseq.g29596.t1",0,0,1,NA,NA,NA,NA,"ME0"
"Porites_compressa_HIv1___RNAseq.g29602.t1",0,0,1,NA,NA,NA,NA,"ME1"
"Porites_compressa_HIv1___RNAseq.g29604.t1",1,1,0,NA,NA,NA,NA,"ME0"
"Porites_compressa_HIv1___RNAseq.g29606.t1",0,0,1,NA,NA,NA,NA,"ME4"
"Porites_compressa_HIv1___RNAseq.g29610.t1",0,2,0,NA,NA,NA,NA,"ME1"
"Porites_compressa_HIv1___RNAseq.g29614.t1",1,0,0,NA,NA,NA,NA,"ME0"
"Porites_compressa_HIv1___RNAseq.g29617.t2b",1,0,0,NA,NA,NA,NA,"ME0"
"Porites_compressa_HIv1___RNAseq.g29618.t1",1,3,0,NA,NA,NA,NA,"ME0"
"Porites_compressa_HIv1___RNAseq.g29619.t1",1,0,0,NA,NA,NA,NA,"ME4"
"Porites_compressa_HIv1___TS.g2538.t1",0,0,1,NA,NA,NA,NA,"ME0"
"Porites_compressa_HIv1___RNAseq.g29630.t1",1,1,0,NA,NA,NA,NA,"ME0"
"Porites_compressa_HIv1___RNAseq.g29631.t2",1,0,0,NA,NA,NA,NA,"ME0"
"Porites_compressa_HIv1___RNAseq.g29635.t2",0,1,0,0.0223264632361021,"Other",5,0.788786061974695,"ME1"
"Porites_compressa_HIv1___RNAseq.g29636.t1",0,1,0,1.68140833883775e-05,"Monotonous",5,0.907039766483835,"ME1"
"Porites_compressa_HIv1___RNAseq.g29639.t1",1,0,0,3.23501081432936e-06,"Transient",5,0.810623934888344,"ME1"
"Porites_compressa_HIv1___RNAseq.g29640.t1",1,0,0,NA,NA,NA,NA,"ME1"
"Porites_compressa_HIv1___RNAseq.g29642.t1",0,1,0,0.00670900683534729,"Transient",NA,NA,"ME1"
"Porites_compressa_HIv1___RNAseq.g29643.t1",1,0,0,NA,NA,NA,NA,"ME0"
"Porites_compressa_HIv1___RNAseq.g29650.t1",1,0,0,NA,NA,NA,NA,"ME5"
"Porites_compressa_HIv1___RNAseq.g29677.t1",1,2,0,0.00038850889749209,"Transient",5,0.51068592727902,"ME0"
"Porites_compressa_HIv1___RNAseq.g29678.t1",0,1,0,NA,NA,NA,NA,"ME2"
"Porites_compressa_HIv1___RNAseq.g29679.t1",1,0,0,NA,NA,NA,NA,"ME1"
"Porites_compressa_HIv1___RNAseq.g29681.t1",1,0,0,NA,NA,NA,NA,"ME0"
"Porites_compressa_HIv1___RNAseq.g29682.t1",0,1,0,NA,NA,NA,NA,"ME0"
"Porites_compressa_HIv1___RNAseq.g29683.t1",2,0,0,0.0212630109608047,"Monotonous",6,0.858856950114106,"ME1"
"Porites_compressa_HIv1___TS.g2620.t1",1,0,0,NA,NA,NA,NA,"ME0"
"Porites_compressa_HIv1___RNAseq.g29714.t1",0,0,1,0.0287066452090843,"Monotonous",6,0.632871193381211,"ME1"
"Porites_compressa_HIv1___RNAseq.g29731.t1",0,0,1,NA,NA,NA,NA,"ME0"
"Porites_compressa_HIv1___TS.g2648.t1",0,0,1,NA,NA,NA,NA,"ME0"
"Porites_compressa_HIv1___RNAseq.g29751.t1",0,1,0,NA,NA,NA,NA,"ME3"
"Porites_compressa_HIv1___RNAseq.23408_t",0,1,0,NA,NA,NA,NA,"ME3"
"Porites_compressa_HIv1___RNAseq.g29753.t1",0,0,2,NA,NA,NA,NA,"ME7"
"Porites_compressa_HIv1___RNAseq.g29754.t1",0,0,2,NA,NA,NA,NA,"ME0"
"Porites_compressa_HIv1___RNAseq.g29755.t1",0,0,2,NA,NA,NA,NA,"ME0"
"Porites_compressa_HIv1___RNAseq.g17587.t1",0,1,0,NA,NA,NA,NA,"ME19"
"Porites_compressa_HIv1___RNAseq.g17589.t1",0,0,2,NA,NA,NA,NA,"ME1"
"Porites_compressa_HIv1___RNAseq.g17590.t1",0,0,1,NA,NA,NA,NA,"ME1"
"Porites_compressa_HIv1___RNAseq.g17601.t1",1,0,0,NA,NA,NA,NA,"ME1"
"Porites_compressa_HIv1___RNAseq.g17634.t1",1,0,0,NA,NA,NA,NA,"ME1"
"Porites_compressa_HIv1___RNAseq.g17598.t1",3,0,0,NA,NA,NA,NA,"ME1"
"Porites_compressa_HIv1___RNAseq.g17609.t1",0,0,1,NA,NA,NA,NA,"ME16"
"Porites_compressa_HIv1___RNAseq.23656_t",0,0,1,NA,NA,NA,NA,"ME1"
"Porites_compressa_HIv1___RNAseq.g17626.t1a",1,1,0,0.0056208113209894,"Transient",5,0.71863718333648,"ME18"
"Porites_compressa_HIv1___RNAseq.g17628.t1",0,1,0,NA,NA,NA,NA,"ME3"
"Porites_compressa_HIv1___RNAseq.g17630.t1",0,0,1,NA,NA,NA,NA,"ME0"
"Porites_compressa_HIv1___RNAseq.g17631.t1",1,0,0,NA,NA,NA,NA,"ME0"
"Porites_compressa_HIv1___TS.g10449.t1",1,0,0,NA,NA,NA,NA,"ME3"
"Porites_compressa_HIv1___RNAseq.g17633.t1",0,0,1,NA,NA,NA,NA,"ME1"
"Porites_compressa_HIv1___RNAseq.g17635.t1",1,0,0,NA,NA,NA,NA,"ME0"
"Porites_compressa_HIv1___TS.g10458.t1a",0,1,0,NA,NA,NA,NA,"ME1"
"Porites_compressa_HIv1___TS.g10458.t1b",0,1,0,0.00670900683534729,"Other",5,0.682948052298472,"ME18"
"Porites_compressa_HIv1___RNAseq.g8128.t1",1,0,0,NA,NA,NA,NA,"ME0"
"Porites_compressa_HIv1___TS.g29460.t1",0,2,0,NA,NA,NA,NA,"ME0"
"Porites_compressa_HIv1___RNAseq.g8167.t1b",0,0,1,NA,NA,NA,NA,"ME6"
"Porites_compressa_HIv1___RNAseq.g8212.t1",0,0,1,NA,NA,NA,NA,"ME6"
"Porites_compressa_HIv1___RNAseq.g8215.t1",0,0,1,NA,NA,NA,NA,"ME0"
"Porites_compressa_HIv1___RNAseq.g8230.t1",1,0,0,NA,NA,NA,NA,"ME0"
"Porites_compressa_HIv1___RNAseq.g8232.t1",0,1,0,NA,NA,NA,NA,"ME0"
"Porites_compressa_HIv1___RNAseq.g8234.t1",0,0,1,NA,NA,NA,NA,"ME0"
"Porites_compressa_HIv1___RNAseq.g8241.t1",1,0,0,NA,NA,NA,NA,"ME14"
"Porites_compressa_HIv1___RNAseq.g8255.t1",1,0,0,0.0321401381632721,"Other",1,0.515731359160118,"ME14"
"Porites_compressa_HIv1___RNAseq.g8051.t1",0,0,1,0.0078738323473929,"Other",2,0.514714943837787,"ME3"
"Porites_compressa_HIv1___RNAseq.g8055.t1",0,0,1,NA,NA,NA,NA,"ME0"
"Porites_compressa_HIv1___RNAseq.g8058.t1",0,1,0,NA,NA,NA,NA,"ME5"
"Porites_compressa_HIv1___TS.g29361.t1",1,0,0,8.47001985410842e-07,"Monotonous",2,0.933542977615977,"ME2"
"Porites_compressa_HIv1___RNAseq.g8068.t1",1,0,0,0.0147579511459064,"Monotonous",2,0.949852907938267,"ME2"
"Porites_compressa_HIv1___RNAseq.g8069.t1",2,0,0,NA,NA,NA,NA,"ME3"
"Porites_compressa_HIv1___RNAseq.g8070.t1",1,0,0,NA,NA,NA,NA,"ME1"
"Porites_compressa_HIv1___RNAseq.g8072.t1",2,0,0,NA,NA,NA,NA,"ME3"
"Porites_compressa_HIv1___TS.g29373.t1",0,0,1,NA,NA,NA,NA,"ME0"
"Porites_compressa_HIv1___TS.g29375.t1",0,1,0,NA,NA,NA,NA,"ME1"
"Porites_compressa_HIv1___TS.g29377.t1",2,0,0,0.00585458256774935,"Monotonous",2,0.882211824984583,"ME2"
"Porites_compressa_HIv1___RNAseq.g8084.t1a",1,0,0,NA,NA,NA,NA,"ME0"
"Porites_compressa_HIv1___RNAseq.g8087.t1",0,0,1,NA,NA,NA,NA,"ME8"
"Porites_compressa_HIv1___RNAseq.g8090.t1",1,0,0,NA,NA,NA,NA,"ME0"
"Porites_compressa_HIv1___RNAseq.g8097.t1b",0,1,0,0.006347684985567,"Transient",5,0.943673284591643,"ME1"
"Porites_compressa_HIv1___TS.g29403.t2a",1,0,0,NA,NA,NA,NA,"ME0"
"Porites_compressa_HIv1___TS.g29403.t2b",1,0,0,1.5636632037015e-13,"Transient",5,0.617591540732517,"ME1"
"Porites_compressa_HIv1___RNAseq.g8105.t1",1,0,0,7.4424082128088e-07,"Monotonous",2,0.93826952007135,"ME2"
"Porites_compressa_HIv1___RNAseq.g8111.t1",0,0,1,NA,NA,NA,NA,"ME1"
"Porites_compressa_HIv1___RNAseq.g8112.t1",1,0,0,NA,NA,NA,NA,"ME0"
"Porites_compressa_HIv1___RNAseq.23494_t",0,0,1,NA,NA,NA,NA,"ME1"
"Porites_compressa_HIv1___RNAseq.g8121.t1",0,1,0,NA,NA,NA,NA,"ME0"
"Porites_compressa_HIv1___TS.g29431.t1",1,0,0,NA,NA,NA,NA,"ME4"
"Porites_compressa_HIv1___TS.g29432.t1",0,1,1,NA,NA,NA,NA,"ME2"
"Porites_compressa_HIv1___TS.g29442.t1b",0,1,0,NA,NA,NA,NA,"ME2"
"Porites_compressa_HIv1___RNAseq.g8141.t1",0,0,1,NA,NA,NA,NA,"ME3"
"Porites_compressa_HIv1___RNAseq.g8142.t1",0,0,1,NA,NA,NA,NA,"ME0"
"Porites_compressa_HIv1___RNAseq.g8143.t1",0,1,0,NA,NA,NA,NA,"ME1"
"Porites_compressa_HIv1___TS.g29448.t2",1,1,0,NA,NA,NA,NA,"ME2"
"Porites_compressa_HIv1___RNAseq.g8149.t1",0,1,0,NA,NA,NA,NA,"ME0"
"Porites_compressa_HIv1___RNAseq.g8159.t1",0,1,0,NA,NA,NA,NA,"ME4"
"Porites_compressa_HIv1___RNAseq.g8161.t1",0,0,1,NA,NA,NA,NA,"ME1"
"Porites_compressa_HIv1___RNAseq.g8169.t1",0,0,1,0.00651881482536611,"Monotonous",6,0.928864545907654,"ME1"
"Porites_compressa_HIv1___RNAseq.g8171.t1",1,0,0,NA,NA,NA,NA,"ME23"
"Porites_compressa_HIv1___RNAseq.g8173.t1",0,1,1,0.000952480544732013,"Monotonous",5,0.863975440200557,"ME1"
"Porites_compressa_HIv1___RNAseq.g8178.t1",1,0,0,NA,NA,NA,NA,"ME0"
"Porites_compressa_HIv1___RNAseq.g8179.t1",1,1,0,0.013336231126341,"Other",4,0.61301695220468,"ME3"
"Porites_compressa_HIv1___RNAseq.g8180.t1",0,1,0,0.00205173586236473,"Transient",5,0.876801920907039,"ME1"
"Porites_compressa_HIv1___RNAseq.g8181.t1",0,0,1,NA,NA,NA,NA,"ME1"
"Porites_compressa_HIv1___TS.g29493.t1",1,0,0,NA,NA,NA,NA,"ME0"
"Porites_compressa_HIv1___RNAseq.g8190.t1",1,0,0,0.00474206320534848,"Transient",4,0.845948855279863,"ME4"
"Porites_compressa_HIv1___RNAseq.g8191.t1",1,0,0,0.000450131720277681,"Transient",5,0.871752352709883,"ME1"
"Porites_compressa_HIv1___TS.g29505.t1",1,0,0,NA,NA,NA,NA,"ME0"
"Porites_compressa_HIv1___RNAseq.g8202.t1",0,1,0,0.0340191749602415,"Other",4,0.766452014193712,"ME0"
"Porites_compressa_HIv1___TS.g29509.t1",1,1,0,NA,NA,NA,NA,"ME0"
"Porites_compressa_HIv1___TS.g29514.t1",0,0,1,NA,NA,NA,NA,"ME0"
"Porites_compressa_HIv1___RNAseq.g8221.t1",1,1,0,NA,NA,NA,NA,"ME0"
"Porites_compressa_HIv1___TS.g29528.t1",1,0,0,0.00875823723628259,"Monotonous",NA,NA,"ME2"
"Porites_compressa_HIv1___RNAseq.g8240.t1",0,1,0,NA,NA,NA,NA,"ME0"
"Porites_compressa_HIv1___RNAseq.g8242.t1",1,0,0,NA,NA,NA,NA,"ME20"
"Porites_compressa_HIv1___TS.g29549.t1",0,1,0,NA,NA,NA,NA,"ME0"
"Porites_compressa_HIv1___RNAseq.g8243.t1",1,0,0,NA,NA,NA,NA,"ME21"
"Porites_compressa_HIv1___RNAseq.g8249.t1",0,0,1,NA,NA,NA,NA,"ME0"
"Porites_compressa_HIv1___RNAseq.g17671.t1",1,0,0,NA,NA,NA,NA,"ME0"
"Porites_compressa_HIv1___RNAseq.g17659.t1",1,0,0,NA,NA,NA,NA,"ME15"
"Porites_compressa_HIv1___RNAseq.g17662.t1",1,0,0,NA,NA,NA,NA,"ME18"
"Porites_compressa_HIv1___RNAseq.g17664.t1",1,0,0,NA,NA,NA,NA,"ME0"
"Porites_compressa_HIv1___RNAseq.g17672.t1",1,0,0,0.000127765150846965,"Monotonous",2,0.536106243639373,"ME2"
"Porites_compressa_HIv1___RNAseq.g17680.t1",0,1,0,NA,NA,NA,NA,"ME0"
"Porites_compressa_HIv1___RNAseq.g17681.t1",0,1,0,NA,NA,NA,NA,"ME0"
"Porites_compressa_HIv1___TS.g10499.t1a",1,0,0,NA,NA,NA,NA,"ME0"
"Porites_compressa_HIv1___RNAseq.g17686.t1",1,0,0,0.0275720296854967,"Other",6,0.716323031076446,"ME1"
"Porites_compressa_HIv1___RNAseq.g17688.t1",1,0,0,8.25537416435493e-05,"Transient",5,0.958555185991465,"ME1"
"Porites_compressa_HIv1___RNAseq.g17696.t1",1,0,0,0.0278882254510826,"Transient",5,0.88569242982038,"ME1"
"Porites_compressa_HIv1___RNAseq.g17697.t1",2,0,0,0.000602206927224521,"Monotonous",2,0.51753746462574,"ME4"
"Porites_compressa_HIv1___TS.g10513.t1",1,0,0,NA,NA,NA,NA,"ME0"
"Porites_compressa_HIv1___RNAseq.g17699.t1",1,0,0,NA,NA,NA,NA,"ME0"
"Porites_compressa_HIv1___RNAseq.g17701.t1",0,1,0,0.000846567310864556,"Monotonous",2,0.643594245985915,"ME2"
"Porites_compressa_HIv1___TS.g10519.t2",1,0,0,NA,NA,NA,NA,"ME1"
"Porites_compressa_HIv1___RNAseq.g17707.t1",0,1,0,NA,NA,NA,NA,"ME0"
"Porites_compressa_HIv1___TS.g10522.t1",0,1,0,NA,NA,NA,NA,"ME0"
"Porites_compressa_HIv1___RNAseq.g17710.t1",1,0,0,0.0218170905486038,"Other",5,0.703849983043281,"ME1"
"Porites_compressa_HIv1___RNAseq.g17711.t1",0,0,1,NA,NA,NA,NA,"ME6"
"Porites_compressa_HIv1___TS.g10529.t1",1,0,1,NA,NA,NA,NA,"ME15"
"Porites_compressa_HIv1___RNAseq.g17716.t1",1,0,0,NA,NA,NA,NA,"ME0"
"Porites_compressa_HIv1___RNAseq.g17723.t1",1,0,0,NA,NA,NA,NA,"ME0"
"Porites_compressa_HIv1___RNAseq.g17724.t2",1,0,0,0.0176060579866671,"Other",3,0.755538890783979,"ME3"
"Porites_compressa_HIv1___RNAseq.g17744.t1",1,0,1,0.0119088162519934,"Other",NA,NA,"ME0"
"Porites_compressa_HIv1___RNAseq.g17762.t1",1,2,0,0.0136905667452104,"Other",NA,NA,"ME0"
"Porites_compressa_HIv1___TS.g40262.t1",0,1,0,NA,NA,NA,NA,"ME21"
"Porites_compressa_HIv1___RNAseq.g17775.t1",0,1,0,NA,NA,NA,NA,"ME0"
"Porites_compressa_HIv1___TS.g10606.t1",2,1,1,NA,NA,NA,NA,"ME7"
"Porites_compressa_HIv1___RNAseq.g17792.t1",1,1,0,NA,NA,NA,NA,"ME0"
"Porites_compressa_HIv1___RNAseq.g17800.t1",2,0,0,NA,NA,NA,NA,"ME1"
"Porites_compressa_HIv1___RNAseq.g17779.t1",0,2,0,NA,NA,NA,NA,"ME0"
"Porites_compressa_HIv1___RNAseq.g17781.t1",1,0,0,NA,NA,NA,NA,"ME1"
"Porites_compressa_HIv1___RNAseq.g17783.t1",0,2,0,NA,NA,NA,NA,"ME0"
"Porites_compressa_HIv1___RNAseq.g17784.t1",1,0,0,0.000661490517939957,"Transient",5,0.78983756261065,"ME1"
"Porites_compressa_HIv1___RNAseq.g17785.t1",1,0,0,NA,NA,NA,NA,"ME1"
"Porites_compressa_HIv1___TS.g10603.t1",1,0,0,NA,NA,NA,NA,"ME1"
"Porites_compressa_HIv1___RNAseq.g17790.t1",0,0,1,2.75277627289735e-08,"Transient",5,0.8925394216086,"ME1"
"Porites_compressa_HIv1___RNAseq.g17794.t1",0,0,1,NA,NA,NA,NA,"ME6"
"Porites_compressa_HIv1___RNAseq.g17795.t1a",1,0,0,NA,NA,NA,NA,"ME13"
"Porites_compressa_HIv1___RNAseq.g17809.t1",1,0,0,NA,NA,NA,NA,"ME0"
"Porites_compressa_HIv1___RNAseq.g17829.t1",1,0,0,0.00240251641799596,"Monotonous",1,0.863971706552155,"ME14"
"Porites_compressa_HIv1___TS.g40264.t1",0,1,0,NA,NA,NA,NA,"ME21"
"Porites_compressa_HIv1___RNAseq.g27910.t1b",0,1,0,NA,NA,NA,NA,"ME0"
"Porites_compressa_HIv1___RNAseq.g27988.t1",1,0,0,NA,NA,NA,NA,"ME0"
"Porites_compressa_HIv1___RNAseq.23881_t",2,0,0,NA,NA,NA,NA,"ME1"
"Porites_compressa_HIv1___RNAseq.g27853.t1",0,1,0,NA,NA,NA,NA,"ME0"
"Porites_compressa_HIv1___RNAseq.g27858.t1",1,0,0,0.000668105884488853,"Transient",5,0.954176201831207,"ME1"
"Porites_compressa_HIv1___RNAseq.g27860.t1",1,0,0,NA,NA,NA,NA,"ME8"
"Porites_compressa_HIv1___RNAseq.g27862.t1",0,0,1,0.0284705192821949,"Other",2,0.795520235748485,"ME4"
"Porites_compressa_HIv1___RNAseq.g27863.t1",0,0,1,NA,NA,NA,NA,"ME1"
"Porites_compressa_HIv1___RNAseq.g27864.t1",0,0,1,0.0294699364145921,"Other",2,0.639663395241452,"ME4"
"Porites_compressa_HIv1___RNAseq.g27868.t1",0,0,1,NA,NA,NA,NA,"ME0"
"Porites_compressa_HIv1___RNAseq.g27877.t1",0,1,0,0.0174925304369506,"Other",4,0.79145732541082,"ME0"
"Porites_compressa_HIv1___TS.g40299.t1",1,0,0,NA,NA,NA,NA,"ME0"
"Porites_compressa_HIv1___RNAseq.g27879.t2",1,0,0,0.0478925428954294,"Other",3,0.549562318681664,"ME3"
"Porites_compressa_HIv1___RNAseq.g27882.t1",0,1,0,0.000189469964132356,"Transient",5,0.967041115191499,"ME1"
"Porites_compressa_HIv1___RNAseq.g27884.t1",0,3,1,9.38603107313054e-05,"Transient",5,0.977173218700351,"ME1"
"Porites_compressa_HIv1___RNAseq.g27885.t1b",1,0,0,NA,NA,NA,NA,"ME26"
"Porites_compressa_HIv1___RNAseq.g27894.t1",1,0,0,NA,NA,NA,NA,"ME0"
"Porites_compressa_HIv1___TS.g40320.t1b",0,0,1,NA,NA,NA,NA,"ME0"
"Porites_compressa_HIv1___RNAseq.g27903.t1",0,1,0,NA,NA,NA,NA,"ME4"
"Porites_compressa_HIv1___RNAseq.g27904.t1",1,0,0,0.0155141441975747,"Monotonous",3,0.866030948961196,"ME2"
"Porites_compressa_HIv1___TS.g40325.t1",1,0,0,NA,NA,NA,NA,"ME22"
"Porites_compressa_HIv1___RNAseq.g27923.t1",0,0,1,1.05097687475154e-05,"Transient",5,0.985952702229977,"ME1"
"Porites_compressa_HIv1___RNAseq.g27924.t1",0,0,1,NA,NA,NA,NA,"ME14"
"Porites_compressa_HIv1___RNAseq.g27925.t1",1,0,0,NA,NA,NA,NA,"ME6"
"Porites_compressa_HIv1___RNAseq.g27926.t1",1,0,0,NA,NA,NA,NA,"ME0"
"Porites_compressa_HIv1___RNAseq.g27930.t1",1,0,0,NA,NA,NA,NA,"ME1"
"Porites_compressa_HIv1___RNAseq.g27938.t1",0,1,0,NA,NA,NA,NA,"ME3"
"Porites_compressa_HIv1___RNAseq.g27950.t1",0,2,0,NA,NA,NA,NA,"ME0"
"Porites_compressa_HIv1___RNAseq.g27953.t1",0,1,0,3.62226920863674e-07,"Monotonous",3,0.910940451292427,"ME4"
"Porites_compressa_HIv1___RNAseq.g27957.t1",0,1,0,0.000263372862607699,"Monotonous",5,0.936046710929574,"ME1"
"Porites_compressa_HIv1___RNAseq.g27958.t1",0,2,0,NA,NA,NA,NA,"ME4"
"Porites_compressa_HIv1___TS.g40376.t2",0,0,1,NA,NA,NA,NA,"ME1"
"Porites_compressa_HIv1___RNAseq.g27963.t1",0,1,0,NA,NA,NA,NA,"ME1"
"Porites_compressa_HIv1___RNAseq.g27970.t1",1,0,0,NA,NA,NA,NA,"ME0"
"Porites_compressa_HIv1___RNAseq.g27974.t1",1,0,0,NA,NA,NA,NA,"ME0"
"Porites_compressa_HIv1___RNAseq.g27980.t1",0,2,0,NA,NA,NA,NA,"ME1"
"Porites_compressa_HIv1___RNAseq.g27982.t1",1,0,0,0.000338837142647922,"Monotonous",2,0.628724249464892,"ME2"
"Porites_compressa_HIv1___RNAseq.g27998.t1",1,0,0,NA,NA,NA,NA,"ME0"
"Porites_compressa_HIv1___RNAseq.g28152.t2",0,0,1,NA,NA,NA,NA,"ME0"
"Porites_compressa_HIv1___RNAseq.g28153.t1",0,1,1,NA,NA,NA,NA,"ME0"
"Porites_compressa_HIv1___RNAseq.g28033.t1",1,0,0,NA,NA,NA,NA,"ME1"
"Porites_compressa_HIv1___RNAseq.g28082.t1",1,0,0,NA,NA,NA,NA,"ME0"
"Porites_compressa_HIv1___RNAseq.g28012.t1",1,0,0,NA,NA,NA,NA,"ME0"
"Porites_compressa_HIv1___TS.g40430.t1",1,0,0,0.00969910599344806,"Transient",5,0.857628742698962,"ME1"
"Porites_compressa_HIv1___RNAseq.g28025.t1",0,2,0,NA,NA,NA,NA,"ME0"
"Porites_compressa_HIv1___RNAseq.g28027.t1",1,0,1,NA,NA,NA,NA,"ME1"
"Porites_compressa_HIv1___RNAseq.g28030.t1",0,0,1,0.00371094752698007,"Transient",3,0.54406488250448,"ME4"
"Porites_compressa_HIv1___RNAseq.g28037.t1",1,0,0,0.047732452202932,"Transient",5,0.500881931751729,"ME0"
"Porites_compressa_HIv1___RNAseq.g28041.t2",0,0,1,NA,NA,NA,NA,"ME2"
"Porites_compressa_HIv1___RNAseq.g28042.t1",1,0,0,NA,NA,NA,NA,"ME0"
"Porites_compressa_HIv1___TS.g40460.t2",0,1,0,NA,NA,NA,NA,"ME0"
"Porites_compressa_HIv1___RNAseq.g28057.t1",1,1,0,NA,NA,NA,NA,"ME9"
"Porites_compressa_HIv1___RNAseq.g28066.t3a",0,0,1,0.0476064779165322,"Other",3,0.649778138117168,"ME9"
"Porites_compressa_HIv1___RNAseq.g28069.t1",1,0,0,NA,NA,NA,NA,"ME1"
"Porites_compressa_HIv1___RNAseq.g28087.t1",0,1,0,NA,NA,NA,NA,"ME0"
"Porites_compressa_HIv1___RNAseq.g28088.t1",0,0,1,0.000846567310864556,"Transient",5,0.728085678266706,"ME1"
"Porites_compressa_HIv1___RNAseq.g28089.t1",1,0,0,NA,NA,NA,NA,"ME18"
"Porites_compressa_HIv1___RNAseq.g28090.t1a",1,0,0,0.0163156626220191,"Monotonous",5,0.878298969278014,"ME18"
"Porites_compressa_HIv1___RNAseq.g28091.t1",0,1,0,0.0480645039241468,"Other",2,0.57354651653573,"ME0"
"Porites_compressa_HIv1___RNAseq.g28096.t1",0,1,1,NA,NA,NA,NA,"ME0"
"Porites_compressa_HIv1___RNAseq.g28098.t1",0,1,0,NA,NA,NA,NA,"ME0"
"Porites_compressa_HIv1___RNAseq.g28099.t1",1,0,0,NA,NA,NA,NA,"ME0"
"Porites_compressa_HIv1___TS.g40519.t1",1,1,0,NA,NA,NA,NA,"ME4"
"Porites_compressa_HIv1___RNAseq.g28104.t1",1,1,0,NA,NA,NA,NA,"ME3"
"Porites_compressa_HIv1___RNAseq.g28113.t1",0,1,0,NA,NA,NA,NA,"ME20"
"Porites_compressa_HIv1___RNAseq.g28116.t1",0,1,0,0.0162878368036824,"Other",1,0.592163128983733,"ME0"
"Porites_compressa_HIv1___TS.g40539.t1",0,1,0,NA,NA,NA,NA,"ME0"
"Porites_compressa_HIv1___RNAseq.g28122.t1",1,1,0,NA,NA,NA,NA,"ME4"
"Porites_compressa_HIv1___TS.g40543.t1",0,2,1,NA,NA,NA,NA,"ME0"
"Porites_compressa_HIv1___RNAseq.g28131.t1",1,0,1,NA,NA,NA,NA,"ME0"
"Porites_compressa_HIv1___RNAseq.24155_t",1,0,0,NA,NA,NA,NA,"ME0"
"Porites_compressa_HIv1___RNAseq.g28138.t1",0,0,1,NA,NA,NA,NA,"ME0"
"Porites_compressa_HIv1___TS.g40556.t1a",0,0,1,NA,NA,NA,NA,"ME4"
"Porites_compressa_HIv1___RNAseq.g28150.t1",0,1,0,0.000480180333602705,"Monotonous",2,0.713523727688417,"ME4"
"Porites_compressa_HIv1___RNAseq.g16587.t1",0,0,1,NA,NA,NA,NA,"ME0"
"Porites_compressa_HIv1___RNAseq.g16618.t1",0,1,0,NA,NA,NA,NA,"ME0"
"Porites_compressa_HIv1___TS.g26632.t1",1,0,0,NA,NA,NA,NA,"ME0"
"Porites_compressa_HIv1___RNAseq.g16551.t1",1,1,0,NA,NA,NA,NA,"ME0"
"Porites_compressa_HIv1___RNAseq.g16552.t1",1,1,0,2.80267256443722e-08,"Transient",6,0.983982787288861,"ME1"
"Porites_compressa_HIv1___TS.g26527.t1a",0,0,1,NA,NA,NA,NA,"ME0"
"Porites_compressa_HIv1___RNAseq.g16571.t1",0,0,2,NA,NA,NA,NA,"ME0"
"Porites_compressa_HIv1___RNAseq.g16586.t1",1,0,1,0.00429910306912756,"Transient",5,0.851352795189316,"ME1"
"Porites_compressa_HIv1___TS.g26553.t1",0,0,1,NA,NA,NA,NA,"ME0"
"Porites_compressa_HIv1___RNAseq.g16591.t1",1,1,0,NA,NA,NA,NA,"ME0"
"Porites_compressa_HIv1___RNAseq.24227_t",0,1,0,NA,NA,NA,NA,"ME0"
"Porites_compressa_HIv1___RNAseq.g16593.t1",1,0,0,NA,NA,NA,NA,"ME0"
"Porites_compressa_HIv1___RNAseq.g16594.t1",0,1,0,NA,NA,NA,NA,"ME2"
"Porites_compressa_HIv1___RNAseq.g16599.t1",0,1,0,1.73340591312371e-08,"Transient",3,0.719798480868778,"ME4"
"Porites_compressa_HIv1___RNAseq.g16600.t1",0,1,0,1.01623237931761e-05,"Transient",5,0.932186800068943,"ME1"
"Porites_compressa_HIv1___TS.g26566.t1",1,0,0,NA,NA,NA,NA,"ME6"
"Porites_compressa_HIv1___TS.g26570.t1",0,1,0,NA,NA,NA,NA,"ME0"
"Porites_compressa_HIv1___RNAseq.g16609.t1",0,0,1,NA,NA,NA,NA,"ME0"
"Porites_compressa_HIv1___RNAseq.g16613.t1",0,0,1,NA,NA,NA,NA,"ME2"
"Porites_compressa_HIv1___RNAseq.g16616.t1",2,2,0,NA,NA,NA,NA,"ME3"
"Porites_compressa_HIv1___RNAseq.g16619.t1",0,0,1,NA,NA,NA,NA,"ME7"
"Porites_compressa_HIv1___RNAseq.g16639.t1",2,0,0,NA,NA,NA,NA,"ME7"
"Porites_compressa_HIv1___TS.g26604.t1b",1,0,0,NA,NA,NA,NA,"ME0"
"Porites_compressa_HIv1___RNAseq.g16648.t1",1,0,0,NA,NA,NA,NA,"ME0"
"Porites_compressa_HIv1___RNAseq.g16659.t3",0,0,1,NA,NA,NA,NA,"ME0"
"Porites_compressa_HIv1___TS.g26639.t1",0,1,1,NA,NA,NA,NA,"ME1"
"Porites_compressa_HIv1___RNAseq.g16673.t1",1,0,0,NA,NA,NA,NA,"ME4"
"Porites_compressa_HIv1___RNAseq.g16675.t1",1,0,1,NA,NA,NA,NA,"ME0"
"Porites_compressa_HIv1___RNAseq.g16677.t1",0,1,0,2.35419871557245e-05,"Transient",5,0.874338716952938,"ME1"
"Porites_compressa_HIv1___RNAseq.g16678.t1",0,2,0,NA,NA,NA,NA,"ME0"
"Porites_compressa_HIv1___TS.g26650.t1",0,0,1,NA,NA,NA,NA,"ME0"
"Porites_compressa_HIv1___RNAseq.g16694.t1",1,0,0,NA,NA,NA,NA,"ME0"
"Porites_compressa_HIv1___RNAseq.g16700.t1",0,0,1,NA,NA,NA,NA,"ME0"
"Porites_compressa_HIv1___TS.g26666.t1",0,0,1,4.45372053570551e-05,"Transient",5,0.979104496710475,"ME1"
"Porites_compressa_HIv1___RNAseq.g16702.t1",1,0,0,NA,NA,NA,NA,"ME0"
"Porites_compressa_HIv1___RNAseq.g16703.t1",1,0,0,NA,NA,NA,NA,"ME0"
"Porites_compressa_HIv1___RNAseq.g16704.t2",1,0,0,0.000881887548982301,"Transient",6,0.678918165553666,"ME1"
"Porites_compressa_HIv1___RNAseq.g16731.t1",0,1,0,NA,NA,NA,NA,"ME13"
"Porites_compressa_HIv1___RNAseq.g16732.t1",0,1,0,NA,NA,NA,NA,"ME14"
"Porites_compressa_HIv1___RNAseq.g16733.t1",1,0,0,NA,NA,NA,NA,"ME0"
"Porites_compressa_HIv1___RNAseq.g16734.t1",1,0,0,NA,NA,NA,NA,"ME0"
"Porites_compressa_HIv1___RNAseq.g16743.t1",0,1,0,0.00912669855526541,"Other",3,0.539030441273674,"ME3"
"Porites_compressa_HIv1___RNAseq.g16744.t1",1,0,0,NA,NA,NA,NA,"ME0"
"Porites_compressa_HIv1___RNAseq.g7199.t1",1,1,0,NA,NA,NA,NA,"ME0"
"Porites_compressa_HIv1___RNAseq.g7195.t1",1,0,0,NA,NA,NA,NA,"ME0"
"Porites_compressa_HIv1___RNAseq.g7196.t1",1,1,0,NA,NA,NA,NA,"ME1"
"Porites_compressa_HIv1___TS.g10396.t2",0,0,1,0.00978396377724882,"Other",5,0.679873213627585,"ME1"
"Porites_compressa_HIv1___RNAseq.g11062.t1",0,1,0,NA,NA,NA,NA,"ME0"
"Porites_compressa_HIv1___RNAseq.g11067.t1",0,1,0,NA,NA,NA,NA,"ME0"
"Porites_compressa_HIv1___RNAseq.g11113.t1",0,0,1,NA,NA,NA,NA,"ME3"
"Porites_compressa_HIv1___RNAseq.g11114.t1",1,0,0,NA,NA,NA,NA,"ME0"
"Porites_compressa_HIv1___RNAseq.g11119.t1",1,0,0,0.0016071939603964,"Monotonous",2,0.687378597155963,"ME4"
"Porites_compressa_HIv1___RNAseq.g11075.t1",0,1,0,NA,NA,NA,NA,"ME0"
"Porites_compressa_HIv1___RNAseq.g11068.t1b",1,0,1,NA,NA,NA,NA,"ME0"
"Porites_compressa_HIv1___RNAseq.g11081.t2",0,1,0,0.0246729491025712,"Other",3,0.903092821661013,"ME3"
"Porites_compressa_HIv1___RNAseq.g11082.t1",1,0,0,NA,NA,NA,NA,"ME0"
"Porites_compressa_HIv1___RNAseq.g19818.t1",1,0,0,NA,NA,NA,NA,"ME0"
"Porites_compressa_HIv1___RNAseq.g19824.t1",1,0,0,NA,NA,NA,NA,"ME0"
"Porites_compressa_HIv1___RNAseq.g19827.t1",1,0,0,NA,NA,NA,NA,"ME0"
"Porites_compressa_HIv1___RNAseq.g19857.t1",1,0,0,NA,NA,NA,NA,"ME0"
"Porites_compressa_HIv1___RNAseq.g19863.t1",0,1,0,NA,NA,NA,NA,"ME0"
"Porites_compressa_HIv1___RNAseq.g19766.t1",0,1,0,NA,NA,NA,NA,"ME8"
"Porites_compressa_HIv1___RNAseq.g19791.t1",1,0,0,NA,NA,NA,NA,"ME0"
"Porites_compressa_HIv1___RNAseq.g19802.t1",0,1,0,NA,NA,NA,NA,"ME0"
"Porites_compressa_HIv1___RNAseq.g19750.t1",0,0,1,NA,NA,NA,NA,"ME0"
"Porites_compressa_HIv1___RNAseq.g19758.t1",0,1,0,NA,NA,NA,NA,"ME12"
"Porites_compressa_HIv1___RNAseq.g19761.t1",0,0,1,NA,NA,NA,NA,"ME2"
"Porites_compressa_HIv1___RNAseq.g19772.t1",0,1,0,NA,NA,NA,NA,"ME1"
"Porites_compressa_HIv1___RNAseq.g19774.t1",1,0,0,NA,NA,NA,NA,"ME0"
"Porites_compressa_HIv1___RNAseq.g19777.t1c",1,0,0,0.00657616075604546,"Other",1,0.564069271365093,"ME5"
"Porites_compressa_HIv1___RNAseq.g19777.t1b",1,0,0,8.02191625652353e-07,"Monotonous",1,0.582615952928279,"ME5"
"Porites_compressa_HIv1___TS.g11066.t2",0,0,1,2.41458990872798e-05,"Monotonous",2,0.881673555807124,"ME4"
"Porites_compressa_HIv1___RNAseq.g19787.t1",1,0,0,NA,NA,NA,NA,"ME0"
"Porites_compressa_HIv1___RNAseq.g19792.t1",1,0,0,NA,NA,NA,NA,"ME0"
"Porites_compressa_HIv1___RNAseq.g19794.t1",2,0,0,1.28564220422912e-39,"Monotonous",2,0.71280574252339,"ME2"
"Porites_compressa_HIv1___TS.g11084.t1",0,0,1,0.0366547992418856,"Other",1,0.964519126510903,"ME16"
"Porites_compressa_HIv1___RNAseq.g19804.t1",0,8,0,NA,NA,NA,NA,"ME1"
"Porites_compressa_HIv1___TS.g21267.t1",1,0,0,NA,NA,NA,NA,"ME0"
"Porites_compressa_HIv1___RNAseq.g11207.t1",1,0,0,NA,NA,NA,NA,"ME0"
"Porites_compressa_HIv1___RNAseq.g11225.t1",0,1,0,NA,NA,NA,NA,"ME0"
"Porites_compressa_HIv1___RNAseq.g11125.t1",1,0,0,0.00436181198392542,"Monotonous",6,0.870623565455587,"ME0"
"Porites_compressa_HIv1___RNAseq.g11132.t1",0,0,1,NA,NA,NA,NA,"ME0"
"Porites_compressa_HIv1___TS.g21242.t1",1,0,0,NA,NA,NA,NA,"ME6"
"Porites_compressa_HIv1___RNAseq.g11147.t1",1,0,1,NA,NA,NA,NA,"ME22"
"Porites_compressa_HIv1___RNAseq.g11150.t1",0,0,1,0.0257315398769463,"Other",NA,NA,"ME6"
"Porites_compressa_HIv1___RNAseq.g11165.t1",0,1,0,0.00161929884557357,"Transient",NA,NA,"ME1"
"Porites_compressa_HIv1___RNAseq.g11166.t1",0,1,0,NA,NA,NA,NA,"ME1"
"Porites_compressa_HIv1___RNAseq.g11169.t1",1,0,0,NA,NA,NA,NA,"ME0"
"Porites_compressa_HIv1___RNAseq.g11170.t1",1,0,0,0.00969910599344806,"Transient",5,0.969258572462505,"ME1"
"Porites_compressa_HIv1___RNAseq.g11175.t1b",0,0,1,NA,NA,NA,NA,"ME1"
"Porites_compressa_HIv1___RNAseq.g11177.t1",1,0,0,NA,NA,NA,NA,"ME2"
"Porites_compressa_HIv1___RNAseq.g11178.t1",0,2,0,NA,NA,NA,NA,"ME0"
"Porites_compressa_HIv1___RNAseq.g11179.t1",0,1,0,NA,NA,NA,NA,"ME0"
"Porites_compressa_HIv1___RNAseq.g11180.t1",0,0,1,NA,NA,NA,NA,"ME0"
"Porites_compressa_HIv1___RNAseq.g11181.t1",1,0,0,NA,NA,NA,NA,"ME0"
"Porites_compressa_HIv1___RNAseq.g11185.t1",1,0,0,0.0343008414033805,"Monotonous",6,0.956027868271145,"ME0"
"Porites_compressa_HIv1___TS.g21299.t1b",0,0,1,NA,NA,NA,NA,"ME7"
"Porites_compressa_HIv1___RNAseq.g11197.t1",1,0,1,NA,NA,NA,NA,"ME11"
"Porites_compressa_HIv1___TS.g21303.t1",0,0,1,NA,NA,NA,NA,"ME0"
"Porites_compressa_HIv1___RNAseq.g11204.t1",1,0,0,NA,NA,NA,NA,"ME0"
"Porites_compressa_HIv1___RNAseq.g6978.t1",1,0,1,NA,NA,NA,NA,"ME0"
"Porites_compressa_HIv1___RNAseq.g7157.t1",1,1,0,NA,NA,NA,NA,"ME0"
"Porites_compressa_HIv1___RNAseq.g7161.t1a",1,0,0,NA,NA,NA,NA,"ME21"
"Porites_compressa_HIv1___RNAseq.g6959.t2a",0,0,1,NA,NA,NA,NA,"ME0"
"Porites_compressa_HIv1___TS.g10159.t1",0,1,0,NA,NA,NA,NA,"ME1"
"Porites_compressa_HIv1___RNAseq.g6972.t1",0,0,1,NA,NA,NA,NA,"ME3"
"Porites_compressa_HIv1___TS.g10161.t1",0,0,1,NA,NA,NA,NA,"ME1"
"Porites_compressa_HIv1___RNAseq.g6973.t1",1,1,0,NA,NA,NA,NA,"ME1"
"Porites_compressa_HIv1___TS.g10164.t1",1,0,0,NA,NA,NA,NA,"ME2"
"Porites_compressa_HIv1___RNAseq.g6980.t1",0,0,1,NA,NA,NA,NA,"ME0"
"Porites_compressa_HIv1___RNAseq.g6982.t2",1,0,0,0.0357303285881217,"Other",NA,NA,"ME2"
"Porites_compressa_HIv1___RNAseq.g6984.t1",1,0,0,NA,NA,NA,NA,"ME2"
"Porites_compressa_HIv1___RNAseq.g6989.t1",0,0,1,NA,NA,NA,NA,"ME2"
"Porites_compressa_HIv1___TS.g10182.t1",0,0,1,NA,NA,NA,NA,"ME0"
"Porites_compressa_HIv1___TS.g10184.t1",0,2,0,NA,NA,NA,NA,"ME0"
"Porites_compressa_HIv1___RNAseq.g7000.t2",0,1,0,NA,NA,NA,NA,"ME1"
"Porites_compressa_HIv1___RNAseq.g7001.t1",1,0,0,NA,NA,NA,NA,"ME1"
"Porites_compressa_HIv1___TS.g10205.t1a",2,0,0,NA,NA,NA,NA,"ME0"
"Porites_compressa_HIv1___RNAseq.g7013.t1",0,1,0,NA,NA,NA,NA,"ME2"
"Porites_compressa_HIv1___RNAseq.g7019.t1",1,0,0,0.0471757475041103,"Other",NA,NA,"ME22"
"Porites_compressa_HIv1___RNAseq.g7022.t1",1,0,0,NA,NA,NA,NA,"ME1"
"Porites_compressa_HIv1___RNAseq.g7023.t1",0,1,0,0.00134272022147548,"Other",3,0.925765228779337,"ME3"
"Porites_compressa_HIv1___TS.g10223.t1",0,0,1,4.14081961835403e-08,"Transient",5,0.905458226285417,"ME1"
"Porites_compressa_HIv1___RNAseq.g7029.t1",1,0,1,NA,NA,NA,NA,"ME0"
"Porites_compressa_HIv1___RNAseq.g7031.t1",1,1,0,NA,NA,NA,NA,"ME0"
"Porites_compressa_HIv1___RNAseq.g7039.t1",1,0,0,NA,NA,NA,NA,"ME0"
"Porites_compressa_HIv1___RNAseq.g7041.t1",1,0,0,NA,NA,NA,NA,"ME3"
"Porites_compressa_HIv1___RNAseq.g7047.t1",0,1,1,NA,NA,NA,NA,"ME0"
"Porites_compressa_HIv1___RNAseq.g7050.t1",0,1,0,NA,NA,NA,NA,"ME0"
"Porites_compressa_HIv1___RNAseq.g7054.t1",0,0,1,0.000366681839433389,"Monotonous",1,0.949154632639612,"ME0"
"Porites_compressa_HIv1___RNAseq.g7057.t1",0,1,0,NA,NA,NA,NA,"ME0"
"Porites_compressa_HIv1___RNAseq.g7058.t1",0,1,0,NA,NA,NA,NA,"ME0"
"Porites_compressa_HIv1___RNAseq.g7070.t2",1,0,0,NA,NA,NA,NA,"ME4"
"Porites_compressa_HIv1___RNAseq.g7072.t1",1,0,0,NA,NA,NA,NA,"ME0"
"Porites_compressa_HIv1___RNAseq.g7074.t1",1,0,0,NA,NA,NA,NA,"ME5"
"Porites_compressa_HIv1___RNAseq.g7076.t1",1,0,0,NA,NA,NA,NA,"ME0"
"Porites_compressa_HIv1___TS.g10273.t1",1,0,0,6.1760252139662e-05,"Transient",5,0.985699678889373,"ME7"
"Porites_compressa_HIv1___RNAseq.g7080.t1",0,0,1,0.00291746668063867,"Monotonous",1,0.815668828427044,"ME16"
"Porites_compressa_HIv1___RNAseq.g7082.t1",1,0,0,0.0359925873692503,"Transient",4,0.759233877755288,"ME3"
"Porites_compressa_HIv1___TS.g10278.t1",1,0,1,NA,NA,NA,NA,"ME3"
"Porites_compressa_HIv1___RNAseq.g7087.t1",1,0,0,0.00351402025813161,"Other",5,0.936684568104801,"ME1"
"Porites_compressa_HIv1___RNAseq.g7088.t1b",0,1,0,0.0128133453649887,"Other",5,0.786026184495577,"ME1"
"Porites_compressa_HIv1___RNAseq.g7091.t1",2,1,1,NA,NA,NA,NA,"ME8"
"Porites_compressa_HIv1___RNAseq.g7097.t1",1,0,0,NA,NA,NA,NA,"ME0"
"Porites_compressa_HIv1___RNAseq.g7101.t1",0,1,0,NA,NA,NA,NA,"ME6"
"Porites_compressa_HIv1___RNAseq.g7102.t1",0,1,0,NA,NA,NA,NA,"ME0"
"Porites_compressa_HIv1___RNAseq.g7104.t1",1,0,0,7.80623797865413e-05,"Monotonous",2,0.696874482151191,"ME4"
"Porites_compressa_HIv1___RNAseq.g7105.t1",1,0,0,NA,NA,NA,NA,"ME0"
"Porites_compressa_HIv1___TS.g10307.t1",2,0,0,NA,NA,NA,NA,"ME0"
"Porites_compressa_HIv1___RNAseq.g7114.t1",2,0,0,NA,NA,NA,NA,"ME2"
"Porites_compressa_HIv1___TS.g10312.t1",0,1,0,NA,NA,NA,NA,"ME0"
"Porites_compressa_HIv1___RNAseq.g7118.t1",0,0,1,NA,NA,NA,NA,"ME0"
"Porites_compressa_HIv1___RNAseq.g7121.t1",1,0,0,NA,NA,NA,NA,"ME3"
"Porites_compressa_HIv1___TS.g10319.t2b",1,0,2,NA,NA,NA,NA,"ME4"
"Porites_compressa_HIv1___RNAseq.g7124.t1",0,2,0,NA,NA,NA,NA,"ME8"
"Porites_compressa_HIv1___RNAseq.24589_t",0,0,1,NA,NA,NA,NA,"ME1"
"Porites_compressa_HIv1___RNAseq.g7133.t1",1,1,0,NA,NA,NA,NA,"ME0"
"Porites_compressa_HIv1___TS.g10331.t1",0,1,0,NA,NA,NA,NA,"ME0"
"Porites_compressa_HIv1___RNAseq.g7137.t1",0,1,0,NA,NA,NA,NA,"ME3"
"Porites_compressa_HIv1___RNAseq.g7139.t1",1,0,0,NA,NA,NA,NA,"ME3"
"Porites_compressa_HIv1___RNAseq.g7146.t1",0,1,0,NA,NA,NA,NA,"ME8"
"Porites_compressa_HIv1___TS.g10361.t1",0,1,0,NA,NA,NA,NA,"ME6"
"Porites_compressa_HIv1___RNAseq.g7168.t1",0,1,1,0.0033073959603803,"Other",6,0.951630550065557,"ME1"
"Porites_compressa_HIv1___RNAseq.g7170.t1",0,1,0,3.49806376596797e-05,"Monotonous",1,0.903154845282395,"ME1"
"Porites_compressa_HIv1___RNAseq.g7172.t1",1,1,0,2.41458990872798e-05,"Monotonous",6,0.725732352853289,"ME1"
"Porites_compressa_HIv1___TS.g10377.t1",1,0,0,0.00715946822276619,"Other",5,0.806041288095731,"ME1"
"Porites_compressa_HIv1___RNAseq.g7182.t1",1,0,0,NA,NA,NA,NA,"ME0"
"Porites_compressa_HIv1___TS.g10385.t1",0,1,0,0.00174464777221549,"Monotonous",1,0.86057563077027,"ME0"
"Porites_compressa_HIv1___TS.g11175.t1c",1,0,0,NA,NA,NA,NA,"ME0"
"Porites_compressa_HIv1___RNAseq.g19921.t1",0,1,0,NA,NA,NA,NA,"ME0"
"Porites_compressa_HIv1___RNAseq.g19885.t1",0,1,0,NA,NA,NA,NA,"ME0"
"Porites_compressa_HIv1___TS.g11173.t1",0,0,1,NA,NA,NA,NA,"ME1"
"Porites_compressa_HIv1___TS.g11175.t1a",1,0,0,0.0278194085419493,"Other",6,0.565547773790288,"ME7"
"Porites_compressa_HIv1___RNAseq.g19891.t1",0,0,1,NA,NA,NA,NA,"ME8"
"Porites_compressa_HIv1___TS.g11181.t1",0,1,0,NA,NA,NA,NA,"ME17"
"Porites_compressa_HIv1___RNAseq.g19909.t1",0,0,1,NA,NA,NA,NA,"ME1"
"Porites_compressa_HIv1___RNAseq.g19911.t1",1,0,0,NA,NA,NA,NA,"ME0"
"Porites_compressa_HIv1___RNAseq.g19920.t1",1,0,0,NA,NA,NA,NA,"ME0"
"Porites_compressa_HIv1___RNAseq.g19922.t1",0,0,1,NA,NA,NA,NA,"ME0"
"Porites_compressa_HIv1___RNAseq.g19924.t1",1,1,0,NA,NA,NA,NA,"ME0"
"Porites_compressa_HIv1___TS.g11211.t1a",0,1,0,3.35708495034087e-08,"Transient",5,0.977778898185885,"ME1"
"Porites_compressa_HIv1___TS.g11215.t1",1,0,0,0.0139187979297943,"Other",6,0.637641261117871,"ME7"
"Porites_compressa_HIv1___RNAseq.g19939.t1",0,1,0,0.0147579511459064,"Monotonous",2,0.789827289385704,"ME2"
"Porites_compressa_HIv1___TS.g11241.t1",0,2,0,NA,NA,NA,NA,"ME24"
"Porites_compressa_HIv1___TS.g11244.t1",0,0,1,0.00187791764961087,"Monotonous",1,0.717880614524736,"ME16"
"Porites_compressa_HIv1___TS.g11247.t1",0,1,0,0.00532896836511908,"Other",1,0.607396995196576,"ME16"
"Porites_compressa_HIv1___RNAseq.g19961.t1",1,0,0,NA,NA,NA,NA,"ME0"
"Porites_compressa_HIv1___TS.g11270.t1",1,0,0,NA,NA,NA,NA,"ME0"
"Porites_compressa_HIv1___RNAseq.g38173.t1",0,1,0,NA,NA,NA,NA,"ME21"
"Porites_compressa_HIv1___RNAseq.g33188.t1",1,0,0,NA,NA,NA,NA,"ME0"
"Porites_compressa_HIv1___RNAseq.g33189.t1",0,1,1,NA,NA,NA,NA,"ME0"
"Porites_compressa_HIv1___RNAseq.g33185.t1",0,0,1,0.00850593745817256,"Transient",5,0.896615704372267,"ME1"
"Porites_compressa_HIv1___RNAseq.g33186.t1",1,0,0,NA,NA,NA,NA,"ME8"
"Porites_compressa_HIv1___TS.g16878.t1",0,0,1,NA,NA,NA,NA,"ME1"
"Porites_compressa_HIv1___RNAseq.g33198.t1",2,1,0,NA,NA,NA,NA,"ME1"
"Porites_compressa_HIv1___TS.g16886.t1a",1,0,0,NA,NA,NA,NA,"ME0"
"Porites_compressa_HIv1___RNAseq.g33205.t2",1,0,0,NA,NA,NA,NA,"ME0"
"Porites_compressa_HIv1___TS.g1041.t1",1,0,0,NA,NA,NA,NA,"ME0"
"Porites_compressa_HIv1___RNAseq.g38181.t1",0,1,0,NA,NA,NA,NA,"ME3"
"Porites_compressa_HIv1___RNAseq.g38182.t1",2,0,0,0.0109295796293657,"Other",4,0.540693068896655,"ME0"
"Porites_compressa_HIv1___TS.g1044.t1",1,0,0,NA,NA,NA,NA,"ME0"
"Porites_compressa_HIv1___RNAseq.g38188.t1",1,0,0,0.00237312416954343,"Other",NA,NA,"ME4"
"Porites_compressa_HIv1___TS.g1058.t2",0,1,0,4.26995530782941e-06,"Transient",5,0.983466387566278,"ME1"
"Porites_compressa_HIv1___TS.g1125.t1",0,0,1,NA,NA,NA,NA,"ME0"
"Porites_compressa_HIv1___RNAseq.g38217.t1",0,1,1,0.00658260764969032,"Other",3,0.595469459924834,"ME22"
"Porites_compressa_HIv1___RNAseq.g38220.t1",0,0,2,0.0345812272858134,"Other",NA,NA,"ME0"
"Porites_compressa_HIv1___RNAseq.g38215.t1",0,1,0,NA,NA,NA,NA,"ME0"
"Porites_compressa_HIv1___TS.g1078.t1",0,1,0,NA,NA,NA,NA,"ME0"
"Porites_compressa_HIv1___RNAseq.g38221.t1",1,0,0,NA,NA,NA,NA,"ME0"
"Porites_compressa_HIv1___RNAseq.g38228.t1",0,0,1,NA,NA,NA,NA,"ME0"
"Porites_compressa_HIv1___RNAseq.g38255.t1",0,1,0,NA,NA,NA,NA,"ME0"
"Porites_compressa_HIv1___TS.g1119.t1",0,1,0,NA,NA,NA,NA,"ME0"
"Porites_compressa_HIv1___RNAseq.g38238.t1",1,0,0,NA,NA,NA,NA,"ME0"
"Porites_compressa_HIv1___RNAseq.g33021.t1",1,0,0,NA,NA,NA,NA,"ME0"
"Porites_compressa_HIv1___TS.g16761.t1",3,0,0,NA,NA,NA,NA,"ME0"
"Porites_compressa_HIv1___TS.g16779.t1",1,0,0,NA,NA,NA,NA,"ME0"
"Porites_compressa_HIv1___RNAseq.g33005.t1",0,1,0,NA,NA,NA,NA,"ME2"
"Porites_compressa_HIv1___TS.g16692.t1",1,0,0,0.00802165142161029,"Other",3,0.630287807067449,"ME4"
"Porites_compressa_HIv1___TS.g16693.t1",2,0,1,0.01658697063683,"Monotonous",NA,NA,"ME4"
"Porites_compressa_HIv1___TS.g16703.t1",1,0,0,0.0346239763966006,"Monotonous",6,0.831111695150454,"ME1"
"Porites_compressa_HIv1___RNAseq.g33018.t1",0,0,1,0.000805745606852018,"Transient",5,0.948200096126506,"ME7"
"Porites_compressa_HIv1___RNAseq.g33019.t3",1,0,0,0.0437156983377695,"Other",1,0.883311239157765,"ME4"
"Porites_compressa_HIv1___TS.g16706.t1",0,1,0,NA,NA,NA,NA,"ME0"
"Porites_compressa_HIv1___RNAseq.g33023.t1",1,0,0,NA,NA,NA,NA,"ME0"
"Porites_compressa_HIv1___RNAseq.g33024.t3",1,0,0,NA,NA,NA,NA,"ME0"
"Porites_compressa_HIv1___RNAseq.g33026.t1",0,1,0,0.0307518752855367,"Other",3,0.889671809212168,"ME3"
"Porites_compressa_HIv1___RNAseq.g33027.t1",0,1,0,NA,NA,NA,NA,"ME3"
"Porites_compressa_HIv1___TS.g16716.t2",0,0,1,0.000933128609735314,"Transient",5,0.969175004387615,"ME1"
"Porites_compressa_HIv1___RNAseq.g33035.t1",0,0,2,NA,NA,NA,NA,"ME1"
"Porites_compressa_HIv1___TS.g16722.t1",0,0,1,NA,NA,NA,NA,"ME0"
"Porites_compressa_HIv1___RNAseq.g33040.t1",1,0,0,NA,NA,NA,NA,"ME0"
"Porites_compressa_HIv1___RNAseq.g33041.t1",1,0,0,NA,NA,NA,NA,"ME1"
"Porites_compressa_HIv1___TS.g16728.t2",1,0,1,NA,NA,NA,NA,"ME14"
"Porites_compressa_HIv1___RNAseq.g33048.t2",0,0,1,NA,NA,NA,NA,"ME0"
"Porites_compressa_HIv1___RNAseq.g33049.t1",1,0,1,NA,NA,NA,NA,"ME0"
"Porites_compressa_HIv1___RNAseq.g33050.t1",1,0,1,NA,NA,NA,NA,"ME0"
"Porites_compressa_HIv1___RNAseq.g33051.t1",1,0,0,NA,NA,NA,NA,"ME0"
"Porites_compressa_HIv1___RNAseq.g33052.t1",0,0,1,NA,NA,NA,NA,"ME0"
"Porites_compressa_HIv1___RNAseq.g33053.t1",0,0,1,0.00287580021346502,"Transient",5,0.918381875006014,"ME1"
"Porites_compressa_HIv1___RNAseq.g33055.t1",0,0,1,NA,NA,NA,NA,"ME2"
"Porites_compressa_HIv1___RNAseq.g33056.t1",0,1,0,NA,NA,NA,NA,"ME1"
"Porites_compressa_HIv1___RNAseq.g33057.t1",0,1,0,NA,NA,NA,NA,"ME1"
"Porites_compressa_HIv1___RNAseq.g33060.t1",0,1,1,NA,NA,NA,NA,"ME0"
"Porites_compressa_HIv1___RNAseq.g33065.t1",0,1,0,0.00255425739334921,"Transient",4,0.699180538476145,"ME3"
"Porites_compressa_HIv1___RNAseq.g33072.t1",0,1,0,0.0220175447696075,"Monotonous",5,0.975235122350579,"ME1"
"Porites_compressa_HIv1___RNAseq.g33074.t1",1,0,0,NA,NA,NA,NA,"ME0"
"Porites_compressa_HIv1___RNAseq.g33081.t1",1,1,0,NA,NA,NA,NA,"ME10"
"Porites_compressa_HIv1___RNAseq.g33088.t1",0,1,0,0.029192575806153,"Other",3,0.907905161600483,"ME2"
"Porites_compressa_HIv1___TS.g16775.t1",1,0,0,NA,NA,NA,NA,"ME1"
"Porites_compressa_HIv1___RNAseq.g33092.t1",1,0,0,NA,NA,NA,NA,"ME0"
"Porites_compressa_HIv1___TS.g16780.t1b",1,0,0,NA,NA,NA,NA,"ME3"
"Porites_compressa_HIv1___RNAseq.g33099.t1",1,0,0,NA,NA,NA,NA,"ME0"
"Porites_compressa_HIv1___RNAseq.g33102.t1",1,0,0,NA,NA,NA,NA,"ME0"
"Porites_compressa_HIv1___RNAseq.g33103.t1",1,0,0,NA,NA,NA,NA,"ME0"
"Porites_compressa_HIv1___RNAseq.g33106.t1",1,0,0,0.000803568287886641,"Monotonous",NA,NA,"ME0"
"Porites_compressa_HIv1___RNAseq.g33107.t1",0,0,1,NA,NA,NA,NA,"ME0"
"Porites_compressa_HIv1___RNAseq.g33109.t1",1,0,0,NA,NA,NA,NA,"ME2"
"Porites_compressa_HIv1___RNAseq.g33110.t1",0,0,1,NA,NA,NA,NA,"ME18"
"Porites_compressa_HIv1___TS.g16798.t1b",1,0,0,0.0136474246445183,"Other",NA,NA,"ME0"
"Porites_compressa_HIv1___RNAseq.g33125.t1",1,0,0,0.0244689545676934,"Other",6,0.881673203599622,"ME13"
"Porites_compressa_HIv1___TS.g16810.t1",0,0,1,0.00320874056333859,"Other",5,0.528164986207553,"ME1"
"Porites_compressa_HIv1___RNAseq.g33129.t1",0,0,1,NA,NA,NA,NA,"ME10"
"Porites_compressa_HIv1___TS.g16816.t1",0,0,1,NA,NA,NA,NA,"ME0"
"Porites_compressa_HIv1___RNAseq.g33134.t1",0,1,0,NA,NA,NA,NA,"ME15"
"Porites_compressa_HIv1___RNAseq.g33138.t1",0,1,0,NA,NA,NA,NA,"ME0"
"Porites_compressa_HIv1___RNAseq.g33143.t1",0,2,0,NA,NA,NA,NA,"ME5"
"Porites_compressa_HIv1___RNAseq.g33144.t1",0,1,0,NA,NA,NA,NA,"ME0"
"Porites_compressa_HIv1___TS.g16832.t1",1,0,0,NA,NA,NA,NA,"ME0"
"Porites_compressa_HIv1___TS.g16833.t1",0,1,0,NA,NA,NA,NA,"ME0"
"Porites_compressa_HIv1___RNAseq.g33149.t1",0,1,1,NA,NA,NA,NA,"ME0"
"Porites_compressa_HIv1___RNAseq.g33150.t1",0,0,1,NA,NA,NA,NA,"ME0"
"Porites_compressa_HIv1___RNAseq.g33152.t1",0,0,1,NA,NA,NA,NA,"ME0"
"Porites_compressa_HIv1___RNAseq.g33153.t1",1,0,0,NA,NA,NA,NA,"ME0"
"Porites_compressa_HIv1___RNAseq.g33155.t1",0,0,1,NA,NA,NA,NA,"ME0"
"Porites_compressa_HIv1___RNAseq.g33162.t1",0,1,0,NA,NA,NA,NA,"ME0"
"Porites_compressa_HIv1___RNAseq.25201_t",0,2,0,NA,NA,NA,NA,"ME0"
"Porites_compressa_HIv1___RNAseq.g33164.t1",0,0,1,NA,NA,NA,NA,"ME0"
"Porites_compressa_HIv1___TS.g16855.t1",0,0,1,NA,NA,NA,NA,"ME0"
"Porites_compressa_HIv1___RNAseq.g33177.t1",0,0,1,0.0126927457629821,"Other",5,0.78347276297441,"ME1"
"Porites_compressa_HIv1___RNAseq.g33181.t1",1,0,0,NA,NA,NA,NA,"ME0"
"Porites_compressa_HIv1___RNAseq.g38281.t1",2,0,0,NA,NA,NA,NA,"ME28"
"Porites_compressa_HIv1___RNAseq.g38268.t1",2,0,0,7.58290480160262e-07,"Transient",1,0.927872063234992,"ME12"
"Porites_compressa_HIv1___TS.g1131.t1",1,0,0,1.90594765400322e-07,"Monotonous",6,0.842199010918957,"ME0"
"Porites_compressa_HIv1___RNAseq.g38277.t1",1,0,0,NA,NA,NA,NA,"ME1"
"Porites_compressa_HIv1___RNAseq.g38278.t1",0,1,0,0.00578337499456107,"Transient",3,0.62496295471362,"ME2"
"Porites_compressa_HIv1___RNAseq.g38280.t1",0,0,1,NA,NA,NA,NA,"ME23"
"Porites_compressa_HIv1___RNAseq.g38282.t1",0,1,0,0.00124330761991282,"Transient",5,0.747641853725397,"ME1"
"Porites_compressa_HIv1___TS.g3401.t1",1,0,0,NA,NA,NA,NA,"ME26"
"Porites_compressa_HIv1___TS.g3402.t1",1,0,0,NA,NA,NA,NA,"ME0"
"Porites_compressa_HIv1___RNAseq.g38611.t1",1,1,0,NA,NA,NA,NA,"ME2"
"Porites_compressa_HIv1___TS.g3383.t1",0,0,1,NA,NA,NA,NA,"ME2"
"Porites_compressa_HIv1___TS.g3384.t1",1,0,0,0.00583821568850283,"Monotonous",1,0.848577056886807,"ME0"
"Porites_compressa_HIv1___RNAseq.g38574.t1",1,0,0,0.000273269504624479,"Other",2,0.585556881135132,"ME0"
"Porites_compressa_HIv1___RNAseq.g38579.t2",1,0,0,NA,NA,NA,NA,"ME2"
"Porites_compressa_HIv1___RNAseq.g38327.t1",1,0,0,NA,NA,NA,NA,"ME1"
"Porites_compressa_HIv1___RNAseq.g38383.t1",2,0,0,NA,NA,NA,NA,"ME1"
"Porites_compressa_HIv1___RNAseq.g38292.t1",1,0,0,NA,NA,NA,NA,"ME0"
"Porites_compressa_HIv1___RNAseq.g38297.t2b",2,0,0,NA,NA,NA,NA,"ME0"
"Porites_compressa_HIv1___RNAseq.g38298.t1",0,1,0,0.00013129910165132,"Transient",3,0.703364931472079,"ME3"
"Porites_compressa_HIv1___RNAseq.g38299.t1",0,0,1,0.0111346200852703,"Monotonous",NA,NA,"ME1"
"Porites_compressa_HIv1___TS.g1161.t1",2,0,2,NA,NA,NA,NA,"ME15"
"Porites_compressa_HIv1___RNAseq.g38307.t1",1,0,1,NA,NA,NA,NA,"ME15"
"Porites_compressa_HIv1___RNAseq.g38312.t1",1,0,0,NA,NA,NA,NA,"ME0"
"Porites_compressa_HIv1___TS.g1171.t1",1,0,0,NA,NA,NA,NA,"ME1"
"Porites_compressa_HIv1___RNAseq.g38315.t1",1,0,0,NA,NA,NA,NA,"ME0"
"Porites_compressa_HIv1___RNAseq.g38316.t1",1,0,0,NA,NA,NA,NA,"ME0"
"Porites_compressa_HIv1___RNAseq.g38321.t1",1,0,1,0.000258090631825353,"Monotonous",2,0.863294468069549,"ME5"
"Porites_compressa_HIv1___RNAseq.g38322.t1",1,0,1,NA,NA,NA,NA,"ME1"
"Porites_compressa_HIv1___RNAseq.g38323.t1",0,1,0,NA,NA,NA,NA,"ME0"
"Porites_compressa_HIv1___RNAseq.g38338.t1",2,0,0,NA,NA,NA,NA,"ME10"
"Porites_compressa_HIv1___RNAseq.g38365.t1",1,0,0,NA,NA,NA,NA,"ME0"
"Porites_compressa_HIv1___RNAseq.g38366.t1",0,1,0,0.00894060414851927,"Other",5,0.83275643795771,"ME1"
"Porites_compressa_HIv1___RNAseq.g38370.t1a",1,0,0,NA,NA,NA,NA,"ME0"
"Porites_compressa_HIv1___RNAseq.g38370.t1b",1,0,0,NA,NA,NA,NA,"ME0"
"Porites_compressa_HIv1___RNAseq.g38373.t1",2,0,0,NA,NA,NA,NA,"ME17"
"Porites_compressa_HIv1___RNAseq.g38386.t1",1,0,0,0.0334275058210673,"Other",3,0.519852566687876,"ME9"
"Porites_compressa_HIv1___RNAseq.g38729.t1",0,1,0,NA,NA,NA,NA,"ME1"
"Porites_compressa_HIv1___RNAseq.g38675.t1",1,1,0,NA,NA,NA,NA,"ME7"
"Porites_compressa_HIv1___RNAseq.g38617.t1",0,0,1,NA,NA,NA,NA,"ME10"
"Porites_compressa_HIv1___RNAseq.g38619.t1",2,0,0,NA,NA,NA,NA,"ME0"
"Porites_compressa_HIv1___RNAseq.g38620.t1",1,1,0,NA,NA,NA,NA,"ME2"
"Porites_compressa_HIv1___RNAseq.g38621.t1",1,0,0,NA,NA,NA,NA,"ME4"
"Porites_compressa_HIv1___RNAseq.g38631.t1",1,0,0,NA,NA,NA,NA,"ME4"
"Porites_compressa_HIv1___RNAseq.g38633.t1",1,0,0,NA,NA,NA,NA,"ME0"
"Porites_compressa_HIv1___RNAseq.g38634.t1",1,0,0,NA,NA,NA,NA,"ME0"
"Porites_compressa_HIv1___RNAseq.g38635.t1",1,0,1,NA,NA,NA,NA,"ME25"
"Porites_compressa_HIv1___RNAseq.g38637.t1",1,1,0,NA,NA,NA,NA,"ME0"
"Porites_compressa_HIv1___RNAseq.g38638.t1",1,1,0,NA,NA,NA,NA,"ME0"
"Porites_compressa_HIv1___RNAseq.g38640.t1",0,1,0,NA,NA,NA,NA,"ME0"
"Porites_compressa_HIv1___TS.g3450.t1b",0,1,0,0.0341193676010756,"Monotonous",3,0.523963735629841,"ME2"
"Porites_compressa_HIv1___RNAseq.g38649.t1",2,0,0,NA,NA,NA,NA,"ME17"
"Porites_compressa_HIv1___TS.g3460.t1",1,0,0,NA,NA,NA,NA,"ME6"
"Porites_compressa_HIv1___TS.g3471.t1",1,0,0,NA,NA,NA,NA,"ME0"
"Porites_compressa_HIv1___RNAseq.g38672.t1",0,0,1,NA,NA,NA,NA,"ME3"
"Porites_compressa_HIv1___RNAseq.g38676.t1",1,0,0,NA,NA,NA,NA,"ME0"
"Porites_compressa_HIv1___RNAseq.g38681.t1",1,0,0,NA,NA,NA,NA,"ME15"
"Porites_compressa_HIv1___RNAseq.g38688.t1",0,1,0,NA,NA,NA,NA,"ME10"
"Porites_compressa_HIv1___RNAseq.g38689.t1",0,1,0,NA,NA,NA,NA,"ME5"
"Porites_compressa_HIv1___TS.g3497.t1",1,0,0,3.88106743363211e-10,"Monotonous",2,0.817625826266105,"ME2"
"Porites_compressa_HIv1___RNAseq.g38694.t1",1,0,0,0.000207419950048028,"Transient",4,0.512382382431642,"ME3"
"Porites_compressa_HIv1___RNAseq.g38697.t1",0,2,0,0.00012853959353673,"Transient",4,0.518043381247378,"ME3"
"Porites_compressa_HIv1___RNAseq.25614_t",1,0,0,NA,NA,NA,NA,"ME0"
"Porites_compressa_HIv1___RNAseq.g38708.t1",1,0,0,NA,NA,NA,NA,"ME4"
"Porites_compressa_HIv1___RNAseq.g38709.t1a",1,0,0,NA,NA,NA,NA,"ME5"
"Porites_compressa_HIv1___RNAseq.g38717.t1",0,1,0,NA,NA,NA,NA,"ME0"
"Porites_compressa_HIv1___RNAseq.g38720.t1",0,1,0,NA,NA,NA,NA,"ME4"
"Porites_compressa_HIv1___RNAseq.g38725.t1",1,0,0,NA,NA,NA,NA,"ME0"
"Porites_compressa_HIv1___RNAseq.g38727.t1",0,1,0,NA,NA,NA,NA,"ME1"
"Porites_compressa_HIv1___RNAseq.g40478.t1",1,0,0,NA,NA,NA,NA,"ME0"
"Porites_compressa_HIv1___RNAseq.g40437.t1",0,1,0,NA,NA,NA,NA,"ME1"
"Porites_compressa_HIv1___RNAseq.g40438.t1",1,0,0,NA,NA,NA,NA,"ME1"
"Porites_compressa_HIv1___RNAseq.g40433.t1",0,0,1,NA,NA,NA,NA,"ME11"
"Porites_compressa_HIv1___RNAseq.g40441.t1",0,1,0,NA,NA,NA,NA,"ME0"
"Porites_compressa_HIv1___TS.g215.t2",1,0,1,NA,NA,NA,NA,"ME0"
"Porites_compressa_HIv1___RNAseq.g40322.t1",0,1,0,NA,NA,NA,NA,"ME0"
"Porites_compressa_HIv1___RNAseq.g40332.t1",1,0,0,NA,NA,NA,NA,"ME6"
"Porites_compressa_HIv1___RNAseq.g40334.t1",1,0,1,NA,NA,NA,NA,"ME6"
"Porites_compressa_HIv1___RNAseq.g40390.t1",1,0,1,NA,NA,NA,NA,"ME8"
"Porites_compressa_HIv1___RNAseq.g40313.t1",0,0,1,NA,NA,NA,NA,"ME1"
"Porites_compressa_HIv1___TS.g98.t1c",1,0,0,NA,NA,NA,NA,"ME0"
"Porites_compressa_HIv1___RNAseq.g40317.t1",1,0,0,NA,NA,NA,NA,"ME5"
"Porites_compressa_HIv1___RNAseq.g40321.t1",0,0,1,0.000690790703029958,"Transient",4,0.632830497020761,"ME3"
"Porites_compressa_HIv1___RNAseq.g40325.t1",0,1,0,NA,NA,NA,NA,"ME6"
"Porites_compressa_HIv1___RNAseq.g40337.t1",1,0,0,0.00262392874898556,"Other",3,0.81327019093569,"ME4"
"Porites_compressa_HIv1___RNAseq.g40338.t1",1,0,0,NA,NA,NA,NA,"ME3"
"Porites_compressa_HIv1___RNAseq.g40341.t1",0,0,1,NA,NA,NA,NA,"ME0"
"Porites_compressa_HIv1___RNAseq.g40343.t1",1,0,0,NA,NA,NA,NA,"ME1"
"Porites_compressa_HIv1___RNAseq.g40344.t1",1,0,0,NA,NA,NA,NA,"ME0"
"Porites_compressa_HIv1___TS.g130.t1",1,0,0,NA,NA,NA,NA,"ME0"
"Porites_compressa_HIv1___RNAseq.g40351.t1",1,0,0,NA,NA,NA,NA,"ME0"
"Porites_compressa_HIv1___TS.g136.t1",1,0,1,NA,NA,NA,NA,"ME4"
"Porites_compressa_HIv1___RNAseq.g40366.t1",1,0,1,NA,NA,NA,NA,"ME15"
"Porites_compressa_HIv1___RNAseq.g40375.t1",2,0,0,NA,NA,NA,NA,"ME0"
"Porites_compressa_HIv1___RNAseq.g40382.t1",1,0,0,NA,NA,NA,NA,"ME0"
"Porites_compressa_HIv1___TS.g183.t1",1,0,0,NA,NA,NA,NA,"ME0"
"Porites_compressa_HIv1___RNAseq.g40639.t1",0,0,1,NA,NA,NA,NA,"ME0"
"Porites_compressa_HIv1___RNAseq.g40635.t1",0,1,0,NA,NA,NA,NA,"ME1"
"Porites_compressa_HIv1___RNAseq.g40644.t1",0,9,0,0.0128717782473096,"Transient",NA,NA,"ME1"
"Porites_compressa_HIv1___RNAseq.g40645.t1",0,9,0,NA,NA,NA,NA,"ME1"
"Porites_compressa_HIv1___RNAseq.g40642.t1",0,2,0,NA,NA,NA,NA,"ME23"
"Porites_compressa_HIv1___RNAseq.g40643.t1",0,1,0,0.002702638982417,"Transient",NA,NA,"ME1"
"Porites_compressa_HIv1___RNAseq.g40646.t1",0,0,1,NA,NA,NA,NA,"ME1"
"Porites_compressa_HIv1___RNAseq.25995_t",0,1,0,NA,NA,NA,NA,"ME0"
"Porites_compressa_HIv1___RNAseq.g40653.t1",0,1,0,NA,NA,NA,NA,"ME0"
"Porites_compressa_HIv1___TS.g18736.t2",1,0,1,0.00341348481537192,"Other",3,0.597118318088628,"ME3"
"Porites_compressa_HIv1___TS.g18561.t1",1,0,0,NA,NA,NA,NA,"ME4"
"Porites_compressa_HIv1___RNAseq.g40536.t1",0,1,0,NA,NA,NA,NA,"ME0"
"Porites_compressa_HIv1___RNAseq.g40538.t1",0,1,0,NA,NA,NA,NA,"ME0"
"Porites_compressa_HIv1___TS.g18620.t1",0,1,0,NA,NA,NA,NA,"ME9"
"Porites_compressa_HIv1___RNAseq.g40551.t1",0,1,0,NA,NA,NA,NA,"ME8"
"Porites_compressa_HIv1___RNAseq.g40624.t1",1,0,0,NA,NA,NA,NA,"ME6"
"Porites_compressa_HIv1___RNAseq.g40489.t1",0,1,0,NA,NA,NA,NA,"ME1"
"Porites_compressa_HIv1___TS.g18567.t1",1,0,0,0.0364515747906661,"Other",5,0.770745915695836,"ME1"
"Porites_compressa_HIv1___RNAseq.g40502.t1",1,0,0,0.00522285510436841,"Other",2,0.904909088674961,"ME2"
"Porites_compressa_HIv1___RNAseq.g40503.t1",0,1,0,NA,NA,NA,NA,"ME1"
"Porites_compressa_HIv1___RNAseq.g40514.t1",1,0,0,0.00107185168783603,"Monotonous",2,0.82347211154629,"ME2"
"Porites_compressa_HIv1___RNAseq.g40516.t1",0,1,0,0.0096301152406171,"Monotonous",2,0.952829578373934,"ME21"
"Porites_compressa_HIv1___RNAseq.g40517.t1",1,0,0,0.0011593418709724,"Monotonous",2,0.965810936943495,"ME2"
"Porites_compressa_HIv1___RNAseq.g40522.t1",0,1,0,NA,NA,NA,NA,"ME0"
"Porites_compressa_HIv1___RNAseq.g40526.t1",1,0,0,NA,NA,NA,NA,"ME4"
"Porites_compressa_HIv1___RNAseq.g40527.t1",0,1,0,NA,NA,NA,NA,"ME0"
"Porites_compressa_HIv1___RNAseq.g40530.t1",0,1,0,NA,NA,NA,NA,"ME1"
"Porites_compressa_HIv1___RNAseq.g40531.t1",0,1,0,0.0129728798348056,"Transient",3,0.847765222948098,"ME3"
"Porites_compressa_HIv1___TS.g18633.t1",0,1,0,NA,NA,NA,NA,"ME0"
"Porites_compressa_HIv1___RNAseq.g40563.t1",1,0,0,NA,NA,NA,NA,"ME0"
"Porites_compressa_HIv1___RNAseq.g40566.t1",1,0,0,NA,NA,NA,NA,"ME1"
"Porites_compressa_HIv1___RNAseq.g40568.t1",1,0,0,1.42452368449925e-12,"Monotonous",2,0.891119552975543,"ME4"
"Porites_compressa_HIv1___RNAseq.g40569.t1a",1,0,0,0.0401725164955331,"Other",2,0.731787371698428,"ME4"
"Porites_compressa_HIv1___RNAseq.g40572.t1",1,1,0,NA,NA,NA,NA,"ME24"
"Porites_compressa_HIv1___RNAseq.g40573.t1",1,1,0,NA,NA,NA,NA,"ME24"
"Porites_compressa_HIv1___RNAseq.g40584.t1",0,1,1,0.0308171992081624,"Other",NA,NA,"ME1"
"Porites_compressa_HIv1___TS.g18665.t1",1,0,0,NA,NA,NA,NA,"ME5"
"Porites_compressa_HIv1___TS.g18667.t2",1,0,0,0.00017726749426431,"Monotonous",NA,NA,"ME19"
"Porites_compressa_HIv1___RNAseq.25930_t",0,1,0,NA,NA,NA,NA,"ME1"
"Porites_compressa_HIv1___RNAseq.g40591.t1",0,1,0,NA,NA,NA,NA,"ME0"
"Porites_compressa_HIv1___RNAseq.g40592.t1",0,0,1,NA,NA,NA,NA,"ME10"
"Porites_compressa_HIv1___RNAseq.g40597.t1",1,0,0,NA,NA,NA,NA,"ME2"
"Porites_compressa_HIv1___RNAseq.g40603.t1",0,1,0,0.0022023731402901,"Other",5,0.65871925061394,"ME1"
"Porites_compressa_HIv1___RNAseq.g40604.t1",0,0,1,NA,NA,NA,NA,"ME0"
"Porites_compressa_HIv1___RNAseq.g40605.t1",1,0,0,NA,NA,NA,NA,"ME0"
"Porites_compressa_HIv1___RNAseq.g40606.t1",1,0,0,0.000224159809703409,"Transient",6,0.546289408699197,"ME1"
"Porites_compressa_HIv1___RNAseq.g40607.t1",1,0,0,NA,NA,NA,NA,"ME2"
"Porites_compressa_HIv1___RNAseq.g40608.t1",0,0,1,0.00205136743105665,"Transient",5,0.964237864943697,"ME1"
"Porites_compressa_HIv1___RNAseq.g40609.t1",0,1,0,4.33979726210591e-08,"Monotonous",2,0.787274620702239,"ME2"
"Porites_compressa_HIv1___TS.g18690.t2",1,2,0,NA,NA,NA,NA,"ME0"
"Porites_compressa_HIv1___RNAseq.g40614.t1",1,0,0,NA,NA,NA,NA,"ME0"
"Porites_compressa_HIv1___RNAseq.g40616.t1",0,0,1,0.000431512664533016,"Monotonous",6,0.973491237792987,"ME1"
"Porites_compressa_HIv1___RNAseq.g24139.t1",0,0,1,NA,NA,NA,NA,"ME0"
"Porites_compressa_HIv1___RNAseq.g24142.t1",1,0,0,NA,NA,NA,NA,"ME0"
"Porites_compressa_HIv1___RNAseq.g24170.t1",0,0,1,NA,NA,NA,NA,"ME6"
"Porites_compressa_HIv1___RNAseq.g24194.t1",1,0,0,NA,NA,NA,NA,"ME0"
"Porites_compressa_HIv1___RNAseq.g24195.t1",0,0,1,NA,NA,NA,NA,"ME0"
"Porites_compressa_HIv1___TS.g17267.t1",1,0,0,NA,NA,NA,NA,"ME0"
"Porites_compressa_HIv1___TS.g17270.t1b",0,0,1,NA,NA,NA,NA,"ME0"
"Porites_compressa_HIv1___RNAseq.g24244.t1",0,1,0,NA,NA,NA,NA,"ME0"
"Porites_compressa_HIv1___RNAseq.g24084.t1a",1,0,1,NA,NA,NA,NA,"ME15"
"Porites_compressa_HIv1___RNAseq.g24095.t1",0,1,0,NA,NA,NA,NA,"ME9"
"Porites_compressa_HIv1___TS.g17171.t1",0,0,1,NA,NA,NA,NA,"ME0"
"Porites_compressa_HIv1___TS.g17175.t1",1,0,0,NA,NA,NA,NA,"ME1"
"Porites_compressa_HIv1___RNAseq.g24117.t1",2,0,0,0.0125678993975846,"Monotonous",6,0.734381816341927,"ME0"
"Porites_compressa_HIv1___RNAseq.g24126.t1",0,1,0,NA,NA,NA,NA,"ME4"
"Porites_compressa_HIv1___RNAseq.g24129.t1",0,0,1,NA,NA,NA,NA,"ME0"
"Porites_compressa_HIv1___TS.g17211.t1",0,0,1,0.00114452159172727,"Transient",5,0.711367748549566,"ME18"
"Porites_compressa_HIv1___RNAseq.g24154.t1",1,0,0,NA,NA,NA,NA,"ME0"
"Porites_compressa_HIv1___TS.g17229.t2",0,0,2,NA,NA,NA,NA,"ME3"
"Porites_compressa_HIv1___RNAseq.g24158.t1",1,0,0,NA,NA,NA,NA,"ME13"
"Porites_compressa_HIv1___TS.g17231.t2",0,0,1,NA,NA,NA,NA,"ME13"
"Porites_compressa_HIv1___RNAseq.g24160.t1",1,0,0,NA,NA,NA,NA,"ME8"
"Porites_compressa_HIv1___RNAseq.g24162.t1",1,0,0,NA,NA,NA,NA,"ME0"
"Porites_compressa_HIv1___RNAseq.g24171.t1",0,1,0,NA,NA,NA,NA,"ME8"
"Porites_compressa_HIv1___TS.g17263.t1",1,0,0,NA,NA,NA,NA,"ME0"
"Porites_compressa_HIv1___RNAseq.g24208.t1",1,0,0,NA,NA,NA,NA,"ME0"
"Porites_compressa_HIv1___RNAseq.g24209.t1",1,0,0,NA,NA,NA,NA,"ME23"
"Porites_compressa_HIv1___TS.g17279.t1",1,0,0,NA,NA,NA,NA,"ME0"
"Porites_compressa_HIv1___RNAseq.g24211.t1",1,0,0,NA,NA,NA,NA,"ME0"
"Porites_compressa_HIv1___RNAseq.g24212.t1",1,0,0,NA,NA,NA,NA,"ME0"
"Porites_compressa_HIv1___RNAseq.g24218.t1",0,1,0,NA,NA,NA,NA,"ME2"
"Porites_compressa_HIv1___RNAseq.g24223.t1",1,0,0,NA,NA,NA,NA,"ME0"
"Porites_compressa_HIv1___TS.g17296.t2",0,0,2,NA,NA,NA,NA,"ME0"
"Porites_compressa_HIv1___RNAseq.g24226.t1",0,0,1,NA,NA,NA,NA,"ME0"
"Porites_compressa_HIv1___RNAseq.g24236.t1",0,1,0,NA,NA,NA,NA,"ME15"
"Porites_compressa_HIv1___RNAseq.g24240.t1",0,0,1,NA,NA,NA,NA,"ME1"
"Porites_compressa_HIv1___TS.g17312.t1",1,0,0,NA,NA,NA,NA,"ME0"
"Porites_compressa_HIv1___RNAseq.g24243.t1",0,0,1,NA,NA,NA,NA,"ME4"
"Porites_compressa_HIv1___RNAseq.g24251.t1",1,0,0,NA,NA,NA,NA,"ME25"
"Porites_compressa_HIv1___RNAseq.g24260.t1",0,1,0,NA,NA,NA,NA,"ME25"
"Porites_compressa_HIv1___RNAseq.g30471.t1",0,1,0,NA,NA,NA,NA,"ME1"
"Porites_compressa_HIv1___RNAseq.g18832.t1",0,1,0,NA,NA,NA,NA,"ME0"
"Porites_compressa_HIv1___RNAseq.g18823.t1",1,0,0,NA,NA,NA,NA,"ME0"
"Porites_compressa_HIv1___RNAseq.g18797.t1",1,0,0,NA,NA,NA,NA,"ME0"
"Porites_compressa_HIv1___RNAseq.g18813.t1",0,0,1,NA,NA,NA,NA,"ME0"
"Porites_compressa_HIv1___RNAseq.g18821.t1",0,1,0,0.049050336359346,"Transient",3,0.886548482963322,"ME3"
"Porites_compressa_HIv1___RNAseq.g18827.t1",1,0,0,NA,NA,NA,NA,"ME1"
"Porites_compressa_HIv1___RNAseq.g30255.t1",1,0,0,NA,NA,NA,NA,"ME1"
"Porites_compressa_HIv1___TS.g13218.t1",1,0,0,NA,NA,NA,NA,"ME0"
"Porites_compressa_HIv1___TS.g13242.t2a",0,1,0,NA,NA,NA,NA,"ME0"
"Porites_compressa_HIv1___RNAseq.g30343.t1",0,1,0,NA,NA,NA,NA,"ME0"
"Porites_compressa_HIv1___RNAseq.g30357.t1",1,0,0,NA,NA,NA,NA,"ME2"
"Porites_compressa_HIv1___RNAseq.26387_t",1,1,0,NA,NA,NA,NA,"ME0"
"Porites_compressa_HIv1___TS.g13368.t1",0,1,0,NA,NA,NA,NA,"ME0"
"Porites_compressa_HIv1___TS.g13372.t1b",2,0,0,NA,NA,NA,NA,"ME1"
"Porites_compressa_HIv1___RNAseq.g30256.t1",0,0,1,NA,NA,NA,NA,"ME1"
"Porites_compressa_HIv1___TS.g13191.t1",1,0,0,NA,NA,NA,NA,"ME1"
"Porites_compressa_HIv1___TS.g13194.t2",0,0,2,0.00224619487622149,"Other",2,0.501950913390853,"ME4"
"Porites_compressa_HIv1___RNAseq.g30267.t1",1,0,0,NA,NA,NA,NA,"ME0"
"Porites_compressa_HIv1___RNAseq.g30268.t1",1,0,0,NA,NA,NA,NA,"ME0"
"Porites_compressa_HIv1___RNAseq.g30281.t1",0,1,0,0.010157684509825,"Other",5,0.976506107749164,"ME1"
"Porites_compressa_HIv1___TS.g13226.t1",0,1,0,NA,NA,NA,NA,"ME6"
"Porites_compressa_HIv1___TS.g13228.t1",0,1,0,NA,NA,NA,NA,"ME1"
"Porites_compressa_HIv1___RNAseq.g30308.t1",0,1,0,NA,NA,NA,NA,"ME0"
"Porites_compressa_HIv1___RNAseq.g30312.t1",1,1,0,NA,NA,NA,NA,"ME26"
"Porites_compressa_HIv1___RNAseq.g30318.t1",0,1,0,NA,NA,NA,NA,"ME0"
"Porites_compressa_HIv1___RNAseq.g30326.t1",0,1,0,NA,NA,NA,NA,"ME0"
"Porites_compressa_HIv1___RNAseq.g30330.t1",1,0,0,NA,NA,NA,NA,"ME1"
"Porites_compressa_HIv1___RNAseq.g30334.t1",0,1,0,NA,NA,NA,NA,"ME0"
"Porites_compressa_HIv1___RNAseq.g30335.t1",0,0,1,NA,NA,NA,NA,"ME1"
"Porites_compressa_HIv1___RNAseq.g30342.t1",0,0,1,NA,NA,NA,NA,"ME3"
"Porites_compressa_HIv1___RNAseq.g30344.t1",1,2,1,NA,NA,NA,NA,"ME0"
"Porites_compressa_HIv1___RNAseq.g30352.t1",0,1,1,NA,NA,NA,NA,"ME0"
"Porites_compressa_HIv1___RNAseq.g30356.t1",1,0,1,NA,NA,NA,NA,"ME6"
"Porites_compressa_HIv1___RNAseq.g30358.t1",1,0,0,NA,NA,NA,NA,"ME3"
"Porites_compressa_HIv1___TS.g13289.t1",0,3,0,0.0293408664157707,"Monotonous",2,0.839083088296799,"ME2"
"Porites_compressa_HIv1___RNAseq.g30365.t1",1,0,0,NA,NA,NA,NA,"ME0"
"Porites_compressa_HIv1___RNAseq.g30368.t1",1,0,0,NA,NA,NA,NA,"ME0"
"Porites_compressa_HIv1___RNAseq.g30369.t1",1,0,0,NA,NA,NA,NA,"ME0"
"Porites_compressa_HIv1___RNAseq.g30377.t1b",1,0,0,NA,NA,NA,NA,"ME0"
"Porites_compressa_HIv1___RNAseq.g30379.t1",0,1,1,NA,NA,NA,NA,"ME12"
"Porites_compressa_HIv1___RNAseq.g30382.t1",1,0,0,NA,NA,NA,NA,"ME0"
"Porites_compressa_HIv1___TS.g13326.t1",2,2,0,NA,NA,NA,NA,"ME0"
"Porites_compressa_HIv1___RNAseq.g30399.t1b",1,0,0,NA,NA,NA,NA,"ME0"
"Porites_compressa_HIv1___RNAseq.g30399.t1a",0,0,1,0.0241016509696013,"Transient",4,0.591814456114096,"ME2"
"Porites_compressa_HIv1___RNAseq.g30400.t1",0,0,1,NA,NA,NA,NA,"ME4"
"Porites_compressa_HIv1___TS.g13331.t1",0,1,0,NA,NA,NA,NA,"ME0"
"Porites_compressa_HIv1___RNAseq.g30406.t1",0,2,0,NA,NA,NA,NA,"ME10"
"Porites_compressa_HIv1___RNAseq.g30412.t1",0,1,0,NA,NA,NA,NA,"ME0"
"Porites_compressa_HIv1___RNAseq.g30423.t1",0,0,1,NA,NA,NA,NA,"ME3"
"Porites_compressa_HIv1___RNAseq.g30425.t1",1,0,0,0.00563306534179669,"Transient",4,0.520944500617537,"ME3"
"Porites_compressa_HIv1___RNAseq.g30427.t2",1,0,0,NA,NA,NA,NA,"ME23"
"Porites_compressa_HIv1___TS.g13360.t2",0,1,0,NA,NA,NA,NA,"ME0"
"Porites_compressa_HIv1___TS.g13361.t1",1,0,1,NA,NA,NA,NA,"ME8"
"Porites_compressa_HIv1___RNAseq.g30436.t1",1,0,0,NA,NA,NA,NA,"ME0"
"Porites_compressa_HIv1___RNAseq.g30444.t1",0,2,0,0.048714553305014,"Other",5,0.923884751569481,"ME1"
"Porites_compressa_HIv1___RNAseq.g30449.t1",0,1,0,NA,NA,NA,NA,"ME0"
"Porites_compressa_HIv1___RNAseq.g30457.t1",1,0,0,1.83317588198409e-05,"Monotonous",3,0.638058922881554,"ME4"
"Porites_compressa_HIv1___TS.g13391.t1",2,0,0,NA,NA,NA,NA,"ME0"
"Porites_compressa_HIv1___TS.g27066.t1",0,1,0,NA,NA,NA,NA,"ME0"
"Porites_compressa_HIv1___RNAseq.g18869.t1",0,0,1,NA,NA,NA,NA,"ME0"
"Porites_compressa_HIv1___RNAseq.g18884.t1",0,1,0,NA,NA,NA,NA,"ME0"
"Porites_compressa_HIv1___RNAseq.g18893.t1",0,0,1,NA,NA,NA,NA,"ME0"
"Porites_compressa_HIv1___RNAseq.g18848.t1",0,2,0,NA,NA,NA,NA,"ME1"
"Porites_compressa_HIv1___RNAseq.g18849.t1",0,2,0,NA,NA,NA,NA,"ME6"
"Porites_compressa_HIv1___TS.g27082.t1b",1,0,0,NA,NA,NA,NA,"ME0"
"Porites_compressa_HIv1___RNAseq.g18861.t2",1,0,0,NA,NA,NA,NA,"ME0"
"Porites_compressa_HIv1___RNAseq.g18863.t1",0,0,1,NA,NA,NA,NA,"ME0"
"Porites_compressa_HIv1___RNAseq.g18864.t1a",0,1,0,0.00133723593104579,"Transient",NA,NA,"ME1"
"Porites_compressa_HIv1___RNAseq.g18866.t1",2,0,0,NA,NA,NA,NA,"ME0"
"Porites_compressa_HIv1___RNAseq.g18873.t1",2,0,0,NA,NA,NA,NA,"ME0"
"Porites_compressa_HIv1___RNAseq.g18874.t1b",1,0,0,0.0151077122727814,"Transient",4,0.592280591044332,"ME3"
"Porites_compressa_HIv1___TS.g27107.t1",0,0,1,NA,NA,NA,NA,"ME0"
"Porites_compressa_HIv1___RNAseq.g18889.t1",2,0,0,NA,NA,NA,NA,"ME0"
"Porites_compressa_HIv1___TS.g27125.t1",1,0,0,NA,NA,NA,NA,"ME0"
"Porites_compressa_HIv1___TS.g27130.t1",0,1,0,NA,NA,NA,NA,"ME0"
"Porites_compressa_HIv1___RNAseq.g18906.t1",0,0,1,7.69669654954309e-05,"Transient",5,0.880173583620452,"ME1"
"Porites_compressa_HIv1___RNAseq.g18911.t1",0,1,1,NA,NA,NA,NA,"ME0"
"Porites_compressa_HIv1___RNAseq.g18918.t1",1,0,0,NA,NA,NA,NA,"ME5"
"Porites_compressa_HIv1___RNAseq.g18920.t1",1,0,1,NA,NA,NA,NA,"ME0"
"Porites_compressa_HIv1___RNAseq.g18922.t1",0,1,0,NA,NA,NA,NA,"ME3"
"Porites_compressa_HIv1___RNAseq.g18925.t1",1,0,0,NA,NA,NA,NA,"ME2"
"Porites_compressa_HIv1___RNAseq.g18928.t1",1,0,0,NA,NA,NA,NA,"ME0"
"Porites_compressa_HIv1___TS.g27165.t3",1,0,0,0.031847888450112,"Other",4,0.947487023042497,"ME3"
"Porites_compressa_HIv1___RNAseq.g18936.t1",1,0,0,NA,NA,NA,NA,"ME1"
"Porites_compressa_HIv1___RNAseq.g18937.t1",1,0,0,NA,NA,NA,NA,"ME0"
"Porites_compressa_HIv1___RNAseq.g18939.t1",1,0,0,NA,NA,NA,NA,"ME1"
"Porites_compressa_HIv1___TS.g27183.t1",0,0,1,NA,NA,NA,NA,"ME0"
"Porites_compressa_HIv1___RNAseq.g7232.t1",0,1,0,NA,NA,NA,NA,"ME0"
"Porites_compressa_HIv1___RNAseq.g7252.t2",1,0,0,NA,NA,NA,NA,"ME0"
"Porites_compressa_HIv1___RNAseq.g7264.t1",1,0,0,NA,NA,NA,NA,"ME0"
"Porites_compressa_HIv1___TS.g5996.t1",0,1,0,NA,NA,NA,NA,"ME7"
"Porites_compressa_HIv1___RNAseq.g7324.t1",0,1,0,NA,NA,NA,NA,"ME0"
"Porites_compressa_HIv1___RNAseq.g7330.t1",1,0,0,NA,NA,NA,NA,"ME0"
"Porites_compressa_HIv1___RNAseq.g7335.t1",1,0,0,NA,NA,NA,NA,"ME0"
"Porites_compressa_HIv1___RNAseq.g7386.t1",0,1,0,NA,NA,NA,NA,"ME0"
"Porites_compressa_HIv1___TS.g6089.t1",1,0,0,0.00909630364151741,"Other",3,0.636941354004618,"ME4"
"Porites_compressa_HIv1___RNAseq.g7416.t2",0,0,1,NA,NA,NA,NA,"ME8"
"Porites_compressa_HIv1___RNAseq.g7203.t1",1,0,0,NA,NA,NA,NA,"ME0"
"Porites_compressa_HIv1___TS.g5907.t1b",1,1,0,8.02813333125906e-10,"Transient",5,0.974166415063414,"ME1"
"Porites_compressa_HIv1___RNAseq.g7207.t1",1,0,0,0.00755031755418034,"Transient",5,0.648300578232047,"ME1"
"Porites_compressa_HIv1___RNAseq.g7209.t1",0,0,1,NA,NA,NA,NA,"ME6"
"Porites_compressa_HIv1___RNAseq.g7212.t1",1,0,0,NA,NA,NA,NA,"ME0"
"Porites_compressa_HIv1___RNAseq.g7213.t1",0,1,0,NA,NA,NA,NA,"ME0"
"Porites_compressa_HIv1___RNAseq.g7216.t1",0,1,0,NA,NA,NA,NA,"ME6"
"Porites_compressa_HIv1___RNAseq.g7218.t1",0,1,0,NA,NA,NA,NA,"ME0"
"Porites_compressa_HIv1___RNAseq.g7219.t1",1,0,0,NA,NA,NA,NA,"ME8"
"Porites_compressa_HIv1___TS.g5929.t1",0,0,1,NA,NA,NA,NA,"ME22"
"Porites_compressa_HIv1___RNAseq.g7236.t1",0,0,1,NA,NA,NA,NA,"ME0"
"Porites_compressa_HIv1___RNAseq.g7239.t1",1,0,0,0.000393583864430735,"Monotonous",1,0.685333011929212,"ME10"
"Porites_compressa_HIv1___TS.g5943.t1",1,0,0,NA,NA,NA,NA,"ME0"
"Porites_compressa_HIv1___RNAseq.g7253.t1b",0,0,1,NA,NA,NA,NA,"ME3"
"Porites_compressa_HIv1___TS.g5962.t1",0,1,1,NA,NA,NA,NA,"ME0"
"Porites_compressa_HIv1___RNAseq.g7268.t1",1,0,0,NA,NA,NA,NA,"ME25"
"Porites_compressa_HIv1___RNAseq.g7269.t1",3,0,0,NA,NA,NA,NA,"ME1"
"Porites_compressa_HIv1___TS.g5969.t1",1,0,0,NA,NA,NA,NA,"ME4"
"Porites_compressa_HIv1___RNAseq.g7281.t1b",1,0,0,NA,NA,NA,NA,"ME4"
"Porites_compressa_HIv1___RNAseq.g7285.t1",1,0,0,NA,NA,NA,NA,"ME9"
"Porites_compressa_HIv1___RNAseq.g7299.t1",1,0,0,NA,NA,NA,NA,"ME2"
"Porites_compressa_HIv1___RNAseq.26679_t",1,0,0,NA,NA,NA,NA,"ME1"
"Porites_compressa_HIv1___RNAseq.g7347.t1",0,1,0,NA,NA,NA,NA,"ME0"
"Porites_compressa_HIv1___RNAseq.g7354.t1",1,0,0,4.32919034644804e-06,"Transient",3,0.711503754369382,"ME4"
"Porites_compressa_HIv1___TS.g6072.t1",0,1,0,0.00176023091601451,"Transient",5,0.935864666269606,"ME1"
"Porites_compressa_HIv1___RNAseq.g7376.t1",0,0,1,5.70357860692593e-06,"Monotonous",6,0.80311793837113,"ME1"
"Porites_compressa_HIv1___RNAseq.g7380.t1",0,0,1,NA,NA,NA,NA,"ME1"
"Porites_compressa_HIv1___RNAseq.g7382.t1",0,2,0,NA,NA,NA,NA,"ME0"
"Porites_compressa_HIv1___TS.g6084.t1",1,1,0,1.99251009146809e-09,"Monotonous",2,0.580762561763142,"ME2"
"Porites_compressa_HIv1___RNAseq.g7388.t1",1,0,0,2.81093344238216e-06,"Monotonous",2,0.560916889647378,"ME2"
"Porites_compressa_HIv1___RNAseq.g7392.t1",0,1,0,NA,NA,NA,NA,"ME0"
"Porites_compressa_HIv1___RNAseq.g7413.t1",0,0,1,NA,NA,NA,NA,"ME6"
"Porites_compressa_HIv1___TS.g6116.t2",0,0,1,NA,NA,NA,NA,"ME0"
"Porites_compressa_HIv1___RNAseq.g7423.t1",0,1,0,NA,NA,NA,NA,"ME3"
"Porites_compressa_HIv1___RNAseq.g6754.t1",1,0,0,NA,NA,NA,NA,"ME4"
"Porites_compressa_HIv1___RNAseq.g6765.t1",1,1,0,NA,NA,NA,NA,"ME0"
"Porites_compressa_HIv1___RNAseq.g6769.t1",1,0,0,NA,NA,NA,NA,"ME17"
"Porites_compressa_HIv1___TS.g9927.t1",0,0,1,NA,NA,NA,NA,"ME0"
"Porites_compressa_HIv1___RNAseq.g6724.t1",1,0,1,0.0089647361351124,"Other",4,0.858195889176934,"ME3"
"Porites_compressa_HIv1___RNAseq.g6739.t1",0,2,0,NA,NA,NA,NA,"ME0"
"Porites_compressa_HIv1___RNAseq.g6741.t1",1,0,1,NA,NA,NA,NA,"ME1"
"Porites_compressa_HIv1___RNAseq.g6745.t1",1,0,0,NA,NA,NA,NA,"ME1"
"Porites_compressa_HIv1___RNAseq.g6753.t1",1,0,0,NA,NA,NA,NA,"ME0"
"Porites_compressa_HIv1___RNAseq.g6756.t1",1,0,0,0.00232765150496886,"Monotonous",2,0.858822689962644,"ME4"
"Porites_compressa_HIv1___RNAseq.g6759.t1",1,1,0,NA,NA,NA,NA,"ME4"
"Porites_compressa_HIv1___RNAseq.g6766.t1",1,0,0,NA,NA,NA,NA,"ME0"
"Porites_compressa_HIv1___TS.g9905.t1",1,0,0,0.0113550223448371,"Other",6,0.756598974073361,"ME7"
"Porites_compressa_HIv1___TS.g9908.t1",0,0,1,1.47901227861663e-06,"Monotonous",NA,NA,"ME1"
"Porites_compressa_HIv1___RNAseq.g6778.t1",1,0,0,NA,NA,NA,NA,"ME0"
"Porites_compressa_HIv1___RNAseq.g6784.t1",0,9,0,NA,NA,NA,NA,"ME0"
"Porites_compressa_HIv1___RNAseq.g6787.t1",0,0,1,NA,NA,NA,NA,"ME0"
"Porites_compressa_HIv1___RNAseq.g6788.t1",0,1,0,NA,NA,NA,NA,"ME0"
"Porites_compressa_HIv1___RNAseq.g6796.t1",1,1,0,NA,NA,NA,NA,"ME0"
"Porites_compressa_HIv1___RNAseq.g27350.t1",1,1,0,NA,NA,NA,NA,"ME11"
"Porites_compressa_HIv1___RNAseq.g27355.t1",1,0,1,0.0327746498686688,"Other",2,0.946129109763884,"ME4"
"Porites_compressa_HIv1___TS.g19394.t1",0,1,0,NA,NA,NA,NA,"ME0"
"Porites_compressa_HIv1___RNAseq.g27324.t1",0,0,1,NA,NA,NA,NA,"ME0"
"Porites_compressa_HIv1___TS.g19415.t1",0,1,0,NA,NA,NA,NA,"ME0"
"Porites_compressa_HIv1___TS.g19417.t1",0,1,0,0.0214339599840787,"Other",3,0.582750120791781,"ME0"
"Porites_compressa_HIv1___RNAseq.g27274.t1",0,0,1,NA,NA,NA,NA,"ME0"
"Porites_compressa_HIv1___RNAseq.g27307.t1",1,0,0,NA,NA,NA,NA,"ME0"
"Porites_compressa_HIv1___RNAseq.g27266.t1",0,1,0,0.0023367824233201,"Transient",3,0.642890526100917,"ME2"
"Porites_compressa_HIv1___TS.g19348.t1",0,0,1,NA,NA,NA,NA,"ME0"
"Porites_compressa_HIv1___RNAseq.g27275.t1",0,1,0,NA,NA,NA,NA,"ME0"
"Porites_compressa_HIv1___RNAseq.g27276.t1",2,0,0,NA,NA,NA,NA,"ME15"
"Porites_compressa_HIv1___RNAseq.g27278.t1",1,0,0,NA,NA,NA,NA,"ME23"
"Porites_compressa_HIv1___RNAseq.g27279.t1",1,0,0,NA,NA,NA,NA,"ME0"
"Porites_compressa_HIv1___RNAseq.g27290.t1",0,1,0,NA,NA,NA,NA,"ME15"
"Porites_compressa_HIv1___RNAseq.g27312.t1",0,1,0,NA,NA,NA,NA,"ME4"
"Porites_compressa_HIv1___TS.g9990.t1",1,1,0,NA,NA,NA,NA,"ME0"
"Porites_compressa_HIv1___TS.g9994.t1b",2,0,0,NA,NA,NA,NA,"ME1"
"Porites_compressa_HIv1___RNAseq.g6883.t1",1,0,1,NA,NA,NA,NA,"ME4"
"Porites_compressa_HIv1___RNAseq.g6811.t1",1,0,0,NA,NA,NA,NA,"ME0"
"Porites_compressa_HIv1___RNAseq.g6812.t1",1,0,2,NA,NA,NA,NA,"ME0"
"Porites_compressa_HIv1___RNAseq.g6833.t1",0,2,2,NA,NA,NA,NA,"ME0"
"Porites_compressa_HIv1___RNAseq.g6841.t1",0,1,0,NA,NA,NA,NA,"ME5"
"Porites_compressa_HIv1___RNAseq.g6842.t1",0,0,1,0.00658260764969032,"Other",6,0.802996002248894,"ME1"
"Porites_compressa_HIv1___RNAseq.g6843.t1",0,0,1,NA,NA,NA,NA,"ME2"
"Porites_compressa_HIv1___RNAseq.g6854.t1",1,0,0,NA,NA,NA,NA,"ME0"
"Porites_compressa_HIv1___RNAseq.g6857.t1",1,0,0,0.0135566679847118,"Other",2,0.869344414545427,"ME2"
"Porites_compressa_HIv1___RNAseq.g6866.t1",0,1,0,5.22030924457039e-05,"Transient",6,0.882024994138287,"ME1"
"Porites_compressa_HIv1___TS.g9998.t1",0,0,1,0.00146128309169208,"Monotonous",6,0.86389593056246,"ME1"
"Porites_compressa_HIv1___TS.g10000.t1a",2,0,0,NA,NA,NA,NA,"ME2"
"Porites_compressa_HIv1___RNAseq.g6872.t1",1,0,0,NA,NA,NA,NA,"ME1"
"Porites_compressa_HIv1___RNAseq.g6875.t1",1,1,0,NA,NA,NA,NA,"ME3"
"Porites_compressa_HIv1___RNAseq.g6880.t1",1,0,2,NA,NA,NA,NA,"ME1"
"Porites_compressa_HIv1___RNAseq.g6887.t1",0,1,0,0.000216949723457337,"Monotonous",1,0.690840587116349,"ME19"
"Porites_compressa_HIv1___TS.g10020.t1",0,1,0,0.00899940870229554,"Other",1,0.622445427068863,"ME19"
"Porites_compressa_HIv1___RNAseq.g6888.t1",0,1,0,0.000590846537547123,"Monotonous",1,0.726259420878911,"ME19"
"Porites_compressa_HIv1___RNAseq.g6889.t1",0,1,0,NA,NA,NA,NA,"ME19"
"Porites_compressa_HIv1___RNAseq.g27428.t1",2,0,0,NA,NA,NA,NA,"ME0"
"Porites_compressa_HIv1___TS.g19432.t1",2,0,0,NA,NA,NA,NA,"ME0"
"Porites_compressa_HIv1___RNAseq.g27364.t1",1,0,0,NA,NA,NA,NA,"ME0"
"Porites_compressa_HIv1___RNAseq.g27387.t1",1,0,0,NA,NA,NA,NA,"ME6"
"Porites_compressa_HIv1___RNAseq.g27391.t1",0,1,0,NA,NA,NA,NA,"ME6"
"Porites_compressa_HIv1___RNAseq.g27393.t1",0,0,1,NA,NA,NA,NA,"ME0"
"Porites_compressa_HIv1___RNAseq.g27420.t1",0,0,1,NA,NA,NA,NA,"ME0"
"Porites_compressa_HIv1___RNAseq.g27377.t1",1,1,0,NA,NA,NA,NA,"ME9"
"Porites_compressa_HIv1___RNAseq.g27383.t1",0,0,1,0.034271910838497,"Other",3,0.588499307775301,"ME4"
"Porites_compressa_HIv1___RNAseq.g27394.t1",0,0,1,NA,NA,NA,NA,"ME0"
"Porites_compressa_HIv1___RNAseq.g27418.t1",0,0,1,0.00127382137636947,"Other",6,0.710250007402807,"ME1"
"Porites_compressa_HIv1___RNAseq.g27419.t1",0,0,1,NA,NA,NA,NA,"ME3"
"Porites_compressa_HIv1___RNAseq.g16211.t1",1,0,0,NA,NA,NA,NA,"ME4"
"Porites_compressa_HIv1___RNAseq.g16213.t1",0,0,1,NA,NA,NA,NA,"ME0"
"Porites_compressa_HIv1___RNAseq.g16214.t1",0,0,1,NA,NA,NA,NA,"ME0"
"Porites_compressa_HIv1___RNAseq.g16219.t1",1,0,0,NA,NA,NA,NA,"ME1"
"Porites_compressa_HIv1___TS.g273.t1",2,0,0,NA,NA,NA,NA,"ME0"
"Porites_compressa_HIv1___RNAseq.g16225.t1",0,0,1,NA,NA,NA,NA,"ME0"
"Porites_compressa_HIv1___RNAseq.g16229.t1",1,1,0,NA,NA,NA,NA,"ME0"
"Porites_compressa_HIv1___RNAseq.g16233.t1",0,1,0,NA,NA,NA,NA,"ME1"
"Porites_compressa_HIv1___RNAseq.g16408.t1",1,0,0,NA,NA,NA,NA,"ME7"
"Porites_compressa_HIv1___TS.g460.t1",0,1,0,NA,NA,NA,NA,"ME0"
"Porites_compressa_HIv1___RNAseq.g16413.t1",1,0,0,NA,NA,NA,NA,"ME21"
"Porites_compressa_HIv1___RNAseq.g16414.t1",1,0,0,NA,NA,NA,NA,"ME0"
"Porites_compressa_HIv1___RNAseq.g16416.t1",0,1,0,NA,NA,NA,NA,"ME0"
"Porites_compressa_HIv1___RNAseq.g16317.t1",2,0,0,NA,NA,NA,NA,"ME0"
"Porites_compressa_HIv1___RNAseq.g16340.t1",0,1,0,NA,NA,NA,NA,"ME20"
"Porites_compressa_HIv1___RNAseq.g16377.t1",0,1,0,NA,NA,NA,NA,"ME0"
"Porites_compressa_HIv1___RNAseq.g16243.t1",1,1,0,NA,NA,NA,NA,"ME0"
"Porites_compressa_HIv1___TS.g299.t1",1,0,0,NA,NA,NA,NA,"ME1"
"Porites_compressa_HIv1___RNAseq.g16247.t2",0,1,0,NA,NA,NA,NA,"ME0"
"Porites_compressa_HIv1___RNAseq.g16255.t1",1,3,0,NA,NA,NA,NA,"ME9"
"Porites_compressa_HIv1___RNAseq.g16257.t1",1,1,1,NA,NA,NA,NA,"ME0"
"Porites_compressa_HIv1___TS.g312.t1",1,0,0,NA,NA,NA,NA,"ME0"
"Porites_compressa_HIv1___RNAseq.g16262.t1",0,0,1,0.000833901452927456,"Other",4,0.635618002975016,"ME3"
"Porites_compressa_HIv1___RNAseq.g16264.t1",0,0,1,0.00506093758610316,"Monotonous",6,0.937283315582253,"ME1"
"Porites_compressa_HIv1___RNAseq.g16270.t1",0,1,0,0.015890112015844,"Other",3,0.500802798446815,"ME3"
"Porites_compressa_HIv1___RNAseq.g16279.t1a",0,0,1,0.0244485445451652,"Other",NA,NA,"ME0"
"Porites_compressa_HIv1___TS.g335.t1",1,0,0,NA,NA,NA,NA,"ME4"
"Porites_compressa_HIv1___RNAseq.g16282.t1",1,0,0,NA,NA,NA,NA,"ME0"
"Porites_compressa_HIv1___RNAseq.g16283.t1",0,0,1,0.000916581079257485,"Transient",3,0.834677935658363,"ME2"
"Porites_compressa_HIv1___RNAseq.g16299.t1",2,0,0,NA,NA,NA,NA,"ME0"
"Porites_compressa_HIv1___RNAseq.g16330.t1",1,0,0,NA,NA,NA,NA,"ME11"
"Porites_compressa_HIv1___RNAseq.g16333.t1",1,0,0,NA,NA,NA,NA,"ME11"
"Porites_compressa_HIv1___RNAseq.g16336.t1",1,0,0,NA,NA,NA,NA,"ME20"
"Porites_compressa_HIv1___RNAseq.27265_t",1,0,1,NA,NA,NA,NA,"ME15"
"Porites_compressa_HIv1___RNAseq.g16369.t1",0,0,1,NA,NA,NA,NA,"ME9"
"Porites_compressa_HIv1___RNAseq.g16370.t1",0,0,1,NA,NA,NA,NA,"ME9"
"Porites_compressa_HIv1___TS.g424.t1",0,0,1,NA,NA,NA,NA,"ME0"
"Porites_compressa_HIv1___RNAseq.g16374.t1",1,1,0,0.00300882467778281,"Monotonous",5,0.84193677445059,"ME1"
"Porites_compressa_HIv1___RNAseq.g16376.t1",0,1,0,NA,NA,NA,NA,"ME10"
"Porites_compressa_HIv1___RNAseq.g16382.t1",0,1,0,0.000142159163234552,"Monotonous",2,0.841023425263176,"ME5"
"Porites_compressa_HIv1___RNAseq.g16384.t1",0,1,0,NA,NA,NA,NA,"ME0"
"Porites_compressa_HIv1___RNAseq.g16385.t1",0,0,1,NA,NA,NA,NA,"ME0"
"Porites_compressa_HIv1___RNAseq.g16386.t1",0,1,0,0.0264832214196546,"Other",5,0.914842867230476,"ME1"
"Porites_compressa_HIv1___RNAseq.g16396.t1",1,0,0,NA,NA,NA,NA,"ME18"
"Porites_compressa_HIv1___RNAseq.g16398.t1",0,0,1,NA,NA,NA,NA,"ME0"
"Porites_compressa_HIv1___RNAseq.g16399.t1",1,0,0,NA,NA,NA,NA,"ME7"
"Porites_compressa_HIv1___RNAseq.g16401.t1",1,0,0,NA,NA,NA,NA,"ME0"
"Porites_compressa_HIv1___TS.g19515.t2",0,0,1,NA,NA,NA,NA,"ME0"
"Porites_compressa_HIv1___TS.g19569.t1",0,1,0,NA,NA,NA,NA,"ME4"
"Porites_compressa_HIv1___RNAseq.g33454.t1",2,0,0,NA,NA,NA,NA,"ME0"
"Porites_compressa_HIv1___RNAseq.g33455.t1",1,0,0,NA,NA,NA,NA,"ME0"
"Porites_compressa_HIv1___RNAseq.g33392.t1",1,0,0,NA,NA,NA,NA,"ME22"
"Porites_compressa_HIv1___RNAseq.g33405.t1",1,0,0,8.08792540094694e-07,"Transient",5,0.733045872086044,"ME1"
"Porites_compressa_HIv1___TS.g19533.t1",0,1,0,NA,NA,NA,NA,"ME1"
"Porites_compressa_HIv1___RNAseq.g33420.t1",0,1,0,NA,NA,NA,NA,"ME0"
"Porites_compressa_HIv1___RNAseq.27359_t",1,1,0,NA,NA,NA,NA,"ME3"
"Porites_compressa_HIv1___RNAseq.g33433.t1",1,0,0,5.39666831362413e-06,"Transient",3,0.677394379495162,"ME3"
"Porites_compressa_HIv1___RNAseq.g33436.t1",1,0,0,NA,NA,NA,NA,"ME0"
"Porites_compressa_HIv1___TS.g19567.t1",0,0,1,NA,NA,NA,NA,"ME3"
"Porites_compressa_HIv1___RNAseq.g33441.t1",2,0,0,NA,NA,NA,NA,"ME1"
"Porites_compressa_HIv1___RNAseq.g33442.t1",0,1,0,NA,NA,NA,NA,"ME10"
"Porites_compressa_HIv1___TS.g12192.t1",0,0,1,NA,NA,NA,NA,"ME0"
"Porites_compressa_HIv1___TS.g8379.t1",1,0,0,NA,NA,NA,NA,"ME0"
"Porites_compressa_HIv1___TS.g8376.t1a",0,1,0,NA,NA,NA,NA,"ME0"
"Porites_compressa_HIv1___TS.g8376.t1b",0,0,1,NA,NA,NA,NA,"ME0"
"Porites_compressa_HIv1___RNAseq.g65.t1",1,0,0,NA,NA,NA,NA,"ME0"
"Porites_compressa_HIv1___RNAseq.g4.t1",0,0,1,NA,NA,NA,NA,"ME26"
"Porites_compressa_HIv1___RNAseq.g5.t1",0,0,1,NA,NA,NA,NA,"ME5"
"Porites_compressa_HIv1___RNAseq.g6.t1",0,0,1,0.00396596210187179,"Other",5,0.565391553288786,"ME1"
"Porites_compressa_HIv1___RNAseq.g9.t1",0,2,0,NA,NA,NA,NA,"ME6"
"Porites_compressa_HIv1___RNAseq.g13.t1",0,0,1,0.032782987742691,"Other",1,0.547014627407469,"ME0"
"Porites_compressa_HIv1___TS.g12101.t1a",0,0,1,NA,NA,NA,NA,"ME1"
"Porites_compressa_HIv1___RNAseq.g47.t1",1,0,0,0.000500845768724038,"Monotonous",6,0.825506199257871,"ME1"
"Porites_compressa_HIv1___RNAseq.g48.t1",1,0,0,NA,NA,NA,NA,"ME1"
"Porites_compressa_HIv1___RNAseq.g51.t1",0,3,1,NA,NA,NA,NA,"ME3"
"Porites_compressa_HIv1___TS.g12128.t1",0,0,1,NA,NA,NA,NA,"ME0"
"Porites_compressa_HIv1___TS.g12133.t1",0,1,0,NA,NA,NA,NA,"ME0"
"Porites_compressa_HIv1___TS.g12137.t1",1,0,0,NA,NA,NA,NA,"ME0"
"Porites_compressa_HIv1___RNAseq.g63.t1",1,0,0,0.000201494447771301,"Monotonous",2,0.860669720843317,"ME4"
"Porites_compressa_HIv1___RNAseq.g67.t1",2,0,0,NA,NA,NA,NA,"ME0"
"Porites_compressa_HIv1___RNAseq.g39639.t1",0,0,1,0.00845126930498006,"Monotonous",2,0.860171879564807,"ME5"
"Porites_compressa_HIv1___RNAseq.g39641.t1",1,0,0,0.00244084058390204,"Other",3,0.887476915424062,"ME4"
"Porites_compressa_HIv1___RNAseq.g39644.t1",0,0,1,NA,NA,NA,NA,"ME3"
"Porites_compressa_HIv1___RNAseq.g185.t1",1,0,0,NA,NA,NA,NA,"ME0"
"Porites_compressa_HIv1___RNAseq.g187.t1b",1,0,0,NA,NA,NA,NA,"ME0"
"Porites_compressa_HIv1___RNAseq.g196.t1",1,0,0,NA,NA,NA,NA,"ME0"
"Porites_compressa_HIv1___RNAseq.g137.t1",1,0,1,NA,NA,NA,NA,"ME1"
"Porites_compressa_HIv1___RNAseq.g154.t1",0,1,0,0.00400826025239981,"Other",5,0.698405828182053,"ME1"
"Porites_compressa_HIv1___TS.g12240.t1",1,0,0,NA,NA,NA,NA,"ME0"
"Porites_compressa_HIv1___RNAseq.g193.t1",1,0,0,NA,NA,NA,NA,"ME0"
"Porites_compressa_HIv1___RNAseq.g194.t1",1,0,0,NA,NA,NA,NA,"ME0"
"Porites_compressa_HIv1___RNAseq.g198.t1b",1,0,1,NA,NA,NA,NA,"ME0"
"Porites_compressa_HIv1___RNAseq.g200.t1",0,1,1,NA,NA,NA,NA,"ME13"
"Porites_compressa_HIv1___RNAseq.g208.t1",1,0,0,NA,NA,NA,NA,"ME0"
"Porites_compressa_HIv1___RNAseq.g215.t1",1,0,0,NA,NA,NA,NA,"ME9"
"Porites_compressa_HIv1___TS.g12288.t1",1,0,0,NA,NA,NA,NA,"ME0"
"Porites_compressa_HIv1___TS.g12291.t1a",0,0,1,0.000305760945168943,"Monotonous",3,0.901086296936784,"ME2"
"Porites_compressa_HIv1___RNAseq.g235.t1",0,1,0,NA,NA,NA,NA,"ME3"
"Porites_compressa_HIv1___TS.g12298.t1",0,0,1,NA,NA,NA,NA,"ME12"
"Porites_compressa_HIv1___TS.g8448.t1",0,0,1,NA,NA,NA,NA,"ME1"
"Porites_compressa_HIv1___RNAseq.g39699.t1",1,0,0,NA,NA,NA,NA,"ME0"
"Porites_compressa_HIv1___TS.g8445.t1",0,1,0,0.0236341425078895,"Monotonous",1,0.907021879617703,"ME1"
"Porites_compressa_HIv1___TS.g8416.t1",1,0,0,NA,NA,NA,NA,"ME0"
"Porites_compressa_HIv1___RNAseq.g39679.t1",0,0,1,NA,NA,NA,NA,"ME13"
"Porites_compressa_HIv1___RNAseq.g39709.t1",1,0,0,NA,NA,NA,NA,"ME0"
"Porites_compressa_HIv1___RNAseq.g39744.t1",0,1,0,NA,NA,NA,NA,"ME0"
"Porites_compressa_HIv1___RNAseq.g39708.t1",0,1,0,NA,NA,NA,NA,"ME0"
"Porites_compressa_HIv1___RNAseq.g39712.t1",1,1,0,0.00125823479928684,"Monotonous",2,0.607334941910186,"ME2"
"Porites_compressa_HIv1___RNAseq.g39719.t1",1,0,0,0.00105463002350726,"Other",6,0.932866272479292,"ME1"
"Porites_compressa_HIv1___RNAseq.g39728.t1",1,0,1,NA,NA,NA,NA,"ME1"
"Porites_compressa_HIv1___RNAseq.g39730.t1",1,0,0,NA,NA,NA,NA,"ME1"
"Porites_compressa_HIv1___RNAseq.g39731.t1",1,0,0,NA,NA,NA,NA,"ME0"
"Porites_compressa_HIv1___RNAseq.g39735.t1",2,0,0,NA,NA,NA,NA,"ME0"
"Porites_compressa_HIv1___TS.g8478.t1",2,0,0,NA,NA,NA,NA,"ME21"
"Porites_compressa_HIv1___RNAseq.g39739.t1",1,0,0,NA,NA,NA,NA,"ME0"
"Porites_compressa_HIv1___RNAseq.g39743.t1",1,0,0,NA,NA,NA,NA,"ME0"
"Porites_compressa_HIv1___RNAseq.g39747.t1",0,1,0,NA,NA,NA,NA,"ME0"
"Porites_compressa_HIv1___TS.g8490.t1",0,0,1,NA,NA,NA,NA,"ME0"
"Porites_compressa_HIv1___TS.g8491.t2",1,1,0,NA,NA,NA,NA,"ME0"
"Porites_compressa_HIv1___RNAseq.g39754.t1",0,1,0,0.00660865190944605,"Transient",5,0.540676244732576,"ME19"
"Porites_compressa_HIv1___RNAseq.g20626.t1",0,0,1,NA,NA,NA,NA,"ME0"
"Porites_compressa_HIv1___RNAseq.g20631.t1",0,1,0,0.0247094809997444,"Other",NA,NA,"ME2"
"Porites_compressa_HIv1___RNAseq.g20632.t1",0,1,0,NA,NA,NA,NA,"ME2"
"Porites_compressa_HIv1___RNAseq.g20659.t1",0,0,1,NA,NA,NA,NA,"ME6"
"Porites_compressa_HIv1___RNAseq.g20662.t1",1,0,0,NA,NA,NA,NA,"ME6"
"Porites_compressa_HIv1___RNAseq.g20663.t1",1,0,0,NA,NA,NA,NA,"ME0"
"Porites_compressa_HIv1___RNAseq.g20701.t1a",1,0,0,NA,NA,NA,NA,"ME0"
"Porites_compressa_HIv1___TS.g30609.t1",0,0,1,0.00670616616209229,"Other",2,0.549509146933773,"ME5"
"Porites_compressa_HIv1___RNAseq.g20643.t1",1,0,0,NA,NA,NA,NA,"ME1"
"Porites_compressa_HIv1___TS.g30616.t1",1,0,0,NA,NA,NA,NA,"ME6"
"Porites_compressa_HIv1___TS.g30618.t1b",1,1,1,0.00283964634901907,"Transient",3,0.520865814526877,"ME3"
"Porites_compressa_HIv1___RNAseq.g20664.t1",1,0,0,NA,NA,NA,NA,"ME5"
"Porites_compressa_HIv1___RNAseq.g20667.t1",1,0,0,NA,NA,NA,NA,"ME4"
"Porites_compressa_HIv1___RNAseq.g20675.t1",1,0,0,NA,NA,NA,NA,"ME3"
"Porites_compressa_HIv1___TS.g30641.t1",1,0,0,NA,NA,NA,NA,"ME3"
"Porites_compressa_HIv1___RNAseq.g20682.t1",0,0,1,NA,NA,NA,NA,"ME0"
"Porites_compressa_HIv1___RNAseq.g20683.t1",0,1,0,NA,NA,NA,NA,"ME0"
"Porites_compressa_HIv1___RNAseq.g20684.t1",0,1,0,NA,NA,NA,NA,"ME0"
"Porites_compressa_HIv1___RNAseq.g20688.t1",1,0,0,NA,NA,NA,NA,"ME12"
"Porites_compressa_HIv1___RNAseq.g20692.t1",1,0,0,NA,NA,NA,NA,"ME0"
"Porites_compressa_HIv1___RNAseq.g20693.t1",1,0,0,NA,NA,NA,NA,"ME0"
"Porites_compressa_HIv1___RNAseq.g20696.t1c",1,0,0,0.00687158903887887,"Monotonous",1,0.780062742569996,"ME10"
"Porites_compressa_HIv1___RNAseq.g20697.t1",0,0,1,NA,NA,NA,NA,"ME0"
"Porites_compressa_HIv1___RNAseq.g20699.t1a",1,0,0,0.00442995302083359,"Monotonous",1,0.863688558176085,"ME10"
"Porites_compressa_HIv1___RNAseq.g20700.t1",0,0,1,NA,NA,NA,NA,"ME1"
"Porites_compressa_HIv1___RNAseq.g20702.t1",1,0,0,NA,NA,NA,NA,"ME0"
"Porites_compressa_HIv1___RNAseq.g20704.t1",0,0,1,7.04003482075076e-06,"Monotonous",2,0.693174547381252,"ME2"
"Porites_compressa_HIv1___RNAseq.g20706.t1",1,1,0,NA,NA,NA,NA,"ME0"
"Porites_compressa_HIv1___RNAseq.g20712.t1",1,0,0,NA,NA,NA,NA,"ME0"
"Porites_compressa_HIv1___RNAseq.g20724.t1",0,2,0,NA,NA,NA,NA,"ME0"
"Porites_compressa_HIv1___TS.g30697.t2",0,1,0,NA,NA,NA,NA,"ME0"
"Porites_compressa_HIv1___RNAseq.g20715.t1",2,0,0,0.00689666853519762,"Transient",NA,NA,"ME1"
"Porites_compressa_HIv1___RNAseq.g20716.t1",2,0,0,NA,NA,NA,NA,"ME1"
"Porites_compressa_HIv1___RNAseq.g20717.t1",1,0,1,NA,NA,NA,NA,"ME1"
"Porites_compressa_HIv1___RNAseq.g20718.t1",1,0,0,NA,NA,NA,NA,"ME8"
"Porites_compressa_HIv1___RNAseq.g20719.t1",1,0,0,NA,NA,NA,NA,"ME0"
"Porites_compressa_HIv1___RNAseq.g20720.t1",0,0,1,NA,NA,NA,NA,"ME0"
"Porites_compressa_HIv1___RNAseq.g20725.t1",1,0,0,NA,NA,NA,NA,"ME0"
"Porites_compressa_HIv1___RNAseq.g20728.t1",1,0,0,0.0234473036901132,"Other",3,0.731509849219539,"ME4"
"Porites_compressa_HIv1___RNAseq.g20731.t1",1,0,2,0.00688538596400106,"Other",NA,NA,"ME0"
"Porites_compressa_HIv1___RNAseq.g20734.t1",0,1,0,0.003848079381371,"Monotonous",1,0.933512099763849,"ME0"
"Porites_compressa_HIv1___RNAseq.g20742.t1",0,1,0,NA,NA,NA,NA,"ME0"
"Porites_compressa_HIv1___TS.g30706.t1",1,0,1,NA,NA,NA,NA,"ME0"
"Porites_compressa_HIv1___TS.g30728.t1",0,0,1,NA,NA,NA,NA,"ME4"
"Porites_compressa_HIv1___RNAseq.g20770.t1",1,0,0,NA,NA,NA,NA,"ME0"
"Porites_compressa_HIv1___RNAseq.g20773.t1",1,0,0,NA,NA,NA,NA,"ME1"
"Porites_compressa_HIv1___TS.g30734.t1",1,0,0,NA,NA,NA,NA,"ME10"
"Porites_compressa_HIv1___RNAseq.g22544.t1",0,1,0,NA,NA,NA,NA,"ME0"
"Porites_compressa_HIv1___TS.g26954.t1",0,1,1,NA,NA,NA,NA,"ME0"
"Porites_compressa_HIv1___RNAseq.g22637.t1",1,0,0,NA,NA,NA,NA,"ME0"
"Porites_compressa_HIv1___RNAseq.g22536.t2",3,0,0,NA,NA,NA,NA,"ME0"
"Porites_compressa_HIv1___RNAseq.g22537.t1",1,0,0,NA,NA,NA,NA,"ME1"
"Porites_compressa_HIv1___RNAseq.g22539.t1",0,1,0,5.17017200991922e-09,"Monotonous",1,0.93826898340153,"ME12"
"Porites_compressa_HIv1___RNAseq.g22542.t1",0,1,0,NA,NA,NA,NA,"ME15"
"Porites_compressa_HIv1___RNAseq.g22549.t1",0,1,0,NA,NA,NA,NA,"ME23"
"Porites_compressa_HIv1___RNAseq.g22552.t2",0,1,0,2.37648257399683e-07,"Transient",3,0.640298961335211,"ME3"
"Porites_compressa_HIv1___RNAseq.g22555.t1",1,0,0,0.00594657789424241,"Other",4,0.590815372537382,"ME2"
"Porites_compressa_HIv1___RNAseq.g22573.t1",0,1,0,NA,NA,NA,NA,"ME4"
"Porites_compressa_HIv1___TS.g26933.t1a",1,0,0,NA,NA,NA,NA,"ME0"
"Porites_compressa_HIv1___TS.g26933.t1b",0,1,0,NA,NA,NA,NA,"ME0"
"Porites_compressa_HIv1___RNAseq.g22577.t1a",1,0,0,NA,NA,NA,NA,"ME0"
"Porites_compressa_HIv1___RNAseq.g22577.t1b",0,0,1,NA,NA,NA,NA,"ME9"
"Porites_compressa_HIv1___RNAseq.g22580.t1",1,0,0,NA,NA,NA,NA,"ME8"
"Porites_compressa_HIv1___RNAseq.g22583.t1",0,1,0,NA,NA,NA,NA,"ME1"
"Porites_compressa_HIv1___RNAseq.g22592.t1",1,0,0,NA,NA,NA,NA,"ME8"
"Porites_compressa_HIv1___RNAseq.g22602.t1",0,0,1,1.96831001340595e-06,"Monotonous",2,0.724929876621393,"ME2"
"Porites_compressa_HIv1___RNAseq.g22605.t1",0,0,1,NA,NA,NA,NA,"ME0"
"Porites_compressa_HIv1___RNAseq.g22608.t2b",0,0,1,0.000683197279628029,"Transient",5,0.749282391512123,"ME1"
"Porites_compressa_HIv1___RNAseq.g22619.t1",1,0,1,0.000242821846630098,"Monotonous",5,0.958407948042623,"ME1"
"Porites_compressa_HIv1___RNAseq.g22629.t1",0,0,1,NA,NA,NA,NA,"ME8"
"Porites_compressa_HIv1___RNAseq.g22633.t1a",0,0,1,NA,NA,NA,NA,"ME0"
"Porites_compressa_HIv1___RNAseq.g22641.t1",0,0,1,NA,NA,NA,NA,"ME8"
"Porites_compressa_HIv1___RNAseq.g23113.t1",0,1,0,NA,NA,NA,NA,"ME1"
"Porites_compressa_HIv1___RNAseq.g20780.t1",0,1,1,NA,NA,NA,NA,"ME0"
"Porites_compressa_HIv1___RNAseq.g20782.t1",0,0,1,NA,NA,NA,NA,"ME0"
"Porites_compressa_HIv1___RNAseq.g20912.t1",1,0,0,NA,NA,NA,NA,"ME0"
"Porites_compressa_HIv1___TS.g36713.t1",1,0,0,NA,NA,NA,NA,"ME1"
"Porites_compressa_HIv1___RNAseq.g20907.t1",1,0,0,0.0339599285098757,"Other",NA,NA,"ME1"
"Porites_compressa_HIv1___RNAseq.28330_t",1,0,0,0.00135320889787956,"Other",6,0.760262138375617,"ME1"
"Porites_compressa_HIv1___RNAseq.g20911.t1",1,0,0,0.00167861000608679,"Other",6,0.790338423984141,"ME1"
"Porites_compressa_HIv1___TS.g10776.t1",1,0,1,NA,NA,NA,NA,"ME15"
"Porites_compressa_HIv1___RNAseq.g23042.t1",1,0,0,NA,NA,NA,NA,"ME0"
"Porites_compressa_HIv1___RNAseq.g23075.t1",1,0,0,NA,NA,NA,NA,"ME0"
"Porites_compressa_HIv1___RNAseq.g22936.t1",0,0,2,NA,NA,NA,NA,"ME0"
"Porites_compressa_HIv1___RNAseq.g22946.t1",1,0,0,NA,NA,NA,NA,"ME4"
"Porites_compressa_HIv1___RNAseq.g22948.t1",0,1,0,NA,NA,NA,NA,"ME8"
"Porites_compressa_HIv1___TS.g10742.t1",1,0,0,NA,NA,NA,NA,"ME0"
"Porites_compressa_HIv1___RNAseq.g22956.t1",1,0,0,NA,NA,NA,NA,"ME1"
"Porites_compressa_HIv1___RNAseq.g22961.t1",1,1,0,NA,NA,NA,NA,"ME3"
"Porites_compressa_HIv1___RNAseq.g22963.t1",0,1,0,NA,NA,NA,NA,"ME21"
"Porites_compressa_HIv1___RNAseq.g22965.t1",0,0,1,0.00275691691918345,"Other",2,0.577701153546481,"ME21"
"Porites_compressa_HIv1___RNAseq.g22970.t1",1,1,0,NA,NA,NA,NA,"ME0"
"Porites_compressa_HIv1___RNAseq.g22971.t1",0,1,0,0.0378957759678553,"Other",4,0.598709359595181,"ME0"
"Porites_compressa_HIv1___RNAseq.g22972.t1",1,0,0,NA,NA,NA,NA,"ME1"
"Porites_compressa_HIv1___RNAseq.g22977.t1",0,2,0,NA,NA,NA,NA,"ME2"
"Porites_compressa_HIv1___RNAseq.g22978.t1",1,0,0,NA,NA,NA,NA,"ME0"
"Porites_compressa_HIv1___RNAseq.g22982.t1",0,0,2,NA,NA,NA,NA,"ME1"
"Porites_compressa_HIv1___RNAseq.g22984.t1",0,0,1,NA,NA,NA,NA,"ME10"
"Porites_compressa_HIv1___RNAseq.g23001.t1",0,1,1,1.09273373637061e-05,"Monotonous",2,0.94350624912955,"ME2"
"Porites_compressa_HIv1___RNAseq.g23002.t1b",0,1,0,NA,NA,NA,NA,"ME2"
"Porites_compressa_HIv1___RNAseq.g23003.t1",0,1,0,NA,NA,NA,NA,"ME0"
"Porites_compressa_HIv1___RNAseq.g23004.t1",0,1,1,NA,NA,NA,NA,"ME0"
"Porites_compressa_HIv1___RNAseq.g23005.t1",0,0,1,NA,NA,NA,NA,"ME0"
"Porites_compressa_HIv1___RNAseq.g23008.t1",1,0,0,0.000519169184020316,"Monotonous",NA,NA,"ME0"
"Porites_compressa_HIv1___TS.g10798.t1",1,0,0,NA,NA,NA,NA,"ME1"
"Porites_compressa_HIv1___TS.g10799.t1",0,0,1,0.000166942331467445,"Monotonous",4,0.848078235797558,"ME0"
"Porites_compressa_HIv1___RNAseq.g23014.t1",1,0,0,NA,NA,NA,NA,"ME0"
"Porites_compressa_HIv1___RNAseq.g23015.t1",0,1,0,NA,NA,NA,NA,"ME0"
"Porites_compressa_HIv1___RNAseq.g23016.t1",2,0,0,NA,NA,NA,NA,"ME0"
"Porites_compressa_HIv1___RNAseq.g23020.t1",1,0,0,NA,NA,NA,NA,"ME5"
"Porites_compressa_HIv1___RNAseq.g23034.t1",1,0,0,NA,NA,NA,NA,"ME0"
"Porites_compressa_HIv1___RNAseq.g23040.t1",1,0,0,NA,NA,NA,NA,"ME0"
"Porites_compressa_HIv1___RNAseq.g23041.t1",1,0,0,NA,NA,NA,NA,"ME1"
"Porites_compressa_HIv1___RNAseq.g23045.t1",0,1,0,NA,NA,NA,NA,"ME0"
"Porites_compressa_HIv1___RNAseq.g23046.t1",1,0,0,NA,NA,NA,NA,"ME0"
"Porites_compressa_HIv1___RNAseq.g23052.t1",0,1,0,NA,NA,NA,NA,"ME0"
"Porites_compressa_HIv1___RNAseq.28136_t",0,0,1,NA,NA,NA,NA,"ME0"
"Porites_compressa_HIv1___RNAseq.g23057.t1",2,0,0,NA,NA,NA,NA,"ME0"
"Porites_compressa_HIv1___RNAseq.g23062.t1",1,0,0,NA,NA,NA,NA,"ME10"
"Porites_compressa_HIv1___RNAseq.g23064.t1",0,0,1,NA,NA,NA,NA,"ME0"
"Porites_compressa_HIv1___RNAseq.g23067.t1",0,0,3,NA,NA,NA,NA,"ME1"
"Porites_compressa_HIv1___RNAseq.g23068.t1",1,0,1,NA,NA,NA,NA,"ME5"
"Porites_compressa_HIv1___TS.g10851.t1",1,0,0,NA,NA,NA,NA,"ME8"
"Porites_compressa_HIv1___RNAseq.g23072.t1",0,1,0,NA,NA,NA,NA,"ME1"
"Porites_compressa_HIv1___RNAseq.g23078.t1a",0,1,0,0.0341073436098843,"Other",6,0.53600172450366,"ME1"
"Porites_compressa_HIv1___TS.g10863.t1",0,0,1,NA,NA,NA,NA,"ME9"
"Porites_compressa_HIv1___TS.g10864.t1",0,0,1,NA,NA,NA,NA,"ME0"
"Porites_compressa_HIv1___RNAseq.28171_t",0,1,1,NA,NA,NA,NA,"ME10"
"Porites_compressa_HIv1___RNAseq.g23091.t2",0,1,0,0.00023479201559455,"Other",6,0.618433227007369,"ME1"
"Porites_compressa_HIv1___RNAseq.g23092.t1",1,0,0,0.00099976383732906,"Monotonous",6,0.907029525327667,"ME1"
"Porites_compressa_HIv1___RNAseq.g23094.t1",2,0,0,0.0244159077334651,"Other",5,0.978576414770493,"ME1"
"Porites_compressa_HIv1___RNAseq.g23098.t1",1,0,0,NA,NA,NA,NA,"ME0"
"Porites_compressa_HIv1___TS.g10882.t1",0,0,1,NA,NA,NA,NA,"ME0"
"Porites_compressa_HIv1___TS.g10883.t1",0,2,0,NA,NA,NA,NA,"ME0"
"Porites_compressa_HIv1___RNAseq.g23100.t1",0,1,0,1.18504406779625e-06,"Monotonous",2,0.74041474312155,"ME2"
"Porites_compressa_HIv1___TS.g10887.t1",1,0,1,NA,NA,NA,NA,"ME0"
"Porites_compressa_HIv1___RNAseq.g23105.t1",1,0,0,NA,NA,NA,NA,"ME4"
"Porites_compressa_HIv1___TS.g10889.t1",0,0,1,0.000153820254095769,"Transient",5,0.838437660305577,"ME1"
"Porites_compressa_HIv1___TS.g10891.t1c",0,0,1,NA,NA,NA,NA,"ME4"
"Porites_compressa_HIv1___TS.g10891.t1b",1,0,0,NA,NA,NA,NA,"ME1"
"Porites_compressa_HIv1___TS.g10891.t1a",1,0,0,2.0621900873619e-05,"Transient",5,0.800724792840786,"ME1"
"Porites_compressa_HIv1___RNAseq.g35680.t1",0,1,0,NA,NA,NA,NA,"ME0"
"Porites_compressa_HIv1___RNAseq.g35682.t1",1,0,0,0.00388605234601621,"Transient",5,0.568066733898775,"ME1"
"Porites_compressa_HIv1___RNAseq.g35686.t1",0,0,1,NA,NA,NA,NA,"ME0"
"Porites_compressa_HIv1___RNAseq.g35691.t1",2,1,0,NA,NA,NA,NA,"ME0"
"Porites_compressa_HIv1___RNAseq.g35698.t2",1,0,1,NA,NA,NA,NA,"ME5"
"Porites_compressa_HIv1___RNAseq.g35699.t1",1,0,0,NA,NA,NA,NA,"ME5"
"Porites_compressa_HIv1___TS.g37937.t2b",1,0,0,NA,NA,NA,NA,"ME2"
"Porites_compressa_HIv1___TS.g37937.t2a",1,0,0,NA,NA,NA,NA,"ME0"
"Porites_compressa_HIv1___RNAseq.g35709.t1",1,0,0,NA,NA,NA,NA,"ME0"
"Porites_compressa_HIv1___RNAseq.g35711.t1",1,0,0,NA,NA,NA,NA,"ME3"
"Porites_compressa_HIv1___TS.g37950.t2",0,0,1,NA,NA,NA,NA,"ME6"
"Porites_compressa_HIv1___TS.g36639.t1",1,0,0,NA,NA,NA,NA,"ME0"
"Porites_compressa_HIv1___RNAseq.g20883.t1",1,1,0,NA,NA,NA,NA,"ME9"
"Porites_compressa_HIv1___RNAseq.g20783.t1",2,0,0,NA,NA,NA,NA,"ME1"
"Porites_compressa_HIv1___RNAseq.g20784.t1",2,0,0,NA,NA,NA,NA,"ME2"
"Porites_compressa_HIv1___RNAseq.g20788.t1",1,0,0,NA,NA,NA,NA,"ME2"
"Porites_compressa_HIv1___RNAseq.g20789.t1",0,0,1,NA,NA,NA,NA,"ME0"
"Porites_compressa_HIv1___RNAseq.g20795.t1",0,1,0,NA,NA,NA,NA,"ME0"
"Porites_compressa_HIv1___RNAseq.g20798.t1",1,0,0,0.0195599938473322,"Other",NA,NA,"ME0"
"Porites_compressa_HIv1___RNAseq.g20809.t2",0,1,0,NA,NA,NA,NA,"ME0"
"Porites_compressa_HIv1___RNAseq.g20829.t1",0,1,0,NA,NA,NA,NA,"ME27"
"Porites_compressa_HIv1___RNAseq.g20836.t1",0,1,0,NA,NA,NA,NA,"ME11"
"Porites_compressa_HIv1___TS.g36644.t1",0,1,0,NA,NA,NA,NA,"ME0"
"Porites_compressa_HIv1___RNAseq.g20853.t1",1,1,0,NA,NA,NA,NA,"ME3"
"Porites_compressa_HIv1___RNAseq.g20854.t1",1,0,0,NA,NA,NA,NA,"ME2"
"Porites_compressa_HIv1___RNAseq.g20856.t1",1,0,0,NA,NA,NA,NA,"ME3"
"Porites_compressa_HIv1___TS.g36664.t1",0,1,0,3.1966556836024e-06,"Monotonous",6,0.942800973302949,"ME1"
"Porites_compressa_HIv1___RNAseq.g20871.t1",2,0,0,0.0398297976563637,"Other",5,0.55621388443096,"ME18"
"Porites_compressa_HIv1___RNAseq.g25299.t1b",0,1,0,NA,NA,NA,NA,"ME0"
"Porites_compressa_HIv1___RNAseq.g25302.t1",1,0,0,NA,NA,NA,NA,"ME0"
"Porites_compressa_HIv1___RNAseq.g25326.t1",0,1,0,NA,NA,NA,NA,"ME8"
"Porites_compressa_HIv1___RNAseq.g25331.t1a",1,0,0,0.0224688618828062,"Other",NA,NA,"ME6"
"Porites_compressa_HIv1___RNAseq.g26470.t1",1,0,0,NA,NA,NA,NA,"ME3"
"Porites_compressa_HIv1___RNAseq.g26471.t1",0,1,0,NA,NA,NA,NA,"ME4"
"Porites_compressa_HIv1___RNAseq.g25388.t1",0,1,0,3.83856133852316e-05,"Monotonous",2,0.741050752089516,"ME5"
"Porites_compressa_HIv1___RNAseq.g25390.t1",0,1,0,0.000692021227868313,"Monotonous",2,0.981454440618328,"ME2"
"Porites_compressa_HIv1___RNAseq.g25382.t1",1,0,0,NA,NA,NA,NA,"ME0"
"Porites_compressa_HIv1___RNAseq.g25225.t1",0,1,0,NA,NA,NA,NA,"ME0"
"Porites_compressa_HIv1___RNAseq.g25247.t1",0,0,2,NA,NA,NA,NA,"ME14"
"Porites_compressa_HIv1___TS.g16990.t1",1,0,0,NA,NA,NA,NA,"ME0"
"Porites_compressa_HIv1___RNAseq.g25255.t1",0,1,0,NA,NA,NA,NA,"ME0"
"Porites_compressa_HIv1___TS.g17003.t1c",0,0,1,NA,NA,NA,NA,"ME1"
"Porites_compressa_HIv1___RNAseq.g25275.t1",0,0,1,NA,NA,NA,NA,"ME0"
"Porites_compressa_HIv1___RNAseq.g25226.t1",0,0,1,NA,NA,NA,NA,"ME0"
"Porites_compressa_HIv1___RNAseq.g25241.t1",0,1,0,NA,NA,NA,NA,"ME6"
"Porites_compressa_HIv1___TS.g16987.t1",3,0,0,NA,NA,NA,NA,"ME0"
"Porites_compressa_HIv1___TS.g16999.t1",0,0,1,NA,NA,NA,NA,"ME24"
"Porites_compressa_HIv1___RNAseq.g25273.t1",0,1,0,NA,NA,NA,NA,"ME6"
"Porites_compressa_HIv1___RNAseq.g25274.t1",0,0,1,NA,NA,NA,NA,"ME6"
"Porites_compressa_HIv1___RNAseq.g25290.t1",2,0,0,NA,NA,NA,NA,"ME0"
"Porites_compressa_HIv1___RNAseq.g25294.t1",1,0,0,NA,NA,NA,NA,"ME0"
"Porites_compressa_HIv1___RNAseq.g35729.t3",0,1,0,NA,NA,NA,NA,"ME0"
"Porites_compressa_HIv1___TS.g37979.t1",0,2,0,NA,NA,NA,NA,"ME0"
"Porites_compressa_HIv1___RNAseq.g35825.t1",1,0,0,NA,NA,NA,NA,"ME0"
"Porites_compressa_HIv1___RNAseq.g35826.t1",1,0,0,NA,NA,NA,NA,"ME0"
"Porites_compressa_HIv1___RNAseq.g35835.t1",0,1,0,NA,NA,NA,NA,"ME8"
"Porites_compressa_HIv1___RNAseq.g35727.t1",0,1,0,NA,NA,NA,NA,"ME0"
"Porites_compressa_HIv1___RNAseq.g35733.t1",1,0,0,NA,NA,NA,NA,"ME3"
"Porites_compressa_HIv1___RNAseq.g35735.t1",1,0,0,NA,NA,NA,NA,"ME0"
"Porites_compressa_HIv1___RNAseq.g35738.t1",0,1,0,NA,NA,NA,NA,"ME8"
"Porites_compressa_HIv1___RNAseq.g35739.t1",1,0,0,NA,NA,NA,NA,"ME1"
"Porites_compressa_HIv1___RNAseq.g35740.t1",1,0,0,0.0224925836977448,"Other",NA,NA,"ME0"
"Porites_compressa_HIv1___RNAseq.g35742.t1",3,0,0,NA,NA,NA,NA,"ME5"
"Porites_compressa_HIv1___RNAseq.g35743.t1",1,0,0,0.0191772129284775,"Monotonous",6,0.938165995976878,"ME1"
"Porites_compressa_HIv1___RNAseq.g35764.t1a",2,0,0,0.0446086987510331,"Other",1,0.57961218825998,"ME11"
"Porites_compressa_HIv1___TS.g38003.t1",1,0,0,0.030840263073254,"Transient",5,0.713268261602226,"ME1"
"Porites_compressa_HIv1___RNAseq.g35782.t1a",1,0,0,NA,NA,NA,NA,"ME4"
"Porites_compressa_HIv1___RNAseq.g35783.t1",1,0,0,0.0015783940638944,"Transient",4,0.505963283586658,"ME3"
"Porites_compressa_HIv1___RNAseq.g35784.t1",1,0,0,NA,NA,NA,NA,"ME0"
"Porites_compressa_HIv1___TS.g38020.t1",1,0,0,NA,NA,NA,NA,"ME0"
"Porites_compressa_HIv1___TS.g38023.t1",0,1,0,NA,NA,NA,NA,"ME0"
"Porites_compressa_HIv1___TS.g38024.t1",0,2,0,NA,NA,NA,NA,"ME7"
"Porites_compressa_HIv1___RNAseq.g35799.t1",0,1,0,NA,NA,NA,NA,"ME6"
"Porites_compressa_HIv1___RNAseq.g35802.t1",1,0,0,NA,NA,NA,NA,"ME0"
"Porites_compressa_HIv1___RNAseq.g35804.t1",0,1,0,NA,NA,NA,NA,"ME0"
"Porites_compressa_HIv1___RNAseq.g35807.t1",0,1,1,0.0176675589327061,"Monotonous",2,0.683372493292547,"ME21"
"Porites_compressa_HIv1___RNAseq.g35810.t1",1,0,0,0.000120632747348423,"Transient",4,0.58375045819273,"ME3"
"Porites_compressa_HIv1___RNAseq.g35811.t1",1,0,0,NA,NA,NA,NA,"ME0"
"Porites_compressa_HIv1___TS.g38047.t1",0,1,0,NA,NA,NA,NA,"ME0"
"Porites_compressa_HIv1___RNAseq.g35819.t1",0,1,0,NA,NA,NA,NA,"ME7"
"Porites_compressa_HIv1___RNAseq.g35827.t1",1,0,0,NA,NA,NA,NA,"ME0"
"Porites_compressa_HIv1___RNAseq.g35834.t1",0,1,0,NA,NA,NA,NA,"ME8"
"Porites_compressa_HIv1___RNAseq.g26510.t1",1,0,0,NA,NA,NA,NA,"ME0"
"Porites_compressa_HIv1___RNAseq.g26557.t1",0,1,0,NA,NA,NA,NA,"ME0"
"Porites_compressa_HIv1___TS.g1010.t1",1,1,0,NA,NA,NA,NA,"ME0"
"Porites_compressa_HIv1___RNAseq.g26474.t1",0,1,0,NA,NA,NA,NA,"ME0"
"Porites_compressa_HIv1___TS.g878.t1",0,1,0,NA,NA,NA,NA,"ME0"
"Porites_compressa_HIv1___RNAseq.g26478.t1",1,0,0,NA,NA,NA,NA,"ME0"
"Porites_compressa_HIv1___RNAseq.g26479.t1",0,0,1,0.000530145257719233,"Other",NA,NA,"ME0"
"Porites_compressa_HIv1___RNAseq.g26486.t1a",0,1,0,0.000152669060218538,"Monotonous",2,0.777941858799477,"ME4"
"Porites_compressa_HIv1___TS.g893.t1",1,0,0,NA,NA,NA,NA,"ME0"
"Porites_compressa_HIv1___RNAseq.g26497.t1",0,0,1,NA,NA,NA,NA,"ME0"
"Porites_compressa_HIv1___TS.g909.t1",0,1,0,NA,NA,NA,NA,"ME0"
"Porites_compressa_HIv1___RNAseq.g26511.t1",1,0,0,NA,NA,NA,NA,"ME2"
"Porites_compressa_HIv1___TS.g922.t2",1,0,0,NA,NA,NA,NA,"ME4"
"Porites_compressa_HIv1___RNAseq.g26517.t1",1,0,0,NA,NA,NA,NA,"ME0"
"Porites_compressa_HIv1___TS.g925.t2",2,0,0,0.00302707115674866,"Monotonous",NA,NA,"ME4"
"Porites_compressa_HIv1___RNAseq.g26522.t1",1,0,0,0.0430339818509955,"Other",NA,NA,"ME4"
"Porites_compressa_HIv1___RNAseq.g26523.t1",1,0,0,NA,NA,NA,NA,"ME4"
"Porites_compressa_HIv1___RNAseq.g26528.t1",0,0,1,NA,NA,NA,NA,"ME7"
"Porites_compressa_HIv1___TS.g943.t1",0,0,1,NA,NA,NA,NA,"ME5"
"Porites_compressa_HIv1___RNAseq.g26545.t1",1,0,0,0.0043993434609425,"Monotonous",1,0.638523277789992,"ME0"
"Porites_compressa_HIv1___RNAseq.g26547.t1",0,1,0,NA,NA,NA,NA,"ME0"
"Porites_compressa_HIv1___RNAseq.g26548.t1",0,0,1,NA,NA,NA,NA,"ME2"
"Porites_compressa_HIv1___RNAseq.g26554.t1",1,0,0,NA,NA,NA,NA,"ME1"
"Porites_compressa_HIv1___RNAseq.g26555.t2",0,0,1,NA,NA,NA,NA,"ME6"
"Porites_compressa_HIv1___RNAseq.g26560.t1",0,1,0,NA,NA,NA,NA,"ME4"
"Porites_compressa_HIv1___RNAseq.g26563.t1",0,1,1,NA,NA,NA,NA,"ME1"
"Porites_compressa_HIv1___RNAseq.g26564.t1",0,0,2,NA,NA,NA,NA,"ME0"
"Porites_compressa_HIv1___RNAseq.g26568.t1b",0,0,1,NA,NA,NA,NA,"ME0"
"Porites_compressa_HIv1___RNAseq.g26569.t1",1,0,0,NA,NA,NA,NA,"ME4"
"Porites_compressa_HIv1___RNAseq.g26572.t1",1,0,0,NA,NA,NA,NA,"ME1"
"Porites_compressa_HIv1___RNAseq.g26578.t1",0,0,1,NA,NA,NA,NA,"ME0"
"Porites_compressa_HIv1___RNAseq.g26579.t1",1,0,0,NA,NA,NA,NA,"ME0"
"Porites_compressa_HIv1___RNAseq.g26583.t1",0,0,1,NA,NA,NA,NA,"ME0"
"Porites_compressa_HIv1___RNAseq.g26585.t1",0,0,1,0.00144400949595883,"Other",NA,NA,"ME0"
"Porites_compressa_HIv1___RNAseq.g26592.t1",0,2,0,0.00732708627678627,"Transient",1,0.598195331864981,"ME1"
"Porites_compressa_HIv1___TS.g1001.t1",0,0,1,NA,NA,NA,NA,"ME0"
"Porites_compressa_HIv1___RNAseq.g26602.t1",1,0,0,0.00100929399572636,"Monotonous",2,0.984879342789875,"ME2"
"Porites_compressa_HIv1___RNAseq.g26613.t1",0,0,1,NA,NA,NA,NA,"ME1"
"Porites_compressa_HIv1___RNAseq.g26614.t1",1,0,1,0.0277737719160296,"Other",NA,NA,"ME0"
"Porites_compressa_HIv1___RNAseq.g26624.t1",0,0,1,NA,NA,NA,NA,"ME0"
"Porites_compressa_HIv1___RNAseq.g28593.t1",0,0,1,NA,NA,NA,NA,"ME2"
"Porites_compressa_HIv1___RNAseq.g28592.t1",0,0,1,NA,NA,NA,NA,"ME1"
"Porites_compressa_HIv1___RNAseq.g28600.t1",1,0,0,0.0143849479373287,"Other",3,0.515823325468311,"ME4"
"Porites_compressa_HIv1___RNAseq.g28595.t1",0,1,0,NA,NA,NA,NA,"ME0"
"Porites_compressa_HIv1___RNAseq.g28597.t1",0,0,2,NA,NA,NA,NA,"ME3"
"Porites_compressa_HIv1___RNAseq.28830_t",0,0,1,NA,NA,NA,NA,"ME0"
"Porites_compressa_HIv1___TS.g32032.t1",1,0,0,NA,NA,NA,NA,"ME0"
"Porites_compressa_HIv1___RNAseq.g28510.t1",1,0,0,NA,NA,NA,NA,"ME0"
"Porites_compressa_HIv1___RNAseq.g28543.t1",2,1,0,NA,NA,NA,NA,"ME1"
"Porites_compressa_HIv1___RNAseq.g28552.t1",0,0,1,NA,NA,NA,NA,"ME24"
"Porites_compressa_HIv1___RNAseq.g28558.t1",0,1,0,NA,NA,NA,NA,"ME6"
"Porites_compressa_HIv1___RNAseq.g28578.t1",0,1,1,NA,NA,NA,NA,"ME0"
"Porites_compressa_HIv1___RNAseq.g28438.t1",1,0,0,NA,NA,NA,NA,"ME0"
"Porites_compressa_HIv1___RNAseq.g28444.t1",0,0,1,0.0451686741829299,"Other",NA,NA,"ME0"
"Porites_compressa_HIv1___RNAseq.g28445.t1",0,0,1,3.10128755455989e-05,"Transient",5,0.962477172773342,"ME7"
"Porites_compressa_HIv1___RNAseq.g28447.t1",0,0,2,NA,NA,NA,NA,"ME0"
"Porites_compressa_HIv1___RNAseq.g28449.t1",0,1,0,NA,NA,NA,NA,"ME4"
"Porites_compressa_HIv1___RNAseq.g28468.t1",0,0,1,NA,NA,NA,NA,"ME15"
"Porites_compressa_HIv1___TS.g32012.t1",1,0,0,2.10624431138267e-08,"Transient",3,0.622681414455617,"ME3"
"Porites_compressa_HIv1___RNAseq.g28470.t1",1,0,0,NA,NA,NA,NA,"ME0"
"Porites_compressa_HIv1___RNAseq.g28471.t1",0,0,1,NA,NA,NA,NA,"ME18"
"Porites_compressa_HIv1___RNAseq.g28474.t1",1,1,0,NA,NA,NA,NA,"ME10"
"Porites_compressa_HIv1___RNAseq.g28476.t1",1,0,0,NA,NA,NA,NA,"ME0"
"Porites_compressa_HIv1___RNAseq.g28478.t1",0,0,1,NA,NA,NA,NA,"ME0"
"Porites_compressa_HIv1___RNAseq.g28479.t1",0,0,1,NA,NA,NA,NA,"ME3"
"Porites_compressa_HIv1___RNAseq.g28482.t1",2,0,0,NA,NA,NA,NA,"ME5"
"Porites_compressa_HIv1___RNAseq.g28485.t1",2,0,0,NA,NA,NA,NA,"ME0"
"Porites_compressa_HIv1___RNAseq.g28495.t1",0,0,1,0.0137494753270118,"Other",6,0.791460207340615,"ME1"
"Porites_compressa_HIv1___RNAseq.g28498.t1",1,0,0,0.0114818585664964,"Other",2,0.654172012425486,"ME4"
"Porites_compressa_HIv1___RNAseq.g28500.t1",0,2,0,0.0142837914208113,"Transient",5,0.841124702714227,"ME1"
"Porites_compressa_HIv1___RNAseq.g28503.t1",2,0,0,NA,NA,NA,NA,"ME0"
"Porites_compressa_HIv1___RNAseq.g28504.t1",0,1,0,5.31329930476577e-08,"Monotonous",1,0.910204192334952,"ME2"
"Porites_compressa_HIv1___TS.g32056.t2",1,0,0,0.0369554934281068,"Other",6,0.581433649238726,"ME0"
"Porites_compressa_HIv1___RNAseq.g28511.t1",2,0,0,NA,NA,NA,NA,"ME0"
"Porites_compressa_HIv1___RNAseq.g28512.t1",0,0,1,NA,NA,NA,NA,"ME0"
"Porites_compressa_HIv1___TS.g32062.t1",1,0,0,0.000803568287886641,"Other",6,0.848811838319755,"ME1"
"Porites_compressa_HIv1___RNAseq.g28520.t1",1,0,0,NA,NA,NA,NA,"ME0"
"Porites_compressa_HIv1___TS.g32078.t1a",1,0,0,NA,NA,NA,NA,"ME2"
"Porites_compressa_HIv1___RNAseq.g28548.t1",0,0,1,0.0141818315994742,"Transient",3,0.721882252896147,"ME5"
"Porites_compressa_HIv1___RNAseq.g28550.t1",1,1,0,NA,NA,NA,NA,"ME0"
"Porites_compressa_HIv1___RNAseq.g28559.t1",0,0,1,NA,NA,NA,NA,"ME0"
"Porites_compressa_HIv1___RNAseq.g28563.t1",0,2,0,NA,NA,NA,NA,"ME0"
"Porites_compressa_HIv1___TS.g32125.t1",0,1,0,NA,NA,NA,NA,"ME0"
"Porites_compressa_HIv1___RNAseq.g28588.t1",1,0,0,NA,NA,NA,NA,"ME6"
"Porites_compressa_HIv1___RNAseq.g12173.t1",1,0,0,NA,NA,NA,NA,"ME6"
"Porites_compressa_HIv1___RNAseq.g3733.t1",1,0,0,NA,NA,NA,NA,"ME0"
"Porites_compressa_HIv1___RNAseq.g3734.t1",1,0,0,NA,NA,NA,NA,"ME7"
"Porites_compressa_HIv1___RNAseq.g25871.t1",1,1,0,NA,NA,NA,NA,"ME19"
"Porites_compressa_HIv1___RNAseq.g25879.t1",1,0,0,NA,NA,NA,NA,"ME2"
"Porites_compressa_HIv1___TS.g22233.t1",0,1,2,NA,NA,NA,NA,"ME6"
"Porites_compressa_HIv1___RNAseq.g12065.t1",0,0,1,NA,NA,NA,NA,"ME0"
"Porites_compressa_HIv1___RNAseq.g12120.t1",0,0,1,NA,NA,NA,NA,"ME1"
"Porites_compressa_HIv1___TS.g22334.t1",0,1,1,NA,NA,NA,NA,"ME0"
"Porites_compressa_HIv1___RNAseq.g12139.t1",0,1,0,NA,NA,NA,NA,"ME9"
"Porites_compressa_HIv1___RNAseq.29108_t",0,1,0,NA,NA,NA,NA,"ME0"
"Porites_compressa_HIv1___RNAseq.g12165.t1",0,0,1,NA,NA,NA,NA,"ME13"
"Porites_compressa_HIv1___TS.g22227.t1",0,1,0,NA,NA,NA,NA,"ME6"
"Porites_compressa_HIv1___RNAseq.g12039.t1",0,1,0,NA,NA,NA,NA,"ME0"
"Porites_compressa_HIv1___RNAseq.g12048.t1",1,1,0,NA,NA,NA,NA,"ME15"
"Porites_compressa_HIv1___TS.g22241.t1",0,1,1,NA,NA,NA,NA,"ME24"
"Porites_compressa_HIv1___RNAseq.g12051.t1",0,1,1,NA,NA,NA,NA,"ME15"
"Porites_compressa_HIv1___RNAseq.g12057.t1",0,0,1,NA,NA,NA,NA,"ME2"
"Porites_compressa_HIv1___RNAseq.g12058.t1",1,0,0,NA,NA,NA,NA,"ME0"
"Porites_compressa_HIv1___TS.g22250.t1",0,1,0,NA,NA,NA,NA,"ME0"
"Porites_compressa_HIv1___RNAseq.g12060.t1",1,0,0,NA,NA,NA,NA,"ME0"
"Porites_compressa_HIv1___RNAseq.g12062.t1",0,1,1,NA,NA,NA,NA,"ME0"
"Porites_compressa_HIv1___RNAseq.g12067.t1",1,0,0,NA,NA,NA,NA,"ME0"
"Porites_compressa_HIv1___RNAseq.g12072.t1",1,0,1,NA,NA,NA,NA,"ME1"
"Porites_compressa_HIv1___RNAseq.g12075.t1",0,1,0,NA,NA,NA,NA,"ME1"
"Porites_compressa_HIv1___RNAseq.g12076.t1",1,0,0,NA,NA,NA,NA,"ME0"
"Porites_compressa_HIv1___RNAseq.g12083.t1",0,0,1,NA,NA,NA,NA,"ME16"
"Porites_compressa_HIv1___RNAseq.g12085.t1",0,0,1,NA,NA,NA,NA,"ME17"
"Porites_compressa_HIv1___RNAseq.g12104.t1",0,0,1,0.00750764135137364,"Other",6,0.670803322925882,"ME0"
"Porites_compressa_HIv1___RNAseq.g12105.t1",0,1,0,NA,NA,NA,NA,"ME0"
"Porites_compressa_HIv1___RNAseq.g12113.t1",0,1,0,NA,NA,NA,NA,"ME0"
"Porites_compressa_HIv1___RNAseq.g12114.t2",0,2,0,NA,NA,NA,NA,"ME2"
"Porites_compressa_HIv1___RNAseq.g12115.t1",1,0,0,NA,NA,NA,NA,"ME12"
"Porites_compressa_HIv1___TS.g22313.t1",0,1,0,0.0219732442354224,"Other",5,0.71742110226305,"ME18"
"Porites_compressa_HIv1___RNAseq.g12118.t1",1,0,0,NA,NA,NA,NA,"ME0"
"Porites_compressa_HIv1___RNAseq.g12119.t1",0,3,0,1.03624178856966e-05,"Transient",NA,NA,"ME0"
"Porites_compressa_HIv1___RNAseq.g12123.t1",1,0,0,NA,NA,NA,NA,"ME0"
"Porites_compressa_HIv1___RNAseq.g12130.t1",1,0,0,NA,NA,NA,NA,"ME0"
"Porites_compressa_HIv1___RNAseq.g12133.t1",1,0,0,NA,NA,NA,NA,"ME0"
"Porites_compressa_HIv1___RNAseq.g12135.t1",0,3,0,NA,NA,NA,NA,"ME0"
"Porites_compressa_HIv1___RNAseq.g12145.t1",0,1,0,NA,NA,NA,NA,"ME1"
"Porites_compressa_HIv1___RNAseq.g12148.t1",1,0,0,NA,NA,NA,NA,"ME1"
"Porites_compressa_HIv1___RNAseq.g12149.t1",1,0,0,0.00570831261798193,"Monotonous",2,0.542657570198691,"ME2"
"Porites_compressa_HIv1___RNAseq.g12150.t1",0,1,0,NA,NA,NA,NA,"ME0"
"Porites_compressa_HIv1___RNAseq.g12151.t1",1,0,0,NA,NA,NA,NA,"ME0"
"Porites_compressa_HIv1___RNAseq.g12158.t1",1,0,0,0.000282048641853031,"Monotonous",2,0.526839976649763,"ME10"
"Porites_compressa_HIv1___RNAseq.g12159.t1",0,1,0,NA,NA,NA,NA,"ME0"
"Porites_compressa_HIv1___RNAseq.g12161.t1",0,1,0,0.011832875245082,"Monotonous",6,0.92403202981247,"ME1"
"Porites_compressa_HIv1___RNAseq.g12163.t1",0,1,0,NA,NA,NA,NA,"ME11"
"Porites_compressa_HIv1___RNAseq.g3604.t1b",1,0,0,NA,NA,NA,NA,"ME4"
"Porites_compressa_HIv1___TS.g27411.t1b",0,0,1,NA,NA,NA,NA,"ME0"
"Porites_compressa_HIv1___RNAseq.g3602.t1",1,0,0,NA,NA,NA,NA,"ME11"
"Porites_compressa_HIv1___RNAseq.g3605.t1",0,0,1,0.00053036624986979,"Monotonous",2,0.644917664847067,"ME2"
"Porites_compressa_HIv1___RNAseq.g3608.t1",1,0,0,1.05080026765468e-07,"Transient",1,0.865976456937094,"ME12"
"Porites_compressa_HIv1___RNAseq.g3611.t1",1,0,0,0.0272867380743852,"Other",1,0.816263248136382,"ME12"
"Porites_compressa_HIv1___TS.g27329.t1",0,1,0,NA,NA,NA,NA,"ME12"
"Porites_compressa_HIv1___RNAseq.g3617.t1",0,1,0,0.000231877807903026,"Other",1,0.776347484714447,"ME12"
"Porites_compressa_HIv1___RNAseq.g3618.t1",2,0,0,1.94424085217037e-12,"Monotonous",1,0.931686648699036,"ME12"
"Porites_compressa_HIv1___RNAseq.g3627.t1",1,0,0,1.20582631756022e-11,"Monotonous",1,0.95278867215296,"ME12"
"Porites_compressa_HIv1___RNAseq.g3645.t1",0,0,1,NA,NA,NA,NA,"ME0"
"Porites_compressa_HIv1___RNAseq.g3648.t1",2,0,0,NA,NA,NA,NA,"ME0"
"Porites_compressa_HIv1___RNAseq.g3655.t1",1,0,0,1.35430911951721e-09,"Monotonous",2,0.638284980544918,"ME2"
"Porites_compressa_HIv1___RNAseq.g3657.t1",1,0,0,NA,NA,NA,NA,"ME0"
"Porites_compressa_HIv1___RNAseq.29216_t",1,0,0,NA,NA,NA,NA,"ME5"
"Porites_compressa_HIv1___RNAseq.g3677.t1",1,0,0,NA,NA,NA,NA,"ME1"
"Porites_compressa_HIv1___RNAseq.g3678.t2",1,0,0,NA,NA,NA,NA,"ME26"
"Porites_compressa_HIv1___RNAseq.g3682.t1",0,0,1,0.00711070789835782,"Other",3,0.808526185080815,"ME3"
"Porites_compressa_HIv1___RNAseq.g3683.t1",1,2,0,NA,NA,NA,NA,"ME1"
"Porites_compressa_HIv1___RNAseq.g3685.t1",1,0,1,NA,NA,NA,NA,"ME0"
"Porites_compressa_HIv1___RNAseq.g3686.t1",1,0,0,NA,NA,NA,NA,"ME2"
"Porites_compressa_HIv1___TS.g27418.t1b",0,1,0,NA,NA,NA,NA,"ME0"
"Porites_compressa_HIv1___TS.g27418.t1a",1,0,0,NA,NA,NA,NA,"ME0"
"Porites_compressa_HIv1___RNAseq.g3708.t1",0,1,0,NA,NA,NA,NA,"ME4"
"Porites_compressa_HIv1___RNAseq.g3711.t1",1,0,0,NA,NA,NA,NA,"ME0"
"Porites_compressa_HIv1___RNAseq.g3713.t1",1,0,0,NA,NA,NA,NA,"ME0"
"Porites_compressa_HIv1___RNAseq.g3715.t1",1,0,0,NA,NA,NA,NA,"ME0"
"Porites_compressa_HIv1___RNAseq.g3718.t1",1,0,0,NA,NA,NA,NA,"ME5"
"Porites_compressa_HIv1___RNAseq.g3721.t1",1,0,0,0.000857265079399404,"Monotonous",2,0.719919018329128,"ME2"
"Porites_compressa_HIv1___RNAseq.g3729.t1",0,1,0,NA,NA,NA,NA,"ME0"
"Porites_compressa_HIv1___RNAseq.g3732.t1",1,0,0,NA,NA,NA,NA,"ME3"
"Porites_compressa_HIv1___RNAseq.g25966.t1",1,0,0,NA,NA,NA,NA,"ME1"
"Porites_compressa_HIv1___RNAseq.g25963.t1",0,1,0,NA,NA,NA,NA,"ME0"
"Porites_compressa_HIv1___RNAseq.g15520.t1",1,0,0,NA,NA,NA,NA,"ME0"
"Porites_compressa_HIv1___RNAseq.g15501.t1",0,2,0,NA,NA,NA,NA,"ME0"
"Porites_compressa_HIv1___RNAseq.g15504.t1",1,0,0,NA,NA,NA,NA,"ME0"
"Porites_compressa_HIv1___TS.g38202.t1",0,1,0,NA,NA,NA,NA,"ME0"
"Porites_compressa_HIv1___TS.g38193.t1",2,0,1,NA,NA,NA,NA,"ME8"
"Porites_compressa_HIv1___RNAseq.g15508.t1",0,0,1,NA,NA,NA,NA,"ME2"
"Porites_compressa_HIv1___TS.g38200.t1",1,0,1,9.30148705409095e-10,"Monotonous",2,0.972038809568321,"ME2"
"Porites_compressa_HIv1___RNAseq.g15513.t1",1,0,0,1.17120936230464e-11,"Monotonous",2,0.944041416414839,"ME4"
"Porites_compressa_HIv1___RNAseq.g15547.t1",1,0,0,NA,NA,NA,NA,"ME6"
"Porites_compressa_HIv1___RNAseq.g15549.t1",1,1,0,NA,NA,NA,NA,"ME0"
"Porites_compressa_HIv1___RNAseq.g15524.t1",0,1,0,0.0150047995916769,"Monotonous",6,0.640884748119695,"ME0"
"Porites_compressa_HIv1___RNAseq.g15525.t1",0,1,0,NA,NA,NA,NA,"ME3"
"Porites_compressa_HIv1___RNAseq.g15533.t1",1,0,0,NA,NA,NA,NA,"ME0"
"Porites_compressa_HIv1___RNAseq.g15544.t1",1,1,1,NA,NA,NA,NA,"ME0"
"Porites_compressa_HIv1___RNAseq.g15545.t1",1,0,1,NA,NA,NA,NA,"ME2"
"Porites_compressa_HIv1___RNAseq.g15546.t1",1,0,1,0.0130059955130417,"Transient",4,0.796601498076694,"ME3"
"Porites_compressa_HIv1___RNAseq.g15610.t1",1,0,0,NA,NA,NA,NA,"ME9"
"Porites_compressa_HIv1___RNAseq.g15613.t1",1,0,0,NA,NA,NA,NA,"ME0"
"Porites_compressa_HIv1___RNAseq.g15621.t1",1,0,0,NA,NA,NA,NA,"ME1"
"Porites_compressa_HIv1___TS.g38308.t1",0,1,0,NA,NA,NA,NA,"ME0"
"Porites_compressa_HIv1___RNAseq.29529_t",1,0,0,0.0269944456953651,"Other",2,0.789103656820553,"ME2"
"Porites_compressa_HIv1___TS.g38312.t2",1,0,0,NA,NA,NA,NA,"ME4"
"Porites_compressa_HIv1___RNAseq.g15552.t1",1,0,0,NA,NA,NA,NA,"ME1"
"Porites_compressa_HIv1___RNAseq.g15555.t1",0,0,1,NA,NA,NA,NA,"ME8"
"Porites_compressa_HIv1___RNAseq.g15556.t1",0,0,1,NA,NA,NA,NA,"ME8"
"Porites_compressa_HIv1___RNAseq.g15557.t1",0,1,0,NA,NA,NA,NA,"ME22"
"Porites_compressa_HIv1___RNAseq.g15562.t1",0,0,1,NA,NA,NA,NA,"ME8"
"Porites_compressa_HIv1___RNAseq.g15563.t1",0,0,1,NA,NA,NA,NA,"ME8"
"Porites_compressa_HIv1___RNAseq.g15564.t1",0,0,1,NA,NA,NA,NA,"ME8"
"Porites_compressa_HIv1___RNAseq.g15565.t1",0,0,1,NA,NA,NA,NA,"ME8"
"Porites_compressa_HIv1___RNAseq.g15566.t1",0,0,1,NA,NA,NA,NA,"ME8"
"Porites_compressa_HIv1___RNAseq.g15588.t1",0,1,1,NA,NA,NA,NA,"ME0"
"Porites_compressa_HIv1___RNAseq.g15597.t1",0,2,1,NA,NA,NA,NA,"ME0"
"Porites_compressa_HIv1___TS.g38263.t1",0,0,1,1.92553357229774e-09,"Monotonous",2,0.795231502072444,"ME2"
"Porites_compressa_HIv1___TS.g38268.t1",0,0,1,NA,NA,NA,NA,"ME3"
"Porites_compressa_HIv1___RNAseq.g15579.t1",1,0,0,NA,NA,NA,NA,"ME1"
"Porites_compressa_HIv1___RNAseq.29492_t",1,0,0,2.44664618617577e-05,"Monotonous",2,0.727479082295568,"ME2"
"Porites_compressa_HIv1___RNAseq.g15594.t1",0,1,1,NA,NA,NA,NA,"ME6"
"Porites_compressa_HIv1___RNAseq.g15598.t1",1,0,0,0.0164219026698603,"Other",4,0.846893328322948,"ME3"
"Porites_compressa_HIv1___TS.g38293.t1",1,0,0,0.00154538978170427,"Monotonous",5,0.776416304023677,"ME1"
"Porites_compressa_HIv1___RNAseq.g15604.t1",1,0,0,NA,NA,NA,NA,"ME0"
"Porites_compressa_HIv1___RNAseq.g15605.t1",1,0,0,0.0216034322849317,"Transient",5,0.898890413946472,"ME1"
"Porites_compressa_HIv1___RNAseq.g15630.t1",0,1,0,NA,NA,NA,NA,"ME7"
"Porites_compressa_HIv1___RNAseq.g30670.t1",1,0,0,NA,NA,NA,NA,"ME2"
"Porites_compressa_HIv1___TS.g13837.t1",1,0,1,NA,NA,NA,NA,"ME0"
"Porites_compressa_HIv1___RNAseq.g25881.t1",1,1,0,2.75782116175753e-08,"Monotonous",5,0.765180336432183,"ME1"
"Porites_compressa_HIv1___RNAseq.g25882.t1",0,0,1,0.000469665583490551,"Transient",6,0.687834972922581,"ME1"
"Porites_compressa_HIv1___RNAseq.g25884.t1",2,0,0,NA,NA,NA,NA,"ME0"
"Porites_compressa_HIv1___RNAseq.g25886.t1",0,1,0,8.83557073812402e-06,"Monotonous",6,0.931674706882838,"ME1"
"Porites_compressa_HIv1___TS.g26794.t1",0,0,1,NA,NA,NA,NA,"ME0"
"Porites_compressa_HIv1___RNAseq.g25888.t1",2,0,0,NA,NA,NA,NA,"ME0"
"Porites_compressa_HIv1___RNAseq.g25889.t1",0,0,1,NA,NA,NA,NA,"ME8"
"Porites_compressa_HIv1___RNAseq.g25893.t1",1,0,0,0.000105846760141099,"Monotonous",6,0.95693465953252,"ME1"
"Porites_compressa_HIv1___RNAseq.g25896.t1",0,2,0,0.0182613164723142,"Other",6,0.816336962298605,"ME1"
"Porites_compressa_HIv1___RNAseq.g25898.t1",1,0,0,0.000705969560195668,"Other",6,0.904844003161097,"ME2"
"Porites_compressa_HIv1___RNAseq.g25899.t1",1,0,0,0.000116190216464952,"Other",6,0.890190216690929,"ME1"
"Porites_compressa_HIv1___TS.g26814.t1",1,0,0,NA,NA,NA,NA,"ME1"
"Porites_compressa_HIv1___RNAseq.g25911.t1",0,0,1,0.0394681116382123,"Other",6,0.744445281757984,"ME2"
"Porites_compressa_HIv1___RNAseq.g25915.t1",0,0,1,NA,NA,NA,NA,"ME0"
"Porites_compressa_HIv1___RNAseq.g25921.t1",0,0,1,2.38930298638736e-06,"Monotonous",2,0.980922272021381,"ME2"
"Porites_compressa_HIv1___RNAseq.g25923.t1",1,0,0,NA,NA,NA,NA,"ME0"
"Porites_compressa_HIv1___TS.g26835.t1",1,0,0,NA,NA,NA,NA,"ME0"
"Porites_compressa_HIv1___RNAseq.g25927.t1",0,1,1,NA,NA,NA,NA,"ME2"
"Porites_compressa_HIv1___TS.g26843.t1",1,0,0,NA,NA,NA,NA,"ME11"
"Porites_compressa_HIv1___RNAseq.29365_t",0,1,0,0.000325565996012152,"Other",2,0.51366964739739,"ME0"
"Porites_compressa_HIv1___RNAseq.g25937.t1",0,1,1,0.000231159058459354,"Monotonous",6,0.883099336954183,"ME1"
"Porites_compressa_HIv1___RNAseq.g25941.t1",0,0,1,NA,NA,NA,NA,"ME1"
"Porites_compressa_HIv1___RNAseq.g25944.t1",1,0,0,0.000229456816761946,"Transient",3,0.777002848594915,"ME3"
"Porites_compressa_HIv1___RNAseq.g25949.t1",1,0,0,NA,NA,NA,NA,"ME3"
"Porites_compressa_HIv1___RNAseq.g25950.t1",0,1,0,0.0355152226257353,"Transient",NA,NA,"ME0"
"Porites_compressa_HIv1___RNAseq.g25953.t1",1,0,0,NA,NA,NA,NA,"ME1"
"Porites_compressa_HIv1___RNAseq.g30674.t1",1,0,0,NA,NA,NA,NA,"ME0"
"Porites_compressa_HIv1___RNAseq.g30677.t1",1,0,0,NA,NA,NA,NA,"ME0"
"Porites_compressa_HIv1___TS.g13867.t1",1,1,1,NA,NA,NA,NA,"ME0"
"Porites_compressa_HIv1___RNAseq.g30712.t1",1,0,0,NA,NA,NA,NA,"ME0"
"Porites_compressa_HIv1___RNAseq.g30745.t1",1,0,0,NA,NA,NA,NA,"ME7"
"Porites_compressa_HIv1___RNAseq.g30747.t1",0,1,0,NA,NA,NA,NA,"ME0"
"Porites_compressa_HIv1___TS.g13852.t1",1,0,0,0.0069955372327149,"Other",1,0.840961058454177,"ME12"
"Porites_compressa_HIv1___RNAseq.g30687.t1",1,0,0,1.68615550667255e-05,"Transient",1,0.742705554193538,"ME12"
"Porites_compressa_HIv1___RNAseq.g30692.t1",1,0,0,NA,NA,NA,NA,"ME0"
"Porites_compressa_HIv1___RNAseq.g30695.t1",0,0,1,NA,NA,NA,NA,"ME10"
"Porites_compressa_HIv1___RNAseq.g30696.t1",1,0,0,NA,NA,NA,NA,"ME0"
"Porites_compressa_HIv1___RNAseq.g30697.t1",1,0,1,NA,NA,NA,NA,"ME10"
"Porites_compressa_HIv1___RNAseq.g30698.t1",1,0,1,0.0134861150757807,"Other",2,0.723973660478119,"ME5"
"Porites_compressa_HIv1___RNAseq.g30700.t1",1,0,0,NA,NA,NA,NA,"ME0"
"Porites_compressa_HIv1___RNAseq.g30702.t1",1,0,0,NA,NA,NA,NA,"ME10"
"Porites_compressa_HIv1___RNAseq.g30703.t1",0,0,1,NA,NA,NA,NA,"ME0"
"Porites_compressa_HIv1___RNAseq.g30707.t1",0,0,1,NA,NA,NA,NA,"ME1"
"Porites_compressa_HIv1___RNAseq.g30708.t1",0,0,1,NA,NA,NA,NA,"ME3"
"Porites_compressa_HIv1___RNAseq.g30714.t1",1,1,0,NA,NA,NA,NA,"ME0"
"Porites_compressa_HIv1___RNAseq.g30718.t2",1,0,0,NA,NA,NA,NA,"ME6"
"Porites_compressa_HIv1___RNAseq.g30739.t1",1,0,0,0.00210646218586494,"Other",6,0.974271577270802,"ME1"
"Porites_compressa_HIv1___RNAseq.g30753.t1",0,0,1,NA,NA,NA,NA,"ME8"
"Porites_compressa_HIv1___RNAseq.g30761.t1",1,0,0,0.0010067469054238,"Other",3,0.734692814234868,"ME4"
"Porites_compressa_HIv1___RNAseq.g30762.t2",1,0,0,NA,NA,NA,NA,"ME6"
"Porites_compressa_HIv1___RNAseq.g12228.t1",1,0,0,NA,NA,NA,NA,"ME0"
"Porites_compressa_HIv1___RNAseq.g17358.t1",0,1,0,NA,NA,NA,NA,"ME0"
"Porites_compressa_HIv1___TS.g5746.t1",0,1,0,NA,NA,NA,NA,"ME0"
"Porites_compressa_HIv1___RNAseq.g17402.t1",0,1,0,NA,NA,NA,NA,"ME1"
"Porites_compressa_HIv1___RNAseq.g17351.t1",0,0,1,0.00741074260122732,"Transient",NA,NA,"ME0"
"Porites_compressa_HIv1___RNAseq.g17378.t1",1,0,0,NA,NA,NA,NA,"ME0"
"Porites_compressa_HIv1___RNAseq.g17398.t1",1,0,0,NA,NA,NA,NA,"ME0"
"Porites_compressa_HIv1___TS.g5751.t1",1,0,1,NA,NA,NA,NA,"ME0"
"Porites_compressa_HIv1___TS.g5757.t1",0,1,0,NA,NA,NA,NA,"ME0"
"Porites_compressa_HIv1___RNAseq.29918_t",0,2,0,NA,NA,NA,NA,"ME0"
"Porites_compressa_HIv1___TS.g5765.t1",1,0,0,4.66600909935949e-05,"Monotonous",6,0.958434363360051,"ME1"
"Porites_compressa_HIv1___TS.g5767.t1",0,0,1,NA,NA,NA,NA,"ME1"
"Porites_compressa_HIv1___TS.g5769.t1",0,1,2,NA,NA,NA,NA,"ME1"
"Porites_compressa_HIv1___RNAseq.g17423.t1",1,0,1,0.0231945507668433,"Transient",5,0.943028842394899,"ME1"
"Porites_compressa_HIv1___RNAseq.g17424.t1",0,0,1,NA,NA,NA,NA,"ME0"
"Porites_compressa_HIv1___RNAseq.g17431.t2",1,0,0,NA,NA,NA,NA,"ME0"
"Porites_compressa_HIv1___RNAseq.g17437.t1",1,0,0,NA,NA,NA,NA,"ME0"
"Porites_compressa_HIv1___RNAseq.g17473.t1",1,0,0,NA,NA,NA,NA,"ME0"
"Porites_compressa_HIv1___RNAseq.g11284.t1",0,0,1,NA,NA,NA,NA,"ME0"
"Porites_compressa_HIv1___RNAseq.g11323.t1",0,1,0,NA,NA,NA,NA,"ME0"
"Porites_compressa_HIv1___TS.g35746.t1",2,0,0,NA,NA,NA,NA,"ME9"
"Porites_compressa_HIv1___RNAseq.g11394.t1",1,0,0,0.00014738541622416,"Other",1,0.551863009964633,"ME14"
"Porites_compressa_HIv1___TS.g35777.t1",0,1,1,NA,NA,NA,NA,"ME0"
"Porites_compressa_HIv1___RNAseq.g11402.t1",0,1,1,NA,NA,NA,NA,"ME4"
"Porites_compressa_HIv1___RNAseq.g11261.t1",0,1,0,0.0461039976659148,"Other",5,0.694214647285033,"ME1"
"Porites_compressa_HIv1___RNAseq.g11262.t1",0,2,0,NA,NA,NA,NA,"ME1"
"Porites_compressa_HIv1___RNAseq.g11264.t1",1,1,0,NA,NA,NA,NA,"ME1"
"Porites_compressa_HIv1___RNAseq.g11266.t1",0,0,1,NA,NA,NA,NA,"ME1"
"Porites_compressa_HIv1___RNAseq.g11270.t1",0,1,0,NA,NA,NA,NA,"ME6"
"Porites_compressa_HIv1___RNAseq.g11271.t1",2,0,0,NA,NA,NA,NA,"ME0"
"Porites_compressa_HIv1___TS.g35647.t1b",2,0,0,NA,NA,NA,NA,"ME1"
"Porites_compressa_HIv1___TS.g35647.t1a",0,0,1,NA,NA,NA,NA,"ME0"
"Porites_compressa_HIv1___RNAseq.g11277.t1",0,0,1,0.0313337689496649,"Monotonous",6,0.659651758177501,"ME1"
"Porites_compressa_HIv1___RNAseq.g11282.t1",1,0,0,0.000148803828489759,"Monotonous",NA,NA,"ME0"
"Porites_compressa_HIv1___RNAseq.g11296.t1",1,0,0,0.00291310641688772,"Other",4,0.679933239938496,"ME3"
"Porites_compressa_HIv1___RNAseq.g11297.t1",1,0,0,NA,NA,NA,NA,"ME0"
"Porites_compressa_HIv1___RNAseq.g11298.t1",1,2,1,0.00212586552550385,"Transient",5,0.769476278177315,"ME1"
"Porites_compressa_HIv1___RNAseq.g11300.t1",0,1,0,NA,NA,NA,NA,"ME1"
"Porites_compressa_HIv1___RNAseq.g11309.t1",1,0,0,NA,NA,NA,NA,"ME2"
"Porites_compressa_HIv1___TS.g35681.t1",0,1,1,NA,NA,NA,NA,"ME0"
"Porites_compressa_HIv1___RNAseq.g11315.t1",0,0,1,0.0293189790726802,"Other",2,0.677927706692261,"ME2"
"Porites_compressa_HIv1___TS.g35689.t1",0,1,0,NA,NA,NA,NA,"ME6"
"Porites_compressa_HIv1___TS.g35690.t1",0,1,0,NA,NA,NA,NA,"ME0"
"Porites_compressa_HIv1___RNAseq.g11325.t1",0,1,0,NA,NA,NA,NA,"ME0"
"Porites_compressa_HIv1___RNAseq.g11332.t1",1,1,0,0.0102906826004282,"Other",NA,NA,"ME10"
"Porites_compressa_HIv1___TS.g35709.t1",0,2,0,NA,NA,NA,NA,"ME14"
"Porites_compressa_HIv1___RNAseq.g11343.t1",1,0,0,NA,NA,NA,NA,"ME10"
"Porites_compressa_HIv1___RNAseq.g11344.t1",2,0,0,NA,NA,NA,NA,"ME10"
"Porites_compressa_HIv1___RNAseq.g11364.t1",1,0,0,NA,NA,NA,NA,"ME0"
"Porites_compressa_HIv1___TS.g35740.t1",0,2,0,0.00659256742034863,"Transient",5,0.595146978654498,"ME14"
"Porites_compressa_HIv1___RNAseq.g11371.t1",0,1,0,NA,NA,NA,NA,"ME1"
"Porites_compressa_HIv1___RNAseq.g11379.t1",0,1,0,0.0188636526098781,"Other",6,0.972474220435978,"ME1"
"Porites_compressa_HIv1___TS.g35758.t1",0,1,0,NA,NA,NA,NA,"ME4"
"Porites_compressa_HIv1___RNAseq.g11384.t1",0,1,0,NA,NA,NA,NA,"ME0"
"Porites_compressa_HIv1___RNAseq.g11387.t1",1,0,0,NA,NA,NA,NA,"ME5"
"Porites_compressa_HIv1___RNAseq.g11389.t1",1,0,0,NA,NA,NA,NA,"ME19"
"Porites_compressa_HIv1___RNAseq.g11391.t1",0,1,0,NA,NA,NA,NA,"ME19"
"Porites_compressa_HIv1___RNAseq.g11392.t1",1,0,0,NA,NA,NA,NA,"ME3"
"Porites_compressa_HIv1___TS.g35770.t1",1,0,0,NA,NA,NA,NA,"ME6"
"Porites_compressa_HIv1___RNAseq.g11396.t1",1,0,0,NA,NA,NA,NA,"ME1"
"Porites_compressa_HIv1___RNAseq.g11399.t1",0,1,1,NA,NA,NA,NA,"ME0"
"Porites_compressa_HIv1___RNAseq.g11403.t1",0,1,0,NA,NA,NA,NA,"ME4"
"Porites_compressa_HIv1___RNAseq.g11404.t1",0,1,1,0.0486694665823477,"Other",2,0.789174947664884,"ME2"
"Porites_compressa_HIv1___RNAseq.g11405.t1",2,0,0,NA,NA,NA,NA,"ME3"
"Porites_compressa_HIv1___RNAseq.g11407.t1",0,0,1,NA,NA,NA,NA,"ME0"
"Porites_compressa_HIv1___RNAseq.g11410.t1",0,1,0,0.000366987562006766,"Transient",5,0.627191172100833,"ME1"
"Porites_compressa_HIv1___RNAseq.g11412.t1",1,0,0,0.0406058114272836,"Other",6,0.68844146124087,"ME1"
"Porites_compressa_HIv1___RNAseq.g11413.t2c",0,1,0,NA,NA,NA,NA,"ME0"
"Porites_compressa_HIv1___TS.g5843.t1",2,0,0,NA,NA,NA,NA,"ME0"
"Porites_compressa_HIv1___TS.g5846.t1",0,0,1,NA,NA,NA,NA,"ME0"
"Porites_compressa_HIv1___RNAseq.g17503.t1b",1,0,0,NA,NA,NA,NA,"ME0"
"Porites_compressa_HIv1___RNAseq.g17507.t1",1,0,0,4.24134801465317e-05,"Other",1,0.538112902463457,"ME0"
"Porites_compressa_HIv1___RNAseq.g17509.t1",1,0,0,5.06223508930383e-05,"Monotonous",3,0.856594127311087,"ME3"
"Porites_compressa_HIv1___RNAseq.g17510.t1",1,0,0,0.0443328024665449,"Other",2,0.889592267868255,"ME4"
"Porites_compressa_HIv1___TS.g5872.t1",0,1,0,NA,NA,NA,NA,"ME10"
"Porites_compressa_HIv1___RNAseq.g17522.t1",1,0,0,NA,NA,NA,NA,"ME1"
"Porites_compressa_HIv1___RNAseq.g17523.t1",1,0,0,0.000737471775841205,"Transient",1,0.837463482122528,"ME1"
"Porites_compressa_HIv1___RNAseq.g17525.t1",0,1,0,NA,NA,NA,NA,"ME0"
"Porites_compressa_HIv1___RNAseq.g17526.t1",2,0,0,NA,NA,NA,NA,"ME0"
"Porites_compressa_HIv1___RNAseq.g17534.t1",1,0,0,NA,NA,NA,NA,"ME9"
"Porites_compressa_HIv1___RNAseq.g12302.t1",1,0,0,NA,NA,NA,NA,"ME0"
"Porites_compressa_HIv1___RNAseq.g12276.t1",0,0,2,NA,NA,NA,NA,"ME0"
"Porites_compressa_HIv1___RNAseq.g12286.t1",0,0,1,NA,NA,NA,NA,"ME1"
"Porites_compressa_HIv1___RNAseq.g12294.t1",1,0,0,4.73253159376573e-09,"Monotonous",1,0.973929906065176,"ME12"
"Porites_compressa_HIv1___RNAseq.g12295.t1",1,0,1,NA,NA,NA,NA,"ME0"
"Porites_compressa_HIv1___TS.g22924.t1",2,0,0,NA,NA,NA,NA,"ME12"
"Porites_compressa_HIv1___RNAseq.g12299.t1",0,1,0,NA,NA,NA,NA,"ME0"
"Porites_compressa_HIv1___RNAseq.g12300.t1",1,0,0,NA,NA,NA,NA,"ME4"
"Porites_compressa_HIv1___RNAseq.g12305.t1",0,1,0,NA,NA,NA,NA,"ME5"
"Porites_compressa_HIv1___TS.g22938.t1",0,2,2,NA,NA,NA,NA,"ME5"
"Porites_compressa_HIv1___RNAseq.g12308.t1",0,1,0,NA,NA,NA,NA,"ME0"
"Porites_compressa_HIv1___RNAseq.g24404.t1",1,1,0,NA,NA,NA,NA,"ME0"
"Porites_compressa_HIv1___TS.g36930.t1",1,0,0,0.00939889642931526,"Monotonous",2,0.619356229386626,"ME2"
"Porites_compressa_HIv1___RNAseq.g36842.t1",0,3,0,NA,NA,NA,NA,"ME0"
"Porites_compressa_HIv1___RNAseq.g36838.t1",1,0,0,NA,NA,NA,NA,"ME0"
"Porites_compressa_HIv1___RNAseq.g36839.t1",0,0,1,NA,NA,NA,NA,"ME0"
"Porites_compressa_HIv1___RNAseq.g36826.t1",0,1,0,NA,NA,NA,NA,"ME0"
"Porites_compressa_HIv1___RNAseq.g36830.t1",1,0,0,NA,NA,NA,NA,"ME0"
"Porites_compressa_HIv1___RNAseq.g36821.t1",1,0,0,0.00219071996856283,"Transient",6,0.543785527756209,"ME1"
"Porites_compressa_HIv1___TS.g36924.t1",0,1,1,NA,NA,NA,NA,"ME0"
"Porites_compressa_HIv1___TS.g16026.t1",0,0,1,NA,NA,NA,NA,"ME0"
"Porites_compressa_HIv1___RNAseq.g11973.t1",0,1,0,NA,NA,NA,NA,"ME0"
"Porites_compressa_HIv1___RNAseq.g12024.t1",2,0,0,NA,NA,NA,NA,"ME8"
"Porites_compressa_HIv1___RNAseq.30380_t",0,1,0,NA,NA,NA,NA,"ME7"
"Porites_compressa_HIv1___RNAseq.g11941.t1",0,1,1,NA,NA,NA,NA,"ME4"
"Porites_compressa_HIv1___RNAseq.g11942.t1",0,1,1,0.00712623646042907,"Transient",5,0.692741867723804,"ME1"
"Porites_compressa_HIv1___RNAseq.g11944.t1",2,0,0,NA,NA,NA,NA,"ME0"
"Porites_compressa_HIv1___RNAseq.g11945.t1",1,0,0,NA,NA,NA,NA,"ME0"
"Porites_compressa_HIv1___RNAseq.g11947.t1",0,2,0,NA,NA,NA,NA,"ME1"
"Porites_compressa_HIv1___RNAseq.g11949.t1",1,0,0,NA,NA,NA,NA,"ME0"
"Porites_compressa_HIv1___RNAseq.g11950.t1",1,0,0,NA,NA,NA,NA,"ME3"
"Porites_compressa_HIv1___RNAseq.g11952.t1a",1,0,0,NA,NA,NA,NA,"ME13"
"Porites_compressa_HIv1___TS.g16009.t1",1,0,0,NA,NA,NA,NA,"ME2"
"Porites_compressa_HIv1___RNAseq.g11975.t1",0,1,0,NA,NA,NA,NA,"ME3"
"Porites_compressa_HIv1___RNAseq.g11976.t1",0,1,0,NA,NA,NA,NA,"ME0"
"Porites_compressa_HIv1___TS.g16030.t1",0,0,1,NA,NA,NA,NA,"ME5"
"Porites_compressa_HIv1___RNAseq.g11981.t1",1,0,1,NA,NA,NA,NA,"ME0"
"Porites_compressa_HIv1___RNAseq.g11982.t1",1,0,0,0.0145174333529096,"Transient",NA,NA,"ME0"
"Porites_compressa_HIv1___RNAseq.g11984.t1",1,0,0,0.0317666711644949,"Transient",NA,NA,"ME0"
"Porites_compressa_HIv1___RNAseq.g11990.t1",0,0,1,7.65041385799396e-08,"Transient",5,0.905373964034836,"ME1"
"Porites_compressa_HIv1___TS.g16046.t1",0,1,0,NA,NA,NA,NA,"ME0"
"Porites_compressa_HIv1___RNAseq.g12005.t1b",1,0,0,NA,NA,NA,NA,"ME10"
"Porites_compressa_HIv1___RNAseq.g12006.t1",0,1,0,0.0404343430400281,"Other",3,0.518083887705319,"ME4"
"Porites_compressa_HIv1___TS.g16061.t2a",1,0,0,0.0344393283721385,"Other",2,0.703108369666973,"ME4"
"Porites_compressa_HIv1___TS.g16062.t1",0,1,0,0.0148294067221799,"Other",6,0.968126591519694,"ME1"
"Porites_compressa_HIv1___RNAseq.g12009.t2",0,1,0,0.0183706744403113,"Transient",NA,NA,"ME0"
"Porites_compressa_HIv1___RNAseq.g12011.t1",1,0,0,NA,NA,NA,NA,"ME0"
"Porites_compressa_HIv1___RNAseq.g12012.t1",1,0,1,NA,NA,NA,NA,"ME0"
"Porites_compressa_HIv1___TS.g16068.t1",0,1,0,2.10012079814325e-05,"Monotonous",2,0.979921246003042,"ME2"
"Porites_compressa_HIv1___RNAseq.g12017.t1",1,0,0,NA,NA,NA,NA,"ME0"
"Porites_compressa_HIv1___RNAseq.g24321.t1",0,0,1,NA,NA,NA,NA,"ME0"
"Porites_compressa_HIv1___RNAseq.g24335.t1",0,1,1,NA,NA,NA,NA,"ME3"
"Porites_compressa_HIv1___RNAseq.g24393.t1a",0,0,1,NA,NA,NA,NA,"ME0"
"Porites_compressa_HIv1___RNAseq.g24288.t1",1,1,0,NA,NA,NA,NA,"ME0"
"Porites_compressa_HIv1___RNAseq.g24290.t1",2,0,1,NA,NA,NA,NA,"ME0"
"Porites_compressa_HIv1___RNAseq.g24292.t1b",1,0,0,NA,NA,NA,NA,"ME0"
"Porites_compressa_HIv1___RNAseq.g24292.t1a",1,0,0,NA,NA,NA,NA,"ME0"
"Porites_compressa_HIv1___RNAseq.g24293.t1",0,0,1,0.00191320035323674,"Other",6,0.754964848028346,"ME1"
"Porites_compressa_HIv1___RNAseq.g24294.t1",0,0,1,NA,NA,NA,NA,"ME0"
"Porites_compressa_HIv1___RNAseq.g24297.t1",0,0,1,NA,NA,NA,NA,"ME1"
"Porites_compressa_HIv1___RNAseq.g24301.t1",0,1,0,NA,NA,NA,NA,"ME1"
"Porites_compressa_HIv1___RNAseq.g24312.t1",1,0,0,NA,NA,NA,NA,"ME0"
"Porites_compressa_HIv1___RNAseq.g24313.t1",1,0,1,NA,NA,NA,NA,"ME0"
"Porites_compressa_HIv1___RNAseq.g24317.t1",2,0,0,0.0339599285098757,"Monotonous",3,0.521498326802562,"ME4"
"Porites_compressa_HIv1___RNAseq.g24320.t1",0,0,1,NA,NA,NA,NA,"ME0"
"Porites_compressa_HIv1___RNAseq.g24323.t1",1,0,0,NA,NA,NA,NA,"ME2"
"Porites_compressa_HIv1___TS.g14041.t1",1,0,2,0.00894637699284853,"Other",6,0.896728036458291,"ME1"
"Porites_compressa_HIv1___RNAseq.g24336.t1",0,1,0,NA,NA,NA,NA,"ME5"
"Porites_compressa_HIv1___RNAseq.g24337.t1",2,0,0,NA,NA,NA,NA,"ME0"
"Porites_compressa_HIv1___RNAseq.g24338.t1",1,0,0,NA,NA,NA,NA,"ME1"
"Porites_compressa_HIv1___RNAseq.g24339.t1",1,0,0,NA,NA,NA,NA,"ME0"
"Porites_compressa_HIv1___RNAseq.g24340.t1",1,1,0,0.00258961941316775,"Transient",NA,NA,"ME0"
"Porites_compressa_HIv1___RNAseq.g24345.t1",1,0,1,NA,NA,NA,NA,"ME10"
"Porites_compressa_HIv1___RNAseq.g24347.t1",1,0,0,NA,NA,NA,NA,"ME1"
"Porites_compressa_HIv1___RNAseq.g24353.t1",1,0,0,NA,NA,NA,NA,"ME0"
"Porites_compressa_HIv1___RNAseq.g24356.t1",1,0,0,NA,NA,NA,NA,"ME1"
"Porites_compressa_HIv1___RNAseq.g24362.t1",0,0,1,0.0080385630259296,"Other",NA,NA,"ME0"
"Porites_compressa_HIv1___RNAseq.g24364.t1",1,0,0,NA,NA,NA,NA,"ME0"
"Porites_compressa_HIv1___TS.g14078.t1",2,2,0,0.000275250651562017,"Monotonous",2,0.912245020656239,"ME2"
"Porites_compressa_HIv1___RNAseq.g24373.t1",1,0,0,NA,NA,NA,NA,"ME1"
"Porites_compressa_HIv1___TS.g14087.t1",1,0,0,NA,NA,NA,NA,"ME0"
"Porites_compressa_HIv1___RNAseq.g24376.t1",0,0,1,NA,NA,NA,NA,"ME0"
"Porites_compressa_HIv1___RNAseq.g24380.t1",1,0,0,0.0149539963615623,"Monotonous",2,0.879392541985779,"ME4"
"Porites_compressa_HIv1___RNAseq.g24381.t1",1,0,0,0.0284070883898905,"Other",6,0.584225203393673,"ME1"
"Porites_compressa_HIv1___RNAseq.g24382.t1",1,0,0,NA,NA,NA,NA,"ME0"
"Porites_compressa_HIv1___RNAseq.g24388.t1",1,0,0,NA,NA,NA,NA,"ME0"
"Porites_compressa_HIv1___RNAseq.g24401.t1",0,1,0,NA,NA,NA,NA,"ME8"
"Porites_compressa_HIv1___RNAseq.g24403.t1",0,1,0,NA,NA,NA,NA,"ME1"
"Porites_compressa_HIv1___TS.g36934.t1",1,0,0,NA,NA,NA,NA,"ME0"
"Porites_compressa_HIv1___RNAseq.g36915.t1",0,1,0,NA,NA,NA,NA,"ME0"
"Porites_compressa_HIv1___RNAseq.g36847.t1",0,0,1,NA,NA,NA,NA,"ME0"
"Porites_compressa_HIv1___RNAseq.g36848.t1",2,0,0,NA,NA,NA,NA,"ME4"
"Porites_compressa_HIv1___RNAseq.g36849.t1",0,2,0,NA,NA,NA,NA,"ME2"
"Porites_compressa_HIv1___RNAseq.g36851.t1",1,0,0,NA,NA,NA,NA,"ME0"
"Porites_compressa_HIv1___RNAseq.g36855.t1",0,2,0,NA,NA,NA,NA,"ME0"
"Porites_compressa_HIv1___RNAseq.g36863.t1",1,0,0,NA,NA,NA,NA,"ME2"
"Porites_compressa_HIv1___TS.g36956.t1",1,0,0,NA,NA,NA,NA,"ME0"
"Porites_compressa_HIv1___RNAseq.g36866.t1",1,0,0,NA,NA,NA,NA,"ME0"
"Porites_compressa_HIv1___RNAseq.g36870.t1",1,0,0,NA,NA,NA,NA,"ME0"
"Porites_compressa_HIv1___RNAseq.g36871.t1",0,0,1,0.0050363955273775,"Transient",1,0.88653778034861,"ME1"
"Porites_compressa_HIv1___RNAseq.g36875.t2",0,2,0,NA,NA,NA,NA,"ME1"
"Porites_compressa_HIv1___RNAseq.g36891.t1",1,0,0,NA,NA,NA,NA,"ME0"
"Porites_compressa_HIv1___RNAseq.g36892.t1",1,0,0,NA,NA,NA,NA,"ME0"
"Porites_compressa_HIv1___RNAseq.g36893.t1",1,0,0,0.00328149176104297,"Other",3,0.821374276501547,"ME3"
"Porites_compressa_HIv1___TS.g36988.t1",1,0,0,NA,NA,NA,NA,"ME3"
"Porites_compressa_HIv1___RNAseq.g36900.t1",0,1,0,NA,NA,NA,NA,"ME8"
"Porites_compressa_HIv1___RNAseq.g36904.t1",1,0,0,NA,NA,NA,NA,"ME15"
"Porites_compressa_HIv1___TS.g37001.t1",1,0,0,NA,NA,NA,NA,"ME6"
"Porites_compressa_HIv1___TS.g37002.t1",0,0,1,NA,NA,NA,NA,"ME0"
"Porites_compressa_HIv1___RNAseq.g36907.t2",0,0,1,NA,NA,NA,NA,"ME0"
"Porites_compressa_HIv1___RNAseq.g36917.t1",0,0,1,NA,NA,NA,NA,"ME0"
"Porites_compressa_HIv1___RNAseq.g37916.t1",0,1,0,NA,NA,NA,NA,"ME1"
"Porites_compressa_HIv1___TS.g25548.t2",0,0,1,NA,NA,NA,NA,"ME1"
"Porites_compressa_HIv1___RNAseq.g37933.t1",1,0,0,NA,NA,NA,NA,"ME0"
"Porites_compressa_HIv1___TS.g25538.t1a",1,0,0,NA,NA,NA,NA,"ME0"
"Porites_compressa_HIv1___RNAseq.g37942.t1",1,0,1,NA,NA,NA,NA,"ME1"
"Porites_compressa_HIv1___RNAseq.g37952.t1",0,1,0,NA,NA,NA,NA,"ME1"
"Porites_compressa_HIv1___RNAseq.g38020.t1",0,0,1,NA,NA,NA,NA,"ME8"
"Porites_compressa_HIv1___RNAseq.g38041.t1",1,1,1,NA,NA,NA,NA,"ME0"
"Porites_compressa_HIv1___RNAseq.g36952.t1a",0,0,1,NA,NA,NA,NA,"ME0"
"Porites_compressa_HIv1___RNAseq.g36962.t1",1,0,0,NA,NA,NA,NA,"ME0"
"Porites_compressa_HIv1___RNAseq.g36980.t1",1,0,0,0.000560697288786274,"Monotonous",2,0.951719964920371,"ME2"
"Porites_compressa_HIv1___RNAseq.g36953.t1",1,0,0,NA,NA,NA,NA,"ME0"
"Porites_compressa_HIv1___RNAseq.g36981.t1",0,1,1,NA,NA,NA,NA,"ME0"
"Porites_compressa_HIv1___RNAseq.g36982.t1",0,1,1,0.00755806384460433,"Other",NA,NA,"ME1"
"Porites_compressa_HIv1___RNAseq.g37959.t1",0,1,0,NA,NA,NA,NA,"ME0"
"Porites_compressa_HIv1___RNAseq.g37965.t1",1,0,0,NA,NA,NA,NA,"ME0"
"Porites_compressa_HIv1___RNAseq.g37967.t1",1,0,0,NA,NA,NA,NA,"ME1"
"Porites_compressa_HIv1___RNAseq.g37970.t1",1,0,0,0.0384237781216115,"Transient",4,0.809536914481603,"ME3"
"Porites_compressa_HIv1___RNAseq.g37974.t1",0,1,0,0.0136138860823424,"Other",3,0.573990585916863,"ME2"
"Porites_compressa_HIv1___RNAseq.g37980.t1",0,1,1,NA,NA,NA,NA,"ME3"
"Porites_compressa_HIv1___RNAseq.g37989.t1",1,0,0,NA,NA,NA,NA,"ME0"
"Porites_compressa_HIv1___RNAseq.g37990.t1",1,1,0,NA,NA,NA,NA,"ME0"
"Porites_compressa_HIv1___RNAseq.g38004.t1",1,0,0,NA,NA,NA,NA,"ME0"
"Porites_compressa_HIv1___RNAseq.g38007.t1",2,0,0,NA,NA,NA,NA,"ME11"
"Porites_compressa_HIv1___RNAseq.g7796.t1",0,0,1,NA,NA,NA,NA,"ME7"
"Porites_compressa_HIv1___TS.g12348.t1",0,0,1,NA,NA,NA,NA,"ME0"
"Porites_compressa_HIv1___RNAseq.g7843.t1",2,1,0,NA,NA,NA,NA,"ME0"
"Porites_compressa_HIv1___RNAseq.g7872.t1",1,0,0,NA,NA,NA,NA,"ME0"
"Porites_compressa_HIv1___RNAseq.g7894.t1",0,0,1,NA,NA,NA,NA,"ME0"
"Porites_compressa_HIv1___RNAseq.g7789.t1b",0,0,1,NA,NA,NA,NA,"ME13"
"Porites_compressa_HIv1___RNAseq.g7789.t1a",0,0,1,NA,NA,NA,NA,"ME0"
"Porites_compressa_HIv1___TS.g12327.t1",1,1,0,NA,NA,NA,NA,"ME11"
"Porites_compressa_HIv1___RNAseq.g7792.t1",0,1,0,NA,NA,NA,NA,"ME0"
"Porites_compressa_HIv1___RNAseq.g7795.t1",0,1,0,NA,NA,NA,NA,"ME6"
"Porites_compressa_HIv1___RNAseq.g7799.t1",0,0,1,NA,NA,NA,NA,"ME0"
"Porites_compressa_HIv1___RNAseq.g7800.t1",0,1,0,NA,NA,NA,NA,"ME0"
"Porites_compressa_HIv1___RNAseq.g7816.t1",0,0,1,NA,NA,NA,NA,"ME0"
"Porites_compressa_HIv1___RNAseq.g7817.t2",0,0,1,NA,NA,NA,NA,"ME1"
"Porites_compressa_HIv1___RNAseq.g7827.t1",0,0,1,NA,NA,NA,NA,"ME0"
"Porites_compressa_HIv1___TS.g12367.t1",1,0,0,NA,NA,NA,NA,"ME0"
"Porites_compressa_HIv1___RNAseq.g7835.t1",2,0,0,0.00806319318353056,"Other",3,0.841693020872703,"ME4"
"Porites_compressa_HIv1___TS.g12371.t1",1,0,1,0.0195171066981166,"Monotonous",6,0.938490873154633,"ME1"
"Porites_compressa_HIv1___RNAseq.g7844.t1",0,1,0,0.00494374253962651,"Other",6,0.801233660403834,"ME7"
"Porites_compressa_HIv1___RNAseq.g7845.t1",1,0,0,NA,NA,NA,NA,"ME23"
"Porites_compressa_HIv1___RNAseq.g7846.t1",0,0,1,NA,NA,NA,NA,"ME0"
"Porites_compressa_HIv1___RNAseq.g7847.t1",0,0,1,NA,NA,NA,NA,"ME0"
"Porites_compressa_HIv1___RNAseq.g7849.t1",1,1,0,NA,NA,NA,NA,"ME0"
"Porites_compressa_HIv1___RNAseq.g7851.t1",0,0,1,0.00014329179702826,"Transient",5,0.986974655426214,"ME7"
"Porites_compressa_HIv1___RNAseq.g7861.t1",0,1,0,3.14609981157334e-06,"Monotonous",5,0.514746616346603,"ME1"
"Porites_compressa_HIv1___RNAseq.30538_t",1,0,0,NA,NA,NA,NA,"ME0"
"Porites_compressa_HIv1___RNAseq.g7873.t1",0,0,1,0.0463988924507845,"Other",3,0.589327953220548,"ME4"
"Porites_compressa_HIv1___RNAseq.g7876.t1",1,0,0,NA,NA,NA,NA,"ME2"
"Porites_compressa_HIv1___TS.g12415.t1a",1,0,0,NA,NA,NA,NA,"ME0"
"Porites_compressa_HIv1___TS.g12415.t1b",0,0,1,0.0215510190957821,"Transient",NA,NA,"ME0"
"Porites_compressa_HIv1___RNAseq.g7882.t2",0,0,1,0.0014405660952367,"Transient",5,0.855632963735085,"ME1"
"Porites_compressa_HIv1___RNAseq.g7897.t1",0,0,1,1.18026846444828e-10,"Monotonous",3,0.834246200220441,"ME3"
"Porites_compressa_HIv1___RNAseq.g7899.t1",2,0,0,NA,NA,NA,NA,"ME0"
"Porites_compressa_HIv1___TS.g12436.t1",1,0,0,NA,NA,NA,NA,"ME0"
"Porites_compressa_HIv1___RNAseq.g7900.t3",1,0,0,0.00174743668181785,"Transient",4,0.884392155709725,"ME3"
"Porites_compressa_HIv1___RNAseq.g7901.t1",1,0,0,NA,NA,NA,NA,"ME2"
"Porites_compressa_HIv1___RNAseq.g7902.t1",0,0,1,NA,NA,NA,NA,"ME7"
"Porites_compressa_HIv1___RNAseq.g7904.t1",1,0,0,NA,NA,NA,NA,"ME2"
"Porites_compressa_HIv1___RNAseq.g7905.t1",1,0,0,NA,NA,NA,NA,"ME1"
"Porites_compressa_HIv1___RNAseq.g7906.t1a",0,1,0,NA,NA,NA,NA,"ME0"
"Porites_compressa_HIv1___RNAseq.g7906.t1b",0,1,0,NA,NA,NA,NA,"ME0"
"Porites_compressa_HIv1___RNAseq.g37083.t2",0,2,0,0.000208013594331839,"Transient",4,0.754742495699726,"ME3"
"Porites_compressa_HIv1___RNAseq.g31201.t1a",2,0,0,0.00300774422016731,"Monotonous",1,0.951226685931131,"ME12"
"Porites_compressa_HIv1___TS.g27229.t1",0,1,0,NA,NA,NA,NA,"ME0"
"Porites_compressa_HIv1___RNAseq.g31230.t1",1,0,0,NA,NA,NA,NA,"ME0"
"Porites_compressa_HIv1___RNAseq.g31232.t1",2,1,0,NA,NA,NA,NA,"ME11"
"Porites_compressa_HIv1___RNAseq.g31203.t1",1,0,0,0.0209475935606776,"Other",1,0.948898398456909,"ME1"
"Porites_compressa_HIv1___RNAseq.g31207.t1",1,0,1,0.00528587746775507,"Other",1,0.774402234439122,"ME12"
"Porites_compressa_HIv1___RNAseq.g31212.t1",0,0,1,NA,NA,NA,NA,"ME0"
"Porites_compressa_HIv1___RNAseq.g31218.t1",1,0,0,NA,NA,NA,NA,"ME1"
"Porites_compressa_HIv1___RNAseq.g31220.t1",0,1,0,NA,NA,NA,NA,"ME0"
"Porites_compressa_HIv1___RNAseq.g31221.t1",1,1,0,NA,NA,NA,NA,"ME0"
"Porites_compressa_HIv1___RNAseq.g31222.t1",0,0,1,0.000518678142169484,"Transient",5,0.956859902505249,"ME1"
"Porites_compressa_HIv1___RNAseq.g31223.t1",0,1,0,6.79663766515371e-06,"Transient",NA,NA,"ME1"
"Porites_compressa_HIv1___RNAseq.g37004.t1",0,1,0,NA,NA,NA,NA,"ME0"
"Porites_compressa_HIv1___RNAseq.g37080.t1",0,0,1,NA,NA,NA,NA,"ME0"
"Porites_compressa_HIv1___RNAseq.g36989.t1",1,0,0,NA,NA,NA,NA,"ME0"
"Porites_compressa_HIv1___RNAseq.g36996.t1",1,0,0,NA,NA,NA,NA,"ME0"
"Porites_compressa_HIv1___RNAseq.g37013.t1",0,0,1,NA,NA,NA,NA,"ME0"
"Porites_compressa_HIv1___RNAseq.g37014.t1",0,1,2,NA,NA,NA,NA,"ME0"
"Porites_compressa_HIv1___RNAseq.g37018.t1",1,0,0,NA,NA,NA,NA,"ME0"
"Porites_compressa_HIv1___TS.g23129.t1",1,0,0,NA,NA,NA,NA,"ME1"
"Porites_compressa_HIv1___RNAseq.g37030.t1",1,0,0,NA,NA,NA,NA,"ME0"
"Porites_compressa_HIv1___RNAseq.g37036.t1",0,1,0,NA,NA,NA,NA,"ME13"
"Porites_compressa_HIv1___RNAseq.g37038.t1",1,0,0,0.000266802754961831,"Other",5,0.953216985858756,"ME1"
"Porites_compressa_HIv1___RNAseq.g37039.t1",1,0,0,NA,NA,NA,NA,"ME3"
"Porites_compressa_HIv1___TS.g23156.t1",1,2,0,NA,NA,NA,NA,"ME1"
"Porites_compressa_HIv1___RNAseq.g37044.t1",1,0,0,0.00384773862637147,"Other",3,0.727891187231935,"ME3"
"Porites_compressa_HIv1___RNAseq.g37058.t1a",1,0,0,NA,NA,NA,NA,"ME0"
"Porites_compressa_HIv1___RNAseq.g37059.t1",1,0,0,NA,NA,NA,NA,"ME0"
"Porites_compressa_HIv1___RNAseq.g37063.t1",1,1,0,NA,NA,NA,NA,"ME12"
"Porites_compressa_HIv1___TS.g23183.t1",1,0,1,1.46831067820561e-06,"Monotonous",5,0.527731472907201,"ME1"
"Porites_compressa_HIv1___TS.g27286.t2",0,1,0,0.0354582297229428,"Other",NA,NA,"ME27"
"Porites_compressa_HIv1___TS.g27287.t1",0,1,0,NA,NA,NA,NA,"ME0"
"Porites_compressa_HIv1___RNAseq.g31279.t1",1,0,0,NA,NA,NA,NA,"ME0"
"Porites_compressa_HIv1___RNAseq.g31282.t1",1,0,0,NA,NA,NA,NA,"ME0"
"Porites_compressa_HIv1___TS.g27285.t1",0,1,0,0.00795582892648381,"Other",6,0.579503618331886,"ME1"
"Porites_compressa_HIv1___RNAseq.g31293.t1",0,0,1,5.39181362757614e-07,"Monotonous",1,0.651891461407215,"ME16"
"Porites_compressa_HIv1___TS.g27293.t1",2,1,0,0.000919193048192163,"Monotonous",1,0.63229830109038,"ME16"
"Porites_compressa_HIv1___RNAseq.g31295.t1a",0,1,0,NA,NA,NA,NA,"ME0"
"Porites_compressa_HIv1___RNAseq.g31248.t1",0,0,1,0.0403035158305709,"Other",1,0.526794347834812,"ME0"
"Porites_compressa_HIv1___RNAseq.g31239.t1",1,0,0,NA,NA,NA,NA,"ME2"
"Porites_compressa_HIv1___RNAseq.g31245.t1",0,0,1,NA,NA,NA,NA,"ME2"
"Porites_compressa_HIv1___RNAseq.g31269.t1",0,1,0,0.0059231782865366,"Transient",4,0.980358002515512,"ME3"
"Porites_compressa_HIv1___RNAseq.g31271.t1",0,1,0,NA,NA,NA,NA,"ME18"
"Porites_compressa_HIv1___RNAseq.g31277.t1",0,0,1,NA,NA,NA,NA,"ME0"
"Porites_compressa_HIv1___RNAseq.g40661.t2",2,0,0,NA,NA,NA,NA,"ME0"
"Porites_compressa_HIv1___RNAseq.g40666.t1",0,1,0,NA,NA,NA,NA,"ME0"
"Porites_compressa_HIv1___RNAseq.g40667.t2",2,0,0,NA,NA,NA,NA,"ME2"
"Porites_compressa_HIv1___RNAseq.g40668.t1",1,0,0,NA,NA,NA,NA,"ME25"
"Porites_compressa_HIv1___TS.g21826.t1",1,0,0,0.0336718759907743,"Transient",4,0.899155191066345,"ME3"
"Porites_compressa_HIv1___RNAseq.g40670.t1",0,2,0,NA,NA,NA,NA,"ME4"
"Porites_compressa_HIv1___RNAseq.g40672.t1",0,1,0,NA,NA,NA,NA,"ME0"
"Porites_compressa_HIv1___RNAseq.g18710.t1",0,1,0,NA,NA,NA,NA,"ME0"
"Porites_compressa_HIv1___RNAseq.g18734.t1a",0,0,1,NA,NA,NA,NA,"ME7"
"Porites_compressa_HIv1___RNAseq.g18734.t1b",1,0,0,0.0414253423071287,"Other",6,0.60031075665672,"ME18"
"Porites_compressa_HIv1___RNAseq.g18734.t1c",0,1,0,NA,NA,NA,NA,"ME13"
"Porites_compressa_HIv1___TS.g24696.t1b",1,0,0,0.0420422472321905,"Other",NA,NA,"ME13"
"Porites_compressa_HIv1___TS.g24700.t4a",0,1,0,NA,NA,NA,NA,"ME18"
"Porites_compressa_HIv1___TS.g24701.t1",0,0,1,NA,NA,NA,NA,"ME0"
"Porites_compressa_HIv1___RNAseq.g18755.t1b",0,1,0,0.018340174385943,"Transient",5,0.718561003577891,"ME18"
"Porites_compressa_HIv1___RNAseq.g18693.t1",0,1,0,NA,NA,NA,NA,"ME0"
"Porites_compressa_HIv1___RNAseq.g18695.t1",1,0,0,NA,NA,NA,NA,"ME0"
"Porites_compressa_HIv1___RNAseq.g18765.t1d",0,0,1,NA,NA,NA,NA,"ME18"
"Porites_compressa_HIv1___RNAseq.g18774.t1",1,0,0,NA,NA,NA,NA,"ME0"
"Porites_compressa_HIv1___RNAseq.g18776.t1",1,0,0,NA,NA,NA,NA,"ME4"
"Porites_compressa_HIv1___RNAseq.g18780.t1",1,0,0,NA,NA,NA,NA,"ME1"
"Porites_compressa_HIv1___RNAseq.g18785.t1",1,0,0,NA,NA,NA,NA,"ME0"
"Porites_compressa_HIv1___RNAseq.g30493.t1",1,0,0,0.0131500442796193,"Transient",NA,NA,"ME2"
"Porites_compressa_HIv1___RNAseq.g40716.t1",1,0,0,NA,NA,NA,NA,"ME0"
"Porites_compressa_HIv1___RNAseq.g40737.t1",0,1,0,NA,NA,NA,NA,"ME0"
"Porites_compressa_HIv1___RNAseq.g40688.t1",1,0,0,0.0254799275284219,"Other",5,0.820944063296653,"ME1"
"Porites_compressa_HIv1___RNAseq.g40689.t1",0,1,0,NA,NA,NA,NA,"ME1"
"Porites_compressa_HIv1___TS.g21852.t1b",0,0,1,NA,NA,NA,NA,"ME0"
"Porites_compressa_HIv1___RNAseq.g40696.t1",1,0,0,0.00284077826450814,"Transient",3,0.713079345926723,"ME3"
"Porites_compressa_HIv1___RNAseq.g40700.t1",1,0,0,0.00014738541622416,"Monotonous",1,0.877603403573844,"ME12"
"Porites_compressa_HIv1___TS.g21861.t1",0,0,1,0.0177269624359745,"Other",1,0.651599225635836,"ME12"
"Porites_compressa_HIv1___RNAseq.g40706.t1",0,0,1,NA,NA,NA,NA,"ME0"
"Porites_compressa_HIv1___RNAseq.g40711.t1",0,0,1,NA,NA,NA,NA,"ME0"
"Porites_compressa_HIv1___RNAseq.g40713.t1",0,0,1,NA,NA,NA,NA,"ME0"
"Porites_compressa_HIv1___RNAseq.g40718.t1",0,0,1,NA,NA,NA,NA,"ME1"
"Porites_compressa_HIv1___RNAseq.g40719.t1",0,1,0,NA,NA,NA,NA,"ME0"
"Porites_compressa_HIv1___RNAseq.g40727.t1",0,0,1,0.035965480267206,"Other",6,0.738863572533285,"ME1"
"Porites_compressa_HIv1___RNAseq.g40732.t1",1,0,0,0.00665048942867357,"Other",5,0.518942294881864,"ME1"
"Porites_compressa_HIv1___RNAseq.g40733.t2",1,0,0,NA,NA,NA,NA,"ME0"
"Porites_compressa_HIv1___RNAseq.g40735.t1",1,0,0,0.00989300010192157,"Monotonous",NA,NA,"ME0"
"Porites_compressa_HIv1___RNAseq.g40741.t1",0,0,1,NA,NA,NA,NA,"ME1"
"Porites_compressa_HIv1___RNAseq.g40742.t1",0,0,1,NA,NA,NA,NA,"ME0"
"Porites_compressa_HIv1___TS.g21904.t1",1,0,0,NA,NA,NA,NA,"ME4"
"Porites_compressa_HIv1___TS.g21905.t1",0,0,1,NA,NA,NA,NA,"ME2"
"Porites_compressa_HIv1___RNAseq.g40746.t1",1,0,1,0.0117568654664927,"Transient",5,0.500167149713365,"ME0"
"Porites_compressa_HIv1___RNAseq.g40747.t1",0,0,1,NA,NA,NA,NA,"ME3"
"Porites_compressa_HIv1___RNAseq.g40749.t1",1,0,0,NA,NA,NA,NA,"ME3"
"Porites_compressa_HIv1___RNAseq.g40750.t1",0,0,1,0.00115129916324327,"Monotonous",2,0.896041371718968,"ME16"
"Porites_compressa_HIv1___RNAseq.g40756.t1",1,0,0,0.0268262342542069,"Transient",4,0.927429902690333,"ME3"
"Porites_compressa_HIv1___RNAseq.g40764.t1",1,0,1,NA,NA,NA,NA,"ME1"
"Porites_compressa_HIv1___TS.g21929.t1",1,0,0,NA,NA,NA,NA,"ME0"
"Porites_compressa_HIv1___RNAseq.g40772.t1",0,1,0,0.0145993596761197,"Monotonous",3,0.636086713172567,"ME2"
"Porites_compressa_HIv1___RNAseq.g40774.t1",0,1,0,0.000257566284710384,"Monotonous",1,0.954295253097005,"ME2"
"Porites_compressa_HIv1___RNAseq.g40775.t1",2,0,0,NA,NA,NA,NA,"ME0"
"Porites_compressa_HIv1___RNAseq.g40777.t1",1,0,0,NA,NA,NA,NA,"ME4"
"Porites_compressa_HIv1___RNAseq.g40782.t1",1,0,0,NA,NA,NA,NA,"ME10"
"Porites_compressa_HIv1___RNAseq.g40788.t1",0,0,1,1.01498436641517e-07,"Transient",5,0.936686616622782,"ME1"
"Porites_compressa_HIv1___TS.g21951.t1",0,1,0,NA,NA,NA,NA,"ME0"
"Porites_compressa_HIv1___TS.g21952.t1b",0,1,0,0.000561310660525248,"Transient",5,0.616441992794119,"ME1"
"Porites_compressa_HIv1___RNAseq.g40793.t1",0,1,0,NA,NA,NA,NA,"ME0"
"Porites_compressa_HIv1___RNAseq.g40799.t1",0,1,0,1.84793598841307e-15,"Monotonous",2,0.877186033200241,"ME2"
"Porites_compressa_HIv1___RNAseq.g40800.t1",1,0,0,NA,NA,NA,NA,"ME0"
"Porites_compressa_HIv1___TS.g21961.t1",0,0,1,NA,NA,NA,NA,"ME0"
"Porites_compressa_HIv1___RNAseq.g40802.t1",1,0,0,NA,NA,NA,NA,"ME0"
"Porites_compressa_HIv1___RNAseq.g40804.t1",1,0,0,NA,NA,NA,NA,"ME0"
"Porites_compressa_HIv1___RNAseq.g40805.t1",1,1,0,NA,NA,NA,NA,"ME0"
"Porites_compressa_HIv1___TS.g21974.t1b",1,0,0,NA,NA,NA,NA,"ME0"
"Porites_compressa_HIv1___TS.g21974.t1a",0,0,1,NA,NA,NA,NA,"ME0"
"Porites_compressa_HIv1___RNAseq.g40814.t1",1,0,0,NA,NA,NA,NA,"ME0"
"Porites_compressa_HIv1___TS.g10979.t1b",1,0,0,NA,NA,NA,NA,"ME0"
"Porites_compressa_HIv1___TS.g10924.t1",0,0,2,NA,NA,NA,NA,"ME0"
"Porites_compressa_HIv1___TS.g10900.t1",1,0,0,NA,NA,NA,NA,"ME0"
"Porites_compressa_HIv1___RNAseq.g33919.t1",1,0,0,NA,NA,NA,NA,"ME0"
"Porites_compressa_HIv1___TS.g10907.t1",0,1,0,NA,NA,NA,NA,"ME3"
"Porites_compressa_HIv1___RNAseq.g33925.t1",1,0,0,0.0338323461851067,"Monotonous",1,0.735559387717739,"ME0"
"Porites_compressa_HIv1___RNAseq.g33938.t1",1,0,0,NA,NA,NA,NA,"ME1"
"Porites_compressa_HIv1___RNAseq.g33942.t1",1,0,0,NA,NA,NA,NA,"ME10"
"Porites_compressa_HIv1___RNAseq.g33946.t1",1,0,0,NA,NA,NA,NA,"ME10"
"Porites_compressa_HIv1___TS.g10931.t1",1,0,0,NA,NA,NA,NA,"ME1"
"Porites_compressa_HIv1___RNAseq.g33949.t1",1,0,0,NA,NA,NA,NA,"ME4"
"Porites_compressa_HIv1___RNAseq.g33950.t1",1,0,0,NA,NA,NA,NA,"ME0"
"Porites_compressa_HIv1___RNAseq.g33952.t1",0,1,0,NA,NA,NA,NA,"ME3"
"Porites_compressa_HIv1___RNAseq.g30574.t1",2,0,1,NA,NA,NA,NA,"ME0"
"Porites_compressa_HIv1___RNAseq.g30497.t1",0,0,1,NA,NA,NA,NA,"ME8"
"Porites_compressa_HIv1___RNAseq.g30502.t2",0,1,0,NA,NA,NA,NA,"ME0"
"Porites_compressa_HIv1___RNAseq.g30505.t1",0,1,0,NA,NA,NA,NA,"ME1"
"Porites_compressa_HIv1___RNAseq.g30507.t1",0,0,1,NA,NA,NA,NA,"ME2"
"Porites_compressa_HIv1___TS.g29601.t1",1,0,0,NA,NA,NA,NA,"ME8"
"Porites_compressa_HIv1___RNAseq.g30524.t1",0,1,0,NA,NA,NA,NA,"ME10"
"Porites_compressa_HIv1___RNAseq.g30525.t1",1,0,0,NA,NA,NA,NA,"ME2"
"Porites_compressa_HIv1___RNAseq.g30527.t1",1,0,0,0.0146402064393203,"Other",2,0.987651121368323,"ME2"
"Porites_compressa_HIv1___TS.g29620.t1",1,0,0,NA,NA,NA,NA,"ME2"
"Porites_compressa_HIv1___RNAseq.g30531.t1a",2,0,0,NA,NA,NA,NA,"ME0"
"Porites_compressa_HIv1___RNAseq.g30531.t1b",0,1,0,NA,NA,NA,NA,"ME0"
"Porites_compressa_HIv1___RNAseq.g30537.t1",1,0,0,NA,NA,NA,NA,"ME10"
"Porites_compressa_HIv1___RNAseq.g30538.t1",1,0,0,0.0192983530229229,"Other",5,0.504204910595366,"ME0"
"Porites_compressa_HIv1___RNAseq.g30541.t1",0,0,1,NA,NA,NA,NA,"ME10"
"Porites_compressa_HIv1___RNAseq.g30542.t1",1,0,0,NA,NA,NA,NA,"ME1"
"Porites_compressa_HIv1___RNAseq.g30545.t1",1,0,1,NA,NA,NA,NA,"ME1"
"Porites_compressa_HIv1___RNAseq.g30547.t1",0,0,1,NA,NA,NA,NA,"ME1"
"Porites_compressa_HIv1___RNAseq.g30551.t1b",0,0,1,0.00161036443875362,"Monotonous",6,0.595660960411845,"ME1"
"Porites_compressa_HIv1___RNAseq.g30552.t1",0,0,1,NA,NA,NA,NA,"ME1"
"Porites_compressa_HIv1___RNAseq.g30555.t1",0,0,1,NA,NA,NA,NA,"ME0"
"Porites_compressa_HIv1___RNAseq.g30556.t1b",1,0,1,NA,NA,NA,NA,"ME1"
"Porites_compressa_HIv1___TS.g29650.t1",1,0,2,NA,NA,NA,NA,"ME1"
"Porites_compressa_HIv1___TS.g29654.t1",0,1,1,NA,NA,NA,NA,"ME0"
"Porites_compressa_HIv1___TS.g29660.t1",1,0,0,5.73483915161248e-12,"Monotonous",2,0.578562323468857,"ME2"
"Porites_compressa_HIv1___RNAseq.g30571.t1",1,0,0,NA,NA,NA,NA,"ME3"
"Porites_compressa_HIv1___RNAseq.31327_t",0,1,1,NA,NA,NA,NA,"ME0"
"Porites_compressa_HIv1___RNAseq.g30582.t1",0,0,1,NA,NA,NA,NA,"ME1"
"Porites_compressa_HIv1___RNAseq.g33993.t1",0,1,0,NA,NA,NA,NA,"ME1"
"Porites_compressa_HIv1___RNAseq.g33973.t1a",0,1,0,NA,NA,NA,NA,"ME0"
"Porites_compressa_HIv1___RNAseq.g33960.t1",1,0,0,NA,NA,NA,NA,"ME2"
"Porites_compressa_HIv1___TS.g10943.t1",0,1,0,NA,NA,NA,NA,"ME0"
"Porites_compressa_HIv1___RNAseq.g33967.t1",0,0,1,NA,NA,NA,NA,"ME0"
"Porites_compressa_HIv1___RNAseq.g33970.t1a",0,0,1,NA,NA,NA,NA,"ME0"
"Porites_compressa_HIv1___TS.g10953.t1",0,0,1,NA,NA,NA,NA,"ME1"
"Porites_compressa_HIv1___RNAseq.g30052.t1",0,0,1,NA,NA,NA,NA,"ME7"
"Porites_compressa_HIv1___RNAseq.g29940.t1",1,0,0,NA,NA,NA,NA,"ME0"
"Porites_compressa_HIv1___RNAseq.g29941.t1",1,0,0,NA,NA,NA,NA,"ME0"
"Porites_compressa_HIv1___RNAseq.g29926.t1",0,1,1,NA,NA,NA,NA,"ME2"
"Porites_compressa_HIv1___RNAseq.g29931.t1",1,0,0,NA,NA,NA,NA,"ME2"
"Porites_compressa_HIv1___RNAseq.g29946.t1",1,0,0,NA,NA,NA,NA,"ME0"
"Porites_compressa_HIv1___RNAseq.g29950.t1",0,1,0,NA,NA,NA,NA,"ME0"
"Porites_compressa_HIv1___RNAseq.g29952.t1",1,0,0,NA,NA,NA,NA,"ME0"
"Porites_compressa_HIv1___RNAseq.g29961.t1",1,0,0,NA,NA,NA,NA,"ME0"
"Porites_compressa_HIv1___TS.g13457.t1",0,1,0,NA,NA,NA,NA,"ME12"
"Porites_compressa_HIv1___TS.g13460.t1",0,1,0,NA,NA,NA,NA,"ME0"
"Porites_compressa_HIv1___TS.g13466.t1c",0,3,0,0.0131500442796193,"Other",NA,NA,"ME2"
"Porites_compressa_HIv1___TS.g13466.t1a",0,0,1,NA,NA,NA,NA,"ME4"
"Porites_compressa_HIv1___RNAseq.g29981.t1",0,1,0,NA,NA,NA,NA,"ME0"
"Porites_compressa_HIv1___TS.g2080.t1",0,1,0,NA,NA,NA,NA,"ME0"
"Porites_compressa_HIv1___TS.g2130.t1",0,1,0,NA,NA,NA,NA,"ME0"
"Porites_compressa_HIv1___RNAseq.g39064.t1",1,1,0,NA,NA,NA,NA,"ME0"
"Porites_compressa_HIv1___RNAseq.g38982.t1",1,0,0,NA,NA,NA,NA,"ME6"
"Porites_compressa_HIv1___TS.g2039.t1",2,0,0,NA,NA,NA,NA,"ME0"
"Porites_compressa_HIv1___RNAseq.g38969.t1a",2,0,0,NA,NA,NA,NA,"ME0"
"Porites_compressa_HIv1___RNAseq.g38971.t2",1,0,0,NA,NA,NA,NA,"ME4"
"Porites_compressa_HIv1___RNAseq.g38976.t1",2,0,0,8.47398733007343e-09,"Monotonous",2,0.921118025612712,"ME2"
"Porites_compressa_HIv1___RNAseq.g38984.t1",1,0,0,5.89575325828702e-05,"Monotonous",2,0.776001868188363,"ME2"
"Porites_compressa_HIv1___RNAseq.g38992.t1",1,0,0,NA,NA,NA,NA,"ME0"
"Porites_compressa_HIv1___RNAseq.g38993.t1",0,1,0,NA,NA,NA,NA,"ME0"
"Porites_compressa_HIv1___RNAseq.g38996.t1",0,1,0,8.03568293907575e-06,"Other",6,0.591516901218872,"ME1"
"Porites_compressa_HIv1___RNAseq.g39001.t1",0,0,1,NA,NA,NA,NA,"ME4"
"Porites_compressa_HIv1___RNAseq.g39004.t1",0,1,0,NA,NA,NA,NA,"ME4"
"Porites_compressa_HIv1___RNAseq.g6319.t1",1,0,0,NA,NA,NA,NA,"ME0"
"Porites_compressa_HIv1___RNAseq.g38439.t1",0,0,1,NA,NA,NA,NA,"ME0"
"Porites_compressa_HIv1___RNAseq.g38445.t1",0,0,1,NA,NA,NA,NA,"ME0"
"Porites_compressa_HIv1___RNAseq.g38508.t1",0,0,1,NA,NA,NA,NA,"ME20"
"Porites_compressa_HIv1___RNAseq.g38516.t1",0,1,0,NA,NA,NA,NA,"ME18"
"Porites_compressa_HIv1___RNAseq.g38517.t1",0,0,1,0.0446703693490895,"Other",6,0.702868222255248,"ME13"
"Porites_compressa_HIv1___RNAseq.g38437.t1",0,0,1,NA,NA,NA,NA,"ME14"
"Porites_compressa_HIv1___RNAseq.g38440.t1b",1,0,0,NA,NA,NA,NA,"ME0"
"Porites_compressa_HIv1___RNAseq.g38442.t1",0,0,1,NA,NA,NA,NA,"ME14"
"Porites_compressa_HIv1___RNAseq.g38444.t1",1,0,0,NA,NA,NA,NA,"ME26"
"Porites_compressa_HIv1___RNAseq.g38446.t1",0,0,1,NA,NA,NA,NA,"ME0"
"Porites_compressa_HIv1___TS.g28268.t1",1,0,0,NA,NA,NA,NA,"ME9"
"Porites_compressa_HIv1___RNAseq.g38453.t1",0,0,1,NA,NA,NA,NA,"ME0"
"Porites_compressa_HIv1___TS.g28270.t1",0,0,1,NA,NA,NA,NA,"ME7"
"Porites_compressa_HIv1___RNAseq.g38462.t1",0,1,0,NA,NA,NA,NA,"ME1"
"Porites_compressa_HIv1___TS.g28281.t1",1,0,0,NA,NA,NA,NA,"ME0"
"Porites_compressa_HIv1___RNAseq.g38465.t1",2,0,0,NA,NA,NA,NA,"ME0"
"Porites_compressa_HIv1___RNAseq.g38469.t1",0,0,1,NA,NA,NA,NA,"ME0"
"Porites_compressa_HIv1___RNAseq.g38470.t1",0,1,0,NA,NA,NA,NA,"ME1"
"Porites_compressa_HIv1___TS.g28291.t1",1,0,0,NA,NA,NA,NA,"ME0"
"Porites_compressa_HIv1___RNAseq.g38474.t1",1,0,0,0.00503321623099684,"Monotonous",NA,NA,"ME4"
"Porites_compressa_HIv1___TS.g28296.t1",0,0,1,NA,NA,NA,NA,"ME4"
"Porites_compressa_HIv1___TS.g28302.t1",0,1,0,NA,NA,NA,NA,"ME5"
"Porites_compressa_HIv1___RNAseq.g38486.t1",0,2,1,0.0191504865932997,"Monotonous",NA,NA,"ME2"
"Porites_compressa_HIv1___RNAseq.g38489.t1",0,0,1,NA,NA,NA,NA,"ME8"
"Porites_compressa_HIv1___RNAseq.g38491.t1",0,1,0,NA,NA,NA,NA,"ME0"
"Porites_compressa_HIv1___RNAseq.g38492.t1",0,1,0,NA,NA,NA,NA,"ME9"
"Porites_compressa_HIv1___RNAseq.g38494.t1",1,0,0,NA,NA,NA,NA,"ME0"
"Porites_compressa_HIv1___RNAseq.g38512.t1",1,1,0,NA,NA,NA,NA,"ME11"
"Porites_compressa_HIv1___RNAseq.g38515.t2",0,1,0,NA,NA,NA,NA,"ME0"
"Porites_compressa_HIv1___RNAseq.g39025.t1",1,0,0,NA,NA,NA,NA,"ME0"
"Porites_compressa_HIv1___RNAseq.g39028.t1",0,1,0,NA,NA,NA,NA,"ME7"
"Porites_compressa_HIv1___RNAseq.g39047.t1b",0,2,0,NA,NA,NA,NA,"ME9"
"Porites_compressa_HIv1___RNAseq.g39047.t1a",0,0,1,NA,NA,NA,NA,"ME0"
"Porites_compressa_HIv1___RNAseq.g6337.t1",0,1,0,NA,NA,NA,NA,"ME1"
"Porites_compressa_HIv1___RNAseq.g6338.t1",0,1,1,0.046355448952542,"Transient",3,0.794499517036825,"ME3"
"Porites_compressa_HIv1___RNAseq.g6331.t1",1,0,0,0.040770010578202,"Transient",5,0.782219153544692,"ME1"
"Porites_compressa_HIv1___RNAseq.g6343.t1",1,0,0,NA,NA,NA,NA,"ME4"
"Porites_compressa_HIv1___RNAseq.g6344.t1",1,0,0,1.95623579470729e-07,"Monotonous",2,0.819060606231678,"ME4"
"Porites_compressa_HIv1___TS.g40753.t2",2,0,0,0.0400494994034319,"Other",2,0.625780225648682,"ME4"
"Porites_compressa_HIv1___RNAseq.g6346.t1",1,0,0,1.825428442712e-10,"Monotonous",2,0.799160766494096,"ME4"
"Porites_compressa_HIv1___RNAseq.g6350.t1",0,0,2,NA,NA,NA,NA,"ME0"
"Porites_compressa_HIv1___RNAseq.g6355.t1",0,1,0,NA,NA,NA,NA,"ME0"
"Porites_compressa_HIv1___RNAseq.g6356.t1",2,0,0,0.0169819065784733,"Other",5,0.579975540555088,"ME1"
"Porites_compressa_HIv1___TS.g40765.t2",1,0,0,NA,NA,NA,NA,"ME1"
"Porites_compressa_HIv1___RNAseq.g6359.t1",1,0,0,NA,NA,NA,NA,"ME0"
"Porites_compressa_HIv1___RNAseq.g6360.t1",0,1,0,NA,NA,NA,NA,"ME11"
"Porites_compressa_HIv1___RNAseq.g6361.t1",0,0,1,NA,NA,NA,NA,"ME0"
"Porites_compressa_HIv1___TS.g40783.t1",0,1,0,NA,NA,NA,NA,"ME22"
"Porites_compressa_HIv1___RNAseq.31870_t",1,0,0,NA,NA,NA,NA,"ME0"
"Porites_compressa_HIv1___RNAseq.g15092.t1",0,1,0,NA,NA,NA,NA,"ME9"
"Porites_compressa_HIv1___RNAseq.g15074.t1",1,0,0,NA,NA,NA,NA,"ME0"
"Porites_compressa_HIv1___RNAseq.g15077.t1",1,0,0,1.72399751863959e-07,"Monotonous",2,0.768339055197361,"ME2"
"Porites_compressa_HIv1___RNAseq.g15095.t1",0,0,1,NA,NA,NA,NA,"ME13"
"Porites_compressa_HIv1___RNAseq.g15096.t1",1,0,0,NA,NA,NA,NA,"ME13"
"Porites_compressa_HIv1___RNAseq.g15097.t1",2,0,0,NA,NA,NA,NA,"ME0"
"Porites_compressa_HIv1___TS.g29870.t1",1,0,0,0.000782037848431,"Transient",3,0.673614149779961,"ME3"
"Porites_compressa_HIv1___RNAseq.g15101.t1",2,0,0,0.0176000594036695,"Other",3,0.534596735988363,"ME2"
"Porites_compressa_HIv1___RNAseq.g15102.t1",0,0,1,NA,NA,NA,NA,"ME7"
"Porites_compressa_HIv1___RNAseq.g15103.t1",0,1,0,NA,NA,NA,NA,"ME0"
"Porites_compressa_HIv1___RNAseq.g15111.t1",1,0,0,NA,NA,NA,NA,"ME0"
"Porites_compressa_HIv1___RNAseq.g22416.t1",1,0,0,NA,NA,NA,NA,"ME0"
"Porites_compressa_HIv1___RNAseq.g22418.t1",0,1,0,NA,NA,NA,NA,"ME1"
"Porites_compressa_HIv1___RNAseq.g22423.t1",1,0,0,NA,NA,NA,NA,"ME0"
"Porites_compressa_HIv1___TS.g10066.t1",0,1,0,NA,NA,NA,NA,"ME0"
"Porites_compressa_HIv1___RNAseq.g22426.t1",1,0,0,NA,NA,NA,NA,"ME0"
"Porites_compressa_HIv1___TS.g10127.t1b",0,0,1,NA,NA,NA,NA,"ME0"
"Porites_compressa_HIv1___RNAseq.g22390.t1b",1,0,0,1.96753392051929e-05,"Monotonous",1,0.723178961632739,"ME12"
"Porites_compressa_HIv1___RNAseq.g22397.t1",0,1,0,NA,NA,NA,NA,"ME7"
"Porites_compressa_HIv1___TS.g10041.t1b",1,0,0,NA,NA,NA,NA,"ME2"
"Porites_compressa_HIv1___RNAseq.g22403.t1",0,2,0,NA,NA,NA,NA,"ME16"
"Porites_compressa_HIv1___TS.g10045.t1a",0,2,0,NA,NA,NA,NA,"ME1"
"Porites_compressa_HIv1___TS.g10047.t1",0,1,0,NA,NA,NA,NA,"ME1"
"Porites_compressa_HIv1___RNAseq.g22408.t1",1,1,0,0.0244042197276548,"Other",5,0.720776553176111,"ME1"
"Porites_compressa_HIv1___RNAseq.g22409.t1",1,1,0,NA,NA,NA,NA,"ME0"
"Porites_compressa_HIv1___RNAseq.g22410.t1",1,0,0,9.0698598948374e-06,"Transient",5,0.52172676744655,"ME1"
"Porites_compressa_HIv1___RNAseq.g22413.t1a",0,1,0,NA,NA,NA,NA,"ME16"
"Porites_compressa_HIv1___RNAseq.g22428.t1",0,0,1,2.94427449410554e-07,"Transient",5,0.95497986800547,"ME1"
"Porites_compressa_HIv1___TS.g10072.t1",0,1,0,NA,NA,NA,NA,"ME0"
"Porites_compressa_HIv1___TS.g10073.t1",0,0,1,NA,NA,NA,NA,"ME0"
"Porites_compressa_HIv1___RNAseq.g22433.t1",2,0,0,NA,NA,NA,NA,"ME0"
"Porites_compressa_HIv1___RNAseq.g22437.t1",1,0,0,NA,NA,NA,NA,"ME0"
"Porites_compressa_HIv1___RNAseq.g22441.t1",0,1,0,NA,NA,NA,NA,"ME1"
"Porites_compressa_HIv1___TS.g10083.t1",1,0,1,NA,NA,NA,NA,"ME0"
"Porites_compressa_HIv1___RNAseq.g22445.t1",1,0,0,NA,NA,NA,NA,"ME0"
"Porites_compressa_HIv1___RNAseq.g22447.t1",0,1,0,NA,NA,NA,NA,"ME12"
"Porites_compressa_HIv1___RNAseq.g22450.t1",0,1,1,NA,NA,NA,NA,"ME0"
"Porites_compressa_HIv1___RNAseq.g22451.t1",0,2,0,NA,NA,NA,NA,"ME0"
"Porites_compressa_HIv1___RNAseq.g22477.t1",1,0,0,5.14446198637189e-09,"Monotonous",2,0.750421603100968,"ME2"
"Porites_compressa_HIv1___TS.g10113.t1",1,0,0,NA,NA,NA,NA,"ME0"
"Porites_compressa_HIv1___RNAseq.g22482.t1",1,0,0,0.000782037848431,"Monotonous",2,0.595799858338097,"ME4"
"Porites_compressa_HIv1___TS.g10117.t1",2,0,0,NA,NA,NA,NA,"ME0"
"Porites_compressa_HIv1___TS.g10118.t1",1,0,0,NA,NA,NA,NA,"ME0"
"Porites_compressa_HIv1___RNAseq.g22485.t1",1,0,0,0.0272811251736905,"Other",5,0.775276654920619,"ME1"
"Porites_compressa_HIv1___RNAseq.g22488.t1",1,0,0,NA,NA,NA,NA,"ME0"
"Porites_compressa_HIv1___RNAseq.g22490.t1",2,0,0,NA,NA,NA,NA,"ME0"
"Porites_compressa_HIv1___RNAseq.g22495.t1",0,0,1,NA,NA,NA,NA,"ME0"
"Porites_compressa_HIv1___TS.g10132.t3b",1,0,0,NA,NA,NA,NA,"ME1"
"Porites_compressa_HIv1___TS.g10136.t1",1,0,0,0.00837141938532644,"Transient",4,0.93446149107759,"ME3"
"Porites_compressa_HIv1___TS.g29946.t1b",0,1,0,0.000721171359156583,"Monotonous",2,0.957142311751855,"ME2"
"Porites_compressa_HIv1___RNAseq.g8632.t1",0,0,1,NA,NA,NA,NA,"ME0"
"Porites_compressa_HIv1___RNAseq.g8633.t1",2,0,0,0.00617121582614688,"Other",5,0.545199417994135,"ME1"
"Porites_compressa_HIv1___RNAseq.g3745.t1",1,0,1,NA,NA,NA,NA,"ME13"
"Porites_compressa_HIv1___RNAseq.g3754.t1",0,1,0,NA,NA,NA,NA,"ME1"
"Porites_compressa_HIv1___RNAseq.g3773.t1",1,0,0,NA,NA,NA,NA,"ME0"
"Porites_compressa_HIv1___RNAseq.g3746.t1",0,1,0,NA,NA,NA,NA,"ME1"
"Porites_compressa_HIv1___RNAseq.g3749.t1",0,1,0,0.0310187759377112,"Other",5,0.68086598872803,"ME1"
"Porites_compressa_HIv1___RNAseq.g3750.t1",0,1,0,NA,NA,NA,NA,"ME0"
"Porites_compressa_HIv1___RNAseq.g3753.t1",0,0,1,NA,NA,NA,NA,"ME0"
"Porites_compressa_HIv1___RNAseq.g3760.t1",0,2,0,NA,NA,NA,NA,"ME0"
"Porites_compressa_HIv1___RNAseq.g3761.t1",1,0,0,NA,NA,NA,NA,"ME0"
"Porites_compressa_HIv1___RNAseq.g3764.t1",1,0,0,NA,NA,NA,NA,"ME0"
"Porites_compressa_HIv1___RNAseq.g3765.t1",0,0,1,NA,NA,NA,NA,"ME2"
"Porites_compressa_HIv1___RNAseq.g3769.t1",1,0,0,0.00310668564848085,"Monotonous",6,0.644633032919657,"ME0"
"Porites_compressa_HIv1___RNAseq.g3771.t1",1,0,0,8.67971776582024e-05,"Monotonous",1,0.525562719885343,"ME5"
"Porites_compressa_HIv1___TS.g1893.t1",1,0,0,NA,NA,NA,NA,"ME2"
"Porites_compressa_HIv1___TS.g1901.t1",0,1,0,0.0221347412134365,"Other",2,0.592603208285722,"ME22"
"Porites_compressa_HIv1___TS.g1907.t1",0,1,1,0.00330642350541075,"Monotonous",NA,NA,"ME4"
"Porites_compressa_HIv1___RNAseq.g3808.t1",0,0,1,NA,NA,NA,NA,"ME1"
"Porites_compressa_HIv1___RNAseq.g3809.t1",0,0,1,NA,NA,NA,NA,"ME0"
"Porites_compressa_HIv1___RNAseq.g3811.t1",0,1,1,NA,NA,NA,NA,"ME0"
"Porites_compressa_HIv1___RNAseq.g3819.t1",0,1,0,0.000220454358662043,"Monotonous",6,0.896433219980962,"ME1"
"Porites_compressa_HIv1___TS.g1931.t1a",1,0,0,NA,NA,NA,NA,"ME1"
"Porites_compressa_HIv1___RNAseq.g3824.t1",2,0,1,NA,NA,NA,NA,"ME0"
"Porites_compressa_HIv1___RNAseq.g3825.t1",3,0,0,0.000360365106366205,"Monotonous",NA,NA,"ME4"
"Porites_compressa_HIv1___RNAseq.g3826.t1",1,0,0,NA,NA,NA,NA,"ME8"
"Porites_compressa_HIv1___RNAseq.g3834.t1",1,0,0,NA,NA,NA,NA,"ME0"
"Porites_compressa_HIv1___RNAseq.g3837.t1",0,1,0,NA,NA,NA,NA,"ME0"
"Porites_compressa_HIv1___RNAseq.g19986.t1",1,0,0,NA,NA,NA,NA,"ME0"
"Porites_compressa_HIv1___RNAseq.g8737.t1b",0,0,1,NA,NA,NA,NA,"ME6"
"Porites_compressa_HIv1___RNAseq.g8648.t1",1,0,0,NA,NA,NA,NA,"ME0"
"Porites_compressa_HIv1___RNAseq.g8674.t1b",1,0,0,NA,NA,NA,NA,"ME0"
"Porites_compressa_HIv1___RNAseq.g8690.t1",1,0,0,NA,NA,NA,NA,"ME0"
"Porites_compressa_HIv1___RNAseq.g8727.t1",1,0,0,NA,NA,NA,NA,"ME0"
"Porites_compressa_HIv1___RNAseq.g8639.t1",0,1,0,0.00866374788098263,"Other",5,0.59212469399784,"ME1"
"Porites_compressa_HIv1___RNAseq.g8640.t1",1,0,0,NA,NA,NA,NA,"ME0"
"Porites_compressa_HIv1___RNAseq.g8652.t1",2,0,0,NA,NA,NA,NA,"ME0"
"Porites_compressa_HIv1___RNAseq.g8653.t1",1,0,0,NA,NA,NA,NA,"ME0"
"Porites_compressa_HIv1___RNAseq.g8654.t1",1,0,0,NA,NA,NA,NA,"ME0"
"Porites_compressa_HIv1___TS.g29969.t2",0,0,1,NA,NA,NA,NA,"ME5"
"Porites_compressa_HIv1___RNAseq.g8661.t1",1,0,0,NA,NA,NA,NA,"ME0"
"Porites_compressa_HIv1___RNAseq.g8670.t1",0,1,0,NA,NA,NA,NA,"ME7"
"Porites_compressa_HIv1___RNAseq.g8671.t1",0,1,0,0.00658954800212291,"Other",1,0.913686654865355,"ME9"
"Porites_compressa_HIv1___RNAseq.g8676.t1",0,0,1,NA,NA,NA,NA,"ME0"
"Porites_compressa_HIv1___RNAseq.g8679.t1",1,0,0,0.00276838173729038,"Other",3,0.67320045587353,"ME4"
"Porites_compressa_HIv1___RNAseq.g8686.t2",0,1,0,NA,NA,NA,NA,"ME3"
"Porites_compressa_HIv1___RNAseq.g8701.t1",0,0,1,NA,NA,NA,NA,"ME1"
"Porites_compressa_HIv1___TS.g30028.t1a",1,0,2,NA,NA,NA,NA,"ME1"
"Porites_compressa_HIv1___TS.g30029.t2",0,3,0,NA,NA,NA,NA,"ME0"
"Porites_compressa_HIv1___RNAseq.g8712.t1",0,2,0,NA,NA,NA,NA,"ME0"
"Porites_compressa_HIv1___RNAseq.g8717.t1",1,0,0,0.0369140257255988,"Other",3,0.522712031759046,"ME2"
"Porites_compressa_HIv1___RNAseq.g8718.t1",1,0,0,NA,NA,NA,NA,"ME1"
"Porites_compressa_HIv1___TS.g30042.t1",1,0,0,NA,NA,NA,NA,"ME0"
"Porites_compressa_HIv1___RNAseq.g20087.t1",0,1,0,NA,NA,NA,NA,"ME7"
"Porites_compressa_HIv1___RNAseq.g32871.t1",1,1,0,NA,NA,NA,NA,"ME11"
"Porites_compressa_HIv1___RNAseq.g32872.t1",2,0,0,NA,NA,NA,NA,"ME1"
"Porites_compressa_HIv1___RNAseq.g32873.t1",1,1,0,0.00189886142831029,"Monotonous",2,0.579587311779156,"ME2"
"Porites_compressa_HIv1___RNAseq.g32875.t1",0,1,0,NA,NA,NA,NA,"ME0"
"Porites_compressa_HIv1___TS.g29234.t1",1,0,0,0.00508612660674941,"Monotonous",NA,NA,"ME4"
"Porites_compressa_HIv1___TS.g29237.t1b",1,0,0,NA,NA,NA,NA,"ME1"
"Porites_compressa_HIv1___TS.g29236.t1",1,0,0,8.02813333125906e-10,"Transient",3,0.577715650396719,"ME3"
"Porites_compressa_HIv1___RNAseq.g32884.t1",0,0,1,NA,NA,NA,NA,"ME0"
"Porites_compressa_HIv1___RNAseq.g32885.t1a",0,1,0,NA,NA,NA,NA,"ME0"
"Porites_compressa_HIv1___RNAseq.g32894.t1",0,1,0,NA,NA,NA,NA,"ME25"
"Porites_compressa_HIv1___RNAseq.g32895.t1",1,0,0,NA,NA,NA,NA,"ME0"
"Porites_compressa_HIv1___RNAseq.g32938.t1",1,0,0,NA,NA,NA,NA,"ME0"
"Porites_compressa_HIv1___TS.g29292.t1b",1,0,0,NA,NA,NA,NA,"ME13"
"Porites_compressa_HIv1___RNAseq.g32942.t1",0,0,1,NA,NA,NA,NA,"ME3"
"Porites_compressa_HIv1___TS.g29305.t1",1,0,0,NA,NA,NA,NA,"ME0"
"Porites_compressa_HIv1___RNAseq.g32952.t1",1,0,1,NA,NA,NA,NA,"ME0"
"Porites_compressa_HIv1___RNAseq.g32953.t1",1,0,0,NA,NA,NA,NA,"ME1"
"Porites_compressa_HIv1___RNAseq.g32957.t1",2,0,0,NA,NA,NA,NA,"ME17"
"Porites_compressa_HIv1___RNAseq.g39499.t1",1,0,0,NA,NA,NA,NA,"ME0"
"Porites_compressa_HIv1___RNAseq.g32945.t1",0,1,0,NA,NA,NA,NA,"ME0"
"Porites_compressa_HIv1___RNAseq.g39500.t1",1,0,0,NA,NA,NA,NA,"ME1"
"Porites_compressa_HIv1___RNAseq.g39501.t1",0,1,0,NA,NA,NA,NA,"ME0"
"Porites_compressa_HIv1___RNAseq.g39502.t1",1,0,1,NA,NA,NA,NA,"ME2"
"Porites_compressa_HIv1___RNAseq.g20016.t1",0,0,1,NA,NA,NA,NA,"ME0"
"Porites_compressa_HIv1___TS.g36055.t1",1,0,0,NA,NA,NA,NA,"ME16"
"Porites_compressa_HIv1___RNAseq.g19992.t1",1,0,0,NA,NA,NA,NA,"ME1"
"Porites_compressa_HIv1___RNAseq.g19994.t1",0,1,0,NA,NA,NA,NA,"ME0"
"Porites_compressa_HIv1___RNAseq.g19995.t1",0,1,0,NA,NA,NA,NA,"ME2"
"Porites_compressa_HIv1___TS.g36062.t1",0,0,1,NA,NA,NA,NA,"ME17"
"Porites_compressa_HIv1___RNAseq.g19999.t1",1,0,0,9.10428972492553e-09,"Monotonous",2,0.810905631181975,"ME5"
"Porites_compressa_HIv1___RNAseq.g20013.t1",1,0,0,NA,NA,NA,NA,"ME0"
"Porites_compressa_HIv1___RNAseq.g20026.t1",0,1,0,NA,NA,NA,NA,"ME1"
"Porites_compressa_HIv1___RNAseq.g20027.t1",0,1,0,NA,NA,NA,NA,"ME0"
"Porites_compressa_HIv1___RNAseq.g20029.t1a",1,0,0,NA,NA,NA,NA,"ME0"
"Porites_compressa_HIv1___RNAseq.g20036.t1",0,0,1,NA,NA,NA,NA,"ME1"
"Porites_compressa_HIv1___RNAseq.32321_t",1,0,0,0.0259051687544318,"Other",3,0.929068359065528,"ME3"
"Porites_compressa_HIv1___RNAseq.g20039.t1",0,2,0,0.0146605659202348,"Other",6,0.816383947955723,"ME1"
"Porites_compressa_HIv1___TS.g36106.t1",1,0,0,9.64682896944166e-05,"Monotonous",NA,NA,"ME19"
"Porites_compressa_HIv1___TS.g36107.t1",1,0,1,NA,NA,NA,NA,"ME1"
"Porites_compressa_HIv1___TS.g36108.t1",0,2,0,NA,NA,NA,NA,"ME10"
"Porites_compressa_HIv1___RNAseq.g20047.t1",0,0,1,NA,NA,NA,NA,"ME0"
"Porites_compressa_HIv1___TS.g36110.t1",0,0,1,NA,NA,NA,NA,"ME11"
"Porites_compressa_HIv1___RNAseq.g20050.t1",0,0,1,0.00970698991844067,"Transient",5,0.526623596739853,"ME1"
"Porites_compressa_HIv1___RNAseq.g20051.t1",1,0,0,0.0349588219676945,"Other",3,0.612619161911899,"ME3"
"Porites_compressa_HIv1___RNAseq.g20055.t1",1,0,0,0.0131156667413984,"Other",3,0.580900969824623,"ME2"
"Porites_compressa_HIv1___RNAseq.g20063.t1",1,0,0,0.00892429721305501,"Other",3,0.714421318920049,"ME3"
"Porites_compressa_HIv1___RNAseq.g20066.t1",1,1,0,NA,NA,NA,NA,"ME0"
"Porites_compressa_HIv1___RNAseq.g20075.t1",0,0,1,NA,NA,NA,NA,"ME0"
"Porites_compressa_HIv1___RNAseq.g20077.t2",0,0,1,NA,NA,NA,NA,"ME3"
"Porites_compressa_HIv1___RNAseq.g20078.t1",0,0,1,NA,NA,NA,NA,"ME0"
"Porites_compressa_HIv1___TS.g36139.t1",0,1,0,NA,NA,NA,NA,"ME0"
"Porites_compressa_HIv1___RNAseq.g20080.t1",1,1,0,NA,NA,NA,NA,"ME4"
"Porites_compressa_HIv1___RNAseq.g20081.t1",1,0,0,NA,NA,NA,NA,"ME0"
"Porites_compressa_HIv1___TS.g29254.t1c",0,1,1,NA,NA,NA,NA,"ME2"
"Porites_compressa_HIv1___RNAseq.g32904.t1",1,0,0,NA,NA,NA,NA,"ME1"
"Porites_compressa_HIv1___RNAseq.g32905.t1",1,0,0,NA,NA,NA,NA,"ME1"
"Porites_compressa_HIv1___RNAseq.g32916.t1",0,1,0,NA,NA,NA,NA,"ME0"
"Porites_compressa_HIv1___RNAseq.g32920.t1",1,0,0,8.24339576566586e-05,"Transient",6,0.570745161091263,"ME0"
"Porites_compressa_HIv1___RNAseq.g32929.t1",1,1,0,NA,NA,NA,NA,"ME2"
"Porites_compressa_HIv1___RNAseq.g9125.t1",0,1,0,NA,NA,NA,NA,"ME0"
"Porites_compressa_HIv1___RNAseq.g9120.t1",1,1,0,NA,NA,NA,NA,"ME0"
"Porites_compressa_HIv1___RNAseq.g9130.t1",0,1,0,NA,NA,NA,NA,"ME0"
"Porites_compressa_HIv1___TS.g31920.t1",0,1,0,9.65765725861162e-06,"Transient",5,0.890444097017321,"ME1"
"Porites_compressa_HIv1___RNAseq.g9143.t1b",1,0,0,NA,NA,NA,NA,"ME0"
"Porites_compressa_HIv1___RNAseq.g9145.t1",0,4,0,NA,NA,NA,NA,"ME0"
"Porites_compressa_HIv1___RNAseq.g9147.t1",1,0,0,NA,NA,NA,NA,"ME0"
"Porites_compressa_HIv1___RNAseq.g9149.t1",0,1,0,0.0029170963015684,"Monotonous",5,0.957989666451048,"ME1"
"Porites_compressa_HIv1___RNAseq.g9151.t1",0,0,1,0.0464908024374508,"Other",6,0.515550840115513,"ME1"
"Porites_compressa_HIv1___RNAseq.g9152.t1",0,0,1,0.00193496757403445,"Transient",5,0.8276724178302,"ME18"
"Porites_compressa_HIv1___RNAseq.g9154.t1",1,0,0,NA,NA,NA,NA,"ME0"
"Porites_compressa_HIv1___TS.g1467.t1",1,0,0,NA,NA,NA,NA,"ME0"
"Porites_compressa_HIv1___TS.g1403.t1",0,0,1,3.7070039950437e-07,"Monotonous",5,0.560259527831099,"ME1"
"Porites_compressa_HIv1___RNAseq.g39504.t1",1,0,1,0.00102909142291248,"Other",4,0.589365779619411,"ME3"
"Porites_compressa_HIv1___RNAseq.g39506.t1",1,0,0,NA,NA,NA,NA,"ME0"
"Porites_compressa_HIv1___RNAseq.g39510.t1b",0,1,0,0.00180903443425743,"Other",1,0.935081996678356,"ME12"
"Porites_compressa_HIv1___RNAseq.g39516.t1",0,2,0,NA,NA,NA,NA,"ME5"
"Porites_compressa_HIv1___RNAseq.g39519.t1",1,0,0,NA,NA,NA,NA,"ME0"
"Porites_compressa_HIv1___RNAseq.g39522.t1",0,1,0,NA,NA,NA,NA,"ME0"
"Porites_compressa_HIv1___RNAseq.g39523.t1",0,1,0,3.23411376720143e-05,"Monotonous",2,0.787405042416027,"ME2"
"Porites_compressa_HIv1___RNAseq.g39524.t1",1,0,0,NA,NA,NA,NA,"ME3"
"Porites_compressa_HIv1___RNAseq.g39526.t1",1,0,0,NA,NA,NA,NA,"ME0"
"Porites_compressa_HIv1___RNAseq.g39531.t1",0,1,1,0.00563636731973037,"Transient",5,0.880372694427233,"ME1"
"Porites_compressa_HIv1___TS.g1437.t1",0,1,0,NA,NA,NA,NA,"ME16"
"Porites_compressa_HIv1___RNAseq.g39534.t1",0,1,1,NA,NA,NA,NA,"ME23"
"Porites_compressa_HIv1___TS.g1442.t1a",0,1,1,NA,NA,NA,NA,"ME0"
"Porites_compressa_HIv1___RNAseq.g39537.t1",0,2,0,NA,NA,NA,NA,"ME7"
"Porites_compressa_HIv1___RNAseq.g39545.t1",1,0,0,NA,NA,NA,NA,"ME0"
"Porites_compressa_HIv1___RNAseq.g39550.t1",0,1,0,NA,NA,NA,NA,"ME6"
"Porites_compressa_HIv1___RNAseq.g39554.t1",0,0,1,NA,NA,NA,NA,"ME0"
"Porites_compressa_HIv1___RNAseq.g39555.t1",1,0,0,NA,NA,NA,NA,"ME0"
"Porites_compressa_HIv1___RNAseq.g39558.t1",1,0,1,NA,NA,NA,NA,"ME0"
"Porites_compressa_HIv1___RNAseq.g39561.t1",0,0,1,NA,NA,NA,NA,"ME0"
"Porites_compressa_HIv1___RNAseq.g39564.t1",0,1,0,NA,NA,NA,NA,"ME0"
"Porites_compressa_HIv1___RNAseq.g39568.t1",0,0,1,NA,NA,NA,NA,"ME2"
"Porites_compressa_HIv1___RNAseq.g39572.t1",2,0,0,NA,NA,NA,NA,"ME2"
"Porites_compressa_HIv1___RNAseq.g39575.t1",1,0,0,NA,NA,NA,NA,"ME1"
"Porites_compressa_HIv1___RNAseq.g39584.t1",1,0,0,0.00147695195607654,"Monotonous",2,0.971543359129792,"ME2"
"Porites_compressa_HIv1___RNAseq.g39589.t1",1,0,0,NA,NA,NA,NA,"ME1"
"Porites_compressa_HIv1___RNAseq.g9162.t1",1,0,0,NA,NA,NA,NA,"ME0"
"Porites_compressa_HIv1___RNAseq.g9168.t1",1,0,0,0.00153629680969792,"Transient",5,0.566533046828672,"ME14"
"Porites_compressa_HIv1___RNAseq.g9169.t1",1,0,0,0.000741084479181926,"Transient",5,0.549274549640528,"ME14"
"Porites_compressa_HIv1___RNAseq.g9171.t1",0,1,1,3.89947670689499e-06,"Transient",5,0.973917771837669,"ME1"
"Porites_compressa_HIv1___RNAseq.g9178.t1",1,0,0,NA,NA,NA,NA,"ME0"
"Porites_compressa_HIv1___RNAseq.g9179.t1",0,2,0,0.00491368464296177,"Monotonous",6,0.749550327122724,"ME1"
"Porites_compressa_HIv1___RNAseq.g9180.t1",0,2,0,NA,NA,NA,NA,"ME0"
"Porites_compressa_HIv1___RNAseq.g14060.t1a",0,1,0,NA,NA,NA,NA,"ME0"
"Porites_compressa_HIv1___RNAseq.g14071.t1",0,1,1,NA,NA,NA,NA,"ME8"
"Porites_compressa_HIv1___RNAseq.g14075.t1",0,0,1,NA,NA,NA,NA,"ME0"
"Porites_compressa_HIv1___RNAseq.g25762.t1",0,3,0,0.000561192337285279,"Other",5,0.614142518328332,"ME0"
"Porites_compressa_HIv1___RNAseq.g9252.t1",1,0,0,NA,NA,NA,NA,"ME4"
"Porites_compressa_HIv1___RNAseq.g9272.t1",0,1,0,NA,NA,NA,NA,"ME0"
"Porites_compressa_HIv1___TS.g40624.t1",1,0,0,NA,NA,NA,NA,"ME1"
"Porites_compressa_HIv1___RNAseq.g9242.t1",0,1,0,NA,NA,NA,NA,"ME1"
"Porites_compressa_HIv1___RNAseq.g9244.t1",0,0,1,NA,NA,NA,NA,"ME25"
"Porites_compressa_HIv1___RNAseq.g9246.t1",0,0,1,NA,NA,NA,NA,"ME25"
"Porites_compressa_HIv1___RNAseq.g9249.t1",1,1,0,NA,NA,NA,NA,"ME0"
"Porites_compressa_HIv1___TS.g40590.t1a",1,0,1,NA,NA,NA,NA,"ME25"
"Porites_compressa_HIv1___RNAseq.g9251.t1",1,0,0,NA,NA,NA,NA,"ME25"
"Porites_compressa_HIv1___RNAseq.g9253.t1",0,0,1,3.16418407732371e-05,"Monotonous",2,0.824130692573153,"ME2"
"Porites_compressa_HIv1___TS.g40596.t1",0,0,1,3.55239413717817e-05,"Monotonous",2,0.605926645362141,"ME2"
"Porites_compressa_HIv1___RNAseq.g9259.t1",0,0,1,NA,NA,NA,NA,"ME0"
"Porites_compressa_HIv1___RNAseq.g9262.t1",1,0,0,NA,NA,NA,NA,"ME0"
"Porites_compressa_HIv1___TS.g40605.t1",1,0,0,NA,NA,NA,NA,"ME3"
"Porites_compressa_HIv1___RNAseq.g9266.t1",0,1,0,NA,NA,NA,NA,"ME0"
"Porites_compressa_HIv1___RNAseq.g9268.t1",0,0,2,3.88106743363211e-10,"Monotonous",2,0.928165135766172,"ME4"
"Porites_compressa_HIv1___TS.g40610.t1",1,0,0,7.58290480160262e-07,"Monotonous",2,0.771523495939206,"ME2"
"Porites_compressa_HIv1___RNAseq.g9270.t1",2,1,0,0.0189504084508563,"Monotonous",6,0.969623667136237,"ME13"
"Porites_compressa_HIv1___RNAseq.g9271.t1",2,1,0,NA,NA,NA,NA,"ME0"
"Porites_compressa_HIv1___RNAseq.g9283.t1",1,0,0,NA,NA,NA,NA,"ME0"
"Porites_compressa_HIv1___RNAseq.g9284.t1",1,1,0,NA,NA,NA,NA,"ME0"
"Porites_compressa_HIv1___RNAseq.g9287.t1",1,0,0,NA,NA,NA,NA,"ME1"
"Porites_compressa_HIv1___RNAseq.g9290.t1",0,0,1,NA,NA,NA,NA,"ME0"
"Porites_compressa_HIv1___RNAseq.g9291.t1",1,0,0,1.18504406779625e-06,"Monotonous",5,0.624674383370954,"ME1"
"Porites_compressa_HIv1___RNAseq.g9301.t1",1,0,0,NA,NA,NA,NA,"ME1"
"Porites_compressa_HIv1___RNAseq.g9302.t1",1,0,0,NA,NA,NA,NA,"ME0"
"Porites_compressa_HIv1___RNAseq.g9303.t1",1,0,0,NA,NA,NA,NA,"ME0"
"Porites_compressa_HIv1___RNAseq.g9304.t1",2,0,0,0.0461988240373979,"Other",4,0.950154908042522,"ME3"
"Porites_compressa_HIv1___RNAseq.g9305.t1",0,1,0,NA,NA,NA,NA,"ME3"
"Porites_compressa_HIv1___RNAseq.g9306.t1",0,0,1,0.00432632579042523,"Other",3,0.635926096379068,"ME3"
"Porites_compressa_HIv1___RNAseq.g9307.t1",0,0,1,0.0349829026367905,"Other",3,0.549532131793603,"ME3"
"Porites_compressa_HIv1___RNAseq.g9308.t1",1,0,0,2.38328109153862e-13,"Monotonous",1,0.742623584828304,"ME2"
"Porites_compressa_HIv1___RNAseq.g9309.t1",1,0,0,NA,NA,NA,NA,"ME0"
"Porites_compressa_HIv1___RNAseq.g9311.t1",0,1,0,NA,NA,NA,NA,"ME0"
"Porites_compressa_HIv1___RNAseq.g9312.t1",0,1,0,NA,NA,NA,NA,"ME0"
"Porites_compressa_HIv1___RNAseq.g9316.t1",1,0,0,0.0409616533370012,"Monotonous",1,0.717626896753007,"ME10"
"Porites_compressa_HIv1___RNAseq.g9320.t1",0,0,1,NA,NA,NA,NA,"ME0"
"Porites_compressa_HIv1___RNAseq.g9321.t1",0,0,1,NA,NA,NA,NA,"ME19"
"Porites_compressa_HIv1___RNAseq.g9326.t1",1,0,0,NA,NA,NA,NA,"ME0"
"Porites_compressa_HIv1___RNAseq.g9333.t1",1,0,0,NA,NA,NA,NA,"ME6"
"Porites_compressa_HIv1___RNAseq.g9334.t1",0,1,0,0.0178951772286126,"Other",6,0.867421683801209,"ME6"
"Porites_compressa_HIv1___RNAseq.g9337.t1",1,0,0,NA,NA,NA,NA,"ME0"
"Porites_compressa_HIv1___RNAseq.g14130.t1",0,1,0,NA,NA,NA,NA,"ME0"
"Porites_compressa_HIv1___RNAseq.g14109.t1a",1,0,0,NA,NA,NA,NA,"ME4"
"Porites_compressa_HIv1___RNAseq.g14110.t1",1,0,0,0.0215971277010137,"Transient",3,0.718367970108328,"ME3"
"Porites_compressa_HIv1___RNAseq.g14112.t1",1,0,0,NA,NA,NA,NA,"ME1"
"Porites_compressa_HIv1___RNAseq.g14115.t1",1,0,0,NA,NA,NA,NA,"ME0"
"Porites_compressa_HIv1___RNAseq.g23781.t1",1,0,0,NA,NA,NA,NA,"ME0"
"Porites_compressa_HIv1___TS.g37108.t1",2,0,0,NA,NA,NA,NA,"ME0"
"Porites_compressa_HIv1___TS.g37113.t1",0,0,1,NA,NA,NA,NA,"ME1"
"Porites_compressa_HIv1___RNAseq.g25857.t1",2,0,0,NA,NA,NA,NA,"ME0"
"Porites_compressa_HIv1___RNAseq.g25858.t1",1,0,0,9.81955052756404e-05,"Transient",3,0.755740643590968,"ME3"
"Porites_compressa_HIv1___TS.g37026.t2",1,0,0,NA,NA,NA,NA,"ME0"
"Porites_compressa_HIv1___RNAseq.g25772.t1",1,1,0,NA,NA,NA,NA,"ME10"
"Porites_compressa_HIv1___RNAseq.g25773.t1",1,0,0,0.0268863800924803,"Other",3,0.685758081063643,"ME3"
"Porites_compressa_HIv1___TS.g37039.t1",1,0,1,0.0193668439497437,"Transient",4,0.935601090062204,"ME3"
"Porites_compressa_HIv1___RNAseq.g25783.t1",1,0,0,0.0120681131537664,"Other",4,0.817532927565614,"ME3"
"Porites_compressa_HIv1___RNAseq.g25784.t1",0,1,0,7.8327965170454e-05,"Transient",4,0.818044516698337,"ME0"
"Porites_compressa_HIv1___RNAseq.g25785.t1",0,1,0,NA,NA,NA,NA,"ME0"
"Porites_compressa_HIv1___RNAseq.g25789.t1",0,0,1,0.00794940350406248,"Monotonous",1,0.843359255533664,"ME2"
"Porites_compressa_HIv1___TS.g37048.t1",2,0,0,9.43432576468097e-10,"Monotonous",2,0.652354846465707,"ME2"
"Porites_compressa_HIv1___RNAseq.g25791.t1",0,1,0,NA,NA,NA,NA,"ME3"
"Porites_compressa_HIv1___RNAseq.g25805.t1",0,1,0,NA,NA,NA,NA,"ME0"
"Porites_compressa_HIv1___RNAseq.g25806.t1",0,1,0,0.039303892722077,"Other",3,0.667666291708348,"ME3"
"Porites_compressa_HIv1___RNAseq.g25807.t1",0,0,1,0.0323539075228582,"Other",2,0.657456502082471,"ME2"
"Porites_compressa_HIv1___RNAseq.g25809.t1",0,1,0,5.13570715861286e-06,"Monotonous",1,0.727263769208139,"ME2"
"Porites_compressa_HIv1___RNAseq.g25811.t1",1,0,0,0.000115409475959261,"Transient",3,0.62581013890677,"ME3"
"Porites_compressa_HIv1___TS.g37068.t1a",0,1,0,NA,NA,NA,NA,"ME0"
"Porites_compressa_HIv1___RNAseq.g25819.t1",1,0,0,0.000315369740987901,"Monotonous",2,0.740342222879801,"ME2"
"Porites_compressa_HIv1___RNAseq.g25820.t1",0,0,2,NA,NA,NA,NA,"ME0"
"Porites_compressa_HIv1___RNAseq.g25821.t1",1,2,0,0.00937911862507661,"Other",NA,NA,"ME0"
"Porites_compressa_HIv1___RNAseq.g25826.t1",0,1,0,0.000773183835922742,"Monotonous",3,0.879816007853794,"ME2"
"Porites_compressa_HIv1___RNAseq.32879_t",0,1,0,NA,NA,NA,NA,"ME2"
"Porites_compressa_HIv1___RNAseq.g25830.t1",0,0,1,NA,NA,NA,NA,"ME2"
"Porites_compressa_HIv1___RNAseq.g25831.t1",1,0,0,NA,NA,NA,NA,"ME1"
"Porites_compressa_HIv1___RNAseq.g25840.t1",0,1,0,NA,NA,NA,NA,"ME1"
"Porites_compressa_HIv1___RNAseq.g25841.t1",0,1,0,NA,NA,NA,NA,"ME0"
"Porites_compressa_HIv1___RNAseq.g25842.t1",0,1,0,NA,NA,NA,NA,"ME0"
"Porites_compressa_HIv1___RNAseq.g25846.t1",0,1,0,0.0367370087770684,"Transient",NA,NA,"ME0"
"Porites_compressa_HIv1___TS.g37103.t1",0,1,0,NA,NA,NA,NA,"ME0"
"Porites_compressa_HIv1___TS.g13702.t1",0,1,1,NA,NA,NA,NA,"ME1"
"Porites_compressa_HIv1___RNAseq.g23807.t1",0,0,1,NA,NA,NA,NA,"ME0"
"Porites_compressa_HIv1___RNAseq.g23827.t1",0,1,0,0.0318407476062882,"Other",1,0.790652563630645,"ME0"
"Porites_compressa_HIv1___RNAseq.g23828.t1",1,1,0,NA,NA,NA,NA,"ME0"
"Porites_compressa_HIv1___RNAseq.g23804.t1",1,0,0,NA,NA,NA,NA,"ME0"
"Porites_compressa_HIv1___RNAseq.g23923.t2",0,1,0,NA,NA,NA,NA,"ME1"
"Porites_compressa_HIv1___TS.g13810.t1",0,2,0,NA,NA,NA,NA,"ME0"
"Porites_compressa_HIv1___TS.g27454.t1",1,0,1,0.0105344609358461,"Monotonous",2,0.736798209103696,"ME2"
"Porites_compressa_HIv1___RNAseq.g23837.t1",0,0,1,NA,NA,NA,NA,"ME20"
"Porites_compressa_HIv1___RNAseq.g23860.t1",1,0,0,NA,NA,NA,NA,"ME6"
"Porites_compressa_HIv1___RNAseq.g23866.t1",0,1,0,NA,NA,NA,NA,"ME1"
"Porites_compressa_HIv1___RNAseq.g7909.t1",1,0,0,0.000190265100406826,"Monotonous",5,0.740158090269472,"ME1"
"Porites_compressa_HIv1___TS.g27527.t1",0,0,1,6.05084943607581e-13,"Monotonous",2,0.893963946596898,"ME2"
"Porites_compressa_HIv1___RNAseq.g7969.t1",1,0,0,NA,NA,NA,NA,"ME0"
"Porites_compressa_HIv1___RNAseq.g7972.t1",1,0,0,NA,NA,NA,NA,"ME0"
"Porites_compressa_HIv1___RNAseq.g7975.t1",1,0,0,NA,NA,NA,NA,"ME0"
"Porites_compressa_HIv1___RNAseq.g7911.t1",1,0,0,0.00279163348852951,"Transient",5,0.95163480534616,"ME1"
"Porites_compressa_HIv1___RNAseq.g7913.t1",0,1,0,0.000432151320863631,"Monotonous",2,0.610458791444935,"ME5"
"Porites_compressa_HIv1___RNAseq.g7917.t1",0,1,0,NA,NA,NA,NA,"ME0"
"Porites_compressa_HIv1___RNAseq.g7921.t1",1,0,0,0.00252146850827935,"Monotonous",1,0.918012970963892,"ME2"
"Porites_compressa_HIv1___RNAseq.g7930.t1",0,0,1,NA,NA,NA,NA,"ME0"
"Porites_compressa_HIv1___RNAseq.g7931.t1",0,0,1,NA,NA,NA,NA,"ME0"
"Porites_compressa_HIv1___RNAseq.g7956.t1",1,0,0,0.00656113679639385,"Monotonous",2,0.701332848431568,"ME5"
"Porites_compressa_HIv1___RNAseq.g7957.t1",1,0,0,0.00135402248738726,"Monotonous",2,0.815919169316807,"ME5"
"Porites_compressa_HIv1___RNAseq.g7962.t1",0,0,1,0.000347299289454365,"Monotonous",1,0.880750767169506,"ME16"
"Porites_compressa_HIv1___RNAseq.g7963.t1",0,0,1,2.7390103208451e-05,"Monotonous",2,0.962037459633863,"ME16"
"Porites_compressa_HIv1___RNAseq.g7964.t1",0,0,1,8.11726137504329e-05,"Monotonous",2,0.957796750924286,"ME16"
"Porites_compressa_HIv1___RNAseq.g7965.t1",0,1,0,NA,NA,NA,NA,"ME2"
"Porites_compressa_HIv1___RNAseq.g7966.t1",0,1,1,1.18436530278978e-10,"Monotonous",2,0.822918754227813,"ME2"
"Porites_compressa_HIv1___RNAseq.g7967.t1",0,1,0,0.0057008428206831,"Monotonous",2,0.729592062919838,"ME2"
"Porites_compressa_HIv1___RNAseq.g7977.t1",0,0,1,NA,NA,NA,NA,"ME25"
"Porites_compressa_HIv1___RNAseq.g7979.t1",1,0,0,NA,NA,NA,NA,"ME0"
"Porites_compressa_HIv1___RNAseq.g7981.t1",0,0,1,NA,NA,NA,NA,"ME0"
"Porites_compressa_HIv1___RNAseq.g9063.t1",1,0,0,NA,NA,NA,NA,"ME0"
"Porites_compressa_HIv1___RNAseq.g9087.t1",0,1,0,NA,NA,NA,NA,"ME0"
"Porites_compressa_HIv1___TS.g1539.t1",1,0,0,NA,NA,NA,NA,"ME14"
"Porites_compressa_HIv1___RNAseq.g9064.t1",1,0,0,NA,NA,NA,NA,"ME0"
"Porites_compressa_HIv1___TS.g1505.t1",1,0,0,NA,NA,NA,NA,"ME0"
"Porites_compressa_HIv1___TS.g1510.t1",1,1,0,0.0463502123049872,"Other",5,0.68868781634456,"ME0"
"Porites_compressa_HIv1___RNAseq.g9074.t1",1,0,0,NA,NA,NA,NA,"ME0"
"Porites_compressa_HIv1___RNAseq.g9079.t1",1,0,0,NA,NA,NA,NA,"ME5"
"Porites_compressa_HIv1___RNAseq.g9081.t1",1,0,0,NA,NA,NA,NA,"ME0"
"Porites_compressa_HIv1___RNAseq.g9082.t1",2,0,0,NA,NA,NA,NA,"ME1"
"Porites_compressa_HIv1___RNAseq.g9083.t1",1,0,0,NA,NA,NA,NA,"ME0"
"Porites_compressa_HIv1___RNAseq.g9084.t1",1,0,0,0.0186743827486096,"Other",4,0.643019772118229,"ME3"
"Porites_compressa_HIv1___RNAseq.g9085.t1",1,0,0,NA,NA,NA,NA,"ME3"
"Porites_compressa_HIv1___RNAseq.g9086.t1",1,0,0,NA,NA,NA,NA,"ME0"
"Porites_compressa_HIv1___TS.g1531.t1",0,1,1,0.00792904451013314,"Other",5,0.964692125976971,"ME1"
"Porites_compressa_HIv1___RNAseq.g9096.t1",0,1,1,NA,NA,NA,NA,"ME18"
"Porites_compressa_HIv1___RNAseq.g9097.t1",1,0,0,NA,NA,NA,NA,"ME0"
"Porites_compressa_HIv1___RNAseq.g9103.t1",0,2,0,NA,NA,NA,NA,"ME0"
"Porites_compressa_HIv1___RNAseq.g9104.t1",1,0,0,NA,NA,NA,NA,"ME4"
"Porites_compressa_HIv1___RNAseq.g9107.t1",1,0,0,NA,NA,NA,NA,"ME0"
"Porites_compressa_HIv1___RNAseq.g9108.t1",1,0,0,NA,NA,NA,NA,"ME1"
"Porites_compressa_HIv1___RNAseq.g9109.t1",1,1,0,NA,NA,NA,NA,"ME1"
"Porites_compressa_HIv1___RNAseq.g9112.t1",1,1,0,NA,NA,NA,NA,"ME1"
"Porites_compressa_HIv1___RNAseq.g32661.t2",1,0,0,NA,NA,NA,NA,"ME7"
"Porites_compressa_HIv1___RNAseq.g32664.t1",1,0,1,NA,NA,NA,NA,"ME0"
"Porites_compressa_HIv1___TS.g5.t1",0,1,0,NA,NA,NA,NA,"ME2"
"Porites_compressa_HIv1___RNAseq.g32672.t1",0,0,1,NA,NA,NA,NA,"ME8"
"Porites_compressa_HIv1___RNAseq.g32685.t1",0,1,0,NA,NA,NA,NA,"ME0"
"Porites_compressa_HIv1___TS.g23.t1",0,0,1,NA,NA,NA,NA,"ME5"
"Porites_compressa_HIv1___RNAseq.g32701.t1",0,1,0,NA,NA,NA,NA,"ME0"
"Porites_compressa_HIv1___RNAseq.g32706.t1",0,1,0,NA,NA,NA,NA,"ME2"
"Porites_compressa_HIv1___RNAseq.g32710.t1",1,0,0,0.000241983337960817,"Other",6,0.508171277452532,"ME1"
"Porites_compressa_HIv1___RNAseq.g32714.t1",1,0,0,NA,NA,NA,NA,"ME0"
"Porites_compressa_HIv1___RNAseq.g32726.t1",1,0,0,NA,NA,NA,NA,"ME0"
"Porites_compressa_HIv1___RNAseq.g32731.t2",0,1,0,NA,NA,NA,NA,"ME3"
"Porites_compressa_HIv1___RNAseq.g32732.t1",0,1,0,0.000235264758209547,"Transient",5,0.973158397492651,"ME1"
"Porites_compressa_HIv1___RNAseq.g32733.t1",1,0,0,NA,NA,NA,NA,"ME1"
"Porites_compressa_HIv1___RNAseq.g32734.t1",1,0,0,NA,NA,NA,NA,"ME0"
"Porites_compressa_HIv1___TS.g62.t1",1,0,0,0.0283542409754738,"Other",5,0.882465044720341,"ME1"
"Porites_compressa_HIv1___RNAseq.g32739.t1",1,0,0,NA,NA,NA,NA,"ME0"
"Porites_compressa_HIv1___RNAseq.g18079.t1",1,0,0,0.00606647298045696,"Other",3,0.838991632954573,"ME3"
"Porites_compressa_HIv1___RNAseq.g8997.t1",0,3,0,NA,NA,NA,NA,"ME0"
"Porites_compressa_HIv1___RNAseq.g8998.t1",0,1,0,NA,NA,NA,NA,"ME6"
"Porites_compressa_HIv1___RNAseq.g9000.t1",0,1,0,NA,NA,NA,NA,"ME0"
"Porites_compressa_HIv1___RNAseq.g9022.t1",0,1,0,NA,NA,NA,NA,"ME0"
"Porites_compressa_HIv1___RNAseq.g8990.t1",0,0,1,NA,NA,NA,NA,"ME0"
"Porites_compressa_HIv1___RNAseq.g8994.t1",0,1,0,NA,NA,NA,NA,"ME0"
"Porites_compressa_HIv1___RNAseq.g9016.t1",0,1,0,NA,NA,NA,NA,"ME0"
"Porites_compressa_HIv1___RNAseq.g9025.t1",0,3,0,NA,NA,NA,NA,"ME4"
"Porites_compressa_HIv1___RNAseq.g9032.t1",1,1,0,NA,NA,NA,NA,"ME0"
"Porites_compressa_HIv1___RNAseq.g9046.t1",0,1,0,0.004556377825161,"Transient",NA,NA,"ME3"
"Porites_compressa_HIv1___RNAseq.g9048.t1",0,2,0,0.0157080268335713,"Monotonous",5,0.893842907973614,"ME18"
"Porites_compressa_HIv1___RNAseq.g9049.t1",0,1,0,NA,NA,NA,NA,"ME1"
"Porites_compressa_HIv1___TS.g29798.t2",1,0,0,NA,NA,NA,NA,"ME10"
"Porites_compressa_HIv1___RNAseq.g9055.t1",1,0,0,NA,NA,NA,NA,"ME1"
"Porites_compressa_HIv1___TS.g29804.t1",0,1,0,NA,NA,NA,NA,"ME10"
"Porites_compressa_HIv1___TS.g29808.t2",0,0,1,0.00656038321749419,"Other",6,0.934854996258434,"ME2"
"Porites_compressa_HIv1___RNAseq.g18136.t1",1,0,0,NA,NA,NA,NA,"ME0"
"Porites_compressa_HIv1___TS.g23049.t1",1,0,0,NA,NA,NA,NA,"ME4"
"Porites_compressa_HIv1___RNAseq.g18130.t1",1,0,0,NA,NA,NA,NA,"ME0"
"Porites_compressa_HIv1___RNAseq.g18148.t1",1,0,0,NA,NA,NA,NA,"ME0"
"Porites_compressa_HIv1___RNAseq.g18151.t1",0,1,0,NA,NA,NA,NA,"ME0"
"Porites_compressa_HIv1___RNAseq.g18115.t1",0,1,0,NA,NA,NA,NA,"ME0"
"Porites_compressa_HIv1___RNAseq.g18081.t1",1,0,0,NA,NA,NA,NA,"ME3"
"Porites_compressa_HIv1___RNAseq.g18083.t1",0,0,1,4.0413170108091e-05,"Monotonous",2,0.615081156325545,"ME2"
"Porites_compressa_HIv1___RNAseq.g18089.t1",0,1,0,NA,NA,NA,NA,"ME0"
"Porites_compressa_HIv1___RNAseq.g18093.t1",0,0,1,0.0290327791238548,"Monotonous",2,0.584187732520624,"ME5"
"Porites_compressa_HIv1___RNAseq.g18101.t1",0,0,1,NA,NA,NA,NA,"ME1"
"Porites_compressa_HIv1___RNAseq.g18102.t1",0,0,1,NA,NA,NA,NA,"ME0"
"Porites_compressa_HIv1___RNAseq.g18112.t1",0,1,0,NA,NA,NA,NA,"ME4"
"Porites_compressa_HIv1___RNAseq.g18116.t1",1,0,0,NA,NA,NA,NA,"ME0"
"Porites_compressa_HIv1___RNAseq.g18117.t1",0,1,0,0.00661620764158096,"Other",4,0.663242070398738,"ME0"
"Porites_compressa_HIv1___RNAseq.g18121.t1",1,0,0,0.0333296978671114,"Transient",4,0.90711126296848,"ME0"
"Porites_compressa_HIv1___RNAseq.g18123.t2",1,0,0,NA,NA,NA,NA,"ME4"
"Porites_compressa_HIv1___RNAseq.g39449.t1",0,1,0,0.00012628719122651,"Monotonous",6,0.869646915016232,"ME6"
"Porites_compressa_HIv1___RNAseq.g39450.t1",1,0,0,NA,NA,NA,NA,"ME0"
"Porites_compressa_HIv1___RNAseq.g39453.t1",1,0,0,NA,NA,NA,NA,"ME1"
"Porites_compressa_HIv1___TS.g6229.t1",2,0,1,NA,NA,NA,NA,"ME14"
"Porites_compressa_HIv1___RNAseq.g39467.t1",0,1,0,NA,NA,NA,NA,"ME0"
"Porites_compressa_HIv1___RNAseq.g39485.t1",1,1,0,NA,NA,NA,NA,"ME15"
"Porites_compressa_HIv1___RNAseq.g39487.t1",1,0,1,NA,NA,NA,NA,"ME0"
"Porites_compressa_HIv1___RNAseq.g39489.t1",0,1,0,NA,NA,NA,NA,"ME11"
"Porites_compressa_HIv1___RNAseq.g35916.t1",1,0,0,NA,NA,NA,NA,"ME0"
"Porites_compressa_HIv1___RNAseq.g35917.t1",0,0,1,NA,NA,NA,NA,"ME0"
"Porites_compressa_HIv1___RNAseq.g18613.t1",0,1,0,NA,NA,NA,NA,"ME0"
"Porites_compressa_HIv1___RNAseq.33512_t",0,0,1,0.0249229736395854,"Other",3,0.564347596050721,"ME4"
"Porites_compressa_HIv1___RNAseq.g35921.t1",0,1,0,NA,NA,NA,NA,"ME1"
"Porites_compressa_HIv1___RNAseq.g35923.t1",1,0,0,NA,NA,NA,NA,"ME0"
"Porites_compressa_HIv1___RNAseq.33488_t",0,1,0,NA,NA,NA,NA,"ME1"
"Porites_compressa_HIv1___RNAseq.g35925.t1",1,0,0,NA,NA,NA,NA,"ME0"
"Porites_compressa_HIv1___RNAseq.g35931.t1",0,0,1,0.00227186877642578,"Other",2,0.758032049679748,"ME14"
"Porites_compressa_HIv1___RNAseq.g35937.t1",0,0,1,NA,NA,NA,NA,"ME0"
"Porites_compressa_HIv1___RNAseq.g35889.t1",1,0,0,NA,NA,NA,NA,"ME4"
"Porites_compressa_HIv1___RNAseq.g35890.t1",0,1,0,NA,NA,NA,NA,"ME2"
"Porites_compressa_HIv1___RNAseq.g35905.t1",0,1,0,NA,NA,NA,NA,"ME0"
"Porites_compressa_HIv1___RNAseq.g35908.t1",1,0,0,NA,NA,NA,NA,"ME1"
"Porites_compressa_HIv1___RNAseq.g35913.t1",1,0,0,NA,NA,NA,NA,"ME0"
"Porites_compressa_HIv1___RNAseq.g21709.t1",1,0,0,NA,NA,NA,NA,"ME0"
"Porites_compressa_HIv1___RNAseq.g21716.t1",0,0,1,NA,NA,NA,NA,"ME3"
"Porites_compressa_HIv1___RNAseq.g21715.t1",0,0,1,NA,NA,NA,NA,"ME2"
"Porites_compressa_HIv1___TS.g19724.t1",0,1,0,NA,NA,NA,NA,"ME0"
"Porites_compressa_HIv1___RNAseq.g18622.t1",0,0,1,NA,NA,NA,NA,"ME0"
"Porites_compressa_HIv1___TS.g19702.t1",0,0,1,NA,NA,NA,NA,"ME0"
"Porites_compressa_HIv1___TS.g19703.t1b",0,2,0,NA,NA,NA,NA,"ME0"
"Porites_compressa_HIv1___RNAseq.g18638.t1",0,0,1,NA,NA,NA,NA,"ME0"
"Porites_compressa_HIv1___RNAseq.g18639.t1",1,0,0,NA,NA,NA,NA,"ME6"
"Porites_compressa_HIv1___RNAseq.g18647.t1",1,0,1,NA,NA,NA,NA,"ME0"
"Porites_compressa_HIv1___TS.g19725.t1",0,0,1,2.06847719367597e-07,"Monotonous",2,0.936664051030555,"ME2"
"Porites_compressa_HIv1___RNAseq.g18651.t1",1,0,0,NA,NA,NA,NA,"ME3"
"Porites_compressa_HIv1___RNAseq.g18654.t1",2,0,0,NA,NA,NA,NA,"ME1"
"Porites_compressa_HIv1___RNAseq.g18655.t1",1,0,0,NA,NA,NA,NA,"ME1"
"Porites_compressa_HIv1___RNAseq.g18660.t1",0,1,0,0.0200553827726715,"Transient",NA,NA,"ME1"
"Porites_compressa_HIv1___RNAseq.g18665.t1",0,2,0,NA,NA,NA,NA,"ME1"
"Porites_compressa_HIv1___RNAseq.g23314.t1",1,0,0,NA,NA,NA,NA,"ME0"
"Porites_compressa_HIv1___RNAseq.g23318.t1",1,0,0,1.15311747912426e-07,"Monotonous",1,0.918249866669204,"ME1"
"Porites_compressa_HIv1___RNAseq.g21727.t1",0,0,1,NA,NA,NA,NA,"ME1"
"Porites_compressa_HIv1___RNAseq.g21750.t1",1,0,0,1.10212106784569e-06,"Monotonous",2,0.926485008390726,"ME4"
"Porites_compressa_HIv1___RNAseq.g21764.t1b",0,1,0,NA,NA,NA,NA,"ME7"
"Porites_compressa_HIv1___RNAseq.g21732.t1",1,0,0,NA,NA,NA,NA,"ME0"
"Porites_compressa_HIv1___RNAseq.g21734.t1",0,0,1,NA,NA,NA,NA,"ME1"
"Porites_compressa_HIv1___RNAseq.g21736.t1",0,1,0,NA,NA,NA,NA,"ME1"
"Porites_compressa_HIv1___RNAseq.g21740.t1",1,0,0,NA,NA,NA,NA,"ME0"
"Porites_compressa_HIv1___RNAseq.g21746.t1",1,0,0,NA,NA,NA,NA,"ME0"
"Porites_compressa_HIv1___RNAseq.g21747.t1",1,0,0,NA,NA,NA,NA,"ME0"
"Porites_compressa_HIv1___RNAseq.g21748.t1",0,1,0,NA,NA,NA,NA,"ME0"
"Porites_compressa_HIv1___RNAseq.g21749.t1",0,0,1,NA,NA,NA,NA,"ME1"
"Porites_compressa_HIv1___RNAseq.g21752.t1",1,0,0,NA,NA,NA,NA,"ME0"
"Porites_compressa_HIv1___RNAseq.g21757.t1",1,0,0,NA,NA,NA,NA,"ME1"
"Porites_compressa_HIv1___RNAseq.g21759.t1",0,2,0,NA,NA,NA,NA,"ME1"
"Porites_compressa_HIv1___RNAseq.g21763.t1",0,1,0,0.0262514167033304,"Other",4,0.711214243472994,"ME0"
"Porites_compressa_HIv1___RNAseq.g21765.t1a",0,1,0,NA,NA,NA,NA,"ME3"
"Porites_compressa_HIv1___RNAseq.g21766.t1",0,1,0,NA,NA,NA,NA,"ME0"
"Porites_compressa_HIv1___TS.g6193.t1",1,0,0,NA,NA,NA,NA,"ME1"
"Porites_compressa_HIv1___RNAseq.g21768.t1",1,0,0,NA,NA,NA,NA,"ME5"
"Porites_compressa_HIv1___RNAseq.g21769.t1",1,0,0,NA,NA,NA,NA,"ME0"
"Porites_compressa_HIv1___RNAseq.33623_t",0,1,0,0.000236404399048452,"Monotonous",2,0.959863761126433,"ME4"
"Porites_compressa_HIv1___TS.g6197.t1b",0,0,1,NA,NA,NA,NA,"ME0"
"Porites_compressa_HIv1___RNAseq.g22327.t1",1,0,0,NA,NA,NA,NA,"ME1"
"Porites_compressa_HIv1___TS.g36499.t2",0,1,1,0.000461103249649348,"Monotonous",6,0.948992052192468,"ME1"
"Porites_compressa_HIv1___RNAseq.g22340.t1",0,1,0,NA,NA,NA,NA,"ME0"
"Porites_compressa_HIv1___RNAseq.g2610.t1",1,0,1,NA,NA,NA,NA,"ME0"
"Porites_compressa_HIv1___RNAseq.g2611.t1",2,0,0,NA,NA,NA,NA,"ME0"
"Porites_compressa_HIv1___RNAseq.g2612.t1",0,0,1,NA,NA,NA,NA,"ME5"
"Porites_compressa_HIv1___RNAseq.g2613.t1",1,0,0,NA,NA,NA,NA,"ME0"
"Porites_compressa_HIv1___TS.g38371.t1",0,0,1,NA,NA,NA,NA,"ME0"
"Porites_compressa_HIv1___RNAseq.g23337.t1",1,0,0,NA,NA,NA,NA,"ME4"
"Porites_compressa_HIv1___RNAseq.g23355.t1",2,0,0,NA,NA,NA,NA,"ME4"
"Porites_compressa_HIv1___RNAseq.g23321.t1",1,0,0,0.000675565462502406,"Monotonous",5,0.726871857587951,"ME1"
"Porites_compressa_HIv1___RNAseq.g23326.t1",0,0,2,0.000352662708246075,"Monotonous",2,0.539842829329655,"ME4"
"Porites_compressa_HIv1___RNAseq.g23327.t1",1,0,0,NA,NA,NA,NA,"ME9"
"Porites_compressa_HIv1___TS.g38376.t2d",1,0,0,NA,NA,NA,NA,"ME0"
"Porites_compressa_HIv1___TS.g38380.t1",0,0,1,NA,NA,NA,NA,"ME0"
"Porites_compressa_HIv1___RNAseq.g23334.t1",0,0,2,0.00342517191569685,"Monotonous",3,0.662320630376756,"ME4"
"Porites_compressa_HIv1___RNAseq.g23335.t1",1,0,0,NA,NA,NA,NA,"ME3"
"Porites_compressa_HIv1___RNAseq.g23336.t1",0,1,0,NA,NA,NA,NA,"ME1"
"Porites_compressa_HIv1___RNAseq.g23338.t1",1,0,0,NA,NA,NA,NA,"ME4"
"Porites_compressa_HIv1___RNAseq.g23342.t1",0,0,1,NA,NA,NA,NA,"ME4"
"Porites_compressa_HIv1___RNAseq.g23350.t1",2,0,1,NA,NA,NA,NA,"ME3"
"Porites_compressa_HIv1___RNAseq.g23351.t1",1,0,0,NA,NA,NA,NA,"ME0"
"Porites_compressa_HIv1___RNAseq.g23352.t1",0,1,1,NA,NA,NA,NA,"ME5"
"Porites_compressa_HIv1___TS.g38401.t3",1,0,0,NA,NA,NA,NA,"ME0"
"Porites_compressa_HIv1___RNAseq.g23356.t1",0,0,1,NA,NA,NA,NA,"ME0"
"Porites_compressa_HIv1___RNAseq.g23363.t1",1,0,0,NA,NA,NA,NA,"ME1"
"Porites_compressa_HIv1___TS.g38414.t1",1,0,0,NA,NA,NA,NA,"ME0"
"Porites_compressa_HIv1___TS.g38418.t1",0,0,1,0.000415750195529709,"Monotonous",2,0.944873701962021,"ME2"
"Porites_compressa_HIv1___RNAseq.33768_t",0,1,0,NA,NA,NA,NA,"ME3"
"Porites_compressa_HIv1___RNAseq.g22384.t1",0,1,0,NA,NA,NA,NA,"ME0"
"Porites_compressa_HIv1___TS.g36531.t1",0,0,2,NA,NA,NA,NA,"ME0"
"Porites_compressa_HIv1___RNAseq.g22373.t1",1,0,0,NA,NA,NA,NA,"ME4"
"Porites_compressa_HIv1___RNAseq.g22347.t1",1,0,0,NA,NA,NA,NA,"ME3"
"Porites_compressa_HIv1___RNAseq.g22349.t1",0,2,0,0.0297272705551871,"Other",6,0.880199494740712,"ME13"
"Porites_compressa_HIv1___RNAseq.g22351.t1",1,0,0,0.0217423874132723,"Other",4,0.657573898047617,"ME0"
"Porites_compressa_HIv1___RNAseq.g22352.t1",1,0,0,NA,NA,NA,NA,"ME0"
"Porites_compressa_HIv1___RNAseq.g22353.t1",0,0,1,NA,NA,NA,NA,"ME1"
"Porites_compressa_HIv1___RNAseq.g22355.t1",1,0,0,NA,NA,NA,NA,"ME0"
"Porites_compressa_HIv1___RNAseq.g22359.t1",1,0,0,NA,NA,NA,NA,"ME0"
"Porites_compressa_HIv1___RNAseq.g22369.t1",1,0,0,NA,NA,NA,NA,"ME0"
"Porites_compressa_HIv1___RNAseq.g22374.t1",0,1,0,NA,NA,NA,NA,"ME1"
"Porites_compressa_HIv1___RNAseq.g22376.t1",0,1,0,NA,NA,NA,NA,"ME16"
"Porites_compressa_HIv1___RNAseq.33850_t",3,0,1,NA,NA,NA,NA,"ME0"
"Porites_compressa_HIv1___TS.g1985.t1b",1,0,0,NA,NA,NA,NA,"ME6"
"Porites_compressa_HIv1___RNAseq.g8322.t1",2,0,0,NA,NA,NA,NA,"ME11"
"Porites_compressa_HIv1___RNAseq.g8324.t1",1,0,0,NA,NA,NA,NA,"ME0"
"Porites_compressa_HIv1___RNAseq.g8325.t1",0,0,1,NA,NA,NA,NA,"ME0"
"Porites_compressa_HIv1___RNAseq.g8327.t1",1,0,0,NA,NA,NA,NA,"ME0"
"Porites_compressa_HIv1___RNAseq.g8330.t1",0,1,1,NA,NA,NA,NA,"ME11"
"Porites_compressa_HIv1___RNAseq.g8331.t1",0,1,0,0.0440296598845085,"Other",3,0.832573037601631,"ME4"
"Porites_compressa_HIv1___RNAseq.g8338.t1",1,0,0,NA,NA,NA,NA,"ME0"
"Porites_compressa_HIv1___RNAseq.g8342.t1",0,0,1,NA,NA,NA,NA,"ME11"
"Porites_compressa_HIv1___RNAseq.33871_t",0,0,2,NA,NA,NA,NA,"ME0"
"Porites_compressa_HIv1___TS.g16110.t1",2,0,0,NA,NA,NA,NA,"ME0"
"Porites_compressa_HIv1___RNAseq.g292.t1",0,1,0,NA,NA,NA,NA,"ME0"
"Porites_compressa_HIv1___RNAseq.g273.t1",2,1,0,NA,NA,NA,NA,"ME7"
"Porites_compressa_HIv1___RNAseq.g276.t1",1,0,0,NA,NA,NA,NA,"ME6"
"Porites_compressa_HIv1___TS.g16112.t1",1,0,0,NA,NA,NA,NA,"ME0"
"Porites_compressa_HIv1___RNAseq.g281.t1",1,0,0,NA,NA,NA,NA,"ME1"
"Porites_compressa_HIv1___RNAseq.g287.t1",0,0,1,1.09273373637061e-05,"Transient",5,0.847436965331638,"ME1"
"Porites_compressa_HIv1___RNAseq.g288.t1",0,0,1,NA,NA,NA,NA,"ME0"
"Porites_compressa_HIv1___RNAseq.g289.t1",0,0,1,NA,NA,NA,NA,"ME0"
"Porites_compressa_HIv1___RNAseq.g299.t1",0,0,1,NA,NA,NA,NA,"ME0"
"Porites_compressa_HIv1___RNAseq.g301.t1",0,0,1,0.0106531865549106,"Other",6,0.683069927585552,"ME1"
"Porites_compressa_HIv1___RNAseq.g310.t1",0,0,1,NA,NA,NA,NA,"ME0"
"Porites_compressa_HIv1___RNAseq.g311.t1",1,0,0,NA,NA,NA,NA,"ME0"
"Porites_compressa_HIv1___TS.g16147.t1",0,1,0,NA,NA,NA,NA,"ME1"
"Porites_compressa_HIv1___RNAseq.g30240.t1",0,0,1,NA,NA,NA,NA,"ME3"
"Porites_compressa_HIv1___RNAseq.g27436.t1",1,0,0,NA,NA,NA,NA,"ME7"
"Porites_compressa_HIv1___RNAseq.g30211.t1",0,1,0,NA,NA,NA,NA,"ME1"
"Porites_compressa_HIv1___TS.g13627.t1",0,0,1,NA,NA,NA,NA,"ME0"
"Porites_compressa_HIv1___RNAseq.g30237.t1",0,1,0,NA,NA,NA,NA,"ME0"
"Porites_compressa_HIv1___RNAseq.g30186.t1",0,1,0,0.0337493343336349,"Other",NA,NA,"ME4"
"Porites_compressa_HIv1___RNAseq.g30187.t1",0,1,0,NA,NA,NA,NA,"ME0"
"Porites_compressa_HIv1___RNAseq.g30189.t1",0,2,0,7.94135531285433e-06,"Monotonous",2,0.569593400022566,"ME2"
"Porites_compressa_HIv1___RNAseq.g30194.t1",1,0,0,0.0276563559274795,"Other",NA,NA,"ME3"
"Porites_compressa_HIv1___RNAseq.g30196.t1",1,0,0,0.00195761166640877,"Monotonous",2,0.923602054259271,"ME4"
"Porites_compressa_HIv1___RNAseq.g30198.t1",1,0,0,NA,NA,NA,NA,"ME0"
"Porites_compressa_HIv1___RNAseq.g30199.t1",1,0,0,NA,NA,NA,NA,"ME0"
"Porites_compressa_HIv1___RNAseq.g30200.t1",1,1,0,NA,NA,NA,NA,"ME1"
"Porites_compressa_HIv1___RNAseq.g30205.t1",0,2,0,4.26926629186103e-06,"Monotonous",NA,NA,"ME5"
"Porites_compressa_HIv1___RNAseq.g30208.t1",0,0,1,NA,NA,NA,NA,"ME3"
"Porites_compressa_HIv1___RNAseq.g30209.t1",2,0,1,NA,NA,NA,NA,"ME5"
"Porites_compressa_HIv1___RNAseq.g30210.t1",1,1,0,NA,NA,NA,NA,"ME0"
"Porites_compressa_HIv1___RNAseq.g30214.t1",0,1,0,NA,NA,NA,NA,"ME1"
"Porites_compressa_HIv1___RNAseq.g30216.t1",0,2,0,NA,NA,NA,NA,"ME20"
"Porites_compressa_HIv1___RNAseq.g30217.t1b",0,1,0,NA,NA,NA,NA,"ME6"
"Porites_compressa_HIv1___RNAseq.g30226.t1",0,1,0,NA,NA,NA,NA,"ME0"
"Porites_compressa_HIv1___RNAseq.g30230.t1",0,1,0,7.42500294639299e-05,"Monotonous",2,0.969234634845661,"ME2"
"Porites_compressa_HIv1___RNAseq.g30231.t1",0,1,0,NA,NA,NA,NA,"ME24"
"Porites_compressa_HIv1___RNAseq.g30232.t1",1,0,0,NA,NA,NA,NA,"ME4"
"Porites_compressa_HIv1___RNAseq.g30235.t1",0,1,0,8.38254716854563e-05,"Transient",3,0.960895974157209,"ME3"
"Porites_compressa_HIv1___RNAseq.g30236.t1",0,0,1,NA,NA,NA,NA,"ME0"
"Porites_compressa_HIv1___RNAseq.g30239.t1",0,0,1,NA,NA,NA,NA,"ME2"
"Porites_compressa_HIv1___RNAseq.g5875.t1",2,1,0,NA,NA,NA,NA,"ME7"
"Porites_compressa_HIv1___TS.g7912.t1",0,0,1,NA,NA,NA,NA,"ME1"
"Porites_compressa_HIv1___RNAseq.g5865.t1",0,1,0,NA,NA,NA,NA,"ME0"
"Porites_compressa_HIv1___RNAseq.g5869.t1",0,0,1,0.00150048295526612,"Other",6,0.87646160066943,"ME1"
"Porites_compressa_HIv1___RNAseq.g5871.t1",1,0,0,0.00677526827326893,"Other",6,0.987827428745031,"ME1"
"Porites_compressa_HIv1___RNAseq.g5874.t1a",0,1,0,NA,NA,NA,NA,"ME3"
"Porites_compressa_HIv1___RNAseq.g5890.t1",0,1,0,NA,NA,NA,NA,"ME3"
"Porites_compressa_HIv1___RNAseq.g5893.t1",0,1,0,NA,NA,NA,NA,"ME0"
"Porites_compressa_HIv1___TS.g7943.t1",0,1,0,NA,NA,NA,NA,"ME0"
"Porites_compressa_HIv1___TS.g7948.t1",1,0,0,NA,NA,NA,NA,"ME0"
"Porites_compressa_HIv1___RNAseq.g5898.t1",1,0,0,NA,NA,NA,NA,"ME1"
"Porites_compressa_HIv1___RNAseq.g27469.t1",1,0,0,1.63014233392011e-06,"Monotonous",2,0.886306012477595,"ME4"
"Porites_compressa_HIv1___RNAseq.g8765.t1",0,1,0,NA,NA,NA,NA,"ME0"
"Porites_compressa_HIv1___RNAseq.g8766.t1",0,1,0,0.0166935060231155,"Transient",4,0.650522987452309,"ME3"
"Porites_compressa_HIv1___RNAseq.g8771.t1",1,1,0,NA,NA,NA,NA,"ME0"
"Porites_compressa_HIv1___RNAseq.g8772.t1",0,0,1,NA,NA,NA,NA,"ME0"
"Porites_compressa_HIv1___RNAseq.g40822.t1",0,1,0,0.002067662508927,"Monotonous",NA,NA,"ME3"
"Porites_compressa_HIv1___RNAseq.g40825.t1",1,0,0,NA,NA,NA,NA,"ME7"
"Porites_compressa_HIv1___RNAseq.g40826.t1",2,0,0,0.0115667335956263,"Transient",NA,NA,"ME3"
"Porites_compressa_HIv1___RNAseq.g8791.t1",1,0,0,NA,NA,NA,NA,"ME0"
"Porites_compressa_HIv1___RNAseq.g27449.t1",0,1,0,0.00554336985327694,"Other",5,0.89006708614361,"ME0"
"Porites_compressa_HIv1___TS.g32169.t1",0,0,1,0.0050138118674702,"Monotonous",2,0.767638590657242,"ME2"
"Porites_compressa_HIv1___RNAseq.g27454.t1",1,0,0,0.00150040774153573,"Transient",4,0.849387881092392,"ME3"
"Porites_compressa_HIv1___RNAseq.g27456.t1",1,0,0,NA,NA,NA,NA,"ME0"
"Porites_compressa_HIv1___RNAseq.g27459.t1",1,0,0,NA,NA,NA,NA,"ME0"
"Porites_compressa_HIv1___RNAseq.g27461.t1",2,0,0,NA,NA,NA,NA,"ME1"
"Porites_compressa_HIv1___RNAseq.g40855.t1",0,0,1,NA,NA,NA,NA,"ME6"
"Porites_compressa_HIv1___RNAseq.g40867.t1",0,1,0,NA,NA,NA,NA,"ME0"
"Porites_compressa_HIv1___TS.g13945.t1",0,0,1,NA,NA,NA,NA,"ME1"
"Porites_compressa_HIv1___TS.g13972.t1",0,1,0,NA,NA,NA,NA,"ME1"
"Porites_compressa_HIv1___RNAseq.g40862.t1",0,1,0,1.19677951501719e-51,"Monotonous",2,0.675437584296577,"ME2"
"Porites_compressa_HIv1___TS.g35235.t1",1,0,0,NA,NA,NA,NA,"ME0"
"Porites_compressa_HIv1___RNAseq.g6917.t2",1,0,0,0.0466612818513518,"Other",1,0.583625907431475,"ME0"
"Porites_compressa_HIv1___TS.g35243.t1",1,0,0,NA,NA,NA,NA,"ME0"
"Porites_compressa_HIv1___TS.g35252.t1",1,0,0,NA,NA,NA,NA,"ME0"
"Porites_compressa_HIv1___RNAseq.g6935.t1",0,1,0,NA,NA,NA,NA,"ME0"
"Porites_compressa_HIv1___RNAseq.34236_t",1,0,0,0.00166132351030975,"Other",6,0.505753342920604,"ME1"
"Porites_compressa_HIv1___RNAseq.g6940.t1",1,0,0,NA,NA,NA,NA,"ME5"
"Porites_compressa_HIv1___RNAseq.g15689.t1",0,1,0,2.17957987752105e-07,"Monotonous",2,0.93118413597917,"ME5"
"Porites_compressa_HIv1___RNAseq.g15690.t1",2,0,0,0.0126663664727234,"Monotonous",2,0.613544174194243,"ME2"
"Porites_compressa_HIv1___RNAseq.g15682.t1",1,0,0,NA,NA,NA,NA,"ME0"
"Porites_compressa_HIv1___RNAseq.g15687.t1",0,0,1,NA,NA,NA,NA,"ME19"
"Porites_compressa_HIv1___RNAseq.g15692.t1",2,0,0,NA,NA,NA,NA,"ME0"
"Porites_compressa_HIv1___RNAseq.g15696.t1",0,1,0,NA,NA,NA,NA,"ME0"
"Porites_compressa_HIv1___RNAseq.g4765.t1",1,0,0,0.00135802860711439,"Monotonous",2,0.731613339223509,"ME2"
"Porites_compressa_HIv1___RNAseq.g4769.t1",0,1,0,NA,NA,NA,NA,"ME1"
"Porites_compressa_HIv1___RNAseq.g4775.t1",0,0,1,NA,NA,NA,NA,"ME1"
"Porites_compressa_HIv1___RNAseq.g4776.t1",0,0,1,0.0320048336414895,"Transient",NA,NA,"ME4"
"Porites_compressa_HIv1___RNAseq.g4778.t1",1,0,0,NA,NA,NA,NA,"ME0"
"Porites_compressa_HIv1___RNAseq.g4779.t1",1,0,0,NA,NA,NA,NA,"ME3"
"Porites_compressa_HIv1___RNAseq.g4782.t1",0,0,1,NA,NA,NA,NA,"ME0"
"Porites_compressa_HIv1___RNAseq.g4783.t1",1,0,0,NA,NA,NA,NA,"ME0"
"Porites_compressa_HIv1___TS.g1838.t1",0,0,1,NA,NA,NA,NA,"ME3"
"Porites_compressa_HIv1___RNAseq.g4786.t1",0,0,1,2.37224670632195e-05,"Transient",5,0.712823980663396,"ME1"
"Porites_compressa_HIv1___TS.g1843.t1",0,0,2,NA,NA,NA,NA,"ME0"
"Porites_compressa_HIv1___TS.g35914.t1b",0,1,0,NA,NA,NA,NA,"ME0"
"Porites_compressa_HIv1___RNAseq.g30784.t1",0,1,0,0.00658260764969032,"Transient",NA,NA,"ME2"
"Porites_compressa_HIv1___RNAseq.g30785.t1",0,0,1,NA,NA,NA,NA,"ME3"
"Porites_compressa_HIv1___RNAseq.g30787.t1",0,1,0,NA,NA,NA,NA,"ME0"
"Porites_compressa_HIv1___TS.g35880.t1",0,1,1,NA,NA,NA,NA,"ME13"
"Porites_compressa_HIv1___RNAseq.g30792.t1",1,1,0,NA,NA,NA,NA,"ME0"
"Porites_compressa_HIv1___RNAseq.g30796.t1",1,0,0,NA,NA,NA,NA,"ME1"
"Porites_compressa_HIv1___TS.g35888.t1",1,0,0,NA,NA,NA,NA,"ME0"
"Porites_compressa_HIv1___RNAseq.g30798.t1",1,0,0,NA,NA,NA,NA,"ME0"
"Porites_compressa_HIv1___RNAseq.g30801.t1",0,1,0,NA,NA,NA,NA,"ME0"
"Porites_compressa_HIv1___RNAseq.g30802.t1",0,1,0,NA,NA,NA,NA,"ME1"
"Porites_compressa_HIv1___RNAseq.g30808.t1",1,0,0,NA,NA,NA,NA,"ME22"
"Porites_compressa_HIv1___RNAseq.g30809.t1",0,1,0,0.000719289188366268,"Monotonous",NA,NA,"ME4"
"Porites_compressa_HIv1___RNAseq.g30811.t1",1,0,0,0.00222078471499269,"Other",6,0.912257533810238,"ME1"
"Porites_compressa_HIv1___RNAseq.g30820.t1",0,0,1,NA,NA,NA,NA,"ME1"
"Porites_compressa_HIv1___RNAseq.g30822.t1",1,0,0,0.0309525563715156,"Other",3,0.891764987929792,"ME4"
"Porites_compressa_HIv1___TS.g35914.t1a",1,0,0,NA,NA,NA,NA,"ME1"
"Porites_compressa_HIv1___RNAseq.g30825.t1",0,0,1,NA,NA,NA,NA,"ME4"
"Porites_compressa_HIv1___TS.g35916.t1",1,0,0,NA,NA,NA,NA,"ME3"
"Porites_compressa_HIv1___TS.g29033.t1",1,0,0,NA,NA,NA,NA,"ME10"
"Porites_compressa_HIv1___RNAseq.g8941.t1a",0,1,0,NA,NA,NA,NA,"ME0"
"Porites_compressa_HIv1___RNAseq.g8943.t1",1,0,0,NA,NA,NA,NA,"ME3"
"Porites_compressa_HIv1___RNAseq.g8944.t1",1,0,0,NA,NA,NA,NA,"ME0"
"Porites_compressa_HIv1___RNAseq.g8946.t1",1,0,0,NA,NA,NA,NA,"ME4"
"Porites_compressa_HIv1___TS.g29041.t1",0,0,1,NA,NA,NA,NA,"ME0"
"Porites_compressa_HIv1___TS.g29043.t1",0,0,1,NA,NA,NA,NA,"ME0"
"Porites_compressa_HIv1___TS.g29044.t1",0,0,1,NA,NA,NA,NA,"ME9"
"Porites_compressa_HIv1___RNAseq.g8953.t1",1,0,0,NA,NA,NA,NA,"ME0"
"Porites_compressa_HIv1___RNAseq.g8959.t1",0,1,0,0.0313605625398281,"Monotonous",NA,NA,"ME0"
"Porites_compressa_HIv1___RNAseq.g8963.t1",0,0,3,NA,NA,NA,NA,"ME0"
"Porites_compressa_HIv1___RNAseq.g8965.t1",0,1,0,NA,NA,NA,NA,"ME1"
"Porites_compressa_HIv1___RNAseq.g8966.t1",1,1,0,NA,NA,NA,NA,"ME0"
"Porites_compressa_HIv1___RNAseq.g8970.t1",1,0,0,NA,NA,NA,NA,"ME0"
"Porites_compressa_HIv1___TS.g29065.t1",1,1,0,NA,NA,NA,NA,"ME8"
"Porites_compressa_HIv1___RNAseq.g8975.t1",1,0,0,NA,NA,NA,NA,"ME0"
"Porites_compressa_HIv1___RNAseq.g4668.t1",0,1,0,NA,NA,NA,NA,"ME4"
"Porites_compressa_HIv1___RNAseq.g4670.t1",1,0,0,NA,NA,NA,NA,"ME0"
"Porites_compressa_HIv1___RNAseq.g4653.t1",0,1,0,NA,NA,NA,NA,"ME0"
"Porites_compressa_HIv1___RNAseq.34517_t",0,1,0,NA,NA,NA,NA,"ME0"
"Porites_compressa_HIv1___RNAseq.g9224.t1",0,0,2,NA,NA,NA,NA,"ME0"
"Porites_compressa_HIv1___RNAseq.g9223.t1",3,0,0,NA,NA,NA,NA,"ME4"
"Porites_compressa_HIv1___RNAseq.g13043.t1",0,0,1,NA,NA,NA,NA,"ME0"
"Porites_compressa_HIv1___RNAseq.g4680.t1",1,0,0,0.0363414661763252,"Other",6,0.572780782131434,"ME1"
"Porites_compressa_HIv1___RNAseq.g4681.t1",1,0,0,NA,NA,NA,NA,"ME0"
"Porites_compressa_HIv1___RNAseq.g4690.t1b",1,0,0,NA,NA,NA,NA,"ME0"
"Porites_compressa_HIv1___RNAseq.g4690.t1a",1,0,0,NA,NA,NA,NA,"ME3"
"Porites_compressa_HIv1___RNAseq.g4691.t1",1,0,0,NA,NA,NA,NA,"ME0"
"Porites_compressa_HIv1___RNAseq.g4701.t1",0,0,1,NA,NA,NA,NA,"ME0"
"Porites_compressa_HIv1___RNAseq.g4703.t2",0,0,1,NA,NA,NA,NA,"ME0"
"Porites_compressa_HIv1___RNAseq.g4704.t1",0,1,0,NA,NA,NA,NA,"ME0"
"Porites_compressa_HIv1___RNAseq.g4705.t1",0,1,0,0.0116390027753941,"Other",1,0.864465461749209,"ME0"
"Porites_compressa_HIv1___RNAseq.g30609.t1a",0,1,0,NA,NA,NA,NA,"ME6"
"Porites_compressa_HIv1___RNAseq.g9216.t1",1,0,0,NA,NA,NA,NA,"ME0"
"Porites_compressa_HIv1___RNAseq.g9212.t1",1,0,0,NA,NA,NA,NA,"ME0"
"Porites_compressa_HIv1___RNAseq.g4613.t1",0,1,0,NA,NA,NA,NA,"ME0"
"Porites_compressa_HIv1___RNAseq.g4641.t1",0,1,0,0.00656228346408188,"Monotonous",NA,NA,"ME0"
"Porites_compressa_HIv1___RNAseq.g4642.t1",0,1,0,0.0219285769839759,"Monotonous",2,0.833371645457253,"ME5"
"Porites_compressa_HIv1___RNAseq.g4609.t1",1,0,0,0.0136294120809173,"Monotonous",2,0.547446431012853,"ME10"
"Porites_compressa_HIv1___RNAseq.g4616.t1",0,0,1,NA,NA,NA,NA,"ME2"
"Porites_compressa_HIv1___TS.g16941.t1a",1,0,0,0.0130810504203431,"Monotonous",3,0.519883691951435,"ME2"
"Porites_compressa_HIv1___RNAseq.g4639.t1",1,0,0,0.00910325995224679,"Other",2,0.786821447638765,"ME0"
"Porites_compressa_HIv1___RNAseq.g4640.t1",0,1,0,0.00901180584441559,"Monotonous",2,0.66503719417224,"ME2"
"Porites_compressa_HIv1___RNAseq.g30640.t1",1,0,1,NA,NA,NA,NA,"ME1"
"Porites_compressa_HIv1___RNAseq.g30626.t1",0,1,0,1.47241593516044e-25,"Monotonous",1,0.905466641290551,"ME2"
"Porites_compressa_HIv1___RNAseq.g30628.t1",1,0,0,0.00471251865379186,"Other",1,0.621463626451178,"ME0"
"Porites_compressa_HIv1___TS.g25481.t1",0,1,0,NA,NA,NA,NA,"ME1"
"Porites_compressa_HIv1___RNAseq.g30632.t1",1,0,0,NA,NA,NA,NA,"ME1"
"Porites_compressa_HIv1___RNAseq.g8613.t1",0,1,0,0.00988705228512494,"Other",6,0.585982481624162,"ME1"
"Porites_compressa_HIv1___RNAseq.g8623.t1",1,0,0,NA,NA,NA,NA,"ME0"
"Porites_compressa_HIv1___RNAseq.g8591.t1",0,0,1,NA,NA,NA,NA,"ME5"
"Porites_compressa_HIv1___TS.g37142.t1a",1,0,0,NA,NA,NA,NA,"ME3"
"Porites_compressa_HIv1___RNAseq.g8607.t1",1,0,0,NA,NA,NA,NA,"ME3"
"Porites_compressa_HIv1___RNAseq.g11464.t1",1,0,0,NA,NA,NA,NA,"ME0"
"Porites_compressa_HIv1___RNAseq.g11465.t1",0,0,1,NA,NA,NA,NA,"ME1"
"Porites_compressa_HIv1___RNAseq.g29859.t1",0,2,0,NA,NA,NA,NA,"ME18"
"Porites_compressa_HIv1___RNAseq.g29868.t1",0,0,1,0.000195423572253387,"Monotonous",1,0.689618215223232,"ME15"
"Porites_compressa_HIv1___TS.g12462.t1",0,1,0,NA,NA,NA,NA,"ME1"
"Porites_compressa_HIv1___RNAseq.g29834.t1",0,0,1,0.0387204853307511,"Other",NA,NA,"ME4"
"Porites_compressa_HIv1___RNAseq.g29835.t1",0,0,1,0.00553146374178799,"Other",NA,NA,"ME4"
"Porites_compressa_HIv1___RNAseq.g29840.t1",0,1,1,NA,NA,NA,NA,"ME0"
"Porites_compressa_HIv1___TS.g12473.t1",1,0,0,NA,NA,NA,NA,"ME0"
"Porites_compressa_HIv1___RNAseq.g29849.t1",0,1,0,NA,NA,NA,NA,"ME17"
"Porites_compressa_HIv1___RNAseq.g29851.t1",0,0,1,9.99031970685885e-05,"Monotonous",2,0.901587560835658,"ME4"
"Porites_compressa_HIv1___RNAseq.g29852.t1",1,0,1,0.00111847815532785,"Other",NA,NA,"ME14"
"Porites_compressa_HIv1___RNAseq.g29860.t1",1,0,0,NA,NA,NA,NA,"ME18"
"Porites_compressa_HIv1___RNAseq.g29863.t1",0,1,0,0.0435585215534107,"Other",6,0.790660788053552,"ME1"
"Porites_compressa_HIv1___RNAseq.g29865.t1",0,1,1,NA,NA,NA,NA,"ME0"
"Porites_compressa_HIv1___RNAseq.g29870.t1",0,1,0,NA,NA,NA,NA,"ME0"
"Porites_compressa_HIv1___RNAseq.g11439.t1",1,0,0,NA,NA,NA,NA,"ME0"
"Porites_compressa_HIv1___RNAseq.g11452.t1",1,0,0,0.021222607718059,"Transient",5,0.949543953381753,"ME1"
"Porites_compressa_HIv1___RNAseq.g11454.t1",1,0,0,0.00820177690418997,"Monotonous",2,0.627588961283424,"ME4"
"Porites_compressa_HIv1___RNAseq.g11462.t1",1,0,0,NA,NA,NA,NA,"ME0"
"Porites_compressa_HIv1___RNAseq.g16534.t2",2,0,0,9.22286722496456e-08,"Monotonous",3,0.501605911947964,"ME3"
"Porites_compressa_HIv1___TS.g28243.t1",1,0,0,NA,NA,NA,NA,"ME0"
"Porites_compressa_HIv1___RNAseq.g23753.t1",0,0,1,NA,NA,NA,NA,"ME0"
"Porites_compressa_HIv1___RNAseq.g23759.t1",0,0,1,NA,NA,NA,NA,"ME0"
"Porites_compressa_HIv1___RNAseq.g23760.t1",1,0,0,NA,NA,NA,NA,"ME0"
"Porites_compressa_HIv1___RNAseq.g23765.t1a",0,2,0,NA,NA,NA,NA,"ME0"
"Porites_compressa_HIv1___RNAseq.g23767.t1",1,0,0,NA,NA,NA,NA,"ME0"
"Porites_compressa_HIv1___TS.g18789.t1",0,0,1,NA,NA,NA,NA,"ME0"
"Porites_compressa_HIv1___RNAseq.34787_t",1,0,0,NA,NA,NA,NA,"ME9"
"Porites_compressa_HIv1___RNAseq.g12541.t1",1,0,0,NA,NA,NA,NA,"ME4"
"Porites_compressa_HIv1___TS.g9489.t1",0,0,1,NA,NA,NA,NA,"ME27"
"Porites_compressa_HIv1___RNAseq.g12570.t1",0,2,0,NA,NA,NA,NA,"ME0"
"Porites_compressa_HIv1___RNAseq.g29791.t1",0,1,0,NA,NA,NA,NA,"ME25"
"Porites_compressa_HIv1___RNAseq.g29795.t1",1,0,0,NA,NA,NA,NA,"ME3"
"Porites_compressa_HIv1___RNAseq.g29797.t1b",0,1,0,0.00937911862507661,"Monotonous",2,0.532236094122147,"ME4"
"Porites_compressa_HIv1___RNAseq.g29799.t1",0,1,0,NA,NA,NA,NA,"ME0"
"Porites_compressa_HIv1___RNAseq.g29800.t1",0,0,1,NA,NA,NA,NA,"ME0"
"Porites_compressa_HIv1___RNAseq.g29801.t1",0,0,1,NA,NA,NA,NA,"ME5"
"Porites_compressa_HIv1___RNAseq.g12941.t1",0,1,0,NA,NA,NA,NA,"ME0"
"Porites_compressa_HIv1___RNAseq.g1267.t1",1,0,0,3.18618181899722e-11,"Transient",NA,NA,"ME2"
"Porites_compressa_HIv1___RNAseq.g1268.t1",1,0,0,0.0186998024724219,"Other",NA,NA,"ME2"
"Porites_compressa_HIv1___RNAseq.g1270.t1",0,0,1,0.000826689126298479,"Transient",4,0.922189696761106,"ME3"
"Porites_compressa_HIv1___RNAseq.g1271.t1",2,1,0,NA,NA,NA,NA,"ME10"
"Porites_compressa_HIv1___RNAseq.g1272.t1",0,1,0,NA,NA,NA,NA,"ME2"
"Porites_compressa_HIv1___RNAseq.g1275.t1",1,0,0,NA,NA,NA,NA,"ME0"
"Porites_compressa_HIv1___RNAseq.g1283.t1",0,0,1,0.000145498903305803,"Monotonous",6,0.592586998144691,"ME1"
"Porites_compressa_HIv1___RNAseq.g1285.t1",0,1,0,NA,NA,NA,NA,"ME0"
"Porites_compressa_HIv1___RNAseq.g1293.t1",1,0,0,0.0372424887234595,"Other",6,0.679418519525273,"ME0"
"Porites_compressa_HIv1___RNAseq.g1299.t1",0,1,0,0.0361237847482979,"Other",3,0.571410084331552,"ME3"
"Porites_compressa_HIv1___RNAseq.g12934.t1",1,0,0,NA,NA,NA,NA,"ME1"
"Porites_compressa_HIv1___RNAseq.g12920.t1",0,1,0,NA,NA,NA,NA,"ME0"
"Porites_compressa_HIv1___RNAseq.g19343.t1",2,0,0,0.0143483358422875,"Monotonous",3,0.547183462756579,"ME4"
"Porites_compressa_HIv1___RNAseq.g19344.t2",0,1,0,NA,NA,NA,NA,"ME2"
"Porites_compressa_HIv1___TS.g37221.t1",1,0,0,NA,NA,NA,NA,"ME1"
"Porites_compressa_HIv1___RNAseq.g4592.t1",0,0,3,NA,NA,NA,NA,"ME0"
"Porites_compressa_HIv1___RNAseq.g4594.t1",2,0,0,NA,NA,NA,NA,"ME11"
"Porites_compressa_HIv1___RNAseq.g19345.t1",1,0,0,NA,NA,NA,NA,"ME1"
"Porites_compressa_HIv1___RNAseq.g30142.t1",1,0,1,NA,NA,NA,NA,"ME0"
"Porites_compressa_HIv1___RNAseq.g30140.t1",1,0,0,0.00397944430282698,"Monotonous",3,0.689219149871784,"ME2"
"Porites_compressa_HIv1___RNAseq.g30146.t1",0,1,0,NA,NA,NA,NA,"ME0"
"Porites_compressa_HIv1___TS.g27012.t1",1,0,0,NA,NA,NA,NA,"ME0"
"Porites_compressa_HIv1___RNAseq.g19356.t1",1,0,0,NA,NA,NA,NA,"ME4"
"Porites_compressa_HIv1___RNAseq.g19357.t1",0,1,0,NA,NA,NA,NA,"ME0"
"Porites_compressa_HIv1___RNAseq.g19362.t1",0,0,1,0.00718372183341328,"Monotonous",4,0.602254488170773,"ME0"
"Porites_compressa_HIv1___TS.g27022.t1",0,0,1,NA,NA,NA,NA,"ME0"
"Porites_compressa_HIv1___RNAseq.g19365.t1",0,0,1,NA,NA,NA,NA,"ME3"
"Porites_compressa_HIv1___RNAseq.g8260.t1",0,1,2,NA,NA,NA,NA,"ME8"
"Porites_compressa_HIv1___RNAseq.g8261.t1",0,1,0,NA,NA,NA,NA,"ME7"
"Porites_compressa_HIv1___RNAseq.34957_t",1,0,0,NA,NA,NA,NA,"ME0"
"Porites_compressa_HIv1___RNAseq.g8265.t2",1,0,1,NA,NA,NA,NA,"ME0"
"Porites_compressa_HIv1___TS.g22459.t1",0,2,0,NA,NA,NA,NA,"ME0"
"Porites_compressa_HIv1___RNAseq.g8264.t1",1,0,0,NA,NA,NA,NA,"ME0"
"Porites_compressa_HIv1___RNAseq.g12978.t1",0,0,1,0.00159148819361941,"Transient",4,0.676200890912727,"ME0"
"Porites_compressa_HIv1___RNAseq.g31151.t1",1,1,0,NA,NA,NA,NA,"ME0"
"Porites_compressa_HIv1___RNAseq.g31157.t1",0,0,1,NA,NA,NA,NA,"ME0"
"Porites_compressa_HIv1___RNAseq.g31156.t1",0,1,0,NA,NA,NA,NA,"ME6"
"Porites_compressa_HIv1___RNAseq.g7999.t1",0,0,1,NA,NA,NA,NA,"ME0"
"Porites_compressa_HIv1___TS.g38353.t1",1,0,0,NA,NA,NA,NA,"ME20"
"Porites_compressa_HIv1___RNAseq.g17324.t1",0,1,0,NA,NA,NA,NA,"ME1"
"Porites_compressa_HIv1___RNAseq.g23387.t1",0,1,0,NA,NA,NA,NA,"ME7"
"Porites_compressa_HIv1___RNAseq.g11047.t1",1,1,0,NA,NA,NA,NA,"ME21"
"Porites_compressa_HIv1___RNAseq.g38528.t1",0,1,0,NA,NA,NA,NA,"ME0"
"Porites_compressa_HIv1___RNAseq.g38529.t1",0,1,0,NA,NA,NA,NA,"ME1"
"Porites_compressa_HIv1___RNAseq.g38531.t1",0,1,0,NA,NA,NA,NA,"ME0"
"Porites_compressa_HIv1___RNAseq.g38527.t1",1,0,0,NA,NA,NA,NA,"ME1"
"Porites_compressa_HIv1___RNAseq.g38534.t1",1,0,0,NA,NA,NA,NA,"ME1"
"Porites_compressa_HIv1___RNAseq.g255.t1",0,0,1,NA,NA,NA,NA,"ME8"
"Porites_compressa_HIv1___TS.g29683.t1",0,0,1,NA,NA,NA,NA,"ME1"
"Porites_compressa_HIv1___RNAseq.g256.t1",2,0,0,0.0418190039401235,"Other",3,0.957563442719534,"ME4"
"Porites_compressa_HIv1___RNAseq.g259.t1",2,0,1,NA,NA,NA,NA,"ME0"
"Porites_compressa_HIv1___RNAseq.g11048.t1",1,0,0,NA,NA,NA,NA,"ME0"
"Porites_compressa_HIv1___RNAseq.g11050.t1",0,0,1,NA,NA,NA,NA,"ME1"
"Porites_compressa_HIv1___RNAseq.g11051.t1",0,0,1,NA,NA,NA,NA,"ME4"
"Porites_compressa_HIv1___TS.g3335.t1b",1,0,0,NA,NA,NA,NA,"ME3"
"Porites_compressa_HIv1___RNAseq.g11055.t1",0,1,0,NA,NA,NA,NA,"ME3"
"Porites_compressa_HIv1___RNAseq.g11056.t1",1,1,0,1.24364882239632e-05,"Monotonous",2,0.95338434322163,"ME2"
"Porites_compressa_HIv1___RNAseq.g11058.t1",0,1,0,NA,NA,NA,NA,"ME6"
"Porites_compressa_HIv1___RNAseq.g33353.t1",1,1,0,0.031014535637702,"Monotonous",2,0.524082781895398,"ME3"
"Porites_compressa_HIv1___RNAseq.g33356.t1",1,0,0,NA,NA,NA,NA,"ME4"
"Porites_compressa_HIv1___RNAseq.g35839.t1",1,0,0,NA,NA,NA,NA,"ME0"
"Porites_compressa_HIv1___TS.g27622.t2",0,0,1,NA,NA,NA,NA,"ME7"
"Porites_compressa_HIv1___RNAseq.g22868.t1",1,0,0,NA,NA,NA,NA,"ME0"
"Porites_compressa_HIv1___RNAseq.g22870.t1",0,1,0,NA,NA,NA,NA,"ME0"
"Porites_compressa_HIv1___TS.g38171.t1",1,0,1,NA,NA,NA,NA,"ME0"
"Porites_compressa_HIv1___RNAseq.g8875.t1a",0,0,1,NA,NA,NA,NA,"ME0"
"Porites_compressa_HIv1___TS.g29708.t1",0,1,0,NA,NA,NA,NA,"ME0"
"Porites_compressa_HIv1___RNAseq.g6382.t1",0,1,0,NA,NA,NA,NA,"ME0"
"Porites_compressa_HIv1___RNAseq.g6383.t1",0,1,0,NA,NA,NA,NA,"ME0"
"Porites_compressa_HIv1___TS.g29711.t1",0,1,0,NA,NA,NA,NA,"ME0"
"Porites_compressa_HIv1___RNAseq.g25714.t1",1,0,0,NA,NA,NA,NA,"ME4"
"Porites_compressa_HIv1___TS.g26501.t1",0,1,0,NA,NA,NA,NA,"ME6"
"Porites_compressa_HIv1___RNAseq.g28188.t1",0,1,0,NA,NA,NA,NA,"ME6"
"Porites_compressa_HIv1___RNAseq.g22314.t1",0,1,0,NA,NA,NA,NA,"ME6"
"Porites_compressa_HIv1___RNAseq.g11437.t1",1,1,0,NA,NA,NA,NA,"ME6"
"Porites_compressa_HIv1___RNAseq.g27215.t1",0,0,1,3.08524735121506e-05,"Transient",5,0.597447689752117,"ME1"
"Porites_compressa_HIv1___RNAseq.g11433.t1a",0,0,1,NA,NA,NA,NA,"ME0"
"Porites_compressa_HIv1___RNAseq.g11431.t1",1,0,0,NA,NA,NA,NA,"ME0"
"Porites_compressa_HIv1___RNAseq.g11432.t1",0,1,0,NA,NA,NA,NA,"ME0"
"Porites_compressa_HIv1___TS.g7074.t1",0,0,1,NA,NA,NA,NA,"ME1"
"Porites_compressa_HIv1___RNAseq.g24660.t1a",0,1,0,NA,NA,NA,NA,"ME6"
"Porites_compressa_HIv1___RNAseq.g41715.t1",0,1,0,NA,NA,NA,NA,"ME15"
"Porites_compressa_HIv1___RNAseq.g26631.t1",1,0,0,NA,NA,NA,NA,"ME7"
"Porites_compressa_HIv1___RNAseq.g39183.t1",0,1,0,NA,NA,NA,NA,"ME1"
"Porites_compressa_HIv1___TS.g9606.t1",0,0,1,NA,NA,NA,NA,"ME0"
"Porites_compressa_HIv1___RNAseq.g39195.t1",0,0,1,NA,NA,NA,NA,"ME0"
"Porites_compressa_HIv1___RNAseq.g39200.t1",0,1,0,NA,NA,NA,NA,"ME9"
"Porites_compressa_HIv1___TS.g9655.t1a",0,0,1,NA,NA,NA,NA,"ME0"
"Porites_compressa_HIv1___TS.g9656.t1",0,0,2,NA,NA,NA,NA,"ME0"
"Porites_compressa_HIv1___RNAseq.g39251.t1",1,0,0,NA,NA,NA,NA,"ME6"
"Porites_compressa_HIv1___RNAseq.g39231.t1",0,0,1,NA,NA,NA,NA,"ME0"
"Porites_compressa_HIv1___RNAseq.g39206.t1",1,0,0,NA,NA,NA,NA,"ME0"
"Porites_compressa_HIv1___RNAseq.g39209.t1",0,0,1,NA,NA,NA,NA,"ME9"
"Porites_compressa_HIv1___RNAseq.35585_t",0,0,1,NA,NA,NA,NA,"ME3"
"Porites_compressa_HIv1___RNAseq.g39221.t1",0,1,0,1.41611508809985e-05,"Other",6,0.932914841754625,"ME1"
"Porites_compressa_HIv1___RNAseq.g39232.t1",0,0,2,NA,NA,NA,NA,"ME0"
"Porites_compressa_HIv1___RNAseq.g39233.t3",1,0,0,NA,NA,NA,NA,"ME2"
"Porites_compressa_HIv1___RNAseq.g39234.t1",1,0,0,NA,NA,NA,NA,"ME3"
"Porites_compressa_HIv1___RNAseq.g39236.t1",0,1,0,NA,NA,NA,NA,"ME0"
"Porites_compressa_HIv1___RNAseq.g39242.t1",0,1,0,0.0208755832851181,"Other",5,0.604524058368244,"ME1"
"Porites_compressa_HIv1___TS.g9718.t1",1,0,0,NA,NA,NA,NA,"ME0"
"Porites_compressa_HIv1___TS.g9769.t1",0,0,1,0.0451058427417052,"Other",6,0.674509762716822,"ME1"
"Porites_compressa_HIv1___TS.g9770.t2",0,0,1,NA,NA,NA,NA,"ME1"
"Porites_compressa_HIv1___RNAseq.g39397.t1",0,1,0,NA,NA,NA,NA,"ME0"
"Porites_compressa_HIv1___RNAseq.g39421.t1",0,0,1,NA,NA,NA,NA,"ME1"
"Porites_compressa_HIv1___TS.g9842.t1",0,1,1,NA,NA,NA,NA,"ME1"
"Porites_compressa_HIv1___RNAseq.g39440.t1",2,0,0,NA,NA,NA,NA,"ME0"
"Porites_compressa_HIv1___RNAseq.g39277.t1a",1,0,0,NA,NA,NA,NA,"ME0"
"Porites_compressa_HIv1___RNAseq.g39284.t1",1,0,1,0.000198347529337696,"Transient",4,0.929440309526946,"ME0"
"Porites_compressa_HIv1___RNAseq.g39285.t1",0,0,1,0.00206551295130362,"Monotonous",6,0.930559187109049,"ME1"
"Porites_compressa_HIv1___RNAseq.g39287.t1",1,0,0,0.0432231239576353,"Monotonous",6,0.800490329455949,"ME1"
"Porites_compressa_HIv1___RNAseq.g39293.t1",0,1,0,0.00138764471708944,"Other",6,0.765837742308085,"ME1"
"Porites_compressa_HIv1___RNAseq.g39295.t1",1,0,0,NA,NA,NA,NA,"ME0"
"Porites_compressa_HIv1___TS.g9712.t1",0,1,0,NA,NA,NA,NA,"ME0"
"Porites_compressa_HIv1___RNAseq.g39303.t1",1,0,0,0.0169147259552512,"Monotonous",2,0.818373048258844,"ME2"
"Porites_compressa_HIv1___TS.g9720.t1",0,0,1,NA,NA,NA,NA,"ME13"
"Porites_compressa_HIv1___RNAseq.g39321.t1",0,2,0,NA,NA,NA,NA,"ME0"
"Porites_compressa_HIv1___RNAseq.g39324.t1",0,0,1,NA,NA,NA,NA,"ME2"
"Porites_compressa_HIv1___RNAseq.g39325.t1",0,0,1,NA,NA,NA,NA,"ME2"
"Porites_compressa_HIv1___TS.g9736.t1",1,0,1,NA,NA,NA,NA,"ME20"
"Porites_compressa_HIv1___RNAseq.g39333.t1",0,0,1,NA,NA,NA,NA,"ME0"
"Porites_compressa_HIv1___RNAseq.g39336.t1",1,0,0,0.0285275735398455,"Other",NA,NA,"ME0"
"Porites_compressa_HIv1___TS.g9747.t1a",1,0,0,NA,NA,NA,NA,"ME1"
"Porites_compressa_HIv1___RNAseq.g39341.t1",1,0,0,NA,NA,NA,NA,"ME1"
"Porites_compressa_HIv1___RNAseq.g39343.t1",1,0,0,NA,NA,NA,NA,"ME0"
"Porites_compressa_HIv1___RNAseq.g39344.t1",0,1,0,NA,NA,NA,NA,"ME0"
"Porites_compressa_HIv1___RNAseq.35714_t",0,1,0,NA,NA,NA,NA,"ME0"
"Porites_compressa_HIv1___RNAseq.g39348.t1",0,1,0,NA,NA,NA,NA,"ME19"
"Porites_compressa_HIv1___RNAseq.g39352.t1",0,1,0,NA,NA,NA,NA,"ME0"
"Porites_compressa_HIv1___RNAseq.g39356.t1",2,1,0,NA,NA,NA,NA,"ME0"
"Porites_compressa_HIv1___RNAseq.g39366.t1",0,1,0,NA,NA,NA,NA,"ME0"
"Porites_compressa_HIv1___TS.g9785.t1",0,0,1,NA,NA,NA,NA,"ME0"
"Porites_compressa_HIv1___RNAseq.g39377.t1",0,1,1,0.00171753848577532,"Transient",5,0.963820950701778,"ME1"
"Porites_compressa_HIv1___RNAseq.g39378.t1",1,0,0,NA,NA,NA,NA,"ME0"
"Porites_compressa_HIv1___RNAseq.g39379.t1",1,0,0,NA,NA,NA,NA,"ME0"
"Porites_compressa_HIv1___TS.g9791.t1",0,0,1,0.0090620043616313,"Monotonous",2,0.86620142745126,"ME2"
"Porites_compressa_HIv1___RNAseq.g39383.t1",1,0,0,0.00736726695869931,"Monotonous",2,0.588814806548734,"ME2"
"Porites_compressa_HIv1___RNAseq.g39388.t1",1,0,0,NA,NA,NA,NA,"ME0"
"Porites_compressa_HIv1___RNAseq.g39395.t1",1,0,1,6.9697396119555e-07,"Transient",3,0.547193120994335,"ME3"
"Porites_compressa_HIv1___RNAseq.g39409.t1",1,1,0,NA,NA,NA,NA,"ME0"
"Porites_compressa_HIv1___RNAseq.g39412.t1",0,1,0,NA,NA,NA,NA,"ME1"
"Porites_compressa_HIv1___RNAseq.g39414.t1",0,0,1,5.76970322232919e-11,"Transient",5,0.745450373937869,"ME1"
"Porites_compressa_HIv1___RNAseq.g39416.t1",0,1,0,NA,NA,NA,NA,"ME1"
"Porites_compressa_HIv1___RNAseq.g39423.t1",1,0,1,NA,NA,NA,NA,"ME9"
"Porites_compressa_HIv1___RNAseq.g39424.t1",0,0,1,NA,NA,NA,NA,"ME0"
"Porites_compressa_HIv1___RNAseq.g39434.t1",1,0,0,NA,NA,NA,NA,"ME5"
"Porites_compressa_HIv1___RNAseq.g39436.t1",0,1,0,NA,NA,NA,NA,"ME3"
"Porites_compressa_HIv1___RNAseq.g6386.t1",1,0,0,NA,NA,NA,NA,"ME0"
"Porites_compressa_HIv1___RNAseq.g22819.t1",1,0,0,NA,NA,NA,NA,"ME0"
"Porites_compressa_HIv1___RNAseq.g22847.t1",1,0,0,NA,NA,NA,NA,"ME1"
"Porites_compressa_HIv1___RNAseq.g22813.t1b",0,1,0,0.00960377029583413,"Other",NA,NA,"ME0"
"Porites_compressa_HIv1___RNAseq.g22825.t1",0,1,0,NA,NA,NA,NA,"ME0"
"Porites_compressa_HIv1___RNAseq.g22831.t1",2,0,0,NA,NA,NA,NA,"ME6"
"Porites_compressa_HIv1___RNAseq.g22834.t1",1,0,0,NA,NA,NA,NA,"ME0"
"Porites_compressa_HIv1___RNAseq.g22836.t1",0,0,1,NA,NA,NA,NA,"ME7"
"Porites_compressa_HIv1___RNAseq.g22837.t1",2,1,0,NA,NA,NA,NA,"ME0"
"Porites_compressa_HIv1___RNAseq.g22838.t1",2,1,0,0.0334275058210673,"Other",6,0.918699781436598,"ME13"
"Porites_compressa_HIv1___RNAseq.g22849.t1",1,1,0,NA,NA,NA,NA,"ME1"
"Porites_compressa_HIv1___RNAseq.g22861.t1",2,0,0,NA,NA,NA,NA,"ME6"
"Porites_compressa_HIv1___RNAseq.g22864.t1",1,0,0,NA,NA,NA,NA,"ME0"
"Porites_compressa_HIv1___RNAseq.g22805.t1",0,1,0,NA,NA,NA,NA,"ME0"
"Porites_compressa_HIv1___RNAseq.g22808.t1",0,1,0,NA,NA,NA,NA,"ME14"
"Porites_compressa_HIv1___RNAseq.g22642.t1",1,0,0,0.000560697288786274,"Transient",4,0.859206827914162,"ME3"
"Porites_compressa_HIv1___RNAseq.g22643.t2a",1,0,0,NA,NA,NA,NA,"ME8"
"Porites_compressa_HIv1___RNAseq.g22644.t1",0,1,0,0.00032929793545322,"Transient",NA,NA,"ME0"
"Porites_compressa_HIv1___RNAseq.g22646.t1",1,0,0,NA,NA,NA,NA,"ME8"
"Porites_compressa_HIv1___TS.g30929.t1",1,0,0,NA,NA,NA,NA,"ME0"
"Porites_compressa_HIv1___RNAseq.g22653.t1",0,1,1,NA,NA,NA,NA,"ME3"
"Porites_compressa_HIv1___RNAseq.g22655.t1",0,2,0,0.0385761621085713,"Other",6,0.821609089023596,"ME2"
"Porites_compressa_HIv1___TS.g30937.t1",0,0,1,0.0145414958085231,"Monotonous",6,0.910370089998871,"ME1"
"Porites_compressa_HIv1___RNAseq.g22661.t1",1,0,0,NA,NA,NA,NA,"ME3"
"Porites_compressa_HIv1___RNAseq.g22662.t1",1,0,0,NA,NA,NA,NA,"ME0"
"Porites_compressa_HIv1___RNAseq.g22671.t1",1,0,0,8.08535413778876e-23,"Monotonous",2,0.947089824547538,"ME2"
"Porites_compressa_HIv1___RNAseq.g22672.t1",0,0,1,NA,NA,NA,NA,"ME4"
"Porites_compressa_HIv1___RNAseq.g22677.t1a",0,1,0,3.38975058731035e-08,"Monotonous",2,0.972442837410195,"ME2"
"Porites_compressa_HIv1___TS.g30962.t1",0,1,0,NA,NA,NA,NA,"ME1"
"Porites_compressa_HIv1___TS.g30966.t1",0,0,2,3.39093987122795e-06,"Transient",5,0.576090547555418,"ME7"
"Porites_compressa_HIv1___TS.g30967.t1",0,1,0,NA,NA,NA,NA,"ME1"
"Porites_compressa_HIv1___RNAseq.g22692.t1",0,1,0,NA,NA,NA,NA,"ME1"
"Porites_compressa_HIv1___TS.g30969.t1",1,0,0,NA,NA,NA,NA,"ME1"
"Porites_compressa_HIv1___RNAseq.g22695.t1",0,0,1,NA,NA,NA,NA,"ME8"
"Porites_compressa_HIv1___RNAseq.g22696.t1",0,1,0,NA,NA,NA,NA,"ME0"
"Porites_compressa_HIv1___RNAseq.g22700.t1",1,0,0,0.0120360831417203,"Other",NA,NA,"ME4"
"Porites_compressa_HIv1___RNAseq.g22704.t1",0,1,0,NA,NA,NA,NA,"ME0"
"Porites_compressa_HIv1___RNAseq.g22705.t1",0,1,0,9.45264248115738e-07,"Transient",3,0.76423552328395,"ME4"
"Porites_compressa_HIv1___RNAseq.g22712.t1",1,0,0,NA,NA,NA,NA,"ME17"
"Porites_compressa_HIv1___RNAseq.g22716.t1",0,0,1,NA,NA,NA,NA,"ME0"
"Porites_compressa_HIv1___TS.g30994.t1",0,0,1,NA,NA,NA,NA,"ME0"
"Porites_compressa_HIv1___RNAseq.g22720.t1",0,1,0,NA,NA,NA,NA,"ME17"
"Porites_compressa_HIv1___TS.g30997.t1",0,1,0,NA,NA,NA,NA,"ME6"
"Porites_compressa_HIv1___TS.g31000.t1",1,0,0,NA,NA,NA,NA,"ME1"
"Porites_compressa_HIv1___RNAseq.g22732.t1",1,0,0,NA,NA,NA,NA,"ME2"
"Porites_compressa_HIv1___RNAseq.g22746.t1",1,0,0,NA,NA,NA,NA,"ME0"
"Porites_compressa_HIv1___RNAseq.g22747.t1",1,0,0,NA,NA,NA,NA,"ME0"
"Porites_compressa_HIv1___RNAseq.g22750.t1",0,2,0,0.0229319241888413,"Other",6,0.556433241434016,"ME1"
"Porites_compressa_HIv1___TS.g31030.t1",1,1,1,NA,NA,NA,NA,"ME8"
"Porites_compressa_HIv1___RNAseq.g22761.t1",1,0,0,NA,NA,NA,NA,"ME0"
"Porites_compressa_HIv1___RNAseq.g22762.t1",1,0,0,NA,NA,NA,NA,"ME0"
"Porites_compressa_HIv1___RNAseq.g22765.t1",1,0,0,NA,NA,NA,NA,"ME0"
"Porites_compressa_HIv1___TS.g31042.t1",1,0,0,8.81040824954803e-05,"Transient",5,0.959382997758216,"ME1"
"Porites_compressa_HIv1___RNAseq.g22779.t1",2,0,0,0.0143463487696131,"Other",5,0.830389027444179,"ME1"
"Porites_compressa_HIv1___RNAseq.g22781.t1",0,1,0,NA,NA,NA,NA,"ME0"
"Porites_compressa_HIv1___RNAseq.g22782.t1",2,0,0,NA,NA,NA,NA,"ME1"
"Porites_compressa_HIv1___TS.g31063.t1",0,2,0,0.00062942461605769,"Monotonous",NA,NA,"ME4"
"Porites_compressa_HIv1___RNAseq.g22790.t1",0,1,0,NA,NA,NA,NA,"ME5"
"Porites_compressa_HIv1___RNAseq.g22792.t1",0,1,0,NA,NA,NA,NA,"ME0"
"Porites_compressa_HIv1___RNAseq.g22794.t1",0,0,1,2.02856644818086e-06,"Monotonous",2,0.715059876787166,"ME4"
"Porites_compressa_HIv1___RNAseq.g22799.t1",0,1,1,0.00106621914640544,"Monotonous",6,0.639151242386068,"ME1"
"Porites_compressa_HIv1___TS.g31075.t1",0,0,1,NA,NA,NA,NA,"ME1"
"Porites_compressa_HIv1___RNAseq.g22801.t1",0,0,1,4.60887200993483e-06,"Monotonous",6,0.750664092201471,"ME1"
"Porites_compressa_HIv1___RNAseq.g22809.t1",0,1,0,NA,NA,NA,NA,"ME0"
"Porites_compressa_HIv1___RNAseq.g6542.t1",1,0,0,0.0396916892879055,"Monotonous",2,0.645579935678383,"ME0"
"Porites_compressa_HIv1___TS.g1395.t1",1,0,0,NA,NA,NA,NA,"ME0"
"Porites_compressa_HIv1___TS.g1387.t1b",0,1,0,NA,NA,NA,NA,"ME1"
"Porites_compressa_HIv1___TS.g1378.t1",1,1,0,0.0070773049702159,"Other",3,0.55264406083895,"ME3"
"Porites_compressa_HIv1___RNAseq.36189_t",1,0,0,0.00694669329973311,"Other",1,0.551490646107381,"ME21"
"Porites_compressa_HIv1___RNAseq.g6412.t1",1,0,0,NA,NA,NA,NA,"ME0"
"Porites_compressa_HIv1___RNAseq.g6446.t1",0,1,0,NA,NA,NA,NA,"ME0"
"Porites_compressa_HIv1___RNAseq.g6394.t1",1,0,0,NA,NA,NA,NA,"ME13"
"Porites_compressa_HIv1___RNAseq.g6401.t1",0,1,0,NA,NA,NA,NA,"ME0"
"Porites_compressa_HIv1___RNAseq.g6403.t1",1,0,0,NA,NA,NA,NA,"ME0"
"Porites_compressa_HIv1___RNAseq.g6437.t1",1,0,0,0.0277195248200607,"Other",4,0.605954608985521,"ME3"
"Porites_compressa_HIv1___RNAseq.g6440.t1",0,0,1,NA,NA,NA,NA,"ME1"
"Porites_compressa_HIv1___RNAseq.g6451.t1",1,0,0,NA,NA,NA,NA,"ME0"
"Porites_compressa_HIv1___RNAseq.g6452.t1",1,0,0,NA,NA,NA,NA,"ME10"
"Porites_compressa_HIv1___RNAseq.g6454.t1",0,1,0,NA,NA,NA,NA,"ME0"
"Porites_compressa_HIv1___RNAseq.g6455.t1",1,0,0,0.0311544928899199,"Monotonous",1,0.86729998395353,"ME0"
"Porites_compressa_HIv1___RNAseq.g6460.t1",1,0,0,NA,NA,NA,NA,"ME1"
"Porites_compressa_HIv1___RNAseq.g6464.t1",1,0,0,NA,NA,NA,NA,"ME0"
"Porites_compressa_HIv1___RNAseq.g6465.t1",1,0,0,NA,NA,NA,NA,"ME1"
"Porites_compressa_HIv1___RNAseq.g6473.t1",1,0,0,NA,NA,NA,NA,"ME0"
"Porites_compressa_HIv1___RNAseq.g6485.t1",0,0,1,NA,NA,NA,NA,"ME1"
"Porites_compressa_HIv1___RNAseq.g6488.t1",0,0,1,NA,NA,NA,NA,"ME1"
"Porites_compressa_HIv1___RNAseq.g6491.t1a",0,0,1,NA,NA,NA,NA,"ME8"
"Porites_compressa_HIv1___RNAseq.g6492.t1",1,0,0,NA,NA,NA,NA,"ME0"
"Porites_compressa_HIv1___TS.g1345.t1",1,0,0,NA,NA,NA,NA,"ME0"
"Porites_compressa_HIv1___RNAseq.g6494.t1",1,0,0,NA,NA,NA,NA,"ME2"
"Porites_compressa_HIv1___RNAseq.g6498.t1",0,1,0,NA,NA,NA,NA,"ME0"
"Porites_compressa_HIv1___RNAseq.g6500.t1",1,0,0,NA,NA,NA,NA,"ME1"
"Porites_compressa_HIv1___RNAseq.g6507.t1",1,0,1,NA,NA,NA,NA,"ME10"
"Porites_compressa_HIv1___RNAseq.g6508.t1",1,0,0,NA,NA,NA,NA,"ME0"
"Porites_compressa_HIv1___RNAseq.g6509.t1",1,0,1,NA,NA,NA,NA,"ME0"
"Porites_compressa_HIv1___RNAseq.g6511.t1",0,0,1,0.0317145398667168,"Monotonous",2,0.724834821084569,"ME16"
"Porites_compressa_HIv1___TS.g1364.t1",2,0,0,NA,NA,NA,NA,"ME1"
"Porites_compressa_HIv1___TS.g1373.t1",1,0,0,NA,NA,NA,NA,"ME4"
"Porites_compressa_HIv1___RNAseq.g12511.t1",1,0,0,NA,NA,NA,NA,"ME0"
"Porites_compressa_HIv1___RNAseq.g23979.t1",0,1,0,NA,NA,NA,NA,"ME1"
"Porites_compressa_HIv1___RNAseq.g23981.t1",1,0,0,NA,NA,NA,NA,"ME4"
"Porites_compressa_HIv1___RNAseq.g23982.t1",1,0,0,NA,NA,NA,NA,"ME0"
"Porites_compressa_HIv1___RNAseq.g23978.t1",1,0,0,0.0156028954570163,"Transient",4,0.521084916279492,"ME3"
"Porites_compressa_HIv1___RNAseq.36241_t",0,1,0,NA,NA,NA,NA,"ME0"
"Porites_compressa_HIv1___RNAseq.g12392.t1",0,0,1,NA,NA,NA,NA,"ME0"
"Porites_compressa_HIv1___RNAseq.g12406.t1",0,0,1,NA,NA,NA,NA,"ME0"
"Porites_compressa_HIv1___TS.g4150.t1",0,1,0,NA,NA,NA,NA,"ME0"
"Porites_compressa_HIv1___RNAseq.g12419.t1",0,1,0,NA,NA,NA,NA,"ME7"
"Porites_compressa_HIv1___RNAseq.g12433.t1",0,3,0,NA,NA,NA,NA,"ME0"
"Porites_compressa_HIv1___RNAseq.g12439.t1",0,0,1,NA,NA,NA,NA,"ME0"
"Porites_compressa_HIv1___RNAseq.g12442.t1",0,1,0,NA,NA,NA,NA,"ME7"
"Porites_compressa_HIv1___TS.g4189.t1",0,0,1,NA,NA,NA,NA,"ME0"
"Porites_compressa_HIv1___RNAseq.g12476.t1",1,0,0,NA,NA,NA,NA,"ME0"
"Porites_compressa_HIv1___RNAseq.36350_t",0,1,0,NA,NA,NA,NA,"ME0"
"Porites_compressa_HIv1___RNAseq.g12490.t1",0,0,1,NA,NA,NA,NA,"ME21"
"Porites_compressa_HIv1___RNAseq.g12494.t1",3,0,0,NA,NA,NA,NA,"ME24"
"Porites_compressa_HIv1___RNAseq.g12364.t1",0,1,1,0.00560707865821667,"Transient",5,0.654779924250159,"ME1"
"Porites_compressa_HIv1___RNAseq.g12365.t1",1,1,0,0.00129287232922363,"Transient",NA,NA,"ME1"
"Porites_compressa_HIv1___RNAseq.g12367.t1",1,1,0,0.000388651094286648,"Other",NA,NA,"ME1"
"Porites_compressa_HIv1___RNAseq.g12373.t1",0,1,0,NA,NA,NA,NA,"ME1"
"Porites_compressa_HIv1___RNAseq.g12380.t1",1,0,0,3.2492335077114e-08,"Transient",5,0.809597297135265,"ME1"
"Porites_compressa_HIv1___RNAseq.g12381.t1",1,0,0,NA,NA,NA,NA,"ME0"
"Porites_compressa_HIv1___RNAseq.g12382.t1",1,0,0,NA,NA,NA,NA,"ME0"
"Porites_compressa_HIv1___TS.g4126.t2",1,0,0,NA,NA,NA,NA,"ME0"
"Porites_compressa_HIv1___RNAseq.g12385.t1",1,0,0,NA,NA,NA,NA,"ME0"
"Porites_compressa_HIv1___RNAseq.g12389.t1",1,0,0,NA,NA,NA,NA,"ME1"
"Porites_compressa_HIv1___RNAseq.g12394.t1",0,1,0,NA,NA,NA,NA,"ME6"
"Porites_compressa_HIv1___RNAseq.g12416.t1",1,0,0,NA,NA,NA,NA,"ME0"
"Porites_compressa_HIv1___RNAseq.g12426.t1",0,0,1,4.63214402197293e-05,"Monotonous",1,0.646824559956778,"ME2"
"Porites_compressa_HIv1___RNAseq.g12435.t1",1,0,0,NA,NA,NA,NA,"ME17"
"Porites_compressa_HIv1___RNAseq.g12436.t1",0,0,3,NA,NA,NA,NA,"ME2"
"Porites_compressa_HIv1___RNAseq.g12443.t1",0,0,3,0.0273688147594827,"Other",2,0.634756309665801,"ME2"
"Porites_compressa_HIv1___RNAseq.g12451.t1",2,0,0,NA,NA,NA,NA,"ME0"
"Porites_compressa_HIv1___RNAseq.g12452.t1",0,0,2,8.8063839411002e-05,"Transient",2,0.609255600242998,"ME2"
"Porites_compressa_HIv1___RNAseq.g12455.t1",1,0,0,NA,NA,NA,NA,"ME0"
"Porites_compressa_HIv1___RNAseq.g12457.t1",1,0,0,NA,NA,NA,NA,"ME0"
"Porites_compressa_HIv1___RNAseq.g12459.t1",1,1,0,2.28580822433422e-06,"Transient",3,0.867297539799699,"ME3"
"Porites_compressa_HIv1___RNAseq.g12460.t1",0,3,0,NA,NA,NA,NA,"ME0"
"Porites_compressa_HIv1___TS.g4210.t1",0,1,0,NA,NA,NA,NA,"ME0"
"Porites_compressa_HIv1___RNAseq.g12468.t1",0,1,1,0.000298222750588704,"Transient",4,0.585331934869603,"ME3"
"Porites_compressa_HIv1___RNAseq.g12469.t2",0,1,1,NA,NA,NA,NA,"ME0"
"Porites_compressa_HIv1___RNAseq.g12471.t1",1,1,0,NA,NA,NA,NA,"ME0"
"Porites_compressa_HIv1___TS.g4217.t1",1,0,0,NA,NA,NA,NA,"ME1"
"Porites_compressa_HIv1___RNAseq.g12499.t1",1,0,0,NA,NA,NA,NA,"ME10"
"Porites_compressa_HIv1___RNAseq.g12500.t1",0,0,1,0.00193052927987181,"Transient",NA,NA,"ME0"
"Porites_compressa_HIv1___RNAseq.g12501.t1",1,0,0,NA,NA,NA,NA,"ME0"
"Porites_compressa_HIv1___RNAseq.g12502.t1",0,0,1,NA,NA,NA,NA,"ME0"
"Porites_compressa_HIv1___RNAseq.g12503.t1",0,0,1,NA,NA,NA,NA,"ME0"
"Porites_compressa_HIv1___RNAseq.g23531.t1",0,1,0,NA,NA,NA,NA,"ME1"
"Porites_compressa_HIv1___RNAseq.36495_t",0,1,0,NA,NA,NA,NA,"ME1"
"Porites_compressa_HIv1___RNAseq.g23604.t1",2,1,0,NA,NA,NA,NA,"ME5"
"Porites_compressa_HIv1___RNAseq.g23416.t1",0,0,1,NA,NA,NA,NA,"ME1"
"Porites_compressa_HIv1___RNAseq.g23425.t1",0,1,0,NA,NA,NA,NA,"ME0"
"Porites_compressa_HIv1___RNAseq.g23446.t1",0,1,0,NA,NA,NA,NA,"ME0"
"Porites_compressa_HIv1___RNAseq.g23447.t1",1,0,0,9.27998162304188e-05,"Transient",5,0.946616490282404,"ME1"
"Porites_compressa_HIv1___RNAseq.g23451.t1",1,0,0,NA,NA,NA,NA,"ME15"
"Porites_compressa_HIv1___RNAseq.g23454.t1",0,2,0,NA,NA,NA,NA,"ME0"
"Porites_compressa_HIv1___TS.g27680.t1",0,0,1,0.00870182479185493,"Transient",4,0.670903760438628,"ME3"
"Porites_compressa_HIv1___RNAseq.g23459.t1",0,1,0,NA,NA,NA,NA,"ME0"
"Porites_compressa_HIv1___RNAseq.g23462.t1",0,2,0,0.00439364268448879,"Other",5,0.833094755048688,"ME1"
"Porites_compressa_HIv1___RNAseq.g23464.t1",1,0,1,NA,NA,NA,NA,"ME0"
"Porites_compressa_HIv1___RNAseq.g23466.t1",0,0,1,NA,NA,NA,NA,"ME1"
"Porites_compressa_HIv1___RNAseq.g23473.t1",0,1,0,NA,NA,NA,NA,"ME3"
"Porites_compressa_HIv1___RNAseq.g23474.t1",1,0,0,NA,NA,NA,NA,"ME0"
"Porites_compressa_HIv1___RNAseq.g23477.t1",0,1,0,0.000190671797247479,"Monotonous",1,0.706726279166812,"ME1"
"Porites_compressa_HIv1___RNAseq.g23479.t1",0,1,1,NA,NA,NA,NA,"ME5"
"Porites_compressa_HIv1___RNAseq.g23481.t1",0,0,1,NA,NA,NA,NA,"ME5"
"Porites_compressa_HIv1___RNAseq.g23482.t1",1,0,1,NA,NA,NA,NA,"ME5"
"Porites_compressa_HIv1___TS.g27706.t1",1,1,0,8.76068602463246e-06,"Monotonous",2,0.728905113676195,"ME4"
"Porites_compressa_HIv1___RNAseq.g23485.t1",1,0,0,NA,NA,NA,NA,"ME0"
"Porites_compressa_HIv1___RNAseq.g23486.t1",1,0,0,NA,NA,NA,NA,"ME3"
"Porites_compressa_HIv1___RNAseq.g23487.t1",1,0,0,3.96601873182945e-11,"Monotonous",6,0.596839638113243,"ME1"
"Porites_compressa_HIv1___RNAseq.g23489.t1b",1,0,0,NA,NA,NA,NA,"ME1"
"Porites_compressa_HIv1___RNAseq.g23491.t1",0,2,0,0.00623034481621767,"Transient",4,0.700658545651754,"ME3"
"Porites_compressa_HIv1___TS.g27715.t1",0,1,0,NA,NA,NA,NA,"ME0"
"Porites_compressa_HIv1___RNAseq.g23493.t1",2,0,1,NA,NA,NA,NA,"ME0"
"Porites_compressa_HIv1___RNAseq.g23494.t1",1,0,0,NA,NA,NA,NA,"ME6"
"Porites_compressa_HIv1___RNAseq.g23497.t1",1,0,0,NA,NA,NA,NA,"ME0"
"Porites_compressa_HIv1___RNAseq.g23499.t1",1,0,0,NA,NA,NA,NA,"ME3"
"Porites_compressa_HIv1___RNAseq.g23502.t1",1,1,0,NA,NA,NA,NA,"ME0"
"Porites_compressa_HIv1___RNAseq.36461_t",1,0,0,NA,NA,NA,NA,"ME1"
"Porites_compressa_HIv1___RNAseq.g23514.t1",0,0,1,NA,NA,NA,NA,"ME0"
"Porites_compressa_HIv1___RNAseq.g23515.t1",0,1,0,NA,NA,NA,NA,"ME11"
"Porites_compressa_HIv1___RNAseq.g23524.t1",0,0,1,NA,NA,NA,NA,"ME0"
"Porites_compressa_HIv1___RNAseq.g23525.t1",0,0,1,NA,NA,NA,NA,"ME0"
"Porites_compressa_HIv1___TS.g27764.t1",0,1,0,NA,NA,NA,NA,"ME3"
"Porites_compressa_HIv1___RNAseq.g23543.t1",2,0,0,NA,NA,NA,NA,"ME1"
"Porites_compressa_HIv1___RNAseq.g23551.t1",2,1,0,NA,NA,NA,NA,"ME0"
"Porites_compressa_HIv1___RNAseq.g23553.t1",0,0,1,0.00160724936342408,"Monotonous",6,0.699135092315617,"ME1"
"Porites_compressa_HIv1___RNAseq.g23556.t1",0,0,1,NA,NA,NA,NA,"ME1"
"Porites_compressa_HIv1___RNAseq.g23561.t1",0,1,1,NA,NA,NA,NA,"ME0"
"Porites_compressa_HIv1___RNAseq.g23563.t1",0,0,1,NA,NA,NA,NA,"ME27"
"Porites_compressa_HIv1___RNAseq.g23577.t1b",0,0,1,NA,NA,NA,NA,"ME5"
"Porites_compressa_HIv1___RNAseq.g23583.t1",1,0,1,NA,NA,NA,NA,"ME1"
"Porites_compressa_HIv1___TS.g27812.t1",0,1,0,NA,NA,NA,NA,"ME4"
"Porites_compressa_HIv1___RNAseq.g23589.t1",1,0,0,NA,NA,NA,NA,"ME0"
"Porites_compressa_HIv1___RNAseq.g23590.t2",0,1,0,NA,NA,NA,NA,"ME1"
"Porites_compressa_HIv1___RNAseq.g23596.t1",0,1,0,NA,NA,NA,NA,"ME0"
"Porites_compressa_HIv1___RNAseq.g23597.t1",1,0,0,NA,NA,NA,NA,"ME5"
"Porites_compressa_HIv1___RNAseq.g23599.t1",1,0,0,NA,NA,NA,NA,"ME5"
"Porites_compressa_HIv1___RNAseq.g23600.t1",1,0,0,NA,NA,NA,NA,"ME5"
"Porites_compressa_HIv1___RNAseq.g23601.t1",0,1,0,NA,NA,NA,NA,"ME0"
"Porites_compressa_HIv1___RNAseq.g23603.t1",1,1,0,NA,NA,NA,NA,"ME21"
"Porites_compressa_HIv1___RNAseq.g23606.t1",1,0,1,NA,NA,NA,NA,"ME0"
"Porites_compressa_HIv1___TS.g23262.t1",0,0,1,NA,NA,NA,NA,"ME0"
"Porites_compressa_HIv1___RNAseq.g24060.t1",0,0,2,NA,NA,NA,NA,"ME0"
"Porites_compressa_HIv1___RNAseq.g23989.t1",0,1,0,NA,NA,NA,NA,"ME12"
"Porites_compressa_HIv1___RNAseq.g23999.t1",1,0,0,NA,NA,NA,NA,"ME3"
"Porites_compressa_HIv1___RNAseq.g24005.t1",0,0,1,NA,NA,NA,NA,"ME10"
"Porites_compressa_HIv1___RNAseq.g24013.t1",1,0,0,1.66211713072797e-08,"Monotonous",2,0.837757526047303,"ME2"
"Porites_compressa_HIv1___RNAseq.g24023.t1",0,1,0,0.00120662301776551,"Monotonous",1,0.819122184644353,"ME16"
"Porites_compressa_HIv1___TS.g23277.t1",0,0,1,0.0427573013318955,"Other",NA,NA,"ME2"
"Porites_compressa_HIv1___RNAseq.g24030.t2",1,0,0,NA,NA,NA,NA,"ME0"
"Porites_compressa_HIv1___RNAseq.g24035.t1",0,1,0,NA,NA,NA,NA,"ME3"
"Porites_compressa_HIv1___RNAseq.g24044.t1",0,1,0,0.00146118336604254,"Monotonous",2,0.938299549389816,"ME5"
"Porites_compressa_HIv1___RNAseq.g24053.t1",0,1,0,0.00120412696563411,"Monotonous",2,0.729144836930978,"ME5"
"Porites_compressa_HIv1___RNAseq.g24061.t1",0,2,0,NA,NA,NA,NA,"ME0"
"Porites_compressa_HIv1___RNAseq.g24062.t1",0,2,0,0.0149006324611707,"Monotonous",6,0.856880860727545,"ME0"
"Porites_compressa_HIv1___RNAseq.g24066.t1",1,0,0,NA,NA,NA,NA,"ME0"
"Porites_compressa_HIv1___RNAseq.g24069.t1",0,0,1,0.0148482219654761,"Monotonous",3,0.847484001467494,"ME3"
"Porites_compressa_HIv1___RNAseq.g28219.t1",0,1,0,NA,NA,NA,NA,"ME0"
"Porites_compressa_HIv1___RNAseq.g28204.t1",1,0,0,NA,NA,NA,NA,"ME0"
"Porites_compressa_HIv1___RNAseq.g28206.t1",1,0,0,NA,NA,NA,NA,"ME0"
"Porites_compressa_HIv1___RNAseq.g28198.t1",1,0,0,NA,NA,NA,NA,"ME2"
"Porites_compressa_HIv1___RNAseq.g28199.t1",1,0,0,NA,NA,NA,NA,"ME3"
"Porites_compressa_HIv1___RNAseq.g28242.t1",1,0,0,NA,NA,NA,NA,"ME0"
"Porites_compressa_HIv1___RNAseq.g28243.t1",1,0,0,NA,NA,NA,NA,"ME1"
"Porites_compressa_HIv1___RNAseq.g28245.t1",0,1,0,NA,NA,NA,NA,"ME1"
"Porites_compressa_HIv1___RNAseq.g28251.t1",0,0,1,NA,NA,NA,NA,"ME1"
"Porites_compressa_HIv1___RNAseq.36800_t",2,0,0,NA,NA,NA,NA,"ME2"
"Porites_compressa_HIv1___TS.g2321.t1",1,0,0,NA,NA,NA,NA,"ME0"
"Porites_compressa_HIv1___TS.g38097.t1",1,0,0,NA,NA,NA,NA,"ME7"
"Porites_compressa_HIv1___RNAseq.g32771.t1",0,1,0,NA,NA,NA,NA,"ME0"
"Porites_compressa_HIv1___TS.g38165.t1",1,0,0,NA,NA,NA,NA,"ME0"
"Porites_compressa_HIv1___RNAseq.g32770.t1",0,0,1,NA,NA,NA,NA,"ME0"
"Porites_compressa_HIv1___RNAseq.g32779.t1",0,0,1,NA,NA,NA,NA,"ME0"
"Porites_compressa_HIv1___RNAseq.g32798.t1",1,0,0,NA,NA,NA,NA,"ME1"
"Porites_compressa_HIv1___TS.g38159.t1",3,1,0,NA,NA,NA,NA,"ME1"
"Porites_compressa_HIv1___TS.g2376.t1",1,0,0,NA,NA,NA,NA,"ME13"
"Porites_compressa_HIv1___RNAseq.g28322.t1",1,0,0,NA,NA,NA,NA,"ME2"
"Porites_compressa_HIv1___RNAseq.g28323.t1",0,0,1,3.8760966869225e-05,"Monotonous",2,0.511578011649276,"ME2"
"Porites_compressa_HIv1___TS.g2386.t1",0,1,0,0.0250856894243477,"Other",NA,NA,"ME19"
"Porites_compressa_HIv1___TS.g2387.t1",1,0,0,0.00223038709678218,"Transient",NA,NA,"ME3"
"Porites_compressa_HIv1___RNAseq.g28327.t1",0,1,0,0.0387738227771969,"Other",4,0.754223132388417,"ME0"
"Porites_compressa_HIv1___TS.g15941.t1",0,1,0,NA,NA,NA,NA,"ME0"
"Porites_compressa_HIv1___RNAseq.g9369.t1",1,1,0,NA,NA,NA,NA,"ME0"
"Porites_compressa_HIv1___RNAseq.g9371.t1",1,0,0,NA,NA,NA,NA,"ME0"
"Porites_compressa_HIv1___TS.g15961.t1",1,1,0,NA,NA,NA,NA,"ME0"
"Porites_compressa_HIv1___RNAseq.g9359.t1",1,0,0,NA,NA,NA,NA,"ME0"
"Porites_compressa_HIv1___RNAseq.g9361.t1",1,0,0,NA,NA,NA,NA,"ME0"
"Porites_compressa_HIv1___RNAseq.g17121.t1c",1,0,0,NA,NA,NA,NA,"ME17"
"Porites_compressa_HIv1___RNAseq.g17219.t1",1,0,0,NA,NA,NA,NA,"ME6"
"Porites_compressa_HIv1___RNAseq.37026_t",0,1,0,0.00534508291683895,"Monotonous",2,0.613240759795825,"ME4"
"Porites_compressa_HIv1___RNAseq.g38062.t1",1,0,0,NA,NA,NA,NA,"ME0"
"Porites_compressa_HIv1___RNAseq.g38090.t1",0,1,0,0.000747615279751916,"Other",3,0.8495819067266,"ME4"
"Porites_compressa_HIv1___RNAseq.g38127.t1",0,1,0,NA,NA,NA,NA,"ME2"
"Porites_compressa_HIv1___RNAseq.37043_t",0,1,0,NA,NA,NA,NA,"ME2"
"Porites_compressa_HIv1___TS.g27552.t1",0,1,0,NA,NA,NA,NA,"ME0"
"Porites_compressa_HIv1___RNAseq.g38076.t1",2,0,0,NA,NA,NA,NA,"ME0"
"Porites_compressa_HIv1___RNAseq.g38085.t1",1,0,0,NA,NA,NA,NA,"ME0"
"Porites_compressa_HIv1___RNAseq.g38093.t3",0,1,0,NA,NA,NA,NA,"ME9"
"Porites_compressa_HIv1___RNAseq.g38128.t1",0,1,0,NA,NA,NA,NA,"ME9"
"Porites_compressa_HIv1___RNAseq.g38129.t1",0,2,0,NA,NA,NA,NA,"ME0"
"Porites_compressa_HIv1___RNAseq.g17166.t2",1,0,1,NA,NA,NA,NA,"ME0"
"Porites_compressa_HIv1___RNAseq.g17131.t1",0,1,1,NA,NA,NA,NA,"ME0"
"Porites_compressa_HIv1___RNAseq.g17135.t1",0,1,1,NA,NA,NA,NA,"ME0"
"Porites_compressa_HIv1___RNAseq.g17142.t1",2,0,0,NA,NA,NA,NA,"ME9"
"Porites_compressa_HIv1___TS.g36899.t1",0,1,0,NA,NA,NA,NA,"ME0"
"Porites_compressa_HIv1___RNAseq.g17167.t1",0,0,1,NA,NA,NA,NA,"ME7"
"Porites_compressa_HIv1___RNAseq.g17309.t1",0,0,1,0.0440889559394129,"Other",4,0.782149584012803,"ME0"
"Porites_compressa_HIv1___RNAseq.g28620.t1",0,0,1,NA,NA,NA,NA,"ME0"
"Porites_compressa_HIv1___TS.g30785.t1",0,1,0,NA,NA,NA,NA,"ME0"
"Porites_compressa_HIv1___RNAseq.g28644.t1",0,1,0,NA,NA,NA,NA,"ME0"
"Porites_compressa_HIv1___TS.g30793.t1",3,0,1,NA,NA,NA,NA,"ME0"
"Porites_compressa_HIv1___RNAseq.g28645.t1",1,0,1,NA,NA,NA,NA,"ME9"
"Porites_compressa_HIv1___RNAseq.g28662.t1",0,3,0,NA,NA,NA,NA,"ME0"
"Porites_compressa_HIv1___RNAseq.g28682.t1",1,0,1,NA,NA,NA,NA,"ME0"
"Porites_compressa_HIv1___RNAseq.g28603.t1",0,1,0,NA,NA,NA,NA,"ME0"
"Porites_compressa_HIv1___RNAseq.g28611.t1",1,0,0,2.00782628002491e-15,"Monotonous",1,0.967757289327731,"ME12"
"Porites_compressa_HIv1___RNAseq.g28624.t1",2,0,0,0.0427573013318955,"Other",6,0.708370057242245,"ME18"
"Porites_compressa_HIv1___RNAseq.g28626.t1",1,0,0,NA,NA,NA,NA,"ME0"
"Porites_compressa_HIv1___TS.g30776.t1",0,0,1,NA,NA,NA,NA,"ME9"
"Porites_compressa_HIv1___TS.g30786.t1",1,0,0,NA,NA,NA,NA,"ME0"
"Porites_compressa_HIv1___RNAseq.g28642.t1a",1,1,0,NA,NA,NA,NA,"ME0"
"Porites_compressa_HIv1___TS.g30804.t1",1,0,1,1.40113849596952e-07,"Transient",5,0.909901932031413,"ME1"
"Porites_compressa_HIv1___RNAseq.g28668.t1",1,0,1,NA,NA,NA,NA,"ME1"
"Porites_compressa_HIv1___RNAseq.g28674.t1",1,0,0,NA,NA,NA,NA,"ME9"
"Porites_compressa_HIv1___RNAseq.g28677.t1",0,0,1,NA,NA,NA,NA,"ME0"
"Porites_compressa_HIv1___RNAseq.g28680.t1",0,1,0,NA,NA,NA,NA,"ME1"
"Porites_compressa_HIv1___RNAseq.36970_t",0,1,0,NA,NA,NA,NA,"ME4"
"Porites_compressa_HIv1___TS.g30839.t1",1,0,0,NA,NA,NA,NA,"ME0"
"Porites_compressa_HIv1___RNAseq.g28693.t1",0,1,1,NA,NA,NA,NA,"ME0"
"Porites_compressa_HIv1___RNAseq.g17314.t1",1,0,0,4.03672941674059e-07,"Monotonous",3,0.809358082971852,"ME4"
"Porites_compressa_HIv1___RNAseq.g17317.t1",1,0,0,0.00391161164572757,"Monotonous",2,0.569789625603116,"ME2"
"Porites_compressa_HIv1___RNAseq.g17320.t1",1,0,0,2.15972824472509e-07,"Monotonous",2,0.516958948012409,"ME2"
"Porites_compressa_HIv1___RNAseq.g17285.t1",0,0,1,NA,NA,NA,NA,"ME0"
"Porites_compressa_HIv1___RNAseq.g17221.t1",1,1,0,NA,NA,NA,NA,"ME0"
"Porites_compressa_HIv1___RNAseq.g17232.t1",1,3,0,NA,NA,NA,NA,"ME1"
"Porites_compressa_HIv1___RNAseq.g17234.t1",1,0,0,NA,NA,NA,NA,"ME0"
"Porites_compressa_HIv1___RNAseq.g17238.t1",1,0,0,NA,NA,NA,NA,"ME0"
"Porites_compressa_HIv1___TS.g32941.t1",1,0,0,NA,NA,NA,NA,"ME0"
"Porites_compressa_HIv1___RNAseq.g17240.t1",0,0,1,NA,NA,NA,NA,"ME0"
"Porites_compressa_HIv1___RNAseq.g17242.t1",2,0,0,NA,NA,NA,NA,"ME5"
"Porites_compressa_HIv1___RNAseq.g17243.t1",1,0,0,NA,NA,NA,NA,"ME0"
"Porites_compressa_HIv1___RNAseq.g17244.t1",1,0,0,0.0281492300658028,"Monotonous",5,0.764782668321018,"ME0"
"Porites_compressa_HIv1___RNAseq.g17247.t1",1,0,0,NA,NA,NA,NA,"ME3"
"Porites_compressa_HIv1___RNAseq.g17250.t1c",0,1,0,NA,NA,NA,NA,"ME1"
"Porites_compressa_HIv1___RNAseq.g17251.t1",1,0,0,NA,NA,NA,NA,"ME0"
"Porites_compressa_HIv1___RNAseq.g17253.t1",0,1,0,NA,NA,NA,NA,"ME1"
"Porites_compressa_HIv1___RNAseq.g17255.t1",0,1,0,4.06111115576323e-05,"Monotonous",1,0.911503856599179,"ME2"
"Porites_compressa_HIv1___RNAseq.g17256.t1",0,1,0,0.0214882411200278,"Other",1,0.670883212611551,"ME12"
"Porites_compressa_HIv1___RNAseq.g17276.t1",0,1,0,0.039829620306887,"Other",1,0.86872739239852,"ME2"
"Porites_compressa_HIv1___RNAseq.g17287.t1",0,0,1,NA,NA,NA,NA,"ME0"
"Porites_compressa_HIv1___RNAseq.g17294.t1",1,0,0,1.74996422463981e-05,"Monotonous",1,0.796319079468943,"ME5"
"Porites_compressa_HIv1___RNAseq.g17296.t1",1,0,0,0.00334271551873307,"Monotonous",6,0.553122252775452,"ME0"
"Porites_compressa_HIv1___RNAseq.g17300.t1",0,0,1,NA,NA,NA,NA,"ME0"
"Porites_compressa_HIv1___RNAseq.g3526.t1",1,0,0,NA,NA,NA,NA,"ME0"
"Porites_compressa_HIv1___RNAseq.g3542.t1",0,0,1,NA,NA,NA,NA,"ME0"
"Porites_compressa_HIv1___RNAseq.g3555.t1",1,1,0,NA,NA,NA,NA,"ME0"
"Porites_compressa_HIv1___RNAseq.g3514.t2",0,1,0,NA,NA,NA,NA,"ME0"
"Porites_compressa_HIv1___RNAseq.g3517.t1",0,1,0,0.00681163017585173,"Other",1,0.889895193339582,"ME12"
"Porites_compressa_HIv1___RNAseq.g3519.t4",1,0,0,1.90737859635839e-05,"Monotonous",1,0.902544005988229,"ME12"
"Porites_compressa_HIv1___RNAseq.g3520.t1",0,1,0,NA,NA,NA,NA,"ME0"
"Porites_compressa_HIv1___RNAseq.g3527.t1",1,0,0,NA,NA,NA,NA,"ME0"
"Porites_compressa_HIv1___RNAseq.g3528.t1",2,0,0,NA,NA,NA,NA,"ME1"
"Porites_compressa_HIv1___TS.g30862.t1",0,1,0,NA,NA,NA,NA,"ME0"
"Porites_compressa_HIv1___RNAseq.g3532.t1",0,1,0,NA,NA,NA,NA,"ME0"
"Porites_compressa_HIv1___RNAseq.g3533.t1",0,1,0,0.0291471533811825,"Other",3,0.770347917594906,"ME3"
"Porites_compressa_HIv1___RNAseq.g3537.t1",1,0,0,0.0154650400331214,"Other",NA,NA,"ME0"
"Porites_compressa_HIv1___TS.g30870.t1a",2,0,0,NA,NA,NA,NA,"ME2"
"Porites_compressa_HIv1___TS.g30870.t1b",1,0,2,NA,NA,NA,NA,"ME0"
"Porites_compressa_HIv1___RNAseq.g3549.t1",1,0,1,0.00165068383090619,"Other",2,0.642196047446933,"ME4"
"Porites_compressa_HIv1___RNAseq.g3552.t1",0,0,1,0.00671745492475033,"Other",2,0.54114233402361,"ME4"
"Porites_compressa_HIv1___TS.g30886.t1",0,0,1,NA,NA,NA,NA,"ME19"
"Porites_compressa_HIv1___TS.g30890.t1",0,1,0,0.0499380619891256,"Other",6,0.556592606006519,"ME1"
"Porites_compressa_HIv1___RNAseq.g3561.t1",1,1,0,NA,NA,NA,NA,"ME0"
"Porites_compressa_HIv1___TS.g30897.t1",1,0,0,NA,NA,NA,NA,"ME0"
"Porites_compressa_HIv1___RNAseq.g3568.t1",0,1,0,4.9279685527619e-07,"Transient",6,0.71203625157347,"ME1"
"Porites_compressa_HIv1___TS.g30900.t1",0,1,0,0.0202665820229949,"Transient",6,0.613155757590078,"ME1"
"Porites_compressa_HIv1___RNAseq.g3572.t1",0,0,1,NA,NA,NA,NA,"ME18"
"Porites_compressa_HIv1___RNAseq.g3577.t1",2,0,0,NA,NA,NA,NA,"ME18"
"Porites_compressa_HIv1___RNAseq.g3578.t1",1,0,0,0.00014322827612864,"Transient",3,0.668884006048983,"ME2"
"Porites_compressa_HIv1___RNAseq.g3579.t1",1,0,0,0.00687158903887887,"Other",3,0.606429944745444,"ME2"
"Porites_compressa_HIv1___RNAseq.g3580.t1",1,0,1,2.2307422686922e-06,"Transient",NA,NA,"ME2"
"Porites_compressa_HIv1___RNAseq.g23266.t1",1,0,1,NA,NA,NA,NA,"ME0"
"Porites_compressa_HIv1___RNAseq.g23267.t1",1,0,0,NA,NA,NA,NA,"ME0"
"Porites_compressa_HIv1___RNAseq.37428_t",0,2,0,NA,NA,NA,NA,"ME0"
"Porites_compressa_HIv1___RNAseq.g23287.t1",1,0,0,NA,NA,NA,NA,"ME0"
"Porites_compressa_HIv1___RNAseq.g23188.t1",0,0,1,7.79992529572647e-05,"Other",2,0.843759352604223,"ME14"
"Porites_compressa_HIv1___RNAseq.g23189.t1",1,0,0,NA,NA,NA,NA,"ME14"
"Porites_compressa_HIv1___RNAseq.g23214.t1",0,1,1,NA,NA,NA,NA,"ME0"
"Porites_compressa_HIv1___RNAseq.g23215.t1",1,0,0,NA,NA,NA,NA,"ME5"
"Porites_compressa_HIv1___RNAseq.g23216.t1",1,0,1,0.0186147716090205,"Other",4,0.66923432484666,"ME0"
"Porites_compressa_HIv1___RNAseq.g23219.t1",1,0,0,0.00479476985060916,"Transient",4,0.831466347349978,"ME3"
"Porites_compressa_HIv1___RNAseq.g23220.t1",1,0,0,NA,NA,NA,NA,"ME5"
"Porites_compressa_HIv1___RNAseq.g23222.t1",1,0,0,NA,NA,NA,NA,"ME1"
"Porites_compressa_HIv1___RNAseq.g23223.t1",0,2,1,NA,NA,NA,NA,"ME17"
"Porites_compressa_HIv1___RNAseq.g23227.t1",1,0,0,NA,NA,NA,NA,"ME0"
"Porites_compressa_HIv1___RNAseq.g23238.t1a",1,0,0,NA,NA,NA,NA,"ME3"
"Porites_compressa_HIv1___RNAseq.g23241.t1",1,0,0,0.0339599285098757,"Monotonous",2,0.638816797727173,"ME4"
"Porites_compressa_HIv1___RNAseq.g23245.t1",0,0,1,NA,NA,NA,NA,"ME0"
"Porites_compressa_HIv1___RNAseq.g23249.t1",0,0,1,NA,NA,NA,NA,"ME0"
"Porites_compressa_HIv1___RNAseq.g23261.t1",0,1,0,NA,NA,NA,NA,"ME1"
"Porites_compressa_HIv1___RNAseq.g23262.t1",0,1,0,NA,NA,NA,NA,"ME1"
"Porites_compressa_HIv1___RNAseq.g23273.t1",0,1,0,NA,NA,NA,NA,"ME0"
"Porites_compressa_HIv1___RNAseq.g23277.t1",0,1,0,NA,NA,NA,NA,"ME0"
"Porites_compressa_HIv1___RNAseq.g23278.t1",0,1,0,0.000434668815948788,"Monotonous",6,0.926755119479318,"ME1"
"Porites_compressa_HIv1___RNAseq.g23279.t1",1,0,0,6.75465558113682e-06,"Transient",5,0.90348036569413,"ME1"
"Porites_compressa_HIv1___RNAseq.g23281.t1",1,0,0,NA,NA,NA,NA,"ME1"
"Porites_compressa_HIv1___RNAseq.g33872.t1",4,0,0,NA,NA,NA,NA,"ME7"
"Porites_compressa_HIv1___RNAseq.g33874.t1",0,2,0,NA,NA,NA,NA,"ME9"
"Porites_compressa_HIv1___RNAseq.g33877.t1",1,0,0,NA,NA,NA,NA,"ME1"
"Porites_compressa_HIv1___TS.g8363.t1",1,0,0,NA,NA,NA,NA,"ME11"
"Porites_compressa_HIv1___RNAseq.g11236.t1",1,1,0,0.029066315296013,"Other",5,0.795031706208142,"ME18"
"Porites_compressa_HIv1___RNAseq.g11237.t1",1,0,0,NA,NA,NA,NA,"ME1"
"Porites_compressa_HIv1___TS.g29724.t1",0,1,0,NA,NA,NA,NA,"ME0"
"Porites_compressa_HIv1___RNAseq.g11247.t1",0,2,0,NA,NA,NA,NA,"ME0"
"Porites_compressa_HIv1___TS.g4254.t1",0,0,2,NA,NA,NA,NA,"ME0"
"Porites_compressa_HIv1___RNAseq.g16459.t1",0,1,0,NA,NA,NA,NA,"ME0"
"Porites_compressa_HIv1___RNAseq.g16463.t1",1,0,0,NA,NA,NA,NA,"ME0"
"Porites_compressa_HIv1___RNAseq.g16426.t1",1,0,0,0.0468037509634675,"Other",5,0.510695171845948,"ME1"
"Porites_compressa_HIv1___RNAseq.g16429.t1",0,0,1,NA,NA,NA,NA,"ME27"
"Porites_compressa_HIv1___RNAseq.g16430.t1",0,0,1,NA,NA,NA,NA,"ME1"
"Porites_compressa_HIv1___TS.g4264.t1",0,0,1,NA,NA,NA,NA,"ME5"
"Porites_compressa_HIv1___RNAseq.g16440.t1",0,1,0,NA,NA,NA,NA,"ME0"
"Porites_compressa_HIv1___RNAseq.g16446.t1",0,0,1,0.000854130329358378,"Monotonous",2,0.874269512183162,"ME2"
"Porites_compressa_HIv1___RNAseq.g16450.t1",0,1,0,NA,NA,NA,NA,"ME0"
"Porites_compressa_HIv1___TS.g4286.t1c",0,2,0,0.00135402248738726,"Other",2,0.780382402609533,"ME4"
"Porites_compressa_HIv1___TS.g4286.t1a",1,0,0,NA,NA,NA,NA,"ME0"
"Porites_compressa_HIv1___RNAseq.g16466.t1",0,0,1,NA,NA,NA,NA,"ME2"
"Porites_compressa_HIv1___RNAseq.g16473.t1b",0,1,0,NA,NA,NA,NA,"ME0"
"Porites_compressa_HIv1___TS.g4301.t1",2,0,1,0.00669992931196498,"Transient",5,0.634705658708973,"ME1"
"Porites_compressa_HIv1___RNAseq.g16478.t1",1,0,0,NA,NA,NA,NA,"ME0"
"Porites_compressa_HIv1___RNAseq.g34033.t1",1,0,0,NA,NA,NA,NA,"ME2"
"Porites_compressa_HIv1___TS.g35846.t1",0,1,0,NA,NA,NA,NA,"ME0"
"Porites_compressa_HIv1___RNAseq.g34043.t1",0,2,0,NA,NA,NA,NA,"ME2"
"Porites_compressa_HIv1___RNAseq.g34052.t1",1,0,0,NA,NA,NA,NA,"ME0"
"Porites_compressa_HIv1___RNAseq.g34057.t1",0,0,1,NA,NA,NA,NA,"ME0"
"Porites_compressa_HIv1___RNAseq.g34019.t1",0,2,0,NA,NA,NA,NA,"ME0"
"Porites_compressa_HIv1___RNAseq.g34021.t1b",0,0,1,NA,NA,NA,NA,"ME0"
"Porites_compressa_HIv1___RNAseq.g34007.t1",1,0,0,NA,NA,NA,NA,"ME7"
"Porites_compressa_HIv1___RNAseq.g34013.t1",0,1,0,NA,NA,NA,NA,"ME1"
"Porites_compressa_HIv1___RNAseq.g34014.t1",1,0,1,NA,NA,NA,NA,"ME0"
"Porites_compressa_HIv1___RNAseq.g34021.t1c",2,0,1,NA,NA,NA,NA,"ME26"
"Porites_compressa_HIv1___RNAseq.g34021.t1a",0,1,0,NA,NA,NA,NA,"ME1"
"Porites_compressa_HIv1___RNAseq.g34027.t1",1,0,0,NA,NA,NA,NA,"ME0"
"Porites_compressa_HIv1___TS.g35829.t1",1,0,0,9.65765725861162e-06,"Transient",5,0.727372718036992,"ME1"
"Porites_compressa_HIv1___RNAseq.g34032.t1",2,0,1,NA,NA,NA,NA,"ME0"
"Porites_compressa_HIv1___RNAseq.g19337.t1",1,0,0,6.17728194441264e-09,"Monotonous",2,0.890376718974262,"ME2"
"Porites_compressa_HIv1___RNAseq.g34077.t1",2,0,0,NA,NA,NA,NA,"ME0"
"Porites_compressa_HIv1___RNAseq.g34080.t1",0,0,1,NA,NA,NA,NA,"ME0"
"Porites_compressa_HIv1___TS.g35942.t1",0,0,1,NA,NA,NA,NA,"ME0"
"Porites_compressa_HIv1___RNAseq.g34093.t1",0,1,0,NA,NA,NA,NA,"ME0"
"Porites_compressa_HIv1___RNAseq.g34120.t1",1,0,0,NA,NA,NA,NA,"ME0"
"Porites_compressa_HIv1___TS.g35973.t2",0,0,1,2.08344612239562e-06,"Transient",5,0.913346680240766,"ME1"
"Porites_compressa_HIv1___RNAseq.g19279.t1",1,0,0,NA,NA,NA,NA,"ME0"
"Porites_compressa_HIv1___RNAseq.g19280.t1",0,1,0,NA,NA,NA,NA,"ME1"
"Porites_compressa_HIv1___TS.g28359.t1",1,0,1,NA,NA,NA,NA,"ME0"
"Porites_compressa_HIv1___RNAseq.g19298.t1",0,0,1,NA,NA,NA,NA,"ME1"
"Porites_compressa_HIv1___RNAseq.g19299.t1",0,1,0,0.000150946038568127,"Monotonous",2,0.557957199097433,"ME2"
"Porites_compressa_HIv1___RNAseq.g19300.t2",2,0,0,NA,NA,NA,NA,"ME3"
"Porites_compressa_HIv1___RNAseq.g19307.t1",0,0,1,NA,NA,NA,NA,"ME2"
"Porites_compressa_HIv1___RNAseq.g19314.t1",1,1,0,NA,NA,NA,NA,"ME0"
"Porites_compressa_HIv1___RNAseq.g19317.t1",0,1,0,NA,NA,NA,NA,"ME0"
"Porites_compressa_HIv1___TS.g28395.t1",0,1,0,NA,NA,NA,NA,"ME4"
"Porites_compressa_HIv1___RNAseq.g19329.t1",1,0,0,NA,NA,NA,NA,"ME0"
"Porites_compressa_HIv1___TS.g28407.t1",0,0,1,NA,NA,NA,NA,"ME0"
"Porites_compressa_HIv1___RNAseq.g19336.t1",0,0,1,7.53345779439591e-09,"Monotonous",2,0.659772545655168,"ME2"
"Porites_compressa_HIv1___RNAseq.g34097.t1",0,1,1,NA,NA,NA,NA,"ME0"
"Porites_compressa_HIv1___RNAseq.g34098.t1",0,1,1,NA,NA,NA,NA,"ME0"
"Porites_compressa_HIv1___TS.g35952.t2",2,0,0,0.022317482662672,"Transient",3,0.537879858122341,"ME5"
"Porites_compressa_HIv1___RNAseq.g34107.t1",1,0,0,NA,NA,NA,NA,"ME0"
"Porites_compressa_HIv1___RNAseq.37716_t",1,0,0,0.0326977264172609,"Other",2,0.717739412631427,"ME4"
"Porites_compressa_HIv1___TS.g35963.t2",0,0,1,NA,NA,NA,NA,"ME0"
"Porites_compressa_HIv1___RNAseq.g34112.t1",1,1,0,NA,NA,NA,NA,"ME1"
"Porites_compressa_HIv1___TS.g35966.t2",0,0,2,NA,NA,NA,NA,"ME1"
"Porites_compressa_HIv1___RNAseq.g34115.t1b",0,1,0,0.00930787161190525,"Other",6,0.850806028565299,"ME1"
"Porites_compressa_HIv1___RNAseq.g34116.t1",0,1,0,0.000395076930102217,"Other",6,0.769560966051852,"ME1"
"Porites_compressa_HIv1___RNAseq.g34117.t1",0,1,0,0.000142856614424187,"Other",6,0.786877122087541,"ME1"
"Porites_compressa_HIv1___RNAseq.g34119.t1",0,1,0,6.98349084202917e-07,"Monotonous",6,0.958524414241706,"ME1"
"Porites_compressa_HIv1___TS.g22449.t1",1,1,0,0.0190815040749327,"Other",5,0.509335393850492,"ME1"
"Porites_compressa_HIv1___TS.g22441.t1",0,1,0,NA,NA,NA,NA,"ME0"
"Porites_compressa_HIv1___TS.g22447.t1c",0,1,0,NA,NA,NA,NA,"ME17"
"Porites_compressa_HIv1___RNAseq.g1238.t1",0,0,2,NA,NA,NA,NA,"ME12"
"Porites_compressa_HIv1___RNAseq.g1245.t1",0,1,0,NA,NA,NA,NA,"ME0"
"Porites_compressa_HIv1___RNAseq.g13010.t1",1,0,1,NA,NA,NA,NA,"ME0"
"Porites_compressa_HIv1___RNAseq.g12987.t1",1,1,0,NA,NA,NA,NA,"ME1"
"Porites_compressa_HIv1___RNAseq.g12997.t1",2,0,0,0.00554984036645063,"Monotonous",3,0.519330683518642,"ME2"
"Porites_compressa_HIv1___TS.g22411.t2",1,0,0,NA,NA,NA,NA,"ME0"
"Porites_compressa_HIv1___RNAseq.g13005.t1",2,0,0,NA,NA,NA,NA,"ME1"
"Porites_compressa_HIv1___RNAseq.g13006.t1",1,0,0,NA,NA,NA,NA,"ME0"
"Porites_compressa_HIv1___RNAseq.g13009.t2",0,0,1,7.42040425420293e-07,"Transient",4,0.804764701786267,"ME2"
"Porites_compressa_HIv1___RNAseq.g13012.t1",0,0,1,NA,NA,NA,NA,"ME0"
"Porites_compressa_HIv1___RNAseq.g13013.t1",1,0,1,NA,NA,NA,NA,"ME1"
"Porites_compressa_HIv1___RNAseq.g13014.t1",1,0,0,0.018851729235951,"Transient",NA,NA,"ME0"
"Porites_compressa_HIv1___RNAseq.g13020.t1",2,0,0,0.00606647298045696,"Other",NA,NA,"ME2"
"Porites_compressa_HIv1___RNAseq.g13022.t1",1,0,0,NA,NA,NA,NA,"ME0"
"Porites_compressa_HIv1___RNAseq.g13024.t1",1,1,0,NA,NA,NA,NA,"ME1"
"Porites_compressa_HIv1___RNAseq.g1265.t1",0,3,0,NA,NA,NA,NA,"ME0"
"Porites_compressa_HIv1___TS.g26477.t3a",2,2,1,0.0131983838442283,"Other",3,0.56764747263974,"ME4"
"Porites_compressa_HIv1___RNAseq.37833_t",0,0,1,0.00519706016836787,"Transient",4,0.590496691538723,"ME0"
"Porites_compressa_HIv1___RNAseq.g38424.t1",0,0,1,NA,NA,NA,NA,"ME1"
"Porites_compressa_HIv1___RNAseq.37900_t",1,0,0,NA,NA,NA,NA,"ME0"
"Porites_compressa_HIv1___RNAseq.g357.t1",0,0,1,NA,NA,NA,NA,"ME0"
"Porites_compressa_HIv1___RNAseq.g336.t1",0,0,1,NA,NA,NA,NA,"ME0"
"Porites_compressa_HIv1___TS.g14128.t1",1,1,0,NA,NA,NA,NA,"ME0"
"Porites_compressa_HIv1___RNAseq.g342.t1",0,1,0,NA,NA,NA,NA,"ME0"
"Porites_compressa_HIv1___RNAseq.37904_t",0,0,1,NA,NA,NA,NA,"ME0"
"Porites_compressa_HIv1___RNAseq.g354.t1",0,2,0,NA,NA,NA,NA,"ME0"
"Porites_compressa_HIv1___RNAseq.g358.t1",0,0,1,NA,NA,NA,NA,"ME0"
"Porites_compressa_HIv1___RNAseq.g359.t1",1,0,0,NA,NA,NA,NA,"ME0"
"Porites_compressa_HIv1___RNAseq.g361.t1",1,0,1,0.0452752970038511,"Other",6,0.69914696611045,"ME1"
"Porites_compressa_HIv1___RNAseq.g362.t2",0,0,1,0.00241463926943423,"Monotonous",5,0.798343834625706,"ME1"
"Porites_compressa_HIv1___RNAseq.g363.t1",1,0,0,NA,NA,NA,NA,"ME2"
"Porites_compressa_HIv1___TS.g14160.t1",0,1,0,NA,NA,NA,NA,"ME0"
"Porites_compressa_HIv1___RNAseq.g22905.t1",1,0,0,NA,NA,NA,NA,"ME0"
"Porites_compressa_HIv1___RNAseq.g22888.t1",1,0,0,6.20232210753093e-07,"Monotonous",3,0.661226617138599,"ME2"
"Porites_compressa_HIv1___TS.g2155.t1",0,2,0,NA,NA,NA,NA,"ME1"
"Porites_compressa_HIv1___RNAseq.g22896.t1",1,0,0,NA,NA,NA,NA,"ME0"
"Porites_compressa_HIv1___RNAseq.g22897.t1",1,0,0,NA,NA,NA,NA,"ME3"
"Porites_compressa_HIv1___RNAseq.g33375.t1",0,1,1,NA,NA,NA,NA,"ME0"
"Porites_compressa_HIv1___TS.g35189.t1",0,0,1,0.0158185912265303,"Other",3,0.81716554589999,"ME3"
"Porites_compressa_HIv1___RNAseq.g33367.t1",2,0,0,NA,NA,NA,NA,"ME0"
"Porites_compressa_HIv1___RNAseq.g33368.t1",2,0,0,NA,NA,NA,NA,"ME1"
"Porites_compressa_HIv1___RNAseq.g12517.t1",0,1,0,NA,NA,NA,NA,"ME0"
"Porites_compressa_HIv1___RNAseq.g12518.t1",0,0,1,NA,NA,NA,NA,"ME0"
"Porites_compressa_HIv1___RNAseq.g12519.t1",0,1,0,NA,NA,NA,NA,"ME27"
"Porites_compressa_HIv1___RNAseq.g12520.t1",1,0,0,NA,NA,NA,NA,"ME27"
"Porites_compressa_HIv1___RNAseq.g12521.t1",0,1,0,NA,NA,NA,NA,"ME27"
"Porites_compressa_HIv1___TS.g22488.t1",1,0,0,NA,NA,NA,NA,"ME1"
"Porites_compressa_HIv1___RNAseq.g12534.t1",1,0,0,NA,NA,NA,NA,"ME0"
"Porites_compressa_HIv1___RNAseq.g14040.t1",1,0,0,NA,NA,NA,NA,"ME0"
"Porites_compressa_HIv1___RNAseq.g14047.t1",0,1,0,0.0256502512862243,"Other",NA,NA,"ME4"
"Porites_compressa_HIv1___RNAseq.g14051.t1",0,1,0,0.0118796188398572,"Monotonous",6,0.951318611558932,"ME13"
"Porites_compressa_HIv1___TS.g19067.t1",0,1,0,NA,NA,NA,NA,"ME0"
"Porites_compressa_HIv1___RNAseq.g14056.t1",1,0,0,NA,NA,NA,NA,"ME0"
"Porites_compressa_HIv1___RNAseq.g15635.t1",0,1,0,NA,NA,NA,NA,"ME7"
"Porites_compressa_HIv1___RNAseq.g15640.t1",0,0,1,NA,NA,NA,NA,"ME0"
"Porites_compressa_HIv1___RNAseq.g15641.t1",0,0,1,NA,NA,NA,NA,"ME0"
"Porites_compressa_HIv1___RNAseq.g15646.t2",0,1,0,0.0396992116884947,"Other",NA,NA,"ME14"
"Porites_compressa_HIv1___RNAseq.g16502.t1",3,0,0,NA,NA,NA,NA,"ME0"
"Porites_compressa_HIv1___TS.g32895.t1",0,0,1,NA,NA,NA,NA,"ME9"
"Porites_compressa_HIv1___RNAseq.g16492.t1",1,0,0,NA,NA,NA,NA,"ME1"
"Porites_compressa_HIv1___TS.g32898.t1",0,0,1,NA,NA,NA,NA,"ME8"
"Porites_compressa_HIv1___RNAseq.g16495.t1",2,1,0,0.022070802624345,"Transient",5,0.914600548368172,"ME1"
"Porites_compressa_HIv1___RNAseq.g16496.t1",2,1,0,NA,NA,NA,NA,"ME0"
"Porites_compressa_HIv1___TS.g32905.t1",1,0,0,NA,NA,NA,NA,"ME4"
"Porites_compressa_HIv1___TS.g32906.t1",0,1,0,NA,NA,NA,NA,"ME1"
"Porites_compressa_HIv1___RNAseq.g16503.t1",1,0,0,NA,NA,NA,NA,"ME0"
"Porites_compressa_HIv1___RNAseq.g16504.t1",0,0,1,NA,NA,NA,NA,"ME0"
"Porites_compressa_HIv1___TS.g32910.t2",2,0,0,0.0163308830749291,"Other",5,0.868438913380286,"ME1"
"Porites_compressa_HIv1___RNAseq.g16506.t1",2,0,0,NA,NA,NA,NA,"ME0"
"Porites_compressa_HIv1___RNAseq.g16511.t1",1,0,0,NA,NA,NA,NA,"ME3"
"Porites_compressa_HIv1___RNAseq.g8877.t1",1,0,1,NA,NA,NA,NA,"ME0"
"Porites_compressa_HIv1___RNAseq.g8878.t2",1,1,0,NA,NA,NA,NA,"ME1"
"Porites_compressa_HIv1___RNAseq.g8879.t1",1,0,0,3.42576078035002e-05,"Monotonous",3,0.574623587275639,"ME4"
"Porites_compressa_HIv1___RNAseq.g8880.t1",1,0,0,NA,NA,NA,NA,"ME3"
"Porites_compressa_HIv1___RNAseq.g8899.t1",0,1,1,NA,NA,NA,NA,"ME0"
"Porites_compressa_HIv1___RNAseq.g8900.t1",1,0,1,NA,NA,NA,NA,"ME1"
"Porites_compressa_HIv1___RNAseq.g8901.t1",1,0,0,0.0139947826704418,"Monotonous",3,0.534317349590328,"ME4"
"Porites_compressa_HIv1___RNAseq.g8902.t1",1,0,0,NA,NA,NA,NA,"ME0"
"Porites_compressa_HIv1___RNAseq.g8903.t1",0,1,1,0.0454905101521224,"Other",4,0.894189212685491,"ME0"
"Porites_compressa_HIv1___TS.g39568.t1",1,0,0,NA,NA,NA,NA,"ME1"
"Porites_compressa_HIv1___RNAseq.g8907.t1",2,0,0,NA,NA,NA,NA,"ME0"
"Porites_compressa_HIv1___RNAseq.g8921.t1",0,1,0,NA,NA,NA,NA,"ME0"
"Porites_compressa_HIv1___RNAseq.g8922.t1",1,0,0,4.90763383296787e-05,"Transient",5,0.918295480265232,"ME1"
"Porites_compressa_HIv1___RNAseq.g8028.t1",1,0,0,0.0262285455317005,"Other",2,0.941096235875851,"ME21"
"Porites_compressa_HIv1___RNAseq.g23958.t1",0,1,0,NA,NA,NA,NA,"ME7"
"Porites_compressa_HIv1___RNAseq.g23963.t1",1,0,0,NA,NA,NA,NA,"ME0"
"Porites_compressa_HIv1___RNAseq.g15647.t1",0,0,1,NA,NA,NA,NA,"ME2"
"Porites_compressa_HIv1___TS.g15917.t1",0,0,1,NA,NA,NA,NA,"ME15"
"Porites_compressa_HIv1___RNAseq.g15663.t1",0,0,1,NA,NA,NA,NA,"ME0"
"Porites_compressa_HIv1___RNAseq.g15664.t1",2,0,0,NA,NA,NA,NA,"ME0"
"Porites_compressa_HIv1___RNAseq.g8029.t1",1,0,0,NA,NA,NA,NA,"ME5"
"Porites_compressa_HIv1___RNAseq.g8030.t1",0,1,0,NA,NA,NA,NA,"ME3"
"Porites_compressa_HIv1___RNAseq.g8032.t1",2,0,0,NA,NA,NA,NA,"ME0"
"Porites_compressa_HIv1___RNAseq.g8034.t1",2,0,0,NA,NA,NA,NA,"ME22"
"Porites_compressa_HIv1___TS.g1973.t1",0,3,0,NA,NA,NA,NA,"ME11"
"Porites_compressa_HIv1___RNAseq.g28394.t1",1,0,0,NA,NA,NA,NA,"ME6"
"Porites_compressa_HIv1___RNAseq.g39593.t1",0,1,0,NA,NA,NA,NA,"ME18"
"Porites_compressa_HIv1___RNAseq.g28370.t1",0,1,0,NA,NA,NA,NA,"ME0"
"Porites_compressa_HIv1___RNAseq.g28350.t1",1,1,0,NA,NA,NA,NA,"ME0"
"Porites_compressa_HIv1___RNAseq.g28354.t1",1,0,0,NA,NA,NA,NA,"ME6"
"Porites_compressa_HIv1___RNAseq.g28365.t1",1,1,0,NA,NA,NA,NA,"ME0"
"Porites_compressa_HIv1___RNAseq.g28369.t1",0,1,0,NA,NA,NA,NA,"ME4"
"Porites_compressa_HIv1___RNAseq.g28371.t1",0,0,1,NA,NA,NA,NA,"ME0"
"Porites_compressa_HIv1___RNAseq.g28372.t1",1,0,0,NA,NA,NA,NA,"ME8"
"Porites_compressa_HIv1___RNAseq.g28377.t1b",1,0,0,NA,NA,NA,NA,"ME0"
"Porites_compressa_HIv1___RNAseq.g39598.t1a",0,2,0,NA,NA,NA,NA,"ME0"
"Porites_compressa_HIv1___RNAseq.g39599.t1",1,0,0,NA,NA,NA,NA,"ME0"
"Porites_compressa_HIv1___RNAseq.g39600.t1",1,0,0,0.0195171066981166,"Other",5,0.967485346048683,"ME1"
"Porites_compressa_HIv1___TS.g27863.t1",0,1,0,NA,NA,NA,NA,"ME0"
"Porites_compressa_HIv1___RNAseq.g39609.t1",1,0,0,NA,NA,NA,NA,"ME0"
"Porites_compressa_HIv1___RNAseq.g39614.t1",0,1,0,NA,NA,NA,NA,"ME5"
"Porites_compressa_HIv1___RNAseq.g34137.t1",0,1,1,NA,NA,NA,NA,"ME9"
"Porites_compressa_HIv1___TS.g19336.t1",1,0,1,NA,NA,NA,NA,"ME0"
"Porites_compressa_HIv1___RNAseq.g39089.t1",0,1,0,NA,NA,NA,NA,"ME20"
"Porites_compressa_HIv1___RNAseq.g39090.t1",1,0,0,NA,NA,NA,NA,"ME0"
"Porites_compressa_HIv1___RNAseq.g39095.t1",1,0,0,NA,NA,NA,NA,"ME0"
"Porites_compressa_HIv1___TS.g7873.t1",0,0,1,NA,NA,NA,NA,"ME4"
"Porites_compressa_HIv1___TS.g7882.t1b",1,0,0,NA,NA,NA,NA,"ME14"
"Porites_compressa_HIv1___RNAseq.g39099.t1",0,1,0,9.43520798842709e-05,"Monotonous",3,0.733156039315466,"ME4"
"Porites_compressa_HIv1___RNAseq.g39100.t1",1,0,0,NA,NA,NA,NA,"ME0"
"Porites_compressa_HIv1___RNAseq.g39103.t1",0,1,0,NA,NA,NA,NA,"ME1"
"Porites_compressa_HIv1___RNAseq.g39104.t1",0,1,0,NA,NA,NA,NA,"ME2"
"Porites_compressa_HIv1___RNAseq.g39110.t1",1,0,1,0.0370950793027405,"Monotonous",2,0.673241805167411,"ME2"
"Porites_compressa_HIv1___RNAseq.g39111.t1",0,0,1,NA,NA,NA,NA,"ME0"
"Porites_compressa_HIv1___RNAseq.g39115.t1",1,0,0,0.0341752749442819,"Transient",5,0.925463007986368,"ME1"
"Porites_compressa_HIv1___RNAseq.g27250.t1",1,0,0,NA,NA,NA,NA,"ME0"
"Porites_compressa_HIv1___RNAseq.g27244.t1",1,0,0,NA,NA,NA,NA,"ME6"
"Porites_compressa_HIv1___RNAseq.g17088.t1",1,0,0,NA,NA,NA,NA,"ME0"
"Porites_compressa_HIv1___RNAseq.g32635.t1",1,0,0,NA,NA,NA,NA,"ME0"
"Porites_compressa_HIv1___RNAseq.g17545.t1",1,0,0,0.00164643852781147,"Monotonous",2,0.819680979632029,"ME2"
"Porites_compressa_HIv1___RNAseq.g17548.t1",1,0,0,NA,NA,NA,NA,"ME1"
"Porites_compressa_HIv1___RNAseq.g17549.t1",0,0,1,NA,NA,NA,NA,"ME3"
"Porites_compressa_HIv1___RNAseq.g17552.t1",1,0,0,NA,NA,NA,NA,"ME0"
"Porites_compressa_HIv1___RNAseq.g17553.t1",1,0,1,NA,NA,NA,NA,"ME2"
"Porites_compressa_HIv1___RNAseq.g17558.t1",1,1,1,0.0239766204390523,"Other",6,0.570500155889959,"ME1"
"Porites_compressa_HIv1___RNAseq.g17560.t1",1,0,1,NA,NA,NA,NA,"ME3"
"Porites_compressa_HIv1___RNAseq.g17564.t1",0,1,0,NA,NA,NA,NA,"ME0"
"Porites_compressa_HIv1___RNAseq.g17570.t1",1,0,0,NA,NA,NA,NA,"ME3"
"Porites_compressa_HIv1___TS.g29211.t1b",0,0,1,NA,NA,NA,NA,"ME0"
"Porites_compressa_HIv1___TS.g29211.t1a",1,0,0,0.0211582697101967,"Other",5,0.865829677834617,"ME18"
"Porites_compressa_HIv1___RNAseq.g32638.t1",0,1,0,0.0243776313969276,"Other",4,0.591880950465218,"ME3"
"Porites_compressa_HIv1___RNAseq.g32640.t1",1,0,2,NA,NA,NA,NA,"ME1"
"Porites_compressa_HIv1___RNAseq.g32641.t1",1,0,2,NA,NA,NA,NA,"ME0"
"Porites_compressa_HIv1___TS.g36753.t1a",0,1,0,NA,NA,NA,NA,"ME0"
"Porites_compressa_HIv1___RNAseq.g29774.t1b",1,0,1,NA,NA,NA,NA,"ME4"
"Porites_compressa_HIv1___RNAseq.g29775.t1",1,0,0,NA,NA,NA,NA,"ME11"
"Porites_compressa_HIv1___RNAseq.g29776.t1",1,1,0,NA,NA,NA,NA,"ME5"
"Porites_compressa_HIv1___RNAseq.g29777.t1",0,1,0,NA,NA,NA,NA,"ME0"
"Porites_compressa_HIv1___RNAseq.g29779.t1",1,1,0,NA,NA,NA,NA,"ME5"
"Porites_compressa_HIv1___TS.g36773.t1",1,0,0,NA,NA,NA,NA,"ME1"
"Porites_compressa_HIv1___RNAseq.g17195.t1",0,0,1,1.72804814960175e-05,"Monotonous",2,0.678091129727814,"ME2"
"Porites_compressa_HIv1___TS.g36771.t1",2,1,0,5.32250641228725e-05,"Monotonous",1,0.707058503030371,"ME16"
"Porites_compressa_HIv1___RNAseq.g17197.t1",0,0,1,NA,NA,NA,NA,"ME11"
"Porites_compressa_HIv1___RNAseq.g17208.t1",0,0,1,NA,NA,NA,NA,"ME0"
"Porites_compressa_HIv1___RNAseq.g17206.t1",1,0,0,1.55177638328338e-06,"Transient",5,0.590825256798296,"ME1"
"Porites_compressa_HIv1___RNAseq.38587_t",0,0,1,NA,NA,NA,NA,"ME16"
"Porites_compressa_HIv1___RNAseq.g32992.t1",0,1,0,0.0450036502774056,"Transient",5,0.615664197158656,"ME0"
"Porites_compressa_HIv1___RNAseq.g32995.t1",0,0,1,NA,NA,NA,NA,"ME0"
"Porites_compressa_HIv1___RNAseq.g22512.t1",0,1,0,NA,NA,NA,NA,"ME0"
"Porites_compressa_HIv1___RNAseq.g22515.t1",0,1,0,NA,NA,NA,NA,"ME7"
"Porites_compressa_HIv1___RNAseq.g18166.t1",1,1,0,NA,NA,NA,NA,"ME0"
"Porites_compressa_HIv1___RNAseq.g18167.t1",0,1,0,0.000118649894126931,"Monotonous",1,0.722185221015577,"ME22"
"Porites_compressa_HIv1___TS.g12062.t1d",0,1,1,NA,NA,NA,NA,"ME0"
"Porites_compressa_HIv1___RNAseq.g22521.t1",0,0,1,NA,NA,NA,NA,"ME14"
"Porites_compressa_HIv1___RNAseq.g22524.t1",0,0,1,NA,NA,NA,NA,"ME0"
"Porites_compressa_HIv1___RNAseq.g29100.t1",0,1,0,0.0450151647568138,"Other",NA,NA,"ME20"
"Porites_compressa_HIv1___RNAseq.g35852.t1",1,0,0,NA,NA,NA,NA,"ME7"
"Porites_compressa_HIv1___TS.g9483.t1",0,1,0,NA,NA,NA,NA,"ME0"
"Porites_compressa_HIv1___RNAseq.g26639.t1",2,0,0,NA,NA,NA,NA,"ME11"
"Porites_compressa_HIv1___RNAseq.g26642.t1",1,0,0,NA,NA,NA,NA,"ME7"
"Porites_compressa_HIv1___RNAseq.g26645.t1",0,0,1,NA,NA,NA,NA,"ME7"
"Porites_compressa_HIv1___TS.g41539.t1",1,0,0,NA,NA,NA,NA,"ME11"
"Porites_compressa_HIv1___TS.g13655.t1",1,0,0,NA,NA,NA,NA,"ME0"
"Porites_compressa_HIv1___RNAseq.g23406.t1",1,0,0,NA,NA,NA,NA,"ME8"
"Porites_compressa_HIv1___RNAseq.g38551.t1",1,0,0,NA,NA,NA,NA,"ME7"
"Porites_compressa_HIv1___RNAseq.g38549.t1",0,0,1,NA,NA,NA,NA,"ME7"
"Porites_compressa_HIv1___RNAseq.g18953.t1",1,1,0,NA,NA,NA,NA,"ME4"
"Porites_compressa_HIv1___RNAseq.g31829.t1b",1,0,0,NA,NA,NA,NA,"ME0"
"Porites_compressa_HIv1___RNAseq.g31831.t1",1,0,0,NA,NA,NA,NA,"ME0"
"Porites_compressa_HIv1___RNAseq.g31832.t1",0,1,0,NA,NA,NA,NA,"ME0"
"Porites_compressa_HIv1___RNAseq.g812.t1",1,0,1,NA,NA,NA,NA,"ME0"
"Porites_compressa_HIv1___RNAseq.g818.t1",0,1,0,NA,NA,NA,NA,"ME11"
"Porites_compressa_HIv1___RNAseq.g25735.t2",1,0,0,NA,NA,NA,NA,"ME1"
"Porites_compressa_HIv1___RNAseq.g25736.t1",0,1,0,0.0109295796293657,"Other",NA,NA,"ME0"
"Porites_compressa_HIv1___RNAseq.g25742.t1",0,0,1,NA,NA,NA,NA,"ME0"
"Porites_compressa_HIv1___RNAseq.g25745.t1",0,1,0,0.0276428913557645,"Transient",4,0.901664105538804,"ME0"
"Porites_compressa_HIv1___RNAseq.g25749.t1",0,1,0,0.0212942169831924,"Other",3,0.590672550639118,"ME4"
"Porites_compressa_HIv1___TS.g24417.t1",1,0,0,NA,NA,NA,NA,"ME0"
"Porites_compressa_HIv1___RNAseq.g25756.t1",0,0,1,0.0177704302756678,"Other",3,0.794293292340836,"ME4"
"Porites_compressa_HIv1___RNAseq.g25757.t1",1,0,0,0.00670616616209229,"Other",NA,NA,"ME0"
"Porites_compressa_HIv1___RNAseq.g18957.t1",0,0,1,NA,NA,NA,NA,"ME0"
"Porites_compressa_HIv1___RNAseq.g18960.t1",0,1,0,0.00596236978925158,"Other",NA,NA,"ME14"
"Porites_compressa_HIv1___RNAseq.g16208.t1",0,1,0,NA,NA,NA,NA,"ME0"
"Porites_compressa_HIv1___RNAseq.g16209.t1",0,0,1,NA,NA,NA,NA,"ME0"
"Porites_compressa_HIv1___RNAseq.g9409.t1",0,0,1,NA,NA,NA,NA,"ME11"
"Porites_compressa_HIv1___TS.g16905.t1",0,1,1,NA,NA,NA,NA,"ME1"
"Porites_compressa_HIv1___RNAseq.g8012.t1",2,0,0,NA,NA,NA,NA,"ME0"
"Porites_compressa_HIv1___RNAseq.g32836.t2",2,0,0,NA,NA,NA,NA,"ME1"
"Porites_compressa_HIv1___RNAseq.g32840.t1",0,2,0,NA,NA,NA,NA,"ME9"
"Porites_compressa_HIv1___TS.g24836.t1",1,0,0,NA,NA,NA,NA,"ME14"
"Porites_compressa_HIv1___RNAseq.g32849.t1",0,1,0,NA,NA,NA,NA,"ME0"
"Porites_compressa_HIv1___RNAseq.g32846.t1",0,0,1,NA,NA,NA,NA,"ME0"
"Porites_compressa_HIv1___RNAseq.g31172.t1",0,1,0,NA,NA,NA,NA,"ME0"
"Porites_compressa_HIv1___RNAseq.g31168.t1",1,0,0,NA,NA,NA,NA,"ME0"
"Porites_compressa_HIv1___RNAseq.g31169.t1",0,1,0,NA,NA,NA,NA,"ME0"
"Porites_compressa_HIv1___RNAseq.g8840.t1",0,0,1,NA,NA,NA,NA,"ME0"
"Porites_compressa_HIv1___RNAseq.g15709.t1",0,1,0,NA,NA,NA,NA,"ME0"
"Porites_compressa_HIv1___RNAseq.g23688.t1",0,1,0,NA,NA,NA,NA,"ME11"
"Porites_compressa_HIv1___RNAseq.g8284.t1",0,1,0,NA,NA,NA,NA,"ME6"
"Porites_compressa_HIv1___RNAseq.g1222.t1",1,0,0,NA,NA,NA,NA,"ME14"
"Porites_compressa_HIv1___RNAseq.g12587.t1",0,1,0,NA,NA,NA,NA,"ME9"
"Porites_compressa_HIv1___TS.g3348.t1",0,0,1,NA,NA,NA,NA,"ME26"
"Porites_compressa_HIv1___RNAseq.g22507.t1",0,1,0,NA,NA,NA,NA,"ME0"
"Porites_compressa_HIv1___RNAseq.g22509.t1",0,1,0,NA,NA,NA,NA,"ME8"
"Porites_compressa_HIv1___RNAseq.g40817.t1",0,0,1,NA,NA,NA,NA,"ME19"
"Porites_compressa_HIv1___RNAseq.g32967.t1",1,1,0,NA,NA,NA,NA,"ME0"
"Porites_compressa_HIv1___RNAseq.g32968.t1",1,0,0,0.0459497677818795,"Other",5,0.521915552378446,"ME17"
"Porites_compressa_HIv1___RNAseq.g32969.t1",1,0,0,NA,NA,NA,NA,"ME0"
"Porites_compressa_HIv1___RNAseq.g32974.t1",1,0,0,NA,NA,NA,NA,"ME27"
"Porites_compressa_HIv1___RNAseq.g32970.t1",1,0,0,NA,NA,NA,NA,"ME0"
"Porites_compressa_HIv1___RNAseq.g32973.t1",1,1,0,NA,NA,NA,NA,"ME17"
"Porites_compressa_HIv1___RNAseq.g27477.t1",0,0,1,NA,NA,NA,NA,"ME1"
"Porites_compressa_HIv1___RNAseq.g30770.t1",1,0,0,NA,NA,NA,NA,"ME1"
"Porites_compressa_HIv1___RNAseq.g319.t1",1,0,0,NA,NA,NA,NA,"ME0"
"Porites_compressa_HIv1___RNAseq.g24654.t1",0,0,1,NA,NA,NA,NA,"ME0"
"Porites_compressa_HIv1___RNAseq.g29107.t1",0,1,0,NA,NA,NA,NA,"ME6"
"Porites_compressa_HIv1___RNAseq.g33467.t1",0,0,1,NA,NA,NA,NA,"ME7"
"Porites_compressa_HIv1___RNAseq.g33468.t1",2,1,0,NA,NA,NA,NA,"ME7"
"Porites_compressa_HIv1___RNAseq.g33469.t1",2,1,0,0.0314700827653203,"Other",6,0.920927063505107,"ME13"
"Porites_compressa_HIv1___RNAseq.g33460.t1",1,0,0,NA,NA,NA,NA,"ME0"
"Porites_compressa_HIv1___RNAseq.g11904.t1",1,0,0,NA,NA,NA,NA,"ME17"
"Porites_compressa_HIv1___RNAseq.g11906.t1",1,0,0,NA,NA,NA,NA,"ME9"
"Porites_compressa_HIv1___RNAseq.g11907.t1",0,1,0,NA,NA,NA,NA,"ME1"
"Porites_compressa_HIv1___RNAseq.g9343.t1",0,0,1,NA,NA,NA,NA,"ME0"
"Porites_compressa_HIv1___TS.g1030.t1",1,0,1,NA,NA,NA,NA,"ME1"
"Porites_compressa_HIv1___RNAseq.g38526.t1",0,0,1,NA,NA,NA,NA,"ME0"
"Porites_compressa_HIv1___TS.g7448.t1",2,0,0,0.00681163017585173,"Other",6,0.890447499600472,"ME1"
"Porites_compressa_HIv1___RNAseq.g29881.t1",0,0,1,NA,NA,NA,NA,"ME6"
"Porites_compressa_HIv1___RNAseq.g29887.t2",0,1,1,NA,NA,NA,NA,"ME6"
"Porites_compressa_HIv1___RNAseq.g17580.t1",2,0,0,2.68658061522479e-05,"Monotonous",3,0.750615798884047,"ME4"
"Porites_compressa_HIv1___RNAseq.g17582.t1",1,0,1,0.00431328165130068,"Other",2,0.73157890815485,"ME2"
"Porites_compressa_HIv1___RNAseq.g17584.t1",0,1,0,NA,NA,NA,NA,"ME0"
"Porites_compressa_HIv1___RNAseq.g4709.t1",1,0,0,0.0461039976659148,"Other",NA,NA,"ME0"
"Porites_compressa_HIv1___RNAseq.g23183.t1",1,1,0,NA,NA,NA,NA,"ME0"
"Porites_compressa_HIv1___RNAseq.g23411.t1",0,1,0,NA,NA,NA,NA,"ME7"
"Porites_compressa_HIv1___RNAseq.g22318.t1",1,0,0,NA,NA,NA,NA,"ME7"
"Porites_compressa_HIv1___RNAseq.g30594.t1",0,0,1,NA,NA,NA,NA,"ME0"
"Porites_compressa_HIv1___TS.g29580.t1",2,0,0,NA,NA,NA,NA,"ME16"
"Porites_compressa_HIv1___RNAseq.g28189.t1",1,0,0,NA,NA,NA,NA,"ME1"
"Porites_compressa_HIv1___RNAseq.g28191.t1",0,0,1,NA,NA,NA,NA,"ME10"
"Porites_compressa_HIv1___RNAseq.g28192.t1",0,0,1,NA,NA,NA,NA,"ME10"
"Porites_compressa_HIv1___RNAseq.g35857.t1",0,1,2,0.0358806598913938,"Transient",5,0.917203108915947,"ME18"
"Porites_compressa_HIv1___TS.g485.t1",1,0,0,NA,NA,NA,NA,"ME0"
"Porites_compressa_HIv1___TS.g35628.t1",1,0,0,NA,NA,NA,NA,"ME1"
"Porites_compressa_HIv1___RNAseq.g11231.t1",0,0,1,NA,NA,NA,NA,"ME0"
"Porites_compressa_HIv1___RNAseq.g32752.t1",1,1,0,NA,NA,NA,NA,"ME8"
"Porites_compressa_HIv1___RNAseq.g34149.t1",1,0,0,NA,NA,NA,NA,"ME0"
"Porites_compressa_HIv1___RNAseq.g34150.t1",1,0,0,NA,NA,NA,NA,"ME0"
"Porites_compressa_HIv1___RNAseq.g33001.t1",1,0,0,0.0126017872507891,"Other",2,0.947951735186801,"ME4"
"Porites_compressa_HIv1___RNAseq.g36947.t1",1,0,0,NA,NA,NA,NA,"ME0"
"Porites_compressa_HIv1___RNAseq.g11921.t1",0,0,1,NA,NA,NA,NA,"ME7"
"Porites_compressa_HIv1___RNAseq.g25724.t1",1,0,0,NA,NA,NA,NA,"ME0"
"Porites_compressa_HIv1___RNAseq.g22323.t1c",1,0,0,NA,NA,NA,NA,"ME17"
"Porites_compressa_HIv1___RNAseq.g32984.t1",0,1,1,NA,NA,NA,NA,"ME0"
"Porites_compressa_HIv1___RNAseq.g3849.t1",2,0,0,NA,NA,NA,NA,"ME0"
"Porites_compressa_HIv1___RNAseq.g3847.t1",1,0,0,NA,NA,NA,NA,"ME1"
"Porites_compressa_HIv1___RNAseq.g3851.t1",0,0,1,NA,NA,NA,NA,"ME10"
"Porites_compressa_HIv1___TS.g15840.t1",1,0,0,0.00779403242270719,"Other",1,0.759071703448586,"ME0"
"Porites_compressa_HIv1___RNAseq.g9237.t1",1,0,0,0.00024357796902513,"Monotonous",1,0.833241888695552,"ME0"
"Porites_compressa_HIv1___RNAseq.g9239.t1",1,0,0,0.000338902001408512,"Monotonous",1,0.823753974906687,"ME0"
"Porites_compressa_HIv1___RNAseq.g22921.t1",1,0,0,0.00157841600334115,"Other",5,0.568334134329475,"ME18"
"Porites_compressa_HIv1___RNAseq.g4723.t1",0,1,0,0.0005908796049215,"Monotonous",1,0.663345706713952,"ME19"
"Porites_compressa_HIv1___RNAseq.g27239.t1b",1,1,0,NA,NA,NA,NA,"ME0"
"Porites_compressa_HIv1___TS.g36852.t1",1,0,0,NA,NA,NA,NA,"ME0"
"Porites_compressa_HIv1___TS.g13180.t2",0,1,0,NA,NA,NA,NA,"ME0"
"Porites_compressa_HIv1___RNAseq.g30600.t1",0,1,0,0.00610181433865394,"Transient",5,0.977712888036505,"ME1"
"Porites_compressa_HIv1___RNAseq.g24677.t1",1,0,0,NA,NA,NA,NA,"ME2"
"Porites_compressa_HIv1___RNAseq.g23184.t1a",0,0,1,NA,NA,NA,NA,"ME0"
"Porites_compressa_HIv1___RNAseq.g27434.t1",1,0,1,NA,NA,NA,NA,"ME0"
"Porites_compressa_HIv1___TS.g13665.t1",1,1,0,NA,NA,NA,NA,"ME15"
"Porites_compressa_HIv1___RNAseq.g11472.t1",1,0,0,2.45193986889714e-11,"Monotonous",1,0.707142741682855,"ME2"
"Porites_compressa_HIv1___RNAseq.g11481.t1",1,0,1,NA,NA,NA,NA,"ME0"
"Porites_compressa_HIv1___RNAseq.g11526.t1",1,0,0,0.0174574036355394,"Other",6,0.528412798378137,"ME1"
"Porites_compressa_HIv1___RNAseq.g11530.t1",0,0,1,NA,NA,NA,NA,"ME0"
"Porites_compressa_HIv1___RNAseq.g11543.t1b",0,1,0,NA,NA,NA,NA,"ME7"
"Porites_compressa_HIv1___RNAseq.g11591.t1",2,0,0,NA,NA,NA,NA,"ME0"
"Porites_compressa_HIv1___RNAseq.g11521.t1",1,0,0,NA,NA,NA,NA,"ME5"
"Porites_compressa_HIv1___RNAseq.g11523.t1",0,2,0,NA,NA,NA,NA,"ME5"
"Porites_compressa_HIv1___RNAseq.g11527.t1a",1,0,0,0.00831103085277783,"Transient",5,0.751230565760244,"ME18"
"Porites_compressa_HIv1___RNAseq.g11533.t1",1,0,0,NA,NA,NA,NA,"ME4"
"Porites_compressa_HIv1___RNAseq.g11534.t1",1,0,0,0.0343008414033805,"Other",5,0.800441052138942,"ME1"
"Porites_compressa_HIv1___RNAseq.g11539.t1",1,0,0,NA,NA,NA,NA,"ME0"
"Porites_compressa_HIv1___RNAseq.39679_t",1,0,0,NA,NA,NA,NA,"ME19"
"Porites_compressa_HIv1___RNAseq.g11551.t1",0,1,0,NA,NA,NA,NA,"ME22"
"Porites_compressa_HIv1___RNAseq.g11555.t1",0,1,0,NA,NA,NA,NA,"ME22"
"Porites_compressa_HIv1___RNAseq.g11566.t1",1,0,0,0.0085114217236751,"Other",3,0.585458760741828,"ME4"
"Porites_compressa_HIv1___RNAseq.g11569.t1",0,2,0,NA,NA,NA,NA,"ME0"
"Porites_compressa_HIv1___TS.g15477.t1",0,1,0,NA,NA,NA,NA,"ME3"
"Porites_compressa_HIv1___RNAseq.g11576.t1",1,0,0,NA,NA,NA,NA,"ME0"
"Porites_compressa_HIv1___RNAseq.g11578.t1",1,1,0,NA,NA,NA,NA,"ME3"
"Porites_compressa_HIv1___TS.g15484.t1",0,0,1,NA,NA,NA,NA,"ME0"
"Porites_compressa_HIv1___RNAseq.g11582.t1",1,0,0,NA,NA,NA,NA,"ME0"
"Porites_compressa_HIv1___RNAseq.g11583.t1",0,1,0,0.00162287853226586,"Monotonous",6,0.836605642484001,"ME1"
"Porites_compressa_HIv1___RNAseq.g11674.t1",2,0,0,NA,NA,NA,NA,"ME8"
"Porites_compressa_HIv1___RNAseq.g11603.t1",1,1,0,0.00983697962921829,"Other",5,0.972113533579405,"ME1"
"Porites_compressa_HIv1___RNAseq.g11608.t1",0,0,1,NA,NA,NA,NA,"ME1"
"Porites_compressa_HIv1___TS.g15517.t2",2,0,0,NA,NA,NA,NA,"ME1"
"Porites_compressa_HIv1___RNAseq.g11610.t1",2,0,0,NA,NA,NA,NA,"ME0"
"Porites_compressa_HIv1___RNAseq.g11624.t1",0,1,0,0.00176997957020025,"Transient",5,0.926366799025188,"ME7"
"Porites_compressa_HIv1___RNAseq.g11626.t1",0,1,0,0.0276428913557645,"Other",NA,NA,"ME4"
"Porites_compressa_HIv1___RNAseq.g11628.t1",0,1,1,0.000836308474489704,"Transient",5,0.550709301506069,"ME1"
"Porites_compressa_HIv1___RNAseq.g11629.t1",1,0,0,NA,NA,NA,NA,"ME5"
"Porites_compressa_HIv1___RNAseq.g11630.t2",1,0,0,NA,NA,NA,NA,"ME2"
"Porites_compressa_HIv1___RNAseq.g11640.t1",0,1,0,NA,NA,NA,NA,"ME0"
"Porites_compressa_HIv1___RNAseq.g11644.t1",0,2,2,5.14468494095304e-05,"Transient",5,0.932416344825098,"ME1"
"Porites_compressa_HIv1___RNAseq.g11648.t1",1,1,0,NA,NA,NA,NA,"ME3"
"Porites_compressa_HIv1___TS.g15650.t1",1,0,0,NA,NA,NA,NA,"ME1"
"Porites_compressa_HIv1___RNAseq.g11779.t1",1,0,0,NA,NA,NA,NA,"ME0"
"Porites_compressa_HIv1___RNAseq.g11694.t1",0,1,0,0.0369005472391633,"Other",6,0.787566979834019,"ME1"
"Porites_compressa_HIv1___RNAseq.g11698.t1",1,0,0,NA,NA,NA,NA,"ME1"
"Porites_compressa_HIv1___RNAseq.g11699.t1",1,0,0,0.000359793188370483,"Monotonous",2,0.899151188923507,"ME4"
"Porites_compressa_HIv1___RNAseq.g11702.t1",0,1,0,NA,NA,NA,NA,"ME0"
"Porites_compressa_HIv1___RNAseq.g11705.t1",1,1,0,NA,NA,NA,NA,"ME0"
"Porites_compressa_HIv1___RNAseq.g11721.t1",1,0,1,NA,NA,NA,NA,"ME0"
"Porites_compressa_HIv1___RNAseq.g11722.t1",1,0,0,NA,NA,NA,NA,"ME1"
"Porites_compressa_HIv1___RNAseq.g11723.t1",1,0,1,NA,NA,NA,NA,"ME1"
"Porites_compressa_HIv1___RNAseq.g11732.t1",1,0,0,NA,NA,NA,NA,"ME1"
"Porites_compressa_HIv1___RNAseq.g11737.t1",1,0,0,NA,NA,NA,NA,"ME0"
"Porites_compressa_HIv1___RNAseq.g11745.t1",0,0,1,NA,NA,NA,NA,"ME3"
"Porites_compressa_HIv1___RNAseq.g11748.t1",1,0,0,NA,NA,NA,NA,"ME3"
"Porites_compressa_HIv1___RNAseq.g11754.t1",0,1,0,3.95118351807415e-05,"Monotonous",1,0.813613305097878,"ME1"
"Porites_compressa_HIv1___RNAseq.g11769.t1",0,1,0,NA,NA,NA,NA,"ME1"
"Porites_compressa_HIv1___RNAseq.g11770.t1",2,0,0,NA,NA,NA,NA,"ME1"
"Porites_compressa_HIv1___RNAseq.g11778.t1",1,0,0,0.0194720474556614,"Other",NA,NA,"ME4"
"Porites_compressa_HIv1___RNAseq.g11782.t1",1,0,0,NA,NA,NA,NA,"ME1"
"Porites_compressa_HIv1___RNAseq.g11832.t1",0,0,1,NA,NA,NA,NA,"ME0"
"Porites_compressa_HIv1___RNAseq.g11833.t1b",0,1,0,NA,NA,NA,NA,"ME0"
"Porites_compressa_HIv1___RNAseq.g11843.t1",0,1,0,NA,NA,NA,NA,"ME2"
"Porites_compressa_HIv1___RNAseq.g11847.t1",0,1,0,NA,NA,NA,NA,"ME0"
"Porites_compressa_HIv1___RNAseq.g11852.t1",2,0,0,NA,NA,NA,NA,"ME0"
"Porites_compressa_HIv1___RNAseq.g11873.t1",1,0,0,NA,NA,NA,NA,"ME7"
"Porites_compressa_HIv1___RNAseq.g11877.t1",1,0,1,NA,NA,NA,NA,"ME0"
"Porites_compressa_HIv1___TS.g15789.t1c",1,1,0,NA,NA,NA,NA,"ME0"
"Porites_compressa_HIv1___TS.g1764.t1",1,0,0,0.0459497677818795,"Other",NA,NA,"ME0"
"Porites_compressa_HIv1___RNAseq.g16996.t1",1,0,0,0.00174464777221549,"Transient",NA,NA,"ME0"
"Porites_compressa_HIv1___RNAseq.g29009.t1",0,1,0,NA,NA,NA,NA,"ME0"
"Porites_compressa_HIv1___RNAseq.g17001.t1",1,0,0,0.000130770538933586,"Monotonous",5,0.954878446268988,"ME1"
"Porites_compressa_HIv1___RNAseq.g17004.t1",1,0,0,NA,NA,NA,NA,"ME23"
"Porites_compressa_HIv1___RNAseq.g17005.t1",2,0,0,NA,NA,NA,NA,"ME2"
"Porites_compressa_HIv1___RNAseq.g17006.t1",1,0,0,NA,NA,NA,NA,"ME0"
"Porites_compressa_HIv1___RNAseq.g17010.t1",0,1,0,NA,NA,NA,NA,"ME0"
"Porites_compressa_HIv1___RNAseq.g17012.t1",0,4,0,NA,NA,NA,NA,"ME2"
"Porites_compressa_HIv1___RNAseq.g17014.t1b",1,0,0,NA,NA,NA,NA,"ME1"
"Porites_compressa_HIv1___RNAseq.g17018.t1",0,0,1,5.45342019043089e-17,"Monotonous",2,0.982770970023424,"ME2"
"Porites_compressa_HIv1___RNAseq.g17019.t1",2,0,0,NA,NA,NA,NA,"ME0"
"Porites_compressa_HIv1___RNAseq.g17022.t1",0,0,1,NA,NA,NA,NA,"ME25"
"Porites_compressa_HIv1___TS.g1793.t1",1,0,0,NA,NA,NA,NA,"ME0"
"Porites_compressa_HIv1___RNAseq.g17025.t1",0,1,0,NA,NA,NA,NA,"ME16"
"Porites_compressa_HIv1___RNAseq.g17026.t1",0,1,0,NA,NA,NA,NA,"ME0"
"Porites_compressa_HIv1___RNAseq.g17027.t1",0,2,0,0.0196295488764473,"Other",4,0.773135053027105,"ME0"
"Porites_compressa_HIv1___RNAseq.g29000.t1",1,0,0,NA,NA,NA,NA,"ME21"
"Porites_compressa_HIv1___RNAseq.g29002.t1",1,0,0,NA,NA,NA,NA,"ME0"
"Porites_compressa_HIv1___RNAseq.g29005.t1",0,1,0,NA,NA,NA,NA,"ME0"
"Porites_compressa_HIv1___TS.g21730.t1",0,1,0,NA,NA,NA,NA,"ME0"
"Porites_compressa_HIv1___RNAseq.g28975.t1",0,0,1,NA,NA,NA,NA,"ME15"
"Porites_compressa_HIv1___RNAseq.g28976.t1",1,0,0,0.0318510576512403,"Transient",NA,NA,"ME3"
"Porites_compressa_HIv1___RNAseq.g16803.t1",1,0,0,NA,NA,NA,NA,"ME0"
"Porites_compressa_HIv1___RNAseq.g16841.t1",1,0,0,NA,NA,NA,NA,"ME0"
"Porites_compressa_HIv1___RNAseq.g16846.t1",1,0,0,NA,NA,NA,NA,"ME0"
"Porites_compressa_HIv1___RNAseq.g16869.t1",0,1,0,NA,NA,NA,NA,"ME8"
"Porites_compressa_HIv1___TS.g1647.t1",0,1,0,NA,NA,NA,NA,"ME6"
"Porites_compressa_HIv1___TS.g1652.t1",1,0,0,0.00281822811782764,"Monotonous",3,0.555288356596913,"ME4"
"Porites_compressa_HIv1___RNAseq.g16923.t1",0,1,1,NA,NA,NA,NA,"ME2"
"Porites_compressa_HIv1___RNAseq.g16929.t1",1,0,0,NA,NA,NA,NA,"ME8"
"Porites_compressa_HIv1___RNAseq.g16969.t1",1,2,0,NA,NA,NA,NA,"ME0"
"Porites_compressa_HIv1___TS.g1557.t1",1,0,0,NA,NA,NA,NA,"ME15"
"Porites_compressa_HIv1___RNAseq.g16785.t1",2,0,0,NA,NA,NA,NA,"ME15"
"Porites_compressa_HIv1___RNAseq.g16788.t1",1,0,1,NA,NA,NA,NA,"ME15"
"Porites_compressa_HIv1___RNAseq.g16791.t1",2,0,0,NA,NA,NA,NA,"ME0"
"Porites_compressa_HIv1___RNAseq.g16794.t1",0,1,0,NA,NA,NA,NA,"ME0"
"Porites_compressa_HIv1___RNAseq.g16796.t1",1,0,1,NA,NA,NA,NA,"ME1"
"Porites_compressa_HIv1___RNAseq.g16801.t1",1,0,0,NA,NA,NA,NA,"ME0"
"Porites_compressa_HIv1___TS.g1575.t1",2,0,0,NA,NA,NA,NA,"ME1"
"Porites_compressa_HIv1___RNAseq.g16807.t1",2,0,0,NA,NA,NA,NA,"ME1"
"Porites_compressa_HIv1___RNAseq.g16810.t1",1,0,0,0.0382844151995306,"Transient",5,0.80369702428764,"ME1"
"Porites_compressa_HIv1___RNAseq.g16815.t2",1,0,1,NA,NA,NA,NA,"ME2"
"Porites_compressa_HIv1___TS.g1592.t1",1,0,1,NA,NA,NA,NA,"ME0"
"Porites_compressa_HIv1___RNAseq.g16825.t1",1,0,0,0.00705745993630881,"Monotonous",NA,NA,"ME0"
"Porites_compressa_HIv1___RNAseq.g16826.t1",1,0,1,7.2012815136969e-09,"Monotonous",2,0.979045917051006,"ME4"
"Porites_compressa_HIv1___RNAseq.g16828.t1",1,0,1,NA,NA,NA,NA,"ME7"
"Porites_compressa_HIv1___RNAseq.g16830.t1",0,0,1,NA,NA,NA,NA,"ME1"
"Porites_compressa_HIv1___RNAseq.g16833.t1",1,0,0,NA,NA,NA,NA,"ME3"
"Porites_compressa_HIv1___RNAseq.g16850.t1",0,0,1,NA,NA,NA,NA,"ME0"
"Porites_compressa_HIv1___TS.g1626.t1",1,0,0,NA,NA,NA,NA,"ME1"
"Porites_compressa_HIv1___RNAseq.g16855.t1",0,0,1,NA,NA,NA,NA,"ME1"
"Porites_compressa_HIv1___TS.g1628.t1",1,0,0,NA,NA,NA,NA,"ME0"
"Porites_compressa_HIv1___RNAseq.g16857.t1",1,0,0,3.14664622297214e-06,"Transient",NA,NA,"ME0"
"Porites_compressa_HIv1___RNAseq.g16858.t1",1,0,0,0.0218735468497034,"Other",6,0.910529659425047,"ME1"
"Porites_compressa_HIv1___RNAseq.g16859.t2",1,0,0,0.000150946038568127,"Transient",4,0.834695406786772,"ME3"
"Porites_compressa_HIv1___RNAseq.g16868.t1",1,0,1,0.046053222896281,"Other",2,0.645158936231104,"ME0"
"Porites_compressa_HIv1___RNAseq.g16871.t1",2,0,0,NA,NA,NA,NA,"ME0"
"Porites_compressa_HIv1___RNAseq.g16872.t1",1,0,0,NA,NA,NA,NA,"ME5"
"Porites_compressa_HIv1___RNAseq.g16881.t1",0,0,1,0.00039555185205315,"Transient",5,0.986200434345513,"ME1"
"Porites_compressa_HIv1___RNAseq.g16886.t1",0,0,1,NA,NA,NA,NA,"ME0"
"Porites_compressa_HIv1___RNAseq.g16887.t1",0,0,1,NA,NA,NA,NA,"ME1"
"Porites_compressa_HIv1___RNAseq.g16889.t1",0,1,0,NA,NA,NA,NA,"ME0"
"Porites_compressa_HIv1___RNAseq.g16891.t1",0,1,0,0.0249449956571788,"Other",NA,NA,"ME0"
"Porites_compressa_HIv1___RNAseq.g16894.t1",0,3,0,0.0229253080428617,"Monotonous",3,0.805448478644358,"ME3"
"Porites_compressa_HIv1___RNAseq.g16896.t1",0,1,2,NA,NA,NA,NA,"ME4"
"Porites_compressa_HIv1___RNAseq.g16902.t1",1,0,0,4.30278194594232e-06,"Transient",1,0.772491775079682,"ME0"
"Porites_compressa_HIv1___RNAseq.g16904.t1",1,0,0,NA,NA,NA,NA,"ME1"
"Porites_compressa_HIv1___TS.g1687.t1",1,0,0,NA,NA,NA,NA,"ME1"
"Porites_compressa_HIv1___RNAseq.g16915.t1",1,0,0,2.43845618196847e-06,"Monotonous",2,0.856388489102244,"ME2"
"Porites_compressa_HIv1___RNAseq.g16917.t1",2,0,0,NA,NA,NA,NA,"ME3"
"Porites_compressa_HIv1___RNAseq.g16928.t1",0,1,0,NA,NA,NA,NA,"ME0"
"Porites_compressa_HIv1___RNAseq.g16943.t1",0,1,0,NA,NA,NA,NA,"ME1"
"Porites_compressa_HIv1___RNAseq.g16947.t1",0,0,1,0.031632874542873,"Transient",5,0.922658390592919,"ME1"
"Porites_compressa_HIv1___RNAseq.g16948.t1",0,1,0,0.0487550469527624,"Other",4,0.550919403440076,"ME3"
"Porites_compressa_HIv1___RNAseq.g16949.t1",0,1,0,NA,NA,NA,NA,"ME0"
"Porites_compressa_HIv1___RNAseq.g16950.t1",0,1,0,NA,NA,NA,NA,"ME1"
"Porites_compressa_HIv1___RNAseq.g16954.t1",1,0,0,NA,NA,NA,NA,"ME0"
"Porites_compressa_HIv1___RNAseq.g16955.t1",1,0,0,NA,NA,NA,NA,"ME0"
"Porites_compressa_HIv1___RNAseq.g16956.t1",1,0,0,0.0374599601135367,"Other",NA,NA,"ME0"
"Porites_compressa_HIv1___RNAseq.g16957.t1",1,0,0,NA,NA,NA,NA,"ME3"
"Porites_compressa_HIv1___RNAseq.g16962.t1",1,0,0,0.0266679467404775,"Other",6,0.705864416342715,"ME13"
"Porites_compressa_HIv1___RNAseq.g16965.t1",0,0,1,NA,NA,NA,NA,"ME14"
"Porites_compressa_HIv1___RNAseq.g16967.t1",1,0,0,0.0246239363553806,"Other",3,0.925054539015257,"ME3"
"Porites_compressa_HIv1___TS.g1744.t1",1,0,0,NA,NA,NA,NA,"ME0"
"Porites_compressa_HIv1___RNAseq.g16982.t1",0,1,0,NA,NA,NA,NA,"ME0"
"Porites_compressa_HIv1___RNAseq.g31313.t1",1,0,0,NA,NA,NA,NA,"ME0"
"Porites_compressa_HIv1___RNAseq.g31431.t1",2,0,0,NA,NA,NA,NA,"ME0"
"Porites_compressa_HIv1___RNAseq.g31430.t1",0,1,0,6.03469378586894e-06,"Transient",5,0.730797607405728,"ME1"
"Porites_compressa_HIv1___RNAseq.g31330.t1",1,0,0,NA,NA,NA,NA,"ME0"
"Porites_compressa_HIv1___TS.g23828.t1",0,0,1,NA,NA,NA,NA,"ME0"
"Porites_compressa_HIv1___RNAseq.g31322.t1",0,1,0,NA,NA,NA,NA,"ME3"
"Porites_compressa_HIv1___RNAseq.g31340.t1",0,1,0,NA,NA,NA,NA,"ME0"
"Porites_compressa_HIv1___RNAseq.g31436.t1",1,0,0,0.0491472383190265,"Other",2,0.67008640560356,"ME2"
"Porites_compressa_HIv1___RNAseq.g31418.t1",1,0,0,NA,NA,NA,NA,"ME0"
"Porites_compressa_HIv1___TS.g23920.t1",0,1,0,NA,NA,NA,NA,"ME0"
"Porites_compressa_HIv1___RNAseq.g31445.t1",1,0,0,NA,NA,NA,NA,"ME3"
"Porites_compressa_HIv1___RNAseq.g31442.t1",1,0,0,1.75965841510707e-06,"Monotonous",3,0.525410383036561,"ME3"
"Porites_compressa_HIv1___TS.g23960.t1",0,1,0,NA,NA,NA,NA,"ME8"
"Porites_compressa_HIv1___RNAseq.g31452.t1",0,1,0,NA,NA,NA,NA,"ME3"
"Porites_compressa_HIv1___RNAseq.g17079.t1",1,0,0,0.00677526827326893,"Monotonous",2,0.880147193206558,"ME2"
"Porites_compressa_HIv1___RNAseq.g29022.t1",0,1,0,NA,NA,NA,NA,"ME0"
"Porites_compressa_HIv1___RNAseq.g29024.t1",0,0,1,NA,NA,NA,NA,"ME0"
"Porites_compressa_HIv1___RNAseq.40403_t",0,0,1,NA,NA,NA,NA,"ME0"
"Porites_compressa_HIv1___RNAseq.g29056.t1",1,0,0,NA,NA,NA,NA,"ME0"
"Porites_compressa_HIv1___RNAseq.g29027.t1",0,0,1,3.23061885778964e-09,"Transient",3,0.595014494096591,"ME4"
"Porites_compressa_HIv1___RNAseq.g29031.t1",0,1,0,NA,NA,NA,NA,"ME3"
"Porites_compressa_HIv1___RNAseq.g29033.t1",1,0,0,NA,NA,NA,NA,"ME0"
"Porites_compressa_HIv1___RNAseq.g29042.t1",0,1,0,0.00945825664519627,"Monotonous",6,0.726106753335326,"ME1"
"Porites_compressa_HIv1___RNAseq.g29044.t1",1,0,0,NA,NA,NA,NA,"ME3"
"Porites_compressa_HIv1___TS.g21798.t1b",0,0,1,NA,NA,NA,NA,"ME0"
"Porites_compressa_HIv1___RNAseq.g29051.t1",1,0,0,0.0123639906072377,"Other",5,0.747678266153475,"ME1"
"Porites_compressa_HIv1___RNAseq.g29052.t1",1,0,0,NA,NA,NA,NA,"ME4"
"Porites_compressa_HIv1___RNAseq.g29053.t1",0,1,0,NA,NA,NA,NA,"ME4"
"Porites_compressa_HIv1___RNAseq.g29055.t1",1,0,0,0.036780327677235,"Monotonous",2,0.671134684806828,"ME2"
"Porites_compressa_HIv1___RNAseq.g29059.t1",0,1,0,0.008222669084534,"Other",6,0.691406563974777,"ME1"
"Porites_compressa_HIv1___RNAseq.g17043.t1",0,1,0,NA,NA,NA,NA,"ME8"
"Porites_compressa_HIv1___RNAseq.g17061.t1",0,0,1,NA,NA,NA,NA,"ME0"
"Porites_compressa_HIv1___RNAseq.g17070.t1",0,0,1,NA,NA,NA,NA,"ME0"
"Porites_compressa_HIv1___RNAseq.g3885.t1",1,0,0,NA,NA,NA,NA,"ME0"
"Porites_compressa_HIv1___TS.g3579.t1",1,0,0,NA,NA,NA,NA,"ME0"
"Porites_compressa_HIv1___TS.g3549.t1",1,0,0,0.0447989898901259,"Monotonous",6,0.859383340064293,"ME1"
"Porites_compressa_HIv1___TS.g3551.t1",0,1,0,NA,NA,NA,NA,"ME11"
"Porites_compressa_HIv1___TS.g3552.t1",1,0,0,NA,NA,NA,NA,"ME11"
"Porites_compressa_HIv1___RNAseq.g3864.t1",0,0,1,NA,NA,NA,NA,"ME3"
"Porites_compressa_HIv1___RNAseq.g3871.t1",0,1,0,NA,NA,NA,NA,"ME1"
"Porites_compressa_HIv1___RNAseq.g3874.t1",0,0,1,NA,NA,NA,NA,"ME26"
"Porites_compressa_HIv1___RNAseq.g3875.t1",2,0,0,NA,NA,NA,NA,"ME1"
"Porites_compressa_HIv1___RNAseq.g3876.t1",2,0,0,NA,NA,NA,NA,"ME1"
"Porites_compressa_HIv1___TS.g3568.t1",0,0,1,NA,NA,NA,NA,"ME1"
"Porites_compressa_HIv1___TS.g3569.t1",0,1,0,NA,NA,NA,NA,"ME1"
"Porites_compressa_HIv1___RNAseq.g3887.t1",0,1,0,NA,NA,NA,NA,"ME0"
"Porites_compressa_HIv1___RNAseq.g3892.t1",0,0,1,NA,NA,NA,NA,"ME1"
"Porites_compressa_HIv1___RNAseq.g3897.t1",1,0,0,NA,NA,NA,NA,"ME0"
"Porites_compressa_HIv1___RNAseq.g3899.t1",2,0,0,0.00310155112064974,"Other",1,0.544858964407744,"ME0"
"Porites_compressa_HIv1___RNAseq.g3903.t1",1,0,0,4.36157290795271e-05,"Monotonous",3,0.925695406911346,"ME3"
"Porites_compressa_HIv1___RNAseq.g3904.t1",0,0,1,0.0015940419184679,"Monotonous",2,0.829635707193965,"ME16"
"Porites_compressa_HIv1___RNAseq.g3905.t1",1,1,0,NA,NA,NA,NA,"ME0"
"Porites_compressa_HIv1___RNAseq.g3907.t1",1,0,0,NA,NA,NA,NA,"ME0"
"Porites_compressa_HIv1___RNAseq.g3910.t1",0,0,1,NA,NA,NA,NA,"ME0"
"Porites_compressa_HIv1___RNAseq.g30125.t1",1,0,0,NA,NA,NA,NA,"ME0"
"Porites_compressa_HIv1___RNAseq.g30079.t1",0,1,0,NA,NA,NA,NA,"ME5"
"Porites_compressa_HIv1___RNAseq.g30080.t1",0,1,0,NA,NA,NA,NA,"ME1"
"Porites_compressa_HIv1___RNAseq.g30081.t1",0,0,1,NA,NA,NA,NA,"ME1"
"Porites_compressa_HIv1___RNAseq.g30084.t1",0,1,0,NA,NA,NA,NA,"ME0"
"Porites_compressa_HIv1___RNAseq.g30089.t1",1,0,0,NA,NA,NA,NA,"ME4"
"Porites_compressa_HIv1___RNAseq.g30100.t1",2,0,0,NA,NA,NA,NA,"ME0"
"Porites_compressa_HIv1___RNAseq.g30108.t1",0,1,2,NA,NA,NA,NA,"ME3"
"Porites_compressa_HIv1___RNAseq.g30109.t1",1,0,0,NA,NA,NA,NA,"ME0"
"Porites_compressa_HIv1___RNAseq.g30110.t1",1,1,0,NA,NA,NA,NA,"ME0"
"Porites_compressa_HIv1___RNAseq.g30118.t1",1,0,0,NA,NA,NA,NA,"ME1"
"Porites_compressa_HIv1___TS.g31894.t1a",1,0,0,NA,NA,NA,NA,"ME11"
"Porites_compressa_HIv1___RNAseq.g30122.t1a",1,0,0,NA,NA,NA,NA,"ME1"
"Porites_compressa_HIv1___RNAseq.g18681.t1",1,1,0,NA,NA,NA,NA,"ME0"
"Porites_compressa_HIv1___RNAseq.g17098.t1",1,0,0,2.17370312498573e-05,"Transient",4,0.754780905906907,"ME3"
"Porites_compressa_HIv1___TS.g12512.t1b",0,1,0,NA,NA,NA,NA,"ME8"
"Porites_compressa_HIv1___RNAseq.g17111.t1",0,0,1,NA,NA,NA,NA,"ME1"
"Porites_compressa_HIv1___RNAseq.g41687.t1",1,0,0,NA,NA,NA,NA,"ME1"
"Porites_compressa_HIv1___RNAseq.g23619.t1",0,0,1,NA,NA,NA,NA,"ME16"
"Porites_compressa_HIv1___RNAseq.g41696.t1a",0,1,0,NA,NA,NA,NA,"ME1"
"Porites_compressa_HIv1___TS.g26766.t1",1,0,0,NA,NA,NA,NA,"ME0"
"Porites_compressa_HIv1___RNAseq.g41706.t1",0,0,1,NA,NA,NA,NA,"ME0"
"Porites_compressa_HIv1___RNAseq.g23668.t1",0,1,0,NA,NA,NA,NA,"ME0"
"Porites_compressa_HIv1___RNAseq.g23670.t1",0,0,1,NA,NA,NA,NA,"ME0"
"Porites_compressa_HIv1___RNAseq.g23671.t1",0,1,0,0.000247757961983618,"Monotonous",2,0.529780174678897,"ME2"
"Porites_compressa_HIv1___TS.g15822.t1",1,0,0,NA,NA,NA,NA,"ME0"
"Porites_compressa_HIv1___RNAseq.g23661.t1",1,0,0,NA,NA,NA,NA,"ME0"
"Porites_compressa_HIv1___RNAseq.g35872.t1",1,0,0,NA,NA,NA,NA,"ME17"
"Porites_compressa_HIv1___RNAseq.g23622.t1",0,0,1,0.00667110033604502,"Transient",5,0.915006030640128,"ME1"
"Porites_compressa_HIv1___RNAseq.g23628.t1",0,1,0,0.0294980797572888,"Other",1,0.814449059093874,"ME0"
"Porites_compressa_HIv1___RNAseq.g23630.t1",1,0,0,0.0293806509903441,"Other",NA,NA,"ME4"
"Porites_compressa_HIv1___RNAseq.g23635.t1",0,0,1,1.03193866371684e-06,"Transient",4,0.511377437844337,"ME0"
"Porites_compressa_HIv1___RNAseq.g23636.t1",1,0,0,0.0422778985171944,"Transient",NA,NA,"ME1"
"Porites_compressa_HIv1___RNAseq.g23637.t1",1,0,0,NA,NA,NA,NA,"ME5"
"Porites_compressa_HIv1___RNAseq.g23639.t1",1,1,0,0.00044748084446302,"Transient",3,0.592304432970092,"ME3"
"Porites_compressa_HIv1___RNAseq.g23641.t1",0,0,1,NA,NA,NA,NA,"ME0"
"Porites_compressa_HIv1___RNAseq.g23643.t1",1,0,0,NA,NA,NA,NA,"ME0"
"Porites_compressa_HIv1___RNAseq.g23644.t1",0,0,1,NA,NA,NA,NA,"ME1"
"Porites_compressa_HIv1___RNAseq.g23646.t1",1,0,0,0.000298107984808971,"Transient",3,0.554701512298458,"ME3"
"Porites_compressa_HIv1___RNAseq.g23647.t1",1,0,1,0.0209881108813883,"Other",6,0.792607813276302,"ME1"
"Porites_compressa_HIv1___RNAseq.g12184.t1",1,1,0,0.000120891979610799,"Monotonous",2,0.603034285565471,"ME4"
"Porites_compressa_HIv1___RNAseq.g12188.t1",0,0,1,1.11773910290247e-10,"Monotonous",1,0.933837203603791,"ME0"
"Porites_compressa_HIv1___RNAseq.g23729.t1",1,0,0,NA,NA,NA,NA,"ME1"
"Porites_compressa_HIv1___RNAseq.g28703.t1",1,0,0,NA,NA,NA,NA,"ME1"
"Porites_compressa_HIv1___TS.g29319.t1",0,2,0,NA,NA,NA,NA,"ME6"
"Porites_compressa_HIv1___RNAseq.g24279.t1",0,0,1,NA,NA,NA,NA,"ME0"
"Porites_compressa_HIv1___RNAseq.g24270.t1",1,0,0,0.00435602968381923,"Transient",NA,NA,"ME2"
"Porites_compressa_HIv1___TS.g29327.t1",0,2,0,NA,NA,NA,NA,"ME6"
"Porites_compressa_HIv1___RNAseq.g5905.t1",0,2,0,NA,NA,NA,NA,"ME0"
"Porites_compressa_HIv1___RNAseq.g5903.t1",0,0,1,NA,NA,NA,NA,"ME25"
"Porites_compressa_HIv1___RNAseq.g5907.t1",1,0,1,NA,NA,NA,NA,"ME11"
"Porites_compressa_HIv1___TS.g15973.t1",2,0,0,NA,NA,NA,NA,"ME0"
"Porites_compressa_HIv1___RNAseq.g9394.t1",1,0,0,0.00452546032092807,"Other",5,0.526357089402296,"ME1"
"Porites_compressa_HIv1___RNAseq.g9392.t1",0,1,0,0.0101319116953679,"Other",2,0.927421696639219,"ME4"
"Porites_compressa_HIv1___RNAseq.g9393.t1",1,0,0,NA,NA,NA,NA,"ME3"
"Porites_compressa_HIv1___RNAseq.g9398.t1",1,0,0,NA,NA,NA,NA,"ME0"
"Porites_compressa_HIv1___RNAseq.g29827.t1",1,0,0,NA,NA,NA,NA,"ME1"
"Porites_compressa_HIv1___TS.g36166.t1",1,0,0,NA,NA,NA,NA,"ME0"
"Porites_compressa_HIv1___RNAseq.g25971.t1",1,0,0,NA,NA,NA,NA,"ME9"
"Porites_compressa_HIv1___TS.g25406.t1",0,1,0,NA,NA,NA,NA,"ME23"
"Porites_compressa_HIv1___TS.g25408.t1",1,0,0,NA,NA,NA,NA,"ME1"
"Porites_compressa_HIv1___RNAseq.g40309.t1",0,0,1,NA,NA,NA,NA,"ME0"
"Porites_compressa_HIv1___RNAseq.g19370.t1",0,0,1,NA,NA,NA,NA,"ME0"
"Porites_compressa_HIv1___RNAseq.g22924.t1",0,2,0,0.0383755728449414,"Other",6,0.964471316222969,"ME1"
"Porites_compressa_HIv1___RNAseq.g38163.t1",1,0,0,NA,NA,NA,NA,"ME0"
"Porites_compressa_HIv1___RNAseq.g22928.t1",2,0,0,NA,NA,NA,NA,"ME7"
"Porites_compressa_HIv1___RNAseq.g22925.t1",1,0,0,1.29134803599577e-06,"Monotonous",3,0.75757012540921,"ME4"
"Porites_compressa_HIv1___RNAseq.g22929.t1",0,1,0,NA,NA,NA,NA,"ME21"
"Porites_compressa_HIv1___RNAseq.g22930.t1",1,0,0,1.54595448681662e-07,"Monotonous",3,0.770582271642006,"ME2"
"Porites_compressa_HIv1___RNAseq.g17332.t1",0,0,1,NA,NA,NA,NA,"ME11"
"Porites_compressa_HIv1___RNAseq.g12972.t1",0,1,0,NA,NA,NA,NA,"ME0"
"Porites_compressa_HIv1___RNAseq.g12971.t1",1,0,0,NA,NA,NA,NA,"ME27"
"Porites_compressa_HIv1___RNAseq.g38165.t1",0,1,1,NA,NA,NA,NA,"ME11"
"Porites_compressa_HIv1___RNAseq.g27261.t1",0,0,1,NA,NA,NA,NA,"ME0"
"Porites_compressa_HIv1___RNAseq.g33357.t1",0,0,1,NA,NA,NA,NA,"ME1"
"Porites_compressa_HIv1___RNAseq.g33360.t1",0,0,1,0.0171498360752595,"Other",1,0.589496848615586,"ME0"
"Porites_compressa_HIv1___TS.g38089.t1",1,0,0,NA,NA,NA,NA,"ME5"
"Porites_compressa_HIv1___TS.g15812.t1",1,0,0,NA,NA,NA,NA,"ME26"
"Porites_compressa_HIv1___RNAseq.g30179.t1",0,1,0,0.00056139036063273,"Monotonous",6,0.975696167335735,"ME1"
"Porites_compressa_HIv1___RNAseq.g30180.t1",0,1,1,NA,NA,NA,NA,"ME1"
"Porites_compressa_HIv1___RNAseq.g30591.t1",0,1,0,0.042863814719539,"Other",6,0.657655591694277,"ME1"
"Porites_compressa_HIv1___RNAseq.g17578.t1b",0,0,1,NA,NA,NA,NA,"ME6"
"Porites_compressa_HIv1___RNAseq.g27839.t1",1,0,1,NA,NA,NA,NA,"ME0"
"Porites_compressa_HIv1___RNAseq.g28396.t1",0,0,1,NA,NA,NA,NA,"ME6"
"Porites_compressa_HIv1___RNAseq.g11924.t1",0,1,0,NA,NA,NA,NA,"ME1"
"Porites_compressa_HIv1___TS.g22451.t1b",1,0,0,0.00696722829708878,"Monotonous",1,0.942423975236025,"ME2"
"Porites_compressa_HIv1___RNAseq.g27233.t1",0,0,1,NA,NA,NA,NA,"ME0"
"Porites_compressa_HIv1___RNAseq.g11911.t1",0,1,0,0.0408802979810359,"Other",NA,NA,"ME0"
"Porites_compressa_HIv1___RNAseq.g16418.t1",0,0,1,0.0141662612069093,"Other",NA,NA,"ME1"
"Porites_compressa_HIv1___RNAseq.g13038.t1",1,0,0,NA,NA,NA,NA,"ME0"
"Porites_compressa_HIv1___RNAseq.g27236.t1",0,1,0,NA,NA,NA,NA,"ME0"
"Porites_compressa_HIv1___TS.g30737.t1",1,0,0,NA,NA,NA,NA,"ME1"
"Porites_compressa_HIv1___RNAseq.g4707.t2",1,0,1,NA,NA,NA,NA,"ME1"
"Porites_compressa_HIv1___RNAseq.g28697.t1",2,0,0,NA,NA,NA,NA,"ME11"
"Porites_compressa_HIv1___RNAseq.g11467.t1",0,0,1,NA,NA,NA,NA,"ME1"
"Porites_compressa_HIv1___RNAseq.g31189.t2b",0,1,0,6.69086310961786e-17,"Monotonous",2,0.859502148557743,"ME2"
"Porites_compressa_HIv1___RNAseq.g6314.t1",1,0,0,NA,NA,NA,NA,"ME12"
"Porites_compressa_HIv1___RNAseq.g12347.t1",0,1,0,NA,NA,NA,NA,"ME1"
"Porites_compressa_HIv1___RNAseq.g17118.t1",0,0,1,NA,NA,NA,NA,"ME0"
"Porites_compressa_HIv1___RNAseq.g23614.t1",0,1,0,NA,NA,NA,NA,"ME8"
"Porites_compressa_HIv1___RNAseq.g25974.t1",0,0,1,NA,NA,NA,NA,"ME11"
"Porites_compressa_HIv1___TS.g34676.t1",0,1,1,NA,NA,NA,NA,"ME0"
"Porites_compressa_HIv1___RNAseq.g5405.t1",0,1,0,NA,NA,NA,NA,"ME6"
"Porites_compressa_HIv1___RNAseq.g5410.t1",1,0,0,NA,NA,NA,NA,"ME0"
"Porites_compressa_HIv1___RNAseq.g5421.t1",0,1,0,NA,NA,NA,NA,"ME0"
"Porites_compressa_HIv1___RNAseq.g5726.t1",0,2,0,NA,NA,NA,NA,"ME0"
"Porites_compressa_HIv1___TS.g35127.t1",0,0,1,NA,NA,NA,NA,"ME0"
"Porites_compressa_HIv1___RNAseq.g5839.t1",0,0,1,NA,NA,NA,NA,"ME0"
"Porites_compressa_HIv1___TS.g36706.t1",0,0,2,NA,NA,NA,NA,"ME7"
"Porites_compressa_HIv1___RNAseq.g27644.t1",0,0,1,NA,NA,NA,NA,"ME0"
"Porites_compressa_HIv1___RNAseq.g27824.t1",0,1,0,NA,NA,NA,NA,"ME0"
"Porites_compressa_HIv1___TS.g28694.t1",1,0,0,NA,NA,NA,NA,"ME0"
"Porites_compressa_HIv1___RNAseq.g34625.t1",1,0,0,NA,NA,NA,NA,"ME0"
"Porites_compressa_HIv1___RNAseq.g34626.t1",0,1,0,NA,NA,NA,NA,"ME1"
"Porites_compressa_HIv1___TS.g14702.t1",0,1,0,NA,NA,NA,NA,"ME20"
"Porites_compressa_HIv1___RNAseq.g35315.t1",0,0,1,NA,NA,NA,NA,"ME0"
"Porites_compressa_HIv1___RNAseq.g35389.t1",0,1,0,NA,NA,NA,NA,"ME0"
"Porites_compressa_HIv1___RNAseq.g35443.t1",1,0,0,NA,NA,NA,NA,"ME0"
"Porites_compressa_HIv1___RNAseq.g35563.t1",0,1,0,NA,NA,NA,NA,"ME0"
"Porites_compressa_HIv1___TS.g4247.t1a",1,1,0,NA,NA,NA,NA,"ME0"
"Porites_compressa_HIv1___RNAseq.g31237.t1",0,0,1,NA,NA,NA,NA,"ME0"
"Porites_compressa_HIv1___RNAseq.g21703.t1",1,0,0,NA,NA,NA,NA,"ME1"
"Porites_compressa_HIv1___TS.g24295.t1",0,0,1,NA,NA,NA,NA,"ME20"
"Porites_compressa_HIv1___TS.g18735.t1",0,1,0,NA,NA,NA,NA,"ME0"
"Porites_compressa_HIv1___RNAseq.g18459.t1",1,1,0,NA,NA,NA,NA,"ME0"
"Porites_compressa_HIv1___RNAseq.g18473.t1",3,0,0,NA,NA,NA,NA,"ME0"
"Porites_compressa_HIv1___RNAseq.g21252.t1",0,1,0,NA,NA,NA,NA,"ME0"
"Porites_compressa_HIv1___RNAseq.g21254.t1",0,0,1,NA,NA,NA,NA,"ME7"
"Porites_compressa_HIv1___RNAseq.g25968.t1",1,0,0,NA,NA,NA,NA,"ME13"
"Porites_compressa_HIv1___TS.g19423.t1",2,0,0,NA,NA,NA,NA,"ME0"
"Porites_compressa_HIv1___RNAseq.g27425.t1",0,1,0,NA,NA,NA,NA,"ME0"
"Porites_compressa_HIv1___RNAseq.g27431.t1",1,0,0,NA,NA,NA,NA,"ME14"
"Porites_compressa_HIv1___RNAseq.g27433.t1",1,0,0,NA,NA,NA,NA,"ME14"
"Porites_compressa_HIv1___RNAseq.30755_t",1,0,0,NA,NA,NA,NA,"ME0"
"Porites_compressa_HIv1___RNAseq.g16522.t1",0,0,1,NA,NA,NA,NA,"ME0"
"Porites_compressa_HIv1___TS.g28251.t1",1,0,0,NA,NA,NA,NA,"ME0"
"Porites_compressa_HIv1___RNAseq.g27138.t1",0,0,1,NA,NA,NA,NA,"ME0"
"Porites_compressa_HIv1___RNAseq.g12550.t1",1,0,0,0.0327027823607501,"Other",NA,NA,"ME4"
"Porites_compressa_HIv1___RNAseq.g20435.t1",1,0,0,NA,NA,NA,NA,"ME0"
"Porites_compressa_HIv1___RNAseq.g24928.t1",0,0,1,NA,NA,NA,NA,"ME0"
"Porites_compressa_HIv1___TS.g32641.t1",1,0,0,NA,NA,NA,NA,"ME0"
"Porites_compressa_HIv1___RNAseq.g15279.t1",1,0,0,NA,NA,NA,NA,"ME9"
"Porites_compressa_HIv1___RNAseq.g15148.t1",1,0,0,NA,NA,NA,NA,"ME0"
"Porites_compressa_HIv1___TS.g21710.t1",1,0,0,NA,NA,NA,NA,"ME0"
"Porites_compressa_HIv1___TS.g13504.t1",1,0,0,NA,NA,NA,NA,"ME0"
"Porites_compressa_HIv1___RNAseq.g30016.t1",1,0,0,NA,NA,NA,NA,"ME0"
"Porites_compressa_HIv1___RNAseq.g30033.t1",2,0,0,NA,NA,NA,NA,"ME0"
"Porites_compressa_HIv1___RNAseq.g30054.t1",1,1,0,NA,NA,NA,NA,"ME0"
"Porites_compressa_HIv1___RNAseq.g11805.t1",2,0,0,NA,NA,NA,NA,"ME0"
"Porites_compressa_HIv1___RNAseq.g11806.t1",1,0,0,NA,NA,NA,NA,"ME0"
"Porites_compressa_HIv1___RNAseq.g12514.t1",1,0,0,NA,NA,NA,NA,"ME0"
"Porites_compressa_HIv1___RNAseq.g36940.t1",0,1,0,NA,NA,NA,NA,"ME0"
"Porites_compressa_HIv1___RNAseq.g39250.t1",0,0,1,NA,NA,NA,NA,"ME9"
"Porites_compressa_HIv1___RNAseq.g39260.t1",0,0,1,NA,NA,NA,NA,"ME0"
"Porites_compressa_HIv1___RNAseq.g39050.t1",1,0,0,NA,NA,NA,NA,"ME0"
"Porites_compressa_HIv1___RNAseq.g26463.t1",1,0,0,NA,NA,NA,NA,"ME0"
"Porites_compressa_HIv1___RNAseq.g4582.t1",0,2,0,NA,NA,NA,NA,"ME0"
"Porites_compressa_HIv1___RNAseq.40862_t",0,1,0,NA,NA,NA,NA,"ME0"
"Porites_compressa_HIv1___RNAseq.g32839.t1",0,1,0,NA,NA,NA,NA,"ME9"
"Porites_compressa_HIv1___TS.g13678.t1",0,1,0,NA,NA,NA,NA,"ME8"
"Porites_compressa_HIv1___RNAseq.g9218.t1",1,0,0,NA,NA,NA,NA,"ME0"
"Porites_compressa_HIv1___RNAseq.g9219.t1",1,0,0,NA,NA,NA,NA,"ME0"
"Porites_compressa_HIv1___RNAseq.g9222.t1",1,0,0,NA,NA,NA,NA,"ME0"
"Porites_compressa_HIv1___TS.g13819.t1",1,0,0,NA,NA,NA,NA,"ME0"
"Porites_compressa_HIv1___RNAseq.g30663.t1",0,0,2,NA,NA,NA,NA,"ME0"
"Porites_compressa_HIv1___RNAseq.g6896.t1",0,0,1,NA,NA,NA,NA,"ME0"
"Porites_compressa_HIv1___RNAseq.g41380.t1",1,0,0,NA,NA,NA,NA,"ME2"
"Porites_compressa_HIv1___TS.g28132.t1",1,1,0,NA,NA,NA,NA,"ME0"
"Porites_compressa_HIv1___RNAseq.g25351.t1",0,0,1,NA,NA,NA,NA,"ME7"
"Porites_compressa_HIv1___RNAseq.g25408.t1",0,1,0,NA,NA,NA,NA,"ME20"
"Porites_compressa_HIv1___RNAseq.g17880.t1",0,0,1,NA,NA,NA,NA,"ME0"
"Porites_compressa_HIv1___RNAseq.g12230.t1",0,0,1,NA,NA,NA,NA,"ME6"
"Porites_compressa_HIv1___RNAseq.g32960.t1",1,0,0,NA,NA,NA,NA,"ME14"
"Porites_compressa_HIv1___RNAseq.g30139.t1",1,0,0,NA,NA,NA,NA,"ME0"
"Porites_compressa_HIv1___RNAseq.g9374.t1",1,0,0,NA,NA,NA,NA,"ME21"
"Porites_compressa_HIv1___RNAseq.g34095.t1b",0,0,1,NA,NA,NA,NA,"ME0"
"Porites_compressa_HIv1___TS.g35980.t1b",1,0,0,NA,NA,NA,NA,"ME0"
"Porites_compressa_HIv1___RNAseq.g6942.t1",1,0,0,NA,NA,NA,NA,"ME0"
"Porites_compressa_HIv1___RNAseq.g130.t1",0,0,1,NA,NA,NA,NA,"ME1"
"Porites_compressa_HIv1___RNAseq.g12183.t1",2,0,0,NA,NA,NA,NA,"ME0"
"Porites_compressa_HIv1___RNAseq.g38545.t1",1,1,0,NA,NA,NA,NA,"ME22"
"Porites_compressa_HIv1___RNAseq.g14107.t1",1,0,0,NA,NA,NA,NA,"ME5"
"Porites_compressa_HIv1___RNAseq.g243.t1",0,1,0,NA,NA,NA,NA,"ME0"
"Porites_compressa_HIv1___RNAseq.g36923.t1",1,0,0,NA,NA,NA,NA,"ME0"
"Porites_compressa_HIv1___RNAseq.g8610.t1",1,0,0,NA,NA,NA,NA,"ME0"
"Porites_compressa_HIv1___RNAseq.g22518.t1",1,1,0,NA,NA,NA,NA,"ME0"
"Porites_compressa_HIv1___RNAseq.g17037.t2",0,1,0,NA,NA,NA,NA,"ME1"
"Porites_compressa_HIv1___RNAseq.g38391.t1",0,1,0,NA,NA,NA,NA,"ME0"
"Porites_compressa_HIv1___RNAseq.g38398.t1",0,1,0,NA,NA,NA,NA,"ME0"
"Porites_compressa_HIv1___RNAseq.g17540.t1b",1,0,0,NA,NA,NA,NA,"ME14"
"Porites_compressa_HIv1___RNAseq.g6313.t1",1,0,0,NA,NA,NA,NA,"ME7"
"Porites_compressa_HIv1___RNAseq.g32634.t1",0,0,1,NA,NA,NA,NA,"ME0"
"Porites_compressa_HIv1___RNAseq.g820.t1",1,0,0,NA,NA,NA,NA,"ME0"
"Porites_compressa_HIv1___RNAseq.g1218.t1",0,0,1,NA,NA,NA,NA,"ME7"
"Porites_compressa_HIv1___TS.g24831.t3b",1,0,0,NA,NA,NA,NA,"ME0"
"Porites_compressa_HIv1___TS.g36759.t1",2,0,0,NA,NA,NA,NA,"ME0"
"Porites_compressa_HIv1___RNAseq.g12945.t1",0,1,0,NA,NA,NA,NA,"ME9"
"Porites_compressa_HIv1___RNAseq.g18789.t1",0,1,0,NA,NA,NA,NA,"ME0"
"Porites_compressa_HIv1___RNAseq.g18791.t1",0,1,0,NA,NA,NA,NA,"ME0"
"Porites_compressa_HIv1___RNAseq.g3848.t1",1,0,0,NA,NA,NA,NA,"ME0"
"Porites_compressa_HIv1___RNAseq.g8004.t1",0,0,1,NA,NA,NA,NA,"ME6"
"Porites_compressa_HIv1___RNAseq.g22932.t1",0,0,1,NA,NA,NA,NA,"ME6"
"Porites_compressa_HIv1___RNAseq.g7775.t1",0,1,0,NA,NA,NA,NA,"ME6"
"Porites_compressa_HIv1___RNAseq.g25725.t1",1,0,0,NA,NA,NA,NA,"ME0"
"Porites_compressa_HIv1___RNAseq.g12942.t1",0,2,0,NA,NA,NA,NA,"ME0"
"Porites_compressa_HIv1___RNAseq.g25975.t1",1,0,0,NA,NA,NA,NA,"ME1"
"Porites_compressa_HIv1___RNAseq.g22922.t1",1,0,0,0.0113518655963415,"Other",6,0.592999052901181,"ME1"
"Porites_compressa_HIv1___TS.g36179.t1",0,1,0,NA,NA,NA,NA,"ME0"
"Porites_compressa_HIv1___RNAseq.g32977.t1",0,2,0,NA,NA,NA,NA,"ME0"
