[2026-05-25 13:25:32,201] multiqc                                            [DEBUG  ]  This is MultiQC v1.12
[2026-05-25 13:25:32,202] multiqc                                            [DEBUG  ]  No MultiQC config found: /modules/uri_apps/software/MultiQC/1.12-foss-2021b/lib/python3.9/site-packages/multiqc_config.yaml
[2026-05-25 13:25:32,202] multiqc                                            [DEBUG  ]  No MultiQC config found: /home/zdellaert_uri_edu/.multiqc_config.yaml
[2026-05-25 13:25:32,202] multiqc                                            [DEBUG  ]  No MultiQC config found: multiqc_config.yaml
[2026-05-25 13:25:32,202] multiqc                                            [DEBUG  ]  Command used: /modules/uri_apps/software/MultiQC/1.12-foss-2021b/bin/multiqc . /scratch4/workspace/zdellaert_uri_edu-shared_TimeSeries/TimeSeries/aligned/POC_Cgoreaui_V2
[2026-05-25 13:25:32,605] multiqc                                            [WARNING]  MultiQC Version v1.35 now available!
[2026-05-25 13:25:32,605] multiqc                                            [DEBUG  ]  Command     : /modules/uri_apps/software/MultiQC/1.12-foss-2021b/bin/multiqc . /scratch4/workspace/zdellaert_uri_edu-shared_TimeSeries/TimeSeries/aligned/POC_Cgoreaui_V2
[2026-05-25 13:25:32,605] multiqc                                            [DEBUG  ]  Working dir : /project/pi_hputnam_uri_edu/zdellaert/TimeSeries/4-multi-species/output_RNA/alignment_qc/POC_Cgoreaui_V2
[2026-05-25 13:25:32,605] multiqc                                            [DEBUG  ]  Template    : default
[2026-05-25 13:25:32,605] multiqc                                            [DEBUG  ]  Running Python 3.9.6 (default, Nov 15 2024, 16:57:16)  [GCC 11.2.0]
[2026-05-25 13:25:32,606] multiqc                                            [DEBUG  ]  Analysing modules: custom_content, ccs, ngsderive, purple, conpair, lima, peddy, somalier, methylQA, mosdepth, phantompeakqualtools, qualimap, preseq, quast, qorts, rna_seqc, rockhopper, rsem, rseqc, busco, bustools, goleft_indexcov, gffcompare, disambiguate, supernova, deeptools, sargasso, verifybamid, mirtrace, happy, mirtop, sambamba, homer, hops, macs2, theta2, snpeff, gatk, htseq, bcftools, featureCounts, fgbio, dragen, dedup, pbmarkdup, damageprofiler, biobambam2, jcvi, mtnucratio, picard, vep, sentieon, prokka, qc3C, nanostat, samblaster, samtools, sexdeterrmine, eigenstratdatabasetools, bamtools, jellyfish, vcftools, longranger, stacks, varscan2, snippy, bbmap, bismark, biscuit, hicexplorer, hicup, hicpro, salmon, kallisto, slamdunk, star, hisat2, tophat, bowtie2, bowtie1, snpsplit, odgi, pangolin, kat, leehom, adapterRemoval, clipandmerge, cutadapt, flexbar, kaiju, kraken, malt, trimmomatic, sickle, skewer, sortmerna, biobloomtools, fastq_screen, afterqc, fastp, fastqc, pychopper, pycoqc, minionqc, multivcfanalyzer, clusterflow, checkqc, bcl2fastq, bclconvert, interop, ivar, flash, seqyclean, optitype, whatshap
[2026-05-25 13:25:32,607] multiqc                                            [DEBUG  ]  Using temporary directory for creating report: /tmp/tmpogw1ecp9
[2026-05-25 13:25:32,829] multiqc                                            [INFO   ]  Search path : /project/pi_hputnam_uri_edu/zdellaert/TimeSeries/4-multi-species/output_RNA/alignment_qc/POC_Cgoreaui_V2
[2026-05-25 13:25:32,829] multiqc                                            [INFO   ]  Search path : /scratch4/workspace/zdellaert_uri_edu-shared_TimeSeries/TimeSeries/aligned/POC_Cgoreaui_V2
[2026-05-25 13:25:33,192] multiqc                                            [DEBUG  ]  File ignored by ccs/v4 because it exceeded search pattern filesize limit: POC_R72_H1_Log.progress.out
[2026-05-25 13:25:33,195] multiqc                                            [DEBUG  ]  File ignored by lima/summary because it exceeded search pattern filesize limit: POC_R72_H1_Log.progress.out
[2026-05-25 13:25:33,216] multiqc                                            [DEBUG  ]  File ignored by ccs/v4 because it exceeded search pattern filesize limit: POC_R12_H2_Log.progress.out
[2026-05-25 13:25:33,218] multiqc                                            [DEBUG  ]  File ignored by lima/summary because it exceeded search pattern filesize limit: POC_R12_H2_Log.progress.out
[2026-05-25 13:25:33,236] multiqc                                            [DEBUG  ]  File ignored by ccs/v4 because it exceeded search pattern filesize limit: POC_R1_C3_Log.out
[2026-05-25 13:25:33,238] multiqc                                            [DEBUG  ]  File ignored by hicexplorer because it exceeded search pattern filesize limit: POC_R1_C3_Log.out
[2026-05-25 13:25:33,238] multiqc                                            [DEBUG  ]  File ignored by lima/summary because it exceeded search pattern filesize limit: POC_R1_C3_Log.out
[2026-05-25 13:25:33,242] multiqc                                            [DEBUG  ]  File ignored by vep/vep_txt because it exceeded search pattern filesize limit: POC_R1_C3_Log.out
[2026-05-25 13:25:33,242] multiqc                                            [DEBUG  ]  File ignored by longranger/invocation because it exceeded search pattern filesize limit: POC_R1_C3_Log.out
[2026-05-25 13:25:33,436] multiqc                                            [DEBUG  ]  File ignored by nanostat because it exceeded search pattern filesize limit: POC_R1_C3_Log.out
[2026-05-25 13:25:33,448] multiqc                                            [DEBUG  ]  Ignoring file as matched an ignore pattern: POC_R12_C2_Aligned.sortedByCoord.out.bam
[2026-05-25 13:25:33,455] multiqc                                            [DEBUG  ]  File ignored by ccs/v4 because it exceeded search pattern filesize limit: POC_R0_H1_SJ.out.tab
[2026-05-25 13:25:33,456] multiqc                                            [DEBUG  ]  File ignored by hicexplorer because it exceeded search pattern filesize limit: POC_R0_H1_SJ.out.tab
[2026-05-25 13:25:33,456] multiqc                                            [DEBUG  ]  File ignored by lima/summary because it exceeded search pattern filesize limit: POC_R0_H1_SJ.out.tab
[2026-05-25 13:25:33,460] multiqc                                            [DEBUG  ]  File ignored by longranger/invocation because it exceeded search pattern filesize limit: POC_R0_H1_SJ.out.tab
[2026-05-25 13:25:33,485] multiqc                                            [DEBUG  ]  File ignored by nanostat because it exceeded search pattern filesize limit: POC_R0_H1_SJ.out.tab
[2026-05-25 13:25:33,491] multiqc                                            [DEBUG  ]  File ignored by ccs/v4 because it exceeded search pattern filesize limit: POC_R24_C2_SJ.out.tab
[2026-05-25 13:25:33,493] multiqc                                            [DEBUG  ]  File ignored by hicexplorer because it exceeded search pattern filesize limit: POC_R24_C2_SJ.out.tab
[2026-05-25 13:25:33,493] multiqc                                            [DEBUG  ]  File ignored by lima/summary because it exceeded search pattern filesize limit: POC_R24_C2_SJ.out.tab
[2026-05-25 13:25:33,497] multiqc                                            [DEBUG  ]  File ignored by longranger/invocation because it exceeded search pattern filesize limit: POC_R24_C2_SJ.out.tab
[2026-05-25 13:25:33,505] multiqc                                            [DEBUG  ]  File ignored by nanostat because it exceeded search pattern filesize limit: POC_R24_C2_SJ.out.tab
[2026-05-25 13:25:33,512] multiqc                                            [DEBUG  ]  File ignored by ccs/v4 because it exceeded search pattern filesize limit: POC_R12_C2_Log.progress.out
[2026-05-25 13:25:33,513] multiqc                                            [DEBUG  ]  File ignored by lima/summary because it exceeded search pattern filesize limit: POC_R12_C2_Log.progress.out
[2026-05-25 13:25:33,528] multiqc                                            [DEBUG  ]  File ignored by ccs/v4 because it exceeded search pattern filesize limit: POC_R72_C1_Log.progress.out
[2026-05-25 13:25:33,529] multiqc                                            [DEBUG  ]  File ignored by lima/summary because it exceeded search pattern filesize limit: POC_R72_C1_Log.progress.out
[2026-05-25 13:25:33,546] multiqc                                            [DEBUG  ]  File ignored by ccs/v4 because it exceeded search pattern filesize limit: POC_R1_C2_SJ.out.tab
[2026-05-25 13:25:33,548] multiqc                                            [DEBUG  ]  File ignored by hicexplorer because it exceeded search pattern filesize limit: POC_R1_C2_SJ.out.tab
[2026-05-25 13:25:33,548] multiqc                                            [DEBUG  ]  File ignored by lima/summary because it exceeded search pattern filesize limit: POC_R1_C2_SJ.out.tab
[2026-05-25 13:25:33,552] multiqc                                            [DEBUG  ]  File ignored by longranger/invocation because it exceeded search pattern filesize limit: POC_R1_C2_SJ.out.tab
[2026-05-25 13:25:33,562] multiqc                                            [DEBUG  ]  File ignored by nanostat because it exceeded search pattern filesize limit: POC_R1_C2_SJ.out.tab
[2026-05-25 13:25:33,570] multiqc                                            [DEBUG  ]  File ignored by ccs/v4 because it exceeded search pattern filesize limit: POC_R120_H1_SJ.out.tab
[2026-05-25 13:25:33,572] multiqc                                            [DEBUG  ]  File ignored by hicexplorer because it exceeded search pattern filesize limit: POC_R120_H1_SJ.out.tab
[2026-05-25 13:25:33,572] multiqc                                            [DEBUG  ]  File ignored by lima/summary because it exceeded search pattern filesize limit: POC_R120_H1_SJ.out.tab
[2026-05-25 13:25:33,579] multiqc                                            [DEBUG  ]  File ignored by longranger/invocation because it exceeded search pattern filesize limit: POC_R120_H1_SJ.out.tab
[2026-05-25 13:25:33,588] multiqc                                            [DEBUG  ]  File ignored by nanostat because it exceeded search pattern filesize limit: POC_R120_H1_SJ.out.tab
[2026-05-25 13:25:33,597] multiqc                                            [DEBUG  ]  File ignored by ccs/v4 because it exceeded search pattern filesize limit: POC_R12_C3_Log.out
[2026-05-25 13:25:33,599] multiqc                                            [DEBUG  ]  File ignored by hicexplorer because it exceeded search pattern filesize limit: POC_R12_C3_Log.out
[2026-05-25 13:25:33,599] multiqc                                            [DEBUG  ]  File ignored by lima/summary because it exceeded search pattern filesize limit: POC_R12_C3_Log.out
[2026-05-25 13:25:33,603] multiqc                                            [DEBUG  ]  File ignored by vep/vep_txt because it exceeded search pattern filesize limit: POC_R12_C3_Log.out
[2026-05-25 13:25:33,603] multiqc                                            [DEBUG  ]  File ignored by longranger/invocation because it exceeded search pattern filesize limit: POC_R12_C3_Log.out
[2026-05-25 13:25:33,801] multiqc                                            [DEBUG  ]  File ignored by nanostat because it exceeded search pattern filesize limit: POC_R12_C3_Log.out
[2026-05-25 13:25:33,823] multiqc                                            [DEBUG  ]  File ignored by ccs/v4 because it exceeded search pattern filesize limit: POC_R120_H2_Log.out
[2026-05-25 13:25:33,825] multiqc                                            [DEBUG  ]  File ignored by hicexplorer because it exceeded search pattern filesize limit: POC_R120_H2_Log.out
[2026-05-25 13:25:33,825] multiqc                                            [DEBUG  ]  File ignored by lima/summary because it exceeded search pattern filesize limit: POC_R120_H2_Log.out
[2026-05-25 13:25:33,829] multiqc                                            [DEBUG  ]  File ignored by vep/vep_txt because it exceeded search pattern filesize limit: POC_R120_H2_Log.out
[2026-05-25 13:25:33,829] multiqc                                            [DEBUG  ]  File ignored by longranger/invocation because it exceeded search pattern filesize limit: POC_R120_H2_Log.out
[2026-05-25 13:25:34,027] multiqc                                            [DEBUG  ]  File ignored by nanostat because it exceeded search pattern filesize limit: POC_R120_H2_Log.out
[2026-05-25 13:25:34,037] multiqc                                            [DEBUG  ]  Ignoring file as matched an ignore pattern: POC_R0_C2_Aligned.sortedByCoord.out.bam
[2026-05-25 13:25:34,042] multiqc                                            [DEBUG  ]  File ignored by ccs/v4 because it exceeded search pattern filesize limit: POC_R0_C3_SJ.out.tab
[2026-05-25 13:25:34,044] multiqc                                            [DEBUG  ]  File ignored by hicexplorer because it exceeded search pattern filesize limit: POC_R0_C3_SJ.out.tab
[2026-05-25 13:25:34,044] multiqc                                            [DEBUG  ]  File ignored by lima/summary because it exceeded search pattern filesize limit: POC_R0_C3_SJ.out.tab
[2026-05-25 13:25:34,048] multiqc                                            [DEBUG  ]  File ignored by longranger/invocation because it exceeded search pattern filesize limit: POC_R0_C3_SJ.out.tab
[2026-05-25 13:25:34,057] multiqc                                            [DEBUG  ]  File ignored by nanostat because it exceeded search pattern filesize limit: POC_R0_C3_SJ.out.tab
[2026-05-25 13:25:34,064] multiqc                                            [DEBUG  ]  File ignored by ccs/v4 because it exceeded search pattern filesize limit: POC_R72_C2_Log.out
[2026-05-25 13:25:34,065] multiqc                                            [DEBUG  ]  File ignored by hicexplorer because it exceeded search pattern filesize limit: POC_R72_C2_Log.out
[2026-05-25 13:25:34,066] multiqc                                            [DEBUG  ]  File ignored by lima/summary because it exceeded search pattern filesize limit: POC_R72_C2_Log.out
[2026-05-25 13:25:34,069] multiqc                                            [DEBUG  ]  File ignored by vep/vep_txt because it exceeded search pattern filesize limit: POC_R72_C2_Log.out
[2026-05-25 13:25:34,069] multiqc                                            [DEBUG  ]  File ignored by longranger/invocation because it exceeded search pattern filesize limit: POC_R72_C2_Log.out
[2026-05-25 13:25:34,268] multiqc                                            [DEBUG  ]  File ignored by nanostat because it exceeded search pattern filesize limit: POC_R72_C2_Log.out
[2026-05-25 13:25:34,282] multiqc                                            [DEBUG  ]  File ignored by ccs/v4 because it exceeded search pattern filesize limit: POC_R12_H3_Log.progress.out
[2026-05-25 13:25:34,284] multiqc                                            [DEBUG  ]  File ignored by lima/summary because it exceeded search pattern filesize limit: POC_R12_H3_Log.progress.out
[2026-05-25 13:25:34,294] multiqc                                            [DEBUG  ]  Ignoring file as matched an ignore pattern: POC_R72_C2_Aligned.sortedByCoord.out.bam
[2026-05-25 13:25:34,303] multiqc                                            [DEBUG  ]  File ignored by ccs/v4 because it exceeded search pattern filesize limit: POC_R1_H1_Log.out
[2026-05-25 13:25:34,305] multiqc                                            [DEBUG  ]  File ignored by hicexplorer because it exceeded search pattern filesize limit: POC_R1_H1_Log.out
[2026-05-25 13:25:34,305] multiqc                                            [DEBUG  ]  File ignored by lima/summary because it exceeded search pattern filesize limit: POC_R1_H1_Log.out
[2026-05-25 13:25:34,309] multiqc                                            [DEBUG  ]  File ignored by vep/vep_txt because it exceeded search pattern filesize limit: POC_R1_H1_Log.out
[2026-05-25 13:25:34,309] multiqc                                            [DEBUG  ]  File ignored by longranger/invocation because it exceeded search pattern filesize limit: POC_R1_H1_Log.out
[2026-05-25 13:25:34,506] multiqc                                            [DEBUG  ]  File ignored by nanostat because it exceeded search pattern filesize limit: POC_R1_H1_Log.out
[2026-05-25 13:25:34,521] multiqc                                            [DEBUG  ]  File ignored by ccs/v4 because it exceeded search pattern filesize limit: POC_R120_C3_SJ.out.tab
[2026-05-25 13:25:34,523] multiqc                                            [DEBUG  ]  File ignored by hicexplorer because it exceeded search pattern filesize limit: POC_R120_C3_SJ.out.tab
[2026-05-25 13:25:34,523] multiqc                                            [DEBUG  ]  File ignored by lima/summary because it exceeded search pattern filesize limit: POC_R120_C3_SJ.out.tab
[2026-05-25 13:25:34,526] multiqc                                            [DEBUG  ]  File ignored by longranger/invocation because it exceeded search pattern filesize limit: POC_R120_C3_SJ.out.tab
[2026-05-25 13:25:34,547] multiqc                                            [DEBUG  ]  File ignored by nanostat because it exceeded search pattern filesize limit: POC_R120_C3_SJ.out.tab
[2026-05-25 13:25:34,557] multiqc                                            [DEBUG  ]  File ignored by ccs/v4 because it exceeded search pattern filesize limit: POC_R12_H1_Log.out
[2026-05-25 13:25:34,560] multiqc                                            [DEBUG  ]  File ignored by hicexplorer because it exceeded search pattern filesize limit: POC_R12_H1_Log.out
[2026-05-25 13:25:34,560] multiqc                                            [DEBUG  ]  File ignored by lima/summary because it exceeded search pattern filesize limit: POC_R12_H1_Log.out
[2026-05-25 13:25:34,564] multiqc                                            [DEBUG  ]  File ignored by vep/vep_txt because it exceeded search pattern filesize limit: POC_R12_H1_Log.out
[2026-05-25 13:25:34,564] multiqc                                            [DEBUG  ]  File ignored by longranger/invocation because it exceeded search pattern filesize limit: POC_R12_H1_Log.out
[2026-05-25 13:25:34,762] multiqc                                            [DEBUG  ]  File ignored by nanostat because it exceeded search pattern filesize limit: POC_R12_H1_Log.out
[2026-05-25 13:25:34,779] multiqc                                            [DEBUG  ]  File ignored by ccs/v4 because it exceeded search pattern filesize limit: POC_R12_C3_Log.progress.out
[2026-05-25 13:25:34,781] multiqc                                            [DEBUG  ]  File ignored by lima/summary because it exceeded search pattern filesize limit: POC_R12_C3_Log.progress.out
[2026-05-25 13:25:34,784] multiqc                                            [DEBUG  ]  File ignored by longranger/invocation because it exceeded search pattern filesize limit: POC_R12_C3_Log.progress.out
[2026-05-25 13:25:34,796] multiqc                                            [DEBUG  ]  File ignored by ccs/v4 because it exceeded search pattern filesize limit: POC_R72_C3_Log.progress.out
[2026-05-25 13:25:34,798] multiqc                                            [DEBUG  ]  File ignored by lima/summary because it exceeded search pattern filesize limit: POC_R72_C3_Log.progress.out
[2026-05-25 13:25:34,815] multiqc                                            [DEBUG  ]  File ignored by ccs/v4 because it exceeded search pattern filesize limit: POC_R24_C3_Log.out
[2026-05-25 13:25:34,817] multiqc                                            [DEBUG  ]  File ignored by hicexplorer because it exceeded search pattern filesize limit: POC_R24_C3_Log.out
[2026-05-25 13:25:34,817] multiqc                                            [DEBUG  ]  File ignored by lima/summary because it exceeded search pattern filesize limit: POC_R24_C3_Log.out
[2026-05-25 13:25:34,820] multiqc                                            [DEBUG  ]  File ignored by vep/vep_txt because it exceeded search pattern filesize limit: POC_R24_C3_Log.out
[2026-05-25 13:25:34,820] multiqc                                            [DEBUG  ]  File ignored by longranger/invocation because it exceeded search pattern filesize limit: POC_R24_C3_Log.out
[2026-05-25 13:25:35,015] multiqc                                            [DEBUG  ]  File ignored by nanostat because it exceeded search pattern filesize limit: POC_R24_C3_Log.out
[2026-05-25 13:25:35,031] multiqc                                            [DEBUG  ]  File ignored by ccs/v4 because it exceeded search pattern filesize limit: POC_R0_C1_Log.out
[2026-05-25 13:25:35,033] multiqc                                            [DEBUG  ]  File ignored by hicexplorer because it exceeded search pattern filesize limit: POC_R0_C1_Log.out
[2026-05-25 13:25:35,033] multiqc                                            [DEBUG  ]  File ignored by lima/summary because it exceeded search pattern filesize limit: POC_R0_C1_Log.out
[2026-05-25 13:25:35,036] multiqc                                            [DEBUG  ]  File ignored by vep/vep_txt because it exceeded search pattern filesize limit: POC_R0_C1_Log.out
[2026-05-25 13:25:35,036] multiqc                                            [DEBUG  ]  File ignored by longranger/invocation because it exceeded search pattern filesize limit: POC_R0_C1_Log.out
[2026-05-25 13:25:35,206] multiqc                                            [DEBUG  ]  File ignored by nanostat because it exceeded search pattern filesize limit: POC_R0_C1_Log.out
[2026-05-25 13:25:35,216] multiqc                                            [DEBUG  ]  Ignoring file as matched an ignore pattern: POC_R24_C1_Aligned.sortedByCoord.out.bam
[2026-05-25 13:25:35,221] multiqc                                            [DEBUG  ]  File ignored by ccs/v4 because it exceeded search pattern filesize limit: POC_R72_H3_Log.progress.out
[2026-05-25 13:25:35,222] multiqc                                            [DEBUG  ]  File ignored by lima/summary because it exceeded search pattern filesize limit: POC_R72_H3_Log.progress.out
[2026-05-25 13:25:35,231] multiqc                                            [DEBUG  ]  Ignoring file as matched an ignore pattern: POC_R24_H3_Aligned.sortedByCoord.out.bam
[2026-05-25 13:25:35,238] multiqc                                            [DEBUG  ]  File ignored by ccs/v4 because it exceeded search pattern filesize limit: POC_R3_C2_Log.out
[2026-05-25 13:25:35,240] multiqc                                            [DEBUG  ]  File ignored by hicexplorer because it exceeded search pattern filesize limit: POC_R3_C2_Log.out
[2026-05-25 13:25:35,240] multiqc                                            [DEBUG  ]  File ignored by lima/summary because it exceeded search pattern filesize limit: POC_R3_C2_Log.out
[2026-05-25 13:25:35,243] multiqc                                            [DEBUG  ]  File ignored by vep/vep_txt because it exceeded search pattern filesize limit: POC_R3_C2_Log.out
[2026-05-25 13:25:35,243] multiqc                                            [DEBUG  ]  File ignored by longranger/invocation because it exceeded search pattern filesize limit: POC_R3_C2_Log.out
[2026-05-25 13:25:35,413] multiqc                                            [DEBUG  ]  File ignored by nanostat because it exceeded search pattern filesize limit: POC_R3_C2_Log.out
[2026-05-25 13:25:35,427] multiqc                                            [DEBUG  ]  File ignored by ccs/v4 because it exceeded search pattern filesize limit: POC_R3_H2_SJ.out.tab
[2026-05-25 13:25:35,429] multiqc                                            [DEBUG  ]  File ignored by hicexplorer because it exceeded search pattern filesize limit: POC_R3_H2_SJ.out.tab
[2026-05-25 13:25:35,429] multiqc                                            [DEBUG  ]  File ignored by lima/summary because it exceeded search pattern filesize limit: POC_R3_H2_SJ.out.tab
[2026-05-25 13:25:35,432] multiqc                                            [DEBUG  ]  File ignored by longranger/invocation because it exceeded search pattern filesize limit: POC_R3_H2_SJ.out.tab
[2026-05-25 13:25:35,441] multiqc                                            [DEBUG  ]  File ignored by nanostat because it exceeded search pattern filesize limit: POC_R3_H2_SJ.out.tab
[2026-05-25 13:25:35,447] multiqc                                            [DEBUG  ]  File ignored by ccs/v4 because it exceeded search pattern filesize limit: POC_R12_C2_SJ.out.tab
[2026-05-25 13:25:35,449] multiqc                                            [DEBUG  ]  File ignored by hicexplorer because it exceeded search pattern filesize limit: POC_R12_C2_SJ.out.tab
[2026-05-25 13:25:35,449] multiqc                                            [DEBUG  ]  File ignored by lima/summary because it exceeded search pattern filesize limit: POC_R12_C2_SJ.out.tab
[2026-05-25 13:25:35,452] multiqc                                            [DEBUG  ]  File ignored by vep/vep_html because it exceeded search pattern filesize limit: POC_R12_C2_SJ.out.tab
[2026-05-25 13:25:35,452] multiqc                                            [DEBUG  ]  File ignored by vep/vep_txt because it exceeded search pattern filesize limit: POC_R12_C2_SJ.out.tab
[2026-05-25 13:25:35,452] multiqc                                            [DEBUG  ]  File ignored by longranger/invocation because it exceeded search pattern filesize limit: POC_R12_C2_SJ.out.tab
[2026-05-25 13:25:35,452] multiqc                                            [DEBUG  ]  File ignored by rockhopper because it exceeded search pattern filesize limit: POC_R12_C2_SJ.out.tab
[2026-05-25 13:25:35,452] multiqc                                            [DEBUG  ]  File ignored by rseqc/bam_stat because it exceeded search pattern filesize limit: POC_R12_C2_SJ.out.tab
[2026-05-25 13:25:35,453] multiqc                                            [DEBUG  ]  File ignored by rseqc/junction_annotation because it exceeded search pattern filesize limit: POC_R12_C2_SJ.out.tab
[2026-05-25 13:25:35,453] multiqc                                            [DEBUG  ]  File ignored by rseqc/read_distribution because it exceeded search pattern filesize limit: POC_R12_C2_SJ.out.tab
[2026-05-25 13:25:35,453] multiqc                                            [DEBUG  ]  File ignored by rseqc/infer_experiment because it exceeded search pattern filesize limit: POC_R12_C2_SJ.out.tab
[2026-05-25 13:25:35,467] multiqc                                            [DEBUG  ]  File ignored by stacks/sumstats because it exceeded search pattern filesize limit: POC_R12_C2_SJ.out.tab
[2026-05-25 13:25:35,970] multiqc                                            [DEBUG  ]  File ignored by nanostat because it exceeded search pattern filesize limit: POC_R12_C2_SJ.out.tab
[2026-05-25 13:25:36,005] multiqc                                            [DEBUG  ]  Ignoring file as matched an ignore pattern: POC_R3_H2_Aligned.sortedByCoord.out.bam
[2026-05-25 13:25:36,010] multiqc                                            [DEBUG  ]  File ignored by ccs/v4 because it exceeded search pattern filesize limit: POC_R72_H1_SJ.out.tab
[2026-05-25 13:25:36,012] multiqc                                            [DEBUG  ]  File ignored by hicexplorer because it exceeded search pattern filesize limit: POC_R72_H1_SJ.out.tab
[2026-05-25 13:25:36,012] multiqc                                            [DEBUG  ]  File ignored by lima/summary because it exceeded search pattern filesize limit: POC_R72_H1_SJ.out.tab
[2026-05-25 13:25:36,015] multiqc                                            [DEBUG  ]  File ignored by longranger/invocation because it exceeded search pattern filesize limit: POC_R72_H1_SJ.out.tab
[2026-05-25 13:25:36,024] multiqc                                            [DEBUG  ]  File ignored by nanostat because it exceeded search pattern filesize limit: POC_R72_H1_SJ.out.tab
[2026-05-25 13:25:36,032] multiqc                                            [DEBUG  ]  File ignored by ccs/v4 because it exceeded search pattern filesize limit: POC_R24_H1_Log.out
[2026-05-25 13:25:36,034] multiqc                                            [DEBUG  ]  File ignored by hicexplorer because it exceeded search pattern filesize limit: POC_R24_H1_Log.out
[2026-05-25 13:25:36,034] multiqc                                            [DEBUG  ]  File ignored by lima/summary because it exceeded search pattern filesize limit: POC_R24_H1_Log.out
[2026-05-25 13:25:36,037] multiqc                                            [DEBUG  ]  File ignored by vep/vep_txt because it exceeded search pattern filesize limit: POC_R24_H1_Log.out
[2026-05-25 13:25:36,037] multiqc                                            [DEBUG  ]  File ignored by longranger/invocation because it exceeded search pattern filesize limit: POC_R24_H1_Log.out
[2026-05-25 13:25:36,202] multiqc                                            [DEBUG  ]  File ignored by nanostat because it exceeded search pattern filesize limit: POC_R24_H1_Log.out
[2026-05-25 13:25:36,224] multiqc                                            [DEBUG  ]  File ignored by ccs/v4 because it exceeded search pattern filesize limit: POC_R0_H3_Log.out
[2026-05-25 13:25:36,226] multiqc                                            [DEBUG  ]  File ignored by hicexplorer because it exceeded search pattern filesize limit: POC_R0_H3_Log.out
[2026-05-25 13:25:36,226] multiqc                                            [DEBUG  ]  File ignored by lima/summary because it exceeded search pattern filesize limit: POC_R0_H3_Log.out
[2026-05-25 13:25:36,229] multiqc                                            [DEBUG  ]  File ignored by vep/vep_txt because it exceeded search pattern filesize limit: POC_R0_H3_Log.out
[2026-05-25 13:25:36,229] multiqc                                            [DEBUG  ]  File ignored by longranger/invocation because it exceeded search pattern filesize limit: POC_R0_H3_Log.out
[2026-05-25 13:25:36,414] multiqc                                            [DEBUG  ]  File ignored by nanostat because it exceeded search pattern filesize limit: POC_R0_H3_Log.out
[2026-05-25 13:25:36,436] multiqc                                            [DEBUG  ]  File ignored by ccs/v4 because it exceeded search pattern filesize limit: POC_R72_C2_Log.progress.out
[2026-05-25 13:25:36,437] multiqc                                            [DEBUG  ]  File ignored by lima/summary because it exceeded search pattern filesize limit: POC_R72_C2_Log.progress.out
[2026-05-25 13:25:36,451] multiqc                                            [DEBUG  ]  File ignored by ccs/v4 because it exceeded search pattern filesize limit: POC_R12_C1_Log.progress.out
[2026-05-25 13:25:36,452] multiqc                                            [DEBUG  ]  File ignored by lima/summary because it exceeded search pattern filesize limit: POC_R12_C1_Log.progress.out
[2026-05-25 13:25:36,467] multiqc                                            [DEBUG  ]  File ignored by ccs/v4 because it exceeded search pattern filesize limit: POC_R72_C3_SJ.out.tab
[2026-05-25 13:25:36,469] multiqc                                            [DEBUG  ]  File ignored by hicexplorer because it exceeded search pattern filesize limit: POC_R72_C3_SJ.out.tab
[2026-05-25 13:25:36,469] multiqc                                            [DEBUG  ]  File ignored by lima/summary because it exceeded search pattern filesize limit: POC_R72_C3_SJ.out.tab
[2026-05-25 13:25:36,472] multiqc                                            [DEBUG  ]  File ignored by longranger/invocation because it exceeded search pattern filesize limit: POC_R72_C3_SJ.out.tab
[2026-05-25 13:25:36,485] multiqc                                            [DEBUG  ]  File ignored by nanostat because it exceeded search pattern filesize limit: POC_R72_C3_SJ.out.tab
[2026-05-25 13:25:36,486] multiqc                                            [DEBUG  ]  Ignoring file as matched an ignore pattern: POC_R1_H1_Aligned.sortedByCoord.out.bam
[2026-05-25 13:25:36,487] multiqc                                            [DEBUG  ]  Ignoring file as matched an ignore pattern: POC_R1_C3_Aligned.sortedByCoord.out.bam
[2026-05-25 13:25:36,497] multiqc                                            [DEBUG  ]  File ignored by ccs/v4 because it exceeded search pattern filesize limit: POC_R12_H1_Log.progress.out
[2026-05-25 13:25:36,499] multiqc                                            [DEBUG  ]  File ignored by lima/summary because it exceeded search pattern filesize limit: POC_R12_H1_Log.progress.out
[2026-05-25 13:25:36,513] multiqc                                            [DEBUG  ]  File ignored by ccs/v4 because it exceeded search pattern filesize limit: POC_R72_H2_Log.progress.out
[2026-05-25 13:25:36,515] multiqc                                            [DEBUG  ]  File ignored by lima/summary because it exceeded search pattern filesize limit: POC_R72_H2_Log.progress.out
[2026-05-25 13:25:36,523] multiqc                                            [DEBUG  ]  Ignoring file as matched an ignore pattern: POC_R120_C2_Aligned.sortedByCoord.out.bam
[2026-05-25 13:25:36,529] multiqc                                            [DEBUG  ]  File ignored by ccs/v4 because it exceeded search pattern filesize limit: POC_R24_C2_Log.out
[2026-05-25 13:25:36,534] multiqc                                            [DEBUG  ]  File ignored by hicexplorer because it exceeded search pattern filesize limit: POC_R24_C2_Log.out
[2026-05-25 13:25:36,534] multiqc                                            [DEBUG  ]  File ignored by lima/summary because it exceeded search pattern filesize limit: POC_R24_C2_Log.out
[2026-05-25 13:25:36,537] multiqc                                            [DEBUG  ]  File ignored by vep/vep_txt because it exceeded search pattern filesize limit: POC_R24_C2_Log.out
[2026-05-25 13:25:36,537] multiqc                                            [DEBUG  ]  File ignored by longranger/invocation because it exceeded search pattern filesize limit: POC_R24_C2_Log.out
[2026-05-25 13:25:36,711] multiqc                                            [DEBUG  ]  File ignored by nanostat because it exceeded search pattern filesize limit: POC_R24_C2_Log.out
[2026-05-25 13:25:36,727] multiqc                                            [DEBUG  ]  File ignored by ccs/v4 because it exceeded search pattern filesize limit: POC_R0_H3_SJ.out.tab
[2026-05-25 13:25:36,728] multiqc                                            [DEBUG  ]  File ignored by hicexplorer because it exceeded search pattern filesize limit: POC_R0_H3_SJ.out.tab
[2026-05-25 13:25:36,728] multiqc                                            [DEBUG  ]  File ignored by lima/summary because it exceeded search pattern filesize limit: POC_R0_H3_SJ.out.tab
[2026-05-25 13:25:36,731] multiqc                                            [DEBUG  ]  File ignored by longranger/invocation because it exceeded search pattern filesize limit: POC_R0_H3_SJ.out.tab
[2026-05-25 13:25:36,740] multiqc                                            [DEBUG  ]  File ignored by nanostat because it exceeded search pattern filesize limit: POC_R0_H3_SJ.out.tab
[2026-05-25 13:25:36,753] multiqc                                            [DEBUG  ]  File ignored by ccs/v4 because it exceeded search pattern filesize limit: POC_R120_H3_SJ.out.tab
[2026-05-25 13:25:36,755] multiqc                                            [DEBUG  ]  File ignored by hicexplorer because it exceeded search pattern filesize limit: POC_R120_H3_SJ.out.tab
[2026-05-25 13:25:36,755] multiqc                                            [DEBUG  ]  File ignored by lima/summary because it exceeded search pattern filesize limit: POC_R120_H3_SJ.out.tab
[2026-05-25 13:25:36,759] multiqc                                            [DEBUG  ]  File ignored by longranger/invocation because it exceeded search pattern filesize limit: POC_R120_H3_SJ.out.tab
[2026-05-25 13:25:36,770] multiqc                                            [DEBUG  ]  File ignored by nanostat because it exceeded search pattern filesize limit: POC_R120_H3_SJ.out.tab
[2026-05-25 13:25:36,771] multiqc                                            [DEBUG  ]  Ignoring file as matched an ignore pattern: POC_R12_C3_Aligned.sortedByCoord.out.bam
[2026-05-25 13:25:36,773] multiqc                                            [DEBUG  ]  Ignoring file as matched an ignore pattern: POC_R12_H1_Aligned.sortedByCoord.out.bam
[2026-05-25 13:25:36,779] multiqc                                            [DEBUG  ]  File ignored by ccs/v4 because it exceeded search pattern filesize limit: POC_R1_H3_Log.progress.out
[2026-05-25 13:25:36,780] multiqc                                            [DEBUG  ]  File ignored by lima/summary because it exceeded search pattern filesize limit: POC_R1_H3_Log.progress.out
[2026-05-25 13:25:36,795] multiqc                                            [DEBUG  ]  File ignored by ccs/v4 because it exceeded search pattern filesize limit: POC_R3_C3_Log.out
[2026-05-25 13:25:36,797] multiqc                                            [DEBUG  ]  File ignored by hicexplorer because it exceeded search pattern filesize limit: POC_R3_C3_Log.out
[2026-05-25 13:25:36,797] multiqc                                            [DEBUG  ]  File ignored by lima/summary because it exceeded search pattern filesize limit: POC_R3_C3_Log.out
[2026-05-25 13:25:36,800] multiqc                                            [DEBUG  ]  File ignored by vep/vep_txt because it exceeded search pattern filesize limit: POC_R3_C3_Log.out
[2026-05-25 13:25:36,800] multiqc                                            [DEBUG  ]  File ignored by longranger/invocation because it exceeded search pattern filesize limit: POC_R3_C3_Log.out
[2026-05-25 13:25:36,997] multiqc                                            [DEBUG  ]  File ignored by nanostat because it exceeded search pattern filesize limit: POC_R3_C3_Log.out
[2026-05-25 13:25:37,014] multiqc                                            [DEBUG  ]  File ignored by ccs/v4 because it exceeded search pattern filesize limit: POC_R1_C3_Log.progress.out
[2026-05-25 13:25:37,016] multiqc                                            [DEBUG  ]  File ignored by lima/summary because it exceeded search pattern filesize limit: POC_R1_C3_Log.progress.out
[2026-05-25 13:25:37,029] multiqc                                            [DEBUG  ]  Ignoring file as matched an ignore pattern: POC_R0_H1_Aligned.sortedByCoord.out.bam
[2026-05-25 13:25:37,034] multiqc                                            [DEBUG  ]  File ignored by ccs/v4 because it exceeded search pattern filesize limit: POC_R24_C1_Log.progress.out
[2026-05-25 13:25:37,036] multiqc                                            [DEBUG  ]  File ignored by lima/summary because it exceeded search pattern filesize limit: POC_R24_C1_Log.progress.out
[2026-05-25 13:25:37,055] multiqc                                            [DEBUG  ]  File ignored by ccs/v4 because it exceeded search pattern filesize limit: POC_R1_H2_Log.progress.out
[2026-05-25 13:25:37,057] multiqc                                            [DEBUG  ]  File ignored by lima/summary because it exceeded search pattern filesize limit: POC_R1_H2_Log.progress.out
[2026-05-25 13:25:37,067] multiqc                                            [DEBUG  ]  Ignoring file as matched an ignore pattern: POC_R0_C3_Aligned.sortedByCoord.out.bam
[2026-05-25 13:25:37,069] multiqc                                            [DEBUG  ]  Ignoring file as matched an ignore pattern: POC_R72_H1_Aligned.sortedByCoord.out.bam
[2026-05-25 13:25:37,081] multiqc                                            [DEBUG  ]  File ignored by ccs/v4 because it exceeded search pattern filesize limit: POC_R0_H2_Log.out
[2026-05-25 13:25:37,084] multiqc                                            [DEBUG  ]  File ignored by hicexplorer because it exceeded search pattern filesize limit: POC_R0_H2_Log.out
[2026-05-25 13:25:37,084] multiqc                                            [DEBUG  ]  File ignored by lima/summary because it exceeded search pattern filesize limit: POC_R0_H2_Log.out
[2026-05-25 13:25:37,087] multiqc                                            [DEBUG  ]  File ignored by vep/vep_txt because it exceeded search pattern filesize limit: POC_R0_H2_Log.out
[2026-05-25 13:25:37,088] multiqc                                            [DEBUG  ]  File ignored by longranger/invocation because it exceeded search pattern filesize limit: POC_R0_H2_Log.out
[2026-05-25 13:25:37,260] multiqc                                            [DEBUG  ]  File ignored by nanostat because it exceeded search pattern filesize limit: POC_R0_H2_Log.out
[2026-05-25 13:25:37,269] multiqc                                            [DEBUG  ]  Ignoring file as matched an ignore pattern: POC_R72_C3_Aligned.sortedByCoord.out.bam
[2026-05-25 13:25:37,276] multiqc                                            [DEBUG  ]  File ignored by ccs/v4 because it exceeded search pattern filesize limit: POC_R1_C2_Log.progress.out
[2026-05-25 13:25:37,278] multiqc                                            [DEBUG  ]  File ignored by lima/summary because it exceeded search pattern filesize limit: POC_R1_C2_Log.progress.out
[2026-05-25 13:25:37,299] multiqc                                            [DEBUG  ]  File ignored by ccs/v4 because it exceeded search pattern filesize limit: POC_R0_C1_SJ.out.tab
[2026-05-25 13:25:37,301] multiqc                                            [DEBUG  ]  File ignored by hicexplorer because it exceeded search pattern filesize limit: POC_R0_C1_SJ.out.tab
[2026-05-25 13:25:37,301] multiqc                                            [DEBUG  ]  File ignored by lima/summary because it exceeded search pattern filesize limit: POC_R0_C1_SJ.out.tab
[2026-05-25 13:25:37,305] multiqc                                            [DEBUG  ]  File ignored by longranger/invocation because it exceeded search pattern filesize limit: POC_R0_C1_SJ.out.tab
[2026-05-25 13:25:37,313] multiqc                                            [DEBUG  ]  File ignored by nanostat because it exceeded search pattern filesize limit: POC_R0_C1_SJ.out.tab
[2026-05-25 13:25:37,320] multiqc                                            [DEBUG  ]  File ignored by ccs/v4 because it exceeded search pattern filesize limit: POC_R24_H1_Log.progress.out
[2026-05-25 13:25:37,322] multiqc                                            [DEBUG  ]  File ignored by lima/summary because it exceeded search pattern filesize limit: POC_R24_H1_Log.progress.out
[2026-05-25 13:25:37,337] multiqc                                            [DEBUG  ]  File ignored by ccs/v4 because it exceeded search pattern filesize limit: POC_R24_H2_SJ.out.tab
[2026-05-25 13:25:37,339] multiqc                                            [DEBUG  ]  File ignored by hicexplorer because it exceeded search pattern filesize limit: POC_R24_H2_SJ.out.tab
[2026-05-25 13:25:37,339] multiqc                                            [DEBUG  ]  File ignored by lima/summary because it exceeded search pattern filesize limit: POC_R24_H2_SJ.out.tab
[2026-05-25 13:25:37,342] multiqc                                            [DEBUG  ]  File ignored by longranger/invocation because it exceeded search pattern filesize limit: POC_R24_H2_SJ.out.tab
[2026-05-25 13:25:37,355] multiqc                                            [DEBUG  ]  File ignored by nanostat because it exceeded search pattern filesize limit: POC_R24_H2_SJ.out.tab
[2026-05-25 13:25:37,362] multiqc                                            [DEBUG  ]  File ignored by ccs/v4 because it exceeded search pattern filesize limit: POC_R120_C1_SJ.out.tab
[2026-05-25 13:25:37,363] multiqc                                            [DEBUG  ]  File ignored by hicexplorer because it exceeded search pattern filesize limit: POC_R120_C1_SJ.out.tab
[2026-05-25 13:25:37,364] multiqc                                            [DEBUG  ]  File ignored by lima/summary because it exceeded search pattern filesize limit: POC_R120_C1_SJ.out.tab
[2026-05-25 13:25:37,367] multiqc                                            [DEBUG  ]  File ignored by longranger/invocation because it exceeded search pattern filesize limit: POC_R120_C1_SJ.out.tab
[2026-05-25 13:25:37,381] multiqc                                            [DEBUG  ]  File ignored by nanostat because it exceeded search pattern filesize limit: POC_R120_C1_SJ.out.tab
[2026-05-25 13:25:37,389] multiqc                                            [DEBUG  ]  File ignored by ccs/v4 because it exceeded search pattern filesize limit: POC_R3_H1_Log.out
[2026-05-25 13:25:37,397] multiqc                                            [DEBUG  ]  File ignored by hicexplorer because it exceeded search pattern filesize limit: POC_R3_H1_Log.out
[2026-05-25 13:25:37,397] multiqc                                            [DEBUG  ]  File ignored by lima/summary because it exceeded search pattern filesize limit: POC_R3_H1_Log.out
[2026-05-25 13:25:37,400] multiqc                                            [DEBUG  ]  File ignored by vep/vep_txt because it exceeded search pattern filesize limit: POC_R3_H1_Log.out
[2026-05-25 13:25:37,400] multiqc                                            [DEBUG  ]  File ignored by longranger/invocation because it exceeded search pattern filesize limit: POC_R3_H1_Log.out
[2026-05-25 13:25:37,584] multiqc                                            [DEBUG  ]  File ignored by nanostat because it exceeded search pattern filesize limit: POC_R3_H1_Log.out
[2026-05-25 13:25:37,600] multiqc                                            [DEBUG  ]  File ignored by ccs/v4 because it exceeded search pattern filesize limit: POC_R1_H2_SJ.out.tab
[2026-05-25 13:25:37,601] multiqc                                            [DEBUG  ]  File ignored by hicexplorer because it exceeded search pattern filesize limit: POC_R1_H2_SJ.out.tab
[2026-05-25 13:25:37,602] multiqc                                            [DEBUG  ]  File ignored by lima/summary because it exceeded search pattern filesize limit: POC_R1_H2_SJ.out.tab
[2026-05-25 13:25:37,610] multiqc                                            [DEBUG  ]  File ignored by longranger/invocation because it exceeded search pattern filesize limit: POC_R1_H2_SJ.out.tab
[2026-05-25 13:25:37,620] multiqc                                            [DEBUG  ]  File ignored by nanostat because it exceeded search pattern filesize limit: POC_R1_H2_SJ.out.tab
[2026-05-25 13:25:37,628] multiqc                                            [DEBUG  ]  File ignored by ccs/v4 because it exceeded search pattern filesize limit: POC_R72_H1_Log.out
[2026-05-25 13:25:37,630] multiqc                                            [DEBUG  ]  File ignored by hicexplorer because it exceeded search pattern filesize limit: POC_R72_H1_Log.out
[2026-05-25 13:25:37,630] multiqc                                            [DEBUG  ]  File ignored by lima/summary because it exceeded search pattern filesize limit: POC_R72_H1_Log.out
[2026-05-25 13:25:37,633] multiqc                                            [DEBUG  ]  File ignored by vep/vep_txt because it exceeded search pattern filesize limit: POC_R72_H1_Log.out
[2026-05-25 13:25:37,633] multiqc                                            [DEBUG  ]  File ignored by longranger/invocation because it exceeded search pattern filesize limit: POC_R72_H1_Log.out
[2026-05-25 13:25:37,807] multiqc                                            [DEBUG  ]  File ignored by nanostat because it exceeded search pattern filesize limit: POC_R72_H1_Log.out
[2026-05-25 13:25:37,829] multiqc                                            [DEBUG  ]  File ignored by ccs/v4 because it exceeded search pattern filesize limit: POC_R24_H2_Log.progress.out
[2026-05-25 13:25:37,831] multiqc                                            [DEBUG  ]  File ignored by lima/summary because it exceeded search pattern filesize limit: POC_R24_H2_Log.progress.out
[2026-05-25 13:25:37,846] multiqc                                            [DEBUG  ]  File ignored by ccs/v4 because it exceeded search pattern filesize limit: POC_R72_H3_SJ.out.tab
[2026-05-25 13:25:37,847] multiqc                                            [DEBUG  ]  File ignored by hicexplorer because it exceeded search pattern filesize limit: POC_R72_H3_SJ.out.tab
[2026-05-25 13:25:37,848] multiqc                                            [DEBUG  ]  File ignored by lima/summary because it exceeded search pattern filesize limit: POC_R72_H3_SJ.out.tab
[2026-05-25 13:25:37,851] multiqc                                            [DEBUG  ]  File ignored by longranger/invocation because it exceeded search pattern filesize limit: POC_R72_H3_SJ.out.tab
[2026-05-25 13:25:37,859] multiqc                                            [DEBUG  ]  File ignored by nanostat because it exceeded search pattern filesize limit: POC_R72_H3_SJ.out.tab
[2026-05-25 13:25:37,867] multiqc                                            [DEBUG  ]  File ignored by ccs/v4 because it exceeded search pattern filesize limit: POC_R1_C2_Log.out
[2026-05-25 13:25:37,869] multiqc                                            [DEBUG  ]  File ignored by hicexplorer because it exceeded search pattern filesize limit: POC_R1_C2_Log.out
[2026-05-25 13:25:37,869] multiqc                                            [DEBUG  ]  File ignored by lima/summary because it exceeded search pattern filesize limit: POC_R1_C2_Log.out
[2026-05-25 13:25:37,872] multiqc                                            [DEBUG  ]  File ignored by vep/vep_txt because it exceeded search pattern filesize limit: POC_R1_C2_Log.out
[2026-05-25 13:25:37,872] multiqc                                            [DEBUG  ]  File ignored by longranger/invocation because it exceeded search pattern filesize limit: POC_R1_C2_Log.out
[2026-05-25 13:25:38,048] multiqc                                            [DEBUG  ]  File ignored by nanostat because it exceeded search pattern filesize limit: POC_R1_C2_Log.out
[2026-05-25 13:25:38,061] multiqc                                            [DEBUG  ]  File ignored by ccs/v4 because it exceeded search pattern filesize limit: POC_R1_C1_Log.progress.out
[2026-05-25 13:25:38,063] multiqc                                            [DEBUG  ]  File ignored by lima/summary because it exceeded search pattern filesize limit: POC_R1_C1_Log.progress.out
[2026-05-25 13:25:38,072] multiqc                                            [DEBUG  ]  Ignoring file as matched an ignore pattern: POC_R24_H2_Aligned.sortedByCoord.out.bam
[2026-05-25 13:25:38,080] multiqc                                            [DEBUG  ]  File ignored by ccs/v4 because it exceeded search pattern filesize limit: POC_R120_H3_Log.out
[2026-05-25 13:25:38,082] multiqc                                            [DEBUG  ]  File ignored by hicexplorer because it exceeded search pattern filesize limit: POC_R120_H3_Log.out
[2026-05-25 13:25:38,082] multiqc                                            [DEBUG  ]  File ignored by lima/summary because it exceeded search pattern filesize limit: POC_R120_H3_Log.out
[2026-05-25 13:25:38,085] multiqc                                            [DEBUG  ]  File ignored by vep/vep_txt because it exceeded search pattern filesize limit: POC_R120_H3_Log.out
[2026-05-25 13:25:38,086] multiqc                                            [DEBUG  ]  File ignored by longranger/invocation because it exceeded search pattern filesize limit: POC_R120_H3_Log.out
[2026-05-25 13:25:38,286] multiqc                                            [DEBUG  ]  File ignored by nanostat because it exceeded search pattern filesize limit: POC_R120_H3_Log.out
[2026-05-25 13:25:38,304] multiqc                                            [DEBUG  ]  File ignored by ccs/v4 because it exceeded search pattern filesize limit: POC_R12_C2_Log.out
[2026-05-25 13:25:38,306] multiqc                                            [DEBUG  ]  File ignored by hicexplorer because it exceeded search pattern filesize limit: POC_R12_C2_Log.out
[2026-05-25 13:25:38,306] multiqc                                            [DEBUG  ]  File ignored by lima/summary because it exceeded search pattern filesize limit: POC_R12_C2_Log.out
[2026-05-25 13:25:38,309] multiqc                                            [DEBUG  ]  File ignored by vep/vep_txt because it exceeded search pattern filesize limit: POC_R12_C2_Log.out
[2026-05-25 13:25:38,309] multiqc                                            [DEBUG  ]  File ignored by longranger/invocation because it exceeded search pattern filesize limit: POC_R12_C2_Log.out
[2026-05-25 13:25:38,487] multiqc                                            [DEBUG  ]  File ignored by nanostat because it exceeded search pattern filesize limit: POC_R12_C2_Log.out
[2026-05-25 13:25:38,500] multiqc                                            [DEBUG  ]  File ignored by ccs/v4 because it exceeded search pattern filesize limit: POC_R1_H1_Log.progress.out
[2026-05-25 13:25:38,502] multiqc                                            [DEBUG  ]  File ignored by lima/summary because it exceeded search pattern filesize limit: POC_R1_H1_Log.progress.out
[2026-05-25 13:25:38,505] multiqc                                            [DEBUG  ]  File ignored by longranger/invocation because it exceeded search pattern filesize limit: POC_R1_H1_Log.progress.out
[2026-05-25 13:25:38,511] multiqc                                            [DEBUG  ]  Ignoring file as matched an ignore pattern: POC_R3_C1_Aligned.sortedByCoord.out.bam
[2026-05-25 13:25:38,511] multiqc                                            [DEBUG  ]  Ignoring file as matched an ignore pattern: POC_R3_H3_Aligned.sortedByCoord.out.bam
[2026-05-25 13:25:38,518] multiqc                                            [DEBUG  ]  File ignored by ccs/v4 because it exceeded search pattern filesize limit: POC_R24_C2_Log.progress.out
[2026-05-25 13:25:38,519] multiqc                                            [DEBUG  ]  File ignored by lima/summary because it exceeded search pattern filesize limit: POC_R24_C2_Log.progress.out
[2026-05-25 13:25:38,535] multiqc                                            [DEBUG  ]  File ignored by ccs/v4 because it exceeded search pattern filesize limit: POC_R24_H3_Log.progress.out
[2026-05-25 13:25:38,537] multiqc                                            [DEBUG  ]  File ignored by lima/summary because it exceeded search pattern filesize limit: POC_R24_H3_Log.progress.out
[2026-05-25 13:25:38,553] multiqc                                            [DEBUG  ]  File ignored by ccs/v4 because it exceeded search pattern filesize limit: POC_R72_C3_Log.out
[2026-05-25 13:25:38,555] multiqc                                            [DEBUG  ]  File ignored by hicexplorer because it exceeded search pattern filesize limit: POC_R72_C3_Log.out
[2026-05-25 13:25:38,555] multiqc                                            [DEBUG  ]  File ignored by lima/summary because it exceeded search pattern filesize limit: POC_R72_C3_Log.out
[2026-05-25 13:25:38,558] multiqc                                            [DEBUG  ]  File ignored by vep/vep_txt because it exceeded search pattern filesize limit: POC_R72_C3_Log.out
[2026-05-25 13:25:38,559] multiqc                                            [DEBUG  ]  File ignored by longranger/invocation because it exceeded search pattern filesize limit: POC_R72_C3_Log.out
[2026-05-25 13:25:38,752] multiqc                                            [DEBUG  ]  File ignored by nanostat because it exceeded search pattern filesize limit: POC_R72_C3_Log.out
[2026-05-25 13:25:38,764] multiqc                                            [DEBUG  ]  Ignoring file as matched an ignore pattern: POC_R1_C2_Aligned.sortedByCoord.out.bam
[2026-05-25 13:25:38,771] multiqc                                            [DEBUG  ]  File ignored by ccs/v4 because it exceeded search pattern filesize limit: POC_R24_C3_Log.progress.out
[2026-05-25 13:25:38,773] multiqc                                            [DEBUG  ]  File ignored by lima/summary because it exceeded search pattern filesize limit: POC_R24_C3_Log.progress.out
[2026-05-25 13:25:38,784] multiqc                                            [DEBUG  ]  Ignoring file as matched an ignore pattern: POC_R120_C3_Aligned.sortedByCoord.out.bam
[2026-05-25 13:25:38,790] multiqc                                            [DEBUG  ]  File ignored by ccs/v4 because it exceeded search pattern filesize limit: POC_R72_C1_SJ.out.tab
[2026-05-25 13:25:38,792] multiqc                                            [DEBUG  ]  File ignored by hicexplorer because it exceeded search pattern filesize limit: POC_R72_C1_SJ.out.tab
[2026-05-25 13:25:38,792] multiqc                                            [DEBUG  ]  File ignored by lima/summary because it exceeded search pattern filesize limit: POC_R72_C1_SJ.out.tab
[2026-05-25 13:25:38,799] multiqc                                            [DEBUG  ]  File ignored by longranger/invocation because it exceeded search pattern filesize limit: POC_R72_C1_SJ.out.tab
[2026-05-25 13:25:38,809] multiqc                                            [DEBUG  ]  File ignored by nanostat because it exceeded search pattern filesize limit: POC_R72_C1_SJ.out.tab
[2026-05-25 13:25:38,818] multiqc                                            [DEBUG  ]  File ignored by ccs/v4 because it exceeded search pattern filesize limit: POC_R3_C2_SJ.out.tab
[2026-05-25 13:25:38,819] multiqc                                            [DEBUG  ]  File ignored by hicexplorer because it exceeded search pattern filesize limit: POC_R3_C2_SJ.out.tab
[2026-05-25 13:25:38,820] multiqc                                            [DEBUG  ]  File ignored by lima/summary because it exceeded search pattern filesize limit: POC_R3_C2_SJ.out.tab
[2026-05-25 13:25:38,823] multiqc                                            [DEBUG  ]  File ignored by longranger/invocation because it exceeded search pattern filesize limit: POC_R3_C2_SJ.out.tab
[2026-05-25 13:25:38,833] multiqc                                            [DEBUG  ]  File ignored by nanostat because it exceeded search pattern filesize limit: POC_R3_C2_SJ.out.tab
[2026-05-25 13:25:38,841] multiqc                                            [DEBUG  ]  File ignored by ccs/v4 because it exceeded search pattern filesize limit: POC_R120_C1_Log.out
[2026-05-25 13:25:38,843] multiqc                                            [DEBUG  ]  File ignored by hicexplorer because it exceeded search pattern filesize limit: POC_R120_C1_Log.out
[2026-05-25 13:25:38,843] multiqc                                            [DEBUG  ]  File ignored by lima/summary because it exceeded search pattern filesize limit: POC_R120_C1_Log.out
[2026-05-25 13:25:38,847] multiqc                                            [DEBUG  ]  File ignored by vep/vep_txt because it exceeded search pattern filesize limit: POC_R120_C1_Log.out
[2026-05-25 13:25:38,847] multiqc                                            [DEBUG  ]  File ignored by longranger/invocation because it exceeded search pattern filesize limit: POC_R120_C1_Log.out
[2026-05-25 13:25:39,046] multiqc                                            [DEBUG  ]  File ignored by nanostat because it exceeded search pattern filesize limit: POC_R120_C1_Log.out
[2026-05-25 13:25:39,057] multiqc                                            [DEBUG  ]  Ignoring file as matched an ignore pattern: POC_R120_H1_Aligned.sortedByCoord.out.bam
[2026-05-25 13:25:39,063] multiqc                                            [DEBUG  ]  File ignored by ccs/v4 because it exceeded search pattern filesize limit: POC_R12_H2_SJ.out.tab
[2026-05-25 13:25:39,065] multiqc                                            [DEBUG  ]  File ignored by hicexplorer because it exceeded search pattern filesize limit: POC_R12_H2_SJ.out.tab
[2026-05-25 13:25:39,065] multiqc                                            [DEBUG  ]  File ignored by lima/summary because it exceeded search pattern filesize limit: POC_R12_H2_SJ.out.tab
[2026-05-25 13:25:39,068] multiqc                                            [DEBUG  ]  File ignored by longranger/invocation because it exceeded search pattern filesize limit: POC_R12_H2_SJ.out.tab
[2026-05-25 13:25:39,080] multiqc                                            [DEBUG  ]  File ignored by nanostat because it exceeded search pattern filesize limit: POC_R12_H2_SJ.out.tab
[2026-05-25 13:25:39,090] multiqc                                            [DEBUG  ]  File ignored by ccs/v4 because it exceeded search pattern filesize limit: POC_R3_C1_Log.out
[2026-05-25 13:25:39,092] multiqc                                            [DEBUG  ]  File ignored by hicexplorer because it exceeded search pattern filesize limit: POC_R3_C1_Log.out
[2026-05-25 13:25:39,092] multiqc                                            [DEBUG  ]  File ignored by lima/summary because it exceeded search pattern filesize limit: POC_R3_C1_Log.out
[2026-05-25 13:25:39,095] multiqc                                            [DEBUG  ]  File ignored by vep/vep_txt because it exceeded search pattern filesize limit: POC_R3_C1_Log.out
[2026-05-25 13:25:39,095] multiqc                                            [DEBUG  ]  File ignored by longranger/invocation because it exceeded search pattern filesize limit: POC_R3_C1_Log.out
[2026-05-25 13:25:39,270] multiqc                                            [DEBUG  ]  File ignored by nanostat because it exceeded search pattern filesize limit: POC_R3_C1_Log.out
[2026-05-25 13:25:39,279] multiqc                                            [DEBUG  ]  Ignoring file as matched an ignore pattern: POC_R12_H2_Aligned.sortedByCoord.out.bam
[2026-05-25 13:25:39,287] multiqc                                            [DEBUG  ]  File ignored by ccs/v4 because it exceeded search pattern filesize limit: POC_R3_C1_Log.progress.out
[2026-05-25 13:25:39,288] multiqc                                            [DEBUG  ]  File ignored by lima/summary because it exceeded search pattern filesize limit: POC_R3_C1_Log.progress.out
[2026-05-25 13:25:39,305] multiqc                                            [DEBUG  ]  File ignored by ccs/v4 because it exceeded search pattern filesize limit: POC_R72_H2_SJ.out.tab
[2026-05-25 13:25:39,307] multiqc                                            [DEBUG  ]  File ignored by hicexplorer because it exceeded search pattern filesize limit: POC_R72_H2_SJ.out.tab
[2026-05-25 13:25:39,307] multiqc                                            [DEBUG  ]  File ignored by lima/summary because it exceeded search pattern filesize limit: POC_R72_H2_SJ.out.tab
[2026-05-25 13:25:39,310] multiqc                                            [DEBUG  ]  File ignored by longranger/invocation because it exceeded search pattern filesize limit: POC_R72_H2_SJ.out.tab
[2026-05-25 13:25:39,322] multiqc                                            [DEBUG  ]  File ignored by nanostat because it exceeded search pattern filesize limit: POC_R72_H2_SJ.out.tab
[2026-05-25 13:25:39,334] multiqc                                            [DEBUG  ]  File ignored by ccs/v4 because it exceeded search pattern filesize limit: POC_R3_H1_SJ.out.tab
[2026-05-25 13:25:39,335] multiqc                                            [DEBUG  ]  File ignored by hicexplorer because it exceeded search pattern filesize limit: POC_R3_H1_SJ.out.tab
[2026-05-25 13:25:39,336] multiqc                                            [DEBUG  ]  File ignored by lima/summary because it exceeded search pattern filesize limit: POC_R3_H1_SJ.out.tab
[2026-05-25 13:25:39,339] multiqc                                            [DEBUG  ]  File ignored by longranger/invocation because it exceeded search pattern filesize limit: POC_R3_H1_SJ.out.tab
[2026-05-25 13:25:39,349] multiqc                                            [DEBUG  ]  File ignored by nanostat because it exceeded search pattern filesize limit: POC_R3_H1_SJ.out.tab
[2026-05-25 13:25:39,357] multiqc                                            [DEBUG  ]  File ignored by ccs/v4 because it exceeded search pattern filesize limit: POC_R0_C2_Log.out
[2026-05-25 13:25:39,359] multiqc                                            [DEBUG  ]  File ignored by hicexplorer because it exceeded search pattern filesize limit: POC_R0_C2_Log.out
[2026-05-25 13:25:39,359] multiqc                                            [DEBUG  ]  File ignored by lima/summary because it exceeded search pattern filesize limit: POC_R0_C2_Log.out
[2026-05-25 13:25:39,362] multiqc                                            [DEBUG  ]  File ignored by vep/vep_txt because it exceeded search pattern filesize limit: POC_R0_C2_Log.out
[2026-05-25 13:25:39,362] multiqc                                            [DEBUG  ]  File ignored by longranger/invocation because it exceeded search pattern filesize limit: POC_R0_C2_Log.out
[2026-05-25 13:25:39,557] multiqc                                            [DEBUG  ]  File ignored by nanostat because it exceeded search pattern filesize limit: POC_R0_C2_Log.out
[2026-05-25 13:25:39,572] multiqc                                            [DEBUG  ]  File ignored by ccs/v4 because it exceeded search pattern filesize limit: POC_R12_C1_SJ.out.tab
[2026-05-25 13:25:39,574] multiqc                                            [DEBUG  ]  File ignored by hicexplorer because it exceeded search pattern filesize limit: POC_R12_C1_SJ.out.tab
[2026-05-25 13:25:39,574] multiqc                                            [DEBUG  ]  File ignored by lima/summary because it exceeded search pattern filesize limit: POC_R12_C1_SJ.out.tab
[2026-05-25 13:25:39,578] multiqc                                            [DEBUG  ]  File ignored by longranger/invocation because it exceeded search pattern filesize limit: POC_R12_C1_SJ.out.tab
[2026-05-25 13:25:39,599] multiqc                                            [DEBUG  ]  File ignored by nanostat because it exceeded search pattern filesize limit: POC_R12_C1_SJ.out.tab
[2026-05-25 13:25:39,605] multiqc                                            [DEBUG  ]  File ignored by ccs/v4 because it exceeded search pattern filesize limit: POC_R3_H1_Log.progress.out
[2026-05-25 13:25:39,607] multiqc                                            [DEBUG  ]  File ignored by lima/summary because it exceeded search pattern filesize limit: POC_R3_H1_Log.progress.out
[2026-05-25 13:25:39,619] multiqc                                            [DEBUG  ]  Ignoring file as matched an ignore pattern: POC_R72_H2_Aligned.sortedByCoord.out.bam
[2026-05-25 13:25:39,626] multiqc                                            [DEBUG  ]  File ignored by ccs/v4 because it exceeded search pattern filesize limit: POC_R3_C3_SJ.out.tab
[2026-05-25 13:25:39,627] multiqc                                            [DEBUG  ]  File ignored by hicexplorer because it exceeded search pattern filesize limit: POC_R3_C3_SJ.out.tab
[2026-05-25 13:25:39,628] multiqc                                            [DEBUG  ]  File ignored by lima/summary because it exceeded search pattern filesize limit: POC_R3_C3_SJ.out.tab
[2026-05-25 13:25:39,631] multiqc                                            [DEBUG  ]  File ignored by longranger/invocation because it exceeded search pattern filesize limit: POC_R3_C3_SJ.out.tab
[2026-05-25 13:25:39,639] multiqc                                            [DEBUG  ]  File ignored by nanostat because it exceeded search pattern filesize limit: POC_R3_C3_SJ.out.tab
[2026-05-25 13:25:39,646] multiqc                                            [DEBUG  ]  File ignored by ccs/v4 because it exceeded search pattern filesize limit: POC_R12_H3_SJ.out.tab
[2026-05-25 13:25:39,647] multiqc                                            [DEBUG  ]  File ignored by hicexplorer because it exceeded search pattern filesize limit: POC_R12_H3_SJ.out.tab
[2026-05-25 13:25:39,647] multiqc                                            [DEBUG  ]  File ignored by lima/summary because it exceeded search pattern filesize limit: POC_R12_H3_SJ.out.tab
[2026-05-25 13:25:39,651] multiqc                                            [DEBUG  ]  File ignored by longranger/invocation because it exceeded search pattern filesize limit: POC_R12_H3_SJ.out.tab
[2026-05-25 13:25:39,665] multiqc                                            [DEBUG  ]  File ignored by nanostat because it exceeded search pattern filesize limit: POC_R12_H3_SJ.out.tab
[2026-05-25 13:25:39,673] multiqc                                            [DEBUG  ]  File ignored by ccs/v4 because it exceeded search pattern filesize limit: POC_R3_H3_Log.out
[2026-05-25 13:25:39,675] multiqc                                            [DEBUG  ]  File ignored by hicexplorer because it exceeded search pattern filesize limit: POC_R3_H3_Log.out
[2026-05-25 13:25:39,675] multiqc                                            [DEBUG  ]  File ignored by lima/summary because it exceeded search pattern filesize limit: POC_R3_H3_Log.out
[2026-05-25 13:25:39,678] multiqc                                            [DEBUG  ]  File ignored by vep/vep_txt because it exceeded search pattern filesize limit: POC_R3_H3_Log.out
[2026-05-25 13:25:39,679] multiqc                                            [DEBUG  ]  File ignored by longranger/invocation because it exceeded search pattern filesize limit: POC_R3_H3_Log.out
[2026-05-25 13:25:39,877] multiqc                                            [DEBUG  ]  File ignored by nanostat because it exceeded search pattern filesize limit: POC_R3_H3_Log.out
[2026-05-25 13:25:39,889] multiqc                                            [DEBUG  ]  Ignoring file as matched an ignore pattern: POC_R0_H2_Aligned.sortedByCoord.out.bam
[2026-05-25 13:25:39,900] multiqc                                            [DEBUG  ]  File ignored by ccs/v4 because it exceeded search pattern filesize limit: POC_R24_H2_Log.out
[2026-05-25 13:25:39,902] multiqc                                            [DEBUG  ]  File ignored by hicexplorer because it exceeded search pattern filesize limit: POC_R24_H2_Log.out
[2026-05-25 13:25:39,902] multiqc                                            [DEBUG  ]  File ignored by lima/summary because it exceeded search pattern filesize limit: POC_R24_H2_Log.out
[2026-05-25 13:25:39,905] multiqc                                            [DEBUG  ]  File ignored by vep/vep_txt because it exceeded search pattern filesize limit: POC_R24_H2_Log.out
[2026-05-25 13:25:39,905] multiqc                                            [DEBUG  ]  File ignored by longranger/invocation because it exceeded search pattern filesize limit: POC_R24_H2_Log.out
[2026-05-25 13:25:40,073] multiqc                                            [DEBUG  ]  File ignored by nanostat because it exceeded search pattern filesize limit: POC_R24_H2_Log.out
[2026-05-25 13:25:40,094] multiqc                                            [DEBUG  ]  File ignored by ccs/v4 because it exceeded search pattern filesize limit: POC_R120_H1_Log.out
[2026-05-25 13:25:40,096] multiqc                                            [DEBUG  ]  File ignored by hicexplorer because it exceeded search pattern filesize limit: POC_R120_H1_Log.out
[2026-05-25 13:25:40,096] multiqc                                            [DEBUG  ]  File ignored by lima/summary because it exceeded search pattern filesize limit: POC_R120_H1_Log.out
[2026-05-25 13:25:40,099] multiqc                                            [DEBUG  ]  File ignored by vep/vep_txt because it exceeded search pattern filesize limit: POC_R120_H1_Log.out
[2026-05-25 13:25:40,099] multiqc                                            [DEBUG  ]  File ignored by longranger/invocation because it exceeded search pattern filesize limit: POC_R120_H1_Log.out
[2026-05-25 13:25:40,264] multiqc                                            [DEBUG  ]  File ignored by nanostat because it exceeded search pattern filesize limit: POC_R120_H1_Log.out
[2026-05-25 13:25:40,279] multiqc                                            [DEBUG  ]  File ignored by ccs/v4 because it exceeded search pattern filesize limit: POC_R3_H3_Log.progress.out
[2026-05-25 13:25:40,281] multiqc                                            [DEBUG  ]  File ignored by lima/summary because it exceeded search pattern filesize limit: POC_R3_H3_Log.progress.out
[2026-05-25 13:25:40,295] multiqc                                            [DEBUG  ]  File ignored by ccs/v4 because it exceeded search pattern filesize limit: POC_R120_H2_SJ.out.tab
[2026-05-25 13:25:40,297] multiqc                                            [DEBUG  ]  File ignored by hicexplorer because it exceeded search pattern filesize limit: POC_R120_H2_SJ.out.tab
[2026-05-25 13:25:40,297] multiqc                                            [DEBUG  ]  File ignored by lima/summary because it exceeded search pattern filesize limit: POC_R120_H2_SJ.out.tab
[2026-05-25 13:25:40,301] multiqc                                            [DEBUG  ]  File ignored by longranger/invocation because it exceeded search pattern filesize limit: POC_R120_H2_SJ.out.tab
[2026-05-25 13:25:40,318] multiqc                                            [DEBUG  ]  File ignored by nanostat because it exceeded search pattern filesize limit: POC_R120_H2_SJ.out.tab
[2026-05-25 13:25:40,320] multiqc                                            [DEBUG  ]  Ignoring file as matched an ignore pattern: POC_R3_C2_Aligned.sortedByCoord.out.bam
[2026-05-25 13:25:40,330] multiqc                                            [DEBUG  ]  File ignored by ccs/v4 because it exceeded search pattern filesize limit: POC_R72_H3_Log.out
[2026-05-25 13:25:40,332] multiqc                                            [DEBUG  ]  File ignored by hicexplorer because it exceeded search pattern filesize limit: POC_R72_H3_Log.out
[2026-05-25 13:25:40,332] multiqc                                            [DEBUG  ]  File ignored by lima/summary because it exceeded search pattern filesize limit: POC_R72_H3_Log.out
[2026-05-25 13:25:40,335] multiqc                                            [DEBUG  ]  File ignored by vep/vep_txt because it exceeded search pattern filesize limit: POC_R72_H3_Log.out
[2026-05-25 13:25:40,335] multiqc                                            [DEBUG  ]  File ignored by longranger/invocation because it exceeded search pattern filesize limit: POC_R72_H3_Log.out
[2026-05-25 13:25:40,501] multiqc                                            [DEBUG  ]  File ignored by nanostat because it exceeded search pattern filesize limit: POC_R72_H3_Log.out
[2026-05-25 13:25:40,520] multiqc                                            [DEBUG  ]  File ignored by ccs/v4 because it exceeded search pattern filesize limit: POC_R1_C1_SJ.out.tab
[2026-05-25 13:25:40,522] multiqc                                            [DEBUG  ]  File ignored by hicexplorer because it exceeded search pattern filesize limit: POC_R1_C1_SJ.out.tab
[2026-05-25 13:25:40,522] multiqc                                            [DEBUG  ]  File ignored by lima/summary because it exceeded search pattern filesize limit: POC_R1_C1_SJ.out.tab
[2026-05-25 13:25:40,525] multiqc                                            [DEBUG  ]  File ignored by longranger/invocation because it exceeded search pattern filesize limit: POC_R1_C1_SJ.out.tab
[2026-05-25 13:25:40,536] multiqc                                            [DEBUG  ]  File ignored by nanostat because it exceeded search pattern filesize limit: POC_R1_C1_SJ.out.tab
[2026-05-25 13:25:40,539] multiqc                                            [DEBUG  ]  Ignoring file as matched an ignore pattern: POC_R24_H1_Aligned.sortedByCoord.out.bam
[2026-05-25 13:25:40,543] multiqc                                            [DEBUG  ]  File ignored by ccs/v4 because it exceeded search pattern filesize limit: POC_R3_C3_Log.progress.out
[2026-05-25 13:25:40,545] multiqc                                            [DEBUG  ]  File ignored by lima/summary because it exceeded search pattern filesize limit: POC_R3_C3_Log.progress.out
[2026-05-25 13:25:40,559] multiqc                                            [DEBUG  ]  File ignored by ccs/v4 because it exceeded search pattern filesize limit: POC_R0_H2_SJ.out.tab
[2026-05-25 13:25:40,560] multiqc                                            [DEBUG  ]  File ignored by hicexplorer because it exceeded search pattern filesize limit: POC_R0_H2_SJ.out.tab
[2026-05-25 13:25:40,561] multiqc                                            [DEBUG  ]  File ignored by lima/summary because it exceeded search pattern filesize limit: POC_R0_H2_SJ.out.tab
[2026-05-25 13:25:40,564] multiqc                                            [DEBUG  ]  File ignored by longranger/invocation because it exceeded search pattern filesize limit: POC_R0_H2_SJ.out.tab
[2026-05-25 13:25:40,574] multiqc                                            [DEBUG  ]  File ignored by nanostat because it exceeded search pattern filesize limit: POC_R0_H2_SJ.out.tab
[2026-05-25 13:25:40,580] multiqc                                            [DEBUG  ]  File ignored by ccs/v4 because it exceeded search pattern filesize limit: POC_R24_C1_SJ.out.tab
[2026-05-25 13:25:40,582] multiqc                                            [DEBUG  ]  File ignored by hicexplorer because it exceeded search pattern filesize limit: POC_R24_C1_SJ.out.tab
[2026-05-25 13:25:40,582] multiqc                                            [DEBUG  ]  File ignored by lima/summary because it exceeded search pattern filesize limit: POC_R24_C1_SJ.out.tab
[2026-05-25 13:25:40,585] multiqc                                            [DEBUG  ]  File ignored by longranger/invocation because it exceeded search pattern filesize limit: POC_R24_C1_SJ.out.tab
[2026-05-25 13:25:40,596] multiqc                                            [DEBUG  ]  File ignored by nanostat because it exceeded search pattern filesize limit: POC_R24_C1_SJ.out.tab
[2026-05-25 13:25:40,598] multiqc                                            [DEBUG  ]  Ignoring file as matched an ignore pattern: POC_R24_C3_Aligned.sortedByCoord.out.bam
[2026-05-25 13:25:40,605] multiqc                                            [DEBUG  ]  File ignored by ccs/v4 because it exceeded search pattern filesize limit: POC_R3_H2_Log.progress.out
[2026-05-25 13:25:40,607] multiqc                                            [DEBUG  ]  File ignored by lima/summary because it exceeded search pattern filesize limit: POC_R3_H2_Log.progress.out
[2026-05-25 13:25:40,610] multiqc                                            [DEBUG  ]  File ignored by longranger/invocation because it exceeded search pattern filesize limit: POC_R3_H2_Log.progress.out
[2026-05-25 13:25:40,623] multiqc                                            [DEBUG  ]  File ignored by ccs/v4 because it exceeded search pattern filesize limit: POC_R1_H3_SJ.out.tab
[2026-05-25 13:25:40,625] multiqc                                            [DEBUG  ]  File ignored by hicexplorer because it exceeded search pattern filesize limit: POC_R1_H3_SJ.out.tab
[2026-05-25 13:25:40,625] multiqc                                            [DEBUG  ]  File ignored by lima/summary because it exceeded search pattern filesize limit: POC_R1_H3_SJ.out.tab
[2026-05-25 13:25:40,629] multiqc                                            [DEBUG  ]  File ignored by longranger/invocation because it exceeded search pattern filesize limit: POC_R1_H3_SJ.out.tab
[2026-05-25 13:25:40,636] multiqc                                            [DEBUG  ]  File ignored by nanostat because it exceeded search pattern filesize limit: POC_R1_H3_SJ.out.tab
[2026-05-25 13:25:40,645] multiqc                                            [DEBUG  ]  File ignored by ccs/v4 because it exceeded search pattern filesize limit: POC_R12_H2_Log.out
[2026-05-25 13:25:40,647] multiqc                                            [DEBUG  ]  File ignored by hicexplorer because it exceeded search pattern filesize limit: POC_R12_H2_Log.out
[2026-05-25 13:25:40,647] multiqc                                            [DEBUG  ]  File ignored by lima/summary because it exceeded search pattern filesize limit: POC_R12_H2_Log.out
[2026-05-25 13:25:40,650] multiqc                                            [DEBUG  ]  File ignored by vep/vep_txt because it exceeded search pattern filesize limit: POC_R12_H2_Log.out
[2026-05-25 13:25:40,650] multiqc                                            [DEBUG  ]  File ignored by longranger/invocation because it exceeded search pattern filesize limit: POC_R12_H2_Log.out
[2026-05-25 13:25:40,836] multiqc                                            [DEBUG  ]  File ignored by nanostat because it exceeded search pattern filesize limit: POC_R12_H2_Log.out
[2026-05-25 13:25:40,850] multiqc                                            [DEBUG  ]  File ignored by ccs/v4 because it exceeded search pattern filesize limit: POC_R120_C3_Log.out
[2026-05-25 13:25:40,852] multiqc                                            [DEBUG  ]  File ignored by hicexplorer because it exceeded search pattern filesize limit: POC_R120_C3_Log.out
[2026-05-25 13:25:40,852] multiqc                                            [DEBUG  ]  File ignored by lima/summary because it exceeded search pattern filesize limit: POC_R120_C3_Log.out
[2026-05-25 13:25:40,856] multiqc                                            [DEBUG  ]  File ignored by vep/vep_txt because it exceeded search pattern filesize limit: POC_R120_C3_Log.out
[2026-05-25 13:25:40,856] multiqc                                            [DEBUG  ]  File ignored by longranger/invocation because it exceeded search pattern filesize limit: POC_R120_C3_Log.out
[2026-05-25 13:25:41,018] multiqc                                            [DEBUG  ]  File ignored by nanostat because it exceeded search pattern filesize limit: POC_R120_C3_Log.out
[2026-05-25 13:25:41,032] multiqc                                            [DEBUG  ]  File ignored by ccs/v4 because it exceeded search pattern filesize limit: POC_R24_H3_SJ.out.tab
[2026-05-25 13:25:41,033] multiqc                                            [DEBUG  ]  File ignored by hicexplorer because it exceeded search pattern filesize limit: POC_R24_H3_SJ.out.tab
[2026-05-25 13:25:41,033] multiqc                                            [DEBUG  ]  File ignored by lima/summary because it exceeded search pattern filesize limit: POC_R24_H3_SJ.out.tab
[2026-05-25 13:25:41,036] multiqc                                            [DEBUG  ]  File ignored by longranger/invocation because it exceeded search pattern filesize limit: POC_R24_H3_SJ.out.tab
[2026-05-25 13:25:41,054] multiqc                                            [DEBUG  ]  File ignored by nanostat because it exceeded search pattern filesize limit: POC_R24_H3_SJ.out.tab
[2026-05-25 13:25:41,060] multiqc                                            [DEBUG  ]  File ignored by ccs/v4 because it exceeded search pattern filesize limit: POC_R3_C2_Log.progress.out
[2026-05-25 13:25:41,062] multiqc                                            [DEBUG  ]  File ignored by lima/summary because it exceeded search pattern filesize limit: POC_R3_C2_Log.progress.out
[2026-05-25 13:25:41,070] multiqc                                            [DEBUG  ]  Ignoring file as matched an ignore pattern: POC_R120_H2_Aligned.sortedByCoord.out.bam
[2026-05-25 13:25:41,076] multiqc                                            [DEBUG  ]  File ignored by ccs/v4 because it exceeded search pattern filesize limit: POC_R1_H2_Log.out
[2026-05-25 13:25:41,078] multiqc                                            [DEBUG  ]  File ignored by hicexplorer because it exceeded search pattern filesize limit: POC_R1_H2_Log.out
[2026-05-25 13:25:41,078] multiqc                                            [DEBUG  ]  File ignored by lima/summary because it exceeded search pattern filesize limit: POC_R1_H2_Log.out
[2026-05-25 13:25:41,081] multiqc                                            [DEBUG  ]  File ignored by vep/vep_txt because it exceeded search pattern filesize limit: POC_R1_H2_Log.out
[2026-05-25 13:25:41,081] multiqc                                            [DEBUG  ]  File ignored by longranger/invocation because it exceeded search pattern filesize limit: POC_R1_H2_Log.out
[2026-05-25 13:25:41,247] multiqc                                            [DEBUG  ]  File ignored by nanostat because it exceeded search pattern filesize limit: POC_R1_H2_Log.out
[2026-05-25 13:25:41,256] multiqc                                            [DEBUG  ]  Ignoring file as matched an ignore pattern: POC_R1_C1_Aligned.sortedByCoord.out.bam
[2026-05-25 13:25:41,267] multiqc                                            [DEBUG  ]  File ignored by ccs/v4 because it exceeded search pattern filesize limit: POC_R72_C1_Log.out
[2026-05-25 13:25:41,269] multiqc                                            [DEBUG  ]  File ignored by hicexplorer because it exceeded search pattern filesize limit: POC_R72_C1_Log.out
[2026-05-25 13:25:41,269] multiqc                                            [DEBUG  ]  File ignored by lima/summary because it exceeded search pattern filesize limit: POC_R72_C1_Log.out
[2026-05-25 13:25:41,272] multiqc                                            [DEBUG  ]  File ignored by vep/vep_txt because it exceeded search pattern filesize limit: POC_R72_C1_Log.out
[2026-05-25 13:25:41,273] multiqc                                            [DEBUG  ]  File ignored by longranger/invocation because it exceeded search pattern filesize limit: POC_R72_C1_Log.out
[2026-05-25 13:25:41,434] multiqc                                            [DEBUG  ]  File ignored by nanostat because it exceeded search pattern filesize limit: POC_R72_C1_Log.out
[2026-05-25 13:25:41,443] multiqc                                            [DEBUG  ]  Ignoring file as matched an ignore pattern: POC_R1_H3_Aligned.sortedByCoord.out.bam
[2026-05-25 13:25:41,449] multiqc                                            [DEBUG  ]  File ignored by ccs/v4 because it exceeded search pattern filesize limit: POC_R3_H3_SJ.out.tab
[2026-05-25 13:25:41,450] multiqc                                            [DEBUG  ]  File ignored by hicexplorer because it exceeded search pattern filesize limit: POC_R3_H3_SJ.out.tab
[2026-05-25 13:25:41,451] multiqc                                            [DEBUG  ]  File ignored by lima/summary because it exceeded search pattern filesize limit: POC_R3_H3_SJ.out.tab
[2026-05-25 13:25:41,453] multiqc                                            [DEBUG  ]  File ignored by longranger/invocation because it exceeded search pattern filesize limit: POC_R3_H3_SJ.out.tab
[2026-05-25 13:25:41,462] multiqc                                            [DEBUG  ]  File ignored by nanostat because it exceeded search pattern filesize limit: POC_R3_H3_SJ.out.tab
[2026-05-25 13:25:41,468] multiqc                                            [DEBUG  ]  File ignored by ccs/v4 because it exceeded search pattern filesize limit: POC_R12_C3_SJ.out.tab
[2026-05-25 13:25:41,470] multiqc                                            [DEBUG  ]  File ignored by hicexplorer because it exceeded search pattern filesize limit: POC_R12_C3_SJ.out.tab
[2026-05-25 13:25:41,470] multiqc                                            [DEBUG  ]  File ignored by lima/summary because it exceeded search pattern filesize limit: POC_R12_C3_SJ.out.tab
[2026-05-25 13:25:41,473] multiqc                                            [DEBUG  ]  File ignored by longranger/invocation because it exceeded search pattern filesize limit: POC_R12_C3_SJ.out.tab
[2026-05-25 13:25:41,512] multiqc                                            [DEBUG  ]  File ignored by nanostat because it exceeded search pattern filesize limit: POC_R12_C3_SJ.out.tab
[2026-05-25 13:25:41,517] multiqc                                            [DEBUG  ]  Ignoring file as matched an ignore pattern: POC_R12_H3_Aligned.sortedByCoord.out.bam
[2026-05-25 13:25:41,517] multiqc                                            [DEBUG  ]  Ignoring file as matched an ignore pattern: POC_R12_C1_Aligned.sortedByCoord.out.bam
[2026-05-25 13:25:41,522] multiqc                                            [DEBUG  ]  File ignored by ccs/v4 because it exceeded search pattern filesize limit: POC_R120_H3_Log.progress.out
[2026-05-25 13:25:41,524] multiqc                                            [DEBUG  ]  File ignored by lima/summary because it exceeded search pattern filesize limit: POC_R120_H3_Log.progress.out
[2026-05-25 13:25:41,542] multiqc                                            [DEBUG  ]  File ignored by ccs/v4 because it exceeded search pattern filesize limit: POC_R12_C1_Log.out
[2026-05-25 13:25:41,544] multiqc                                            [DEBUG  ]  File ignored by hicexplorer because it exceeded search pattern filesize limit: POC_R12_C1_Log.out
[2026-05-25 13:25:41,544] multiqc                                            [DEBUG  ]  File ignored by lima/summary because it exceeded search pattern filesize limit: POC_R12_C1_Log.out
[2026-05-25 13:25:41,548] multiqc                                            [DEBUG  ]  File ignored by vep/vep_txt because it exceeded search pattern filesize limit: POC_R12_C1_Log.out
[2026-05-25 13:25:41,548] multiqc                                            [DEBUG  ]  File ignored by longranger/invocation because it exceeded search pattern filesize limit: POC_R12_C1_Log.out
[2026-05-25 13:25:41,724] multiqc                                            [DEBUG  ]  File ignored by nanostat because it exceeded search pattern filesize limit: POC_R12_C1_Log.out
[2026-05-25 13:25:41,739] multiqc                                            [DEBUG  ]  File ignored by ccs/v4 because it exceeded search pattern filesize limit: POC_R1_C1_Log.out
[2026-05-25 13:25:41,741] multiqc                                            [DEBUG  ]  File ignored by hicexplorer because it exceeded search pattern filesize limit: POC_R1_C1_Log.out
[2026-05-25 13:25:41,741] multiqc                                            [DEBUG  ]  File ignored by lima/summary because it exceeded search pattern filesize limit: POC_R1_C1_Log.out
[2026-05-25 13:25:41,744] multiqc                                            [DEBUG  ]  File ignored by vep/vep_txt because it exceeded search pattern filesize limit: POC_R1_C1_Log.out
[2026-05-25 13:25:41,744] multiqc                                            [DEBUG  ]  File ignored by longranger/invocation because it exceeded search pattern filesize limit: POC_R1_C1_Log.out
[2026-05-25 13:25:41,914] multiqc                                            [DEBUG  ]  File ignored by nanostat because it exceeded search pattern filesize limit: POC_R1_C1_Log.out
[2026-05-25 13:25:41,932] multiqc                                            [DEBUG  ]  File ignored by ccs/v4 because it exceeded search pattern filesize limit: POC_R72_H2_Log.out
[2026-05-25 13:25:41,934] multiqc                                            [DEBUG  ]  File ignored by hicexplorer because it exceeded search pattern filesize limit: POC_R72_H2_Log.out
[2026-05-25 13:25:41,934] multiqc                                            [DEBUG  ]  File ignored by lima/summary because it exceeded search pattern filesize limit: POC_R72_H2_Log.out
[2026-05-25 13:25:41,937] multiqc                                            [DEBUG  ]  File ignored by vep/vep_txt because it exceeded search pattern filesize limit: POC_R72_H2_Log.out
[2026-05-25 13:25:41,937] multiqc                                            [DEBUG  ]  File ignored by longranger/invocation because it exceeded search pattern filesize limit: POC_R72_H2_Log.out
[2026-05-25 13:25:42,101] multiqc                                            [DEBUG  ]  File ignored by nanostat because it exceeded search pattern filesize limit: POC_R72_H2_Log.out
[2026-05-25 13:25:42,114] multiqc                                            [DEBUG  ]  File ignored by ccs/v4 because it exceeded search pattern filesize limit: POC_R120_C3_Log.progress.out
[2026-05-25 13:25:42,116] multiqc                                            [DEBUG  ]  File ignored by lima/summary because it exceeded search pattern filesize limit: POC_R120_C3_Log.progress.out
[2026-05-25 13:25:42,130] multiqc                                            [DEBUG  ]  Ignoring file as matched an ignore pattern: POC_R72_C1_Aligned.sortedByCoord.out.bam
[2026-05-25 13:25:42,135] multiqc                                            [DEBUG  ]  File ignored by ccs/v4 because it exceeded search pattern filesize limit: POC_R120_H2_Log.progress.out
[2026-05-25 13:25:42,137] multiqc                                            [DEBUG  ]  File ignored by lima/summary because it exceeded search pattern filesize limit: POC_R120_H2_Log.progress.out
[2026-05-25 13:25:42,140] multiqc                                            [DEBUG  ]  File ignored by longranger/invocation because it exceeded search pattern filesize limit: POC_R120_H2_Log.progress.out
[2026-05-25 13:25:42,146] multiqc                                            [DEBUG  ]  Ignoring file as matched an ignore pattern: POC_R72_H3_Aligned.sortedByCoord.out.bam
[2026-05-25 13:25:42,152] multiqc                                            [DEBUG  ]  File ignored by ccs/v4 because it exceeded search pattern filesize limit: POC_R120_C2_Log.out
[2026-05-25 13:25:42,154] multiqc                                            [DEBUG  ]  File ignored by hicexplorer because it exceeded search pattern filesize limit: POC_R120_C2_Log.out
[2026-05-25 13:25:42,154] multiqc                                            [DEBUG  ]  File ignored by lima/summary because it exceeded search pattern filesize limit: POC_R120_C2_Log.out
[2026-05-25 13:25:42,157] multiqc                                            [DEBUG  ]  File ignored by vep/vep_txt because it exceeded search pattern filesize limit: POC_R120_C2_Log.out
[2026-05-25 13:25:42,157] multiqc                                            [DEBUG  ]  File ignored by longranger/invocation because it exceeded search pattern filesize limit: POC_R120_C2_Log.out
[2026-05-25 13:25:42,319] multiqc                                            [DEBUG  ]  File ignored by nanostat because it exceeded search pattern filesize limit: POC_R120_C2_Log.out
[2026-05-25 13:25:42,333] multiqc                                            [DEBUG  ]  File ignored by ccs/v4 because it exceeded search pattern filesize limit: POC_R12_H3_Log.out
[2026-05-25 13:25:42,335] multiqc                                            [DEBUG  ]  File ignored by hicexplorer because it exceeded search pattern filesize limit: POC_R12_H3_Log.out
[2026-05-25 13:25:42,338] multiqc                                            [DEBUG  ]  File ignored by lima/summary because it exceeded search pattern filesize limit: POC_R12_H3_Log.out
[2026-05-25 13:25:42,341] multiqc                                            [DEBUG  ]  File ignored by vep/vep_txt because it exceeded search pattern filesize limit: POC_R12_H3_Log.out
[2026-05-25 13:25:42,341] multiqc                                            [DEBUG  ]  File ignored by longranger/invocation because it exceeded search pattern filesize limit: POC_R12_H3_Log.out
[2026-05-25 13:25:42,510] multiqc                                            [DEBUG  ]  File ignored by nanostat because it exceeded search pattern filesize limit: POC_R12_H3_Log.out
[2026-05-25 13:25:42,521] multiqc                                            [DEBUG  ]  Ignoring file as matched an ignore pattern: POC_R0_C1_Aligned.sortedByCoord.out.bam
[2026-05-25 13:25:42,526] multiqc                                            [DEBUG  ]  File ignored by ccs/v4 because it exceeded search pattern filesize limit: POC_R0_H1_Log.progress.out
[2026-05-25 13:25:42,528] multiqc                                            [DEBUG  ]  File ignored by lima/summary because it exceeded search pattern filesize limit: POC_R0_H1_Log.progress.out
[2026-05-25 13:25:42,537] multiqc                                            [DEBUG  ]  Ignoring file as matched an ignore pattern: POC_R0_H3_Aligned.sortedByCoord.out.bam
[2026-05-25 13:25:42,542] multiqc                                            [DEBUG  ]  File ignored by ccs/v4 because it exceeded search pattern filesize limit: POC_R3_C1_SJ.out.tab
[2026-05-25 13:25:42,544] multiqc                                            [DEBUG  ]  File ignored by hicexplorer because it exceeded search pattern filesize limit: POC_R3_C1_SJ.out.tab
[2026-05-25 13:25:42,544] multiqc                                            [DEBUG  ]  File ignored by lima/summary because it exceeded search pattern filesize limit: POC_R3_C1_SJ.out.tab
[2026-05-25 13:25:42,547] multiqc                                            [DEBUG  ]  File ignored by longranger/invocation because it exceeded search pattern filesize limit: POC_R3_C1_SJ.out.tab
[2026-05-25 13:25:42,565] multiqc                                            [DEBUG  ]  File ignored by nanostat because it exceeded search pattern filesize limit: POC_R3_C1_SJ.out.tab
[2026-05-25 13:25:42,573] multiqc                                            [DEBUG  ]  File ignored by ccs/v4 because it exceeded search pattern filesize limit: POC_R12_H1_SJ.out.tab
[2026-05-25 13:25:42,575] multiqc                                            [DEBUG  ]  File ignored by hicexplorer because it exceeded search pattern filesize limit: POC_R12_H1_SJ.out.tab
[2026-05-25 13:25:42,575] multiqc                                            [DEBUG  ]  File ignored by lima/summary because it exceeded search pattern filesize limit: POC_R12_H1_SJ.out.tab
[2026-05-25 13:25:42,578] multiqc                                            [DEBUG  ]  File ignored by longranger/invocation because it exceeded search pattern filesize limit: POC_R12_H1_SJ.out.tab
[2026-05-25 13:25:42,590] multiqc                                            [DEBUG  ]  File ignored by nanostat because it exceeded search pattern filesize limit: POC_R12_H1_SJ.out.tab
[2026-05-25 13:25:42,595] multiqc                                            [DEBUG  ]  File ignored by ccs/v4 because it exceeded search pattern filesize limit: POC_R120_C2_Log.progress.out
[2026-05-25 13:25:42,597] multiqc                                            [DEBUG  ]  File ignored by lima/summary because it exceeded search pattern filesize limit: POC_R120_C2_Log.progress.out
[2026-05-25 13:25:42,612] multiqc                                            [DEBUG  ]  File ignored by ccs/v4 because it exceeded search pattern filesize limit: POC_R72_C2_SJ.out.tab
[2026-05-25 13:25:42,613] multiqc                                            [DEBUG  ]  File ignored by hicexplorer because it exceeded search pattern filesize limit: POC_R72_C2_SJ.out.tab
[2026-05-25 13:25:42,613] multiqc                                            [DEBUG  ]  File ignored by lima/summary because it exceeded search pattern filesize limit: POC_R72_C2_SJ.out.tab
[2026-05-25 13:25:42,616] multiqc                                            [DEBUG  ]  File ignored by longranger/invocation because it exceeded search pattern filesize limit: POC_R72_C2_SJ.out.tab
[2026-05-25 13:25:42,626] multiqc                                            [DEBUG  ]  File ignored by nanostat because it exceeded search pattern filesize limit: POC_R72_C2_SJ.out.tab
[2026-05-25 13:25:42,638] multiqc                                            [DEBUG  ]  File ignored by ccs/v4 because it exceeded search pattern filesize limit: POC_R0_C1_Log.progress.out
[2026-05-25 13:25:42,640] multiqc                                            [DEBUG  ]  File ignored by lima/summary because it exceeded search pattern filesize limit: POC_R0_C1_Log.progress.out
[2026-05-25 13:25:42,662] multiqc                                            [DEBUG  ]  File ignored by ccs/v4 because it exceeded search pattern filesize limit: POC_R1_H3_Log.out
[2026-05-25 13:25:42,664] multiqc                                            [DEBUG  ]  File ignored by hicexplorer because it exceeded search pattern filesize limit: POC_R1_H3_Log.out
[2026-05-25 13:25:42,664] multiqc                                            [DEBUG  ]  File ignored by lima/summary because it exceeded search pattern filesize limit: POC_R1_H3_Log.out
[2026-05-25 13:25:42,667] multiqc                                            [DEBUG  ]  File ignored by vep/vep_txt because it exceeded search pattern filesize limit: POC_R1_H3_Log.out
[2026-05-25 13:25:42,667] multiqc                                            [DEBUG  ]  File ignored by longranger/invocation because it exceeded search pattern filesize limit: POC_R1_H3_Log.out
[2026-05-25 13:25:42,836] multiqc                                            [DEBUG  ]  File ignored by nanostat because it exceeded search pattern filesize limit: POC_R1_H3_Log.out
[2026-05-25 13:25:42,850] multiqc                                            [DEBUG  ]  File ignored by ccs/v4 because it exceeded search pattern filesize limit: POC_R0_C2_Log.progress.out
[2026-05-25 13:25:42,851] multiqc                                            [DEBUG  ]  File ignored by lima/summary because it exceeded search pattern filesize limit: POC_R0_C2_Log.progress.out
[2026-05-25 13:25:42,864] multiqc                                            [DEBUG  ]  File ignored by ccs/v4 because it exceeded search pattern filesize limit: POC_R1_C3_SJ.out.tab
[2026-05-25 13:25:42,865] multiqc                                            [DEBUG  ]  File ignored by hicexplorer because it exceeded search pattern filesize limit: POC_R1_C3_SJ.out.tab
[2026-05-25 13:25:42,866] multiqc                                            [DEBUG  ]  File ignored by lima/summary because it exceeded search pattern filesize limit: POC_R1_C3_SJ.out.tab
[2026-05-25 13:25:42,874] multiqc                                            [DEBUG  ]  File ignored by longranger/invocation because it exceeded search pattern filesize limit: POC_R1_C3_SJ.out.tab
[2026-05-25 13:25:42,881] multiqc                                            [DEBUG  ]  File ignored by nanostat because it exceeded search pattern filesize limit: POC_R1_C3_SJ.out.tab
[2026-05-25 13:25:42,887] multiqc                                            [DEBUG  ]  File ignored by ccs/v4 because it exceeded search pattern filesize limit: POC_R120_C1_Log.progress.out
[2026-05-25 13:25:42,888] multiqc                                            [DEBUG  ]  File ignored by lima/summary because it exceeded search pattern filesize limit: POC_R120_C1_Log.progress.out
[2026-05-25 13:25:42,891] multiqc                                            [DEBUG  ]  File ignored by longranger/invocation because it exceeded search pattern filesize limit: POC_R120_C1_Log.progress.out
[2026-05-25 13:25:42,901] multiqc                                            [DEBUG  ]  File ignored by ccs/v4 because it exceeded search pattern filesize limit: POC_R24_C3_SJ.out.tab
[2026-05-25 13:25:42,903] multiqc                                            [DEBUG  ]  File ignored by hicexplorer because it exceeded search pattern filesize limit: POC_R24_C3_SJ.out.tab
[2026-05-25 13:25:42,903] multiqc                                            [DEBUG  ]  File ignored by lima/summary because it exceeded search pattern filesize limit: POC_R24_C3_SJ.out.tab
[2026-05-25 13:25:42,906] multiqc                                            [DEBUG  ]  File ignored by longranger/invocation because it exceeded search pattern filesize limit: POC_R24_C3_SJ.out.tab
[2026-05-25 13:25:42,916] multiqc                                            [DEBUG  ]  File ignored by nanostat because it exceeded search pattern filesize limit: POC_R24_C3_SJ.out.tab
[2026-05-25 13:25:42,919] multiqc                                            [DEBUG  ]  Ignoring file as matched an ignore pattern: POC_R3_H1_Aligned.sortedByCoord.out.bam
[2026-05-25 13:25:42,921] multiqc                                            [DEBUG  ]  Ignoring file as matched an ignore pattern: POC_R3_C3_Aligned.sortedByCoord.out.bam
[2026-05-25 13:25:42,925] multiqc                                            [DEBUG  ]  File ignored by ccs/v4 because it exceeded search pattern filesize limit: POC_R0_H2_Log.progress.out
[2026-05-25 13:25:42,927] multiqc                                            [DEBUG  ]  File ignored by lima/summary because it exceeded search pattern filesize limit: POC_R0_H2_Log.progress.out
[2026-05-25 13:25:42,935] multiqc                                            [DEBUG  ]  Ignoring file as matched an ignore pattern: POC_R24_C2_Aligned.sortedByCoord.out.bam
[2026-05-25 13:25:42,941] multiqc                                            [DEBUG  ]  File ignored by ccs/v4 because it exceeded search pattern filesize limit: POC_R24_C1_Log.out
[2026-05-25 13:25:42,943] multiqc                                            [DEBUG  ]  File ignored by hicexplorer because it exceeded search pattern filesize limit: POC_R24_C1_Log.out
[2026-05-25 13:25:42,943] multiqc                                            [DEBUG  ]  File ignored by lima/summary because it exceeded search pattern filesize limit: POC_R24_C1_Log.out
[2026-05-25 13:25:42,946] multiqc                                            [DEBUG  ]  File ignored by vep/vep_txt because it exceeded search pattern filesize limit: POC_R24_C1_Log.out
[2026-05-25 13:25:42,946] multiqc                                            [DEBUG  ]  File ignored by longranger/invocation because it exceeded search pattern filesize limit: POC_R24_C1_Log.out
[2026-05-25 13:25:43,114] multiqc                                            [DEBUG  ]  File ignored by nanostat because it exceeded search pattern filesize limit: POC_R24_C1_Log.out
[2026-05-25 13:25:43,128] multiqc                                            [DEBUG  ]  File ignored by ccs/v4 because it exceeded search pattern filesize limit: POC_R0_C3_Log.out
[2026-05-25 13:25:43,130] multiqc                                            [DEBUG  ]  File ignored by hicexplorer because it exceeded search pattern filesize limit: POC_R0_C3_Log.out
[2026-05-25 13:25:43,130] multiqc                                            [DEBUG  ]  File ignored by lima/summary because it exceeded search pattern filesize limit: POC_R0_C3_Log.out
[2026-05-25 13:25:43,133] multiqc                                            [DEBUG  ]  File ignored by vep/vep_txt because it exceeded search pattern filesize limit: POC_R0_C3_Log.out
[2026-05-25 13:25:43,133] multiqc                                            [DEBUG  ]  File ignored by longranger/invocation because it exceeded search pattern filesize limit: POC_R0_C3_Log.out
[2026-05-25 13:25:43,301] multiqc                                            [DEBUG  ]  File ignored by nanostat because it exceeded search pattern filesize limit: POC_R0_C3_Log.out
[2026-05-25 13:25:43,315] multiqc                                            [DEBUG  ]  File ignored by ccs/v4 because it exceeded search pattern filesize limit: POC_R120_H1_Log.progress.out
[2026-05-25 13:25:43,316] multiqc                                            [DEBUG  ]  File ignored by lima/summary because it exceeded search pattern filesize limit: POC_R120_H1_Log.progress.out
[2026-05-25 13:25:43,332] multiqc                                            [DEBUG  ]  File ignored by ccs/v4 because it exceeded search pattern filesize limit: POC_R3_H2_Log.out
[2026-05-25 13:25:43,334] multiqc                                            [DEBUG  ]  File ignored by hicexplorer because it exceeded search pattern filesize limit: POC_R3_H2_Log.out
[2026-05-25 13:25:43,334] multiqc                                            [DEBUG  ]  File ignored by lima/summary because it exceeded search pattern filesize limit: POC_R3_H2_Log.out
[2026-05-25 13:25:43,337] multiqc                                            [DEBUG  ]  File ignored by vep/vep_txt because it exceeded search pattern filesize limit: POC_R3_H2_Log.out
[2026-05-25 13:25:43,337] multiqc                                            [DEBUG  ]  File ignored by longranger/invocation because it exceeded search pattern filesize limit: POC_R3_H2_Log.out
[2026-05-25 13:25:43,501] multiqc                                            [DEBUG  ]  File ignored by nanostat because it exceeded search pattern filesize limit: POC_R3_H2_Log.out
[2026-05-25 13:25:43,523] multiqc                                            [DEBUG  ]  File ignored by ccs/v4 because it exceeded search pattern filesize limit: POC_R0_C3_Log.progress.out
[2026-05-25 13:25:43,524] multiqc                                            [DEBUG  ]  File ignored by lima/summary because it exceeded search pattern filesize limit: POC_R0_C3_Log.progress.out
[2026-05-25 13:25:43,539] multiqc                                            [DEBUG  ]  File ignored by ccs/v4 because it exceeded search pattern filesize limit: POC_R24_H3_Log.out
[2026-05-25 13:25:43,541] multiqc                                            [DEBUG  ]  File ignored by hicexplorer because it exceeded search pattern filesize limit: POC_R24_H3_Log.out
[2026-05-25 13:25:43,541] multiqc                                            [DEBUG  ]  File ignored by lima/summary because it exceeded search pattern filesize limit: POC_R24_H3_Log.out
[2026-05-25 13:25:43,544] multiqc                                            [DEBUG  ]  File ignored by vep/vep_txt because it exceeded search pattern filesize limit: POC_R24_H3_Log.out
[2026-05-25 13:25:43,544] multiqc                                            [DEBUG  ]  File ignored by longranger/invocation because it exceeded search pattern filesize limit: POC_R24_H3_Log.out
[2026-05-25 13:25:43,730] multiqc                                            [DEBUG  ]  File ignored by nanostat because it exceeded search pattern filesize limit: POC_R24_H3_Log.out
[2026-05-25 13:25:43,744] multiqc                                            [DEBUG  ]  File ignored by ccs/v4 because it exceeded search pattern filesize limit: POC_R1_H1_SJ.out.tab
[2026-05-25 13:25:43,746] multiqc                                            [DEBUG  ]  File ignored by hicexplorer because it exceeded search pattern filesize limit: POC_R1_H1_SJ.out.tab
[2026-05-25 13:25:43,746] multiqc                                            [DEBUG  ]  File ignored by lima/summary because it exceeded search pattern filesize limit: POC_R1_H1_SJ.out.tab
[2026-05-25 13:25:43,750] multiqc                                            [DEBUG  ]  File ignored by longranger/invocation because it exceeded search pattern filesize limit: POC_R1_H1_SJ.out.tab
[2026-05-25 13:25:43,761] multiqc                                            [DEBUG  ]  File ignored by nanostat because it exceeded search pattern filesize limit: POC_R1_H1_SJ.out.tab
[2026-05-25 13:25:43,764] multiqc                                            [DEBUG  ]  Ignoring file as matched an ignore pattern: POC_R120_H3_Aligned.sortedByCoord.out.bam
[2026-05-25 13:25:43,770] multiqc                                            [DEBUG  ]  File ignored by ccs/v4 because it exceeded search pattern filesize limit: POC_R0_H1_Log.out
[2026-05-25 13:25:43,772] multiqc                                            [DEBUG  ]  File ignored by hicexplorer because it exceeded search pattern filesize limit: POC_R0_H1_Log.out
[2026-05-25 13:25:43,772] multiqc                                            [DEBUG  ]  File ignored by lima/summary because it exceeded search pattern filesize limit: POC_R0_H1_Log.out
[2026-05-25 13:25:43,775] multiqc                                            [DEBUG  ]  File ignored by vep/vep_txt because it exceeded search pattern filesize limit: POC_R0_H1_Log.out
[2026-05-25 13:25:43,775] multiqc                                            [DEBUG  ]  File ignored by longranger/invocation because it exceeded search pattern filesize limit: POC_R0_H1_Log.out
[2026-05-25 13:25:43,945] multiqc                                            [DEBUG  ]  File ignored by nanostat because it exceeded search pattern filesize limit: POC_R0_H1_Log.out
[2026-05-25 13:25:43,958] multiqc                                            [DEBUG  ]  File ignored by ccs/v4 because it exceeded search pattern filesize limit: POC_R120_C2_SJ.out.tab
[2026-05-25 13:25:43,960] multiqc                                            [DEBUG  ]  File ignored by hicexplorer because it exceeded search pattern filesize limit: POC_R120_C2_SJ.out.tab
[2026-05-25 13:25:43,960] multiqc                                            [DEBUG  ]  File ignored by lima/summary because it exceeded search pattern filesize limit: POC_R120_C2_SJ.out.tab
[2026-05-25 13:25:43,964] multiqc                                            [DEBUG  ]  File ignored by longranger/invocation because it exceeded search pattern filesize limit: POC_R120_C2_SJ.out.tab
[2026-05-25 13:25:43,973] multiqc                                            [DEBUG  ]  File ignored by nanostat because it exceeded search pattern filesize limit: POC_R120_C2_SJ.out.tab
[2026-05-25 13:25:43,974] multiqc                                            [DEBUG  ]  Ignoring file as matched an ignore pattern: POC_R120_C1_Aligned.sortedByCoord.out.bam
[2026-05-25 13:25:43,980] multiqc                                            [DEBUG  ]  File ignored by ccs/v4 because it exceeded search pattern filesize limit: POC_R0_C2_SJ.out.tab
[2026-05-25 13:25:43,982] multiqc                                            [DEBUG  ]  File ignored by hicexplorer because it exceeded search pattern filesize limit: POC_R0_C2_SJ.out.tab
[2026-05-25 13:25:43,982] multiqc                                            [DEBUG  ]  File ignored by lima/summary because it exceeded search pattern filesize limit: POC_R0_C2_SJ.out.tab
[2026-05-25 13:25:43,985] multiqc                                            [DEBUG  ]  File ignored by longranger/invocation because it exceeded search pattern filesize limit: POC_R0_C2_SJ.out.tab
[2026-05-25 13:25:43,995] multiqc                                            [DEBUG  ]  File ignored by nanostat because it exceeded search pattern filesize limit: POC_R0_C2_SJ.out.tab
[2026-05-25 13:25:44,001] multiqc                                            [DEBUG  ]  File ignored by ccs/v4 because it exceeded search pattern filesize limit: POC_R24_H1_SJ.out.tab
[2026-05-25 13:25:44,002] multiqc                                            [DEBUG  ]  File ignored by hicexplorer because it exceeded search pattern filesize limit: POC_R24_H1_SJ.out.tab
[2026-05-25 13:25:44,002] multiqc                                            [DEBUG  ]  File ignored by lima/summary because it exceeded search pattern filesize limit: POC_R24_H1_SJ.out.tab
[2026-05-25 13:25:44,006] multiqc                                            [DEBUG  ]  File ignored by longranger/invocation because it exceeded search pattern filesize limit: POC_R24_H1_SJ.out.tab
[2026-05-25 13:25:44,015] multiqc                                            [DEBUG  ]  File ignored by nanostat because it exceeded search pattern filesize limit: POC_R24_H1_SJ.out.tab
[2026-05-25 13:25:44,017] multiqc                                            [DEBUG  ]  Ignoring file as matched an ignore pattern: POC_R1_H2_Aligned.sortedByCoord.out.bam
[2026-05-25 13:25:44,021] multiqc                                            [DEBUG  ]  File ignored by ccs/v4 because it exceeded search pattern filesize limit: POC_R0_H3_Log.progress.out
[2026-05-25 13:25:44,023] multiqc                                            [DEBUG  ]  File ignored by lima/summary because it exceeded search pattern filesize limit: POC_R0_H3_Log.progress.out
[2026-05-25 13:25:44,679] multiqc.plots.bargraph                             [DEBUG  ]  Using matplotlib version 3.4.3
[2026-05-25 13:25:44,949] multiqc.modules.star.star                          [DEBUG  ]  Duplicate ReadsPerGene sample name found! Overwriting: POC_R72_H2
[2026-05-25 13:25:45,043] multiqc.modules.star.star                          [DEBUG  ]  Duplicate ReadsPerGene sample name found! Overwriting: POC_R3_C3
[2026-05-25 13:25:45,137] multiqc.modules.star.star                          [DEBUG  ]  Duplicate ReadsPerGene sample name found! Overwriting: POC_R1_H1
[2026-05-25 13:25:45,230] multiqc.modules.star.star                          [DEBUG  ]  Duplicate ReadsPerGene sample name found! Overwriting: POC_R120_C1
[2026-05-25 13:25:45,321] multiqc.modules.star.star                          [DEBUG  ]  Duplicate ReadsPerGene sample name found! Overwriting: POC_R3_H2
[2026-05-25 13:25:45,413] multiqc.modules.star.star                          [DEBUG  ]  Duplicate ReadsPerGene sample name found! Overwriting: POC_R72_C3
[2026-05-25 13:25:45,488] multiqc.modules.star.star                          [DEBUG  ]  Duplicate ReadsPerGene sample name found! Overwriting: POC_R0_C2
[2026-05-25 13:25:45,562] multiqc.modules.star.star                          [DEBUG  ]  Duplicate ReadsPerGene sample name found! Overwriting: POC_R12_H2
[2026-05-25 13:25:45,636] multiqc.modules.star.star                          [DEBUG  ]  Duplicate ReadsPerGene sample name found! Overwriting: POC_R24_H1
[2026-05-25 13:25:45,715] multiqc.modules.star.star                          [DEBUG  ]  Duplicate ReadsPerGene sample name found! Overwriting: POC_R12_C3
[2026-05-25 13:25:45,795] multiqc.modules.star.star                          [DEBUG  ]  Duplicate ReadsPerGene sample name found! Overwriting: POC_R0_H3
[2026-05-25 13:25:45,875] multiqc.modules.star.star                          [DEBUG  ]  Duplicate ReadsPerGene sample name found! Overwriting: POC_R120_H1
[2026-05-25 13:25:45,955] multiqc.modules.star.star                          [DEBUG  ]  Duplicate ReadsPerGene sample name found! Overwriting: POC_R3_C2
[2026-05-25 13:25:46,035] multiqc.modules.star.star                          [DEBUG  ]  Duplicate ReadsPerGene sample name found! Overwriting: POC_R72_H3
[2026-05-25 13:25:46,115] multiqc.modules.star.star                          [DEBUG  ]  Duplicate ReadsPerGene sample name found! Overwriting: POC_R72_C2
[2026-05-25 13:25:46,195] multiqc.modules.star.star                          [DEBUG  ]  Duplicate ReadsPerGene sample name found! Overwriting: POC_R3_H3
[2026-05-25 13:25:46,276] multiqc.modules.star.star                          [DEBUG  ]  Duplicate ReadsPerGene sample name found! Overwriting: POC_R1_C1
[2026-05-25 13:25:46,356] multiqc.modules.star.star                          [DEBUG  ]  Duplicate ReadsPerGene sample name found! Overwriting: POC_R24_C1
[2026-05-25 13:25:46,436] multiqc.modules.star.star                          [DEBUG  ]  Duplicate ReadsPerGene sample name found! Overwriting: POC_R12_H3
[2026-05-25 13:25:46,515] multiqc.modules.star.star                          [DEBUG  ]  Duplicate ReadsPerGene sample name found! Overwriting: POC_R0_C3
[2026-05-25 13:25:46,596] multiqc.modules.star.star                          [DEBUG  ]  Duplicate ReadsPerGene sample name found! Overwriting: POC_R0_H2
[2026-05-25 13:25:46,677] multiqc.modules.star.star                          [DEBUG  ]  Duplicate ReadsPerGene sample name found! Overwriting: POC_R12_C2
[2026-05-25 13:25:46,758] multiqc.modules.star.star                          [DEBUG  ]  Duplicate ReadsPerGene sample name found! Overwriting: POC_R72_C1
[2026-05-25 13:25:46,841] multiqc.modules.star.star                          [DEBUG  ]  Duplicate ReadsPerGene sample name found! Overwriting: POC_R1_C2
[2026-05-25 13:25:46,923] multiqc.modules.star.star                          [DEBUG  ]  Duplicate ReadsPerGene sample name found! Overwriting: POC_R120_C3
[2026-05-25 13:25:47,003] multiqc.modules.star.star                          [DEBUG  ]  Duplicate ReadsPerGene sample name found! Overwriting: POC_R120_H2
[2026-05-25 13:25:47,083] multiqc.modules.star.star                          [DEBUG  ]  Duplicate ReadsPerGene sample name found! Overwriting: POC_R1_H3
[2026-05-25 13:25:47,162] multiqc.modules.star.star                          [DEBUG  ]  Duplicate ReadsPerGene sample name found! Overwriting: POC_R3_C1
[2026-05-25 13:25:47,242] multiqc.modules.star.star                          [DEBUG  ]  Duplicate ReadsPerGene sample name found! Overwriting: POC_R0_H1
[2026-05-25 13:25:47,321] multiqc.modules.star.star                          [DEBUG  ]  Duplicate ReadsPerGene sample name found! Overwriting: POC_R24_H3
[2026-05-25 13:25:47,400] multiqc.modules.star.star                          [DEBUG  ]  Duplicate ReadsPerGene sample name found! Overwriting: POC_R12_C1
[2026-05-25 13:25:47,479] multiqc.modules.star.star                          [DEBUG  ]  Duplicate ReadsPerGene sample name found! Overwriting: POC_R24_C2
[2026-05-25 13:25:47,558] multiqc.modules.star.star                          [DEBUG  ]  Duplicate ReadsPerGene sample name found! Overwriting: POC_R120_C2
[2026-05-25 13:25:47,637] multiqc.modules.star.star                          [DEBUG  ]  Duplicate ReadsPerGene sample name found! Overwriting: POC_R1_C3
[2026-05-25 13:25:47,716] multiqc.modules.star.star                          [DEBUG  ]  Duplicate ReadsPerGene sample name found! Overwriting: POC_R3_H1
[2026-05-25 13:25:47,796] multiqc.modules.star.star                          [DEBUG  ]  Duplicate ReadsPerGene sample name found! Overwriting: POC_R72_H1
[2026-05-25 13:25:47,875] multiqc.modules.star.star                          [DEBUG  ]  Duplicate ReadsPerGene sample name found! Overwriting: POC_R1_H2
[2026-05-25 13:25:47,954] multiqc.modules.star.star                          [DEBUG  ]  Duplicate ReadsPerGene sample name found! Overwriting: POC_R120_H3
[2026-05-25 13:25:48,034] multiqc.modules.star.star                          [DEBUG  ]  Duplicate ReadsPerGene sample name found! Overwriting: POC_R24_H2
[2026-05-25 13:25:48,115] multiqc.modules.star.star                          [DEBUG  ]  Duplicate ReadsPerGene sample name found! Overwriting: POC_R0_C1
[2026-05-25 13:25:48,194] multiqc.modules.star.star                          [DEBUG  ]  Duplicate ReadsPerGene sample name found! Overwriting: POC_R24_C3
[2026-05-25 13:25:48,273] multiqc.modules.star.star                          [DEBUG  ]  Duplicate ReadsPerGene sample name found! Overwriting: POC_R12_H1
[2026-05-25 13:25:48,273] multiqc.modules.star.star                          [INFO   ]  Found 42 reports and 42 gene count files
[2026-05-25 13:25:48,306] multiqc                                            [INFO   ]  Compressing plot data
[2026-05-25 13:25:48,332] multiqc                                            [INFO   ]  Report      : multiqc_report.html
[2026-05-25 13:25:48,332] multiqc                                            [INFO   ]  Data        : multiqc_data
[2026-05-25 13:25:48,332] multiqc                                            [DEBUG  ]  Moving data file from '/tmp/tmpogw1ecp9/multiqc_data' to '/project/pi_hputnam_uri_edu/zdellaert/TimeSeries/4-multi-species/output_RNA/alignment_qc/POC_Cgoreaui_V2/multiqc_data'
[2026-05-25 13:25:48,643] multiqc                                            [INFO   ]  MultiQC complete
