query,gene_set,Bhattacharya_ID,blast_hit,evalue,ProteinNames,BiologicalProcess,GOs,CellularComponent,MolecularFunction,short_name
Pocillopora_acuta_HIv2___RNAseq.10002_t,"TRP, calcium",,Q6RI86,4.58e-103,Transient receptor potential cation channel subfamily A member 1 (Ankyrin-like with transmembrane domains protein 1) (Wasabi receptor),calcium ion transmembrane import into cytosol [GO:0097553]; calcium ion transmembrane transport [GO:0070588]; calcium ion transport [GO:0006816]; cell surface receptor signaling pathway [GO:0007166]; cellular response to caffeine [GO:0071313]; cellular response to carbon dioxide [GO:0071244]; cellular response to cold [GO:0070417]; cellular response to food [GO:0071240]; cellular response to heat [GO:0034605]; cellular response to hydrogen peroxide [GO:0070301]; cellular response to toxic substance [GO:0097237]; detection of chemical stimulus involved in sensory perception of pain [GO:0050968]; detection of mechanical stimulus involved in sensory perception [GO:0050974]; detection of mechanical stimulus involved in sensory perception of pain [GO:0050966]; intracellular calcium ion homeostasis [GO:0006874]; positive regulation of insulin secretion involved in cellular response to glucose stimulus [GO:0035774]; positive regulation of monoatomic anion transport [GO:1903793]; protein homotetramerization [GO:0051289]; regulation of blood circulation [GO:1903522]; regulation of neuronal action potential [GO:0098908]; response to cold [GO:0009409]; response to hydrogen peroxide [GO:0042542]; response to pain [GO:0048265]; response to xenobiotic stimulus [GO:0009410]; sensory perception of pain [GO:0019233]; thermoception [GO:0050955]; urinary bladder smooth muscle contraction [GO:0014832],GO:0005216; GO:0005245; GO:0005262; GO:0005886; GO:0006816; GO:0006874; GO:0007166; GO:0009409; GO:0009410; GO:0014832; GO:0015267; GO:0015278; GO:0016324; GO:0019233; GO:0030424; GO:0032421; GO:0034605; GO:0035774; GO:0042542; GO:0042802; GO:0046872; GO:0048265; GO:0050955; GO:0050966; GO:0050968; GO:0050974; GO:0051289; GO:0070301; GO:0070417; GO:0070588; GO:0071240; GO:0071244; GO:0071313; GO:0097237; GO:0097553; GO:0097604; GO:0098908; GO:1903522; GO:1903793; GO:1990760,apical plasma membrane [GO:0016324]; axon [GO:0030424]; plasma membrane [GO:0005886]; stereocilium bundle [GO:0032421],calcium channel activity [GO:0005262]; channel activity [GO:0015267]; identical protein binding [GO:0042802]; intracellularly gated calcium channel activity [GO:0015278]; metal ion binding [GO:0046872]; monoatomic ion channel activity [GO:0005216]; osmolarity-sensing monoatomic cation channel activity [GO:1990760]; temperature-gated cation channel activity [GO:0097604]; voltage-gated calcium channel activity [GO:0005245],Transient receptor potential cation channel subfamily A member 1
Pocillopora_acuta_HIv2___RNAseq.10010_t,TRP,,O75762,6.49e-137,Transient receptor potential cation channel subfamily A member 1 (Ankyrin-like with transmembrane domains protein 1) (Transformation-sensitive protein p120) (p120) (Wasabi receptor),calcium ion transmembrane import into cytosol [GO:0097553]; calcium ion transmembrane transport [GO:0070588]; cell surface receptor signaling pathway [GO:0007166]; cellular response to caffeine [GO:0071313]; cellular response to carbon dioxide [GO:0071244]; cellular response to cold [GO:0070417]; cellular response to food [GO:0071240]; cellular response to heat [GO:0034605]; cellular response to hydrogen peroxide [GO:0070301]; cellular response to toxic substance [GO:0097237]; detection of chemical stimulus involved in sensory perception of pain [GO:0050968]; detection of mechanical stimulus involved in sensory perception of pain [GO:0050966]; intracellular calcium ion homeostasis [GO:0006874]; monoatomic ion transport [GO:0006811]; positive regulation of insulin secretion involved in cellular response to glucose stimulus [GO:0035774]; positive regulation of monoatomic anion transport [GO:1903793]; protein homotetramerization [GO:0051289]; regulation of blood circulation [GO:1903522]; regulation of neuronal action potential [GO:0098908]; response to cold [GO:0009409]; response to pain [GO:0048265]; response to xenobiotic stimulus [GO:0009410]; sensory perception of pain [GO:0019233]; thermoception [GO:0050955]; urinary bladder smooth muscle contraction [GO:0014832],GO:0005245; GO:0005262; GO:0005886; GO:0006811; GO:0006874; GO:0007166; GO:0009409; GO:0009410; GO:0014832; GO:0015267; GO:0015278; GO:0016324; GO:0019233; GO:0030424; GO:0032421; GO:0034605; GO:0035774; GO:0042802; GO:0048265; GO:0050955; GO:0050966; GO:0050968; GO:0051289; GO:0070301; GO:0070417; GO:0070588; GO:0071240; GO:0071244; GO:0071313; GO:0097237; GO:0097553; GO:0097604; GO:0098908; GO:1903522; GO:1903793; GO:1990760,apical plasma membrane [GO:0016324]; axon [GO:0030424]; plasma membrane [GO:0005886]; stereocilium bundle [GO:0032421],calcium channel activity [GO:0005262]; channel activity [GO:0015267]; identical protein binding [GO:0042802]; intracellularly gated calcium channel activity [GO:0015278]; osmolarity-sensing monoatomic cation channel activity [GO:1990760]; temperature-gated cation channel activity [GO:0097604]; voltage-gated calcium channel activity [GO:0005245],Transient receptor potential cation channel subfamily A member 1
Pocillopora_acuta_HIv2___RNAseq.10893_t,SLC,,Q9R0M8,7.49e-100,UDP-galactose translocator (Solute carrier family 35 member A2) (UDP-galactose transporter) (UDP-Gal-Tr) (UGT) (mUGT1),UDP-galactose transmembrane transport [GO:0072334],GO:0000139; GO:0005459; GO:0015297; GO:0072334,Golgi membrane [GO:0000139],antiporter activity [GO:0015297]; UDP-galactose transmembrane transporter activity [GO:0005459],UDP-galactose translocator
Pocillopora_acuta_HIv2___RNAseq.12706_t,calcium,,P35439,2.44e-56,"Glutamate receptor ionotropic, NMDA 1 (GluN1) (Glutamate [NMDA] receptor subunit zeta-1) (N-methyl-D-aspartate receptor subunit NR1) (NMD-R1)","adult locomotory behavior [GO:0008344]; associative learning [GO:0008306]; calcium ion homeostasis [GO:0055074]; calcium ion transmembrane import into cytosol [GO:0097553]; calcium ion transmembrane transport [GO:0070588]; calcium ion transport [GO:0006816]; cellular response to glycine [GO:1905430]; cellular response to manganese ion [GO:0071287]; cerebral cortex development [GO:0021987]; chemical synaptic transmission [GO:0007268]; conditioned taste aversion [GO:0001661]; excitatory postsynaptic potential [GO:0060079]; intracellular calcium ion homeostasis [GO:0006874]; ionotropic glutamate receptor signaling pathway [GO:0035235]; learning [GO:0007612]; learning or memory [GO:0007611]; long-term memory [GO:0007616]; male mating behavior [GO:0060179]; memory [GO:0007613]; monoatomic cation transmembrane transport [GO:0098655]; monoatomic cation transport [GO:0006812]; negative regulation of neuron apoptotic process [GO:0043524]; neuromuscular process [GO:0050905]; neuron cellular homeostasis [GO:0070050]; olfactory learning [GO:0008355]; pons maturation [GO:0021586]; positive regulation of apoptotic process [GO:0043065]; positive regulation of calcium ion transport into cytosol [GO:0010524]; positive regulation of dendritic spine maintenance [GO:1902952]; positive regulation of excitatory postsynaptic potential [GO:2000463]; positive regulation of reactive oxygen species biosynthetic process [GO:1903428]; positive regulation of Schwann cell migration [GO:1900149]; positive regulation of synaptic transmission, glutamatergic [GO:0051968]; positive regulation of transcription by RNA polymerase II [GO:0045944]; prepulse inhibition [GO:0060134]; propylene metabolic process [GO:0018964]; protein heterotetramerization [GO:0051290]; protein localization to postsynaptic membrane [GO:1903539]; protein-containing complex assembly [GO:0065003]; regulation of axonogenesis [GO:0050770]; regulation of cell communication [GO:0010646]; regulation of dendrite morphogenesis [GO:0048814]; regulation of long-term neuronal synaptic plasticity [GO:0048169]; regulation of membrane potential [GO:0042391]; regulation of monoatomic cation transmembrane transport [GO:1904062]; regulation of neuron apoptotic process [GO:0043523]; regulation of neuronal synaptic plasticity [GO:0048168]; regulation of respiratory gaseous exchange [GO:0043576]; regulation of synapse assembly [GO:0051963]; regulation of synaptic plasticity [GO:0048167]; response to amine [GO:0014075]; response to amphetamine [GO:0001975]; response to calcium ion [GO:0051592]; response to ethanol [GO:0045471]; response to fungicide [GO:0060992]; response to glycine [GO:1905429]; response to glycoside [GO:1903416]; response to hypoxia [GO:0001666]; response to morphine [GO:0043278]; rhythmic process [GO:0048511]; sensory perception of pain [GO:0019233]; social behavior [GO:0035176]; sodium ion transmembrane transport [GO:0035725]; startle response [GO:0001964]; suckling behavior [GO:0001967]; synaptic transmission, glutamatergic [GO:0035249]; transcription by RNA polymerase II [GO:0006366]; visual learning [GO:0008542]",GO:0001540; GO:0001661; GO:0001666; GO:0001964; GO:0001967; GO:0001975; GO:0004970; GO:0004972; GO:0005102; GO:0005261; GO:0005262; GO:0005509; GO:0005516; GO:0005737; GO:0005783; GO:0005789; GO:0005886; GO:0006366; GO:0006812; GO:0006816; GO:0006874; GO:0007268; GO:0007611; GO:0007612; GO:0007613; GO:0007616; GO:0008021; GO:0008306; GO:0008344; GO:0008355; GO:0008542; GO:0009986; GO:0010524; GO:0010646; GO:0014069; GO:0014075; GO:0015280; GO:0016020; GO:0016594; GO:0016595; GO:0017146; GO:0018964; GO:0019233; GO:0019899; GO:0019902; GO:0021586; GO:0021987; GO:0022824; GO:0022843; GO:0022849; GO:0030425; GO:0030672; GO:0032590; GO:0034702; GO:0035176; GO:0035235; GO:0035249; GO:0035254; GO:0035725; GO:0038023; GO:0042391; GO:0042734; GO:0043005; GO:0043025; GO:0043065; GO:0043083; GO:0043195; GO:0043197; GO:0043278; GO:0043523; GO:0043524; GO:0043576; GO:0044307; GO:0044877; GO:0045202; GO:0045211; GO:0045471; GO:0045944; GO:0048167; GO:0048168; GO:0048169; GO:0048511; GO:0048787; GO:0048814; GO:0050770; GO:0050905; GO:0051290; GO:0051592; GO:0051963; GO:0051968; GO:0055074; GO:0060076; GO:0060079; GO:0060134; GO:0060179; GO:0060992; GO:0065003; GO:0070050; GO:0070588; GO:0071287; GO:0097060; GO:0097553; GO:0098655; GO:0098686; GO:0098688; GO:0098839; GO:0098878; GO:0098978; GO:0099507; GO:1900149; GO:1902952; GO:1903416; GO:1903428; GO:1903539; GO:1904062; GO:1904315; GO:1905429; GO:1905430; GO:2000463,cell surface [GO:0009986]; cytoplasm [GO:0005737]; dendrite [GO:0030425]; dendrite membrane [GO:0032590]; dendritic branch [GO:0044307]; dendritic spine [GO:0043197]; endoplasmic reticulum [GO:0005783]; endoplasmic reticulum membrane [GO:0005789]; excitatory synapse [GO:0060076]; glutamatergic synapse [GO:0098978]; hippocampal mossy fiber to CA3 synapse [GO:0098686]; membrane [GO:0016020]; monoatomic ion channel complex [GO:0034702]; neuron projection [GO:0043005]; neuronal cell body [GO:0043025]; neurotransmitter receptor complex [GO:0098878]; NMDA selective glutamate receptor complex [GO:0017146]; parallel fiber to Purkinje cell synapse [GO:0098688]; plasma membrane [GO:0005886]; postsynaptic density [GO:0014069]; postsynaptic density membrane [GO:0098839]; postsynaptic membrane [GO:0045211]; presynaptic active zone membrane [GO:0048787]; presynaptic membrane [GO:0042734]; synapse [GO:0045202]; synaptic cleft [GO:0043083]; synaptic membrane [GO:0097060]; synaptic vesicle [GO:0008021]; synaptic vesicle membrane [GO:0030672]; terminal bouton [GO:0043195],amyloid-beta binding [GO:0001540]; calcium channel activity [GO:0005262]; calcium ion binding [GO:0005509]; calmodulin binding [GO:0005516]; enzyme binding [GO:0019899]; glutamate binding [GO:0016595]; glutamate receptor binding [GO:0035254]; glutamate-gated calcium ion channel activity [GO:0022849]; glutamate-gated receptor activity [GO:0004970]; glycine binding [GO:0016594]; ligand-gated monoatomic ion channel activity involved in regulation of presynaptic membrane potential [GO:0099507]; ligand-gated sodium channel activity [GO:0015280]; monoatomic cation channel activity [GO:0005261]; NMDA glutamate receptor activity [GO:0004972]; phosphatase binding [GO:0019902]; protein-containing complex binding [GO:0044877]; signaling receptor activity [GO:0038023]; signaling receptor binding [GO:0005102]; transmitter-gated monoatomic ion channel activity [GO:0022824]; transmitter-gated monoatomic ion channel activity involved in regulation of postsynaptic membrane potential [GO:1904315]; voltage-gated monoatomic cation channel activity [GO:0022843],"Glutamate receptor ionotropic, NMDA 1"
Pocillopora_acuta_HIv2___RNAseq.13673_t,SLC,,Q6DCX5,2.33e-59,Proton-coupled folate transporter (Heme carrier protein 1) (Solute carrier family 46 member 1),transmembrane transport [GO:0055085],GO:0005542; GO:0005768; GO:0005886; GO:0010008; GO:0015293; GO:0015350; GO:0016323; GO:0016324; GO:0022857; GO:0055085,apical plasma membrane [GO:0016324]; basolateral plasma membrane [GO:0016323]; endosome [GO:0005768]; endosome membrane [GO:0010008]; plasma membrane [GO:0005886],folic acid binding [GO:0005542]; methotrexate transmembrane transporter activity [GO:0015350]; symporter activity [GO:0015293]; transmembrane transporter activity [GO:0022857],Proton-coupled folate transporter
Pocillopora_acuta_HIv2___RNAseq.1463_t,Bhattacharya2016,HOGA1,Q5M8W9,1.76e-132,"4-hydroxy-2-oxoglutarate aldolase, mitochondrial (EC 4.1.3.16) (Dihydrodipicolinate synthase-like) (DHDPS-like protein) (Probable 2-keto-4-hydroxyglutarate aldolase) (Probable KHG-aldolase)",small molecule metabolic process [GO:0044281],GO:0005739; GO:0008700; GO:0044281; GO:0106009,mitochondrion [GO:0005739],"(4S)-4-hydroxy-2-oxoglutarate aldolase activity [GO:0106009]; (R,S)-4-hydroxy-2-oxoglutarate aldolase activity [GO:0008700]",HOGA1
Pocillopora_acuta_HIv2___RNAseq.14728_t,SLC,,Q3U9N9,1.98e-40,Monocarboxylate transporter 10 (MCT 10) (Aromatic amino acid transporter 1) (Solute carrier family 16 member 10) (T-type amino acid transporter 1),aromatic amino acid transport [GO:0015801]; thyroid hormone generation [GO:0006590]; thyroid hormone transport [GO:0070327]; thyroid-stimulating hormone secretion [GO:0070460],GO:0005302; GO:0006590; GO:0015173; GO:0015192; GO:0015196; GO:0015349; GO:0015801; GO:0016323; GO:0030054; GO:0043231; GO:0070327; GO:0070460,basolateral plasma membrane [GO:0016323]; cell junction [GO:0030054]; intracellular membrane-bounded organelle [GO:0043231],aromatic amino acid transmembrane transporter activity [GO:0015173]; L-phenylalanine transmembrane transporter activity [GO:0015192]; L-tryptophan transmembrane transporter activity [GO:0015196]; L-tyrosine transmembrane transporter activity [GO:0005302]; thyroid hormone transmembrane transporter activity [GO:0015349],Monocarboxylate transporter 10
Pocillopora_acuta_HIv2___RNAseq.14729_t,SLC,,Q3U9N9,1.91e-41,Monocarboxylate transporter 10 (MCT 10) (Aromatic amino acid transporter 1) (Solute carrier family 16 member 10) (T-type amino acid transporter 1),aromatic amino acid transport [GO:0015801]; thyroid hormone generation [GO:0006590]; thyroid hormone transport [GO:0070327]; thyroid-stimulating hormone secretion [GO:0070460],GO:0005302; GO:0006590; GO:0015173; GO:0015192; GO:0015196; GO:0015349; GO:0015801; GO:0016323; GO:0030054; GO:0043231; GO:0070327; GO:0070460,basolateral plasma membrane [GO:0016323]; cell junction [GO:0030054]; intracellular membrane-bounded organelle [GO:0043231],aromatic amino acid transmembrane transporter activity [GO:0015173]; L-phenylalanine transmembrane transporter activity [GO:0015192]; L-tryptophan transmembrane transporter activity [GO:0015196]; L-tyrosine transmembrane transporter activity [GO:0005302]; thyroid hormone transmembrane transporter activity [GO:0015349],Monocarboxylate transporter 10
Pocillopora_acuta_HIv2___RNAseq.1475_t,"TRP, calcium",,Q91WD2,7.73e-58,Transient receptor potential cation channel subfamily V member 6 (TrpV6) (Calcium transport protein 1) (CaT1) (Epithelial calcium channel 2) (ECaC2),calcium ion homeostasis [GO:0055074]; calcium ion import across plasma membrane [GO:0098703]; calcium ion transmembrane transport [GO:0070588]; calcium ion transport [GO:0006816]; parathyroid hormone secretion [GO:0035898]; response to calcium ion [GO:0051592],GO:0005262; GO:0005516; GO:0005886; GO:0006816; GO:0016020; GO:0034704; GO:0035898; GO:0042802; GO:0046872; GO:0051592; GO:0055074; GO:0070588; GO:0098703,calcium channel complex [GO:0034704]; membrane [GO:0016020]; plasma membrane [GO:0005886],calcium channel activity [GO:0005262]; calmodulin binding [GO:0005516]; identical protein binding [GO:0042802]; metal ion binding [GO:0046872],Transient receptor potential cation channel subfamily V member 6
Pocillopora_acuta_HIv2___RNAseq.15738_t,SLC,,P43006,3.34e-126,Excitatory amino acid transporter 2 (GLT-1) (Sodium-dependent glutamate/aspartate transporter 2) (Solute carrier family 1 member 2),adult behavior [GO:0030534]; cellular response to cocaine [GO:0071314]; D-aspartate import across plasma membrane [GO:0070779]; glutathione biosynthetic process [GO:0006750]; L-aspartate import across plasma membrane [GO:0140009]; L-glutamate import across plasma membrane [GO:0098712]; L-glutamate transmembrane transport [GO:0015813]; monoatomic anion transmembrane transport [GO:0098656]; multicellular organism growth [GO:0035264]; nervous system development [GO:0007399]; neurotransmitter reuptake [GO:0098810]; positive regulation of D-glucose import [GO:0046326]; protein homotrimerization [GO:0070207]; response to amino acid [GO:0043200]; response to light stimulus [GO:0009416]; response to wounding [GO:0009611]; response to xenobiotic stimulus [GO:0009410]; telencephalon development [GO:0021537]; visual behavior [GO:0007632],GO:0005313; GO:0005314; GO:0005886; GO:0006750; GO:0007399; GO:0007632; GO:0008509; GO:0009410; GO:0009416; GO:0009611; GO:0009986; GO:0015501; GO:0015813; GO:0016020; GO:0021537; GO:0030424; GO:0030534; GO:0030673; GO:0031982; GO:0033229; GO:0035264; GO:0042734; GO:0043200; GO:0044297; GO:0044306; GO:0045121; GO:0045202; GO:0046326; GO:0046872; GO:0070207; GO:0070779; GO:0071314; GO:0097449; GO:0098656; GO:0098712; GO:0098796; GO:0098810; GO:0098978; GO:0140009,astrocyte projection [GO:0097449]; axolemma [GO:0030673]; axon [GO:0030424]; cell body [GO:0044297]; cell surface [GO:0009986]; glutamatergic synapse [GO:0098978]; membrane [GO:0016020]; membrane protein complex [GO:0098796]; membrane raft [GO:0045121]; neuron projection terminus [GO:0044306]; plasma membrane [GO:0005886]; presynaptic membrane [GO:0042734]; synapse [GO:0045202]; vesicle [GO:0031982],cysteine transmembrane transporter activity [GO:0033229]; glutamate:sodium symporter activity [GO:0015501]; high-affinity L-glutamate transmembrane transporter activity [GO:0005314]; L-glutamate transmembrane transporter activity [GO:0005313]; metal ion binding [GO:0046872]; monoatomic anion transmembrane transporter activity [GO:0008509],Excitatory amino acid transporter 2
Pocillopora_acuta_HIv2___RNAseq.17467_t,SLC,,A1L1W9,1.74e-53,Monocarboxylate transporter 10 (MCT 10) (Solute carrier family 16 member 10),aromatic amino acid transport [GO:0015801]; thyroid hormone transport [GO:0070327],GO:0005302; GO:0005886; GO:0015173; GO:0015192; GO:0015196; GO:0015349; GO:0015801; GO:0016323; GO:0022857; GO:0070327,basolateral plasma membrane [GO:0016323]; plasma membrane [GO:0005886],aromatic amino acid transmembrane transporter activity [GO:0015173]; L-phenylalanine transmembrane transporter activity [GO:0015192]; L-tryptophan transmembrane transporter activity [GO:0015196]; L-tyrosine transmembrane transporter activity [GO:0005302]; thyroid hormone transmembrane transporter activity [GO:0015349]; transmembrane transporter activity [GO:0022857],Monocarboxylate transporter 10
Pocillopora_acuta_HIv2___RNAseq.19507_t,SLC,,Q78KK3,8.3e-87,Solute carrier family 22 member 18 (Imprinted multi-membrane-spanning polyspecific transporter-related protein 1) (Multi-membrane-spanning polyspecific transporter) (Organic cation transporter-like protein 2) (ORCTL-2),monoatomic anion transport [GO:0006820],GO:0005886; GO:0006820; GO:0008514; GO:0015293; GO:0016324,apical plasma membrane [GO:0016324]; plasma membrane [GO:0005886],organic anion transmembrane transporter activity [GO:0008514]; symporter activity [GO:0015293],Solute carrier family 22 member 18
Pocillopora_acuta_HIv2___RNAseq.22237_t,calcium,,Q62398,4.21e-180,Cyclic nucleotide-gated channel alpha-2 (CNG channel alpha-2) (CNG-2) (CNG2) (Olfactory cyclic nucleotide-gated channel subunit 1) (OCNC1),calcium ion transport [GO:0006816]; potassium ion transport [GO:0006813]; sensory perception of smell [GO:0007608]; sodium ion transport [GO:0006814],GO:0005216; GO:0005221; GO:0005249; GO:0005262; GO:0005516; GO:0005886; GO:0006813; GO:0006814; GO:0006816; GO:0007608; GO:0030552; GO:0030553; GO:0060170; GO:0098804,ciliary membrane [GO:0060170]; non-motile cilium membrane [GO:0098804]; plasma membrane [GO:0005886],calcium channel activity [GO:0005262]; calmodulin binding [GO:0005516]; cAMP binding [GO:0030552]; cGMP binding [GO:0030553]; intracellularly cyclic nucleotide-activated monoatomic cation channel activity [GO:0005221]; monoatomic ion channel activity [GO:0005216]; voltage-gated potassium channel activity [GO:0005249],Cyclic nucleotide-gated channel alpha-2
Pocillopora_acuta_HIv2___RNAseq.24886_t,SLC,,Q2HJ10,1.12e-120,Proton-coupled zinc antiporter SLC30A2 (Solute carrier family 30 member 2) (Zinc transporter 2) (ZnT-2),intracellular zinc ion homeostasis [GO:0006882]; zinc ion import into lysosome [GO:0140916]; zinc ion import into mitochondrion [GO:0140917]; zinc ion import into zymogen granule [GO:0140915],GO:0005743; GO:0005765; GO:0005770; GO:0005886; GO:0006882; GO:0010008; GO:0030658; GO:0042589; GO:0042802; GO:0046872; GO:0140826; GO:0140915; GO:0140916; GO:0140917,endosome membrane [GO:0010008]; late endosome [GO:0005770]; lysosomal membrane [GO:0005765]; mitochondrial inner membrane [GO:0005743]; plasma membrane [GO:0005886]; transport vesicle membrane [GO:0030658]; zymogen granule membrane [GO:0042589],identical protein binding [GO:0042802]; metal ion binding [GO:0046872]; zinc:proton antiporter activity [GO:0140826],Proton-coupled zinc antiporter SLC30A2
Pocillopora_acuta_HIv2___RNAseq.25384_t,SLC,,B3TP03,7.73e-126,Cationic amino acid transporter 2 (CAT-2) (CAT2) (cCAT-2) (Low affinity cationic amino acid transporter 2) (Solute carrier family 7 member 2),L-arginine import across plasma membrane [GO:0097638]; L-lysine import across plasma membrane [GO:0097639]; L-ornithine transmembrane transport [GO:1903352],GO:0000064; GO:0005737; GO:0005794; GO:0005886; GO:0015189; GO:0031410; GO:0061459; GO:0097638; GO:0097639; GO:1903352,cytoplasm [GO:0005737]; cytoplasmic vesicle [GO:0031410]; Golgi apparatus [GO:0005794]; plasma membrane [GO:0005886],L-arginine transmembrane transporter activity [GO:0061459]; L-lysine transmembrane transporter activity [GO:0015189]; L-ornithine transmembrane transporter activity [GO:0000064],Cationic amino acid transporter 2
Pocillopora_acuta_HIv2___RNAseq.27755_t,SLC,,A7S1L6,5.11e-180,GDP-fucose transporter 1 (Solute carrier family 35 member C1 homolog),GDP-fucose import into Golgi lumen [GO:0036085],GO:0000139; GO:0005457; GO:0005794; GO:0015297; GO:0036085,Golgi apparatus [GO:0005794]; Golgi membrane [GO:0000139],antiporter activity [GO:0015297]; GDP-fucose transmembrane transporter activity [GO:0005457],GDP-fucose transporter 1
Pocillopora_acuta_HIv2___RNAseq.29542_t,calcium,,O00305,1.05e-71,Voltage-dependent L-type calcium channel subunit beta-4 (CAB4) (Calcium channel voltage-dependent subunit beta 4),"adult walking behavior [GO:0007628]; calcium ion transport [GO:0006816]; cAMP metabolic process [GO:0046058]; cellular response to leukemia inhibitory factor [GO:1990830]; chemical synaptic transmission [GO:0007268]; detection of light stimulus involved in visual perception [GO:0050908]; gamma-aminobutyric acid secretion [GO:0014051]; gamma-aminobutyric acid signaling pathway [GO:0007214]; muscle cell development [GO:0055001]; negative regulation of cell population proliferation [GO:0008285]; negative regulation of G1/S transition of mitotic cell cycle [GO:2000134]; neuromuscular junction development [GO:0007528]; neuronal action potential propagation [GO:0019227]; Peyer's patch development [GO:0048541]; positive regulation of protein localization to nucleolus [GO:1904751]; regulation of synaptic vesicle exocytosis [GO:2000300]; regulation of voltage-gated calcium channel activity [GO:1901385]; spleen development [GO:0048536]; synaptic transmission, glutamatergic [GO:0035249]; T cell receptor signaling pathway [GO:0050852]; thymus development [GO:0048538]",GO:0005829; GO:0005886; GO:0005891; GO:0006816; GO:0007214; GO:0007268; GO:0007528; GO:0007628; GO:0008285; GO:0009898; GO:0014051; GO:0016607; GO:0019227; GO:0019901; GO:0035249; GO:0045202; GO:0046058; GO:0048536; GO:0048538; GO:0048541; GO:0050852; GO:0050908; GO:0055001; GO:0098793; GO:0098978; GO:0099626; GO:1901385; GO:1904751; GO:1990830; GO:2000134; GO:2000300,cytoplasmic side of plasma membrane [GO:0009898]; cytosol [GO:0005829]; glutamatergic synapse [GO:0098978]; nuclear speck [GO:0016607]; plasma membrane [GO:0005886]; presynapse [GO:0098793]; synapse [GO:0045202]; voltage-gated calcium channel complex [GO:0005891],protein kinase binding [GO:0019901]; voltage-gated calcium channel activity involved in regulation of presynaptic cytosolic calcium levels [GO:0099626],Voltage-dependent L-type calcium channel subunit beta-4
Pocillopora_acuta_HIv2___RNAseq.30394_t,SLC,,B0G143,3.91e-93,Mitochondrial substrate carrier family protein ucpB (Solute carrier family 25 member 30 homolog) (Uncoupler protein B),response to cadmium ion [GO:0046686],GO:0005743; GO:0022857; GO:0046686,mitochondrial inner membrane [GO:0005743],transmembrane transporter activity [GO:0022857],Mitochondrial substrate carrier family protein ucpB
Pocillopora_acuta_HIv2___RNAseq.30677_t,SLC,,Q7ZX53,7.5e-99,Solute carrier family 22 member 15-like,monoatomic ion transport [GO:0006811],GO:0006811; GO:0016020; GO:0022857,membrane [GO:0016020],transmembrane transporter activity [GO:0022857],Solute carrier family 22 member 15-like
Pocillopora_acuta_HIv2___RNAseq.30912_t,SLC,,A1L1W9,1.2e-69,Monocarboxylate transporter 10 (MCT 10) (Solute carrier family 16 member 10),aromatic amino acid transport [GO:0015801]; thyroid hormone transport [GO:0070327],GO:0005302; GO:0005886; GO:0015173; GO:0015192; GO:0015196; GO:0015349; GO:0015801; GO:0016323; GO:0022857; GO:0070327,basolateral plasma membrane [GO:0016323]; plasma membrane [GO:0005886],aromatic amino acid transmembrane transporter activity [GO:0015173]; L-phenylalanine transmembrane transporter activity [GO:0015192]; L-tryptophan transmembrane transporter activity [GO:0015196]; L-tyrosine transmembrane transporter activity [GO:0005302]; thyroid hormone transmembrane transporter activity [GO:0015349]; transmembrane transporter activity [GO:0022857],Monocarboxylate transporter 10
Pocillopora_acuta_HIv2___RNAseq.7857_t,SLC,,O43826,1.19e-99,Glucose-6-phosphate exchanger SLC37A4 (Glucose-5-phosphate transporter) (Glucose-6-phosphate translocase) (Solute carrier family 37 member 4) (Transformation-related gene 19 protein) (TRG-19),gluconeogenesis [GO:0006094]; glucose homeostasis [GO:0042593]; glucose metabolic process [GO:0006006]; glucose-6-phosphate transport [GO:0015760]; phosphate ion transmembrane transport [GO:0035435],GO:0005783; GO:0005789; GO:0006006; GO:0006094; GO:0015152; GO:0015760; GO:0016020; GO:0035435; GO:0042593; GO:0061513,endoplasmic reticulum [GO:0005783]; endoplasmic reticulum membrane [GO:0005789]; membrane [GO:0016020],glucose 6-phosphate:phosphate antiporter activity [GO:0061513]; glucose-6-phosphate transmembrane transporter activity [GO:0015152],Glucose-6-phosphate exchanger SLC37A4
Pocillopora_acuta_HIv2___RNAseq.7868_t,SLC,,O43826,1.36e-13,Glucose-6-phosphate exchanger SLC37A4 (Glucose-5-phosphate transporter) (Glucose-6-phosphate translocase) (Solute carrier family 37 member 4) (Transformation-related gene 19 protein) (TRG-19),gluconeogenesis [GO:0006094]; glucose homeostasis [GO:0042593]; glucose metabolic process [GO:0006006]; glucose-6-phosphate transport [GO:0015760]; phosphate ion transmembrane transport [GO:0035435],GO:0005783; GO:0005789; GO:0006006; GO:0006094; GO:0015152; GO:0015760; GO:0016020; GO:0035435; GO:0042593; GO:0061513,endoplasmic reticulum [GO:0005783]; endoplasmic reticulum membrane [GO:0005789]; membrane [GO:0016020],glucose 6-phosphate:phosphate antiporter activity [GO:0061513]; glucose-6-phosphate transmembrane transporter activity [GO:0015152],Glucose-6-phosphate exchanger SLC37A4
Pocillopora_acuta_HIv2___RNAseq.8221_t,aquaporin,,O43315,2.66e-88,Aquaporin-9 (AQP-9) (Aquaglyceroporin-9) (Small solute channel 1),amine transport [GO:0015837]; cellular response to cAMP [GO:0071320]; detoxification of arsenic-containing substance [GO:0071722]; glycerol transmembrane transport [GO:0015793]; purine nucleobase transport [GO:0006863]; pyrimidine nucleobase transport [GO:0015855]; urea transmembrane transport [GO:0071918]; water transport [GO:0006833],GO:0005345; GO:0005350; GO:0005886; GO:0006833; GO:0006863; GO:0015204; GO:0015250; GO:0015254; GO:0015265; GO:0015267; GO:0015793; GO:0015837; GO:0015855; GO:0016323; GO:0043231; GO:0071320; GO:0071722; GO:0071918; GO:0140070,basolateral plasma membrane [GO:0016323]; intracellular membrane-bounded organelle [GO:0043231]; plasma membrane [GO:0005886],channel activity [GO:0015267]; glycerol channel activity [GO:0015254]; hydrogen peroxide channel activity [GO:0140070]; purine nucleobase transmembrane transporter activity [GO:0005345]; pyrimidine nucleobase transmembrane transporter activity [GO:0005350]; urea channel activity [GO:0015265]; urea transmembrane transporter activity [GO:0015204]; water channel activity [GO:0015250],Aquaporin-9
Pocillopora_acuta_HIv2___RNAseq.8951_t,SLC,,Q1L8X9,2.89e-118,Vesicular glutamate transporter 3 (VGluT3) (Solute carrier family 17 member 8),"equilibrioception [GO:0050957]; L-glutamate import [GO:0051938]; L-glutamate transmembrane transport [GO:0015813]; neurotransmitter loading into synaptic vesicle [GO:0098700]; phosphate ion homeostasis [GO:0055062]; positive regulation of glutamate uptake involved in transmission of nerve impulse [GO:0051951]; regulation of acetylcholine uptake [GO:0051631]; regulation of synapse structure or activity [GO:0050803]; sodium-dependent phosphate transport [GO:0044341]; synaptic transmission, glutamatergic [GO:0035249]; vestibular reflex [GO:0060005]",GO:0005254; GO:0005313; GO:0005326; GO:0005436; GO:0005886; GO:0015813; GO:0030672; GO:0034707; GO:0035249; GO:0043005; GO:0044341; GO:0050803; GO:0050957; GO:0051631; GO:0051938; GO:0051951; GO:0055062; GO:0060005; GO:0060076; GO:0098700; GO:0140788,chloride channel complex [GO:0034707]; excitatory synapse [GO:0060076]; neuron projection [GO:0043005]; plasma membrane [GO:0005886]; synaptic vesicle membrane [GO:0030672],chloride channel activity [GO:0005254]; L-glutamate transmembrane transporter activity [GO:0005313]; L-glutamate uniporter activity [GO:0140788]; neurotransmitter transmembrane transporter activity [GO:0005326]; sodium:phosphate symporter activity [GO:0005436],Vesicular glutamate transporter 3
Pocillopora_acuta_HIv2___RNAseq.g10257.t1,"calcium, Bhattacharya2016",CASR,O62714,2.01e-156,Extracellular calcium-sensing receptor (CaSR) (Parathyroid cell calcium-sensing receptor) (PCaR1),detection of calcium ion [GO:0005513]; G protein-coupled receptor signaling pathway [GO:0007186]; intracellular calcium ion homeostasis [GO:0006874]; regulation of calcium ion transport [GO:0051924],GO:0004930; GO:0005509; GO:0005513; GO:0005886; GO:0006874; GO:0007186; GO:0016597; GO:0042803; GO:0051924,plasma membrane [GO:0005886],amino acid binding [GO:0016597]; calcium ion binding [GO:0005509]; G protein-coupled receptor activity [GO:0004930]; protein homodimerization activity [GO:0042803],CASR
Pocillopora_acuta_HIv2___RNAseq.g10316.t1,SLC,,Q01827,6.13e-109,Synaptic vesicular amine transporter (Monoamine transporter) (Solute carrier family 18 member 2) (Vesicular amine transporter 2) (VAT2) (Vesicular monoamine transporter 2),aminergic neurotransmitter loading into synaptic vesicle [GO:0015842]; cellular response to ammonium ion [GO:0071242]; cellular response to xenobiotic stimulus [GO:0071466]; endocytic recycling [GO:0032456]; histamine secretion by mast cell [GO:0002553]; histamine uptake [GO:0051615]; insulin secretion [GO:0030073]; locomotory behavior [GO:0007626]; monoamine transport [GO:0015844]; negative regulation of neurotransmitter transport [GO:0051589]; neurotransmitter loading into synaptic vesicle [GO:0098700]; neurotransmitter transport [GO:0006836]; post-embryonic development [GO:0009791]; response to amphetamine [GO:0001975]; response to cocaine [GO:0042220]; response to corticosterone [GO:0051412]; response to herbicide [GO:0009635]; response to metal ion [GO:0010038]; response to starvation [GO:0042594]; response to toxic substance [GO:0009636]; response to xenobiotic stimulus [GO:0009410]; response to zinc ion [GO:0010043]; serotonin secretion by mast cell [GO:0002552]; serotonin uptake [GO:0051610]; somato-dendritic dopamine secretion [GO:0099123],GO:0001975; GO:0002552; GO:0002553; GO:0005275; GO:0005335; GO:0006836; GO:0007626; GO:0008021; GO:0009410; GO:0009635; GO:0009636; GO:0009791; GO:0010038; GO:0010043; GO:0015311; GO:0015842; GO:0015844; GO:0019899; GO:0030073; GO:0030424; GO:0030425; GO:0030667; GO:0030672; GO:0031045; GO:0031072; GO:0032456; GO:0042220; GO:0042594; GO:0042910; GO:0042995; GO:0043025; GO:0043195; GO:0043679; GO:0044297; GO:0051412; GO:0051589; GO:0051610; GO:0051615; GO:0071242; GO:0071466; GO:0098691; GO:0098700; GO:0098794; GO:0098992; GO:0099012; GO:0099123; GO:1901363,axon [GO:0030424]; axon terminus [GO:0043679]; cell body [GO:0044297]; cell projection [GO:0042995]; dendrite [GO:0030425]; dense core granule [GO:0031045]; dopaminergic synapse [GO:0098691]; neuronal cell body [GO:0043025]; neuronal dense core vesicle [GO:0098992]; neuronal dense core vesicle membrane [GO:0099012]; postsynapse [GO:0098794]; secretory granule membrane [GO:0030667]; synaptic vesicle [GO:0008021]; synaptic vesicle membrane [GO:0030672]; terminal bouton [GO:0043195],amine transmembrane transporter activity [GO:0005275]; enzyme binding [GO:0019899]; heat shock protein binding [GO:0031072]; heterocyclic compound binding [GO:1901363]; monoamine:proton antiporter activity [GO:0015311]; serotonin:sodium:chloride symporter activity [GO:0005335]; xenobiotic transmembrane transporter activity [GO:0042910],Synaptic vesicular amine transporter
Pocillopora_acuta_HIv2___RNAseq.g10322.t1,SLC,,Q28FF3,1.22e-115,Solute carrier family 49 member A3 (Major facilitator superfamily domain-containing protein 7-a) (Major facilitator superfamily domain-containing protein 7-b) (Myosin light polypeptide 5 regulatory protein) (MYL5),,GO:0016020; GO:0022857,membrane [GO:0016020],transmembrane transporter activity [GO:0022857],Solute carrier family 49 member A3
Pocillopora_acuta_HIv2___RNAseq.g10473.t1,calcium,,P29274,9.04e-13,Adenosine receptor A2a,"adenylate cyclase-activating G protein-coupled receptor signaling pathway [GO:0007189]; adenylate cyclase-modulating G protein-coupled receptor signaling pathway [GO:0007188]; apoptotic process [GO:0006915]; apoptotic signaling pathway [GO:0097190]; astrocyte activation [GO:0048143]; blood circulation [GO:0008015]; blood coagulation [GO:0007596]; cell-cell signaling [GO:0007267]; cellular defense response [GO:0006968]; central nervous system development [GO:0007417]; eating behavior [GO:0042755]; excitatory postsynaptic potential [GO:0060079]; G protein-coupled adenosine receptor signaling pathway [GO:0001973]; inflammatory response [GO:0006954]; inhibitory postsynaptic potential [GO:0060080]; locomotory behavior [GO:0007626]; membrane depolarization [GO:0051899]; negative regulation of alpha-beta T cell activation [GO:0046636]; negative regulation of cell population proliferation [GO:0008285]; negative regulation of inflammatory response [GO:0050728]; negative regulation of neuron apoptotic process [GO:0043524]; negative regulation of vascular permeability [GO:0043116]; neuron projection morphogenesis [GO:0048812]; phagocytosis [GO:0006909]; phospholipase C-activating G protein-coupled receptor signaling pathway [GO:0007200]; positive regulation of acetylcholine secretion, neurotransmission [GO:0014057]; positive regulation of apoptotic signaling pathway [GO:2001235]; positive regulation of circadian sleep/wake cycle, sleep [GO:0045938]; positive regulation of ERK1 and ERK2 cascade [GO:0070374]; positive regulation of glutamate secretion [GO:0014049]; positive regulation of long-term synaptic potentiation [GO:1900273]; positive regulation of protein secretion [GO:0050714]; positive regulation of synaptic transmission, GABAergic [GO:0032230]; positive regulation of synaptic transmission, glutamatergic [GO:0051968]; positive regulation of urine volume [GO:0035810]; prepulse inhibition [GO:0060134]; presynaptic modulation of chemical synaptic transmission [GO:0099171]; regulation of calcium ion transport [GO:0051924]; regulation of DNA-templated transcription [GO:0006355]; regulation of mitochondrial membrane potential [GO:0051881]; regulation of norepinephrine secretion [GO:0014061]; response to amphetamine [GO:0001975]; response to caffeine [GO:0031000]; response to purine-containing compound [GO:0014074]; response to xenobiotic stimulus [GO:0009410]; sensory perception [GO:0007600]; synaptic transmission, cholinergic [GO:0007271]; synaptic transmission, dopaminergic [GO:0001963]; synaptic transmission, glutamatergic [GO:0035249]; vasodilation [GO:0042311]",GO:0001609; GO:0001963; GO:0001973; GO:0001975; GO:0005516; GO:0005882; GO:0005886; GO:0006355; GO:0006909; GO:0006915; GO:0006954; GO:0006968; GO:0007188; GO:0007189; GO:0007200; GO:0007267; GO:0007271; GO:0007417; GO:0007596; GO:0007600; GO:0007626; GO:0008015; GO:0008285; GO:0008289; GO:0009410; GO:0014049; GO:0014057; GO:0014061; GO:0014074; GO:0016020; GO:0019899; GO:0030425; GO:0030673; GO:0031000; GO:0031802; GO:0032230; GO:0032279; GO:0035249; GO:0035810; GO:0042311; GO:0042734; GO:0042755; GO:0042802; GO:0043025; GO:0043116; GO:0043524; GO:0044877; GO:0045211; GO:0045938; GO:0046636; GO:0048143; GO:0048786; GO:0048812; GO:0050714; GO:0050728; GO:0051393; GO:0051881; GO:0051899; GO:0051924; GO:0051968; GO:0060079; GO:0060080; GO:0060134; GO:0070374; GO:0097190; GO:0098978; GO:0099171; GO:1900273; GO:2001235,asymmetric synapse [GO:0032279]; axolemma [GO:0030673]; dendrite [GO:0030425]; glutamatergic synapse [GO:0098978]; intermediate filament [GO:0005882]; membrane [GO:0016020]; neuronal cell body [GO:0043025]; plasma membrane [GO:0005886]; postsynaptic membrane [GO:0045211]; presynaptic active zone [GO:0048786]; presynaptic membrane [GO:0042734],alpha-actinin binding [GO:0051393]; calmodulin binding [GO:0005516]; enzyme binding [GO:0019899]; G protein-coupled adenosine receptor activity [GO:0001609]; identical protein binding [GO:0042802]; lipid binding [GO:0008289]; protein-containing complex binding [GO:0044877]; type 5 metabotropic glutamate receptor binding [GO:0031802],Adenosine receptor A2a
Pocillopora_acuta_HIv2___RNAseq.g10474.t1,calcium,,P29274,2.64e-16,Adenosine receptor A2a,"adenylate cyclase-activating G protein-coupled receptor signaling pathway [GO:0007189]; adenylate cyclase-modulating G protein-coupled receptor signaling pathway [GO:0007188]; apoptotic process [GO:0006915]; apoptotic signaling pathway [GO:0097190]; astrocyte activation [GO:0048143]; blood circulation [GO:0008015]; blood coagulation [GO:0007596]; cell-cell signaling [GO:0007267]; cellular defense response [GO:0006968]; central nervous system development [GO:0007417]; eating behavior [GO:0042755]; excitatory postsynaptic potential [GO:0060079]; G protein-coupled adenosine receptor signaling pathway [GO:0001973]; inflammatory response [GO:0006954]; inhibitory postsynaptic potential [GO:0060080]; locomotory behavior [GO:0007626]; membrane depolarization [GO:0051899]; negative regulation of alpha-beta T cell activation [GO:0046636]; negative regulation of cell population proliferation [GO:0008285]; negative regulation of inflammatory response [GO:0050728]; negative regulation of neuron apoptotic process [GO:0043524]; negative regulation of vascular permeability [GO:0043116]; neuron projection morphogenesis [GO:0048812]; phagocytosis [GO:0006909]; phospholipase C-activating G protein-coupled receptor signaling pathway [GO:0007200]; positive regulation of acetylcholine secretion, neurotransmission [GO:0014057]; positive regulation of apoptotic signaling pathway [GO:2001235]; positive regulation of circadian sleep/wake cycle, sleep [GO:0045938]; positive regulation of ERK1 and ERK2 cascade [GO:0070374]; positive regulation of glutamate secretion [GO:0014049]; positive regulation of long-term synaptic potentiation [GO:1900273]; positive regulation of protein secretion [GO:0050714]; positive regulation of synaptic transmission, GABAergic [GO:0032230]; positive regulation of synaptic transmission, glutamatergic [GO:0051968]; positive regulation of urine volume [GO:0035810]; prepulse inhibition [GO:0060134]; presynaptic modulation of chemical synaptic transmission [GO:0099171]; regulation of calcium ion transport [GO:0051924]; regulation of DNA-templated transcription [GO:0006355]; regulation of mitochondrial membrane potential [GO:0051881]; regulation of norepinephrine secretion [GO:0014061]; response to amphetamine [GO:0001975]; response to caffeine [GO:0031000]; response to purine-containing compound [GO:0014074]; response to xenobiotic stimulus [GO:0009410]; sensory perception [GO:0007600]; synaptic transmission, cholinergic [GO:0007271]; synaptic transmission, dopaminergic [GO:0001963]; synaptic transmission, glutamatergic [GO:0035249]; vasodilation [GO:0042311]",GO:0001609; GO:0001963; GO:0001973; GO:0001975; GO:0005516; GO:0005882; GO:0005886; GO:0006355; GO:0006909; GO:0006915; GO:0006954; GO:0006968; GO:0007188; GO:0007189; GO:0007200; GO:0007267; GO:0007271; GO:0007417; GO:0007596; GO:0007600; GO:0007626; GO:0008015; GO:0008285; GO:0008289; GO:0009410; GO:0014049; GO:0014057; GO:0014061; GO:0014074; GO:0016020; GO:0019899; GO:0030425; GO:0030673; GO:0031000; GO:0031802; GO:0032230; GO:0032279; GO:0035249; GO:0035810; GO:0042311; GO:0042734; GO:0042755; GO:0042802; GO:0043025; GO:0043116; GO:0043524; GO:0044877; GO:0045211; GO:0045938; GO:0046636; GO:0048143; GO:0048786; GO:0048812; GO:0050714; GO:0050728; GO:0051393; GO:0051881; GO:0051899; GO:0051924; GO:0051968; GO:0060079; GO:0060080; GO:0060134; GO:0070374; GO:0097190; GO:0098978; GO:0099171; GO:1900273; GO:2001235,asymmetric synapse [GO:0032279]; axolemma [GO:0030673]; dendrite [GO:0030425]; glutamatergic synapse [GO:0098978]; intermediate filament [GO:0005882]; membrane [GO:0016020]; neuronal cell body [GO:0043025]; plasma membrane [GO:0005886]; postsynaptic membrane [GO:0045211]; presynaptic active zone [GO:0048786]; presynaptic membrane [GO:0042734],alpha-actinin binding [GO:0051393]; calmodulin binding [GO:0005516]; enzyme binding [GO:0019899]; G protein-coupled adenosine receptor activity [GO:0001609]; identical protein binding [GO:0042802]; lipid binding [GO:0008289]; protein-containing complex binding [GO:0044877]; type 5 metabotropic glutamate receptor binding [GO:0031802],Adenosine receptor A2a
Pocillopora_acuta_HIv2___RNAseq.g10660.t2,calcium,,Q8VIJ5,0,Protein O-GlcNAcase (OGA) (EC 3.2.1.169) (Beta-N-acetylhexosaminidase) (Beta-hexosaminidase) (Bifunctional protein NCOAT) (Meningioma-expressed antigen 5) (N-acetyl-beta-D-glucosaminidase) (N-acetyl-beta-glucosaminidase),dATP metabolic process [GO:0046060]; glycoprotein metabolic process [GO:0009100]; N-acetylglucosamine metabolic process [GO:0006044]; negative regulation of cardiac muscle adaptation [GO:0010616]; negative regulation of protein glycosylation [GO:0060051]; positive regulation of apoptotic process [GO:0043065]; positive regulation of calcium ion transport [GO:0051928]; positive regulation of calcium ion transport into cytosol [GO:0010524]; positive regulation of cell killing [GO:0031343]; positive regulation of D-glucose import [GO:0046326]; positive regulation of DNA metabolic process [GO:0051054]; positive regulation of growth hormone secretion [GO:0060124]; positive regulation of insulin secretion [GO:0032024]; positive regulation of mitochondrial depolarization [GO:0051901]; positive regulation of protein-containing complex disassembly [GO:0043243]; positive regulation of proteolysis [GO:0045862]; protein targeting to membrane [GO:0006612]; response to steroid hormone [GO:0048545],GO:0004402; GO:0005634; GO:0005829; GO:0006044; GO:0006612; GO:0009100; GO:0010524; GO:0010616; GO:0016231; GO:0031343; GO:0032024; GO:0042802; GO:0043065; GO:0043243; GO:0045862; GO:0046060; GO:0046326; GO:0048545; GO:0051054; GO:0051901; GO:0051928; GO:0060051; GO:0060124; GO:0102571,cytosol [GO:0005829]; nucleus [GO:0005634],[protein]-3-O-(N-acetyl-D-glucosaminyl)-L-serine/L-threonine O-N-acetyl-alpha-D-glucosaminase activity [GO:0102571]; beta-N-acetylglucosaminidase activity [GO:0016231]; histone acetyltransferase activity [GO:0004402]; identical protein binding [GO:0042802],Protein O-GlcNAcase
Pocillopora_acuta_HIv2___RNAseq.g10676.t1,"TRP, calcium",,Q7Z020,2.24e-22,Transient receptor potential cation channel subfamily A member 1 (dTRPA1) (Ankyrin-like with transmembrane domains protein 1) (dANKTM1),calcium ion transport [GO:0006816]; cellular response to heat [GO:0034605]; cellular response to pulsatile fluid shear stress [GO:0097703]; detection of chemical stimulus involved in sensory perception of bitter taste [GO:0001580]; detection of chemical stimulus involved in sensory perception of pain [GO:0050968]; detection of hot stimulus involved in thermoception [GO:0120168]; detection of temperature stimulus involved in sensory perception of pain [GO:0050965]; detection of temperature stimulus involved in thermoception [GO:0050960]; mechanosensory behavior [GO:0007638]; monoatomic cation transmembrane transport [GO:0098655]; monoatomic cation transport [GO:0006812]; negative phototaxis [GO:0046957]; neuronal signal transduction [GO:0023041]; phototransduction [GO:0007602]; positive regulation of calcium-mediated signaling [GO:0050850]; response to heat [GO:0009408]; response to light stimulus [GO:0009416]; temperature compensation of the circadian clock [GO:0010378]; thermosensory behavior [GO:0040040]; thermotaxis [GO:0043052],GO:0001580; GO:0005261; GO:0005262; GO:0005886; GO:0006812; GO:0006816; GO:0007602; GO:0007638; GO:0009408; GO:0009416; GO:0010378; GO:0015276; GO:0016020; GO:0023041; GO:0034605; GO:0034703; GO:0040040; GO:0043052; GO:0046957; GO:0050850; GO:0050960; GO:0050965; GO:0050968; GO:0097604; GO:0097703; GO:0098655; GO:0120168,cation channel complex [GO:0034703]; membrane [GO:0016020]; plasma membrane [GO:0005886],calcium channel activity [GO:0005262]; ligand-gated monoatomic ion channel activity [GO:0015276]; monoatomic cation channel activity [GO:0005261]; temperature-gated cation channel activity [GO:0097604],Transient receptor potential cation channel subfamily A member 1
Pocillopora_acuta_HIv2___RNAseq.g10677.t1,"TRP, calcium",,Q9W0T5,8.61e-21,Transient receptor potential channel pyrexia,calcium ion transport [GO:0006816]; monoatomic cation transport [GO:0006812]; negative gravitaxis [GO:0048060]; potassium ion transport [GO:0006813]; response to heat [GO:0009408],GO:0005261; GO:0005262; GO:0006812; GO:0006813; GO:0006816; GO:0009408; GO:0016020; GO:0034703; GO:0048060,cation channel complex [GO:0034703]; membrane [GO:0016020],calcium channel activity [GO:0005262]; monoatomic cation channel activity [GO:0005261],Transient receptor potential channel pyrexia
Pocillopora_acuta_HIv2___RNAseq.g10687.t1,SLC,,Q9H015,2.08e-71,Solute carrier family 22 member 4 (Ergothioneine transporter) (ET transporter) (ETTh) (Organic cation/carnitine transporter 1) (OCTN1),amino acid import across plasma membrane [GO:0089718]; carnitine metabolic process [GO:0009437]; carnitine transport [GO:0015879]; quaternary ammonium group transport [GO:0015697]; sodium ion transport [GO:0006814]; triglyceride metabolic process [GO:0006641]; xenobiotic transport [GO:0042908],GO:0005277; GO:0005524; GO:0005739; GO:0005886; GO:0006641; GO:0006814; GO:0008513; GO:0009437; GO:0009925; GO:0015171; GO:0015199; GO:0015226; GO:0015293; GO:0015651; GO:0015697; GO:0015879; GO:0016324; GO:0030165; GO:0031966; GO:0042908; GO:0089718,apical plasma membrane [GO:0016324]; basal plasma membrane [GO:0009925]; mitochondrial membrane [GO:0031966]; mitochondrion [GO:0005739]; plasma membrane [GO:0005886],acetylcholine transmembrane transporter activity [GO:0005277]; amino acid transmembrane transporter activity [GO:0015171]; amino-acid betaine transmembrane transporter activity [GO:0015199]; ATP binding [GO:0005524]; carnitine transmembrane transporter activity [GO:0015226]; PDZ domain binding [GO:0030165]; quaternary ammonium group transmembrane transporter activity [GO:0015651]; secondary active organic cation transmembrane transporter activity [GO:0008513]; symporter activity [GO:0015293],Solute carrier family 22 member 4
Pocillopora_acuta_HIv2___RNAseq.g10715.t1,SLC,,Q9JI12,6.21e-117,Vesicular glutamate transporter 2 (VGluT2) (Differentiation-associated BNPI) (Differentiation-associated Na(+)-dependent inorganic phosphate cotransporter) (Solute carrier family 17 member 6),"hippocampus development [GO:0021766]; hyaloid vascular plexus regression [GO:1990384]; L-glutamate import [GO:0051938]; L-glutamate transmembrane transport [GO:0015813]; neural retina development [GO:0003407]; neurotransmitter loading into synaptic vesicle [GO:0098700]; neurotransmitter uptake [GO:0001504]; phosphate ion homeostasis [GO:0055062]; phosphate ion transport [GO:0006817]; regulation of synapse structure or activity [GO:0050803]; sodium-dependent phosphate transport [GO:0044341]; synaptic transmission, glutamatergic [GO:0035249]",GO:0001504; GO:0003407; GO:0005254; GO:0005313; GO:0005326; GO:0005436; GO:0005769; GO:0005886; GO:0006817; GO:0008021; GO:0015386; GO:0015813; GO:0021766; GO:0030672; GO:0034707; GO:0035249; GO:0043005; GO:0044341; GO:0050803; GO:0051938; GO:0055062; GO:0060076; GO:0098700; GO:0098793; GO:0140787; GO:0140788; GO:1990030; GO:1990384,chloride channel complex [GO:0034707]; early endosome [GO:0005769]; excitatory synapse [GO:0060076]; neuron projection [GO:0043005]; pericellular basket [GO:1990030]; plasma membrane [GO:0005886]; presynapse [GO:0098793]; synaptic vesicle [GO:0008021]; synaptic vesicle membrane [GO:0030672],chloride channel activity [GO:0005254]; L-glutamate transmembrane transporter activity [GO:0005313]; L-glutamate uniporter activity [GO:0140788]; neurotransmitter transmembrane transporter activity [GO:0005326]; phosphate ion uniporter activity [GO:0140787]; potassium:proton antiporter activity [GO:0015386]; sodium:phosphate symporter activity [GO:0005436],Vesicular glutamate transporter 2
Pocillopora_acuta_HIv2___RNAseq.g10716.t1b,SLC,,Q6INC8,2.03e-135,Vesicular glutamate transporter 1 (VGluT1) (Solute carrier family 17 member 7),"chloride transport [GO:0006821]; L-glutamate transmembrane transport [GO:0015813]; neurotransmitter loading into synaptic vesicle [GO:0098700]; phosphate ion transport [GO:0006817]; potassium ion transport [GO:0006813]; regulation of synapse structure or activity [GO:0050803]; sodium-dependent phosphate transport [GO:0044341]; synaptic transmission, glutamatergic [GO:0035249]",GO:0005254; GO:0005313; GO:0005326; GO:0005436; GO:0005886; GO:0006813; GO:0006817; GO:0006821; GO:0015386; GO:0015813; GO:0030672; GO:0034707; GO:0035249; GO:0043005; GO:0044341; GO:0050803; GO:0060076; GO:0098700; GO:0140787; GO:0140788,chloride channel complex [GO:0034707]; excitatory synapse [GO:0060076]; neuron projection [GO:0043005]; plasma membrane [GO:0005886]; synaptic vesicle membrane [GO:0030672],chloride channel activity [GO:0005254]; L-glutamate transmembrane transporter activity [GO:0005313]; L-glutamate uniporter activity [GO:0140788]; neurotransmitter transmembrane transporter activity [GO:0005326]; phosphate ion uniporter activity [GO:0140787]; potassium:proton antiporter activity [GO:0015386]; sodium:phosphate symporter activity [GO:0005436],Vesicular glutamate transporter 1
Pocillopora_acuta_HIv2___RNAseq.g10835.t1,"TRP, Bhattacharya2016",TRPM2,Q2WEA5,0,Transient receptor potential cation channel subfamily M member 1 (Melastatin-1),calcium ion import across plasma membrane [GO:0098703]; cellular response to light stimulus [GO:0071482]; G protein-coupled glutamate receptor signaling pathway [GO:0007216]; metal ion transport [GO:0030001]; monoatomic cation transmembrane transport [GO:0098655]; protein localization [GO:0008104]; protein tetramerization [GO:0051262]; retinal rod cell development [GO:0046548]; signal transduction [GO:0007165]; visual perception [GO:0007601],GO:0005216; GO:0005261; GO:0005262; GO:0005783; GO:0005789; GO:0005886; GO:0007165; GO:0007216; GO:0007601; GO:0008104; GO:0008324; GO:0030001; GO:0030424; GO:0030425; GO:0035841; GO:0046548; GO:0051262; GO:0051286; GO:0071482; GO:0098655; GO:0098703,axon [GO:0030424]; cell tip [GO:0051286]; dendrite [GO:0030425]; endoplasmic reticulum [GO:0005783]; endoplasmic reticulum membrane [GO:0005789]; new growing cell tip [GO:0035841]; plasma membrane [GO:0005886],calcium channel activity [GO:0005262]; monoatomic cation channel activity [GO:0005261]; monoatomic cation transmembrane transporter activity [GO:0008324]; monoatomic ion channel activity [GO:0005216],TRPM2
Pocillopora_acuta_HIv2___RNAseq.g10870.t1,calcium,,P29274,1.04e-16,Adenosine receptor A2a,"adenylate cyclase-activating G protein-coupled receptor signaling pathway [GO:0007189]; adenylate cyclase-modulating G protein-coupled receptor signaling pathway [GO:0007188]; apoptotic process [GO:0006915]; apoptotic signaling pathway [GO:0097190]; astrocyte activation [GO:0048143]; blood circulation [GO:0008015]; blood coagulation [GO:0007596]; cell-cell signaling [GO:0007267]; cellular defense response [GO:0006968]; central nervous system development [GO:0007417]; eating behavior [GO:0042755]; excitatory postsynaptic potential [GO:0060079]; G protein-coupled adenosine receptor signaling pathway [GO:0001973]; inflammatory response [GO:0006954]; inhibitory postsynaptic potential [GO:0060080]; locomotory behavior [GO:0007626]; membrane depolarization [GO:0051899]; negative regulation of alpha-beta T cell activation [GO:0046636]; negative regulation of cell population proliferation [GO:0008285]; negative regulation of inflammatory response [GO:0050728]; negative regulation of neuron apoptotic process [GO:0043524]; negative regulation of vascular permeability [GO:0043116]; neuron projection morphogenesis [GO:0048812]; phagocytosis [GO:0006909]; phospholipase C-activating G protein-coupled receptor signaling pathway [GO:0007200]; positive regulation of acetylcholine secretion, neurotransmission [GO:0014057]; positive regulation of apoptotic signaling pathway [GO:2001235]; positive regulation of circadian sleep/wake cycle, sleep [GO:0045938]; positive regulation of ERK1 and ERK2 cascade [GO:0070374]; positive regulation of glutamate secretion [GO:0014049]; positive regulation of long-term synaptic potentiation [GO:1900273]; positive regulation of protein secretion [GO:0050714]; positive regulation of synaptic transmission, GABAergic [GO:0032230]; positive regulation of synaptic transmission, glutamatergic [GO:0051968]; positive regulation of urine volume [GO:0035810]; prepulse inhibition [GO:0060134]; presynaptic modulation of chemical synaptic transmission [GO:0099171]; regulation of calcium ion transport [GO:0051924]; regulation of DNA-templated transcription [GO:0006355]; regulation of mitochondrial membrane potential [GO:0051881]; regulation of norepinephrine secretion [GO:0014061]; response to amphetamine [GO:0001975]; response to caffeine [GO:0031000]; response to purine-containing compound [GO:0014074]; response to xenobiotic stimulus [GO:0009410]; sensory perception [GO:0007600]; synaptic transmission, cholinergic [GO:0007271]; synaptic transmission, dopaminergic [GO:0001963]; synaptic transmission, glutamatergic [GO:0035249]; vasodilation [GO:0042311]",GO:0001609; GO:0001963; GO:0001973; GO:0001975; GO:0005516; GO:0005882; GO:0005886; GO:0006355; GO:0006909; GO:0006915; GO:0006954; GO:0006968; GO:0007188; GO:0007189; GO:0007200; GO:0007267; GO:0007271; GO:0007417; GO:0007596; GO:0007600; GO:0007626; GO:0008015; GO:0008285; GO:0008289; GO:0009410; GO:0014049; GO:0014057; GO:0014061; GO:0014074; GO:0016020; GO:0019899; GO:0030425; GO:0030673; GO:0031000; GO:0031802; GO:0032230; GO:0032279; GO:0035249; GO:0035810; GO:0042311; GO:0042734; GO:0042755; GO:0042802; GO:0043025; GO:0043116; GO:0043524; GO:0044877; GO:0045211; GO:0045938; GO:0046636; GO:0048143; GO:0048786; GO:0048812; GO:0050714; GO:0050728; GO:0051393; GO:0051881; GO:0051899; GO:0051924; GO:0051968; GO:0060079; GO:0060080; GO:0060134; GO:0070374; GO:0097190; GO:0098978; GO:0099171; GO:1900273; GO:2001235,asymmetric synapse [GO:0032279]; axolemma [GO:0030673]; dendrite [GO:0030425]; glutamatergic synapse [GO:0098978]; intermediate filament [GO:0005882]; membrane [GO:0016020]; neuronal cell body [GO:0043025]; plasma membrane [GO:0005886]; postsynaptic membrane [GO:0045211]; presynaptic active zone [GO:0048786]; presynaptic membrane [GO:0042734],alpha-actinin binding [GO:0051393]; calmodulin binding [GO:0005516]; enzyme binding [GO:0019899]; G protein-coupled adenosine receptor activity [GO:0001609]; identical protein binding [GO:0042802]; lipid binding [GO:0008289]; protein-containing complex binding [GO:0044877]; type 5 metabotropic glutamate receptor binding [GO:0031802],Adenosine receptor A2a
Pocillopora_acuta_HIv2___RNAseq.g10915.t1,SLC,,O97562,1.08e-113,Dicarboxylate carrier UCP2 (Mitochondrial uncoupling protein 2) (UCP 2) (Solute carrier family 25 member 8),adaptive thermogenesis [GO:1990845]; C4-dicarboxylate transport [GO:0015740]; cellular response to glucose stimulus [GO:0071333]; glutamine metabolic process [GO:0006541]; glycolytic process [GO:0006096]; macrophage differentiation [GO:0030225]; mitochondrial fission [GO:0000266]; mitochondrial transmembrane transport [GO:1990542]; reactive oxygen species metabolic process [GO:0072593]; response to cold [GO:0009409],GO:0000266; GO:0005743; GO:0006096; GO:0006541; GO:0008271; GO:0009409; GO:0015078; GO:0015131; GO:0015140; GO:0015183; GO:0015297; GO:0015740; GO:0017077; GO:0030225; GO:0042803; GO:0071333; GO:0072593; GO:0140787; GO:1990542; GO:1990845,mitochondrial inner membrane [GO:0005743],antiporter activity [GO:0015297]; L-aspartate transmembrane transporter activity [GO:0015183]; malate transmembrane transporter activity [GO:0015140]; oxaloacetate transmembrane transporter activity [GO:0015131]; oxidative phosphorylation uncoupler activity [GO:0017077]; phosphate ion uniporter activity [GO:0140787]; protein homodimerization activity [GO:0042803]; proton transmembrane transporter activity [GO:0015078]; secondary active sulfate transmembrane transporter activity [GO:0008271],Dicarboxylate carrier UCP2
Pocillopora_acuta_HIv2___RNAseq.g10973.t1,SLC,,Q6DIV6,2.93e-54,Vesicular inhibitory amino acid transporter (GABA and glycine transporter) (Solute carrier family 32 member 1) (Vesicular GABA transporter),beta-alanine transport [GO:0001762]; gamma-aminobutyric acid import [GO:0051939]; gamma-aminobutyric acid transport [GO:0015812]; glycine transport [GO:0015816]; neurotransmitter transport [GO:0006836],GO:0001762; GO:0006836; GO:0008021; GO:0015185; GO:0015187; GO:0015812; GO:0015816; GO:0030659; GO:0042995; GO:0051939; GO:0098793; GO:0140799; GO:0140800,cell projection [GO:0042995]; cytoplasmic vesicle membrane [GO:0030659]; presynapse [GO:0098793]; synaptic vesicle [GO:0008021],gamma-aminobutyric acid transmembrane transporter activity [GO:0015185]; gamma-aminobutyric acid:proton antiporter activity [GO:0140800]; glycine transmembrane transporter activity [GO:0015187]; glycine:proton antiporter activity [GO:0140799],Vesicular inhibitory amino acid transporter
Pocillopora_acuta_HIv2___RNAseq.g10993.t1,calcium,,P30536,4.76e-36,Translocator protein (Mitochondrial benzodiazepine receptor) (PKBS) (Peripheral-type benzodiazepine receptor) (PBR),adrenal gland development [GO:0030325]; behavioral response to pain [GO:0048266]; C21-steroid hormone biosynthetic process [GO:0006700]; cellular hypotonic response [GO:0071476]; cellular response to lipopolysaccharide [GO:0071222]; cellular response to zinc ion [GO:0071294]; chloride transport [GO:0006821]; cholesterol homeostasis [GO:0042632]; contact inhibition [GO:0060242]; glial cell migration [GO:0008347]; heme biosynthetic process [GO:0006783]; maintenance of protein location in mitochondrion [GO:0072656]; monoatomic anion transport [GO:0006820]; negative regulation of ATP metabolic process [GO:1903579]; negative regulation of corticosterone secretion [GO:2000853]; negative regulation of glial cell proliferation [GO:0060253]; negative regulation of mitophagy [GO:1901525]; negative regulation of nitric oxide biosynthetic process [GO:0045019]; negative regulation of protein ubiquitination [GO:0031397]; negative regulation of tumor necrosis factor production [GO:0032720]; peripheral nervous system axon regeneration [GO:0014012]; positive regulation of apoptotic process [GO:0043065]; positive regulation of calcium ion transport [GO:0051928]; positive regulation of glial cell proliferation [GO:0060252]; positive regulation of mitochondrial depolarization [GO:0051901]; positive regulation of programmed necrotic cell death [GO:0062100]; positive regulation of reactive oxygen species metabolic process [GO:2000379]; protein targeting to mitochondrion [GO:0006626]; regulation of cell population proliferation [GO:0042127]; regulation of cholesterol transport [GO:0032374]; regulation of steroid biosynthetic process [GO:0050810]; response to acetylcholine [GO:1905144]; response to manganese ion [GO:0010042]; response to progesterone [GO:0032570]; response to testosterone [GO:0033574]; response to vitamin B1 [GO:0010266]; response to xenobiotic stimulus [GO:0009410]; steroid metabolic process [GO:0008202],GO:0005497; GO:0005739; GO:0005741; GO:0005829; GO:0006626; GO:0006700; GO:0006783; GO:0006820; GO:0006821; GO:0008202; GO:0008347; GO:0008503; GO:0009410; GO:0010042; GO:0010266; GO:0014012; GO:0015485; GO:0016020; GO:0030325; GO:0031397; GO:0032374; GO:0032570; GO:0032720; GO:0033574; GO:0042127; GO:0042632; GO:0043065; GO:0043231; GO:0044325; GO:0045019; GO:0048266; GO:0050810; GO:0051901; GO:0051928; GO:0060242; GO:0060252; GO:0060253; GO:0062100; GO:0070062; GO:0071222; GO:0071294; GO:0071476; GO:0072656; GO:0120020; GO:1901525; GO:1903579; GO:1905144; GO:2000379; GO:2000853,cytosol [GO:0005829]; extracellular exosome [GO:0070062]; intracellular membrane-bounded organelle [GO:0043231]; membrane [GO:0016020]; mitochondrial outer membrane [GO:0005741]; mitochondrion [GO:0005739],androgen binding [GO:0005497]; benzodiazepine receptor activity [GO:0008503]; cholesterol binding [GO:0015485]; cholesterol transfer activity [GO:0120020]; transmembrane transporter binding [GO:0044325],Translocator protein
Pocillopora_acuta_HIv2___RNAseq.g11092.t1,SLC,,Q86UD5,4.06e-132,Sodium/hydrogen exchanger 9B2 (Na(+)/H(+) exchanger NHA2) (Na(+)/H(+) exchanger-like domain-containing protein 2) (NHE domain-containing protein 2) (Sodium/hydrogen exchanger-like domain-containing protein 2) (Solute carrier family 9 subfamily B member 2),clathrin-dependent endocytosis [GO:0072583]; flagellated sperm motility [GO:0030317]; inorganic cation transmembrane transport [GO:0098662]; lithium ion transport [GO:0010351]; monoatomic ion transmembrane transport [GO:0034220]; positive regulation of osteoclast development [GO:2001206]; regulation of insulin secretion involved in cellular response to glucose stimulus [GO:0061178]; sodium ion homeostasis [GO:0055078]; sodium ion transport [GO:0006814],GO:0005739; GO:0005743; GO:0005886; GO:0006814; GO:0010348; GO:0010351; GO:0015385; GO:0016323; GO:0016324; GO:0030317; GO:0030672; GO:0031966; GO:0034220; GO:0042802; GO:0055037; GO:0055038; GO:0055078; GO:0061178; GO:0072583; GO:0097228; GO:0098662; GO:2001206,apical plasma membrane [GO:0016324]; basolateral plasma membrane [GO:0016323]; mitochondrial inner membrane [GO:0005743]; mitochondrial membrane [GO:0031966]; mitochondrion [GO:0005739]; plasma membrane [GO:0005886]; recycling endosome [GO:0055037]; recycling endosome membrane [GO:0055038]; sperm principal piece [GO:0097228]; synaptic vesicle membrane [GO:0030672],identical protein binding [GO:0042802]; lithium:proton antiporter activity [GO:0010348]; sodium:proton antiporter activity [GO:0015385],Sodium/hydrogen exchanger 9B2
Pocillopora_acuta_HIv2___RNAseq.g11136.t1,TRP,,Q9MYV9,2.02e-35,Short transient receptor potential channel 5 (TrpC5),neuron apoptotic process [GO:0051402]; phosphatidylserine exposure on apoptotic cell surface [GO:0070782],GO:0005262; GO:0005886; GO:0051402; GO:0070782,plasma membrane [GO:0005886],calcium channel activity [GO:0005262],Short transient receptor potential channel 5
Pocillopora_acuta_HIv2___RNAseq.g11137.t1,TRP,,O62852,1.39e-36,Short transient receptor potential channel 5 (Rtrp5) (TrpC5) (Capacitative calcium entry channel 2) (CCE2),neuron apoptotic process [GO:0051402]; phosphatidylserine exposure on apoptotic cell surface [GO:0070782]; regulation of cytosolic calcium ion concentration [GO:0051480],GO:0005262; GO:0005886; GO:0015279; GO:0034704; GO:0051402; GO:0051480; GO:0070679; GO:0070782; GO:0098793,calcium channel complex [GO:0034704]; plasma membrane [GO:0005886]; presynapse [GO:0098793],"calcium channel activity [GO:0005262]; inositol 1,4,5 trisphosphate binding [GO:0070679]; store-operated calcium channel activity [GO:0015279]",Short transient receptor potential channel 5
Pocillopora_acuta_HIv2___RNAseq.g11138.t1,TRP,,Q9QX29,5.58e-38,Short transient receptor potential channel 5 (TrpC5) (Capacitative calcium entry channel 2) (CCE2) (Transient receptor protein 5) (TRP-5) (mTRP5) (Trp-related protein 5),negative regulation of dendrite morphogenesis [GO:0050774]; neuron apoptotic process [GO:0051402]; neuron differentiation [GO:0030182]; phosphatidylserine exposure on apoptotic cell surface [GO:0070782]; positive regulation of axon extension [GO:0045773]; positive regulation of cell population proliferation [GO:0008284]; positive regulation of cytosolic calcium ion concentration [GO:0007204]; positive regulation of neuron differentiation [GO:0045666]; regulation of membrane hyperpolarization [GO:1902630],GO:0003779; GO:0005262; GO:0005886; GO:0007204; GO:0008284; GO:0030182; GO:0030276; GO:0030425; GO:0030426; GO:0034704; GO:0042805; GO:0043025; GO:0045666; GO:0045773; GO:0050774; GO:0051117; GO:0051402; GO:0070679; GO:0070782; GO:0098793; GO:1902630,calcium channel complex [GO:0034704]; dendrite [GO:0030425]; growth cone [GO:0030426]; neuronal cell body [GO:0043025]; plasma membrane [GO:0005886]; presynapse [GO:0098793],"actin binding [GO:0003779]; actinin binding [GO:0042805]; ATPase binding [GO:0051117]; calcium channel activity [GO:0005262]; clathrin binding [GO:0030276]; inositol 1,4,5 trisphosphate binding [GO:0070679]",Short transient receptor potential channel 5
Pocillopora_acuta_HIv2___RNAseq.g1130.t1,SLC,,Q9Z2Z6,5.66e-11,Mitochondrial carnitine/acylcarnitine carrier protein (Carnitine/acylcarnitine translocase) (CAC) (CACT) (mCAC) (Solute carrier family 25 member 20),carnitine shuttle [GO:0006853]; carnitine transmembrane transport [GO:1902603]; in utero embryonic development [GO:0001701],GO:0001701; GO:0005739; GO:0005743; GO:0005829; GO:0006853; GO:0015226; GO:0015227; GO:1902603,cytosol [GO:0005829]; mitochondrial inner membrane [GO:0005743]; mitochondrion [GO:0005739],carnitine transmembrane transporter activity [GO:0015226]; O-acyl-L-carnitine transmembrane transporter activity [GO:0015227],Mitochondrial carnitine/acylcarnitine carrier protein
Pocillopora_acuta_HIv2___RNAseq.g1131.t1,SLC,,Q9Z2Z6,1.11e-55,Mitochondrial carnitine/acylcarnitine carrier protein (Carnitine/acylcarnitine translocase) (CAC) (CACT) (mCAC) (Solute carrier family 25 member 20),carnitine shuttle [GO:0006853]; carnitine transmembrane transport [GO:1902603]; in utero embryonic development [GO:0001701],GO:0001701; GO:0005739; GO:0005743; GO:0005829; GO:0006853; GO:0015226; GO:0015227; GO:1902603,cytosol [GO:0005829]; mitochondrial inner membrane [GO:0005743]; mitochondrion [GO:0005739],carnitine transmembrane transporter activity [GO:0015226]; O-acyl-L-carnitine transmembrane transporter activity [GO:0015227],Mitochondrial carnitine/acylcarnitine carrier protein
Pocillopora_acuta_HIv2___RNAseq.g1133.t1,SLC,,P97521,5.94e-40,Mitochondrial carnitine/acylcarnitine carrier protein (Carnitine/acylcarnitine translocase) (CAC) (CACT) (Solute carrier family 25 member 20),carnitine transmembrane transport [GO:1902603]; in utero embryonic development [GO:0001701]; lipid transport [GO:0006869]; mitochondrial transport [GO:0006839],GO:0001701; GO:0005476; GO:0005740; GO:0005743; GO:0006839; GO:0006869; GO:0015227; GO:1902603,mitochondrial envelope [GO:0005740]; mitochondrial inner membrane [GO:0005743],carnitine:O-acyl-L-carnitine antiporter activity [GO:0005476]; O-acyl-L-carnitine transmembrane transporter activity [GO:0015227],Mitochondrial carnitine/acylcarnitine carrier protein
Pocillopora_acuta_HIv2___RNAseq.g11352.t1,SLC,,Q8BGF9,4.02e-74,Solute carrier family 25 member 44,amino acid transport [GO:0006865]; branched-chain amino acid catabolic process [GO:0009083]; branched-chain amino acid transport [GO:0015803]; regulation of cold-induced thermogenesis [GO:0120161],GO:0005739; GO:0005743; GO:0006865; GO:0009083; GO:0015658; GO:0015803; GO:0120161,mitochondrial inner membrane [GO:0005743]; mitochondrion [GO:0005739],branched-chain amino acid transmembrane transporter activity [GO:0015658],Solute carrier family 25 member 44
Pocillopora_acuta_HIv2___RNAseq.g11353.t1,SLC,,Q8BGF9,7.6e-69,Solute carrier family 25 member 44,amino acid transport [GO:0006865]; branched-chain amino acid catabolic process [GO:0009083]; branched-chain amino acid transport [GO:0015803]; regulation of cold-induced thermogenesis [GO:0120161],GO:0005739; GO:0005743; GO:0006865; GO:0009083; GO:0015658; GO:0015803; GO:0120161,mitochondrial inner membrane [GO:0005743]; mitochondrion [GO:0005739],branched-chain amino acid transmembrane transporter activity [GO:0015658],Solute carrier family 25 member 44
Pocillopora_acuta_HIv2___RNAseq.g1144.t1,calcium,,A2AIR5,4.41e-50,"Glutamate receptor ionotropic, NMDA 3A (GluN3A) (N-methyl-D-aspartate receptor) (N-methyl-D-aspartate receptor subtype 3A) (NMDAR3A) (NR3A) (NMDAR-L)",calcium ion transport [GO:0006816]; dendrite development [GO:0016358]; negative regulation of dendritic spine development [GO:0061000]; prepulse inhibition [GO:0060134]; presynaptic modulation of chemical synaptic transmission [GO:0099171]; regulation of synaptic plasticity [GO:0048167]; response to ethanol [GO:0045471]; rhythmic process [GO:0048511],GO:0004972; GO:0005262; GO:0005737; GO:0006816; GO:0016358; GO:0016594; GO:0017146; GO:0042802; GO:0043005; GO:0043025; GO:0045211; GO:0045471; GO:0048167; GO:0048511; GO:0051721; GO:0060134; GO:0061000; GO:0070905; GO:0098793; GO:0098839; GO:0098978; GO:0099171; GO:1904315,cytoplasm [GO:0005737]; glutamatergic synapse [GO:0098978]; neuron projection [GO:0043005]; neuronal cell body [GO:0043025]; NMDA selective glutamate receptor complex [GO:0017146]; postsynaptic density membrane [GO:0098839]; postsynaptic membrane [GO:0045211]; presynapse [GO:0098793],calcium channel activity [GO:0005262]; glycine binding [GO:0016594]; identical protein binding [GO:0042802]; NMDA glutamate receptor activity [GO:0004972]; protein phosphatase 2A binding [GO:0051721]; serine binding [GO:0070905]; transmitter-gated monoatomic ion channel activity involved in regulation of postsynaptic membrane potential [GO:1904315],"Glutamate receptor ionotropic, NMDA 3A"
Pocillopora_acuta_HIv2___RNAseq.g11466.t1,calcium,,P54131,5.69e-115,Neuronal acetylcholine receptor subunit alpha-7 (nAChR7) (Nicotinic acetylcholine receptor subunit alpha-7),"calcium ion transport [GO:0006816]; chemical synaptic transmission [GO:0007268]; cognition [GO:0050890]; intracellular calcium ion homeostasis [GO:0006874]; monoatomic ion transmembrane transport [GO:0034220]; negative regulation of cytokine production involved in inflammatory response [GO:1900016]; negative regulation of tumor necrosis factor production [GO:0032720]; positive regulation of angiogenesis [GO:0045766]; positive regulation of cell population proliferation [GO:0008284]; positive regulation of MAPK cascade [GO:0043410]; regulation of membrane potential [GO:0042391]; response to hypoxia [GO:0001666]; response to nicotine [GO:0035094]; signal transduction [GO:0007165]; synaptic transmission, cholinergic [GO:0007271]",GO:0001540; GO:0001666; GO:0005886; GO:0005892; GO:0006816; GO:0006874; GO:0007165; GO:0007268; GO:0007271; GO:0008284; GO:0015464; GO:0015643; GO:0017081; GO:0022848; GO:0030425; GO:0032720; GO:0034220; GO:0035094; GO:0042166; GO:0042391; GO:0042803; GO:0043005; GO:0043410; GO:0045202; GO:0045211; GO:0045766; GO:0050890; GO:1900016,acetylcholine-gated channel complex [GO:0005892]; dendrite [GO:0030425]; neuron projection [GO:0043005]; plasma membrane [GO:0005886]; postsynaptic membrane [GO:0045211]; synapse [GO:0045202],acetylcholine binding [GO:0042166]; acetylcholine receptor activity [GO:0015464]; acetylcholine-gated monoatomic cation-selective channel activity [GO:0022848]; amyloid-beta binding [GO:0001540]; chloride channel regulator activity [GO:0017081]; protein homodimerization activity [GO:0042803]; toxic substance binding [GO:0015643],Neuronal acetylcholine receptor subunit alpha-7
Pocillopora_acuta_HIv2___RNAseq.g11468.t1,calcium,,P49582,7.09e-96,Neuronal acetylcholine receptor subunit alpha-7 (nAChR7) (Nicotinic acetylcholine receptor subunit alpha-7),"acetylcholine receptor signaling pathway [GO:0095500]; associative learning [GO:0008306]; B cell activation [GO:0042113]; behavioral response to ethanol [GO:0048149]; behavioral response to nicotine [GO:0035095]; calcium ion transport [GO:0006816]; dendrite arborization [GO:0140059]; dendritic spine organization [GO:0097061]; endocytosis [GO:0006897]; establishment of localization in cell [GO:0051649]; flagellated sperm motility [GO:0030317]; generation of ovulation cycle rhythm [GO:0060112]; learning or memory [GO:0007611]; memory [GO:0007613]; modulation of chemical synaptic transmission [GO:0050804]; modulation of excitatory postsynaptic potential [GO:0098815]; monoatomic ion transport [GO:0006811]; negative regulation of canonical NF-kappaB signal transduction [GO:0043124]; negative regulation of cytokine production involved in inflammatory response [GO:1900016]; negative regulation of inflammatory response [GO:0050728]; negative regulation of interleukin-1 beta production [GO:0032691]; negative regulation of interleukin-6 production [GO:0032715]; negative regulation of tumor necrosis factor production [GO:0032720]; ovulation cycle [GO:0042698]; positive regulation of amyloid-beta formation [GO:1902004]; positive regulation of ERK1 and ERK2 cascade [GO:0070374]; positive regulation of excitatory postsynaptic potential [GO:2000463]; positive regulation of heart rate involved in baroreceptor response to decreased systemic arterial blood pressure [GO:0001988]; positive regulation of long-term synaptic potentiation [GO:1900273]; positive regulation of protein metabolic process [GO:0051247]; regulation of amyloid fibril formation [GO:1905906]; regulation of inflammatory response [GO:0050727]; regulation of membrane potential [GO:0042391]; regulation of norepinephrine secretion [GO:0014061]; regulation of synapse structural plasticity [GO:0051823]; regulation of synaptic transmission, dopaminergic [GO:0032225]; response to amyloid-beta [GO:1904645]; response to cold [GO:0009409]; response to ethanol [GO:0045471]; response to food [GO:0032094]; response to nicotine [GO:0035094]; sensory processing [GO:0050893]; synapse organization [GO:0050808]; synaptic transmission, cholinergic [GO:0007271]; T cell activation [GO:0042110]",GO:0001988; GO:0004888; GO:0005886; GO:0006811; GO:0006816; GO:0006897; GO:0007271; GO:0007611; GO:0007613; GO:0008306; GO:0009409; GO:0009897; GO:0014061; GO:0015464; GO:0016020; GO:0016324; GO:0022848; GO:0030317; GO:0030425; GO:0030673; GO:0032094; GO:0032225; GO:0032691; GO:0032715; GO:0032720; GO:0035094; GO:0035095; GO:0042110; GO:0042113; GO:0042391; GO:0042698; GO:0042734; GO:0043124; GO:0045211; GO:0045471; GO:0048149; GO:0050727; GO:0050728; GO:0050804; GO:0050808; GO:0050893; GO:0051247; GO:0051649; GO:0051823; GO:0060112; GO:0070374; GO:0095500; GO:0097061; GO:0098793; GO:0098815; GO:0098981; GO:0099634; GO:0140059; GO:1900016; GO:1900273; GO:1902004; GO:1904645; GO:1905906; GO:2000463,apical plasma membrane [GO:0016324]; axolemma [GO:0030673]; cholinergic synapse [GO:0098981]; dendrite [GO:0030425]; external side of plasma membrane [GO:0009897]; membrane [GO:0016020]; plasma membrane [GO:0005886]; postsynaptic membrane [GO:0045211]; postsynaptic specialization membrane [GO:0099634]; presynapse [GO:0098793]; presynaptic membrane [GO:0042734],acetylcholine receptor activity [GO:0015464]; acetylcholine-gated monoatomic cation-selective channel activity [GO:0022848]; transmembrane signaling receptor activity [GO:0004888],Neuronal acetylcholine receptor subunit alpha-7
Pocillopora_acuta_HIv2___RNAseq.g11469.t1,calcium,,P36544,1.04e-99,Neuronal acetylcholine receptor subunit alpha-7 (nAChR7) (Nicotinic acetylcholine receptor subunit alpha-7),acetylcholine receptor signaling pathway [GO:0095500]; calcium ion transport [GO:0006816]; chemical synaptic transmission [GO:0007268]; cognition [GO:0050890]; dendrite arborization [GO:0140059]; dendritic spine organization [GO:0097061]; excitatory postsynaptic potential [GO:0060079]; intracellular calcium ion homeostasis [GO:0006874]; learning or memory [GO:0007611]; ligand-gated ion channel signaling pathway [GO:1990806]; memory [GO:0007613]; modulation of excitatory postsynaptic potential [GO:0098815]; monoatomic ion transmembrane transport [GO:0034220]; monoatomic ion transport [GO:0006811]; negative regulation of amyloid-beta formation [GO:1902430]; negative regulation of canonical NF-kappaB signal transduction [GO:0043124]; negative regulation of cytokine production involved in inflammatory response [GO:1900016]; negative regulation of tumor necrosis factor production [GO:0032720]; positive regulation of amyloid-beta formation [GO:1902004]; positive regulation of angiogenesis [GO:0045766]; positive regulation of cell population proliferation [GO:0008284]; positive regulation of ERK1 and ERK2 cascade [GO:0070374]; positive regulation of excitatory postsynaptic potential [GO:2000463]; positive regulation of long-term synaptic potentiation [GO:1900273]; positive regulation of MAPK cascade [GO:0043410]; positive regulation of protein metabolic process [GO:0051247]; regulation of amyloid fibril formation [GO:1905906]; regulation of amyloid precursor protein catabolic process [GO:1902991]; regulation of membrane potential [GO:0042391]; response to acetylcholine [GO:1905144]; response to amyloid-beta [GO:1904645]; response to hypoxia [GO:0001666]; response to nicotine [GO:0035094]; sensory processing [GO:0050893]; short-term memory [GO:0007614]; signal transduction [GO:0007165]; synapse organization [GO:0050808]; synaptic transmission involved in micturition [GO:0060084],GO:0001540; GO:0001666; GO:0004888; GO:0005216; GO:0005262; GO:0005789; GO:0005886; GO:0005892; GO:0006811; GO:0006816; GO:0006874; GO:0007165; GO:0007268; GO:0007611; GO:0007613; GO:0007614; GO:0008284; GO:0015464; GO:0015643; GO:0016020; GO:0017081; GO:0022848; GO:0030425; GO:0032720; GO:0034220; GO:0034703; GO:0035094; GO:0042166; GO:0042391; GO:0042803; GO:0043005; GO:0043124; GO:0043410; GO:0044853; GO:0045202; GO:0045211; GO:0045766; GO:0050808; GO:0050890; GO:0050893; GO:0051247; GO:0060079; GO:0060084; GO:0070374; GO:0095500; GO:0097061; GO:0098794; GO:0098815; GO:0098878; GO:0140059; GO:1900016; GO:1900273; GO:1902004; GO:1902430; GO:1902991; GO:1904645; GO:1905144; GO:1905906; GO:1990806; GO:2000463,acetylcholine-gated channel complex [GO:0005892]; cation channel complex [GO:0034703]; dendrite [GO:0030425]; endoplasmic reticulum membrane [GO:0005789]; membrane [GO:0016020]; neuron projection [GO:0043005]; neurotransmitter receptor complex [GO:0098878]; plasma membrane [GO:0005886]; plasma membrane raft [GO:0044853]; postsynapse [GO:0098794]; postsynaptic membrane [GO:0045211]; synapse [GO:0045202],acetylcholine binding [GO:0042166]; acetylcholine receptor activity [GO:0015464]; acetylcholine-gated monoatomic cation-selective channel activity [GO:0022848]; amyloid-beta binding [GO:0001540]; calcium channel activity [GO:0005262]; chloride channel regulator activity [GO:0017081]; monoatomic ion channel activity [GO:0005216]; protein homodimerization activity [GO:0042803]; toxic substance binding [GO:0015643]; transmembrane signaling receptor activity [GO:0004888],Neuronal acetylcholine receptor subunit alpha-7
Pocillopora_acuta_HIv2___RNAseq.g11470.t1,calcium,,P49582,6.05e-105,Neuronal acetylcholine receptor subunit alpha-7 (nAChR7) (Nicotinic acetylcholine receptor subunit alpha-7),"acetylcholine receptor signaling pathway [GO:0095500]; associative learning [GO:0008306]; B cell activation [GO:0042113]; behavioral response to ethanol [GO:0048149]; behavioral response to nicotine [GO:0035095]; calcium ion transport [GO:0006816]; dendrite arborization [GO:0140059]; dendritic spine organization [GO:0097061]; endocytosis [GO:0006897]; establishment of localization in cell [GO:0051649]; flagellated sperm motility [GO:0030317]; generation of ovulation cycle rhythm [GO:0060112]; learning or memory [GO:0007611]; memory [GO:0007613]; modulation of chemical synaptic transmission [GO:0050804]; modulation of excitatory postsynaptic potential [GO:0098815]; monoatomic ion transport [GO:0006811]; negative regulation of canonical NF-kappaB signal transduction [GO:0043124]; negative regulation of cytokine production involved in inflammatory response [GO:1900016]; negative regulation of inflammatory response [GO:0050728]; negative regulation of interleukin-1 beta production [GO:0032691]; negative regulation of interleukin-6 production [GO:0032715]; negative regulation of tumor necrosis factor production [GO:0032720]; ovulation cycle [GO:0042698]; positive regulation of amyloid-beta formation [GO:1902004]; positive regulation of ERK1 and ERK2 cascade [GO:0070374]; positive regulation of excitatory postsynaptic potential [GO:2000463]; positive regulation of heart rate involved in baroreceptor response to decreased systemic arterial blood pressure [GO:0001988]; positive regulation of long-term synaptic potentiation [GO:1900273]; positive regulation of protein metabolic process [GO:0051247]; regulation of amyloid fibril formation [GO:1905906]; regulation of inflammatory response [GO:0050727]; regulation of membrane potential [GO:0042391]; regulation of norepinephrine secretion [GO:0014061]; regulation of synapse structural plasticity [GO:0051823]; regulation of synaptic transmission, dopaminergic [GO:0032225]; response to amyloid-beta [GO:1904645]; response to cold [GO:0009409]; response to ethanol [GO:0045471]; response to food [GO:0032094]; response to nicotine [GO:0035094]; sensory processing [GO:0050893]; synapse organization [GO:0050808]; synaptic transmission, cholinergic [GO:0007271]; T cell activation [GO:0042110]",GO:0001988; GO:0004888; GO:0005886; GO:0006811; GO:0006816; GO:0006897; GO:0007271; GO:0007611; GO:0007613; GO:0008306; GO:0009409; GO:0009897; GO:0014061; GO:0015464; GO:0016020; GO:0016324; GO:0022848; GO:0030317; GO:0030425; GO:0030673; GO:0032094; GO:0032225; GO:0032691; GO:0032715; GO:0032720; GO:0035094; GO:0035095; GO:0042110; GO:0042113; GO:0042391; GO:0042698; GO:0042734; GO:0043124; GO:0045211; GO:0045471; GO:0048149; GO:0050727; GO:0050728; GO:0050804; GO:0050808; GO:0050893; GO:0051247; GO:0051649; GO:0051823; GO:0060112; GO:0070374; GO:0095500; GO:0097061; GO:0098793; GO:0098815; GO:0098981; GO:0099634; GO:0140059; GO:1900016; GO:1900273; GO:1902004; GO:1904645; GO:1905906; GO:2000463,apical plasma membrane [GO:0016324]; axolemma [GO:0030673]; cholinergic synapse [GO:0098981]; dendrite [GO:0030425]; external side of plasma membrane [GO:0009897]; membrane [GO:0016020]; plasma membrane [GO:0005886]; postsynaptic membrane [GO:0045211]; postsynaptic specialization membrane [GO:0099634]; presynapse [GO:0098793]; presynaptic membrane [GO:0042734],acetylcholine receptor activity [GO:0015464]; acetylcholine-gated monoatomic cation-selective channel activity [GO:0022848]; transmembrane signaling receptor activity [GO:0004888],Neuronal acetylcholine receptor subunit alpha-7
Pocillopora_acuta_HIv2___RNAseq.g11471.t1,calcium,,Q05941,9.15e-103,Neuronal acetylcholine receptor subunit alpha-7 (nAChR7) (Nicotinic acetylcholine receptor subunit alpha-7),"acetylcholine receptor signaling pathway [GO:0095500]; associative learning [GO:0008306]; B cell activation [GO:0042113]; behavioral response to ethanol [GO:0048149]; behavioral response to nicotine [GO:0035095]; calcium ion transport [GO:0006816]; chemical synaptic transmission [GO:0007268]; cognition [GO:0050890]; dendrite arborization [GO:0140059]; dendritic spine organization [GO:0097061]; dopamine biosynthetic process [GO:0042416]; endocytosis [GO:0006897]; establishment of localization in cell [GO:0051649]; excitatory postsynaptic potential [GO:0060079]; flagellated sperm motility [GO:0030317]; generation of ovulation cycle rhythm [GO:0060112]; intracellular calcium ion homeostasis [GO:0006874]; learning or memory [GO:0007611]; ligand-gated ion channel signaling pathway [GO:1990806]; memory [GO:0007613]; modulation of chemical synaptic transmission [GO:0050804]; modulation of excitatory postsynaptic potential [GO:0098815]; monoatomic ion transmembrane transport [GO:0034220]; monoatomic ion transport [GO:0006811]; negative regulation of amyloid-beta formation [GO:1902430]; negative regulation of canonical NF-kappaB signal transduction [GO:0043124]; negative regulation of cytokine production involved in inflammatory response [GO:1900016]; negative regulation of ERK1 and ERK2 cascade [GO:0070373]; negative regulation of inflammatory response [GO:0050728]; negative regulation of interleukin-1 beta production [GO:0032691]; negative regulation of interleukin-6 production [GO:0032715]; negative regulation of tumor necrosis factor production [GO:0032720]; neuronal action potential [GO:0019228]; ovulation cycle [GO:0042698]; positive regulation of amyloid-beta formation [GO:1902004]; positive regulation of angiogenesis [GO:0045766]; positive regulation of cell population proliferation [GO:0008284]; positive regulation of ERK1 and ERK2 cascade [GO:0070374]; positive regulation of excitatory postsynaptic potential [GO:2000463]; positive regulation of gene expression [GO:0010628]; positive regulation of heart rate involved in baroreceptor response to decreased systemic arterial blood pressure [GO:0001988]; positive regulation of long-term synaptic potentiation [GO:1900273]; positive regulation of MAPK cascade [GO:0043410]; positive regulation of protein metabolic process [GO:0051247]; presynaptic modulation of chemical synaptic transmission [GO:0099171]; regulation of amyloid fibril formation [GO:1905906]; regulation of amyloid precursor protein catabolic process [GO:1902991]; regulation of inflammatory response [GO:0050727]; regulation of membrane potential [GO:0042391]; regulation of norepinephrine secretion [GO:0014061]; regulation of response to drug [GO:2001023]; regulation of synapse structural plasticity [GO:0051823]; regulation of synaptic transmission, dopaminergic [GO:0032225]; response to acetylcholine [GO:1905144]; response to amyloid-beta [GO:1904645]; response to carbamate [GO:0046681]; response to cold [GO:0009409]; response to ethanol [GO:0045471]; response to food [GO:0032094]; response to hypoxia [GO:0001666]; response to nicotine [GO:0035094]; sensory processing [GO:0050893]; signal transduction [GO:0007165]; synapse organization [GO:0050808]; synaptic transmission involved in micturition [GO:0060084]; synaptic transmission, cholinergic [GO:0007271]; T cell activation [GO:0042110]",GO:0001540; GO:0001666; GO:0001988; GO:0004888; GO:0005216; GO:0005789; GO:0005886; GO:0005892; GO:0006811; GO:0006816; GO:0006874; GO:0006897; GO:0007165; GO:0007268; GO:0007271; GO:0007611; GO:0007613; GO:0008179; GO:0008284; GO:0008306; GO:0009409; GO:0009897; GO:0010628; GO:0014061; GO:0015464; GO:0015643; GO:0016020; GO:0016324; GO:0017081; GO:0019228; GO:0019901; GO:0022848; GO:0030317; GO:0030424; GO:0030425; GO:0030426; GO:0030673; GO:0032094; GO:0032225; GO:0032279; GO:0032691; GO:0032715; GO:0032720; GO:0034220; GO:0034703; GO:0035094; GO:0035095; GO:0042110; GO:0042113; GO:0042166; GO:0042391; GO:0042416; GO:0042698; GO:0042734; GO:0042803; GO:0043005; GO:0043025; GO:0043124; GO:0043197; GO:0043198; GO:0043410; GO:0044853; GO:0045202; GO:0045211; GO:0045471; GO:0045766; GO:0046681; GO:0048149; GO:0050727; GO:0050728; GO:0050804; GO:0050808; GO:0050890; GO:0050893; GO:0051117; GO:0051247; GO:0051649; GO:0051823; GO:0060079; GO:0060084; GO:0060112; GO:0070373; GO:0070374; GO:0095500; GO:0097061; GO:0097110; GO:0098690; GO:0098815; GO:0098878; GO:0098897; GO:0098981; GO:0099171; GO:0099634; GO:0140059; GO:1900016; GO:1900273; GO:1902004; GO:1902430; GO:1902991; GO:1904315; GO:1904645; GO:1905144; GO:1905906; GO:1990806; GO:2000463; GO:2001023,acetylcholine-gated channel complex [GO:0005892]; apical plasma membrane [GO:0016324]; asymmetric synapse [GO:0032279]; axolemma [GO:0030673]; axon [GO:0030424]; cation channel complex [GO:0034703]; cholinergic synapse [GO:0098981]; dendrite [GO:0030425]; dendritic shaft [GO:0043198]; dendritic spine [GO:0043197]; endoplasmic reticulum membrane [GO:0005789]; external side of plasma membrane [GO:0009897]; glycinergic synapse [GO:0098690]; growth cone [GO:0030426]; membrane [GO:0016020]; neuron projection [GO:0043005]; neuronal cell body [GO:0043025]; neurotransmitter receptor complex [GO:0098878]; plasma membrane [GO:0005886]; plasma membrane raft [GO:0044853]; postsynaptic membrane [GO:0045211]; postsynaptic specialization membrane [GO:0099634]; presynaptic membrane [GO:0042734]; spine apparatus membrane [GO:0098897]; synapse [GO:0045202],acetylcholine binding [GO:0042166]; acetylcholine receptor activity [GO:0015464]; acetylcholine-gated monoatomic cation-selective channel activity [GO:0022848]; adenylate cyclase binding [GO:0008179]; amyloid-beta binding [GO:0001540]; ATPase binding [GO:0051117]; chloride channel regulator activity [GO:0017081]; monoatomic ion channel activity [GO:0005216]; protein homodimerization activity [GO:0042803]; protein kinase binding [GO:0019901]; scaffold protein binding [GO:0097110]; toxic substance binding [GO:0015643]; transmembrane signaling receptor activity [GO:0004888]; transmitter-gated monoatomic ion channel activity involved in regulation of postsynaptic membrane potential [GO:1904315],Neuronal acetylcholine receptor subunit alpha-7
Pocillopora_acuta_HIv2___RNAseq.g11480.t1,SLC,,Q8BGK5,4.06e-112,Solute carrier family 35 member F1,,GO:0022857; GO:0030672,synaptic vesicle membrane [GO:0030672],transmembrane transporter activity [GO:0022857],Solute carrier family 35 member F1
Pocillopora_acuta_HIv2___RNAseq.g11497.t1,SLC,,B0S6T2,9.96e-176,Solute carrier family 15 member 2 (Peptide transporter 2) (PEPT2),"dipeptide import across plasma membrane [GO:0140206]; innate immune response [GO:0045087]; peptidoglycan transport [GO:0015835]; protein transport [GO:0015031]; regulation of nucleotide-binding domain, leucine rich repeat containing receptor signaling pathway [GO:0070424]; response to yeast [GO:0001878]; tripeptide import across plasma membrane [GO:0140207]",GO:0001878; GO:0005886; GO:0015031; GO:0015333; GO:0015835; GO:0016324; GO:0030670; GO:0042937; GO:0045087; GO:0070424; GO:0071916; GO:0140206; GO:0140207,apical plasma membrane [GO:0016324]; phagocytic vesicle membrane [GO:0030670]; plasma membrane [GO:0005886],dipeptide transmembrane transporter activity [GO:0071916]; peptide:proton symporter activity [GO:0015333]; tripeptide transmembrane transporter activity [GO:0042937],Solute carrier family 15 member 2
Pocillopora_acuta_HIv2___RNAseq.g1153.t1,calcium,,Q8TCU5,1.1e-12,"Glutamate receptor ionotropic, NMDA 3A (GluN3A) (N-methyl-D-aspartate receptor subtype 3A) (NMDAR3A) (NR3A) (NMDAR-L)","calcium ion transport [GO:0006816]; dendrite development [GO:0016358]; ionotropic glutamate receptor signaling pathway [GO:0035235]; modulation of chemical synaptic transmission [GO:0050804]; monoatomic cation transmembrane transport [GO:0098655]; negative regulation of dendritic spine development [GO:0061000]; prepulse inhibition [GO:0060134]; presynaptic modulation of chemical synaptic transmission [GO:0099171]; regulation of synaptic plasticity [GO:0048167]; response to ethanol [GO:0045471]; rhythmic process [GO:0048511]; synaptic transmission, glutamatergic [GO:0035249]",GO:0004972; GO:0005262; GO:0005789; GO:0005886; GO:0006816; GO:0008066; GO:0016020; GO:0016358; GO:0016594; GO:0017146; GO:0034702; GO:0035235; GO:0035249; GO:0042802; GO:0043005; GO:0043025; GO:0045202; GO:0045211; GO:0045471; GO:0048167; GO:0048511; GO:0050804; GO:0051721; GO:0060134; GO:0061000; GO:0070905; GO:0098655; GO:0098793; GO:0098839; GO:0098878; GO:0098978; GO:0099171; GO:0160212; GO:1904315,endoplasmic reticulum membrane [GO:0005789]; glutamatergic synapse [GO:0098978]; membrane [GO:0016020]; monoatomic ion channel complex [GO:0034702]; neuron projection [GO:0043005]; neuronal cell body [GO:0043025]; neurotransmitter receptor complex [GO:0098878]; NMDA selective glutamate receptor complex [GO:0017146]; plasma membrane [GO:0005886]; postsynaptic density membrane [GO:0098839]; postsynaptic membrane [GO:0045211]; presynapse [GO:0098793]; synapse [GO:0045202],calcium channel activity [GO:0005262]; glutamate receptor activity [GO:0008066]; glycine binding [GO:0016594]; glycine-gated cation channel activity [GO:0160212]; identical protein binding [GO:0042802]; NMDA glutamate receptor activity [GO:0004972]; protein phosphatase 2A binding [GO:0051721]; serine binding [GO:0070905]; transmitter-gated monoatomic ion channel activity involved in regulation of postsynaptic membrane potential [GO:1904315],"Glutamate receptor ionotropic, NMDA 3A"
Pocillopora_acuta_HIv2___RNAseq.g11579.t2,SLC,,Q9UA35,0,Solute carrier family 28 member 3 (Concentrative Na(+)-nucleoside cotransporter 3) (hfCNT),purine nucleoside transmembrane transport [GO:0015860]; pyrimidine nucleoside transport [GO:0015864],GO:0005886; GO:0015389; GO:0015390; GO:0015860; GO:0015864,plasma membrane [GO:0005886],purine-specific nucleoside:sodium symporter activity [GO:0015390]; pyrimidine- and adenosine-specific:sodium symporter activity [GO:0015389],Solute carrier family 28 member 3
Pocillopora_acuta_HIv2___RNAseq.g11788.t1,SLC,,G8XYX6,3.57e-48,Monocarboxylate transporter 8 (MCT 8) (Solute carrier family 16 member 2),brain development [GO:0007420]; central nervous system development [GO:0007417]; chordate embryonic development [GO:0043009]; locomotion [GO:0040011]; neuron differentiation [GO:0030182]; oligodendrocyte differentiation [GO:0048709]; optomotor response [GO:0071632]; regulation of thyroid hormone generation [GO:2000609]; Schwann cell differentiation [GO:0014037]; spinal cord development [GO:0021510]; spinal cord oligodendrocyte cell differentiation [GO:0021529]; thyroid gland development [GO:0030878]; thyroid hormone transport [GO:0070327]; transmission of nerve impulse [GO:0019226],GO:0005886; GO:0007417; GO:0007420; GO:0014037; GO:0015349; GO:0016324; GO:0019226; GO:0021510; GO:0021529; GO:0030182; GO:0030878; GO:0040011; GO:0043009; GO:0048709; GO:0070324; GO:0070327; GO:0071632; GO:2000609,apical plasma membrane [GO:0016324]; plasma membrane [GO:0005886],thyroid hormone binding [GO:0070324]; thyroid hormone transmembrane transporter activity [GO:0015349],Monocarboxylate transporter 8
Pocillopora_acuta_HIv2___RNAseq.g11789.t1,SLC,,Q91Y77,1.31e-47,Monocarboxylate transporter 10 (MCT 10) (Aromatic amino acid transporter 1) (Solute carrier family 16 member 10) (T-type amino acid transporter 1),aromatic amino acid transport [GO:0015801]; thyroid hormone generation [GO:0006590]; thyroid hormone transport [GO:0070327]; thyroid-stimulating hormone secretion [GO:0070460],GO:0005302; GO:0005886; GO:0006590; GO:0015173; GO:0015192; GO:0015196; GO:0015349; GO:0015801; GO:0016323; GO:0022857; GO:0030054; GO:0043231; GO:0070327; GO:0070460,basolateral plasma membrane [GO:0016323]; cell junction [GO:0030054]; intracellular membrane-bounded organelle [GO:0043231]; plasma membrane [GO:0005886],aromatic amino acid transmembrane transporter activity [GO:0015173]; L-phenylalanine transmembrane transporter activity [GO:0015192]; L-tryptophan transmembrane transporter activity [GO:0015196]; L-tyrosine transmembrane transporter activity [GO:0005302]; thyroid hormone transmembrane transporter activity [GO:0015349]; transmembrane transporter activity [GO:0022857],Monocarboxylate transporter 10
Pocillopora_acuta_HIv2___RNAseq.g11847.t1,"TRP, calcium",,Q6RI86,5.59e-113,Transient receptor potential cation channel subfamily A member 1 (Ankyrin-like with transmembrane domains protein 1) (Wasabi receptor),calcium ion transmembrane import into cytosol [GO:0097553]; calcium ion transmembrane transport [GO:0070588]; calcium ion transport [GO:0006816]; cell surface receptor signaling pathway [GO:0007166]; cellular response to caffeine [GO:0071313]; cellular response to carbon dioxide [GO:0071244]; cellular response to cold [GO:0070417]; cellular response to food [GO:0071240]; cellular response to heat [GO:0034605]; cellular response to hydrogen peroxide [GO:0070301]; cellular response to toxic substance [GO:0097237]; detection of chemical stimulus involved in sensory perception of pain [GO:0050968]; detection of mechanical stimulus involved in sensory perception [GO:0050974]; detection of mechanical stimulus involved in sensory perception of pain [GO:0050966]; intracellular calcium ion homeostasis [GO:0006874]; positive regulation of insulin secretion involved in cellular response to glucose stimulus [GO:0035774]; positive regulation of monoatomic anion transport [GO:1903793]; protein homotetramerization [GO:0051289]; regulation of blood circulation [GO:1903522]; regulation of neuronal action potential [GO:0098908]; response to cold [GO:0009409]; response to hydrogen peroxide [GO:0042542]; response to pain [GO:0048265]; response to xenobiotic stimulus [GO:0009410]; sensory perception of pain [GO:0019233]; thermoception [GO:0050955]; urinary bladder smooth muscle contraction [GO:0014832],GO:0005216; GO:0005245; GO:0005262; GO:0005886; GO:0006816; GO:0006874; GO:0007166; GO:0009409; GO:0009410; GO:0014832; GO:0015267; GO:0015278; GO:0016324; GO:0019233; GO:0030424; GO:0032421; GO:0034605; GO:0035774; GO:0042542; GO:0042802; GO:0046872; GO:0048265; GO:0050955; GO:0050966; GO:0050968; GO:0050974; GO:0051289; GO:0070301; GO:0070417; GO:0070588; GO:0071240; GO:0071244; GO:0071313; GO:0097237; GO:0097553; GO:0097604; GO:0098908; GO:1903522; GO:1903793; GO:1990760,apical plasma membrane [GO:0016324]; axon [GO:0030424]; plasma membrane [GO:0005886]; stereocilium bundle [GO:0032421],calcium channel activity [GO:0005262]; channel activity [GO:0015267]; identical protein binding [GO:0042802]; intracellularly gated calcium channel activity [GO:0015278]; metal ion binding [GO:0046872]; monoatomic ion channel activity [GO:0005216]; osmolarity-sensing monoatomic cation channel activity [GO:1990760]; temperature-gated cation channel activity [GO:0097604]; voltage-gated calcium channel activity [GO:0005245],Transient receptor potential cation channel subfamily A member 1
Pocillopora_acuta_HIv2___RNAseq.g11850.t1,"TRP, calcium",,Q7Z020,1.1e-104,Transient receptor potential cation channel subfamily A member 1 (dTRPA1) (Ankyrin-like with transmembrane domains protein 1) (dANKTM1),calcium ion transport [GO:0006816]; cellular response to heat [GO:0034605]; cellular response to pulsatile fluid shear stress [GO:0097703]; detection of chemical stimulus involved in sensory perception of bitter taste [GO:0001580]; detection of chemical stimulus involved in sensory perception of pain [GO:0050968]; detection of hot stimulus involved in thermoception [GO:0120168]; detection of temperature stimulus involved in sensory perception of pain [GO:0050965]; detection of temperature stimulus involved in thermoception [GO:0050960]; mechanosensory behavior [GO:0007638]; monoatomic cation transmembrane transport [GO:0098655]; monoatomic cation transport [GO:0006812]; negative phototaxis [GO:0046957]; neuronal signal transduction [GO:0023041]; phototransduction [GO:0007602]; positive regulation of calcium-mediated signaling [GO:0050850]; response to heat [GO:0009408]; response to light stimulus [GO:0009416]; temperature compensation of the circadian clock [GO:0010378]; thermosensory behavior [GO:0040040]; thermotaxis [GO:0043052],GO:0001580; GO:0005261; GO:0005262; GO:0005886; GO:0006812; GO:0006816; GO:0007602; GO:0007638; GO:0009408; GO:0009416; GO:0010378; GO:0015276; GO:0016020; GO:0023041; GO:0034605; GO:0034703; GO:0040040; GO:0043052; GO:0046957; GO:0050850; GO:0050960; GO:0050965; GO:0050968; GO:0097604; GO:0097703; GO:0098655; GO:0120168,cation channel complex [GO:0034703]; membrane [GO:0016020]; plasma membrane [GO:0005886],calcium channel activity [GO:0005262]; ligand-gated monoatomic ion channel activity [GO:0015276]; monoatomic cation channel activity [GO:0005261]; temperature-gated cation channel activity [GO:0097604],Transient receptor potential cation channel subfamily A member 1
Pocillopora_acuta_HIv2___RNAseq.g11852.t1,"TRP, calcium",,Q8BLA8,1.82e-109,Transient receptor potential cation channel subfamily A member 1 (Ankyrin-like with transmembrane domains protein 1) (Wasabi receptor),calcium ion transmembrane import into cytosol [GO:0097553]; calcium ion transport [GO:0006816]; cell surface receptor signaling pathway [GO:0007166]; cellular response to caffeine [GO:0071313]; cellular response to carbon dioxide [GO:0071244]; cellular response to cold [GO:0070417]; cellular response to food [GO:0071240]; cellular response to heat [GO:0034605]; cellular response to hydrogen peroxide [GO:0070301]; cellular response to toxic substance [GO:0097237]; detection of chemical stimulus involved in sensory perception of pain [GO:0050968]; detection of mechanical stimulus involved in sensory perception [GO:0050974]; detection of mechanical stimulus involved in sensory perception of pain [GO:0050966]; intracellular calcium ion homeostasis [GO:0006874]; positive regulation of insulin secretion involved in cellular response to glucose stimulus [GO:0035774]; positive regulation of monoatomic anion transport [GO:1903793]; protein homotetramerization [GO:0051289]; regulation of blood circulation [GO:1903522]; regulation of neuronal action potential [GO:0098908]; response to cold [GO:0009409]; response to hydrogen peroxide [GO:0042542]; response to pain [GO:0048265]; response to xenobiotic stimulus [GO:0009410]; thermoception [GO:0050955]; urinary bladder smooth muscle contraction [GO:0014832],GO:0005216; GO:0005245; GO:0005262; GO:0005886; GO:0006816; GO:0006874; GO:0007166; GO:0009409; GO:0009410; GO:0014832; GO:0015267; GO:0015278; GO:0016020; GO:0016324; GO:0030424; GO:0032421; GO:0034605; GO:0035774; GO:0042542; GO:0042802; GO:0046872; GO:0048265; GO:0050955; GO:0050966; GO:0050968; GO:0050974; GO:0051289; GO:0070301; GO:0070417; GO:0071240; GO:0071244; GO:0071313; GO:0097237; GO:0097553; GO:0097604; GO:0098908; GO:1903522; GO:1903793; GO:1990760,apical plasma membrane [GO:0016324]; axon [GO:0030424]; membrane [GO:0016020]; plasma membrane [GO:0005886]; stereocilium bundle [GO:0032421],calcium channel activity [GO:0005262]; channel activity [GO:0015267]; identical protein binding [GO:0042802]; intracellularly gated calcium channel activity [GO:0015278]; metal ion binding [GO:0046872]; monoatomic ion channel activity [GO:0005216]; osmolarity-sensing monoatomic cation channel activity [GO:1990760]; temperature-gated cation channel activity [GO:0097604]; voltage-gated calcium channel activity [GO:0005245],Transient receptor potential cation channel subfamily A member 1
Pocillopora_acuta_HIv2___RNAseq.g11853.t1,"TRP, calcium",,Q6RI86,5.8e-109,Transient receptor potential cation channel subfamily A member 1 (Ankyrin-like with transmembrane domains protein 1) (Wasabi receptor),calcium ion transmembrane import into cytosol [GO:0097553]; calcium ion transmembrane transport [GO:0070588]; calcium ion transport [GO:0006816]; cell surface receptor signaling pathway [GO:0007166]; cellular response to caffeine [GO:0071313]; cellular response to carbon dioxide [GO:0071244]; cellular response to cold [GO:0070417]; cellular response to food [GO:0071240]; cellular response to heat [GO:0034605]; cellular response to hydrogen peroxide [GO:0070301]; cellular response to toxic substance [GO:0097237]; detection of chemical stimulus involved in sensory perception of pain [GO:0050968]; detection of mechanical stimulus involved in sensory perception [GO:0050974]; detection of mechanical stimulus involved in sensory perception of pain [GO:0050966]; intracellular calcium ion homeostasis [GO:0006874]; positive regulation of insulin secretion involved in cellular response to glucose stimulus [GO:0035774]; positive regulation of monoatomic anion transport [GO:1903793]; protein homotetramerization [GO:0051289]; regulation of blood circulation [GO:1903522]; regulation of neuronal action potential [GO:0098908]; response to cold [GO:0009409]; response to hydrogen peroxide [GO:0042542]; response to pain [GO:0048265]; response to xenobiotic stimulus [GO:0009410]; sensory perception of pain [GO:0019233]; thermoception [GO:0050955]; urinary bladder smooth muscle contraction [GO:0014832],GO:0005216; GO:0005245; GO:0005262; GO:0005886; GO:0006816; GO:0006874; GO:0007166; GO:0009409; GO:0009410; GO:0014832; GO:0015267; GO:0015278; GO:0016324; GO:0019233; GO:0030424; GO:0032421; GO:0034605; GO:0035774; GO:0042542; GO:0042802; GO:0046872; GO:0048265; GO:0050955; GO:0050966; GO:0050968; GO:0050974; GO:0051289; GO:0070301; GO:0070417; GO:0070588; GO:0071240; GO:0071244; GO:0071313; GO:0097237; GO:0097553; GO:0097604; GO:0098908; GO:1903522; GO:1903793; GO:1990760,apical plasma membrane [GO:0016324]; axon [GO:0030424]; plasma membrane [GO:0005886]; stereocilium bundle [GO:0032421],calcium channel activity [GO:0005262]; channel activity [GO:0015267]; identical protein binding [GO:0042802]; intracellularly gated calcium channel activity [GO:0015278]; metal ion binding [GO:0046872]; monoatomic ion channel activity [GO:0005216]; osmolarity-sensing monoatomic cation channel activity [GO:1990760]; temperature-gated cation channel activity [GO:0097604]; voltage-gated calcium channel activity [GO:0005245],Transient receptor potential cation channel subfamily A member 1
Pocillopora_acuta_HIv2___RNAseq.g11857.t1,TRP,,O75762,1.18e-125,Transient receptor potential cation channel subfamily A member 1 (Ankyrin-like with transmembrane domains protein 1) (Transformation-sensitive protein p120) (p120) (Wasabi receptor),calcium ion transmembrane import into cytosol [GO:0097553]; calcium ion transmembrane transport [GO:0070588]; cell surface receptor signaling pathway [GO:0007166]; cellular response to caffeine [GO:0071313]; cellular response to carbon dioxide [GO:0071244]; cellular response to cold [GO:0070417]; cellular response to food [GO:0071240]; cellular response to heat [GO:0034605]; cellular response to hydrogen peroxide [GO:0070301]; cellular response to toxic substance [GO:0097237]; detection of chemical stimulus involved in sensory perception of pain [GO:0050968]; detection of mechanical stimulus involved in sensory perception of pain [GO:0050966]; intracellular calcium ion homeostasis [GO:0006874]; monoatomic ion transport [GO:0006811]; positive regulation of insulin secretion involved in cellular response to glucose stimulus [GO:0035774]; positive regulation of monoatomic anion transport [GO:1903793]; protein homotetramerization [GO:0051289]; regulation of blood circulation [GO:1903522]; regulation of neuronal action potential [GO:0098908]; response to cold [GO:0009409]; response to pain [GO:0048265]; response to xenobiotic stimulus [GO:0009410]; sensory perception of pain [GO:0019233]; thermoception [GO:0050955]; urinary bladder smooth muscle contraction [GO:0014832],GO:0005245; GO:0005262; GO:0005886; GO:0006811; GO:0006874; GO:0007166; GO:0009409; GO:0009410; GO:0014832; GO:0015267; GO:0015278; GO:0016324; GO:0019233; GO:0030424; GO:0032421; GO:0034605; GO:0035774; GO:0042802; GO:0048265; GO:0050955; GO:0050966; GO:0050968; GO:0051289; GO:0070301; GO:0070417; GO:0070588; GO:0071240; GO:0071244; GO:0071313; GO:0097237; GO:0097553; GO:0097604; GO:0098908; GO:1903522; GO:1903793; GO:1990760,apical plasma membrane [GO:0016324]; axon [GO:0030424]; plasma membrane [GO:0005886]; stereocilium bundle [GO:0032421],calcium channel activity [GO:0005262]; channel activity [GO:0015267]; identical protein binding [GO:0042802]; intracellularly gated calcium channel activity [GO:0015278]; osmolarity-sensing monoatomic cation channel activity [GO:1990760]; temperature-gated cation channel activity [GO:0097604]; voltage-gated calcium channel activity [GO:0005245],Transient receptor potential cation channel subfamily A member 1
Pocillopora_acuta_HIv2___RNAseq.g11859.t1,"TRP, calcium",,Q8BLA8,1.47e-128,Transient receptor potential cation channel subfamily A member 1 (Ankyrin-like with transmembrane domains protein 1) (Wasabi receptor),calcium ion transmembrane import into cytosol [GO:0097553]; calcium ion transport [GO:0006816]; cell surface receptor signaling pathway [GO:0007166]; cellular response to caffeine [GO:0071313]; cellular response to carbon dioxide [GO:0071244]; cellular response to cold [GO:0070417]; cellular response to food [GO:0071240]; cellular response to heat [GO:0034605]; cellular response to hydrogen peroxide [GO:0070301]; cellular response to toxic substance [GO:0097237]; detection of chemical stimulus involved in sensory perception of pain [GO:0050968]; detection of mechanical stimulus involved in sensory perception [GO:0050974]; detection of mechanical stimulus involved in sensory perception of pain [GO:0050966]; intracellular calcium ion homeostasis [GO:0006874]; positive regulation of insulin secretion involved in cellular response to glucose stimulus [GO:0035774]; positive regulation of monoatomic anion transport [GO:1903793]; protein homotetramerization [GO:0051289]; regulation of blood circulation [GO:1903522]; regulation of neuronal action potential [GO:0098908]; response to cold [GO:0009409]; response to hydrogen peroxide [GO:0042542]; response to pain [GO:0048265]; response to xenobiotic stimulus [GO:0009410]; thermoception [GO:0050955]; urinary bladder smooth muscle contraction [GO:0014832],GO:0005216; GO:0005245; GO:0005262; GO:0005886; GO:0006816; GO:0006874; GO:0007166; GO:0009409; GO:0009410; GO:0014832; GO:0015267; GO:0015278; GO:0016020; GO:0016324; GO:0030424; GO:0032421; GO:0034605; GO:0035774; GO:0042542; GO:0042802; GO:0046872; GO:0048265; GO:0050955; GO:0050966; GO:0050968; GO:0050974; GO:0051289; GO:0070301; GO:0070417; GO:0071240; GO:0071244; GO:0071313; GO:0097237; GO:0097553; GO:0097604; GO:0098908; GO:1903522; GO:1903793; GO:1990760,apical plasma membrane [GO:0016324]; axon [GO:0030424]; membrane [GO:0016020]; plasma membrane [GO:0005886]; stereocilium bundle [GO:0032421],calcium channel activity [GO:0005262]; channel activity [GO:0015267]; identical protein binding [GO:0042802]; intracellularly gated calcium channel activity [GO:0015278]; metal ion binding [GO:0046872]; monoatomic ion channel activity [GO:0005216]; osmolarity-sensing monoatomic cation channel activity [GO:1990760]; temperature-gated cation channel activity [GO:0097604]; voltage-gated calcium channel activity [GO:0005245],Transient receptor potential cation channel subfamily A member 1
Pocillopora_acuta_HIv2___RNAseq.g11915.t1,calcium,,P22770,1.67e-72,Neuronal acetylcholine receptor subunit alpha-7 (nAChR7) (Nicotinic acetylcholine receptor subunit alpha-7),"calcium ion transport [GO:0006816]; chemical synaptic transmission [GO:0007268]; cognition [GO:0050890]; intracellular calcium ion homeostasis [GO:0006874]; monoatomic ion transmembrane transport [GO:0034220]; negative regulation of cytokine production involved in inflammatory response [GO:1900016]; negative regulation of tumor necrosis factor production [GO:0032720]; positive regulation of angiogenesis [GO:0045766]; positive regulation of cell population proliferation [GO:0008284]; positive regulation of MAPK cascade [GO:0043410]; regulation of membrane potential [GO:0042391]; response to hypoxia [GO:0001666]; response to nicotine [GO:0035094]; signal transduction [GO:0007165]; synaptic transmission, cholinergic [GO:0007271]",GO:0001540; GO:0001666; GO:0005737; GO:0005886; GO:0005892; GO:0006816; GO:0006874; GO:0007165; GO:0007268; GO:0007271; GO:0008284; GO:0015464; GO:0015643; GO:0017081; GO:0022848; GO:0030424; GO:0030425; GO:0032720; GO:0034220; GO:0035094; GO:0042166; GO:0042391; GO:0042803; GO:0043005; GO:0043204; GO:0043410; GO:0045202; GO:0045211; GO:0045766; GO:0050890; GO:1900016,acetylcholine-gated channel complex [GO:0005892]; axon [GO:0030424]; cytoplasm [GO:0005737]; dendrite [GO:0030425]; neuron projection [GO:0043005]; perikaryon [GO:0043204]; plasma membrane [GO:0005886]; postsynaptic membrane [GO:0045211]; synapse [GO:0045202],acetylcholine binding [GO:0042166]; acetylcholine receptor activity [GO:0015464]; acetylcholine-gated monoatomic cation-selective channel activity [GO:0022848]; amyloid-beta binding [GO:0001540]; chloride channel regulator activity [GO:0017081]; protein homodimerization activity [GO:0042803]; toxic substance binding [GO:0015643],Neuronal acetylcholine receptor subunit alpha-7
Pocillopora_acuta_HIv2___RNAseq.g11917.t1,calcium,,P54131,4.99e-82,Neuronal acetylcholine receptor subunit alpha-7 (nAChR7) (Nicotinic acetylcholine receptor subunit alpha-7),"calcium ion transport [GO:0006816]; chemical synaptic transmission [GO:0007268]; cognition [GO:0050890]; intracellular calcium ion homeostasis [GO:0006874]; monoatomic ion transmembrane transport [GO:0034220]; negative regulation of cytokine production involved in inflammatory response [GO:1900016]; negative regulation of tumor necrosis factor production [GO:0032720]; positive regulation of angiogenesis [GO:0045766]; positive regulation of cell population proliferation [GO:0008284]; positive regulation of MAPK cascade [GO:0043410]; regulation of membrane potential [GO:0042391]; response to hypoxia [GO:0001666]; response to nicotine [GO:0035094]; signal transduction [GO:0007165]; synaptic transmission, cholinergic [GO:0007271]",GO:0001540; GO:0001666; GO:0005886; GO:0005892; GO:0006816; GO:0006874; GO:0007165; GO:0007268; GO:0007271; GO:0008284; GO:0015464; GO:0015643; GO:0017081; GO:0022848; GO:0030425; GO:0032720; GO:0034220; GO:0035094; GO:0042166; GO:0042391; GO:0042803; GO:0043005; GO:0043410; GO:0045202; GO:0045211; GO:0045766; GO:0050890; GO:1900016,acetylcholine-gated channel complex [GO:0005892]; dendrite [GO:0030425]; neuron projection [GO:0043005]; plasma membrane [GO:0005886]; postsynaptic membrane [GO:0045211]; synapse [GO:0045202],acetylcholine binding [GO:0042166]; acetylcholine receptor activity [GO:0015464]; acetylcholine-gated monoatomic cation-selective channel activity [GO:0022848]; amyloid-beta binding [GO:0001540]; chloride channel regulator activity [GO:0017081]; protein homodimerization activity [GO:0042803]; toxic substance binding [GO:0015643],Neuronal acetylcholine receptor subunit alpha-7
Pocillopora_acuta_HIv2___RNAseq.g1196.t1,SLC,,P31646,0,Sodium- and chloride-dependent GABA transporter 2 (GAT-2) (Solute carrier family 6 member 13),amino acid import across plasma membrane [GO:0089718]; amino acid transport [GO:0006865]; creatine transmembrane transport [GO:0015881]; gamma-aminobutyric acid import [GO:0051939]; monocarboxylic acid transport [GO:0015718]; neurotransmitter transport [GO:0006836]; nitrogen compound transport [GO:0071705]; sodium ion transmembrane transport [GO:0035725]; taurine transmembrane transport [GO:0015734],GO:0005283; GO:0005308; GO:0005332; GO:0005368; GO:0005369; GO:0005886; GO:0006836; GO:0006865; GO:0008028; GO:0015171; GO:0015185; GO:0015718; GO:0015734; GO:0015881; GO:0016323; GO:0016597; GO:0035725; GO:0042995; GO:0051939; GO:0071705; GO:0089718,basolateral plasma membrane [GO:0016323]; cell projection [GO:0042995]; plasma membrane [GO:0005886],amino acid binding [GO:0016597]; amino acid transmembrane transporter activity [GO:0015171]; amino acid:sodium symporter activity [GO:0005283]; creatine transmembrane transporter activity [GO:0005308]; gamma-aminobutyric acid transmembrane transporter activity [GO:0015185]; gamma-aminobutyric acid:sodium:chloride symporter activity [GO:0005332]; monocarboxylic acid transmembrane transporter activity [GO:0008028]; taurine transmembrane transporter activity [GO:0005368]; taurine:sodium symporter activity [GO:0005369],Sodium- and chloride-dependent GABA transporter 2
Pocillopora_acuta_HIv2___RNAseq.g1197.t1,SLC,,P31646,0,Sodium- and chloride-dependent GABA transporter 2 (GAT-2) (Solute carrier family 6 member 13),amino acid import across plasma membrane [GO:0089718]; amino acid transport [GO:0006865]; creatine transmembrane transport [GO:0015881]; gamma-aminobutyric acid import [GO:0051939]; monocarboxylic acid transport [GO:0015718]; neurotransmitter transport [GO:0006836]; nitrogen compound transport [GO:0071705]; sodium ion transmembrane transport [GO:0035725]; taurine transmembrane transport [GO:0015734],GO:0005283; GO:0005308; GO:0005332; GO:0005368; GO:0005369; GO:0005886; GO:0006836; GO:0006865; GO:0008028; GO:0015171; GO:0015185; GO:0015718; GO:0015734; GO:0015881; GO:0016323; GO:0016597; GO:0035725; GO:0042995; GO:0051939; GO:0071705; GO:0089718,basolateral plasma membrane [GO:0016323]; cell projection [GO:0042995]; plasma membrane [GO:0005886],amino acid binding [GO:0016597]; amino acid transmembrane transporter activity [GO:0015171]; amino acid:sodium symporter activity [GO:0005283]; creatine transmembrane transporter activity [GO:0005308]; gamma-aminobutyric acid transmembrane transporter activity [GO:0015185]; gamma-aminobutyric acid:sodium:chloride symporter activity [GO:0005332]; monocarboxylic acid transmembrane transporter activity [GO:0008028]; taurine transmembrane transporter activity [GO:0005368]; taurine:sodium symporter activity [GO:0005369],Sodium- and chloride-dependent GABA transporter 2
Pocillopora_acuta_HIv2___RNAseq.g1200.t1,SLC,,P31649,0,Sodium- and chloride-dependent GABA transporter 2 (GAT-2) (Sodium- and chloride-dependent GABA transporter 3) (GAT-3) (Solute carrier family 6 member 13),amino acid import across plasma membrane [GO:0089718]; gamma-aminobutyric acid import [GO:0051939]; neurotransmitter transport [GO:0006836]; taurine transmembrane transport [GO:0015734],GO:0005283; GO:0005308; GO:0005332; GO:0005369; GO:0005886; GO:0006836; GO:0015734; GO:0016323; GO:0016597; GO:0051939; GO:0089718,basolateral plasma membrane [GO:0016323]; plasma membrane [GO:0005886],amino acid binding [GO:0016597]; amino acid:sodium symporter activity [GO:0005283]; creatine transmembrane transporter activity [GO:0005308]; gamma-aminobutyric acid:sodium:chloride symporter activity [GO:0005332]; taurine:sodium symporter activity [GO:0005369],Sodium- and chloride-dependent GABA transporter 2
Pocillopora_acuta_HIv2___RNAseq.g12096.t1,ER_calcium,,Q9WU61,4.67e-40,Chloride channel CLIC-like protein 1 (ER anion channel 1) (ERAC1) (Mid-1-related chloride channel protein 1),chloride transport [GO:0006821]; endoplasmic reticulum calcium ion homeostasis [GO:0032469],GO:0005254; GO:0005634; GO:0005737; GO:0005783; GO:0005789; GO:0005794; GO:0006821; GO:0016020; GO:0032469; GO:0034707; GO:0042802; GO:0044233,chloride channel complex [GO:0034707]; cytoplasm [GO:0005737]; endoplasmic reticulum [GO:0005783]; endoplasmic reticulum membrane [GO:0005789]; Golgi apparatus [GO:0005794]; membrane [GO:0016020]; mitochondria-associated endoplasmic reticulum membrane contact site [GO:0044233]; nucleus [GO:0005634],chloride channel activity [GO:0005254]; identical protein binding [GO:0042802],Chloride channel CLIC-like protein 1
Pocillopora_acuta_HIv2___RNAseq.g1217.t1,calcium,,P29274,2.8e-14,Adenosine receptor A2a,"adenylate cyclase-activating G protein-coupled receptor signaling pathway [GO:0007189]; adenylate cyclase-modulating G protein-coupled receptor signaling pathway [GO:0007188]; apoptotic process [GO:0006915]; apoptotic signaling pathway [GO:0097190]; astrocyte activation [GO:0048143]; blood circulation [GO:0008015]; blood coagulation [GO:0007596]; cell-cell signaling [GO:0007267]; cellular defense response [GO:0006968]; central nervous system development [GO:0007417]; eating behavior [GO:0042755]; excitatory postsynaptic potential [GO:0060079]; G protein-coupled adenosine receptor signaling pathway [GO:0001973]; inflammatory response [GO:0006954]; inhibitory postsynaptic potential [GO:0060080]; locomotory behavior [GO:0007626]; membrane depolarization [GO:0051899]; negative regulation of alpha-beta T cell activation [GO:0046636]; negative regulation of cell population proliferation [GO:0008285]; negative regulation of inflammatory response [GO:0050728]; negative regulation of neuron apoptotic process [GO:0043524]; negative regulation of vascular permeability [GO:0043116]; neuron projection morphogenesis [GO:0048812]; phagocytosis [GO:0006909]; phospholipase C-activating G protein-coupled receptor signaling pathway [GO:0007200]; positive regulation of acetylcholine secretion, neurotransmission [GO:0014057]; positive regulation of apoptotic signaling pathway [GO:2001235]; positive regulation of circadian sleep/wake cycle, sleep [GO:0045938]; positive regulation of ERK1 and ERK2 cascade [GO:0070374]; positive regulation of glutamate secretion [GO:0014049]; positive regulation of long-term synaptic potentiation [GO:1900273]; positive regulation of protein secretion [GO:0050714]; positive regulation of synaptic transmission, GABAergic [GO:0032230]; positive regulation of synaptic transmission, glutamatergic [GO:0051968]; positive regulation of urine volume [GO:0035810]; prepulse inhibition [GO:0060134]; presynaptic modulation of chemical synaptic transmission [GO:0099171]; regulation of calcium ion transport [GO:0051924]; regulation of DNA-templated transcription [GO:0006355]; regulation of mitochondrial membrane potential [GO:0051881]; regulation of norepinephrine secretion [GO:0014061]; response to amphetamine [GO:0001975]; response to caffeine [GO:0031000]; response to purine-containing compound [GO:0014074]; response to xenobiotic stimulus [GO:0009410]; sensory perception [GO:0007600]; synaptic transmission, cholinergic [GO:0007271]; synaptic transmission, dopaminergic [GO:0001963]; synaptic transmission, glutamatergic [GO:0035249]; vasodilation [GO:0042311]",GO:0001609; GO:0001963; GO:0001973; GO:0001975; GO:0005516; GO:0005882; GO:0005886; GO:0006355; GO:0006909; GO:0006915; GO:0006954; GO:0006968; GO:0007188; GO:0007189; GO:0007200; GO:0007267; GO:0007271; GO:0007417; GO:0007596; GO:0007600; GO:0007626; GO:0008015; GO:0008285; GO:0008289; GO:0009410; GO:0014049; GO:0014057; GO:0014061; GO:0014074; GO:0016020; GO:0019899; GO:0030425; GO:0030673; GO:0031000; GO:0031802; GO:0032230; GO:0032279; GO:0035249; GO:0035810; GO:0042311; GO:0042734; GO:0042755; GO:0042802; GO:0043025; GO:0043116; GO:0043524; GO:0044877; GO:0045211; GO:0045938; GO:0046636; GO:0048143; GO:0048786; GO:0048812; GO:0050714; GO:0050728; GO:0051393; GO:0051881; GO:0051899; GO:0051924; GO:0051968; GO:0060079; GO:0060080; GO:0060134; GO:0070374; GO:0097190; GO:0098978; GO:0099171; GO:1900273; GO:2001235,asymmetric synapse [GO:0032279]; axolemma [GO:0030673]; dendrite [GO:0030425]; glutamatergic synapse [GO:0098978]; intermediate filament [GO:0005882]; membrane [GO:0016020]; neuronal cell body [GO:0043025]; plasma membrane [GO:0005886]; postsynaptic membrane [GO:0045211]; presynaptic active zone [GO:0048786]; presynaptic membrane [GO:0042734],alpha-actinin binding [GO:0051393]; calmodulin binding [GO:0005516]; enzyme binding [GO:0019899]; G protein-coupled adenosine receptor activity [GO:0001609]; identical protein binding [GO:0042802]; lipid binding [GO:0008289]; protein-containing complex binding [GO:0044877]; type 5 metabotropic glutamate receptor binding [GO:0031802],Adenosine receptor A2a
Pocillopora_acuta_HIv2___RNAseq.g12228.t1,calcium,,P35384,1.56e-105,Extracellular calcium-sensing receptor (CaSR) (Parathyroid cell calcium-sensing receptor) (BoPCaR1) (PCaR1),calcium ion import [GO:0070509]; calcium ion transport [GO:0006816]; detection of calcium ion [GO:0005513]; G protein-coupled receptor signaling pathway [GO:0007186]; intracellular calcium ion homeostasis [GO:0006874]; JNK cascade [GO:0007254]; ossification [GO:0001503]; positive regulation of cell population proliferation [GO:0008284]; positive regulation of gene expression [GO:0010628]; regulation of calcium ion transport [GO:0051924]; regulation of presynaptic membrane potential [GO:0099505]; vasodilation [GO:0042311],GO:0001503; GO:0004930; GO:0005509; GO:0005513; GO:0005886; GO:0006816; GO:0006874; GO:0007186; GO:0007254; GO:0008284; GO:0010628; GO:0016597; GO:0042311; GO:0042803; GO:0043679; GO:0051924; GO:0070509; GO:0098978; GO:0099505,axon terminus [GO:0043679]; glutamatergic synapse [GO:0098978]; plasma membrane [GO:0005886],amino acid binding [GO:0016597]; calcium ion binding [GO:0005509]; G protein-coupled receptor activity [GO:0004930]; protein homodimerization activity [GO:0042803],Extracellular calcium-sensing receptor
Pocillopora_acuta_HIv2___RNAseq.g12320.t1,SLC,,Q5MNV6,4.7e-146,Zinc transporter 7 (Solute carrier family 30 member 7),intracellular zinc ion homeostasis [GO:0006882]; zinc ion import into Golgi lumen [GO:1904257],GO:0000139; GO:0005385; GO:0005739; GO:0005794; GO:0006882; GO:0031410; GO:0033017; GO:0042802; GO:0048471; GO:1904257; GO:1990674,cytoplasmic vesicle [GO:0031410]; Golgi apparatus [GO:0005794]; Golgi cis cisterna membrane [GO:1990674]; Golgi membrane [GO:0000139]; mitochondrion [GO:0005739]; perinuclear region of cytoplasm [GO:0048471]; sarcoplasmic reticulum membrane [GO:0033017],identical protein binding [GO:0042802]; zinc ion transmembrane transporter activity [GO:0005385],Zinc transporter 7
Pocillopora_acuta_HIv2___RNAseq.g12410.t1,SLC,,P43006,6.64e-159,Excitatory amino acid transporter 2 (GLT-1) (Sodium-dependent glutamate/aspartate transporter 2) (Solute carrier family 1 member 2),adult behavior [GO:0030534]; cellular response to cocaine [GO:0071314]; D-aspartate import across plasma membrane [GO:0070779]; glutathione biosynthetic process [GO:0006750]; L-aspartate import across plasma membrane [GO:0140009]; L-glutamate import across plasma membrane [GO:0098712]; L-glutamate transmembrane transport [GO:0015813]; monoatomic anion transmembrane transport [GO:0098656]; multicellular organism growth [GO:0035264]; nervous system development [GO:0007399]; neurotransmitter reuptake [GO:0098810]; positive regulation of D-glucose import [GO:0046326]; protein homotrimerization [GO:0070207]; response to amino acid [GO:0043200]; response to light stimulus [GO:0009416]; response to wounding [GO:0009611]; response to xenobiotic stimulus [GO:0009410]; telencephalon development [GO:0021537]; visual behavior [GO:0007632],GO:0005313; GO:0005314; GO:0005886; GO:0006750; GO:0007399; GO:0007632; GO:0008509; GO:0009410; GO:0009416; GO:0009611; GO:0009986; GO:0015501; GO:0015813; GO:0016020; GO:0021537; GO:0030424; GO:0030534; GO:0030673; GO:0031982; GO:0033229; GO:0035264; GO:0042734; GO:0043200; GO:0044297; GO:0044306; GO:0045121; GO:0045202; GO:0046326; GO:0046872; GO:0070207; GO:0070779; GO:0071314; GO:0097449; GO:0098656; GO:0098712; GO:0098796; GO:0098810; GO:0098978; GO:0140009,astrocyte projection [GO:0097449]; axolemma [GO:0030673]; axon [GO:0030424]; cell body [GO:0044297]; cell surface [GO:0009986]; glutamatergic synapse [GO:0098978]; membrane [GO:0016020]; membrane protein complex [GO:0098796]; membrane raft [GO:0045121]; neuron projection terminus [GO:0044306]; plasma membrane [GO:0005886]; presynaptic membrane [GO:0042734]; synapse [GO:0045202]; vesicle [GO:0031982],cysteine transmembrane transporter activity [GO:0033229]; glutamate:sodium symporter activity [GO:0015501]; high-affinity L-glutamate transmembrane transporter activity [GO:0005314]; L-glutamate transmembrane transporter activity [GO:0005313]; metal ion binding [GO:0046872]; monoatomic anion transmembrane transporter activity [GO:0008509],Excitatory amino acid transporter 2
Pocillopora_acuta_HIv2___RNAseq.g12516.t1b,Mechanosensory,,Q27433,9.12e-124,Mechanosensory protein 2,detection of mechanical stimulus involved in sensory perception of touch [GO:0050976]; mechanosensory behavior [GO:0007638]; positive regulation of detection of mechanical stimulus involved in sensory perception of touch [GO:1905789]; positive regulation of mechanosensory behavior [GO:1905792]; potassium ion transport [GO:0006813]; response to mechanical stimulus [GO:0009612],GO:0005272; GO:0005886; GO:0006813; GO:0007638; GO:0009612; GO:0015485; GO:0032589; GO:0043005; GO:0050976; GO:1905789; GO:1905792,neuron projection [GO:0043005]; neuron projection membrane [GO:0032589]; plasma membrane [GO:0005886],cholesterol binding [GO:0015485]; sodium channel activity [GO:0005272],Mechanosensory protein 2
Pocillopora_acuta_HIv2___RNAseq.g12675.t1b,calcium,,P35439,1e-64,"Glutamate receptor ionotropic, NMDA 1 (GluN1) (Glutamate [NMDA] receptor subunit zeta-1) (N-methyl-D-aspartate receptor subunit NR1) (NMD-R1)","adult locomotory behavior [GO:0008344]; associative learning [GO:0008306]; calcium ion homeostasis [GO:0055074]; calcium ion transmembrane import into cytosol [GO:0097553]; calcium ion transmembrane transport [GO:0070588]; calcium ion transport [GO:0006816]; cellular response to glycine [GO:1905430]; cellular response to manganese ion [GO:0071287]; cerebral cortex development [GO:0021987]; chemical synaptic transmission [GO:0007268]; conditioned taste aversion [GO:0001661]; excitatory postsynaptic potential [GO:0060079]; intracellular calcium ion homeostasis [GO:0006874]; ionotropic glutamate receptor signaling pathway [GO:0035235]; learning [GO:0007612]; learning or memory [GO:0007611]; long-term memory [GO:0007616]; male mating behavior [GO:0060179]; memory [GO:0007613]; monoatomic cation transmembrane transport [GO:0098655]; monoatomic cation transport [GO:0006812]; negative regulation of neuron apoptotic process [GO:0043524]; neuromuscular process [GO:0050905]; neuron cellular homeostasis [GO:0070050]; olfactory learning [GO:0008355]; pons maturation [GO:0021586]; positive regulation of apoptotic process [GO:0043065]; positive regulation of calcium ion transport into cytosol [GO:0010524]; positive regulation of dendritic spine maintenance [GO:1902952]; positive regulation of excitatory postsynaptic potential [GO:2000463]; positive regulation of reactive oxygen species biosynthetic process [GO:1903428]; positive regulation of Schwann cell migration [GO:1900149]; positive regulation of synaptic transmission, glutamatergic [GO:0051968]; positive regulation of transcription by RNA polymerase II [GO:0045944]; prepulse inhibition [GO:0060134]; propylene metabolic process [GO:0018964]; protein heterotetramerization [GO:0051290]; protein localization to postsynaptic membrane [GO:1903539]; protein-containing complex assembly [GO:0065003]; regulation of axonogenesis [GO:0050770]; regulation of cell communication [GO:0010646]; regulation of dendrite morphogenesis [GO:0048814]; regulation of long-term neuronal synaptic plasticity [GO:0048169]; regulation of membrane potential [GO:0042391]; regulation of monoatomic cation transmembrane transport [GO:1904062]; regulation of neuron apoptotic process [GO:0043523]; regulation of neuronal synaptic plasticity [GO:0048168]; regulation of respiratory gaseous exchange [GO:0043576]; regulation of synapse assembly [GO:0051963]; regulation of synaptic plasticity [GO:0048167]; response to amine [GO:0014075]; response to amphetamine [GO:0001975]; response to calcium ion [GO:0051592]; response to ethanol [GO:0045471]; response to fungicide [GO:0060992]; response to glycine [GO:1905429]; response to glycoside [GO:1903416]; response to hypoxia [GO:0001666]; response to morphine [GO:0043278]; rhythmic process [GO:0048511]; sensory perception of pain [GO:0019233]; social behavior [GO:0035176]; sodium ion transmembrane transport [GO:0035725]; startle response [GO:0001964]; suckling behavior [GO:0001967]; synaptic transmission, glutamatergic [GO:0035249]; transcription by RNA polymerase II [GO:0006366]; visual learning [GO:0008542]",GO:0001540; GO:0001661; GO:0001666; GO:0001964; GO:0001967; GO:0001975; GO:0004970; GO:0004972; GO:0005102; GO:0005261; GO:0005262; GO:0005509; GO:0005516; GO:0005737; GO:0005783; GO:0005789; GO:0005886; GO:0006366; GO:0006812; GO:0006816; GO:0006874; GO:0007268; GO:0007611; GO:0007612; GO:0007613; GO:0007616; GO:0008021; GO:0008306; GO:0008344; GO:0008355; GO:0008542; GO:0009986; GO:0010524; GO:0010646; GO:0014069; GO:0014075; GO:0015280; GO:0016020; GO:0016594; GO:0016595; GO:0017146; GO:0018964; GO:0019233; GO:0019899; GO:0019902; GO:0021586; GO:0021987; GO:0022824; GO:0022843; GO:0022849; GO:0030425; GO:0030672; GO:0032590; GO:0034702; GO:0035176; GO:0035235; GO:0035249; GO:0035254; GO:0035725; GO:0038023; GO:0042391; GO:0042734; GO:0043005; GO:0043025; GO:0043065; GO:0043083; GO:0043195; GO:0043197; GO:0043278; GO:0043523; GO:0043524; GO:0043576; GO:0044307; GO:0044877; GO:0045202; GO:0045211; GO:0045471; GO:0045944; GO:0048167; GO:0048168; GO:0048169; GO:0048511; GO:0048787; GO:0048814; GO:0050770; GO:0050905; GO:0051290; GO:0051592; GO:0051963; GO:0051968; GO:0055074; GO:0060076; GO:0060079; GO:0060134; GO:0060179; GO:0060992; GO:0065003; GO:0070050; GO:0070588; GO:0071287; GO:0097060; GO:0097553; GO:0098655; GO:0098686; GO:0098688; GO:0098839; GO:0098878; GO:0098978; GO:0099507; GO:1900149; GO:1902952; GO:1903416; GO:1903428; GO:1903539; GO:1904062; GO:1904315; GO:1905429; GO:1905430; GO:2000463,cell surface [GO:0009986]; cytoplasm [GO:0005737]; dendrite [GO:0030425]; dendrite membrane [GO:0032590]; dendritic branch [GO:0044307]; dendritic spine [GO:0043197]; endoplasmic reticulum [GO:0005783]; endoplasmic reticulum membrane [GO:0005789]; excitatory synapse [GO:0060076]; glutamatergic synapse [GO:0098978]; hippocampal mossy fiber to CA3 synapse [GO:0098686]; membrane [GO:0016020]; monoatomic ion channel complex [GO:0034702]; neuron projection [GO:0043005]; neuronal cell body [GO:0043025]; neurotransmitter receptor complex [GO:0098878]; NMDA selective glutamate receptor complex [GO:0017146]; parallel fiber to Purkinje cell synapse [GO:0098688]; plasma membrane [GO:0005886]; postsynaptic density [GO:0014069]; postsynaptic density membrane [GO:0098839]; postsynaptic membrane [GO:0045211]; presynaptic active zone membrane [GO:0048787]; presynaptic membrane [GO:0042734]; synapse [GO:0045202]; synaptic cleft [GO:0043083]; synaptic membrane [GO:0097060]; synaptic vesicle [GO:0008021]; synaptic vesicle membrane [GO:0030672]; terminal bouton [GO:0043195],amyloid-beta binding [GO:0001540]; calcium channel activity [GO:0005262]; calcium ion binding [GO:0005509]; calmodulin binding [GO:0005516]; enzyme binding [GO:0019899]; glutamate binding [GO:0016595]; glutamate receptor binding [GO:0035254]; glutamate-gated calcium ion channel activity [GO:0022849]; glutamate-gated receptor activity [GO:0004970]; glycine binding [GO:0016594]; ligand-gated monoatomic ion channel activity involved in regulation of presynaptic membrane potential [GO:0099507]; ligand-gated sodium channel activity [GO:0015280]; monoatomic cation channel activity [GO:0005261]; NMDA glutamate receptor activity [GO:0004972]; phosphatase binding [GO:0019902]; protein-containing complex binding [GO:0044877]; signaling receptor activity [GO:0038023]; signaling receptor binding [GO:0005102]; transmitter-gated monoatomic ion channel activity [GO:0022824]; transmitter-gated monoatomic ion channel activity involved in regulation of postsynaptic membrane potential [GO:1904315]; voltage-gated monoatomic cation channel activity [GO:0022843],"Glutamate receptor ionotropic, NMDA 1"
Pocillopora_acuta_HIv2___RNAseq.g12721.t1,SLC,,D3Z5L6,1.91e-59,MFS-type transporter SLC18B1 (Solute carrier family 18 member B1) (Vesicular polyamine transporter) (VPAT),serotonin uptake [GO:0051610]; spermidine transport [GO:0015848]; spermine transport [GO:0000296],GO:0000296; GO:0015311; GO:0015312; GO:0015848; GO:0030667; GO:0030672; GO:0051610,secretory granule membrane [GO:0030667]; synaptic vesicle membrane [GO:0030672],monoamine:proton antiporter activity [GO:0015311]; polyamine:proton antiporter activity [GO:0015312],MFS-type transporter SLC18B1
Pocillopora_acuta_HIv2___RNAseq.g12722.t1,SLC,,D3Z5L6,4.33e-50,MFS-type transporter SLC18B1 (Solute carrier family 18 member B1) (Vesicular polyamine transporter) (VPAT),serotonin uptake [GO:0051610]; spermidine transport [GO:0015848]; spermine transport [GO:0000296],GO:0000296; GO:0015311; GO:0015312; GO:0015848; GO:0030667; GO:0030672; GO:0051610,secretory granule membrane [GO:0030667]; synaptic vesicle membrane [GO:0030672],monoamine:proton antiporter activity [GO:0015311]; polyamine:proton antiporter activity [GO:0015312],MFS-type transporter SLC18B1
Pocillopora_acuta_HIv2___RNAseq.g12723.t1,SLC,,D3Z5L6,6.24e-50,MFS-type transporter SLC18B1 (Solute carrier family 18 member B1) (Vesicular polyamine transporter) (VPAT),serotonin uptake [GO:0051610]; spermidine transport [GO:0015848]; spermine transport [GO:0000296],GO:0000296; GO:0015311; GO:0015312; GO:0015848; GO:0030667; GO:0030672; GO:0051610,secretory granule membrane [GO:0030667]; synaptic vesicle membrane [GO:0030672],monoamine:proton antiporter activity [GO:0015311]; polyamine:proton antiporter activity [GO:0015312],MFS-type transporter SLC18B1
Pocillopora_acuta_HIv2___RNAseq.g12724.t1,SLC,,Q6NT16,3.48e-53,MFS-type transporter SLC18B1 (Solute carrier family 18 member B1) (Vesicular polyamine transporter) (VPAT),serotonin uptake [GO:0051610]; spermidine transport [GO:0015848]; spermine transport [GO:0000296],GO:0000296; GO:0015311; GO:0015312; GO:0015848; GO:0022857; GO:0030667; GO:0030672; GO:0051610,secretory granule membrane [GO:0030667]; synaptic vesicle membrane [GO:0030672],monoamine:proton antiporter activity [GO:0015311]; polyamine:proton antiporter activity [GO:0015312]; transmembrane transporter activity [GO:0022857],MFS-type transporter SLC18B1
Pocillopora_acuta_HIv2___RNAseq.g12744.t1,SLC,,Q6NT16,2.07e-77,MFS-type transporter SLC18B1 (Solute carrier family 18 member B1) (Vesicular polyamine transporter) (VPAT),serotonin uptake [GO:0051610]; spermidine transport [GO:0015848]; spermine transport [GO:0000296],GO:0000296; GO:0015311; GO:0015312; GO:0015848; GO:0022857; GO:0030667; GO:0030672; GO:0051610,secretory granule membrane [GO:0030667]; synaptic vesicle membrane [GO:0030672],monoamine:proton antiporter activity [GO:0015311]; polyamine:proton antiporter activity [GO:0015312]; transmembrane transporter activity [GO:0022857],MFS-type transporter SLC18B1
Pocillopora_acuta_HIv2___RNAseq.g12898.t1,SLC,,Q8NFF2,1.75e-134,Sodium/potassium/calcium exchanger 4 (Na(+)/K(+)/Ca(2+)-exchange protein 4) (Solute carrier family 24 member 4),amelogenesis [GO:0097186]; calcium ion export across plasma membrane [GO:1990034]; calcium ion homeostasis [GO:0055074]; calcium ion import across plasma membrane [GO:0098703]; calcium ion transmembrane transport [GO:0070588]; cellular response to high light intensity [GO:0071486]; cone photoresponse recovery [GO:0036368]; detection of chemical stimulus involved in sensory perception of smell [GO:0050911]; drinking behavior [GO:0042756]; enamel mineralization [GO:0070166]; intracellular calcium ion homeostasis [GO:0006874]; membrane repolarization [GO:0086009]; monoatomic ion transport [GO:0006811]; negative regulation of calcium-mediated signaling [GO:0050849]; olfactory nerve maturation [GO:0021630]; phototransduction [GO:0007602]; positive regulation of gene expression [GO:0010628]; potassium ion transmembrane transport [GO:0071805]; regulation of eating behavior [GO:1903998]; regulation of G protein-coupled receptor signaling pathway [GO:0008277]; response to high light intensity [GO:0009644]; response to melanocyte-stimulating hormone [GO:1990680]; response to odorant [GO:1990834]; sensory perception of smell [GO:0007608]; sodium ion transmembrane transport [GO:0035725],GO:0005262; GO:0005516; GO:0005737; GO:0005886; GO:0006811; GO:0006874; GO:0007602; GO:0007608; GO:0008273; GO:0008277; GO:0009644; GO:0010628; GO:0015293; GO:0016020; GO:0016324; GO:0021630; GO:0031982; GO:0035725; GO:0036368; GO:0042756; GO:0048306; GO:0050849; GO:0050911; GO:0055074; GO:0070166; GO:0070588; GO:0071486; GO:0071805; GO:0086009; GO:0097186; GO:0098703; GO:0120199; GO:1903998; GO:1990034; GO:1990680; GO:1990834,apical plasma membrane [GO:0016324]; cone photoreceptor outer segment [GO:0120199]; cytoplasm [GO:0005737]; membrane [GO:0016020]; plasma membrane [GO:0005886]; vesicle [GO:0031982],"calcium channel activity [GO:0005262]; calcium, potassium:sodium antiporter activity [GO:0008273]; calcium-dependent protein binding [GO:0048306]; calmodulin binding [GO:0005516]; symporter activity [GO:0015293]",Sodium/potassium/calcium exchanger 4
Pocillopora_acuta_HIv2___RNAseq.g13001.t1,TRP,,O75762,9.97e-6,Transient receptor potential cation channel subfamily A member 1 (Ankyrin-like with transmembrane domains protein 1) (Transformation-sensitive protein p120) (p120) (Wasabi receptor),calcium ion transmembrane import into cytosol [GO:0097553]; calcium ion transmembrane transport [GO:0070588]; cell surface receptor signaling pathway [GO:0007166]; cellular response to caffeine [GO:0071313]; cellular response to carbon dioxide [GO:0071244]; cellular response to cold [GO:0070417]; cellular response to food [GO:0071240]; cellular response to heat [GO:0034605]; cellular response to hydrogen peroxide [GO:0070301]; cellular response to toxic substance [GO:0097237]; detection of chemical stimulus involved in sensory perception of pain [GO:0050968]; detection of mechanical stimulus involved in sensory perception of pain [GO:0050966]; intracellular calcium ion homeostasis [GO:0006874]; monoatomic ion transport [GO:0006811]; positive regulation of insulin secretion involved in cellular response to glucose stimulus [GO:0035774]; positive regulation of monoatomic anion transport [GO:1903793]; protein homotetramerization [GO:0051289]; regulation of blood circulation [GO:1903522]; regulation of neuronal action potential [GO:0098908]; response to cold [GO:0009409]; response to pain [GO:0048265]; response to xenobiotic stimulus [GO:0009410]; sensory perception of pain [GO:0019233]; thermoception [GO:0050955]; urinary bladder smooth muscle contraction [GO:0014832],GO:0005245; GO:0005262; GO:0005886; GO:0006811; GO:0006874; GO:0007166; GO:0009409; GO:0009410; GO:0014832; GO:0015267; GO:0015278; GO:0016324; GO:0019233; GO:0030424; GO:0032421; GO:0034605; GO:0035774; GO:0042802; GO:0048265; GO:0050955; GO:0050966; GO:0050968; GO:0051289; GO:0070301; GO:0070417; GO:0070588; GO:0071240; GO:0071244; GO:0071313; GO:0097237; GO:0097553; GO:0097604; GO:0098908; GO:1903522; GO:1903793; GO:1990760,apical plasma membrane [GO:0016324]; axon [GO:0030424]; plasma membrane [GO:0005886]; stereocilium bundle [GO:0032421],calcium channel activity [GO:0005262]; channel activity [GO:0015267]; identical protein binding [GO:0042802]; intracellularly gated calcium channel activity [GO:0015278]; osmolarity-sensing monoatomic cation channel activity [GO:1990760]; temperature-gated cation channel activity [GO:0097604]; voltage-gated calcium channel activity [GO:0005245],Transient receptor potential cation channel subfamily A member 1
Pocillopora_acuta_HIv2___RNAseq.g13095.t1,SLC,,Q8WNR0,7.81e-11,High affinity copper uptake protein 1 (Copper transporter 1) (CTR1) (Solute carrier family 31 member 1) [Cleaved into: Truncated CTR1 form],angiogenesis [GO:0001525]; copper ion import [GO:0015677]; copper ion transport [GO:0006825]; establishment of localization in cell [GO:0051649]; intracellular copper ion homeostasis [GO:0006878]; plasma membrane copper ion transport [GO:0015679]; protein complex oligomerization [GO:0051259]; silver ion transmembrane transport [GO:1902601]; vascular endothelial growth factor receptor-2 signaling pathway [GO:0036324]; xenobiotic transport [GO:0042908],GO:0001525; GO:0005375; GO:0005507; GO:0005886; GO:0006825; GO:0006878; GO:0014704; GO:0015080; GO:0015677; GO:0015679; GO:0016323; GO:0016324; GO:0031901; GO:0031902; GO:0036324; GO:0042802; GO:0042908; GO:0042910; GO:0051259; GO:0051649; GO:0055038; GO:1902601,apical plasma membrane [GO:0016324]; basolateral plasma membrane [GO:0016323]; early endosome membrane [GO:0031901]; intercalated disc [GO:0014704]; late endosome membrane [GO:0031902]; plasma membrane [GO:0005886]; recycling endosome membrane [GO:0055038],copper ion binding [GO:0005507]; copper ion transmembrane transporter activity [GO:0005375]; identical protein binding [GO:0042802]; silver ion transmembrane transporter activity [GO:0015080]; xenobiotic transmembrane transporter activity [GO:0042910],High affinity copper uptake protein 1
Pocillopora_acuta_HIv2___RNAseq.g13107.t2,SLC,,Q8K211,9.34e-9,High affinity copper uptake protein 1 (Copper transporter 1) (CTR1) (Solute carrier family 31 member 1) [Cleaved into: Truncated CTR1 form],angiogenesis [GO:0001525]; copper ion import [GO:0015677]; copper ion transport [GO:0006825]; establishment of localization in cell [GO:0051649]; intracellular copper ion homeostasis [GO:0006878]; plasma membrane copper ion transport [GO:0015679]; protein complex oligomerization [GO:0051259]; silver ion transmembrane transport [GO:1902601]; vascular endothelial growth factor receptor-2 signaling pathway [GO:0036324]; xenobiotic transport [GO:0042908],GO:0001525; GO:0005375; GO:0005507; GO:0005770; GO:0005886; GO:0006825; GO:0006878; GO:0014704; GO:0015080; GO:0015677; GO:0015679; GO:0016323; GO:0016324; GO:0031901; GO:0031902; GO:0036324; GO:0042802; GO:0042908; GO:0042910; GO:0051259; GO:0051649; GO:0055037; GO:0055038; GO:1902601,apical plasma membrane [GO:0016324]; basolateral plasma membrane [GO:0016323]; early endosome membrane [GO:0031901]; intercalated disc [GO:0014704]; late endosome [GO:0005770]; late endosome membrane [GO:0031902]; plasma membrane [GO:0005886]; recycling endosome [GO:0055037]; recycling endosome membrane [GO:0055038],copper ion binding [GO:0005507]; copper ion transmembrane transporter activity [GO:0005375]; identical protein binding [GO:0042802]; silver ion transmembrane transporter activity [GO:0015080]; xenobiotic transmembrane transporter activity [GO:0042910],High affinity copper uptake protein 1
Pocillopora_acuta_HIv2___RNAseq.g13109.t1,calcium,,P29274,6.42e-18,Adenosine receptor A2a,"adenylate cyclase-activating G protein-coupled receptor signaling pathway [GO:0007189]; adenylate cyclase-modulating G protein-coupled receptor signaling pathway [GO:0007188]; apoptotic process [GO:0006915]; apoptotic signaling pathway [GO:0097190]; astrocyte activation [GO:0048143]; blood circulation [GO:0008015]; blood coagulation [GO:0007596]; cell-cell signaling [GO:0007267]; cellular defense response [GO:0006968]; central nervous system development [GO:0007417]; eating behavior [GO:0042755]; excitatory postsynaptic potential [GO:0060079]; G protein-coupled adenosine receptor signaling pathway [GO:0001973]; inflammatory response [GO:0006954]; inhibitory postsynaptic potential [GO:0060080]; locomotory behavior [GO:0007626]; membrane depolarization [GO:0051899]; negative regulation of alpha-beta T cell activation [GO:0046636]; negative regulation of cell population proliferation [GO:0008285]; negative regulation of inflammatory response [GO:0050728]; negative regulation of neuron apoptotic process [GO:0043524]; negative regulation of vascular permeability [GO:0043116]; neuron projection morphogenesis [GO:0048812]; phagocytosis [GO:0006909]; phospholipase C-activating G protein-coupled receptor signaling pathway [GO:0007200]; positive regulation of acetylcholine secretion, neurotransmission [GO:0014057]; positive regulation of apoptotic signaling pathway [GO:2001235]; positive regulation of circadian sleep/wake cycle, sleep [GO:0045938]; positive regulation of ERK1 and ERK2 cascade [GO:0070374]; positive regulation of glutamate secretion [GO:0014049]; positive regulation of long-term synaptic potentiation [GO:1900273]; positive regulation of protein secretion [GO:0050714]; positive regulation of synaptic transmission, GABAergic [GO:0032230]; positive regulation of synaptic transmission, glutamatergic [GO:0051968]; positive regulation of urine volume [GO:0035810]; prepulse inhibition [GO:0060134]; presynaptic modulation of chemical synaptic transmission [GO:0099171]; regulation of calcium ion transport [GO:0051924]; regulation of DNA-templated transcription [GO:0006355]; regulation of mitochondrial membrane potential [GO:0051881]; regulation of norepinephrine secretion [GO:0014061]; response to amphetamine [GO:0001975]; response to caffeine [GO:0031000]; response to purine-containing compound [GO:0014074]; response to xenobiotic stimulus [GO:0009410]; sensory perception [GO:0007600]; synaptic transmission, cholinergic [GO:0007271]; synaptic transmission, dopaminergic [GO:0001963]; synaptic transmission, glutamatergic [GO:0035249]; vasodilation [GO:0042311]",GO:0001609; GO:0001963; GO:0001973; GO:0001975; GO:0005516; GO:0005882; GO:0005886; GO:0006355; GO:0006909; GO:0006915; GO:0006954; GO:0006968; GO:0007188; GO:0007189; GO:0007200; GO:0007267; GO:0007271; GO:0007417; GO:0007596; GO:0007600; GO:0007626; GO:0008015; GO:0008285; GO:0008289; GO:0009410; GO:0014049; GO:0014057; GO:0014061; GO:0014074; GO:0016020; GO:0019899; GO:0030425; GO:0030673; GO:0031000; GO:0031802; GO:0032230; GO:0032279; GO:0035249; GO:0035810; GO:0042311; GO:0042734; GO:0042755; GO:0042802; GO:0043025; GO:0043116; GO:0043524; GO:0044877; GO:0045211; GO:0045938; GO:0046636; GO:0048143; GO:0048786; GO:0048812; GO:0050714; GO:0050728; GO:0051393; GO:0051881; GO:0051899; GO:0051924; GO:0051968; GO:0060079; GO:0060080; GO:0060134; GO:0070374; GO:0097190; GO:0098978; GO:0099171; GO:1900273; GO:2001235,asymmetric synapse [GO:0032279]; axolemma [GO:0030673]; dendrite [GO:0030425]; glutamatergic synapse [GO:0098978]; intermediate filament [GO:0005882]; membrane [GO:0016020]; neuronal cell body [GO:0043025]; plasma membrane [GO:0005886]; postsynaptic membrane [GO:0045211]; presynaptic active zone [GO:0048786]; presynaptic membrane [GO:0042734],alpha-actinin binding [GO:0051393]; calmodulin binding [GO:0005516]; enzyme binding [GO:0019899]; G protein-coupled adenosine receptor activity [GO:0001609]; identical protein binding [GO:0042802]; lipid binding [GO:0008289]; protein-containing complex binding [GO:0044877]; type 5 metabotropic glutamate receptor binding [GO:0031802],Adenosine receptor A2a
Pocillopora_acuta_HIv2___RNAseq.g13220.t1,SLC,,Q8WNR0,3.18e-23,High affinity copper uptake protein 1 (Copper transporter 1) (CTR1) (Solute carrier family 31 member 1) [Cleaved into: Truncated CTR1 form],angiogenesis [GO:0001525]; copper ion import [GO:0015677]; copper ion transport [GO:0006825]; establishment of localization in cell [GO:0051649]; intracellular copper ion homeostasis [GO:0006878]; plasma membrane copper ion transport [GO:0015679]; protein complex oligomerization [GO:0051259]; silver ion transmembrane transport [GO:1902601]; vascular endothelial growth factor receptor-2 signaling pathway [GO:0036324]; xenobiotic transport [GO:0042908],GO:0001525; GO:0005375; GO:0005507; GO:0005886; GO:0006825; GO:0006878; GO:0014704; GO:0015080; GO:0015677; GO:0015679; GO:0016323; GO:0016324; GO:0031901; GO:0031902; GO:0036324; GO:0042802; GO:0042908; GO:0042910; GO:0051259; GO:0051649; GO:0055038; GO:1902601,apical plasma membrane [GO:0016324]; basolateral plasma membrane [GO:0016323]; early endosome membrane [GO:0031901]; intercalated disc [GO:0014704]; late endosome membrane [GO:0031902]; plasma membrane [GO:0005886]; recycling endosome membrane [GO:0055038],copper ion binding [GO:0005507]; copper ion transmembrane transporter activity [GO:0005375]; identical protein binding [GO:0042802]; silver ion transmembrane transporter activity [GO:0015080]; xenobiotic transmembrane transporter activity [GO:0042910],High affinity copper uptake protein 1
Pocillopora_acuta_HIv2___RNAseq.g13223.t1,SLC,,Q8WNR0,7.05e-14,High affinity copper uptake protein 1 (Copper transporter 1) (CTR1) (Solute carrier family 31 member 1) [Cleaved into: Truncated CTR1 form],angiogenesis [GO:0001525]; copper ion import [GO:0015677]; copper ion transport [GO:0006825]; establishment of localization in cell [GO:0051649]; intracellular copper ion homeostasis [GO:0006878]; plasma membrane copper ion transport [GO:0015679]; protein complex oligomerization [GO:0051259]; silver ion transmembrane transport [GO:1902601]; vascular endothelial growth factor receptor-2 signaling pathway [GO:0036324]; xenobiotic transport [GO:0042908],GO:0001525; GO:0005375; GO:0005507; GO:0005886; GO:0006825; GO:0006878; GO:0014704; GO:0015080; GO:0015677; GO:0015679; GO:0016323; GO:0016324; GO:0031901; GO:0031902; GO:0036324; GO:0042802; GO:0042908; GO:0042910; GO:0051259; GO:0051649; GO:0055038; GO:1902601,apical plasma membrane [GO:0016324]; basolateral plasma membrane [GO:0016323]; early endosome membrane [GO:0031901]; intercalated disc [GO:0014704]; late endosome membrane [GO:0031902]; plasma membrane [GO:0005886]; recycling endosome membrane [GO:0055038],copper ion binding [GO:0005507]; copper ion transmembrane transporter activity [GO:0005375]; identical protein binding [GO:0042802]; silver ion transmembrane transporter activity [GO:0015080]; xenobiotic transmembrane transporter activity [GO:0042910],High affinity copper uptake protein 1
Pocillopora_acuta_HIv2___RNAseq.g13236.t1,SLC,,Q8WNR0,2.03e-39,High affinity copper uptake protein 1 (Copper transporter 1) (CTR1) (Solute carrier family 31 member 1) [Cleaved into: Truncated CTR1 form],angiogenesis [GO:0001525]; copper ion import [GO:0015677]; copper ion transport [GO:0006825]; establishment of localization in cell [GO:0051649]; intracellular copper ion homeostasis [GO:0006878]; plasma membrane copper ion transport [GO:0015679]; protein complex oligomerization [GO:0051259]; silver ion transmembrane transport [GO:1902601]; vascular endothelial growth factor receptor-2 signaling pathway [GO:0036324]; xenobiotic transport [GO:0042908],GO:0001525; GO:0005375; GO:0005507; GO:0005886; GO:0006825; GO:0006878; GO:0014704; GO:0015080; GO:0015677; GO:0015679; GO:0016323; GO:0016324; GO:0031901; GO:0031902; GO:0036324; GO:0042802; GO:0042908; GO:0042910; GO:0051259; GO:0051649; GO:0055038; GO:1902601,apical plasma membrane [GO:0016324]; basolateral plasma membrane [GO:0016323]; early endosome membrane [GO:0031901]; intercalated disc [GO:0014704]; late endosome membrane [GO:0031902]; plasma membrane [GO:0005886]; recycling endosome membrane [GO:0055038],copper ion binding [GO:0005507]; copper ion transmembrane transporter activity [GO:0005375]; identical protein binding [GO:0042802]; silver ion transmembrane transporter activity [GO:0015080]; xenobiotic transmembrane transporter activity [GO:0042910],High affinity copper uptake protein 1
Pocillopora_acuta_HIv2___RNAseq.g13237.t1,SLC,,Q5RAS6,4.11e-17,High affinity copper uptake protein 1 (Copper transporter 1) (Solute carrier family 31 member 1) [Cleaved into: Truncated CTR1 form],angiogenesis [GO:0001525]; copper ion import [GO:0015677]; copper ion transport [GO:0006825]; plasma membrane copper ion transport [GO:0015679]; protein complex oligomerization [GO:0051259]; silver ion transmembrane transport [GO:1902601]; vascular endothelial growth factor receptor-2 signaling pathway [GO:0036324]; xenobiotic transport [GO:0042908],GO:0001525; GO:0005375; GO:0005507; GO:0005886; GO:0006825; GO:0015080; GO:0015677; GO:0015679; GO:0016323; GO:0016324; GO:0031901; GO:0031902; GO:0036324; GO:0042908; GO:0042910; GO:0051259; GO:0055038; GO:1902601,apical plasma membrane [GO:0016324]; basolateral plasma membrane [GO:0016323]; early endosome membrane [GO:0031901]; late endosome membrane [GO:0031902]; plasma membrane [GO:0005886]; recycling endosome membrane [GO:0055038],copper ion binding [GO:0005507]; copper ion transmembrane transporter activity [GO:0005375]; silver ion transmembrane transporter activity [GO:0015080]; xenobiotic transmembrane transporter activity [GO:0042910],High affinity copper uptake protein 1
Pocillopora_acuta_HIv2___RNAseq.g13251.t1,SLC,,M0RCI4,4.5e-15,Monocarboxylate transporter 9 (MCT 9) (Solute carrier family 16 member 9),carboxylic acid transmembrane transport [GO:1905039]; carnitine transmembrane transport [GO:1902603]; creatine transmembrane transport [GO:0015881]; urate metabolic process [GO:0046415],GO:0005308; GO:0005886; GO:0008028; GO:0015226; GO:0015881; GO:0046415; GO:1902603; GO:1905039,plasma membrane [GO:0005886],carnitine transmembrane transporter activity [GO:0015226]; creatine transmembrane transporter activity [GO:0005308]; monocarboxylic acid transmembrane transporter activity [GO:0008028],Monocarboxylate transporter 9
Pocillopora_acuta_HIv2___RNAseq.g13252.t1,SLC,,Q90632,7.16e-35,Monocarboxylate transporter 3 (MCT 3) (Retinal epithelial membrane protein) (Solute carrier family 16 member 8),,GO:0005886; GO:0008028; GO:0015293; GO:0016323; GO:0016324,apical plasma membrane [GO:0016324]; basolateral plasma membrane [GO:0016323]; plasma membrane [GO:0005886],monocarboxylic acid transmembrane transporter activity [GO:0008028]; symporter activity [GO:0015293],Monocarboxylate transporter 3
Pocillopora_acuta_HIv2___RNAseq.g13393.t1,SLC,,Q2M3R5,3.16e-50,Solute carrier family 35 member G1 (Partner of STIM1) (Transmembrane protein 20),calcium ion export across plasma membrane [GO:1990034]; regulation of cytosolic calcium ion concentration [GO:0051480],GO:0005789; GO:0005886; GO:0051480; GO:1990034,endoplasmic reticulum membrane [GO:0005789]; plasma membrane [GO:0005886],,Solute carrier family 35 member G1
Pocillopora_acuta_HIv2___RNAseq.g13401.t1,"TRP, Bhattacharya2016",TRPM1,A7T1N0,0,Transient receptor potential cation channel subfamily M member-like 2 (nvTRPM2),calcium ion transmembrane transport [GO:0070588]; sodium ion transmembrane transport [GO:0035725],GO:0005886; GO:0015280; GO:0035725; GO:0046872; GO:0047631; GO:0070588; GO:0099604,plasma membrane [GO:0005886],ADP-ribose diphosphatase activity [GO:0047631]; ligand-gated calcium channel activity [GO:0099604]; ligand-gated sodium channel activity [GO:0015280]; metal ion binding [GO:0046872],TRPM1
Pocillopora_acuta_HIv2___RNAseq.g13435.t1,SLC,,Q9JKZ2,0,Sodium/myo-inositol cotransporter (Na(+)/myo-inositol cotransporter) (Sodium/myo-inositol transporter 1) (SMIT1) (Solute carrier family 5 member 3),inositol metabolic process [GO:0006020]; myo-inositol transport [GO:0015798]; peripheral nervous system development [GO:0007422]; positive regulation of protein localization to membrane [GO:1905477]; positive regulation of reactive oxygen species biosynthetic process [GO:1903428]; regulation of respiratory gaseous exchange [GO:0043576],GO:0005412; GO:0006020; GO:0007422; GO:0008076; GO:0015798; GO:0016323; GO:0016324; GO:0043576; GO:1903428; GO:1905477,apical plasma membrane [GO:0016324]; basolateral plasma membrane [GO:0016323]; voltage-gated potassium channel complex [GO:0008076],D-glucose:sodium symporter activity [GO:0005412],Sodium/myo-inositol cotransporter
Pocillopora_acuta_HIv2___RNAseq.g13445.t1,SLC,,P97858,6.43e-126,Solute carrier family 35 member B1 (ATP/ADP exchanger ER) (AXER) (Endoplasmic reticulum ATP/ADP translocase) (UDP-galactose transporter-related protein 1) (UGTrel1),,GO:0005471; GO:0005654; GO:0005789,endoplasmic reticulum membrane [GO:0005789]; nucleoplasm [GO:0005654],ATP:ADP antiporter activity [GO:0005471],Solute carrier family 35 member B1
Pocillopora_acuta_HIv2___RNAseq.g13465.t1,SLC,,Q5SPB1,5.54e-31,Sodium-coupled neutral amino acid symporter 2 (Amino acid transporter A2) (Solute carrier family 38 member 2) (System A amino acid transporter 2) (System A transporter 1) (System N amino acid transporter 2),"alanine transport [GO:0032328]; amino acid import [GO:0043090]; amino acid transmembrane transport [GO:0003333]; amino acid transport [GO:0006865]; glutamine transport [GO:0006868]; L-glutamine import across plasma membrane [GO:1903803]; L-proline import across plasma membrane [GO:1904271]; L-serine import across plasma membrane [GO:1903812]; neutral amino acid transport [GO:0015804]; proline transport [GO:0015824]; regulation of glutamate secretion, neurotransmission [GO:1903294]",GO:0003333; GO:0005283; GO:0005295; GO:0005298; GO:0005886; GO:0006865; GO:0006868; GO:0015171; GO:0015172; GO:0015175; GO:0015186; GO:0015655; GO:0015804; GO:0015824; GO:0032328; GO:0043090; GO:1903294; GO:1903803; GO:1903812; GO:1904271,plasma membrane [GO:0005886],acidic amino acid transmembrane transporter activity [GO:0015172]; alanine:sodium symporter activity [GO:0015655]; amino acid transmembrane transporter activity [GO:0015171]; amino acid:sodium symporter activity [GO:0005283]; L-glutamine transmembrane transporter activity [GO:0015186]; neutral L-amino acid transmembrane transporter activity [GO:0015175]; neutral L-amino acid:sodium symporter activity [GO:0005295]; proline:sodium symporter activity [GO:0005298],Sodium-coupled neutral amino acid symporter 2
Pocillopora_acuta_HIv2___RNAseq.g13640.t1,SLC,,Q5ZIH3,1.02e-122,Zinc transporter 6 (ZnT-6) (Solute carrier family 30 member 6),regulation of zinc ion transport [GO:0071579]; zinc ion import into Golgi lumen [GO:1904257]; zinc ion transport [GO:0006829],GO:0005385; GO:0005794; GO:0006829; GO:0032588; GO:0071579; GO:1904257,Golgi apparatus [GO:0005794]; trans-Golgi network membrane [GO:0032588],zinc ion transmembrane transporter activity [GO:0005385],Zinc transporter 6
Pocillopora_acuta_HIv2___RNAseq.g14002.t1,SLC,,Q5HZE0,2.87e-68,Mitochondrial basic amino acids transporter (Carnitine/acylcarnitine translocase-like) (CACT-like) (Mitochondrial carnitine/acylcarnitine carrier protein CACL) (Mitochondrial ornithine transporter 3) (Solute carrier family 25 member 29),L-arginine transmembrane transport [GO:1903826]; L-histidine transmembrane transport [GO:0089709]; L-lysine transmembrane transport [GO:1903401]; mitochondrial L-ornithine transmembrane transport [GO:1990575]; ornithine transport [GO:0015822],GO:0005289; GO:0005292; GO:0005739; GO:0005743; GO:0015174; GO:0015227; GO:0015822; GO:0089709; GO:1903401; GO:1903826; GO:1990575,mitochondrial inner membrane [GO:0005743]; mitochondrion [GO:0005739],basic amino acid transmembrane transporter activity [GO:0015174]; high-affinity L-arginine transmembrane transporter activity [GO:0005289]; high-affinity lysine transmembrane transporter activity [GO:0005292]; O-acyl-L-carnitine transmembrane transporter activity [GO:0015227],Mitochondrial basic amino acids transporter
Pocillopora_acuta_HIv2___RNAseq.g14093.t1,SLC,,P30531,1.4e-145,Sodium- and chloride-dependent GABA transporter 1 (GAT-1) (Solute carrier family 6 member 1),amino acid transport [GO:0006865]; associative learning [GO:0008306]; chemical synaptic transmission [GO:0007268]; chloride transmembrane transport [GO:1902476]; gamma-aminobutyric acid import [GO:0051939]; gamma-aminobutyric acid reuptake [GO:0051936]; inorganic anion import across plasma membrane [GO:0098658]; memory [GO:0007613]; sodium ion import across plasma membrane [GO:0098719]; sodium ion transmembrane transport [GO:0035725]; synapse organization [GO:0050808]; transport across blood-brain barrier [GO:0150104],GO:0005332; GO:0005886; GO:0006865; GO:0007268; GO:0007613; GO:0008306; GO:0009986; GO:0015185; GO:0015378; GO:0016020; GO:0030424; GO:0035725; GO:0043025; GO:0046872; GO:0050808; GO:0051936; GO:0051939; GO:0098658; GO:0098719; GO:0098793; GO:0098982; GO:0150104; GO:1902476,axon [GO:0030424]; cell surface [GO:0009986]; GABA-ergic synapse [GO:0098982]; membrane [GO:0016020]; neuronal cell body [GO:0043025]; plasma membrane [GO:0005886]; presynapse [GO:0098793],gamma-aminobutyric acid transmembrane transporter activity [GO:0015185]; gamma-aminobutyric acid:sodium:chloride symporter activity [GO:0005332]; metal ion binding [GO:0046872]; sodium:chloride symporter activity [GO:0015378],Sodium- and chloride-dependent GABA transporter 1
Pocillopora_acuta_HIv2___RNAseq.g14531.t1,calcium,,B8UU59,1.64e-9,Polycystin-1-related protein (Polycystic kidney disease 1-related protein),calcium ion transport [GO:0006816],GO:0005261; GO:0005886; GO:0005929; GO:0006816,cilium [GO:0005929]; plasma membrane [GO:0005886],monoatomic cation channel activity [GO:0005261],Polycystin-1-related protein
Pocillopora_acuta_HIv2___RNAseq.g14535.t1,calcium,,B8UU59,1.23e-15,Polycystin-1-related protein (Polycystic kidney disease 1-related protein),calcium ion transport [GO:0006816],GO:0005261; GO:0005886; GO:0005929; GO:0006816,cilium [GO:0005929]; plasma membrane [GO:0005886],monoatomic cation channel activity [GO:0005261],Polycystin-1-related protein
Pocillopora_acuta_HIv2___RNAseq.g14554.t1,calcium,,B8UU59,4.76e-13,Polycystin-1-related protein (Polycystic kidney disease 1-related protein),calcium ion transport [GO:0006816],GO:0005261; GO:0005886; GO:0005929; GO:0006816,cilium [GO:0005929]; plasma membrane [GO:0005886],monoatomic cation channel activity [GO:0005261],Polycystin-1-related protein
Pocillopora_acuta_HIv2___RNAseq.g14786.t1,"calcium, ER_calcium",,Q00709,5.64e-25,Apoptosis regulator Bcl-2,"actin filament organization [GO:0007015]; axon regeneration [GO:0031103]; axonogenesis [GO:0007409]; B cell apoptotic process [GO:0001783]; B cell homeostasis [GO:0001782]; B cell lineage commitment [GO:0002326]; B cell proliferation [GO:0042100]; B cell receptor signaling pathway [GO:0050853]; behavioral fear response [GO:0001662]; branching involved in ureteric bud morphogenesis [GO:0001658]; calcium ion transport into cytosol [GO:0060402]; CD8-positive, alpha-beta T cell lineage commitment [GO:0043375]; cell-cell adhesion [GO:0098609]; cellular response to glucose starvation [GO:0042149]; cellular response to hypoxia [GO:0071456]; cochlear nucleus development [GO:0021747]; defense response to virus [GO:0051607]; dendritic cell apoptotic process [GO:0097048]; digestive tract morphogenesis [GO:0048546]; ear development [GO:0043583]; endoplasmic reticulum calcium ion homeostasis [GO:0032469]; epithelial cell apoptotic process [GO:1904019]; establishment of localization in cell [GO:0051649]; extrinsic apoptotic signaling pathway in absence of ligand [GO:0097192]; extrinsic apoptotic signaling pathway via death domain receptors [GO:0008625]; focal adhesion assembly [GO:0048041]; G1/S transition of mitotic cell cycle [GO:0000082]; gland morphogenesis [GO:0022612]; glomerulus development [GO:0032835]; hematopoietic stem cell differentiation [GO:0060218]; homeostasis of number of cells within a tissue [GO:0048873]; intrinsic apoptotic signaling pathway in response to DNA damage [GO:0008630]; intrinsic apoptotic signaling pathway in response to endoplasmic reticulum stress [GO:0070059]; intrinsic apoptotic signaling pathway in response to oxidative stress [GO:0008631]; lens fiber cell differentiation [GO:0070306]; lymphoid progenitor cell differentiation [GO:0002320]; male gonad development [GO:0008584]; melanin metabolic process [GO:0006582]; melanocyte differentiation [GO:0030318]; mesenchymal cell development [GO:0014031]; metanephros development [GO:0001656]; motor neuron apoptotic process [GO:0097049]; myeloid cell apoptotic process [GO:0033028]; negative regulation of anoikis [GO:2000811]; negative regulation of apoptotic process [GO:0043066]; negative regulation of autophagy [GO:0010507]; negative regulation of B cell apoptotic process [GO:0002903]; negative regulation of calcium ion transport into cytosol [GO:0010523]; negative regulation of cell growth [GO:0030308]; negative regulation of cell migration [GO:0030336]; negative regulation of cellular pH reduction [GO:0032848]; negative regulation of dendritic cell apoptotic process [GO:2000669]; negative regulation of epithelial cell apoptotic process [GO:1904036]; negative regulation of extrinsic apoptotic signaling pathway in absence of ligand [GO:2001240]; negative regulation of G1/S transition of mitotic cell cycle [GO:2000134]; negative regulation of intrinsic apoptotic signaling pathway [GO:2001243]; negative regulation of motor neuron apoptotic process [GO:2000672]; negative regulation of myeloid cell apoptotic process [GO:0033033]; negative regulation of ossification [GO:0030279]; negative regulation of osteoblast proliferation [GO:0033689]; negative regulation of retinal cell programmed cell death [GO:0046671]; negative regulation of T cell apoptotic process [GO:0070233]; neuron maturation [GO:0042551]; oocyte development [GO:0048599]; organ growth [GO:0035265]; ossification [GO:0001503]; osteoblast proliferation [GO:0033687]; ovarian follicle development [GO:0001541]; pigment granule organization [GO:0048753]; positive regulation of apoptotic process [GO:0043065]; positive regulation of B cell proliferation [GO:0030890]; positive regulation of cell growth [GO:0030307]; positive regulation of melanocyte differentiation [GO:0045636]; positive regulation of multicellular organism growth [GO:0040018]; positive regulation of neuron maturation [GO:0014042]; positive regulation of skeletal muscle fiber development [GO:0048743]; positive regulation of smooth muscle cell migration [GO:0014911]; post-embryonic development [GO:0009791]; protein polyubiquitination [GO:0000209]; reactive oxygen species metabolic process [GO:0072593]; regulation of cell-matrix adhesion [GO:0001952]; regulation of gene expression [GO:0010468]; regulation of glycoprotein biosynthetic process [GO:0010559]; regulation of mitochondrial membrane permeability [GO:0046902]; regulation of mitochondrial membrane potential [GO:0051881]; regulation of nitrogen utilization [GO:0006808]; regulation of protein localization [GO:0032880]; regulation of protein stability [GO:0031647]; regulation of viral genome replication [GO:0045069]; release of cytochrome c from mitochondria [GO:0001836]; renal system process [GO:0003014]; response to cytokine [GO:0034097]; response to gamma radiation [GO:0010332]; response to glucocorticoid [GO:0051384]; response to hydrogen peroxide [GO:0042542]; response to iron ion [GO:0010039]; response to ischemia [GO:0002931]; response to nicotine [GO:0035094]; response to toxic substance [GO:0009636]; response to UV-B [GO:0010224]; response to xenobiotic stimulus [GO:0009410]; retinal cell programmed cell death [GO:0046666]; skeletal muscle fiber development [GO:0048741]; smooth muscle cell migration [GO:0014909]; spleen development [GO:0048536]; stem cell development [GO:0048864]; T cell apoptotic process [GO:0070231]; T cell differentiation in thymus [GO:0033077]; T cell homeostasis [GO:0043029]; thymus development [GO:0048538]",GO:0000082; GO:0000209; GO:0001503; GO:0001541; GO:0001656; GO:0001658; GO:0001662; GO:0001782; GO:0001783; GO:0001836; GO:0001952; GO:0002020; GO:0002320; GO:0002326; GO:0002903; GO:0002931; GO:0003014; GO:0005739; GO:0005741; GO:0005789; GO:0005829; GO:0006582; GO:0006808; GO:0007015; GO:0007409; GO:0008584; GO:0008625; GO:0008630; GO:0008631; GO:0009410; GO:0009636; GO:0009791; GO:0010039; GO:0010224; GO:0010332; GO:0010468; GO:0010507; GO:0010523; GO:0010559; GO:0014031; GO:0014042; GO:0014909; GO:0014911; GO:0015267; GO:0016248; GO:0021747; GO:0022612; GO:0030279; GO:0030307; GO:0030308; GO:0030318; GO:0030336; GO:0030890; GO:0031103; GO:0031625; GO:0031647; GO:0031965; GO:0032469; GO:0032835; GO:0032848; GO:0032880; GO:0033028; GO:0033033; GO:0033077; GO:0033687; GO:0033689; GO:0034097; GO:0035094; GO:0035265; GO:0040018; GO:0042100; GO:0042149; GO:0042542; GO:0042551; GO:0042802; GO:0043029; GO:0043065; GO:0043066; GO:0043209; GO:0043375; GO:0043565; GO:0043583; GO:0045069; GO:0045636; GO:0046666; GO:0046671; GO:0046902; GO:0046930; GO:0046982; GO:0048041; GO:0048536; GO:0048538; GO:0048546; GO:0048599; GO:0048741; GO:0048743; GO:0048753; GO:0048864; GO:0048873; GO:0050853; GO:0051384; GO:0051434; GO:0051607; GO:0051649; GO:0051721; GO:0051881; GO:0060090; GO:0060218; GO:0060402; GO:0070059; GO:0070231; GO:0070233; GO:0070306; GO:0071456; GO:0072593; GO:0097048; GO:0097049; GO:0097138; GO:0097192; GO:0098609; GO:0140297; GO:1904019; GO:1904036; GO:2000134; GO:2000669; GO:2000672; GO:2000811; GO:2001240; GO:2001243,BAD-BCL-2 complex [GO:0097138]; cytosol [GO:0005829]; endoplasmic reticulum membrane [GO:0005789]; mitochondrial outer membrane [GO:0005741]; mitochondrion [GO:0005739]; myelin sheath [GO:0043209]; nuclear membrane [GO:0031965]; pore complex [GO:0046930],BH3 domain binding [GO:0051434]; channel activity [GO:0015267]; channel inhibitor activity [GO:0016248]; DNA-binding transcription factor binding [GO:0140297]; identical protein binding [GO:0042802]; molecular adaptor activity [GO:0060090]; protease binding [GO:0002020]; protein heterodimerization activity [GO:0046982]; protein phosphatase 2A binding [GO:0051721]; sequence-specific DNA binding [GO:0043565]; ubiquitin protein ligase binding [GO:0031625],Apoptosis regulator Bcl-2
Pocillopora_acuta_HIv2___RNAseq.g14801.t1,"calcium, SLC, Sodium_calcium_exchanger",,P70414,5.53e-118,Sodium/calcium exchanger 1 (Na(+)/Ca(2+)-exchange protein 1) (Solute carrier family 8 member 1),calcium ion export [GO:1901660]; calcium ion homeostasis [GO:0055074]; calcium ion import [GO:0070509]; calcium ion transmembrane transport [GO:0070588]; calcium ion transport [GO:0006816]; calcium ion transport into cytosol [GO:0060402]; cardiac muscle cell development [GO:0055013]; cardiac muscle contraction [GO:0060048]; cell communication [GO:0007154]; cellular response to caffeine [GO:0071313]; embryonic heart tube development [GO:0035050]; embryonic placenta development [GO:0001892]; heart morphogenesis [GO:0003007]; muscle cell development [GO:0055001]; negative regulation of cytosolic calcium ion concentration [GO:0051481]; negative regulation of intracellular signal transduction [GO:1902532]; post-embryonic development [GO:0009791]; regulation of cardiac muscle cell membrane potential [GO:0086036]; regulation of gene expression [GO:0010468]; regulation of heart rate [GO:0002027]; regulation of the force of heart contraction [GO:0002026]; relaxation of smooth muscle [GO:0044557]; sodium ion export across plasma membrane [GO:0036376]; sodium ion import across plasma membrane [GO:0098719]; sodium ion transport [GO:0006814]; vascular associated smooth muscle contraction [GO:0014829],GO:0001892; GO:0002026; GO:0002027; GO:0003007; GO:0005432; GO:0005509; GO:0005516; GO:0005886; GO:0006814; GO:0006816; GO:0007154; GO:0009791; GO:0010468; GO:0014069; GO:0014829; GO:0016020; GO:0016323; GO:0030315; GO:0030506; GO:0035050; GO:0036376; GO:0042383; GO:0043679; GO:0044325; GO:0044557; GO:0045202; GO:0051481; GO:0055001; GO:0055013; GO:0055074; GO:0060048; GO:0060402; GO:0070509; GO:0070588; GO:0071313; GO:0086036; GO:0098719; GO:1901660; GO:1902532,axon terminus [GO:0043679]; basolateral plasma membrane [GO:0016323]; membrane [GO:0016020]; plasma membrane [GO:0005886]; postsynaptic density [GO:0014069]; sarcolemma [GO:0042383]; synapse [GO:0045202]; T-tubule [GO:0030315],ankyrin binding [GO:0030506]; calcium ion binding [GO:0005509]; calcium:sodium antiporter activity [GO:0005432]; calmodulin binding [GO:0005516]; transmembrane transporter binding [GO:0044325],Sodium/calcium exchanger 1
Pocillopora_acuta_HIv2___RNAseq.g14852.t1,SLC,,Q9IAL7,6.16e-90,Sodium/potassium/calcium exchanger 2 (Na(+)/K(+)/Ca(2+)-exchange protein 2) (Retinal cone Na-Ca+K exchanger) (Solute carrier family 24 member 2),calcium ion import across plasma membrane [GO:0098703]; calcium ion transmembrane transport [GO:0070588]; intracellular calcium ion homeostasis [GO:0006874]; long-term synaptic depression [GO:0060292]; long-term synaptic potentiation [GO:0060291],GO:0001917; GO:0005262; GO:0005886; GO:0006874; GO:0008273; GO:0015293; GO:0060291; GO:0060292; GO:0070588; GO:0098703,photoreceptor inner segment [GO:0001917]; plasma membrane [GO:0005886],"calcium channel activity [GO:0005262]; calcium, potassium:sodium antiporter activity [GO:0008273]; symporter activity [GO:0015293]",Sodium/potassium/calcium exchanger 2
Pocillopora_acuta_HIv2___RNAseq.g14871.t1,calcium,,P48442,1.34e-110,Extracellular calcium-sensing receptor (CaSR) (Parathyroid cell calcium-sensing receptor) (PCaR1) (RaKCaR),adenylate cyclase-inhibiting G protein-coupled receptor signaling pathway [GO:0007193]; bile acid secretion [GO:0032782]; branching morphogenesis of an epithelial tube [GO:0048754]; calcium ion import [GO:0070509]; cellular response to glucose stimulus [GO:0071333]; cellular response to hepatocyte growth factor stimulus [GO:0035729]; cellular response to hypoxia [GO:0071456]; cellular response to low-density lipoprotein particle stimulus [GO:0071404]; cellular response to peptide [GO:1901653]; cellular response to vitamin D [GO:0071305]; chloride transmembrane transport [GO:1902476]; detection of calcium ion [GO:0005513]; fat pad development [GO:0060613]; G protein-coupled receptor signaling pathway [GO:0007186]; intracellular calcium ion homeostasis [GO:0006874]; JNK cascade [GO:0007254]; ossification [GO:0001503]; phospholipase C-activating G protein-coupled receptor signaling pathway [GO:0007200]; positive regulation of calcium ion import [GO:0090280]; positive regulation of cell population proliferation [GO:0008284]; positive regulation of ERK1 and ERK2 cascade [GO:0070374]; positive regulation of gene expression [GO:0010628]; positive regulation of insulin secretion [GO:0032024]; positive regulation of positive chemotaxis [GO:0050927]; positive regulation of vasoconstriction [GO:0045907]; regulation of calcium ion transport [GO:0051924]; regulation of presynaptic membrane potential [GO:0099505]; response to calcium ion [GO:0051592]; response to fibroblast growth factor [GO:0071774]; response to ischemia [GO:0002931]; response to metal ion [GO:0010038]; vasodilation [GO:0042311],GO:0001503; GO:0002931; GO:0004930; GO:0005178; GO:0005509; GO:0005513; GO:0005886; GO:0006874; GO:0007186; GO:0007193; GO:0007200; GO:0007254; GO:0008284; GO:0009986; GO:0010038; GO:0010628; GO:0016323; GO:0016324; GO:0016597; GO:0019901; GO:0030424; GO:0032024; GO:0032782; GO:0035729; GO:0042311; GO:0042734; GO:0042803; GO:0043025; GO:0043679; GO:0044325; GO:0045907; GO:0048754; GO:0050927; GO:0051592; GO:0051924; GO:0060613; GO:0070374; GO:0070509; GO:0071305; GO:0071333; GO:0071404; GO:0071456; GO:0071774; GO:0090280; GO:0098978; GO:0099505; GO:1901653; GO:1902476,apical plasma membrane [GO:0016324]; axon [GO:0030424]; axon terminus [GO:0043679]; basolateral plasma membrane [GO:0016323]; cell surface [GO:0009986]; glutamatergic synapse [GO:0098978]; neuronal cell body [GO:0043025]; plasma membrane [GO:0005886]; presynaptic membrane [GO:0042734],amino acid binding [GO:0016597]; calcium ion binding [GO:0005509]; G protein-coupled receptor activity [GO:0004930]; integrin binding [GO:0005178]; protein homodimerization activity [GO:0042803]; protein kinase binding [GO:0019901]; transmembrane transporter binding [GO:0044325],Extracellular calcium-sensing receptor
Pocillopora_acuta_HIv2___RNAseq.g1497.t1,SLC,,Q6DIV6,9.25e-62,Vesicular inhibitory amino acid transporter (GABA and glycine transporter) (Solute carrier family 32 member 1) (Vesicular GABA transporter),beta-alanine transport [GO:0001762]; gamma-aminobutyric acid import [GO:0051939]; gamma-aminobutyric acid transport [GO:0015812]; glycine transport [GO:0015816]; neurotransmitter transport [GO:0006836],GO:0001762; GO:0006836; GO:0008021; GO:0015185; GO:0015187; GO:0015812; GO:0015816; GO:0030659; GO:0042995; GO:0051939; GO:0098793; GO:0140799; GO:0140800,cell projection [GO:0042995]; cytoplasmic vesicle membrane [GO:0030659]; presynapse [GO:0098793]; synaptic vesicle [GO:0008021],gamma-aminobutyric acid transmembrane transporter activity [GO:0015185]; gamma-aminobutyric acid:proton antiporter activity [GO:0140800]; glycine transmembrane transporter activity [GO:0015187]; glycine:proton antiporter activity [GO:0140799],Vesicular inhibitory amino acid transporter
Pocillopora_acuta_HIv2___RNAseq.g151.t1,SLC,,Q6GNV7,1.31e-102,Solute carrier family 49 member 4 homolog (Disrupted in renal carcinoma protein 2 homolog),pyridoxine transport [GO:0031923],GO:0005765; GO:0016020; GO:0022857; GO:0031923; GO:0043231,intracellular membrane-bounded organelle [GO:0043231]; lysosomal membrane [GO:0005765]; membrane [GO:0016020],transmembrane transporter activity [GO:0022857],Solute carrier family 49 member 4 homolog
Pocillopora_acuta_HIv2___RNAseq.g1511.t1,SLC,,Q5I012,1.74e-102,Solute carrier family 38 member 10 (Amino acid transporter SLC38A10),amino acid transport [GO:0006865]; bone development [GO:0060348],GO:0005794; GO:0006865; GO:0016020; GO:0060348,Golgi apparatus [GO:0005794]; membrane [GO:0016020],,Solute carrier family 38 member 10
Pocillopora_acuta_HIv2___RNAseq.g15119.t1,"TRP, calcium",,Q7Z020,7.83e-106,Transient receptor potential cation channel subfamily A member 1 (dTRPA1) (Ankyrin-like with transmembrane domains protein 1) (dANKTM1),calcium ion transport [GO:0006816]; cellular response to heat [GO:0034605]; cellular response to pulsatile fluid shear stress [GO:0097703]; detection of chemical stimulus involved in sensory perception of bitter taste [GO:0001580]; detection of chemical stimulus involved in sensory perception of pain [GO:0050968]; detection of hot stimulus involved in thermoception [GO:0120168]; detection of temperature stimulus involved in sensory perception of pain [GO:0050965]; detection of temperature stimulus involved in thermoception [GO:0050960]; mechanosensory behavior [GO:0007638]; monoatomic cation transmembrane transport [GO:0098655]; monoatomic cation transport [GO:0006812]; negative phototaxis [GO:0046957]; neuronal signal transduction [GO:0023041]; phototransduction [GO:0007602]; positive regulation of calcium-mediated signaling [GO:0050850]; response to heat [GO:0009408]; response to light stimulus [GO:0009416]; temperature compensation of the circadian clock [GO:0010378]; thermosensory behavior [GO:0040040]; thermotaxis [GO:0043052],GO:0001580; GO:0005261; GO:0005262; GO:0005886; GO:0006812; GO:0006816; GO:0007602; GO:0007638; GO:0009408; GO:0009416; GO:0010378; GO:0015276; GO:0016020; GO:0023041; GO:0034605; GO:0034703; GO:0040040; GO:0043052; GO:0046957; GO:0050850; GO:0050960; GO:0050965; GO:0050968; GO:0097604; GO:0097703; GO:0098655; GO:0120168,cation channel complex [GO:0034703]; membrane [GO:0016020]; plasma membrane [GO:0005886],calcium channel activity [GO:0005262]; ligand-gated monoatomic ion channel activity [GO:0015276]; monoatomic cation channel activity [GO:0005261]; temperature-gated cation channel activity [GO:0097604],Transient receptor potential cation channel subfamily A member 1
Pocillopora_acuta_HIv2___RNAseq.g15121.t1,TRP,,O75762,2.45e-103,Transient receptor potential cation channel subfamily A member 1 (Ankyrin-like with transmembrane domains protein 1) (Transformation-sensitive protein p120) (p120) (Wasabi receptor),calcium ion transmembrane import into cytosol [GO:0097553]; calcium ion transmembrane transport [GO:0070588]; cell surface receptor signaling pathway [GO:0007166]; cellular response to caffeine [GO:0071313]; cellular response to carbon dioxide [GO:0071244]; cellular response to cold [GO:0070417]; cellular response to food [GO:0071240]; cellular response to heat [GO:0034605]; cellular response to hydrogen peroxide [GO:0070301]; cellular response to toxic substance [GO:0097237]; detection of chemical stimulus involved in sensory perception of pain [GO:0050968]; detection of mechanical stimulus involved in sensory perception of pain [GO:0050966]; intracellular calcium ion homeostasis [GO:0006874]; monoatomic ion transport [GO:0006811]; positive regulation of insulin secretion involved in cellular response to glucose stimulus [GO:0035774]; positive regulation of monoatomic anion transport [GO:1903793]; protein homotetramerization [GO:0051289]; regulation of blood circulation [GO:1903522]; regulation of neuronal action potential [GO:0098908]; response to cold [GO:0009409]; response to pain [GO:0048265]; response to xenobiotic stimulus [GO:0009410]; sensory perception of pain [GO:0019233]; thermoception [GO:0050955]; urinary bladder smooth muscle contraction [GO:0014832],GO:0005245; GO:0005262; GO:0005886; GO:0006811; GO:0006874; GO:0007166; GO:0009409; GO:0009410; GO:0014832; GO:0015267; GO:0015278; GO:0016324; GO:0019233; GO:0030424; GO:0032421; GO:0034605; GO:0035774; GO:0042802; GO:0048265; GO:0050955; GO:0050966; GO:0050968; GO:0051289; GO:0070301; GO:0070417; GO:0070588; GO:0071240; GO:0071244; GO:0071313; GO:0097237; GO:0097553; GO:0097604; GO:0098908; GO:1903522; GO:1903793; GO:1990760,apical plasma membrane [GO:0016324]; axon [GO:0030424]; plasma membrane [GO:0005886]; stereocilium bundle [GO:0032421],calcium channel activity [GO:0005262]; channel activity [GO:0015267]; identical protein binding [GO:0042802]; intracellularly gated calcium channel activity [GO:0015278]; osmolarity-sensing monoatomic cation channel activity [GO:1990760]; temperature-gated cation channel activity [GO:0097604]; voltage-gated calcium channel activity [GO:0005245],Transient receptor potential cation channel subfamily A member 1
Pocillopora_acuta_HIv2___RNAseq.g15166.t1,SLC,,Q9UBX3,2.28e-127,Mitochondrial dicarboxylate carrier (DIC) (Solute carrier family 25 member 10),"dicarboxylic acid transport [GO:0006835]; gluconeogenesis [GO:0006094]; glyceraldehyde-3-phosphate biosynthetic process [GO:0046166]; lipid transport [GO:0006869]; malate transmembrane transport [GO:0071423]; monoatomic ion transport [GO:0006811]; oxaloacetate transport [GO:0015729]; phosphate ion transmembrane transport [GO:0035435]; succinate transmembrane transport [GO:0071422]; sulfate transmembrane transport [GO:1902358]; sulfide oxidation, using sulfide:quinone oxidoreductase [GO:0070221]; thiosulfate transport [GO:0015709]",GO:0005310; GO:0005634; GO:0005654; GO:0005739; GO:0005743; GO:0006094; GO:0006811; GO:0006835; GO:0006869; GO:0015116; GO:0015117; GO:0015131; GO:0015140; GO:0015141; GO:0015297; GO:0015709; GO:0015729; GO:0035435; GO:0046166; GO:0070221; GO:0071422; GO:0071423; GO:1902358,mitochondrial inner membrane [GO:0005743]; mitochondrion [GO:0005739]; nucleoplasm [GO:0005654]; nucleus [GO:0005634],antiporter activity [GO:0015297]; dicarboxylic acid transmembrane transporter activity [GO:0005310]; malate transmembrane transporter activity [GO:0015140]; oxaloacetate transmembrane transporter activity [GO:0015131]; succinate transmembrane transporter activity [GO:0015141]; sulfate transmembrane transporter activity [GO:0015116]; thiosulfate transmembrane transporter activity [GO:0015117],Mitochondrial dicarboxylate carrier
Pocillopora_acuta_HIv2___RNAseq.g15264.t1,calcium,,Q9MZL5,1.38e-153,Voltage-dependent L-type calcium channel subunit beta-2 (CAB2) (Calcium channel voltage-dependent subunit beta 2),calcium ion transmembrane transport [GO:0070588]; calcium ion transport [GO:0006816]; chemical synaptic transmission [GO:0007268]; positive regulation of muscle contraction [GO:0045933],GO:0006816; GO:0007268; GO:0008331; GO:0045202; GO:0045933; GO:0070588; GO:1990454,L-type voltage-gated calcium channel complex [GO:1990454]; synapse [GO:0045202],high voltage-gated calcium channel activity [GO:0008331],Voltage-dependent L-type calcium channel subunit beta-2
Pocillopora_acuta_HIv2___RNAseq.g15280.t1,SLC,,A0A096X8J7,0,Anion exchange protein 3 (AE 3) (Solute carrier family 4 member 3),bicarbonate transport [GO:0015701]; cardiac muscle cell action potential [GO:0086001]; regulation of intracellular pH [GO:0051453]; transmembrane transport [GO:0055085],GO:0005452; GO:0005886; GO:0008509; GO:0015701; GO:0051453; GO:0055085; GO:0086001,plasma membrane [GO:0005886],monoatomic anion transmembrane transporter activity [GO:0008509]; solute:inorganic anion antiporter activity [GO:0005452],Anion exchange protein 3
Pocillopora_acuta_HIv2___RNAseq.g1543.t1,"calcium, ER_calcium",,Q07812,4.94e-25,Apoptosis regulator BAX (Bcl-2-like protein 4) (Bcl2-L-4),apoptotic mitochondrial changes [GO:0008637]; apoptotic process [GO:0006915]; apoptotic process involved in blood vessel morphogenesis [GO:1902262]; apoptotic process involved in embryonic digit morphogenesis [GO:1902263]; apoptotic process involved in mammary gland involution [GO:0060057]; apoptotic signaling pathway [GO:0097190]; B cell apoptotic process [GO:0001783]; B cell homeostasis [GO:0001782]; B cell homeostatic proliferation [GO:0002358]; B cell negative selection [GO:0002352]; B cell receptor apoptotic signaling pathway [GO:1990117]; blood vessel remodeling [GO:0001974]; calcium ion transport into cytosol [GO:0060402]; cellular response to unfolded protein [GO:0034620]; cellular response to UV [GO:0034644]; cellular response to virus [GO:0098586]; cerebral cortex development [GO:0021987]; development of secondary sexual characteristics [GO:0045136]; ectopic germ cell programmed cell death [GO:0035234]; endoplasmic reticulum calcium ion homeostasis [GO:0032469]; epithelial cell apoptotic process [GO:1904019]; establishment or maintenance of transmembrane electrochemical gradient [GO:0010248]; execution phase of apoptosis [GO:0097194]; extrinsic apoptotic signaling pathway [GO:0097191]; extrinsic apoptotic signaling pathway in absence of ligand [GO:0097192]; extrinsic apoptotic signaling pathway via death domain receptors [GO:0008625]; fertilization [GO:0009566]; germ cell development [GO:0007281]; glycosphingolipid metabolic process [GO:0006687]; homeostasis of number of cells within a tissue [GO:0048873]; hypothalamus development [GO:0021854]; intrinsic apoptotic signaling pathway [GO:0097193]; intrinsic apoptotic signaling pathway by p53 class mediator [GO:0072332]; intrinsic apoptotic signaling pathway in response to DNA damage [GO:0008630]; intrinsic apoptotic signaling pathway in response to endoplasmic reticulum stress [GO:0070059]; kidney development [GO:0001822]; mitochondrial fragmentation involved in apoptotic process [GO:0043653]; mitochondrial fusion [GO:0008053]; motor neuron apoptotic process [GO:0097049]; myeloid cell homeostasis [GO:0002262]; negative regulation of apoptotic signaling pathway [GO:2001234]; negative regulation of endoplasmic reticulum calcium ion concentration [GO:0032471]; negative regulation of fibroblast proliferation [GO:0048147]; negative regulation of mitochondrial membrane potential [GO:0010917]; negative regulation of neuron apoptotic process [GO:0043524]; negative regulation of protein binding [GO:0032091]; neuron migration [GO:0001764]; odontogenesis of dentin-containing tooth [GO:0042475]; ovarian follicle development [GO:0001541]; positive regulation of apoptotic DNA fragmentation [GO:1902512]; positive regulation of apoptotic process [GO:0043065]; positive regulation of apoptotic process involved in mammary gland involution [GO:0060058]; positive regulation of B cell apoptotic process [GO:0002904]; positive regulation of calcium ion transport into cytosol [GO:0010524]; positive regulation of developmental pigmentation [GO:0048087]; positive regulation of epithelial cell apoptotic process [GO:1904037]; positive regulation of intrinsic apoptotic signaling pathway [GO:2001244]; positive regulation of IRE1-mediated unfolded protein response [GO:1903896]; positive regulation of mitochondrial membrane permeability involved in apoptotic process [GO:1902110]; positive regulation of motor neuron apoptotic process [GO:2000673]; positive regulation of neuron apoptotic process [GO:0043525]; positive regulation of protein-containing complex assembly [GO:0031334]; positive regulation of release of cytochrome c from mitochondria [GO:0090200]; positive regulation of release of sequestered calcium ion into cytosol [GO:0051281]; positive regulation of reproductive process [GO:2000243]; post-embryonic camera-type eye morphogenesis [GO:0048597]; protein insertion into mitochondrial membrane [GO:0051204]; regulation of apoptotic process [GO:0042981]; regulation of cell cycle [GO:0051726]; regulation of mammary gland epithelial cell proliferation [GO:0033599]; regulation of mitochondrial membrane permeability involved in programmed necrotic cell death [GO:1902445]; regulation of mitochondrial membrane potential [GO:0051881]; regulation of nitrogen utilization [GO:0006808]; release of cytochrome c from mitochondria [GO:0001836]; release of matrix enzymes from mitochondria [GO:0032976]; release of sequestered calcium ion into cytosol [GO:0051209]; response to axon injury [GO:0048678]; response to gamma radiation [GO:0010332]; response to salt stress [GO:0009651]; response to toxic substance [GO:0009636]; retina development in camera-type eye [GO:0060041]; retinal cell programmed cell death [GO:0046666]; Sertoli cell proliferation [GO:0060011]; spermatid differentiation [GO:0048515]; supramolecular fiber organization [GO:0097435]; T cell homeostatic proliferation [GO:0001777]; thymocyte apoptotic process [GO:0070242]; vagina development [GO:0060068],GO:0001541; GO:0001764; GO:0001777; GO:0001782; GO:0001783; GO:0001822; GO:0001836; GO:0001974; GO:0002262; GO:0002352; GO:0002358; GO:0002904; GO:0005634; GO:0005635; GO:0005737; GO:0005739; GO:0005741; GO:0005757; GO:0005783; GO:0005789; GO:0005829; GO:0006687; GO:0006808; GO:0006915; GO:0007281; GO:0008053; GO:0008289; GO:0008625; GO:0008630; GO:0008637; GO:0009566; GO:0009636; GO:0009651; GO:0010248; GO:0010332; GO:0010524; GO:0010917; GO:0015267; GO:0016020; GO:0021854; GO:0021987; GO:0030544; GO:0031334; GO:0032091; GO:0032469; GO:0032471; GO:0032976; GO:0033599; GO:0034620; GO:0034644; GO:0035234; GO:0042475; GO:0042802; GO:0042803; GO:0042981; GO:0043065; GO:0043524; GO:0043525; GO:0043653; GO:0045136; GO:0046666; GO:0046930; GO:0046982; GO:0048087; GO:0048147; GO:0048515; GO:0048597; GO:0048678; GO:0048873; GO:0051204; GO:0051209; GO:0051281; GO:0051434; GO:0051726; GO:0051881; GO:0060011; GO:0060041; GO:0060057; GO:0060058; GO:0060068; GO:0060402; GO:0070059; GO:0070062; GO:0070242; GO:0072332; GO:0090200; GO:0097049; GO:0097136; GO:0097144; GO:0097145; GO:0097190; GO:0097191; GO:0097192; GO:0097193; GO:0097194; GO:0097435; GO:0098586; GO:1902110; GO:1902262; GO:1902263; GO:1902445; GO:1902512; GO:1903896; GO:1904019; GO:1904037; GO:1990117; GO:2000243; GO:2000673; GO:2001234; GO:2001244,BAK complex [GO:0097145]; BAX complex [GO:0097144]; Bcl-2 family protein complex [GO:0097136]; cytoplasm [GO:0005737]; cytosol [GO:0005829]; endoplasmic reticulum [GO:0005783]; endoplasmic reticulum membrane [GO:0005789]; extracellular exosome [GO:0070062]; membrane [GO:0016020]; mitochondrial outer membrane [GO:0005741]; mitochondrial permeability transition pore complex [GO:0005757]; mitochondrion [GO:0005739]; nuclear envelope [GO:0005635]; nucleus [GO:0005634]; pore complex [GO:0046930],BH3 domain binding [GO:0051434]; channel activity [GO:0015267]; Hsp70 protein binding [GO:0030544]; identical protein binding [GO:0042802]; lipid binding [GO:0008289]; protein heterodimerization activity [GO:0046982]; protein homodimerization activity [GO:0042803],Apoptosis regulator BAX
Pocillopora_acuta_HIv2___RNAseq.g15497.t2,SLC,,Q8WV83,1.59e-130,Solute carrier family 35 member F5 (Hepatitis C virus NS5A-transactivated protein 3) (HCV NS5A-transactivated protein 3),,GO:0016020,membrane [GO:0016020],,Solute carrier family 35 member F5
Pocillopora_acuta_HIv2___RNAseq.g15853.t1,calcium,,Q8CFG5,3.44e-53,Voltage-dependent calcium channel subunit alpha-2/delta-3 (Voltage-gated calcium channel subunit alpha-2/delta-3) [Cleaved into: Voltage-dependent calcium channel subunit alpha-2-3; Voltage-dependent calcium channel subunit delta-3],calcium ion transport [GO:0006816]; cellular response to insulin-like growth factor stimulus [GO:1990314]; regulation of presynapse organization [GO:0099174],GO:0005245; GO:0005246; GO:0005891; GO:0006816; GO:0046872; GO:0048787; GO:0098982; GO:0099174; GO:1990314,GABA-ergic synapse [GO:0098982]; presynaptic active zone membrane [GO:0048787]; voltage-gated calcium channel complex [GO:0005891],calcium channel regulator activity [GO:0005246]; metal ion binding [GO:0046872]; voltage-gated calcium channel activity [GO:0005245],Voltage-dependent calcium channel subunit alpha-2/delta-3
Pocillopora_acuta_HIv2___RNAseq.g15862.t2b,TRP,,P79100,1.39e-51,Short transient receptor potential channel 4 (TrpC4) (Capacitative calcium entry channel 1) (CCE1),calcium ion transmembrane transport [GO:0070588]; regulation of cytosolic calcium ion concentration [GO:0051480],GO:0005886; GO:0015279; GO:0034703; GO:0051480; GO:0070588; GO:0070679,cation channel complex [GO:0034703]; plasma membrane [GO:0005886],"inositol 1,4,5 trisphosphate binding [GO:0070679]; store-operated calcium channel activity [GO:0015279]",Short transient receptor potential channel 4
Pocillopora_acuta_HIv2___RNAseq.g15893.t1,SLC,,Q6GM59,1.74e-44,Monocarboxylate transporter 12 (MCT 12) (Solute carrier family 16 member 12),creatine transmembrane transport [GO:0015881]; creatinine metabolic process [GO:0046449],GO:0005308; GO:0005886; GO:0015292; GO:0015881; GO:0016323; GO:0022857; GO:0046449,basolateral plasma membrane [GO:0016323]; plasma membrane [GO:0005886],creatine transmembrane transporter activity [GO:0005308]; transmembrane transporter activity [GO:0022857]; uniporter activity [GO:0015292],Monocarboxylate transporter 12
Pocillopora_acuta_HIv2___RNAseq.g15894.t1,SLC,,Q6P2X9,3.12e-41,Monocarboxylate transporter 12 (MCT 12) (Solute carrier family 16 member 12),creatine transmembrane transport [GO:0015881]; creatinine metabolic process [GO:0046449],GO:0005308; GO:0005886; GO:0015292; GO:0015881; GO:0016323; GO:0046449,basolateral plasma membrane [GO:0016323]; plasma membrane [GO:0005886],creatine transmembrane transporter activity [GO:0005308]; uniporter activity [GO:0015292],Monocarboxylate transporter 12
Pocillopora_acuta_HIv2___RNAseq.g16015.t2,SLC,,Q0VGW6,0,Solute carrier family 12 member 9 (Cation-chloride cotransporter-interacting protein 1),cell volume homeostasis [GO:0006884]; chloride ion homeostasis [GO:0055064]; chloride transmembrane transport [GO:1902476]; potassium ion homeostasis [GO:0055075],GO:0005765; GO:0005886; GO:0006884; GO:0015379; GO:0055064; GO:0055075; GO:1902476,lysosomal membrane [GO:0005765]; plasma membrane [GO:0005886],potassium:chloride symporter activity [GO:0015379],Solute carrier family 12 member 9
Pocillopora_acuta_HIv2___RNAseq.g16079.t1,SLC,,Q68F72,4.7e-101,Solute carrier family 15 member 4,"dipeptide import across plasma membrane [GO:0140206]; innate immune response [GO:0045087]; mast cell homeostasis [GO:0033023]; peptidoglycan transport [GO:0015835]; positive regulation of innate immune response [GO:0045089]; positive regulation of nucleotide-binding oligomerization domain containing 1 signaling pathway [GO:0070430]; positive regulation of nucleotide-binding oligomerization domain containing 2 signaling pathway [GO:0070434]; positive regulation of toll-like receptor 7 signaling pathway [GO:0034157]; positive regulation of toll-like receptor 8 signaling pathway [GO:0034161]; positive regulation of toll-like receptor 9 signaling pathway [GO:0034165]; protein transport [GO:0015031]; regulation of isotype switching to IgG isotypes [GO:0048302]; regulation of nucleotide-binding domain, leucine rich repeat containing receptor signaling pathway [GO:0070424]",GO:0005290; GO:0005765; GO:0015031; GO:0015333; GO:0015647; GO:0015835; GO:0016020; GO:0031901; GO:0033023; GO:0034157; GO:0034161; GO:0034165; GO:0036020; GO:0045087; GO:0045089; GO:0048302; GO:0070424; GO:0070430; GO:0070434; GO:0071916; GO:0140206,early endosome membrane [GO:0031901]; endolysosome membrane [GO:0036020]; lysosomal membrane [GO:0005765]; membrane [GO:0016020],dipeptide transmembrane transporter activity [GO:0071916]; L-histidine transmembrane transporter activity [GO:0005290]; peptide:proton symporter activity [GO:0015333]; peptidoglycan transmembrane transporter activity [GO:0015647],Solute carrier family 15 member 4
Pocillopora_acuta_HIv2___RNAseq.g16090.t1,Bhattacharya2016,ATP2A2,Q7PPA5,0,Calcium-transporting ATPase sarcoplasmic/endoplasmic reticulum type (EC 7.2.2.10) (Calcium pump) (Sarcoplasmic/endoplasmic reticulum Ca(2+)-ATPase),calcium ion transmembrane transport [GO:0070588]; intracellular calcium ion homeostasis [GO:0006874],GO:0005388; GO:0005524; GO:0006874; GO:0016020; GO:0016887; GO:0033017; GO:0046872; GO:0070588,membrane [GO:0016020]; sarcoplasmic reticulum membrane [GO:0033017],ATP binding [GO:0005524]; ATP hydrolysis activity [GO:0016887]; metal ion binding [GO:0046872]; P-type calcium transporter activity [GO:0005388],ATP2A2
Pocillopora_acuta_HIv2___RNAseq.g16132.t1,Bhattacharya2016,TPC1,Q9WTN5,0,Two pore calcium channel protein 1 (Voltage-dependent calcium channel protein TPC1),endocytosis involved in viral entry into host cell [GO:0075509]; positive regulation of autophagy [GO:0010508]; sodium ion transmembrane transport [GO:0035725],GO:0005248; GO:0005765; GO:0010008; GO:0010508; GO:0015280; GO:0016020; GO:0019905; GO:0022832; GO:0031901; GO:0034702; GO:0035725; GO:0036019; GO:0042802; GO:0042803; GO:0055038; GO:0072345; GO:0075509; GO:0080025; GO:0097682,early endosome membrane [GO:0031901]; endolysosome [GO:0036019]; endosome membrane [GO:0010008]; lysosomal membrane [GO:0005765]; membrane [GO:0016020]; monoatomic ion channel complex [GO:0034702]; recycling endosome membrane [GO:0055038],"identical protein binding [GO:0042802]; intracellularly phosphatidylinositol-3,5-bisphosphate-gated monatomic cation channel activity [GO:0097682]; ligand-gated sodium channel activity [GO:0015280]; NAADP-sensitive calcium-release channel activity [GO:0072345]; phosphatidylinositol-3,5-bisphosphate binding [GO:0080025]; protein homodimerization activity [GO:0042803]; syntaxin binding [GO:0019905]; voltage-gated channel activity [GO:0022832]; voltage-gated sodium channel activity [GO:0005248]",TPC1
Pocillopora_acuta_HIv2___RNAseq.g1628.t1,SLC,,P52569,5.53e-149,Cationic amino acid transporter 2 (CAT-2) (CAT2) (Low affinity cationic amino acid transporter 2) (Solute carrier family 7 member 2),amino acid import across plasma membrane [GO:0089718]; amino acid transport [GO:0006865]; L-alpha-amino acid transmembrane transport [GO:1902475]; L-amino acid transport [GO:0015807]; L-arginine import across plasma membrane [GO:0097638]; L-arginine transmembrane transport [GO:1903826]; L-ornithine transmembrane transport [GO:1903352]; transport across blood-brain barrier [GO:0150104],GO:0000064; GO:0005886; GO:0006865; GO:0015171; GO:0015174; GO:0015179; GO:0015189; GO:0015807; GO:0030054; GO:0061459; GO:0089718; GO:0097638; GO:0150104; GO:1902475; GO:1903352; GO:1903826,cell junction [GO:0030054]; plasma membrane [GO:0005886],amino acid transmembrane transporter activity [GO:0015171]; basic amino acid transmembrane transporter activity [GO:0015174]; L-amino acid transmembrane transporter activity [GO:0015179]; L-arginine transmembrane transporter activity [GO:0061459]; L-lysine transmembrane transporter activity [GO:0015189]; L-ornithine transmembrane transporter activity [GO:0000064],Cationic amino acid transporter 2
Pocillopora_acuta_HIv2___RNAseq.g16285.t1,calcium,,Q01484,3.38e-6,Ankyrin-2 (ANK-2) (Ankyrin-B) (Brain ankyrin) (Non-erythroid ankyrin),atrial cardiac muscle cell action potential [GO:0086014]; atrial cardiac muscle cell to AV node cell communication [GO:0086066]; atrial septum development [GO:0003283]; endocytosis [GO:0006897]; intracellular calcium ion homeostasis [GO:0006874]; membrane depolarization during SA node cell action potential [GO:0086046]; paranodal junction assembly [GO:0030913]; positive regulation of calcium ion transport [GO:0051928]; positive regulation of gene expression [GO:0010628]; positive regulation of potassium ion import across plasma membrane [GO:1903288]; protein localization [GO:0008104]; protein localization to cell surface [GO:0034394]; protein localization to endoplasmic reticulum [GO:0070972]; protein localization to M-band [GO:0036309]; protein localization to organelle [GO:0033365]; protein localization to plasma membrane [GO:0072659]; protein localization to T-tubule [GO:0036371]; protein stabilization [GO:0050821]; protein transport [GO:0015031]; regulation of atrial cardiac muscle cell action potential [GO:0098910]; regulation of calcium ion transport [GO:0051924]; regulation of cardiac muscle cell contraction [GO:0086004]; regulation of cardiac muscle contraction [GO:0055117]; regulation of cardiac muscle contraction by calcium ion signaling [GO:0010882]; regulation of cardiac muscle contraction by regulation of the release of sequestered calcium ion [GO:0010881]; regulation of heart rate [GO:0002027]; regulation of heart rate by cardiac conduction [GO:0086091]; regulation of protein stability [GO:0031647]; regulation of release of sequestered calcium ion into cytosol [GO:0051279]; regulation of SA node cell action potential [GO:0098907]; regulation of ventricular cardiac muscle cell membrane repolarization [GO:0060307]; response to methylmercury [GO:0051597]; SA node cell action potential [GO:0086015]; SA node cell to atrial cardiac muscle cell communication [GO:0086070]; sarcoplasmic reticulum calcium ion transport [GO:0070296]; T-tubule organization [GO:0033292]; ventricular cardiac muscle cell action potential [GO:0086005],GO:0002027; GO:0003283; GO:0005200; GO:0005739; GO:0005764; GO:0005769; GO:0005829; GO:0005856; GO:0005886; GO:0006874; GO:0006897; GO:0008093; GO:0008104; GO:0010628; GO:0010881; GO:0010882; GO:0014704; GO:0015031; GO:0016323; GO:0016324; GO:0019899; GO:0019901; GO:0030018; GO:0030315; GO:0030507; GO:0030674; GO:0030913; GO:0031430; GO:0031647; GO:0031672; GO:0033292; GO:0033365; GO:0034394; GO:0036309; GO:0036371; GO:0042383; GO:0043005; GO:0043034; GO:0044325; GO:0045211; GO:0050821; GO:0051117; GO:0051279; GO:0051597; GO:0051924; GO:0051928; GO:0055037; GO:0055117; GO:0060307; GO:0070296; GO:0070972; GO:0072659; GO:0086004; GO:0086005; GO:0086014; GO:0086015; GO:0086046; GO:0086066; GO:0086070; GO:0086091; GO:0098907; GO:0098910; GO:0099103; GO:0099104; GO:0140031; GO:1903288,A band [GO:0031672]; apical plasma membrane [GO:0016324]; basolateral plasma membrane [GO:0016323]; costamere [GO:0043034]; cytoskeleton [GO:0005856]; cytosol [GO:0005829]; early endosome [GO:0005769]; intercalated disc [GO:0014704]; lysosome [GO:0005764]; M band [GO:0031430]; mitochondrion [GO:0005739]; neuron projection [GO:0043005]; plasma membrane [GO:0005886]; postsynaptic membrane [GO:0045211]; recycling endosome [GO:0055037]; sarcolemma [GO:0042383]; T-tubule [GO:0030315]; Z disc [GO:0030018],ATPase binding [GO:0051117]; channel activator activity [GO:0099103]; cytoskeletal anchor activity [GO:0008093]; enzyme binding [GO:0019899]; phosphorylation-dependent protein binding [GO:0140031]; potassium channel activator activity [GO:0099104]; protein kinase binding [GO:0019901]; protein-macromolecule adaptor activity [GO:0030674]; spectrin binding [GO:0030507]; structural constituent of cytoskeleton [GO:0005200]; transmembrane transporter binding [GO:0044325],Ankyrin-2
Pocillopora_acuta_HIv2___RNAseq.g16329.t1,SLC,,P52569,9.13e-149,Cationic amino acid transporter 2 (CAT-2) (CAT2) (Low affinity cationic amino acid transporter 2) (Solute carrier family 7 member 2),amino acid import across plasma membrane [GO:0089718]; amino acid transport [GO:0006865]; L-alpha-amino acid transmembrane transport [GO:1902475]; L-amino acid transport [GO:0015807]; L-arginine import across plasma membrane [GO:0097638]; L-arginine transmembrane transport [GO:1903826]; L-ornithine transmembrane transport [GO:1903352]; transport across blood-brain barrier [GO:0150104],GO:0000064; GO:0005886; GO:0006865; GO:0015171; GO:0015174; GO:0015179; GO:0015189; GO:0015807; GO:0030054; GO:0061459; GO:0089718; GO:0097638; GO:0150104; GO:1902475; GO:1903352; GO:1903826,cell junction [GO:0030054]; plasma membrane [GO:0005886],amino acid transmembrane transporter activity [GO:0015171]; basic amino acid transmembrane transporter activity [GO:0015174]; L-amino acid transmembrane transporter activity [GO:0015179]; L-arginine transmembrane transporter activity [GO:0061459]; L-lysine transmembrane transporter activity [GO:0015189]; L-ornithine transmembrane transporter activity [GO:0000064],Cationic amino acid transporter 2
Pocillopora_acuta_HIv2___RNAseq.g16333.t1,SLC,,P52569,1.88e-148,Cationic amino acid transporter 2 (CAT-2) (CAT2) (Low affinity cationic amino acid transporter 2) (Solute carrier family 7 member 2),amino acid import across plasma membrane [GO:0089718]; amino acid transport [GO:0006865]; L-alpha-amino acid transmembrane transport [GO:1902475]; L-amino acid transport [GO:0015807]; L-arginine import across plasma membrane [GO:0097638]; L-arginine transmembrane transport [GO:1903826]; L-ornithine transmembrane transport [GO:1903352]; transport across blood-brain barrier [GO:0150104],GO:0000064; GO:0005886; GO:0006865; GO:0015171; GO:0015174; GO:0015179; GO:0015189; GO:0015807; GO:0030054; GO:0061459; GO:0089718; GO:0097638; GO:0150104; GO:1902475; GO:1903352; GO:1903826,cell junction [GO:0030054]; plasma membrane [GO:0005886],amino acid transmembrane transporter activity [GO:0015171]; basic amino acid transmembrane transporter activity [GO:0015174]; L-amino acid transmembrane transporter activity [GO:0015179]; L-arginine transmembrane transporter activity [GO:0061459]; L-lysine transmembrane transporter activity [GO:0015189]; L-ornithine transmembrane transporter activity [GO:0000064],Cationic amino acid transporter 2
Pocillopora_acuta_HIv2___RNAseq.g16391.t1,SLC,,Q5FWH7,6.46e-37,Zinc transporter ZIP12 (Solute carrier family 39 member 12) (Zrt- and Irt-like protein 12) (ZIP-12),neural tube formation [GO:0001841]; neuron projection extension [GO:1990138]; regulation of microtubule polymerization [GO:0031113]; regulation of neuron projection development [GO:0010975]; signal transduction [GO:0007165]; zinc ion import across plasma membrane [GO:0071578],GO:0001841; GO:0005385; GO:0005886; GO:0007165; GO:0010975; GO:0031113; GO:0048471; GO:0071578; GO:1990138,perinuclear region of cytoplasm [GO:0048471]; plasma membrane [GO:0005886],zinc ion transmembrane transporter activity [GO:0005385],Zinc transporter ZIP12
Pocillopora_acuta_HIv2___RNAseq.g16433.t1,calcium,,B8UU59,0,Polycystin-1-related protein (Polycystic kidney disease 1-related protein),calcium ion transport [GO:0006816],GO:0005261; GO:0005886; GO:0005929; GO:0006816,cilium [GO:0005929]; plasma membrane [GO:0005886],monoatomic cation channel activity [GO:0005261],Polycystin-1-related protein
Pocillopora_acuta_HIv2___RNAseq.g1647.t1,SLC,,P52569,0,Cationic amino acid transporter 2 (CAT-2) (CAT2) (Low affinity cationic amino acid transporter 2) (Solute carrier family 7 member 2),amino acid import across plasma membrane [GO:0089718]; amino acid transport [GO:0006865]; L-alpha-amino acid transmembrane transport [GO:1902475]; L-amino acid transport [GO:0015807]; L-arginine import across plasma membrane [GO:0097638]; L-arginine transmembrane transport [GO:1903826]; L-ornithine transmembrane transport [GO:1903352]; transport across blood-brain barrier [GO:0150104],GO:0000064; GO:0005886; GO:0006865; GO:0015171; GO:0015174; GO:0015179; GO:0015189; GO:0015807; GO:0030054; GO:0061459; GO:0089718; GO:0097638; GO:0150104; GO:1902475; GO:1903352; GO:1903826,cell junction [GO:0030054]; plasma membrane [GO:0005886],amino acid transmembrane transporter activity [GO:0015171]; basic amino acid transmembrane transporter activity [GO:0015174]; L-amino acid transmembrane transporter activity [GO:0015179]; L-arginine transmembrane transporter activity [GO:0061459]; L-lysine transmembrane transporter activity [GO:0015189]; L-ornithine transmembrane transporter activity [GO:0000064],Cationic amino acid transporter 2
Pocillopora_acuta_HIv2___RNAseq.g16474.t1,SLC,,P55013,0,Solute carrier family 12 member 2 (Bumetanide-sensitive sodium-(potassium)-chloride cotransporter 2) (BSC2) (Na-K-2Cl cotransporter 1) (NKCC1) (Na-K-CL symporter),cell volume homeostasis [GO:0006884]; chloride ion homeostasis [GO:0055064]; inorganic cation import across plasma membrane [GO:0098659]; potassium ion homeostasis [GO:0055075]; potassium ion import across plasma membrane [GO:1990573]; sodium ion homeostasis [GO:0055078],GO:0006884; GO:0008511; GO:0008519; GO:0016323; GO:0016324; GO:0046872; GO:0046873; GO:0055064; GO:0055075; GO:0055078; GO:0071944; GO:0098659; GO:1990573,apical plasma membrane [GO:0016324]; basolateral plasma membrane [GO:0016323]; cell periphery [GO:0071944],ammonium channel activity [GO:0008519]; metal ion binding [GO:0046872]; metal ion transmembrane transporter activity [GO:0046873]; sodium:potassium:chloride symporter activity [GO:0008511],Solute carrier family 12 member 2
Pocillopora_acuta_HIv2___RNAseq.g16475.t1,SLC,,P55013,0,Solute carrier family 12 member 2 (Bumetanide-sensitive sodium-(potassium)-chloride cotransporter 2) (BSC2) (Na-K-2Cl cotransporter 1) (NKCC1) (Na-K-CL symporter),cell volume homeostasis [GO:0006884]; chloride ion homeostasis [GO:0055064]; inorganic cation import across plasma membrane [GO:0098659]; potassium ion homeostasis [GO:0055075]; potassium ion import across plasma membrane [GO:1990573]; sodium ion homeostasis [GO:0055078],GO:0006884; GO:0008511; GO:0008519; GO:0016323; GO:0016324; GO:0046872; GO:0046873; GO:0055064; GO:0055075; GO:0055078; GO:0071944; GO:0098659; GO:1990573,apical plasma membrane [GO:0016324]; basolateral plasma membrane [GO:0016323]; cell periphery [GO:0071944],ammonium channel activity [GO:0008519]; metal ion binding [GO:0046872]; metal ion transmembrane transporter activity [GO:0046873]; sodium:potassium:chloride symporter activity [GO:0008511],Solute carrier family 12 member 2
Pocillopora_acuta_HIv2___RNAseq.g16790.t1,calcium,,Q00959,2.27e-47,"Glutamate receptor ionotropic, NMDA 2A (GluN2A) (Glutamate [NMDA] receptor subunit epsilon-1) (N-methyl D-aspartate receptor subtype 2A) (NMDAR2A) (NR2A)","action potential [GO:0001508]; auditory behavior [GO:0031223]; calcium ion transmembrane import into cytosol [GO:0097553]; calcium ion transmembrane transport [GO:0070588]; calcium ion transport [GO:0006816]; cellular response to amino acid stimulus [GO:0071230]; cellular response to dsRNA [GO:0071359]; cellular response to glycine [GO:1905430]; cellular response to growth factor stimulus [GO:0071363]; cellular response to lipid [GO:0071396]; cellular response to magnesium ion [GO:0071286]; cellular response to manganese ion [GO:0071287]; cellular response to zinc ion [GO:0071294]; cerebral cortex development [GO:0021987]; chemical synaptic transmission [GO:0007268]; conditioned place preference [GO:1990708]; dendritic spine organization [GO:0097061]; directional locomotion [GO:0033058]; dopamine metabolic process [GO:0042417]; excitatory postsynaptic potential [GO:0060079]; glutamate receptor signaling pathway [GO:0007215]; hippocampus development [GO:0021766]; ionotropic glutamate receptor signaling pathway [GO:0035235]; learning [GO:0007612]; learning or memory [GO:0007611]; locomotion [GO:0040011]; long-term synaptic potentiation [GO:0060291]; memory [GO:0007613]; modulation of chemical synaptic transmission [GO:0050804]; modulation of excitatory postsynaptic potential [GO:0098815]; monoatomic cation transmembrane transport [GO:0098655]; multicellular organismal response to stress [GO:0033555]; negative regulation of protein catabolic process [GO:0042177]; neurogenesis [GO:0022008]; neuron development [GO:0048666]; neurotransmitter receptor transport, plasma membrane to endosome [GO:0099646]; positive regulation of apoptotic process [GO:0043065]; positive regulation of excitatory postsynaptic potential [GO:2000463]; positive regulation of inhibitory postsynaptic potential [GO:0097151]; positive regulation of protein targeting to membrane [GO:0090314]; positive regulation of synaptic transmission, glutamatergic [GO:0051968]; protein catabolic process [GO:0030163]; protein localization to postsynaptic membrane [GO:1903539]; receptor recycling [GO:0001881]; regulation of ARF protein signal transduction [GO:0032012]; regulation of long-term neuronal synaptic plasticity [GO:0048169]; regulation of membrane potential [GO:0042391]; regulation of monoatomic cation transmembrane transport [GO:1904062]; regulation of neuronal synaptic plasticity [GO:0048168]; regulation of NMDA receptor activity [GO:2000310]; regulation of postsynaptic membrane potential [GO:0060078]; regulation of response to alcohol [GO:1901419]; regulation of synaptic plasticity [GO:0048167]; response to amine [GO:0014075]; response to ammonium ion [GO:0060359]; response to amphetamine [GO:0001975]; response to calcium ion [GO:0051592]; response to carbohydrate [GO:0009743]; response to cocaine [GO:0042220]; response to environmental enrichment [GO:0090648]; response to ethanol [GO:0045471]; response to fungicide [GO:0060992]; response to glycoside [GO:1903416]; response to hydrogen sulfide [GO:1904880]; response to lead ion [GO:0010288]; response to light stimulus [GO:0009416]; response to lithium ion [GO:0010226]; response to manganese ion [GO:0010042]; response to methylmercury [GO:0051597]; response to nicotine [GO:0035094]; response to other organism [GO:0051707]; response to wounding [GO:0009611]; response to xenobiotic stimulus [GO:0009410]; rhythmic process [GO:0048511]; sensory perception of pain [GO:0019233]; serotonin metabolic process [GO:0042428]; sleep [GO:0030431]; sodium ion transmembrane transport [GO:0035725]; spinal cord development [GO:0021510]; startle response [GO:0001964]; synaptic transmission, glutamatergic [GO:0035249]; visual learning [GO:0008542]",GO:0001508; GO:0001881; GO:0001964; GO:0001975; GO:0004970; GO:0004972; GO:0005102; GO:0005261; GO:0005262; GO:0005737; GO:0005783; GO:0005789; GO:0005886; GO:0006816; GO:0007215; GO:0007268; GO:0007611; GO:0007612; GO:0007613; GO:0008021; GO:0008270; GO:0008542; GO:0009410; GO:0009416; GO:0009611; GO:0009743; GO:0009986; GO:0010042; GO:0010226; GO:0010288; GO:0014069; GO:0014075; GO:0016020; GO:0016595; GO:0017146; GO:0019233; GO:0019901; GO:0021510; GO:0021766; GO:0021987; GO:0022008; GO:0022843; GO:0022849; GO:0030163; GO:0030431; GO:0030659; GO:0031223; GO:0032012; GO:0032590; GO:0033058; GO:0033555; GO:0035094; GO:0035235; GO:0035249; GO:0035254; GO:0035725; GO:0040011; GO:0042177; GO:0042220; GO:0042391; GO:0042417; GO:0042428; GO:0042734; GO:0043005; GO:0043065; GO:0043195; GO:0043197; GO:0044877; GO:0045202; GO:0045211; GO:0045471; GO:0048167; GO:0048168; GO:0048169; GO:0048306; GO:0048511; GO:0048666; GO:0050804; GO:0050839; GO:0051117; GO:0051592; GO:0051597; GO:0051707; GO:0051968; GO:0060078; GO:0060079; GO:0060291; GO:0060359; GO:0060992; GO:0070588; GO:0071230; GO:0071286; GO:0071287; GO:0071294; GO:0071359; GO:0071363; GO:0071396; GO:0090314; GO:0090648; GO:0097060; GO:0097061; GO:0097110; GO:0097151; GO:0097553; GO:0098655; GO:0098688; GO:0098794; GO:0098815; GO:0098839; GO:0098978; GO:0099092; GO:0099507; GO:0099646; GO:1901419; GO:1903416; GO:1903539; GO:1904062; GO:1904315; GO:1904880; GO:1905430; GO:1990708; GO:1990782; GO:2000310; GO:2000463,"cell surface [GO:0009986]; cytoplasm [GO:0005737]; cytoplasmic vesicle membrane [GO:0030659]; dendrite membrane [GO:0032590]; dendritic spine [GO:0043197]; endoplasmic reticulum [GO:0005783]; endoplasmic reticulum membrane [GO:0005789]; glutamatergic synapse [GO:0098978]; membrane [GO:0016020]; neuron projection [GO:0043005]; NMDA selective glutamate receptor complex [GO:0017146]; parallel fiber to Purkinje cell synapse [GO:0098688]; plasma membrane [GO:0005886]; postsynapse [GO:0098794]; postsynaptic density [GO:0014069]; postsynaptic density membrane [GO:0098839]; postsynaptic density, intracellular component [GO:0099092]; postsynaptic membrane [GO:0045211]; presynaptic membrane [GO:0042734]; synapse [GO:0045202]; synaptic membrane [GO:0097060]; synaptic vesicle [GO:0008021]; terminal bouton [GO:0043195]",ATPase binding [GO:0051117]; calcium channel activity [GO:0005262]; calcium-dependent protein binding [GO:0048306]; cell adhesion molecule binding [GO:0050839]; glutamate binding [GO:0016595]; glutamate receptor binding [GO:0035254]; glutamate-gated calcium ion channel activity [GO:0022849]; glutamate-gated receptor activity [GO:0004970]; ligand-gated monoatomic ion channel activity involved in regulation of presynaptic membrane potential [GO:0099507]; monoatomic cation channel activity [GO:0005261]; NMDA glutamate receptor activity [GO:0004972]; protein kinase binding [GO:0019901]; protein tyrosine kinase binding [GO:1990782]; protein-containing complex binding [GO:0044877]; scaffold protein binding [GO:0097110]; signaling receptor binding [GO:0005102]; transmitter-gated monoatomic ion channel activity involved in regulation of postsynaptic membrane potential [GO:1904315]; voltage-gated monoatomic cation channel activity [GO:0022843]; zinc ion binding [GO:0008270],"Glutamate receptor ionotropic, NMDA 2A"
Pocillopora_acuta_HIv2___RNAseq.g17099.t1,SLC,,A1L1W9,2.12e-48,Monocarboxylate transporter 10 (MCT 10) (Solute carrier family 16 member 10),aromatic amino acid transport [GO:0015801]; thyroid hormone transport [GO:0070327],GO:0005302; GO:0005886; GO:0015173; GO:0015192; GO:0015196; GO:0015349; GO:0015801; GO:0016323; GO:0022857; GO:0070327,basolateral plasma membrane [GO:0016323]; plasma membrane [GO:0005886],aromatic amino acid transmembrane transporter activity [GO:0015173]; L-phenylalanine transmembrane transporter activity [GO:0015192]; L-tryptophan transmembrane transporter activity [GO:0015196]; L-tyrosine transmembrane transporter activity [GO:0005302]; thyroid hormone transmembrane transporter activity [GO:0015349]; transmembrane transporter activity [GO:0022857],Monocarboxylate transporter 10
Pocillopora_acuta_HIv2___RNAseq.g17100.t1,SLC,,A1L1W9,3.84e-68,Monocarboxylate transporter 10 (MCT 10) (Solute carrier family 16 member 10),aromatic amino acid transport [GO:0015801]; thyroid hormone transport [GO:0070327],GO:0005302; GO:0005886; GO:0015173; GO:0015192; GO:0015196; GO:0015349; GO:0015801; GO:0016323; GO:0022857; GO:0070327,basolateral plasma membrane [GO:0016323]; plasma membrane [GO:0005886],aromatic amino acid transmembrane transporter activity [GO:0015173]; L-phenylalanine transmembrane transporter activity [GO:0015192]; L-tryptophan transmembrane transporter activity [GO:0015196]; L-tyrosine transmembrane transporter activity [GO:0005302]; thyroid hormone transmembrane transporter activity [GO:0015349]; transmembrane transporter activity [GO:0022857],Monocarboxylate transporter 10
Pocillopora_acuta_HIv2___RNAseq.g1714.t1,SLC,,Q8BYF6,2.15e-132,Sodium-coupled monocarboxylate transporter 1 (Electrogenic sodium monocarboxylate cotransporter) (Solute carrier family 5 member 8),acetate transport [GO:0006846]; apoptotic process [GO:0006915]; chloride transport [GO:0006821]; iodide transport [GO:0015705]; monocarboxylic acid transport [GO:0015718]; nicotinate transport [GO:2001142]; nitrate transmembrane transport [GO:0015706]; propanoate transmembrane transport [GO:0015730]; pyruvate transport [GO:0006848]; short-chain fatty acid transmembrane transport [GO:0015913],GO:0000811; GO:0005343; GO:0006821; GO:0006846; GO:0006848; GO:0006915; GO:0015129; GO:0015552; GO:0015636; GO:0015705; GO:0015706; GO:0015718; GO:0015730; GO:0015913; GO:0016324; GO:0031526; GO:0140161; GO:2001142,apical plasma membrane [GO:0016324]; brush border membrane [GO:0031526]; GINS complex [GO:0000811],lactate transmembrane transporter activity [GO:0015129]; monocarboxylate:sodium symporter activity [GO:0140161]; organic acid:sodium symporter activity [GO:0005343]; propionate transmembrane transporter activity [GO:0015552]; short-chain fatty acid transmembrane transporter activity [GO:0015636],Sodium-coupled monocarboxylate transporter 1
Pocillopora_acuta_HIv2___RNAseq.g1715.t1,SLC,,Q8BYF6,3.37e-141,Sodium-coupled monocarboxylate transporter 1 (Electrogenic sodium monocarboxylate cotransporter) (Solute carrier family 5 member 8),acetate transport [GO:0006846]; apoptotic process [GO:0006915]; chloride transport [GO:0006821]; iodide transport [GO:0015705]; monocarboxylic acid transport [GO:0015718]; nicotinate transport [GO:2001142]; nitrate transmembrane transport [GO:0015706]; propanoate transmembrane transport [GO:0015730]; pyruvate transport [GO:0006848]; short-chain fatty acid transmembrane transport [GO:0015913],GO:0000811; GO:0005343; GO:0006821; GO:0006846; GO:0006848; GO:0006915; GO:0015129; GO:0015552; GO:0015636; GO:0015705; GO:0015706; GO:0015718; GO:0015730; GO:0015913; GO:0016324; GO:0031526; GO:0140161; GO:2001142,apical plasma membrane [GO:0016324]; brush border membrane [GO:0031526]; GINS complex [GO:0000811],lactate transmembrane transporter activity [GO:0015129]; monocarboxylate:sodium symporter activity [GO:0140161]; organic acid:sodium symporter activity [GO:0005343]; propionate transmembrane transporter activity [GO:0015552]; short-chain fatty acid transmembrane transporter activity [GO:0015636],Sodium-coupled monocarboxylate transporter 1
Pocillopora_acuta_HIv2___RNAseq.g17157.t1,calcium,,P43125,0,Protein retinal degeneration B (Probable calcium transporter rdgB),"calcium ion transport [GO:0006816]; cellular response to light stimulus [GO:0071482]; G protein-coupled opsin signaling pathway [GO:0016056]; negative regulation of opsin-mediated signaling pathway [GO:0016059]; phosphatidylinositol metabolic process [GO:0046488]; phospholipid transport [GO:0015914]; phototransduction [GO:0007602]; phototransduction, visible light [GO:0007603]; sensory perception of smell [GO:0007608]; visual perception [GO:0007601]",GO:0005737; GO:0005886; GO:0006816; GO:0007601; GO:0007602; GO:0007603; GO:0007608; GO:0008525; GO:0008526; GO:0015914; GO:0016020; GO:0016029; GO:0016056; GO:0016059; GO:0031210; GO:0035091; GO:0046488; GO:0046872; GO:0070300; GO:0071482; GO:1990050,cytoplasm [GO:0005737]; membrane [GO:0016020]; plasma membrane [GO:0005886]; subrhabdomeral cisterna [GO:0016029],metal ion binding [GO:0046872]; phosphatidic acid binding [GO:0070300]; phosphatidic acid transfer activity [GO:1990050]; phosphatidylcholine binding [GO:0031210]; phosphatidylcholine transporter activity [GO:0008525]; phosphatidylinositol binding [GO:0035091]; phosphatidylinositol transfer activity [GO:0008526],Protein retinal degeneration B
Pocillopora_acuta_HIv2___RNAseq.g17158.t1,"calcium, Bhattacharya2016",P2RX3,Q99571,1.31e-139,P2X purinoceptor 4 (P2X4) (ATP receptor) (Purinergic receptor),apoptotic signaling pathway [GO:0097190]; behavioral response to pain [GO:0048266]; calcium ion transmembrane transport [GO:0070588]; calcium-mediated signaling [GO:0019722]; cellular response to ATP [GO:0071318]; cellular response to zinc ion [GO:0071294]; endothelial cell activation [GO:0042118]; membrane depolarization [GO:0051899]; monoatomic ion transmembrane transport [GO:0034220]; negative regulation of cardiac muscle hypertrophy [GO:0010614]; positive regulation of blood vessel endothelial cell migration [GO:0043536]; positive regulation of calcium ion transport [GO:0051928]; positive regulation of calcium ion transport into cytosol [GO:0010524]; positive regulation of calcium-mediated signaling [GO:0050850]; positive regulation of endothelial cell chemotaxis [GO:2001028]; positive regulation of microglial cell migration [GO:1904141]; positive regulation of nitric oxide biosynthetic process [GO:0045429]; positive regulation of phosphatidylinositol 3-kinase/protein kinase B signal transduction [GO:0051897]; positive regulation of prostaglandin secretion [GO:0032308]; purinergic nucleotide receptor signaling pathway [GO:0035590]; regulation of blood pressure [GO:0008217]; regulation of cardiac muscle contraction [GO:0055117]; regulation of chemotaxis [GO:0050920]; regulation of sodium ion transport [GO:0002028]; relaxation of cardiac muscle [GO:0055119]; response to ATP [GO:0033198]; response to axon injury [GO:0048678]; response to fluid shear stress [GO:0034405]; response to ischemia [GO:0002931]; sensory perception of pain [GO:0019233]; sensory perception of touch [GO:0050975]; signal transduction [GO:0007165]; tissue homeostasis [GO:0001894],GO:0001614; GO:0001894; GO:0002028; GO:0002931; GO:0004931; GO:0005102; GO:0005507; GO:0005524; GO:0005765; GO:0005886; GO:0007165; GO:0008217; GO:0008270; GO:0010524; GO:0010614; GO:0016020; GO:0019233; GO:0019722; GO:0030054; GO:0032308; GO:0033198; GO:0034220; GO:0034405; GO:0035590; GO:0042118; GO:0042802; GO:0043536; GO:0044297; GO:0045296; GO:0045429; GO:0048266; GO:0048471; GO:0048678; GO:0050850; GO:0050920; GO:0050975; GO:0051897; GO:0051899; GO:0051928; GO:0055117; GO:0055119; GO:0070062; GO:0070588; GO:0071294; GO:0071318; GO:0097190; GO:0098794; GO:0099604; GO:1904141; GO:2001028,cell body [GO:0044297]; cell junction [GO:0030054]; extracellular exosome [GO:0070062]; lysosomal membrane [GO:0005765]; membrane [GO:0016020]; perinuclear region of cytoplasm [GO:0048471]; plasma membrane [GO:0005886]; postsynapse [GO:0098794],ATP binding [GO:0005524]; cadherin binding [GO:0045296]; copper ion binding [GO:0005507]; extracellularly ATP-gated monoatomic cation channel activity [GO:0004931]; identical protein binding [GO:0042802]; ligand-gated calcium channel activity [GO:0099604]; purinergic nucleotide receptor activity [GO:0001614]; signaling receptor binding [GO:0005102]; zinc ion binding [GO:0008270],P2RX3
Pocillopora_acuta_HIv2___RNAseq.g17180.t1,"calcium, Bhattacharya2016",P2RX4,Q99571,7.1e-134,P2X purinoceptor 4 (P2X4) (ATP receptor) (Purinergic receptor),apoptotic signaling pathway [GO:0097190]; behavioral response to pain [GO:0048266]; calcium ion transmembrane transport [GO:0070588]; calcium-mediated signaling [GO:0019722]; cellular response to ATP [GO:0071318]; cellular response to zinc ion [GO:0071294]; endothelial cell activation [GO:0042118]; membrane depolarization [GO:0051899]; monoatomic ion transmembrane transport [GO:0034220]; negative regulation of cardiac muscle hypertrophy [GO:0010614]; positive regulation of blood vessel endothelial cell migration [GO:0043536]; positive regulation of calcium ion transport [GO:0051928]; positive regulation of calcium ion transport into cytosol [GO:0010524]; positive regulation of calcium-mediated signaling [GO:0050850]; positive regulation of endothelial cell chemotaxis [GO:2001028]; positive regulation of microglial cell migration [GO:1904141]; positive regulation of nitric oxide biosynthetic process [GO:0045429]; positive regulation of phosphatidylinositol 3-kinase/protein kinase B signal transduction [GO:0051897]; positive regulation of prostaglandin secretion [GO:0032308]; purinergic nucleotide receptor signaling pathway [GO:0035590]; regulation of blood pressure [GO:0008217]; regulation of cardiac muscle contraction [GO:0055117]; regulation of chemotaxis [GO:0050920]; regulation of sodium ion transport [GO:0002028]; relaxation of cardiac muscle [GO:0055119]; response to ATP [GO:0033198]; response to axon injury [GO:0048678]; response to fluid shear stress [GO:0034405]; response to ischemia [GO:0002931]; sensory perception of pain [GO:0019233]; sensory perception of touch [GO:0050975]; signal transduction [GO:0007165]; tissue homeostasis [GO:0001894],GO:0001614; GO:0001894; GO:0002028; GO:0002931; GO:0004931; GO:0005102; GO:0005507; GO:0005524; GO:0005765; GO:0005886; GO:0007165; GO:0008217; GO:0008270; GO:0010524; GO:0010614; GO:0016020; GO:0019233; GO:0019722; GO:0030054; GO:0032308; GO:0033198; GO:0034220; GO:0034405; GO:0035590; GO:0042118; GO:0042802; GO:0043536; GO:0044297; GO:0045296; GO:0045429; GO:0048266; GO:0048471; GO:0048678; GO:0050850; GO:0050920; GO:0050975; GO:0051897; GO:0051899; GO:0051928; GO:0055117; GO:0055119; GO:0070062; GO:0070588; GO:0071294; GO:0071318; GO:0097190; GO:0098794; GO:0099604; GO:1904141; GO:2001028,cell body [GO:0044297]; cell junction [GO:0030054]; extracellular exosome [GO:0070062]; lysosomal membrane [GO:0005765]; membrane [GO:0016020]; perinuclear region of cytoplasm [GO:0048471]; plasma membrane [GO:0005886]; postsynapse [GO:0098794],ATP binding [GO:0005524]; cadherin binding [GO:0045296]; copper ion binding [GO:0005507]; extracellularly ATP-gated monoatomic cation channel activity [GO:0004931]; identical protein binding [GO:0042802]; ligand-gated calcium channel activity [GO:0099604]; purinergic nucleotide receptor activity [GO:0001614]; signaling receptor binding [GO:0005102]; zinc ion binding [GO:0008270],P2RX4
Pocillopora_acuta_HIv2___RNAseq.g17237.t2,calcium,,Q8C5L6,3.42e-75,"Inositol polyphosphate 5-phosphatase K (EC 3.1.3.56) (Phosphatidylinositol-3,4,5-trisphosphate 5-phosphatase) (EC 3.1.3.86) (Phosphatidylinositol-4,5-bisphosphate 5-phosphatase) (EC 3.1.3.36) (Skeletal muscle and kidney-enriched inositol phosphatase)",cellular response to cAMP [GO:0071320]; cellular response to epidermal growth factor stimulus [GO:0071364]; cellular response to hormone stimulus [GO:0032870]; cellular response to insulin stimulus [GO:0032869]; cellular response to tumor necrosis factor [GO:0071356]; G protein-coupled receptor signaling pathway [GO:0007186]; glucose homeostasis [GO:0042593]; in utero embryonic development [GO:0001701]; negative regulation by host of viral transcription [GO:0043922]; negative regulation of calcium ion transport [GO:0051926]; negative regulation of D-glucose transmembrane transport [GO:0010829]; negative regulation of dephosphorylation [GO:0035305]; negative regulation of DNA-templated transcription [GO:0045892]; negative regulation of glycogen biosynthetic process [GO:0045719]; negative regulation of insulin receptor signaling pathway [GO:0046627]; negative regulation of phosphatidylinositol 3-kinase/protein kinase B signal transduction [GO:0051898]; negative regulation of protein targeting to membrane [GO:0090315]; negative regulation of single stranded viral RNA replication via double stranded DNA intermediate [GO:0045869]; negative regulation of stress fiber assembly [GO:0051497]; phosphatidylinositol dephosphorylation [GO:0046856]; positive regulation of DNA-templated transcription [GO:0045893]; positive regulation of renal water transport [GO:2001153]; positive regulation of urine volume [GO:0035810]; protein localization to plasma membrane [GO:0072659]; regulation of glycogen biosynthetic process [GO:0005979]; response to insulin [GO:0032868]; ruffle assembly [GO:0097178],GO:0001701; GO:0001726; GO:0004439; GO:0005000; GO:0005634; GO:0005737; GO:0005783; GO:0005802; GO:0005829; GO:0005886; GO:0005979; GO:0007186; GO:0010829; GO:0016020; GO:0016312; GO:0032587; GO:0032868; GO:0032869; GO:0032870; GO:0034485; GO:0034594; GO:0034595; GO:0035305; GO:0035810; GO:0042593; GO:0043005; GO:0043922; GO:0045719; GO:0045869; GO:0045892; GO:0045893; GO:0046030; GO:0046627; GO:0046856; GO:0048471; GO:0051497; GO:0051898; GO:0051926; GO:0052658; GO:0052659; GO:0071320; GO:0071356; GO:0071364; GO:0072659; GO:0090315; GO:0097178; GO:2001153,cytoplasm [GO:0005737]; cytosol [GO:0005829]; endoplasmic reticulum [GO:0005783]; membrane [GO:0016020]; neuron projection [GO:0043005]; nucleus [GO:0005634]; perinuclear region of cytoplasm [GO:0048471]; plasma membrane [GO:0005886]; ruffle [GO:0001726]; ruffle membrane [GO:0032587]; trans-Golgi network [GO:0005802],"inositol bisphosphate phosphatase activity [GO:0016312]; inositol trisphosphate phosphatase activity [GO:0046030]; inositol-1,3,4,5-tetrakisphosphate 5-phosphatase activity [GO:0052659]; inositol-1,4,5-trisphosphate 5-phosphatase activity [GO:0052658]; phosphatidylinositol phosphate 5-phosphatase activity [GO:0034595]; phosphatidylinositol trisphosphate phosphatase activity [GO:0034594]; phosphatidylinositol-3,4,5-trisphosphate 5-phosphatase activity [GO:0034485]; phosphatidylinositol-4,5-bisphosphate 5-phosphatase activity [GO:0004439]; vasopressin receptor activity [GO:0005000]",Inositol polyphosphate 5-phosphatase K
Pocillopora_acuta_HIv2___RNAseq.g1725.t1,SLC,,A3RL54,0,Sperm-specific sodium:proton exchanger (Solute carrier family 9 member C1) (Voltage-gated Na(+)/H(+) exchanger),potassium ion transmembrane transport [GO:0071805]; regulation of intracellular pH [GO:0051453]; single fertilization [GO:0007338]; sodium ion import across plasma membrane [GO:0098719],GO:0005886; GO:0007338; GO:0015385; GO:0015386; GO:0030552; GO:0030553; GO:0036126; GO:0042803; GO:0051453; GO:0061827; GO:0071805; GO:0098719,plasma membrane [GO:0005886]; sperm flagellum [GO:0036126]; sperm head [GO:0061827],cAMP binding [GO:0030552]; cGMP binding [GO:0030553]; potassium:proton antiporter activity [GO:0015386]; protein homodimerization activity [GO:0042803]; sodium:proton antiporter activity [GO:0015385],Sperm-specific sodium:proton exchanger
Pocillopora_acuta_HIv2___RNAseq.g17391.t1,SLC,,Q5SVS4,1.46e-130,Kidney mitochondrial carrier protein 1 (Solute carrier family 25 member 30) (Uncoupling protein 6),inorganic anion transport [GO:0015698],GO:0005452; GO:0005739; GO:0005743; GO:0015698; GO:0022857,mitochondrial inner membrane [GO:0005743]; mitochondrion [GO:0005739],solute:inorganic anion antiporter activity [GO:0005452]; transmembrane transporter activity [GO:0022857],Kidney mitochondrial carrier protein 1
Pocillopora_acuta_HIv2___RNAseq.g17470.t1,SLC,,Q7ZX53,1.33e-110,Solute carrier family 22 member 15-like,monoatomic ion transport [GO:0006811],GO:0006811; GO:0016020; GO:0022857,membrane [GO:0016020],transmembrane transporter activity [GO:0022857],Solute carrier family 22 member 15-like
Pocillopora_acuta_HIv2___RNAseq.g17533.t1,SLC,,Q5W8I8,1.76e-151,Vesicular glutamate transporter 2.1 (Protein blumenkohl) (Solute carrier family 17 member 6-B) (Vesicular glutamate transporter 2-A),"chemical synaptic transmission [GO:0007268]; L-glutamate import [GO:0051938]; L-glutamate transmembrane transport [GO:0015813]; neurotransmitter loading into synaptic vesicle [GO:0098700]; phosphate ion homeostasis [GO:0055062]; phosphate ion transport [GO:0006817]; regulation of synapse structure or activity [GO:0050803]; sodium-dependent phosphate transport [GO:0044341]; synaptic transmission, glutamatergic [GO:0035249]; visual perception [GO:0007601]",GO:0005254; GO:0005313; GO:0005326; GO:0005436; GO:0005886; GO:0006817; GO:0007268; GO:0007601; GO:0008021; GO:0015386; GO:0015813; GO:0030672; GO:0034707; GO:0035249; GO:0043005; GO:0044341; GO:0050803; GO:0051938; GO:0055062; GO:0060076; GO:0098700; GO:0140788,chloride channel complex [GO:0034707]; excitatory synapse [GO:0060076]; neuron projection [GO:0043005]; plasma membrane [GO:0005886]; synaptic vesicle [GO:0008021]; synaptic vesicle membrane [GO:0030672],chloride channel activity [GO:0005254]; L-glutamate transmembrane transporter activity [GO:0005313]; L-glutamate uniporter activity [GO:0140788]; neurotransmitter transmembrane transporter activity [GO:0005326]; potassium:proton antiporter activity [GO:0015386]; sodium:phosphate symporter activity [GO:0005436],Vesicular glutamate transporter 2.1
Pocillopora_acuta_HIv2___RNAseq.g17580.t1,calcium,,Q01484,2.35e-25,Ankyrin-2 (ANK-2) (Ankyrin-B) (Brain ankyrin) (Non-erythroid ankyrin),atrial cardiac muscle cell action potential [GO:0086014]; atrial cardiac muscle cell to AV node cell communication [GO:0086066]; atrial septum development [GO:0003283]; endocytosis [GO:0006897]; intracellular calcium ion homeostasis [GO:0006874]; membrane depolarization during SA node cell action potential [GO:0086046]; paranodal junction assembly [GO:0030913]; positive regulation of calcium ion transport [GO:0051928]; positive regulation of gene expression [GO:0010628]; positive regulation of potassium ion import across plasma membrane [GO:1903288]; protein localization [GO:0008104]; protein localization to cell surface [GO:0034394]; protein localization to endoplasmic reticulum [GO:0070972]; protein localization to M-band [GO:0036309]; protein localization to organelle [GO:0033365]; protein localization to plasma membrane [GO:0072659]; protein localization to T-tubule [GO:0036371]; protein stabilization [GO:0050821]; protein transport [GO:0015031]; regulation of atrial cardiac muscle cell action potential [GO:0098910]; regulation of calcium ion transport [GO:0051924]; regulation of cardiac muscle cell contraction [GO:0086004]; regulation of cardiac muscle contraction [GO:0055117]; regulation of cardiac muscle contraction by calcium ion signaling [GO:0010882]; regulation of cardiac muscle contraction by regulation of the release of sequestered calcium ion [GO:0010881]; regulation of heart rate [GO:0002027]; regulation of heart rate by cardiac conduction [GO:0086091]; regulation of protein stability [GO:0031647]; regulation of release of sequestered calcium ion into cytosol [GO:0051279]; regulation of SA node cell action potential [GO:0098907]; regulation of ventricular cardiac muscle cell membrane repolarization [GO:0060307]; response to methylmercury [GO:0051597]; SA node cell action potential [GO:0086015]; SA node cell to atrial cardiac muscle cell communication [GO:0086070]; sarcoplasmic reticulum calcium ion transport [GO:0070296]; T-tubule organization [GO:0033292]; ventricular cardiac muscle cell action potential [GO:0086005],GO:0002027; GO:0003283; GO:0005200; GO:0005739; GO:0005764; GO:0005769; GO:0005829; GO:0005856; GO:0005886; GO:0006874; GO:0006897; GO:0008093; GO:0008104; GO:0010628; GO:0010881; GO:0010882; GO:0014704; GO:0015031; GO:0016323; GO:0016324; GO:0019899; GO:0019901; GO:0030018; GO:0030315; GO:0030507; GO:0030674; GO:0030913; GO:0031430; GO:0031647; GO:0031672; GO:0033292; GO:0033365; GO:0034394; GO:0036309; GO:0036371; GO:0042383; GO:0043005; GO:0043034; GO:0044325; GO:0045211; GO:0050821; GO:0051117; GO:0051279; GO:0051597; GO:0051924; GO:0051928; GO:0055037; GO:0055117; GO:0060307; GO:0070296; GO:0070972; GO:0072659; GO:0086004; GO:0086005; GO:0086014; GO:0086015; GO:0086046; GO:0086066; GO:0086070; GO:0086091; GO:0098907; GO:0098910; GO:0099103; GO:0099104; GO:0140031; GO:1903288,A band [GO:0031672]; apical plasma membrane [GO:0016324]; basolateral plasma membrane [GO:0016323]; costamere [GO:0043034]; cytoskeleton [GO:0005856]; cytosol [GO:0005829]; early endosome [GO:0005769]; intercalated disc [GO:0014704]; lysosome [GO:0005764]; M band [GO:0031430]; mitochondrion [GO:0005739]; neuron projection [GO:0043005]; plasma membrane [GO:0005886]; postsynaptic membrane [GO:0045211]; recycling endosome [GO:0055037]; sarcolemma [GO:0042383]; T-tubule [GO:0030315]; Z disc [GO:0030018],ATPase binding [GO:0051117]; channel activator activity [GO:0099103]; cytoskeletal anchor activity [GO:0008093]; enzyme binding [GO:0019899]; phosphorylation-dependent protein binding [GO:0140031]; potassium channel activator activity [GO:0099104]; protein kinase binding [GO:0019901]; protein-macromolecule adaptor activity [GO:0030674]; spectrin binding [GO:0030507]; structural constituent of cytoskeleton [GO:0005200]; transmembrane transporter binding [GO:0044325],Ankyrin-2
Pocillopora_acuta_HIv2___RNAseq.g17848.t1,Bhattacharya2016,ABCC6,Q5F364,0,Multidrug resistance-associated protein 1 (EC 7.6.2.2) (ATP-binding cassette sub-family C member 1) (Glutathione-S-conjugate-translocating ATPase ABCC1) (EC 7.6.2.3) (Leukotriene C(4) transporter) (LTC4 transporter),cyclic nucleotide transport [GO:0070729]; glutathione transmembrane transport [GO:0034775]; lipid transport [GO:0006869]; xenobiotic transport [GO:0042908],GO:0005524; GO:0006869; GO:0008559; GO:0016323; GO:0016887; GO:0034634; GO:0034775; GO:0042908; GO:0070729,basolateral plasma membrane [GO:0016323],ABC-type xenobiotic transporter activity [GO:0008559]; ATP binding [GO:0005524]; ATP hydrolysis activity [GO:0016887]; glutathione transmembrane transporter activity [GO:0034634],ABCC6
Pocillopora_acuta_HIv2___RNAseq.g17850.t3,Bhattacharya2016,ATP1A1,P13607,0,Sodium/potassium-transporting ATPase subunit alpha (Na(+)/K(+) ATPase alpha subunit) (EC 7.2.2.13) (Sodium pump subunit alpha),"adult locomotory behavior [GO:0008344]; chemical synaptic transmission [GO:0007268]; determination of adult lifespan [GO:0008340]; intracellular potassium ion homeostasis [GO:0030007]; intracellular sodium ion homeostasis [GO:0006883]; jump response [GO:0007630]; locomotory behavior [GO:0007626]; monoatomic cation transport [GO:0006812]; neuromuscular process [GO:0050905]; potassium ion import across plasma membrane [GO:1990573]; proton transmembrane transport [GO:1902600]; regulation of tube diameter, open tracheal system [GO:0035158]; regulation of tube length, open tracheal system [GO:0035159]; response to mechanical stimulus [GO:0009612]; response to temperature stimulus [GO:0009266]; sensory perception of sound [GO:0007605]; septate junction assembly [GO:0019991]; sodium ion export across plasma membrane [GO:0036376]; synaptic assembly at neuromuscular junction [GO:0051124]; tissue homeostasis [GO:0001894]; trachea morphogenesis [GO:0060439]",GO:0001894; GO:0005391; GO:0005524; GO:0005634; GO:0005737; GO:0005886; GO:0005890; GO:0005918; GO:0006812; GO:0006883; GO:0007268; GO:0007605; GO:0007626; GO:0007630; GO:0008340; GO:0008344; GO:0009266; GO:0009612; GO:0016323; GO:0016887; GO:0019991; GO:0030007; GO:0035158; GO:0035159; GO:0036376; GO:0045202; GO:0050905; GO:0051124; GO:0060439; GO:1902600; GO:1990573,basolateral plasma membrane [GO:0016323]; cytoplasm [GO:0005737]; nucleus [GO:0005634]; plasma membrane [GO:0005886]; septate junction [GO:0005918]; sodium:potassium-exchanging ATPase complex [GO:0005890]; synapse [GO:0045202],ATP binding [GO:0005524]; ATP hydrolysis activity [GO:0016887]; P-type sodium:potassium-exchanging transporter activity [GO:0005391],ATP1A1
Pocillopora_acuta_HIv2___RNAseq.g17909.t1,Bhattacharya2016,SLC3A2,O16098,1.79e-134,Maltase 1 (EC 3.2.1.20),carbohydrate metabolic process [GO:0005975],GO:0004558; GO:0005975,,"alpha-1,4-glucosidase activity [GO:0004558]",SLC3A2
Pocillopora_acuta_HIv2___RNAseq.g17942.t1,calcium,,P48442,4.44e-125,Extracellular calcium-sensing receptor (CaSR) (Parathyroid cell calcium-sensing receptor) (PCaR1) (RaKCaR),adenylate cyclase-inhibiting G protein-coupled receptor signaling pathway [GO:0007193]; bile acid secretion [GO:0032782]; branching morphogenesis of an epithelial tube [GO:0048754]; calcium ion import [GO:0070509]; cellular response to glucose stimulus [GO:0071333]; cellular response to hepatocyte growth factor stimulus [GO:0035729]; cellular response to hypoxia [GO:0071456]; cellular response to low-density lipoprotein particle stimulus [GO:0071404]; cellular response to peptide [GO:1901653]; cellular response to vitamin D [GO:0071305]; chloride transmembrane transport [GO:1902476]; detection of calcium ion [GO:0005513]; fat pad development [GO:0060613]; G protein-coupled receptor signaling pathway [GO:0007186]; intracellular calcium ion homeostasis [GO:0006874]; JNK cascade [GO:0007254]; ossification [GO:0001503]; phospholipase C-activating G protein-coupled receptor signaling pathway [GO:0007200]; positive regulation of calcium ion import [GO:0090280]; positive regulation of cell population proliferation [GO:0008284]; positive regulation of ERK1 and ERK2 cascade [GO:0070374]; positive regulation of gene expression [GO:0010628]; positive regulation of insulin secretion [GO:0032024]; positive regulation of positive chemotaxis [GO:0050927]; positive regulation of vasoconstriction [GO:0045907]; regulation of calcium ion transport [GO:0051924]; regulation of presynaptic membrane potential [GO:0099505]; response to calcium ion [GO:0051592]; response to fibroblast growth factor [GO:0071774]; response to ischemia [GO:0002931]; response to metal ion [GO:0010038]; vasodilation [GO:0042311],GO:0001503; GO:0002931; GO:0004930; GO:0005178; GO:0005509; GO:0005513; GO:0005886; GO:0006874; GO:0007186; GO:0007193; GO:0007200; GO:0007254; GO:0008284; GO:0009986; GO:0010038; GO:0010628; GO:0016323; GO:0016324; GO:0016597; GO:0019901; GO:0030424; GO:0032024; GO:0032782; GO:0035729; GO:0042311; GO:0042734; GO:0042803; GO:0043025; GO:0043679; GO:0044325; GO:0045907; GO:0048754; GO:0050927; GO:0051592; GO:0051924; GO:0060613; GO:0070374; GO:0070509; GO:0071305; GO:0071333; GO:0071404; GO:0071456; GO:0071774; GO:0090280; GO:0098978; GO:0099505; GO:1901653; GO:1902476,apical plasma membrane [GO:0016324]; axon [GO:0030424]; axon terminus [GO:0043679]; basolateral plasma membrane [GO:0016323]; cell surface [GO:0009986]; glutamatergic synapse [GO:0098978]; neuronal cell body [GO:0043025]; plasma membrane [GO:0005886]; presynaptic membrane [GO:0042734],amino acid binding [GO:0016597]; calcium ion binding [GO:0005509]; G protein-coupled receptor activity [GO:0004930]; integrin binding [GO:0005178]; protein homodimerization activity [GO:0042803]; protein kinase binding [GO:0019901]; transmembrane transporter binding [GO:0044325],Extracellular calcium-sensing receptor
Pocillopora_acuta_HIv2___RNAseq.g18058.t1,aquaporin,,P55088,1.39e-64,Aquaporin-4 (AQP-4) (Mercurial-insensitive water channel) (MIWC) (WCH4),cerebrospinal fluid circulation [GO:0090660]; cerebrospinal fluid secretion [GO:0033326]; establishment of localization in cell [GO:0051649]; intracellular water homeostasis [GO:0009992]; multicellular organismal-level water homeostasis [GO:0050891]; protein homotetramerization [GO:0051289]; renal water absorption [GO:0070295]; sensory perception of sound [GO:0007605]; water transport [GO:0006833],GO:0005576; GO:0005737; GO:0005886; GO:0005911; GO:0006833; GO:0007605; GO:0009992; GO:0010008; GO:0015250; GO:0016020; GO:0016323; GO:0033326; GO:0042383; GO:0050891; GO:0051289; GO:0051649; GO:0070295; GO:0090660; GO:0097450,astrocyte end-foot [GO:0097450]; basolateral plasma membrane [GO:0016323]; cell-cell junction [GO:0005911]; cytoplasm [GO:0005737]; endosome membrane [GO:0010008]; extracellular region [GO:0005576]; membrane [GO:0016020]; plasma membrane [GO:0005886]; sarcolemma [GO:0042383],water channel activity [GO:0015250],Aquaporin-4
Pocillopora_acuta_HIv2___RNAseq.g18059.t1,aquaporin,,Q9NHW7,1.68e-63,Aquaporin AQPAe.a,,GO:0005886; GO:0015267,plasma membrane [GO:0005886],channel activity [GO:0015267],Aquaporin AQPAe.a
Pocillopora_acuta_HIv2___RNAseq.g18060.t1,aquaporin,,Q5I4F9,2.58e-66,Aquaporin-4 (AQP-4),cerebrospinal fluid circulation [GO:0090660]; intracellular water homeostasis [GO:0009992]; multicellular organismal-level water homeostasis [GO:0050891]; protein homotetramerization [GO:0051289]; water transport [GO:0006833],GO:0005576; GO:0005886; GO:0006833; GO:0009992; GO:0010008; GO:0015250; GO:0016323; GO:0042383; GO:0050891; GO:0051289; GO:0090660; GO:0097450,astrocyte end-foot [GO:0097450]; basolateral plasma membrane [GO:0016323]; endosome membrane [GO:0010008]; extracellular region [GO:0005576]; plasma membrane [GO:0005886]; sarcolemma [GO:0042383],water channel activity [GO:0015250],Aquaporin-4
Pocillopora_acuta_HIv2___RNAseq.g18083.t1,"TRP, calcium",,Q6RI86,2.41e-64,Transient receptor potential cation channel subfamily A member 1 (Ankyrin-like with transmembrane domains protein 1) (Wasabi receptor),calcium ion transmembrane import into cytosol [GO:0097553]; calcium ion transmembrane transport [GO:0070588]; calcium ion transport [GO:0006816]; cell surface receptor signaling pathway [GO:0007166]; cellular response to caffeine [GO:0071313]; cellular response to carbon dioxide [GO:0071244]; cellular response to cold [GO:0070417]; cellular response to food [GO:0071240]; cellular response to heat [GO:0034605]; cellular response to hydrogen peroxide [GO:0070301]; cellular response to toxic substance [GO:0097237]; detection of chemical stimulus involved in sensory perception of pain [GO:0050968]; detection of mechanical stimulus involved in sensory perception [GO:0050974]; detection of mechanical stimulus involved in sensory perception of pain [GO:0050966]; intracellular calcium ion homeostasis [GO:0006874]; positive regulation of insulin secretion involved in cellular response to glucose stimulus [GO:0035774]; positive regulation of monoatomic anion transport [GO:1903793]; protein homotetramerization [GO:0051289]; regulation of blood circulation [GO:1903522]; regulation of neuronal action potential [GO:0098908]; response to cold [GO:0009409]; response to hydrogen peroxide [GO:0042542]; response to pain [GO:0048265]; response to xenobiotic stimulus [GO:0009410]; sensory perception of pain [GO:0019233]; thermoception [GO:0050955]; urinary bladder smooth muscle contraction [GO:0014832],GO:0005216; GO:0005245; GO:0005262; GO:0005886; GO:0006816; GO:0006874; GO:0007166; GO:0009409; GO:0009410; GO:0014832; GO:0015267; GO:0015278; GO:0016324; GO:0019233; GO:0030424; GO:0032421; GO:0034605; GO:0035774; GO:0042542; GO:0042802; GO:0046872; GO:0048265; GO:0050955; GO:0050966; GO:0050968; GO:0050974; GO:0051289; GO:0070301; GO:0070417; GO:0070588; GO:0071240; GO:0071244; GO:0071313; GO:0097237; GO:0097553; GO:0097604; GO:0098908; GO:1903522; GO:1903793; GO:1990760,apical plasma membrane [GO:0016324]; axon [GO:0030424]; plasma membrane [GO:0005886]; stereocilium bundle [GO:0032421],calcium channel activity [GO:0005262]; channel activity [GO:0015267]; identical protein binding [GO:0042802]; intracellularly gated calcium channel activity [GO:0015278]; metal ion binding [GO:0046872]; monoatomic ion channel activity [GO:0005216]; osmolarity-sensing monoatomic cation channel activity [GO:1990760]; temperature-gated cation channel activity [GO:0097604]; voltage-gated calcium channel activity [GO:0005245],Transient receptor potential cation channel subfamily A member 1
Pocillopora_acuta_HIv2___RNAseq.g18121.t1,Sodium_calcium_exchanger,,Q6K3R5,3.8e-66,Sodium/calcium exchanger NCL2 (Na(+)/Ca(2+)-exchange protein NCL2) (OsEFCAX2) (Protein NCX-like 2) (OsNCL2),calcium ion transmembrane transport [GO:0070588]; intracellular calcium ion homeostasis [GO:0006874]; sodium ion transport [GO:0006814],GO:0005509; GO:0005774; GO:0005886; GO:0006814; GO:0006874; GO:0015369; GO:0070588,plasma membrane [GO:0005886]; vacuolar membrane [GO:0005774],calcium ion binding [GO:0005509]; calcium:proton antiporter activity [GO:0015369],Sodium/calcium exchanger NCL2
Pocillopora_acuta_HIv2___RNAseq.g18142.t1,"calcium, Bhattacharya2016",ORAI1,Q5EAU0,5.36e-73,Calcium release-activated calcium channel protein 1 (Protein orai-1) (Transmembrane protein 142A),adaptive immune response [GO:0002250]; positive regulation of calcium ion transport [GO:0051928]; store-operated calcium entry [GO:0002115],GO:0002115; GO:0002250; GO:0005886; GO:0015279; GO:0016020; GO:0051928,membrane [GO:0016020]; plasma membrane [GO:0005886],store-operated calcium channel activity [GO:0015279],ORAI1
Pocillopora_acuta_HIv2___RNAseq.g18143.t1,calcium,,Q9U6B8,6.42e-21,Calcium release-activated calcium channel protein 1 (Protein orai),calcium ion transmembrane transport [GO:0070588]; positive regulation of calcineurin-NFAT signaling cascade [GO:0070886]; positive regulation of calcium ion transport [GO:0051928]; store-operated calcium entry [GO:0002115],GO:0002115; GO:0005246; GO:0005262; GO:0005886; GO:0015279; GO:0016020; GO:0034704; GO:0042802; GO:0051928; GO:0070588; GO:0070886,calcium channel complex [GO:0034704]; membrane [GO:0016020]; plasma membrane [GO:0005886],calcium channel activity [GO:0005262]; calcium channel regulator activity [GO:0005246]; identical protein binding [GO:0042802]; store-operated calcium channel activity [GO:0015279],Calcium release-activated calcium channel protein 1
Pocillopora_acuta_HIv2___RNAseq.g18195.t1,SLC,,Q09143,7.45e-120,High affinity cationic amino acid transporter 1 (CAT-1) (CAT1) (Ecotropic retroviral leukemia receptor) (Ecotropic retrovirus receptor) (ERR) (EcoR) (Solute carrier family 7 member 1) (System Y+ basic amino acid transporter),L-arginine transmembrane transport [GO:1903826]; L-histidine import across plasma membrane [GO:1903810]; L-ornithine transmembrane transport [GO:1903352]; lysine transport [GO:0015819]; positive regulation of T cell proliferation [GO:0042102],GO:0000064; GO:0001618; GO:0005290; GO:0015189; GO:0015819; GO:0016020; GO:0016323; GO:0016324; GO:0032991; GO:0042102; GO:0061459; GO:1903352; GO:1903810; GO:1903826,apical plasma membrane [GO:0016324]; basolateral plasma membrane [GO:0016323]; membrane [GO:0016020]; protein-containing complex [GO:0032991],L-arginine transmembrane transporter activity [GO:0061459]; L-histidine transmembrane transporter activity [GO:0005290]; L-lysine transmembrane transporter activity [GO:0015189]; L-ornithine transmembrane transporter activity [GO:0000064]; virus receptor activity [GO:0001618],High affinity cationic amino acid transporter 1
Pocillopora_acuta_HIv2___RNAseq.g18388.t1,SLC,,O60669,4.74e-36,Monocarboxylate transporter 2 (MCT 2) (Solute carrier family 16 member 7),lactate transmembrane transport [GO:0035873]; plasma membrane lactate transport [GO:0035879]; pyruvate transmembrane transport [GO:1901475]; transport across blood-brain barrier [GO:0150104],GO:0005477; GO:0005654; GO:0005829; GO:0005886; GO:0015129; GO:0015293; GO:0016323; GO:0035873; GO:0035879; GO:0042802; GO:0050833; GO:0098685; GO:0098686; GO:0098688; GO:0098839; GO:0098978; GO:0150104; GO:1901475,basolateral plasma membrane [GO:0016323]; cytosol [GO:0005829]; glutamatergic synapse [GO:0098978]; hippocampal mossy fiber to CA3 synapse [GO:0098686]; nucleoplasm [GO:0005654]; parallel fiber to Purkinje cell synapse [GO:0098688]; plasma membrane [GO:0005886]; postsynaptic density membrane [GO:0098839]; Schaffer collateral - CA1 synapse [GO:0098685],identical protein binding [GO:0042802]; lactate transmembrane transporter activity [GO:0015129]; pyruvate secondary active transmembrane transporter activity [GO:0005477]; pyruvate transmembrane transporter activity [GO:0050833]; symporter activity [GO:0015293],Monocarboxylate transporter 2
Pocillopora_acuta_HIv2___RNAseq.g18389.t1,SLC,,O70324,1.95e-15,Monocarboxylate transporter 8 (MCT 8) (Solute carrier family 16 member 2) (X-linked PEST-containing transporter),amino acid import across plasma membrane [GO:0089718]; amino acid metabolic process [GO:0006520]; negative regulation of neural precursor cell proliferation [GO:2000178]; thyroid hormone generation [GO:0006590]; thyroid hormone transport [GO:0070327]; thyroid-stimulating hormone secretion [GO:0070460]; transport across blood-brain barrier [GO:0150104],GO:0005886; GO:0006520; GO:0006590; GO:0015171; GO:0015349; GO:0016324; GO:0042802; GO:0070327; GO:0070460; GO:0089718; GO:0150104; GO:2000178,apical plasma membrane [GO:0016324]; plasma membrane [GO:0005886],amino acid transmembrane transporter activity [GO:0015171]; identical protein binding [GO:0042802]; thyroid hormone transmembrane transporter activity [GO:0015349],Monocarboxylate transporter 8
Pocillopora_acuta_HIv2___RNAseq.g18499.t1,SLC,,Q9UA35,2.4e-166,Solute carrier family 28 member 3 (Concentrative Na(+)-nucleoside cotransporter 3) (hfCNT),purine nucleoside transmembrane transport [GO:0015860]; pyrimidine nucleoside transport [GO:0015864],GO:0005886; GO:0015389; GO:0015390; GO:0015860; GO:0015864,plasma membrane [GO:0005886],purine-specific nucleoside:sodium symporter activity [GO:0015390]; pyrimidine- and adenosine-specific:sodium symporter activity [GO:0015389],Solute carrier family 28 member 3
Pocillopora_acuta_HIv2___RNAseq.g18515.t1,SLC,,Q96BD0,4.55e-116,Solute carrier organic anion transporter family member 4A1 (OATP4A1) (Colon organic anion transporter) (Organic anion transporter polypeptide-related protein 1) (OATP-RP1) (OATPRP1) (POAT) (Organic anion-transporting polypeptide E) (OATP-E) (Sodium-independent organic anion transporter E) (Solute carrier family 21 member 12),monoatomic ion transport [GO:0006811]; sodium-independent organic anion transport [GO:0043252],GO:0005886; GO:0006811; GO:0008514; GO:0015132; GO:0015347; GO:0015349; GO:0016323; GO:0043252,basolateral plasma membrane [GO:0016323]; plasma membrane [GO:0005886],organic anion transmembrane transporter activity [GO:0008514]; prostaglandin transmembrane transporter activity [GO:0015132]; sodium-independent organic anion transmembrane transporter activity [GO:0015347]; thyroid hormone transmembrane transporter activity [GO:0015349],Solute carrier organic anion transporter family member 4A1
Pocillopora_acuta_HIv2___RNAseq.g18516.t1,SLC,,Q8K078,4.76e-114,Solute carrier organic anion transporter family member 4A1 (Organic anion-transporting polypeptide E) (OATP-E) (Sodium-independent organic anion transporter E) (Solute carrier family 21 member 12),monoatomic ion transport [GO:0006811]; organic anion transport [GO:0015711],GO:0005886; GO:0006811; GO:0008514; GO:0015132; GO:0015711,plasma membrane [GO:0005886],organic anion transmembrane transporter activity [GO:0008514]; prostaglandin transmembrane transporter activity [GO:0015132],Solute carrier organic anion transporter family member 4A1
Pocillopora_acuta_HIv2___RNAseq.g18521.t2,SLC,,Q8K078,1.02e-99,Solute carrier organic anion transporter family member 4A1 (Organic anion-transporting polypeptide E) (OATP-E) (Sodium-independent organic anion transporter E) (Solute carrier family 21 member 12),monoatomic ion transport [GO:0006811]; organic anion transport [GO:0015711],GO:0005886; GO:0006811; GO:0008514; GO:0015132; GO:0015711,plasma membrane [GO:0005886],organic anion transmembrane transporter activity [GO:0008514]; prostaglandin transmembrane transporter activity [GO:0015132],Solute carrier organic anion transporter family member 4A1
Pocillopora_acuta_HIv2___RNAseq.g18557.t1,"TRP, Bhattacharya2016",TRPM6,J9SQF3,0,Transient receptor potential cation channel subfamily M member 3,calcium ion transmembrane transport [GO:0070588]; monoatomic cation transport [GO:0006812]; protein homotetramerization [GO:0051289]; sodium ion transport [GO:0006814]; zinc ion transmembrane transport [GO:0071577],GO:0005261; GO:0005262; GO:0005385; GO:0005516; GO:0005546; GO:0005886; GO:0006812; GO:0006814; GO:0031683; GO:0051289; GO:0070588; GO:0071577; GO:0097603,plasma membrane [GO:0005886],"calcium channel activity [GO:0005262]; calmodulin binding [GO:0005516]; G-protein beta/gamma-subunit complex binding [GO:0031683]; monoatomic cation channel activity [GO:0005261]; phosphatidylinositol-4,5-bisphosphate binding [GO:0005546]; temperature-gated ion channel activity [GO:0097603]; zinc ion transmembrane transporter activity [GO:0005385]",TRPM6
Pocillopora_acuta_HIv2___RNAseq.g18628.t1,TRP,,Q18297,3.42e-157,Transient receptor potential cation channel subfamily A member 1 homolog,,GO:0005216; GO:0005886; GO:0043025; GO:0097730,neuronal cell body [GO:0043025]; non-motile cilium [GO:0097730]; plasma membrane [GO:0005886],monoatomic ion channel activity [GO:0005216],Transient receptor potential cation channel subfamily A member 1 homolog
Pocillopora_acuta_HIv2___RNAseq.g18739.t1,SLC,,Q9JMD7,0,High affinity choline transporter 1 (rCHT1) (Hemicholinium-3-sensitive choline transporter) (CHT) (Solute carrier family 5 member 7),"acetylcholine biosynthetic process [GO:0008292]; choline transport [GO:0015871]; in utero embryonic development [GO:0001701]; neuromuscular synaptic transmission [GO:0007274]; synaptic transmission, cholinergic [GO:0007271]",GO:0001701; GO:0005307; GO:0005769; GO:0005886; GO:0007271; GO:0007274; GO:0008021; GO:0008292; GO:0015220; GO:0015871; GO:0016020; GO:0016324; GO:0030424; GO:0030425; GO:0030672; GO:0031594; GO:0031901; GO:0033265; GO:0042734; GO:0043025; GO:0043204; GO:0044853; GO:0045202; GO:0045334,apical plasma membrane [GO:0016324]; axon [GO:0030424]; clathrin-coated endocytic vesicle [GO:0045334]; dendrite [GO:0030425]; early endosome [GO:0005769]; early endosome membrane [GO:0031901]; membrane [GO:0016020]; neuromuscular junction [GO:0031594]; neuronal cell body [GO:0043025]; perikaryon [GO:0043204]; plasma membrane [GO:0005886]; plasma membrane raft [GO:0044853]; presynaptic membrane [GO:0042734]; synapse [GO:0045202]; synaptic vesicle [GO:0008021]; synaptic vesicle membrane [GO:0030672],choline binding [GO:0033265]; choline transmembrane transporter activity [GO:0015220]; choline:sodium symporter activity [GO:0005307],High affinity choline transporter 1
Pocillopora_acuta_HIv2___RNAseq.g18741.t1,Bhattacharya2016,TMC3,Q7Z5M5,1.19e-152,Transmembrane channel-like protein 3,,GO:0005886; GO:0008381,plasma membrane [GO:0005886],mechanosensitive monoatomic ion channel activity [GO:0008381],TMC3
Pocillopora_acuta_HIv2___RNAseq.g18760.t2,SLC,,Q6GN42,0,Choline transporter-like protein 4 (Solute carrier family 44 member 4),acetylcholine biosynthetic process [GO:0008292]; acetylcholine secretion [GO:0061526]; choline transport [GO:0015871]; neuromast hair cell development [GO:0035675]; otolith formation [GO:0032475]; positive regulation of cell growth [GO:0030307]; thiamine pyrophosphate transmembrane transport [GO:0030974],GO:0005886; GO:0008292; GO:0015220; GO:0015297; GO:0015871; GO:0016324; GO:0030307; GO:0030974; GO:0032475; GO:0035675; GO:0061526; GO:0090422,apical plasma membrane [GO:0016324]; plasma membrane [GO:0005886],antiporter activity [GO:0015297]; choline transmembrane transporter activity [GO:0015220]; thiamine pyrophosphate transmembrane transporter activity [GO:0090422],Choline transporter-like protein 4
Pocillopora_acuta_HIv2___RNAseq.g18875.t3,Bhattacharya2016,ATP1A2,P13607,0,Sodium/potassium-transporting ATPase subunit alpha (Na(+)/K(+) ATPase alpha subunit) (EC 7.2.2.13) (Sodium pump subunit alpha),"adult locomotory behavior [GO:0008344]; chemical synaptic transmission [GO:0007268]; determination of adult lifespan [GO:0008340]; intracellular potassium ion homeostasis [GO:0030007]; intracellular sodium ion homeostasis [GO:0006883]; jump response [GO:0007630]; locomotory behavior [GO:0007626]; monoatomic cation transport [GO:0006812]; neuromuscular process [GO:0050905]; potassium ion import across plasma membrane [GO:1990573]; proton transmembrane transport [GO:1902600]; regulation of tube diameter, open tracheal system [GO:0035158]; regulation of tube length, open tracheal system [GO:0035159]; response to mechanical stimulus [GO:0009612]; response to temperature stimulus [GO:0009266]; sensory perception of sound [GO:0007605]; septate junction assembly [GO:0019991]; sodium ion export across plasma membrane [GO:0036376]; synaptic assembly at neuromuscular junction [GO:0051124]; tissue homeostasis [GO:0001894]; trachea morphogenesis [GO:0060439]",GO:0001894; GO:0005391; GO:0005524; GO:0005634; GO:0005737; GO:0005886; GO:0005890; GO:0005918; GO:0006812; GO:0006883; GO:0007268; GO:0007605; GO:0007626; GO:0007630; GO:0008340; GO:0008344; GO:0009266; GO:0009612; GO:0016323; GO:0016887; GO:0019991; GO:0030007; GO:0035158; GO:0035159; GO:0036376; GO:0045202; GO:0050905; GO:0051124; GO:0060439; GO:1902600; GO:1990573,basolateral plasma membrane [GO:0016323]; cytoplasm [GO:0005737]; nucleus [GO:0005634]; plasma membrane [GO:0005886]; septate junction [GO:0005918]; sodium:potassium-exchanging ATPase complex [GO:0005890]; synapse [GO:0045202],ATP binding [GO:0005524]; ATP hydrolysis activity [GO:0016887]; P-type sodium:potassium-exchanging transporter activity [GO:0005391],ATP1A2
Pocillopora_acuta_HIv2___RNAseq.g18880.t1,SLC,,Q8K1P8,9.04e-17,Monocarboxylate transporter 8 (MCT 8) (Solute carrier family 16 member 2),amino acid import across plasma membrane [GO:0089718]; amino acid metabolic process [GO:0006520]; hormone transport [GO:0009914]; negative regulation of neural precursor cell proliferation [GO:2000178]; thyroid hormone generation [GO:0006590]; thyroid hormone metabolic process [GO:0042403]; thyroid hormone transport [GO:0070327]; thyroid-stimulating hormone secretion [GO:0070460]; transport across blood-brain barrier [GO:0150104],GO:0005886; GO:0006520; GO:0006590; GO:0009914; GO:0015171; GO:0015349; GO:0016324; GO:0042403; GO:0042802; GO:0070327; GO:0070460; GO:0089718; GO:0150104; GO:2000178,apical plasma membrane [GO:0016324]; plasma membrane [GO:0005886],amino acid transmembrane transporter activity [GO:0015171]; identical protein binding [GO:0042802]; thyroid hormone transmembrane transporter activity [GO:0015349],Monocarboxylate transporter 8
Pocillopora_acuta_HIv2___RNAseq.g18881.t1,SLC,,O70324,1.95e-15,Monocarboxylate transporter 8 (MCT 8) (Solute carrier family 16 member 2) (X-linked PEST-containing transporter),amino acid import across plasma membrane [GO:0089718]; amino acid metabolic process [GO:0006520]; negative regulation of neural precursor cell proliferation [GO:2000178]; thyroid hormone generation [GO:0006590]; thyroid hormone transport [GO:0070327]; thyroid-stimulating hormone secretion [GO:0070460]; transport across blood-brain barrier [GO:0150104],GO:0005886; GO:0006520; GO:0006590; GO:0015171; GO:0015349; GO:0016324; GO:0042802; GO:0070327; GO:0070460; GO:0089718; GO:0150104; GO:2000178,apical plasma membrane [GO:0016324]; plasma membrane [GO:0005886],amino acid transmembrane transporter activity [GO:0015171]; identical protein binding [GO:0042802]; thyroid hormone transmembrane transporter activity [GO:0015349],Monocarboxylate transporter 8
Pocillopora_acuta_HIv2___RNAseq.g18955.t1,SLC,,P47842,1.81e-133,"Solute carrier family 2, facilitated glucose transporter member 3 (Glucose transporter type 3, brain) (GLUT-3)",D-glucose import [GO:0046323]; D-glucose transmembrane transport [GO:1904659]; dehydroascorbic acid transport [GO:0070837]; galactose transmembrane transport [GO:0015757],GO:0005354; GO:0005536; GO:0005886; GO:0015757; GO:0016020; GO:0042995; GO:0043204; GO:0046323; GO:0055056; GO:0070837; GO:1904659,cell projection [GO:0042995]; membrane [GO:0016020]; perikaryon [GO:0043204]; plasma membrane [GO:0005886],D-glucose binding [GO:0005536]; D-glucose transmembrane transporter activity [GO:0055056]; galactose transmembrane transporter activity [GO:0005354],"Solute carrier family 2, facilitated glucose transporter member 3"
Pocillopora_acuta_HIv2___RNAseq.g18965.t1,SLC,,Q02978,8.32e-155,Mitochondrial 2-oxoglutarate/malate carrier protein (OGCP) (alpha-oxoglutarate carrier) (Solute carrier family 25 member 11) (SLC25A11),gluconeogenesis [GO:0006094]; lipid transport [GO:0006869]; malate-aspartate shuttle [GO:0043490],GO:0003723; GO:0005634; GO:0005739; GO:0005743; GO:0005886; GO:0006094; GO:0006869; GO:0015367; GO:0022857; GO:0043490,mitochondrial inner membrane [GO:0005743]; mitochondrion [GO:0005739]; nucleus [GO:0005634]; plasma membrane [GO:0005886],oxoglutarate:malate antiporter activity [GO:0015367]; RNA binding [GO:0003723]; transmembrane transporter activity [GO:0022857],Mitochondrial 2-oxoglutarate/malate carrier protein
Pocillopora_acuta_HIv2___RNAseq.g19117.t1,SLC,,P30825,6.27e-178,High affinity cationic amino acid transporter 1 (CAT-1) (CAT1) (Ecotropic retroviral leukemia receptor homolog) (Ecotropic retrovirus receptor homolog) (Solute carrier family 7 member 1) (System Y+ basic amino acid transporter),amino acid import across plasma membrane [GO:0089718]; amino acid transport [GO:0006865]; L-amino acid transport [GO:0015807]; L-arginine import across plasma membrane [GO:0097638]; L-arginine transmembrane transport [GO:1903826]; L-histidine import across plasma membrane [GO:1903810]; L-ornithine transmembrane transport [GO:1903352]; lysine transport [GO:0015819]; ornithine transport [GO:0015822]; positive regulation of T cell proliferation [GO:0042102]; transport across blood-brain barrier [GO:0150104],GO:0000064; GO:0001618; GO:0005290; GO:0005886; GO:0006865; GO:0009925; GO:0015171; GO:0015174; GO:0015189; GO:0015807; GO:0015819; GO:0015822; GO:0016020; GO:0016323; GO:0016324; GO:0032991; GO:0042102; GO:0061459; GO:0089718; GO:0097638; GO:0150104; GO:1903352; GO:1903810; GO:1903826,apical plasma membrane [GO:0016324]; basal plasma membrane [GO:0009925]; basolateral plasma membrane [GO:0016323]; membrane [GO:0016020]; plasma membrane [GO:0005886]; protein-containing complex [GO:0032991],amino acid transmembrane transporter activity [GO:0015171]; basic amino acid transmembrane transporter activity [GO:0015174]; L-arginine transmembrane transporter activity [GO:0061459]; L-histidine transmembrane transporter activity [GO:0005290]; L-lysine transmembrane transporter activity [GO:0015189]; L-ornithine transmembrane transporter activity [GO:0000064]; virus receptor activity [GO:0001618],High affinity cationic amino acid transporter 1
Pocillopora_acuta_HIv2___RNAseq.g19120.t1,SLC,,P52569,6.95e-163,Cationic amino acid transporter 2 (CAT-2) (CAT2) (Low affinity cationic amino acid transporter 2) (Solute carrier family 7 member 2),amino acid import across plasma membrane [GO:0089718]; amino acid transport [GO:0006865]; L-alpha-amino acid transmembrane transport [GO:1902475]; L-amino acid transport [GO:0015807]; L-arginine import across plasma membrane [GO:0097638]; L-arginine transmembrane transport [GO:1903826]; L-ornithine transmembrane transport [GO:1903352]; transport across blood-brain barrier [GO:0150104],GO:0000064; GO:0005886; GO:0006865; GO:0015171; GO:0015174; GO:0015179; GO:0015189; GO:0015807; GO:0030054; GO:0061459; GO:0089718; GO:0097638; GO:0150104; GO:1902475; GO:1903352; GO:1903826,cell junction [GO:0030054]; plasma membrane [GO:0005886],amino acid transmembrane transporter activity [GO:0015171]; basic amino acid transmembrane transporter activity [GO:0015174]; L-amino acid transmembrane transporter activity [GO:0015179]; L-arginine transmembrane transporter activity [GO:0061459]; L-lysine transmembrane transporter activity [GO:0015189]; L-ornithine transmembrane transporter activity [GO:0000064],Cationic amino acid transporter 2
Pocillopora_acuta_HIv2___RNAseq.g19149.t1,SLC,,Q8C811,1.61e-105,Solute carrier family 35 member E2A,blastocyst hatching [GO:0001835],GO:0001835; GO:0016020,membrane [GO:0016020],,Solute carrier family 35 member E2A
Pocillopora_acuta_HIv2___RNAseq.g19152.t1,SLC,,P30825,7.16e-165,High affinity cationic amino acid transporter 1 (CAT-1) (CAT1) (Ecotropic retroviral leukemia receptor homolog) (Ecotropic retrovirus receptor homolog) (Solute carrier family 7 member 1) (System Y+ basic amino acid transporter),amino acid import across plasma membrane [GO:0089718]; amino acid transport [GO:0006865]; L-amino acid transport [GO:0015807]; L-arginine import across plasma membrane [GO:0097638]; L-arginine transmembrane transport [GO:1903826]; L-histidine import across plasma membrane [GO:1903810]; L-ornithine transmembrane transport [GO:1903352]; lysine transport [GO:0015819]; ornithine transport [GO:0015822]; positive regulation of T cell proliferation [GO:0042102]; transport across blood-brain barrier [GO:0150104],GO:0000064; GO:0001618; GO:0005290; GO:0005886; GO:0006865; GO:0009925; GO:0015171; GO:0015174; GO:0015189; GO:0015807; GO:0015819; GO:0015822; GO:0016020; GO:0016323; GO:0016324; GO:0032991; GO:0042102; GO:0061459; GO:0089718; GO:0097638; GO:0150104; GO:1903352; GO:1903810; GO:1903826,apical plasma membrane [GO:0016324]; basal plasma membrane [GO:0009925]; basolateral plasma membrane [GO:0016323]; membrane [GO:0016020]; plasma membrane [GO:0005886]; protein-containing complex [GO:0032991],amino acid transmembrane transporter activity [GO:0015171]; basic amino acid transmembrane transporter activity [GO:0015174]; L-arginine transmembrane transporter activity [GO:0061459]; L-histidine transmembrane transporter activity [GO:0005290]; L-lysine transmembrane transporter activity [GO:0015189]; L-ornithine transmembrane transporter activity [GO:0000064]; virus receptor activity [GO:0001618],High affinity cationic amino acid transporter 1
Pocillopora_acuta_HIv2___RNAseq.g19155.t1,SLC,,P52569,4.08e-146,Cationic amino acid transporter 2 (CAT-2) (CAT2) (Low affinity cationic amino acid transporter 2) (Solute carrier family 7 member 2),amino acid import across plasma membrane [GO:0089718]; amino acid transport [GO:0006865]; L-alpha-amino acid transmembrane transport [GO:1902475]; L-amino acid transport [GO:0015807]; L-arginine import across plasma membrane [GO:0097638]; L-arginine transmembrane transport [GO:1903826]; L-ornithine transmembrane transport [GO:1903352]; transport across blood-brain barrier [GO:0150104],GO:0000064; GO:0005886; GO:0006865; GO:0015171; GO:0015174; GO:0015179; GO:0015189; GO:0015807; GO:0030054; GO:0061459; GO:0089718; GO:0097638; GO:0150104; GO:1902475; GO:1903352; GO:1903826,cell junction [GO:0030054]; plasma membrane [GO:0005886],amino acid transmembrane transporter activity [GO:0015171]; basic amino acid transmembrane transporter activity [GO:0015174]; L-amino acid transmembrane transporter activity [GO:0015179]; L-arginine transmembrane transporter activity [GO:0061459]; L-lysine transmembrane transporter activity [GO:0015189]; L-ornithine transmembrane transporter activity [GO:0000064],Cationic amino acid transporter 2
Pocillopora_acuta_HIv2___RNAseq.g19158.t1,SLC,,B3TP03,4.49e-113,Cationic amino acid transporter 2 (CAT-2) (CAT2) (cCAT-2) (Low affinity cationic amino acid transporter 2) (Solute carrier family 7 member 2),L-arginine import across plasma membrane [GO:0097638]; L-lysine import across plasma membrane [GO:0097639]; L-ornithine transmembrane transport [GO:1903352],GO:0000064; GO:0005737; GO:0005794; GO:0005886; GO:0015189; GO:0031410; GO:0061459; GO:0097638; GO:0097639; GO:1903352,cytoplasm [GO:0005737]; cytoplasmic vesicle [GO:0031410]; Golgi apparatus [GO:0005794]; plasma membrane [GO:0005886],L-arginine transmembrane transporter activity [GO:0061459]; L-lysine transmembrane transporter activity [GO:0015189]; L-ornithine transmembrane transporter activity [GO:0000064],Cationic amino acid transporter 2
Pocillopora_acuta_HIv2___RNAseq.g19159.t1,SLC,,Q8BLQ7,4.18e-90,Cationic amino acid transporter 4 (CAT-4) (CAT4) (Solute carrier family 7 member 4),,GO:0015171; GO:0016020; GO:0046943,membrane [GO:0016020],amino acid transmembrane transporter activity [GO:0015171]; carboxylic acid transmembrane transporter activity [GO:0046943],Cationic amino acid transporter 4
Pocillopora_acuta_HIv2___RNAseq.g19550.t1,"TRP, calcium",,Q7Z020,3.83e-127,Transient receptor potential cation channel subfamily A member 1 (dTRPA1) (Ankyrin-like with transmembrane domains protein 1) (dANKTM1),calcium ion transport [GO:0006816]; cellular response to heat [GO:0034605]; cellular response to pulsatile fluid shear stress [GO:0097703]; detection of chemical stimulus involved in sensory perception of bitter taste [GO:0001580]; detection of chemical stimulus involved in sensory perception of pain [GO:0050968]; detection of hot stimulus involved in thermoception [GO:0120168]; detection of temperature stimulus involved in sensory perception of pain [GO:0050965]; detection of temperature stimulus involved in thermoception [GO:0050960]; mechanosensory behavior [GO:0007638]; monoatomic cation transmembrane transport [GO:0098655]; monoatomic cation transport [GO:0006812]; negative phototaxis [GO:0046957]; neuronal signal transduction [GO:0023041]; phototransduction [GO:0007602]; positive regulation of calcium-mediated signaling [GO:0050850]; response to heat [GO:0009408]; response to light stimulus [GO:0009416]; temperature compensation of the circadian clock [GO:0010378]; thermosensory behavior [GO:0040040]; thermotaxis [GO:0043052],GO:0001580; GO:0005261; GO:0005262; GO:0005886; GO:0006812; GO:0006816; GO:0007602; GO:0007638; GO:0009408; GO:0009416; GO:0010378; GO:0015276; GO:0016020; GO:0023041; GO:0034605; GO:0034703; GO:0040040; GO:0043052; GO:0046957; GO:0050850; GO:0050960; GO:0050965; GO:0050968; GO:0097604; GO:0097703; GO:0098655; GO:0120168,cation channel complex [GO:0034703]; membrane [GO:0016020]; plasma membrane [GO:0005886],calcium channel activity [GO:0005262]; ligand-gated monoatomic ion channel activity [GO:0015276]; monoatomic cation channel activity [GO:0005261]; temperature-gated cation channel activity [GO:0097604],Transient receptor potential cation channel subfamily A member 1
Pocillopora_acuta_HIv2___RNAseq.g19551.t1,calcium,,F7C1E2,6.67e-63,Store-operated calcium entry-associated regulatory factor (SARAF) (SOCE-associated regulatory factor) (Transmembrane protein 66),calcium ion transport [GO:0006816]; regulation of store-operated calcium entry [GO:2001256],GO:0005789; GO:0006816; GO:0140268; GO:2001256,endoplasmic reticulum membrane [GO:0005789]; endoplasmic reticulum-plasma membrane contact site [GO:0140268],,Store-operated calcium entry-associated regulatory factor
Pocillopora_acuta_HIv2___RNAseq.g19679.t1,"TRP, calcium",,Q9R186,1.11e-9,Transient receptor potential cation channel subfamily V member 6 (TrpV6) (Calcium transport protein 1) (CaT1) (Epithelial calcium channel 2) (ECaC2),calcium ion homeostasis [GO:0055074]; calcium ion import [GO:0070509]; calcium ion import across plasma membrane [GO:0098703]; calcium ion transmembrane transport [GO:0070588]; calcium ion transport [GO:0006816]; parathyroid hormone secretion [GO:0035898]; protein homotetramerization [GO:0051289]; response to calcium ion [GO:0051592],GO:0005227; GO:0005262; GO:0005516; GO:0005886; GO:0006816; GO:0016324; GO:0034704; GO:0035898; GO:0042802; GO:0046872; GO:0051289; GO:0051592; GO:0055074; GO:0070509; GO:0070588; GO:0098703,apical plasma membrane [GO:0016324]; calcium channel complex [GO:0034704]; plasma membrane [GO:0005886],calcium channel activity [GO:0005262]; calcium-activated cation channel activity [GO:0005227]; calmodulin binding [GO:0005516]; identical protein binding [GO:0042802]; metal ion binding [GO:0046872],Transient receptor potential cation channel subfamily V member 6
Pocillopora_acuta_HIv2___RNAseq.g19739.t1,TRP,,A0A1D5PXA5,1.53e-11,Transient receptor potential cation channel subfamily V member 4 (TrpV4) (Vanilloid receptor-related osmotically activated channel) (VR-OAC),actin filament organization [GO:0007015]; calcium ion import across plasma membrane [GO:0098703]; intracellular calcium ion homeostasis [GO:0006874]; osmosensory signaling pathway [GO:0007231],GO:0005261; GO:0005262; GO:0005516; GO:0005524; GO:0005886; GO:0005912; GO:0005929; GO:0006874; GO:0007015; GO:0007231; GO:0008289; GO:0016324; GO:0017124; GO:0035091; GO:0046872; GO:0098703,adherens junction [GO:0005912]; apical plasma membrane [GO:0016324]; cilium [GO:0005929]; plasma membrane [GO:0005886],ATP binding [GO:0005524]; calcium channel activity [GO:0005262]; calmodulin binding [GO:0005516]; lipid binding [GO:0008289]; metal ion binding [GO:0046872]; monoatomic cation channel activity [GO:0005261]; phosphatidylinositol binding [GO:0035091]; SH3 domain binding [GO:0017124],Transient receptor potential cation channel subfamily V member 4
Pocillopora_acuta_HIv2___RNAseq.g19741.t1,"TRP, calcium",,Q9JIP0,8.17e-9,Transient receptor potential cation channel subfamily V member 5 (TrpV5) (Calcium transporter 2) (CaT2) (Epithelial calcium channel 1) (ECaC1) (Osm-9-like TRP channel 3) (OTRPC3),calcium ion homeostasis [GO:0055074]; calcium ion import across plasma membrane [GO:0098703]; calcium ion transmembrane transport [GO:0070588]; calcium ion transport [GO:0006816]; calcium ion transport into cytosol [GO:0060402]; protein homotetramerization [GO:0051289]; regulation of urine volume [GO:0035809],GO:0005262; GO:0005516; GO:0005886; GO:0006816; GO:0016324; GO:0034704; GO:0035809; GO:0046872; GO:0051289; GO:0055074; GO:0060402; GO:0070588; GO:0098703,apical plasma membrane [GO:0016324]; calcium channel complex [GO:0034704]; plasma membrane [GO:0005886],calcium channel activity [GO:0005262]; calmodulin binding [GO:0005516]; metal ion binding [GO:0046872],Transient receptor potential cation channel subfamily V member 5
Pocillopora_acuta_HIv2___RNAseq.g20354.t1,calcium,,P10608,3.14e-25,Beta-2 adrenergic receptor (Beta-2 adrenoreceptor) (Beta-2 adrenoceptor),"adenylate cyclase-activating adrenergic receptor signaling pathway [GO:0071880]; adenylate cyclase-activating G protein-coupled receptor signaling pathway [GO:0007189]; adrenergic receptor signaling pathway [GO:0071875]; AMPA selective glutamate receptor signaling pathway [GO:0098990]; associative learning [GO:0008306]; bone resorption [GO:0045453]; brown fat cell differentiation [GO:0050873]; cellular response to amyloid-beta [GO:1904646]; cellular response to hypoxia [GO:0071456]; diaphragm contraction [GO:0002086]; diet induced thermogenesis [GO:0002024]; estrous cycle [GO:0044849]; excitatory postsynaptic potential [GO:0060079]; female pregnancy [GO:0007565]; G protein-coupled receptor signaling pathway [GO:0007186]; heat generation [GO:0031649]; liver development [GO:0001889]; liver regeneration [GO:0097421]; negative regulation of angiogenesis [GO:0016525]; negative regulation of G protein-coupled receptor signaling pathway [GO:0045744]; negative regulation of multicellular organism growth [GO:0040015]; negative regulation of ossification [GO:0030279]; negative regulation of smooth muscle contraction [GO:0045986]; negative regulation of urine volume [GO:0035811]; norepinephrine-epinephrine-mediated vasodilation involved in regulation of systemic arterial blood pressure [GO:0002025]; positive regulation of apoptotic process [GO:0043065]; positive regulation of autophagosome maturation [GO:1901098]; positive regulation of bone mineralization [GO:0030501]; positive regulation of calcium ion import across plasma membrane [GO:1905665]; positive regulation of cAMP/PKA signal transduction [GO:0141163]; positive regulation of cell population proliferation [GO:0008284]; positive regulation of cold-induced thermogenesis [GO:0120162]; positive regulation of lipophagy [GO:1904504]; positive regulation of MAPK cascade [GO:0043410]; positive regulation of mini excitatory postsynaptic potential [GO:0061885]; positive regulation of potassium ion transport [GO:0043268]; positive regulation of skeletal muscle tissue growth [GO:0048633]; positive regulation of sodium ion transport [GO:0010765]; positive regulation of the force of heart contraction by epinephrine [GO:0003059]; positive regulation of transcription by RNA polymerase II [GO:0045944]; presynaptic modulation of chemical synaptic transmission [GO:0099171]; receptor-mediated endocytosis [GO:0006898]; regulation of calcium ion transport [GO:0051924]; regulation of sodium ion transport [GO:0002028]; regulation of systemic arterial blood pressure by norepinephrine-epinephrine [GO:0001993]; response to catecholamine [GO:0071869]; response to cold [GO:0009409]; response to dexamethasone [GO:0071548]; response to estrogen [GO:0043627]; response to hypoxia [GO:0001666]; response to monoamine [GO:0071867]; response to progesterone [GO:0032570]; response to testosterone [GO:0033574]; smooth muscle contraction [GO:0006939]; synaptic transmission, glutamatergic [GO:0035249]; transcription by RNA polymerase II [GO:0006366]; vasodilation [GO:0042311]",GO:0001540; GO:0001666; GO:0001889; GO:0001965; GO:0001993; GO:0002024; GO:0002025; GO:0002028; GO:0002086; GO:0003059; GO:0004941; GO:0005634; GO:0005768; GO:0005769; GO:0005794; GO:0005886; GO:0005901; GO:0006366; GO:0006898; GO:0006939; GO:0007186; GO:0007189; GO:0007565; GO:0008179; GO:0008284; GO:0008306; GO:0009409; GO:0010765; GO:0015459; GO:0016020; GO:0016324; GO:0016525; GO:0019899; GO:0030165; GO:0030279; GO:0030424; GO:0030425; GO:0030501; GO:0031649; GO:0031713; GO:0032570; GO:0032809; GO:0033574; GO:0035249; GO:0035255; GO:0035811; GO:0040015; GO:0042311; GO:0042383; GO:0042802; GO:0042803; GO:0043065; GO:0043197; GO:0043235; GO:0043268; GO:0043410; GO:0043627; GO:0044849; GO:0044877; GO:0045211; GO:0045453; GO:0045744; GO:0045944; GO:0045986; GO:0048633; GO:0050873; GO:0051379; GO:0051380; GO:0051721; GO:0051924; GO:0060079; GO:0061885; GO:0071456; GO:0071548; GO:0071867; GO:0071869; GO:0071875; GO:0071880; GO:0090722; GO:0097421; GO:0098685; GO:0098793; GO:0098978; GO:0098990; GO:0098992; GO:0099171; GO:0120162; GO:0141163; GO:1901098; GO:1904504; GO:1904646; GO:1905665,apical plasma membrane [GO:0016324]; axon [GO:0030424]; caveola [GO:0005901]; dendrite [GO:0030425]; dendritic spine [GO:0043197]; early endosome [GO:0005769]; endosome [GO:0005768]; glutamatergic synapse [GO:0098978]; Golgi apparatus [GO:0005794]; membrane [GO:0016020]; neuronal cell body membrane [GO:0032809]; neuronal dense core vesicle [GO:0098992]; nucleus [GO:0005634]; plasma membrane [GO:0005886]; postsynaptic membrane [GO:0045211]; presynapse [GO:0098793]; receptor complex [GO:0043235]; sarcolemma [GO:0042383]; Schaffer collateral - CA1 synapse [GO:0098685],adenylate cyclase binding [GO:0008179]; amyloid-beta binding [GO:0001540]; B2 bradykinin receptor binding [GO:0031713]; beta2-adrenergic receptor activity [GO:0004941]; enzyme binding [GO:0019899]; epinephrine binding [GO:0051379]; G-protein alpha-subunit binding [GO:0001965]; identical protein binding [GO:0042802]; ionotropic glutamate receptor binding [GO:0035255]; norepinephrine binding [GO:0051380]; PDZ domain binding [GO:0030165]; potassium channel regulator activity [GO:0015459]; protein homodimerization activity [GO:0042803]; protein phosphatase 2A binding [GO:0051721]; protein-containing complex binding [GO:0044877]; receptor-receptor interaction [GO:0090722],Beta-2 adrenergic receptor
Pocillopora_acuta_HIv2___RNAseq.g20381.t1,SLC,,Q8IY50,5.85e-71,Solute carrier family 35 member F3 (Thiamine transporter SLC35F3),thiamine transport [GO:0015888],GO:0015888; GO:0016020,membrane [GO:0016020],,Solute carrier family 35 member F3
Pocillopora_acuta_HIv2___RNAseq.g20529.t1,Bhattacharya2016,KCNK3,Q63ZI0,2.32e-83,Potassium channel subfamily K member 9,potassium ion import across plasma membrane [GO:1990573]; stabilization of membrane potential [GO:0030322],GO:0005886; GO:0015271; GO:0022841; GO:0030322; GO:1990573,plasma membrane [GO:0005886],outward rectifier potassium channel activity [GO:0015271]; potassium ion leak channel activity [GO:0022841],KCNK3
Pocillopora_acuta_HIv2___RNAseq.g20565.t1c,calcium,,Q8C8R3,1.46e-54,Ankyrin-2 (ANK-2) (Ankyrin-B) (Brain ankyrin),atrial cardiac muscle cell action potential [GO:0086014]; atrial cardiac muscle cell to AV node cell communication [GO:0086066]; cardiac muscle contraction [GO:0060048]; endocytosis [GO:0006897]; intracellular calcium ion homeostasis [GO:0006874]; positive regulation of calcium ion transport [GO:0051928]; positive regulation of gene expression [GO:0010628]; positive regulation of potassium ion import across plasma membrane [GO:1903288]; protein localization [GO:0008104]; protein localization to cell surface [GO:0034394]; protein localization to endoplasmic reticulum [GO:0070972]; protein localization to M-band [GO:0036309]; protein localization to plasma membrane [GO:0072659]; protein localization to T-tubule [GO:0036371]; protein stabilization [GO:0050821]; protein transport [GO:0015031]; regulation of atrial cardiac muscle cell action potential [GO:0098910]; regulation of AV node cell action potential [GO:0098904]; regulation of calcium ion transport [GO:0051924]; regulation of cardiac muscle cell contraction [GO:0086004]; regulation of cardiac muscle cell membrane potential [GO:0086036]; regulation of cardiac muscle contraction [GO:0055117]; regulation of cardiac muscle contraction by calcium ion signaling [GO:0010882]; regulation of cardiac muscle contraction by regulation of the release of sequestered calcium ion [GO:0010881]; regulation of heart rate [GO:0002027]; regulation of heart rate by cardiac conduction [GO:0086091]; regulation of protein stability [GO:0031647]; regulation of SA node cell action potential [GO:0098907]; SA node cell action potential [GO:0086015]; SA node cell to atrial cardiac muscle cell communication [GO:0086070]; T-tubule organization [GO:0033292],GO:0002027; GO:0005737; GO:0005739; GO:0005764; GO:0005769; GO:0005856; GO:0005886; GO:0006874; GO:0006897; GO:0008104; GO:0010628; GO:0010881; GO:0010882; GO:0014069; GO:0014704; GO:0015031; GO:0015459; GO:0030018; GO:0030315; GO:0030674; GO:0031234; GO:0031430; GO:0031647; GO:0031672; GO:0033010; GO:0033292; GO:0034394; GO:0036309; GO:0036371; GO:0042383; GO:0043034; GO:0044325; GO:0045211; GO:0048471; GO:0050821; GO:0051117; GO:0051924; GO:0051928; GO:0055037; GO:0055117; GO:0060048; GO:0070972; GO:0072659; GO:0086004; GO:0086014; GO:0086015; GO:0086036; GO:0086066; GO:0086070; GO:0086091; GO:0098904; GO:0098907; GO:0098910; GO:0099103; GO:0099104; GO:1903288,A band [GO:0031672]; costamere [GO:0043034]; cytoplasm [GO:0005737]; cytoskeleton [GO:0005856]; early endosome [GO:0005769]; extrinsic component of cytoplasmic side of plasma membrane [GO:0031234]; intercalated disc [GO:0014704]; lysosome [GO:0005764]; M band [GO:0031430]; mitochondrion [GO:0005739]; paranodal junction [GO:0033010]; perinuclear region of cytoplasm [GO:0048471]; plasma membrane [GO:0005886]; postsynaptic density [GO:0014069]; postsynaptic membrane [GO:0045211]; recycling endosome [GO:0055037]; sarcolemma [GO:0042383]; T-tubule [GO:0030315]; Z disc [GO:0030018],ATPase binding [GO:0051117]; channel activator activity [GO:0099103]; potassium channel activator activity [GO:0099104]; potassium channel regulator activity [GO:0015459]; protein-macromolecule adaptor activity [GO:0030674]; transmembrane transporter binding [GO:0044325],Ankyrin-2
Pocillopora_acuta_HIv2___RNAseq.g20599.t1,aquaporin,,A4L9J0,2.89e-44,Lens fiber major intrinsic protein (Aquaporin-0),gap junction-mediated intercellular transport [GO:1990349]; homotypic cell-cell adhesion [GO:0034109]; lens development in camera-type eye [GO:0002088]; maintenance of lens transparency [GO:0036438]; visual perception [GO:0007601]; water transport [GO:0006833],GO:0002088; GO:0005212; GO:0005516; GO:0005886; GO:0006833; GO:0007601; GO:0015250; GO:0016324; GO:0034109; GO:0036438; GO:0070161; GO:0098631; GO:1990349,anchoring junction [GO:0070161]; apical plasma membrane [GO:0016324]; plasma membrane [GO:0005886],calmodulin binding [GO:0005516]; cell adhesion mediator activity [GO:0098631]; structural constituent of eye lens [GO:0005212]; water channel activity [GO:0015250],Lens fiber major intrinsic protein
Pocillopora_acuta_HIv2___RNAseq.g20600.t1,SLC,,Q2HJ10,4.78e-118,Proton-coupled zinc antiporter SLC30A2 (Solute carrier family 30 member 2) (Zinc transporter 2) (ZnT-2),intracellular zinc ion homeostasis [GO:0006882]; zinc ion import into lysosome [GO:0140916]; zinc ion import into mitochondrion [GO:0140917]; zinc ion import into zymogen granule [GO:0140915],GO:0005743; GO:0005765; GO:0005770; GO:0005886; GO:0006882; GO:0010008; GO:0030658; GO:0042589; GO:0042802; GO:0046872; GO:0140826; GO:0140915; GO:0140916; GO:0140917,endosome membrane [GO:0010008]; late endosome [GO:0005770]; lysosomal membrane [GO:0005765]; mitochondrial inner membrane [GO:0005743]; plasma membrane [GO:0005886]; transport vesicle membrane [GO:0030658]; zymogen granule membrane [GO:0042589],identical protein binding [GO:0042802]; metal ion binding [GO:0046872]; zinc:proton antiporter activity [GO:0140826],Proton-coupled zinc antiporter SLC30A2
Pocillopora_acuta_HIv2___RNAseq.g20611.t1,SLC,,O95847,1.08e-134,Mitochondrial uncoupling protein 4 (UCP 4) (Solute carrier family 25 member 27),inner ear development [GO:0048839]; intracellular triglyceride homeostasis [GO:0035356]; negative regulation of mitochondrial calcium ion concentration [GO:0051562]; negative regulation of mitochondrial membrane potential [GO:0010917]; negative regulation of neuron apoptotic process [GO:0043524]; positive regulation of cell population proliferation [GO:0008284]; regulation of D-glucose import [GO:0046324]; response to cold [GO:0009409],GO:0005739; GO:0005743; GO:0008284; GO:0009409; GO:0010917; GO:0015078; GO:0015108; GO:0022857; GO:0031966; GO:0035356; GO:0042803; GO:0043025; GO:0043524; GO:0045177; GO:0046324; GO:0048839; GO:0051562,apical part of cell [GO:0045177]; mitochondrial inner membrane [GO:0005743]; mitochondrial membrane [GO:0031966]; mitochondrion [GO:0005739]; neuronal cell body [GO:0043025],chloride transmembrane transporter activity [GO:0015108]; protein homodimerization activity [GO:0042803]; proton transmembrane transporter activity [GO:0015078]; transmembrane transporter activity [GO:0022857],Mitochondrial uncoupling protein 4
Pocillopora_acuta_HIv2___RNAseq.g20616.t1,SLC,,Q7ZWG6,1.02e-63,Proton-coupled folate transporter (Solute carrier family 46 member 1),transmembrane transport [GO:0055085],GO:0005542; GO:0005768; GO:0005886; GO:0010008; GO:0015293; GO:0015350; GO:0016323; GO:0016324; GO:0022857; GO:0055085,apical plasma membrane [GO:0016324]; basolateral plasma membrane [GO:0016323]; endosome [GO:0005768]; endosome membrane [GO:0010008]; plasma membrane [GO:0005886],folic acid binding [GO:0005542]; methotrexate transmembrane transporter activity [GO:0015350]; symporter activity [GO:0015293]; transmembrane transporter activity [GO:0022857],Proton-coupled folate transporter
Pocillopora_acuta_HIv2___RNAseq.g2066.t1,SLC,,Q9HC58,1.91e-16,Sodium/potassium/calcium exchanger 3 (Na(+)/K(+)/Ca(2+)-exchange protein 3) (Solute carrier family 24 member 3),bone mineralization [GO:0030282]; calcium ion transmembrane transport [GO:0070588]; intracellular calcium ion homeostasis [GO:0006874]; monoatomic ion transport [GO:0006811]; negative regulation of gene expression [GO:0010629]; positive regulation of gene expression [GO:0010628]; potassium ion transmembrane transport [GO:0071805]; sodium ion transmembrane transport [GO:0035725]; transport across blood-brain barrier [GO:0150104],GO:0005262; GO:0005886; GO:0006811; GO:0006874; GO:0008273; GO:0010628; GO:0010629; GO:0015293; GO:0030282; GO:0035725; GO:0070588; GO:0071805; GO:0071944; GO:0150104,cell periphery [GO:0071944]; plasma membrane [GO:0005886],"calcium channel activity [GO:0005262]; calcium, potassium:sodium antiporter activity [GO:0008273]; symporter activity [GO:0015293]",Sodium/potassium/calcium exchanger 3
Pocillopora_acuta_HIv2___RNAseq.g2067.t1,SLC,,Q9HC58,1.3e-9,Sodium/potassium/calcium exchanger 3 (Na(+)/K(+)/Ca(2+)-exchange protein 3) (Solute carrier family 24 member 3),bone mineralization [GO:0030282]; calcium ion transmembrane transport [GO:0070588]; intracellular calcium ion homeostasis [GO:0006874]; monoatomic ion transport [GO:0006811]; negative regulation of gene expression [GO:0010629]; positive regulation of gene expression [GO:0010628]; potassium ion transmembrane transport [GO:0071805]; sodium ion transmembrane transport [GO:0035725]; transport across blood-brain barrier [GO:0150104],GO:0005262; GO:0005886; GO:0006811; GO:0006874; GO:0008273; GO:0010628; GO:0010629; GO:0015293; GO:0030282; GO:0035725; GO:0070588; GO:0071805; GO:0071944; GO:0150104,cell periphery [GO:0071944]; plasma membrane [GO:0005886],"calcium channel activity [GO:0005262]; calcium, potassium:sodium antiporter activity [GO:0008273]; symporter activity [GO:0015293]",Sodium/potassium/calcium exchanger 3
Pocillopora_acuta_HIv2___RNAseq.g2070.t1,SLC,,Q8C261,1.76e-105,Sodium/potassium/calcium exchanger 5 (Na(+)/K(+)/Ca(2+)-exchange protein 5) (Solute carrier family 24 member 5),calcium ion import [GO:0070509]; melanin biosynthetic process [GO:0042438]; monoatomic ion transmembrane transport [GO:0034220]; negative regulation of melanin biosynthetic process [GO:0048022],GO:0005802; GO:0008273; GO:0015085; GO:0015293; GO:0016020; GO:0034220; GO:0042438; GO:0042470; GO:0048022; GO:0070509,melanosome [GO:0042470]; membrane [GO:0016020]; trans-Golgi network [GO:0005802],"calcium ion transmembrane transporter activity [GO:0015085]; calcium, potassium:sodium antiporter activity [GO:0008273]; symporter activity [GO:0015293]",Sodium/potassium/calcium exchanger 5
Pocillopora_acuta_HIv2___RNAseq.g2071.t1,SLC,,Q8C261,2.13e-111,Sodium/potassium/calcium exchanger 5 (Na(+)/K(+)/Ca(2+)-exchange protein 5) (Solute carrier family 24 member 5),calcium ion import [GO:0070509]; melanin biosynthetic process [GO:0042438]; monoatomic ion transmembrane transport [GO:0034220]; negative regulation of melanin biosynthetic process [GO:0048022],GO:0005802; GO:0008273; GO:0015085; GO:0015293; GO:0016020; GO:0034220; GO:0042438; GO:0042470; GO:0048022; GO:0070509,melanosome [GO:0042470]; membrane [GO:0016020]; trans-Golgi network [GO:0005802],"calcium ion transmembrane transporter activity [GO:0015085]; calcium, potassium:sodium antiporter activity [GO:0008273]; symporter activity [GO:0015293]",Sodium/potassium/calcium exchanger 5
Pocillopora_acuta_HIv2___RNAseq.g20726.t1,Bhattacharya2016,TMC7,Q4R7U0,7.57e-119,Transmembrane channel-like protein 7,sensory perception of mechanical stimulus [GO:0050954],GO:0005886; GO:0008200; GO:0008381; GO:0050954,plasma membrane [GO:0005886],ion channel inhibitor activity [GO:0008200]; mechanosensitive monoatomic ion channel activity [GO:0008381],TMC7
Pocillopora_acuta_HIv2___RNAseq.g20804.t2,Bhattacharya2016,TMC6,Q4R7U0,5.27e-103,Transmembrane channel-like protein 7,sensory perception of mechanical stimulus [GO:0050954],GO:0005886; GO:0008200; GO:0008381; GO:0050954,plasma membrane [GO:0005886],ion channel inhibitor activity [GO:0008200]; mechanosensitive monoatomic ion channel activity [GO:0008381],TMC6
Pocillopora_acuta_HIv2___RNAseq.g20810.t1,"calcium, Bhattacharya2016",PKD1,P98161,1.11e-102,Polycystin-1 (PC1) (Autosomal dominant polycystic kidney disease 1 protein),anatomical structure morphogenesis [GO:0009653]; branching morphogenesis of an epithelial tube [GO:0048754]; calcium ion transmembrane transport [GO:0070588]; calcium ion transport [GO:0006816]; calcium-independent cell-matrix adhesion [GO:0007161]; cartilage condensation [GO:0001502]; cartilage development [GO:0051216]; cell surface receptor signaling pathway [GO:0007166]; cell surface receptor signaling pathway via JAK-STAT [GO:0007259]; cell-matrix adhesion [GO:0007160]; detection of mechanical stimulus [GO:0050982]; digestive tract development [GO:0048565]; embryonic placenta development [GO:0001892]; establishment of cell polarity [GO:0030010]; genitalia development [GO:0048806]; heart development [GO:0007507]; homophilic cell adhesion via plasma membrane adhesion molecules [GO:0007156]; in utero embryonic development [GO:0001701]; kidney development [GO:0001822]; liver development [GO:0001889]; lung epithelium development [GO:0060428]; lymph vessel morphogenesis [GO:0036303]; mesonephric duct development [GO:0072177]; mesonephric tubule development [GO:0072164]; metanephric ascending thin limb development [GO:0072218]; metanephric collecting duct development [GO:0072205]; metanephric distal tubule morphogenesis [GO:0072287]; metanephric proximal tubule development [GO:0072237]; mitocytosis [GO:0160040]; neural tube development [GO:0021915]; nitrogen cycle metabolic process [GO:0071941]; peptidyl-serine phosphorylation [GO:0018105]; placenta blood vessel development [GO:0060674]; positive regulation of cytosolic calcium ion concentration [GO:0007204]; positive regulation of transcription by RNA polymerase II [GO:0045944]; protein export from nucleus [GO:0006611]; protein heterotetramerization [GO:0051290]; regulation of cell adhesion [GO:0030155]; regulation of cell cycle [GO:0051726]; regulation of G1/S transition of mitotic cell cycle [GO:2000045]; regulation of mitotic spindle organization [GO:0060236]; regulation of proteasomal protein catabolic process [GO:0061136]; response to fluid shear stress [GO:0034405]; skin development [GO:0043588]; spinal cord development [GO:0021510]; Wnt signaling pathway [GO:0016055],GO:0000139; GO:0001502; GO:0001701; GO:0001822; GO:0001889; GO:0001892; GO:0002133; GO:0005262; GO:0005634; GO:0005737; GO:0005783; GO:0005794; GO:0005886; GO:0005929; GO:0006611; GO:0006816; GO:0007156; GO:0007160; GO:0007161; GO:0007166; GO:0007204; GO:0007259; GO:0007507; GO:0009653; GO:0009986; GO:0016020; GO:0016055; GO:0016323; GO:0016328; GO:0018105; GO:0019901; GO:0019904; GO:0021510; GO:0021915; GO:0030010; GO:0030155; GO:0030246; GO:0030660; GO:0031514; GO:0034405; GO:0034703; GO:0034704; GO:0036303; GO:0042813; GO:0043588; GO:0044325; GO:0045944; GO:0048565; GO:0048754; GO:0048806; GO:0050982; GO:0051216; GO:0051290; GO:0051726; GO:0060170; GO:0060236; GO:0060428; GO:0060674; GO:0061136; GO:0070062; GO:0070588; GO:0071941; GO:0072164; GO:0072177; GO:0072205; GO:0072218; GO:0072237; GO:0072287; GO:0140416; GO:0140494; GO:0160040; GO:2000045,basolateral plasma membrane [GO:0016323]; calcium channel complex [GO:0034704]; cation channel complex [GO:0034703]; cell surface [GO:0009986]; ciliary membrane [GO:0060170]; cilium [GO:0005929]; cytoplasm [GO:0005737]; endoplasmic reticulum [GO:0005783]; extracellular exosome [GO:0070062]; Golgi apparatus [GO:0005794]; Golgi membrane [GO:0000139]; Golgi-associated vesicle membrane [GO:0030660]; lateral plasma membrane [GO:0016328]; membrane [GO:0016020]; migrasome [GO:0140494]; motile cilium [GO:0031514]; nucleus [GO:0005634]; plasma membrane [GO:0005886]; polycystin complex [GO:0002133],calcium channel activity [GO:0005262]; carbohydrate binding [GO:0030246]; protein domain specific binding [GO:0019904]; protein kinase binding [GO:0019901]; transcription regulator inhibitor activity [GO:0140416]; transmembrane transporter binding [GO:0044325]; Wnt receptor activity [GO:0042813],PKD1
Pocillopora_acuta_HIv2___RNAseq.g20831.t1,SLC,,Q9UBH6,2.14e-104,Solute carrier family 53 member 1 (Phosphate exporter SLC53A1) (Protein SYG1 homolog) (Xenotropic and polytropic murine leukemia virus receptor X3) (X-receptor) (Xenotropic and polytropic retrovirus receptor 1),cellular response to phosphate starvation [GO:0016036]; intracellular phosphate ion homeostasis [GO:0030643]; phosphate ion transmembrane transport [GO:0035435]; phosphate ion transport [GO:0006817]; response to virus [GO:0009615],GO:0000822; GO:0001618; GO:0005315; GO:0005886; GO:0006817; GO:0009615; GO:0015562; GO:0016036; GO:0030643; GO:0035435,plasma membrane [GO:0005886],efflux transmembrane transporter activity [GO:0015562]; inositol hexakisphosphate binding [GO:0000822]; phosphate transmembrane transporter activity [GO:0005315]; virus receptor activity [GO:0001618],Solute carrier family 53 member 1
Pocillopora_acuta_HIv2___RNAseq.g21009.t1,SLC,,Q9JI12,6.9e-134,Vesicular glutamate transporter 2 (VGluT2) (Differentiation-associated BNPI) (Differentiation-associated Na(+)-dependent inorganic phosphate cotransporter) (Solute carrier family 17 member 6),"hippocampus development [GO:0021766]; hyaloid vascular plexus regression [GO:1990384]; L-glutamate import [GO:0051938]; L-glutamate transmembrane transport [GO:0015813]; neural retina development [GO:0003407]; neurotransmitter loading into synaptic vesicle [GO:0098700]; neurotransmitter uptake [GO:0001504]; phosphate ion homeostasis [GO:0055062]; phosphate ion transport [GO:0006817]; regulation of synapse structure or activity [GO:0050803]; sodium-dependent phosphate transport [GO:0044341]; synaptic transmission, glutamatergic [GO:0035249]",GO:0001504; GO:0003407; GO:0005254; GO:0005313; GO:0005326; GO:0005436; GO:0005769; GO:0005886; GO:0006817; GO:0008021; GO:0015386; GO:0015813; GO:0021766; GO:0030672; GO:0034707; GO:0035249; GO:0043005; GO:0044341; GO:0050803; GO:0051938; GO:0055062; GO:0060076; GO:0098700; GO:0098793; GO:0140787; GO:0140788; GO:1990030; GO:1990384,chloride channel complex [GO:0034707]; early endosome [GO:0005769]; excitatory synapse [GO:0060076]; neuron projection [GO:0043005]; pericellular basket [GO:1990030]; plasma membrane [GO:0005886]; presynapse [GO:0098793]; synaptic vesicle [GO:0008021]; synaptic vesicle membrane [GO:0030672],chloride channel activity [GO:0005254]; L-glutamate transmembrane transporter activity [GO:0005313]; L-glutamate uniporter activity [GO:0140788]; neurotransmitter transmembrane transporter activity [GO:0005326]; phosphate ion uniporter activity [GO:0140787]; potassium:proton antiporter activity [GO:0015386]; sodium:phosphate symporter activity [GO:0005436],Vesicular glutamate transporter 2
Pocillopora_acuta_HIv2___RNAseq.g21116.t1,calcium,,Q01484,1.58e-109,Ankyrin-2 (ANK-2) (Ankyrin-B) (Brain ankyrin) (Non-erythroid ankyrin),atrial cardiac muscle cell action potential [GO:0086014]; atrial cardiac muscle cell to AV node cell communication [GO:0086066]; atrial septum development [GO:0003283]; endocytosis [GO:0006897]; intracellular calcium ion homeostasis [GO:0006874]; membrane depolarization during SA node cell action potential [GO:0086046]; paranodal junction assembly [GO:0030913]; positive regulation of calcium ion transport [GO:0051928]; positive regulation of gene expression [GO:0010628]; positive regulation of potassium ion import across plasma membrane [GO:1903288]; protein localization [GO:0008104]; protein localization to cell surface [GO:0034394]; protein localization to endoplasmic reticulum [GO:0070972]; protein localization to M-band [GO:0036309]; protein localization to organelle [GO:0033365]; protein localization to plasma membrane [GO:0072659]; protein localization to T-tubule [GO:0036371]; protein stabilization [GO:0050821]; protein transport [GO:0015031]; regulation of atrial cardiac muscle cell action potential [GO:0098910]; regulation of calcium ion transport [GO:0051924]; regulation of cardiac muscle cell contraction [GO:0086004]; regulation of cardiac muscle contraction [GO:0055117]; regulation of cardiac muscle contraction by calcium ion signaling [GO:0010882]; regulation of cardiac muscle contraction by regulation of the release of sequestered calcium ion [GO:0010881]; regulation of heart rate [GO:0002027]; regulation of heart rate by cardiac conduction [GO:0086091]; regulation of protein stability [GO:0031647]; regulation of release of sequestered calcium ion into cytosol [GO:0051279]; regulation of SA node cell action potential [GO:0098907]; regulation of ventricular cardiac muscle cell membrane repolarization [GO:0060307]; response to methylmercury [GO:0051597]; SA node cell action potential [GO:0086015]; SA node cell to atrial cardiac muscle cell communication [GO:0086070]; sarcoplasmic reticulum calcium ion transport [GO:0070296]; T-tubule organization [GO:0033292]; ventricular cardiac muscle cell action potential [GO:0086005],GO:0002027; GO:0003283; GO:0005200; GO:0005739; GO:0005764; GO:0005769; GO:0005829; GO:0005856; GO:0005886; GO:0006874; GO:0006897; GO:0008093; GO:0008104; GO:0010628; GO:0010881; GO:0010882; GO:0014704; GO:0015031; GO:0016323; GO:0016324; GO:0019899; GO:0019901; GO:0030018; GO:0030315; GO:0030507; GO:0030674; GO:0030913; GO:0031430; GO:0031647; GO:0031672; GO:0033292; GO:0033365; GO:0034394; GO:0036309; GO:0036371; GO:0042383; GO:0043005; GO:0043034; GO:0044325; GO:0045211; GO:0050821; GO:0051117; GO:0051279; GO:0051597; GO:0051924; GO:0051928; GO:0055037; GO:0055117; GO:0060307; GO:0070296; GO:0070972; GO:0072659; GO:0086004; GO:0086005; GO:0086014; GO:0086015; GO:0086046; GO:0086066; GO:0086070; GO:0086091; GO:0098907; GO:0098910; GO:0099103; GO:0099104; GO:0140031; GO:1903288,A band [GO:0031672]; apical plasma membrane [GO:0016324]; basolateral plasma membrane [GO:0016323]; costamere [GO:0043034]; cytoskeleton [GO:0005856]; cytosol [GO:0005829]; early endosome [GO:0005769]; intercalated disc [GO:0014704]; lysosome [GO:0005764]; M band [GO:0031430]; mitochondrion [GO:0005739]; neuron projection [GO:0043005]; plasma membrane [GO:0005886]; postsynaptic membrane [GO:0045211]; recycling endosome [GO:0055037]; sarcolemma [GO:0042383]; T-tubule [GO:0030315]; Z disc [GO:0030018],ATPase binding [GO:0051117]; channel activator activity [GO:0099103]; cytoskeletal anchor activity [GO:0008093]; enzyme binding [GO:0019899]; phosphorylation-dependent protein binding [GO:0140031]; potassium channel activator activity [GO:0099104]; protein kinase binding [GO:0019901]; protein-macromolecule adaptor activity [GO:0030674]; spectrin binding [GO:0030507]; structural constituent of cytoskeleton [GO:0005200]; transmembrane transporter binding [GO:0044325],Ankyrin-2
Pocillopora_acuta_HIv2___RNAseq.g21389.t1,SLC,,Q9H015,2.99e-6,Solute carrier family 22 member 4 (Ergothioneine transporter) (ET transporter) (ETTh) (Organic cation/carnitine transporter 1) (OCTN1),amino acid import across plasma membrane [GO:0089718]; carnitine metabolic process [GO:0009437]; carnitine transport [GO:0015879]; quaternary ammonium group transport [GO:0015697]; sodium ion transport [GO:0006814]; triglyceride metabolic process [GO:0006641]; xenobiotic transport [GO:0042908],GO:0005277; GO:0005524; GO:0005739; GO:0005886; GO:0006641; GO:0006814; GO:0008513; GO:0009437; GO:0009925; GO:0015171; GO:0015199; GO:0015226; GO:0015293; GO:0015651; GO:0015697; GO:0015879; GO:0016324; GO:0030165; GO:0031966; GO:0042908; GO:0089718,apical plasma membrane [GO:0016324]; basal plasma membrane [GO:0009925]; mitochondrial membrane [GO:0031966]; mitochondrion [GO:0005739]; plasma membrane [GO:0005886],acetylcholine transmembrane transporter activity [GO:0005277]; amino acid transmembrane transporter activity [GO:0015171]; amino-acid betaine transmembrane transporter activity [GO:0015199]; ATP binding [GO:0005524]; carnitine transmembrane transporter activity [GO:0015226]; PDZ domain binding [GO:0030165]; quaternary ammonium group transmembrane transporter activity [GO:0015651]; secondary active organic cation transmembrane transporter activity [GO:0008513]; symporter activity [GO:0015293],Solute carrier family 22 member 4
Pocillopora_acuta_HIv2___RNAseq.g21407.t1,"TRP, Bhattacharya2016",TRPC4,O62852,2.43e-110,Short transient receptor potential channel 5 (Rtrp5) (TrpC5) (Capacitative calcium entry channel 2) (CCE2),neuron apoptotic process [GO:0051402]; phosphatidylserine exposure on apoptotic cell surface [GO:0070782]; regulation of cytosolic calcium ion concentration [GO:0051480],GO:0005262; GO:0005886; GO:0015279; GO:0034704; GO:0051402; GO:0051480; GO:0070679; GO:0070782; GO:0098793,calcium channel complex [GO:0034704]; plasma membrane [GO:0005886]; presynapse [GO:0098793],"calcium channel activity [GO:0005262]; inositol 1,4,5 trisphosphate binding [GO:0070679]; store-operated calcium channel activity [GO:0015279]",TRPC4
Pocillopora_acuta_HIv2___RNAseq.g21465.t1,SLC,,P78382,4.51e-72,CMP-sialic acid transporter (CMP-SA-Tr) (CMP-Sia-Tr) (CST) (Solute carrier family 35 member A1),carbohydrate metabolic process [GO:0005975]; CMP-N-acetylneuraminate biosynthetic process [GO:0006055]; CMP-N-acetylneuraminate transmembrane transport [GO:0015782]; N-acetylneuraminate metabolic process [GO:0006054]; protein modification process [GO:0036211],GO:0000139; GO:0005456; GO:0005794; GO:0005886; GO:0005975; GO:0006054; GO:0006055; GO:0015297; GO:0015782; GO:0016020; GO:0036211,Golgi apparatus [GO:0005794]; Golgi membrane [GO:0000139]; membrane [GO:0016020]; plasma membrane [GO:0005886],antiporter activity [GO:0015297]; CMP-N-acetylneuraminate transmembrane transporter activity [GO:0005456],CMP-sialic acid transporter
Pocillopora_acuta_HIv2___RNAseq.g21491.t1,SLC,,Q6PF45,1.08e-67,Vesicular inhibitory amino acid transporter (GABA and glycine transporter) (Solute carrier family 32 member 1) (Vesicular GABA transporter) (xVIAAT),amino acid transmembrane transport [GO:0003333]; beta-alanine transport [GO:0001762]; gamma-aminobutyric acid import [GO:0051939]; gamma-aminobutyric acid transport [GO:0015812]; glycine transport [GO:0015816]; neurotransmitter transport [GO:0006836],GO:0001762; GO:0003333; GO:0005774; GO:0006836; GO:0008021; GO:0015179; GO:0015185; GO:0015187; GO:0015812; GO:0015816; GO:0030659; GO:0042995; GO:0051939; GO:0098793; GO:0140799; GO:0140800,cell projection [GO:0042995]; cytoplasmic vesicle membrane [GO:0030659]; presynapse [GO:0098793]; synaptic vesicle [GO:0008021]; vacuolar membrane [GO:0005774],gamma-aminobutyric acid transmembrane transporter activity [GO:0015185]; gamma-aminobutyric acid:proton antiporter activity [GO:0140800]; glycine transmembrane transporter activity [GO:0015187]; glycine:proton antiporter activity [GO:0140799]; L-amino acid transmembrane transporter activity [GO:0015179],Vesicular inhibitory amino acid transporter
Pocillopora_acuta_HIv2___RNAseq.g21494.t1,calcium,,Q2KIA5,0,Dynamin-1-like protein (EC 3.6.5.5),calcium ion transport [GO:0006816]; endocytosis [GO:0006897]; heart contraction [GO:0060047]; intracellular distribution of mitochondria [GO:0048312]; mitochondrial fission [GO:0000266]; mitochondrial fragmentation involved in apoptotic process [GO:0043653]; mitochondrial membrane fission [GO:0090149]; mitocytosis [GO:0160040]; peroxisome fission [GO:0016559]; positive regulation of mitochondrial fission [GO:0090141]; positive regulation of neutrophil chemotaxis [GO:0090023]; positive regulation of protein secretion [GO:0050714]; protein complex oligomerization [GO:0051259]; protein localization to mitochondrion [GO:0070585]; regulation of ATP metabolic process [GO:1903578]; regulation of gene expression [GO:0010468]; regulation of mitophagy [GO:1901524]; regulation of peroxisome organization [GO:1900063]; rhythmic process [GO:0048511],GO:0000266; GO:0003924; GO:0005525; GO:0005737; GO:0005739; GO:0005741; GO:0005777; GO:0005783; GO:0005794; GO:0005829; GO:0005874; GO:0005903; GO:0005905; GO:0006816; GO:0006897; GO:0008017; GO:0008289; GO:0010468; GO:0016020; GO:0016559; GO:0030672; GO:0030742; GO:0031267; GO:0031625; GO:0032991; GO:0042802; GO:0042803; GO:0043653; GO:0048312; GO:0048471; GO:0048511; GO:0050714; GO:0051259; GO:0060047; GO:0070585; GO:0090023; GO:0090141; GO:0090149; GO:0099073; GO:0160040; GO:1900063; GO:1901524; GO:1903578,brush border [GO:0005903]; clathrin-coated pit [GO:0005905]; cytoplasm [GO:0005737]; cytosol [GO:0005829]; endoplasmic reticulum [GO:0005783]; Golgi apparatus [GO:0005794]; membrane [GO:0016020]; microtubule [GO:0005874]; mitochondrial outer membrane [GO:0005741]; mitochondrion [GO:0005739]; mitochondrion-derived vesicle [GO:0099073]; perinuclear region of cytoplasm [GO:0048471]; peroxisome [GO:0005777]; protein-containing complex [GO:0032991]; synaptic vesicle membrane [GO:0030672],GTP binding [GO:0005525]; GTP-dependent protein binding [GO:0030742]; GTPase activity [GO:0003924]; identical protein binding [GO:0042802]; lipid binding [GO:0008289]; microtubule binding [GO:0008017]; protein homodimerization activity [GO:0042803]; small GTPase binding [GO:0031267]; ubiquitin protein ligase binding [GO:0031625],Dynamin-1-like protein
Pocillopora_acuta_HIv2___RNAseq.g21501.t1,calcium,,Q24270,0,Voltage-dependent calcium channel type D subunit alpha-1 (DmCa1D),calcium ion import across plasma membrane [GO:0098703]; calcium ion transmembrane transport [GO:0070588]; calcium ion transport [GO:0006816]; calcium-mediated signaling [GO:0019722]; detection of temperature stimulus involved in sensory perception of pain [GO:0050965]; epithelial fluid transport [GO:0042045]; locomotion [GO:0040011]; muscle contraction [GO:0006936]; neuron remodeling [GO:0016322],GO:0005245; GO:0005891; GO:0006816; GO:0006936; GO:0016322; GO:0016323; GO:0016324; GO:0019722; GO:0040011; GO:0042045; GO:0046872; GO:0050965; GO:0070588; GO:0098703,apical plasma membrane [GO:0016324]; basolateral plasma membrane [GO:0016323]; voltage-gated calcium channel complex [GO:0005891],metal ion binding [GO:0046872]; voltage-gated calcium channel activity [GO:0005245],Voltage-dependent calcium channel type D subunit alpha-1
Pocillopora_acuta_HIv2___RNAseq.g21544.t1,SLC,,Q8CE94,3.03e-25,Monocarboxylate transporter 13 (MCT 13) (Solute carrier family 16 member 13),,GO:0000139; GO:0005794; GO:0005829; GO:0005886; GO:0015293,cytosol [GO:0005829]; Golgi apparatus [GO:0005794]; Golgi membrane [GO:0000139]; plasma membrane [GO:0005886],symporter activity [GO:0015293],Monocarboxylate transporter 13
Pocillopora_acuta_HIv2___RNAseq.g21545.t1,SLC,,A1L1W9,6.52e-27,Monocarboxylate transporter 10 (MCT 10) (Solute carrier family 16 member 10),aromatic amino acid transport [GO:0015801]; thyroid hormone transport [GO:0070327],GO:0005302; GO:0005886; GO:0015173; GO:0015192; GO:0015196; GO:0015349; GO:0015801; GO:0016323; GO:0022857; GO:0070327,basolateral plasma membrane [GO:0016323]; plasma membrane [GO:0005886],aromatic amino acid transmembrane transporter activity [GO:0015173]; L-phenylalanine transmembrane transporter activity [GO:0015192]; L-tryptophan transmembrane transporter activity [GO:0015196]; L-tyrosine transmembrane transporter activity [GO:0005302]; thyroid hormone transmembrane transporter activity [GO:0015349]; transmembrane transporter activity [GO:0022857],Monocarboxylate transporter 10
Pocillopora_acuta_HIv2___RNAseq.g21603.t1,SLC,,Q8CE94,1.93e-41,Monocarboxylate transporter 13 (MCT 13) (Solute carrier family 16 member 13),,GO:0000139; GO:0005794; GO:0005829; GO:0005886; GO:0015293,cytosol [GO:0005829]; Golgi apparatus [GO:0005794]; Golgi membrane [GO:0000139]; plasma membrane [GO:0005886],symporter activity [GO:0015293],Monocarboxylate transporter 13
Pocillopora_acuta_HIv2___RNAseq.g21604.t1,SLC,,P57788,1.49e-31,Monocarboxylate transporter 4 (MCT 4) (Solute carrier family 16 member 3),lactate transmembrane transport [GO:0035873]; pyruvate catabolic process [GO:0042867]; pyruvate transmembrane transport [GO:1901475],GO:0005886; GO:0015650; GO:0016323; GO:0016324; GO:0016328; GO:0031965; GO:0035873; GO:0042867; GO:0050833; GO:1901475,apical plasma membrane [GO:0016324]; basolateral plasma membrane [GO:0016323]; lateral plasma membrane [GO:0016328]; nuclear membrane [GO:0031965]; plasma membrane [GO:0005886],lactate:proton symporter activity [GO:0015650]; pyruvate transmembrane transporter activity [GO:0050833],Monocarboxylate transporter 4
Pocillopora_acuta_HIv2___RNAseq.g21607.t1,calcium,,Q60613,6.73e-24,Adenosine receptor A2a,"adenylate cyclase-activating G protein-coupled receptor signaling pathway [GO:0007189]; apoptotic signaling pathway [GO:0097190]; astrocyte activation [GO:0048143]; eating behavior [GO:0042755]; excitatory postsynaptic potential [GO:0060079]; G protein-coupled adenosine receptor signaling pathway [GO:0001973]; G protein-coupled receptor signaling pathway [GO:0007186]; inhibition of non-skeletal tissue mineralization [GO:0140928]; inhibitory postsynaptic potential [GO:0060080]; locomotory behavior [GO:0007626]; membrane depolarization [GO:0051899]; negative regulation of alpha-beta T cell activation [GO:0046636]; negative regulation of cell population proliferation [GO:0008285]; negative regulation of inflammatory response [GO:0050728]; negative regulation of neuron apoptotic process [GO:0043524]; negative regulation of vascular permeability [GO:0043116]; neuron projection morphogenesis [GO:0048812]; phospholipase C-activating G protein-coupled receptor signaling pathway [GO:0007200]; positive regulation of acetylcholine secretion, neurotransmission [GO:0014057]; positive regulation of apoptotic signaling pathway [GO:2001235]; positive regulation of circadian sleep/wake cycle, sleep [GO:0045938]; positive regulation of ERK1 and ERK2 cascade [GO:0070374]; positive regulation of glutamate secretion [GO:0014049]; positive regulation of long-term synaptic potentiation [GO:1900273]; positive regulation of protein secretion [GO:0050714]; positive regulation of synaptic transmission, GABAergic [GO:0032230]; positive regulation of synaptic transmission, glutamatergic [GO:0051968]; positive regulation of urine volume [GO:0035810]; prepulse inhibition [GO:0060134]; presynaptic modulation of chemical synaptic transmission [GO:0099171]; regulation of calcium ion transport [GO:0051924]; regulation of DNA-templated transcription [GO:0006355]; regulation of mitochondrial membrane potential [GO:0051881]; regulation of norepinephrine secretion [GO:0014061]; response to amphetamine [GO:0001975]; response to caffeine [GO:0031000]; response to xenobiotic stimulus [GO:0009410]; synaptic transmission, cholinergic [GO:0007271]; synaptic transmission, dopaminergic [GO:0001963]; synaptic transmission, glutamatergic [GO:0035249]; vasodilation [GO:0042311]",GO:0001609; GO:0001963; GO:0001973; GO:0001975; GO:0005516; GO:0005882; GO:0005886; GO:0006355; GO:0007186; GO:0007189; GO:0007200; GO:0007271; GO:0007626; GO:0008285; GO:0008289; GO:0009410; GO:0014049; GO:0014057; GO:0014061; GO:0016020; GO:0019899; GO:0030425; GO:0030673; GO:0031000; GO:0031802; GO:0032230; GO:0032279; GO:0035249; GO:0035810; GO:0042311; GO:0042734; GO:0042755; GO:0042802; GO:0043025; GO:0043116; GO:0043524; GO:0044877; GO:0045211; GO:0045938; GO:0046636; GO:0048143; GO:0048786; GO:0048812; GO:0050714; GO:0050728; GO:0051393; GO:0051881; GO:0051899; GO:0051924; GO:0051968; GO:0060079; GO:0060080; GO:0060134; GO:0070374; GO:0097190; GO:0098978; GO:0099171; GO:0140928; GO:1900273; GO:2001235,asymmetric synapse [GO:0032279]; axolemma [GO:0030673]; dendrite [GO:0030425]; glutamatergic synapse [GO:0098978]; intermediate filament [GO:0005882]; membrane [GO:0016020]; neuronal cell body [GO:0043025]; plasma membrane [GO:0005886]; postsynaptic membrane [GO:0045211]; presynaptic active zone [GO:0048786]; presynaptic membrane [GO:0042734],alpha-actinin binding [GO:0051393]; calmodulin binding [GO:0005516]; enzyme binding [GO:0019899]; G protein-coupled adenosine receptor activity [GO:0001609]; identical protein binding [GO:0042802]; lipid binding [GO:0008289]; protein-containing complex binding [GO:0044877]; type 5 metabotropic glutamate receptor binding [GO:0031802],Adenosine receptor A2a
Pocillopora_acuta_HIv2___RNAseq.g21671.t1,SLC,,Q1L8X9,1.84e-44,Vesicular glutamate transporter 3 (VGluT3) (Solute carrier family 17 member 8),"equilibrioception [GO:0050957]; L-glutamate import [GO:0051938]; L-glutamate transmembrane transport [GO:0015813]; neurotransmitter loading into synaptic vesicle [GO:0098700]; phosphate ion homeostasis [GO:0055062]; positive regulation of glutamate uptake involved in transmission of nerve impulse [GO:0051951]; regulation of acetylcholine uptake [GO:0051631]; regulation of synapse structure or activity [GO:0050803]; sodium-dependent phosphate transport [GO:0044341]; synaptic transmission, glutamatergic [GO:0035249]; vestibular reflex [GO:0060005]",GO:0005254; GO:0005313; GO:0005326; GO:0005436; GO:0005886; GO:0015813; GO:0030672; GO:0034707; GO:0035249; GO:0043005; GO:0044341; GO:0050803; GO:0050957; GO:0051631; GO:0051938; GO:0051951; GO:0055062; GO:0060005; GO:0060076; GO:0098700; GO:0140788,chloride channel complex [GO:0034707]; excitatory synapse [GO:0060076]; neuron projection [GO:0043005]; plasma membrane [GO:0005886]; synaptic vesicle membrane [GO:0030672],chloride channel activity [GO:0005254]; L-glutamate transmembrane transporter activity [GO:0005313]; L-glutamate uniporter activity [GO:0140788]; neurotransmitter transmembrane transporter activity [GO:0005326]; sodium:phosphate symporter activity [GO:0005436],Vesicular glutamate transporter 3
Pocillopora_acuta_HIv2___RNAseq.g21674.t1,calcium,,P29274,9.57e-19,Adenosine receptor A2a,"adenylate cyclase-activating G protein-coupled receptor signaling pathway [GO:0007189]; adenylate cyclase-modulating G protein-coupled receptor signaling pathway [GO:0007188]; apoptotic process [GO:0006915]; apoptotic signaling pathway [GO:0097190]; astrocyte activation [GO:0048143]; blood circulation [GO:0008015]; blood coagulation [GO:0007596]; cell-cell signaling [GO:0007267]; cellular defense response [GO:0006968]; central nervous system development [GO:0007417]; eating behavior [GO:0042755]; excitatory postsynaptic potential [GO:0060079]; G protein-coupled adenosine receptor signaling pathway [GO:0001973]; inflammatory response [GO:0006954]; inhibitory postsynaptic potential [GO:0060080]; locomotory behavior [GO:0007626]; membrane depolarization [GO:0051899]; negative regulation of alpha-beta T cell activation [GO:0046636]; negative regulation of cell population proliferation [GO:0008285]; negative regulation of inflammatory response [GO:0050728]; negative regulation of neuron apoptotic process [GO:0043524]; negative regulation of vascular permeability [GO:0043116]; neuron projection morphogenesis [GO:0048812]; phagocytosis [GO:0006909]; phospholipase C-activating G protein-coupled receptor signaling pathway [GO:0007200]; positive regulation of acetylcholine secretion, neurotransmission [GO:0014057]; positive regulation of apoptotic signaling pathway [GO:2001235]; positive regulation of circadian sleep/wake cycle, sleep [GO:0045938]; positive regulation of ERK1 and ERK2 cascade [GO:0070374]; positive regulation of glutamate secretion [GO:0014049]; positive regulation of long-term synaptic potentiation [GO:1900273]; positive regulation of protein secretion [GO:0050714]; positive regulation of synaptic transmission, GABAergic [GO:0032230]; positive regulation of synaptic transmission, glutamatergic [GO:0051968]; positive regulation of urine volume [GO:0035810]; prepulse inhibition [GO:0060134]; presynaptic modulation of chemical synaptic transmission [GO:0099171]; regulation of calcium ion transport [GO:0051924]; regulation of DNA-templated transcription [GO:0006355]; regulation of mitochondrial membrane potential [GO:0051881]; regulation of norepinephrine secretion [GO:0014061]; response to amphetamine [GO:0001975]; response to caffeine [GO:0031000]; response to purine-containing compound [GO:0014074]; response to xenobiotic stimulus [GO:0009410]; sensory perception [GO:0007600]; synaptic transmission, cholinergic [GO:0007271]; synaptic transmission, dopaminergic [GO:0001963]; synaptic transmission, glutamatergic [GO:0035249]; vasodilation [GO:0042311]",GO:0001609; GO:0001963; GO:0001973; GO:0001975; GO:0005516; GO:0005882; GO:0005886; GO:0006355; GO:0006909; GO:0006915; GO:0006954; GO:0006968; GO:0007188; GO:0007189; GO:0007200; GO:0007267; GO:0007271; GO:0007417; GO:0007596; GO:0007600; GO:0007626; GO:0008015; GO:0008285; GO:0008289; GO:0009410; GO:0014049; GO:0014057; GO:0014061; GO:0014074; GO:0016020; GO:0019899; GO:0030425; GO:0030673; GO:0031000; GO:0031802; GO:0032230; GO:0032279; GO:0035249; GO:0035810; GO:0042311; GO:0042734; GO:0042755; GO:0042802; GO:0043025; GO:0043116; GO:0043524; GO:0044877; GO:0045211; GO:0045938; GO:0046636; GO:0048143; GO:0048786; GO:0048812; GO:0050714; GO:0050728; GO:0051393; GO:0051881; GO:0051899; GO:0051924; GO:0051968; GO:0060079; GO:0060080; GO:0060134; GO:0070374; GO:0097190; GO:0098978; GO:0099171; GO:1900273; GO:2001235,asymmetric synapse [GO:0032279]; axolemma [GO:0030673]; dendrite [GO:0030425]; glutamatergic synapse [GO:0098978]; intermediate filament [GO:0005882]; membrane [GO:0016020]; neuronal cell body [GO:0043025]; plasma membrane [GO:0005886]; postsynaptic membrane [GO:0045211]; presynaptic active zone [GO:0048786]; presynaptic membrane [GO:0042734],alpha-actinin binding [GO:0051393]; calmodulin binding [GO:0005516]; enzyme binding [GO:0019899]; G protein-coupled adenosine receptor activity [GO:0001609]; identical protein binding [GO:0042802]; lipid binding [GO:0008289]; protein-containing complex binding [GO:0044877]; type 5 metabotropic glutamate receptor binding [GO:0031802],Adenosine receptor A2a
Pocillopora_acuta_HIv2___RNAseq.g21762.t1,SLC,,Q7ZWG6,7.7e-74,Proton-coupled folate transporter (Solute carrier family 46 member 1),transmembrane transport [GO:0055085],GO:0005542; GO:0005768; GO:0005886; GO:0010008; GO:0015293; GO:0015350; GO:0016323; GO:0016324; GO:0022857; GO:0055085,apical plasma membrane [GO:0016324]; basolateral plasma membrane [GO:0016323]; endosome [GO:0005768]; endosome membrane [GO:0010008]; plasma membrane [GO:0005886],folic acid binding [GO:0005542]; methotrexate transmembrane transporter activity [GO:0015350]; symporter activity [GO:0015293]; transmembrane transporter activity [GO:0022857],Proton-coupled folate transporter
Pocillopora_acuta_HIv2___RNAseq.g21763.t1,SLC,,Q7ZWG6,4.78e-61,Proton-coupled folate transporter (Solute carrier family 46 member 1),transmembrane transport [GO:0055085],GO:0005542; GO:0005768; GO:0005886; GO:0010008; GO:0015293; GO:0015350; GO:0016323; GO:0016324; GO:0022857; GO:0055085,apical plasma membrane [GO:0016324]; basolateral plasma membrane [GO:0016323]; endosome [GO:0005768]; endosome membrane [GO:0010008]; plasma membrane [GO:0005886],folic acid binding [GO:0005542]; methotrexate transmembrane transporter activity [GO:0015350]; symporter activity [GO:0015293]; transmembrane transporter activity [GO:0022857],Proton-coupled folate transporter
Pocillopora_acuta_HIv2___RNAseq.g22061.t1,calcium,,P29274,1.79e-17,Adenosine receptor A2a,"adenylate cyclase-activating G protein-coupled receptor signaling pathway [GO:0007189]; adenylate cyclase-modulating G protein-coupled receptor signaling pathway [GO:0007188]; apoptotic process [GO:0006915]; apoptotic signaling pathway [GO:0097190]; astrocyte activation [GO:0048143]; blood circulation [GO:0008015]; blood coagulation [GO:0007596]; cell-cell signaling [GO:0007267]; cellular defense response [GO:0006968]; central nervous system development [GO:0007417]; eating behavior [GO:0042755]; excitatory postsynaptic potential [GO:0060079]; G protein-coupled adenosine receptor signaling pathway [GO:0001973]; inflammatory response [GO:0006954]; inhibitory postsynaptic potential [GO:0060080]; locomotory behavior [GO:0007626]; membrane depolarization [GO:0051899]; negative regulation of alpha-beta T cell activation [GO:0046636]; negative regulation of cell population proliferation [GO:0008285]; negative regulation of inflammatory response [GO:0050728]; negative regulation of neuron apoptotic process [GO:0043524]; negative regulation of vascular permeability [GO:0043116]; neuron projection morphogenesis [GO:0048812]; phagocytosis [GO:0006909]; phospholipase C-activating G protein-coupled receptor signaling pathway [GO:0007200]; positive regulation of acetylcholine secretion, neurotransmission [GO:0014057]; positive regulation of apoptotic signaling pathway [GO:2001235]; positive regulation of circadian sleep/wake cycle, sleep [GO:0045938]; positive regulation of ERK1 and ERK2 cascade [GO:0070374]; positive regulation of glutamate secretion [GO:0014049]; positive regulation of long-term synaptic potentiation [GO:1900273]; positive regulation of protein secretion [GO:0050714]; positive regulation of synaptic transmission, GABAergic [GO:0032230]; positive regulation of synaptic transmission, glutamatergic [GO:0051968]; positive regulation of urine volume [GO:0035810]; prepulse inhibition [GO:0060134]; presynaptic modulation of chemical synaptic transmission [GO:0099171]; regulation of calcium ion transport [GO:0051924]; regulation of DNA-templated transcription [GO:0006355]; regulation of mitochondrial membrane potential [GO:0051881]; regulation of norepinephrine secretion [GO:0014061]; response to amphetamine [GO:0001975]; response to caffeine [GO:0031000]; response to purine-containing compound [GO:0014074]; response to xenobiotic stimulus [GO:0009410]; sensory perception [GO:0007600]; synaptic transmission, cholinergic [GO:0007271]; synaptic transmission, dopaminergic [GO:0001963]; synaptic transmission, glutamatergic [GO:0035249]; vasodilation [GO:0042311]",GO:0001609; GO:0001963; GO:0001973; GO:0001975; GO:0005516; GO:0005882; GO:0005886; GO:0006355; GO:0006909; GO:0006915; GO:0006954; GO:0006968; GO:0007188; GO:0007189; GO:0007200; GO:0007267; GO:0007271; GO:0007417; GO:0007596; GO:0007600; GO:0007626; GO:0008015; GO:0008285; GO:0008289; GO:0009410; GO:0014049; GO:0014057; GO:0014061; GO:0014074; GO:0016020; GO:0019899; GO:0030425; GO:0030673; GO:0031000; GO:0031802; GO:0032230; GO:0032279; GO:0035249; GO:0035810; GO:0042311; GO:0042734; GO:0042755; GO:0042802; GO:0043025; GO:0043116; GO:0043524; GO:0044877; GO:0045211; GO:0045938; GO:0046636; GO:0048143; GO:0048786; GO:0048812; GO:0050714; GO:0050728; GO:0051393; GO:0051881; GO:0051899; GO:0051924; GO:0051968; GO:0060079; GO:0060080; GO:0060134; GO:0070374; GO:0097190; GO:0098978; GO:0099171; GO:1900273; GO:2001235,asymmetric synapse [GO:0032279]; axolemma [GO:0030673]; dendrite [GO:0030425]; glutamatergic synapse [GO:0098978]; intermediate filament [GO:0005882]; membrane [GO:0016020]; neuronal cell body [GO:0043025]; plasma membrane [GO:0005886]; postsynaptic membrane [GO:0045211]; presynaptic active zone [GO:0048786]; presynaptic membrane [GO:0042734],alpha-actinin binding [GO:0051393]; calmodulin binding [GO:0005516]; enzyme binding [GO:0019899]; G protein-coupled adenosine receptor activity [GO:0001609]; identical protein binding [GO:0042802]; lipid binding [GO:0008289]; protein-containing complex binding [GO:0044877]; type 5 metabotropic glutamate receptor binding [GO:0031802],Adenosine receptor A2a
Pocillopora_acuta_HIv2___RNAseq.g22088.t1,SLC,,Q7T292,3.39e-120,Mitoferrin-2 (Mitochondrial iron transporter 2) (Solute carrier family 25 member 28),iron import into the mitochondrion [GO:0048250],GO:0005743; GO:0015093; GO:0031966; GO:0048250,mitochondrial inner membrane [GO:0005743]; mitochondrial membrane [GO:0031966],ferrous iron transmembrane transporter activity [GO:0015093],Mitoferrin-2
Pocillopora_acuta_HIv2___RNAseq.g22224.t1,SLC,,O43808,2.77e-114,Peroxisomal membrane protein PMP34 (34 kDa peroxisomal membrane protein) (Solute carrier family 25 member 17),ATP transport [GO:0015867]; fatty acid alpha-oxidation [GO:0001561]; fatty acid beta-oxidation [GO:0006635]; fatty acid transport [GO:0015908]; nucleotide transmembrane transport [GO:1901679],GO:0000295; GO:0001561; GO:0005347; GO:0005777; GO:0005778; GO:0005829; GO:0006635; GO:0015217; GO:0015228; GO:0015230; GO:0015297; GO:0015867; GO:0015908; GO:0016020; GO:0044610; GO:0051087; GO:0051724; GO:0080122; GO:1901679,cytosol [GO:0005829]; membrane [GO:0016020]; peroxisomal membrane [GO:0005778]; peroxisome [GO:0005777],adenine nucleotide transmembrane transporter activity [GO:0000295]; ADP transmembrane transporter activity [GO:0015217]; AMP transmembrane transporter activity [GO:0080122]; antiporter activity [GO:0015297]; ATP transmembrane transporter activity [GO:0005347]; coenzyme A transmembrane transporter activity [GO:0015228]; FAD transmembrane transporter activity [GO:0015230]; FMN transmembrane transporter activity [GO:0044610]; NAD transmembrane transporter activity [GO:0051724]; protein-folding chaperone binding [GO:0051087],Peroxisomal membrane protein PMP34
Pocillopora_acuta_HIv2___RNAseq.g22289.t1,Bhattacharya2016,KCNA3,P22739,2.19e-160,Potassium voltage-gated channel subfamily A member 2 (Voltage-gated potassium channel subunit Kv1.2) (xSHA2),action potential [GO:0001508]; neuronal action potential [GO:0019228]; potassium ion transmembrane transport [GO:0071805]; protein homooligomerization [GO:0051260],GO:0001508; GO:0005249; GO:0005251; GO:0005886; GO:0008076; GO:0016020; GO:0019228; GO:0030425; GO:0043679; GO:0044224; GO:0051260; GO:0071805,axon terminus [GO:0043679]; dendrite [GO:0030425]; juxtaparanode region of axon [GO:0044224]; membrane [GO:0016020]; plasma membrane [GO:0005886]; voltage-gated potassium channel complex [GO:0008076],delayed rectifier potassium channel activity [GO:0005251]; voltage-gated potassium channel activity [GO:0005249],KCNA3
Pocillopora_acuta_HIv2___RNAseq.g22306.t1,SLC,,A6QQL0,8.53e-58,Solute carrier family 15 member 4 (Peptide/histidine transporter 1),"dipeptide import across plasma membrane [GO:0140206]; histidine transport [GO:0015817]; innate immune response [GO:0045087]; L-histidine transmembrane export from vacuole [GO:0089708]; mast cell homeostasis [GO:0033023]; peptidoglycan transport [GO:0015835]; positive regulation of innate immune response [GO:0045089]; positive regulation of nucleotide-binding oligomerization domain containing 1 signaling pathway [GO:0070430]; positive regulation of nucleotide-binding oligomerization domain containing 2 signaling pathway [GO:0070434]; positive regulation of toll-like receptor 7 signaling pathway [GO:0034157]; positive regulation of toll-like receptor 8 signaling pathway [GO:0034161]; positive regulation of toll-like receptor 9 signaling pathway [GO:0034165]; protein transport [GO:0015031]; regulation of isotype switching to IgG isotypes [GO:0048302]; regulation of nucleotide-binding domain, leucine rich repeat containing receptor signaling pathway [GO:0070424]",GO:0005290; GO:0005765; GO:0015031; GO:0015333; GO:0015647; GO:0015817; GO:0015835; GO:0016020; GO:0031901; GO:0033023; GO:0034157; GO:0034161; GO:0034165; GO:0036020; GO:0045087; GO:0045089; GO:0048302; GO:0070424; GO:0070430; GO:0070434; GO:0071916; GO:0089708; GO:0140206,early endosome membrane [GO:0031901]; endolysosome membrane [GO:0036020]; lysosomal membrane [GO:0005765]; membrane [GO:0016020],dipeptide transmembrane transporter activity [GO:0071916]; L-histidine transmembrane transporter activity [GO:0005290]; peptide:proton symporter activity [GO:0015333]; peptidoglycan transmembrane transporter activity [GO:0015647],Solute carrier family 15 member 4
Pocillopora_acuta_HIv2___RNAseq.g22313.t1,SLC,,A6QQL0,8.53e-58,Solute carrier family 15 member 4 (Peptide/histidine transporter 1),"dipeptide import across plasma membrane [GO:0140206]; histidine transport [GO:0015817]; innate immune response [GO:0045087]; L-histidine transmembrane export from vacuole [GO:0089708]; mast cell homeostasis [GO:0033023]; peptidoglycan transport [GO:0015835]; positive regulation of innate immune response [GO:0045089]; positive regulation of nucleotide-binding oligomerization domain containing 1 signaling pathway [GO:0070430]; positive regulation of nucleotide-binding oligomerization domain containing 2 signaling pathway [GO:0070434]; positive regulation of toll-like receptor 7 signaling pathway [GO:0034157]; positive regulation of toll-like receptor 8 signaling pathway [GO:0034161]; positive regulation of toll-like receptor 9 signaling pathway [GO:0034165]; protein transport [GO:0015031]; regulation of isotype switching to IgG isotypes [GO:0048302]; regulation of nucleotide-binding domain, leucine rich repeat containing receptor signaling pathway [GO:0070424]",GO:0005290; GO:0005765; GO:0015031; GO:0015333; GO:0015647; GO:0015817; GO:0015835; GO:0016020; GO:0031901; GO:0033023; GO:0034157; GO:0034161; GO:0034165; GO:0036020; GO:0045087; GO:0045089; GO:0048302; GO:0070424; GO:0070430; GO:0070434; GO:0071916; GO:0089708; GO:0140206,early endosome membrane [GO:0031901]; endolysosome membrane [GO:0036020]; lysosomal membrane [GO:0005765]; membrane [GO:0016020],dipeptide transmembrane transporter activity [GO:0071916]; L-histidine transmembrane transporter activity [GO:0005290]; peptide:proton symporter activity [GO:0015333]; peptidoglycan transmembrane transporter activity [GO:0015647],Solute carrier family 15 member 4
Pocillopora_acuta_HIv2___RNAseq.g22326.t1,SLC,,A6QQL0,8.53e-58,Solute carrier family 15 member 4 (Peptide/histidine transporter 1),"dipeptide import across plasma membrane [GO:0140206]; histidine transport [GO:0015817]; innate immune response [GO:0045087]; L-histidine transmembrane export from vacuole [GO:0089708]; mast cell homeostasis [GO:0033023]; peptidoglycan transport [GO:0015835]; positive regulation of innate immune response [GO:0045089]; positive regulation of nucleotide-binding oligomerization domain containing 1 signaling pathway [GO:0070430]; positive regulation of nucleotide-binding oligomerization domain containing 2 signaling pathway [GO:0070434]; positive regulation of toll-like receptor 7 signaling pathway [GO:0034157]; positive regulation of toll-like receptor 8 signaling pathway [GO:0034161]; positive regulation of toll-like receptor 9 signaling pathway [GO:0034165]; protein transport [GO:0015031]; regulation of isotype switching to IgG isotypes [GO:0048302]; regulation of nucleotide-binding domain, leucine rich repeat containing receptor signaling pathway [GO:0070424]",GO:0005290; GO:0005765; GO:0015031; GO:0015333; GO:0015647; GO:0015817; GO:0015835; GO:0016020; GO:0031901; GO:0033023; GO:0034157; GO:0034161; GO:0034165; GO:0036020; GO:0045087; GO:0045089; GO:0048302; GO:0070424; GO:0070430; GO:0070434; GO:0071916; GO:0089708; GO:0140206,early endosome membrane [GO:0031901]; endolysosome membrane [GO:0036020]; lysosomal membrane [GO:0005765]; membrane [GO:0016020],dipeptide transmembrane transporter activity [GO:0071916]; L-histidine transmembrane transporter activity [GO:0005290]; peptide:proton symporter activity [GO:0015333]; peptidoglycan transmembrane transporter activity [GO:0015647],Solute carrier family 15 member 4
Pocillopora_acuta_HIv2___RNAseq.g22333.t1,SLC,,Q68F72,1.97e-67,Solute carrier family 15 member 4,"dipeptide import across plasma membrane [GO:0140206]; innate immune response [GO:0045087]; mast cell homeostasis [GO:0033023]; peptidoglycan transport [GO:0015835]; positive regulation of innate immune response [GO:0045089]; positive regulation of nucleotide-binding oligomerization domain containing 1 signaling pathway [GO:0070430]; positive regulation of nucleotide-binding oligomerization domain containing 2 signaling pathway [GO:0070434]; positive regulation of toll-like receptor 7 signaling pathway [GO:0034157]; positive regulation of toll-like receptor 8 signaling pathway [GO:0034161]; positive regulation of toll-like receptor 9 signaling pathway [GO:0034165]; protein transport [GO:0015031]; regulation of isotype switching to IgG isotypes [GO:0048302]; regulation of nucleotide-binding domain, leucine rich repeat containing receptor signaling pathway [GO:0070424]",GO:0005290; GO:0005765; GO:0015031; GO:0015333; GO:0015647; GO:0015835; GO:0016020; GO:0031901; GO:0033023; GO:0034157; GO:0034161; GO:0034165; GO:0036020; GO:0045087; GO:0045089; GO:0048302; GO:0070424; GO:0070430; GO:0070434; GO:0071916; GO:0140206,early endosome membrane [GO:0031901]; endolysosome membrane [GO:0036020]; lysosomal membrane [GO:0005765]; membrane [GO:0016020],dipeptide transmembrane transporter activity [GO:0071916]; L-histidine transmembrane transporter activity [GO:0005290]; peptide:proton symporter activity [GO:0015333]; peptidoglycan transmembrane transporter activity [GO:0015647],Solute carrier family 15 member 4
Pocillopora_acuta_HIv2___RNAseq.g22374.t1,SLC,,Q7Z2H8,5.47e-111,Proton-coupled amino acid transporter 1 (Proton/amino acid transporter 1) (hPAT1) (Solute carrier family 36 member 1),alanine transport [GO:0032328]; amino acid import across plasma membrane [GO:0089718]; amino acid transport [GO:0006865]; glycine transport [GO:0015816]; L-alanine transport [GO:0015808]; monoatomic ion transport [GO:0006811]; proline transmembrane transport [GO:0035524]; proline transport [GO:0015824]; proton transmembrane transport [GO:1902600]; taurine transmembrane transport [GO:0015734],GO:0005280; GO:0005297; GO:0005765; GO:0005774; GO:0005783; GO:0005886; GO:0006811; GO:0006865; GO:0015171; GO:0015180; GO:0015187; GO:0015193; GO:0015411; GO:0015734; GO:0015808; GO:0015816; GO:0015824; GO:0016324; GO:0022858; GO:0032328; GO:0035524; GO:0089718; GO:1902600,apical plasma membrane [GO:0016324]; endoplasmic reticulum [GO:0005783]; lysosomal membrane [GO:0005765]; plasma membrane [GO:0005886]; vacuolar membrane [GO:0005774],ABC-type taurine transporter transporter activity [GO:0015411]; alanine transmembrane transporter activity [GO:0022858]; amino acid transmembrane transporter activity [GO:0015171]; amino acid:proton symporter activity [GO:0005280]; glycine transmembrane transporter activity [GO:0015187]; L-alanine transmembrane transporter activity [GO:0015180]; L-proline transmembrane transporter activity [GO:0015193]; proline:proton symporter activity [GO:0005297],Proton-coupled amino acid transporter 1
Pocillopora_acuta_HIv2___RNAseq.g22529.t1,SLC,,Q8TF71,5.34e-32,Monocarboxylate transporter 10 (MCT 10) (Aromatic amino acid transporter 1) (Solute carrier family 16 member 10) (T-type amino acid transporter 1),amino acid transport [GO:0006865]; aromatic amino acid transport [GO:0015801]; thyroid hormone generation [GO:0006590]; thyroid hormone transport [GO:0070327]; thyroid-stimulating hormone secretion [GO:0070460],GO:0005302; GO:0005886; GO:0006590; GO:0006865; GO:0015171; GO:0015173; GO:0015192; GO:0015196; GO:0015349; GO:0015801; GO:0016323; GO:0022857; GO:0030054; GO:0043231; GO:0070327; GO:0070460,basolateral plasma membrane [GO:0016323]; cell junction [GO:0030054]; intracellular membrane-bounded organelle [GO:0043231]; plasma membrane [GO:0005886],amino acid transmembrane transporter activity [GO:0015171]; aromatic amino acid transmembrane transporter activity [GO:0015173]; L-phenylalanine transmembrane transporter activity [GO:0015192]; L-tryptophan transmembrane transporter activity [GO:0015196]; L-tyrosine transmembrane transporter activity [GO:0005302]; thyroid hormone transmembrane transporter activity [GO:0015349]; transmembrane transporter activity [GO:0022857],Monocarboxylate transporter 10
Pocillopora_acuta_HIv2___RNAseq.g22530.t1,SLC,,Q91Y77,6.98e-40,Monocarboxylate transporter 10 (MCT 10) (Aromatic amino acid transporter 1) (Solute carrier family 16 member 10) (T-type amino acid transporter 1),aromatic amino acid transport [GO:0015801]; thyroid hormone generation [GO:0006590]; thyroid hormone transport [GO:0070327]; thyroid-stimulating hormone secretion [GO:0070460],GO:0005302; GO:0005886; GO:0006590; GO:0015173; GO:0015192; GO:0015196; GO:0015349; GO:0015801; GO:0016323; GO:0022857; GO:0030054; GO:0043231; GO:0070327; GO:0070460,basolateral plasma membrane [GO:0016323]; cell junction [GO:0030054]; intracellular membrane-bounded organelle [GO:0043231]; plasma membrane [GO:0005886],aromatic amino acid transmembrane transporter activity [GO:0015173]; L-phenylalanine transmembrane transporter activity [GO:0015192]; L-tryptophan transmembrane transporter activity [GO:0015196]; L-tyrosine transmembrane transporter activity [GO:0005302]; thyroid hormone transmembrane transporter activity [GO:0015349]; transmembrane transporter activity [GO:0022857],Monocarboxylate transporter 10
Pocillopora_acuta_HIv2___RNAseq.g22531.t1,SLC,,Q91Y77,1.09e-46,Monocarboxylate transporter 10 (MCT 10) (Aromatic amino acid transporter 1) (Solute carrier family 16 member 10) (T-type amino acid transporter 1),aromatic amino acid transport [GO:0015801]; thyroid hormone generation [GO:0006590]; thyroid hormone transport [GO:0070327]; thyroid-stimulating hormone secretion [GO:0070460],GO:0005302; GO:0005886; GO:0006590; GO:0015173; GO:0015192; GO:0015196; GO:0015349; GO:0015801; GO:0016323; GO:0022857; GO:0030054; GO:0043231; GO:0070327; GO:0070460,basolateral plasma membrane [GO:0016323]; cell junction [GO:0030054]; intracellular membrane-bounded organelle [GO:0043231]; plasma membrane [GO:0005886],aromatic amino acid transmembrane transporter activity [GO:0015173]; L-phenylalanine transmembrane transporter activity [GO:0015192]; L-tryptophan transmembrane transporter activity [GO:0015196]; L-tyrosine transmembrane transporter activity [GO:0005302]; thyroid hormone transmembrane transporter activity [GO:0015349]; transmembrane transporter activity [GO:0022857],Monocarboxylate transporter 10
Pocillopora_acuta_HIv2___RNAseq.g22532.t1,SLC,,Q91Y77,1.35e-34,Monocarboxylate transporter 10 (MCT 10) (Aromatic amino acid transporter 1) (Solute carrier family 16 member 10) (T-type amino acid transporter 1),aromatic amino acid transport [GO:0015801]; thyroid hormone generation [GO:0006590]; thyroid hormone transport [GO:0070327]; thyroid-stimulating hormone secretion [GO:0070460],GO:0005302; GO:0005886; GO:0006590; GO:0015173; GO:0015192; GO:0015196; GO:0015349; GO:0015801; GO:0016323; GO:0022857; GO:0030054; GO:0043231; GO:0070327; GO:0070460,basolateral plasma membrane [GO:0016323]; cell junction [GO:0030054]; intracellular membrane-bounded organelle [GO:0043231]; plasma membrane [GO:0005886],aromatic amino acid transmembrane transporter activity [GO:0015173]; L-phenylalanine transmembrane transporter activity [GO:0015192]; L-tryptophan transmembrane transporter activity [GO:0015196]; L-tyrosine transmembrane transporter activity [GO:0005302]; thyroid hormone transmembrane transporter activity [GO:0015349]; transmembrane transporter activity [GO:0022857],Monocarboxylate transporter 10
Pocillopora_acuta_HIv2___RNAseq.g22594.t1,SLC,,Q9N1R6,3.59e-133,"b(0,+)-type amino acid transporter 1 (b(0,+)AT) (4F2-LC6) (Glycoprotein-associated amino acid transporter b0,+AT1) (Solute carrier family 7 member 9)",L-cystine transport [GO:0015811]; neutral amino acid transport [GO:0015804],GO:0005886; GO:0015175; GO:0015184; GO:0015804; GO:0015811; GO:0016020; GO:0016324; GO:0031526; GO:0042605; GO:0180009,apical plasma membrane [GO:0016324]; brush border membrane [GO:0031526]; membrane [GO:0016020]; plasma membrane [GO:0005886],broad specificity neutral L-amino acid:basic L-amino acid antiporter activity [GO:0180009]; L-cystine transmembrane transporter activity [GO:0015184]; neutral L-amino acid transmembrane transporter activity [GO:0015175]; peptide antigen binding [GO:0042605],"b(0,+)-type amino acid transporter 1"
Pocillopora_acuta_HIv2___RNAseq.g22640.t1,calcium,,P41821,2.14e-7,Stretch-activated cation channel MID1 (Mating pheromone-induced death protein 2),calcium ion import across plasma membrane [GO:0098703]; calcium ion transport [GO:0006816],GO:0005262; GO:0005783; GO:0005886; GO:0006816; GO:0015275; GO:0098703,endoplasmic reticulum [GO:0005783]; plasma membrane [GO:0005886],"calcium channel activity [GO:0005262]; stretch-activated, monoatomic cation-selective, calcium channel activity [GO:0015275]",Stretch-activated cation channel MID1
Pocillopora_acuta_HIv2___RNAseq.g22644.t1,SLC,,P31597,1.73e-126,Excitatory amino acid transporter 3 (Excitatory amino-acid carrier 1) (Sodium-dependent glutamate/aspartate transporter 3) (Solute carrier family 1 member 1),chloride transmembrane transport [GO:1902476]; cysteine transport [GO:0042883]; D-aspartate import across plasma membrane [GO:0070779]; L-aspartate import across plasma membrane [GO:0140009]; L-glutamate import across plasma membrane [GO:0098712]; L-glutamate transmembrane transport [GO:0015813],GO:0005313; GO:0005314; GO:0005886; GO:0015108; GO:0015501; GO:0015813; GO:0016324; GO:0031901; GO:0031902; GO:0033229; GO:0042883; GO:0043005; GO:0045202; GO:0046872; GO:0055038; GO:0070779; GO:0098712; GO:0140009; GO:1902476,apical plasma membrane [GO:0016324]; early endosome membrane [GO:0031901]; late endosome membrane [GO:0031902]; neuron projection [GO:0043005]; plasma membrane [GO:0005886]; recycling endosome membrane [GO:0055038]; synapse [GO:0045202],chloride transmembrane transporter activity [GO:0015108]; cysteine transmembrane transporter activity [GO:0033229]; glutamate:sodium symporter activity [GO:0015501]; high-affinity L-glutamate transmembrane transporter activity [GO:0005314]; L-glutamate transmembrane transporter activity [GO:0005313]; metal ion binding [GO:0046872],Excitatory amino acid transporter 3
Pocillopora_acuta_HIv2___RNAseq.g22645.t1,SLC,,P31597,4.41e-139,Excitatory amino acid transporter 3 (Excitatory amino-acid carrier 1) (Sodium-dependent glutamate/aspartate transporter 3) (Solute carrier family 1 member 1),chloride transmembrane transport [GO:1902476]; cysteine transport [GO:0042883]; D-aspartate import across plasma membrane [GO:0070779]; L-aspartate import across plasma membrane [GO:0140009]; L-glutamate import across plasma membrane [GO:0098712]; L-glutamate transmembrane transport [GO:0015813],GO:0005313; GO:0005314; GO:0005886; GO:0015108; GO:0015501; GO:0015813; GO:0016324; GO:0031901; GO:0031902; GO:0033229; GO:0042883; GO:0043005; GO:0045202; GO:0046872; GO:0055038; GO:0070779; GO:0098712; GO:0140009; GO:1902476,apical plasma membrane [GO:0016324]; early endosome membrane [GO:0031901]; late endosome membrane [GO:0031902]; neuron projection [GO:0043005]; plasma membrane [GO:0005886]; recycling endosome membrane [GO:0055038]; synapse [GO:0045202],chloride transmembrane transporter activity [GO:0015108]; cysteine transmembrane transporter activity [GO:0033229]; glutamate:sodium symporter activity [GO:0015501]; high-affinity L-glutamate transmembrane transporter activity [GO:0005314]; L-glutamate transmembrane transporter activity [GO:0005313]; metal ion binding [GO:0046872],Excitatory amino acid transporter 3
Pocillopora_acuta_HIv2___RNAseq.g22657.t1,SLC,,P43006,8.24e-140,Excitatory amino acid transporter 2 (GLT-1) (Sodium-dependent glutamate/aspartate transporter 2) (Solute carrier family 1 member 2),adult behavior [GO:0030534]; cellular response to cocaine [GO:0071314]; D-aspartate import across plasma membrane [GO:0070779]; glutathione biosynthetic process [GO:0006750]; L-aspartate import across plasma membrane [GO:0140009]; L-glutamate import across plasma membrane [GO:0098712]; L-glutamate transmembrane transport [GO:0015813]; monoatomic anion transmembrane transport [GO:0098656]; multicellular organism growth [GO:0035264]; nervous system development [GO:0007399]; neurotransmitter reuptake [GO:0098810]; positive regulation of D-glucose import [GO:0046326]; protein homotrimerization [GO:0070207]; response to amino acid [GO:0043200]; response to light stimulus [GO:0009416]; response to wounding [GO:0009611]; response to xenobiotic stimulus [GO:0009410]; telencephalon development [GO:0021537]; visual behavior [GO:0007632],GO:0005313; GO:0005314; GO:0005886; GO:0006750; GO:0007399; GO:0007632; GO:0008509; GO:0009410; GO:0009416; GO:0009611; GO:0009986; GO:0015501; GO:0015813; GO:0016020; GO:0021537; GO:0030424; GO:0030534; GO:0030673; GO:0031982; GO:0033229; GO:0035264; GO:0042734; GO:0043200; GO:0044297; GO:0044306; GO:0045121; GO:0045202; GO:0046326; GO:0046872; GO:0070207; GO:0070779; GO:0071314; GO:0097449; GO:0098656; GO:0098712; GO:0098796; GO:0098810; GO:0098978; GO:0140009,astrocyte projection [GO:0097449]; axolemma [GO:0030673]; axon [GO:0030424]; cell body [GO:0044297]; cell surface [GO:0009986]; glutamatergic synapse [GO:0098978]; membrane [GO:0016020]; membrane protein complex [GO:0098796]; membrane raft [GO:0045121]; neuron projection terminus [GO:0044306]; plasma membrane [GO:0005886]; presynaptic membrane [GO:0042734]; synapse [GO:0045202]; vesicle [GO:0031982],cysteine transmembrane transporter activity [GO:0033229]; glutamate:sodium symporter activity [GO:0015501]; high-affinity L-glutamate transmembrane transporter activity [GO:0005314]; L-glutamate transmembrane transporter activity [GO:0005313]; metal ion binding [GO:0046872]; monoatomic anion transmembrane transporter activity [GO:0008509],Excitatory amino acid transporter 2
Pocillopora_acuta_HIv2___RNAseq.g22743.t1,SLC,,Q3U9N9,3.88e-85,Monocarboxylate transporter 10 (MCT 10) (Aromatic amino acid transporter 1) (Solute carrier family 16 member 10) (T-type amino acid transporter 1),aromatic amino acid transport [GO:0015801]; thyroid hormone generation [GO:0006590]; thyroid hormone transport [GO:0070327]; thyroid-stimulating hormone secretion [GO:0070460],GO:0005302; GO:0006590; GO:0015173; GO:0015192; GO:0015196; GO:0015349; GO:0015801; GO:0016323; GO:0030054; GO:0043231; GO:0070327; GO:0070460,basolateral plasma membrane [GO:0016323]; cell junction [GO:0030054]; intracellular membrane-bounded organelle [GO:0043231],aromatic amino acid transmembrane transporter activity [GO:0015173]; L-phenylalanine transmembrane transporter activity [GO:0015192]; L-tryptophan transmembrane transporter activity [GO:0015196]; L-tyrosine transmembrane transporter activity [GO:0005302]; thyroid hormone transmembrane transporter activity [GO:0015349],Monocarboxylate transporter 10
Pocillopora_acuta_HIv2___RNAseq.g22744.t1,SLC,,A1L1W9,1.02e-75,Monocarboxylate transporter 10 (MCT 10) (Solute carrier family 16 member 10),aromatic amino acid transport [GO:0015801]; thyroid hormone transport [GO:0070327],GO:0005302; GO:0005886; GO:0015173; GO:0015192; GO:0015196; GO:0015349; GO:0015801; GO:0016323; GO:0022857; GO:0070327,basolateral plasma membrane [GO:0016323]; plasma membrane [GO:0005886],aromatic amino acid transmembrane transporter activity [GO:0015173]; L-phenylalanine transmembrane transporter activity [GO:0015192]; L-tryptophan transmembrane transporter activity [GO:0015196]; L-tyrosine transmembrane transporter activity [GO:0005302]; thyroid hormone transmembrane transporter activity [GO:0015349]; transmembrane transporter activity [GO:0022857],Monocarboxylate transporter 10
Pocillopora_acuta_HIv2___RNAseq.g22745.t1,SLC,,A1L1W9,3.49e-81,Monocarboxylate transporter 10 (MCT 10) (Solute carrier family 16 member 10),aromatic amino acid transport [GO:0015801]; thyroid hormone transport [GO:0070327],GO:0005302; GO:0005886; GO:0015173; GO:0015192; GO:0015196; GO:0015349; GO:0015801; GO:0016323; GO:0022857; GO:0070327,basolateral plasma membrane [GO:0016323]; plasma membrane [GO:0005886],aromatic amino acid transmembrane transporter activity [GO:0015173]; L-phenylalanine transmembrane transporter activity [GO:0015192]; L-tryptophan transmembrane transporter activity [GO:0015196]; L-tyrosine transmembrane transporter activity [GO:0005302]; thyroid hormone transmembrane transporter activity [GO:0015349]; transmembrane transporter activity [GO:0022857],Monocarboxylate transporter 10
Pocillopora_acuta_HIv2___RNAseq.g22819.t1,SLC,,Q91Y77,3.33e-77,Monocarboxylate transporter 10 (MCT 10) (Aromatic amino acid transporter 1) (Solute carrier family 16 member 10) (T-type amino acid transporter 1),aromatic amino acid transport [GO:0015801]; thyroid hormone generation [GO:0006590]; thyroid hormone transport [GO:0070327]; thyroid-stimulating hormone secretion [GO:0070460],GO:0005302; GO:0005886; GO:0006590; GO:0015173; GO:0015192; GO:0015196; GO:0015349; GO:0015801; GO:0016323; GO:0022857; GO:0030054; GO:0043231; GO:0070327; GO:0070460,basolateral plasma membrane [GO:0016323]; cell junction [GO:0030054]; intracellular membrane-bounded organelle [GO:0043231]; plasma membrane [GO:0005886],aromatic amino acid transmembrane transporter activity [GO:0015173]; L-phenylalanine transmembrane transporter activity [GO:0015192]; L-tryptophan transmembrane transporter activity [GO:0015196]; L-tyrosine transmembrane transporter activity [GO:0005302]; thyroid hormone transmembrane transporter activity [GO:0015349]; transmembrane transporter activity [GO:0022857],Monocarboxylate transporter 10
Pocillopora_acuta_HIv2___RNAseq.g2284.t1,SLC,,A1L1W9,7.12e-75,Monocarboxylate transporter 10 (MCT 10) (Solute carrier family 16 member 10),aromatic amino acid transport [GO:0015801]; thyroid hormone transport [GO:0070327],GO:0005302; GO:0005886; GO:0015173; GO:0015192; GO:0015196; GO:0015349; GO:0015801; GO:0016323; GO:0022857; GO:0070327,basolateral plasma membrane [GO:0016323]; plasma membrane [GO:0005886],aromatic amino acid transmembrane transporter activity [GO:0015173]; L-phenylalanine transmembrane transporter activity [GO:0015192]; L-tryptophan transmembrane transporter activity [GO:0015196]; L-tyrosine transmembrane transporter activity [GO:0005302]; thyroid hormone transmembrane transporter activity [GO:0015349]; transmembrane transporter activity [GO:0022857],Monocarboxylate transporter 10
Pocillopora_acuta_HIv2___RNAseq.g23040.t1,SLC,,Q8TED4,2.58e-174,Glucose-6-phosphate exchanger SLC37A2 (Solute carrier family 37 member 2),glucose-6-phosphate transport [GO:0015760]; phosphate ion transmembrane transport [GO:0035435],GO:0005789; GO:0015760; GO:0035435; GO:0061513; GO:0070062,endoplasmic reticulum membrane [GO:0005789]; extracellular exosome [GO:0070062],glucose 6-phosphate:phosphate antiporter activity [GO:0061513],Glucose-6-phosphate exchanger SLC37A2
Pocillopora_acuta_HIv2___RNAseq.g23137.t1,SLC,,Q9BZV2,5.16e-117,Thiamine transporter 2 (ThTr-2) (ThTr2) (Solute carrier family 19 member 3),pyridoxine transport [GO:0031923]; thiamine diphosphate biosynthetic process [GO:0009229]; thiamine transmembrane transport [GO:0071934]; thiamine transport [GO:0015888]; thiamine-containing compound metabolic process [GO:0042723]; transmembrane transport [GO:0055085],GO:0005886; GO:0009229; GO:0015234; GO:0015888; GO:0016020; GO:0031923; GO:0042723; GO:0055085; GO:0071934,membrane [GO:0016020]; plasma membrane [GO:0005886],thiamine transmembrane transporter activity [GO:0015234],Thiamine transporter 2
Pocillopora_acuta_HIv2___RNAseq.g23143.t1,SLC,,A0A096X8J7,9.92e-23,Anion exchange protein 3 (AE 3) (Solute carrier family 4 member 3),bicarbonate transport [GO:0015701]; cardiac muscle cell action potential [GO:0086001]; regulation of intracellular pH [GO:0051453]; transmembrane transport [GO:0055085],GO:0005452; GO:0005886; GO:0008509; GO:0015701; GO:0051453; GO:0055085; GO:0086001,plasma membrane [GO:0005886],monoatomic anion transmembrane transporter activity [GO:0008509]; solute:inorganic anion antiporter activity [GO:0005452],Anion exchange protein 3
Pocillopora_acuta_HIv2___RNAseq.g23586.t1,calcium,,Q01484,4.31e-74,Ankyrin-2 (ANK-2) (Ankyrin-B) (Brain ankyrin) (Non-erythroid ankyrin),atrial cardiac muscle cell action potential [GO:0086014]; atrial cardiac muscle cell to AV node cell communication [GO:0086066]; atrial septum development [GO:0003283]; endocytosis [GO:0006897]; intracellular calcium ion homeostasis [GO:0006874]; membrane depolarization during SA node cell action potential [GO:0086046]; paranodal junction assembly [GO:0030913]; positive regulation of calcium ion transport [GO:0051928]; positive regulation of gene expression [GO:0010628]; positive regulation of potassium ion import across plasma membrane [GO:1903288]; protein localization [GO:0008104]; protein localization to cell surface [GO:0034394]; protein localization to endoplasmic reticulum [GO:0070972]; protein localization to M-band [GO:0036309]; protein localization to organelle [GO:0033365]; protein localization to plasma membrane [GO:0072659]; protein localization to T-tubule [GO:0036371]; protein stabilization [GO:0050821]; protein transport [GO:0015031]; regulation of atrial cardiac muscle cell action potential [GO:0098910]; regulation of calcium ion transport [GO:0051924]; regulation of cardiac muscle cell contraction [GO:0086004]; regulation of cardiac muscle contraction [GO:0055117]; regulation of cardiac muscle contraction by calcium ion signaling [GO:0010882]; regulation of cardiac muscle contraction by regulation of the release of sequestered calcium ion [GO:0010881]; regulation of heart rate [GO:0002027]; regulation of heart rate by cardiac conduction [GO:0086091]; regulation of protein stability [GO:0031647]; regulation of release of sequestered calcium ion into cytosol [GO:0051279]; regulation of SA node cell action potential [GO:0098907]; regulation of ventricular cardiac muscle cell membrane repolarization [GO:0060307]; response to methylmercury [GO:0051597]; SA node cell action potential [GO:0086015]; SA node cell to atrial cardiac muscle cell communication [GO:0086070]; sarcoplasmic reticulum calcium ion transport [GO:0070296]; T-tubule organization [GO:0033292]; ventricular cardiac muscle cell action potential [GO:0086005],GO:0002027; GO:0003283; GO:0005200; GO:0005739; GO:0005764; GO:0005769; GO:0005829; GO:0005856; GO:0005886; GO:0006874; GO:0006897; GO:0008093; GO:0008104; GO:0010628; GO:0010881; GO:0010882; GO:0014704; GO:0015031; GO:0016323; GO:0016324; GO:0019899; GO:0019901; GO:0030018; GO:0030315; GO:0030507; GO:0030674; GO:0030913; GO:0031430; GO:0031647; GO:0031672; GO:0033292; GO:0033365; GO:0034394; GO:0036309; GO:0036371; GO:0042383; GO:0043005; GO:0043034; GO:0044325; GO:0045211; GO:0050821; GO:0051117; GO:0051279; GO:0051597; GO:0051924; GO:0051928; GO:0055037; GO:0055117; GO:0060307; GO:0070296; GO:0070972; GO:0072659; GO:0086004; GO:0086005; GO:0086014; GO:0086015; GO:0086046; GO:0086066; GO:0086070; GO:0086091; GO:0098907; GO:0098910; GO:0099103; GO:0099104; GO:0140031; GO:1903288,A band [GO:0031672]; apical plasma membrane [GO:0016324]; basolateral plasma membrane [GO:0016323]; costamere [GO:0043034]; cytoskeleton [GO:0005856]; cytosol [GO:0005829]; early endosome [GO:0005769]; intercalated disc [GO:0014704]; lysosome [GO:0005764]; M band [GO:0031430]; mitochondrion [GO:0005739]; neuron projection [GO:0043005]; plasma membrane [GO:0005886]; postsynaptic membrane [GO:0045211]; recycling endosome [GO:0055037]; sarcolemma [GO:0042383]; T-tubule [GO:0030315]; Z disc [GO:0030018],ATPase binding [GO:0051117]; channel activator activity [GO:0099103]; cytoskeletal anchor activity [GO:0008093]; enzyme binding [GO:0019899]; phosphorylation-dependent protein binding [GO:0140031]; potassium channel activator activity [GO:0099104]; protein kinase binding [GO:0019901]; protein-macromolecule adaptor activity [GO:0030674]; spectrin binding [GO:0030507]; structural constituent of cytoskeleton [GO:0005200]; transmembrane transporter binding [GO:0044325],Ankyrin-2
Pocillopora_acuta_HIv2___RNAseq.g23588.t1,calcium,,Q01484,3.69e-69,Ankyrin-2 (ANK-2) (Ankyrin-B) (Brain ankyrin) (Non-erythroid ankyrin),atrial cardiac muscle cell action potential [GO:0086014]; atrial cardiac muscle cell to AV node cell communication [GO:0086066]; atrial septum development [GO:0003283]; endocytosis [GO:0006897]; intracellular calcium ion homeostasis [GO:0006874]; membrane depolarization during SA node cell action potential [GO:0086046]; paranodal junction assembly [GO:0030913]; positive regulation of calcium ion transport [GO:0051928]; positive regulation of gene expression [GO:0010628]; positive regulation of potassium ion import across plasma membrane [GO:1903288]; protein localization [GO:0008104]; protein localization to cell surface [GO:0034394]; protein localization to endoplasmic reticulum [GO:0070972]; protein localization to M-band [GO:0036309]; protein localization to organelle [GO:0033365]; protein localization to plasma membrane [GO:0072659]; protein localization to T-tubule [GO:0036371]; protein stabilization [GO:0050821]; protein transport [GO:0015031]; regulation of atrial cardiac muscle cell action potential [GO:0098910]; regulation of calcium ion transport [GO:0051924]; regulation of cardiac muscle cell contraction [GO:0086004]; regulation of cardiac muscle contraction [GO:0055117]; regulation of cardiac muscle contraction by calcium ion signaling [GO:0010882]; regulation of cardiac muscle contraction by regulation of the release of sequestered calcium ion [GO:0010881]; regulation of heart rate [GO:0002027]; regulation of heart rate by cardiac conduction [GO:0086091]; regulation of protein stability [GO:0031647]; regulation of release of sequestered calcium ion into cytosol [GO:0051279]; regulation of SA node cell action potential [GO:0098907]; regulation of ventricular cardiac muscle cell membrane repolarization [GO:0060307]; response to methylmercury [GO:0051597]; SA node cell action potential [GO:0086015]; SA node cell to atrial cardiac muscle cell communication [GO:0086070]; sarcoplasmic reticulum calcium ion transport [GO:0070296]; T-tubule organization [GO:0033292]; ventricular cardiac muscle cell action potential [GO:0086005],GO:0002027; GO:0003283; GO:0005200; GO:0005739; GO:0005764; GO:0005769; GO:0005829; GO:0005856; GO:0005886; GO:0006874; GO:0006897; GO:0008093; GO:0008104; GO:0010628; GO:0010881; GO:0010882; GO:0014704; GO:0015031; GO:0016323; GO:0016324; GO:0019899; GO:0019901; GO:0030018; GO:0030315; GO:0030507; GO:0030674; GO:0030913; GO:0031430; GO:0031647; GO:0031672; GO:0033292; GO:0033365; GO:0034394; GO:0036309; GO:0036371; GO:0042383; GO:0043005; GO:0043034; GO:0044325; GO:0045211; GO:0050821; GO:0051117; GO:0051279; GO:0051597; GO:0051924; GO:0051928; GO:0055037; GO:0055117; GO:0060307; GO:0070296; GO:0070972; GO:0072659; GO:0086004; GO:0086005; GO:0086014; GO:0086015; GO:0086046; GO:0086066; GO:0086070; GO:0086091; GO:0098907; GO:0098910; GO:0099103; GO:0099104; GO:0140031; GO:1903288,A band [GO:0031672]; apical plasma membrane [GO:0016324]; basolateral plasma membrane [GO:0016323]; costamere [GO:0043034]; cytoskeleton [GO:0005856]; cytosol [GO:0005829]; early endosome [GO:0005769]; intercalated disc [GO:0014704]; lysosome [GO:0005764]; M band [GO:0031430]; mitochondrion [GO:0005739]; neuron projection [GO:0043005]; plasma membrane [GO:0005886]; postsynaptic membrane [GO:0045211]; recycling endosome [GO:0055037]; sarcolemma [GO:0042383]; T-tubule [GO:0030315]; Z disc [GO:0030018],ATPase binding [GO:0051117]; channel activator activity [GO:0099103]; cytoskeletal anchor activity [GO:0008093]; enzyme binding [GO:0019899]; phosphorylation-dependent protein binding [GO:0140031]; potassium channel activator activity [GO:0099104]; protein kinase binding [GO:0019901]; protein-macromolecule adaptor activity [GO:0030674]; spectrin binding [GO:0030507]; structural constituent of cytoskeleton [GO:0005200]; transmembrane transporter binding [GO:0044325],Ankyrin-2
Pocillopora_acuta_HIv2___RNAseq.g23614.t1,calcium,,O08852,1.01e-11,Polycystin-1 (Autosomal dominant polycystic kidney disease 1 protein homolog),blood vessel development [GO:0001568]; branching involved in lymph vessel morphogenesis [GO:0060854]; branching morphogenesis of an epithelial tube [GO:0048754]; calcium ion transmembrane transport [GO:0070588]; calcium ion transport [GO:0006816]; cartilage condensation [GO:0001502]; cell surface receptor signaling pathway via JAK-STAT [GO:0007259]; cell-cell adhesion [GO:0098609]; detection of mechanical stimulus [GO:0050982]; digestive tract development [GO:0048565]; embryonic placenta development [GO:0001892]; establishment of cell polarity [GO:0030010]; genitalia development [GO:0048806]; heart development [GO:0007507]; in utero embryonic development [GO:0001701]; kidney development [GO:0001822]; liver development [GO:0001889]; lung epithelium development [GO:0060428]; lymph vessel morphogenesis [GO:0036303]; mesonephric duct development [GO:0072177]; metanephric ascending thin limb development [GO:0072218]; metanephric collecting duct development [GO:0072205]; metanephric distal tubule morphogenesis [GO:0072287]; metanephric proximal tubule development [GO:0072237]; mitocytosis [GO:0160040]; neural tube development [GO:0021915]; nitrogen cycle metabolic process [GO:0071941]; peptidyl-serine phosphorylation [GO:0018105]; placenta blood vessel development [GO:0060674]; positive regulation of cytosolic calcium ion concentration [GO:0007204]; positive regulation of transcription by RNA polymerase II [GO:0045944]; protein export from nucleus [GO:0006611]; protein heterotetramerization [GO:0051290]; regulation of cell adhesion [GO:0030155]; regulation of cell cycle [GO:0051726]; regulation of G1/S transition of mitotic cell cycle [GO:2000045]; regulation of mitotic spindle organization [GO:0060236]; regulation of proteasomal protein catabolic process [GO:0061136]; response to fluid shear stress [GO:0034405]; skin development [GO:0043588]; spinal cord development [GO:0021510]; Wnt signaling pathway [GO:0016055],GO:0001502; GO:0001568; GO:0001701; GO:0001822; GO:0001889; GO:0001892; GO:0002133; GO:0005261; GO:0005262; GO:0005634; GO:0005737; GO:0005783; GO:0005794; GO:0005886; GO:0005929; GO:0006611; GO:0006816; GO:0007204; GO:0007259; GO:0007507; GO:0009986; GO:0016020; GO:0016055; GO:0016323; GO:0016328; GO:0018105; GO:0019901; GO:0019904; GO:0021510; GO:0021915; GO:0030010; GO:0030155; GO:0030246; GO:0031514; GO:0034405; GO:0034703; GO:0034704; GO:0036303; GO:0042813; GO:0043588; GO:0044325; GO:0045944; GO:0048565; GO:0048754; GO:0048806; GO:0050982; GO:0051290; GO:0051726; GO:0060236; GO:0060428; GO:0060674; GO:0060854; GO:0061136; GO:0070062; GO:0070588; GO:0071941; GO:0072177; GO:0072205; GO:0072218; GO:0072237; GO:0072287; GO:0098609; GO:0140416; GO:0140494; GO:0160040; GO:2000045,basolateral plasma membrane [GO:0016323]; calcium channel complex [GO:0034704]; cation channel complex [GO:0034703]; cell surface [GO:0009986]; cilium [GO:0005929]; cytoplasm [GO:0005737]; endoplasmic reticulum [GO:0005783]; extracellular exosome [GO:0070062]; Golgi apparatus [GO:0005794]; lateral plasma membrane [GO:0016328]; membrane [GO:0016020]; migrasome [GO:0140494]; motile cilium [GO:0031514]; nucleus [GO:0005634]; plasma membrane [GO:0005886]; polycystin complex [GO:0002133],calcium channel activity [GO:0005262]; carbohydrate binding [GO:0030246]; monoatomic cation channel activity [GO:0005261]; protein domain specific binding [GO:0019904]; protein kinase binding [GO:0019901]; transcription regulator inhibitor activity [GO:0140416]; transmembrane transporter binding [GO:0044325]; Wnt receptor activity [GO:0042813],Polycystin-1
Pocillopora_acuta_HIv2___RNAseq.g2368.t1a,SLC,,O77592,5.32e-144,UDP-N-acetylglucosamine transporter (Golgi UDP-GlcNAc transporter) (Solute carrier family 35 member A3),transmembrane transport [GO:0055085]; UDP-N-acetylglucosamine transmembrane transport [GO:1990569],GO:0000139; GO:0005459; GO:0005794; GO:0055085; GO:1990569,Golgi apparatus [GO:0005794]; Golgi membrane [GO:0000139],UDP-galactose transmembrane transporter activity [GO:0005459],UDP-N-acetylglucosamine transporter
Pocillopora_acuta_HIv2___RNAseq.g2373.t1,SLC,,Q95KB4,2.46e-133,Nucleotide sugar transporter SLC35B4 (Solute carrier family 35 member B4) (UDP-xylose and UDP-N-acetylglucosamine transporter),,GO:0000139; GO:0005462; GO:0005464; GO:0005789,endoplasmic reticulum membrane [GO:0005789]; Golgi membrane [GO:0000139],UDP-N-acetylglucosamine transmembrane transporter activity [GO:0005462]; UDP-xylose transmembrane transporter activity [GO:0005464],Nucleotide sugar transporter SLC35B4
Pocillopora_acuta_HIv2___RNAseq.g23817.t2,"calcium, SLC",,Q8BUN9,2.12e-74,Sodium/potassium/calcium exchanger 2 (Na(+)/K(+)/Ca(2+)-exchange protein 2) (Retinal cone Na-Ca+K exchanger) (Solute carrier family 24 member 2),calcium ion import across plasma membrane [GO:0098703]; calcium ion transport [GO:0006816]; cellular response to high light intensity [GO:0071486]; cone photoresponse recovery [GO:0036368]; establishment of localization in cell [GO:0051649]; intracellular calcium ion homeostasis [GO:0006874]; learning [GO:0007612]; long-term synaptic depression [GO:0060292]; long-term synaptic potentiation [GO:0060291]; memory [GO:0007613]; monoatomic ion transmembrane transport [GO:0034220]; neuron cellular homeostasis [GO:0070050]; phototransduction [GO:0007602],GO:0005262; GO:0005886; GO:0006816; GO:0006874; GO:0007602; GO:0007612; GO:0007613; GO:0008273; GO:0015293; GO:0016020; GO:0034220; GO:0036368; GO:0051649; GO:0060291; GO:0060292; GO:0070050; GO:0071486; GO:0098703; GO:0098793; GO:0098794,membrane [GO:0016020]; plasma membrane [GO:0005886]; postsynapse [GO:0098794]; presynapse [GO:0098793],"calcium channel activity [GO:0005262]; calcium, potassium:sodium antiporter activity [GO:0008273]; symporter activity [GO:0015293]",Sodium/potassium/calcium exchanger 2
Pocillopora_acuta_HIv2___RNAseq.g23880.t1,calcium,,Q6PDJ1,2.16e-165,VWFA and cache domain-containing protein 1 (Cache domain-containing protein 1),calcium ion transport [GO:0006816],GO:0006816; GO:0016020,membrane [GO:0016020],,VWFA and cache domain-containing protein 1
Pocillopora_acuta_HIv2___RNAseq.g23881.t1,calcium,,Q6PDJ1,1.18e-172,VWFA and cache domain-containing protein 1 (Cache domain-containing protein 1),calcium ion transport [GO:0006816],GO:0006816; GO:0016020,membrane [GO:0016020],,VWFA and cache domain-containing protein 1
Pocillopora_acuta_HIv2___RNAseq.g23882.t1,calcium,,Q6PDJ1,8.64e-172,VWFA and cache domain-containing protein 1 (Cache domain-containing protein 1),calcium ion transport [GO:0006816],GO:0006816; GO:0016020,membrane [GO:0016020],,VWFA and cache domain-containing protein 1
Pocillopora_acuta_HIv2___RNAseq.g23930.t1,Bhattacharya2016,KCNK1,G3V8R8,1.82e-55,Potassium channel subfamily K member 6,negative regulation of systemic arterial blood pressure [GO:0003085]; positive regulation of NLRP3 inflammasome complex assembly [GO:1900227]; potassium ion transmembrane transport [GO:0071805]; regulation of lysosome size [GO:0062196]; regulation of resting membrane potential [GO:0060075]; regulation of systemic arterial blood pressure [GO:0003073],GO:0003073; GO:0003085; GO:0005267; GO:0005765; GO:0005886; GO:0015271; GO:0022841; GO:0031902; GO:0046872; GO:0060075; GO:0062196; GO:0071805; GO:1900227,late endosome membrane [GO:0031902]; lysosomal membrane [GO:0005765]; plasma membrane [GO:0005886],metal ion binding [GO:0046872]; outward rectifier potassium channel activity [GO:0015271]; potassium channel activity [GO:0005267]; potassium ion leak channel activity [GO:0022841],KCNK1
Pocillopora_acuta_HIv2___RNAseq.g23939.t1,SLC,,Q54BM3,2.34e-79,Mitochondrial substrate carrier family protein G (Solute carrier family 25 member 20 homolog A),,GO:0005743; GO:0022857,mitochondrial inner membrane [GO:0005743],transmembrane transporter activity [GO:0022857],Mitochondrial substrate carrier family protein G
Pocillopora_acuta_HIv2___RNAseq.g24001.t1a,SLC,,A4IHW3,4.44e-72,Probable UDP-sugar transporter protein SLC35A4 (Solute carrier family 35 member A4),,GO:0000139; GO:0005794; GO:0015165,Golgi apparatus [GO:0005794]; Golgi membrane [GO:0000139],pyrimidine nucleotide-sugar transmembrane transporter activity [GO:0015165],Probable UDP-sugar transporter protein SLC35A4
Pocillopora_acuta_HIv2___RNAseq.g24563.t1,SLC,,Q2YDD4,4.4e-145,Zinc transporter ZIP11 (Solute carrier family 39 member 11) (Zrt- and Irt-like protein 11) (ZIP-11),zinc ion transmembrane transport [GO:0071577],GO:0005375; GO:0005385; GO:0005634; GO:0005737; GO:0005794; GO:0005886; GO:0016020; GO:0071577,cytoplasm [GO:0005737]; Golgi apparatus [GO:0005794]; membrane [GO:0016020]; nucleus [GO:0005634]; plasma membrane [GO:0005886],copper ion transmembrane transporter activity [GO:0005375]; zinc ion transmembrane transporter activity [GO:0005385],Zinc transporter ZIP11
Pocillopora_acuta_HIv2___RNAseq.g24629.t1,ER_calcium,,Q86VP3,9.31e-178,Phosphofurin acidic cluster sorting protein 2 (PACS-2) (PACS1-like protein),apoptotic process [GO:0006915]; autophagosome assembly [GO:0000045]; endoplasmic reticulum calcium ion homeostasis [GO:0032469]; mitochondrion-endoplasmic reticulum membrane tethering [GO:1990456]; protein localization to phagophore assembly site [GO:0034497]; protein localization to plasma membrane [GO:0072659],GO:0000045; GO:0005739; GO:0005783; GO:0006915; GO:0032469; GO:0034497; GO:0044325; GO:0072659; GO:1990456,endoplasmic reticulum [GO:0005783]; mitochondrion [GO:0005739],transmembrane transporter binding [GO:0044325],Phosphofurin acidic cluster sorting protein 2
Pocillopora_acuta_HIv2___RNAseq.g24639.t1,"calcium, SLC, Sodium_calcium_exchanger",,Q01728,0,Sodium/calcium exchanger 1 (Na(+)/Ca(2+)-exchange protein 1) (Solute carrier family 8 member 1),calcium ion export [GO:1901660]; calcium ion homeostasis [GO:0055074]; calcium ion import [GO:0070509]; calcium ion import across plasma membrane [GO:0098703]; calcium ion transmembrane transport [GO:0070588]; calcium ion transport [GO:0006816]; calcium ion transport into cytosol [GO:0060402]; cardiac muscle cell development [GO:0055013]; cardiac muscle contraction [GO:0060048]; cell communication by electrical coupling involved in cardiac conduction [GO:0086064]; cellular response to caffeine [GO:0071313]; cellular response to cAMP [GO:0071320]; cellular response to hypoxia [GO:0071456]; cellular response to reactive oxygen species [GO:0034614]; embryonic heart tube development [GO:0035050]; embryonic placenta development [GO:0001892]; heart morphogenesis [GO:0003007]; intracellular calcium ion homeostasis [GO:0006874]; intracellular sodium ion homeostasis [GO:0006883]; muscle cell development [GO:0055001]; negative regulation of cytosolic calcium ion concentration [GO:0051481]; positive regulation of bone mineralization [GO:0030501]; positive regulation of cytosolic calcium ion concentration [GO:0007204]; positive regulation of fibroblast migration [GO:0010763]; positive regulation of the force of heart contraction [GO:0098735]; post-embryonic development [GO:0009791]; regulation of calcium ion transport [GO:0051924]; regulation of cardiac muscle contraction by regulation of the release of sequestered calcium ion [GO:0010881]; regulation of gene expression [GO:0010468]; regulation of heart rate [GO:0002027]; regulation of sodium ion transport [GO:0002028]; regulation of the force of heart contraction [GO:0002026]; relaxation of smooth muscle [GO:0044557]; response to ATP [GO:0033198]; response to glucose [GO:0009749]; response to hydrogen peroxide [GO:0042542]; response to hypoxia [GO:0001666]; response to immobilization stress [GO:0035902]; response to muscle stretch [GO:0035994]; response to nutrient [GO:0007584]; response to xenobiotic stimulus [GO:0009410]; sodium ion export across plasma membrane [GO:0036376]; sodium ion import across plasma membrane [GO:0098719]; sodium ion transmembrane transport [GO:0035725]; sodium ion transport [GO:0006814]; telencephalon development [GO:0021537]; vascular associated smooth muscle contraction [GO:0014829],GO:0001666; GO:0001892; GO:0002026; GO:0002027; GO:0002028; GO:0003007; GO:0005432; GO:0005509; GO:0005516; GO:0005874; GO:0005886; GO:0006814; GO:0006816; GO:0006874; GO:0006883; GO:0007204; GO:0007584; GO:0008092; GO:0009410; GO:0009749; GO:0009791; GO:0010468; GO:0010763; GO:0010881; GO:0014069; GO:0014704; GO:0014829; GO:0016020; GO:0016323; GO:0021537; GO:0030018; GO:0030315; GO:0030424; GO:0030425; GO:0030501; GO:0030506; GO:0033198; GO:0034614; GO:0035050; GO:0035725; GO:0035902; GO:0035994; GO:0036376; GO:0042383; GO:0042542; GO:0042995; GO:0043025; GO:0043197; GO:0043198; GO:0043679; GO:0044325; GO:0044557; GO:0045202; GO:0045211; GO:0051481; GO:0051924; GO:0055001; GO:0055013; GO:0055074; GO:0060048; GO:0060402; GO:0070509; GO:0070588; GO:0071313; GO:0071320; GO:0071456; GO:0071944; GO:0086064; GO:0098703; GO:0098719; GO:0098735; GO:0098794; GO:1901660; GO:1905060,axon [GO:0030424]; axon terminus [GO:0043679]; basolateral plasma membrane [GO:0016323]; cell periphery [GO:0071944]; cell projection [GO:0042995]; dendrite [GO:0030425]; dendritic shaft [GO:0043198]; dendritic spine [GO:0043197]; intercalated disc [GO:0014704]; membrane [GO:0016020]; microtubule [GO:0005874]; neuronal cell body [GO:0043025]; plasma membrane [GO:0005886]; postsynapse [GO:0098794]; postsynaptic density [GO:0014069]; postsynaptic membrane [GO:0045211]; sarcolemma [GO:0042383]; synapse [GO:0045202]; T-tubule [GO:0030315]; Z disc [GO:0030018],ankyrin binding [GO:0030506]; calcium ion binding [GO:0005509]; calcium:monoatomic cation antiporter activity involved in regulation of postsynaptic cytosolic calcium ion concentration [GO:1905060]; calcium:sodium antiporter activity [GO:0005432]; calmodulin binding [GO:0005516]; cytoskeletal protein binding [GO:0008092]; transmembrane transporter binding [GO:0044325],Sodium/calcium exchanger 1
Pocillopora_acuta_HIv2___RNAseq.g24647.t1,SLC,,Q5F4B8,1.4e-56,Lysosomal proton-coupled steroid conjugate and bile acid symporter SLC46A3 (Solute carrier family 46 member 3),vacuolar transmembrane transport [GO:0034486],GO:0005765; GO:0015293; GO:0022857; GO:0034486,lysosomal membrane [GO:0005765],symporter activity [GO:0015293]; transmembrane transporter activity [GO:0022857],Lysosomal proton-coupled steroid conjugate and bile acid symporter SLC46A3
Pocillopora_acuta_HIv2___RNAseq.g24761.t1,calcium,,P79134,7.59e-108,Annexin A6 (Annexin VI) (Annexin-6),apoptotic signaling pathway [GO:0097190]; biomineral tissue development [GO:0031214]; calcium ion import [GO:0070509]; calcium ion transmembrane transport [GO:0070588]; calcium ion transport [GO:0006816]; growth plate cartilage chondrocyte differentiation [GO:0003418]; mitochondrial calcium ion homeostasis [GO:0051560]; negative regulation of sequestering of calcium ion [GO:0051283]; regulation of muscle contraction [GO:0006937],GO:0001725; GO:0001786; GO:0003418; GO:0005262; GO:0005509; GO:0005544; GO:0005634; GO:0005737; GO:0005886; GO:0005925; GO:0006816; GO:0006937; GO:0008201; GO:0012506; GO:0016020; GO:0019899; GO:0030061; GO:0031214; GO:0031982; GO:0035374; GO:0038024; GO:0042470; GO:0042584; GO:0048306; GO:0048471; GO:0051015; GO:0051283; GO:0051560; GO:0070509; GO:0070588; GO:0097190,chromaffin granule membrane [GO:0042584]; cytoplasm [GO:0005737]; focal adhesion [GO:0005925]; melanosome [GO:0042470]; membrane [GO:0016020]; mitochondrial crista [GO:0030061]; nucleus [GO:0005634]; perinuclear region of cytoplasm [GO:0048471]; plasma membrane [GO:0005886]; stress fiber [GO:0001725]; vesicle [GO:0031982]; vesicle membrane [GO:0012506],actin filament binding [GO:0051015]; calcium channel activity [GO:0005262]; calcium ion binding [GO:0005509]; calcium-dependent phospholipid binding [GO:0005544]; calcium-dependent protein binding [GO:0048306]; cargo receptor activity [GO:0038024]; chondroitin sulfate binding [GO:0035374]; enzyme binding [GO:0019899]; heparin binding [GO:0008201]; phosphatidylserine binding [GO:0001786],Annexin A6
Pocillopora_acuta_HIv2___RNAseq.g24922.t1,SLC,,Q9BWU0,2.44e-116,Kanadaptin (Human lung cancer oncogene 3 protein) (HLC-3) (Kidney anion exchanger adapter protein) (Solute carrier family 4 anion exchanger member 1 adapter protein),,GO:0003729; GO:0005654; GO:0005737; GO:0005886; GO:0043231,cytoplasm [GO:0005737]; intracellular membrane-bounded organelle [GO:0043231]; nucleoplasm [GO:0005654]; plasma membrane [GO:0005886],mRNA binding [GO:0003729],Kanadaptin
Pocillopora_acuta_HIv2___RNAseq.g25021.t1,TRP,,Q9QX29,4.02e-35,Short transient receptor potential channel 5 (TrpC5) (Capacitative calcium entry channel 2) (CCE2) (Transient receptor protein 5) (TRP-5) (mTRP5) (Trp-related protein 5),negative regulation of dendrite morphogenesis [GO:0050774]; neuron apoptotic process [GO:0051402]; neuron differentiation [GO:0030182]; phosphatidylserine exposure on apoptotic cell surface [GO:0070782]; positive regulation of axon extension [GO:0045773]; positive regulation of cell population proliferation [GO:0008284]; positive regulation of cytosolic calcium ion concentration [GO:0007204]; positive regulation of neuron differentiation [GO:0045666]; regulation of membrane hyperpolarization [GO:1902630],GO:0003779; GO:0005262; GO:0005886; GO:0007204; GO:0008284; GO:0030182; GO:0030276; GO:0030425; GO:0030426; GO:0034704; GO:0042805; GO:0043025; GO:0045666; GO:0045773; GO:0050774; GO:0051117; GO:0051402; GO:0070679; GO:0070782; GO:0098793; GO:1902630,calcium channel complex [GO:0034704]; dendrite [GO:0030425]; growth cone [GO:0030426]; neuronal cell body [GO:0043025]; plasma membrane [GO:0005886]; presynapse [GO:0098793],"actin binding [GO:0003779]; actinin binding [GO:0042805]; ATPase binding [GO:0051117]; calcium channel activity [GO:0005262]; clathrin binding [GO:0030276]; inositol 1,4,5 trisphosphate binding [GO:0070679]",Short transient receptor potential channel 5
Pocillopora_acuta_HIv2___RNAseq.g251.t1,SLC,,Q6P5F6,4.25e-53,Zinc transporter ZIP10 (Solute carrier family 39 member 10) (Zrt- and Irt-like protein 10) (ZIP-10),epithelial to mesenchymal transition [GO:0001837]; intracellular zinc ion homeostasis [GO:0006882]; negative regulation of B cell apoptotic process [GO:0002903]; positive regulation of B cell proliferation [GO:0030890]; positive regulation of B cell receptor signaling pathway [GO:0050861]; zinc ion import across plasma membrane [GO:0071578]; zinc ion transmembrane transport [GO:0071577],GO:0001837; GO:0002903; GO:0005385; GO:0005886; GO:0006882; GO:0008160; GO:0016324; GO:0030890; GO:0050861; GO:0071577; GO:0071578,apical plasma membrane [GO:0016324]; plasma membrane [GO:0005886],protein tyrosine phosphatase activator activity [GO:0008160]; zinc ion transmembrane transporter activity [GO:0005385],Zinc transporter ZIP10
Pocillopora_acuta_HIv2___RNAseq.g25119.t1,TRP,,O62852,4.41e-34,Short transient receptor potential channel 5 (Rtrp5) (TrpC5) (Capacitative calcium entry channel 2) (CCE2),neuron apoptotic process [GO:0051402]; phosphatidylserine exposure on apoptotic cell surface [GO:0070782]; regulation of cytosolic calcium ion concentration [GO:0051480],GO:0005262; GO:0005886; GO:0015279; GO:0034704; GO:0051402; GO:0051480; GO:0070679; GO:0070782; GO:0098793,calcium channel complex [GO:0034704]; plasma membrane [GO:0005886]; presynapse [GO:0098793],"calcium channel activity [GO:0005262]; inositol 1,4,5 trisphosphate binding [GO:0070679]; store-operated calcium channel activity [GO:0015279]",Short transient receptor potential channel 5
Pocillopora_acuta_HIv2___RNAseq.g252.t1,SLC,,Q9UJS0,0,"Electrogenic aspartate/glutamate antiporter SLC25A13, mitochondrial (Calcium-binding mitochondrial carrier protein Aralar2) (ARALAR-related gene 2) (ARALAR2) (Citrin) (Mitochondrial aspartate glutamate carrier 2) (Solute carrier family 25 member 13)",aspartate transmembrane transport [GO:0015810]; ATP biosynthetic process [GO:0006754]; cellular respiration [GO:0045333]; gluconeogenesis [GO:0006094]; L-glutamate transmembrane transport [GO:0015813]; malate-aspartate shuttle [GO:0043490]; mitochondrial transport [GO:0006839]; response to calcium ion [GO:0051592],GO:0000514; GO:0000515; GO:0005313; GO:0005509; GO:0005739; GO:0005743; GO:0005886; GO:0006094; GO:0006754; GO:0006839; GO:0015183; GO:0015810; GO:0015813; GO:0042802; GO:0043490; GO:0045333; GO:0051592,mitochondrial inner membrane [GO:0005743]; mitochondrion [GO:0005739]; plasma membrane [GO:0005886],"3-sulfino-L-alanine: proton, glutamate antiporter activity [GO:0000514]; aspartate:glutamate, proton antiporter activity [GO:0000515]; calcium ion binding [GO:0005509]; identical protein binding [GO:0042802]; L-aspartate transmembrane transporter activity [GO:0015183]; L-glutamate transmembrane transporter activity [GO:0005313]","Electrogenic aspartate/glutamate antiporter SLC25A13, mitochondrial"
Pocillopora_acuta_HIv2___RNAseq.g2520.t1,Bhattacharya2016,GRHPR,Q9UBQ7,3.7e-129,Glyoxylate reductase/hydroxypyruvate reductase (EC 1.1.1.79) (EC 1.1.1.81),carboxylic acid metabolic process [GO:0019752]; dicarboxylic acid metabolic process [GO:0043648]; glyoxylate metabolic process [GO:0046487],GO:0005737; GO:0005739; GO:0005782; GO:0005829; GO:0008465; GO:0016618; GO:0019752; GO:0030267; GO:0031406; GO:0042803; GO:0043648; GO:0046487; GO:0051287; GO:0070062; GO:0070402; GO:0120509; GO:1902494,catalytic complex [GO:1902494]; cytoplasm [GO:0005737]; cytosol [GO:0005829]; extracellular exosome [GO:0070062]; mitochondrion [GO:0005739]; peroxisomal matrix [GO:0005782],carboxylic acid binding [GO:0031406]; glyoxylate reductase (NADPH) activity [GO:0030267]; hydroxypyruvate reductase (NADH) activity [GO:0008465]; hydroxypyruvate reductase (NADPH) activity [GO:0120509]; hydroxypyruvate reductase [NAD(P)H] activity [GO:0016618]; NAD binding [GO:0051287]; NADPH binding [GO:0070402]; protein homodimerization activity [GO:0042803],GRHPR
Pocillopora_acuta_HIv2___RNAseq.g25209.t1,SLC,,Q9UBX3,6.08e-122,Mitochondrial dicarboxylate carrier (DIC) (Solute carrier family 25 member 10),"dicarboxylic acid transport [GO:0006835]; gluconeogenesis [GO:0006094]; glyceraldehyde-3-phosphate biosynthetic process [GO:0046166]; lipid transport [GO:0006869]; malate transmembrane transport [GO:0071423]; monoatomic ion transport [GO:0006811]; oxaloacetate transport [GO:0015729]; phosphate ion transmembrane transport [GO:0035435]; succinate transmembrane transport [GO:0071422]; sulfate transmembrane transport [GO:1902358]; sulfide oxidation, using sulfide:quinone oxidoreductase [GO:0070221]; thiosulfate transport [GO:0015709]",GO:0005310; GO:0005634; GO:0005654; GO:0005739; GO:0005743; GO:0006094; GO:0006811; GO:0006835; GO:0006869; GO:0015116; GO:0015117; GO:0015131; GO:0015140; GO:0015141; GO:0015297; GO:0015709; GO:0015729; GO:0035435; GO:0046166; GO:0070221; GO:0071422; GO:0071423; GO:1902358,mitochondrial inner membrane [GO:0005743]; mitochondrion [GO:0005739]; nucleoplasm [GO:0005654]; nucleus [GO:0005634],antiporter activity [GO:0015297]; dicarboxylic acid transmembrane transporter activity [GO:0005310]; malate transmembrane transporter activity [GO:0015140]; oxaloacetate transmembrane transporter activity [GO:0015131]; succinate transmembrane transporter activity [GO:0015141]; sulfate transmembrane transporter activity [GO:0015116]; thiosulfate transmembrane transporter activity [GO:0015117],Mitochondrial dicarboxylate carrier
Pocillopora_acuta_HIv2___RNAseq.g25241.t1,SLC,,Q5HZE0,5.82e-99,Mitochondrial basic amino acids transporter (Carnitine/acylcarnitine translocase-like) (CACT-like) (Mitochondrial carnitine/acylcarnitine carrier protein CACL) (Mitochondrial ornithine transporter 3) (Solute carrier family 25 member 29),L-arginine transmembrane transport [GO:1903826]; L-histidine transmembrane transport [GO:0089709]; L-lysine transmembrane transport [GO:1903401]; mitochondrial L-ornithine transmembrane transport [GO:1990575]; ornithine transport [GO:0015822],GO:0005289; GO:0005292; GO:0005739; GO:0005743; GO:0015174; GO:0015227; GO:0015822; GO:0089709; GO:1903401; GO:1903826; GO:1990575,mitochondrial inner membrane [GO:0005743]; mitochondrion [GO:0005739],basic amino acid transmembrane transporter activity [GO:0015174]; high-affinity L-arginine transmembrane transporter activity [GO:0005289]; high-affinity lysine transmembrane transporter activity [GO:0005292]; O-acyl-L-carnitine transmembrane transporter activity [GO:0015227],Mitochondrial basic amino acids transporter
Pocillopora_acuta_HIv2___RNAseq.g25257.t1,SLC,,Q91ZN5,1.03e-137,Adenosine 3'-phospho 5'-phosphosulfate transporter 1 (Solute carrier family 35 member B2),5'-adenylyl sulfate transmembrane transport [GO:1902558]; chondroitin sulfate proteoglycan biosynthetic process [GO:0050650],GO:0000139; GO:0005802; GO:0015297; GO:0046964; GO:0050650; GO:1902558,Golgi membrane [GO:0000139]; trans-Golgi network [GO:0005802],3'-phosphoadenosine 5'-phosphosulfate transmembrane transporter activity [GO:0046964]; antiporter activity [GO:0015297],Adenosine 3'-phospho 5'-phosphosulfate transporter 1
Pocillopora_acuta_HIv2___RNAseq.g25292.t1,SLC,,Q91Y77,4.27e-41,Monocarboxylate transporter 10 (MCT 10) (Aromatic amino acid transporter 1) (Solute carrier family 16 member 10) (T-type amino acid transporter 1),aromatic amino acid transport [GO:0015801]; thyroid hormone generation [GO:0006590]; thyroid hormone transport [GO:0070327]; thyroid-stimulating hormone secretion [GO:0070460],GO:0005302; GO:0005886; GO:0006590; GO:0015173; GO:0015192; GO:0015196; GO:0015349; GO:0015801; GO:0016323; GO:0022857; GO:0030054; GO:0043231; GO:0070327; GO:0070460,basolateral plasma membrane [GO:0016323]; cell junction [GO:0030054]; intracellular membrane-bounded organelle [GO:0043231]; plasma membrane [GO:0005886],aromatic amino acid transmembrane transporter activity [GO:0015173]; L-phenylalanine transmembrane transporter activity [GO:0015192]; L-tryptophan transmembrane transporter activity [GO:0015196]; L-tyrosine transmembrane transporter activity [GO:0005302]; thyroid hormone transmembrane transporter activity [GO:0015349]; transmembrane transporter activity [GO:0022857],Monocarboxylate transporter 10
Pocillopora_acuta_HIv2___RNAseq.g25294.t1,SLC,,P57788,4.3e-46,Monocarboxylate transporter 4 (MCT 4) (Solute carrier family 16 member 3),lactate transmembrane transport [GO:0035873]; pyruvate catabolic process [GO:0042867]; pyruvate transmembrane transport [GO:1901475],GO:0005886; GO:0015650; GO:0016323; GO:0016324; GO:0016328; GO:0031965; GO:0035873; GO:0042867; GO:0050833; GO:1901475,apical plasma membrane [GO:0016324]; basolateral plasma membrane [GO:0016323]; lateral plasma membrane [GO:0016328]; nuclear membrane [GO:0031965]; plasma membrane [GO:0005886],lactate:proton symporter activity [GO:0015650]; pyruvate transmembrane transporter activity [GO:0050833],Monocarboxylate transporter 4
Pocillopora_acuta_HIv2___RNAseq.g25295.t1,SLC,,P57788,2.78e-46,Monocarboxylate transporter 4 (MCT 4) (Solute carrier family 16 member 3),lactate transmembrane transport [GO:0035873]; pyruvate catabolic process [GO:0042867]; pyruvate transmembrane transport [GO:1901475],GO:0005886; GO:0015650; GO:0016323; GO:0016324; GO:0016328; GO:0031965; GO:0035873; GO:0042867; GO:0050833; GO:1901475,apical plasma membrane [GO:0016324]; basolateral plasma membrane [GO:0016323]; lateral plasma membrane [GO:0016328]; nuclear membrane [GO:0031965]; plasma membrane [GO:0005886],lactate:proton symporter activity [GO:0015650]; pyruvate transmembrane transporter activity [GO:0050833],Monocarboxylate transporter 4
Pocillopora_acuta_HIv2___RNAseq.g25306.t1,SLC,,P57788,1.16e-49,Monocarboxylate transporter 4 (MCT 4) (Solute carrier family 16 member 3),lactate transmembrane transport [GO:0035873]; pyruvate catabolic process [GO:0042867]; pyruvate transmembrane transport [GO:1901475],GO:0005886; GO:0015650; GO:0016323; GO:0016324; GO:0016328; GO:0031965; GO:0035873; GO:0042867; GO:0050833; GO:1901475,apical plasma membrane [GO:0016324]; basolateral plasma membrane [GO:0016323]; lateral plasma membrane [GO:0016328]; nuclear membrane [GO:0031965]; plasma membrane [GO:0005886],lactate:proton symporter activity [GO:0015650]; pyruvate transmembrane transporter activity [GO:0050833],Monocarboxylate transporter 4
Pocillopora_acuta_HIv2___RNAseq.g25307.t1,SLC,,O35910,3.71e-42,Monocarboxylate transporter 4 (MCT 4) (Monocarboxylate transporter 3) (MCT 3) (Solute carrier family 16 member 3),lactate transmembrane transport [GO:0035873]; plasma membrane lactate transport [GO:0035879]; pyruvate catabolic process [GO:0042867]; pyruvate transmembrane transport [GO:1901475],GO:0005886; GO:0015129; GO:0015650; GO:0016323; GO:0016324; GO:0016328; GO:0031965; GO:0035873; GO:0035879; GO:0042867; GO:0050833; GO:1901475,apical plasma membrane [GO:0016324]; basolateral plasma membrane [GO:0016323]; lateral plasma membrane [GO:0016328]; nuclear membrane [GO:0031965]; plasma membrane [GO:0005886],lactate transmembrane transporter activity [GO:0015129]; lactate:proton symporter activity [GO:0015650]; pyruvate transmembrane transporter activity [GO:0050833],Monocarboxylate transporter 4
Pocillopora_acuta_HIv2___RNAseq.g2533.t1,SLC,,O43826,7.24e-8,Glucose-6-phosphate exchanger SLC37A4 (Glucose-5-phosphate transporter) (Glucose-6-phosphate translocase) (Solute carrier family 37 member 4) (Transformation-related gene 19 protein) (TRG-19),gluconeogenesis [GO:0006094]; glucose homeostasis [GO:0042593]; glucose metabolic process [GO:0006006]; glucose-6-phosphate transport [GO:0015760]; phosphate ion transmembrane transport [GO:0035435],GO:0005783; GO:0005789; GO:0006006; GO:0006094; GO:0015152; GO:0015760; GO:0016020; GO:0035435; GO:0042593; GO:0061513,endoplasmic reticulum [GO:0005783]; endoplasmic reticulum membrane [GO:0005789]; membrane [GO:0016020],glucose 6-phosphate:phosphate antiporter activity [GO:0061513]; glucose-6-phosphate transmembrane transporter activity [GO:0015152],Glucose-6-phosphate exchanger SLC37A4
Pocillopora_acuta_HIv2___RNAseq.g25335.t1,SLC,,G8XYX6,5.38e-51,Monocarboxylate transporter 8 (MCT 8) (Solute carrier family 16 member 2),brain development [GO:0007420]; central nervous system development [GO:0007417]; chordate embryonic development [GO:0043009]; locomotion [GO:0040011]; neuron differentiation [GO:0030182]; oligodendrocyte differentiation [GO:0048709]; optomotor response [GO:0071632]; regulation of thyroid hormone generation [GO:2000609]; Schwann cell differentiation [GO:0014037]; spinal cord development [GO:0021510]; spinal cord oligodendrocyte cell differentiation [GO:0021529]; thyroid gland development [GO:0030878]; thyroid hormone transport [GO:0070327]; transmission of nerve impulse [GO:0019226],GO:0005886; GO:0007417; GO:0007420; GO:0014037; GO:0015349; GO:0016324; GO:0019226; GO:0021510; GO:0021529; GO:0030182; GO:0030878; GO:0040011; GO:0043009; GO:0048709; GO:0070324; GO:0070327; GO:0071632; GO:2000609,apical plasma membrane [GO:0016324]; plasma membrane [GO:0005886],thyroid hormone binding [GO:0070324]; thyroid hormone transmembrane transporter activity [GO:0015349],Monocarboxylate transporter 8
Pocillopora_acuta_HIv2___RNAseq.g25339.t1,SLC,,A1L1W9,3.24e-48,Monocarboxylate transporter 10 (MCT 10) (Solute carrier family 16 member 10),aromatic amino acid transport [GO:0015801]; thyroid hormone transport [GO:0070327],GO:0005302; GO:0005886; GO:0015173; GO:0015192; GO:0015196; GO:0015349; GO:0015801; GO:0016323; GO:0022857; GO:0070327,basolateral plasma membrane [GO:0016323]; plasma membrane [GO:0005886],aromatic amino acid transmembrane transporter activity [GO:0015173]; L-phenylalanine transmembrane transporter activity [GO:0015192]; L-tryptophan transmembrane transporter activity [GO:0015196]; L-tyrosine transmembrane transporter activity [GO:0005302]; thyroid hormone transmembrane transporter activity [GO:0015349]; transmembrane transporter activity [GO:0022857],Monocarboxylate transporter 10
Pocillopora_acuta_HIv2___RNAseq.g25345.t1,SLC,,P57788,1.3e-32,Monocarboxylate transporter 4 (MCT 4) (Solute carrier family 16 member 3),lactate transmembrane transport [GO:0035873]; pyruvate catabolic process [GO:0042867]; pyruvate transmembrane transport [GO:1901475],GO:0005886; GO:0015650; GO:0016323; GO:0016324; GO:0016328; GO:0031965; GO:0035873; GO:0042867; GO:0050833; GO:1901475,apical plasma membrane [GO:0016324]; basolateral plasma membrane [GO:0016323]; lateral plasma membrane [GO:0016328]; nuclear membrane [GO:0031965]; plasma membrane [GO:0005886],lactate:proton symporter activity [GO:0015650]; pyruvate transmembrane transporter activity [GO:0050833],Monocarboxylate transporter 4
Pocillopora_acuta_HIv2___RNAseq.g2537.t1,SLC,,O43826,1.01e-33,Glucose-6-phosphate exchanger SLC37A4 (Glucose-5-phosphate transporter) (Glucose-6-phosphate translocase) (Solute carrier family 37 member 4) (Transformation-related gene 19 protein) (TRG-19),gluconeogenesis [GO:0006094]; glucose homeostasis [GO:0042593]; glucose metabolic process [GO:0006006]; glucose-6-phosphate transport [GO:0015760]; phosphate ion transmembrane transport [GO:0035435],GO:0005783; GO:0005789; GO:0006006; GO:0006094; GO:0015152; GO:0015760; GO:0016020; GO:0035435; GO:0042593; GO:0061513,endoplasmic reticulum [GO:0005783]; endoplasmic reticulum membrane [GO:0005789]; membrane [GO:0016020],glucose 6-phosphate:phosphate antiporter activity [GO:0061513]; glucose-6-phosphate transmembrane transporter activity [GO:0015152],Glucose-6-phosphate exchanger SLC37A4
Pocillopora_acuta_HIv2___RNAseq.g25370.t1,SLC,,Q91WV7,1.2e-116,"Amino acid transporter heavy chain SLC3A1 (D2) (Neutral and basic amino acid transport protein) (NBAT) (Solute carrier family 3 member 1) (b(0,+)-type amino acid transporter-related heavy chain) (rBAT)",aspartate transmembrane transport [GO:0015810]; carbohydrate metabolic process [GO:0005975]; gene expression [GO:0010467]; L-cystine transport [GO:0015811]; L-glutamate transmembrane transport [GO:0015813],GO:0005743; GO:0005774; GO:0005975; GO:0010467; GO:0015810; GO:0015811; GO:0015813; GO:0016324; GO:0031526; GO:0044877; GO:0046872; GO:0046982,apical plasma membrane [GO:0016324]; brush border membrane [GO:0031526]; mitochondrial inner membrane [GO:0005743]; vacuolar membrane [GO:0005774],metal ion binding [GO:0046872]; protein heterodimerization activity [GO:0046982]; protein-containing complex binding [GO:0044877],Amino acid transporter heavy chain SLC3A1
Pocillopora_acuta_HIv2___RNAseq.g2544.t1,SLC,,A1L1W9,1.86e-67,Monocarboxylate transporter 10 (MCT 10) (Solute carrier family 16 member 10),aromatic amino acid transport [GO:0015801]; thyroid hormone transport [GO:0070327],GO:0005302; GO:0005886; GO:0015173; GO:0015192; GO:0015196; GO:0015349; GO:0015801; GO:0016323; GO:0022857; GO:0070327,basolateral plasma membrane [GO:0016323]; plasma membrane [GO:0005886],aromatic amino acid transmembrane transporter activity [GO:0015173]; L-phenylalanine transmembrane transporter activity [GO:0015192]; L-tryptophan transmembrane transporter activity [GO:0015196]; L-tyrosine transmembrane transporter activity [GO:0005302]; thyroid hormone transmembrane transporter activity [GO:0015349]; transmembrane transporter activity [GO:0022857],Monocarboxylate transporter 10
Pocillopora_acuta_HIv2___RNAseq.g25526.t1a,calcium,,P35384,1.82e-82,Extracellular calcium-sensing receptor (CaSR) (Parathyroid cell calcium-sensing receptor) (BoPCaR1) (PCaR1),calcium ion import [GO:0070509]; calcium ion transport [GO:0006816]; detection of calcium ion [GO:0005513]; G protein-coupled receptor signaling pathway [GO:0007186]; intracellular calcium ion homeostasis [GO:0006874]; JNK cascade [GO:0007254]; ossification [GO:0001503]; positive regulation of cell population proliferation [GO:0008284]; positive regulation of gene expression [GO:0010628]; regulation of calcium ion transport [GO:0051924]; regulation of presynaptic membrane potential [GO:0099505]; vasodilation [GO:0042311],GO:0001503; GO:0004930; GO:0005509; GO:0005513; GO:0005886; GO:0006816; GO:0006874; GO:0007186; GO:0007254; GO:0008284; GO:0010628; GO:0016597; GO:0042311; GO:0042803; GO:0043679; GO:0051924; GO:0070509; GO:0098978; GO:0099505,axon terminus [GO:0043679]; glutamatergic synapse [GO:0098978]; plasma membrane [GO:0005886],amino acid binding [GO:0016597]; calcium ion binding [GO:0005509]; G protein-coupled receptor activity [GO:0004930]; protein homodimerization activity [GO:0042803],Extracellular calcium-sensing receptor
Pocillopora_acuta_HIv2___RNAseq.g25527.t1,calcium,,P35384,1.17e-99,Extracellular calcium-sensing receptor (CaSR) (Parathyroid cell calcium-sensing receptor) (BoPCaR1) (PCaR1),calcium ion import [GO:0070509]; calcium ion transport [GO:0006816]; detection of calcium ion [GO:0005513]; G protein-coupled receptor signaling pathway [GO:0007186]; intracellular calcium ion homeostasis [GO:0006874]; JNK cascade [GO:0007254]; ossification [GO:0001503]; positive regulation of cell population proliferation [GO:0008284]; positive regulation of gene expression [GO:0010628]; regulation of calcium ion transport [GO:0051924]; regulation of presynaptic membrane potential [GO:0099505]; vasodilation [GO:0042311],GO:0001503; GO:0004930; GO:0005509; GO:0005513; GO:0005886; GO:0006816; GO:0006874; GO:0007186; GO:0007254; GO:0008284; GO:0010628; GO:0016597; GO:0042311; GO:0042803; GO:0043679; GO:0051924; GO:0070509; GO:0098978; GO:0099505,axon terminus [GO:0043679]; glutamatergic synapse [GO:0098978]; plasma membrane [GO:0005886],amino acid binding [GO:0016597]; calcium ion binding [GO:0005509]; G protein-coupled receptor activity [GO:0004930]; protein homodimerization activity [GO:0042803],Extracellular calcium-sensing receptor
Pocillopora_acuta_HIv2___RNAseq.g25528.t1,calcium,,O62714,2.32e-112,Extracellular calcium-sensing receptor (CaSR) (Parathyroid cell calcium-sensing receptor) (PCaR1),detection of calcium ion [GO:0005513]; G protein-coupled receptor signaling pathway [GO:0007186]; intracellular calcium ion homeostasis [GO:0006874]; regulation of calcium ion transport [GO:0051924],GO:0004930; GO:0005509; GO:0005513; GO:0005886; GO:0006874; GO:0007186; GO:0016597; GO:0042803; GO:0051924,plasma membrane [GO:0005886],amino acid binding [GO:0016597]; calcium ion binding [GO:0005509]; G protein-coupled receptor activity [GO:0004930]; protein homodimerization activity [GO:0042803],Extracellular calcium-sensing receptor
Pocillopora_acuta_HIv2___RNAseq.g25530.t2,calcium,,Q91ZR5,4.68e-50,Cation channel sperm-associated protein 1 (CatSper1),calcium ion transport [GO:0006816]; cell differentiation [GO:0030154]; flagellated sperm motility [GO:0030317]; fusion of sperm to egg plasma membrane involved in single fertilization [GO:0007342]; regulation of calcium ion transport [GO:0051924]; regulation of cilium beat frequency involved in ciliary motility [GO:0060296]; spermatogenesis [GO:0007283],GO:0005227; GO:0005245; GO:0005886; GO:0006816; GO:0007283; GO:0007342; GO:0030154; GO:0030317; GO:0036128; GO:0051924; GO:0060296; GO:0097228,CatSper complex [GO:0036128]; plasma membrane [GO:0005886]; sperm principal piece [GO:0097228],calcium-activated cation channel activity [GO:0005227]; voltage-gated calcium channel activity [GO:0005245],Cation channel sperm-associated protein 1
Pocillopora_acuta_HIv2___RNAseq.g25554.t1,SLC,,Q9NUM3,3.98e-108,Zinc transporter ZIP9 (Solute carrier family 39 member 9) (Zrt- and Irt-like protein 9) (ZIP-9),bicellular tight junction assembly [GO:0070830]; intracellular zinc ion homeostasis [GO:0006882]; regulation of cellular response to testosterone stimulus [GO:2000654]; regulation of vascular endothelial cell proliferation [GO:1905562]; zinc ion transmembrane transport [GO:0071577],GO:0004930; GO:0005385; GO:0005497; GO:0005634; GO:0005739; GO:0005802; GO:0005886; GO:0006882; GO:0022883; GO:0031966; GO:0048471; GO:0070830; GO:0071577; GO:1905562; GO:2000654,mitochondrial membrane [GO:0031966]; mitochondrion [GO:0005739]; nucleus [GO:0005634]; perinuclear region of cytoplasm [GO:0048471]; plasma membrane [GO:0005886]; trans-Golgi network [GO:0005802],androgen binding [GO:0005497]; G protein-coupled receptor activity [GO:0004930]; zinc efflux transmembrane transporter activity [GO:0022883]; zinc ion transmembrane transporter activity [GO:0005385],Zinc transporter ZIP9
Pocillopora_acuta_HIv2___RNAseq.g25764.t1,calcium,,Q9UBY5,7.05e-12,Lysophosphatidic acid receptor 3 (LPA receptor 3) (LPA-3) (Lysophosphatidic acid receptor Edg-7),"adenylate cyclase-activating G protein-coupled receptor signaling pathway [GO:0007189]; bleb assembly [GO:0032060]; chemical synaptic transmission [GO:0007268]; collateral sprouting [GO:0048668]; G protein-coupled receptor signaling pathway, coupled to cyclic nucleotide second messenger [GO:0007187]; gene expression [GO:0010467]; positive regulation of calcium ion transport [GO:0051928]; positive regulation of collateral sprouting [GO:0048672]; positive regulation of cytosolic calcium ion concentration [GO:0007204]; positive regulation of MAPK cascade [GO:0043410]; regulation of metabolic process [GO:0019222]",GO:0001965; GO:0004930; GO:0005543; GO:0005737; GO:0005886; GO:0005929; GO:0007187; GO:0007189; GO:0007204; GO:0007268; GO:0008289; GO:0010467; GO:0019222; GO:0030424; GO:0032060; GO:0043410; GO:0045202; GO:0048668; GO:0048672; GO:0051928; GO:0070915,axon [GO:0030424]; cilium [GO:0005929]; cytoplasm [GO:0005737]; plasma membrane [GO:0005886]; synapse [GO:0045202],G protein-coupled receptor activity [GO:0004930]; G-protein alpha-subunit binding [GO:0001965]; lipid binding [GO:0008289]; lysophosphatidic acid receptor activity [GO:0070915]; phospholipid binding [GO:0005543],Lysophosphatidic acid receptor 3
Pocillopora_acuta_HIv2___RNAseq.g25774.t1,calcium,,Q9H251,0,Cadherin-23 (Otocadherin),auditory receptor cell stereocilium organization [GO:0060088]; calcium ion transport [GO:0006816]; calcium-dependent cell-cell adhesion via plasma membrane cell adhesion molecules [GO:0016339]; cell migration [GO:0016477]; cell-cell adhesion via plasma-membrane adhesion molecules [GO:0098742]; cochlea development [GO:0090102]; equilibrioception [GO:0050957]; homophilic cell adhesion via plasma membrane adhesion molecules [GO:0007156]; locomotory behavior [GO:0007626]; neuron projection development [GO:0031175]; photoreceptor cell maintenance [GO:0045494]; regulation of cytosolic calcium ion concentration [GO:0051480]; sensory perception of light stimulus [GO:0050953]; sensory perception of sound [GO:0007605]; visual perception [GO:0007601],GO:0001917; GO:0005509; GO:0005813; GO:0006816; GO:0007156; GO:0007601; GO:0007605; GO:0007626; GO:0008013; GO:0016020; GO:0016339; GO:0016342; GO:0016477; GO:0031175; GO:0032420; GO:0032426; GO:0045296; GO:0045494; GO:0050953; GO:0050957; GO:0051480; GO:0060088; GO:0060091; GO:0090102; GO:0098683; GO:0098684; GO:0098742,catenin complex [GO:0016342]; centrosome [GO:0005813]; cochlear hair cell ribbon synapse [GO:0098683]; kinocilium [GO:0060091]; membrane [GO:0016020]; photoreceptor inner segment [GO:0001917]; photoreceptor ribbon synapse [GO:0098684]; stereocilium [GO:0032420]; stereocilium tip [GO:0032426],beta-catenin binding [GO:0008013]; cadherin binding [GO:0045296]; calcium ion binding [GO:0005509],Cadherin-23
Pocillopora_acuta_HIv2___RNAseq.g25780.t1,SLC,,Q8IZD6,9.35e-65,Solute carrier family 22 member 15 (Fly-like putative transporter 1) (Flipt 1),amino acid transport [GO:0006865]; monoatomic ion transport [GO:0006811],GO:0005886; GO:0006811; GO:0006865; GO:0015199,plasma membrane [GO:0005886],amino-acid betaine transmembrane transporter activity [GO:0015199],Solute carrier family 22 member 15
Pocillopora_acuta_HIv2___RNAseq.g25781.t1,SLC,,Q8IZD6,2.15e-63,Solute carrier family 22 member 15 (Fly-like putative transporter 1) (Flipt 1),amino acid transport [GO:0006865]; monoatomic ion transport [GO:0006811],GO:0005886; GO:0006811; GO:0006865; GO:0015199,plasma membrane [GO:0005886],amino-acid betaine transmembrane transporter activity [GO:0015199],Solute carrier family 22 member 15
Pocillopora_acuta_HIv2___RNAseq.g25885.t1,SLC,,Q8IZD6,8.89e-61,Solute carrier family 22 member 15 (Fly-like putative transporter 1) (Flipt 1),amino acid transport [GO:0006865]; monoatomic ion transport [GO:0006811],GO:0005886; GO:0006811; GO:0006865; GO:0015199,plasma membrane [GO:0005886],amino-acid betaine transmembrane transporter activity [GO:0015199],Solute carrier family 22 member 15
Pocillopora_acuta_HIv2___RNAseq.g25886.t1,SLC,,Q8IZD6,1.48e-57,Solute carrier family 22 member 15 (Fly-like putative transporter 1) (Flipt 1),amino acid transport [GO:0006865]; monoatomic ion transport [GO:0006811],GO:0005886; GO:0006811; GO:0006865; GO:0015199,plasma membrane [GO:0005886],amino-acid betaine transmembrane transporter activity [GO:0015199],Solute carrier family 22 member 15
Pocillopora_acuta_HIv2___RNAseq.g25887.t1,SLC,,Q6NUB3,1.18e-61,Solute carrier family 22 member 15,monoatomic ion transport [GO:0006811],GO:0006811; GO:0016020; GO:0022857,membrane [GO:0016020],transmembrane transporter activity [GO:0022857],Solute carrier family 22 member 15
Pocillopora_acuta_HIv2___RNAseq.g26149.t1,SLC,,B0G143,8.76e-95,Mitochondrial substrate carrier family protein ucpB (Solute carrier family 25 member 30 homolog) (Uncoupler protein B),response to cadmium ion [GO:0046686],GO:0005743; GO:0022857; GO:0046686,mitochondrial inner membrane [GO:0005743],transmembrane transporter activity [GO:0022857],Mitochondrial substrate carrier family protein ucpB
Pocillopora_acuta_HIv2___RNAseq.g26224.t1,SLC,,Q8IZD6,9.14e-69,Solute carrier family 22 member 15 (Fly-like putative transporter 1) (Flipt 1),amino acid transport [GO:0006865]; monoatomic ion transport [GO:0006811],GO:0005886; GO:0006811; GO:0006865; GO:0015199,plasma membrane [GO:0005886],amino-acid betaine transmembrane transporter activity [GO:0015199],Solute carrier family 22 member 15
Pocillopora_acuta_HIv2___RNAseq.g26232.t1,SLC,,P79110,2.65e-147,"Tricarboxylate transport protein, mitochondrial (Citrate transport protein) (CTP) (Solute carrier family 25 member 1) (Tricarboxylate carrier protein)",mitochondrial citrate transmembrane transport [GO:0006843],GO:0005739; GO:0005743; GO:0006843; GO:0015297; GO:0071913,mitochondrial inner membrane [GO:0005743]; mitochondrion [GO:0005739],antiporter activity [GO:0015297]; citrate secondary active transmembrane transporter activity [GO:0071913],"Tricarboxylate transport protein, mitochondrial"
Pocillopora_acuta_HIv2___RNAseq.g26270.t1a,SLC,,P55012,0,Solute carrier family 12 member 2 (Basolateral Na-K-Cl symporter) (Bumetanide-sensitive sodium-(potassium)-chloride cotransporter 2) (BSC2) (Na-K-2Cl cotransporter 1) (mNKCC1),branching involved in mammary gland duct morphogenesis [GO:0060444]; cell volume homeostasis [GO:0006884]; cellular response to chemokine [GO:1990869]; cellular response to lipopolysaccharide [GO:0071222]; cellular response to potassium ion [GO:0035865]; chloride transmembrane transport [GO:1902476]; detection of mechanical stimulus involved in sensory perception of sound [GO:0050910]; inorganic anion import across plasma membrane [GO:0098658]; intracellular chloride ion homeostasis [GO:0030644]; intracellular potassium ion homeostasis [GO:0030007]; intracellular sodium ion homeostasis [GO:0006883]; maintenance of blood-brain barrier [GO:0035633]; mammary duct terminal end bud growth [GO:0060763]; multicellular organism growth [GO:0035264]; negative regulation of vascular wound healing [GO:0061044]; positive regulation of aspartate secretion [GO:1904450]; potassium ion import across plasma membrane [GO:1990573]; regulation of matrix metallopeptidase secretion [GO:1904464]; regulation of spontaneous synaptic transmission [GO:0150003]; sodium ion import across plasma membrane [GO:0098719]; T cell chemotaxis [GO:0010818],GO:0006883; GO:0006884; GO:0008511; GO:0010818; GO:0015079; GO:0016323; GO:0016324; GO:0030007; GO:0030644; GO:0035264; GO:0035633; GO:0035865; GO:0042995; GO:0043025; GO:0044297; GO:0046872; GO:0050910; GO:0060444; GO:0060763; GO:0061044; GO:0071222; GO:0071944; GO:0098658; GO:0098719; GO:0150003; GO:1902476; GO:1904450; GO:1904464; GO:1990573; GO:1990869,apical plasma membrane [GO:0016324]; basolateral plasma membrane [GO:0016323]; cell body [GO:0044297]; cell periphery [GO:0071944]; cell projection [GO:0042995]; neuronal cell body [GO:0043025],metal ion binding [GO:0046872]; potassium ion transmembrane transporter activity [GO:0015079]; sodium:potassium:chloride symporter activity [GO:0008511],Solute carrier family 12 member 2
Pocillopora_acuta_HIv2___RNAseq.g26277.t1,calcium,,O62714,7.71e-129,Extracellular calcium-sensing receptor (CaSR) (Parathyroid cell calcium-sensing receptor) (PCaR1),detection of calcium ion [GO:0005513]; G protein-coupled receptor signaling pathway [GO:0007186]; intracellular calcium ion homeostasis [GO:0006874]; regulation of calcium ion transport [GO:0051924],GO:0004930; GO:0005509; GO:0005513; GO:0005886; GO:0006874; GO:0007186; GO:0016597; GO:0042803; GO:0051924,plasma membrane [GO:0005886],amino acid binding [GO:0016597]; calcium ion binding [GO:0005509]; G protein-coupled receptor activity [GO:0004930]; protein homodimerization activity [GO:0042803],Extracellular calcium-sensing receptor
Pocillopora_acuta_HIv2___RNAseq.g26352.t1,SLC,,Q8K078,7.85e-114,Solute carrier organic anion transporter family member 4A1 (Organic anion-transporting polypeptide E) (OATP-E) (Sodium-independent organic anion transporter E) (Solute carrier family 21 member 12),monoatomic ion transport [GO:0006811]; organic anion transport [GO:0015711],GO:0005886; GO:0006811; GO:0008514; GO:0015132; GO:0015711,plasma membrane [GO:0005886],organic anion transmembrane transporter activity [GO:0008514]; prostaglandin transmembrane transporter activity [GO:0015132],Solute carrier organic anion transporter family member 4A1
Pocillopora_acuta_HIv2___RNAseq.g26471.t1,SLC,,Q8BFW9,2.31e-141,"Solute carrier family 2, facilitated glucose transporter member 12 (Glucose transporter type 12) (GLUT-12)",D-glucose transmembrane transport [GO:1904659],GO:0005886; GO:0012505; GO:0016020; GO:0022857; GO:0048471; GO:1904659,endomembrane system [GO:0012505]; membrane [GO:0016020]; perinuclear region of cytoplasm [GO:0048471]; plasma membrane [GO:0005886],transmembrane transporter activity [GO:0022857],"Solute carrier family 2, facilitated glucose transporter member 12"
Pocillopora_acuta_HIv2___RNAseq.g26586.t1,SLC,,Q7TM99,4.52e-38,Monocarboxylate transporter 9 (MCT 9) (Solute carrier family 16 member 9),carnitine transmembrane transport [GO:1902603]; creatine transmembrane transport [GO:0015881]; urate metabolic process [GO:0046415],GO:0005308; GO:0005886; GO:0015226; GO:0015881; GO:0046415; GO:1902603,plasma membrane [GO:0005886],carnitine transmembrane transporter activity [GO:0015226]; creatine transmembrane transporter activity [GO:0005308],Monocarboxylate transporter 9
Pocillopora_acuta_HIv2___RNAseq.g26587.t1,SLC,,Q7TM99,1.5e-32,Monocarboxylate transporter 9 (MCT 9) (Solute carrier family 16 member 9),carnitine transmembrane transport [GO:1902603]; creatine transmembrane transport [GO:0015881]; urate metabolic process [GO:0046415],GO:0005308; GO:0005886; GO:0015226; GO:0015881; GO:0046415; GO:1902603,plasma membrane [GO:0005886],carnitine transmembrane transporter activity [GO:0015226]; creatine transmembrane transporter activity [GO:0005308],Monocarboxylate transporter 9
Pocillopora_acuta_HIv2___RNAseq.g26594.t2,SLC,,Q90632,4.13e-37,Monocarboxylate transporter 3 (MCT 3) (Retinal epithelial membrane protein) (Solute carrier family 16 member 8),,GO:0005886; GO:0008028; GO:0015293; GO:0016323; GO:0016324,apical plasma membrane [GO:0016324]; basolateral plasma membrane [GO:0016323]; plasma membrane [GO:0005886],monocarboxylic acid transmembrane transporter activity [GO:0008028]; symporter activity [GO:0015293],Monocarboxylate transporter 3
Pocillopora_acuta_HIv2___RNAseq.g26649.t1,Bhattacharya2016,ANO5,Q75V66,0,Anoctamin-5 (Gnathodiaphyseal dysplasia 1 protein) (Transmembrane protein 16E),chloride transmembrane transport [GO:1902476]; monoatomic ion transmembrane transport [GO:0034220]; plasma membrane repair [GO:0001778],GO:0001778; GO:0005229; GO:0005254; GO:0005789; GO:0005886; GO:0031982; GO:0034220; GO:0046983; GO:1902476,endoplasmic reticulum membrane [GO:0005789]; plasma membrane [GO:0005886]; vesicle [GO:0031982],chloride channel activity [GO:0005254]; intracellularly calcium-gated chloride channel activity [GO:0005229]; protein dimerization activity [GO:0046983],ANO5
Pocillopora_acuta_HIv2___RNAseq.g26672.t1,calcium,,P54131,1.6e-110,Neuronal acetylcholine receptor subunit alpha-7 (nAChR7) (Nicotinic acetylcholine receptor subunit alpha-7),"calcium ion transport [GO:0006816]; chemical synaptic transmission [GO:0007268]; cognition [GO:0050890]; intracellular calcium ion homeostasis [GO:0006874]; monoatomic ion transmembrane transport [GO:0034220]; negative regulation of cytokine production involved in inflammatory response [GO:1900016]; negative regulation of tumor necrosis factor production [GO:0032720]; positive regulation of angiogenesis [GO:0045766]; positive regulation of cell population proliferation [GO:0008284]; positive regulation of MAPK cascade [GO:0043410]; regulation of membrane potential [GO:0042391]; response to hypoxia [GO:0001666]; response to nicotine [GO:0035094]; signal transduction [GO:0007165]; synaptic transmission, cholinergic [GO:0007271]",GO:0001540; GO:0001666; GO:0005886; GO:0005892; GO:0006816; GO:0006874; GO:0007165; GO:0007268; GO:0007271; GO:0008284; GO:0015464; GO:0015643; GO:0017081; GO:0022848; GO:0030425; GO:0032720; GO:0034220; GO:0035094; GO:0042166; GO:0042391; GO:0042803; GO:0043005; GO:0043410; GO:0045202; GO:0045211; GO:0045766; GO:0050890; GO:1900016,acetylcholine-gated channel complex [GO:0005892]; dendrite [GO:0030425]; neuron projection [GO:0043005]; plasma membrane [GO:0005886]; postsynaptic membrane [GO:0045211]; synapse [GO:0045202],acetylcholine binding [GO:0042166]; acetylcholine receptor activity [GO:0015464]; acetylcholine-gated monoatomic cation-selective channel activity [GO:0022848]; amyloid-beta binding [GO:0001540]; chloride channel regulator activity [GO:0017081]; protein homodimerization activity [GO:0042803]; toxic substance binding [GO:0015643],Neuronal acetylcholine receptor subunit alpha-7
Pocillopora_acuta_HIv2___RNAseq.g26773.t1,SLC,,Q9XS59,0,Sodium-dependent neutral amino acid transporter B(0)AT2 (Sodium- and chloride-dependent neurotransmitter transporter NTT73) (Solute carrier family 6 member 15) (Transporter v7-3),L-leucine transport [GO:0015820]; neurotransmitter transport [GO:0006836]; neutral amino acid transport [GO:0015804]; proline transport [GO:0015824]; sodium ion transmembrane transport [GO:0035725],GO:0005295; GO:0005298; GO:0005886; GO:0006836; GO:0015657; GO:0015804; GO:0015820; GO:0015824; GO:0016020; GO:0035725,membrane [GO:0016020]; plasma membrane [GO:0005886],branched-chain amino acid:sodium symporter activity [GO:0015657]; neutral L-amino acid:sodium symporter activity [GO:0005295]; proline:sodium symporter activity [GO:0005298],Sodium-dependent neutral amino acid transporter B(0)AT2
Pocillopora_acuta_HIv2___RNAseq.g26775.t1,SLC,,Q9D687,0,Sodium-dependent neutral amino acid transporter B(0)AT1 (Solute carrier family 6 member 19) (System B(0) neutral amino acid transporter AT1),neutral amino acid transport [GO:0015804]; response to nutrient [GO:0007584],GO:0005886; GO:0007584; GO:0015175; GO:0015293; GO:0015804; GO:0016324; GO:0031526,apical plasma membrane [GO:0016324]; brush border membrane [GO:0031526]; plasma membrane [GO:0005886],neutral L-amino acid transmembrane transporter activity [GO:0015175]; symporter activity [GO:0015293],Sodium-dependent neutral amino acid transporter B(0)AT1
Pocillopora_acuta_HIv2___RNAseq.g26776.t1,SLC,,Q695T7,1.7e-159,Sodium-dependent neutral amino acid transporter B(0)AT1 (Solute carrier family 6 member 19) (System B(0) neutral amino acid transporter AT1),amino acid transport [GO:0006865]; neutral amino acid transport [GO:0015804]; response to nutrient [GO:0007584]; sodium ion transmembrane transport [GO:0035725]; viral life cycle [GO:0019058],GO:0005886; GO:0006865; GO:0007584; GO:0015171; GO:0015175; GO:0015293; GO:0015804; GO:0016324; GO:0019058; GO:0031526; GO:0035725; GO:0070062,apical plasma membrane [GO:0016324]; brush border membrane [GO:0031526]; extracellular exosome [GO:0070062]; plasma membrane [GO:0005886],amino acid transmembrane transporter activity [GO:0015171]; neutral L-amino acid transmembrane transporter activity [GO:0015175]; symporter activity [GO:0015293],Sodium-dependent neutral amino acid transporter B(0)AT1
Pocillopora_acuta_HIv2___RNAseq.g27017.t1,SLC,,Q9H1U9,5.05e-96,Mitochondrial nicotinamide adenine dinucleotide transporter SLC25A51 (Mitochondrial NAD(+) transporter SLC25A51) (Mitochondrial carrier triple repeat protein 1) (Solute carrier family 25 member 51),aerobic electron transport chain [GO:0019646]; mitochondrial NAD transmembrane transport [GO:1990549],GO:0005739; GO:0005743; GO:0019646; GO:0051724; GO:1990549,mitochondrial inner membrane [GO:0005743]; mitochondrion [GO:0005739],NAD transmembrane transporter activity [GO:0051724],Mitochondrial nicotinamide adenine dinucleotide transporter SLC25A51
Pocillopora_acuta_HIv2___RNAseq.g27043.t1,SLC,,Q9NRA2,7.32e-150,Sialin (H(+)/nitrate cotransporter) (H(+)/sialic acid cotransporter) (AST) (Membrane glycoprotein HP59) (Solute carrier family 17 member 5) (Vesicular excitatory amino acid transporter) (VEAT),amino acid transport [GO:0006865]; monoatomic anion transport [GO:0006820]; monoatomic ion transport [GO:0006811]; neurotransmitter loading into synaptic vesicle [GO:0098700]; response to bacterium [GO:0009617]; sialic acid transport [GO:0015739],GO:0005351; GO:0005764; GO:0005765; GO:0005829; GO:0005886; GO:0006811; GO:0006820; GO:0006865; GO:0009617; GO:0015136; GO:0015538; GO:0015739; GO:0016020; GO:0016323; GO:0016324; GO:0030672; GO:0042880; GO:0098700; GO:0098978,apical plasma membrane [GO:0016324]; basolateral plasma membrane [GO:0016323]; cytosol [GO:0005829]; glutamatergic synapse [GO:0098978]; lysosomal membrane [GO:0005765]; lysosome [GO:0005764]; membrane [GO:0016020]; plasma membrane [GO:0005886]; synaptic vesicle membrane [GO:0030672],carbohydrate:proton symporter activity [GO:0005351]; D-glucuronate transmembrane transporter activity [GO:0042880]; sialic acid transmembrane transporter activity [GO:0015136]; sialic acid:proton symporter activity [GO:0015538],Sialin
Pocillopora_acuta_HIv2___RNAseq.g27080.t1b,SLC,,P16260,2.03e-95,Solute carrier family 25 member 16 (Graves disease autoantigen) (GDA) (Graves disease carrier protein) (GDC) (Graves' didease protein) (hGP) (Mitochondrial solute carrier protein homolog),mitochondrial coenzyme A transmembrane transport [GO:1990559]; mitochondrial transport [GO:0006839]; pantothenate metabolic process [GO:0015939],GO:0005739; GO:0005743; GO:0006839; GO:0015228; GO:0015297; GO:0015939; GO:1990559,mitochondrial inner membrane [GO:0005743]; mitochondrion [GO:0005739],antiporter activity [GO:0015297]; coenzyme A transmembrane transporter activity [GO:0015228],Solute carrier family 25 member 16
Pocillopora_acuta_HIv2___RNAseq.g27127.t1,SLC,,P82251,5.39e-138,"b(0,+)-type amino acid transporter 1 (b(0,+)AT1) (Glycoprotein-associated amino acid transporter b0,+AT1) (Solute carrier family 7 member 9)",amino acid transmembrane transport [GO:0003333]; L-cystine transport [GO:0015811]; neutral amino acid transport [GO:0015804]; protein-containing complex assembly [GO:0065003],GO:0003333; GO:0005886; GO:0015175; GO:0015184; GO:0015297; GO:0015804; GO:0015811; GO:0016324; GO:0031526; GO:0042605; GO:0046982; GO:0065003; GO:0180009,apical plasma membrane [GO:0016324]; brush border membrane [GO:0031526]; plasma membrane [GO:0005886],antiporter activity [GO:0015297]; broad specificity neutral L-amino acid:basic L-amino acid antiporter activity [GO:0180009]; L-cystine transmembrane transporter activity [GO:0015184]; neutral L-amino acid transmembrane transporter activity [GO:0015175]; peptide antigen binding [GO:0042605]; protein heterodimerization activity [GO:0046982],"b(0,+)-type amino acid transporter 1"
Pocillopora_acuta_HIv2___RNAseq.g27283.t1,SLC,,Q17QZ3,9.29e-178,Sugar phosphate exchanger 3 (Solute carrier family 37 member 3),xenobiotic transmembrane transport [GO:0006855],GO:0005765; GO:0005789; GO:0006855; GO:0042910,endoplasmic reticulum membrane [GO:0005789]; lysosomal membrane [GO:0005765],xenobiotic transmembrane transporter activity [GO:0042910],Sugar phosphate exchanger 3
Pocillopora_acuta_HIv2___RNAseq.g27362.t1,SLC,,Q62720,4.34e-100,Proton-coupled zinc antiporter SLC30A1 (Solute carrier family 30 member 1) (Zinc transporter 1) (ZnT-1),cadmium ion transmembrane transport [GO:0070574]; calcium ion import [GO:0070509]; defense response to bacterium [GO:0042742]; detoxification of cadmium ion [GO:0071585]; detoxification of zinc ion [GO:0010312]; in utero embryonic development [GO:0001701]; intracellular calcium ion homeostasis [GO:0006874]; intracellular zinc ion homeostasis [GO:0006882]; negative regulation of calcium ion import [GO:0090281]; negative regulation of neurotransmitter secretion [GO:0046929]; negative regulation of zinc ion transmembrane import [GO:0071584]; positive regulation of dendritic spine morphogenesis [GO:0061003]; regulation of postsynaptic density protein 95 clustering [GO:1902897]; zinc export across plasma membrane [GO:0140882]; zinc ion import into organelle [GO:0062111]; zinc ion transmembrane transport [GO:0071577]; zinc ion transport [GO:0006829],GO:0000139; GO:0001701; GO:0005385; GO:0005737; GO:0005783; GO:0005789; GO:0005794; GO:0005886; GO:0006829; GO:0006874; GO:0006882; GO:0010312; GO:0016020; GO:0016323; GO:0019855; GO:0030315; GO:0030425; GO:0030659; GO:0031965; GO:0042742; GO:0046872; GO:0046929; GO:0061003; GO:0062111; GO:0070509; GO:0070574; GO:0071577; GO:0071584; GO:0071585; GO:0090281; GO:0098685; GO:0098839; GO:0099092; GO:0099573; GO:0140826; GO:0140882; GO:1902897,"basolateral plasma membrane [GO:0016323]; cytoplasm [GO:0005737]; cytoplasmic vesicle membrane [GO:0030659]; dendrite [GO:0030425]; endoplasmic reticulum [GO:0005783]; endoplasmic reticulum membrane [GO:0005789]; glutamatergic postsynaptic density [GO:0099573]; Golgi apparatus [GO:0005794]; Golgi membrane [GO:0000139]; membrane [GO:0016020]; nuclear membrane [GO:0031965]; plasma membrane [GO:0005886]; postsynaptic density membrane [GO:0098839]; postsynaptic density, intracellular component [GO:0099092]; Schaffer collateral - CA1 synapse [GO:0098685]; T-tubule [GO:0030315]",calcium channel inhibitor activity [GO:0019855]; metal ion binding [GO:0046872]; zinc ion transmembrane transporter activity [GO:0005385]; zinc:proton antiporter activity [GO:0140826],Proton-coupled zinc antiporter SLC30A1
Pocillopora_acuta_HIv2___RNAseq.g27605.t1,calcium,,Q2IBC1,5.39e-18,Caveolin-1,angiogenesis [GO:0001525]; angiotensin-activated signaling pathway [GO:0038166]; apoptotic signaling pathway [GO:0097190]; basement membrane organization [GO:0071711]; calcium ion transport [GO:0006816]; canonical Wnt signaling pathway [GO:0060070]; caveola assembly [GO:0070836]; caveolin-mediated endocytosis [GO:0072584]; cellular response to exogenous dsRNA [GO:0071360]; cellular response to hyperoxia [GO:0071455]; cellular response to misfolded protein [GO:0071218]; cellular response to transforming growth factor beta stimulus [GO:0071560]; cholesterol homeostasis [GO:0042632]; cytokine-mediated signaling pathway [GO:0019221]; endothelial cell proliferation [GO:0001935]; establishment of localization in cell [GO:0051649]; fibroblast proliferation [GO:0048144]; glandular epithelial cell differentiation [GO:0002067]; insulin receptor internalization [GO:0038016]; intracellular nitric oxide homeostasis [GO:0033484]; lactation [GO:0007595]; lipid storage [GO:0019915]; mammary gland involution [GO:0060056]; MAPK cascade [GO:0000165]; membrane depolarization [GO:0051899]; muscle cell cellular homeostasis [GO:0046716]; negative regulation of anoikis [GO:2000811]; negative regulation of canonical Wnt signaling pathway [GO:0090090]; negative regulation of cytokine-mediated signaling pathway [GO:0001960]; negative regulation of endothelial cell proliferation [GO:0001937]; negative regulation of epithelial cell differentiation [GO:0030857]; negative regulation of fibroblast proliferation [GO:0048147]; negative regulation of MAPK cascade [GO:0043409]; negative regulation of necroptotic process [GO:0060546]; negative regulation of nitric oxide biosynthetic process [GO:0045019]; negative regulation of pinocytosis [GO:0048550]; negative regulation of potassium ion transmembrane transport [GO:1901380]; negative regulation of protein ubiquitination [GO:0031397]; negative regulation of receptor signaling pathway via JAK-STAT [GO:0046426]; negative regulation of transcription by RNA polymerase II [GO:0000122]; nitric oxide biosynthetic process [GO:0006809]; positive regulation of calcium ion transport into cytosol [GO:0010524]; positive regulation of canonical NF-kappaB signal transduction [GO:0043123]; positive regulation of cell adhesion molecule production [GO:0060355]; positive regulation of cell migration [GO:0030335]; positive regulation of cholesterol efflux [GO:0010875]; positive regulation of cold-induced thermogenesis [GO:0120162]; positive regulation of ERAD pathway [GO:1904294]; positive regulation of extrinsic apoptotic signaling pathway [GO:2001238]; positive regulation of gap junction assembly [GO:1903598]; positive regulation of gene expression [GO:0010628]; positive regulation of intrinsic apoptotic signaling pathway [GO:2001244]; positive regulation of protein ubiquitination [GO:0031398]; positive regulation of toll-like receptor 3 signaling pathway [GO:0034141]; positive regulation of vasoconstriction [GO:0045907]; post-transcriptional regulation of gene expression [GO:0010608]; protein transport [GO:0015031]; receptor internalization [GO:0031623]; receptor-mediated endocytosis of virus by host cell [GO:0019065]; regulation of blood coagulation [GO:0030193]; regulation of cell communication by electrical coupling involved in cardiac conduction [GO:1901844]; regulation of cytosolic calcium ion concentration [GO:0051480]; regulation of entry of bacterium into host cell [GO:2000535]; regulation of fatty acid metabolic process [GO:0019217]; regulation of heart rate by cardiac conduction [GO:0086091]; regulation of membrane repolarization during action potential [GO:0098903]; regulation of ruffle assembly [GO:1900027]; regulation of smooth muscle contraction [GO:0006940]; regulation of the force of heart contraction by chemical signal [GO:0003057]; regulation of ventricular cardiac muscle cell action potential [GO:0098911]; response to bacterium [GO:0009617]; response to calcium ion [GO:0051592]; response to estrogen [GO:0043627]; response to hypoxia [GO:0001666]; response to ischemia [GO:0002931]; response to progesterone [GO:0032570]; skeletal muscle tissue development [GO:0007519]; T cell costimulation [GO:0031295]; triglyceride metabolic process [GO:0006641]; vasculogenesis [GO:0001570]; vasoconstriction [GO:0042310],GO:0000122; GO:0000139; GO:0000165; GO:0001525; GO:0001570; GO:0001666; GO:0001935; GO:0001937; GO:0001960; GO:0002067; GO:0002080; GO:0002095; GO:0002931; GO:0003057; GO:0005102; GO:0005768; GO:0005783; GO:0005901; GO:0005925; GO:0005929; GO:0005938; GO:0006641; GO:0006809; GO:0006816; GO:0006940; GO:0007519; GO:0007595; GO:0008142; GO:0009617; GO:0010524; GO:0010608; GO:0010628; GO:0010875; GO:0015031; GO:0016504; GO:0019065; GO:0019217; GO:0019221; GO:0019901; GO:0019915; GO:0030193; GO:0030292; GO:0030335; GO:0030674; GO:0030857; GO:0031267; GO:0031295; GO:0031397; GO:0031398; GO:0031623; GO:0032570; GO:0033484; GO:0034141; GO:0038016; GO:0038166; GO:0042310; GO:0042383; GO:0042632; GO:0042802; GO:0043123; GO:0043409; GO:0043627; GO:0044325; GO:0044877; GO:0045019; GO:0045121; GO:0045907; GO:0046426; GO:0046716; GO:0046982; GO:0048144; GO:0048147; GO:0048471; GO:0048550; GO:0050998; GO:0051117; GO:0051480; GO:0051592; GO:0051649; GO:0051899; GO:0060056; GO:0060070; GO:0060355; GO:0060546; GO:0070320; GO:0070836; GO:0071218; GO:0071360; GO:0071455; GO:0071560; GO:0071711; GO:0072584; GO:0086091; GO:0090090; GO:0097190; GO:0098903; GO:0098911; GO:0120162; GO:1900027; GO:1901380; GO:1901844; GO:1903598; GO:1904294; GO:2000535; GO:2000811; GO:2001238; GO:2001244,acrosomal membrane [GO:0002080]; caveola [GO:0005901]; caveolar macromolecular signaling complex [GO:0002095]; cell cortex [GO:0005938]; cilium [GO:0005929]; endoplasmic reticulum [GO:0005783]; endosome [GO:0005768]; focal adhesion [GO:0005925]; Golgi membrane [GO:0000139]; membrane raft [GO:0045121]; perinuclear region of cytoplasm [GO:0048471]; sarcolemma [GO:0042383],ATPase binding [GO:0051117]; identical protein binding [GO:0042802]; inward rectifier potassium channel inhibitor activity [GO:0070320]; nitric-oxide synthase binding [GO:0050998]; oxysterol binding [GO:0008142]; peptidase activator activity [GO:0016504]; protein heterodimerization activity [GO:0046982]; protein kinase binding [GO:0019901]; protein tyrosine kinase inhibitor activity [GO:0030292]; protein-containing complex binding [GO:0044877]; protein-macromolecule adaptor activity [GO:0030674]; signaling receptor binding [GO:0005102]; small GTPase binding [GO:0031267]; transmembrane transporter binding [GO:0044325],Caveolin-1
Pocillopora_acuta_HIv2___RNAseq.g27806.t1,SLC,,Q6PF45,5.3e-68,Vesicular inhibitory amino acid transporter (GABA and glycine transporter) (Solute carrier family 32 member 1) (Vesicular GABA transporter) (xVIAAT),amino acid transmembrane transport [GO:0003333]; beta-alanine transport [GO:0001762]; gamma-aminobutyric acid import [GO:0051939]; gamma-aminobutyric acid transport [GO:0015812]; glycine transport [GO:0015816]; neurotransmitter transport [GO:0006836],GO:0001762; GO:0003333; GO:0005774; GO:0006836; GO:0008021; GO:0015179; GO:0015185; GO:0015187; GO:0015812; GO:0015816; GO:0030659; GO:0042995; GO:0051939; GO:0098793; GO:0140799; GO:0140800,cell projection [GO:0042995]; cytoplasmic vesicle membrane [GO:0030659]; presynapse [GO:0098793]; synaptic vesicle [GO:0008021]; vacuolar membrane [GO:0005774],gamma-aminobutyric acid transmembrane transporter activity [GO:0015185]; gamma-aminobutyric acid:proton antiporter activity [GO:0140800]; glycine transmembrane transporter activity [GO:0015187]; glycine:proton antiporter activity [GO:0140799]; L-amino acid transmembrane transporter activity [GO:0015179],Vesicular inhibitory amino acid transporter
Pocillopora_acuta_HIv2___RNAseq.g27838.t1,SLC,,Q6DIV6,1.86e-73,Vesicular inhibitory amino acid transporter (GABA and glycine transporter) (Solute carrier family 32 member 1) (Vesicular GABA transporter),beta-alanine transport [GO:0001762]; gamma-aminobutyric acid import [GO:0051939]; gamma-aminobutyric acid transport [GO:0015812]; glycine transport [GO:0015816]; neurotransmitter transport [GO:0006836],GO:0001762; GO:0006836; GO:0008021; GO:0015185; GO:0015187; GO:0015812; GO:0015816; GO:0030659; GO:0042995; GO:0051939; GO:0098793; GO:0140799; GO:0140800,cell projection [GO:0042995]; cytoplasmic vesicle membrane [GO:0030659]; presynapse [GO:0098793]; synaptic vesicle [GO:0008021],gamma-aminobutyric acid transmembrane transporter activity [GO:0015185]; gamma-aminobutyric acid:proton antiporter activity [GO:0140800]; glycine transmembrane transporter activity [GO:0015187]; glycine:proton antiporter activity [GO:0140799],Vesicular inhibitory amino acid transporter
Pocillopora_acuta_HIv2___RNAseq.g27839.t1,SLC,,Q6DIV6,1.36e-61,Vesicular inhibitory amino acid transporter (GABA and glycine transporter) (Solute carrier family 32 member 1) (Vesicular GABA transporter),beta-alanine transport [GO:0001762]; gamma-aminobutyric acid import [GO:0051939]; gamma-aminobutyric acid transport [GO:0015812]; glycine transport [GO:0015816]; neurotransmitter transport [GO:0006836],GO:0001762; GO:0006836; GO:0008021; GO:0015185; GO:0015187; GO:0015812; GO:0015816; GO:0030659; GO:0042995; GO:0051939; GO:0098793; GO:0140799; GO:0140800,cell projection [GO:0042995]; cytoplasmic vesicle membrane [GO:0030659]; presynapse [GO:0098793]; synaptic vesicle [GO:0008021],gamma-aminobutyric acid transmembrane transporter activity [GO:0015185]; gamma-aminobutyric acid:proton antiporter activity [GO:0140800]; glycine transmembrane transporter activity [GO:0015187]; glycine:proton antiporter activity [GO:0140799],Vesicular inhibitory amino acid transporter
Pocillopora_acuta_HIv2___RNAseq.g2784.t1,calcium,,Q05586,4.13e-53,"Glutamate receptor ionotropic, NMDA 1 (GluN1) (Glutamate [NMDA] receptor subunit zeta-1) (N-methyl-D-aspartate receptor subunit NR1) (NMD-R1) (hNR1)","brain development [GO:0007420]; calcium ion homeostasis [GO:0055074]; calcium ion transmembrane import into cytosol [GO:0097553]; calcium ion transmembrane transport [GO:0070588]; chemical synaptic transmission [GO:0007268]; excitatory chemical synaptic transmission [GO:0098976]; excitatory postsynaptic potential [GO:0060079]; ionotropic glutamate receptor signaling pathway [GO:0035235]; monoatomic cation transmembrane transport [GO:0098655]; monoatomic cation transport [GO:0006812]; positive regulation of calcium ion transport into cytosol [GO:0010524]; positive regulation of excitatory postsynaptic potential [GO:2000463]; positive regulation of reactive oxygen species biosynthetic process [GO:1903428]; positive regulation of synaptic transmission, glutamatergic [GO:0051968]; positive regulation of transcription by RNA polymerase II [GO:0045944]; propylene metabolic process [GO:0018964]; protein heterotetramerization [GO:0051290]; regulation of membrane potential [GO:0042391]; regulation of monoatomic cation transmembrane transport [GO:1904062]; regulation of neuronal synaptic plasticity [GO:0048168]; regulation of synaptic plasticity [GO:0048167]; response to ethanol [GO:0045471]; response to glycine [GO:1905429]; sodium ion transmembrane transport [GO:0035725]; visual learning [GO:0008542]",GO:0001540; GO:0004972; GO:0005509; GO:0005516; GO:0005737; GO:0005789; GO:0005886; GO:0006812; GO:0007268; GO:0007420; GO:0008021; GO:0008542; GO:0009986; GO:0010524; GO:0014069; GO:0015280; GO:0016594; GO:0016595; GO:0017146; GO:0018964; GO:0022849; GO:0030425; GO:0034702; GO:0035235; GO:0035725; GO:0038023; GO:0042391; GO:0043005; GO:0043083; GO:0043195; GO:0043197; GO:0044877; GO:0045202; GO:0045211; GO:0045471; GO:0045944; GO:0048167; GO:0048168; GO:0051290; GO:0051968; GO:0055074; GO:0060076; GO:0060079; GO:0070588; GO:0097060; GO:0097553; GO:0098655; GO:0098839; GO:0098878; GO:0098976; GO:0160212; GO:1903428; GO:1904062; GO:1905429; GO:2000463,cell surface [GO:0009986]; cytoplasm [GO:0005737]; dendrite [GO:0030425]; dendritic spine [GO:0043197]; endoplasmic reticulum membrane [GO:0005789]; excitatory synapse [GO:0060076]; monoatomic ion channel complex [GO:0034702]; neuron projection [GO:0043005]; neurotransmitter receptor complex [GO:0098878]; NMDA selective glutamate receptor complex [GO:0017146]; plasma membrane [GO:0005886]; postsynaptic density [GO:0014069]; postsynaptic density membrane [GO:0098839]; postsynaptic membrane [GO:0045211]; synapse [GO:0045202]; synaptic cleft [GO:0043083]; synaptic membrane [GO:0097060]; synaptic vesicle [GO:0008021]; terminal bouton [GO:0043195],amyloid-beta binding [GO:0001540]; calcium ion binding [GO:0005509]; calmodulin binding [GO:0005516]; glutamate binding [GO:0016595]; glutamate-gated calcium ion channel activity [GO:0022849]; glycine binding [GO:0016594]; glycine-gated cation channel activity [GO:0160212]; ligand-gated sodium channel activity [GO:0015280]; NMDA glutamate receptor activity [GO:0004972]; protein-containing complex binding [GO:0044877]; signaling receptor activity [GO:0038023],"Glutamate receptor ionotropic, NMDA 1"
Pocillopora_acuta_HIv2___RNAseq.g27976.t1,PMCA,,Q16720,0,Plasma membrane calcium-transporting ATPase 3 (PMCA3) (EC 7.2.2.10) (Plasma membrane calcium ATPase isoform 3) (Plasma membrane calcium pump isoform 3),calcium ion export across plasma membrane [GO:1990034]; monoatomic ion transmembrane transport [GO:0034220]; regulation of cardiac conduction [GO:1903779]; regulation of cytosolic calcium ion concentration [GO:0051480],GO:0005388; GO:0005516; GO:0005524; GO:0005886; GO:0015085; GO:0016887; GO:0034220; GO:0042734; GO:0043231; GO:0046872; GO:0051480; GO:0098688; GO:0098978; GO:0098982; GO:1903561; GO:1903779; GO:1905056; GO:1990032; GO:1990034,extracellular vesicle [GO:1903561]; GABA-ergic synapse [GO:0098982]; glutamatergic synapse [GO:0098978]; intracellular membrane-bounded organelle [GO:0043231]; parallel fiber [GO:1990032]; parallel fiber to Purkinje cell synapse [GO:0098688]; plasma membrane [GO:0005886]; presynaptic membrane [GO:0042734],ATP binding [GO:0005524]; ATP hydrolysis activity [GO:0016887]; calcium ion transmembrane transporter activity [GO:0015085]; calmodulin binding [GO:0005516]; metal ion binding [GO:0046872]; P-type calcium transporter activity [GO:0005388]; P-type calcium transporter activity involved in regulation of presynaptic cytosolic calcium ion concentration [GO:1905056],Plasma membrane calcium-transporting ATPase 3
Pocillopora_acuta_HIv2___RNAseq.g27977.t1,PMCA,,Q16720,0,Plasma membrane calcium-transporting ATPase 3 (PMCA3) (EC 7.2.2.10) (Plasma membrane calcium ATPase isoform 3) (Plasma membrane calcium pump isoform 3),calcium ion export across plasma membrane [GO:1990034]; monoatomic ion transmembrane transport [GO:0034220]; regulation of cardiac conduction [GO:1903779]; regulation of cytosolic calcium ion concentration [GO:0051480],GO:0005388; GO:0005516; GO:0005524; GO:0005886; GO:0015085; GO:0016887; GO:0034220; GO:0042734; GO:0043231; GO:0046872; GO:0051480; GO:0098688; GO:0098978; GO:0098982; GO:1903561; GO:1903779; GO:1905056; GO:1990032; GO:1990034,extracellular vesicle [GO:1903561]; GABA-ergic synapse [GO:0098982]; glutamatergic synapse [GO:0098978]; intracellular membrane-bounded organelle [GO:0043231]; parallel fiber [GO:1990032]; parallel fiber to Purkinje cell synapse [GO:0098688]; plasma membrane [GO:0005886]; presynaptic membrane [GO:0042734],ATP binding [GO:0005524]; ATP hydrolysis activity [GO:0016887]; calcium ion transmembrane transporter activity [GO:0015085]; calmodulin binding [GO:0005516]; metal ion binding [GO:0046872]; P-type calcium transporter activity [GO:0005388]; P-type calcium transporter activity involved in regulation of presynaptic cytosolic calcium ion concentration [GO:1905056],Plasma membrane calcium-transporting ATPase 3
Pocillopora_acuta_HIv2___RNAseq.g27978.t1,PMCA,,P23634,1.01e-131,Plasma membrane calcium-transporting ATPase 4 (PMCA4) (EC 7.2.2.10) (Matrix-remodeling-associated protein 1) (Plasma membrane calcium ATPase isoform 4) (Plasma membrane calcium pump isoform 4),calcium ion export [GO:1901660]; calcium ion import across plasma membrane [GO:0098703]; calcium ion transmembrane import into cytosol [GO:0097553]; calcium ion transmembrane transport [GO:0070588]; cellular response to acetylcholine [GO:1905145]; cellular response to epinephrine stimulus [GO:0071872]; flagellated sperm motility [GO:0030317]; hippocampus development [GO:0021766]; intracellular calcium ion homeostasis [GO:0006874]; monoatomic ion transmembrane transport [GO:0034220]; negative regulation of adenylate cyclase-activating adrenergic receptor signaling pathway [GO:0071878]; negative regulation of angiogenesis [GO:0016525]; negative regulation of arginine catabolic process [GO:1900082]; negative regulation of blood vessel endothelial cell migration [GO:0043537]; negative regulation of calcineurin-NFAT signaling cascade [GO:0070885]; negative regulation of cardiac muscle hypertrophy in response to stress [GO:1903243]; negative regulation of cellular response to vascular endothelial growth factor stimulus [GO:1902548]; negative regulation of citrulline biosynthetic process [GO:1903249]; negative regulation of gene expression [GO:0010629]; negative regulation of nitric oxide biosynthetic process [GO:0045019]; negative regulation of the force of heart contraction [GO:0098736]; neural retina development [GO:0003407]; nitric oxide-cGMP-mediated signaling [GO:0038060]; positive regulation of protein localization to plasma membrane [GO:1903078]; regulation of cardiac conduction [GO:1903779]; regulation of cell cycle G1/S phase transition [GO:1902806]; regulation of cytosolic calcium ion concentration [GO:0051480]; regulation of sodium ion transmembrane transport [GO:1902305]; regulation of transcription by RNA polymerase II [GO:0006357]; response to hydrostatic pressure [GO:0051599]; spermatogenesis [GO:0007283]; transport across blood-brain barrier [GO:0150104]; urinary bladder smooth muscle contraction [GO:0014832],GO:0003407; GO:0005388; GO:0005516; GO:0005524; GO:0005739; GO:0005886; GO:0005901; GO:0005929; GO:0006357; GO:0006874; GO:0007283; GO:0010629; GO:0014832; GO:0015085; GO:0016020; GO:0016323; GO:0016525; GO:0016887; GO:0017080; GO:0019901; GO:0021766; GO:0030018; GO:0030165; GO:0030315; GO:0030317; GO:0030346; GO:0032991; GO:0034220; GO:0036064; GO:0036126; GO:0036487; GO:0038060; GO:0043231; GO:0043537; GO:0045019; GO:0045121; GO:0046872; GO:0048787; GO:0050998; GO:0051480; GO:0051599; GO:0070588; GO:0070885; GO:0071872; GO:0071878; GO:0097110; GO:0097228; GO:0097553; GO:0098703; GO:0098736; GO:0098978; GO:0150104; GO:1900082; GO:1901660; GO:1902305; GO:1902548; GO:1902806; GO:1903078; GO:1903243; GO:1903249; GO:1903779; GO:1905145,basolateral plasma membrane [GO:0016323]; caveola [GO:0005901]; ciliary basal body [GO:0036064]; cilium [GO:0005929]; glutamatergic synapse [GO:0098978]; intracellular membrane-bounded organelle [GO:0043231]; membrane [GO:0016020]; membrane raft [GO:0045121]; mitochondrion [GO:0005739]; plasma membrane [GO:0005886]; presynaptic active zone membrane [GO:0048787]; protein-containing complex [GO:0032991]; sperm flagellum [GO:0036126]; sperm principal piece [GO:0097228]; T-tubule [GO:0030315]; Z disc [GO:0030018],ATP binding [GO:0005524]; ATP hydrolysis activity [GO:0016887]; calcium ion transmembrane transporter activity [GO:0015085]; calmodulin binding [GO:0005516]; metal ion binding [GO:0046872]; nitric-oxide synthase binding [GO:0050998]; nitric-oxide synthase inhibitor activity [GO:0036487]; P-type calcium transporter activity [GO:0005388]; PDZ domain binding [GO:0030165]; protein kinase binding [GO:0019901]; protein phosphatase 2B binding [GO:0030346]; scaffold protein binding [GO:0097110]; sodium channel regulator activity [GO:0017080],Plasma membrane calcium-transporting ATPase 4
Pocillopora_acuta_HIv2___RNAseq.g28059.t1,SLC,,Q9Y619,4.24e-103,Mitochondrial ornithine transporter 1 (Solute carrier family 25 member 15),L-arginine transmembrane transport [GO:1903826]; L-lysine transmembrane transport [GO:1903401]; mitochondrial L-ornithine transmembrane transport [GO:1990575]; urea cycle [GO:0000050],GO:0000050; GO:0000064; GO:0005739; GO:0005743; GO:0015189; GO:0015297; GO:0016020; GO:0061459; GO:1903401; GO:1903826; GO:1990575,membrane [GO:0016020]; mitochondrial inner membrane [GO:0005743]; mitochondrion [GO:0005739],antiporter activity [GO:0015297]; L-arginine transmembrane transporter activity [GO:0061459]; L-lysine transmembrane transporter activity [GO:0015189]; L-ornithine transmembrane transporter activity [GO:0000064],Mitochondrial ornithine transporter 1
Pocillopora_acuta_HIv2___RNAseq.g2813.t4,calcium,,Q3UP38,3.53e-55,EF-hand calcium-binding domain-containing protein 4B (Calcium release-activated channel regulator 2A) (Ras-related protein Rab-46) (EC 3.6.5.2),activation of store-operated calcium channel activity [GO:0032237]; adaptive immune response [GO:0002250]; endosomal transport [GO:0016197]; positive regulation of calcium ion transport [GO:0051928]; positive regulation of JNK cascade [GO:0046330]; protein localization [GO:0008104]; response to histamine [GO:0034776]; store-operated calcium entry [GO:0002115]; T-helper 1 cell differentiation [GO:0045063],GO:0000139; GO:0001772; GO:0002115; GO:0002250; GO:0003924; GO:0005509; GO:0005525; GO:0005737; GO:0005815; GO:0005886; GO:0008104; GO:0016197; GO:0031982; GO:0032237; GO:0032588; GO:0033093; GO:0034776; GO:0045063; GO:0046330; GO:0051928,cytoplasm [GO:0005737]; Golgi membrane [GO:0000139]; immunological synapse [GO:0001772]; microtubule organizing center [GO:0005815]; plasma membrane [GO:0005886]; trans-Golgi network membrane [GO:0032588]; vesicle [GO:0031982]; Weibel-Palade body [GO:0033093],calcium ion binding [GO:0005509]; GTP binding [GO:0005525]; GTPase activity [GO:0003924],EF-hand calcium-binding domain-containing protein 4B
Pocillopora_acuta_HIv2___RNAseq.g28251.t1,SLC,,P23978,1.74e-167,Sodium- and chloride-dependent GABA transporter 1 (GAT-1) (Solute carrier family 6 member 1),"amino acid transport [GO:0006865]; associative learning [GO:0008306]; chloride transmembrane transport [GO:1902476]; gamma-aminobutyric acid import [GO:0051939]; inorganic anion import across plasma membrane [GO:0098658]; learning [GO:0007612]; memory [GO:0007613]; negative regulation of synaptic transmission, GABAergic [GO:0032229]; neurotransmitter reuptake [GO:0098810]; positive regulation of gamma-aminobutyric acid secretion [GO:0014054]; response to calcium ion [GO:0051592]; response to cocaine [GO:0042220]; response to estradiol [GO:0032355]; response to lead ion [GO:0010288]; response to methamphetamine hydrochloride [GO:1904313]; response to purine-containing compound [GO:0014074]; response to sucrose [GO:0009744]; response to toxic substance [GO:0009636]; response to xenobiotic stimulus [GO:0009410]; sodium ion import across plasma membrane [GO:0098719]; sodium ion transmembrane transport [GO:0035725]; synapse organization [GO:0050808]",GO:0005283; GO:0005332; GO:0005886; GO:0006865; GO:0007612; GO:0007613; GO:0008306; GO:0009410; GO:0009636; GO:0009744; GO:0009986; GO:0010288; GO:0014054; GO:0014074; GO:0015185; GO:0015378; GO:0030424; GO:0032229; GO:0032355; GO:0035725; GO:0042220; GO:0042734; GO:0042802; GO:0043025; GO:0045211; GO:0046872; GO:0050808; GO:0051592; GO:0051939; GO:0098658; GO:0098719; GO:0098810; GO:0098982; GO:1902476; GO:1904313,axon [GO:0030424]; cell surface [GO:0009986]; GABA-ergic synapse [GO:0098982]; neuronal cell body [GO:0043025]; plasma membrane [GO:0005886]; postsynaptic membrane [GO:0045211]; presynaptic membrane [GO:0042734],amino acid:sodium symporter activity [GO:0005283]; gamma-aminobutyric acid transmembrane transporter activity [GO:0015185]; gamma-aminobutyric acid:sodium:chloride symporter activity [GO:0005332]; identical protein binding [GO:0042802]; metal ion binding [GO:0046872]; sodium:chloride symporter activity [GO:0015378],Sodium- and chloride-dependent GABA transporter 1
Pocillopora_acuta_HIv2___RNAseq.g28252.t1,SLC,,P30531,0,Sodium- and chloride-dependent GABA transporter 1 (GAT-1) (Solute carrier family 6 member 1),amino acid transport [GO:0006865]; associative learning [GO:0008306]; chemical synaptic transmission [GO:0007268]; chloride transmembrane transport [GO:1902476]; gamma-aminobutyric acid import [GO:0051939]; gamma-aminobutyric acid reuptake [GO:0051936]; inorganic anion import across plasma membrane [GO:0098658]; memory [GO:0007613]; sodium ion import across plasma membrane [GO:0098719]; sodium ion transmembrane transport [GO:0035725]; synapse organization [GO:0050808]; transport across blood-brain barrier [GO:0150104],GO:0005332; GO:0005886; GO:0006865; GO:0007268; GO:0007613; GO:0008306; GO:0009986; GO:0015185; GO:0015378; GO:0016020; GO:0030424; GO:0035725; GO:0043025; GO:0046872; GO:0050808; GO:0051936; GO:0051939; GO:0098658; GO:0098719; GO:0098793; GO:0098982; GO:0150104; GO:1902476,axon [GO:0030424]; cell surface [GO:0009986]; GABA-ergic synapse [GO:0098982]; membrane [GO:0016020]; neuronal cell body [GO:0043025]; plasma membrane [GO:0005886]; presynapse [GO:0098793],gamma-aminobutyric acid transmembrane transporter activity [GO:0015185]; gamma-aminobutyric acid:sodium:chloride symporter activity [GO:0005332]; metal ion binding [GO:0046872]; sodium:chloride symporter activity [GO:0015378],Sodium- and chloride-dependent GABA transporter 1
Pocillopora_acuta_HIv2___RNAseq.g28253.t1,SLC,,A5PJX7,0,Sodium- and chloride-dependent GABA transporter 2 (GAT-2) (Solute carrier family 6 member 13),amino acid import across plasma membrane [GO:0089718]; amino acid transport [GO:0006865]; neurotransmitter transport [GO:0006836]; sodium ion transmembrane transport [GO:0035725],GO:0005332; GO:0005886; GO:0006836; GO:0006865; GO:0016323; GO:0035725; GO:0042995; GO:0089718,basolateral plasma membrane [GO:0016323]; cell projection [GO:0042995]; plasma membrane [GO:0005886],gamma-aminobutyric acid:sodium:chloride symporter activity [GO:0005332],Sodium- and chloride-dependent GABA transporter 2
Pocillopora_acuta_HIv2___RNAseq.g28270.t1,calcium,,O08734,1.42e-26,Bcl-2 homologous antagonist/killer (Apoptosis regulator BAK),animal organ regeneration [GO:0031100]; apoptotic process involved in blood vessel morphogenesis [GO:1902262]; B cell apoptotic process [GO:0001783]; B cell homeostasis [GO:0001782]; B cell negative selection [GO:0002352]; blood vessel remodeling [GO:0001974]; calcium ion transport into cytosol [GO:0060402]; cellular response to mechanical stimulus [GO:0071260]; cellular response to UV [GO:0034644]; endocrine pancreas development [GO:0031018]; epithelial cell proliferation [GO:0050673]; establishment of localization in cell [GO:0051649]; establishment or maintenance of transmembrane electrochemical gradient [GO:0010248]; extrinsic apoptotic signaling pathway in absence of ligand [GO:0097192]; fibroblast apoptotic process [GO:0044346]; homeostasis of number of cells [GO:0048872]; intrinsic apoptotic signaling pathway in response to DNA damage [GO:0008630]; intrinsic apoptotic signaling pathway in response to endoplasmic reticulum stress [GO:0070059]; leukocyte homeostasis [GO:0001776]; limb morphogenesis [GO:0035108]; mitochondrial fusion [GO:0008053]; myeloid cell homeostasis [GO:0002262]; negative regulation of cell population proliferation [GO:0008285]; negative regulation of endoplasmic reticulum calcium ion concentration [GO:0032471]; negative regulation of gene expression [GO:0010629]; negative regulation of mitochondrial outer membrane permeabilization involved in apoptotic signaling pathway [GO:1901029]; negative regulation of release of cytochrome c from mitochondria [GO:0090201]; positive regulation of apoptotic process [GO:0043065]; positive regulation of calcium ion transport into cytosol [GO:0010524]; positive regulation of mitochondrial outer membrane permeabilization involved in apoptotic signaling pathway [GO:1901030]; positive regulation of protein-containing complex assembly [GO:0031334]; positive regulation of proteolysis [GO:0045862]; positive regulation of release of cytochrome c from mitochondria [GO:0090200]; post-embryonic camera-type eye morphogenesis [GO:0048597]; regulation of cell cycle [GO:0051726]; regulation of mitochondrial membrane permeability [GO:0046902]; regulation of mitochondrial membrane potential [GO:0051881]; release of cytochrome c from mitochondria [GO:0001836]; response to ethanol [GO:0045471]; response to fungus [GO:0009620]; response to gamma radiation [GO:0010332]; response to hydrogen peroxide [GO:0042542]; response to mycotoxin [GO:0010046]; response to UV-C [GO:0010225]; response to xenobiotic stimulus [GO:0009410]; thymocyte apoptotic process [GO:0070242]; vagina development [GO:0060068],GO:0001776; GO:0001782; GO:0001783; GO:0001836; GO:0001974; GO:0002262; GO:0002352; GO:0005739; GO:0005741; GO:0005783; GO:0005829; GO:0008053; GO:0008285; GO:0008630; GO:0009410; GO:0009620; GO:0010046; GO:0010225; GO:0010248; GO:0010332; GO:0010524; GO:0010629; GO:0015288; GO:0031018; GO:0031072; GO:0031100; GO:0031334; GO:0031966; GO:0032471; GO:0034644; GO:0035108; GO:0042542; GO:0042802; GO:0042803; GO:0043065; GO:0044325; GO:0044346; GO:0044877; GO:0045471; GO:0045862; GO:0046872; GO:0046902; GO:0046930; GO:0046982; GO:0048597; GO:0048872; GO:0050673; GO:0051087; GO:0051400; GO:0051649; GO:0051726; GO:0051881; GO:0060068; GO:0060402; GO:0070059; GO:0070242; GO:0071260; GO:0090200; GO:0090201; GO:0097145; GO:0097192; GO:1901029; GO:1901030; GO:1902262,BAK complex [GO:0097145]; cytosol [GO:0005829]; endoplasmic reticulum [GO:0005783]; mitochondrial membrane [GO:0031966]; mitochondrial outer membrane [GO:0005741]; mitochondrion [GO:0005739]; pore complex [GO:0046930],BH domain binding [GO:0051400]; heat shock protein binding [GO:0031072]; identical protein binding [GO:0042802]; metal ion binding [GO:0046872]; porin activity [GO:0015288]; protein heterodimerization activity [GO:0046982]; protein homodimerization activity [GO:0042803]; protein-containing complex binding [GO:0044877]; protein-folding chaperone binding [GO:0051087]; transmembrane transporter binding [GO:0044325],Bcl-2 homologous antagonist/killer
Pocillopora_acuta_HIv2___RNAseq.g28298.t1,SLC,,Q9DB41,1.5e-101,Mitochondrial glutamate carrier 2 (GC-2) (Glutamate/H(+) symporter 2) (Solute carrier family 25 member 18),L-glutamate transmembrane transport [GO:0015813],GO:0005280; GO:0005743; GO:0015813,mitochondrial inner membrane [GO:0005743],amino acid:proton symporter activity [GO:0005280],Mitochondrial glutamate carrier 2
Pocillopora_acuta_HIv2___RNAseq.g28376.t1,Bhattacharya2016,GNA11,P82471,0,Guanine nucleotide-binding protein G(q) subunit alpha (EC 3.6.5.-) (Guanine nucleotide-binding protein alpha-q),action potential [GO:0001508]; adenylate cyclase-activating G protein-coupled receptor signaling pathway [GO:0007189]; cranial skeletal system development [GO:1904888]; developmental pigmentation [GO:0048066]; embryonic digit morphogenesis [GO:0042733]; endothelin receptor signaling pathway [GO:0086100]; forebrain neuron development [GO:0021884]; G protein-coupled receptor signaling pathway [GO:0007186]; glutamate receptor signaling pathway [GO:0007215]; heart development [GO:0007507]; ligand-gated ion channel signaling pathway [GO:1990806]; maternal behavior [GO:0042711]; negative regulation of apoptotic process [GO:0043066]; negative regulation of potassium ion transport [GO:0043267]; neuron remodeling [GO:0016322]; neuropeptide signaling pathway [GO:0007218]; phospholipase C-activating dopamine receptor signaling pathway [GO:0060158]; phospholipase C-activating G protein-coupled acetylcholine receptor signaling pathway [GO:0007207]; phospholipase C-activating G protein-coupled glutamate receptor signaling pathway [GO:0007206]; phospholipase C-activating G protein-coupled receptor signaling pathway [GO:0007200]; phospholipase C-activating serotonin receptor signaling pathway [GO:0007208]; positive regulation of insulin secretion [GO:0032024]; post-embryonic development [GO:0009791]; protein stabilization [GO:0050821]; regulation of blood pressure [GO:0008217]; regulation of canonical Wnt signaling pathway [GO:0060828]; regulation of melanocyte differentiation [GO:0045634]; regulation of platelet activation [GO:0010543]; response to prostaglandin E [GO:0034695]; skeletal system development [GO:0001501],GO:0001501; GO:0001508; GO:0001664; GO:0003924; GO:0003925; GO:0005096; GO:0005525; GO:0005737; GO:0005794; GO:0005834; GO:0005886; GO:0005901; GO:0007186; GO:0007189; GO:0007200; GO:0007206; GO:0007207; GO:0007208; GO:0007215; GO:0007218; GO:0007507; GO:0008217; GO:0009791; GO:0010543; GO:0016020; GO:0016322; GO:0021884; GO:0030234; GO:0030425; GO:0031683; GO:0031965; GO:0032024; GO:0034695; GO:0042711; GO:0042733; GO:0043066; GO:0043267; GO:0044297; GO:0044877; GO:0045634; GO:0046872; GO:0047391; GO:0048066; GO:0050821; GO:0060158; GO:0060828; GO:0086100; GO:0098793; GO:0099524; GO:1904888; GO:1990806,caveola [GO:0005901]; cell body [GO:0044297]; cytoplasm [GO:0005737]; dendrite [GO:0030425]; Golgi apparatus [GO:0005794]; heterotrimeric G-protein complex [GO:0005834]; membrane [GO:0016020]; nuclear membrane [GO:0031965]; plasma membrane [GO:0005886]; postsynaptic cytosol [GO:0099524]; presynapse [GO:0098793],alkylglycerophosphoethanolamine phosphodiesterase activity [GO:0047391]; enzyme regulator activity [GO:0030234]; G protein activity [GO:0003925]; G protein-coupled receptor binding [GO:0001664]; G-protein beta/gamma-subunit complex binding [GO:0031683]; GTP binding [GO:0005525]; GTPase activator activity [GO:0005096]; GTPase activity [GO:0003924]; metal ion binding [GO:0046872]; protein-containing complex binding [GO:0044877],GNA11
Pocillopora_acuta_HIv2___RNAseq.g28464.t1,"TRP, Bhattacharya2016",TRPA1,O75762,1.73e-139,Transient receptor potential cation channel subfamily A member 1 (Ankyrin-like with transmembrane domains protein 1) (Transformation-sensitive protein p120) (p120) (Wasabi receptor),calcium ion transmembrane import into cytosol [GO:0097553]; calcium ion transmembrane transport [GO:0070588]; cell surface receptor signaling pathway [GO:0007166]; cellular response to caffeine [GO:0071313]; cellular response to carbon dioxide [GO:0071244]; cellular response to cold [GO:0070417]; cellular response to food [GO:0071240]; cellular response to heat [GO:0034605]; cellular response to hydrogen peroxide [GO:0070301]; cellular response to toxic substance [GO:0097237]; detection of chemical stimulus involved in sensory perception of pain [GO:0050968]; detection of mechanical stimulus involved in sensory perception of pain [GO:0050966]; intracellular calcium ion homeostasis [GO:0006874]; monoatomic ion transport [GO:0006811]; positive regulation of insulin secretion involved in cellular response to glucose stimulus [GO:0035774]; positive regulation of monoatomic anion transport [GO:1903793]; protein homotetramerization [GO:0051289]; regulation of blood circulation [GO:1903522]; regulation of neuronal action potential [GO:0098908]; response to cold [GO:0009409]; response to pain [GO:0048265]; response to xenobiotic stimulus [GO:0009410]; sensory perception of pain [GO:0019233]; thermoception [GO:0050955]; urinary bladder smooth muscle contraction [GO:0014832],GO:0005245; GO:0005262; GO:0005886; GO:0006811; GO:0006874; GO:0007166; GO:0009409; GO:0009410; GO:0014832; GO:0015267; GO:0015278; GO:0016324; GO:0019233; GO:0030424; GO:0032421; GO:0034605; GO:0035774; GO:0042802; GO:0048265; GO:0050955; GO:0050966; GO:0050968; GO:0051289; GO:0070301; GO:0070417; GO:0070588; GO:0071240; GO:0071244; GO:0071313; GO:0097237; GO:0097553; GO:0097604; GO:0098908; GO:1903522; GO:1903793; GO:1990760,apical plasma membrane [GO:0016324]; axon [GO:0030424]; plasma membrane [GO:0005886]; stereocilium bundle [GO:0032421],calcium channel activity [GO:0005262]; channel activity [GO:0015267]; identical protein binding [GO:0042802]; intracellularly gated calcium channel activity [GO:0015278]; osmolarity-sensing monoatomic cation channel activity [GO:1990760]; temperature-gated cation channel activity [GO:0097604]; voltage-gated calcium channel activity [GO:0005245],TRPA1
Pocillopora_acuta_HIv2___RNAseq.g28509.t1,calcium,,P22770,3.44e-108,Neuronal acetylcholine receptor subunit alpha-7 (nAChR7) (Nicotinic acetylcholine receptor subunit alpha-7),"calcium ion transport [GO:0006816]; chemical synaptic transmission [GO:0007268]; cognition [GO:0050890]; intracellular calcium ion homeostasis [GO:0006874]; monoatomic ion transmembrane transport [GO:0034220]; negative regulation of cytokine production involved in inflammatory response [GO:1900016]; negative regulation of tumor necrosis factor production [GO:0032720]; positive regulation of angiogenesis [GO:0045766]; positive regulation of cell population proliferation [GO:0008284]; positive regulation of MAPK cascade [GO:0043410]; regulation of membrane potential [GO:0042391]; response to hypoxia [GO:0001666]; response to nicotine [GO:0035094]; signal transduction [GO:0007165]; synaptic transmission, cholinergic [GO:0007271]",GO:0001540; GO:0001666; GO:0005737; GO:0005886; GO:0005892; GO:0006816; GO:0006874; GO:0007165; GO:0007268; GO:0007271; GO:0008284; GO:0015464; GO:0015643; GO:0017081; GO:0022848; GO:0030424; GO:0030425; GO:0032720; GO:0034220; GO:0035094; GO:0042166; GO:0042391; GO:0042803; GO:0043005; GO:0043204; GO:0043410; GO:0045202; GO:0045211; GO:0045766; GO:0050890; GO:1900016,acetylcholine-gated channel complex [GO:0005892]; axon [GO:0030424]; cytoplasm [GO:0005737]; dendrite [GO:0030425]; neuron projection [GO:0043005]; perikaryon [GO:0043204]; plasma membrane [GO:0005886]; postsynaptic membrane [GO:0045211]; synapse [GO:0045202],acetylcholine binding [GO:0042166]; acetylcholine receptor activity [GO:0015464]; acetylcholine-gated monoatomic cation-selective channel activity [GO:0022848]; amyloid-beta binding [GO:0001540]; chloride channel regulator activity [GO:0017081]; protein homodimerization activity [GO:0042803]; toxic substance binding [GO:0015643],Neuronal acetylcholine receptor subunit alpha-7
Pocillopora_acuta_HIv2___RNAseq.g2855.t1,aquaporin,,P47862,4.88e-86,Aquaporin-3 (AQP-3) (31.4 kDa water channel protein) (Aquaglyceroporin-3),cellular response to hypoxia [GO:0071456]; establishment of localization in cell [GO:0051649]; glycerol transmembrane transport [GO:0015793]; odontogenesis [GO:0042476]; polyol transmembrane transport [GO:0015791]; positive regulation of immune system process [GO:0002684]; renal water absorption [GO:0070295]; response to ischemia [GO:0002931]; response to retinoic acid [GO:0032526]; urea transport [GO:0015840]; water transport [GO:0006833],GO:0002684; GO:0002931; GO:0005737; GO:0005886; GO:0005911; GO:0006833; GO:0015166; GO:0015250; GO:0015254; GO:0015791; GO:0015793; GO:0015840; GO:0016323; GO:0032526; GO:0042476; GO:0042802; GO:0051649; GO:0070295; GO:0071456,basolateral plasma membrane [GO:0016323]; cell-cell junction [GO:0005911]; cytoplasm [GO:0005737]; plasma membrane [GO:0005886],glycerol channel activity [GO:0015254]; identical protein binding [GO:0042802]; polyol transmembrane transporter activity [GO:0015166]; water channel activity [GO:0015250],Aquaporin-3
Pocillopora_acuta_HIv2___RNAseq.g28602.t1,SLC,,Q05AQ3,1.03e-111,Mitochondrial coenzyme A transporter SLC25A42 (Solute carrier family 25 member 42),ADP transport [GO:0015866]; AMP transport [GO:0080121]; ATP transport [GO:0015867]; coenzyme A transmembrane transport [GO:0035349],GO:0005347; GO:0005739; GO:0005743; GO:0015217; GO:0015228; GO:0015866; GO:0015867; GO:0035349; GO:0043262; GO:0080121; GO:0080122,mitochondrial inner membrane [GO:0005743]; mitochondrion [GO:0005739],ADP phosphatase activity [GO:0043262]; ADP transmembrane transporter activity [GO:0015217]; AMP transmembrane transporter activity [GO:0080122]; ATP transmembrane transporter activity [GO:0005347]; coenzyme A transmembrane transporter activity [GO:0015228],Mitochondrial coenzyme A transporter SLC25A42
Pocillopora_acuta_HIv2___RNAseq.g28816.t1,SLC,,Q5I020,3.92e-74,Proton-coupled zinc antiporter SLC30A8 (Solute carrier family 30 member 8) (Zinc transporter 8) (ZnT-8),insulin secretion [GO:0030073]; response to glucose [GO:0009749]; response to zinc ion [GO:0010043]; zinc ion import into organelle [GO:0062111]; zinc ion transmembrane transport [GO:0071577],GO:0005385; GO:0005886; GO:0009749; GO:0010043; GO:0030073; GO:0030658; GO:0030667; GO:0046872; GO:0062111; GO:0071577; GO:0140826,plasma membrane [GO:0005886]; secretory granule membrane [GO:0030667]; transport vesicle membrane [GO:0030658],metal ion binding [GO:0046872]; zinc ion transmembrane transporter activity [GO:0005385]; zinc:proton antiporter activity [GO:0140826],Proton-coupled zinc antiporter SLC30A8
Pocillopora_acuta_HIv2___RNAseq.g2884.t1,aquaporin,,A9Y006,1.15e-87,Aquaporin-3 (Aquaglyceroporin-3),glycerol transmembrane transport [GO:0015793]; polyol transmembrane transport [GO:0015791]; water transport [GO:0006833],GO:0005886; GO:0006833; GO:0015166; GO:0015250; GO:0015254; GO:0015791; GO:0015793; GO:0016323,basolateral plasma membrane [GO:0016323]; plasma membrane [GO:0005886],glycerol channel activity [GO:0015254]; polyol transmembrane transporter activity [GO:0015166]; water channel activity [GO:0015250],Aquaporin-3
Pocillopora_acuta_HIv2___RNAseq.g28846.t1,SLC,,E2RFJ3,3.14e-92,Ferroportin (Solute carrier family 40 protein member 1),iron ion export across plasma membrane [GO:1903988]; iron ion transmembrane transport [GO:0034755],GO:0005381; GO:0016323; GO:0017046; GO:0034755; GO:0046872; GO:1903988,basolateral plasma membrane [GO:0016323],iron ion transmembrane transporter activity [GO:0005381]; metal ion binding [GO:0046872]; peptide hormone binding [GO:0017046],Ferroportin
Pocillopora_acuta_HIv2___RNAseq.g28874.t1,ER_calcium,,Q9D024,1.66e-122,PAT complex subunit CCDC47 (Adipocyte-specific protein 4) (Calumin) (Coiled-coil domain-containing protein 47),calcium ion homeostasis [GO:0055074]; endoplasmic reticulum calcium ion homeostasis [GO:0032469]; endoplasmic reticulum organization [GO:0007029]; ER overload response [GO:0006983]; ERAD pathway [GO:0036503]; multi-pass transmembrane protein insertion into ER membrane [GO:0160063]; post-embryonic development [GO:0009791]; protein insertion into ER membrane [GO:0045048],GO:0005509; GO:0005783; GO:0005789; GO:0005791; GO:0006983; GO:0007029; GO:0009791; GO:0030867; GO:0032469; GO:0036503; GO:0043022; GO:0044183; GO:0045048; GO:0055074; GO:0101031; GO:0160063; GO:0160064,endoplasmic reticulum [GO:0005783]; endoplasmic reticulum membrane [GO:0005789]; multi-pass translocon complex [GO:0160064]; protein folding chaperone complex [GO:0101031]; rough endoplasmic reticulum [GO:0005791]; rough endoplasmic reticulum membrane [GO:0030867],calcium ion binding [GO:0005509]; protein folding chaperone [GO:0044183]; ribosome binding [GO:0043022],PAT complex subunit CCDC47
Pocillopora_acuta_HIv2___RNAseq.g28915.t1,calcium,,B8UU59,1.12e-39,Polycystin-1-related protein (Polycystic kidney disease 1-related protein),calcium ion transport [GO:0006816],GO:0005261; GO:0005886; GO:0005929; GO:0006816,cilium [GO:0005929]; plasma membrane [GO:0005886],monoatomic cation channel activity [GO:0005261],Polycystin-1-related protein
Pocillopora_acuta_HIv2___RNAseq.g28934.t1,calcium,,Q01484,6.73e-30,Ankyrin-2 (ANK-2) (Ankyrin-B) (Brain ankyrin) (Non-erythroid ankyrin),atrial cardiac muscle cell action potential [GO:0086014]; atrial cardiac muscle cell to AV node cell communication [GO:0086066]; atrial septum development [GO:0003283]; endocytosis [GO:0006897]; intracellular calcium ion homeostasis [GO:0006874]; membrane depolarization during SA node cell action potential [GO:0086046]; paranodal junction assembly [GO:0030913]; positive regulation of calcium ion transport [GO:0051928]; positive regulation of gene expression [GO:0010628]; positive regulation of potassium ion import across plasma membrane [GO:1903288]; protein localization [GO:0008104]; protein localization to cell surface [GO:0034394]; protein localization to endoplasmic reticulum [GO:0070972]; protein localization to M-band [GO:0036309]; protein localization to organelle [GO:0033365]; protein localization to plasma membrane [GO:0072659]; protein localization to T-tubule [GO:0036371]; protein stabilization [GO:0050821]; protein transport [GO:0015031]; regulation of atrial cardiac muscle cell action potential [GO:0098910]; regulation of calcium ion transport [GO:0051924]; regulation of cardiac muscle cell contraction [GO:0086004]; regulation of cardiac muscle contraction [GO:0055117]; regulation of cardiac muscle contraction by calcium ion signaling [GO:0010882]; regulation of cardiac muscle contraction by regulation of the release of sequestered calcium ion [GO:0010881]; regulation of heart rate [GO:0002027]; regulation of heart rate by cardiac conduction [GO:0086091]; regulation of protein stability [GO:0031647]; regulation of release of sequestered calcium ion into cytosol [GO:0051279]; regulation of SA node cell action potential [GO:0098907]; regulation of ventricular cardiac muscle cell membrane repolarization [GO:0060307]; response to methylmercury [GO:0051597]; SA node cell action potential [GO:0086015]; SA node cell to atrial cardiac muscle cell communication [GO:0086070]; sarcoplasmic reticulum calcium ion transport [GO:0070296]; T-tubule organization [GO:0033292]; ventricular cardiac muscle cell action potential [GO:0086005],GO:0002027; GO:0003283; GO:0005200; GO:0005739; GO:0005764; GO:0005769; GO:0005829; GO:0005856; GO:0005886; GO:0006874; GO:0006897; GO:0008093; GO:0008104; GO:0010628; GO:0010881; GO:0010882; GO:0014704; GO:0015031; GO:0016323; GO:0016324; GO:0019899; GO:0019901; GO:0030018; GO:0030315; GO:0030507; GO:0030674; GO:0030913; GO:0031430; GO:0031647; GO:0031672; GO:0033292; GO:0033365; GO:0034394; GO:0036309; GO:0036371; GO:0042383; GO:0043005; GO:0043034; GO:0044325; GO:0045211; GO:0050821; GO:0051117; GO:0051279; GO:0051597; GO:0051924; GO:0051928; GO:0055037; GO:0055117; GO:0060307; GO:0070296; GO:0070972; GO:0072659; GO:0086004; GO:0086005; GO:0086014; GO:0086015; GO:0086046; GO:0086066; GO:0086070; GO:0086091; GO:0098907; GO:0098910; GO:0099103; GO:0099104; GO:0140031; GO:1903288,A band [GO:0031672]; apical plasma membrane [GO:0016324]; basolateral plasma membrane [GO:0016323]; costamere [GO:0043034]; cytoskeleton [GO:0005856]; cytosol [GO:0005829]; early endosome [GO:0005769]; intercalated disc [GO:0014704]; lysosome [GO:0005764]; M band [GO:0031430]; mitochondrion [GO:0005739]; neuron projection [GO:0043005]; plasma membrane [GO:0005886]; postsynaptic membrane [GO:0045211]; recycling endosome [GO:0055037]; sarcolemma [GO:0042383]; T-tubule [GO:0030315]; Z disc [GO:0030018],ATPase binding [GO:0051117]; channel activator activity [GO:0099103]; cytoskeletal anchor activity [GO:0008093]; enzyme binding [GO:0019899]; phosphorylation-dependent protein binding [GO:0140031]; potassium channel activator activity [GO:0099104]; protein kinase binding [GO:0019901]; protein-macromolecule adaptor activity [GO:0030674]; spectrin binding [GO:0030507]; structural constituent of cytoskeleton [GO:0005200]; transmembrane transporter binding [GO:0044325],Ankyrin-2
Pocillopora_acuta_HIv2___RNAseq.g28976.t1b,SLC,,Q8BMG8,6.82e-61,Solute carrier family 25 member 32 (Mitochondrial FAD transporter),folate import into mitochondrion [GO:1904947]; mitochondrial FAD transmembrane transport [GO:1990548],GO:0005739; GO:0005743; GO:0008517; GO:0015230; GO:1904947; GO:1990548,mitochondrial inner membrane [GO:0005743]; mitochondrion [GO:0005739],FAD transmembrane transporter activity [GO:0015230]; folic acid transmembrane transporter activity [GO:0008517],Solute carrier family 25 member 32
Pocillopora_acuta_HIv2___RNAseq.g28999.t1,SLC,,Q9JIF3,6.9e-115,"Solute carrier family 2, facilitated glucose transporter member 8 (Glucose transporter type 8) (GLUT-8) (Glucose transporter type X1)",D-glucose transmembrane transport [GO:1904659]; dehydroascorbic acid transport [GO:0070837]; fructose transmembrane transport [GO:0015755]; galactose transmembrane transport [GO:0015757]; glucose metabolic process [GO:0006006]; insulin receptor signaling pathway [GO:0008286]; male meiosis I [GO:0007141]; response to hypoxia [GO:0001666],GO:0001666; GO:0005353; GO:0005354; GO:0005536; GO:0005886; GO:0006006; GO:0007141; GO:0008021; GO:0008286; GO:0015284; GO:0015755; GO:0015757; GO:0030659; GO:0033300; GO:0055056; GO:0070837; GO:1904659,cytoplasmic vesicle membrane [GO:0030659]; plasma membrane [GO:0005886]; synaptic vesicle [GO:0008021],D-glucose binding [GO:0005536]; D-glucose transmembrane transporter activity [GO:0055056]; dehydroascorbic acid transmembrane transporter activity [GO:0033300]; fructose transmembrane transporter activity [GO:0005353]; fructose uniporter activity [GO:0015284]; galactose transmembrane transporter activity [GO:0005354],"Solute carrier family 2, facilitated glucose transporter member 8"
Pocillopora_acuta_HIv2___RNAseq.g29002.t1,SLC,,Q9JJZ1,1.18e-110,"Solute carrier family 2, facilitated glucose transporter member 8 (Glucose transporter type 8) (GLUT-8) (Glucose transporter type X1)",D-glucose transmembrane transport [GO:1904659]; dehydroascorbic acid transport [GO:0070837]; fructose transmembrane transport [GO:0015755]; insulin receptor signaling pathway [GO:0008286]; male meiosis I [GO:0007141]; response to hypoxia [GO:0001666],GO:0001666; GO:0005353; GO:0005536; GO:0005886; GO:0007141; GO:0008021; GO:0008286; GO:0015755; GO:0016020; GO:0030659; GO:0033300; GO:0055056; GO:0070837; GO:1904659,cytoplasmic vesicle membrane [GO:0030659]; membrane [GO:0016020]; plasma membrane [GO:0005886]; synaptic vesicle [GO:0008021],D-glucose binding [GO:0005536]; D-glucose transmembrane transporter activity [GO:0055056]; dehydroascorbic acid transmembrane transporter activity [GO:0033300]; fructose transmembrane transporter activity [GO:0005353],"Solute carrier family 2, facilitated glucose transporter member 8"
Pocillopora_acuta_HIv2___RNAseq.g29004.t1,SLC,,Q9JIF3,2.18e-100,"Solute carrier family 2, facilitated glucose transporter member 8 (Glucose transporter type 8) (GLUT-8) (Glucose transporter type X1)",D-glucose transmembrane transport [GO:1904659]; dehydroascorbic acid transport [GO:0070837]; fructose transmembrane transport [GO:0015755]; galactose transmembrane transport [GO:0015757]; glucose metabolic process [GO:0006006]; insulin receptor signaling pathway [GO:0008286]; male meiosis I [GO:0007141]; response to hypoxia [GO:0001666],GO:0001666; GO:0005353; GO:0005354; GO:0005536; GO:0005886; GO:0006006; GO:0007141; GO:0008021; GO:0008286; GO:0015284; GO:0015755; GO:0015757; GO:0030659; GO:0033300; GO:0055056; GO:0070837; GO:1904659,cytoplasmic vesicle membrane [GO:0030659]; plasma membrane [GO:0005886]; synaptic vesicle [GO:0008021],D-glucose binding [GO:0005536]; D-glucose transmembrane transporter activity [GO:0055056]; dehydroascorbic acid transmembrane transporter activity [GO:0033300]; fructose transmembrane transporter activity [GO:0005353]; fructose uniporter activity [GO:0015284]; galactose transmembrane transporter activity [GO:0005354],"Solute carrier family 2, facilitated glucose transporter member 8"
Pocillopora_acuta_HIv2___RNAseq.g29060.t1,SLC,,Q8K078,1.59e-130,Solute carrier organic anion transporter family member 4A1 (Organic anion-transporting polypeptide E) (OATP-E) (Sodium-independent organic anion transporter E) (Solute carrier family 21 member 12),monoatomic ion transport [GO:0006811]; organic anion transport [GO:0015711],GO:0005886; GO:0006811; GO:0008514; GO:0015132; GO:0015711,plasma membrane [GO:0005886],organic anion transmembrane transporter activity [GO:0008514]; prostaglandin transmembrane transporter activity [GO:0015132],Solute carrier organic anion transporter family member 4A1
Pocillopora_acuta_HIv2___RNAseq.g2907.t1,SLC,,Q68F72,2.59e-106,Solute carrier family 15 member 4,"dipeptide import across plasma membrane [GO:0140206]; innate immune response [GO:0045087]; mast cell homeostasis [GO:0033023]; peptidoglycan transport [GO:0015835]; positive regulation of innate immune response [GO:0045089]; positive regulation of nucleotide-binding oligomerization domain containing 1 signaling pathway [GO:0070430]; positive regulation of nucleotide-binding oligomerization domain containing 2 signaling pathway [GO:0070434]; positive regulation of toll-like receptor 7 signaling pathway [GO:0034157]; positive regulation of toll-like receptor 8 signaling pathway [GO:0034161]; positive regulation of toll-like receptor 9 signaling pathway [GO:0034165]; protein transport [GO:0015031]; regulation of isotype switching to IgG isotypes [GO:0048302]; regulation of nucleotide-binding domain, leucine rich repeat containing receptor signaling pathway [GO:0070424]",GO:0005290; GO:0005765; GO:0015031; GO:0015333; GO:0015647; GO:0015835; GO:0016020; GO:0031901; GO:0033023; GO:0034157; GO:0034161; GO:0034165; GO:0036020; GO:0045087; GO:0045089; GO:0048302; GO:0070424; GO:0070430; GO:0070434; GO:0071916; GO:0140206,early endosome membrane [GO:0031901]; endolysosome membrane [GO:0036020]; lysosomal membrane [GO:0005765]; membrane [GO:0016020],dipeptide transmembrane transporter activity [GO:0071916]; L-histidine transmembrane transporter activity [GO:0005290]; peptide:proton symporter activity [GO:0015333]; peptidoglycan transmembrane transporter activity [GO:0015647],Solute carrier family 15 member 4
Pocillopora_acuta_HIv2___RNAseq.g29076.t1,calcium,,P48442,3.56e-81,Extracellular calcium-sensing receptor (CaSR) (Parathyroid cell calcium-sensing receptor) (PCaR1) (RaKCaR),adenylate cyclase-inhibiting G protein-coupled receptor signaling pathway [GO:0007193]; bile acid secretion [GO:0032782]; branching morphogenesis of an epithelial tube [GO:0048754]; calcium ion import [GO:0070509]; cellular response to glucose stimulus [GO:0071333]; cellular response to hepatocyte growth factor stimulus [GO:0035729]; cellular response to hypoxia [GO:0071456]; cellular response to low-density lipoprotein particle stimulus [GO:0071404]; cellular response to peptide [GO:1901653]; cellular response to vitamin D [GO:0071305]; chloride transmembrane transport [GO:1902476]; detection of calcium ion [GO:0005513]; fat pad development [GO:0060613]; G protein-coupled receptor signaling pathway [GO:0007186]; intracellular calcium ion homeostasis [GO:0006874]; JNK cascade [GO:0007254]; ossification [GO:0001503]; phospholipase C-activating G protein-coupled receptor signaling pathway [GO:0007200]; positive regulation of calcium ion import [GO:0090280]; positive regulation of cell population proliferation [GO:0008284]; positive regulation of ERK1 and ERK2 cascade [GO:0070374]; positive regulation of gene expression [GO:0010628]; positive regulation of insulin secretion [GO:0032024]; positive regulation of positive chemotaxis [GO:0050927]; positive regulation of vasoconstriction [GO:0045907]; regulation of calcium ion transport [GO:0051924]; regulation of presynaptic membrane potential [GO:0099505]; response to calcium ion [GO:0051592]; response to fibroblast growth factor [GO:0071774]; response to ischemia [GO:0002931]; response to metal ion [GO:0010038]; vasodilation [GO:0042311],GO:0001503; GO:0002931; GO:0004930; GO:0005178; GO:0005509; GO:0005513; GO:0005886; GO:0006874; GO:0007186; GO:0007193; GO:0007200; GO:0007254; GO:0008284; GO:0009986; GO:0010038; GO:0010628; GO:0016323; GO:0016324; GO:0016597; GO:0019901; GO:0030424; GO:0032024; GO:0032782; GO:0035729; GO:0042311; GO:0042734; GO:0042803; GO:0043025; GO:0043679; GO:0044325; GO:0045907; GO:0048754; GO:0050927; GO:0051592; GO:0051924; GO:0060613; GO:0070374; GO:0070509; GO:0071305; GO:0071333; GO:0071404; GO:0071456; GO:0071774; GO:0090280; GO:0098978; GO:0099505; GO:1901653; GO:1902476,apical plasma membrane [GO:0016324]; axon [GO:0030424]; axon terminus [GO:0043679]; basolateral plasma membrane [GO:0016323]; cell surface [GO:0009986]; glutamatergic synapse [GO:0098978]; neuronal cell body [GO:0043025]; plasma membrane [GO:0005886]; presynaptic membrane [GO:0042734],amino acid binding [GO:0016597]; calcium ion binding [GO:0005509]; G protein-coupled receptor activity [GO:0004930]; integrin binding [GO:0005178]; protein homodimerization activity [GO:0042803]; protein kinase binding [GO:0019901]; transmembrane transporter binding [GO:0044325],Extracellular calcium-sensing receptor
Pocillopora_acuta_HIv2___RNAseq.g29077.t1,calcium,,O62714,3.38e-163,Extracellular calcium-sensing receptor (CaSR) (Parathyroid cell calcium-sensing receptor) (PCaR1),detection of calcium ion [GO:0005513]; G protein-coupled receptor signaling pathway [GO:0007186]; intracellular calcium ion homeostasis [GO:0006874]; regulation of calcium ion transport [GO:0051924],GO:0004930; GO:0005509; GO:0005513; GO:0005886; GO:0006874; GO:0007186; GO:0016597; GO:0042803; GO:0051924,plasma membrane [GO:0005886],amino acid binding [GO:0016597]; calcium ion binding [GO:0005509]; G protein-coupled receptor activity [GO:0004930]; protein homodimerization activity [GO:0042803],Extracellular calcium-sensing receptor
Pocillopora_acuta_HIv2___RNAseq.g29078.t1,calcium,,P48442,2.78e-109,Extracellular calcium-sensing receptor (CaSR) (Parathyroid cell calcium-sensing receptor) (PCaR1) (RaKCaR),adenylate cyclase-inhibiting G protein-coupled receptor signaling pathway [GO:0007193]; bile acid secretion [GO:0032782]; branching morphogenesis of an epithelial tube [GO:0048754]; calcium ion import [GO:0070509]; cellular response to glucose stimulus [GO:0071333]; cellular response to hepatocyte growth factor stimulus [GO:0035729]; cellular response to hypoxia [GO:0071456]; cellular response to low-density lipoprotein particle stimulus [GO:0071404]; cellular response to peptide [GO:1901653]; cellular response to vitamin D [GO:0071305]; chloride transmembrane transport [GO:1902476]; detection of calcium ion [GO:0005513]; fat pad development [GO:0060613]; G protein-coupled receptor signaling pathway [GO:0007186]; intracellular calcium ion homeostasis [GO:0006874]; JNK cascade [GO:0007254]; ossification [GO:0001503]; phospholipase C-activating G protein-coupled receptor signaling pathway [GO:0007200]; positive regulation of calcium ion import [GO:0090280]; positive regulation of cell population proliferation [GO:0008284]; positive regulation of ERK1 and ERK2 cascade [GO:0070374]; positive regulation of gene expression [GO:0010628]; positive regulation of insulin secretion [GO:0032024]; positive regulation of positive chemotaxis [GO:0050927]; positive regulation of vasoconstriction [GO:0045907]; regulation of calcium ion transport [GO:0051924]; regulation of presynaptic membrane potential [GO:0099505]; response to calcium ion [GO:0051592]; response to fibroblast growth factor [GO:0071774]; response to ischemia [GO:0002931]; response to metal ion [GO:0010038]; vasodilation [GO:0042311],GO:0001503; GO:0002931; GO:0004930; GO:0005178; GO:0005509; GO:0005513; GO:0005886; GO:0006874; GO:0007186; GO:0007193; GO:0007200; GO:0007254; GO:0008284; GO:0009986; GO:0010038; GO:0010628; GO:0016323; GO:0016324; GO:0016597; GO:0019901; GO:0030424; GO:0032024; GO:0032782; GO:0035729; GO:0042311; GO:0042734; GO:0042803; GO:0043025; GO:0043679; GO:0044325; GO:0045907; GO:0048754; GO:0050927; GO:0051592; GO:0051924; GO:0060613; GO:0070374; GO:0070509; GO:0071305; GO:0071333; GO:0071404; GO:0071456; GO:0071774; GO:0090280; GO:0098978; GO:0099505; GO:1901653; GO:1902476,apical plasma membrane [GO:0016324]; axon [GO:0030424]; axon terminus [GO:0043679]; basolateral plasma membrane [GO:0016323]; cell surface [GO:0009986]; glutamatergic synapse [GO:0098978]; neuronal cell body [GO:0043025]; plasma membrane [GO:0005886]; presynaptic membrane [GO:0042734],amino acid binding [GO:0016597]; calcium ion binding [GO:0005509]; G protein-coupled receptor activity [GO:0004930]; integrin binding [GO:0005178]; protein homodimerization activity [GO:0042803]; protein kinase binding [GO:0019901]; transmembrane transporter binding [GO:0044325],Extracellular calcium-sensing receptor
Pocillopora_acuta_HIv2___RNAseq.g2908.t1,SLC,,Q68F72,4.64e-100,Solute carrier family 15 member 4,"dipeptide import across plasma membrane [GO:0140206]; innate immune response [GO:0045087]; mast cell homeostasis [GO:0033023]; peptidoglycan transport [GO:0015835]; positive regulation of innate immune response [GO:0045089]; positive regulation of nucleotide-binding oligomerization domain containing 1 signaling pathway [GO:0070430]; positive regulation of nucleotide-binding oligomerization domain containing 2 signaling pathway [GO:0070434]; positive regulation of toll-like receptor 7 signaling pathway [GO:0034157]; positive regulation of toll-like receptor 8 signaling pathway [GO:0034161]; positive regulation of toll-like receptor 9 signaling pathway [GO:0034165]; protein transport [GO:0015031]; regulation of isotype switching to IgG isotypes [GO:0048302]; regulation of nucleotide-binding domain, leucine rich repeat containing receptor signaling pathway [GO:0070424]",GO:0005290; GO:0005765; GO:0015031; GO:0015333; GO:0015647; GO:0015835; GO:0016020; GO:0031901; GO:0033023; GO:0034157; GO:0034161; GO:0034165; GO:0036020; GO:0045087; GO:0045089; GO:0048302; GO:0070424; GO:0070430; GO:0070434; GO:0071916; GO:0140206,early endosome membrane [GO:0031901]; endolysosome membrane [GO:0036020]; lysosomal membrane [GO:0005765]; membrane [GO:0016020],dipeptide transmembrane transporter activity [GO:0071916]; L-histidine transmembrane transporter activity [GO:0005290]; peptide:proton symporter activity [GO:0015333]; peptidoglycan transmembrane transporter activity [GO:0015647],Solute carrier family 15 member 4
Pocillopora_acuta_HIv2___RNAseq.g2911.t1,SLC,,Q68F72,4e-94,Solute carrier family 15 member 4,"dipeptide import across plasma membrane [GO:0140206]; innate immune response [GO:0045087]; mast cell homeostasis [GO:0033023]; peptidoglycan transport [GO:0015835]; positive regulation of innate immune response [GO:0045089]; positive regulation of nucleotide-binding oligomerization domain containing 1 signaling pathway [GO:0070430]; positive regulation of nucleotide-binding oligomerization domain containing 2 signaling pathway [GO:0070434]; positive regulation of toll-like receptor 7 signaling pathway [GO:0034157]; positive regulation of toll-like receptor 8 signaling pathway [GO:0034161]; positive regulation of toll-like receptor 9 signaling pathway [GO:0034165]; protein transport [GO:0015031]; regulation of isotype switching to IgG isotypes [GO:0048302]; regulation of nucleotide-binding domain, leucine rich repeat containing receptor signaling pathway [GO:0070424]",GO:0005290; GO:0005765; GO:0015031; GO:0015333; GO:0015647; GO:0015835; GO:0016020; GO:0031901; GO:0033023; GO:0034157; GO:0034161; GO:0034165; GO:0036020; GO:0045087; GO:0045089; GO:0048302; GO:0070424; GO:0070430; GO:0070434; GO:0071916; GO:0140206,early endosome membrane [GO:0031901]; endolysosome membrane [GO:0036020]; lysosomal membrane [GO:0005765]; membrane [GO:0016020],dipeptide transmembrane transporter activity [GO:0071916]; L-histidine transmembrane transporter activity [GO:0005290]; peptide:proton symporter activity [GO:0015333]; peptidoglycan transmembrane transporter activity [GO:0015647],Solute carrier family 15 member 4
Pocillopora_acuta_HIv2___RNAseq.g2914.t1,SLC,,Q68F72,1.73e-99,Solute carrier family 15 member 4,"dipeptide import across plasma membrane [GO:0140206]; innate immune response [GO:0045087]; mast cell homeostasis [GO:0033023]; peptidoglycan transport [GO:0015835]; positive regulation of innate immune response [GO:0045089]; positive regulation of nucleotide-binding oligomerization domain containing 1 signaling pathway [GO:0070430]; positive regulation of nucleotide-binding oligomerization domain containing 2 signaling pathway [GO:0070434]; positive regulation of toll-like receptor 7 signaling pathway [GO:0034157]; positive regulation of toll-like receptor 8 signaling pathway [GO:0034161]; positive regulation of toll-like receptor 9 signaling pathway [GO:0034165]; protein transport [GO:0015031]; regulation of isotype switching to IgG isotypes [GO:0048302]; regulation of nucleotide-binding domain, leucine rich repeat containing receptor signaling pathway [GO:0070424]",GO:0005290; GO:0005765; GO:0015031; GO:0015333; GO:0015647; GO:0015835; GO:0016020; GO:0031901; GO:0033023; GO:0034157; GO:0034161; GO:0034165; GO:0036020; GO:0045087; GO:0045089; GO:0048302; GO:0070424; GO:0070430; GO:0070434; GO:0071916; GO:0140206,early endosome membrane [GO:0031901]; endolysosome membrane [GO:0036020]; lysosomal membrane [GO:0005765]; membrane [GO:0016020],dipeptide transmembrane transporter activity [GO:0071916]; L-histidine transmembrane transporter activity [GO:0005290]; peptide:proton symporter activity [GO:0015333]; peptidoglycan transmembrane transporter activity [GO:0015647],Solute carrier family 15 member 4
Pocillopora_acuta_HIv2___RNAseq.g2919.t1,SLC,,Q68F72,9.25e-94,Solute carrier family 15 member 4,"dipeptide import across plasma membrane [GO:0140206]; innate immune response [GO:0045087]; mast cell homeostasis [GO:0033023]; peptidoglycan transport [GO:0015835]; positive regulation of innate immune response [GO:0045089]; positive regulation of nucleotide-binding oligomerization domain containing 1 signaling pathway [GO:0070430]; positive regulation of nucleotide-binding oligomerization domain containing 2 signaling pathway [GO:0070434]; positive regulation of toll-like receptor 7 signaling pathway [GO:0034157]; positive regulation of toll-like receptor 8 signaling pathway [GO:0034161]; positive regulation of toll-like receptor 9 signaling pathway [GO:0034165]; protein transport [GO:0015031]; regulation of isotype switching to IgG isotypes [GO:0048302]; regulation of nucleotide-binding domain, leucine rich repeat containing receptor signaling pathway [GO:0070424]",GO:0005290; GO:0005765; GO:0015031; GO:0015333; GO:0015647; GO:0015835; GO:0016020; GO:0031901; GO:0033023; GO:0034157; GO:0034161; GO:0034165; GO:0036020; GO:0045087; GO:0045089; GO:0048302; GO:0070424; GO:0070430; GO:0070434; GO:0071916; GO:0140206,early endosome membrane [GO:0031901]; endolysosome membrane [GO:0036020]; lysosomal membrane [GO:0005765]; membrane [GO:0016020],dipeptide transmembrane transporter activity [GO:0071916]; L-histidine transmembrane transporter activity [GO:0005290]; peptide:proton symporter activity [GO:0015333]; peptidoglycan transmembrane transporter activity [GO:0015647],Solute carrier family 15 member 4
Pocillopora_acuta_HIv2___RNAseq.g29227.t1,Bhattacharya2016,ASIC5,Q708S4,3.41e-78,Acid-sensing ion channel 4-A (ASIC4-A) (Acid-sensing ion channel 4.1) (Amiloride-sensitive cation channel 4-A) (ZASIC4.1),sodium ion transmembrane transport [GO:0035725],GO:0005248; GO:0005261; GO:0005886; GO:0015280; GO:0035725; GO:0045177,apical part of cell [GO:0045177]; plasma membrane [GO:0005886],ligand-gated sodium channel activity [GO:0015280]; monoatomic cation channel activity [GO:0005261]; voltage-gated sodium channel activity [GO:0005248],ASIC5
Pocillopora_acuta_HIv2___RNAseq.g29247.t1,"TRP, calcium",,Q8BLA8,2.35e-31,Transient receptor potential cation channel subfamily A member 1 (Ankyrin-like with transmembrane domains protein 1) (Wasabi receptor),calcium ion transmembrane import into cytosol [GO:0097553]; calcium ion transport [GO:0006816]; cell surface receptor signaling pathway [GO:0007166]; cellular response to caffeine [GO:0071313]; cellular response to carbon dioxide [GO:0071244]; cellular response to cold [GO:0070417]; cellular response to food [GO:0071240]; cellular response to heat [GO:0034605]; cellular response to hydrogen peroxide [GO:0070301]; cellular response to toxic substance [GO:0097237]; detection of chemical stimulus involved in sensory perception of pain [GO:0050968]; detection of mechanical stimulus involved in sensory perception [GO:0050974]; detection of mechanical stimulus involved in sensory perception of pain [GO:0050966]; intracellular calcium ion homeostasis [GO:0006874]; positive regulation of insulin secretion involved in cellular response to glucose stimulus [GO:0035774]; positive regulation of monoatomic anion transport [GO:1903793]; protein homotetramerization [GO:0051289]; regulation of blood circulation [GO:1903522]; regulation of neuronal action potential [GO:0098908]; response to cold [GO:0009409]; response to hydrogen peroxide [GO:0042542]; response to pain [GO:0048265]; response to xenobiotic stimulus [GO:0009410]; thermoception [GO:0050955]; urinary bladder smooth muscle contraction [GO:0014832],GO:0005216; GO:0005245; GO:0005262; GO:0005886; GO:0006816; GO:0006874; GO:0007166; GO:0009409; GO:0009410; GO:0014832; GO:0015267; GO:0015278; GO:0016020; GO:0016324; GO:0030424; GO:0032421; GO:0034605; GO:0035774; GO:0042542; GO:0042802; GO:0046872; GO:0048265; GO:0050955; GO:0050966; GO:0050968; GO:0050974; GO:0051289; GO:0070301; GO:0070417; GO:0071240; GO:0071244; GO:0071313; GO:0097237; GO:0097553; GO:0097604; GO:0098908; GO:1903522; GO:1903793; GO:1990760,apical plasma membrane [GO:0016324]; axon [GO:0030424]; membrane [GO:0016020]; plasma membrane [GO:0005886]; stereocilium bundle [GO:0032421],calcium channel activity [GO:0005262]; channel activity [GO:0015267]; identical protein binding [GO:0042802]; intracellularly gated calcium channel activity [GO:0015278]; metal ion binding [GO:0046872]; monoatomic ion channel activity [GO:0005216]; osmolarity-sensing monoatomic cation channel activity [GO:1990760]; temperature-gated cation channel activity [GO:0097604]; voltage-gated calcium channel activity [GO:0005245],Transient receptor potential cation channel subfamily A member 1
Pocillopora_acuta_HIv2___RNAseq.g29250.t1,"TRP, calcium",,Q8BLA8,5.71e-44,Transient receptor potential cation channel subfamily A member 1 (Ankyrin-like with transmembrane domains protein 1) (Wasabi receptor),calcium ion transmembrane import into cytosol [GO:0097553]; calcium ion transport [GO:0006816]; cell surface receptor signaling pathway [GO:0007166]; cellular response to caffeine [GO:0071313]; cellular response to carbon dioxide [GO:0071244]; cellular response to cold [GO:0070417]; cellular response to food [GO:0071240]; cellular response to heat [GO:0034605]; cellular response to hydrogen peroxide [GO:0070301]; cellular response to toxic substance [GO:0097237]; detection of chemical stimulus involved in sensory perception of pain [GO:0050968]; detection of mechanical stimulus involved in sensory perception [GO:0050974]; detection of mechanical stimulus involved in sensory perception of pain [GO:0050966]; intracellular calcium ion homeostasis [GO:0006874]; positive regulation of insulin secretion involved in cellular response to glucose stimulus [GO:0035774]; positive regulation of monoatomic anion transport [GO:1903793]; protein homotetramerization [GO:0051289]; regulation of blood circulation [GO:1903522]; regulation of neuronal action potential [GO:0098908]; response to cold [GO:0009409]; response to hydrogen peroxide [GO:0042542]; response to pain [GO:0048265]; response to xenobiotic stimulus [GO:0009410]; thermoception [GO:0050955]; urinary bladder smooth muscle contraction [GO:0014832],GO:0005216; GO:0005245; GO:0005262; GO:0005886; GO:0006816; GO:0006874; GO:0007166; GO:0009409; GO:0009410; GO:0014832; GO:0015267; GO:0015278; GO:0016020; GO:0016324; GO:0030424; GO:0032421; GO:0034605; GO:0035774; GO:0042542; GO:0042802; GO:0046872; GO:0048265; GO:0050955; GO:0050966; GO:0050968; GO:0050974; GO:0051289; GO:0070301; GO:0070417; GO:0071240; GO:0071244; GO:0071313; GO:0097237; GO:0097553; GO:0097604; GO:0098908; GO:1903522; GO:1903793; GO:1990760,apical plasma membrane [GO:0016324]; axon [GO:0030424]; membrane [GO:0016020]; plasma membrane [GO:0005886]; stereocilium bundle [GO:0032421],calcium channel activity [GO:0005262]; channel activity [GO:0015267]; identical protein binding [GO:0042802]; intracellularly gated calcium channel activity [GO:0015278]; metal ion binding [GO:0046872]; monoatomic ion channel activity [GO:0005216]; osmolarity-sensing monoatomic cation channel activity [GO:1990760]; temperature-gated cation channel activity [GO:0097604]; voltage-gated calcium channel activity [GO:0005245],Transient receptor potential cation channel subfamily A member 1
Pocillopora_acuta_HIv2___RNAseq.g2937.t1,SLC,,Q8SQG9,1.48e-20,Na(+)/H(+) exchange regulatory cofactor NHE-RF2 (PDZ domain-containing protein NHERF-2) (Sodium-hydrogen exchanger regulatory factor 2) (Solute carrier family 9 isoform A3 regulatory factor 2),protein localization to plasma membrane [GO:0072659],GO:0005634; GO:0012505; GO:0016324; GO:0031799; GO:0031800; GO:0043495; GO:0072659,apical plasma membrane [GO:0016324]; endomembrane system [GO:0012505]; nucleus [GO:0005634],protein-membrane adaptor activity [GO:0043495]; type 2 metabotropic glutamate receptor binding [GO:0031799]; type 3 metabotropic glutamate receptor binding [GO:0031800],Na(+)/H(+) exchange regulatory cofactor NHE-RF2
Pocillopora_acuta_HIv2___RNAseq.g29603.t1,SLC,,Q28615,3.45e-176,Solute carrier family 13 member 2 (Na(+)/dicarboxylate cotransporter 1) (NaDC-1) (Renal sodium/dicarboxylate cotransporter),alpha-ketoglutarate transport [GO:0015742]; cellular response to lithium ion [GO:0071285]; fumarate transport [GO:0015741]; succinate transmembrane transport [GO:0071422],GO:0015138; GO:0015139; GO:0015141; GO:0015741; GO:0015742; GO:0016324; GO:0017153; GO:0071285; GO:0071422,apical plasma membrane [GO:0016324],alpha-ketoglutarate transmembrane transporter activity [GO:0015139]; fumarate transmembrane transporter activity [GO:0015138]; sodium:dicarboxylate symporter activity [GO:0017153]; succinate transmembrane transporter activity [GO:0015141],Solute carrier family 13 member 2
Pocillopora_acuta_HIv2___RNAseq.g29936.t1,calcium,,Q01484,8.55e-15,Ankyrin-2 (ANK-2) (Ankyrin-B) (Brain ankyrin) (Non-erythroid ankyrin),atrial cardiac muscle cell action potential [GO:0086014]; atrial cardiac muscle cell to AV node cell communication [GO:0086066]; atrial septum development [GO:0003283]; endocytosis [GO:0006897]; intracellular calcium ion homeostasis [GO:0006874]; membrane depolarization during SA node cell action potential [GO:0086046]; paranodal junction assembly [GO:0030913]; positive regulation of calcium ion transport [GO:0051928]; positive regulation of gene expression [GO:0010628]; positive regulation of potassium ion import across plasma membrane [GO:1903288]; protein localization [GO:0008104]; protein localization to cell surface [GO:0034394]; protein localization to endoplasmic reticulum [GO:0070972]; protein localization to M-band [GO:0036309]; protein localization to organelle [GO:0033365]; protein localization to plasma membrane [GO:0072659]; protein localization to T-tubule [GO:0036371]; protein stabilization [GO:0050821]; protein transport [GO:0015031]; regulation of atrial cardiac muscle cell action potential [GO:0098910]; regulation of calcium ion transport [GO:0051924]; regulation of cardiac muscle cell contraction [GO:0086004]; regulation of cardiac muscle contraction [GO:0055117]; regulation of cardiac muscle contraction by calcium ion signaling [GO:0010882]; regulation of cardiac muscle contraction by regulation of the release of sequestered calcium ion [GO:0010881]; regulation of heart rate [GO:0002027]; regulation of heart rate by cardiac conduction [GO:0086091]; regulation of protein stability [GO:0031647]; regulation of release of sequestered calcium ion into cytosol [GO:0051279]; regulation of SA node cell action potential [GO:0098907]; regulation of ventricular cardiac muscle cell membrane repolarization [GO:0060307]; response to methylmercury [GO:0051597]; SA node cell action potential [GO:0086015]; SA node cell to atrial cardiac muscle cell communication [GO:0086070]; sarcoplasmic reticulum calcium ion transport [GO:0070296]; T-tubule organization [GO:0033292]; ventricular cardiac muscle cell action potential [GO:0086005],GO:0002027; GO:0003283; GO:0005200; GO:0005739; GO:0005764; GO:0005769; GO:0005829; GO:0005856; GO:0005886; GO:0006874; GO:0006897; GO:0008093; GO:0008104; GO:0010628; GO:0010881; GO:0010882; GO:0014704; GO:0015031; GO:0016323; GO:0016324; GO:0019899; GO:0019901; GO:0030018; GO:0030315; GO:0030507; GO:0030674; GO:0030913; GO:0031430; GO:0031647; GO:0031672; GO:0033292; GO:0033365; GO:0034394; GO:0036309; GO:0036371; GO:0042383; GO:0043005; GO:0043034; GO:0044325; GO:0045211; GO:0050821; GO:0051117; GO:0051279; GO:0051597; GO:0051924; GO:0051928; GO:0055037; GO:0055117; GO:0060307; GO:0070296; GO:0070972; GO:0072659; GO:0086004; GO:0086005; GO:0086014; GO:0086015; GO:0086046; GO:0086066; GO:0086070; GO:0086091; GO:0098907; GO:0098910; GO:0099103; GO:0099104; GO:0140031; GO:1903288,A band [GO:0031672]; apical plasma membrane [GO:0016324]; basolateral plasma membrane [GO:0016323]; costamere [GO:0043034]; cytoskeleton [GO:0005856]; cytosol [GO:0005829]; early endosome [GO:0005769]; intercalated disc [GO:0014704]; lysosome [GO:0005764]; M band [GO:0031430]; mitochondrion [GO:0005739]; neuron projection [GO:0043005]; plasma membrane [GO:0005886]; postsynaptic membrane [GO:0045211]; recycling endosome [GO:0055037]; sarcolemma [GO:0042383]; T-tubule [GO:0030315]; Z disc [GO:0030018],ATPase binding [GO:0051117]; channel activator activity [GO:0099103]; cytoskeletal anchor activity [GO:0008093]; enzyme binding [GO:0019899]; phosphorylation-dependent protein binding [GO:0140031]; potassium channel activator activity [GO:0099104]; protein kinase binding [GO:0019901]; protein-macromolecule adaptor activity [GO:0030674]; spectrin binding [GO:0030507]; structural constituent of cytoskeleton [GO:0005200]; transmembrane transporter binding [GO:0044325],Ankyrin-2
Pocillopora_acuta_HIv2___RNAseq.g29967.t1,"calcium, ER_calcium, Bhattacharya2016",ITPR1,Q14643,0,"Inositol 1,4,5-trisphosphate-gated calcium channel ITPR1 (IP3 receptor isoform 1) (IP3R 1) (InsP3R1) (Inositol 1,4,5 trisphosphate receptor) (Inositol 1,4,5-trisphosphate receptor type 1) (Type 1 inositol 1,4,5-trisphosphate receptor) (Type 1 InsP3 receptor)",calcium import into the mitochondrion [GO:0036444]; calcium ion transport [GO:0006816]; cell morphogenesis [GO:0000902]; endoplasmic reticulum calcium ion homeostasis [GO:0032469]; epithelial fluid transport [GO:0042045]; intrinsic apoptotic signaling pathway in response to endoplasmic reticulum stress [GO:0070059]; ligand-gated ion channel signaling pathway [GO:1990806]; negative regulation of calcium-mediated signaling [GO:0050849]; phospholipase C-activating G protein-coupled acetylcholine receptor signaling pathway [GO:0007207]; positive regulation of apoptotic process [GO:0043065]; positive regulation of insulin secretion [GO:0032024]; post-embryonic development [GO:0009791]; protein homotetramerization [GO:0051289]; regulation of autophagy [GO:0010506]; regulation of cytosolic calcium ion concentration [GO:0051480]; release of sequestered calcium ion into cytosol [GO:0051209]; release of sequestered calcium ion into cytosol by endoplasmic reticulum [GO:1903514]; response to hypoxia [GO:0001666]; signal transduction [GO:0007165]; single fertilization [GO:0007338]; voluntary musculoskeletal movement [GO:0050882],GO:0000902; GO:0001666; GO:0005220; GO:0005509; GO:0005524; GO:0005637; GO:0005730; GO:0005783; GO:0005789; GO:0005886; GO:0005955; GO:0006816; GO:0007165; GO:0007207; GO:0007338; GO:0009791; GO:0010506; GO:0014069; GO:0015085; GO:0015278; GO:0016020; GO:0016529; GO:0019855; GO:0019904; GO:0030658; GO:0030667; GO:0031088; GO:0031094; GO:0031095; GO:0032024; GO:0032469; GO:0035091; GO:0036444; GO:0042045; GO:0042803; GO:0043065; GO:0048471; GO:0050849; GO:0050882; GO:0051209; GO:0051289; GO:0051480; GO:0070059; GO:0070679; GO:0098685; GO:0098695; GO:1903514; GO:1990806,calcineurin complex [GO:0005955]; endoplasmic reticulum [GO:0005783]; endoplasmic reticulum membrane [GO:0005789]; membrane [GO:0016020]; nuclear inner membrane [GO:0005637]; nucleolus [GO:0005730]; perinuclear region of cytoplasm [GO:0048471]; plasma membrane [GO:0005886]; platelet dense granule membrane [GO:0031088]; platelet dense tubular network [GO:0031094]; platelet dense tubular network membrane [GO:0031095]; postsynaptic density [GO:0014069]; sarcoplasmic reticulum [GO:0016529]; Schaffer collateral - CA1 synapse [GO:0098685]; secretory granule membrane [GO:0030667]; transport vesicle membrane [GO:0030658],"ATP binding [GO:0005524]; calcium channel inhibitor activity [GO:0019855]; calcium ion binding [GO:0005509]; calcium ion transmembrane transporter activity [GO:0015085]; inositol 1,4,5 trisphosphate binding [GO:0070679]; inositol 1,4,5-trisphosphate receptor activity involved in regulation of postsynaptic cytosolic calcium levels [GO:0098695]; inositol 1,4,5-trisphosphate-gated calcium channel activity [GO:0005220]; intracellularly gated calcium channel activity [GO:0015278]; phosphatidylinositol binding [GO:0035091]; protein domain specific binding [GO:0019904]; protein homodimerization activity [GO:0042803]",ITPR1
Pocillopora_acuta_HIv2___RNAseq.g3007.t2,SLC,,Q9UA35,0,Solute carrier family 28 member 3 (Concentrative Na(+)-nucleoside cotransporter 3) (hfCNT),purine nucleoside transmembrane transport [GO:0015860]; pyrimidine nucleoside transport [GO:0015864],GO:0005886; GO:0015389; GO:0015390; GO:0015860; GO:0015864,plasma membrane [GO:0005886],purine-specific nucleoside:sodium symporter activity [GO:0015390]; pyrimidine- and adenosine-specific:sodium symporter activity [GO:0015389],Solute carrier family 28 member 3
Pocillopora_acuta_HIv2___RNAseq.g30082.t1,SLC,,Q5U3V7,1.72e-98,Solute carrier family 25 member 43,transmembrane transport [GO:0055085],GO:0005743; GO:0055085,mitochondrial inner membrane [GO:0005743],,Solute carrier family 25 member 43
Pocillopora_acuta_HIv2___RNAseq.g3020.t1,calcium,,Q75VR0,1.29e-21,Two pore calcium channel protein 1B (Voltage-dependent calcium channel protein TPC1B) (NtTPC1B),calcium ion transport [GO:0006816]; defense response [GO:0006952],GO:0000325; GO:0005245; GO:0005509; GO:0005774; GO:0006816; GO:0006952; GO:0034702,monoatomic ion channel complex [GO:0034702]; plant-type vacuole [GO:0000325]; vacuolar membrane [GO:0005774],calcium ion binding [GO:0005509]; voltage-gated calcium channel activity [GO:0005245],Two pore calcium channel protein 1B
Pocillopora_acuta_HIv2___RNAseq.g30451.t1,SLC,,G8XYX6,5.72e-48,Monocarboxylate transporter 8 (MCT 8) (Solute carrier family 16 member 2),brain development [GO:0007420]; central nervous system development [GO:0007417]; chordate embryonic development [GO:0043009]; locomotion [GO:0040011]; neuron differentiation [GO:0030182]; oligodendrocyte differentiation [GO:0048709]; optomotor response [GO:0071632]; regulation of thyroid hormone generation [GO:2000609]; Schwann cell differentiation [GO:0014037]; spinal cord development [GO:0021510]; spinal cord oligodendrocyte cell differentiation [GO:0021529]; thyroid gland development [GO:0030878]; thyroid hormone transport [GO:0070327]; transmission of nerve impulse [GO:0019226],GO:0005886; GO:0007417; GO:0007420; GO:0014037; GO:0015349; GO:0016324; GO:0019226; GO:0021510; GO:0021529; GO:0030182; GO:0030878; GO:0040011; GO:0043009; GO:0048709; GO:0070324; GO:0070327; GO:0071632; GO:2000609,apical plasma membrane [GO:0016324]; plasma membrane [GO:0005886],thyroid hormone binding [GO:0070324]; thyroid hormone transmembrane transporter activity [GO:0015349],Monocarboxylate transporter 8
Pocillopora_acuta_HIv2___RNAseq.g3059.t1,SLC,,Q7ZX53,2.67e-100,Solute carrier family 22 member 15-like,monoatomic ion transport [GO:0006811],GO:0006811; GO:0016020; GO:0022857,membrane [GO:0016020],transmembrane transporter activity [GO:0022857],Solute carrier family 22 member 15-like
Pocillopora_acuta_HIv2___RNAseq.g30726.t1,SLC,,O76082,1.85e-83,Organic cation/carnitine transporter 2 (High-affinity sodium-dependent carnitine cotransporter) (Solute carrier family 22 member 5),(R)-carnitine transmembrane transport [GO:1902270]; (R)-carnitine transport [GO:1900749]; carnitine transmembrane transport [GO:1902603]; carnitine transport [GO:0015879]; positive regulation of intestinal epithelial structure maintenance [GO:0060731]; quaternary ammonium group transport [GO:0015697]; response to symbiotic bacterium [GO:0009609]; response to tumor necrosis factor [GO:0034612]; response to type II interferon [GO:0034341]; sodium ion transport [GO:0006814]; sodium-dependent organic cation transport [GO:0070715]; transport across blood-brain barrier [GO:0150104]; xenobiotic detoxification by transmembrane export across the plasma membrane [GO:1990961],GO:0005524; GO:0005737; GO:0005783; GO:0005829; GO:0005886; GO:0006814; GO:0009609; GO:0009925; GO:0015199; GO:0015226; GO:0015293; GO:0015651; GO:0015697; GO:0015879; GO:0016324; GO:0030165; GO:0031526; GO:0034341; GO:0034612; GO:0042910; GO:0060731; GO:0070062; GO:0070715; GO:0150104; GO:1900749; GO:1901235; GO:1902270; GO:1902603; GO:1990961,apical plasma membrane [GO:0016324]; basal plasma membrane [GO:0009925]; brush border membrane [GO:0031526]; cytoplasm [GO:0005737]; cytosol [GO:0005829]; endoplasmic reticulum [GO:0005783]; extracellular exosome [GO:0070062]; plasma membrane [GO:0005886],(R)-carnitine transmembrane transporter activity [GO:1901235]; amino-acid betaine transmembrane transporter activity [GO:0015199]; ATP binding [GO:0005524]; carnitine transmembrane transporter activity [GO:0015226]; PDZ domain binding [GO:0030165]; quaternary ammonium group transmembrane transporter activity [GO:0015651]; symporter activity [GO:0015293]; xenobiotic transmembrane transporter activity [GO:0042910],Organic cation/carnitine transporter 2
Pocillopora_acuta_HIv2___RNAseq.g30832.t1,SLC,,A1L1W9,1.8899999999999998e-20,Monocarboxylate transporter 10 (MCT 10) (Solute carrier family 16 member 10),aromatic amino acid transport [GO:0015801]; thyroid hormone transport [GO:0070327],GO:0005302; GO:0005886; GO:0015173; GO:0015192; GO:0015196; GO:0015349; GO:0015801; GO:0016323; GO:0022857; GO:0070327,basolateral plasma membrane [GO:0016323]; plasma membrane [GO:0005886],aromatic amino acid transmembrane transporter activity [GO:0015173]; L-phenylalanine transmembrane transporter activity [GO:0015192]; L-tryptophan transmembrane transporter activity [GO:0015196]; L-tyrosine transmembrane transporter activity [GO:0005302]; thyroid hormone transmembrane transporter activity [GO:0015349]; transmembrane transporter activity [GO:0022857],Monocarboxylate transporter 10
Pocillopora_acuta_HIv2___RNAseq.g30833.t1,SLC,,Q91Y77,3.5e-26,Monocarboxylate transporter 10 (MCT 10) (Aromatic amino acid transporter 1) (Solute carrier family 16 member 10) (T-type amino acid transporter 1),aromatic amino acid transport [GO:0015801]; thyroid hormone generation [GO:0006590]; thyroid hormone transport [GO:0070327]; thyroid-stimulating hormone secretion [GO:0070460],GO:0005302; GO:0005886; GO:0006590; GO:0015173; GO:0015192; GO:0015196; GO:0015349; GO:0015801; GO:0016323; GO:0022857; GO:0030054; GO:0043231; GO:0070327; GO:0070460,basolateral plasma membrane [GO:0016323]; cell junction [GO:0030054]; intracellular membrane-bounded organelle [GO:0043231]; plasma membrane [GO:0005886],aromatic amino acid transmembrane transporter activity [GO:0015173]; L-phenylalanine transmembrane transporter activity [GO:0015192]; L-tryptophan transmembrane transporter activity [GO:0015196]; L-tyrosine transmembrane transporter activity [GO:0005302]; thyroid hormone transmembrane transporter activity [GO:0015349]; transmembrane transporter activity [GO:0022857],Monocarboxylate transporter 10
Pocillopora_acuta_HIv2___RNAseq.g30872.t1,"calcium, ER_calcium, Bhattacharya2016",SELK,Q641S4,6.96e-10,Selenoprotein K (SelK),calcium ion transport [GO:0006816]; endoplasmic reticulum calcium ion homeostasis [GO:0032469]; protein palmitoylation [GO:0018345],GO:0005783; GO:0005789; GO:0005794; GO:0005886; GO:0006816; GO:0018345; GO:0032469,endoplasmic reticulum [GO:0005783]; endoplasmic reticulum membrane [GO:0005789]; Golgi apparatus [GO:0005794]; plasma membrane [GO:0005886],,SELK
Pocillopora_acuta_HIv2___RNAseq.g30932.t1,TRP,,Q18297,1.59e-139,Transient receptor potential cation channel subfamily A member 1 homolog,,GO:0005216; GO:0005886; GO:0043025; GO:0097730,neuronal cell body [GO:0043025]; non-motile cilium [GO:0097730]; plasma membrane [GO:0005886],monoatomic ion channel activity [GO:0005216],Transient receptor potential cation channel subfamily A member 1 homolog
Pocillopora_acuta_HIv2___RNAseq.g30945.t1,SLC,,A1L1W9,1.72e-94,Monocarboxylate transporter 10 (MCT 10) (Solute carrier family 16 member 10),aromatic amino acid transport [GO:0015801]; thyroid hormone transport [GO:0070327],GO:0005302; GO:0005886; GO:0015173; GO:0015192; GO:0015196; GO:0015349; GO:0015801; GO:0016323; GO:0022857; GO:0070327,basolateral plasma membrane [GO:0016323]; plasma membrane [GO:0005886],aromatic amino acid transmembrane transporter activity [GO:0015173]; L-phenylalanine transmembrane transporter activity [GO:0015192]; L-tryptophan transmembrane transporter activity [GO:0015196]; L-tyrosine transmembrane transporter activity [GO:0005302]; thyroid hormone transmembrane transporter activity [GO:0015349]; transmembrane transporter activity [GO:0022857],Monocarboxylate transporter 10
Pocillopora_acuta_HIv2___RNAseq.g30946.t1,SLC,,A1L1W9,3.97e-92,Monocarboxylate transporter 10 (MCT 10) (Solute carrier family 16 member 10),aromatic amino acid transport [GO:0015801]; thyroid hormone transport [GO:0070327],GO:0005302; GO:0005886; GO:0015173; GO:0015192; GO:0015196; GO:0015349; GO:0015801; GO:0016323; GO:0022857; GO:0070327,basolateral plasma membrane [GO:0016323]; plasma membrane [GO:0005886],aromatic amino acid transmembrane transporter activity [GO:0015173]; L-phenylalanine transmembrane transporter activity [GO:0015192]; L-tryptophan transmembrane transporter activity [GO:0015196]; L-tyrosine transmembrane transporter activity [GO:0005302]; thyroid hormone transmembrane transporter activity [GO:0015349]; transmembrane transporter activity [GO:0022857],Monocarboxylate transporter 10
Pocillopora_acuta_HIv2___RNAseq.g30948.t1,SLC,,A1L1W9,1.91e-87,Monocarboxylate transporter 10 (MCT 10) (Solute carrier family 16 member 10),aromatic amino acid transport [GO:0015801]; thyroid hormone transport [GO:0070327],GO:0005302; GO:0005886; GO:0015173; GO:0015192; GO:0015196; GO:0015349; GO:0015801; GO:0016323; GO:0022857; GO:0070327,basolateral plasma membrane [GO:0016323]; plasma membrane [GO:0005886],aromatic amino acid transmembrane transporter activity [GO:0015173]; L-phenylalanine transmembrane transporter activity [GO:0015192]; L-tryptophan transmembrane transporter activity [GO:0015196]; L-tyrosine transmembrane transporter activity [GO:0005302]; thyroid hormone transmembrane transporter activity [GO:0015349]; transmembrane transporter activity [GO:0022857],Monocarboxylate transporter 10
Pocillopora_acuta_HIv2___RNAseq.g30991.t1,SLC,,Q9Z2J0,0,Solute carrier family 23 member 1 (Na(+)/L-ascorbic acid transporter 1) (Sodium-dependent vitamin C transporter 1) (Yolk sac permease-like molecule 3),brain development [GO:0007420]; dehydroascorbic acid transport [GO:0070837]; L-ascorbic acid transmembrane transport [GO:0015882]; lung development [GO:0030324]; response to toxic substance [GO:0009636]; sodium ion transport [GO:0006814],GO:0005737; GO:0005886; GO:0006814; GO:0007420; GO:0008520; GO:0009636; GO:0009925; GO:0015081; GO:0015143; GO:0015229; GO:0015882; GO:0016324; GO:0030324; GO:0033300; GO:0043229; GO:0070837,apical plasma membrane [GO:0016324]; basal plasma membrane [GO:0009925]; cytoplasm [GO:0005737]; intracellular organelle [GO:0043229]; plasma membrane [GO:0005886],dehydroascorbic acid transmembrane transporter activity [GO:0033300]; L-ascorbate:sodium symporter activity [GO:0008520]; L-ascorbic acid transmembrane transporter activity [GO:0015229]; sodium ion transmembrane transporter activity [GO:0015081]; urate transmembrane transporter activity [GO:0015143],Solute carrier family 23 member 1
Pocillopora_acuta_HIv2___RNAseq.g30992.t1,SLC,,Q9Z2J0,0,Solute carrier family 23 member 1 (Na(+)/L-ascorbic acid transporter 1) (Sodium-dependent vitamin C transporter 1) (Yolk sac permease-like molecule 3),brain development [GO:0007420]; dehydroascorbic acid transport [GO:0070837]; L-ascorbic acid transmembrane transport [GO:0015882]; lung development [GO:0030324]; response to toxic substance [GO:0009636]; sodium ion transport [GO:0006814],GO:0005737; GO:0005886; GO:0006814; GO:0007420; GO:0008520; GO:0009636; GO:0009925; GO:0015081; GO:0015143; GO:0015229; GO:0015882; GO:0016324; GO:0030324; GO:0033300; GO:0043229; GO:0070837,apical plasma membrane [GO:0016324]; basal plasma membrane [GO:0009925]; cytoplasm [GO:0005737]; intracellular organelle [GO:0043229]; plasma membrane [GO:0005886],dehydroascorbic acid transmembrane transporter activity [GO:0033300]; L-ascorbate:sodium symporter activity [GO:0008520]; L-ascorbic acid transmembrane transporter activity [GO:0015229]; sodium ion transmembrane transporter activity [GO:0015081]; urate transmembrane transporter activity [GO:0015143],Solute carrier family 23 member 1
Pocillopora_acuta_HIv2___RNAseq.g30994.t1a,SLC,,B0JZG0,0,Solute carrier family 23 member 2 (Na(+)/L-ascorbic acid transporter 2) (Sodium-dependent vitamin C transporter 2),sodium ion transport [GO:0006814],GO:0005886; GO:0006814; GO:0015293,plasma membrane [GO:0005886],symporter activity [GO:0015293],Solute carrier family 23 member 2
Pocillopora_acuta_HIv2___RNAseq.g30998.t1,SLC,,B0JZG0,2.43e-166,Solute carrier family 23 member 2 (Na(+)/L-ascorbic acid transporter 2) (Sodium-dependent vitamin C transporter 2),sodium ion transport [GO:0006814],GO:0005886; GO:0006814; GO:0015293,plasma membrane [GO:0005886],symporter activity [GO:0015293],Solute carrier family 23 member 2
Pocillopora_acuta_HIv2___RNAseq.g31044.t1,SLC,,Q9DBP0,0,Sodium-dependent phosphate transport protein 2B (Sodium-phosphate transport protein 2B) (Na(+)-dependent phosphate cotransporter 2B) (Sodium/phosphate cotransporter 2B) (Na(+)/Pi cotransporter 2B) (NaPi-2b) (Solute carrier family 34 member 2),in utero embryonic development [GO:0001701]; intracellular phosphate ion homeostasis [GO:0030643]; phosphate ion transport [GO:0006817]; response to estrogen [GO:0043627]; sodium-dependent phosphate transport [GO:0044341],GO:0001701; GO:0005436; GO:0005903; GO:0006817; GO:0016324; GO:0030643; GO:0031402; GO:0042301; GO:0043627; GO:0044341,apical plasma membrane [GO:0016324]; brush border [GO:0005903],phosphate ion binding [GO:0042301]; sodium ion binding [GO:0031402]; sodium:phosphate symporter activity [GO:0005436],Sodium-dependent phosphate transport protein 2B
Pocillopora_acuta_HIv2___RNAseq.g3107.t1,SLC,,Q6PF45,3.48e-34,Vesicular inhibitory amino acid transporter (GABA and glycine transporter) (Solute carrier family 32 member 1) (Vesicular GABA transporter) (xVIAAT),amino acid transmembrane transport [GO:0003333]; beta-alanine transport [GO:0001762]; gamma-aminobutyric acid import [GO:0051939]; gamma-aminobutyric acid transport [GO:0015812]; glycine transport [GO:0015816]; neurotransmitter transport [GO:0006836],GO:0001762; GO:0003333; GO:0005774; GO:0006836; GO:0008021; GO:0015179; GO:0015185; GO:0015187; GO:0015812; GO:0015816; GO:0030659; GO:0042995; GO:0051939; GO:0098793; GO:0140799; GO:0140800,cell projection [GO:0042995]; cytoplasmic vesicle membrane [GO:0030659]; presynapse [GO:0098793]; synaptic vesicle [GO:0008021]; vacuolar membrane [GO:0005774],gamma-aminobutyric acid transmembrane transporter activity [GO:0015185]; gamma-aminobutyric acid:proton antiporter activity [GO:0140800]; glycine transmembrane transporter activity [GO:0015187]; glycine:proton antiporter activity [GO:0140799]; L-amino acid transmembrane transporter activity [GO:0015179],Vesicular inhibitory amino acid transporter
Pocillopora_acuta_HIv2___RNAseq.g3108.t1a,SLC,,Q6DIV6,1.65e-70,Vesicular inhibitory amino acid transporter (GABA and glycine transporter) (Solute carrier family 32 member 1) (Vesicular GABA transporter),beta-alanine transport [GO:0001762]; gamma-aminobutyric acid import [GO:0051939]; gamma-aminobutyric acid transport [GO:0015812]; glycine transport [GO:0015816]; neurotransmitter transport [GO:0006836],GO:0001762; GO:0006836; GO:0008021; GO:0015185; GO:0015187; GO:0015812; GO:0015816; GO:0030659; GO:0042995; GO:0051939; GO:0098793; GO:0140799; GO:0140800,cell projection [GO:0042995]; cytoplasmic vesicle membrane [GO:0030659]; presynapse [GO:0098793]; synaptic vesicle [GO:0008021],gamma-aminobutyric acid transmembrane transporter activity [GO:0015185]; gamma-aminobutyric acid:proton antiporter activity [GO:0140800]; glycine transmembrane transporter activity [GO:0015187]; glycine:proton antiporter activity [GO:0140799],Vesicular inhibitory amino acid transporter
Pocillopora_acuta_HIv2___RNAseq.g31080.t1,SLC,,B0JZG0,0,Solute carrier family 23 member 2 (Na(+)/L-ascorbic acid transporter 2) (Sodium-dependent vitamin C transporter 2),sodium ion transport [GO:0006814],GO:0005886; GO:0006814; GO:0015293,plasma membrane [GO:0005886],symporter activity [GO:0015293],Solute carrier family 23 member 2
Pocillopora_acuta_HIv2___RNAseq.g31135.t1,SLC,,Q6DHC3,5.68e-119,Mitochondrial glutathione transporter SLC25A40 (Solute carrier family 25 member 40),import into the mitochondrion [GO:0170036],GO:0005739; GO:0005743; GO:0034634; GO:0170036,mitochondrial inner membrane [GO:0005743]; mitochondrion [GO:0005739],glutathione transmembrane transporter activity [GO:0034634],Mitochondrial glutathione transporter SLC25A40
Pocillopora_acuta_HIv2___RNAseq.g31275.t1,SLC,,Q58CV5,2.77e-37,Glucose-6-phosphate exchanger SLC37A2 (Solute carrier family 37 member 2),glucose-6-phosphate transport [GO:0015760]; phosphate ion transmembrane transport [GO:0035435],GO:0005789; GO:0015760; GO:0035435; GO:0061513,endoplasmic reticulum membrane [GO:0005789],glucose 6-phosphate:phosphate antiporter activity [GO:0061513],Glucose-6-phosphate exchanger SLC37A2
Pocillopora_acuta_HIv2___RNAseq.g31307.t2,SLC,,Q7ZWG6,1.02e-51,Proton-coupled folate transporter (Solute carrier family 46 member 1),transmembrane transport [GO:0055085],GO:0005542; GO:0005768; GO:0005886; GO:0010008; GO:0015293; GO:0015350; GO:0016323; GO:0016324; GO:0022857; GO:0055085,apical plasma membrane [GO:0016324]; basolateral plasma membrane [GO:0016323]; endosome [GO:0005768]; endosome membrane [GO:0010008]; plasma membrane [GO:0005886],folic acid binding [GO:0005542]; methotrexate transmembrane transporter activity [GO:0015350]; symporter activity [GO:0015293]; transmembrane transporter activity [GO:0022857],Proton-coupled folate transporter
Pocillopora_acuta_HIv2___RNAseq.g3519.t1,SLC,,Q6DIV6,3.8e-59,Vesicular inhibitory amino acid transporter (GABA and glycine transporter) (Solute carrier family 32 member 1) (Vesicular GABA transporter),beta-alanine transport [GO:0001762]; gamma-aminobutyric acid import [GO:0051939]; gamma-aminobutyric acid transport [GO:0015812]; glycine transport [GO:0015816]; neurotransmitter transport [GO:0006836],GO:0001762; GO:0006836; GO:0008021; GO:0015185; GO:0015187; GO:0015812; GO:0015816; GO:0030659; GO:0042995; GO:0051939; GO:0098793; GO:0140799; GO:0140800,cell projection [GO:0042995]; cytoplasmic vesicle membrane [GO:0030659]; presynapse [GO:0098793]; synaptic vesicle [GO:0008021],gamma-aminobutyric acid transmembrane transporter activity [GO:0015185]; gamma-aminobutyric acid:proton antiporter activity [GO:0140800]; glycine transmembrane transporter activity [GO:0015187]; glycine:proton antiporter activity [GO:0140799],Vesicular inhibitory amino acid transporter
Pocillopora_acuta_HIv2___RNAseq.g3520.t1,SLC,,Q6DIV6,3.51e-80,Vesicular inhibitory amino acid transporter (GABA and glycine transporter) (Solute carrier family 32 member 1) (Vesicular GABA transporter),beta-alanine transport [GO:0001762]; gamma-aminobutyric acid import [GO:0051939]; gamma-aminobutyric acid transport [GO:0015812]; glycine transport [GO:0015816]; neurotransmitter transport [GO:0006836],GO:0001762; GO:0006836; GO:0008021; GO:0015185; GO:0015187; GO:0015812; GO:0015816; GO:0030659; GO:0042995; GO:0051939; GO:0098793; GO:0140799; GO:0140800,cell projection [GO:0042995]; cytoplasmic vesicle membrane [GO:0030659]; presynapse [GO:0098793]; synaptic vesicle [GO:0008021],gamma-aminobutyric acid transmembrane transporter activity [GO:0015185]; gamma-aminobutyric acid:proton antiporter activity [GO:0140800]; glycine transmembrane transporter activity [GO:0015187]; glycine:proton antiporter activity [GO:0140799],Vesicular inhibitory amino acid transporter
Pocillopora_acuta_HIv2___RNAseq.g3521.t1,SLC,,Q6PF45,2.24e-79,Vesicular inhibitory amino acid transporter (GABA and glycine transporter) (Solute carrier family 32 member 1) (Vesicular GABA transporter) (xVIAAT),amino acid transmembrane transport [GO:0003333]; beta-alanine transport [GO:0001762]; gamma-aminobutyric acid import [GO:0051939]; gamma-aminobutyric acid transport [GO:0015812]; glycine transport [GO:0015816]; neurotransmitter transport [GO:0006836],GO:0001762; GO:0003333; GO:0005774; GO:0006836; GO:0008021; GO:0015179; GO:0015185; GO:0015187; GO:0015812; GO:0015816; GO:0030659; GO:0042995; GO:0051939; GO:0098793; GO:0140799; GO:0140800,cell projection [GO:0042995]; cytoplasmic vesicle membrane [GO:0030659]; presynapse [GO:0098793]; synaptic vesicle [GO:0008021]; vacuolar membrane [GO:0005774],gamma-aminobutyric acid transmembrane transporter activity [GO:0015185]; gamma-aminobutyric acid:proton antiporter activity [GO:0140800]; glycine transmembrane transporter activity [GO:0015187]; glycine:proton antiporter activity [GO:0140799]; L-amino acid transmembrane transporter activity [GO:0015179],Vesicular inhibitory amino acid transporter
Pocillopora_acuta_HIv2___RNAseq.g3522.t1,SLC,,Q6PF45,1.74e-74,Vesicular inhibitory amino acid transporter (GABA and glycine transporter) (Solute carrier family 32 member 1) (Vesicular GABA transporter) (xVIAAT),amino acid transmembrane transport [GO:0003333]; beta-alanine transport [GO:0001762]; gamma-aminobutyric acid import [GO:0051939]; gamma-aminobutyric acid transport [GO:0015812]; glycine transport [GO:0015816]; neurotransmitter transport [GO:0006836],GO:0001762; GO:0003333; GO:0005774; GO:0006836; GO:0008021; GO:0015179; GO:0015185; GO:0015187; GO:0015812; GO:0015816; GO:0030659; GO:0042995; GO:0051939; GO:0098793; GO:0140799; GO:0140800,cell projection [GO:0042995]; cytoplasmic vesicle membrane [GO:0030659]; presynapse [GO:0098793]; synaptic vesicle [GO:0008021]; vacuolar membrane [GO:0005774],gamma-aminobutyric acid transmembrane transporter activity [GO:0015185]; gamma-aminobutyric acid:proton antiporter activity [GO:0140800]; glycine transmembrane transporter activity [GO:0015187]; glycine:proton antiporter activity [GO:0140799]; L-amino acid transmembrane transporter activity [GO:0015179],Vesicular inhibitory amino acid transporter
Pocillopora_acuta_HIv2___RNAseq.g3523.t1,SLC,,Q6DIV6,1.08e-72,Vesicular inhibitory amino acid transporter (GABA and glycine transporter) (Solute carrier family 32 member 1) (Vesicular GABA transporter),beta-alanine transport [GO:0001762]; gamma-aminobutyric acid import [GO:0051939]; gamma-aminobutyric acid transport [GO:0015812]; glycine transport [GO:0015816]; neurotransmitter transport [GO:0006836],GO:0001762; GO:0006836; GO:0008021; GO:0015185; GO:0015187; GO:0015812; GO:0015816; GO:0030659; GO:0042995; GO:0051939; GO:0098793; GO:0140799; GO:0140800,cell projection [GO:0042995]; cytoplasmic vesicle membrane [GO:0030659]; presynapse [GO:0098793]; synaptic vesicle [GO:0008021],gamma-aminobutyric acid transmembrane transporter activity [GO:0015185]; gamma-aminobutyric acid:proton antiporter activity [GO:0140800]; glycine transmembrane transporter activity [GO:0015187]; glycine:proton antiporter activity [GO:0140799],Vesicular inhibitory amino acid transporter
Pocillopora_acuta_HIv2___RNAseq.g3563.t1,SLC,,Q6GNV7,4.79e-69,Solute carrier family 49 member 4 homolog (Disrupted in renal carcinoma protein 2 homolog),pyridoxine transport [GO:0031923],GO:0005765; GO:0016020; GO:0022857; GO:0031923; GO:0043231,intracellular membrane-bounded organelle [GO:0043231]; lysosomal membrane [GO:0005765]; membrane [GO:0016020],transmembrane transporter activity [GO:0022857],Solute carrier family 49 member 4 homolog
Pocillopora_acuta_HIv2___RNAseq.g3569.t1,SLC,,Q6GNV7,2.04e-11,Solute carrier family 49 member 4 homolog (Disrupted in renal carcinoma protein 2 homolog),pyridoxine transport [GO:0031923],GO:0005765; GO:0016020; GO:0022857; GO:0031923; GO:0043231,intracellular membrane-bounded organelle [GO:0043231]; lysosomal membrane [GO:0005765]; membrane [GO:0016020],transmembrane transporter activity [GO:0022857],Solute carrier family 49 member 4 homolog
Pocillopora_acuta_HIv2___RNAseq.g3606.t1,"SLC, Bhattacharya2016",SLC26A4,Q7T2C4,2.63e-147,Prestin (Solute carrier family 26 member 5),chloride transmembrane transport [GO:1902476]; chloride transport [GO:0006821]; oxalate transport [GO:0019532]; regulation of membrane potential [GO:0042391]; sulfate transmembrane transport [GO:1902358],GO:0005737; GO:0005886; GO:0006821; GO:0008271; GO:0015075; GO:0015106; GO:0015108; GO:0015116; GO:0015499; GO:0016020; GO:0019531; GO:0019532; GO:0042391; GO:0160044; GO:0160046; GO:1902358; GO:1902476,cytoplasm [GO:0005737]; membrane [GO:0016020]; plasma membrane [GO:0005886],bicarbonate transmembrane transporter activity [GO:0015106]; chloride transmembrane transporter activity [GO:0015108]; formate transmembrane transporter activity [GO:0015499]; monoatomic ion transmembrane transporter activity [GO:0015075]; oxalate transmembrane transporter activity [GO:0019531]; oxalate:chloride antiporter activity [GO:0160046]; secondary active sulfate transmembrane transporter activity [GO:0008271]; sulfate transmembrane transporter activity [GO:0015116]; sulfate:chloride antiporter activity [GO:0160044],SLC26A4
Pocillopora_acuta_HIv2___RNAseq.g3607.t1,SLC,,Q7T2C4,8.94e-143,Prestin (Solute carrier family 26 member 5),chloride transmembrane transport [GO:1902476]; chloride transport [GO:0006821]; oxalate transport [GO:0019532]; regulation of membrane potential [GO:0042391]; sulfate transmembrane transport [GO:1902358],GO:0005737; GO:0005886; GO:0006821; GO:0008271; GO:0015075; GO:0015106; GO:0015108; GO:0015116; GO:0015499; GO:0016020; GO:0019531; GO:0019532; GO:0042391; GO:0160044; GO:0160046; GO:1902358; GO:1902476,cytoplasm [GO:0005737]; membrane [GO:0016020]; plasma membrane [GO:0005886],bicarbonate transmembrane transporter activity [GO:0015106]; chloride transmembrane transporter activity [GO:0015108]; formate transmembrane transporter activity [GO:0015499]; monoatomic ion transmembrane transporter activity [GO:0015075]; oxalate transmembrane transporter activity [GO:0019531]; oxalate:chloride antiporter activity [GO:0160046]; secondary active sulfate transmembrane transporter activity [GO:0008271]; sulfate transmembrane transporter activity [GO:0015116]; sulfate:chloride antiporter activity [GO:0160044],Prestin
Pocillopora_acuta_HIv2___RNAseq.g3609.t1,SLC,,A0FKN5,1.79e-154,Prestin (Solute carrier family 26 member 5),,GO:0005886; GO:0046872; GO:0160044; GO:0160046,plasma membrane [GO:0005886],metal ion binding [GO:0046872]; oxalate:chloride antiporter activity [GO:0160046]; sulfate:chloride antiporter activity [GO:0160044],Prestin
Pocillopora_acuta_HIv2___RNAseq.g3634.t1,SLC,,Q8N695,1.43e-136,Sodium-coupled monocarboxylate transporter 1 (Apical iodide transporter) (Electrogenic sodium monocarboxylate cotransporter) (Sodium iodide-related cotransporter) (Solute carrier family 5 member 8),acetate transport [GO:0006846]; apoptotic process [GO:0006915]; chloride transport [GO:0006821]; iodide transport [GO:0015705]; lactate transport [GO:0015727]; monoatomic ion transport [GO:0006811]; nicotinate transport [GO:2001142]; nitrate transmembrane transport [GO:0015706]; propanoate transmembrane transport [GO:0015730]; pyruvate transport [GO:0006848]; sodium ion transport [GO:0006814],GO:0000811; GO:0005343; GO:0005886; GO:0006811; GO:0006814; GO:0006821; GO:0006846; GO:0006848; GO:0006915; GO:0008028; GO:0015129; GO:0015552; GO:0015705; GO:0015706; GO:0015727; GO:0015730; GO:0016324; GO:0070062; GO:0140161; GO:0160081; GO:2001142,apical plasma membrane [GO:0016324]; extracellular exosome [GO:0070062]; GINS complex [GO:0000811]; plasma membrane [GO:0005886],iodide channel activity [GO:0160081]; lactate transmembrane transporter activity [GO:0015129]; monocarboxylate:sodium symporter activity [GO:0140161]; monocarboxylic acid transmembrane transporter activity [GO:0008028]; organic acid:sodium symporter activity [GO:0005343]; propionate transmembrane transporter activity [GO:0015552],Sodium-coupled monocarboxylate transporter 1
Pocillopora_acuta_HIv2___RNAseq.g371.t1,SLC,,O76082,2.1e-16,Organic cation/carnitine transporter 2 (High-affinity sodium-dependent carnitine cotransporter) (Solute carrier family 22 member 5),(R)-carnitine transmembrane transport [GO:1902270]; (R)-carnitine transport [GO:1900749]; carnitine transmembrane transport [GO:1902603]; carnitine transport [GO:0015879]; positive regulation of intestinal epithelial structure maintenance [GO:0060731]; quaternary ammonium group transport [GO:0015697]; response to symbiotic bacterium [GO:0009609]; response to tumor necrosis factor [GO:0034612]; response to type II interferon [GO:0034341]; sodium ion transport [GO:0006814]; sodium-dependent organic cation transport [GO:0070715]; transport across blood-brain barrier [GO:0150104]; xenobiotic detoxification by transmembrane export across the plasma membrane [GO:1990961],GO:0005524; GO:0005737; GO:0005783; GO:0005829; GO:0005886; GO:0006814; GO:0009609; GO:0009925; GO:0015199; GO:0015226; GO:0015293; GO:0015651; GO:0015697; GO:0015879; GO:0016324; GO:0030165; GO:0031526; GO:0034341; GO:0034612; GO:0042910; GO:0060731; GO:0070062; GO:0070715; GO:0150104; GO:1900749; GO:1901235; GO:1902270; GO:1902603; GO:1990961,apical plasma membrane [GO:0016324]; basal plasma membrane [GO:0009925]; brush border membrane [GO:0031526]; cytoplasm [GO:0005737]; cytosol [GO:0005829]; endoplasmic reticulum [GO:0005783]; extracellular exosome [GO:0070062]; plasma membrane [GO:0005886],(R)-carnitine transmembrane transporter activity [GO:1901235]; amino-acid betaine transmembrane transporter activity [GO:0015199]; ATP binding [GO:0005524]; carnitine transmembrane transporter activity [GO:0015226]; PDZ domain binding [GO:0030165]; quaternary ammonium group transmembrane transporter activity [GO:0015651]; symporter activity [GO:0015293]; xenobiotic transmembrane transporter activity [GO:0042910],Organic cation/carnitine transporter 2
Pocillopora_acuta_HIv2___RNAseq.g3714.t1,SLC,,Q9Z2Z6,1.01e-136,Mitochondrial carnitine/acylcarnitine carrier protein (Carnitine/acylcarnitine translocase) (CAC) (CACT) (mCAC) (Solute carrier family 25 member 20),carnitine shuttle [GO:0006853]; carnitine transmembrane transport [GO:1902603]; in utero embryonic development [GO:0001701],GO:0001701; GO:0005739; GO:0005743; GO:0005829; GO:0006853; GO:0015226; GO:0015227; GO:1902603,cytosol [GO:0005829]; mitochondrial inner membrane [GO:0005743]; mitochondrion [GO:0005739],carnitine transmembrane transporter activity [GO:0015226]; O-acyl-L-carnitine transmembrane transporter activity [GO:0015227],Mitochondrial carnitine/acylcarnitine carrier protein
Pocillopora_acuta_HIv2___RNAseq.g3788.t1,SLC,,Q6DG32,1.12e-98,Solute carrier family 25 member 36-A,mitochondrial genome maintenance [GO:0000002]; pyrimidine nucleotide import into mitochondrion [GO:1990519],GO:0000002; GO:0005739; GO:0005743; GO:0015218; GO:1990519,mitochondrial inner membrane [GO:0005743]; mitochondrion [GO:0005739],pyrimidine nucleotide transmembrane transporter activity [GO:0015218],Solute carrier family 25 member 36-A
Pocillopora_acuta_HIv2___RNAseq.g3792.t1,"calcium, Bhattacharya2016",STIM1,Q13586,8.92e-122,Stromal interaction molecule 1,activation of store-operated calcium channel activity [GO:0032237]; detection of calcium ion [GO:0005513]; enamel mineralization [GO:0070166]; intracellular calcium ion homeostasis [GO:0006874]; positive regulation of adenylate cyclase activity [GO:0045762]; positive regulation of angiogenesis [GO:0045766]; regulation of calcium ion transport [GO:0051924]; regulation of store-operated calcium entry [GO:2001256]; store-operated calcium entry [GO:0002115],GO:0002020; GO:0002115; GO:0005246; GO:0005509; GO:0005513; GO:0005783; GO:0005789; GO:0005874; GO:0005886; GO:0006874; GO:0032237; GO:0032541; GO:0033017; GO:0042802; GO:0044853; GO:0045762; GO:0045766; GO:0051010; GO:0051924; GO:0070166; GO:2001256,cortical endoplasmic reticulum [GO:0032541]; endoplasmic reticulum [GO:0005783]; endoplasmic reticulum membrane [GO:0005789]; microtubule [GO:0005874]; plasma membrane [GO:0005886]; plasma membrane raft [GO:0044853]; sarcoplasmic reticulum membrane [GO:0033017],calcium channel regulator activity [GO:0005246]; calcium ion binding [GO:0005509]; identical protein binding [GO:0042802]; microtubule plus-end binding [GO:0051010]; protease binding [GO:0002020],STIM1
Pocillopora_acuta_HIv2___RNAseq.g3803.t1,"calcium, Golgi_calcium",,Q9HC07,1.61e-103,Putative divalent cation/proton antiporter TMEM165 (Transmembrane protein 165) (Transmembrane protein PT27) (Transmembrane protein TPARL),calcium ion transmembrane transport [GO:0070588]; calcium ion transport [GO:0006816]; Golgi calcium ion homeostasis [GO:0032468]; Golgi calcium ion transport [GO:0032472]; intracellular calcium ion homeostasis [GO:0006874]; manganese ion transmembrane transport [GO:0071421]; manganese ion transport [GO:0006828]; protein N-linked glycosylation [GO:0006487]; regulation of lysosomal lumen pH [GO:0035751],GO:0000139; GO:0005384; GO:0005765; GO:0005794; GO:0006487; GO:0006816; GO:0006828; GO:0006874; GO:0010008; GO:0015085; GO:0015297; GO:0032468; GO:0032472; GO:0032588; GO:0033106; GO:0035751; GO:0043231; GO:0070588; GO:0071421,cis-Golgi network membrane [GO:0033106]; endosome membrane [GO:0010008]; Golgi apparatus [GO:0005794]; Golgi membrane [GO:0000139]; intracellular membrane-bounded organelle [GO:0043231]; lysosomal membrane [GO:0005765]; trans-Golgi network membrane [GO:0032588],antiporter activity [GO:0015297]; calcium ion transmembrane transporter activity [GO:0015085]; manganese ion transmembrane transporter activity [GO:0005384],Putative divalent cation/proton antiporter TMEM165
Pocillopora_acuta_HIv2___RNAseq.g3844.t1,Bhattacharya2016,FGF23,Q5RAY8,6.9e-19,Fibroblast growth factor 7 (FGF-7) (Heparin-binding growth factor 7) (HBGF-7) (Keratinocyte growth factor),actin cytoskeleton organization [GO:0030036]; branching involved in salivary gland morphogenesis [GO:0060445]; endothelial cell proliferation [GO:0001935]; fibroblast growth factor receptor signaling pathway [GO:0008543]; hair follicle morphogenesis [GO:0031069]; mesenchymal cell proliferation [GO:0010463]; myoblast proliferation [GO:0051450]; positive regulation of cell division [GO:0051781]; positive regulation of DNA-templated transcription [GO:0045893]; positive regulation of endothelial cell proliferation [GO:0001938]; positive regulation of epithelial cell proliferation involved in lung morphogenesis [GO:0060501]; positive regulation of keratinocyte migration [GO:0051549]; positive regulation of keratinocyte proliferation [GO:0010838]; positive regulation of myoblast proliferation [GO:2000288]; protein localization to cell surface [GO:0034394]; regulation of branching involved in salivary gland morphogenesis by mesenchymal-epithelial signaling [GO:0060665]; regulation of synapse maturation [GO:0090128]; secretion by lung epithelial cell involved in lung growth [GO:0061033],GO:0001935; GO:0001938; GO:0005576; GO:0005794; GO:0008083; GO:0008201; GO:0008543; GO:0010463; GO:0010838; GO:0030036; GO:0031069; GO:0034394; GO:0042056; GO:0045893; GO:0051450; GO:0051549; GO:0051781; GO:0060445; GO:0060501; GO:0060665; GO:0061033; GO:0090128; GO:0098794; GO:0098982; GO:2000288,extracellular region [GO:0005576]; GABA-ergic synapse [GO:0098982]; Golgi apparatus [GO:0005794]; postsynapse [GO:0098794],chemoattractant activity [GO:0042056]; growth factor activity [GO:0008083]; heparin binding [GO:0008201],FGF23
Pocillopora_acuta_HIv2___RNAseq.g3925.t1,SLC,,Q9Z2Z6,8.27e-75,Mitochondrial carnitine/acylcarnitine carrier protein (Carnitine/acylcarnitine translocase) (CAC) (CACT) (mCAC) (Solute carrier family 25 member 20),carnitine shuttle [GO:0006853]; carnitine transmembrane transport [GO:1902603]; in utero embryonic development [GO:0001701],GO:0001701; GO:0005739; GO:0005743; GO:0005829; GO:0006853; GO:0015226; GO:0015227; GO:1902603,cytosol [GO:0005829]; mitochondrial inner membrane [GO:0005743]; mitochondrion [GO:0005739],carnitine transmembrane transporter activity [GO:0015226]; O-acyl-L-carnitine transmembrane transporter activity [GO:0015227],Mitochondrial carnitine/acylcarnitine carrier protein
Pocillopora_acuta_HIv2___RNAseq.g4237.t1,SLC,,Q5F4B8,1.48e-19,Lysosomal proton-coupled steroid conjugate and bile acid symporter SLC46A3 (Solute carrier family 46 member 3),vacuolar transmembrane transport [GO:0034486],GO:0005765; GO:0015293; GO:0022857; GO:0034486,lysosomal membrane [GO:0005765],symporter activity [GO:0015293]; transmembrane transporter activity [GO:0022857],Lysosomal proton-coupled steroid conjugate and bile acid symporter SLC46A3
Pocillopora_acuta_HIv2___RNAseq.g4240.t1,SLC,,Q5F4B8,1.28e-20,Lysosomal proton-coupled steroid conjugate and bile acid symporter SLC46A3 (Solute carrier family 46 member 3),vacuolar transmembrane transport [GO:0034486],GO:0005765; GO:0015293; GO:0022857; GO:0034486,lysosomal membrane [GO:0005765],symporter activity [GO:0015293]; transmembrane transporter activity [GO:0022857],Lysosomal proton-coupled steroid conjugate and bile acid symporter SLC46A3
Pocillopora_acuta_HIv2___RNAseq.g4381.t1,SLC,,Q8VEM8,5.07e-180,"Solute carrier family 25 member 3 (Phosphate carrier protein, mitochondrial) (Phosphate transport protein) (PTP)",mitochondrial phosphate ion transmembrane transport [GO:1990547],GO:0005315; GO:0005739; GO:0005743; GO:0015317; GO:0043209; GO:0044877; GO:1990547,mitochondrial inner membrane [GO:0005743]; mitochondrion [GO:0005739]; myelin sheath [GO:0043209],phosphate transmembrane transporter activity [GO:0005315]; phosphate:proton symporter activity [GO:0015317]; protein-containing complex binding [GO:0044877],Solute carrier family 25 member 3
Pocillopora_acuta_HIv2___RNAseq.g4468.t1,SLC,,Q28728,2.08e-176,Sodium/myo-inositol cotransporter 2 (Na(+)/myo-inositol cotransporter 2) (Sodium-dependent glucose cotransporter) (Sodium/glucose cotransporter KST1) (rKST1) (Sodium/myo-inositol transporter 2) (SMIT2) (Solute carrier family 5 member 11),apoptotic process [GO:0006915]; myo-inositol transport [GO:0015798],GO:0005365; GO:0005412; GO:0005886; GO:0006915; GO:0015798; GO:0016324,apical plasma membrane [GO:0016324]; plasma membrane [GO:0005886],D-glucose:sodium symporter activity [GO:0005412]; myo-inositol transmembrane transporter activity [GO:0005365],Sodium/myo-inositol cotransporter 2
Pocillopora_acuta_HIv2___RNAseq.g4487.t1,SLC,,Q96QE2,1.81e-166,Proton myo-inositol cotransporter (H(+)-myo-inositol cotransporter) (Hmit) (H(+)-myo-inositol symporter) (Solute carrier family 2 member 13),myo-inositol transport [GO:0015798]; positive regulation of amyloid-beta formation [GO:1902004]; transmembrane transport [GO:0055085]; transport across blood-brain barrier [GO:0150104],GO:0002020; GO:0005365; GO:0005366; GO:0005737; GO:0005886; GO:0015798; GO:0016020; GO:0016324; GO:0030426; GO:0031090; GO:0042995; GO:0043231; GO:0044297; GO:0051117; GO:0055085; GO:0071944; GO:0097450; GO:0150104; GO:1902004,apical plasma membrane [GO:0016324]; astrocyte end-foot [GO:0097450]; cell body [GO:0044297]; cell periphery [GO:0071944]; cell projection [GO:0042995]; cytoplasm [GO:0005737]; growth cone [GO:0030426]; intracellular membrane-bounded organelle [GO:0043231]; membrane [GO:0016020]; organelle membrane [GO:0031090]; plasma membrane [GO:0005886],ATPase binding [GO:0051117]; myo-inositol transmembrane transporter activity [GO:0005365]; myo-inositol:proton symporter activity [GO:0005366]; protease binding [GO:0002020],Proton myo-inositol cotransporter
Pocillopora_acuta_HIv2___RNAseq.g4488.t1,SLC,,Q96QE2,1.28e-169,Proton myo-inositol cotransporter (H(+)-myo-inositol cotransporter) (Hmit) (H(+)-myo-inositol symporter) (Solute carrier family 2 member 13),myo-inositol transport [GO:0015798]; positive regulation of amyloid-beta formation [GO:1902004]; transmembrane transport [GO:0055085]; transport across blood-brain barrier [GO:0150104],GO:0002020; GO:0005365; GO:0005366; GO:0005737; GO:0005886; GO:0015798; GO:0016020; GO:0016324; GO:0030426; GO:0031090; GO:0042995; GO:0043231; GO:0044297; GO:0051117; GO:0055085; GO:0071944; GO:0097450; GO:0150104; GO:1902004,apical plasma membrane [GO:0016324]; astrocyte end-foot [GO:0097450]; cell body [GO:0044297]; cell periphery [GO:0071944]; cell projection [GO:0042995]; cytoplasm [GO:0005737]; growth cone [GO:0030426]; intracellular membrane-bounded organelle [GO:0043231]; membrane [GO:0016020]; organelle membrane [GO:0031090]; plasma membrane [GO:0005886],ATPase binding [GO:0051117]; myo-inositol transmembrane transporter activity [GO:0005365]; myo-inositol:proton symporter activity [GO:0005366]; protease binding [GO:0002020],Proton myo-inositol cotransporter
Pocillopora_acuta_HIv2___RNAseq.g4489.t1,SLC,,Q96QE2,1.41e-163,Proton myo-inositol cotransporter (H(+)-myo-inositol cotransporter) (Hmit) (H(+)-myo-inositol symporter) (Solute carrier family 2 member 13),myo-inositol transport [GO:0015798]; positive regulation of amyloid-beta formation [GO:1902004]; transmembrane transport [GO:0055085]; transport across blood-brain barrier [GO:0150104],GO:0002020; GO:0005365; GO:0005366; GO:0005737; GO:0005886; GO:0015798; GO:0016020; GO:0016324; GO:0030426; GO:0031090; GO:0042995; GO:0043231; GO:0044297; GO:0051117; GO:0055085; GO:0071944; GO:0097450; GO:0150104; GO:1902004,apical plasma membrane [GO:0016324]; astrocyte end-foot [GO:0097450]; cell body [GO:0044297]; cell periphery [GO:0071944]; cell projection [GO:0042995]; cytoplasm [GO:0005737]; growth cone [GO:0030426]; intracellular membrane-bounded organelle [GO:0043231]; membrane [GO:0016020]; organelle membrane [GO:0031090]; plasma membrane [GO:0005886],ATPase binding [GO:0051117]; myo-inositol transmembrane transporter activity [GO:0005365]; myo-inositol:proton symporter activity [GO:0005366]; protease binding [GO:0002020],Proton myo-inositol cotransporter
Pocillopora_acuta_HIv2___RNAseq.g4492.t1,SLC,,Q96QE2,7.57e-16,Proton myo-inositol cotransporter (H(+)-myo-inositol cotransporter) (Hmit) (H(+)-myo-inositol symporter) (Solute carrier family 2 member 13),myo-inositol transport [GO:0015798]; positive regulation of amyloid-beta formation [GO:1902004]; transmembrane transport [GO:0055085]; transport across blood-brain barrier [GO:0150104],GO:0002020; GO:0005365; GO:0005366; GO:0005737; GO:0005886; GO:0015798; GO:0016020; GO:0016324; GO:0030426; GO:0031090; GO:0042995; GO:0043231; GO:0044297; GO:0051117; GO:0055085; GO:0071944; GO:0097450; GO:0150104; GO:1902004,apical plasma membrane [GO:0016324]; astrocyte end-foot [GO:0097450]; cell body [GO:0044297]; cell periphery [GO:0071944]; cell projection [GO:0042995]; cytoplasm [GO:0005737]; growth cone [GO:0030426]; intracellular membrane-bounded organelle [GO:0043231]; membrane [GO:0016020]; organelle membrane [GO:0031090]; plasma membrane [GO:0005886],ATPase binding [GO:0051117]; myo-inositol transmembrane transporter activity [GO:0005365]; myo-inositol:proton symporter activity [GO:0005366]; protease binding [GO:0002020],Proton myo-inositol cotransporter
Pocillopora_acuta_HIv2___RNAseq.g4494.t1,SLC,,Q96QE2,9.74e-24,Proton myo-inositol cotransporter (H(+)-myo-inositol cotransporter) (Hmit) (H(+)-myo-inositol symporter) (Solute carrier family 2 member 13),myo-inositol transport [GO:0015798]; positive regulation of amyloid-beta formation [GO:1902004]; transmembrane transport [GO:0055085]; transport across blood-brain barrier [GO:0150104],GO:0002020; GO:0005365; GO:0005366; GO:0005737; GO:0005886; GO:0015798; GO:0016020; GO:0016324; GO:0030426; GO:0031090; GO:0042995; GO:0043231; GO:0044297; GO:0051117; GO:0055085; GO:0071944; GO:0097450; GO:0150104; GO:1902004,apical plasma membrane [GO:0016324]; astrocyte end-foot [GO:0097450]; cell body [GO:0044297]; cell periphery [GO:0071944]; cell projection [GO:0042995]; cytoplasm [GO:0005737]; growth cone [GO:0030426]; intracellular membrane-bounded organelle [GO:0043231]; membrane [GO:0016020]; organelle membrane [GO:0031090]; plasma membrane [GO:0005886],ATPase binding [GO:0051117]; myo-inositol transmembrane transporter activity [GO:0005365]; myo-inositol:proton symporter activity [GO:0005366]; protease binding [GO:0002020],Proton myo-inositol cotransporter
Pocillopora_acuta_HIv2___RNAseq.g4495.t1,SLC,,Q96QE2,6.58e-21,Proton myo-inositol cotransporter (H(+)-myo-inositol cotransporter) (Hmit) (H(+)-myo-inositol symporter) (Solute carrier family 2 member 13),myo-inositol transport [GO:0015798]; positive regulation of amyloid-beta formation [GO:1902004]; transmembrane transport [GO:0055085]; transport across blood-brain barrier [GO:0150104],GO:0002020; GO:0005365; GO:0005366; GO:0005737; GO:0005886; GO:0015798; GO:0016020; GO:0016324; GO:0030426; GO:0031090; GO:0042995; GO:0043231; GO:0044297; GO:0051117; GO:0055085; GO:0071944; GO:0097450; GO:0150104; GO:1902004,apical plasma membrane [GO:0016324]; astrocyte end-foot [GO:0097450]; cell body [GO:0044297]; cell periphery [GO:0071944]; cell projection [GO:0042995]; cytoplasm [GO:0005737]; growth cone [GO:0030426]; intracellular membrane-bounded organelle [GO:0043231]; membrane [GO:0016020]; organelle membrane [GO:0031090]; plasma membrane [GO:0005886],ATPase binding [GO:0051117]; myo-inositol transmembrane transporter activity [GO:0005365]; myo-inositol:proton symporter activity [GO:0005366]; protease binding [GO:0002020],Proton myo-inositol cotransporter
Pocillopora_acuta_HIv2___RNAseq.g4496.t1,SLC,,Q96QE2,0,Proton myo-inositol cotransporter (H(+)-myo-inositol cotransporter) (Hmit) (H(+)-myo-inositol symporter) (Solute carrier family 2 member 13),myo-inositol transport [GO:0015798]; positive regulation of amyloid-beta formation [GO:1902004]; transmembrane transport [GO:0055085]; transport across blood-brain barrier [GO:0150104],GO:0002020; GO:0005365; GO:0005366; GO:0005737; GO:0005886; GO:0015798; GO:0016020; GO:0016324; GO:0030426; GO:0031090; GO:0042995; GO:0043231; GO:0044297; GO:0051117; GO:0055085; GO:0071944; GO:0097450; GO:0150104; GO:1902004,apical plasma membrane [GO:0016324]; astrocyte end-foot [GO:0097450]; cell body [GO:0044297]; cell periphery [GO:0071944]; cell projection [GO:0042995]; cytoplasm [GO:0005737]; growth cone [GO:0030426]; intracellular membrane-bounded organelle [GO:0043231]; membrane [GO:0016020]; organelle membrane [GO:0031090]; plasma membrane [GO:0005886],ATPase binding [GO:0051117]; myo-inositol transmembrane transporter activity [GO:0005365]; myo-inositol:proton symporter activity [GO:0005366]; protease binding [GO:0002020],Proton myo-inositol cotransporter
Pocillopora_acuta_HIv2___RNAseq.g4521.t1,SLC,,Q6GLA2,6.51e-92,Mitochondrial S-adenosylmethionine carrier protein (SAM carrier) (Solute carrier family 25 member 26),mitochondrial S-adenosyl-L-methionine transmembrane transport [GO:1990543]; S-adenosyl-L-methionine transport [GO:0015805],GO:0000095; GO:0005743; GO:0015805; GO:0180003; GO:1990543,mitochondrial inner membrane [GO:0005743],S-adenosyl-L-methionine transmembrane transporter activity [GO:0000095]; S-adenosyl-L-methionine:S-adenosyl-L-homocysteine antiporter activity [GO:0180003],Mitochondrial S-adenosylmethionine carrier protein
Pocillopora_acuta_HIv2___RNAseq.g4919.t1,calcium,,Q01484,1.12e-24,Ankyrin-2 (ANK-2) (Ankyrin-B) (Brain ankyrin) (Non-erythroid ankyrin),atrial cardiac muscle cell action potential [GO:0086014]; atrial cardiac muscle cell to AV node cell communication [GO:0086066]; atrial septum development [GO:0003283]; endocytosis [GO:0006897]; intracellular calcium ion homeostasis [GO:0006874]; membrane depolarization during SA node cell action potential [GO:0086046]; paranodal junction assembly [GO:0030913]; positive regulation of calcium ion transport [GO:0051928]; positive regulation of gene expression [GO:0010628]; positive regulation of potassium ion import across plasma membrane [GO:1903288]; protein localization [GO:0008104]; protein localization to cell surface [GO:0034394]; protein localization to endoplasmic reticulum [GO:0070972]; protein localization to M-band [GO:0036309]; protein localization to organelle [GO:0033365]; protein localization to plasma membrane [GO:0072659]; protein localization to T-tubule [GO:0036371]; protein stabilization [GO:0050821]; protein transport [GO:0015031]; regulation of atrial cardiac muscle cell action potential [GO:0098910]; regulation of calcium ion transport [GO:0051924]; regulation of cardiac muscle cell contraction [GO:0086004]; regulation of cardiac muscle contraction [GO:0055117]; regulation of cardiac muscle contraction by calcium ion signaling [GO:0010882]; regulation of cardiac muscle contraction by regulation of the release of sequestered calcium ion [GO:0010881]; regulation of heart rate [GO:0002027]; regulation of heart rate by cardiac conduction [GO:0086091]; regulation of protein stability [GO:0031647]; regulation of release of sequestered calcium ion into cytosol [GO:0051279]; regulation of SA node cell action potential [GO:0098907]; regulation of ventricular cardiac muscle cell membrane repolarization [GO:0060307]; response to methylmercury [GO:0051597]; SA node cell action potential [GO:0086015]; SA node cell to atrial cardiac muscle cell communication [GO:0086070]; sarcoplasmic reticulum calcium ion transport [GO:0070296]; T-tubule organization [GO:0033292]; ventricular cardiac muscle cell action potential [GO:0086005],GO:0002027; GO:0003283; GO:0005200; GO:0005739; GO:0005764; GO:0005769; GO:0005829; GO:0005856; GO:0005886; GO:0006874; GO:0006897; GO:0008093; GO:0008104; GO:0010628; GO:0010881; GO:0010882; GO:0014704; GO:0015031; GO:0016323; GO:0016324; GO:0019899; GO:0019901; GO:0030018; GO:0030315; GO:0030507; GO:0030674; GO:0030913; GO:0031430; GO:0031647; GO:0031672; GO:0033292; GO:0033365; GO:0034394; GO:0036309; GO:0036371; GO:0042383; GO:0043005; GO:0043034; GO:0044325; GO:0045211; GO:0050821; GO:0051117; GO:0051279; GO:0051597; GO:0051924; GO:0051928; GO:0055037; GO:0055117; GO:0060307; GO:0070296; GO:0070972; GO:0072659; GO:0086004; GO:0086005; GO:0086014; GO:0086015; GO:0086046; GO:0086066; GO:0086070; GO:0086091; GO:0098907; GO:0098910; GO:0099103; GO:0099104; GO:0140031; GO:1903288,A band [GO:0031672]; apical plasma membrane [GO:0016324]; basolateral plasma membrane [GO:0016323]; costamere [GO:0043034]; cytoskeleton [GO:0005856]; cytosol [GO:0005829]; early endosome [GO:0005769]; intercalated disc [GO:0014704]; lysosome [GO:0005764]; M band [GO:0031430]; mitochondrion [GO:0005739]; neuron projection [GO:0043005]; plasma membrane [GO:0005886]; postsynaptic membrane [GO:0045211]; recycling endosome [GO:0055037]; sarcolemma [GO:0042383]; T-tubule [GO:0030315]; Z disc [GO:0030018],ATPase binding [GO:0051117]; channel activator activity [GO:0099103]; cytoskeletal anchor activity [GO:0008093]; enzyme binding [GO:0019899]; phosphorylation-dependent protein binding [GO:0140031]; potassium channel activator activity [GO:0099104]; protein kinase binding [GO:0019901]; protein-macromolecule adaptor activity [GO:0030674]; spectrin binding [GO:0030507]; structural constituent of cytoskeleton [GO:0005200]; transmembrane transporter binding [GO:0044325],Ankyrin-2
Pocillopora_acuta_HIv2___RNAseq.g4929.t1,"calcium, Golgi_calcium",,P57709,0,Calcium-transporting ATPase type 2C member 1 (ATPase 2C1) (EC 7.2.2.10) (ATP-dependent Ca(2+) pump PMR1) (Ca(2+)/Mn(2+)-ATPase 2C1) (Secretory pathway Ca(2+)-transporting ATPase type 1) (SPCA1),actin cytoskeleton organization [GO:0030036]; calcium ion transmembrane transport [GO:0070588]; calcium ion transport [GO:0006816]; calcium-dependent cell-cell adhesion via plasma membrane cell adhesion molecules [GO:0016339]; epidermis development [GO:0008544]; Golgi calcium ion homeostasis [GO:0032468]; Golgi calcium ion transport [GO:0032472]; intracellular calcium ion homeostasis [GO:0006874]; intracellular manganese ion homeostasis [GO:0030026]; manganese ion transport [GO:0006828]; positive regulation of canonical NF-kappaB signal transduction [GO:0043123]; positive regulation of Golgi to plasma membrane protein transport [GO:0042998]; trans-Golgi network membrane organization [GO:0098629],GO:0000139; GO:0005388; GO:0005509; GO:0005524; GO:0005783; GO:0005794; GO:0005802; GO:0005886; GO:0006816; GO:0006828; GO:0006874; GO:0008544; GO:0016339; GO:0016887; GO:0030026; GO:0030036; GO:0030145; GO:0032468; GO:0032472; GO:0032580; GO:0033106; GO:0042998; GO:0043123; GO:0070588; GO:0098629; GO:0140613,cis-Golgi network membrane [GO:0033106]; endoplasmic reticulum [GO:0005783]; Golgi apparatus [GO:0005794]; Golgi cisterna membrane [GO:0032580]; Golgi membrane [GO:0000139]; plasma membrane [GO:0005886]; trans-Golgi network [GO:0005802],ATP binding [GO:0005524]; ATP hydrolysis activity [GO:0016887]; calcium ion binding [GO:0005509]; manganese ion binding [GO:0030145]; P-type calcium transporter activity [GO:0005388]; P-type manganese transporter activity [GO:0140613],Calcium-transporting ATPase type 2C member 1
Pocillopora_acuta_HIv2___RNAseq.g5055.t1,"TRP, calcium",,Q7Z020,4.59e-121,Transient receptor potential cation channel subfamily A member 1 (dTRPA1) (Ankyrin-like with transmembrane domains protein 1) (dANKTM1),calcium ion transport [GO:0006816]; cellular response to heat [GO:0034605]; cellular response to pulsatile fluid shear stress [GO:0097703]; detection of chemical stimulus involved in sensory perception of bitter taste [GO:0001580]; detection of chemical stimulus involved in sensory perception of pain [GO:0050968]; detection of hot stimulus involved in thermoception [GO:0120168]; detection of temperature stimulus involved in sensory perception of pain [GO:0050965]; detection of temperature stimulus involved in thermoception [GO:0050960]; mechanosensory behavior [GO:0007638]; monoatomic cation transmembrane transport [GO:0098655]; monoatomic cation transport [GO:0006812]; negative phototaxis [GO:0046957]; neuronal signal transduction [GO:0023041]; phototransduction [GO:0007602]; positive regulation of calcium-mediated signaling [GO:0050850]; response to heat [GO:0009408]; response to light stimulus [GO:0009416]; temperature compensation of the circadian clock [GO:0010378]; thermosensory behavior [GO:0040040]; thermotaxis [GO:0043052],GO:0001580; GO:0005261; GO:0005262; GO:0005886; GO:0006812; GO:0006816; GO:0007602; GO:0007638; GO:0009408; GO:0009416; GO:0010378; GO:0015276; GO:0016020; GO:0023041; GO:0034605; GO:0034703; GO:0040040; GO:0043052; GO:0046957; GO:0050850; GO:0050960; GO:0050965; GO:0050968; GO:0097604; GO:0097703; GO:0098655; GO:0120168,cation channel complex [GO:0034703]; membrane [GO:0016020]; plasma membrane [GO:0005886],calcium channel activity [GO:0005262]; ligand-gated monoatomic ion channel activity [GO:0015276]; monoatomic cation channel activity [GO:0005261]; temperature-gated cation channel activity [GO:0097604],Transient receptor potential cation channel subfamily A member 1
Pocillopora_acuta_HIv2___RNAseq.g5066.t1,SLC,,Q6DEL1,8.28e-100,Sodium-coupled neutral amino acid transporter 7 (Solute carrier family 38 member 7),amino acid transmembrane transport [GO:0003333]; asparagine transport [GO:0006867]; glutamine transport [GO:0006868],GO:0003333; GO:0005765; GO:0006867; GO:0006868; GO:0015182; GO:0015186; GO:0016020; GO:0030424; GO:0140901; GO:0140902,axon [GO:0030424]; lysosomal membrane [GO:0005765]; membrane [GO:0016020],L-asparagine transmembrane transporter activity [GO:0015182]; L-asparagine:sodium symporter activity [GO:0140901]; L-glutamine transmembrane transporter activity [GO:0015186]; L-glutamine:sodium symporter activity [GO:0140902],Sodium-coupled neutral amino acid transporter 7
Pocillopora_acuta_HIv2___RNAseq.g5067.t1,SLC,,Q6DEL1,1.99e-94,Sodium-coupled neutral amino acid transporter 7 (Solute carrier family 38 member 7),amino acid transmembrane transport [GO:0003333]; asparagine transport [GO:0006867]; glutamine transport [GO:0006868],GO:0003333; GO:0005765; GO:0006867; GO:0006868; GO:0015182; GO:0015186; GO:0016020; GO:0030424; GO:0140901; GO:0140902,axon [GO:0030424]; lysosomal membrane [GO:0005765]; membrane [GO:0016020],L-asparagine transmembrane transporter activity [GO:0015182]; L-asparagine:sodium symporter activity [GO:0140901]; L-glutamine transmembrane transporter activity [GO:0015186]; L-glutamine:sodium symporter activity [GO:0140902],Sodium-coupled neutral amino acid transporter 7
Pocillopora_acuta_HIv2___RNAseq.g5075.t1,Mechanosensory,,A0A061ACU2,0,Piezo-type mechanosensitive ion channel component 1,cellular response to mechanical stimulus [GO:0071260]; detection of mechanical stimulus [GO:0050982]; flagellated sperm motility [GO:0030317]; monoatomic cation transmembrane transport [GO:0098655]; positive regulation of brood size [GO:0090727]; positive regulation of ovulation [GO:0060279]; regulation of membrane potential [GO:0042391]; response to mechanical stimulus [GO:0009612],GO:0005261; GO:0005886; GO:0008381; GO:0009612; GO:0030317; GO:0042391; GO:0050982; GO:0060279; GO:0071260; GO:0090727; GO:0098655,plasma membrane [GO:0005886],mechanosensitive monoatomic ion channel activity [GO:0008381]; monoatomic cation channel activity [GO:0005261],Piezo-type mechanosensitive ion channel component 1
Pocillopora_acuta_HIv2___RNAseq.g5120.t1,SLC,,Q9NQQ7,1.9e-108,Solute carrier family 35 member C2 (Ovarian cancer-overexpressed gene 1 protein),negative regulation of gene expression [GO:0010629]; positive regulation of Notch signaling pathway [GO:0045747]; protein O-linked fucosylation [GO:0036066]; UDP-glucose transmembrane transport [GO:0015786],GO:0005654; GO:0005793; GO:0005794; GO:0005801; GO:0010629; GO:0015297; GO:0015786; GO:0033116; GO:0036066; GO:0045747,cis-Golgi network [GO:0005801]; endoplasmic reticulum-Golgi intermediate compartment [GO:0005793]; endoplasmic reticulum-Golgi intermediate compartment membrane [GO:0033116]; Golgi apparatus [GO:0005794]; nucleoplasm [GO:0005654],antiporter activity [GO:0015297],Solute carrier family 35 member C2
Pocillopora_acuta_HIv2___RNAseq.g5255.t1,SLC,,O88576,2.27e-167,Sodium-dependent neutral amino acid transporter B(0)AT3 (Sodium- and chloride-dependent transporter XTRP2) (Solute carrier family 6 member 18) (System B(0) neutral amino acid transporter AT3),amino acid transmembrane transport [GO:0003333]; neurotransmitter transport [GO:0006836]; neutral amino acid transport [GO:0015804]; renal amino acid absorption [GO:1990297],GO:0003333; GO:0005886; GO:0006836; GO:0015175; GO:0015804; GO:0016324; GO:0031526; GO:0140931; GO:1990297,apical plasma membrane [GO:0016324]; brush border membrane [GO:0031526]; plasma membrane [GO:0005886],neutral L-amino acid transmembrane transporter activity [GO:0015175]; neutral L-amino acid:sodium:chloride symporter activity [GO:0140931],Sodium-dependent neutral amino acid transporter B(0)AT3
Pocillopora_acuta_HIv2___RNAseq.g5478.t1,SLC,,Q8N2U9,1.14e-100,Solute carrier family 66 member 2 (PQ-loop repeat-containing protein 1),"phospholipid translocation [GO:0045332]; retrograde transport, endosome to Golgi [GO:0042147]",GO:0005768; GO:0005802; GO:0005829; GO:0016020; GO:0042147; GO:0045332,cytosol [GO:0005829]; endosome [GO:0005768]; membrane [GO:0016020]; trans-Golgi network [GO:0005802],,Solute carrier family 66 member 2
Pocillopora_acuta_HIv2___RNAseq.g555.t1,calcium,,F1MMV1,6.33e-173,EF-hand domain-containing family member B (Cilia- and flagella-associated protein 21),calcium ion transport [GO:0006816]; flagellated sperm motility [GO:0030317]; regulation of calcineurin-NFAT signaling cascade [GO:0070884]; regulation of store-operated calcium entry [GO:2001256],GO:0005509; GO:0005879; GO:0006816; GO:0030317; GO:0036126; GO:0061891; GO:0070884; GO:0160111; GO:2001256,axonemal A tubule inner sheath [GO:0160111]; axonemal microtubule [GO:0005879]; sperm flagellum [GO:0036126],calcium ion binding [GO:0005509]; calcium ion sensor activity [GO:0061891],EF-hand domain-containing family member B
Pocillopora_acuta_HIv2___RNAseq.g5713.t1,SLC,,Q4R3Y4,0,Long-chain fatty acid transport protein 4 (FATP-4) (Fatty acid transport protein 4) (Arachidonate--CoA ligase) (EC 6.2.1.15) (Long-chain-fatty-acid--CoA ligase) (EC 6.2.1.3) (Solute carrier family 27 member 4) (Very long-chain acyl-CoA synthetase 4) (ACSVL4) (EC 6.2.1.-),long-chain fatty acid import into cell [GO:0044539]; medium-chain fatty acid transport [GO:0001579],GO:0000166; GO:0001579; GO:0005324; GO:0005789; GO:0005886; GO:0031957; GO:0044539; GO:0047676; GO:0090434,endoplasmic reticulum membrane [GO:0005789]; plasma membrane [GO:0005886],arachidonate-CoA ligase activity [GO:0047676]; long-chain fatty acid transmembrane transporter activity [GO:0005324]; nucleotide binding [GO:0000166]; oleoyl-CoA ligase activity [GO:0090434]; very long-chain fatty acid-CoA ligase activity [GO:0031957],Long-chain fatty acid transport protein 4
Pocillopora_acuta_HIv2___RNAseq.g5714.t1,SLC,,Q4R3Y4,0,Long-chain fatty acid transport protein 4 (FATP-4) (Fatty acid transport protein 4) (Arachidonate--CoA ligase) (EC 6.2.1.15) (Long-chain-fatty-acid--CoA ligase) (EC 6.2.1.3) (Solute carrier family 27 member 4) (Very long-chain acyl-CoA synthetase 4) (ACSVL4) (EC 6.2.1.-),long-chain fatty acid import into cell [GO:0044539]; medium-chain fatty acid transport [GO:0001579],GO:0000166; GO:0001579; GO:0005324; GO:0005789; GO:0005886; GO:0031957; GO:0044539; GO:0047676; GO:0090434,endoplasmic reticulum membrane [GO:0005789]; plasma membrane [GO:0005886],arachidonate-CoA ligase activity [GO:0047676]; long-chain fatty acid transmembrane transporter activity [GO:0005324]; nucleotide binding [GO:0000166]; oleoyl-CoA ligase activity [GO:0090434]; very long-chain fatty acid-CoA ligase activity [GO:0031957],Long-chain fatty acid transport protein 4
Pocillopora_acuta_HIv2___RNAseq.g5723.t1,"TRP, calcium",,Q9UBN4,1.67e-11,Short transient receptor potential channel 4 (TrpC4) (Trp-related protein 4) (hTrp-4) (hTrp4),calcium ion import [GO:0070509]; calcium ion transmembrane transport [GO:0070588]; calcium ion transport [GO:0006816]; gamma-aminobutyric acid secretion [GO:0014051]; oligodendrocyte differentiation [GO:0048709]; regulation of cytosolic calcium ion concentration [GO:0051480],GO:0005262; GO:0005886; GO:0005901; GO:0006816; GO:0008013; GO:0009986; GO:0014051; GO:0015279; GO:0016323; GO:0030863; GO:0034703; GO:0034704; GO:0045296; GO:0048709; GO:0051480; GO:0070509; GO:0070588; GO:0070679,basolateral plasma membrane [GO:0016323]; calcium channel complex [GO:0034704]; cation channel complex [GO:0034703]; caveola [GO:0005901]; cell surface [GO:0009986]; cortical cytoskeleton [GO:0030863]; plasma membrane [GO:0005886],"beta-catenin binding [GO:0008013]; cadherin binding [GO:0045296]; calcium channel activity [GO:0005262]; inositol 1,4,5 trisphosphate binding [GO:0070679]; store-operated calcium channel activity [GO:0015279]",Short transient receptor potential channel 4
Pocillopora_acuta_HIv2___RNAseq.g5754.t2,TRP,,O62852,3.98e-48,Short transient receptor potential channel 5 (Rtrp5) (TrpC5) (Capacitative calcium entry channel 2) (CCE2),neuron apoptotic process [GO:0051402]; phosphatidylserine exposure on apoptotic cell surface [GO:0070782]; regulation of cytosolic calcium ion concentration [GO:0051480],GO:0005262; GO:0005886; GO:0015279; GO:0034704; GO:0051402; GO:0051480; GO:0070679; GO:0070782; GO:0098793,calcium channel complex [GO:0034704]; plasma membrane [GO:0005886]; presynapse [GO:0098793],"calcium channel activity [GO:0005262]; inositol 1,4,5 trisphosphate binding [GO:0070679]; store-operated calcium channel activity [GO:0015279]",Short transient receptor potential channel 5
Pocillopora_acuta_HIv2___RNAseq.g5755.t1,TRP,,Q9QX29,2e-47,Short transient receptor potential channel 5 (TrpC5) (Capacitative calcium entry channel 2) (CCE2) (Transient receptor protein 5) (TRP-5) (mTRP5) (Trp-related protein 5),negative regulation of dendrite morphogenesis [GO:0050774]; neuron apoptotic process [GO:0051402]; neuron differentiation [GO:0030182]; phosphatidylserine exposure on apoptotic cell surface [GO:0070782]; positive regulation of axon extension [GO:0045773]; positive regulation of cell population proliferation [GO:0008284]; positive regulation of cytosolic calcium ion concentration [GO:0007204]; positive regulation of neuron differentiation [GO:0045666]; regulation of membrane hyperpolarization [GO:1902630],GO:0003779; GO:0005262; GO:0005886; GO:0007204; GO:0008284; GO:0030182; GO:0030276; GO:0030425; GO:0030426; GO:0034704; GO:0042805; GO:0043025; GO:0045666; GO:0045773; GO:0050774; GO:0051117; GO:0051402; GO:0070679; GO:0070782; GO:0098793; GO:1902630,calcium channel complex [GO:0034704]; dendrite [GO:0030425]; growth cone [GO:0030426]; neuronal cell body [GO:0043025]; plasma membrane [GO:0005886]; presynapse [GO:0098793],"actin binding [GO:0003779]; actinin binding [GO:0042805]; ATPase binding [GO:0051117]; calcium channel activity [GO:0005262]; clathrin binding [GO:0030276]; inositol 1,4,5 trisphosphate binding [GO:0070679]",Short transient receptor potential channel 5
Pocillopora_acuta_HIv2___RNAseq.g5757.t1,"TRP, calcium",,Q9MYW0,1.82e-45,Short transient receptor potential channel 6 (TrpC6),calcium ion transmembrane transport [GO:0070588]; positive regulation of calcium ion transport [GO:0051928]; positive regulation of cytosolic calcium ion concentration [GO:0007204]; regulation of cytosolic calcium ion concentration [GO:0051480]; single fertilization [GO:0007338],GO:0005261; GO:0005737; GO:0005886; GO:0007204; GO:0007338; GO:0015279; GO:0034703; GO:0036057; GO:0042803; GO:0051480; GO:0051928; GO:0070588; GO:0070679,cation channel complex [GO:0034703]; cytoplasm [GO:0005737]; plasma membrane [GO:0005886]; slit diaphragm [GO:0036057],"inositol 1,4,5 trisphosphate binding [GO:0070679]; monoatomic cation channel activity [GO:0005261]; protein homodimerization activity [GO:0042803]; store-operated calcium channel activity [GO:0015279]",Short transient receptor potential channel 6
Pocillopora_acuta_HIv2___RNAseq.g5760.t1,TRP,,Q9MYV9,2.45e-58,Short transient receptor potential channel 5 (TrpC5),neuron apoptotic process [GO:0051402]; phosphatidylserine exposure on apoptotic cell surface [GO:0070782],GO:0005262; GO:0005886; GO:0051402; GO:0070782,plasma membrane [GO:0005886],calcium channel activity [GO:0005262],Short transient receptor potential channel 5
Pocillopora_acuta_HIv2___RNAseq.g5775.t1,"TRP, calcium",,Q9MYW0,3.61e-112,Short transient receptor potential channel 6 (TrpC6),calcium ion transmembrane transport [GO:0070588]; positive regulation of calcium ion transport [GO:0051928]; positive regulation of cytosolic calcium ion concentration [GO:0007204]; regulation of cytosolic calcium ion concentration [GO:0051480]; single fertilization [GO:0007338],GO:0005261; GO:0005737; GO:0005886; GO:0007204; GO:0007338; GO:0015279; GO:0034703; GO:0036057; GO:0042803; GO:0051480; GO:0051928; GO:0070588; GO:0070679,cation channel complex [GO:0034703]; cytoplasm [GO:0005737]; plasma membrane [GO:0005886]; slit diaphragm [GO:0036057],"inositol 1,4,5 trisphosphate binding [GO:0070679]; monoatomic cation channel activity [GO:0005261]; protein homodimerization activity [GO:0042803]; store-operated calcium channel activity [GO:0015279]",Short transient receptor potential channel 6
Pocillopora_acuta_HIv2___RNAseq.g5776.t1,"TRP, calcium, Bhattacharya2016",TRPC6,Q9MYW0,1.74e-117,Short transient receptor potential channel 6 (TrpC6),calcium ion transmembrane transport [GO:0070588]; positive regulation of calcium ion transport [GO:0051928]; positive regulation of cytosolic calcium ion concentration [GO:0007204]; regulation of cytosolic calcium ion concentration [GO:0051480]; single fertilization [GO:0007338],GO:0005261; GO:0005737; GO:0005886; GO:0007204; GO:0007338; GO:0015279; GO:0034703; GO:0036057; GO:0042803; GO:0051480; GO:0051928; GO:0070588; GO:0070679,cation channel complex [GO:0034703]; cytoplasm [GO:0005737]; plasma membrane [GO:0005886]; slit diaphragm [GO:0036057],"inositol 1,4,5 trisphosphate binding [GO:0070679]; monoatomic cation channel activity [GO:0005261]; protein homodimerization activity [GO:0042803]; store-operated calcium channel activity [GO:0015279]",TRPC6
Pocillopora_acuta_HIv2___RNAseq.g5777.t1,"TRP, calcium",,Q9MYW0,1.22e-91,Short transient receptor potential channel 6 (TrpC6),calcium ion transmembrane transport [GO:0070588]; positive regulation of calcium ion transport [GO:0051928]; positive regulation of cytosolic calcium ion concentration [GO:0007204]; regulation of cytosolic calcium ion concentration [GO:0051480]; single fertilization [GO:0007338],GO:0005261; GO:0005737; GO:0005886; GO:0007204; GO:0007338; GO:0015279; GO:0034703; GO:0036057; GO:0042803; GO:0051480; GO:0051928; GO:0070588; GO:0070679,cation channel complex [GO:0034703]; cytoplasm [GO:0005737]; plasma membrane [GO:0005886]; slit diaphragm [GO:0036057],"inositol 1,4,5 trisphosphate binding [GO:0070679]; monoatomic cation channel activity [GO:0005261]; protein homodimerization activity [GO:0042803]; store-operated calcium channel activity [GO:0015279]",Short transient receptor potential channel 6
Pocillopora_acuta_HIv2___RNAseq.g5778.t1,TRP,,Q9QX29,1.54e-91,Short transient receptor potential channel 5 (TrpC5) (Capacitative calcium entry channel 2) (CCE2) (Transient receptor protein 5) (TRP-5) (mTRP5) (Trp-related protein 5),negative regulation of dendrite morphogenesis [GO:0050774]; neuron apoptotic process [GO:0051402]; neuron differentiation [GO:0030182]; phosphatidylserine exposure on apoptotic cell surface [GO:0070782]; positive regulation of axon extension [GO:0045773]; positive regulation of cell population proliferation [GO:0008284]; positive regulation of cytosolic calcium ion concentration [GO:0007204]; positive regulation of neuron differentiation [GO:0045666]; regulation of membrane hyperpolarization [GO:1902630],GO:0003779; GO:0005262; GO:0005886; GO:0007204; GO:0008284; GO:0030182; GO:0030276; GO:0030425; GO:0030426; GO:0034704; GO:0042805; GO:0043025; GO:0045666; GO:0045773; GO:0050774; GO:0051117; GO:0051402; GO:0070679; GO:0070782; GO:0098793; GO:1902630,calcium channel complex [GO:0034704]; dendrite [GO:0030425]; growth cone [GO:0030426]; neuronal cell body [GO:0043025]; plasma membrane [GO:0005886]; presynapse [GO:0098793],"actin binding [GO:0003779]; actinin binding [GO:0042805]; ATPase binding [GO:0051117]; calcium channel activity [GO:0005262]; clathrin binding [GO:0030276]; inositol 1,4,5 trisphosphate binding [GO:0070679]",Short transient receptor potential channel 5
Pocillopora_acuta_HIv2___RNAseq.g5937.t1,calcium,,O62714,1.57e-53,Extracellular calcium-sensing receptor (CaSR) (Parathyroid cell calcium-sensing receptor) (PCaR1),detection of calcium ion [GO:0005513]; G protein-coupled receptor signaling pathway [GO:0007186]; intracellular calcium ion homeostasis [GO:0006874]; regulation of calcium ion transport [GO:0051924],GO:0004930; GO:0005509; GO:0005513; GO:0005886; GO:0006874; GO:0007186; GO:0016597; GO:0042803; GO:0051924,plasma membrane [GO:0005886],amino acid binding [GO:0016597]; calcium ion binding [GO:0005509]; G protein-coupled receptor activity [GO:0004930]; protein homodimerization activity [GO:0042803],Extracellular calcium-sensing receptor
Pocillopora_acuta_HIv2___RNAseq.g6155.t2,Bhattacharya2016,KCNQ1,Q9NR82,1.07e-122,Potassium voltage-gated channel subfamily KQT member 5 (KQT-like 5) (Potassium channel subunit alpha KvLQT5) (Voltage-gated potassium channel subunit Kv7.5),potassium ion transmembrane transport [GO:0071805],GO:0005249; GO:0005886; GO:0008076; GO:0030118; GO:0042734; GO:0044305; GO:0071805; GO:0099508,calyx of Held [GO:0044305]; clathrin coat [GO:0030118]; plasma membrane [GO:0005886]; presynaptic membrane [GO:0042734]; voltage-gated potassium channel complex [GO:0008076],voltage-gated monoatomic ion channel activity involved in regulation of presynaptic membrane potential [GO:0099508]; voltage-gated potassium channel activity [GO:0005249],KCNQ1
Pocillopora_acuta_HIv2___RNAseq.g6186.t1,SLC,,Q6AY78,3.9e-46,Solute carrier family 22 member 18 (Organic cation transporter-like protein 2) (ORCTL-2),monoatomic ion transport [GO:0006811]; xenobiotic detoxification by transmembrane export across the plasma membrane [GO:1990961]; xenobiotic transport [GO:0042908],GO:0005635; GO:0005737; GO:0006811; GO:0015293; GO:0016324; GO:0031625; GO:0042908; GO:1990961,apical plasma membrane [GO:0016324]; cytoplasm [GO:0005737]; nuclear envelope [GO:0005635],symporter activity [GO:0015293]; ubiquitin protein ligase binding [GO:0031625],Solute carrier family 22 member 18
Pocillopora_acuta_HIv2___RNAseq.g6710.t1,calcium,,P61589,5.84e-119,Transforming protein RhoA (EC 3.6.5.2),"actin cytoskeleton organization [GO:0030036]; alpha-beta T cell lineage commitment [GO:0002363]; androgen receptor signaling pathway [GO:0030521]; angiotensin-mediated vasoconstriction involved in regulation of systemic arterial blood pressure [GO:0001998]; aortic valve formation [GO:0003189]; apical junction assembly [GO:0043297]; apolipoprotein A-I-mediated signaling pathway [GO:0038027]; beta selection [GO:0043366]; bone trabecula morphogenesis [GO:0061430]; cell adhesion [GO:0007155]; cell differentiation [GO:0030154]; cell junction assembly [GO:0034329]; cell migration [GO:0016477]; cell morphogenesis [GO:0000902]; cell-matrix adhesion [GO:0007160]; cellular response to chemokine [GO:1990869]; cellular response to cytokine stimulus [GO:0071345]; cellular response to lipopolysaccharide [GO:0071222]; cellular response to progesterone stimulus [GO:0071393]; cerebral cortex cell migration [GO:0021795]; cleavage furrow formation [GO:0036089]; cytoplasmic microtubule organization [GO:0031122]; cytoskeleton organization [GO:0007010]; embryonic cleavage [GO:0040016]; endothelial cell migration [GO:0043542]; endothelial tube lumen extension [GO:0097498]; establishment of epithelial cell apical/basal polarity [GO:0045198]; establishment or maintenance of actin cytoskeleton polarity [GO:0030950]; forebrain radial glial cell differentiation [GO:0021861]; GTP metabolic process [GO:0046039]; kidney development [GO:0001822]; meiotic spindle organization [GO:0000212]; microtubule depolymerization [GO:0007019]; mitotic cleavage furrow formation [GO:1903673]; mitotic spindle assembly [GO:0090307]; motor neuron apoptotic process [GO:0097049]; negative chemotaxis [GO:0050919]; negative regulation of canonical NF-kappaB signal transduction [GO:0043124]; negative regulation of cell migration involved in sprouting angiogenesis [GO:0090051]; negative regulation of cell size [GO:0045792]; negative regulation of cell-substrate adhesion [GO:0010812]; negative regulation of intracellular steroid hormone receptor signaling pathway [GO:0033144]; negative regulation of motor neuron apoptotic process [GO:2000672]; negative regulation of neuron differentiation [GO:0045665]; negative regulation of neuron projection development [GO:0010977]; negative regulation of oxidative phosphorylation [GO:0090324]; negative regulation of reactive oxygen species biosynthetic process [GO:1903427]; negative regulation of synapse assembly [GO:0051964]; negative regulation of vascular associated smooth muscle cell migration [GO:1904753]; negative regulation of vascular associated smooth muscle cell proliferation [GO:1904706]; neuron migration [GO:0001764]; neuron projection morphogenesis [GO:0048812]; odontogenesis [GO:0042476]; ossification involved in bone maturation [GO:0043931]; polar body extrusion after meiotic divisions [GO:0040038]; positive regulation of actin filament polymerization [GO:0030838]; positive regulation of alpha-beta T cell differentiation [GO:0046638]; positive regulation of canonical NF-kappaB signal transduction [GO:0043123]; positive regulation of cell adhesion [GO:0045785]; positive regulation of cell growth [GO:0030307]; positive regulation of cell migration [GO:0030335]; positive regulation of cytokinesis [GO:0032467]; positive regulation of leukocyte adhesion to vascular endothelial cell [GO:1904996]; positive regulation of neuron apoptotic process [GO:0043525]; positive regulation of neuron differentiation [GO:0045666]; positive regulation of podosome assembly [GO:0071803]; positive regulation of protein serine/threonine kinase activity [GO:0071902]; positive regulation of smooth muscle contraction [GO:0045987]; positive regulation of stress fiber assembly [GO:0051496]; positive regulation of T cell migration [GO:2000406]; positive regulation of translation [GO:0045727]; positive regulation of vascular associated smooth muscle contraction [GO:1904695]; positive regulation of vasoconstriction [GO:0045907]; regulation of actin cytoskeleton organization [GO:0032956]; regulation of actin polymerization or depolymerization [GO:0008064]; regulation of calcium ion transport [GO:0051924]; regulation of cell migration [GO:0030334]; regulation of dendrite development [GO:0050773]; regulation of microtubule cytoskeleton organization [GO:0070507]; regulation of modification of postsynaptic actin cytoskeleton [GO:1905274]; regulation of modification of postsynaptic structure [GO:0099159]; regulation of neural precursor cell proliferation [GO:2000177]; regulation of neuron projection development [GO:0010975]; regulation of osteoblast proliferation [GO:0033688]; regulation of systemic arterial blood pressure by endothelin [GO:0003100]; regulation of transcription by RNA polymerase II [GO:0006357]; response to amino acid [GO:0043200]; response to ethanol [GO:0045471]; response to glucocorticoid [GO:0051384]; response to glucose [GO:0009749]; response to hypoxia [GO:0001666]; response to mechanical stimulus [GO:0009612]; response to xenobiotic stimulus [GO:0009410]; Rho protein signal transduction [GO:0007266]; Roundabout signaling pathway [GO:0035385]; semaphorin-plexin signaling pathway [GO:0071526]; skeletal muscle satellite cell migration [GO:1902766]; skeletal muscle tissue development [GO:0007519]; spindle localization [GO:0051653]; stress fiber assembly [GO:0043149]; stress-activated protein kinase signaling cascade [GO:0031098]; substrate adhesion-dependent cell spreading [GO:0034446]; wound healing, spreading of cells [GO:0044319]",GO:0000212; GO:0000902; GO:0001666; GO:0001764; GO:0001822; GO:0001998; GO:0002363; GO:0003100; GO:0003189; GO:0003924; GO:0003925; GO:0005525; GO:0005634; GO:0005768; GO:0005829; GO:0005886; GO:0005938; GO:0006357; GO:0007010; GO:0007019; GO:0007155; GO:0007160; GO:0007266; GO:0007519; GO:0008064; GO:0009410; GO:0009612; GO:0009749; GO:0009898; GO:0010812; GO:0010975; GO:0010977; GO:0016020; GO:0016477; GO:0017022; GO:0019003; GO:0019901; GO:0019904; GO:0021795; GO:0021861; GO:0030027; GO:0030036; GO:0030154; GO:0030307; GO:0030334; GO:0030335; GO:0030424; GO:0030425; GO:0030496; GO:0030521; GO:0030838; GO:0030950; GO:0031098; GO:0031122; GO:0031982; GO:0032154; GO:0032467; GO:0032587; GO:0032956; GO:0033144; GO:0033688; GO:0034329; GO:0034446; GO:0035385; GO:0036089; GO:0038027; GO:0040016; GO:0040038; GO:0042476; GO:0043025; GO:0043123; GO:0043124; GO:0043149; GO:0043197; GO:0043200; GO:0043296; GO:0043297; GO:0043366; GO:0043525; GO:0043542; GO:0043931; GO:0044319; GO:0045198; GO:0045471; GO:0045665; GO:0045666; GO:0045727; GO:0045785; GO:0045792; GO:0045907; GO:0045987; GO:0046039; GO:0046638; GO:0048812; GO:0050773; GO:0050919; GO:0051022; GO:0051384; GO:0051496; GO:0051653; GO:0051924; GO:0051964; GO:0061430; GO:0070507; GO:0071222; GO:0071345; GO:0071393; GO:0071526; GO:0071803; GO:0071902; GO:0071944; GO:0072687; GO:0090051; GO:0090307; GO:0090324; GO:0097049; GO:0097498; GO:0098794; GO:0098978; GO:0099159; GO:1902766; GO:1903427; GO:1903673; GO:1904695; GO:1904706; GO:1904753; GO:1904996; GO:1905274; GO:1990869; GO:2000177; GO:2000406; GO:2000672,apical junction complex [GO:0043296]; axon [GO:0030424]; cell cortex [GO:0005938]; cell periphery [GO:0071944]; cleavage furrow [GO:0032154]; cytoplasmic side of plasma membrane [GO:0009898]; cytosol [GO:0005829]; dendrite [GO:0030425]; dendritic spine [GO:0043197]; endosome [GO:0005768]; glutamatergic synapse [GO:0098978]; lamellipodium [GO:0030027]; meiotic spindle [GO:0072687]; membrane [GO:0016020]; midbody [GO:0030496]; neuronal cell body [GO:0043025]; nucleus [GO:0005634]; plasma membrane [GO:0005886]; postsynapse [GO:0098794]; ruffle membrane [GO:0032587]; vesicle [GO:0031982],G protein activity [GO:0003925]; GDP binding [GO:0019003]; GTP binding [GO:0005525]; GTPase activity [GO:0003924]; myosin binding [GO:0017022]; protein domain specific binding [GO:0019904]; protein kinase binding [GO:0019901]; Rho GDP-dissociation inhibitor binding [GO:0051022],Transforming protein RhoA
Pocillopora_acuta_HIv2___RNAseq.g6711.t1,calcium,,P61589,2.25e-119,Transforming protein RhoA (EC 3.6.5.2),"actin cytoskeleton organization [GO:0030036]; alpha-beta T cell lineage commitment [GO:0002363]; androgen receptor signaling pathway [GO:0030521]; angiotensin-mediated vasoconstriction involved in regulation of systemic arterial blood pressure [GO:0001998]; aortic valve formation [GO:0003189]; apical junction assembly [GO:0043297]; apolipoprotein A-I-mediated signaling pathway [GO:0038027]; beta selection [GO:0043366]; bone trabecula morphogenesis [GO:0061430]; cell adhesion [GO:0007155]; cell differentiation [GO:0030154]; cell junction assembly [GO:0034329]; cell migration [GO:0016477]; cell morphogenesis [GO:0000902]; cell-matrix adhesion [GO:0007160]; cellular response to chemokine [GO:1990869]; cellular response to cytokine stimulus [GO:0071345]; cellular response to lipopolysaccharide [GO:0071222]; cellular response to progesterone stimulus [GO:0071393]; cerebral cortex cell migration [GO:0021795]; cleavage furrow formation [GO:0036089]; cytoplasmic microtubule organization [GO:0031122]; cytoskeleton organization [GO:0007010]; embryonic cleavage [GO:0040016]; endothelial cell migration [GO:0043542]; endothelial tube lumen extension [GO:0097498]; establishment of epithelial cell apical/basal polarity [GO:0045198]; establishment or maintenance of actin cytoskeleton polarity [GO:0030950]; forebrain radial glial cell differentiation [GO:0021861]; GTP metabolic process [GO:0046039]; kidney development [GO:0001822]; meiotic spindle organization [GO:0000212]; microtubule depolymerization [GO:0007019]; mitotic cleavage furrow formation [GO:1903673]; mitotic spindle assembly [GO:0090307]; motor neuron apoptotic process [GO:0097049]; negative chemotaxis [GO:0050919]; negative regulation of canonical NF-kappaB signal transduction [GO:0043124]; negative regulation of cell migration involved in sprouting angiogenesis [GO:0090051]; negative regulation of cell size [GO:0045792]; negative regulation of cell-substrate adhesion [GO:0010812]; negative regulation of intracellular steroid hormone receptor signaling pathway [GO:0033144]; negative regulation of motor neuron apoptotic process [GO:2000672]; negative regulation of neuron differentiation [GO:0045665]; negative regulation of neuron projection development [GO:0010977]; negative regulation of oxidative phosphorylation [GO:0090324]; negative regulation of reactive oxygen species biosynthetic process [GO:1903427]; negative regulation of synapse assembly [GO:0051964]; negative regulation of vascular associated smooth muscle cell migration [GO:1904753]; negative regulation of vascular associated smooth muscle cell proliferation [GO:1904706]; neuron migration [GO:0001764]; neuron projection morphogenesis [GO:0048812]; odontogenesis [GO:0042476]; ossification involved in bone maturation [GO:0043931]; polar body extrusion after meiotic divisions [GO:0040038]; positive regulation of actin filament polymerization [GO:0030838]; positive regulation of alpha-beta T cell differentiation [GO:0046638]; positive regulation of canonical NF-kappaB signal transduction [GO:0043123]; positive regulation of cell adhesion [GO:0045785]; positive regulation of cell growth [GO:0030307]; positive regulation of cell migration [GO:0030335]; positive regulation of cytokinesis [GO:0032467]; positive regulation of leukocyte adhesion to vascular endothelial cell [GO:1904996]; positive regulation of neuron apoptotic process [GO:0043525]; positive regulation of neuron differentiation [GO:0045666]; positive regulation of podosome assembly [GO:0071803]; positive regulation of protein serine/threonine kinase activity [GO:0071902]; positive regulation of smooth muscle contraction [GO:0045987]; positive regulation of stress fiber assembly [GO:0051496]; positive regulation of T cell migration [GO:2000406]; positive regulation of translation [GO:0045727]; positive regulation of vascular associated smooth muscle contraction [GO:1904695]; positive regulation of vasoconstriction [GO:0045907]; regulation of actin cytoskeleton organization [GO:0032956]; regulation of actin polymerization or depolymerization [GO:0008064]; regulation of calcium ion transport [GO:0051924]; regulation of cell migration [GO:0030334]; regulation of dendrite development [GO:0050773]; regulation of microtubule cytoskeleton organization [GO:0070507]; regulation of modification of postsynaptic actin cytoskeleton [GO:1905274]; regulation of modification of postsynaptic structure [GO:0099159]; regulation of neural precursor cell proliferation [GO:2000177]; regulation of neuron projection development [GO:0010975]; regulation of osteoblast proliferation [GO:0033688]; regulation of systemic arterial blood pressure by endothelin [GO:0003100]; regulation of transcription by RNA polymerase II [GO:0006357]; response to amino acid [GO:0043200]; response to ethanol [GO:0045471]; response to glucocorticoid [GO:0051384]; response to glucose [GO:0009749]; response to hypoxia [GO:0001666]; response to mechanical stimulus [GO:0009612]; response to xenobiotic stimulus [GO:0009410]; Rho protein signal transduction [GO:0007266]; Roundabout signaling pathway [GO:0035385]; semaphorin-plexin signaling pathway [GO:0071526]; skeletal muscle satellite cell migration [GO:1902766]; skeletal muscle tissue development [GO:0007519]; spindle localization [GO:0051653]; stress fiber assembly [GO:0043149]; stress-activated protein kinase signaling cascade [GO:0031098]; substrate adhesion-dependent cell spreading [GO:0034446]; wound healing, spreading of cells [GO:0044319]",GO:0000212; GO:0000902; GO:0001666; GO:0001764; GO:0001822; GO:0001998; GO:0002363; GO:0003100; GO:0003189; GO:0003924; GO:0003925; GO:0005525; GO:0005634; GO:0005768; GO:0005829; GO:0005886; GO:0005938; GO:0006357; GO:0007010; GO:0007019; GO:0007155; GO:0007160; GO:0007266; GO:0007519; GO:0008064; GO:0009410; GO:0009612; GO:0009749; GO:0009898; GO:0010812; GO:0010975; GO:0010977; GO:0016020; GO:0016477; GO:0017022; GO:0019003; GO:0019901; GO:0019904; GO:0021795; GO:0021861; GO:0030027; GO:0030036; GO:0030154; GO:0030307; GO:0030334; GO:0030335; GO:0030424; GO:0030425; GO:0030496; GO:0030521; GO:0030838; GO:0030950; GO:0031098; GO:0031122; GO:0031982; GO:0032154; GO:0032467; GO:0032587; GO:0032956; GO:0033144; GO:0033688; GO:0034329; GO:0034446; GO:0035385; GO:0036089; GO:0038027; GO:0040016; GO:0040038; GO:0042476; GO:0043025; GO:0043123; GO:0043124; GO:0043149; GO:0043197; GO:0043200; GO:0043296; GO:0043297; GO:0043366; GO:0043525; GO:0043542; GO:0043931; GO:0044319; GO:0045198; GO:0045471; GO:0045665; GO:0045666; GO:0045727; GO:0045785; GO:0045792; GO:0045907; GO:0045987; GO:0046039; GO:0046638; GO:0048812; GO:0050773; GO:0050919; GO:0051022; GO:0051384; GO:0051496; GO:0051653; GO:0051924; GO:0051964; GO:0061430; GO:0070507; GO:0071222; GO:0071345; GO:0071393; GO:0071526; GO:0071803; GO:0071902; GO:0071944; GO:0072687; GO:0090051; GO:0090307; GO:0090324; GO:0097049; GO:0097498; GO:0098794; GO:0098978; GO:0099159; GO:1902766; GO:1903427; GO:1903673; GO:1904695; GO:1904706; GO:1904753; GO:1904996; GO:1905274; GO:1990869; GO:2000177; GO:2000406; GO:2000672,apical junction complex [GO:0043296]; axon [GO:0030424]; cell cortex [GO:0005938]; cell periphery [GO:0071944]; cleavage furrow [GO:0032154]; cytoplasmic side of plasma membrane [GO:0009898]; cytosol [GO:0005829]; dendrite [GO:0030425]; dendritic spine [GO:0043197]; endosome [GO:0005768]; glutamatergic synapse [GO:0098978]; lamellipodium [GO:0030027]; meiotic spindle [GO:0072687]; membrane [GO:0016020]; midbody [GO:0030496]; neuronal cell body [GO:0043025]; nucleus [GO:0005634]; plasma membrane [GO:0005886]; postsynapse [GO:0098794]; ruffle membrane [GO:0032587]; vesicle [GO:0031982],G protein activity [GO:0003925]; GDP binding [GO:0019003]; GTP binding [GO:0005525]; GTPase activity [GO:0003924]; myosin binding [GO:0017022]; protein domain specific binding [GO:0019904]; protein kinase binding [GO:0019901]; Rho GDP-dissociation inhibitor binding [GO:0051022],Transforming protein RhoA
Pocillopora_acuta_HIv2___RNAseq.g683.t1,SLC,,Q2M3R5,1.8e-45,Solute carrier family 35 member G1 (Partner of STIM1) (Transmembrane protein 20),calcium ion export across plasma membrane [GO:1990034]; regulation of cytosolic calcium ion concentration [GO:0051480],GO:0005789; GO:0005886; GO:0051480; GO:1990034,endoplasmic reticulum membrane [GO:0005789]; plasma membrane [GO:0005886],,Solute carrier family 35 member G1
Pocillopora_acuta_HIv2___RNAseq.g684.t1,SLC,,Q2M3R5,6.32e-49,Solute carrier family 35 member G1 (Partner of STIM1) (Transmembrane protein 20),calcium ion export across plasma membrane [GO:1990034]; regulation of cytosolic calcium ion concentration [GO:0051480],GO:0005789; GO:0005886; GO:0051480; GO:1990034,endoplasmic reticulum membrane [GO:0005789]; plasma membrane [GO:0005886],,Solute carrier family 35 member G1
Pocillopora_acuta_HIv2___RNAseq.g7009.t1,SLC,,A4IIC5,4.6e-55,Zinc transporter ZIP3 (Solute carrier family 39 member 3) (Zrt- and Irt-like protein 3) (ZIP-3),zinc ion transmembrane transport [GO:0071577],GO:0005385; GO:0005886; GO:0016324; GO:0071577,apical plasma membrane [GO:0016324]; plasma membrane [GO:0005886],zinc ion transmembrane transporter activity [GO:0005385],Zinc transporter ZIP3
Pocillopora_acuta_HIv2___RNAseq.g7011.t1,"calcium, ER_calcium",,P49950,9.25e-20,Apoptosis regulator Bcl-2,"actin filament organization [GO:0007015]; animal organ morphogenesis [GO:0009887]; apoptotic mitochondrial changes [GO:0008637]; apoptotic process [GO:0006915]; autophagy [GO:0006914]; axon regeneration [GO:0031103]; axonogenesis [GO:0007409]; B cell apoptotic process [GO:0001783]; B cell differentiation [GO:0030183]; B cell homeostasis [GO:0001782]; B cell lineage commitment [GO:0002326]; B cell proliferation [GO:0042100]; B cell receptor signaling pathway [GO:0050853]; behavioral fear response [GO:0001662]; branching involved in ureteric bud morphogenesis [GO:0001658]; calcium ion transport into cytosol [GO:0060402]; CD8-positive, alpha-beta T cell lineage commitment [GO:0043375]; cell migration [GO:0016477]; cell morphogenesis [GO:0000902]; cell population proliferation [GO:0008283]; cell-cell adhesion [GO:0098609]; cellular response to fluoride [GO:1902618]; cellular response to glucose starvation [GO:0042149]; cellular response to glucose stimulus [GO:0071333]; cellular response to hydrogen peroxide [GO:0070301]; cellular response to hypoxia [GO:0071456]; cellular response to L-glutamate [GO:1905232]; cerebral cortex development [GO:0021987]; cochlear nucleus development [GO:0021747]; defense response to virus [GO:0051607]; dendritic cell apoptotic process [GO:0097048]; developmental growth [GO:0048589]; developmental pigmentation [GO:0048066]; digestive tract morphogenesis [GO:0048546]; DNA damage response [GO:0006974]; ear development [GO:0043583]; endoplasmic reticulum calcium ion homeostasis [GO:0032469]; epithelial cell apoptotic process [GO:1904019]; establishment of localization in cell [GO:0051649]; extrinsic apoptotic signaling pathway in absence of ligand [GO:0097192]; extrinsic apoptotic signaling pathway via death domain receptors [GO:0008625]; focal adhesion assembly [GO:0048041]; G1/S transition of mitotic cell cycle [GO:0000082]; gland morphogenesis [GO:0022612]; glial cell apoptotic process [GO:0034349]; glomerulus development [GO:0032835]; hair follicle morphogenesis [GO:0031069]; hematopoietic stem cell differentiation [GO:0060218]; hemopoiesis [GO:0030097]; homeostasis of number of cells within a tissue [GO:0048873]; immune system development [GO:0002520]; intracellular calcium ion homeostasis [GO:0006874]; intrinsic apoptotic signaling pathway in response to DNA damage [GO:0008630]; intrinsic apoptotic signaling pathway in response to endoplasmic reticulum stress [GO:0070059]; intrinsic apoptotic signaling pathway in response to oxidative stress [GO:0008631]; kidney development [GO:0001822]; leukocyte homeostasis [GO:0001776]; liver regeneration [GO:0097421]; lymphocyte apoptotic process [GO:0070227]; lymphocyte homeostasis [GO:0002260]; lymphoid progenitor cell differentiation [GO:0002320]; male gonad development [GO:0008584]; melanin metabolic process [GO:0006582]; melanocyte differentiation [GO:0030318]; mesenchymal cell development [GO:0014031]; metanephros development [GO:0001656]; mitotic cell cycle [GO:0000278]; motor neuron apoptotic process [GO:0097049]; myeloid cell apoptotic process [GO:0033028]; negative regulation of anoikis [GO:2000811]; negative regulation of apoptotic process [GO:0043066]; negative regulation of apoptotic signaling pathway [GO:2001234]; negative regulation of autophagy [GO:0010507]; negative regulation of B cell apoptotic process [GO:0002903]; negative regulation of calcium ion transport into cytosol [GO:0010523]; negative regulation of cardiac muscle cell apoptotic process [GO:0010667]; negative regulation of cell growth [GO:0030308]; negative regulation of cell migration [GO:0030336]; negative regulation of cell population proliferation [GO:0008285]; negative regulation of cellular pH reduction [GO:0032848]; negative regulation of dendritic cell apoptotic process [GO:2000669]; negative regulation of epithelial cell apoptotic process [GO:1904036]; negative regulation of extrinsic apoptotic signaling pathway in absence of ligand [GO:2001240]; negative regulation of G1/S transition of mitotic cell cycle [GO:2000134]; negative regulation of intrinsic apoptotic signaling pathway [GO:2001243]; negative regulation of lymphocyte apoptotic process [GO:0070229]; negative regulation of mitotic cell cycle [GO:0045930]; negative regulation of motor neuron apoptotic process [GO:2000672]; negative regulation of myeloid cell apoptotic process [GO:0033033]; negative regulation of neuron apoptotic process [GO:0043524]; negative regulation of ossification [GO:0030279]; negative regulation of osteoblast proliferation [GO:0033689]; negative regulation of retinal cell programmed cell death [GO:0046671]; negative regulation of T cell apoptotic process [GO:0070233]; neuron apoptotic process [GO:0051402]; neuron maturation [GO:0042551]; oligodendrocyte differentiation [GO:0048709]; oocyte development [GO:0048599]; organ growth [GO:0035265]; ossification [GO:0001503]; osteoblast proliferation [GO:0033687]; ovarian follicle development [GO:0001541]; pigment granule organization [GO:0048753]; pigmentation [GO:0043473]; positive regulation of apoptotic process [GO:0043065]; positive regulation of B cell proliferation [GO:0030890]; positive regulation of cell growth [GO:0030307]; positive regulation of cell population proliferation [GO:0008284]; positive regulation of developmental pigmentation [GO:0048087]; positive regulation of melanocyte differentiation [GO:0045636]; positive regulation of multicellular organism growth [GO:0040018]; positive regulation of neuron maturation [GO:0014042]; positive regulation of skeletal muscle fiber development [GO:0048743]; positive regulation of smooth muscle cell migration [GO:0014911]; post-embryonic development [GO:0009791]; protein polyubiquitination [GO:0000209]; reactive oxygen species metabolic process [GO:0072593]; regulation of apoptotic process [GO:0042981]; regulation of autophagy [GO:0010506]; regulation of calcium ion transport [GO:0051924]; regulation of cell cycle [GO:0051726]; regulation of cell-matrix adhesion [GO:0001952]; regulation of developmental pigmentation [GO:0048070]; regulation of gene expression [GO:0010468]; regulation of glycoprotein biosynthetic process [GO:0010559]; regulation of growth [GO:0040008]; regulation of mitochondrial membrane permeability [GO:0046902]; regulation of mitochondrial membrane potential [GO:0051881]; regulation of nitrogen utilization [GO:0006808]; regulation of programmed cell death [GO:0043067]; regulation of protein localization [GO:0032880]; regulation of protein stability [GO:0031647]; regulation of viral genome replication [GO:0045069]; release of cytochrome c from mitochondria [GO:0001836]; renal system process [GO:0003014]; response to aluminum ion [GO:0010044]; response to amyloid-beta [GO:1904645]; response to anesthetic [GO:0072347]; response to caffeine [GO:0031000]; response to cAMP [GO:0051591]; response to copper ion [GO:0046688]; response to corticosterone [GO:0051412]; response to cytokine [GO:0034097]; response to electrical stimulus [GO:0051602]; response to erythropoietin [GO:0036017]; response to estrogen [GO:0043627]; response to ethanol [GO:0045471]; response to folic acid [GO:0051593]; response to gamma radiation [GO:0010332]; response to glucocorticoid [GO:0051384]; response to hydrogen peroxide [GO:0042542]; response to hypoxia [GO:0001666]; response to insulin [GO:0032868]; response to iron ion [GO:0010039]; response to ischemia [GO:0002931]; response to L-ascorbic acid [GO:0033591]; response to monosaccharide [GO:0034284]; response to nicotine [GO:0035094]; response to nutrient [GO:0007584]; response to oxidative stress [GO:0006979]; response to peptide hormone [GO:0043434]; response to phenylpropanoid [GO:0080184]; response to steroid hormone [GO:0048545]; response to toxic substance [GO:0009636]; response to UV-B [GO:0010224]; response to vitamin E [GO:0033197]; response to xenobiotic stimulus [GO:0009410]; retinal cell programmed cell death [GO:0046666]; skeletal muscle fiber development [GO:0048741]; smooth muscle cell migration [GO:0014909]; spleen development [GO:0048536]; stem cell development [GO:0048864]; T cell apoptotic process [GO:0070231]; T cell differentiation [GO:0030217]; T cell differentiation in thymus [GO:0033077]; T cell homeostasis [GO:0043029]; T cell lineage commitment [GO:0002360]; thymus development [GO:0048538]; ureteric bud development [GO:0001657]",GO:0000082; GO:0000209; GO:0000278; GO:0000902; GO:0001503; GO:0001541; GO:0001656; GO:0001657; GO:0001658; GO:0001662; GO:0001666; GO:0001776; GO:0001782; GO:0001783; GO:0001822; GO:0001836; GO:0001952; GO:0002020; GO:0002260; GO:0002320; GO:0002326; GO:0002360; GO:0002520; GO:0002903; GO:0002931; GO:0003014; GO:0005634; GO:0005737; GO:0005739; GO:0005741; GO:0005783; GO:0005789; GO:0005829; GO:0006582; GO:0006808; GO:0006874; GO:0006914; GO:0006915; GO:0006974; GO:0006979; GO:0007015; GO:0007409; GO:0007584; GO:0008283; GO:0008284; GO:0008285; GO:0008584; GO:0008625; GO:0008630; GO:0008631; GO:0008637; GO:0009410; GO:0009636; GO:0009791; GO:0009887; GO:0010039; GO:0010044; GO:0010224; GO:0010332; GO:0010468; GO:0010506; GO:0010507; GO:0010523; GO:0010559; GO:0010667; GO:0014031; GO:0014042; GO:0014909; GO:0014911; GO:0015267; GO:0016020; GO:0016248; GO:0016477; GO:0019903; GO:0021747; GO:0021987; GO:0022612; GO:0030061; GO:0030097; GO:0030183; GO:0030217; GO:0030279; GO:0030307; GO:0030308; GO:0030318; GO:0030336; GO:0030890; GO:0031000; GO:0031069; GO:0031103; GO:0031625; GO:0031647; GO:0031965; GO:0031966; GO:0032469; GO:0032835; GO:0032848; GO:0032868; GO:0032880; GO:0032991; GO:0033028; GO:0033033; GO:0033077; GO:0033197; GO:0033591; GO:0033687; GO:0033689; GO:0034097; GO:0034284; GO:0034349; GO:0035094; GO:0035265; GO:0036017; GO:0040008; GO:0040018; GO:0042100; GO:0042149; GO:0042542; GO:0042551; GO:0042802; GO:0042981; GO:0043029; GO:0043065; GO:0043066; GO:0043067; GO:0043209; GO:0043375; GO:0043434; GO:0043473; GO:0043524; GO:0043565; GO:0043583; GO:0043627; GO:0044877; GO:0045069; GO:0045471; GO:0045636; GO:0045930; GO:0046666; GO:0046671; GO:0046688; GO:0046902; GO:0046930; GO:0046982; GO:0048041; GO:0048066; GO:0048070; GO:0048087; GO:0048471; GO:0048536; GO:0048538; GO:0048545; GO:0048546; GO:0048589; GO:0048599; GO:0048709; GO:0048741; GO:0048743; GO:0048753; GO:0048864; GO:0048873; GO:0050853; GO:0051384; GO:0051400; GO:0051402; GO:0051412; GO:0051434; GO:0051591; GO:0051593; GO:0051602; GO:0051607; GO:0051649; GO:0051721; GO:0051726; GO:0051881; GO:0051924; GO:0060090; GO:0060218; GO:0060402; GO:0070059; GO:0070227; GO:0070229; GO:0070231; GO:0070233; GO:0070301; GO:0071333; GO:0071456; GO:0072347; GO:0072593; GO:0080184; GO:0097048; GO:0097049; GO:0097138; GO:0097192; GO:0097421; GO:0098609; GO:0140297; GO:1902618; GO:1904019; GO:1904036; GO:1904645; GO:1905232; GO:2000134; GO:2000669; GO:2000672; GO:2000811; GO:2001234; GO:2001240; GO:2001243,BAD-BCL-2 complex [GO:0097138]; cytoplasm [GO:0005737]; cytosol [GO:0005829]; endoplasmic reticulum [GO:0005783]; endoplasmic reticulum membrane [GO:0005789]; membrane [GO:0016020]; mitochondrial crista [GO:0030061]; mitochondrial membrane [GO:0031966]; mitochondrial outer membrane [GO:0005741]; mitochondrion [GO:0005739]; myelin sheath [GO:0043209]; nuclear membrane [GO:0031965]; nucleus [GO:0005634]; perinuclear region of cytoplasm [GO:0048471]; pore complex [GO:0046930]; protein-containing complex [GO:0032991],BH domain binding [GO:0051400]; BH3 domain binding [GO:0051434]; channel activity [GO:0015267]; channel inhibitor activity [GO:0016248]; DNA-binding transcription factor binding [GO:0140297]; identical protein binding [GO:0042802]; molecular adaptor activity [GO:0060090]; protease binding [GO:0002020]; protein heterodimerization activity [GO:0046982]; protein phosphatase 2A binding [GO:0051721]; protein phosphatase binding [GO:0019903]; protein-containing complex binding [GO:0044877]; sequence-specific DNA binding [GO:0043565]; ubiquitin protein ligase binding [GO:0031625],Apoptosis regulator Bcl-2
Pocillopora_acuta_HIv2___RNAseq.g7048.t1,calcium,,P22770,2.19e-85,Neuronal acetylcholine receptor subunit alpha-7 (nAChR7) (Nicotinic acetylcholine receptor subunit alpha-7),"calcium ion transport [GO:0006816]; chemical synaptic transmission [GO:0007268]; cognition [GO:0050890]; intracellular calcium ion homeostasis [GO:0006874]; monoatomic ion transmembrane transport [GO:0034220]; negative regulation of cytokine production involved in inflammatory response [GO:1900016]; negative regulation of tumor necrosis factor production [GO:0032720]; positive regulation of angiogenesis [GO:0045766]; positive regulation of cell population proliferation [GO:0008284]; positive regulation of MAPK cascade [GO:0043410]; regulation of membrane potential [GO:0042391]; response to hypoxia [GO:0001666]; response to nicotine [GO:0035094]; signal transduction [GO:0007165]; synaptic transmission, cholinergic [GO:0007271]",GO:0001540; GO:0001666; GO:0005737; GO:0005886; GO:0005892; GO:0006816; GO:0006874; GO:0007165; GO:0007268; GO:0007271; GO:0008284; GO:0015464; GO:0015643; GO:0017081; GO:0022848; GO:0030424; GO:0030425; GO:0032720; GO:0034220; GO:0035094; GO:0042166; GO:0042391; GO:0042803; GO:0043005; GO:0043204; GO:0043410; GO:0045202; GO:0045211; GO:0045766; GO:0050890; GO:1900016,acetylcholine-gated channel complex [GO:0005892]; axon [GO:0030424]; cytoplasm [GO:0005737]; dendrite [GO:0030425]; neuron projection [GO:0043005]; perikaryon [GO:0043204]; plasma membrane [GO:0005886]; postsynaptic membrane [GO:0045211]; synapse [GO:0045202],acetylcholine binding [GO:0042166]; acetylcholine receptor activity [GO:0015464]; acetylcholine-gated monoatomic cation-selective channel activity [GO:0022848]; amyloid-beta binding [GO:0001540]; chloride channel regulator activity [GO:0017081]; protein homodimerization activity [GO:0042803]; toxic substance binding [GO:0015643],Neuronal acetylcholine receptor subunit alpha-7
Pocillopora_acuta_HIv2___RNAseq.g707.t1,calcium,,Q9U1S7,1.43e-12,Polycystin-2 (CePc2) (Polycystic kidney disease 2 protein homolog),calcium ion transport [GO:0006816]; detection of mechanical stimulus [GO:0050982]; male mating behavior [GO:0060179]; mating behavior [GO:0007617]; neuronal signal transduction [GO:0023041]; regulation of male mating behavior [GO:1902435]; response to hermaphrodite contact [GO:0034606]; vulval location [GO:0034608],GO:0005262; GO:0005509; GO:0005783; GO:0005789; GO:0005886; GO:0005929; GO:0006816; GO:0007617; GO:0016020; GO:0023041; GO:0030424; GO:0030425; GO:0031090; GO:0034606; GO:0034608; GO:0043025; GO:0043204; GO:0048471; GO:0050982; GO:0060170; GO:0060179; GO:0071683; GO:0097730; GO:1902435,axon [GO:0030424]; ciliary membrane [GO:0060170]; cilium [GO:0005929]; dendrite [GO:0030425]; endoplasmic reticulum [GO:0005783]; endoplasmic reticulum membrane [GO:0005789]; membrane [GO:0016020]; neuronal cell body [GO:0043025]; non-motile cilium [GO:0097730]; organelle membrane [GO:0031090]; perikaryon [GO:0043204]; perinuclear region of cytoplasm [GO:0048471]; plasma membrane [GO:0005886]; sensory dendrite [GO:0071683],calcium channel activity [GO:0005262]; calcium ion binding [GO:0005509],Polycystin-2
Pocillopora_acuta_HIv2___RNAseq.g7231.t1,"calcium, ER_calcium",,P56695,5.16e-95,Wolframin,calcium ion homeostasis [GO:0055074]; endoplasmic reticulum calcium ion homeostasis [GO:0032469]; endoplasmic reticulum unfolded protein response [GO:0030968]; ER overload response [GO:0006983]; ERAD pathway [GO:0036503]; glucose homeostasis [GO:0042593]; kidney development [GO:0001822]; negative regulation of apoptotic process [GO:0043066]; negative regulation of ATF6-mediated unfolded protein response [GO:1903892]; negative regulation of endoplasmic reticulum stress-induced intrinsic apoptotic signaling pathway [GO:1902236]; negative regulation of neuron apoptotic process [GO:0043524]; negative regulation of programmed cell death [GO:0043069]; negative regulation of response to endoplasmic reticulum stress [GO:1903573]; negative regulation of transcription by RNA polymerase II [GO:0000122]; negative regulation of translation [GO:0017148]; negative regulation of type B pancreatic cell apoptotic process [GO:2000675]; nervous system process [GO:0050877]; olfactory behavior [GO:0042048]; pancreas development [GO:0031016]; positive regulation of calcium ion transport [GO:0051928]; positive regulation of ERAD pathway [GO:1904294]; positive regulation of growth [GO:0045927]; positive regulation of protein metabolic process [GO:0051247]; positive regulation of protein ubiquitination [GO:0031398]; protein stabilization [GO:0050821]; regulation of cell cycle [GO:0051726]; renal water homeostasis [GO:0003091]; response to endoplasmic reticulum stress [GO:0034976]; sensory perception of sound [GO:0007605]; visual perception [GO:0007601],GO:0000122; GO:0001822; GO:0003091; GO:0005516; GO:0005783; GO:0005789; GO:0006983; GO:0007601; GO:0007605; GO:0017148; GO:0030141; GO:0030425; GO:0030672; GO:0030968; GO:0031016; GO:0031398; GO:0031625; GO:0032469; GO:0034976; GO:0036503; GO:0042048; GO:0042593; GO:0043066; GO:0043069; GO:0043524; GO:0045927; GO:0048306; GO:0050821; GO:0050877; GO:0051117; GO:0051247; GO:0051726; GO:0051928; GO:0055074; GO:0070628; GO:0140297; GO:0140597; GO:1902236; GO:1903573; GO:1903892; GO:1904294; GO:2000675,dendrite [GO:0030425]; endoplasmic reticulum [GO:0005783]; endoplasmic reticulum membrane [GO:0005789]; secretory granule [GO:0030141]; synaptic vesicle membrane [GO:0030672],ATPase binding [GO:0051117]; calcium-dependent protein binding [GO:0048306]; calmodulin binding [GO:0005516]; DNA-binding transcription factor binding [GO:0140297]; proteasome binding [GO:0070628]; protein carrier chaperone [GO:0140597]; ubiquitin protein ligase binding [GO:0031625],Wolframin
Pocillopora_acuta_HIv2___RNAseq.g725.t1,calcium,,Q05941,4e-61,Neuronal acetylcholine receptor subunit alpha-7 (nAChR7) (Nicotinic acetylcholine receptor subunit alpha-7),"acetylcholine receptor signaling pathway [GO:0095500]; associative learning [GO:0008306]; B cell activation [GO:0042113]; behavioral response to ethanol [GO:0048149]; behavioral response to nicotine [GO:0035095]; calcium ion transport [GO:0006816]; chemical synaptic transmission [GO:0007268]; cognition [GO:0050890]; dendrite arborization [GO:0140059]; dendritic spine organization [GO:0097061]; dopamine biosynthetic process [GO:0042416]; endocytosis [GO:0006897]; establishment of localization in cell [GO:0051649]; excitatory postsynaptic potential [GO:0060079]; flagellated sperm motility [GO:0030317]; generation of ovulation cycle rhythm [GO:0060112]; intracellular calcium ion homeostasis [GO:0006874]; learning or memory [GO:0007611]; ligand-gated ion channel signaling pathway [GO:1990806]; memory [GO:0007613]; modulation of chemical synaptic transmission [GO:0050804]; modulation of excitatory postsynaptic potential [GO:0098815]; monoatomic ion transmembrane transport [GO:0034220]; monoatomic ion transport [GO:0006811]; negative regulation of amyloid-beta formation [GO:1902430]; negative regulation of canonical NF-kappaB signal transduction [GO:0043124]; negative regulation of cytokine production involved in inflammatory response [GO:1900016]; negative regulation of ERK1 and ERK2 cascade [GO:0070373]; negative regulation of inflammatory response [GO:0050728]; negative regulation of interleukin-1 beta production [GO:0032691]; negative regulation of interleukin-6 production [GO:0032715]; negative regulation of tumor necrosis factor production [GO:0032720]; neuronal action potential [GO:0019228]; ovulation cycle [GO:0042698]; positive regulation of amyloid-beta formation [GO:1902004]; positive regulation of angiogenesis [GO:0045766]; positive regulation of cell population proliferation [GO:0008284]; positive regulation of ERK1 and ERK2 cascade [GO:0070374]; positive regulation of excitatory postsynaptic potential [GO:2000463]; positive regulation of gene expression [GO:0010628]; positive regulation of heart rate involved in baroreceptor response to decreased systemic arterial blood pressure [GO:0001988]; positive regulation of long-term synaptic potentiation [GO:1900273]; positive regulation of MAPK cascade [GO:0043410]; positive regulation of protein metabolic process [GO:0051247]; presynaptic modulation of chemical synaptic transmission [GO:0099171]; regulation of amyloid fibril formation [GO:1905906]; regulation of amyloid precursor protein catabolic process [GO:1902991]; regulation of inflammatory response [GO:0050727]; regulation of membrane potential [GO:0042391]; regulation of norepinephrine secretion [GO:0014061]; regulation of response to drug [GO:2001023]; regulation of synapse structural plasticity [GO:0051823]; regulation of synaptic transmission, dopaminergic [GO:0032225]; response to acetylcholine [GO:1905144]; response to amyloid-beta [GO:1904645]; response to carbamate [GO:0046681]; response to cold [GO:0009409]; response to ethanol [GO:0045471]; response to food [GO:0032094]; response to hypoxia [GO:0001666]; response to nicotine [GO:0035094]; sensory processing [GO:0050893]; signal transduction [GO:0007165]; synapse organization [GO:0050808]; synaptic transmission involved in micturition [GO:0060084]; synaptic transmission, cholinergic [GO:0007271]; T cell activation [GO:0042110]",GO:0001540; GO:0001666; GO:0001988; GO:0004888; GO:0005216; GO:0005789; GO:0005886; GO:0005892; GO:0006811; GO:0006816; GO:0006874; GO:0006897; GO:0007165; GO:0007268; GO:0007271; GO:0007611; GO:0007613; GO:0008179; GO:0008284; GO:0008306; GO:0009409; GO:0009897; GO:0010628; GO:0014061; GO:0015464; GO:0015643; GO:0016020; GO:0016324; GO:0017081; GO:0019228; GO:0019901; GO:0022848; GO:0030317; GO:0030424; GO:0030425; GO:0030426; GO:0030673; GO:0032094; GO:0032225; GO:0032279; GO:0032691; GO:0032715; GO:0032720; GO:0034220; GO:0034703; GO:0035094; GO:0035095; GO:0042110; GO:0042113; GO:0042166; GO:0042391; GO:0042416; GO:0042698; GO:0042734; GO:0042803; GO:0043005; GO:0043025; GO:0043124; GO:0043197; GO:0043198; GO:0043410; GO:0044853; GO:0045202; GO:0045211; GO:0045471; GO:0045766; GO:0046681; GO:0048149; GO:0050727; GO:0050728; GO:0050804; GO:0050808; GO:0050890; GO:0050893; GO:0051117; GO:0051247; GO:0051649; GO:0051823; GO:0060079; GO:0060084; GO:0060112; GO:0070373; GO:0070374; GO:0095500; GO:0097061; GO:0097110; GO:0098690; GO:0098815; GO:0098878; GO:0098897; GO:0098981; GO:0099171; GO:0099634; GO:0140059; GO:1900016; GO:1900273; GO:1902004; GO:1902430; GO:1902991; GO:1904315; GO:1904645; GO:1905144; GO:1905906; GO:1990806; GO:2000463; GO:2001023,acetylcholine-gated channel complex [GO:0005892]; apical plasma membrane [GO:0016324]; asymmetric synapse [GO:0032279]; axolemma [GO:0030673]; axon [GO:0030424]; cation channel complex [GO:0034703]; cholinergic synapse [GO:0098981]; dendrite [GO:0030425]; dendritic shaft [GO:0043198]; dendritic spine [GO:0043197]; endoplasmic reticulum membrane [GO:0005789]; external side of plasma membrane [GO:0009897]; glycinergic synapse [GO:0098690]; growth cone [GO:0030426]; membrane [GO:0016020]; neuron projection [GO:0043005]; neuronal cell body [GO:0043025]; neurotransmitter receptor complex [GO:0098878]; plasma membrane [GO:0005886]; plasma membrane raft [GO:0044853]; postsynaptic membrane [GO:0045211]; postsynaptic specialization membrane [GO:0099634]; presynaptic membrane [GO:0042734]; spine apparatus membrane [GO:0098897]; synapse [GO:0045202],acetylcholine binding [GO:0042166]; acetylcholine receptor activity [GO:0015464]; acetylcholine-gated monoatomic cation-selective channel activity [GO:0022848]; adenylate cyclase binding [GO:0008179]; amyloid-beta binding [GO:0001540]; ATPase binding [GO:0051117]; chloride channel regulator activity [GO:0017081]; monoatomic ion channel activity [GO:0005216]; protein homodimerization activity [GO:0042803]; protein kinase binding [GO:0019901]; scaffold protein binding [GO:0097110]; toxic substance binding [GO:0015643]; transmembrane signaling receptor activity [GO:0004888]; transmitter-gated monoatomic ion channel activity involved in regulation of postsynaptic membrane potential [GO:1904315],Neuronal acetylcholine receptor subunit alpha-7
Pocillopora_acuta_HIv2___RNAseq.g7402.t1,SLC,,Q2Y0W8,0,Electroneutral sodium bicarbonate exchanger 1 (Electroneutral Na(+)-driven Cl-HCO3 exchanger) (Solute carrier family 4 member 8) (k-NBC3),basolateral protein secretion [GO:0110010]; bicarbonate transport [GO:0015701]; chloride transmembrane transport [GO:1902476]; modulation of chemical synaptic transmission [GO:0050804]; positive regulation of synaptic vesicle exocytosis [GO:2000302]; regulation of intracellular pH [GO:0051453]; regulation of membrane potential [GO:0042391]; sodium ion transmembrane transport [GO:0035725]; transmembrane transport [GO:0055085]; transport across blood-brain barrier [GO:0150104],GO:0005452; GO:0005886; GO:0008021; GO:0008270; GO:0008510; GO:0015081; GO:0015106; GO:0015108; GO:0015701; GO:0016020; GO:0016323; GO:0016324; GO:0030425; GO:0030672; GO:0032279; GO:0032280; GO:0032809; GO:0035725; GO:0042391; GO:0042734; GO:0042802; GO:0043005; GO:0043195; GO:0043679; GO:0050804; GO:0051453; GO:0055085; GO:0097386; GO:0097457; GO:0098793; GO:0098978; GO:0110010; GO:0140892; GO:0150104; GO:1902476; GO:2000302,apical plasma membrane [GO:0016324]; asymmetric synapse [GO:0032279]; axon terminus [GO:0043679]; basolateral plasma membrane [GO:0016323]; dendrite [GO:0030425]; glial cell projection [GO:0097386]; glutamatergic synapse [GO:0098978]; hippocampal mossy fiber [GO:0097457]; membrane [GO:0016020]; neuron projection [GO:0043005]; neuronal cell body membrane [GO:0032809]; plasma membrane [GO:0005886]; presynapse [GO:0098793]; presynaptic membrane [GO:0042734]; symmetric synapse [GO:0032280]; synaptic vesicle [GO:0008021]; synaptic vesicle membrane [GO:0030672]; terminal bouton [GO:0043195],"bicarbonate transmembrane transporter activity [GO:0015106]; chloride transmembrane transporter activity [GO:0015108]; identical protein binding [GO:0042802]; sodium ion transmembrane transporter activity [GO:0015081]; sodium,bicarbonate:chloride antiporter activity [GO:0140892]; sodium:bicarbonate symporter activity [GO:0008510]; solute:inorganic anion antiporter activity [GO:0005452]; zinc ion binding [GO:0008270]",Electroneutral sodium bicarbonate exchanger 1
Pocillopora_acuta_HIv2___RNAseq.g7505.t1,SLC,,Q6GNV7,5.39e-64,Solute carrier family 49 member 4 homolog (Disrupted in renal carcinoma protein 2 homolog),pyridoxine transport [GO:0031923],GO:0005765; GO:0016020; GO:0022857; GO:0031923; GO:0043231,intracellular membrane-bounded organelle [GO:0043231]; lysosomal membrane [GO:0005765]; membrane [GO:0016020],transmembrane transporter activity [GO:0022857],Solute carrier family 49 member 4 homolog
Pocillopora_acuta_HIv2___RNAseq.g7507.t1,SLC,,Q6GNV7,4.94e-105,Solute carrier family 49 member 4 homolog (Disrupted in renal carcinoma protein 2 homolog),pyridoxine transport [GO:0031923],GO:0005765; GO:0016020; GO:0022857; GO:0031923; GO:0043231,intracellular membrane-bounded organelle [GO:0043231]; lysosomal membrane [GO:0005765]; membrane [GO:0016020],transmembrane transporter activity [GO:0022857],Solute carrier family 49 member 4 homolog
Pocillopora_acuta_HIv2___RNAseq.g7574.t1,SLC,,Q6GNV7,2.98e-92,Solute carrier family 49 member 4 homolog (Disrupted in renal carcinoma protein 2 homolog),pyridoxine transport [GO:0031923],GO:0005765; GO:0016020; GO:0022857; GO:0031923; GO:0043231,intracellular membrane-bounded organelle [GO:0043231]; lysosomal membrane [GO:0005765]; membrane [GO:0016020],transmembrane transporter activity [GO:0022857],Solute carrier family 49 member 4 homolog
Pocillopora_acuta_HIv2___RNAseq.g77.t2,SLC,,P49282,0,Natural resistance-associated macrophage protein 2 (NRAMP 2) (Divalent cation transporter 1) (Divalent metal transporter 1) (DMT-1) (Solute carrier family 11 member 2),cadmium ion transmembrane transport [GO:0070574]; cobalt ion transport [GO:0006824]; dendrite morphogenesis [GO:0048813]; erythrocyte development [GO:0048821]; establishment of localization in cell [GO:0051649]; heme biosynthetic process [GO:0006783]; iron import into cell [GO:0033212]; iron ion transport [GO:0006826]; learning or memory [GO:0007611]; multicellular organismal-level iron ion homeostasis [GO:0060586]; porphyrin-containing compound biosynthetic process [GO:0006779]; porphyrin-containing compound metabolic process [GO:0006778]; proton transmembrane transport [GO:1902600]; response to iron ion [GO:0010039],GO:0005375; GO:0005381; GO:0005384; GO:0005634; GO:0005741; GO:0005765; GO:0005768; GO:0005769; GO:0005794; GO:0005886; GO:0005903; GO:0006778; GO:0006779; GO:0006783; GO:0006824; GO:0006826; GO:0007611; GO:0009986; GO:0010039; GO:0012505; GO:0015078; GO:0015086; GO:0015087; GO:0015093; GO:0015094; GO:0015295; GO:0016324; GO:0031526; GO:0031901; GO:0031902; GO:0033212; GO:0045178; GO:0046870; GO:0048471; GO:0048813; GO:0048821; GO:0051649; GO:0055037; GO:0055038; GO:0060586; GO:0070574; GO:0070826; GO:1902600; GO:1903561,apical plasma membrane [GO:0016324]; basal part of cell [GO:0045178]; brush border [GO:0005903]; brush border membrane [GO:0031526]; cell surface [GO:0009986]; early endosome [GO:0005769]; early endosome membrane [GO:0031901]; endomembrane system [GO:0012505]; endosome [GO:0005768]; extracellular vesicle [GO:1903561]; Golgi apparatus [GO:0005794]; late endosome membrane [GO:0031902]; lysosomal membrane [GO:0005765]; mitochondrial outer membrane [GO:0005741]; nucleus [GO:0005634]; paraferritin complex [GO:0070826]; perinuclear region of cytoplasm [GO:0048471]; plasma membrane [GO:0005886]; recycling endosome [GO:0055037]; recycling endosome membrane [GO:0055038],cadmium ion binding [GO:0046870]; cadmium ion transmembrane transporter activity [GO:0015086]; cobalt ion transmembrane transporter activity [GO:0015087]; copper ion transmembrane transporter activity [GO:0005375]; ferrous iron transmembrane transporter activity [GO:0015093]; iron ion transmembrane transporter activity [GO:0005381]; lead ion transmembrane transporter activity [GO:0015094]; manganese ion transmembrane transporter activity [GO:0005384]; proton transmembrane transporter activity [GO:0015078]; solute:proton symporter activity [GO:0015295],Natural resistance-associated macrophage protein 2
Pocillopora_acuta_HIv2___RNAseq.g7710.t1,Bhattacharya2016,KCNJ8,P49656,5.36e-103,"Inward rectifier potassium channel 2 (Inward rectifier K(+) channel Kir2.1) (IRK-1) (Potassium channel, inwardly rectifying subfamily J member 2)",cardiac muscle cell action potential involved in contraction [GO:0086002]; magnesium ion transport [GO:0015693]; potassium ion import across plasma membrane [GO:1990573]; potassium ion transport [GO:0006813]; protein homotetramerization [GO:0051289]; regulation of heart rate by cardiac conduction [GO:0086091]; regulation of membrane repolarization [GO:0060306]; regulation of monoatomic ion transmembrane transport [GO:0034765]; regulation of skeletal muscle contraction via regulation of action potential [GO:0014861]; relaxation of cardiac muscle [GO:0055119]; relaxation of skeletal muscle [GO:0090076],GO:0005242; GO:0005546; GO:0006813; GO:0008076; GO:0014861; GO:0015693; GO:0016020; GO:0030315; GO:0034765; GO:0042802; GO:0051289; GO:0055119; GO:0060306; GO:0086002; GO:0086008; GO:0086091; GO:0090076; GO:1990573,membrane [GO:0016020]; T-tubule [GO:0030315]; voltage-gated potassium channel complex [GO:0008076],"identical protein binding [GO:0042802]; inward rectifier potassium channel activity [GO:0005242]; phosphatidylinositol-4,5-bisphosphate binding [GO:0005546]; voltage-gated potassium channel activity involved in cardiac muscle cell action potential repolarization [GO:0086008]",KCNJ8
Pocillopora_acuta_HIv2___RNAseq.g7752.t1b,"TRP, calcium",,Q8BLA8,4.77e-104,Transient receptor potential cation channel subfamily A member 1 (Ankyrin-like with transmembrane domains protein 1) (Wasabi receptor),calcium ion transmembrane import into cytosol [GO:0097553]; calcium ion transport [GO:0006816]; cell surface receptor signaling pathway [GO:0007166]; cellular response to caffeine [GO:0071313]; cellular response to carbon dioxide [GO:0071244]; cellular response to cold [GO:0070417]; cellular response to food [GO:0071240]; cellular response to heat [GO:0034605]; cellular response to hydrogen peroxide [GO:0070301]; cellular response to toxic substance [GO:0097237]; detection of chemical stimulus involved in sensory perception of pain [GO:0050968]; detection of mechanical stimulus involved in sensory perception [GO:0050974]; detection of mechanical stimulus involved in sensory perception of pain [GO:0050966]; intracellular calcium ion homeostasis [GO:0006874]; positive regulation of insulin secretion involved in cellular response to glucose stimulus [GO:0035774]; positive regulation of monoatomic anion transport [GO:1903793]; protein homotetramerization [GO:0051289]; regulation of blood circulation [GO:1903522]; regulation of neuronal action potential [GO:0098908]; response to cold [GO:0009409]; response to hydrogen peroxide [GO:0042542]; response to pain [GO:0048265]; response to xenobiotic stimulus [GO:0009410]; thermoception [GO:0050955]; urinary bladder smooth muscle contraction [GO:0014832],GO:0005216; GO:0005245; GO:0005262; GO:0005886; GO:0006816; GO:0006874; GO:0007166; GO:0009409; GO:0009410; GO:0014832; GO:0015267; GO:0015278; GO:0016020; GO:0016324; GO:0030424; GO:0032421; GO:0034605; GO:0035774; GO:0042542; GO:0042802; GO:0046872; GO:0048265; GO:0050955; GO:0050966; GO:0050968; GO:0050974; GO:0051289; GO:0070301; GO:0070417; GO:0071240; GO:0071244; GO:0071313; GO:0097237; GO:0097553; GO:0097604; GO:0098908; GO:1903522; GO:1903793; GO:1990760,apical plasma membrane [GO:0016324]; axon [GO:0030424]; membrane [GO:0016020]; plasma membrane [GO:0005886]; stereocilium bundle [GO:0032421],calcium channel activity [GO:0005262]; channel activity [GO:0015267]; identical protein binding [GO:0042802]; intracellularly gated calcium channel activity [GO:0015278]; metal ion binding [GO:0046872]; monoatomic ion channel activity [GO:0005216]; osmolarity-sensing monoatomic cation channel activity [GO:1990760]; temperature-gated cation channel activity [GO:0097604]; voltage-gated calcium channel activity [GO:0005245],Transient receptor potential cation channel subfamily A member 1
Pocillopora_acuta_HIv2___RNAseq.g7799.t1,SLC,,Q6DIV6,1.21e-77,Vesicular inhibitory amino acid transporter (GABA and glycine transporter) (Solute carrier family 32 member 1) (Vesicular GABA transporter),beta-alanine transport [GO:0001762]; gamma-aminobutyric acid import [GO:0051939]; gamma-aminobutyric acid transport [GO:0015812]; glycine transport [GO:0015816]; neurotransmitter transport [GO:0006836],GO:0001762; GO:0006836; GO:0008021; GO:0015185; GO:0015187; GO:0015812; GO:0015816; GO:0030659; GO:0042995; GO:0051939; GO:0098793; GO:0140799; GO:0140800,cell projection [GO:0042995]; cytoplasmic vesicle membrane [GO:0030659]; presynapse [GO:0098793]; synaptic vesicle [GO:0008021],gamma-aminobutyric acid transmembrane transporter activity [GO:0015185]; gamma-aminobutyric acid:proton antiporter activity [GO:0140800]; glycine transmembrane transporter activity [GO:0015187]; glycine:proton antiporter activity [GO:0140799],Vesicular inhibitory amino acid transporter
Pocillopora_acuta_HIv2___RNAseq.g7940.t1,SLC,,P82251,7.75e-46,"b(0,+)-type amino acid transporter 1 (b(0,+)AT1) (Glycoprotein-associated amino acid transporter b0,+AT1) (Solute carrier family 7 member 9)",amino acid transmembrane transport [GO:0003333]; L-cystine transport [GO:0015811]; neutral amino acid transport [GO:0015804]; protein-containing complex assembly [GO:0065003],GO:0003333; GO:0005886; GO:0015175; GO:0015184; GO:0015297; GO:0015804; GO:0015811; GO:0016324; GO:0031526; GO:0042605; GO:0046982; GO:0065003; GO:0180009,apical plasma membrane [GO:0016324]; brush border membrane [GO:0031526]; plasma membrane [GO:0005886],antiporter activity [GO:0015297]; broad specificity neutral L-amino acid:basic L-amino acid antiporter activity [GO:0180009]; L-cystine transmembrane transporter activity [GO:0015184]; neutral L-amino acid transmembrane transporter activity [GO:0015175]; peptide antigen binding [GO:0042605]; protein heterodimerization activity [GO:0046982],"b(0,+)-type amino acid transporter 1"
Pocillopora_acuta_HIv2___RNAseq.g7942.t1,SLC,,Q9QXA6,7.78e-164,"b(0,+)-type amino acid transporter 1 (b(0,+)AT1) (Glycoprotein-associated amino acid transporter b0,+AT1) (Solute carrier family 7 member 9)",L-cystine transport [GO:0015811]; neutral amino acid transport [GO:0015804],GO:0005886; GO:0015175; GO:0015184; GO:0015804; GO:0015811; GO:0016324; GO:0031526; GO:0042605; GO:0046982; GO:0180009,apical plasma membrane [GO:0016324]; brush border membrane [GO:0031526]; plasma membrane [GO:0005886],broad specificity neutral L-amino acid:basic L-amino acid antiporter activity [GO:0180009]; L-cystine transmembrane transporter activity [GO:0015184]; neutral L-amino acid transmembrane transporter activity [GO:0015175]; peptide antigen binding [GO:0042605]; protein heterodimerization activity [GO:0046982],"b(0,+)-type amino acid transporter 1"
Pocillopora_acuta_HIv2___RNAseq.g7943.t1,SLC,,P82251,2.58e-128,"b(0,+)-type amino acid transporter 1 (b(0,+)AT1) (Glycoprotein-associated amino acid transporter b0,+AT1) (Solute carrier family 7 member 9)",amino acid transmembrane transport [GO:0003333]; L-cystine transport [GO:0015811]; neutral amino acid transport [GO:0015804]; protein-containing complex assembly [GO:0065003],GO:0003333; GO:0005886; GO:0015175; GO:0015184; GO:0015297; GO:0015804; GO:0015811; GO:0016324; GO:0031526; GO:0042605; GO:0046982; GO:0065003; GO:0180009,apical plasma membrane [GO:0016324]; brush border membrane [GO:0031526]; plasma membrane [GO:0005886],antiporter activity [GO:0015297]; broad specificity neutral L-amino acid:basic L-amino acid antiporter activity [GO:0180009]; L-cystine transmembrane transporter activity [GO:0015184]; neutral L-amino acid transmembrane transporter activity [GO:0015175]; peptide antigen binding [GO:0042605]; protein heterodimerization activity [GO:0046982],"b(0,+)-type amino acid transporter 1"
Pocillopora_acuta_HIv2___RNAseq.g7944.t1,SLC,,Q9QXA6,1.28e-154,"b(0,+)-type amino acid transporter 1 (b(0,+)AT1) (Glycoprotein-associated amino acid transporter b0,+AT1) (Solute carrier family 7 member 9)",L-cystine transport [GO:0015811]; neutral amino acid transport [GO:0015804],GO:0005886; GO:0015175; GO:0015184; GO:0015804; GO:0015811; GO:0016324; GO:0031526; GO:0042605; GO:0046982; GO:0180009,apical plasma membrane [GO:0016324]; brush border membrane [GO:0031526]; plasma membrane [GO:0005886],broad specificity neutral L-amino acid:basic L-amino acid antiporter activity [GO:0180009]; L-cystine transmembrane transporter activity [GO:0015184]; neutral L-amino acid transmembrane transporter activity [GO:0015175]; peptide antigen binding [GO:0042605]; protein heterodimerization activity [GO:0046982],"b(0,+)-type amino acid transporter 1"
Pocillopora_acuta_HIv2___RNAseq.g7970.t1,TRP,,Q8TEL6,1.08e-159,Short transient receptor potential channel 4-associated protein (Trp4-associated protein) (Trpc4-associated protein) (Protein TAP1) (TNF-receptor ubiquitous scaffolding/signaling protein) (Protein TRUSS),calcium ion transmembrane transport [GO:0070588]; hair follicle maturation [GO:0048820]; protein ubiquitination [GO:0016567]; ubiquitin-dependent protein catabolic process [GO:0006511]; ubiquitin-dependent protein catabolic process via the C-end degron rule pathway [GO:0140627],GO:0005262; GO:0005829; GO:0005886; GO:0006511; GO:0016567; GO:0019902; GO:0031464; GO:0048471; GO:0048820; GO:0070588; GO:0080008; GO:0140627; GO:1990756,Cul4-RING E3 ubiquitin ligase complex [GO:0080008]; Cul4A-RING E3 ubiquitin ligase complex [GO:0031464]; cytosol [GO:0005829]; perinuclear region of cytoplasm [GO:0048471]; plasma membrane [GO:0005886],calcium channel activity [GO:0005262]; phosphatase binding [GO:0019902]; ubiquitin-like ligase-substrate adaptor activity [GO:1990756],Short transient receptor potential channel 4-associated protein
Pocillopora_acuta_HIv2___RNAseq.g828.t1,SLC,,Q7TPE5,4.88e-23,Probable RNA polymerase II nuclear localization protein SLC7A6OS (Solute carrier family 7 member 6 opposite strand transcript homolog),hematopoietic progenitor cell differentiation [GO:0002244]; protein transport [GO:0015031],GO:0002244; GO:0005634; GO:0005737; GO:0015031,cytoplasm [GO:0005737]; nucleus [GO:0005634],,Probable RNA polymerase II nuclear localization protein SLC7A6OS
Pocillopora_acuta_HIv2___RNAseq.g83.t1,aquaporin,,Q8CHJ2,9.75e-16,Aquaporin-12 (AQP-12),,GO:0005737; GO:0015267; GO:0016020,cytoplasm [GO:0005737]; membrane [GO:0016020],channel activity [GO:0015267],Aquaporin-12
Pocillopora_acuta_HIv2___RNAseq.g8338.t1,"TRP, Bhattacharya2016",TRPM3,J9SQF3,0,Transient receptor potential cation channel subfamily M member 3,calcium ion transmembrane transport [GO:0070588]; monoatomic cation transport [GO:0006812]; protein homotetramerization [GO:0051289]; sodium ion transport [GO:0006814]; zinc ion transmembrane transport [GO:0071577],GO:0005261; GO:0005262; GO:0005385; GO:0005516; GO:0005546; GO:0005886; GO:0006812; GO:0006814; GO:0031683; GO:0051289; GO:0070588; GO:0071577; GO:0097603,plasma membrane [GO:0005886],"calcium channel activity [GO:0005262]; calmodulin binding [GO:0005516]; G-protein beta/gamma-subunit complex binding [GO:0031683]; monoatomic cation channel activity [GO:0005261]; phosphatidylinositol-4,5-bisphosphate binding [GO:0005546]; temperature-gated ion channel activity [GO:0097603]; zinc ion transmembrane transporter activity [GO:0005385]",TRPM3
Pocillopora_acuta_HIv2___RNAseq.g8357.t1,SLC,,Q9CXK4,1.53e-43,Sugar transporter SWEET1 (MmSWEET1) (RAG1-activating protein 1) (Solute carrier family 50 member 1),,GO:0000139; GO:0005886; GO:0042947; GO:0051119,Golgi membrane [GO:0000139]; plasma membrane [GO:0005886],glucoside transmembrane transporter activity [GO:0042947]; sugar transmembrane transporter activity [GO:0051119],Sugar transporter SWEET1
Pocillopora_acuta_HIv2___RNAseq.g8451.t1,Sodium_calcium_exchanger,,Q9VDG5,1.14e-179,Sodium/calcium exchanger Calx (Na/Ca-exchange protein),calcium ion import across plasma membrane [GO:0098703]; neuromuscular process controlling posture [GO:0050884]; phototransduction [GO:0007602]; response to endoplasmic reticulum stress [GO:0034976]; sodium ion transmembrane transport [GO:0035725],GO:0005432; GO:0005509; GO:0005516; GO:0007602; GO:0030424; GO:0033583; GO:0034976; GO:0035725; GO:0042383; GO:0050884; GO:0098703; GO:0098794,axon [GO:0030424]; postsynapse [GO:0098794]; rhabdomere membrane [GO:0033583]; sarcolemma [GO:0042383],calcium ion binding [GO:0005509]; calcium:sodium antiporter activity [GO:0005432]; calmodulin binding [GO:0005516],Sodium/calcium exchanger Calx
Pocillopora_acuta_HIv2___RNAseq.g8491.t1,SLC,,Q49SH1,2.88e-112,Sodium/potassium/calcium exchanger 5 (Na(+)/K(+)/Ca(2+)-exchange protein 5) (Protein golden) (Solute carrier family 24 member 5),calcium ion transmembrane transport [GO:0070588]; developmental pigmentation [GO:0048066]; intracellular calcium ion homeostasis [GO:0006874]; melanocyte differentiation [GO:0030318]; melanocyte migration [GO:0097324]; pigmentation [GO:0043473],GO:0005262; GO:0005802; GO:0006874; GO:0008273; GO:0015293; GO:0016020; GO:0030318; GO:0042470; GO:0043473; GO:0048066; GO:0070588; GO:0097324,melanosome [GO:0042470]; membrane [GO:0016020]; trans-Golgi network [GO:0005802],"calcium channel activity [GO:0005262]; calcium, potassium:sodium antiporter activity [GO:0008273]; symporter activity [GO:0015293]",Sodium/potassium/calcium exchanger 5
Pocillopora_acuta_HIv2___RNAseq.g8492.t1,SLC,,Q71RS6,6.32e-113,Sodium/potassium/calcium exchanger 5 (Na(+)/K(+)/Ca(2+)-exchange protein 5) (Solute carrier family 24 member 5),calcium ion import [GO:0070509]; calcium ion transmembrane transport [GO:0070588]; intracellular calcium ion homeostasis [GO:0006874]; melanin biosynthetic process [GO:0042438]; monoatomic ion transmembrane transport [GO:0034220]; monoatomic ion transport [GO:0006811]; negative regulation of melanin biosynthetic process [GO:0048022],GO:0005262; GO:0005802; GO:0006811; GO:0006874; GO:0008273; GO:0015293; GO:0032588; GO:0034220; GO:0042438; GO:0042470; GO:0048022; GO:0070509; GO:0070588,melanosome [GO:0042470]; trans-Golgi network [GO:0005802]; trans-Golgi network membrane [GO:0032588],"calcium channel activity [GO:0005262]; calcium, potassium:sodium antiporter activity [GO:0008273]; symporter activity [GO:0015293]",Sodium/potassium/calcium exchanger 5
Pocillopora_acuta_HIv2___RNAseq.g850.t1,SLC,,Q99808,2.05e-92,"Equilibrative nucleoside transporter 1 (hENT1) (Equilibrative nitrobenzylmercaptopurine riboside-sensitive nucleoside transporter) (Equilibrative NBMPR-sensitive nucleoside transporter) (es nucleoside transporter) (Nucleoside transporter, es-type) (Solute carrier family 29 member 1)",adenine transport [GO:0015853]; adenosine transport [GO:0032238]; cellular response to glucose stimulus [GO:0071333]; cellular response to hypoxia [GO:0071456]; cytidine transport [GO:0015861]; excitatory postsynaptic potential [GO:0060079]; guanine transmembrane transport [GO:1903716]; hypoxanthine transport [GO:0035344]; inosine transport [GO:0035340]; lactation [GO:0007595]; neurotransmitter transport [GO:0006836]; neurotransmitter uptake [GO:0001504]; nucleobase transport [GO:0015851]; nucleobase-containing compound metabolic process [GO:0006139]; nucleoside transmembrane transport [GO:1901642]; nucleoside transport [GO:0015858]; purine nucleobase transmembrane transport [GO:1904823]; purine nucleoside transmembrane transport [GO:0015860]; pyrimidine nucleobase transmembrane transport [GO:1904082]; pyrimidine-containing compound transmembrane transport [GO:0072531]; thymine transport [GO:0035364]; transport across blood-brain barrier [GO:0150104]; uracil transmembrane transport [GO:1903791]; uridine transmembrane transport [GO:0015862]; xenobiotic metabolic process [GO:0006805]; xenobiotic transmembrane transport [GO:0006855],GO:0001504; GO:0005326; GO:0005337; GO:0005886; GO:0006139; GO:0006805; GO:0006836; GO:0006855; GO:0007595; GO:0015207; GO:0015208; GO:0015210; GO:0015211; GO:0015212; GO:0015213; GO:0015389; GO:0015851; GO:0015853; GO:0015858; GO:0015860; GO:0015861; GO:0015862; GO:0016020; GO:0016323; GO:0016324; GO:0032238; GO:0035340; GO:0035344; GO:0035364; GO:0060079; GO:0071333; GO:0071456; GO:0072531; GO:0098793; GO:0098794; GO:0150104; GO:1901642; GO:1903716; GO:1903791; GO:1904082; GO:1904823,apical plasma membrane [GO:0016324]; basolateral plasma membrane [GO:0016323]; membrane [GO:0016020]; plasma membrane [GO:0005886]; postsynapse [GO:0098794]; presynapse [GO:0098793],adenine transmembrane transporter activity [GO:0015207]; cytidine transmembrane transporter activity [GO:0015212]; guanine transmembrane transporter activity [GO:0015208]; neurotransmitter transmembrane transporter activity [GO:0005326]; nucleoside transmembrane transporter activity [GO:0005337]; purine nucleoside transmembrane transporter activity [GO:0015211]; pyrimidine- and adenosine-specific:sodium symporter activity [GO:0015389]; uracil transmembrane transporter activity [GO:0015210]; uridine transmembrane transporter activity [GO:0015213],Equilibrative nucleoside transporter 1
Pocillopora_acuta_HIv2___RNAseq.g8631.t1,SLC,,Q5BKR2,1e-27,Sodium/hydrogen exchanger 9B2 (NHA-oc) (Na(+)/H(+) exchanger NHA2) (Na(+)/H(+) exchanger-like domain-containing protein 2) (NHE domain-containing protein 2) (Soditlum/hydrogen exchanger-like domain-containing protein 2) (Solute carrier family 9 subfamily B member 2),clathrin-dependent endocytosis [GO:0072583]; flagellated sperm motility [GO:0030317]; lithium ion transport [GO:0010351]; positive regulation of osteoclast development [GO:2001206]; regulation of insulin secretion involved in cellular response to glucose stimulus [GO:0061178]; sodium ion homeostasis [GO:0055078],GO:0005765; GO:0005886; GO:0010008; GO:0010348; GO:0010351; GO:0015385; GO:0016323; GO:0016324; GO:0030317; GO:0030672; GO:0031966; GO:0042802; GO:0046872; GO:0055037; GO:0055038; GO:0055078; GO:0061178; GO:0072583; GO:0097228; GO:2001206,apical plasma membrane [GO:0016324]; basolateral plasma membrane [GO:0016323]; endosome membrane [GO:0010008]; lysosomal membrane [GO:0005765]; mitochondrial membrane [GO:0031966]; plasma membrane [GO:0005886]; recycling endosome [GO:0055037]; recycling endosome membrane [GO:0055038]; sperm principal piece [GO:0097228]; synaptic vesicle membrane [GO:0030672],identical protein binding [GO:0042802]; lithium:proton antiporter activity [GO:0010348]; metal ion binding [GO:0046872]; sodium:proton antiporter activity [GO:0015385],Sodium/hydrogen exchanger 9B2
Pocillopora_acuta_HIv2___RNAseq.g8633.t1,SLC,,Q5BKR2,4.47e-132,Sodium/hydrogen exchanger 9B2 (NHA-oc) (Na(+)/H(+) exchanger NHA2) (Na(+)/H(+) exchanger-like domain-containing protein 2) (NHE domain-containing protein 2) (Soditlum/hydrogen exchanger-like domain-containing protein 2) (Solute carrier family 9 subfamily B member 2),clathrin-dependent endocytosis [GO:0072583]; flagellated sperm motility [GO:0030317]; lithium ion transport [GO:0010351]; positive regulation of osteoclast development [GO:2001206]; regulation of insulin secretion involved in cellular response to glucose stimulus [GO:0061178]; sodium ion homeostasis [GO:0055078],GO:0005765; GO:0005886; GO:0010008; GO:0010348; GO:0010351; GO:0015385; GO:0016323; GO:0016324; GO:0030317; GO:0030672; GO:0031966; GO:0042802; GO:0046872; GO:0055037; GO:0055038; GO:0055078; GO:0061178; GO:0072583; GO:0097228; GO:2001206,apical plasma membrane [GO:0016324]; basolateral plasma membrane [GO:0016323]; endosome membrane [GO:0010008]; lysosomal membrane [GO:0005765]; mitochondrial membrane [GO:0031966]; plasma membrane [GO:0005886]; recycling endosome [GO:0055037]; recycling endosome membrane [GO:0055038]; sperm principal piece [GO:0097228]; synaptic vesicle membrane [GO:0030672],identical protein binding [GO:0042802]; lithium:proton antiporter activity [GO:0010348]; metal ion binding [GO:0046872]; sodium:proton antiporter activity [GO:0015385],Sodium/hydrogen exchanger 9B2
Pocillopora_acuta_HIv2___RNAseq.g8677.t1,calcium,,P29274,3.44e-19,Adenosine receptor A2a,"adenylate cyclase-activating G protein-coupled receptor signaling pathway [GO:0007189]; adenylate cyclase-modulating G protein-coupled receptor signaling pathway [GO:0007188]; apoptotic process [GO:0006915]; apoptotic signaling pathway [GO:0097190]; astrocyte activation [GO:0048143]; blood circulation [GO:0008015]; blood coagulation [GO:0007596]; cell-cell signaling [GO:0007267]; cellular defense response [GO:0006968]; central nervous system development [GO:0007417]; eating behavior [GO:0042755]; excitatory postsynaptic potential [GO:0060079]; G protein-coupled adenosine receptor signaling pathway [GO:0001973]; inflammatory response [GO:0006954]; inhibitory postsynaptic potential [GO:0060080]; locomotory behavior [GO:0007626]; membrane depolarization [GO:0051899]; negative regulation of alpha-beta T cell activation [GO:0046636]; negative regulation of cell population proliferation [GO:0008285]; negative regulation of inflammatory response [GO:0050728]; negative regulation of neuron apoptotic process [GO:0043524]; negative regulation of vascular permeability [GO:0043116]; neuron projection morphogenesis [GO:0048812]; phagocytosis [GO:0006909]; phospholipase C-activating G protein-coupled receptor signaling pathway [GO:0007200]; positive regulation of acetylcholine secretion, neurotransmission [GO:0014057]; positive regulation of apoptotic signaling pathway [GO:2001235]; positive regulation of circadian sleep/wake cycle, sleep [GO:0045938]; positive regulation of ERK1 and ERK2 cascade [GO:0070374]; positive regulation of glutamate secretion [GO:0014049]; positive regulation of long-term synaptic potentiation [GO:1900273]; positive regulation of protein secretion [GO:0050714]; positive regulation of synaptic transmission, GABAergic [GO:0032230]; positive regulation of synaptic transmission, glutamatergic [GO:0051968]; positive regulation of urine volume [GO:0035810]; prepulse inhibition [GO:0060134]; presynaptic modulation of chemical synaptic transmission [GO:0099171]; regulation of calcium ion transport [GO:0051924]; regulation of DNA-templated transcription [GO:0006355]; regulation of mitochondrial membrane potential [GO:0051881]; regulation of norepinephrine secretion [GO:0014061]; response to amphetamine [GO:0001975]; response to caffeine [GO:0031000]; response to purine-containing compound [GO:0014074]; response to xenobiotic stimulus [GO:0009410]; sensory perception [GO:0007600]; synaptic transmission, cholinergic [GO:0007271]; synaptic transmission, dopaminergic [GO:0001963]; synaptic transmission, glutamatergic [GO:0035249]; vasodilation [GO:0042311]",GO:0001609; GO:0001963; GO:0001973; GO:0001975; GO:0005516; GO:0005882; GO:0005886; GO:0006355; GO:0006909; GO:0006915; GO:0006954; GO:0006968; GO:0007188; GO:0007189; GO:0007200; GO:0007267; GO:0007271; GO:0007417; GO:0007596; GO:0007600; GO:0007626; GO:0008015; GO:0008285; GO:0008289; GO:0009410; GO:0014049; GO:0014057; GO:0014061; GO:0014074; GO:0016020; GO:0019899; GO:0030425; GO:0030673; GO:0031000; GO:0031802; GO:0032230; GO:0032279; GO:0035249; GO:0035810; GO:0042311; GO:0042734; GO:0042755; GO:0042802; GO:0043025; GO:0043116; GO:0043524; GO:0044877; GO:0045211; GO:0045938; GO:0046636; GO:0048143; GO:0048786; GO:0048812; GO:0050714; GO:0050728; GO:0051393; GO:0051881; GO:0051899; GO:0051924; GO:0051968; GO:0060079; GO:0060080; GO:0060134; GO:0070374; GO:0097190; GO:0098978; GO:0099171; GO:1900273; GO:2001235,asymmetric synapse [GO:0032279]; axolemma [GO:0030673]; dendrite [GO:0030425]; glutamatergic synapse [GO:0098978]; intermediate filament [GO:0005882]; membrane [GO:0016020]; neuronal cell body [GO:0043025]; plasma membrane [GO:0005886]; postsynaptic membrane [GO:0045211]; presynaptic active zone [GO:0048786]; presynaptic membrane [GO:0042734],alpha-actinin binding [GO:0051393]; calmodulin binding [GO:0005516]; enzyme binding [GO:0019899]; G protein-coupled adenosine receptor activity [GO:0001609]; identical protein binding [GO:0042802]; lipid binding [GO:0008289]; protein-containing complex binding [GO:0044877]; type 5 metabotropic glutamate receptor binding [GO:0031802],Adenosine receptor A2a
Pocillopora_acuta_HIv2___RNAseq.g8989.t1,SLC,,G8XYX6,4.37e-49,Monocarboxylate transporter 8 (MCT 8) (Solute carrier family 16 member 2),brain development [GO:0007420]; central nervous system development [GO:0007417]; chordate embryonic development [GO:0043009]; locomotion [GO:0040011]; neuron differentiation [GO:0030182]; oligodendrocyte differentiation [GO:0048709]; optomotor response [GO:0071632]; regulation of thyroid hormone generation [GO:2000609]; Schwann cell differentiation [GO:0014037]; spinal cord development [GO:0021510]; spinal cord oligodendrocyte cell differentiation [GO:0021529]; thyroid gland development [GO:0030878]; thyroid hormone transport [GO:0070327]; transmission of nerve impulse [GO:0019226],GO:0005886; GO:0007417; GO:0007420; GO:0014037; GO:0015349; GO:0016324; GO:0019226; GO:0021510; GO:0021529; GO:0030182; GO:0030878; GO:0040011; GO:0043009; GO:0048709; GO:0070324; GO:0070327; GO:0071632; GO:2000609,apical plasma membrane [GO:0016324]; plasma membrane [GO:0005886],thyroid hormone binding [GO:0070324]; thyroid hormone transmembrane transporter activity [GO:0015349],Monocarboxylate transporter 8
Pocillopora_acuta_HIv2___RNAseq.g9102.t1,ER_calcium,,Q6DGW9,6.97e-90,Calcium load-activated calcium channel (CLAC channel) (GEL complex subunit TMCO1) (Transmembrane and coiled-coil domain-containing protein 1),calcium ion transmembrane transport [GO:0070588]; endoplasmic reticulum calcium ion homeostasis [GO:0032469]; ER overload response [GO:0006983]; multi-pass transmembrane protein insertion into ER membrane [GO:0160063],GO:0000139; GO:0005262; GO:0005737; GO:0005783; GO:0005789; GO:0006983; GO:0032469; GO:0043022; GO:0070588; GO:0160063; GO:0160064,cytoplasm [GO:0005737]; endoplasmic reticulum [GO:0005783]; endoplasmic reticulum membrane [GO:0005789]; Golgi membrane [GO:0000139]; multi-pass translocon complex [GO:0160064],calcium channel activity [GO:0005262]; ribosome binding [GO:0043022],Calcium load-activated calcium channel
Pocillopora_acuta_HIv2___RNAseq.g9122.t1,SLC,,Q9UBH6,0,Solute carrier family 53 member 1 (Phosphate exporter SLC53A1) (Protein SYG1 homolog) (Xenotropic and polytropic murine leukemia virus receptor X3) (X-receptor) (Xenotropic and polytropic retrovirus receptor 1),cellular response to phosphate starvation [GO:0016036]; intracellular phosphate ion homeostasis [GO:0030643]; phosphate ion transmembrane transport [GO:0035435]; phosphate ion transport [GO:0006817]; response to virus [GO:0009615],GO:0000822; GO:0001618; GO:0005315; GO:0005886; GO:0006817; GO:0009615; GO:0015562; GO:0016036; GO:0030643; GO:0035435,plasma membrane [GO:0005886],efflux transmembrane transporter activity [GO:0015562]; inositol hexakisphosphate binding [GO:0000822]; phosphate transmembrane transporter activity [GO:0005315]; virus receptor activity [GO:0001618],Solute carrier family 53 member 1
Pocillopora_acuta_HIv2___RNAseq.g9125.t1,calcium,,Q9SW97,2.21e-20,Glutamate receptor 3.5 (Ionotropic glutamate receptor GLR6) (Ligand-gated ion channel 3.5),calcium ion transport [GO:0006816]; calcium-mediated signaling [GO:0019722]; cellular response to amino acid stimulus [GO:0071230],GO:0005262; GO:0005886; GO:0006816; GO:0008066; GO:0015276; GO:0019722; GO:0071230,plasma membrane [GO:0005886],calcium channel activity [GO:0005262]; glutamate receptor activity [GO:0008066]; ligand-gated monoatomic ion channel activity [GO:0015276],Glutamate receptor 3.5
Pocillopora_acuta_HIv2___RNAseq.g9146.t1,SLC,,Q5XH95,0,Calcium-binding mitochondrial carrier protein SCaMC-2 (Small calcium-binding mitochondrial carrier protein 2) (Solute carrier family 25 member 25),transmembrane transport [GO:0055085],GO:0005509; GO:0005743; GO:0055085,mitochondrial inner membrane [GO:0005743],calcium ion binding [GO:0005509],Calcium-binding mitochondrial carrier protein SCaMC-2
Pocillopora_acuta_HIv2___RNAseq.g9188.t1,"TRP, Bhattacharya2016",MCOLN3,Q8R4F0,1.57e-124,Mucolipin-3 (Transient receptor potential channel mucolipin 3) (TRPML3),inner ear auditory receptor cell differentiation [GO:0042491]; locomotory behavior [GO:0007626],GO:0000421; GO:0005253; GO:0005267; GO:0005272; GO:0005737; GO:0005886; GO:0007626; GO:0008289; GO:0031901; GO:0031902; GO:0042491; GO:0060171,autophagosome membrane [GO:0000421]; cytoplasm [GO:0005737]; early endosome membrane [GO:0031901]; late endosome membrane [GO:0031902]; plasma membrane [GO:0005886]; stereocilium membrane [GO:0060171],lipid binding [GO:0008289]; monoatomic anion channel activity [GO:0005253]; potassium channel activity [GO:0005267]; sodium channel activity [GO:0005272],MCOLN3
Pocillopora_acuta_HIv2___RNAseq.g9267.t1,SLC,,Q96K37,5.94e-75,Solute carrier family 35 member E1,transmembrane transport [GO:0055085],GO:0005794; GO:0015297; GO:0016020; GO:0055085,Golgi apparatus [GO:0005794]; membrane [GO:0016020],antiporter activity [GO:0015297],Solute carrier family 35 member E1
Pocillopora_acuta_HIv2___RNAseq.g9268.t1,SLC,,P30531,1.7e-168,Sodium- and chloride-dependent GABA transporter 1 (GAT-1) (Solute carrier family 6 member 1),amino acid transport [GO:0006865]; associative learning [GO:0008306]; chemical synaptic transmission [GO:0007268]; chloride transmembrane transport [GO:1902476]; gamma-aminobutyric acid import [GO:0051939]; gamma-aminobutyric acid reuptake [GO:0051936]; inorganic anion import across plasma membrane [GO:0098658]; memory [GO:0007613]; sodium ion import across plasma membrane [GO:0098719]; sodium ion transmembrane transport [GO:0035725]; synapse organization [GO:0050808]; transport across blood-brain barrier [GO:0150104],GO:0005332; GO:0005886; GO:0006865; GO:0007268; GO:0007613; GO:0008306; GO:0009986; GO:0015185; GO:0015378; GO:0016020; GO:0030424; GO:0035725; GO:0043025; GO:0046872; GO:0050808; GO:0051936; GO:0051939; GO:0098658; GO:0098719; GO:0098793; GO:0098982; GO:0150104; GO:1902476,axon [GO:0030424]; cell surface [GO:0009986]; GABA-ergic synapse [GO:0098982]; membrane [GO:0016020]; neuronal cell body [GO:0043025]; plasma membrane [GO:0005886]; presynapse [GO:0098793],gamma-aminobutyric acid transmembrane transporter activity [GO:0015185]; gamma-aminobutyric acid:sodium:chloride symporter activity [GO:0005332]; metal ion binding [GO:0046872]; sodium:chloride symporter activity [GO:0015378],Sodium- and chloride-dependent GABA transporter 1
Pocillopora_acuta_HIv2___RNAseq.g9326.t1,calcium,,Q05941,2.76e-62,Neuronal acetylcholine receptor subunit alpha-7 (nAChR7) (Nicotinic acetylcholine receptor subunit alpha-7),"acetylcholine receptor signaling pathway [GO:0095500]; associative learning [GO:0008306]; B cell activation [GO:0042113]; behavioral response to ethanol [GO:0048149]; behavioral response to nicotine [GO:0035095]; calcium ion transport [GO:0006816]; chemical synaptic transmission [GO:0007268]; cognition [GO:0050890]; dendrite arborization [GO:0140059]; dendritic spine organization [GO:0097061]; dopamine biosynthetic process [GO:0042416]; endocytosis [GO:0006897]; establishment of localization in cell [GO:0051649]; excitatory postsynaptic potential [GO:0060079]; flagellated sperm motility [GO:0030317]; generation of ovulation cycle rhythm [GO:0060112]; intracellular calcium ion homeostasis [GO:0006874]; learning or memory [GO:0007611]; ligand-gated ion channel signaling pathway [GO:1990806]; memory [GO:0007613]; modulation of chemical synaptic transmission [GO:0050804]; modulation of excitatory postsynaptic potential [GO:0098815]; monoatomic ion transmembrane transport [GO:0034220]; monoatomic ion transport [GO:0006811]; negative regulation of amyloid-beta formation [GO:1902430]; negative regulation of canonical NF-kappaB signal transduction [GO:0043124]; negative regulation of cytokine production involved in inflammatory response [GO:1900016]; negative regulation of ERK1 and ERK2 cascade [GO:0070373]; negative regulation of inflammatory response [GO:0050728]; negative regulation of interleukin-1 beta production [GO:0032691]; negative regulation of interleukin-6 production [GO:0032715]; negative regulation of tumor necrosis factor production [GO:0032720]; neuronal action potential [GO:0019228]; ovulation cycle [GO:0042698]; positive regulation of amyloid-beta formation [GO:1902004]; positive regulation of angiogenesis [GO:0045766]; positive regulation of cell population proliferation [GO:0008284]; positive regulation of ERK1 and ERK2 cascade [GO:0070374]; positive regulation of excitatory postsynaptic potential [GO:2000463]; positive regulation of gene expression [GO:0010628]; positive regulation of heart rate involved in baroreceptor response to decreased systemic arterial blood pressure [GO:0001988]; positive regulation of long-term synaptic potentiation [GO:1900273]; positive regulation of MAPK cascade [GO:0043410]; positive regulation of protein metabolic process [GO:0051247]; presynaptic modulation of chemical synaptic transmission [GO:0099171]; regulation of amyloid fibril formation [GO:1905906]; regulation of amyloid precursor protein catabolic process [GO:1902991]; regulation of inflammatory response [GO:0050727]; regulation of membrane potential [GO:0042391]; regulation of norepinephrine secretion [GO:0014061]; regulation of response to drug [GO:2001023]; regulation of synapse structural plasticity [GO:0051823]; regulation of synaptic transmission, dopaminergic [GO:0032225]; response to acetylcholine [GO:1905144]; response to amyloid-beta [GO:1904645]; response to carbamate [GO:0046681]; response to cold [GO:0009409]; response to ethanol [GO:0045471]; response to food [GO:0032094]; response to hypoxia [GO:0001666]; response to nicotine [GO:0035094]; sensory processing [GO:0050893]; signal transduction [GO:0007165]; synapse organization [GO:0050808]; synaptic transmission involved in micturition [GO:0060084]; synaptic transmission, cholinergic [GO:0007271]; T cell activation [GO:0042110]",GO:0001540; GO:0001666; GO:0001988; GO:0004888; GO:0005216; GO:0005789; GO:0005886; GO:0005892; GO:0006811; GO:0006816; GO:0006874; GO:0006897; GO:0007165; GO:0007268; GO:0007271; GO:0007611; GO:0007613; GO:0008179; GO:0008284; GO:0008306; GO:0009409; GO:0009897; GO:0010628; GO:0014061; GO:0015464; GO:0015643; GO:0016020; GO:0016324; GO:0017081; GO:0019228; GO:0019901; GO:0022848; GO:0030317; GO:0030424; GO:0030425; GO:0030426; GO:0030673; GO:0032094; GO:0032225; GO:0032279; GO:0032691; GO:0032715; GO:0032720; GO:0034220; GO:0034703; GO:0035094; GO:0035095; GO:0042110; GO:0042113; GO:0042166; GO:0042391; GO:0042416; GO:0042698; GO:0042734; GO:0042803; GO:0043005; GO:0043025; GO:0043124; GO:0043197; GO:0043198; GO:0043410; GO:0044853; GO:0045202; GO:0045211; GO:0045471; GO:0045766; GO:0046681; GO:0048149; GO:0050727; GO:0050728; GO:0050804; GO:0050808; GO:0050890; GO:0050893; GO:0051117; GO:0051247; GO:0051649; GO:0051823; GO:0060079; GO:0060084; GO:0060112; GO:0070373; GO:0070374; GO:0095500; GO:0097061; GO:0097110; GO:0098690; GO:0098815; GO:0098878; GO:0098897; GO:0098981; GO:0099171; GO:0099634; GO:0140059; GO:1900016; GO:1900273; GO:1902004; GO:1902430; GO:1902991; GO:1904315; GO:1904645; GO:1905144; GO:1905906; GO:1990806; GO:2000463; GO:2001023,acetylcholine-gated channel complex [GO:0005892]; apical plasma membrane [GO:0016324]; asymmetric synapse [GO:0032279]; axolemma [GO:0030673]; axon [GO:0030424]; cation channel complex [GO:0034703]; cholinergic synapse [GO:0098981]; dendrite [GO:0030425]; dendritic shaft [GO:0043198]; dendritic spine [GO:0043197]; endoplasmic reticulum membrane [GO:0005789]; external side of plasma membrane [GO:0009897]; glycinergic synapse [GO:0098690]; growth cone [GO:0030426]; membrane [GO:0016020]; neuron projection [GO:0043005]; neuronal cell body [GO:0043025]; neurotransmitter receptor complex [GO:0098878]; plasma membrane [GO:0005886]; plasma membrane raft [GO:0044853]; postsynaptic membrane [GO:0045211]; postsynaptic specialization membrane [GO:0099634]; presynaptic membrane [GO:0042734]; spine apparatus membrane [GO:0098897]; synapse [GO:0045202],acetylcholine binding [GO:0042166]; acetylcholine receptor activity [GO:0015464]; acetylcholine-gated monoatomic cation-selective channel activity [GO:0022848]; adenylate cyclase binding [GO:0008179]; amyloid-beta binding [GO:0001540]; ATPase binding [GO:0051117]; chloride channel regulator activity [GO:0017081]; monoatomic ion channel activity [GO:0005216]; protein homodimerization activity [GO:0042803]; protein kinase binding [GO:0019901]; scaffold protein binding [GO:0097110]; toxic substance binding [GO:0015643]; transmembrane signaling receptor activity [GO:0004888]; transmitter-gated monoatomic ion channel activity involved in regulation of postsynaptic membrane potential [GO:1904315],Neuronal acetylcholine receptor subunit alpha-7
Pocillopora_acuta_HIv2___RNAseq.g9327.t1,calcium,,P49582,7.4e-52,Neuronal acetylcholine receptor subunit alpha-7 (nAChR7) (Nicotinic acetylcholine receptor subunit alpha-7),"acetylcholine receptor signaling pathway [GO:0095500]; associative learning [GO:0008306]; B cell activation [GO:0042113]; behavioral response to ethanol [GO:0048149]; behavioral response to nicotine [GO:0035095]; calcium ion transport [GO:0006816]; dendrite arborization [GO:0140059]; dendritic spine organization [GO:0097061]; endocytosis [GO:0006897]; establishment of localization in cell [GO:0051649]; flagellated sperm motility [GO:0030317]; generation of ovulation cycle rhythm [GO:0060112]; learning or memory [GO:0007611]; memory [GO:0007613]; modulation of chemical synaptic transmission [GO:0050804]; modulation of excitatory postsynaptic potential [GO:0098815]; monoatomic ion transport [GO:0006811]; negative regulation of canonical NF-kappaB signal transduction [GO:0043124]; negative regulation of cytokine production involved in inflammatory response [GO:1900016]; negative regulation of inflammatory response [GO:0050728]; negative regulation of interleukin-1 beta production [GO:0032691]; negative regulation of interleukin-6 production [GO:0032715]; negative regulation of tumor necrosis factor production [GO:0032720]; ovulation cycle [GO:0042698]; positive regulation of amyloid-beta formation [GO:1902004]; positive regulation of ERK1 and ERK2 cascade [GO:0070374]; positive regulation of excitatory postsynaptic potential [GO:2000463]; positive regulation of heart rate involved in baroreceptor response to decreased systemic arterial blood pressure [GO:0001988]; positive regulation of long-term synaptic potentiation [GO:1900273]; positive regulation of protein metabolic process [GO:0051247]; regulation of amyloid fibril formation [GO:1905906]; regulation of inflammatory response [GO:0050727]; regulation of membrane potential [GO:0042391]; regulation of norepinephrine secretion [GO:0014061]; regulation of synapse structural plasticity [GO:0051823]; regulation of synaptic transmission, dopaminergic [GO:0032225]; response to amyloid-beta [GO:1904645]; response to cold [GO:0009409]; response to ethanol [GO:0045471]; response to food [GO:0032094]; response to nicotine [GO:0035094]; sensory processing [GO:0050893]; synapse organization [GO:0050808]; synaptic transmission, cholinergic [GO:0007271]; T cell activation [GO:0042110]",GO:0001988; GO:0004888; GO:0005886; GO:0006811; GO:0006816; GO:0006897; GO:0007271; GO:0007611; GO:0007613; GO:0008306; GO:0009409; GO:0009897; GO:0014061; GO:0015464; GO:0016020; GO:0016324; GO:0022848; GO:0030317; GO:0030425; GO:0030673; GO:0032094; GO:0032225; GO:0032691; GO:0032715; GO:0032720; GO:0035094; GO:0035095; GO:0042110; GO:0042113; GO:0042391; GO:0042698; GO:0042734; GO:0043124; GO:0045211; GO:0045471; GO:0048149; GO:0050727; GO:0050728; GO:0050804; GO:0050808; GO:0050893; GO:0051247; GO:0051649; GO:0051823; GO:0060112; GO:0070374; GO:0095500; GO:0097061; GO:0098793; GO:0098815; GO:0098981; GO:0099634; GO:0140059; GO:1900016; GO:1900273; GO:1902004; GO:1904645; GO:1905906; GO:2000463,apical plasma membrane [GO:0016324]; axolemma [GO:0030673]; cholinergic synapse [GO:0098981]; dendrite [GO:0030425]; external side of plasma membrane [GO:0009897]; membrane [GO:0016020]; plasma membrane [GO:0005886]; postsynaptic membrane [GO:0045211]; postsynaptic specialization membrane [GO:0099634]; presynapse [GO:0098793]; presynaptic membrane [GO:0042734],acetylcholine receptor activity [GO:0015464]; acetylcholine-gated monoatomic cation-selective channel activity [GO:0022848]; transmembrane signaling receptor activity [GO:0004888],Neuronal acetylcholine receptor subunit alpha-7
Pocillopora_acuta_HIv2___RNAseq.g9443.t1,"TRP, calcium",,Q8BLA8,7.62e-129,Transient receptor potential cation channel subfamily A member 1 (Ankyrin-like with transmembrane domains protein 1) (Wasabi receptor),calcium ion transmembrane import into cytosol [GO:0097553]; calcium ion transport [GO:0006816]; cell surface receptor signaling pathway [GO:0007166]; cellular response to caffeine [GO:0071313]; cellular response to carbon dioxide [GO:0071244]; cellular response to cold [GO:0070417]; cellular response to food [GO:0071240]; cellular response to heat [GO:0034605]; cellular response to hydrogen peroxide [GO:0070301]; cellular response to toxic substance [GO:0097237]; detection of chemical stimulus involved in sensory perception of pain [GO:0050968]; detection of mechanical stimulus involved in sensory perception [GO:0050974]; detection of mechanical stimulus involved in sensory perception of pain [GO:0050966]; intracellular calcium ion homeostasis [GO:0006874]; positive regulation of insulin secretion involved in cellular response to glucose stimulus [GO:0035774]; positive regulation of monoatomic anion transport [GO:1903793]; protein homotetramerization [GO:0051289]; regulation of blood circulation [GO:1903522]; regulation of neuronal action potential [GO:0098908]; response to cold [GO:0009409]; response to hydrogen peroxide [GO:0042542]; response to pain [GO:0048265]; response to xenobiotic stimulus [GO:0009410]; thermoception [GO:0050955]; urinary bladder smooth muscle contraction [GO:0014832],GO:0005216; GO:0005245; GO:0005262; GO:0005886; GO:0006816; GO:0006874; GO:0007166; GO:0009409; GO:0009410; GO:0014832; GO:0015267; GO:0015278; GO:0016020; GO:0016324; GO:0030424; GO:0032421; GO:0034605; GO:0035774; GO:0042542; GO:0042802; GO:0046872; GO:0048265; GO:0050955; GO:0050966; GO:0050968; GO:0050974; GO:0051289; GO:0070301; GO:0070417; GO:0071240; GO:0071244; GO:0071313; GO:0097237; GO:0097553; GO:0097604; GO:0098908; GO:1903522; GO:1903793; GO:1990760,apical plasma membrane [GO:0016324]; axon [GO:0030424]; membrane [GO:0016020]; plasma membrane [GO:0005886]; stereocilium bundle [GO:0032421],calcium channel activity [GO:0005262]; channel activity [GO:0015267]; identical protein binding [GO:0042802]; intracellularly gated calcium channel activity [GO:0015278]; metal ion binding [GO:0046872]; monoatomic ion channel activity [GO:0005216]; osmolarity-sensing monoatomic cation channel activity [GO:1990760]; temperature-gated cation channel activity [GO:0097604]; voltage-gated calcium channel activity [GO:0005245],Transient receptor potential cation channel subfamily A member 1
Pocillopora_acuta_HIv2___RNAseq.g9444.t1,TRP,,O75762,1.15e-129,Transient receptor potential cation channel subfamily A member 1 (Ankyrin-like with transmembrane domains protein 1) (Transformation-sensitive protein p120) (p120) (Wasabi receptor),calcium ion transmembrane import into cytosol [GO:0097553]; calcium ion transmembrane transport [GO:0070588]; cell surface receptor signaling pathway [GO:0007166]; cellular response to caffeine [GO:0071313]; cellular response to carbon dioxide [GO:0071244]; cellular response to cold [GO:0070417]; cellular response to food [GO:0071240]; cellular response to heat [GO:0034605]; cellular response to hydrogen peroxide [GO:0070301]; cellular response to toxic substance [GO:0097237]; detection of chemical stimulus involved in sensory perception of pain [GO:0050968]; detection of mechanical stimulus involved in sensory perception of pain [GO:0050966]; intracellular calcium ion homeostasis [GO:0006874]; monoatomic ion transport [GO:0006811]; positive regulation of insulin secretion involved in cellular response to glucose stimulus [GO:0035774]; positive regulation of monoatomic anion transport [GO:1903793]; protein homotetramerization [GO:0051289]; regulation of blood circulation [GO:1903522]; regulation of neuronal action potential [GO:0098908]; response to cold [GO:0009409]; response to pain [GO:0048265]; response to xenobiotic stimulus [GO:0009410]; sensory perception of pain [GO:0019233]; thermoception [GO:0050955]; urinary bladder smooth muscle contraction [GO:0014832],GO:0005245; GO:0005262; GO:0005886; GO:0006811; GO:0006874; GO:0007166; GO:0009409; GO:0009410; GO:0014832; GO:0015267; GO:0015278; GO:0016324; GO:0019233; GO:0030424; GO:0032421; GO:0034605; GO:0035774; GO:0042802; GO:0048265; GO:0050955; GO:0050966; GO:0050968; GO:0051289; GO:0070301; GO:0070417; GO:0070588; GO:0071240; GO:0071244; GO:0071313; GO:0097237; GO:0097553; GO:0097604; GO:0098908; GO:1903522; GO:1903793; GO:1990760,apical plasma membrane [GO:0016324]; axon [GO:0030424]; plasma membrane [GO:0005886]; stereocilium bundle [GO:0032421],calcium channel activity [GO:0005262]; channel activity [GO:0015267]; identical protein binding [GO:0042802]; intracellularly gated calcium channel activity [GO:0015278]; osmolarity-sensing monoatomic cation channel activity [GO:1990760]; temperature-gated cation channel activity [GO:0097604]; voltage-gated calcium channel activity [GO:0005245],Transient receptor potential cation channel subfamily A member 1
Pocillopora_acuta_HIv2___RNAseq.g9466.t1,"TRP, calcium",,Q6RI86,1.07e-142,Transient receptor potential cation channel subfamily A member 1 (Ankyrin-like with transmembrane domains protein 1) (Wasabi receptor),calcium ion transmembrane import into cytosol [GO:0097553]; calcium ion transmembrane transport [GO:0070588]; calcium ion transport [GO:0006816]; cell surface receptor signaling pathway [GO:0007166]; cellular response to caffeine [GO:0071313]; cellular response to carbon dioxide [GO:0071244]; cellular response to cold [GO:0070417]; cellular response to food [GO:0071240]; cellular response to heat [GO:0034605]; cellular response to hydrogen peroxide [GO:0070301]; cellular response to toxic substance [GO:0097237]; detection of chemical stimulus involved in sensory perception of pain [GO:0050968]; detection of mechanical stimulus involved in sensory perception [GO:0050974]; detection of mechanical stimulus involved in sensory perception of pain [GO:0050966]; intracellular calcium ion homeostasis [GO:0006874]; positive regulation of insulin secretion involved in cellular response to glucose stimulus [GO:0035774]; positive regulation of monoatomic anion transport [GO:1903793]; protein homotetramerization [GO:0051289]; regulation of blood circulation [GO:1903522]; regulation of neuronal action potential [GO:0098908]; response to cold [GO:0009409]; response to hydrogen peroxide [GO:0042542]; response to pain [GO:0048265]; response to xenobiotic stimulus [GO:0009410]; sensory perception of pain [GO:0019233]; thermoception [GO:0050955]; urinary bladder smooth muscle contraction [GO:0014832],GO:0005216; GO:0005245; GO:0005262; GO:0005886; GO:0006816; GO:0006874; GO:0007166; GO:0009409; GO:0009410; GO:0014832; GO:0015267; GO:0015278; GO:0016324; GO:0019233; GO:0030424; GO:0032421; GO:0034605; GO:0035774; GO:0042542; GO:0042802; GO:0046872; GO:0048265; GO:0050955; GO:0050966; GO:0050968; GO:0050974; GO:0051289; GO:0070301; GO:0070417; GO:0070588; GO:0071240; GO:0071244; GO:0071313; GO:0097237; GO:0097553; GO:0097604; GO:0098908; GO:1903522; GO:1903793; GO:1990760,apical plasma membrane [GO:0016324]; axon [GO:0030424]; plasma membrane [GO:0005886]; stereocilium bundle [GO:0032421],calcium channel activity [GO:0005262]; channel activity [GO:0015267]; identical protein binding [GO:0042802]; intracellularly gated calcium channel activity [GO:0015278]; metal ion binding [GO:0046872]; monoatomic ion channel activity [GO:0005216]; osmolarity-sensing monoatomic cation channel activity [GO:1990760]; temperature-gated cation channel activity [GO:0097604]; voltage-gated calcium channel activity [GO:0005245],Transient receptor potential cation channel subfamily A member 1
Pocillopora_acuta_HIv2___RNAseq.g9547.t1,Bhattacharya2016,HSPA6,P63018,0,Heat shock cognate 71 kDa protein (EC 3.6.4.10) (Heat shock 70 kDa protein 8),"ATP metabolic process [GO:0046034]; axo-dendritic transport [GO:0008088]; cellular response to cadmium ion [GO:0071276]; cellular response to heat [GO:0034605]; cellular response to hydrogen peroxide [GO:0070301]; cerebellum development [GO:0021549]; chaperone cofactor-dependent protein refolding [GO:0051085]; chaperone-mediated autophagy [GO:0061684]; chaperone-mediated autophagy translocation complex disassembly [GO:1904764]; chaperone-mediated protein folding [GO:0061077]; clathrin coat disassembly [GO:0072318]; estrous cycle [GO:0044849]; forebrain development [GO:0030900]; G1/S transition of mitotic cell cycle [GO:0000082]; kidney development [GO:0001822]; late endosomal microautophagy [GO:0061738]; maintenance of postsynaptic specialization structure [GO:0098880]; modulation by host of viral process [GO:0044788]; mRNA processing [GO:0006397]; negative regulation of cardiac muscle cell apoptotic process [GO:0010667]; negative regulation of DNA-templated transcription [GO:0045892]; negative regulation of NLRP3 inflammasome complex assembly [GO:1900226]; negative regulation of supramolecular fiber organization [GO:1902904]; positive regulation by host of viral genome replication [GO:0044829]; positive regulation of cell migration [GO:0030335]; positive regulation of gene expression [GO:0010628]; positive regulation of lysosomal membrane permeability [GO:0097214]; positive regulation of mRNA splicing, via spliceosome [GO:0048026]; positive regulation of phagocytosis [GO:0050766]; positive regulation of protein refolding [GO:1904592]; positive regulation of proteolysis [GO:0045862]; positive regulation of T cell mediated cytotoxicity [GO:0001916]; protein folding [GO:0006457]; protein import into nucleus [GO:0006606]; protein refolding [GO:0042026]; protein targeting to lysosome involved in chaperone-mediated autophagy [GO:0061740]; protein transmembrane import into intracellular organelle [GO:0044743]; protein-containing complex disassembly [GO:0032984]; regulation of cell cycle [GO:0051726]; regulation of postsynapse organization [GO:0099175]; regulation of protein complex stability [GO:0061635]; regulation of protein stability [GO:0031647]; response to activity [GO:0014823]; response to estradiol [GO:0032355]; response to ethanol [GO:0045471]; response to nickel cation [GO:0010045]; response to odorant [GO:1990834]; response to progesterone [GO:0032570]; response to starvation [GO:0042594]; response to xenobiotic stimulus [GO:0009410]; RNA splicing [GO:0008380]; skeletal muscle tissue development [GO:0007519]; slow axonal transport [GO:1990832]",GO:0000082; GO:0000974; GO:0001664; GO:0001786; GO:0001822; GO:0001916; GO:0001917; GO:0003723; GO:0005102; GO:0005524; GO:0005615; GO:0005634; GO:0005681; GO:0005730; GO:0005737; GO:0005765; GO:0005770; GO:0005776; GO:0005829; GO:0005874; GO:0005882; GO:0005886; GO:0006397; GO:0006457; GO:0006606; GO:0007519; GO:0008021; GO:0008088; GO:0008380; GO:0009410; GO:0009986; GO:0010045; GO:0010628; GO:0010667; GO:0014069; GO:0014823; GO:0016887; GO:0019899; GO:0021549; GO:0030335; GO:0030424; GO:0030425; GO:0030674; GO:0030900; GO:0031072; GO:0031625; GO:0031647; GO:0031686; GO:0032279; GO:0032355; GO:0032570; GO:0032984; GO:0032991; GO:0034605; GO:0042026; GO:0042277; GO:0042470; GO:0042594; GO:0043025; GO:0043195; GO:0043197; GO:0043198; GO:0043202; GO:0043204; GO:0043531; GO:0044183; GO:0044309; GO:0044743; GO:0044788; GO:0044829; GO:0044849; GO:0045471; GO:0045862; GO:0045892; GO:0046034; GO:0048018; GO:0048026; GO:0048471; GO:0050766; GO:0051082; GO:0051085; GO:0051087; GO:0051726; GO:0055131; GO:0061077; GO:0061635; GO:0061684; GO:0061738; GO:0061740; GO:0070062; GO:0070301; GO:0071276; GO:0072318; GO:0097214; GO:0098684; GO:0098690; GO:0098793; GO:0098794; GO:0098880; GO:0098978; GO:0099175; GO:0099634; GO:0101031; GO:0140545; GO:0140662; GO:1900226; GO:1902904; GO:1904592; GO:1904593; GO:1904764; GO:1990832; GO:1990833; GO:1990834; GO:1990836; GO:1990904,asymmetric synapse [GO:0032279]; autophagosome [GO:0005776]; axon [GO:0030424]; cell surface [GO:0009986]; cytoplasm [GO:0005737]; cytosol [GO:0005829]; dendrite [GO:0030425]; dendritic shaft [GO:0043198]; dendritic spine [GO:0043197]; extracellular exosome [GO:0070062]; extracellular space [GO:0005615]; glutamatergic synapse [GO:0098978]; glycinergic synapse [GO:0098690]; intermediate filament [GO:0005882]; late endosome [GO:0005770]; lysosomal lumen [GO:0043202]; lysosomal matrix [GO:1990836]; lysosomal membrane [GO:0005765]; melanosome [GO:0042470]; microtubule [GO:0005874]; neuron spine [GO:0044309]; neuronal cell body [GO:0043025]; nucleolus [GO:0005730]; nucleus [GO:0005634]; perikaryon [GO:0043204]; perinuclear region of cytoplasm [GO:0048471]; photoreceptor inner segment [GO:0001917]; photoreceptor ribbon synapse [GO:0098684]; plasma membrane [GO:0005886]; postsynapse [GO:0098794]; postsynaptic density [GO:0014069]; postsynaptic specialization membrane [GO:0099634]; presynapse [GO:0098793]; protein folding chaperone complex [GO:0101031]; protein-containing complex [GO:0032991]; Prp19 complex [GO:0000974]; ribonucleoprotein complex [GO:1990904]; spliceosomal complex [GO:0005681]; synaptic vesicle [GO:0008021]; terminal bouton [GO:0043195],A1 adenosine receptor binding [GO:0031686]; ADP binding [GO:0043531]; ATP binding [GO:0005524]; ATP hydrolysis activity [GO:0016887]; ATP-dependent protein disaggregase activity [GO:0140545]; ATP-dependent protein folding chaperone [GO:0140662]; C3HC4-type RING finger domain binding [GO:0055131]; clathrin-uncoating ATPase activity [GO:1990833]; enzyme binding [GO:0019899]; G protein-coupled receptor binding [GO:0001664]; heat shock protein binding [GO:0031072]; peptide binding [GO:0042277]; phosphatidylserine binding [GO:0001786]; prostaglandin binding [GO:1904593]; protein folding chaperone [GO:0044183]; protein-folding chaperone binding [GO:0051087]; protein-macromolecule adaptor activity [GO:0030674]; receptor ligand activity [GO:0048018]; RNA binding [GO:0003723]; signaling receptor binding [GO:0005102]; ubiquitin protein ligase binding [GO:0031625]; unfolded protein binding [GO:0051082],HSPA6
Pocillopora_acuta_HIv2___RNAseq.g9581.t1,SLC,,A1L1W9,6.96e-69,Monocarboxylate transporter 10 (MCT 10) (Solute carrier family 16 member 10),aromatic amino acid transport [GO:0015801]; thyroid hormone transport [GO:0070327],GO:0005302; GO:0005886; GO:0015173; GO:0015192; GO:0015196; GO:0015349; GO:0015801; GO:0016323; GO:0022857; GO:0070327,basolateral plasma membrane [GO:0016323]; plasma membrane [GO:0005886],aromatic amino acid transmembrane transporter activity [GO:0015173]; L-phenylalanine transmembrane transporter activity [GO:0015192]; L-tryptophan transmembrane transporter activity [GO:0015196]; L-tyrosine transmembrane transporter activity [GO:0005302]; thyroid hormone transmembrane transporter activity [GO:0015349]; transmembrane transporter activity [GO:0022857],Monocarboxylate transporter 10
Pocillopora_acuta_HIv2___RNAseq.g9582.t1,SLC,,A1L1W9,3.77e-71,Monocarboxylate transporter 10 (MCT 10) (Solute carrier family 16 member 10),aromatic amino acid transport [GO:0015801]; thyroid hormone transport [GO:0070327],GO:0005302; GO:0005886; GO:0015173; GO:0015192; GO:0015196; GO:0015349; GO:0015801; GO:0016323; GO:0022857; GO:0070327,basolateral plasma membrane [GO:0016323]; plasma membrane [GO:0005886],aromatic amino acid transmembrane transporter activity [GO:0015173]; L-phenylalanine transmembrane transporter activity [GO:0015192]; L-tryptophan transmembrane transporter activity [GO:0015196]; L-tyrosine transmembrane transporter activity [GO:0005302]; thyroid hormone transmembrane transporter activity [GO:0015349]; transmembrane transporter activity [GO:0022857],Monocarboxylate transporter 10
Pocillopora_acuta_HIv2___RNAseq.g9583.t1,SLC,,A1L1W9,1.38e-64,Monocarboxylate transporter 10 (MCT 10) (Solute carrier family 16 member 10),aromatic amino acid transport [GO:0015801]; thyroid hormone transport [GO:0070327],GO:0005302; GO:0005886; GO:0015173; GO:0015192; GO:0015196; GO:0015349; GO:0015801; GO:0016323; GO:0022857; GO:0070327,basolateral plasma membrane [GO:0016323]; plasma membrane [GO:0005886],aromatic amino acid transmembrane transporter activity [GO:0015173]; L-phenylalanine transmembrane transporter activity [GO:0015192]; L-tryptophan transmembrane transporter activity [GO:0015196]; L-tyrosine transmembrane transporter activity [GO:0005302]; thyroid hormone transmembrane transporter activity [GO:0015349]; transmembrane transporter activity [GO:0022857],Monocarboxylate transporter 10
Pocillopora_acuta_HIv2___RNAseq.g9584.t1,SLC,,Q7RTX9,1.77e-19,Monocarboxylate transporter 14 (MCT 14) (Solute carrier family 16 member 14),carboxylic acid transmembrane transport [GO:1905039],GO:0005886; GO:0008028; GO:0015293; GO:1905039,plasma membrane [GO:0005886],monocarboxylic acid transmembrane transporter activity [GO:0008028]; symporter activity [GO:0015293],Monocarboxylate transporter 14
Pocillopora_acuta_HIv2___RNAseq.g9609.t1,SLC,,G8XYX6,3.33e-69,Monocarboxylate transporter 8 (MCT 8) (Solute carrier family 16 member 2),brain development [GO:0007420]; central nervous system development [GO:0007417]; chordate embryonic development [GO:0043009]; locomotion [GO:0040011]; neuron differentiation [GO:0030182]; oligodendrocyte differentiation [GO:0048709]; optomotor response [GO:0071632]; regulation of thyroid hormone generation [GO:2000609]; Schwann cell differentiation [GO:0014037]; spinal cord development [GO:0021510]; spinal cord oligodendrocyte cell differentiation [GO:0021529]; thyroid gland development [GO:0030878]; thyroid hormone transport [GO:0070327]; transmission of nerve impulse [GO:0019226],GO:0005886; GO:0007417; GO:0007420; GO:0014037; GO:0015349; GO:0016324; GO:0019226; GO:0021510; GO:0021529; GO:0030182; GO:0030878; GO:0040011; GO:0043009; GO:0048709; GO:0070324; GO:0070327; GO:0071632; GO:2000609,apical plasma membrane [GO:0016324]; plasma membrane [GO:0005886],thyroid hormone binding [GO:0070324]; thyroid hormone transmembrane transporter activity [GO:0015349],Monocarboxylate transporter 8
Pocillopora_acuta_HIv2___RNAseq.g9746.t1,SLC,,Q9PUB8,9.23e-89,"Zinc transporter Slc39a7 (Histidine-rich membrane protein Ke4) (Solute carrier family 39 member 7) (Zrt-, Irt-like protein 7) (ZIP7)",B cell differentiation [GO:0030183]; intracellular zinc ion homeostasis [GO:0006882]; regulation of ferroptosis [GO:0110075]; skin epidermis development [GO:0098773]; zinc ion transmembrane transport [GO:0071577]; zinc ion transport [GO:0006829],GO:0005385; GO:0005789; GO:0005794; GO:0006829; GO:0006882; GO:0030183; GO:0071577; GO:0098773; GO:0110075,endoplasmic reticulum membrane [GO:0005789]; Golgi apparatus [GO:0005794],zinc ion transmembrane transporter activity [GO:0005385],Zinc transporter Slc39a7
Pocillopora_acuta_HIv2___RNAseq.g978.t1,SLC,,Q2M3R5,1.23e-45,Solute carrier family 35 member G1 (Partner of STIM1) (Transmembrane protein 20),calcium ion export across plasma membrane [GO:1990034]; regulation of cytosolic calcium ion concentration [GO:0051480],GO:0005789; GO:0005886; GO:0051480; GO:1990034,endoplasmic reticulum membrane [GO:0005789]; plasma membrane [GO:0005886],,Solute carrier family 35 member G1
Pocillopora_acuta_HIv2___RNAseq.g9847.t1,SLC,,Q6GM59,3.61e-39,Monocarboxylate transporter 12 (MCT 12) (Solute carrier family 16 member 12),creatine transmembrane transport [GO:0015881]; creatinine metabolic process [GO:0046449],GO:0005308; GO:0005886; GO:0015292; GO:0015881; GO:0016323; GO:0022857; GO:0046449,basolateral plasma membrane [GO:0016323]; plasma membrane [GO:0005886],creatine transmembrane transporter activity [GO:0005308]; transmembrane transporter activity [GO:0022857]; uniporter activity [GO:0015292],Monocarboxylate transporter 12
Pocillopora_acuta_HIv2___RNAseq.g9853.t1,SLC,,Q8K1P8,5.68e-7,Monocarboxylate transporter 8 (MCT 8) (Solute carrier family 16 member 2),amino acid import across plasma membrane [GO:0089718]; amino acid metabolic process [GO:0006520]; hormone transport [GO:0009914]; negative regulation of neural precursor cell proliferation [GO:2000178]; thyroid hormone generation [GO:0006590]; thyroid hormone metabolic process [GO:0042403]; thyroid hormone transport [GO:0070327]; thyroid-stimulating hormone secretion [GO:0070460]; transport across blood-brain barrier [GO:0150104],GO:0005886; GO:0006520; GO:0006590; GO:0009914; GO:0015171; GO:0015349; GO:0016324; GO:0042403; GO:0042802; GO:0070327; GO:0070460; GO:0089718; GO:0150104; GO:2000178,apical plasma membrane [GO:0016324]; plasma membrane [GO:0005886],amino acid transmembrane transporter activity [GO:0015171]; identical protein binding [GO:0042802]; thyroid hormone transmembrane transporter activity [GO:0015349],Monocarboxylate transporter 8
Pocillopora_acuta_HIv2___RNAseq.g9855.t1,SLC,,Q8K1P8,8.05e-18,Monocarboxylate transporter 8 (MCT 8) (Solute carrier family 16 member 2),amino acid import across plasma membrane [GO:0089718]; amino acid metabolic process [GO:0006520]; hormone transport [GO:0009914]; negative regulation of neural precursor cell proliferation [GO:2000178]; thyroid hormone generation [GO:0006590]; thyroid hormone metabolic process [GO:0042403]; thyroid hormone transport [GO:0070327]; thyroid-stimulating hormone secretion [GO:0070460]; transport across blood-brain barrier [GO:0150104],GO:0005886; GO:0006520; GO:0006590; GO:0009914; GO:0015171; GO:0015349; GO:0016324; GO:0042403; GO:0042802; GO:0070327; GO:0070460; GO:0089718; GO:0150104; GO:2000178,apical plasma membrane [GO:0016324]; plasma membrane [GO:0005886],amino acid transmembrane transporter activity [GO:0015171]; identical protein binding [GO:0042802]; thyroid hormone transmembrane transporter activity [GO:0015349],Monocarboxylate transporter 8
Pocillopora_acuta_HIv2___RNAseq.g9859.t1,SLC,,G5E8K6,3.23e-6,Monocarboxylate transporter 6 (MCT 6) (Monocarboxylate transporter 5) (MCT 5) (Solute carrier family 16 member 5),,GO:0005886; GO:0015293,plasma membrane [GO:0005886],symporter activity [GO:0015293],Monocarboxylate transporter 6
Pocillopora_acuta_HIv2___RNAseq.g9961.t1,Bhattacharya2016,CFTR,O15439,0,ATP-binding cassette sub-family C member 4 (EC 7.6.2.-) (EC 7.6.2.2) (EC 7.6.2.3) (MRP/cMOAT-related ABC transporter) (Multi-specific organic anion transporter B) (MOAT-B) (Multidrug resistance-associated protein 4),bile acid and bile salt transport [GO:0015721]; cAMP transport [GO:0070730]; cilium assembly [GO:0060271]; export across plasma membrane [GO:0140115]; leukotriene transport [GO:0071716]; platelet degranulation [GO:0002576]; prostaglandin secretion [GO:0032310]; prostaglandin transport [GO:0015732]; transmembrane transport [GO:0055085]; transport across blood-brain barrier [GO:0150104]; urate transport [GO:0015747]; xenobiotic metabolic process [GO:0006805]; xenobiotic transmembrane transport [GO:0006855],GO:0001409; GO:0002576; GO:0005524; GO:0005730; GO:0005794; GO:0005886; GO:0006805; GO:0006855; GO:0008559; GO:0015132; GO:0015143; GO:0015216; GO:0015431; GO:0015432; GO:0015562; GO:0015721; GO:0015732; GO:0015747; GO:0016020; GO:0016323; GO:0016324; GO:0016404; GO:0016887; GO:0031088; GO:0032310; GO:0034634; GO:0042626; GO:0042910; GO:0043225; GO:0043231; GO:0055085; GO:0060271; GO:0070730; GO:0071716; GO:0098591; GO:0140115; GO:0140359; GO:0150104,apical plasma membrane [GO:0016324]; basolateral plasma membrane [GO:0016323]; external side of apical plasma membrane [GO:0098591]; Golgi apparatus [GO:0005794]; intracellular membrane-bounded organelle [GO:0043231]; membrane [GO:0016020]; nucleolus [GO:0005730]; plasma membrane [GO:0005886]; platelet dense granule membrane [GO:0031088],15-hydroxyprostaglandin dehydrogenase (NAD+) activity [GO:0016404]; ABC-type bile acid transporter activity [GO:0015432]; ABC-type glutathione S-conjugate transporter activity [GO:0015431]; ABC-type transporter activity [GO:0140359]; ABC-type xenobiotic transporter activity [GO:0008559]; ATP binding [GO:0005524]; ATP hydrolysis activity [GO:0016887]; ATPase-coupled inorganic anion transmembrane transporter activity [GO:0043225]; ATPase-coupled transmembrane transporter activity [GO:0042626]; efflux transmembrane transporter activity [GO:0015562]; glutathione transmembrane transporter activity [GO:0034634]; guanine nucleotide transmembrane transporter activity [GO:0001409]; prostaglandin transmembrane transporter activity [GO:0015132]; purine nucleotide transmembrane transporter activity [GO:0015216]; urate transmembrane transporter activity [GO:0015143]; xenobiotic transmembrane transporter activity [GO:0042910],CFTR
Pocillopora_acuta_HIv2___TS.10927_t,SLC,,E7EXX2,0,Solute carrier family 41 member 1,chordate embryonic development [GO:0043009]; magnesium ion homeostasis [GO:0010960]; pronephros development [GO:0048793],GO:0005886; GO:0010960; GO:0016323; GO:0043009; GO:0048793; GO:0061768,basolateral plasma membrane [GO:0016323]; plasma membrane [GO:0005886],magnesium:sodium antiporter activity [GO:0061768],Solute carrier family 41 member 1
Pocillopora_acuta_HIv2___TS.g10013.t3,calcium,,Q5R4U9,1.08e-74,Sorcin,calcium ion transport [GO:0006816]; negative regulation of cardiac muscle contraction [GO:0055118]; negative regulation of heart rate [GO:0010459]; positive regulation of release of sequestered calcium ion into cytosol [GO:0051281]; regulation of cardiac muscle cell contraction [GO:0086004]; regulation of cell communication by electrical coupling involved in cardiac conduction [GO:1901844]; regulation of insulin secretion involved in cellular response to glucose stimulus [GO:0061178]; regulation of relaxation of muscle [GO:1901077]; regulation of release of sequestered calcium ion into cytosol by sarcoplasmic reticulum [GO:0010880],GO:0002020; GO:0005509; GO:0005654; GO:0005829; GO:0005886; GO:0006816; GO:0010459; GO:0010880; GO:0030018; GO:0033017; GO:0042584; GO:0046982; GO:0051281; GO:0055118; GO:0061178; GO:0070062; GO:0086004; GO:0140297; GO:0140311; GO:0140416; GO:1901077; GO:1901844,chromaffin granule membrane [GO:0042584]; cytosol [GO:0005829]; extracellular exosome [GO:0070062]; nucleoplasm [GO:0005654]; plasma membrane [GO:0005886]; sarcoplasmic reticulum membrane [GO:0033017]; Z disc [GO:0030018],calcium ion binding [GO:0005509]; DNA-binding transcription factor binding [GO:0140297]; protease binding [GO:0002020]; protein heterodimerization activity [GO:0046982]; protein sequestering activity [GO:0140311]; transcription regulator inhibitor activity [GO:0140416],Sorcin
Pocillopora_acuta_HIv2___TS.g10097.t2,SLC,,Q6GNV7,7.1e-67,Solute carrier family 49 member 4 homolog (Disrupted in renal carcinoma protein 2 homolog),pyridoxine transport [GO:0031923],GO:0005765; GO:0016020; GO:0022857; GO:0031923; GO:0043231,intracellular membrane-bounded organelle [GO:0043231]; lysosomal membrane [GO:0005765]; membrane [GO:0016020],transmembrane transporter activity [GO:0022857],Solute carrier family 49 member 4 homolog
Pocillopora_acuta_HIv2___TS.g10616.t1,SLC,,P31646,0,Sodium- and chloride-dependent GABA transporter 2 (GAT-2) (Solute carrier family 6 member 13),amino acid import across plasma membrane [GO:0089718]; amino acid transport [GO:0006865]; creatine transmembrane transport [GO:0015881]; gamma-aminobutyric acid import [GO:0051939]; monocarboxylic acid transport [GO:0015718]; neurotransmitter transport [GO:0006836]; nitrogen compound transport [GO:0071705]; sodium ion transmembrane transport [GO:0035725]; taurine transmembrane transport [GO:0015734],GO:0005283; GO:0005308; GO:0005332; GO:0005368; GO:0005369; GO:0005886; GO:0006836; GO:0006865; GO:0008028; GO:0015171; GO:0015185; GO:0015718; GO:0015734; GO:0015881; GO:0016323; GO:0016597; GO:0035725; GO:0042995; GO:0051939; GO:0071705; GO:0089718,basolateral plasma membrane [GO:0016323]; cell projection [GO:0042995]; plasma membrane [GO:0005886],amino acid binding [GO:0016597]; amino acid transmembrane transporter activity [GO:0015171]; amino acid:sodium symporter activity [GO:0005283]; creatine transmembrane transporter activity [GO:0005308]; gamma-aminobutyric acid transmembrane transporter activity [GO:0015185]; gamma-aminobutyric acid:sodium:chloride symporter activity [GO:0005332]; monocarboxylic acid transmembrane transporter activity [GO:0008028]; taurine transmembrane transporter activity [GO:0005368]; taurine:sodium symporter activity [GO:0005369],Sodium- and chloride-dependent GABA transporter 2
Pocillopora_acuta_HIv2___TS.g10619.t1,SLC,,Q6DCE3,8.08e-163,"Proton-coupled zinc antiporter SLC30A9, mitochondrial (Solute carrier family 30 member 9) (Zinc transporter 9) (ZnT-9)",intracellular zinc ion homeostasis [GO:0006882]; regulation of mitochondrion organization [GO:0010821]; zinc ion transport [GO:0006829],GO:0005385; GO:0005634; GO:0005783; GO:0006829; GO:0006882; GO:0010821; GO:0015297; GO:0031410; GO:0031966,cytoplasmic vesicle [GO:0031410]; endoplasmic reticulum [GO:0005783]; mitochondrial membrane [GO:0031966]; nucleus [GO:0005634],antiporter activity [GO:0015297]; zinc ion transmembrane transporter activity [GO:0005385],"Proton-coupled zinc antiporter SLC30A9, mitochondrial"
Pocillopora_acuta_HIv2___TS.g10733.t1,SLC,,A5PJX7,9.89e-132,Sodium- and chloride-dependent GABA transporter 2 (GAT-2) (Solute carrier family 6 member 13),amino acid import across plasma membrane [GO:0089718]; amino acid transport [GO:0006865]; neurotransmitter transport [GO:0006836]; sodium ion transmembrane transport [GO:0035725],GO:0005332; GO:0005886; GO:0006836; GO:0006865; GO:0016323; GO:0035725; GO:0042995; GO:0089718,basolateral plasma membrane [GO:0016323]; cell projection [GO:0042995]; plasma membrane [GO:0005886],gamma-aminobutyric acid:sodium:chloride symporter activity [GO:0005332],Sodium- and chloride-dependent GABA transporter 2
Pocillopora_acuta_HIv2___TS.g11056.t1,"calcium, ER_calcium",,Q16611,4.25e-39,Bcl-2 homologous antagonist/killer (Apoptosis regulator BAK) (Bcl-2-like protein 7) (Bcl2-L-7),animal organ regeneration [GO:0031100]; apoptotic process [GO:0006915]; apoptotic process involved in blood vessel morphogenesis [GO:1902262]; apoptotic signaling pathway [GO:0097190]; B cell apoptotic process [GO:0001783]; B cell homeostasis [GO:0001782]; B cell negative selection [GO:0002352]; blood vessel remodeling [GO:0001974]; calcium ion transport into cytosol [GO:0060402]; cellular response to mechanical stimulus [GO:0071260]; cellular response to unfolded protein [GO:0034620]; cellular response to UV [GO:0034644]; endocrine pancreas development [GO:0031018]; endoplasmic reticulum calcium ion homeostasis [GO:0032469]; epithelial cell proliferation [GO:0050673]; establishment of localization in cell [GO:0051649]; establishment or maintenance of transmembrane electrochemical gradient [GO:0010248]; extrinsic apoptotic signaling pathway in absence of ligand [GO:0097192]; fibroblast apoptotic process [GO:0044346]; intrinsic apoptotic signaling pathway [GO:0097193]; intrinsic apoptotic signaling pathway in response to DNA damage [GO:0008630]; intrinsic apoptotic signaling pathway in response to endoplasmic reticulum stress [GO:0070059]; limb morphogenesis [GO:0035108]; mitochondrial fusion [GO:0008053]; myeloid cell homeostasis [GO:0002262]; negative regulation of cell population proliferation [GO:0008285]; negative regulation of endoplasmic reticulum calcium ion concentration [GO:0032471]; negative regulation of gene expression [GO:0010629]; negative regulation of mitochondrial outer membrane permeabilization involved in apoptotic signaling pathway [GO:1901029]; negative regulation of release of cytochrome c from mitochondria [GO:0090201]; positive regulation of apoptotic process [GO:0043065]; positive regulation of calcium ion transport into cytosol [GO:0010524]; positive regulation of IRE1-mediated unfolded protein response [GO:1903896]; positive regulation of mitochondrial outer membrane permeabilization involved in apoptotic signaling pathway [GO:1901030]; positive regulation of protein-containing complex assembly [GO:0031334]; positive regulation of proteolysis [GO:0045862]; positive regulation of release of cytochrome c from mitochondria [GO:0090200]; post-embryonic camera-type eye morphogenesis [GO:0048597]; regulation of cell cycle [GO:0051726]; regulation of mitochondrial membrane permeability [GO:0046902]; regulation of mitochondrial membrane potential [GO:0051881]; release of cytochrome c from mitochondria [GO:0001836]; response to ethanol [GO:0045471]; response to fungus [GO:0009620]; response to gamma radiation [GO:0010332]; response to hydrogen peroxide [GO:0042542]; response to mycotoxin [GO:0010046]; response to UV-C [GO:0010225]; response to xenobiotic stimulus [GO:0009410]; thymocyte apoptotic process [GO:0070242]; vagina development [GO:0060068],GO:0001782; GO:0001783; GO:0001836; GO:0001974; GO:0002262; GO:0002352; GO:0005739; GO:0005741; GO:0005783; GO:0005829; GO:0006915; GO:0008053; GO:0008285; GO:0008630; GO:0009410; GO:0009620; GO:0010046; GO:0010225; GO:0010248; GO:0010332; GO:0010524; GO:0010629; GO:0015267; GO:0015288; GO:0031018; GO:0031072; GO:0031100; GO:0031334; GO:0032469; GO:0032471; GO:0034620; GO:0034644; GO:0035108; GO:0042542; GO:0042802; GO:0042803; GO:0043065; GO:0044325; GO:0044346; GO:0044877; GO:0045471; GO:0045862; GO:0046872; GO:0046902; GO:0046930; GO:0046982; GO:0048597; GO:0050673; GO:0051087; GO:0051400; GO:0051649; GO:0051726; GO:0051881; GO:0060068; GO:0060402; GO:0070059; GO:0070242; GO:0071260; GO:0090200; GO:0090201; GO:0097136; GO:0097145; GO:0097190; GO:0097192; GO:0097193; GO:1901029; GO:1901030; GO:1902262; GO:1903896,BAK complex [GO:0097145]; Bcl-2 family protein complex [GO:0097136]; cytosol [GO:0005829]; endoplasmic reticulum [GO:0005783]; mitochondrial outer membrane [GO:0005741]; mitochondrion [GO:0005739]; pore complex [GO:0046930],BH domain binding [GO:0051400]; channel activity [GO:0015267]; heat shock protein binding [GO:0031072]; identical protein binding [GO:0042802]; metal ion binding [GO:0046872]; porin activity [GO:0015288]; protein heterodimerization activity [GO:0046982]; protein homodimerization activity [GO:0042803]; protein-containing complex binding [GO:0044877]; protein-folding chaperone binding [GO:0051087]; transmembrane transporter binding [GO:0044325],Bcl-2 homologous antagonist/killer
Pocillopora_acuta_HIv2___TS.g11592.t1b,calcium,,P54131,4.65e-84,Neuronal acetylcholine receptor subunit alpha-7 (nAChR7) (Nicotinic acetylcholine receptor subunit alpha-7),"calcium ion transport [GO:0006816]; chemical synaptic transmission [GO:0007268]; cognition [GO:0050890]; intracellular calcium ion homeostasis [GO:0006874]; monoatomic ion transmembrane transport [GO:0034220]; negative regulation of cytokine production involved in inflammatory response [GO:1900016]; negative regulation of tumor necrosis factor production [GO:0032720]; positive regulation of angiogenesis [GO:0045766]; positive regulation of cell population proliferation [GO:0008284]; positive regulation of MAPK cascade [GO:0043410]; regulation of membrane potential [GO:0042391]; response to hypoxia [GO:0001666]; response to nicotine [GO:0035094]; signal transduction [GO:0007165]; synaptic transmission, cholinergic [GO:0007271]",GO:0001540; GO:0001666; GO:0005886; GO:0005892; GO:0006816; GO:0006874; GO:0007165; GO:0007268; GO:0007271; GO:0008284; GO:0015464; GO:0015643; GO:0017081; GO:0022848; GO:0030425; GO:0032720; GO:0034220; GO:0035094; GO:0042166; GO:0042391; GO:0042803; GO:0043005; GO:0043410; GO:0045202; GO:0045211; GO:0045766; GO:0050890; GO:1900016,acetylcholine-gated channel complex [GO:0005892]; dendrite [GO:0030425]; neuron projection [GO:0043005]; plasma membrane [GO:0005886]; postsynaptic membrane [GO:0045211]; synapse [GO:0045202],acetylcholine binding [GO:0042166]; acetylcholine receptor activity [GO:0015464]; acetylcholine-gated monoatomic cation-selective channel activity [GO:0022848]; amyloid-beta binding [GO:0001540]; chloride channel regulator activity [GO:0017081]; protein homodimerization activity [GO:0042803]; toxic substance binding [GO:0015643],Neuronal acetylcholine receptor subunit alpha-7
Pocillopora_acuta_HIv2___TS.g11594.t1,calcium,,P22770,8.7e-76,Neuronal acetylcholine receptor subunit alpha-7 (nAChR7) (Nicotinic acetylcholine receptor subunit alpha-7),"calcium ion transport [GO:0006816]; chemical synaptic transmission [GO:0007268]; cognition [GO:0050890]; intracellular calcium ion homeostasis [GO:0006874]; monoatomic ion transmembrane transport [GO:0034220]; negative regulation of cytokine production involved in inflammatory response [GO:1900016]; negative regulation of tumor necrosis factor production [GO:0032720]; positive regulation of angiogenesis [GO:0045766]; positive regulation of cell population proliferation [GO:0008284]; positive regulation of MAPK cascade [GO:0043410]; regulation of membrane potential [GO:0042391]; response to hypoxia [GO:0001666]; response to nicotine [GO:0035094]; signal transduction [GO:0007165]; synaptic transmission, cholinergic [GO:0007271]",GO:0001540; GO:0001666; GO:0005737; GO:0005886; GO:0005892; GO:0006816; GO:0006874; GO:0007165; GO:0007268; GO:0007271; GO:0008284; GO:0015464; GO:0015643; GO:0017081; GO:0022848; GO:0030424; GO:0030425; GO:0032720; GO:0034220; GO:0035094; GO:0042166; GO:0042391; GO:0042803; GO:0043005; GO:0043204; GO:0043410; GO:0045202; GO:0045211; GO:0045766; GO:0050890; GO:1900016,acetylcholine-gated channel complex [GO:0005892]; axon [GO:0030424]; cytoplasm [GO:0005737]; dendrite [GO:0030425]; neuron projection [GO:0043005]; perikaryon [GO:0043204]; plasma membrane [GO:0005886]; postsynaptic membrane [GO:0045211]; synapse [GO:0045202],acetylcholine binding [GO:0042166]; acetylcholine receptor activity [GO:0015464]; acetylcholine-gated monoatomic cation-selective channel activity [GO:0022848]; amyloid-beta binding [GO:0001540]; chloride channel regulator activity [GO:0017081]; protein homodimerization activity [GO:0042803]; toxic substance binding [GO:0015643],Neuronal acetylcholine receptor subunit alpha-7
Pocillopora_acuta_HIv2___TS.g1170.t1,calcium,,P10608,5.92e-22,Beta-2 adrenergic receptor (Beta-2 adrenoreceptor) (Beta-2 adrenoceptor),"adenylate cyclase-activating adrenergic receptor signaling pathway [GO:0071880]; adenylate cyclase-activating G protein-coupled receptor signaling pathway [GO:0007189]; adrenergic receptor signaling pathway [GO:0071875]; AMPA selective glutamate receptor signaling pathway [GO:0098990]; associative learning [GO:0008306]; bone resorption [GO:0045453]; brown fat cell differentiation [GO:0050873]; cellular response to amyloid-beta [GO:1904646]; cellular response to hypoxia [GO:0071456]; diaphragm contraction [GO:0002086]; diet induced thermogenesis [GO:0002024]; estrous cycle [GO:0044849]; excitatory postsynaptic potential [GO:0060079]; female pregnancy [GO:0007565]; G protein-coupled receptor signaling pathway [GO:0007186]; heat generation [GO:0031649]; liver development [GO:0001889]; liver regeneration [GO:0097421]; negative regulation of angiogenesis [GO:0016525]; negative regulation of G protein-coupled receptor signaling pathway [GO:0045744]; negative regulation of multicellular organism growth [GO:0040015]; negative regulation of ossification [GO:0030279]; negative regulation of smooth muscle contraction [GO:0045986]; negative regulation of urine volume [GO:0035811]; norepinephrine-epinephrine-mediated vasodilation involved in regulation of systemic arterial blood pressure [GO:0002025]; positive regulation of apoptotic process [GO:0043065]; positive regulation of autophagosome maturation [GO:1901098]; positive regulation of bone mineralization [GO:0030501]; positive regulation of calcium ion import across plasma membrane [GO:1905665]; positive regulation of cAMP/PKA signal transduction [GO:0141163]; positive regulation of cell population proliferation [GO:0008284]; positive regulation of cold-induced thermogenesis [GO:0120162]; positive regulation of lipophagy [GO:1904504]; positive regulation of MAPK cascade [GO:0043410]; positive regulation of mini excitatory postsynaptic potential [GO:0061885]; positive regulation of potassium ion transport [GO:0043268]; positive regulation of skeletal muscle tissue growth [GO:0048633]; positive regulation of sodium ion transport [GO:0010765]; positive regulation of the force of heart contraction by epinephrine [GO:0003059]; positive regulation of transcription by RNA polymerase II [GO:0045944]; presynaptic modulation of chemical synaptic transmission [GO:0099171]; receptor-mediated endocytosis [GO:0006898]; regulation of calcium ion transport [GO:0051924]; regulation of sodium ion transport [GO:0002028]; regulation of systemic arterial blood pressure by norepinephrine-epinephrine [GO:0001993]; response to catecholamine [GO:0071869]; response to cold [GO:0009409]; response to dexamethasone [GO:0071548]; response to estrogen [GO:0043627]; response to hypoxia [GO:0001666]; response to monoamine [GO:0071867]; response to progesterone [GO:0032570]; response to testosterone [GO:0033574]; smooth muscle contraction [GO:0006939]; synaptic transmission, glutamatergic [GO:0035249]; transcription by RNA polymerase II [GO:0006366]; vasodilation [GO:0042311]",GO:0001540; GO:0001666; GO:0001889; GO:0001965; GO:0001993; GO:0002024; GO:0002025; GO:0002028; GO:0002086; GO:0003059; GO:0004941; GO:0005634; GO:0005768; GO:0005769; GO:0005794; GO:0005886; GO:0005901; GO:0006366; GO:0006898; GO:0006939; GO:0007186; GO:0007189; GO:0007565; GO:0008179; GO:0008284; GO:0008306; GO:0009409; GO:0010765; GO:0015459; GO:0016020; GO:0016324; GO:0016525; GO:0019899; GO:0030165; GO:0030279; GO:0030424; GO:0030425; GO:0030501; GO:0031649; GO:0031713; GO:0032570; GO:0032809; GO:0033574; GO:0035249; GO:0035255; GO:0035811; GO:0040015; GO:0042311; GO:0042383; GO:0042802; GO:0042803; GO:0043065; GO:0043197; GO:0043235; GO:0043268; GO:0043410; GO:0043627; GO:0044849; GO:0044877; GO:0045211; GO:0045453; GO:0045744; GO:0045944; GO:0045986; GO:0048633; GO:0050873; GO:0051379; GO:0051380; GO:0051721; GO:0051924; GO:0060079; GO:0061885; GO:0071456; GO:0071548; GO:0071867; GO:0071869; GO:0071875; GO:0071880; GO:0090722; GO:0097421; GO:0098685; GO:0098793; GO:0098978; GO:0098990; GO:0098992; GO:0099171; GO:0120162; GO:0141163; GO:1901098; GO:1904504; GO:1904646; GO:1905665,apical plasma membrane [GO:0016324]; axon [GO:0030424]; caveola [GO:0005901]; dendrite [GO:0030425]; dendritic spine [GO:0043197]; early endosome [GO:0005769]; endosome [GO:0005768]; glutamatergic synapse [GO:0098978]; Golgi apparatus [GO:0005794]; membrane [GO:0016020]; neuronal cell body membrane [GO:0032809]; neuronal dense core vesicle [GO:0098992]; nucleus [GO:0005634]; plasma membrane [GO:0005886]; postsynaptic membrane [GO:0045211]; presynapse [GO:0098793]; receptor complex [GO:0043235]; sarcolemma [GO:0042383]; Schaffer collateral - CA1 synapse [GO:0098685],adenylate cyclase binding [GO:0008179]; amyloid-beta binding [GO:0001540]; B2 bradykinin receptor binding [GO:0031713]; beta2-adrenergic receptor activity [GO:0004941]; enzyme binding [GO:0019899]; epinephrine binding [GO:0051379]; G-protein alpha-subunit binding [GO:0001965]; identical protein binding [GO:0042802]; ionotropic glutamate receptor binding [GO:0035255]; norepinephrine binding [GO:0051380]; PDZ domain binding [GO:0030165]; potassium channel regulator activity [GO:0015459]; protein homodimerization activity [GO:0042803]; protein phosphatase 2A binding [GO:0051721]; protein-containing complex binding [GO:0044877]; receptor-receptor interaction [GO:0090722],Beta-2 adrenergic receptor
Pocillopora_acuta_HIv2___TS.g11769.t1,"TRP, calcium, Bhattacharya2016",PKD2,Q4GZT3,0,Polycystin-2 (Polycystic kidney disease 2 protein homolog) (Transient receptor potential cation channel subfamily P member 2),calcium ion transmembrane transport [GO:0070588]; calcium ion transport [GO:0006816]; cell surface receptor signaling pathway [GO:0007166]; cellular response to calcium ion [GO:0071277]; detection of mechanical stimulus [GO:0050982]; inorganic cation transmembrane transport [GO:0098662]; potassium ion transmembrane transport [GO:0071805]; potassium ion transport [GO:0006813]; protein heterotetramerization [GO:0051290]; protein tetramerization [GO:0051262]; release of sequestered calcium ion into cytosol [GO:0051209]; sodium ion transport [GO:0006814],GO:0002133; GO:0005102; GO:0005245; GO:0005248; GO:0005261; GO:0005262; GO:0005267; GO:0005509; GO:0005783; GO:0005789; GO:0005794; GO:0005886; GO:0005929; GO:0006813; GO:0006814; GO:0006816; GO:0007166; GO:0015271; GO:0016020; GO:0016323; GO:0030659; GO:0034703; GO:0050982; GO:0051209; GO:0051262; GO:0051290; GO:0051371; GO:0060170; GO:0070062; GO:0070588; GO:0071277; GO:0071805; GO:0098662; GO:0140494,basolateral plasma membrane [GO:0016323]; cation channel complex [GO:0034703]; ciliary membrane [GO:0060170]; cilium [GO:0005929]; cytoplasmic vesicle membrane [GO:0030659]; endoplasmic reticulum [GO:0005783]; endoplasmic reticulum membrane [GO:0005789]; extracellular exosome [GO:0070062]; Golgi apparatus [GO:0005794]; membrane [GO:0016020]; migrasome [GO:0140494]; plasma membrane [GO:0005886]; polycystin complex [GO:0002133],calcium channel activity [GO:0005262]; calcium ion binding [GO:0005509]; monoatomic cation channel activity [GO:0005261]; muscle alpha-actinin binding [GO:0051371]; outward rectifier potassium channel activity [GO:0015271]; potassium channel activity [GO:0005267]; signaling receptor binding [GO:0005102]; voltage-gated calcium channel activity [GO:0005245]; voltage-gated sodium channel activity [GO:0005248],PKD2
Pocillopora_acuta_HIv2___TS.g11770.t1,Bhattacharya2016,ATP6AP1,P40682,9.75e-35,V-type proton ATPase subunit S1 (V-ATPase subunit S1) (V-ATPase Ac45 subunit) (V-ATPase S1 accessory protein) (Vacuolar proton pump subunit S1),cellular response to increased oxygen levels [GO:0036295]; intracellular iron ion homeostasis [GO:0006879]; proton transmembrane transport [GO:1902600]; regulation of cellular pH [GO:0030641],GO:0001671; GO:0005789; GO:0006879; GO:0030641; GO:0030665; GO:0030672; GO:0033116; GO:0033176; GO:0036295; GO:1902600,clathrin-coated vesicle membrane [GO:0030665]; endoplasmic reticulum membrane [GO:0005789]; endoplasmic reticulum-Golgi intermediate compartment membrane [GO:0033116]; proton-transporting V-type ATPase complex [GO:0033176]; synaptic vesicle membrane [GO:0030672],ATPase activator activity [GO:0001671],ATP6AP1
Pocillopora_acuta_HIv2___TS.g13518.t2c,calcium,,Q8CFG5,9.93e-117,Voltage-dependent calcium channel subunit alpha-2/delta-3 (Voltage-gated calcium channel subunit alpha-2/delta-3) [Cleaved into: Voltage-dependent calcium channel subunit alpha-2-3; Voltage-dependent calcium channel subunit delta-3],calcium ion transport [GO:0006816]; cellular response to insulin-like growth factor stimulus [GO:1990314]; regulation of presynapse organization [GO:0099174],GO:0005245; GO:0005246; GO:0005891; GO:0006816; GO:0046872; GO:0048787; GO:0098982; GO:0099174; GO:1990314,GABA-ergic synapse [GO:0098982]; presynaptic active zone membrane [GO:0048787]; voltage-gated calcium channel complex [GO:0005891],calcium channel regulator activity [GO:0005246]; metal ion binding [GO:0046872]; voltage-gated calcium channel activity [GO:0005245],Voltage-dependent calcium channel subunit alpha-2/delta-3
Pocillopora_acuta_HIv2___TS.g13835.t1,SLC,,Q3U9N9,3.73e-39,Monocarboxylate transporter 10 (MCT 10) (Aromatic amino acid transporter 1) (Solute carrier family 16 member 10) (T-type amino acid transporter 1),aromatic amino acid transport [GO:0015801]; thyroid hormone generation [GO:0006590]; thyroid hormone transport [GO:0070327]; thyroid-stimulating hormone secretion [GO:0070460],GO:0005302; GO:0006590; GO:0015173; GO:0015192; GO:0015196; GO:0015349; GO:0015801; GO:0016323; GO:0030054; GO:0043231; GO:0070327; GO:0070460,basolateral plasma membrane [GO:0016323]; cell junction [GO:0030054]; intracellular membrane-bounded organelle [GO:0043231],aromatic amino acid transmembrane transporter activity [GO:0015173]; L-phenylalanine transmembrane transporter activity [GO:0015192]; L-tryptophan transmembrane transporter activity [GO:0015196]; L-tyrosine transmembrane transporter activity [GO:0005302]; thyroid hormone transmembrane transporter activity [GO:0015349],Monocarboxylate transporter 10
Pocillopora_acuta_HIv2___TS.g13840.t1,SLC,,Q91Y77,1.38e-33,Monocarboxylate transporter 10 (MCT 10) (Aromatic amino acid transporter 1) (Solute carrier family 16 member 10) (T-type amino acid transporter 1),aromatic amino acid transport [GO:0015801]; thyroid hormone generation [GO:0006590]; thyroid hormone transport [GO:0070327]; thyroid-stimulating hormone secretion [GO:0070460],GO:0005302; GO:0005886; GO:0006590; GO:0015173; GO:0015192; GO:0015196; GO:0015349; GO:0015801; GO:0016323; GO:0022857; GO:0030054; GO:0043231; GO:0070327; GO:0070460,basolateral plasma membrane [GO:0016323]; cell junction [GO:0030054]; intracellular membrane-bounded organelle [GO:0043231]; plasma membrane [GO:0005886],aromatic amino acid transmembrane transporter activity [GO:0015173]; L-phenylalanine transmembrane transporter activity [GO:0015192]; L-tryptophan transmembrane transporter activity [GO:0015196]; L-tyrosine transmembrane transporter activity [GO:0005302]; thyroid hormone transmembrane transporter activity [GO:0015349]; transmembrane transporter activity [GO:0022857],Monocarboxylate transporter 10
Pocillopora_acuta_HIv2___TS.g13841.t1,SLC,,Q91Y77,6.82e-39,Monocarboxylate transporter 10 (MCT 10) (Aromatic amino acid transporter 1) (Solute carrier family 16 member 10) (T-type amino acid transporter 1),aromatic amino acid transport [GO:0015801]; thyroid hormone generation [GO:0006590]; thyroid hormone transport [GO:0070327]; thyroid-stimulating hormone secretion [GO:0070460],GO:0005302; GO:0005886; GO:0006590; GO:0015173; GO:0015192; GO:0015196; GO:0015349; GO:0015801; GO:0016323; GO:0022857; GO:0030054; GO:0043231; GO:0070327; GO:0070460,basolateral plasma membrane [GO:0016323]; cell junction [GO:0030054]; intracellular membrane-bounded organelle [GO:0043231]; plasma membrane [GO:0005886],aromatic amino acid transmembrane transporter activity [GO:0015173]; L-phenylalanine transmembrane transporter activity [GO:0015192]; L-tryptophan transmembrane transporter activity [GO:0015196]; L-tyrosine transmembrane transporter activity [GO:0005302]; thyroid hormone transmembrane transporter activity [GO:0015349]; transmembrane transporter activity [GO:0022857],Monocarboxylate transporter 10
Pocillopora_acuta_HIv2___TS.g13986.t1,TRP,,Q9QX29,9.86e-72,Short transient receptor potential channel 5 (TrpC5) (Capacitative calcium entry channel 2) (CCE2) (Transient receptor protein 5) (TRP-5) (mTRP5) (Trp-related protein 5),negative regulation of dendrite morphogenesis [GO:0050774]; neuron apoptotic process [GO:0051402]; neuron differentiation [GO:0030182]; phosphatidylserine exposure on apoptotic cell surface [GO:0070782]; positive regulation of axon extension [GO:0045773]; positive regulation of cell population proliferation [GO:0008284]; positive regulation of cytosolic calcium ion concentration [GO:0007204]; positive regulation of neuron differentiation [GO:0045666]; regulation of membrane hyperpolarization [GO:1902630],GO:0003779; GO:0005262; GO:0005886; GO:0007204; GO:0008284; GO:0030182; GO:0030276; GO:0030425; GO:0030426; GO:0034704; GO:0042805; GO:0043025; GO:0045666; GO:0045773; GO:0050774; GO:0051117; GO:0051402; GO:0070679; GO:0070782; GO:0098793; GO:1902630,calcium channel complex [GO:0034704]; dendrite [GO:0030425]; growth cone [GO:0030426]; neuronal cell body [GO:0043025]; plasma membrane [GO:0005886]; presynapse [GO:0098793],"actin binding [GO:0003779]; actinin binding [GO:0042805]; ATPase binding [GO:0051117]; calcium channel activity [GO:0005262]; clathrin binding [GO:0030276]; inositol 1,4,5 trisphosphate binding [GO:0070679]",Short transient receptor potential channel 5
Pocillopora_acuta_HIv2___TS.g14023.t3,TRP,,O62826,1.52e-17,Short transient receptor potential channel 2 homolog (TrpC2) (Transient receptor protein 2) (TRP-2) (bTrp2),calcium ion transmembrane transport [GO:0070588]; regulation of cytosolic calcium ion concentration [GO:0051480]; single fertilization [GO:0007338],GO:0005886; GO:0007338; GO:0015279; GO:0034703; GO:0051480; GO:0070588; GO:0070679,cation channel complex [GO:0034703]; plasma membrane [GO:0005886],"inositol 1,4,5 trisphosphate binding [GO:0070679]; store-operated calcium channel activity [GO:0015279]",Short transient receptor potential channel 2 homolog
Pocillopora_acuta_HIv2___TS.g14046.t1,SLC,,Q6GNV7,9.14e-90,Solute carrier family 49 member 4 homolog (Disrupted in renal carcinoma protein 2 homolog),pyridoxine transport [GO:0031923],GO:0005765; GO:0016020; GO:0022857; GO:0031923; GO:0043231,intracellular membrane-bounded organelle [GO:0043231]; lysosomal membrane [GO:0005765]; membrane [GO:0016020],transmembrane transporter activity [GO:0022857],Solute carrier family 49 member 4 homolog
Pocillopora_acuta_HIv2___TS.g14315.t1b,SLC,,Q6A4L1,0,Solute carrier family 12 member 8,cell volume homeostasis [GO:0006884]; chloride ion homeostasis [GO:0055064]; chloride transmembrane transport [GO:1902476]; potassium ion homeostasis [GO:0055075]; potassium ion import across plasma membrane [GO:1990573],GO:0006884; GO:0015379; GO:0016020; GO:0055064; GO:0055075; GO:1902476; GO:1990573,membrane [GO:0016020],potassium:chloride symporter activity [GO:0015379],Solute carrier family 12 member 8
Pocillopora_acuta_HIv2___TS.g14497.t1b,calcium,,Q01484,4.65e-85,Ankyrin-2 (ANK-2) (Ankyrin-B) (Brain ankyrin) (Non-erythroid ankyrin),atrial cardiac muscle cell action potential [GO:0086014]; atrial cardiac muscle cell to AV node cell communication [GO:0086066]; atrial septum development [GO:0003283]; endocytosis [GO:0006897]; intracellular calcium ion homeostasis [GO:0006874]; membrane depolarization during SA node cell action potential [GO:0086046]; paranodal junction assembly [GO:0030913]; positive regulation of calcium ion transport [GO:0051928]; positive regulation of gene expression [GO:0010628]; positive regulation of potassium ion import across plasma membrane [GO:1903288]; protein localization [GO:0008104]; protein localization to cell surface [GO:0034394]; protein localization to endoplasmic reticulum [GO:0070972]; protein localization to M-band [GO:0036309]; protein localization to organelle [GO:0033365]; protein localization to plasma membrane [GO:0072659]; protein localization to T-tubule [GO:0036371]; protein stabilization [GO:0050821]; protein transport [GO:0015031]; regulation of atrial cardiac muscle cell action potential [GO:0098910]; regulation of calcium ion transport [GO:0051924]; regulation of cardiac muscle cell contraction [GO:0086004]; regulation of cardiac muscle contraction [GO:0055117]; regulation of cardiac muscle contraction by calcium ion signaling [GO:0010882]; regulation of cardiac muscle contraction by regulation of the release of sequestered calcium ion [GO:0010881]; regulation of heart rate [GO:0002027]; regulation of heart rate by cardiac conduction [GO:0086091]; regulation of protein stability [GO:0031647]; regulation of release of sequestered calcium ion into cytosol [GO:0051279]; regulation of SA node cell action potential [GO:0098907]; regulation of ventricular cardiac muscle cell membrane repolarization [GO:0060307]; response to methylmercury [GO:0051597]; SA node cell action potential [GO:0086015]; SA node cell to atrial cardiac muscle cell communication [GO:0086070]; sarcoplasmic reticulum calcium ion transport [GO:0070296]; T-tubule organization [GO:0033292]; ventricular cardiac muscle cell action potential [GO:0086005],GO:0002027; GO:0003283; GO:0005200; GO:0005739; GO:0005764; GO:0005769; GO:0005829; GO:0005856; GO:0005886; GO:0006874; GO:0006897; GO:0008093; GO:0008104; GO:0010628; GO:0010881; GO:0010882; GO:0014704; GO:0015031; GO:0016323; GO:0016324; GO:0019899; GO:0019901; GO:0030018; GO:0030315; GO:0030507; GO:0030674; GO:0030913; GO:0031430; GO:0031647; GO:0031672; GO:0033292; GO:0033365; GO:0034394; GO:0036309; GO:0036371; GO:0042383; GO:0043005; GO:0043034; GO:0044325; GO:0045211; GO:0050821; GO:0051117; GO:0051279; GO:0051597; GO:0051924; GO:0051928; GO:0055037; GO:0055117; GO:0060307; GO:0070296; GO:0070972; GO:0072659; GO:0086004; GO:0086005; GO:0086014; GO:0086015; GO:0086046; GO:0086066; GO:0086070; GO:0086091; GO:0098907; GO:0098910; GO:0099103; GO:0099104; GO:0140031; GO:1903288,A band [GO:0031672]; apical plasma membrane [GO:0016324]; basolateral plasma membrane [GO:0016323]; costamere [GO:0043034]; cytoskeleton [GO:0005856]; cytosol [GO:0005829]; early endosome [GO:0005769]; intercalated disc [GO:0014704]; lysosome [GO:0005764]; M band [GO:0031430]; mitochondrion [GO:0005739]; neuron projection [GO:0043005]; plasma membrane [GO:0005886]; postsynaptic membrane [GO:0045211]; recycling endosome [GO:0055037]; sarcolemma [GO:0042383]; T-tubule [GO:0030315]; Z disc [GO:0030018],ATPase binding [GO:0051117]; channel activator activity [GO:0099103]; cytoskeletal anchor activity [GO:0008093]; enzyme binding [GO:0019899]; phosphorylation-dependent protein binding [GO:0140031]; potassium channel activator activity [GO:0099104]; protein kinase binding [GO:0019901]; protein-macromolecule adaptor activity [GO:0030674]; spectrin binding [GO:0030507]; structural constituent of cytoskeleton [GO:0005200]; transmembrane transporter binding [GO:0044325],Ankyrin-2
Pocillopora_acuta_HIv2___TS.g14552.t1,calcium,,P58365,0,Cadherin-23 (Otocadherin),adult locomotory behavior [GO:0008344]; auditory receptor cell stereocilium organization [GO:0060088]; calcium ion transport [GO:0006816]; cell-cell adhesion [GO:0098609]; cochlea development [GO:0090102]; equilibrioception [GO:0050957]; homophilic cell adhesion via plasma membrane adhesion molecules [GO:0007156]; inner ear auditory receptor cell differentiation [GO:0042491]; inner ear development [GO:0048839]; inner ear morphogenesis [GO:0042472]; inner ear receptor cell stereocilium organization [GO:0060122]; locomotory behavior [GO:0007626]; photoreceptor cell maintenance [GO:0045494]; regulation of cytosolic calcium ion concentration [GO:0051480]; righting reflex [GO:0060013]; sensory perception of light stimulus [GO:0050953]; sensory perception of sound [GO:0007605],GO:0001917; GO:0005509; GO:0005813; GO:0005886; GO:0005911; GO:0006816; GO:0007156; GO:0007605; GO:0007626; GO:0008344; GO:0032420; GO:0032426; GO:0042472; GO:0042491; GO:0045177; GO:0045202; GO:0045494; GO:0048839; GO:0050953; GO:0050957; GO:0051480; GO:0060013; GO:0060088; GO:0060091; GO:0060122; GO:0090102; GO:0098609; GO:0098683; GO:0098684,apical part of cell [GO:0045177]; cell-cell junction [GO:0005911]; centrosome [GO:0005813]; cochlear hair cell ribbon synapse [GO:0098683]; kinocilium [GO:0060091]; photoreceptor inner segment [GO:0001917]; photoreceptor ribbon synapse [GO:0098684]; plasma membrane [GO:0005886]; stereocilium [GO:0032420]; stereocilium tip [GO:0032426]; synapse [GO:0045202],calcium ion binding [GO:0005509],Cadherin-23
Pocillopora_acuta_HIv2___TS.g14900.t1,SLC,,Q9EPR4,7.15e-15,Solute carrier family 23 member 2 (Na(+)/L-ascorbic acid transporter 2) (Sodium-dependent vitamin C transporter 2) (SVCT-2) (mSVCT2) (Yolk sac permease-like molecule 2),blood circulation [GO:0008015]; cell adhesion [GO:0007155]; cellular response to ethanol [GO:0071361]; L-ascorbic acid metabolic process [GO:0019852]; L-ascorbic acid transmembrane transport [GO:0015882]; positive regulation of dendrite extension [GO:1903861]; response to oxidative stress [GO:0006979],GO:0005737; GO:0006979; GO:0007155; GO:0008015; GO:0008520; GO:0009925; GO:0015229; GO:0015882; GO:0016323; GO:0016324; GO:0019852; GO:0071361; GO:1903861,apical plasma membrane [GO:0016324]; basal plasma membrane [GO:0009925]; basolateral plasma membrane [GO:0016323]; cytoplasm [GO:0005737],L-ascorbate:sodium symporter activity [GO:0008520]; L-ascorbic acid transmembrane transporter activity [GO:0015229],Solute carrier family 23 member 2
Pocillopora_acuta_HIv2___TS.g15134.t1,Mechanosensory,,Q27433,1.32e-128,Mechanosensory protein 2,detection of mechanical stimulus involved in sensory perception of touch [GO:0050976]; mechanosensory behavior [GO:0007638]; positive regulation of detection of mechanical stimulus involved in sensory perception of touch [GO:1905789]; positive regulation of mechanosensory behavior [GO:1905792]; potassium ion transport [GO:0006813]; response to mechanical stimulus [GO:0009612],GO:0005272; GO:0005886; GO:0006813; GO:0007638; GO:0009612; GO:0015485; GO:0032589; GO:0043005; GO:0050976; GO:1905789; GO:1905792,neuron projection [GO:0043005]; neuron projection membrane [GO:0032589]; plasma membrane [GO:0005886],cholesterol binding [GO:0015485]; sodium channel activity [GO:0005272],Mechanosensory protein 2
Pocillopora_acuta_HIv2___TS.g15135.t1,Mechanosensory,,Q27433,2.2e-134,Mechanosensory protein 2,detection of mechanical stimulus involved in sensory perception of touch [GO:0050976]; mechanosensory behavior [GO:0007638]; positive regulation of detection of mechanical stimulus involved in sensory perception of touch [GO:1905789]; positive regulation of mechanosensory behavior [GO:1905792]; potassium ion transport [GO:0006813]; response to mechanical stimulus [GO:0009612],GO:0005272; GO:0005886; GO:0006813; GO:0007638; GO:0009612; GO:0015485; GO:0032589; GO:0043005; GO:0050976; GO:1905789; GO:1905792,neuron projection [GO:0043005]; neuron projection membrane [GO:0032589]; plasma membrane [GO:0005886],cholesterol binding [GO:0015485]; sodium channel activity [GO:0005272],Mechanosensory protein 2
Pocillopora_acuta_HIv2___TS.g15329.t1,SLC,,D3Z5L6,2.66e-57,MFS-type transporter SLC18B1 (Solute carrier family 18 member B1) (Vesicular polyamine transporter) (VPAT),serotonin uptake [GO:0051610]; spermidine transport [GO:0015848]; spermine transport [GO:0000296],GO:0000296; GO:0015311; GO:0015312; GO:0015848; GO:0030667; GO:0030672; GO:0051610,secretory granule membrane [GO:0030667]; synaptic vesicle membrane [GO:0030672],monoamine:proton antiporter activity [GO:0015311]; polyamine:proton antiporter activity [GO:0015312],MFS-type transporter SLC18B1
Pocillopora_acuta_HIv2___TS.g15335.t1,SLC,,Q6NT16,1.02e-47,MFS-type transporter SLC18B1 (Solute carrier family 18 member B1) (Vesicular polyamine transporter) (VPAT),serotonin uptake [GO:0051610]; spermidine transport [GO:0015848]; spermine transport [GO:0000296],GO:0000296; GO:0015311; GO:0015312; GO:0015848; GO:0022857; GO:0030667; GO:0030672; GO:0051610,secretory granule membrane [GO:0030667]; synaptic vesicle membrane [GO:0030672],monoamine:proton antiporter activity [GO:0015311]; polyamine:proton antiporter activity [GO:0015312]; transmembrane transporter activity [GO:0022857],MFS-type transporter SLC18B1
Pocillopora_acuta_HIv2___TS.g15336.t1,SLC,,D3Z5L6,1.35e-46,MFS-type transporter SLC18B1 (Solute carrier family 18 member B1) (Vesicular polyamine transporter) (VPAT),serotonin uptake [GO:0051610]; spermidine transport [GO:0015848]; spermine transport [GO:0000296],GO:0000296; GO:0015311; GO:0015312; GO:0015848; GO:0030667; GO:0030672; GO:0051610,secretory granule membrane [GO:0030667]; synaptic vesicle membrane [GO:0030672],monoamine:proton antiporter activity [GO:0015311]; polyamine:proton antiporter activity [GO:0015312],MFS-type transporter SLC18B1
Pocillopora_acuta_HIv2___TS.g15410.t1,SLC,,Q5ZIG3,1.15e-92,Mitochondrial outer membrane protein SLC25A46 (Solute carrier family 25 member 46),axon development [GO:0061564]; cristae formation [GO:0042407]; mitochondrial fission [GO:0000266]; mitochondrial membrane fission [GO:0090149]; phospholipid homeostasis [GO:0055091]; respiratory chain complex IV assembly [GO:0008535],GO:0000266; GO:0005741; GO:0008535; GO:0042407; GO:0044877; GO:0055091; GO:0061564; GO:0090149,mitochondrial outer membrane [GO:0005741],protein-containing complex binding [GO:0044877],Mitochondrial outer membrane protein SLC25A46
Pocillopora_acuta_HIv2___TS.g15618.t1,TRP,,A0A1D5PXA5,4.65e-7,Transient receptor potential cation channel subfamily V member 4 (TrpV4) (Vanilloid receptor-related osmotically activated channel) (VR-OAC),actin filament organization [GO:0007015]; calcium ion import across plasma membrane [GO:0098703]; intracellular calcium ion homeostasis [GO:0006874]; osmosensory signaling pathway [GO:0007231],GO:0005261; GO:0005262; GO:0005516; GO:0005524; GO:0005886; GO:0005912; GO:0005929; GO:0006874; GO:0007015; GO:0007231; GO:0008289; GO:0016324; GO:0017124; GO:0035091; GO:0046872; GO:0098703,adherens junction [GO:0005912]; apical plasma membrane [GO:0016324]; cilium [GO:0005929]; plasma membrane [GO:0005886],ATP binding [GO:0005524]; calcium channel activity [GO:0005262]; calmodulin binding [GO:0005516]; lipid binding [GO:0008289]; metal ion binding [GO:0046872]; monoatomic cation channel activity [GO:0005261]; phosphatidylinositol binding [GO:0035091]; SH3 domain binding [GO:0017124],Transient receptor potential cation channel subfamily V member 4
Pocillopora_acuta_HIv2___TS.g15747.t3c,SLC,,Q6DE75,1.23e-97,Mitochondrial glycine transporter (Solute carrier family 25 member 38),erythrocyte differentiation [GO:0030218]; glycine import into mitochondrion [GO:1904983],GO:0005739; GO:0005743; GO:0015187; GO:0030218; GO:1904983,mitochondrial inner membrane [GO:0005743]; mitochondrion [GO:0005739],glycine transmembrane transporter activity [GO:0015187],Mitochondrial glycine transporter
Pocillopora_acuta_HIv2___TS.g15906.t1,calcium,,P22770,3.46e-83,Neuronal acetylcholine receptor subunit alpha-7 (nAChR7) (Nicotinic acetylcholine receptor subunit alpha-7),"calcium ion transport [GO:0006816]; chemical synaptic transmission [GO:0007268]; cognition [GO:0050890]; intracellular calcium ion homeostasis [GO:0006874]; monoatomic ion transmembrane transport [GO:0034220]; negative regulation of cytokine production involved in inflammatory response [GO:1900016]; negative regulation of tumor necrosis factor production [GO:0032720]; positive regulation of angiogenesis [GO:0045766]; positive regulation of cell population proliferation [GO:0008284]; positive regulation of MAPK cascade [GO:0043410]; regulation of membrane potential [GO:0042391]; response to hypoxia [GO:0001666]; response to nicotine [GO:0035094]; signal transduction [GO:0007165]; synaptic transmission, cholinergic [GO:0007271]",GO:0001540; GO:0001666; GO:0005737; GO:0005886; GO:0005892; GO:0006816; GO:0006874; GO:0007165; GO:0007268; GO:0007271; GO:0008284; GO:0015464; GO:0015643; GO:0017081; GO:0022848; GO:0030424; GO:0030425; GO:0032720; GO:0034220; GO:0035094; GO:0042166; GO:0042391; GO:0042803; GO:0043005; GO:0043204; GO:0043410; GO:0045202; GO:0045211; GO:0045766; GO:0050890; GO:1900016,acetylcholine-gated channel complex [GO:0005892]; axon [GO:0030424]; cytoplasm [GO:0005737]; dendrite [GO:0030425]; neuron projection [GO:0043005]; perikaryon [GO:0043204]; plasma membrane [GO:0005886]; postsynaptic membrane [GO:0045211]; synapse [GO:0045202],acetylcholine binding [GO:0042166]; acetylcholine receptor activity [GO:0015464]; acetylcholine-gated monoatomic cation-selective channel activity [GO:0022848]; amyloid-beta binding [GO:0001540]; chloride channel regulator activity [GO:0017081]; protein homodimerization activity [GO:0042803]; toxic substance binding [GO:0015643],Neuronal acetylcholine receptor subunit alpha-7
Pocillopora_acuta_HIv2___TS.g15926.t1,SLC,,Q29RM1,7.84e-105,Mitochondrial thiamine pyrophosphate carrier (Solute carrier family 25 member 19),thiamine diphosphate biosynthetic process [GO:0009229]; thiamine pyrophosphate transmembrane transport [GO:0030974],GO:0005739; GO:0005743; GO:0009229; GO:0015234; GO:0015297; GO:0030974; GO:0090422,mitochondrial inner membrane [GO:0005743]; mitochondrion [GO:0005739],antiporter activity [GO:0015297]; thiamine pyrophosphate transmembrane transporter activity [GO:0090422]; thiamine transmembrane transporter activity [GO:0015234],Mitochondrial thiamine pyrophosphate carrier
Pocillopora_acuta_HIv2___TS.g16421.t1,Bhattacharya2016,ASIC3,Q16515,6.17e-86,"Acid-sensing ion channel 2 (ASIC2) (Amiloride-sensitive cation channel 1, neuronal) (Amiloride-sensitive cation channel neuronal 1) (Brain sodium channel 1) (BNC1) (BNaC1) (Mammalian degenerin homolog) (MDEG)",cellular response to acidic pH [GO:0071468]; cellular response to xenobiotic stimulus [GO:0071466]; detection of mechanical stimulus involved in sensory perception [GO:0050974]; establishment of localization in cell [GO:0051649]; negative regulation of apoptotic process [GO:0043066]; phototransduction [GO:0007602]; positive regulation of synapse assembly [GO:0051965]; protein localization to synapse [GO:0035418]; regulation of membrane potential [GO:0042391]; regulation of monoatomic ion transmembrane transport [GO:0034765]; regulation of postsynapse assembly [GO:0150052]; regulation of systemic arterial blood pressure by aortic arch baroreceptor feedback [GO:0003026]; regulation of vasoconstriction [GO:0019229]; sensory perception of sound [GO:0007605]; sensory perception of sour taste [GO:0050915]; sodium ion transmembrane transport [GO:0035725]; synapse assembly [GO:0007416],GO:0003026; GO:0005248; GO:0005886; GO:0007416; GO:0007602; GO:0007605; GO:0015280; GO:0019229; GO:0022839; GO:0034765; GO:0035418; GO:0035725; GO:0042391; GO:0043025; GO:0043066; GO:0043197; GO:0050915; GO:0050974; GO:0051649; GO:0051965; GO:0071466; GO:0071468; GO:0098839; GO:0150052; GO:0160125,dendritic spine [GO:0043197]; neuronal cell body [GO:0043025]; plasma membrane [GO:0005886]; postsynaptic density membrane [GO:0098839],ligand-gated sodium channel activity [GO:0015280]; monoatomic ion-gated channel activity [GO:0022839]; pH-gated sodium channel activity [GO:0160125]; voltage-gated sodium channel activity [GO:0005248],ASIC3
Pocillopora_acuta_HIv2___TS.g16482.t1,SLC,,P31649,0,Sodium- and chloride-dependent GABA transporter 2 (GAT-2) (Sodium- and chloride-dependent GABA transporter 3) (GAT-3) (Solute carrier family 6 member 13),amino acid import across plasma membrane [GO:0089718]; gamma-aminobutyric acid import [GO:0051939]; neurotransmitter transport [GO:0006836]; taurine transmembrane transport [GO:0015734],GO:0005283; GO:0005308; GO:0005332; GO:0005369; GO:0005886; GO:0006836; GO:0015734; GO:0016323; GO:0016597; GO:0051939; GO:0089718,basolateral plasma membrane [GO:0016323]; plasma membrane [GO:0005886],amino acid binding [GO:0016597]; amino acid:sodium symporter activity [GO:0005283]; creatine transmembrane transporter activity [GO:0005308]; gamma-aminobutyric acid:sodium:chloride symporter activity [GO:0005332]; taurine:sodium symporter activity [GO:0005369],Sodium- and chloride-dependent GABA transporter 2
Pocillopora_acuta_HIv2___TS.g16484.t1,SLC,,P31649,0,Sodium- and chloride-dependent GABA transporter 2 (GAT-2) (Sodium- and chloride-dependent GABA transporter 3) (GAT-3) (Solute carrier family 6 member 13),amino acid import across plasma membrane [GO:0089718]; gamma-aminobutyric acid import [GO:0051939]; neurotransmitter transport [GO:0006836]; taurine transmembrane transport [GO:0015734],GO:0005283; GO:0005308; GO:0005332; GO:0005369; GO:0005886; GO:0006836; GO:0015734; GO:0016323; GO:0016597; GO:0051939; GO:0089718,basolateral plasma membrane [GO:0016323]; plasma membrane [GO:0005886],amino acid binding [GO:0016597]; amino acid:sodium symporter activity [GO:0005283]; creatine transmembrane transporter activity [GO:0005308]; gamma-aminobutyric acid:sodium:chloride symporter activity [GO:0005332]; taurine:sodium symporter activity [GO:0005369],Sodium- and chloride-dependent GABA transporter 2
Pocillopora_acuta_HIv2___TS.g17707.t1,SLC,,Q4L208,0,Sodium/hydrogen exchanger 8 (Na(+)/H(+) exchanger 8) (NHE-8) (Solute carrier family 9 member 8),acrosome assembly [GO:0001675]; potassium ion transmembrane transport [GO:0071805]; proton transmembrane transport [GO:1902600]; regulation of Golgi lumen acidification [GO:1905526]; regulation of intracellular pH [GO:0051453]; sodium ion transmembrane transport [GO:0035725],GO:0000139; GO:0001669; GO:0001675; GO:0015385; GO:0015386; GO:0016324; GO:0032585; GO:0032588; GO:0035725; GO:0051453; GO:0071805; GO:1902600; GO:1905526,acrosomal vesicle [GO:0001669]; apical plasma membrane [GO:0016324]; Golgi membrane [GO:0000139]; multivesicular body membrane [GO:0032585]; trans-Golgi network membrane [GO:0032588],potassium:proton antiporter activity [GO:0015386]; sodium:proton antiporter activity [GO:0015385],Sodium/hydrogen exchanger 8
Pocillopora_acuta_HIv2___TS.g18105.t1,SLC,,Q5W8I7,1.51e-24,Vesicular glutamate transporter 2.2 (Solute carrier family 17 member 6-A) (Vesicular glutamate transporter 2-B),"L-glutamate import [GO:0051938]; L-glutamate transmembrane transport [GO:0015813]; neurotransmitter loading into synaptic vesicle [GO:0098700]; phosphate ion homeostasis [GO:0055062]; phosphate ion transport [GO:0006817]; regulation of synapse structure or activity [GO:0050803]; sodium-dependent phosphate transport [GO:0044341]; synaptic transmission, glutamatergic [GO:0035249]",GO:0005254; GO:0005313; GO:0005326; GO:0005436; GO:0005886; GO:0006817; GO:0008021; GO:0015386; GO:0015813; GO:0030672; GO:0034707; GO:0035249; GO:0043005; GO:0044341; GO:0050803; GO:0051938; GO:0055062; GO:0060076; GO:0098700; GO:0140788,chloride channel complex [GO:0034707]; excitatory synapse [GO:0060076]; neuron projection [GO:0043005]; plasma membrane [GO:0005886]; synaptic vesicle [GO:0008021]; synaptic vesicle membrane [GO:0030672],chloride channel activity [GO:0005254]; L-glutamate transmembrane transporter activity [GO:0005313]; L-glutamate uniporter activity [GO:0140788]; neurotransmitter transmembrane transporter activity [GO:0005326]; potassium:proton antiporter activity [GO:0015386]; sodium:phosphate symporter activity [GO:0005436],Vesicular glutamate transporter 2.2
Pocillopora_acuta_HIv2___TS.g18106.t1,SLC,,Q9NRA2,3.65e-151,Sialin (H(+)/nitrate cotransporter) (H(+)/sialic acid cotransporter) (AST) (Membrane glycoprotein HP59) (Solute carrier family 17 member 5) (Vesicular excitatory amino acid transporter) (VEAT),amino acid transport [GO:0006865]; monoatomic anion transport [GO:0006820]; monoatomic ion transport [GO:0006811]; neurotransmitter loading into synaptic vesicle [GO:0098700]; response to bacterium [GO:0009617]; sialic acid transport [GO:0015739],GO:0005351; GO:0005764; GO:0005765; GO:0005829; GO:0005886; GO:0006811; GO:0006820; GO:0006865; GO:0009617; GO:0015136; GO:0015538; GO:0015739; GO:0016020; GO:0016323; GO:0016324; GO:0030672; GO:0042880; GO:0098700; GO:0098978,apical plasma membrane [GO:0016324]; basolateral plasma membrane [GO:0016323]; cytosol [GO:0005829]; glutamatergic synapse [GO:0098978]; lysosomal membrane [GO:0005765]; lysosome [GO:0005764]; membrane [GO:0016020]; plasma membrane [GO:0005886]; synaptic vesicle membrane [GO:0030672],carbohydrate:proton symporter activity [GO:0005351]; D-glucuronate transmembrane transporter activity [GO:0042880]; sialic acid transmembrane transporter activity [GO:0015136]; sialic acid:proton symporter activity [GO:0015538],Sialin
Pocillopora_acuta_HIv2___TS.g18107.t1,SLC,,Q9MZD1,8.47e-29,Sialin (H(+)/nitrate cotransporter) (H(+)/sialic acid cotransporter) (AST) (Membrane glycoprotein SP55) (Solute carrier family 17 member 5) (Vesicular excitatory amino acid transporter) (VEAT),monoatomic anion transport [GO:0006820],GO:0005765; GO:0006820; GO:0015293; GO:0016323; GO:0016324; GO:0030672,apical plasma membrane [GO:0016324]; basolateral plasma membrane [GO:0016323]; lysosomal membrane [GO:0005765]; synaptic vesicle membrane [GO:0030672],symporter activity [GO:0015293],Sialin
Pocillopora_acuta_HIv2___TS.g18140.t3,SLC,,O97596,5.03e-93,Sodium-dependent phosphate transporter 1 (Feline leukemia virus subtype-B receptor) (Phosphate transporter 1) (PiT-1) (Solute carrier family 20 member 1),biomineral tissue development [GO:0031214]; cell population proliferation [GO:0008283]; phosphate ion transmembrane transport [GO:0035435],GO:0005315; GO:0005436; GO:0005886; GO:0008283; GO:0031214; GO:0035435,plasma membrane [GO:0005886],phosphate transmembrane transporter activity [GO:0005315]; sodium:phosphate symporter activity [GO:0005436],Sodium-dependent phosphate transporter 1
Pocillopora_acuta_HIv2___TS.g186.t2,SLC,,Q6P2X9,7.08e-28,Monocarboxylate transporter 12 (MCT 12) (Solute carrier family 16 member 12),creatine transmembrane transport [GO:0015881]; creatinine metabolic process [GO:0046449],GO:0005308; GO:0005886; GO:0015292; GO:0015881; GO:0016323; GO:0046449,basolateral plasma membrane [GO:0016323]; plasma membrane [GO:0005886],creatine transmembrane transporter activity [GO:0005308]; uniporter activity [GO:0015292],Monocarboxylate transporter 12
Pocillopora_acuta_HIv2___TS.g18873.t1,SLC,,A3KPP4,8.19e-63,Solute carrier family 25 member 35,,GO:0005743,mitochondrial inner membrane [GO:0005743],,Solute carrier family 25 member 35
Pocillopora_acuta_HIv2___TS.g18914.t1,SLC,,Q8N357,6.79e-70,Solute carrier family 35 member F6 (ANT2-binding protein) (ANT2BP) (Transport and Golgi organization 9 homolog),negative regulation of mitochondrial outer membrane permeabilization involved in apoptotic signaling pathway [GO:1901029]; positive regulation of cell population proliferation [GO:0008284],GO:0005654; GO:0005739; GO:0005765; GO:0005829; GO:0008284; GO:0016020; GO:0022857; GO:0043231; GO:0070062; GO:1901029,cytosol [GO:0005829]; extracellular exosome [GO:0070062]; intracellular membrane-bounded organelle [GO:0043231]; lysosomal membrane [GO:0005765]; membrane [GO:0016020]; mitochondrion [GO:0005739]; nucleoplasm [GO:0005654],transmembrane transporter activity [GO:0022857],Solute carrier family 35 member F6
Pocillopora_acuta_HIv2___TS.g18943.t1,SLC,,A1L1W9,1.18e-74,Monocarboxylate transporter 10 (MCT 10) (Solute carrier family 16 member 10),aromatic amino acid transport [GO:0015801]; thyroid hormone transport [GO:0070327],GO:0005302; GO:0005886; GO:0015173; GO:0015192; GO:0015196; GO:0015349; GO:0015801; GO:0016323; GO:0022857; GO:0070327,basolateral plasma membrane [GO:0016323]; plasma membrane [GO:0005886],aromatic amino acid transmembrane transporter activity [GO:0015173]; L-phenylalanine transmembrane transporter activity [GO:0015192]; L-tryptophan transmembrane transporter activity [GO:0015196]; L-tyrosine transmembrane transporter activity [GO:0005302]; thyroid hormone transmembrane transporter activity [GO:0015349]; transmembrane transporter activity [GO:0022857],Monocarboxylate transporter 10
Pocillopora_acuta_HIv2___TS.g19102.t1,SLC,,Q8NBS3,0,Solute carrier family 4 member 11 (Sodium borate cotransporter 1) (NaBC1),bicarbonate transport [GO:0015701]; borate transport [GO:0046713]; cellular hypotonic response [GO:0071476]; cellular response to oxidative stress [GO:0034599]; fluid transport [GO:0042044]; intracellular monoatomic cation homeostasis [GO:0030003]; monoatomic anion transport [GO:0006820]; monoatomic ion homeostasis [GO:0050801]; proton transmembrane transport [GO:1902600]; regulation of mesenchymal stem cell differentiation [GO:2000739]; regulation of mitochondrial membrane potential [GO:0051881]; sodium ion transport [GO:0006814]; transmembrane transport [GO:0055085],GO:0005272; GO:0005372; GO:0005452; GO:0005886; GO:0006814; GO:0006820; GO:0012506; GO:0015078; GO:0015106; GO:0015252; GO:0015293; GO:0015701; GO:0016323; GO:0016324; GO:0030003; GO:0034599; GO:0042044; GO:0046713; GO:0046715; GO:0046983; GO:0050801; GO:0051881; GO:0055085; GO:0071476; GO:1902600; GO:2000739,apical plasma membrane [GO:0016324]; basolateral plasma membrane [GO:0016323]; plasma membrane [GO:0005886]; vesicle membrane [GO:0012506],active borate transmembrane transporter activity [GO:0046715]; bicarbonate transmembrane transporter activity [GO:0015106]; protein dimerization activity [GO:0046983]; proton channel activity [GO:0015252]; proton transmembrane transporter activity [GO:0015078]; sodium channel activity [GO:0005272]; solute:inorganic anion antiporter activity [GO:0005452]; symporter activity [GO:0015293]; water transmembrane transporter activity [GO:0005372],Solute carrier family 4 member 11
Pocillopora_acuta_HIv2___TS.g1917.t2,ER_calcium,,Q9ESF4,4.77e-7,Protein lifeguard 1 (Glutamate [NMDA] receptor-associated protein 1) (NMDA receptor glutamate-binding subunit),endoplasmic reticulum calcium ion homeostasis [GO:0032469]; negative regulation of endoplasmic reticulum stress-induced intrinsic apoptotic signaling pathway [GO:1902236],GO:0000139; GO:0005783; GO:0005794; GO:0032469; GO:0044325; GO:1902236,endoplasmic reticulum [GO:0005783]; Golgi apparatus [GO:0005794]; Golgi membrane [GO:0000139],transmembrane transporter binding [GO:0044325],Protein lifeguard 1
Pocillopora_acuta_HIv2___TS.g19333.t1,TRP,,O75762,2.19e-16,Transient receptor potential cation channel subfamily A member 1 (Ankyrin-like with transmembrane domains protein 1) (Transformation-sensitive protein p120) (p120) (Wasabi receptor),calcium ion transmembrane import into cytosol [GO:0097553]; calcium ion transmembrane transport [GO:0070588]; cell surface receptor signaling pathway [GO:0007166]; cellular response to caffeine [GO:0071313]; cellular response to carbon dioxide [GO:0071244]; cellular response to cold [GO:0070417]; cellular response to food [GO:0071240]; cellular response to heat [GO:0034605]; cellular response to hydrogen peroxide [GO:0070301]; cellular response to toxic substance [GO:0097237]; detection of chemical stimulus involved in sensory perception of pain [GO:0050968]; detection of mechanical stimulus involved in sensory perception of pain [GO:0050966]; intracellular calcium ion homeostasis [GO:0006874]; monoatomic ion transport [GO:0006811]; positive regulation of insulin secretion involved in cellular response to glucose stimulus [GO:0035774]; positive regulation of monoatomic anion transport [GO:1903793]; protein homotetramerization [GO:0051289]; regulation of blood circulation [GO:1903522]; regulation of neuronal action potential [GO:0098908]; response to cold [GO:0009409]; response to pain [GO:0048265]; response to xenobiotic stimulus [GO:0009410]; sensory perception of pain [GO:0019233]; thermoception [GO:0050955]; urinary bladder smooth muscle contraction [GO:0014832],GO:0005245; GO:0005262; GO:0005886; GO:0006811; GO:0006874; GO:0007166; GO:0009409; GO:0009410; GO:0014832; GO:0015267; GO:0015278; GO:0016324; GO:0019233; GO:0030424; GO:0032421; GO:0034605; GO:0035774; GO:0042802; GO:0048265; GO:0050955; GO:0050966; GO:0050968; GO:0051289; GO:0070301; GO:0070417; GO:0070588; GO:0071240; GO:0071244; GO:0071313; GO:0097237; GO:0097553; GO:0097604; GO:0098908; GO:1903522; GO:1903793; GO:1990760,apical plasma membrane [GO:0016324]; axon [GO:0030424]; plasma membrane [GO:0005886]; stereocilium bundle [GO:0032421],calcium channel activity [GO:0005262]; channel activity [GO:0015267]; identical protein binding [GO:0042802]; intracellularly gated calcium channel activity [GO:0015278]; osmolarity-sensing monoatomic cation channel activity [GO:1990760]; temperature-gated cation channel activity [GO:0097604]; voltage-gated calcium channel activity [GO:0005245],Transient receptor potential cation channel subfamily A member 1
Pocillopora_acuta_HIv2___TS.g19498.t1,Mechanosensory,,Q9H5I5,1.22e-39,Piezo-type mechanosensitive ion channel component 2 (Protein FAM38B),cellular response to mechanical stimulus [GO:0071260]; detection of mechanical stimulus [GO:0050982]; detection of mechanical stimulus involved in sensory perception [GO:0050974]; monoatomic cation transport [GO:0006812]; regulation of membrane potential [GO:0042391]; response to mechanical stimulus [GO:0009612],GO:0005261; GO:0005886; GO:0006812; GO:0008381; GO:0009612; GO:0032420; GO:0032437; GO:0032809; GO:0042391; GO:0050974; GO:0050982; GO:0071260; GO:0140135,cuticular plate [GO:0032437]; neuronal cell body membrane [GO:0032809]; plasma membrane [GO:0005886]; stereocilium [GO:0032420],mechanosensitive monoatomic cation channel activity [GO:0140135]; mechanosensitive monoatomic ion channel activity [GO:0008381]; monoatomic cation channel activity [GO:0005261],Piezo-type mechanosensitive ion channel component 2
Pocillopora_acuta_HIv2___TS.g1964.t1,SLC,,Q5R6J1,6.82e-118,Sodium-dependent neutral amino acid transporter B(0)AT1 (Solute carrier family 6 member 19) (System B(0) neutral amino acid transporter AT1),sodium ion transmembrane transport [GO:0035725],GO:0015175; GO:0015293; GO:0016324; GO:0031526; GO:0035725,apical plasma membrane [GO:0016324]; brush border membrane [GO:0031526],neutral L-amino acid transmembrane transporter activity [GO:0015175]; symporter activity [GO:0015293],Sodium-dependent neutral amino acid transporter B(0)AT1
Pocillopora_acuta_HIv2___TS.g20066.t1b,SLC,,B0S6T2,1.53e-130,Solute carrier family 15 member 2 (Peptide transporter 2) (PEPT2),"dipeptide import across plasma membrane [GO:0140206]; innate immune response [GO:0045087]; peptidoglycan transport [GO:0015835]; protein transport [GO:0015031]; regulation of nucleotide-binding domain, leucine rich repeat containing receptor signaling pathway [GO:0070424]; response to yeast [GO:0001878]; tripeptide import across plasma membrane [GO:0140207]",GO:0001878; GO:0005886; GO:0015031; GO:0015333; GO:0015835; GO:0016324; GO:0030670; GO:0042937; GO:0045087; GO:0070424; GO:0071916; GO:0140206; GO:0140207,apical plasma membrane [GO:0016324]; phagocytic vesicle membrane [GO:0030670]; plasma membrane [GO:0005886],dipeptide transmembrane transporter activity [GO:0071916]; peptide:proton symporter activity [GO:0015333]; tripeptide transmembrane transporter activity [GO:0042937],Solute carrier family 15 member 2
Pocillopora_acuta_HIv2___TS.g20118.t1,calcium,,Q14005,5.02e-33,Pro-interleukin-16 [Cleaved into: Interleukin-16 (IL-16) (Lymphocyte chemoattractant factor) (LCF)],cytokine-mediated signaling pathway [GO:0019221]; immune response [GO:0006955]; induction of positive chemotaxis [GO:0050930]; leukocyte chemotaxis [GO:0030595]; positive regulation of inflammatory response [GO:0050729]; positive regulation of interleukin-1 alpha production [GO:0032730]; positive regulation of interleukin-12 production [GO:0032735]; positive regulation of interleukin-6 production [GO:0032755]; regulation of calcium ion transport [GO:0051924],GO:0005125; GO:0005576; GO:0005615; GO:0005829; GO:0005886; GO:0005925; GO:0006955; GO:0016607; GO:0019221; GO:0030595; GO:0032730; GO:0032735; GO:0032755; GO:0042609; GO:0050729; GO:0050930; GO:0051924; GO:0090543,cytosol [GO:0005829]; extracellular region [GO:0005576]; extracellular space [GO:0005615]; Flemming body [GO:0090543]; focal adhesion [GO:0005925]; nuclear speck [GO:0016607]; plasma membrane [GO:0005886],CD4 receptor binding [GO:0042609]; cytokine activity [GO:0005125],Pro-interleukin-16
Pocillopora_acuta_HIv2___TS.g20167.t1,calcium,,Q6AXP6,1.77e-86,Cation channel sperm-associated protein 2 (CatSper2),calcium ion transport [GO:0006816]; fertilization [GO:0009566]; flagellated sperm motility [GO:0030317]; sperm capacitation [GO:0048240],GO:0005227; GO:0005245; GO:0006816; GO:0009566; GO:0030317; GO:0036126; GO:0036128; GO:0048240,CatSper complex [GO:0036128]; sperm flagellum [GO:0036126],calcium-activated cation channel activity [GO:0005227]; voltage-gated calcium channel activity [GO:0005245],Cation channel sperm-associated protein 2
Pocillopora_acuta_HIv2___TS.g20633.t1,calcium,,P30551,8.1e-10,Cholecystokinin receptor type A (CCK-A receptor) (CCK-AR) (Cholecystokinin-1 receptor) (CCK1-R),animal organ regeneration [GO:0031100]; axonogenesis [GO:0007409]; cellular response to hormone stimulus [GO:0032870]; cholecystokinin signaling pathway [GO:0038188]; eating behavior [GO:0042755]; feeding behavior [GO:0007631]; forebrain development [GO:0030900]; G protein-coupled receptor signaling pathway [GO:0007186]; gastric acid secretion [GO:0001696]; insulin secretion [GO:0030073]; neuron migration [GO:0001764]; pancreas development [GO:0031016]; positive regulation of cytosolic calcium ion concentration [GO:0007204]; positive regulation of somatostatin secretion [GO:0090274]; reduction of food intake in response to dietary excess [GO:0002023]; regulation of calcium ion transport [GO:0051924]; regulation of hormone secretion [GO:0046883]; regulation of potassium ion transport [GO:0043266]; response to glucocorticoid [GO:0051384]; response to lipopolysaccharide [GO:0032496]; response to nutrient [GO:0007584]; response to starvation [GO:0042594]; response to steroid hormone [GO:0048545]; temperature homeostasis [GO:0001659],GO:0001659; GO:0001696; GO:0001764; GO:0002023; GO:0004951; GO:0005768; GO:0005886; GO:0007186; GO:0007204; GO:0007409; GO:0007584; GO:0007631; GO:0016020; GO:0017046; GO:0030073; GO:0030900; GO:0031016; GO:0031100; GO:0032496; GO:0032870; GO:0038188; GO:0042594; GO:0042755; GO:0043195; GO:0043266; GO:0046883; GO:0048545; GO:0051384; GO:0051924; GO:0090274,endosome [GO:0005768]; membrane [GO:0016020]; plasma membrane [GO:0005886]; terminal bouton [GO:0043195],cholecystokinin receptor activity [GO:0004951]; peptide hormone binding [GO:0017046],Cholecystokinin receptor type A
Pocillopora_acuta_HIv2___TS.g20937.t2,TRP,,Q18297,3.09e-149,Transient receptor potential cation channel subfamily A member 1 homolog,,GO:0005216; GO:0005886; GO:0043025; GO:0097730,neuronal cell body [GO:0043025]; non-motile cilium [GO:0097730]; plasma membrane [GO:0005886],monoatomic ion channel activity [GO:0005216],Transient receptor potential cation channel subfamily A member 1 homolog
Pocillopora_acuta_HIv2___TS.g21325.t1,SLC,,Q6GNV7,8.98e-46,Solute carrier family 49 member 4 homolog (Disrupted in renal carcinoma protein 2 homolog),pyridoxine transport [GO:0031923],GO:0005765; GO:0016020; GO:0022857; GO:0031923; GO:0043231,intracellular membrane-bounded organelle [GO:0043231]; lysosomal membrane [GO:0005765]; membrane [GO:0016020],transmembrane transporter activity [GO:0022857],Solute carrier family 49 member 4 homolog
Pocillopora_acuta_HIv2___TS.g21419.t1,TRP,,Q9QX29,1.14e-29,Short transient receptor potential channel 5 (TrpC5) (Capacitative calcium entry channel 2) (CCE2) (Transient receptor protein 5) (TRP-5) (mTRP5) (Trp-related protein 5),negative regulation of dendrite morphogenesis [GO:0050774]; neuron apoptotic process [GO:0051402]; neuron differentiation [GO:0030182]; phosphatidylserine exposure on apoptotic cell surface [GO:0070782]; positive regulation of axon extension [GO:0045773]; positive regulation of cell population proliferation [GO:0008284]; positive regulation of cytosolic calcium ion concentration [GO:0007204]; positive regulation of neuron differentiation [GO:0045666]; regulation of membrane hyperpolarization [GO:1902630],GO:0003779; GO:0005262; GO:0005886; GO:0007204; GO:0008284; GO:0030182; GO:0030276; GO:0030425; GO:0030426; GO:0034704; GO:0042805; GO:0043025; GO:0045666; GO:0045773; GO:0050774; GO:0051117; GO:0051402; GO:0070679; GO:0070782; GO:0098793; GO:1902630,calcium channel complex [GO:0034704]; dendrite [GO:0030425]; growth cone [GO:0030426]; neuronal cell body [GO:0043025]; plasma membrane [GO:0005886]; presynapse [GO:0098793],"actin binding [GO:0003779]; actinin binding [GO:0042805]; ATPase binding [GO:0051117]; calcium channel activity [GO:0005262]; clathrin binding [GO:0030276]; inositol 1,4,5 trisphosphate binding [GO:0070679]",Short transient receptor potential channel 5
Pocillopora_acuta_HIv2___TS.g21422.t1,SLC,,Q8BZ00,3.2e-180,Sodium/hydrogen exchanger 9 (Na(+)/H(+) exchanger 9) (NHE-9) (Solute carrier family 9 member 9),defense response to bacterium [GO:0042742]; phagosome maturation [GO:0090382]; potassium ion transmembrane transport [GO:0071805]; regulation of intracellular pH [GO:0051453]; sodium ion transmembrane transport [GO:0035725],GO:0005886; GO:0015385; GO:0015386; GO:0030670; GO:0031901; GO:0031902; GO:0032009; GO:0035725; GO:0042742; GO:0051453; GO:0055038; GO:0071805; GO:0090382,early endosome membrane [GO:0031901]; early phagosome [GO:0032009]; late endosome membrane [GO:0031902]; phagocytic vesicle membrane [GO:0030670]; plasma membrane [GO:0005886]; recycling endosome membrane [GO:0055038],potassium:proton antiporter activity [GO:0015386]; sodium:proton antiporter activity [GO:0015385],Sodium/hydrogen exchanger 9
Pocillopora_acuta_HIv2___TS.g21690.t1,SLC,,Q91Y77,1.61e-44,Monocarboxylate transporter 10 (MCT 10) (Aromatic amino acid transporter 1) (Solute carrier family 16 member 10) (T-type amino acid transporter 1),aromatic amino acid transport [GO:0015801]; thyroid hormone generation [GO:0006590]; thyroid hormone transport [GO:0070327]; thyroid-stimulating hormone secretion [GO:0070460],GO:0005302; GO:0005886; GO:0006590; GO:0015173; GO:0015192; GO:0015196; GO:0015349; GO:0015801; GO:0016323; GO:0022857; GO:0030054; GO:0043231; GO:0070327; GO:0070460,basolateral plasma membrane [GO:0016323]; cell junction [GO:0030054]; intracellular membrane-bounded organelle [GO:0043231]; plasma membrane [GO:0005886],aromatic amino acid transmembrane transporter activity [GO:0015173]; L-phenylalanine transmembrane transporter activity [GO:0015192]; L-tryptophan transmembrane transporter activity [GO:0015196]; L-tyrosine transmembrane transporter activity [GO:0005302]; thyroid hormone transmembrane transporter activity [GO:0015349]; transmembrane transporter activity [GO:0022857],Monocarboxylate transporter 10
Pocillopora_acuta_HIv2___TS.g21705.t1,SLC,,Q91Y77,1.11e-45,Monocarboxylate transporter 10 (MCT 10) (Aromatic amino acid transporter 1) (Solute carrier family 16 member 10) (T-type amino acid transporter 1),aromatic amino acid transport [GO:0015801]; thyroid hormone generation [GO:0006590]; thyroid hormone transport [GO:0070327]; thyroid-stimulating hormone secretion [GO:0070460],GO:0005302; GO:0005886; GO:0006590; GO:0015173; GO:0015192; GO:0015196; GO:0015349; GO:0015801; GO:0016323; GO:0022857; GO:0030054; GO:0043231; GO:0070327; GO:0070460,basolateral plasma membrane [GO:0016323]; cell junction [GO:0030054]; intracellular membrane-bounded organelle [GO:0043231]; plasma membrane [GO:0005886],aromatic amino acid transmembrane transporter activity [GO:0015173]; L-phenylalanine transmembrane transporter activity [GO:0015192]; L-tryptophan transmembrane transporter activity [GO:0015196]; L-tyrosine transmembrane transporter activity [GO:0005302]; thyroid hormone transmembrane transporter activity [GO:0015349]; transmembrane transporter activity [GO:0022857],Monocarboxylate transporter 10
Pocillopora_acuta_HIv2___TS.g21706.t1,SLC,,O60669,1.77e-45,Monocarboxylate transporter 2 (MCT 2) (Solute carrier family 16 member 7),lactate transmembrane transport [GO:0035873]; plasma membrane lactate transport [GO:0035879]; pyruvate transmembrane transport [GO:1901475]; transport across blood-brain barrier [GO:0150104],GO:0005477; GO:0005654; GO:0005829; GO:0005886; GO:0015129; GO:0015293; GO:0016323; GO:0035873; GO:0035879; GO:0042802; GO:0050833; GO:0098685; GO:0098686; GO:0098688; GO:0098839; GO:0098978; GO:0150104; GO:1901475,basolateral plasma membrane [GO:0016323]; cytosol [GO:0005829]; glutamatergic synapse [GO:0098978]; hippocampal mossy fiber to CA3 synapse [GO:0098686]; nucleoplasm [GO:0005654]; parallel fiber to Purkinje cell synapse [GO:0098688]; plasma membrane [GO:0005886]; postsynaptic density membrane [GO:0098839]; Schaffer collateral - CA1 synapse [GO:0098685],identical protein binding [GO:0042802]; lactate transmembrane transporter activity [GO:0015129]; pyruvate secondary active transmembrane transporter activity [GO:0005477]; pyruvate transmembrane transporter activity [GO:0050833]; symporter activity [GO:0015293],Monocarboxylate transporter 2
Pocillopora_acuta_HIv2___TS.g21744.t2,SLC,,Q3U9N9,1.49e-11,Monocarboxylate transporter 10 (MCT 10) (Aromatic amino acid transporter 1) (Solute carrier family 16 member 10) (T-type amino acid transporter 1),aromatic amino acid transport [GO:0015801]; thyroid hormone generation [GO:0006590]; thyroid hormone transport [GO:0070327]; thyroid-stimulating hormone secretion [GO:0070460],GO:0005302; GO:0006590; GO:0015173; GO:0015192; GO:0015196; GO:0015349; GO:0015801; GO:0016323; GO:0030054; GO:0043231; GO:0070327; GO:0070460,basolateral plasma membrane [GO:0016323]; cell junction [GO:0030054]; intracellular membrane-bounded organelle [GO:0043231],aromatic amino acid transmembrane transporter activity [GO:0015173]; L-phenylalanine transmembrane transporter activity [GO:0015192]; L-tryptophan transmembrane transporter activity [GO:0015196]; L-tyrosine transmembrane transporter activity [GO:0005302]; thyroid hormone transmembrane transporter activity [GO:0015349],Monocarboxylate transporter 10
Pocillopora_acuta_HIv2___TS.g21745.t1,SLC,,G8XYX6,9.1e-41,Monocarboxylate transporter 8 (MCT 8) (Solute carrier family 16 member 2),brain development [GO:0007420]; central nervous system development [GO:0007417]; chordate embryonic development [GO:0043009]; locomotion [GO:0040011]; neuron differentiation [GO:0030182]; oligodendrocyte differentiation [GO:0048709]; optomotor response [GO:0071632]; regulation of thyroid hormone generation [GO:2000609]; Schwann cell differentiation [GO:0014037]; spinal cord development [GO:0021510]; spinal cord oligodendrocyte cell differentiation [GO:0021529]; thyroid gland development [GO:0030878]; thyroid hormone transport [GO:0070327]; transmission of nerve impulse [GO:0019226],GO:0005886; GO:0007417; GO:0007420; GO:0014037; GO:0015349; GO:0016324; GO:0019226; GO:0021510; GO:0021529; GO:0030182; GO:0030878; GO:0040011; GO:0043009; GO:0048709; GO:0070324; GO:0070327; GO:0071632; GO:2000609,apical plasma membrane [GO:0016324]; plasma membrane [GO:0005886],thyroid hormone binding [GO:0070324]; thyroid hormone transmembrane transporter activity [GO:0015349],Monocarboxylate transporter 8
Pocillopora_acuta_HIv2___TS.g21751.t2,SLC,,Q6P2X9,1.07e-19,Monocarboxylate transporter 12 (MCT 12) (Solute carrier family 16 member 12),creatine transmembrane transport [GO:0015881]; creatinine metabolic process [GO:0046449],GO:0005308; GO:0005886; GO:0015292; GO:0015881; GO:0016323; GO:0046449,basolateral plasma membrane [GO:0016323]; plasma membrane [GO:0005886],creatine transmembrane transporter activity [GO:0005308]; uniporter activity [GO:0015292],Monocarboxylate transporter 12
Pocillopora_acuta_HIv2___TS.g21753.t1,SLC,,Q90632,2.21e-40,Monocarboxylate transporter 3 (MCT 3) (Retinal epithelial membrane protein) (Solute carrier family 16 member 8),,GO:0005886; GO:0008028; GO:0015293; GO:0016323; GO:0016324,apical plasma membrane [GO:0016324]; basolateral plasma membrane [GO:0016323]; plasma membrane [GO:0005886],monocarboxylic acid transmembrane transporter activity [GO:0008028]; symporter activity [GO:0015293],Monocarboxylate transporter 3
Pocillopora_acuta_HIv2___TS.g21928.t2,calcium,,P48442,2.78e-51,Extracellular calcium-sensing receptor (CaSR) (Parathyroid cell calcium-sensing receptor) (PCaR1) (RaKCaR),adenylate cyclase-inhibiting G protein-coupled receptor signaling pathway [GO:0007193]; bile acid secretion [GO:0032782]; branching morphogenesis of an epithelial tube [GO:0048754]; calcium ion import [GO:0070509]; cellular response to glucose stimulus [GO:0071333]; cellular response to hepatocyte growth factor stimulus [GO:0035729]; cellular response to hypoxia [GO:0071456]; cellular response to low-density lipoprotein particle stimulus [GO:0071404]; cellular response to peptide [GO:1901653]; cellular response to vitamin D [GO:0071305]; chloride transmembrane transport [GO:1902476]; detection of calcium ion [GO:0005513]; fat pad development [GO:0060613]; G protein-coupled receptor signaling pathway [GO:0007186]; intracellular calcium ion homeostasis [GO:0006874]; JNK cascade [GO:0007254]; ossification [GO:0001503]; phospholipase C-activating G protein-coupled receptor signaling pathway [GO:0007200]; positive regulation of calcium ion import [GO:0090280]; positive regulation of cell population proliferation [GO:0008284]; positive regulation of ERK1 and ERK2 cascade [GO:0070374]; positive regulation of gene expression [GO:0010628]; positive regulation of insulin secretion [GO:0032024]; positive regulation of positive chemotaxis [GO:0050927]; positive regulation of vasoconstriction [GO:0045907]; regulation of calcium ion transport [GO:0051924]; regulation of presynaptic membrane potential [GO:0099505]; response to calcium ion [GO:0051592]; response to fibroblast growth factor [GO:0071774]; response to ischemia [GO:0002931]; response to metal ion [GO:0010038]; vasodilation [GO:0042311],GO:0001503; GO:0002931; GO:0004930; GO:0005178; GO:0005509; GO:0005513; GO:0005886; GO:0006874; GO:0007186; GO:0007193; GO:0007200; GO:0007254; GO:0008284; GO:0009986; GO:0010038; GO:0010628; GO:0016323; GO:0016324; GO:0016597; GO:0019901; GO:0030424; GO:0032024; GO:0032782; GO:0035729; GO:0042311; GO:0042734; GO:0042803; GO:0043025; GO:0043679; GO:0044325; GO:0045907; GO:0048754; GO:0050927; GO:0051592; GO:0051924; GO:0060613; GO:0070374; GO:0070509; GO:0071305; GO:0071333; GO:0071404; GO:0071456; GO:0071774; GO:0090280; GO:0098978; GO:0099505; GO:1901653; GO:1902476,apical plasma membrane [GO:0016324]; axon [GO:0030424]; axon terminus [GO:0043679]; basolateral plasma membrane [GO:0016323]; cell surface [GO:0009986]; glutamatergic synapse [GO:0098978]; neuronal cell body [GO:0043025]; plasma membrane [GO:0005886]; presynaptic membrane [GO:0042734],amino acid binding [GO:0016597]; calcium ion binding [GO:0005509]; G protein-coupled receptor activity [GO:0004930]; integrin binding [GO:0005178]; protein homodimerization activity [GO:0042803]; protein kinase binding [GO:0019901]; transmembrane transporter binding [GO:0044325],Extracellular calcium-sensing receptor
Pocillopora_acuta_HIv2___TS.g21955.t1b,SLC,,Q5BL29,6.79e-56,Zinc transporter ZIP9 (Solute carrier family 39 member 9) (Zrt- and Irt-like protein 9) (ZIP-9),bicellular tight junction assembly [GO:0070830]; egg activation [GO:0007343]; intracellular zinc ion homeostasis [GO:0006882]; regulation of cellular response to testosterone stimulus [GO:2000654]; regulation of vascular endothelial cell proliferation [GO:1905562]; zinc ion transmembrane transport [GO:0071577]; zinc ion transport [GO:0006829],GO:0004930; GO:0005385; GO:0005497; GO:0005634; GO:0005739; GO:0005802; GO:0005886; GO:0006829; GO:0006882; GO:0007343; GO:0022883; GO:0031966; GO:0048471; GO:0070830; GO:0071577; GO:1905562; GO:2000654,mitochondrial membrane [GO:0031966]; mitochondrion [GO:0005739]; nucleus [GO:0005634]; perinuclear region of cytoplasm [GO:0048471]; plasma membrane [GO:0005886]; trans-Golgi network [GO:0005802],androgen binding [GO:0005497]; G protein-coupled receptor activity [GO:0004930]; zinc efflux transmembrane transporter activity [GO:0022883]; zinc ion transmembrane transporter activity [GO:0005385],Zinc transporter ZIP9
Pocillopora_acuta_HIv2___TS.g22304.t1,SLC,,A2VE55,2.17e-98,Nucleotide sugar transporter SLC35D2 (Solute carrier family 35 member D2),embryonic skeletal system development [GO:0048706]; heparan sulfate proteoglycan biosynthetic process [GO:0015012]; nucleotide-sugar transmembrane transport [GO:0015780],GO:0000139; GO:0005338; GO:0005461; GO:0005462; GO:0005463; GO:0005783; GO:0005794; GO:0015012; GO:0015297; GO:0015780; GO:0048706,endoplasmic reticulum [GO:0005783]; Golgi apparatus [GO:0005794]; Golgi membrane [GO:0000139],antiporter activity [GO:0015297]; nucleotide-sugar transmembrane transporter activity [GO:0005338]; UDP-glucuronate transmembrane transporter activity [GO:0005461]; UDP-N-acetylgalactosamine transmembrane transporter activity [GO:0005463]; UDP-N-acetylglucosamine transmembrane transporter activity [GO:0005462],Nucleotide sugar transporter SLC35D2
Pocillopora_acuta_HIv2___TS.g22480.t1,SLC,,Q96BD0,1.38e-113,Solute carrier organic anion transporter family member 4A1 (OATP4A1) (Colon organic anion transporter) (Organic anion transporter polypeptide-related protein 1) (OATP-RP1) (OATPRP1) (POAT) (Organic anion-transporting polypeptide E) (OATP-E) (Sodium-independent organic anion transporter E) (Solute carrier family 21 member 12),monoatomic ion transport [GO:0006811]; sodium-independent organic anion transport [GO:0043252],GO:0005886; GO:0006811; GO:0008514; GO:0015132; GO:0015347; GO:0015349; GO:0016323; GO:0043252,basolateral plasma membrane [GO:0016323]; plasma membrane [GO:0005886],organic anion transmembrane transporter activity [GO:0008514]; prostaglandin transmembrane transporter activity [GO:0015132]; sodium-independent organic anion transmembrane transporter activity [GO:0015347]; thyroid hormone transmembrane transporter activity [GO:0015349],Solute carrier organic anion transporter family member 4A1
Pocillopora_acuta_HIv2___TS.g22675.t1,SLC,,A1L1W9,2.96e-79,Monocarboxylate transporter 10 (MCT 10) (Solute carrier family 16 member 10),aromatic amino acid transport [GO:0015801]; thyroid hormone transport [GO:0070327],GO:0005302; GO:0005886; GO:0015173; GO:0015192; GO:0015196; GO:0015349; GO:0015801; GO:0016323; GO:0022857; GO:0070327,basolateral plasma membrane [GO:0016323]; plasma membrane [GO:0005886],aromatic amino acid transmembrane transporter activity [GO:0015173]; L-phenylalanine transmembrane transporter activity [GO:0015192]; L-tryptophan transmembrane transporter activity [GO:0015196]; L-tyrosine transmembrane transporter activity [GO:0005302]; thyroid hormone transmembrane transporter activity [GO:0015349]; transmembrane transporter activity [GO:0022857],Monocarboxylate transporter 10
Pocillopora_acuta_HIv2___TS.g22754.t1,SLC,,Q9JI12,1.7e-122,Vesicular glutamate transporter 2 (VGluT2) (Differentiation-associated BNPI) (Differentiation-associated Na(+)-dependent inorganic phosphate cotransporter) (Solute carrier family 17 member 6),"hippocampus development [GO:0021766]; hyaloid vascular plexus regression [GO:1990384]; L-glutamate import [GO:0051938]; L-glutamate transmembrane transport [GO:0015813]; neural retina development [GO:0003407]; neurotransmitter loading into synaptic vesicle [GO:0098700]; neurotransmitter uptake [GO:0001504]; phosphate ion homeostasis [GO:0055062]; phosphate ion transport [GO:0006817]; regulation of synapse structure or activity [GO:0050803]; sodium-dependent phosphate transport [GO:0044341]; synaptic transmission, glutamatergic [GO:0035249]",GO:0001504; GO:0003407; GO:0005254; GO:0005313; GO:0005326; GO:0005436; GO:0005769; GO:0005886; GO:0006817; GO:0008021; GO:0015386; GO:0015813; GO:0021766; GO:0030672; GO:0034707; GO:0035249; GO:0043005; GO:0044341; GO:0050803; GO:0051938; GO:0055062; GO:0060076; GO:0098700; GO:0098793; GO:0140787; GO:0140788; GO:1990030; GO:1990384,chloride channel complex [GO:0034707]; early endosome [GO:0005769]; excitatory synapse [GO:0060076]; neuron projection [GO:0043005]; pericellular basket [GO:1990030]; plasma membrane [GO:0005886]; presynapse [GO:0098793]; synaptic vesicle [GO:0008021]; synaptic vesicle membrane [GO:0030672],chloride channel activity [GO:0005254]; L-glutamate transmembrane transporter activity [GO:0005313]; L-glutamate uniporter activity [GO:0140788]; neurotransmitter transmembrane transporter activity [GO:0005326]; phosphate ion uniporter activity [GO:0140787]; potassium:proton antiporter activity [GO:0015386]; sodium:phosphate symporter activity [GO:0005436],Vesicular glutamate transporter 2
Pocillopora_acuta_HIv2___TS.g2300.t1,"TRP, calcium, Bhattacharya2016",TRPV6,Q9H1D0,1.5e-62,Transient receptor potential cation channel subfamily V member 6 (TrpV6) (CaT-like) (CaT-L) (Calcium transport protein 1) (CaT1) (Epithelial calcium channel 2) (ECaC2),calcium ion homeostasis [GO:0055074]; calcium ion import across plasma membrane [GO:0098703]; calcium ion transmembrane transport [GO:0070588]; calcium ion transport [GO:0006816]; parathyroid hormone secretion [GO:0035898]; regulation of calcium ion-dependent exocytosis [GO:0017158]; response to calcium ion [GO:0051592],GO:0005262; GO:0005516; GO:0005886; GO:0006816; GO:0017158; GO:0034704; GO:0035898; GO:0042802; GO:0046872; GO:0051592; GO:0055074; GO:0070588; GO:0098703,calcium channel complex [GO:0034704]; plasma membrane [GO:0005886],calcium channel activity [GO:0005262]; calmodulin binding [GO:0005516]; identical protein binding [GO:0042802]; metal ion binding [GO:0046872],TRPV6
Pocillopora_acuta_HIv2___TS.g23182.t1,SLC,,Q9JK41,2.56e-6,High affinity copper uptake protein 1 (Copper transporter 1) (rCTR1) (Liver regeneration-related protein LRRGT00200) (Solute carrier family 31 member 1) [Cleaved into: Truncated CTR1 form],angiogenesis [GO:0001525]; cellular response to cisplatin [GO:0072719]; copper ion import [GO:0015677]; copper ion import across plasma membrane [GO:0098705]; copper ion transport [GO:0006825]; establishment of localization in cell [GO:0051649]; intracellular copper ion homeostasis [GO:0006878]; plasma membrane copper ion transport [GO:0015679]; protein complex oligomerization [GO:0051259]; silver ion transmembrane transport [GO:1902601]; transmembrane transport [GO:0055085]; vascular endothelial growth factor receptor-2 signaling pathway [GO:0036324]; xenobiotic transport [GO:0042908],GO:0001525; GO:0005375; GO:0005507; GO:0005770; GO:0005886; GO:0006825; GO:0006878; GO:0014704; GO:0015080; GO:0015677; GO:0015679; GO:0016323; GO:0016324; GO:0031901; GO:0031902; GO:0036324; GO:0042802; GO:0042908; GO:0042910; GO:0043025; GO:0051259; GO:0051649; GO:0055037; GO:0055038; GO:0055085; GO:0072719; GO:0098705; GO:1902601,apical plasma membrane [GO:0016324]; basolateral plasma membrane [GO:0016323]; early endosome membrane [GO:0031901]; intercalated disc [GO:0014704]; late endosome [GO:0005770]; late endosome membrane [GO:0031902]; neuronal cell body [GO:0043025]; plasma membrane [GO:0005886]; recycling endosome [GO:0055037]; recycling endosome membrane [GO:0055038],copper ion binding [GO:0005507]; copper ion transmembrane transporter activity [GO:0005375]; identical protein binding [GO:0042802]; silver ion transmembrane transporter activity [GO:0015080]; xenobiotic transmembrane transporter activity [GO:0042910],High affinity copper uptake protein 1
Pocillopora_acuta_HIv2___TS.g23223.t2,"SLC, Bhattacharya2016",SLC9A3,P48763,1.07e-159,Sodium/hydrogen exchanger 2 (H7) (Na(+)/H(+) exchanger 2) (NHE-2) (Solute carrier family 9 member 2),epithelial cell differentiation [GO:0030855]; potassium ion transmembrane transport [GO:0071805]; protein localization [GO:0008104]; regulation of intracellular pH [GO:0051453]; regulation of pH [GO:0006885]; sodium ion import across plasma membrane [GO:0098719]; sodium ion transmembrane transport [GO:0035725]; sodium ion transport [GO:0006814],GO:0005886; GO:0006814; GO:0006885; GO:0008104; GO:0015385; GO:0015386; GO:0016324; GO:0030855; GO:0035725; GO:0051453; GO:0071805; GO:0098719,apical plasma membrane [GO:0016324]; plasma membrane [GO:0005886],potassium:proton antiporter activity [GO:0015386]; sodium:proton antiporter activity [GO:0015385],SLC9A3
Pocillopora_acuta_HIv2___TS.g2374.t1,SLC,,Q58DA6,1.09e-85,UDP-galactose translocator (Solute carrier family 35 member A2) (UDP-galactose transporter) (UDP-Gal-Tr) (UGT),UDP-galactose transmembrane transport [GO:0072334],GO:0000139; GO:0005459; GO:0015297; GO:0072334,Golgi membrane [GO:0000139],antiporter activity [GO:0015297]; UDP-galactose transmembrane transporter activity [GO:0005459],UDP-galactose translocator
Pocillopora_acuta_HIv2___TS.g23905.t1,calcium,,O08852,1.13e-16,Polycystin-1 (Autosomal dominant polycystic kidney disease 1 protein homolog),blood vessel development [GO:0001568]; branching involved in lymph vessel morphogenesis [GO:0060854]; branching morphogenesis of an epithelial tube [GO:0048754]; calcium ion transmembrane transport [GO:0070588]; calcium ion transport [GO:0006816]; cartilage condensation [GO:0001502]; cell surface receptor signaling pathway via JAK-STAT [GO:0007259]; cell-cell adhesion [GO:0098609]; detection of mechanical stimulus [GO:0050982]; digestive tract development [GO:0048565]; embryonic placenta development [GO:0001892]; establishment of cell polarity [GO:0030010]; genitalia development [GO:0048806]; heart development [GO:0007507]; in utero embryonic development [GO:0001701]; kidney development [GO:0001822]; liver development [GO:0001889]; lung epithelium development [GO:0060428]; lymph vessel morphogenesis [GO:0036303]; mesonephric duct development [GO:0072177]; metanephric ascending thin limb development [GO:0072218]; metanephric collecting duct development [GO:0072205]; metanephric distal tubule morphogenesis [GO:0072287]; metanephric proximal tubule development [GO:0072237]; mitocytosis [GO:0160040]; neural tube development [GO:0021915]; nitrogen cycle metabolic process [GO:0071941]; peptidyl-serine phosphorylation [GO:0018105]; placenta blood vessel development [GO:0060674]; positive regulation of cytosolic calcium ion concentration [GO:0007204]; positive regulation of transcription by RNA polymerase II [GO:0045944]; protein export from nucleus [GO:0006611]; protein heterotetramerization [GO:0051290]; regulation of cell adhesion [GO:0030155]; regulation of cell cycle [GO:0051726]; regulation of G1/S transition of mitotic cell cycle [GO:2000045]; regulation of mitotic spindle organization [GO:0060236]; regulation of proteasomal protein catabolic process [GO:0061136]; response to fluid shear stress [GO:0034405]; skin development [GO:0043588]; spinal cord development [GO:0021510]; Wnt signaling pathway [GO:0016055],GO:0001502; GO:0001568; GO:0001701; GO:0001822; GO:0001889; GO:0001892; GO:0002133; GO:0005261; GO:0005262; GO:0005634; GO:0005737; GO:0005783; GO:0005794; GO:0005886; GO:0005929; GO:0006611; GO:0006816; GO:0007204; GO:0007259; GO:0007507; GO:0009986; GO:0016020; GO:0016055; GO:0016323; GO:0016328; GO:0018105; GO:0019901; GO:0019904; GO:0021510; GO:0021915; GO:0030010; GO:0030155; GO:0030246; GO:0031514; GO:0034405; GO:0034703; GO:0034704; GO:0036303; GO:0042813; GO:0043588; GO:0044325; GO:0045944; GO:0048565; GO:0048754; GO:0048806; GO:0050982; GO:0051290; GO:0051726; GO:0060236; GO:0060428; GO:0060674; GO:0060854; GO:0061136; GO:0070062; GO:0070588; GO:0071941; GO:0072177; GO:0072205; GO:0072218; GO:0072237; GO:0072287; GO:0098609; GO:0140416; GO:0140494; GO:0160040; GO:2000045,basolateral plasma membrane [GO:0016323]; calcium channel complex [GO:0034704]; cation channel complex [GO:0034703]; cell surface [GO:0009986]; cilium [GO:0005929]; cytoplasm [GO:0005737]; endoplasmic reticulum [GO:0005783]; extracellular exosome [GO:0070062]; Golgi apparatus [GO:0005794]; lateral plasma membrane [GO:0016328]; membrane [GO:0016020]; migrasome [GO:0140494]; motile cilium [GO:0031514]; nucleus [GO:0005634]; plasma membrane [GO:0005886]; polycystin complex [GO:0002133],calcium channel activity [GO:0005262]; carbohydrate binding [GO:0030246]; monoatomic cation channel activity [GO:0005261]; protein domain specific binding [GO:0019904]; protein kinase binding [GO:0019901]; transcription regulator inhibitor activity [GO:0140416]; transmembrane transporter binding [GO:0044325]; Wnt receptor activity [GO:0042813],Polycystin-1
Pocillopora_acuta_HIv2___TS.g2392.t1,calcium,,Q13936,5.66e-9,"Voltage-dependent L-type calcium channel subunit alpha-1C (Calcium channel, L type, alpha-1 polypeptide, isoform 1, cardiac muscle) (Voltage-gated calcium channel subunit alpha Cav1.2)",calcium ion import across plasma membrane [GO:0098703]; calcium ion transmembrane transport [GO:0070588]; calcium ion transmembrane transport via high voltage-gated calcium channel [GO:0061577]; calcium ion transport into cytosol [GO:0060402]; camera-type eye development [GO:0043010]; cardiac conduction [GO:0061337]; cardiac muscle cell action potential involved in contraction [GO:0086002]; cell communication by electrical coupling involved in cardiac conduction [GO:0086064]; embryonic forelimb morphogenesis [GO:0035115]; heart development [GO:0007507]; immune system development [GO:0002520]; membrane depolarization during atrial cardiac muscle cell action potential [GO:0098912]; membrane depolarization during AV node cell action potential [GO:0086045]; membrane depolarization during cardiac muscle cell action potential [GO:0086012]; positive regulation of adenylate cyclase activity [GO:0045762]; positive regulation of cytosolic calcium ion concentration [GO:0007204]; positive regulation of muscle contraction [GO:0045933]; regulation of cardiac muscle contraction by regulation of the release of sequestered calcium ion [GO:0010881]; regulation of heart rate by cardiac conduction [GO:0086091]; regulation of ventricular cardiac muscle cell action potential [GO:0098911],GO:0002520; GO:0005245; GO:0005516; GO:0005654; GO:0005737; GO:0005886; GO:0005891; GO:0005929; GO:0007204; GO:0007507; GO:0008331; GO:0010881; GO:0014069; GO:0016020; GO:0030018; GO:0030425; GO:0035115; GO:0043010; GO:0043204; GO:0045762; GO:0045933; GO:0046872; GO:0051393; GO:0060402; GO:0061337; GO:0061577; GO:0070588; GO:0086002; GO:0086007; GO:0086012; GO:0086045; GO:0086056; GO:0086064; GO:0086091; GO:0098703; GO:0098839; GO:0098911; GO:0098912; GO:1990454,cilium [GO:0005929]; cytoplasm [GO:0005737]; dendrite [GO:0030425]; L-type voltage-gated calcium channel complex [GO:1990454]; membrane [GO:0016020]; nucleoplasm [GO:0005654]; perikaryon [GO:0043204]; plasma membrane [GO:0005886]; postsynaptic density [GO:0014069]; postsynaptic density membrane [GO:0098839]; voltage-gated calcium channel complex [GO:0005891]; Z disc [GO:0030018],alpha-actinin binding [GO:0051393]; calmodulin binding [GO:0005516]; high voltage-gated calcium channel activity [GO:0008331]; metal ion binding [GO:0046872]; voltage-gated calcium channel activity [GO:0005245]; voltage-gated calcium channel activity involved in AV node cell action potential [GO:0086056]; voltage-gated calcium channel activity involved in cardiac muscle cell action potential [GO:0086007],Voltage-dependent L-type calcium channel subunit alpha-1C
Pocillopora_acuta_HIv2___TS.g24252.t1,SLC,,Q9NRA2,6.56e-121,Sialin (H(+)/nitrate cotransporter) (H(+)/sialic acid cotransporter) (AST) (Membrane glycoprotein HP59) (Solute carrier family 17 member 5) (Vesicular excitatory amino acid transporter) (VEAT),amino acid transport [GO:0006865]; monoatomic anion transport [GO:0006820]; monoatomic ion transport [GO:0006811]; neurotransmitter loading into synaptic vesicle [GO:0098700]; response to bacterium [GO:0009617]; sialic acid transport [GO:0015739],GO:0005351; GO:0005764; GO:0005765; GO:0005829; GO:0005886; GO:0006811; GO:0006820; GO:0006865; GO:0009617; GO:0015136; GO:0015538; GO:0015739; GO:0016020; GO:0016323; GO:0016324; GO:0030672; GO:0042880; GO:0098700; GO:0098978,apical plasma membrane [GO:0016324]; basolateral plasma membrane [GO:0016323]; cytosol [GO:0005829]; glutamatergic synapse [GO:0098978]; lysosomal membrane [GO:0005765]; lysosome [GO:0005764]; membrane [GO:0016020]; plasma membrane [GO:0005886]; synaptic vesicle membrane [GO:0030672],carbohydrate:proton symporter activity [GO:0005351]; D-glucuronate transmembrane transporter activity [GO:0042880]; sialic acid transmembrane transporter activity [GO:0015136]; sialic acid:proton symporter activity [GO:0015538],Sialin
Pocillopora_acuta_HIv2___TS.g2443.t1,SLC,,A1L1W9,7.91e-58,Monocarboxylate transporter 10 (MCT 10) (Solute carrier family 16 member 10),aromatic amino acid transport [GO:0015801]; thyroid hormone transport [GO:0070327],GO:0005302; GO:0005886; GO:0015173; GO:0015192; GO:0015196; GO:0015349; GO:0015801; GO:0016323; GO:0022857; GO:0070327,basolateral plasma membrane [GO:0016323]; plasma membrane [GO:0005886],aromatic amino acid transmembrane transporter activity [GO:0015173]; L-phenylalanine transmembrane transporter activity [GO:0015192]; L-tryptophan transmembrane transporter activity [GO:0015196]; L-tyrosine transmembrane transporter activity [GO:0005302]; thyroid hormone transmembrane transporter activity [GO:0015349]; transmembrane transporter activity [GO:0022857],Monocarboxylate transporter 10
Pocillopora_acuta_HIv2___TS.g24489.t1,SLC,,Q7SY29,6.4e-143,Glucose-6-phosphate exchanger SLC37A2 (Solute carrier family 37 member 2),glucose-6-phosphate transport [GO:0015760]; phagosome maturation [GO:0090382]; phosphate ion transmembrane transport [GO:0035435],GO:0005789; GO:0015760; GO:0035435; GO:0061513; GO:0090382,endoplasmic reticulum membrane [GO:0005789],glucose 6-phosphate:phosphate antiporter activity [GO:0061513],Glucose-6-phosphate exchanger SLC37A2
Pocillopora_acuta_HIv2___TS.g24602.t1,SLC,,A0A096X8J7,0,Anion exchange protein 3 (AE 3) (Solute carrier family 4 member 3),bicarbonate transport [GO:0015701]; cardiac muscle cell action potential [GO:0086001]; regulation of intracellular pH [GO:0051453]; transmembrane transport [GO:0055085],GO:0005452; GO:0005886; GO:0008509; GO:0015701; GO:0051453; GO:0055085; GO:0086001,plasma membrane [GO:0005886],monoatomic anion transmembrane transporter activity [GO:0008509]; solute:inorganic anion antiporter activity [GO:0005452],Anion exchange protein 3
Pocillopora_acuta_HIv2___TS.g24868.t1,SLC,,Q8IVB4,1.79e-165,Sodium/hydrogen exchanger 9 (Na(+)/H(+) exchanger 9) (NHE-9) (Solute carrier family 9 member 9),defense response to bacterium [GO:0042742]; monoatomic ion transport [GO:0006811]; phagosome maturation [GO:0090382]; potassium ion transmembrane transport [GO:0071805]; regulation of intracellular pH [GO:0051453]; sodium ion import across plasma membrane [GO:0098719],GO:0005769; GO:0005886; GO:0006811; GO:0015385; GO:0015386; GO:0030670; GO:0031901; GO:0031902; GO:0032009; GO:0042742; GO:0051453; GO:0055037; GO:0055038; GO:0071805; GO:0090382; GO:0098719,early endosome [GO:0005769]; early endosome membrane [GO:0031901]; early phagosome [GO:0032009]; late endosome membrane [GO:0031902]; phagocytic vesicle membrane [GO:0030670]; plasma membrane [GO:0005886]; recycling endosome [GO:0055037]; recycling endosome membrane [GO:0055038],potassium:proton antiporter activity [GO:0015386]; sodium:proton antiporter activity [GO:0015385],Sodium/hydrogen exchanger 9
Pocillopora_acuta_HIv2___TS.g24869.t1,SLC,,F7B113,0,Sodium/hydrogen exchanger 9 (Na(+)/H(+) exchanger 9) (NHE-9) (Sodium/hydrogen exchanger) (Solute carrier family 9 member 9),defense response to bacterium [GO:0042742]; phagosome maturation [GO:0090382]; potassium ion transmembrane transport [GO:0071805]; proton transmembrane transport [GO:1902600]; regulation of intracellular pH [GO:0051453]; sodium ion import across plasma membrane [GO:0098719]; sodium ion transmembrane transport [GO:0035725],GO:0005886; GO:0015385; GO:0015386; GO:0030670; GO:0031901; GO:0031902; GO:0032009; GO:0035725; GO:0042742; GO:0042803; GO:0051453; GO:0055037; GO:0055038; GO:0071805; GO:0090382; GO:0098719; GO:1902600,early endosome membrane [GO:0031901]; early phagosome [GO:0032009]; late endosome membrane [GO:0031902]; phagocytic vesicle membrane [GO:0030670]; plasma membrane [GO:0005886]; recycling endosome [GO:0055037]; recycling endosome membrane [GO:0055038],potassium:proton antiporter activity [GO:0015386]; protein homodimerization activity [GO:0042803]; sodium:proton antiporter activity [GO:0015385],Sodium/hydrogen exchanger 9
Pocillopora_acuta_HIv2___TS.g25078.t1,SLC,,Q8IZD6,2.1e-77,Solute carrier family 22 member 15 (Fly-like putative transporter 1) (Flipt 1),amino acid transport [GO:0006865]; monoatomic ion transport [GO:0006811],GO:0005886; GO:0006811; GO:0006865; GO:0015199,plasma membrane [GO:0005886],amino-acid betaine transmembrane transporter activity [GO:0015199],Solute carrier family 22 member 15
Pocillopora_acuta_HIv2___TS.g25104.t1,SLC,,Q6PEH9,5.66e-77,Zinc transporter ZIP10 (Solute carrier family 39 member 10) (Zrt- and Irt-like protein 10) (ZIP-10),epiboly involved in gastrulation with mouth forming second [GO:0055113]; epithelial to mesenchymal transition [GO:0001837]; intracellular monoatomic cation homeostasis [GO:0030003]; response to zinc ion [GO:0010043]; zinc ion import across plasma membrane [GO:0071578]; zinc ion transport [GO:0006829],GO:0001837; GO:0005385; GO:0005886; GO:0006829; GO:0010043; GO:0016324; GO:0030003; GO:0055113; GO:0071578; GO:0140410,apical plasma membrane [GO:0016324]; plasma membrane [GO:0005886],monoatomic cation:bicarbonate symporter activity [GO:0140410]; zinc ion transmembrane transporter activity [GO:0005385],Zinc transporter ZIP10
Pocillopora_acuta_HIv2___TS.g25376.t1c,SLC,,Q75N73,9.75e-103,Metal cation symporter ZIP14 (Factor for adipocyte differentiation 123) (FAD-123) (Solute carrier family 39 member 14) (Zrt- and Irt-like protein 14) (ZIP-14),cellular response to glucose stimulus [GO:0071333]; cellular response to insulin stimulus [GO:0032869]; chondrocyte differentiation [GO:0002062]; gluconeogenesis [GO:0006094]; inorganic cation transmembrane transport [GO:0098662]; insulin receptor signaling pathway [GO:0008286]; intracellular zinc ion homeostasis [GO:0006882]; iron import into cell [GO:0033212]; iron ion transmembrane transport [GO:0034755]; iron ion transport [GO:0006826]; manganese ion homeostasis [GO:0055071]; manganese ion transmembrane transport [GO:0071421]; positive regulation of G protein-coupled receptor signaling pathway [GO:0045745]; regulation of hormone levels [GO:0010817]; zinc ion import across plasma membrane [GO:0071578]; zinc ion transmembrane transport [GO:0071577]; zinc ion transport [GO:0006829],GO:0002062; GO:0005381; GO:0005384; GO:0005385; GO:0005765; GO:0005886; GO:0006094; GO:0006826; GO:0006829; GO:0006882; GO:0008286; GO:0010817; GO:0015086; GO:0015093; GO:0015296; GO:0016323; GO:0016324; GO:0031901; GO:0031902; GO:0032869; GO:0033212; GO:0034755; GO:0045745; GO:0055071; GO:0071333; GO:0071421; GO:0071577; GO:0071578; GO:0098662; GO:0140410,apical plasma membrane [GO:0016324]; basolateral plasma membrane [GO:0016323]; early endosome membrane [GO:0031901]; late endosome membrane [GO:0031902]; lysosomal membrane [GO:0005765]; plasma membrane [GO:0005886],cadmium ion transmembrane transporter activity [GO:0015086]; ferrous iron transmembrane transporter activity [GO:0015093]; iron ion transmembrane transporter activity [GO:0005381]; manganese ion transmembrane transporter activity [GO:0005384]; monoatomic anion:monoatomic cation symporter activity [GO:0015296]; monoatomic cation:bicarbonate symporter activity [GO:0140410]; zinc ion transmembrane transporter activity [GO:0005385],Metal cation symporter ZIP14
Pocillopora_acuta_HIv2___TS.g25923.t1,SLC,,P23978,0,Sodium- and chloride-dependent GABA transporter 1 (GAT-1) (Solute carrier family 6 member 1),"amino acid transport [GO:0006865]; associative learning [GO:0008306]; chloride transmembrane transport [GO:1902476]; gamma-aminobutyric acid import [GO:0051939]; inorganic anion import across plasma membrane [GO:0098658]; learning [GO:0007612]; memory [GO:0007613]; negative regulation of synaptic transmission, GABAergic [GO:0032229]; neurotransmitter reuptake [GO:0098810]; positive regulation of gamma-aminobutyric acid secretion [GO:0014054]; response to calcium ion [GO:0051592]; response to cocaine [GO:0042220]; response to estradiol [GO:0032355]; response to lead ion [GO:0010288]; response to methamphetamine hydrochloride [GO:1904313]; response to purine-containing compound [GO:0014074]; response to sucrose [GO:0009744]; response to toxic substance [GO:0009636]; response to xenobiotic stimulus [GO:0009410]; sodium ion import across plasma membrane [GO:0098719]; sodium ion transmembrane transport [GO:0035725]; synapse organization [GO:0050808]",GO:0005283; GO:0005332; GO:0005886; GO:0006865; GO:0007612; GO:0007613; GO:0008306; GO:0009410; GO:0009636; GO:0009744; GO:0009986; GO:0010288; GO:0014054; GO:0014074; GO:0015185; GO:0015378; GO:0030424; GO:0032229; GO:0032355; GO:0035725; GO:0042220; GO:0042734; GO:0042802; GO:0043025; GO:0045211; GO:0046872; GO:0050808; GO:0051592; GO:0051939; GO:0098658; GO:0098719; GO:0098810; GO:0098982; GO:1902476; GO:1904313,axon [GO:0030424]; cell surface [GO:0009986]; GABA-ergic synapse [GO:0098982]; neuronal cell body [GO:0043025]; plasma membrane [GO:0005886]; postsynaptic membrane [GO:0045211]; presynaptic membrane [GO:0042734],amino acid:sodium symporter activity [GO:0005283]; gamma-aminobutyric acid transmembrane transporter activity [GO:0015185]; gamma-aminobutyric acid:sodium:chloride symporter activity [GO:0005332]; identical protein binding [GO:0042802]; metal ion binding [GO:0046872]; sodium:chloride symporter activity [GO:0015378],Sodium- and chloride-dependent GABA transporter 1
Pocillopora_acuta_HIv2___TS.g25979.t1,"TRP, calcium",,Q9UBN4,6.26e-60,Short transient receptor potential channel 4 (TrpC4) (Trp-related protein 4) (hTrp-4) (hTrp4),calcium ion import [GO:0070509]; calcium ion transmembrane transport [GO:0070588]; calcium ion transport [GO:0006816]; gamma-aminobutyric acid secretion [GO:0014051]; oligodendrocyte differentiation [GO:0048709]; regulation of cytosolic calcium ion concentration [GO:0051480],GO:0005262; GO:0005886; GO:0005901; GO:0006816; GO:0008013; GO:0009986; GO:0014051; GO:0015279; GO:0016323; GO:0030863; GO:0034703; GO:0034704; GO:0045296; GO:0048709; GO:0051480; GO:0070509; GO:0070588; GO:0070679,basolateral plasma membrane [GO:0016323]; calcium channel complex [GO:0034704]; cation channel complex [GO:0034703]; caveola [GO:0005901]; cell surface [GO:0009986]; cortical cytoskeleton [GO:0030863]; plasma membrane [GO:0005886],"beta-catenin binding [GO:0008013]; cadherin binding [GO:0045296]; calcium channel activity [GO:0005262]; inositol 1,4,5 trisphosphate binding [GO:0070679]; store-operated calcium channel activity [GO:0015279]",Short transient receptor potential channel 4
Pocillopora_acuta_HIv2___TS.g25981.t2,"TRP, calcium",,Q9UL62,3.37e-44,Short transient receptor potential channel 5 (TrpC5) (Transient receptor protein 5) (TRP-5) (hTRP-5) (hTRP5),calcium ion transmembrane transport [GO:0070588]; calcium ion transport [GO:0006816]; negative regulation of dendrite morphogenesis [GO:0050774]; nervous system development [GO:0007399]; neuron apoptotic process [GO:0051402]; neuron differentiation [GO:0030182]; phosphatidylserine exposure on apoptotic cell surface [GO:0070782]; positive regulation of axon extension [GO:0045773]; positive regulation of cell population proliferation [GO:0008284]; positive regulation of cytosolic calcium ion concentration [GO:0007204]; positive regulation of neuron differentiation [GO:0045666]; regulation of cytosolic calcium ion concentration [GO:0051480]; regulation of membrane hyperpolarization [GO:1902630],GO:0003779; GO:0005262; GO:0005886; GO:0006816; GO:0007204; GO:0007399; GO:0008284; GO:0015279; GO:0030182; GO:0030276; GO:0030425; GO:0030426; GO:0034703; GO:0034704; GO:0042805; GO:0043025; GO:0045666; GO:0045773; GO:0050774; GO:0051117; GO:0051402; GO:0051480; GO:0070588; GO:0070679; GO:0070782; GO:0098793; GO:1902630,calcium channel complex [GO:0034704]; cation channel complex [GO:0034703]; dendrite [GO:0030425]; growth cone [GO:0030426]; neuronal cell body [GO:0043025]; plasma membrane [GO:0005886]; presynapse [GO:0098793],"actin binding [GO:0003779]; actinin binding [GO:0042805]; ATPase binding [GO:0051117]; calcium channel activity [GO:0005262]; clathrin binding [GO:0030276]; inositol 1,4,5 trisphosphate binding [GO:0070679]; store-operated calcium channel activity [GO:0015279]",Short transient receptor potential channel 5
Pocillopora_acuta_HIv2___TS.g25987.t1,"TRP, calcium",,Q61143,7.38e-39,Short transient receptor potential channel 6 (TrpC6) (Calcium entry channel) (Transient receptor protein 6) (TRP-6),cellular response to hydrogen peroxide [GO:0070301]; cellular response to hypoxia [GO:0071456]; negative regulation of dendrite morphogenesis [GO:0050774]; neuron differentiation [GO:0030182]; positive regulation of calcium ion transport [GO:0051928]; positive regulation of cytosolic calcium ion concentration [GO:0007204]; positive regulation of neuron differentiation [GO:0045666],GO:0003779; GO:0005216; GO:0005262; GO:0005737; GO:0005886; GO:0007204; GO:0015279; GO:0030182; GO:0030276; GO:0036057; GO:0042803; GO:0042805; GO:0045666; GO:0050774; GO:0051117; GO:0051928; GO:0070301; GO:0070679; GO:0071456,cytoplasm [GO:0005737]; plasma membrane [GO:0005886]; slit diaphragm [GO:0036057],"actin binding [GO:0003779]; actinin binding [GO:0042805]; ATPase binding [GO:0051117]; calcium channel activity [GO:0005262]; clathrin binding [GO:0030276]; inositol 1,4,5 trisphosphate binding [GO:0070679]; monoatomic ion channel activity [GO:0005216]; protein homodimerization activity [GO:0042803]; store-operated calcium channel activity [GO:0015279]",Short transient receptor potential channel 6
Pocillopora_acuta_HIv2___TS.g26046.t2,SLC,,Q922Q5,2.25e-152,Adenosine 3'-phospho 5'-phosphosulfate transporter 2 (Solute carrier family 35 member B3),5'-adenylyl sulfate transmembrane transport [GO:1902558],GO:0000139; GO:0005739; GO:0005802; GO:0015297; GO:0046964; GO:1902558,Golgi membrane [GO:0000139]; mitochondrion [GO:0005739]; trans-Golgi network [GO:0005802],3'-phosphoadenosine 5'-phosphosulfate transmembrane transporter activity [GO:0046964]; antiporter activity [GO:0015297],Adenosine 3'-phospho 5'-phosphosulfate transporter 2
Pocillopora_acuta_HIv2___TS.g262.t1,SLC,,Q6GM59,1.1e-40,Monocarboxylate transporter 12 (MCT 12) (Solute carrier family 16 member 12),creatine transmembrane transport [GO:0015881]; creatinine metabolic process [GO:0046449],GO:0005308; GO:0005886; GO:0015292; GO:0015881; GO:0016323; GO:0022857; GO:0046449,basolateral plasma membrane [GO:0016323]; plasma membrane [GO:0005886],creatine transmembrane transporter activity [GO:0005308]; transmembrane transporter activity [GO:0022857]; uniporter activity [GO:0015292],Monocarboxylate transporter 12
Pocillopora_acuta_HIv2___TS.g26744.t1,SLC,,Q49B93,6.79e-104,Sodium-coupled monocarboxylate transporter 2 (Electroneutral sodium monocarboxylate cotransporter) (Low-affinity sodium-lactate cotransporter) (Solute carrier family 5 member 12),,GO:0005654; GO:0015129; GO:0016324; GO:0140161,apical plasma membrane [GO:0016324]; nucleoplasm [GO:0005654],lactate transmembrane transporter activity [GO:0015129]; monocarboxylate:sodium symporter activity [GO:0140161],Sodium-coupled monocarboxylate transporter 2
Pocillopora_acuta_HIv2___TS.g26745.t2,SLC,,O70247,4.41e-135,Sodium-dependent multivitamin transporter (Na(+)-dependent multivitamin transporter) (Solute carrier family 5 member 6),biotin import across plasma membrane [GO:1905135]; biotin metabolic process [GO:0006768]; biotin transport [GO:0015878]; iodide transmembrane transport [GO:1904200]; pantothenate transmembrane transport [GO:0015887]; sodium ion transport [GO:0006814]; transport across blood-brain barrier [GO:0150104],GO:0005886; GO:0006768; GO:0006814; GO:0008523; GO:0009925; GO:0015111; GO:0015225; GO:0015233; GO:0015498; GO:0015878; GO:0015887; GO:0016323; GO:0016324; GO:0031526; GO:0042887; GO:0090482; GO:0140161; GO:0150104; GO:1901682; GO:1904200; GO:1905135,apical plasma membrane [GO:0016324]; basal plasma membrane [GO:0009925]; basolateral plasma membrane [GO:0016323]; brush border membrane [GO:0031526]; plasma membrane [GO:0005886],amide transmembrane transporter activity [GO:0042887]; biotin transmembrane transporter activity [GO:0015225]; iodide transmembrane transporter activity [GO:0015111]; monocarboxylate:sodium symporter activity [GO:0140161]; pantothenate transmembrane transporter activity [GO:0015233]; pantothenate:sodium symporter activity [GO:0015498]; sodium-dependent multivitamin transmembrane transporter activity [GO:0008523]; sulfur compound transmembrane transporter activity [GO:1901682]; vitamin transmembrane transporter activity [GO:0090482],Sodium-dependent multivitamin transporter
Pocillopora_acuta_HIv2___TS.g26875.t1,SLC,,D4A734,5.28e-32,Monocarboxylate transporter 12 (MCT 12) (Solute carrier family 16 member 12),creatine transmembrane transport [GO:0015881]; creatinine metabolic process [GO:0046449],GO:0005308; GO:0005886; GO:0015292; GO:0015881; GO:0016323; GO:0022857; GO:0046449,basolateral plasma membrane [GO:0016323]; plasma membrane [GO:0005886],creatine transmembrane transporter activity [GO:0005308]; transmembrane transporter activity [GO:0022857]; uniporter activity [GO:0015292],Monocarboxylate transporter 12
Pocillopora_acuta_HIv2___TS.g26984.t1,calcium,,P22770,7e-96,Neuronal acetylcholine receptor subunit alpha-7 (nAChR7) (Nicotinic acetylcholine receptor subunit alpha-7),"calcium ion transport [GO:0006816]; chemical synaptic transmission [GO:0007268]; cognition [GO:0050890]; intracellular calcium ion homeostasis [GO:0006874]; monoatomic ion transmembrane transport [GO:0034220]; negative regulation of cytokine production involved in inflammatory response [GO:1900016]; negative regulation of tumor necrosis factor production [GO:0032720]; positive regulation of angiogenesis [GO:0045766]; positive regulation of cell population proliferation [GO:0008284]; positive regulation of MAPK cascade [GO:0043410]; regulation of membrane potential [GO:0042391]; response to hypoxia [GO:0001666]; response to nicotine [GO:0035094]; signal transduction [GO:0007165]; synaptic transmission, cholinergic [GO:0007271]",GO:0001540; GO:0001666; GO:0005737; GO:0005886; GO:0005892; GO:0006816; GO:0006874; GO:0007165; GO:0007268; GO:0007271; GO:0008284; GO:0015464; GO:0015643; GO:0017081; GO:0022848; GO:0030424; GO:0030425; GO:0032720; GO:0034220; GO:0035094; GO:0042166; GO:0042391; GO:0042803; GO:0043005; GO:0043204; GO:0043410; GO:0045202; GO:0045211; GO:0045766; GO:0050890; GO:1900016,acetylcholine-gated channel complex [GO:0005892]; axon [GO:0030424]; cytoplasm [GO:0005737]; dendrite [GO:0030425]; neuron projection [GO:0043005]; perikaryon [GO:0043204]; plasma membrane [GO:0005886]; postsynaptic membrane [GO:0045211]; synapse [GO:0045202],acetylcholine binding [GO:0042166]; acetylcholine receptor activity [GO:0015464]; acetylcholine-gated monoatomic cation-selective channel activity [GO:0022848]; amyloid-beta binding [GO:0001540]; chloride channel regulator activity [GO:0017081]; protein homodimerization activity [GO:0042803]; toxic substance binding [GO:0015643],Neuronal acetylcholine receptor subunit alpha-7
Pocillopora_acuta_HIv2___TS.g27097.t1,SLC,,Q71RS6,1.85e-128,Sodium/potassium/calcium exchanger 5 (Na(+)/K(+)/Ca(2+)-exchange protein 5) (Solute carrier family 24 member 5),calcium ion import [GO:0070509]; calcium ion transmembrane transport [GO:0070588]; intracellular calcium ion homeostasis [GO:0006874]; melanin biosynthetic process [GO:0042438]; monoatomic ion transmembrane transport [GO:0034220]; monoatomic ion transport [GO:0006811]; negative regulation of melanin biosynthetic process [GO:0048022],GO:0005262; GO:0005802; GO:0006811; GO:0006874; GO:0008273; GO:0015293; GO:0032588; GO:0034220; GO:0042438; GO:0042470; GO:0048022; GO:0070509; GO:0070588,melanosome [GO:0042470]; trans-Golgi network [GO:0005802]; trans-Golgi network membrane [GO:0032588],"calcium channel activity [GO:0005262]; calcium, potassium:sodium antiporter activity [GO:0008273]; symporter activity [GO:0015293]",Sodium/potassium/calcium exchanger 5
Pocillopora_acuta_HIv2___TS.g27662.t3b,calcium,,Q13698,0,"Voltage-dependent L-type calcium channel subunit alpha-1S (Calcium channel, L type, alpha-1 polypeptide, isoform 3, skeletal muscle) (Voltage-gated calcium channel subunit alpha Cav1.1)",calcium ion import across plasma membrane [GO:0098703]; calcium ion transmembrane transport [GO:0070588]; calcium ion transport [GO:0006816]; cellular response to caffeine [GO:0071313]; endoplasmic reticulum organization [GO:0007029]; extraocular skeletal muscle development [GO:0002074]; muscle contraction [GO:0006936]; myoblast fusion [GO:0007520]; neuromuscular junction development [GO:0007528]; positive regulation of muscle contraction [GO:0045933]; release of sequestered calcium ion into cytosol [GO:0051209]; skeletal muscle adaptation [GO:0043501]; skeletal muscle fiber development [GO:0048741]; skeletal system development [GO:0001501]; striated muscle contraction [GO:0006941],GO:0001501; GO:0002074; GO:0005245; GO:0005516; GO:0005737; GO:0005886; GO:0005891; GO:0006816; GO:0006936; GO:0006941; GO:0007029; GO:0007520; GO:0007528; GO:0008331; GO:0016529; GO:0030315; GO:0031674; GO:0036094; GO:0043501; GO:0045933; GO:0046872; GO:0048741; GO:0051209; GO:0070588; GO:0071313; GO:0098703; GO:0140677; GO:1990454,cytoplasm [GO:0005737]; I band [GO:0031674]; L-type voltage-gated calcium channel complex [GO:1990454]; plasma membrane [GO:0005886]; sarcoplasmic reticulum [GO:0016529]; T-tubule [GO:0030315]; voltage-gated calcium channel complex [GO:0005891],calmodulin binding [GO:0005516]; high voltage-gated calcium channel activity [GO:0008331]; metal ion binding [GO:0046872]; molecular function activator activity [GO:0140677]; small molecule binding [GO:0036094]; voltage-gated calcium channel activity [GO:0005245],Voltage-dependent L-type calcium channel subunit alpha-1S
Pocillopora_acuta_HIv2___TS.g27838.t1,calcium,,Q8C8R3,1.54e-20,Ankyrin-2 (ANK-2) (Ankyrin-B) (Brain ankyrin),atrial cardiac muscle cell action potential [GO:0086014]; atrial cardiac muscle cell to AV node cell communication [GO:0086066]; cardiac muscle contraction [GO:0060048]; endocytosis [GO:0006897]; intracellular calcium ion homeostasis [GO:0006874]; positive regulation of calcium ion transport [GO:0051928]; positive regulation of gene expression [GO:0010628]; positive regulation of potassium ion import across plasma membrane [GO:1903288]; protein localization [GO:0008104]; protein localization to cell surface [GO:0034394]; protein localization to endoplasmic reticulum [GO:0070972]; protein localization to M-band [GO:0036309]; protein localization to plasma membrane [GO:0072659]; protein localization to T-tubule [GO:0036371]; protein stabilization [GO:0050821]; protein transport [GO:0015031]; regulation of atrial cardiac muscle cell action potential [GO:0098910]; regulation of AV node cell action potential [GO:0098904]; regulation of calcium ion transport [GO:0051924]; regulation of cardiac muscle cell contraction [GO:0086004]; regulation of cardiac muscle cell membrane potential [GO:0086036]; regulation of cardiac muscle contraction [GO:0055117]; regulation of cardiac muscle contraction by calcium ion signaling [GO:0010882]; regulation of cardiac muscle contraction by regulation of the release of sequestered calcium ion [GO:0010881]; regulation of heart rate [GO:0002027]; regulation of heart rate by cardiac conduction [GO:0086091]; regulation of protein stability [GO:0031647]; regulation of SA node cell action potential [GO:0098907]; SA node cell action potential [GO:0086015]; SA node cell to atrial cardiac muscle cell communication [GO:0086070]; T-tubule organization [GO:0033292],GO:0002027; GO:0005737; GO:0005739; GO:0005764; GO:0005769; GO:0005856; GO:0005886; GO:0006874; GO:0006897; GO:0008104; GO:0010628; GO:0010881; GO:0010882; GO:0014069; GO:0014704; GO:0015031; GO:0015459; GO:0030018; GO:0030315; GO:0030674; GO:0031234; GO:0031430; GO:0031647; GO:0031672; GO:0033010; GO:0033292; GO:0034394; GO:0036309; GO:0036371; GO:0042383; GO:0043034; GO:0044325; GO:0045211; GO:0048471; GO:0050821; GO:0051117; GO:0051924; GO:0051928; GO:0055037; GO:0055117; GO:0060048; GO:0070972; GO:0072659; GO:0086004; GO:0086014; GO:0086015; GO:0086036; GO:0086066; GO:0086070; GO:0086091; GO:0098904; GO:0098907; GO:0098910; GO:0099103; GO:0099104; GO:1903288,A band [GO:0031672]; costamere [GO:0043034]; cytoplasm [GO:0005737]; cytoskeleton [GO:0005856]; early endosome [GO:0005769]; extrinsic component of cytoplasmic side of plasma membrane [GO:0031234]; intercalated disc [GO:0014704]; lysosome [GO:0005764]; M band [GO:0031430]; mitochondrion [GO:0005739]; paranodal junction [GO:0033010]; perinuclear region of cytoplasm [GO:0048471]; plasma membrane [GO:0005886]; postsynaptic density [GO:0014069]; postsynaptic membrane [GO:0045211]; recycling endosome [GO:0055037]; sarcolemma [GO:0042383]; T-tubule [GO:0030315]; Z disc [GO:0030018],ATPase binding [GO:0051117]; channel activator activity [GO:0099103]; potassium channel activator activity [GO:0099104]; potassium channel regulator activity [GO:0015459]; protein-macromolecule adaptor activity [GO:0030674]; transmembrane transporter binding [GO:0044325],Ankyrin-2
Pocillopora_acuta_HIv2___TS.g27873.t1,SLC,,A0A096X8J7,0,Anion exchange protein 3 (AE 3) (Solute carrier family 4 member 3),bicarbonate transport [GO:0015701]; cardiac muscle cell action potential [GO:0086001]; regulation of intracellular pH [GO:0051453]; transmembrane transport [GO:0055085],GO:0005452; GO:0005886; GO:0008509; GO:0015701; GO:0051453; GO:0055085; GO:0086001,plasma membrane [GO:0005886],monoatomic anion transmembrane transporter activity [GO:0008509]; solute:inorganic anion antiporter activity [GO:0005452],Anion exchange protein 3
Pocillopora_acuta_HIv2___TS.g27885.t3,calcium,,Q05941,1.58e-76,Neuronal acetylcholine receptor subunit alpha-7 (nAChR7) (Nicotinic acetylcholine receptor subunit alpha-7),"acetylcholine receptor signaling pathway [GO:0095500]; associative learning [GO:0008306]; B cell activation [GO:0042113]; behavioral response to ethanol [GO:0048149]; behavioral response to nicotine [GO:0035095]; calcium ion transport [GO:0006816]; chemical synaptic transmission [GO:0007268]; cognition [GO:0050890]; dendrite arborization [GO:0140059]; dendritic spine organization [GO:0097061]; dopamine biosynthetic process [GO:0042416]; endocytosis [GO:0006897]; establishment of localization in cell [GO:0051649]; excitatory postsynaptic potential [GO:0060079]; flagellated sperm motility [GO:0030317]; generation of ovulation cycle rhythm [GO:0060112]; intracellular calcium ion homeostasis [GO:0006874]; learning or memory [GO:0007611]; ligand-gated ion channel signaling pathway [GO:1990806]; memory [GO:0007613]; modulation of chemical synaptic transmission [GO:0050804]; modulation of excitatory postsynaptic potential [GO:0098815]; monoatomic ion transmembrane transport [GO:0034220]; monoatomic ion transport [GO:0006811]; negative regulation of amyloid-beta formation [GO:1902430]; negative regulation of canonical NF-kappaB signal transduction [GO:0043124]; negative regulation of cytokine production involved in inflammatory response [GO:1900016]; negative regulation of ERK1 and ERK2 cascade [GO:0070373]; negative regulation of inflammatory response [GO:0050728]; negative regulation of interleukin-1 beta production [GO:0032691]; negative regulation of interleukin-6 production [GO:0032715]; negative regulation of tumor necrosis factor production [GO:0032720]; neuronal action potential [GO:0019228]; ovulation cycle [GO:0042698]; positive regulation of amyloid-beta formation [GO:1902004]; positive regulation of angiogenesis [GO:0045766]; positive regulation of cell population proliferation [GO:0008284]; positive regulation of ERK1 and ERK2 cascade [GO:0070374]; positive regulation of excitatory postsynaptic potential [GO:2000463]; positive regulation of gene expression [GO:0010628]; positive regulation of heart rate involved in baroreceptor response to decreased systemic arterial blood pressure [GO:0001988]; positive regulation of long-term synaptic potentiation [GO:1900273]; positive regulation of MAPK cascade [GO:0043410]; positive regulation of protein metabolic process [GO:0051247]; presynaptic modulation of chemical synaptic transmission [GO:0099171]; regulation of amyloid fibril formation [GO:1905906]; regulation of amyloid precursor protein catabolic process [GO:1902991]; regulation of inflammatory response [GO:0050727]; regulation of membrane potential [GO:0042391]; regulation of norepinephrine secretion [GO:0014061]; regulation of response to drug [GO:2001023]; regulation of synapse structural plasticity [GO:0051823]; regulation of synaptic transmission, dopaminergic [GO:0032225]; response to acetylcholine [GO:1905144]; response to amyloid-beta [GO:1904645]; response to carbamate [GO:0046681]; response to cold [GO:0009409]; response to ethanol [GO:0045471]; response to food [GO:0032094]; response to hypoxia [GO:0001666]; response to nicotine [GO:0035094]; sensory processing [GO:0050893]; signal transduction [GO:0007165]; synapse organization [GO:0050808]; synaptic transmission involved in micturition [GO:0060084]; synaptic transmission, cholinergic [GO:0007271]; T cell activation [GO:0042110]",GO:0001540; GO:0001666; GO:0001988; GO:0004888; GO:0005216; GO:0005789; GO:0005886; GO:0005892; GO:0006811; GO:0006816; GO:0006874; GO:0006897; GO:0007165; GO:0007268; GO:0007271; GO:0007611; GO:0007613; GO:0008179; GO:0008284; GO:0008306; GO:0009409; GO:0009897; GO:0010628; GO:0014061; GO:0015464; GO:0015643; GO:0016020; GO:0016324; GO:0017081; GO:0019228; GO:0019901; GO:0022848; GO:0030317; GO:0030424; GO:0030425; GO:0030426; GO:0030673; GO:0032094; GO:0032225; GO:0032279; GO:0032691; GO:0032715; GO:0032720; GO:0034220; GO:0034703; GO:0035094; GO:0035095; GO:0042110; GO:0042113; GO:0042166; GO:0042391; GO:0042416; GO:0042698; GO:0042734; GO:0042803; GO:0043005; GO:0043025; GO:0043124; GO:0043197; GO:0043198; GO:0043410; GO:0044853; GO:0045202; GO:0045211; GO:0045471; GO:0045766; GO:0046681; GO:0048149; GO:0050727; GO:0050728; GO:0050804; GO:0050808; GO:0050890; GO:0050893; GO:0051117; GO:0051247; GO:0051649; GO:0051823; GO:0060079; GO:0060084; GO:0060112; GO:0070373; GO:0070374; GO:0095500; GO:0097061; GO:0097110; GO:0098690; GO:0098815; GO:0098878; GO:0098897; GO:0098981; GO:0099171; GO:0099634; GO:0140059; GO:1900016; GO:1900273; GO:1902004; GO:1902430; GO:1902991; GO:1904315; GO:1904645; GO:1905144; GO:1905906; GO:1990806; GO:2000463; GO:2001023,acetylcholine-gated channel complex [GO:0005892]; apical plasma membrane [GO:0016324]; asymmetric synapse [GO:0032279]; axolemma [GO:0030673]; axon [GO:0030424]; cation channel complex [GO:0034703]; cholinergic synapse [GO:0098981]; dendrite [GO:0030425]; dendritic shaft [GO:0043198]; dendritic spine [GO:0043197]; endoplasmic reticulum membrane [GO:0005789]; external side of plasma membrane [GO:0009897]; glycinergic synapse [GO:0098690]; growth cone [GO:0030426]; membrane [GO:0016020]; neuron projection [GO:0043005]; neuronal cell body [GO:0043025]; neurotransmitter receptor complex [GO:0098878]; plasma membrane [GO:0005886]; plasma membrane raft [GO:0044853]; postsynaptic membrane [GO:0045211]; postsynaptic specialization membrane [GO:0099634]; presynaptic membrane [GO:0042734]; spine apparatus membrane [GO:0098897]; synapse [GO:0045202],acetylcholine binding [GO:0042166]; acetylcholine receptor activity [GO:0015464]; acetylcholine-gated monoatomic cation-selective channel activity [GO:0022848]; adenylate cyclase binding [GO:0008179]; amyloid-beta binding [GO:0001540]; ATPase binding [GO:0051117]; chloride channel regulator activity [GO:0017081]; monoatomic ion channel activity [GO:0005216]; protein homodimerization activity [GO:0042803]; protein kinase binding [GO:0019901]; scaffold protein binding [GO:0097110]; toxic substance binding [GO:0015643]; transmembrane signaling receptor activity [GO:0004888]; transmitter-gated monoatomic ion channel activity involved in regulation of postsynaptic membrane potential [GO:1904315],Neuronal acetylcholine receptor subunit alpha-7
Pocillopora_acuta_HIv2___TS.g28031.t1,Mechanosensory,,A0A8V0ZB02,1.61e-164,Mechanosensitive cation channel TMEM63B (Transmembrane protein 63B),drinking behavior [GO:0042756]; intestinal stem cell homeostasis [GO:0036335]; sensory perception of sound [GO:0007605]; surfactant secretion [GO:0160069],GO:0005227; GO:0005765; GO:0005886; GO:0007605; GO:0015629; GO:0017128; GO:0031901; GO:0036335; GO:0042756; GO:0120019; GO:0140135; GO:0140338; GO:0160069; GO:1990760,actin cytoskeleton [GO:0015629]; early endosome membrane [GO:0031901]; lysosomal membrane [GO:0005765]; plasma membrane [GO:0005886],calcium-activated cation channel activity [GO:0005227]; mechanosensitive monoatomic cation channel activity [GO:0140135]; osmolarity-sensing monoatomic cation channel activity [GO:1990760]; phosphatidylcholine transfer activity [GO:0120019]; phospholipid scramblase activity [GO:0017128]; sphingomyelin transfer activity [GO:0140338],Mechanosensitive cation channel TMEM63B
Pocillopora_acuta_HIv2___TS.g28104.t1,SLC,,Q8NBS3,2.27e-13,Solute carrier family 4 member 11 (Sodium borate cotransporter 1) (NaBC1),bicarbonate transport [GO:0015701]; borate transport [GO:0046713]; cellular hypotonic response [GO:0071476]; cellular response to oxidative stress [GO:0034599]; fluid transport [GO:0042044]; intracellular monoatomic cation homeostasis [GO:0030003]; monoatomic anion transport [GO:0006820]; monoatomic ion homeostasis [GO:0050801]; proton transmembrane transport [GO:1902600]; regulation of mesenchymal stem cell differentiation [GO:2000739]; regulation of mitochondrial membrane potential [GO:0051881]; sodium ion transport [GO:0006814]; transmembrane transport [GO:0055085],GO:0005272; GO:0005372; GO:0005452; GO:0005886; GO:0006814; GO:0006820; GO:0012506; GO:0015078; GO:0015106; GO:0015252; GO:0015293; GO:0015701; GO:0016323; GO:0016324; GO:0030003; GO:0034599; GO:0042044; GO:0046713; GO:0046715; GO:0046983; GO:0050801; GO:0051881; GO:0055085; GO:0071476; GO:1902600; GO:2000739,apical plasma membrane [GO:0016324]; basolateral plasma membrane [GO:0016323]; plasma membrane [GO:0005886]; vesicle membrane [GO:0012506],active borate transmembrane transporter activity [GO:0046715]; bicarbonate transmembrane transporter activity [GO:0015106]; protein dimerization activity [GO:0046983]; proton channel activity [GO:0015252]; proton transmembrane transporter activity [GO:0015078]; sodium channel activity [GO:0005272]; solute:inorganic anion antiporter activity [GO:0005452]; symporter activity [GO:0015293]; water transmembrane transporter activity [GO:0005372],Solute carrier family 4 member 11
Pocillopora_acuta_HIv2___TS.g28426.t1,SLC,,Q8K078,4.77e-129,Solute carrier organic anion transporter family member 4A1 (Organic anion-transporting polypeptide E) (OATP-E) (Sodium-independent organic anion transporter E) (Solute carrier family 21 member 12),monoatomic ion transport [GO:0006811]; organic anion transport [GO:0015711],GO:0005886; GO:0006811; GO:0008514; GO:0015132; GO:0015711,plasma membrane [GO:0005886],organic anion transmembrane transporter activity [GO:0008514]; prostaglandin transmembrane transporter activity [GO:0015132],Solute carrier organic anion transporter family member 4A1
Pocillopora_acuta_HIv2___TS.g28936.t1,calcium,,O08852,1.26e-21,Polycystin-1 (Autosomal dominant polycystic kidney disease 1 protein homolog),blood vessel development [GO:0001568]; branching involved in lymph vessel morphogenesis [GO:0060854]; branching morphogenesis of an epithelial tube [GO:0048754]; calcium ion transmembrane transport [GO:0070588]; calcium ion transport [GO:0006816]; cartilage condensation [GO:0001502]; cell surface receptor signaling pathway via JAK-STAT [GO:0007259]; cell-cell adhesion [GO:0098609]; detection of mechanical stimulus [GO:0050982]; digestive tract development [GO:0048565]; embryonic placenta development [GO:0001892]; establishment of cell polarity [GO:0030010]; genitalia development [GO:0048806]; heart development [GO:0007507]; in utero embryonic development [GO:0001701]; kidney development [GO:0001822]; liver development [GO:0001889]; lung epithelium development [GO:0060428]; lymph vessel morphogenesis [GO:0036303]; mesonephric duct development [GO:0072177]; metanephric ascending thin limb development [GO:0072218]; metanephric collecting duct development [GO:0072205]; metanephric distal tubule morphogenesis [GO:0072287]; metanephric proximal tubule development [GO:0072237]; mitocytosis [GO:0160040]; neural tube development [GO:0021915]; nitrogen cycle metabolic process [GO:0071941]; peptidyl-serine phosphorylation [GO:0018105]; placenta blood vessel development [GO:0060674]; positive regulation of cytosolic calcium ion concentration [GO:0007204]; positive regulation of transcription by RNA polymerase II [GO:0045944]; protein export from nucleus [GO:0006611]; protein heterotetramerization [GO:0051290]; regulation of cell adhesion [GO:0030155]; regulation of cell cycle [GO:0051726]; regulation of G1/S transition of mitotic cell cycle [GO:2000045]; regulation of mitotic spindle organization [GO:0060236]; regulation of proteasomal protein catabolic process [GO:0061136]; response to fluid shear stress [GO:0034405]; skin development [GO:0043588]; spinal cord development [GO:0021510]; Wnt signaling pathway [GO:0016055],GO:0001502; GO:0001568; GO:0001701; GO:0001822; GO:0001889; GO:0001892; GO:0002133; GO:0005261; GO:0005262; GO:0005634; GO:0005737; GO:0005783; GO:0005794; GO:0005886; GO:0005929; GO:0006611; GO:0006816; GO:0007204; GO:0007259; GO:0007507; GO:0009986; GO:0016020; GO:0016055; GO:0016323; GO:0016328; GO:0018105; GO:0019901; GO:0019904; GO:0021510; GO:0021915; GO:0030010; GO:0030155; GO:0030246; GO:0031514; GO:0034405; GO:0034703; GO:0034704; GO:0036303; GO:0042813; GO:0043588; GO:0044325; GO:0045944; GO:0048565; GO:0048754; GO:0048806; GO:0050982; GO:0051290; GO:0051726; GO:0060236; GO:0060428; GO:0060674; GO:0060854; GO:0061136; GO:0070062; GO:0070588; GO:0071941; GO:0072177; GO:0072205; GO:0072218; GO:0072237; GO:0072287; GO:0098609; GO:0140416; GO:0140494; GO:0160040; GO:2000045,basolateral plasma membrane [GO:0016323]; calcium channel complex [GO:0034704]; cation channel complex [GO:0034703]; cell surface [GO:0009986]; cilium [GO:0005929]; cytoplasm [GO:0005737]; endoplasmic reticulum [GO:0005783]; extracellular exosome [GO:0070062]; Golgi apparatus [GO:0005794]; lateral plasma membrane [GO:0016328]; membrane [GO:0016020]; migrasome [GO:0140494]; motile cilium [GO:0031514]; nucleus [GO:0005634]; plasma membrane [GO:0005886]; polycystin complex [GO:0002133],calcium channel activity [GO:0005262]; carbohydrate binding [GO:0030246]; monoatomic cation channel activity [GO:0005261]; protein domain specific binding [GO:0019904]; protein kinase binding [GO:0019901]; transcription regulator inhibitor activity [GO:0140416]; transmembrane transporter binding [GO:0044325]; Wnt receptor activity [GO:0042813],Polycystin-1
Pocillopora_acuta_HIv2___TS.g29125.t1,calcium,,P35439,0,"Glutamate receptor ionotropic, NMDA 1 (GluN1) (Glutamate [NMDA] receptor subunit zeta-1) (N-methyl-D-aspartate receptor subunit NR1) (NMD-R1)","adult locomotory behavior [GO:0008344]; associative learning [GO:0008306]; calcium ion homeostasis [GO:0055074]; calcium ion transmembrane import into cytosol [GO:0097553]; calcium ion transmembrane transport [GO:0070588]; calcium ion transport [GO:0006816]; cellular response to glycine [GO:1905430]; cellular response to manganese ion [GO:0071287]; cerebral cortex development [GO:0021987]; chemical synaptic transmission [GO:0007268]; conditioned taste aversion [GO:0001661]; excitatory postsynaptic potential [GO:0060079]; intracellular calcium ion homeostasis [GO:0006874]; ionotropic glutamate receptor signaling pathway [GO:0035235]; learning [GO:0007612]; learning or memory [GO:0007611]; long-term memory [GO:0007616]; male mating behavior [GO:0060179]; memory [GO:0007613]; monoatomic cation transmembrane transport [GO:0098655]; monoatomic cation transport [GO:0006812]; negative regulation of neuron apoptotic process [GO:0043524]; neuromuscular process [GO:0050905]; neuron cellular homeostasis [GO:0070050]; olfactory learning [GO:0008355]; pons maturation [GO:0021586]; positive regulation of apoptotic process [GO:0043065]; positive regulation of calcium ion transport into cytosol [GO:0010524]; positive regulation of dendritic spine maintenance [GO:1902952]; positive regulation of excitatory postsynaptic potential [GO:2000463]; positive regulation of reactive oxygen species biosynthetic process [GO:1903428]; positive regulation of Schwann cell migration [GO:1900149]; positive regulation of synaptic transmission, glutamatergic [GO:0051968]; positive regulation of transcription by RNA polymerase II [GO:0045944]; prepulse inhibition [GO:0060134]; propylene metabolic process [GO:0018964]; protein heterotetramerization [GO:0051290]; protein localization to postsynaptic membrane [GO:1903539]; protein-containing complex assembly [GO:0065003]; regulation of axonogenesis [GO:0050770]; regulation of cell communication [GO:0010646]; regulation of dendrite morphogenesis [GO:0048814]; regulation of long-term neuronal synaptic plasticity [GO:0048169]; regulation of membrane potential [GO:0042391]; regulation of monoatomic cation transmembrane transport [GO:1904062]; regulation of neuron apoptotic process [GO:0043523]; regulation of neuronal synaptic plasticity [GO:0048168]; regulation of respiratory gaseous exchange [GO:0043576]; regulation of synapse assembly [GO:0051963]; regulation of synaptic plasticity [GO:0048167]; response to amine [GO:0014075]; response to amphetamine [GO:0001975]; response to calcium ion [GO:0051592]; response to ethanol [GO:0045471]; response to fungicide [GO:0060992]; response to glycine [GO:1905429]; response to glycoside [GO:1903416]; response to hypoxia [GO:0001666]; response to morphine [GO:0043278]; rhythmic process [GO:0048511]; sensory perception of pain [GO:0019233]; social behavior [GO:0035176]; sodium ion transmembrane transport [GO:0035725]; startle response [GO:0001964]; suckling behavior [GO:0001967]; synaptic transmission, glutamatergic [GO:0035249]; transcription by RNA polymerase II [GO:0006366]; visual learning [GO:0008542]",GO:0001540; GO:0001661; GO:0001666; GO:0001964; GO:0001967; GO:0001975; GO:0004970; GO:0004972; GO:0005102; GO:0005261; GO:0005262; GO:0005509; GO:0005516; GO:0005737; GO:0005783; GO:0005789; GO:0005886; GO:0006366; GO:0006812; GO:0006816; GO:0006874; GO:0007268; GO:0007611; GO:0007612; GO:0007613; GO:0007616; GO:0008021; GO:0008306; GO:0008344; GO:0008355; GO:0008542; GO:0009986; GO:0010524; GO:0010646; GO:0014069; GO:0014075; GO:0015280; GO:0016020; GO:0016594; GO:0016595; GO:0017146; GO:0018964; GO:0019233; GO:0019899; GO:0019902; GO:0021586; GO:0021987; GO:0022824; GO:0022843; GO:0022849; GO:0030425; GO:0030672; GO:0032590; GO:0034702; GO:0035176; GO:0035235; GO:0035249; GO:0035254; GO:0035725; GO:0038023; GO:0042391; GO:0042734; GO:0043005; GO:0043025; GO:0043065; GO:0043083; GO:0043195; GO:0043197; GO:0043278; GO:0043523; GO:0043524; GO:0043576; GO:0044307; GO:0044877; GO:0045202; GO:0045211; GO:0045471; GO:0045944; GO:0048167; GO:0048168; GO:0048169; GO:0048511; GO:0048787; GO:0048814; GO:0050770; GO:0050905; GO:0051290; GO:0051592; GO:0051963; GO:0051968; GO:0055074; GO:0060076; GO:0060079; GO:0060134; GO:0060179; GO:0060992; GO:0065003; GO:0070050; GO:0070588; GO:0071287; GO:0097060; GO:0097553; GO:0098655; GO:0098686; GO:0098688; GO:0098839; GO:0098878; GO:0098978; GO:0099507; GO:1900149; GO:1902952; GO:1903416; GO:1903428; GO:1903539; GO:1904062; GO:1904315; GO:1905429; GO:1905430; GO:2000463,cell surface [GO:0009986]; cytoplasm [GO:0005737]; dendrite [GO:0030425]; dendrite membrane [GO:0032590]; dendritic branch [GO:0044307]; dendritic spine [GO:0043197]; endoplasmic reticulum [GO:0005783]; endoplasmic reticulum membrane [GO:0005789]; excitatory synapse [GO:0060076]; glutamatergic synapse [GO:0098978]; hippocampal mossy fiber to CA3 synapse [GO:0098686]; membrane [GO:0016020]; monoatomic ion channel complex [GO:0034702]; neuron projection [GO:0043005]; neuronal cell body [GO:0043025]; neurotransmitter receptor complex [GO:0098878]; NMDA selective glutamate receptor complex [GO:0017146]; parallel fiber to Purkinje cell synapse [GO:0098688]; plasma membrane [GO:0005886]; postsynaptic density [GO:0014069]; postsynaptic density membrane [GO:0098839]; postsynaptic membrane [GO:0045211]; presynaptic active zone membrane [GO:0048787]; presynaptic membrane [GO:0042734]; synapse [GO:0045202]; synaptic cleft [GO:0043083]; synaptic membrane [GO:0097060]; synaptic vesicle [GO:0008021]; synaptic vesicle membrane [GO:0030672]; terminal bouton [GO:0043195],amyloid-beta binding [GO:0001540]; calcium channel activity [GO:0005262]; calcium ion binding [GO:0005509]; calmodulin binding [GO:0005516]; enzyme binding [GO:0019899]; glutamate binding [GO:0016595]; glutamate receptor binding [GO:0035254]; glutamate-gated calcium ion channel activity [GO:0022849]; glutamate-gated receptor activity [GO:0004970]; glycine binding [GO:0016594]; ligand-gated monoatomic ion channel activity involved in regulation of presynaptic membrane potential [GO:0099507]; ligand-gated sodium channel activity [GO:0015280]; monoatomic cation channel activity [GO:0005261]; NMDA glutamate receptor activity [GO:0004972]; phosphatase binding [GO:0019902]; protein-containing complex binding [GO:0044877]; signaling receptor activity [GO:0038023]; signaling receptor binding [GO:0005102]; transmitter-gated monoatomic ion channel activity [GO:0022824]; transmitter-gated monoatomic ion channel activity involved in regulation of postsynaptic membrane potential [GO:1904315]; voltage-gated monoatomic cation channel activity [GO:0022843],"Glutamate receptor ionotropic, NMDA 1"
Pocillopora_acuta_HIv2___TS.g29154.t1,Bhattacharya2016,TPC2,A0JMD4,3.02e-153,Two pore channel protein 2 (Two pore calcium channel protein 2) (Voltage-dependent calcium channel protein TPC2),calcium-mediated signaling [GO:0019722]; endocytosis involved in viral entry into host cell [GO:0075509]; regulation of myotome development [GO:2000290]; skeletal myofibril assembly [GO:0014866]; smooth muscle contraction [GO:0006939]; sodium ion transmembrane transport [GO:0035725],GO:0005245; GO:0005764; GO:0005765; GO:0006939; GO:0014866; GO:0015280; GO:0019722; GO:0031902; GO:0034702; GO:0035725; GO:0042802; GO:0072345; GO:0075509; GO:0080025; GO:0097682; GO:2000290,late endosome membrane [GO:0031902]; lysosomal membrane [GO:0005765]; lysosome [GO:0005764]; monoatomic ion channel complex [GO:0034702],"identical protein binding [GO:0042802]; intracellularly phosphatidylinositol-3,5-bisphosphate-gated monatomic cation channel activity [GO:0097682]; ligand-gated sodium channel activity [GO:0015280]; NAADP-sensitive calcium-release channel activity [GO:0072345]; phosphatidylinositol-3,5-bisphosphate binding [GO:0080025]; voltage-gated calcium channel activity [GO:0005245]",TPC2
Pocillopora_acuta_HIv2___TS.g29238.t1,"TRP, calcium",,Q9R244,1.97e-20,Short transient receptor potential channel 2 (TrpC2) (Transient receptor protein 2) (TRP-2) (mTrp2),"acrosome reaction [GO:0007340]; aggressive behavior [GO:0002118]; calcium ion transport [GO:0006816]; female courtship behavior [GO:0008050]; inter-male aggressive behavior [GO:0002121]; mating behavior, sex discrimination [GO:0048047]; negative regulation of male mating behavior [GO:1902436]; positive regulation of cytosolic calcium ion concentration [GO:0007204]; regulation of gene expression [GO:0010468]; response to pheromone [GO:0019236]; single strand break repair [GO:0000012]; territorial aggressive behavior [GO:0002124]",GO:0000012; GO:0000139; GO:0002118; GO:0002121; GO:0002124; GO:0003684; GO:0005516; GO:0005634; GO:0005635; GO:0005789; GO:0005886; GO:0006816; GO:0007204; GO:0007340; GO:0008050; GO:0010468; GO:0012505; GO:0015279; GO:0019236; GO:0019992; GO:0032590; GO:0048047; GO:0070679; GO:1902436,dendrite membrane [GO:0032590]; endomembrane system [GO:0012505]; endoplasmic reticulum membrane [GO:0005789]; Golgi membrane [GO:0000139]; nuclear envelope [GO:0005635]; nucleus [GO:0005634]; plasma membrane [GO:0005886],"calmodulin binding [GO:0005516]; damaged DNA binding [GO:0003684]; diacylglycerol binding [GO:0019992]; inositol 1,4,5 trisphosphate binding [GO:0070679]; store-operated calcium channel activity [GO:0015279]",Short transient receptor potential channel 2
Pocillopora_acuta_HIv2___TS.g29537.t1,SLC,,Q8BGF9,5.89e-93,Solute carrier family 25 member 44,amino acid transport [GO:0006865]; branched-chain amino acid catabolic process [GO:0009083]; branched-chain amino acid transport [GO:0015803]; regulation of cold-induced thermogenesis [GO:0120161],GO:0005739; GO:0005743; GO:0006865; GO:0009083; GO:0015658; GO:0015803; GO:0120161,mitochondrial inner membrane [GO:0005743]; mitochondrion [GO:0005739],branched-chain amino acid transmembrane transporter activity [GO:0015658],Solute carrier family 25 member 44
Pocillopora_acuta_HIv2___TS.g29694.t2,SLC,,Q1JQ66,3.83e-138,Solute carrier family 35 member E3,transmembrane transport [GO:0055085],GO:0005338; GO:0005794; GO:0015297; GO:0016020; GO:0055085,Golgi apparatus [GO:0005794]; membrane [GO:0016020],antiporter activity [GO:0015297]; nucleotide-sugar transmembrane transporter activity [GO:0005338],Solute carrier family 35 member E3
Pocillopora_acuta_HIv2___TS.g29741.t1,SLC,,Q96QE2,2.74e-179,Proton myo-inositol cotransporter (H(+)-myo-inositol cotransporter) (Hmit) (H(+)-myo-inositol symporter) (Solute carrier family 2 member 13),myo-inositol transport [GO:0015798]; positive regulation of amyloid-beta formation [GO:1902004]; transmembrane transport [GO:0055085]; transport across blood-brain barrier [GO:0150104],GO:0002020; GO:0005365; GO:0005366; GO:0005737; GO:0005886; GO:0015798; GO:0016020; GO:0016324; GO:0030426; GO:0031090; GO:0042995; GO:0043231; GO:0044297; GO:0051117; GO:0055085; GO:0071944; GO:0097450; GO:0150104; GO:1902004,apical plasma membrane [GO:0016324]; astrocyte end-foot [GO:0097450]; cell body [GO:0044297]; cell periphery [GO:0071944]; cell projection [GO:0042995]; cytoplasm [GO:0005737]; growth cone [GO:0030426]; intracellular membrane-bounded organelle [GO:0043231]; membrane [GO:0016020]; organelle membrane [GO:0031090]; plasma membrane [GO:0005886],ATPase binding [GO:0051117]; myo-inositol transmembrane transporter activity [GO:0005365]; myo-inositol:proton symporter activity [GO:0005366]; protease binding [GO:0002020],Proton myo-inositol cotransporter
Pocillopora_acuta_HIv2___TS.g29761.t1a,"calcium, ER_calcium",,P49950,1.78e-20,Apoptosis regulator Bcl-2,"actin filament organization [GO:0007015]; animal organ morphogenesis [GO:0009887]; apoptotic mitochondrial changes [GO:0008637]; apoptotic process [GO:0006915]; autophagy [GO:0006914]; axon regeneration [GO:0031103]; axonogenesis [GO:0007409]; B cell apoptotic process [GO:0001783]; B cell differentiation [GO:0030183]; B cell homeostasis [GO:0001782]; B cell lineage commitment [GO:0002326]; B cell proliferation [GO:0042100]; B cell receptor signaling pathway [GO:0050853]; behavioral fear response [GO:0001662]; branching involved in ureteric bud morphogenesis [GO:0001658]; calcium ion transport into cytosol [GO:0060402]; CD8-positive, alpha-beta T cell lineage commitment [GO:0043375]; cell migration [GO:0016477]; cell morphogenesis [GO:0000902]; cell population proliferation [GO:0008283]; cell-cell adhesion [GO:0098609]; cellular response to fluoride [GO:1902618]; cellular response to glucose starvation [GO:0042149]; cellular response to glucose stimulus [GO:0071333]; cellular response to hydrogen peroxide [GO:0070301]; cellular response to hypoxia [GO:0071456]; cellular response to L-glutamate [GO:1905232]; cerebral cortex development [GO:0021987]; cochlear nucleus development [GO:0021747]; defense response to virus [GO:0051607]; dendritic cell apoptotic process [GO:0097048]; developmental growth [GO:0048589]; developmental pigmentation [GO:0048066]; digestive tract morphogenesis [GO:0048546]; DNA damage response [GO:0006974]; ear development [GO:0043583]; endoplasmic reticulum calcium ion homeostasis [GO:0032469]; epithelial cell apoptotic process [GO:1904019]; establishment of localization in cell [GO:0051649]; extrinsic apoptotic signaling pathway in absence of ligand [GO:0097192]; extrinsic apoptotic signaling pathway via death domain receptors [GO:0008625]; focal adhesion assembly [GO:0048041]; G1/S transition of mitotic cell cycle [GO:0000082]; gland morphogenesis [GO:0022612]; glial cell apoptotic process [GO:0034349]; glomerulus development [GO:0032835]; hair follicle morphogenesis [GO:0031069]; hematopoietic stem cell differentiation [GO:0060218]; hemopoiesis [GO:0030097]; homeostasis of number of cells within a tissue [GO:0048873]; immune system development [GO:0002520]; intracellular calcium ion homeostasis [GO:0006874]; intrinsic apoptotic signaling pathway in response to DNA damage [GO:0008630]; intrinsic apoptotic signaling pathway in response to endoplasmic reticulum stress [GO:0070059]; intrinsic apoptotic signaling pathway in response to oxidative stress [GO:0008631]; kidney development [GO:0001822]; leukocyte homeostasis [GO:0001776]; liver regeneration [GO:0097421]; lymphocyte apoptotic process [GO:0070227]; lymphocyte homeostasis [GO:0002260]; lymphoid progenitor cell differentiation [GO:0002320]; male gonad development [GO:0008584]; melanin metabolic process [GO:0006582]; melanocyte differentiation [GO:0030318]; mesenchymal cell development [GO:0014031]; metanephros development [GO:0001656]; mitotic cell cycle [GO:0000278]; motor neuron apoptotic process [GO:0097049]; myeloid cell apoptotic process [GO:0033028]; negative regulation of anoikis [GO:2000811]; negative regulation of apoptotic process [GO:0043066]; negative regulation of apoptotic signaling pathway [GO:2001234]; negative regulation of autophagy [GO:0010507]; negative regulation of B cell apoptotic process [GO:0002903]; negative regulation of calcium ion transport into cytosol [GO:0010523]; negative regulation of cardiac muscle cell apoptotic process [GO:0010667]; negative regulation of cell growth [GO:0030308]; negative regulation of cell migration [GO:0030336]; negative regulation of cell population proliferation [GO:0008285]; negative regulation of cellular pH reduction [GO:0032848]; negative regulation of dendritic cell apoptotic process [GO:2000669]; negative regulation of epithelial cell apoptotic process [GO:1904036]; negative regulation of extrinsic apoptotic signaling pathway in absence of ligand [GO:2001240]; negative regulation of G1/S transition of mitotic cell cycle [GO:2000134]; negative regulation of intrinsic apoptotic signaling pathway [GO:2001243]; negative regulation of lymphocyte apoptotic process [GO:0070229]; negative regulation of mitotic cell cycle [GO:0045930]; negative regulation of motor neuron apoptotic process [GO:2000672]; negative regulation of myeloid cell apoptotic process [GO:0033033]; negative regulation of neuron apoptotic process [GO:0043524]; negative regulation of ossification [GO:0030279]; negative regulation of osteoblast proliferation [GO:0033689]; negative regulation of retinal cell programmed cell death [GO:0046671]; negative regulation of T cell apoptotic process [GO:0070233]; neuron apoptotic process [GO:0051402]; neuron maturation [GO:0042551]; oligodendrocyte differentiation [GO:0048709]; oocyte development [GO:0048599]; organ growth [GO:0035265]; ossification [GO:0001503]; osteoblast proliferation [GO:0033687]; ovarian follicle development [GO:0001541]; pigment granule organization [GO:0048753]; pigmentation [GO:0043473]; positive regulation of apoptotic process [GO:0043065]; positive regulation of B cell proliferation [GO:0030890]; positive regulation of cell growth [GO:0030307]; positive regulation of cell population proliferation [GO:0008284]; positive regulation of developmental pigmentation [GO:0048087]; positive regulation of melanocyte differentiation [GO:0045636]; positive regulation of multicellular organism growth [GO:0040018]; positive regulation of neuron maturation [GO:0014042]; positive regulation of skeletal muscle fiber development [GO:0048743]; positive regulation of smooth muscle cell migration [GO:0014911]; post-embryonic development [GO:0009791]; protein polyubiquitination [GO:0000209]; reactive oxygen species metabolic process [GO:0072593]; regulation of apoptotic process [GO:0042981]; regulation of autophagy [GO:0010506]; regulation of calcium ion transport [GO:0051924]; regulation of cell cycle [GO:0051726]; regulation of cell-matrix adhesion [GO:0001952]; regulation of developmental pigmentation [GO:0048070]; regulation of gene expression [GO:0010468]; regulation of glycoprotein biosynthetic process [GO:0010559]; regulation of growth [GO:0040008]; regulation of mitochondrial membrane permeability [GO:0046902]; regulation of mitochondrial membrane potential [GO:0051881]; regulation of nitrogen utilization [GO:0006808]; regulation of programmed cell death [GO:0043067]; regulation of protein localization [GO:0032880]; regulation of protein stability [GO:0031647]; regulation of viral genome replication [GO:0045069]; release of cytochrome c from mitochondria [GO:0001836]; renal system process [GO:0003014]; response to aluminum ion [GO:0010044]; response to amyloid-beta [GO:1904645]; response to anesthetic [GO:0072347]; response to caffeine [GO:0031000]; response to cAMP [GO:0051591]; response to copper ion [GO:0046688]; response to corticosterone [GO:0051412]; response to cytokine [GO:0034097]; response to electrical stimulus [GO:0051602]; response to erythropoietin [GO:0036017]; response to estrogen [GO:0043627]; response to ethanol [GO:0045471]; response to folic acid [GO:0051593]; response to gamma radiation [GO:0010332]; response to glucocorticoid [GO:0051384]; response to hydrogen peroxide [GO:0042542]; response to hypoxia [GO:0001666]; response to insulin [GO:0032868]; response to iron ion [GO:0010039]; response to ischemia [GO:0002931]; response to L-ascorbic acid [GO:0033591]; response to monosaccharide [GO:0034284]; response to nicotine [GO:0035094]; response to nutrient [GO:0007584]; response to oxidative stress [GO:0006979]; response to peptide hormone [GO:0043434]; response to phenylpropanoid [GO:0080184]; response to steroid hormone [GO:0048545]; response to toxic substance [GO:0009636]; response to UV-B [GO:0010224]; response to vitamin E [GO:0033197]; response to xenobiotic stimulus [GO:0009410]; retinal cell programmed cell death [GO:0046666]; skeletal muscle fiber development [GO:0048741]; smooth muscle cell migration [GO:0014909]; spleen development [GO:0048536]; stem cell development [GO:0048864]; T cell apoptotic process [GO:0070231]; T cell differentiation [GO:0030217]; T cell differentiation in thymus [GO:0033077]; T cell homeostasis [GO:0043029]; T cell lineage commitment [GO:0002360]; thymus development [GO:0048538]; ureteric bud development [GO:0001657]",GO:0000082; GO:0000209; GO:0000278; GO:0000902; GO:0001503; GO:0001541; GO:0001656; GO:0001657; GO:0001658; GO:0001662; GO:0001666; GO:0001776; GO:0001782; GO:0001783; GO:0001822; GO:0001836; GO:0001952; GO:0002020; GO:0002260; GO:0002320; GO:0002326; GO:0002360; GO:0002520; GO:0002903; GO:0002931; GO:0003014; GO:0005634; GO:0005737; GO:0005739; GO:0005741; GO:0005783; GO:0005789; GO:0005829; GO:0006582; GO:0006808; GO:0006874; GO:0006914; GO:0006915; GO:0006974; GO:0006979; GO:0007015; GO:0007409; GO:0007584; GO:0008283; GO:0008284; GO:0008285; GO:0008584; GO:0008625; GO:0008630; GO:0008631; GO:0008637; GO:0009410; GO:0009636; GO:0009791; GO:0009887; GO:0010039; GO:0010044; GO:0010224; GO:0010332; GO:0010468; GO:0010506; GO:0010507; GO:0010523; GO:0010559; GO:0010667; GO:0014031; GO:0014042; GO:0014909; GO:0014911; GO:0015267; GO:0016020; GO:0016248; GO:0016477; GO:0019903; GO:0021747; GO:0021987; GO:0022612; GO:0030061; GO:0030097; GO:0030183; GO:0030217; GO:0030279; GO:0030307; GO:0030308; GO:0030318; GO:0030336; GO:0030890; GO:0031000; GO:0031069; GO:0031103; GO:0031625; GO:0031647; GO:0031965; GO:0031966; GO:0032469; GO:0032835; GO:0032848; GO:0032868; GO:0032880; GO:0032991; GO:0033028; GO:0033033; GO:0033077; GO:0033197; GO:0033591; GO:0033687; GO:0033689; GO:0034097; GO:0034284; GO:0034349; GO:0035094; GO:0035265; GO:0036017; GO:0040008; GO:0040018; GO:0042100; GO:0042149; GO:0042542; GO:0042551; GO:0042802; GO:0042981; GO:0043029; GO:0043065; GO:0043066; GO:0043067; GO:0043209; GO:0043375; GO:0043434; GO:0043473; GO:0043524; GO:0043565; GO:0043583; GO:0043627; GO:0044877; GO:0045069; GO:0045471; GO:0045636; GO:0045930; GO:0046666; GO:0046671; GO:0046688; GO:0046902; GO:0046930; GO:0046982; GO:0048041; GO:0048066; GO:0048070; GO:0048087; GO:0048471; GO:0048536; GO:0048538; GO:0048545; GO:0048546; GO:0048589; GO:0048599; GO:0048709; GO:0048741; GO:0048743; GO:0048753; GO:0048864; GO:0048873; GO:0050853; GO:0051384; GO:0051400; GO:0051402; GO:0051412; GO:0051434; GO:0051591; GO:0051593; GO:0051602; GO:0051607; GO:0051649; GO:0051721; GO:0051726; GO:0051881; GO:0051924; GO:0060090; GO:0060218; GO:0060402; GO:0070059; GO:0070227; GO:0070229; GO:0070231; GO:0070233; GO:0070301; GO:0071333; GO:0071456; GO:0072347; GO:0072593; GO:0080184; GO:0097048; GO:0097049; GO:0097138; GO:0097192; GO:0097421; GO:0098609; GO:0140297; GO:1902618; GO:1904019; GO:1904036; GO:1904645; GO:1905232; GO:2000134; GO:2000669; GO:2000672; GO:2000811; GO:2001234; GO:2001240; GO:2001243,BAD-BCL-2 complex [GO:0097138]; cytoplasm [GO:0005737]; cytosol [GO:0005829]; endoplasmic reticulum [GO:0005783]; endoplasmic reticulum membrane [GO:0005789]; membrane [GO:0016020]; mitochondrial crista [GO:0030061]; mitochondrial membrane [GO:0031966]; mitochondrial outer membrane [GO:0005741]; mitochondrion [GO:0005739]; myelin sheath [GO:0043209]; nuclear membrane [GO:0031965]; nucleus [GO:0005634]; perinuclear region of cytoplasm [GO:0048471]; pore complex [GO:0046930]; protein-containing complex [GO:0032991],BH domain binding [GO:0051400]; BH3 domain binding [GO:0051434]; channel activity [GO:0015267]; channel inhibitor activity [GO:0016248]; DNA-binding transcription factor binding [GO:0140297]; identical protein binding [GO:0042802]; molecular adaptor activity [GO:0060090]; protease binding [GO:0002020]; protein heterodimerization activity [GO:0046982]; protein phosphatase 2A binding [GO:0051721]; protein phosphatase binding [GO:0019903]; protein-containing complex binding [GO:0044877]; sequence-specific DNA binding [GO:0043565]; ubiquitin protein ligase binding [GO:0031625],Apoptosis regulator Bcl-2
Pocillopora_acuta_HIv2___TS.g29957.t1,calcium,,P22770,2.45e-97,Neuronal acetylcholine receptor subunit alpha-7 (nAChR7) (Nicotinic acetylcholine receptor subunit alpha-7),"calcium ion transport [GO:0006816]; chemical synaptic transmission [GO:0007268]; cognition [GO:0050890]; intracellular calcium ion homeostasis [GO:0006874]; monoatomic ion transmembrane transport [GO:0034220]; negative regulation of cytokine production involved in inflammatory response [GO:1900016]; negative regulation of tumor necrosis factor production [GO:0032720]; positive regulation of angiogenesis [GO:0045766]; positive regulation of cell population proliferation [GO:0008284]; positive regulation of MAPK cascade [GO:0043410]; regulation of membrane potential [GO:0042391]; response to hypoxia [GO:0001666]; response to nicotine [GO:0035094]; signal transduction [GO:0007165]; synaptic transmission, cholinergic [GO:0007271]",GO:0001540; GO:0001666; GO:0005737; GO:0005886; GO:0005892; GO:0006816; GO:0006874; GO:0007165; GO:0007268; GO:0007271; GO:0008284; GO:0015464; GO:0015643; GO:0017081; GO:0022848; GO:0030424; GO:0030425; GO:0032720; GO:0034220; GO:0035094; GO:0042166; GO:0042391; GO:0042803; GO:0043005; GO:0043204; GO:0043410; GO:0045202; GO:0045211; GO:0045766; GO:0050890; GO:1900016,acetylcholine-gated channel complex [GO:0005892]; axon [GO:0030424]; cytoplasm [GO:0005737]; dendrite [GO:0030425]; neuron projection [GO:0043005]; perikaryon [GO:0043204]; plasma membrane [GO:0005886]; postsynaptic membrane [GO:0045211]; synapse [GO:0045202],acetylcholine binding [GO:0042166]; acetylcholine receptor activity [GO:0015464]; acetylcholine-gated monoatomic cation-selective channel activity [GO:0022848]; amyloid-beta binding [GO:0001540]; chloride channel regulator activity [GO:0017081]; protein homodimerization activity [GO:0042803]; toxic substance binding [GO:0015643],Neuronal acetylcholine receptor subunit alpha-7
Pocillopora_acuta_HIv2___TS.g30079.t1b,SLC,,Q8TAD4,0,Proton-coupled zinc antiporter SLC30A5 (Solute carrier family 30 member 5) (Zinc transporter 5) (ZnT-5) (ZnT-like transporter 1) (hZTL1),cobalt ion transport [GO:0006824]; GPI anchor biosynthetic process [GO:0006506]; insulin processing [GO:0030070]; intracellular zinc ion homeostasis [GO:0006882]; response to zinc ion [GO:0010043]; zinc ion import across plasma membrane [GO:0071578]; zinc ion import into Golgi lumen [GO:1904257]; zinc ion import into organelle [GO:0062111]; zinc ion transmembrane transport [GO:0071577]; zinc ion transport [GO:0006829],GO:0000139; GO:0005385; GO:0005654; GO:0005730; GO:0005789; GO:0005794; GO:0005886; GO:0006506; GO:0006824; GO:0006829; GO:0006882; GO:0010043; GO:0012507; GO:0015297; GO:0016020; GO:0016324; GO:0022883; GO:0030070; GO:0030141; GO:0030667; GO:0031410; GO:0032588; GO:0046872; GO:0062111; GO:0071577; GO:0071578; GO:0140826; GO:1904257; GO:1990674,apical plasma membrane [GO:0016324]; cytoplasmic vesicle [GO:0031410]; endoplasmic reticulum membrane [GO:0005789]; ER to Golgi transport vesicle membrane [GO:0012507]; Golgi apparatus [GO:0005794]; Golgi cis cisterna membrane [GO:1990674]; Golgi membrane [GO:0000139]; membrane [GO:0016020]; nucleolus [GO:0005730]; nucleoplasm [GO:0005654]; plasma membrane [GO:0005886]; secretory granule [GO:0030141]; secretory granule membrane [GO:0030667]; trans-Golgi network membrane [GO:0032588],antiporter activity [GO:0015297]; metal ion binding [GO:0046872]; zinc efflux transmembrane transporter activity [GO:0022883]; zinc ion transmembrane transporter activity [GO:0005385]; zinc:proton antiporter activity [GO:0140826],Proton-coupled zinc antiporter SLC30A5
Pocillopora_acuta_HIv2___TS.g30753.t1,SLC,,Q5PT53,6.4e-151,Sodium/bile acid cotransporter 7 (Na(+)/bile acid cotransporter 7) (Solute carrier family 10 member 7),bone development [GO:0060348]; heparin proteoglycan biosynthetic process [GO:0030210]; intracellular calcium ion homeostasis [GO:0006874]; sodium ion transport [GO:0006814],GO:0000139; GO:0005783; GO:0005789; GO:0005886; GO:0006814; GO:0006874; GO:0015125; GO:0015293; GO:0030210; GO:0060348,endoplasmic reticulum [GO:0005783]; endoplasmic reticulum membrane [GO:0005789]; Golgi membrane [GO:0000139]; plasma membrane [GO:0005886],bile acid transmembrane transporter activity [GO:0015125]; symporter activity [GO:0015293],Sodium/bile acid cotransporter 7
Pocillopora_acuta_HIv2___TS.g30932.t1,SLC,,P23978,1.65e-168,Sodium- and chloride-dependent GABA transporter 1 (GAT-1) (Solute carrier family 6 member 1),"amino acid transport [GO:0006865]; associative learning [GO:0008306]; chloride transmembrane transport [GO:1902476]; gamma-aminobutyric acid import [GO:0051939]; inorganic anion import across plasma membrane [GO:0098658]; learning [GO:0007612]; memory [GO:0007613]; negative regulation of synaptic transmission, GABAergic [GO:0032229]; neurotransmitter reuptake [GO:0098810]; positive regulation of gamma-aminobutyric acid secretion [GO:0014054]; response to calcium ion [GO:0051592]; response to cocaine [GO:0042220]; response to estradiol [GO:0032355]; response to lead ion [GO:0010288]; response to methamphetamine hydrochloride [GO:1904313]; response to purine-containing compound [GO:0014074]; response to sucrose [GO:0009744]; response to toxic substance [GO:0009636]; response to xenobiotic stimulus [GO:0009410]; sodium ion import across plasma membrane [GO:0098719]; sodium ion transmembrane transport [GO:0035725]; synapse organization [GO:0050808]",GO:0005283; GO:0005332; GO:0005886; GO:0006865; GO:0007612; GO:0007613; GO:0008306; GO:0009410; GO:0009636; GO:0009744; GO:0009986; GO:0010288; GO:0014054; GO:0014074; GO:0015185; GO:0015378; GO:0030424; GO:0032229; GO:0032355; GO:0035725; GO:0042220; GO:0042734; GO:0042802; GO:0043025; GO:0045211; GO:0046872; GO:0050808; GO:0051592; GO:0051939; GO:0098658; GO:0098719; GO:0098810; GO:0098982; GO:1902476; GO:1904313,axon [GO:0030424]; cell surface [GO:0009986]; GABA-ergic synapse [GO:0098982]; neuronal cell body [GO:0043025]; plasma membrane [GO:0005886]; postsynaptic membrane [GO:0045211]; presynaptic membrane [GO:0042734],amino acid:sodium symporter activity [GO:0005283]; gamma-aminobutyric acid transmembrane transporter activity [GO:0015185]; gamma-aminobutyric acid:sodium:chloride symporter activity [GO:0005332]; identical protein binding [GO:0042802]; metal ion binding [GO:0046872]; sodium:chloride symporter activity [GO:0015378],Sodium- and chloride-dependent GABA transporter 1
Pocillopora_acuta_HIv2___TS.g30980.t1b,calcium,,P49582,2.17e-55,Neuronal acetylcholine receptor subunit alpha-7 (nAChR7) (Nicotinic acetylcholine receptor subunit alpha-7),"acetylcholine receptor signaling pathway [GO:0095500]; associative learning [GO:0008306]; B cell activation [GO:0042113]; behavioral response to ethanol [GO:0048149]; behavioral response to nicotine [GO:0035095]; calcium ion transport [GO:0006816]; dendrite arborization [GO:0140059]; dendritic spine organization [GO:0097061]; endocytosis [GO:0006897]; establishment of localization in cell [GO:0051649]; flagellated sperm motility [GO:0030317]; generation of ovulation cycle rhythm [GO:0060112]; learning or memory [GO:0007611]; memory [GO:0007613]; modulation of chemical synaptic transmission [GO:0050804]; modulation of excitatory postsynaptic potential [GO:0098815]; monoatomic ion transport [GO:0006811]; negative regulation of canonical NF-kappaB signal transduction [GO:0043124]; negative regulation of cytokine production involved in inflammatory response [GO:1900016]; negative regulation of inflammatory response [GO:0050728]; negative regulation of interleukin-1 beta production [GO:0032691]; negative regulation of interleukin-6 production [GO:0032715]; negative regulation of tumor necrosis factor production [GO:0032720]; ovulation cycle [GO:0042698]; positive regulation of amyloid-beta formation [GO:1902004]; positive regulation of ERK1 and ERK2 cascade [GO:0070374]; positive regulation of excitatory postsynaptic potential [GO:2000463]; positive regulation of heart rate involved in baroreceptor response to decreased systemic arterial blood pressure [GO:0001988]; positive regulation of long-term synaptic potentiation [GO:1900273]; positive regulation of protein metabolic process [GO:0051247]; regulation of amyloid fibril formation [GO:1905906]; regulation of inflammatory response [GO:0050727]; regulation of membrane potential [GO:0042391]; regulation of norepinephrine secretion [GO:0014061]; regulation of synapse structural plasticity [GO:0051823]; regulation of synaptic transmission, dopaminergic [GO:0032225]; response to amyloid-beta [GO:1904645]; response to cold [GO:0009409]; response to ethanol [GO:0045471]; response to food [GO:0032094]; response to nicotine [GO:0035094]; sensory processing [GO:0050893]; synapse organization [GO:0050808]; synaptic transmission, cholinergic [GO:0007271]; T cell activation [GO:0042110]",GO:0001988; GO:0004888; GO:0005886; GO:0006811; GO:0006816; GO:0006897; GO:0007271; GO:0007611; GO:0007613; GO:0008306; GO:0009409; GO:0009897; GO:0014061; GO:0015464; GO:0016020; GO:0016324; GO:0022848; GO:0030317; GO:0030425; GO:0030673; GO:0032094; GO:0032225; GO:0032691; GO:0032715; GO:0032720; GO:0035094; GO:0035095; GO:0042110; GO:0042113; GO:0042391; GO:0042698; GO:0042734; GO:0043124; GO:0045211; GO:0045471; GO:0048149; GO:0050727; GO:0050728; GO:0050804; GO:0050808; GO:0050893; GO:0051247; GO:0051649; GO:0051823; GO:0060112; GO:0070374; GO:0095500; GO:0097061; GO:0098793; GO:0098815; GO:0098981; GO:0099634; GO:0140059; GO:1900016; GO:1900273; GO:1902004; GO:1904645; GO:1905906; GO:2000463,apical plasma membrane [GO:0016324]; axolemma [GO:0030673]; cholinergic synapse [GO:0098981]; dendrite [GO:0030425]; external side of plasma membrane [GO:0009897]; membrane [GO:0016020]; plasma membrane [GO:0005886]; postsynaptic membrane [GO:0045211]; postsynaptic specialization membrane [GO:0099634]; presynapse [GO:0098793]; presynaptic membrane [GO:0042734],acetylcholine receptor activity [GO:0015464]; acetylcholine-gated monoatomic cation-selective channel activity [GO:0022848]; transmembrane signaling receptor activity [GO:0004888],Neuronal acetylcholine receptor subunit alpha-7
Pocillopora_acuta_HIv2___TS.g31053.t1,TRP,,Q8R4F0,2.21e-110,Mucolipin-3 (Transient receptor potential channel mucolipin 3) (TRPML3),inner ear auditory receptor cell differentiation [GO:0042491]; locomotory behavior [GO:0007626],GO:0000421; GO:0005253; GO:0005267; GO:0005272; GO:0005737; GO:0005886; GO:0007626; GO:0008289; GO:0031901; GO:0031902; GO:0042491; GO:0060171,autophagosome membrane [GO:0000421]; cytoplasm [GO:0005737]; early endosome membrane [GO:0031901]; late endosome membrane [GO:0031902]; plasma membrane [GO:0005886]; stereocilium membrane [GO:0060171],lipid binding [GO:0008289]; monoatomic anion channel activity [GO:0005253]; potassium channel activity [GO:0005267]; sodium channel activity [GO:0005272],Mucolipin-3
Pocillopora_acuta_HIv2___TS.g31099.t1b,"TRP, calcium",,Q8BLA8,4.39e-126,Transient receptor potential cation channel subfamily A member 1 (Ankyrin-like with transmembrane domains protein 1) (Wasabi receptor),calcium ion transmembrane import into cytosol [GO:0097553]; calcium ion transport [GO:0006816]; cell surface receptor signaling pathway [GO:0007166]; cellular response to caffeine [GO:0071313]; cellular response to carbon dioxide [GO:0071244]; cellular response to cold [GO:0070417]; cellular response to food [GO:0071240]; cellular response to heat [GO:0034605]; cellular response to hydrogen peroxide [GO:0070301]; cellular response to toxic substance [GO:0097237]; detection of chemical stimulus involved in sensory perception of pain [GO:0050968]; detection of mechanical stimulus involved in sensory perception [GO:0050974]; detection of mechanical stimulus involved in sensory perception of pain [GO:0050966]; intracellular calcium ion homeostasis [GO:0006874]; positive regulation of insulin secretion involved in cellular response to glucose stimulus [GO:0035774]; positive regulation of monoatomic anion transport [GO:1903793]; protein homotetramerization [GO:0051289]; regulation of blood circulation [GO:1903522]; regulation of neuronal action potential [GO:0098908]; response to cold [GO:0009409]; response to hydrogen peroxide [GO:0042542]; response to pain [GO:0048265]; response to xenobiotic stimulus [GO:0009410]; thermoception [GO:0050955]; urinary bladder smooth muscle contraction [GO:0014832],GO:0005216; GO:0005245; GO:0005262; GO:0005886; GO:0006816; GO:0006874; GO:0007166; GO:0009409; GO:0009410; GO:0014832; GO:0015267; GO:0015278; GO:0016020; GO:0016324; GO:0030424; GO:0032421; GO:0034605; GO:0035774; GO:0042542; GO:0042802; GO:0046872; GO:0048265; GO:0050955; GO:0050966; GO:0050968; GO:0050974; GO:0051289; GO:0070301; GO:0070417; GO:0071240; GO:0071244; GO:0071313; GO:0097237; GO:0097553; GO:0097604; GO:0098908; GO:1903522; GO:1903793; GO:1990760,apical plasma membrane [GO:0016324]; axon [GO:0030424]; membrane [GO:0016020]; plasma membrane [GO:0005886]; stereocilium bundle [GO:0032421],calcium channel activity [GO:0005262]; channel activity [GO:0015267]; identical protein binding [GO:0042802]; intracellularly gated calcium channel activity [GO:0015278]; metal ion binding [GO:0046872]; monoatomic ion channel activity [GO:0005216]; osmolarity-sensing monoatomic cation channel activity [GO:1990760]; temperature-gated cation channel activity [GO:0097604]; voltage-gated calcium channel activity [GO:0005245],Transient receptor potential cation channel subfamily A member 1
Pocillopora_acuta_HIv2___TS.g31270.t3,SLC,,Q6GN42,0,Choline transporter-like protein 4 (Solute carrier family 44 member 4),acetylcholine biosynthetic process [GO:0008292]; acetylcholine secretion [GO:0061526]; choline transport [GO:0015871]; neuromast hair cell development [GO:0035675]; otolith formation [GO:0032475]; positive regulation of cell growth [GO:0030307]; thiamine pyrophosphate transmembrane transport [GO:0030974],GO:0005886; GO:0008292; GO:0015220; GO:0015297; GO:0015871; GO:0016324; GO:0030307; GO:0030974; GO:0032475; GO:0035675; GO:0061526; GO:0090422,apical plasma membrane [GO:0016324]; plasma membrane [GO:0005886],antiporter activity [GO:0015297]; choline transmembrane transporter activity [GO:0015220]; thiamine pyrophosphate transmembrane transporter activity [GO:0090422],Choline transporter-like protein 4
Pocillopora_acuta_HIv2___TS.g31466.t1,calcium,,P29274,3.48e-7,Adenosine receptor A2a,"adenylate cyclase-activating G protein-coupled receptor signaling pathway [GO:0007189]; adenylate cyclase-modulating G protein-coupled receptor signaling pathway [GO:0007188]; apoptotic process [GO:0006915]; apoptotic signaling pathway [GO:0097190]; astrocyte activation [GO:0048143]; blood circulation [GO:0008015]; blood coagulation [GO:0007596]; cell-cell signaling [GO:0007267]; cellular defense response [GO:0006968]; central nervous system development [GO:0007417]; eating behavior [GO:0042755]; excitatory postsynaptic potential [GO:0060079]; G protein-coupled adenosine receptor signaling pathway [GO:0001973]; inflammatory response [GO:0006954]; inhibitory postsynaptic potential [GO:0060080]; locomotory behavior [GO:0007626]; membrane depolarization [GO:0051899]; negative regulation of alpha-beta T cell activation [GO:0046636]; negative regulation of cell population proliferation [GO:0008285]; negative regulation of inflammatory response [GO:0050728]; negative regulation of neuron apoptotic process [GO:0043524]; negative regulation of vascular permeability [GO:0043116]; neuron projection morphogenesis [GO:0048812]; phagocytosis [GO:0006909]; phospholipase C-activating G protein-coupled receptor signaling pathway [GO:0007200]; positive regulation of acetylcholine secretion, neurotransmission [GO:0014057]; positive regulation of apoptotic signaling pathway [GO:2001235]; positive regulation of circadian sleep/wake cycle, sleep [GO:0045938]; positive regulation of ERK1 and ERK2 cascade [GO:0070374]; positive regulation of glutamate secretion [GO:0014049]; positive regulation of long-term synaptic potentiation [GO:1900273]; positive regulation of protein secretion [GO:0050714]; positive regulation of synaptic transmission, GABAergic [GO:0032230]; positive regulation of synaptic transmission, glutamatergic [GO:0051968]; positive regulation of urine volume [GO:0035810]; prepulse inhibition [GO:0060134]; presynaptic modulation of chemical synaptic transmission [GO:0099171]; regulation of calcium ion transport [GO:0051924]; regulation of DNA-templated transcription [GO:0006355]; regulation of mitochondrial membrane potential [GO:0051881]; regulation of norepinephrine secretion [GO:0014061]; response to amphetamine [GO:0001975]; response to caffeine [GO:0031000]; response to purine-containing compound [GO:0014074]; response to xenobiotic stimulus [GO:0009410]; sensory perception [GO:0007600]; synaptic transmission, cholinergic [GO:0007271]; synaptic transmission, dopaminergic [GO:0001963]; synaptic transmission, glutamatergic [GO:0035249]; vasodilation [GO:0042311]",GO:0001609; GO:0001963; GO:0001973; GO:0001975; GO:0005516; GO:0005882; GO:0005886; GO:0006355; GO:0006909; GO:0006915; GO:0006954; GO:0006968; GO:0007188; GO:0007189; GO:0007200; GO:0007267; GO:0007271; GO:0007417; GO:0007596; GO:0007600; GO:0007626; GO:0008015; GO:0008285; GO:0008289; GO:0009410; GO:0014049; GO:0014057; GO:0014061; GO:0014074; GO:0016020; GO:0019899; GO:0030425; GO:0030673; GO:0031000; GO:0031802; GO:0032230; GO:0032279; GO:0035249; GO:0035810; GO:0042311; GO:0042734; GO:0042755; GO:0042802; GO:0043025; GO:0043116; GO:0043524; GO:0044877; GO:0045211; GO:0045938; GO:0046636; GO:0048143; GO:0048786; GO:0048812; GO:0050714; GO:0050728; GO:0051393; GO:0051881; GO:0051899; GO:0051924; GO:0051968; GO:0060079; GO:0060080; GO:0060134; GO:0070374; GO:0097190; GO:0098978; GO:0099171; GO:1900273; GO:2001235,asymmetric synapse [GO:0032279]; axolemma [GO:0030673]; dendrite [GO:0030425]; glutamatergic synapse [GO:0098978]; intermediate filament [GO:0005882]; membrane [GO:0016020]; neuronal cell body [GO:0043025]; plasma membrane [GO:0005886]; postsynaptic membrane [GO:0045211]; presynaptic active zone [GO:0048786]; presynaptic membrane [GO:0042734],alpha-actinin binding [GO:0051393]; calmodulin binding [GO:0005516]; enzyme binding [GO:0019899]; G protein-coupled adenosine receptor activity [GO:0001609]; identical protein binding [GO:0042802]; lipid binding [GO:0008289]; protein-containing complex binding [GO:0044877]; type 5 metabotropic glutamate receptor binding [GO:0031802],Adenosine receptor A2a
Pocillopora_acuta_HIv2___TS.g3642.t2,"SLC, Sodium_calcium_exchanger",,Q6AXS0,4.11e-88,"Mitochondrial sodium/calcium exchanger protein (Na(+)/K(+)/Ca(2+)-exchange protein 6) (Sodium/calcium exchanger protein, mitochondrial) (Sodium/potassium/calcium exchanger 6) (Solute carrier family 24 member 6) (Solute carrier family 8 member B1)",calcium export from the mitochondrion [GO:0099093]; calcium ion transmembrane transport [GO:0070588]; glucose homeostasis [GO:0042593]; intracellular calcium ion homeostasis [GO:0006874]; mitochondrial calcium ion homeostasis [GO:0051560]; mitochondrial calcium ion transmembrane transport [GO:0006851]; regulation of cardiac muscle cell membrane potential [GO:0086036]; regulation of cytosolic calcium ion concentration [GO:0051480]; regulation of insulin secretion [GO:0050796]; regulation of lymphocyte chemotaxis [GO:1901623]; regulation of store-operated calcium entry [GO:2001256]; sodium ion transmembrane transport [GO:0035725],GO:0005432; GO:0005739; GO:0005743; GO:0005886; GO:0006851; GO:0006874; GO:0016020; GO:0030061; GO:0031966; GO:0035725; GO:0042383; GO:0042593; GO:0042802; GO:0042803; GO:0050796; GO:0051480; GO:0051560; GO:0070588; GO:0086036; GO:0086038; GO:0099093; GO:1901623; GO:2001256,membrane [GO:0016020]; mitochondrial crista [GO:0030061]; mitochondrial inner membrane [GO:0005743]; mitochondrial membrane [GO:0031966]; mitochondrion [GO:0005739]; plasma membrane [GO:0005886]; sarcolemma [GO:0042383],calcium:sodium antiporter activity [GO:0005432]; calcium:sodium antiporter activity involved in regulation of cardiac muscle cell membrane potential [GO:0086038]; identical protein binding [GO:0042802]; protein homodimerization activity [GO:0042803],Mitochondrial sodium/calcium exchanger protein
Pocillopora_acuta_HIv2___TS.g4006.t2a,calcium,,Q9H3N1,3.72e-50,Thioredoxin-related transmembrane protein 1 (Protein disulfide-isomerase TMX1) (EC 5.3.4.1) (Thioredoxin domain-containing protein 1) (Transmembrane Trx-related protein),negative regulation of platelet aggregation [GO:0090331]; negative regulation of triglyceride biosynthetic process [GO:0010868]; positive regulation of ERAD pathway [GO:1904294]; regulation of calcium ion transport [GO:0051924]; response to endoplasmic reticulum stress [GO:0034976],GO:0003756; GO:0004857; GO:0005576; GO:0005789; GO:0010868; GO:0012505; GO:0015035; GO:0015036; GO:0031966; GO:0034976; GO:0044233; GO:0051924; GO:0090331; GO:1904294,endomembrane system [GO:0012505]; endoplasmic reticulum membrane [GO:0005789]; extracellular region [GO:0005576]; mitochondria-associated endoplasmic reticulum membrane contact site [GO:0044233]; mitochondrial membrane [GO:0031966],disulfide oxidoreductase activity [GO:0015036]; enzyme inhibitor activity [GO:0004857]; protein disulfide isomerase activity [GO:0003756]; protein-disulfide reductase activity [GO:0015035],Thioredoxin-related transmembrane protein 1
Pocillopora_acuta_HIv2___TS.g4021.t1,SLC,,Q9NRA2,1.03e-136,Sialin (H(+)/nitrate cotransporter) (H(+)/sialic acid cotransporter) (AST) (Membrane glycoprotein HP59) (Solute carrier family 17 member 5) (Vesicular excitatory amino acid transporter) (VEAT),amino acid transport [GO:0006865]; monoatomic anion transport [GO:0006820]; monoatomic ion transport [GO:0006811]; neurotransmitter loading into synaptic vesicle [GO:0098700]; response to bacterium [GO:0009617]; sialic acid transport [GO:0015739],GO:0005351; GO:0005764; GO:0005765; GO:0005829; GO:0005886; GO:0006811; GO:0006820; GO:0006865; GO:0009617; GO:0015136; GO:0015538; GO:0015739; GO:0016020; GO:0016323; GO:0016324; GO:0030672; GO:0042880; GO:0098700; GO:0098978,apical plasma membrane [GO:0016324]; basolateral plasma membrane [GO:0016323]; cytosol [GO:0005829]; glutamatergic synapse [GO:0098978]; lysosomal membrane [GO:0005765]; lysosome [GO:0005764]; membrane [GO:0016020]; plasma membrane [GO:0005886]; synaptic vesicle membrane [GO:0030672],carbohydrate:proton symporter activity [GO:0005351]; D-glucuronate transmembrane transporter activity [GO:0042880]; sialic acid transmembrane transporter activity [GO:0015136]; sialic acid:proton symporter activity [GO:0015538],Sialin
Pocillopora_acuta_HIv2___TS.g4377.t1a,SLC,,B0S6T2,1.03e-131,Solute carrier family 15 member 2 (Peptide transporter 2) (PEPT2),"dipeptide import across plasma membrane [GO:0140206]; innate immune response [GO:0045087]; peptidoglycan transport [GO:0015835]; protein transport [GO:0015031]; regulation of nucleotide-binding domain, leucine rich repeat containing receptor signaling pathway [GO:0070424]; response to yeast [GO:0001878]; tripeptide import across plasma membrane [GO:0140207]",GO:0001878; GO:0005886; GO:0015031; GO:0015333; GO:0015835; GO:0016324; GO:0030670; GO:0042937; GO:0045087; GO:0070424; GO:0071916; GO:0140206; GO:0140207,apical plasma membrane [GO:0016324]; phagocytic vesicle membrane [GO:0030670]; plasma membrane [GO:0005886],dipeptide transmembrane transporter activity [GO:0071916]; peptide:proton symporter activity [GO:0015333]; tripeptide transmembrane transporter activity [GO:0042937],Solute carrier family 15 member 2
Pocillopora_acuta_HIv2___TS.g445.t2,"TRP, calcium",,Q6RI86,2.8e-94,Transient receptor potential cation channel subfamily A member 1 (Ankyrin-like with transmembrane domains protein 1) (Wasabi receptor),calcium ion transmembrane import into cytosol [GO:0097553]; calcium ion transmembrane transport [GO:0070588]; calcium ion transport [GO:0006816]; cell surface receptor signaling pathway [GO:0007166]; cellular response to caffeine [GO:0071313]; cellular response to carbon dioxide [GO:0071244]; cellular response to cold [GO:0070417]; cellular response to food [GO:0071240]; cellular response to heat [GO:0034605]; cellular response to hydrogen peroxide [GO:0070301]; cellular response to toxic substance [GO:0097237]; detection of chemical stimulus involved in sensory perception of pain [GO:0050968]; detection of mechanical stimulus involved in sensory perception [GO:0050974]; detection of mechanical stimulus involved in sensory perception of pain [GO:0050966]; intracellular calcium ion homeostasis [GO:0006874]; positive regulation of insulin secretion involved in cellular response to glucose stimulus [GO:0035774]; positive regulation of monoatomic anion transport [GO:1903793]; protein homotetramerization [GO:0051289]; regulation of blood circulation [GO:1903522]; regulation of neuronal action potential [GO:0098908]; response to cold [GO:0009409]; response to hydrogen peroxide [GO:0042542]; response to pain [GO:0048265]; response to xenobiotic stimulus [GO:0009410]; sensory perception of pain [GO:0019233]; thermoception [GO:0050955]; urinary bladder smooth muscle contraction [GO:0014832],GO:0005216; GO:0005245; GO:0005262; GO:0005886; GO:0006816; GO:0006874; GO:0007166; GO:0009409; GO:0009410; GO:0014832; GO:0015267; GO:0015278; GO:0016324; GO:0019233; GO:0030424; GO:0032421; GO:0034605; GO:0035774; GO:0042542; GO:0042802; GO:0046872; GO:0048265; GO:0050955; GO:0050966; GO:0050968; GO:0050974; GO:0051289; GO:0070301; GO:0070417; GO:0070588; GO:0071240; GO:0071244; GO:0071313; GO:0097237; GO:0097553; GO:0097604; GO:0098908; GO:1903522; GO:1903793; GO:1990760,apical plasma membrane [GO:0016324]; axon [GO:0030424]; plasma membrane [GO:0005886]; stereocilium bundle [GO:0032421],calcium channel activity [GO:0005262]; channel activity [GO:0015267]; identical protein binding [GO:0042802]; intracellularly gated calcium channel activity [GO:0015278]; metal ion binding [GO:0046872]; monoatomic ion channel activity [GO:0005216]; osmolarity-sensing monoatomic cation channel activity [GO:1990760]; temperature-gated cation channel activity [GO:0097604]; voltage-gated calcium channel activity [GO:0005245],Transient receptor potential cation channel subfamily A member 1
Pocillopora_acuta_HIv2___TS.g4840.t1,SLC,,Q7ZWG6,8.46e-25,Proton-coupled folate transporter (Solute carrier family 46 member 1),transmembrane transport [GO:0055085],GO:0005542; GO:0005768; GO:0005886; GO:0010008; GO:0015293; GO:0015350; GO:0016323; GO:0016324; GO:0022857; GO:0055085,apical plasma membrane [GO:0016324]; basolateral plasma membrane [GO:0016323]; endosome [GO:0005768]; endosome membrane [GO:0010008]; plasma membrane [GO:0005886],folic acid binding [GO:0005542]; methotrexate transmembrane transporter activity [GO:0015350]; symporter activity [GO:0015293]; transmembrane transporter activity [GO:0022857],Proton-coupled folate transporter
Pocillopora_acuta_HIv2___TS.g4847.t1,SLC,,F1NJ67,6.17e-20,Proton-coupled folate transporter (Solute carrier family 46 member 1),folate import across plasma membrane [GO:1904447]; transmembrane transport [GO:0055085],GO:0005542; GO:0005768; GO:0005886; GO:0010008; GO:0015350; GO:0016323; GO:0016324; GO:0022857; GO:0055085; GO:0140211; GO:1904447,apical plasma membrane [GO:0016324]; basolateral plasma membrane [GO:0016323]; endosome [GO:0005768]; endosome membrane [GO:0010008]; plasma membrane [GO:0005886],folic acid binding [GO:0005542]; folic acid:proton symporter activity [GO:0140211]; methotrexate transmembrane transporter activity [GO:0015350]; transmembrane transporter activity [GO:0022857],Proton-coupled folate transporter
Pocillopora_acuta_HIv2___TS.g5171.t1,SLC,,P52569,2.28e-146,Cationic amino acid transporter 2 (CAT-2) (CAT2) (Low affinity cationic amino acid transporter 2) (Solute carrier family 7 member 2),amino acid import across plasma membrane [GO:0089718]; amino acid transport [GO:0006865]; L-alpha-amino acid transmembrane transport [GO:1902475]; L-amino acid transport [GO:0015807]; L-arginine import across plasma membrane [GO:0097638]; L-arginine transmembrane transport [GO:1903826]; L-ornithine transmembrane transport [GO:1903352]; transport across blood-brain barrier [GO:0150104],GO:0000064; GO:0005886; GO:0006865; GO:0015171; GO:0015174; GO:0015179; GO:0015189; GO:0015807; GO:0030054; GO:0061459; GO:0089718; GO:0097638; GO:0150104; GO:1902475; GO:1903352; GO:1903826,cell junction [GO:0030054]; plasma membrane [GO:0005886],amino acid transmembrane transporter activity [GO:0015171]; basic amino acid transmembrane transporter activity [GO:0015174]; L-amino acid transmembrane transporter activity [GO:0015179]; L-arginine transmembrane transporter activity [GO:0061459]; L-lysine transmembrane transporter activity [GO:0015189]; L-ornithine transmembrane transporter activity [GO:0000064],Cationic amino acid transporter 2
Pocillopora_acuta_HIv2___TS.g5202.t1,Bhattacharya2016,CLCN2,P35525,0,Chloride channel protein 2 (ClC-2),"acinar cell differentiation [GO:0090425]; cell differentiation involved in salivary gland development [GO:0060689]; cellular hypotonic response [GO:0071476]; chloride transport [GO:0006821]; lung development [GO:0030324]; phagocytosis, engulfment [GO:0006911]; positive regulation of oligodendrocyte differentiation [GO:0048714]; regulation of aldosterone biosynthetic process [GO:0032347]; regulation of membrane depolarization during action potential [GO:0098902]; regulation of resting membrane potential [GO:0060075]; retina development in camera-type eye [GO:0060041]; stabilization of membrane potential [GO:0030322]",GO:0005247; GO:0005886; GO:0006821; GO:0006911; GO:0008308; GO:0015629; GO:0016323; GO:0017081; GO:0030322; GO:0030324; GO:0030425; GO:0032347; GO:0032591; GO:0034707; GO:0043194; GO:0043204; GO:0043209; GO:0045211; GO:0048714; GO:0060041; GO:0060075; GO:0060689; GO:0071476; GO:0072320; GO:0090425; GO:0097450; GO:0098902,actin cytoskeleton [GO:0015629]; astrocyte end-foot [GO:0097450]; axon initial segment [GO:0043194]; basolateral plasma membrane [GO:0016323]; chloride channel complex [GO:0034707]; dendrite [GO:0030425]; dendritic spine membrane [GO:0032591]; myelin sheath [GO:0043209]; perikaryon [GO:0043204]; plasma membrane [GO:0005886]; postsynaptic membrane [GO:0045211],chloride channel regulator activity [GO:0017081]; voltage-gated chloride channel activity [GO:0005247]; voltage-gated monoatomic anion channel activity [GO:0008308]; volume-sensitive chloride channel activity [GO:0072320],CLCN2
Pocillopora_acuta_HIv2___TS.g549.t1,calcium,,Q1LY46,3.83e-168,Mitochondrial proton/calcium exchanger protein (Electroneutral mitochondrial K(+)/H(+)exchanger) (KHE) (Leucine zipper-EF-hand-containing transmembrane protein 1),calcium export from the mitochondrion [GO:0099093]; calcium ion transport [GO:0006816]; inner mitochondrial membrane organization [GO:0007007]; mitochondrial calcium ion homeostasis [GO:0051560]; mitochondrial calcium ion transmembrane transport [GO:0006851]; mitochondrion organization [GO:0007005]; potassium ion transport [GO:0006813]; protein hexamerization [GO:0034214]; protein homooligomerization [GO:0051260],GO:0005509; GO:0005739; GO:0005743; GO:0006813; GO:0006816; GO:0006851; GO:0007005; GO:0007007; GO:0015369; GO:0034214; GO:0043022; GO:0051260; GO:0051560; GO:0099093,mitochondrial inner membrane [GO:0005743]; mitochondrion [GO:0005739],calcium ion binding [GO:0005509]; calcium:proton antiporter activity [GO:0015369]; ribosome binding [GO:0043022],Mitochondrial proton/calcium exchanger protein
Pocillopora_acuta_HIv2___TS.g5838.t1,calcium,,P98161,6.15e-79,Polycystin-1 (PC1) (Autosomal dominant polycystic kidney disease 1 protein),anatomical structure morphogenesis [GO:0009653]; branching morphogenesis of an epithelial tube [GO:0048754]; calcium ion transmembrane transport [GO:0070588]; calcium ion transport [GO:0006816]; calcium-independent cell-matrix adhesion [GO:0007161]; cartilage condensation [GO:0001502]; cartilage development [GO:0051216]; cell surface receptor signaling pathway [GO:0007166]; cell surface receptor signaling pathway via JAK-STAT [GO:0007259]; cell-matrix adhesion [GO:0007160]; detection of mechanical stimulus [GO:0050982]; digestive tract development [GO:0048565]; embryonic placenta development [GO:0001892]; establishment of cell polarity [GO:0030010]; genitalia development [GO:0048806]; heart development [GO:0007507]; homophilic cell adhesion via plasma membrane adhesion molecules [GO:0007156]; in utero embryonic development [GO:0001701]; kidney development [GO:0001822]; liver development [GO:0001889]; lung epithelium development [GO:0060428]; lymph vessel morphogenesis [GO:0036303]; mesonephric duct development [GO:0072177]; mesonephric tubule development [GO:0072164]; metanephric ascending thin limb development [GO:0072218]; metanephric collecting duct development [GO:0072205]; metanephric distal tubule morphogenesis [GO:0072287]; metanephric proximal tubule development [GO:0072237]; mitocytosis [GO:0160040]; neural tube development [GO:0021915]; nitrogen cycle metabolic process [GO:0071941]; peptidyl-serine phosphorylation [GO:0018105]; placenta blood vessel development [GO:0060674]; positive regulation of cytosolic calcium ion concentration [GO:0007204]; positive regulation of transcription by RNA polymerase II [GO:0045944]; protein export from nucleus [GO:0006611]; protein heterotetramerization [GO:0051290]; regulation of cell adhesion [GO:0030155]; regulation of cell cycle [GO:0051726]; regulation of G1/S transition of mitotic cell cycle [GO:2000045]; regulation of mitotic spindle organization [GO:0060236]; regulation of proteasomal protein catabolic process [GO:0061136]; response to fluid shear stress [GO:0034405]; skin development [GO:0043588]; spinal cord development [GO:0021510]; Wnt signaling pathway [GO:0016055],GO:0000139; GO:0001502; GO:0001701; GO:0001822; GO:0001889; GO:0001892; GO:0002133; GO:0005262; GO:0005634; GO:0005737; GO:0005783; GO:0005794; GO:0005886; GO:0005929; GO:0006611; GO:0006816; GO:0007156; GO:0007160; GO:0007161; GO:0007166; GO:0007204; GO:0007259; GO:0007507; GO:0009653; GO:0009986; GO:0016020; GO:0016055; GO:0016323; GO:0016328; GO:0018105; GO:0019901; GO:0019904; GO:0021510; GO:0021915; GO:0030010; GO:0030155; GO:0030246; GO:0030660; GO:0031514; GO:0034405; GO:0034703; GO:0034704; GO:0036303; GO:0042813; GO:0043588; GO:0044325; GO:0045944; GO:0048565; GO:0048754; GO:0048806; GO:0050982; GO:0051216; GO:0051290; GO:0051726; GO:0060170; GO:0060236; GO:0060428; GO:0060674; GO:0061136; GO:0070062; GO:0070588; GO:0071941; GO:0072164; GO:0072177; GO:0072205; GO:0072218; GO:0072237; GO:0072287; GO:0140416; GO:0140494; GO:0160040; GO:2000045,basolateral plasma membrane [GO:0016323]; calcium channel complex [GO:0034704]; cation channel complex [GO:0034703]; cell surface [GO:0009986]; ciliary membrane [GO:0060170]; cilium [GO:0005929]; cytoplasm [GO:0005737]; endoplasmic reticulum [GO:0005783]; extracellular exosome [GO:0070062]; Golgi apparatus [GO:0005794]; Golgi membrane [GO:0000139]; Golgi-associated vesicle membrane [GO:0030660]; lateral plasma membrane [GO:0016328]; membrane [GO:0016020]; migrasome [GO:0140494]; motile cilium [GO:0031514]; nucleus [GO:0005634]; plasma membrane [GO:0005886]; polycystin complex [GO:0002133],calcium channel activity [GO:0005262]; carbohydrate binding [GO:0030246]; protein domain specific binding [GO:0019904]; protein kinase binding [GO:0019901]; transcription regulator inhibitor activity [GO:0140416]; transmembrane transporter binding [GO:0044325]; Wnt receptor activity [GO:0042813],Polycystin-1
Pocillopora_acuta_HIv2___TS.g6007.t1,SLC,,G3C7W6,4.13e-154,Sodium-independent sulfate anion transporter (Solute carrier family 26 member 11),oxalate transport [GO:0019532]; sulfate transmembrane transport [GO:1902358],GO:0005254; GO:0005654; GO:0005765; GO:0005783; GO:0005794; GO:0005886; GO:0008271; GO:0016323; GO:0016324; GO:0019532; GO:0140900; GO:1902358,apical plasma membrane [GO:0016324]; basolateral plasma membrane [GO:0016323]; endoplasmic reticulum [GO:0005783]; Golgi apparatus [GO:0005794]; lysosomal membrane [GO:0005765]; nucleoplasm [GO:0005654]; plasma membrane [GO:0005886],chloride channel activity [GO:0005254]; chloride:bicarbonate antiporter activity [GO:0140900]; secondary active sulfate transmembrane transporter activity [GO:0008271],Sodium-independent sulfate anion transporter
Pocillopora_acuta_HIv2___TS.g61.t2,calcium,,Q866A2,5.89e-118,Neuronal acetylcholine receptor subunit alpha-7 (nAChR7) (Nicotinic acetylcholine receptor subunit alpha-7),"acetylcholine receptor signaling pathway [GO:0095500]; associative learning [GO:0008306]; B cell activation [GO:0042113]; behavioral response to ethanol [GO:0048149]; behavioral response to nicotine [GO:0035095]; calcium ion transport [GO:0006816]; chemical synaptic transmission [GO:0007268]; cognition [GO:0050890]; dendrite arborization [GO:0140059]; dendritic spine organization [GO:0097061]; endocytosis [GO:0006897]; establishment of localization in cell [GO:0051649]; flagellated sperm motility [GO:0030317]; generation of ovulation cycle rhythm [GO:0060112]; intracellular calcium ion homeostasis [GO:0006874]; monoatomic ion transmembrane transport [GO:0034220]; negative regulation of canonical NF-kappaB signal transduction [GO:0043124]; negative regulation of cytokine production involved in inflammatory response [GO:1900016]; negative regulation of inflammatory response [GO:0050728]; negative regulation of interleukin-1 beta production [GO:0032691]; negative regulation of interleukin-6 production [GO:0032715]; negative regulation of tumor necrosis factor production [GO:0032720]; positive regulation of amyloid-beta formation [GO:1902004]; positive regulation of angiogenesis [GO:0045766]; positive regulation of cell population proliferation [GO:0008284]; positive regulation of ERK1 and ERK2 cascade [GO:0070374]; positive regulation of excitatory postsynaptic potential [GO:2000463]; positive regulation of heart rate involved in baroreceptor response to decreased systemic arterial blood pressure [GO:0001988]; positive regulation of long-term synaptic potentiation [GO:1900273]; positive regulation of MAPK cascade [GO:0043410]; regulation of amyloid fibril formation [GO:1905906]; regulation of membrane potential [GO:0042391]; regulation of norepinephrine secretion [GO:0014061]; regulation of synapse structural plasticity [GO:0051823]; regulation of synaptic transmission, dopaminergic [GO:0032225]; response to amyloid-beta [GO:1904645]; response to cold [GO:0009409]; response to food [GO:0032094]; response to hypoxia [GO:0001666]; response to nicotine [GO:0035094]; sensory processing [GO:0050893]; short-term memory [GO:0007614]; signal transduction [GO:0007165]; synaptic transmission, cholinergic [GO:0007271]; T cell activation [GO:0042110]",GO:0001540; GO:0001666; GO:0001988; GO:0005886; GO:0005892; GO:0006816; GO:0006874; GO:0006897; GO:0007165; GO:0007268; GO:0007271; GO:0007614; GO:0008284; GO:0008306; GO:0009409; GO:0009897; GO:0014061; GO:0015464; GO:0015643; GO:0016324; GO:0017081; GO:0022848; GO:0030317; GO:0030425; GO:0030673; GO:0032094; GO:0032225; GO:0032691; GO:0032715; GO:0032720; GO:0034220; GO:0035094; GO:0035095; GO:0042110; GO:0042113; GO:0042166; GO:0042391; GO:0042734; GO:0042803; GO:0043005; GO:0043124; GO:0043410; GO:0045202; GO:0045766; GO:0048149; GO:0050728; GO:0050890; GO:0050893; GO:0051649; GO:0051823; GO:0060112; GO:0070374; GO:0095500; GO:0097061; GO:0098839; GO:0098978; GO:0098981; GO:0140059; GO:1900016; GO:1900273; GO:1902004; GO:1904645; GO:1905906; GO:2000463,acetylcholine-gated channel complex [GO:0005892]; apical plasma membrane [GO:0016324]; axolemma [GO:0030673]; cholinergic synapse [GO:0098981]; dendrite [GO:0030425]; external side of plasma membrane [GO:0009897]; glutamatergic synapse [GO:0098978]; neuron projection [GO:0043005]; plasma membrane [GO:0005886]; postsynaptic density membrane [GO:0098839]; presynaptic membrane [GO:0042734]; synapse [GO:0045202],acetylcholine binding [GO:0042166]; acetylcholine receptor activity [GO:0015464]; acetylcholine-gated monoatomic cation-selective channel activity [GO:0022848]; amyloid-beta binding [GO:0001540]; chloride channel regulator activity [GO:0017081]; protein homodimerization activity [GO:0042803]; toxic substance binding [GO:0015643],Neuronal acetylcholine receptor subunit alpha-7
Pocillopora_acuta_HIv2___TS.g6392.t1,SLC,,O43826,9.18e-6,Glucose-6-phosphate exchanger SLC37A4 (Glucose-5-phosphate transporter) (Glucose-6-phosphate translocase) (Solute carrier family 37 member 4) (Transformation-related gene 19 protein) (TRG-19),gluconeogenesis [GO:0006094]; glucose homeostasis [GO:0042593]; glucose metabolic process [GO:0006006]; glucose-6-phosphate transport [GO:0015760]; phosphate ion transmembrane transport [GO:0035435],GO:0005783; GO:0005789; GO:0006006; GO:0006094; GO:0015152; GO:0015760; GO:0016020; GO:0035435; GO:0042593; GO:0061513,endoplasmic reticulum [GO:0005783]; endoplasmic reticulum membrane [GO:0005789]; membrane [GO:0016020],glucose 6-phosphate:phosphate antiporter activity [GO:0061513]; glucose-6-phosphate transmembrane transporter activity [GO:0015152],Glucose-6-phosphate exchanger SLC37A4
Pocillopora_acuta_HIv2___TS.g6503.t2,SLC,,Q9QXA6,1.8e-135,"b(0,+)-type amino acid transporter 1 (b(0,+)AT1) (Glycoprotein-associated amino acid transporter b0,+AT1) (Solute carrier family 7 member 9)",L-cystine transport [GO:0015811]; neutral amino acid transport [GO:0015804],GO:0005886; GO:0015175; GO:0015184; GO:0015804; GO:0015811; GO:0016324; GO:0031526; GO:0042605; GO:0046982; GO:0180009,apical plasma membrane [GO:0016324]; brush border membrane [GO:0031526]; plasma membrane [GO:0005886],broad specificity neutral L-amino acid:basic L-amino acid antiporter activity [GO:0180009]; L-cystine transmembrane transporter activity [GO:0015184]; neutral L-amino acid transmembrane transporter activity [GO:0015175]; peptide antigen binding [GO:0042605]; protein heterodimerization activity [GO:0046982],"b(0,+)-type amino acid transporter 1"
Pocillopora_acuta_HIv2___TS.g6716.t1,SLC,,Q9JI12,3.16e-114,Vesicular glutamate transporter 2 (VGluT2) (Differentiation-associated BNPI) (Differentiation-associated Na(+)-dependent inorganic phosphate cotransporter) (Solute carrier family 17 member 6),"hippocampus development [GO:0021766]; hyaloid vascular plexus regression [GO:1990384]; L-glutamate import [GO:0051938]; L-glutamate transmembrane transport [GO:0015813]; neural retina development [GO:0003407]; neurotransmitter loading into synaptic vesicle [GO:0098700]; neurotransmitter uptake [GO:0001504]; phosphate ion homeostasis [GO:0055062]; phosphate ion transport [GO:0006817]; regulation of synapse structure or activity [GO:0050803]; sodium-dependent phosphate transport [GO:0044341]; synaptic transmission, glutamatergic [GO:0035249]",GO:0001504; GO:0003407; GO:0005254; GO:0005313; GO:0005326; GO:0005436; GO:0005769; GO:0005886; GO:0006817; GO:0008021; GO:0015386; GO:0015813; GO:0021766; GO:0030672; GO:0034707; GO:0035249; GO:0043005; GO:0044341; GO:0050803; GO:0051938; GO:0055062; GO:0060076; GO:0098700; GO:0098793; GO:0140787; GO:0140788; GO:1990030; GO:1990384,chloride channel complex [GO:0034707]; early endosome [GO:0005769]; excitatory synapse [GO:0060076]; neuron projection [GO:0043005]; pericellular basket [GO:1990030]; plasma membrane [GO:0005886]; presynapse [GO:0098793]; synaptic vesicle [GO:0008021]; synaptic vesicle membrane [GO:0030672],chloride channel activity [GO:0005254]; L-glutamate transmembrane transporter activity [GO:0005313]; L-glutamate uniporter activity [GO:0140788]; neurotransmitter transmembrane transporter activity [GO:0005326]; phosphate ion uniporter activity [GO:0140787]; potassium:proton antiporter activity [GO:0015386]; sodium:phosphate symporter activity [GO:0005436],Vesicular glutamate transporter 2
Pocillopora_acuta_HIv2___TS.g6717.t1,SLC,,Q9JI12,9.62e-103,Vesicular glutamate transporter 2 (VGluT2) (Differentiation-associated BNPI) (Differentiation-associated Na(+)-dependent inorganic phosphate cotransporter) (Solute carrier family 17 member 6),"hippocampus development [GO:0021766]; hyaloid vascular plexus regression [GO:1990384]; L-glutamate import [GO:0051938]; L-glutamate transmembrane transport [GO:0015813]; neural retina development [GO:0003407]; neurotransmitter loading into synaptic vesicle [GO:0098700]; neurotransmitter uptake [GO:0001504]; phosphate ion homeostasis [GO:0055062]; phosphate ion transport [GO:0006817]; regulation of synapse structure or activity [GO:0050803]; sodium-dependent phosphate transport [GO:0044341]; synaptic transmission, glutamatergic [GO:0035249]",GO:0001504; GO:0003407; GO:0005254; GO:0005313; GO:0005326; GO:0005436; GO:0005769; GO:0005886; GO:0006817; GO:0008021; GO:0015386; GO:0015813; GO:0021766; GO:0030672; GO:0034707; GO:0035249; GO:0043005; GO:0044341; GO:0050803; GO:0051938; GO:0055062; GO:0060076; GO:0098700; GO:0098793; GO:0140787; GO:0140788; GO:1990030; GO:1990384,chloride channel complex [GO:0034707]; early endosome [GO:0005769]; excitatory synapse [GO:0060076]; neuron projection [GO:0043005]; pericellular basket [GO:1990030]; plasma membrane [GO:0005886]; presynapse [GO:0098793]; synaptic vesicle [GO:0008021]; synaptic vesicle membrane [GO:0030672],chloride channel activity [GO:0005254]; L-glutamate transmembrane transporter activity [GO:0005313]; L-glutamate uniporter activity [GO:0140788]; neurotransmitter transmembrane transporter activity [GO:0005326]; phosphate ion uniporter activity [GO:0140787]; potassium:proton antiporter activity [GO:0015386]; sodium:phosphate symporter activity [GO:0005436],Vesicular glutamate transporter 2
Pocillopora_acuta_HIv2___TS.g6718.t1,SLC,,Q9JI12,8.8e-108,Vesicular glutamate transporter 2 (VGluT2) (Differentiation-associated BNPI) (Differentiation-associated Na(+)-dependent inorganic phosphate cotransporter) (Solute carrier family 17 member 6),"hippocampus development [GO:0021766]; hyaloid vascular plexus regression [GO:1990384]; L-glutamate import [GO:0051938]; L-glutamate transmembrane transport [GO:0015813]; neural retina development [GO:0003407]; neurotransmitter loading into synaptic vesicle [GO:0098700]; neurotransmitter uptake [GO:0001504]; phosphate ion homeostasis [GO:0055062]; phosphate ion transport [GO:0006817]; regulation of synapse structure or activity [GO:0050803]; sodium-dependent phosphate transport [GO:0044341]; synaptic transmission, glutamatergic [GO:0035249]",GO:0001504; GO:0003407; GO:0005254; GO:0005313; GO:0005326; GO:0005436; GO:0005769; GO:0005886; GO:0006817; GO:0008021; GO:0015386; GO:0015813; GO:0021766; GO:0030672; GO:0034707; GO:0035249; GO:0043005; GO:0044341; GO:0050803; GO:0051938; GO:0055062; GO:0060076; GO:0098700; GO:0098793; GO:0140787; GO:0140788; GO:1990030; GO:1990384,chloride channel complex [GO:0034707]; early endosome [GO:0005769]; excitatory synapse [GO:0060076]; neuron projection [GO:0043005]; pericellular basket [GO:1990030]; plasma membrane [GO:0005886]; presynapse [GO:0098793]; synaptic vesicle [GO:0008021]; synaptic vesicle membrane [GO:0030672],chloride channel activity [GO:0005254]; L-glutamate transmembrane transporter activity [GO:0005313]; L-glutamate uniporter activity [GO:0140788]; neurotransmitter transmembrane transporter activity [GO:0005326]; phosphate ion uniporter activity [GO:0140787]; potassium:proton antiporter activity [GO:0015386]; sodium:phosphate symporter activity [GO:0005436],Vesicular glutamate transporter 2
Pocillopora_acuta_HIv2___TS.g6778.t1,SLC,,Q6DCX5,1.52e-68,Proton-coupled folate transporter (Heme carrier protein 1) (Solute carrier family 46 member 1),transmembrane transport [GO:0055085],GO:0005542; GO:0005768; GO:0005886; GO:0010008; GO:0015293; GO:0015350; GO:0016323; GO:0016324; GO:0022857; GO:0055085,apical plasma membrane [GO:0016324]; basolateral plasma membrane [GO:0016323]; endosome [GO:0005768]; endosome membrane [GO:0010008]; plasma membrane [GO:0005886],folic acid binding [GO:0005542]; methotrexate transmembrane transporter activity [GO:0015350]; symporter activity [GO:0015293]; transmembrane transporter activity [GO:0022857],Proton-coupled folate transporter
Pocillopora_acuta_HIv2___TS.g6874.t1,SLC,,Q6DCX5,2.61e-51,Proton-coupled folate transporter (Heme carrier protein 1) (Solute carrier family 46 member 1),transmembrane transport [GO:0055085],GO:0005542; GO:0005768; GO:0005886; GO:0010008; GO:0015293; GO:0015350; GO:0016323; GO:0016324; GO:0022857; GO:0055085,apical plasma membrane [GO:0016324]; basolateral plasma membrane [GO:0016323]; endosome [GO:0005768]; endosome membrane [GO:0010008]; plasma membrane [GO:0005886],folic acid binding [GO:0005542]; methotrexate transmembrane transporter activity [GO:0015350]; symporter activity [GO:0015293]; transmembrane transporter activity [GO:0022857],Proton-coupled folate transporter
Pocillopora_acuta_HIv2___TS.g6919.t1,SLC,,Q5ZI20,6.63e-87,Zinc transporter ZIP13 (Solute carrier family 39 member 13) (Zrt- and Irt-like protein 13) (ZIP-13),intracellular zinc ion homeostasis [GO:0006882]; zinc ion transmembrane transport [GO:0071577]; zinc ion transport [GO:0006829],GO:0000139; GO:0005385; GO:0005789; GO:0006829; GO:0006882; GO:0030659; GO:0071577,cytoplasmic vesicle membrane [GO:0030659]; endoplasmic reticulum membrane [GO:0005789]; Golgi membrane [GO:0000139],zinc ion transmembrane transporter activity [GO:0005385],Zinc transporter ZIP13
Pocillopora_acuta_HIv2___TS.g7532.t1,SLC,,Q13183,6.06e-155,Solute carrier family 13 member 2 (Na(+)/dicarboxylate cotransporter 1) (NaDC-1) (Renal sodium/dicarboxylate cotransporter),alpha-ketoglutarate transport [GO:0015742]; cellular response to lithium ion [GO:0071285]; fumarate transport [GO:0015741]; succinate transmembrane transport [GO:0071422],GO:0005886; GO:0015138; GO:0015139; GO:0015141; GO:0015361; GO:0015741; GO:0015742; GO:0016020; GO:0016324; GO:0017153; GO:0070062; GO:0071285; GO:0071422,apical plasma membrane [GO:0016324]; extracellular exosome [GO:0070062]; membrane [GO:0016020]; plasma membrane [GO:0005886],alpha-ketoglutarate transmembrane transporter activity [GO:0015139]; fumarate transmembrane transporter activity [GO:0015138]; low-affinity sodium:dicarboxylate symporter activity [GO:0015361]; sodium:dicarboxylate symporter activity [GO:0017153]; succinate transmembrane transporter activity [GO:0015141],Solute carrier family 13 member 2
Pocillopora_acuta_HIv2___TS.g7869.t1,calcium,,P29274,1.47e-23,Adenosine receptor A2a,"adenylate cyclase-activating G protein-coupled receptor signaling pathway [GO:0007189]; adenylate cyclase-modulating G protein-coupled receptor signaling pathway [GO:0007188]; apoptotic process [GO:0006915]; apoptotic signaling pathway [GO:0097190]; astrocyte activation [GO:0048143]; blood circulation [GO:0008015]; blood coagulation [GO:0007596]; cell-cell signaling [GO:0007267]; cellular defense response [GO:0006968]; central nervous system development [GO:0007417]; eating behavior [GO:0042755]; excitatory postsynaptic potential [GO:0060079]; G protein-coupled adenosine receptor signaling pathway [GO:0001973]; inflammatory response [GO:0006954]; inhibitory postsynaptic potential [GO:0060080]; locomotory behavior [GO:0007626]; membrane depolarization [GO:0051899]; negative regulation of alpha-beta T cell activation [GO:0046636]; negative regulation of cell population proliferation [GO:0008285]; negative regulation of inflammatory response [GO:0050728]; negative regulation of neuron apoptotic process [GO:0043524]; negative regulation of vascular permeability [GO:0043116]; neuron projection morphogenesis [GO:0048812]; phagocytosis [GO:0006909]; phospholipase C-activating G protein-coupled receptor signaling pathway [GO:0007200]; positive regulation of acetylcholine secretion, neurotransmission [GO:0014057]; positive regulation of apoptotic signaling pathway [GO:2001235]; positive regulation of circadian sleep/wake cycle, sleep [GO:0045938]; positive regulation of ERK1 and ERK2 cascade [GO:0070374]; positive regulation of glutamate secretion [GO:0014049]; positive regulation of long-term synaptic potentiation [GO:1900273]; positive regulation of protein secretion [GO:0050714]; positive regulation of synaptic transmission, GABAergic [GO:0032230]; positive regulation of synaptic transmission, glutamatergic [GO:0051968]; positive regulation of urine volume [GO:0035810]; prepulse inhibition [GO:0060134]; presynaptic modulation of chemical synaptic transmission [GO:0099171]; regulation of calcium ion transport [GO:0051924]; regulation of DNA-templated transcription [GO:0006355]; regulation of mitochondrial membrane potential [GO:0051881]; regulation of norepinephrine secretion [GO:0014061]; response to amphetamine [GO:0001975]; response to caffeine [GO:0031000]; response to purine-containing compound [GO:0014074]; response to xenobiotic stimulus [GO:0009410]; sensory perception [GO:0007600]; synaptic transmission, cholinergic [GO:0007271]; synaptic transmission, dopaminergic [GO:0001963]; synaptic transmission, glutamatergic [GO:0035249]; vasodilation [GO:0042311]",GO:0001609; GO:0001963; GO:0001973; GO:0001975; GO:0005516; GO:0005882; GO:0005886; GO:0006355; GO:0006909; GO:0006915; GO:0006954; GO:0006968; GO:0007188; GO:0007189; GO:0007200; GO:0007267; GO:0007271; GO:0007417; GO:0007596; GO:0007600; GO:0007626; GO:0008015; GO:0008285; GO:0008289; GO:0009410; GO:0014049; GO:0014057; GO:0014061; GO:0014074; GO:0016020; GO:0019899; GO:0030425; GO:0030673; GO:0031000; GO:0031802; GO:0032230; GO:0032279; GO:0035249; GO:0035810; GO:0042311; GO:0042734; GO:0042755; GO:0042802; GO:0043025; GO:0043116; GO:0043524; GO:0044877; GO:0045211; GO:0045938; GO:0046636; GO:0048143; GO:0048786; GO:0048812; GO:0050714; GO:0050728; GO:0051393; GO:0051881; GO:0051899; GO:0051924; GO:0051968; GO:0060079; GO:0060080; GO:0060134; GO:0070374; GO:0097190; GO:0098978; GO:0099171; GO:1900273; GO:2001235,asymmetric synapse [GO:0032279]; axolemma [GO:0030673]; dendrite [GO:0030425]; glutamatergic synapse [GO:0098978]; intermediate filament [GO:0005882]; membrane [GO:0016020]; neuronal cell body [GO:0043025]; plasma membrane [GO:0005886]; postsynaptic membrane [GO:0045211]; presynaptic active zone [GO:0048786]; presynaptic membrane [GO:0042734],alpha-actinin binding [GO:0051393]; calmodulin binding [GO:0005516]; enzyme binding [GO:0019899]; G protein-coupled adenosine receptor activity [GO:0001609]; identical protein binding [GO:0042802]; lipid binding [GO:0008289]; protein-containing complex binding [GO:0044877]; type 5 metabotropic glutamate receptor binding [GO:0031802],Adenosine receptor A2a
Pocillopora_acuta_HIv2___TS.g787.t1,SLC,,Q5RFT1,3.1e-63,Solute carrier family 35 member F6 (ANT2-binding protein) (ANT2BP) (Transport and Golgi organization 9 homolog),negative regulation of mitochondrial outer membrane permeabilization involved in apoptotic signaling pathway [GO:1901029]; positive regulation of cell population proliferation [GO:0008284],GO:0005739; GO:0005765; GO:0008284; GO:0022857; GO:1901029,lysosomal membrane [GO:0005765]; mitochondrion [GO:0005739],transmembrane transporter activity [GO:0022857],Solute carrier family 35 member F6
Pocillopora_acuta_HIv2___TS.g8165.t1a,SLC,,Q3V050,2.18e-103,Multidrug and toxin extrusion protein 2 (MATE-2) (mMATE-2) (H(+)/organic cation antiporter kidney-specific) (Solute carrier family 47 member 2),organic cation transport [GO:0015695]; xenobiotic detoxification by transmembrane export across the plasma membrane [GO:1990961],GO:0005886; GO:0015101; GO:0015695; GO:0042910; GO:0140968; GO:1990961,plasma membrane [GO:0005886],organic cation transmembrane transporter activity [GO:0015101]; polyspecific organic cation:proton antiporter activity [GO:0140968]; xenobiotic transmembrane transporter activity [GO:0042910],Multidrug and toxin extrusion protein 2
Pocillopora_acuta_HIv2___TS.g8323.t1a,SLC,,Q924N4,0,Solute carrier family 12 member 6 (Electroneutral potassium-chloride cotransporter 3) (K-Cl cotransporter 3),cell volume homeostasis [GO:0006884]; cellular hypotonic salinity response [GO:0071477]; cellular response to glucose stimulus [GO:0071333]; chloride ion homeostasis [GO:0055064]; potassium ion homeostasis [GO:0055075]; potassium ion import across plasma membrane [GO:1990573]; potassium ion transmembrane transport [GO:0071805],GO:0005886; GO:0006884; GO:0015379; GO:0016323; GO:0019901; GO:0030424; GO:0046872; GO:0055064; GO:0055075; GO:0071333; GO:0071477; GO:0071805; GO:1990573,axon [GO:0030424]; basolateral plasma membrane [GO:0016323]; plasma membrane [GO:0005886],metal ion binding [GO:0046872]; potassium:chloride symporter activity [GO:0015379]; protein kinase binding [GO:0019901],Solute carrier family 12 member 6
Pocillopora_acuta_HIv2___TS.g8359.t1,SLC,,Q5R6J1,1.85e-107,Sodium-dependent neutral amino acid transporter B(0)AT1 (Solute carrier family 6 member 19) (System B(0) neutral amino acid transporter AT1),sodium ion transmembrane transport [GO:0035725],GO:0015175; GO:0015293; GO:0016324; GO:0031526; GO:0035725,apical plasma membrane [GO:0016324]; brush border membrane [GO:0031526],neutral L-amino acid transmembrane transporter activity [GO:0015175]; symporter activity [GO:0015293],Sodium-dependent neutral amino acid transporter B(0)AT1
Pocillopora_acuta_HIv2___TS.g8426.t1,SLC,,O88576,0,Sodium-dependent neutral amino acid transporter B(0)AT3 (Sodium- and chloride-dependent transporter XTRP2) (Solute carrier family 6 member 18) (System B(0) neutral amino acid transporter AT3),amino acid transmembrane transport [GO:0003333]; neurotransmitter transport [GO:0006836]; neutral amino acid transport [GO:0015804]; renal amino acid absorption [GO:1990297],GO:0003333; GO:0005886; GO:0006836; GO:0015175; GO:0015804; GO:0016324; GO:0031526; GO:0140931; GO:1990297,apical plasma membrane [GO:0016324]; brush border membrane [GO:0031526]; plasma membrane [GO:0005886],neutral L-amino acid transmembrane transporter activity [GO:0015175]; neutral L-amino acid:sodium:chloride symporter activity [GO:0140931],Sodium-dependent neutral amino acid transporter B(0)AT3
Pocillopora_acuta_HIv2___TS.g8474.t1,SLC,,Q3V050,1.44e-79,Multidrug and toxin extrusion protein 2 (MATE-2) (mMATE-2) (H(+)/organic cation antiporter kidney-specific) (Solute carrier family 47 member 2),organic cation transport [GO:0015695]; xenobiotic detoxification by transmembrane export across the plasma membrane [GO:1990961],GO:0005886; GO:0015101; GO:0015695; GO:0042910; GO:0140968; GO:1990961,plasma membrane [GO:0005886],organic cation transmembrane transporter activity [GO:0015101]; polyspecific organic cation:proton antiporter activity [GO:0140968]; xenobiotic transmembrane transporter activity [GO:0042910],Multidrug and toxin extrusion protein 2
Pocillopora_acuta_HIv2___TS.g8504.t1,calcium,,Q05586,3.52e-55,"Glutamate receptor ionotropic, NMDA 1 (GluN1) (Glutamate [NMDA] receptor subunit zeta-1) (N-methyl-D-aspartate receptor subunit NR1) (NMD-R1) (hNR1)","brain development [GO:0007420]; calcium ion homeostasis [GO:0055074]; calcium ion transmembrane import into cytosol [GO:0097553]; calcium ion transmembrane transport [GO:0070588]; chemical synaptic transmission [GO:0007268]; excitatory chemical synaptic transmission [GO:0098976]; excitatory postsynaptic potential [GO:0060079]; ionotropic glutamate receptor signaling pathway [GO:0035235]; monoatomic cation transmembrane transport [GO:0098655]; monoatomic cation transport [GO:0006812]; positive regulation of calcium ion transport into cytosol [GO:0010524]; positive regulation of excitatory postsynaptic potential [GO:2000463]; positive regulation of reactive oxygen species biosynthetic process [GO:1903428]; positive regulation of synaptic transmission, glutamatergic [GO:0051968]; positive regulation of transcription by RNA polymerase II [GO:0045944]; propylene metabolic process [GO:0018964]; protein heterotetramerization [GO:0051290]; regulation of membrane potential [GO:0042391]; regulation of monoatomic cation transmembrane transport [GO:1904062]; regulation of neuronal synaptic plasticity [GO:0048168]; regulation of synaptic plasticity [GO:0048167]; response to ethanol [GO:0045471]; response to glycine [GO:1905429]; sodium ion transmembrane transport [GO:0035725]; visual learning [GO:0008542]",GO:0001540; GO:0004972; GO:0005509; GO:0005516; GO:0005737; GO:0005789; GO:0005886; GO:0006812; GO:0007268; GO:0007420; GO:0008021; GO:0008542; GO:0009986; GO:0010524; GO:0014069; GO:0015280; GO:0016594; GO:0016595; GO:0017146; GO:0018964; GO:0022849; GO:0030425; GO:0034702; GO:0035235; GO:0035725; GO:0038023; GO:0042391; GO:0043005; GO:0043083; GO:0043195; GO:0043197; GO:0044877; GO:0045202; GO:0045211; GO:0045471; GO:0045944; GO:0048167; GO:0048168; GO:0051290; GO:0051968; GO:0055074; GO:0060076; GO:0060079; GO:0070588; GO:0097060; GO:0097553; GO:0098655; GO:0098839; GO:0098878; GO:0098976; GO:0160212; GO:1903428; GO:1904062; GO:1905429; GO:2000463,cell surface [GO:0009986]; cytoplasm [GO:0005737]; dendrite [GO:0030425]; dendritic spine [GO:0043197]; endoplasmic reticulum membrane [GO:0005789]; excitatory synapse [GO:0060076]; monoatomic ion channel complex [GO:0034702]; neuron projection [GO:0043005]; neurotransmitter receptor complex [GO:0098878]; NMDA selective glutamate receptor complex [GO:0017146]; plasma membrane [GO:0005886]; postsynaptic density [GO:0014069]; postsynaptic density membrane [GO:0098839]; postsynaptic membrane [GO:0045211]; synapse [GO:0045202]; synaptic cleft [GO:0043083]; synaptic membrane [GO:0097060]; synaptic vesicle [GO:0008021]; terminal bouton [GO:0043195],amyloid-beta binding [GO:0001540]; calcium ion binding [GO:0005509]; calmodulin binding [GO:0005516]; glutamate binding [GO:0016595]; glutamate-gated calcium ion channel activity [GO:0022849]; glycine binding [GO:0016594]; glycine-gated cation channel activity [GO:0160212]; ligand-gated sodium channel activity [GO:0015280]; NMDA glutamate receptor activity [GO:0004972]; protein-containing complex binding [GO:0044877]; signaling receptor activity [GO:0038023],"Glutamate receptor ionotropic, NMDA 1"
Pocillopora_acuta_HIv2___TS.g852.t1,SLC,,Q6AYY8,0,Acetyl-coenzyme A transporter 1 (AT-1) (Acetyl-CoA transporter 1) (Solute carrier family 33 member 1),acetyl-CoA transmembrane transport [GO:0035348],GO:0005789; GO:0008521; GO:0035348; GO:0042803,endoplasmic reticulum membrane [GO:0005789],acetyl-CoA transmembrane transporter activity [GO:0008521]; protein homodimerization activity [GO:0042803],Acetyl-coenzyme A transporter 1
Pocillopora_acuta_HIv2___TS.g8582.t1a,calcium,,P29274,2.69e-14,Adenosine receptor A2a,"adenylate cyclase-activating G protein-coupled receptor signaling pathway [GO:0007189]; adenylate cyclase-modulating G protein-coupled receptor signaling pathway [GO:0007188]; apoptotic process [GO:0006915]; apoptotic signaling pathway [GO:0097190]; astrocyte activation [GO:0048143]; blood circulation [GO:0008015]; blood coagulation [GO:0007596]; cell-cell signaling [GO:0007267]; cellular defense response [GO:0006968]; central nervous system development [GO:0007417]; eating behavior [GO:0042755]; excitatory postsynaptic potential [GO:0060079]; G protein-coupled adenosine receptor signaling pathway [GO:0001973]; inflammatory response [GO:0006954]; inhibitory postsynaptic potential [GO:0060080]; locomotory behavior [GO:0007626]; membrane depolarization [GO:0051899]; negative regulation of alpha-beta T cell activation [GO:0046636]; negative regulation of cell population proliferation [GO:0008285]; negative regulation of inflammatory response [GO:0050728]; negative regulation of neuron apoptotic process [GO:0043524]; negative regulation of vascular permeability [GO:0043116]; neuron projection morphogenesis [GO:0048812]; phagocytosis [GO:0006909]; phospholipase C-activating G protein-coupled receptor signaling pathway [GO:0007200]; positive regulation of acetylcholine secretion, neurotransmission [GO:0014057]; positive regulation of apoptotic signaling pathway [GO:2001235]; positive regulation of circadian sleep/wake cycle, sleep [GO:0045938]; positive regulation of ERK1 and ERK2 cascade [GO:0070374]; positive regulation of glutamate secretion [GO:0014049]; positive regulation of long-term synaptic potentiation [GO:1900273]; positive regulation of protein secretion [GO:0050714]; positive regulation of synaptic transmission, GABAergic [GO:0032230]; positive regulation of synaptic transmission, glutamatergic [GO:0051968]; positive regulation of urine volume [GO:0035810]; prepulse inhibition [GO:0060134]; presynaptic modulation of chemical synaptic transmission [GO:0099171]; regulation of calcium ion transport [GO:0051924]; regulation of DNA-templated transcription [GO:0006355]; regulation of mitochondrial membrane potential [GO:0051881]; regulation of norepinephrine secretion [GO:0014061]; response to amphetamine [GO:0001975]; response to caffeine [GO:0031000]; response to purine-containing compound [GO:0014074]; response to xenobiotic stimulus [GO:0009410]; sensory perception [GO:0007600]; synaptic transmission, cholinergic [GO:0007271]; synaptic transmission, dopaminergic [GO:0001963]; synaptic transmission, glutamatergic [GO:0035249]; vasodilation [GO:0042311]",GO:0001609; GO:0001963; GO:0001973; GO:0001975; GO:0005516; GO:0005882; GO:0005886; GO:0006355; GO:0006909; GO:0006915; GO:0006954; GO:0006968; GO:0007188; GO:0007189; GO:0007200; GO:0007267; GO:0007271; GO:0007417; GO:0007596; GO:0007600; GO:0007626; GO:0008015; GO:0008285; GO:0008289; GO:0009410; GO:0014049; GO:0014057; GO:0014061; GO:0014074; GO:0016020; GO:0019899; GO:0030425; GO:0030673; GO:0031000; GO:0031802; GO:0032230; GO:0032279; GO:0035249; GO:0035810; GO:0042311; GO:0042734; GO:0042755; GO:0042802; GO:0043025; GO:0043116; GO:0043524; GO:0044877; GO:0045211; GO:0045938; GO:0046636; GO:0048143; GO:0048786; GO:0048812; GO:0050714; GO:0050728; GO:0051393; GO:0051881; GO:0051899; GO:0051924; GO:0051968; GO:0060079; GO:0060080; GO:0060134; GO:0070374; GO:0097190; GO:0098978; GO:0099171; GO:1900273; GO:2001235,asymmetric synapse [GO:0032279]; axolemma [GO:0030673]; dendrite [GO:0030425]; glutamatergic synapse [GO:0098978]; intermediate filament [GO:0005882]; membrane [GO:0016020]; neuronal cell body [GO:0043025]; plasma membrane [GO:0005886]; postsynaptic membrane [GO:0045211]; presynaptic active zone [GO:0048786]; presynaptic membrane [GO:0042734],alpha-actinin binding [GO:0051393]; calmodulin binding [GO:0005516]; enzyme binding [GO:0019899]; G protein-coupled adenosine receptor activity [GO:0001609]; identical protein binding [GO:0042802]; lipid binding [GO:0008289]; protein-containing complex binding [GO:0044877]; type 5 metabotropic glutamate receptor binding [GO:0031802],Adenosine receptor A2a
Pocillopora_acuta_HIv2___TS.g8704.t2,SLC,,A1L1W9,9.31e-60,Monocarboxylate transporter 10 (MCT 10) (Solute carrier family 16 member 10),aromatic amino acid transport [GO:0015801]; thyroid hormone transport [GO:0070327],GO:0005302; GO:0005886; GO:0015173; GO:0015192; GO:0015196; GO:0015349; GO:0015801; GO:0016323; GO:0022857; GO:0070327,basolateral plasma membrane [GO:0016323]; plasma membrane [GO:0005886],aromatic amino acid transmembrane transporter activity [GO:0015173]; L-phenylalanine transmembrane transporter activity [GO:0015192]; L-tryptophan transmembrane transporter activity [GO:0015196]; L-tyrosine transmembrane transporter activity [GO:0005302]; thyroid hormone transmembrane transporter activity [GO:0015349]; transmembrane transporter activity [GO:0022857],Monocarboxylate transporter 10
Pocillopora_acuta_HIv2___TS.g8878.t1,SLC,,Q9XT77,3.69e-147,Sodium-dependent multivitamin transporter (Na(+)-dependent multivitamin transporter) (Solute carrier family 5 member 6),biotin import across plasma membrane [GO:1905135]; biotin transport [GO:0015878]; iodide transmembrane transport [GO:1904200]; pantothenate transmembrane transport [GO:0015887]; sodium ion transport [GO:0006814],GO:0005886; GO:0006814; GO:0015111; GO:0015225; GO:0015293; GO:0015878; GO:0015887; GO:0016324; GO:0090482; GO:1904200; GO:1905135,apical plasma membrane [GO:0016324]; plasma membrane [GO:0005886],biotin transmembrane transporter activity [GO:0015225]; iodide transmembrane transporter activity [GO:0015111]; symporter activity [GO:0015293]; vitamin transmembrane transporter activity [GO:0090482],Sodium-dependent multivitamin transporter
Pocillopora_acuta_HIv2___TS.g8885.t1,SLC,,Q8BGC3,1.71e-17,Monocarboxylate transporter 12 (MCT 12) (Solute carrier family 16 member 12),creatine transmembrane transport [GO:0015881]; creatinine metabolic process [GO:0046449],GO:0005308; GO:0005886; GO:0015292; GO:0015881; GO:0016323; GO:0046449,basolateral plasma membrane [GO:0016323]; plasma membrane [GO:0005886],creatine transmembrane transporter activity [GO:0005308]; uniporter activity [GO:0015292],Monocarboxylate transporter 12
Pocillopora_acuta_HIv2___TS.g8957.t1,Bhattacharya2016,ASIC4,Q708S4,1.09e-71,Acid-sensing ion channel 4-A (ASIC4-A) (Acid-sensing ion channel 4.1) (Amiloride-sensitive cation channel 4-A) (ZASIC4.1),sodium ion transmembrane transport [GO:0035725],GO:0005248; GO:0005261; GO:0005886; GO:0015280; GO:0035725; GO:0045177,apical part of cell [GO:0045177]; plasma membrane [GO:0005886],ligand-gated sodium channel activity [GO:0015280]; monoatomic cation channel activity [GO:0005261]; voltage-gated sodium channel activity [GO:0005248],ASIC4
Pocillopora_acuta_HIv2___TS.g8976.t1,"TRP, calcium",,Q7Z020,5.79e-36,Transient receptor potential cation channel subfamily A member 1 (dTRPA1) (Ankyrin-like with transmembrane domains protein 1) (dANKTM1),calcium ion transport [GO:0006816]; cellular response to heat [GO:0034605]; cellular response to pulsatile fluid shear stress [GO:0097703]; detection of chemical stimulus involved in sensory perception of bitter taste [GO:0001580]; detection of chemical stimulus involved in sensory perception of pain [GO:0050968]; detection of hot stimulus involved in thermoception [GO:0120168]; detection of temperature stimulus involved in sensory perception of pain [GO:0050965]; detection of temperature stimulus involved in thermoception [GO:0050960]; mechanosensory behavior [GO:0007638]; monoatomic cation transmembrane transport [GO:0098655]; monoatomic cation transport [GO:0006812]; negative phototaxis [GO:0046957]; neuronal signal transduction [GO:0023041]; phototransduction [GO:0007602]; positive regulation of calcium-mediated signaling [GO:0050850]; response to heat [GO:0009408]; response to light stimulus [GO:0009416]; temperature compensation of the circadian clock [GO:0010378]; thermosensory behavior [GO:0040040]; thermotaxis [GO:0043052],GO:0001580; GO:0005261; GO:0005262; GO:0005886; GO:0006812; GO:0006816; GO:0007602; GO:0007638; GO:0009408; GO:0009416; GO:0010378; GO:0015276; GO:0016020; GO:0023041; GO:0034605; GO:0034703; GO:0040040; GO:0043052; GO:0046957; GO:0050850; GO:0050960; GO:0050965; GO:0050968; GO:0097604; GO:0097703; GO:0098655; GO:0120168,cation channel complex [GO:0034703]; membrane [GO:0016020]; plasma membrane [GO:0005886],calcium channel activity [GO:0005262]; ligand-gated monoatomic ion channel activity [GO:0015276]; monoatomic cation channel activity [GO:0005261]; temperature-gated cation channel activity [GO:0097604],Transient receptor potential cation channel subfamily A member 1
Pocillopora_acuta_HIv2___TS.g8977.t1,"TRP, calcium",,Q7Z020,2.12e-65,Transient receptor potential cation channel subfamily A member 1 (dTRPA1) (Ankyrin-like with transmembrane domains protein 1) (dANKTM1),calcium ion transport [GO:0006816]; cellular response to heat [GO:0034605]; cellular response to pulsatile fluid shear stress [GO:0097703]; detection of chemical stimulus involved in sensory perception of bitter taste [GO:0001580]; detection of chemical stimulus involved in sensory perception of pain [GO:0050968]; detection of hot stimulus involved in thermoception [GO:0120168]; detection of temperature stimulus involved in sensory perception of pain [GO:0050965]; detection of temperature stimulus involved in thermoception [GO:0050960]; mechanosensory behavior [GO:0007638]; monoatomic cation transmembrane transport [GO:0098655]; monoatomic cation transport [GO:0006812]; negative phototaxis [GO:0046957]; neuronal signal transduction [GO:0023041]; phototransduction [GO:0007602]; positive regulation of calcium-mediated signaling [GO:0050850]; response to heat [GO:0009408]; response to light stimulus [GO:0009416]; temperature compensation of the circadian clock [GO:0010378]; thermosensory behavior [GO:0040040]; thermotaxis [GO:0043052],GO:0001580; GO:0005261; GO:0005262; GO:0005886; GO:0006812; GO:0006816; GO:0007602; GO:0007638; GO:0009408; GO:0009416; GO:0010378; GO:0015276; GO:0016020; GO:0023041; GO:0034605; GO:0034703; GO:0040040; GO:0043052; GO:0046957; GO:0050850; GO:0050960; GO:0050965; GO:0050968; GO:0097604; GO:0097703; GO:0098655; GO:0120168,cation channel complex [GO:0034703]; membrane [GO:0016020]; plasma membrane [GO:0005886],calcium channel activity [GO:0005262]; ligand-gated monoatomic ion channel activity [GO:0015276]; monoatomic cation channel activity [GO:0005261]; temperature-gated cation channel activity [GO:0097604],Transient receptor potential cation channel subfamily A member 1
Pocillopora_acuta_HIv2___TS.g9208.t1,SLC,,O43826,1.72e-12,Glucose-6-phosphate exchanger SLC37A4 (Glucose-5-phosphate transporter) (Glucose-6-phosphate translocase) (Solute carrier family 37 member 4) (Transformation-related gene 19 protein) (TRG-19),gluconeogenesis [GO:0006094]; glucose homeostasis [GO:0042593]; glucose metabolic process [GO:0006006]; glucose-6-phosphate transport [GO:0015760]; phosphate ion transmembrane transport [GO:0035435],GO:0005783; GO:0005789; GO:0006006; GO:0006094; GO:0015152; GO:0015760; GO:0016020; GO:0035435; GO:0042593; GO:0061513,endoplasmic reticulum [GO:0005783]; endoplasmic reticulum membrane [GO:0005789]; membrane [GO:0016020],glucose 6-phosphate:phosphate antiporter activity [GO:0061513]; glucose-6-phosphate transmembrane transporter activity [GO:0015152],Glucose-6-phosphate exchanger SLC37A4
Pocillopora_acuta_HIv2___TS.g9251.t1,SLC,,Q8VCL5,2.37e-91,Voltage-gated purine nucleotide uniporter SLC17A9 (Solute carrier family 17 member 9) (Vesicular nucleotide transporter) (VNUT),ADP transport [GO:0015866]; ATP export [GO:1904669]; ATP transport [GO:0015867]; guanine nucleotide transmembrane transport [GO:1903790]; lysosomal protein catabolic process [GO:1905146]; purine nucleotide import into lysosome [GO:0141013],GO:0001409; GO:0005347; GO:0005765; GO:0015217; GO:0015866; GO:0015867; GO:0030141; GO:0030658; GO:0042584; GO:0098594; GO:0141013; GO:0160042; GO:1903790; GO:1904669; GO:1905146,chromaffin granule membrane [GO:0042584]; lysosomal membrane [GO:0005765]; mucin granule [GO:0098594]; secretory granule [GO:0030141]; transport vesicle membrane [GO:0030658],ADP transmembrane transporter activity [GO:0015217]; ATP transmembrane transporter activity [GO:0005347]; guanine nucleotide transmembrane transporter activity [GO:0001409]; purine nucleotide uniporter activity [GO:0160042],Voltage-gated purine nucleotide uniporter SLC17A9
Pocillopora_acuta_HIv2___TS.g9584.t1,SLC,,Q68F72,2.8e-79,Solute carrier family 15 member 4,"dipeptide import across plasma membrane [GO:0140206]; innate immune response [GO:0045087]; mast cell homeostasis [GO:0033023]; peptidoglycan transport [GO:0015835]; positive regulation of innate immune response [GO:0045089]; positive regulation of nucleotide-binding oligomerization domain containing 1 signaling pathway [GO:0070430]; positive regulation of nucleotide-binding oligomerization domain containing 2 signaling pathway [GO:0070434]; positive regulation of toll-like receptor 7 signaling pathway [GO:0034157]; positive regulation of toll-like receptor 8 signaling pathway [GO:0034161]; positive regulation of toll-like receptor 9 signaling pathway [GO:0034165]; protein transport [GO:0015031]; regulation of isotype switching to IgG isotypes [GO:0048302]; regulation of nucleotide-binding domain, leucine rich repeat containing receptor signaling pathway [GO:0070424]",GO:0005290; GO:0005765; GO:0015031; GO:0015333; GO:0015647; GO:0015835; GO:0016020; GO:0031901; GO:0033023; GO:0034157; GO:0034161; GO:0034165; GO:0036020; GO:0045087; GO:0045089; GO:0048302; GO:0070424; GO:0070430; GO:0070434; GO:0071916; GO:0140206,early endosome membrane [GO:0031901]; endolysosome membrane [GO:0036020]; lysosomal membrane [GO:0005765]; membrane [GO:0016020],dipeptide transmembrane transporter activity [GO:0071916]; L-histidine transmembrane transporter activity [GO:0005290]; peptide:proton symporter activity [GO:0015333]; peptidoglycan transmembrane transporter activity [GO:0015647],Solute carrier family 15 member 4
Pocillopora_acuta_HIv2___TS.g9585.t2,SLC,,Q68F72,8.38e-87,Solute carrier family 15 member 4,"dipeptide import across plasma membrane [GO:0140206]; innate immune response [GO:0045087]; mast cell homeostasis [GO:0033023]; peptidoglycan transport [GO:0015835]; positive regulation of innate immune response [GO:0045089]; positive regulation of nucleotide-binding oligomerization domain containing 1 signaling pathway [GO:0070430]; positive regulation of nucleotide-binding oligomerization domain containing 2 signaling pathway [GO:0070434]; positive regulation of toll-like receptor 7 signaling pathway [GO:0034157]; positive regulation of toll-like receptor 8 signaling pathway [GO:0034161]; positive regulation of toll-like receptor 9 signaling pathway [GO:0034165]; protein transport [GO:0015031]; regulation of isotype switching to IgG isotypes [GO:0048302]; regulation of nucleotide-binding domain, leucine rich repeat containing receptor signaling pathway [GO:0070424]",GO:0005290; GO:0005765; GO:0015031; GO:0015333; GO:0015647; GO:0015835; GO:0016020; GO:0031901; GO:0033023; GO:0034157; GO:0034161; GO:0034165; GO:0036020; GO:0045087; GO:0045089; GO:0048302; GO:0070424; GO:0070430; GO:0070434; GO:0071916; GO:0140206,early endosome membrane [GO:0031901]; endolysosome membrane [GO:0036020]; lysosomal membrane [GO:0005765]; membrane [GO:0016020],dipeptide transmembrane transporter activity [GO:0071916]; L-histidine transmembrane transporter activity [GO:0005290]; peptide:proton symporter activity [GO:0015333]; peptidoglycan transmembrane transporter activity [GO:0015647],Solute carrier family 15 member 4
Pocillopora_acuta_HIv2___TS.g9589.t1,SLC,,Q68F72,3.79e-95,Solute carrier family 15 member 4,"dipeptide import across plasma membrane [GO:0140206]; innate immune response [GO:0045087]; mast cell homeostasis [GO:0033023]; peptidoglycan transport [GO:0015835]; positive regulation of innate immune response [GO:0045089]; positive regulation of nucleotide-binding oligomerization domain containing 1 signaling pathway [GO:0070430]; positive regulation of nucleotide-binding oligomerization domain containing 2 signaling pathway [GO:0070434]; positive regulation of toll-like receptor 7 signaling pathway [GO:0034157]; positive regulation of toll-like receptor 8 signaling pathway [GO:0034161]; positive regulation of toll-like receptor 9 signaling pathway [GO:0034165]; protein transport [GO:0015031]; regulation of isotype switching to IgG isotypes [GO:0048302]; regulation of nucleotide-binding domain, leucine rich repeat containing receptor signaling pathway [GO:0070424]",GO:0005290; GO:0005765; GO:0015031; GO:0015333; GO:0015647; GO:0015835; GO:0016020; GO:0031901; GO:0033023; GO:0034157; GO:0034161; GO:0034165; GO:0036020; GO:0045087; GO:0045089; GO:0048302; GO:0070424; GO:0070430; GO:0070434; GO:0071916; GO:0140206,early endosome membrane [GO:0031901]; endolysosome membrane [GO:0036020]; lysosomal membrane [GO:0005765]; membrane [GO:0016020],dipeptide transmembrane transporter activity [GO:0071916]; L-histidine transmembrane transporter activity [GO:0005290]; peptide:proton symporter activity [GO:0015333]; peptidoglycan transmembrane transporter activity [GO:0015647],Solute carrier family 15 member 4
Pocillopora_acuta_HIv2___TS.g9768.t1,Bhattacharya2016,KCNH2,Q9ER47,0,Voltage-gated inwardly rectifying potassium channel KCNH7 (Ether-a-go-go-related gene potassium channel 3) (ERG-3) (Eag-related protein 3) (Ether-a-go-go-related protein 3) (Potassium voltage-gated channel subfamily H member 7) (Voltage-gated potassium channel subunit Kv11.3),,GO:0005242; GO:0005886; GO:0020037; GO:0034702,monoatomic ion channel complex [GO:0034702]; plasma membrane [GO:0005886],heme binding [GO:0020037]; inward rectifier potassium channel activity [GO:0005242],KCNH2
