[2026-05-28 13:51:16,007] multiqc                                            [DEBUG  ]  This is MultiQC v1.12
[2026-05-28 13:51:16,009] multiqc                                            [DEBUG  ]  No MultiQC config found: /modules/uri_apps/software/MultiQC/1.12-foss-2021b/lib/python3.9/site-packages/multiqc_config.yaml
[2026-05-28 13:51:16,010] multiqc                                            [DEBUG  ]  No MultiQC config found: /home/zdellaert_uri_edu/.multiqc_config.yaml
[2026-05-28 13:51:16,010] multiqc                                            [DEBUG  ]  No MultiQC config found: multiqc_config.yaml
[2026-05-28 13:51:16,010] multiqc                                            [DEBUG  ]  Command used: /modules/uri_apps/software/MultiQC/1.12-foss-2021b/bin/multiqc . /scratch4/workspace/zdellaert_uri_edu-shared_TimeSeries/TimeSeries/aligned/POC_Pcomp
[2026-05-28 13:51:16,474] multiqc                                            [WARNING]  MultiQC Version v1.35 now available!
[2026-05-28 13:51:16,474] multiqc                                            [DEBUG  ]  Command     : /modules/uri_apps/software/MultiQC/1.12-foss-2021b/bin/multiqc . /scratch4/workspace/zdellaert_uri_edu-shared_TimeSeries/TimeSeries/aligned/POC_Pcomp
[2026-05-28 13:51:16,474] multiqc                                            [DEBUG  ]  Working dir : /project/pi_hputnam_uri_edu/zdellaert/TimeSeries/4-multi-species/output_RNA/alignment_qc/POC_Pcomp
[2026-05-28 13:51:16,474] multiqc                                            [DEBUG  ]  Template    : default
[2026-05-28 13:51:16,474] multiqc                                            [DEBUG  ]  Running Python 3.9.6 (default, Nov 15 2024, 16:57:16)  [GCC 11.2.0]
[2026-05-28 13:51:16,475] multiqc                                            [DEBUG  ]  Analysing modules: custom_content, ccs, ngsderive, purple, conpair, lima, peddy, somalier, methylQA, mosdepth, phantompeakqualtools, qualimap, preseq, quast, qorts, rna_seqc, rockhopper, rsem, rseqc, busco, bustools, goleft_indexcov, gffcompare, disambiguate, supernova, deeptools, sargasso, verifybamid, mirtrace, happy, mirtop, sambamba, homer, hops, macs2, theta2, snpeff, gatk, htseq, bcftools, featureCounts, fgbio, dragen, dedup, pbmarkdup, damageprofiler, biobambam2, jcvi, mtnucratio, picard, vep, sentieon, prokka, qc3C, nanostat, samblaster, samtools, sexdeterrmine, eigenstratdatabasetools, bamtools, jellyfish, vcftools, longranger, stacks, varscan2, snippy, bbmap, bismark, biscuit, hicexplorer, hicup, hicpro, salmon, kallisto, slamdunk, star, hisat2, tophat, bowtie2, bowtie1, snpsplit, odgi, pangolin, kat, leehom, adapterRemoval, clipandmerge, cutadapt, flexbar, kaiju, kraken, malt, trimmomatic, sickle, skewer, sortmerna, biobloomtools, fastq_screen, afterqc, fastp, fastqc, pychopper, pycoqc, minionqc, multivcfanalyzer, clusterflow, checkqc, bcl2fastq, bclconvert, interop, ivar, flash, seqyclean, optitype, whatshap
[2026-05-28 13:51:16,475] multiqc                                            [DEBUG  ]  Using temporary directory for creating report: /tmp/tmp05cvysr8
[2026-05-28 13:51:16,725] multiqc                                            [INFO   ]  Search path : /project/pi_hputnam_uri_edu/zdellaert/TimeSeries/4-multi-species/output_RNA/alignment_qc/POC_Pcomp
[2026-05-28 13:51:16,725] multiqc                                            [INFO   ]  Search path : /scratch4/workspace/zdellaert_uri_edu-shared_TimeSeries/TimeSeries/aligned/POC_Pcomp
[2026-05-28 13:51:17,049] multiqc                                            [DEBUG  ]  File ignored by ccs/v4 because it exceeded search pattern filesize limit: qualimapReport.html
[2026-05-28 13:51:17,050] multiqc                                            [DEBUG  ]  File ignored by hicexplorer because it exceeded search pattern filesize limit: qualimapReport.html
[2026-05-28 13:51:17,050] multiqc                                            [DEBUG  ]  File ignored by lima/summary because it exceeded search pattern filesize limit: qualimapReport.html
[2026-05-28 13:51:17,053] multiqc                                            [DEBUG  ]  File ignored by longranger/invocation because it exceeded search pattern filesize limit: qualimapReport.html
[2026-05-28 13:51:17,062] multiqc                                            [DEBUG  ]  File ignored by nanostat because it exceeded search pattern filesize limit: qualimapReport.html
[2026-05-28 13:51:17,112] multiqc                                            [DEBUG  ]  File ignored by ccs/v4 because it exceeded search pattern filesize limit: agogo.css
[2026-05-28 13:51:17,113] multiqc                                            [DEBUG  ]  File ignored by hicexplorer because it exceeded search pattern filesize limit: agogo.css
[2026-05-28 13:51:17,113] multiqc                                            [DEBUG  ]  File ignored by lima/summary because it exceeded search pattern filesize limit: agogo.css
[2026-05-28 13:51:17,115] multiqc                                            [DEBUG  ]  File ignored by longranger/invocation because it exceeded search pattern filesize limit: agogo.css
[2026-05-28 13:51:17,125] multiqc                                            [DEBUG  ]  File ignored by nanostat because it exceeded search pattern filesize limit: agogo.css
[2026-05-28 13:51:17,131] multiqc                                            [DEBUG  ]  File ignored by ccs/v4 because it exceeded search pattern filesize limit: basic.css
[2026-05-28 13:51:17,132] multiqc                                            [DEBUG  ]  File ignored by hicexplorer because it exceeded search pattern filesize limit: basic.css
[2026-05-28 13:51:17,132] multiqc                                            [DEBUG  ]  File ignored by lima/summary because it exceeded search pattern filesize limit: basic.css
[2026-05-28 13:51:17,134] multiqc                                            [DEBUG  ]  File ignored by longranger/invocation because it exceeded search pattern filesize limit: basic.css
[2026-05-28 13:51:17,144] multiqc                                            [DEBUG  ]  File ignored by nanostat because it exceeded search pattern filesize limit: basic.css
[2026-05-28 13:51:17,285] multiqc                                            [DEBUG  ]  File ignored by ccs/v4 because it exceeded search pattern filesize limit: doctools.js
[2026-05-28 13:51:17,287] multiqc                                            [DEBUG  ]  File ignored by hicexplorer because it exceeded search pattern filesize limit: doctools.js
[2026-05-28 13:51:17,287] multiqc                                            [DEBUG  ]  File ignored by lima/summary because it exceeded search pattern filesize limit: doctools.js
[2026-05-28 13:51:17,289] multiqc                                            [DEBUG  ]  File ignored by longranger/invocation because it exceeded search pattern filesize limit: doctools.js
[2026-05-28 13:51:17,297] multiqc                                            [DEBUG  ]  File ignored by nanostat because it exceeded search pattern filesize limit: doctools.js
[2026-05-28 13:51:17,365] multiqc                                            [DEBUG  ]  File ignored by ccs/v4 because it exceeded search pattern filesize limit: jquery.js
[2026-05-28 13:51:17,366] multiqc                                            [DEBUG  ]  File ignored by hicexplorer because it exceeded search pattern filesize limit: jquery.js
[2026-05-28 13:51:17,366] multiqc                                            [DEBUG  ]  File ignored by lima/summary because it exceeded search pattern filesize limit: jquery.js
[2026-05-28 13:51:17,369] multiqc                                            [DEBUG  ]  File ignored by longranger/invocation because it exceeded search pattern filesize limit: jquery.js
[2026-05-28 13:51:17,376] multiqc                                            [DEBUG  ]  File ignored by nanostat because it exceeded search pattern filesize limit: jquery.js
[2026-05-28 13:51:17,431] multiqc                                            [DEBUG  ]  File ignored by ccs/v4 because it exceeded search pattern filesize limit: pygments.css
[2026-05-28 13:51:17,433] multiqc                                            [DEBUG  ]  File ignored by lima/summary because it exceeded search pattern filesize limit: pygments.css
[2026-05-28 13:51:17,435] multiqc                                            [DEBUG  ]  File ignored by longranger/invocation because it exceeded search pattern filesize limit: pygments.css
[2026-05-28 13:51:17,585] multiqc                                            [DEBUG  ]  File ignored by ccs/v4 because it exceeded search pattern filesize limit: searchtools.js
[2026-05-28 13:51:17,586] multiqc                                            [DEBUG  ]  File ignored by hicexplorer because it exceeded search pattern filesize limit: searchtools.js
[2026-05-28 13:51:17,586] multiqc                                            [DEBUG  ]  File ignored by lima/summary because it exceeded search pattern filesize limit: searchtools.js
[2026-05-28 13:51:17,588] multiqc                                            [DEBUG  ]  File ignored by longranger/invocation because it exceeded search pattern filesize limit: searchtools.js
[2026-05-28 13:51:17,598] multiqc                                            [DEBUG  ]  File ignored by nanostat because it exceeded search pattern filesize limit: searchtools.js
[2026-05-28 13:51:17,605] multiqc                                            [DEBUG  ]  File ignored by ccs/v4 because it exceeded search pattern filesize limit: underscore.js
[2026-05-28 13:51:17,606] multiqc                                            [DEBUG  ]  File ignored by hicexplorer because it exceeded search pattern filesize limit: underscore.js
[2026-05-28 13:51:17,606] multiqc                                            [DEBUG  ]  File ignored by lima/summary because it exceeded search pattern filesize limit: underscore.js
[2026-05-28 13:51:17,608] multiqc                                            [DEBUG  ]  File ignored by longranger/invocation because it exceeded search pattern filesize limit: underscore.js
[2026-05-28 13:51:17,611] multiqc                                            [DEBUG  ]  File ignored by nanostat because it exceeded search pattern filesize limit: underscore.js
[2026-05-28 13:51:17,629] multiqc                                            [DEBUG  ]  File ignored by ccs/v4 because it exceeded search pattern filesize limit: websupport.js
[2026-05-28 13:51:17,630] multiqc                                            [DEBUG  ]  File ignored by hicexplorer because it exceeded search pattern filesize limit: websupport.js
[2026-05-28 13:51:17,631] multiqc                                            [DEBUG  ]  File ignored by lima/summary because it exceeded search pattern filesize limit: websupport.js
[2026-05-28 13:51:17,633] multiqc                                            [DEBUG  ]  File ignored by longranger/invocation because it exceeded search pattern filesize limit: websupport.js
[2026-05-28 13:51:17,647] multiqc                                            [DEBUG  ]  File ignored by nanostat because it exceeded search pattern filesize limit: websupport.js
[2026-05-28 13:51:17,674] multiqc                                            [DEBUG  ]  File ignored by ccs/v4 because it exceeded search pattern filesize limit: coverage_profile_along_genes_(low).txt
[2026-05-28 13:51:17,675] multiqc                                            [DEBUG  ]  File ignored by lima/summary because it exceeded search pattern filesize limit: coverage_profile_along_genes_(low).txt
[2026-05-28 13:51:17,677] multiqc                                            [DEBUG  ]  File ignored by longranger/invocation because it exceeded search pattern filesize limit: coverage_profile_along_genes_(low).txt
[2026-05-28 13:51:17,686] multiqc                                            [DEBUG  ]  File ignored by ccs/v4 because it exceeded search pattern filesize limit: coverage_profile_along_genes_(high).txt
[2026-05-28 13:51:17,687] multiqc                                            [DEBUG  ]  File ignored by lima/summary because it exceeded search pattern filesize limit: coverage_profile_along_genes_(high).txt
[2026-05-28 13:51:17,689] multiqc                                            [DEBUG  ]  File ignored by longranger/invocation because it exceeded search pattern filesize limit: coverage_profile_along_genes_(high).txt
[2026-05-28 13:51:17,732] multiqc                                            [DEBUG  ]  File ignored by ccs/v4 because it exceeded search pattern filesize limit: qualimapReport.html
[2026-05-28 13:51:17,733] multiqc                                            [DEBUG  ]  File ignored by hicexplorer because it exceeded search pattern filesize limit: qualimapReport.html
[2026-05-28 13:51:17,733] multiqc                                            [DEBUG  ]  File ignored by lima/summary because it exceeded search pattern filesize limit: qualimapReport.html
[2026-05-28 13:51:17,735] multiqc                                            [DEBUG  ]  File ignored by longranger/invocation because it exceeded search pattern filesize limit: qualimapReport.html
[2026-05-28 13:51:17,742] multiqc                                            [DEBUG  ]  File ignored by nanostat because it exceeded search pattern filesize limit: qualimapReport.html
[2026-05-28 13:51:17,777] multiqc                                            [DEBUG  ]  File ignored by ccs/v4 because it exceeded search pattern filesize limit: agogo.css
[2026-05-28 13:51:17,778] multiqc                                            [DEBUG  ]  File ignored by hicexplorer because it exceeded search pattern filesize limit: agogo.css
[2026-05-28 13:51:17,778] multiqc                                            [DEBUG  ]  File ignored by lima/summary because it exceeded search pattern filesize limit: agogo.css
[2026-05-28 13:51:17,780] multiqc                                            [DEBUG  ]  File ignored by longranger/invocation because it exceeded search pattern filesize limit: agogo.css
[2026-05-28 13:51:17,789] multiqc                                            [DEBUG  ]  File ignored by nanostat because it exceeded search pattern filesize limit: agogo.css
[2026-05-28 13:51:17,799] multiqc                                            [DEBUG  ]  File ignored by ccs/v4 because it exceeded search pattern filesize limit: basic.css
[2026-05-28 13:51:17,800] multiqc                                            [DEBUG  ]  File ignored by hicexplorer because it exceeded search pattern filesize limit: basic.css
[2026-05-28 13:51:17,800] multiqc                                            [DEBUG  ]  File ignored by lima/summary because it exceeded search pattern filesize limit: basic.css
[2026-05-28 13:51:17,802] multiqc                                            [DEBUG  ]  File ignored by longranger/invocation because it exceeded search pattern filesize limit: basic.css
[2026-05-28 13:51:17,816] multiqc                                            [DEBUG  ]  File ignored by nanostat because it exceeded search pattern filesize limit: basic.css
[2026-05-28 13:51:17,827] multiqc                                            [DEBUG  ]  File ignored by ccs/v4 because it exceeded search pattern filesize limit: doctools.js
[2026-05-28 13:51:17,828] multiqc                                            [DEBUG  ]  File ignored by hicexplorer because it exceeded search pattern filesize limit: doctools.js
[2026-05-28 13:51:17,828] multiqc                                            [DEBUG  ]  File ignored by lima/summary because it exceeded search pattern filesize limit: doctools.js
[2026-05-28 13:51:17,830] multiqc                                            [DEBUG  ]  File ignored by longranger/invocation because it exceeded search pattern filesize limit: doctools.js
[2026-05-28 13:51:17,836] multiqc                                            [DEBUG  ]  File ignored by nanostat because it exceeded search pattern filesize limit: doctools.js
[2026-05-28 13:51:17,866] multiqc                                            [DEBUG  ]  File ignored by ccs/v4 because it exceeded search pattern filesize limit: jquery.js
[2026-05-28 13:51:17,867] multiqc                                            [DEBUG  ]  File ignored by hicexplorer because it exceeded search pattern filesize limit: jquery.js
[2026-05-28 13:51:17,868] multiqc                                            [DEBUG  ]  File ignored by lima/summary because it exceeded search pattern filesize limit: jquery.js
[2026-05-28 13:51:17,870] multiqc                                            [DEBUG  ]  File ignored by longranger/invocation because it exceeded search pattern filesize limit: jquery.js
[2026-05-28 13:51:17,877] multiqc                                            [DEBUG  ]  File ignored by nanostat because it exceeded search pattern filesize limit: jquery.js
[2026-05-28 13:51:17,988] multiqc                                            [DEBUG  ]  File ignored by ccs/v4 because it exceeded search pattern filesize limit: pygments.css
[2026-05-28 13:51:17,989] multiqc                                            [DEBUG  ]  File ignored by lima/summary because it exceeded search pattern filesize limit: pygments.css
[2026-05-28 13:51:17,991] multiqc                                            [DEBUG  ]  File ignored by longranger/invocation because it exceeded search pattern filesize limit: pygments.css
[2026-05-28 13:51:18,014] multiqc                                            [DEBUG  ]  File ignored by ccs/v4 because it exceeded search pattern filesize limit: searchtools.js
[2026-05-28 13:51:18,015] multiqc                                            [DEBUG  ]  File ignored by hicexplorer because it exceeded search pattern filesize limit: searchtools.js
[2026-05-28 13:51:18,015] multiqc                                            [DEBUG  ]  File ignored by lima/summary because it exceeded search pattern filesize limit: searchtools.js
[2026-05-28 13:51:18,017] multiqc                                            [DEBUG  ]  File ignored by longranger/invocation because it exceeded search pattern filesize limit: searchtools.js
[2026-05-28 13:51:18,029] multiqc                                            [DEBUG  ]  File ignored by nanostat because it exceeded search pattern filesize limit: searchtools.js
[2026-05-28 13:51:18,034] multiqc                                            [DEBUG  ]  File ignored by ccs/v4 because it exceeded search pattern filesize limit: underscore.js
[2026-05-28 13:51:18,035] multiqc                                            [DEBUG  ]  File ignored by hicexplorer because it exceeded search pattern filesize limit: underscore.js
[2026-05-28 13:51:18,035] multiqc                                            [DEBUG  ]  File ignored by lima/summary because it exceeded search pattern filesize limit: underscore.js
[2026-05-28 13:51:18,037] multiqc                                            [DEBUG  ]  File ignored by longranger/invocation because it exceeded search pattern filesize limit: underscore.js
[2026-05-28 13:51:18,040] multiqc                                            [DEBUG  ]  File ignored by nanostat because it exceeded search pattern filesize limit: underscore.js
[2026-05-28 13:51:18,063] multiqc                                            [DEBUG  ]  File ignored by ccs/v4 because it exceeded search pattern filesize limit: websupport.js
[2026-05-28 13:51:18,064] multiqc                                            [DEBUG  ]  File ignored by hicexplorer because it exceeded search pattern filesize limit: websupport.js
[2026-05-28 13:51:18,064] multiqc                                            [DEBUG  ]  File ignored by lima/summary because it exceeded search pattern filesize limit: websupport.js
[2026-05-28 13:51:18,066] multiqc                                            [DEBUG  ]  File ignored by longranger/invocation because it exceeded search pattern filesize limit: websupport.js
[2026-05-28 13:51:18,080] multiqc                                            [DEBUG  ]  File ignored by nanostat because it exceeded search pattern filesize limit: websupport.js
[2026-05-28 13:51:18,103] multiqc                                            [DEBUG  ]  File ignored by ccs/v4 because it exceeded search pattern filesize limit: coverage_profile_along_genes_(low).txt
[2026-05-28 13:51:18,104] multiqc                                            [DEBUG  ]  File ignored by lima/summary because it exceeded search pattern filesize limit: coverage_profile_along_genes_(low).txt
[2026-05-28 13:51:18,106] multiqc                                            [DEBUG  ]  File ignored by longranger/invocation because it exceeded search pattern filesize limit: coverage_profile_along_genes_(low).txt
[2026-05-28 13:51:18,116] multiqc                                            [DEBUG  ]  File ignored by ccs/v4 because it exceeded search pattern filesize limit: coverage_profile_along_genes_(high).txt
[2026-05-28 13:51:18,118] multiqc                                            [DEBUG  ]  File ignored by lima/summary because it exceeded search pattern filesize limit: coverage_profile_along_genes_(high).txt
[2026-05-28 13:51:18,119] multiqc                                            [DEBUG  ]  File ignored by longranger/invocation because it exceeded search pattern filesize limit: coverage_profile_along_genes_(high).txt
[2026-05-28 13:51:18,146] multiqc                                            [DEBUG  ]  File ignored by ccs/v4 because it exceeded search pattern filesize limit: qualimapReport.html
[2026-05-28 13:51:18,147] multiqc                                            [DEBUG  ]  File ignored by hicexplorer because it exceeded search pattern filesize limit: qualimapReport.html
[2026-05-28 13:51:18,148] multiqc                                            [DEBUG  ]  File ignored by lima/summary because it exceeded search pattern filesize limit: qualimapReport.html
[2026-05-28 13:51:18,150] multiqc                                            [DEBUG  ]  File ignored by longranger/invocation because it exceeded search pattern filesize limit: qualimapReport.html
[2026-05-28 13:51:18,157] multiqc                                            [DEBUG  ]  File ignored by nanostat because it exceeded search pattern filesize limit: qualimapReport.html
[2026-05-28 13:51:18,245] multiqc                                            [DEBUG  ]  File ignored by ccs/v4 because it exceeded search pattern filesize limit: agogo.css
[2026-05-28 13:51:18,246] multiqc                                            [DEBUG  ]  File ignored by hicexplorer because it exceeded search pattern filesize limit: agogo.css
[2026-05-28 13:51:18,246] multiqc                                            [DEBUG  ]  File ignored by lima/summary because it exceeded search pattern filesize limit: agogo.css
[2026-05-28 13:51:18,249] multiqc                                            [DEBUG  ]  File ignored by longranger/invocation because it exceeded search pattern filesize limit: agogo.css
[2026-05-28 13:51:18,257] multiqc                                            [DEBUG  ]  File ignored by nanostat because it exceeded search pattern filesize limit: agogo.css
[2026-05-28 13:51:18,302] multiqc                                            [DEBUG  ]  File ignored by ccs/v4 because it exceeded search pattern filesize limit: basic.css
[2026-05-28 13:51:18,303] multiqc                                            [DEBUG  ]  File ignored by hicexplorer because it exceeded search pattern filesize limit: basic.css
[2026-05-28 13:51:18,303] multiqc                                            [DEBUG  ]  File ignored by lima/summary because it exceeded search pattern filesize limit: basic.css
[2026-05-28 13:51:18,305] multiqc                                            [DEBUG  ]  File ignored by longranger/invocation because it exceeded search pattern filesize limit: basic.css
[2026-05-28 13:51:18,316] multiqc                                            [DEBUG  ]  File ignored by nanostat because it exceeded search pattern filesize limit: basic.css
[2026-05-28 13:51:18,345] multiqc                                            [DEBUG  ]  File ignored by ccs/v4 because it exceeded search pattern filesize limit: doctools.js
[2026-05-28 13:51:18,346] multiqc                                            [DEBUG  ]  File ignored by hicexplorer because it exceeded search pattern filesize limit: doctools.js
[2026-05-28 13:51:18,346] multiqc                                            [DEBUG  ]  File ignored by lima/summary because it exceeded search pattern filesize limit: doctools.js
[2026-05-28 13:51:18,348] multiqc                                            [DEBUG  ]  File ignored by longranger/invocation because it exceeded search pattern filesize limit: doctools.js
[2026-05-28 13:51:18,354] multiqc                                            [DEBUG  ]  File ignored by nanostat because it exceeded search pattern filesize limit: doctools.js
[2026-05-28 13:51:18,467] multiqc                                            [DEBUG  ]  File ignored by ccs/v4 because it exceeded search pattern filesize limit: jquery.js
[2026-05-28 13:51:18,468] multiqc                                            [DEBUG  ]  File ignored by hicexplorer because it exceeded search pattern filesize limit: jquery.js
[2026-05-28 13:51:18,468] multiqc                                            [DEBUG  ]  File ignored by lima/summary because it exceeded search pattern filesize limit: jquery.js
[2026-05-28 13:51:18,470] multiqc                                            [DEBUG  ]  File ignored by longranger/invocation because it exceeded search pattern filesize limit: jquery.js
[2026-05-28 13:51:18,478] multiqc                                            [DEBUG  ]  File ignored by nanostat because it exceeded search pattern filesize limit: jquery.js
[2026-05-28 13:51:18,578] multiqc                                            [DEBUG  ]  File ignored by ccs/v4 because it exceeded search pattern filesize limit: pygments.css
[2026-05-28 13:51:18,579] multiqc                                            [DEBUG  ]  File ignored by lima/summary because it exceeded search pattern filesize limit: pygments.css
[2026-05-28 13:51:18,581] multiqc                                            [DEBUG  ]  File ignored by longranger/invocation because it exceeded search pattern filesize limit: pygments.css
[2026-05-28 13:51:18,602] multiqc                                            [DEBUG  ]  File ignored by ccs/v4 because it exceeded search pattern filesize limit: searchtools.js
[2026-05-28 13:51:18,603] multiqc                                            [DEBUG  ]  File ignored by hicexplorer because it exceeded search pattern filesize limit: searchtools.js
[2026-05-28 13:51:18,603] multiqc                                            [DEBUG  ]  File ignored by lima/summary because it exceeded search pattern filesize limit: searchtools.js
[2026-05-28 13:51:18,605] multiqc                                            [DEBUG  ]  File ignored by longranger/invocation because it exceeded search pattern filesize limit: searchtools.js
[2026-05-28 13:51:18,617] multiqc                                            [DEBUG  ]  File ignored by nanostat because it exceeded search pattern filesize limit: searchtools.js
[2026-05-28 13:51:18,623] multiqc                                            [DEBUG  ]  File ignored by ccs/v4 because it exceeded search pattern filesize limit: underscore.js
[2026-05-28 13:51:18,624] multiqc                                            [DEBUG  ]  File ignored by hicexplorer because it exceeded search pattern filesize limit: underscore.js
[2026-05-28 13:51:18,625] multiqc                                            [DEBUG  ]  File ignored by lima/summary because it exceeded search pattern filesize limit: underscore.js
[2026-05-28 13:51:18,626] multiqc                                            [DEBUG  ]  File ignored by longranger/invocation because it exceeded search pattern filesize limit: underscore.js
[2026-05-28 13:51:18,633] multiqc                                            [DEBUG  ]  File ignored by nanostat because it exceeded search pattern filesize limit: underscore.js
[2026-05-28 13:51:18,647] multiqc                                            [DEBUG  ]  File ignored by ccs/v4 because it exceeded search pattern filesize limit: websupport.js
[2026-05-28 13:51:18,648] multiqc                                            [DEBUG  ]  File ignored by hicexplorer because it exceeded search pattern filesize limit: websupport.js
[2026-05-28 13:51:18,648] multiqc                                            [DEBUG  ]  File ignored by lima/summary because it exceeded search pattern filesize limit: websupport.js
[2026-05-28 13:51:18,650] multiqc                                            [DEBUG  ]  File ignored by longranger/invocation because it exceeded search pattern filesize limit: websupport.js
[2026-05-28 13:51:18,664] multiqc                                            [DEBUG  ]  File ignored by nanostat because it exceeded search pattern filesize limit: websupport.js
[2026-05-28 13:51:18,694] multiqc                                            [DEBUG  ]  File ignored by ccs/v4 because it exceeded search pattern filesize limit: coverage_profile_along_genes_(low).txt
[2026-05-28 13:51:18,695] multiqc                                            [DEBUG  ]  File ignored by lima/summary because it exceeded search pattern filesize limit: coverage_profile_along_genes_(low).txt
[2026-05-28 13:51:18,697] multiqc                                            [DEBUG  ]  File ignored by longranger/invocation because it exceeded search pattern filesize limit: coverage_profile_along_genes_(low).txt
[2026-05-28 13:51:18,705] multiqc                                            [DEBUG  ]  File ignored by ccs/v4 because it exceeded search pattern filesize limit: coverage_profile_along_genes_(high).txt
[2026-05-28 13:51:18,706] multiqc                                            [DEBUG  ]  File ignored by lima/summary because it exceeded search pattern filesize limit: coverage_profile_along_genes_(high).txt
[2026-05-28 13:51:18,708] multiqc                                            [DEBUG  ]  File ignored by longranger/invocation because it exceeded search pattern filesize limit: coverage_profile_along_genes_(high).txt
[2026-05-28 13:51:18,740] multiqc                                            [DEBUG  ]  File ignored by ccs/v4 because it exceeded search pattern filesize limit: qualimapReport.html
[2026-05-28 13:51:18,741] multiqc                                            [DEBUG  ]  File ignored by hicexplorer because it exceeded search pattern filesize limit: qualimapReport.html
[2026-05-28 13:51:18,742] multiqc                                            [DEBUG  ]  File ignored by lima/summary because it exceeded search pattern filesize limit: qualimapReport.html
[2026-05-28 13:51:18,744] multiqc                                            [DEBUG  ]  File ignored by longranger/invocation because it exceeded search pattern filesize limit: qualimapReport.html
[2026-05-28 13:51:18,751] multiqc                                            [DEBUG  ]  File ignored by nanostat because it exceeded search pattern filesize limit: qualimapReport.html
[2026-05-28 13:51:18,819] multiqc                                            [DEBUG  ]  File ignored by ccs/v4 because it exceeded search pattern filesize limit: agogo.css
[2026-05-28 13:51:18,820] multiqc                                            [DEBUG  ]  File ignored by hicexplorer because it exceeded search pattern filesize limit: agogo.css
[2026-05-28 13:51:18,820] multiqc                                            [DEBUG  ]  File ignored by lima/summary because it exceeded search pattern filesize limit: agogo.css
[2026-05-28 13:51:18,822] multiqc                                            [DEBUG  ]  File ignored by longranger/invocation because it exceeded search pattern filesize limit: agogo.css
[2026-05-28 13:51:18,831] multiqc                                            [DEBUG  ]  File ignored by nanostat because it exceeded search pattern filesize limit: agogo.css
[2026-05-28 13:51:18,872] multiqc                                            [DEBUG  ]  File ignored by ccs/v4 because it exceeded search pattern filesize limit: basic.css
[2026-05-28 13:51:18,873] multiqc                                            [DEBUG  ]  File ignored by hicexplorer because it exceeded search pattern filesize limit: basic.css
[2026-05-28 13:51:18,873] multiqc                                            [DEBUG  ]  File ignored by lima/summary because it exceeded search pattern filesize limit: basic.css
[2026-05-28 13:51:18,875] multiqc                                            [DEBUG  ]  File ignored by longranger/invocation because it exceeded search pattern filesize limit: basic.css
[2026-05-28 13:51:18,886] multiqc                                            [DEBUG  ]  File ignored by nanostat because it exceeded search pattern filesize limit: basic.css
[2026-05-28 13:51:18,935] multiqc                                            [DEBUG  ]  File ignored by ccs/v4 because it exceeded search pattern filesize limit: doctools.js
[2026-05-28 13:51:18,936] multiqc                                            [DEBUG  ]  File ignored by hicexplorer because it exceeded search pattern filesize limit: doctools.js
[2026-05-28 13:51:18,938] multiqc                                            [DEBUG  ]  File ignored by lima/summary because it exceeded search pattern filesize limit: doctools.js
[2026-05-28 13:51:18,940] multiqc                                            [DEBUG  ]  File ignored by longranger/invocation because it exceeded search pattern filesize limit: doctools.js
[2026-05-28 13:51:18,947] multiqc                                            [DEBUG  ]  File ignored by nanostat because it exceeded search pattern filesize limit: doctools.js
[2026-05-28 13:51:19,004] multiqc                                            [DEBUG  ]  File ignored by ccs/v4 because it exceeded search pattern filesize limit: jquery.js
[2026-05-28 13:51:19,005] multiqc                                            [DEBUG  ]  File ignored by hicexplorer because it exceeded search pattern filesize limit: jquery.js
[2026-05-28 13:51:19,005] multiqc                                            [DEBUG  ]  File ignored by lima/summary because it exceeded search pattern filesize limit: jquery.js
[2026-05-28 13:51:19,008] multiqc                                            [DEBUG  ]  File ignored by longranger/invocation because it exceeded search pattern filesize limit: jquery.js
[2026-05-28 13:51:19,017] multiqc                                            [DEBUG  ]  File ignored by nanostat because it exceeded search pattern filesize limit: jquery.js
[2026-05-28 13:51:19,044] multiqc                                            [DEBUG  ]  File ignored by ccs/v4 because it exceeded search pattern filesize limit: pygments.css
[2026-05-28 13:51:19,045] multiqc                                            [DEBUG  ]  File ignored by lima/summary because it exceeded search pattern filesize limit: pygments.css
[2026-05-28 13:51:19,047] multiqc                                            [DEBUG  ]  File ignored by longranger/invocation because it exceeded search pattern filesize limit: pygments.css
[2026-05-28 13:51:19,103] multiqc                                            [DEBUG  ]  File ignored by ccs/v4 because it exceeded search pattern filesize limit: searchtools.js
[2026-05-28 13:51:19,104] multiqc                                            [DEBUG  ]  File ignored by hicexplorer because it exceeded search pattern filesize limit: searchtools.js
[2026-05-28 13:51:19,104] multiqc                                            [DEBUG  ]  File ignored by lima/summary because it exceeded search pattern filesize limit: searchtools.js
[2026-05-28 13:51:19,106] multiqc                                            [DEBUG  ]  File ignored by longranger/invocation because it exceeded search pattern filesize limit: searchtools.js
[2026-05-28 13:51:19,117] multiqc                                            [DEBUG  ]  File ignored by nanostat because it exceeded search pattern filesize limit: searchtools.js
[2026-05-28 13:51:19,138] multiqc                                            [DEBUG  ]  File ignored by ccs/v4 because it exceeded search pattern filesize limit: underscore.js
[2026-05-28 13:51:19,139] multiqc                                            [DEBUG  ]  File ignored by hicexplorer because it exceeded search pattern filesize limit: underscore.js
[2026-05-28 13:51:19,139] multiqc                                            [DEBUG  ]  File ignored by lima/summary because it exceeded search pattern filesize limit: underscore.js
[2026-05-28 13:51:19,143] multiqc                                            [DEBUG  ]  File ignored by longranger/invocation because it exceeded search pattern filesize limit: underscore.js
[2026-05-28 13:51:19,147] multiqc                                            [DEBUG  ]  File ignored by nanostat because it exceeded search pattern filesize limit: underscore.js
[2026-05-28 13:51:19,178] multiqc                                            [DEBUG  ]  File ignored by ccs/v4 because it exceeded search pattern filesize limit: websupport.js
[2026-05-28 13:51:19,179] multiqc                                            [DEBUG  ]  File ignored by hicexplorer because it exceeded search pattern filesize limit: websupport.js
[2026-05-28 13:51:19,179] multiqc                                            [DEBUG  ]  File ignored by lima/summary because it exceeded search pattern filesize limit: websupport.js
[2026-05-28 13:51:19,181] multiqc                                            [DEBUG  ]  File ignored by longranger/invocation because it exceeded search pattern filesize limit: websupport.js
[2026-05-28 13:51:19,198] multiqc                                            [DEBUG  ]  File ignored by nanostat because it exceeded search pattern filesize limit: websupport.js
[2026-05-28 13:51:19,225] multiqc                                            [DEBUG  ]  File ignored by ccs/v4 because it exceeded search pattern filesize limit: coverage_profile_along_genes_(low).txt
[2026-05-28 13:51:19,227] multiqc                                            [DEBUG  ]  File ignored by lima/summary because it exceeded search pattern filesize limit: coverage_profile_along_genes_(low).txt
[2026-05-28 13:51:19,228] multiqc                                            [DEBUG  ]  File ignored by longranger/invocation because it exceeded search pattern filesize limit: coverage_profile_along_genes_(low).txt
[2026-05-28 13:51:19,254] multiqc                                            [DEBUG  ]  File ignored by ccs/v4 because it exceeded search pattern filesize limit: coverage_profile_along_genes_(high).txt
[2026-05-28 13:51:19,255] multiqc                                            [DEBUG  ]  File ignored by lima/summary because it exceeded search pattern filesize limit: coverage_profile_along_genes_(high).txt
[2026-05-28 13:51:19,257] multiqc                                            [DEBUG  ]  File ignored by longranger/invocation because it exceeded search pattern filesize limit: coverage_profile_along_genes_(high).txt
[2026-05-28 13:51:19,287] multiqc                                            [DEBUG  ]  File ignored by ccs/v4 because it exceeded search pattern filesize limit: qualimapReport.html
[2026-05-28 13:51:19,288] multiqc                                            [DEBUG  ]  File ignored by hicexplorer because it exceeded search pattern filesize limit: qualimapReport.html
[2026-05-28 13:51:19,288] multiqc                                            [DEBUG  ]  File ignored by lima/summary because it exceeded search pattern filesize limit: qualimapReport.html
[2026-05-28 13:51:19,290] multiqc                                            [DEBUG  ]  File ignored by longranger/invocation because it exceeded search pattern filesize limit: qualimapReport.html
[2026-05-28 13:51:19,297] multiqc                                            [DEBUG  ]  File ignored by nanostat because it exceeded search pattern filesize limit: qualimapReport.html
[2026-05-28 13:51:19,328] multiqc                                            [DEBUG  ]  File ignored by ccs/v4 because it exceeded search pattern filesize limit: agogo.css
[2026-05-28 13:51:19,329] multiqc                                            [DEBUG  ]  File ignored by hicexplorer because it exceeded search pattern filesize limit: agogo.css
[2026-05-28 13:51:19,329] multiqc                                            [DEBUG  ]  File ignored by lima/summary because it exceeded search pattern filesize limit: agogo.css
[2026-05-28 13:51:19,331] multiqc                                            [DEBUG  ]  File ignored by longranger/invocation because it exceeded search pattern filesize limit: agogo.css
[2026-05-28 13:51:19,339] multiqc                                            [DEBUG  ]  File ignored by nanostat because it exceeded search pattern filesize limit: agogo.css
[2026-05-28 13:51:19,367] multiqc                                            [DEBUG  ]  File ignored by ccs/v4 because it exceeded search pattern filesize limit: basic.css
[2026-05-28 13:51:19,368] multiqc                                            [DEBUG  ]  File ignored by hicexplorer because it exceeded search pattern filesize limit: basic.css
[2026-05-28 13:51:19,368] multiqc                                            [DEBUG  ]  File ignored by lima/summary because it exceeded search pattern filesize limit: basic.css
[2026-05-28 13:51:19,370] multiqc                                            [DEBUG  ]  File ignored by longranger/invocation because it exceeded search pattern filesize limit: basic.css
[2026-05-28 13:51:19,379] multiqc                                            [DEBUG  ]  File ignored by nanostat because it exceeded search pattern filesize limit: basic.css
[2026-05-28 13:51:19,451] multiqc                                            [DEBUG  ]  File ignored by ccs/v4 because it exceeded search pattern filesize limit: doctools.js
[2026-05-28 13:51:19,453] multiqc                                            [DEBUG  ]  File ignored by hicexplorer because it exceeded search pattern filesize limit: doctools.js
[2026-05-28 13:51:19,453] multiqc                                            [DEBUG  ]  File ignored by lima/summary because it exceeded search pattern filesize limit: doctools.js
[2026-05-28 13:51:19,455] multiqc                                            [DEBUG  ]  File ignored by longranger/invocation because it exceeded search pattern filesize limit: doctools.js
[2026-05-28 13:51:19,462] multiqc                                            [DEBUG  ]  File ignored by nanostat because it exceeded search pattern filesize limit: doctools.js
[2026-05-28 13:51:19,617] multiqc                                            [DEBUG  ]  File ignored by ccs/v4 because it exceeded search pattern filesize limit: jquery.js
[2026-05-28 13:51:19,618] multiqc                                            [DEBUG  ]  File ignored by hicexplorer because it exceeded search pattern filesize limit: jquery.js
[2026-05-28 13:51:19,618] multiqc                                            [DEBUG  ]  File ignored by lima/summary because it exceeded search pattern filesize limit: jquery.js
[2026-05-28 13:51:19,620] multiqc                                            [DEBUG  ]  File ignored by longranger/invocation because it exceeded search pattern filesize limit: jquery.js
[2026-05-28 13:51:19,628] multiqc                                            [DEBUG  ]  File ignored by nanostat because it exceeded search pattern filesize limit: jquery.js
[2026-05-28 13:51:19,664] multiqc                                            [DEBUG  ]  File ignored by ccs/v4 because it exceeded search pattern filesize limit: pygments.css
[2026-05-28 13:51:19,665] multiqc                                            [DEBUG  ]  File ignored by lima/summary because it exceeded search pattern filesize limit: pygments.css
[2026-05-28 13:51:19,667] multiqc                                            [DEBUG  ]  File ignored by longranger/invocation because it exceeded search pattern filesize limit: pygments.css
[2026-05-28 13:51:19,738] multiqc                                            [DEBUG  ]  File ignored by ccs/v4 because it exceeded search pattern filesize limit: searchtools.js
[2026-05-28 13:51:19,739] multiqc                                            [DEBUG  ]  File ignored by hicexplorer because it exceeded search pattern filesize limit: searchtools.js
[2026-05-28 13:51:19,739] multiqc                                            [DEBUG  ]  File ignored by lima/summary because it exceeded search pattern filesize limit: searchtools.js
[2026-05-28 13:51:19,741] multiqc                                            [DEBUG  ]  File ignored by longranger/invocation because it exceeded search pattern filesize limit: searchtools.js
[2026-05-28 13:51:19,751] multiqc                                            [DEBUG  ]  File ignored by nanostat because it exceeded search pattern filesize limit: searchtools.js
[2026-05-28 13:51:19,783] multiqc                                            [DEBUG  ]  File ignored by ccs/v4 because it exceeded search pattern filesize limit: underscore.js
[2026-05-28 13:51:19,784] multiqc                                            [DEBUG  ]  File ignored by hicexplorer because it exceeded search pattern filesize limit: underscore.js
[2026-05-28 13:51:19,784] multiqc                                            [DEBUG  ]  File ignored by lima/summary because it exceeded search pattern filesize limit: underscore.js
[2026-05-28 13:51:19,786] multiqc                                            [DEBUG  ]  File ignored by longranger/invocation because it exceeded search pattern filesize limit: underscore.js
[2026-05-28 13:51:19,790] multiqc                                            [DEBUG  ]  File ignored by nanostat because it exceeded search pattern filesize limit: underscore.js
[2026-05-28 13:51:19,815] multiqc                                            [DEBUG  ]  File ignored by ccs/v4 because it exceeded search pattern filesize limit: websupport.js
[2026-05-28 13:51:19,816] multiqc                                            [DEBUG  ]  File ignored by hicexplorer because it exceeded search pattern filesize limit: websupport.js
[2026-05-28 13:51:19,816] multiqc                                            [DEBUG  ]  File ignored by lima/summary because it exceeded search pattern filesize limit: websupport.js
[2026-05-28 13:51:19,818] multiqc                                            [DEBUG  ]  File ignored by longranger/invocation because it exceeded search pattern filesize limit: websupport.js
[2026-05-28 13:51:19,833] multiqc                                            [DEBUG  ]  File ignored by nanostat because it exceeded search pattern filesize limit: websupport.js
[2026-05-28 13:51:19,860] multiqc                                            [DEBUG  ]  File ignored by ccs/v4 because it exceeded search pattern filesize limit: coverage_profile_along_genes_(low).txt
[2026-05-28 13:51:19,861] multiqc                                            [DEBUG  ]  File ignored by lima/summary because it exceeded search pattern filesize limit: coverage_profile_along_genes_(low).txt
[2026-05-28 13:51:19,863] multiqc                                            [DEBUG  ]  File ignored by longranger/invocation because it exceeded search pattern filesize limit: coverage_profile_along_genes_(low).txt
[2026-05-28 13:51:19,902] multiqc                                            [DEBUG  ]  File ignored by ccs/v4 because it exceeded search pattern filesize limit: coverage_profile_along_genes_(high).txt
[2026-05-28 13:51:19,903] multiqc                                            [DEBUG  ]  File ignored by lima/summary because it exceeded search pattern filesize limit: coverage_profile_along_genes_(high).txt
[2026-05-28 13:51:19,905] multiqc                                            [DEBUG  ]  File ignored by longranger/invocation because it exceeded search pattern filesize limit: coverage_profile_along_genes_(high).txt
[2026-05-28 13:51:20,024] multiqc                                            [DEBUG  ]  File ignored by ccs/v4 because it exceeded search pattern filesize limit: qualimapReport.html
[2026-05-28 13:51:20,025] multiqc                                            [DEBUG  ]  File ignored by hicexplorer because it exceeded search pattern filesize limit: qualimapReport.html
[2026-05-28 13:51:20,025] multiqc                                            [DEBUG  ]  File ignored by lima/summary because it exceeded search pattern filesize limit: qualimapReport.html
[2026-05-28 13:51:20,027] multiqc                                            [DEBUG  ]  File ignored by longranger/invocation because it exceeded search pattern filesize limit: qualimapReport.html
[2026-05-28 13:51:20,034] multiqc                                            [DEBUG  ]  File ignored by nanostat because it exceeded search pattern filesize limit: qualimapReport.html
[2026-05-28 13:51:20,063] multiqc                                            [DEBUG  ]  File ignored by ccs/v4 because it exceeded search pattern filesize limit: agogo.css
[2026-05-28 13:51:20,067] multiqc                                            [DEBUG  ]  File ignored by hicexplorer because it exceeded search pattern filesize limit: agogo.css
[2026-05-28 13:51:20,067] multiqc                                            [DEBUG  ]  File ignored by lima/summary because it exceeded search pattern filesize limit: agogo.css
[2026-05-28 13:51:20,069] multiqc                                            [DEBUG  ]  File ignored by longranger/invocation because it exceeded search pattern filesize limit: agogo.css
[2026-05-28 13:51:20,078] multiqc                                            [DEBUG  ]  File ignored by nanostat because it exceeded search pattern filesize limit: agogo.css
[2026-05-28 13:51:20,084] multiqc                                            [DEBUG  ]  File ignored by ccs/v4 because it exceeded search pattern filesize limit: basic.css
[2026-05-28 13:51:20,085] multiqc                                            [DEBUG  ]  File ignored by hicexplorer because it exceeded search pattern filesize limit: basic.css
[2026-05-28 13:51:20,085] multiqc                                            [DEBUG  ]  File ignored by lima/summary because it exceeded search pattern filesize limit: basic.css
[2026-05-28 13:51:20,087] multiqc                                            [DEBUG  ]  File ignored by longranger/invocation because it exceeded search pattern filesize limit: basic.css
[2026-05-28 13:51:20,096] multiqc                                            [DEBUG  ]  File ignored by nanostat because it exceeded search pattern filesize limit: basic.css
[2026-05-28 13:51:20,108] multiqc                                            [DEBUG  ]  File ignored by ccs/v4 because it exceeded search pattern filesize limit: doctools.js
[2026-05-28 13:51:20,108] multiqc                                            [DEBUG  ]  File ignored by hicexplorer because it exceeded search pattern filesize limit: doctools.js
[2026-05-28 13:51:20,109] multiqc                                            [DEBUG  ]  File ignored by lima/summary because it exceeded search pattern filesize limit: doctools.js
[2026-05-28 13:51:20,111] multiqc                                            [DEBUG  ]  File ignored by longranger/invocation because it exceeded search pattern filesize limit: doctools.js
[2026-05-28 13:51:20,117] multiqc                                            [DEBUG  ]  File ignored by nanostat because it exceeded search pattern filesize limit: doctools.js
[2026-05-28 13:51:20,127] multiqc                                            [DEBUG  ]  File ignored by ccs/v4 because it exceeded search pattern filesize limit: jquery.js
[2026-05-28 13:51:20,128] multiqc                                            [DEBUG  ]  File ignored by hicexplorer because it exceeded search pattern filesize limit: jquery.js
[2026-05-28 13:51:20,128] multiqc                                            [DEBUG  ]  File ignored by lima/summary because it exceeded search pattern filesize limit: jquery.js
[2026-05-28 13:51:20,130] multiqc                                            [DEBUG  ]  File ignored by longranger/invocation because it exceeded search pattern filesize limit: jquery.js
[2026-05-28 13:51:20,138] multiqc                                            [DEBUG  ]  File ignored by nanostat because it exceeded search pattern filesize limit: jquery.js
[2026-05-28 13:51:20,145] multiqc                                            [DEBUG  ]  File ignored by ccs/v4 because it exceeded search pattern filesize limit: pygments.css
[2026-05-28 13:51:20,146] multiqc                                            [DEBUG  ]  File ignored by lima/summary because it exceeded search pattern filesize limit: pygments.css
[2026-05-28 13:51:20,148] multiqc                                            [DEBUG  ]  File ignored by longranger/invocation because it exceeded search pattern filesize limit: pygments.css
[2026-05-28 13:51:20,171] multiqc                                            [DEBUG  ]  File ignored by ccs/v4 because it exceeded search pattern filesize limit: searchtools.js
[2026-05-28 13:51:20,172] multiqc                                            [DEBUG  ]  File ignored by hicexplorer because it exceeded search pattern filesize limit: searchtools.js
[2026-05-28 13:51:20,172] multiqc                                            [DEBUG  ]  File ignored by lima/summary because it exceeded search pattern filesize limit: searchtools.js
[2026-05-28 13:51:20,174] multiqc                                            [DEBUG  ]  File ignored by longranger/invocation because it exceeded search pattern filesize limit: searchtools.js
[2026-05-28 13:51:20,186] multiqc                                            [DEBUG  ]  File ignored by nanostat because it exceeded search pattern filesize limit: searchtools.js
[2026-05-28 13:51:20,191] multiqc                                            [DEBUG  ]  File ignored by ccs/v4 because it exceeded search pattern filesize limit: underscore.js
[2026-05-28 13:51:20,192] multiqc                                            [DEBUG  ]  File ignored by hicexplorer because it exceeded search pattern filesize limit: underscore.js
[2026-05-28 13:51:20,192] multiqc                                            [DEBUG  ]  File ignored by lima/summary because it exceeded search pattern filesize limit: underscore.js
[2026-05-28 13:51:20,194] multiqc                                            [DEBUG  ]  File ignored by longranger/invocation because it exceeded search pattern filesize limit: underscore.js
[2026-05-28 13:51:20,197] multiqc                                            [DEBUG  ]  File ignored by nanostat because it exceeded search pattern filesize limit: underscore.js
[2026-05-28 13:51:20,205] multiqc                                            [DEBUG  ]  File ignored by ccs/v4 because it exceeded search pattern filesize limit: websupport.js
[2026-05-28 13:51:20,206] multiqc                                            [DEBUG  ]  File ignored by hicexplorer because it exceeded search pattern filesize limit: websupport.js
[2026-05-28 13:51:20,206] multiqc                                            [DEBUG  ]  File ignored by lima/summary because it exceeded search pattern filesize limit: websupport.js
[2026-05-28 13:51:20,208] multiqc                                            [DEBUG  ]  File ignored by longranger/invocation because it exceeded search pattern filesize limit: websupport.js
[2026-05-28 13:51:20,223] multiqc                                            [DEBUG  ]  File ignored by nanostat because it exceeded search pattern filesize limit: websupport.js
[2026-05-28 13:51:20,249] multiqc                                            [DEBUG  ]  File ignored by ccs/v4 because it exceeded search pattern filesize limit: coverage_profile_along_genes_(low).txt
[2026-05-28 13:51:20,251] multiqc                                            [DEBUG  ]  File ignored by lima/summary because it exceeded search pattern filesize limit: coverage_profile_along_genes_(low).txt
[2026-05-28 13:51:20,253] multiqc                                            [DEBUG  ]  File ignored by longranger/invocation because it exceeded search pattern filesize limit: coverage_profile_along_genes_(low).txt
[2026-05-28 13:51:20,262] multiqc                                            [DEBUG  ]  File ignored by ccs/v4 because it exceeded search pattern filesize limit: coverage_profile_along_genes_(high).txt
[2026-05-28 13:51:20,263] multiqc                                            [DEBUG  ]  File ignored by lima/summary because it exceeded search pattern filesize limit: coverage_profile_along_genes_(high).txt
[2026-05-28 13:51:20,265] multiqc                                            [DEBUG  ]  File ignored by longranger/invocation because it exceeded search pattern filesize limit: coverage_profile_along_genes_(high).txt
[2026-05-28 13:51:20,309] multiqc                                            [DEBUG  ]  File ignored by ccs/v4 because it exceeded search pattern filesize limit: qualimapReport.html
[2026-05-28 13:51:20,310] multiqc                                            [DEBUG  ]  File ignored by hicexplorer because it exceeded search pattern filesize limit: qualimapReport.html
[2026-05-28 13:51:20,310] multiqc                                            [DEBUG  ]  File ignored by lima/summary because it exceeded search pattern filesize limit: qualimapReport.html
[2026-05-28 13:51:20,312] multiqc                                            [DEBUG  ]  File ignored by longranger/invocation because it exceeded search pattern filesize limit: qualimapReport.html
[2026-05-28 13:51:20,319] multiqc                                            [DEBUG  ]  File ignored by nanostat because it exceeded search pattern filesize limit: qualimapReport.html
[2026-05-28 13:51:20,503] multiqc                                            [DEBUG  ]  File ignored by ccs/v4 because it exceeded search pattern filesize limit: agogo.css
[2026-05-28 13:51:20,505] multiqc                                            [DEBUG  ]  File ignored by hicexplorer because it exceeded search pattern filesize limit: agogo.css
[2026-05-28 13:51:20,505] multiqc                                            [DEBUG  ]  File ignored by lima/summary because it exceeded search pattern filesize limit: agogo.css
[2026-05-28 13:51:20,507] multiqc                                            [DEBUG  ]  File ignored by longranger/invocation because it exceeded search pattern filesize limit: agogo.css
[2026-05-28 13:51:20,518] multiqc                                            [DEBUG  ]  File ignored by nanostat because it exceeded search pattern filesize limit: agogo.css
[2026-05-28 13:51:20,560] multiqc                                            [DEBUG  ]  File ignored by ccs/v4 because it exceeded search pattern filesize limit: basic.css
[2026-05-28 13:51:20,561] multiqc                                            [DEBUG  ]  File ignored by hicexplorer because it exceeded search pattern filesize limit: basic.css
[2026-05-28 13:51:20,562] multiqc                                            [DEBUG  ]  File ignored by lima/summary because it exceeded search pattern filesize limit: basic.css
[2026-05-28 13:51:20,563] multiqc                                            [DEBUG  ]  File ignored by longranger/invocation because it exceeded search pattern filesize limit: basic.css
[2026-05-28 13:51:20,573] multiqc                                            [DEBUG  ]  File ignored by nanostat because it exceeded search pattern filesize limit: basic.css
[2026-05-28 13:51:20,601] multiqc                                            [DEBUG  ]  File ignored by ccs/v4 because it exceeded search pattern filesize limit: doctools.js
[2026-05-28 13:51:20,602] multiqc                                            [DEBUG  ]  File ignored by hicexplorer because it exceeded search pattern filesize limit: doctools.js
[2026-05-28 13:51:20,602] multiqc                                            [DEBUG  ]  File ignored by lima/summary because it exceeded search pattern filesize limit: doctools.js
[2026-05-28 13:51:20,604] multiqc                                            [DEBUG  ]  File ignored by longranger/invocation because it exceeded search pattern filesize limit: doctools.js
[2026-05-28 13:51:20,610] multiqc                                            [DEBUG  ]  File ignored by nanostat because it exceeded search pattern filesize limit: doctools.js
[2026-05-28 13:51:20,694] multiqc                                            [DEBUG  ]  File ignored by ccs/v4 because it exceeded search pattern filesize limit: jquery.js
[2026-05-28 13:51:20,695] multiqc                                            [DEBUG  ]  File ignored by hicexplorer because it exceeded search pattern filesize limit: jquery.js
[2026-05-28 13:51:20,695] multiqc                                            [DEBUG  ]  File ignored by lima/summary because it exceeded search pattern filesize limit: jquery.js
[2026-05-28 13:51:20,697] multiqc                                            [DEBUG  ]  File ignored by longranger/invocation because it exceeded search pattern filesize limit: jquery.js
[2026-05-28 13:51:20,705] multiqc                                            [DEBUG  ]  File ignored by nanostat because it exceeded search pattern filesize limit: jquery.js
[2026-05-28 13:51:20,737] multiqc                                            [DEBUG  ]  File ignored by ccs/v4 because it exceeded search pattern filesize limit: pygments.css
[2026-05-28 13:51:20,738] multiqc                                            [DEBUG  ]  File ignored by lima/summary because it exceeded search pattern filesize limit: pygments.css
[2026-05-28 13:51:20,740] multiqc                                            [DEBUG  ]  File ignored by longranger/invocation because it exceeded search pattern filesize limit: pygments.css
[2026-05-28 13:51:20,762] multiqc                                            [DEBUG  ]  File ignored by ccs/v4 because it exceeded search pattern filesize limit: searchtools.js
[2026-05-28 13:51:20,763] multiqc                                            [DEBUG  ]  File ignored by hicexplorer because it exceeded search pattern filesize limit: searchtools.js
[2026-05-28 13:51:20,763] multiqc                                            [DEBUG  ]  File ignored by lima/summary because it exceeded search pattern filesize limit: searchtools.js
[2026-05-28 13:51:20,765] multiqc                                            [DEBUG  ]  File ignored by longranger/invocation because it exceeded search pattern filesize limit: searchtools.js
[2026-05-28 13:51:20,775] multiqc                                            [DEBUG  ]  File ignored by nanostat because it exceeded search pattern filesize limit: searchtools.js
[2026-05-28 13:51:20,780] multiqc                                            [DEBUG  ]  File ignored by ccs/v4 because it exceeded search pattern filesize limit: underscore.js
[2026-05-28 13:51:20,781] multiqc                                            [DEBUG  ]  File ignored by hicexplorer because it exceeded search pattern filesize limit: underscore.js
[2026-05-28 13:51:20,781] multiqc                                            [DEBUG  ]  File ignored by lima/summary because it exceeded search pattern filesize limit: underscore.js
[2026-05-28 13:51:20,783] multiqc                                            [DEBUG  ]  File ignored by longranger/invocation because it exceeded search pattern filesize limit: underscore.js
[2026-05-28 13:51:20,786] multiqc                                            [DEBUG  ]  File ignored by nanostat because it exceeded search pattern filesize limit: underscore.js
[2026-05-28 13:51:20,799] multiqc                                            [DEBUG  ]  File ignored by ccs/v4 because it exceeded search pattern filesize limit: websupport.js
[2026-05-28 13:51:20,800] multiqc                                            [DEBUG  ]  File ignored by hicexplorer because it exceeded search pattern filesize limit: websupport.js
[2026-05-28 13:51:20,800] multiqc                                            [DEBUG  ]  File ignored by lima/summary because it exceeded search pattern filesize limit: websupport.js
[2026-05-28 13:51:20,802] multiqc                                            [DEBUG  ]  File ignored by longranger/invocation because it exceeded search pattern filesize limit: websupport.js
[2026-05-28 13:51:20,816] multiqc                                            [DEBUG  ]  File ignored by nanostat because it exceeded search pattern filesize limit: websupport.js
[2026-05-28 13:51:20,886] multiqc                                            [DEBUG  ]  File ignored by ccs/v4 because it exceeded search pattern filesize limit: coverage_profile_along_genes_(low).txt
[2026-05-28 13:51:20,887] multiqc                                            [DEBUG  ]  File ignored by lima/summary because it exceeded search pattern filesize limit: coverage_profile_along_genes_(low).txt
[2026-05-28 13:51:20,889] multiqc                                            [DEBUG  ]  File ignored by longranger/invocation because it exceeded search pattern filesize limit: coverage_profile_along_genes_(low).txt
[2026-05-28 13:51:20,919] multiqc                                            [DEBUG  ]  File ignored by ccs/v4 because it exceeded search pattern filesize limit: coverage_profile_along_genes_(high).txt
[2026-05-28 13:51:20,920] multiqc                                            [DEBUG  ]  File ignored by lima/summary because it exceeded search pattern filesize limit: coverage_profile_along_genes_(high).txt
[2026-05-28 13:51:20,922] multiqc                                            [DEBUG  ]  File ignored by longranger/invocation because it exceeded search pattern filesize limit: coverage_profile_along_genes_(high).txt
[2026-05-28 13:51:20,949] multiqc                                            [DEBUG  ]  File ignored by ccs/v4 because it exceeded search pattern filesize limit: qualimapReport.html
[2026-05-28 13:51:20,950] multiqc                                            [DEBUG  ]  File ignored by hicexplorer because it exceeded search pattern filesize limit: qualimapReport.html
[2026-05-28 13:51:20,950] multiqc                                            [DEBUG  ]  File ignored by lima/summary because it exceeded search pattern filesize limit: qualimapReport.html
[2026-05-28 13:51:20,952] multiqc                                            [DEBUG  ]  File ignored by longranger/invocation because it exceeded search pattern filesize limit: qualimapReport.html
[2026-05-28 13:51:20,961] multiqc                                            [DEBUG  ]  File ignored by nanostat because it exceeded search pattern filesize limit: qualimapReport.html
[2026-05-28 13:51:20,991] multiqc                                            [DEBUG  ]  File ignored by ccs/v4 because it exceeded search pattern filesize limit: agogo.css
[2026-05-28 13:51:20,992] multiqc                                            [DEBUG  ]  File ignored by hicexplorer because it exceeded search pattern filesize limit: agogo.css
[2026-05-28 13:51:20,992] multiqc                                            [DEBUG  ]  File ignored by lima/summary because it exceeded search pattern filesize limit: agogo.css
[2026-05-28 13:51:20,996] multiqc                                            [DEBUG  ]  File ignored by longranger/invocation because it exceeded search pattern filesize limit: agogo.css
[2026-05-28 13:51:21,006] multiqc                                            [DEBUG  ]  File ignored by nanostat because it exceeded search pattern filesize limit: agogo.css
[2026-05-28 13:51:21,012] multiqc                                            [DEBUG  ]  File ignored by ccs/v4 because it exceeded search pattern filesize limit: basic.css
[2026-05-28 13:51:21,013] multiqc                                            [DEBUG  ]  File ignored by hicexplorer because it exceeded search pattern filesize limit: basic.css
[2026-05-28 13:51:21,013] multiqc                                            [DEBUG  ]  File ignored by lima/summary because it exceeded search pattern filesize limit: basic.css
[2026-05-28 13:51:21,015] multiqc                                            [DEBUG  ]  File ignored by longranger/invocation because it exceeded search pattern filesize limit: basic.css
[2026-05-28 13:51:21,025] multiqc                                            [DEBUG  ]  File ignored by nanostat because it exceeded search pattern filesize limit: basic.css
[2026-05-28 13:51:21,036] multiqc                                            [DEBUG  ]  File ignored by ccs/v4 because it exceeded search pattern filesize limit: doctools.js
[2026-05-28 13:51:21,037] multiqc                                            [DEBUG  ]  File ignored by hicexplorer because it exceeded search pattern filesize limit: doctools.js
[2026-05-28 13:51:21,037] multiqc                                            [DEBUG  ]  File ignored by lima/summary because it exceeded search pattern filesize limit: doctools.js
[2026-05-28 13:51:21,039] multiqc                                            [DEBUG  ]  File ignored by longranger/invocation because it exceeded search pattern filesize limit: doctools.js
[2026-05-28 13:51:21,046] multiqc                                            [DEBUG  ]  File ignored by nanostat because it exceeded search pattern filesize limit: doctools.js
[2026-05-28 13:51:21,079] multiqc                                            [DEBUG  ]  File ignored by ccs/v4 because it exceeded search pattern filesize limit: jquery.js
[2026-05-28 13:51:21,080] multiqc                                            [DEBUG  ]  File ignored by hicexplorer because it exceeded search pattern filesize limit: jquery.js
[2026-05-28 13:51:21,080] multiqc                                            [DEBUG  ]  File ignored by lima/summary because it exceeded search pattern filesize limit: jquery.js
[2026-05-28 13:51:21,082] multiqc                                            [DEBUG  ]  File ignored by longranger/invocation because it exceeded search pattern filesize limit: jquery.js
[2026-05-28 13:51:21,090] multiqc                                            [DEBUG  ]  File ignored by nanostat because it exceeded search pattern filesize limit: jquery.js
[2026-05-28 13:51:21,170] multiqc                                            [DEBUG  ]  File ignored by ccs/v4 because it exceeded search pattern filesize limit: pygments.css
[2026-05-28 13:51:21,172] multiqc                                            [DEBUG  ]  File ignored by lima/summary because it exceeded search pattern filesize limit: pygments.css
[2026-05-28 13:51:21,174] multiqc                                            [DEBUG  ]  File ignored by longranger/invocation because it exceeded search pattern filesize limit: pygments.css
[2026-05-28 13:51:21,197] multiqc                                            [DEBUG  ]  File ignored by ccs/v4 because it exceeded search pattern filesize limit: searchtools.js
[2026-05-28 13:51:21,198] multiqc                                            [DEBUG  ]  File ignored by hicexplorer because it exceeded search pattern filesize limit: searchtools.js
[2026-05-28 13:51:21,198] multiqc                                            [DEBUG  ]  File ignored by lima/summary because it exceeded search pattern filesize limit: searchtools.js
[2026-05-28 13:51:21,203] multiqc                                            [DEBUG  ]  File ignored by longranger/invocation because it exceeded search pattern filesize limit: searchtools.js
[2026-05-28 13:51:21,214] multiqc                                            [DEBUG  ]  File ignored by nanostat because it exceeded search pattern filesize limit: searchtools.js
[2026-05-28 13:51:21,221] multiqc                                            [DEBUG  ]  File ignored by ccs/v4 because it exceeded search pattern filesize limit: underscore.js
[2026-05-28 13:51:21,222] multiqc                                            [DEBUG  ]  File ignored by hicexplorer because it exceeded search pattern filesize limit: underscore.js
[2026-05-28 13:51:21,223] multiqc                                            [DEBUG  ]  File ignored by lima/summary because it exceeded search pattern filesize limit: underscore.js
[2026-05-28 13:51:21,224] multiqc                                            [DEBUG  ]  File ignored by longranger/invocation because it exceeded search pattern filesize limit: underscore.js
[2026-05-28 13:51:21,228] multiqc                                            [DEBUG  ]  File ignored by nanostat because it exceeded search pattern filesize limit: underscore.js
[2026-05-28 13:51:21,236] multiqc                                            [DEBUG  ]  File ignored by ccs/v4 because it exceeded search pattern filesize limit: websupport.js
[2026-05-28 13:51:21,237] multiqc                                            [DEBUG  ]  File ignored by hicexplorer because it exceeded search pattern filesize limit: websupport.js
[2026-05-28 13:51:21,237] multiqc                                            [DEBUG  ]  File ignored by lima/summary because it exceeded search pattern filesize limit: websupport.js
[2026-05-28 13:51:21,239] multiqc                                            [DEBUG  ]  File ignored by longranger/invocation because it exceeded search pattern filesize limit: websupport.js
[2026-05-28 13:51:21,253] multiqc                                            [DEBUG  ]  File ignored by nanostat because it exceeded search pattern filesize limit: websupport.js
[2026-05-28 13:51:21,389] multiqc                                            [DEBUG  ]  File ignored by ccs/v4 because it exceeded search pattern filesize limit: coverage_profile_along_genes_(low).txt
[2026-05-28 13:51:21,390] multiqc                                            [DEBUG  ]  File ignored by lima/summary because it exceeded search pattern filesize limit: coverage_profile_along_genes_(low).txt
[2026-05-28 13:51:21,392] multiqc                                            [DEBUG  ]  File ignored by longranger/invocation because it exceeded search pattern filesize limit: coverage_profile_along_genes_(low).txt
[2026-05-28 13:51:21,441] multiqc                                            [DEBUG  ]  File ignored by ccs/v4 because it exceeded search pattern filesize limit: coverage_profile_along_genes_(high).txt
[2026-05-28 13:51:21,442] multiqc                                            [DEBUG  ]  File ignored by lima/summary because it exceeded search pattern filesize limit: coverage_profile_along_genes_(high).txt
[2026-05-28 13:51:21,444] multiqc                                            [DEBUG  ]  File ignored by longranger/invocation because it exceeded search pattern filesize limit: coverage_profile_along_genes_(high).txt
[2026-05-28 13:51:21,470] multiqc                                            [DEBUG  ]  File ignored by ccs/v4 because it exceeded search pattern filesize limit: qualimapReport.html
[2026-05-28 13:51:21,471] multiqc                                            [DEBUG  ]  File ignored by hicexplorer because it exceeded search pattern filesize limit: qualimapReport.html
[2026-05-28 13:51:21,471] multiqc                                            [DEBUG  ]  File ignored by lima/summary because it exceeded search pattern filesize limit: qualimapReport.html
[2026-05-28 13:51:21,473] multiqc                                            [DEBUG  ]  File ignored by longranger/invocation because it exceeded search pattern filesize limit: qualimapReport.html
[2026-05-28 13:51:21,482] multiqc                                            [DEBUG  ]  File ignored by nanostat because it exceeded search pattern filesize limit: qualimapReport.html
[2026-05-28 13:51:21,513] multiqc                                            [DEBUG  ]  File ignored by ccs/v4 because it exceeded search pattern filesize limit: agogo.css
[2026-05-28 13:51:21,514] multiqc                                            [DEBUG  ]  File ignored by hicexplorer because it exceeded search pattern filesize limit: agogo.css
[2026-05-28 13:51:21,514] multiqc                                            [DEBUG  ]  File ignored by lima/summary because it exceeded search pattern filesize limit: agogo.css
[2026-05-28 13:51:21,516] multiqc                                            [DEBUG  ]  File ignored by longranger/invocation because it exceeded search pattern filesize limit: agogo.css
[2026-05-28 13:51:21,525] multiqc                                            [DEBUG  ]  File ignored by nanostat because it exceeded search pattern filesize limit: agogo.css
[2026-05-28 13:51:21,539] multiqc                                            [DEBUG  ]  File ignored by ccs/v4 because it exceeded search pattern filesize limit: basic.css
[2026-05-28 13:51:21,540] multiqc                                            [DEBUG  ]  File ignored by hicexplorer because it exceeded search pattern filesize limit: basic.css
[2026-05-28 13:51:21,540] multiqc                                            [DEBUG  ]  File ignored by lima/summary because it exceeded search pattern filesize limit: basic.css
[2026-05-28 13:51:21,542] multiqc                                            [DEBUG  ]  File ignored by longranger/invocation because it exceeded search pattern filesize limit: basic.css
[2026-05-28 13:51:21,551] multiqc                                            [DEBUG  ]  File ignored by nanostat because it exceeded search pattern filesize limit: basic.css
[2026-05-28 13:51:21,577] multiqc                                            [DEBUG  ]  File ignored by ccs/v4 because it exceeded search pattern filesize limit: doctools.js
[2026-05-28 13:51:21,578] multiqc                                            [DEBUG  ]  File ignored by hicexplorer because it exceeded search pattern filesize limit: doctools.js
[2026-05-28 13:51:21,578] multiqc                                            [DEBUG  ]  File ignored by lima/summary because it exceeded search pattern filesize limit: doctools.js
[2026-05-28 13:51:21,580] multiqc                                            [DEBUG  ]  File ignored by longranger/invocation because it exceeded search pattern filesize limit: doctools.js
[2026-05-28 13:51:21,586] multiqc                                            [DEBUG  ]  File ignored by nanostat because it exceeded search pattern filesize limit: doctools.js
[2026-05-28 13:51:21,617] multiqc                                            [DEBUG  ]  File ignored by ccs/v4 because it exceeded search pattern filesize limit: jquery.js
[2026-05-28 13:51:21,619] multiqc                                            [DEBUG  ]  File ignored by hicexplorer because it exceeded search pattern filesize limit: jquery.js
[2026-05-28 13:51:21,619] multiqc                                            [DEBUG  ]  File ignored by lima/summary because it exceeded search pattern filesize limit: jquery.js
[2026-05-28 13:51:21,621] multiqc                                            [DEBUG  ]  File ignored by longranger/invocation because it exceeded search pattern filesize limit: jquery.js
[2026-05-28 13:51:21,629] multiqc                                            [DEBUG  ]  File ignored by nanostat because it exceeded search pattern filesize limit: jquery.js
[2026-05-28 13:51:21,647] multiqc                                            [DEBUG  ]  File ignored by ccs/v4 because it exceeded search pattern filesize limit: pygments.css
[2026-05-28 13:51:21,648] multiqc                                            [DEBUG  ]  File ignored by lima/summary because it exceeded search pattern filesize limit: pygments.css
[2026-05-28 13:51:21,650] multiqc                                            [DEBUG  ]  File ignored by longranger/invocation because it exceeded search pattern filesize limit: pygments.css
[2026-05-28 13:51:21,670] multiqc                                            [DEBUG  ]  File ignored by ccs/v4 because it exceeded search pattern filesize limit: searchtools.js
[2026-05-28 13:51:21,671] multiqc                                            [DEBUG  ]  File ignored by hicexplorer because it exceeded search pattern filesize limit: searchtools.js
[2026-05-28 13:51:21,671] multiqc                                            [DEBUG  ]  File ignored by lima/summary because it exceeded search pattern filesize limit: searchtools.js
[2026-05-28 13:51:21,673] multiqc                                            [DEBUG  ]  File ignored by longranger/invocation because it exceeded search pattern filesize limit: searchtools.js
[2026-05-28 13:51:21,685] multiqc                                            [DEBUG  ]  File ignored by nanostat because it exceeded search pattern filesize limit: searchtools.js
[2026-05-28 13:51:21,690] multiqc                                            [DEBUG  ]  File ignored by ccs/v4 because it exceeded search pattern filesize limit: underscore.js
[2026-05-28 13:51:21,691] multiqc                                            [DEBUG  ]  File ignored by hicexplorer because it exceeded search pattern filesize limit: underscore.js
[2026-05-28 13:51:21,691] multiqc                                            [DEBUG  ]  File ignored by lima/summary because it exceeded search pattern filesize limit: underscore.js
[2026-05-28 13:51:21,693] multiqc                                            [DEBUG  ]  File ignored by longranger/invocation because it exceeded search pattern filesize limit: underscore.js
[2026-05-28 13:51:21,697] multiqc                                            [DEBUG  ]  File ignored by nanostat because it exceeded search pattern filesize limit: underscore.js
[2026-05-28 13:51:21,704] multiqc                                            [DEBUG  ]  File ignored by ccs/v4 because it exceeded search pattern filesize limit: websupport.js
[2026-05-28 13:51:21,705] multiqc                                            [DEBUG  ]  File ignored by hicexplorer because it exceeded search pattern filesize limit: websupport.js
[2026-05-28 13:51:21,705] multiqc                                            [DEBUG  ]  File ignored by lima/summary because it exceeded search pattern filesize limit: websupport.js
[2026-05-28 13:51:21,707] multiqc                                            [DEBUG  ]  File ignored by longranger/invocation because it exceeded search pattern filesize limit: websupport.js
[2026-05-28 13:51:21,725] multiqc                                            [DEBUG  ]  File ignored by nanostat because it exceeded search pattern filesize limit: websupport.js
[2026-05-28 13:51:21,748] multiqc                                            [DEBUG  ]  File ignored by ccs/v4 because it exceeded search pattern filesize limit: coverage_profile_along_genes_(low).txt
[2026-05-28 13:51:21,749] multiqc                                            [DEBUG  ]  File ignored by lima/summary because it exceeded search pattern filesize limit: coverage_profile_along_genes_(low).txt
[2026-05-28 13:51:21,751] multiqc                                            [DEBUG  ]  File ignored by longranger/invocation because it exceeded search pattern filesize limit: coverage_profile_along_genes_(low).txt
[2026-05-28 13:51:21,760] multiqc                                            [DEBUG  ]  File ignored by ccs/v4 because it exceeded search pattern filesize limit: coverage_profile_along_genes_(high).txt
[2026-05-28 13:51:21,761] multiqc                                            [DEBUG  ]  File ignored by lima/summary because it exceeded search pattern filesize limit: coverage_profile_along_genes_(high).txt
[2026-05-28 13:51:21,763] multiqc                                            [DEBUG  ]  File ignored by longranger/invocation because it exceeded search pattern filesize limit: coverage_profile_along_genes_(high).txt
[2026-05-28 13:51:21,802] multiqc                                            [DEBUG  ]  File ignored by ccs/v4 because it exceeded search pattern filesize limit: qualimapReport.html
[2026-05-28 13:51:21,803] multiqc                                            [DEBUG  ]  File ignored by hicexplorer because it exceeded search pattern filesize limit: qualimapReport.html
[2026-05-28 13:51:21,804] multiqc                                            [DEBUG  ]  File ignored by lima/summary because it exceeded search pattern filesize limit: qualimapReport.html
[2026-05-28 13:51:21,806] multiqc                                            [DEBUG  ]  File ignored by longranger/invocation because it exceeded search pattern filesize limit: qualimapReport.html
[2026-05-28 13:51:21,814] multiqc                                            [DEBUG  ]  File ignored by nanostat because it exceeded search pattern filesize limit: qualimapReport.html
[2026-05-28 13:51:21,889] multiqc                                            [DEBUG  ]  File ignored by ccs/v4 because it exceeded search pattern filesize limit: agogo.css
[2026-05-28 13:51:21,890] multiqc                                            [DEBUG  ]  File ignored by hicexplorer because it exceeded search pattern filesize limit: agogo.css
[2026-05-28 13:51:21,890] multiqc                                            [DEBUG  ]  File ignored by lima/summary because it exceeded search pattern filesize limit: agogo.css
[2026-05-28 13:51:21,892] multiqc                                            [DEBUG  ]  File ignored by longranger/invocation because it exceeded search pattern filesize limit: agogo.css
[2026-05-28 13:51:21,900] multiqc                                            [DEBUG  ]  File ignored by nanostat because it exceeded search pattern filesize limit: agogo.css
[2026-05-28 13:51:21,984] multiqc                                            [DEBUG  ]  File ignored by ccs/v4 because it exceeded search pattern filesize limit: basic.css
[2026-05-28 13:51:21,985] multiqc                                            [DEBUG  ]  File ignored by hicexplorer because it exceeded search pattern filesize limit: basic.css
[2026-05-28 13:51:21,986] multiqc                                            [DEBUG  ]  File ignored by lima/summary because it exceeded search pattern filesize limit: basic.css
[2026-05-28 13:51:21,987] multiqc                                            [DEBUG  ]  File ignored by longranger/invocation because it exceeded search pattern filesize limit: basic.css
[2026-05-28 13:51:21,997] multiqc                                            [DEBUG  ]  File ignored by nanostat because it exceeded search pattern filesize limit: basic.css
[2026-05-28 13:51:22,092] multiqc                                            [DEBUG  ]  File ignored by ccs/v4 because it exceeded search pattern filesize limit: doctools.js
[2026-05-28 13:51:22,093] multiqc                                            [DEBUG  ]  File ignored by hicexplorer because it exceeded search pattern filesize limit: doctools.js
[2026-05-28 13:51:22,093] multiqc                                            [DEBUG  ]  File ignored by lima/summary because it exceeded search pattern filesize limit: doctools.js
[2026-05-28 13:51:22,095] multiqc                                            [DEBUG  ]  File ignored by longranger/invocation because it exceeded search pattern filesize limit: doctools.js
[2026-05-28 13:51:22,100] multiqc                                            [DEBUG  ]  File ignored by nanostat because it exceeded search pattern filesize limit: doctools.js
[2026-05-28 13:51:22,240] multiqc                                            [DEBUG  ]  File ignored by ccs/v4 because it exceeded search pattern filesize limit: jquery.js
[2026-05-28 13:51:22,241] multiqc                                            [DEBUG  ]  File ignored by hicexplorer because it exceeded search pattern filesize limit: jquery.js
[2026-05-28 13:51:22,241] multiqc                                            [DEBUG  ]  File ignored by lima/summary because it exceeded search pattern filesize limit: jquery.js
[2026-05-28 13:51:22,243] multiqc                                            [DEBUG  ]  File ignored by longranger/invocation because it exceeded search pattern filesize limit: jquery.js
[2026-05-28 13:51:22,252] multiqc                                            [DEBUG  ]  File ignored by nanostat because it exceeded search pattern filesize limit: jquery.js
[2026-05-28 13:51:22,329] multiqc                                            [DEBUG  ]  File ignored by ccs/v4 because it exceeded search pattern filesize limit: pygments.css
[2026-05-28 13:51:22,330] multiqc                                            [DEBUG  ]  File ignored by lima/summary because it exceeded search pattern filesize limit: pygments.css
[2026-05-28 13:51:22,332] multiqc                                            [DEBUG  ]  File ignored by longranger/invocation because it exceeded search pattern filesize limit: pygments.css
[2026-05-28 13:51:22,446] multiqc                                            [DEBUG  ]  File ignored by ccs/v4 because it exceeded search pattern filesize limit: searchtools.js
[2026-05-28 13:51:22,447] multiqc                                            [DEBUG  ]  File ignored by hicexplorer because it exceeded search pattern filesize limit: searchtools.js
[2026-05-28 13:51:22,447] multiqc                                            [DEBUG  ]  File ignored by lima/summary because it exceeded search pattern filesize limit: searchtools.js
[2026-05-28 13:51:22,449] multiqc                                            [DEBUG  ]  File ignored by longranger/invocation because it exceeded search pattern filesize limit: searchtools.js
[2026-05-28 13:51:22,459] multiqc                                            [DEBUG  ]  File ignored by nanostat because it exceeded search pattern filesize limit: searchtools.js
[2026-05-28 13:51:22,488] multiqc                                            [DEBUG  ]  File ignored by ccs/v4 because it exceeded search pattern filesize limit: underscore.js
[2026-05-28 13:51:22,489] multiqc                                            [DEBUG  ]  File ignored by hicexplorer because it exceeded search pattern filesize limit: underscore.js
[2026-05-28 13:51:22,489] multiqc                                            [DEBUG  ]  File ignored by lima/summary because it exceeded search pattern filesize limit: underscore.js
[2026-05-28 13:51:22,491] multiqc                                            [DEBUG  ]  File ignored by longranger/invocation because it exceeded search pattern filesize limit: underscore.js
[2026-05-28 13:51:22,495] multiqc                                            [DEBUG  ]  File ignored by nanostat because it exceeded search pattern filesize limit: underscore.js
[2026-05-28 13:51:22,543] multiqc                                            [DEBUG  ]  File ignored by ccs/v4 because it exceeded search pattern filesize limit: websupport.js
[2026-05-28 13:51:22,544] multiqc                                            [DEBUG  ]  File ignored by hicexplorer because it exceeded search pattern filesize limit: websupport.js
[2026-05-28 13:51:22,544] multiqc                                            [DEBUG  ]  File ignored by lima/summary because it exceeded search pattern filesize limit: websupport.js
[2026-05-28 13:51:22,546] multiqc                                            [DEBUG  ]  File ignored by longranger/invocation because it exceeded search pattern filesize limit: websupport.js
[2026-05-28 13:51:22,559] multiqc                                            [DEBUG  ]  File ignored by nanostat because it exceeded search pattern filesize limit: websupport.js
[2026-05-28 13:51:22,590] multiqc                                            [DEBUG  ]  File ignored by ccs/v4 because it exceeded search pattern filesize limit: coverage_profile_along_genes_(low).txt
[2026-05-28 13:51:22,593] multiqc                                            [DEBUG  ]  File ignored by lima/summary because it exceeded search pattern filesize limit: coverage_profile_along_genes_(low).txt
[2026-05-28 13:51:22,595] multiqc                                            [DEBUG  ]  File ignored by longranger/invocation because it exceeded search pattern filesize limit: coverage_profile_along_genes_(low).txt
[2026-05-28 13:51:22,604] multiqc                                            [DEBUG  ]  File ignored by ccs/v4 because it exceeded search pattern filesize limit: coverage_profile_along_genes_(high).txt
[2026-05-28 13:51:22,605] multiqc                                            [DEBUG  ]  File ignored by lima/summary because it exceeded search pattern filesize limit: coverage_profile_along_genes_(high).txt
[2026-05-28 13:51:22,607] multiqc                                            [DEBUG  ]  File ignored by longranger/invocation because it exceeded search pattern filesize limit: coverage_profile_along_genes_(high).txt
[2026-05-28 13:51:22,632] multiqc                                            [DEBUG  ]  File ignored by ccs/v4 because it exceeded search pattern filesize limit: qualimapReport.html
[2026-05-28 13:51:22,634] multiqc                                            [DEBUG  ]  File ignored by hicexplorer because it exceeded search pattern filesize limit: qualimapReport.html
[2026-05-28 13:51:22,635] multiqc                                            [DEBUG  ]  File ignored by lima/summary because it exceeded search pattern filesize limit: qualimapReport.html
[2026-05-28 13:51:22,637] multiqc                                            [DEBUG  ]  File ignored by longranger/invocation because it exceeded search pattern filesize limit: qualimapReport.html
[2026-05-28 13:51:22,646] multiqc                                            [DEBUG  ]  File ignored by nanostat because it exceeded search pattern filesize limit: qualimapReport.html
[2026-05-28 13:51:22,675] multiqc                                            [DEBUG  ]  File ignored by ccs/v4 because it exceeded search pattern filesize limit: agogo.css
[2026-05-28 13:51:22,676] multiqc                                            [DEBUG  ]  File ignored by hicexplorer because it exceeded search pattern filesize limit: agogo.css
[2026-05-28 13:51:22,676] multiqc                                            [DEBUG  ]  File ignored by lima/summary because it exceeded search pattern filesize limit: agogo.css
[2026-05-28 13:51:22,678] multiqc                                            [DEBUG  ]  File ignored by longranger/invocation because it exceeded search pattern filesize limit: agogo.css
[2026-05-28 13:51:22,686] multiqc                                            [DEBUG  ]  File ignored by nanostat because it exceeded search pattern filesize limit: agogo.css
[2026-05-28 13:51:22,709] multiqc                                            [DEBUG  ]  File ignored by ccs/v4 because it exceeded search pattern filesize limit: basic.css
[2026-05-28 13:51:22,710] multiqc                                            [DEBUG  ]  File ignored by hicexplorer because it exceeded search pattern filesize limit: basic.css
[2026-05-28 13:51:22,710] multiqc                                            [DEBUG  ]  File ignored by lima/summary because it exceeded search pattern filesize limit: basic.css
[2026-05-28 13:51:22,712] multiqc                                            [DEBUG  ]  File ignored by longranger/invocation because it exceeded search pattern filesize limit: basic.css
[2026-05-28 13:51:22,721] multiqc                                            [DEBUG  ]  File ignored by nanostat because it exceeded search pattern filesize limit: basic.css
[2026-05-28 13:51:22,732] multiqc                                            [DEBUG  ]  File ignored by ccs/v4 because it exceeded search pattern filesize limit: doctools.js
[2026-05-28 13:51:22,733] multiqc                                            [DEBUG  ]  File ignored by hicexplorer because it exceeded search pattern filesize limit: doctools.js
[2026-05-28 13:51:22,733] multiqc                                            [DEBUG  ]  File ignored by lima/summary because it exceeded search pattern filesize limit: doctools.js
[2026-05-28 13:51:22,738] multiqc                                            [DEBUG  ]  File ignored by longranger/invocation because it exceeded search pattern filesize limit: doctools.js
[2026-05-28 13:51:22,744] multiqc                                            [DEBUG  ]  File ignored by nanostat because it exceeded search pattern filesize limit: doctools.js
[2026-05-28 13:51:22,820] multiqc                                            [DEBUG  ]  File ignored by ccs/v4 because it exceeded search pattern filesize limit: jquery.js
[2026-05-28 13:51:22,822] multiqc                                            [DEBUG  ]  File ignored by hicexplorer because it exceeded search pattern filesize limit: jquery.js
[2026-05-28 13:51:22,822] multiqc                                            [DEBUG  ]  File ignored by lima/summary because it exceeded search pattern filesize limit: jquery.js
[2026-05-28 13:51:22,825] multiqc                                            [DEBUG  ]  File ignored by longranger/invocation because it exceeded search pattern filesize limit: jquery.js
[2026-05-28 13:51:22,834] multiqc                                            [DEBUG  ]  File ignored by nanostat because it exceeded search pattern filesize limit: jquery.js
[2026-05-28 13:51:22,855] multiqc                                            [DEBUG  ]  File ignored by ccs/v4 because it exceeded search pattern filesize limit: pygments.css
[2026-05-28 13:51:22,856] multiqc                                            [DEBUG  ]  File ignored by lima/summary because it exceeded search pattern filesize limit: pygments.css
[2026-05-28 13:51:22,858] multiqc                                            [DEBUG  ]  File ignored by longranger/invocation because it exceeded search pattern filesize limit: pygments.css
[2026-05-28 13:51:22,896] multiqc                                            [DEBUG  ]  File ignored by ccs/v4 because it exceeded search pattern filesize limit: searchtools.js
[2026-05-28 13:51:22,897] multiqc                                            [DEBUG  ]  File ignored by hicexplorer because it exceeded search pattern filesize limit: searchtools.js
[2026-05-28 13:51:22,897] multiqc                                            [DEBUG  ]  File ignored by lima/summary because it exceeded search pattern filesize limit: searchtools.js
[2026-05-28 13:51:22,899] multiqc                                            [DEBUG  ]  File ignored by longranger/invocation because it exceeded search pattern filesize limit: searchtools.js
[2026-05-28 13:51:22,910] multiqc                                            [DEBUG  ]  File ignored by nanostat because it exceeded search pattern filesize limit: searchtools.js
[2026-05-28 13:51:22,916] multiqc                                            [DEBUG  ]  File ignored by ccs/v4 because it exceeded search pattern filesize limit: underscore.js
[2026-05-28 13:51:22,917] multiqc                                            [DEBUG  ]  File ignored by hicexplorer because it exceeded search pattern filesize limit: underscore.js
[2026-05-28 13:51:22,918] multiqc                                            [DEBUG  ]  File ignored by lima/summary because it exceeded search pattern filesize limit: underscore.js
[2026-05-28 13:51:22,919] multiqc                                            [DEBUG  ]  File ignored by longranger/invocation because it exceeded search pattern filesize limit: underscore.js
[2026-05-28 13:51:22,923] multiqc                                            [DEBUG  ]  File ignored by nanostat because it exceeded search pattern filesize limit: underscore.js
[2026-05-28 13:51:22,974] multiqc                                            [DEBUG  ]  File ignored by ccs/v4 because it exceeded search pattern filesize limit: websupport.js
[2026-05-28 13:51:22,975] multiqc                                            [DEBUG  ]  File ignored by hicexplorer because it exceeded search pattern filesize limit: websupport.js
[2026-05-28 13:51:22,975] multiqc                                            [DEBUG  ]  File ignored by lima/summary because it exceeded search pattern filesize limit: websupport.js
[2026-05-28 13:51:22,977] multiqc                                            [DEBUG  ]  File ignored by longranger/invocation because it exceeded search pattern filesize limit: websupport.js
[2026-05-28 13:51:22,992] multiqc                                            [DEBUG  ]  File ignored by nanostat because it exceeded search pattern filesize limit: websupport.js
[2026-05-28 13:51:23,014] multiqc                                            [DEBUG  ]  File ignored by ccs/v4 because it exceeded search pattern filesize limit: coverage_profile_along_genes_(low).txt
[2026-05-28 13:51:23,015] multiqc                                            [DEBUG  ]  File ignored by lima/summary because it exceeded search pattern filesize limit: coverage_profile_along_genes_(low).txt
[2026-05-28 13:51:23,017] multiqc                                            [DEBUG  ]  File ignored by longranger/invocation because it exceeded search pattern filesize limit: coverage_profile_along_genes_(low).txt
[2026-05-28 13:51:23,026] multiqc                                            [DEBUG  ]  File ignored by ccs/v4 because it exceeded search pattern filesize limit: coverage_profile_along_genes_(high).txt
[2026-05-28 13:51:23,027] multiqc                                            [DEBUG  ]  File ignored by lima/summary because it exceeded search pattern filesize limit: coverage_profile_along_genes_(high).txt
[2026-05-28 13:51:23,029] multiqc                                            [DEBUG  ]  File ignored by longranger/invocation because it exceeded search pattern filesize limit: coverage_profile_along_genes_(high).txt
[2026-05-28 13:51:23,070] multiqc                                            [DEBUG  ]  File ignored by ccs/v4 because it exceeded search pattern filesize limit: qualimapReport.html
[2026-05-28 13:51:23,071] multiqc                                            [DEBUG  ]  File ignored by hicexplorer because it exceeded search pattern filesize limit: qualimapReport.html
[2026-05-28 13:51:23,071] multiqc                                            [DEBUG  ]  File ignored by lima/summary because it exceeded search pattern filesize limit: qualimapReport.html
[2026-05-28 13:51:23,073] multiqc                                            [DEBUG  ]  File ignored by longranger/invocation because it exceeded search pattern filesize limit: qualimapReport.html
[2026-05-28 13:51:23,080] multiqc                                            [DEBUG  ]  File ignored by nanostat because it exceeded search pattern filesize limit: qualimapReport.html
[2026-05-28 13:51:23,140] multiqc                                            [DEBUG  ]  File ignored by ccs/v4 because it exceeded search pattern filesize limit: agogo.css
[2026-05-28 13:51:23,141] multiqc                                            [DEBUG  ]  File ignored by hicexplorer because it exceeded search pattern filesize limit: agogo.css
[2026-05-28 13:51:23,141] multiqc                                            [DEBUG  ]  File ignored by lima/summary because it exceeded search pattern filesize limit: agogo.css
[2026-05-28 13:51:23,143] multiqc                                            [DEBUG  ]  File ignored by longranger/invocation because it exceeded search pattern filesize limit: agogo.css
[2026-05-28 13:51:23,154] multiqc                                            [DEBUG  ]  File ignored by nanostat because it exceeded search pattern filesize limit: agogo.css
[2026-05-28 13:51:23,160] multiqc                                            [DEBUG  ]  File ignored by ccs/v4 because it exceeded search pattern filesize limit: basic.css
[2026-05-28 13:51:23,161] multiqc                                            [DEBUG  ]  File ignored by hicexplorer because it exceeded search pattern filesize limit: basic.css
[2026-05-28 13:51:23,161] multiqc                                            [DEBUG  ]  File ignored by lima/summary because it exceeded search pattern filesize limit: basic.css
[2026-05-28 13:51:23,163] multiqc                                            [DEBUG  ]  File ignored by longranger/invocation because it exceeded search pattern filesize limit: basic.css
[2026-05-28 13:51:23,173] multiqc                                            [DEBUG  ]  File ignored by nanostat because it exceeded search pattern filesize limit: basic.css
[2026-05-28 13:51:23,185] multiqc                                            [DEBUG  ]  File ignored by ccs/v4 because it exceeded search pattern filesize limit: doctools.js
[2026-05-28 13:51:23,186] multiqc                                            [DEBUG  ]  File ignored by hicexplorer because it exceeded search pattern filesize limit: doctools.js
[2026-05-28 13:51:23,186] multiqc                                            [DEBUG  ]  File ignored by lima/summary because it exceeded search pattern filesize limit: doctools.js
[2026-05-28 13:51:23,188] multiqc                                            [DEBUG  ]  File ignored by longranger/invocation because it exceeded search pattern filesize limit: doctools.js
[2026-05-28 13:51:23,194] multiqc                                            [DEBUG  ]  File ignored by nanostat because it exceeded search pattern filesize limit: doctools.js
[2026-05-28 13:51:23,204] multiqc                                            [DEBUG  ]  File ignored by ccs/v4 because it exceeded search pattern filesize limit: jquery.js
[2026-05-28 13:51:23,205] multiqc                                            [DEBUG  ]  File ignored by hicexplorer because it exceeded search pattern filesize limit: jquery.js
[2026-05-28 13:51:23,205] multiqc                                            [DEBUG  ]  File ignored by lima/summary because it exceeded search pattern filesize limit: jquery.js
[2026-05-28 13:51:23,207] multiqc                                            [DEBUG  ]  File ignored by longranger/invocation because it exceeded search pattern filesize limit: jquery.js
[2026-05-28 13:51:23,215] multiqc                                            [DEBUG  ]  File ignored by nanostat because it exceeded search pattern filesize limit: jquery.js
[2026-05-28 13:51:23,222] multiqc                                            [DEBUG  ]  File ignored by ccs/v4 because it exceeded search pattern filesize limit: pygments.css
[2026-05-28 13:51:23,223] multiqc                                            [DEBUG  ]  File ignored by lima/summary because it exceeded search pattern filesize limit: pygments.css
[2026-05-28 13:51:23,225] multiqc                                            [DEBUG  ]  File ignored by longranger/invocation because it exceeded search pattern filesize limit: pygments.css
[2026-05-28 13:51:23,246] multiqc                                            [DEBUG  ]  File ignored by ccs/v4 because it exceeded search pattern filesize limit: searchtools.js
[2026-05-28 13:51:23,249] multiqc                                            [DEBUG  ]  File ignored by hicexplorer because it exceeded search pattern filesize limit: searchtools.js
[2026-05-28 13:51:23,249] multiqc                                            [DEBUG  ]  File ignored by lima/summary because it exceeded search pattern filesize limit: searchtools.js
[2026-05-28 13:51:23,251] multiqc                                            [DEBUG  ]  File ignored by longranger/invocation because it exceeded search pattern filesize limit: searchtools.js
[2026-05-28 13:51:23,266] multiqc                                            [DEBUG  ]  File ignored by nanostat because it exceeded search pattern filesize limit: searchtools.js
[2026-05-28 13:51:23,273] multiqc                                            [DEBUG  ]  File ignored by ccs/v4 because it exceeded search pattern filesize limit: underscore.js
[2026-05-28 13:51:23,274] multiqc                                            [DEBUG  ]  File ignored by hicexplorer because it exceeded search pattern filesize limit: underscore.js
[2026-05-28 13:51:23,275] multiqc                                            [DEBUG  ]  File ignored by lima/summary because it exceeded search pattern filesize limit: underscore.js
[2026-05-28 13:51:23,277] multiqc                                            [DEBUG  ]  File ignored by longranger/invocation because it exceeded search pattern filesize limit: underscore.js
[2026-05-28 13:51:23,280] multiqc                                            [DEBUG  ]  File ignored by nanostat because it exceeded search pattern filesize limit: underscore.js
[2026-05-28 13:51:23,318] multiqc                                            [DEBUG  ]  File ignored by ccs/v4 because it exceeded search pattern filesize limit: websupport.js
[2026-05-28 13:51:23,319] multiqc                                            [DEBUG  ]  File ignored by hicexplorer because it exceeded search pattern filesize limit: websupport.js
[2026-05-28 13:51:23,319] multiqc                                            [DEBUG  ]  File ignored by lima/summary because it exceeded search pattern filesize limit: websupport.js
[2026-05-28 13:51:23,321] multiqc                                            [DEBUG  ]  File ignored by longranger/invocation because it exceeded search pattern filesize limit: websupport.js
[2026-05-28 13:51:23,335] multiqc                                            [DEBUG  ]  File ignored by nanostat because it exceeded search pattern filesize limit: websupport.js
[2026-05-28 13:51:23,340] multiqc                                            [DEBUG  ]  File ignored by ccs/v4 because it exceeded search pattern filesize limit: coverage_profile_along_genes_(low).txt
[2026-05-28 13:51:23,341] multiqc                                            [DEBUG  ]  File ignored by lima/summary because it exceeded search pattern filesize limit: coverage_profile_along_genes_(low).txt
[2026-05-28 13:51:23,343] multiqc                                            [DEBUG  ]  File ignored by longranger/invocation because it exceeded search pattern filesize limit: coverage_profile_along_genes_(low).txt
[2026-05-28 13:51:23,354] multiqc                                            [DEBUG  ]  File ignored by ccs/v4 because it exceeded search pattern filesize limit: coverage_profile_along_genes_(high).txt
[2026-05-28 13:51:23,355] multiqc                                            [DEBUG  ]  File ignored by lima/summary because it exceeded search pattern filesize limit: coverage_profile_along_genes_(high).txt
[2026-05-28 13:51:23,357] multiqc                                            [DEBUG  ]  File ignored by longranger/invocation because it exceeded search pattern filesize limit: coverage_profile_along_genes_(high).txt
[2026-05-28 13:51:23,470] multiqc                                            [DEBUG  ]  File ignored by ccs/v4 because it exceeded search pattern filesize limit: qualimapReport.html
[2026-05-28 13:51:23,472] multiqc                                            [DEBUG  ]  File ignored by hicexplorer because it exceeded search pattern filesize limit: qualimapReport.html
[2026-05-28 13:51:23,472] multiqc                                            [DEBUG  ]  File ignored by lima/summary because it exceeded search pattern filesize limit: qualimapReport.html
[2026-05-28 13:51:23,475] multiqc                                            [DEBUG  ]  File ignored by longranger/invocation because it exceeded search pattern filesize limit: qualimapReport.html
[2026-05-28 13:51:23,483] multiqc                                            [DEBUG  ]  File ignored by nanostat because it exceeded search pattern filesize limit: qualimapReport.html
[2026-05-28 13:51:23,552] multiqc                                            [DEBUG  ]  File ignored by ccs/v4 because it exceeded search pattern filesize limit: agogo.css
[2026-05-28 13:51:23,555] multiqc                                            [DEBUG  ]  File ignored by hicexplorer because it exceeded search pattern filesize limit: agogo.css
[2026-05-28 13:51:23,556] multiqc                                            [DEBUG  ]  File ignored by lima/summary because it exceeded search pattern filesize limit: agogo.css
[2026-05-28 13:51:23,558] multiqc                                            [DEBUG  ]  File ignored by longranger/invocation because it exceeded search pattern filesize limit: agogo.css
[2026-05-28 13:51:23,568] multiqc                                            [DEBUG  ]  File ignored by nanostat because it exceeded search pattern filesize limit: agogo.css
[2026-05-28 13:51:23,703] multiqc                                            [DEBUG  ]  File ignored by ccs/v4 because it exceeded search pattern filesize limit: basic.css
[2026-05-28 13:51:23,704] multiqc                                            [DEBUG  ]  File ignored by hicexplorer because it exceeded search pattern filesize limit: basic.css
[2026-05-28 13:51:23,704] multiqc                                            [DEBUG  ]  File ignored by lima/summary because it exceeded search pattern filesize limit: basic.css
[2026-05-28 13:51:23,706] multiqc                                            [DEBUG  ]  File ignored by longranger/invocation because it exceeded search pattern filesize limit: basic.css
[2026-05-28 13:51:23,718] multiqc                                            [DEBUG  ]  File ignored by nanostat because it exceeded search pattern filesize limit: basic.css
[2026-05-28 13:51:23,764] multiqc                                            [DEBUG  ]  File ignored by ccs/v4 because it exceeded search pattern filesize limit: doctools.js
[2026-05-28 13:51:23,765] multiqc                                            [DEBUG  ]  File ignored by hicexplorer because it exceeded search pattern filesize limit: doctools.js
[2026-05-28 13:51:23,765] multiqc                                            [DEBUG  ]  File ignored by lima/summary because it exceeded search pattern filesize limit: doctools.js
[2026-05-28 13:51:23,767] multiqc                                            [DEBUG  ]  File ignored by longranger/invocation because it exceeded search pattern filesize limit: doctools.js
[2026-05-28 13:51:23,773] multiqc                                            [DEBUG  ]  File ignored by nanostat because it exceeded search pattern filesize limit: doctools.js
[2026-05-28 13:51:23,811] multiqc                                            [DEBUG  ]  File ignored by ccs/v4 because it exceeded search pattern filesize limit: jquery.js
[2026-05-28 13:51:23,812] multiqc                                            [DEBUG  ]  File ignored by hicexplorer because it exceeded search pattern filesize limit: jquery.js
[2026-05-28 13:51:23,813] multiqc                                            [DEBUG  ]  File ignored by lima/summary because it exceeded search pattern filesize limit: jquery.js
[2026-05-28 13:51:23,815] multiqc                                            [DEBUG  ]  File ignored by longranger/invocation because it exceeded search pattern filesize limit: jquery.js
[2026-05-28 13:51:23,824] multiqc                                            [DEBUG  ]  File ignored by nanostat because it exceeded search pattern filesize limit: jquery.js
[2026-05-28 13:51:23,848] multiqc                                            [DEBUG  ]  File ignored by ccs/v4 because it exceeded search pattern filesize limit: pygments.css
[2026-05-28 13:51:23,849] multiqc                                            [DEBUG  ]  File ignored by lima/summary because it exceeded search pattern filesize limit: pygments.css
[2026-05-28 13:51:23,851] multiqc                                            [DEBUG  ]  File ignored by longranger/invocation because it exceeded search pattern filesize limit: pygments.css
[2026-05-28 13:51:23,899] multiqc                                            [DEBUG  ]  File ignored by ccs/v4 because it exceeded search pattern filesize limit: searchtools.js
[2026-05-28 13:51:23,900] multiqc                                            [DEBUG  ]  File ignored by hicexplorer because it exceeded search pattern filesize limit: searchtools.js
[2026-05-28 13:51:23,901] multiqc                                            [DEBUG  ]  File ignored by lima/summary because it exceeded search pattern filesize limit: searchtools.js
[2026-05-28 13:51:23,902] multiqc                                            [DEBUG  ]  File ignored by longranger/invocation because it exceeded search pattern filesize limit: searchtools.js
[2026-05-28 13:51:23,914] multiqc                                            [DEBUG  ]  File ignored by nanostat because it exceeded search pattern filesize limit: searchtools.js
[2026-05-28 13:51:23,918] multiqc                                            [DEBUG  ]  File ignored by ccs/v4 because it exceeded search pattern filesize limit: underscore.js
[2026-05-28 13:51:23,919] multiqc                                            [DEBUG  ]  File ignored by hicexplorer because it exceeded search pattern filesize limit: underscore.js
[2026-05-28 13:51:23,919] multiqc                                            [DEBUG  ]  File ignored by lima/summary because it exceeded search pattern filesize limit: underscore.js
[2026-05-28 13:51:23,921] multiqc                                            [DEBUG  ]  File ignored by longranger/invocation because it exceeded search pattern filesize limit: underscore.js
[2026-05-28 13:51:23,925] multiqc                                            [DEBUG  ]  File ignored by nanostat because it exceeded search pattern filesize limit: underscore.js
[2026-05-28 13:51:23,944] multiqc                                            [DEBUG  ]  File ignored by ccs/v4 because it exceeded search pattern filesize limit: websupport.js
[2026-05-28 13:51:23,945] multiqc                                            [DEBUG  ]  File ignored by hicexplorer because it exceeded search pattern filesize limit: websupport.js
[2026-05-28 13:51:23,946] multiqc                                            [DEBUG  ]  File ignored by lima/summary because it exceeded search pattern filesize limit: websupport.js
[2026-05-28 13:51:23,948] multiqc                                            [DEBUG  ]  File ignored by longranger/invocation because it exceeded search pattern filesize limit: websupport.js
[2026-05-28 13:51:23,965] multiqc                                            [DEBUG  ]  File ignored by nanostat because it exceeded search pattern filesize limit: websupport.js
[2026-05-28 13:51:23,992] multiqc                                            [DEBUG  ]  File ignored by ccs/v4 because it exceeded search pattern filesize limit: coverage_profile_along_genes_(low).txt
[2026-05-28 13:51:23,993] multiqc                                            [DEBUG  ]  File ignored by lima/summary because it exceeded search pattern filesize limit: coverage_profile_along_genes_(low).txt
[2026-05-28 13:51:23,995] multiqc                                            [DEBUG  ]  File ignored by longranger/invocation because it exceeded search pattern filesize limit: coverage_profile_along_genes_(low).txt
[2026-05-28 13:51:24,036] multiqc                                            [DEBUG  ]  File ignored by ccs/v4 because it exceeded search pattern filesize limit: coverage_profile_along_genes_(high).txt
[2026-05-28 13:51:24,037] multiqc                                            [DEBUG  ]  File ignored by lima/summary because it exceeded search pattern filesize limit: coverage_profile_along_genes_(high).txt
[2026-05-28 13:51:24,039] multiqc                                            [DEBUG  ]  File ignored by longranger/invocation because it exceeded search pattern filesize limit: coverage_profile_along_genes_(high).txt
[2026-05-28 13:51:24,075] multiqc                                            [DEBUG  ]  File ignored by ccs/v4 because it exceeded search pattern filesize limit: qualimapReport.html
[2026-05-28 13:51:24,076] multiqc                                            [DEBUG  ]  File ignored by hicexplorer because it exceeded search pattern filesize limit: qualimapReport.html
[2026-05-28 13:51:24,076] multiqc                                            [DEBUG  ]  File ignored by lima/summary because it exceeded search pattern filesize limit: qualimapReport.html
[2026-05-28 13:51:24,078] multiqc                                            [DEBUG  ]  File ignored by longranger/invocation because it exceeded search pattern filesize limit: qualimapReport.html
[2026-05-28 13:51:24,085] multiqc                                            [DEBUG  ]  File ignored by nanostat because it exceeded search pattern filesize limit: qualimapReport.html
[2026-05-28 13:51:24,125] multiqc                                            [DEBUG  ]  File ignored by ccs/v4 because it exceeded search pattern filesize limit: agogo.css
[2026-05-28 13:51:24,126] multiqc                                            [DEBUG  ]  File ignored by hicexplorer because it exceeded search pattern filesize limit: agogo.css
[2026-05-28 13:51:24,126] multiqc                                            [DEBUG  ]  File ignored by lima/summary because it exceeded search pattern filesize limit: agogo.css
[2026-05-28 13:51:24,128] multiqc                                            [DEBUG  ]  File ignored by longranger/invocation because it exceeded search pattern filesize limit: agogo.css
[2026-05-28 13:51:24,137] multiqc                                            [DEBUG  ]  File ignored by nanostat because it exceeded search pattern filesize limit: agogo.css
[2026-05-28 13:51:24,192] multiqc                                            [DEBUG  ]  File ignored by ccs/v4 because it exceeded search pattern filesize limit: basic.css
[2026-05-28 13:51:24,194] multiqc                                            [DEBUG  ]  File ignored by hicexplorer because it exceeded search pattern filesize limit: basic.css
[2026-05-28 13:51:24,194] multiqc                                            [DEBUG  ]  File ignored by lima/summary because it exceeded search pattern filesize limit: basic.css
[2026-05-28 13:51:24,196] multiqc                                            [DEBUG  ]  File ignored by longranger/invocation because it exceeded search pattern filesize limit: basic.css
[2026-05-28 13:51:24,208] multiqc                                            [DEBUG  ]  File ignored by nanostat because it exceeded search pattern filesize limit: basic.css
[2026-05-28 13:51:24,256] multiqc                                            [DEBUG  ]  File ignored by ccs/v4 because it exceeded search pattern filesize limit: doctools.js
[2026-05-28 13:51:24,257] multiqc                                            [DEBUG  ]  File ignored by hicexplorer because it exceeded search pattern filesize limit: doctools.js
[2026-05-28 13:51:24,257] multiqc                                            [DEBUG  ]  File ignored by lima/summary because it exceeded search pattern filesize limit: doctools.js
[2026-05-28 13:51:24,259] multiqc                                            [DEBUG  ]  File ignored by longranger/invocation because it exceeded search pattern filesize limit: doctools.js
[2026-05-28 13:51:24,265] multiqc                                            [DEBUG  ]  File ignored by nanostat because it exceeded search pattern filesize limit: doctools.js
[2026-05-28 13:51:24,331] multiqc                                            [DEBUG  ]  File ignored by ccs/v4 because it exceeded search pattern filesize limit: jquery.js
[2026-05-28 13:51:24,332] multiqc                                            [DEBUG  ]  File ignored by hicexplorer because it exceeded search pattern filesize limit: jquery.js
[2026-05-28 13:51:24,332] multiqc                                            [DEBUG  ]  File ignored by lima/summary because it exceeded search pattern filesize limit: jquery.js
[2026-05-28 13:51:24,334] multiqc                                            [DEBUG  ]  File ignored by longranger/invocation because it exceeded search pattern filesize limit: jquery.js
[2026-05-28 13:51:24,343] multiqc                                            [DEBUG  ]  File ignored by nanostat because it exceeded search pattern filesize limit: jquery.js
[2026-05-28 13:51:24,381] multiqc                                            [DEBUG  ]  File ignored by ccs/v4 because it exceeded search pattern filesize limit: pygments.css
[2026-05-28 13:51:24,383] multiqc                                            [DEBUG  ]  File ignored by lima/summary because it exceeded search pattern filesize limit: pygments.css
[2026-05-28 13:51:24,384] multiqc                                            [DEBUG  ]  File ignored by longranger/invocation because it exceeded search pattern filesize limit: pygments.css
[2026-05-28 13:51:24,470] multiqc                                            [DEBUG  ]  File ignored by ccs/v4 because it exceeded search pattern filesize limit: searchtools.js
[2026-05-28 13:51:24,471] multiqc                                            [DEBUG  ]  File ignored by hicexplorer because it exceeded search pattern filesize limit: searchtools.js
[2026-05-28 13:51:24,471] multiqc                                            [DEBUG  ]  File ignored by lima/summary because it exceeded search pattern filesize limit: searchtools.js
[2026-05-28 13:51:24,473] multiqc                                            [DEBUG  ]  File ignored by longranger/invocation because it exceeded search pattern filesize limit: searchtools.js
[2026-05-28 13:51:24,489] multiqc                                            [DEBUG  ]  File ignored by nanostat because it exceeded search pattern filesize limit: searchtools.js
[2026-05-28 13:51:24,544] multiqc                                            [DEBUG  ]  File ignored by ccs/v4 because it exceeded search pattern filesize limit: underscore.js
[2026-05-28 13:51:24,545] multiqc                                            [DEBUG  ]  File ignored by hicexplorer because it exceeded search pattern filesize limit: underscore.js
[2026-05-28 13:51:24,545] multiqc                                            [DEBUG  ]  File ignored by lima/summary because it exceeded search pattern filesize limit: underscore.js
[2026-05-28 13:51:24,547] multiqc                                            [DEBUG  ]  File ignored by longranger/invocation because it exceeded search pattern filesize limit: underscore.js
[2026-05-28 13:51:24,550] multiqc                                            [DEBUG  ]  File ignored by nanostat because it exceeded search pattern filesize limit: underscore.js
[2026-05-28 13:51:24,858] multiqc                                            [DEBUG  ]  File ignored by ccs/v4 because it exceeded search pattern filesize limit: websupport.js
[2026-05-28 13:51:24,859] multiqc                                            [DEBUG  ]  File ignored by hicexplorer because it exceeded search pattern filesize limit: websupport.js
[2026-05-28 13:51:24,859] multiqc                                            [DEBUG  ]  File ignored by lima/summary because it exceeded search pattern filesize limit: websupport.js
[2026-05-28 13:51:24,861] multiqc                                            [DEBUG  ]  File ignored by longranger/invocation because it exceeded search pattern filesize limit: websupport.js
[2026-05-28 13:51:24,875] multiqc                                            [DEBUG  ]  File ignored by nanostat because it exceeded search pattern filesize limit: websupport.js
[2026-05-28 13:51:24,899] multiqc                                            [DEBUG  ]  File ignored by ccs/v4 because it exceeded search pattern filesize limit: coverage_profile_along_genes_(low).txt
[2026-05-28 13:51:24,900] multiqc                                            [DEBUG  ]  File ignored by lima/summary because it exceeded search pattern filesize limit: coverage_profile_along_genes_(low).txt
[2026-05-28 13:51:24,902] multiqc                                            [DEBUG  ]  File ignored by longranger/invocation because it exceeded search pattern filesize limit: coverage_profile_along_genes_(low).txt
[2026-05-28 13:51:24,998] multiqc                                            [DEBUG  ]  File ignored by ccs/v4 because it exceeded search pattern filesize limit: coverage_profile_along_genes_(high).txt
[2026-05-28 13:51:25,000] multiqc                                            [DEBUG  ]  File ignored by lima/summary because it exceeded search pattern filesize limit: coverage_profile_along_genes_(high).txt
[2026-05-28 13:51:25,001] multiqc                                            [DEBUG  ]  File ignored by longranger/invocation because it exceeded search pattern filesize limit: coverage_profile_along_genes_(high).txt
[2026-05-28 13:51:25,029] multiqc                                            [DEBUG  ]  File ignored by ccs/v4 because it exceeded search pattern filesize limit: qualimapReport.html
[2026-05-28 13:51:25,030] multiqc                                            [DEBUG  ]  File ignored by hicexplorer because it exceeded search pattern filesize limit: qualimapReport.html
[2026-05-28 13:51:25,030] multiqc                                            [DEBUG  ]  File ignored by lima/summary because it exceeded search pattern filesize limit: qualimapReport.html
[2026-05-28 13:51:25,032] multiqc                                            [DEBUG  ]  File ignored by longranger/invocation because it exceeded search pattern filesize limit: qualimapReport.html
[2026-05-28 13:51:25,041] multiqc                                            [DEBUG  ]  File ignored by nanostat because it exceeded search pattern filesize limit: qualimapReport.html
[2026-05-28 13:51:25,146] multiqc                                            [DEBUG  ]  File ignored by ccs/v4 because it exceeded search pattern filesize limit: agogo.css
[2026-05-28 13:51:25,147] multiqc                                            [DEBUG  ]  File ignored by hicexplorer because it exceeded search pattern filesize limit: agogo.css
[2026-05-28 13:51:25,147] multiqc                                            [DEBUG  ]  File ignored by lima/summary because it exceeded search pattern filesize limit: agogo.css
[2026-05-28 13:51:25,149] multiqc                                            [DEBUG  ]  File ignored by longranger/invocation because it exceeded search pattern filesize limit: agogo.css
[2026-05-28 13:51:25,158] multiqc                                            [DEBUG  ]  File ignored by nanostat because it exceeded search pattern filesize limit: agogo.css
[2026-05-28 13:51:25,165] multiqc                                            [DEBUG  ]  File ignored by ccs/v4 because it exceeded search pattern filesize limit: basic.css
[2026-05-28 13:51:25,166] multiqc                                            [DEBUG  ]  File ignored by hicexplorer because it exceeded search pattern filesize limit: basic.css
[2026-05-28 13:51:25,166] multiqc                                            [DEBUG  ]  File ignored by lima/summary because it exceeded search pattern filesize limit: basic.css
[2026-05-28 13:51:25,168] multiqc                                            [DEBUG  ]  File ignored by longranger/invocation because it exceeded search pattern filesize limit: basic.css
[2026-05-28 13:51:25,178] multiqc                                            [DEBUG  ]  File ignored by nanostat because it exceeded search pattern filesize limit: basic.css
[2026-05-28 13:51:25,190] multiqc                                            [DEBUG  ]  File ignored by ccs/v4 because it exceeded search pattern filesize limit: doctools.js
[2026-05-28 13:51:25,191] multiqc                                            [DEBUG  ]  File ignored by hicexplorer because it exceeded search pattern filesize limit: doctools.js
[2026-05-28 13:51:25,191] multiqc                                            [DEBUG  ]  File ignored by lima/summary because it exceeded search pattern filesize limit: doctools.js
[2026-05-28 13:51:25,195] multiqc                                            [DEBUG  ]  File ignored by longranger/invocation because it exceeded search pattern filesize limit: doctools.js
[2026-05-28 13:51:25,201] multiqc                                            [DEBUG  ]  File ignored by nanostat because it exceeded search pattern filesize limit: doctools.js
[2026-05-28 13:51:25,315] multiqc                                            [DEBUG  ]  File ignored by ccs/v4 because it exceeded search pattern filesize limit: jquery.js
[2026-05-28 13:51:25,316] multiqc                                            [DEBUG  ]  File ignored by hicexplorer because it exceeded search pattern filesize limit: jquery.js
[2026-05-28 13:51:25,316] multiqc                                            [DEBUG  ]  File ignored by lima/summary because it exceeded search pattern filesize limit: jquery.js
[2026-05-28 13:51:25,319] multiqc                                            [DEBUG  ]  File ignored by longranger/invocation because it exceeded search pattern filesize limit: jquery.js
[2026-05-28 13:51:25,327] multiqc                                            [DEBUG  ]  File ignored by nanostat because it exceeded search pattern filesize limit: jquery.js
[2026-05-28 13:51:25,334] multiqc                                            [DEBUG  ]  File ignored by ccs/v4 because it exceeded search pattern filesize limit: pygments.css
[2026-05-28 13:51:25,335] multiqc                                            [DEBUG  ]  File ignored by lima/summary because it exceeded search pattern filesize limit: pygments.css
[2026-05-28 13:51:25,337] multiqc                                            [DEBUG  ]  File ignored by longranger/invocation because it exceeded search pattern filesize limit: pygments.css
[2026-05-28 13:51:25,357] multiqc                                            [DEBUG  ]  File ignored by ccs/v4 because it exceeded search pattern filesize limit: searchtools.js
[2026-05-28 13:51:25,358] multiqc                                            [DEBUG  ]  File ignored by hicexplorer because it exceeded search pattern filesize limit: searchtools.js
[2026-05-28 13:51:25,359] multiqc                                            [DEBUG  ]  File ignored by lima/summary because it exceeded search pattern filesize limit: searchtools.js
[2026-05-28 13:51:25,361] multiqc                                            [DEBUG  ]  File ignored by longranger/invocation because it exceeded search pattern filesize limit: searchtools.js
[2026-05-28 13:51:25,371] multiqc                                            [DEBUG  ]  File ignored by nanostat because it exceeded search pattern filesize limit: searchtools.js
[2026-05-28 13:51:25,414] multiqc                                            [DEBUG  ]  File ignored by ccs/v4 because it exceeded search pattern filesize limit: underscore.js
[2026-05-28 13:51:25,415] multiqc                                            [DEBUG  ]  File ignored by hicexplorer because it exceeded search pattern filesize limit: underscore.js
[2026-05-28 13:51:25,415] multiqc                                            [DEBUG  ]  File ignored by lima/summary because it exceeded search pattern filesize limit: underscore.js
[2026-05-28 13:51:25,417] multiqc                                            [DEBUG  ]  File ignored by longranger/invocation because it exceeded search pattern filesize limit: underscore.js
[2026-05-28 13:51:25,420] multiqc                                            [DEBUG  ]  File ignored by nanostat because it exceeded search pattern filesize limit: underscore.js
[2026-05-28 13:51:25,428] multiqc                                            [DEBUG  ]  File ignored by ccs/v4 because it exceeded search pattern filesize limit: websupport.js
[2026-05-28 13:51:25,429] multiqc                                            [DEBUG  ]  File ignored by hicexplorer because it exceeded search pattern filesize limit: websupport.js
[2026-05-28 13:51:25,429] multiqc                                            [DEBUG  ]  File ignored by lima/summary because it exceeded search pattern filesize limit: websupport.js
[2026-05-28 13:51:25,431] multiqc                                            [DEBUG  ]  File ignored by longranger/invocation because it exceeded search pattern filesize limit: websupport.js
[2026-05-28 13:51:25,445] multiqc                                            [DEBUG  ]  File ignored by nanostat because it exceeded search pattern filesize limit: websupport.js
[2026-05-28 13:51:25,469] multiqc                                            [DEBUG  ]  File ignored by ccs/v4 because it exceeded search pattern filesize limit: coverage_profile_along_genes_(low).txt
[2026-05-28 13:51:25,470] multiqc                                            [DEBUG  ]  File ignored by lima/summary because it exceeded search pattern filesize limit: coverage_profile_along_genes_(low).txt
[2026-05-28 13:51:25,472] multiqc                                            [DEBUG  ]  File ignored by longranger/invocation because it exceeded search pattern filesize limit: coverage_profile_along_genes_(low).txt
[2026-05-28 13:51:25,481] multiqc                                            [DEBUG  ]  File ignored by ccs/v4 because it exceeded search pattern filesize limit: coverage_profile_along_genes_(high).txt
[2026-05-28 13:51:25,482] multiqc                                            [DEBUG  ]  File ignored by lima/summary because it exceeded search pattern filesize limit: coverage_profile_along_genes_(high).txt
[2026-05-28 13:51:25,484] multiqc                                            [DEBUG  ]  File ignored by longranger/invocation because it exceeded search pattern filesize limit: coverage_profile_along_genes_(high).txt
[2026-05-28 13:51:25,570] multiqc                                            [DEBUG  ]  File ignored by ccs/v4 because it exceeded search pattern filesize limit: qualimapReport.html
[2026-05-28 13:51:25,571] multiqc                                            [DEBUG  ]  File ignored by hicexplorer because it exceeded search pattern filesize limit: qualimapReport.html
[2026-05-28 13:51:25,571] multiqc                                            [DEBUG  ]  File ignored by lima/summary because it exceeded search pattern filesize limit: qualimapReport.html
[2026-05-28 13:51:25,573] multiqc                                            [DEBUG  ]  File ignored by longranger/invocation because it exceeded search pattern filesize limit: qualimapReport.html
[2026-05-28 13:51:25,580] multiqc                                            [DEBUG  ]  File ignored by nanostat because it exceeded search pattern filesize limit: qualimapReport.html
[2026-05-28 13:51:25,623] multiqc                                            [DEBUG  ]  File ignored by ccs/v4 because it exceeded search pattern filesize limit: agogo.css
[2026-05-28 13:51:25,624] multiqc                                            [DEBUG  ]  File ignored by hicexplorer because it exceeded search pattern filesize limit: agogo.css
[2026-05-28 13:51:25,624] multiqc                                            [DEBUG  ]  File ignored by lima/summary because it exceeded search pattern filesize limit: agogo.css
[2026-05-28 13:51:25,626] multiqc                                            [DEBUG  ]  File ignored by longranger/invocation because it exceeded search pattern filesize limit: agogo.css
[2026-05-28 13:51:25,638] multiqc                                            [DEBUG  ]  File ignored by nanostat because it exceeded search pattern filesize limit: agogo.css
[2026-05-28 13:51:25,645] multiqc                                            [DEBUG  ]  File ignored by ccs/v4 because it exceeded search pattern filesize limit: basic.css
[2026-05-28 13:51:25,646] multiqc                                            [DEBUG  ]  File ignored by hicexplorer because it exceeded search pattern filesize limit: basic.css
[2026-05-28 13:51:25,646] multiqc                                            [DEBUG  ]  File ignored by lima/summary because it exceeded search pattern filesize limit: basic.css
[2026-05-28 13:51:25,648] multiqc                                            [DEBUG  ]  File ignored by longranger/invocation because it exceeded search pattern filesize limit: basic.css
[2026-05-28 13:51:25,659] multiqc                                            [DEBUG  ]  File ignored by nanostat because it exceeded search pattern filesize limit: basic.css
[2026-05-28 13:51:25,672] multiqc                                            [DEBUG  ]  File ignored by ccs/v4 because it exceeded search pattern filesize limit: doctools.js
[2026-05-28 13:51:25,673] multiqc                                            [DEBUG  ]  File ignored by hicexplorer because it exceeded search pattern filesize limit: doctools.js
[2026-05-28 13:51:25,673] multiqc                                            [DEBUG  ]  File ignored by lima/summary because it exceeded search pattern filesize limit: doctools.js
[2026-05-28 13:51:25,675] multiqc                                            [DEBUG  ]  File ignored by longranger/invocation because it exceeded search pattern filesize limit: doctools.js
[2026-05-28 13:51:25,681] multiqc                                            [DEBUG  ]  File ignored by nanostat because it exceeded search pattern filesize limit: doctools.js
[2026-05-28 13:51:25,707] multiqc                                            [DEBUG  ]  File ignored by ccs/v4 because it exceeded search pattern filesize limit: jquery.js
[2026-05-28 13:51:25,708] multiqc                                            [DEBUG  ]  File ignored by hicexplorer because it exceeded search pattern filesize limit: jquery.js
[2026-05-28 13:51:25,709] multiqc                                            [DEBUG  ]  File ignored by lima/summary because it exceeded search pattern filesize limit: jquery.js
[2026-05-28 13:51:25,711] multiqc                                            [DEBUG  ]  File ignored by longranger/invocation because it exceeded search pattern filesize limit: jquery.js
[2026-05-28 13:51:25,718] multiqc                                            [DEBUG  ]  File ignored by nanostat because it exceeded search pattern filesize limit: jquery.js
[2026-05-28 13:51:25,743] multiqc                                            [DEBUG  ]  File ignored by ccs/v4 because it exceeded search pattern filesize limit: pygments.css
[2026-05-28 13:51:25,744] multiqc                                            [DEBUG  ]  File ignored by lima/summary because it exceeded search pattern filesize limit: pygments.css
[2026-05-28 13:51:25,746] multiqc                                            [DEBUG  ]  File ignored by longranger/invocation because it exceeded search pattern filesize limit: pygments.css
[2026-05-28 13:51:25,794] multiqc                                            [DEBUG  ]  File ignored by ccs/v4 because it exceeded search pattern filesize limit: searchtools.js
[2026-05-28 13:51:25,795] multiqc                                            [DEBUG  ]  File ignored by hicexplorer because it exceeded search pattern filesize limit: searchtools.js
[2026-05-28 13:51:25,795] multiqc                                            [DEBUG  ]  File ignored by lima/summary because it exceeded search pattern filesize limit: searchtools.js
[2026-05-28 13:51:25,797] multiqc                                            [DEBUG  ]  File ignored by longranger/invocation because it exceeded search pattern filesize limit: searchtools.js
[2026-05-28 13:51:25,809] multiqc                                            [DEBUG  ]  File ignored by nanostat because it exceeded search pattern filesize limit: searchtools.js
[2026-05-28 13:51:25,829] multiqc                                            [DEBUG  ]  File ignored by ccs/v4 because it exceeded search pattern filesize limit: underscore.js
[2026-05-28 13:51:25,831] multiqc                                            [DEBUG  ]  File ignored by hicexplorer because it exceeded search pattern filesize limit: underscore.js
[2026-05-28 13:51:25,831] multiqc                                            [DEBUG  ]  File ignored by lima/summary because it exceeded search pattern filesize limit: underscore.js
[2026-05-28 13:51:25,833] multiqc                                            [DEBUG  ]  File ignored by longranger/invocation because it exceeded search pattern filesize limit: underscore.js
[2026-05-28 13:51:25,837] multiqc                                            [DEBUG  ]  File ignored by nanostat because it exceeded search pattern filesize limit: underscore.js
[2026-05-28 13:51:25,845] multiqc                                            [DEBUG  ]  File ignored by ccs/v4 because it exceeded search pattern filesize limit: websupport.js
[2026-05-28 13:51:25,845] multiqc                                            [DEBUG  ]  File ignored by hicexplorer because it exceeded search pattern filesize limit: websupport.js
[2026-05-28 13:51:25,846] multiqc                                            [DEBUG  ]  File ignored by lima/summary because it exceeded search pattern filesize limit: websupport.js
[2026-05-28 13:51:25,848] multiqc                                            [DEBUG  ]  File ignored by longranger/invocation because it exceeded search pattern filesize limit: websupport.js
[2026-05-28 13:51:25,862] multiqc                                            [DEBUG  ]  File ignored by nanostat because it exceeded search pattern filesize limit: websupport.js
[2026-05-28 13:51:25,869] multiqc                                            [DEBUG  ]  File ignored by ccs/v4 because it exceeded search pattern filesize limit: coverage_profile_along_genes_(low).txt
[2026-05-28 13:51:25,870] multiqc                                            [DEBUG  ]  File ignored by lima/summary because it exceeded search pattern filesize limit: coverage_profile_along_genes_(low).txt
[2026-05-28 13:51:25,872] multiqc                                            [DEBUG  ]  File ignored by longranger/invocation because it exceeded search pattern filesize limit: coverage_profile_along_genes_(low).txt
[2026-05-28 13:51:25,881] multiqc                                            [DEBUG  ]  File ignored by ccs/v4 because it exceeded search pattern filesize limit: coverage_profile_along_genes_(high).txt
[2026-05-28 13:51:25,882] multiqc                                            [DEBUG  ]  File ignored by lima/summary because it exceeded search pattern filesize limit: coverage_profile_along_genes_(high).txt
[2026-05-28 13:51:25,884] multiqc                                            [DEBUG  ]  File ignored by longranger/invocation because it exceeded search pattern filesize limit: coverage_profile_along_genes_(high).txt
[2026-05-28 13:51:25,918] multiqc                                            [DEBUG  ]  File ignored by ccs/v4 because it exceeded search pattern filesize limit: qualimapReport.html
[2026-05-28 13:51:25,919] multiqc                                            [DEBUG  ]  File ignored by hicexplorer because it exceeded search pattern filesize limit: qualimapReport.html
[2026-05-28 13:51:25,919] multiqc                                            [DEBUG  ]  File ignored by lima/summary because it exceeded search pattern filesize limit: qualimapReport.html
[2026-05-28 13:51:25,921] multiqc                                            [DEBUG  ]  File ignored by longranger/invocation because it exceeded search pattern filesize limit: qualimapReport.html
[2026-05-28 13:51:25,928] multiqc                                            [DEBUG  ]  File ignored by nanostat because it exceeded search pattern filesize limit: qualimapReport.html
[2026-05-28 13:51:25,957] multiqc                                            [DEBUG  ]  File ignored by ccs/v4 because it exceeded search pattern filesize limit: agogo.css
[2026-05-28 13:51:25,958] multiqc                                            [DEBUG  ]  File ignored by hicexplorer because it exceeded search pattern filesize limit: agogo.css
[2026-05-28 13:51:25,958] multiqc                                            [DEBUG  ]  File ignored by lima/summary because it exceeded search pattern filesize limit: agogo.css
[2026-05-28 13:51:25,960] multiqc                                            [DEBUG  ]  File ignored by longranger/invocation because it exceeded search pattern filesize limit: agogo.css
[2026-05-28 13:51:25,969] multiqc                                            [DEBUG  ]  File ignored by nanostat because it exceeded search pattern filesize limit: agogo.css
[2026-05-28 13:51:26,029] multiqc                                            [DEBUG  ]  File ignored by ccs/v4 because it exceeded search pattern filesize limit: basic.css
[2026-05-28 13:51:26,030] multiqc                                            [DEBUG  ]  File ignored by hicexplorer because it exceeded search pattern filesize limit: basic.css
[2026-05-28 13:51:26,030] multiqc                                            [DEBUG  ]  File ignored by lima/summary because it exceeded search pattern filesize limit: basic.css
[2026-05-28 13:51:26,032] multiqc                                            [DEBUG  ]  File ignored by longranger/invocation because it exceeded search pattern filesize limit: basic.css
[2026-05-28 13:51:26,044] multiqc                                            [DEBUG  ]  File ignored by nanostat because it exceeded search pattern filesize limit: basic.css
[2026-05-28 13:51:26,071] multiqc                                            [DEBUG  ]  File ignored by ccs/v4 because it exceeded search pattern filesize limit: doctools.js
[2026-05-28 13:51:26,072] multiqc                                            [DEBUG  ]  File ignored by hicexplorer because it exceeded search pattern filesize limit: doctools.js
[2026-05-28 13:51:26,073] multiqc                                            [DEBUG  ]  File ignored by lima/summary because it exceeded search pattern filesize limit: doctools.js
[2026-05-28 13:51:26,074] multiqc                                            [DEBUG  ]  File ignored by longranger/invocation because it exceeded search pattern filesize limit: doctools.js
[2026-05-28 13:51:26,080] multiqc                                            [DEBUG  ]  File ignored by nanostat because it exceeded search pattern filesize limit: doctools.js
[2026-05-28 13:51:26,222] multiqc                                            [DEBUG  ]  File ignored by ccs/v4 because it exceeded search pattern filesize limit: jquery.js
[2026-05-28 13:51:26,223] multiqc                                            [DEBUG  ]  File ignored by hicexplorer because it exceeded search pattern filesize limit: jquery.js
[2026-05-28 13:51:26,224] multiqc                                            [DEBUG  ]  File ignored by lima/summary because it exceeded search pattern filesize limit: jquery.js
[2026-05-28 13:51:26,226] multiqc                                            [DEBUG  ]  File ignored by longranger/invocation because it exceeded search pattern filesize limit: jquery.js
[2026-05-28 13:51:26,233] multiqc                                            [DEBUG  ]  File ignored by nanostat because it exceeded search pattern filesize limit: jquery.js
[2026-05-28 13:51:26,255] multiqc                                            [DEBUG  ]  File ignored by ccs/v4 because it exceeded search pattern filesize limit: pygments.css
[2026-05-28 13:51:26,256] multiqc                                            [DEBUG  ]  File ignored by lima/summary because it exceeded search pattern filesize limit: pygments.css
[2026-05-28 13:51:26,258] multiqc                                            [DEBUG  ]  File ignored by longranger/invocation because it exceeded search pattern filesize limit: pygments.css
[2026-05-28 13:51:26,356] multiqc                                            [DEBUG  ]  File ignored by ccs/v4 because it exceeded search pattern filesize limit: searchtools.js
[2026-05-28 13:51:26,358] multiqc                                            [DEBUG  ]  File ignored by hicexplorer because it exceeded search pattern filesize limit: searchtools.js
[2026-05-28 13:51:26,358] multiqc                                            [DEBUG  ]  File ignored by lima/summary because it exceeded search pattern filesize limit: searchtools.js
[2026-05-28 13:51:26,360] multiqc                                            [DEBUG  ]  File ignored by longranger/invocation because it exceeded search pattern filesize limit: searchtools.js
[2026-05-28 13:51:26,373] multiqc                                            [DEBUG  ]  File ignored by nanostat because it exceeded search pattern filesize limit: searchtools.js
[2026-05-28 13:51:26,404] multiqc                                            [DEBUG  ]  File ignored by ccs/v4 because it exceeded search pattern filesize limit: underscore.js
[2026-05-28 13:51:26,406] multiqc                                            [DEBUG  ]  File ignored by hicexplorer because it exceeded search pattern filesize limit: underscore.js
[2026-05-28 13:51:26,406] multiqc                                            [DEBUG  ]  File ignored by lima/summary because it exceeded search pattern filesize limit: underscore.js
[2026-05-28 13:51:26,408] multiqc                                            [DEBUG  ]  File ignored by longranger/invocation because it exceeded search pattern filesize limit: underscore.js
[2026-05-28 13:51:26,412] multiqc                                            [DEBUG  ]  File ignored by nanostat because it exceeded search pattern filesize limit: underscore.js
[2026-05-28 13:51:26,465] multiqc                                            [DEBUG  ]  File ignored by ccs/v4 because it exceeded search pattern filesize limit: websupport.js
[2026-05-28 13:51:26,467] multiqc                                            [DEBUG  ]  File ignored by hicexplorer because it exceeded search pattern filesize limit: websupport.js
[2026-05-28 13:51:26,467] multiqc                                            [DEBUG  ]  File ignored by lima/summary because it exceeded search pattern filesize limit: websupport.js
[2026-05-28 13:51:26,469] multiqc                                            [DEBUG  ]  File ignored by longranger/invocation because it exceeded search pattern filesize limit: websupport.js
[2026-05-28 13:51:26,488] multiqc                                            [DEBUG  ]  File ignored by nanostat because it exceeded search pattern filesize limit: websupport.js
[2026-05-28 13:51:26,556] multiqc                                            [DEBUG  ]  File ignored by ccs/v4 because it exceeded search pattern filesize limit: coverage_profile_along_genes_(low).txt
[2026-05-28 13:51:26,557] multiqc                                            [DEBUG  ]  File ignored by lima/summary because it exceeded search pattern filesize limit: coverage_profile_along_genes_(low).txt
[2026-05-28 13:51:26,559] multiqc                                            [DEBUG  ]  File ignored by longranger/invocation because it exceeded search pattern filesize limit: coverage_profile_along_genes_(low).txt
[2026-05-28 13:51:26,617] multiqc                                            [DEBUG  ]  File ignored by ccs/v4 because it exceeded search pattern filesize limit: coverage_profile_along_genes_(high).txt
[2026-05-28 13:51:26,619] multiqc                                            [DEBUG  ]  File ignored by lima/summary because it exceeded search pattern filesize limit: coverage_profile_along_genes_(high).txt
[2026-05-28 13:51:26,621] multiqc                                            [DEBUG  ]  File ignored by longranger/invocation because it exceeded search pattern filesize limit: coverage_profile_along_genes_(high).txt
[2026-05-28 13:51:26,686] multiqc                                            [DEBUG  ]  File ignored by ccs/v4 because it exceeded search pattern filesize limit: qualimapReport.html
[2026-05-28 13:51:26,687] multiqc                                            [DEBUG  ]  File ignored by hicexplorer because it exceeded search pattern filesize limit: qualimapReport.html
[2026-05-28 13:51:26,687] multiqc                                            [DEBUG  ]  File ignored by lima/summary because it exceeded search pattern filesize limit: qualimapReport.html
[2026-05-28 13:51:26,690] multiqc                                            [DEBUG  ]  File ignored by longranger/invocation because it exceeded search pattern filesize limit: qualimapReport.html
[2026-05-28 13:51:26,697] multiqc                                            [DEBUG  ]  File ignored by nanostat because it exceeded search pattern filesize limit: qualimapReport.html
[2026-05-28 13:51:26,731] multiqc                                            [DEBUG  ]  File ignored by ccs/v4 because it exceeded search pattern filesize limit: agogo.css
[2026-05-28 13:51:26,733] multiqc                                            [DEBUG  ]  File ignored by hicexplorer because it exceeded search pattern filesize limit: agogo.css
[2026-05-28 13:51:26,733] multiqc                                            [DEBUG  ]  File ignored by lima/summary because it exceeded search pattern filesize limit: agogo.css
[2026-05-28 13:51:26,735] multiqc                                            [DEBUG  ]  File ignored by longranger/invocation because it exceeded search pattern filesize limit: agogo.css
[2026-05-28 13:51:26,744] multiqc                                            [DEBUG  ]  File ignored by nanostat because it exceeded search pattern filesize limit: agogo.css
[2026-05-28 13:51:26,750] multiqc                                            [DEBUG  ]  File ignored by ccs/v4 because it exceeded search pattern filesize limit: basic.css
[2026-05-28 13:51:26,751] multiqc                                            [DEBUG  ]  File ignored by hicexplorer because it exceeded search pattern filesize limit: basic.css
[2026-05-28 13:51:26,751] multiqc                                            [DEBUG  ]  File ignored by lima/summary because it exceeded search pattern filesize limit: basic.css
[2026-05-28 13:51:26,753] multiqc                                            [DEBUG  ]  File ignored by longranger/invocation because it exceeded search pattern filesize limit: basic.css
[2026-05-28 13:51:26,763] multiqc                                            [DEBUG  ]  File ignored by nanostat because it exceeded search pattern filesize limit: basic.css
[2026-05-28 13:51:26,786] multiqc                                            [DEBUG  ]  File ignored by ccs/v4 because it exceeded search pattern filesize limit: doctools.js
[2026-05-28 13:51:26,787] multiqc                                            [DEBUG  ]  File ignored by hicexplorer because it exceeded search pattern filesize limit: doctools.js
[2026-05-28 13:51:26,787] multiqc                                            [DEBUG  ]  File ignored by lima/summary because it exceeded search pattern filesize limit: doctools.js
[2026-05-28 13:51:26,789] multiqc                                            [DEBUG  ]  File ignored by longranger/invocation because it exceeded search pattern filesize limit: doctools.js
[2026-05-28 13:51:26,794] multiqc                                            [DEBUG  ]  File ignored by nanostat because it exceeded search pattern filesize limit: doctools.js
[2026-05-28 13:51:26,824] multiqc                                            [DEBUG  ]  File ignored by ccs/v4 because it exceeded search pattern filesize limit: jquery.js
[2026-05-28 13:51:26,825] multiqc                                            [DEBUG  ]  File ignored by hicexplorer because it exceeded search pattern filesize limit: jquery.js
[2026-05-28 13:51:26,825] multiqc                                            [DEBUG  ]  File ignored by lima/summary because it exceeded search pattern filesize limit: jquery.js
[2026-05-28 13:51:26,827] multiqc                                            [DEBUG  ]  File ignored by longranger/invocation because it exceeded search pattern filesize limit: jquery.js
[2026-05-28 13:51:26,836] multiqc                                            [DEBUG  ]  File ignored by nanostat because it exceeded search pattern filesize limit: jquery.js
[2026-05-28 13:51:26,859] multiqc                                            [DEBUG  ]  File ignored by ccs/v4 because it exceeded search pattern filesize limit: pygments.css
[2026-05-28 13:51:26,860] multiqc                                            [DEBUG  ]  File ignored by lima/summary because it exceeded search pattern filesize limit: pygments.css
[2026-05-28 13:51:26,862] multiqc                                            [DEBUG  ]  File ignored by longranger/invocation because it exceeded search pattern filesize limit: pygments.css
[2026-05-28 13:51:26,882] multiqc                                            [DEBUG  ]  File ignored by ccs/v4 because it exceeded search pattern filesize limit: searchtools.js
[2026-05-28 13:51:26,883] multiqc                                            [DEBUG  ]  File ignored by hicexplorer because it exceeded search pattern filesize limit: searchtools.js
[2026-05-28 13:51:26,884] multiqc                                            [DEBUG  ]  File ignored by lima/summary because it exceeded search pattern filesize limit: searchtools.js
[2026-05-28 13:51:26,886] multiqc                                            [DEBUG  ]  File ignored by longranger/invocation because it exceeded search pattern filesize limit: searchtools.js
[2026-05-28 13:51:26,897] multiqc                                            [DEBUG  ]  File ignored by nanostat because it exceeded search pattern filesize limit: searchtools.js
[2026-05-28 13:51:26,927] multiqc                                            [DEBUG  ]  File ignored by ccs/v4 because it exceeded search pattern filesize limit: underscore.js
[2026-05-28 13:51:26,928] multiqc                                            [DEBUG  ]  File ignored by hicexplorer because it exceeded search pattern filesize limit: underscore.js
[2026-05-28 13:51:26,928] multiqc                                            [DEBUG  ]  File ignored by lima/summary because it exceeded search pattern filesize limit: underscore.js
[2026-05-28 13:51:26,930] multiqc                                            [DEBUG  ]  File ignored by longranger/invocation because it exceeded search pattern filesize limit: underscore.js
[2026-05-28 13:51:26,936] multiqc                                            [DEBUG  ]  File ignored by nanostat because it exceeded search pattern filesize limit: underscore.js
[2026-05-28 13:51:26,957] multiqc                                            [DEBUG  ]  File ignored by ccs/v4 because it exceeded search pattern filesize limit: websupport.js
[2026-05-28 13:51:26,958] multiqc                                            [DEBUG  ]  File ignored by hicexplorer because it exceeded search pattern filesize limit: websupport.js
[2026-05-28 13:51:26,958] multiqc                                            [DEBUG  ]  File ignored by lima/summary because it exceeded search pattern filesize limit: websupport.js
[2026-05-28 13:51:26,960] multiqc                                            [DEBUG  ]  File ignored by longranger/invocation because it exceeded search pattern filesize limit: websupport.js
[2026-05-28 13:51:26,975] multiqc                                            [DEBUG  ]  File ignored by nanostat because it exceeded search pattern filesize limit: websupport.js
[2026-05-28 13:51:26,997] multiqc                                            [DEBUG  ]  File ignored by ccs/v4 because it exceeded search pattern filesize limit: coverage_profile_along_genes_(low).txt
[2026-05-28 13:51:26,999] multiqc                                            [DEBUG  ]  File ignored by lima/summary because it exceeded search pattern filesize limit: coverage_profile_along_genes_(low).txt
[2026-05-28 13:51:27,001] multiqc                                            [DEBUG  ]  File ignored by longranger/invocation because it exceeded search pattern filesize limit: coverage_profile_along_genes_(low).txt
[2026-05-28 13:51:27,010] multiqc                                            [DEBUG  ]  File ignored by ccs/v4 because it exceeded search pattern filesize limit: coverage_profile_along_genes_(high).txt
[2026-05-28 13:51:27,011] multiqc                                            [DEBUG  ]  File ignored by lima/summary because it exceeded search pattern filesize limit: coverage_profile_along_genes_(high).txt
[2026-05-28 13:51:27,013] multiqc                                            [DEBUG  ]  File ignored by longranger/invocation because it exceeded search pattern filesize limit: coverage_profile_along_genes_(high).txt
[2026-05-28 13:51:27,060] multiqc                                            [DEBUG  ]  File ignored by ccs/v4 because it exceeded search pattern filesize limit: qualimapReport.html
[2026-05-28 13:51:27,061] multiqc                                            [DEBUG  ]  File ignored by hicexplorer because it exceeded search pattern filesize limit: qualimapReport.html
[2026-05-28 13:51:27,062] multiqc                                            [DEBUG  ]  File ignored by lima/summary because it exceeded search pattern filesize limit: qualimapReport.html
[2026-05-28 13:51:27,064] multiqc                                            [DEBUG  ]  File ignored by longranger/invocation because it exceeded search pattern filesize limit: qualimapReport.html
[2026-05-28 13:51:27,071] multiqc                                            [DEBUG  ]  File ignored by nanostat because it exceeded search pattern filesize limit: qualimapReport.html
[2026-05-28 13:51:27,108] multiqc                                            [DEBUG  ]  File ignored by ccs/v4 because it exceeded search pattern filesize limit: agogo.css
[2026-05-28 13:51:27,109] multiqc                                            [DEBUG  ]  File ignored by hicexplorer because it exceeded search pattern filesize limit: agogo.css
[2026-05-28 13:51:27,110] multiqc                                            [DEBUG  ]  File ignored by lima/summary because it exceeded search pattern filesize limit: agogo.css
[2026-05-28 13:51:27,111] multiqc                                            [DEBUG  ]  File ignored by longranger/invocation because it exceeded search pattern filesize limit: agogo.css
[2026-05-28 13:51:27,120] multiqc                                            [DEBUG  ]  File ignored by nanostat because it exceeded search pattern filesize limit: agogo.css
[2026-05-28 13:51:27,197] multiqc                                            [DEBUG  ]  File ignored by ccs/v4 because it exceeded search pattern filesize limit: basic.css
[2026-05-28 13:51:27,198] multiqc                                            [DEBUG  ]  File ignored by hicexplorer because it exceeded search pattern filesize limit: basic.css
[2026-05-28 13:51:27,198] multiqc                                            [DEBUG  ]  File ignored by lima/summary because it exceeded search pattern filesize limit: basic.css
[2026-05-28 13:51:27,200] multiqc                                            [DEBUG  ]  File ignored by longranger/invocation because it exceeded search pattern filesize limit: basic.css
[2026-05-28 13:51:27,211] multiqc                                            [DEBUG  ]  File ignored by nanostat because it exceeded search pattern filesize limit: basic.css
[2026-05-28 13:51:27,265] multiqc                                            [DEBUG  ]  File ignored by ccs/v4 because it exceeded search pattern filesize limit: doctools.js
[2026-05-28 13:51:27,266] multiqc                                            [DEBUG  ]  File ignored by hicexplorer because it exceeded search pattern filesize limit: doctools.js
[2026-05-28 13:51:27,266] multiqc                                            [DEBUG  ]  File ignored by lima/summary because it exceeded search pattern filesize limit: doctools.js
[2026-05-28 13:51:27,268] multiqc                                            [DEBUG  ]  File ignored by longranger/invocation because it exceeded search pattern filesize limit: doctools.js
[2026-05-28 13:51:27,274] multiqc                                            [DEBUG  ]  File ignored by nanostat because it exceeded search pattern filesize limit: doctools.js
[2026-05-28 13:51:27,353] multiqc                                            [DEBUG  ]  File ignored by ccs/v4 because it exceeded search pattern filesize limit: jquery.js
[2026-05-28 13:51:27,355] multiqc                                            [DEBUG  ]  File ignored by hicexplorer because it exceeded search pattern filesize limit: jquery.js
[2026-05-28 13:51:27,355] multiqc                                            [DEBUG  ]  File ignored by lima/summary because it exceeded search pattern filesize limit: jquery.js
[2026-05-28 13:51:27,357] multiqc                                            [DEBUG  ]  File ignored by longranger/invocation because it exceeded search pattern filesize limit: jquery.js
[2026-05-28 13:51:27,366] multiqc                                            [DEBUG  ]  File ignored by nanostat because it exceeded search pattern filesize limit: jquery.js
[2026-05-28 13:51:27,450] multiqc                                            [DEBUG  ]  File ignored by ccs/v4 because it exceeded search pattern filesize limit: pygments.css
[2026-05-28 13:51:27,452] multiqc                                            [DEBUG  ]  File ignored by lima/summary because it exceeded search pattern filesize limit: pygments.css
[2026-05-28 13:51:27,453] multiqc                                            [DEBUG  ]  File ignored by longranger/invocation because it exceeded search pattern filesize limit: pygments.css
[2026-05-28 13:51:27,492] multiqc                                            [DEBUG  ]  File ignored by ccs/v4 because it exceeded search pattern filesize limit: searchtools.js
[2026-05-28 13:51:27,493] multiqc                                            [DEBUG  ]  File ignored by hicexplorer because it exceeded search pattern filesize limit: searchtools.js
[2026-05-28 13:51:27,493] multiqc                                            [DEBUG  ]  File ignored by lima/summary because it exceeded search pattern filesize limit: searchtools.js
[2026-05-28 13:51:27,495] multiqc                                            [DEBUG  ]  File ignored by longranger/invocation because it exceeded search pattern filesize limit: searchtools.js
[2026-05-28 13:51:27,512] multiqc                                            [DEBUG  ]  File ignored by nanostat because it exceeded search pattern filesize limit: searchtools.js
[2026-05-28 13:51:27,520] multiqc                                            [DEBUG  ]  File ignored by ccs/v4 because it exceeded search pattern filesize limit: underscore.js
[2026-05-28 13:51:27,521] multiqc                                            [DEBUG  ]  File ignored by hicexplorer because it exceeded search pattern filesize limit: underscore.js
[2026-05-28 13:51:27,521] multiqc                                            [DEBUG  ]  File ignored by lima/summary because it exceeded search pattern filesize limit: underscore.js
[2026-05-28 13:51:27,523] multiqc                                            [DEBUG  ]  File ignored by longranger/invocation because it exceeded search pattern filesize limit: underscore.js
[2026-05-28 13:51:27,527] multiqc                                            [DEBUG  ]  File ignored by nanostat because it exceeded search pattern filesize limit: underscore.js
[2026-05-28 13:51:27,571] multiqc                                            [DEBUG  ]  File ignored by ccs/v4 because it exceeded search pattern filesize limit: websupport.js
[2026-05-28 13:51:27,572] multiqc                                            [DEBUG  ]  File ignored by hicexplorer because it exceeded search pattern filesize limit: websupport.js
[2026-05-28 13:51:27,572] multiqc                                            [DEBUG  ]  File ignored by lima/summary because it exceeded search pattern filesize limit: websupport.js
[2026-05-28 13:51:27,574] multiqc                                            [DEBUG  ]  File ignored by longranger/invocation because it exceeded search pattern filesize limit: websupport.js
[2026-05-28 13:51:27,588] multiqc                                            [DEBUG  ]  File ignored by nanostat because it exceeded search pattern filesize limit: websupport.js
[2026-05-28 13:51:27,620] multiqc                                            [DEBUG  ]  File ignored by ccs/v4 because it exceeded search pattern filesize limit: coverage_profile_along_genes_(low).txt
[2026-05-28 13:51:27,621] multiqc                                            [DEBUG  ]  File ignored by lima/summary because it exceeded search pattern filesize limit: coverage_profile_along_genes_(low).txt
[2026-05-28 13:51:27,623] multiqc                                            [DEBUG  ]  File ignored by longranger/invocation because it exceeded search pattern filesize limit: coverage_profile_along_genes_(low).txt
[2026-05-28 13:51:27,631] multiqc                                            [DEBUG  ]  File ignored by ccs/v4 because it exceeded search pattern filesize limit: coverage_profile_along_genes_(high).txt
[2026-05-28 13:51:27,632] multiqc                                            [DEBUG  ]  File ignored by lima/summary because it exceeded search pattern filesize limit: coverage_profile_along_genes_(high).txt
[2026-05-28 13:51:27,634] multiqc                                            [DEBUG  ]  File ignored by longranger/invocation because it exceeded search pattern filesize limit: coverage_profile_along_genes_(high).txt
[2026-05-28 13:51:27,671] multiqc                                            [DEBUG  ]  File ignored by ccs/v4 because it exceeded search pattern filesize limit: qualimapReport.html
[2026-05-28 13:51:27,672] multiqc                                            [DEBUG  ]  File ignored by hicexplorer because it exceeded search pattern filesize limit: qualimapReport.html
[2026-05-28 13:51:27,672] multiqc                                            [DEBUG  ]  File ignored by lima/summary because it exceeded search pattern filesize limit: qualimapReport.html
[2026-05-28 13:51:27,674] multiqc                                            [DEBUG  ]  File ignored by longranger/invocation because it exceeded search pattern filesize limit: qualimapReport.html
[2026-05-28 13:51:27,682] multiqc                                            [DEBUG  ]  File ignored by nanostat because it exceeded search pattern filesize limit: qualimapReport.html
[2026-05-28 13:51:27,800] multiqc                                            [DEBUG  ]  File ignored by ccs/v4 because it exceeded search pattern filesize limit: agogo.css
[2026-05-28 13:51:27,801] multiqc                                            [DEBUG  ]  File ignored by hicexplorer because it exceeded search pattern filesize limit: agogo.css
[2026-05-28 13:51:27,801] multiqc                                            [DEBUG  ]  File ignored by lima/summary because it exceeded search pattern filesize limit: agogo.css
[2026-05-28 13:51:27,803] multiqc                                            [DEBUG  ]  File ignored by longranger/invocation because it exceeded search pattern filesize limit: agogo.css
[2026-05-28 13:51:27,812] multiqc                                            [DEBUG  ]  File ignored by nanostat because it exceeded search pattern filesize limit: agogo.css
[2026-05-28 13:51:27,912] multiqc                                            [DEBUG  ]  File ignored by ccs/v4 because it exceeded search pattern filesize limit: basic.css
[2026-05-28 13:51:27,913] multiqc                                            [DEBUG  ]  File ignored by hicexplorer because it exceeded search pattern filesize limit: basic.css
[2026-05-28 13:51:27,913] multiqc                                            [DEBUG  ]  File ignored by lima/summary because it exceeded search pattern filesize limit: basic.css
[2026-05-28 13:51:27,915] multiqc                                            [DEBUG  ]  File ignored by longranger/invocation because it exceeded search pattern filesize limit: basic.css
[2026-05-28 13:51:27,927] multiqc                                            [DEBUG  ]  File ignored by nanostat because it exceeded search pattern filesize limit: basic.css
[2026-05-28 13:51:27,938] multiqc                                            [DEBUG  ]  File ignored by ccs/v4 because it exceeded search pattern filesize limit: doctools.js
[2026-05-28 13:51:27,939] multiqc                                            [DEBUG  ]  File ignored by hicexplorer because it exceeded search pattern filesize limit: doctools.js
[2026-05-28 13:51:27,939] multiqc                                            [DEBUG  ]  File ignored by lima/summary because it exceeded search pattern filesize limit: doctools.js
[2026-05-28 13:51:27,941] multiqc                                            [DEBUG  ]  File ignored by longranger/invocation because it exceeded search pattern filesize limit: doctools.js
[2026-05-28 13:51:27,948] multiqc                                            [DEBUG  ]  File ignored by nanostat because it exceeded search pattern filesize limit: doctools.js
[2026-05-28 13:51:27,999] multiqc                                            [DEBUG  ]  File ignored by ccs/v4 because it exceeded search pattern filesize limit: jquery.js
[2026-05-28 13:51:28,000] multiqc                                            [DEBUG  ]  File ignored by hicexplorer because it exceeded search pattern filesize limit: jquery.js
[2026-05-28 13:51:28,000] multiqc                                            [DEBUG  ]  File ignored by lima/summary because it exceeded search pattern filesize limit: jquery.js
[2026-05-28 13:51:28,002] multiqc                                            [DEBUG  ]  File ignored by longranger/invocation because it exceeded search pattern filesize limit: jquery.js
[2026-05-28 13:51:28,010] multiqc                                            [DEBUG  ]  File ignored by nanostat because it exceeded search pattern filesize limit: jquery.js
[2026-05-28 13:51:28,019] multiqc                                            [DEBUG  ]  File ignored by ccs/v4 because it exceeded search pattern filesize limit: pygments.css
[2026-05-28 13:51:28,020] multiqc                                            [DEBUG  ]  File ignored by lima/summary because it exceeded search pattern filesize limit: pygments.css
[2026-05-28 13:51:28,022] multiqc                                            [DEBUG  ]  File ignored by longranger/invocation because it exceeded search pattern filesize limit: pygments.css
[2026-05-28 13:51:28,101] multiqc                                            [DEBUG  ]  File ignored by ccs/v4 because it exceeded search pattern filesize limit: searchtools.js
[2026-05-28 13:51:28,102] multiqc                                            [DEBUG  ]  File ignored by hicexplorer because it exceeded search pattern filesize limit: searchtools.js
[2026-05-28 13:51:28,102] multiqc                                            [DEBUG  ]  File ignored by lima/summary because it exceeded search pattern filesize limit: searchtools.js
[2026-05-28 13:51:28,104] multiqc                                            [DEBUG  ]  File ignored by longranger/invocation because it exceeded search pattern filesize limit: searchtools.js
[2026-05-28 13:51:28,115] multiqc                                            [DEBUG  ]  File ignored by nanostat because it exceeded search pattern filesize limit: searchtools.js
[2026-05-28 13:51:28,121] multiqc                                            [DEBUG  ]  File ignored by ccs/v4 because it exceeded search pattern filesize limit: underscore.js
[2026-05-28 13:51:28,122] multiqc                                            [DEBUG  ]  File ignored by hicexplorer because it exceeded search pattern filesize limit: underscore.js
[2026-05-28 13:51:28,122] multiqc                                            [DEBUG  ]  File ignored by lima/summary because it exceeded search pattern filesize limit: underscore.js
[2026-05-28 13:51:28,124] multiqc                                            [DEBUG  ]  File ignored by longranger/invocation because it exceeded search pattern filesize limit: underscore.js
[2026-05-28 13:51:28,128] multiqc                                            [DEBUG  ]  File ignored by nanostat because it exceeded search pattern filesize limit: underscore.js
[2026-05-28 13:51:28,157] multiqc                                            [DEBUG  ]  File ignored by ccs/v4 because it exceeded search pattern filesize limit: websupport.js
[2026-05-28 13:51:28,158] multiqc                                            [DEBUG  ]  File ignored by hicexplorer because it exceeded search pattern filesize limit: websupport.js
[2026-05-28 13:51:28,158] multiqc                                            [DEBUG  ]  File ignored by lima/summary because it exceeded search pattern filesize limit: websupport.js
[2026-05-28 13:51:28,160] multiqc                                            [DEBUG  ]  File ignored by longranger/invocation because it exceeded search pattern filesize limit: websupport.js
[2026-05-28 13:51:28,177] multiqc                                            [DEBUG  ]  File ignored by nanostat because it exceeded search pattern filesize limit: websupport.js
[2026-05-28 13:51:28,199] multiqc                                            [DEBUG  ]  File ignored by ccs/v4 because it exceeded search pattern filesize limit: coverage_profile_along_genes_(low).txt
[2026-05-28 13:51:28,200] multiqc                                            [DEBUG  ]  File ignored by lima/summary because it exceeded search pattern filesize limit: coverage_profile_along_genes_(low).txt
[2026-05-28 13:51:28,202] multiqc                                            [DEBUG  ]  File ignored by longranger/invocation because it exceeded search pattern filesize limit: coverage_profile_along_genes_(low).txt
[2026-05-28 13:51:28,211] multiqc                                            [DEBUG  ]  File ignored by ccs/v4 because it exceeded search pattern filesize limit: coverage_profile_along_genes_(high).txt
[2026-05-28 13:51:28,212] multiqc                                            [DEBUG  ]  File ignored by lima/summary because it exceeded search pattern filesize limit: coverage_profile_along_genes_(high).txt
[2026-05-28 13:51:28,214] multiqc                                            [DEBUG  ]  File ignored by longranger/invocation because it exceeded search pattern filesize limit: coverage_profile_along_genes_(high).txt
[2026-05-28 13:51:28,258] multiqc                                            [DEBUG  ]  File ignored by ccs/v4 because it exceeded search pattern filesize limit: qualimapReport.html
[2026-05-28 13:51:28,259] multiqc                                            [DEBUG  ]  File ignored by hicexplorer because it exceeded search pattern filesize limit: qualimapReport.html
[2026-05-28 13:51:28,259] multiqc                                            [DEBUG  ]  File ignored by lima/summary because it exceeded search pattern filesize limit: qualimapReport.html
[2026-05-28 13:51:28,261] multiqc                                            [DEBUG  ]  File ignored by longranger/invocation because it exceeded search pattern filesize limit: qualimapReport.html
[2026-05-28 13:51:28,270] multiqc                                            [DEBUG  ]  File ignored by nanostat because it exceeded search pattern filesize limit: qualimapReport.html
[2026-05-28 13:51:28,332] multiqc                                            [DEBUG  ]  File ignored by ccs/v4 because it exceeded search pattern filesize limit: agogo.css
[2026-05-28 13:51:28,333] multiqc                                            [DEBUG  ]  File ignored by hicexplorer because it exceeded search pattern filesize limit: agogo.css
[2026-05-28 13:51:28,333] multiqc                                            [DEBUG  ]  File ignored by lima/summary because it exceeded search pattern filesize limit: agogo.css
[2026-05-28 13:51:28,335] multiqc                                            [DEBUG  ]  File ignored by longranger/invocation because it exceeded search pattern filesize limit: agogo.css
[2026-05-28 13:51:28,344] multiqc                                            [DEBUG  ]  File ignored by nanostat because it exceeded search pattern filesize limit: agogo.css
[2026-05-28 13:51:28,362] multiqc                                            [DEBUG  ]  File ignored by ccs/v4 because it exceeded search pattern filesize limit: basic.css
[2026-05-28 13:51:28,363] multiqc                                            [DEBUG  ]  File ignored by hicexplorer because it exceeded search pattern filesize limit: basic.css
[2026-05-28 13:51:28,363] multiqc                                            [DEBUG  ]  File ignored by lima/summary because it exceeded search pattern filesize limit: basic.css
[2026-05-28 13:51:28,365] multiqc                                            [DEBUG  ]  File ignored by longranger/invocation because it exceeded search pattern filesize limit: basic.css
[2026-05-28 13:51:28,378] multiqc                                            [DEBUG  ]  File ignored by nanostat because it exceeded search pattern filesize limit: basic.css
[2026-05-28 13:51:28,512] multiqc                                            [DEBUG  ]  File ignored by ccs/v4 because it exceeded search pattern filesize limit: doctools.js
[2026-05-28 13:51:28,514] multiqc                                            [DEBUG  ]  File ignored by hicexplorer because it exceeded search pattern filesize limit: doctools.js
[2026-05-28 13:51:28,514] multiqc                                            [DEBUG  ]  File ignored by lima/summary because it exceeded search pattern filesize limit: doctools.js
[2026-05-28 13:51:28,516] multiqc                                            [DEBUG  ]  File ignored by longranger/invocation because it exceeded search pattern filesize limit: doctools.js
[2026-05-28 13:51:28,522] multiqc                                            [DEBUG  ]  File ignored by nanostat because it exceeded search pattern filesize limit: doctools.js
[2026-05-28 13:51:28,780] multiqc                                            [DEBUG  ]  File ignored by ccs/v4 because it exceeded search pattern filesize limit: jquery.js
[2026-05-28 13:51:28,781] multiqc                                            [DEBUG  ]  File ignored by hicexplorer because it exceeded search pattern filesize limit: jquery.js
[2026-05-28 13:51:28,781] multiqc                                            [DEBUG  ]  File ignored by lima/summary because it exceeded search pattern filesize limit: jquery.js
[2026-05-28 13:51:28,784] multiqc                                            [DEBUG  ]  File ignored by longranger/invocation because it exceeded search pattern filesize limit: jquery.js
[2026-05-28 13:51:28,792] multiqc                                            [DEBUG  ]  File ignored by nanostat because it exceeded search pattern filesize limit: jquery.js
[2026-05-28 13:51:28,879] multiqc                                            [DEBUG  ]  File ignored by ccs/v4 because it exceeded search pattern filesize limit: pygments.css
[2026-05-28 13:51:28,882] multiqc                                            [DEBUG  ]  File ignored by lima/summary because it exceeded search pattern filesize limit: pygments.css
[2026-05-28 13:51:28,884] multiqc                                            [DEBUG  ]  File ignored by longranger/invocation because it exceeded search pattern filesize limit: pygments.css
[2026-05-28 13:51:28,945] multiqc                                            [DEBUG  ]  File ignored by ccs/v4 because it exceeded search pattern filesize limit: searchtools.js
[2026-05-28 13:51:28,946] multiqc                                            [DEBUG  ]  File ignored by hicexplorer because it exceeded search pattern filesize limit: searchtools.js
[2026-05-28 13:51:28,946] multiqc                                            [DEBUG  ]  File ignored by lima/summary because it exceeded search pattern filesize limit: searchtools.js
[2026-05-28 13:51:28,948] multiqc                                            [DEBUG  ]  File ignored by longranger/invocation because it exceeded search pattern filesize limit: searchtools.js
[2026-05-28 13:51:28,958] multiqc                                            [DEBUG  ]  File ignored by nanostat because it exceeded search pattern filesize limit: searchtools.js
[2026-05-28 13:51:28,975] multiqc                                            [DEBUG  ]  File ignored by ccs/v4 because it exceeded search pattern filesize limit: underscore.js
[2026-05-28 13:51:28,976] multiqc                                            [DEBUG  ]  File ignored by hicexplorer because it exceeded search pattern filesize limit: underscore.js
[2026-05-28 13:51:28,976] multiqc                                            [DEBUG  ]  File ignored by lima/summary because it exceeded search pattern filesize limit: underscore.js
[2026-05-28 13:51:28,978] multiqc                                            [DEBUG  ]  File ignored by longranger/invocation because it exceeded search pattern filesize limit: underscore.js
[2026-05-28 13:51:28,981] multiqc                                            [DEBUG  ]  File ignored by nanostat because it exceeded search pattern filesize limit: underscore.js
[2026-05-28 13:51:29,011] multiqc                                            [DEBUG  ]  File ignored by ccs/v4 because it exceeded search pattern filesize limit: websupport.js
[2026-05-28 13:51:29,012] multiqc                                            [DEBUG  ]  File ignored by hicexplorer because it exceeded search pattern filesize limit: websupport.js
[2026-05-28 13:51:29,012] multiqc                                            [DEBUG  ]  File ignored by lima/summary because it exceeded search pattern filesize limit: websupport.js
[2026-05-28 13:51:29,014] multiqc                                            [DEBUG  ]  File ignored by longranger/invocation because it exceeded search pattern filesize limit: websupport.js
[2026-05-28 13:51:29,028] multiqc                                            [DEBUG  ]  File ignored by nanostat because it exceeded search pattern filesize limit: websupport.js
[2026-05-28 13:51:29,034] multiqc                                            [DEBUG  ]  File ignored by ccs/v4 because it exceeded search pattern filesize limit: coverage_profile_along_genes_(low).txt
[2026-05-28 13:51:29,035] multiqc                                            [DEBUG  ]  File ignored by lima/summary because it exceeded search pattern filesize limit: coverage_profile_along_genes_(low).txt
[2026-05-28 13:51:29,037] multiqc                                            [DEBUG  ]  File ignored by longranger/invocation because it exceeded search pattern filesize limit: coverage_profile_along_genes_(low).txt
[2026-05-28 13:51:29,060] multiqc                                            [DEBUG  ]  File ignored by ccs/v4 because it exceeded search pattern filesize limit: coverage_profile_along_genes_(high).txt
[2026-05-28 13:51:29,062] multiqc                                            [DEBUG  ]  File ignored by lima/summary because it exceeded search pattern filesize limit: coverage_profile_along_genes_(high).txt
[2026-05-28 13:51:29,064] multiqc                                            [DEBUG  ]  File ignored by longranger/invocation because it exceeded search pattern filesize limit: coverage_profile_along_genes_(high).txt
[2026-05-28 13:51:29,126] multiqc                                            [DEBUG  ]  File ignored by ccs/v4 because it exceeded search pattern filesize limit: qualimapReport.html
[2026-05-28 13:51:29,127] multiqc                                            [DEBUG  ]  File ignored by hicexplorer because it exceeded search pattern filesize limit: qualimapReport.html
[2026-05-28 13:51:29,127] multiqc                                            [DEBUG  ]  File ignored by lima/summary because it exceeded search pattern filesize limit: qualimapReport.html
[2026-05-28 13:51:29,129] multiqc                                            [DEBUG  ]  File ignored by longranger/invocation because it exceeded search pattern filesize limit: qualimapReport.html
[2026-05-28 13:51:29,136] multiqc                                            [DEBUG  ]  File ignored by nanostat because it exceeded search pattern filesize limit: qualimapReport.html
[2026-05-28 13:51:29,193] multiqc                                            [DEBUG  ]  File ignored by ccs/v4 because it exceeded search pattern filesize limit: agogo.css
[2026-05-28 13:51:29,194] multiqc                                            [DEBUG  ]  File ignored by hicexplorer because it exceeded search pattern filesize limit: agogo.css
[2026-05-28 13:51:29,194] multiqc                                            [DEBUG  ]  File ignored by lima/summary because it exceeded search pattern filesize limit: agogo.css
[2026-05-28 13:51:29,196] multiqc                                            [DEBUG  ]  File ignored by longranger/invocation because it exceeded search pattern filesize limit: agogo.css
[2026-05-28 13:51:29,205] multiqc                                            [DEBUG  ]  File ignored by nanostat because it exceeded search pattern filesize limit: agogo.css
[2026-05-28 13:51:29,233] multiqc                                            [DEBUG  ]  File ignored by ccs/v4 because it exceeded search pattern filesize limit: basic.css
[2026-05-28 13:51:29,234] multiqc                                            [DEBUG  ]  File ignored by hicexplorer because it exceeded search pattern filesize limit: basic.css
[2026-05-28 13:51:29,234] multiqc                                            [DEBUG  ]  File ignored by lima/summary because it exceeded search pattern filesize limit: basic.css
[2026-05-28 13:51:29,236] multiqc                                            [DEBUG  ]  File ignored by longranger/invocation because it exceeded search pattern filesize limit: basic.css
[2026-05-28 13:51:29,248] multiqc                                            [DEBUG  ]  File ignored by nanostat because it exceeded search pattern filesize limit: basic.css
[2026-05-28 13:51:29,276] multiqc                                            [DEBUG  ]  File ignored by ccs/v4 because it exceeded search pattern filesize limit: doctools.js
[2026-05-28 13:51:29,277] multiqc                                            [DEBUG  ]  File ignored by hicexplorer because it exceeded search pattern filesize limit: doctools.js
[2026-05-28 13:51:29,277] multiqc                                            [DEBUG  ]  File ignored by lima/summary because it exceeded search pattern filesize limit: doctools.js
[2026-05-28 13:51:29,279] multiqc                                            [DEBUG  ]  File ignored by longranger/invocation because it exceeded search pattern filesize limit: doctools.js
[2026-05-28 13:51:29,285] multiqc                                            [DEBUG  ]  File ignored by nanostat because it exceeded search pattern filesize limit: doctools.js
[2026-05-28 13:51:29,356] multiqc                                            [DEBUG  ]  File ignored by ccs/v4 because it exceeded search pattern filesize limit: jquery.js
[2026-05-28 13:51:29,357] multiqc                                            [DEBUG  ]  File ignored by hicexplorer because it exceeded search pattern filesize limit: jquery.js
[2026-05-28 13:51:29,358] multiqc                                            [DEBUG  ]  File ignored by lima/summary because it exceeded search pattern filesize limit: jquery.js
[2026-05-28 13:51:29,360] multiqc                                            [DEBUG  ]  File ignored by longranger/invocation because it exceeded search pattern filesize limit: jquery.js
[2026-05-28 13:51:29,368] multiqc                                            [DEBUG  ]  File ignored by nanostat because it exceeded search pattern filesize limit: jquery.js
[2026-05-28 13:51:29,448] multiqc                                            [DEBUG  ]  File ignored by ccs/v4 because it exceeded search pattern filesize limit: pygments.css
[2026-05-28 13:51:29,449] multiqc                                            [DEBUG  ]  File ignored by lima/summary because it exceeded search pattern filesize limit: pygments.css
[2026-05-28 13:51:29,451] multiqc                                            [DEBUG  ]  File ignored by longranger/invocation because it exceeded search pattern filesize limit: pygments.css
[2026-05-28 13:51:29,510] multiqc                                            [DEBUG  ]  File ignored by ccs/v4 because it exceeded search pattern filesize limit: searchtools.js
[2026-05-28 13:51:29,511] multiqc                                            [DEBUG  ]  File ignored by hicexplorer because it exceeded search pattern filesize limit: searchtools.js
[2026-05-28 13:51:29,511] multiqc                                            [DEBUG  ]  File ignored by lima/summary because it exceeded search pattern filesize limit: searchtools.js
[2026-05-28 13:51:29,513] multiqc                                            [DEBUG  ]  File ignored by longranger/invocation because it exceeded search pattern filesize limit: searchtools.js
[2026-05-28 13:51:29,524] multiqc                                            [DEBUG  ]  File ignored by nanostat because it exceeded search pattern filesize limit: searchtools.js
[2026-05-28 13:51:29,559] multiqc                                            [DEBUG  ]  File ignored by ccs/v4 because it exceeded search pattern filesize limit: underscore.js
[2026-05-28 13:51:29,560] multiqc                                            [DEBUG  ]  File ignored by hicexplorer because it exceeded search pattern filesize limit: underscore.js
[2026-05-28 13:51:29,560] multiqc                                            [DEBUG  ]  File ignored by lima/summary because it exceeded search pattern filesize limit: underscore.js
[2026-05-28 13:51:29,562] multiqc                                            [DEBUG  ]  File ignored by longranger/invocation because it exceeded search pattern filesize limit: underscore.js
[2026-05-28 13:51:29,565] multiqc                                            [DEBUG  ]  File ignored by nanostat because it exceeded search pattern filesize limit: underscore.js
[2026-05-28 13:51:29,624] multiqc                                            [DEBUG  ]  File ignored by ccs/v4 because it exceeded search pattern filesize limit: websupport.js
[2026-05-28 13:51:29,625] multiqc                                            [DEBUG  ]  File ignored by hicexplorer because it exceeded search pattern filesize limit: websupport.js
[2026-05-28 13:51:29,625] multiqc                                            [DEBUG  ]  File ignored by lima/summary because it exceeded search pattern filesize limit: websupport.js
[2026-05-28 13:51:29,627] multiqc                                            [DEBUG  ]  File ignored by longranger/invocation because it exceeded search pattern filesize limit: websupport.js
[2026-05-28 13:51:29,641] multiqc                                            [DEBUG  ]  File ignored by nanostat because it exceeded search pattern filesize limit: websupport.js
[2026-05-28 13:51:29,670] multiqc                                            [DEBUG  ]  File ignored by ccs/v4 because it exceeded search pattern filesize limit: coverage_profile_along_genes_(low).txt
[2026-05-28 13:51:29,671] multiqc                                            [DEBUG  ]  File ignored by lima/summary because it exceeded search pattern filesize limit: coverage_profile_along_genes_(low).txt
[2026-05-28 13:51:29,673] multiqc                                            [DEBUG  ]  File ignored by longranger/invocation because it exceeded search pattern filesize limit: coverage_profile_along_genes_(low).txt
[2026-05-28 13:51:29,681] multiqc                                            [DEBUG  ]  File ignored by ccs/v4 because it exceeded search pattern filesize limit: coverage_profile_along_genes_(high).txt
[2026-05-28 13:51:29,683] multiqc                                            [DEBUG  ]  File ignored by lima/summary because it exceeded search pattern filesize limit: coverage_profile_along_genes_(high).txt
[2026-05-28 13:51:29,684] multiqc                                            [DEBUG  ]  File ignored by longranger/invocation because it exceeded search pattern filesize limit: coverage_profile_along_genes_(high).txt
[2026-05-28 13:51:29,726] multiqc                                            [DEBUG  ]  File ignored by ccs/v4 because it exceeded search pattern filesize limit: qualimapReport.html
[2026-05-28 13:51:29,727] multiqc                                            [DEBUG  ]  File ignored by hicexplorer because it exceeded search pattern filesize limit: qualimapReport.html
[2026-05-28 13:51:29,727] multiqc                                            [DEBUG  ]  File ignored by lima/summary because it exceeded search pattern filesize limit: qualimapReport.html
[2026-05-28 13:51:29,729] multiqc                                            [DEBUG  ]  File ignored by longranger/invocation because it exceeded search pattern filesize limit: qualimapReport.html
[2026-05-28 13:51:29,737] multiqc                                            [DEBUG  ]  File ignored by nanostat because it exceeded search pattern filesize limit: qualimapReport.html
[2026-05-28 13:51:29,768] multiqc                                            [DEBUG  ]  File ignored by ccs/v4 because it exceeded search pattern filesize limit: agogo.css
[2026-05-28 13:51:29,769] multiqc                                            [DEBUG  ]  File ignored by hicexplorer because it exceeded search pattern filesize limit: agogo.css
[2026-05-28 13:51:29,769] multiqc                                            [DEBUG  ]  File ignored by lima/summary because it exceeded search pattern filesize limit: agogo.css
[2026-05-28 13:51:29,771] multiqc                                            [DEBUG  ]  File ignored by longranger/invocation because it exceeded search pattern filesize limit: agogo.css
[2026-05-28 13:51:29,780] multiqc                                            [DEBUG  ]  File ignored by nanostat because it exceeded search pattern filesize limit: agogo.css
[2026-05-28 13:51:29,806] multiqc                                            [DEBUG  ]  File ignored by ccs/v4 because it exceeded search pattern filesize limit: basic.css
[2026-05-28 13:51:29,807] multiqc                                            [DEBUG  ]  File ignored by hicexplorer because it exceeded search pattern filesize limit: basic.css
[2026-05-28 13:51:29,807] multiqc                                            [DEBUG  ]  File ignored by lima/summary because it exceeded search pattern filesize limit: basic.css
[2026-05-28 13:51:29,809] multiqc                                            [DEBUG  ]  File ignored by longranger/invocation because it exceeded search pattern filesize limit: basic.css
[2026-05-28 13:51:29,818] multiqc                                            [DEBUG  ]  File ignored by nanostat because it exceeded search pattern filesize limit: basic.css
[2026-05-28 13:51:29,851] multiqc                                            [DEBUG  ]  File ignored by ccs/v4 because it exceeded search pattern filesize limit: doctools.js
[2026-05-28 13:51:29,852] multiqc                                            [DEBUG  ]  File ignored by hicexplorer because it exceeded search pattern filesize limit: doctools.js
[2026-05-28 13:51:29,852] multiqc                                            [DEBUG  ]  File ignored by lima/summary because it exceeded search pattern filesize limit: doctools.js
[2026-05-28 13:51:29,854] multiqc                                            [DEBUG  ]  File ignored by longranger/invocation because it exceeded search pattern filesize limit: doctools.js
[2026-05-28 13:51:29,861] multiqc                                            [DEBUG  ]  File ignored by nanostat because it exceeded search pattern filesize limit: doctools.js
[2026-05-28 13:51:29,887] multiqc                                            [DEBUG  ]  File ignored by ccs/v4 because it exceeded search pattern filesize limit: jquery.js
[2026-05-28 13:51:29,888] multiqc                                            [DEBUG  ]  File ignored by hicexplorer because it exceeded search pattern filesize limit: jquery.js
[2026-05-28 13:51:29,889] multiqc                                            [DEBUG  ]  File ignored by lima/summary because it exceeded search pattern filesize limit: jquery.js
[2026-05-28 13:51:29,891] multiqc                                            [DEBUG  ]  File ignored by longranger/invocation because it exceeded search pattern filesize limit: jquery.js
[2026-05-28 13:51:29,899] multiqc                                            [DEBUG  ]  File ignored by nanostat because it exceeded search pattern filesize limit: jquery.js
[2026-05-28 13:51:29,927] multiqc                                            [DEBUG  ]  File ignored by ccs/v4 because it exceeded search pattern filesize limit: pygments.css
[2026-05-28 13:51:29,929] multiqc                                            [DEBUG  ]  File ignored by lima/summary because it exceeded search pattern filesize limit: pygments.css
[2026-05-28 13:51:29,931] multiqc                                            [DEBUG  ]  File ignored by longranger/invocation because it exceeded search pattern filesize limit: pygments.css
[2026-05-28 13:51:29,965] multiqc                                            [DEBUG  ]  File ignored by ccs/v4 because it exceeded search pattern filesize limit: searchtools.js
[2026-05-28 13:51:29,966] multiqc                                            [DEBUG  ]  File ignored by hicexplorer because it exceeded search pattern filesize limit: searchtools.js
[2026-05-28 13:51:29,967] multiqc                                            [DEBUG  ]  File ignored by lima/summary because it exceeded search pattern filesize limit: searchtools.js
[2026-05-28 13:51:29,968] multiqc                                            [DEBUG  ]  File ignored by longranger/invocation because it exceeded search pattern filesize limit: searchtools.js
[2026-05-28 13:51:29,979] multiqc                                            [DEBUG  ]  File ignored by nanostat because it exceeded search pattern filesize limit: searchtools.js
[2026-05-28 13:51:29,996] multiqc                                            [DEBUG  ]  File ignored by ccs/v4 because it exceeded search pattern filesize limit: underscore.js
[2026-05-28 13:51:29,998] multiqc                                            [DEBUG  ]  File ignored by hicexplorer because it exceeded search pattern filesize limit: underscore.js
[2026-05-28 13:51:29,998] multiqc                                            [DEBUG  ]  File ignored by lima/summary because it exceeded search pattern filesize limit: underscore.js
[2026-05-28 13:51:30,000] multiqc                                            [DEBUG  ]  File ignored by longranger/invocation because it exceeded search pattern filesize limit: underscore.js
[2026-05-28 13:51:30,003] multiqc                                            [DEBUG  ]  File ignored by nanostat because it exceeded search pattern filesize limit: underscore.js
[2026-05-28 13:51:30,013] multiqc                                            [DEBUG  ]  File ignored by ccs/v4 because it exceeded search pattern filesize limit: websupport.js
[2026-05-28 13:51:30,014] multiqc                                            [DEBUG  ]  File ignored by hicexplorer because it exceeded search pattern filesize limit: websupport.js
[2026-05-28 13:51:30,014] multiqc                                            [DEBUG  ]  File ignored by lima/summary because it exceeded search pattern filesize limit: websupport.js
[2026-05-28 13:51:30,016] multiqc                                            [DEBUG  ]  File ignored by longranger/invocation because it exceeded search pattern filesize limit: websupport.js
[2026-05-28 13:51:30,030] multiqc                                            [DEBUG  ]  File ignored by nanostat because it exceeded search pattern filesize limit: websupport.js
[2026-05-28 13:51:30,057] multiqc                                            [DEBUG  ]  File ignored by ccs/v4 because it exceeded search pattern filesize limit: coverage_profile_along_genes_(low).txt
[2026-05-28 13:51:30,058] multiqc                                            [DEBUG  ]  File ignored by lima/summary because it exceeded search pattern filesize limit: coverage_profile_along_genes_(low).txt
[2026-05-28 13:51:30,060] multiqc                                            [DEBUG  ]  File ignored by longranger/invocation because it exceeded search pattern filesize limit: coverage_profile_along_genes_(low).txt
[2026-05-28 13:51:30,068] multiqc                                            [DEBUG  ]  File ignored by ccs/v4 because it exceeded search pattern filesize limit: coverage_profile_along_genes_(high).txt
[2026-05-28 13:51:30,069] multiqc                                            [DEBUG  ]  File ignored by lima/summary because it exceeded search pattern filesize limit: coverage_profile_along_genes_(high).txt
[2026-05-28 13:51:30,072] multiqc                                            [DEBUG  ]  File ignored by longranger/invocation because it exceeded search pattern filesize limit: coverage_profile_along_genes_(high).txt
[2026-05-28 13:51:30,139] multiqc                                            [DEBUG  ]  File ignored by ccs/v4 because it exceeded search pattern filesize limit: qualimapReport.html
[2026-05-28 13:51:30,140] multiqc                                            [DEBUG  ]  File ignored by hicexplorer because it exceeded search pattern filesize limit: qualimapReport.html
[2026-05-28 13:51:30,140] multiqc                                            [DEBUG  ]  File ignored by lima/summary because it exceeded search pattern filesize limit: qualimapReport.html
[2026-05-28 13:51:30,142] multiqc                                            [DEBUG  ]  File ignored by longranger/invocation because it exceeded search pattern filesize limit: qualimapReport.html
[2026-05-28 13:51:30,148] multiqc                                            [DEBUG  ]  File ignored by nanostat because it exceeded search pattern filesize limit: qualimapReport.html
[2026-05-28 13:51:30,198] multiqc                                            [DEBUG  ]  File ignored by ccs/v4 because it exceeded search pattern filesize limit: agogo.css
[2026-05-28 13:51:30,199] multiqc                                            [DEBUG  ]  File ignored by hicexplorer because it exceeded search pattern filesize limit: agogo.css
[2026-05-28 13:51:30,199] multiqc                                            [DEBUG  ]  File ignored by lima/summary because it exceeded search pattern filesize limit: agogo.css
[2026-05-28 13:51:30,201] multiqc                                            [DEBUG  ]  File ignored by longranger/invocation because it exceeded search pattern filesize limit: agogo.css
[2026-05-28 13:51:30,213] multiqc                                            [DEBUG  ]  File ignored by nanostat because it exceeded search pattern filesize limit: agogo.css
[2026-05-28 13:51:30,260] multiqc                                            [DEBUG  ]  File ignored by ccs/v4 because it exceeded search pattern filesize limit: basic.css
[2026-05-28 13:51:30,261] multiqc                                            [DEBUG  ]  File ignored by hicexplorer because it exceeded search pattern filesize limit: basic.css
[2026-05-28 13:51:30,261] multiqc                                            [DEBUG  ]  File ignored by lima/summary because it exceeded search pattern filesize limit: basic.css
[2026-05-28 13:51:30,263] multiqc                                            [DEBUG  ]  File ignored by longranger/invocation because it exceeded search pattern filesize limit: basic.css
[2026-05-28 13:51:30,273] multiqc                                            [DEBUG  ]  File ignored by nanostat because it exceeded search pattern filesize limit: basic.css
[2026-05-28 13:51:30,305] multiqc                                            [DEBUG  ]  File ignored by ccs/v4 because it exceeded search pattern filesize limit: doctools.js
[2026-05-28 13:51:30,306] multiqc                                            [DEBUG  ]  File ignored by hicexplorer because it exceeded search pattern filesize limit: doctools.js
[2026-05-28 13:51:30,306] multiqc                                            [DEBUG  ]  File ignored by lima/summary because it exceeded search pattern filesize limit: doctools.js
[2026-05-28 13:51:30,308] multiqc                                            [DEBUG  ]  File ignored by longranger/invocation because it exceeded search pattern filesize limit: doctools.js
[2026-05-28 13:51:30,316] multiqc                                            [DEBUG  ]  File ignored by nanostat because it exceeded search pattern filesize limit: doctools.js
[2026-05-28 13:51:30,358] multiqc                                            [DEBUG  ]  File ignored by ccs/v4 because it exceeded search pattern filesize limit: jquery.js
[2026-05-28 13:51:30,359] multiqc                                            [DEBUG  ]  File ignored by hicexplorer because it exceeded search pattern filesize limit: jquery.js
[2026-05-28 13:51:30,359] multiqc                                            [DEBUG  ]  File ignored by lima/summary because it exceeded search pattern filesize limit: jquery.js
[2026-05-28 13:51:30,361] multiqc                                            [DEBUG  ]  File ignored by longranger/invocation because it exceeded search pattern filesize limit: jquery.js
[2026-05-28 13:51:30,369] multiqc                                            [DEBUG  ]  File ignored by nanostat because it exceeded search pattern filesize limit: jquery.js
[2026-05-28 13:51:30,422] multiqc                                            [DEBUG  ]  File ignored by ccs/v4 because it exceeded search pattern filesize limit: pygments.css
[2026-05-28 13:51:30,423] multiqc                                            [DEBUG  ]  File ignored by lima/summary because it exceeded search pattern filesize limit: pygments.css
[2026-05-28 13:51:30,425] multiqc                                            [DEBUG  ]  File ignored by longranger/invocation because it exceeded search pattern filesize limit: pygments.css
[2026-05-28 13:51:30,486] multiqc                                            [DEBUG  ]  File ignored by ccs/v4 because it exceeded search pattern filesize limit: searchtools.js
[2026-05-28 13:51:30,487] multiqc                                            [DEBUG  ]  File ignored by hicexplorer because it exceeded search pattern filesize limit: searchtools.js
[2026-05-28 13:51:30,487] multiqc                                            [DEBUG  ]  File ignored by lima/summary because it exceeded search pattern filesize limit: searchtools.js
[2026-05-28 13:51:30,489] multiqc                                            [DEBUG  ]  File ignored by longranger/invocation because it exceeded search pattern filesize limit: searchtools.js
[2026-05-28 13:51:30,500] multiqc                                            [DEBUG  ]  File ignored by nanostat because it exceeded search pattern filesize limit: searchtools.js
[2026-05-28 13:51:30,527] multiqc                                            [DEBUG  ]  File ignored by ccs/v4 because it exceeded search pattern filesize limit: underscore.js
[2026-05-28 13:51:30,529] multiqc                                            [DEBUG  ]  File ignored by hicexplorer because it exceeded search pattern filesize limit: underscore.js
[2026-05-28 13:51:30,529] multiqc                                            [DEBUG  ]  File ignored by lima/summary because it exceeded search pattern filesize limit: underscore.js
[2026-05-28 13:51:30,531] multiqc                                            [DEBUG  ]  File ignored by longranger/invocation because it exceeded search pattern filesize limit: underscore.js
[2026-05-28 13:51:30,534] multiqc                                            [DEBUG  ]  File ignored by nanostat because it exceeded search pattern filesize limit: underscore.js
[2026-05-28 13:51:30,678] multiqc                                            [DEBUG  ]  File ignored by ccs/v4 because it exceeded search pattern filesize limit: websupport.js
[2026-05-28 13:51:30,679] multiqc                                            [DEBUG  ]  File ignored by hicexplorer because it exceeded search pattern filesize limit: websupport.js
[2026-05-28 13:51:30,679] multiqc                                            [DEBUG  ]  File ignored by lima/summary because it exceeded search pattern filesize limit: websupport.js
[2026-05-28 13:51:30,681] multiqc                                            [DEBUG  ]  File ignored by longranger/invocation because it exceeded search pattern filesize limit: websupport.js
[2026-05-28 13:51:30,695] multiqc                                            [DEBUG  ]  File ignored by nanostat because it exceeded search pattern filesize limit: websupport.js
[2026-05-28 13:51:30,799] multiqc                                            [DEBUG  ]  File ignored by ccs/v4 because it exceeded search pattern filesize limit: coverage_profile_along_genes_(low).txt
[2026-05-28 13:51:30,800] multiqc                                            [DEBUG  ]  File ignored by lima/summary because it exceeded search pattern filesize limit: coverage_profile_along_genes_(low).txt
[2026-05-28 13:51:30,802] multiqc                                            [DEBUG  ]  File ignored by longranger/invocation because it exceeded search pattern filesize limit: coverage_profile_along_genes_(low).txt
[2026-05-28 13:51:30,830] multiqc                                            [DEBUG  ]  File ignored by ccs/v4 because it exceeded search pattern filesize limit: coverage_profile_along_genes_(high).txt
[2026-05-28 13:51:30,831] multiqc                                            [DEBUG  ]  File ignored by lima/summary because it exceeded search pattern filesize limit: coverage_profile_along_genes_(high).txt
[2026-05-28 13:51:30,833] multiqc                                            [DEBUG  ]  File ignored by longranger/invocation because it exceeded search pattern filesize limit: coverage_profile_along_genes_(high).txt
[2026-05-28 13:51:30,857] multiqc                                            [DEBUG  ]  File ignored by ccs/v4 because it exceeded search pattern filesize limit: qualimapReport.html
[2026-05-28 13:51:30,858] multiqc                                            [DEBUG  ]  File ignored by hicexplorer because it exceeded search pattern filesize limit: qualimapReport.html
[2026-05-28 13:51:30,859] multiqc                                            [DEBUG  ]  File ignored by lima/summary because it exceeded search pattern filesize limit: qualimapReport.html
[2026-05-28 13:51:30,861] multiqc                                            [DEBUG  ]  File ignored by longranger/invocation because it exceeded search pattern filesize limit: qualimapReport.html
[2026-05-28 13:51:30,868] multiqc                                            [DEBUG  ]  File ignored by nanostat because it exceeded search pattern filesize limit: qualimapReport.html
[2026-05-28 13:51:30,900] multiqc                                            [DEBUG  ]  File ignored by ccs/v4 because it exceeded search pattern filesize limit: agogo.css
[2026-05-28 13:51:30,901] multiqc                                            [DEBUG  ]  File ignored by hicexplorer because it exceeded search pattern filesize limit: agogo.css
[2026-05-28 13:51:30,901] multiqc                                            [DEBUG  ]  File ignored by lima/summary because it exceeded search pattern filesize limit: agogo.css
[2026-05-28 13:51:30,903] multiqc                                            [DEBUG  ]  File ignored by longranger/invocation because it exceeded search pattern filesize limit: agogo.css
[2026-05-28 13:51:30,913] multiqc                                            [DEBUG  ]  File ignored by nanostat because it exceeded search pattern filesize limit: agogo.css
[2026-05-28 13:51:30,942] multiqc                                            [DEBUG  ]  File ignored by ccs/v4 because it exceeded search pattern filesize limit: basic.css
[2026-05-28 13:51:30,943] multiqc                                            [DEBUG  ]  File ignored by hicexplorer because it exceeded search pattern filesize limit: basic.css
[2026-05-28 13:51:30,943] multiqc                                            [DEBUG  ]  File ignored by lima/summary because it exceeded search pattern filesize limit: basic.css
[2026-05-28 13:51:30,945] multiqc                                            [DEBUG  ]  File ignored by longranger/invocation because it exceeded search pattern filesize limit: basic.css
[2026-05-28 13:51:30,954] multiqc                                            [DEBUG  ]  File ignored by nanostat because it exceeded search pattern filesize limit: basic.css
[2026-05-28 13:51:31,044] multiqc                                            [DEBUG  ]  File ignored by ccs/v4 because it exceeded search pattern filesize limit: doctools.js
[2026-05-28 13:51:31,045] multiqc                                            [DEBUG  ]  File ignored by hicexplorer because it exceeded search pattern filesize limit: doctools.js
[2026-05-28 13:51:31,046] multiqc                                            [DEBUG  ]  File ignored by lima/summary because it exceeded search pattern filesize limit: doctools.js
[2026-05-28 13:51:31,048] multiqc                                            [DEBUG  ]  File ignored by longranger/invocation because it exceeded search pattern filesize limit: doctools.js
[2026-05-28 13:51:31,054] multiqc                                            [DEBUG  ]  File ignored by nanostat because it exceeded search pattern filesize limit: doctools.js
[2026-05-28 13:51:31,071] multiqc                                            [DEBUG  ]  File ignored by ccs/v4 because it exceeded search pattern filesize limit: jquery.js
[2026-05-28 13:51:31,072] multiqc                                            [DEBUG  ]  File ignored by hicexplorer because it exceeded search pattern filesize limit: jquery.js
[2026-05-28 13:51:31,072] multiqc                                            [DEBUG  ]  File ignored by lima/summary because it exceeded search pattern filesize limit: jquery.js
[2026-05-28 13:51:31,074] multiqc                                            [DEBUG  ]  File ignored by longranger/invocation because it exceeded search pattern filesize limit: jquery.js
[2026-05-28 13:51:31,082] multiqc                                            [DEBUG  ]  File ignored by nanostat because it exceeded search pattern filesize limit: jquery.js
[2026-05-28 13:51:31,119] multiqc                                            [DEBUG  ]  File ignored by ccs/v4 because it exceeded search pattern filesize limit: pygments.css
[2026-05-28 13:51:31,120] multiqc                                            [DEBUG  ]  File ignored by lima/summary because it exceeded search pattern filesize limit: pygments.css
[2026-05-28 13:51:31,122] multiqc                                            [DEBUG  ]  File ignored by longranger/invocation because it exceeded search pattern filesize limit: pygments.css
[2026-05-28 13:51:31,268] multiqc                                            [DEBUG  ]  File ignored by ccs/v4 because it exceeded search pattern filesize limit: searchtools.js
[2026-05-28 13:51:31,269] multiqc                                            [DEBUG  ]  File ignored by hicexplorer because it exceeded search pattern filesize limit: searchtools.js
[2026-05-28 13:51:31,269] multiqc                                            [DEBUG  ]  File ignored by lima/summary because it exceeded search pattern filesize limit: searchtools.js
[2026-05-28 13:51:31,271] multiqc                                            [DEBUG  ]  File ignored by longranger/invocation because it exceeded search pattern filesize limit: searchtools.js
[2026-05-28 13:51:31,284] multiqc                                            [DEBUG  ]  File ignored by nanostat because it exceeded search pattern filesize limit: searchtools.js
[2026-05-28 13:51:31,342] multiqc                                            [DEBUG  ]  File ignored by ccs/v4 because it exceeded search pattern filesize limit: underscore.js
[2026-05-28 13:51:31,343] multiqc                                            [DEBUG  ]  File ignored by hicexplorer because it exceeded search pattern filesize limit: underscore.js
[2026-05-28 13:51:31,343] multiqc                                            [DEBUG  ]  File ignored by lima/summary because it exceeded search pattern filesize limit: underscore.js
[2026-05-28 13:51:31,345] multiqc                                            [DEBUG  ]  File ignored by longranger/invocation because it exceeded search pattern filesize limit: underscore.js
[2026-05-28 13:51:31,348] multiqc                                            [DEBUG  ]  File ignored by nanostat because it exceeded search pattern filesize limit: underscore.js
[2026-05-28 13:51:31,391] multiqc                                            [DEBUG  ]  File ignored by ccs/v4 because it exceeded search pattern filesize limit: websupport.js
[2026-05-28 13:51:31,392] multiqc                                            [DEBUG  ]  File ignored by hicexplorer because it exceeded search pattern filesize limit: websupport.js
[2026-05-28 13:51:31,393] multiqc                                            [DEBUG  ]  File ignored by lima/summary because it exceeded search pattern filesize limit: websupport.js
[2026-05-28 13:51:31,395] multiqc                                            [DEBUG  ]  File ignored by longranger/invocation because it exceeded search pattern filesize limit: websupport.js
[2026-05-28 13:51:31,411] multiqc                                            [DEBUG  ]  File ignored by nanostat because it exceeded search pattern filesize limit: websupport.js
[2026-05-28 13:51:31,493] multiqc                                            [DEBUG  ]  File ignored by ccs/v4 because it exceeded search pattern filesize limit: coverage_profile_along_genes_(low).txt
[2026-05-28 13:51:31,494] multiqc                                            [DEBUG  ]  File ignored by lima/summary because it exceeded search pattern filesize limit: coverage_profile_along_genes_(low).txt
[2026-05-28 13:51:31,496] multiqc                                            [DEBUG  ]  File ignored by longranger/invocation because it exceeded search pattern filesize limit: coverage_profile_along_genes_(low).txt
[2026-05-28 13:51:31,539] multiqc                                            [DEBUG  ]  File ignored by ccs/v4 because it exceeded search pattern filesize limit: coverage_profile_along_genes_(high).txt
[2026-05-28 13:51:31,543] multiqc                                            [DEBUG  ]  File ignored by lima/summary because it exceeded search pattern filesize limit: coverage_profile_along_genes_(high).txt
[2026-05-28 13:51:31,545] multiqc                                            [DEBUG  ]  File ignored by longranger/invocation because it exceeded search pattern filesize limit: coverage_profile_along_genes_(high).txt
[2026-05-28 13:51:31,582] multiqc                                            [DEBUG  ]  File ignored by ccs/v4 because it exceeded search pattern filesize limit: qualimapReport.html
[2026-05-28 13:51:31,583] multiqc                                            [DEBUG  ]  File ignored by hicexplorer because it exceeded search pattern filesize limit: qualimapReport.html
[2026-05-28 13:51:31,583] multiqc                                            [DEBUG  ]  File ignored by lima/summary because it exceeded search pattern filesize limit: qualimapReport.html
[2026-05-28 13:51:31,585] multiqc                                            [DEBUG  ]  File ignored by longranger/invocation because it exceeded search pattern filesize limit: qualimapReport.html
[2026-05-28 13:51:31,594] multiqc                                            [DEBUG  ]  File ignored by nanostat because it exceeded search pattern filesize limit: qualimapReport.html
[2026-05-28 13:51:31,626] multiqc                                            [DEBUG  ]  File ignored by ccs/v4 because it exceeded search pattern filesize limit: agogo.css
[2026-05-28 13:51:31,627] multiqc                                            [DEBUG  ]  File ignored by hicexplorer because it exceeded search pattern filesize limit: agogo.css
[2026-05-28 13:51:31,627] multiqc                                            [DEBUG  ]  File ignored by lima/summary because it exceeded search pattern filesize limit: agogo.css
[2026-05-28 13:51:31,629] multiqc                                            [DEBUG  ]  File ignored by longranger/invocation because it exceeded search pattern filesize limit: agogo.css
[2026-05-28 13:51:31,637] multiqc                                            [DEBUG  ]  File ignored by nanostat because it exceeded search pattern filesize limit: agogo.css
[2026-05-28 13:51:31,646] multiqc                                            [DEBUG  ]  File ignored by ccs/v4 because it exceeded search pattern filesize limit: basic.css
[2026-05-28 13:51:31,647] multiqc                                            [DEBUG  ]  File ignored by hicexplorer because it exceeded search pattern filesize limit: basic.css
[2026-05-28 13:51:31,647] multiqc                                            [DEBUG  ]  File ignored by lima/summary because it exceeded search pattern filesize limit: basic.css
[2026-05-28 13:51:31,649] multiqc                                            [DEBUG  ]  File ignored by longranger/invocation because it exceeded search pattern filesize limit: basic.css
[2026-05-28 13:51:31,658] multiqc                                            [DEBUG  ]  File ignored by nanostat because it exceeded search pattern filesize limit: basic.css
[2026-05-28 13:51:31,709] multiqc                                            [DEBUG  ]  File ignored by ccs/v4 because it exceeded search pattern filesize limit: doctools.js
[2026-05-28 13:51:31,710] multiqc                                            [DEBUG  ]  File ignored by hicexplorer because it exceeded search pattern filesize limit: doctools.js
[2026-05-28 13:51:31,710] multiqc                                            [DEBUG  ]  File ignored by lima/summary because it exceeded search pattern filesize limit: doctools.js
[2026-05-28 13:51:31,712] multiqc                                            [DEBUG  ]  File ignored by longranger/invocation because it exceeded search pattern filesize limit: doctools.js
[2026-05-28 13:51:31,717] multiqc                                            [DEBUG  ]  File ignored by nanostat because it exceeded search pattern filesize limit: doctools.js
[2026-05-28 13:51:31,743] multiqc                                            [DEBUG  ]  File ignored by ccs/v4 because it exceeded search pattern filesize limit: jquery.js
[2026-05-28 13:51:31,746] multiqc                                            [DEBUG  ]  File ignored by hicexplorer because it exceeded search pattern filesize limit: jquery.js
[2026-05-28 13:51:31,747] multiqc                                            [DEBUG  ]  File ignored by lima/summary because it exceeded search pattern filesize limit: jquery.js
[2026-05-28 13:51:31,749] multiqc                                            [DEBUG  ]  File ignored by longranger/invocation because it exceeded search pattern filesize limit: jquery.js
[2026-05-28 13:51:31,757] multiqc                                            [DEBUG  ]  File ignored by nanostat because it exceeded search pattern filesize limit: jquery.js
[2026-05-28 13:51:31,764] multiqc                                            [DEBUG  ]  File ignored by ccs/v4 because it exceeded search pattern filesize limit: pygments.css
[2026-05-28 13:51:31,765] multiqc                                            [DEBUG  ]  File ignored by lima/summary because it exceeded search pattern filesize limit: pygments.css
[2026-05-28 13:51:31,767] multiqc                                            [DEBUG  ]  File ignored by longranger/invocation because it exceeded search pattern filesize limit: pygments.css
[2026-05-28 13:51:31,787] multiqc                                            [DEBUG  ]  File ignored by ccs/v4 because it exceeded search pattern filesize limit: searchtools.js
[2026-05-28 13:51:31,788] multiqc                                            [DEBUG  ]  File ignored by hicexplorer because it exceeded search pattern filesize limit: searchtools.js
[2026-05-28 13:51:31,788] multiqc                                            [DEBUG  ]  File ignored by lima/summary because it exceeded search pattern filesize limit: searchtools.js
[2026-05-28 13:51:31,790] multiqc                                            [DEBUG  ]  File ignored by longranger/invocation because it exceeded search pattern filesize limit: searchtools.js
[2026-05-28 13:51:31,801] multiqc                                            [DEBUG  ]  File ignored by nanostat because it exceeded search pattern filesize limit: searchtools.js
[2026-05-28 13:51:31,806] multiqc                                            [DEBUG  ]  File ignored by ccs/v4 because it exceeded search pattern filesize limit: underscore.js
[2026-05-28 13:51:31,807] multiqc                                            [DEBUG  ]  File ignored by hicexplorer because it exceeded search pattern filesize limit: underscore.js
[2026-05-28 13:51:31,807] multiqc                                            [DEBUG  ]  File ignored by lima/summary because it exceeded search pattern filesize limit: underscore.js
[2026-05-28 13:51:31,809] multiqc                                            [DEBUG  ]  File ignored by longranger/invocation because it exceeded search pattern filesize limit: underscore.js
[2026-05-28 13:51:31,812] multiqc                                            [DEBUG  ]  File ignored by nanostat because it exceeded search pattern filesize limit: underscore.js
[2026-05-28 13:51:31,820] multiqc                                            [DEBUG  ]  File ignored by ccs/v4 because it exceeded search pattern filesize limit: websupport.js
[2026-05-28 13:51:31,821] multiqc                                            [DEBUG  ]  File ignored by hicexplorer because it exceeded search pattern filesize limit: websupport.js
[2026-05-28 13:51:31,821] multiqc                                            [DEBUG  ]  File ignored by lima/summary because it exceeded search pattern filesize limit: websupport.js
[2026-05-28 13:51:31,823] multiqc                                            [DEBUG  ]  File ignored by longranger/invocation because it exceeded search pattern filesize limit: websupport.js
[2026-05-28 13:51:31,839] multiqc                                            [DEBUG  ]  File ignored by nanostat because it exceeded search pattern filesize limit: websupport.js
[2026-05-28 13:51:31,896] multiqc                                            [DEBUG  ]  File ignored by ccs/v4 because it exceeded search pattern filesize limit: coverage_profile_along_genes_(low).txt
[2026-05-28 13:51:31,897] multiqc                                            [DEBUG  ]  File ignored by lima/summary because it exceeded search pattern filesize limit: coverage_profile_along_genes_(low).txt
[2026-05-28 13:51:31,899] multiqc                                            [DEBUG  ]  File ignored by longranger/invocation because it exceeded search pattern filesize limit: coverage_profile_along_genes_(low).txt
[2026-05-28 13:51:31,919] multiqc                                            [DEBUG  ]  File ignored by ccs/v4 because it exceeded search pattern filesize limit: coverage_profile_along_genes_(high).txt
[2026-05-28 13:51:31,920] multiqc                                            [DEBUG  ]  File ignored by lima/summary because it exceeded search pattern filesize limit: coverage_profile_along_genes_(high).txt
[2026-05-28 13:51:31,922] multiqc                                            [DEBUG  ]  File ignored by longranger/invocation because it exceeded search pattern filesize limit: coverage_profile_along_genes_(high).txt
[2026-05-28 13:51:32,024] multiqc                                            [DEBUG  ]  File ignored by ccs/v4 because it exceeded search pattern filesize limit: qualimapReport.html
[2026-05-28 13:51:32,025] multiqc                                            [DEBUG  ]  File ignored by hicexplorer because it exceeded search pattern filesize limit: qualimapReport.html
[2026-05-28 13:51:32,026] multiqc                                            [DEBUG  ]  File ignored by lima/summary because it exceeded search pattern filesize limit: qualimapReport.html
[2026-05-28 13:51:32,027] multiqc                                            [DEBUG  ]  File ignored by longranger/invocation because it exceeded search pattern filesize limit: qualimapReport.html
[2026-05-28 13:51:32,035] multiqc                                            [DEBUG  ]  File ignored by nanostat because it exceeded search pattern filesize limit: qualimapReport.html
[2026-05-28 13:51:32,096] multiqc                                            [DEBUG  ]  File ignored by ccs/v4 because it exceeded search pattern filesize limit: agogo.css
[2026-05-28 13:51:32,097] multiqc                                            [DEBUG  ]  File ignored by hicexplorer because it exceeded search pattern filesize limit: agogo.css
[2026-05-28 13:51:32,098] multiqc                                            [DEBUG  ]  File ignored by lima/summary because it exceeded search pattern filesize limit: agogo.css
[2026-05-28 13:51:32,099] multiqc                                            [DEBUG  ]  File ignored by longranger/invocation because it exceeded search pattern filesize limit: agogo.css
[2026-05-28 13:51:32,109] multiqc                                            [DEBUG  ]  File ignored by nanostat because it exceeded search pattern filesize limit: agogo.css
[2026-05-28 13:51:32,156] multiqc                                            [DEBUG  ]  File ignored by ccs/v4 because it exceeded search pattern filesize limit: basic.css
[2026-05-28 13:51:32,157] multiqc                                            [DEBUG  ]  File ignored by hicexplorer because it exceeded search pattern filesize limit: basic.css
[2026-05-28 13:51:32,157] multiqc                                            [DEBUG  ]  File ignored by lima/summary because it exceeded search pattern filesize limit: basic.css
[2026-05-28 13:51:32,159] multiqc                                            [DEBUG  ]  File ignored by longranger/invocation because it exceeded search pattern filesize limit: basic.css
[2026-05-28 13:51:32,169] multiqc                                            [DEBUG  ]  File ignored by nanostat because it exceeded search pattern filesize limit: basic.css
[2026-05-28 13:51:32,202] multiqc                                            [DEBUG  ]  File ignored by ccs/v4 because it exceeded search pattern filesize limit: doctools.js
[2026-05-28 13:51:32,203] multiqc                                            [DEBUG  ]  File ignored by hicexplorer because it exceeded search pattern filesize limit: doctools.js
[2026-05-28 13:51:32,203] multiqc                                            [DEBUG  ]  File ignored by lima/summary because it exceeded search pattern filesize limit: doctools.js
[2026-05-28 13:51:32,205] multiqc                                            [DEBUG  ]  File ignored by longranger/invocation because it exceeded search pattern filesize limit: doctools.js
[2026-05-28 13:51:32,211] multiqc                                            [DEBUG  ]  File ignored by nanostat because it exceeded search pattern filesize limit: doctools.js
[2026-05-28 13:51:32,326] multiqc                                            [DEBUG  ]  File ignored by ccs/v4 because it exceeded search pattern filesize limit: jquery.js
[2026-05-28 13:51:32,328] multiqc                                            [DEBUG  ]  File ignored by hicexplorer because it exceeded search pattern filesize limit: jquery.js
[2026-05-28 13:51:32,328] multiqc                                            [DEBUG  ]  File ignored by lima/summary because it exceeded search pattern filesize limit: jquery.js
[2026-05-28 13:51:32,330] multiqc                                            [DEBUG  ]  File ignored by longranger/invocation because it exceeded search pattern filesize limit: jquery.js
[2026-05-28 13:51:32,338] multiqc                                            [DEBUG  ]  File ignored by nanostat because it exceeded search pattern filesize limit: jquery.js
[2026-05-28 13:51:32,360] multiqc                                            [DEBUG  ]  File ignored by ccs/v4 because it exceeded search pattern filesize limit: pygments.css
[2026-05-28 13:51:32,361] multiqc                                            [DEBUG  ]  File ignored by lima/summary because it exceeded search pattern filesize limit: pygments.css
[2026-05-28 13:51:32,363] multiqc                                            [DEBUG  ]  File ignored by longranger/invocation because it exceeded search pattern filesize limit: pygments.css
[2026-05-28 13:51:32,435] multiqc                                            [DEBUG  ]  File ignored by ccs/v4 because it exceeded search pattern filesize limit: searchtools.js
[2026-05-28 13:51:32,436] multiqc                                            [DEBUG  ]  File ignored by hicexplorer because it exceeded search pattern filesize limit: searchtools.js
[2026-05-28 13:51:32,436] multiqc                                            [DEBUG  ]  File ignored by lima/summary because it exceeded search pattern filesize limit: searchtools.js
[2026-05-28 13:51:32,438] multiqc                                            [DEBUG  ]  File ignored by longranger/invocation because it exceeded search pattern filesize limit: searchtools.js
[2026-05-28 13:51:32,449] multiqc                                            [DEBUG  ]  File ignored by nanostat because it exceeded search pattern filesize limit: searchtools.js
[2026-05-28 13:51:32,454] multiqc                                            [DEBUG  ]  File ignored by ccs/v4 because it exceeded search pattern filesize limit: underscore.js
[2026-05-28 13:51:32,455] multiqc                                            [DEBUG  ]  File ignored by hicexplorer because it exceeded search pattern filesize limit: underscore.js
[2026-05-28 13:51:32,455] multiqc                                            [DEBUG  ]  File ignored by lima/summary because it exceeded search pattern filesize limit: underscore.js
[2026-05-28 13:51:32,457] multiqc                                            [DEBUG  ]  File ignored by longranger/invocation because it exceeded search pattern filesize limit: underscore.js
[2026-05-28 13:51:32,462] multiqc                                            [DEBUG  ]  File ignored by nanostat because it exceeded search pattern filesize limit: underscore.js
[2026-05-28 13:51:32,500] multiqc                                            [DEBUG  ]  File ignored by ccs/v4 because it exceeded search pattern filesize limit: websupport.js
[2026-05-28 13:51:32,501] multiqc                                            [DEBUG  ]  File ignored by hicexplorer because it exceeded search pattern filesize limit: websupport.js
[2026-05-28 13:51:32,501] multiqc                                            [DEBUG  ]  File ignored by lima/summary because it exceeded search pattern filesize limit: websupport.js
[2026-05-28 13:51:32,503] multiqc                                            [DEBUG  ]  File ignored by longranger/invocation because it exceeded search pattern filesize limit: websupport.js
[2026-05-28 13:51:32,519] multiqc                                            [DEBUG  ]  File ignored by nanostat because it exceeded search pattern filesize limit: websupport.js
[2026-05-28 13:51:32,525] multiqc                                            [DEBUG  ]  File ignored by ccs/v4 because it exceeded search pattern filesize limit: coverage_profile_along_genes_(low).txt
[2026-05-28 13:51:32,526] multiqc                                            [DEBUG  ]  File ignored by lima/summary because it exceeded search pattern filesize limit: coverage_profile_along_genes_(low).txt
[2026-05-28 13:51:32,528] multiqc                                            [DEBUG  ]  File ignored by longranger/invocation because it exceeded search pattern filesize limit: coverage_profile_along_genes_(low).txt
[2026-05-28 13:51:32,538] multiqc                                            [DEBUG  ]  File ignored by ccs/v4 because it exceeded search pattern filesize limit: coverage_profile_along_genes_(high).txt
[2026-05-28 13:51:32,539] multiqc                                            [DEBUG  ]  File ignored by lima/summary because it exceeded search pattern filesize limit: coverage_profile_along_genes_(high).txt
[2026-05-28 13:51:32,541] multiqc                                            [DEBUG  ]  File ignored by longranger/invocation because it exceeded search pattern filesize limit: coverage_profile_along_genes_(high).txt
[2026-05-28 13:51:32,568] multiqc                                            [DEBUG  ]  File ignored by ccs/v4 because it exceeded search pattern filesize limit: qualimapReport.html
[2026-05-28 13:51:32,569] multiqc                                            [DEBUG  ]  File ignored by hicexplorer because it exceeded search pattern filesize limit: qualimapReport.html
[2026-05-28 13:51:32,569] multiqc                                            [DEBUG  ]  File ignored by lima/summary because it exceeded search pattern filesize limit: qualimapReport.html
[2026-05-28 13:51:32,571] multiqc                                            [DEBUG  ]  File ignored by longranger/invocation because it exceeded search pattern filesize limit: qualimapReport.html
[2026-05-28 13:51:32,579] multiqc                                            [DEBUG  ]  File ignored by nanostat because it exceeded search pattern filesize limit: qualimapReport.html
[2026-05-28 13:51:32,690] multiqc                                            [DEBUG  ]  File ignored by ccs/v4 because it exceeded search pattern filesize limit: agogo.css
[2026-05-28 13:51:32,691] multiqc                                            [DEBUG  ]  File ignored by hicexplorer because it exceeded search pattern filesize limit: agogo.css
[2026-05-28 13:51:32,691] multiqc                                            [DEBUG  ]  File ignored by lima/summary because it exceeded search pattern filesize limit: agogo.css
[2026-05-28 13:51:32,693] multiqc                                            [DEBUG  ]  File ignored by longranger/invocation because it exceeded search pattern filesize limit: agogo.css
[2026-05-28 13:51:32,702] multiqc                                            [DEBUG  ]  File ignored by nanostat because it exceeded search pattern filesize limit: agogo.css
[2026-05-28 13:51:32,796] multiqc                                            [DEBUG  ]  File ignored by ccs/v4 because it exceeded search pattern filesize limit: basic.css
[2026-05-28 13:51:32,797] multiqc                                            [DEBUG  ]  File ignored by hicexplorer because it exceeded search pattern filesize limit: basic.css
[2026-05-28 13:51:32,797] multiqc                                            [DEBUG  ]  File ignored by lima/summary because it exceeded search pattern filesize limit: basic.css
[2026-05-28 13:51:32,799] multiqc                                            [DEBUG  ]  File ignored by longranger/invocation because it exceeded search pattern filesize limit: basic.css
[2026-05-28 13:51:32,811] multiqc                                            [DEBUG  ]  File ignored by nanostat because it exceeded search pattern filesize limit: basic.css
[2026-05-28 13:51:32,863] multiqc                                            [DEBUG  ]  File ignored by ccs/v4 because it exceeded search pattern filesize limit: doctools.js
[2026-05-28 13:51:32,864] multiqc                                            [DEBUG  ]  File ignored by hicexplorer because it exceeded search pattern filesize limit: doctools.js
[2026-05-28 13:51:32,864] multiqc                                            [DEBUG  ]  File ignored by lima/summary because it exceeded search pattern filesize limit: doctools.js
[2026-05-28 13:51:32,866] multiqc                                            [DEBUG  ]  File ignored by longranger/invocation because it exceeded search pattern filesize limit: doctools.js
[2026-05-28 13:51:32,875] multiqc                                            [DEBUG  ]  File ignored by nanostat because it exceeded search pattern filesize limit: doctools.js
[2026-05-28 13:51:33,021] multiqc                                            [DEBUG  ]  File ignored by ccs/v4 because it exceeded search pattern filesize limit: jquery.js
[2026-05-28 13:51:33,022] multiqc                                            [DEBUG  ]  File ignored by hicexplorer because it exceeded search pattern filesize limit: jquery.js
[2026-05-28 13:51:33,022] multiqc                                            [DEBUG  ]  File ignored by lima/summary because it exceeded search pattern filesize limit: jquery.js
[2026-05-28 13:51:33,024] multiqc                                            [DEBUG  ]  File ignored by longranger/invocation because it exceeded search pattern filesize limit: jquery.js
[2026-05-28 13:51:33,031] multiqc                                            [DEBUG  ]  File ignored by nanostat because it exceeded search pattern filesize limit: jquery.js
[2026-05-28 13:51:33,055] multiqc                                            [DEBUG  ]  File ignored by ccs/v4 because it exceeded search pattern filesize limit: pygments.css
[2026-05-28 13:51:33,056] multiqc                                            [DEBUG  ]  File ignored by lima/summary because it exceeded search pattern filesize limit: pygments.css
[2026-05-28 13:51:33,058] multiqc                                            [DEBUG  ]  File ignored by longranger/invocation because it exceeded search pattern filesize limit: pygments.css
[2026-05-28 13:51:33,188] multiqc                                            [DEBUG  ]  File ignored by ccs/v4 because it exceeded search pattern filesize limit: searchtools.js
[2026-05-28 13:51:33,189] multiqc                                            [DEBUG  ]  File ignored by hicexplorer because it exceeded search pattern filesize limit: searchtools.js
[2026-05-28 13:51:33,189] multiqc                                            [DEBUG  ]  File ignored by lima/summary because it exceeded search pattern filesize limit: searchtools.js
[2026-05-28 13:51:33,191] multiqc                                            [DEBUG  ]  File ignored by longranger/invocation because it exceeded search pattern filesize limit: searchtools.js
[2026-05-28 13:51:33,202] multiqc                                            [DEBUG  ]  File ignored by nanostat because it exceeded search pattern filesize limit: searchtools.js
[2026-05-28 13:51:33,206] multiqc                                            [DEBUG  ]  File ignored by ccs/v4 because it exceeded search pattern filesize limit: underscore.js
[2026-05-28 13:51:33,207] multiqc                                            [DEBUG  ]  File ignored by hicexplorer because it exceeded search pattern filesize limit: underscore.js
[2026-05-28 13:51:33,208] multiqc                                            [DEBUG  ]  File ignored by lima/summary because it exceeded search pattern filesize limit: underscore.js
[2026-05-28 13:51:33,209] multiqc                                            [DEBUG  ]  File ignored by longranger/invocation because it exceeded search pattern filesize limit: underscore.js
[2026-05-28 13:51:33,213] multiqc                                            [DEBUG  ]  File ignored by nanostat because it exceeded search pattern filesize limit: underscore.js
[2026-05-28 13:51:33,253] multiqc                                            [DEBUG  ]  File ignored by ccs/v4 because it exceeded search pattern filesize limit: websupport.js
[2026-05-28 13:51:33,254] multiqc                                            [DEBUG  ]  File ignored by hicexplorer because it exceeded search pattern filesize limit: websupport.js
[2026-05-28 13:51:33,255] multiqc                                            [DEBUG  ]  File ignored by lima/summary because it exceeded search pattern filesize limit: websupport.js
[2026-05-28 13:51:33,256] multiqc                                            [DEBUG  ]  File ignored by longranger/invocation because it exceeded search pattern filesize limit: websupport.js
[2026-05-28 13:51:33,271] multiqc                                            [DEBUG  ]  File ignored by nanostat because it exceeded search pattern filesize limit: websupport.js
[2026-05-28 13:51:33,347] multiqc                                            [DEBUG  ]  File ignored by ccs/v4 because it exceeded search pattern filesize limit: coverage_profile_along_genes_(low).txt
[2026-05-28 13:51:33,349] multiqc                                            [DEBUG  ]  File ignored by lima/summary because it exceeded search pattern filesize limit: coverage_profile_along_genes_(low).txt
[2026-05-28 13:51:33,351] multiqc                                            [DEBUG  ]  File ignored by longranger/invocation because it exceeded search pattern filesize limit: coverage_profile_along_genes_(low).txt
[2026-05-28 13:51:33,395] multiqc                                            [DEBUG  ]  File ignored by ccs/v4 because it exceeded search pattern filesize limit: coverage_profile_along_genes_(high).txt
[2026-05-28 13:51:33,396] multiqc                                            [DEBUG  ]  File ignored by lima/summary because it exceeded search pattern filesize limit: coverage_profile_along_genes_(high).txt
[2026-05-28 13:51:33,398] multiqc                                            [DEBUG  ]  File ignored by longranger/invocation because it exceeded search pattern filesize limit: coverage_profile_along_genes_(high).txt
[2026-05-28 13:51:33,452] multiqc                                            [DEBUG  ]  File ignored by ccs/v4 because it exceeded search pattern filesize limit: qualimapReport.html
[2026-05-28 13:51:33,453] multiqc                                            [DEBUG  ]  File ignored by hicexplorer because it exceeded search pattern filesize limit: qualimapReport.html
[2026-05-28 13:51:33,453] multiqc                                            [DEBUG  ]  File ignored by lima/summary because it exceeded search pattern filesize limit: qualimapReport.html
[2026-05-28 13:51:33,455] multiqc                                            [DEBUG  ]  File ignored by longranger/invocation because it exceeded search pattern filesize limit: qualimapReport.html
[2026-05-28 13:51:33,464] multiqc                                            [DEBUG  ]  File ignored by nanostat because it exceeded search pattern filesize limit: qualimapReport.html
[2026-05-28 13:51:33,507] multiqc                                            [DEBUG  ]  File ignored by ccs/v4 because it exceeded search pattern filesize limit: agogo.css
[2026-05-28 13:51:33,508] multiqc                                            [DEBUG  ]  File ignored by hicexplorer because it exceeded search pattern filesize limit: agogo.css
[2026-05-28 13:51:33,508] multiqc                                            [DEBUG  ]  File ignored by lima/summary because it exceeded search pattern filesize limit: agogo.css
[2026-05-28 13:51:33,510] multiqc                                            [DEBUG  ]  File ignored by longranger/invocation because it exceeded search pattern filesize limit: agogo.css
[2026-05-28 13:51:33,520] multiqc                                            [DEBUG  ]  File ignored by nanostat because it exceeded search pattern filesize limit: agogo.css
[2026-05-28 13:51:33,560] multiqc                                            [DEBUG  ]  File ignored by ccs/v4 because it exceeded search pattern filesize limit: basic.css
[2026-05-28 13:51:33,561] multiqc                                            [DEBUG  ]  File ignored by hicexplorer because it exceeded search pattern filesize limit: basic.css
[2026-05-28 13:51:33,561] multiqc                                            [DEBUG  ]  File ignored by lima/summary because it exceeded search pattern filesize limit: basic.css
[2026-05-28 13:51:33,563] multiqc                                            [DEBUG  ]  File ignored by longranger/invocation because it exceeded search pattern filesize limit: basic.css
[2026-05-28 13:51:33,574] multiqc                                            [DEBUG  ]  File ignored by nanostat because it exceeded search pattern filesize limit: basic.css
[2026-05-28 13:51:33,687] multiqc                                            [DEBUG  ]  File ignored by ccs/v4 because it exceeded search pattern filesize limit: doctools.js
[2026-05-28 13:51:33,689] multiqc                                            [DEBUG  ]  File ignored by hicexplorer because it exceeded search pattern filesize limit: doctools.js
[2026-05-28 13:51:33,689] multiqc                                            [DEBUG  ]  File ignored by lima/summary because it exceeded search pattern filesize limit: doctools.js
[2026-05-28 13:51:33,691] multiqc                                            [DEBUG  ]  File ignored by longranger/invocation because it exceeded search pattern filesize limit: doctools.js
[2026-05-28 13:51:33,697] multiqc                                            [DEBUG  ]  File ignored by nanostat because it exceeded search pattern filesize limit: doctools.js
[2026-05-28 13:51:33,784] multiqc                                            [DEBUG  ]  File ignored by ccs/v4 because it exceeded search pattern filesize limit: jquery.js
[2026-05-28 13:51:33,785] multiqc                                            [DEBUG  ]  File ignored by hicexplorer because it exceeded search pattern filesize limit: jquery.js
[2026-05-28 13:51:33,785] multiqc                                            [DEBUG  ]  File ignored by lima/summary because it exceeded search pattern filesize limit: jquery.js
[2026-05-28 13:51:33,787] multiqc                                            [DEBUG  ]  File ignored by longranger/invocation because it exceeded search pattern filesize limit: jquery.js
[2026-05-28 13:51:33,797] multiqc                                            [DEBUG  ]  File ignored by nanostat because it exceeded search pattern filesize limit: jquery.js
[2026-05-28 13:51:33,836] multiqc                                            [DEBUG  ]  File ignored by ccs/v4 because it exceeded search pattern filesize limit: pygments.css
[2026-05-28 13:51:33,837] multiqc                                            [DEBUG  ]  File ignored by lima/summary because it exceeded search pattern filesize limit: pygments.css
[2026-05-28 13:51:33,839] multiqc                                            [DEBUG  ]  File ignored by longranger/invocation because it exceeded search pattern filesize limit: pygments.css
[2026-05-28 13:51:33,929] multiqc                                            [DEBUG  ]  File ignored by ccs/v4 because it exceeded search pattern filesize limit: searchtools.js
[2026-05-28 13:51:33,930] multiqc                                            [DEBUG  ]  File ignored by hicexplorer because it exceeded search pattern filesize limit: searchtools.js
[2026-05-28 13:51:33,930] multiqc                                            [DEBUG  ]  File ignored by lima/summary because it exceeded search pattern filesize limit: searchtools.js
[2026-05-28 13:51:33,932] multiqc                                            [DEBUG  ]  File ignored by longranger/invocation because it exceeded search pattern filesize limit: searchtools.js
[2026-05-28 13:51:33,945] multiqc                                            [DEBUG  ]  File ignored by nanostat because it exceeded search pattern filesize limit: searchtools.js
[2026-05-28 13:51:34,008] multiqc                                            [DEBUG  ]  File ignored by ccs/v4 because it exceeded search pattern filesize limit: underscore.js
[2026-05-28 13:51:34,009] multiqc                                            [DEBUG  ]  File ignored by hicexplorer because it exceeded search pattern filesize limit: underscore.js
[2026-05-28 13:51:34,009] multiqc                                            [DEBUG  ]  File ignored by lima/summary because it exceeded search pattern filesize limit: underscore.js
[2026-05-28 13:51:34,011] multiqc                                            [DEBUG  ]  File ignored by longranger/invocation because it exceeded search pattern filesize limit: underscore.js
[2026-05-28 13:51:34,014] multiqc                                            [DEBUG  ]  File ignored by nanostat because it exceeded search pattern filesize limit: underscore.js
[2026-05-28 13:51:34,031] multiqc                                            [DEBUG  ]  File ignored by ccs/v4 because it exceeded search pattern filesize limit: websupport.js
[2026-05-28 13:51:34,032] multiqc                                            [DEBUG  ]  File ignored by hicexplorer because it exceeded search pattern filesize limit: websupport.js
[2026-05-28 13:51:34,032] multiqc                                            [DEBUG  ]  File ignored by lima/summary because it exceeded search pattern filesize limit: websupport.js
[2026-05-28 13:51:34,034] multiqc                                            [DEBUG  ]  File ignored by longranger/invocation because it exceeded search pattern filesize limit: websupport.js
[2026-05-28 13:51:34,049] multiqc                                            [DEBUG  ]  File ignored by nanostat because it exceeded search pattern filesize limit: websupport.js
[2026-05-28 13:51:34,087] multiqc                                            [DEBUG  ]  File ignored by ccs/v4 because it exceeded search pattern filesize limit: coverage_profile_along_genes_(low).txt
[2026-05-28 13:51:34,088] multiqc                                            [DEBUG  ]  File ignored by lima/summary because it exceeded search pattern filesize limit: coverage_profile_along_genes_(low).txt
[2026-05-28 13:51:34,090] multiqc                                            [DEBUG  ]  File ignored by longranger/invocation because it exceeded search pattern filesize limit: coverage_profile_along_genes_(low).txt
[2026-05-28 13:51:34,116] multiqc                                            [DEBUG  ]  File ignored by ccs/v4 because it exceeded search pattern filesize limit: coverage_profile_along_genes_(high).txt
[2026-05-28 13:51:34,117] multiqc                                            [DEBUG  ]  File ignored by lima/summary because it exceeded search pattern filesize limit: coverage_profile_along_genes_(high).txt
[2026-05-28 13:51:34,119] multiqc                                            [DEBUG  ]  File ignored by longranger/invocation because it exceeded search pattern filesize limit: coverage_profile_along_genes_(high).txt
[2026-05-28 13:51:34,202] multiqc                                            [DEBUG  ]  File ignored by ccs/v4 because it exceeded search pattern filesize limit: qualimapReport.html
[2026-05-28 13:51:34,203] multiqc                                            [DEBUG  ]  File ignored by hicexplorer because it exceeded search pattern filesize limit: qualimapReport.html
[2026-05-28 13:51:34,203] multiqc                                            [DEBUG  ]  File ignored by lima/summary because it exceeded search pattern filesize limit: qualimapReport.html
[2026-05-28 13:51:34,205] multiqc                                            [DEBUG  ]  File ignored by longranger/invocation because it exceeded search pattern filesize limit: qualimapReport.html
[2026-05-28 13:51:34,212] multiqc                                            [DEBUG  ]  File ignored by nanostat because it exceeded search pattern filesize limit: qualimapReport.html
[2026-05-28 13:51:34,242] multiqc                                            [DEBUG  ]  File ignored by ccs/v4 because it exceeded search pattern filesize limit: agogo.css
[2026-05-28 13:51:34,244] multiqc                                            [DEBUG  ]  File ignored by hicexplorer because it exceeded search pattern filesize limit: agogo.css
[2026-05-28 13:51:34,244] multiqc                                            [DEBUG  ]  File ignored by lima/summary because it exceeded search pattern filesize limit: agogo.css
[2026-05-28 13:51:34,246] multiqc                                            [DEBUG  ]  File ignored by longranger/invocation because it exceeded search pattern filesize limit: agogo.css
[2026-05-28 13:51:34,254] multiqc                                            [DEBUG  ]  File ignored by nanostat because it exceeded search pattern filesize limit: agogo.css
[2026-05-28 13:51:34,283] multiqc                                            [DEBUG  ]  File ignored by ccs/v4 because it exceeded search pattern filesize limit: basic.css
[2026-05-28 13:51:34,284] multiqc                                            [DEBUG  ]  File ignored by hicexplorer because it exceeded search pattern filesize limit: basic.css
[2026-05-28 13:51:34,284] multiqc                                            [DEBUG  ]  File ignored by lima/summary because it exceeded search pattern filesize limit: basic.css
[2026-05-28 13:51:34,286] multiqc                                            [DEBUG  ]  File ignored by longranger/invocation because it exceeded search pattern filesize limit: basic.css
[2026-05-28 13:51:34,298] multiqc                                            [DEBUG  ]  File ignored by nanostat because it exceeded search pattern filesize limit: basic.css
[2026-05-28 13:51:34,361] multiqc                                            [DEBUG  ]  File ignored by ccs/v4 because it exceeded search pattern filesize limit: doctools.js
[2026-05-28 13:51:34,362] multiqc                                            [DEBUG  ]  File ignored by hicexplorer because it exceeded search pattern filesize limit: doctools.js
[2026-05-28 13:51:34,363] multiqc                                            [DEBUG  ]  File ignored by lima/summary because it exceeded search pattern filesize limit: doctools.js
[2026-05-28 13:51:34,364] multiqc                                            [DEBUG  ]  File ignored by longranger/invocation because it exceeded search pattern filesize limit: doctools.js
[2026-05-28 13:51:34,371] multiqc                                            [DEBUG  ]  File ignored by nanostat because it exceeded search pattern filesize limit: doctools.js
[2026-05-28 13:51:34,405] multiqc                                            [DEBUG  ]  File ignored by ccs/v4 because it exceeded search pattern filesize limit: jquery.js
[2026-05-28 13:51:34,406] multiqc                                            [DEBUG  ]  File ignored by hicexplorer because it exceeded search pattern filesize limit: jquery.js
[2026-05-28 13:51:34,406] multiqc                                            [DEBUG  ]  File ignored by lima/summary because it exceeded search pattern filesize limit: jquery.js
[2026-05-28 13:51:34,408] multiqc                                            [DEBUG  ]  File ignored by longranger/invocation because it exceeded search pattern filesize limit: jquery.js
[2026-05-28 13:51:34,418] multiqc                                            [DEBUG  ]  File ignored by nanostat because it exceeded search pattern filesize limit: jquery.js
[2026-05-28 13:51:34,440] multiqc                                            [DEBUG  ]  File ignored by ccs/v4 because it exceeded search pattern filesize limit: pygments.css
[2026-05-28 13:51:34,441] multiqc                                            [DEBUG  ]  File ignored by lima/summary because it exceeded search pattern filesize limit: pygments.css
[2026-05-28 13:51:34,443] multiqc                                            [DEBUG  ]  File ignored by longranger/invocation because it exceeded search pattern filesize limit: pygments.css
[2026-05-28 13:51:34,509] multiqc                                            [DEBUG  ]  File ignored by ccs/v4 because it exceeded search pattern filesize limit: searchtools.js
[2026-05-28 13:51:34,510] multiqc                                            [DEBUG  ]  File ignored by hicexplorer because it exceeded search pattern filesize limit: searchtools.js
[2026-05-28 13:51:34,511] multiqc                                            [DEBUG  ]  File ignored by lima/summary because it exceeded search pattern filesize limit: searchtools.js
[2026-05-28 13:51:34,512] multiqc                                            [DEBUG  ]  File ignored by longranger/invocation because it exceeded search pattern filesize limit: searchtools.js
[2026-05-28 13:51:34,523] multiqc                                            [DEBUG  ]  File ignored by nanostat because it exceeded search pattern filesize limit: searchtools.js
[2026-05-28 13:51:34,540] multiqc                                            [DEBUG  ]  File ignored by ccs/v4 because it exceeded search pattern filesize limit: underscore.js
[2026-05-28 13:51:34,541] multiqc                                            [DEBUG  ]  File ignored by hicexplorer because it exceeded search pattern filesize limit: underscore.js
[2026-05-28 13:51:34,541] multiqc                                            [DEBUG  ]  File ignored by lima/summary because it exceeded search pattern filesize limit: underscore.js
[2026-05-28 13:51:34,543] multiqc                                            [DEBUG  ]  File ignored by longranger/invocation because it exceeded search pattern filesize limit: underscore.js
[2026-05-28 13:51:34,546] multiqc                                            [DEBUG  ]  File ignored by nanostat because it exceeded search pattern filesize limit: underscore.js
[2026-05-28 13:51:34,559] multiqc                                            [DEBUG  ]  File ignored by ccs/v4 because it exceeded search pattern filesize limit: websupport.js
[2026-05-28 13:51:34,560] multiqc                                            [DEBUG  ]  File ignored by hicexplorer because it exceeded search pattern filesize limit: websupport.js
[2026-05-28 13:51:34,560] multiqc                                            [DEBUG  ]  File ignored by lima/summary because it exceeded search pattern filesize limit: websupport.js
[2026-05-28 13:51:34,562] multiqc                                            [DEBUG  ]  File ignored by longranger/invocation because it exceeded search pattern filesize limit: websupport.js
[2026-05-28 13:51:34,576] multiqc                                            [DEBUG  ]  File ignored by nanostat because it exceeded search pattern filesize limit: websupport.js
[2026-05-28 13:51:34,641] multiqc                                            [DEBUG  ]  File ignored by ccs/v4 because it exceeded search pattern filesize limit: coverage_profile_along_genes_(low).txt
[2026-05-28 13:51:34,642] multiqc                                            [DEBUG  ]  File ignored by lima/summary because it exceeded search pattern filesize limit: coverage_profile_along_genes_(low).txt
[2026-05-28 13:51:34,644] multiqc                                            [DEBUG  ]  File ignored by longranger/invocation because it exceeded search pattern filesize limit: coverage_profile_along_genes_(low).txt
[2026-05-28 13:51:34,653] multiqc                                            [DEBUG  ]  File ignored by ccs/v4 because it exceeded search pattern filesize limit: coverage_profile_along_genes_(high).txt
[2026-05-28 13:51:34,654] multiqc                                            [DEBUG  ]  File ignored by lima/summary because it exceeded search pattern filesize limit: coverage_profile_along_genes_(high).txt
[2026-05-28 13:51:34,656] multiqc                                            [DEBUG  ]  File ignored by longranger/invocation because it exceeded search pattern filesize limit: coverage_profile_along_genes_(high).txt
[2026-05-28 13:51:34,694] multiqc                                            [DEBUG  ]  File ignored by ccs/v4 because it exceeded search pattern filesize limit: qualimapReport.html
[2026-05-28 13:51:34,695] multiqc                                            [DEBUG  ]  File ignored by hicexplorer because it exceeded search pattern filesize limit: qualimapReport.html
[2026-05-28 13:51:34,695] multiqc                                            [DEBUG  ]  File ignored by lima/summary because it exceeded search pattern filesize limit: qualimapReport.html
[2026-05-28 13:51:34,697] multiqc                                            [DEBUG  ]  File ignored by longranger/invocation because it exceeded search pattern filesize limit: qualimapReport.html
[2026-05-28 13:51:34,704] multiqc                                            [DEBUG  ]  File ignored by nanostat because it exceeded search pattern filesize limit: qualimapReport.html
[2026-05-28 13:51:34,959] multiqc                                            [DEBUG  ]  File ignored by ccs/v4 because it exceeded search pattern filesize limit: agogo.css
[2026-05-28 13:51:34,960] multiqc                                            [DEBUG  ]  File ignored by hicexplorer because it exceeded search pattern filesize limit: agogo.css
[2026-05-28 13:51:34,960] multiqc                                            [DEBUG  ]  File ignored by lima/summary because it exceeded search pattern filesize limit: agogo.css
[2026-05-28 13:51:34,962] multiqc                                            [DEBUG  ]  File ignored by longranger/invocation because it exceeded search pattern filesize limit: agogo.css
[2026-05-28 13:51:34,973] multiqc                                            [DEBUG  ]  File ignored by nanostat because it exceeded search pattern filesize limit: agogo.css
[2026-05-28 13:51:34,990] multiqc                                            [DEBUG  ]  File ignored by ccs/v4 because it exceeded search pattern filesize limit: basic.css
[2026-05-28 13:51:34,991] multiqc                                            [DEBUG  ]  File ignored by hicexplorer because it exceeded search pattern filesize limit: basic.css
[2026-05-28 13:51:34,991] multiqc                                            [DEBUG  ]  File ignored by lima/summary because it exceeded search pattern filesize limit: basic.css
[2026-05-28 13:51:34,993] multiqc                                            [DEBUG  ]  File ignored by longranger/invocation because it exceeded search pattern filesize limit: basic.css
[2026-05-28 13:51:35,003] multiqc                                            [DEBUG  ]  File ignored by nanostat because it exceeded search pattern filesize limit: basic.css
[2026-05-28 13:51:35,065] multiqc                                            [DEBUG  ]  File ignored by ccs/v4 because it exceeded search pattern filesize limit: doctools.js
[2026-05-28 13:51:35,066] multiqc                                            [DEBUG  ]  File ignored by hicexplorer because it exceeded search pattern filesize limit: doctools.js
[2026-05-28 13:51:35,066] multiqc                                            [DEBUG  ]  File ignored by lima/summary because it exceeded search pattern filesize limit: doctools.js
[2026-05-28 13:51:35,068] multiqc                                            [DEBUG  ]  File ignored by longranger/invocation because it exceeded search pattern filesize limit: doctools.js
[2026-05-28 13:51:35,074] multiqc                                            [DEBUG  ]  File ignored by nanostat because it exceeded search pattern filesize limit: doctools.js
[2026-05-28 13:51:35,152] multiqc                                            [DEBUG  ]  File ignored by ccs/v4 because it exceeded search pattern filesize limit: jquery.js
[2026-05-28 13:51:35,153] multiqc                                            [DEBUG  ]  File ignored by hicexplorer because it exceeded search pattern filesize limit: jquery.js
[2026-05-28 13:51:35,153] multiqc                                            [DEBUG  ]  File ignored by lima/summary because it exceeded search pattern filesize limit: jquery.js
[2026-05-28 13:51:35,156] multiqc                                            [DEBUG  ]  File ignored by longranger/invocation because it exceeded search pattern filesize limit: jquery.js
[2026-05-28 13:51:35,164] multiqc                                            [DEBUG  ]  File ignored by nanostat because it exceeded search pattern filesize limit: jquery.js
[2026-05-28 13:51:35,175] multiqc                                            [DEBUG  ]  File ignored by ccs/v4 because it exceeded search pattern filesize limit: pygments.css
[2026-05-28 13:51:35,177] multiqc                                            [DEBUG  ]  File ignored by lima/summary because it exceeded search pattern filesize limit: pygments.css
[2026-05-28 13:51:35,179] multiqc                                            [DEBUG  ]  File ignored by longranger/invocation because it exceeded search pattern filesize limit: pygments.css
[2026-05-28 13:51:35,216] multiqc                                            [DEBUG  ]  File ignored by ccs/v4 because it exceeded search pattern filesize limit: searchtools.js
[2026-05-28 13:51:35,217] multiqc                                            [DEBUG  ]  File ignored by hicexplorer because it exceeded search pattern filesize limit: searchtools.js
[2026-05-28 13:51:35,217] multiqc                                            [DEBUG  ]  File ignored by lima/summary because it exceeded search pattern filesize limit: searchtools.js
[2026-05-28 13:51:35,219] multiqc                                            [DEBUG  ]  File ignored by longranger/invocation because it exceeded search pattern filesize limit: searchtools.js
[2026-05-28 13:51:35,232] multiqc                                            [DEBUG  ]  File ignored by nanostat because it exceeded search pattern filesize limit: searchtools.js
[2026-05-28 13:51:35,255] multiqc                                            [DEBUG  ]  File ignored by ccs/v4 because it exceeded search pattern filesize limit: underscore.js
[2026-05-28 13:51:35,256] multiqc                                            [DEBUG  ]  File ignored by hicexplorer because it exceeded search pattern filesize limit: underscore.js
[2026-05-28 13:51:35,256] multiqc                                            [DEBUG  ]  File ignored by lima/summary because it exceeded search pattern filesize limit: underscore.js
[2026-05-28 13:51:35,258] multiqc                                            [DEBUG  ]  File ignored by longranger/invocation because it exceeded search pattern filesize limit: underscore.js
[2026-05-28 13:51:35,261] multiqc                                            [DEBUG  ]  File ignored by nanostat because it exceeded search pattern filesize limit: underscore.js
[2026-05-28 13:51:35,277] multiqc                                            [DEBUG  ]  File ignored by ccs/v4 because it exceeded search pattern filesize limit: websupport.js
[2026-05-28 13:51:35,278] multiqc                                            [DEBUG  ]  File ignored by hicexplorer because it exceeded search pattern filesize limit: websupport.js
[2026-05-28 13:51:35,278] multiqc                                            [DEBUG  ]  File ignored by lima/summary because it exceeded search pattern filesize limit: websupport.js
[2026-05-28 13:51:35,280] multiqc                                            [DEBUG  ]  File ignored by longranger/invocation because it exceeded search pattern filesize limit: websupport.js
[2026-05-28 13:51:35,294] multiqc                                            [DEBUG  ]  File ignored by nanostat because it exceeded search pattern filesize limit: websupport.js
[2026-05-28 13:51:35,334] multiqc                                            [DEBUG  ]  File ignored by ccs/v4 because it exceeded search pattern filesize limit: coverage_profile_along_genes_(low).txt
[2026-05-28 13:51:35,336] multiqc                                            [DEBUG  ]  File ignored by lima/summary because it exceeded search pattern filesize limit: coverage_profile_along_genes_(low).txt
[2026-05-28 13:51:35,338] multiqc                                            [DEBUG  ]  File ignored by longranger/invocation because it exceeded search pattern filesize limit: coverage_profile_along_genes_(low).txt
[2026-05-28 13:51:35,353] multiqc                                            [DEBUG  ]  File ignored by ccs/v4 because it exceeded search pattern filesize limit: coverage_profile_along_genes_(high).txt
[2026-05-28 13:51:35,354] multiqc                                            [DEBUG  ]  File ignored by lima/summary because it exceeded search pattern filesize limit: coverage_profile_along_genes_(high).txt
[2026-05-28 13:51:35,356] multiqc                                            [DEBUG  ]  File ignored by longranger/invocation because it exceeded search pattern filesize limit: coverage_profile_along_genes_(high).txt
[2026-05-28 13:51:35,391] multiqc                                            [DEBUG  ]  File ignored by ccs/v4 because it exceeded search pattern filesize limit: qualimapReport.html
[2026-05-28 13:51:35,392] multiqc                                            [DEBUG  ]  File ignored by hicexplorer because it exceeded search pattern filesize limit: qualimapReport.html
[2026-05-28 13:51:35,392] multiqc                                            [DEBUG  ]  File ignored by lima/summary because it exceeded search pattern filesize limit: qualimapReport.html
[2026-05-28 13:51:35,395] multiqc                                            [DEBUG  ]  File ignored by longranger/invocation because it exceeded search pattern filesize limit: qualimapReport.html
[2026-05-28 13:51:35,402] multiqc                                            [DEBUG  ]  File ignored by nanostat because it exceeded search pattern filesize limit: qualimapReport.html
[2026-05-28 13:51:35,540] multiqc                                            [DEBUG  ]  File ignored by ccs/v4 because it exceeded search pattern filesize limit: agogo.css
[2026-05-28 13:51:35,541] multiqc                                            [DEBUG  ]  File ignored by hicexplorer because it exceeded search pattern filesize limit: agogo.css
[2026-05-28 13:51:35,541] multiqc                                            [DEBUG  ]  File ignored by lima/summary because it exceeded search pattern filesize limit: agogo.css
[2026-05-28 13:51:35,543] multiqc                                            [DEBUG  ]  File ignored by longranger/invocation because it exceeded search pattern filesize limit: agogo.css
[2026-05-28 13:51:35,552] multiqc                                            [DEBUG  ]  File ignored by nanostat because it exceeded search pattern filesize limit: agogo.css
[2026-05-28 13:51:35,740] multiqc                                            [DEBUG  ]  File ignored by ccs/v4 because it exceeded search pattern filesize limit: basic.css
[2026-05-28 13:51:35,741] multiqc                                            [DEBUG  ]  File ignored by hicexplorer because it exceeded search pattern filesize limit: basic.css
[2026-05-28 13:51:35,741] multiqc                                            [DEBUG  ]  File ignored by lima/summary because it exceeded search pattern filesize limit: basic.css
[2026-05-28 13:51:35,744] multiqc                                            [DEBUG  ]  File ignored by longranger/invocation because it exceeded search pattern filesize limit: basic.css
[2026-05-28 13:51:35,754] multiqc                                            [DEBUG  ]  File ignored by nanostat because it exceeded search pattern filesize limit: basic.css
[2026-05-28 13:51:35,795] multiqc                                            [DEBUG  ]  File ignored by ccs/v4 because it exceeded search pattern filesize limit: doctools.js
[2026-05-28 13:51:35,796] multiqc                                            [DEBUG  ]  File ignored by hicexplorer because it exceeded search pattern filesize limit: doctools.js
[2026-05-28 13:51:35,796] multiqc                                            [DEBUG  ]  File ignored by lima/summary because it exceeded search pattern filesize limit: doctools.js
[2026-05-28 13:51:35,798] multiqc                                            [DEBUG  ]  File ignored by longranger/invocation because it exceeded search pattern filesize limit: doctools.js
[2026-05-28 13:51:35,805] multiqc                                            [DEBUG  ]  File ignored by nanostat because it exceeded search pattern filesize limit: doctools.js
[2026-05-28 13:51:35,902] multiqc                                            [DEBUG  ]  File ignored by ccs/v4 because it exceeded search pattern filesize limit: jquery.js
[2026-05-28 13:51:35,903] multiqc                                            [DEBUG  ]  File ignored by hicexplorer because it exceeded search pattern filesize limit: jquery.js
[2026-05-28 13:51:35,903] multiqc                                            [DEBUG  ]  File ignored by lima/summary because it exceeded search pattern filesize limit: jquery.js
[2026-05-28 13:51:35,905] multiqc                                            [DEBUG  ]  File ignored by longranger/invocation because it exceeded search pattern filesize limit: jquery.js
[2026-05-28 13:51:35,913] multiqc                                            [DEBUG  ]  File ignored by nanostat because it exceeded search pattern filesize limit: jquery.js
[2026-05-28 13:51:35,935] multiqc                                            [DEBUG  ]  File ignored by ccs/v4 because it exceeded search pattern filesize limit: pygments.css
[2026-05-28 13:51:35,936] multiqc                                            [DEBUG  ]  File ignored by lima/summary because it exceeded search pattern filesize limit: pygments.css
[2026-05-28 13:51:35,940] multiqc                                            [DEBUG  ]  File ignored by longranger/invocation because it exceeded search pattern filesize limit: pygments.css
[2026-05-28 13:51:36,119] multiqc                                            [DEBUG  ]  File ignored by ccs/v4 because it exceeded search pattern filesize limit: searchtools.js
[2026-05-28 13:51:36,120] multiqc                                            [DEBUG  ]  File ignored by hicexplorer because it exceeded search pattern filesize limit: searchtools.js
[2026-05-28 13:51:36,120] multiqc                                            [DEBUG  ]  File ignored by lima/summary because it exceeded search pattern filesize limit: searchtools.js
[2026-05-28 13:51:36,122] multiqc                                            [DEBUG  ]  File ignored by longranger/invocation because it exceeded search pattern filesize limit: searchtools.js
[2026-05-28 13:51:36,132] multiqc                                            [DEBUG  ]  File ignored by nanostat because it exceeded search pattern filesize limit: searchtools.js
[2026-05-28 13:51:36,153] multiqc                                            [DEBUG  ]  File ignored by ccs/v4 because it exceeded search pattern filesize limit: underscore.js
[2026-05-28 13:51:36,154] multiqc                                            [DEBUG  ]  File ignored by hicexplorer because it exceeded search pattern filesize limit: underscore.js
[2026-05-28 13:51:36,154] multiqc                                            [DEBUG  ]  File ignored by lima/summary because it exceeded search pattern filesize limit: underscore.js
[2026-05-28 13:51:36,156] multiqc                                            [DEBUG  ]  File ignored by longranger/invocation because it exceeded search pattern filesize limit: underscore.js
[2026-05-28 13:51:36,160] multiqc                                            [DEBUG  ]  File ignored by nanostat because it exceeded search pattern filesize limit: underscore.js
[2026-05-28 13:51:36,177] multiqc                                            [DEBUG  ]  File ignored by ccs/v4 because it exceeded search pattern filesize limit: websupport.js
[2026-05-28 13:51:36,178] multiqc                                            [DEBUG  ]  File ignored by hicexplorer because it exceeded search pattern filesize limit: websupport.js
[2026-05-28 13:51:36,178] multiqc                                            [DEBUG  ]  File ignored by lima/summary because it exceeded search pattern filesize limit: websupport.js
[2026-05-28 13:51:36,180] multiqc                                            [DEBUG  ]  File ignored by longranger/invocation because it exceeded search pattern filesize limit: websupport.js
[2026-05-28 13:51:36,194] multiqc                                            [DEBUG  ]  File ignored by nanostat because it exceeded search pattern filesize limit: websupport.js
[2026-05-28 13:51:36,220] multiqc                                            [DEBUG  ]  File ignored by ccs/v4 because it exceeded search pattern filesize limit: coverage_profile_along_genes_(low).txt
[2026-05-28 13:51:36,221] multiqc                                            [DEBUG  ]  File ignored by lima/summary because it exceeded search pattern filesize limit: coverage_profile_along_genes_(low).txt
[2026-05-28 13:51:36,223] multiqc                                            [DEBUG  ]  File ignored by longranger/invocation because it exceeded search pattern filesize limit: coverage_profile_along_genes_(low).txt
[2026-05-28 13:51:36,231] multiqc                                            [DEBUG  ]  File ignored by ccs/v4 because it exceeded search pattern filesize limit: coverage_profile_along_genes_(high).txt
[2026-05-28 13:51:36,232] multiqc                                            [DEBUG  ]  File ignored by lima/summary because it exceeded search pattern filesize limit: coverage_profile_along_genes_(high).txt
[2026-05-28 13:51:36,234] multiqc                                            [DEBUG  ]  File ignored by longranger/invocation because it exceeded search pattern filesize limit: coverage_profile_along_genes_(high).txt
[2026-05-28 13:51:36,260] multiqc                                            [DEBUG  ]  File ignored by ccs/v4 because it exceeded search pattern filesize limit: qualimapReport.html
[2026-05-28 13:51:36,261] multiqc                                            [DEBUG  ]  File ignored by hicexplorer because it exceeded search pattern filesize limit: qualimapReport.html
[2026-05-28 13:51:36,262] multiqc                                            [DEBUG  ]  File ignored by lima/summary because it exceeded search pattern filesize limit: qualimapReport.html
[2026-05-28 13:51:36,264] multiqc                                            [DEBUG  ]  File ignored by longranger/invocation because it exceeded search pattern filesize limit: qualimapReport.html
[2026-05-28 13:51:36,271] multiqc                                            [DEBUG  ]  File ignored by nanostat because it exceeded search pattern filesize limit: qualimapReport.html
[2026-05-28 13:51:36,306] multiqc                                            [DEBUG  ]  File ignored by ccs/v4 because it exceeded search pattern filesize limit: agogo.css
[2026-05-28 13:51:36,308] multiqc                                            [DEBUG  ]  File ignored by hicexplorer because it exceeded search pattern filesize limit: agogo.css
[2026-05-28 13:51:36,308] multiqc                                            [DEBUG  ]  File ignored by lima/summary because it exceeded search pattern filesize limit: agogo.css
[2026-05-28 13:51:36,310] multiqc                                            [DEBUG  ]  File ignored by longranger/invocation because it exceeded search pattern filesize limit: agogo.css
[2026-05-28 13:51:36,320] multiqc                                            [DEBUG  ]  File ignored by nanostat because it exceeded search pattern filesize limit: agogo.css
[2026-05-28 13:51:36,335] multiqc                                            [DEBUG  ]  File ignored by ccs/v4 because it exceeded search pattern filesize limit: basic.css
[2026-05-28 13:51:36,336] multiqc                                            [DEBUG  ]  File ignored by hicexplorer because it exceeded search pattern filesize limit: basic.css
[2026-05-28 13:51:36,336] multiqc                                            [DEBUG  ]  File ignored by lima/summary because it exceeded search pattern filesize limit: basic.css
[2026-05-28 13:51:36,338] multiqc                                            [DEBUG  ]  File ignored by longranger/invocation because it exceeded search pattern filesize limit: basic.css
[2026-05-28 13:51:36,350] multiqc                                            [DEBUG  ]  File ignored by nanostat because it exceeded search pattern filesize limit: basic.css
[2026-05-28 13:51:36,399] multiqc                                            [DEBUG  ]  File ignored by ccs/v4 because it exceeded search pattern filesize limit: doctools.js
[2026-05-28 13:51:36,400] multiqc                                            [DEBUG  ]  File ignored by hicexplorer because it exceeded search pattern filesize limit: doctools.js
[2026-05-28 13:51:36,400] multiqc                                            [DEBUG  ]  File ignored by lima/summary because it exceeded search pattern filesize limit: doctools.js
[2026-05-28 13:51:36,402] multiqc                                            [DEBUG  ]  File ignored by longranger/invocation because it exceeded search pattern filesize limit: doctools.js
[2026-05-28 13:51:36,408] multiqc                                            [DEBUG  ]  File ignored by nanostat because it exceeded search pattern filesize limit: doctools.js
[2026-05-28 13:51:36,444] multiqc                                            [DEBUG  ]  File ignored by ccs/v4 because it exceeded search pattern filesize limit: jquery.js
[2026-05-28 13:51:36,445] multiqc                                            [DEBUG  ]  File ignored by hicexplorer because it exceeded search pattern filesize limit: jquery.js
[2026-05-28 13:51:36,445] multiqc                                            [DEBUG  ]  File ignored by lima/summary because it exceeded search pattern filesize limit: jquery.js
[2026-05-28 13:51:36,447] multiqc                                            [DEBUG  ]  File ignored by longranger/invocation because it exceeded search pattern filesize limit: jquery.js
[2026-05-28 13:51:36,457] multiqc                                            [DEBUG  ]  File ignored by nanostat because it exceeded search pattern filesize limit: jquery.js
[2026-05-28 13:51:36,487] multiqc                                            [DEBUG  ]  File ignored by ccs/v4 because it exceeded search pattern filesize limit: pygments.css
[2026-05-28 13:51:36,488] multiqc                                            [DEBUG  ]  File ignored by lima/summary because it exceeded search pattern filesize limit: pygments.css
[2026-05-28 13:51:36,490] multiqc                                            [DEBUG  ]  File ignored by longranger/invocation because it exceeded search pattern filesize limit: pygments.css
[2026-05-28 13:51:36,535] multiqc                                            [DEBUG  ]  File ignored by ccs/v4 because it exceeded search pattern filesize limit: searchtools.js
[2026-05-28 13:51:36,536] multiqc                                            [DEBUG  ]  File ignored by hicexplorer because it exceeded search pattern filesize limit: searchtools.js
[2026-05-28 13:51:36,536] multiqc                                            [DEBUG  ]  File ignored by lima/summary because it exceeded search pattern filesize limit: searchtools.js
[2026-05-28 13:51:36,538] multiqc                                            [DEBUG  ]  File ignored by longranger/invocation because it exceeded search pattern filesize limit: searchtools.js
[2026-05-28 13:51:36,548] multiqc                                            [DEBUG  ]  File ignored by nanostat because it exceeded search pattern filesize limit: searchtools.js
[2026-05-28 13:51:36,559] multiqc                                            [DEBUG  ]  File ignored by ccs/v4 because it exceeded search pattern filesize limit: underscore.js
[2026-05-28 13:51:36,560] multiqc                                            [DEBUG  ]  File ignored by hicexplorer because it exceeded search pattern filesize limit: underscore.js
[2026-05-28 13:51:36,560] multiqc                                            [DEBUG  ]  File ignored by lima/summary because it exceeded search pattern filesize limit: underscore.js
[2026-05-28 13:51:36,562] multiqc                                            [DEBUG  ]  File ignored by longranger/invocation because it exceeded search pattern filesize limit: underscore.js
[2026-05-28 13:51:36,566] multiqc                                            [DEBUG  ]  File ignored by nanostat because it exceeded search pattern filesize limit: underscore.js
[2026-05-28 13:51:36,593] multiqc                                            [DEBUG  ]  File ignored by ccs/v4 because it exceeded search pattern filesize limit: websupport.js
[2026-05-28 13:51:36,594] multiqc                                            [DEBUG  ]  File ignored by hicexplorer because it exceeded search pattern filesize limit: websupport.js
[2026-05-28 13:51:36,594] multiqc                                            [DEBUG  ]  File ignored by lima/summary because it exceeded search pattern filesize limit: websupport.js
[2026-05-28 13:51:36,596] multiqc                                            [DEBUG  ]  File ignored by longranger/invocation because it exceeded search pattern filesize limit: websupport.js
[2026-05-28 13:51:36,612] multiqc                                            [DEBUG  ]  File ignored by nanostat because it exceeded search pattern filesize limit: websupport.js
[2026-05-28 13:51:36,646] multiqc                                            [DEBUG  ]  File ignored by ccs/v4 because it exceeded search pattern filesize limit: coverage_profile_along_genes_(low).txt
[2026-05-28 13:51:36,647] multiqc                                            [DEBUG  ]  File ignored by lima/summary because it exceeded search pattern filesize limit: coverage_profile_along_genes_(low).txt
[2026-05-28 13:51:36,649] multiqc                                            [DEBUG  ]  File ignored by longranger/invocation because it exceeded search pattern filesize limit: coverage_profile_along_genes_(low).txt
[2026-05-28 13:51:36,746] multiqc                                            [DEBUG  ]  File ignored by ccs/v4 because it exceeded search pattern filesize limit: coverage_profile_along_genes_(high).txt
[2026-05-28 13:51:36,747] multiqc                                            [DEBUG  ]  File ignored by lima/summary because it exceeded search pattern filesize limit: coverage_profile_along_genes_(high).txt
[2026-05-28 13:51:36,749] multiqc                                            [DEBUG  ]  File ignored by longranger/invocation because it exceeded search pattern filesize limit: coverage_profile_along_genes_(high).txt
[2026-05-28 13:51:36,780] multiqc                                            [DEBUG  ]  File ignored by ccs/v4 because it exceeded search pattern filesize limit: qualimapReport.html
[2026-05-28 13:51:36,781] multiqc                                            [DEBUG  ]  File ignored by hicexplorer because it exceeded search pattern filesize limit: qualimapReport.html
[2026-05-28 13:51:36,781] multiqc                                            [DEBUG  ]  File ignored by lima/summary because it exceeded search pattern filesize limit: qualimapReport.html
[2026-05-28 13:51:36,783] multiqc                                            [DEBUG  ]  File ignored by longranger/invocation because it exceeded search pattern filesize limit: qualimapReport.html
[2026-05-28 13:51:36,790] multiqc                                            [DEBUG  ]  File ignored by nanostat because it exceeded search pattern filesize limit: qualimapReport.html
[2026-05-28 13:51:36,837] multiqc                                            [DEBUG  ]  File ignored by ccs/v4 because it exceeded search pattern filesize limit: agogo.css
[2026-05-28 13:51:36,838] multiqc                                            [DEBUG  ]  File ignored by hicexplorer because it exceeded search pattern filesize limit: agogo.css
[2026-05-28 13:51:36,838] multiqc                                            [DEBUG  ]  File ignored by lima/summary because it exceeded search pattern filesize limit: agogo.css
[2026-05-28 13:51:36,840] multiqc                                            [DEBUG  ]  File ignored by longranger/invocation because it exceeded search pattern filesize limit: agogo.css
[2026-05-28 13:51:36,849] multiqc                                            [DEBUG  ]  File ignored by nanostat because it exceeded search pattern filesize limit: agogo.css
[2026-05-28 13:51:36,859] multiqc                                            [DEBUG  ]  File ignored by ccs/v4 because it exceeded search pattern filesize limit: basic.css
[2026-05-28 13:51:36,860] multiqc                                            [DEBUG  ]  File ignored by hicexplorer because it exceeded search pattern filesize limit: basic.css
[2026-05-28 13:51:36,860] multiqc                                            [DEBUG  ]  File ignored by lima/summary because it exceeded search pattern filesize limit: basic.css
[2026-05-28 13:51:36,862] multiqc                                            [DEBUG  ]  File ignored by longranger/invocation because it exceeded search pattern filesize limit: basic.css
[2026-05-28 13:51:36,872] multiqc                                            [DEBUG  ]  File ignored by nanostat because it exceeded search pattern filesize limit: basic.css
[2026-05-28 13:51:36,897] multiqc                                            [DEBUG  ]  File ignored by ccs/v4 because it exceeded search pattern filesize limit: doctools.js
[2026-05-28 13:51:36,898] multiqc                                            [DEBUG  ]  File ignored by hicexplorer because it exceeded search pattern filesize limit: doctools.js
[2026-05-28 13:51:36,899] multiqc                                            [DEBUG  ]  File ignored by lima/summary because it exceeded search pattern filesize limit: doctools.js
[2026-05-28 13:51:36,900] multiqc                                            [DEBUG  ]  File ignored by longranger/invocation because it exceeded search pattern filesize limit: doctools.js
[2026-05-28 13:51:36,906] multiqc                                            [DEBUG  ]  File ignored by nanostat because it exceeded search pattern filesize limit: doctools.js
[2026-05-28 13:51:36,942] multiqc                                            [DEBUG  ]  File ignored by ccs/v4 because it exceeded search pattern filesize limit: jquery.js
[2026-05-28 13:51:36,943] multiqc                                            [DEBUG  ]  File ignored by hicexplorer because it exceeded search pattern filesize limit: jquery.js
[2026-05-28 13:51:36,943] multiqc                                            [DEBUG  ]  File ignored by lima/summary because it exceeded search pattern filesize limit: jquery.js
[2026-05-28 13:51:36,945] multiqc                                            [DEBUG  ]  File ignored by longranger/invocation because it exceeded search pattern filesize limit: jquery.js
[2026-05-28 13:51:36,953] multiqc                                            [DEBUG  ]  File ignored by nanostat because it exceeded search pattern filesize limit: jquery.js
[2026-05-28 13:51:36,990] multiqc                                            [DEBUG  ]  File ignored by ccs/v4 because it exceeded search pattern filesize limit: pygments.css
[2026-05-28 13:51:36,991] multiqc                                            [DEBUG  ]  File ignored by lima/summary because it exceeded search pattern filesize limit: pygments.css
[2026-05-28 13:51:36,993] multiqc                                            [DEBUG  ]  File ignored by longranger/invocation because it exceeded search pattern filesize limit: pygments.css
[2026-05-28 13:51:37,013] multiqc                                            [DEBUG  ]  File ignored by ccs/v4 because it exceeded search pattern filesize limit: searchtools.js
[2026-05-28 13:51:37,014] multiqc                                            [DEBUG  ]  File ignored by hicexplorer because it exceeded search pattern filesize limit: searchtools.js
[2026-05-28 13:51:37,015] multiqc                                            [DEBUG  ]  File ignored by lima/summary because it exceeded search pattern filesize limit: searchtools.js
[2026-05-28 13:51:37,017] multiqc                                            [DEBUG  ]  File ignored by longranger/invocation because it exceeded search pattern filesize limit: searchtools.js
[2026-05-28 13:51:37,027] multiqc                                            [DEBUG  ]  File ignored by nanostat because it exceeded search pattern filesize limit: searchtools.js
[2026-05-28 13:51:37,032] multiqc                                            [DEBUG  ]  File ignored by ccs/v4 because it exceeded search pattern filesize limit: underscore.js
[2026-05-28 13:51:37,033] multiqc                                            [DEBUG  ]  File ignored by hicexplorer because it exceeded search pattern filesize limit: underscore.js
[2026-05-28 13:51:37,033] multiqc                                            [DEBUG  ]  File ignored by lima/summary because it exceeded search pattern filesize limit: underscore.js
[2026-05-28 13:51:37,035] multiqc                                            [DEBUG  ]  File ignored by longranger/invocation because it exceeded search pattern filesize limit: underscore.js
[2026-05-28 13:51:37,039] multiqc                                            [DEBUG  ]  File ignored by nanostat because it exceeded search pattern filesize limit: underscore.js
[2026-05-28 13:51:37,047] multiqc                                            [DEBUG  ]  File ignored by ccs/v4 because it exceeded search pattern filesize limit: websupport.js
[2026-05-28 13:51:37,048] multiqc                                            [DEBUG  ]  File ignored by hicexplorer because it exceeded search pattern filesize limit: websupport.js
[2026-05-28 13:51:37,048] multiqc                                            [DEBUG  ]  File ignored by lima/summary because it exceeded search pattern filesize limit: websupport.js
[2026-05-28 13:51:37,050] multiqc                                            [DEBUG  ]  File ignored by longranger/invocation because it exceeded search pattern filesize limit: websupport.js
[2026-05-28 13:51:37,066] multiqc                                            [DEBUG  ]  File ignored by nanostat because it exceeded search pattern filesize limit: websupport.js
[2026-05-28 13:51:37,071] multiqc                                            [DEBUG  ]  File ignored by ccs/v4 because it exceeded search pattern filesize limit: coverage_profile_along_genes_(low).txt
[2026-05-28 13:51:37,072] multiqc                                            [DEBUG  ]  File ignored by lima/summary because it exceeded search pattern filesize limit: coverage_profile_along_genes_(low).txt
[2026-05-28 13:51:37,074] multiqc                                            [DEBUG  ]  File ignored by longranger/invocation because it exceeded search pattern filesize limit: coverage_profile_along_genes_(low).txt
[2026-05-28 13:51:37,082] multiqc                                            [DEBUG  ]  File ignored by ccs/v4 because it exceeded search pattern filesize limit: coverage_profile_along_genes_(high).txt
[2026-05-28 13:51:37,083] multiqc                                            [DEBUG  ]  File ignored by lima/summary because it exceeded search pattern filesize limit: coverage_profile_along_genes_(high).txt
[2026-05-28 13:51:37,085] multiqc                                            [DEBUG  ]  File ignored by longranger/invocation because it exceeded search pattern filesize limit: coverage_profile_along_genes_(high).txt
[2026-05-28 13:51:37,123] multiqc                                            [DEBUG  ]  File ignored by ccs/v4 because it exceeded search pattern filesize limit: qualimapReport.html
[2026-05-28 13:51:37,124] multiqc                                            [DEBUG  ]  File ignored by hicexplorer because it exceeded search pattern filesize limit: qualimapReport.html
[2026-05-28 13:51:37,124] multiqc                                            [DEBUG  ]  File ignored by lima/summary because it exceeded search pattern filesize limit: qualimapReport.html
[2026-05-28 13:51:37,126] multiqc                                            [DEBUG  ]  File ignored by longranger/invocation because it exceeded search pattern filesize limit: qualimapReport.html
[2026-05-28 13:51:37,134] multiqc                                            [DEBUG  ]  File ignored by nanostat because it exceeded search pattern filesize limit: qualimapReport.html
[2026-05-28 13:51:37,170] multiqc                                            [DEBUG  ]  File ignored by ccs/v4 because it exceeded search pattern filesize limit: agogo.css
[2026-05-28 13:51:37,171] multiqc                                            [DEBUG  ]  File ignored by hicexplorer because it exceeded search pattern filesize limit: agogo.css
[2026-05-28 13:51:37,171] multiqc                                            [DEBUG  ]  File ignored by lima/summary because it exceeded search pattern filesize limit: agogo.css
[2026-05-28 13:51:37,173] multiqc                                            [DEBUG  ]  File ignored by longranger/invocation because it exceeded search pattern filesize limit: agogo.css
[2026-05-28 13:51:37,182] multiqc                                            [DEBUG  ]  File ignored by nanostat because it exceeded search pattern filesize limit: agogo.css
[2026-05-28 13:51:37,205] multiqc                                            [DEBUG  ]  File ignored by ccs/v4 because it exceeded search pattern filesize limit: basic.css
[2026-05-28 13:51:37,206] multiqc                                            [DEBUG  ]  File ignored by hicexplorer because it exceeded search pattern filesize limit: basic.css
[2026-05-28 13:51:37,206] multiqc                                            [DEBUG  ]  File ignored by lima/summary because it exceeded search pattern filesize limit: basic.css
[2026-05-28 13:51:37,209] multiqc                                            [DEBUG  ]  File ignored by longranger/invocation because it exceeded search pattern filesize limit: basic.css
[2026-05-28 13:51:37,219] multiqc                                            [DEBUG  ]  File ignored by nanostat because it exceeded search pattern filesize limit: basic.css
[2026-05-28 13:51:37,245] multiqc                                            [DEBUG  ]  File ignored by ccs/v4 because it exceeded search pattern filesize limit: doctools.js
[2026-05-28 13:51:37,246] multiqc                                            [DEBUG  ]  File ignored by hicexplorer because it exceeded search pattern filesize limit: doctools.js
[2026-05-28 13:51:37,246] multiqc                                            [DEBUG  ]  File ignored by lima/summary because it exceeded search pattern filesize limit: doctools.js
[2026-05-28 13:51:37,248] multiqc                                            [DEBUG  ]  File ignored by longranger/invocation because it exceeded search pattern filesize limit: doctools.js
[2026-05-28 13:51:37,254] multiqc                                            [DEBUG  ]  File ignored by nanostat because it exceeded search pattern filesize limit: doctools.js
[2026-05-28 13:51:37,304] multiqc                                            [DEBUG  ]  File ignored by ccs/v4 because it exceeded search pattern filesize limit: jquery.js
[2026-05-28 13:51:37,305] multiqc                                            [DEBUG  ]  File ignored by hicexplorer because it exceeded search pattern filesize limit: jquery.js
[2026-05-28 13:51:37,305] multiqc                                            [DEBUG  ]  File ignored by lima/summary because it exceeded search pattern filesize limit: jquery.js
[2026-05-28 13:51:37,307] multiqc                                            [DEBUG  ]  File ignored by longranger/invocation because it exceeded search pattern filesize limit: jquery.js
[2026-05-28 13:51:37,315] multiqc                                            [DEBUG  ]  File ignored by nanostat because it exceeded search pattern filesize limit: jquery.js
[2026-05-28 13:51:37,339] multiqc                                            [DEBUG  ]  File ignored by ccs/v4 because it exceeded search pattern filesize limit: pygments.css
[2026-05-28 13:51:37,340] multiqc                                            [DEBUG  ]  File ignored by lima/summary because it exceeded search pattern filesize limit: pygments.css
[2026-05-28 13:51:37,342] multiqc                                            [DEBUG  ]  File ignored by longranger/invocation because it exceeded search pattern filesize limit: pygments.css
[2026-05-28 13:51:37,380] multiqc                                            [DEBUG  ]  File ignored by ccs/v4 because it exceeded search pattern filesize limit: searchtools.js
[2026-05-28 13:51:37,381] multiqc                                            [DEBUG  ]  File ignored by hicexplorer because it exceeded search pattern filesize limit: searchtools.js
[2026-05-28 13:51:37,381] multiqc                                            [DEBUG  ]  File ignored by lima/summary because it exceeded search pattern filesize limit: searchtools.js
[2026-05-28 13:51:37,383] multiqc                                            [DEBUG  ]  File ignored by longranger/invocation because it exceeded search pattern filesize limit: searchtools.js
[2026-05-28 13:51:37,395] multiqc                                            [DEBUG  ]  File ignored by nanostat because it exceeded search pattern filesize limit: searchtools.js
[2026-05-28 13:51:37,400] multiqc                                            [DEBUG  ]  File ignored by ccs/v4 because it exceeded search pattern filesize limit: underscore.js
[2026-05-28 13:51:37,400] multiqc                                            [DEBUG  ]  File ignored by hicexplorer because it exceeded search pattern filesize limit: underscore.js
[2026-05-28 13:51:37,401] multiqc                                            [DEBUG  ]  File ignored by lima/summary because it exceeded search pattern filesize limit: underscore.js
[2026-05-28 13:51:37,402] multiqc                                            [DEBUG  ]  File ignored by longranger/invocation because it exceeded search pattern filesize limit: underscore.js
[2026-05-28 13:51:37,406] multiqc                                            [DEBUG  ]  File ignored by nanostat because it exceeded search pattern filesize limit: underscore.js
[2026-05-28 13:51:37,413] multiqc                                            [DEBUG  ]  File ignored by ccs/v4 because it exceeded search pattern filesize limit: websupport.js
[2026-05-28 13:51:37,414] multiqc                                            [DEBUG  ]  File ignored by hicexplorer because it exceeded search pattern filesize limit: websupport.js
[2026-05-28 13:51:37,414] multiqc                                            [DEBUG  ]  File ignored by lima/summary because it exceeded search pattern filesize limit: websupport.js
[2026-05-28 13:51:37,416] multiqc                                            [DEBUG  ]  File ignored by longranger/invocation because it exceeded search pattern filesize limit: websupport.js
[2026-05-28 13:51:37,431] multiqc                                            [DEBUG  ]  File ignored by nanostat because it exceeded search pattern filesize limit: websupport.js
[2026-05-28 13:51:37,439] multiqc                                            [DEBUG  ]  File ignored by ccs/v4 because it exceeded search pattern filesize limit: coverage_profile_along_genes_(low).txt
[2026-05-28 13:51:37,440] multiqc                                            [DEBUG  ]  File ignored by lima/summary because it exceeded search pattern filesize limit: coverage_profile_along_genes_(low).txt
[2026-05-28 13:51:37,442] multiqc                                            [DEBUG  ]  File ignored by longranger/invocation because it exceeded search pattern filesize limit: coverage_profile_along_genes_(low).txt
[2026-05-28 13:51:37,450] multiqc                                            [DEBUG  ]  File ignored by ccs/v4 because it exceeded search pattern filesize limit: coverage_profile_along_genes_(high).txt
[2026-05-28 13:51:37,451] multiqc                                            [DEBUG  ]  File ignored by lima/summary because it exceeded search pattern filesize limit: coverage_profile_along_genes_(high).txt
[2026-05-28 13:51:37,454] multiqc                                            [DEBUG  ]  File ignored by longranger/invocation because it exceeded search pattern filesize limit: coverage_profile_along_genes_(high).txt
[2026-05-28 13:51:37,595] multiqc                                            [DEBUG  ]  File ignored by ccs/v4 because it exceeded search pattern filesize limit: qualimapReport.html
[2026-05-28 13:51:37,596] multiqc                                            [DEBUG  ]  File ignored by hicexplorer because it exceeded search pattern filesize limit: qualimapReport.html
[2026-05-28 13:51:37,596] multiqc                                            [DEBUG  ]  File ignored by lima/summary because it exceeded search pattern filesize limit: qualimapReport.html
[2026-05-28 13:51:37,598] multiqc                                            [DEBUG  ]  File ignored by longranger/invocation because it exceeded search pattern filesize limit: qualimapReport.html
[2026-05-28 13:51:37,605] multiqc                                            [DEBUG  ]  File ignored by nanostat because it exceeded search pattern filesize limit: qualimapReport.html
[2026-05-28 13:51:37,639] multiqc                                            [DEBUG  ]  File ignored by ccs/v4 because it exceeded search pattern filesize limit: agogo.css
[2026-05-28 13:51:37,640] multiqc                                            [DEBUG  ]  File ignored by hicexplorer because it exceeded search pattern filesize limit: agogo.css
[2026-05-28 13:51:37,641] multiqc                                            [DEBUG  ]  File ignored by lima/summary because it exceeded search pattern filesize limit: agogo.css
[2026-05-28 13:51:37,643] multiqc                                            [DEBUG  ]  File ignored by longranger/invocation because it exceeded search pattern filesize limit: agogo.css
[2026-05-28 13:51:37,651] multiqc                                            [DEBUG  ]  File ignored by nanostat because it exceeded search pattern filesize limit: agogo.css
[2026-05-28 13:51:37,684] multiqc                                            [DEBUG  ]  File ignored by ccs/v4 because it exceeded search pattern filesize limit: basic.css
[2026-05-28 13:51:37,685] multiqc                                            [DEBUG  ]  File ignored by hicexplorer because it exceeded search pattern filesize limit: basic.css
[2026-05-28 13:51:37,685] multiqc                                            [DEBUG  ]  File ignored by lima/summary because it exceeded search pattern filesize limit: basic.css
[2026-05-28 13:51:37,687] multiqc                                            [DEBUG  ]  File ignored by longranger/invocation because it exceeded search pattern filesize limit: basic.css
[2026-05-28 13:51:37,696] multiqc                                            [DEBUG  ]  File ignored by nanostat because it exceeded search pattern filesize limit: basic.css
[2026-05-28 13:51:37,708] multiqc                                            [DEBUG  ]  File ignored by ccs/v4 because it exceeded search pattern filesize limit: doctools.js
[2026-05-28 13:51:37,709] multiqc                                            [DEBUG  ]  File ignored by hicexplorer because it exceeded search pattern filesize limit: doctools.js
[2026-05-28 13:51:37,709] multiqc                                            [DEBUG  ]  File ignored by lima/summary because it exceeded search pattern filesize limit: doctools.js
[2026-05-28 13:51:37,711] multiqc                                            [DEBUG  ]  File ignored by longranger/invocation because it exceeded search pattern filesize limit: doctools.js
[2026-05-28 13:51:37,717] multiqc                                            [DEBUG  ]  File ignored by nanostat because it exceeded search pattern filesize limit: doctools.js
[2026-05-28 13:51:37,929] multiqc                                            [DEBUG  ]  File ignored by ccs/v4 because it exceeded search pattern filesize limit: jquery.js
[2026-05-28 13:51:37,931] multiqc                                            [DEBUG  ]  File ignored by hicexplorer because it exceeded search pattern filesize limit: jquery.js
[2026-05-28 13:51:37,931] multiqc                                            [DEBUG  ]  File ignored by lima/summary because it exceeded search pattern filesize limit: jquery.js
[2026-05-28 13:51:37,933] multiqc                                            [DEBUG  ]  File ignored by longranger/invocation because it exceeded search pattern filesize limit: jquery.js
[2026-05-28 13:51:37,941] multiqc                                            [DEBUG  ]  File ignored by nanostat because it exceeded search pattern filesize limit: jquery.js
[2026-05-28 13:51:37,963] multiqc                                            [DEBUG  ]  File ignored by ccs/v4 because it exceeded search pattern filesize limit: pygments.css
[2026-05-28 13:51:37,964] multiqc                                            [DEBUG  ]  File ignored by lima/summary because it exceeded search pattern filesize limit: pygments.css
[2026-05-28 13:51:37,966] multiqc                                            [DEBUG  ]  File ignored by longranger/invocation because it exceeded search pattern filesize limit: pygments.css
[2026-05-28 13:51:38,076] multiqc                                            [DEBUG  ]  File ignored by ccs/v4 because it exceeded search pattern filesize limit: searchtools.js
[2026-05-28 13:51:38,080] multiqc                                            [DEBUG  ]  File ignored by hicexplorer because it exceeded search pattern filesize limit: searchtools.js
[2026-05-28 13:51:38,083] multiqc                                            [DEBUG  ]  File ignored by lima/summary because it exceeded search pattern filesize limit: searchtools.js
[2026-05-28 13:51:38,094] multiqc                                            [DEBUG  ]  File ignored by longranger/invocation because it exceeded search pattern filesize limit: searchtools.js
[2026-05-28 13:51:38,122] multiqc                                            [DEBUG  ]  File ignored by nanostat because it exceeded search pattern filesize limit: searchtools.js
[2026-05-28 13:51:38,130] multiqc                                            [DEBUG  ]  File ignored by ccs/v4 because it exceeded search pattern filesize limit: underscore.js
[2026-05-28 13:51:38,131] multiqc                                            [DEBUG  ]  File ignored by hicexplorer because it exceeded search pattern filesize limit: underscore.js
[2026-05-28 13:51:38,131] multiqc                                            [DEBUG  ]  File ignored by lima/summary because it exceeded search pattern filesize limit: underscore.js
[2026-05-28 13:51:38,133] multiqc                                            [DEBUG  ]  File ignored by longranger/invocation because it exceeded search pattern filesize limit: underscore.js
[2026-05-28 13:51:38,137] multiqc                                            [DEBUG  ]  File ignored by nanostat because it exceeded search pattern filesize limit: underscore.js
[2026-05-28 13:51:38,144] multiqc                                            [DEBUG  ]  File ignored by ccs/v4 because it exceeded search pattern filesize limit: websupport.js
[2026-05-28 13:51:38,145] multiqc                                            [DEBUG  ]  File ignored by hicexplorer because it exceeded search pattern filesize limit: websupport.js
[2026-05-28 13:51:38,146] multiqc                                            [DEBUG  ]  File ignored by lima/summary because it exceeded search pattern filesize limit: websupport.js
[2026-05-28 13:51:38,147] multiqc                                            [DEBUG  ]  File ignored by longranger/invocation because it exceeded search pattern filesize limit: websupport.js
[2026-05-28 13:51:38,162] multiqc                                            [DEBUG  ]  File ignored by nanostat because it exceeded search pattern filesize limit: websupport.js
[2026-05-28 13:51:38,192] multiqc                                            [DEBUG  ]  File ignored by ccs/v4 because it exceeded search pattern filesize limit: coverage_profile_along_genes_(low).txt
[2026-05-28 13:51:38,193] multiqc                                            [DEBUG  ]  File ignored by lima/summary because it exceeded search pattern filesize limit: coverage_profile_along_genes_(low).txt
[2026-05-28 13:51:38,195] multiqc                                            [DEBUG  ]  File ignored by longranger/invocation because it exceeded search pattern filesize limit: coverage_profile_along_genes_(low).txt
[2026-05-28 13:51:38,222] multiqc                                            [DEBUG  ]  File ignored by ccs/v4 because it exceeded search pattern filesize limit: coverage_profile_along_genes_(high).txt
[2026-05-28 13:51:38,223] multiqc                                            [DEBUG  ]  File ignored by lima/summary because it exceeded search pattern filesize limit: coverage_profile_along_genes_(high).txt
[2026-05-28 13:51:38,225] multiqc                                            [DEBUG  ]  File ignored by longranger/invocation because it exceeded search pattern filesize limit: coverage_profile_along_genes_(high).txt
[2026-05-28 13:51:38,356] multiqc                                            [DEBUG  ]  File ignored by ccs/v4 because it exceeded search pattern filesize limit: qualimapReport.html
[2026-05-28 13:51:38,357] multiqc                                            [DEBUG  ]  File ignored by hicexplorer because it exceeded search pattern filesize limit: qualimapReport.html
[2026-05-28 13:51:38,357] multiqc                                            [DEBUG  ]  File ignored by lima/summary because it exceeded search pattern filesize limit: qualimapReport.html
[2026-05-28 13:51:38,359] multiqc                                            [DEBUG  ]  File ignored by longranger/invocation because it exceeded search pattern filesize limit: qualimapReport.html
[2026-05-28 13:51:38,366] multiqc                                            [DEBUG  ]  File ignored by nanostat because it exceeded search pattern filesize limit: qualimapReport.html
[2026-05-28 13:51:38,463] multiqc                                            [DEBUG  ]  File ignored by ccs/v4 because it exceeded search pattern filesize limit: agogo.css
[2026-05-28 13:51:38,464] multiqc                                            [DEBUG  ]  File ignored by hicexplorer because it exceeded search pattern filesize limit: agogo.css
[2026-05-28 13:51:38,465] multiqc                                            [DEBUG  ]  File ignored by lima/summary because it exceeded search pattern filesize limit: agogo.css
[2026-05-28 13:51:38,467] multiqc                                            [DEBUG  ]  File ignored by longranger/invocation because it exceeded search pattern filesize limit: agogo.css
[2026-05-28 13:51:38,475] multiqc                                            [DEBUG  ]  File ignored by nanostat because it exceeded search pattern filesize limit: agogo.css
[2026-05-28 13:51:38,588] multiqc                                            [DEBUG  ]  File ignored by ccs/v4 because it exceeded search pattern filesize limit: basic.css
[2026-05-28 13:51:38,589] multiqc                                            [DEBUG  ]  File ignored by hicexplorer because it exceeded search pattern filesize limit: basic.css
[2026-05-28 13:51:38,589] multiqc                                            [DEBUG  ]  File ignored by lima/summary because it exceeded search pattern filesize limit: basic.css
[2026-05-28 13:51:38,593] multiqc                                            [DEBUG  ]  File ignored by longranger/invocation because it exceeded search pattern filesize limit: basic.css
[2026-05-28 13:51:38,603] multiqc                                            [DEBUG  ]  File ignored by nanostat because it exceeded search pattern filesize limit: basic.css
[2026-05-28 13:51:38,748] multiqc                                            [DEBUG  ]  File ignored by ccs/v4 because it exceeded search pattern filesize limit: doctools.js
[2026-05-28 13:51:38,749] multiqc                                            [DEBUG  ]  File ignored by hicexplorer because it exceeded search pattern filesize limit: doctools.js
[2026-05-28 13:51:38,749] multiqc                                            [DEBUG  ]  File ignored by lima/summary because it exceeded search pattern filesize limit: doctools.js
[2026-05-28 13:51:38,751] multiqc                                            [DEBUG  ]  File ignored by longranger/invocation because it exceeded search pattern filesize limit: doctools.js
[2026-05-28 13:51:38,757] multiqc                                            [DEBUG  ]  File ignored by nanostat because it exceeded search pattern filesize limit: doctools.js
[2026-05-28 13:51:38,789] multiqc                                            [DEBUG  ]  File ignored by ccs/v4 because it exceeded search pattern filesize limit: jquery.js
[2026-05-28 13:51:38,790] multiqc                                            [DEBUG  ]  File ignored by hicexplorer because it exceeded search pattern filesize limit: jquery.js
[2026-05-28 13:51:38,790] multiqc                                            [DEBUG  ]  File ignored by lima/summary because it exceeded search pattern filesize limit: jquery.js
[2026-05-28 13:51:38,792] multiqc                                            [DEBUG  ]  File ignored by longranger/invocation because it exceeded search pattern filesize limit: jquery.js
[2026-05-28 13:51:38,804] multiqc                                            [DEBUG  ]  File ignored by nanostat because it exceeded search pattern filesize limit: jquery.js
[2026-05-28 13:51:38,849] multiqc                                            [DEBUG  ]  File ignored by ccs/v4 because it exceeded search pattern filesize limit: pygments.css
[2026-05-28 13:51:38,850] multiqc                                            [DEBUG  ]  File ignored by lima/summary because it exceeded search pattern filesize limit: pygments.css
[2026-05-28 13:51:38,852] multiqc                                            [DEBUG  ]  File ignored by longranger/invocation because it exceeded search pattern filesize limit: pygments.css
[2026-05-28 13:51:38,894] multiqc                                            [DEBUG  ]  File ignored by ccs/v4 because it exceeded search pattern filesize limit: searchtools.js
[2026-05-28 13:51:38,895] multiqc                                            [DEBUG  ]  File ignored by hicexplorer because it exceeded search pattern filesize limit: searchtools.js
[2026-05-28 13:51:38,895] multiqc                                            [DEBUG  ]  File ignored by lima/summary because it exceeded search pattern filesize limit: searchtools.js
[2026-05-28 13:51:38,897] multiqc                                            [DEBUG  ]  File ignored by longranger/invocation because it exceeded search pattern filesize limit: searchtools.js
[2026-05-28 13:51:38,910] multiqc                                            [DEBUG  ]  File ignored by nanostat because it exceeded search pattern filesize limit: searchtools.js
[2026-05-28 13:51:38,918] multiqc                                            [DEBUG  ]  File ignored by ccs/v4 because it exceeded search pattern filesize limit: underscore.js
[2026-05-28 13:51:38,919] multiqc                                            [DEBUG  ]  File ignored by hicexplorer because it exceeded search pattern filesize limit: underscore.js
[2026-05-28 13:51:38,920] multiqc                                            [DEBUG  ]  File ignored by lima/summary because it exceeded search pattern filesize limit: underscore.js
[2026-05-28 13:51:38,921] multiqc                                            [DEBUG  ]  File ignored by longranger/invocation because it exceeded search pattern filesize limit: underscore.js
[2026-05-28 13:51:38,925] multiqc                                            [DEBUG  ]  File ignored by nanostat because it exceeded search pattern filesize limit: underscore.js
[2026-05-28 13:51:38,964] multiqc                                            [DEBUG  ]  File ignored by ccs/v4 because it exceeded search pattern filesize limit: websupport.js
[2026-05-28 13:51:38,965] multiqc                                            [DEBUG  ]  File ignored by hicexplorer because it exceeded search pattern filesize limit: websupport.js
[2026-05-28 13:51:38,966] multiqc                                            [DEBUG  ]  File ignored by lima/summary because it exceeded search pattern filesize limit: websupport.js
[2026-05-28 13:51:38,968] multiqc                                            [DEBUG  ]  File ignored by longranger/invocation because it exceeded search pattern filesize limit: websupport.js
[2026-05-28 13:51:38,982] multiqc                                            [DEBUG  ]  File ignored by nanostat because it exceeded search pattern filesize limit: websupport.js
[2026-05-28 13:51:38,987] multiqc                                            [DEBUG  ]  File ignored by ccs/v4 because it exceeded search pattern filesize limit: coverage_profile_along_genes_(low).txt
[2026-05-28 13:51:38,988] multiqc                                            [DEBUG  ]  File ignored by lima/summary because it exceeded search pattern filesize limit: coverage_profile_along_genes_(low).txt
[2026-05-28 13:51:38,990] multiqc                                            [DEBUG  ]  File ignored by longranger/invocation because it exceeded search pattern filesize limit: coverage_profile_along_genes_(low).txt
[2026-05-28 13:51:38,998] multiqc                                            [DEBUG  ]  File ignored by ccs/v4 because it exceeded search pattern filesize limit: coverage_profile_along_genes_(high).txt
[2026-05-28 13:51:38,999] multiqc                                            [DEBUG  ]  File ignored by lima/summary because it exceeded search pattern filesize limit: coverage_profile_along_genes_(high).txt
[2026-05-28 13:51:39,003] multiqc                                            [DEBUG  ]  File ignored by longranger/invocation because it exceeded search pattern filesize limit: coverage_profile_along_genes_(high).txt
[2026-05-28 13:51:39,042] multiqc                                            [DEBUG  ]  File ignored by ccs/v4 because it exceeded search pattern filesize limit: qualimapReport.html
[2026-05-28 13:51:39,043] multiqc                                            [DEBUG  ]  File ignored by hicexplorer because it exceeded search pattern filesize limit: qualimapReport.html
[2026-05-28 13:51:39,043] multiqc                                            [DEBUG  ]  File ignored by lima/summary because it exceeded search pattern filesize limit: qualimapReport.html
[2026-05-28 13:51:39,045] multiqc                                            [DEBUG  ]  File ignored by longranger/invocation because it exceeded search pattern filesize limit: qualimapReport.html
[2026-05-28 13:51:39,052] multiqc                                            [DEBUG  ]  File ignored by nanostat because it exceeded search pattern filesize limit: qualimapReport.html
[2026-05-28 13:51:39,078] multiqc                                            [DEBUG  ]  File ignored by ccs/v4 because it exceeded search pattern filesize limit: agogo.css
[2026-05-28 13:51:39,079] multiqc                                            [DEBUG  ]  File ignored by hicexplorer because it exceeded search pattern filesize limit: agogo.css
[2026-05-28 13:51:39,079] multiqc                                            [DEBUG  ]  File ignored by lima/summary because it exceeded search pattern filesize limit: agogo.css
[2026-05-28 13:51:39,081] multiqc                                            [DEBUG  ]  File ignored by longranger/invocation because it exceeded search pattern filesize limit: agogo.css
[2026-05-28 13:51:39,090] multiqc                                            [DEBUG  ]  File ignored by nanostat because it exceeded search pattern filesize limit: agogo.css
[2026-05-28 13:51:39,096] multiqc                                            [DEBUG  ]  File ignored by ccs/v4 because it exceeded search pattern filesize limit: basic.css
[2026-05-28 13:51:39,097] multiqc                                            [DEBUG  ]  File ignored by hicexplorer because it exceeded search pattern filesize limit: basic.css
[2026-05-28 13:51:39,097] multiqc                                            [DEBUG  ]  File ignored by lima/summary because it exceeded search pattern filesize limit: basic.css
[2026-05-28 13:51:39,099] multiqc                                            [DEBUG  ]  File ignored by longranger/invocation because it exceeded search pattern filesize limit: basic.css
[2026-05-28 13:51:39,111] multiqc                                            [DEBUG  ]  File ignored by nanostat because it exceeded search pattern filesize limit: basic.css
[2026-05-28 13:51:39,122] multiqc                                            [DEBUG  ]  File ignored by ccs/v4 because it exceeded search pattern filesize limit: doctools.js
[2026-05-28 13:51:39,123] multiqc                                            [DEBUG  ]  File ignored by hicexplorer because it exceeded search pattern filesize limit: doctools.js
[2026-05-28 13:51:39,123] multiqc                                            [DEBUG  ]  File ignored by lima/summary because it exceeded search pattern filesize limit: doctools.js
[2026-05-28 13:51:39,125] multiqc                                            [DEBUG  ]  File ignored by longranger/invocation because it exceeded search pattern filesize limit: doctools.js
[2026-05-28 13:51:39,131] multiqc                                            [DEBUG  ]  File ignored by nanostat because it exceeded search pattern filesize limit: doctools.js
[2026-05-28 13:51:39,143] multiqc                                            [DEBUG  ]  File ignored by ccs/v4 because it exceeded search pattern filesize limit: jquery.js
[2026-05-28 13:51:39,144] multiqc                                            [DEBUG  ]  File ignored by hicexplorer because it exceeded search pattern filesize limit: jquery.js
[2026-05-28 13:51:39,144] multiqc                                            [DEBUG  ]  File ignored by lima/summary because it exceeded search pattern filesize limit: jquery.js
[2026-05-28 13:51:39,146] multiqc                                            [DEBUG  ]  File ignored by longranger/invocation because it exceeded search pattern filesize limit: jquery.js
[2026-05-28 13:51:39,154] multiqc                                            [DEBUG  ]  File ignored by nanostat because it exceeded search pattern filesize limit: jquery.js
[2026-05-28 13:51:39,162] multiqc                                            [DEBUG  ]  File ignored by ccs/v4 because it exceeded search pattern filesize limit: pygments.css
[2026-05-28 13:51:39,164] multiqc                                            [DEBUG  ]  File ignored by lima/summary because it exceeded search pattern filesize limit: pygments.css
[2026-05-28 13:51:39,165] multiqc                                            [DEBUG  ]  File ignored by longranger/invocation because it exceeded search pattern filesize limit: pygments.css
[2026-05-28 13:51:39,187] multiqc                                            [DEBUG  ]  File ignored by ccs/v4 because it exceeded search pattern filesize limit: searchtools.js
[2026-05-28 13:51:39,188] multiqc                                            [DEBUG  ]  File ignored by hicexplorer because it exceeded search pattern filesize limit: searchtools.js
[2026-05-28 13:51:39,188] multiqc                                            [DEBUG  ]  File ignored by lima/summary because it exceeded search pattern filesize limit: searchtools.js
[2026-05-28 13:51:39,190] multiqc                                            [DEBUG  ]  File ignored by longranger/invocation because it exceeded search pattern filesize limit: searchtools.js
[2026-05-28 13:51:39,201] multiqc                                            [DEBUG  ]  File ignored by nanostat because it exceeded search pattern filesize limit: searchtools.js
[2026-05-28 13:51:39,219] multiqc                                            [DEBUG  ]  File ignored by ccs/v4 because it exceeded search pattern filesize limit: underscore.js
[2026-05-28 13:51:39,220] multiqc                                            [DEBUG  ]  File ignored by hicexplorer because it exceeded search pattern filesize limit: underscore.js
[2026-05-28 13:51:39,221] multiqc                                            [DEBUG  ]  File ignored by lima/summary because it exceeded search pattern filesize limit: underscore.js
[2026-05-28 13:51:39,222] multiqc                                            [DEBUG  ]  File ignored by longranger/invocation because it exceeded search pattern filesize limit: underscore.js
[2026-05-28 13:51:39,226] multiqc                                            [DEBUG  ]  File ignored by nanostat because it exceeded search pattern filesize limit: underscore.js
[2026-05-28 13:51:39,233] multiqc                                            [DEBUG  ]  File ignored by ccs/v4 because it exceeded search pattern filesize limit: websupport.js
[2026-05-28 13:51:39,234] multiqc                                            [DEBUG  ]  File ignored by hicexplorer because it exceeded search pattern filesize limit: websupport.js
[2026-05-28 13:51:39,235] multiqc                                            [DEBUG  ]  File ignored by lima/summary because it exceeded search pattern filesize limit: websupport.js
[2026-05-28 13:51:39,236] multiqc                                            [DEBUG  ]  File ignored by longranger/invocation because it exceeded search pattern filesize limit: websupport.js
[2026-05-28 13:51:39,251] multiqc                                            [DEBUG  ]  File ignored by nanostat because it exceeded search pattern filesize limit: websupport.js
[2026-05-28 13:51:39,346] multiqc                                            [DEBUG  ]  File ignored by ccs/v4 because it exceeded search pattern filesize limit: coverage_profile_along_genes_(low).txt
[2026-05-28 13:51:39,348] multiqc                                            [DEBUG  ]  File ignored by lima/summary because it exceeded search pattern filesize limit: coverage_profile_along_genes_(low).txt
[2026-05-28 13:51:39,350] multiqc                                            [DEBUG  ]  File ignored by longranger/invocation because it exceeded search pattern filesize limit: coverage_profile_along_genes_(low).txt
[2026-05-28 13:51:39,375] multiqc                                            [DEBUG  ]  File ignored by ccs/v4 because it exceeded search pattern filesize limit: coverage_profile_along_genes_(high).txt
[2026-05-28 13:51:39,377] multiqc                                            [DEBUG  ]  File ignored by lima/summary because it exceeded search pattern filesize limit: coverage_profile_along_genes_(high).txt
[2026-05-28 13:51:39,378] multiqc                                            [DEBUG  ]  File ignored by longranger/invocation because it exceeded search pattern filesize limit: coverage_profile_along_genes_(high).txt
[2026-05-28 13:51:39,412] multiqc                                            [DEBUG  ]  File ignored by ccs/v4 because it exceeded search pattern filesize limit: qualimapReport.html
[2026-05-28 13:51:39,413] multiqc                                            [DEBUG  ]  File ignored by hicexplorer because it exceeded search pattern filesize limit: qualimapReport.html
[2026-05-28 13:51:39,414] multiqc                                            [DEBUG  ]  File ignored by lima/summary because it exceeded search pattern filesize limit: qualimapReport.html
[2026-05-28 13:51:39,415] multiqc                                            [DEBUG  ]  File ignored by longranger/invocation because it exceeded search pattern filesize limit: qualimapReport.html
[2026-05-28 13:51:39,423] multiqc                                            [DEBUG  ]  File ignored by nanostat because it exceeded search pattern filesize limit: qualimapReport.html
[2026-05-28 13:51:39,492] multiqc                                            [DEBUG  ]  File ignored by ccs/v4 because it exceeded search pattern filesize limit: agogo.css
[2026-05-28 13:51:39,493] multiqc                                            [DEBUG  ]  File ignored by hicexplorer because it exceeded search pattern filesize limit: agogo.css
[2026-05-28 13:51:39,493] multiqc                                            [DEBUG  ]  File ignored by lima/summary because it exceeded search pattern filesize limit: agogo.css
[2026-05-28 13:51:39,495] multiqc                                            [DEBUG  ]  File ignored by longranger/invocation because it exceeded search pattern filesize limit: agogo.css
[2026-05-28 13:51:39,505] multiqc                                            [DEBUG  ]  File ignored by nanostat because it exceeded search pattern filesize limit: agogo.css
[2026-05-28 13:51:39,513] multiqc                                            [DEBUG  ]  File ignored by ccs/v4 because it exceeded search pattern filesize limit: basic.css
[2026-05-28 13:51:39,514] multiqc                                            [DEBUG  ]  File ignored by hicexplorer because it exceeded search pattern filesize limit: basic.css
[2026-05-28 13:51:39,515] multiqc                                            [DEBUG  ]  File ignored by lima/summary because it exceeded search pattern filesize limit: basic.css
[2026-05-28 13:51:39,517] multiqc                                            [DEBUG  ]  File ignored by longranger/invocation because it exceeded search pattern filesize limit: basic.css
[2026-05-28 13:51:39,527] multiqc                                            [DEBUG  ]  File ignored by nanostat because it exceeded search pattern filesize limit: basic.css
[2026-05-28 13:51:39,594] multiqc                                            [DEBUG  ]  File ignored by ccs/v4 because it exceeded search pattern filesize limit: doctools.js
[2026-05-28 13:51:39,595] multiqc                                            [DEBUG  ]  File ignored by hicexplorer because it exceeded search pattern filesize limit: doctools.js
[2026-05-28 13:51:39,595] multiqc                                            [DEBUG  ]  File ignored by lima/summary because it exceeded search pattern filesize limit: doctools.js
[2026-05-28 13:51:39,597] multiqc                                            [DEBUG  ]  File ignored by longranger/invocation because it exceeded search pattern filesize limit: doctools.js
[2026-05-28 13:51:39,603] multiqc                                            [DEBUG  ]  File ignored by nanostat because it exceeded search pattern filesize limit: doctools.js
[2026-05-28 13:51:39,789] multiqc                                            [DEBUG  ]  File ignored by ccs/v4 because it exceeded search pattern filesize limit: jquery.js
[2026-05-28 13:51:39,790] multiqc                                            [DEBUG  ]  File ignored by hicexplorer because it exceeded search pattern filesize limit: jquery.js
[2026-05-28 13:51:39,790] multiqc                                            [DEBUG  ]  File ignored by lima/summary because it exceeded search pattern filesize limit: jquery.js
[2026-05-28 13:51:39,792] multiqc                                            [DEBUG  ]  File ignored by longranger/invocation because it exceeded search pattern filesize limit: jquery.js
[2026-05-28 13:51:39,800] multiqc                                            [DEBUG  ]  File ignored by nanostat because it exceeded search pattern filesize limit: jquery.js
[2026-05-28 13:51:39,823] multiqc                                            [DEBUG  ]  File ignored by ccs/v4 because it exceeded search pattern filesize limit: pygments.css
[2026-05-28 13:51:39,824] multiqc                                            [DEBUG  ]  File ignored by lima/summary because it exceeded search pattern filesize limit: pygments.css
[2026-05-28 13:51:39,826] multiqc                                            [DEBUG  ]  File ignored by longranger/invocation because it exceeded search pattern filesize limit: pygments.css
[2026-05-28 13:51:39,946] multiqc                                            [DEBUG  ]  File ignored by ccs/v4 because it exceeded search pattern filesize limit: searchtools.js
[2026-05-28 13:51:39,947] multiqc                                            [DEBUG  ]  File ignored by hicexplorer because it exceeded search pattern filesize limit: searchtools.js
[2026-05-28 13:51:39,947] multiqc                                            [DEBUG  ]  File ignored by lima/summary because it exceeded search pattern filesize limit: searchtools.js
[2026-05-28 13:51:39,949] multiqc                                            [DEBUG  ]  File ignored by longranger/invocation because it exceeded search pattern filesize limit: searchtools.js
[2026-05-28 13:51:39,960] multiqc                                            [DEBUG  ]  File ignored by nanostat because it exceeded search pattern filesize limit: searchtools.js
[2026-05-28 13:51:39,965] multiqc                                            [DEBUG  ]  File ignored by ccs/v4 because it exceeded search pattern filesize limit: underscore.js
[2026-05-28 13:51:39,966] multiqc                                            [DEBUG  ]  File ignored by hicexplorer because it exceeded search pattern filesize limit: underscore.js
[2026-05-28 13:51:39,966] multiqc                                            [DEBUG  ]  File ignored by lima/summary because it exceeded search pattern filesize limit: underscore.js
[2026-05-28 13:51:39,968] multiqc                                            [DEBUG  ]  File ignored by longranger/invocation because it exceeded search pattern filesize limit: underscore.js
[2026-05-28 13:51:39,972] multiqc                                            [DEBUG  ]  File ignored by nanostat because it exceeded search pattern filesize limit: underscore.js
[2026-05-28 13:51:39,979] multiqc                                            [DEBUG  ]  File ignored by ccs/v4 because it exceeded search pattern filesize limit: websupport.js
[2026-05-28 13:51:39,980] multiqc                                            [DEBUG  ]  File ignored by hicexplorer because it exceeded search pattern filesize limit: websupport.js
[2026-05-28 13:51:39,980] multiqc                                            [DEBUG  ]  File ignored by lima/summary because it exceeded search pattern filesize limit: websupport.js
[2026-05-28 13:51:39,982] multiqc                                            [DEBUG  ]  File ignored by longranger/invocation because it exceeded search pattern filesize limit: websupport.js
[2026-05-28 13:51:39,998] multiqc                                            [DEBUG  ]  File ignored by nanostat because it exceeded search pattern filesize limit: websupport.js
[2026-05-28 13:51:40,110] multiqc                                            [DEBUG  ]  File ignored by ccs/v4 because it exceeded search pattern filesize limit: coverage_profile_along_genes_(low).txt
[2026-05-28 13:51:40,111] multiqc                                            [DEBUG  ]  File ignored by lima/summary because it exceeded search pattern filesize limit: coverage_profile_along_genes_(low).txt
[2026-05-28 13:51:40,113] multiqc                                            [DEBUG  ]  File ignored by longranger/invocation because it exceeded search pattern filesize limit: coverage_profile_along_genes_(low).txt
[2026-05-28 13:51:40,121] multiqc                                            [DEBUG  ]  File ignored by ccs/v4 because it exceeded search pattern filesize limit: coverage_profile_along_genes_(high).txt
[2026-05-28 13:51:40,122] multiqc                                            [DEBUG  ]  File ignored by lima/summary because it exceeded search pattern filesize limit: coverage_profile_along_genes_(high).txt
[2026-05-28 13:51:40,126] multiqc                                            [DEBUG  ]  File ignored by longranger/invocation because it exceeded search pattern filesize limit: coverage_profile_along_genes_(high).txt
[2026-05-28 13:51:40,154] multiqc                                            [DEBUG  ]  File ignored by ccs/v4 because it exceeded search pattern filesize limit: qualimapReport.html
[2026-05-28 13:51:40,155] multiqc                                            [DEBUG  ]  File ignored by hicexplorer because it exceeded search pattern filesize limit: qualimapReport.html
[2026-05-28 13:51:40,156] multiqc                                            [DEBUG  ]  File ignored by lima/summary because it exceeded search pattern filesize limit: qualimapReport.html
[2026-05-28 13:51:40,158] multiqc                                            [DEBUG  ]  File ignored by longranger/invocation because it exceeded search pattern filesize limit: qualimapReport.html
[2026-05-28 13:51:40,165] multiqc                                            [DEBUG  ]  File ignored by nanostat because it exceeded search pattern filesize limit: qualimapReport.html
[2026-05-28 13:51:40,198] multiqc                                            [DEBUG  ]  File ignored by ccs/v4 because it exceeded search pattern filesize limit: agogo.css
[2026-05-28 13:51:40,200] multiqc                                            [DEBUG  ]  File ignored by hicexplorer because it exceeded search pattern filesize limit: agogo.css
[2026-05-28 13:51:40,200] multiqc                                            [DEBUG  ]  File ignored by lima/summary because it exceeded search pattern filesize limit: agogo.css
[2026-05-28 13:51:40,202] multiqc                                            [DEBUG  ]  File ignored by longranger/invocation because it exceeded search pattern filesize limit: agogo.css
[2026-05-28 13:51:40,212] multiqc                                            [DEBUG  ]  File ignored by nanostat because it exceeded search pattern filesize limit: agogo.css
[2026-05-28 13:51:40,239] multiqc                                            [DEBUG  ]  File ignored by ccs/v4 because it exceeded search pattern filesize limit: basic.css
[2026-05-28 13:51:40,240] multiqc                                            [DEBUG  ]  File ignored by hicexplorer because it exceeded search pattern filesize limit: basic.css
[2026-05-28 13:51:40,240] multiqc                                            [DEBUG  ]  File ignored by lima/summary because it exceeded search pattern filesize limit: basic.css
[2026-05-28 13:51:40,242] multiqc                                            [DEBUG  ]  File ignored by longranger/invocation because it exceeded search pattern filesize limit: basic.css
[2026-05-28 13:51:40,251] multiqc                                            [DEBUG  ]  File ignored by nanostat because it exceeded search pattern filesize limit: basic.css
[2026-05-28 13:51:40,282] multiqc                                            [DEBUG  ]  File ignored by ccs/v4 because it exceeded search pattern filesize limit: doctools.js
[2026-05-28 13:51:40,283] multiqc                                            [DEBUG  ]  File ignored by hicexplorer because it exceeded search pattern filesize limit: doctools.js
[2026-05-28 13:51:40,283] multiqc                                            [DEBUG  ]  File ignored by lima/summary because it exceeded search pattern filesize limit: doctools.js
[2026-05-28 13:51:40,285] multiqc                                            [DEBUG  ]  File ignored by longranger/invocation because it exceeded search pattern filesize limit: doctools.js
[2026-05-28 13:51:40,292] multiqc                                            [DEBUG  ]  File ignored by nanostat because it exceeded search pattern filesize limit: doctools.js
[2026-05-28 13:51:40,422] multiqc                                            [DEBUG  ]  File ignored by ccs/v4 because it exceeded search pattern filesize limit: jquery.js
[2026-05-28 13:51:40,423] multiqc                                            [DEBUG  ]  File ignored by hicexplorer because it exceeded search pattern filesize limit: jquery.js
[2026-05-28 13:51:40,423] multiqc                                            [DEBUG  ]  File ignored by lima/summary because it exceeded search pattern filesize limit: jquery.js
[2026-05-28 13:51:40,425] multiqc                                            [DEBUG  ]  File ignored by longranger/invocation because it exceeded search pattern filesize limit: jquery.js
[2026-05-28 13:51:40,435] multiqc                                            [DEBUG  ]  File ignored by nanostat because it exceeded search pattern filesize limit: jquery.js
[2026-05-28 13:51:40,442] multiqc                                            [DEBUG  ]  File ignored by ccs/v4 because it exceeded search pattern filesize limit: pygments.css
[2026-05-28 13:51:40,443] multiqc                                            [DEBUG  ]  File ignored by lima/summary because it exceeded search pattern filesize limit: pygments.css
[2026-05-28 13:51:40,445] multiqc                                            [DEBUG  ]  File ignored by longranger/invocation because it exceeded search pattern filesize limit: pygments.css
[2026-05-28 13:51:40,593] multiqc                                            [DEBUG  ]  File ignored by ccs/v4 because it exceeded search pattern filesize limit: searchtools.js
[2026-05-28 13:51:40,595] multiqc                                            [DEBUG  ]  File ignored by hicexplorer because it exceeded search pattern filesize limit: searchtools.js
[2026-05-28 13:51:40,595] multiqc                                            [DEBUG  ]  File ignored by lima/summary because it exceeded search pattern filesize limit: searchtools.js
[2026-05-28 13:51:40,597] multiqc                                            [DEBUG  ]  File ignored by longranger/invocation because it exceeded search pattern filesize limit: searchtools.js
[2026-05-28 13:51:40,607] multiqc                                            [DEBUG  ]  File ignored by nanostat because it exceeded search pattern filesize limit: searchtools.js
[2026-05-28 13:51:40,612] multiqc                                            [DEBUG  ]  File ignored by ccs/v4 because it exceeded search pattern filesize limit: underscore.js
[2026-05-28 13:51:40,613] multiqc                                            [DEBUG  ]  File ignored by hicexplorer because it exceeded search pattern filesize limit: underscore.js
[2026-05-28 13:51:40,613] multiqc                                            [DEBUG  ]  File ignored by lima/summary because it exceeded search pattern filesize limit: underscore.js
[2026-05-28 13:51:40,615] multiqc                                            [DEBUG  ]  File ignored by longranger/invocation because it exceeded search pattern filesize limit: underscore.js
[2026-05-28 13:51:40,619] multiqc                                            [DEBUG  ]  File ignored by nanostat because it exceeded search pattern filesize limit: underscore.js
[2026-05-28 13:51:40,674] multiqc                                            [DEBUG  ]  File ignored by ccs/v4 because it exceeded search pattern filesize limit: websupport.js
[2026-05-28 13:51:40,675] multiqc                                            [DEBUG  ]  File ignored by hicexplorer because it exceeded search pattern filesize limit: websupport.js
[2026-05-28 13:51:40,675] multiqc                                            [DEBUG  ]  File ignored by lima/summary because it exceeded search pattern filesize limit: websupport.js
[2026-05-28 13:51:40,677] multiqc                                            [DEBUG  ]  File ignored by longranger/invocation because it exceeded search pattern filesize limit: websupport.js
[2026-05-28 13:51:40,693] multiqc                                            [DEBUG  ]  File ignored by nanostat because it exceeded search pattern filesize limit: websupport.js
[2026-05-28 13:51:40,822] multiqc                                            [DEBUG  ]  File ignored by ccs/v4 because it exceeded search pattern filesize limit: coverage_profile_along_genes_(low).txt
[2026-05-28 13:51:40,823] multiqc                                            [DEBUG  ]  File ignored by lima/summary because it exceeded search pattern filesize limit: coverage_profile_along_genes_(low).txt
[2026-05-28 13:51:40,825] multiqc                                            [DEBUG  ]  File ignored by longranger/invocation because it exceeded search pattern filesize limit: coverage_profile_along_genes_(low).txt
[2026-05-28 13:51:40,851] multiqc                                            [DEBUG  ]  File ignored by ccs/v4 because it exceeded search pattern filesize limit: coverage_profile_along_genes_(high).txt
[2026-05-28 13:51:40,852] multiqc                                            [DEBUG  ]  File ignored by lima/summary because it exceeded search pattern filesize limit: coverage_profile_along_genes_(high).txt
[2026-05-28 13:51:40,854] multiqc                                            [DEBUG  ]  File ignored by longranger/invocation because it exceeded search pattern filesize limit: coverage_profile_along_genes_(high).txt
[2026-05-28 13:51:40,915] multiqc                                            [DEBUG  ]  File ignored by ccs/v4 because it exceeded search pattern filesize limit: qualimapReport.html
[2026-05-28 13:51:40,916] multiqc                                            [DEBUG  ]  File ignored by hicexplorer because it exceeded search pattern filesize limit: qualimapReport.html
[2026-05-28 13:51:40,917] multiqc                                            [DEBUG  ]  File ignored by lima/summary because it exceeded search pattern filesize limit: qualimapReport.html
[2026-05-28 13:51:40,918] multiqc                                            [DEBUG  ]  File ignored by longranger/invocation because it exceeded search pattern filesize limit: qualimapReport.html
[2026-05-28 13:51:40,926] multiqc                                            [DEBUG  ]  File ignored by nanostat because it exceeded search pattern filesize limit: qualimapReport.html
[2026-05-28 13:51:40,956] multiqc                                            [DEBUG  ]  File ignored by ccs/v4 because it exceeded search pattern filesize limit: agogo.css
[2026-05-28 13:51:40,957] multiqc                                            [DEBUG  ]  File ignored by hicexplorer because it exceeded search pattern filesize limit: agogo.css
[2026-05-28 13:51:40,957] multiqc                                            [DEBUG  ]  File ignored by lima/summary because it exceeded search pattern filesize limit: agogo.css
[2026-05-28 13:51:40,959] multiqc                                            [DEBUG  ]  File ignored by longranger/invocation because it exceeded search pattern filesize limit: agogo.css
[2026-05-28 13:51:40,967] multiqc                                            [DEBUG  ]  File ignored by nanostat because it exceeded search pattern filesize limit: agogo.css
[2026-05-28 13:51:41,012] multiqc                                            [DEBUG  ]  File ignored by ccs/v4 because it exceeded search pattern filesize limit: basic.css
[2026-05-28 13:51:41,013] multiqc                                            [DEBUG  ]  File ignored by hicexplorer because it exceeded search pattern filesize limit: basic.css
[2026-05-28 13:51:41,013] multiqc                                            [DEBUG  ]  File ignored by lima/summary because it exceeded search pattern filesize limit: basic.css
[2026-05-28 13:51:41,015] multiqc                                            [DEBUG  ]  File ignored by longranger/invocation because it exceeded search pattern filesize limit: basic.css
[2026-05-28 13:51:41,026] multiqc                                            [DEBUG  ]  File ignored by nanostat because it exceeded search pattern filesize limit: basic.css
[2026-05-28 13:51:41,061] multiqc                                            [DEBUG  ]  File ignored by ccs/v4 because it exceeded search pattern filesize limit: doctools.js
[2026-05-28 13:51:41,062] multiqc                                            [DEBUG  ]  File ignored by hicexplorer because it exceeded search pattern filesize limit: doctools.js
[2026-05-28 13:51:41,062] multiqc                                            [DEBUG  ]  File ignored by lima/summary because it exceeded search pattern filesize limit: doctools.js
[2026-05-28 13:51:41,064] multiqc                                            [DEBUG  ]  File ignored by longranger/invocation because it exceeded search pattern filesize limit: doctools.js
[2026-05-28 13:51:41,070] multiqc                                            [DEBUG  ]  File ignored by nanostat because it exceeded search pattern filesize limit: doctools.js
[2026-05-28 13:51:41,114] multiqc                                            [DEBUG  ]  File ignored by ccs/v4 because it exceeded search pattern filesize limit: jquery.js
[2026-05-28 13:51:41,115] multiqc                                            [DEBUG  ]  File ignored by hicexplorer because it exceeded search pattern filesize limit: jquery.js
[2026-05-28 13:51:41,115] multiqc                                            [DEBUG  ]  File ignored by lima/summary because it exceeded search pattern filesize limit: jquery.js
[2026-05-28 13:51:41,117] multiqc                                            [DEBUG  ]  File ignored by longranger/invocation because it exceeded search pattern filesize limit: jquery.js
[2026-05-28 13:51:41,125] multiqc                                            [DEBUG  ]  File ignored by nanostat because it exceeded search pattern filesize limit: jquery.js
[2026-05-28 13:51:41,132] multiqc                                            [DEBUG  ]  File ignored by ccs/v4 because it exceeded search pattern filesize limit: pygments.css
[2026-05-28 13:51:41,134] multiqc                                            [DEBUG  ]  File ignored by lima/summary because it exceeded search pattern filesize limit: pygments.css
[2026-05-28 13:51:41,136] multiqc                                            [DEBUG  ]  File ignored by longranger/invocation because it exceeded search pattern filesize limit: pygments.css
[2026-05-28 13:51:41,192] multiqc                                            [DEBUG  ]  File ignored by ccs/v4 because it exceeded search pattern filesize limit: searchtools.js
[2026-05-28 13:51:41,193] multiqc                                            [DEBUG  ]  File ignored by hicexplorer because it exceeded search pattern filesize limit: searchtools.js
[2026-05-28 13:51:41,193] multiqc                                            [DEBUG  ]  File ignored by lima/summary because it exceeded search pattern filesize limit: searchtools.js
[2026-05-28 13:51:41,195] multiqc                                            [DEBUG  ]  File ignored by longranger/invocation because it exceeded search pattern filesize limit: searchtools.js
[2026-05-28 13:51:41,206] multiqc                                            [DEBUG  ]  File ignored by nanostat because it exceeded search pattern filesize limit: searchtools.js
[2026-05-28 13:51:41,230] multiqc                                            [DEBUG  ]  File ignored by ccs/v4 because it exceeded search pattern filesize limit: underscore.js
[2026-05-28 13:51:41,231] multiqc                                            [DEBUG  ]  File ignored by hicexplorer because it exceeded search pattern filesize limit: underscore.js
[2026-05-28 13:51:41,231] multiqc                                            [DEBUG  ]  File ignored by lima/summary because it exceeded search pattern filesize limit: underscore.js
[2026-05-28 13:51:41,233] multiqc                                            [DEBUG  ]  File ignored by longranger/invocation because it exceeded search pattern filesize limit: underscore.js
[2026-05-28 13:51:41,237] multiqc                                            [DEBUG  ]  File ignored by nanostat because it exceeded search pattern filesize limit: underscore.js
[2026-05-28 13:51:41,341] multiqc                                            [DEBUG  ]  File ignored by ccs/v4 because it exceeded search pattern filesize limit: websupport.js
[2026-05-28 13:51:41,342] multiqc                                            [DEBUG  ]  File ignored by hicexplorer because it exceeded search pattern filesize limit: websupport.js
[2026-05-28 13:51:41,343] multiqc                                            [DEBUG  ]  File ignored by lima/summary because it exceeded search pattern filesize limit: websupport.js
[2026-05-28 13:51:41,344] multiqc                                            [DEBUG  ]  File ignored by longranger/invocation because it exceeded search pattern filesize limit: websupport.js
[2026-05-28 13:51:41,363] multiqc                                            [DEBUG  ]  File ignored by nanostat because it exceeded search pattern filesize limit: websupport.js
[2026-05-28 13:51:41,493] multiqc                                            [DEBUG  ]  File ignored by ccs/v4 because it exceeded search pattern filesize limit: coverage_profile_along_genes_(low).txt
[2026-05-28 13:51:41,494] multiqc                                            [DEBUG  ]  File ignored by lima/summary because it exceeded search pattern filesize limit: coverage_profile_along_genes_(low).txt
[2026-05-28 13:51:41,496] multiqc                                            [DEBUG  ]  File ignored by longranger/invocation because it exceeded search pattern filesize limit: coverage_profile_along_genes_(low).txt
[2026-05-28 13:51:41,514] multiqc                                            [DEBUG  ]  File ignored by ccs/v4 because it exceeded search pattern filesize limit: coverage_profile_along_genes_(high).txt
[2026-05-28 13:51:41,515] multiqc                                            [DEBUG  ]  File ignored by lima/summary because it exceeded search pattern filesize limit: coverage_profile_along_genes_(high).txt
[2026-05-28 13:51:41,517] multiqc                                            [DEBUG  ]  File ignored by longranger/invocation because it exceeded search pattern filesize limit: coverage_profile_along_genes_(high).txt
[2026-05-28 13:51:41,551] multiqc                                            [DEBUG  ]  File ignored by ccs/v4 because it exceeded search pattern filesize limit: qualimapReport.html
[2026-05-28 13:51:41,552] multiqc                                            [DEBUG  ]  File ignored by hicexplorer because it exceeded search pattern filesize limit: qualimapReport.html
[2026-05-28 13:51:41,553] multiqc                                            [DEBUG  ]  File ignored by lima/summary because it exceeded search pattern filesize limit: qualimapReport.html
[2026-05-28 13:51:41,555] multiqc                                            [DEBUG  ]  File ignored by longranger/invocation because it exceeded search pattern filesize limit: qualimapReport.html
[2026-05-28 13:51:41,565] multiqc                                            [DEBUG  ]  File ignored by nanostat because it exceeded search pattern filesize limit: qualimapReport.html
[2026-05-28 13:51:41,728] multiqc                                            [DEBUG  ]  File ignored by ccs/v4 because it exceeded search pattern filesize limit: agogo.css
[2026-05-28 13:51:41,729] multiqc                                            [DEBUG  ]  File ignored by hicexplorer because it exceeded search pattern filesize limit: agogo.css
[2026-05-28 13:51:41,729] multiqc                                            [DEBUG  ]  File ignored by lima/summary because it exceeded search pattern filesize limit: agogo.css
[2026-05-28 13:51:41,731] multiqc                                            [DEBUG  ]  File ignored by longranger/invocation because it exceeded search pattern filesize limit: agogo.css
[2026-05-28 13:51:41,743] multiqc                                            [DEBUG  ]  File ignored by nanostat because it exceeded search pattern filesize limit: agogo.css
[2026-05-28 13:51:41,785] multiqc                                            [DEBUG  ]  File ignored by ccs/v4 because it exceeded search pattern filesize limit: basic.css
[2026-05-28 13:51:41,786] multiqc                                            [DEBUG  ]  File ignored by hicexplorer because it exceeded search pattern filesize limit: basic.css
[2026-05-28 13:51:41,786] multiqc                                            [DEBUG  ]  File ignored by lima/summary because it exceeded search pattern filesize limit: basic.css
[2026-05-28 13:51:41,788] multiqc                                            [DEBUG  ]  File ignored by longranger/invocation because it exceeded search pattern filesize limit: basic.css
[2026-05-28 13:51:41,798] multiqc                                            [DEBUG  ]  File ignored by nanostat because it exceeded search pattern filesize limit: basic.css
[2026-05-28 13:51:41,829] multiqc                                            [DEBUG  ]  File ignored by ccs/v4 because it exceeded search pattern filesize limit: doctools.js
[2026-05-28 13:51:41,829] multiqc                                            [DEBUG  ]  File ignored by hicexplorer because it exceeded search pattern filesize limit: doctools.js
[2026-05-28 13:51:41,830] multiqc                                            [DEBUG  ]  File ignored by lima/summary because it exceeded search pattern filesize limit: doctools.js
[2026-05-28 13:51:41,832] multiqc                                            [DEBUG  ]  File ignored by longranger/invocation because it exceeded search pattern filesize limit: doctools.js
[2026-05-28 13:51:41,837] multiqc                                            [DEBUG  ]  File ignored by nanostat because it exceeded search pattern filesize limit: doctools.js
[2026-05-28 13:51:41,890] multiqc                                            [DEBUG  ]  File ignored by ccs/v4 because it exceeded search pattern filesize limit: jquery.js
[2026-05-28 13:51:41,892] multiqc                                            [DEBUG  ]  File ignored by hicexplorer because it exceeded search pattern filesize limit: jquery.js
[2026-05-28 13:51:41,892] multiqc                                            [DEBUG  ]  File ignored by lima/summary because it exceeded search pattern filesize limit: jquery.js
[2026-05-28 13:51:41,894] multiqc                                            [DEBUG  ]  File ignored by longranger/invocation because it exceeded search pattern filesize limit: jquery.js
[2026-05-28 13:51:41,902] multiqc                                            [DEBUG  ]  File ignored by nanostat because it exceeded search pattern filesize limit: jquery.js
[2026-05-28 13:51:41,931] multiqc                                            [DEBUG  ]  File ignored by ccs/v4 because it exceeded search pattern filesize limit: pygments.css
[2026-05-28 13:51:41,932] multiqc                                            [DEBUG  ]  File ignored by lima/summary because it exceeded search pattern filesize limit: pygments.css
[2026-05-28 13:51:41,934] multiqc                                            [DEBUG  ]  File ignored by longranger/invocation because it exceeded search pattern filesize limit: pygments.css
[2026-05-28 13:51:42,032] multiqc                                            [DEBUG  ]  File ignored by ccs/v4 because it exceeded search pattern filesize limit: searchtools.js
[2026-05-28 13:51:42,033] multiqc                                            [DEBUG  ]  File ignored by hicexplorer because it exceeded search pattern filesize limit: searchtools.js
[2026-05-28 13:51:42,033] multiqc                                            [DEBUG  ]  File ignored by lima/summary because it exceeded search pattern filesize limit: searchtools.js
[2026-05-28 13:51:42,035] multiqc                                            [DEBUG  ]  File ignored by longranger/invocation because it exceeded search pattern filesize limit: searchtools.js
[2026-05-28 13:51:42,049] multiqc                                            [DEBUG  ]  File ignored by nanostat because it exceeded search pattern filesize limit: searchtools.js
[2026-05-28 13:51:42,056] multiqc                                            [DEBUG  ]  File ignored by ccs/v4 because it exceeded search pattern filesize limit: underscore.js
[2026-05-28 13:51:42,057] multiqc                                            [DEBUG  ]  File ignored by hicexplorer because it exceeded search pattern filesize limit: underscore.js
[2026-05-28 13:51:42,057] multiqc                                            [DEBUG  ]  File ignored by lima/summary because it exceeded search pattern filesize limit: underscore.js
[2026-05-28 13:51:42,059] multiqc                                            [DEBUG  ]  File ignored by longranger/invocation because it exceeded search pattern filesize limit: underscore.js
[2026-05-28 13:51:42,062] multiqc                                            [DEBUG  ]  File ignored by nanostat because it exceeded search pattern filesize limit: underscore.js
[2026-05-28 13:51:42,088] multiqc                                            [DEBUG  ]  File ignored by ccs/v4 because it exceeded search pattern filesize limit: websupport.js
[2026-05-28 13:51:42,089] multiqc                                            [DEBUG  ]  File ignored by hicexplorer because it exceeded search pattern filesize limit: websupport.js
[2026-05-28 13:51:42,089] multiqc                                            [DEBUG  ]  File ignored by lima/summary because it exceeded search pattern filesize limit: websupport.js
[2026-05-28 13:51:42,091] multiqc                                            [DEBUG  ]  File ignored by longranger/invocation because it exceeded search pattern filesize limit: websupport.js
[2026-05-28 13:51:42,105] multiqc                                            [DEBUG  ]  File ignored by nanostat because it exceeded search pattern filesize limit: websupport.js
[2026-05-28 13:51:42,139] multiqc                                            [DEBUG  ]  File ignored by ccs/v4 because it exceeded search pattern filesize limit: coverage_profile_along_genes_(low).txt
[2026-05-28 13:51:42,140] multiqc                                            [DEBUG  ]  File ignored by lima/summary because it exceeded search pattern filesize limit: coverage_profile_along_genes_(low).txt
[2026-05-28 13:51:42,142] multiqc                                            [DEBUG  ]  File ignored by longranger/invocation because it exceeded search pattern filesize limit: coverage_profile_along_genes_(low).txt
[2026-05-28 13:51:42,241] multiqc                                            [DEBUG  ]  File ignored by ccs/v4 because it exceeded search pattern filesize limit: coverage_profile_along_genes_(high).txt
[2026-05-28 13:51:42,242] multiqc                                            [DEBUG  ]  File ignored by lima/summary because it exceeded search pattern filesize limit: coverage_profile_along_genes_(high).txt
[2026-05-28 13:51:42,244] multiqc                                            [DEBUG  ]  File ignored by longranger/invocation because it exceeded search pattern filesize limit: coverage_profile_along_genes_(high).txt
[2026-05-28 13:51:42,253] multiqc                                            [DEBUG  ]  File ignored by ccs/v4 because it exceeded search pattern filesize limit: POC_R0_H3_SJ.out.tab
[2026-05-28 13:51:42,254] multiqc                                            [DEBUG  ]  File ignored by hicexplorer because it exceeded search pattern filesize limit: POC_R0_H3_SJ.out.tab
[2026-05-28 13:51:42,254] multiqc                                            [DEBUG  ]  File ignored by lima/summary because it exceeded search pattern filesize limit: POC_R0_H3_SJ.out.tab
[2026-05-28 13:51:42,256] multiqc                                            [DEBUG  ]  File ignored by longranger/invocation because it exceeded search pattern filesize limit: POC_R0_H3_SJ.out.tab
[2026-05-28 13:51:42,270] multiqc                                            [DEBUG  ]  File ignored by nanostat because it exceeded search pattern filesize limit: POC_R0_H3_SJ.out.tab
[2026-05-28 13:51:42,277] multiqc                                            [DEBUG  ]  File ignored by ccs/v4 because it exceeded search pattern filesize limit: POC_R1_C1_Log.out
[2026-05-28 13:51:42,278] multiqc                                            [DEBUG  ]  File ignored by hicexplorer because it exceeded search pattern filesize limit: POC_R1_C1_Log.out
[2026-05-28 13:51:42,278] multiqc                                            [DEBUG  ]  File ignored by lima/summary because it exceeded search pattern filesize limit: POC_R1_C1_Log.out
[2026-05-28 13:51:42,280] multiqc                                            [DEBUG  ]  File ignored by longranger/invocation because it exceeded search pattern filesize limit: POC_R1_C1_Log.out
[2026-05-28 13:51:42,295] multiqc                                            [DEBUG  ]  File ignored by nanostat because it exceeded search pattern filesize limit: POC_R1_C1_Log.out
[2026-05-28 13:51:42,300] multiqc                                            [DEBUG  ]  File ignored by ccs/v4 because it exceeded search pattern filesize limit: POC_R24_H2_Log.out
[2026-05-28 13:51:42,301] multiqc                                            [DEBUG  ]  File ignored by hicexplorer because it exceeded search pattern filesize limit: POC_R24_H2_Log.out
[2026-05-28 13:51:42,301] multiqc                                            [DEBUG  ]  File ignored by lima/summary because it exceeded search pattern filesize limit: POC_R24_H2_Log.out
[2026-05-28 13:51:42,303] multiqc                                            [DEBUG  ]  File ignored by longranger/invocation because it exceeded search pattern filesize limit: POC_R24_H2_Log.out
[2026-05-28 13:51:42,321] multiqc                                            [DEBUG  ]  File ignored by nanostat because it exceeded search pattern filesize limit: POC_R24_H2_Log.out
[2026-05-28 13:51:42,326] multiqc                                            [DEBUG  ]  File ignored by ccs/v4 because it exceeded search pattern filesize limit: POC_R120_C3_Log.out
[2026-05-28 13:51:42,327] multiqc                                            [DEBUG  ]  File ignored by hicexplorer because it exceeded search pattern filesize limit: POC_R120_C3_Log.out
[2026-05-28 13:51:42,328] multiqc                                            [DEBUG  ]  File ignored by lima/summary because it exceeded search pattern filesize limit: POC_R120_C3_Log.out
[2026-05-28 13:51:42,330] multiqc                                            [DEBUG  ]  File ignored by longranger/invocation because it exceeded search pattern filesize limit: POC_R120_C3_Log.out
[2026-05-28 13:51:42,344] multiqc                                            [DEBUG  ]  File ignored by nanostat because it exceeded search pattern filesize limit: POC_R120_C3_Log.out
[2026-05-28 13:51:42,348] multiqc                                            [DEBUG  ]  File ignored by ccs/v4 because it exceeded search pattern filesize limit: POC_R120_C2_SJ.out.tab
[2026-05-28 13:51:42,349] multiqc                                            [DEBUG  ]  File ignored by hicexplorer because it exceeded search pattern filesize limit: POC_R120_C2_SJ.out.tab
[2026-05-28 13:51:42,349] multiqc                                            [DEBUG  ]  File ignored by lima/summary because it exceeded search pattern filesize limit: POC_R120_C2_SJ.out.tab
[2026-05-28 13:51:42,351] multiqc                                            [DEBUG  ]  File ignored by longranger/invocation because it exceeded search pattern filesize limit: POC_R120_C2_SJ.out.tab
[2026-05-28 13:51:42,365] multiqc                                            [DEBUG  ]  File ignored by nanostat because it exceeded search pattern filesize limit: POC_R120_C2_SJ.out.tab
[2026-05-28 13:51:42,372] multiqc                                            [DEBUG  ]  File ignored by ccs/v4 because it exceeded search pattern filesize limit: POC_R72_C3_SJ.out.tab
[2026-05-28 13:51:42,373] multiqc                                            [DEBUG  ]  File ignored by hicexplorer because it exceeded search pattern filesize limit: POC_R72_C3_SJ.out.tab
[2026-05-28 13:51:42,373] multiqc                                            [DEBUG  ]  File ignored by lima/summary because it exceeded search pattern filesize limit: POC_R72_C3_SJ.out.tab
[2026-05-28 13:51:42,377] multiqc                                            [DEBUG  ]  File ignored by longranger/invocation because it exceeded search pattern filesize limit: POC_R72_C3_SJ.out.tab
[2026-05-28 13:51:42,390] multiqc                                            [DEBUG  ]  File ignored by nanostat because it exceeded search pattern filesize limit: POC_R72_C3_SJ.out.tab
[2026-05-28 13:51:42,396] multiqc                                            [DEBUG  ]  File ignored by ccs/v4 because it exceeded search pattern filesize limit: POC_R12_C2_SJ.out.tab
[2026-05-28 13:51:42,397] multiqc                                            [DEBUG  ]  File ignored by hicexplorer because it exceeded search pattern filesize limit: POC_R12_C2_SJ.out.tab
[2026-05-28 13:51:42,397] multiqc                                            [DEBUG  ]  File ignored by lima/summary because it exceeded search pattern filesize limit: POC_R12_C2_SJ.out.tab
[2026-05-28 13:51:42,399] multiqc                                            [DEBUG  ]  File ignored by longranger/invocation because it exceeded search pattern filesize limit: POC_R12_C2_SJ.out.tab
[2026-05-28 13:51:42,412] multiqc                                            [DEBUG  ]  File ignored by nanostat because it exceeded search pattern filesize limit: POC_R12_C2_SJ.out.tab
[2026-05-28 13:51:42,413] multiqc                                            [DEBUG  ]  Ignoring file as matched an ignore pattern: POC_R120_C3_Aligned.sortedByCoord.out.bam
[2026-05-28 13:51:42,414] multiqc                                            [DEBUG  ]  Ignoring file as matched an ignore pattern: POC_R24_H3_Aligned.sortedByCoord.out.bam
[2026-05-28 13:51:42,417] multiqc                                            [DEBUG  ]  File ignored by ccs/v4 because it exceeded search pattern filesize limit: POC_R120_C1_Log.progress.out
[2026-05-28 13:51:42,418] multiqc                                            [DEBUG  ]  File ignored by hicexplorer because it exceeded search pattern filesize limit: POC_R120_C1_Log.progress.out
[2026-05-28 13:51:42,418] multiqc                                            [DEBUG  ]  File ignored by lima/summary because it exceeded search pattern filesize limit: POC_R120_C1_Log.progress.out
[2026-05-28 13:51:42,420] multiqc                                            [DEBUG  ]  File ignored by longranger/invocation because it exceeded search pattern filesize limit: POC_R120_C1_Log.progress.out
[2026-05-28 13:51:42,423] multiqc                                            [DEBUG  ]  File ignored by nanostat because it exceeded search pattern filesize limit: POC_R120_C1_Log.progress.out
[2026-05-28 13:51:42,427] multiqc                                            [DEBUG  ]  File ignored by ccs/v4 because it exceeded search pattern filesize limit: POC_R120_H1_Log.out
[2026-05-28 13:51:42,428] multiqc                                            [DEBUG  ]  File ignored by hicexplorer because it exceeded search pattern filesize limit: POC_R120_H1_Log.out
[2026-05-28 13:51:42,428] multiqc                                            [DEBUG  ]  File ignored by lima/summary because it exceeded search pattern filesize limit: POC_R120_H1_Log.out
[2026-05-28 13:51:42,430] multiqc                                            [DEBUG  ]  File ignored by longranger/invocation because it exceeded search pattern filesize limit: POC_R120_H1_Log.out
[2026-05-28 13:51:42,445] multiqc                                            [DEBUG  ]  File ignored by nanostat because it exceeded search pattern filesize limit: POC_R120_H1_Log.out
[2026-05-28 13:51:42,449] multiqc                                            [DEBUG  ]  File ignored by ccs/v4 because it exceeded search pattern filesize limit: POC_R1_H3_Log.out
[2026-05-28 13:51:42,450] multiqc                                            [DEBUG  ]  File ignored by hicexplorer because it exceeded search pattern filesize limit: POC_R1_H3_Log.out
[2026-05-28 13:51:42,450] multiqc                                            [DEBUG  ]  File ignored by lima/summary because it exceeded search pattern filesize limit: POC_R1_H3_Log.out
[2026-05-28 13:51:42,452] multiqc                                            [DEBUG  ]  File ignored by longranger/invocation because it exceeded search pattern filesize limit: POC_R1_H3_Log.out
[2026-05-28 13:51:42,466] multiqc                                            [DEBUG  ]  File ignored by nanostat because it exceeded search pattern filesize limit: POC_R1_H3_Log.out
[2026-05-28 13:51:42,471] multiqc                                            [DEBUG  ]  File ignored by ccs/v4 because it exceeded search pattern filesize limit: POC_R72_H1_SJ.out.tab
[2026-05-28 13:51:42,472] multiqc                                            [DEBUG  ]  File ignored by hicexplorer because it exceeded search pattern filesize limit: POC_R72_H1_SJ.out.tab
[2026-05-28 13:51:42,472] multiqc                                            [DEBUG  ]  File ignored by lima/summary because it exceeded search pattern filesize limit: POC_R72_H1_SJ.out.tab
[2026-05-28 13:51:42,474] multiqc                                            [DEBUG  ]  File ignored by longranger/invocation because it exceeded search pattern filesize limit: POC_R72_H1_SJ.out.tab
[2026-05-28 13:51:42,491] multiqc                                            [DEBUG  ]  File ignored by nanostat because it exceeded search pattern filesize limit: POC_R72_H1_SJ.out.tab
[2026-05-28 13:51:42,492] multiqc                                            [DEBUG  ]  Ignoring file as matched an ignore pattern: POC_R120_H1_Aligned.sortedByCoord.out.bam
[2026-05-28 13:51:42,493] multiqc                                            [DEBUG  ]  Ignoring file as matched an ignore pattern: POC_R24_C1_Aligned.sortedByCoord.out.bam
[2026-05-28 13:51:42,499] multiqc                                            [DEBUG  ]  File ignored by ccs/v4 because it exceeded search pattern filesize limit: POC_R0_C1_SJ.out.tab
[2026-05-28 13:51:42,500] multiqc                                            [DEBUG  ]  File ignored by hicexplorer because it exceeded search pattern filesize limit: POC_R0_C1_SJ.out.tab
[2026-05-28 13:51:42,500] multiqc                                            [DEBUG  ]  File ignored by lima/summary because it exceeded search pattern filesize limit: POC_R0_C1_SJ.out.tab
[2026-05-28 13:51:42,502] multiqc                                            [DEBUG  ]  File ignored by longranger/invocation because it exceeded search pattern filesize limit: POC_R0_C1_SJ.out.tab
[2026-05-28 13:51:42,516] multiqc                                            [DEBUG  ]  File ignored by nanostat because it exceeded search pattern filesize limit: POC_R0_C1_SJ.out.tab
[2026-05-28 13:51:42,520] multiqc                                            [DEBUG  ]  File ignored by ccs/v4 because it exceeded search pattern filesize limit: POC_R120_H1_Log.progress.out
[2026-05-28 13:51:42,521] multiqc                                            [DEBUG  ]  File ignored by lima/summary because it exceeded search pattern filesize limit: POC_R120_H1_Log.progress.out
[2026-05-28 13:51:42,523] multiqc                                            [DEBUG  ]  File ignored by longranger/invocation because it exceeded search pattern filesize limit: POC_R120_H1_Log.progress.out
[2026-05-28 13:51:42,531] multiqc                                            [DEBUG  ]  File ignored by ccs/v4 because it exceeded search pattern filesize limit: POC_R1_H2_SJ.out.tab
[2026-05-28 13:51:42,532] multiqc                                            [DEBUG  ]  File ignored by hicexplorer because it exceeded search pattern filesize limit: POC_R1_H2_SJ.out.tab
[2026-05-28 13:51:42,532] multiqc                                            [DEBUG  ]  File ignored by lima/summary because it exceeded search pattern filesize limit: POC_R1_H2_SJ.out.tab
[2026-05-28 13:51:42,534] multiqc                                            [DEBUG  ]  File ignored by longranger/invocation because it exceeded search pattern filesize limit: POC_R1_H2_SJ.out.tab
[2026-05-28 13:51:42,551] multiqc                                            [DEBUG  ]  File ignored by nanostat because it exceeded search pattern filesize limit: POC_R1_H2_SJ.out.tab
[2026-05-28 13:51:42,552] multiqc                                            [DEBUG  ]  Ignoring file as matched an ignore pattern: POC_R0_H1_Aligned.sortedByCoord.out.bam
[2026-05-28 13:51:42,553] multiqc                                            [DEBUG  ]  Ignoring file as matched an ignore pattern: POC_R0_C3_Aligned.sortedByCoord.out.bam
[2026-05-28 13:51:42,553] multiqc                                            [DEBUG  ]  Ignoring file as matched an ignore pattern: POC_R3_C1_Aligned.sortedByCoord.out.bam
[2026-05-28 13:51:42,556] multiqc                                            [DEBUG  ]  File ignored by ccs/v4 because it exceeded search pattern filesize limit: POC_R0_C3_Log.out
[2026-05-28 13:51:42,558] multiqc                                            [DEBUG  ]  File ignored by hicexplorer because it exceeded search pattern filesize limit: POC_R0_C3_Log.out
[2026-05-28 13:51:42,558] multiqc                                            [DEBUG  ]  File ignored by lima/summary because it exceeded search pattern filesize limit: POC_R0_C3_Log.out
[2026-05-28 13:51:42,560] multiqc                                            [DEBUG  ]  File ignored by longranger/invocation because it exceeded search pattern filesize limit: POC_R0_C3_Log.out
[2026-05-28 13:51:42,575] multiqc                                            [DEBUG  ]  File ignored by nanostat because it exceeded search pattern filesize limit: POC_R0_C3_Log.out
[2026-05-28 13:51:42,576] multiqc                                            [DEBUG  ]  Ignoring file as matched an ignore pattern: POC_R3_H3_Aligned.sortedByCoord.out.bam
[2026-05-28 13:51:42,583] multiqc                                            [DEBUG  ]  File ignored by ccs/v4 because it exceeded search pattern filesize limit: POC_R120_H2_Log.progress.out
[2026-05-28 13:51:42,584] multiqc                                            [DEBUG  ]  File ignored by hicexplorer because it exceeded search pattern filesize limit: POC_R120_H2_Log.progress.out
[2026-05-28 13:51:42,585] multiqc                                            [DEBUG  ]  File ignored by lima/summary because it exceeded search pattern filesize limit: POC_R120_H2_Log.progress.out
[2026-05-28 13:51:42,586] multiqc                                            [DEBUG  ]  File ignored by longranger/invocation because it exceeded search pattern filesize limit: POC_R120_H2_Log.progress.out
[2026-05-28 13:51:42,590] multiqc                                            [DEBUG  ]  File ignored by nanostat because it exceeded search pattern filesize limit: POC_R120_H2_Log.progress.out
[2026-05-28 13:51:42,609] multiqc                                            [DEBUG  ]  File ignored by ccs/v4 because it exceeded search pattern filesize limit: POC_R72_C1_Log.out
[2026-05-28 13:51:42,610] multiqc                                            [DEBUG  ]  File ignored by hicexplorer because it exceeded search pattern filesize limit: POC_R72_C1_Log.out
[2026-05-28 13:51:42,611] multiqc                                            [DEBUG  ]  File ignored by lima/summary because it exceeded search pattern filesize limit: POC_R72_C1_Log.out
[2026-05-28 13:51:42,613] multiqc                                            [DEBUG  ]  File ignored by longranger/invocation because it exceeded search pattern filesize limit: POC_R72_C1_Log.out
[2026-05-28 13:51:42,627] multiqc                                            [DEBUG  ]  File ignored by nanostat because it exceeded search pattern filesize limit: POC_R72_C1_Log.out
[2026-05-28 13:51:42,634] multiqc                                            [DEBUG  ]  File ignored by ccs/v4 because it exceeded search pattern filesize limit: POC_R12_H2_Log.out
[2026-05-28 13:51:42,635] multiqc                                            [DEBUG  ]  File ignored by hicexplorer because it exceeded search pattern filesize limit: POC_R12_H2_Log.out
[2026-05-28 13:51:42,635] multiqc                                            [DEBUG  ]  File ignored by lima/summary because it exceeded search pattern filesize limit: POC_R12_H2_Log.out
[2026-05-28 13:51:42,637] multiqc                                            [DEBUG  ]  File ignored by longranger/invocation because it exceeded search pattern filesize limit: POC_R12_H2_Log.out
[2026-05-28 13:51:42,652] multiqc                                            [DEBUG  ]  File ignored by nanostat because it exceeded search pattern filesize limit: POC_R12_H2_Log.out
[2026-05-28 13:51:42,655] multiqc                                            [DEBUG  ]  File ignored by ccs/v4 because it exceeded search pattern filesize limit: POC_R120_C2_Log.progress.out
[2026-05-28 13:51:42,657] multiqc                                            [DEBUG  ]  File ignored by lima/summary because it exceeded search pattern filesize limit: POC_R120_C2_Log.progress.out
[2026-05-28 13:51:42,658] multiqc                                            [DEBUG  ]  File ignored by longranger/invocation because it exceeded search pattern filesize limit: POC_R120_C2_Log.progress.out
[2026-05-28 13:51:42,662] multiqc                                            [DEBUG  ]  Ignoring file as matched an ignore pattern: POC_R72_C2_Aligned.sortedByCoord.out.bam
[2026-05-28 13:51:42,666] multiqc                                            [DEBUG  ]  File ignored by ccs/v4 because it exceeded search pattern filesize limit: POC_R72_H3_Log.out
[2026-05-28 13:51:42,667] multiqc                                            [DEBUG  ]  File ignored by hicexplorer because it exceeded search pattern filesize limit: POC_R72_H3_Log.out
[2026-05-28 13:51:42,667] multiqc                                            [DEBUG  ]  File ignored by lima/summary because it exceeded search pattern filesize limit: POC_R72_H3_Log.out
[2026-05-28 13:51:42,669] multiqc                                            [DEBUG  ]  File ignored by longranger/invocation because it exceeded search pattern filesize limit: POC_R72_H3_Log.out
[2026-05-28 13:51:42,687] multiqc                                            [DEBUG  ]  File ignored by nanostat because it exceeded search pattern filesize limit: POC_R72_H3_Log.out
[2026-05-28 13:51:42,691] multiqc                                            [DEBUG  ]  File ignored by ccs/v4 because it exceeded search pattern filesize limit: POC_R120_H3_Log.progress.out
[2026-05-28 13:51:42,692] multiqc                                            [DEBUG  ]  File ignored by lima/summary because it exceeded search pattern filesize limit: POC_R120_H3_Log.progress.out
[2026-05-28 13:51:42,694] multiqc                                            [DEBUG  ]  File ignored by longranger/invocation because it exceeded search pattern filesize limit: POC_R120_H3_Log.progress.out
[2026-05-28 13:51:42,701] multiqc                                            [DEBUG  ]  File ignored by ccs/v4 because it exceeded search pattern filesize limit: POC_R24_C2_SJ.out.tab
[2026-05-28 13:51:42,702] multiqc                                            [DEBUG  ]  File ignored by hicexplorer because it exceeded search pattern filesize limit: POC_R24_C2_SJ.out.tab
[2026-05-28 13:51:42,703] multiqc                                            [DEBUG  ]  File ignored by lima/summary because it exceeded search pattern filesize limit: POC_R24_C2_SJ.out.tab
[2026-05-28 13:51:42,705] multiqc                                            [DEBUG  ]  File ignored by longranger/invocation because it exceeded search pattern filesize limit: POC_R24_C2_SJ.out.tab
[2026-05-28 13:51:42,719] multiqc                                            [DEBUG  ]  File ignored by nanostat because it exceeded search pattern filesize limit: POC_R24_C2_SJ.out.tab
[2026-05-28 13:51:42,723] multiqc                                            [DEBUG  ]  File ignored by ccs/v4 because it exceeded search pattern filesize limit: POC_R0_H1_Log.out
[2026-05-28 13:51:42,724] multiqc                                            [DEBUG  ]  File ignored by hicexplorer because it exceeded search pattern filesize limit: POC_R0_H1_Log.out
[2026-05-28 13:51:42,724] multiqc                                            [DEBUG  ]  File ignored by lima/summary because it exceeded search pattern filesize limit: POC_R0_H1_Log.out
[2026-05-28 13:51:42,726] multiqc                                            [DEBUG  ]  File ignored by longranger/invocation because it exceeded search pattern filesize limit: POC_R0_H1_Log.out
[2026-05-28 13:51:42,742] multiqc                                            [DEBUG  ]  File ignored by nanostat because it exceeded search pattern filesize limit: POC_R0_H1_Log.out
[2026-05-28 13:51:42,743] multiqc                                            [DEBUG  ]  Ignoring file as matched an ignore pattern: POC_R1_C2_Aligned.sortedByCoord.out.bam
[2026-05-28 13:51:42,747] multiqc                                            [DEBUG  ]  File ignored by ccs/v4 because it exceeded search pattern filesize limit: POC_R120_C3_Log.progress.out
[2026-05-28 13:51:42,748] multiqc                                            [DEBUG  ]  File ignored by lima/summary because it exceeded search pattern filesize limit: POC_R120_C3_Log.progress.out
[2026-05-28 13:51:42,750] multiqc                                            [DEBUG  ]  File ignored by longranger/invocation because it exceeded search pattern filesize limit: POC_R120_C3_Log.progress.out
[2026-05-28 13:51:42,759] multiqc                                            [DEBUG  ]  File ignored by ccs/v4 because it exceeded search pattern filesize limit: POC_R3_C2_SJ.out.tab
[2026-05-28 13:51:42,760] multiqc                                            [DEBUG  ]  File ignored by hicexplorer because it exceeded search pattern filesize limit: POC_R3_C2_SJ.out.tab
[2026-05-28 13:51:42,760] multiqc                                            [DEBUG  ]  File ignored by lima/summary because it exceeded search pattern filesize limit: POC_R3_C2_SJ.out.tab
[2026-05-28 13:51:42,762] multiqc                                            [DEBUG  ]  File ignored by longranger/invocation because it exceeded search pattern filesize limit: POC_R3_C2_SJ.out.tab
[2026-05-28 13:51:42,775] multiqc                                            [DEBUG  ]  File ignored by nanostat because it exceeded search pattern filesize limit: POC_R3_C2_SJ.out.tab
[2026-05-28 13:51:42,776] multiqc                                            [DEBUG  ]  Ignoring file as matched an ignore pattern: POC_R12_C2_Aligned.sortedByCoord.out.bam
[2026-05-28 13:51:42,780] multiqc                                            [DEBUG  ]  File ignored by ccs/v4 because it exceeded search pattern filesize limit: POC_R3_H2_Log.out
[2026-05-28 13:51:42,781] multiqc                                            [DEBUG  ]  File ignored by hicexplorer because it exceeded search pattern filesize limit: POC_R3_H2_Log.out
[2026-05-28 13:51:42,781] multiqc                                            [DEBUG  ]  File ignored by lima/summary because it exceeded search pattern filesize limit: POC_R3_H2_Log.out
[2026-05-28 13:51:42,783] multiqc                                            [DEBUG  ]  File ignored by longranger/invocation because it exceeded search pattern filesize limit: POC_R3_H2_Log.out
[2026-05-28 13:51:42,799] multiqc                                            [DEBUG  ]  File ignored by nanostat because it exceeded search pattern filesize limit: POC_R3_H2_Log.out
[2026-05-28 13:51:42,804] multiqc                                            [DEBUG  ]  File ignored by ccs/v4 because it exceeded search pattern filesize limit: POC_R72_C1_SJ.out.tab
[2026-05-28 13:51:42,805] multiqc                                            [DEBUG  ]  File ignored by hicexplorer because it exceeded search pattern filesize limit: POC_R72_C1_SJ.out.tab
[2026-05-28 13:51:42,806] multiqc                                            [DEBUG  ]  File ignored by lima/summary because it exceeded search pattern filesize limit: POC_R72_C1_SJ.out.tab
[2026-05-28 13:51:42,808] multiqc                                            [DEBUG  ]  File ignored by longranger/invocation because it exceeded search pattern filesize limit: POC_R72_C1_SJ.out.tab
[2026-05-28 13:51:42,822] multiqc                                            [DEBUG  ]  File ignored by nanostat because it exceeded search pattern filesize limit: POC_R72_C1_SJ.out.tab
[2026-05-28 13:51:42,826] multiqc                                            [DEBUG  ]  File ignored by ccs/v4 because it exceeded search pattern filesize limit: POC_R12_H2_SJ.out.tab
[2026-05-28 13:51:42,827] multiqc                                            [DEBUG  ]  File ignored by hicexplorer because it exceeded search pattern filesize limit: POC_R12_H2_SJ.out.tab
[2026-05-28 13:51:42,827] multiqc                                            [DEBUG  ]  File ignored by lima/summary because it exceeded search pattern filesize limit: POC_R12_H2_SJ.out.tab
[2026-05-28 13:51:42,829] multiqc                                            [DEBUG  ]  File ignored by longranger/invocation because it exceeded search pattern filesize limit: POC_R12_H2_SJ.out.tab
[2026-05-28 13:51:42,843] multiqc                                            [DEBUG  ]  File ignored by nanostat because it exceeded search pattern filesize limit: POC_R12_H2_SJ.out.tab
[2026-05-28 13:51:42,849] multiqc                                            [DEBUG  ]  File ignored by ccs/v4 because it exceeded search pattern filesize limit: POC_R0_C2_Log.out
[2026-05-28 13:51:42,850] multiqc                                            [DEBUG  ]  File ignored by hicexplorer because it exceeded search pattern filesize limit: POC_R0_C2_Log.out
[2026-05-28 13:51:42,850] multiqc                                            [DEBUG  ]  File ignored by lima/summary because it exceeded search pattern filesize limit: POC_R0_C2_Log.out
[2026-05-28 13:51:42,852] multiqc                                            [DEBUG  ]  File ignored by longranger/invocation because it exceeded search pattern filesize limit: POC_R0_C2_Log.out
[2026-05-28 13:51:42,866] multiqc                                            [DEBUG  ]  File ignored by nanostat because it exceeded search pattern filesize limit: POC_R0_C2_Log.out
[2026-05-28 13:51:42,870] multiqc                                            [DEBUG  ]  File ignored by ccs/v4 because it exceeded search pattern filesize limit: POC_R1_H2_Log.progress.out
[2026-05-28 13:51:42,871] multiqc                                            [DEBUG  ]  File ignored by lima/summary because it exceeded search pattern filesize limit: POC_R1_H2_Log.progress.out
[2026-05-28 13:51:42,873] multiqc                                            [DEBUG  ]  File ignored by longranger/invocation because it exceeded search pattern filesize limit: POC_R1_H2_Log.progress.out
[2026-05-28 13:51:42,882] multiqc                                            [DEBUG  ]  File ignored by ccs/v4 because it exceeded search pattern filesize limit: POC_R12_H3_Log.out
[2026-05-28 13:51:42,883] multiqc                                            [DEBUG  ]  File ignored by hicexplorer because it exceeded search pattern filesize limit: POC_R12_H3_Log.out
[2026-05-28 13:51:42,883] multiqc                                            [DEBUG  ]  File ignored by lima/summary because it exceeded search pattern filesize limit: POC_R12_H3_Log.out
[2026-05-28 13:51:42,885] multiqc                                            [DEBUG  ]  File ignored by longranger/invocation because it exceeded search pattern filesize limit: POC_R12_H3_Log.out
[2026-05-28 13:51:42,902] multiqc                                            [DEBUG  ]  File ignored by nanostat because it exceeded search pattern filesize limit: POC_R12_H3_Log.out
[2026-05-28 13:51:42,908] multiqc                                            [DEBUG  ]  File ignored by ccs/v4 because it exceeded search pattern filesize limit: POC_R0_H1_SJ.out.tab
[2026-05-28 13:51:42,909] multiqc                                            [DEBUG  ]  File ignored by hicexplorer because it exceeded search pattern filesize limit: POC_R0_H1_SJ.out.tab
[2026-05-28 13:51:42,909] multiqc                                            [DEBUG  ]  File ignored by lima/summary because it exceeded search pattern filesize limit: POC_R0_H1_SJ.out.tab
[2026-05-28 13:51:42,911] multiqc                                            [DEBUG  ]  File ignored by longranger/invocation because it exceeded search pattern filesize limit: POC_R0_H1_SJ.out.tab
[2026-05-28 13:51:42,926] multiqc                                            [DEBUG  ]  File ignored by nanostat because it exceeded search pattern filesize limit: POC_R0_H1_SJ.out.tab
[2026-05-28 13:51:42,930] multiqc                                            [DEBUG  ]  File ignored by ccs/v4 because it exceeded search pattern filesize limit: POC_R1_C2_Log.progress.out
[2026-05-28 13:51:42,932] multiqc                                            [DEBUG  ]  File ignored by lima/summary because it exceeded search pattern filesize limit: POC_R1_C2_Log.progress.out
[2026-05-28 13:51:42,933] multiqc                                            [DEBUG  ]  File ignored by longranger/invocation because it exceeded search pattern filesize limit: POC_R1_C2_Log.progress.out
[2026-05-28 13:51:42,941] multiqc                                            [DEBUG  ]  File ignored by ccs/v4 because it exceeded search pattern filesize limit: POC_R1_C2_SJ.out.tab
[2026-05-28 13:51:42,942] multiqc                                            [DEBUG  ]  File ignored by hicexplorer because it exceeded search pattern filesize limit: POC_R1_C2_SJ.out.tab
[2026-05-28 13:51:42,942] multiqc                                            [DEBUG  ]  File ignored by lima/summary because it exceeded search pattern filesize limit: POC_R1_C2_SJ.out.tab
[2026-05-28 13:51:42,944] multiqc                                            [DEBUG  ]  File ignored by longranger/invocation because it exceeded search pattern filesize limit: POC_R1_C2_SJ.out.tab
[2026-05-28 13:51:42,964] multiqc                                            [DEBUG  ]  File ignored by nanostat because it exceeded search pattern filesize limit: POC_R1_C2_SJ.out.tab
[2026-05-28 13:51:42,969] multiqc                                            [DEBUG  ]  File ignored by ccs/v4 because it exceeded search pattern filesize limit: POC_R3_C1_Log.out
[2026-05-28 13:51:42,970] multiqc                                            [DEBUG  ]  File ignored by hicexplorer because it exceeded search pattern filesize limit: POC_R3_C1_Log.out
[2026-05-28 13:51:42,970] multiqc                                            [DEBUG  ]  File ignored by lima/summary because it exceeded search pattern filesize limit: POC_R3_C1_Log.out
[2026-05-28 13:51:42,972] multiqc                                            [DEBUG  ]  File ignored by longranger/invocation because it exceeded search pattern filesize limit: POC_R3_C1_Log.out
[2026-05-28 13:51:42,986] multiqc                                            [DEBUG  ]  File ignored by nanostat because it exceeded search pattern filesize limit: POC_R3_C1_Log.out
[2026-05-28 13:51:42,992] multiqc                                            [DEBUG  ]  File ignored by ccs/v4 because it exceeded search pattern filesize limit: POC_R1_H3_Log.progress.out
[2026-05-28 13:51:42,993] multiqc                                            [DEBUG  ]  File ignored by lima/summary because it exceeded search pattern filesize limit: POC_R1_H3_Log.progress.out
[2026-05-28 13:51:42,995] multiqc                                            [DEBUG  ]  File ignored by longranger/invocation because it exceeded search pattern filesize limit: POC_R1_H3_Log.progress.out
[2026-05-28 13:51:43,001] multiqc                                            [DEBUG  ]  Ignoring file as matched an ignore pattern: POC_R120_C2_Aligned.sortedByCoord.out.bam
[2026-05-28 13:51:43,004] multiqc                                            [DEBUG  ]  File ignored by ccs/v4 because it exceeded search pattern filesize limit: POC_R0_C3_SJ.out.tab
[2026-05-28 13:51:43,005] multiqc                                            [DEBUG  ]  File ignored by hicexplorer because it exceeded search pattern filesize limit: POC_R0_C3_SJ.out.tab
[2026-05-28 13:51:43,005] multiqc                                            [DEBUG  ]  File ignored by lima/summary because it exceeded search pattern filesize limit: POC_R0_C3_SJ.out.tab
[2026-05-28 13:51:43,008] multiqc                                            [DEBUG  ]  File ignored by longranger/invocation because it exceeded search pattern filesize limit: POC_R0_C3_SJ.out.tab
[2026-05-28 13:51:43,022] multiqc                                            [DEBUG  ]  File ignored by nanostat because it exceeded search pattern filesize limit: POC_R0_C3_SJ.out.tab
[2026-05-28 13:51:43,023] multiqc                                            [DEBUG  ]  Ignoring file as matched an ignore pattern: POC_R24_H2_Aligned.sortedByCoord.out.bam
[2026-05-28 13:51:43,027] multiqc                                            [DEBUG  ]  File ignored by ccs/v4 because it exceeded search pattern filesize limit: POC_R72_H2_Log.out
[2026-05-28 13:51:43,028] multiqc                                            [DEBUG  ]  File ignored by hicexplorer because it exceeded search pattern filesize limit: POC_R72_H2_Log.out
[2026-05-28 13:51:43,028] multiqc                                            [DEBUG  ]  File ignored by lima/summary because it exceeded search pattern filesize limit: POC_R72_H2_Log.out
[2026-05-28 13:51:43,030] multiqc                                            [DEBUG  ]  File ignored by longranger/invocation because it exceeded search pattern filesize limit: POC_R72_H2_Log.out
[2026-05-28 13:51:43,045] multiqc                                            [DEBUG  ]  File ignored by nanostat because it exceeded search pattern filesize limit: POC_R72_H2_Log.out
[2026-05-28 13:51:43,050] multiqc                                            [DEBUG  ]  File ignored by ccs/v4 because it exceeded search pattern filesize limit: POC_R120_H2_SJ.out.tab
[2026-05-28 13:51:43,051] multiqc                                            [DEBUG  ]  File ignored by hicexplorer because it exceeded search pattern filesize limit: POC_R120_H2_SJ.out.tab
[2026-05-28 13:51:43,052] multiqc                                            [DEBUG  ]  File ignored by lima/summary because it exceeded search pattern filesize limit: POC_R120_H2_SJ.out.tab
[2026-05-28 13:51:43,054] multiqc                                            [DEBUG  ]  File ignored by longranger/invocation because it exceeded search pattern filesize limit: POC_R120_H2_SJ.out.tab
[2026-05-28 13:51:43,069] multiqc                                            [DEBUG  ]  File ignored by nanostat because it exceeded search pattern filesize limit: POC_R120_H2_SJ.out.tab
[2026-05-28 13:51:43,077] multiqc                                            [DEBUG  ]  File ignored by ccs/v4 because it exceeded search pattern filesize limit: POC_R72_H3_SJ.out.tab
[2026-05-28 13:51:43,078] multiqc                                            [DEBUG  ]  File ignored by hicexplorer because it exceeded search pattern filesize limit: POC_R72_H3_SJ.out.tab
[2026-05-28 13:51:43,078] multiqc                                            [DEBUG  ]  File ignored by lima/summary because it exceeded search pattern filesize limit: POC_R72_H3_SJ.out.tab
[2026-05-28 13:51:43,080] multiqc                                            [DEBUG  ]  File ignored by longranger/invocation because it exceeded search pattern filesize limit: POC_R72_H3_SJ.out.tab
[2026-05-28 13:51:43,094] multiqc                                            [DEBUG  ]  File ignored by nanostat because it exceeded search pattern filesize limit: POC_R72_H3_SJ.out.tab
[2026-05-28 13:51:43,100] multiqc                                            [DEBUG  ]  File ignored by ccs/v4 because it exceeded search pattern filesize limit: POC_R3_H3_Log.out
[2026-05-28 13:51:43,101] multiqc                                            [DEBUG  ]  File ignored by hicexplorer because it exceeded search pattern filesize limit: POC_R3_H3_Log.out
[2026-05-28 13:51:43,101] multiqc                                            [DEBUG  ]  File ignored by lima/summary because it exceeded search pattern filesize limit: POC_R3_H3_Log.out
[2026-05-28 13:51:43,103] multiqc                                            [DEBUG  ]  File ignored by longranger/invocation because it exceeded search pattern filesize limit: POC_R3_H3_Log.out
[2026-05-28 13:51:43,117] multiqc                                            [DEBUG  ]  File ignored by nanostat because it exceeded search pattern filesize limit: POC_R3_H3_Log.out
[2026-05-28 13:51:43,121] multiqc                                            [DEBUG  ]  File ignored by ccs/v4 because it exceeded search pattern filesize limit: POC_R1_C3_Log.progress.out
[2026-05-28 13:51:43,122] multiqc                                            [DEBUG  ]  File ignored by lima/summary because it exceeded search pattern filesize limit: POC_R1_C3_Log.progress.out
[2026-05-28 13:51:43,124] multiqc                                            [DEBUG  ]  File ignored by longranger/invocation because it exceeded search pattern filesize limit: POC_R1_C3_Log.progress.out
[2026-05-28 13:51:43,128] multiqc                                            [DEBUG  ]  Ignoring file as matched an ignore pattern: POC_R0_C2_Aligned.sortedByCoord.out.bam
[2026-05-28 13:51:43,132] multiqc                                            [DEBUG  ]  File ignored by ccs/v4 because it exceeded search pattern filesize limit: POC_R12_C1_Log.out
[2026-05-28 13:51:43,133] multiqc                                            [DEBUG  ]  File ignored by hicexplorer because it exceeded search pattern filesize limit: POC_R12_C1_Log.out
[2026-05-28 13:51:43,133] multiqc                                            [DEBUG  ]  File ignored by lima/summary because it exceeded search pattern filesize limit: POC_R12_C1_Log.out
[2026-05-28 13:51:43,135] multiqc                                            [DEBUG  ]  File ignored by longranger/invocation because it exceeded search pattern filesize limit: POC_R12_C1_Log.out
[2026-05-28 13:51:43,152] multiqc                                            [DEBUG  ]  File ignored by nanostat because it exceeded search pattern filesize limit: POC_R12_C1_Log.out
[2026-05-28 13:51:43,154] multiqc                                            [DEBUG  ]  Ignoring file as matched an ignore pattern: POC_R3_H2_Aligned.sortedByCoord.out.bam
[2026-05-28 13:51:43,157] multiqc                                            [DEBUG  ]  File ignored by ccs/v4 because it exceeded search pattern filesize limit: POC_R24_H3_Log.out
[2026-05-28 13:51:43,158] multiqc                                            [DEBUG  ]  File ignored by hicexplorer because it exceeded search pattern filesize limit: POC_R24_H3_Log.out
[2026-05-28 13:51:43,158] multiqc                                            [DEBUG  ]  File ignored by lima/summary because it exceeded search pattern filesize limit: POC_R24_H3_Log.out
[2026-05-28 13:51:43,160] multiqc                                            [DEBUG  ]  File ignored by longranger/invocation because it exceeded search pattern filesize limit: POC_R24_H3_Log.out
[2026-05-28 13:51:43,174] multiqc                                            [DEBUG  ]  File ignored by nanostat because it exceeded search pattern filesize limit: POC_R24_H3_Log.out
[2026-05-28 13:51:43,179] multiqc                                            [DEBUG  ]  File ignored by ccs/v4 because it exceeded search pattern filesize limit: POC_R120_C2_Log.out
[2026-05-28 13:51:43,180] multiqc                                            [DEBUG  ]  File ignored by hicexplorer because it exceeded search pattern filesize limit: POC_R120_C2_Log.out
[2026-05-28 13:51:43,180] multiqc                                            [DEBUG  ]  File ignored by lima/summary because it exceeded search pattern filesize limit: POC_R120_C2_Log.out
[2026-05-28 13:51:43,182] multiqc                                            [DEBUG  ]  File ignored by longranger/invocation because it exceeded search pattern filesize limit: POC_R120_C2_Log.out
[2026-05-28 13:51:43,199] multiqc                                            [DEBUG  ]  File ignored by nanostat because it exceeded search pattern filesize limit: POC_R120_C2_Log.out
[2026-05-28 13:51:43,204] multiqc                                            [DEBUG  ]  File ignored by ccs/v4 because it exceeded search pattern filesize limit: POC_R24_H2_SJ.out.tab
[2026-05-28 13:51:43,205] multiqc                                            [DEBUG  ]  File ignored by hicexplorer because it exceeded search pattern filesize limit: POC_R24_H2_SJ.out.tab
[2026-05-28 13:51:43,205] multiqc                                            [DEBUG  ]  File ignored by lima/summary because it exceeded search pattern filesize limit: POC_R24_H2_SJ.out.tab
[2026-05-28 13:51:43,207] multiqc                                            [DEBUG  ]  File ignored by longranger/invocation because it exceeded search pattern filesize limit: POC_R24_H2_SJ.out.tab
[2026-05-28 13:51:43,219] multiqc                                            [DEBUG  ]  File ignored by nanostat because it exceeded search pattern filesize limit: POC_R24_H2_SJ.out.tab
[2026-05-28 13:51:43,221] multiqc                                            [DEBUG  ]  Ignoring file as matched an ignore pattern: POC_R72_C3_Aligned.sortedByCoord.out.bam
[2026-05-28 13:51:43,225] multiqc                                            [DEBUG  ]  File ignored by ccs/v4 because it exceeded search pattern filesize limit: POC_R3_H2_SJ.out.tab
[2026-05-28 13:51:43,226] multiqc                                            [DEBUG  ]  File ignored by hicexplorer because it exceeded search pattern filesize limit: POC_R3_H2_SJ.out.tab
[2026-05-28 13:51:43,226] multiqc                                            [DEBUG  ]  File ignored by lima/summary because it exceeded search pattern filesize limit: POC_R3_H2_SJ.out.tab
[2026-05-28 13:51:43,229] multiqc                                            [DEBUG  ]  File ignored by longranger/invocation because it exceeded search pattern filesize limit: POC_R3_H2_SJ.out.tab
[2026-05-28 13:51:43,248] multiqc                                            [DEBUG  ]  File ignored by nanostat because it exceeded search pattern filesize limit: POC_R3_H2_SJ.out.tab
[2026-05-28 13:51:43,250] multiqc                                            [DEBUG  ]  Ignoring file as matched an ignore pattern: POC_R72_H1_Aligned.sortedByCoord.out.bam
[2026-05-28 13:51:43,253] multiqc                                            [DEBUG  ]  File ignored by ccs/v4 because it exceeded search pattern filesize limit: POC_R1_C1_Log.progress.out
[2026-05-28 13:51:43,254] multiqc                                            [DEBUG  ]  File ignored by lima/summary because it exceeded search pattern filesize limit: POC_R1_C1_Log.progress.out
[2026-05-28 13:51:43,255] multiqc                                            [DEBUG  ]  File ignored by longranger/invocation because it exceeded search pattern filesize limit: POC_R1_C1_Log.progress.out
[2026-05-28 13:51:43,263] multiqc                                            [DEBUG  ]  File ignored by ccs/v4 because it exceeded search pattern filesize limit: POC_R24_C1_Log.out
[2026-05-28 13:51:43,264] multiqc                                            [DEBUG  ]  File ignored by hicexplorer because it exceeded search pattern filesize limit: POC_R24_C1_Log.out
[2026-05-28 13:51:43,265] multiqc                                            [DEBUG  ]  File ignored by lima/summary because it exceeded search pattern filesize limit: POC_R24_C1_Log.out
[2026-05-28 13:51:43,267] multiqc                                            [DEBUG  ]  File ignored by longranger/invocation because it exceeded search pattern filesize limit: POC_R24_C1_Log.out
[2026-05-28 13:51:43,280] multiqc                                            [DEBUG  ]  File ignored by nanostat because it exceeded search pattern filesize limit: POC_R24_C1_Log.out
[2026-05-28 13:51:43,282] multiqc                                            [DEBUG  ]  Ignoring file as matched an ignore pattern: POC_R1_H1_Aligned.sortedByCoord.out.bam
[2026-05-28 13:51:43,285] multiqc                                            [DEBUG  ]  File ignored by ccs/v4 because it exceeded search pattern filesize limit: POC_R1_H2_Log.out
[2026-05-28 13:51:43,286] multiqc                                            [DEBUG  ]  File ignored by hicexplorer because it exceeded search pattern filesize limit: POC_R1_H2_Log.out
[2026-05-28 13:51:43,286] multiqc                                            [DEBUG  ]  File ignored by lima/summary because it exceeded search pattern filesize limit: POC_R1_H2_Log.out
[2026-05-28 13:51:43,288] multiqc                                            [DEBUG  ]  File ignored by longranger/invocation because it exceeded search pattern filesize limit: POC_R1_H2_Log.out
[2026-05-28 13:51:43,305] multiqc                                            [DEBUG  ]  File ignored by nanostat because it exceeded search pattern filesize limit: POC_R1_H2_Log.out
[2026-05-28 13:51:43,307] multiqc                                            [DEBUG  ]  Ignoring file as matched an ignore pattern: POC_R1_C3_Aligned.sortedByCoord.out.bam
[2026-05-28 13:51:43,310] multiqc                                            [DEBUG  ]  File ignored by ccs/v4 because it exceeded search pattern filesize limit: POC_R1_H1_Log.progress.out
[2026-05-28 13:51:43,311] multiqc                                            [DEBUG  ]  File ignored by hicexplorer because it exceeded search pattern filesize limit: POC_R1_H1_Log.progress.out
[2026-05-28 13:51:43,312] multiqc                                            [DEBUG  ]  File ignored by lima/summary because it exceeded search pattern filesize limit: POC_R1_H1_Log.progress.out
[2026-05-28 13:51:43,313] multiqc                                            [DEBUG  ]  File ignored by longranger/invocation because it exceeded search pattern filesize limit: POC_R1_H1_Log.progress.out
[2026-05-28 13:51:43,317] multiqc                                            [DEBUG  ]  File ignored by nanostat because it exceeded search pattern filesize limit: POC_R1_H1_Log.progress.out
[2026-05-28 13:51:43,317] multiqc                                            [DEBUG  ]  Ignoring file as matched an ignore pattern: POC_R12_H1_Aligned.sortedByCoord.out.bam
[2026-05-28 13:51:43,318] multiqc                                            [DEBUG  ]  Ignoring file as matched an ignore pattern: POC_R12_C3_Aligned.sortedByCoord.out.bam
[2026-05-28 13:51:43,323] multiqc                                            [DEBUG  ]  File ignored by ccs/v4 because it exceeded search pattern filesize limit: POC_R12_H1_Log.out
[2026-05-28 13:51:43,324] multiqc                                            [DEBUG  ]  File ignored by hicexplorer because it exceeded search pattern filesize limit: POC_R12_H1_Log.out
[2026-05-28 13:51:43,324] multiqc                                            [DEBUG  ]  File ignored by lima/summary because it exceeded search pattern filesize limit: POC_R12_H1_Log.out
[2026-05-28 13:51:43,326] multiqc                                            [DEBUG  ]  File ignored by longranger/invocation because it exceeded search pattern filesize limit: POC_R12_H1_Log.out
[2026-05-28 13:51:43,342] multiqc                                            [DEBUG  ]  File ignored by nanostat because it exceeded search pattern filesize limit: POC_R12_H1_Log.out
[2026-05-28 13:51:43,351] multiqc                                            [DEBUG  ]  File ignored by ccs/v4 because it exceeded search pattern filesize limit: POC_R3_H3_SJ.out.tab
[2026-05-28 13:51:43,352] multiqc                                            [DEBUG  ]  File ignored by hicexplorer because it exceeded search pattern filesize limit: POC_R3_H3_SJ.out.tab
[2026-05-28 13:51:43,352] multiqc                                            [DEBUG  ]  File ignored by lima/summary because it exceeded search pattern filesize limit: POC_R3_H3_SJ.out.tab
[2026-05-28 13:51:43,354] multiqc                                            [DEBUG  ]  File ignored by longranger/invocation because it exceeded search pattern filesize limit: POC_R3_H3_SJ.out.tab
[2026-05-28 13:51:43,366] multiqc                                            [DEBUG  ]  File ignored by nanostat because it exceeded search pattern filesize limit: POC_R3_H3_SJ.out.tab
[2026-05-28 13:51:43,372] multiqc                                            [DEBUG  ]  File ignored by ccs/v4 because it exceeded search pattern filesize limit: POC_R3_C3_Log.out
[2026-05-28 13:51:43,373] multiqc                                            [DEBUG  ]  File ignored by hicexplorer because it exceeded search pattern filesize limit: POC_R3_C3_Log.out
[2026-05-28 13:51:43,373] multiqc                                            [DEBUG  ]  File ignored by lima/summary because it exceeded search pattern filesize limit: POC_R3_C3_Log.out
[2026-05-28 13:51:43,375] multiqc                                            [DEBUG  ]  File ignored by longranger/invocation because it exceeded search pattern filesize limit: POC_R3_C3_Log.out
[2026-05-28 13:51:43,390] multiqc                                            [DEBUG  ]  File ignored by nanostat because it exceeded search pattern filesize limit: POC_R3_C3_Log.out
[2026-05-28 13:51:43,394] multiqc                                            [DEBUG  ]  File ignored by ccs/v4 because it exceeded search pattern filesize limit: POC_R24_H1_Log.progress.out
[2026-05-28 13:51:43,395] multiqc                                            [DEBUG  ]  File ignored by lima/summary because it exceeded search pattern filesize limit: POC_R24_H1_Log.progress.out
[2026-05-28 13:51:43,397] multiqc                                            [DEBUG  ]  File ignored by longranger/invocation because it exceeded search pattern filesize limit: POC_R24_H1_Log.progress.out
[2026-05-28 13:51:43,406] multiqc                                            [DEBUG  ]  File ignored by ccs/v4 because it exceeded search pattern filesize limit: POC_R72_C2_Log.out
[2026-05-28 13:51:43,407] multiqc                                            [DEBUG  ]  File ignored by hicexplorer because it exceeded search pattern filesize limit: POC_R72_C2_Log.out
[2026-05-28 13:51:43,408] multiqc                                            [DEBUG  ]  File ignored by lima/summary because it exceeded search pattern filesize limit: POC_R72_C2_Log.out
[2026-05-28 13:51:43,410] multiqc                                            [DEBUG  ]  File ignored by longranger/invocation because it exceeded search pattern filesize limit: POC_R72_C2_Log.out
[2026-05-28 13:51:43,425] multiqc                                            [DEBUG  ]  File ignored by nanostat because it exceeded search pattern filesize limit: POC_R72_C2_Log.out
[2026-05-28 13:51:43,430] multiqc                                            [DEBUG  ]  File ignored by ccs/v4 because it exceeded search pattern filesize limit: POC_R24_H3_SJ.out.tab
[2026-05-28 13:51:43,431] multiqc                                            [DEBUG  ]  File ignored by hicexplorer because it exceeded search pattern filesize limit: POC_R24_H3_SJ.out.tab
[2026-05-28 13:51:43,431] multiqc                                            [DEBUG  ]  File ignored by lima/summary because it exceeded search pattern filesize limit: POC_R24_H3_SJ.out.tab
[2026-05-28 13:51:43,433] multiqc                                            [DEBUG  ]  File ignored by longranger/invocation because it exceeded search pattern filesize limit: POC_R24_H3_SJ.out.tab
[2026-05-28 13:51:43,447] multiqc                                            [DEBUG  ]  File ignored by nanostat because it exceeded search pattern filesize limit: POC_R24_H3_SJ.out.tab
[2026-05-28 13:51:43,450] multiqc                                            [DEBUG  ]  File ignored by ccs/v4 because it exceeded search pattern filesize limit: POC_R24_C1_Log.progress.out
[2026-05-28 13:51:43,452] multiqc                                            [DEBUG  ]  File ignored by lima/summary because it exceeded search pattern filesize limit: POC_R24_C1_Log.progress.out
[2026-05-28 13:51:43,453] multiqc                                            [DEBUG  ]  File ignored by longranger/invocation because it exceeded search pattern filesize limit: POC_R24_C1_Log.progress.out
[2026-05-28 13:51:43,461] multiqc                                            [DEBUG  ]  File ignored by ccs/v4 because it exceeded search pattern filesize limit: POC_R3_C1_Log.progress.out
[2026-05-28 13:51:43,462] multiqc                                            [DEBUG  ]  File ignored by lima/summary because it exceeded search pattern filesize limit: POC_R3_C1_Log.progress.out
[2026-05-28 13:51:43,464] multiqc                                            [DEBUG  ]  File ignored by longranger/invocation because it exceeded search pattern filesize limit: POC_R3_C1_Log.progress.out
[2026-05-28 13:51:43,471] multiqc                                            [DEBUG  ]  File ignored by ccs/v4 because it exceeded search pattern filesize limit: POC_R24_C1_SJ.out.tab
[2026-05-28 13:51:43,472] multiqc                                            [DEBUG  ]  File ignored by hicexplorer because it exceeded search pattern filesize limit: POC_R24_C1_SJ.out.tab
[2026-05-28 13:51:43,473] multiqc                                            [DEBUG  ]  File ignored by lima/summary because it exceeded search pattern filesize limit: POC_R24_C1_SJ.out.tab
[2026-05-28 13:51:43,475] multiqc                                            [DEBUG  ]  File ignored by longranger/invocation because it exceeded search pattern filesize limit: POC_R24_C1_SJ.out.tab
[2026-05-28 13:51:43,490] multiqc                                            [DEBUG  ]  File ignored by nanostat because it exceeded search pattern filesize limit: POC_R24_C1_SJ.out.tab
[2026-05-28 13:51:43,494] multiqc                                            [DEBUG  ]  File ignored by ccs/v4 because it exceeded search pattern filesize limit: POC_R3_H1_Log.out
[2026-05-28 13:51:43,495] multiqc                                            [DEBUG  ]  File ignored by hicexplorer because it exceeded search pattern filesize limit: POC_R3_H1_Log.out
[2026-05-28 13:51:43,495] multiqc                                            [DEBUG  ]  File ignored by lima/summary because it exceeded search pattern filesize limit: POC_R3_H1_Log.out
[2026-05-28 13:51:43,497] multiqc                                            [DEBUG  ]  File ignored by longranger/invocation because it exceeded search pattern filesize limit: POC_R3_H1_Log.out
[2026-05-28 13:51:43,514] multiqc                                            [DEBUG  ]  File ignored by nanostat because it exceeded search pattern filesize limit: POC_R3_H1_Log.out
[2026-05-28 13:51:43,516] multiqc                                            [DEBUG  ]  Ignoring file as matched an ignore pattern: POC_R24_C3_Aligned.sortedByCoord.out.bam
[2026-05-28 13:51:43,517] multiqc                                            [DEBUG  ]  Ignoring file as matched an ignore pattern: POC_R120_H3_Aligned.sortedByCoord.out.bam
[2026-05-28 13:51:43,517] multiqc                                            [DEBUG  ]  Ignoring file as matched an ignore pattern: POC_R24_H1_Aligned.sortedByCoord.out.bam
[2026-05-28 13:51:43,517] multiqc                                            [DEBUG  ]  Ignoring file as matched an ignore pattern: POC_R120_C1_Aligned.sortedByCoord.out.bam
[2026-05-28 13:51:43,520] multiqc                                            [DEBUG  ]  File ignored by ccs/v4 because it exceeded search pattern filesize limit: POC_R12_C3_Log.out
[2026-05-28 13:51:43,521] multiqc                                            [DEBUG  ]  File ignored by hicexplorer because it exceeded search pattern filesize limit: POC_R12_C3_Log.out
[2026-05-28 13:51:43,522] multiqc                                            [DEBUG  ]  File ignored by lima/summary because it exceeded search pattern filesize limit: POC_R12_C3_Log.out
[2026-05-28 13:51:43,524] multiqc                                            [DEBUG  ]  File ignored by longranger/invocation because it exceeded search pattern filesize limit: POC_R12_C3_Log.out
[2026-05-28 13:51:43,539] multiqc                                            [DEBUG  ]  File ignored by nanostat because it exceeded search pattern filesize limit: POC_R12_C3_Log.out
[2026-05-28 13:51:43,540] multiqc                                            [DEBUG  ]  Ignoring file as matched an ignore pattern: POC_R0_C1_Aligned.sortedByCoord.out.bam
[2026-05-28 13:51:43,544] multiqc                                            [DEBUG  ]  File ignored by ccs/v4 because it exceeded search pattern filesize limit: POC_R0_H2_Log.out
[2026-05-28 13:51:43,545] multiqc                                            [DEBUG  ]  File ignored by hicexplorer because it exceeded search pattern filesize limit: POC_R0_H2_Log.out
[2026-05-28 13:51:43,545] multiqc                                            [DEBUG  ]  File ignored by lima/summary because it exceeded search pattern filesize limit: POC_R0_H2_Log.out
[2026-05-28 13:51:43,548] multiqc                                            [DEBUG  ]  File ignored by longranger/invocation because it exceeded search pattern filesize limit: POC_R0_H2_Log.out
[2026-05-28 13:51:43,564] multiqc                                            [DEBUG  ]  File ignored by nanostat because it exceeded search pattern filesize limit: POC_R0_H2_Log.out
[2026-05-28 13:51:43,565] multiqc                                            [DEBUG  ]  Ignoring file as matched an ignore pattern: POC_R0_H3_Aligned.sortedByCoord.out.bam
[2026-05-28 13:51:43,569] multiqc                                            [DEBUG  ]  File ignored by ccs/v4 because it exceeded search pattern filesize limit: POC_R3_C1_SJ.out.tab
[2026-05-28 13:51:43,570] multiqc                                            [DEBUG  ]  File ignored by hicexplorer because it exceeded search pattern filesize limit: POC_R3_C1_SJ.out.tab
[2026-05-28 13:51:43,570] multiqc                                            [DEBUG  ]  File ignored by lima/summary because it exceeded search pattern filesize limit: POC_R3_C1_SJ.out.tab
[2026-05-28 13:51:43,572] multiqc                                            [DEBUG  ]  File ignored by longranger/invocation because it exceeded search pattern filesize limit: POC_R3_C1_SJ.out.tab
[2026-05-28 13:51:43,586] multiqc                                            [DEBUG  ]  File ignored by nanostat because it exceeded search pattern filesize limit: POC_R3_C1_SJ.out.tab
[2026-05-28 13:51:43,590] multiqc                                            [DEBUG  ]  File ignored by ccs/v4 because it exceeded search pattern filesize limit: POC_R3_H1_Log.progress.out
[2026-05-28 13:51:43,591] multiqc                                            [DEBUG  ]  File ignored by lima/summary because it exceeded search pattern filesize limit: POC_R3_H1_Log.progress.out
[2026-05-28 13:51:43,593] multiqc                                            [DEBUG  ]  File ignored by longranger/invocation because it exceeded search pattern filesize limit: POC_R3_H1_Log.progress.out
[2026-05-28 13:51:43,605] multiqc                                            [DEBUG  ]  File ignored by ccs/v4 because it exceeded search pattern filesize limit: POC_R120_C1_SJ.out.tab
[2026-05-28 13:51:43,607] multiqc                                            [DEBUG  ]  File ignored by hicexplorer because it exceeded search pattern filesize limit: POC_R120_C1_SJ.out.tab
[2026-05-28 13:51:43,607] multiqc                                            [DEBUG  ]  File ignored by lima/summary because it exceeded search pattern filesize limit: POC_R120_C1_SJ.out.tab
[2026-05-28 13:51:43,609] multiqc                                            [DEBUG  ]  File ignored by longranger/invocation because it exceeded search pattern filesize limit: POC_R120_C1_SJ.out.tab
[2026-05-28 13:51:43,629] multiqc                                            [DEBUG  ]  File ignored by nanostat because it exceeded search pattern filesize limit: POC_R120_C1_SJ.out.tab
[2026-05-28 13:51:43,635] multiqc                                            [DEBUG  ]  File ignored by ccs/v4 because it exceeded search pattern filesize limit: POC_R1_C3_SJ.out.tab
[2026-05-28 13:51:43,636] multiqc                                            [DEBUG  ]  File ignored by hicexplorer because it exceeded search pattern filesize limit: POC_R1_C3_SJ.out.tab
[2026-05-28 13:51:43,636] multiqc                                            [DEBUG  ]  File ignored by lima/summary because it exceeded search pattern filesize limit: POC_R1_C3_SJ.out.tab
[2026-05-28 13:51:43,638] multiqc                                            [DEBUG  ]  File ignored by longranger/invocation because it exceeded search pattern filesize limit: POC_R1_C3_SJ.out.tab
[2026-05-28 13:51:43,651] multiqc                                            [DEBUG  ]  File ignored by nanostat because it exceeded search pattern filesize limit: POC_R1_C3_SJ.out.tab
[2026-05-28 13:51:43,655] multiqc                                            [DEBUG  ]  File ignored by ccs/v4 because it exceeded search pattern filesize limit: POC_R3_H2_Log.progress.out
[2026-05-28 13:51:43,656] multiqc                                            [DEBUG  ]  File ignored by hicexplorer because it exceeded search pattern filesize limit: POC_R3_H2_Log.progress.out
[2026-05-28 13:51:43,656] multiqc                                            [DEBUG  ]  File ignored by lima/summary because it exceeded search pattern filesize limit: POC_R3_H2_Log.progress.out
[2026-05-28 13:51:43,658] multiqc                                            [DEBUG  ]  File ignored by longranger/invocation because it exceeded search pattern filesize limit: POC_R3_H2_Log.progress.out
[2026-05-28 13:51:43,662] multiqc                                            [DEBUG  ]  File ignored by nanostat because it exceeded search pattern filesize limit: POC_R3_H2_Log.progress.out
[2026-05-28 13:51:43,663] multiqc                                            [DEBUG  ]  Ignoring file as matched an ignore pattern: POC_R3_H1_Aligned.sortedByCoord.out.bam
[2026-05-28 13:51:43,663] multiqc                                            [DEBUG  ]  Ignoring file as matched an ignore pattern: POC_R3_C3_Aligned.sortedByCoord.out.bam
[2026-05-28 13:51:43,666] multiqc                                            [DEBUG  ]  File ignored by ccs/v4 because it exceeded search pattern filesize limit: POC_R24_C3_Log.progress.out
[2026-05-28 13:51:43,667] multiqc                                            [DEBUG  ]  File ignored by lima/summary because it exceeded search pattern filesize limit: POC_R24_C3_Log.progress.out
[2026-05-28 13:51:43,669] multiqc                                            [DEBUG  ]  File ignored by longranger/invocation because it exceeded search pattern filesize limit: POC_R24_C3_Log.progress.out
[2026-05-28 13:51:43,678] multiqc                                            [DEBUG  ]  File ignored by ccs/v4 because it exceeded search pattern filesize limit: POC_R1_C2_Log.out
[2026-05-28 13:51:43,680] multiqc                                            [DEBUG  ]  File ignored by hicexplorer because it exceeded search pattern filesize limit: POC_R1_C2_Log.out
[2026-05-28 13:51:43,680] multiqc                                            [DEBUG  ]  File ignored by lima/summary because it exceeded search pattern filesize limit: POC_R1_C2_Log.out
[2026-05-28 13:51:43,682] multiqc                                            [DEBUG  ]  File ignored by longranger/invocation because it exceeded search pattern filesize limit: POC_R1_C2_Log.out
[2026-05-28 13:51:43,697] multiqc                                            [DEBUG  ]  File ignored by nanostat because it exceeded search pattern filesize limit: POC_R1_C2_Log.out
[2026-05-28 13:51:43,702] multiqc                                            [DEBUG  ]  File ignored by ccs/v4 because it exceeded search pattern filesize limit: POC_R24_H1_Log.out
[2026-05-28 13:51:43,703] multiqc                                            [DEBUG  ]  File ignored by hicexplorer because it exceeded search pattern filesize limit: POC_R24_H1_Log.out
[2026-05-28 13:51:43,704] multiqc                                            [DEBUG  ]  File ignored by lima/summary because it exceeded search pattern filesize limit: POC_R24_H1_Log.out
[2026-05-28 13:51:43,708] multiqc                                            [DEBUG  ]  File ignored by longranger/invocation because it exceeded search pattern filesize limit: POC_R24_H1_Log.out
[2026-05-28 13:51:43,724] multiqc                                            [DEBUG  ]  File ignored by nanostat because it exceeded search pattern filesize limit: POC_R24_H1_Log.out
[2026-05-28 13:51:43,725] multiqc                                            [DEBUG  ]  Ignoring file as matched an ignore pattern: POC_R72_H2_Aligned.sortedByCoord.out.bam
[2026-05-28 13:51:43,729] multiqc                                            [DEBUG  ]  File ignored by ccs/v4 because it exceeded search pattern filesize limit: POC_R24_H3_Log.progress.out
[2026-05-28 13:51:43,730] multiqc                                            [DEBUG  ]  File ignored by lima/summary because it exceeded search pattern filesize limit: POC_R24_H3_Log.progress.out
[2026-05-28 13:51:43,732] multiqc                                            [DEBUG  ]  File ignored by longranger/invocation because it exceeded search pattern filesize limit: POC_R24_H3_Log.progress.out
[2026-05-28 13:51:43,739] multiqc                                            [DEBUG  ]  File ignored by ccs/v4 because it exceeded search pattern filesize limit: POC_R12_H3_SJ.out.tab
[2026-05-28 13:51:43,740] multiqc                                            [DEBUG  ]  File ignored by hicexplorer because it exceeded search pattern filesize limit: POC_R12_H3_SJ.out.tab
[2026-05-28 13:51:43,740] multiqc                                            [DEBUG  ]  File ignored by lima/summary because it exceeded search pattern filesize limit: POC_R12_H3_SJ.out.tab
[2026-05-28 13:51:43,742] multiqc                                            [DEBUG  ]  File ignored by longranger/invocation because it exceeded search pattern filesize limit: POC_R12_H3_SJ.out.tab
[2026-05-28 13:51:43,756] multiqc                                            [DEBUG  ]  File ignored by nanostat because it exceeded search pattern filesize limit: POC_R12_H3_SJ.out.tab
[2026-05-28 13:51:43,759] multiqc                                            [DEBUG  ]  File ignored by ccs/v4 because it exceeded search pattern filesize limit: POC_R3_C2_Log.progress.out
[2026-05-28 13:51:43,761] multiqc                                            [DEBUG  ]  File ignored by lima/summary because it exceeded search pattern filesize limit: POC_R3_C2_Log.progress.out
[2026-05-28 13:51:43,763] multiqc                                            [DEBUG  ]  File ignored by longranger/invocation because it exceeded search pattern filesize limit: POC_R3_C2_Log.progress.out
[2026-05-28 13:51:43,766] multiqc                                            [DEBUG  ]  Ignoring file as matched an ignore pattern: POC_R1_H2_Aligned.sortedByCoord.out.bam
[2026-05-28 13:51:43,769] multiqc                                            [DEBUG  ]  File ignored by ccs/v4 because it exceeded search pattern filesize limit: POC_R3_H3_Log.progress.out
[2026-05-28 13:51:43,770] multiqc                                            [DEBUG  ]  File ignored by lima/summary because it exceeded search pattern filesize limit: POC_R3_H3_Log.progress.out
[2026-05-28 13:51:43,772] multiqc                                            [DEBUG  ]  File ignored by longranger/invocation because it exceeded search pattern filesize limit: POC_R3_H3_Log.progress.out
[2026-05-28 13:51:43,779] multiqc                                            [DEBUG  ]  File ignored by ccs/v4 because it exceeded search pattern filesize limit: POC_R24_C2_Log.progress.out
[2026-05-28 13:51:43,780] multiqc                                            [DEBUG  ]  File ignored by lima/summary because it exceeded search pattern filesize limit: POC_R24_C2_Log.progress.out
[2026-05-28 13:51:43,782] multiqc                                            [DEBUG  ]  File ignored by longranger/invocation because it exceeded search pattern filesize limit: POC_R24_C2_Log.progress.out
[2026-05-28 13:51:43,791] multiqc                                            [DEBUG  ]  File ignored by ccs/v4 because it exceeded search pattern filesize limit: POC_R72_H2_SJ.out.tab
[2026-05-28 13:51:43,792] multiqc                                            [DEBUG  ]  File ignored by hicexplorer because it exceeded search pattern filesize limit: POC_R72_H2_SJ.out.tab
[2026-05-28 13:51:43,792] multiqc                                            [DEBUG  ]  File ignored by lima/summary because it exceeded search pattern filesize limit: POC_R72_H2_SJ.out.tab
[2026-05-28 13:51:43,794] multiqc                                            [DEBUG  ]  File ignored by longranger/invocation because it exceeded search pattern filesize limit: POC_R72_H2_SJ.out.tab
[2026-05-28 13:51:43,809] multiqc                                            [DEBUG  ]  File ignored by nanostat because it exceeded search pattern filesize limit: POC_R72_H2_SJ.out.tab
[2026-05-28 13:51:43,814] multiqc                                            [DEBUG  ]  File ignored by ccs/v4 because it exceeded search pattern filesize limit: POC_R12_C1_SJ.out.tab
[2026-05-28 13:51:43,815] multiqc                                            [DEBUG  ]  File ignored by hicexplorer because it exceeded search pattern filesize limit: POC_R12_C1_SJ.out.tab
[2026-05-28 13:51:43,815] multiqc                                            [DEBUG  ]  File ignored by lima/summary because it exceeded search pattern filesize limit: POC_R12_C1_SJ.out.tab
[2026-05-28 13:51:43,817] multiqc                                            [DEBUG  ]  File ignored by longranger/invocation because it exceeded search pattern filesize limit: POC_R12_C1_SJ.out.tab
[2026-05-28 13:51:43,830] multiqc                                            [DEBUG  ]  File ignored by nanostat because it exceeded search pattern filesize limit: POC_R12_C1_SJ.out.tab
[2026-05-28 13:51:43,831] multiqc                                            [DEBUG  ]  Ignoring file as matched an ignore pattern: POC_R12_H2_Aligned.sortedByCoord.out.bam
[2026-05-28 13:51:43,834] multiqc                                            [DEBUG  ]  File ignored by ccs/v4 because it exceeded search pattern filesize limit: POC_R120_H3_SJ.out.tab
[2026-05-28 13:51:43,835] multiqc                                            [DEBUG  ]  File ignored by hicexplorer because it exceeded search pattern filesize limit: POC_R120_H3_SJ.out.tab
[2026-05-28 13:51:43,836] multiqc                                            [DEBUG  ]  File ignored by lima/summary because it exceeded search pattern filesize limit: POC_R120_H3_SJ.out.tab
[2026-05-28 13:51:43,838] multiqc                                            [DEBUG  ]  File ignored by longranger/invocation because it exceeded search pattern filesize limit: POC_R120_H3_SJ.out.tab
[2026-05-28 13:51:43,853] multiqc                                            [DEBUG  ]  File ignored by nanostat because it exceeded search pattern filesize limit: POC_R120_H3_SJ.out.tab
[2026-05-28 13:51:43,857] multiqc                                            [DEBUG  ]  File ignored by ccs/v4 because it exceeded search pattern filesize limit: POC_R24_H2_Log.progress.out
[2026-05-28 13:51:43,858] multiqc                                            [DEBUG  ]  File ignored by lima/summary because it exceeded search pattern filesize limit: POC_R24_H2_Log.progress.out
[2026-05-28 13:51:43,860] multiqc                                            [DEBUG  ]  File ignored by longranger/invocation because it exceeded search pattern filesize limit: POC_R24_H2_Log.progress.out
[2026-05-28 13:51:43,867] multiqc                                            [DEBUG  ]  File ignored by ccs/v4 because it exceeded search pattern filesize limit: POC_R3_C3_Log.progress.out
[2026-05-28 13:51:43,869] multiqc                                            [DEBUG  ]  File ignored by lima/summary because it exceeded search pattern filesize limit: POC_R3_C3_Log.progress.out
[2026-05-28 13:51:43,870] multiqc                                            [DEBUG  ]  File ignored by longranger/invocation because it exceeded search pattern filesize limit: POC_R3_C3_Log.progress.out
[2026-05-28 13:51:43,878] multiqc                                            [DEBUG  ]  File ignored by ccs/v4 because it exceeded search pattern filesize limit: POC_R1_H1_SJ.out.tab
[2026-05-28 13:51:43,879] multiqc                                            [DEBUG  ]  File ignored by hicexplorer because it exceeded search pattern filesize limit: POC_R1_H1_SJ.out.tab
[2026-05-28 13:51:43,879] multiqc                                            [DEBUG  ]  File ignored by lima/summary because it exceeded search pattern filesize limit: POC_R1_H1_SJ.out.tab
[2026-05-28 13:51:43,881] multiqc                                            [DEBUG  ]  File ignored by longranger/invocation because it exceeded search pattern filesize limit: POC_R1_H1_SJ.out.tab
[2026-05-28 13:51:43,903] multiqc                                            [DEBUG  ]  File ignored by nanostat because it exceeded search pattern filesize limit: POC_R1_H1_SJ.out.tab
[2026-05-28 13:51:43,908] multiqc                                            [DEBUG  ]  File ignored by ccs/v4 because it exceeded search pattern filesize limit: POC_R24_C3_Log.out
[2026-05-28 13:51:43,911] multiqc                                            [DEBUG  ]  File ignored by hicexplorer because it exceeded search pattern filesize limit: POC_R24_C3_Log.out
[2026-05-28 13:51:43,911] multiqc                                            [DEBUG  ]  File ignored by lima/summary because it exceeded search pattern filesize limit: POC_R24_C3_Log.out
[2026-05-28 13:51:43,913] multiqc                                            [DEBUG  ]  File ignored by longranger/invocation because it exceeded search pattern filesize limit: POC_R24_C3_Log.out
[2026-05-28 13:51:43,928] multiqc                                            [DEBUG  ]  File ignored by nanostat because it exceeded search pattern filesize limit: POC_R24_C3_Log.out
[2026-05-28 13:51:43,934] multiqc                                            [DEBUG  ]  File ignored by ccs/v4 because it exceeded search pattern filesize limit: POC_R120_H2_Log.out
[2026-05-28 13:51:43,935] multiqc                                            [DEBUG  ]  File ignored by hicexplorer because it exceeded search pattern filesize limit: POC_R120_H2_Log.out
[2026-05-28 13:51:43,935] multiqc                                            [DEBUG  ]  File ignored by lima/summary because it exceeded search pattern filesize limit: POC_R120_H2_Log.out
[2026-05-28 13:51:43,937] multiqc                                            [DEBUG  ]  File ignored by longranger/invocation because it exceeded search pattern filesize limit: POC_R120_H2_Log.out
[2026-05-28 13:51:43,952] multiqc                                            [DEBUG  ]  File ignored by nanostat because it exceeded search pattern filesize limit: POC_R120_H2_Log.out
[2026-05-28 13:51:43,959] multiqc                                            [DEBUG  ]  File ignored by ccs/v4 because it exceeded search pattern filesize limit: POC_R0_C2_SJ.out.tab
[2026-05-28 13:51:43,960] multiqc                                            [DEBUG  ]  File ignored by hicexplorer because it exceeded search pattern filesize limit: POC_R0_C2_SJ.out.tab
[2026-05-28 13:51:43,960] multiqc                                            [DEBUG  ]  File ignored by lima/summary because it exceeded search pattern filesize limit: POC_R0_C2_SJ.out.tab
[2026-05-28 13:51:43,962] multiqc                                            [DEBUG  ]  File ignored by longranger/invocation because it exceeded search pattern filesize limit: POC_R0_C2_SJ.out.tab
[2026-05-28 13:51:43,976] multiqc                                            [DEBUG  ]  File ignored by nanostat because it exceeded search pattern filesize limit: POC_R0_C2_SJ.out.tab
[2026-05-28 13:51:43,982] multiqc                                            [DEBUG  ]  File ignored by ccs/v4 because it exceeded search pattern filesize limit: POC_R24_H1_SJ.out.tab
[2026-05-28 13:51:43,983] multiqc                                            [DEBUG  ]  File ignored by hicexplorer because it exceeded search pattern filesize limit: POC_R24_H1_SJ.out.tab
[2026-05-28 13:51:43,983] multiqc                                            [DEBUG  ]  File ignored by lima/summary because it exceeded search pattern filesize limit: POC_R24_H1_SJ.out.tab
[2026-05-28 13:51:43,985] multiqc                                            [DEBUG  ]  File ignored by longranger/invocation because it exceeded search pattern filesize limit: POC_R24_H1_SJ.out.tab
[2026-05-28 13:51:44,002] multiqc                                            [DEBUG  ]  File ignored by nanostat because it exceeded search pattern filesize limit: POC_R24_H1_SJ.out.tab
[2026-05-28 13:51:44,007] multiqc                                            [DEBUG  ]  File ignored by ccs/v4 because it exceeded search pattern filesize limit: POC_R0_H1_Log.progress.out
[2026-05-28 13:51:44,008] multiqc                                            [DEBUG  ]  File ignored by lima/summary because it exceeded search pattern filesize limit: POC_R0_H1_Log.progress.out
[2026-05-28 13:51:44,012] multiqc                                            [DEBUG  ]  File ignored by longranger/invocation because it exceeded search pattern filesize limit: POC_R0_H1_Log.progress.out
[2026-05-28 13:51:44,020] multiqc                                            [DEBUG  ]  File ignored by ccs/v4 because it exceeded search pattern filesize limit: POC_R12_C3_Log.progress.out
[2026-05-28 13:51:44,021] multiqc                                            [DEBUG  ]  File ignored by hicexplorer because it exceeded search pattern filesize limit: POC_R12_C3_Log.progress.out
[2026-05-28 13:51:44,021] multiqc                                            [DEBUG  ]  File ignored by lima/summary because it exceeded search pattern filesize limit: POC_R12_C3_Log.progress.out
[2026-05-28 13:51:44,023] multiqc                                            [DEBUG  ]  File ignored by longranger/invocation because it exceeded search pattern filesize limit: POC_R12_C3_Log.progress.out
[2026-05-28 13:51:44,027] multiqc                                            [DEBUG  ]  File ignored by nanostat because it exceeded search pattern filesize limit: POC_R12_C3_Log.progress.out
[2026-05-28 13:51:44,032] multiqc                                            [DEBUG  ]  File ignored by ccs/v4 because it exceeded search pattern filesize limit: POC_R12_H3_Log.progress.out
[2026-05-28 13:51:44,033] multiqc                                            [DEBUG  ]  File ignored by lima/summary because it exceeded search pattern filesize limit: POC_R12_H3_Log.progress.out
[2026-05-28 13:51:44,035] multiqc                                            [DEBUG  ]  File ignored by longranger/invocation because it exceeded search pattern filesize limit: POC_R12_H3_Log.progress.out
[2026-05-28 13:51:44,043] multiqc                                            [DEBUG  ]  File ignored by ccs/v4 because it exceeded search pattern filesize limit: POC_R3_H1_SJ.out.tab
[2026-05-28 13:51:44,044] multiqc                                            [DEBUG  ]  File ignored by hicexplorer because it exceeded search pattern filesize limit: POC_R3_H1_SJ.out.tab
[2026-05-28 13:51:44,044] multiqc                                            [DEBUG  ]  File ignored by lima/summary because it exceeded search pattern filesize limit: POC_R3_H1_SJ.out.tab
[2026-05-28 13:51:44,046] multiqc                                            [DEBUG  ]  File ignored by longranger/invocation because it exceeded search pattern filesize limit: POC_R3_H1_SJ.out.tab
[2026-05-28 13:51:44,057] multiqc                                            [DEBUG  ]  File ignored by nanostat because it exceeded search pattern filesize limit: POC_R3_H1_SJ.out.tab
[2026-05-28 13:51:44,062] multiqc                                            [DEBUG  ]  File ignored by ccs/v4 because it exceeded search pattern filesize limit: POC_R0_C1_Log.progress.out
[2026-05-28 13:51:44,063] multiqc                                            [DEBUG  ]  File ignored by lima/summary because it exceeded search pattern filesize limit: POC_R0_C1_Log.progress.out
[2026-05-28 13:51:44,065] multiqc                                            [DEBUG  ]  File ignored by longranger/invocation because it exceeded search pattern filesize limit: POC_R0_C1_Log.progress.out
[2026-05-28 13:51:44,074] multiqc                                            [DEBUG  ]  File ignored by ccs/v4 because it exceeded search pattern filesize limit: POC_R120_C1_Log.out
[2026-05-28 13:51:44,075] multiqc                                            [DEBUG  ]  File ignored by hicexplorer because it exceeded search pattern filesize limit: POC_R120_C1_Log.out
[2026-05-28 13:51:44,075] multiqc                                            [DEBUG  ]  File ignored by lima/summary because it exceeded search pattern filesize limit: POC_R120_C1_Log.out
[2026-05-28 13:51:44,077] multiqc                                            [DEBUG  ]  File ignored by longranger/invocation because it exceeded search pattern filesize limit: POC_R120_C1_Log.out
[2026-05-28 13:51:44,095] multiqc                                            [DEBUG  ]  File ignored by nanostat because it exceeded search pattern filesize limit: POC_R120_C1_Log.out
[2026-05-28 13:51:44,100] multiqc                                            [DEBUG  ]  File ignored by ccs/v4 because it exceeded search pattern filesize limit: POC_R1_C3_Log.out
[2026-05-28 13:51:44,101] multiqc                                            [DEBUG  ]  File ignored by hicexplorer because it exceeded search pattern filesize limit: POC_R1_C3_Log.out
[2026-05-28 13:51:44,101] multiqc                                            [DEBUG  ]  File ignored by lima/summary because it exceeded search pattern filesize limit: POC_R1_C3_Log.out
[2026-05-28 13:51:44,103] multiqc                                            [DEBUG  ]  File ignored by longranger/invocation because it exceeded search pattern filesize limit: POC_R1_C3_Log.out
[2026-05-28 13:51:44,120] multiqc                                            [DEBUG  ]  File ignored by nanostat because it exceeded search pattern filesize limit: POC_R1_C3_Log.out
[2026-05-28 13:51:44,125] multiqc                                            [DEBUG  ]  File ignored by ccs/v4 because it exceeded search pattern filesize limit: POC_R3_C3_SJ.out.tab
[2026-05-28 13:51:44,126] multiqc                                            [DEBUG  ]  File ignored by hicexplorer because it exceeded search pattern filesize limit: POC_R3_C3_SJ.out.tab
[2026-05-28 13:51:44,126] multiqc                                            [DEBUG  ]  File ignored by lima/summary because it exceeded search pattern filesize limit: POC_R3_C3_SJ.out.tab
[2026-05-28 13:51:44,128] multiqc                                            [DEBUG  ]  File ignored by longranger/invocation because it exceeded search pattern filesize limit: POC_R3_C3_SJ.out.tab
[2026-05-28 13:51:44,142] multiqc                                            [DEBUG  ]  File ignored by nanostat because it exceeded search pattern filesize limit: POC_R3_C3_SJ.out.tab
[2026-05-28 13:51:44,146] multiqc                                            [DEBUG  ]  Ignoring file as matched an ignore pattern: POC_R24_C2_Aligned.sortedByCoord.out.bam
[2026-05-28 13:51:44,146] multiqc                                            [DEBUG  ]  Ignoring file as matched an ignore pattern: POC_R120_H2_Aligned.sortedByCoord.out.bam
[2026-05-28 13:51:44,149] multiqc                                            [DEBUG  ]  File ignored by ccs/v4 because it exceeded search pattern filesize limit: POC_R12_C2_Log.progress.out
[2026-05-28 13:51:44,151] multiqc                                            [DEBUG  ]  File ignored by lima/summary because it exceeded search pattern filesize limit: POC_R12_C2_Log.progress.out
[2026-05-28 13:51:44,153] multiqc                                            [DEBUG  ]  File ignored by longranger/invocation because it exceeded search pattern filesize limit: POC_R12_C2_Log.progress.out
[2026-05-28 13:51:44,159] multiqc                                            [DEBUG  ]  File ignored by ccs/v4 because it exceeded search pattern filesize limit: POC_R72_C1_Log.progress.out
[2026-05-28 13:51:44,161] multiqc                                            [DEBUG  ]  File ignored by lima/summary because it exceeded search pattern filesize limit: POC_R72_C1_Log.progress.out
[2026-05-28 13:51:44,162] multiqc                                            [DEBUG  ]  File ignored by longranger/invocation because it exceeded search pattern filesize limit: POC_R72_C1_Log.progress.out
[2026-05-28 13:51:44,166] multiqc                                            [DEBUG  ]  Ignoring file as matched an ignore pattern: POC_R0_H2_Aligned.sortedByCoord.out.bam
[2026-05-28 13:51:44,170] multiqc                                            [DEBUG  ]  File ignored by ccs/v4 because it exceeded search pattern filesize limit: POC_R24_C3_SJ.out.tab
[2026-05-28 13:51:44,171] multiqc                                            [DEBUG  ]  File ignored by hicexplorer because it exceeded search pattern filesize limit: POC_R24_C3_SJ.out.tab
[2026-05-28 13:51:44,171] multiqc                                            [DEBUG  ]  File ignored by lima/summary because it exceeded search pattern filesize limit: POC_R24_C3_SJ.out.tab
[2026-05-28 13:51:44,174] multiqc                                            [DEBUG  ]  File ignored by longranger/invocation because it exceeded search pattern filesize limit: POC_R24_C3_SJ.out.tab
[2026-05-28 13:51:44,190] multiqc                                            [DEBUG  ]  File ignored by nanostat because it exceeded search pattern filesize limit: POC_R24_C3_SJ.out.tab
[2026-05-28 13:51:44,195] multiqc                                            [DEBUG  ]  File ignored by ccs/v4 because it exceeded search pattern filesize limit: POC_R24_C2_Log.out
[2026-05-28 13:51:44,196] multiqc                                            [DEBUG  ]  File ignored by hicexplorer because it exceeded search pattern filesize limit: POC_R24_C2_Log.out
[2026-05-28 13:51:44,196] multiqc                                            [DEBUG  ]  File ignored by lima/summary because it exceeded search pattern filesize limit: POC_R24_C2_Log.out
[2026-05-28 13:51:44,198] multiqc                                            [DEBUG  ]  File ignored by longranger/invocation because it exceeded search pattern filesize limit: POC_R24_C2_Log.out
[2026-05-28 13:51:44,212] multiqc                                            [DEBUG  ]  File ignored by nanostat because it exceeded search pattern filesize limit: POC_R24_C2_Log.out
[2026-05-28 13:51:44,219] multiqc                                            [DEBUG  ]  File ignored by ccs/v4 because it exceeded search pattern filesize limit: POC_R1_H1_Log.out
[2026-05-28 13:51:44,220] multiqc                                            [DEBUG  ]  File ignored by hicexplorer because it exceeded search pattern filesize limit: POC_R1_H1_Log.out
[2026-05-28 13:51:44,220] multiqc                                            [DEBUG  ]  File ignored by lima/summary because it exceeded search pattern filesize limit: POC_R1_H1_Log.out
[2026-05-28 13:51:44,222] multiqc                                            [DEBUG  ]  File ignored by longranger/invocation because it exceeded search pattern filesize limit: POC_R1_H1_Log.out
[2026-05-28 13:51:44,237] multiqc                                            [DEBUG  ]  File ignored by nanostat because it exceeded search pattern filesize limit: POC_R1_H1_Log.out
[2026-05-28 13:51:44,242] multiqc                                            [DEBUG  ]  File ignored by ccs/v4 because it exceeded search pattern filesize limit: POC_R120_H3_Log.out
[2026-05-28 13:51:44,243] multiqc                                            [DEBUG  ]  File ignored by hicexplorer because it exceeded search pattern filesize limit: POC_R120_H3_Log.out
[2026-05-28 13:51:44,243] multiqc                                            [DEBUG  ]  File ignored by lima/summary because it exceeded search pattern filesize limit: POC_R120_H3_Log.out
[2026-05-28 13:51:44,245] multiqc                                            [DEBUG  ]  File ignored by longranger/invocation because it exceeded search pattern filesize limit: POC_R120_H3_Log.out
[2026-05-28 13:51:44,262] multiqc                                            [DEBUG  ]  File ignored by nanostat because it exceeded search pattern filesize limit: POC_R120_H3_Log.out
[2026-05-28 13:51:44,266] multiqc                                            [DEBUG  ]  File ignored by ccs/v4 because it exceeded search pattern filesize limit: POC_R72_H1_Log.progress.out
[2026-05-28 13:51:44,267] multiqc                                            [DEBUG  ]  File ignored by lima/summary because it exceeded search pattern filesize limit: POC_R72_H1_Log.progress.out
[2026-05-28 13:51:44,269] multiqc                                            [DEBUG  ]  File ignored by longranger/invocation because it exceeded search pattern filesize limit: POC_R72_H1_Log.progress.out
[2026-05-28 13:51:44,276] multiqc                                            [DEBUG  ]  File ignored by ccs/v4 because it exceeded search pattern filesize limit: POC_R12_H2_Log.progress.out
[2026-05-28 13:51:44,277] multiqc                                            [DEBUG  ]  File ignored by lima/summary because it exceeded search pattern filesize limit: POC_R12_H2_Log.progress.out
[2026-05-28 13:51:44,280] multiqc                                            [DEBUG  ]  File ignored by longranger/invocation because it exceeded search pattern filesize limit: POC_R12_H2_Log.progress.out
[2026-05-28 13:51:44,288] multiqc                                            [DEBUG  ]  File ignored by ccs/v4 because it exceeded search pattern filesize limit: POC_R12_H1_Log.progress.out
[2026-05-28 13:51:44,289] multiqc                                            [DEBUG  ]  File ignored by lima/summary because it exceeded search pattern filesize limit: POC_R12_H1_Log.progress.out
[2026-05-28 13:51:44,291] multiqc                                            [DEBUG  ]  File ignored by longranger/invocation because it exceeded search pattern filesize limit: POC_R12_H1_Log.progress.out
[2026-05-28 13:51:44,298] multiqc                                            [DEBUG  ]  File ignored by ccs/v4 because it exceeded search pattern filesize limit: POC_R0_C3_Log.progress.out
[2026-05-28 13:51:44,299] multiqc                                            [DEBUG  ]  File ignored by lima/summary because it exceeded search pattern filesize limit: POC_R0_C3_Log.progress.out
[2026-05-28 13:51:44,301] multiqc                                            [DEBUG  ]  File ignored by longranger/invocation because it exceeded search pattern filesize limit: POC_R0_C3_Log.progress.out
[2026-05-28 13:51:44,307] multiqc                                            [DEBUG  ]  File ignored by ccs/v4 because it exceeded search pattern filesize limit: POC_R72_H2_Log.progress.out
[2026-05-28 13:51:44,308] multiqc                                            [DEBUG  ]  File ignored by lima/summary because it exceeded search pattern filesize limit: POC_R72_H2_Log.progress.out
[2026-05-28 13:51:44,310] multiqc                                            [DEBUG  ]  File ignored by longranger/invocation because it exceeded search pattern filesize limit: POC_R72_H2_Log.progress.out
[2026-05-28 13:51:44,320] multiqc                                            [DEBUG  ]  File ignored by ccs/v4 because it exceeded search pattern filesize limit: POC_R3_C2_Log.out
[2026-05-28 13:51:44,321] multiqc                                            [DEBUG  ]  File ignored by hicexplorer because it exceeded search pattern filesize limit: POC_R3_C2_Log.out
[2026-05-28 13:51:44,321] multiqc                                            [DEBUG  ]  File ignored by lima/summary because it exceeded search pattern filesize limit: POC_R3_C2_Log.out
[2026-05-28 13:51:44,323] multiqc                                            [DEBUG  ]  File ignored by longranger/invocation because it exceeded search pattern filesize limit: POC_R3_C2_Log.out
[2026-05-28 13:51:44,338] multiqc                                            [DEBUG  ]  File ignored by nanostat because it exceeded search pattern filesize limit: POC_R3_C2_Log.out
[2026-05-28 13:51:44,342] multiqc                                            [DEBUG  ]  File ignored by ccs/v4 because it exceeded search pattern filesize limit: POC_R12_H1_SJ.out.tab
[2026-05-28 13:51:44,343] multiqc                                            [DEBUG  ]  File ignored by hicexplorer because it exceeded search pattern filesize limit: POC_R12_H1_SJ.out.tab
[2026-05-28 13:51:44,343] multiqc                                            [DEBUG  ]  File ignored by lima/summary because it exceeded search pattern filesize limit: POC_R12_H1_SJ.out.tab
[2026-05-28 13:51:44,345] multiqc                                            [DEBUG  ]  File ignored by longranger/invocation because it exceeded search pattern filesize limit: POC_R12_H1_SJ.out.tab
[2026-05-28 13:51:44,359] multiqc                                            [DEBUG  ]  File ignored by nanostat because it exceeded search pattern filesize limit: POC_R12_H1_SJ.out.tab
[2026-05-28 13:51:44,360] multiqc                                            [DEBUG  ]  Ignoring file as matched an ignore pattern: POC_R3_C2_Aligned.sortedByCoord.out.bam
[2026-05-28 13:51:44,363] multiqc                                            [DEBUG  ]  File ignored by ccs/v4 because it exceeded search pattern filesize limit: POC_R72_C2_SJ.out.tab
[2026-05-28 13:51:44,364] multiqc                                            [DEBUG  ]  File ignored by hicexplorer because it exceeded search pattern filesize limit: POC_R72_C2_SJ.out.tab
[2026-05-28 13:51:44,364] multiqc                                            [DEBUG  ]  File ignored by lima/summary because it exceeded search pattern filesize limit: POC_R72_C2_SJ.out.tab
[2026-05-28 13:51:44,367] multiqc                                            [DEBUG  ]  File ignored by longranger/invocation because it exceeded search pattern filesize limit: POC_R72_C2_SJ.out.tab
[2026-05-28 13:51:44,382] multiqc                                            [DEBUG  ]  File ignored by nanostat because it exceeded search pattern filesize limit: POC_R72_C2_SJ.out.tab
[2026-05-28 13:51:44,388] multiqc                                            [DEBUG  ]  File ignored by ccs/v4 because it exceeded search pattern filesize limit: POC_R0_C1_Log.out
[2026-05-28 13:51:44,389] multiqc                                            [DEBUG  ]  File ignored by hicexplorer because it exceeded search pattern filesize limit: POC_R0_C1_Log.out
[2026-05-28 13:51:44,389] multiqc                                            [DEBUG  ]  File ignored by lima/summary because it exceeded search pattern filesize limit: POC_R0_C1_Log.out
[2026-05-28 13:51:44,391] multiqc                                            [DEBUG  ]  File ignored by longranger/invocation because it exceeded search pattern filesize limit: POC_R0_C1_Log.out
[2026-05-28 13:51:44,408] multiqc                                            [DEBUG  ]  File ignored by nanostat because it exceeded search pattern filesize limit: POC_R0_C1_Log.out
[2026-05-28 13:51:44,412] multiqc                                            [DEBUG  ]  File ignored by ccs/v4 because it exceeded search pattern filesize limit: POC_R72_C2_Log.progress.out
[2026-05-28 13:51:44,414] multiqc                                            [DEBUG  ]  File ignored by lima/summary because it exceeded search pattern filesize limit: POC_R72_C2_Log.progress.out
[2026-05-28 13:51:44,415] multiqc                                            [DEBUG  ]  File ignored by longranger/invocation because it exceeded search pattern filesize limit: POC_R72_C2_Log.progress.out
[2026-05-28 13:51:44,425] multiqc                                            [DEBUG  ]  File ignored by ccs/v4 because it exceeded search pattern filesize limit: POC_R0_H3_Log.progress.out
[2026-05-28 13:51:44,426] multiqc                                            [DEBUG  ]  File ignored by lima/summary because it exceeded search pattern filesize limit: POC_R0_H3_Log.progress.out
[2026-05-28 13:51:44,428] multiqc                                            [DEBUG  ]  File ignored by longranger/invocation because it exceeded search pattern filesize limit: POC_R0_H3_Log.progress.out
[2026-05-28 13:51:44,432] multiqc                                            [DEBUG  ]  Ignoring file as matched an ignore pattern: POC_R72_H3_Aligned.sortedByCoord.out.bam
[2026-05-28 13:51:44,436] multiqc                                            [DEBUG  ]  File ignored by ccs/v4 because it exceeded search pattern filesize limit: POC_R1_C1_SJ.out.tab
[2026-05-28 13:51:44,437] multiqc                                            [DEBUG  ]  File ignored by hicexplorer because it exceeded search pattern filesize limit: POC_R1_C1_SJ.out.tab
[2026-05-28 13:51:44,437] multiqc                                            [DEBUG  ]  File ignored by lima/summary because it exceeded search pattern filesize limit: POC_R1_C1_SJ.out.tab
[2026-05-28 13:51:44,439] multiqc                                            [DEBUG  ]  File ignored by longranger/invocation because it exceeded search pattern filesize limit: POC_R1_C1_SJ.out.tab
[2026-05-28 13:51:44,454] multiqc                                            [DEBUG  ]  File ignored by nanostat because it exceeded search pattern filesize limit: POC_R1_C1_SJ.out.tab
[2026-05-28 13:51:44,459] multiqc                                            [DEBUG  ]  File ignored by ccs/v4 because it exceeded search pattern filesize limit: POC_R12_C1_Log.progress.out
[2026-05-28 13:51:44,460] multiqc                                            [DEBUG  ]  File ignored by lima/summary because it exceeded search pattern filesize limit: POC_R12_C1_Log.progress.out
[2026-05-28 13:51:44,462] multiqc                                            [DEBUG  ]  File ignored by longranger/invocation because it exceeded search pattern filesize limit: POC_R12_C1_Log.progress.out
[2026-05-28 13:51:44,466] multiqc                                            [DEBUG  ]  Ignoring file as matched an ignore pattern: POC_R72_C1_Aligned.sortedByCoord.out.bam
[2026-05-28 13:51:44,469] multiqc                                            [DEBUG  ]  File ignored by ccs/v4 because it exceeded search pattern filesize limit: POC_R120_C3_SJ.out.tab
[2026-05-28 13:51:44,470] multiqc                                            [DEBUG  ]  File ignored by hicexplorer because it exceeded search pattern filesize limit: POC_R120_C3_SJ.out.tab
[2026-05-28 13:51:44,470] multiqc                                            [DEBUG  ]  File ignored by lima/summary because it exceeded search pattern filesize limit: POC_R120_C3_SJ.out.tab
[2026-05-28 13:51:44,472] multiqc                                            [DEBUG  ]  File ignored by longranger/invocation because it exceeded search pattern filesize limit: POC_R120_C3_SJ.out.tab
[2026-05-28 13:51:44,486] multiqc                                            [DEBUG  ]  File ignored by nanostat because it exceeded search pattern filesize limit: POC_R120_C3_SJ.out.tab
[2026-05-28 13:51:44,491] multiqc                                            [DEBUG  ]  File ignored by ccs/v4 because it exceeded search pattern filesize limit: POC_R72_C3_Log.out
[2026-05-28 13:51:44,492] multiqc                                            [DEBUG  ]  File ignored by hicexplorer because it exceeded search pattern filesize limit: POC_R72_C3_Log.out
[2026-05-28 13:51:44,492] multiqc                                            [DEBUG  ]  File ignored by lima/summary because it exceeded search pattern filesize limit: POC_R72_C3_Log.out
[2026-05-28 13:51:44,494] multiqc                                            [DEBUG  ]  File ignored by longranger/invocation because it exceeded search pattern filesize limit: POC_R72_C3_Log.out
[2026-05-28 13:51:44,509] multiqc                                            [DEBUG  ]  File ignored by nanostat because it exceeded search pattern filesize limit: POC_R72_C3_Log.out
[2026-05-28 13:51:44,514] multiqc                                            [DEBUG  ]  File ignored by ccs/v4 because it exceeded search pattern filesize limit: POC_R0_H2_SJ.out.tab
[2026-05-28 13:51:44,515] multiqc                                            [DEBUG  ]  File ignored by hicexplorer because it exceeded search pattern filesize limit: POC_R0_H2_SJ.out.tab
[2026-05-28 13:51:44,516] multiqc                                            [DEBUG  ]  File ignored by lima/summary because it exceeded search pattern filesize limit: POC_R0_H2_SJ.out.tab
[2026-05-28 13:51:44,518] multiqc                                            [DEBUG  ]  File ignored by longranger/invocation because it exceeded search pattern filesize limit: POC_R0_H2_SJ.out.tab
[2026-05-28 13:51:44,533] multiqc                                            [DEBUG  ]  File ignored by nanostat because it exceeded search pattern filesize limit: POC_R0_H2_SJ.out.tab
[2026-05-28 13:51:44,534] multiqc                                            [DEBUG  ]  Ignoring file as matched an ignore pattern: POC_R1_C1_Aligned.sortedByCoord.out.bam
[2026-05-28 13:51:44,537] multiqc                                            [DEBUG  ]  File ignored by ccs/v4 because it exceeded search pattern filesize limit: POC_R1_H3_SJ.out.tab
[2026-05-28 13:51:44,538] multiqc                                            [DEBUG  ]  File ignored by hicexplorer because it exceeded search pattern filesize limit: POC_R1_H3_SJ.out.tab
[2026-05-28 13:51:44,538] multiqc                                            [DEBUG  ]  File ignored by lima/summary because it exceeded search pattern filesize limit: POC_R1_H3_SJ.out.tab
[2026-05-28 13:51:44,540] multiqc                                            [DEBUG  ]  File ignored by longranger/invocation because it exceeded search pattern filesize limit: POC_R1_H3_SJ.out.tab
[2026-05-28 13:51:44,556] multiqc                                            [DEBUG  ]  File ignored by nanostat because it exceeded search pattern filesize limit: POC_R1_H3_SJ.out.tab
[2026-05-28 13:51:44,560] multiqc                                            [DEBUG  ]  File ignored by ccs/v4 because it exceeded search pattern filesize limit: POC_R120_H1_SJ.out.tab
[2026-05-28 13:51:44,561] multiqc                                            [DEBUG  ]  File ignored by hicexplorer because it exceeded search pattern filesize limit: POC_R120_H1_SJ.out.tab
[2026-05-28 13:51:44,562] multiqc                                            [DEBUG  ]  File ignored by lima/summary because it exceeded search pattern filesize limit: POC_R120_H1_SJ.out.tab
[2026-05-28 13:51:44,564] multiqc                                            [DEBUG  ]  File ignored by longranger/invocation because it exceeded search pattern filesize limit: POC_R120_H1_SJ.out.tab
[2026-05-28 13:51:44,577] multiqc                                            [DEBUG  ]  File ignored by nanostat because it exceeded search pattern filesize limit: POC_R120_H1_SJ.out.tab
[2026-05-28 13:51:44,589] multiqc                                            [DEBUG  ]  File ignored by ccs/v4 because it exceeded search pattern filesize limit: POC_R12_C2_Log.out
[2026-05-28 13:51:44,590] multiqc                                            [DEBUG  ]  File ignored by hicexplorer because it exceeded search pattern filesize limit: POC_R12_C2_Log.out
[2026-05-28 13:51:44,590] multiqc                                            [DEBUG  ]  File ignored by lima/summary because it exceeded search pattern filesize limit: POC_R12_C2_Log.out
[2026-05-28 13:51:44,592] multiqc                                            [DEBUG  ]  File ignored by longranger/invocation because it exceeded search pattern filesize limit: POC_R12_C2_Log.out
[2026-05-28 13:51:44,607] multiqc                                            [DEBUG  ]  File ignored by nanostat because it exceeded search pattern filesize limit: POC_R12_C2_Log.out
[2026-05-28 13:51:44,609] multiqc                                            [DEBUG  ]  Ignoring file as matched an ignore pattern: POC_R1_H3_Aligned.sortedByCoord.out.bam
[2026-05-28 13:51:44,612] multiqc                                            [DEBUG  ]  File ignored by ccs/v4 because it exceeded search pattern filesize limit: POC_R0_C2_Log.progress.out
[2026-05-28 13:51:44,613] multiqc                                            [DEBUG  ]  File ignored by lima/summary because it exceeded search pattern filesize limit: POC_R0_C2_Log.progress.out
[2026-05-28 13:51:44,615] multiqc                                            [DEBUG  ]  File ignored by longranger/invocation because it exceeded search pattern filesize limit: POC_R0_C2_Log.progress.out
[2026-05-28 13:51:44,622] multiqc                                            [DEBUG  ]  File ignored by ccs/v4 because it exceeded search pattern filesize limit: POC_R72_H3_Log.progress.out
[2026-05-28 13:51:44,623] multiqc                                            [DEBUG  ]  File ignored by lima/summary because it exceeded search pattern filesize limit: POC_R72_H3_Log.progress.out
[2026-05-28 13:51:44,625] multiqc                                            [DEBUG  ]  File ignored by longranger/invocation because it exceeded search pattern filesize limit: POC_R72_H3_Log.progress.out
[2026-05-28 13:51:44,634] multiqc                                            [DEBUG  ]  File ignored by ccs/v4 because it exceeded search pattern filesize limit: POC_R72_H1_Log.out
[2026-05-28 13:51:44,635] multiqc                                            [DEBUG  ]  File ignored by hicexplorer because it exceeded search pattern filesize limit: POC_R72_H1_Log.out
[2026-05-28 13:51:44,635] multiqc                                            [DEBUG  ]  File ignored by lima/summary because it exceeded search pattern filesize limit: POC_R72_H1_Log.out
[2026-05-28 13:51:44,637] multiqc                                            [DEBUG  ]  File ignored by longranger/invocation because it exceeded search pattern filesize limit: POC_R72_H1_Log.out
[2026-05-28 13:51:44,651] multiqc                                            [DEBUG  ]  File ignored by nanostat because it exceeded search pattern filesize limit: POC_R72_H1_Log.out
[2026-05-28 13:51:44,652] multiqc                                            [DEBUG  ]  Ignoring file as matched an ignore pattern: POC_R12_C1_Aligned.sortedByCoord.out.bam
[2026-05-28 13:51:44,652] multiqc                                            [DEBUG  ]  Ignoring file as matched an ignore pattern: POC_R12_H3_Aligned.sortedByCoord.out.bam
[2026-05-28 13:51:44,656] multiqc                                            [DEBUG  ]  File ignored by ccs/v4 because it exceeded search pattern filesize limit: POC_R12_C3_SJ.out.tab
[2026-05-28 13:51:44,657] multiqc                                            [DEBUG  ]  File ignored by hicexplorer because it exceeded search pattern filesize limit: POC_R12_C3_SJ.out.tab
[2026-05-28 13:51:44,657] multiqc                                            [DEBUG  ]  File ignored by lima/summary because it exceeded search pattern filesize limit: POC_R12_C3_SJ.out.tab
[2026-05-28 13:51:44,659] multiqc                                            [DEBUG  ]  File ignored by longranger/invocation because it exceeded search pattern filesize limit: POC_R12_C3_SJ.out.tab
[2026-05-28 13:51:44,680] multiqc                                            [DEBUG  ]  File ignored by nanostat because it exceeded search pattern filesize limit: POC_R12_C3_SJ.out.tab
[2026-05-28 13:51:44,684] multiqc                                            [DEBUG  ]  File ignored by ccs/v4 because it exceeded search pattern filesize limit: POC_R72_C3_Log.progress.out
[2026-05-28 13:51:44,685] multiqc                                            [DEBUG  ]  File ignored by lima/summary because it exceeded search pattern filesize limit: POC_R72_C3_Log.progress.out
[2026-05-28 13:51:44,687] multiqc                                            [DEBUG  ]  File ignored by longranger/invocation because it exceeded search pattern filesize limit: POC_R72_C3_Log.progress.out
[2026-05-28 13:51:44,695] multiqc                                            [DEBUG  ]  File ignored by ccs/v4 because it exceeded search pattern filesize limit: POC_R0_H2_Log.progress.out
[2026-05-28 13:51:44,696] multiqc                                            [DEBUG  ]  File ignored by lima/summary because it exceeded search pattern filesize limit: POC_R0_H2_Log.progress.out
[2026-05-28 13:51:44,698] multiqc                                            [DEBUG  ]  File ignored by longranger/invocation because it exceeded search pattern filesize limit: POC_R0_H2_Log.progress.out
[2026-05-28 13:51:44,705] multiqc                                            [DEBUG  ]  File ignored by ccs/v4 because it exceeded search pattern filesize limit: POC_R0_H3_Log.out
[2026-05-28 13:51:44,706] multiqc                                            [DEBUG  ]  File ignored by hicexplorer because it exceeded search pattern filesize limit: POC_R0_H3_Log.out
[2026-05-28 13:51:44,706] multiqc                                            [DEBUG  ]  File ignored by lima/summary because it exceeded search pattern filesize limit: POC_R0_H3_Log.out
[2026-05-28 13:51:44,708] multiqc                                            [DEBUG  ]  File ignored by longranger/invocation because it exceeded search pattern filesize limit: POC_R0_H3_Log.out
[2026-05-28 13:51:44,724] multiqc                                            [DEBUG  ]  File ignored by nanostat because it exceeded search pattern filesize limit: POC_R0_H3_Log.out
[2026-05-28 13:51:47,472] multiqc.plots.linegraph                            [DEBUG  ]  Using matplotlib version 3.4.3
[2026-05-28 13:51:47,484] multiqc.plots.bargraph                             [DEBUG  ]  Using matplotlib version 3.4.3
[2026-05-28 13:51:50,000] multiqc.modules.qualimap.qualimap                  [INFO   ]  Found 42 RNASeq reports
[2026-05-28 13:51:50,105] multiqc.modules.star.star                          [DEBUG  ]  Duplicate ReadsPerGene sample name found! Overwriting: POC_R12_H1
[2026-05-28 13:51:50,151] multiqc.modules.star.star                          [DEBUG  ]  Duplicate ReadsPerGene sample name found! Overwriting: POC_R24_C3
[2026-05-28 13:51:50,198] multiqc.modules.star.star                          [DEBUG  ]  Duplicate ReadsPerGene sample name found! Overwriting: POC_R3_C1
[2026-05-28 13:51:50,245] multiqc.modules.star.star                          [DEBUG  ]  Duplicate ReadsPerGene sample name found! Overwriting: POC_R120_C2
[2026-05-28 13:51:50,291] multiqc.modules.star.star                          [DEBUG  ]  Duplicate ReadsPerGene sample name found! Overwriting: POC_R1_H3
[2026-05-28 13:51:50,338] multiqc.modules.star.star                          [DEBUG  ]  Duplicate ReadsPerGene sample name found! Overwriting: POC_R1_C2
[2026-05-28 13:51:50,385] multiqc.modules.star.star                          [DEBUG  ]  Duplicate ReadsPerGene sample name found! Overwriting: POC_R120_H3
[2026-05-28 13:51:50,433] multiqc.modules.star.star                          [DEBUG  ]  Duplicate ReadsPerGene sample name found! Overwriting: POC_R24_H2
[2026-05-28 13:51:50,480] multiqc.modules.star.star                          [DEBUG  ]  Duplicate ReadsPerGene sample name found! Overwriting: POC_R72_H1
[2026-05-28 13:51:50,526] multiqc.modules.star.star                          [DEBUG  ]  Duplicate ReadsPerGene sample name found! Overwriting: POC_R0_H1
[2026-05-28 13:51:50,573] multiqc.modules.star.star                          [DEBUG  ]  Duplicate ReadsPerGene sample name found! Overwriting: POC_R1_H2
[2026-05-28 13:51:50,622] multiqc.modules.star.star                          [DEBUG  ]  Duplicate ReadsPerGene sample name found! Overwriting: POC_R24_C2
[2026-05-28 13:51:50,670] multiqc.modules.star.star                          [DEBUG  ]  Duplicate ReadsPerGene sample name found! Overwriting: POC_R120_C3
[2026-05-28 13:51:50,717] multiqc.modules.star.star                          [DEBUG  ]  Duplicate ReadsPerGene sample name found! Overwriting: POC_R12_C1
[2026-05-28 13:51:50,765] multiqc.modules.star.star                          [DEBUG  ]  Duplicate ReadsPerGene sample name found! Overwriting: POC_R120_H2
[2026-05-28 13:51:50,812] multiqc.modules.star.star                          [DEBUG  ]  Duplicate ReadsPerGene sample name found! Overwriting: POC_R24_H3
[2026-05-28 13:51:50,860] multiqc.modules.star.star                          [DEBUG  ]  Duplicate ReadsPerGene sample name found! Overwriting: POC_R3_H1
[2026-05-28 13:51:50,906] multiqc.modules.star.star                          [DEBUG  ]  Duplicate ReadsPerGene sample name found! Overwriting: POC_R1_C3
[2026-05-28 13:51:50,954] multiqc.modules.star.star                          [DEBUG  ]  Duplicate ReadsPerGene sample name found! Overwriting: POC_R0_C1
[2026-05-28 13:51:51,002] multiqc.modules.star.star                          [DEBUG  ]  Duplicate ReadsPerGene sample name found! Overwriting: POC_R72_C1
[2026-05-28 13:51:51,049] multiqc.modules.star.star                          [DEBUG  ]  Duplicate ReadsPerGene sample name found! Overwriting: POC_R3_H2
[2026-05-28 13:51:51,100] multiqc.modules.star.star                          [DEBUG  ]  Duplicate ReadsPerGene sample name found! Overwriting: POC_R120_H1
[2026-05-28 13:51:51,148] multiqc.modules.star.star                          [DEBUG  ]  Duplicate ReadsPerGene sample name found! Overwriting: POC_R12_C2
[2026-05-28 13:51:51,195] multiqc.modules.star.star                          [DEBUG  ]  Duplicate ReadsPerGene sample name found! Overwriting: POC_R1_H1
[2026-05-28 13:51:51,242] multiqc.modules.star.star                          [DEBUG  ]  Duplicate ReadsPerGene sample name found! Overwriting: POC_R12_H3
[2026-05-28 13:51:51,292] multiqc.modules.star.star                          [DEBUG  ]  Duplicate ReadsPerGene sample name found! Overwriting: POC_R3_C3
[2026-05-28 13:51:51,339] multiqc.modules.star.star                          [DEBUG  ]  Duplicate ReadsPerGene sample name found! Overwriting: POC_R24_C1
[2026-05-28 13:51:51,386] multiqc.modules.star.star                          [DEBUG  ]  Duplicate ReadsPerGene sample name found! Overwriting: POC_R0_H3
[2026-05-28 13:51:51,434] multiqc.modules.star.star                          [DEBUG  ]  Duplicate ReadsPerGene sample name found! Overwriting: POC_R72_C2
[2026-05-28 13:51:51,482] multiqc.modules.star.star                          [DEBUG  ]  Duplicate ReadsPerGene sample name found! Overwriting: POC_R72_H3
[2026-05-28 13:51:51,530] multiqc.modules.star.star                          [DEBUG  ]  Duplicate ReadsPerGene sample name found! Overwriting: POC_R0_C2
[2026-05-28 13:51:51,577] multiqc.modules.star.star                          [DEBUG  ]  Duplicate ReadsPerGene sample name found! Overwriting: POC_R1_C1
[2026-05-28 13:51:51,624] multiqc.modules.star.star                          [DEBUG  ]  Duplicate ReadsPerGene sample name found! Overwriting: POC_R12_C3
[2026-05-28 13:51:51,671] multiqc.modules.star.star                          [DEBUG  ]  Duplicate ReadsPerGene sample name found! Overwriting: POC_R3_H3
[2026-05-28 13:51:51,718] multiqc.modules.star.star                          [DEBUG  ]  Duplicate ReadsPerGene sample name found! Overwriting: POC_R24_H1
[2026-05-28 13:51:51,765] multiqc.modules.star.star                          [DEBUG  ]  Duplicate ReadsPerGene sample name found! Overwriting: POC_R120_C1
[2026-05-28 13:51:51,815] multiqc.modules.star.star                          [DEBUG  ]  Duplicate ReadsPerGene sample name found! Overwriting: POC_R3_C2
[2026-05-28 13:51:51,862] multiqc.modules.star.star                          [DEBUG  ]  Duplicate ReadsPerGene sample name found! Overwriting: POC_R12_H2
[2026-05-28 13:51:51,909] multiqc.modules.star.star                          [DEBUG  ]  Duplicate ReadsPerGene sample name found! Overwriting: POC_R72_C3
[2026-05-28 13:51:51,958] multiqc.modules.star.star                          [DEBUG  ]  Duplicate ReadsPerGene sample name found! Overwriting: POC_R0_H2
[2026-05-28 13:51:52,006] multiqc.modules.star.star                          [DEBUG  ]  Duplicate ReadsPerGene sample name found! Overwriting: POC_R0_C3
[2026-05-28 13:51:52,053] multiqc.modules.star.star                          [DEBUG  ]  Duplicate ReadsPerGene sample name found! Overwriting: POC_R72_H2
[2026-05-28 13:51:52,053] multiqc.modules.star.star                          [INFO   ]  Found 42 reports and 42 gene count files
[2026-05-28 13:51:52,083] multiqc                                            [INFO   ]  Compressing plot data
[2026-05-28 13:51:52,372] multiqc                                            [INFO   ]  Report      : multiqc_report.html
[2026-05-28 13:51:52,372] multiqc                                            [INFO   ]  Data        : multiqc_data
[2026-05-28 13:51:52,372] multiqc                                            [DEBUG  ]  Moving data file from '/tmp/tmp05cvysr8/multiqc_data' to '/project/pi_hputnam_uri_edu/zdellaert/TimeSeries/4-multi-species/output_RNA/alignment_qc/POC_Pcomp/multiqc_data'
[2026-05-28 13:51:52,843] multiqc                                            [INFO   ]  MultiQC complete
