"gene_id","count_FOXO3","count_HSF1","count_NFE2L2","ImpulseDE2_padj","ImpulseDE2_response_type","Mfuzz_cluster","Mfuzz_membership","WGCNA_module"
"Montipora_capitata_HIv3___RNAseq.g4754.t1",1,0,0,1.76832144373585e-08,"Monotonous",6,0.984858053176391,"ME9"
"Montipora_capitata_HIv3___RNAseq.g4755.t1",0,2,0,1.09578509328021e-06,"Monotonous",6,0.984444944110367,"ME9"
"Montipora_capitata_HIv3___RNAseq.g4756.t1",0,1,0,0.0303279684955498,"Monotonous",2,0.949888012454984,"ME1"
"Montipora_capitata_HIv3___RNAseq.g4759.t1",0,2,0,5.44886060444367e-07,"Transient",6,0.842398349653188,"ME10"
"Montipora_capitata_HIv3___RNAseq.g4764.t1",0,0,1,NA,NA,NA,NA,"ME15"
"Montipora_capitata_HIv3___RNAseq.214_t",2,0,0,NA,NA,NA,NA,"ME0"
"Montipora_capitata_HIv3___TS.g26302.t1",1,0,1,NA,NA,NA,NA,"ME11"
"Montipora_capitata_HIv3___RNAseq.g4584.t1",1,0,0,NA,NA,NA,NA,"ME0"
"Montipora_capitata_HIv3___RNAseq.g4585.t1",0,0,1,0.00269464280686042,"Other",NA,NA,"ME7"
"Montipora_capitata_HIv3___RNAseq.g4589.t1",1,0,0,0.0241942485899769,"Transient",5,0.880818305423461,"ME6"
"Montipora_capitata_HIv3___RNAseq.g4592.t1",1,0,0,NA,NA,NA,NA,"ME4"
"Montipora_capitata_HIv3___RNAseq.g4598.t1",1,0,0,NA,NA,NA,NA,"ME2"
"Montipora_capitata_HIv3___TS.g26291.t1",0,0,1,0.00302899985540623,"Other",6,0.931943325313673,"ME26"
"Montipora_capitata_HIv3___RNAseq.g4606.t1",1,0,0,0.00052927119396686,"Other",5,0.950404170875151,"ME4"
"Montipora_capitata_HIv3___RNAseq.g4607.t1",1,0,0,0.010508172175911,"Transient",5,0.740489006032056,"ME6"
"Montipora_capitata_HIv3___RNAseq.g4609.t1",1,0,0,NA,NA,NA,NA,"ME25"
"Montipora_capitata_HIv3___TS.g26297.t1",1,0,0,0.000119815056537763,"Transient",4,0.975961449651399,"ME7"
"Montipora_capitata_HIv3___RNAseq.g4611.t2",1,0,0,NA,NA,NA,NA,"ME7"
"Montipora_capitata_HIv3___RNAseq.g4617.t1",1,0,0,NA,NA,NA,NA,"ME2"
"Montipora_capitata_HIv3___TS.g26304.t1b",0,1,0,NA,NA,NA,NA,"ME0"
"Montipora_capitata_HIv3___TS.g26304.t1a",1,0,0,NA,NA,NA,NA,"ME20"
"Montipora_capitata_HIv3___RNAseq.g4620.t1",1,0,0,NA,NA,NA,NA,"ME21"
"Montipora_capitata_HIv3___TS.g26306.t1",0,0,1,0.0486792143269081,"Monotonous",4,0.508590004489179,"ME3"
"Montipora_capitata_HIv3___TS.g26307.t1b",1,0,0,NA,NA,NA,NA,"ME1"
"Montipora_capitata_HIv3___TS.g26307.t1a",1,0,0,NA,NA,NA,NA,"ME1"
"Montipora_capitata_HIv3___TS.g26309.t1a",1,0,0,NA,NA,NA,NA,"ME1"
"Montipora_capitata_HIv3___RNAseq.g4625.t1",0,1,0,NA,NA,NA,NA,"ME0"
"Montipora_capitata_HIv3___RNAseq.g4626.t1",0,0,2,1.44042852359436e-06,"Monotonous",1,0.708498945436196,"ME10"
"Montipora_capitata_HIv3___RNAseq.g4633.t1",0,0,1,NA,NA,NA,NA,"ME1"
"Montipora_capitata_HIv3___RNAseq.g4635.t1",0,0,1,NA,NA,NA,NA,"ME5"
"Montipora_capitata_HIv3___RNAseq.g4637.t1",0,1,0,NA,NA,NA,NA,"ME7"
"Montipora_capitata_HIv3___RNAseq.g4638.t1",0,1,0,0.0448624432724819,"Other",6,0.644217240475161,"ME1"
"Montipora_capitata_HIv3___RNAseq.g4639.t1",0,0,1,0.00702729997322554,"Transient",3,0.543425009146738,"ME16"
"Montipora_capitata_HIv3___RNAseq.g4642.t1",1,0,0,0.000122183451409385,"Transient",3,0.807031961654702,"ME1"
"Montipora_capitata_HIv3___TS.g26331.t1",1,0,0,NA,NA,NA,NA,"ME3"
"Montipora_capitata_HIv3___RNAseq.g4647.t1",1,0,0,0.0001441949803914,"Transient",4,0.795671062552093,"ME20"
"Montipora_capitata_HIv3___RNAseq.g4648.t1",1,1,0,1.56793297257296e-07,"Transient",5,0.884850787857045,"ME3"
"Montipora_capitata_HIv3___RNAseq.g4656.t1",0,1,0,NA,NA,NA,NA,"ME16"
"Montipora_capitata_HIv3___RNAseq.g4657.t1",0,0,1,NA,NA,NA,NA,"ME15"
"Montipora_capitata_HIv3___RNAseq.g4658.t1",1,3,0,NA,NA,NA,NA,"ME4"
"Montipora_capitata_HIv3___TS.g26343.t1",2,0,0,NA,NA,NA,NA,"ME4"
"Montipora_capitata_HIv3___RNAseq.g4660.t1",1,1,0,NA,NA,NA,NA,"ME2"
"Montipora_capitata_HIv3___TS.g26345.t1",1,1,0,NA,NA,NA,NA,"ME4"
"Montipora_capitata_HIv3___RNAseq.g4665.t1",1,0,0,NA,NA,NA,NA,"ME10"
"Montipora_capitata_HIv3___RNAseq.g4667.t1",1,0,0,NA,NA,NA,NA,"ME7"
"Montipora_capitata_HIv3___RNAseq.g4669.t1",1,2,0,NA,NA,NA,NA,"ME1"
"Montipora_capitata_HIv3___RNAseq.g4674.t1",1,1,0,8.05236476649693e-05,"Monotonous",1,0.81726383732892,"ME25"
"Montipora_capitata_HIv3___RNAseq.g4675.t1",1,0,0,NA,NA,NA,NA,"ME31"
"Montipora_capitata_HIv3___RNAseq.g4676.t1",1,0,0,2.37014816802701e-17,"Monotonous",1,0.756891734956913,"ME3"
"Montipora_capitata_HIv3___TS.g26369.t1",1,0,0,NA,NA,NA,NA,"ME7"
"Montipora_capitata_HIv3___RNAseq.g4688.t1",1,0,0,NA,NA,NA,NA,"ME7"
"Montipora_capitata_HIv3___RNAseq.g4690.t1",1,0,0,NA,NA,NA,NA,"ME24"
"Montipora_capitata_HIv3___RNAseq.g4691.t1",1,0,0,NA,NA,NA,NA,"ME1"
"Montipora_capitata_HIv3___RNAseq.g4698.t1",0,0,2,4.79485052179684e-06,"Monotonous",1,0.883833369072397,"ME4"
"Montipora_capitata_HIv3___RNAseq.g4704.t1",1,0,0,NA,NA,NA,NA,"ME18"
"Montipora_capitata_HIv3___RNAseq.g4705.t1",1,0,0,NA,NA,NA,NA,"ME21"
"Montipora_capitata_HIv3___TS.g26395.t2",0,1,1,NA,NA,NA,NA,"ME1"
"Montipora_capitata_HIv3___RNAseq.g4715.t1",0,2,0,0.0206778676240055,"Transient",NA,NA,"ME0"
"Montipora_capitata_HIv3___RNAseq.g4717.t1",0,1,0,0.0124142337302923,"Other",4,0.904535737885215,"ME7"
"Montipora_capitata_HIv3___RNAseq.164_t",0,1,0,NA,NA,NA,NA,"ME0"
"Montipora_capitata_HIv3___RNAseq.g4724.t1b",1,1,0,0.0176761093226414,"Monotonous",2,0.576564054567869,"ME13"
"Montipora_capitata_HIv3___RNAseq.g4735.t1",2,0,0,0.00894590378108861,"Monotonous",6,0.701402715486946,"ME8"
"Montipora_capitata_HIv3___RNAseq.g4736.t1",0,0,1,0.0150385023896779,"Monotonous",6,0.801503728138271,"ME25"
"Montipora_capitata_HIv3___RNAseq.g4739.t1",0,1,0,NA,NA,NA,NA,"ME3"
"Montipora_capitata_HIv3___RNAseq.g4742.t1",0,0,1,NA,NA,NA,NA,"ME10"
"Montipora_capitata_HIv3___RNAseq.g4744.t1",1,0,0,0.0108361907882502,"Other",6,0.922470802206362,"ME10"
"Montipora_capitata_HIv3___RNAseq.g4749.t1",0,0,1,0.00303073867004752,"Monotonous",2,0.665830540846325,"ME1"
"Montipora_capitata_HIv3___RNAseq.g5589.t1",1,0,0,NA,NA,NA,NA,"ME6"
"Montipora_capitata_HIv3___TS.g27817.t1",0,0,1,NA,NA,NA,NA,"ME4"
"Montipora_capitata_HIv3___RNAseq.g6077.t1",1,0,0,NA,NA,NA,NA,"ME4"
"Montipora_capitata_HIv3___RNAseq.g6080.t1",1,0,0,NA,NA,NA,NA,"ME2"
"Montipora_capitata_HIv3___RNAseq.g6120.t1",1,0,0,NA,NA,NA,NA,"ME4"
"Montipora_capitata_HIv3___TS.g27882.t1",1,0,0,NA,NA,NA,NA,"ME3"
"Montipora_capitata_HIv3___RNAseq.1688_t",0,0,1,NA,NA,NA,NA,"ME4"
"Montipora_capitata_HIv3___TS.g27874.t1",1,0,0,6.98581446210644e-08,"Transient",2,0.972928743784016,"ME1"
"Montipora_capitata_HIv3___TS.g27881.t1",0,0,1,4.11104429858088e-09,"Monotonous",2,0.978559529995541,"ME1"
"Montipora_capitata_HIv3___TS.g26507.t1",0,1,0,NA,NA,NA,NA,"ME8"
"Montipora_capitata_HIv3___TS.g26580.t1b",0,1,0,NA,NA,NA,NA,"ME0"
"Montipora_capitata_HIv3___RNAseq.g5029.t1",0,1,0,NA,NA,NA,NA,"ME0"
"Montipora_capitata_HIv3___RNAseq.g4772.t1",1,0,0,NA,NA,NA,NA,"ME8"
"Montipora_capitata_HIv3___RNAseq.g4773.t1",2,0,0,0.00393713292507476,"Other",2,0.738484165672181,"ME20"
"Montipora_capitata_HIv3___RNAseq.g4778.t1",0,0,1,NA,NA,NA,NA,"ME9"
"Montipora_capitata_HIv3___RNAseq.g4780.t1",0,1,0,NA,NA,NA,NA,"ME0"
"Montipora_capitata_HIv3___RNAseq.g4782.t1b",1,0,0,0.0270637861682769,"Transient",5,0.94883375637668,"ME17"
"Montipora_capitata_HIv3___RNAseq.g4782.t1a",1,0,0,NA,NA,NA,NA,"ME4"
"Montipora_capitata_HIv3___RNAseq.g4785.t1b",0,0,1,NA,NA,NA,NA,"ME13"
"Montipora_capitata_HIv3___RNAseq.g4789.t1",0,0,1,NA,NA,NA,NA,"ME2"
"Montipora_capitata_HIv3___RNAseq.g4795.t2",0,0,1,0.0270389118618633,"Other",NA,NA,"ME5"
"Montipora_capitata_HIv3___RNAseq.g4798.t1",0,1,0,NA,NA,NA,NA,"ME4"
"Montipora_capitata_HIv3___RNAseq.g4801.t2",0,0,1,0.0087603613285456,"Other",6,0.739266013495647,"ME5"
"Montipora_capitata_HIv3___TS.g26496.t1",0,2,0,0.00484408182480247,"Monotonous",6,0.734718632891797,"ME9"
"Montipora_capitata_HIv3___RNAseq.g4804.t1",1,0,0,NA,NA,NA,NA,"ME21"
"Montipora_capitata_HIv3___RNAseq.g4806.t1",0,0,1,NA,NA,NA,NA,"ME4"
"Montipora_capitata_HIv3___TS.g26509.t1",0,1,0,NA,NA,NA,NA,"ME5"
"Montipora_capitata_HIv3___RNAseq.g4823.t1",0,0,2,NA,NA,NA,NA,"ME3"
"Montipora_capitata_HIv3___RNAseq.g4828.t1",0,0,1,NA,NA,NA,NA,"ME3"
"Montipora_capitata_HIv3___TS.g26525.t2",0,2,0,0.0233784251833996,"Other",6,0.536663216549525,"ME10"
"Montipora_capitata_HIv3___RNAseq.g4833.t1",0,1,0,NA,NA,NA,NA,"ME23"
"Montipora_capitata_HIv3___RNAseq.g4836.t1",1,0,0,NA,NA,NA,NA,"ME28"
"Montipora_capitata_HIv3___RNAseq.g4838.t1",1,0,0,8.04823823412276e-07,"Monotonous",1,0.954777682648402,"ME25"
"Montipora_capitata_HIv3___TS.g26534.t1b",0,1,0,0.0207479081192451,"Transient",3,0.951825248508113,"ME1"
"Montipora_capitata_HIv3___TS.g26540.t1",0,1,0,NA,NA,NA,NA,"ME1"
"Montipora_capitata_HIv3___TS.g26551.t1",0,1,0,NA,NA,NA,NA,"ME5"
"Montipora_capitata_HIv3___RNAseq.g4858.t1",1,0,0,0.00218440011196798,"Transient",3,0.578354127753809,"ME1"
"Montipora_capitata_HIv3___RNAseq.g4859.t1",1,0,0,NA,NA,NA,NA,"ME2"
"Montipora_capitata_HIv3___RNAseq.g4860.t1",0,0,1,0.0480597446631735,"Other",NA,NA,"ME0"
"Montipora_capitata_HIv3___RNAseq.g4861.t1",0,0,1,NA,NA,NA,NA,"ME1"
"Montipora_capitata_HIv3___RNAseq.g4862.t1",1,0,1,NA,NA,NA,NA,"ME0"
"Montipora_capitata_HIv3___TS.g26569.t1",1,1,0,NA,NA,NA,NA,"ME0"
"Montipora_capitata_HIv3___RNAseq.g4870.t1",1,0,0,NA,NA,NA,NA,"ME9"
"Montipora_capitata_HIv3___RNAseq.g4871.t1",2,1,0,NA,NA,NA,NA,"ME3"
"Montipora_capitata_HIv3___RNAseq.g4876.t1",0,0,1,NA,NA,NA,NA,"ME0"
"Montipora_capitata_HIv3___TS.g26578.t1",0,0,1,NA,NA,NA,NA,"ME0"
"Montipora_capitata_HIv3___RNAseq.g4881.t1",1,0,0,0.000162719367238848,"Other",NA,NA,"ME12"
"Montipora_capitata_HIv3___RNAseq.g4891.t1",1,0,0,3.60410998350709e-05,"Monotonous",2,0.667788020027878,"ME20"
"Montipora_capitata_HIv3___RNAseq.g4892.t1",0,0,3,NA,NA,NA,NA,"ME13"
"Montipora_capitata_HIv3___TS.g26597.t1",0,0,1,NA,NA,NA,NA,"ME24"
"Montipora_capitata_HIv3___TS.g26600.t1",0,1,0,NA,NA,NA,NA,"ME24"
"Montipora_capitata_HIv3___TS.g26601.t1",1,0,2,NA,NA,NA,NA,"ME22"
"Montipora_capitata_HIv3___RNAseq.g4906.t1",2,0,0,NA,NA,NA,NA,"ME4"
"Montipora_capitata_HIv3___RNAseq.g4907.t1",1,0,0,3.66025690612374e-05,"Transient",4,0.909926737347006,"ME3"
"Montipora_capitata_HIv3___TS.g26609.t2",0,1,0,NA,NA,NA,NA,"ME14"
"Montipora_capitata_HIv3___RNAseq.g4915.t1",0,0,1,NA,NA,NA,NA,"ME5"
"Montipora_capitata_HIv3___RNAseq.g4919.t1",0,1,0,NA,NA,NA,NA,"ME1"
"Montipora_capitata_HIv3___RNAseq.g4922.t1",0,0,1,NA,NA,NA,NA,"ME2"
"Montipora_capitata_HIv3___RNAseq.g4924.t1",1,0,0,NA,NA,NA,NA,"ME1"
"Montipora_capitata_HIv3___RNAseq.g4934.t1",0,1,0,NA,NA,NA,NA,"ME9"
"Montipora_capitata_HIv3___RNAseq.g4936.t1",0,0,1,0.0114054305005184,"Transient",5,0.562545334753432,"ME6"
"Montipora_capitata_HIv3___RNAseq.g4937.t1",0,0,1,0.00150356491023023,"Transient",4,0.907877037873204,"ME6"
"Montipora_capitata_HIv3___RNAseq.401_t",0,0,1,0.000283828155561115,"Transient",6,0.840721983896038,"ME8"
"Montipora_capitata_HIv3___TS.g26647.t1",1,0,0,NA,NA,NA,NA,"ME28"
"Montipora_capitata_HIv3___TS.g26648.t1",0,1,0,NA,NA,NA,NA,"ME8"
"Montipora_capitata_HIv3___RNAseq.g4946.t1",1,0,0,0.0174093522945996,"Transient",5,0.760571650540807,"ME6"
"Montipora_capitata_HIv3___TS.g26653.t1",0,0,1,NA,NA,NA,NA,"ME7"
"Montipora_capitata_HIv3___RNAseq.g4949.t1",0,0,1,NA,NA,NA,NA,"ME8"
"Montipora_capitata_HIv3___TS.g26667.t4",2,0,0,3.68345225231179e-05,"Transient",5,0.511609406372873,"ME17"
"Montipora_capitata_HIv3___RNAseq.g4960.t1",1,1,0,NA,NA,NA,NA,"ME6"
"Montipora_capitata_HIv3___RNAseq.g4961.t2",0,1,0,0.000605021244503284,"Other",2,0.535573908686067,"ME24"
"Montipora_capitata_HIv3___RNAseq.g4964.t1",0,1,0,0.00695988586774596,"Monotonous",6,0.926522365711685,"ME8"
"Montipora_capitata_HIv3___RNAseq.g4977.t1",0,1,0,NA,NA,NA,NA,"ME17"
"Montipora_capitata_HIv3___TS.g26688.t1a",0,1,0,0.000292623814098258,"Transient",5,0.799439683180654,"ME6"
"Montipora_capitata_HIv3___RNAseq.g4985.t1",0,1,0,0.0236290476689198,"Other",2,0.651722808570203,"ME1"
"Montipora_capitata_HIv3___RNAseq.g4987.t1",0,1,0,NA,NA,NA,NA,"ME22"
"Montipora_capitata_HIv3___RNAseq.g4992.t1",1,0,1,NA,NA,NA,NA,"ME0"
"Montipora_capitata_HIv3___TS.g26701.t1",2,0,0,NA,NA,NA,NA,"ME6"
"Montipora_capitata_HIv3___RNAseq.g5001.t1",0,1,0,NA,NA,NA,NA,"ME15"
"Montipora_capitata_HIv3___RNAseq.g5003.t1",0,0,1,4.15774204090721e-06,"Monotonous",2,0.967739875755931,"ME1"
"Montipora_capitata_HIv3___RNAseq.g5004.t1",1,0,0,NA,NA,NA,NA,"ME1"
"Montipora_capitata_HIv3___RNAseq.g5005.t1",1,0,0,NA,NA,NA,NA,"ME28"
"Montipora_capitata_HIv3___RNAseq.g5006.t1",1,0,0,0.0331576747283775,"Transient",3,0.621976931468673,"ME1"
"Montipora_capitata_HIv3___RNAseq.g5008.t1",0,0,1,NA,NA,NA,NA,"ME9"
"Montipora_capitata_HIv3___RNAseq.g5013.t1",0,0,1,NA,NA,NA,NA,"ME5"
"Montipora_capitata_HIv3___RNAseq.g5020.t1",1,0,1,NA,NA,NA,NA,"ME1"
"Montipora_capitata_HIv3___TS.g26731.t1",0,1,1,NA,NA,NA,NA,"ME16"
"Montipora_capitata_HIv3___RNAseq.g5023.t1",1,0,0,NA,NA,NA,NA,"ME0"
"Montipora_capitata_HIv3___TS.g26734.t2",1,0,0,0.00586893223018494,"Other",NA,NA,"ME2"
"Montipora_capitata_HIv3___RNAseq.g5026.t1",0,2,0,NA,NA,NA,NA,"ME2"
"Montipora_capitata_HIv3___RNAseq.g5038.t1",0,1,0,NA,NA,NA,NA,"ME2"
"Montipora_capitata_HIv3___RNAseq.g5039.t1",0,1,0,0.00844952403386321,"Transient",NA,NA,"ME1"
"Montipora_capitata_HIv3___RNAseq.g5042.t1",1,0,0,NA,NA,NA,NA,"ME9"
"Montipora_capitata_HIv3___RNAseq.g5050.t1",1,0,1,NA,NA,NA,NA,"ME28"
"Montipora_capitata_HIv3___RNAseq.g5055.t1",1,0,0,NA,NA,NA,NA,"ME13"
"Montipora_capitata_HIv3___RNAseq.g5061.t1",0,1,0,NA,NA,NA,NA,"ME2"
"Montipora_capitata_HIv3___RNAseq.g5063.t1",0,1,0,NA,NA,NA,NA,"ME1"
"Montipora_capitata_HIv3___RNAseq.g5065.t1",1,0,0,0.0392188185352402,"Other",4,0.886076467207863,"ME3"
"Montipora_capitata_HIv3___RNAseq.g5066.t1",1,0,0,NA,NA,NA,NA,"ME7"
"Montipora_capitata_HIv3___RNAseq.g5067.t1",0,0,1,NA,NA,NA,NA,"ME0"
"Montipora_capitata_HIv3___RNAseq.g5071.t1",0,1,0,NA,NA,NA,NA,"ME21"
"Montipora_capitata_HIv3___RNAseq.g5083.t1",1,1,0,NA,NA,NA,NA,"ME1"
"Montipora_capitata_HIv3___RNAseq.g5088.t1",0,1,0,NA,NA,NA,NA,"ME2"
"Montipora_capitata_HIv3___RNAseq.g5091.t1",1,0,0,NA,NA,NA,NA,"ME2"
"Montipora_capitata_HIv3___RNAseq.g5097.t1",1,0,0,0.0119535826518167,"Transient",3,0.647808717751562,"ME1"
"Montipora_capitata_HIv3___RNAseq.g5099.t1",0,0,1,NA,NA,NA,NA,"ME0"
"Montipora_capitata_HIv3___RNAseq.601_t",1,0,0,NA,NA,NA,NA,"ME3"
"Montipora_capitata_HIv3___RNAseq.g5107.t1",1,1,0,NA,NA,NA,NA,"ME9"
"Montipora_capitata_HIv3___RNAseq.g5108.t1",0,2,0,NA,NA,NA,NA,"ME22"
"Montipora_capitata_HIv3___TS.g26817.t1b",0,0,1,NA,NA,NA,NA,"ME2"
"Montipora_capitata_HIv3___RNAseq.604_t",0,0,1,NA,NA,NA,NA,"ME15"
"Montipora_capitata_HIv3___RNAseq.g5113.t1",0,1,0,NA,NA,NA,NA,"ME3"
"Montipora_capitata_HIv3___RNAseq.g5117.t1",1,0,0,0.0167122287464252,"Other",6,0.673615109261598,"ME0"
"Montipora_capitata_HIv3___TS.g26829.t1",1,0,0,NA,NA,NA,NA,"ME0"
"Montipora_capitata_HIv3___RNAseq.g5118.t1",1,0,0,NA,NA,NA,NA,"ME5"
"Montipora_capitata_HIv3___RNAseq.g5123.t2",0,0,1,0.0227626649752501,"Monotonous",1,0.71564357056849,"ME8"
"Montipora_capitata_HIv3___RNAseq.g5124.t1",0,0,1,0.0122398940161492,"Transient",4,0.915719932757709,"ME7"
"Montipora_capitata_HIv3___RNAseq.g5126.t1",0,1,0,0.0450178653047536,"Other",2,0.691747801170364,"ME1"
"Montipora_capitata_HIv3___RNAseq.g5151.t1",1,0,0,NA,NA,NA,NA,"ME5"
"Montipora_capitata_HIv3___RNAseq.g5153.t1",1,0,0,NA,NA,NA,NA,"ME5"
"Montipora_capitata_HIv3___RNAseq.g5155.t1a",1,0,0,0.000625549490722294,"Transient",3,0.521905158416657,"ME1"
"Montipora_capitata_HIv3___RNAseq.g5155.t1b",0,2,1,NA,NA,NA,NA,"ME2"
"Montipora_capitata_HIv3___RNAseq.g5156.t1",1,0,0,NA,NA,NA,NA,"ME19"
"Montipora_capitata_HIv3___RNAseq.g5158.t1",0,1,0,NA,NA,NA,NA,"ME0"
"Montipora_capitata_HIv3___RNAseq.g5159.t1",0,0,1,2.0438683607922e-08,"Monotonous",1,0.979479451498795,"ME10"
"Montipora_capitata_HIv3___RNAseq.g5166.t1",0,1,0,NA,NA,NA,NA,"ME2"
"Montipora_capitata_HIv3___RNAseq.g5168.t1",0,0,1,NA,NA,NA,NA,"ME0"
"Montipora_capitata_HIv3___RNAseq.g5173.t1",0,1,0,NA,NA,NA,NA,"ME3"
"Montipora_capitata_HIv3___TS.g26904.t1",1,0,0,NA,NA,NA,NA,"ME8"
"Montipora_capitata_HIv3___RNAseq.g5189.t1",0,1,0,NA,NA,NA,NA,"ME0"
"Montipora_capitata_HIv3___TS.g26911.t1",0,0,1,NA,NA,NA,NA,"ME0"
"Montipora_capitata_HIv3___RNAseq.g5192.t1",1,0,0,3.18722231644431e-05,"Transient",NA,NA,"ME1"
"Montipora_capitata_HIv3___RNAseq.g5193.t1a",1,0,0,6.61315429025614e-05,"Monotonous",3,0.575392275887503,"ME1"
"Montipora_capitata_HIv3___RNAseq.g5198.t1",1,0,0,2.27161238668191e-08,"Transient",4,0.850728316414601,"ME6"
"Montipora_capitata_HIv3___RNAseq.g5199.t1",0,0,1,NA,NA,NA,NA,"ME7"
"Montipora_capitata_HIv3___RNAseq.g5200.t1",1,0,0,NA,NA,NA,NA,"ME4"
"Montipora_capitata_HIv3___RNAseq.g5201.t1",0,0,1,NA,NA,NA,NA,"ME0"
"Montipora_capitata_HIv3___RNAseq.g5202.t1",0,0,1,NA,NA,NA,NA,"ME0"
"Montipora_capitata_HIv3___RNAseq.g5203.t1",1,0,0,NA,NA,NA,NA,"ME11"
"Montipora_capitata_HIv3___RNAseq.g5204.t1",0,0,1,NA,NA,NA,NA,"ME7"
"Montipora_capitata_HIv3___TS.g26923.t1",0,0,1,NA,NA,NA,NA,"ME0"
"Montipora_capitata_HIv3___RNAseq.g5205.t1",0,0,1,NA,NA,NA,NA,"ME2"
"Montipora_capitata_HIv3___RNAseq.g5206.t1",0,0,1,NA,NA,NA,NA,"ME2"
"Montipora_capitata_HIv3___TS.g26924.t1",0,0,1,NA,NA,NA,NA,"ME0"
"Montipora_capitata_HIv3___TS.g26933.t2",1,0,0,NA,NA,NA,NA,"ME3"
"Montipora_capitata_HIv3___RNAseq.g5218.t1",1,0,1,NA,NA,NA,NA,"ME1"
"Montipora_capitata_HIv3___RNAseq.g5222.t1",2,0,0,NA,NA,NA,NA,"ME4"
"Montipora_capitata_HIv3___RNAseq.g5241.t1",0,0,1,NA,NA,NA,NA,"ME1"
"Montipora_capitata_HIv3___TS.g26961.t1",0,1,0,0.00532780227210322,"Other",2,0.511133975972603,"ME1"
"Montipora_capitata_HIv3___RNAseq.g5248.t1",1,0,0,NA,NA,NA,NA,"ME3"
"Montipora_capitata_HIv3___TS.g26975.t1",0,0,1,NA,NA,NA,NA,"ME4"
"Montipora_capitata_HIv3___RNAseq.g5263.t1b",0,1,0,NA,NA,NA,NA,"ME4"
"Montipora_capitata_HIv3___RNAseq.g5264.t1",0,0,1,7.4104589978767e-06,"Monotonous",1,0.594225866193866,"ME8"
"Montipora_capitata_HIv3___TS.g26987.t1",0,0,1,5.52008792467206e-05,"Monotonous",1,0.758476494850939,"ME3"
"Montipora_capitata_HIv3___RNAseq.g5270.t1",0,0,1,4.10030449259438e-10,"Monotonous",1,0.820473698757502,"ME4"
"Montipora_capitata_HIv3___TS.g26992.t1",0,0,1,2.38554531244041e-06,"Monotonous",1,0.690551535071417,"ME8"
"Montipora_capitata_HIv3___RNAseq.g5293.t1",1,0,0,NA,NA,NA,NA,"ME0"
"Montipora_capitata_HIv3___RNAseq.g5308.t1",0,1,0,NA,NA,NA,NA,"ME0"
"Montipora_capitata_HIv3___RNAseq.g5310.t1",0,1,0,NA,NA,NA,NA,"ME2"
"Montipora_capitata_HIv3___RNAseq.g5311.t1",0,1,0,NA,NA,NA,NA,"ME8"
"Montipora_capitata_HIv3___RNAseq.g5312.t1",2,0,1,NA,NA,NA,NA,"ME11"
"Montipora_capitata_HIv3___RNAseq.g5313.t1",0,1,0,NA,NA,NA,NA,"ME3"
"Montipora_capitata_HIv3___RNAseq.g5322.t1",0,1,0,NA,NA,NA,NA,"ME27"
"Montipora_capitata_HIv3___TS.g27051.t1",0,1,0,NA,NA,NA,NA,"ME8"
"Montipora_capitata_HIv3___TS.g27053.t1b",0,0,1,0.0433229831312349,"Other",5,0.508260806048671,"ME12"
"Montipora_capitata_HIv3___RNAseq.g5346.t1",0,1,0,0.0224128976350453,"Other",1,0.952807098370771,"ME8"
"Montipora_capitata_HIv3___RNAseq.g5355.t1",0,0,1,NA,NA,NA,NA,"ME22"
"Montipora_capitata_HIv3___RNAseq.g5367.t1",0,2,0,NA,NA,NA,NA,"ME7"
"Montipora_capitata_HIv3___RNAseq.g5368.t1",0,1,0,0.00671394342911342,"Transient",5,0.872015074877958,"ME3"
"Montipora_capitata_HIv3___RNAseq.g5369.t1",0,0,1,NA,NA,NA,NA,"ME18"
"Montipora_capitata_HIv3___RNAseq.g5370.t1",0,2,1,NA,NA,NA,NA,"ME2"
"Montipora_capitata_HIv3___RNAseq.g5371.t1",0,2,1,NA,NA,NA,NA,"ME3"
"Montipora_capitata_HIv3___RNAseq.g5372.t1",1,0,0,NA,NA,NA,NA,"ME2"
"Montipora_capitata_HIv3___RNAseq.g5373.t1c",1,0,0,NA,NA,NA,NA,"ME21"
"Montipora_capitata_HIv3___RNAseq.g5376.t1",0,1,0,NA,NA,NA,NA,"ME27"
"Montipora_capitata_HIv3___RNAseq.g5380.t1",0,0,1,0.00123430655185202,"Transient",3,0.601867794932889,"ME1"
"Montipora_capitata_HIv3___RNAseq.g5381.t1b",0,0,2,6.81593558602918e-06,"Monotonous",6,0.992939350066368,"ME9"
"Montipora_capitata_HIv3___RNAseq.g5381.t1a",1,0,0,NA,NA,NA,NA,"ME10"
"Montipora_capitata_HIv3___RNAseq.g5384.t1a",0,2,0,3.01402781216656e-09,"Monotonous",6,0.991890661424633,"ME9"
"Montipora_capitata_HIv3___RNAseq.g5387.t1",1,0,0,5.85469569665633e-07,"Monotonous",6,0.788819782998498,"ME9"
"Montipora_capitata_HIv3___RNAseq.g5388.t1c",2,0,0,0.0163310853294713,"Other",6,0.9369637564656,"ME9"
"Montipora_capitata_HIv3___RNAseq.g5390.t1",1,0,0,NA,NA,NA,NA,"ME4"
"Montipora_capitata_HIv3___RNAseq.g5391.t1",0,1,0,NA,NA,NA,NA,"ME1"
"Montipora_capitata_HIv3___TS.g27111.t1",0,0,1,NA,NA,NA,NA,"ME0"
"Montipora_capitata_HIv3___RNAseq.g5397.t1",1,0,1,NA,NA,NA,NA,"ME12"
"Montipora_capitata_HIv3___RNAseq.g5398.t1",1,0,1,0.00510888760205474,"Transient",3,0.624223629808065,"ME1"
"Montipora_capitata_HIv3___RNAseq.g5399.t1",1,0,0,0.00739781216966923,"Other",3,0.878841917818868,"ME15"
"Montipora_capitata_HIv3___RNAseq.g5408.t1",0,0,2,NA,NA,NA,NA,"ME6"
"Montipora_capitata_HIv3___RNAseq.g5411.t1",1,0,0,NA,NA,NA,NA,"ME18"
"Montipora_capitata_HIv3___RNAseq.g5412.t1",1,0,0,NA,NA,NA,NA,"ME0"
"Montipora_capitata_HIv3___RNAseq.g5424.t1",1,0,0,NA,NA,NA,NA,"ME3"
"Montipora_capitata_HIv3___RNAseq.g5426.t1",1,0,0,0.0118764419277673,"Monotonous",2,0.684824348818688,"ME1"
"Montipora_capitata_HIv3___RNAseq.g5427.t1",0,0,1,NA,NA,NA,NA,"ME9"
"Montipora_capitata_HIv3___RNAseq.g5437.t1",1,0,0,0.000486071385828311,"Monotonous",6,0.810916382619738,"ME3"
"Montipora_capitata_HIv3___RNAseq.g5439.t1",0,1,0,0.01034218437739,"Other",NA,NA,"ME4"
"Montipora_capitata_HIv3___RNAseq.g5440.t1",1,0,0,NA,NA,NA,NA,"ME3"
"Montipora_capitata_HIv3___RNAseq.g5441.t1",1,0,0,NA,NA,NA,NA,"ME0"
"Montipora_capitata_HIv3___RNAseq.g5445.t1",0,0,1,NA,NA,NA,NA,"ME19"
"Montipora_capitata_HIv3___RNAseq.g5448.t1",0,1,0,0.00169379992527558,"Other",1,0.528846766676893,"ME6"
"Montipora_capitata_HIv3___TS.g27176.t2",0,4,0,NA,NA,NA,NA,"ME9"
"Montipora_capitata_HIv3___TS.g27180.t3",0,0,1,NA,NA,NA,NA,"ME21"
"Montipora_capitata_HIv3___RNAseq.g5462.t1",0,0,1,3.3448562728703e-05,"Monotonous",3,0.766434239284403,"ME1"
"Montipora_capitata_HIv3___RNAseq.g5464.t1",1,0,0,NA,NA,NA,NA,"ME15"
"Montipora_capitata_HIv3___RNAseq.g5466.t1",1,0,0,NA,NA,NA,NA,"ME1"
"Montipora_capitata_HIv3___RNAseq.g5473.t1",1,1,0,0.000468862981701825,"Transient",3,0.518217825255246,"ME1"
"Montipora_capitata_HIv3___TS.g27195.t1",0,1,0,NA,NA,NA,NA,"ME2"
"Montipora_capitata_HIv3___TS.g27203.t1a",0,1,0,NA,NA,NA,NA,"ME7"
"Montipora_capitata_HIv3___TS.g27208.t1",0,1,0,0.046766414692124,"Other",3,0.616744217617337,"ME1"
"Montipora_capitata_HIv3___RNAseq.g5494.t1",0,0,1,NA,NA,NA,NA,"ME1"
"Montipora_capitata_HIv3___RNAseq.g5500.t1",0,1,1,NA,NA,NA,NA,"ME0"
"Montipora_capitata_HIv3___RNAseq.g5515.t1",0,1,0,0.00426888500974657,"Monotonous",1,0.556942202587603,"ME5"
"Montipora_capitata_HIv3___RNAseq.g5520.t2",0,1,0,0.0248218146420112,"Other",5,0.541237190912554,"ME6"
"Montipora_capitata_HIv3___RNAseq.g5523.t1",1,0,0,NA,NA,NA,NA,"ME9"
"Montipora_capitata_HIv3___RNAseq.g5527.t1",0,0,1,NA,NA,NA,NA,"ME0"
"Montipora_capitata_HIv3___RNAseq.g5532.t1",0,0,1,NA,NA,NA,NA,"ME0"
"Montipora_capitata_HIv3___TS.g27256.t2",1,0,0,NA,NA,NA,NA,"ME10"
"Montipora_capitata_HIv3___RNAseq.g5538.t1",1,0,0,0.0425699640688556,"Monotonous",6,0.952538341748358,"ME9"
"Montipora_capitata_HIv3___TS.g27262.t1",0,0,3,NA,NA,NA,NA,"ME3"
"Montipora_capitata_HIv3___RNAseq.g5545.t1",0,0,2,NA,NA,NA,NA,"ME1"
"Montipora_capitata_HIv3___RNAseq.g5546.t1",1,0,0,NA,NA,NA,NA,"ME0"
"Montipora_capitata_HIv3___RNAseq.1048_t",1,0,0,NA,NA,NA,NA,"ME24"
"Montipora_capitata_HIv3___RNAseq.g5551.t1",0,1,0,NA,NA,NA,NA,"ME1"
"Montipora_capitata_HIv3___TS.g27270.t1",0,0,2,NA,NA,NA,NA,"ME1"
"Montipora_capitata_HIv3___TS.g27278.t1",1,0,1,NA,NA,NA,NA,"ME0"
"Montipora_capitata_HIv3___RNAseq.g5560.t1",1,0,0,NA,NA,NA,NA,"ME1"
"Montipora_capitata_HIv3___RNAseq.g5677.t1",0,1,0,NA,NA,NA,NA,"ME0"
"Montipora_capitata_HIv3___RNAseq.g5687.t1",1,0,0,NA,NA,NA,NA,"ME0"
"Montipora_capitata_HIv3___RNAseq.g5764.t1",1,0,0,NA,NA,NA,NA,"ME1"
"Montipora_capitata_HIv3___RNAseq.g5818.t1",1,0,1,NA,NA,NA,NA,"ME4"
"Montipora_capitata_HIv3___RNAseq.g5878.t1",1,0,0,NA,NA,NA,NA,"ME0"
"Montipora_capitata_HIv3___RNAseq.g6002.t1",1,0,0,NA,NA,NA,NA,"ME11"
"Montipora_capitata_HIv3___RNAseq.g6038.t1",2,0,0,NA,NA,NA,NA,"ME0"
"Montipora_capitata_HIv3___RNAseq.g6040.t1",2,0,0,NA,NA,NA,NA,"ME0"
"Montipora_capitata_HIv3___RNAseq.g5620.t1",0,0,1,0.0131378915120667,"Other",2,0.939051783580246,"ME2"
"Montipora_capitata_HIv3___RNAseq.g5622.t1a",1,0,1,NA,NA,NA,NA,"ME12"
"Montipora_capitata_HIv3___RNAseq.g5624.t1",0,1,0,NA,NA,NA,NA,"ME2"
"Montipora_capitata_HIv3___RNAseq.g5651.t1",0,0,1,NA,NA,NA,NA,"ME2"
"Montipora_capitata_HIv3___RNAseq.g5672.t1",1,0,1,NA,NA,NA,NA,"ME4"
"Montipora_capitata_HIv3___TS.g27403.t1",0,1,0,NA,NA,NA,NA,"ME0"
"Montipora_capitata_HIv3___RNAseq.g5686.t1",1,0,0,NA,NA,NA,NA,"ME11"
"Montipora_capitata_HIv3___RNAseq.g5688.t1",1,0,0,NA,NA,NA,NA,"ME0"
"Montipora_capitata_HIv3___TS.g27422.t1a",0,0,1,NA,NA,NA,NA,"ME4"
"Montipora_capitata_HIv3___TS.g27433.t1",1,0,1,NA,NA,NA,NA,"ME1"
"Montipora_capitata_HIv3___RNAseq.g5735.t1",1,0,0,NA,NA,NA,NA,"ME16"
"Montipora_capitata_HIv3___RNAseq.g5737.t1",1,0,0,NA,NA,NA,NA,"ME21"
"Montipora_capitata_HIv3___RNAseq.g5745.t1",0,1,0,NA,NA,NA,NA,"ME0"
"Montipora_capitata_HIv3___TS.g27475.t1",0,1,0,NA,NA,NA,NA,"ME1"
"Montipora_capitata_HIv3___RNAseq.g5748.t1",1,0,0,NA,NA,NA,NA,"ME14"
"Montipora_capitata_HIv3___RNAseq.g5756.t1c",0,0,1,NA,NA,NA,NA,"ME2"
"Montipora_capitata_HIv3___RNAseq.g5758.t1",1,0,0,NA,NA,NA,NA,"ME3"
"Montipora_capitata_HIv3___TS.g27489.t1",0,1,0,0.00162300096681269,"Other",6,0.988851166364396,"ME9"
"Montipora_capitata_HIv3___RNAseq.g5772.t1",1,0,0,4.20294925966605e-05,"Monotonous",3,0.648384361524576,"ME1"
"Montipora_capitata_HIv3___RNAseq.g5775.t1",0,2,0,0.00125106419265817,"Transient",5,0.631447114656034,"ME3"
"Montipora_capitata_HIv3___RNAseq.g5779.t1",1,0,0,NA,NA,NA,NA,"ME3"
"Montipora_capitata_HIv3___RNAseq.g5780.t1",1,1,0,NA,NA,NA,NA,"ME0"
"Montipora_capitata_HIv3___RNAseq.g5782.t1",1,0,0,NA,NA,NA,NA,"ME1"
"Montipora_capitata_HIv3___RNAseq.g5791.t1",0,0,1,NA,NA,NA,NA,"ME0"
"Montipora_capitata_HIv3___RNAseq.g5800.t1",1,0,0,NA,NA,NA,NA,"ME8"
"Montipora_capitata_HIv3___TS.g27542.t1",1,0,0,NA,NA,NA,NA,"ME0"
"Montipora_capitata_HIv3___TS.g27549.t3",1,1,0,NA,NA,NA,NA,"ME7"
"Montipora_capitata_HIv3___RNAseq.g5816.t1",1,0,0,NA,NA,NA,NA,"ME1"
"Montipora_capitata_HIv3___RNAseq.g5817.t1",2,1,0,1.72431192801263e-06,"Transient",3,0.9802145276769,"ME1"
"Montipora_capitata_HIv3___RNAseq.g5838.t1",0,0,1,NA,NA,NA,NA,"ME30"
"Montipora_capitata_HIv3___RNAseq.g5852.t1",1,0,0,NA,NA,NA,NA,"ME0"
"Montipora_capitata_HIv3___RNAseq.g5861.t1",1,0,1,NA,NA,NA,NA,"ME13"
"Montipora_capitata_HIv3___TS.g27598.t1",0,0,1,NA,NA,NA,NA,"ME1"
"Montipora_capitata_HIv3___RNAseq.g5886.t1",0,0,1,NA,NA,NA,NA,"ME0"
"Montipora_capitata_HIv3___RNAseq.g5909.t1",1,0,0,NA,NA,NA,NA,"ME3"
"Montipora_capitata_HIv3___RNAseq.g5921.t1",0,1,0,NA,NA,NA,NA,"ME0"
"Montipora_capitata_HIv3___RNAseq.g5923.t1b",0,0,1,NA,NA,NA,NA,"ME28"
"Montipora_capitata_HIv3___TS.g27681.t1b",0,0,1,NA,NA,NA,NA,"ME27"
"Montipora_capitata_HIv3___TS.g27683.t1",0,0,1,NA,NA,NA,NA,"ME28"
"Montipora_capitata_HIv3___TS.g27692.t1",1,0,0,NA,NA,NA,NA,"ME11"
"Montipora_capitata_HIv3___RNAseq.g5958.t1",1,0,0,NA,NA,NA,NA,"ME7"
"Montipora_capitata_HIv3___RNAseq.g5968.t1",0,1,0,NA,NA,NA,NA,"ME3"
"Montipora_capitata_HIv3___RNAseq.g5969.t1",0,0,1,0.012443485340912,"Transient",3,0.636330873446868,"ME1"
"Montipora_capitata_HIv3___RNAseq.g5975.t1",0,0,1,NA,NA,NA,NA,"ME0"
"Montipora_capitata_HIv3___RNAseq.g5978.t1",1,0,0,NA,NA,NA,NA,"ME2"
"Montipora_capitata_HIv3___RNAseq.g5989.t1",2,0,0,NA,NA,NA,NA,"ME3"
"Montipora_capitata_HIv3___RNAseq.g5990.t1",1,0,0,0.000575616846522816,"Monotonous",1,0.80166322165014,"ME3"
"Montipora_capitata_HIv3___RNAseq.g6000.t1",0,1,0,NA,NA,NA,NA,"ME13"
"Montipora_capitata_HIv3___RNAseq.g6001.t2",1,0,0,NA,NA,NA,NA,"ME14"
"Montipora_capitata_HIv3___TS.g27767.t1",1,0,0,NA,NA,NA,NA,"ME0"
"Montipora_capitata_HIv3___RNAseq.g6431.t1",1,0,0,NA,NA,NA,NA,"ME0"
"Montipora_capitata_HIv3___RNAseq.g6515.t1a",1,0,1,NA,NA,NA,NA,"ME0"
"Montipora_capitata_HIv3___RNAseq.g6536.t1c",0,0,1,NA,NA,NA,NA,"ME0"
"Montipora_capitata_HIv3___RNAseq.g6536.t1a",1,0,0,NA,NA,NA,NA,"ME0"
"Montipora_capitata_HIv3___RNAseq.g6637.t1",0,1,0,NA,NA,NA,NA,"ME0"
"Montipora_capitata_HIv3___RNAseq.g6640.t1",0,1,0,NA,NA,NA,NA,"ME0"
"Montipora_capitata_HIv3___RNAseq.g7078.t1a",0,0,1,NA,NA,NA,NA,"ME4"
"Montipora_capitata_HIv3___RNAseq.g7250.t1",1,0,0,NA,NA,NA,NA,"ME4"
"Montipora_capitata_HIv3___RNAseq.g7412.t1",0,0,1,NA,NA,NA,NA,"ME0"
"Montipora_capitata_HIv3___RNAseq.g7537.t1",1,0,0,NA,NA,NA,NA,"ME0"
"Montipora_capitata_HIv3___RNAseq.g6140.t1",0,1,0,NA,NA,NA,NA,"ME1"
"Montipora_capitata_HIv3___RNAseq.g6143.t1",0,1,0,0.0239728627560542,"Other",4,0.59205713749891,"ME7"
"Montipora_capitata_HIv3___TS.g27890.t1",0,0,1,NA,NA,NA,NA,"ME2"
"Montipora_capitata_HIv3___TS.g27891.t1",1,0,0,NA,NA,NA,NA,"ME8"
"Montipora_capitata_HIv3___RNAseq.g6151.t1",0,1,0,NA,NA,NA,NA,"ME1"
"Montipora_capitata_HIv3___RNAseq.g6169.t1",1,0,0,NA,NA,NA,NA,"ME2"
"Montipora_capitata_HIv3___TS.g27918.t2",0,0,1,0.00143457970701231,"Transient",3,0.986239695353464,"ME1"
"Montipora_capitata_HIv3___RNAseq.g6174.t1",0,0,2,NA,NA,NA,NA,"ME2"
"Montipora_capitata_HIv3___RNAseq.g6181.t1",0,1,0,NA,NA,NA,NA,"ME2"
"Montipora_capitata_HIv3___TS.g27935.t1",0,1,0,NA,NA,NA,NA,"ME14"
"Montipora_capitata_HIv3___RNAseq.g6197.t1",1,1,0,NA,NA,NA,NA,"ME3"
"Montipora_capitata_HIv3___RNAseq.g6205.t1",0,0,1,NA,NA,NA,NA,"ME0"
"Montipora_capitata_HIv3___RNAseq.g6218.t1",2,0,1,NA,NA,NA,NA,"ME2"
"Montipora_capitata_HIv3___RNAseq.g6221.t1",3,0,0,NA,NA,NA,NA,"ME22"
"Montipora_capitata_HIv3___RNAseq.g6235.t1",1,0,0,NA,NA,NA,NA,"ME2"
"Montipora_capitata_HIv3___RNAseq.g6242.t1",2,0,0,NA,NA,NA,NA,"ME0"
"Montipora_capitata_HIv3___RNAseq.g6244.t1",0,2,0,0.0169431572379691,"Other",5,0.506967377424307,"ME0"
"Montipora_capitata_HIv3___TS.g27998.t3",1,0,0,NA,NA,NA,NA,"ME18"
"Montipora_capitata_HIv3___RNAseq.g6258.t1",1,0,0,NA,NA,NA,NA,"ME1"
"Montipora_capitata_HIv3___TS.g28009.t1",1,0,0,NA,NA,NA,NA,"ME3"
"Montipora_capitata_HIv3___TS.g28010.t1",1,0,0,NA,NA,NA,NA,"ME1"
"Montipora_capitata_HIv3___RNAseq.g6261.t1",0,1,0,NA,NA,NA,NA,"ME0"
"Montipora_capitata_HIv3___RNAseq.g6266.t1",1,0,0,1.18265672449651e-06,"Monotonous",2,0.92663358981443,"ME1"
"Montipora_capitata_HIv3___TS.g28020.t1",1,0,0,NA,NA,NA,NA,"ME5"
"Montipora_capitata_HIv3___RNAseq.g6293.t1",0,0,1,NA,NA,NA,NA,"ME25"
"Montipora_capitata_HIv3___RNAseq.g6298.t1",1,2,0,NA,NA,NA,NA,"ME30"
"Montipora_capitata_HIv3___RNAseq.g6305.t1",1,1,1,NA,NA,NA,NA,"ME2"
"Montipora_capitata_HIv3___RNAseq.g6310.t1",1,0,0,NA,NA,NA,NA,"ME3"
"Montipora_capitata_HIv3___RNAseq.g6325.t1",0,1,0,NA,NA,NA,NA,"ME8"
"Montipora_capitata_HIv3___RNAseq.g6326.t2",0,0,1,NA,NA,NA,NA,"ME3"
"Montipora_capitata_HIv3___RNAseq.g6330.t2",1,0,0,NA,NA,NA,NA,"ME0"
"Montipora_capitata_HIv3___RNAseq.g6332.t1",1,0,0,NA,NA,NA,NA,"ME4"
"Montipora_capitata_HIv3___TS.g28088.t1",0,0,2,NA,NA,NA,NA,"ME0"
"Montipora_capitata_HIv3___RNAseq.g6334.t2",0,1,1,NA,NA,NA,NA,"ME4"
"Montipora_capitata_HIv3___TS.g28112.t1",0,1,0,NA,NA,NA,NA,"ME11"
"Montipora_capitata_HIv3___TS.g28113.t1",0,2,0,NA,NA,NA,NA,"ME13"
"Montipora_capitata_HIv3___RNAseq.g6369.t1",1,0,0,0.0491802097089883,"Monotonous",2,0.707600654195759,"ME1"
"Montipora_capitata_HIv3___RNAseq.g6371.t1",1,0,0,2.49182556294927e-24,"Monotonous",1,0.900810788763707,"ME3"
"Montipora_capitata_HIv3___TS.g28129.t1",0,1,0,NA,NA,NA,NA,"ME5"
"Montipora_capitata_HIv3___RNAseq.g6372.t1",0,1,0,0.0110813397295953,"Other",4,0.827876554047281,"ME7"
"Montipora_capitata_HIv3___RNAseq.g6373.t1",0,1,0,NA,NA,NA,NA,"ME7"
"Montipora_capitata_HIv3___TS.g28166.t1",0,0,1,NA,NA,NA,NA,"ME4"
"Montipora_capitata_HIv3___RNAseq.2006_t",1,0,0,NA,NA,NA,NA,"ME14"
"Montipora_capitata_HIv3___RNAseq.g6409.t1",1,0,0,NA,NA,NA,NA,"ME2"
"Montipora_capitata_HIv3___RNAseq.g6411.t1",1,0,0,NA,NA,NA,NA,"ME3"
"Montipora_capitata_HIv3___TS.g28178.t1",1,0,0,NA,NA,NA,NA,"ME14"
"Montipora_capitata_HIv3___TS.g28183.t1",1,0,0,NA,NA,NA,NA,"ME5"
"Montipora_capitata_HIv3___TS.g28186.t1",0,0,1,NA,NA,NA,NA,"ME14"
"Montipora_capitata_HIv3___RNAseq.g6422.t1",0,0,1,NA,NA,NA,NA,"ME14"
"Montipora_capitata_HIv3___RNAseq.g6429.t1",0,1,0,0.0156384584009219,"Other",6,0.604432551867309,"ME0"
"Montipora_capitata_HIv3___RNAseq.g6430.t1",0,0,1,NA,NA,NA,NA,"ME4"
"Montipora_capitata_HIv3___RNAseq.g6432.t1",1,0,0,NA,NA,NA,NA,"ME3"
"Montipora_capitata_HIv3___TS.g28201.t2",1,0,0,NA,NA,NA,NA,"ME3"
"Montipora_capitata_HIv3___TS.g28207.t1a",1,0,0,0.00431275706455449,"Other",NA,NA,"ME3"
"Montipora_capitata_HIv3___TS.g28207.t1b",1,0,0,NA,NA,NA,NA,"ME1"
"Montipora_capitata_HIv3___TS.g28208.t1",0,0,1,NA,NA,NA,NA,"ME2"
"Montipora_capitata_HIv3___RNAseq.g6442.t1",0,1,0,NA,NA,NA,NA,"ME15"
"Montipora_capitata_HIv3___RNAseq.g6445.t1",1,1,0,NA,NA,NA,NA,"ME13"
"Montipora_capitata_HIv3___TS.g28218.t1",2,0,0,NA,NA,NA,NA,"ME19"
"Montipora_capitata_HIv3___RNAseq.g6449.t1",0,0,1,NA,NA,NA,NA,"ME8"
"Montipora_capitata_HIv3___RNAseq.g6454.t1",0,0,1,NA,NA,NA,NA,"ME3"
"Montipora_capitata_HIv3___RNAseq.g6456.t1",1,0,1,0.000469717681642026,"Monotonous",2,0.978027799828911,"ME1"
"Montipora_capitata_HIv3___TS.g28232.t1",1,0,1,NA,NA,NA,NA,"ME0"
"Montipora_capitata_HIv3___RNAseq.g6489.t1",1,0,0,NA,NA,NA,NA,"ME1"
"Montipora_capitata_HIv3___RNAseq.g6492.t1",1,1,1,NA,NA,NA,NA,"ME25"
"Montipora_capitata_HIv3___RNAseq.g6502.t1",0,0,1,NA,NA,NA,NA,"ME1"
"Montipora_capitata_HIv3___TS.g28278.t3",0,1,0,NA,NA,NA,NA,"ME2"
"Montipora_capitata_HIv3___RNAseq.g6507.t1",1,0,0,NA,NA,NA,NA,"ME3"
"Montipora_capitata_HIv3___RNAseq.g6508.t1",1,0,0,NA,NA,NA,NA,"ME6"
"Montipora_capitata_HIv3___TS.g28289.t1",1,0,0,NA,NA,NA,NA,"ME3"
"Montipora_capitata_HIv3___RNAseq.2127_t",1,0,0,NA,NA,NA,NA,"ME3"
"Montipora_capitata_HIv3___TS.g28295.t1",0,0,1,NA,NA,NA,NA,"ME3"
"Montipora_capitata_HIv3___TS.g28302.t1",0,0,1,NA,NA,NA,NA,"ME9"
"Montipora_capitata_HIv3___RNAseq.g6560.t1",1,0,0,NA,NA,NA,NA,"ME25"
"Montipora_capitata_HIv3___TS.g28338.t1",0,1,0,NA,NA,NA,NA,"ME3"
"Montipora_capitata_HIv3___RNAseq.g6575.t1b",1,1,0,0.0315145620698504,"Other",2,0.897292477697285,"ME20"
"Montipora_capitata_HIv3___RNAseq.g6575.t1a",1,0,0,NA,NA,NA,NA,"ME2"
"Montipora_capitata_HIv3___TS.g28365.t2",0,0,1,NA,NA,NA,NA,"ME1"
"Montipora_capitata_HIv3___RNAseq.g6599.t1",2,0,0,NA,NA,NA,NA,"ME7"
"Montipora_capitata_HIv3___RNAseq.g6601.t1",1,0,2,NA,NA,NA,NA,"ME4"
"Montipora_capitata_HIv3___TS.g28384.t1a",1,0,0,NA,NA,NA,NA,"ME2"
"Montipora_capitata_HIv3___RNAseq.g6616.t1",0,1,0,0.000118171437352182,"Transient",5,0.880392653144659,"ME29"
"Montipora_capitata_HIv3___RNAseq.g6617.t1",1,0,0,NA,NA,NA,NA,"ME3"
"Montipora_capitata_HIv3___RNAseq.g6618.t1",2,1,0,NA,NA,NA,NA,"ME6"
"Montipora_capitata_HIv3___RNAseq.g6621.t1",0,1,0,NA,NA,NA,NA,"ME4"
"Montipora_capitata_HIv3___RNAseq.g6635.t1",0,1,0,0.000339565041573118,"Monotonous",3,0.957030876503104,"ME1"
"Montipora_capitata_HIv3___RNAseq.g6636.t2",1,0,1,0.0439595737262563,"Transient",3,0.966835760636011,"ME1"
"Montipora_capitata_HIv3___RNAseq.g6643.t1",1,0,0,NA,NA,NA,NA,"ME1"
"Montipora_capitata_HIv3___RNAseq.g6649.t1",0,0,1,NA,NA,NA,NA,"ME13"
"Montipora_capitata_HIv3___RNAseq.g6650.t1",1,1,0,NA,NA,NA,NA,"ME2"
"Montipora_capitata_HIv3___TS.g28440.t1",1,0,0,NA,NA,NA,NA,"ME3"
"Montipora_capitata_HIv3___RNAseq.g6659.t1",2,1,0,NA,NA,NA,NA,"ME2"
"Montipora_capitata_HIv3___RNAseq.g6664.t1",0,0,1,NA,NA,NA,NA,"ME4"
"Montipora_capitata_HIv3___RNAseq.g6669.t1",1,0,0,NA,NA,NA,NA,"ME0"
"Montipora_capitata_HIv3___RNAseq.g6684.t1",0,1,0,NA,NA,NA,NA,"ME0"
"Montipora_capitata_HIv3___RNAseq.g6690.t1",0,0,1,NA,NA,NA,NA,"ME3"
"Montipora_capitata_HIv3___RNAseq.g6691.t1",1,0,1,NA,NA,NA,NA,"ME4"
"Montipora_capitata_HIv3___RNAseq.g6700.t1",2,0,0,NA,NA,NA,NA,"ME13"
"Montipora_capitata_HIv3___RNAseq.g6701.t1b",0,0,1,NA,NA,NA,NA,"ME3"
"Montipora_capitata_HIv3___RNAseq.2336_t",0,1,0,NA,NA,NA,NA,"ME2"
"Montipora_capitata_HIv3___RNAseq.g6709.t1",0,1,0,NA,NA,NA,NA,"ME2"
"Montipora_capitata_HIv3___TS.g28494.t2",0,1,0,0.00100108054255308,"Monotonous",2,0.612722076066674,"ME1"
"Montipora_capitata_HIv3___RNAseq.g6735.t1",1,0,0,NA,NA,NA,NA,"ME1"
"Montipora_capitata_HIv3___RNAseq.g6736.t2",0,0,1,NA,NA,NA,NA,"ME21"
"Montipora_capitata_HIv3___TS.g28520.t1",1,0,0,NA,NA,NA,NA,"ME1"
"Montipora_capitata_HIv3___RNAseq.g6740.t1",1,2,1,NA,NA,NA,NA,"ME5"
"Montipora_capitata_HIv3___RNAseq.g6743.t1",0,1,0,NA,NA,NA,NA,"ME3"
"Montipora_capitata_HIv3___RNAseq.g6744.t1",0,1,0,0.0176508591999251,"Monotonous",1,0.936189108528415,"ME3"
"Montipora_capitata_HIv3___TS.g28533.t1",1,0,0,0.00510596704190431,"Other",4,0.849756093996161,"ME19"
"Montipora_capitata_HIv3___TS.g28541.t1a",0,1,0,NA,NA,NA,NA,"ME28"
"Montipora_capitata_HIv3___RNAseq.g6764.t1",0,1,0,NA,NA,NA,NA,"ME16"
"Montipora_capitata_HIv3___RNAseq.g6766.t1",1,0,0,NA,NA,NA,NA,"ME0"
"Montipora_capitata_HIv3___RNAseq.g6767.t1",0,0,1,0.0244404691224035,"Other",NA,NA,"ME2"
"Montipora_capitata_HIv3___RNAseq.g6771.t1",0,1,0,0.00327971612669864,"Transient",4,0.846178797437391,"ME6"
"Montipora_capitata_HIv3___RNAseq.g6773.t1",0,1,0,NA,NA,NA,NA,"ME2"
"Montipora_capitata_HIv3___TS.g28557.t1",2,0,0,NA,NA,NA,NA,"ME6"
"Montipora_capitata_HIv3___TS.g28560.t1",1,0,0,0.0121245220721964,"Other",NA,NA,"ME2"
"Montipora_capitata_HIv3___RNAseq.g6786.t1",0,2,1,NA,NA,NA,NA,"ME11"
"Montipora_capitata_HIv3___RNAseq.g6795.t1",1,0,0,NA,NA,NA,NA,"ME1"
"Montipora_capitata_HIv3___RNAseq.g6800.t1",1,0,0,0.000219431054716261,"Transient",4,0.828544518455156,"ME3"
"Montipora_capitata_HIv3___RNAseq.g6801.t1",1,0,0,NA,NA,NA,NA,"ME27"
"Montipora_capitata_HIv3___RNAseq.g6802.t1",1,0,0,NA,NA,NA,NA,"ME18"
"Montipora_capitata_HIv3___TS.g28581.t1",1,1,0,8.49034821810024e-10,"Monotonous",1,0.953854096301456,"ME3"
"Montipora_capitata_HIv3___RNAseq.g6808.t1",0,0,1,NA,NA,NA,NA,"ME5"
"Montipora_capitata_HIv3___RNAseq.g6811.t2",1,0,0,8.613607547614e-06,"Transient",1,0.694446998690159,"ME10"
"Montipora_capitata_HIv3___RNAseq.g6813.t1",0,1,0,NA,NA,NA,NA,"ME0"
"Montipora_capitata_HIv3___RNAseq.g6816.t1",0,0,1,NA,NA,NA,NA,"ME25"
"Montipora_capitata_HIv3___RNAseq.2473_t",1,0,1,NA,NA,NA,NA,"ME1"
"Montipora_capitata_HIv3___RNAseq.g6829.t1",0,1,0,1.28395062688261e-05,"Transient",4,0.972665809774963,"ME7"
"Montipora_capitata_HIv3___TS.g28604.t1",0,1,0,NA,NA,NA,NA,"ME1"
"Montipora_capitata_HIv3___RNAseq.g6836.t1",0,0,1,NA,NA,NA,NA,"ME1"
"Montipora_capitata_HIv3___TS.g28608.t1",0,1,0,NA,NA,NA,NA,"ME0"
"Montipora_capitata_HIv3___RNAseq.g6841.t1c",2,0,0,0.00114352153558482,"Monotonous",NA,NA,"ME3"
"Montipora_capitata_HIv3___RNAseq.g6843.t1",0,1,0,NA,NA,NA,NA,"ME0"
"Montipora_capitata_HIv3___RNAseq.g6846.t1",0,1,0,NA,NA,NA,NA,"ME0"
"Montipora_capitata_HIv3___RNAseq.g6850.t1",0,1,0,NA,NA,NA,NA,"ME30"
"Montipora_capitata_HIv3___RNAseq.g6853.t1",1,0,0,NA,NA,NA,NA,"ME0"
"Montipora_capitata_HIv3___RNAseq.g6855.t1",1,0,0,NA,NA,NA,NA,"ME2"
"Montipora_capitata_HIv3___RNAseq.g6856.t1",0,1,0,NA,NA,NA,NA,"ME7"
"Montipora_capitata_HIv3___RNAseq.g6857.t1",1,0,0,NA,NA,NA,NA,"ME1"
"Montipora_capitata_HIv3___TS.g28630.t1",0,0,1,0.0413287606345746,"Other",NA,NA,"ME3"
"Montipora_capitata_HIv3___TS.g28638.t1",0,2,0,0.00197067839664699,"Transient",3,0.977541948231231,"ME1"
"Montipora_capitata_HIv3___TS.g28645.t1c",1,0,0,NA,NA,NA,NA,"ME2"
"Montipora_capitata_HIv3___RNAseq.g6892.t1",0,1,0,NA,NA,NA,NA,"ME2"
"Montipora_capitata_HIv3___RNAseq.g6898.t1",0,1,0,NA,NA,NA,NA,"ME26"
"Montipora_capitata_HIv3___RNAseq.g6910.t1",0,1,1,NA,NA,NA,NA,"ME7"
"Montipora_capitata_HIv3___TS.g28682.t1",0,1,0,NA,NA,NA,NA,"ME14"
"Montipora_capitata_HIv3___RNAseq.g6934.t1",1,0,0,NA,NA,NA,NA,"ME3"
"Montipora_capitata_HIv3___RNAseq.g6936.t1",1,0,0,4.17220604008464e-05,"Monotonous",6,0.944188060332819,"ME9"
"Montipora_capitata_HIv3___TS.g28710.t2",0,1,0,NA,NA,NA,NA,"ME1"
"Montipora_capitata_HIv3___RNAseq.g6939.t1",0,1,0,0.0281036759059469,"Other",4,0.946767632167969,"ME0"
"Montipora_capitata_HIv3___RNAseq.g6943.t1",1,0,0,NA,NA,NA,NA,"ME3"
"Montipora_capitata_HIv3___RNAseq.g6946.t1",0,0,1,6.10655332145829e-06,"Transient",4,0.922819977571204,"ME3"
"Montipora_capitata_HIv3___RNAseq.g6947.t1",0,0,1,NA,NA,NA,NA,"ME16"
"Montipora_capitata_HIv3___RNAseq.g6948.t1",1,1,0,NA,NA,NA,NA,"ME16"
"Montipora_capitata_HIv3___TS.g28723.t1",0,1,0,NA,NA,NA,NA,"ME11"
"Montipora_capitata_HIv3___RNAseq.g6952.t1",0,1,0,0.00239597218743395,"Transient",3,0.965195670420409,"ME1"
"Montipora_capitata_HIv3___TS.g28728.t1",0,1,0,NA,NA,NA,NA,"ME23"
"Montipora_capitata_HIv3___RNAseq.g6960.t1",1,0,0,NA,NA,NA,NA,"ME20"
"Montipora_capitata_HIv3___RNAseq.g6962.t1",0,1,0,0.000392396780327918,"Monotonous",NA,NA,"ME20"
"Montipora_capitata_HIv3___RNAseq.g6968.t1",0,0,2,NA,NA,NA,NA,"ME1"
"Montipora_capitata_HIv3___RNAseq.g6978.t1",1,2,0,0.0324261794786667,"Other",5,0.778719949123029,"ME4"
"Montipora_capitata_HIv3___RNAseq.g6985.t1b",1,0,0,NA,NA,NA,NA,"ME7"
"Montipora_capitata_HIv3___RNAseq.g6986.t2",0,2,0,NA,NA,NA,NA,"ME1"
"Montipora_capitata_HIv3___RNAseq.g6989.t1",1,0,0,NA,NA,NA,NA,"ME1"
"Montipora_capitata_HIv3___TS.g28759.t1",0,1,0,NA,NA,NA,NA,"ME1"
"Montipora_capitata_HIv3___RNAseq.g6993.t1",0,1,0,NA,NA,NA,NA,"ME0"
"Montipora_capitata_HIv3___RNAseq.g6999.t1",0,2,0,NA,NA,NA,NA,"ME8"
"Montipora_capitata_HIv3___TS.g28770.t1",0,0,1,NA,NA,NA,NA,"ME8"
"Montipora_capitata_HIv3___RNAseq.g7004.t1",1,2,0,NA,NA,NA,NA,"ME4"
"Montipora_capitata_HIv3___TS.g28782.t1",0,1,0,NA,NA,NA,NA,"ME4"
"Montipora_capitata_HIv3___TS.g28783.t2",1,1,1,2.91904578091937e-05,"Monotonous",1,0.945018266496108,"ME10"
"Montipora_capitata_HIv3___RNAseq.g7016.t1",0,1,0,7.95374070392235e-07,"Monotonous",1,0.907939805886002,"ME3"
"Montipora_capitata_HIv3___RNAseq.g7019.t1",0,1,0,0.0161363526693034,"Other",NA,NA,"ME1"
"Montipora_capitata_HIv3___TS.g28788.t1",0,1,0,NA,NA,NA,NA,"ME1"
"Montipora_capitata_HIv3___RNAseq.g7023.t1",0,0,1,NA,NA,NA,NA,"ME3"
"Montipora_capitata_HIv3___RNAseq.g7025.t1",0,1,0,0.048992942630346,"Other",1,0.743409841705442,"ME8"
"Montipora_capitata_HIv3___RNAseq.g7029.t1a",1,0,0,0.021175208124083,"Transient",6,0.594572827748782,"ME25"
"Montipora_capitata_HIv3___TS.g28799.t1",1,0,1,NA,NA,NA,NA,"ME25"
"Montipora_capitata_HIv3___TS.g28805.t1",0,1,0,NA,NA,NA,NA,"ME10"
"Montipora_capitata_HIv3___TS.g28807.t1",0,0,1,NA,NA,NA,NA,"ME4"
"Montipora_capitata_HIv3___TS.g28815.t1",0,1,0,0.0160760232184481,"Other",2,0.779792574599856,"ME2"
"Montipora_capitata_HIv3___RNAseq.g7061.t1a",0,1,0,NA,NA,NA,NA,"ME2"
"Montipora_capitata_HIv3___RNAseq.g7064.t1",0,1,0,NA,NA,NA,NA,"ME4"
"Montipora_capitata_HIv3___RNAseq.g7065.t1",0,2,0,NA,NA,NA,NA,"ME4"
"Montipora_capitata_HIv3___RNAseq.g7066.t1",0,0,1,NA,NA,NA,NA,"ME0"
"Montipora_capitata_HIv3___TS.g28840.t1",0,0,1,NA,NA,NA,NA,"ME6"
"Montipora_capitata_HIv3___RNAseq.g7068.t1",1,0,0,NA,NA,NA,NA,"ME2"
"Montipora_capitata_HIv3___RNAseq.g7080.t1",1,0,0,0.00616695067404723,"Other",NA,NA,"ME13"
"Montipora_capitata_HIv3___RNAseq.2757_t",1,0,0,NA,NA,NA,NA,"ME0"
"Montipora_capitata_HIv3___TS.g28855.t1",1,0,1,NA,NA,NA,NA,"ME13"
"Montipora_capitata_HIv3___RNAseq.g7090.t2",1,0,0,0.00422009834549529,"Transient",5,0.771370100904092,"ME6"
"Montipora_capitata_HIv3___RNAseq.g7098.t1",0,0,1,NA,NA,NA,NA,"ME15"
"Montipora_capitata_HIv3___TS.g28883.t1",0,1,0,NA,NA,NA,NA,"ME4"
"Montipora_capitata_HIv3___TS.g28889.t1",0,1,0,NA,NA,NA,NA,"ME2"
"Montipora_capitata_HIv3___TS.g28908.t1",1,0,0,NA,NA,NA,NA,"ME6"
"Montipora_capitata_HIv3___RNAseq.g7131.t1",1,0,0,NA,NA,NA,NA,"ME8"
"Montipora_capitata_HIv3___RNAseq.g7133.t1",1,0,0,NA,NA,NA,NA,"ME0"
"Montipora_capitata_HIv3___RNAseq.g7135.t1",0,0,1,NA,NA,NA,NA,"ME10"
"Montipora_capitata_HIv3___RNAseq.g7136.t1",0,0,1,NA,NA,NA,NA,"ME10"
"Montipora_capitata_HIv3___RNAseq.g7137.t1",0,1,0,NA,NA,NA,NA,"ME2"
"Montipora_capitata_HIv3___RNAseq.g7140.t1",3,0,0,NA,NA,NA,NA,"ME9"
"Montipora_capitata_HIv3___RNAseq.g7143.t1",0,1,0,NA,NA,NA,NA,"ME1"
"Montipora_capitata_HIv3___RNAseq.g7148.t1",1,0,0,NA,NA,NA,NA,"ME2"
"Montipora_capitata_HIv3___TS.g28928.t1",0,1,0,NA,NA,NA,NA,"ME5"
"Montipora_capitata_HIv3___RNAseq.g7152.t1",1,0,0,0.0407941862393151,"Monotonous",2,0.961787777721337,"ME1"
"Montipora_capitata_HIv3___TS.g28933.t2",1,0,0,0.00613242497454301,"Transient",NA,NA,"ME19"
"Montipora_capitata_HIv3___RNAseq.g7156.t1",0,1,0,NA,NA,NA,NA,"ME0"
"Montipora_capitata_HIv3___RNAseq.g7158.t1",0,1,0,NA,NA,NA,NA,"ME4"
"Montipora_capitata_HIv3___RNAseq.g7173.t1",0,0,1,NA,NA,NA,NA,"ME1"
"Montipora_capitata_HIv3___RNAseq.g7175.t1",0,0,1,0.0109626389834578,"Transient",4,0.769380922040256,"ME3"
"Montipora_capitata_HIv3___RNAseq.g7176.t1",1,0,0,NA,NA,NA,NA,"ME7"
"Montipora_capitata_HIv3___RNAseq.g7187.t1",0,0,1,NA,NA,NA,NA,"ME24"
"Montipora_capitata_HIv3___RNAseq.g7190.t1",0,1,0,NA,NA,NA,NA,"ME1"
"Montipora_capitata_HIv3___TS.g28977.t1b",2,0,0,NA,NA,NA,NA,"ME1"
"Montipora_capitata_HIv3___RNAseq.g7208.t1",1,0,0,NA,NA,NA,NA,"ME3"
"Montipora_capitata_HIv3___RNAseq.g7209.t1",0,0,1,NA,NA,NA,NA,"ME3"
"Montipora_capitata_HIv3___RNAseq.g7212.t1",0,1,0,NA,NA,NA,NA,"ME9"
"Montipora_capitata_HIv3___RNAseq.g7214.t1",1,0,0,NA,NA,NA,NA,"ME9"
"Montipora_capitata_HIv3___RNAseq.g7216.t1",0,0,1,NA,NA,NA,NA,"ME1"
"Montipora_capitata_HIv3___TS.g29000.t1",1,0,0,NA,NA,NA,NA,"ME1"
"Montipora_capitata_HIv3___RNAseq.g7220.t1",1,1,0,0.0458470232890717,"Other",NA,NA,"ME10"
"Montipora_capitata_HIv3___RNAseq.g7225.t1",1,0,0,NA,NA,NA,NA,"ME6"
"Montipora_capitata_HIv3___RNAseq.g7227.t1",1,0,0,0.000142834019884517,"Transient",4,0.860820451190255,"ME3"
"Montipora_capitata_HIv3___RNAseq.g7236.t1",1,0,0,0.0270734004055556,"Transient",NA,NA,"ME13"
"Montipora_capitata_HIv3___RNAseq.g7241.t1",0,2,0,2.72652322568891e-06,"Transient",3,0.879142940256276,"ME1"
"Montipora_capitata_HIv3___RNAseq.g7246.t1",1,0,1,NA,NA,NA,NA,"ME1"
"Montipora_capitata_HIv3___RNAseq.g7248.t1",2,0,0,NA,NA,NA,NA,"ME1"
"Montipora_capitata_HIv3___TS.g29038.t1",1,0,0,0.00353439643948747,"Transient",3,0.94068246624362,"ME26"
"Montipora_capitata_HIv3___RNAseq.g7256.t1",1,0,0,0.0018381370300468,"Other",2,0.508505261313823,"ME1"
"Montipora_capitata_HIv3___RNAseq.g7257.t1",1,0,1,0.0221560917549909,"Other",5,0.839883816021529,"ME7"
"Montipora_capitata_HIv3___RNAseq.g7258.t1",1,0,0,0.000697453488512743,"Transient",5,0.59364765829686,"ME3"
"Montipora_capitata_HIv3___RNAseq.g7261.t1",0,0,1,NA,NA,NA,NA,"ME15"
"Montipora_capitata_HIv3___RNAseq.g7262.t1",0,1,0,0.04614621167527,"Monotonous",2,0.77096418614188,"ME1"
"Montipora_capitata_HIv3___RNAseq.g7263.t1",0,0,1,NA,NA,NA,NA,"ME13"
"Montipora_capitata_HIv3___TS.g29049.t1",1,0,0,0.00825755904037233,"Other",5,0.688529270447927,"ME6"
"Montipora_capitata_HIv3___RNAseq.g7269.t1b",1,1,0,NA,NA,NA,NA,"ME13"
"Montipora_capitata_HIv3___TS.g29055.t1",1,0,0,NA,NA,NA,NA,"ME0"
"Montipora_capitata_HIv3___TS.g29057.t1",0,1,1,NA,NA,NA,NA,"ME19"
"Montipora_capitata_HIv3___TS.g29058.t1",0,1,0,NA,NA,NA,NA,"ME1"
"Montipora_capitata_HIv3___RNAseq.g7280.t1",1,0,0,NA,NA,NA,NA,"ME2"
"Montipora_capitata_HIv3___RNAseq.g7281.t1",1,0,0,NA,NA,NA,NA,"ME3"
"Montipora_capitata_HIv3___RNAseq.g7283.t1",0,1,0,NA,NA,NA,NA,"ME7"
"Montipora_capitata_HIv3___RNAseq.g7284.t2",1,0,1,NA,NA,NA,NA,"ME1"
"Montipora_capitata_HIv3___RNAseq.g7285.t1",1,1,0,0.0338367756501612,"Transient",3,0.873674012580887,"ME1"
"Montipora_capitata_HIv3___RNAseq.g7287.t1",0,0,1,NA,NA,NA,NA,"ME12"
"Montipora_capitata_HIv3___RNAseq.g7299.t1",0,0,1,3.37251088389653e-05,"Transient",5,0.886843147799543,"ME6"
"Montipora_capitata_HIv3___RNAseq.g7306.t1",0,0,1,NA,NA,NA,NA,"ME0"
"Montipora_capitata_HIv3___RNAseq.g7313.t1",1,0,0,0.00768812290587787,"Transient",3,0.969074509867729,"ME1"
"Montipora_capitata_HIv3___RNAseq.g7317.t1",0,0,2,NA,NA,NA,NA,"ME1"
"Montipora_capitata_HIv3___TS.g29102.t1",1,0,0,NA,NA,NA,NA,"ME2"
"Montipora_capitata_HIv3___RNAseq.g7329.t1",1,0,0,NA,NA,NA,NA,"ME2"
"Montipora_capitata_HIv3___RNAseq.g7338.t1",1,0,0,NA,NA,NA,NA,"ME2"
"Montipora_capitata_HIv3___TS.g29121.t1",0,1,0,NA,NA,NA,NA,"ME1"
"Montipora_capitata_HIv3___RNAseq.g7351.t1",0,0,1,0.0218735415461374,"Monotonous",1,0.567492929930166,"ME8"
"Montipora_capitata_HIv3___RNAseq.g7353.t1",1,0,0,NA,NA,NA,NA,"ME8"
"Montipora_capitata_HIv3___RNAseq.g7360.t1",0,1,0,NA,NA,NA,NA,"ME7"
"Montipora_capitata_HIv3___RNAseq.g7365.t1",1,0,0,0.00366195190129292,"Monotonous",3,0.608428394267332,"ME1"
"Montipora_capitata_HIv3___RNAseq.g7366.t1",1,0,0,0.0034787582854881,"Monotonous",3,0.595858165778833,"ME1"
"Montipora_capitata_HIv3___RNAseq.g7368.t1",0,0,1,NA,NA,NA,NA,"ME14"
"Montipora_capitata_HIv3___RNAseq.g7371.t1",1,0,0,0.00439263095248917,"Other",1,0.581621291209788,"ME5"
"Montipora_capitata_HIv3___RNAseq.g7375.t1",1,0,0,NA,NA,NA,NA,"ME19"
"Montipora_capitata_HIv3___RNAseq.g7378.t1",1,0,1,NA,NA,NA,NA,"ME3"
"Montipora_capitata_HIv3___RNAseq.g7380.t1",1,0,0,0.0228895531362393,"Monotonous",NA,NA,"ME0"
"Montipora_capitata_HIv3___RNAseq.g7382.t1",1,0,0,9.2021824072465e-07,"Monotonous",2,0.725841001211963,"ME1"
"Montipora_capitata_HIv3___RNAseq.g7384.t1",1,0,0,NA,NA,NA,NA,"ME3"
"Montipora_capitata_HIv3___RNAseq.g7388.t1",0,1,0,NA,NA,NA,NA,"ME11"
"Montipora_capitata_HIv3___TS.g29173.t1",1,0,0,0.0329788278738424,"Other",3,0.502240779111304,"ME1"
"Montipora_capitata_HIv3___RNAseq.g7392.t1",0,0,1,NA,NA,NA,NA,"ME11"
"Montipora_capitata_HIv3___RNAseq.g7395.t1",1,0,0,NA,NA,NA,NA,"ME4"
"Montipora_capitata_HIv3___RNAseq.g7396.t1",0,1,0,NA,NA,NA,NA,"ME19"
"Montipora_capitata_HIv3___RNAseq.g7400.t1",0,2,0,NA,NA,NA,NA,"ME13"
"Montipora_capitata_HIv3___RNAseq.g7403.t1",0,0,2,NA,NA,NA,NA,"ME0"
"Montipora_capitata_HIv3___RNAseq.g7405.t1",0,0,1,NA,NA,NA,NA,"ME1"
"Montipora_capitata_HIv3___RNAseq.g7409.t1",0,1,0,NA,NA,NA,NA,"ME1"
"Montipora_capitata_HIv3___RNAseq.g7413.t1",0,0,1,0.00885399742208029,"Transient",5,0.893088066005574,"ME3"
"Montipora_capitata_HIv3___RNAseq.g7416.t1",1,0,0,0.000640828799482191,"Transient",4,0.797209226271249,"ME3"
"Montipora_capitata_HIv3___RNAseq.3107_t",1,0,0,NA,NA,NA,NA,"ME1"
"Montipora_capitata_HIv3___RNAseq.g7423.t1",0,1,0,NA,NA,NA,NA,"ME7"
"Montipora_capitata_HIv3___RNAseq.g7426.t1",0,0,1,NA,NA,NA,NA,"ME0"
"Montipora_capitata_HIv3___RNAseq.g7429.t1",0,1,0,NA,NA,NA,NA,"ME3"
"Montipora_capitata_HIv3___TS.g29213.t2",0,1,1,NA,NA,NA,NA,"ME3"
"Montipora_capitata_HIv3___RNAseq.g7436.t1",1,0,0,NA,NA,NA,NA,"ME16"
"Montipora_capitata_HIv3___TS.g29220.t1",0,1,0,NA,NA,NA,NA,"ME4"
"Montipora_capitata_HIv3___RNAseq.g7443.t1",0,1,0,NA,NA,NA,NA,"ME1"
"Montipora_capitata_HIv3___TS.g29226.t1",0,0,1,NA,NA,NA,NA,"ME3"
"Montipora_capitata_HIv3___TS.g29227.t1",0,0,1,NA,NA,NA,NA,"ME2"
"Montipora_capitata_HIv3___TS.g29230.t1",0,0,1,NA,NA,NA,NA,"ME1"
"Montipora_capitata_HIv3___RNAseq.g7450.t1",0,1,0,0.0098602435432714,"Monotonous",3,0.560812215530675,"ME1"
"Montipora_capitata_HIv3___RNAseq.g7453.t1",0,0,1,0.00132864714241705,"Monotonous",1,0.787026995936301,"ME25"
"Montipora_capitata_HIv3___RNAseq.g7454.t1",0,1,0,0.00172592050370299,"Monotonous",1,0.875993020867831,"ME25"
"Montipora_capitata_HIv3___RNAseq.g7460.t1",1,1,0,NA,NA,NA,NA,"ME2"
"Montipora_capitata_HIv3___RNAseq.g7463.t1",1,0,0,0.0414925012426626,"Other",4,0.713835783216843,"ME2"
"Montipora_capitata_HIv3___RNAseq.g7477.t1",0,0,1,NA,NA,NA,NA,"ME8"
"Montipora_capitata_HIv3___RNAseq.g7479.t1",2,0,0,0.000905089317832103,"Other",4,0.900027726247138,"ME0"
"Montipora_capitata_HIv3___RNAseq.g7481.t1",0,3,0,NA,NA,NA,NA,"ME1"
"Montipora_capitata_HIv3___RNAseq.g7483.t1",1,0,0,NA,NA,NA,NA,"ME0"
"Montipora_capitata_HIv3___RNAseq.g7488.t2",1,0,1,NA,NA,NA,NA,"ME5"
"Montipora_capitata_HIv3___RNAseq.g7492.t1",0,0,1,NA,NA,NA,NA,"ME1"
"Montipora_capitata_HIv3___RNAseq.g7496.t1",1,0,1,0.00313885550890527,"Monotonous",NA,NA,"ME3"
"Montipora_capitata_HIv3___TS.g29289.t1",1,0,0,NA,NA,NA,NA,"ME0"
"Montipora_capitata_HIv3___RNAseq.g7509.t1",1,0,0,NA,NA,NA,NA,"ME1"
"Montipora_capitata_HIv3___TS.g29299.t3",1,0,0,NA,NA,NA,NA,"ME20"
"Montipora_capitata_HIv3___RNAseq.g7517.t1",1,0,0,1.89873924925583e-05,"Transient",4,0.83505109580419,"ME3"
"Montipora_capitata_HIv3___TS.g29302.t1",1,0,0,NA,NA,NA,NA,"ME21"
"Montipora_capitata_HIv3___TS.g29312.t1",1,0,0,NA,NA,NA,NA,"ME4"
"Montipora_capitata_HIv3___RNAseq.g7530.t1",0,2,0,NA,NA,NA,NA,"ME3"
"Montipora_capitata_HIv3___RNAseq.g7533.t1",0,0,1,NA,NA,NA,NA,"ME2"
"Montipora_capitata_HIv3___RNAseq.g9932.t1",0,0,1,NA,NA,NA,NA,"ME0"
"Montipora_capitata_HIv3___RNAseq.g9918.t1",2,0,1,NA,NA,NA,NA,"ME0"
"Montipora_capitata_HIv3___RNAseq.g9930.t1",0,1,0,NA,NA,NA,NA,"ME11"
"Montipora_capitata_HIv3___RNAseq.g10039.t1",0,0,1,NA,NA,NA,NA,"ME3"
"Montipora_capitata_HIv3___RNAseq.g10006.t1",0,0,1,NA,NA,NA,NA,"ME0"
"Montipora_capitata_HIv3___RNAseq.g9995.t1",0,2,0,NA,NA,NA,NA,"ME22"
"Montipora_capitata_HIv3___RNAseq.g9996.t1",0,2,0,NA,NA,NA,NA,"ME2"
"Montipora_capitata_HIv3___RNAseq.g10098.t1",0,1,0,NA,NA,NA,NA,"ME11"
"Montipora_capitata_HIv3___RNAseq.g10150.t1",1,0,0,NA,NA,NA,NA,"ME5"
"Montipora_capitata_HIv3___TS.g43060.t1",1,0,0,NA,NA,NA,NA,"ME0"
"Montipora_capitata_HIv3___RNAseq.g10082.t1",0,0,1,NA,NA,NA,NA,"ME0"
"Montipora_capitata_HIv3___TS.g42968.t1",0,0,1,0.0114735606763781,"Other",4,0.838162148369852,"ME17"
"Montipora_capitata_HIv3___RNAseq.g10162.t1",0,1,0,NA,NA,NA,NA,"ME5"
"Montipora_capitata_HIv3___TS.g42973.t1",1,2,0,NA,NA,NA,NA,"ME2"
"Montipora_capitata_HIv3___RNAseq.g10165.t1",0,1,0,NA,NA,NA,NA,"ME6"
"Montipora_capitata_HIv3___RNAseq.g10166.t1",1,0,0,NA,NA,NA,NA,"ME0"
"Montipora_capitata_HIv3___RNAseq.g10193.t1",1,0,0,NA,NA,NA,NA,"ME7"
"Montipora_capitata_HIv3___TS.g43012.t1",1,0,0,0.0242499518722771,"Monotonous",1,0.705177509987297,"ME29"
"Montipora_capitata_HIv3___RNAseq.g10242.t1",1,0,1,NA,NA,NA,NA,"ME3"
"Montipora_capitata_HIv3___RNAseq.g10271.t3",0,1,1,0.000985517528746279,"Monotonous",6,0.664643243791929,"ME8"
"Montipora_capitata_HIv3___RNAseq.g10275.t1",0,1,0,NA,NA,NA,NA,"ME6"
"Montipora_capitata_HIv3___RNAseq.g10276.t1",1,1,0,0.0134791722095319,"Other",3,0.536554834557867,"ME19"
"Montipora_capitata_HIv3___RNAseq.g10277.t1b",1,0,0,NA,NA,NA,NA,"ME28"
"Montipora_capitata_HIv3___TS.g43109.t1",1,0,0,0.00688255330848494,"Other",NA,NA,"ME3"
"Montipora_capitata_HIv3___RNAseq.g10313.t1",1,0,0,NA,NA,NA,NA,"ME0"
"Montipora_capitata_HIv3___RNAseq.g10320.t1",1,0,0,0.0327828203023791,"Monotonous",6,0.960804618198024,"ME9"
"Montipora_capitata_HIv3___RNAseq.5004_t",1,0,0,8.6386134403681e-08,"Monotonous",1,0.966573557972226,"ME3"
"Montipora_capitata_HIv3___RNAseq.g10323.t1",1,0,0,1.16175608806336e-07,"Monotonous",1,0.965977195903824,"ME3"
"Montipora_capitata_HIv3___RNAseq.g10324.t1",1,0,0,0.0143875839844211,"Other",3,0.754010687320097,"ME1"
"Montipora_capitata_HIv3___RNAseq.g10325.t1",1,0,0,NA,NA,NA,NA,"ME1"
"Montipora_capitata_HIv3___TS.g43177.t1",0,1,0,NA,NA,NA,NA,"ME0"
"Montipora_capitata_HIv3___RNAseq.g10404.t1",0,0,1,NA,NA,NA,NA,"ME0"
"Montipora_capitata_HIv3___RNAseq.g10346.t1c",0,1,0,NA,NA,NA,NA,"ME12"
"Montipora_capitata_HIv3___RNAseq.5043_t",1,0,0,1.33306293323421e-07,"Monotonous",1,0.975153167615881,"ME25"
"Montipora_capitata_HIv3___RNAseq.g10352.t1",1,0,2,NA,NA,NA,NA,"ME5"
"Montipora_capitata_HIv3___RNAseq.g10355.t1",1,0,0,NA,NA,NA,NA,"ME0"
"Montipora_capitata_HIv3___RNAseq.g10356.t1",0,0,1,NA,NA,NA,NA,"ME5"
"Montipora_capitata_HIv3___TS.g43170.t2",0,1,0,0.0434132625495213,"Monotonous",1,0.86611250421034,"ME10"
"Montipora_capitata_HIv3___TS.g43179.t1",0,0,1,NA,NA,NA,NA,"ME1"
"Montipora_capitata_HIv3___RNAseq.g10378.t1",0,1,0,NA,NA,NA,NA,"ME7"
"Montipora_capitata_HIv3___RNAseq.g10385.t1",1,0,1,NA,NA,NA,NA,"ME30"
"Montipora_capitata_HIv3___RNAseq.g10389.t1",0,1,1,NA,NA,NA,NA,"ME2"
"Montipora_capitata_HIv3___TS.g43201.t2",0,0,1,NA,NA,NA,NA,"ME6"
"Montipora_capitata_HIv3___TS.g43202.t1",0,2,0,NA,NA,NA,NA,"ME8"
"Montipora_capitata_HIv3___TS.g43204.t1",0,0,1,NA,NA,NA,NA,"ME4"
"Montipora_capitata_HIv3___RNAseq.g10410.t1",1,0,1,3.32709902757495e-17,"Transient",5,0.802890121991035,"ME3"
"Montipora_capitata_HIv3___RNAseq.g10428.t2",1,2,0,NA,NA,NA,NA,"ME4"
"Montipora_capitata_HIv3___TS.g43248.t1",1,0,0,0.00541842176114151,"Other",1,0.921407245476659,"ME10"
"Montipora_capitata_HIv3___TS.g43250.t1",0,1,0,NA,NA,NA,NA,"ME0"
"Montipora_capitata_HIv3___TS.g43470.t1",1,0,0,NA,NA,NA,NA,"ME0"
"Montipora_capitata_HIv3___RNAseq.g10644.t1",0,1,0,NA,NA,NA,NA,"ME4"
"Montipora_capitata_HIv3___RNAseq.g10710.t1",0,1,0,NA,NA,NA,NA,"ME7"
"Montipora_capitata_HIv3___RNAseq.g10568.t1",1,0,0,NA,NA,NA,NA,"ME0"
"Montipora_capitata_HIv3___RNAseq.g10436.t1",1,0,0,NA,NA,NA,NA,"ME0"
"Montipora_capitata_HIv3___RNAseq.g10439.t1",0,1,0,0.0184013610756483,"Other",6,0.953784970421858,"ME9"
"Montipora_capitata_HIv3___RNAseq.g10442.t1",0,0,1,0.00925484861065955,"Other",3,0.56665506333788,"ME1"
"Montipora_capitata_HIv3___RNAseq.g10443.t1",0,0,1,NA,NA,NA,NA,"ME13"
"Montipora_capitata_HIv3___RNAseq.g10445.t1",1,0,0,NA,NA,NA,NA,"ME3"
"Montipora_capitata_HIv3___RNAseq.g10447.t2",0,3,0,NA,NA,NA,NA,"ME13"
"Montipora_capitata_HIv3___RNAseq.g10449.t1",1,0,0,NA,NA,NA,NA,"ME0"
"Montipora_capitata_HIv3___RNAseq.g10457.t1",1,0,0,NA,NA,NA,NA,"ME2"
"Montipora_capitata_HIv3___TS.g43280.t1",1,0,0,0.000462710589811278,"Monotonous",5,0.826849374091203,"ME3"
"Montipora_capitata_HIv3___TS.g43291.t1",1,0,0,NA,NA,NA,NA,"ME1"
"Montipora_capitata_HIv3___RNAseq.g10479.t1",0,0,1,NA,NA,NA,NA,"ME4"
"Montipora_capitata_HIv3___RNAseq.g10483.t1",0,0,1,NA,NA,NA,NA,"ME6"
"Montipora_capitata_HIv3___TS.g43309.t3",0,0,1,NA,NA,NA,NA,"ME8"
"Montipora_capitata_HIv3___RNAseq.g10501.t1",1,0,0,NA,NA,NA,NA,"ME0"
"Montipora_capitata_HIv3___RNAseq.g10694.t2c",1,0,0,NA,NA,NA,NA,"ME0"
"Montipora_capitata_HIv3___TS.g43522.t1",0,1,0,NA,NA,NA,NA,"ME0"
"Montipora_capitata_HIv3___RNAseq.g10693.t1",1,0,0,NA,NA,NA,NA,"ME0"
"Montipora_capitata_HIv3___RNAseq.g10709.t1",0,2,0,NA,NA,NA,NA,"ME7"
"Montipora_capitata_HIv3___RNAseq.g8979.t1",0,1,0,NA,NA,NA,NA,"ME0"
"Montipora_capitata_HIv3___RNAseq.g9069.t1",1,0,0,NA,NA,NA,NA,"ME4"
"Montipora_capitata_HIv3___RNAseq.g9318.t1",0,1,0,NA,NA,NA,NA,"ME0"
"Montipora_capitata_HIv3___RNAseq.g9320.t1",0,1,0,NA,NA,NA,NA,"ME0"
"Montipora_capitata_HIv3___TS.g42240.t1",0,1,0,NA,NA,NA,NA,"ME18"
"Montipora_capitata_HIv3___RNAseq.g9468.t1",1,0,0,NA,NA,NA,NA,"ME1"
"Montipora_capitata_HIv3___RNAseq.g9469.t1",0,0,2,NA,NA,NA,NA,"ME1"
"Montipora_capitata_HIv3___RNAseq.g9728.t1",1,0,0,NA,NA,NA,NA,"ME4"
"Montipora_capitata_HIv3___RNAseq.g9741.t1",1,0,0,NA,NA,NA,NA,"ME0"
"Montipora_capitata_HIv3___RNAseq.g9744.t1",1,0,0,NA,NA,NA,NA,"ME0"
"Montipora_capitata_HIv3___TS.g42616.t1",1,0,0,NA,NA,NA,NA,"ME1"
"Montipora_capitata_HIv3___TS.g42656.t1",1,0,0,NA,NA,NA,NA,"ME4"
"Montipora_capitata_HIv3___TS.g42657.t1",0,0,1,NA,NA,NA,NA,"ME4"
"Montipora_capitata_HIv3___TS.g41457.t1",1,0,0,NA,NA,NA,NA,"ME1"
"Montipora_capitata_HIv3___TS.g41462.t1",1,0,0,NA,NA,NA,NA,"ME4"
"Montipora_capitata_HIv3___TS.g41467.t3",0,2,0,NA,NA,NA,NA,"ME1"
"Montipora_capitata_HIv3___RNAseq.3253_t",0,0,1,NA,NA,NA,NA,"ME12"
"Montipora_capitata_HIv3___RNAseq.g8678.t1",0,1,0,NA,NA,NA,NA,"ME2"
"Montipora_capitata_HIv3___RNAseq.g8688.t1",0,1,0,NA,NA,NA,NA,"ME3"
"Montipora_capitata_HIv3___RNAseq.g8689.t1",1,1,0,NA,NA,NA,NA,"ME16"
"Montipora_capitata_HIv3___RNAseq.g8690.t1",1,0,1,NA,NA,NA,NA,"ME16"
"Montipora_capitata_HIv3___RNAseq.g8699.t1",0,1,0,NA,NA,NA,NA,"ME2"
"Montipora_capitata_HIv3___RNAseq.g8700.t1",0,1,0,NA,NA,NA,NA,"ME8"
"Montipora_capitata_HIv3___RNAseq.g8708.t1",1,0,0,NA,NA,NA,NA,"ME15"
"Montipora_capitata_HIv3___RNAseq.g8710.t1",0,1,1,NA,NA,NA,NA,"ME1"
"Montipora_capitata_HIv3___TS.g41518.t1",1,0,1,NA,NA,NA,NA,"ME9"
"Montipora_capitata_HIv3___TS.g41538.t1b",1,0,0,0.0210755660060713,"Transient",4,0.753794027461087,"ME19"
"Montipora_capitata_HIv3___RNAseq.g8745.t1",0,1,0,0.0295950025761908,"Transient",5,0.815661907690359,"ME3"
"Montipora_capitata_HIv3___TS.g41564.t1",0,2,0,NA,NA,NA,NA,"ME11"
"Montipora_capitata_HIv3___RNAseq.g8760.t1",1,1,0,0.0383495261250062,"Monotonous",2,0.633476858001304,"ME1"
"Montipora_capitata_HIv3___RNAseq.g8761.t1",1,1,0,NA,NA,NA,NA,"ME2"
"Montipora_capitata_HIv3___RNAseq.g8765.t1",0,1,1,NA,NA,NA,NA,"ME4"
"Montipora_capitata_HIv3___RNAseq.g8766.t1",1,0,0,0.012021234905993,"Monotonous",3,0.934802968318632,"ME18"
"Montipora_capitata_HIv3___RNAseq.g8767.t1",0,0,1,NA,NA,NA,NA,"ME1"
"Montipora_capitata_HIv3___TS.g41573.t1",0,1,0,0.00950659508141584,"Other",6,0.786973775091036,"ME9"
"Montipora_capitata_HIv3___RNAseq.g8771.t1",0,2,0,NA,NA,NA,NA,"ME6"
"Montipora_capitata_HIv3___RNAseq.g8774.t2",0,0,1,NA,NA,NA,NA,"ME6"
"Montipora_capitata_HIv3___RNAseq.g8775.t1",0,0,1,0.000243964609670763,"Transient",5,0.634972493527634,"ME3"
"Montipora_capitata_HIv3___RNAseq.g8776.t1",0,0,1,NA,NA,NA,NA,"ME15"
"Montipora_capitata_HIv3___TS.g41586.t1",1,0,0,NA,NA,NA,NA,"ME2"
"Montipora_capitata_HIv3___TS.g41591.t1",0,0,1,NA,NA,NA,NA,"ME0"
"Montipora_capitata_HIv3___RNAseq.g8789.t1",1,0,0,0.0143519088701906,"Transient",4,0.80757359390501,"ME3"
"Montipora_capitata_HIv3___RNAseq.g8790.t1",1,0,0,NA,NA,NA,NA,"ME21"
"Montipora_capitata_HIv3___RNAseq.g8801.t1",1,2,0,0.000142307259603335,"Transient",5,0.509021420663698,"ME6"
"Montipora_capitata_HIv3___RNAseq.g8803.t1",0,1,0,NA,NA,NA,NA,"ME21"
"Montipora_capitata_HIv3___RNAseq.g8812.t1",1,0,1,NA,NA,NA,NA,"ME9"
"Montipora_capitata_HIv3___TS.g41634.t1",1,0,0,NA,NA,NA,NA,"ME26"
"Montipora_capitata_HIv3___RNAseq.g8828.t1",0,1,0,NA,NA,NA,NA,"ME26"
"Montipora_capitata_HIv3___RNAseq.g8833.t1",0,0,1,NA,NA,NA,NA,"ME8"
"Montipora_capitata_HIv3___RNAseq.g8837.t1",1,0,0,NA,NA,NA,NA,"ME4"
"Montipora_capitata_HIv3___RNAseq.g8838.t1",1,0,0,NA,NA,NA,NA,"ME0"
"Montipora_capitata_HIv3___RNAseq.g8840.t1",0,0,1,NA,NA,NA,NA,"ME27"
"Montipora_capitata_HIv3___TS.g41654.t1",1,0,0,NA,NA,NA,NA,"ME2"
"Montipora_capitata_HIv3___RNAseq.g8851.t1",1,0,0,NA,NA,NA,NA,"ME2"
"Montipora_capitata_HIv3___RNAseq.g8853.t1",0,0,1,0.0046084901161614,"Transient",4,0.84129739636287,"ME7"
"Montipora_capitata_HIv3___RNAseq.g8854.t1",1,0,1,0.014228899860936,"Transient",4,0.823886254200629,"ME3"
"Montipora_capitata_HIv3___RNAseq.g8855.t1",1,0,0,NA,NA,NA,NA,"ME13"
"Montipora_capitata_HIv3___RNAseq.g8858.t1",1,1,0,NA,NA,NA,NA,"ME11"
"Montipora_capitata_HIv3___RNAseq.g8859.t1",0,2,0,NA,NA,NA,NA,"ME0"
"Montipora_capitata_HIv3___RNAseq.g8861.t1",1,0,0,0.00138286211555967,"Monotonous",2,0.852358346132309,"ME20"
"Montipora_capitata_HIv3___RNAseq.g8862.t1",1,0,0,0.000360905854030262,"Transient",2,0.643035449823673,"ME20"
"Montipora_capitata_HIv3___TS.g41673.t1",1,0,0,0.0448268691758434,"Other",6,0.60071987346198,"ME2"
"Montipora_capitata_HIv3___RNAseq.g8868.t1",0,2,0,0.00179141500369863,"Other",2,0.667519390731554,"ME2"
"Montipora_capitata_HIv3___RNAseq.g8870.t1",2,1,0,NA,NA,NA,NA,"ME6"
"Montipora_capitata_HIv3___RNAseq.3466_t",2,0,0,NA,NA,NA,NA,"ME7"
"Montipora_capitata_HIv3___RNAseq.g8872.t2",0,1,0,0.00734326481128246,"Monotonous",1,0.936059362832418,"ME3"
"Montipora_capitata_HIv3___TS.g41680.t2",0,1,0,NA,NA,NA,NA,"ME19"
"Montipora_capitata_HIv3___RNAseq.g8875.t1",0,1,0,NA,NA,NA,NA,"ME16"
"Montipora_capitata_HIv3___RNAseq.g8877.t1",0,0,1,0.00028438463744742,"Transient",3,0.622279776475394,"ME13"
"Montipora_capitata_HIv3___RNAseq.g8878.t1",0,0,1,NA,NA,NA,NA,"ME7"
"Montipora_capitata_HIv3___RNAseq.g8880.t2",0,0,1,NA,NA,NA,NA,"ME3"
"Montipora_capitata_HIv3___TS.g41690.t1a",0,0,1,NA,NA,NA,NA,"ME9"
"Montipora_capitata_HIv3___RNAseq.g8896.t1",0,0,1,NA,NA,NA,NA,"ME1"
"Montipora_capitata_HIv3___RNAseq.g8897.t1",1,0,0,NA,NA,NA,NA,"ME7"
"Montipora_capitata_HIv3___RNAseq.g8898.t1",1,1,0,0.000258437384281205,"Transient",4,0.5332390999814,"ME28"
"Montipora_capitata_HIv3___RNAseq.g8899.t1",2,0,0,0.00122529368138564,"Monotonous",2,0.776243435378488,"ME1"
"Montipora_capitata_HIv3___RNAseq.g8900.t1",2,0,0,3.22249953967392e-09,"Transient",NA,NA,"ME0"
"Montipora_capitata_HIv3___RNAseq.g8905.t1",1,0,0,NA,NA,NA,NA,"ME6"
"Montipora_capitata_HIv3___RNAseq.g8912.t1",1,0,0,NA,NA,NA,NA,"ME2"
"Montipora_capitata_HIv3___RNAseq.g8918.t1",0,1,0,NA,NA,NA,NA,"ME17"
"Montipora_capitata_HIv3___RNAseq.g8919.t1",0,1,0,NA,NA,NA,NA,"ME6"
"Montipora_capitata_HIv3___TS.g41729.t1",0,0,1,NA,NA,NA,NA,"ME5"
"Montipora_capitata_HIv3___RNAseq.g8924.t1",0,0,1,0.0161059486509169,"Transient",NA,NA,"ME10"
"Montipora_capitata_HIv3___RNAseq.g8925.t1",0,1,0,NA,NA,NA,NA,"ME1"
"Montipora_capitata_HIv3___RNAseq.g8927.t1",1,0,0,NA,NA,NA,NA,"ME0"
"Montipora_capitata_HIv3___RNAseq.g8929.t1b",1,0,0,0.000482554575598269,"Monotonous",2,0.892319552263094,"ME1"
"Montipora_capitata_HIv3___RNAseq.g8931.t1",1,0,0,0.0480417597589434,"Monotonous",6,0.79671648375043,"ME3"
"Montipora_capitata_HIv3___RNAseq.g8933.t1",1,0,1,NA,NA,NA,NA,"ME3"
"Montipora_capitata_HIv3___RNAseq.g8936.t1",0,0,1,0.00474611830276633,"Transient",5,0.800618489581715,"ME17"
"Montipora_capitata_HIv3___RNAseq.g8937.t1",0,0,1,0.0022623014283072,"Monotonous",4,0.714757580862689,"ME20"
"Montipora_capitata_HIv3___TS.g41742.t1",0,1,0,2.39432102128573e-08,"Transient",6,0.778377133025912,"ME9"
"Montipora_capitata_HIv3___TS.g41744.t1b",1,0,0,NA,NA,NA,NA,"ME8"
"Montipora_capitata_HIv3___RNAseq.g8947.t1",0,1,0,NA,NA,NA,NA,"ME0"
"Montipora_capitata_HIv3___RNAseq.g8951.t1",1,0,1,NA,NA,NA,NA,"ME5"
"Montipora_capitata_HIv3___RNAseq.g8952.t1",1,0,0,NA,NA,NA,NA,"ME5"
"Montipora_capitata_HIv3___RNAseq.g8960.t1",1,0,0,NA,NA,NA,NA,"ME0"
"Montipora_capitata_HIv3___RNAseq.g8962.t1",0,0,1,NA,NA,NA,NA,"ME0"
"Montipora_capitata_HIv3___RNAseq.g8971.t1",1,0,0,NA,NA,NA,NA,"ME8"
"Montipora_capitata_HIv3___RNAseq.g8973.t1",2,0,0,0.0315944100920325,"Transient",5,0.527480533133997,"ME3"
"Montipora_capitata_HIv3___RNAseq.g8974.t1",2,0,0,0.0323087190876579,"Monotonous",NA,NA,"ME17"
"Montipora_capitata_HIv3___RNAseq.g8975.t1",0,1,0,NA,NA,NA,NA,"ME28"
"Montipora_capitata_HIv3___RNAseq.g8977.t1",0,2,0,NA,NA,NA,NA,"ME16"
"Montipora_capitata_HIv3___RNAseq.g8994.t1",0,0,1,0.0105922981081259,"Other",NA,NA,"ME3"
"Montipora_capitata_HIv3___TS.g41798.t1",0,0,1,NA,NA,NA,NA,"ME3"
"Montipora_capitata_HIv3___RNAseq.g8997.t1",1,0,0,0.0281036759059469,"Other",6,0.855211934099204,"ME26"
"Montipora_capitata_HIv3___TS.g41801.t1",0,0,1,NA,NA,NA,NA,"ME16"
"Montipora_capitata_HIv3___RNAseq.g9004.t1",1,0,0,NA,NA,NA,NA,"ME7"
"Montipora_capitata_HIv3___TS.g41809.t1",1,0,0,0.00184447109080396,"Other",6,0.721601811282598,"ME3"
"Montipora_capitata_HIv3___TS.g41812.t1",2,0,0,NA,NA,NA,NA,"ME2"
"Montipora_capitata_HIv3___RNAseq.g9009.t1",1,1,0,0.000594562069654128,"Monotonous",NA,NA,"ME3"
"Montipora_capitata_HIv3___RNAseq.3618_t",0,0,1,NA,NA,NA,NA,"ME12"
"Montipora_capitata_HIv3___TS.g41815.t2",0,1,0,NA,NA,NA,NA,"ME4"
"Montipora_capitata_HIv3___RNAseq.g9013.t1",0,1,0,NA,NA,NA,NA,"ME4"
"Montipora_capitata_HIv3___RNAseq.g9014.t1",1,0,0,NA,NA,NA,NA,"ME28"
"Montipora_capitata_HIv3___RNAseq.g9015.t1",1,0,0,4.73093197385408e-12,"Transient",3,0.572800865119105,"ME1"
"Montipora_capitata_HIv3___RNAseq.g9020.t2",0,1,0,NA,NA,NA,NA,"ME17"
"Montipora_capitata_HIv3___RNAseq.g9022.t1",0,1,0,2.0346862731953e-07,"Monotonous",4,0.564589379743647,"ME1"
"Montipora_capitata_HIv3___RNAseq.g9023.t1",0,0,1,0.00146139852991584,"Other",6,0.966859873217536,"ME3"
"Montipora_capitata_HIv3___RNAseq.g9024.t1",1,0,0,NA,NA,NA,NA,"ME5"
"Montipora_capitata_HIv3___RNAseq.g9028.t3",1,0,0,NA,NA,NA,NA,"ME0"
"Montipora_capitata_HIv3___RNAseq.g9031.t1",0,0,1,NA,NA,NA,NA,"ME10"
"Montipora_capitata_HIv3___RNAseq.g9035.t1",1,0,0,NA,NA,NA,NA,"ME2"
"Montipora_capitata_HIv3___RNAseq.g9054.t1",1,0,0,0.000101458320570618,"Monotonous",2,0.51581826730925,"ME1"
"Montipora_capitata_HIv3___RNAseq.g9056.t1",1,0,0,NA,NA,NA,NA,"ME1"
"Montipora_capitata_HIv3___RNAseq.g9057.t1",0,2,1,NA,NA,NA,NA,"ME1"
"Montipora_capitata_HIv3___RNAseq.g9059.t1",0,1,0,0.0434763551552565,"Other",4,0.949584366146174,"ME0"
"Montipora_capitata_HIv3___RNAseq.g9061.t1",0,1,0,NA,NA,NA,NA,"ME4"
"Montipora_capitata_HIv3___RNAseq.g9081.t1",0,2,0,NA,NA,NA,NA,"ME11"
"Montipora_capitata_HIv3___RNAseq.g9082.t1",1,0,0,NA,NA,NA,NA,"ME2"
"Montipora_capitata_HIv3___RNAseq.g9083.t1",1,0,0,NA,NA,NA,NA,"ME4"
"Montipora_capitata_HIv3___RNAseq.g9086.t1",1,1,0,0.000733285839149067,"Monotonous",2,0.916338015266386,"ME1"
"Montipora_capitata_HIv3___RNAseq.g9087.t1",0,1,0,NA,NA,NA,NA,"ME3"
"Montipora_capitata_HIv3___RNAseq.g9090.t1",0,2,0,0.0404480321380333,"Other",5,0.692933726942545,"ME3"
"Montipora_capitata_HIv3___RNAseq.g9094.t1a",0,1,0,0.000235341247132593,"Transient",5,0.928315898721592,"ME6"
"Montipora_capitata_HIv3___RNAseq.g9096.t1",1,0,0,0.00552173213337348,"Other",6,0.940016986645226,"ME5"
"Montipora_capitata_HIv3___RNAseq.g9097.t1",1,0,0,NA,NA,NA,NA,"ME5"
"Montipora_capitata_HIv3___RNAseq.g9102.t1",0,0,1,NA,NA,NA,NA,"ME0"
"Montipora_capitata_HIv3___RNAseq.g9113.t1",0,0,1,NA,NA,NA,NA,"ME2"
"Montipora_capitata_HIv3___RNAseq.g9115.t1",1,0,0,NA,NA,NA,NA,"ME0"
"Montipora_capitata_HIv3___RNAseq.g9126.t1",0,0,1,2.96012493738634e-11,"Monotonous",6,0.980020684285434,"ME5"
"Montipora_capitata_HIv3___TS.g41932.t1",0,1,0,NA,NA,NA,NA,"ME4"
"Montipora_capitata_HIv3___RNAseq.g9130.t1",0,3,0,NA,NA,NA,NA,"ME0"
"Montipora_capitata_HIv3___RNAseq.g9132.t1",1,0,0,NA,NA,NA,NA,"ME2"
"Montipora_capitata_HIv3___RNAseq.g9133.t1",1,0,0,NA,NA,NA,NA,"ME3"
"Montipora_capitata_HIv3___RNAseq.3749_t",1,0,0,NA,NA,NA,NA,"ME8"
"Montipora_capitata_HIv3___RNAseq.g9140.t1",1,0,0,NA,NA,NA,NA,"ME5"
"Montipora_capitata_HIv3___RNAseq.g9145.t1",1,0,0,NA,NA,NA,NA,"ME8"
"Montipora_capitata_HIv3___RNAseq.g9146.t1",0,0,1,NA,NA,NA,NA,"ME1"
"Montipora_capitata_HIv3___RNAseq.g9154.t1",0,0,1,NA,NA,NA,NA,"ME12"
"Montipora_capitata_HIv3___RNAseq.g9156.t1",1,0,1,NA,NA,NA,NA,"ME0"
"Montipora_capitata_HIv3___RNAseq.g9158.t1",1,0,0,1.02442296275306e-05,"Transient",5,0.788679960542911,"ME5"
"Montipora_capitata_HIv3___RNAseq.g9159.t1a",1,0,0,0.000351875902764674,"Monotonous",6,0.766689665798481,"ME9"
"Montipora_capitata_HIv3___RNAseq.3772_t",1,0,0,NA,NA,NA,NA,"ME4"
"Montipora_capitata_HIv3___TS.g41970.t1",2,0,0,NA,NA,NA,NA,"ME29"
"Montipora_capitata_HIv3___RNAseq.g9165.t1",1,0,0,NA,NA,NA,NA,"ME1"
"Montipora_capitata_HIv3___TS.g41986.t1",0,1,0,NA,NA,NA,NA,"ME3"
"Montipora_capitata_HIv3___TS.g41988.t1",0,0,1,NA,NA,NA,NA,"ME7"
"Montipora_capitata_HIv3___RNAseq.g9204.t1",1,2,1,NA,NA,NA,NA,"ME1"
"Montipora_capitata_HIv3___RNAseq.g9214.t1",1,0,0,NA,NA,NA,NA,"ME3"
"Montipora_capitata_HIv3___TS.g42025.t1",2,0,0,NA,NA,NA,NA,"ME6"
"Montipora_capitata_HIv3___TS.g42029.t1",1,0,0,NA,NA,NA,NA,"ME6"
"Montipora_capitata_HIv3___RNAseq.g9226.t1",0,1,0,NA,NA,NA,NA,"ME0"
"Montipora_capitata_HIv3___TS.g42034.t1a",2,0,0,NA,NA,NA,NA,"ME4"
"Montipora_capitata_HIv3___TS.g42036.t1",1,0,0,NA,NA,NA,NA,"ME3"
"Montipora_capitata_HIv3___RNAseq.g9241.t1",1,0,0,NA,NA,NA,NA,"ME7"
"Montipora_capitata_HIv3___RNAseq.g9242.t2",1,0,0,NA,NA,NA,NA,"ME19"
"Montipora_capitata_HIv3___RNAseq.g9248.t1",0,0,1,NA,NA,NA,NA,"ME3"
"Montipora_capitata_HIv3___RNAseq.g9252.t1",1,0,1,NA,NA,NA,NA,"ME4"
"Montipora_capitata_HIv3___RNAseq.g9261.t1",1,0,0,NA,NA,NA,NA,"ME0"
"Montipora_capitata_HIv3___RNAseq.g9262.t1",2,0,0,NA,NA,NA,NA,"ME1"
"Montipora_capitata_HIv3___RNAseq.g9267.t2a",0,0,1,0.00574420776836305,"Monotonous",2,0.85960444209615,"ME1"
"Montipora_capitata_HIv3___RNAseq.g9267.t2b",1,0,0,0.00636050629434368,"Monotonous",6,0.808852662733145,"ME9"
"Montipora_capitata_HIv3___TS.g42076.t1",0,0,1,NA,NA,NA,NA,"ME10"
"Montipora_capitata_HIv3___RNAseq.g9274.t1",1,0,0,NA,NA,NA,NA,"ME0"
"Montipora_capitata_HIv3___RNAseq.g9279.t2",0,0,1,0.000478081182440463,"Transient",3,0.98720439177184,"ME1"
"Montipora_capitata_HIv3___RNAseq.g9282.t1",0,1,1,0.000454353825280333,"Other",3,0.635817026500228,"ME1"
"Montipora_capitata_HIv3___TS.g42088.t1",1,0,0,NA,NA,NA,NA,"ME7"
"Montipora_capitata_HIv3___RNAseq.g9284.t1",0,1,0,NA,NA,NA,NA,"ME3"
"Montipora_capitata_HIv3___RNAseq.g9293.t1",1,0,0,NA,NA,NA,NA,"ME3"
"Montipora_capitata_HIv3___RNAseq.g9294.t1",0,1,0,NA,NA,NA,NA,"ME3"
"Montipora_capitata_HIv3___TS.g42105.t1",1,0,0,4.64339800347228e-09,"Monotonous",1,0.866082373109173,"ME10"
"Montipora_capitata_HIv3___RNAseq.g9319.t1",0,1,0,NA,NA,NA,NA,"ME4"
"Montipora_capitata_HIv3___RNAseq.g9321.t1a",0,1,0,0.0150924872257495,"Other",NA,NA,"ME4"
"Montipora_capitata_HIv3___TS.g42133.t1",1,1,0,0.000198590716923812,"Monotonous",6,0.814329314239368,"ME3"
"Montipora_capitata_HIv3___RNAseq.g9336.t1",1,0,0,NA,NA,NA,NA,"ME7"
"Montipora_capitata_HIv3___RNAseq.g9338.t1",1,0,0,NA,NA,NA,NA,"ME7"
"Montipora_capitata_HIv3___RNAseq.g9340.t1",1,0,0,2.78273031954049e-07,"Transient",3,0.554161599189044,"ME1"
"Montipora_capitata_HIv3___RNAseq.3961_t",1,0,1,NA,NA,NA,NA,"ME11"
"Montipora_capitata_HIv3___RNAseq.g9346.t1",1,0,0,NA,NA,NA,NA,"ME15"
"Montipora_capitata_HIv3___RNAseq.g9350.t2b",1,1,0,NA,NA,NA,NA,"ME3"
"Montipora_capitata_HIv3___RNAseq.g9353.t1",0,1,0,NA,NA,NA,NA,"ME9"
"Montipora_capitata_HIv3___RNAseq.g9360.t2",0,1,0,NA,NA,NA,NA,"ME1"
"Montipora_capitata_HIv3___RNAseq.g9363.t2",1,0,0,NA,NA,NA,NA,"ME1"
"Montipora_capitata_HIv3___RNAseq.g9364.t1",0,0,1,NA,NA,NA,NA,"ME18"
"Montipora_capitata_HIv3___TS.g42169.t2",0,1,0,0.000843219020355497,"Transient",4,0.929766134030407,"ME3"
"Montipora_capitata_HIv3___RNAseq.g9369.t1",0,1,0,0.0474535418646665,"Transient",4,0.975271374284587,"ME3"
"Montipora_capitata_HIv3___RNAseq.g9370.t2",2,0,2,NA,NA,NA,NA,"ME3"
"Montipora_capitata_HIv3___RNAseq.g9376.t1",1,0,2,NA,NA,NA,NA,"ME0"
"Montipora_capitata_HIv3___TS.g42199.t1",1,0,0,NA,NA,NA,NA,"ME2"
"Montipora_capitata_HIv3___RNAseq.g9400.t1",2,0,0,NA,NA,NA,NA,"ME0"
"Montipora_capitata_HIv3___RNAseq.g9405.t1",2,0,1,NA,NA,NA,NA,"ME10"
"Montipora_capitata_HIv3___TS.g42217.t1",0,0,1,0.00271847624445956,"Transient",5,0.972939960992087,"ME29"
"Montipora_capitata_HIv3___RNAseq.g9410.t1",0,1,0,NA,NA,NA,NA,"ME27"
"Montipora_capitata_HIv3___RNAseq.g9413.t1",0,0,1,NA,NA,NA,NA,"ME2"
"Montipora_capitata_HIv3___TS.g42229.t1",1,0,0,NA,NA,NA,NA,"ME2"
"Montipora_capitata_HIv3___RNAseq.g9426.t1",0,1,0,NA,NA,NA,NA,"ME2"
"Montipora_capitata_HIv3___RNAseq.g9427.t1",1,0,0,NA,NA,NA,NA,"ME2"
"Montipora_capitata_HIv3___RNAseq.g9428.t1",1,0,0,0.0188778749333319,"Other",4,0.601309799150343,"ME3"
"Montipora_capitata_HIv3___RNAseq.g9433.t1",2,0,0,NA,NA,NA,NA,"ME18"
"Montipora_capitata_HIv3___RNAseq.g9439.t1b",0,1,0,NA,NA,NA,NA,"ME13"
"Montipora_capitata_HIv3___RNAseq.g9440.t1",1,1,0,NA,NA,NA,NA,"ME6"
"Montipora_capitata_HIv3___RNAseq.g9441.t2",1,0,0,NA,NA,NA,NA,"ME0"
"Montipora_capitata_HIv3___RNAseq.g9446.t1",0,1,0,NA,NA,NA,NA,"ME0"
"Montipora_capitata_HIv3___RNAseq.g9447.t1",1,0,0,NA,NA,NA,NA,"ME1"
"Montipora_capitata_HIv3___RNAseq.g9453.t1",1,0,0,NA,NA,NA,NA,"ME5"
"Montipora_capitata_HIv3___TS.g42285.t1",0,0,1,0.00198174506987178,"Monotonous",2,0.81900124422812,"ME1"
"Montipora_capitata_HIv3___RNAseq.g9486.t1",1,0,0,NA,NA,NA,NA,"ME7"
"Montipora_capitata_HIv3___TS.g42299.t1",1,0,0,NA,NA,NA,NA,"ME0"
"Montipora_capitata_HIv3___RNAseq.g9490.t1",1,0,1,NA,NA,NA,NA,"ME14"
"Montipora_capitata_HIv3___RNAseq.g9513.t1",0,1,0,0.0162303475676289,"Monotonous",2,0.829795169442575,"ME0"
"Montipora_capitata_HIv3___RNAseq.g9514.t1",0,1,0,9.31376957007585e-08,"Transient",4,0.567161701006544,"ME3"
"Montipora_capitata_HIv3___RNAseq.g9515.t1a",0,1,0,2.02155074371195e-09,"Transient",5,0.913006316684667,"ME17"
"Montipora_capitata_HIv3___RNAseq.g9515.t1b",1,0,0,NA,NA,NA,NA,"ME22"
"Montipora_capitata_HIv3___TS.g42327.t1",0,0,1,NA,NA,NA,NA,"ME15"
"Montipora_capitata_HIv3___RNAseq.g9517.t1",0,0,1,NA,NA,NA,NA,"ME15"
"Montipora_capitata_HIv3___TS.g42335.t2",1,1,0,NA,NA,NA,NA,"ME1"
"Montipora_capitata_HIv3___RNAseq.g9525.t1",1,0,0,NA,NA,NA,NA,"ME6"
"Montipora_capitata_HIv3___RNAseq.g9527.t1",1,1,0,NA,NA,NA,NA,"ME31"
"Montipora_capitata_HIv3___RNAseq.g9529.t1",0,0,1,6.75590923547773e-05,"Transient",4,0.611055024875133,"ME7"
"Montipora_capitata_HIv3___RNAseq.g9530.t2",0,0,1,NA,NA,NA,NA,"ME3"
"Montipora_capitata_HIv3___RNAseq.g9536.t1",0,0,1,NA,NA,NA,NA,"ME1"
"Montipora_capitata_HIv3___RNAseq.g9539.t1",0,0,1,NA,NA,NA,NA,"ME1"
"Montipora_capitata_HIv3___RNAseq.g9568.t1",1,0,0,0.0307618985688825,"Other",NA,NA,"ME0"
"Montipora_capitata_HIv3___RNAseq.g9571.t1",0,0,1,0.0294500030603992,"Transient",3,0.583118180326848,"ME15"
"Montipora_capitata_HIv3___TS.g42393.t1",0,0,1,0.000465913663969357,"Monotonous",6,0.919028539387144,"ME9"
"Montipora_capitata_HIv3___TS.g42394.t2",2,0,0,0.0269811914729813,"Other",5,0.878116239162843,"ME23"
"Montipora_capitata_HIv3___RNAseq.g9587.t1",1,0,0,NA,NA,NA,NA,"ME1"
"Montipora_capitata_HIv3___RNAseq.g9592.t2",0,0,1,NA,NA,NA,NA,"ME6"
"Montipora_capitata_HIv3___RNAseq.g9606.t1",2,0,0,NA,NA,NA,NA,"ME5"
"Montipora_capitata_HIv3___RNAseq.g9614.t1",0,0,1,NA,NA,NA,NA,"ME2"
"Montipora_capitata_HIv3___RNAseq.g9616.t1",1,0,0,NA,NA,NA,NA,"ME25"
"Montipora_capitata_HIv3___RNAseq.g9624.t1",0,1,0,NA,NA,NA,NA,"ME1"
"Montipora_capitata_HIv3___RNAseq.g9626.t1",0,1,1,NA,NA,NA,NA,"ME11"
"Montipora_capitata_HIv3___RNAseq.g9632.t1",1,1,0,NA,NA,NA,NA,"ME13"
"Montipora_capitata_HIv3___RNAseq.g9633.t1",1,0,0,NA,NA,NA,NA,"ME0"
"Montipora_capitata_HIv3___RNAseq.g9637.t1",1,1,0,1.62680501603156e-05,"Transient",5,0.802926657686766,"ME17"
"Montipora_capitata_HIv3___RNAseq.g9639.t1",1,0,0,5.00384621170693e-05,"Monotonous",6,0.829006412431544,"ME3"
"Montipora_capitata_HIv3___RNAseq.g9647.t1",1,0,0,NA,NA,NA,NA,"ME4"
"Montipora_capitata_HIv3___RNAseq.g9656.t1",1,0,0,NA,NA,NA,NA,"ME1"
"Montipora_capitata_HIv3___TS.g42480.t1",1,0,0,NA,NA,NA,NA,"ME1"
"Montipora_capitata_HIv3___RNAseq.g9678.t1",1,0,0,NA,NA,NA,NA,"ME5"
"Montipora_capitata_HIv3___RNAseq.g9679.t1",0,0,1,NA,NA,NA,NA,"ME2"
"Montipora_capitata_HIv3___RNAseq.g9680.t1",0,1,0,NA,NA,NA,NA,"ME4"
"Montipora_capitata_HIv3___RNAseq.g9681.t1",0,1,0,0.00335749188820755,"Transient",NA,NA,"ME1"
"Montipora_capitata_HIv3___TS.g42493.t1",0,2,0,NA,NA,NA,NA,"ME0"
"Montipora_capitata_HIv3___TS.g42494.t1",1,0,1,NA,NA,NA,NA,"ME4"
"Montipora_capitata_HIv3___TS.g42497.t1",1,0,0,NA,NA,NA,NA,"ME3"
"Montipora_capitata_HIv3___RNAseq.g9694.t1",0,1,0,NA,NA,NA,NA,"ME1"
"Montipora_capitata_HIv3___RNAseq.g9695.t1",0,0,1,NA,NA,NA,NA,"ME3"
"Montipora_capitata_HIv3___RNAseq.g9696.t1",1,0,0,NA,NA,NA,NA,"ME1"
"Montipora_capitata_HIv3___RNAseq.g9698.t1",0,1,0,NA,NA,NA,NA,"ME21"
"Montipora_capitata_HIv3___RNAseq.g9709.t1",0,1,0,NA,NA,NA,NA,"ME4"
"Montipora_capitata_HIv3___RNAseq.g9711.t1",0,1,0,NA,NA,NA,NA,"ME3"
"Montipora_capitata_HIv3___RNAseq.g9713.t1",0,0,1,5.63936959703289e-08,"Monotonous",6,0.918441673639316,"ME3"
"Montipora_capitata_HIv3___RNAseq.g9714.t1",0,0,1,NA,NA,NA,NA,"ME2"
"Montipora_capitata_HIv3___RNAseq.g9715.t1",1,0,0,NA,NA,NA,NA,"ME7"
"Montipora_capitata_HIv3___RNAseq.g9716.t1",0,1,0,0.0110813397295953,"Other",NA,NA,"ME2"
"Montipora_capitata_HIv3___RNAseq.g9717.t1",1,0,0,3.77823600120128e-07,"Transient",5,0.938061338314535,"ME3"
"Montipora_capitata_HIv3___RNAseq.g9718.t1",1,0,0,0.0063125818715105,"Transient",5,0.956489848044714,"ME6"
"Montipora_capitata_HIv3___TS.g42529.t1",2,0,0,0.0010025054232569,"Transient",3,0.79700218163414,"ME1"
"Montipora_capitata_HIv3___RNAseq.g9721.t1",1,0,0,0.0115545590664674,"Other",NA,NA,"ME1"
"Montipora_capitata_HIv3___TS.g42532.t1b",1,1,0,NA,NA,NA,NA,"ME24"
"Montipora_capitata_HIv3___RNAseq.g9727.t1",0,0,1,NA,NA,NA,NA,"ME0"
"Montipora_capitata_HIv3___RNAseq.g9731.t1",1,1,1,NA,NA,NA,NA,"ME22"
"Montipora_capitata_HIv3___TS.g42541.t1",0,1,0,NA,NA,NA,NA,"ME5"
"Montipora_capitata_HIv3___TS.g42542.t1",0,2,0,NA,NA,NA,NA,"ME5"
"Montipora_capitata_HIv3___RNAseq.g9736.t1",0,0,1,NA,NA,NA,NA,"ME5"
"Montipora_capitata_HIv3___RNAseq.g9745.t1",1,0,0,NA,NA,NA,NA,"ME0"
"Montipora_capitata_HIv3___RNAseq.g9746.t1",2,0,0,NA,NA,NA,NA,"ME5"
"Montipora_capitata_HIv3___TS.g42563.t1",1,0,0,NA,NA,NA,NA,"ME1"
"Montipora_capitata_HIv3___RNAseq.g9756.t1",1,1,0,NA,NA,NA,NA,"ME2"
"Montipora_capitata_HIv3___RNAseq.g9759.t1",0,1,0,0.00033814857228421,"Transient",4,0.856013561824721,"ME3"
"Montipora_capitata_HIv3___RNAseq.g9761.t1",0,0,1,NA,NA,NA,NA,"ME1"
"Montipora_capitata_HIv3___RNAseq.g9767.t1",1,0,0,NA,NA,NA,NA,"ME13"
"Montipora_capitata_HIv3___RNAseq.g9771.t1",1,0,0,NA,NA,NA,NA,"ME13"
"Montipora_capitata_HIv3___TS.g42583.t2",1,0,0,NA,NA,NA,NA,"ME6"
"Montipora_capitata_HIv3___RNAseq.g9782.t1",0,1,0,NA,NA,NA,NA,"ME2"
"Montipora_capitata_HIv3___RNAseq.g9811.t1",0,1,0,NA,NA,NA,NA,"ME1"
"Montipora_capitata_HIv3___RNAseq.g9815.t1",1,0,0,NA,NA,NA,NA,"ME1"
"Montipora_capitata_HIv3___TS.g42637.t2",0,0,1,NA,NA,NA,NA,"ME1"
"Montipora_capitata_HIv3___RNAseq.g9827.t1",0,1,0,NA,NA,NA,NA,"ME1"
"Montipora_capitata_HIv3___RNAseq.g9837.t1",0,1,1,NA,NA,NA,NA,"ME2"
"Montipora_capitata_HIv3___RNAseq.g9838.t1c",0,0,1,NA,NA,NA,NA,"ME0"
"Montipora_capitata_HIv3___RNAseq.g9841.t1",0,1,0,NA,NA,NA,NA,"ME9"
"Montipora_capitata_HIv3___TS.g42662.t1",0,2,0,NA,NA,NA,NA,"ME2"
"Montipora_capitata_HIv3___RNAseq.g9847.t1",1,0,0,NA,NA,NA,NA,"ME24"
"Montipora_capitata_HIv3___RNAseq.g9854.t1",1,0,0,NA,NA,NA,NA,"ME5"
"Montipora_capitata_HIv3___RNAseq.g9857.t1",0,0,1,NA,NA,NA,NA,"ME13"
"Montipora_capitata_HIv3___RNAseq.g9875.t1",0,1,0,NA,NA,NA,NA,"ME0"
"Montipora_capitata_HIv3___RNAseq.g10920.t1c",1,0,0,NA,NA,NA,NA,"ME0"
"Montipora_capitata_HIv3___RNAseq.g10935.t1",0,0,1,NA,NA,NA,NA,"ME1"
"Montipora_capitata_HIv3___RNAseq.g10943.t1",1,0,0,NA,NA,NA,NA,"ME2"
"Montipora_capitata_HIv3___RNAseq.g10970.t1",0,2,0,NA,NA,NA,NA,"ME1"
"Montipora_capitata_HIv3___RNAseq.g10971.t1",1,0,0,NA,NA,NA,NA,"ME1"
"Montipora_capitata_HIv3___TS.g43714.t1",2,0,0,NA,NA,NA,NA,"ME0"
"Montipora_capitata_HIv3___RNAseq.g10717.t1",0,0,1,NA,NA,NA,NA,"ME3"
"Montipora_capitata_HIv3___RNAseq.g10720.t1",1,0,0,NA,NA,NA,NA,"ME0"
"Montipora_capitata_HIv3___RNAseq.g10721.t1",1,0,0,0.00169825761698762,"Other",4,0.764002177520575,"ME2"
"Montipora_capitata_HIv3___RNAseq.g10728.t1",1,1,0,NA,NA,NA,NA,"ME1"
"Montipora_capitata_HIv3___RNAseq.g10729.t1",0,1,0,NA,NA,NA,NA,"ME1"
"Montipora_capitata_HIv3___RNAseq.g10744.t1",0,1,0,0.0116700848301802,"Other",NA,NA,"ME18"
"Montipora_capitata_HIv3___RNAseq.g10748.t1",0,0,1,NA,NA,NA,NA,"ME7"
"Montipora_capitata_HIv3___RNAseq.g10759.t1",1,0,0,NA,NA,NA,NA,"ME10"
"Montipora_capitata_HIv3___RNAseq.g10762.t1",0,1,0,NA,NA,NA,NA,"ME21"
"Montipora_capitata_HIv3___RNAseq.g10764.t1b",0,0,1,NA,NA,NA,NA,"ME7"
"Montipora_capitata_HIv3___RNAseq.g10769.t1",1,0,0,NA,NA,NA,NA,"ME16"
"Montipora_capitata_HIv3___RNAseq.g10804.t1",0,1,0,1.0092149451209e-05,"Monotonous",5,0.748290147895387,"ME3"
"Montipora_capitata_HIv3___RNAseq.g10809.t1",0,1,0,NA,NA,NA,NA,"ME0"
"Montipora_capitata_HIv3___RNAseq.g10825.t1",1,0,0,0.0362068476934493,"Other",NA,NA,"ME15"
"Montipora_capitata_HIv3___TS.g43683.t1c",0,1,1,NA,NA,NA,NA,"ME11"
"Montipora_capitata_HIv3___RNAseq.g10846.t1",1,0,0,NA,NA,NA,NA,"ME4"
"Montipora_capitata_HIv3___TS.g43690.t1",1,0,0,NA,NA,NA,NA,"ME2"
"Montipora_capitata_HIv3___RNAseq.g11026.t1",1,0,0,NA,NA,NA,NA,"ME25"
"Montipora_capitata_HIv3___RNAseq.g11029.t1",0,1,0,NA,NA,NA,NA,"ME0"
"Montipora_capitata_HIv3___TS.g43922.t1",0,0,1,NA,NA,NA,NA,"ME0"
"Montipora_capitata_HIv3___RNAseq.g11087.t1",1,0,0,NA,NA,NA,NA,"ME0"
"Montipora_capitata_HIv3___RNAseq.g11326.t1",0,1,0,NA,NA,NA,NA,"ME0"
"Montipora_capitata_HIv3___RNAseq.g11038.t1",1,0,0,NA,NA,NA,NA,"ME7"
"Montipora_capitata_HIv3___RNAseq.g11054.t1",0,2,0,NA,NA,NA,NA,"ME30"
"Montipora_capitata_HIv3___TS.g43945.t2",1,1,0,1.22493781234969e-17,"Transient",5,0.79975705745703,"ME3"
"Montipora_capitata_HIv3___RNAseq.g11103.t1b",1,0,0,0.0348185359881911,"Other",4,0.649798988820718,"ME17"
"Montipora_capitata_HIv3___TS.g43963.t1",0,1,1,0.0274436966597082,"Monotonous",5,0.513666011053611,"ME3"
"Montipora_capitata_HIv3___RNAseq.g11125.t1",1,0,1,NA,NA,NA,NA,"ME1"
"Montipora_capitata_HIv3___RNAseq.g11126.t1",0,1,0,NA,NA,NA,NA,"ME1"
"Montipora_capitata_HIv3___RNAseq.g11129.t1",0,1,0,NA,NA,NA,NA,"ME14"
"Montipora_capitata_HIv3___RNAseq.g11134.t1",0,1,0,NA,NA,NA,NA,"ME26"
"Montipora_capitata_HIv3___TS.g43989.t1",1,0,0,0.0289868714435964,"Other",4,0.857297599490707,"ME6"
"Montipora_capitata_HIv3___TS.g44009.t1",0,2,0,NA,NA,NA,NA,"ME0"
"Montipora_capitata_HIv3___RNAseq.g11159.t1",1,0,0,0.00333795975202347,"Other",4,0.545679803099265,"ME0"
"Montipora_capitata_HIv3___TS.g44015.t1",0,2,0,1.18395842042386e-07,"Monotonous",1,0.947094874815576,"ME10"
"Montipora_capitata_HIv3___RNAseq.g11178.t1",0,0,1,NA,NA,NA,NA,"ME27"
"Montipora_capitata_HIv3___RNAseq.g11182.t1",0,1,0,NA,NA,NA,NA,"ME5"
"Montipora_capitata_HIv3___RNAseq.g11185.t1",0,0,1,NA,NA,NA,NA,"ME15"
"Montipora_capitata_HIv3___RNAseq.g11188.t1",0,1,0,NA,NA,NA,NA,"ME16"
"Montipora_capitata_HIv3___RNAseq.g11203.t1",1,0,1,NA,NA,NA,NA,"ME14"
"Montipora_capitata_HIv3___RNAseq.g11204.t1",1,0,0,0.0154682207917461,"Other",6,0.969968962417298,"ME9"
"Montipora_capitata_HIv3___TS.g44063.t1",1,0,0,NA,NA,NA,NA,"ME1"
"Montipora_capitata_HIv3___RNAseq.g11211.t1",1,1,0,0.0204146467623993,"Other",2,0.631605785439116,"ME20"
"Montipora_capitata_HIv3___TS.g44066.t2c",1,0,0,NA,NA,NA,NA,"ME0"
"Montipora_capitata_HIv3___RNAseq.g11218.t1",0,2,1,NA,NA,NA,NA,"ME1"
"Montipora_capitata_HIv3___RNAseq.g11219.t1",1,0,0,NA,NA,NA,NA,"ME4"
"Montipora_capitata_HIv3___TS.g44077.t1",1,0,0,NA,NA,NA,NA,"ME24"
"Montipora_capitata_HIv3___RNAseq.g11231.t1",1,1,0,NA,NA,NA,NA,"ME0"
"Montipora_capitata_HIv3___RNAseq.g11232.t1",1,0,0,NA,NA,NA,NA,"ME0"
"Montipora_capitata_HIv3___RNAseq.g11249.t1",1,0,0,NA,NA,NA,NA,"ME12"
"Montipora_capitata_HIv3___RNAseq.g11259.t1",0,0,1,NA,NA,NA,NA,"ME2"
"Montipora_capitata_HIv3___RNAseq.g11263.t1",0,0,1,NA,NA,NA,NA,"ME4"
"Montipora_capitata_HIv3___RNAseq.g11273.t2",2,0,0,NA,NA,NA,NA,"ME5"
"Montipora_capitata_HIv3___RNAseq.g11282.t1",0,1,0,NA,NA,NA,NA,"ME5"
"Montipora_capitata_HIv3___TS.g44139.t1",1,0,0,NA,NA,NA,NA,"ME2"
"Montipora_capitata_HIv3___RNAseq.g11288.t1",1,0,0,NA,NA,NA,NA,"ME2"
"Montipora_capitata_HIv3___RNAseq.g11310.t1",1,0,0,NA,NA,NA,NA,"ME12"
"Montipora_capitata_HIv3___RNAseq.g11332.t1",1,1,1,NA,NA,NA,NA,"ME0"
"Montipora_capitata_HIv3___RNAseq.g11333.t1",0,0,1,NA,NA,NA,NA,"ME0"
"Montipora_capitata_HIv3___RNAseq.g412.t1",1,0,1,NA,NA,NA,NA,"ME0"
"Montipora_capitata_HIv3___RNAseq.g348.t1",1,0,0,NA,NA,NA,NA,"ME7"
"Montipora_capitata_HIv3___RNAseq.g350.t1",1,1,0,NA,NA,NA,NA,"ME1"
"Montipora_capitata_HIv3___RNAseq.g351.t1",2,1,0,NA,NA,NA,NA,"ME4"
"Montipora_capitata_HIv3___RNAseq.g352.t1",1,0,0,NA,NA,NA,NA,"ME21"
"Montipora_capitata_HIv3___RNAseq.g353.t1",1,1,0,0.0130996518952674,"Transient",5,0.7398796576656,"ME17"
"Montipora_capitata_HIv3___RNAseq.g354.t1",1,0,0,NA,NA,NA,NA,"ME3"
"Montipora_capitata_HIv3___RNAseq.g357.t1",1,0,0,0.00311710446678805,"Transient",5,0.615635981901491,"ME6"
"Montipora_capitata_HIv3___TS.g37871.t1",0,2,0,3.10571359020446e-08,"Transient",1,0.528867370951084,"ME6"
"Montipora_capitata_HIv3___RNAseq.g359.t2",2,0,0,NA,NA,NA,NA,"ME7"
"Montipora_capitata_HIv3___RNAseq.g360.t1",0,1,0,NA,NA,NA,NA,"ME15"
"Montipora_capitata_HIv3___RNAseq.7052_t",1,0,0,0.0386122736242395,"Monotonous",1,0.603725416524248,"ME3"
"Montipora_capitata_HIv3___RNAseq.g363.t1",2,1,1,NA,NA,NA,NA,"ME3"
"Montipora_capitata_HIv3___TS.g37879.t1",1,0,0,NA,NA,NA,NA,"ME3"
"Montipora_capitata_HIv3___RNAseq.g368.t1",1,0,0,NA,NA,NA,NA,"ME2"
"Montipora_capitata_HIv3___RNAseq.g379.t1",0,0,1,NA,NA,NA,NA,"ME1"
"Montipora_capitata_HIv3___RNAseq.g380.t1",1,0,0,NA,NA,NA,NA,"ME16"
"Montipora_capitata_HIv3___RNAseq.g384.t1",1,0,0,NA,NA,NA,NA,"ME7"
"Montipora_capitata_HIv3___TS.g37898.t1",0,1,0,NA,NA,NA,NA,"ME0"
"Montipora_capitata_HIv3___TS.g37899.t1",1,0,0,NA,NA,NA,NA,"ME0"
"Montipora_capitata_HIv3___RNAseq.g385.t1",0,0,1,NA,NA,NA,NA,"ME28"
"Montipora_capitata_HIv3___RNAseq.g399.t1",1,0,0,NA,NA,NA,NA,"ME3"
"Montipora_capitata_HIv3___RNAseq.g407.t1",0,0,1,NA,NA,NA,NA,"ME0"
"Montipora_capitata_HIv3___RNAseq.g408.t1",2,0,0,0.00106159312350144,"Monotonous",1,0.759283670251718,"ME5"
"Montipora_capitata_HIv3___RNAseq.g11373.t1",0,1,0,NA,NA,NA,NA,"ME0"
"Montipora_capitata_HIv3___RNAseq.g11547.t1",1,0,0,NA,NA,NA,NA,"ME0"
"Montipora_capitata_HIv3___RNAseq.g11626.t1",0,0,2,NA,NA,NA,NA,"ME0"
"Montipora_capitata_HIv3___RNAseq.g11648.t1",0,0,1,NA,NA,NA,NA,"ME0"
"Montipora_capitata_HIv3___RNAseq.g11649.t1",0,0,1,NA,NA,NA,NA,"ME4"
"Montipora_capitata_HIv3___RNAseq.g11988.t1",0,0,1,0.0454758610035141,"Other",NA,NA,"ME0"
"Montipora_capitata_HIv3___RNAseq.g11360.t1",0,1,0,NA,NA,NA,NA,"ME10"
"Montipora_capitata_HIv3___RNAseq.g11366.t1",1,0,0,NA,NA,NA,NA,"ME12"
"Montipora_capitata_HIv3___RNAseq.g11371.t1",0,1,0,NA,NA,NA,NA,"ME1"
"Montipora_capitata_HIv3___RNAseq.g11379.t1",1,0,0,NA,NA,NA,NA,"ME0"
"Montipora_capitata_HIv3___RNAseq.g11381.t1",0,1,0,NA,NA,NA,NA,"ME5"
"Montipora_capitata_HIv3___RNAseq.g11388.t1",0,1,1,NA,NA,NA,NA,"ME5"
"Montipora_capitata_HIv3___RNAseq.g11389.t1",1,0,0,NA,NA,NA,NA,"ME28"
"Montipora_capitata_HIv3___RNAseq.g11400.t1",0,1,1,NA,NA,NA,NA,"ME0"
"Montipora_capitata_HIv3___RNAseq.g11402.t1",0,1,0,NA,NA,NA,NA,"ME4"
"Montipora_capitata_HIv3___RNAseq.g11403.t1",0,1,0,NA,NA,NA,NA,"ME6"
"Montipora_capitata_HIv3___RNAseq.g11407.t1",0,1,1,NA,NA,NA,NA,"ME2"
"Montipora_capitata_HIv3___RNAseq.g11409.t1",0,0,1,0.00390435454982688,"Monotonous",2,0.919031605039515,"ME1"
"Montipora_capitata_HIv3___RNAseq.g11412.t1",0,0,1,NA,NA,NA,NA,"ME1"
"Montipora_capitata_HIv3___RNAseq.g11419.t1",0,0,1,NA,NA,NA,NA,"ME11"
"Montipora_capitata_HIv3___RNAseq.g11426.t1",0,1,0,NA,NA,NA,NA,"ME23"
"Montipora_capitata_HIv3___RNAseq.g11428.t1",2,0,0,NA,NA,NA,NA,"ME0"
"Montipora_capitata_HIv3___RNAseq.g11437.t1",0,1,0,NA,NA,NA,NA,"ME14"
"Montipora_capitata_HIv3___RNAseq.g11443.t1",1,0,0,NA,NA,NA,NA,"ME3"
"Montipora_capitata_HIv3___RNAseq.g11448.t1",0,2,0,NA,NA,NA,NA,"ME1"
"Montipora_capitata_HIv3___RNAseq.g11449.t1",0,0,2,9.19852066192744e-08,"Transient",2,0.85008631144492,"ME1"
"Montipora_capitata_HIv3___RNAseq.6258_t",0,0,1,NA,NA,NA,NA,"ME6"
"Montipora_capitata_HIv3___RNAseq.g11455.t1",0,0,2,0.00825755904037233,"Other",1,0.514624073214852,"ME10"
"Montipora_capitata_HIv3___TS.g44314.t1",1,0,1,NA,NA,NA,NA,"ME12"
"Montipora_capitata_HIv3___RNAseq.g11475.t1",0,0,1,NA,NA,NA,NA,"ME1"
"Montipora_capitata_HIv3___RNAseq.g11476.t1",0,1,0,NA,NA,NA,NA,"ME21"
"Montipora_capitata_HIv3___RNAseq.g11478.t1",0,1,0,NA,NA,NA,NA,"ME0"
"Montipora_capitata_HIv3___RNAseq.g11480.t1",0,1,0,NA,NA,NA,NA,"ME0"
"Montipora_capitata_HIv3___RNAseq.g11492.t1",1,0,0,8.74927949076409e-09,"Transient",1,0.936619627547695,"ME3"
"Montipora_capitata_HIv3___RNAseq.g11494.t1",0,0,1,NA,NA,NA,NA,"ME5"
"Montipora_capitata_HIv3___RNAseq.g11500.t1",0,0,1,NA,NA,NA,NA,"ME2"
"Montipora_capitata_HIv3___RNAseq.g11502.t1",0,0,1,NA,NA,NA,NA,"ME5"
"Montipora_capitata_HIv3___RNAseq.g11507.t1",0,1,0,0.0305681065294124,"Monotonous",6,0.907402430506752,"ME9"
"Montipora_capitata_HIv3___TS.g44359.t1",0,1,1,0.0459489319743227,"Other",NA,NA,"ME2"
"Montipora_capitata_HIv3___RNAseq.g11510.t1",0,0,1,NA,NA,NA,NA,"ME5"
"Montipora_capitata_HIv3___RNAseq.g11518.t1",0,0,1,0.00171152175011003,"Transient",5,0.842035425374278,"ME3"
"Montipora_capitata_HIv3___TS.g44381.t1",1,1,0,NA,NA,NA,NA,"ME2"
"Montipora_capitata_HIv3___RNAseq.g11533.t1",1,0,0,1.49640210650008e-06,"Transient",4,0.87319754031958,"ME6"
"Montipora_capitata_HIv3___RNAseq.g11534.t1",0,1,0,NA,NA,NA,NA,"ME3"
"Montipora_capitata_HIv3___RNAseq.g11536.t1",0,1,0,NA,NA,NA,NA,"ME23"
"Montipora_capitata_HIv3___TS.g44388.t1",0,0,1,NA,NA,NA,NA,"ME2"
"Montipora_capitata_HIv3___RNAseq.g11538.t1",0,1,0,NA,NA,NA,NA,"ME8"
"Montipora_capitata_HIv3___RNAseq.g11543.t1",0,1,0,NA,NA,NA,NA,"ME4"
"Montipora_capitata_HIv3___RNAseq.g11549.t1",0,1,0,0.0234740416855407,"Other",NA,NA,"ME8"
"Montipora_capitata_HIv3___TS.g44406.t1",2,0,1,NA,NA,NA,NA,"ME0"
"Montipora_capitata_HIv3___RNAseq.g11559.t1",0,1,0,NA,NA,NA,NA,"ME12"
"Montipora_capitata_HIv3___RNAseq.g11568.t1",1,0,0,NA,NA,NA,NA,"ME11"
"Montipora_capitata_HIv3___RNAseq.g11569.t1b",0,1,0,NA,NA,NA,NA,"ME8"
"Montipora_capitata_HIv3___RNAseq.g11573.t1",1,0,0,8.12507377950418e-05,"Monotonous",1,0.501694398350468,"ME10"
"Montipora_capitata_HIv3___RNAseq.g11574.t1",0,0,1,NA,NA,NA,NA,"ME9"
"Montipora_capitata_HIv3___RNAseq.g11577.t1",1,1,0,NA,NA,NA,NA,"ME0"
"Montipora_capitata_HIv3___RNAseq.g11581.t1",0,1,0,NA,NA,NA,NA,"ME1"
"Montipora_capitata_HIv3___RNAseq.g11594.t1",0,1,0,NA,NA,NA,NA,"ME1"
"Montipora_capitata_HIv3___TS.g44450.t1b",0,1,0,NA,NA,NA,NA,"ME21"
"Montipora_capitata_HIv3___TS.g44450.t1a",1,0,0,NA,NA,NA,NA,"ME0"
"Montipora_capitata_HIv3___TS.g44454.t1",2,0,0,NA,NA,NA,NA,"ME24"
"Montipora_capitata_HIv3___RNAseq.g11604.t1",1,0,0,NA,NA,NA,NA,"ME4"
"Montipora_capitata_HIv3___RNAseq.g11606.t1",2,0,0,NA,NA,NA,NA,"ME0"
"Montipora_capitata_HIv3___RNAseq.g11607.t1",1,0,0,NA,NA,NA,NA,"ME2"
"Montipora_capitata_HIv3___RNAseq.g11608.t1",1,0,0,NA,NA,NA,NA,"ME2"
"Montipora_capitata_HIv3___RNAseq.g11611.t1",0,1,1,NA,NA,NA,NA,"ME18"
"Montipora_capitata_HIv3___RNAseq.g11625.t1",1,0,0,NA,NA,NA,NA,"ME0"
"Montipora_capitata_HIv3___RNAseq.g11632.t1",1,0,0,NA,NA,NA,NA,"ME1"
"Montipora_capitata_HIv3___RNAseq.g11634.t1",0,1,0,NA,NA,NA,NA,"ME14"
"Montipora_capitata_HIv3___RNAseq.g11644.t2",0,0,1,NA,NA,NA,NA,"ME5"
"Montipora_capitata_HIv3___RNAseq.g11645.t1",1,0,0,NA,NA,NA,NA,"ME2"
"Montipora_capitata_HIv3___RNAseq.6489_t",1,0,0,NA,NA,NA,NA,"ME3"
"Montipora_capitata_HIv3___RNAseq.g11650.t1a",1,0,0,0.00302004360105934,"Other",5,0.671478956306125,"ME1"
"Montipora_capitata_HIv3___RNAseq.g11651.t1",1,0,1,NA,NA,NA,NA,"ME3"
"Montipora_capitata_HIv3___TS.g44505.t1",1,2,0,NA,NA,NA,NA,"ME7"
"Montipora_capitata_HIv3___TS.g44506.t1",1,0,0,NA,NA,NA,NA,"ME1"
"Montipora_capitata_HIv3___RNAseq.g11665.t1",1,0,0,NA,NA,NA,NA,"ME5"
"Montipora_capitata_HIv3___RNAseq.g11670.t1",0,1,0,NA,NA,NA,NA,"ME0"
"Montipora_capitata_HIv3___RNAseq.g11673.t1",0,1,0,NA,NA,NA,NA,"ME4"
"Montipora_capitata_HIv3___RNAseq.g11674.t1",0,0,1,NA,NA,NA,NA,"ME13"
"Montipora_capitata_HIv3___RNAseq.g11679.t1",1,0,0,NA,NA,NA,NA,"ME2"
"Montipora_capitata_HIv3___RNAseq.g11680.t1",1,0,0,NA,NA,NA,NA,"ME2"
"Montipora_capitata_HIv3___RNAseq.g11683.t1",0,0,1,NA,NA,NA,NA,"ME0"
"Montipora_capitata_HIv3___RNAseq.g11699.t1",1,0,0,NA,NA,NA,NA,"ME5"
"Montipora_capitata_HIv3___RNAseq.g11702.t1",1,0,0,0.00186693247882848,"Monotonous",NA,NA,"ME3"
"Montipora_capitata_HIv3___RNAseq.g11708.t1",1,0,0,0.00122917270057024,"Transient",NA,NA,"ME3"
"Montipora_capitata_HIv3___RNAseq.g11709.t1",0,0,1,NA,NA,NA,NA,"ME7"
"Montipora_capitata_HIv3___RNAseq.g11710.t1",0,0,1,NA,NA,NA,NA,"ME1"
"Montipora_capitata_HIv3___RNAseq.g11717.t1",0,1,0,NA,NA,NA,NA,"ME6"
"Montipora_capitata_HIv3___RNAseq.g11719.t1",1,0,0,NA,NA,NA,NA,"ME2"
"Montipora_capitata_HIv3___RNAseq.g11720.t1",0,1,0,0.0109262947346974,"Other",2,0.645737473415058,"ME1"
"Montipora_capitata_HIv3___RNAseq.g11725.t1",0,0,1,NA,NA,NA,NA,"ME1"
"Montipora_capitata_HIv3___RNAseq.g11726.t1",0,1,0,NA,NA,NA,NA,"ME3"
"Montipora_capitata_HIv3___RNAseq.g11728.t3",0,0,1,NA,NA,NA,NA,"ME10"
"Montipora_capitata_HIv3___RNAseq.g11729.t1",2,0,0,NA,NA,NA,NA,"ME3"
"Montipora_capitata_HIv3___RNAseq.g11730.t1",1,0,1,NA,NA,NA,NA,"ME0"
"Montipora_capitata_HIv3___RNAseq.g11733.t1",1,0,1,NA,NA,NA,NA,"ME1"
"Montipora_capitata_HIv3___RNAseq.g11734.t1",0,1,0,NA,NA,NA,NA,"ME20"
"Montipora_capitata_HIv3___RNAseq.g11736.t1",1,0,0,4.3639140734915e-09,"Monotonous",2,0.827657769873984,"ME20"
"Montipora_capitata_HIv3___RNAseq.g11737.t1",1,0,0,NA,NA,NA,NA,"ME1"
"Montipora_capitata_HIv3___TS.g44590.t1",0,1,0,NA,NA,NA,NA,"ME0"
"Montipora_capitata_HIv3___RNAseq.g11739.t1",0,0,1,0.0138123725093868,"Transient",NA,NA,"ME2"
"Montipora_capitata_HIv3___TS.g44592.t1",0,1,0,0.0244863277221022,"Other",5,0.731182265151353,"ME6"
"Montipora_capitata_HIv3___RNAseq.g11741.t1",1,0,0,8.57244539475609e-07,"Monotonous",1,0.861697081874902,"ME3"
"Montipora_capitata_HIv3___RNAseq.g11744.t1",0,0,2,0.0104989073330329,"Transient",5,0.720710371888697,"ME3"
"Montipora_capitata_HIv3___TS.g44604.t1",0,1,0,NA,NA,NA,NA,"ME5"
"Montipora_capitata_HIv3___RNAseq.g11757.t1",2,0,0,0.00690236138182515,"Other",6,0.657602090522885,"ME10"
"Montipora_capitata_HIv3___RNAseq.g11759.t1",0,0,1,0.000693957382605309,"Other",4,0.915591721182945,"ME22"
"Montipora_capitata_HIv3___RNAseq.g11765.t1",1,0,0,6.29538726917088e-05,"Monotonous",2,0.691481363270922,"ME1"
"Montipora_capitata_HIv3___RNAseq.g11766.t1",0,1,0,NA,NA,NA,NA,"ME2"
"Montipora_capitata_HIv3___RNAseq.g11767.t1",0,0,1,NA,NA,NA,NA,"ME15"
"Montipora_capitata_HIv3___TS.g44616.t2",1,0,0,6.99949743351759e-05,"Monotonous",2,0.824381436306225,"ME1"
"Montipora_capitata_HIv3___TS.g44617.t2",1,0,0,NA,NA,NA,NA,"ME3"
"Montipora_capitata_HIv3___RNAseq.g11771.t1",2,1,0,NA,NA,NA,NA,"ME3"
"Montipora_capitata_HIv3___RNAseq.g11780.t1",1,0,0,0.0113340056760187,"Transient",3,0.965905783512067,"ME1"
"Montipora_capitata_HIv3___RNAseq.g11781.t1",1,0,0,NA,NA,NA,NA,"ME29"
"Montipora_capitata_HIv3___TS.g44629.t1",0,1,0,NA,NA,NA,NA,"ME2"
"Montipora_capitata_HIv3___RNAseq.g11783.t1",0,1,0,NA,NA,NA,NA,"ME22"
"Montipora_capitata_HIv3___RNAseq.g11790.t1",1,0,0,NA,NA,NA,NA,"ME13"
"Montipora_capitata_HIv3___RNAseq.g11792.t1",0,0,1,0.0344138422516184,"Other",2,0.616991327408099,"ME2"
"Montipora_capitata_HIv3___TS.g44644.t1",1,0,0,0.0363280310188258,"Other",4,0.746470006095977,"ME2"
"Montipora_capitata_HIv3___TS.g44662.t1",0,0,1,NA,NA,NA,NA,"ME4"
"Montipora_capitata_HIv3___TS.g44668.t1",2,0,0,NA,NA,NA,NA,"ME0"
"Montipora_capitata_HIv3___TS.g44674.t1",2,0,0,NA,NA,NA,NA,"ME3"
"Montipora_capitata_HIv3___RNAseq.g11830.t1",0,1,0,9.8339877545815e-09,"Monotonous",6,0.977796216279002,"ME3"
"Montipora_capitata_HIv3___RNAseq.g11831.t1",1,0,0,NA,NA,NA,NA,"ME1"
"Montipora_capitata_HIv3___RNAseq.g11833.t1",0,1,1,0.034676182893306,"Transient",NA,NA,"ME28"
"Montipora_capitata_HIv3___RNAseq.g11834.t1",1,0,0,0.0190568280710702,"Monotonous",2,0.729027303724028,"ME0"
"Montipora_capitata_HIv3___RNAseq.g11837.t1",2,0,0,0.00137501933831109,"Other",NA,NA,"ME3"
"Montipora_capitata_HIv3___RNAseq.g11841.t2",0,1,1,NA,NA,NA,NA,"ME1"
"Montipora_capitata_HIv3___RNAseq.g11851.t1",1,0,0,NA,NA,NA,NA,"ME3"
"Montipora_capitata_HIv3___RNAseq.g11865.t1",1,0,0,NA,NA,NA,NA,"ME1"
"Montipora_capitata_HIv3___RNAseq.g11867.t1",0,1,0,0.0111541248535685,"Other",NA,NA,"ME26"
"Montipora_capitata_HIv3___RNAseq.g11868.t1",1,0,0,NA,NA,NA,NA,"ME11"
"Montipora_capitata_HIv3___RNAseq.g11872.t1",0,1,0,NA,NA,NA,NA,"ME2"
"Montipora_capitata_HIv3___TS.g44721.t1",0,1,0,NA,NA,NA,NA,"ME2"
"Montipora_capitata_HIv3___RNAseq.g11876.t1",0,0,1,1.15214296510805e-08,"Monotonous",1,0.546554576650877,"ME10"
"Montipora_capitata_HIv3___RNAseq.g11877.t1",0,0,1,0.0111611753134384,"Monotonous",1,0.731013196157886,"ME8"
"Montipora_capitata_HIv3___RNAseq.g11881.t1",0,0,1,1.10795843078992e-06,"Monotonous",6,0.944606055669176,"ME8"
"Montipora_capitata_HIv3___RNAseq.g11883.t1",0,0,1,2.29243375291599e-07,"Monotonous",6,0.951759534336669,"ME8"
"Montipora_capitata_HIv3___RNAseq.g11884.t1",1,0,0,NA,NA,NA,NA,"ME3"
"Montipora_capitata_HIv3___RNAseq.g11902.t1",1,0,0,NA,NA,NA,NA,"ME31"
"Montipora_capitata_HIv3___RNAseq.g11904.t1",0,0,1,NA,NA,NA,NA,"ME0"
"Montipora_capitata_HIv3___RNAseq.g11905.t1",0,1,0,0.00251517112003831,"Monotonous",6,0.809987237740312,"ME3"
"Montipora_capitata_HIv3___RNAseq.g11909.t1",1,0,0,NA,NA,NA,NA,"ME26"
"Montipora_capitata_HIv3___RNAseq.g11913.t1",0,1,0,NA,NA,NA,NA,"ME9"
"Montipora_capitata_HIv3___RNAseq.g11914.t2",1,0,0,NA,NA,NA,NA,"ME0"
"Montipora_capitata_HIv3___RNAseq.g11917.t1",0,1,0,NA,NA,NA,NA,"ME4"
"Montipora_capitata_HIv3___TS.g44769.t1c",1,0,0,0.0148601738080696,"Other",5,0.710210533342402,"ME4"
"Montipora_capitata_HIv3___RNAseq.g11921.t2",2,0,1,NA,NA,NA,NA,"ME8"
"Montipora_capitata_HIv3___TS.g44772.t1",0,1,0,0.000154605890128251,"Monotonous",6,0.914386617270024,"ME9"
"Montipora_capitata_HIv3___RNAseq.g11928.t1",0,1,0,NA,NA,NA,NA,"ME28"
"Montipora_capitata_HIv3___RNAseq.g11938.t2",1,0,0,NA,NA,NA,NA,"ME15"
"Montipora_capitata_HIv3___RNAseq.g11940.t1",1,0,0,NA,NA,NA,NA,"ME19"
"Montipora_capitata_HIv3___RNAseq.g11946.t1",0,1,0,NA,NA,NA,NA,"ME1"
"Montipora_capitata_HIv3___RNAseq.g11950.t1",1,0,1,0.00187700636860236,"Monotonous",6,0.951142117697621,"ME26"
"Montipora_capitata_HIv3___RNAseq.g11952.t1",1,0,0,NA,NA,NA,NA,"ME0"
"Montipora_capitata_HIv3___TS.g44801.t1",1,1,1,NA,NA,NA,NA,"ME1"
"Montipora_capitata_HIv3___RNAseq.g11960.t1",1,0,0,NA,NA,NA,NA,"ME10"
"Montipora_capitata_HIv3___RNAseq.g11962.t1",1,0,0,NA,NA,NA,NA,"ME1"
"Montipora_capitata_HIv3___TS.g44811.t1",1,0,0,NA,NA,NA,NA,"ME0"
"Montipora_capitata_HIv3___TS.g44812.t1",0,1,0,NA,NA,NA,NA,"ME4"
"Montipora_capitata_HIv3___RNAseq.g11973.t1",1,0,0,0.0129887484889718,"Other",4,0.949262073316958,"ME3"
"Montipora_capitata_HIv3___RNAseq.g11975.t1",0,0,1,NA,NA,NA,NA,"ME18"
"Montipora_capitata_HIv3___TS.g44838.t1",0,1,0,NA,NA,NA,NA,"ME1"
"Montipora_capitata_HIv3___TS.g44845.t1",1,0,0,NA,NA,NA,NA,"ME20"
"Montipora_capitata_HIv3___RNAseq.g11995.t1",0,1,0,NA,NA,NA,NA,"ME0"
"Montipora_capitata_HIv3___RNAseq.g11996.t1",0,1,1,NA,NA,NA,NA,"ME20"
"Montipora_capitata_HIv3___TS.g44848.t1a",0,1,1,NA,NA,NA,NA,"ME5"
"Montipora_capitata_HIv3___TS.g44851.t1",0,1,0,NA,NA,NA,NA,"ME2"
"Montipora_capitata_HIv3___RNAseq.g12006.t1",1,0,0,3.32650114695412e-08,"Transient",NA,NA,"ME4"
"Montipora_capitata_HIv3___RNAseq.g12007.t1",0,1,0,0.00617645300990511,"Other",NA,NA,"ME1"
"Montipora_capitata_HIv3___TS.g44857.t1",1,0,0,0.02194674130021,"Other",5,0.803020255924644,"ME6"
"Montipora_capitata_HIv3___RNAseq.g12010.t1",0,0,1,0.0165584223262786,"Other",5,0.769195549188564,"ME6"
"Montipora_capitata_HIv3___RNAseq.g12012.t2",1,0,0,NA,NA,NA,NA,"ME7"
"Montipora_capitata_HIv3___RNAseq.g12015.t1",0,0,1,NA,NA,NA,NA,"ME12"
"Montipora_capitata_HIv3___RNAseq.g12016.t1",1,0,0,NA,NA,NA,NA,"ME0"
"Montipora_capitata_HIv3___RNAseq.g12018.t1",1,1,0,NA,NA,NA,NA,"ME10"
"Montipora_capitata_HIv3___RNAseq.g12019.t1",1,0,0,0.000119978011202825,"Other",2,0.632049965111355,"ME0"
"Montipora_capitata_HIv3___RNAseq.g12020.t1",0,0,1,NA,NA,NA,NA,"ME1"
"Montipora_capitata_HIv3___RNAseq.g12024.t1",0,1,0,4.24600021058254e-06,"Transient",4,0.644483289685149,"ME3"
"Montipora_capitata_HIv3___RNAseq.g12026.t1",1,0,0,5.32756594271527e-05,"Monotonous",6,0.693525983479758,"ME25"
"Montipora_capitata_HIv3___TS.g44875.t1",0,1,0,1.08896761135275e-10,"Transient",4,0.723520337414531,"ME6"
"Montipora_capitata_HIv3___RNAseq.g12029.t1",1,0,0,4.81170944003567e-05,"Monotonous",6,0.689548540349894,"ME25"
"Montipora_capitata_HIv3___RNAseq.g12031.t1",0,1,0,NA,NA,NA,NA,"ME30"
"Montipora_capitata_HIv3___RNAseq.g12036.t1",0,2,0,NA,NA,NA,NA,"ME2"
"Montipora_capitata_HIv3___TS.g44887.t1",1,0,0,NA,NA,NA,NA,"ME2"
"Montipora_capitata_HIv3___RNAseq.g12046.t2",1,0,0,4.27229386761536e-05,"Monotonous",6,0.950075346086608,"ME9"
"Montipora_capitata_HIv3___RNAseq.g12049.t1",1,0,1,NA,NA,NA,NA,"ME2"
"Montipora_capitata_HIv3___RNAseq.g12050.t1",1,0,0,NA,NA,NA,NA,"ME20"
"Montipora_capitata_HIv3___RNAseq.g12055.t1",1,0,0,NA,NA,NA,NA,"ME29"
"Montipora_capitata_HIv3___RNAseq.g12057.t1",1,0,0,NA,NA,NA,NA,"ME6"
"Montipora_capitata_HIv3___RNAseq.g12061.t1",1,0,0,NA,NA,NA,NA,"ME1"
"Montipora_capitata_HIv3___RNAseq.g12062.t1",1,0,0,NA,NA,NA,NA,"ME5"
"Montipora_capitata_HIv3___TS.g44911.t1",0,1,0,NA,NA,NA,NA,"ME5"
"Montipora_capitata_HIv3___RNAseq.g12069.t1b",1,0,0,NA,NA,NA,NA,"ME13"
"Montipora_capitata_HIv3___TS.g44916.t1",0,0,1,2.21948463505448e-06,"Transient",5,0.801964138174929,"ME3"
"Montipora_capitata_HIv3___RNAseq.g12075.t1",1,0,0,NA,NA,NA,NA,"ME2"
"Montipora_capitata_HIv3___RNAseq.g12076.t1",0,1,0,NA,NA,NA,NA,"ME1"
"Montipora_capitata_HIv3___RNAseq.g12079.t1",1,0,0,0.0179364138062428,"Other",2,0.705654903528769,"ME1"
"Montipora_capitata_HIv3___RNAseq.g12081.t1",1,0,0,0.0490484599657815,"Other",NA,NA,"ME3"
"Montipora_capitata_HIv3___RNAseq.6936_t",0,1,1,NA,NA,NA,NA,"ME3"
"Montipora_capitata_HIv3___TS.g44928.t1",0,1,0,NA,NA,NA,NA,"ME3"
"Montipora_capitata_HIv3___RNAseq.g12089.t1",0,1,0,0.0426337124374204,"Other",NA,NA,"ME19"
"Montipora_capitata_HIv3___TS.g44933.t1",2,0,0,NA,NA,NA,NA,"ME3"
"Montipora_capitata_HIv3___RNAseq.g12094.t1",0,0,1,NA,NA,NA,NA,"ME30"
"Montipora_capitata_HIv3___RNAseq.6945_t",3,0,2,NA,NA,NA,NA,"ME3"
"Montipora_capitata_HIv3___RNAseq.g12097.t1",1,0,0,NA,NA,NA,NA,"ME11"
"Montipora_capitata_HIv3___RNAseq.g12099.t1",1,0,0,NA,NA,NA,NA,"ME5"
"Montipora_capitata_HIv3___RNAseq.g12100.t1",1,0,0,NA,NA,NA,NA,"ME3"
"Montipora_capitata_HIv3___RNAseq.g12102.t1",0,1,0,NA,NA,NA,NA,"ME1"
"Montipora_capitata_HIv3___RNAseq.g12104.t1",1,0,0,NA,NA,NA,NA,"ME1"
"Montipora_capitata_HIv3___RNAseq.g12107.t1",2,0,0,0.0110810156354378,"Transient",3,0.95908107830236,"ME1"
"Montipora_capitata_HIv3___RNAseq.g12111.t1",1,1,0,NA,NA,NA,NA,"ME3"
"Montipora_capitata_HIv3___RNAseq.g12117.t1",1,0,0,6.33598409699538e-06,"Other",6,0.645237073487079,"ME10"
"Montipora_capitata_HIv3___RNAseq.g12120.t1",0,0,2,0.00567148811589298,"Monotonous",2,0.842086591034735,"ME1"
"Montipora_capitata_HIv3___RNAseq.g12121.t1",1,1,1,NA,NA,NA,NA,"ME0"
"Montipora_capitata_HIv3___RNAseq.g12122.t1",1,0,0,0.0353621936064809,"Other",NA,NA,"ME10"
"Montipora_capitata_HIv3___RNAseq.g12124.t1",0,0,1,NA,NA,NA,NA,"ME4"
"Montipora_capitata_HIv3___RNAseq.g12126.t1",1,0,0,NA,NA,NA,NA,"ME2"
"Montipora_capitata_HIv3___TS.g44972.t1",0,0,1,NA,NA,NA,NA,"ME11"
"Montipora_capitata_HIv3___RNAseq.g12135.t1",1,0,0,4.97364653417795e-09,"Transient",5,0.919136365845997,"ME3"
"Montipora_capitata_HIv3___TS.g44979.t1",1,0,0,0.03576510783577,"Other",3,0.974517491233524,"ME1"
"Montipora_capitata_HIv3___RNAseq.g12139.t1",0,1,0,NA,NA,NA,NA,"ME11"
"Montipora_capitata_HIv3___RNAseq.g12142.t1",0,0,1,NA,NA,NA,NA,"ME3"
"Montipora_capitata_HIv3___RNAseq.g12143.t1",0,0,1,NA,NA,NA,NA,"ME0"
"Montipora_capitata_HIv3___RNAseq.g12145.t1",1,0,0,0.0248101306592984,"Other",6,0.792984883020133,"ME2"
"Montipora_capitata_HIv3___RNAseq.g12147.t1",1,0,0,NA,NA,NA,NA,"ME3"
"Montipora_capitata_HIv3___RNAseq.g12152.t1",1,0,0,0.000125296949244528,"Transient",4,0.938690765984119,"ME7"
"Montipora_capitata_HIv3___RNAseq.g12153.t1",1,0,0,4.47032044171987e-09,"Transient",4,0.873282403987116,"ME6"
"Montipora_capitata_HIv3___RNAseq.g12156.t1",1,0,0,NA,NA,NA,NA,"ME20"
"Montipora_capitata_HIv3___TS.g45000.t1",1,0,0,NA,NA,NA,NA,"ME1"
"Montipora_capitata_HIv3___TS.g45001.t1b",0,1,0,NA,NA,NA,NA,"ME0"
"Montipora_capitata_HIv3___RNAseq.g12163.t1",1,0,0,NA,NA,NA,NA,"ME4"
"Montipora_capitata_HIv3___TS.g45005.t1",1,0,0,NA,NA,NA,NA,"ME1"
"Montipora_capitata_HIv3___RNAseq.g12164.t1",0,0,1,NA,NA,NA,NA,"ME10"
"Montipora_capitata_HIv3___RNAseq.g12169.t1c",1,1,0,NA,NA,NA,NA,"ME7"
"Montipora_capitata_HIv3___RNAseq.g12171.t1",1,2,0,0.0066905500803533,"Transient",3,0.876552368319882,"ME1"
"Montipora_capitata_HIv3___RNAseq.g12173.t2",1,0,0,NA,NA,NA,NA,"ME3"
"Montipora_capitata_HIv3___RNAseq.g12174.t1",0,1,0,0.0172359757756823,"Other",4,0.644947483332111,"ME7"
"Montipora_capitata_HIv3___RNAseq.g872.t1",1,0,0,NA,NA,NA,NA,"ME1"
"Montipora_capitata_HIv3___RNAseq.g875.t1",1,0,0,NA,NA,NA,NA,"ME11"
"Montipora_capitata_HIv3___RNAseq.g879.t1",0,0,1,NA,NA,NA,NA,"ME17"
"Montipora_capitata_HIv3___RNAseq.g877.t1",0,0,1,1.46622294628606e-05,"Monotonous",6,0.990567911162923,"ME9"
"Montipora_capitata_HIv3___RNAseq.g764.t1",0,1,0,NA,NA,NA,NA,"ME7"
"Montipora_capitata_HIv3___RNAseq.g771.t2",1,0,0,NA,NA,NA,NA,"ME0"
"Montipora_capitata_HIv3___TS.g38285.t1",0,1,0,NA,NA,NA,NA,"ME0"
"Montipora_capitata_HIv3___RNAseq.g777.t1",0,1,0,NA,NA,NA,NA,"ME8"
"Montipora_capitata_HIv3___RNAseq.g779.t1",0,1,0,0.00080474775525167,"Monotonous",6,0.88748787668086,"ME8"
"Montipora_capitata_HIv3___RNAseq.g781.t1",0,1,0,NA,NA,NA,NA,"ME8"
"Montipora_capitata_HIv3___RNAseq.g782.t1",0,2,0,NA,NA,NA,NA,"ME1"
"Montipora_capitata_HIv3___RNAseq.g787.t1",2,0,0,1.20042165010531e-05,"Monotonous",2,0.799928184366063,"ME1"
"Montipora_capitata_HIv3___RNAseq.g789.t1",0,0,2,NA,NA,NA,NA,"ME0"
"Montipora_capitata_HIv3___RNAseq.g801.t1",0,1,0,NA,NA,NA,NA,"ME3"
"Montipora_capitata_HIv3___RNAseq.g805.t1",0,1,0,NA,NA,NA,NA,"ME3"
"Montipora_capitata_HIv3___RNAseq.g815.t1",2,0,1,NA,NA,NA,NA,"ME3"
"Montipora_capitata_HIv3___RNAseq.g816.t1",2,0,1,NA,NA,NA,NA,"ME3"
"Montipora_capitata_HIv3___TS.g38341.t2",1,0,0,NA,NA,NA,NA,"ME4"
"Montipora_capitata_HIv3___RNAseq.g830.t1",1,0,0,0.0475558873644006,"Other",4,0.537415003259061,"ME7"
"Montipora_capitata_HIv3___RNAseq.g833.t2",0,0,1,NA,NA,NA,NA,"ME15"
"Montipora_capitata_HIv3___RNAseq.g835.t1",1,0,0,0.00380209248572745,"Monotonous",2,0.820024343361942,"ME1"
"Montipora_capitata_HIv3___RNAseq.g837.t1",0,1,0,0.0191253203078881,"Monotonous",3,0.877885493920306,"ME1"
"Montipora_capitata_HIv3___RNAseq.g838.t1",0,1,0,NA,NA,NA,NA,"ME3"
"Montipora_capitata_HIv3___RNAseq.g843.t1",0,1,0,NA,NA,NA,NA,"ME3"
"Montipora_capitata_HIv3___TS.g38358.t1",1,0,0,NA,NA,NA,NA,"ME18"
"Montipora_capitata_HIv3___RNAseq.g851.t1",0,0,1,NA,NA,NA,NA,"ME2"
"Montipora_capitata_HIv3___RNAseq.g853.t1",1,1,0,NA,NA,NA,NA,"ME3"
"Montipora_capitata_HIv3___RNAseq.g863.t1",1,0,0,1.41138879890043e-06,"Monotonous",6,0.980797326441361,"ME9"
"Montipora_capitata_HIv3___RNAseq.g483.t1",0,0,1,NA,NA,NA,NA,"ME0"
"Montipora_capitata_HIv3___RNAseq.g586.t1",1,0,0,NA,NA,NA,NA,"ME0"
"Montipora_capitata_HIv3___TS.g38143.t1",1,0,0,NA,NA,NA,NA,"ME9"
"Montipora_capitata_HIv3___RNAseq.g416.t1",2,0,0,0.00279766553010061,"Transient",NA,NA,"ME5"
"Montipora_capitata_HIv3___RNAseq.g433.t1",0,2,0,NA,NA,NA,NA,"ME3"
"Montipora_capitata_HIv3___RNAseq.g444.t1",0,0,1,0.000432118660620468,"Transient",4,0.862811099283745,"ME6"
"Montipora_capitata_HIv3___RNAseq.g460.t1",1,0,0,NA,NA,NA,NA,"ME1"
"Montipora_capitata_HIv3___RNAseq.g461.t1",0,0,2,NA,NA,NA,NA,"ME6"
"Montipora_capitata_HIv3___RNAseq.g462.t1",2,0,0,8.54453233484443e-05,"Transient",5,0.946054736141235,"ME17"
"Montipora_capitata_HIv3___RNAseq.g466.t1a",1,0,0,0.0122922879009222,"Monotonous",2,0.811768436329294,"ME0"
"Montipora_capitata_HIv3___RNAseq.g468.t1",1,0,0,2.42511023244371e-05,"Transient",2,0.503686552180978,"ME20"
"Montipora_capitata_HIv3___RNAseq.g474.t1",1,0,0,NA,NA,NA,NA,"ME15"
"Montipora_capitata_HIv3___RNAseq.g475.t1",0,1,0,NA,NA,NA,NA,"ME5"
"Montipora_capitata_HIv3___TS.g37993.t2",1,0,0,NA,NA,NA,NA,"ME4"
"Montipora_capitata_HIv3___RNAseq.g486.t1",1,1,0,NA,NA,NA,NA,"ME2"
"Montipora_capitata_HIv3___TS.g37999.t2",1,1,0,NA,NA,NA,NA,"ME1"
"Montipora_capitata_HIv3___RNAseq.g488.t1",1,0,1,NA,NA,NA,NA,"ME18"
"Montipora_capitata_HIv3___RNAseq.g492.t1b",1,0,0,NA,NA,NA,NA,"ME16"
"Montipora_capitata_HIv3___TS.g38005.t2",0,2,0,NA,NA,NA,NA,"ME4"
"Montipora_capitata_HIv3___RNAseq.7193_t",1,0,0,NA,NA,NA,NA,"ME2"
"Montipora_capitata_HIv3___RNAseq.g498.t1",1,0,0,NA,NA,NA,NA,"ME10"
"Montipora_capitata_HIv3___RNAseq.g501.t1",1,0,0,0.000548568522841986,"Transient",3,0.897607767178036,"ME1"
"Montipora_capitata_HIv3___RNAseq.g502.t1",1,0,0,NA,NA,NA,NA,"ME16"
"Montipora_capitata_HIv3___RNAseq.g503.t1",0,1,0,2.43019299883786e-08,"Transient",3,0.940627826752023,"ME1"
"Montipora_capitata_HIv3___TS.g38017.t3",1,0,0,NA,NA,NA,NA,"ME21"
"Montipora_capitata_HIv3___RNAseq.g508.t1",0,3,0,0.0319190304857946,"Transient",5,0.685191995503807,"ME17"
"Montipora_capitata_HIv3___RNAseq.g509.t1",0,0,1,NA,NA,NA,NA,"ME16"
"Montipora_capitata_HIv3___RNAseq.g510.t1",0,0,1,0.00791983621291867,"Other",NA,NA,"ME19"
"Montipora_capitata_HIv3___RNAseq.g511.t1",1,1,0,NA,NA,NA,NA,"ME21"
"Montipora_capitata_HIv3___RNAseq.g512.t1b",1,0,1,NA,NA,NA,NA,"ME20"
"Montipora_capitata_HIv3___RNAseq.g512.t1a",0,0,1,0.0455843991118845,"Other",1,0.547134111310026,"ME10"
"Montipora_capitata_HIv3___RNAseq.g513.t1",0,1,0,0.000145673834083342,"Monotonous",1,0.93438981013976,"ME10"
"Montipora_capitata_HIv3___RNAseq.g514.t1",2,3,0,NA,NA,NA,NA,"ME13"
"Montipora_capitata_HIv3___RNAseq.g520.t1",0,0,1,NA,NA,NA,NA,"ME25"
"Montipora_capitata_HIv3___TS.g38044.t1",0,1,0,NA,NA,NA,NA,"ME2"
"Montipora_capitata_HIv3___RNAseq.g536.t1",1,0,0,NA,NA,NA,NA,"ME2"
"Montipora_capitata_HIv3___TS.g38048.t1",0,0,1,NA,NA,NA,NA,"ME13"
"Montipora_capitata_HIv3___RNAseq.g545.t1a",0,1,0,0.000854527802854759,"Monotonous",4,0.85670349865701,"ME1"
"Montipora_capitata_HIv3___RNAseq.g546.t1",0,0,1,NA,NA,NA,NA,"ME1"
"Montipora_capitata_HIv3___RNAseq.g551.t1",1,0,0,0.000239528631017441,"Transient",5,0.514769146307908,"ME3"
"Montipora_capitata_HIv3___RNAseq.g553.t1",0,0,1,NA,NA,NA,NA,"ME8"
"Montipora_capitata_HIv3___RNAseq.g555.t1",1,1,0,0.000282583731261667,"Monotonous",NA,NA,"ME3"
"Montipora_capitata_HIv3___TS.g38067.t1",0,0,1,NA,NA,NA,NA,"ME11"
"Montipora_capitata_HIv3___RNAseq.g557.t1",0,0,1,NA,NA,NA,NA,"ME15"
"Montipora_capitata_HIv3___RNAseq.g559.t1",0,1,0,NA,NA,NA,NA,"ME1"
"Montipora_capitata_HIv3___RNAseq.g562.t1",0,1,0,NA,NA,NA,NA,"ME3"
"Montipora_capitata_HIv3___RNAseq.g569.t1",0,1,0,NA,NA,NA,NA,"ME28"
"Montipora_capitata_HIv3___RNAseq.g570.t1",0,0,1,NA,NA,NA,NA,"ME0"
"Montipora_capitata_HIv3___RNAseq.g571.t1",1,0,1,0.0314426058260603,"Transient",3,0.705440177194293,"ME1"
"Montipora_capitata_HIv3___RNAseq.g575.t1",1,0,0,NA,NA,NA,NA,"ME0"
"Montipora_capitata_HIv3___RNAseq.g577.t1",0,1,1,0.0161598453362144,"Transient",3,0.529966791855681,"ME18"
"Montipora_capitata_HIv3___RNAseq.g579.t1a",1,0,0,0.000196269457522083,"Transient",3,0.957634548393476,"ME1"
"Montipora_capitata_HIv3___TS.g38094.t1",1,0,0,NA,NA,NA,NA,"ME3"
"Montipora_capitata_HIv3___RNAseq.g590.t1",1,0,0,NA,NA,NA,NA,"ME4"
"Montipora_capitata_HIv3___TS.g38113.t1",2,0,0,NA,NA,NA,NA,"ME4"
"Montipora_capitata_HIv3___TS.g38124.t1",1,0,0,0.0203386476182049,"Other",4,0.767981690503031,"ME3"
"Montipora_capitata_HIv3___RNAseq.g613.t1",0,3,0,0.0122743888876699,"Other",4,0.870763509598815,"ME2"
"Montipora_capitata_HIv3___TS.g38132.t1",0,1,0,NA,NA,NA,NA,"ME6"
"Montipora_capitata_HIv3___TS.g38133.t1",1,0,0,NA,NA,NA,NA,"ME1"
"Montipora_capitata_HIv3___TS.g38142.t1",0,1,0,1.69545947218763e-05,"Monotonous",6,0.974117851576827,"ME9"
"Montipora_capitata_HIv3___RNAseq.g630.t1",0,0,1,8.55549530948126e-07,"Monotonous",6,0.992373308407956,"ME9"
"Montipora_capitata_HIv3___RNAseq.g632.t2a",0,1,0,0.00173507894215454,"Monotonous",6,0.958755086999574,"ME9"
"Montipora_capitata_HIv3___TS.g38156.t1b",0,1,0,NA,NA,NA,NA,"ME1"
"Montipora_capitata_HIv3___TS.g38156.t1c",1,0,0,NA,NA,NA,NA,"ME2"
"Montipora_capitata_HIv3___RNAseq.g649.t1",1,0,0,NA,NA,NA,NA,"ME23"
"Montipora_capitata_HIv3___RNAseq.g652.t1",1,0,0,NA,NA,NA,NA,"ME16"
"Montipora_capitata_HIv3___RNAseq.g659.t1",0,0,1,0.0112398607298543,"Transient",5,0.970833222939139,"ME17"
"Montipora_capitata_HIv3___RNAseq.g660.t1",0,0,1,1.22568686194231e-05,"Transient",NA,NA,"ME3"
"Montipora_capitata_HIv3___RNAseq.g663.t1",1,0,0,NA,NA,NA,NA,"ME6"
"Montipora_capitata_HIv3___RNAseq.g664.t1",1,0,0,NA,NA,NA,NA,"ME19"
"Montipora_capitata_HIv3___RNAseq.g671.t1",0,1,1,0.036190527968332,"Monotonous",1,0.660288712932495,"ME3"
"Montipora_capitata_HIv3___RNAseq.g677.t1",1,0,0,NA,NA,NA,NA,"ME3"
"Montipora_capitata_HIv3___RNAseq.g678.t1",1,0,0,NA,NA,NA,NA,"ME3"
"Montipora_capitata_HIv3___RNAseq.g680.t1",1,0,0,NA,NA,NA,NA,"ME3"
"Montipora_capitata_HIv3___TS.g38192.t1",0,0,1,NA,NA,NA,NA,"ME2"
"Montipora_capitata_HIv3___RNAseq.g687.t1",1,0,0,0.00863207543495435,"Other",NA,NA,"ME8"
"Montipora_capitata_HIv3___RNAseq.g691.t1",0,0,1,NA,NA,NA,NA,"ME0"
"Montipora_capitata_HIv3___RNAseq.g694.t1",0,1,0,NA,NA,NA,NA,"ME0"
"Montipora_capitata_HIv3___RNAseq.g698.t1",1,2,0,NA,NA,NA,NA,"ME0"
"Montipora_capitata_HIv3___RNAseq.g699.t1",1,0,0,NA,NA,NA,NA,"ME28"
"Montipora_capitata_HIv3___TS.g38217.t1",0,1,0,NA,NA,NA,NA,"ME14"
"Montipora_capitata_HIv3___RNAseq.g708.t1",0,0,1,NA,NA,NA,NA,"ME2"
"Montipora_capitata_HIv3___TS.g38223.t1",0,1,0,NA,NA,NA,NA,"ME24"
"Montipora_capitata_HIv3___RNAseq.g713.t1",0,1,0,NA,NA,NA,NA,"ME0"
"Montipora_capitata_HIv3___TS.g38225.t1a",0,2,0,NA,NA,NA,NA,"ME4"
"Montipora_capitata_HIv3___RNAseq.g719.t1",0,0,1,0.0120135266802276,"Transient",4,0.871410567366372,"ME3"
"Montipora_capitata_HIv3___RNAseq.g726.t1",2,0,0,NA,NA,NA,NA,"ME4"
"Montipora_capitata_HIv3___RNAseq.g727.t1a",0,0,1,NA,NA,NA,NA,"ME7"
"Montipora_capitata_HIv3___RNAseq.7433_t",1,0,0,NA,NA,NA,NA,"ME6"
"Montipora_capitata_HIv3___RNAseq.g731.t2",0,0,1,0.0410796211034686,"Transient",3,0.946249619539775,"ME1"
"Montipora_capitata_HIv3___RNAseq.g732.t1",0,0,1,NA,NA,NA,NA,"ME0"
"Montipora_capitata_HIv3___RNAseq.g733.t1",0,1,0,NA,NA,NA,NA,"ME12"
"Montipora_capitata_HIv3___RNAseq.g738.t1",1,0,0,0.00156865741532923,"Monotonous",1,0.581868205419696,"ME3"
"Montipora_capitata_HIv3___TS.g38259.t1",0,0,1,NA,NA,NA,NA,"ME2"
"Montipora_capitata_HIv3___RNAseq.g752.t1",0,0,1,0.0130151957635919,"Transient",5,0.837464486945962,"ME6"
"Montipora_capitata_HIv3___RNAseq.g756.t1",2,2,0,NA,NA,NA,NA,"ME1"
"Montipora_capitata_HIv3___TS.g38272.t2",1,0,0,0.0259822412399892,"Other",1,0.538759032639347,"ME4"
"Montipora_capitata_HIv3___RNAseq.g887.t1a",1,0,0,NA,NA,NA,NA,"ME4"
"Montipora_capitata_HIv3___RNAseq.g887.t1b",0,0,1,0.000116429784558413,"Other",6,0.942501963799423,"ME26"
"Montipora_capitata_HIv3___RNAseq.g892.t1",2,0,0,1.7274852672264e-06,"Monotonous",6,0.989301861828838,"ME9"
"Montipora_capitata_HIv3___TS.g38416.t1",1,0,1,NA,NA,NA,NA,"ME6"
"Montipora_capitata_HIv3___RNAseq.g901.t1",0,0,1,NA,NA,NA,NA,"ME1"
"Montipora_capitata_HIv3___TS.g38419.t1",1,1,0,NA,NA,NA,NA,"ME19"
"Montipora_capitata_HIv3___RNAseq.g907.t1",0,0,1,NA,NA,NA,NA,"ME0"
"Montipora_capitata_HIv3___TS.g38423.t2b",0,1,0,NA,NA,NA,NA,"ME12"
"Montipora_capitata_HIv3___RNAseq.g916.t1b",0,0,1,NA,NA,NA,NA,"ME6"
"Montipora_capitata_HIv3___RNAseq.g917.t1",2,0,0,2.48052676520943e-10,"Transient",1,0.578593429580366,"ME10"
"Montipora_capitata_HIv3___RNAseq.g918.t1",1,1,0,NA,NA,NA,NA,"ME2"
"Montipora_capitata_HIv3___RNAseq.g919.t1",1,1,0,0.0183236813651233,"Transient",3,0.969651237965883,"ME30"
"Montipora_capitata_HIv3___RNAseq.g927.t2",1,1,0,NA,NA,NA,NA,"ME13"
"Montipora_capitata_HIv3___TS.g38874.t1",0,0,1,NA,NA,NA,NA,"ME11"
"Montipora_capitata_HIv3___RNAseq.g1406.t1",0,1,0,NA,NA,NA,NA,"ME0"
"Montipora_capitata_HIv3___RNAseq.g1419.t1",0,1,0,NA,NA,NA,NA,"ME0"
"Montipora_capitata_HIv3___RNAseq.g1420.t1",2,0,0,NA,NA,NA,NA,"ME2"
"Montipora_capitata_HIv3___TS.g38799.t1",1,0,0,NA,NA,NA,NA,"ME0"
"Montipora_capitata_HIv3___TS.g38813.t1",1,0,0,NA,NA,NA,NA,"ME1"
"Montipora_capitata_HIv3___RNAseq.g1227.t1",2,0,0,NA,NA,NA,NA,"ME5"
"Montipora_capitata_HIv3___RNAseq.g1260.t1",1,0,0,NA,NA,NA,NA,"ME4"
"Montipora_capitata_HIv3___TS.g38794.t1",0,1,0,NA,NA,NA,NA,"ME0"
"Montipora_capitata_HIv3___RNAseq.g1312.t1",0,2,0,NA,NA,NA,NA,"ME2"
"Montipora_capitata_HIv3___TS.g38868.t1",0,1,0,NA,NA,NA,NA,"ME0"
"Montipora_capitata_HIv3___RNAseq.g1676.t1",1,1,0,NA,NA,NA,NA,"ME0"
"Montipora_capitata_HIv3___TS.g38526.t1b",1,0,0,NA,NA,NA,NA,"ME0"
"Montipora_capitata_HIv3___RNAseq.g1034.t1",0,1,1,NA,NA,NA,NA,"ME0"
"Montipora_capitata_HIv3___RNAseq.g1055.t1",1,0,0,NA,NA,NA,NA,"ME4"
"Montipora_capitata_HIv3___RNAseq.g1056.t1",0,1,0,NA,NA,NA,NA,"ME23"
"Montipora_capitata_HIv3___RNAseq.g1068.t1",1,0,0,NA,NA,NA,NA,"ME0"
"Montipora_capitata_HIv3___RNAseq.g1129.t1",0,0,1,NA,NA,NA,NA,"ME4"
"Montipora_capitata_HIv3___RNAseq.g1143.t1",2,0,0,0.0280114779141672,"Other",NA,NA,"ME0"
"Montipora_capitata_HIv3___RNAseq.g941.t1",0,0,1,1.68804630143569e-05,"Monotonous",2,0.90338181616611,"ME1"
"Montipora_capitata_HIv3___RNAseq.g949.t1",1,0,0,NA,NA,NA,NA,"ME11"
"Montipora_capitata_HIv3___TS.g38464.t2c",1,0,0,0.014333863861981,"Other",2,0.567658983955838,"ME1"
"Montipora_capitata_HIv3___TS.g38468.t2",0,0,2,NA,NA,NA,NA,"ME7"
"Montipora_capitata_HIv3___RNAseq.g957.t1",0,1,1,NA,NA,NA,NA,"ME16"
"Montipora_capitata_HIv3___TS.g38472.t1",0,1,1,1.69456043784326e-07,"Transient",4,0.678671981290233,"ME20"
"Montipora_capitata_HIv3___RNAseq.g966.t1",0,1,0,NA,NA,NA,NA,"ME3"
"Montipora_capitata_HIv3___TS.g38492.t1",1,0,0,0.00190358836841575,"Other",6,0.972799054563597,"ME9"
"Montipora_capitata_HIv3___RNAseq.g978.t1b",2,0,0,NA,NA,NA,NA,"ME1"
"Montipora_capitata_HIv3___RNAseq.7705_t",1,0,0,NA,NA,NA,NA,"ME5"
"Montipora_capitata_HIv3___RNAseq.g989.t1",1,0,0,NA,NA,NA,NA,"ME4"
"Montipora_capitata_HIv3___RNAseq.g1002.t1",0,1,0,NA,NA,NA,NA,"ME1"
"Montipora_capitata_HIv3___RNAseq.g1005.t1",1,0,0,0.0220992284986189,"Monotonous",6,0.823245220769477,"ME6"
"Montipora_capitata_HIv3___RNAseq.g1007.t1",1,0,0,NA,NA,NA,NA,"ME1"
"Montipora_capitata_HIv3___RNAseq.g1009.t1",0,0,1,0.0210553642102395,"Transient",NA,NA,"ME10"
"Montipora_capitata_HIv3___TS.g38526.t1a",1,0,0,NA,NA,NA,NA,"ME8"
"Montipora_capitata_HIv3___RNAseq.g1017.t1",0,1,0,0.00591965272659213,"Monotonous",4,0.540516566104467,"ME1"
"Montipora_capitata_HIv3___RNAseq.g1018.t1",1,0,0,NA,NA,NA,NA,"ME13"
"Montipora_capitata_HIv3___RNAseq.g1082.t1",0,0,2,NA,NA,NA,NA,"ME23"
"Montipora_capitata_HIv3___RNAseq.g1086.t1",0,1,0,NA,NA,NA,NA,"ME5"
"Montipora_capitata_HIv3___TS.g38601.t1",1,0,0,NA,NA,NA,NA,"ME18"
"Montipora_capitata_HIv3___RNAseq.g1123.t1",1,0,0,NA,NA,NA,NA,"ME1"
"Montipora_capitata_HIv3___RNAseq.g1134.t1a",1,0,0,0.0186823711833536,"Other",5,0.667514409782217,"ME4"
"Montipora_capitata_HIv3___RNAseq.g1135.t1",1,1,0,NA,NA,NA,NA,"ME23"
"Montipora_capitata_HIv3___RNAseq.g1138.t1",1,0,0,NA,NA,NA,NA,"ME22"
"Montipora_capitata_HIv3___RNAseq.g1149.t1",0,1,0,0.00788269754763645,"Other",4,0.939435659517004,"ME7"
"Montipora_capitata_HIv3___RNAseq.g1160.t1",1,0,0,0.00529651911437893,"Other",3,0.872341347503273,"ME19"
"Montipora_capitata_HIv3___RNAseq.g1166.t1",1,0,0,NA,NA,NA,NA,"ME4"
"Montipora_capitata_HIv3___RNAseq.g1169.t1",0,1,0,NA,NA,NA,NA,"ME26"
"Montipora_capitata_HIv3___RNAseq.g1173.t1",0,1,0,NA,NA,NA,NA,"ME5"
"Montipora_capitata_HIv3___RNAseq.g1189.t1",0,1,0,NA,NA,NA,NA,"ME0"
"Montipora_capitata_HIv3___RNAseq.g1190.t1",1,0,0,0.00274468700486132,"Other",5,0.944306246842496,"ME6"
"Montipora_capitata_HIv3___RNAseq.g1191.t1",1,0,0,NA,NA,NA,NA,"ME6"
"Montipora_capitata_HIv3___RNAseq.g1197.t1",1,0,1,NA,NA,NA,NA,"ME3"
"Montipora_capitata_HIv3___RNAseq.g1201.t1",0,1,0,NA,NA,NA,NA,"ME0"
"Montipora_capitata_HIv3___TS.g38724.t1",1,0,0,0.000805356296195227,"Monotonous",3,0.639901634140669,"ME1"
"Montipora_capitata_HIv3___RNAseq.g1206.t1",1,0,0,NA,NA,NA,NA,"ME0"
"Montipora_capitata_HIv3___RNAseq.g1207.t1",1,0,0,NA,NA,NA,NA,"ME4"
"Montipora_capitata_HIv3___TS.g38730.t1",1,0,0,0.00243210611920092,"Monotonous",2,0.659015120323819,"ME1"
"Montipora_capitata_HIv3___RNAseq.g1213.t1",1,0,0,NA,NA,NA,NA,"ME1"
"Montipora_capitata_HIv3___RNAseq.g1215.t1",1,0,1,NA,NA,NA,NA,"ME1"
"Montipora_capitata_HIv3___RNAseq.g1216.t1",0,0,1,NA,NA,NA,NA,"ME4"
"Montipora_capitata_HIv3___RNAseq.g1218.t1",0,0,1,NA,NA,NA,NA,"ME4"
"Montipora_capitata_HIv3___RNAseq.g1219.t1",0,0,1,8.70910433262143e-13,"Monotonous",3,0.71995042087601,"ME1"
"Montipora_capitata_HIv3___RNAseq.g1221.t1",1,0,0,NA,NA,NA,NA,"ME2"
"Montipora_capitata_HIv3___RNAseq.7970_t",1,0,0,NA,NA,NA,NA,"ME4"
"Montipora_capitata_HIv3___RNAseq.g1224.t1a",1,0,0,NA,NA,NA,NA,"ME6"
"Montipora_capitata_HIv3___RNAseq.g1551.t1",1,0,0,NA,NA,NA,NA,"ME0"
"Montipora_capitata_HIv3___RNAseq.g1523.t1",1,0,0,0.00428386428428346,"Other",5,0.633674751012798,"ME23"
"Montipora_capitata_HIv3___RNAseq.g1536.t1",1,0,0,NA,NA,NA,NA,"ME4"
"Montipora_capitata_HIv3___RNAseq.g1537.t1",1,0,0,NA,NA,NA,NA,"ME7"
"Montipora_capitata_HIv3___RNAseq.g1538.t1",1,1,0,0.0310059728264618,"Other",5,0.55378676605738,"ME4"
"Montipora_capitata_HIv3___RNAseq.g1541.t1",0,1,0,NA,NA,NA,NA,"ME2"
"Montipora_capitata_HIv3___RNAseq.g1542.t1",1,0,0,NA,NA,NA,NA,"ME2"
"Montipora_capitata_HIv3___TS.g39055.t1",1,0,0,NA,NA,NA,NA,"ME10"
"Montipora_capitata_HIv3___RNAseq.g1547.t1",0,0,1,NA,NA,NA,NA,"ME0"
"Montipora_capitata_HIv3___TS.g39065.t1",1,0,0,NA,NA,NA,NA,"ME0"
"Montipora_capitata_HIv3___TS.g39072.t1",1,0,0,0.0296173838887925,"Monotonous",4,0.587769973560485,"ME0"
"Montipora_capitata_HIv3___RNAseq.g1561.t1",1,0,0,NA,NA,NA,NA,"ME17"
"Montipora_capitata_HIv3___TS.g39087.t1",0,1,0,NA,NA,NA,NA,"ME0"
"Montipora_capitata_HIv3___RNAseq.g1682.t1",1,0,0,NA,NA,NA,NA,"ME0"
"Montipora_capitata_HIv3___RNAseq.g1683.t1",1,0,0,NA,NA,NA,NA,"ME1"
"Montipora_capitata_HIv3___TS.g39200.t2",1,0,0,NA,NA,NA,NA,"ME10"
"Montipora_capitata_HIv3___RNAseq.g1694.t1",1,0,0,NA,NA,NA,NA,"ME0"
"Montipora_capitata_HIv3___RNAseq.g1695.t1",0,1,0,NA,NA,NA,NA,"ME1"
"Montipora_capitata_HIv3___RNAseq.g1702.t1",0,1,0,NA,NA,NA,NA,"ME13"
"Montipora_capitata_HIv3___TS.g39228.t1",0,0,2,NA,NA,NA,NA,"ME22"
"Montipora_capitata_HIv3___RNAseq.g1894.t1",0,0,1,NA,NA,NA,NA,"ME11"
"Montipora_capitata_HIv3___RNAseq.8605_t",0,0,2,NA,NA,NA,NA,"ME2"
"Montipora_capitata_HIv3___RNAseq.g1888.t1",1,0,0,NA,NA,NA,NA,"ME2"
"Montipora_capitata_HIv3___RNAseq.g1799.t1",0,0,1,1.64763404646244e-05,"Other",5,0.77813671712446,"ME8"
"Montipora_capitata_HIv3___RNAseq.g1808.t1",0,2,0,NA,NA,NA,NA,"ME5"
"Montipora_capitata_HIv3___RNAseq.g2035.t1",0,1,0,NA,NA,NA,NA,"ME4"
"Montipora_capitata_HIv3___RNAseq.g2067.t1",1,0,0,NA,NA,NA,NA,"ME1"
"Montipora_capitata_HIv3___RNAseq.g2052.t1",0,1,0,NA,NA,NA,NA,"ME4"
"Montipora_capitata_HIv3___RNAseq.g2041.t1",0,0,1,NA,NA,NA,NA,"ME0"
"Montipora_capitata_HIv3___RNAseq.g2043.t1",0,1,0,NA,NA,NA,NA,"ME2"
"Montipora_capitata_HIv3___RNAseq.g2045.t1",0,0,1,NA,NA,NA,NA,"ME9"
"Montipora_capitata_HIv3___RNAseq.g2046.t1",0,0,1,NA,NA,NA,NA,"ME0"
"Montipora_capitata_HIv3___TS.g39566.t1b",0,0,1,0.0410796211034686,"Other",5,0.875761006770907,"ME4"
"Montipora_capitata_HIv3___TS.g39583.t1",0,1,0,NA,NA,NA,NA,"ME0"
"Montipora_capitata_HIv3___TS.g39589.t1",1,0,1,0.000594241046690489,"Monotonous",6,0.78805856539629,"ME9"
"Montipora_capitata_HIv3___TS.g39420.t1",1,1,0,NA,NA,NA,NA,"ME6"
"Montipora_capitata_HIv3___RNAseq.g1910.t1",1,1,0,NA,NA,NA,NA,"ME7"
"Montipora_capitata_HIv3___RNAseq.g1912.t1",0,0,1,0.0211973325989262,"Other",NA,NA,"ME26"
"Montipora_capitata_HIv3___RNAseq.g1920.t1",0,0,1,NA,NA,NA,NA,"ME4"
"Montipora_capitata_HIv3___RNAseq.g1921.t1",1,1,0,NA,NA,NA,NA,"ME4"
"Montipora_capitata_HIv3___RNAseq.g1924.t1",0,0,1,0.0188779899459168,"Transient",3,0.777074263060814,"ME1"
"Montipora_capitata_HIv3___RNAseq.g1927.t1",0,1,0,0.0195419029142762,"Other",4,0.58853002865831,"ME0"
"Montipora_capitata_HIv3___RNAseq.g1928.t1",0,1,0,NA,NA,NA,NA,"ME3"
"Montipora_capitata_HIv3___TS.g39439.t2",1,0,0,NA,NA,NA,NA,"ME11"
"Montipora_capitata_HIv3___RNAseq.g1930.t1",1,0,0,0.00452557551418775,"Other",4,0.768675485858006,"ME20"
"Montipora_capitata_HIv3___RNAseq.g1931.t1",0,0,1,NA,NA,NA,NA,"ME2"
"Montipora_capitata_HIv3___RNAseq.g1932.t1",1,0,0,0.0138866773445257,"Other",5,0.94446228250677,"ME6"
"Montipora_capitata_HIv3___TS.g39447.t1",0,1,0,NA,NA,NA,NA,"ME5"
"Montipora_capitata_HIv3___RNAseq.g1936.t1",1,0,0,NA,NA,NA,NA,"ME5"
"Montipora_capitata_HIv3___RNAseq.g1946.t1",0,1,0,NA,NA,NA,NA,"ME0"
"Montipora_capitata_HIv3___RNAseq.g1963.t1",0,2,1,NA,NA,NA,NA,"ME2"
"Montipora_capitata_HIv3___RNAseq.g1971.t1c",1,0,1,NA,NA,NA,NA,"ME1"
"Montipora_capitata_HIv3___RNAseq.g1973.t1",1,0,0,NA,NA,NA,NA,"ME24"
"Montipora_capitata_HIv3___RNAseq.g2069.t1",1,0,0,NA,NA,NA,NA,"ME8"
"Montipora_capitata_HIv3___TS.g39600.t3",1,0,1,0.0002488377335102,"Transient",3,0.9831180032258,"ME1"
"Montipora_capitata_HIv3___TS.g39932.t1",0,1,0,NA,NA,NA,NA,"ME31"
"Montipora_capitata_HIv3___TS.g39990.t1",1,0,0,NA,NA,NA,NA,"ME4"
"Montipora_capitata_HIv3___RNAseq.g2245.t1",1,0,0,NA,NA,NA,NA,"ME0"
"Montipora_capitata_HIv3___RNAseq.g2309.t1",1,0,0,NA,NA,NA,NA,"ME0"
"Montipora_capitata_HIv3___RNAseq.g2314.t1",0,1,0,NA,NA,NA,NA,"ME0"
"Montipora_capitata_HIv3___TS.g39868.t1",0,1,1,NA,NA,NA,NA,"ME0"
"Montipora_capitata_HIv3___RNAseq.g2325.t1",1,0,0,NA,NA,NA,NA,"ME0"
"Montipora_capitata_HIv3___RNAseq.g2326.t1",0,0,1,NA,NA,NA,NA,"ME0"
"Montipora_capitata_HIv3___RNAseq.g2076.t1",0,0,2,NA,NA,NA,NA,"ME0"
"Montipora_capitata_HIv3___TS.g39609.t2",0,0,1,NA,NA,NA,NA,"ME11"
"Montipora_capitata_HIv3___RNAseq.g2088.t1",0,0,1,NA,NA,NA,NA,"ME4"
"Montipora_capitata_HIv3___RNAseq.g2097.t1",0,2,0,0.0159259644905836,"Monotonous",2,0.718590805362571,"ME1"
"Montipora_capitata_HIv3___RNAseq.g2099.t1",0,1,0,NA,NA,NA,NA,"ME1"
"Montipora_capitata_HIv3___RNAseq.g2101.t1",1,1,0,NA,NA,NA,NA,"ME24"
"Montipora_capitata_HIv3___RNAseq.g2127.t1",0,1,0,NA,NA,NA,NA,"ME3"
"Montipora_capitata_HIv3___RNAseq.g2129.t1",0,0,1,NA,NA,NA,NA,"ME0"
"Montipora_capitata_HIv3___RNAseq.g2170.t1",0,1,0,NA,NA,NA,NA,"ME3"
"Montipora_capitata_HIv3___RNAseq.g2174.t1",1,0,0,NA,NA,NA,NA,"ME1"
"Montipora_capitata_HIv3___TS.g39721.t1b",0,0,1,NA,NA,NA,NA,"ME0"
"Montipora_capitata_HIv3___RNAseq.g2185.t1",0,1,0,NA,NA,NA,NA,"ME11"
"Montipora_capitata_HIv3___RNAseq.g2249.t1a",1,0,0,NA,NA,NA,NA,"ME2"
"Montipora_capitata_HIv3___RNAseq.g2251.t1",0,1,0,NA,NA,NA,NA,"ME2"
"Montipora_capitata_HIv3___RNAseq.g2253.t1",1,0,0,NA,NA,NA,NA,"ME0"
"Montipora_capitata_HIv3___RNAseq.g2257.t1",1,0,0,NA,NA,NA,NA,"ME0"
"Montipora_capitata_HIv3___RNAseq.g2267.t1",1,2,0,NA,NA,NA,NA,"ME1"
"Montipora_capitata_HIv3___TS.g39813.t1",1,1,0,NA,NA,NA,NA,"ME2"
"Montipora_capitata_HIv3___TS.g39823.t1b",1,0,0,NA,NA,NA,NA,"ME0"
"Montipora_capitata_HIv3___TS.g39823.t1a",0,0,1,NA,NA,NA,NA,"ME13"
"Montipora_capitata_HIv3___RNAseq.g2282.t1",0,0,1,NA,NA,NA,NA,"ME0"
"Montipora_capitata_HIv3___RNAseq.g2283.t1",1,0,0,NA,NA,NA,NA,"ME2"
"Montipora_capitata_HIv3___RNAseq.g2337.t1a",1,1,0,3.80366874780012e-07,"Monotonous",1,0.82008415068004,"ME3"
"Montipora_capitata_HIv3___TS.g39896.t1",0,2,0,NA,NA,NA,NA,"ME1"
"Montipora_capitata_HIv3___TS.g39898.t1",1,0,0,NA,NA,NA,NA,"ME1"
"Montipora_capitata_HIv3___TS.g39899.t1",2,0,1,NA,NA,NA,NA,"ME7"
"Montipora_capitata_HIv3___RNAseq.g2346.t1",2,0,1,0.00397056986827507,"Transient",5,0.943794808505984,"ME17"
"Montipora_capitata_HIv3___RNAseq.g2349.t1",1,0,0,NA,NA,NA,NA,"ME1"
"Montipora_capitata_HIv3___RNAseq.g2354.t1",1,0,0,NA,NA,NA,NA,"ME4"
"Montipora_capitata_HIv3___RNAseq.g2355.t1",0,0,1,NA,NA,NA,NA,"ME4"
"Montipora_capitata_HIv3___RNAseq.g2356.t1",0,0,1,NA,NA,NA,NA,"ME0"
"Montipora_capitata_HIv3___RNAseq.g2513.t1",0,0,1,0.00181661044961667,"Monotonous",6,0.97892455853602,"ME9"
"Montipora_capitata_HIv3___TS.g39997.t1",1,1,0,NA,NA,NA,NA,"ME1"
"Montipora_capitata_HIv3___RNAseq.g2444.t1",1,1,0,NA,NA,NA,NA,"ME1"
"Montipora_capitata_HIv3___TS.g40000.t2",0,1,0,0.00423518448740551,"Monotonous",NA,NA,"ME3"
"Montipora_capitata_HIv3___RNAseq.g2454.t1",1,0,0,NA,NA,NA,NA,"ME0"
"Montipora_capitata_HIv3___RNAseq.g2466.t1",0,0,1,NA,NA,NA,NA,"ME3"
"Montipora_capitata_HIv3___TS.g40023.t1a",1,0,0,NA,NA,NA,NA,"ME0"
"Montipora_capitata_HIv3___RNAseq.g2470.t1",0,1,0,NA,NA,NA,NA,"ME3"
"Montipora_capitata_HIv3___TS.g40030.t1",1,0,0,NA,NA,NA,NA,"ME23"
"Montipora_capitata_HIv3___RNAseq.g2480.t1",0,0,2,1.39607409413596e-05,"Monotonous",6,0.993957125228952,"ME9"
"Montipora_capitata_HIv3___RNAseq.g2497.t1",0,1,0,NA,NA,NA,NA,"ME0"
"Montipora_capitata_HIv3___RNAseq.g2604.t1",0,0,1,NA,NA,NA,NA,"ME4"
"Montipora_capitata_HIv3___RNAseq.g2646.t1",1,0,1,NA,NA,NA,NA,"ME4"
"Montipora_capitata_HIv3___RNAseq.g2648.t1",1,0,0,NA,NA,NA,NA,"ME4"
"Montipora_capitata_HIv3___TS.g40257.t1",0,0,1,NA,NA,NA,NA,"ME1"
"Montipora_capitata_HIv3___RNAseq.g2786.t1",1,0,0,NA,NA,NA,NA,"ME1"
"Montipora_capitata_HIv3___RNAseq.g2879.t1",0,0,1,NA,NA,NA,NA,"ME0"
"Montipora_capitata_HIv3___TS.g40074.t1",0,1,0,0.000350505315379587,"Monotonous",6,0.949091020657216,"ME9"
"Montipora_capitata_HIv3___RNAseq.g2532.t1",0,1,0,NA,NA,NA,NA,"ME1"
"Montipora_capitata_HIv3___RNAseq.g2533.t1",0,1,0,NA,NA,NA,NA,"ME0"
"Montipora_capitata_HIv3___RNAseq.g2534.t1",1,0,0,NA,NA,NA,NA,"ME0"
"Montipora_capitata_HIv3___RNAseq.g2535.t1",0,0,1,NA,NA,NA,NA,"ME0"
"Montipora_capitata_HIv3___RNAseq.g2536.t1",0,0,1,0.0412598776477148,"Other",4,0.564770866715798,"ME6"
"Montipora_capitata_HIv3___RNAseq.g2557.t1",1,0,0,NA,NA,NA,NA,"ME4"
"Montipora_capitata_HIv3___RNAseq.g2567.t1",1,0,0,NA,NA,NA,NA,"ME3"
"Montipora_capitata_HIv3___TS.g40141.t1",0,1,0,NA,NA,NA,NA,"ME4"
"Montipora_capitata_HIv3___RNAseq.g2580.t1",0,1,0,0.0496204262384441,"Monotonous",3,0.936950210971565,"ME18"
"Montipora_capitata_HIv3___RNAseq.g2584.t1",0,1,1,NA,NA,NA,NA,"ME5"
"Montipora_capitata_HIv3___RNAseq.g2587.t1",0,1,0,NA,NA,NA,NA,"ME1"
"Montipora_capitata_HIv3___TS.g40163.t1",1,0,0,NA,NA,NA,NA,"ME3"
"Montipora_capitata_HIv3___RNAseq.g2619.t1",1,0,0,NA,NA,NA,NA,"ME24"
"Montipora_capitata_HIv3___RNAseq.g2632.t1",0,1,0,NA,NA,NA,NA,"ME5"
"Montipora_capitata_HIv3___RNAseq.g2640.t1a",0,1,1,1.08285517036218e-06,"Monotonous",1,0.603783381488858,"ME10"
"Montipora_capitata_HIv3___RNAseq.g2641.t1",0,0,1,NA,NA,NA,NA,"ME10"
"Montipora_capitata_HIv3___TS.g40229.t1a",1,0,0,NA,NA,NA,NA,"ME16"
"Montipora_capitata_HIv3___TS.g40231.t1",1,0,0,0.0303248399608244,"Other",5,0.520429006645797,"ME29"
"Montipora_capitata_HIv3___RNAseq.g2676.t1",1,0,1,0.0261822969388889,"Other",4,0.804434324817694,"ME7"
"Montipora_capitata_HIv3___TS.g40235.t1",0,0,1,NA,NA,NA,NA,"ME7"
"Montipora_capitata_HIv3___RNAseq.g2680.t1",0,0,2,NA,NA,NA,NA,"ME3"
"Montipora_capitata_HIv3___TS.g40240.t2",1,0,0,0.00958514635735461,"Transient",4,0.628236464587981,"ME3"
"Montipora_capitata_HIv3___RNAseq.g2701.t1",0,2,0,NA,NA,NA,NA,"ME4"
"Montipora_capitata_HIv3___RNAseq.g2702.t1",0,2,0,NA,NA,NA,NA,"ME23"
"Montipora_capitata_HIv3___RNAseq.g2706.t1",0,1,0,NA,NA,NA,NA,"ME2"
"Montipora_capitata_HIv3___RNAseq.g2708.t1",1,1,0,NA,NA,NA,NA,"ME4"
"Montipora_capitata_HIv3___RNAseq.g2713.t1",0,1,0,0.000491483806735141,"Other",6,0.604446057993997,"ME25"
"Montipora_capitata_HIv3___RNAseq.g2715.t1",0,1,0,0.000742205737576358,"Other",6,0.600822317280881,"ME25"
"Montipora_capitata_HIv3___RNAseq.g2716.t1",1,0,0,0.000194755624422318,"Monotonous",1,0.562142890083965,"ME3"
"Montipora_capitata_HIv3___RNAseq.g2717.t1",1,0,0,NA,NA,NA,NA,"ME5"
"Montipora_capitata_HIv3___RNAseq.g2720.t1",0,1,0,NA,NA,NA,NA,"ME0"
"Montipora_capitata_HIv3___RNAseq.g2723.t1",0,0,1,NA,NA,NA,NA,"ME20"
"Montipora_capitata_HIv3___RNAseq.g2725.t1",1,0,0,NA,NA,NA,NA,"ME2"
"Montipora_capitata_HIv3___TS.g40290.t1a",1,0,0,0.000488209139566401,"Monotonous",2,0.859987636581923,"ME13"
"Montipora_capitata_HIv3___RNAseq.g2739.t1",1,0,0,NA,NA,NA,NA,"ME2"
"Montipora_capitata_HIv3___RNAseq.g2744.t1",1,0,0,NA,NA,NA,NA,"ME2"
"Montipora_capitata_HIv3___RNAseq.g2745.t1",0,1,0,NA,NA,NA,NA,"ME2"
"Montipora_capitata_HIv3___RNAseq.g2759.t1",1,0,0,1.54316610604076e-09,"Monotonous",6,0.960476661470476,"ME3"
"Montipora_capitata_HIv3___RNAseq.g2764.t2b",0,0,1,NA,NA,NA,NA,"ME11"
"Montipora_capitata_HIv3___RNAseq.g2764.t2a",0,0,1,NA,NA,NA,NA,"ME11"
"Montipora_capitata_HIv3___RNAseq.g2765.t1",1,0,0,0.0250777336566847,"Other",6,0.582228198608876,"ME14"
"Montipora_capitata_HIv3___TS.g40322.t1",0,2,0,1.14052386643555e-11,"Transient",4,0.818064899393508,"ME0"
"Montipora_capitata_HIv3___RNAseq.g2775.t1",1,0,0,NA,NA,NA,NA,"ME9"
"Montipora_capitata_HIv3___RNAseq.g2776.t1",0,0,1,NA,NA,NA,NA,"ME9"
"Montipora_capitata_HIv3___RNAseq.g2780.t1",0,0,1,NA,NA,NA,NA,"ME13"
"Montipora_capitata_HIv3___RNAseq.g2787.t1",0,0,1,NA,NA,NA,NA,"ME14"
"Montipora_capitata_HIv3___RNAseq.g2789.t1",0,2,0,NA,NA,NA,NA,"ME14"
"Montipora_capitata_HIv3___RNAseq.g2791.t1",0,1,0,NA,NA,NA,NA,"ME0"
"Montipora_capitata_HIv3___RNAseq.g2798.t2b",0,0,1,NA,NA,NA,NA,"ME6"
"Montipora_capitata_HIv3___RNAseq.g2800.t1",1,0,0,NA,NA,NA,NA,"ME0"
"Montipora_capitata_HIv3___RNAseq.g2804.t1",1,0,0,0.000444217070350638,"Monotonous",1,0.87963553335253,"ME10"
"Montipora_capitata_HIv3___RNAseq.g2808.t1",0,0,1,0.000501762967956377,"Transient",2,0.665325929331756,"ME1"
"Montipora_capitata_HIv3___RNAseq.g2809.t1",0,0,2,NA,NA,NA,NA,"ME16"
"Montipora_capitata_HIv3___RNAseq.g2812.t1",0,1,0,NA,NA,NA,NA,"ME28"
"Montipora_capitata_HIv3___RNAseq.g2815.t1",1,0,0,NA,NA,NA,NA,"ME23"
"Montipora_capitata_HIv3___RNAseq.g2816.t1",1,0,0,NA,NA,NA,NA,"ME0"
"Montipora_capitata_HIv3___RNAseq.g2817.t1",1,0,0,0.0126869407860396,"Other",4,0.551502309158306,"ME17"
"Montipora_capitata_HIv3___RNAseq.g2819.t1",1,0,0,NA,NA,NA,NA,"ME0"
"Montipora_capitata_HIv3___TS.g40377.t2a",1,0,0,NA,NA,NA,NA,"ME3"
"Montipora_capitata_HIv3___TS.g40379.t2",0,0,1,NA,NA,NA,NA,"ME6"
"Montipora_capitata_HIv3___RNAseq.g2836.t1a",1,0,1,NA,NA,NA,NA,"ME10"
"Montipora_capitata_HIv3___RNAseq.g2837.t1b",1,0,0,0.00081999257953641,"Monotonous",1,0.511784763998106,"ME10"
"Montipora_capitata_HIv3___RNAseq.g2840.t1",0,1,0,0.00104562713344475,"Other",NA,NA,"ME10"
"Montipora_capitata_HIv3___RNAseq.g2849.t1",1,1,0,NA,NA,NA,NA,"ME4"
"Montipora_capitata_HIv3___RNAseq.g2853.t1d",1,0,0,0.0185337214669086,"Other",NA,NA,"ME10"
"Montipora_capitata_HIv3___TS.g40420.t1",0,1,0,NA,NA,NA,NA,"ME2"
"Montipora_capitata_HIv3___RNAseq.g2872.t1",0,2,0,NA,NA,NA,NA,"ME1"
"Montipora_capitata_HIv3___RNAseq.g2890.t1",0,1,0,NA,NA,NA,NA,"ME8"
"Montipora_capitata_HIv3___RNAseq.g2891.t1",0,1,0,0.0432861964240975,"Other",4,0.681989927132974,"ME7"
"Montipora_capitata_HIv3___RNAseq.g2893.t1b",1,0,0,NA,NA,NA,NA,"ME6"
"Montipora_capitata_HIv3___RNAseq.g3284.t1",1,0,1,NA,NA,NA,NA,"ME1"
"Montipora_capitata_HIv3___RNAseq.g3418.t1",0,0,1,NA,NA,NA,NA,"ME11"
"Montipora_capitata_HIv3___RNAseq.g3473.t1",0,2,0,NA,NA,NA,NA,"ME4"
"Montipora_capitata_HIv3___TS.g41049.t1",0,2,0,NA,NA,NA,NA,"ME4"
"Montipora_capitata_HIv3___RNAseq.g3490.t1",0,1,0,NA,NA,NA,NA,"ME0"
"Montipora_capitata_HIv3___RNAseq.g2901.t1",0,0,1,NA,NA,NA,NA,"ME10"
"Montipora_capitata_HIv3___RNAseq.g2902.t1",0,1,0,0.0109104851364371,"Other",1,0.87013316191618,"ME0"
"Montipora_capitata_HIv3___RNAseq.g2913.t1",2,1,0,NA,NA,NA,NA,"ME7"
"Montipora_capitata_HIv3___RNAseq.g2914.t1",1,0,0,NA,NA,NA,NA,"ME27"
"Montipora_capitata_HIv3___RNAseq.g2915.t1a",1,0,0,NA,NA,NA,NA,"ME3"
"Montipora_capitata_HIv3___RNAseq.g2916.t1",1,0,0,0.00372223550394606,"Monotonous",1,0.766090802053233,"ME3"
"Montipora_capitata_HIv3___RNAseq.g2919.t1",0,0,2,0.0235425755425181,"Other",4,0.773021519581098,"ME7"
"Montipora_capitata_HIv3___RNAseq.g2920.t1",1,0,0,0.00974809432977881,"Other",NA,NA,"ME3"
"Montipora_capitata_HIv3___RNAseq.g2925.t1",3,0,1,NA,NA,NA,NA,"ME14"
"Montipora_capitata_HIv3___RNAseq.g2927.t1",0,0,1,NA,NA,NA,NA,"ME1"
"Montipora_capitata_HIv3___TS.g40497.t1c",1,0,0,NA,NA,NA,NA,"ME3"
"Montipora_capitata_HIv3___RNAseq.g2948.t1",1,1,0,NA,NA,NA,NA,"ME2"
"Montipora_capitata_HIv3___RNAseq.g2950.t1",1,0,0,NA,NA,NA,NA,"ME28"
"Montipora_capitata_HIv3___TS.g40522.t2",1,0,0,4.01195898620104e-13,"Monotonous",1,0.839401829553009,"ME3"
"Montipora_capitata_HIv3___RNAseq.g2965.t1",1,1,0,NA,NA,NA,NA,"ME3"
"Montipora_capitata_HIv3___RNAseq.g2967.t1",1,0,0,NA,NA,NA,NA,"ME15"
"Montipora_capitata_HIv3___RNAseq.g2975.t1b",1,0,0,NA,NA,NA,NA,"ME5"
"Montipora_capitata_HIv3___RNAseq.g2978.t1",0,1,0,NA,NA,NA,NA,"ME3"
"Montipora_capitata_HIv3___RNAseq.g2985.t1",1,0,0,NA,NA,NA,NA,"ME4"
"Montipora_capitata_HIv3___RNAseq.g2989.t1",0,2,0,NA,NA,NA,NA,"ME0"
"Montipora_capitata_HIv3___TS.g40557.t1",1,0,0,NA,NA,NA,NA,"ME9"
"Montipora_capitata_HIv3___RNAseq.g2993.t1",1,1,0,NA,NA,NA,NA,"ME2"
"Montipora_capitata_HIv3___TS.g40560.t1",1,0,0,NA,NA,NA,NA,"ME2"
"Montipora_capitata_HIv3___RNAseq.g2995.t1",1,0,0,NA,NA,NA,NA,"ME2"
"Montipora_capitata_HIv3___RNAseq.g2997.t1",1,0,0,NA,NA,NA,NA,"ME4"
"Montipora_capitata_HIv3___RNAseq.g3001.t1",1,0,0,NA,NA,NA,NA,"ME24"
"Montipora_capitata_HIv3___RNAseq.g3003.t1",1,0,0,NA,NA,NA,NA,"ME2"
"Montipora_capitata_HIv3___TS.g40574.t1",1,0,0,NA,NA,NA,NA,"ME2"
"Montipora_capitata_HIv3___RNAseq.g3007.t1",1,0,0,NA,NA,NA,NA,"ME6"
"Montipora_capitata_HIv3___TS.g40577.t1",1,0,0,NA,NA,NA,NA,"ME6"
"Montipora_capitata_HIv3___RNAseq.g3035.t1",0,0,1,0.0429340635940498,"Other",NA,NA,"ME0"
"Montipora_capitata_HIv3___RNAseq.g3041.t1",1,0,0,0.0467423331174921,"Other",NA,NA,"ME2"
"Montipora_capitata_HIv3___RNAseq.g3048.t1",0,1,0,NA,NA,NA,NA,"ME4"
"Montipora_capitata_HIv3___RNAseq.g3049.t1",1,0,1,NA,NA,NA,NA,"ME14"
"Montipora_capitata_HIv3___TS.g40624.t1",0,1,0,NA,NA,NA,NA,"ME2"
"Montipora_capitata_HIv3___RNAseq.g3056.t1",1,0,0,NA,NA,NA,NA,"ME10"
"Montipora_capitata_HIv3___RNAseq.g3058.t1",1,0,0,NA,NA,NA,NA,"ME9"
"Montipora_capitata_HIv3___TS.g40632.t1b",1,0,0,NA,NA,NA,NA,"ME1"
"Montipora_capitata_HIv3___TS.g40633.t1",0,0,1,0.0254934298571414,"Transient",3,0.594910222533399,"ME15"
"Montipora_capitata_HIv3___RNAseq.g3063.t1",1,1,0,8.01874210176239e-05,"Transient",NA,NA,"ME0"
"Montipora_capitata_HIv3___RNAseq.g3064.t1",1,1,0,NA,NA,NA,NA,"ME7"
"Montipora_capitata_HIv3___TS.g40638.t1",0,0,1,NA,NA,NA,NA,"ME2"
"Montipora_capitata_HIv3___RNAseq.g3070.t1",1,0,0,NA,NA,NA,NA,"ME0"
"Montipora_capitata_HIv3___RNAseq.g3073.t1",1,0,0,NA,NA,NA,NA,"ME2"
"Montipora_capitata_HIv3___RNAseq.g3081.t1",1,0,0,NA,NA,NA,NA,"ME2"
"Montipora_capitata_HIv3___RNAseq.g3083.t1",1,0,0,NA,NA,NA,NA,"ME2"
"Montipora_capitata_HIv3___RNAseq.g3089.t1",1,0,0,NA,NA,NA,NA,"ME6"
"Montipora_capitata_HIv3___RNAseq.g3091.t1",0,1,0,NA,NA,NA,NA,"ME7"
"Montipora_capitata_HIv3___RNAseq.g3094.t1",0,1,0,NA,NA,NA,NA,"ME18"
"Montipora_capitata_HIv3___RNAseq.g3095.t1",0,1,0,NA,NA,NA,NA,"ME14"
"Montipora_capitata_HIv3___RNAseq.g3102.t1",0,1,0,NA,NA,NA,NA,"ME8"
"Montipora_capitata_HIv3___RNAseq.g3103.t1",0,1,0,NA,NA,NA,NA,"ME8"
"Montipora_capitata_HIv3___RNAseq.g3112.t1",1,0,0,NA,NA,NA,NA,"ME2"
"Montipora_capitata_HIv3___RNAseq.g3113.t1",2,0,0,0.000892980041378186,"Monotonous",NA,NA,"ME3"
"Montipora_capitata_HIv3___RNAseq.g3116.t1",0,1,1,NA,NA,NA,NA,"ME6"
"Montipora_capitata_HIv3___RNAseq.g3122.t1",0,0,2,NA,NA,NA,NA,"ME0"
"Montipora_capitata_HIv3___RNAseq.g3126.t1",1,0,0,0.00488434110685158,"Monotonous",2,0.929605376558151,"ME1"
"Montipora_capitata_HIv3___TS.g40697.t1",1,0,0,NA,NA,NA,NA,"ME1"
"Montipora_capitata_HIv3___RNAseq.g3137.t1",0,1,0,0.000777582218103653,"Transient",2,0.639020918696778,"ME1"
"Montipora_capitata_HIv3___TS.g40704.t1",2,0,0,NA,NA,NA,NA,"ME0"
"Montipora_capitata_HIv3___RNAseq.g3141.t1",0,5,0,NA,NA,NA,NA,"ME16"
"Montipora_capitata_HIv3___RNAseq.g3142.t1",0,5,0,NA,NA,NA,NA,"ME16"
"Montipora_capitata_HIv3___TS.g40708.t2",3,1,0,NA,NA,NA,NA,"ME1"
"Montipora_capitata_HIv3___RNAseq.g3147.t1",1,0,1,NA,NA,NA,NA,"ME16"
"Montipora_capitata_HIv3___RNAseq.g3149.t1",0,0,1,NA,NA,NA,NA,"ME10"
"Montipora_capitata_HIv3___RNAseq.g3151.t1",0,1,0,NA,NA,NA,NA,"ME0"
"Montipora_capitata_HIv3___RNAseq.g3157.t1",0,0,1,NA,NA,NA,NA,"ME1"
"Montipora_capitata_HIv3___RNAseq.g3168.t1",1,0,0,NA,NA,NA,NA,"ME7"
"Montipora_capitata_HIv3___RNAseq.g3170.t1",0,0,1,NA,NA,NA,NA,"ME1"
"Montipora_capitata_HIv3___RNAseq.g3171.t1",1,0,0,1.18265672449651e-06,"Transient",2,0.60455136133491,"ME1"
"Montipora_capitata_HIv3___RNAseq.g3172.t1",0,2,0,NA,NA,NA,NA,"ME2"
"Montipora_capitata_HIv3___RNAseq.g3174.t1",1,0,0,NA,NA,NA,NA,"ME16"
"Montipora_capitata_HIv3___RNAseq.g3177.t1",1,0,1,NA,NA,NA,NA,"ME0"
"Montipora_capitata_HIv3___RNAseq.g3190.t2",0,1,0,NA,NA,NA,NA,"ME25"
"Montipora_capitata_HIv3___RNAseq.g3192.t1",1,0,0,NA,NA,NA,NA,"ME3"
"Montipora_capitata_HIv3___RNAseq.g3201.t1",0,0,2,0.0332994955531362,"Transient",NA,NA,"ME23"
"Montipora_capitata_HIv3___TS.g40767.t2",1,0,0,NA,NA,NA,NA,"ME2"
"Montipora_capitata_HIv3___RNAseq.g3207.t1",0,1,0,NA,NA,NA,NA,"ME30"
"Montipora_capitata_HIv3___RNAseq.g3211.t1",1,0,1,NA,NA,NA,NA,"ME2"
"Montipora_capitata_HIv3___RNAseq.g3215.t1",0,0,1,NA,NA,NA,NA,"ME7"
"Montipora_capitata_HIv3___RNAseq.g3223.t1",0,2,0,1.35535402562453e-06,"Monotonous",6,0.981421874700616,"ME9"
"Montipora_capitata_HIv3___RNAseq.g3233.t1c",1,0,0,NA,NA,NA,NA,"ME3"
"Montipora_capitata_HIv3___RNAseq.g3241.t1",1,0,0,NA,NA,NA,NA,"ME6"
"Montipora_capitata_HIv3___RNAseq.g3242.t1",1,0,0,NA,NA,NA,NA,"ME0"
"Montipora_capitata_HIv3___TS.g40807.t1",1,0,0,NA,NA,NA,NA,"ME6"
"Montipora_capitata_HIv3___RNAseq.g3254.t1",0,1,0,NA,NA,NA,NA,"ME28"
"Montipora_capitata_HIv3___RNAseq.g3255.t1",0,0,1,1.46748598858947e-09,"Monotonous",1,0.931230741343266,"ME10"
"Montipora_capitata_HIv3___TS.g40814.t1b",0,1,0,3.08969918488929e-10,"Monotonous",1,0.896827685168132,"ME10"
"Montipora_capitata_HIv3___RNAseq.10136_t",2,0,0,3.74683920246111e-12,"Monotonous",1,0.892539531159518,"ME10"
"Montipora_capitata_HIv3___RNAseq.g3262.t1a",1,0,0,0.0391152862908811,"Other",NA,NA,"ME27"
"Montipora_capitata_HIv3___RNAseq.g3262.t1b",0,0,1,NA,NA,NA,NA,"ME0"
"Montipora_capitata_HIv3___RNAseq.g3263.t1",1,0,0,1.6325693817338e-07,"Monotonous",1,0.929438595812959,"ME10"
"Montipora_capitata_HIv3___RNAseq.g3264.t1",0,1,0,NA,NA,NA,NA,"ME5"
"Montipora_capitata_HIv3___RNAseq.g3265.t1",0,0,1,NA,NA,NA,NA,"ME3"
"Montipora_capitata_HIv3___RNAseq.g3268.t1",0,0,1,4.62371094901108e-05,"Transient",NA,NA,"ME3"
"Montipora_capitata_HIv3___RNAseq.g3274.t1",0,0,1,3.57954338197789e-11,"Monotonous",1,0.776705950958315,"ME10"
"Montipora_capitata_HIv3___RNAseq.g3276.t1",1,0,0,2.02537426499727e-06,"Monotonous",1,0.945030019829869,"ME10"
"Montipora_capitata_HIv3___RNAseq.g3285.t1",0,1,0,6.45553797245394e-09,"Monotonous",1,0.905841334033201,"ME10"
"Montipora_capitata_HIv3___RNAseq.g3286.t1b",0,1,0,NA,NA,NA,NA,"ME2"
"Montipora_capitata_HIv3___RNAseq.g3294.t1",0,0,1,NA,NA,NA,NA,"ME7"
"Montipora_capitata_HIv3___RNAseq.g3295.t1",0,0,1,NA,NA,NA,NA,"ME11"
"Montipora_capitata_HIv3___RNAseq.g3299.t1",1,0,0,NA,NA,NA,NA,"ME2"
"Montipora_capitata_HIv3___RNAseq.g3301.t2",1,0,0,0.0092515743423345,"Monotonous",1,0.719194542425519,"ME3"
"Montipora_capitata_HIv3___RNAseq.g3302.t1",0,0,1,NA,NA,NA,NA,"ME0"
"Montipora_capitata_HIv3___RNAseq.g3306.t1",2,0,0,0.0313055176430793,"Monotonous",4,0.552885863798311,"ME6"
"Montipora_capitata_HIv3___RNAseq.g3307.t1",1,0,0,0.013075195628393,"Monotonous",6,0.933688152746855,"ME8"
"Montipora_capitata_HIv3___RNAseq.g3308.t1",0,1,0,NA,NA,NA,NA,"ME2"
"Montipora_capitata_HIv3___TS.g40869.t1",0,1,0,NA,NA,NA,NA,"ME5"
"Montipora_capitata_HIv3___RNAseq.g3314.t1",0,1,1,2.5452685514193e-13,"Monotonous",6,0.741928867781459,"ME10"
"Montipora_capitata_HIv3___RNAseq.10207_t",0,1,0,NA,NA,NA,NA,"ME0"
"Montipora_capitata_HIv3___TS.g40883.t1",2,1,0,NA,NA,NA,NA,"ME1"
"Montipora_capitata_HIv3___RNAseq.g3327.t1",1,0,0,NA,NA,NA,NA,"ME1"
"Montipora_capitata_HIv3___RNAseq.g3330.t1",1,0,1,NA,NA,NA,NA,"ME3"
"Montipora_capitata_HIv3___RNAseq.g3338.t1",0,0,1,NA,NA,NA,NA,"ME1"
"Montipora_capitata_HIv3___TS.g40903.t1",1,0,0,0.0484895814920676,"Other",NA,NA,"ME23"
"Montipora_capitata_HIv3___RNAseq.g3347.t1",1,0,0,NA,NA,NA,NA,"ME1"
"Montipora_capitata_HIv3___TS.g40911.t1",1,0,0,NA,NA,NA,NA,"ME7"
"Montipora_capitata_HIv3___TS.g40915.t1",0,0,1,3.09080517435957e-07,"Monotonous",1,0.557206267512378,"ME3"
"Montipora_capitata_HIv3___RNAseq.g3363.t1",2,0,0,NA,NA,NA,NA,"ME2"
"Montipora_capitata_HIv3___TS.g40923.t1",1,0,0,NA,NA,NA,NA,"ME3"
"Montipora_capitata_HIv3___RNAseq.g3367.t1",1,0,0,0.0444509999820742,"Monotonous",6,0.528624541584132,"ME9"
"Montipora_capitata_HIv3___RNAseq.g3371.t1",0,1,0,0.00403896512676201,"Transient",NA,NA,"ME3"
"Montipora_capitata_HIv3___RNAseq.g3376.t1",0,0,1,NA,NA,NA,NA,"ME0"
"Montipora_capitata_HIv3___RNAseq.g3377.t1",1,0,0,NA,NA,NA,NA,"ME3"
"Montipora_capitata_HIv3___TS.g40937.t3b",1,1,0,NA,NA,NA,NA,"ME3"
"Montipora_capitata_HIv3___RNAseq.g3382.t1",1,1,0,NA,NA,NA,NA,"ME0"
"Montipora_capitata_HIv3___TS.g40946.t1",0,1,0,NA,NA,NA,NA,"ME4"
"Montipora_capitata_HIv3___RNAseq.g3389.t1",0,1,0,0.000482554575598269,"Transient",4,0.96642300327747,"ME7"
"Montipora_capitata_HIv3___TS.g40952.t1",0,0,2,NA,NA,NA,NA,"ME14"
"Montipora_capitata_HIv3___RNAseq.g3395.t1",0,1,0,6.59010969693009e-05,"Monotonous",2,0.630370197346881,"ME1"
"Montipora_capitata_HIv3___TS.g40957.t1",0,0,3,NA,NA,NA,NA,"ME4"
"Montipora_capitata_HIv3___RNAseq.g3397.t1",0,0,3,NA,NA,NA,NA,"ME4"
"Montipora_capitata_HIv3___RNAseq.g3400.t1",1,0,0,NA,NA,NA,NA,"ME7"
"Montipora_capitata_HIv3___RNAseq.g3412.t1a",1,0,0,NA,NA,NA,NA,"ME5"
"Montipora_capitata_HIv3___RNAseq.g3419.t3",0,1,0,0.00877445685720715,"Transient",3,0.564537887538937,"ME0"
"Montipora_capitata_HIv3___RNAseq.g3432.t1",1,0,0,NA,NA,NA,NA,"ME16"
"Montipora_capitata_HIv3___TS.g40997.t1",1,0,0,NA,NA,NA,NA,"ME0"
"Montipora_capitata_HIv3___RNAseq.g3433.t1",1,2,0,0.000629237945346408,"Monotonous",NA,NA,"ME3"
"Montipora_capitata_HIv3___RNAseq.g3434.t1",0,0,1,0.0105407870756079,"Other",3,0.702648977982676,"ME1"
"Montipora_capitata_HIv3___RNAseq.g3435.t1",0,0,1,NA,NA,NA,NA,"ME7"
"Montipora_capitata_HIv3___TS.g41002.t2",1,0,2,0.00310773331495608,"Transient",3,0.911671583930106,"ME1"
"Montipora_capitata_HIv3___RNAseq.g3438.t1",1,0,1,NA,NA,NA,NA,"ME5"
"Montipora_capitata_HIv3___RNAseq.g3440.t1",1,0,0,NA,NA,NA,NA,"ME26"
"Montipora_capitata_HIv3___RNAseq.g3443.t1",2,0,0,NA,NA,NA,NA,"ME3"
"Montipora_capitata_HIv3___RNAseq.g3450.t1",0,1,0,NA,NA,NA,NA,"ME1"
"Montipora_capitata_HIv3___TS.g41016.t1",1,1,0,NA,NA,NA,NA,"ME1"
"Montipora_capitata_HIv3___RNAseq.g3456.t1",0,1,0,NA,NA,NA,NA,"ME1"
"Montipora_capitata_HIv3___TS.g41020.t1",0,0,1,NA,NA,NA,NA,"ME3"
"Montipora_capitata_HIv3___TS.g41022.t1",2,0,0,0.00229024610063072,"Monotonous",2,0.974725133306329,"ME20"
"Montipora_capitata_HIv3___TS.g41023.t1",0,1,0,7.1664088274372e-08,"Monotonous",6,0.710890094426435,"ME3"
"Montipora_capitata_HIv3___RNAseq.g3470.t1",0,1,0,NA,NA,NA,NA,"ME1"
"Montipora_capitata_HIv3___RNAseq.g3474.t1",0,0,2,0.0171195478506122,"Monotonous",3,0.96145041702758,"ME2"
"Montipora_capitata_HIv3___RNAseq.g3477.t1",0,1,0,NA,NA,NA,NA,"ME2"
"Montipora_capitata_HIv3___RNAseq.g3479.t1",0,0,1,NA,NA,NA,NA,"ME1"
"Montipora_capitata_HIv3___TS.g41041.t1",1,0,0,NA,NA,NA,NA,"ME1"
"Montipora_capitata_HIv3___RNAseq.g3482.t1",0,1,0,NA,NA,NA,NA,"ME19"
"Montipora_capitata_HIv3___RNAseq.g3483.t1",1,1,0,NA,NA,NA,NA,"ME7"
"Montipora_capitata_HIv3___RNAseq.g3484.t1",2,0,0,NA,NA,NA,NA,"ME4"
"Montipora_capitata_HIv3___RNAseq.g3489.t1",0,0,1,NA,NA,NA,NA,"ME8"
"Montipora_capitata_HIv3___RNAseq.10384_t",0,1,1,NA,NA,NA,NA,"ME16"
"Montipora_capitata_HIv3___RNAseq.g3496.t1",0,1,1,NA,NA,NA,NA,"ME19"
"Montipora_capitata_HIv3___TS.g41058.t2",1,0,0,0.00192515051157924,"Transient",5,0.944730391006203,"ME3"
"Montipora_capitata_HIv3___RNAseq.g3499.t1",0,0,1,NA,NA,NA,NA,"ME5"
"Montipora_capitata_HIv3___TS.g41067.t2",0,0,1,NA,NA,NA,NA,"ME7"
"Montipora_capitata_HIv3___RNAseq.g24723.t1",1,0,0,NA,NA,NA,NA,"ME0"
"Montipora_capitata_HIv3___RNAseq.g24727.t1",1,0,0,NA,NA,NA,NA,"ME10"
"Montipora_capitata_HIv3___RNAseq.g24324.t1",1,1,0,0.0330200365952321,"Other",1,0.983668446940774,"ME3"
"Montipora_capitata_HIv3___RNAseq.10617_t",2,1,0,NA,NA,NA,NA,"ME0"
"Montipora_capitata_HIv3___TS.g7511.t1",0,0,1,NA,NA,NA,NA,"ME1"
"Montipora_capitata_HIv3___RNAseq.g24385.t1",1,1,1,NA,NA,NA,NA,"ME0"
"Montipora_capitata_HIv3___RNAseq.g24386.t1b",1,0,0,NA,NA,NA,NA,"ME0"
"Montipora_capitata_HIv3___RNAseq.g24483.t1",2,0,0,NA,NA,NA,NA,"ME0"
"Montipora_capitata_HIv3___RNAseq.g24485.t1",2,0,0,NA,NA,NA,NA,"ME0"
"Montipora_capitata_HIv3___TS.g7645.t1",0,1,0,NA,NA,NA,NA,"ME0"
"Montipora_capitata_HIv3___RNAseq.g24580.t1",1,0,0,NA,NA,NA,NA,"ME0"
"Montipora_capitata_HIv3___RNAseq.g24585.t1",2,0,0,NA,NA,NA,NA,"ME0"
"Montipora_capitata_HIv3___RNAseq.g24596.t1a",0,0,1,NA,NA,NA,NA,"ME9"
"Montipora_capitata_HIv3___TS.g7763.t1",0,1,0,NA,NA,NA,NA,"ME0"
"Montipora_capitata_HIv3___RNAseq.g24719.t1",0,1,0,NA,NA,NA,NA,"ME8"
"Montipora_capitata_HIv3___TS.g7286.t1",1,0,0,0.0180479939254508,"Other",5,0.640087444159801,"ME0"
"Montipora_capitata_HIv3___TS.g7289.t1",0,0,1,NA,NA,NA,NA,"ME2"
"Montipora_capitata_HIv3___RNAseq.g24143.t1",0,2,0,NA,NA,NA,NA,"ME18"
"Montipora_capitata_HIv3___TS.g7296.t1",0,0,1,0.00579240989016727,"Other",2,0.780441049861406,"ME13"
"Montipora_capitata_HIv3___RNAseq.g24145.t1",1,0,0,NA,NA,NA,NA,"ME15"
"Montipora_capitata_HIv3___RNAseq.g24154.t1",0,0,1,0.0163585080265624,"Other",2,0.59953421124026,"ME5"
"Montipora_capitata_HIv3___RNAseq.g24156.t1",1,1,0,NA,NA,NA,NA,"ME1"
"Montipora_capitata_HIv3___RNAseq.g24158.t1b",1,0,0,NA,NA,NA,NA,"ME5"
"Montipora_capitata_HIv3___RNAseq.g24158.t1a",0,1,0,NA,NA,NA,NA,"ME0"
"Montipora_capitata_HIv3___RNAseq.g24161.t1",1,0,0,0.00103563005388008,"Monotonous",1,0.978417544440163,"ME10"
"Montipora_capitata_HIv3___RNAseq.g24166.t1",1,0,0,NA,NA,NA,NA,"ME6"
"Montipora_capitata_HIv3___TS.g7322.t1",1,0,0,NA,NA,NA,NA,"ME8"
"Montipora_capitata_HIv3___RNAseq.g24173.t1",0,1,0,NA,NA,NA,NA,"ME5"
"Montipora_capitata_HIv3___RNAseq.g24176.t1",0,1,0,NA,NA,NA,NA,"ME0"
"Montipora_capitata_HIv3___RNAseq.g24177.t1",0,0,1,1.51721496183865e-07,"Monotonous",6,0.991432827986269,"ME9"
"Montipora_capitata_HIv3___RNAseq.g24179.t1",0,0,2,0.00371305908730478,"Monotonous",2,0.723384164753213,"ME18"
"Montipora_capitata_HIv3___RNAseq.g24185.t1",0,0,1,NA,NA,NA,NA,"ME13"
"Montipora_capitata_HIv3___RNAseq.g24186.t1",0,1,0,NA,NA,NA,NA,"ME14"
"Montipora_capitata_HIv3___RNAseq.g24193.t1",1,0,0,NA,NA,NA,NA,"ME3"
"Montipora_capitata_HIv3___RNAseq.g24200.t1",1,0,0,0.000905547356470777,"Monotonous",3,0.880260796458175,"ME1"
"Montipora_capitata_HIv3___RNAseq.g24210.t1",1,0,0,0.0252128294182566,"Transient",3,0.877300956644052,"ME1"
"Montipora_capitata_HIv3___RNAseq.g24211.t1",0,1,0,NA,NA,NA,NA,"ME0"
"Montipora_capitata_HIv3___RNAseq.g24212.t1",0,0,1,NA,NA,NA,NA,"ME0"
"Montipora_capitata_HIv3___RNAseq.g24215.t2",1,0,0,NA,NA,NA,NA,"ME1"
"Montipora_capitata_HIv3___RNAseq.g24221.t1",0,2,0,NA,NA,NA,NA,"ME4"
"Montipora_capitata_HIv3___RNAseq.g24226.t1",0,1,0,NA,NA,NA,NA,"ME0"
"Montipora_capitata_HIv3___RNAseq.g24234.t1",1,0,0,NA,NA,NA,NA,"ME2"
"Montipora_capitata_HIv3___RNAseq.g24235.t1",1,0,0,NA,NA,NA,NA,"ME5"
"Montipora_capitata_HIv3___RNAseq.g24240.t1",1,0,0,NA,NA,NA,NA,"ME21"
"Montipora_capitata_HIv3___TS.g7395.t1",0,1,0,NA,NA,NA,NA,"ME11"
"Montipora_capitata_HIv3___RNAseq.g24250.t1",0,0,1,NA,NA,NA,NA,"ME0"
"Montipora_capitata_HIv3___RNAseq.g24254.t1",0,1,0,NA,NA,NA,NA,"ME2"
"Montipora_capitata_HIv3___RNAseq.g24255.t1",0,1,0,0.0164459647367281,"Monotonous",2,0.646671501553444,"ME1"
"Montipora_capitata_HIv3___RNAseq.g24257.t1",0,0,2,NA,NA,NA,NA,"ME2"
"Montipora_capitata_HIv3___RNAseq.g24263.t1",0,0,1,0.000687277390425458,"Monotonous",2,0.972805607244999,"ME1"
"Montipora_capitata_HIv3___RNAseq.g24268.t1",1,0,0,NA,NA,NA,NA,"ME1"
"Montipora_capitata_HIv3___RNAseq.g24269.t1",0,0,1,NA,NA,NA,NA,"ME8"
"Montipora_capitata_HIv3___RNAseq.g24270.t1",0,0,1,NA,NA,NA,NA,"ME5"
"Montipora_capitata_HIv3___TS.g7426.t1",0,1,0,NA,NA,NA,NA,"ME0"
"Montipora_capitata_HIv3___RNAseq.g24280.t1",0,0,1,NA,NA,NA,NA,"ME2"
"Montipora_capitata_HIv3___TS.g7436.t1",0,1,0,NA,NA,NA,NA,"ME4"
"Montipora_capitata_HIv3___RNAseq.g24283.t1",0,0,1,0.000188731050693811,"Transient",4,0.785655896488114,"ME3"
"Montipora_capitata_HIv3___RNAseq.g24290.t1",2,0,0,NA,NA,NA,NA,"ME5"
"Montipora_capitata_HIv3___RNAseq.g24304.t1",0,1,0,0.0431723377929923,"Other",6,0.906321765589076,"ME3"
"Montipora_capitata_HIv3___RNAseq.g24306.t1",1,0,0,NA,NA,NA,NA,"ME2"
"Montipora_capitata_HIv3___RNAseq.g24315.t1",0,1,0,NA,NA,NA,NA,"ME1"
"Montipora_capitata_HIv3___RNAseq.g24316.t1",0,1,0,NA,NA,NA,NA,"ME6"
"Montipora_capitata_HIv3___TS.g7477.t2",1,0,0,0.00173807250622411,"Transient",2,0.893154249831157,"ME1"
"Montipora_capitata_HIv3___RNAseq.g24326.t1",0,0,1,NA,NA,NA,NA,"ME11"
"Montipora_capitata_HIv3___TS.g7489.t1",0,1,0,NA,NA,NA,NA,"ME1"
"Montipora_capitata_HIv3___TS.g7490.t4",0,0,1,NA,NA,NA,NA,"ME1"
"Montipora_capitata_HIv3___RNAseq.g24342.t1",1,1,0,0.00579240989016727,"Transient",3,0.695865312307458,"ME1"
"Montipora_capitata_HIv3___TS.g7501.t1c",0,1,0,NA,NA,NA,NA,"ME14"
"Montipora_capitata_HIv3___TS.g7506.t2",2,0,0,NA,NA,NA,NA,"ME25"
"Montipora_capitata_HIv3___TS.g7509.t1",1,0,0,NA,NA,NA,NA,"ME3"
"Montipora_capitata_HIv3___RNAseq.g24356.t1",0,1,0,NA,NA,NA,NA,"ME2"
"Montipora_capitata_HIv3___RNAseq.g24358.t1",0,1,0,NA,NA,NA,NA,"ME2"
"Montipora_capitata_HIv3___RNAseq.g24361.t1",1,0,0,NA,NA,NA,NA,"ME2"
"Montipora_capitata_HIv3___RNAseq.g24370.t1",0,0,1,NA,NA,NA,NA,"ME1"
"Montipora_capitata_HIv3___RNAseq.g24375.t1",0,1,0,NA,NA,NA,NA,"ME23"
"Montipora_capitata_HIv3___RNAseq.g24377.t1",0,1,0,NA,NA,NA,NA,"ME0"
"Montipora_capitata_HIv3___RNAseq.g24380.t1",0,1,0,NA,NA,NA,NA,"ME1"
"Montipora_capitata_HIv3___RNAseq.g24386.t1a",1,0,0,0.00580869846968922,"Monotonous",1,0.913832172266162,"ME23"
"Montipora_capitata_HIv3___RNAseq.g24387.t1",1,0,0,NA,NA,NA,NA,"ME10"
"Montipora_capitata_HIv3___RNAseq.g24391.t1",1,0,0,NA,NA,NA,NA,"ME4"
"Montipora_capitata_HIv3___RNAseq.g24394.t1",0,1,0,NA,NA,NA,NA,"ME2"
"Montipora_capitata_HIv3___RNAseq.g24399.t1",0,0,1,NA,NA,NA,NA,"ME7"
"Montipora_capitata_HIv3___RNAseq.g24400.t1",0,0,1,NA,NA,NA,NA,"ME4"
"Montipora_capitata_HIv3___TS.g7555.t1",0,1,0,NA,NA,NA,NA,"ME11"
"Montipora_capitata_HIv3___RNAseq.g24401.t1",0,1,0,NA,NA,NA,NA,"ME3"
"Montipora_capitata_HIv3___RNAseq.g24403.t1",1,0,0,NA,NA,NA,NA,"ME0"
"Montipora_capitata_HIv3___RNAseq.g24404.t1",0,1,0,NA,NA,NA,NA,"ME2"
"Montipora_capitata_HIv3___RNAseq.g24416.t1",1,0,1,0.00704305617092367,"Other",NA,NA,"ME4"
"Montipora_capitata_HIv3___RNAseq.g24417.t1",1,0,0,1.15214296510805e-08,"Monotonous",1,0.78878644244201,"ME10"
"Montipora_capitata_HIv3___RNAseq.g24434.t1b",1,0,0,NA,NA,NA,NA,"ME18"
"Montipora_capitata_HIv3___RNAseq.g24435.t1",0,0,1,NA,NA,NA,NA,"ME16"
"Montipora_capitata_HIv3___TS.g7597.t2",1,0,0,NA,NA,NA,NA,"ME12"
"Montipora_capitata_HIv3___RNAseq.g24446.t1",0,1,0,NA,NA,NA,NA,"ME24"
"Montipora_capitata_HIv3___RNAseq.g24452.t1",1,0,0,NA,NA,NA,NA,"ME3"
"Montipora_capitata_HIv3___TS.g7611.t1",1,0,0,0.021680571543142,"Other",NA,NA,"ME3"
"Montipora_capitata_HIv3___RNAseq.g24464.t1",0,1,0,NA,NA,NA,NA,"ME23"
"Montipora_capitata_HIv3___RNAseq.g24466.t1",1,0,0,NA,NA,NA,NA,"ME1"
"Montipora_capitata_HIv3___RNAseq.g24468.t1",0,0,1,0.0243766629016179,"Monotonous",2,0.911337866882609,"ME1"
"Montipora_capitata_HIv3___RNAseq.g24469.t1",0,0,1,NA,NA,NA,NA,"ME11"
"Montipora_capitata_HIv3___RNAseq.g24470.t1",0,1,0,NA,NA,NA,NA,"ME11"
"Montipora_capitata_HIv3___RNAseq.g24471.t1",0,0,1,1.01060247117611e-08,"Monotonous",3,0.813657472251561,"ME1"
"Montipora_capitata_HIv3___RNAseq.g24472.t1",0,0,1,2.83944362776224e-19,"Transient",3,0.760630854586111,"ME1"
"Montipora_capitata_HIv3___TS.g7658.t1",1,0,0,NA,NA,NA,NA,"ME22"
"Montipora_capitata_HIv3___RNAseq.g24513.t1a",0,1,0,NA,NA,NA,NA,"ME0"
"Montipora_capitata_HIv3___RNAseq.g24520.t1",1,0,1,NA,NA,NA,NA,"ME5"
"Montipora_capitata_HIv3___RNAseq.g24522.t1",2,0,0,NA,NA,NA,NA,"ME1"
"Montipora_capitata_HIv3___TS.g7683.t1",0,2,0,5.85171840681611e-06,"Transient",3,0.964838263210987,"ME1"
"Montipora_capitata_HIv3___RNAseq.10831_t",1,0,0,0.00601456106283904,"Monotonous",6,0.962084818400905,"ME9"
"Montipora_capitata_HIv3___RNAseq.g24530.t1",0,1,0,NA,NA,NA,NA,"ME0"
"Montipora_capitata_HIv3___RNAseq.g24532.t1",0,5,0,NA,NA,NA,NA,"ME15"
"Montipora_capitata_HIv3___RNAseq.g24535.t1",0,0,1,NA,NA,NA,NA,"ME6"
"Montipora_capitata_HIv3___RNAseq.g24542.t1",0,0,1,NA,NA,NA,NA,"ME3"
"Montipora_capitata_HIv3___RNAseq.g24546.t1",0,0,1,0.00325665945486936,"Monotonous",1,0.521367867128204,"ME3"
"Montipora_capitata_HIv3___RNAseq.g24550.t1",0,1,0,NA,NA,NA,NA,"ME5"
"Montipora_capitata_HIv3___RNAseq.g24554.t2",0,0,1,NA,NA,NA,NA,"ME1"
"Montipora_capitata_HIv3___TS.g7713.t2",0,1,1,NA,NA,NA,NA,"ME2"
"Montipora_capitata_HIv3___TS.g7717.t2",0,1,0,NA,NA,NA,NA,"ME21"
"Montipora_capitata_HIv3___TS.g7718.t1",0,1,0,NA,NA,NA,NA,"ME0"
"Montipora_capitata_HIv3___RNAseq.g24568.t1",0,1,0,NA,NA,NA,NA,"ME3"
"Montipora_capitata_HIv3___RNAseq.g24575.t1",0,0,1,NA,NA,NA,NA,"ME2"
"Montipora_capitata_HIv3___RNAseq.g24581.t1",0,0,1,NA,NA,NA,NA,"ME9"
"Montipora_capitata_HIv3___TS.g7738.t1",1,0,0,NA,NA,NA,NA,"ME0"
"Montipora_capitata_HIv3___RNAseq.g24588.t1",1,0,0,NA,NA,NA,NA,"ME4"
"Montipora_capitata_HIv3___RNAseq.g24595.t1",0,1,0,NA,NA,NA,NA,"ME6"
"Montipora_capitata_HIv3___RNAseq.g24597.t1",0,1,0,1.57654501020187e-07,"Transient",3,0.813060726079467,"ME18"
"Montipora_capitata_HIv3___RNAseq.g24606.t1",1,0,1,NA,NA,NA,NA,"ME0"
"Montipora_capitata_HIv3___RNAseq.g24607.t1",0,1,0,NA,NA,NA,NA,"ME0"
"Montipora_capitata_HIv3___RNAseq.g24610.t1",1,0,0,NA,NA,NA,NA,"ME0"
"Montipora_capitata_HIv3___RNAseq.g24611.t1",0,0,1,NA,NA,NA,NA,"ME1"
"Montipora_capitata_HIv3___RNAseq.g24612.t1",1,0,0,NA,NA,NA,NA,"ME4"
"Montipora_capitata_HIv3___RNAseq.g24613.t1",1,0,0,NA,NA,NA,NA,"ME4"
"Montipora_capitata_HIv3___RNAseq.g24616.t1",0,0,1,NA,NA,NA,NA,"ME0"
"Montipora_capitata_HIv3___RNAseq.g24624.t1",0,1,0,NA,NA,NA,NA,"ME0"
"Montipora_capitata_HIv3___RNAseq.g24626.t1",0,1,1,0.0130106106353798,"Other",3,0.960272116673509,"ME1"
"Montipora_capitata_HIv3___TS.g7784.t2",0,0,1,NA,NA,NA,NA,"ME9"
"Montipora_capitata_HIv3___RNAseq.g24632.t1",1,0,1,NA,NA,NA,NA,"ME6"
"Montipora_capitata_HIv3___RNAseq.g24633.t1",0,1,0,NA,NA,NA,NA,"ME0"
"Montipora_capitata_HIv3___RNAseq.g24634.t1",1,0,0,NA,NA,NA,NA,"ME10"
"Montipora_capitata_HIv3___RNAseq.g24635.t1",0,1,0,NA,NA,NA,NA,"ME3"
"Montipora_capitata_HIv3___RNAseq.g24637.t1",1,0,0,NA,NA,NA,NA,"ME26"
"Montipora_capitata_HIv3___RNAseq.g24638.t1",1,0,1,NA,NA,NA,NA,"ME1"
"Montipora_capitata_HIv3___RNAseq.g24639.t1",2,0,0,NA,NA,NA,NA,"ME23"
"Montipora_capitata_HIv3___TS.g7801.t2",1,0,1,NA,NA,NA,NA,"ME18"
"Montipora_capitata_HIv3___RNAseq.g24643.t1",0,0,1,NA,NA,NA,NA,"ME10"
"Montipora_capitata_HIv3___RNAseq.g24650.t1",0,1,0,NA,NA,NA,NA,"ME3"
"Montipora_capitata_HIv3___TS.g7815.t1",2,0,0,NA,NA,NA,NA,"ME1"
"Montipora_capitata_HIv3___RNAseq.g24675.t1",0,1,0,NA,NA,NA,NA,"ME18"
"Montipora_capitata_HIv3___RNAseq.g24677.t1",1,0,0,NA,NA,NA,NA,"ME2"
"Montipora_capitata_HIv3___RNAseq.g24679.t1",1,0,0,NA,NA,NA,NA,"ME3"
"Montipora_capitata_HIv3___RNAseq.g24686.t1",1,0,1,0.00136884453450833,"Transient",3,0.568856471806046,"ME1"
"Montipora_capitata_HIv3___RNAseq.g24692.t1",2,0,2,NA,NA,NA,NA,"ME11"
"Montipora_capitata_HIv3___RNAseq.g24693.t1",0,1,0,5.20507046288158e-06,"Monotonous",2,0.991904689938575,"ME1"
"Montipora_capitata_HIv3___RNAseq.g24694.t1",0,1,0,NA,NA,NA,NA,"ME7"
"Montipora_capitata_HIv3___RNAseq.g24696.t1",1,0,0,0.00263190186440153,"Monotonous",6,0.648141714100854,"ME9"
"Montipora_capitata_HIv3___RNAseq.g24697.t1",1,0,0,NA,NA,NA,NA,"ME23"
"Montipora_capitata_HIv3___TS.g7858.t2",0,2,0,NA,NA,NA,NA,"ME2"
"Montipora_capitata_HIv3___RNAseq.g24700.t1",1,0,0,NA,NA,NA,NA,"ME16"
"Montipora_capitata_HIv3___RNAseq.g24702.t1",1,0,0,NA,NA,NA,NA,"ME0"
"Montipora_capitata_HIv3___RNAseq.g24711.t1",0,0,1,NA,NA,NA,NA,"ME5"
"Montipora_capitata_HIv3___RNAseq.g24715.t1",2,0,1,NA,NA,NA,NA,"ME20"
"Montipora_capitata_HIv3___RNAseq.g25063.t1",2,0,0,NA,NA,NA,NA,"ME3"
"Montipora_capitata_HIv3___RNAseq.g24916.t1",1,0,0,NA,NA,NA,NA,"ME1"
"Montipora_capitata_HIv3___RNAseq.g24917.t1b",0,1,0,NA,NA,NA,NA,"ME1"
"Montipora_capitata_HIv3___TS.g8146.t1",1,0,0,NA,NA,NA,NA,"ME1"
"Montipora_capitata_HIv3___RNAseq.g24730.t1",1,0,0,1.07321277997432e-05,"Monotonous",1,0.862171836317831,"ME10"
"Montipora_capitata_HIv3___RNAseq.g24748.t1",1,0,0,0.00589035510007039,"Monotonous",6,0.815827073277221,"ME9"
"Montipora_capitata_HIv3___RNAseq.g24753.t1",1,0,0,0.000551562240055991,"Monotonous",2,0.589161099511295,"ME1"
"Montipora_capitata_HIv3___RNAseq.g24761.t1",0,1,0,NA,NA,NA,NA,"ME2"
"Montipora_capitata_HIv3___RNAseq.g24762.t1",0,1,1,NA,NA,NA,NA,"ME2"
"Montipora_capitata_HIv3___RNAseq.g24766.t1",0,1,0,NA,NA,NA,NA,"ME1"
"Montipora_capitata_HIv3___RNAseq.g24767.t1",0,0,1,NA,NA,NA,NA,"ME27"
"Montipora_capitata_HIv3___RNAseq.g24768.t1",1,0,0,NA,NA,NA,NA,"ME0"
"Montipora_capitata_HIv3___RNAseq.g24770.t1a",0,1,0,NA,NA,NA,NA,"ME1"
"Montipora_capitata_HIv3___RNAseq.g24771.t1",2,0,0,NA,NA,NA,NA,"ME3"
"Montipora_capitata_HIv3___RNAseq.g24780.t1",1,0,0,NA,NA,NA,NA,"ME24"
"Montipora_capitata_HIv3___RNAseq.g24781.t1",0,1,0,NA,NA,NA,NA,"ME2"
"Montipora_capitata_HIv3___RNAseq.g24782.t1",1,0,0,NA,NA,NA,NA,"ME2"
"Montipora_capitata_HIv3___RNAseq.g24784.t1a",0,1,0,NA,NA,NA,NA,"ME9"
"Montipora_capitata_HIv3___RNAseq.g24787.t1",2,0,0,NA,NA,NA,NA,"ME0"
"Montipora_capitata_HIv3___RNAseq.g24789.t1",0,1,0,NA,NA,NA,NA,"ME5"
"Montipora_capitata_HIv3___TS.g7969.t2",0,1,0,NA,NA,NA,NA,"ME1"
"Montipora_capitata_HIv3___RNAseq.g24811.t1",1,2,0,NA,NA,NA,NA,"ME1"
"Montipora_capitata_HIv3___TS.g7979.t1b",1,0,0,NA,NA,NA,NA,"ME4"
"Montipora_capitata_HIv3___RNAseq.g24820.t1",1,0,0,NA,NA,NA,NA,"ME3"
"Montipora_capitata_HIv3___RNAseq.g24821.t1",0,1,0,NA,NA,NA,NA,"ME18"
"Montipora_capitata_HIv3___RNAseq.g24822.t2",0,1,0,NA,NA,NA,NA,"ME18"
"Montipora_capitata_HIv3___RNAseq.g24824.t1",0,1,0,NA,NA,NA,NA,"ME1"
"Montipora_capitata_HIv3___RNAseq.g24826.t1",1,0,0,NA,NA,NA,NA,"ME7"
"Montipora_capitata_HIv3___RNAseq.11177_t",1,0,0,NA,NA,NA,NA,"ME3"
"Montipora_capitata_HIv3___RNAseq.g24840.t1",1,0,0,NA,NA,NA,NA,"ME1"
"Montipora_capitata_HIv3___RNAseq.g24841.t1",1,0,2,NA,NA,NA,NA,"ME2"
"Montipora_capitata_HIv3___RNAseq.g24842.t1",1,0,0,NA,NA,NA,NA,"ME1"
"Montipora_capitata_HIv3___RNAseq.g24846.t1",1,0,0,NA,NA,NA,NA,"ME5"
"Montipora_capitata_HIv3___RNAseq.g24847.t1",0,1,0,NA,NA,NA,NA,"ME3"
"Montipora_capitata_HIv3___RNAseq.g24854.t1",0,1,0,NA,NA,NA,NA,"ME0"
"Montipora_capitata_HIv3___TS.g8021.t1",1,0,0,3.16964166550568e-05,"Transient",NA,NA,"ME30"
"Montipora_capitata_HIv3___RNAseq.g24860.t1",2,0,0,1.51569155922178e-07,"Transient",NA,NA,"ME1"
"Montipora_capitata_HIv3___RNAseq.g24863.t1",1,0,0,NA,NA,NA,NA,"ME3"
"Montipora_capitata_HIv3___RNAseq.11214_t",1,0,0,NA,NA,NA,NA,"ME7"
"Montipora_capitata_HIv3___TS.g8042.t2",1,0,0,NA,NA,NA,NA,"ME15"
"Montipora_capitata_HIv3___TS.g8048.t1b",1,0,0,0.000424442727907555,"Transient",NA,NA,"ME25"
"Montipora_capitata_HIv3___TS.g8067.t1",1,0,0,NA,NA,NA,NA,"ME0"
"Montipora_capitata_HIv3___RNAseq.g24919.t1",0,0,1,0.0149890922552423,"Other",NA,NA,"ME1"
"Montipora_capitata_HIv3___RNAseq.g24927.t1",1,0,0,NA,NA,NA,NA,"ME0"
"Montipora_capitata_HIv3___TS.g8099.t1",1,0,0,8.38781581119662e-05,"Monotonous",1,0.680718213338704,"ME10"
"Montipora_capitata_HIv3___TS.g8105.t1",0,1,0,0.00229775093876865,"Other",2,0.50646478119152,"ME1"
"Montipora_capitata_HIv3___RNAseq.g24935.t1",1,0,1,NA,NA,NA,NA,"ME2"
"Montipora_capitata_HIv3___RNAseq.g24942.t1",0,0,1,NA,NA,NA,NA,"ME1"
"Montipora_capitata_HIv3___RNAseq.g24945.t1",1,1,1,NA,NA,NA,NA,"ME6"
"Montipora_capitata_HIv3___RNAseq.g24946.t1",1,0,1,NA,NA,NA,NA,"ME7"
"Montipora_capitata_HIv3___RNAseq.g24947.t1",1,0,0,1.31068420542902e-05,"Transient",4,0.506190274510837,"ME6"
"Montipora_capitata_HIv3___RNAseq.g24948.t1",0,0,1,3.26525038255784e-05,"Transient",6,0.86594226198917,"ME3"
"Montipora_capitata_HIv3___RNAseq.g24954.t1",0,1,0,NA,NA,NA,NA,"ME7"
"Montipora_capitata_HIv3___RNAseq.g24959.t1",1,0,0,NA,NA,NA,NA,"ME0"
"Montipora_capitata_HIv3___RNAseq.g24960.t1",2,1,0,0.0315924880883684,"Other",2,0.957912031422824,"ME1"
"Montipora_capitata_HIv3___RNAseq.g24961.t1",2,0,0,NA,NA,NA,NA,"ME30"
"Montipora_capitata_HIv3___RNAseq.g24973.t1",1,0,0,0.00615669457443306,"Monotonous",6,0.989238128089197,"ME9"
"Montipora_capitata_HIv3___RNAseq.g24974.t1",0,0,1,0.00696268929572981,"Monotonous",6,0.991540902866425,"ME9"
"Montipora_capitata_HIv3___RNAseq.g24984.t1",2,0,0,NA,NA,NA,NA,"ME11"
"Montipora_capitata_HIv3___RNAseq.g24986.t1",1,2,0,NA,NA,NA,NA,"ME0"
"Montipora_capitata_HIv3___RNAseq.g24988.t1",1,1,0,NA,NA,NA,NA,"ME0"
"Montipora_capitata_HIv3___RNAseq.g25006.t1",0,1,0,NA,NA,NA,NA,"ME14"
"Montipora_capitata_HIv3___RNAseq.g25007.t1",0,1,0,0.0475343849446503,"Monotonous",1,0.957862730469863,"ME3"
"Montipora_capitata_HIv3___RNAseq.g25009.t1",1,0,0,NA,NA,NA,NA,"ME8"
"Montipora_capitata_HIv3___RNAseq.g25012.t1",1,0,0,NA,NA,NA,NA,"ME8"
"Montipora_capitata_HIv3___RNAseq.g25014.t1",0,1,0,NA,NA,NA,NA,"ME1"
"Montipora_capitata_HIv3___RNAseq.g25020.t1",0,1,0,NA,NA,NA,NA,"ME3"
"Montipora_capitata_HIv3___RNAseq.g25022.t1",0,1,0,NA,NA,NA,NA,"ME3"
"Montipora_capitata_HIv3___RNAseq.g25023.t1",0,1,0,1.56216017716739e-05,"Monotonous",1,0.7036577736892,"ME3"
"Montipora_capitata_HIv3___RNAseq.g25024.t1",1,0,0,NA,NA,NA,NA,"ME3"
"Montipora_capitata_HIv3___RNAseq.g25026.t1",0,0,1,NA,NA,NA,NA,"ME0"
"Montipora_capitata_HIv3___RNAseq.g25322.t1",0,1,0,NA,NA,NA,NA,"ME2"
"Montipora_capitata_HIv3___RNAseq.g25427.t1",0,1,1,NA,NA,NA,NA,"ME1"
"Montipora_capitata_HIv3___TS.g8540.t1",1,0,0,NA,NA,NA,NA,"ME0"
"Montipora_capitata_HIv3___RNAseq.g25334.t1",1,0,0,NA,NA,NA,NA,"ME11"
"Montipora_capitata_HIv3___RNAseq.g25345.t1",0,1,0,NA,NA,NA,NA,"ME16"
"Montipora_capitata_HIv3___RNAseq.g25350.t1",0,1,1,NA,NA,NA,NA,"ME11"
"Montipora_capitata_HIv3___TS.g8559.t2b",0,1,1,NA,NA,NA,NA,"ME1"
"Montipora_capitata_HIv3___RNAseq.g25384.t1",1,0,0,NA,NA,NA,NA,"ME1"
"Montipora_capitata_HIv3___RNAseq.g25388.t1",0,1,0,NA,NA,NA,NA,"ME0"
"Montipora_capitata_HIv3___RNAseq.g25224.t1",1,0,0,NA,NA,NA,NA,"ME4"
"Montipora_capitata_HIv3___RNAseq.g25282.t1",1,0,0,NA,NA,NA,NA,"ME1"
"Montipora_capitata_HIv3___RNAseq.g25075.t1",1,0,0,NA,NA,NA,NA,"ME0"
"Montipora_capitata_HIv3___RNAseq.11464_t",1,0,0,NA,NA,NA,NA,"ME6"
"Montipora_capitata_HIv3___RNAseq.g25097.t1",1,0,0,NA,NA,NA,NA,"ME0"
"Montipora_capitata_HIv3___RNAseq.g25120.t1",0,0,1,NA,NA,NA,NA,"ME2"
"Montipora_capitata_HIv3___RNAseq.g25152.t1",1,0,0,NA,NA,NA,NA,"ME0"
"Montipora_capitata_HIv3___RNAseq.g25157.t1",0,1,0,NA,NA,NA,NA,"ME2"
"Montipora_capitata_HIv3___RNAseq.g25159.t1",0,2,0,NA,NA,NA,NA,"ME3"
"Montipora_capitata_HIv3___RNAseq.g25160.t1",1,0,0,NA,NA,NA,NA,"ME1"
"Montipora_capitata_HIv3___TS.g8344.t1",1,0,0,NA,NA,NA,NA,"ME0"
"Montipora_capitata_HIv3___TS.g8348.t1",0,1,0,NA,NA,NA,NA,"ME7"
"Montipora_capitata_HIv3___RNAseq.g25168.t1",0,0,2,NA,NA,NA,NA,"ME8"
"Montipora_capitata_HIv3___RNAseq.g25170.t1",0,1,0,NA,NA,NA,NA,"ME3"
"Montipora_capitata_HIv3___RNAseq.g25172.t1",1,0,0,NA,NA,NA,NA,"ME3"
"Montipora_capitata_HIv3___RNAseq.g25174.t1",1,0,0,NA,NA,NA,NA,"ME3"
"Montipora_capitata_HIv3___RNAseq.g25175.t1",1,0,0,NA,NA,NA,NA,"ME14"
"Montipora_capitata_HIv3___RNAseq.g25176.t1",0,3,0,NA,NA,NA,NA,"ME10"
"Montipora_capitata_HIv3___RNAseq.g25178.t1",1,0,0,NA,NA,NA,NA,"ME6"
"Montipora_capitata_HIv3___TS.g8367.t1",0,1,0,NA,NA,NA,NA,"ME2"
"Montipora_capitata_HIv3___RNAseq.g25180.t1",0,1,0,NA,NA,NA,NA,"ME10"
"Montipora_capitata_HIv3___RNAseq.g25183.t1",0,1,0,NA,NA,NA,NA,"ME6"
"Montipora_capitata_HIv3___RNAseq.g25184.t1",0,0,1,NA,NA,NA,NA,"ME5"
"Montipora_capitata_HIv3___RNAseq.g25198.t1",1,0,0,NA,NA,NA,NA,"ME31"
"Montipora_capitata_HIv3___RNAseq.g25208.t1",0,1,0,NA,NA,NA,NA,"ME1"
"Montipora_capitata_HIv3___RNAseq.g25226.t1",0,0,1,NA,NA,NA,NA,"ME2"
"Montipora_capitata_HIv3___RNAseq.g25257.t1",0,1,0,NA,NA,NA,NA,"ME10"
"Montipora_capitata_HIv3___RNAseq.g25262.t1",1,0,0,0.0145289744533531,"Other",3,0.525585046211979,"ME5"
"Montipora_capitata_HIv3___TS.g8456.t1",0,0,1,NA,NA,NA,NA,"ME2"
"Montipora_capitata_HIv3___RNAseq.g25281.t1",2,0,0,NA,NA,NA,NA,"ME11"
"Montipora_capitata_HIv3___RNAseq.g25284.t1",0,0,2,NA,NA,NA,NA,"ME7"
"Montipora_capitata_HIv3___RNAseq.g25285.t1",1,0,0,NA,NA,NA,NA,"ME3"
"Montipora_capitata_HIv3___RNAseq.g25286.t1",1,0,0,0.000195531489125649,"Transient",5,0.761777213082894,"ME3"
"Montipora_capitata_HIv3___RNAseq.g25287.t1",0,0,1,NA,NA,NA,NA,"ME1"
"Montipora_capitata_HIv3___RNAseq.g25292.t1",0,1,0,NA,NA,NA,NA,"ME4"
"Montipora_capitata_HIv3___TS.g8479.t1",1,0,0,0.00758179290475562,"Transient",5,0.73872267340803,"ME6"
"Montipora_capitata_HIv3___RNAseq.g25309.t1",0,1,0,NA,NA,NA,NA,"ME2"
"Montipora_capitata_HIv3___TS.g8506.t1",0,0,1,NA,NA,NA,NA,"ME0"
"Montipora_capitata_HIv3___RNAseq.g25317.t1",0,1,0,NA,NA,NA,NA,"ME0"
"Montipora_capitata_HIv3___TS.g8512.t1",1,0,0,NA,NA,NA,NA,"ME1"
"Montipora_capitata_HIv3___RNAseq.g25444.t1",0,0,1,NA,NA,NA,NA,"ME0"
"Montipora_capitata_HIv3___RNAseq.g25504.t1a",1,0,0,NA,NA,NA,NA,"ME0"
"Montipora_capitata_HIv3___RNAseq.g25555.t1",1,1,0,NA,NA,NA,NA,"ME4"
"Montipora_capitata_HIv3___RNAseq.g25447.t1",0,0,1,0.0001138537881553,"Monotonous",6,0.954513491799883,"ME9"
"Montipora_capitata_HIv3___TS.g8638.t1",0,2,0,NA,NA,NA,NA,"ME2"
"Montipora_capitata_HIv3___RNAseq.g25460.t1",0,1,0,NA,NA,NA,NA,"ME10"
"Montipora_capitata_HIv3___RNAseq.g25462.t1",0,7,0,0.0285235362861308,"Transient",NA,NA,"ME0"
"Montipora_capitata_HIv3___TS.g8646.t2",1,0,0,NA,NA,NA,NA,"ME16"
"Montipora_capitata_HIv3___TS.g8649.t1",0,0,1,NA,NA,NA,NA,"ME7"
"Montipora_capitata_HIv3___TS.g8650.t2",1,0,0,NA,NA,NA,NA,"ME1"
"Montipora_capitata_HIv3___TS.g8654.t1",0,1,0,NA,NA,NA,NA,"ME0"
"Montipora_capitata_HIv3___TS.g8656.t1",1,0,1,NA,NA,NA,NA,"ME2"
"Montipora_capitata_HIv3___TS.g8684.t2",0,0,1,0.00554777232034816,"Transient",4,0.666722926410966,"ME6"
"Montipora_capitata_HIv3___RNAseq.g25496.t1",1,0,0,NA,NA,NA,NA,"ME3"
"Montipora_capitata_HIv3___RNAseq.g25507.t1",0,0,1,NA,NA,NA,NA,"ME8"
"Montipora_capitata_HIv3___RNAseq.g25515.t1",0,0,1,NA,NA,NA,NA,"ME2"
"Montipora_capitata_HIv3___RNAseq.g25517.t1",1,0,0,NA,NA,NA,NA,"ME0"
"Montipora_capitata_HIv3___RNAseq.g25525.t1",0,1,0,0.00927600295172259,"Other",6,0.987123077149972,"ME4"
"Montipora_capitata_HIv3___RNAseq.g25528.t1",1,0,0,0.00981246989855163,"Transient",4,0.580550370153226,"ME3"
"Montipora_capitata_HIv3___RNAseq.g25532.t1",1,0,0,NA,NA,NA,NA,"ME3"
"Montipora_capitata_HIv3___TS.g8795.t1",1,1,0,NA,NA,NA,NA,"ME0"
"Montipora_capitata_HIv3___RNAseq.g25630.t1",0,0,1,NA,NA,NA,NA,"ME0"
"Montipora_capitata_HIv3___RNAseq.g25631.t1",0,0,1,NA,NA,NA,NA,"ME0"
"Montipora_capitata_HIv3___TS.g8825.t1a",0,0,1,NA,NA,NA,NA,"ME0"
"Montipora_capitata_HIv3___TS.g8826.t1",0,0,1,NA,NA,NA,NA,"ME0"
"Montipora_capitata_HIv3___RNAseq.g25669.t1",0,1,0,NA,NA,NA,NA,"ME22"
"Montipora_capitata_HIv3___RNAseq.g25691.t1",1,0,0,NA,NA,NA,NA,"ME0"
"Montipora_capitata_HIv3___RNAseq.g25727.t1",0,0,1,NA,NA,NA,NA,"ME0"
"Montipora_capitata_HIv3___TS.g8946.t1",0,1,0,NA,NA,NA,NA,"ME4"
"Montipora_capitata_HIv3___RNAseq.g25582.t1",0,5,0,0.000825252772502385,"Transient",2,0.750521845351186,"ME1"
"Montipora_capitata_HIv3___TS.g8783.t1",0,3,1,NA,NA,NA,NA,"ME2"
"Montipora_capitata_HIv3___RNAseq.g25611.t1",0,1,0,NA,NA,NA,NA,"ME3"
"Montipora_capitata_HIv3___RNAseq.g25619.t1",1,0,0,0.00475407181312877,"Transient",5,0.594576117776257,"ME3"
"Montipora_capitata_HIv3___RNAseq.g25629.t1",0,1,0,NA,NA,NA,NA,"ME6"
"Montipora_capitata_HIv3___RNAseq.g25650.t1",1,0,0,NA,NA,NA,NA,"ME2"
"Montipora_capitata_HIv3___RNAseq.g25683.t1",0,1,0,0.00356005395036341,"Monotonous",2,0.675613398477212,"ME20"
"Montipora_capitata_HIv3___RNAseq.g25685.t1",1,0,0,NA,NA,NA,NA,"ME2"
"Montipora_capitata_HIv3___RNAseq.g25686.t1",1,0,1,NA,NA,NA,NA,"ME2"
"Montipora_capitata_HIv3___TS.g8904.t1",0,1,1,NA,NA,NA,NA,"ME3"
"Montipora_capitata_HIv3___TS.g8920.t1",1,2,0,NA,NA,NA,NA,"ME11"
"Montipora_capitata_HIv3___RNAseq.g25730.t1",1,1,1,NA,NA,NA,NA,"ME13"
"Montipora_capitata_HIv3___RNAseq.g25729.t1a",1,0,0,NA,NA,NA,NA,"ME3"
"Montipora_capitata_HIv3___TS.g8942.t2",0,0,1,0.000108281869458086,"Transient",3,0.894050859910831,"ME1"
"Montipora_capitata_HIv3___RNAseq.g25739.t1",0,1,0,NA,NA,NA,NA,"ME11"
"Montipora_capitata_HIv3___RNAseq.g25747.t1",0,0,1,NA,NA,NA,NA,"ME0"
"Montipora_capitata_HIv3___TS.g8963.t1",0,1,1,NA,NA,NA,NA,"ME0"
"Montipora_capitata_HIv3___TS.g8964.t1",0,0,2,NA,NA,NA,NA,"ME8"
"Montipora_capitata_HIv3___TS.g8984.t1",1,0,0,0.00362722549477892,"Other",5,0.706957279153115,"ME6"
"Montipora_capitata_HIv3___RNAseq.g25769.t1",0,1,1,NA,NA,NA,NA,"ME11"
"Montipora_capitata_HIv3___RNAseq.g25970.t1",0,0,1,NA,NA,NA,NA,"ME4"
"Montipora_capitata_HIv3___RNAseq.g25816.t1",0,1,1,NA,NA,NA,NA,"ME1"
"Montipora_capitata_HIv3___RNAseq.g25845.t1b",0,1,0,NA,NA,NA,NA,"ME0"
"Montipora_capitata_HIv3___RNAseq.g25892.t1b",1,0,0,NA,NA,NA,NA,"ME0"
"Montipora_capitata_HIv3___TS.g9162.t1",0,1,0,NA,NA,NA,NA,"ME0"
"Montipora_capitata_HIv3___RNAseq.g25774.t1",1,0,0,NA,NA,NA,NA,"ME16"
"Montipora_capitata_HIv3___TS.g8995.t1",0,0,1,NA,NA,NA,NA,"ME0"
"Montipora_capitata_HIv3___TS.g8998.t1a",0,0,1,NA,NA,NA,NA,"ME2"
"Montipora_capitata_HIv3___RNAseq.g25783.t1",0,1,0,NA,NA,NA,NA,"ME13"
"Montipora_capitata_HIv3___RNAseq.g25784.t1",0,1,0,NA,NA,NA,NA,"ME13"
"Montipora_capitata_HIv3___RNAseq.g25796.t1",0,0,1,NA,NA,NA,NA,"ME8"
"Montipora_capitata_HIv3___RNAseq.g25830.t1",0,0,1,NA,NA,NA,NA,"ME1"
"Montipora_capitata_HIv3___RNAseq.g25842.t1",0,0,1,NA,NA,NA,NA,"ME11"
"Montipora_capitata_HIv3___RNAseq.g25856.t1",1,0,1,NA,NA,NA,NA,"ME3"
"Montipora_capitata_HIv3___RNAseq.g25869.t1",1,0,0,NA,NA,NA,NA,"ME1"
"Montipora_capitata_HIv3___RNAseq.g25877.t1",1,0,0,NA,NA,NA,NA,"ME12"
"Montipora_capitata_HIv3___RNAseq.g25880.t1",0,1,0,NA,NA,NA,NA,"ME20"
"Montipora_capitata_HIv3___TS.g9109.t1",1,0,0,NA,NA,NA,NA,"ME2"
"Montipora_capitata_HIv3___RNAseq.g25928.t1",0,1,0,NA,NA,NA,NA,"ME22"
"Montipora_capitata_HIv3___TS.g9386.t1",1,0,0,NA,NA,NA,NA,"ME0"
"Montipora_capitata_HIv3___TS.g9235.t1",0,1,0,NA,NA,NA,NA,"ME0"
"Montipora_capitata_HIv3___RNAseq.g26026.t1",1,0,0,NA,NA,NA,NA,"ME0"
"Montipora_capitata_HIv3___RNAseq.g26032.t2",0,1,0,0.00999976150963008,"Transient",3,0.878845428766644,"ME1"
"Montipora_capitata_HIv3___RNAseq.g26033.t1",0,1,0,NA,NA,NA,NA,"ME1"
"Montipora_capitata_HIv3___RNAseq.g26037.t1",1,0,0,NA,NA,NA,NA,"ME7"
"Montipora_capitata_HIv3___RNAseq.g26052.t1",1,1,0,NA,NA,NA,NA,"ME4"
"Montipora_capitata_HIv3___RNAseq.g26063.t1",1,0,0,NA,NA,NA,NA,"ME2"
"Montipora_capitata_HIv3___RNAseq.g26083.t1",1,0,0,NA,NA,NA,NA,"ME2"
"Montipora_capitata_HIv3___RNAseq.g27038.t1",1,0,0,0.0448599276121508,"Other",6,0.622223925605455,"ME5"
"Montipora_capitata_HIv3___RNAseq.g27043.t1",2,0,0,NA,NA,NA,NA,"ME5"
"Montipora_capitata_HIv3___RNAseq.g27046.t1",1,0,0,0.0148334806229603,"Other",6,0.871155510187843,"ME26"
"Montipora_capitata_HIv3___TS.g10296.t1",0,2,0,0.0115877556204759,"Monotonous",2,0.922101242567468,"ME1"
"Montipora_capitata_HIv3___TS.g10300.t1",1,0,0,NA,NA,NA,NA,"ME1"
"Montipora_capitata_HIv3___RNAseq.g27052.t1",0,0,2,NA,NA,NA,NA,"ME25"
"Montipora_capitata_HIv3___RNAseq.g27055.t1",0,0,2,NA,NA,NA,NA,"ME25"
"Montipora_capitata_HIv3___TS.g10310.t1",1,0,0,NA,NA,NA,NA,"ME0"
"Montipora_capitata_HIv3___RNAseq.g27062.t1",1,0,0,0.0204936422795689,"Transient",3,0.95480514003413,"ME1"
"Montipora_capitata_HIv3___RNAseq.g27072.t1",1,0,0,1.74766300850144e-05,"Transient",3,0.855212639758392,"ME1"
"Montipora_capitata_HIv3___RNAseq.g27082.t1",1,2,0,0.0395475194291813,"Other",NA,NA,"ME22"
"Montipora_capitata_HIv3___TS.g10339.t1b",1,0,0,0.014493902705701,"Transient",3,0.920679799564094,"ME19"
"Montipora_capitata_HIv3___TS.g10341.t1",1,0,0,0.000930256308182491,"Transient",5,0.583502482128508,"ME3"
"Montipora_capitata_HIv3___RNAseq.g27096.t1",0,0,1,1.60119837344848e-11,"Transient",3,0.850292404983056,"ME1"
"Montipora_capitata_HIv3___RNAseq.g27098.t1",1,0,0,NA,NA,NA,NA,"ME3"
"Montipora_capitata_HIv3___TS.g10353.t1",0,1,0,0.0111354841115223,"Other",NA,NA,"ME3"
"Montipora_capitata_HIv3___RNAseq.g27105.t2",1,0,2,NA,NA,NA,NA,"ME7"
"Montipora_capitata_HIv3___TS.g10358.t2a",0,1,0,NA,NA,NA,NA,"ME6"
"Montipora_capitata_HIv3___RNAseq.g27116.t1",1,0,0,NA,NA,NA,NA,"ME9"
"Montipora_capitata_HIv3___RNAseq.g27117.t1",1,0,0,0.0149981888324957,"Other",6,0.883500448286664,"ME9"
"Montipora_capitata_HIv3___RNAseq.g27118.t1",0,0,1,NA,NA,NA,NA,"ME0"
"Montipora_capitata_HIv3___RNAseq.g27131.t1",0,0,1,NA,NA,NA,NA,"ME6"
"Montipora_capitata_HIv3___RNAseq.g27140.t2",1,0,0,NA,NA,NA,NA,"ME0"
"Montipora_capitata_HIv3___TS.g9435.t1",0,1,0,NA,NA,NA,NA,"ME26"
"Montipora_capitata_HIv3___RNAseq.g26454.t1",0,1,0,NA,NA,NA,NA,"ME0"
"Montipora_capitata_HIv3___RNAseq.g26537.t1a",1,0,0,NA,NA,NA,NA,"ME11"
"Montipora_capitata_HIv3___RNAseq.g26569.t1b",0,1,0,NA,NA,NA,NA,"ME1"
"Montipora_capitata_HIv3___RNAseq.g26569.t1a",2,0,0,NA,NA,NA,NA,"ME1"
"Montipora_capitata_HIv3___RNAseq.g26857.t1",1,0,0,NA,NA,NA,NA,"ME4"
"Montipora_capitata_HIv3___RNAseq.g26927.t1",0,0,1,NA,NA,NA,NA,"ME0"
"Montipora_capitata_HIv3___TS.g10179.t1",1,0,0,NA,NA,NA,NA,"ME4"
"Montipora_capitata_HIv3___RNAseq.g26949.t1",2,0,0,NA,NA,NA,NA,"ME4"
"Montipora_capitata_HIv3___TS.g10205.t2",0,1,0,NA,NA,NA,NA,"ME1"
"Montipora_capitata_HIv3___RNAseq.g26173.t1",1,0,0,NA,NA,NA,NA,"ME0"
"Montipora_capitata_HIv3___RNAseq.g26177.t1",0,1,0,NA,NA,NA,NA,"ME0"
"Montipora_capitata_HIv3___TS.g9407.t1",1,0,0,0.0122545234689001,"Transient",NA,NA,"ME25"
"Montipora_capitata_HIv3___RNAseq.g26179.t1",0,1,0,NA,NA,NA,NA,"ME16"
"Montipora_capitata_HIv3___RNAseq.g26180.t1",1,0,0,NA,NA,NA,NA,"ME2"
"Montipora_capitata_HIv3___RNAseq.g26183.t1",0,1,0,NA,NA,NA,NA,"ME3"
"Montipora_capitata_HIv3___RNAseq.g26189.t1",2,0,0,0.0301352658719485,"Transient",NA,NA,"ME3"
"Montipora_capitata_HIv3___RNAseq.g26206.t2",0,1,0,NA,NA,NA,NA,"ME6"
"Montipora_capitata_HIv3___RNAseq.g26207.t1",0,0,1,NA,NA,NA,NA,"ME19"
"Montipora_capitata_HIv3___TS.g9439.t1",0,1,0,0.000472195476635601,"Monotonous",2,0.58326172112437,"ME19"
"Montipora_capitata_HIv3___TS.g9440.t1a",1,0,0,NA,NA,NA,NA,"ME2"
"Montipora_capitata_HIv3___RNAseq.g26213.t1",1,0,0,NA,NA,NA,NA,"ME27"
"Montipora_capitata_HIv3___RNAseq.g26214.t1",0,1,0,NA,NA,NA,NA,"ME19"
"Montipora_capitata_HIv3___RNAseq.g26216.t1",1,0,0,NA,NA,NA,NA,"ME4"
"Montipora_capitata_HIv3___RNAseq.g26217.t1",0,1,0,NA,NA,NA,NA,"ME19"
"Montipora_capitata_HIv3___RNAseq.g26219.t1",1,0,0,NA,NA,NA,NA,"ME21"
"Montipora_capitata_HIv3___RNAseq.g26222.t1",1,0,0,0.00787997683447678,"Other",6,0.827880103591895,"ME21"
"Montipora_capitata_HIv3___TS.g9451.t2a",0,0,1,8.9913878531231e-06,"Monotonous",2,0.920805056768574,"ME1"
"Montipora_capitata_HIv3___TS.g9453.t1",0,0,1,NA,NA,NA,NA,"ME2"
"Montipora_capitata_HIv3___RNAseq.g26226.t1",1,0,1,NA,NA,NA,NA,"ME1"
"Montipora_capitata_HIv3___RNAseq.g26229.t1b",0,1,0,NA,NA,NA,NA,"ME1"
"Montipora_capitata_HIv3___RNAseq.g26229.t1a",0,3,0,0.0302677920197684,"Other",3,0.674036679527145,"ME1"
"Montipora_capitata_HIv3___TS.g9462.t2",1,0,0,7.33662530705588e-07,"Monotonous",6,0.511760694764386,"ME3"
"Montipora_capitata_HIv3___TS.g9467.t1a",0,1,0,NA,NA,NA,NA,"ME2"
"Montipora_capitata_HIv3___TS.g9467.t1b",0,1,0,6.26664644683415e-05,"Monotonous",4,0.781289699418198,"ME0"
"Montipora_capitata_HIv3___RNAseq.g26267.t1",1,0,0,NA,NA,NA,NA,"ME14"
"Montipora_capitata_HIv3___RNAseq.g26304.t1",0,1,0,NA,NA,NA,NA,"ME4"
"Montipora_capitata_HIv3___RNAseq.g26389.t1",1,0,0,NA,NA,NA,NA,"ME4"
"Montipora_capitata_HIv3___RNAseq.g26397.t1",1,0,1,NA,NA,NA,NA,"ME8"
"Montipora_capitata_HIv3___TS.g9647.t1",1,0,0,0.0244812835757734,"Other",NA,NA,"ME6"
"Montipora_capitata_HIv3___RNAseq.g26420.t1",0,1,1,NA,NA,NA,NA,"ME2"
"Montipora_capitata_HIv3___RNAseq.g26423.t1",1,0,0,NA,NA,NA,NA,"ME8"
"Montipora_capitata_HIv3___RNAseq.g26425.t1",0,0,1,NA,NA,NA,NA,"ME1"
"Montipora_capitata_HIv3___TS.g9664.t1",0,0,1,NA,NA,NA,NA,"ME3"
"Montipora_capitata_HIv3___RNAseq.g26429.t1",0,1,0,9.13473328293405e-06,"Transient",3,0.72368554654136,"ME1"
"Montipora_capitata_HIv3___TS.g9673.t1",0,1,0,0.045035671185995,"Other",NA,NA,"ME3"
"Montipora_capitata_HIv3___TS.g9674.t1",1,0,0,NA,NA,NA,NA,"ME3"
"Montipora_capitata_HIv3___RNAseq.g26437.t1",0,1,0,NA,NA,NA,NA,"ME18"
"Montipora_capitata_HIv3___RNAseq.g26443.t1",0,1,0,NA,NA,NA,NA,"ME3"
"Montipora_capitata_HIv3___RNAseq.g26446.t1",1,0,0,NA,NA,NA,NA,"ME3"
"Montipora_capitata_HIv3___RNAseq.g26449.t1",1,0,0,NA,NA,NA,NA,"ME3"
"Montipora_capitata_HIv3___RNAseq.g26456.t1",1,0,0,0.0312542281229758,"Transient",NA,NA,"ME3"
"Montipora_capitata_HIv3___RNAseq.g26457.t1",1,0,0,0.00057186029877898,"Other",4,0.880591175971595,"ME7"
"Montipora_capitata_HIv3___RNAseq.g26458.t1",1,0,1,NA,NA,NA,NA,"ME5"
"Montipora_capitata_HIv3___RNAseq.g26463.t1",0,0,1,NA,NA,NA,NA,"ME3"
"Montipora_capitata_HIv3___RNAseq.g26469.t1",0,1,0,NA,NA,NA,NA,"ME2"
"Montipora_capitata_HIv3___RNAseq.g26472.t1",1,0,0,NA,NA,NA,NA,"ME3"
"Montipora_capitata_HIv3___RNAseq.g26474.t3",2,0,0,NA,NA,NA,NA,"ME5"
"Montipora_capitata_HIv3___TS.g9710.t3",2,0,0,NA,NA,NA,NA,"ME5"
"Montipora_capitata_HIv3___RNAseq.g26476.t2",0,0,1,NA,NA,NA,NA,"ME18"
"Montipora_capitata_HIv3___RNAseq.g26477.t1",0,1,0,NA,NA,NA,NA,"ME1"
"Montipora_capitata_HIv3___RNAseq.g26487.t1",0,1,0,NA,NA,NA,NA,"ME6"
"Montipora_capitata_HIv3___RNAseq.g26488.t1",0,1,0,2.94497063042482e-05,"Transient",6,0.7327963560198,"ME16"
"Montipora_capitata_HIv3___RNAseq.g26490.t1",0,1,0,0.00168172737631478,"Monotonous",2,0.753465149302804,"ME1"
"Montipora_capitata_HIv3___RNAseq.g26492.t2b",0,1,0,0.00911306512448228,"Other",NA,NA,"ME3"
"Montipora_capitata_HIv3___RNAseq.g26495.t1",0,0,1,9.16409592736249e-06,"Monotonous",1,0.988741241765285,"ME10"
"Montipora_capitata_HIv3___RNAseq.g26498.t1",1,0,0,0.0263824945919789,"Transient",4,0.666710819499399,"ME3"
"Montipora_capitata_HIv3___TS.g9738.t1",0,1,0,NA,NA,NA,NA,"ME17"
"Montipora_capitata_HIv3___RNAseq.g26502.t1",0,2,0,NA,NA,NA,NA,"ME6"
"Montipora_capitata_HIv3___RNAseq.g26504.t1",1,0,1,0.0334505080849213,"Other",4,0.861709639083788,"ME0"
"Montipora_capitata_HIv3___TS.g9755.t1b",0,1,0,NA,NA,NA,NA,"ME3"
"Montipora_capitata_HIv3___TS.g9755.t1a",1,0,0,0.0451913119040687,"Other",2,0.571901543836682,"ME1"
"Montipora_capitata_HIv3___RNAseq.g26523.t1",1,0,0,NA,NA,NA,NA,"ME1"
"Montipora_capitata_HIv3___RNAseq.g26524.t1",1,0,0,0.00648617308451666,"Other",3,0.561967338728086,"ME16"
"Montipora_capitata_HIv3___RNAseq.g26525.t1",1,1,1,NA,NA,NA,NA,"ME2"
"Montipora_capitata_HIv3___TS.g9764.t2",1,0,1,0.00323814282385596,"Other",NA,NA,"ME1"
"Montipora_capitata_HIv3___RNAseq.g26530.t1",1,0,0,NA,NA,NA,NA,"ME1"
"Montipora_capitata_HIv3___RNAseq.g26534.t1",0,0,1,NA,NA,NA,NA,"ME9"
"Montipora_capitata_HIv3___RNAseq.g26547.t1",0,1,0,0.00406244255018473,"Monotonous",1,0.885793144834485,"ME3"
"Montipora_capitata_HIv3___RNAseq.g26549.t1",0,1,0,0.00654359310361708,"Monotonous",1,0.84095472847964,"ME3"
"Montipora_capitata_HIv3___RNAseq.g26550.t1",0,1,0,NA,NA,NA,NA,"ME19"
"Montipora_capitata_HIv3___RNAseq.g26554.t1",1,0,0,NA,NA,NA,NA,"ME0"
"Montipora_capitata_HIv3___TS.g9791.t1a",0,0,1,NA,NA,NA,NA,"ME2"
"Montipora_capitata_HIv3___RNAseq.g26557.t1",0,0,1,NA,NA,NA,NA,"ME1"
"Montipora_capitata_HIv3___RNAseq.g26562.t1",0,0,1,NA,NA,NA,NA,"ME0"
"Montipora_capitata_HIv3___RNAseq.g26566.t1",1,0,0,NA,NA,NA,NA,"ME0"
"Montipora_capitata_HIv3___RNAseq.g26568.t1",1,0,0,0.00857192558407987,"Monotonous",1,0.854438571165616,"ME3"
"Montipora_capitata_HIv3___RNAseq.g26570.t1",0,0,1,NA,NA,NA,NA,"ME20"
"Montipora_capitata_HIv3___RNAseq.g26577.t1",0,0,2,NA,NA,NA,NA,"ME10"
"Montipora_capitata_HIv3___RNAseq.g26581.t1",0,1,2,2.83653913617979e-06,"Monotonous",2,0.951226754443025,"ME1"
"Montipora_capitata_HIv3___TS.g9818.t1b",1,0,0,NA,NA,NA,NA,"ME1"
"Montipora_capitata_HIv3___RNAseq.g26587.t1",0,0,1,NA,NA,NA,NA,"ME5"
"Montipora_capitata_HIv3___TS.g9833.t1",0,1,0,NA,NA,NA,NA,"ME22"
"Montipora_capitata_HIv3___RNAseq.g26601.t1",0,1,0,NA,NA,NA,NA,"ME7"
"Montipora_capitata_HIv3___TS.g9836.t1",0,1,0,NA,NA,NA,NA,"ME5"
"Montipora_capitata_HIv3___RNAseq.g26605.t1",1,0,0,NA,NA,NA,NA,"ME1"
"Montipora_capitata_HIv3___RNAseq.g26610.t1",0,1,0,0.00016581054660525,"Monotonous",4,0.801478344145016,"ME0"
"Montipora_capitata_HIv3___RNAseq.g26617.t1",1,0,0,0.0189051477036081,"Other",NA,NA,"ME2"
"Montipora_capitata_HIv3___RNAseq.g26632.t1",0,0,1,NA,NA,NA,NA,"ME2"
"Montipora_capitata_HIv3___RNAseq.g26633.t1",0,1,0,NA,NA,NA,NA,"ME4"
"Montipora_capitata_HIv3___RNAseq.g26641.t1",0,1,0,NA,NA,NA,NA,"ME25"
"Montipora_capitata_HIv3___TS.g9888.t1d",0,1,0,0.0267690392225754,"Other",6,0.733317485618821,"ME9"
"Montipora_capitata_HIv3___RNAseq.g26655.t1",1,0,1,NA,NA,NA,NA,"ME1"
"Montipora_capitata_HIv3___RNAseq.g26656.t2",1,0,0,0.0406983310837303,"Other",4,0.637539220859234,"ME3"
"Montipora_capitata_HIv3___TS.g9892.t1",1,0,0,NA,NA,NA,NA,"ME7"
"Montipora_capitata_HIv3___RNAseq.g26658.t1",0,0,1,NA,NA,NA,NA,"ME1"
"Montipora_capitata_HIv3___RNAseq.g26659.t1",1,0,1,0.000269492003260749,"Transient",NA,NA,"ME3"
"Montipora_capitata_HIv3___RNAseq.g26661.t1",0,1,1,NA,NA,NA,NA,"ME11"
"Montipora_capitata_HIv3___RNAseq.g26664.t1",1,0,0,NA,NA,NA,NA,"ME0"
"Montipora_capitata_HIv3___RNAseq.g26665.t1",1,0,0,NA,NA,NA,NA,"ME5"
"Montipora_capitata_HIv3___RNAseq.g26666.t1",2,0,0,NA,NA,NA,NA,"ME5"
"Montipora_capitata_HIv3___RNAseq.g26667.t1",1,0,1,0.0117627030491747,"Other",6,0.864096926398839,"ME5"
"Montipora_capitata_HIv3___RNAseq.g26673.t1",0,0,1,NA,NA,NA,NA,"ME4"
"Montipora_capitata_HIv3___RNAseq.g26681.t1",0,0,1,NA,NA,NA,NA,"ME0"
"Montipora_capitata_HIv3___RNAseq.g26682.t1",0,0,2,NA,NA,NA,NA,"ME13"
"Montipora_capitata_HIv3___RNAseq.g26689.t1",1,0,1,NA,NA,NA,NA,"ME20"
"Montipora_capitata_HIv3___TS.g9930.t1a",1,0,0,NA,NA,NA,NA,"ME0"
"Montipora_capitata_HIv3___RNAseq.g26692.t1",1,0,0,0.0274897759630873,"Other",4,0.72536153307214,"ME0"
"Montipora_capitata_HIv3___RNAseq.g26694.t2",1,0,0,NA,NA,NA,NA,"ME15"
"Montipora_capitata_HIv3___RNAseq.g26702.t1",0,0,1,NA,NA,NA,NA,"ME0"
"Montipora_capitata_HIv3___TS.g9947.t1",0,0,2,NA,NA,NA,NA,"ME0"
"Montipora_capitata_HIv3___RNAseq.g26710.t1",0,0,2,NA,NA,NA,NA,"ME24"
"Montipora_capitata_HIv3___RNAseq.g26711.t1",1,0,0,NA,NA,NA,NA,"ME1"
"Montipora_capitata_HIv3___RNAseq.g26718.t1",0,0,1,NA,NA,NA,NA,"ME13"
"Montipora_capitata_HIv3___RNAseq.g26719.t1",0,2,0,NA,NA,NA,NA,"ME7"
"Montipora_capitata_HIv3___RNAseq.g26720.t1",1,0,0,0.00133320162599286,"Other",3,0.844667743826002,"ME15"
"Montipora_capitata_HIv3___RNAseq.g26724.t1a",0,0,1,0.000871235216245433,"Monotonous",1,0.840859523014727,"ME3"
"Montipora_capitata_HIv3___TS.g9966.t1",0,0,1,NA,NA,NA,NA,"ME0"
"Montipora_capitata_HIv3___RNAseq.g26734.t1",0,1,0,0.0406620294946406,"Monotonous",1,0.59153310457022,"ME17"
"Montipora_capitata_HIv3___RNAseq.g26735.t1",0,0,1,0.023315348667146,"Other",6,0.962482180081463,"ME10"
"Montipora_capitata_HIv3___RNAseq.g26741.t1",1,0,0,NA,NA,NA,NA,"ME15"
"Montipora_capitata_HIv3___TS.13392_t",1,0,0,NA,NA,NA,NA,"ME10"
"Montipora_capitata_HIv3___RNAseq.g26743.t1",2,0,0,NA,NA,NA,NA,"ME3"
"Montipora_capitata_HIv3___RNAseq.g26746.t1",0,2,0,NA,NA,NA,NA,"ME0"
"Montipora_capitata_HIv3___RNAseq.g26756.t1",0,1,1,NA,NA,NA,NA,"ME0"
"Montipora_capitata_HIv3___TS.g10002.t1",0,0,1,NA,NA,NA,NA,"ME30"
"Montipora_capitata_HIv3___RNAseq.g26760.t1",0,0,1,NA,NA,NA,NA,"ME30"
"Montipora_capitata_HIv3___RNAseq.g26763.t1",0,2,0,NA,NA,NA,NA,"ME22"
"Montipora_capitata_HIv3___RNAseq.g26764.t1",1,0,0,NA,NA,NA,NA,"ME4"
"Montipora_capitata_HIv3___RNAseq.13310_t",1,0,1,NA,NA,NA,NA,"ME12"
"Montipora_capitata_HIv3___RNAseq.g26769.t1",0,3,0,5.79750896214581e-10,"Transient",2,0.692510599603537,"ME1"
"Montipora_capitata_HIv3___TS.g10017.t1",0,0,1,NA,NA,NA,NA,"ME6"
"Montipora_capitata_HIv3___TS.g10023.t1a",0,0,1,0.0433975662864466,"Other",1,0.690417718104228,"ME10"
"Montipora_capitata_HIv3___TS.g10032.t1",0,1,0,NA,NA,NA,NA,"ME3"
"Montipora_capitata_HIv3___RNAseq.g26788.t1",1,0,0,NA,NA,NA,NA,"ME0"
"Montipora_capitata_HIv3___RNAseq.g26795.t1",0,0,1,NA,NA,NA,NA,"ME19"
"Montipora_capitata_HIv3___TS.g10041.t1",1,0,0,NA,NA,NA,NA,"ME2"
"Montipora_capitata_HIv3___RNAseq.13355_t",0,1,0,NA,NA,NA,NA,"ME9"
"Montipora_capitata_HIv3___RNAseq.g26803.t1",2,0,0,0.0441123099415188,"Transient",3,0.919191240566776,"ME1"
"Montipora_capitata_HIv3___TS.g10060.t1",0,1,0,NA,NA,NA,NA,"ME15"
"Montipora_capitata_HIv3___RNAseq.g26818.t1",1,0,0,0.0180641868974986,"Other",NA,NA,"ME19"
"Montipora_capitata_HIv3___RNAseq.g26821.t1",0,1,0,NA,NA,NA,NA,"ME2"
"Montipora_capitata_HIv3___RNAseq.g26825.t1",1,0,0,NA,NA,NA,NA,"ME5"
"Montipora_capitata_HIv3___RNAseq.g26826.t1",0,0,2,NA,NA,NA,NA,"ME9"
"Montipora_capitata_HIv3___RNAseq.g26827.t1",0,0,1,0.00569508489996004,"Other",5,0.959563322471235,"ME6"
"Montipora_capitata_HIv3___RNAseq.g26828.t1",0,0,1,NA,NA,NA,NA,"ME13"
"Montipora_capitata_HIv3___RNAseq.g26832.t1",1,0,0,9.94871114991963e-09,"Monotonous",6,0.669891126033051,"ME3"
"Montipora_capitata_HIv3___TS.g10079.t1",1,0,0,3.19611277594902e-05,"Monotonous",6,0.846323370279568,"ME3"
"Montipora_capitata_HIv3___RNAseq.g26847.t1",0,1,0,0.0135784708646312,"Monotonous",NA,NA,"ME0"
"Montipora_capitata_HIv3___TS.g10094.t1",1,0,1,NA,NA,NA,NA,"ME2"
"Montipora_capitata_HIv3___TS.g10096.t1",0,0,1,NA,NA,NA,NA,"ME4"
"Montipora_capitata_HIv3___TS.g10100.t1",0,0,1,NA,NA,NA,NA,"ME10"
"Montipora_capitata_HIv3___TS.g10101.t1",0,0,1,NA,NA,NA,NA,"ME10"
"Montipora_capitata_HIv3___RNAseq.g26858.t1",1,0,0,0.0250959883006273,"Other",NA,NA,"ME11"
"Montipora_capitata_HIv3___TS.g10107.t1",1,0,0,NA,NA,NA,NA,"ME22"
"Montipora_capitata_HIv3___RNAseq.g26864.t1",0,1,0,NA,NA,NA,NA,"ME2"
"Montipora_capitata_HIv3___TS.g10109.t1",1,0,0,NA,NA,NA,NA,"ME2"
"Montipora_capitata_HIv3___RNAseq.g26867.t1",1,0,0,7.15599877130287e-09,"Monotonous",2,0.698262994892839,"ME0"
"Montipora_capitata_HIv3___RNAseq.g26869.t1",0,1,1,NA,NA,NA,NA,"ME0"
"Montipora_capitata_HIv3___RNAseq.g26870.t1",0,0,1,0.000690582392121977,"Monotonous",4,0.727390782093012,"ME2"
"Montipora_capitata_HIv3___TS.g10117.t2",0,1,0,NA,NA,NA,NA,"ME5"
"Montipora_capitata_HIv3___RNAseq.g26876.t1",0,0,1,0.0107738473408017,"Other",3,0.804216562017403,"ME1"
"Montipora_capitata_HIv3___RNAseq.g26889.t1",0,1,0,NA,NA,NA,NA,"ME0"
"Montipora_capitata_HIv3___RNAseq.g26890.t1",0,2,0,NA,NA,NA,NA,"ME14"
"Montipora_capitata_HIv3___RNAseq.g26892.t1",0,2,0,NA,NA,NA,NA,"ME14"
"Montipora_capitata_HIv3___RNAseq.g26896.t1",0,1,0,0.0338074745435295,"Other",3,0.634144500313783,"ME1"
"Montipora_capitata_HIv3___RNAseq.g26898.t1",1,0,0,NA,NA,NA,NA,"ME4"
"Montipora_capitata_HIv3___RNAseq.g26899.t1",1,0,0,NA,NA,NA,NA,"ME1"
"Montipora_capitata_HIv3___RNAseq.g26900.t1",1,0,0,NA,NA,NA,NA,"ME1"
"Montipora_capitata_HIv3___RNAseq.g26901.t1",1,0,0,NA,NA,NA,NA,"ME1"
"Montipora_capitata_HIv3___RNAseq.g26904.t1",0,0,1,NA,NA,NA,NA,"ME0"
"Montipora_capitata_HIv3___RNAseq.g26909.t1",0,1,0,NA,NA,NA,NA,"ME0"
"Montipora_capitata_HIv3___RNAseq.g26910.t1",0,1,0,NA,NA,NA,NA,"ME4"
"Montipora_capitata_HIv3___RNAseq.g26911.t1",1,1,0,NA,NA,NA,NA,"ME18"
"Montipora_capitata_HIv3___RNAseq.g26912.t1",1,0,0,NA,NA,NA,NA,"ME22"
"Montipora_capitata_HIv3___RNAseq.g26913.t1",0,1,0,NA,NA,NA,NA,"ME0"
"Montipora_capitata_HIv3___RNAseq.g26915.t1",0,0,1,NA,NA,NA,NA,"ME22"
"Montipora_capitata_HIv3___RNAseq.g26917.t1",1,0,0,NA,NA,NA,NA,"ME14"
"Montipora_capitata_HIv3___TS.g10168.t2",1,0,0,NA,NA,NA,NA,"ME23"
"Montipora_capitata_HIv3___RNAseq.g26925.t1",1,0,0,NA,NA,NA,NA,"ME23"
"Montipora_capitata_HIv3___RNAseq.g26926.t1",0,0,1,NA,NA,NA,NA,"ME23"
"Montipora_capitata_HIv3___RNAseq.g26928.t1",0,1,0,NA,NA,NA,NA,"ME23"
"Montipora_capitata_HIv3___RNAseq.g26962.t2",1,0,0,NA,NA,NA,NA,"ME3"
"Montipora_capitata_HIv3___RNAseq.g26966.t1",0,1,0,NA,NA,NA,NA,"ME23"
"Montipora_capitata_HIv3___RNAseq.g26967.t1",0,1,0,NA,NA,NA,NA,"ME23"
"Montipora_capitata_HIv3___RNAseq.g26968.t1",0,1,0,NA,NA,NA,NA,"ME23"
"Montipora_capitata_HIv3___RNAseq.g26970.t1",0,1,0,0.0001441949803914,"Other",1,0.597592913061168,"ME10"
"Montipora_capitata_HIv3___RNAseq.g26972.t1",0,1,0,NA,NA,NA,NA,"ME4"
"Montipora_capitata_HIv3___RNAseq.g26976.t1",0,1,2,NA,NA,NA,NA,"ME9"
"Montipora_capitata_HIv3___RNAseq.g26991.t1",1,0,0,0.000908521386052877,"Transient",4,0.693603150958867,"ME20"
"Montipora_capitata_HIv3___RNAseq.g26992.t1",0,1,0,NA,NA,NA,NA,"ME0"
"Montipora_capitata_HIv3___RNAseq.g26994.t1b",0,1,0,NA,NA,NA,NA,"ME27"
"Montipora_capitata_HIv3___RNAseq.g26995.t1",0,1,0,0.0156753465607394,"Transient",3,0.91381079185616,"ME1"
"Montipora_capitata_HIv3___RNAseq.g26997.t1",1,0,0,NA,NA,NA,NA,"ME23"
"Montipora_capitata_HIv3___RNAseq.g26999.t1",1,0,0,NA,NA,NA,NA,"ME23"
"Montipora_capitata_HIv3___RNAseq.g27001.t1",0,1,1,NA,NA,NA,NA,"ME23"
"Montipora_capitata_HIv3___RNAseq.g27004.t1",1,0,1,NA,NA,NA,NA,"ME23"
"Montipora_capitata_HIv3___TS.g10252.t2",0,2,0,2.87552259068514e-05,"Transient",3,0.538572890658793,"ME15"
"Montipora_capitata_HIv3___RNAseq.g27008.t1",1,0,0,NA,NA,NA,NA,"ME7"
"Montipora_capitata_HIv3___TS.g10264.t1",0,0,1,0.000929704343632717,"Other",NA,NA,"ME10"
"Montipora_capitata_HIv3___RNAseq.g27018.t1",0,1,0,NA,NA,NA,NA,"ME0"
"Montipora_capitata_HIv3___RNAseq.g27021.t1",0,1,0,NA,NA,NA,NA,"ME15"
"Montipora_capitata_HIv3___RNAseq.g27026.t1",0,1,0,NA,NA,NA,NA,"ME15"
"Montipora_capitata_HIv3___RNAseq.g27031.t1",1,0,0,NA,NA,NA,NA,"ME21"
"Montipora_capitata_HIv3___RNAseq.g27033.t1",1,0,0,NA,NA,NA,NA,"ME2"
"Montipora_capitata_HIv3___TS.g10281.t1",0,0,1,NA,NA,NA,NA,"ME5"
"Montipora_capitata_HIv3___RNAseq.g27034.t1",1,0,0,0.0289230903076226,"Other",6,0.908452794013551,"ME10"
"Montipora_capitata_HIv3___RNAseq.g40378.t1",0,0,1,NA,NA,NA,NA,"ME6"
"Montipora_capitata_HIv3___RNAseq.g40383.t1",1,0,0,NA,NA,NA,NA,"ME6"
"Montipora_capitata_HIv3___RNAseq.g40389.t1",1,0,0,0.0117673383735946,"Transient",3,0.712603799126759,"ME16"
"Montipora_capitata_HIv3___RNAseq.g40393.t1",0,0,1,NA,NA,NA,NA,"ME5"
"Montipora_capitata_HIv3___RNAseq.g40399.t1",0,1,0,0.000703107918324781,"Monotonous",1,0.673743091311196,"ME3"
"Montipora_capitata_HIv3___RNAseq.g40402.t1",0,1,0,NA,NA,NA,NA,"ME1"
"Montipora_capitata_HIv3___RNAseq.g40403.t1",0,1,0,NA,NA,NA,NA,"ME7"
"Montipora_capitata_HIv3___RNAseq.g40409.t1",1,0,0,NA,NA,NA,NA,"ME4"
"Montipora_capitata_HIv3___RNAseq.g40411.t1",1,0,0,0.00128228138010849,"Transient",3,0.933043182460131,"ME1"
"Montipora_capitata_HIv3___RNAseq.13784_t",1,0,0,3.16120985362247e-05,"Transient",3,0.970581285056685,"ME1"
"Montipora_capitata_HIv3___TS.g46890.t3",1,0,0,0.0392387279727862,"Other",6,0.690079526594953,"ME10"
"Montipora_capitata_HIv3___RNAseq.g40422.t1",0,0,1,NA,NA,NA,NA,"ME3"
"Montipora_capitata_HIv3___RNAseq.g40431.t1",1,1,0,0.000871235216245433,"Monotonous",NA,NA,"ME29"
"Montipora_capitata_HIv3___RNAseq.g40434.t1",0,0,1,NA,NA,NA,NA,"ME1"
"Montipora_capitata_HIv3___RNAseq.g40435.t1",1,0,0,6.99790602864677e-06,"Transient",4,0.821260005958316,"ME3"
"Montipora_capitata_HIv3___RNAseq.g40436.t1",0,1,0,0.00101949198253661,"Transient",5,0.839891605138058,"ME17"
"Montipora_capitata_HIv3___RNAseq.g40437.t1",2,0,0,NA,NA,NA,NA,"ME1"
"Montipora_capitata_HIv3___RNAseq.g40448.t1",1,0,0,NA,NA,NA,NA,"ME2"
"Montipora_capitata_HIv3___RNAseq.g40449.t1",0,4,0,NA,NA,NA,NA,"ME2"
"Montipora_capitata_HIv3___RNAseq.g40450.t1",0,2,0,NA,NA,NA,NA,"ME2"
"Montipora_capitata_HIv3___RNAseq.g40451.t1",0,2,0,NA,NA,NA,NA,"ME2"
"Montipora_capitata_HIv3___RNAseq.g40453.t1",0,3,0,NA,NA,NA,NA,"ME4"
"Montipora_capitata_HIv3___RNAseq.g40460.t1",0,0,1,1.4604647273906e-05,"Monotonous",2,0.757987488013362,"ME1"
"Montipora_capitata_HIv3___RNAseq.g40461.t1",0,0,1,2.20177193289673e-07,"Transient",4,0.880672990601393,"ME6"
"Montipora_capitata_HIv3___TS.g46950.t2",0,0,1,NA,NA,NA,NA,"ME20"
"Montipora_capitata_HIv3___TS.g46952.t2",1,0,0,NA,NA,NA,NA,"ME1"
"Montipora_capitata_HIv3___RNAseq.g40475.t1",1,0,0,NA,NA,NA,NA,"ME0"
"Montipora_capitata_HIv3___RNAseq.g40490.t1",0,2,0,NA,NA,NA,NA,"ME2"
"Montipora_capitata_HIv3___RNAseq.g40496.t1",1,0,0,NA,NA,NA,NA,"ME20"
"Montipora_capitata_HIv3___RNAseq.g40497.t1",1,0,0,NA,NA,NA,NA,"ME1"
"Montipora_capitata_HIv3___RNAseq.g40507.t1",1,0,0,0.0007912119188185,"Other",1,0.846965990084931,"ME3"
"Montipora_capitata_HIv3___RNAseq.g40509.t1",1,0,0,NA,NA,NA,NA,"ME4"
"Montipora_capitata_HIv3___RNAseq.g40516.t1",1,0,0,NA,NA,NA,NA,"ME3"
"Montipora_capitata_HIv3___RNAseq.g40659.t1",1,0,0,NA,NA,NA,NA,"ME1"
"Montipora_capitata_HIv3___TS.g47198.t1",0,0,1,NA,NA,NA,NA,"ME0"
"Montipora_capitata_HIv3___RNAseq.g40867.t1",0,0,1,NA,NA,NA,NA,"ME11"
"Montipora_capitata_HIv3___RNAseq.g40522.t1",2,0,0,NA,NA,NA,NA,"ME12"
"Montipora_capitata_HIv3___TS.g47010.t1",0,1,0,NA,NA,NA,NA,"ME15"
"Montipora_capitata_HIv3___RNAseq.g40553.t1",1,0,0,0.00444666626294636,"Other",1,0.718223135118363,"ME8"
"Montipora_capitata_HIv3___RNAseq.g40561.t1",1,0,0,NA,NA,NA,NA,"ME0"
"Montipora_capitata_HIv3___TS.g47023.t1",2,0,0,NA,NA,NA,NA,"ME12"
"Montipora_capitata_HIv3___RNAseq.g40565.t1",0,0,1,NA,NA,NA,NA,"ME0"
"Montipora_capitata_HIv3___RNAseq.g40575.t1",1,0,0,NA,NA,NA,NA,"ME14"
"Montipora_capitata_HIv3___RNAseq.g40585.t1",0,0,1,NA,NA,NA,NA,"ME3"
"Montipora_capitata_HIv3___RNAseq.g40588.t1",1,0,0,NA,NA,NA,NA,"ME0"
"Montipora_capitata_HIv3___RNAseq.g40590.t1",1,0,0,NA,NA,NA,NA,"ME1"
"Montipora_capitata_HIv3___RNAseq.g40592.t1",0,1,0,NA,NA,NA,NA,"ME12"
"Montipora_capitata_HIv3___RNAseq.g40593.t1",0,0,1,0.00637261327607449,"Monotonous",4,0.51855200595839,"ME20"
"Montipora_capitata_HIv3___RNAseq.g40594.t1",0,0,1,NA,NA,NA,NA,"ME17"
"Montipora_capitata_HIv3___RNAseq.g40595.t1",0,0,1,NA,NA,NA,NA,"ME7"
"Montipora_capitata_HIv3___RNAseq.g40596.t1",1,0,0,NA,NA,NA,NA,"ME1"
"Montipora_capitata_HIv3___RNAseq.g40599.t1",1,0,1,NA,NA,NA,NA,"ME0"
"Montipora_capitata_HIv3___RNAseq.g40607.t1",0,1,1,0.016507011058338,"Transient",5,0.934238228097844,"ME17"
"Montipora_capitata_HIv3___RNAseq.g40608.t1",0,0,1,0.00840113924632635,"Transient",3,0.704090928933342,"ME16"
"Montipora_capitata_HIv3___RNAseq.g40617.t1",0,1,0,0.00571473526322386,"Transient",4,0.873917440804238,"ME3"
"Montipora_capitata_HIv3___RNAseq.g40618.t3",0,1,0,NA,NA,NA,NA,"ME1"
"Montipora_capitata_HIv3___RNAseq.g40619.t1",0,0,1,2.32551318037418e-09,"Monotonous",1,0.849200344133605,"ME3"
"Montipora_capitata_HIv3___RNAseq.g40624.t1",1,1,0,NA,NA,NA,NA,"ME1"
"Montipora_capitata_HIv3___RNAseq.g40641.t1",1,0,0,NA,NA,NA,NA,"ME4"
"Montipora_capitata_HIv3___TS.g47104.t1",0,1,0,NA,NA,NA,NA,"ME2"
"Montipora_capitata_HIv3___TS.g47110.t1",2,0,0,NA,NA,NA,NA,"ME0"
"Montipora_capitata_HIv3___RNAseq.g40653.t1",1,0,0,NA,NA,NA,NA,"ME3"
"Montipora_capitata_HIv3___RNAseq.g40662.t1",1,0,0,NA,NA,NA,NA,"ME1"
"Montipora_capitata_HIv3___RNAseq.g40674.t1",1,0,0,0.00435431058085735,"Transient",4,0.884243816027547,"ME6"
"Montipora_capitata_HIv3___RNAseq.g40675.t1",1,0,0,NA,NA,NA,NA,"ME6"
"Montipora_capitata_HIv3___TS.g47149.t1",0,2,0,NA,NA,NA,NA,"ME5"
"Montipora_capitata_HIv3___RNAseq.g40690.t1",1,0,0,NA,NA,NA,NA,"ME2"
"Montipora_capitata_HIv3___RNAseq.g40696.t1",0,0,1,NA,NA,NA,NA,"ME17"
"Montipora_capitata_HIv3___RNAseq.g40699.t1",0,1,0,NA,NA,NA,NA,"ME1"
"Montipora_capitata_HIv3___RNAseq.g40712.t1",0,0,1,NA,NA,NA,NA,"ME3"
"Montipora_capitata_HIv3___TS.g47180.t2",0,1,0,0.0499948705985219,"Other",1,0.85766200734017,"ME3"
"Montipora_capitata_HIv3___RNAseq.g40721.t1",0,0,1,NA,NA,NA,NA,"ME9"
"Montipora_capitata_HIv3___TS.g47184.t1",2,0,0,NA,NA,NA,NA,"ME20"
"Montipora_capitata_HIv3___RNAseq.g40725.t1",1,1,0,NA,NA,NA,NA,"ME1"
"Montipora_capitata_HIv3___RNAseq.g40741.t1",0,0,1,NA,NA,NA,NA,"ME1"
"Montipora_capitata_HIv3___RNAseq.g40743.t1",0,1,0,NA,NA,NA,NA,"ME5"
"Montipora_capitata_HIv3___TS.g47207.t1",1,0,0,NA,NA,NA,NA,"ME6"
"Montipora_capitata_HIv3___RNAseq.g40748.t1",1,0,0,NA,NA,NA,NA,"ME7"
"Montipora_capitata_HIv3___RNAseq.g40753.t1",1,0,0,NA,NA,NA,NA,"ME28"
"Montipora_capitata_HIv3___RNAseq.g40762.t1",1,1,0,NA,NA,NA,NA,"ME2"
"Montipora_capitata_HIv3___TS.g47223.t1",1,0,0,0.000333179931569081,"Other",1,0.550715167266862,"ME0"
"Montipora_capitata_HIv3___TS.g47225.t1",0,1,0,NA,NA,NA,NA,"ME7"
"Montipora_capitata_HIv3___RNAseq.g40766.t1",1,0,0,NA,NA,NA,NA,"ME2"
"Montipora_capitata_HIv3___RNAseq.g40768.t2",1,0,0,NA,NA,NA,NA,"ME6"
"Montipora_capitata_HIv3___RNAseq.g40773.t1",1,0,0,NA,NA,NA,NA,"ME1"
"Montipora_capitata_HIv3___RNAseq.g40784.t1",2,0,0,NA,NA,NA,NA,"ME0"
"Montipora_capitata_HIv3___RNAseq.g40787.t1",0,1,0,NA,NA,NA,NA,"ME0"
"Montipora_capitata_HIv3___TS.g47249.t1a",0,1,0,NA,NA,NA,NA,"ME4"
"Montipora_capitata_HIv3___TS.g47254.t1b",0,1,0,NA,NA,NA,NA,"ME22"
"Montipora_capitata_HIv3___RNAseq.g40803.t1",1,0,0,NA,NA,NA,NA,"ME14"
"Montipora_capitata_HIv3___RNAseq.g40805.t1",1,0,0,NA,NA,NA,NA,"ME13"
"Montipora_capitata_HIv3___RNAseq.g40807.t1",0,1,0,NA,NA,NA,NA,"ME4"
"Montipora_capitata_HIv3___RNAseq.g40808.t1",1,1,0,0.0264686505278898,"Other",4,0.871647248019769,"ME0"
"Montipora_capitata_HIv3___TS.g47271.t1",1,0,0,NA,NA,NA,NA,"ME17"
"Montipora_capitata_HIv3___TS.g47285.t1",1,0,0,0.0120411945945454,"Transient",5,0.726854745344085,"ME6"
"Montipora_capitata_HIv3___RNAseq.g40824.t1",1,0,0,0.00107503869746488,"Monotonous",4,0.586653411132163,"ME3"
"Montipora_capitata_HIv3___RNAseq.g40845.t1",1,0,0,NA,NA,NA,NA,"ME0"
"Montipora_capitata_HIv3___RNAseq.g40853.t1",1,0,0,0.00351162832129832,"Monotonous",1,0.676718452033497,"ME8"
"Montipora_capitata_HIv3___RNAseq.g40857.t1",1,0,0,0.0172346685434938,"Other",1,0.505397811989791,"ME23"
"Montipora_capitata_HIv3___RNAseq.g40858.t1",2,0,0,0.00498953347449504,"Monotonous",6,0.905904883698402,"ME9"
"Montipora_capitata_HIv3___RNAseq.g40868.t1",1,0,0,NA,NA,NA,NA,"ME0"
"Montipora_capitata_HIv3___TS.g47336.t1",0,1,0,NA,NA,NA,NA,"ME2"
"Montipora_capitata_HIv3___RNAseq.g40871.t1",1,0,0,0.0313055176430793,"Other",NA,NA,"ME1"
"Montipora_capitata_HIv3___RNAseq.g40888.t1",1,0,0,NA,NA,NA,NA,"ME4"
"Montipora_capitata_HIv3___RNAseq.g40903.t1",0,0,1,NA,NA,NA,NA,"ME11"
"Montipora_capitata_HIv3___RNAseq.g40905.t1",0,0,1,0.00243210611920092,"Transient",4,0.969621685758747,"ME7"
"Montipora_capitata_HIv3___RNAseq.g40906.t1",0,0,1,0.00637261327607449,"Transient",3,0.828818749656845,"ME1"
"Montipora_capitata_HIv3___TS.g47420.t1",2,0,0,NA,NA,NA,NA,"ME4"
"Montipora_capitata_HIv3___RNAseq.g41133.t1b",0,1,0,0.0239678971674913,"Other",NA,NA,"ME9"
"Montipora_capitata_HIv3___RNAseq.g41262.t1",1,0,0,NA,NA,NA,NA,"ME0"
"Montipora_capitata_HIv3___TS.g48036.t1",2,0,0,NA,NA,NA,NA,"ME0"
"Montipora_capitata_HIv3___RNAseq.g41704.t3a",1,0,0,NA,NA,NA,NA,"ME1"
"Montipora_capitata_HIv3___RNAseq.g41793.t1b",2,0,0,NA,NA,NA,NA,"ME4"
"Montipora_capitata_HIv3___RNAseq.g40912.t1",0,1,0,NA,NA,NA,NA,"ME1"
"Montipora_capitata_HIv3___RNAseq.g40920.t1",1,0,1,0.00831350936411779,"Other",6,0.959469764789734,"ME2"
"Montipora_capitata_HIv3___RNAseq.g40929.t1a",1,0,0,NA,NA,NA,NA,"ME2"
"Montipora_capitata_HIv3___RNAseq.g40935.t1",1,0,0,NA,NA,NA,NA,"ME6"
"Montipora_capitata_HIv3___RNAseq.g40937.t1",1,0,0,NA,NA,NA,NA,"ME3"
"Montipora_capitata_HIv3___RNAseq.g40941.t2",1,0,0,NA,NA,NA,NA,"ME1"
"Montipora_capitata_HIv3___RNAseq.g40943.t1",0,0,1,NA,NA,NA,NA,"ME5"
"Montipora_capitata_HIv3___RNAseq.g40945.t1",1,1,0,NA,NA,NA,NA,"ME1"
"Montipora_capitata_HIv3___TS.g47413.t1",1,0,0,9.00421442315327e-09,"Monotonous",1,0.771321840418486,"ME3"
"Montipora_capitata_HIv3___RNAseq.g40951.t1",0,1,0,NA,NA,NA,NA,"ME1"
"Montipora_capitata_HIv3___RNAseq.g40952.t1",0,0,1,9.71010942997545e-06,"Transient",4,0.712879519998055,"ME3"
"Montipora_capitata_HIv3___RNAseq.g40953.t1",0,0,1,0.0397748119687996,"Other",6,0.664873079201024,"ME5"
"Montipora_capitata_HIv3___TS.g47419.t1",1,2,0,NA,NA,NA,NA,"ME3"
"Montipora_capitata_HIv3___RNAseq.g40972.t1",0,1,0,NA,NA,NA,NA,"ME2"
"Montipora_capitata_HIv3___RNAseq.g40983.t1",0,0,1,NA,NA,NA,NA,"ME0"
"Montipora_capitata_HIv3___TS.g47452.t1",1,1,0,NA,NA,NA,NA,"ME12"
"Montipora_capitata_HIv3___TS.g47453.t1",1,0,0,NA,NA,NA,NA,"ME2"
"Montipora_capitata_HIv3___RNAseq.g40989.t1",0,0,1,NA,NA,NA,NA,"ME3"
"Montipora_capitata_HIv3___RNAseq.g40994.t1",0,1,0,NA,NA,NA,NA,"ME16"
"Montipora_capitata_HIv3___RNAseq.g40995.t1",1,0,0,NA,NA,NA,NA,"ME1"
"Montipora_capitata_HIv3___RNAseq.g41014.t1",0,1,0,NA,NA,NA,NA,"ME10"
"Montipora_capitata_HIv3___RNAseq.g41017.t1",1,0,0,0.00601456106283904,"Transient",3,0.689551100840845,"ME1"
"Montipora_capitata_HIv3___TS.g47485.t1",1,0,0,NA,NA,NA,NA,"ME1"
"Montipora_capitata_HIv3___RNAseq.g41021.t1",1,0,1,0.00152799407592357,"Monotonous",6,0.636028623685793,"ME10"
"Montipora_capitata_HIv3___RNAseq.g41028.t1",2,0,0,NA,NA,NA,NA,"ME5"
"Montipora_capitata_HIv3___RNAseq.g41029.t1",0,1,0,1.16074428882239e-06,"Monotonous",1,0.937004000370969,"ME10"
"Montipora_capitata_HIv3___RNAseq.g41030.t1",0,1,0,NA,NA,NA,NA,"ME2"
"Montipora_capitata_HIv3___RNAseq.g41033.t1",0,1,0,0.0146978996875905,"Monotonous",2,0.827633609568884,"ME1"
"Montipora_capitata_HIv3___TS.g47501.t1",0,1,0,NA,NA,NA,NA,"ME1"
"Montipora_capitata_HIv3___RNAseq.g41049.t1",1,0,0,NA,NA,NA,NA,"ME18"
"Montipora_capitata_HIv3___TS.g47519.t1",0,1,0,NA,NA,NA,NA,"ME11"
"Montipora_capitata_HIv3___RNAseq.g41052.t1",1,0,0,NA,NA,NA,NA,"ME4"
"Montipora_capitata_HIv3___RNAseq.g41061.t1",0,2,0,0.00217387709279337,"Transient",4,0.966995856047504,"ME7"
"Montipora_capitata_HIv3___RNAseq.g41064.t1",1,0,0,NA,NA,NA,NA,"ME17"
"Montipora_capitata_HIv3___RNAseq.g41065.t1",0,1,0,NA,NA,NA,NA,"ME5"
"Montipora_capitata_HIv3___RNAseq.g41066.t1",1,0,0,0.00447777293808663,"Other",6,0.539686772500093,"ME10"
"Montipora_capitata_HIv3___RNAseq.g41070.t1c",0,0,1,0.000525279340446676,"Monotonous",6,0.978648074833579,"ME9"
"Montipora_capitata_HIv3___RNAseq.g41070.t1b",0,1,0,NA,NA,NA,NA,"ME9"
"Montipora_capitata_HIv3___TS.g47540.t1b",2,0,0,NA,NA,NA,NA,"ME9"
"Montipora_capitata_HIv3___RNAseq.g41079.t1",2,1,0,NA,NA,NA,NA,"ME9"
"Montipora_capitata_HIv3___TS.g47556.t1",0,1,0,NA,NA,NA,NA,"ME12"
"Montipora_capitata_HIv3___RNAseq.g41091.t1b",0,0,1,NA,NA,NA,NA,"ME0"
"Montipora_capitata_HIv3___RNAseq.g41105.t1",0,1,0,NA,NA,NA,NA,"ME19"
"Montipora_capitata_HIv3___RNAseq.g41108.t1",0,1,1,NA,NA,NA,NA,"ME21"
"Montipora_capitata_HIv3___RNAseq.g41109.t1",1,0,0,NA,NA,NA,NA,"ME1"
"Montipora_capitata_HIv3___RNAseq.g41127.t1",0,1,0,NA,NA,NA,NA,"ME3"
"Montipora_capitata_HIv3___TS.g47599.t1",1,0,0,NA,NA,NA,NA,"ME1"
"Montipora_capitata_HIv3___RNAseq.g41130.t1",1,0,0,0.0114337755554987,"Monotonous",NA,NA,"ME3"
"Montipora_capitata_HIv3___TS.g47602.t2",1,0,0,0.0120135266802276,"Transient",4,0.944109265187466,"ME6"
"Montipora_capitata_HIv3___RNAseq.g41136.t1",1,0,0,NA,NA,NA,NA,"ME3"
"Montipora_capitata_HIv3___TS.g47625.t1a",1,0,0,NA,NA,NA,NA,"ME0"
"Montipora_capitata_HIv3___RNAseq.g41163.t2",0,0,1,1.03833823015889e-06,"Monotonous",1,0.910809231628415,"ME10"
"Montipora_capitata_HIv3___RNAseq.g41175.t1",0,1,0,NA,NA,NA,NA,"ME5"
"Montipora_capitata_HIv3___RNAseq.g41181.t1",1,0,0,NA,NA,NA,NA,"ME10"
"Montipora_capitata_HIv3___RNAseq.g41183.t1",1,0,0,NA,NA,NA,NA,"ME25"
"Montipora_capitata_HIv3___RNAseq.g41186.t1",0,0,4,NA,NA,NA,NA,"ME5"
"Montipora_capitata_HIv3___TS.g47667.t1b",0,0,2,NA,NA,NA,NA,"ME2"
"Montipora_capitata_HIv3___TS.g47667.t1a",1,0,0,NA,NA,NA,NA,"ME3"
"Montipora_capitata_HIv3___TS.g47674.t1",1,0,0,NA,NA,NA,NA,"ME12"
"Montipora_capitata_HIv3___RNAseq.g41200.t1",1,0,0,NA,NA,NA,NA,"ME5"
"Montipora_capitata_HIv3___RNAseq.g41201.t1",0,1,0,NA,NA,NA,NA,"ME3"
"Montipora_capitata_HIv3___RNAseq.g41202.t1",1,1,0,NA,NA,NA,NA,"ME3"
"Montipora_capitata_HIv3___TS.g47690.t1b",0,2,0,NA,NA,NA,NA,"ME3"
"Montipora_capitata_HIv3___TS.g47690.t1a",0,0,1,NA,NA,NA,NA,"ME24"
"Montipora_capitata_HIv3___RNAseq.g41216.t1",0,0,1,NA,NA,NA,NA,"ME1"
"Montipora_capitata_HIv3___TS.g47702.t1",1,0,0,NA,NA,NA,NA,"ME1"
"Montipora_capitata_HIv3___TS.g47703.t1",1,0,0,NA,NA,NA,NA,"ME4"
"Montipora_capitata_HIv3___RNAseq.g41225.t1",0,1,1,6.79164049769512e-26,"Transient",5,0.965274282046821,"ME3"
"Montipora_capitata_HIv3___RNAseq.g41226.t1",0,0,1,NA,NA,NA,NA,"ME21"
"Montipora_capitata_HIv3___RNAseq.g41242.t1",1,0,0,1.46178409507799e-06,"Monotonous",1,0.605582739845343,"ME10"
"Montipora_capitata_HIv3___RNAseq.g41249.t1",1,0,0,NA,NA,NA,NA,"ME0"
"Montipora_capitata_HIv3___RNAseq.g41250.t1",0,1,0,NA,NA,NA,NA,"ME8"
"Montipora_capitata_HIv3___RNAseq.g41252.t1",0,1,0,NA,NA,NA,NA,"ME11"
"Montipora_capitata_HIv3___RNAseq.g41253.t1",0,0,1,NA,NA,NA,NA,"ME0"
"Montipora_capitata_HIv3___RNAseq.g41254.t1",1,0,0,5.75241362613902e-07,"Monotonous",1,0.882497285032691,"ME10"
"Montipora_capitata_HIv3___RNAseq.g41256.t1a",0,1,0,NA,NA,NA,NA,"ME1"
"Montipora_capitata_HIv3___RNAseq.g41257.t1",0,1,0,NA,NA,NA,NA,"ME1"
"Montipora_capitata_HIv3___RNAseq.g41261.t1",0,1,0,0.00440005492055199,"Monotonous",1,0.81494313609507,"ME25"
"Montipora_capitata_HIv3___RNAseq.g41263.t1",1,1,0,NA,NA,NA,NA,"ME25"
"Montipora_capitata_HIv3___RNAseq.g41267.t1",1,0,0,NA,NA,NA,NA,"ME4"
"Montipora_capitata_HIv3___TS.g47756.t1",1,0,0,NA,NA,NA,NA,"ME13"
"Montipora_capitata_HIv3___RNAseq.g41283.t1",0,0,1,0.0178753873915116,"Transient",5,0.863855890406685,"ME17"
"Montipora_capitata_HIv3___TS.g47770.t1",1,1,0,NA,NA,NA,NA,"ME0"
"Montipora_capitata_HIv3___RNAseq.g41306.t1",0,1,0,NA,NA,NA,NA,"ME4"
"Montipora_capitata_HIv3___RNAseq.g41314.t1",0,1,0,NA,NA,NA,NA,"ME3"
"Montipora_capitata_HIv3___TS.g47812.t1",0,2,0,1.92977898305059e-05,"Transient",3,0.536152312000663,"ME1"
"Montipora_capitata_HIv3___RNAseq.g41331.t1",2,0,0,NA,NA,NA,NA,"ME3"
"Montipora_capitata_HIv3___RNAseq.g41333.t1",1,0,1,0.00149628762295977,"Transient",3,0.948422865317023,"ME1"
"Montipora_capitata_HIv3___RNAseq.g41340.t1",0,0,2,NA,NA,NA,NA,"ME3"
"Montipora_capitata_HIv3___RNAseq.g41342.t1",0,1,0,NA,NA,NA,NA,"ME3"
"Montipora_capitata_HIv3___TS.g47827.t2",0,0,1,NA,NA,NA,NA,"ME6"
"Montipora_capitata_HIv3___RNAseq.g41349.t1b",1,0,0,0.0340680098921632,"Other",6,0.724847898175029,"ME5"
"Montipora_capitata_HIv3___RNAseq.g41353.t1",0,1,0,NA,NA,NA,NA,"ME7"
"Montipora_capitata_HIv3___TS.g47838.t1",1,0,0,9.16409592736249e-06,"Transient",4,0.521016509491696,"ME20"
"Montipora_capitata_HIv3___RNAseq.g41364.t1",0,0,1,NA,NA,NA,NA,"ME2"
"Montipora_capitata_HIv3___RNAseq.g41365.t1",1,0,0,NA,NA,NA,NA,"ME19"
"Montipora_capitata_HIv3___TS.g47847.t2",0,0,1,0.0325328344722785,"Other",1,0.815794234376279,"ME4"
"Montipora_capitata_HIv3___RNAseq.g41376.t1",0,2,0,NA,NA,NA,NA,"ME1"
"Montipora_capitata_HIv3___RNAseq.g41380.t1",0,0,1,4.70841568811892e-07,"Monotonous",6,0.956098376683642,"ME3"
"Montipora_capitata_HIv3___RNAseq.g41381.t1",1,0,0,0.00110223754647521,"Monotonous",1,0.892627761900048,"ME8"
"Montipora_capitata_HIv3___RNAseq.g41382.t1",1,0,0,NA,NA,NA,NA,"ME3"
"Montipora_capitata_HIv3___RNAseq.g41383.t1",0,0,1,NA,NA,NA,NA,"ME21"
"Montipora_capitata_HIv3___RNAseq.g41385.t1",1,0,1,NA,NA,NA,NA,"ME19"
"Montipora_capitata_HIv3___RNAseq.g41386.t1",1,0,0,NA,NA,NA,NA,"ME19"
"Montipora_capitata_HIv3___RNAseq.g41388.t1",1,0,0,NA,NA,NA,NA,"ME1"
"Montipora_capitata_HIv3___TS.g47867.t1",0,1,0,NA,NA,NA,NA,"ME2"
"Montipora_capitata_HIv3___RNAseq.g41393.t1",0,2,0,NA,NA,NA,NA,"ME7"
"Montipora_capitata_HIv3___RNAseq.g41394.t1",1,0,0,3.73322643479596e-05,"Other",4,0.730058751665159,"ME19"
"Montipora_capitata_HIv3___TS.g47875.t1",0,0,1,0.0022334042821641,"Other",4,0.883084498704384,"ME19"
"Montipora_capitata_HIv3___RNAseq.g41400.t2",0,1,0,8.33379362653477e-11,"Transient",5,0.917209988192025,"ME3"
"Montipora_capitata_HIv3___RNAseq.g41404.t1",1,0,0,NA,NA,NA,NA,"ME4"
"Montipora_capitata_HIv3___RNAseq.g41405.t1",1,0,0,NA,NA,NA,NA,"ME4"
"Montipora_capitata_HIv3___RNAseq.g41406.t1",1,0,0,0.00589035510007039,"Other",6,0.504913298948088,"ME8"
"Montipora_capitata_HIv3___RNAseq.g41407.t1",1,0,0,1.9886371263374e-10,"Transient",5,0.945215853654737,"ME3"
"Montipora_capitata_HIv3___RNAseq.g41409.t1",0,1,0,NA,NA,NA,NA,"ME3"
"Montipora_capitata_HIv3___RNAseq.g41410.t1",1,0,0,NA,NA,NA,NA,"ME0"
"Montipora_capitata_HIv3___RNAseq.g41420.t1",1,0,0,NA,NA,NA,NA,"ME12"
"Montipora_capitata_HIv3___RNAseq.g41431.t1",0,1,0,NA,NA,NA,NA,"ME3"
"Montipora_capitata_HIv3___TS.g47910.t1",0,1,0,NA,NA,NA,NA,"ME1"
"Montipora_capitata_HIv3___RNAseq.g41433.t1",1,0,0,NA,NA,NA,NA,"ME18"
"Montipora_capitata_HIv3___RNAseq.g41434.t1",0,0,1,NA,NA,NA,NA,"ME2"
"Montipora_capitata_HIv3___RNAseq.g41435.t1",0,0,1,NA,NA,NA,NA,"ME3"
"Montipora_capitata_HIv3___RNAseq.g41442.t1",0,1,0,NA,NA,NA,NA,"ME18"
"Montipora_capitata_HIv3___RNAseq.g41445.t1",0,1,0,0.000675052500741675,"Monotonous",6,0.950571490645464,"ME9"
"Montipora_capitata_HIv3___RNAseq.g41447.t1",2,0,0,NA,NA,NA,NA,"ME28"
"Montipora_capitata_HIv3___RNAseq.g41448.t2",0,1,0,2.62206047676642e-08,"Monotonous",1,0.687971793342343,"ME3"
"Montipora_capitata_HIv3___RNAseq.14930_t",1,0,0,NA,NA,NA,NA,"ME1"
"Montipora_capitata_HIv3___RNAseq.g41450.t1",1,0,0,NA,NA,NA,NA,"ME7"
"Montipora_capitata_HIv3___RNAseq.g41451.t1",2,0,0,NA,NA,NA,NA,"ME2"
"Montipora_capitata_HIv3___RNAseq.g41455.t1",3,0,0,NA,NA,NA,NA,"ME14"
"Montipora_capitata_HIv3___RNAseq.g41463.t1",0,0,2,NA,NA,NA,NA,"ME1"
"Montipora_capitata_HIv3___RNAseq.g41465.t2",1,0,0,NA,NA,NA,NA,"ME5"
"Montipora_capitata_HIv3___RNAseq.g41466.t1",0,1,0,NA,NA,NA,NA,"ME1"
"Montipora_capitata_HIv3___TS.g47954.t1",0,1,0,NA,NA,NA,NA,"ME1"
"Montipora_capitata_HIv3___TS.g47955.t1",0,0,1,0.00110561875624579,"Transient",3,0.707248930733511,"ME1"
"Montipora_capitata_HIv3___RNAseq.g41471.t1",2,0,0,0.000357208593202441,"Other",4,0.604272635720945,"ME7"
"Montipora_capitata_HIv3___TS.g47960.t3",0,1,0,0.0178035963924631,"Other",NA,NA,"ME5"
"Montipora_capitata_HIv3___RNAseq.g41476.t1",1,0,0,0.000658972527469671,"Other",NA,NA,"ME5"
"Montipora_capitata_HIv3___TS.g47962.t2",2,0,0,3.90747701802337e-09,"Monotonous",1,0.777042876189347,"ME10"
"Montipora_capitata_HIv3___RNAseq.g41481.t2",2,0,0,NA,NA,NA,NA,"ME2"
"Montipora_capitata_HIv3___TS.g47970.t1",0,0,1,NA,NA,NA,NA,"ME2"
"Montipora_capitata_HIv3___RNAseq.g41490.t1",0,1,0,0.043908484050449,"Other",1,0.758331870770175,"ME10"
"Montipora_capitata_HIv3___RNAseq.g41492.t1",0,0,1,NA,NA,NA,NA,"ME1"
"Montipora_capitata_HIv3___RNAseq.g41494.t1",0,1,1,NA,NA,NA,NA,"ME17"
"Montipora_capitata_HIv3___RNAseq.14988_t",1,0,0,NA,NA,NA,NA,"ME15"
"Montipora_capitata_HIv3___RNAseq.g41503.t1",2,0,0,NA,NA,NA,NA,"ME22"
"Montipora_capitata_HIv3___RNAseq.g41515.t1",1,0,0,0.000955026871065929,"Monotonous",6,0.702831047131293,"ME8"
"Montipora_capitata_HIv3___RNAseq.g41517.t1",1,0,0,0.034565093185704,"Other",6,0.597722398156293,"ME8"
"Montipora_capitata_HIv3___RNAseq.g41518.t1",1,0,0,0.0415714585293046,"Other",6,0.905361421560224,"ME5"
"Montipora_capitata_HIv3___RNAseq.g41519.t1",1,0,0,0.0123985268792276,"Monotonous",6,0.648452059640553,"ME8"
"Montipora_capitata_HIv3___TS.g48013.t2",0,1,0,0.00793977168016535,"Transient",NA,NA,"ME19"
"Montipora_capitata_HIv3___RNAseq.g41524.t1",0,1,0,0.0461568993837518,"Other",2,0.667821157795053,"ME1"
"Montipora_capitata_HIv3___RNAseq.g41525.t1",1,0,0,NA,NA,NA,NA,"ME4"
"Montipora_capitata_HIv3___TS.g48020.t2",1,0,0,NA,NA,NA,NA,"ME16"
"Montipora_capitata_HIv3___RNAseq.g41536.t1",0,1,0,NA,NA,NA,NA,"ME4"
"Montipora_capitata_HIv3___RNAseq.g41537.t1",0,1,0,NA,NA,NA,NA,"ME3"
"Montipora_capitata_HIv3___RNAseq.g41538.t1",1,0,0,NA,NA,NA,NA,"ME17"
"Montipora_capitata_HIv3___TS.g48030.t1",1,0,0,NA,NA,NA,NA,"ME0"
"Montipora_capitata_HIv3___RNAseq.g41547.t1",0,1,0,NA,NA,NA,NA,"ME11"
"Montipora_capitata_HIv3___RNAseq.g41548.t1",0,0,1,NA,NA,NA,NA,"ME0"
"Montipora_capitata_HIv3___RNAseq.g41553.t1",2,0,0,NA,NA,NA,NA,"ME9"
"Montipora_capitata_HIv3___TS.g48046.t2c",0,1,0,NA,NA,NA,NA,"ME12"
"Montipora_capitata_HIv3___RNAseq.g41566.t1",1,0,0,NA,NA,NA,NA,"ME0"
"Montipora_capitata_HIv3___RNAseq.g41571.t1",1,0,0,0.00472289947752175,"Transient",6,0.631402749234945,"ME5"
"Montipora_capitata_HIv3___TS.g48067.t1",0,1,0,NA,NA,NA,NA,"ME5"
"Montipora_capitata_HIv3___TS.g48069.t1",0,0,1,0.0420767079843744,"Monotonous",6,0.609406835849813,"ME25"
"Montipora_capitata_HIv3___RNAseq.g41580.t1",0,1,1,NA,NA,NA,NA,"ME3"
"Montipora_capitata_HIv3___RNAseq.g41581.t1",0,1,0,0.0494010685256737,"Monotonous",3,0.708948599850393,"ME18"
"Montipora_capitata_HIv3___RNAseq.g41582.t1",1,0,0,NA,NA,NA,NA,"ME3"
"Montipora_capitata_HIv3___RNAseq.g41584.t1",1,0,0,0.0404480321380333,"Monotonous",2,0.970627474724776,"ME8"
"Montipora_capitata_HIv3___RNAseq.g41592.t1",1,0,0,NA,NA,NA,NA,"ME6"
"Montipora_capitata_HIv3___RNAseq.g41602.t1",0,0,1,NA,NA,NA,NA,"ME3"
"Montipora_capitata_HIv3___RNAseq.g41615.t1",1,0,0,NA,NA,NA,NA,"ME8"
"Montipora_capitata_HIv3___RNAseq.g41620.t1",1,0,0,NA,NA,NA,NA,"ME9"
"Montipora_capitata_HIv3___RNAseq.g41622.t1",0,0,1,NA,NA,NA,NA,"ME2"
"Montipora_capitata_HIv3___RNAseq.g41632.t1",1,0,0,NA,NA,NA,NA,"ME1"
"Montipora_capitata_HIv3___RNAseq.g41637.t1",1,0,0,NA,NA,NA,NA,"ME6"
"Montipora_capitata_HIv3___RNAseq.g41638.t1",0,1,0,NA,NA,NA,NA,"ME1"
"Montipora_capitata_HIv3___RNAseq.g41640.t1",0,1,0,NA,NA,NA,NA,"ME1"
"Montipora_capitata_HIv3___RNAseq.g41653.t1b",0,1,0,NA,NA,NA,NA,"ME30"
"Montipora_capitata_HIv3___TS.g48150.t1",0,1,0,NA,NA,NA,NA,"ME1"
"Montipora_capitata_HIv3___RNAseq.g41661.t1",0,1,0,0.000135689738119691,"Transient",3,0.966964328823854,"ME1"
"Montipora_capitata_HIv3___RNAseq.g41666.t1",1,0,0,NA,NA,NA,NA,"ME4"
"Montipora_capitata_HIv3___TS.g48166.t1",0,0,1,0.0305501369624277,"Transient",4,0.817338050283112,"ME7"
"Montipora_capitata_HIv3___RNAseq.g41679.t1",0,0,1,NA,NA,NA,NA,"ME18"
"Montipora_capitata_HIv3___RNAseq.g41684.t1",0,1,0,NA,NA,NA,NA,"ME6"
"Montipora_capitata_HIv3___RNAseq.g41685.t1",1,0,0,2.87758793068331e-09,"Monotonous",2,0.836597069970832,"ME1"
"Montipora_capitata_HIv3___RNAseq.g41687.t2",1,0,0,NA,NA,NA,NA,"ME1"
"Montipora_capitata_HIv3___RNAseq.g41694.t1",0,1,0,NA,NA,NA,NA,"ME1"
"Montipora_capitata_HIv3___RNAseq.g41698.t1",1,0,0,NA,NA,NA,NA,"ME10"
"Montipora_capitata_HIv3___RNAseq.g41710.t1",1,0,0,NA,NA,NA,NA,"ME28"
"Montipora_capitata_HIv3___RNAseq.g41715.t1",0,0,1,NA,NA,NA,NA,"ME6"
"Montipora_capitata_HIv3___TS.g48210.t1",0,1,0,NA,NA,NA,NA,"ME8"
"Montipora_capitata_HIv3___RNAseq.g41722.t1",1,0,0,0.00405986741547994,"Monotonous",1,0.516274610262133,"ME8"
"Montipora_capitata_HIv3___TS.g48217.t1",1,0,0,0.00393410576212901,"Monotonous",NA,NA,"ME8"
"Montipora_capitata_HIv3___TS.g48219.t1",1,1,0,NA,NA,NA,NA,"ME1"
"Montipora_capitata_HIv3___RNAseq.g41729.t4",1,0,0,NA,NA,NA,NA,"ME1"
"Montipora_capitata_HIv3___RNAseq.g41730.t1",1,0,0,NA,NA,NA,NA,"ME5"
"Montipora_capitata_HIv3___RNAseq.g41731.t1",1,0,0,NA,NA,NA,NA,"ME0"
"Montipora_capitata_HIv3___RNAseq.g41734.t1",1,0,0,0.000464780902428158,"Monotonous",2,0.919741624166047,"ME1"
"Montipora_capitata_HIv3___RNAseq.g41735.t1",1,0,0,NA,NA,NA,NA,"ME0"
"Montipora_capitata_HIv3___RNAseq.g41736.t1",0,1,0,NA,NA,NA,NA,"ME28"
"Montipora_capitata_HIv3___RNAseq.g41739.t1",1,0,0,NA,NA,NA,NA,"ME20"
"Montipora_capitata_HIv3___RNAseq.g41748.t1",0,0,1,NA,NA,NA,NA,"ME17"
"Montipora_capitata_HIv3___TS.g48241.t1",1,0,0,0.00115980509848494,"Transient",NA,NA,"ME1"
"Montipora_capitata_HIv3___RNAseq.g41757.t1",0,1,0,0.000142834019884517,"Monotonous",5,0.844802839602433,"ME3"
"Montipora_capitata_HIv3___RNAseq.g41762.t1",0,0,1,0.0448762556400585,"Other",NA,NA,"ME8"
"Montipora_capitata_HIv3___RNAseq.g41771.t1",0,1,0,NA,NA,NA,NA,"ME11"
"Montipora_capitata_HIv3___RNAseq.g41779.t2",1,0,0,NA,NA,NA,NA,"ME7"
"Montipora_capitata_HIv3___RNAseq.g41780.t1",0,1,0,NA,NA,NA,NA,"ME4"
"Montipora_capitata_HIv3___TS.g48274.t1",0,0,1,NA,NA,NA,NA,"ME2"
"Montipora_capitata_HIv3___TS.g48276.t1",2,0,0,NA,NA,NA,NA,"ME2"
"Montipora_capitata_HIv3___RNAseq.g41824.t1",0,1,0,NA,NA,NA,NA,"ME0"
"Montipora_capitata_HIv3___RNAseq.g42682.t1",0,1,0,0.0180687830120454,"Other",5,0.685504778740636,"ME6"
"Montipora_capitata_HIv3___RNAseq.g42685.t1",1,0,1,NA,NA,NA,NA,"ME1"
"Montipora_capitata_HIv3___RNAseq.16229_t",0,0,1,NA,NA,NA,NA,"ME0"
"Montipora_capitata_HIv3___RNAseq.g42700.t1",1,0,0,NA,NA,NA,NA,"ME4"
"Montipora_capitata_HIv3___RNAseq.g42701.t1",1,0,0,NA,NA,NA,NA,"ME0"
"Montipora_capitata_HIv3___TS.g49064.t1",1,0,0,0.00867938574101744,"Monotonous",6,0.958629632980128,"ME9"
"Montipora_capitata_HIv3___RNAseq.g42585.t1",0,1,0,0.000984813537109161,"Monotonous",6,0.988352603075017,"ME9"
"Montipora_capitata_HIv3___RNAseq.g42586.t1",0,1,0,0.00354319024009006,"Monotonous",6,0.984132617907465,"ME9"
"Montipora_capitata_HIv3___RNAseq.g42588.t1",1,0,0,NA,NA,NA,NA,"ME7"
"Montipora_capitata_HIv3___RNAseq.g42596.t1",0,1,0,0.0263000189360081,"Other",6,0.686376446329425,"ME9"
"Montipora_capitata_HIv3___TS.g49080.t1",0,1,0,NA,NA,NA,NA,"ME6"
"Montipora_capitata_HIv3___TS.g49084.t1",1,0,0,NA,NA,NA,NA,"ME3"
"Montipora_capitata_HIv3___RNAseq.g42608.t1",0,0,1,NA,NA,NA,NA,"ME0"
"Montipora_capitata_HIv3___RNAseq.g42611.t1",0,1,0,NA,NA,NA,NA,"ME9"
"Montipora_capitata_HIv3___RNAseq.g42612.t1",0,2,0,0.0122428187666737,"Other",5,0.576944486504902,"ME8"
"Montipora_capitata_HIv3___RNAseq.g42618.t1",0,1,0,2.62941222261799e-05,"Monotonous",1,0.719600815135208,"ME3"
"Montipora_capitata_HIv3___RNAseq.g42636.t1",0,1,0,9.16646392626567e-06,"Transient",4,0.903452544375114,"ME17"
"Montipora_capitata_HIv3___TS.g49130.t1",2,0,0,NA,NA,NA,NA,"ME0"
"Montipora_capitata_HIv3___TS.g49133.t1",0,0,1,NA,NA,NA,NA,"ME12"
"Montipora_capitata_HIv3___RNAseq.g42657.t1",0,1,0,NA,NA,NA,NA,"ME25"
"Montipora_capitata_HIv3___TS.g49147.t1",0,1,0,NA,NA,NA,NA,"ME26"
"Montipora_capitata_HIv3___RNAseq.g42668.t1",0,0,1,0.0438768643997281,"Other",NA,NA,"ME1"
"Montipora_capitata_HIv3___RNAseq.g42672.t1",0,0,1,NA,NA,NA,NA,"ME0"
"Montipora_capitata_HIv3___TS.g49159.t1a",1,0,0,NA,NA,NA,NA,"ME13"
"Montipora_capitata_HIv3___RNAseq.g42676.t1",1,0,0,NA,NA,NA,NA,"ME1"
"Montipora_capitata_HIv3___RNAseq.g42677.t1",1,0,0,NA,NA,NA,NA,"ME1"
"Montipora_capitata_HIv3___RNAseq.15416_t",0,2,0,NA,NA,NA,NA,"ME0"
"Montipora_capitata_HIv3___RNAseq.g41993.t1",1,0,0,NA,NA,NA,NA,"ME1"
"Montipora_capitata_HIv3___TS.g48644.t1",0,1,0,NA,NA,NA,NA,"ME0"
"Montipora_capitata_HIv3___RNAseq.g42208.t1",1,0,0,NA,NA,NA,NA,"ME0"
"Montipora_capitata_HIv3___RNAseq.g42266.t1",1,0,0,NA,NA,NA,NA,"ME0"
"Montipora_capitata_HIv3___RNAseq.g42412.t1",1,0,0,NA,NA,NA,NA,"ME0"
"Montipora_capitata_HIv3___RNAseq.g42474.t1",0,1,0,NA,NA,NA,NA,"ME11"
"Montipora_capitata_HIv3___RNAseq.g42495.t1",1,0,0,NA,NA,NA,NA,"ME0"
"Montipora_capitata_HIv3___RNAseq.g41853.t1",1,0,0,NA,NA,NA,NA,"ME11"
"Montipora_capitata_HIv3___RNAseq.g41854.t1b",3,0,0,0.000291164862856387,"Transient",3,0.566322383610471,"ME1"
"Montipora_capitata_HIv3___RNAseq.g41867.t1a",0,0,1,NA,NA,NA,NA,"ME1"
"Montipora_capitata_HIv3___TS.g48368.t1",0,1,0,NA,NA,NA,NA,"ME1"
"Montipora_capitata_HIv3___RNAseq.g41885.t1",1,0,0,NA,NA,NA,NA,"ME5"
"Montipora_capitata_HIv3___RNAseq.g41887.t1",1,0,0,NA,NA,NA,NA,"ME5"
"Montipora_capitata_HIv3___RNAseq.g41894.t1",2,0,0,NA,NA,NA,NA,"ME14"
"Montipora_capitata_HIv3___RNAseq.g41901.t1",2,0,0,NA,NA,NA,NA,"ME3"
"Montipora_capitata_HIv3___RNAseq.g41904.t1",1,2,0,NA,NA,NA,NA,"ME6"
"Montipora_capitata_HIv3___TS.g48397.t1",1,0,0,NA,NA,NA,NA,"ME1"
"Montipora_capitata_HIv3___RNAseq.g41934.t2",1,0,0,NA,NA,NA,NA,"ME17"
"Montipora_capitata_HIv3___RNAseq.g41940.t1",0,1,0,NA,NA,NA,NA,"ME1"
"Montipora_capitata_HIv3___RNAseq.g41943.t1",1,0,1,NA,NA,NA,NA,"ME14"
"Montipora_capitata_HIv3___RNAseq.g41944.t1",0,1,0,0.0332994955531362,"Other",6,0.92768089730791,"ME26"
"Montipora_capitata_HIv3___RNAseq.g41945.t1b",1,0,0,0.00101998247598244,"Other",6,0.995197120316028,"ME9"
"Montipora_capitata_HIv3___RNAseq.g41948.t1",1,0,0,NA,NA,NA,NA,"ME0"
"Montipora_capitata_HIv3___RNAseq.g41949.t1",0,0,1,NA,NA,NA,NA,"ME8"
"Montipora_capitata_HIv3___RNAseq.g41951.t1",0,0,1,NA,NA,NA,NA,"ME8"
"Montipora_capitata_HIv3___RNAseq.g41958.t1",1,0,0,0.0201263148033678,"Transient",3,0.711808770050364,"ME1"
"Montipora_capitata_HIv3___TS.g48449.t1",0,0,1,3.92409777244622e-05,"Monotonous",1,0.780490393470086,"ME8"
"Montipora_capitata_HIv3___TS.g48452.t1",1,0,0,0.00925724138929192,"Monotonous",NA,NA,"ME3"
"Montipora_capitata_HIv3___TS.g48453.t1",1,0,0,2.42628758771616e-12,"Monotonous",1,0.554316352825225,"ME8"
"Montipora_capitata_HIv3___RNAseq.g41975.t1",1,0,0,NA,NA,NA,NA,"ME0"
"Montipora_capitata_HIv3___RNAseq.g41978.t1",0,1,0,NA,NA,NA,NA,"ME3"
"Montipora_capitata_HIv3___RNAseq.g41979.t1a",0,1,0,0.000883397232647906,"Transient",4,0.831286415194725,"ME7"
"Montipora_capitata_HIv3___RNAseq.g41995.t1",0,0,1,NA,NA,NA,NA,"ME4"
"Montipora_capitata_HIv3___RNAseq.g41998.t1",1,0,0,0.00277374341434767,"Transient",5,0.541941727828335,"ME3"
"Montipora_capitata_HIv3___RNAseq.g42015.t1",1,0,0,NA,NA,NA,NA,"ME2"
"Montipora_capitata_HIv3___RNAseq.g42021.t1",1,0,0,0.000260725809839964,"Transient",NA,NA,"ME3"
"Montipora_capitata_HIv3___RNAseq.g42022.t1",1,0,0,0.00872421945895575,"Transient",5,0.51037948863362,"ME3"
"Montipora_capitata_HIv3___RNAseq.g42023.t1",1,0,0,NA,NA,NA,NA,"ME5"
"Montipora_capitata_HIv3___RNAseq.g42064.t1",1,0,0,NA,NA,NA,NA,"ME5"
"Montipora_capitata_HIv3___RNAseq.g42066.t1",1,0,0,NA,NA,NA,NA,"ME3"
"Montipora_capitata_HIv3___RNAseq.g42069.t1",0,1,1,0.00430076061790654,"Other",6,0.947502112473081,"ME5"
"Montipora_capitata_HIv3___RNAseq.g42070.t1",0,0,1,NA,NA,NA,NA,"ME3"
"Montipora_capitata_HIv3___RNAseq.g42092.t1",1,0,0,NA,NA,NA,NA,"ME22"
"Montipora_capitata_HIv3___RNAseq.g42093.t1",0,1,0,NA,NA,NA,NA,"ME3"
"Montipora_capitata_HIv3___RNAseq.g42097.t1",0,1,0,0.00121452584041578,"Monotonous",1,0.819857815373498,"ME3"
"Montipora_capitata_HIv3___RNAseq.g42099.t1",1,0,0,NA,NA,NA,NA,"ME10"
"Montipora_capitata_HIv3___RNAseq.g42100.t1",1,0,0,0.0032590384936906,"Monotonous",1,0.717211384660122,"ME10"
"Montipora_capitata_HIv3___RNAseq.g42102.t1",0,2,0,NA,NA,NA,NA,"ME22"
"Montipora_capitata_HIv3___RNAseq.g42104.t1",0,3,0,NA,NA,NA,NA,"ME1"
"Montipora_capitata_HIv3___RNAseq.g42105.t1",1,0,0,0.0181874604520011,"Transient",3,0.866093206323546,"ME1"
"Montipora_capitata_HIv3___TS.g48603.t1",1,0,0,NA,NA,NA,NA,"ME0"
"Montipora_capitata_HIv3___RNAseq.g42107.t1",1,0,0,NA,NA,NA,NA,"ME3"
"Montipora_capitata_HIv3___RNAseq.g42109.t1",0,2,1,NA,NA,NA,NA,"ME0"
"Montipora_capitata_HIv3___RNAseq.g42111.t1",0,0,2,NA,NA,NA,NA,"ME23"
"Montipora_capitata_HIv3___RNAseq.g42117.t1",0,0,1,0.000563726205674481,"Transient",4,0.988041716583949,"ME7"
"Montipora_capitata_HIv3___TS.g48615.t2",0,1,0,0.00180497695704671,"Monotonous",6,0.606714644652815,"ME10"
"Montipora_capitata_HIv3___TS.g48623.t2",0,1,0,NA,NA,NA,NA,"ME1"
"Montipora_capitata_HIv3___RNAseq.g42127.t1",0,0,1,0.000156537758722226,"Monotonous",1,0.94748290553767,"ME10"
"Montipora_capitata_HIv3___RNAseq.g42149.t2",1,0,0,NA,NA,NA,NA,"ME1"
"Montipora_capitata_HIv3___RNAseq.g42150.t1",1,0,0,NA,NA,NA,NA,"ME2"
"Montipora_capitata_HIv3___RNAseq.g42153.t1",1,0,0,NA,NA,NA,NA,"ME7"
"Montipora_capitata_HIv3___RNAseq.g42154.t1",0,0,1,0.00119890077491233,"Transient",5,0.904083224871946,"ME3"
"Montipora_capitata_HIv3___RNAseq.g42156.t1",0,1,0,NA,NA,NA,NA,"ME26"
"Montipora_capitata_HIv3___RNAseq.g42157.t1",1,0,0,0.000410227321752069,"Transient",4,0.720812211911641,"ME3"
"Montipora_capitata_HIv3___RNAseq.g42159.t1",0,0,1,NA,NA,NA,NA,"ME7"
"Montipora_capitata_HIv3___TS.g48656.t1a",0,1,0,NA,NA,NA,NA,"ME7"
"Montipora_capitata_HIv3___RNAseq.g42162.t1",0,0,2,NA,NA,NA,NA,"ME0"
"Montipora_capitata_HIv3___TS.g48659.t1",0,0,2,0.00725365061462408,"Other",NA,NA,"ME0"
"Montipora_capitata_HIv3___TS.g48661.t1",1,0,0,NA,NA,NA,NA,"ME1"
"Montipora_capitata_HIv3___RNAseq.g42167.t1",2,0,0,0.00487344010496556,"Monotonous",6,0.882439622137829,"ME9"
"Montipora_capitata_HIv3___TS.g48675.t1a",1,0,0,NA,NA,NA,NA,"ME2"
"Montipora_capitata_HIv3___RNAseq.g42184.t1",1,0,1,0.0245062480347167,"Other",3,0.530738691698032,"ME1"
"Montipora_capitata_HIv3___RNAseq.g42185.t1",0,1,0,NA,NA,NA,NA,"ME2"
"Montipora_capitata_HIv3___RNAseq.g42221.t1",0,0,1,NA,NA,NA,NA,"ME15"
"Montipora_capitata_HIv3___RNAseq.g42240.t1",1,1,0,NA,NA,NA,NA,"ME3"
"Montipora_capitata_HIv3___RNAseq.g42267.t1",1,0,0,0.0281839389063328,"Other",NA,NA,"ME0"
"Montipora_capitata_HIv3___RNAseq.g42270.t1",1,0,0,0.00266158422959387,"Transient",NA,NA,"ME0"
"Montipora_capitata_HIv3___RNAseq.g42273.t1",0,1,0,NA,NA,NA,NA,"ME3"
"Montipora_capitata_HIv3___RNAseq.g42282.t1",1,0,0,1.25068357193324e-07,"Transient",2,0.785466744475326,"ME1"
"Montipora_capitata_HIv3___RNAseq.g42285.t1",0,1,0,1.95005399023818e-12,"Monotonous",3,0.582345440278,"ME1"
"Montipora_capitata_HIv3___RNAseq.g42286.t1",2,0,0,NA,NA,NA,NA,"ME2"
"Montipora_capitata_HIv3___RNAseq.g42287.t1",1,0,0,NA,NA,NA,NA,"ME1"
"Montipora_capitata_HIv3___RNAseq.g42288.t1",2,0,0,NA,NA,NA,NA,"ME2"
"Montipora_capitata_HIv3___RNAseq.g42289.t1",1,0,0,NA,NA,NA,NA,"ME1"
"Montipora_capitata_HIv3___TS.g48797.t1",1,0,0,NA,NA,NA,NA,"ME14"
"Montipora_capitata_HIv3___RNAseq.g42304.t1",1,0,0,0.000528406670026492,"Other",6,0.684249506479553,"ME10"
"Montipora_capitata_HIv3___RNAseq.g42305.t1",0,1,0,1.4450572209611e-09,"Monotonous",2,0.54119366894935,"ME1"
"Montipora_capitata_HIv3___TS.g48803.t1",1,0,1,NA,NA,NA,NA,"ME1"
"Montipora_capitata_HIv3___RNAseq.g42307.t1",1,0,0,0.0222900541395994,"Other",NA,NA,"ME3"
"Montipora_capitata_HIv3___RNAseq.g42310.t1",0,0,1,2.62342720319844e-05,"Other",6,0.623222776296831,"ME3"
"Montipora_capitata_HIv3___TS.g48813.t1",0,0,1,NA,NA,NA,NA,"ME3"
"Montipora_capitata_HIv3___RNAseq.g42316.t1",1,0,0,NA,NA,NA,NA,"ME4"
"Montipora_capitata_HIv3___RNAseq.g42321.t1",1,0,1,0.000744370378991508,"Monotonous",5,0.793263318636391,"ME3"
"Montipora_capitata_HIv3___RNAseq.g42322.t1",1,0,0,NA,NA,NA,NA,"ME0"
"Montipora_capitata_HIv3___TS.g48827.t1",0,1,0,NA,NA,NA,NA,"ME1"
"Montipora_capitata_HIv3___RNAseq.g42336.t1",2,0,0,NA,NA,NA,NA,"ME22"
"Montipora_capitata_HIv3___RNAseq.g42337.t1",0,0,1,NA,NA,NA,NA,"ME2"
"Montipora_capitata_HIv3___RNAseq.g42338.t1",0,1,0,NA,NA,NA,NA,"ME25"
"Montipora_capitata_HIv3___RNAseq.g42341.t2",0,2,0,NA,NA,NA,NA,"ME13"
"Montipora_capitata_HIv3___RNAseq.g42342.t1",0,1,0,NA,NA,NA,NA,"ME7"
"Montipora_capitata_HIv3___RNAseq.g42346.t1",1,0,0,0.0208189673567706,"Other",4,0.600095521389182,"ME0"
"Montipora_capitata_HIv3___RNAseq.g42354.t1",1,0,0,NA,NA,NA,NA,"ME4"
"Montipora_capitata_HIv3___RNAseq.g42366.t1",1,0,0,NA,NA,NA,NA,"ME12"
"Montipora_capitata_HIv3___TS.g48863.t1",1,3,0,NA,NA,NA,NA,"ME14"
"Montipora_capitata_HIv3___RNAseq.g42372.t1",1,0,0,0.000969846503448909,"Transient",3,0.707730711488694,"ME1"
"Montipora_capitata_HIv3___TS.g48865.t1",1,0,0,0.0129887484889718,"Other",NA,NA,"ME0"
"Montipora_capitata_HIv3___RNAseq.g42428.t1",1,0,0,NA,NA,NA,NA,"ME0"
"Montipora_capitata_HIv3___RNAseq.g42429.t1",1,0,0,NA,NA,NA,NA,"ME3"
"Montipora_capitata_HIv3___TS.g48928.t1",1,0,0,NA,NA,NA,NA,"ME5"
"Montipora_capitata_HIv3___RNAseq.g42440.t1",1,1,0,0.0204146467623993,"Other",2,0.941341193343088,"ME1"
"Montipora_capitata_HIv3___RNAseq.g42446.t1",0,2,0,NA,NA,NA,NA,"ME3"
"Montipora_capitata_HIv3___TS.g48937.t1",1,0,0,NA,NA,NA,NA,"ME4"
"Montipora_capitata_HIv3___TS.g48966.t1",2,0,0,NA,NA,NA,NA,"ME12"
"Montipora_capitata_HIv3___TS.g49022.t1",0,0,1,NA,NA,NA,NA,"ME2"
"Montipora_capitata_HIv3___TS.g49057.t1",0,1,0,NA,NA,NA,NA,"ME0"
"Montipora_capitata_HIv3___RNAseq.g42927.t1",1,0,0,NA,NA,NA,NA,"ME2"
"Montipora_capitata_HIv3___RNAseq.g42706.t1",1,0,0,NA,NA,NA,NA,"ME3"
"Montipora_capitata_HIv3___RNAseq.g42715.t1",0,0,1,NA,NA,NA,NA,"ME2"
"Montipora_capitata_HIv3___TS.g49207.t2",0,1,0,NA,NA,NA,NA,"ME24"
"Montipora_capitata_HIv3___TS.g49208.t1",0,1,0,0.000628470001593027,"Monotonous",2,0.873902177028523,"ME20"
"Montipora_capitata_HIv3___RNAseq.g42730.t1",0,1,0,NA,NA,NA,NA,"ME20"
"Montipora_capitata_HIv3___RNAseq.g42732.t1",1,1,0,NA,NA,NA,NA,"ME0"
"Montipora_capitata_HIv3___TS.g49232.t1",1,0,0,NA,NA,NA,NA,"ME3"
"Montipora_capitata_HIv3___RNAseq.g42751.t1",0,1,0,NA,NA,NA,NA,"ME0"
"Montipora_capitata_HIv3___RNAseq.g42752.t1",1,0,0,NA,NA,NA,NA,"ME0"
"Montipora_capitata_HIv3___TS.g49238.t1",1,0,0,NA,NA,NA,NA,"ME4"
"Montipora_capitata_HIv3___RNAseq.g42755.t1",1,0,0,NA,NA,NA,NA,"ME1"
"Montipora_capitata_HIv3___RNAseq.g42756.t1",1,0,0,NA,NA,NA,NA,"ME4"
"Montipora_capitata_HIv3___RNAseq.g42769.t1",1,0,0,NA,NA,NA,NA,"ME24"
"Montipora_capitata_HIv3___RNAseq.g42780.t1",0,1,0,0.00180325057500102,"Other",4,0.946314793080026,"ME7"
"Montipora_capitata_HIv3___RNAseq.g42782.t1",1,0,0,NA,NA,NA,NA,"ME3"
"Montipora_capitata_HIv3___RNAseq.g42784.t1",1,0,0,NA,NA,NA,NA,"ME1"
"Montipora_capitata_HIv3___RNAseq.g42789.t1",1,0,0,NA,NA,NA,NA,"ME2"
"Montipora_capitata_HIv3___RNAseq.g42792.t1",2,0,0,NA,NA,NA,NA,"ME0"
"Montipora_capitata_HIv3___TS.g49298.t2",0,1,0,NA,NA,NA,NA,"ME0"
"Montipora_capitata_HIv3___RNAseq.g42822.t1",1,0,0,NA,NA,NA,NA,"ME12"
"Montipora_capitata_HIv3___TS.g49315.t1a",1,0,0,NA,NA,NA,NA,"ME3"
"Montipora_capitata_HIv3___TS.g49329.t1",0,0,1,1.97879855686705e-08,"Transient",3,0.956701070144646,"ME1"
"Montipora_capitata_HIv3___RNAseq.g42848.t1",1,0,0,NA,NA,NA,NA,"ME1"
"Montipora_capitata_HIv3___RNAseq.g42849.t1",0,2,0,NA,NA,NA,NA,"ME1"
"Montipora_capitata_HIv3___RNAseq.g42948.t1",0,1,0,NA,NA,NA,NA,"ME11"
"Montipora_capitata_HIv3___RNAseq.g42985.t1",1,0,0,NA,NA,NA,NA,"ME0"
"Montipora_capitata_HIv3___TS.g49426.t1",0,0,2,0.00416740473595789,"Other",5,0.584714603649629,"ME0"
"Montipora_capitata_HIv3___TS.g49456.t1",1,0,0,NA,NA,NA,NA,"ME3"
"Montipora_capitata_HIv3___RNAseq.g42984.t1",1,0,0,NA,NA,NA,NA,"ME5"
"Montipora_capitata_HIv3___RNAseq.g43026.t1",1,0,0,0.000954298485452553,"Other",NA,NA,"ME4"
"Montipora_capitata_HIv3___RNAseq.g43041.t1",0,1,0,NA,NA,NA,NA,"ME12"
"Montipora_capitata_HIv3___RNAseq.g43047.t1",0,1,0,NA,NA,NA,NA,"ME3"
"Montipora_capitata_HIv3___RNAseq.g43049.t1",0,0,1,NA,NA,NA,NA,"ME3"
"Montipora_capitata_HIv3___RNAseq.g43055.t1",0,0,1,0.0264139997246418,"Other",4,0.756029068451998,"ME7"
"Montipora_capitata_HIv3___RNAseq.g43056.t1",0,1,0,NA,NA,NA,NA,"ME7"
"Montipora_capitata_HIv3___RNAseq.g43057.t1",1,0,0,NA,NA,NA,NA,"ME4"
"Montipora_capitata_HIv3___RNAseq.g43060.t1",0,1,0,6.37863146114151e-07,"Transient",NA,NA,"ME3"
"Montipora_capitata_HIv3___RNAseq.g43069.t1",1,0,0,0.00828926025916071,"Other",NA,NA,"ME1"
"Montipora_capitata_HIv3___RNAseq.g43162.t1",0,0,1,NA,NA,NA,NA,"ME2"
"Montipora_capitata_HIv3___RNAseq.g43091.t1",0,0,1,NA,NA,NA,NA,"ME5"
"Montipora_capitata_HIv3___RNAseq.g43093.t1",1,0,0,0.0477456038865125,"Other",4,0.827887419585827,"ME7"
"Montipora_capitata_HIv3___RNAseq.g43094.t1",1,0,0,0.0263827642003737,"Other",4,0.574215606643867,"ME7"
"Montipora_capitata_HIv3___RNAseq.g43099.t1",0,1,0,NA,NA,NA,NA,"ME0"
"Montipora_capitata_HIv3___RNAseq.g43100.t1",0,1,0,2.86140338204901e-09,"Transient",5,0.928704228862145,"ME17"
"Montipora_capitata_HIv3___RNAseq.g43101.t1",1,0,0,NA,NA,NA,NA,"ME4"
"Montipora_capitata_HIv3___RNAseq.g43102.t1",1,0,1,NA,NA,NA,NA,"ME21"
"Montipora_capitata_HIv3___RNAseq.g43104.t1",0,1,0,NA,NA,NA,NA,"ME0"
"Montipora_capitata_HIv3___RNAseq.g43108.t1",1,1,0,NA,NA,NA,NA,"ME16"
"Montipora_capitata_HIv3___RNAseq.g43116.t1",1,0,1,NA,NA,NA,NA,"ME0"
"Montipora_capitata_HIv3___RNAseq.g43118.t1",1,0,0,0.00751507719693515,"Other",NA,NA,"ME3"
"Montipora_capitata_HIv3___RNAseq.g43119.t1",1,0,0,NA,NA,NA,NA,"ME3"
"Montipora_capitata_HIv3___RNAseq.g43120.t1",1,0,0,NA,NA,NA,NA,"ME5"
"Montipora_capitata_HIv3___RNAseq.g43121.t1",2,0,0,NA,NA,NA,NA,"ME2"
"Montipora_capitata_HIv3___RNAseq.g43129.t1",1,1,0,NA,NA,NA,NA,"ME22"
"Montipora_capitata_HIv3___TS.g49618.t1",1,1,0,0.000275590577504389,"Monotonous",6,0.568830186820559,"ME10"
"Montipora_capitata_HIv3___RNAseq.g43133.t1",1,1,0,NA,NA,NA,NA,"ME2"
"Montipora_capitata_HIv3___RNAseq.g43134.t1",0,0,1,NA,NA,NA,NA,"ME3"
"Montipora_capitata_HIv3___TS.g49625.t1",0,0,1,0.0031235067362956,"Other",5,0.671623045309496,"ME6"
"Montipora_capitata_HIv3___TS.g49627.t1",1,0,0,NA,NA,NA,NA,"ME29"
"Montipora_capitata_HIv3___RNAseq.g43142.t1",1,0,0,NA,NA,NA,NA,"ME16"
"Montipora_capitata_HIv3___TS.g49631.t1",0,0,1,NA,NA,NA,NA,"ME5"
"Montipora_capitata_HIv3___RNAseq.g43146.t1",0,1,0,0.00623245122263574,"Transient",4,0.961011499385329,"ME6"
"Montipora_capitata_HIv3___RNAseq.g43155.t1",1,0,0,NA,NA,NA,NA,"ME2"
"Montipora_capitata_HIv3___TS.g49646.t1",0,0,1,5.80201212325736e-19,"Monotonous",1,0.986100766993389,"ME10"
"Montipora_capitata_HIv3___RNAseq.g43163.t1",1,0,0,NA,NA,NA,NA,"ME2"
"Montipora_capitata_HIv3___RNAseq.g43167.t1",1,0,1,NA,NA,NA,NA,"ME3"
"Montipora_capitata_HIv3___TS.g49657.t3",0,0,1,NA,NA,NA,NA,"ME24"
"Montipora_capitata_HIv3___RNAseq.g43173.t1a",1,0,1,NA,NA,NA,NA,"ME0"
"Montipora_capitata_HIv3___RNAseq.g43210.t1",1,0,0,NA,NA,NA,NA,"ME0"
"Montipora_capitata_HIv3___RNAseq.g43236.t1",1,0,0,NA,NA,NA,NA,"ME0"
"Montipora_capitata_HIv3___RNAseq.g43173.t1b",0,1,0,NA,NA,NA,NA,"ME6"
"Montipora_capitata_HIv3___RNAseq.g43187.t1",1,0,0,NA,NA,NA,NA,"ME12"
"Montipora_capitata_HIv3___RNAseq.g43190.t1",0,0,1,NA,NA,NA,NA,"ME21"
"Montipora_capitata_HIv3___RNAseq.g43203.t1",1,0,0,NA,NA,NA,NA,"ME14"
"Montipora_capitata_HIv3___RNAseq.g43204.t1",0,0,1,NA,NA,NA,NA,"ME2"
"Montipora_capitata_HIv3___RNAseq.g43218.t1",0,0,1,NA,NA,NA,NA,"ME6"
"Montipora_capitata_HIv3___TS.g49732.t1a",0,0,2,0.00159993947336442,"Transient",3,0.91531670531955,"ME1"
"Montipora_capitata_HIv3___TS.g49733.t1",0,1,2,NA,NA,NA,NA,"ME7"
"Montipora_capitata_HIv3___RNAseq.g43237.t1",0,0,1,NA,NA,NA,NA,"ME1"
"Montipora_capitata_HIv3___TS.g49742.t2",0,0,3,NA,NA,NA,NA,"ME3"
"Montipora_capitata_HIv3___RNAseq.g43246.t1",2,0,0,NA,NA,NA,NA,"ME19"
"Montipora_capitata_HIv3___RNAseq.g43252.t1",1,0,0,NA,NA,NA,NA,"ME7"
"Montipora_capitata_HIv3___RNAseq.g43253.t1a",1,0,0,NA,NA,NA,NA,"ME6"
"Montipora_capitata_HIv3___RNAseq.g43322.t1",1,0,0,NA,NA,NA,NA,"ME1"
"Montipora_capitata_HIv3___RNAseq.g43323.t1",0,0,1,NA,NA,NA,NA,"ME0"
"Montipora_capitata_HIv3___RNAseq.g43328.t1",0,1,0,NA,NA,NA,NA,"ME3"
"Montipora_capitata_HIv3___RNAseq.g43334.t1",0,0,1,NA,NA,NA,NA,"ME4"
"Montipora_capitata_HIv3___RNAseq.g43335.t1",0,1,0,NA,NA,NA,NA,"ME1"
"Montipora_capitata_HIv3___RNAseq.g43337.t1",1,3,0,2.98613678998338e-11,"Transient",3,0.901402784737029,"ME1"
"Montipora_capitata_HIv3___RNAseq.g43338.t1",0,2,0,2.55054482427913e-07,"Transient",3,0.970713995296468,"ME1"
"Montipora_capitata_HIv3___RNAseq.g43339.t1",0,1,0,NA,NA,NA,NA,"ME6"
"Montipora_capitata_HIv3___RNAseq.g43346.t1",1,1,0,NA,NA,NA,NA,"ME3"
"Montipora_capitata_HIv3___RNAseq.g43351.t1",0,0,1,NA,NA,NA,NA,"ME16"
"Montipora_capitata_HIv3___RNAseq.g43353.t1",0,0,1,NA,NA,NA,NA,"ME14"
"Montipora_capitata_HIv3___RNAseq.g43354.t1",1,0,0,NA,NA,NA,NA,"ME1"
"Montipora_capitata_HIv3___RNAseq.g43355.t1",1,0,0,NA,NA,NA,NA,"ME20"
"Montipora_capitata_HIv3___RNAseq.g43358.t1",0,0,1,0.0456298487512486,"Other",NA,NA,"ME0"
"Montipora_capitata_HIv3___TS.g49867.t1",1,0,0,2.73030949031715e-05,"Other",6,0.522894332011671,"ME3"
"Montipora_capitata_HIv3___RNAseq.g43363.t1",1,0,0,4.01590760789926e-05,"Transient",6,0.561763197790072,"ME3"
"Montipora_capitata_HIv3___RNAseq.g43365.t1",1,1,0,NA,NA,NA,NA,"ME15"
"Montipora_capitata_HIv3___RNAseq.g43373.t1",1,0,0,NA,NA,NA,NA,"ME1"
"Montipora_capitata_HIv3___TS.g49879.t2",0,1,1,NA,NA,NA,NA,"ME4"
"Montipora_capitata_HIv3___RNAseq.g43378.t1",1,0,0,NA,NA,NA,NA,"ME0"
"Montipora_capitata_HIv3___TS.g49887.t1",1,0,0,NA,NA,NA,NA,"ME2"
"Montipora_capitata_HIv3___RNAseq.g43475.t1",1,0,0,NA,NA,NA,NA,"ME0"
"Montipora_capitata_HIv3___RNAseq.g43488.t1",1,0,0,0.0146808248857146,"Monotonous",1,0.871336274584248,"ME9"
"Montipora_capitata_HIv3___RNAseq.g43489.t1",1,0,0,0.00741293157881003,"Monotonous",1,0.827089300553647,"ME9"
"Montipora_capitata_HIv3___RNAseq.g43568.t1",0,1,0,NA,NA,NA,NA,"ME0"
"Montipora_capitata_HIv3___RNAseq.g43569.t1",1,1,0,NA,NA,NA,NA,"ME0"
"Montipora_capitata_HIv3___RNAseq.g43781.t1",0,1,0,NA,NA,NA,NA,"ME0"
"Montipora_capitata_HIv3___TS.g50399.t1",1,0,0,NA,NA,NA,NA,"ME1"
"Montipora_capitata_HIv3___RNAseq.g43910.t1",1,0,0,NA,NA,NA,NA,"ME0"
"Montipora_capitata_HIv3___RNAseq.g44360.t1",0,0,1,NA,NA,NA,NA,"ME4"
"Montipora_capitata_HIv3___RNAseq.g44367.t1",1,0,0,NA,NA,NA,NA,"ME1"
"Montipora_capitata_HIv3___TS.g49920.t1",0,0,1,NA,NA,NA,NA,"ME0"
"Montipora_capitata_HIv3___RNAseq.g43414.t1",1,0,0,NA,NA,NA,NA,"ME1"
"Montipora_capitata_HIv3___TS.g49996.t1e",0,0,1,NA,NA,NA,NA,"ME12"
"Montipora_capitata_HIv3___TS.g50001.t1",1,0,0,NA,NA,NA,NA,"ME0"
"Montipora_capitata_HIv3___TS.g50002.t1",0,1,0,NA,NA,NA,NA,"ME6"
"Montipora_capitata_HIv3___RNAseq.g43497.t1",0,1,0,2.34356865801173e-09,"Monotonous",3,0.779170731203148,"ME1"
"Montipora_capitata_HIv3___TS.g50024.t1",0,1,0,NA,NA,NA,NA,"ME6"
"Montipora_capitata_HIv3___TS.g50025.t1",0,1,0,NA,NA,NA,NA,"ME4"
"Montipora_capitata_HIv3___TS.g50029.t1",2,0,0,NA,NA,NA,NA,"ME5"
"Montipora_capitata_HIv3___RNAseq.g43532.t1",1,0,0,NA,NA,NA,NA,"ME5"
"Montipora_capitata_HIv3___RNAseq.g43534.t1",0,2,0,NA,NA,NA,NA,"ME0"
"Montipora_capitata_HIv3___RNAseq.g43549.t1",0,2,0,NA,NA,NA,NA,"ME1"
"Montipora_capitata_HIv3___TS.g50066.t2b",0,0,1,NA,NA,NA,NA,"ME0"
"Montipora_capitata_HIv3___RNAseq.g43562.t1",0,0,1,NA,NA,NA,NA,"ME5"
"Montipora_capitata_HIv3___RNAseq.g43593.t1",0,0,1,NA,NA,NA,NA,"ME8"
"Montipora_capitata_HIv3___RNAseq.g43608.t1",0,1,0,0.0110923917563955,"Other",NA,NA,"ME4"
"Montipora_capitata_HIv3___RNAseq.g43616.t1",0,1,0,NA,NA,NA,NA,"ME7"
"Montipora_capitata_HIv3___TS.g50133.t1",0,0,1,NA,NA,NA,NA,"ME0"
"Montipora_capitata_HIv3___RNAseq.g43629.t1",0,0,1,NA,NA,NA,NA,"ME15"
"Montipora_capitata_HIv3___RNAseq.g43641.t1",0,0,1,NA,NA,NA,NA,"ME5"
"Montipora_capitata_HIv3___RNAseq.g43644.t1",0,0,2,NA,NA,NA,NA,"ME3"
"Montipora_capitata_HIv3___RNAseq.g43648.t1",1,0,0,NA,NA,NA,NA,"ME1"
"Montipora_capitata_HIv3___RNAseq.g43651.t1",0,1,0,NA,NA,NA,NA,"ME27"
"Montipora_capitata_HIv3___TS.g50160.t1",0,1,0,NA,NA,NA,NA,"ME27"
"Montipora_capitata_HIv3___TS.g50161.t1",1,0,0,NA,NA,NA,NA,"ME27"
"Montipora_capitata_HIv3___RNAseq.g43654.t2",0,1,0,NA,NA,NA,NA,"ME22"
"Montipora_capitata_HIv3___RNAseq.g43657.t1",0,0,2,0.000252929757293551,"Monotonous",1,0.712904959588634,"ME8"
"Montipora_capitata_HIv3___RNAseq.g43659.t1",1,0,0,NA,NA,NA,NA,"ME0"
"Montipora_capitata_HIv3___RNAseq.g43660.t1",1,0,0,8.43804079305356e-06,"Monotonous",6,0.522438447614378,"ME0"
"Montipora_capitata_HIv3___RNAseq.g43662.t1",1,0,0,NA,NA,NA,NA,"ME0"
"Montipora_capitata_HIv3___RNAseq.g43663.t1",1,0,0,0.000534506733381905,"Monotonous",6,0.615759933590018,"ME0"
"Montipora_capitata_HIv3___RNAseq.g43665.t1",1,0,0,NA,NA,NA,NA,"ME3"
"Montipora_capitata_HIv3___RNAseq.g43668.t1",1,0,0,NA,NA,NA,NA,"ME1"
"Montipora_capitata_HIv3___RNAseq.g43706.t1",0,0,2,0.047337485142981,"Other",NA,NA,"ME1"
"Montipora_capitata_HIv3___RNAseq.g43715.t1",0,0,1,NA,NA,NA,NA,"ME4"
"Montipora_capitata_HIv3___RNAseq.g43726.t1",1,0,0,NA,NA,NA,NA,"ME0"
"Montipora_capitata_HIv3___RNAseq.g43728.t1",0,0,2,0.0158516666287903,"Other",5,0.5186705599646,"ME4"
"Montipora_capitata_HIv3___RNAseq.g43732.t1",1,0,0,NA,NA,NA,NA,"ME2"
"Montipora_capitata_HIv3___RNAseq.g43733.t1",1,0,0,NA,NA,NA,NA,"ME0"
"Montipora_capitata_HIv3___RNAseq.g43734.t1",1,1,0,NA,NA,NA,NA,"ME15"
"Montipora_capitata_HIv3___RNAseq.g43735.t1",1,1,0,0.00591570023110988,"Transient",3,0.811758647607246,"ME1"
"Montipora_capitata_HIv3___RNAseq.g43737.t1",1,0,0,NA,NA,NA,NA,"ME3"
"Montipora_capitata_HIv3___RNAseq.g43742.t1",0,0,1,NA,NA,NA,NA,"ME4"
"Montipora_capitata_HIv3___TS.g50262.t1",0,1,0,NA,NA,NA,NA,"ME1"
"Montipora_capitata_HIv3___TS.17565_t",3,0,0,NA,NA,NA,NA,"ME24"
"Montipora_capitata_HIv3___RNAseq.g43759.t1",0,0,1,NA,NA,NA,NA,"ME1"
"Montipora_capitata_HIv3___RNAseq.g43770.t1",0,0,1,NA,NA,NA,NA,"ME0"
"Montipora_capitata_HIv3___RNAseq.g43774.t1",0,0,2,NA,NA,NA,NA,"ME16"
"Montipora_capitata_HIv3___RNAseq.g43777.t1",0,1,0,NA,NA,NA,NA,"ME1"
"Montipora_capitata_HIv3___RNAseq.g43779.t1",0,0,1,NA,NA,NA,NA,"ME5"
"Montipora_capitata_HIv3___RNAseq.g43787.t1",1,0,0,NA,NA,NA,NA,"ME3"
"Montipora_capitata_HIv3___RNAseq.g43802.t1",0,1,0,NA,NA,NA,NA,"ME2"
"Montipora_capitata_HIv3___RNAseq.g43809.t1",0,0,1,NA,NA,NA,NA,"ME13"
"Montipora_capitata_HIv3___RNAseq.g43810.t1",0,0,1,NA,NA,NA,NA,"ME1"
"Montipora_capitata_HIv3___RNAseq.17496_t",0,0,1,NA,NA,NA,NA,"ME2"
"Montipora_capitata_HIv3___TS.g50336.t1",0,0,1,NA,NA,NA,NA,"ME13"
"Montipora_capitata_HIv3___TS.g50337.t1",2,0,0,NA,NA,NA,NA,"ME12"
"Montipora_capitata_HIv3___RNAseq.g43822.t1",1,0,0,NA,NA,NA,NA,"ME2"
"Montipora_capitata_HIv3___RNAseq.g43825.t1",1,0,0,NA,NA,NA,NA,"ME0"
"Montipora_capitata_HIv3___TS.g50350.t1",0,1,0,NA,NA,NA,NA,"ME5"
"Montipora_capitata_HIv3___RNAseq.g43834.t1",1,0,0,NA,NA,NA,NA,"ME11"
"Montipora_capitata_HIv3___RNAseq.g43837.t1",1,0,0,NA,NA,NA,NA,"ME6"
"Montipora_capitata_HIv3___RNAseq.g43839.t1",0,1,0,NA,NA,NA,NA,"ME31"
"Montipora_capitata_HIv3___RNAseq.g43846.t1b",1,0,0,0.0326122299700796,"Monotonous",3,0.940131060707579,"ME18"
"Montipora_capitata_HIv3___RNAseq.g43855.t1",1,0,0,NA,NA,NA,NA,"ME2"
"Montipora_capitata_HIv3___RNAseq.g43858.t1",1,0,0,NA,NA,NA,NA,"ME2"
"Montipora_capitata_HIv3___RNAseq.g43865.t1",0,0,1,NA,NA,NA,NA,"ME1"
"Montipora_capitata_HIv3___RNAseq.g43866.t2",0,1,0,NA,NA,NA,NA,"ME5"
"Montipora_capitata_HIv3___RNAseq.g43873.t1",1,0,0,NA,NA,NA,NA,"ME1"
"Montipora_capitata_HIv3___RNAseq.g43875.t1",0,1,0,0.0345585563997573,"Other",NA,NA,"ME20"
"Montipora_capitata_HIv3___TS.g50400.t1",0,1,0,NA,NA,NA,NA,"ME1"
"Montipora_capitata_HIv3___TS.g50401.t1",0,1,0,NA,NA,NA,NA,"ME0"
"Montipora_capitata_HIv3___RNAseq.g43878.t1",0,1,0,NA,NA,NA,NA,"ME2"
"Montipora_capitata_HIv3___RNAseq.g43887.t1",1,0,0,NA,NA,NA,NA,"ME0"
"Montipora_capitata_HIv3___RNAseq.g43889.t1",1,0,1,NA,NA,NA,NA,"ME0"
"Montipora_capitata_HIv3___RNAseq.g43898.t1",0,0,1,NA,NA,NA,NA,"ME7"
"Montipora_capitata_HIv3___RNAseq.g43900.t1",1,1,0,0.0163864137939134,"Transient",5,0.945096640577045,"ME17"
"Montipora_capitata_HIv3___RNAseq.g43903.t1",1,0,0,NA,NA,NA,NA,"ME9"
"Montipora_capitata_HIv3___RNAseq.g43914.t1",1,1,0,NA,NA,NA,NA,"ME1"
"Montipora_capitata_HIv3___RNAseq.g43915.t1",1,0,0,NA,NA,NA,NA,"ME1"
"Montipora_capitata_HIv3___RNAseq.g43917.t1",0,0,1,0.00230341761307095,"Transient",5,0.777732033508624,"ME6"
"Montipora_capitata_HIv3___RNAseq.g43923.t1",0,1,1,NA,NA,NA,NA,"ME1"
"Montipora_capitata_HIv3___RNAseq.g43924.t1",0,0,1,NA,NA,NA,NA,"ME1"
"Montipora_capitata_HIv3___RNAseq.g43928.t1",1,0,0,NA,NA,NA,NA,"ME1"
"Montipora_capitata_HIv3___RNAseq.g43929.t1",1,0,0,0.02756015473786,"Other",6,0.815299228572865,"ME3"
"Montipora_capitata_HIv3___RNAseq.g43934.t2",0,0,1,NA,NA,NA,NA,"ME15"
"Montipora_capitata_HIv3___RNAseq.g43936.t1",0,1,0,0.0375248087273288,"Monotonous",6,0.856169278548933,"ME3"
"Montipora_capitata_HIv3___RNAseq.g43937.t1",0,0,1,NA,NA,NA,NA,"ME4"
"Montipora_capitata_HIv3___RNAseq.g43940.t2",1,0,0,NA,NA,NA,NA,"ME2"
"Montipora_capitata_HIv3___RNAseq.g43943.t1",0,1,0,NA,NA,NA,NA,"ME11"
"Montipora_capitata_HIv3___RNAseq.g43944.t1",0,1,0,NA,NA,NA,NA,"ME11"
"Montipora_capitata_HIv3___TS.g50470.t1",1,0,0,NA,NA,NA,NA,"ME0"
"Montipora_capitata_HIv3___RNAseq.g43946.t2",0,1,1,0.0290351791166728,"Monotonous",1,0.826057546660135,"ME3"
"Montipora_capitata_HIv3___RNAseq.g43964.t1",1,0,0,0.0217509996326952,"Monotonous",2,0.950961927057072,"ME15"
"Montipora_capitata_HIv3___RNAseq.g43981.t1",0,1,0,NA,NA,NA,NA,"ME17"
"Montipora_capitata_HIv3___RNAseq.g43984.t1",0,1,0,0.000368811709067606,"Transient",4,0.967985996864565,"ME0"
"Montipora_capitata_HIv3___RNAseq.g43986.t1a",1,0,0,NA,NA,NA,NA,"ME0"
"Montipora_capitata_HIv3___RNAseq.g43988.t1",1,0,1,NA,NA,NA,NA,"ME2"
"Montipora_capitata_HIv3___RNAseq.g43996.t1",1,0,0,NA,NA,NA,NA,"ME3"
"Montipora_capitata_HIv3___RNAseq.17711_t",0,1,1,NA,NA,NA,NA,"ME4"
"Montipora_capitata_HIv3___RNAseq.g43999.t1",0,0,1,NA,NA,NA,NA,"ME2"
"Montipora_capitata_HIv3___RNAseq.g44002.t1a",0,0,1,NA,NA,NA,NA,"ME11"
"Montipora_capitata_HIv3___RNAseq.g44002.t1b",1,0,0,NA,NA,NA,NA,"ME0"
"Montipora_capitata_HIv3___RNAseq.g44003.t1",1,0,1,NA,NA,NA,NA,"ME5"
"Montipora_capitata_HIv3___TS.g50536.t1",1,0,0,NA,NA,NA,NA,"ME2"
"Montipora_capitata_HIv3___RNAseq.g44013.t1",2,0,0,2.60705220789544e-07,"Monotonous",6,0.988275590235571,"ME9"
"Montipora_capitata_HIv3___RNAseq.g44014.t1",0,0,1,0.00345658458426385,"Other",6,0.950532948434237,"ME9"
"Montipora_capitata_HIv3___TS.g50544.t1",1,0,0,0.000725704448038597,"Monotonous",1,0.913727841193803,"ME3"
"Montipora_capitata_HIv3___RNAseq.17733_t",1,0,0,NA,NA,NA,NA,"ME1"
"Montipora_capitata_HIv3___RNAseq.g44020.t1",0,0,2,NA,NA,NA,NA,"ME6"
"Montipora_capitata_HIv3___RNAseq.g44024.t1",0,0,1,NA,NA,NA,NA,"ME14"
"Montipora_capitata_HIv3___RNAseq.g44036.t1",0,0,2,NA,NA,NA,NA,"ME0"
"Montipora_capitata_HIv3___TS.g50568.t1",0,1,0,1.13817165099502e-08,"Transient",3,0.825822719109713,"ME1"
"Montipora_capitata_HIv3___RNAseq.g44043.t1",0,3,0,NA,NA,NA,NA,"ME0"
"Montipora_capitata_HIv3___RNAseq.g44047.t1",1,0,0,NA,NA,NA,NA,"ME1"
"Montipora_capitata_HIv3___RNAseq.g44050.t1",0,0,1,NA,NA,NA,NA,"ME3"
"Montipora_capitata_HIv3___RNAseq.g44051.t1",2,0,0,NA,NA,NA,NA,"ME2"
"Montipora_capitata_HIv3___RNAseq.g44052.t1",1,0,0,6.24263107949908e-05,"Transient",5,0.884401137138306,"ME4"
"Montipora_capitata_HIv3___RNAseq.g44056.t1",0,2,0,4.76967798272301e-05,"Transient",2,0.851392097987034,"ME19"
"Montipora_capitata_HIv3___RNAseq.g44058.t1",0,0,1,NA,NA,NA,NA,"ME3"
"Montipora_capitata_HIv3___RNAseq.g44060.t1",0,0,1,0.00591501506107846,"Monotonous",NA,NA,"ME19"
"Montipora_capitata_HIv3___RNAseq.g44063.t1",0,0,1,0.0146788677439903,"Transient",3,0.940435444286203,"ME1"
"Montipora_capitata_HIv3___RNAseq.g44064.t1",0,1,2,0.00223140691999493,"Monotonous",3,0.918272183200397,"ME1"
"Montipora_capitata_HIv3___TS.g50593.t1",1,1,0,2.97035563116848e-05,"Transient",3,0.981387056991386,"ME1"
"Montipora_capitata_HIv3___RNAseq.g44069.t1",1,0,0,NA,NA,NA,NA,"ME20"
"Montipora_capitata_HIv3___RNAseq.g44070.t1",0,1,1,NA,NA,NA,NA,"ME3"
"Montipora_capitata_HIv3___RNAseq.g44074.t1",0,1,0,NA,NA,NA,NA,"ME3"
"Montipora_capitata_HIv3___RNAseq.g44079.t1",1,0,1,NA,NA,NA,NA,"ME9"
"Montipora_capitata_HIv3___RNAseq.g44080.t1",1,1,0,0.0343574388071401,"Other",1,0.685927606088797,"ME3"
"Montipora_capitata_HIv3___RNAseq.g44082.t1",0,0,1,0.000360905854030262,"Transient",3,0.917451166074606,"ME1"
"Montipora_capitata_HIv3___RNAseq.g44083.t1",0,0,1,1.56771186928734e-05,"Other",4,0.875259952621022,"ME7"
"Montipora_capitata_HIv3___RNAseq.g44086.t1",0,0,1,NA,NA,NA,NA,"ME18"
"Montipora_capitata_HIv3___RNAseq.g44087.t1",1,0,0,NA,NA,NA,NA,"ME4"
"Montipora_capitata_HIv3___RNAseq.17832_t",0,1,0,NA,NA,NA,NA,"ME6"
"Montipora_capitata_HIv3___RNAseq.g44111.t3",0,1,0,0.0476196996812328,"Monotonous",3,0.919299792679577,"ME1"
"Montipora_capitata_HIv3___RNAseq.g44113.t1",1,0,0,NA,NA,NA,NA,"ME5"
"Montipora_capitata_HIv3___RNAseq.g44115.t1",0,0,1,NA,NA,NA,NA,"ME11"
"Montipora_capitata_HIv3___RNAseq.g44116.t1",0,0,1,NA,NA,NA,NA,"ME1"
"Montipora_capitata_HIv3___RNAseq.g44118.t1",1,0,1,4.61393405044586e-06,"Monotonous",1,0.845884523513285,"ME3"
"Montipora_capitata_HIv3___TS.g50656.t1",0,0,1,NA,NA,NA,NA,"ME14"
"Montipora_capitata_HIv3___RNAseq.g44121.t1",0,1,0,NA,NA,NA,NA,"ME3"
"Montipora_capitata_HIv3___RNAseq.g44130.t1",1,0,0,NA,NA,NA,NA,"ME3"
"Montipora_capitata_HIv3___TS.g50670.t1",0,1,0,NA,NA,NA,NA,"ME1"
"Montipora_capitata_HIv3___RNAseq.g44136.t1",1,0,0,NA,NA,NA,NA,"ME15"
"Montipora_capitata_HIv3___RNAseq.g44137.t1",0,1,0,0.000538349286133404,"Transient",3,0.671245415853216,"ME15"
"Montipora_capitata_HIv3___RNAseq.g44141.t1",0,1,0,NA,NA,NA,NA,"ME5"
"Montipora_capitata_HIv3___RNAseq.g44148.t1",1,0,0,NA,NA,NA,NA,"ME0"
"Montipora_capitata_HIv3___RNAseq.g44151.t1",1,0,1,NA,NA,NA,NA,"ME3"
"Montipora_capitata_HIv3___RNAseq.g44152.t1",0,0,1,NA,NA,NA,NA,"ME0"
"Montipora_capitata_HIv3___RNAseq.g44154.t1",0,1,0,NA,NA,NA,NA,"ME20"
"Montipora_capitata_HIv3___RNAseq.g44159.t1",1,0,0,NA,NA,NA,NA,"ME1"
"Montipora_capitata_HIv3___RNAseq.g44165.t1",0,2,0,NA,NA,NA,NA,"ME7"
"Montipora_capitata_HIv3___RNAseq.g44167.t1",0,1,0,0.0229489663956683,"Transient",5,0.915543893763441,"ME17"
"Montipora_capitata_HIv3___RNAseq.g44168.t1",0,0,1,NA,NA,NA,NA,"ME1"
"Montipora_capitata_HIv3___RNAseq.g44170.t1",1,0,0,NA,NA,NA,NA,"ME3"
"Montipora_capitata_HIv3___TS.g50706.t1",1,0,0,NA,NA,NA,NA,"ME2"
"Montipora_capitata_HIv3___RNAseq.g44173.t1",1,0,0,NA,NA,NA,NA,"ME29"
"Montipora_capitata_HIv3___TS.g50709.t2",1,0,0,NA,NA,NA,NA,"ME2"
"Montipora_capitata_HIv3___RNAseq.g44179.t1",1,0,0,0.0198085742490003,"Other",2,0.648621641499775,"ME1"
"Montipora_capitata_HIv3___RNAseq.g44182.t1",1,0,0,0.0142406774409008,"Transient",3,0.944520194980862,"ME1"
"Montipora_capitata_HIv3___RNAseq.g44184.t1",1,0,0,NA,NA,NA,NA,"ME1"
"Montipora_capitata_HIv3___RNAseq.g44188.t1",1,0,1,NA,NA,NA,NA,"ME2"
"Montipora_capitata_HIv3___TS.g50726.t1a",1,0,0,NA,NA,NA,NA,"ME24"
"Montipora_capitata_HIv3___TS.g50726.t1b",0,0,1,NA,NA,NA,NA,"ME8"
"Montipora_capitata_HIv3___RNAseq.17921_t",1,0,0,NA,NA,NA,NA,"ME22"
"Montipora_capitata_HIv3___RNAseq.g44215.t1",0,0,1,NA,NA,NA,NA,"ME10"
"Montipora_capitata_HIv3___RNAseq.g44216.t1",0,0,2,NA,NA,NA,NA,"ME0"
"Montipora_capitata_HIv3___RNAseq.g44219.t1",1,0,1,0.0419469229495901,"Other",NA,NA,"ME10"
"Montipora_capitata_HIv3___TS.g50753.t1",0,1,0,NA,NA,NA,NA,"ME22"
"Montipora_capitata_HIv3___RNAseq.g44222.t1",0,0,1,NA,NA,NA,NA,"ME10"
"Montipora_capitata_HIv3___RNAseq.g44225.t2",1,0,1,NA,NA,NA,NA,"ME5"
"Montipora_capitata_HIv3___RNAseq.g44234.t1",1,0,0,NA,NA,NA,NA,"ME3"
"Montipora_capitata_HIv3___TS.g50770.t2",0,0,1,NA,NA,NA,NA,"ME3"
"Montipora_capitata_HIv3___TS.g50773.t3",1,0,0,NA,NA,NA,NA,"ME3"
"Montipora_capitata_HIv3___RNAseq.g44241.t1",1,0,0,0.0151547168368943,"Monotonous",6,0.770623359525243,"ME8"
"Montipora_capitata_HIv3___RNAseq.g44243.t1",1,0,0,NA,NA,NA,NA,"ME6"
"Montipora_capitata_HIv3___TS.g50777.t1",0,1,0,NA,NA,NA,NA,"ME0"
"Montipora_capitata_HIv3___RNAseq.g44249.t1",0,0,1,5.15654881503997e-08,"Transient",2,0.559238527189684,"ME2"
"Montipora_capitata_HIv3___RNAseq.g44251.t1",1,0,0,NA,NA,NA,NA,"ME5"
"Montipora_capitata_HIv3___RNAseq.g44252.t1",0,1,0,0.0253199431690228,"Monotonous",2,0.586047252702937,"ME1"
"Montipora_capitata_HIv3___TS.g50786.t1",0,1,0,NA,NA,NA,NA,"ME0"
"Montipora_capitata_HIv3___RNAseq.g44275.t1",0,0,1,NA,NA,NA,NA,"ME2"
"Montipora_capitata_HIv3___RNAseq.g44277.t1",0,1,0,NA,NA,NA,NA,"ME2"
"Montipora_capitata_HIv3___RNAseq.g44278.t1",1,0,0,NA,NA,NA,NA,"ME5"
"Montipora_capitata_HIv3___RNAseq.g44285.t1",0,1,0,NA,NA,NA,NA,"ME18"
"Montipora_capitata_HIv3___RNAseq.g44286.t1",0,1,0,1.57684699751285e-06,"Transient",4,0.717734997460178,"ME0"
"Montipora_capitata_HIv3___RNAseq.g44287.t1",2,0,0,NA,NA,NA,NA,"ME3"
"Montipora_capitata_HIv3___RNAseq.g44291.t1",0,0,1,NA,NA,NA,NA,"ME0"
"Montipora_capitata_HIv3___RNAseq.g44298.t1",1,0,1,NA,NA,NA,NA,"ME0"
"Montipora_capitata_HIv3___RNAseq.g44299.t1",1,0,1,0.0497342547431344,"Other",NA,NA,"ME1"
"Montipora_capitata_HIv3___RNAseq.g44304.t1",1,0,0,NA,NA,NA,NA,"ME0"
"Montipora_capitata_HIv3___RNAseq.18032_t",1,0,0,NA,NA,NA,NA,"ME5"
"Montipora_capitata_HIv3___RNAseq.g44309.t1",0,1,0,NA,NA,NA,NA,"ME3"
"Montipora_capitata_HIv3___RNAseq.g44312.t1",0,1,0,NA,NA,NA,NA,"ME7"
"Montipora_capitata_HIv3___RNAseq.18040_t",0,1,0,NA,NA,NA,NA,"ME7"
"Montipora_capitata_HIv3___TS.g50855.t1",0,0,1,NA,NA,NA,NA,"ME0"
"Montipora_capitata_HIv3___TS.g50856.t2",2,0,0,NA,NA,NA,NA,"ME4"
"Montipora_capitata_HIv3___TS.g50857.t1",2,0,0,0.00269956147693624,"Other",6,0.87190557178775,"ME9"
"Montipora_capitata_HIv3___RNAseq.g44327.t1",0,0,1,0.038568710879818,"Other",2,0.529503868277399,"ME1"
"Montipora_capitata_HIv3___RNAseq.g44339.t1b",1,0,0,NA,NA,NA,NA,"ME6"
"Montipora_capitata_HIv3___TS.g50869.t3",1,0,1,NA,NA,NA,NA,"ME4"
"Montipora_capitata_HIv3___RNAseq.g44348.t1",1,0,0,NA,NA,NA,NA,"ME0"
"Montipora_capitata_HIv3___RNAseq.g44350.t1",1,0,0,NA,NA,NA,NA,"ME18"
"Montipora_capitata_HIv3___TS.g50882.t3",0,1,0,NA,NA,NA,NA,"ME0"
"Montipora_capitata_HIv3___RNAseq.g44356.t1",1,0,0,NA,NA,NA,NA,"ME1"
"Montipora_capitata_HIv3___RNAseq.g44357.t1",1,0,0,NA,NA,NA,NA,"ME0"
"Montipora_capitata_HIv3___RNAseq.g44361.t1",2,0,0,NA,NA,NA,NA,"ME1"
"Montipora_capitata_HIv3___RNAseq.g44371.t1",0,1,0,NA,NA,NA,NA,"ME1"
"Montipora_capitata_HIv3___RNAseq.g44373.t1",1,0,1,0.000171482063602722,"Transient",4,0.926881817550436,"ME7"
"Montipora_capitata_HIv3___RNAseq.g44374.t1",1,0,1,0.0141359615493909,"Transient",5,0.978927394674832,"ME6"
"Montipora_capitata_HIv3___RNAseq.g44379.t1",0,1,0,NA,NA,NA,NA,"ME3"
"Montipora_capitata_HIv3___RNAseq.g44382.t1",0,1,0,NA,NA,NA,NA,"ME3"
"Montipora_capitata_HIv3___TS.g21379.t2",1,0,0,0.0461019569561385,"Monotonous",4,0.778191936646583,"ME20"
"Montipora_capitata_HIv3___TS.g21380.t1",0,0,1,NA,NA,NA,NA,"ME4"
"Montipora_capitata_HIv3___RNAseq.g13281.t1",0,1,0,NA,NA,NA,NA,"ME2"
"Montipora_capitata_HIv3___RNAseq.g13302.t1",0,1,1,NA,NA,NA,NA,"ME13"
"Montipora_capitata_HIv3___TS.g21384.t1",1,0,0,NA,NA,NA,NA,"ME0"
"Montipora_capitata_HIv3___TS.g21385.t1",1,0,0,NA,NA,NA,NA,"ME5"
"Montipora_capitata_HIv3___TS.g21386.t1",0,0,1,0.000145894365678159,"Transient",NA,NA,"ME0"
"Montipora_capitata_HIv3___RNAseq.g13319.t1",0,1,0,0.000802502977016798,"Transient",5,0.50925792842442,"ME8"
"Montipora_capitata_HIv3___RNAseq.g13321.t1",0,0,1,NA,NA,NA,NA,"ME17"
"Montipora_capitata_HIv3___RNAseq.g13445.t1",0,2,0,0.00186695162559245,"Other",1,0.596311843750783,"ME3"
"Montipora_capitata_HIv3___RNAseq.g13413.t1",0,1,0,NA,NA,NA,NA,"ME8"
"Montipora_capitata_HIv3___RNAseq.g13417.t1",0,1,0,0.00877445685720715,"Transient",NA,NA,"ME25"
"Montipora_capitata_HIv3___RNAseq.g13426.t1",1,0,0,NA,NA,NA,NA,"ME0"
"Montipora_capitata_HIv3___RNAseq.g13326.t2",0,0,1,NA,NA,NA,NA,"ME23"
"Montipora_capitata_HIv3___TS.g21405.t1",0,0,1,NA,NA,NA,NA,"ME5"
"Montipora_capitata_HIv3___TS.g21406.t1",1,0,0,NA,NA,NA,NA,"ME12"
"Montipora_capitata_HIv3___RNAseq.g13332.t1",0,1,0,NA,NA,NA,NA,"ME2"
"Montipora_capitata_HIv3___TS.g21409.t1",0,0,1,NA,NA,NA,NA,"ME5"
"Montipora_capitata_HIv3___RNAseq.g13335.t2",1,0,0,NA,NA,NA,NA,"ME1"
"Montipora_capitata_HIv3___RNAseq.g13351.t1",0,0,1,NA,NA,NA,NA,"ME1"
"Montipora_capitata_HIv3___RNAseq.18871_t",1,0,0,NA,NA,NA,NA,"ME5"
"Montipora_capitata_HIv3___RNAseq.g13362.t1",1,0,0,NA,NA,NA,NA,"ME0"
"Montipora_capitata_HIv3___TS.g21443.t1",1,0,0,NA,NA,NA,NA,"ME23"
"Montipora_capitata_HIv3___TS.g21447.t1",0,0,1,NA,NA,NA,NA,"ME14"
"Montipora_capitata_HIv3___TS.g21450.t1",1,0,0,NA,NA,NA,NA,"ME0"
"Montipora_capitata_HIv3___TS.g21452.t1",1,0,0,NA,NA,NA,NA,"ME6"
"Montipora_capitata_HIv3___TS.g21453.t2",0,1,0,0.0145197197296113,"Transient",3,0.960981966518255,"ME1"
"Montipora_capitata_HIv3___RNAseq.g13377.t1",0,0,1,NA,NA,NA,NA,"ME0"
"Montipora_capitata_HIv3___RNAseq.g13394.t1",1,0,0,0.000590822868765508,"Monotonous",2,0.80009296966807,"ME1"
"Montipora_capitata_HIv3___TS.g21477.t1",1,0,0,NA,NA,NA,NA,"ME22"
"Montipora_capitata_HIv3___RNAseq.g13403.t1",1,0,0,NA,NA,NA,NA,"ME14"
"Montipora_capitata_HIv3___RNAseq.g13408.t1",1,0,0,NA,NA,NA,NA,"ME15"
"Montipora_capitata_HIv3___TS.g21091.t1",0,1,0,NA,NA,NA,NA,"ME0"
"Montipora_capitata_HIv3___RNAseq.g13076.t1",1,4,1,NA,NA,NA,NA,"ME0"
"Montipora_capitata_HIv3___RNAseq.g12611.t1",1,0,0,NA,NA,NA,NA,"ME19"
"Montipora_capitata_HIv3___RNAseq.g12612.t1",1,0,0,NA,NA,NA,NA,"ME6"
"Montipora_capitata_HIv3___RNAseq.g12622.t1",1,0,0,NA,NA,NA,NA,"ME4"
"Montipora_capitata_HIv3___TS.g20703.t2",1,0,0,0.0270228206392135,"Transient",6,0.548622479719994,"ME9"
"Montipora_capitata_HIv3___RNAseq.g12625.t1",0,1,0,NA,NA,NA,NA,"ME7"
"Montipora_capitata_HIv3___RNAseq.g12626.t1",0,1,0,0.00706836461533032,"Monotonous",2,0.881980824261915,"ME1"
"Montipora_capitata_HIv3___RNAseq.g12628.t1",0,0,1,NA,NA,NA,NA,"ME0"
"Montipora_capitata_HIv3___RNAseq.g12636.t1",0,1,0,NA,NA,NA,NA,"ME0"
"Montipora_capitata_HIv3___RNAseq.g12637.t1",1,0,0,NA,NA,NA,NA,"ME5"
"Montipora_capitata_HIv3___RNAseq.g12639.t1",1,0,0,NA,NA,NA,NA,"ME11"
"Montipora_capitata_HIv3___RNAseq.18142_t",0,3,0,NA,NA,NA,NA,"ME3"
"Montipora_capitata_HIv3___RNAseq.g12642.t1",1,0,1,6.37010671591463e-07,"Transient",5,0.94270368369256,"ME3"
"Montipora_capitata_HIv3___TS.g20724.t1b",0,1,0,0.0250331989817467,"Other",NA,NA,"ME3"
"Montipora_capitata_HIv3___TS.g20727.t1",0,2,0,0.000397081197071916,"Transient",5,0.53590243410802,"ME6"
"Montipora_capitata_HIv3___RNAseq.g12651.t1",1,0,0,4.49994815472702e-09,"Monotonous",1,0.870874084791579,"ME3"
"Montipora_capitata_HIv3___RNAseq.g12655.t1",0,0,2,0.00601456106283904,"Monotonous",2,0.966189668297617,"ME1"
"Montipora_capitata_HIv3___RNAseq.g12656.t1",0,1,0,NA,NA,NA,NA,"ME3"
"Montipora_capitata_HIv3___RNAseq.g12660.t1",1,0,0,NA,NA,NA,NA,"ME16"
"Montipora_capitata_HIv3___RNAseq.g12667.t1",1,0,0,NA,NA,NA,NA,"ME1"
"Montipora_capitata_HIv3___RNAseq.g12673.t1",1,0,0,0.000447757519783121,"Transient",5,0.714865063010223,"ME17"
"Montipora_capitata_HIv3___TS.g20760.t1b",1,0,0,NA,NA,NA,NA,"ME6"
"Montipora_capitata_HIv3___RNAseq.g12682.t1",0,3,0,0.00105565522318925,"Monotonous",2,0.878727384616691,"ME1"
"Montipora_capitata_HIv3___RNAseq.g12687.t1",0,1,0,NA,NA,NA,NA,"ME1"
"Montipora_capitata_HIv3___RNAseq.g12693.t1",0,0,1,NA,NA,NA,NA,"ME27"
"Montipora_capitata_HIv3___RNAseq.g12694.t1",1,0,0,6.09536855996542e-05,"Transient",5,0.948920349242312,"ME17"
"Montipora_capitata_HIv3___RNAseq.g12696.t1",0,0,1,0.000123474124193722,"Transient",3,0.843407361746928,"ME1"
"Montipora_capitata_HIv3___RNAseq.g12697.t1",0,0,1,NA,NA,NA,NA,"ME29"
"Montipora_capitata_HIv3___RNAseq.g12699.t1a",0,1,0,NA,NA,NA,NA,"ME3"
"Montipora_capitata_HIv3___RNAseq.18202_t",0,0,1,NA,NA,NA,NA,"ME3"
"Montipora_capitata_HIv3___TS.g20790.t2b",1,0,0,NA,NA,NA,NA,"ME2"
"Montipora_capitata_HIv3___TS.g20790.t2a",0,2,0,0.042936601821725,"Transient",5,0.582267450112469,"ME17"
"Montipora_capitata_HIv3___RNAseq.g12712.t1",1,1,0,NA,NA,NA,NA,"ME7"
"Montipora_capitata_HIv3___RNAseq.g12713.t1",0,0,1,0.021680571543142,"Other",2,0.867099802560587,"ME1"
"Montipora_capitata_HIv3___RNAseq.g12714.t2b",1,0,0,NA,NA,NA,NA,"ME27"
"Montipora_capitata_HIv3___RNAseq.g12720.t1",0,0,1,NA,NA,NA,NA,"ME10"
"Montipora_capitata_HIv3___RNAseq.g12724.t1",1,0,0,0.0167740625776192,"Monotonous",1,0.616968046278342,"ME25"
"Montipora_capitata_HIv3___RNAseq.g12726.t1",2,0,0,NA,NA,NA,NA,"ME15"
"Montipora_capitata_HIv3___RNAseq.g12727.t1",2,0,0,NA,NA,NA,NA,"ME15"
"Montipora_capitata_HIv3___RNAseq.g12728.t1",0,1,0,0.00310031487603244,"Transient",4,0.656374107315228,"ME3"
"Montipora_capitata_HIv3___RNAseq.g12729.t1",0,1,1,0.0103051046086906,"Transient",5,0.809712960055576,"ME3"
"Montipora_capitata_HIv3___RNAseq.g12733.t2",0,0,2,NA,NA,NA,NA,"ME2"
"Montipora_capitata_HIv3___RNAseq.g12740.t1",0,0,2,NA,NA,NA,NA,"ME24"
"Montipora_capitata_HIv3___RNAseq.g12744.t1",0,1,1,NA,NA,NA,NA,"ME1"
"Montipora_capitata_HIv3___RNAseq.g12747.t1",1,0,0,1.14977742757974e-08,"Monotonous",2,0.502661617944888,"ME1"
"Montipora_capitata_HIv3___RNAseq.g12751.t1",0,2,0,NA,NA,NA,NA,"ME8"
"Montipora_capitata_HIv3___RNAseq.g12753.t1",0,1,0,0.0366151574660745,"Other",1,0.777064874441776,"ME8"
"Montipora_capitata_HIv3___RNAseq.g12755.t1",0,1,0,6.60248707010099e-05,"Monotonous",6,0.518114844748066,"ME8"
"Montipora_capitata_HIv3___RNAseq.g12756.t1",1,0,0,NA,NA,NA,NA,"ME5"
"Montipora_capitata_HIv3___RNAseq.g12758.t1",0,0,1,NA,NA,NA,NA,"ME2"
"Montipora_capitata_HIv3___RNAseq.g12764.t1",1,0,0,NA,NA,NA,NA,"ME17"
"Montipora_capitata_HIv3___TS.g20849.t1",0,1,0,0.00022541974053907,"Transient",3,0.934662241235221,"ME18"
"Montipora_capitata_HIv3___RNAseq.g12770.t1",1,0,0,0.0207194647433842,"Transient",3,0.521978647512726,"ME16"
"Montipora_capitata_HIv3___TS.g20851.t1",1,1,0,NA,NA,NA,NA,"ME2"
"Montipora_capitata_HIv3___RNAseq.g12772.t1",1,0,0,NA,NA,NA,NA,"ME16"
"Montipora_capitata_HIv3___RNAseq.g12773.t1",1,0,0,NA,NA,NA,NA,"ME4"
"Montipora_capitata_HIv3___RNAseq.g12774.t1",1,0,0,0.00139641030640251,"Monotonous",6,0.665170308511229,"ME3"
"Montipora_capitata_HIv3___RNAseq.g12779.t1",1,0,0,NA,NA,NA,NA,"ME4"
"Montipora_capitata_HIv3___RNAseq.g12780.t1",0,0,1,0.0365140310222682,"Other",2,0.644748816361925,"ME1"
"Montipora_capitata_HIv3___RNAseq.g12782.t1",1,0,1,NA,NA,NA,NA,"ME3"
"Montipora_capitata_HIv3___RNAseq.g12784.t1",1,0,1,NA,NA,NA,NA,"ME3"
"Montipora_capitata_HIv3___RNAseq.g12793.t1",1,0,0,0.0218969348680343,"Other",2,0.892994355138518,"ME13"
"Montipora_capitata_HIv3___RNAseq.g12801.t1",1,0,0,NA,NA,NA,NA,"ME8"
"Montipora_capitata_HIv3___RNAseq.g12806.t1",0,1,0,NA,NA,NA,NA,"ME9"
"Montipora_capitata_HIv3___RNAseq.g12809.t1",1,0,0,0.000439816001095116,"Monotonous",3,0.926183351001823,"ME2"
"Montipora_capitata_HIv3___RNAseq.g12815.t1",0,1,0,NA,NA,NA,NA,"ME9"
"Montipora_capitata_HIv3___RNAseq.g12816.t1",2,0,0,NA,NA,NA,NA,"ME0"
"Montipora_capitata_HIv3___RNAseq.g12832.t1",2,0,0,0.00846840746719412,"Monotonous",1,0.615523044164813,"ME3"
"Montipora_capitata_HIv3___RNAseq.g12835.t1",0,0,1,NA,NA,NA,NA,"ME2"
"Montipora_capitata_HIv3___RNAseq.g12840.t1",2,0,0,NA,NA,NA,NA,"ME15"
"Montipora_capitata_HIv3___RNAseq.g12842.t1",1,0,0,NA,NA,NA,NA,"ME3"
"Montipora_capitata_HIv3___RNAseq.g12843.t1",1,0,0,NA,NA,NA,NA,"ME1"
"Montipora_capitata_HIv3___RNAseq.g12844.t1",1,0,0,0.00203044264812185,"Monotonous",3,0.766956673615725,"ME1"
"Montipora_capitata_HIv3___RNAseq.g12846.t1",0,1,0,NA,NA,NA,NA,"ME13"
"Montipora_capitata_HIv3___RNAseq.g12847.t1",0,1,0,0.0313441509743264,"Other",NA,NA,"ME1"
"Montipora_capitata_HIv3___RNAseq.g12862.t1",0,1,3,NA,NA,NA,NA,"ME17"
"Montipora_capitata_HIv3___RNAseq.g12864.t1",1,0,0,NA,NA,NA,NA,"ME8"
"Montipora_capitata_HIv3___RNAseq.g12871.t1b",0,2,0,NA,NA,NA,NA,"ME3"
"Montipora_capitata_HIv3___RNAseq.g12890.t1",1,0,0,NA,NA,NA,NA,"ME7"
"Montipora_capitata_HIv3___RNAseq.g12895.t1",0,1,1,NA,NA,NA,NA,"ME8"
"Montipora_capitata_HIv3___RNAseq.g12896.t1",0,0,2,NA,NA,NA,NA,"ME6"
"Montipora_capitata_HIv3___RNAseq.g12897.t1",1,0,0,NA,NA,NA,NA,"ME29"
"Montipora_capitata_HIv3___RNAseq.g12899.t1",0,0,1,0.00190694485344952,"Transient",5,0.984138200529279,"ME6"
"Montipora_capitata_HIv3___TS.g20973.t1a",0,1,0,NA,NA,NA,NA,"ME16"
"Montipora_capitata_HIv3___RNAseq.g12902.t1",0,1,0,6.31002809726301e-05,"Transient",2,0.648683322775813,"ME1"
"Montipora_capitata_HIv3___TS.g21008.t1",0,1,0,NA,NA,NA,NA,"ME20"
"Montipora_capitata_HIv3___RNAseq.g12947.t1",0,0,1,NA,NA,NA,NA,"ME5"
"Montipora_capitata_HIv3___RNAseq.g12951.t1",0,0,2,NA,NA,NA,NA,"ME2"
"Montipora_capitata_HIv3___RNAseq.g12952.t1",1,0,0,0.000119815056537763,"Monotonous",3,0.872729886698283,"ME1"
"Montipora_capitata_HIv3___RNAseq.g12954.t1",1,1,0,NA,NA,NA,NA,"ME25"
"Montipora_capitata_HIv3___RNAseq.g12955.t1",0,2,0,NA,NA,NA,NA,"ME7"
"Montipora_capitata_HIv3___RNAseq.g12958.t1b",1,0,0,NA,NA,NA,NA,"ME4"
"Montipora_capitata_HIv3___TS.g21035.t1",1,0,0,NA,NA,NA,NA,"ME0"
"Montipora_capitata_HIv3___RNAseq.g12963.t1",2,0,1,7.68941363911879e-06,"Transient",4,0.772356693600571,"ME3"
"Montipora_capitata_HIv3___RNAseq.g12964.t1",0,1,1,0.00066111174405205,"Transient",2,0.559101404252232,"ME1"
"Montipora_capitata_HIv3___RNAseq.g12965.t1",0,1,1,0.0376254788010356,"Monotonous",2,0.937478149235201,"ME1"
"Montipora_capitata_HIv3___RNAseq.g12972.t1",1,0,0,NA,NA,NA,NA,"ME20"
"Montipora_capitata_HIv3___RNAseq.g12979.t1",0,0,1,NA,NA,NA,NA,"ME9"
"Montipora_capitata_HIv3___RNAseq.g12984.t1",0,1,0,NA,NA,NA,NA,"ME1"
"Montipora_capitata_HIv3___RNAseq.g12990.t1",0,0,1,NA,NA,NA,NA,"ME0"
"Montipora_capitata_HIv3___RNAseq.g12997.t1",0,5,0,NA,NA,NA,NA,"ME1"
"Montipora_capitata_HIv3___RNAseq.g12998.t1",2,0,0,NA,NA,NA,NA,"ME2"
"Montipora_capitata_HIv3___RNAseq.g13001.t1",1,0,0,0.00812607062362849,"Transient",3,0.789466087475117,"ME1"
"Montipora_capitata_HIv3___TS.g21075.t2",0,1,0,NA,NA,NA,NA,"ME7"
"Montipora_capitata_HIv3___RNAseq.g13006.t1",0,1,0,NA,NA,NA,NA,"ME26"
"Montipora_capitata_HIv3___RNAseq.g13012.t1",1,0,0,5.24473434560548e-05,"Monotonous",5,0.637467279787202,"ME3"
"Montipora_capitata_HIv3___RNAseq.g13014.t1",1,0,0,0.00164042634323766,"Monotonous",5,0.628218809016884,"ME3"
"Montipora_capitata_HIv3___RNAseq.g13017.t1",0,1,0,NA,NA,NA,NA,"ME19"
"Montipora_capitata_HIv3___RNAseq.g13018.t1a",0,0,1,NA,NA,NA,NA,"ME2"
"Montipora_capitata_HIv3___RNAseq.g13024.t1",0,1,0,NA,NA,NA,NA,"ME8"
"Montipora_capitata_HIv3___RNAseq.g13031.t1",0,2,0,NA,NA,NA,NA,"ME2"
"Montipora_capitata_HIv3___RNAseq.g13035.t1",1,0,0,NA,NA,NA,NA,"ME3"
"Montipora_capitata_HIv3___RNAseq.g13038.t1",1,0,0,NA,NA,NA,NA,"ME5"
"Montipora_capitata_HIv3___RNAseq.18538_t",0,0,1,NA,NA,NA,NA,"ME5"
"Montipora_capitata_HIv3___TS.g21121.t2",0,2,0,NA,NA,NA,NA,"ME0"
"Montipora_capitata_HIv3___TS.g21123.t1",1,0,0,0.000193551121285082,"Transient",6,0.614692756148204,"ME0"
"Montipora_capitata_HIv3___RNAseq.g13055.t1",1,0,0,NA,NA,NA,NA,"ME20"
"Montipora_capitata_HIv3___RNAseq.g13056.t1",1,0,0,0.00330110351919032,"Transient",2,0.602528038466637,"ME0"
"Montipora_capitata_HIv3___RNAseq.g13059.t1",2,0,1,NA,NA,NA,NA,"ME5"
"Montipora_capitata_HIv3___RNAseq.g13061.t1",2,0,0,NA,NA,NA,NA,"ME3"
"Montipora_capitata_HIv3___TS.g21146.t1",0,1,0,NA,NA,NA,NA,"ME4"
"Montipora_capitata_HIv3___RNAseq.g13078.t1",0,0,1,NA,NA,NA,NA,"ME7"
"Montipora_capitata_HIv3___RNAseq.g13085.t1",1,0,0,4.44886822493388e-08,"Monotonous",6,0.991434504918608,"ME9"
"Montipora_capitata_HIv3___RNAseq.g13087.t2",0,1,0,0.010166528166412,"Transient",5,0.935199215064395,"ME17"
"Montipora_capitata_HIv3___TS.g21159.t1",0,0,1,0.00880057494064165,"Transient",5,0.928697942533549,"ME17"
"Montipora_capitata_HIv3___RNAseq.g13090.t1",0,3,0,9.15352654035891e-05,"Transient",4,0.873711793653196,"ME20"
"Montipora_capitata_HIv3___RNAseq.g13092.t1",0,0,1,NA,NA,NA,NA,"ME1"
"Montipora_capitata_HIv3___RNAseq.g13096.t1",1,0,0,NA,NA,NA,NA,"ME4"
"Montipora_capitata_HIv3___RNAseq.g13103.t1",0,0,1,0.0053693916635968,"Monotonous",6,0.83092744954277,"ME21"
"Montipora_capitata_HIv3___RNAseq.g13104.t1",0,0,1,NA,NA,NA,NA,"ME4"
"Montipora_capitata_HIv3___RNAseq.g13105.t1",1,0,0,NA,NA,NA,NA,"ME0"
"Montipora_capitata_HIv3___RNAseq.g13106.t1",0,1,0,NA,NA,NA,NA,"ME3"
"Montipora_capitata_HIv3___RNAseq.g13112.t1",0,3,0,7.7612338314463e-06,"Transient",3,0.62611626607153,"ME1"
"Montipora_capitata_HIv3___RNAseq.g13113.t1",0,2,0,NA,NA,NA,NA,"ME23"
"Montipora_capitata_HIv3___TS.g21186.t1",0,1,0,NA,NA,NA,NA,"ME14"
"Montipora_capitata_HIv3___RNAseq.g13120.t1",0,1,0,NA,NA,NA,NA,"ME1"
"Montipora_capitata_HIv3___RNAseq.g13123.t1",1,0,0,NA,NA,NA,NA,"ME0"
"Montipora_capitata_HIv3___TS.g21206.t1",0,0,1,NA,NA,NA,NA,"ME1"
"Montipora_capitata_HIv3___RNAseq.g13136.t1",0,1,0,0.0489509562057235,"Transient",NA,NA,"ME1"
"Montipora_capitata_HIv3___RNAseq.g13137.t1",0,1,0,0.0120135266802276,"Other",4,0.608426157022913,"ME0"
"Montipora_capitata_HIv3___RNAseq.g13140.t1",0,1,0,NA,NA,NA,NA,"ME19"
"Montipora_capitata_HIv3___TS.g21214.t1",1,0,0,NA,NA,NA,NA,"ME19"
"Montipora_capitata_HIv3___RNAseq.g13149.t1",0,1,0,NA,NA,NA,NA,"ME1"
"Montipora_capitata_HIv3___TS.g21234.t1",1,0,0,0.01611281368595,"Other",5,0.57119394989687,"ME0"
"Montipora_capitata_HIv3___TS.g21235.t1",1,0,0,NA,NA,NA,NA,"ME5"
"Montipora_capitata_HIv3___TS.g21249.t1",1,0,0,0.0134618764634909,"Other",2,0.681662076223551,"ME1"
"Montipora_capitata_HIv3___RNAseq.g13176.t1",1,2,1,NA,NA,NA,NA,"ME23"
"Montipora_capitata_HIv3___RNAseq.g13202.t1",1,0,0,NA,NA,NA,NA,"ME4"
"Montipora_capitata_HIv3___RNAseq.g13205.t1",1,0,0,NA,NA,NA,NA,"ME7"
"Montipora_capitata_HIv3___RNAseq.g13206.t1",1,0,0,NA,NA,NA,NA,"ME4"
"Montipora_capitata_HIv3___RNAseq.g13208.t1",0,1,0,NA,NA,NA,NA,"ME19"
"Montipora_capitata_HIv3___RNAseq.g13209.t1",0,1,0,NA,NA,NA,NA,"ME18"
"Montipora_capitata_HIv3___RNAseq.g13211.t1",1,0,0,NA,NA,NA,NA,"ME7"
"Montipora_capitata_HIv3___RNAseq.g13213.t1",1,0,0,NA,NA,NA,NA,"ME2"
"Montipora_capitata_HIv3___RNAseq.g13215.t1",1,1,0,0.0313055176430793,"Transient",5,0.950585627327514,"ME17"
"Montipora_capitata_HIv3___TS.g21295.t1",1,1,0,NA,NA,NA,NA,"ME2"
"Montipora_capitata_HIv3___RNAseq.g13230.t1",0,0,1,0.000127886866875979,"Transient",3,0.652748057276039,"ME1"
"Montipora_capitata_HIv3___RNAseq.g13233.t1",1,2,0,1.82610895117389e-07,"Monotonous",1,0.820616016788327,"ME25"
"Montipora_capitata_HIv3___RNAseq.g13243.t1",1,0,0,NA,NA,NA,NA,"ME1"
"Montipora_capitata_HIv3___RNAseq.g13253.t1",1,0,0,NA,NA,NA,NA,"ME0"
"Montipora_capitata_HIv3___TS.g21334.t1b",1,0,0,0.0296036991466703,"Other",2,0.638835247522699,"ME0"
"Montipora_capitata_HIv3___RNAseq.g13267.t1",0,0,6,NA,NA,NA,NA,"ME12"
"Montipora_capitata_HIv3___RNAseq.g13268.t1",0,0,1,NA,NA,NA,NA,"ME12"
"Montipora_capitata_HIv3___RNAseq.g13269.t1",0,0,2,NA,NA,NA,NA,"ME27"
"Montipora_capitata_HIv3___RNAseq.g13759.t1",0,1,0,NA,NA,NA,NA,"ME4"
"Montipora_capitata_HIv3___RNAseq.g13753.t1",1,0,0,NA,NA,NA,NA,"ME0"
"Montipora_capitata_HIv3___TS.g21844.t1",1,0,0,NA,NA,NA,NA,"ME0"
"Montipora_capitata_HIv3___RNAseq.g13649.t1",1,0,1,NA,NA,NA,NA,"ME0"
"Montipora_capitata_HIv3___RNAseq.g13680.t1",2,0,0,NA,NA,NA,NA,"ME0"
"Montipora_capitata_HIv3___RNAseq.g13713.t1",0,1,0,NA,NA,NA,NA,"ME0"
"Montipora_capitata_HIv3___TS.g21536.t2",1,0,0,0.0456159587059164,"Monotonous",1,0.828619012302203,"ME10"
"Montipora_capitata_HIv3___RNAseq.g13462.t1",2,0,0,NA,NA,NA,NA,"ME0"
"Montipora_capitata_HIv3___RNAseq.g13467.t1",1,1,0,NA,NA,NA,NA,"ME1"
"Montipora_capitata_HIv3___RNAseq.g13468.t1",1,1,0,NA,NA,NA,NA,"ME25"
"Montipora_capitata_HIv3___RNAseq.g13474.t1",2,0,0,1.35908953980916e-05,"Monotonous",1,0.905166594120864,"ME5"
"Montipora_capitata_HIv3___RNAseq.g13475.t1",1,0,0,NA,NA,NA,NA,"ME11"
"Montipora_capitata_HIv3___RNAseq.g13487.t1",2,0,0,NA,NA,NA,NA,"ME1"
"Montipora_capitata_HIv3___RNAseq.g13526.t1",0,1,0,NA,NA,NA,NA,"ME0"
"Montipora_capitata_HIv3___RNAseq.g13531.t1",0,1,0,0.0139420363788117,"Other",NA,NA,"ME3"
"Montipora_capitata_HIv3___RNAseq.g13538.t1",0,1,0,0.00752577085759631,"Transient",NA,NA,"ME0"
"Montipora_capitata_HIv3___RNAseq.g13539.t1",1,0,0,NA,NA,NA,NA,"ME0"
"Montipora_capitata_HIv3___RNAseq.g13542.t1",0,1,0,NA,NA,NA,NA,"ME2"
"Montipora_capitata_HIv3___RNAseq.g13544.t1",1,0,0,0.040300479337458,"Other",3,0.533829527649058,"ME30"
"Montipora_capitata_HIv3___TS.g21620.t1",0,1,0,NA,NA,NA,NA,"ME0"
"Montipora_capitata_HIv3___TS.g21622.t1b",0,1,1,0.00452557551418775,"Transient",5,0.97794955833576,"ME3"
"Montipora_capitata_HIv3___RNAseq.g13557.t1",0,1,0,0.000121248835659409,"Transient",1,0.528805573126639,"ME3"
"Montipora_capitata_HIv3___RNAseq.g13558.t1",0,1,0,0.0110325049532207,"Monotonous",1,0.570638233707765,"ME25"
"Montipora_capitata_HIv3___TS.g21636.t1",1,0,0,NA,NA,NA,NA,"ME0"
"Montipora_capitata_HIv3___RNAseq.g13563.t1",1,1,0,0.0022411582799567,"Monotonous",2,0.693423019384592,"ME20"
"Montipora_capitata_HIv3___RNAseq.g13572.t1",1,0,0,NA,NA,NA,NA,"ME0"
"Montipora_capitata_HIv3___RNAseq.g13580.t1",1,0,0,0.0158664784131037,"Other",1,0.807407794266326,"ME23"
"Montipora_capitata_HIv3___TS.g21656.t1",0,1,0,NA,NA,NA,NA,"ME15"
"Montipora_capitata_HIv3___RNAseq.g13591.t1",0,1,0,NA,NA,NA,NA,"ME1"
"Montipora_capitata_HIv3___RNAseq.g13594.t1",0,0,1,0.000507110077550867,"Monotonous",1,0.811383955334244,"ME9"
"Montipora_capitata_HIv3___RNAseq.g13600.t1",1,0,0,NA,NA,NA,NA,"ME2"
"Montipora_capitata_HIv3___RNAseq.g13608.t1",1,0,0,NA,NA,NA,NA,"ME4"
"Montipora_capitata_HIv3___RNAseq.g13609.t1",1,0,0,NA,NA,NA,NA,"ME18"
"Montipora_capitata_HIv3___RNAseq.g13610.t1",0,0,1,NA,NA,NA,NA,"ME30"
"Montipora_capitata_HIv3___RNAseq.g13611.t1",0,0,1,5.04677836378278e-17,"Transient",2,0.595701234448818,"ME1"
"Montipora_capitata_HIv3___RNAseq.g13633.t1",0,2,0,NA,NA,NA,NA,"ME1"
"Montipora_capitata_HIv3___RNAseq.g13639.t1",0,1,0,NA,NA,NA,NA,"ME0"
"Montipora_capitata_HIv3___TS.g21713.t1",3,0,0,NA,NA,NA,NA,"ME0"
"Montipora_capitata_HIv3___TS.g21728.t1",0,1,0,NA,NA,NA,NA,"ME1"
"Montipora_capitata_HIv3___RNAseq.g13658.t1",0,1,0,NA,NA,NA,NA,"ME1"
"Montipora_capitata_HIv3___RNAseq.g13675.t1",0,2,0,NA,NA,NA,NA,"ME1"
"Montipora_capitata_HIv3___RNAseq.g13676.t1",1,0,0,NA,NA,NA,NA,"ME5"
"Montipora_capitata_HIv3___RNAseq.g13685.t1",0,1,0,NA,NA,NA,NA,"ME2"
"Montipora_capitata_HIv3___RNAseq.g13686.t1",1,0,0,0.000758379573220825,"Transient",NA,NA,"ME1"
"Montipora_capitata_HIv3___RNAseq.g13702.t1",0,0,1,NA,NA,NA,NA,"ME4"
"Montipora_capitata_HIv3___RNAseq.g13709.t1",1,1,0,NA,NA,NA,NA,"ME4"
"Montipora_capitata_HIv3___TS.g21881.t1",1,0,0,NA,NA,NA,NA,"ME14"
"Montipora_capitata_HIv3___TS.g21883.t1a",0,0,1,NA,NA,NA,NA,"ME1"
"Montipora_capitata_HIv3___TS.g21889.t1",1,0,0,NA,NA,NA,NA,"ME0"
"Montipora_capitata_HIv3___RNAseq.g13826.t1",1,0,0,NA,NA,NA,NA,"ME11"
"Montipora_capitata_HIv3___TS.g21900.t1",0,0,1,NA,NA,NA,NA,"ME6"
"Montipora_capitata_HIv3___RNAseq.g13834.t1",0,0,1,NA,NA,NA,NA,"ME1"
"Montipora_capitata_HIv3___RNAseq.g13843.t1",0,2,0,NA,NA,NA,NA,"ME1"
"Montipora_capitata_HIv3___TS.g21917.t1",0,2,0,NA,NA,NA,NA,"ME7"
"Montipora_capitata_HIv3___RNAseq.g13855.t1",0,0,3,NA,NA,NA,NA,"ME2"
"Montipora_capitata_HIv3___RNAseq.g13859.t1",0,1,0,NA,NA,NA,NA,"ME1"
"Montipora_capitata_HIv3___RNAseq.g13865.t1",1,0,0,NA,NA,NA,NA,"ME1"
"Montipora_capitata_HIv3___RNAseq.g13866.t1",1,0,0,NA,NA,NA,NA,"ME3"
"Montipora_capitata_HIv3___TS.g21949.t1a",1,1,0,NA,NA,NA,NA,"ME2"
"Montipora_capitata_HIv3___TS.g21951.t1",1,0,0,NA,NA,NA,NA,"ME24"
"Montipora_capitata_HIv3___RNAseq.g13902.t1",1,0,0,NA,NA,NA,NA,"ME2"
"Montipora_capitata_HIv3___RNAseq.g13931.t1",1,0,0,NA,NA,NA,NA,"ME4"
"Montipora_capitata_HIv3___RNAseq.g13967.t1",1,0,0,NA,NA,NA,NA,"ME1"
"Montipora_capitata_HIv3___RNAseq.g14049.t1",1,0,0,0.0123054595583091,"Other",2,0.715015881442035,"ME4"
"Montipora_capitata_HIv3___RNAseq.g14065.t1",0,1,0,0.000373591339251278,"Transient",5,0.913882650778686,"ME6"
"Montipora_capitata_HIv3___RNAseq.g14067.t1",0,0,1,NA,NA,NA,NA,"ME17"
"Montipora_capitata_HIv3___TS.g22126.t2",0,0,1,4.37161289034835e-18,"Transient",1,0.976553472760024,"ME3"
"Montipora_capitata_HIv3___RNAseq.g14071.t1",1,3,0,0.0234740416855407,"Other",2,0.687807163276021,"ME15"
"Montipora_capitata_HIv3___RNAseq.g14077.t1",1,0,0,0.000406447634781938,"Other",1,0.854370065572612,"ME23"
"Montipora_capitata_HIv3___RNAseq.g14079.t1",1,0,0,NA,NA,NA,NA,"ME23"
"Montipora_capitata_HIv3___RNAseq.g14081.t2b",1,0,0,0.0346571048986732,"Other",6,0.706271699976202,"ME5"
"Montipora_capitata_HIv3___RNAseq.g14083.t1",1,1,0,NA,NA,NA,NA,"ME6"
"Montipora_capitata_HIv3___RNAseq.g14088.t1",2,0,0,NA,NA,NA,NA,"ME6"
"Montipora_capitata_HIv3___RNAseq.g14089.t1b",1,0,0,NA,NA,NA,NA,"ME0"
"Montipora_capitata_HIv3___RNAseq.g14092.t1",0,1,0,0.0089956662578056,"Transient",3,0.955002941520489,"ME1"
"Montipora_capitata_HIv3___TS.g22156.t1",0,0,1,0.0297381709176286,"Other",6,0.822312806099805,"ME10"
"Montipora_capitata_HIv3___RNAseq.g14098.t1",0,1,1,NA,NA,NA,NA,"ME6"
"Montipora_capitata_HIv3___RNAseq.g14204.t1",0,1,0,NA,NA,NA,NA,"ME0"
"Montipora_capitata_HIv3___RNAseq.g14244.t1",1,0,0,NA,NA,NA,NA,"ME8"
"Montipora_capitata_HIv3___RNAseq.g14129.t1",0,0,1,NA,NA,NA,NA,"ME1"
"Montipora_capitata_HIv3___RNAseq.g14144.t1",1,0,0,NA,NA,NA,NA,"ME31"
"Montipora_capitata_HIv3___RNAseq.g14152.t1",0,1,0,NA,NA,NA,NA,"ME19"
"Montipora_capitata_HIv3___TS.g22221.t1",0,1,0,NA,NA,NA,NA,"ME2"
"Montipora_capitata_HIv3___RNAseq.g14155.t1",0,1,0,0.019220900716813,"Other",4,0.67088147292209,"ME20"
"Montipora_capitata_HIv3___RNAseq.g14161.t1",0,1,0,NA,NA,NA,NA,"ME12"
"Montipora_capitata_HIv3___TS.g22232.t1",1,0,0,NA,NA,NA,NA,"ME0"
"Montipora_capitata_HIv3___RNAseq.g14166.t1",0,0,1,0.0321474093696692,"Monotonous",6,0.632134652039239,"ME5"
"Montipora_capitata_HIv3___RNAseq.g14167.t1",0,0,1,NA,NA,NA,NA,"ME3"
"Montipora_capitata_HIv3___RNAseq.g14175.t1",0,1,0,0.0189118214753553,"Monotonous",2,0.8569339462575,"ME20"
"Montipora_capitata_HIv3___RNAseq.g14178.t1",0,1,0,NA,NA,NA,NA,"ME16"
"Montipora_capitata_HIv3___RNAseq.g14186.t1",1,0,0,NA,NA,NA,NA,"ME2"
"Montipora_capitata_HIv3___RNAseq.g14187.t1",0,1,0,NA,NA,NA,NA,"ME2"
"Montipora_capitata_HIv3___RNAseq.g14189.t1",0,1,0,NA,NA,NA,NA,"ME1"
"Montipora_capitata_HIv3___RNAseq.g14192.t1",0,1,0,NA,NA,NA,NA,"ME3"
"Montipora_capitata_HIv3___TS.g22268.t4",0,1,0,0.0436597010330008,"Monotonous",2,0.557513208512778,"ME0"
"Montipora_capitata_HIv3___RNAseq.g14251.t1",0,0,1,NA,NA,NA,NA,"ME4"
"Montipora_capitata_HIv3___RNAseq.g14256.t1",0,1,0,NA,NA,NA,NA,"ME4"
"Montipora_capitata_HIv3___RNAseq.g14261.t1",0,1,0,NA,NA,NA,NA,"ME1"
"Montipora_capitata_HIv3___TS.g22335.t1",1,0,1,NA,NA,NA,NA,"ME3"
"Montipora_capitata_HIv3___RNAseq.g14329.t1",1,0,0,NA,NA,NA,NA,"ME0"
"Montipora_capitata_HIv3___RNAseq.g14371.t1",0,2,0,NA,NA,NA,NA,"ME4"
"Montipora_capitata_HIv3___RNAseq.g14381.t1",0,1,0,NA,NA,NA,NA,"ME11"
"Montipora_capitata_HIv3___TS.g22470.t1",1,0,0,NA,NA,NA,NA,"ME0"
"Montipora_capitata_HIv3___RNAseq.g14443.t1",1,0,0,NA,NA,NA,NA,"ME4"
"Montipora_capitata_HIv3___RNAseq.g14563.t1",0,1,0,NA,NA,NA,NA,"ME0"
"Montipora_capitata_HIv3___RNAseq.g14601.t1",0,0,1,NA,NA,NA,NA,"ME4"
"Montipora_capitata_HIv3___TS.g22764.t1",1,0,0,NA,NA,NA,NA,"ME0"
"Montipora_capitata_HIv3___RNAseq.g14294.t1",1,0,1,NA,NA,NA,NA,"ME2"
"Montipora_capitata_HIv3___TS.g22368.t1",1,0,0,NA,NA,NA,NA,"ME2"
"Montipora_capitata_HIv3___TS.g22389.t1a",1,0,0,NA,NA,NA,NA,"ME14"
"Montipora_capitata_HIv3___RNAseq.g14318.t1",1,0,0,NA,NA,NA,NA,"ME1"
"Montipora_capitata_HIv3___RNAseq.g14339.t1",0,0,1,NA,NA,NA,NA,"ME1"
"Montipora_capitata_HIv3___RNAseq.g14348.t1",1,0,0,NA,NA,NA,NA,"ME1"
"Montipora_capitata_HIv3___RNAseq.g14356.t1",0,1,0,NA,NA,NA,NA,"ME8"
"Montipora_capitata_HIv3___TS.g22438.t1",1,0,0,NA,NA,NA,NA,"ME0"
"Montipora_capitata_HIv3___RNAseq.g14367.t1",0,0,1,NA,NA,NA,NA,"ME1"
"Montipora_capitata_HIv3___RNAseq.g14372.t1",0,0,1,NA,NA,NA,NA,"ME4"
"Montipora_capitata_HIv3___TS.g22471.t1",0,1,0,NA,NA,NA,NA,"ME0"
"Montipora_capitata_HIv3___RNAseq.g14417.t1",1,0,0,0.00115556904127718,"Monotonous",6,0.929281345929262,"ME5"
"Montipora_capitata_HIv3___RNAseq.g14420.t2",0,1,0,NA,NA,NA,NA,"ME8"
"Montipora_capitata_HIv3___TS.g22496.t1",0,0,1,NA,NA,NA,NA,"ME6"
"Montipora_capitata_HIv3___RNAseq.g14429.t1",1,0,0,NA,NA,NA,NA,"ME23"
"Montipora_capitata_HIv3___TS.g22508.t1",1,0,0,NA,NA,NA,NA,"ME1"
"Montipora_capitata_HIv3___RNAseq.g14433.t1",1,0,0,NA,NA,NA,NA,"ME16"
"Montipora_capitata_HIv3___RNAseq.g14478.t1",1,0,0,0.00471049586716511,"Transient",3,0.682252941255561,"ME2"
"Montipora_capitata_HIv3___RNAseq.g14481.t1",0,0,1,NA,NA,NA,NA,"ME1"
"Montipora_capitata_HIv3___RNAseq.g14483.t1",1,0,0,NA,NA,NA,NA,"ME4"
"Montipora_capitata_HIv3___RNAseq.g14484.t1",0,0,1,NA,NA,NA,NA,"ME13"
"Montipora_capitata_HIv3___RNAseq.g14486.t1",0,1,0,NA,NA,NA,NA,"ME13"
"Montipora_capitata_HIv3___RNAseq.g14490.t1",1,0,0,NA,NA,NA,NA,"ME7"
"Montipora_capitata_HIv3___TS.g22562.t1",0,0,1,NA,NA,NA,NA,"ME2"
"Montipora_capitata_HIv3___RNAseq.g14495.t1",1,0,0,NA,NA,NA,NA,"ME1"
"Montipora_capitata_HIv3___RNAseq.g14496.t1",0,1,0,NA,NA,NA,NA,"ME2"
"Montipora_capitata_HIv3___RNAseq.g14499.t1",1,0,0,NA,NA,NA,NA,"ME1"
"Montipora_capitata_HIv3___RNAseq.g14520.t1",0,1,1,NA,NA,NA,NA,"ME1"
"Montipora_capitata_HIv3___RNAseq.g14521.t2",1,1,0,NA,NA,NA,NA,"ME1"
"Montipora_capitata_HIv3___RNAseq.g14522.t1",1,0,0,0.000305880537218943,"Transient",3,0.902137931619759,"ME1"
"Montipora_capitata_HIv3___RNAseq.g14523.t1",1,0,0,NA,NA,NA,NA,"ME4"
"Montipora_capitata_HIv3___RNAseq.g14532.t1",1,0,0,0.00942885164655101,"Other",6,0.823553431618215,"ME5"
"Montipora_capitata_HIv3___RNAseq.g14533.t1",2,0,0,NA,NA,NA,NA,"ME4"
"Montipora_capitata_HIv3___RNAseq.g14537.t1",1,0,0,NA,NA,NA,NA,"ME2"
"Montipora_capitata_HIv3___TS.g22614.t1",0,1,0,NA,NA,NA,NA,"ME24"
"Montipora_capitata_HIv3___TS.g22615.t1",0,0,1,NA,NA,NA,NA,"ME14"
"Montipora_capitata_HIv3___RNAseq.g14577.t1",1,0,0,NA,NA,NA,NA,"ME3"
"Montipora_capitata_HIv3___RNAseq.g14583.t1",0,1,0,NA,NA,NA,NA,"ME5"
"Montipora_capitata_HIv3___RNAseq.g14585.t1",1,0,0,0.0180030220029115,"Other",6,0.726624540908324,"ME9"
"Montipora_capitata_HIv3___TS.g22660.t1",0,1,0,0.00034713962681597,"Monotonous",6,0.538529606312979,"ME9"
"Montipora_capitata_HIv3___RNAseq.g14600.t1a",1,0,0,0.00770802780265577,"Other",NA,NA,"ME10"
"Montipora_capitata_HIv3___RNAseq.g14600.t1b",0,1,0,NA,NA,NA,NA,"ME0"
"Montipora_capitata_HIv3___RNAseq.g14619.t1",0,1,0,NA,NA,NA,NA,"ME21"
"Montipora_capitata_HIv3___RNAseq.g14625.t1",0,1,0,4.97934859421074e-16,"Monotonous",6,0.953794071775416,"ME10"
"Montipora_capitata_HIv3___RNAseq.g14628.t1",0,1,0,1.49406758827739e-09,"Monotonous",6,0.988534028163105,"ME10"
"Montipora_capitata_HIv3___RNAseq.g14632.t1",0,2,0,0.000410227321752069,"Monotonous",6,0.940535980820774,"ME9"
"Montipora_capitata_HIv3___RNAseq.g14633.t1",1,0,0,NA,NA,NA,NA,"ME5"
"Montipora_capitata_HIv3___RNAseq.g14642.t1",1,0,0,NA,NA,NA,NA,"ME5"
"Montipora_capitata_HIv3___RNAseq.g14647.t1",1,0,0,0.0244404691224035,"Other",5,0.624509832182615,"ME5"
"Montipora_capitata_HIv3___RNAseq.g14651.t1",1,0,0,NA,NA,NA,NA,"ME23"
"Montipora_capitata_HIv3___RNAseq.g14653.t1",0,0,1,0.0111600413544571,"Other",NA,NA,"ME0"
"Montipora_capitata_HIv3___RNAseq.g14656.t1",0,1,0,1.12238891152087e-05,"Monotonous",6,0.991134396120777,"ME9"
"Montipora_capitata_HIv3___RNAseq.g14675.t3",0,0,1,0.0298955392447072,"Other",4,0.824052484884502,"ME6"
"Montipora_capitata_HIv3___RNAseq.g14682.t1",1,0,0,NA,NA,NA,NA,"ME0"
"Montipora_capitata_HIv3___RNAseq.g14684.t1",1,1,0,NA,NA,NA,NA,"ME1"
"Montipora_capitata_HIv3___TS.g22766.t1a",0,0,1,NA,NA,NA,NA,"ME27"
"Montipora_capitata_HIv3___TS.g22766.t1b",0,1,0,0.028105190343585,"Monotonous",4,0.748956877070459,"ME0"
"Montipora_capitata_HIv3___TS.g22767.t1",0,0,1,0.000163926808936047,"Monotonous",1,0.637604288756043,"ME3"
"Montipora_capitata_HIv3___RNAseq.g14690.t1",0,0,1,NA,NA,NA,NA,"ME0"
"Montipora_capitata_HIv3___RNAseq.g14701.t1",0,1,0,0.037844042468283,"Other",2,0.654624361275828,"ME1"
"Montipora_capitata_HIv3___TS.g23323.t1b",0,1,0,0.000140964609871963,"Monotonous",2,0.794623796516214,"ME1"
"Montipora_capitata_HIv3___RNAseq.g15232.t1",0,0,1,NA,NA,NA,NA,"ME3"
"Montipora_capitata_HIv3___RNAseq.g15233.t1",1,0,0,0.029406095040167,"Other",2,0.879580785973956,"ME1"
"Montipora_capitata_HIv3___RNAseq.20831_t",0,1,0,NA,NA,NA,NA,"ME5"
"Montipora_capitata_HIv3___RNAseq.g15237.t1",0,0,1,NA,NA,NA,NA,"ME5"
"Montipora_capitata_HIv3___RNAseq.g15242.t1",1,0,0,NA,NA,NA,NA,"ME1"
"Montipora_capitata_HIv3___RNAseq.g15243.t1",1,0,0,6.09569205453339e-09,"Transient",4,0.925514723234711,"ME7"
"Montipora_capitata_HIv3___RNAseq.20838_t",1,0,0,NA,NA,NA,NA,"ME1"
"Montipora_capitata_HIv3___RNAseq.g15245.t1",1,0,0,NA,NA,NA,NA,"ME6"
"Montipora_capitata_HIv3___RNAseq.g15246.t1",0,1,0,0.00217024129516106,"Transient",4,0.883359874940968,"ME0"
"Montipora_capitata_HIv3___TS.g23343.t1",0,1,0,NA,NA,NA,NA,"ME3"
"Montipora_capitata_HIv3___RNAseq.g15250.t1",1,1,0,NA,NA,NA,NA,"ME5"
"Montipora_capitata_HIv3___RNAseq.g15257.t1",1,0,0,0.0497704084160936,"Other",NA,NA,"ME3"
"Montipora_capitata_HIv3___RNAseq.g15258.t1b",0,0,1,NA,NA,NA,NA,"ME0"
"Montipora_capitata_HIv3___RNAseq.g15260.t1",1,0,0,0.000444217070350638,"Transient",5,0.634328219729075,"ME3"
"Montipora_capitata_HIv3___RNAseq.g15261.t1",1,0,0,NA,NA,NA,NA,"ME3"
"Montipora_capitata_HIv3___RNAseq.g15262.t1",1,0,0,NA,NA,NA,NA,"ME6"
"Montipora_capitata_HIv3___RNAseq.g15267.t1",1,2,0,0.00245759167910838,"Transient",5,0.880326885246286,"ME7"
"Montipora_capitata_HIv3___RNAseq.g15269.t1",1,1,0,0.0160737348054672,"Monotonous",6,0.627755346528064,"ME25"
"Montipora_capitata_HIv3___TS.g23367.t1",0,1,0,0.00102482732551027,"Monotonous",6,0.695499605690744,"ME2"
"Montipora_capitata_HIv3___TS.g23368.t1",0,1,0,0.00284916067550565,"Monotonous",6,0.710646159093681,"ME2"
"Montipora_capitata_HIv3___TS.g23373.t2",1,0,0,0.00180283082808666,"Monotonous",5,0.803594821288407,"ME29"
"Montipora_capitata_HIv3___RNAseq.g15277.t1",2,0,0,4.72321949303826e-06,"Monotonous",1,0.561847264697177,"ME3"
"Montipora_capitata_HIv3___TS.g23379.t1",1,0,0,NA,NA,NA,NA,"ME0"
"Montipora_capitata_HIv3___TS.g23388.t1",0,0,1,NA,NA,NA,NA,"ME16"
"Montipora_capitata_HIv3___RNAseq.g15295.t1",2,0,0,NA,NA,NA,NA,"ME2"
"Montipora_capitata_HIv3___RNAseq.g15298.t1",1,0,0,NA,NA,NA,NA,"ME10"
"Montipora_capitata_HIv3___RNAseq.g15302.t2",1,0,0,NA,NA,NA,NA,"ME4"
"Montipora_capitata_HIv3___RNAseq.g15309.t1",1,0,0,NA,NA,NA,NA,"ME3"
"Montipora_capitata_HIv3___RNAseq.g15310.t1",1,0,0,0.0089777951368374,"Monotonous",2,0.816773497163622,"ME1"
"Montipora_capitata_HIv3___RNAseq.g14746.t1",0,1,0,NA,NA,NA,NA,"ME0"
"Montipora_capitata_HIv3___RNAseq.g14747.t1",0,1,0,NA,NA,NA,NA,"ME0"
"Montipora_capitata_HIv3___RNAseq.g14772.t1",1,0,0,NA,NA,NA,NA,"ME4"
"Montipora_capitata_HIv3___RNAseq.g14840.t1",0,1,0,NA,NA,NA,NA,"ME0"
"Montipora_capitata_HIv3___RNAseq.g15191.t1",1,0,0,NA,NA,NA,NA,"ME0"
"Montipora_capitata_HIv3___RNAseq.g15212.t1b",1,0,0,NA,NA,NA,NA,"ME0"
"Montipora_capitata_HIv3___RNAseq.g14736.t1",0,1,0,7.49086927033652e-13,"Transient",2,0.868604317037007,"ME1"
"Montipora_capitata_HIv3___RNAseq.g14741.t1",0,1,0,NA,NA,NA,NA,"ME0"
"Montipora_capitata_HIv3___RNAseq.g14744.t1",0,0,1,0.0110398992187339,"Monotonous",2,0.69927770139932,"ME1"
"Montipora_capitata_HIv3___RNAseq.g14750.t1",1,0,0,0.0159754998442349,"Other",3,0.825765366343071,"ME13"
"Montipora_capitata_HIv3___RNAseq.g14757.t1",0,1,0,NA,NA,NA,NA,"ME4"
"Montipora_capitata_HIv3___RNAseq.g14765.t2",1,0,0,NA,NA,NA,NA,"ME0"
"Montipora_capitata_HIv3___RNAseq.g14774.t1",0,0,1,NA,NA,NA,NA,"ME2"
"Montipora_capitata_HIv3___RNAseq.g14781.t1",1,1,0,NA,NA,NA,NA,"ME11"
"Montipora_capitata_HIv3___RNAseq.g14783.t1a",0,0,1,0.048711371588828,"Other",3,0.666355372608282,"ME1"
"Montipora_capitata_HIv3___RNAseq.g14788.t1",0,0,1,NA,NA,NA,NA,"ME6"
"Montipora_capitata_HIv3___RNAseq.g14790.t1",0,1,0,NA,NA,NA,NA,"ME0"
"Montipora_capitata_HIv3___RNAseq.g14791.t1",0,1,1,NA,NA,NA,NA,"ME2"
"Montipora_capitata_HIv3___RNAseq.g14799.t1",0,1,0,NA,NA,NA,NA,"ME2"
"Montipora_capitata_HIv3___RNAseq.g14800.t1",1,0,1,0.0451848996658973,"Transient",5,0.853398386446046,"ME6"
"Montipora_capitata_HIv3___RNAseq.g14801.t1",1,0,0,NA,NA,NA,NA,"ME27"
"Montipora_capitata_HIv3___RNAseq.g14802.t1",1,0,1,0.0366441326006115,"Transient",5,0.848946808902167,"ME6"
"Montipora_capitata_HIv3___TS.g22888.t1",0,2,1,NA,NA,NA,NA,"ME22"
"Montipora_capitata_HIv3___RNAseq.g14805.t2",0,0,1,0.000459361834042424,"Transient",3,0.924720612189599,"ME19"
"Montipora_capitata_HIv3___RNAseq.g14809.t1",1,0,0,NA,NA,NA,NA,"ME16"
"Montipora_capitata_HIv3___RNAseq.g14810.t1",0,1,0,NA,NA,NA,NA,"ME1"
"Montipora_capitata_HIv3___RNAseq.g14826.t1",1,1,0,5.18162979723378e-08,"Monotonous",1,0.798833269065329,"ME3"
"Montipora_capitata_HIv3___TS.g22916.t1",2,0,0,NA,NA,NA,NA,"ME3"
"Montipora_capitata_HIv3___TS.g22924.t3a",1,0,0,0.00800916095052995,"Other",1,0.718032529961359,"ME10"
"Montipora_capitata_HIv3___RNAseq.g14842.t1",0,0,1,NA,NA,NA,NA,"ME16"
"Montipora_capitata_HIv3___RNAseq.g14843.t1",0,1,0,0.000244518561820857,"Transient",3,0.973338353217681,"ME1"
"Montipora_capitata_HIv3___RNAseq.g14844.t1",0,3,1,0.00175027166259887,"Other",3,0.603066022591206,"ME1"
"Montipora_capitata_HIv3___RNAseq.g14845.t1",0,3,1,0.00802022031637691,"Transient",3,0.949147420857345,"ME1"
"Montipora_capitata_HIv3___RNAseq.g14846.t1",0,3,1,0.000223206266949118,"Transient",3,0.621901135555605,"ME1"
"Montipora_capitata_HIv3___RNAseq.g14847.t1",0,3,1,0.00197105045594565,"Transient",3,0.734620893288249,"ME26"
"Montipora_capitata_HIv3___RNAseq.g14848.t1",0,0,1,NA,NA,NA,NA,"ME16"
"Montipora_capitata_HIv3___RNAseq.g14849.t1",0,0,1,0.025884471907909,"Other",NA,NA,"ME3"
"Montipora_capitata_HIv3___RNAseq.g14854.t1",1,0,0,0.0321806579279664,"Other",4,0.876397215755996,"ME19"
"Montipora_capitata_HIv3___RNAseq.g14855.t1",1,0,0,NA,NA,NA,NA,"ME15"
"Montipora_capitata_HIv3___RNAseq.g14856.t1",0,0,1,NA,NA,NA,NA,"ME9"
"Montipora_capitata_HIv3___RNAseq.g14861.t1",0,1,0,4.70841568811892e-07,"Monotonous",6,0.797266514350382,"ME10"
"Montipora_capitata_HIv3___RNAseq.g14868.t1",1,0,0,NA,NA,NA,NA,"ME1"
"Montipora_capitata_HIv3___RNAseq.g14874.t1",0,1,0,NA,NA,NA,NA,"ME3"
"Montipora_capitata_HIv3___RNAseq.g14878.t1",0,0,1,NA,NA,NA,NA,"ME7"
"Montipora_capitata_HIv3___RNAseq.g14880.t1",0,2,1,0.0331481963055505,"Monotonous",5,0.55001812602057,"ME3"
"Montipora_capitata_HIv3___RNAseq.g14882.t1",0,1,0,NA,NA,NA,NA,"ME17"
"Montipora_capitata_HIv3___RNAseq.g14895.t1b",0,1,0,8.53144381620954e-06,"Transient",3,0.646668256922992,"ME1"
"Montipora_capitata_HIv3___RNAseq.g14896.t1",0,0,1,NA,NA,NA,NA,"ME2"
"Montipora_capitata_HIv3___RNAseq.g14901.t1",0,0,1,0.0157245007213035,"Other",2,0.527177456902343,"ME24"
"Montipora_capitata_HIv3___RNAseq.g14903.t1",1,0,0,NA,NA,NA,NA,"ME21"
"Montipora_capitata_HIv3___RNAseq.g14904.t1",1,0,0,NA,NA,NA,NA,"ME2"
"Montipora_capitata_HIv3___RNAseq.g14906.t1",1,0,1,NA,NA,NA,NA,"ME27"
"Montipora_capitata_HIv3___RNAseq.g14907.t1",0,0,1,NA,NA,NA,NA,"ME1"
"Montipora_capitata_HIv3___RNAseq.g14908.t1",1,0,0,NA,NA,NA,NA,"ME24"
"Montipora_capitata_HIv3___RNAseq.g14909.t1",0,0,1,NA,NA,NA,NA,"ME2"
"Montipora_capitata_HIv3___RNAseq.g14914.t1",1,0,0,6.63668159005296e-05,"Monotonous",1,0.875575705497874,"ME3"
"Montipora_capitata_HIv3___RNAseq.g14916.t1",1,0,0,NA,NA,NA,NA,"ME0"
"Montipora_capitata_HIv3___RNAseq.g14923.t1",0,0,1,NA,NA,NA,NA,"ME0"
"Montipora_capitata_HIv3___RNAseq.g14925.t1",0,2,0,NA,NA,NA,NA,"ME13"
"Montipora_capitata_HIv3___RNAseq.g14926.t1",1,0,1,NA,NA,NA,NA,"ME3"
"Montipora_capitata_HIv3___RNAseq.g14933.t1",0,1,0,7.62194208264205e-06,"Transient",NA,NA,"ME0"
"Montipora_capitata_HIv3___RNAseq.g14938.t1",1,0,0,NA,NA,NA,NA,"ME1"
"Montipora_capitata_HIv3___RNAseq.g14940.t1",1,0,1,NA,NA,NA,NA,"ME3"
"Montipora_capitata_HIv3___RNAseq.g14945.t1",1,0,0,NA,NA,NA,NA,"ME14"
"Montipora_capitata_HIv3___RNAseq.g14946.t1",0,2,0,0.00164882465269322,"Other",6,0.534492836712179,"ME11"
"Montipora_capitata_HIv3___RNAseq.g14947.t1",1,0,0,0.00230867793670208,"Other",NA,NA,"ME11"
"Montipora_capitata_HIv3___RNAseq.g14948.t1",0,1,0,NA,NA,NA,NA,"ME1"
"Montipora_capitata_HIv3___RNAseq.g14955.t1",0,0,1,NA,NA,NA,NA,"ME8"
"Montipora_capitata_HIv3___RNAseq.g14960.t1",1,0,0,0.0007052033022059,"Monotonous",NA,NA,"ME3"
"Montipora_capitata_HIv3___RNAseq.g14966.t1",0,1,0,NA,NA,NA,NA,"ME1"
"Montipora_capitata_HIv3___RNAseq.g14976.t1a",0,0,1,NA,NA,NA,NA,"ME4"
"Montipora_capitata_HIv3___RNAseq.g14979.t1",0,0,1,0.00155786422031429,"Other",4,0.982785128143128,"ME3"
"Montipora_capitata_HIv3___RNAseq.g14986.t1",1,0,0,NA,NA,NA,NA,"ME9"
"Montipora_capitata_HIv3___RNAseq.g14991.t1",0,0,1,0.00442651480238462,"Other",4,0.888449863182643,"ME17"
"Montipora_capitata_HIv3___RNAseq.g14992.t1",0,1,1,NA,NA,NA,NA,"ME15"
"Montipora_capitata_HIv3___TS.g23084.t1a",1,0,0,NA,NA,NA,NA,"ME1"
"Montipora_capitata_HIv3___TS.g23084.t1b",0,1,0,NA,NA,NA,NA,"ME1"
"Montipora_capitata_HIv3___RNAseq.g15000.t1",0,1,1,NA,NA,NA,NA,"ME1"
"Montipora_capitata_HIv3___RNAseq.g15018.t1",1,0,0,0.00742642023005271,"Other",4,0.907906726535928,"ME17"
"Montipora_capitata_HIv3___TS.g23104.t1",1,0,0,NA,NA,NA,NA,"ME0"
"Montipora_capitata_HIv3___RNAseq.g15019.t1",0,1,0,0.000388822424061155,"Transient",4,0.882574328990387,"ME6"
"Montipora_capitata_HIv3___RNAseq.g15037.t1",2,0,0,NA,NA,NA,NA,"ME12"
"Montipora_capitata_HIv3___RNAseq.g15042.t1",0,8,0,0.0246539916299064,"Other",5,0.668813184784203,"ME6"
"Montipora_capitata_HIv3___RNAseq.g15043.t1",0,11,0,1.17072299649685e-11,"Transient",3,0.716981866352591,"ME1"
"Montipora_capitata_HIv3___RNAseq.g15047.t5",1,0,0,0.000801746233621515,"Monotonous",6,0.820101802391117,"ME3"
"Montipora_capitata_HIv3___RNAseq.g15050.t1",1,0,0,NA,NA,NA,NA,"ME0"
"Montipora_capitata_HIv3___RNAseq.g15052.t1",0,1,0,NA,NA,NA,NA,"ME6"
"Montipora_capitata_HIv3___TS.g23146.t1b",0,0,1,1.17040319348914e-05,"Monotonous",5,0.689786094326262,"ME6"
"Montipora_capitata_HIv3___RNAseq.g15057.t1",0,0,1,NA,NA,NA,NA,"ME16"
"Montipora_capitata_HIv3___RNAseq.g15060.t1",1,0,0,NA,NA,NA,NA,"ME3"
"Montipora_capitata_HIv3___RNAseq.g15061.t1",0,0,1,NA,NA,NA,NA,"ME0"
"Montipora_capitata_HIv3___RNAseq.g15066.t1",0,0,1,NA,NA,NA,NA,"ME4"
"Montipora_capitata_HIv3___RNAseq.g15067.t1",1,0,0,NA,NA,NA,NA,"ME1"
"Montipora_capitata_HIv3___TS.g23159.t1",0,1,0,NA,NA,NA,NA,"ME2"
"Montipora_capitata_HIv3___RNAseq.g15070.t1",1,0,0,2.49325913773982e-06,"Monotonous",3,0.754007460789392,"ME1"
"Montipora_capitata_HIv3___RNAseq.g15071.t1",2,0,0,NA,NA,NA,NA,"ME1"
"Montipora_capitata_HIv3___RNAseq.g15074.t1",0,1,0,NA,NA,NA,NA,"ME1"
"Montipora_capitata_HIv3___RNAseq.g15076.t1",1,0,0,2.46183756150033e-06,"Monotonous",2,0.923240161431751,"ME1"
"Montipora_capitata_HIv3___RNAseq.g15080.t1",1,0,0,NA,NA,NA,NA,"ME1"
"Montipora_capitata_HIv3___TS.g23175.t1",1,1,0,3.64294696992002e-05,"Transient",3,0.976883500999623,"ME1"
"Montipora_capitata_HIv3___RNAseq.g15089.t1",0,1,0,NA,NA,NA,NA,"ME4"
"Montipora_capitata_HIv3___RNAseq.g15094.t1",1,0,0,NA,NA,NA,NA,"ME1"
"Montipora_capitata_HIv3___RNAseq.g15099.t1",0,2,0,NA,NA,NA,NA,"ME2"
"Montipora_capitata_HIv3___TS.g23191.t1",0,1,0,0.0172359757756823,"Other",NA,NA,"ME3"
"Montipora_capitata_HIv3___RNAseq.g15110.t1",0,0,1,2.32942233188333e-13,"Transient",3,0.87591425073739,"ME1"
"Montipora_capitata_HIv3___TS.g23211.t1",1,0,0,NA,NA,NA,NA,"ME2"
"Montipora_capitata_HIv3___RNAseq.g15121.t1",1,0,0,NA,NA,NA,NA,"ME3"
"Montipora_capitata_HIv3___TS.g23215.t2",1,0,0,NA,NA,NA,NA,"ME7"
"Montipora_capitata_HIv3___RNAseq.g15123.t1",1,0,0,0.00543388478479525,"Other",4,0.82561458182969,"ME1"
"Montipora_capitata_HIv3___RNAseq.g15135.t1",0,3,0,NA,NA,NA,NA,"ME0"
"Montipora_capitata_HIv3___RNAseq.g15136.t1",0,1,0,0.00722967796493879,"Transient",4,0.562428391738082,"ME6"
"Montipora_capitata_HIv3___RNAseq.g15141.t1",1,1,0,NA,NA,NA,NA,"ME0"
"Montipora_capitata_HIv3___RNAseq.g15144.t1",0,1,0,NA,NA,NA,NA,"ME1"
"Montipora_capitata_HIv3___TS.g23237.t1",0,1,0,NA,NA,NA,NA,"ME1"
"Montipora_capitata_HIv3___TS.g23244.t1",0,1,0,NA,NA,NA,NA,"ME1"
"Montipora_capitata_HIv3___TS.g23246.t1",0,1,0,NA,NA,NA,NA,"ME31"
"Montipora_capitata_HIv3___RNAseq.g15156.t1",0,1,0,NA,NA,NA,NA,"ME2"
"Montipora_capitata_HIv3___RNAseq.g15157.t1",0,1,0,NA,NA,NA,NA,"ME16"
"Montipora_capitata_HIv3___RNAseq.20746_t",0,0,1,NA,NA,NA,NA,"ME1"
"Montipora_capitata_HIv3___RNAseq.g15160.t1",0,1,0,NA,NA,NA,NA,"ME1"
"Montipora_capitata_HIv3___RNAseq.g15167.t1",0,0,1,0.00739854052301611,"Monotonous",2,0.827841458877059,"ME1"
"Montipora_capitata_HIv3___RNAseq.g15169.t1",0,1,0,NA,NA,NA,NA,"ME12"
"Montipora_capitata_HIv3___RNAseq.g15170.t1",0,1,0,0.00201023338144243,"Other",2,0.515649770961621,"ME1"
"Montipora_capitata_HIv3___TS.g23264.t1",1,0,0,NA,NA,NA,NA,"ME4"
"Montipora_capitata_HIv3___RNAseq.g15172.t1b",1,0,0,NA,NA,NA,NA,"ME0"
"Montipora_capitata_HIv3___TS.g23274.t1",1,0,0,1.27466602608011e-05,"Monotonous",1,0.654196819764507,"ME3"
"Montipora_capitata_HIv3___RNAseq.g15183.t1",1,0,0,2.76966855443667e-05,"Transient",4,0.889006376685354,"ME6"
"Montipora_capitata_HIv3___RNAseq.g15184.t1",1,0,1,0.0375413187478176,"Other",5,0.896419710111835,"ME6"
"Montipora_capitata_HIv3___RNAseq.g15188.t1",1,0,0,1.93223862173524e-07,"Transient",3,0.867859844517956,"ME1"
"Montipora_capitata_HIv3___RNAseq.g15194.t1",0,0,1,NA,NA,NA,NA,"ME0"
"Montipora_capitata_HIv3___RNAseq.g15195.t1",0,0,1,0.0392245059022563,"Other",6,0.936602527276783,"ME9"
"Montipora_capitata_HIv3___RNAseq.g15196.t1",0,0,1,NA,NA,NA,NA,"ME21"
"Montipora_capitata_HIv3___RNAseq.g15197.t1",0,0,1,0.00883976205748988,"Other",6,0.934299998783083,"ME5"
"Montipora_capitata_HIv3___TS.g23296.t1",0,0,1,1.55099642286742e-07,"Transient",NA,NA,"ME1"
"Montipora_capitata_HIv3___RNAseq.g15204.t1",0,0,1,NA,NA,NA,NA,"ME11"
"Montipora_capitata_HIv3___RNAseq.g15205.t1",1,0,0,0.0292061254544879,"Other",5,0.528780864325393,"ME23"
"Montipora_capitata_HIv3___TS.g45648.t1",0,1,0,NA,NA,NA,NA,"ME0"
"Montipora_capitata_HIv3___RNAseq.g44618.t1",1,0,1,NA,NA,NA,NA,"ME0"
"Montipora_capitata_HIv3___RNAseq.g44702.t1",0,1,1,NA,NA,NA,NA,"ME4"
"Montipora_capitata_HIv3___RNAseq.g44720.t1",0,0,2,NA,NA,NA,NA,"ME0"
"Montipora_capitata_HIv3___RNAseq.g44765.t1",0,0,2,NA,NA,NA,NA,"ME4"
"Montipora_capitata_HIv3___RNAseq.g44767.t1",1,0,0,NA,NA,NA,NA,"ME0"
"Montipora_capitata_HIv3___TS.g45925.t1",2,0,0,NA,NA,NA,NA,"ME0"
"Montipora_capitata_HIv3___TS.g45565.t2",0,1,0,0.000134236425389639,"Other",4,0.769329576816968,"ME2"
"Montipora_capitata_HIv3___TS.g45566.t1",1,0,0,NA,NA,NA,NA,"ME5"
"Montipora_capitata_HIv3___RNAseq.g44451.t1",1,0,0,NA,NA,NA,NA,"ME5"
"Montipora_capitata_HIv3___RNAseq.g44460.t1",1,0,0,1.25333994248087e-05,"Transient",5,0.962807848161598,"ME3"
"Montipora_capitata_HIv3___RNAseq.g44461.t1",0,1,0,NA,NA,NA,NA,"ME17"
"Montipora_capitata_HIv3___RNAseq.g44462.t1",1,0,0,1.74649563684981e-09,"Transient",3,0.889244338409439,"ME1"
"Montipora_capitata_HIv3___RNAseq.20936_t",0,1,0,4.35215019763085e-06,"Monotonous",1,0.914496802419868,"ME10"
"Montipora_capitata_HIv3___RNAseq.g44464.t1",2,0,1,0.00526480552659877,"Transient",3,0.976287912486251,"ME1"
"Montipora_capitata_HIv3___RNAseq.g44465.t1",1,0,0,0.0029171592081435,"Transient",NA,NA,"ME26"
"Montipora_capitata_HIv3___RNAseq.g44470.t1",1,0,0,NA,NA,NA,NA,"ME0"
"Montipora_capitata_HIv3___RNAseq.g44474.t1",0,0,1,NA,NA,NA,NA,"ME19"
"Montipora_capitata_HIv3___RNAseq.g44475.t1",1,0,0,NA,NA,NA,NA,"ME0"
"Montipora_capitata_HIv3___RNAseq.g44476.t1",1,0,1,NA,NA,NA,NA,"ME0"
"Montipora_capitata_HIv3___RNAseq.g44477.t1",1,0,0,0.000448091158008434,"Transient",NA,NA,"ME1"
"Montipora_capitata_HIv3___RNAseq.g44481.t1",0,1,0,0.0016569061971661,"Monotonous",2,0.881147227466519,"ME1"
"Montipora_capitata_HIv3___RNAseq.g44484.t1",1,0,0,NA,NA,NA,NA,"ME9"
"Montipora_capitata_HIv3___RNAseq.g44485.t1",1,0,0,NA,NA,NA,NA,"ME1"
"Montipora_capitata_HIv3___RNAseq.g44495.t1",0,0,1,NA,NA,NA,NA,"ME3"
"Montipora_capitata_HIv3___RNAseq.g44496.t3",0,0,1,NA,NA,NA,NA,"ME13"
"Montipora_capitata_HIv3___RNAseq.g44497.t1",1,0,0,NA,NA,NA,NA,"ME2"
"Montipora_capitata_HIv3___RNAseq.g44498.t1",0,2,0,NA,NA,NA,NA,"ME2"
"Montipora_capitata_HIv3___TS.g45620.t1",2,0,0,NA,NA,NA,NA,"ME9"
"Montipora_capitata_HIv3___RNAseq.g44503.t1",1,0,0,NA,NA,NA,NA,"ME3"
"Montipora_capitata_HIv3___TS.g45627.t1",1,0,0,NA,NA,NA,NA,"ME3"
"Montipora_capitata_HIv3___RNAseq.g44506.t1",0,1,0,0.0436597010330008,"Transient",3,0.887613491189892,"ME1"
"Montipora_capitata_HIv3___RNAseq.g44511.t1",0,0,1,0.013932017620644,"Other",3,0.908054239860579,"ME1"
"Montipora_capitata_HIv3___RNAseq.g44512.t1",0,1,0,0.00441263319979321,"Monotonous",3,0.96318417339015,"ME1"
"Montipora_capitata_HIv3___RNAseq.g44514.t1",1,0,0,NA,NA,NA,NA,"ME3"
"Montipora_capitata_HIv3___RNAseq.g44515.t1",1,0,0,NA,NA,NA,NA,"ME17"
"Montipora_capitata_HIv3___RNAseq.g44516.t1",2,0,0,0.000117041267527291,"Transient",4,0.519795758607671,"ME17"
"Montipora_capitata_HIv3___RNAseq.g44519.t1",0,1,0,9.9431838616684e-07,"Transient",1,0.758510294443589,"ME10"
"Montipora_capitata_HIv3___RNAseq.g44522.t1",1,0,1,NA,NA,NA,NA,"ME0"
"Montipora_capitata_HIv3___RNAseq.g44528.t1",0,0,1,5.69160036526303e-07,"Monotonous",4,0.805592134814136,"ME20"
"Montipora_capitata_HIv3___RNAseq.g44529.t1",0,0,1,NA,NA,NA,NA,"ME18"
"Montipora_capitata_HIv3___RNAseq.g44540.t1",0,0,1,NA,NA,NA,NA,"ME1"
"Montipora_capitata_HIv3___RNAseq.g44543.t2",1,0,0,NA,NA,NA,NA,"ME0"
"Montipora_capitata_HIv3___TS.g45674.t1",0,1,0,NA,NA,NA,NA,"ME2"
"Montipora_capitata_HIv3___RNAseq.g44552.t2",1,0,1,NA,NA,NA,NA,"ME1"
"Montipora_capitata_HIv3___RNAseq.g44558.t1",1,0,1,0.00636050629434368,"Other",3,0.578219854647228,"ME11"
"Montipora_capitata_HIv3___TS.g45694.t1",0,1,0,NA,NA,NA,NA,"ME1"
"Montipora_capitata_HIv3___RNAseq.g44565.t1",1,0,0,NA,NA,NA,NA,"ME11"
"Montipora_capitata_HIv3___RNAseq.g44570.t1",1,0,0,NA,NA,NA,NA,"ME2"
"Montipora_capitata_HIv3___RNAseq.g44575.t1",1,0,0,NA,NA,NA,NA,"ME4"
"Montipora_capitata_HIv3___RNAseq.g44577.t1",0,0,1,0.0144340894445645,"Other",5,0.656477337725309,"ME3"
"Montipora_capitata_HIv3___RNAseq.g44578.t1",1,0,0,NA,NA,NA,NA,"ME2"
"Montipora_capitata_HIv3___RNAseq.g44582.t1",1,0,0,0.0166961579965527,"Monotonous",1,0.874061322497934,"ME10"
"Montipora_capitata_HIv3___RNAseq.g44583.t1",0,1,0,NA,NA,NA,NA,"ME0"
"Montipora_capitata_HIv3___RNAseq.g44590.t1",1,0,0,NA,NA,NA,NA,"ME2"
"Montipora_capitata_HIv3___RNAseq.g44593.t1",0,1,0,NA,NA,NA,NA,"ME6"
"Montipora_capitata_HIv3___RNAseq.g44594.t1",1,0,0,2.44985986729611e-05,"Transient",3,0.789745476601122,"ME15"
"Montipora_capitata_HIv3___RNAseq.g44596.t1",0,2,0,NA,NA,NA,NA,"ME0"
"Montipora_capitata_HIv3___RNAseq.g44600.t1",2,0,0,NA,NA,NA,NA,"ME0"
"Montipora_capitata_HIv3___RNAseq.g44606.t1",1,0,0,NA,NA,NA,NA,"ME5"
"Montipora_capitata_HIv3___RNAseq.g44609.t1",0,0,1,NA,NA,NA,NA,"ME3"
"Montipora_capitata_HIv3___RNAseq.g44615.t1",1,0,0,NA,NA,NA,NA,"ME3"
"Montipora_capitata_HIv3___RNAseq.g44621.t1",0,1,0,0.00181262534218329,"Monotonous",4,0.611585385672408,"ME7"
"Montipora_capitata_HIv3___RNAseq.g44625.t1",0,0,1,NA,NA,NA,NA,"ME1"
"Montipora_capitata_HIv3___RNAseq.g44632.t1",1,0,0,NA,NA,NA,NA,"ME2"
"Montipora_capitata_HIv3___RNAseq.g44635.t1",1,0,0,NA,NA,NA,NA,"ME8"
"Montipora_capitata_HIv3___RNAseq.g44636.t1",0,0,2,NA,NA,NA,NA,"ME1"
"Montipora_capitata_HIv3___RNAseq.g44643.t1",2,0,1,0.00436306586416708,"Monotonous",4,0.634170601549841,"ME7"
"Montipora_capitata_HIv3___RNAseq.g44644.t1",0,0,1,NA,NA,NA,NA,"ME10"
"Montipora_capitata_HIv3___RNAseq.g44649.t1",0,0,1,NA,NA,NA,NA,"ME2"
"Montipora_capitata_HIv3___RNAseq.g44651.t1",0,1,0,NA,NA,NA,NA,"ME23"
"Montipora_capitata_HIv3___RNAseq.g44654.t2",2,0,0,NA,NA,NA,NA,"ME0"
"Montipora_capitata_HIv3___RNAseq.g44666.t1",0,0,1,NA,NA,NA,NA,"ME7"
"Montipora_capitata_HIv3___RNAseq.g44667.t1",0,0,1,NA,NA,NA,NA,"ME1"
"Montipora_capitata_HIv3___RNAseq.g44668.t1",1,0,0,0.00210402577395923,"Monotonous",NA,NA,"ME1"
"Montipora_capitata_HIv3___RNAseq.g44671.t1",0,0,1,NA,NA,NA,NA,"ME22"
"Montipora_capitata_HIv3___TS.g45809.t3",0,1,0,NA,NA,NA,NA,"ME23"
"Montipora_capitata_HIv3___RNAseq.g44673.t1",1,0,0,NA,NA,NA,NA,"ME23"
"Montipora_capitata_HIv3___RNAseq.g44676.t1",0,0,1,0.0143387270833237,"Transient",NA,NA,"ME6"
"Montipora_capitata_HIv3___RNAseq.g44681.t1b",0,1,0,NA,NA,NA,NA,"ME30"
"Montipora_capitata_HIv3___RNAseq.g44686.t1",0,0,1,NA,NA,NA,NA,"ME16"
"Montipora_capitata_HIv3___TS.g45824.t1b",1,0,0,0.00806926911424613,"Monotonous",6,0.984487985407741,"ME9"
"Montipora_capitata_HIv3___RNAseq.g44694.t1",0,0,1,0.000254656255404895,"Transient",6,0.906927909324083,"ME9"
"Montipora_capitata_HIv3___RNAseq.g44697.t1",1,0,0,NA,NA,NA,NA,"ME15"
"Montipora_capitata_HIv3___RNAseq.g44708.t1",0,0,1,NA,NA,NA,NA,"ME7"
"Montipora_capitata_HIv3___TS.g45844.t2a",1,0,0,5.37915655660542e-05,"Monotonous",2,0.836182420635504,"ME1"
"Montipora_capitata_HIv3___RNAseq.g44711.t1",0,0,1,NA,NA,NA,NA,"ME0"
"Montipora_capitata_HIv3___RNAseq.g44724.t1",0,0,2,NA,NA,NA,NA,"ME10"
"Montipora_capitata_HIv3___RNAseq.g44735.t1",0,1,0,NA,NA,NA,NA,"ME2"
"Montipora_capitata_HIv3___RNAseq.g44736.t1",0,1,0,NA,NA,NA,NA,"ME14"
"Montipora_capitata_HIv3___RNAseq.g44741.t1",0,1,0,NA,NA,NA,NA,"ME2"
"Montipora_capitata_HIv3___TS.g45882.t1",0,1,0,NA,NA,NA,NA,"ME28"
"Montipora_capitata_HIv3___TS.g45883.t1",0,1,0,NA,NA,NA,NA,"ME2"
"Montipora_capitata_HIv3___TS.g45884.t1",0,1,0,NA,NA,NA,NA,"ME4"
"Montipora_capitata_HIv3___RNAseq.g44745.t1",0,2,0,NA,NA,NA,NA,"ME2"
"Montipora_capitata_HIv3___TS.g45890.t1",0,0,1,0.0371255408365039,"Other",6,0.884283938645475,"ME3"
"Montipora_capitata_HIv3___TS.g45893.t1",0,1,0,0.0236686832268895,"Transient",3,0.665200612916957,"ME15"
"Montipora_capitata_HIv3___RNAseq.g44761.t1b",2,0,0,NA,NA,NA,NA,"ME2"
"Montipora_capitata_HIv3___RNAseq.g44771.t1",1,0,0,NA,NA,NA,NA,"ME18"
"Montipora_capitata_HIv3___RNAseq.g44772.t1",0,0,1,NA,NA,NA,NA,"ME18"
"Montipora_capitata_HIv3___TS.g45913.t1",2,1,0,NA,NA,NA,NA,"ME2"
"Montipora_capitata_HIv3___RNAseq.g44777.t1",1,0,0,0.000222798951085911,"Transient",6,0.637810725643083,"ME5"
"Montipora_capitata_HIv3___RNAseq.g44779.t1",0,1,0,NA,NA,NA,NA,"ME13"
"Montipora_capitata_HIv3___RNAseq.g44785.t1",0,0,1,NA,NA,NA,NA,"ME2"
"Montipora_capitata_HIv3___RNAseq.g44787.t1",0,0,1,0.00939588699806505,"Other",1,0.636583592113394,"ME0"
"Montipora_capitata_HIv3___TS.g45929.t1",1,0,0,NA,NA,NA,NA,"ME4"
"Montipora_capitata_HIv3___RNAseq.g44791.t1",0,0,2,NA,NA,NA,NA,"ME4"
"Montipora_capitata_HIv3___TS.g46347.t2b",0,1,0,NA,NA,NA,NA,"ME4"
"Montipora_capitata_HIv3___RNAseq.g45281.t2",1,0,1,NA,NA,NA,NA,"ME0"
"Montipora_capitata_HIv3___RNAseq.g45295.t1",0,1,0,NA,NA,NA,NA,"ME1"
"Montipora_capitata_HIv3___RNAseq.g45555.t1",1,0,0,NA,NA,NA,NA,"ME0"
"Montipora_capitata_HIv3___RNAseq.g44794.t1",1,0,0,NA,NA,NA,NA,"ME5"
"Montipora_capitata_HIv3___RNAseq.g44795.t1",1,0,0,NA,NA,NA,NA,"ME5"
"Montipora_capitata_HIv3___RNAseq.g44803.t1",0,0,3,NA,NA,NA,NA,"ME1"
"Montipora_capitata_HIv3___RNAseq.g44808.t1",0,0,1,NA,NA,NA,NA,"ME1"
"Montipora_capitata_HIv3___RNAseq.g44813.t1",1,1,0,NA,NA,NA,NA,"ME6"
"Montipora_capitata_HIv3___TS.g45960.t1",1,0,1,NA,NA,NA,NA,"ME1"
"Montipora_capitata_HIv3___TS.g45965.t1",0,1,0,0.0129493609563464,"Transient",3,0.956547243571247,"ME1"
"Montipora_capitata_HIv3___RNAseq.g44840.t1",1,0,0,NA,NA,NA,NA,"ME0"
"Montipora_capitata_HIv3___TS.g45984.t1",0,0,1,NA,NA,NA,NA,"ME2"
"Montipora_capitata_HIv3___RNAseq.g44848.t1a",1,0,1,NA,NA,NA,NA,"ME0"
"Montipora_capitata_HIv3___RNAseq.g44852.t1",1,0,0,NA,NA,NA,NA,"ME2"
"Montipora_capitata_HIv3___TS.g45999.t1",1,0,0,NA,NA,NA,NA,"ME3"
"Montipora_capitata_HIv3___RNAseq.g44864.t7",1,1,0,NA,NA,NA,NA,"ME0"
"Montipora_capitata_HIv3___RNAseq.g44865.t1",0,0,1,NA,NA,NA,NA,"ME4"
"Montipora_capitata_HIv3___RNAseq.21371_t",1,0,0,NA,NA,NA,NA,"ME3"
"Montipora_capitata_HIv3___RNAseq.g44869.t1",1,0,0,NA,NA,NA,NA,"ME5"
"Montipora_capitata_HIv3___RNAseq.g44874.t1",1,0,0,NA,NA,NA,NA,"ME9"
"Montipora_capitata_HIv3___RNAseq.g44877.t1",0,0,1,NA,NA,NA,NA,"ME2"
"Montipora_capitata_HIv3___RNAseq.g44883.t1",1,1,0,NA,NA,NA,NA,"ME9"
"Montipora_capitata_HIv3___TS.g46023.t1",0,0,1,0.00938186928726215,"Transient",3,0.920636794949282,"ME1"
"Montipora_capitata_HIv3___TS.g46025.t1",2,0,0,NA,NA,NA,NA,"ME1"
"Montipora_capitata_HIv3___RNAseq.g44895.t1",0,2,0,NA,NA,NA,NA,"ME7"
"Montipora_capitata_HIv3___TS.g46035.t1b",0,1,0,NA,NA,NA,NA,"ME1"
"Montipora_capitata_HIv3___RNAseq.g44898.t1",1,0,0,NA,NA,NA,NA,"ME5"
"Montipora_capitata_HIv3___TS.g46038.t2",0,0,1,NA,NA,NA,NA,"ME5"
"Montipora_capitata_HIv3___RNAseq.g44904.t1",1,1,1,NA,NA,NA,NA,"ME2"
"Montipora_capitata_HIv3___RNAseq.g44907.t1",1,0,0,NA,NA,NA,NA,"ME3"
"Montipora_capitata_HIv3___RNAseq.g44908.t1",1,0,0,NA,NA,NA,NA,"ME5"
"Montipora_capitata_HIv3___RNAseq.g44909.t1",1,0,0,NA,NA,NA,NA,"ME18"
"Montipora_capitata_HIv3___TS.g46049.t1",1,0,0,NA,NA,NA,NA,"ME0"
"Montipora_capitata_HIv3___RNAseq.g44919.t1",1,0,0,NA,NA,NA,NA,"ME0"
"Montipora_capitata_HIv3___RNAseq.g44928.t1",1,0,0,NA,NA,NA,NA,"ME0"
"Montipora_capitata_HIv3___RNAseq.g44938.t1",1,1,0,0.0109250572901604,"Transient",3,0.722346776716599,"ME1"
"Montipora_capitata_HIv3___RNAseq.g44941.t1",1,0,0,NA,NA,NA,NA,"ME0"
"Montipora_capitata_HIv3___RNAseq.g44947.t1",1,0,0,NA,NA,NA,NA,"ME2"
"Montipora_capitata_HIv3___TS.g46082.t1",1,0,0,0.0132688681188049,"Monotonous",2,0.895636007529316,"ME1"
"Montipora_capitata_HIv3___RNAseq.g44956.t1c",0,0,1,NA,NA,NA,NA,"ME0"
"Montipora_capitata_HIv3___RNAseq.g44956.t1b",1,0,0,NA,NA,NA,NA,"ME7"
"Montipora_capitata_HIv3___RNAseq.g44968.t1",1,0,0,NA,NA,NA,NA,"ME9"
"Montipora_capitata_HIv3___RNAseq.g44969.t1",0,0,1,NA,NA,NA,NA,"ME2"
"Montipora_capitata_HIv3___RNAseq.g44974.t1",1,0,0,NA,NA,NA,NA,"ME1"
"Montipora_capitata_HIv3___RNAseq.21485_t",1,1,0,0.000506582468873658,"Monotonous",1,0.894077046145214,"ME3"
"Montipora_capitata_HIv3___RNAseq.g44982.t1",0,0,1,3.89916235261299e-08,"Monotonous",6,0.8371348095045,"ME8"
"Montipora_capitata_HIv3___RNAseq.g44983.t1",0,0,2,NA,NA,NA,NA,"ME0"
"Montipora_capitata_HIv3___RNAseq.g44988.t1",1,0,0,NA,NA,NA,NA,"ME16"
"Montipora_capitata_HIv3___RNAseq.g44993.t1",2,0,0,NA,NA,NA,NA,"ME0"
"Montipora_capitata_HIv3___RNAseq.g44994.t1",0,1,0,6.99989754632425e-09,"Monotonous",1,0.707591176016013,"ME10"
"Montipora_capitata_HIv3___TS.g46131.t2",0,0,1,NA,NA,NA,NA,"ME1"
"Montipora_capitata_HIv3___RNAseq.g45000.t1",0,1,0,6.06194516390998e-08,"Transient",5,0.5236491128239,"ME17"
"Montipora_capitata_HIv3___RNAseq.g45001.t1",0,1,0,NA,NA,NA,NA,"ME1"
"Montipora_capitata_HIv3___RNAseq.g45002.t1",1,0,0,NA,NA,NA,NA,"ME1"
"Montipora_capitata_HIv3___TS.g46137.t1a",1,0,0,0.0406041268079013,"Other",NA,NA,"ME15"
"Montipora_capitata_HIv3___TS.g46142.t2",1,0,0,NA,NA,NA,NA,"ME18"
"Montipora_capitata_HIv3___RNAseq.g45016.t1",0,1,1,NA,NA,NA,NA,"ME0"
"Montipora_capitata_HIv3___RNAseq.g45019.t1",1,0,0,0.0249740235917161,"Other",6,0.913367011280994,"ME5"
"Montipora_capitata_HIv3___RNAseq.g45020.t1b",1,0,0,NA,NA,NA,NA,"ME20"
"Montipora_capitata_HIv3___RNAseq.g45026.t1",0,0,1,2.44426760521688e-08,"Transient",3,0.821878814164538,"ME19"
"Montipora_capitata_HIv3___RNAseq.g45027.t1",0,0,1,NA,NA,NA,NA,"ME7"
"Montipora_capitata_HIv3___RNAseq.g45032.t2",0,1,1,NA,NA,NA,NA,"ME10"
"Montipora_capitata_HIv3___RNAseq.g45034.t1",1,0,0,NA,NA,NA,NA,"ME0"
"Montipora_capitata_HIv3___RNAseq.g45035.t1",1,0,0,NA,NA,NA,NA,"ME6"
"Montipora_capitata_HIv3___TS.g46173.t1",0,0,1,NA,NA,NA,NA,"ME6"
"Montipora_capitata_HIv3___RNAseq.g45043.t1",1,0,0,NA,NA,NA,NA,"ME4"
"Montipora_capitata_HIv3___RNAseq.g45048.t1",0,0,1,NA,NA,NA,NA,"ME4"
"Montipora_capitata_HIv3___TS.g46191.t3",1,0,0,NA,NA,NA,NA,"ME2"
"Montipora_capitata_HIv3___RNAseq.g45055.t1",1,0,0,NA,NA,NA,NA,"ME15"
"Montipora_capitata_HIv3___RNAseq.g45063.t1",1,0,0,NA,NA,NA,NA,"ME7"
"Montipora_capitata_HIv3___RNAseq.g45064.t1",1,0,0,NA,NA,NA,NA,"ME4"
"Montipora_capitata_HIv3___RNAseq.g45065.t1",1,1,0,NA,NA,NA,NA,"ME10"
"Montipora_capitata_HIv3___RNAseq.g45066.t1",0,1,0,NA,NA,NA,NA,"ME0"
"Montipora_capitata_HIv3___RNAseq.g45071.t1",1,1,0,0.00265037019072179,"Transient",NA,NA,"ME3"
"Montipora_capitata_HIv3___RNAseq.g45072.t1",0,1,0,NA,NA,NA,NA,"ME5"
"Montipora_capitata_HIv3___RNAseq.g45073.t1",0,1,0,NA,NA,NA,NA,"ME5"
"Montipora_capitata_HIv3___RNAseq.g45074.t1",1,1,0,NA,NA,NA,NA,"ME5"
"Montipora_capitata_HIv3___RNAseq.g45075.t1",0,2,0,0.0352032778043978,"Monotonous",6,0.958373297071603,"ME21"
"Montipora_capitata_HIv3___RNAseq.g45076.t3",0,1,0,7.29817866311382e-06,"Transient",NA,NA,"ME17"
"Montipora_capitata_HIv3___RNAseq.g45079.t1",1,0,1,NA,NA,NA,NA,"ME5"
"Montipora_capitata_HIv3___RNAseq.g45095.t1",0,1,0,NA,NA,NA,NA,"ME26"
"Montipora_capitata_HIv3___RNAseq.g45097.t1",1,0,0,0.0032062074644919,"Other",4,0.907887455312694,"ME20"
"Montipora_capitata_HIv3___RNAseq.g45101.t1",1,0,0,NA,NA,NA,NA,"ME3"
"Montipora_capitata_HIv3___RNAseq.g45102.t1",1,0,0,NA,NA,NA,NA,"ME3"
"Montipora_capitata_HIv3___RNAseq.g45109.t1",0,0,1,NA,NA,NA,NA,"ME1"
"Montipora_capitata_HIv3___RNAseq.g45130.t1",0,0,1,NA,NA,NA,NA,"ME16"
"Montipora_capitata_HIv3___TS.g46304.t1",0,0,1,NA,NA,NA,NA,"ME4"
"Montipora_capitata_HIv3___TS.g46314.t1b",1,0,0,NA,NA,NA,NA,"ME3"
"Montipora_capitata_HIv3___RNAseq.g45164.t1",1,0,0,NA,NA,NA,NA,"ME11"
"Montipora_capitata_HIv3___TS.g46326.t1a",0,1,0,NA,NA,NA,NA,"ME0"
"Montipora_capitata_HIv3___RNAseq.g45182.t1",3,0,2,0.00255743541487843,"Monotonous",3,0.911046930303929,"ME1"
"Montipora_capitata_HIv3___TS.g46347.t2c",1,0,0,NA,NA,NA,NA,"ME4"
"Montipora_capitata_HIv3___TS.g46357.t1",1,0,0,NA,NA,NA,NA,"ME1"
"Montipora_capitata_HIv3___RNAseq.g45220.t1",1,0,0,NA,NA,NA,NA,"ME4"
"Montipora_capitata_HIv3___TS.g46374.t1",1,0,0,NA,NA,NA,NA,"ME4"
"Montipora_capitata_HIv3___TS.g46377.t1",0,1,0,0.00296800321814841,"Other",2,0.526084423234698,"ME2"
"Montipora_capitata_HIv3___TS.g46382.t1a",1,0,0,NA,NA,NA,NA,"ME14"
"Montipora_capitata_HIv3___RNAseq.g45233.t1",2,0,1,NA,NA,NA,NA,"ME2"
"Montipora_capitata_HIv3___RNAseq.g45235.t2",0,1,0,0.0319190304857946,"Other",6,0.723207962891157,"ME3"
"Montipora_capitata_HIv3___RNAseq.g45236.t1a",1,0,0,NA,NA,NA,NA,"ME3"
"Montipora_capitata_HIv3___RNAseq.g45237.t1",1,0,0,NA,NA,NA,NA,"ME3"
"Montipora_capitata_HIv3___RNAseq.g45243.t1",1,0,0,NA,NA,NA,NA,"ME18"
"Montipora_capitata_HIv3___RNAseq.g45248.t1",1,0,0,NA,NA,NA,NA,"ME14"
"Montipora_capitata_HIv3___TS.g46398.t2",1,0,0,NA,NA,NA,NA,"ME3"
"Montipora_capitata_HIv3___TS.g46403.t1",1,0,0,NA,NA,NA,NA,"ME2"
"Montipora_capitata_HIv3___RNAseq.g45259.t1",0,1,0,0.000142834019884517,"Transient",NA,NA,"ME1"
"Montipora_capitata_HIv3___RNAseq.g45260.t1",0,0,1,NA,NA,NA,NA,"ME4"
"Montipora_capitata_HIv3___RNAseq.g45261.t1",1,0,1,NA,NA,NA,NA,"ME0"
"Montipora_capitata_HIv3___RNAseq.g45262.t1",1,0,0,NA,NA,NA,NA,"ME0"
"Montipora_capitata_HIv3___RNAseq.g45263.t1",0,1,0,NA,NA,NA,NA,"ME0"
"Montipora_capitata_HIv3___RNAseq.g45269.t1",0,1,0,NA,NA,NA,NA,"ME7"
"Montipora_capitata_HIv3___RNAseq.g45272.t1",0,0,1,0.00966423648072994,"Transient",NA,NA,"ME1"
"Montipora_capitata_HIv3___RNAseq.g45275.t1",1,0,0,0.00102345723388869,"Transient",3,0.562129574203213,"ME5"
"Montipora_capitata_HIv3___RNAseq.g45277.t1",0,0,2,0.0149707656414947,"Other",NA,NA,"ME19"
"Montipora_capitata_HIv3___RNAseq.g45278.t1",0,0,1,NA,NA,NA,NA,"ME19"
"Montipora_capitata_HIv3___RNAseq.g45279.t1",0,1,1,2.40337558998837e-08,"Transient",5,0.988437478599336,"ME17"
"Montipora_capitata_HIv3___RNAseq.g45282.t1",2,0,0,NA,NA,NA,NA,"ME21"
"Montipora_capitata_HIv3___RNAseq.g45287.t1",0,1,0,NA,NA,NA,NA,"ME2"
"Montipora_capitata_HIv3___RNAseq.g45288.t1a",0,0,1,NA,NA,NA,NA,"ME5"
"Montipora_capitata_HIv3___RNAseq.g45304.t1",0,0,1,NA,NA,NA,NA,"ME22"
"Montipora_capitata_HIv3___RNAseq.g45309.t1",1,1,0,NA,NA,NA,NA,"ME1"
"Montipora_capitata_HIv3___RNAseq.g45310.t1",0,1,0,NA,NA,NA,NA,"ME13"
"Montipora_capitata_HIv3___RNAseq.g45313.t1",1,1,0,0.000296645153781843,"Transient",3,0.796160868807456,"ME1"
"Montipora_capitata_HIv3___RNAseq.g45314.t1",0,0,1,NA,NA,NA,NA,"ME9"
"Montipora_capitata_HIv3___RNAseq.g45317.t1b",1,0,0,NA,NA,NA,NA,"ME2"
"Montipora_capitata_HIv3___RNAseq.g45317.t1c",0,0,1,NA,NA,NA,NA,"ME2"
"Montipora_capitata_HIv3___RNAseq.g45319.t1",0,1,0,NA,NA,NA,NA,"ME25"
"Montipora_capitata_HIv3___RNAseq.g45323.t1",1,0,0,NA,NA,NA,NA,"ME3"
"Montipora_capitata_HIv3___RNAseq.21890_t",0,0,1,NA,NA,NA,NA,"ME1"
"Montipora_capitata_HIv3___RNAseq.g45340.t2",1,0,0,NA,NA,NA,NA,"ME0"
"Montipora_capitata_HIv3___RNAseq.g45343.t1",0,0,1,6.28851647749244e-12,"Monotonous",1,0.958295983593982,"ME3"
"Montipora_capitata_HIv3___RNAseq.g45345.t1",0,0,3,0.00990845344066946,"Transient",5,0.876584442447441,"ME7"
"Montipora_capitata_HIv3___TS.g46497.t1",1,0,1,NA,NA,NA,NA,"ME0"
"Montipora_capitata_HIv3___TS.g46498.t2",1,0,0,NA,NA,NA,NA,"ME0"
"Montipora_capitata_HIv3___RNAseq.g45349.t1",0,2,0,NA,NA,NA,NA,"ME5"
"Montipora_capitata_HIv3___TS.g46501.t2b",1,0,0,NA,NA,NA,NA,"ME1"
"Montipora_capitata_HIv3___TS.g46501.t2a",0,1,0,NA,NA,NA,NA,"ME13"
"Montipora_capitata_HIv3___TS.g46502.t3a",0,1,0,NA,NA,NA,NA,"ME9"
"Montipora_capitata_HIv3___RNAseq.g45354.t1",1,0,0,NA,NA,NA,NA,"ME9"
"Montipora_capitata_HIv3___RNAseq.g45356.t1",1,0,0,0.0109630535849534,"Other",2,0.749074362274421,"ME2"
"Montipora_capitata_HIv3___RNAseq.g45358.t1",1,0,0,NA,NA,NA,NA,"ME2"
"Montipora_capitata_HIv3___RNAseq.g45362.t1",0,1,0,NA,NA,NA,NA,"ME16"
"Montipora_capitata_HIv3___RNAseq.g45365.t1",0,0,1,NA,NA,NA,NA,"ME9"
"Montipora_capitata_HIv3___RNAseq.g45366.t1",2,0,0,NA,NA,NA,NA,"ME5"
"Montipora_capitata_HIv3___RNAseq.g45367.t1",0,0,1,0.0022172218880908,"Monotonous",6,0.971079150911179,"ME9"
"Montipora_capitata_HIv3___TS.g46519.t1",1,0,0,8.48715372968073e-06,"Monotonous",6,0.649850359533845,"ME3"
"Montipora_capitata_HIv3___RNAseq.g45370.t1",0,0,1,NA,NA,NA,NA,"ME3"
"Montipora_capitata_HIv3___RNAseq.g45377.t1",1,0,0,NA,NA,NA,NA,"ME3"
"Montipora_capitata_HIv3___RNAseq.g45380.t1",0,0,2,NA,NA,NA,NA,"ME2"
"Montipora_capitata_HIv3___TS.g46534.t2",0,0,1,0.00246636699944014,"Transient",2,0.520402580564645,"ME2"
"Montipora_capitata_HIv3___TS.g46545.t1",1,0,0,NA,NA,NA,NA,"ME1"
"Montipora_capitata_HIv3___RNAseq.g45395.t1",2,0,1,0.00659346410945407,"Monotonous",2,0.843741123391966,"ME1"
"Montipora_capitata_HIv3___RNAseq.g45402.t1",0,1,0,0.0161278521120551,"Monotonous",1,0.650485603150821,"ME10"
"Montipora_capitata_HIv3___RNAseq.g45417.t1",1,0,0,NA,NA,NA,NA,"ME1"
"Montipora_capitata_HIv3___RNAseq.g45419.t1",1,0,0,0.0154034287870705,"Monotonous",1,0.940281512965408,"ME10"
"Montipora_capitata_HIv3___RNAseq.21978_t",0,0,2,NA,NA,NA,NA,"ME18"
"Montipora_capitata_HIv3___RNAseq.g45421.t1",1,0,0,0.0413322326808011,"Monotonous",1,0.908997217701256,"ME10"
"Montipora_capitata_HIv3___RNAseq.g45425.t1",2,0,0,NA,NA,NA,NA,"ME6"
"Montipora_capitata_HIv3___RNAseq.g45426.t1",1,0,0,NA,NA,NA,NA,"ME1"
"Montipora_capitata_HIv3___RNAseq.g45428.t1",0,0,1,5.03949531691099e-10,"Monotonous",1,0.975596556994706,"ME10"
"Montipora_capitata_HIv3___RNAseq.g45430.t1",0,1,0,NA,NA,NA,NA,"ME3"
"Montipora_capitata_HIv3___RNAseq.g45431.t1",1,0,0,NA,NA,NA,NA,"ME3"
"Montipora_capitata_HIv3___TS.g46580.t1",0,0,1,NA,NA,NA,NA,"ME0"
"Montipora_capitata_HIv3___RNAseq.g45440.t1",1,0,0,NA,NA,NA,NA,"ME1"
"Montipora_capitata_HIv3___RNAseq.g45443.t1",0,0,1,8.81795897587634e-06,"Transient",3,0.911802214903872,"ME18"
"Montipora_capitata_HIv3___RNAseq.g45448.t1",1,0,0,NA,NA,NA,NA,"ME11"
"Montipora_capitata_HIv3___RNAseq.g45452.t1",1,0,0,NA,NA,NA,NA,"ME5"
"Montipora_capitata_HIv3___RNAseq.g45457.t1",2,0,1,NA,NA,NA,NA,"ME3"
"Montipora_capitata_HIv3___RNAseq.g45462.t1",0,1,0,NA,NA,NA,NA,"ME7"
"Montipora_capitata_HIv3___RNAseq.g45463.t1",0,1,0,0.00678035961986946,"Other",2,0.647800747689342,"ME1"
"Montipora_capitata_HIv3___RNAseq.g45464.t1",1,0,0,NA,NA,NA,NA,"ME3"
"Montipora_capitata_HIv3___RNAseq.g45469.t1",1,0,0,0.0282623672467799,"Other",4,0.556495000296166,"ME20"
"Montipora_capitata_HIv3___RNAseq.g45473.t1",0,1,1,NA,NA,NA,NA,"ME29"
"Montipora_capitata_HIv3___RNAseq.g45474.t1",0,0,1,0.00147860221891129,"Transient",3,0.80814247312323,"ME1"
"Montipora_capitata_HIv3___RNAseq.g45475.t1",1,0,0,0.0356258119656618,"Other",NA,NA,"ME21"
"Montipora_capitata_HIv3___TS.g46635.t1",0,0,1,NA,NA,NA,NA,"ME0"
"Montipora_capitata_HIv3___RNAseq.g45484.t1",0,0,1,NA,NA,NA,NA,"ME0"
"Montipora_capitata_HIv3___TS.g46637.t1",1,0,0,0.0103818692991328,"Monotonous",2,0.820419395348767,"ME18"
"Montipora_capitata_HIv3___RNAseq.g45496.t1",1,0,0,NA,NA,NA,NA,"ME0"
"Montipora_capitata_HIv3___RNAseq.g45500.t1",1,0,0,NA,NA,NA,NA,"ME17"
"Montipora_capitata_HIv3___RNAseq.g45502.t1",1,0,0,NA,NA,NA,NA,"ME0"
"Montipora_capitata_HIv3___RNAseq.g45503.t1",0,0,1,0.00111985800864901,"Monotonous",1,0.734063700141615,"ME6"
"Montipora_capitata_HIv3___RNAseq.g45504.t1",0,0,1,NA,NA,NA,NA,"ME0"
"Montipora_capitata_HIv3___RNAseq.g45505.t1",0,0,1,0.036927214865664,"Other",NA,NA,"ME0"
"Montipora_capitata_HIv3___RNAseq.g45506.t1",0,0,1,NA,NA,NA,NA,"ME8"
"Montipora_capitata_HIv3___RNAseq.g45507.t1",0,1,0,NA,NA,NA,NA,"ME8"
"Montipora_capitata_HIv3___RNAseq.g45509.t1",0,0,1,NA,NA,NA,NA,"ME1"
"Montipora_capitata_HIv3___RNAseq.g45510.t1",0,0,1,NA,NA,NA,NA,"ME0"
"Montipora_capitata_HIv3___RNAseq.g45512.t1",0,0,1,NA,NA,NA,NA,"ME0"
"Montipora_capitata_HIv3___RNAseq.g45517.t1",0,0,1,NA,NA,NA,NA,"ME7"
"Montipora_capitata_HIv3___RNAseq.g45522.t1",1,0,0,NA,NA,NA,NA,"ME2"
"Montipora_capitata_HIv3___RNAseq.g45525.t1",1,0,0,NA,NA,NA,NA,"ME7"
"Montipora_capitata_HIv3___RNAseq.g45526.t1",1,0,0,NA,NA,NA,NA,"ME6"
"Montipora_capitata_HIv3___RNAseq.g45535.t1",1,0,0,NA,NA,NA,NA,"ME2"
"Montipora_capitata_HIv3___RNAseq.g45537.t1",1,0,0,NA,NA,NA,NA,"ME1"
"Montipora_capitata_HIv3___RNAseq.g45540.t1",1,0,0,NA,NA,NA,NA,"ME1"
"Montipora_capitata_HIv3___TS.g46690.t1b",0,0,1,NA,NA,NA,NA,"ME1"
"Montipora_capitata_HIv3___RNAseq.g45547.t1",0,0,1,NA,NA,NA,NA,"ME2"
"Montipora_capitata_HIv3___RNAseq.g45550.t2",1,0,0,0.00596261800923095,"Transient",5,0.655456387028329,"ME23"
"Montipora_capitata_HIv3___RNAseq.g45554.t1",2,0,0,NA,NA,NA,NA,"ME11"
"Montipora_capitata_HIv3___RNAseq.g45567.t1",0,0,2,NA,NA,NA,NA,"ME20"
"Montipora_capitata_HIv3___RNAseq.g45571.t1",0,1,0,NA,NA,NA,NA,"ME22"
"Montipora_capitata_HIv3___RNAseq.g45581.t1",1,0,0,NA,NA,NA,NA,"ME5"
"Montipora_capitata_HIv3___TS.g46731.t1",1,0,0,NA,NA,NA,NA,"ME18"
"Montipora_capitata_HIv3___RNAseq.g45597.t1",1,0,0,NA,NA,NA,NA,"ME14"
"Montipora_capitata_HIv3___TS.g46748.t1",1,0,0,NA,NA,NA,NA,"ME14"
"Montipora_capitata_HIv3___RNAseq.g45609.t1",1,0,0,0.0459489319743227,"Other",3,0.757561692117713,"ME16"
"Montipora_capitata_HIv3___RNAseq.g45629.t1",1,0,0,NA,NA,NA,NA,"ME25"
"Montipora_capitata_HIv3___TS.g46778.t1",0,1,0,NA,NA,NA,NA,"ME1"
"Montipora_capitata_HIv3___RNAseq.g19068.t1",1,0,0,NA,NA,NA,NA,"ME0"
"Montipora_capitata_HIv3___RNAseq.g19192.t1",1,0,0,NA,NA,NA,NA,"ME0"
"Montipora_capitata_HIv3___RNAseq.g19225.t1",1,0,0,NA,NA,NA,NA,"ME0"
"Montipora_capitata_HIv3___RNAseq.g19226.t1",1,0,0,NA,NA,NA,NA,"ME0"
"Montipora_capitata_HIv3___RNAseq.g19278.t1",1,0,0,NA,NA,NA,NA,"ME11"
"Montipora_capitata_HIv3___RNAseq.g19281.t1",0,1,0,NA,NA,NA,NA,"ME1"
"Montipora_capitata_HIv3___RNAseq.g19450.t1",0,1,0,NA,NA,NA,NA,"ME0"
"Montipora_capitata_HIv3___TS.g33020.t1",0,1,0,NA,NA,NA,NA,"ME1"
"Montipora_capitata_HIv3___TS.g32602.t1",0,0,1,0.0388617432776431,"Monotonous",1,0.810843850977888,"ME3"
"Montipora_capitata_HIv3___TS.g32614.t2",1,0,0,0.00353439643948747,"Other",4,0.727768181625827,"ME7"
"Montipora_capitata_HIv3___RNAseq.g19076.t1",0,1,0,NA,NA,NA,NA,"ME3"
"Montipora_capitata_HIv3___RNAseq.g19083.t1",0,0,1,NA,NA,NA,NA,"ME1"
"Montipora_capitata_HIv3___RNAseq.g19085.t1",0,0,1,6.60416094934112e-07,"Monotonous",2,0.559068720285446,"ME20"
"Montipora_capitata_HIv3___TS.g32628.t1",1,0,0,NA,NA,NA,NA,"ME1"
"Montipora_capitata_HIv3___RNAseq.g19086.t1",1,0,0,NA,NA,NA,NA,"ME1"
"Montipora_capitata_HIv3___RNAseq.g19097.t1",0,0,1,NA,NA,NA,NA,"ME30"
"Montipora_capitata_HIv3___RNAseq.g19098.t1",2,0,1,NA,NA,NA,NA,"ME7"
"Montipora_capitata_HIv3___RNAseq.g19099.t1",1,1,0,0.0181401579017063,"Monotonous",6,0.692702289437481,"ME5"
"Montipora_capitata_HIv3___RNAseq.g19100.t1",0,0,1,NA,NA,NA,NA,"ME0"
"Montipora_capitata_HIv3___RNAseq.g19108.t1",2,0,0,NA,NA,NA,NA,"ME6"
"Montipora_capitata_HIv3___RNAseq.g19111.t1",1,0,0,0.0324380727893182,"Other",3,0.775287764821983,"ME0"
"Montipora_capitata_HIv3___RNAseq.g19113.t1",0,0,1,NA,NA,NA,NA,"ME3"
"Montipora_capitata_HIv3___RNAseq.g19116.t1",1,0,0,1.79398570471562e-06,"Monotonous",6,0.984745842908188,"ME9"
"Montipora_capitata_HIv3___RNAseq.g19117.t1",0,1,0,0.000173549614056343,"Other",6,0.966167478516819,"ME9"
"Montipora_capitata_HIv3___RNAseq.g19118.t1b",1,0,0,2.84209546837216e-07,"Other",6,0.97480232709345,"ME9"
"Montipora_capitata_HIv3___RNAseq.g19130.t1",1,0,0,NA,NA,NA,NA,"ME7"
"Montipora_capitata_HIv3___RNAseq.g19131.t1",1,0,0,NA,NA,NA,NA,"ME20"
"Montipora_capitata_HIv3___RNAseq.g19135.t1",2,0,0,NA,NA,NA,NA,"ME0"
"Montipora_capitata_HIv3___RNAseq.g19136.t1",0,0,1,NA,NA,NA,NA,"ME0"
"Montipora_capitata_HIv3___RNAseq.g19139.t1",1,1,0,NA,NA,NA,NA,"ME0"
"Montipora_capitata_HIv3___RNAseq.g19140.t1",1,0,0,NA,NA,NA,NA,"ME1"
"Montipora_capitata_HIv3___RNAseq.g19142.t1",1,0,0,1.44180438293697e-06,"Transient",2,0.832778185462007,"ME0"
"Montipora_capitata_HIv3___TS.g32692.t2",2,0,0,NA,NA,NA,NA,"ME10"
"Montipora_capitata_HIv3___RNAseq.g19153.t1",1,0,0,NA,NA,NA,NA,"ME10"
"Montipora_capitata_HIv3___RNAseq.g19159.t1",0,2,1,NA,NA,NA,NA,"ME6"
"Montipora_capitata_HIv3___RNAseq.g19162.t1",0,0,1,0.00956225601504238,"Monotonous",1,0.639998074751048,"ME3"
"Montipora_capitata_HIv3___RNAseq.g19163.t1",0,1,0,NA,NA,NA,NA,"ME18"
"Montipora_capitata_HIv3___RNAseq.g19164.t1",0,1,0,NA,NA,NA,NA,"ME21"
"Montipora_capitata_HIv3___RNAseq.g19165.t1",0,1,0,NA,NA,NA,NA,"ME2"
"Montipora_capitata_HIv3___TS.g32719.t1",0,1,0,NA,NA,NA,NA,"ME2"
"Montipora_capitata_HIv3___RNAseq.g19167.t1",1,0,1,0.00127832802665516,"Monotonous",1,0.528267423428306,"ME8"
"Montipora_capitata_HIv3___TS.g32724.t1",1,0,0,NA,NA,NA,NA,"ME0"
"Montipora_capitata_HIv3___RNAseq.g19172.t1",1,0,0,NA,NA,NA,NA,"ME2"
"Montipora_capitata_HIv3___TS.g32734.t2",1,0,0,NA,NA,NA,NA,"ME1"
"Montipora_capitata_HIv3___TS.g32737.t2",1,0,1,NA,NA,NA,NA,"ME2"
"Montipora_capitata_HIv3___RNAseq.g19186.t1",1,0,0,2.16652499418812e-11,"Monotonous",1,0.946179750490034,"ME3"
"Montipora_capitata_HIv3___TS.g32748.t1",0,0,1,0.00446611552035767,"Other",NA,NA,"ME20"
"Montipora_capitata_HIv3___RNAseq.g19196.t1",1,0,1,NA,NA,NA,NA,"ME3"
"Montipora_capitata_HIv3___RNAseq.g19200.t1",1,0,0,NA,NA,NA,NA,"ME1"
"Montipora_capitata_HIv3___RNAseq.g19209.t1",0,1,0,NA,NA,NA,NA,"ME5"
"Montipora_capitata_HIv3___TS.g32761.t1",2,0,0,NA,NA,NA,NA,"ME8"
"Montipora_capitata_HIv3___RNAseq.g19244.t1",0,0,1,NA,NA,NA,NA,"ME1"
"Montipora_capitata_HIv3___TS.g32799.t1",1,0,0,NA,NA,NA,NA,"ME8"
"Montipora_capitata_HIv3___RNAseq.g19257.t1",1,1,0,NA,NA,NA,NA,"ME11"
"Montipora_capitata_HIv3___RNAseq.g19264.t1",1,0,0,NA,NA,NA,NA,"ME9"
"Montipora_capitata_HIv3___RNAseq.g19268.t1",0,1,1,NA,NA,NA,NA,"ME2"
"Montipora_capitata_HIv3___RNAseq.g19272.t1",1,0,0,NA,NA,NA,NA,"ME5"
"Montipora_capitata_HIv3___RNAseq.g19273.t1",0,1,0,NA,NA,NA,NA,"ME7"
"Montipora_capitata_HIv3___RNAseq.g19274.t1",0,1,0,NA,NA,NA,NA,"ME3"
"Montipora_capitata_HIv3___TS.g32826.t1",1,0,0,NA,NA,NA,NA,"ME10"
"Montipora_capitata_HIv3___TS.g32833.t1",1,0,0,0.00172221566169003,"Other",5,0.595860509579902,"ME6"
"Montipora_capitata_HIv3___RNAseq.g19293.t1",1,0,0,NA,NA,NA,NA,"ME1"
"Montipora_capitata_HIv3___TS.g32861.t1",1,0,0,NA,NA,NA,NA,"ME7"
"Montipora_capitata_HIv3___RNAseq.g19310.t1",1,0,0,1.9433312814486e-05,"Monotonous",1,0.708021083314524,"ME3"
"Montipora_capitata_HIv3___RNAseq.g19317.t1",0,1,0,NA,NA,NA,NA,"ME0"
"Montipora_capitata_HIv3___RNAseq.g19318.t1",1,0,0,0.0321474093696692,"Monotonous",2,0.872159250036212,"ME1"
"Montipora_capitata_HIv3___RNAseq.g19324.t1",0,0,1,NA,NA,NA,NA,"ME0"
"Montipora_capitata_HIv3___RNAseq.g19328.t2",0,1,0,NA,NA,NA,NA,"ME8"
"Montipora_capitata_HIv3___RNAseq.g19335.t1",3,0,0,NA,NA,NA,NA,"ME2"
"Montipora_capitata_HIv3___RNAseq.g19337.t1",1,0,0,NA,NA,NA,NA,"ME2"
"Montipora_capitata_HIv3___RNAseq.g19338.t1",1,0,0,NA,NA,NA,NA,"ME2"
"Montipora_capitata_HIv3___TS.g32892.t1",0,1,1,NA,NA,NA,NA,"ME2"
"Montipora_capitata_HIv3___TS.g32906.t1",0,1,0,2.86297456896151e-09,"Transient",2,0.940577852987738,"ME1"
"Montipora_capitata_HIv3___TS.g32908.t1b",1,0,0,0.000751196304572354,"Transient",5,0.554719592293622,"ME3"
"Montipora_capitata_HIv3___RNAseq.g19358.t1",1,0,0,NA,NA,NA,NA,"ME3"
"Montipora_capitata_HIv3___RNAseq.g19359.t1",1,0,0,0.00662178660108205,"Other",1,0.861540014272195,"ME3"
"Montipora_capitata_HIv3___RNAseq.g19361.t1",1,0,0,0.0140773262481984,"Monotonous",2,0.883456238535799,"ME1"
"Montipora_capitata_HIv3___RNAseq.g19362.t1",1,0,1,NA,NA,NA,NA,"ME1"
"Montipora_capitata_HIv3___TS.g32918.t1",0,0,1,0.00587128169893569,"Other",6,0.564970049242775,"ME2"
"Montipora_capitata_HIv3___RNAseq.g19366.t1",1,0,0,0.000283411679984898,"Monotonous",2,0.856276395751263,"ME1"
"Montipora_capitata_HIv3___RNAseq.g19367.t1",1,0,0,NA,NA,NA,NA,"ME1"
"Montipora_capitata_HIv3___RNAseq.g19370.t1",0,1,0,NA,NA,NA,NA,"ME2"
"Montipora_capitata_HIv3___RNAseq.g19374.t1",0,1,0,0.0454937383830796,"Monotonous",1,0.873479347615064,"ME3"
"Montipora_capitata_HIv3___RNAseq.g19380.t1",0,1,0,NA,NA,NA,NA,"ME17"
"Montipora_capitata_HIv3___RNAseq.g19384.t1",1,1,0,NA,NA,NA,NA,"ME25"
"Montipora_capitata_HIv3___RNAseq.22580_t",1,0,0,NA,NA,NA,NA,"ME15"
"Montipora_capitata_HIv3___RNAseq.g19391.t1",0,1,0,NA,NA,NA,NA,"ME2"
"Montipora_capitata_HIv3___RNAseq.g19392.t1",0,1,0,NA,NA,NA,NA,"ME2"
"Montipora_capitata_HIv3___TS.g32966.t1",0,1,0,NA,NA,NA,NA,"ME0"
"Montipora_capitata_HIv3___TS.g32969.t1",0,1,0,NA,NA,NA,NA,"ME0"
"Montipora_capitata_HIv3___RNAseq.g19415.t1",0,1,0,NA,NA,NA,NA,"ME0"
"Montipora_capitata_HIv3___TS.g32973.t1",0,1,0,NA,NA,NA,NA,"ME0"
"Montipora_capitata_HIv3___RNAseq.g19420.t1",0,1,0,NA,NA,NA,NA,"ME4"
"Montipora_capitata_HIv3___RNAseq.g19421.t1",1,0,0,NA,NA,NA,NA,"ME4"
"Montipora_capitata_HIv3___RNAseq.g19424.t1",1,0,0,NA,NA,NA,NA,"ME1"
"Montipora_capitata_HIv3___TS.g32982.t1",1,0,0,NA,NA,NA,NA,"ME2"
"Montipora_capitata_HIv3___RNAseq.g19428.t1",0,0,1,NA,NA,NA,NA,"ME11"
"Montipora_capitata_HIv3___RNAseq.g19433.t1",1,1,0,0.000326699169786812,"Transient",NA,NA,"ME3"
"Montipora_capitata_HIv3___RNAseq.g19435.t1",0,0,1,NA,NA,NA,NA,"ME2"
"Montipora_capitata_HIv3___TS.g33013.t1",0,1,1,NA,NA,NA,NA,"ME15"
"Montipora_capitata_HIv3___TS.g33022.t1",0,0,1,NA,NA,NA,NA,"ME0"
"Montipora_capitata_HIv3___RNAseq.g19470.t1",1,0,0,NA,NA,NA,NA,"ME2"
"Montipora_capitata_HIv3___RNAseq.g19471.t1",1,0,0,NA,NA,NA,NA,"ME0"
"Montipora_capitata_HIv3___RNAseq.g19477.t1",1,0,0,0.0337328225180433,"Transient",3,0.623757860013711,"ME16"
"Montipora_capitata_HIv3___RNAseq.g19478.t1",1,0,1,2.88603580578892e-05,"Monotonous",6,0.986667725302049,"ME9"
"Montipora_capitata_HIv3___RNAseq.g19489.t1",1,0,0,NA,NA,NA,NA,"ME2"
"Montipora_capitata_HIv3___RNAseq.g19496.t1",1,0,0,NA,NA,NA,NA,"ME2"
"Montipora_capitata_HIv3___RNAseq.g19505.t1",0,2,0,NA,NA,NA,NA,"ME0"
"Montipora_capitata_HIv3___RNAseq.g19510.t1",0,0,1,NA,NA,NA,NA,"ME0"
"Montipora_capitata_HIv3___RNAseq.g19511.t1",2,0,0,NA,NA,NA,NA,"ME3"
"Montipora_capitata_HIv3___RNAseq.g19514.t1",0,1,1,NA,NA,NA,NA,"ME8"
"Montipora_capitata_HIv3___RNAseq.g19515.t1",0,2,0,NA,NA,NA,NA,"ME3"
"Montipora_capitata_HIv3___RNAseq.g19519.t1",0,1,0,NA,NA,NA,NA,"ME3"
"Montipora_capitata_HIv3___RNAseq.g19522.t1",0,0,1,NA,NA,NA,NA,"ME14"
"Montipora_capitata_HIv3___RNAseq.g19536.t1",0,1,0,NA,NA,NA,NA,"ME8"
"Montipora_capitata_HIv3___RNAseq.g19537.t1",1,0,0,NA,NA,NA,NA,"ME4"
"Montipora_capitata_HIv3___RNAseq.g19540.t1",0,1,0,NA,NA,NA,NA,"ME5"
"Montipora_capitata_HIv3___TS.g33094.t1",1,1,0,NA,NA,NA,NA,"ME5"
"Montipora_capitata_HIv3___RNAseq.g19541.t1",1,0,0,NA,NA,NA,NA,"ME21"
"Montipora_capitata_HIv3___RNAseq.g19557.t1",0,1,0,NA,NA,NA,NA,"ME16"
"Montipora_capitata_HIv3___RNAseq.g19558.t1",1,0,0,NA,NA,NA,NA,"ME30"
"Montipora_capitata_HIv3___RNAseq.g19559.t1",0,0,1,NA,NA,NA,NA,"ME19"
"Montipora_capitata_HIv3___RNAseq.g19561.t1",1,0,0,NA,NA,NA,NA,"ME0"
"Montipora_capitata_HIv3___RNAseq.g19565.t1",0,0,2,NA,NA,NA,NA,"ME9"
"Montipora_capitata_HIv3___TS.g33128.t1",0,0,1,0.000187963700093875,"Transient",3,0.645352879966874,"ME15"
"Montipora_capitata_HIv3___RNAseq.g19575.t1",1,0,0,0.0397652154479762,"Other",4,0.874957719226994,"ME7"
"Montipora_capitata_HIv3___RNAseq.g19578.t1",2,0,1,NA,NA,NA,NA,"ME2"
"Montipora_capitata_HIv3___TS.g33135.t1",0,1,0,NA,NA,NA,NA,"ME12"
"Montipora_capitata_HIv3___RNAseq.g19586.t1",1,0,0,NA,NA,NA,NA,"ME0"
"Montipora_capitata_HIv3___RNAseq.g19600.t1a",0,0,2,NA,NA,NA,NA,"ME21"
"Montipora_capitata_HIv3___RNAseq.g19604.t1",1,0,0,0.0260296368441234,"Monotonous",2,0.755300927414199,"ME20"
"Montipora_capitata_HIv3___RNAseq.g19606.t1",1,0,0,0.0275514380945407,"Other",5,0.527216548149253,"ME0"
"Montipora_capitata_HIv3___RNAseq.g19612.t1",1,0,0,NA,NA,NA,NA,"ME7"
"Montipora_capitata_HIv3___RNAseq.g19615.t1",0,2,0,NA,NA,NA,NA,"ME15"
"Montipora_capitata_HIv3___RNAseq.g19617.t1",1,0,0,NA,NA,NA,NA,"ME3"
"Montipora_capitata_HIv3___RNAseq.g19625.t1",0,0,1,NA,NA,NA,NA,"ME9"
"Montipora_capitata_HIv3___RNAseq.g19633.t1",0,1,0,NA,NA,NA,NA,"ME0"
"Montipora_capitata_HIv3___RNAseq.g19637.t1",2,0,0,NA,NA,NA,NA,"ME11"
"Montipora_capitata_HIv3___TS.g33194.t1",0,1,0,NA,NA,NA,NA,"ME4"
"Montipora_capitata_HIv3___RNAseq.g19642.t1",1,0,0,0.0184530971048701,"Other",2,0.717496994954865,"ME0"
"Montipora_capitata_HIv3___RNAseq.g19644.t1",1,0,0,9.0233555003418e-05,"Transient",2,0.554087823553366,"ME28"
"Montipora_capitata_HIv3___RNAseq.g19649.t1",0,2,1,NA,NA,NA,NA,"ME23"
"Montipora_capitata_HIv3___TS.g33207.t1",0,1,1,NA,NA,NA,NA,"ME0"
"Montipora_capitata_HIv3___TS.g33212.t1",1,0,0,NA,NA,NA,NA,"ME14"
"Montipora_capitata_HIv3___RNAseq.g19656.t1",0,1,0,NA,NA,NA,NA,"ME2"
"Montipora_capitata_HIv3___RNAseq.g19657.t1",0,1,0,NA,NA,NA,NA,"ME1"
"Montipora_capitata_HIv3___TS.g33216.t1",0,0,1,NA,NA,NA,NA,"ME0"
"Montipora_capitata_HIv3___RNAseq.g19661.t1",1,0,0,NA,NA,NA,NA,"ME1"
"Montipora_capitata_HIv3___RNAseq.g19673.t1",0,1,0,0.0175024011910115,"Other",6,0.959741107103759,"ME3"
"Montipora_capitata_HIv3___RNAseq.g19675.t1",0,1,0,NA,NA,NA,NA,"ME0"
"Montipora_capitata_HIv3___RNAseq.g19679.t1",0,1,0,NA,NA,NA,NA,"ME1"
"Montipora_capitata_HIv3___RNAseq.g19681.t1",0,0,1,NA,NA,NA,NA,"ME11"
"Montipora_capitata_HIv3___RNAseq.g19683.t1",4,0,0,NA,NA,NA,NA,"ME2"
"Montipora_capitata_HIv3___RNAseq.g19684.t1",0,0,1,NA,NA,NA,NA,"ME2"
"Montipora_capitata_HIv3___RNAseq.g19730.t1",1,0,0,NA,NA,NA,NA,"ME0"
"Montipora_capitata_HIv3___TS.g33312.t1",1,0,0,NA,NA,NA,NA,"ME2"
"Montipora_capitata_HIv3___RNAseq.g19826.t1",1,0,1,NA,NA,NA,NA,"ME1"
"Montipora_capitata_HIv3___RNAseq.g19830.t1",0,0,1,NA,NA,NA,NA,"ME1"
"Montipora_capitata_HIv3___RNAseq.g19691.t1",1,0,0,NA,NA,NA,NA,"ME5"
"Montipora_capitata_HIv3___RNAseq.g19699.t1",0,1,0,NA,NA,NA,NA,"ME0"
"Montipora_capitata_HIv3___RNAseq.g19708.t1",1,0,0,NA,NA,NA,NA,"ME3"
"Montipora_capitata_HIv3___TS.g33280.t1",1,1,0,NA,NA,NA,NA,"ME3"
"Montipora_capitata_HIv3___TS.g33282.t1",1,0,0,NA,NA,NA,NA,"ME3"
"Montipora_capitata_HIv3___TS.g33283.t2",1,0,0,NA,NA,NA,NA,"ME14"
"Montipora_capitata_HIv3___RNAseq.g19725.t1",0,1,1,NA,NA,NA,NA,"ME26"
"Montipora_capitata_HIv3___RNAseq.g19726.t1",0,1,0,NA,NA,NA,NA,"ME3"
"Montipora_capitata_HIv3___RNAseq.g19727.t1",2,0,0,NA,NA,NA,NA,"ME5"
"Montipora_capitata_HIv3___RNAseq.g19733.t1",0,1,0,NA,NA,NA,NA,"ME7"
"Montipora_capitata_HIv3___RNAseq.g19736.t1",0,0,1,NA,NA,NA,NA,"ME1"
"Montipora_capitata_HIv3___RNAseq.g19738.t1",0,1,1,0.000118171437352182,"Transient",2,0.804787803276308,"ME1"
"Montipora_capitata_HIv3___TS.g33301.t1",0,0,1,NA,NA,NA,NA,"ME2"
"Montipora_capitata_HIv3___TS.g33305.t1",0,1,1,NA,NA,NA,NA,"ME3"
"Montipora_capitata_HIv3___RNAseq.g19751.t1",1,0,0,NA,NA,NA,NA,"ME4"
"Montipora_capitata_HIv3___RNAseq.g19752.t1",1,0,0,NA,NA,NA,NA,"ME4"
"Montipora_capitata_HIv3___RNAseq.g19760.t1",0,0,1,NA,NA,NA,NA,"ME1"
"Montipora_capitata_HIv3___RNAseq.g19761.t1",1,0,1,0.0157078015902232,"Monotonous",2,0.98358572527193,"ME1"
"Montipora_capitata_HIv3___TS.g33327.t1",1,0,0,NA,NA,NA,NA,"ME4"
"Montipora_capitata_HIv3___RNAseq.g19763.t1",0,1,0,0.0104102020679399,"Other",6,0.917690809337482,"ME26"
"Montipora_capitata_HIv3___RNAseq.g19769.t1",1,0,0,7.91389870289311e-07,"Monotonous",1,0.887601490149954,"ME10"
"Montipora_capitata_HIv3___RNAseq.g19770.t2",0,1,0,0.00130979431430794,"Monotonous",1,0.828547257132936,"ME3"
"Montipora_capitata_HIv3___RNAseq.g19771.t1",0,1,1,0.000883151759806874,"Monotonous",2,0.535912654534388,"ME15"
"Montipora_capitata_HIv3___RNAseq.g19775.t1",2,0,0,NA,NA,NA,NA,"ME14"
"Montipora_capitata_HIv3___RNAseq.g19780.t1",0,1,1,NA,NA,NA,NA,"ME1"
"Montipora_capitata_HIv3___RNAseq.g19782.t1",1,0,0,NA,NA,NA,NA,"ME0"
"Montipora_capitata_HIv3___RNAseq.g19785.t1",1,0,0,NA,NA,NA,NA,"ME9"
"Montipora_capitata_HIv3___TS.g33368.t1",1,0,0,NA,NA,NA,NA,"ME1"
"Montipora_capitata_HIv3___TS.g33372.t1",0,0,1,NA,NA,NA,NA,"ME1"
"Montipora_capitata_HIv3___RNAseq.g19813.t1",0,0,1,NA,NA,NA,NA,"ME3"
"Montipora_capitata_HIv3___RNAseq.g19818.t1",0,1,0,NA,NA,NA,NA,"ME7"
"Montipora_capitata_HIv3___RNAseq.g19820.t1",1,0,0,0.0259393325658155,"Other",6,0.502409696061246,"ME10"
"Montipora_capitata_HIv3___RNAseq.g19823.t1",1,0,0,NA,NA,NA,NA,"ME4"
"Montipora_capitata_HIv3___RNAseq.g19829.t1",1,0,0,NA,NA,NA,NA,"ME4"
"Montipora_capitata_HIv3___RNAseq.g19832.t1b",1,0,0,NA,NA,NA,NA,"ME14"
"Montipora_capitata_HIv3___RNAseq.g19834.t1",1,2,0,NA,NA,NA,NA,"ME7"
"Montipora_capitata_HIv3___RNAseq.g19835.t1d",2,2,0,NA,NA,NA,NA,"ME2"
"Montipora_capitata_HIv3___RNAseq.g19835.t1c",2,1,0,NA,NA,NA,NA,"ME0"
"Montipora_capitata_HIv3___TS.g33400.t1",1,0,1,NA,NA,NA,NA,"ME7"
"Montipora_capitata_HIv3___RNAseq.g19841.t1",0,1,0,NA,NA,NA,NA,"ME12"
"Montipora_capitata_HIv3___RNAseq.g19850.t1",0,1,0,0.000227350141188898,"Transient",3,0.896386200328102,"ME1"
"Montipora_capitata_HIv3___RNAseq.g19851.t1",1,0,0,NA,NA,NA,NA,"ME5"
"Montipora_capitata_HIv3___RNAseq.g19853.t1",0,1,1,NA,NA,NA,NA,"ME1"
"Montipora_capitata_HIv3___RNAseq.g19854.t1",1,0,1,NA,NA,NA,NA,"ME1"
"Montipora_capitata_HIv3___TS.g33417.t1",1,0,1,NA,NA,NA,NA,"ME1"
"Montipora_capitata_HIv3___TS.g33419.t1",0,1,0,NA,NA,NA,NA,"ME14"
"Montipora_capitata_HIv3___RNAseq.g19858.t1",1,0,0,0.000213692135249485,"Transient",5,0.915946307601035,"ME6"
"Montipora_capitata_HIv3___RNAseq.g19865.t1",1,0,0,NA,NA,NA,NA,"ME0"
"Montipora_capitata_HIv3___RNAseq.g19868.t1",1,0,0,NA,NA,NA,NA,"ME3"
"Montipora_capitata_HIv3___TS.g33432.t1",1,0,0,NA,NA,NA,NA,"ME3"
"Montipora_capitata_HIv3___RNAseq.g19870.t1",1,0,0,NA,NA,NA,NA,"ME5"
"Montipora_capitata_HIv3___RNAseq.g19873.t1",1,0,0,NA,NA,NA,NA,"ME2"
"Montipora_capitata_HIv3___RNAseq.g19877.t1",1,0,0,NA,NA,NA,NA,"ME2"
"Montipora_capitata_HIv3___RNAseq.g19881.t1",1,0,0,NA,NA,NA,NA,"ME5"
"Montipora_capitata_HIv3___RNAseq.g19882.t1",0,0,2,0.0320408136049537,"Other",NA,NA,"ME18"
"Montipora_capitata_HIv3___TS.g33457.t1",0,1,0,0.0137531831768063,"Transient",3,0.630729991104417,"ME1"
"Montipora_capitata_HIv3___TS.g33506.t1",0,0,1,NA,NA,NA,NA,"ME4"
"Montipora_capitata_HIv3___RNAseq.g20275.t1",0,0,1,NA,NA,NA,NA,"ME2"
"Montipora_capitata_HIv3___RNAseq.g19899.t1",0,1,0,NA,NA,NA,NA,"ME3"
"Montipora_capitata_HIv3___RNAseq.g19900.t1",0,0,1,NA,NA,NA,NA,"ME0"
"Montipora_capitata_HIv3___RNAseq.g19904.t1",0,0,1,NA,NA,NA,NA,"ME1"
"Montipora_capitata_HIv3___RNAseq.g19905.t1",1,0,0,NA,NA,NA,NA,"ME1"
"Montipora_capitata_HIv3___RNAseq.23111_t",1,0,0,NA,NA,NA,NA,"ME0"
"Montipora_capitata_HIv3___RNAseq.g19907.t1",1,1,0,NA,NA,NA,NA,"ME1"
"Montipora_capitata_HIv3___RNAseq.23115_t",1,0,0,NA,NA,NA,NA,"ME0"
"Montipora_capitata_HIv3___RNAseq.g19909.t1",1,1,0,NA,NA,NA,NA,"ME1"
"Montipora_capitata_HIv3___RNAseq.g19915.t2",0,0,1,NA,NA,NA,NA,"ME1"
"Montipora_capitata_HIv3___RNAseq.g19916.t1",0,1,0,7.59674114758945e-07,"Monotonous",1,0.722076041526064,"ME3"
"Montipora_capitata_HIv3___TS.g33481.t1c",1,0,0,NA,NA,NA,NA,"ME5"
"Montipora_capitata_HIv3___TS.g33484.t1",0,2,1,NA,NA,NA,NA,"ME4"
"Montipora_capitata_HIv3___TS.g33485.t1",0,0,1,NA,NA,NA,NA,"ME1"
"Montipora_capitata_HIv3___RNAseq.g19926.t1",1,0,0,9.1400722994599e-06,"Monotonous",1,0.584758348468695,"ME3"
"Montipora_capitata_HIv3___RNAseq.g19929.t1",1,0,1,NA,NA,NA,NA,"ME0"
"Montipora_capitata_HIv3___RNAseq.23137_t",0,0,1,NA,NA,NA,NA,"ME2"
"Montipora_capitata_HIv3___TS.g33495.t1",0,0,3,NA,NA,NA,NA,"ME3"
"Montipora_capitata_HIv3___TS.g33497.t1",0,0,1,NA,NA,NA,NA,"ME27"
"Montipora_capitata_HIv3___RNAseq.g19949.t1",1,0,0,NA,NA,NA,NA,"ME3"
"Montipora_capitata_HIv3___RNAseq.g19951.t1",1,0,0,3.5995114798546e-05,"Transient",3,0.515630165283152,"ME16"
"Montipora_capitata_HIv3___RNAseq.g19957.t1",1,0,0,0.0183584891433418,"Other",6,0.896822372738922,"ME10"
"Montipora_capitata_HIv3___RNAseq.g19959.t1",0,1,0,0.00623245122263574,"Other",NA,NA,"ME5"
"Montipora_capitata_HIv3___RNAseq.g19967.t2",1,0,0,NA,NA,NA,NA,"ME8"
"Montipora_capitata_HIv3___RNAseq.g19977.t1",0,0,1,NA,NA,NA,NA,"ME3"
"Montipora_capitata_HIv3___RNAseq.g19982.t1a",1,0,0,NA,NA,NA,NA,"ME2"
"Montipora_capitata_HIv3___RNAseq.g19986.t1",1,0,0,NA,NA,NA,NA,"ME2"
"Montipora_capitata_HIv3___RNAseq.g19990.t1",0,0,1,NA,NA,NA,NA,"ME5"
"Montipora_capitata_HIv3___TS.g33553.t1",1,0,0,NA,NA,NA,NA,"ME3"
"Montipora_capitata_HIv3___RNAseq.g20004.t1",0,0,1,NA,NA,NA,NA,"ME2"
"Montipora_capitata_HIv3___RNAseq.g20010.t1",0,0,1,0.047903716216253,"Transient",1,0.505840636907004,"ME3"
"Montipora_capitata_HIv3___RNAseq.g20014.t1",1,1,0,NA,NA,NA,NA,"ME4"
"Montipora_capitata_HIv3___RNAseq.g20017.t1",1,0,1,NA,NA,NA,NA,"ME4"
"Montipora_capitata_HIv3___RNAseq.g20019.t1",1,0,0,NA,NA,NA,NA,"ME8"
"Montipora_capitata_HIv3___TS.g33589.t1",0,2,0,0.00062135809440498,"Monotonous",6,0.982937770252176,"ME9"
"Montipora_capitata_HIv3___TS.g33594.t1",1,0,1,NA,NA,NA,NA,"ME27"
"Montipora_capitata_HIv3___RNAseq.g20036.t1",1,0,0,6.93161621157722e-05,"Monotonous",6,0.984233762384904,"ME9"
"Montipora_capitata_HIv3___RNAseq.g20040.t1",1,0,1,0.00494559740997504,"Monotonous",6,0.958876408186921,"ME9"
"Montipora_capitata_HIv3___RNAseq.g20041.t1",1,0,0,NA,NA,NA,NA,"ME16"
"Montipora_capitata_HIv3___RNAseq.g20042.t1",0,0,1,0.0142234969012299,"Transient",3,0.954895267126468,"ME1"
"Montipora_capitata_HIv3___TS.g33605.t1",0,1,0,NA,NA,NA,NA,"ME1"
"Montipora_capitata_HIv3___RNAseq.g20058.t1b",0,0,1,NA,NA,NA,NA,"ME2"
"Montipora_capitata_HIv3___TS.g33630.t1",0,1,0,NA,NA,NA,NA,"ME0"
"Montipora_capitata_HIv3___RNAseq.g20076.t1",0,2,0,NA,NA,NA,NA,"ME1"
"Montipora_capitata_HIv3___RNAseq.g20078.t1",0,0,1,NA,NA,NA,NA,"ME3"
"Montipora_capitata_HIv3___RNAseq.g20079.t1",1,1,0,1.85452353551879e-15,"Monotonous",1,0.98583704627162,"ME3"
"Montipora_capitata_HIv3___TS.g33641.t1",0,1,0,7.82147682646575e-06,"Transient",6,0.531827427177608,"ME25"
"Montipora_capitata_HIv3___RNAseq.g20083.t1",0,0,1,NA,NA,NA,NA,"ME1"
"Montipora_capitata_HIv3___RNAseq.g20084.t1",0,0,1,NA,NA,NA,NA,"ME1"
"Montipora_capitata_HIv3___RNAseq.g20086.t1",0,0,1,NA,NA,NA,NA,"ME0"
"Montipora_capitata_HIv3___RNAseq.g20087.t1",1,0,0,NA,NA,NA,NA,"ME3"
"Montipora_capitata_HIv3___RNAseq.g20088.t1",1,0,1,NA,NA,NA,NA,"ME0"
"Montipora_capitata_HIv3___RNAseq.g20093.t1",2,1,0,1.46681458267733e-09,"Transient",NA,NA,"ME1"
"Montipora_capitata_HIv3___TS.g33658.t1",1,0,0,NA,NA,NA,NA,"ME2"
"Montipora_capitata_HIv3___TS.g33660.t2",1,0,0,0.00456533634107852,"Other",5,0.704411036309308,"ME17"
"Montipora_capitata_HIv3___RNAseq.g20095.t1",0,1,1,0.0439338304590353,"Other",2,0.967287151392932,"ME20"
"Montipora_capitata_HIv3___RNAseq.g20108.t1",1,0,0,NA,NA,NA,NA,"ME6"
"Montipora_capitata_HIv3___RNAseq.g20109.t1",0,1,1,NA,NA,NA,NA,"ME7"
"Montipora_capitata_HIv3___RNAseq.g20110.t1",0,1,0,NA,NA,NA,NA,"ME3"
"Montipora_capitata_HIv3___RNAseq.g20115.t1",1,0,0,NA,NA,NA,NA,"ME10"
"Montipora_capitata_HIv3___RNAseq.g20121.t1",1,0,0,0.0437188587974799,"Other",NA,NA,"ME28"
"Montipora_capitata_HIv3___RNAseq.g20126.t1",0,0,1,NA,NA,NA,NA,"ME9"
"Montipora_capitata_HIv3___RNAseq.g20127.t1",0,1,0,NA,NA,NA,NA,"ME10"
"Montipora_capitata_HIv3___RNAseq.g20129.t1",1,0,0,NA,NA,NA,NA,"ME5"
"Montipora_capitata_HIv3___RNAseq.g20131.t1c",0,0,1,NA,NA,NA,NA,"ME5"
"Montipora_capitata_HIv3___RNAseq.g20131.t1a",0,1,0,0.00165922201598704,"Other",4,0.507063830743475,"ME0"
"Montipora_capitata_HIv3___RNAseq.g20132.t1",1,0,0,NA,NA,NA,NA,"ME2"
"Montipora_capitata_HIv3___RNAseq.g20133.t1",0,0,1,NA,NA,NA,NA,"ME1"
"Montipora_capitata_HIv3___RNAseq.g20137.t1",1,1,0,0.0360429972355849,"Monotonous",1,0.93066675335417,"ME3"
"Montipora_capitata_HIv3___RNAseq.g20139.t1",1,0,0,NA,NA,NA,NA,"ME1"
"Montipora_capitata_HIv3___TS.g33706.t2",0,2,0,NA,NA,NA,NA,"ME0"
"Montipora_capitata_HIv3___RNAseq.g20144.t1",0,0,1,NA,NA,NA,NA,"ME1"
"Montipora_capitata_HIv3___RNAseq.g20147.t1",0,1,0,4.97542462125924e-08,"Monotonous",1,0.868653278911471,"ME3"
"Montipora_capitata_HIv3___RNAseq.g20149.t1",2,2,0,9.62532067268767e-05,"Transient",3,0.884704676224854,"ME8"
"Montipora_capitata_HIv3___RNAseq.g20150.t1",0,2,0,0.0375488013476708,"Monotonous",1,0.761930184508998,"ME10"
"Montipora_capitata_HIv3___RNAseq.g20152.t1",1,0,0,0.00564719584413637,"Transient",4,0.626116724138068,"ME6"
"Montipora_capitata_HIv3___RNAseq.g20157.t1",1,0,0,NA,NA,NA,NA,"ME5"
"Montipora_capitata_HIv3___TS.g33730.t1",1,0,1,0.0163310853294713,"Transient",3,0.792600874062942,"ME1"
"Montipora_capitata_HIv3___RNAseq.g20162.t1",1,0,1,NA,NA,NA,NA,"ME1"
"Montipora_capitata_HIv3___RNAseq.g20165.t1",1,0,0,NA,NA,NA,NA,"ME29"
"Montipora_capitata_HIv3___RNAseq.g20169.t1",0,2,0,NA,NA,NA,NA,"ME4"
"Montipora_capitata_HIv3___RNAseq.g20173.t1",0,2,1,NA,NA,NA,NA,"ME13"
"Montipora_capitata_HIv3___RNAseq.g20174.t1",0,1,0,9.39369639428396e-05,"Transient",3,0.87369025092321,"ME1"
"Montipora_capitata_HIv3___TS.g33745.t1",0,2,0,NA,NA,NA,NA,"ME5"
"Montipora_capitata_HIv3___RNAseq.g20178.t1",1,0,0,0.00141893596795048,"Transient",4,0.5337732685343,"ME6"
"Montipora_capitata_HIv3___TS.g33749.t1",0,0,1,0.000497538505122227,"Monotonous",6,0.93433183871537,"ME9"
"Montipora_capitata_HIv3___TS.g33750.t1",1,0,0,0.00105586440671505,"Other",1,0.542894121525688,"ME10"
"Montipora_capitata_HIv3___RNAseq.g20184.t1",1,0,0,0.00590782659640857,"Other",1,0.535164750517568,"ME10"
"Montipora_capitata_HIv3___RNAseq.g20189.t1b",0,0,1,NA,NA,NA,NA,"ME1"
"Montipora_capitata_HIv3___RNAseq.g20191.t1",1,0,0,NA,NA,NA,NA,"ME2"
"Montipora_capitata_HIv3___RNAseq.g20195.t1",1,0,0,0.00648859068205049,"Monotonous",2,0.75885326003612,"ME1"
"Montipora_capitata_HIv3___RNAseq.g20196.t1",1,0,0,NA,NA,NA,NA,"ME2"
"Montipora_capitata_HIv3___RNAseq.g20200.t1",0,1,0,NA,NA,NA,NA,"ME15"
"Montipora_capitata_HIv3___RNAseq.g20202.t1",1,0,0,NA,NA,NA,NA,"ME4"
"Montipora_capitata_HIv3___RNAseq.g20203.t1",1,1,0,NA,NA,NA,NA,"ME23"
"Montipora_capitata_HIv3___RNAseq.g20205.t1",1,1,0,NA,NA,NA,NA,"ME23"
"Montipora_capitata_HIv3___TS.g33778.t1b",0,1,0,0.0132024868430465,"Other",6,0.965546672795455,"ME9"
"Montipora_capitata_HIv3___RNAseq.g20216.t1",1,0,1,NA,NA,NA,NA,"ME0"
"Montipora_capitata_HIv3___RNAseq.g20218.t1",0,0,1,NA,NA,NA,NA,"ME5"
"Montipora_capitata_HIv3___RNAseq.g20219.t1",0,1,0,0.00229042752618874,"Transient",3,0.518268378474079,"ME5"
"Montipora_capitata_HIv3___RNAseq.g20220.t1",0,1,0,NA,NA,NA,NA,"ME19"
"Montipora_capitata_HIv3___RNAseq.g20225.t1",1,0,0,NA,NA,NA,NA,"ME20"
"Montipora_capitata_HIv3___TS.g33795.t1",1,0,0,NA,NA,NA,NA,"ME1"
"Montipora_capitata_HIv3___RNAseq.g20229.t1",0,1,0,NA,NA,NA,NA,"ME16"
"Montipora_capitata_HIv3___TS.g33801.t1",0,1,0,0.0134892613607349,"Monotonous",6,0.772677356310575,"ME3"
"Montipora_capitata_HIv3___RNAseq.g20242.t1",0,0,1,0.00152799407592357,"Other",4,0.911601677945837,"ME3"
"Montipora_capitata_HIv3___RNAseq.g20245.t1",0,1,0,NA,NA,NA,NA,"ME0"
"Montipora_capitata_HIv3___RNAseq.23476_t",0,1,0,NA,NA,NA,NA,"ME5"
"Montipora_capitata_HIv3___RNAseq.g20255.t1",0,1,0,NA,NA,NA,NA,"ME5"
"Montipora_capitata_HIv3___TS.g33825.t4",0,0,1,NA,NA,NA,NA,"ME1"
"Montipora_capitata_HIv3___RNAseq.g20261.t1",1,0,0,NA,NA,NA,NA,"ME21"
"Montipora_capitata_HIv3___RNAseq.g20265.t1",0,1,0,9.09474257386408e-06,"Monotonous",6,0.980437909558669,"ME9"
"Montipora_capitata_HIv3___RNAseq.g20266.t1",1,0,0,9.20575425208748e-05,"Monotonous",6,0.971796696531008,"ME9"
"Montipora_capitata_HIv3___TS.g33833.t1",1,0,0,0.000101374342939785,"Monotonous",6,0.989960737235814,"ME9"
"Montipora_capitata_HIv3___RNAseq.g20270.t1",0,1,0,0.0198745689120946,"Other",4,0.569358161719072,"ME19"
"Montipora_capitata_HIv3___RNAseq.g20272.t1",0,1,0,NA,NA,NA,NA,"ME1"
"Montipora_capitata_HIv3___RNAseq.g20280.t1",0,1,1,0.00189145617029382,"Monotonous",5,0.830853920067295,"ME3"
"Montipora_capitata_HIv3___RNAseq.g20282.t1",2,0,0,0.0296689876285407,"Other",NA,NA,"ME6"
"Montipora_capitata_HIv3___RNAseq.g20283.t1",0,1,0,NA,NA,NA,NA,"ME6"
"Montipora_capitata_HIv3___RNAseq.g20285.t2",0,1,0,NA,NA,NA,NA,"ME3"
"Montipora_capitata_HIv3___TS.g33854.t2",1,0,0,0.00571653287146299,"Monotonous",6,0.601150220923357,"ME3"
"Montipora_capitata_HIv3___TS.g33863.t3",1,0,0,NA,NA,NA,NA,"ME0"
"Montipora_capitata_HIv3___RNAseq.g20297.t1",0,2,0,0.0452693831933193,"Other",NA,NA,"ME8"
"Montipora_capitata_HIv3___TS.g34180.t1a",0,1,0,NA,NA,NA,NA,"ME7"
"Montipora_capitata_HIv3___RNAseq.g20339.t1",0,1,0,NA,NA,NA,NA,"ME0"
"Montipora_capitata_HIv3___TS.g33909.t1",0,1,0,NA,NA,NA,NA,"ME0"
"Montipora_capitata_HIv3___RNAseq.g20412.t1",1,0,0,NA,NA,NA,NA,"ME11"
"Montipora_capitata_HIv3___RNAseq.g20413.t1",0,1,0,NA,NA,NA,NA,"ME11"
"Montipora_capitata_HIv3___RNAseq.g20419.t1",1,0,0,NA,NA,NA,NA,"ME11"
"Montipora_capitata_HIv3___RNAseq.g20374.t1",1,0,0,NA,NA,NA,NA,"ME0"
"Montipora_capitata_HIv3___RNAseq.g20377.t1",0,1,0,NA,NA,NA,NA,"ME0"
"Montipora_capitata_HIv3___RNAseq.g20378.t1",0,1,0,NA,NA,NA,NA,"ME28"
"Montipora_capitata_HIv3___RNAseq.g20379.t1",0,1,0,NA,NA,NA,NA,"ME5"
"Montipora_capitata_HIv3___RNAseq.g20380.t1",1,0,0,NA,NA,NA,NA,"ME0"
"Montipora_capitata_HIv3___RNAseq.g20381.t1",0,0,1,NA,NA,NA,NA,"ME1"
"Montipora_capitata_HIv3___RNAseq.g20395.t1",0,1,0,NA,NA,NA,NA,"ME1"
"Montipora_capitata_HIv3___RNAseq.g20406.t1",1,0,0,0.00248898416573411,"Transient",4,0.719450865721588,"ME17"
"Montipora_capitata_HIv3___RNAseq.g20409.t1",1,0,0,NA,NA,NA,NA,"ME3"
"Montipora_capitata_HIv3___RNAseq.g20421.t1",1,0,0,NA,NA,NA,NA,"ME0"
"Montipora_capitata_HIv3___RNAseq.g20424.t1",0,0,1,3.47118598307388e-07,"Transient",4,0.712683352382096,"ME6"
"Montipora_capitata_HIv3___TS.g33999.t1",0,1,0,NA,NA,NA,NA,"ME1"
"Montipora_capitata_HIv3___RNAseq.g20433.t1",1,0,0,NA,NA,NA,NA,"ME5"
"Montipora_capitata_HIv3___RNAseq.g20434.t1",1,1,0,3.57874882609037e-05,"Monotonous",1,0.703207965682127,"ME3"
"Montipora_capitata_HIv3___RNAseq.g20435.t1",1,1,0,NA,NA,NA,NA,"ME1"
"Montipora_capitata_HIv3___RNAseq.g20438.t1",1,0,0,NA,NA,NA,NA,"ME6"
"Montipora_capitata_HIv3___TS.g34012.t1",1,0,0,NA,NA,NA,NA,"ME0"
"Montipora_capitata_HIv3___RNAseq.g20450.t1",1,1,0,NA,NA,NA,NA,"ME2"
"Montipora_capitata_HIv3___RNAseq.g20459.t1",2,0,0,NA,NA,NA,NA,"ME0"
"Montipora_capitata_HIv3___RNAseq.g20462.t1",0,0,1,NA,NA,NA,NA,"ME16"
"Montipora_capitata_HIv3___RNAseq.g20463.t1",0,1,0,NA,NA,NA,NA,"ME0"
"Montipora_capitata_HIv3___RNAseq.g20464.t1",1,1,0,NA,NA,NA,NA,"ME2"
"Montipora_capitata_HIv3___RNAseq.g20466.t3",1,1,0,NA,NA,NA,NA,"ME9"
"Montipora_capitata_HIv3___RNAseq.g20472.t1",1,1,1,NA,NA,NA,NA,"ME3"
"Montipora_capitata_HIv3___RNAseq.g20473.t1",0,0,1,NA,NA,NA,NA,"ME16"
"Montipora_capitata_HIv3___TS.g34043.t1",0,0,1,0.0365899484244294,"Other",4,0.908883248417866,"ME20"
"Montipora_capitata_HIv3___RNAseq.g20479.t1",0,0,1,0.0383495261250062,"Other",NA,NA,"ME5"
"Montipora_capitata_HIv3___RNAseq.g20481.t1",0,1,0,NA,NA,NA,NA,"ME1"
"Montipora_capitata_HIv3___RNAseq.g20488.t1",0,1,0,NA,NA,NA,NA,"ME2"
"Montipora_capitata_HIv3___RNAseq.g20492.t1",0,0,1,0.00623245122263574,"Transient",4,0.868513022421482,"ME6"
"Montipora_capitata_HIv3___RNAseq.g20498.t1",0,1,0,NA,NA,NA,NA,"ME15"
"Montipora_capitata_HIv3___RNAseq.g20508.t1",0,1,0,0.00516755899102304,"Other",4,0.693937901009797,"ME1"
"Montipora_capitata_HIv3___RNAseq.g20509.t1",1,0,0,NA,NA,NA,NA,"ME19"
"Montipora_capitata_HIv3___RNAseq.g20515.t1",0,1,0,NA,NA,NA,NA,"ME27"
"Montipora_capitata_HIv3___RNAseq.23741_t",1,0,0,NA,NA,NA,NA,"ME0"
"Montipora_capitata_HIv3___RNAseq.g20520.t1",0,1,0,NA,NA,NA,NA,"ME15"
"Montipora_capitata_HIv3___RNAseq.g20522.t1",0,0,1,NA,NA,NA,NA,"ME18"
"Montipora_capitata_HIv3___RNAseq.g20523.t1",0,0,1,NA,NA,NA,NA,"ME1"
"Montipora_capitata_HIv3___RNAseq.g20524.t1",0,0,1,NA,NA,NA,NA,"ME1"
"Montipora_capitata_HIv3___RNAseq.g20525.t1",0,0,1,NA,NA,NA,NA,"ME1"
"Montipora_capitata_HIv3___TS.g34091.t1",1,0,0,NA,NA,NA,NA,"ME7"
"Montipora_capitata_HIv3___RNAseq.g20529.t1",2,0,0,NA,NA,NA,NA,"ME24"
"Montipora_capitata_HIv3___RNAseq.g20531.t4",1,0,0,0.00166845517772258,"Monotonous",1,0.914068260928171,"ME10"
"Montipora_capitata_HIv3___TS.g34103.t1",1,0,0,NA,NA,NA,NA,"ME1"
"Montipora_capitata_HIv3___RNAseq.g20544.t1",2,0,0,2.07081594384423e-09,"Monotonous",6,0.771953840410317,"ME10"
"Montipora_capitata_HIv3___RNAseq.g20548.t1",1,0,0,NA,NA,NA,NA,"ME4"
"Montipora_capitata_HIv3___RNAseq.g20549.t1",0,1,0,NA,NA,NA,NA,"ME11"
"Montipora_capitata_HIv3___RNAseq.g20599.t1",0,1,0,NA,NA,NA,NA,"ME22"
"Montipora_capitata_HIv3___TS.g34570.t2",0,0,1,NA,NA,NA,NA,"ME3"
"Montipora_capitata_HIv3___TS.g34582.t1",0,0,1,NA,NA,NA,NA,"ME0"
"Montipora_capitata_HIv3___RNAseq.g21002.t1",1,0,0,0.000929990296669782,"Monotonous",6,0.566241908626786,"ME10"
"Montipora_capitata_HIv3___TS.g34584.t1",1,0,0,NA,NA,NA,NA,"ME0"
"Montipora_capitata_HIv3___RNAseq.g21016.t1",1,0,1,NA,NA,NA,NA,"ME3"
"Montipora_capitata_HIv3___RNAseq.g21018.t1",0,1,1,NA,NA,NA,NA,"ME3"
"Montipora_capitata_HIv3___RNAseq.g21019.t2",0,2,1,NA,NA,NA,NA,"ME2"
"Montipora_capitata_HIv3___RNAseq.g21021.t1",1,0,0,NA,NA,NA,NA,"ME6"
"Montipora_capitata_HIv3___RNAseq.g21029.t1",0,1,0,NA,NA,NA,NA,"ME1"
"Montipora_capitata_HIv3___TS.g34601.t1",1,0,0,0.0136152243681272,"Other",NA,NA,"ME13"
"Montipora_capitata_HIv3___RNAseq.g21033.t1",1,0,0,NA,NA,NA,NA,"ME3"
"Montipora_capitata_HIv3___TS.g34608.t1",1,0,0,NA,NA,NA,NA,"ME5"
"Montipora_capitata_HIv3___TS.g34622.t1",1,0,1,NA,NA,NA,NA,"ME1"
"Montipora_capitata_HIv3___TS.g34629.t1",0,1,0,NA,NA,NA,NA,"ME0"
"Montipora_capitata_HIv3___RNAseq.g21060.t1",0,0,1,NA,NA,NA,NA,"ME5"
"Montipora_capitata_HIv3___RNAseq.g21065.t1b",0,1,0,NA,NA,NA,NA,"ME0"
"Montipora_capitata_HIv3___TS.g34639.t1",0,1,0,NA,NA,NA,NA,"ME0"
"Montipora_capitata_HIv3___RNAseq.g20693.t1",0,0,1,NA,NA,NA,NA,"ME1"
"Montipora_capitata_HIv3___RNAseq.g20853.t1",0,0,1,NA,NA,NA,NA,"ME0"
"Montipora_capitata_HIv3___TS.g34536.t1",0,0,1,NA,NA,NA,NA,"ME11"
"Montipora_capitata_HIv3___RNAseq.g20962.t1",0,0,1,NA,NA,NA,NA,"ME0"
"Montipora_capitata_HIv3___RNAseq.g20963.t1",1,0,0,NA,NA,NA,NA,"ME11"
"Montipora_capitata_HIv3___RNAseq.g20987.t1",1,0,0,NA,NA,NA,NA,"ME11"
"Montipora_capitata_HIv3___RNAseq.g20626.t1",0,1,0,NA,NA,NA,NA,"ME3"
"Montipora_capitata_HIv3___RNAseq.g20635.t1",2,0,0,0.0283943165536576,"Other",2,0.534505189492555,"ME1"
"Montipora_capitata_HIv3___RNAseq.g20641.t1",1,1,0,NA,NA,NA,NA,"ME0"
"Montipora_capitata_HIv3___RNAseq.g20643.t1",1,0,0,NA,NA,NA,NA,"ME3"
"Montipora_capitata_HIv3___RNAseq.g20658.t1",1,0,0,NA,NA,NA,NA,"ME14"
"Montipora_capitata_HIv3___RNAseq.g20666.t1",0,1,0,NA,NA,NA,NA,"ME2"
"Montipora_capitata_HIv3___TS.g34240.t1",0,1,0,0.0404480321380333,"Other",4,0.888611298436544,"ME3"
"Montipora_capitata_HIv3___RNAseq.g20674.t2",0,1,0,NA,NA,NA,NA,"ME3"
"Montipora_capitata_HIv3___RNAseq.g20690.t1",0,0,1,NA,NA,NA,NA,"ME2"
"Montipora_capitata_HIv3___TS.g34270.t1",0,1,0,NA,NA,NA,NA,"ME2"
"Montipora_capitata_HIv3___RNAseq.g20713.t1",1,1,0,NA,NA,NA,NA,"ME0"
"Montipora_capitata_HIv3___RNAseq.g20729.t1",0,1,0,0.0141813470795044,"Monotonous",2,0.933232948592966,"ME1"
"Montipora_capitata_HIv3___RNAseq.g20732.t1",1,0,0,NA,NA,NA,NA,"ME4"
"Montipora_capitata_HIv3___RNAseq.g20742.t1",0,0,1,NA,NA,NA,NA,"ME2"
"Montipora_capitata_HIv3___RNAseq.g20745.t1",0,0,2,6.57322294881313e-06,"Monotonous",6,0.989336108122187,"ME9"
"Montipora_capitata_HIv3___RNAseq.g20746.t1",2,0,0,2.06444286223144e-05,"Monotonous",6,0.983315882434463,"ME9"
"Montipora_capitata_HIv3___RNAseq.g20748.t1",1,0,0,0.00195342286774995,"Monotonous",6,0.97492384638886,"ME9"
"Montipora_capitata_HIv3___RNAseq.g20752.t1c",0,1,0,3.93851626982893e-05,"Other",6,0.972013566714618,"ME9"
"Montipora_capitata_HIv3___TS.g34318.t1a",0,1,0,1.15023276146864e-05,"Monotonous",6,0.986038909730219,"ME9"
"Montipora_capitata_HIv3___TS.g34318.t1b",1,0,0,NA,NA,NA,NA,"ME18"
"Montipora_capitata_HIv3___TS.g34319.t1",0,1,0,NA,NA,NA,NA,"ME3"
"Montipora_capitata_HIv3___RNAseq.g20759.t1",0,1,0,NA,NA,NA,NA,"ME3"
"Montipora_capitata_HIv3___RNAseq.g20760.t1b",0,0,1,0.0146377906034186,"Transient",3,0.894685247862856,"ME1"
"Montipora_capitata_HIv3___RNAseq.g20765.t1",2,0,0,0.0491259195068804,"Transient",6,0.608720180922232,"ME9"
"Montipora_capitata_HIv3___TS.g34333.t1",0,1,0,NA,NA,NA,NA,"ME15"
"Montipora_capitata_HIv3___RNAseq.24006_t",1,0,0,0.00243260863680851,"Transient",5,0.826743386398959,"ME6"
"Montipora_capitata_HIv3___RNAseq.g20783.t1",0,1,1,NA,NA,NA,NA,"ME1"
"Montipora_capitata_HIv3___RNAseq.g20786.t1",1,0,0,NA,NA,NA,NA,"ME7"
"Montipora_capitata_HIv3___RNAseq.g20792.t1",0,1,1,0.000112232605097792,"Monotonous",2,0.868093963941329,"ME1"
"Montipora_capitata_HIv3___TS.g34358.t1",0,0,1,NA,NA,NA,NA,"ME3"
"Montipora_capitata_HIv3___RNAseq.g20800.t1",1,0,0,NA,NA,NA,NA,"ME1"
"Montipora_capitata_HIv3___RNAseq.g20811.t1",0,0,1,0.0279557786864783,"Transient",3,0.88613499772769,"ME1"
"Montipora_capitata_HIv3___TS.g34380.t1",1,0,0,NA,NA,NA,NA,"ME8"
"Montipora_capitata_HIv3___TS.g34393.t1a",1,0,0,NA,NA,NA,NA,"ME13"
"Montipora_capitata_HIv3___RNAseq.g20832.t1",1,0,0,NA,NA,NA,NA,"ME0"
"Montipora_capitata_HIv3___RNAseq.g20848.t1",1,0,0,8.28264223179851e-10,"Monotonous",1,0.874641180575223,"ME3"
"Montipora_capitata_HIv3___RNAseq.g20851.t1",1,0,0,NA,NA,NA,NA,"ME13"
"Montipora_capitata_HIv3___RNAseq.g20852.t1",1,0,0,NA,NA,NA,NA,"ME0"
"Montipora_capitata_HIv3___RNAseq.g20856.t1",0,0,1,6.2997396874007e-06,"Monotonous",6,0.917486916910225,"ME10"
"Montipora_capitata_HIv3___TS.g34432.t1",0,2,0,0.0186167165473212,"Other",1,0.595196694836866,"ME6"
"Montipora_capitata_HIv3___RNAseq.g20860.t1",1,0,0,NA,NA,NA,NA,"ME5"
"Montipora_capitata_HIv3___TS.g34434.t1",0,1,0,NA,NA,NA,NA,"ME9"
"Montipora_capitata_HIv3___RNAseq.g20861.t1",1,0,0,NA,NA,NA,NA,"ME6"
"Montipora_capitata_HIv3___RNAseq.g20863.t1",1,0,0,0.00020360100903528,"Monotonous",NA,NA,"ME3"
"Montipora_capitata_HIv3___RNAseq.g20864.t1",1,0,0,0.00427423232620689,"Transient",4,0.525057468877715,"ME3"
"Montipora_capitata_HIv3___RNAseq.g20865.t1",1,0,0,0.00375481200779375,"Transient",5,0.990014004084753,"ME17"
"Montipora_capitata_HIv3___RNAseq.g20866.t1",1,0,0,NA,NA,NA,NA,"ME19"
"Montipora_capitata_HIv3___TS.g34441.t1",0,0,1,NA,NA,NA,NA,"ME3"
"Montipora_capitata_HIv3___RNAseq.g20868.t1",0,0,1,NA,NA,NA,NA,"ME11"
"Montipora_capitata_HIv3___RNAseq.g20870.t1",0,0,1,NA,NA,NA,NA,"ME0"
"Montipora_capitata_HIv3___RNAseq.g20874.t1",1,0,0,NA,NA,NA,NA,"ME1"
"Montipora_capitata_HIv3___RNAseq.g20879.t1",1,0,0,NA,NA,NA,NA,"ME24"
"Montipora_capitata_HIv3___RNAseq.g20882.t1",1,1,1,NA,NA,NA,NA,"ME3"
"Montipora_capitata_HIv3___RNAseq.g20883.t1",1,0,1,0.041848626390115,"Other",4,0.819779351960252,"ME2"
"Montipora_capitata_HIv3___RNAseq.g20885.t1",0,2,0,2.39295875733515e-06,"Monotonous",6,0.985944790305838,"ME9"
"Montipora_capitata_HIv3___TS.g34464.t1",1,1,0,0.000175932618593569,"Monotonous",6,0.832576172436131,"ME10"
"Montipora_capitata_HIv3___RNAseq.g20897.t2",1,0,0,NA,NA,NA,NA,"ME4"
"Montipora_capitata_HIv3___RNAseq.g20902.t1",1,0,1,NA,NA,NA,NA,"ME5"
"Montipora_capitata_HIv3___RNAseq.g20903.t1",0,1,0,NA,NA,NA,NA,"ME5"
"Montipora_capitata_HIv3___TS.g34483.t1",1,1,0,0.0326900508010668,"Other",2,0.706888746144325,"ME1"
"Montipora_capitata_HIv3___RNAseq.g20912.t1",0,0,1,NA,NA,NA,NA,"ME20"
"Montipora_capitata_HIv3___RNAseq.g20926.t1",1,0,0,NA,NA,NA,NA,"ME2"
"Montipora_capitata_HIv3___RNAseq.g20932.t1",1,0,0,NA,NA,NA,NA,"ME4"
"Montipora_capitata_HIv3___RNAseq.24180_t",0,1,0,NA,NA,NA,NA,"ME11"
"Montipora_capitata_HIv3___RNAseq.g20948.t1b",0,1,0,NA,NA,NA,NA,"ME5"
"Montipora_capitata_HIv3___RNAseq.g20952.t1",0,0,1,0.000990904373649558,"Transient",5,0.838750003157529,"ME6"
"Montipora_capitata_HIv3___RNAseq.g20955.t1",0,1,0,NA,NA,NA,NA,"ME1"
"Montipora_capitata_HIv3___RNAseq.g20958.t1",0,0,1,NA,NA,NA,NA,"ME4"
"Montipora_capitata_HIv3___RNAseq.g20959.t1",1,0,0,NA,NA,NA,NA,"ME27"
"Montipora_capitata_HIv3___RNAseq.g20974.t1",0,1,0,NA,NA,NA,NA,"ME0"
"Montipora_capitata_HIv3___RNAseq.g20977.t1",0,2,0,NA,NA,NA,NA,"ME11"
"Montipora_capitata_HIv3___TS.g34553.t1",0,1,1,NA,NA,NA,NA,"ME28"
"Montipora_capitata_HIv3___RNAseq.g20985.t1",0,0,1,NA,NA,NA,NA,"ME3"
"Montipora_capitata_HIv3___TS.g34562.t1",0,4,0,NA,NA,NA,NA,"ME14"
"Montipora_capitata_HIv3___TS.g34563.t1",1,1,0,NA,NA,NA,NA,"ME19"
"Montipora_capitata_HIv3___RNAseq.g21230.t1",0,1,0,NA,NA,NA,NA,"ME11"
"Montipora_capitata_HIv3___RNAseq.g21165.t1",0,1,0,NA,NA,NA,NA,"ME0"
"Montipora_capitata_HIv3___RNAseq.g21199.t1",0,1,0,NA,NA,NA,NA,"ME0"
"Montipora_capitata_HIv3___RNAseq.g21164.t1",1,0,0,NA,NA,NA,NA,"ME0"
"Montipora_capitata_HIv3___RNAseq.g21176.t1",0,0,1,NA,NA,NA,NA,"ME2"
"Montipora_capitata_HIv3___RNAseq.g21195.t1",0,1,1,NA,NA,NA,NA,"ME14"
"Montipora_capitata_HIv3___RNAseq.g21428.t1",1,0,0,NA,NA,NA,NA,"ME1"
"Montipora_capitata_HIv3___RNAseq.g21442.t1",0,2,2,NA,NA,NA,NA,"ME2"
"Montipora_capitata_HIv3___RNAseq.g21448.t1",0,0,1,NA,NA,NA,NA,"ME3"
"Montipora_capitata_HIv3___TS.g34921.t1",0,0,1,NA,NA,NA,NA,"ME28"
"Montipora_capitata_HIv3___RNAseq.g21266.t1",0,1,0,0.0314346233541006,"Transient",3,0.6294317690644,"ME1"
"Montipora_capitata_HIv3___RNAseq.g21269.t2",1,0,0,NA,NA,NA,NA,"ME2"
"Montipora_capitata_HIv3___RNAseq.g21272.t1",1,0,0,NA,NA,NA,NA,"ME22"
"Montipora_capitata_HIv3___RNAseq.g21273.t1",1,0,1,NA,NA,NA,NA,"ME4"
"Montipora_capitata_HIv3___TS.g34845.t1",0,0,1,NA,NA,NA,NA,"ME0"
"Montipora_capitata_HIv3___RNAseq.g21276.t1",1,0,0,NA,NA,NA,NA,"ME13"
"Montipora_capitata_HIv3___RNAseq.g21286.t1",2,0,0,NA,NA,NA,NA,"ME9"
"Montipora_capitata_HIv3___RNAseq.g21291.t1",0,0,1,0.00612852034965346,"Other",1,0.796397595398913,"ME8"
"Montipora_capitata_HIv3___TS.g34862.t1",0,1,0,NA,NA,NA,NA,"ME1"
"Montipora_capitata_HIv3___RNAseq.g21296.t1",1,1,0,0.000809660127542545,"Transient",3,0.89217203310451,"ME1"
"Montipora_capitata_HIv3___RNAseq.g21297.t2",0,1,0,NA,NA,NA,NA,"ME0"
"Montipora_capitata_HIv3___RNAseq.g21298.t1",0,1,0,NA,NA,NA,NA,"ME29"
"Montipora_capitata_HIv3___TS.g34877.t1",0,1,0,0.00160856720041695,"Monotonous",6,0.994258026590856,"ME9"
"Montipora_capitata_HIv3___RNAseq.g21312.t1",0,0,1,0.0182739568616655,"Other",NA,NA,"ME4"
"Montipora_capitata_HIv3___RNAseq.g21327.t1",1,0,0,NA,NA,NA,NA,"ME5"
"Montipora_capitata_HIv3___RNAseq.g21332.t1",1,0,1,NA,NA,NA,NA,"ME4"
"Montipora_capitata_HIv3___RNAseq.g21339.t1",0,1,0,0.0087603613285456,"Transient",4,0.890355625474404,"ME0"
"Montipora_capitata_HIv3___TS.g34919.t1",1,1,0,NA,NA,NA,NA,"ME1"
"Montipora_capitata_HIv3___TS.g34920.t1",0,0,1,NA,NA,NA,NA,"ME10"
"Montipora_capitata_HIv3___RNAseq.g21347.t1b",1,0,0,NA,NA,NA,NA,"ME3"
"Montipora_capitata_HIv3___RNAseq.g21350.t1",0,0,1,NA,NA,NA,NA,"ME3"
"Montipora_capitata_HIv3___RNAseq.g21355.t1",0,1,0,NA,NA,NA,NA,"ME2"
"Montipora_capitata_HIv3___TS.g34940.t1",1,0,0,NA,NA,NA,NA,"ME6"
"Montipora_capitata_HIv3___RNAseq.g21359.t1",0,1,0,NA,NA,NA,NA,"ME31"
"Montipora_capitata_HIv3___RNAseq.g21360.t1",0,1,0,NA,NA,NA,NA,"ME11"
"Montipora_capitata_HIv3___RNAseq.g21361.t1",0,1,0,0.000161859859544672,"Transient",4,0.713264483482304,"ME3"
"Montipora_capitata_HIv3___RNAseq.g21375.t1",1,0,0,NA,NA,NA,NA,"ME5"
"Montipora_capitata_HIv3___RNAseq.g21382.t1",0,1,0,NA,NA,NA,NA,"ME1"
"Montipora_capitata_HIv3___TS.g34966.t1e",1,0,0,0.0412376512877746,"Other",6,0.660186345297233,"ME8"
"Montipora_capitata_HIv3___TS.g34967.t1",1,0,0,0.0357052396003917,"Other",6,0.596515995065441,"ME0"
"Montipora_capitata_HIv3___RNAseq.g21393.t1",2,0,0,NA,NA,NA,NA,"ME12"
"Montipora_capitata_HIv3___RNAseq.g21394.t1",2,1,0,NA,NA,NA,NA,"ME2"
"Montipora_capitata_HIv3___RNAseq.g21397.t1a",1,0,0,NA,NA,NA,NA,"ME3"
"Montipora_capitata_HIv3___RNAseq.g21415.t1",1,0,0,NA,NA,NA,NA,"ME3"
"Montipora_capitata_HIv3___TS.g35637.t1a",1,0,0,NA,NA,NA,NA,"ME2"
"Montipora_capitata_HIv3___TS.g35649.t1",1,0,0,0.00424338355124819,"Monotonous",6,0.6755447038173,"ME3"
"Montipora_capitata_HIv3___RNAseq.g22037.t1",0,1,0,NA,NA,NA,NA,"ME1"
"Montipora_capitata_HIv3___RNAseq.g22044.t1",0,2,0,NA,NA,NA,NA,"ME0"
"Montipora_capitata_HIv3___TS.g35664.t1",0,0,1,NA,NA,NA,NA,"ME8"
"Montipora_capitata_HIv3___RNAseq.g22051.t1",1,0,0,NA,NA,NA,NA,"ME3"
"Montipora_capitata_HIv3___TS.g35676.t1",0,1,0,NA,NA,NA,NA,"ME6"
"Montipora_capitata_HIv3___RNAseq.g22126.t1",0,0,1,NA,NA,NA,NA,"ME0"
"Montipora_capitata_HIv3___RNAseq.g22093.t1",1,1,1,NA,NA,NA,NA,"ME1"
"Montipora_capitata_HIv3___TS.g35746.t1",1,0,0,NA,NA,NA,NA,"ME1"
"Montipora_capitata_HIv3___TS.g35694.t1",1,0,0,0.000497521911955915,"Transient",5,0.730224449823155,"ME29"
"Montipora_capitata_HIv3___TS.g35701.t1",0,0,1,0.00723851272765833,"Transient",5,0.934326689380945,"ME6"
"Montipora_capitata_HIv3___RNAseq.g22088.t1",1,0,0,0.0149552279242138,"Transient",5,0.934520836800601,"ME6"
"Montipora_capitata_HIv3___RNAseq.g22095.t1",0,1,0,0.0164369914766469,"Other",1,0.70981815616972,"ME29"
"Montipora_capitata_HIv3___RNAseq.g22096.t1b",2,0,0,NA,NA,NA,NA,"ME1"
"Montipora_capitata_HIv3___TS.g35729.t1a",0,1,0,NA,NA,NA,NA,"ME24"
"Montipora_capitata_HIv3___TS.g35739.t2",0,0,1,0.0107275602120439,"Transient",5,0.693556270173939,"ME6"
"Montipora_capitata_HIv3___RNAseq.g22116.t1",1,0,0,NA,NA,NA,NA,"ME0"
"Montipora_capitata_HIv3___RNAseq.g22117.t1",0,0,1,NA,NA,NA,NA,"ME15"
"Montipora_capitata_HIv3___RNAseq.g21649.t1",1,0,0,NA,NA,NA,NA,"ME0"
"Montipora_capitata_HIv3___RNAseq.g21653.t1",1,0,0,NA,NA,NA,NA,"ME0"
"Montipora_capitata_HIv3___RNAseq.g21692.t1",0,1,0,NA,NA,NA,NA,"ME0"
"Montipora_capitata_HIv3___RNAseq.g21872.t1",0,0,1,NA,NA,NA,NA,"ME0"
"Montipora_capitata_HIv3___RNAseq.g21498.t1",1,0,0,NA,NA,NA,NA,"ME0"
"Montipora_capitata_HIv3___TS.g35113.t1",0,1,0,NA,NA,NA,NA,"ME3"
"Montipora_capitata_HIv3___RNAseq.g21553.t1",1,0,0,NA,NA,NA,NA,"ME12"
"Montipora_capitata_HIv3___TS.g35134.t1",0,0,1,NA,NA,NA,NA,"ME22"
"Montipora_capitata_HIv3___RNAseq.g21576.t1",1,0,0,NA,NA,NA,NA,"ME3"
"Montipora_capitata_HIv3___RNAseq.g21577.t1",1,0,0,0.0493159251420533,"Monotonous",2,0.690936162284402,"ME0"
"Montipora_capitata_HIv3___RNAseq.g21578.t1a",1,0,0,0.00329860266034371,"Transient",4,0.875797316492441,"ME3"
"Montipora_capitata_HIv3___RNAseq.g21578.t1b",1,0,0,2.65208172319452e-06,"Transient",3,0.787423760707597,"ME1"
"Montipora_capitata_HIv3___TS.g35163.t1",0,0,1,NA,NA,NA,NA,"ME18"
"Montipora_capitata_HIv3___RNAseq.g21583.t1",1,0,0,NA,NA,NA,NA,"ME1"
"Montipora_capitata_HIv3___RNAseq.g21605.t1",0,0,1,NA,NA,NA,NA,"ME1"
"Montipora_capitata_HIv3___RNAseq.g21613.t1",1,1,0,0.00345658458426385,"Other",3,0.515444530937138,"ME15"
"Montipora_capitata_HIv3___RNAseq.g21620.t1",1,0,0,4.67997593501527e-06,"Monotonous",1,0.546639731058457,"ME3"
"Montipora_capitata_HIv3___RNAseq.g21621.t1",2,1,0,NA,NA,NA,NA,"ME4"
"Montipora_capitata_HIv3___RNAseq.g21628.t1",1,0,0,NA,NA,NA,NA,"ME0"
"Montipora_capitata_HIv3___RNAseq.g21630.t1",0,1,0,0.012443485340912,"Other",2,0.803729812726283,"ME19"
"Montipora_capitata_HIv3___RNAseq.g21632.t1",1,0,0,NA,NA,NA,NA,"ME3"
"Montipora_capitata_HIv3___RNAseq.g21633.t1",1,0,0,0.0113437074900241,"Transient",5,0.918040922071107,"ME6"
"Montipora_capitata_HIv3___RNAseq.g21635.t1",1,1,0,NA,NA,NA,NA,"ME3"
"Montipora_capitata_HIv3___RNAseq.g21637.t1",0,1,0,NA,NA,NA,NA,"ME5"
"Montipora_capitata_HIv3___RNAseq.g21646.t1",0,1,0,NA,NA,NA,NA,"ME12"
"Montipora_capitata_HIv3___RNAseq.g21654.t1",2,0,0,NA,NA,NA,NA,"ME4"
"Montipora_capitata_HIv3___TS.g35239.t3",1,0,0,NA,NA,NA,NA,"ME23"
"Montipora_capitata_HIv3___RNAseq.g21691.t1",1,0,0,5.74967141557537e-05,"Transient",4,0.882255111011249,"ME28"
"Montipora_capitata_HIv3___RNAseq.g21699.t1",0,3,0,NA,NA,NA,NA,"ME0"
"Montipora_capitata_HIv3___TS.g35289.t2",0,3,0,0.000284745604555589,"Transient",3,0.873900113792105,"ME1"
"Montipora_capitata_HIv3___TS.g35290.t1",1,0,0,NA,NA,NA,NA,"ME4"
"Montipora_capitata_HIv3___RNAseq.g21704.t1",0,1,0,NA,NA,NA,NA,"ME13"
"Montipora_capitata_HIv3___TS.g35299.t1",1,0,0,NA,NA,NA,NA,"ME3"
"Montipora_capitata_HIv3___RNAseq.g21711.t1",1,0,0,NA,NA,NA,NA,"ME0"
"Montipora_capitata_HIv3___RNAseq.g21712.t1",1,0,0,0.000398081463876766,"Monotonous",6,0.709048467935489,"ME9"
"Montipora_capitata_HIv3___RNAseq.g21810.t1",1,0,0,NA,NA,NA,NA,"ME1"
"Montipora_capitata_HIv3___RNAseq.g21813.t1",1,0,0,NA,NA,NA,NA,"ME0"
"Montipora_capitata_HIv3___RNAseq.g21827.t1",1,0,0,NA,NA,NA,NA,"ME24"
"Montipora_capitata_HIv3___RNAseq.g21828.t1",0,0,1,NA,NA,NA,NA,"ME5"
"Montipora_capitata_HIv3___RNAseq.g21884.t1",1,0,0,NA,NA,NA,NA,"ME3"
"Montipora_capitata_HIv3___RNAseq.g21887.t1",1,0,1,0.00175027166259887,"Transient",4,0.837009025505946,"ME17"
"Montipora_capitata_HIv3___RNAseq.g21888.t1",1,0,0,NA,NA,NA,NA,"ME4"
"Montipora_capitata_HIv3___RNAseq.g21894.t1a",0,0,1,NA,NA,NA,NA,"ME1"
"Montipora_capitata_HIv3___RNAseq.g21897.t1",1,0,0,NA,NA,NA,NA,"ME1"
"Montipora_capitata_HIv3___RNAseq.g21898.t1",1,0,0,NA,NA,NA,NA,"ME15"
"Montipora_capitata_HIv3___RNAseq.g21903.t1",0,0,1,NA,NA,NA,NA,"ME3"
"Montipora_capitata_HIv3___RNAseq.g21904.t1",0,1,0,NA,NA,NA,NA,"ME6"
"Montipora_capitata_HIv3___RNAseq.g21912.t1",0,1,0,NA,NA,NA,NA,"ME1"
"Montipora_capitata_HIv3___RNAseq.g21913.t1",0,1,0,NA,NA,NA,NA,"ME1"
"Montipora_capitata_HIv3___RNAseq.g21916.t1",0,0,1,NA,NA,NA,NA,"ME24"
"Montipora_capitata_HIv3___RNAseq.g21920.t1",0,1,0,NA,NA,NA,NA,"ME17"
"Montipora_capitata_HIv3___TS.g35517.t1",1,0,0,NA,NA,NA,NA,"ME0"
"Montipora_capitata_HIv3___RNAseq.g21923.t1",0,0,1,0.0379046389777786,"Transient",NA,NA,"ME20"
"Montipora_capitata_HIv3___RNAseq.g21930.t1",0,1,1,NA,NA,NA,NA,"ME11"
"Montipora_capitata_HIv3___TS.g35530.t1",1,0,0,NA,NA,NA,NA,"ME1"
"Montipora_capitata_HIv3___TS.g35533.t1",1,1,1,NA,NA,NA,NA,"ME0"
"Montipora_capitata_HIv3___RNAseq.g21936.t1",0,1,0,NA,NA,NA,NA,"ME2"
"Montipora_capitata_HIv3___RNAseq.g21937.t1b",0,1,0,NA,NA,NA,NA,"ME0"
"Montipora_capitata_HIv3___RNAseq.g21945.t1",0,1,0,NA,NA,NA,NA,"ME3"
"Montipora_capitata_HIv3___RNAseq.g21947.t1",1,0,1,NA,NA,NA,NA,"ME10"
"Montipora_capitata_HIv3___RNAseq.g21963.t1",0,1,0,NA,NA,NA,NA,"ME3"
"Montipora_capitata_HIv3___RNAseq.g21965.t1",0,1,1,NA,NA,NA,NA,"ME0"
"Montipora_capitata_HIv3___RNAseq.g21970.t1",0,0,1,NA,NA,NA,NA,"ME0"
"Montipora_capitata_HIv3___RNAseq.g21972.t1",0,1,0,NA,NA,NA,NA,"ME2"
"Montipora_capitata_HIv3___RNAseq.g21987.t1b",0,1,0,NA,NA,NA,NA,"ME11"
"Montipora_capitata_HIv3___TS.g35598.t1",2,0,0,NA,NA,NA,NA,"ME3"
"Montipora_capitata_HIv3___TS.g35613.t1",0,0,1,NA,NA,NA,NA,"ME0"
"Montipora_capitata_HIv3___RNAseq.g22005.t1",0,1,0,NA,NA,NA,NA,"ME3"
"Montipora_capitata_HIv3___RNAseq.g22173.t1",0,1,0,NA,NA,NA,NA,"ME0"
"Montipora_capitata_HIv3___RNAseq.g22198.t1a",1,0,0,NA,NA,NA,NA,"ME0"
"Montipora_capitata_HIv3___RNAseq.g22138.t1a",0,1,0,NA,NA,NA,NA,"ME0"
"Montipora_capitata_HIv3___RNAseq.g22141.t1",1,1,0,NA,NA,NA,NA,"ME5"
"Montipora_capitata_HIv3___RNAseq.g22144.t1",1,0,0,1.02195533855155e-09,"Transient",3,0.594075322680602,"ME1"
"Montipora_capitata_HIv3___RNAseq.g22146.t1",0,1,0,NA,NA,NA,NA,"ME5"
"Montipora_capitata_HIv3___RNAseq.g22147.t1",1,0,0,0.0177986510025228,"Other",5,0.970451679358392,"ME6"
"Montipora_capitata_HIv3___RNAseq.g22148.t1",1,1,0,NA,NA,NA,NA,"ME12"
"Montipora_capitata_HIv3___RNAseq.g22352.t1",0,0,1,NA,NA,NA,NA,"ME11"
"Montipora_capitata_HIv3___TS.g35865.t1",0,1,0,NA,NA,NA,NA,"ME11"
"Montipora_capitata_HIv3___RNAseq.g22230.t1",2,1,0,NA,NA,NA,NA,"ME2"
"Montipora_capitata_HIv3___RNAseq.g22245.t1a",1,0,0,NA,NA,NA,NA,"ME4"
"Montipora_capitata_HIv3___RNAseq.g22256.t1",1,0,0,NA,NA,NA,NA,"ME8"
"Montipora_capitata_HIv3___RNAseq.g22258.t1",0,2,0,NA,NA,NA,NA,"ME29"
"Montipora_capitata_HIv3___TS.g35891.t1",1,0,0,NA,NA,NA,NA,"ME11"
"Montipora_capitata_HIv3___RNAseq.g22405.t1",0,0,1,NA,NA,NA,NA,"ME1"
"Montipora_capitata_HIv3___RNAseq.g22408.t1",0,0,1,4.68995017783491e-24,"Transient",3,0.959708978028824,"ME1"
"Montipora_capitata_HIv3___RNAseq.g22460.t1",0,0,1,NA,NA,NA,NA,"ME0"
"Montipora_capitata_HIv3___RNAseq.g22735.t1",0,0,1,NA,NA,NA,NA,"ME0"
"Montipora_capitata_HIv3___RNAseq.g22932.t1",0,0,1,NA,NA,NA,NA,"ME3"
"Montipora_capitata_HIv3___RNAseq.g22410.t1",1,0,0,NA,NA,NA,NA,"ME0"
"Montipora_capitata_HIv3___RNAseq.g22419.t1",0,0,1,NA,NA,NA,NA,"ME0"
"Montipora_capitata_HIv3___RNAseq.g22421.t1",1,0,0,0.000119398181349869,"Transient",6,0.763714696175325,"ME26"
"Montipora_capitata_HIv3___TS.g36073.t1",1,0,0,NA,NA,NA,NA,"ME2"
"Montipora_capitata_HIv3___RNAseq.g22449.t1",0,1,0,2.95242429997915e-06,"Monotonous",6,0.989710642015274,"ME10"
"Montipora_capitata_HIv3___RNAseq.g22451.t1",0,1,0,NA,NA,NA,NA,"ME6"
"Montipora_capitata_HIv3___TS.g36078.t1",0,0,1,NA,NA,NA,NA,"ME7"
"Montipora_capitata_HIv3___RNAseq.g22463.t1",0,0,1,NA,NA,NA,NA,"ME1"
"Montipora_capitata_HIv3___TS.g36097.t2",0,0,1,NA,NA,NA,NA,"ME17"
"Montipora_capitata_HIv3___RNAseq.g22475.t1",0,0,1,NA,NA,NA,NA,"ME8"
"Montipora_capitata_HIv3___RNAseq.g22476.t1",0,0,1,NA,NA,NA,NA,"ME3"
"Montipora_capitata_HIv3___RNAseq.g22481.t1",1,0,0,NA,NA,NA,NA,"ME3"
"Montipora_capitata_HIv3___RNAseq.g22485.t1",1,0,0,NA,NA,NA,NA,"ME15"
"Montipora_capitata_HIv3___TS.g36120.t1",0,0,1,2.96451245782428e-05,"Monotonous",1,0.960922830231455,"ME8"
"Montipora_capitata_HIv3___RNAseq.g22494.t1",0,0,1,NA,NA,NA,NA,"ME3"
"Montipora_capitata_HIv3___RNAseq.g22497.t1",0,2,0,NA,NA,NA,NA,"ME3"
"Montipora_capitata_HIv3___RNAseq.g22503.t1",1,0,0,NA,NA,NA,NA,"ME13"
"Montipora_capitata_HIv3___RNAseq.g22507.t1",0,0,1,NA,NA,NA,NA,"ME0"
"Montipora_capitata_HIv3___RNAseq.g22522.t1",0,1,0,NA,NA,NA,NA,"ME0"
"Montipora_capitata_HIv3___RNAseq.g22525.t1",1,0,0,NA,NA,NA,NA,"ME8"
"Montipora_capitata_HIv3___TS.g36154.t1",1,0,0,NA,NA,NA,NA,"ME0"
"Montipora_capitata_HIv3___TS.g36156.t1",1,0,0,NA,NA,NA,NA,"ME0"
"Montipora_capitata_HIv3___RNAseq.g22533.t1",1,0,0,NA,NA,NA,NA,"ME28"
"Montipora_capitata_HIv3___RNAseq.g22545.t1",0,1,0,NA,NA,NA,NA,"ME2"
"Montipora_capitata_HIv3___RNAseq.g22553.t1c",0,0,1,NA,NA,NA,NA,"ME3"
"Montipora_capitata_HIv3___RNAseq.g22578.t1a",0,0,1,NA,NA,NA,NA,"ME2"
"Montipora_capitata_HIv3___RNAseq.g22587.t1",0,1,0,0.00624953113477076,"Transient",5,0.808691381427255,"ME6"
"Montipora_capitata_HIv3___RNAseq.g22588.t1",0,0,1,NA,NA,NA,NA,"ME2"
"Montipora_capitata_HIv3___RNAseq.g22589.t1",0,1,0,NA,NA,NA,NA,"ME1"
"Montipora_capitata_HIv3___RNAseq.g22590.t1",0,1,0,NA,NA,NA,NA,"ME0"
"Montipora_capitata_HIv3___RNAseq.g22595.t1",0,1,0,NA,NA,NA,NA,"ME13"
"Montipora_capitata_HIv3___RNAseq.25957_t",0,0,1,NA,NA,NA,NA,"ME2"
"Montipora_capitata_HIv3___RNAseq.g22598.t1",0,0,1,0.000929704343632717,"Transient",4,0.890263074544315,"ME7"
"Montipora_capitata_HIv3___RNAseq.g22600.t1",1,0,0,NA,NA,NA,NA,"ME11"
"Montipora_capitata_HIv3___RNAseq.g22601.t1",0,0,1,0.0376886750253188,"Other",4,0.507053330142769,"ME0"
"Montipora_capitata_HIv3___RNAseq.g22611.t4",2,0,0,NA,NA,NA,NA,"ME2"
"Montipora_capitata_HIv3___RNAseq.g22627.t1",1,1,0,NA,NA,NA,NA,"ME1"
"Montipora_capitata_HIv3___RNAseq.g22636.t1",2,0,0,0.00811636408744521,"Monotonous",6,0.751889972228777,"ME8"
"Montipora_capitata_HIv3___RNAseq.g22646.t1",1,0,0,NA,NA,NA,NA,"ME4"
"Montipora_capitata_HIv3___RNAseq.g22664.t1",0,0,1,NA,NA,NA,NA,"ME0"
"Montipora_capitata_HIv3___RNAseq.g22665.t1",1,0,0,NA,NA,NA,NA,"ME14"
"Montipora_capitata_HIv3___RNAseq.g22673.t1",0,0,1,NA,NA,NA,NA,"ME5"
"Montipora_capitata_HIv3___RNAseq.g22677.t1",1,0,0,NA,NA,NA,NA,"ME5"
"Montipora_capitata_HIv3___RNAseq.g22679.t1",1,0,0,NA,NA,NA,NA,"ME0"
"Montipora_capitata_HIv3___RNAseq.g22684.t1",0,0,1,NA,NA,NA,NA,"ME1"
"Montipora_capitata_HIv3___RNAseq.g22699.t1",1,0,0,NA,NA,NA,NA,"ME2"
"Montipora_capitata_HIv3___TS.g36327.t1",0,0,1,NA,NA,NA,NA,"ME19"
"Montipora_capitata_HIv3___TS.g36329.t1",1,0,0,NA,NA,NA,NA,"ME2"
"Montipora_capitata_HIv3___RNAseq.g22709.t1",1,1,0,NA,NA,NA,NA,"ME2"
"Montipora_capitata_HIv3___RNAseq.g22713.t1",1,1,0,NA,NA,NA,NA,"ME14"
"Montipora_capitata_HIv3___TS.g36335.t3",0,1,0,NA,NA,NA,NA,"ME10"
"Montipora_capitata_HIv3___RNAseq.g22722.t1",0,1,1,NA,NA,NA,NA,"ME0"
"Montipora_capitata_HIv3___RNAseq.26084_t",1,0,0,1.38200753136586e-07,"Monotonous",1,0.972324026660933,"ME3"
"Montipora_capitata_HIv3___RNAseq.g22724.t1",1,0,0,0.000325436930667745,"Monotonous",1,0.94281804406421,"ME3"
"Montipora_capitata_HIv3___TS.g36344.t1",0,0,2,0.0149644815830372,"Other",2,0.670138305660931,"ME2"
"Montipora_capitata_HIv3___RNAseq.g22727.t1",0,0,1,0.00969572235028832,"Transient",3,0.821589621205483,"ME1"
"Montipora_capitata_HIv3___RNAseq.g22728.t1",0,0,1,NA,NA,NA,NA,"ME5"
"Montipora_capitata_HIv3___RNAseq.g22731.t1",0,0,1,0.0312384849727961,"Other",5,0.952558430621044,"ME6"
"Montipora_capitata_HIv3___RNAseq.g22734.t1",1,0,0,NA,NA,NA,NA,"ME3"
"Montipora_capitata_HIv3___RNAseq.g22736.t1",0,0,1,NA,NA,NA,NA,"ME0"
"Montipora_capitata_HIv3___RNAseq.g22745.t1",1,0,0,NA,NA,NA,NA,"ME0"
"Montipora_capitata_HIv3___RNAseq.g22746.t1a",1,0,0,NA,NA,NA,NA,"ME1"
"Montipora_capitata_HIv3___RNAseq.g22766.t1",0,0,2,NA,NA,NA,NA,"ME7"
"Montipora_capitata_HIv3___RNAseq.g22772.t1",0,1,0,0.000142834019884517,"Transient",6,0.574306841435926,"ME25"
"Montipora_capitata_HIv3___RNAseq.g22776.t1",1,0,1,0.0197407778095914,"Monotonous",2,0.789465378305886,"ME1"
"Montipora_capitata_HIv3___TS.g36402.t1",0,0,1,NA,NA,NA,NA,"ME1"
"Montipora_capitata_HIv3___RNAseq.g22782.t1",0,1,0,NA,NA,NA,NA,"ME2"
"Montipora_capitata_HIv3___RNAseq.g22786.t1",0,0,2,NA,NA,NA,NA,"ME0"
"Montipora_capitata_HIv3___RNAseq.g22788.t1",0,0,1,NA,NA,NA,NA,"ME5"
"Montipora_capitata_HIv3___RNAseq.g22799.t1",0,0,1,6.31002809726301e-05,"Monotonous",6,0.989777545954007,"ME9"
"Montipora_capitata_HIv3___RNAseq.g22807.t1",1,0,0,NA,NA,NA,NA,"ME8"
"Montipora_capitata_HIv3___RNAseq.g22811.t1",1,0,0,0.0101867026437464,"Other",4,0.786289140107534,"ME2"
"Montipora_capitata_HIv3___RNAseq.g22813.t1",1,0,0,8.39636331547372e-10,"Transient",4,0.926645221721833,"ME0"
"Montipora_capitata_HIv3___RNAseq.g22814.t1",1,0,0,NA,NA,NA,NA,"ME18"
"Montipora_capitata_HIv3___RNAseq.g22815.t1",1,0,0,NA,NA,NA,NA,"ME1"
"Montipora_capitata_HIv3___TS.g36433.t2",1,1,0,NA,NA,NA,NA,"ME2"
"Montipora_capitata_HIv3___RNAseq.g22819.t1",0,0,1,NA,NA,NA,NA,"ME3"
"Montipora_capitata_HIv3___RNAseq.g22823.t1",1,0,0,0.0024476830544796,"Transient",2,0.671780520872913,"ME0"
"Montipora_capitata_HIv3___RNAseq.g22824.t1",1,0,1,NA,NA,NA,NA,"ME3"
"Montipora_capitata_HIv3___RNAseq.g22825.t1",1,0,0,NA,NA,NA,NA,"ME22"
"Montipora_capitata_HIv3___RNAseq.g22826.t1",0,1,0,0.0270428515330342,"Other",1,0.662512915701159,"ME8"
"Montipora_capitata_HIv3___RNAseq.g22834.t1",0,2,0,0.000703107918324781,"Transient",4,0.963543439883089,"ME6"
"Montipora_capitata_HIv3___RNAseq.g22835.t1",1,0,0,0.00153191302846386,"Monotonous",2,0.666484098693037,"ME1"
"Montipora_capitata_HIv3___TS.g36456.t1",1,0,0,6.45553797245394e-09,"Transient",1,0.622705333861088,"ME25"
"Montipora_capitata_HIv3___RNAseq.g22838.t1",1,0,0,NA,NA,NA,NA,"ME1"
"Montipora_capitata_HIv3___RNAseq.g22842.t1",0,1,0,NA,NA,NA,NA,"ME2"
"Montipora_capitata_HIv3___RNAseq.g22843.t1",0,1,0,5.80157772140764e-08,"Monotonous",1,0.840885384105035,"ME3"
"Montipora_capitata_HIv3___TS.g36463.t1",1,0,0,NA,NA,NA,NA,"ME0"
"Montipora_capitata_HIv3___RNAseq.g22845.t1",1,0,0,NA,NA,NA,NA,"ME0"
"Montipora_capitata_HIv3___RNAseq.g22852.t1",0,1,0,0.00291167257856293,"Transient",5,0.917361371608684,"ME3"
"Montipora_capitata_HIv3___RNAseq.g22853.t1",0,1,0,NA,NA,NA,NA,"ME6"
"Montipora_capitata_HIv3___RNAseq.g22854.t1",0,2,1,0.0399626273673731,"Other",1,0.551422911506718,"ME8"
"Montipora_capitata_HIv3___RNAseq.g22855.t2",1,0,1,NA,NA,NA,NA,"ME12"
"Montipora_capitata_HIv3___RNAseq.g22861.t1",1,0,0,1.7715737201553e-07,"Transient",5,0.709384379857709,"ME17"
"Montipora_capitata_HIv3___RNAseq.g22862.t1",1,0,0,NA,NA,NA,NA,"ME2"
"Montipora_capitata_HIv3___RNAseq.g22865.t1",1,0,0,0.000366750299851456,"Other",2,0.643277532367744,"ME1"
"Montipora_capitata_HIv3___RNAseq.g22871.t1",0,0,1,NA,NA,NA,NA,"ME13"
"Montipora_capitata_HIv3___RNAseq.g22872.t1",0,2,0,NA,NA,NA,NA,"ME1"
"Montipora_capitata_HIv3___RNAseq.g22874.t1",0,1,0,NA,NA,NA,NA,"ME17"
"Montipora_capitata_HIv3___RNAseq.g22875.t1",0,1,0,NA,NA,NA,NA,"ME3"
"Montipora_capitata_HIv3___RNAseq.g22877.t1",1,0,0,0.00701552610880789,"Other",5,0.586876238999651,"ME0"
"Montipora_capitata_HIv3___RNAseq.g22881.t1",0,1,0,NA,NA,NA,NA,"ME5"
"Montipora_capitata_HIv3___RNAseq.g22882.t1",0,1,0,NA,NA,NA,NA,"ME4"
"Montipora_capitata_HIv3___RNAseq.g22883.t1",1,0,1,NA,NA,NA,NA,"ME17"
"Montipora_capitata_HIv3___RNAseq.26252_t",1,0,0,2.99707837736122e-06,"Monotonous",6,0.680102413146417,"ME9"
"Montipora_capitata_HIv3___RNAseq.g22884.t1",1,0,0,NA,NA,NA,NA,"ME1"
"Montipora_capitata_HIv3___RNAseq.g22899.t1",2,0,0,NA,NA,NA,NA,"ME1"
"Montipora_capitata_HIv3___RNAseq.g22901.t1",2,0,0,NA,NA,NA,NA,"ME23"
"Montipora_capitata_HIv3___RNAseq.g22910.t2",0,0,1,NA,NA,NA,NA,"ME14"
"Montipora_capitata_HIv3___TS.g36542.t1",0,1,0,NA,NA,NA,NA,"ME3"
"Montipora_capitata_HIv3___RNAseq.g22928.t1",2,0,0,NA,NA,NA,NA,"ME5"
"Montipora_capitata_HIv3___RNAseq.g22931.t1",0,0,1,NA,NA,NA,NA,"ME5"
"Montipora_capitata_HIv3___RNAseq.g22935.t1",2,0,0,NA,NA,NA,NA,"ME3"
"Montipora_capitata_HIv3___RNAseq.g22940.t1a",1,0,0,NA,NA,NA,NA,"ME2"
"Montipora_capitata_HIv3___RNAseq.g22941.t1",1,0,0,NA,NA,NA,NA,"ME2"
"Montipora_capitata_HIv3___RNAseq.g22964.t1",1,0,0,NA,NA,NA,NA,"ME3"
"Montipora_capitata_HIv3___RNAseq.g22966.t1",0,1,0,NA,NA,NA,NA,"ME2"
"Montipora_capitata_HIv3___RNAseq.g22973.t1",0,1,0,0.00686491529217446,"Monotonous",2,0.737091260266242,"ME1"
"Montipora_capitata_HIv3___RNAseq.g22995.t2",0,1,0,0.0111354841115223,"Other",1,0.830410928314902,"ME10"
"Montipora_capitata_HIv3___RNAseq.g22996.t1",0,0,1,0.000323438586209107,"Monotonous",1,0.847722338844402,"ME3"
"Montipora_capitata_HIv3___RNAseq.g23003.t1",0,2,0,NA,NA,NA,NA,"ME1"
"Montipora_capitata_HIv3___RNAseq.g23016.t1",0,1,0,NA,NA,NA,NA,"ME5"
"Montipora_capitata_HIv3___RNAseq.g23017.t1",1,1,0,NA,NA,NA,NA,"ME0"
"Montipora_capitata_HIv3___RNAseq.g23024.t1",0,0,1,NA,NA,NA,NA,"ME25"
"Montipora_capitata_HIv3___RNAseq.g23025.t1",1,1,0,0.0486430570137928,"Other",2,0.595266495116302,"ME0"
"Montipora_capitata_HIv3___RNAseq.g23031.t1",0,0,1,NA,NA,NA,NA,"ME1"
"Montipora_capitata_HIv3___RNAseq.g23035.t1",1,1,0,0.000300592478432814,"Transient",3,0.929271919312595,"ME1"
"Montipora_capitata_HIv3___RNAseq.g23036.t1",1,0,0,NA,NA,NA,NA,"ME0"
"Montipora_capitata_HIv3___RNAseq.g23044.t1",1,0,0,0.0288374442017728,"Other",3,0.960372535295761,"ME1"
"Montipora_capitata_HIv3___RNAseq.g23045.t1",1,0,0,0.000428655316087608,"Monotonous",2,0.667275201415109,"ME1"
"Montipora_capitata_HIv3___RNAseq.g23046.t1",1,0,0,7.97526517840048e-09,"Transient",3,0.59222242451308,"ME1"
"Montipora_capitata_HIv3___RNAseq.g23047.t1",0,0,1,NA,NA,NA,NA,"ME1"
"Montipora_capitata_HIv3___RNAseq.g23050.t1",1,0,0,NA,NA,NA,NA,"ME2"
"Montipora_capitata_HIv3___RNAseq.g23056.t1",0,1,0,NA,NA,NA,NA,"ME0"
"Montipora_capitata_HIv3___TS.g36683.t1",0,1,0,NA,NA,NA,NA,"ME14"
"Montipora_capitata_HIv3___RNAseq.g23064.t2",0,1,0,NA,NA,NA,NA,"ME5"
"Montipora_capitata_HIv3___RNAseq.g23073.t1",1,0,0,0.000698805103503262,"Transient",2,0.806616539875892,"ME1"
"Montipora_capitata_HIv3___RNAseq.g23074.t1",1,0,0,3.77701575109366e-06,"Monotonous",6,0.899128640985856,"ME9"
"Montipora_capitata_HIv3___RNAseq.g23079.t1",1,0,0,0.0312542281229758,"Other",4,0.678022794354451,"ME7"
"Montipora_capitata_HIv3___RNAseq.g23080.t1",0,1,0,0.0323934596609016,"Monotonous",2,0.672179420118011,"ME20"
"Montipora_capitata_HIv3___RNAseq.g23083.t1b",0,1,0,NA,NA,NA,NA,"ME2"
"Montipora_capitata_HIv3___RNAseq.g23091.t1",0,1,0,NA,NA,NA,NA,"ME2"
"Montipora_capitata_HIv3___RNAseq.g23095.t1",1,0,0,NA,NA,NA,NA,"ME0"
"Montipora_capitata_HIv3___RNAseq.g23101.t1",1,0,0,NA,NA,NA,NA,"ME21"
"Montipora_capitata_HIv3___RNAseq.g23103.t1",0,1,0,NA,NA,NA,NA,"ME7"
"Montipora_capitata_HIv3___RNAseq.g23105.t1",0,1,0,9.71010942997545e-06,"Transient",4,0.910207061096442,"ME0"
"Montipora_capitata_HIv3___RNAseq.g23106.t1",0,0,1,NA,NA,NA,NA,"ME0"
"Montipora_capitata_HIv3___RNAseq.g23117.t1",0,1,0,NA,NA,NA,NA,"ME4"
"Montipora_capitata_HIv3___TS.g36808.t1",1,0,0,NA,NA,NA,NA,"ME0"
"Montipora_capitata_HIv3___TS.g36944.t1",0,0,1,NA,NA,NA,NA,"ME1"
"Montipora_capitata_HIv3___RNAseq.g23337.t1b",0,0,1,NA,NA,NA,NA,"ME0"
"Montipora_capitata_HIv3___RNAseq.g23461.t1",0,0,1,NA,NA,NA,NA,"ME0"
"Montipora_capitata_HIv3___TS.g37245.t1",1,1,0,NA,NA,NA,NA,"ME27"
"Montipora_capitata_HIv3___RNAseq.g23615.t1",1,0,0,NA,NA,NA,NA,"ME11"
"Montipora_capitata_HIv3___TS.g36736.t1",0,2,0,NA,NA,NA,NA,"ME24"
"Montipora_capitata_HIv3___RNAseq.g23119.t1",1,0,0,0.0437005171683926,"Other",5,0.593128395842369,"ME0"
"Montipora_capitata_HIv3___RNAseq.g23145.t1",0,1,0,NA,NA,NA,NA,"ME0"
"Montipora_capitata_HIv3___RNAseq.g23148.t1b",0,1,0,NA,NA,NA,NA,"ME2"
"Montipora_capitata_HIv3___RNAseq.g23148.t1a",0,1,0,NA,NA,NA,NA,"ME4"
"Montipora_capitata_HIv3___TS.g36774.t2",0,0,1,NA,NA,NA,NA,"ME2"
"Montipora_capitata_HIv3___RNAseq.g23156.t1",1,0,0,NA,NA,NA,NA,"ME2"
"Montipora_capitata_HIv3___RNAseq.g23159.t1",1,0,0,NA,NA,NA,NA,"ME2"
"Montipora_capitata_HIv3___RNAseq.g23160.t1",0,0,1,NA,NA,NA,NA,"ME8"
"Montipora_capitata_HIv3___TS.g36789.t1",2,0,0,NA,NA,NA,NA,"ME4"
"Montipora_capitata_HIv3___TS.g36790.t1",0,1,0,NA,NA,NA,NA,"ME3"
"Montipora_capitata_HIv3___RNAseq.g23178.t1",1,0,0,NA,NA,NA,NA,"ME4"
"Montipora_capitata_HIv3___RNAseq.g23191.t1",0,0,1,NA,NA,NA,NA,"ME0"
"Montipora_capitata_HIv3___RNAseq.g23192.t1",1,0,0,NA,NA,NA,NA,"ME0"
"Montipora_capitata_HIv3___RNAseq.g23193.t1",0,1,0,NA,NA,NA,NA,"ME0"
"Montipora_capitata_HIv3___TS.g36825.t1",0,0,1,NA,NA,NA,NA,"ME16"
"Montipora_capitata_HIv3___RNAseq.g23204.t1a",0,1,0,NA,NA,NA,NA,"ME3"
"Montipora_capitata_HIv3___RNAseq.g23206.t1",0,0,1,0.000282583731261667,"Monotonous",6,0.646153613445903,"ME8"
"Montipora_capitata_HIv3___TS.g36834.t2",0,1,0,NA,NA,NA,NA,"ME22"
"Montipora_capitata_HIv3___TS.g36836.t1",1,0,0,NA,NA,NA,NA,"ME14"
"Montipora_capitata_HIv3___RNAseq.g23210.t1",1,0,0,0.000134797921253613,"Transient",5,0.908410710732425,"ME6"
"Montipora_capitata_HIv3___TS.g36839.t1",2,0,1,NA,NA,NA,NA,"ME26"
"Montipora_capitata_HIv3___RNAseq.g23214.t1b",0,0,1,NA,NA,NA,NA,"ME0"
"Montipora_capitata_HIv3___RNAseq.g23214.t1a",1,0,0,NA,NA,NA,NA,"ME27"
"Montipora_capitata_HIv3___RNAseq.g23216.t1b",0,0,1,NA,NA,NA,NA,"ME27"
"Montipora_capitata_HIv3___RNAseq.g23216.t1a",1,0,0,NA,NA,NA,NA,"ME27"
"Montipora_capitata_HIv3___RNAseq.g23223.t1",0,0,1,6.52404864152894e-05,"Transient",NA,NA,"ME20"
"Montipora_capitata_HIv3___RNAseq.g23232.t1",1,0,0,NA,NA,NA,NA,"ME28"
"Montipora_capitata_HIv3___RNAseq.g23233.t1",0,0,1,3.13967933764386e-05,"Monotonous",6,0.896231939819108,"ME8"
"Montipora_capitata_HIv3___RNAseq.g23236.t1",1,0,0,NA,NA,NA,NA,"ME9"
"Montipora_capitata_HIv3___RNAseq.g23252.t1",0,1,0,NA,NA,NA,NA,"ME2"
"Montipora_capitata_HIv3___RNAseq.g23255.t1",0,1,0,NA,NA,NA,NA,"ME13"
"Montipora_capitata_HIv3___RNAseq.g23256.t1",0,1,0,NA,NA,NA,NA,"ME1"
"Montipora_capitata_HIv3___RNAseq.g23257.t1",1,0,0,NA,NA,NA,NA,"ME3"
"Montipora_capitata_HIv3___RNAseq.g23263.t1",1,0,0,0.00802527585301706,"Transient",2,0.608401252216855,"ME1"
"Montipora_capitata_HIv3___RNAseq.g23271.t1",0,0,1,NA,NA,NA,NA,"ME4"
"Montipora_capitata_HIv3___TS.g36895.t1",1,0,0,0.013075195628393,"Other",1,0.674907523291871,"ME8"
"Montipora_capitata_HIv3___RNAseq.26700_t",1,0,0,NA,NA,NA,NA,"ME2"
"Montipora_capitata_HIv3___TS.g36908.t1",1,0,0,0.0146998344463709,"Monotonous",3,0.822112272092278,"ME15"
"Montipora_capitata_HIv3___RNAseq.g23293.t1",1,0,0,NA,NA,NA,NA,"ME0"
"Montipora_capitata_HIv3___RNAseq.g23294.t1",1,0,0,NA,NA,NA,NA,"ME26"
"Montipora_capitata_HIv3___RNAseq.g23295.t1",1,1,0,NA,NA,NA,NA,"ME22"
"Montipora_capitata_HIv3___RNAseq.g23296.t1",1,0,0,0.00161290881659079,"Transient",4,0.943743883356486,"ME7"
"Montipora_capitata_HIv3___RNAseq.g23299.t1",0,0,1,NA,NA,NA,NA,"ME7"
"Montipora_capitata_HIv3___RNAseq.g23300.t1",0,1,0,NA,NA,NA,NA,"ME0"
"Montipora_capitata_HIv3___RNAseq.g23303.t1",1,0,0,0.00287220925644154,"Other",2,0.534806210372057,"ME19"
"Montipora_capitata_HIv3___RNAseq.g23304.t1",0,1,0,NA,NA,NA,NA,"ME2"
"Montipora_capitata_HIv3___RNAseq.g23307.t1a",0,0,1,NA,NA,NA,NA,"ME0"
"Montipora_capitata_HIv3___RNAseq.g23309.t1",2,0,0,NA,NA,NA,NA,"ME22"
"Montipora_capitata_HIv3___TS.g36935.t1",1,1,0,NA,NA,NA,NA,"ME16"
"Montipora_capitata_HIv3___RNAseq.g23321.t1",0,1,0,0.00072566342450761,"Transient",2,0.816537102380976,"ME1"
"Montipora_capitata_HIv3___RNAseq.g23322.t1",1,0,0,NA,NA,NA,NA,"ME1"
"Montipora_capitata_HIv3___RNAseq.g23332.t1",1,1,0,NA,NA,NA,NA,"ME4"
"Montipora_capitata_HIv3___RNAseq.g23339.t1",2,0,0,0.00363351396802563,"Other",4,0.666342406282441,"ME7"
"Montipora_capitata_HIv3___RNAseq.g23342.t1",0,1,0,1.32229309621105e-16,"Transient",3,0.988280430748811,"ME1"
"Montipora_capitata_HIv3___RNAseq.g23343.t1",0,1,0,0.0139376169235828,"Other",1,0.713332289418944,"ME3"
"Montipora_capitata_HIv3___RNAseq.g23345.t1",0,0,2,NA,NA,NA,NA,"ME6"
"Montipora_capitata_HIv3___RNAseq.g23346.t1",1,0,0,NA,NA,NA,NA,"ME2"
"Montipora_capitata_HIv3___RNAseq.g23350.t1",0,0,1,NA,NA,NA,NA,"ME1"
"Montipora_capitata_HIv3___RNAseq.g23352.t1",1,0,0,0.0180870965105984,"Other",2,0.652043562520063,"ME1"
"Montipora_capitata_HIv3___RNAseq.g23354.t1",0,2,1,NA,NA,NA,NA,"ME25"
"Montipora_capitata_HIv3___RNAseq.g23355.t1",1,0,0,0.0240960284359092,"Other",NA,NA,"ME1"
"Montipora_capitata_HIv3___RNAseq.g23357.t1",1,0,0,NA,NA,NA,NA,"ME1"
"Montipora_capitata_HIv3___RNAseq.g23358.t1",1,0,0,0.0148735128945247,"Transient",3,0.634975358642942,"ME1"
"Montipora_capitata_HIv3___RNAseq.g23360.t1",0,2,0,NA,NA,NA,NA,"ME6"
"Montipora_capitata_HIv3___TS.g36981.t1",0,2,0,NA,NA,NA,NA,"ME8"
"Montipora_capitata_HIv3___TS.g36982.t2",0,0,1,NA,NA,NA,NA,"ME2"
"Montipora_capitata_HIv3___RNAseq.g23363.t1",0,0,1,NA,NA,NA,NA,"ME29"
"Montipora_capitata_HIv3___RNAseq.g23377.t1",1,0,0,0.00125283010694508,"Transient",5,0.833780991439172,"ME17"
"Montipora_capitata_HIv3___RNAseq.g23380.t1",0,1,0,NA,NA,NA,NA,"ME1"
"Montipora_capitata_HIv3___RNAseq.g23386.t1",0,0,1,0.000282583731261667,"Monotonous",1,0.620145347270161,"ME10"
"Montipora_capitata_HIv3___RNAseq.g23388.t1",0,0,2,NA,NA,NA,NA,"ME15"
"Montipora_capitata_HIv3___RNAseq.g23389.t1",1,0,0,NA,NA,NA,NA,"ME4"
"Montipora_capitata_HIv3___RNAseq.g23391.t1a",1,0,0,NA,NA,NA,NA,"ME8"
"Montipora_capitata_HIv3___RNAseq.g23393.t1",1,0,0,0.00348188760260343,"Monotonous",6,0.882258529768364,"ME8"
"Montipora_capitata_HIv3___RNAseq.g23394.t1",1,0,0,NA,NA,NA,NA,"ME9"
"Montipora_capitata_HIv3___RNAseq.g23395.t1",0,1,1,NA,NA,NA,NA,"ME5"
"Montipora_capitata_HIv3___RNAseq.g23396.t1",1,0,0,0.000491483806735141,"Monotonous",1,0.743740190658993,"ME10"
"Montipora_capitata_HIv3___RNAseq.g23399.t2",0,0,1,0.0087603613285456,"Monotonous",NA,NA,"ME25"
"Montipora_capitata_HIv3___RNAseq.g23403.t1",1,1,0,1.38209084632641e-11,"Monotonous",1,0.900758950429201,"ME3"
"Montipora_capitata_HIv3___RNAseq.g23405.t1",2,1,0,0.00304821330306271,"Other",1,0.712952747442771,"ME5"
"Montipora_capitata_HIv3___RNAseq.g23407.t1",2,0,0,NA,NA,NA,NA,"ME14"
"Montipora_capitata_HIv3___RNAseq.g23409.t1",2,0,0,NA,NA,NA,NA,"ME0"
"Montipora_capitata_HIv3___RNAseq.g23413.t1",1,0,0,0.0255422236230862,"Other",2,0.763839322680103,"ME1"
"Montipora_capitata_HIv3___TS.g37041.t2",1,0,0,NA,NA,NA,NA,"ME6"
"Montipora_capitata_HIv3___TS.g37049.t1",1,0,0,NA,NA,NA,NA,"ME3"
"Montipora_capitata_HIv3___TS.g37051.t2",1,0,0,0.0433198903413378,"Other",5,0.774354025274089,"ME3"
"Montipora_capitata_HIv3___TS.g37053.t1",0,1,0,0.0282623672467799,"Transient",5,0.957119457171619,"ME3"
"Montipora_capitata_HIv3___RNAseq.g23430.t1",0,1,0,NA,NA,NA,NA,"ME6"
"Montipora_capitata_HIv3___RNAseq.g23432.t1",0,0,1,0.0285841663862685,"Monotonous",5,0.84305569458534,"ME3"
"Montipora_capitata_HIv3___RNAseq.g23433.t2",1,0,0,NA,NA,NA,NA,"ME14"
"Montipora_capitata_HIv3___RNAseq.g23434.t1",0,3,0,NA,NA,NA,NA,"ME23"
"Montipora_capitata_HIv3___RNAseq.g23435.t1",0,1,0,NA,NA,NA,NA,"ME23"
"Montipora_capitata_HIv3___TS.g37066.t1",0,0,1,NA,NA,NA,NA,"ME3"
"Montipora_capitata_HIv3___RNAseq.g23440.t1",1,0,0,NA,NA,NA,NA,"ME23"
"Montipora_capitata_HIv3___RNAseq.g23446.t1",0,0,1,NA,NA,NA,NA,"ME6"
"Montipora_capitata_HIv3___RNAseq.g23447.t1",2,0,0,0.0219870153087251,"Monotonous",2,0.962157964799094,"ME1"
"Montipora_capitata_HIv3___RNAseq.g23449.t1",0,0,1,NA,NA,NA,NA,"ME7"
"Montipora_capitata_HIv3___RNAseq.g23454.t1",0,0,1,0.00241389019026711,"Transient",4,0.919315094019381,"ME7"
"Montipora_capitata_HIv3___RNAseq.g23457.t1",0,1,0,3.08434904935709e-05,"Monotonous",1,0.770836383376631,"ME10"
"Montipora_capitata_HIv3___RNAseq.g23460.t1",1,0,0,NA,NA,NA,NA,"ME0"
"Montipora_capitata_HIv3___TS.g37098.t2",0,0,1,4.14355751103103e-06,"Monotonous",1,0.885914858195773,"ME10"
"Montipora_capitata_HIv3___RNAseq.g23472.t1",1,0,0,NA,NA,NA,NA,"ME3"
"Montipora_capitata_HIv3___RNAseq.g23473.t1",1,0,0,NA,NA,NA,NA,"ME21"
"Montipora_capitata_HIv3___RNAseq.g23478.t1",1,0,1,NA,NA,NA,NA,"ME11"
"Montipora_capitata_HIv3___RNAseq.g23479.t1",0,1,0,NA,NA,NA,NA,"ME8"
"Montipora_capitata_HIv3___RNAseq.g23481.t1",0,1,0,NA,NA,NA,NA,"ME13"
"Montipora_capitata_HIv3___RNAseq.g23484.t1",1,0,0,NA,NA,NA,NA,"ME8"
"Montipora_capitata_HIv3___RNAseq.g23487.t1",1,1,0,NA,NA,NA,NA,"ME6"
"Montipora_capitata_HIv3___RNAseq.g23488.t1",1,1,0,NA,NA,NA,NA,"ME7"
"Montipora_capitata_HIv3___RNAseq.g23489.t1",1,1,0,NA,NA,NA,NA,"ME22"
"Montipora_capitata_HIv3___RNAseq.g23490.t1",1,1,0,NA,NA,NA,NA,"ME7"
"Montipora_capitata_HIv3___TS.g37125.t1",0,3,0,0.010140861746486,"Monotonous",NA,NA,"ME25"
"Montipora_capitata_HIv3___RNAseq.g23495.t1",1,0,0,NA,NA,NA,NA,"ME8"
"Montipora_capitata_HIv3___RNAseq.g23501.t1",1,0,0,0.0476783741597469,"Other",NA,NA,"ME13"
"Montipora_capitata_HIv3___RNAseq.g23502.t1",2,0,0,0.00794785136518551,"Transient",5,0.713068261815804,"ME3"
"Montipora_capitata_HIv3___RNAseq.g23505.t1",0,0,1,0.000291747881385568,"Monotonous",2,0.7447116424754,"ME0"
"Montipora_capitata_HIv3___RNAseq.g23511.t1",0,0,1,NA,NA,NA,NA,"ME0"
"Montipora_capitata_HIv3___TS.g37151.t1",0,1,0,NA,NA,NA,NA,"ME16"
"Montipora_capitata_HIv3___RNAseq.g23516.t2",1,0,0,NA,NA,NA,NA,"ME0"
"Montipora_capitata_HIv3___RNAseq.g23517.t1",1,0,0,NA,NA,NA,NA,"ME15"
"Montipora_capitata_HIv3___TS.g37162.t1",1,0,0,NA,NA,NA,NA,"ME1"
"Montipora_capitata_HIv3___TS.g37164.t2",0,0,1,0.00621236892034425,"Transient",4,0.639404813369129,"ME28"
"Montipora_capitata_HIv3___RNAseq.g23529.t1",1,0,0,3.96117295462025e-05,"Monotonous",6,0.671733741236624,"ME10"
"Montipora_capitata_HIv3___RNAseq.g23531.t1",0,0,1,NA,NA,NA,NA,"ME2"
"Montipora_capitata_HIv3___RNAseq.g23536.t1",1,0,0,NA,NA,NA,NA,"ME5"
"Montipora_capitata_HIv3___RNAseq.g23554.t1",1,0,0,NA,NA,NA,NA,"ME13"
"Montipora_capitata_HIv3___RNAseq.g23555.t1",1,0,0,NA,NA,NA,NA,"ME3"
"Montipora_capitata_HIv3___RNAseq.g23557.t1",1,0,0,NA,NA,NA,NA,"ME0"
"Montipora_capitata_HIv3___TS.g37202.t2c",1,0,0,NA,NA,NA,NA,"ME1"
"Montipora_capitata_HIv3___TS.g37203.t1b",2,0,0,NA,NA,NA,NA,"ME14"
"Montipora_capitata_HIv3___RNAseq.g23564.t1",0,1,0,NA,NA,NA,NA,"ME0"
"Montipora_capitata_HIv3___RNAseq.g23567.t1",0,1,0,NA,NA,NA,NA,"ME2"
"Montipora_capitata_HIv3___RNAseq.g23568.t1",1,1,0,NA,NA,NA,NA,"ME15"
"Montipora_capitata_HIv3___RNAseq.g23571.t1",1,0,0,NA,NA,NA,NA,"ME1"
"Montipora_capitata_HIv3___RNAseq.g23572.t1",1,0,0,NA,NA,NA,NA,"ME12"
"Montipora_capitata_HIv3___RNAseq.g23579.t1",0,0,1,0.0193453333298069,"Other",NA,NA,"ME5"
"Montipora_capitata_HIv3___TS.g37221.t2",0,1,0,NA,NA,NA,NA,"ME6"
"Montipora_capitata_HIv3___RNAseq.g23586.t1",0,1,0,NA,NA,NA,NA,"ME0"
"Montipora_capitata_HIv3___RNAseq.g23599.t1",1,0,0,NA,NA,NA,NA,"ME2"
"Montipora_capitata_HIv3___TS.g37246.t1",0,4,1,NA,NA,NA,NA,"ME4"
"Montipora_capitata_HIv3___TS.g37248.t1c",0,0,1,NA,NA,NA,NA,"ME5"
"Montipora_capitata_HIv3___RNAseq.g23607.t1",1,0,0,NA,NA,NA,NA,"ME9"
"Montipora_capitata_HIv3___RNAseq.g23608.t1",0,1,0,NA,NA,NA,NA,"ME2"
"Montipora_capitata_HIv3___RNAseq.g28406.t1",0,0,1,NA,NA,NA,NA,"ME0"
"Montipora_capitata_HIv3___RNAseq.g28405.t2",2,0,0,NA,NA,NA,NA,"ME2"
"Montipora_capitata_HIv3___RNAseq.g28412.t1",1,0,0,NA,NA,NA,NA,"ME14"
"Montipora_capitata_HIv3___RNAseq.g28413.t1",0,0,1,NA,NA,NA,NA,"ME14"
"Montipora_capitata_HIv3___TS.g24885.t1",0,1,0,NA,NA,NA,NA,"ME3"
"Montipora_capitata_HIv3___RNAseq.g28426.t1",1,0,0,NA,NA,NA,NA,"ME2"
"Montipora_capitata_HIv3___TS.g24889.t1",0,0,1,NA,NA,NA,NA,"ME2"
"Montipora_capitata_HIv3___RNAseq.g28432.t2",0,1,0,NA,NA,NA,NA,"ME6"
"Montipora_capitata_HIv3___RNAseq.g28434.t1",1,0,0,NA,NA,NA,NA,"ME0"
"Montipora_capitata_HIv3___RNAseq.g28448.t1",1,0,0,5.68760959730579e-15,"Transient",1,0.711868150584174,"ME3"
"Montipora_capitata_HIv3___RNAseq.g28454.t1",1,0,0,NA,NA,NA,NA,"ME0"
"Montipora_capitata_HIv3___RNAseq.g28457.t1",1,0,0,NA,NA,NA,NA,"ME18"
"Montipora_capitata_HIv3___RNAseq.g28467.t1",0,1,0,NA,NA,NA,NA,"ME3"
"Montipora_capitata_HIv3___TS.g24990.t1",0,0,1,NA,NA,NA,NA,"ME10"
"Montipora_capitata_HIv3___TS.g24994.t2",0,1,0,NA,NA,NA,NA,"ME0"
"Montipora_capitata_HIv3___RNAseq.g28534.t1",1,0,0,NA,NA,NA,NA,"ME0"
"Montipora_capitata_HIv3___RNAseq.g28557.t1",1,0,0,NA,NA,NA,NA,"ME1"
"Montipora_capitata_HIv3___RNAseq.g28600.t1",1,0,1,NA,NA,NA,NA,"ME1"
"Montipora_capitata_HIv3___RNAseq.g28562.t1",1,0,0,NA,NA,NA,NA,"ME18"
"Montipora_capitata_HIv3___TS.g25026.t1",1,0,0,NA,NA,NA,NA,"ME2"
"Montipora_capitata_HIv3___RNAseq.g28565.t1",1,0,0,NA,NA,NA,NA,"ME3"
"Montipora_capitata_HIv3___RNAseq.g28574.t1",1,1,0,NA,NA,NA,NA,"ME2"
"Montipora_capitata_HIv3___RNAseq.g28580.t1",1,0,0,NA,NA,NA,NA,"ME3"
"Montipora_capitata_HIv3___RNAseq.g28586.t1",2,0,0,NA,NA,NA,NA,"ME0"
"Montipora_capitata_HIv3___RNAseq.g28593.t1",0,0,1,NA,NA,NA,NA,"ME0"
"Montipora_capitata_HIv3___RNAseq.g28800.t1",1,1,0,0.000448091158008434,"Monotonous",1,0.576574924026044,"ME10"
"Montipora_capitata_HIv3___RNAseq.g28679.t1",0,1,0,NA,NA,NA,NA,"ME0"
"Montipora_capitata_HIv3___RNAseq.g28688.t1",0,1,0,NA,NA,NA,NA,"ME0"
"Montipora_capitata_HIv3___RNAseq.g28615.t1",1,0,0,NA,NA,NA,NA,"ME2"
"Montipora_capitata_HIv3___RNAseq.g28617.t1",0,0,1,NA,NA,NA,NA,"ME0"
"Montipora_capitata_HIv3___RNAseq.g28622.t1",1,0,0,NA,NA,NA,NA,"ME5"
"Montipora_capitata_HIv3___RNAseq.g28623.t1",1,0,0,NA,NA,NA,NA,"ME5"
"Montipora_capitata_HIv3___RNAseq.g28626.t1",0,0,1,NA,NA,NA,NA,"ME5"
"Montipora_capitata_HIv3___RNAseq.g28628.t1",1,0,0,NA,NA,NA,NA,"ME3"
"Montipora_capitata_HIv3___TS.g25098.t2",0,0,1,0.00579583829619456,"Transient",5,0.972598911731105,"ME6"
"Montipora_capitata_HIv3___RNAseq.g28716.t1",0,1,1,NA,NA,NA,NA,"ME7"
"Montipora_capitata_HIv3___RNAseq.g28719.t1",1,0,0,NA,NA,NA,NA,"ME11"
"Montipora_capitata_HIv3___TS.g25187.t1",1,0,0,NA,NA,NA,NA,"ME0"
"Montipora_capitata_HIv3___RNAseq.g28724.t1",0,0,1,NA,NA,NA,NA,"ME0"
"Montipora_capitata_HIv3___RNAseq.g28726.t1",0,1,0,NA,NA,NA,NA,"ME3"
"Montipora_capitata_HIv3___TS.g25193.t1",0,1,0,0.0218713336532496,"Monotonous",1,0.962996975422228,"ME8"
"Montipora_capitata_HIv3___TS.g25194.t1",0,1,0,NA,NA,NA,NA,"ME21"
"Montipora_capitata_HIv3___RNAseq.g28737.t1",0,1,0,0.0292787473731528,"Other",4,0.945688283577367,"ME7"
"Montipora_capitata_HIv3___RNAseq.g28772.t1",1,0,0,NA,NA,NA,NA,"ME1"
"Montipora_capitata_HIv3___RNAseq.g28777.t1",1,0,0,NA,NA,NA,NA,"ME10"
"Montipora_capitata_HIv3___RNAseq.g28778.t1",1,0,0,NA,NA,NA,NA,"ME5"
"Montipora_capitata_HIv3___TS.g25254.t1",1,0,1,NA,NA,NA,NA,"ME15"
"Montipora_capitata_HIv3___RNAseq.g28798.t1",1,0,0,7.36041905948161e-05,"Monotonous",1,0.711790383330448,"ME3"
"Montipora_capitata_HIv3___RNAseq.g28810.t1",0,1,0,NA,NA,NA,NA,"ME30"
"Montipora_capitata_HIv3___RNAseq.g28807.t1",0,1,0,0.00253838317851179,"Monotonous",6,0.878319743595405,"ME3"
"Montipora_capitata_HIv3___TS.g25275.t1",0,2,0,NA,NA,NA,NA,"ME18"
"Montipora_capitata_HIv3___RNAseq.g28813.t1",0,1,0,NA,NA,NA,NA,"ME0"
"Montipora_capitata_HIv3___RNAseq.g28814.t1",0,0,1,NA,NA,NA,NA,"ME15"
"Montipora_capitata_HIv3___RNAseq.g28818.t1",1,0,0,NA,NA,NA,NA,"ME4"
"Montipora_capitata_HIv3___RNAseq.g28820.t1",0,1,0,NA,NA,NA,NA,"ME16"
"Montipora_capitata_HIv3___TS.g25287.t1b",1,0,0,NA,NA,NA,NA,"ME22"
"Montipora_capitata_HIv3___RNAseq.g28826.t1",1,0,0,NA,NA,NA,NA,"ME1"
"Montipora_capitata_HIv3___RNAseq.g28827.t1",1,0,0,NA,NA,NA,NA,"ME9"
"Montipora_capitata_HIv3___RNAseq.g28832.t1",0,1,0,NA,NA,NA,NA,"ME16"
"Montipora_capitata_HIv3___RNAseq.g28833.t1",0,0,1,NA,NA,NA,NA,"ME5"
"Montipora_capitata_HIv3___RNAseq.g28841.t1",0,1,0,NA,NA,NA,NA,"ME8"
"Montipora_capitata_HIv3___RNAseq.g28845.t1",0,1,0,NA,NA,NA,NA,"ME4"
"Montipora_capitata_HIv3___RNAseq.g28851.t1",1,0,0,NA,NA,NA,NA,"ME4"
"Montipora_capitata_HIv3___TS.g25323.t1",1,0,0,NA,NA,NA,NA,"ME4"
"Montipora_capitata_HIv3___TS.g25329.t1",0,1,0,NA,NA,NA,NA,"ME4"
"Montipora_capitata_HIv3___RNAseq.g28880.t1",1,0,0,NA,NA,NA,NA,"ME2"
"Montipora_capitata_HIv3___TS.g25350.t1",2,0,0,NA,NA,NA,NA,"ME0"
"Montipora_capitata_HIv3___RNAseq.g28887.t1",1,2,0,NA,NA,NA,NA,"ME27"
"Montipora_capitata_HIv3___TS.g24547.t1",0,1,0,NA,NA,NA,NA,"ME0"
"Montipora_capitata_HIv3___RNAseq.g28135.t1",1,0,1,NA,NA,NA,NA,"ME11"
"Montipora_capitata_HIv3___RNAseq.g28136.t1",1,0,0,NA,NA,NA,NA,"ME11"
"Montipora_capitata_HIv3___RNAseq.g28176.t1",0,1,0,NA,NA,NA,NA,"ME0"
"Montipora_capitata_HIv3___TS.g24678.t1",1,0,0,NA,NA,NA,NA,"ME4"
"Montipora_capitata_HIv3___TS.g24739.t1",0,0,1,NA,NA,NA,NA,"ME0"
"Montipora_capitata_HIv3___RNAseq.g28342.t1",1,0,0,NA,NA,NA,NA,"ME4"
"Montipora_capitata_HIv3___TS.g24825.t1",0,0,1,NA,NA,NA,NA,"ME0"
"Montipora_capitata_HIv3___TS.g24011.t1",1,0,0,0.00223140691999493,"Transient",NA,NA,"ME1"
"Montipora_capitata_HIv3___RNAseq.g27570.t1",1,0,0,NA,NA,NA,NA,"ME18"
"Montipora_capitata_HIv3___RNAseq.g27572.t1",0,0,1,NA,NA,NA,NA,"ME1"
"Montipora_capitata_HIv3___RNAseq.g27577.t1",0,1,0,NA,NA,NA,NA,"ME1"
"Montipora_capitata_HIv3___RNAseq.g27580.t1",1,0,0,NA,NA,NA,NA,"ME3"
"Montipora_capitata_HIv3___RNAseq.g27581.t1",1,0,0,NA,NA,NA,NA,"ME9"
"Montipora_capitata_HIv3___RNAseq.g27582.t1",1,0,0,NA,NA,NA,NA,"ME23"
"Montipora_capitata_HIv3___TS.g24031.t1",2,0,0,NA,NA,NA,NA,"ME2"
"Montipora_capitata_HIv3___TS.g24033.t1",0,1,0,NA,NA,NA,NA,"ME0"
"Montipora_capitata_HIv3___RNAseq.g27589.t1",0,1,0,NA,NA,NA,NA,"ME5"
"Montipora_capitata_HIv3___RNAseq.g27590.t1",0,0,1,NA,NA,NA,NA,"ME3"
"Montipora_capitata_HIv3___RNAseq.g27591.t1",0,0,1,NA,NA,NA,NA,"ME3"
"Montipora_capitata_HIv3___RNAseq.g27592.t1",0,0,1,NA,NA,NA,NA,"ME6"
"Montipora_capitata_HIv3___RNAseq.g27594.t1",0,1,0,NA,NA,NA,NA,"ME0"
"Montipora_capitata_HIv3___RNAseq.g27601.t1",0,1,0,NA,NA,NA,NA,"ME3"
"Montipora_capitata_HIv3___RNAseq.g27605.t1",1,0,1,NA,NA,NA,NA,"ME6"
"Montipora_capitata_HIv3___RNAseq.g27611.t1",1,0,0,NA,NA,NA,NA,"ME8"
"Montipora_capitata_HIv3___RNAseq.g27613.t1",2,0,0,NA,NA,NA,NA,"ME0"
"Montipora_capitata_HIv3___RNAseq.g27614.t1",2,0,1,0.00946361955891901,"Transient",5,0.59496840412017,"ME17"
"Montipora_capitata_HIv3___RNAseq.g27623.t1",0,1,0,0.0181964906965835,"Monotonous",3,0.971753594648124,"ME1"
"Montipora_capitata_HIv3___RNAseq.g27627.t1",0,0,1,1.37222534428928e-06,"Monotonous",1,0.810857765714774,"ME8"
"Montipora_capitata_HIv3___RNAseq.g27629.t1",1,0,0,0.000863100119903166,"Other",3,0.607785323300792,"ME5"
"Montipora_capitata_HIv3___RNAseq.g27631.t1",0,1,0,0.00871449575677956,"Monotonous",1,0.92922166484761,"ME10"
"Montipora_capitata_HIv3___RNAseq.g27657.t1",1,0,0,NA,NA,NA,NA,"ME4"
"Montipora_capitata_HIv3___RNAseq.g27661.t1",0,0,1,NA,NA,NA,NA,"ME4"
"Montipora_capitata_HIv3___RNAseq.g27664.t1",1,0,0,NA,NA,NA,NA,"ME6"
"Montipora_capitata_HIv3___RNAseq.g27666.t1",2,0,1,NA,NA,NA,NA,"ME1"
"Montipora_capitata_HIv3___RNAseq.g27679.t2",0,0,1,0.00175093774437697,"Transient",4,0.715092144704984,"ME3"
"Montipora_capitata_HIv3___RNAseq.g27682.t1",0,0,1,NA,NA,NA,NA,"ME5"
"Montipora_capitata_HIv3___RNAseq.g27683.t1a",0,0,1,NA,NA,NA,NA,"ME12"
"Montipora_capitata_HIv3___RNAseq.g27686.t1",1,0,0,NA,NA,NA,NA,"ME3"
"Montipora_capitata_HIv3___RNAseq.g27689.t1",0,1,0,NA,NA,NA,NA,"ME0"
"Montipora_capitata_HIv3___RNAseq.g27699.t1",1,0,0,NA,NA,NA,NA,"ME0"
"Montipora_capitata_HIv3___RNAseq.g27704.t1",0,0,1,NA,NA,NA,NA,"ME13"
"Montipora_capitata_HIv3___RNAseq.g27705.t1",1,1,0,NA,NA,NA,NA,"ME13"
"Montipora_capitata_HIv3___TS.g24152.t1a",1,0,0,NA,NA,NA,NA,"ME3"
"Montipora_capitata_HIv3___RNAseq.g27709.t1",0,0,1,NA,NA,NA,NA,"ME4"
"Montipora_capitata_HIv3___RNAseq.g27710.t1a",1,0,0,NA,NA,NA,NA,"ME15"
"Montipora_capitata_HIv3___RNAseq.g27716.t1",1,0,1,NA,NA,NA,NA,"ME2"
"Montipora_capitata_HIv3___RNAseq.g27719.t1",0,1,0,NA,NA,NA,NA,"ME2"
"Montipora_capitata_HIv3___TS.g24170.t2",1,0,0,0.00417361756511534,"Other",6,0.898564189428076,"ME3"
"Montipora_capitata_HIv3___RNAseq.g27728.t1",0,1,2,NA,NA,NA,NA,"ME7"
"Montipora_capitata_HIv3___RNAseq.g27730.t1",1,0,1,NA,NA,NA,NA,"ME1"
"Montipora_capitata_HIv3___TS.g24177.t1",1,0,0,NA,NA,NA,NA,"ME18"
"Montipora_capitata_HIv3___RNAseq.g27742.t1",1,0,0,0.0031849830166424,"Monotonous",1,0.87864543257562,"ME5"
"Montipora_capitata_HIv3___RNAseq.g27751.t1",1,0,0,NA,NA,NA,NA,"ME18"
"Montipora_capitata_HIv3___RNAseq.g27752.t1",0,0,1,0.000914734236399138,"Transient",3,0.511803527081083,"ME1"
"Montipora_capitata_HIv3___RNAseq.g27753.t1",2,0,1,0.00456617819265611,"Other",6,0.903599518091294,"ME9"
"Montipora_capitata_HIv3___RNAseq.g27758.t1",1,0,0,NA,NA,NA,NA,"ME1"
"Montipora_capitata_HIv3___TS.g24213.t1",0,1,0,NA,NA,NA,NA,"ME0"
"Montipora_capitata_HIv3___TS.g24227.t1",0,1,0,NA,NA,NA,NA,"ME3"
"Montipora_capitata_HIv3___RNAseq.g27784.t1",0,1,0,0.0026505275277169,"Monotonous",NA,NA,"ME3"
"Montipora_capitata_HIv3___RNAseq.g27787.t1",1,0,0,NA,NA,NA,NA,"ME7"
"Montipora_capitata_HIv3___RNAseq.g27790.t1",0,1,0,NA,NA,NA,NA,"ME1"
"Montipora_capitata_HIv3___RNAseq.g27791.t1",1,0,0,NA,NA,NA,NA,"ME18"
"Montipora_capitata_HIv3___TS.g24248.t1",0,1,0,NA,NA,NA,NA,"ME18"
"Montipora_capitata_HIv3___RNAseq.g27807.t1",0,1,0,NA,NA,NA,NA,"ME3"
"Montipora_capitata_HIv3___TS.g24260.t1",0,1,0,5.85060322245793e-05,"Monotonous",1,0.93823770807834,"ME3"
"Montipora_capitata_HIv3___RNAseq.g27810.t1",0,0,1,0.0180117121751239,"Monotonous",1,0.717570614064489,"ME25"
"Montipora_capitata_HIv3___RNAseq.g27811.t1",1,0,0,0.0231382128686709,"Other",NA,NA,"ME25"
"Montipora_capitata_HIv3___RNAseq.g27815.t1",1,0,0,NA,NA,NA,NA,"ME3"
"Montipora_capitata_HIv3___RNAseq.g27816.t1",0,0,1,NA,NA,NA,NA,"ME3"
"Montipora_capitata_HIv3___TS.g24268.t2",2,0,0,NA,NA,NA,NA,"ME2"
"Montipora_capitata_HIv3___RNAseq.g27830.t1",1,0,0,NA,NA,NA,NA,"ME0"
"Montipora_capitata_HIv3___RNAseq.g27833.t1",0,0,1,NA,NA,NA,NA,"ME2"
"Montipora_capitata_HIv3___RNAseq.g27834.t1",0,0,1,NA,NA,NA,NA,"ME23"
"Montipora_capitata_HIv3___RNAseq.g27835.t1",0,0,1,NA,NA,NA,NA,"ME23"
"Montipora_capitata_HIv3___TS.g24290.t1",1,1,1,NA,NA,NA,NA,"ME0"
"Montipora_capitata_HIv3___RNAseq.g27839.t1",1,0,0,0.000395497718581558,"Transient",3,0.85203109160359,"ME19"
"Montipora_capitata_HIv3___RNAseq.g27842.t1",1,0,0,NA,NA,NA,NA,"ME1"
"Montipora_capitata_HIv3___RNAseq.g27843.t1",1,0,0,0.0120882795506931,"Monotonous",3,0.920691215605651,"ME1"
"Montipora_capitata_HIv3___TS.g24298.t1",1,0,0,NA,NA,NA,NA,"ME4"
"Montipora_capitata_HIv3___TS.g24300.t1",1,0,0,NA,NA,NA,NA,"ME1"
"Montipora_capitata_HIv3___TS.g24305.t1",0,1,0,NA,NA,NA,NA,"ME3"
"Montipora_capitata_HIv3___RNAseq.g27852.t1",1,0,0,NA,NA,NA,NA,"ME1"
"Montipora_capitata_HIv3___RNAseq.g27853.t1",0,1,0,0.0468425768023571,"Other",4,0.838421094054119,"ME7"
"Montipora_capitata_HIv3___TS.g24309.t2",0,1,0,NA,NA,NA,NA,"ME1"
"Montipora_capitata_HIv3___RNAseq.g27855.t1",1,0,0,0.00267050500188678,"Transient",4,0.968813738713791,"ME7"
"Montipora_capitata_HIv3___RNAseq.g27862.t1",1,1,1,NA,NA,NA,NA,"ME9"
"Montipora_capitata_HIv3___RNAseq.g27868.t1",0,0,1,0.000604226194174994,"Monotonous",6,0.899664467806517,"ME3"
"Montipora_capitata_HIv3___RNAseq.g27874.t1",1,0,0,NA,NA,NA,NA,"ME19"
"Montipora_capitata_HIv3___RNAseq.g27876.t1",0,1,0,NA,NA,NA,NA,"ME27"
"Montipora_capitata_HIv3___RNAseq.g27878.t1a",1,0,0,0.0447103292135758,"Other",2,0.772936191206126,"ME2"
"Montipora_capitata_HIv3___RNAseq.g27886.t1",0,1,0,NA,NA,NA,NA,"ME5"
"Montipora_capitata_HIv3___RNAseq.g27894.t1",1,0,0,0.000123462186693888,"Transient",4,0.871354879809564,"ME3"
"Montipora_capitata_HIv3___RNAseq.g27895.t1",1,0,0,NA,NA,NA,NA,"ME0"
"Montipora_capitata_HIv3___RNAseq.g27896.t1",1,0,0,NA,NA,NA,NA,"ME20"
"Montipora_capitata_HIv3___RNAseq.g27902.t1",1,0,0,NA,NA,NA,NA,"ME7"
"Montipora_capitata_HIv3___TS.g24353.t1",0,1,0,NA,NA,NA,NA,"ME6"
"Montipora_capitata_HIv3___RNAseq.g27905.t1",0,0,1,NA,NA,NA,NA,"ME0"
"Montipora_capitata_HIv3___RNAseq.g27909.t1",1,0,0,0.00111749965395269,"Monotonous",1,0.697096626682624,"ME8"
"Montipora_capitata_HIv3___RNAseq.g27911.t1",0,1,0,NA,NA,NA,NA,"ME16"
"Montipora_capitata_HIv3___RNAseq.g27912.t1",0,0,1,NA,NA,NA,NA,"ME7"
"Montipora_capitata_HIv3___RNAseq.g27914.t1",1,0,0,NA,NA,NA,NA,"ME5"
"Montipora_capitata_HIv3___RNAseq.g27915.t1",1,0,0,NA,NA,NA,NA,"ME6"
"Montipora_capitata_HIv3___RNAseq.g27923.t1",0,2,0,0.0366318815491803,"Transient",5,0.919757313787047,"ME7"
"Montipora_capitata_HIv3___RNAseq.g27928.t1",1,0,0,NA,NA,NA,NA,"ME13"
"Montipora_capitata_HIv3___RNAseq.g27934.t1",0,1,0,0.0104237319860154,"Transient",4,0.909676983834138,"ME6"
"Montipora_capitata_HIv3___RNAseq.g27938.t1",1,0,0,NA,NA,NA,NA,"ME1"
"Montipora_capitata_HIv3___TS.g24411.t1",0,1,0,NA,NA,NA,NA,"ME2"
"Montipora_capitata_HIv3___RNAseq.g27965.t1",1,0,0,NA,NA,NA,NA,"ME3"
"Montipora_capitata_HIv3___TS.g24421.t2",0,0,1,NA,NA,NA,NA,"ME4"
"Montipora_capitata_HIv3___RNAseq.g27982.t1",1,0,0,0.000269008083364918,"Monotonous",3,0.977447562405924,"ME1"
"Montipora_capitata_HIv3___RNAseq.g27983.t1",0,2,0,NA,NA,NA,NA,"ME18"
"Montipora_capitata_HIv3___RNAseq.g27984.t1",0,2,0,NA,NA,NA,NA,"ME1"
"Montipora_capitata_HIv3___RNAseq.g27985.t1",0,1,0,NA,NA,NA,NA,"ME7"
"Montipora_capitata_HIv3___RNAseq.g27986.t1",0,1,0,NA,NA,NA,NA,"ME14"
"Montipora_capitata_HIv3___RNAseq.g27987.t1",0,0,1,0.006037979701978,"Transient",NA,NA,"ME3"
"Montipora_capitata_HIv3___RNAseq.g27996.t1",0,1,0,0.0427873061368799,"Other",NA,NA,"ME3"
"Montipora_capitata_HIv3___TS.g24454.t1b",1,0,0,0.032532935954741,"Other",5,0.938477512518858,"ME0"
"Montipora_capitata_HIv3___RNAseq.g28007.t1",1,0,0,NA,NA,NA,NA,"ME0"
"Montipora_capitata_HIv3___RNAseq.g28009.t1",1,0,0,0.0423404414925254,"Other",1,0.560775823646263,"ME23"
"Montipora_capitata_HIv3___RNAseq.g28013.t1",1,0,0,0.00818377627267936,"Transient",5,0.527763389630223,"ME6"
"Montipora_capitata_HIv3___RNAseq.g28017.t1",1,0,0,NA,NA,NA,NA,"ME2"
"Montipora_capitata_HIv3___RNAseq.g28023.t1",0,1,0,NA,NA,NA,NA,"ME15"
"Montipora_capitata_HIv3___RNAseq.g28025.t1",0,0,1,NA,NA,NA,NA,"ME10"
"Montipora_capitata_HIv3___TS.g24473.t1",0,0,1,NA,NA,NA,NA,"ME5"
"Montipora_capitata_HIv3___RNAseq.g28027.t1",1,0,0,0.00591208169767993,"Other",6,0.741076032542094,"ME5"
"Montipora_capitata_HIv3___TS.g24480.t2",1,0,0,0.0207435198792481,"Other",1,0.924231721159606,"ME3"
"Montipora_capitata_HIv3___RNAseq.g28047.t1",0,0,1,NA,NA,NA,NA,"ME25"
"Montipora_capitata_HIv3___TS.g24494.t1",1,0,0,NA,NA,NA,NA,"ME2"
"Montipora_capitata_HIv3___RNAseq.g28050.t1",2,1,0,NA,NA,NA,NA,"ME15"
"Montipora_capitata_HIv3___TS.g24497.t1",0,1,0,0.00192077808030144,"Other",NA,NA,"ME0"
"Montipora_capitata_HIv3___RNAseq.g28056.t1",1,0,0,0.00849293262784617,"Other",3,0.576650567672432,"ME13"
"Montipora_capitata_HIv3___TS.g24503.t1",1,0,0,0.000968546825256756,"Other",3,0.639693705905689,"ME1"
"Montipora_capitata_HIv3___RNAseq.g28059.t1",0,2,0,NA,NA,NA,NA,"ME14"
"Montipora_capitata_HIv3___TS.g24506.t1",1,0,0,NA,NA,NA,NA,"ME0"
"Montipora_capitata_HIv3___RNAseq.g28061.t1",1,0,0,0.00722493095995984,"Monotonous",2,0.850173990040285,"ME0"
"Montipora_capitata_HIv3___TS.g24510.t1",1,0,0,NA,NA,NA,NA,"ME1"
"Montipora_capitata_HIv3___RNAseq.g28064.t1",1,0,0,7.68534717220783e-08,"Monotonous",1,0.882512671545824,"ME10"
"Montipora_capitata_HIv3___RNAseq.g28068.t1",1,0,0,NA,NA,NA,NA,"ME1"
"Montipora_capitata_HIv3___RNAseq.g28070.t1",1,0,0,NA,NA,NA,NA,"ME2"
"Montipora_capitata_HIv3___RNAseq.g28074.t1",0,0,1,NA,NA,NA,NA,"ME5"
"Montipora_capitata_HIv3___RNAseq.g28075.t1",0,0,1,NA,NA,NA,NA,"ME0"
"Montipora_capitata_HIv3___RNAseq.g28076.t1",0,1,0,0.0252015737637563,"Monotonous",3,0.707011686830781,"ME8"
"Montipora_capitata_HIv3___RNAseq.g28077.t1",0,0,1,NA,NA,NA,NA,"ME5"
"Montipora_capitata_HIv3___RNAseq.g28081.t1",0,0,1,NA,NA,NA,NA,"ME3"
"Montipora_capitata_HIv3___RNAseq.g28096.t1",1,1,0,NA,NA,NA,NA,"ME4"
"Montipora_capitata_HIv3___RNAseq.g28104.t1",0,1,0,NA,NA,NA,NA,"ME5"
"Montipora_capitata_HIv3___RNAseq.g28105.t1",1,0,0,NA,NA,NA,NA,"ME5"
"Montipora_capitata_HIv3___RNAseq.g28112.t2",0,0,1,NA,NA,NA,NA,"ME22"
"Montipora_capitata_HIv3___RNAseq.g28119.t1",1,0,0,NA,NA,NA,NA,"ME27"
"Montipora_capitata_HIv3___RNAseq.g28120.t1",0,0,1,NA,NA,NA,NA,"ME2"
"Montipora_capitata_HIv3___RNAseq.g28121.t1",1,0,1,NA,NA,NA,NA,"ME2"
"Montipora_capitata_HIv3___RNAseq.g28125.t1",0,1,0,NA,NA,NA,NA,"ME2"
"Montipora_capitata_HIv3___RNAseq.g28126.t1",0,1,0,NA,NA,NA,NA,"ME11"
"Montipora_capitata_HIv3___RNAseq.g28131.t1",0,1,0,0.0491259195068804,"Transient",5,0.947845974569804,"ME6"
"Montipora_capitata_HIv3___RNAseq.g28137.t1",0,0,1,1.73496122247448e-10,"Monotonous",1,0.89765369606402,"ME8"
"Montipora_capitata_HIv3___TS.g24587.t1",0,0,1,NA,NA,NA,NA,"ME2"
"Montipora_capitata_HIv3___RNAseq.g28139.t1b",0,1,0,NA,NA,NA,NA,"ME5"
"Montipora_capitata_HIv3___RNAseq.g28145.t1",0,1,0,NA,NA,NA,NA,"ME2"
"Montipora_capitata_HIv3___RNAseq.g28149.t2",0,0,1,7.54413914767457e-10,"Monotonous",2,0.905317881314424,"ME1"
"Montipora_capitata_HIv3___RNAseq.g28150.t1",0,0,1,0.0161363526693034,"Other",4,0.784972733846737,"ME28"
"Montipora_capitata_HIv3___RNAseq.g28154.t1",1,0,0,NA,NA,NA,NA,"ME2"
"Montipora_capitata_HIv3___RNAseq.g28161.t1",0,0,2,NA,NA,NA,NA,"ME8"
"Montipora_capitata_HIv3___RNAseq.g28167.t1",1,0,0,3.74105573674696e-07,"Other",1,0.532269646955558,"ME0"
"Montipora_capitata_HIv3___RNAseq.g28173.t1",1,0,0,NA,NA,NA,NA,"ME1"
"Montipora_capitata_HIv3___RNAseq.g28174.t1",1,0,0,NA,NA,NA,NA,"ME12"
"Montipora_capitata_HIv3___RNAseq.g28175.t1",1,0,0,NA,NA,NA,NA,"ME5"
"Montipora_capitata_HIv3___RNAseq.g28179.t1",1,0,0,0.0192959864093339,"Monotonous",2,0.771442883585623,"ME1"
"Montipora_capitata_HIv3___RNAseq.g28183.t1",1,0,0,NA,NA,NA,NA,"ME1"
"Montipora_capitata_HIv3___RNAseq.g28197.t1",1,0,0,NA,NA,NA,NA,"ME9"
"Montipora_capitata_HIv3___RNAseq.g28208.t1",1,1,0,NA,NA,NA,NA,"ME5"
"Montipora_capitata_HIv3___RNAseq.g28211.t1",1,0,0,NA,NA,NA,NA,"ME6"
"Montipora_capitata_HIv3___RNAseq.g28212.t1",1,0,0,NA,NA,NA,NA,"ME3"
"Montipora_capitata_HIv3___RNAseq.g28222.t1",0,1,0,0.000147386369037657,"Transient",4,0.889787068433841,"ME7"
"Montipora_capitata_HIv3___RNAseq.g28223.t1",0,1,0,NA,NA,NA,NA,"ME1"
"Montipora_capitata_HIv3___RNAseq.g28233.t1",1,0,0,NA,NA,NA,NA,"ME5"
"Montipora_capitata_HIv3___RNAseq.g28234.t1",1,0,1,NA,NA,NA,NA,"ME14"
"Montipora_capitata_HIv3___RNAseq.g28241.t1",1,0,0,NA,NA,NA,NA,"ME0"
"Montipora_capitata_HIv3___RNAseq.g28242.t1",0,1,0,NA,NA,NA,NA,"ME0"
"Montipora_capitata_HIv3___RNAseq.g28249.t1",1,0,0,NA,NA,NA,NA,"ME2"
"Montipora_capitata_HIv3___TS.g24721.t1",2,0,0,NA,NA,NA,NA,"ME4"
"Montipora_capitata_HIv3___RNAseq.g28260.t1a",1,1,0,NA,NA,NA,NA,"ME8"
"Montipora_capitata_HIv3___TS.g24735.t1",0,0,1,0.000131827601371568,"Other",NA,NA,"ME2"
"Montipora_capitata_HIv3___RNAseq.g28271.t1",1,0,0,0.0158244278895988,"Other",NA,NA,"ME2"
"Montipora_capitata_HIv3___RNAseq.g28281.t1",2,0,0,NA,NA,NA,NA,"ME1"
"Montipora_capitata_HIv3___RNAseq.g28308.t1",0,1,0,NA,NA,NA,NA,"ME1"
"Montipora_capitata_HIv3___RNAseq.g28310.t1",1,0,0,NA,NA,NA,NA,"ME2"
"Montipora_capitata_HIv3___RNAseq.g28323.t1",0,1,0,NA,NA,NA,NA,"ME2"
"Montipora_capitata_HIv3___RNAseq.g28324.t1",1,0,0,NA,NA,NA,NA,"ME2"
"Montipora_capitata_HIv3___RNAseq.g28338.t1",1,0,0,NA,NA,NA,NA,"ME6"
"Montipora_capitata_HIv3___TS.g24815.t1",0,1,1,NA,NA,NA,NA,"ME4"
"Montipora_capitata_HIv3___RNAseq.g28355.t1",0,0,1,NA,NA,NA,NA,"ME0"
"Montipora_capitata_HIv3___RNAseq.g28387.t1a",1,1,0,NA,NA,NA,NA,"ME2"
"Montipora_capitata_HIv3___RNAseq.g28394.t1",0,0,1,NA,NA,NA,NA,"ME4"
"Montipora_capitata_HIv3___RNAseq.g28399.t1",0,1,0,NA,NA,NA,NA,"ME4"
"Montipora_capitata_HIv3___RNAseq.g28400.t1",0,0,1,NA,NA,NA,NA,"ME0"
"Montipora_capitata_HIv3___RNAseq.g29095.t1b",0,1,0,NA,NA,NA,NA,"ME11"
"Montipora_capitata_HIv3___RNAseq.g29214.t2",1,0,1,NA,NA,NA,NA,"ME0"
"Montipora_capitata_HIv3___TS.g25733.t1a",1,1,0,NA,NA,NA,NA,"ME1"
"Montipora_capitata_HIv3___TS.g25733.t1b",1,0,0,NA,NA,NA,NA,"ME4"
"Montipora_capitata_HIv3___RNAseq.g29266.t1",0,0,2,NA,NA,NA,NA,"ME0"
"Montipora_capitata_HIv3___RNAseq.g29267.t1",1,0,0,NA,NA,NA,NA,"ME0"
"Montipora_capitata_HIv3___TS.g25914.t1e",0,0,1,NA,NA,NA,NA,"ME0"
"Montipora_capitata_HIv3___TS.g25372.t1a",1,1,0,0.000220436637590156,"Transient",3,0.576786889316734,"ME1"
"Montipora_capitata_HIv3___RNAseq.g28908.t1",0,1,0,NA,NA,NA,NA,"ME0"
"Montipora_capitata_HIv3___RNAseq.g28909.t1",1,0,0,NA,NA,NA,NA,"ME10"
"Montipora_capitata_HIv3___RNAseq.g28922.t1",0,1,0,NA,NA,NA,NA,"ME2"
"Montipora_capitata_HIv3___RNAseq.g28923.t1",0,1,0,NA,NA,NA,NA,"ME12"
"Montipora_capitata_HIv3___RNAseq.g28924.t1",0,1,0,NA,NA,NA,NA,"ME12"
"Montipora_capitata_HIv3___RNAseq.g28936.t1",1,1,0,NA,NA,NA,NA,"ME12"
"Montipora_capitata_HIv3___RNAseq.g28938.t1",0,0,1,NA,NA,NA,NA,"ME2"
"Montipora_capitata_HIv3___RNAseq.g28940.t1",0,1,0,NA,NA,NA,NA,"ME12"
"Montipora_capitata_HIv3___RNAseq.g28967.t1",1,0,0,NA,NA,NA,NA,"ME14"
"Montipora_capitata_HIv3___RNAseq.g28980.t1",0,1,0,NA,NA,NA,NA,"ME2"
"Montipora_capitata_HIv3___RNAseq.g28991.t1",0,0,1,NA,NA,NA,NA,"ME24"
"Montipora_capitata_HIv3___RNAseq.g28998.t1",0,1,0,NA,NA,NA,NA,"ME12"
"Montipora_capitata_HIv3___RNAseq.g29013.t1",0,1,0,NA,NA,NA,NA,"ME12"
"Montipora_capitata_HIv3___RNAseq.g29021.t1",0,0,1,NA,NA,NA,NA,"ME2"
"Montipora_capitata_HIv3___RNAseq.g29022.t1",1,0,0,NA,NA,NA,NA,"ME0"
"Montipora_capitata_HIv3___RNAseq.g29023.t1",1,0,0,NA,NA,NA,NA,"ME2"
"Montipora_capitata_HIv3___RNAseq.g29040.t1",0,1,0,0.00062135809440498,"Transient",4,0.872161890537796,"ME20"
"Montipora_capitata_HIv3___RNAseq.g29051.t1",0,0,1,NA,NA,NA,NA,"ME3"
"Montipora_capitata_HIv3___RNAseq.g29055.t1",0,0,1,0.00028304954621038,"Transient",5,0.903841650742488,"ME17"
"Montipora_capitata_HIv3___RNAseq.g29060.t1",1,0,0,NA,NA,NA,NA,"ME2"
"Montipora_capitata_HIv3___RNAseq.g29063.t1",1,0,0,0.000148170077926681,"Monotonous",1,0.809886702793211,"ME3"
"Montipora_capitata_HIv3___RNAseq.g29064.t1",1,0,0,0.00158227575805491,"Monotonous",1,0.844749804514369,"ME10"
"Montipora_capitata_HIv3___RNAseq.g29099.t1",1,2,0,0.00846426257942067,"Monotonous",2,0.594587673273947,"ME1"
"Montipora_capitata_HIv3___RNAseq.g29100.t1",0,1,0,NA,NA,NA,NA,"ME1"
"Montipora_capitata_HIv3___RNAseq.g29101.t1",0,1,0,NA,NA,NA,NA,"ME4"
"Montipora_capitata_HIv3___RNAseq.g29107.t1",1,0,0,NA,NA,NA,NA,"ME2"
"Montipora_capitata_HIv3___RNAseq.g29113.t1",0,1,0,NA,NA,NA,NA,"ME2"
"Montipora_capitata_HIv3___TS.g25588.t2",0,1,0,NA,NA,NA,NA,"ME2"
"Montipora_capitata_HIv3___RNAseq.g29120.t1b",1,0,0,NA,NA,NA,NA,"ME4"
"Montipora_capitata_HIv3___RNAseq.g29133.t1",2,0,0,NA,NA,NA,NA,"ME1"
"Montipora_capitata_HIv3___RNAseq.g29146.t1",2,0,0,NA,NA,NA,NA,"ME12"
"Montipora_capitata_HIv3___RNAseq.g29156.t1",2,0,0,NA,NA,NA,NA,"ME7"
"Montipora_capitata_HIv3___RNAseq.g29157.t1",1,0,0,NA,NA,NA,NA,"ME8"
"Montipora_capitata_HIv3___RNAseq.g29158.t1",1,0,0,0.0133848083146367,"Monotonous",6,0.963704521595686,"ME9"
"Montipora_capitata_HIv3___RNAseq.g29161.t1",1,0,0,0.0031798917901622,"Monotonous",6,0.861011534189374,"ME9"
"Montipora_capitata_HIv3___TS.g25639.t1",0,0,1,NA,NA,NA,NA,"ME18"
"Montipora_capitata_HIv3___RNAseq.g29173.t1",0,0,1,NA,NA,NA,NA,"ME1"
"Montipora_capitata_HIv3___RNAseq.g29174.t1",0,1,0,NA,NA,NA,NA,"ME1"
"Montipora_capitata_HIv3___RNAseq.g29176.t1",0,1,0,NA,NA,NA,NA,"ME6"
"Montipora_capitata_HIv3___RNAseq.g29180.t1",1,2,0,4.06684515839602e-05,"Monotonous",1,0.574202079624581,"ME3"
"Montipora_capitata_HIv3___RNAseq.g29190.t1",1,0,0,NA,NA,NA,NA,"ME4"
"Montipora_capitata_HIv3___RNAseq.g29192.t1",0,0,1,NA,NA,NA,NA,"ME1"
"Montipora_capitata_HIv3___RNAseq.g29198.t1",0,0,1,NA,NA,NA,NA,"ME1"
"Montipora_capitata_HIv3___TS.g25670.t1",0,0,1,NA,NA,NA,NA,"ME1"
"Montipora_capitata_HIv3___TS.g25672.t1",0,0,1,NA,NA,NA,NA,"ME1"
"Montipora_capitata_HIv3___RNAseq.g29206.t2",0,1,0,NA,NA,NA,NA,"ME9"
"Montipora_capitata_HIv3___RNAseq.g29207.t1",0,1,0,0.0421332289425263,"Transient",6,0.505637992097671,"ME16"
"Montipora_capitata_HIv3___TS.g25677.t1",0,2,0,NA,NA,NA,NA,"ME0"
"Montipora_capitata_HIv3___TS.g25680.t1",0,1,0,NA,NA,NA,NA,"ME1"
"Montipora_capitata_HIv3___RNAseq.g29221.t1",1,0,0,NA,NA,NA,NA,"ME31"
"Montipora_capitata_HIv3___RNAseq.g29222.t1",1,0,0,NA,NA,NA,NA,"ME1"
"Montipora_capitata_HIv3___RNAseq.28852_t",0,0,1,NA,NA,NA,NA,"ME0"
"Montipora_capitata_HIv3___RNAseq.g29228.t1",1,0,0,NA,NA,NA,NA,"ME0"
"Montipora_capitata_HIv3___RNAseq.g29230.t1",1,0,0,NA,NA,NA,NA,"ME1"
"Montipora_capitata_HIv3___RNAseq.g29232.t1",1,0,0,NA,NA,NA,NA,"ME0"
"Montipora_capitata_HIv3___RNAseq.g29235.t1",0,0,1,NA,NA,NA,NA,"ME11"
"Montipora_capitata_HIv3___RNAseq.g29241.t1",0,0,1,NA,NA,NA,NA,"ME8"
"Montipora_capitata_HIv3___RNAseq.g29251.t1",0,0,1,NA,NA,NA,NA,"ME3"
"Montipora_capitata_HIv3___RNAseq.g29252.t1",0,0,1,0.0449881946188588,"Other",NA,NA,"ME0"
"Montipora_capitata_HIv3___TS.g25726.t1",1,0,0,NA,NA,NA,NA,"ME1"
"Montipora_capitata_HIv3___RNAseq.g29259.t1",1,0,1,0.00568461293758421,"Monotonous",2,0.782492939974652,"ME1"
"Montipora_capitata_HIv3___RNAseq.g29261.t1",1,1,0,NA,NA,NA,NA,"ME1"
"Montipora_capitata_HIv3___RNAseq.g29263.t1",1,1,0,NA,NA,NA,NA,"ME1"
"Montipora_capitata_HIv3___RNAseq.g29265.t1",0,0,2,NA,NA,NA,NA,"ME4"
"Montipora_capitata_HIv3___TS.g25740.t1",0,1,0,NA,NA,NA,NA,"ME2"
"Montipora_capitata_HIv3___RNAseq.g29270.t1",0,0,1,NA,NA,NA,NA,"ME3"
"Montipora_capitata_HIv3___TS.g25742.t1",0,1,0,NA,NA,NA,NA,"ME5"
"Montipora_capitata_HIv3___RNAseq.28904_t",0,1,0,1.34230763223725e-06,"Transient",4,0.959809396254619,"ME17"
"Montipora_capitata_HIv3___RNAseq.g29286.t1",0,0,1,NA,NA,NA,NA,"ME1"
"Montipora_capitata_HIv3___RNAseq.g29301.t1",0,1,0,NA,NA,NA,NA,"ME0"
"Montipora_capitata_HIv3___RNAseq.g29304.t1",0,1,0,NA,NA,NA,NA,"ME2"
"Montipora_capitata_HIv3___RNAseq.g29307.t1",0,1,0,NA,NA,NA,NA,"ME2"
"Montipora_capitata_HIv3___RNAseq.g29315.t1",1,1,0,NA,NA,NA,NA,"ME12"
"Montipora_capitata_HIv3___RNAseq.g29319.t1",1,0,0,NA,NA,NA,NA,"ME2"
"Montipora_capitata_HIv3___RNAseq.g29321.t1",0,1,0,NA,NA,NA,NA,"ME13"
"Montipora_capitata_HIv3___TS.g25796.t1",1,0,0,NA,NA,NA,NA,"ME12"
"Montipora_capitata_HIv3___RNAseq.g29336.t1",1,0,0,NA,NA,NA,NA,"ME1"
"Montipora_capitata_HIv3___RNAseq.g29338.t1",0,1,0,NA,NA,NA,NA,"ME6"
"Montipora_capitata_HIv3___RNAseq.g29339.t1",0,0,1,NA,NA,NA,NA,"ME1"
"Montipora_capitata_HIv3___RNAseq.g29346.t1",1,0,0,NA,NA,NA,NA,"ME3"
"Montipora_capitata_HIv3___TS.g25821.t1",1,0,0,NA,NA,NA,NA,"ME2"
"Montipora_capitata_HIv3___RNAseq.g29352.t1",1,0,0,NA,NA,NA,NA,"ME0"
"Montipora_capitata_HIv3___TS.g25827.t1",1,0,0,0.00759248080068654,"Monotonous",2,0.663644461469804,"ME13"
"Montipora_capitata_HIv3___RNAseq.g29361.t1",0,1,0,NA,NA,NA,NA,"ME0"
"Montipora_capitata_HIv3___RNAseq.g29362.t1",1,0,1,NA,NA,NA,NA,"ME26"
"Montipora_capitata_HIv3___RNAseq.g29366.t1",0,1,0,NA,NA,NA,NA,"ME10"
"Montipora_capitata_HIv3___RNAseq.g29368.t1",1,0,0,NA,NA,NA,NA,"ME18"
"Montipora_capitata_HIv3___RNAseq.g29372.t1",1,0,0,0.0307664304189333,"Other",5,0.53805572354394,"ME6"
"Montipora_capitata_HIv3___RNAseq.g29377.t1",1,0,0,0.00228708737018172,"Monotonous",2,0.863181348533411,"ME1"
"Montipora_capitata_HIv3___RNAseq.g29378.t1",0,1,0,NA,NA,NA,NA,"ME1"
"Montipora_capitata_HIv3___RNAseq.g29379.t1",0,1,0,NA,NA,NA,NA,"ME3"
"Montipora_capitata_HIv3___RNAseq.g29381.t1",1,0,0,0.0269875618183979,"Other",NA,NA,"ME20"
"Montipora_capitata_HIv3___RNAseq.29032_t",0,0,1,0.000257779578271785,"Monotonous",1,0.684957804146968,"ME8"
"Montipora_capitata_HIv3___RNAseq.g29409.t1",0,0,1,NA,NA,NA,NA,"ME23"
"Montipora_capitata_HIv3___TS.g25878.t1",0,1,0,NA,NA,NA,NA,"ME1"
"Montipora_capitata_HIv3___RNAseq.g29413.t1",1,0,0,NA,NA,NA,NA,"ME5"
"Montipora_capitata_HIv3___TS.g25888.t1",1,0,0,NA,NA,NA,NA,"ME2"
"Montipora_capitata_HIv3___TS.g25890.t1",1,0,0,NA,NA,NA,NA,"ME1"
"Montipora_capitata_HIv3___TS.g25893.t1",1,1,0,NA,NA,NA,NA,"ME0"
"Montipora_capitata_HIv3___RNAseq.g29426.t1",0,1,0,0.0441468461972905,"Other",2,0.678346750064189,"ME1"
"Montipora_capitata_HIv3___TS.g25896.t1",1,0,0,2.11212162193524e-05,"Transient",3,0.596340693920909,"ME1"
"Montipora_capitata_HIv3___RNAseq.g29441.t1",0,2,0,0.0274145150863203,"Monotonous",1,0.520700642741735,"ME10"
"Montipora_capitata_HIv3___RNAseq.g29445.t1",1,0,0,NA,NA,NA,NA,"ME1"
"Montipora_capitata_HIv3___RNAseq.g29450.t1",0,1,0,NA,NA,NA,NA,"ME17"
"Montipora_capitata_HIv3___RNAseq.g29452.t1",2,0,0,NA,NA,NA,NA,"ME5"
"Montipora_capitata_HIv3___RNAseq.g29454.t1",0,1,0,1.65336289587891e-13,"Transient",4,0.861154871380523,"ME3"
"Montipora_capitata_HIv3___RNAseq.g29456.t1",0,1,0,0.0169428672621246,"Monotonous",6,0.992560877449985,"ME9"
"Montipora_capitata_HIv3___RNAseq.g29458.t1",1,0,0,NA,NA,NA,NA,"ME5"
"Montipora_capitata_HIv3___RNAseq.g29460.t1",1,0,0,NA,NA,NA,NA,"ME0"
"Montipora_capitata_HIv3___TS.g25981.t1",1,0,0,NA,NA,NA,NA,"ME0"
"Montipora_capitata_HIv3___TS.g25994.t1",0,2,0,NA,NA,NA,NA,"ME0"
"Montipora_capitata_HIv3___TS.g25998.t1",0,1,0,NA,NA,NA,NA,"ME22"
"Montipora_capitata_HIv3___RNAseq.g29468.t1",0,1,0,NA,NA,NA,NA,"ME1"
"Montipora_capitata_HIv3___RNAseq.29109_t",1,0,0,NA,NA,NA,NA,"ME0"
"Montipora_capitata_HIv3___TS.g25943.t1",0,0,1,NA,NA,NA,NA,"ME1"
"Montipora_capitata_HIv3___RNAseq.g29471.t1",1,0,0,0.0142244710070684,"Monotonous",2,0.938547831208592,"ME0"
"Montipora_capitata_HIv3___RNAseq.g29474.t1",1,0,0,NA,NA,NA,NA,"ME0"
"Montipora_capitata_HIv3___TS.g25951.t1",0,1,0,0.0484157380793381,"Transient",2,0.763109562898627,"ME1"
"Montipora_capitata_HIv3___RNAseq.g29479.t1",0,1,0,NA,NA,NA,NA,"ME0"
"Montipora_capitata_HIv3___TS.g25955.t1",1,0,0,NA,NA,NA,NA,"ME17"
"Montipora_capitata_HIv3___RNAseq.g29482.t1",1,0,0,0.0265293788953383,"Other",5,0.917256702982429,"ME6"
"Montipora_capitata_HIv3___TS.g25958.t1",1,0,0,NA,NA,NA,NA,"ME2"
"Montipora_capitata_HIv3___RNAseq.g29487.t1",2,0,0,0.0218439152577639,"Other",NA,NA,"ME2"
"Montipora_capitata_HIv3___RNAseq.g29491.t1",1,0,0,NA,NA,NA,NA,"ME0"
"Montipora_capitata_HIv3___RNAseq.g29498.t1",1,0,0,0.000840839804476137,"Transient",NA,NA,"ME0"
"Montipora_capitata_HIv3___RNAseq.g29504.t1",1,0,0,NA,NA,NA,NA,"ME28"
"Montipora_capitata_HIv3___RNAseq.g29505.t1",0,0,1,NA,NA,NA,NA,"ME8"
"Montipora_capitata_HIv3___RNAseq.g29509.t1",1,0,0,NA,NA,NA,NA,"ME2"
"Montipora_capitata_HIv3___RNAseq.g29512.t1",0,2,0,NA,NA,NA,NA,"ME0"
"Montipora_capitata_HIv3___RNAseq.g29515.t1",1,0,0,NA,NA,NA,NA,"ME2"
"Montipora_capitata_HIv3___RNAseq.g29533.t1",0,1,0,NA,NA,NA,NA,"ME7"
"Montipora_capitata_HIv3___RNAseq.g29536.t1",0,1,0,NA,NA,NA,NA,"ME19"
"Montipora_capitata_HIv3___RNAseq.g29547.t1",1,0,0,NA,NA,NA,NA,"ME8"
"Montipora_capitata_HIv3___RNAseq.g29549.t1",1,0,0,NA,NA,NA,NA,"ME0"
"Montipora_capitata_HIv3___RNAseq.g29550.t1",0,2,0,NA,NA,NA,NA,"ME0"
"Montipora_capitata_HIv3___TS.g26030.t1",0,0,1,NA,NA,NA,NA,"ME6"
"Montipora_capitata_HIv3___RNAseq.g29570.t1",0,0,1,NA,NA,NA,NA,"ME4"
"Montipora_capitata_HIv3___RNAseq.g29573.t1",0,2,0,0.00297533929372836,"Monotonous",2,0.885306115569678,"ME1"
"Montipora_capitata_HIv3___RNAseq.g29578.t1",0,1,0,NA,NA,NA,NA,"ME3"
"Montipora_capitata_HIv3___RNAseq.g29587.t1",0,1,0,0.00253411152314495,"Other",1,0.629964730874904,"ME10"
"Montipora_capitata_HIv3___TS.g26069.t1a",1,0,1,0.0462667886573789,"Transient",3,0.841769011412619,"ME1"
"Montipora_capitata_HIv3___TS.g26069.t1b",2,0,0,NA,NA,NA,NA,"ME3"
"Montipora_capitata_HIv3___RNAseq.g29598.t1",1,0,0,NA,NA,NA,NA,"ME1"
"Montipora_capitata_HIv3___TS.g26074.t2b",1,1,0,4.08007481887594e-05,"Transient",6,0.656230190184612,"ME16"
"Montipora_capitata_HIv3___RNAseq.g29601.t1",1,0,0,NA,NA,NA,NA,"ME27"
"Montipora_capitata_HIv3___RNAseq.g29602.t1",1,0,0,0.00717386489160571,"Other",NA,NA,"ME19"
"Montipora_capitata_HIv3___RNAseq.g29604.t1",1,0,0,0.000913738386869354,"Other",6,0.841056251088204,"ME9"
"Montipora_capitata_HIv3___RNAseq.g29605.t1",1,0,0,NA,NA,NA,NA,"ME0"
"Montipora_capitata_HIv3___RNAseq.g29609.t1",0,1,0,NA,NA,NA,NA,"ME0"
"Montipora_capitata_HIv3___RNAseq.g29612.t1",0,0,2,NA,NA,NA,NA,"ME29"
"Montipora_capitata_HIv3___RNAseq.g29615.t1",0,1,1,NA,NA,NA,NA,"ME0"
"Montipora_capitata_HIv3___TS.g26093.t1",0,0,1,0.00837125800261556,"Other",1,0.566320407714117,"ME3"
"Montipora_capitata_HIv3___TS.g26097.t1",0,0,1,NA,NA,NA,NA,"ME2"
"Montipora_capitata_HIv3___RNAseq.g29984.t1",0,1,0,NA,NA,NA,NA,"ME0"
"Montipora_capitata_HIv3___RNAseq.g30243.t1",0,1,0,NA,NA,NA,NA,"ME11"
"Montipora_capitata_HIv3___RNAseq.g30280.t1",1,0,0,NA,NA,NA,NA,"ME1"
"Montipora_capitata_HIv3___RNAseq.g30321.t1",1,0,0,NA,NA,NA,NA,"ME0"
"Montipora_capitata_HIv3___RNAseq.g30340.t1",1,1,0,NA,NA,NA,NA,"ME2"
"Montipora_capitata_HIv3___RNAseq.g30464.t1",0,2,0,NA,NA,NA,NA,"ME4"
"Montipora_capitata_HIv3___RNAseq.g30632.t1",0,1,0,NA,NA,NA,NA,"ME1"
"Montipora_capitata_HIv3___RNAseq.g30643.t1",0,1,0,NA,NA,NA,NA,"ME0"
"Montipora_capitata_HIv3___RNAseq.g29976.t1",0,1,0,NA,NA,NA,NA,"ME0"
"Montipora_capitata_HIv3___RNAseq.g29977.t1",0,1,0,NA,NA,NA,NA,"ME1"
"Montipora_capitata_HIv3___RNAseq.g29982.t1",0,0,1,2.68250695872959e-14,"Monotonous",1,0.88719592172774,"ME3"
"Montipora_capitata_HIv3___RNAseq.g29998.t1",1,0,0,NA,NA,NA,NA,"ME0"
"Montipora_capitata_HIv3___RNAseq.g30003.t1",2,0,0,NA,NA,NA,NA,"ME1"
"Montipora_capitata_HIv3___TS.g14500.t1",1,1,0,NA,NA,NA,NA,"ME1"
"Montipora_capitata_HIv3___RNAseq.g30007.t1",1,0,0,NA,NA,NA,NA,"ME26"
"Montipora_capitata_HIv3___RNAseq.g30039.t1",1,0,0,NA,NA,NA,NA,"ME3"
"Montipora_capitata_HIv3___RNAseq.g30041.t1",0,0,1,NA,NA,NA,NA,"ME7"
"Montipora_capitata_HIv3___RNAseq.g30042.t1",0,0,1,NA,NA,NA,NA,"ME1"
"Montipora_capitata_HIv3___RNAseq.g30043.t1",0,1,0,NA,NA,NA,NA,"ME3"
"Montipora_capitata_HIv3___TS.g14541.t1",0,1,1,0.0463674564702976,"Other",4,0.590164569346447,"ME1"
"Montipora_capitata_HIv3___RNAseq.g30050.t2",0,0,1,0.0479706366172382,"Transient",5,0.67988638714019,"ME3"
"Montipora_capitata_HIv3___RNAseq.g30052.t1",1,0,0,NA,NA,NA,NA,"ME1"
"Montipora_capitata_HIv3___RNAseq.g30058.t1",0,2,0,0.00889797652431131,"Monotonous",1,0.630894710704035,"ME25"
"Montipora_capitata_HIv3___RNAseq.g30061.t1",2,0,0,NA,NA,NA,NA,"ME5"
"Montipora_capitata_HIv3___RNAseq.g30069.t1",1,0,0,NA,NA,NA,NA,"ME1"
"Montipora_capitata_HIv3___RNAseq.g30079.t1",1,0,0,NA,NA,NA,NA,"ME5"
"Montipora_capitata_HIv3___RNAseq.g30080.t1",0,0,1,NA,NA,NA,NA,"ME5"
"Montipora_capitata_HIv3___RNAseq.29390_t",0,0,1,NA,NA,NA,NA,"ME1"
"Montipora_capitata_HIv3___RNAseq.g30086.t1",1,0,1,NA,NA,NA,NA,"ME19"
"Montipora_capitata_HIv3___RNAseq.g30088.t1",0,1,0,NA,NA,NA,NA,"ME1"
"Montipora_capitata_HIv3___RNAseq.g30090.t1",1,2,0,NA,NA,NA,NA,"ME1"
"Montipora_capitata_HIv3___RNAseq.g30103.t1",0,0,1,NA,NA,NA,NA,"ME3"
"Montipora_capitata_HIv3___RNAseq.g30104.t1",0,0,1,0.00664434083702054,"Other",NA,NA,"ME1"
"Montipora_capitata_HIv3___RNAseq.g30106.t1b",1,0,0,NA,NA,NA,NA,"ME27"
"Montipora_capitata_HIv3___TS.g14614.t1",0,1,0,NA,NA,NA,NA,"ME3"
"Montipora_capitata_HIv3___RNAseq.g30125.t1",1,0,0,NA,NA,NA,NA,"ME4"
"Montipora_capitata_HIv3___TS.g14622.t1",1,1,0,5.37224505172004e-08,"Transient",4,0.844972207362665,"ME7"
"Montipora_capitata_HIv3___RNAseq.g30128.t1",1,0,0,NA,NA,NA,NA,"ME3"
"Montipora_capitata_HIv3___RNAseq.g30135.t1",0,0,1,NA,NA,NA,NA,"ME2"
"Montipora_capitata_HIv3___RNAseq.g30139.t1",0,0,1,NA,NA,NA,NA,"ME2"
"Montipora_capitata_HIv3___RNAseq.g30141.t1",0,0,1,NA,NA,NA,NA,"ME2"
"Montipora_capitata_HIv3___TS.g14637.t1",1,0,1,0.00142622197794573,"Monotonous",2,0.857851792216133,"ME1"
"Montipora_capitata_HIv3___RNAseq.g30148.t1",0,0,1,NA,NA,NA,NA,"ME7"
"Montipora_capitata_HIv3___TS.g14641.t2",0,0,1,0.0140709589126563,"Other",2,0.535833968484489,"ME2"
"Montipora_capitata_HIv3___RNAseq.g30150.t1",0,0,1,NA,NA,NA,NA,"ME9"
"Montipora_capitata_HIv3___RNAseq.g30156.t1",1,1,0,NA,NA,NA,NA,"ME3"
"Montipora_capitata_HIv3___RNAseq.g30161.t1",0,0,1,NA,NA,NA,NA,"ME9"
"Montipora_capitata_HIv3___RNAseq.g30162.t1",1,1,0,NA,NA,NA,NA,"ME1"
"Montipora_capitata_HIv3___RNAseq.g30165.t1",0,0,1,NA,NA,NA,NA,"ME16"
"Montipora_capitata_HIv3___RNAseq.g30166.t1",0,1,1,0.00602821249057236,"Monotonous",3,0.864373462340858,"ME1"
"Montipora_capitata_HIv3___TS.g14660.t1",2,0,0,NA,NA,NA,NA,"ME9"
"Montipora_capitata_HIv3___RNAseq.g30168.t1",1,0,0,NA,NA,NA,NA,"ME16"
"Montipora_capitata_HIv3___RNAseq.g30172.t2",1,0,0,NA,NA,NA,NA,"ME0"
"Montipora_capitata_HIv3___RNAseq.g30175.t1",1,0,0,NA,NA,NA,NA,"ME6"
"Montipora_capitata_HIv3___TS.g14686.t2",1,0,0,0.000372420775350666,"Monotonous",2,0.684279096576284,"ME13"
"Montipora_capitata_HIv3___RNAseq.g30200.t1",0,0,1,NA,NA,NA,NA,"ME2"
"Montipora_capitata_HIv3___RNAseq.g30201.t1",0,0,1,NA,NA,NA,NA,"ME2"
"Montipora_capitata_HIv3___RNAseq.g30212.t1",0,0,1,NA,NA,NA,NA,"ME1"
"Montipora_capitata_HIv3___RNAseq.g30213.t1",1,0,0,NA,NA,NA,NA,"ME1"
"Montipora_capitata_HIv3___RNAseq.g30219.t1",0,0,1,NA,NA,NA,NA,"ME24"
"Montipora_capitata_HIv3___RNAseq.g30222.t1",1,0,0,0.00118800502601032,"Other",6,0.778516250886518,"ME8"
"Montipora_capitata_HIv3___TS.g14711.t1",1,0,0,NA,NA,NA,NA,"ME6"
"Montipora_capitata_HIv3___RNAseq.g30230.t1",1,1,0,NA,NA,NA,NA,"ME9"
"Montipora_capitata_HIv3___RNAseq.g30231.t1",1,1,0,NA,NA,NA,NA,"ME21"
"Montipora_capitata_HIv3___RNAseq.g30235.t1",1,0,0,NA,NA,NA,NA,"ME2"
"Montipora_capitata_HIv3___TS.g14725.t3",0,1,0,NA,NA,NA,NA,"ME2"
"Montipora_capitata_HIv3___RNAseq.g30247.t1",0,1,0,NA,NA,NA,NA,"ME5"
"Montipora_capitata_HIv3___RNAseq.g30260.t1",0,0,1,NA,NA,NA,NA,"ME0"
"Montipora_capitata_HIv3___RNAseq.g30266.t1",0,2,0,NA,NA,NA,NA,"ME3"
"Montipora_capitata_HIv3___RNAseq.g30277.t1",0,0,1,NA,NA,NA,NA,"ME6"
"Montipora_capitata_HIv3___RNAseq.g30283.t1",1,0,0,NA,NA,NA,NA,"ME2"
"Montipora_capitata_HIv3___TS.g14769.t1",0,1,0,NA,NA,NA,NA,"ME3"
"Montipora_capitata_HIv3___RNAseq.g30290.t1",0,1,0,NA,NA,NA,NA,"ME6"
"Montipora_capitata_HIv3___RNAseq.g30292.t1",1,0,0,NA,NA,NA,NA,"ME9"
"Montipora_capitata_HIv3___RNAseq.g30293.t1",1,1,0,NA,NA,NA,NA,"ME28"
"Montipora_capitata_HIv3___RNAseq.g30294.t1",1,1,0,NA,NA,NA,NA,"ME7"
"Montipora_capitata_HIv3___RNAseq.g30295.t1",0,0,1,NA,NA,NA,NA,"ME17"
"Montipora_capitata_HIv3___RNAseq.g30299.t1",1,0,0,NA,NA,NA,NA,"ME8"
"Montipora_capitata_HIv3___TS.g14784.t3",1,0,0,0.0163176821855455,"Other",5,0.65256166040277,"ME6"
"Montipora_capitata_HIv3___TS.g14796.t1",0,2,1,1.28887492016299e-06,"Monotonous",3,0.890233434162835,"ME1"
"Montipora_capitata_HIv3___RNAseq.g30320.t1",0,1,0,NA,NA,NA,NA,"ME28"
"Montipora_capitata_HIv3___TS.g14807.t1",0,2,0,NA,NA,NA,NA,"ME0"
"Montipora_capitata_HIv3___RNAseq.g30327.t1",1,0,0,NA,NA,NA,NA,"ME2"
"Montipora_capitata_HIv3___RNAseq.g30330.t1",0,0,1,NA,NA,NA,NA,"ME1"
"Montipora_capitata_HIv3___RNAseq.g30343.t1",0,0,1,NA,NA,NA,NA,"ME3"
"Montipora_capitata_HIv3___RNAseq.g30345.t1",0,0,1,NA,NA,NA,NA,"ME8"
"Montipora_capitata_HIv3___RNAseq.g30351.t1",0,0,1,NA,NA,NA,NA,"ME8"
"Montipora_capitata_HIv3___RNAseq.g30355.t1",1,1,0,NA,NA,NA,NA,"ME5"
"Montipora_capitata_HIv3___RNAseq.g30376.t1",0,1,0,NA,NA,NA,NA,"ME15"
"Montipora_capitata_HIv3___RNAseq.g30378.t1",0,1,0,0.00876281676786607,"Other",NA,NA,"ME4"
"Montipora_capitata_HIv3___RNAseq.g30381.t1",0,1,0,0.00124119556101518,"Transient",3,0.595277357475377,"ME1"
"Montipora_capitata_HIv3___RNAseq.g30400.t1",1,0,0,NA,NA,NA,NA,"ME1"
"Montipora_capitata_HIv3___RNAseq.g30418.t1",0,1,0,NA,NA,NA,NA,"ME1"
"Montipora_capitata_HIv3___TS.g14901.t1",1,1,0,0.0395475194291813,"Other",2,0.775011078511175,"ME19"
"Montipora_capitata_HIv3___RNAseq.g30422.t1",1,0,0,NA,NA,NA,NA,"ME0"
"Montipora_capitata_HIv3___RNAseq.g30433.t1",2,0,0,NA,NA,NA,NA,"ME11"
"Montipora_capitata_HIv3___RNAseq.g30434.t1",0,0,1,NA,NA,NA,NA,"ME2"
"Montipora_capitata_HIv3___TS.g14919.t1",2,0,1,NA,NA,NA,NA,"ME10"
"Montipora_capitata_HIv3___TS.g14922.t1a",0,0,1,NA,NA,NA,NA,"ME10"
"Montipora_capitata_HIv3___TS.g14926.t1",0,2,0,NA,NA,NA,NA,"ME10"
"Montipora_capitata_HIv3___RNAseq.g30451.t1",1,1,0,NA,NA,NA,NA,"ME19"
"Montipora_capitata_HIv3___RNAseq.g30473.t1",0,1,0,NA,NA,NA,NA,"ME2"
"Montipora_capitata_HIv3___RNAseq.g30475.t1",0,1,0,NA,NA,NA,NA,"ME1"
"Montipora_capitata_HIv3___RNAseq.g30479.t2",1,0,0,NA,NA,NA,NA,"ME1"
"Montipora_capitata_HIv3___RNAseq.g30488.t1",0,1,0,NA,NA,NA,NA,"ME11"
"Montipora_capitata_HIv3___RNAseq.g30510.t1",0,1,0,NA,NA,NA,NA,"ME0"
"Montipora_capitata_HIv3___RNAseq.g30511.t1",0,2,0,NA,NA,NA,NA,"ME21"
"Montipora_capitata_HIv3___RNAseq.g30514.t1",1,0,0,NA,NA,NA,NA,"ME24"
"Montipora_capitata_HIv3___RNAseq.g30517.t1",0,1,0,NA,NA,NA,NA,"ME2"
"Montipora_capitata_HIv3___TS.g14998.t1",1,0,0,NA,NA,NA,NA,"ME5"
"Montipora_capitata_HIv3___TS.g14999.t1",1,0,0,NA,NA,NA,NA,"ME21"
"Montipora_capitata_HIv3___RNAseq.g30523.t1",0,2,0,NA,NA,NA,NA,"ME2"
"Montipora_capitata_HIv3___RNAseq.g30542.t1",1,0,0,NA,NA,NA,NA,"ME26"
"Montipora_capitata_HIv3___TS.g15034.t1",0,1,0,NA,NA,NA,NA,"ME3"
"Montipora_capitata_HIv3___RNAseq.g30557.t1",0,1,0,0.000723772333143265,"Transient",3,0.573615662551799,"ME1"
"Montipora_capitata_HIv3___TS.g15045.t1",1,0,0,NA,NA,NA,NA,"ME0"
"Montipora_capitata_HIv3___RNAseq.g30561.t1",1,0,0,NA,NA,NA,NA,"ME1"
"Montipora_capitata_HIv3___RNAseq.g30562.t1",1,0,0,NA,NA,NA,NA,"ME1"
"Montipora_capitata_HIv3___RNAseq.g30566.t1",0,0,1,NA,NA,NA,NA,"ME0"
"Montipora_capitata_HIv3___RNAseq.g30576.t1",1,0,0,NA,NA,NA,NA,"ME7"
"Montipora_capitata_HIv3___RNAseq.g30577.t1",0,1,0,NA,NA,NA,NA,"ME9"
"Montipora_capitata_HIv3___RNAseq.g30579.t1",1,0,0,NA,NA,NA,NA,"ME5"
"Montipora_capitata_HIv3___TS.g15066.t1",2,0,0,0.0022453076393633,"Other",6,0.985483379651792,"ME5"
"Montipora_capitata_HIv3___RNAseq.g30583.t1",0,1,0,0.00786438293928439,"Other",6,0.795655401799971,"ME5"
"Montipora_capitata_HIv3___TS.g15069.t1",1,0,0,NA,NA,NA,NA,"ME0"
"Montipora_capitata_HIv3___RNAseq.g30585.t1",1,0,0,NA,NA,NA,NA,"ME2"
"Montipora_capitata_HIv3___RNAseq.g30589.t1",0,0,1,NA,NA,NA,NA,"ME0"
"Montipora_capitata_HIv3___RNAseq.g30596.t2",0,0,1,NA,NA,NA,NA,"ME6"
"Montipora_capitata_HIv3___RNAseq.g30603.t1",1,0,1,NA,NA,NA,NA,"ME0"
"Montipora_capitata_HIv3___RNAseq.g30609.t1",0,0,1,0.0459794945748686,"Other",NA,NA,"ME4"
"Montipora_capitata_HIv3___RNAseq.g30613.t1",0,0,1,NA,NA,NA,NA,"ME4"
"Montipora_capitata_HIv3___RNAseq.g30614.t1b",1,0,0,1.15951739932278e-10,"Monotonous",1,0.598602020521196,"ME10"
"Montipora_capitata_HIv3___RNAseq.g30614.t1c",0,1,0,6.38671943580009e-06,"Transient",6,0.943201426695097,"ME26"
"Montipora_capitata_HIv3___RNAseq.g30615.t1",0,1,0,0.000472022393902958,"Monotonous",6,0.994286561002403,"ME9"
"Montipora_capitata_HIv3___RNAseq.g30625.t1",1,0,0,NA,NA,NA,NA,"ME2"
"Montipora_capitata_HIv3___RNAseq.g30633.t1",1,0,0,NA,NA,NA,NA,"ME12"
"Montipora_capitata_HIv3___RNAseq.g30638.t1",0,0,1,NA,NA,NA,NA,"ME19"
"Montipora_capitata_HIv3___RNAseq.g30640.t1",1,0,0,NA,NA,NA,NA,"ME6"
"Montipora_capitata_HIv3___RNAseq.g30641.t1",0,0,1,NA,NA,NA,NA,"ME1"
"Montipora_capitata_HIv3___TS.g15155.t1",0,0,1,NA,NA,NA,NA,"ME0"
"Montipora_capitata_HIv3___RNAseq.g30702.t1a",0,1,0,NA,NA,NA,NA,"ME7"
"Montipora_capitata_HIv3___RNAseq.g30705.t1",0,0,1,NA,NA,NA,NA,"ME6"
"Montipora_capitata_HIv3___RNAseq.g30707.t1",0,1,0,4.60535532392546e-06,"Monotonous",2,0.565112626804681,"ME1"
"Montipora_capitata_HIv3___RNAseq.g30709.t1",1,0,0,9.87170886347793e-10,"Transient",3,0.539606510348117,"ME1"
"Montipora_capitata_HIv3___RNAseq.g30710.t1",1,0,0,0.00867813367744141,"Other",NA,NA,"ME11"
"Montipora_capitata_HIv3___TS.g15193.t1",1,0,0,NA,NA,NA,NA,"ME1"
"Montipora_capitata_HIv3___RNAseq.g30713.t1",0,0,1,NA,NA,NA,NA,"ME16"
"Montipora_capitata_HIv3___RNAseq.g31460.t1",1,1,0,NA,NA,NA,NA,"ME0"
"Montipora_capitata_HIv3___RNAseq.g31468.t1",0,1,0,0.0149707656414947,"Transient",3,0.958402963883696,"ME1"
"Montipora_capitata_HIv3___RNAseq.g31469.t1",1,0,0,NA,NA,NA,NA,"ME1"
"Montipora_capitata_HIv3___RNAseq.g31471.t1",0,0,1,NA,NA,NA,NA,"ME1"
"Montipora_capitata_HIv3___RNAseq.g31476.t1",0,1,0,NA,NA,NA,NA,"ME2"
"Montipora_capitata_HIv3___RNAseq.g31488.t1",1,0,0,0.00888328296074255,"Monotonous",2,0.909742886383243,"ME1"
"Montipora_capitata_HIv3___TS.g15993.t2",2,0,0,1.14271366246945e-06,"Transient",4,0.776313959532349,"ME3"
"Montipora_capitata_HIv3___RNAseq.g31491.t1",0,0,1,NA,NA,NA,NA,"ME1"
"Montipora_capitata_HIv3___RNAseq.g31510.t1",0,0,1,NA,NA,NA,NA,"ME2"
"Montipora_capitata_HIv3___RNAseq.g31521.t1",0,1,0,NA,NA,NA,NA,"ME5"
"Montipora_capitata_HIv3___TS.g16028.t1",1,0,0,NA,NA,NA,NA,"ME20"
"Montipora_capitata_HIv3___RNAseq.g31526.t1",0,1,0,NA,NA,NA,NA,"ME7"
"Montipora_capitata_HIv3___RNAseq.g31645.t1",1,0,0,NA,NA,NA,NA,"ME2"
"Montipora_capitata_HIv3___RNAseq.30885_t",1,0,0,NA,NA,NA,NA,"ME4"
"Montipora_capitata_HIv3___TS.g16038.t1",1,0,0,NA,NA,NA,NA,"ME0"
"Montipora_capitata_HIv3___RNAseq.g31537.t1a",1,0,1,1.6061400279088e-10,"Monotonous",2,0.507227348586638,"ME1"
"Montipora_capitata_HIv3___RNAseq.g31618.t1",1,0,0,NA,NA,NA,NA,"ME3"
"Montipora_capitata_HIv3___RNAseq.g31820.t1",1,0,0,NA,NA,NA,NA,"ME2"
"Montipora_capitata_HIv3___RNAseq.g31837.t1",0,1,0,NA,NA,NA,NA,"ME12"
"Montipora_capitata_HIv3___TS.g16399.t1",0,4,0,NA,NA,NA,NA,"ME22"
"Montipora_capitata_HIv3___RNAseq.g31870.t1",1,0,0,NA,NA,NA,NA,"ME4"
"Montipora_capitata_HIv3___RNAseq.g31681.t1",1,0,0,NA,NA,NA,NA,"ME11"
"Montipora_capitata_HIv3___RNAseq.g31682.t1",1,0,0,NA,NA,NA,NA,"ME11"
"Montipora_capitata_HIv3___RNAseq.g31694.t1",1,0,0,NA,NA,NA,NA,"ME0"
"Montipora_capitata_HIv3___RNAseq.g31701.t1",1,0,0,NA,NA,NA,NA,"ME8"
"Montipora_capitata_HIv3___RNAseq.g31761.t1",0,1,0,NA,NA,NA,NA,"ME4"
"Montipora_capitata_HIv3___TS.g16289.t1",1,0,0,NA,NA,NA,NA,"ME9"
"Montipora_capitata_HIv3___RNAseq.g31788.t1",1,0,0,NA,NA,NA,NA,"ME4"
"Montipora_capitata_HIv3___TS.g16176.t1",0,2,0,0.0234740416855407,"Other",5,0.557560815826784,"ME4"
"Montipora_capitata_HIv3___RNAseq.g31685.t1",0,0,1,NA,NA,NA,NA,"ME12"
"Montipora_capitata_HIv3___TS.g16193.t1",3,1,0,NA,NA,NA,NA,"ME4"
"Montipora_capitata_HIv3___TS.g16205.t1",1,0,0,NA,NA,NA,NA,"ME4"
"Montipora_capitata_HIv3___RNAseq.g31712.t1",0,0,1,NA,NA,NA,NA,"ME2"
"Montipora_capitata_HIv3___RNAseq.g31717.t1",1,6,1,NA,NA,NA,NA,"ME2"
"Montipora_capitata_HIv3___RNAseq.g31721.t2",0,0,1,NA,NA,NA,NA,"ME2"
"Montipora_capitata_HIv3___TS.g16232.t1",0,0,1,NA,NA,NA,NA,"ME7"
"Montipora_capitata_HIv3___RNAseq.g31736.t1",1,0,0,0.040560786469044,"Other",3,0.564300407414268,"ME15"
"Montipora_capitata_HIv3___TS.g16257.t1b",1,0,0,NA,NA,NA,NA,"ME1"
"Montipora_capitata_HIv3___RNAseq.g31763.t1",1,0,0,0.0144652703933282,"Monotonous",2,0.940777395808454,"ME1"
"Montipora_capitata_HIv3___RNAseq.g31764.t1",1,0,0,0.000569720048910719,"Monotonous",6,0.640600452901852,"ME3"
"Montipora_capitata_HIv3___TS.g16265.t2",1,0,0,NA,NA,NA,NA,"ME2"
"Montipora_capitata_HIv3___TS.g16271.t1",0,0,1,NA,NA,NA,NA,"ME1"
"Montipora_capitata_HIv3___RNAseq.g31774.t1",1,0,0,NA,NA,NA,NA,"ME22"
"Montipora_capitata_HIv3___RNAseq.g31775.t1",1,0,0,NA,NA,NA,NA,"ME12"
"Montipora_capitata_HIv3___RNAseq.g31796.t1a",1,1,0,NA,NA,NA,NA,"ME13"
"Montipora_capitata_HIv3___RNAseq.g31915.t1",2,0,0,NA,NA,NA,NA,"ME2"
"Montipora_capitata_HIv3___TS.g15222.t1b",0,1,0,NA,NA,NA,NA,"ME0"
"Montipora_capitata_HIv3___RNAseq.g30923.t1",0,0,1,NA,NA,NA,NA,"ME0"
"Montipora_capitata_HIv3___TS.g15427.t1",1,0,0,NA,NA,NA,NA,"ME4"
"Montipora_capitata_HIv3___TS.g15553.t1",1,0,0,NA,NA,NA,NA,"ME0"
"Montipora_capitata_HIv3___RNAseq.g31091.t1",1,1,0,NA,NA,NA,NA,"ME0"
"Montipora_capitata_HIv3___RNAseq.g31100.t1",1,0,0,NA,NA,NA,NA,"ME0"
"Montipora_capitata_HIv3___RNAseq.g31216.t1",0,0,1,NA,NA,NA,NA,"ME0"
"Montipora_capitata_HIv3___TS.g15728.t1",1,0,0,NA,NA,NA,NA,"ME0"
"Montipora_capitata_HIv3___RNAseq.g31244.t1",0,1,0,NA,NA,NA,NA,"ME11"
"Montipora_capitata_HIv3___RNAseq.g31248.t1",0,1,0,NA,NA,NA,NA,"ME4"
"Montipora_capitata_HIv3___TS.g15791.t1",1,1,0,NA,NA,NA,NA,"ME0"
"Montipora_capitata_HIv3___RNAseq.g31331.t1",1,0,0,NA,NA,NA,NA,"ME12"
"Montipora_capitata_HIv3___RNAseq.g31332.t1",0,2,0,NA,NA,NA,NA,"ME11"
"Montipora_capitata_HIv3___RNAseq.g31384.t1",0,0,1,NA,NA,NA,NA,"ME11"
"Montipora_capitata_HIv3___RNAseq.g30751.t1",1,1,0,NA,NA,NA,NA,"ME3"
"Montipora_capitata_HIv3___TS.g15253.t1",0,1,0,NA,NA,NA,NA,"ME4"
"Montipora_capitata_HIv3___RNAseq.g30770.t1",3,0,0,1.15181034324147e-05,"Monotonous",6,0.502445841353683,"ME8"
"Montipora_capitata_HIv3___TS.g15269.t1",1,0,0,NA,NA,NA,NA,"ME8"
"Montipora_capitata_HIv3___RNAseq.g30783.t1",1,0,0,NA,NA,NA,NA,"ME8"
"Montipora_capitata_HIv3___RNAseq.g30788.t1",0,1,0,NA,NA,NA,NA,"ME4"
"Montipora_capitata_HIv3___RNAseq.g30792.t1",4,0,0,NA,NA,NA,NA,"ME2"
"Montipora_capitata_HIv3___TS.g15282.t1",0,1,1,0.013171447128666,"Other",6,0.514738988361207,"ME3"
"Montipora_capitata_HIv3___RNAseq.g30801.t1",2,0,0,NA,NA,NA,NA,"ME2"
"Montipora_capitata_HIv3___RNAseq.g30811.t1",1,0,0,0.00191410296405449,"Monotonous",1,0.690756405385809,"ME0"
"Montipora_capitata_HIv3___RNAseq.g30824.t1",1,2,0,NA,NA,NA,NA,"ME11"
"Montipora_capitata_HIv3___RNAseq.g30829.t1",0,1,0,NA,NA,NA,NA,"ME19"
"Montipora_capitata_HIv3___RNAseq.g30830.t1",2,0,0,NA,NA,NA,NA,"ME31"
"Montipora_capitata_HIv3___RNAseq.g30831.t1",0,0,1,NA,NA,NA,NA,"ME11"
"Montipora_capitata_HIv3___RNAseq.g30839.t1",0,1,0,NA,NA,NA,NA,"ME8"
"Montipora_capitata_HIv3___RNAseq.g30842.t1a",1,0,1,NA,NA,NA,NA,"ME4"
"Montipora_capitata_HIv3___RNAseq.g30845.t1",0,1,0,0.0148046270052866,"Other",5,0.958306762239832,"ME6"
"Montipora_capitata_HIv3___RNAseq.g30850.t1",0,0,1,NA,NA,NA,NA,"ME11"
"Montipora_capitata_HIv3___TS.g15339.t1",0,1,0,NA,NA,NA,NA,"ME30"
"Montipora_capitata_HIv3___RNAseq.g30857.t1",0,1,0,NA,NA,NA,NA,"ME14"
"Montipora_capitata_HIv3___TS.g15354.t1",0,1,0,NA,NA,NA,NA,"ME2"
"Montipora_capitata_HIv3___TS.g15355.t1",0,1,0,NA,NA,NA,NA,"ME3"
"Montipora_capitata_HIv3___TS.g15358.t1a",0,1,0,NA,NA,NA,NA,"ME10"
"Montipora_capitata_HIv3___RNAseq.g30877.t1",0,0,1,NA,NA,NA,NA,"ME4"
"Montipora_capitata_HIv3___RNAseq.g30878.t2",0,1,0,NA,NA,NA,NA,"ME3"
"Montipora_capitata_HIv3___RNAseq.g30879.t1",1,0,0,0.0448560338662527,"Other",4,0.667262192181548,"ME2"
"Montipora_capitata_HIv3___RNAseq.g30881.t1",0,0,1,NA,NA,NA,NA,"ME20"
"Montipora_capitata_HIv3___RNAseq.g30884.t1",2,0,1,NA,NA,NA,NA,"ME15"
"Montipora_capitata_HIv3___TS.g15381.t1",1,0,0,NA,NA,NA,NA,"ME5"
"Montipora_capitata_HIv3___TS.g15396.t1b",1,0,0,NA,NA,NA,NA,"ME0"
"Montipora_capitata_HIv3___RNAseq.g30913.t1",2,0,0,NA,NA,NA,NA,"ME0"
"Montipora_capitata_HIv3___RNAseq.g30919.t1",0,1,0,NA,NA,NA,NA,"ME12"
"Montipora_capitata_HIv3___RNAseq.30239_t",1,0,0,NA,NA,NA,NA,"ME0"
"Montipora_capitata_HIv3___RNAseq.g30922.t1b",0,0,1,NA,NA,NA,NA,"ME2"
"Montipora_capitata_HIv3___RNAseq.g30925.t1",0,0,1,NA,NA,NA,NA,"ME0"
"Montipora_capitata_HIv3___RNAseq.g30930.t1",1,0,0,NA,NA,NA,NA,"ME23"
"Montipora_capitata_HIv3___RNAseq.g30934.t1",0,2,0,NA,NA,NA,NA,"ME2"
"Montipora_capitata_HIv3___TS.g15436.t1",1,1,0,0.0360185803185145,"Other",5,0.62081255342171,"ME6"
"Montipora_capitata_HIv3___TS.g15437.t1",1,0,0,NA,NA,NA,NA,"ME9"
"Montipora_capitata_HIv3___RNAseq.g30951.t1",1,0,0,0.0238811688628508,"Monotonous",2,0.882410497441778,"ME1"
"Montipora_capitata_HIv3___RNAseq.g30952.t1",1,0,0,NA,NA,NA,NA,"ME1"
"Montipora_capitata_HIv3___RNAseq.g30966.t1",1,0,0,0.0483386260723778,"Other",6,0.79584652686421,"ME21"
"Montipora_capitata_HIv3___TS.g15456.t1",1,0,0,NA,NA,NA,NA,"ME2"
"Montipora_capitata_HIv3___RNAseq.g30969.t1",1,1,1,0.00050210285450781,"Monotonous",6,0.877048129647689,"ME3"
"Montipora_capitata_HIv3___RNAseq.g30973.t1",0,1,0,NA,NA,NA,NA,"ME2"
"Montipora_capitata_HIv3___RNAseq.g30975.t1",0,0,1,NA,NA,NA,NA,"ME3"
"Montipora_capitata_HIv3___RNAseq.g30978.t1",0,2,0,NA,NA,NA,NA,"ME21"
"Montipora_capitata_HIv3___RNAseq.g30988.t1c",1,1,0,NA,NA,NA,NA,"ME14"
"Montipora_capitata_HIv3___RNAseq.g30991.t1",0,0,1,NA,NA,NA,NA,"ME1"
"Montipora_capitata_HIv3___RNAseq.g30993.t1",0,0,1,NA,NA,NA,NA,"ME0"
"Montipora_capitata_HIv3___RNAseq.g30995.t1",0,0,1,NA,NA,NA,NA,"ME4"
"Montipora_capitata_HIv3___RNAseq.g30996.t1",0,0,1,NA,NA,NA,NA,"ME0"
"Montipora_capitata_HIv3___RNAseq.g31007.t1",1,0,0,0.000117476755170085,"Other",3,0.503763704031564,"ME19"
"Montipora_capitata_HIv3___RNAseq.g31013.t1",0,1,0,0.00540583422319794,"Monotonous",6,0.58306539557591,"ME21"
"Montipora_capitata_HIv3___RNAseq.g31015.t1",1,0,0,NA,NA,NA,NA,"ME2"
"Montipora_capitata_HIv3___RNAseq.g31023.t1",1,0,0,NA,NA,NA,NA,"ME0"
"Montipora_capitata_HIv3___TS.g15523.t1b",0,2,0,0.00949448378583019,"Transient",3,0.984080719354176,"ME1"
"Montipora_capitata_HIv3___RNAseq.g31051.t1",1,0,0,NA,NA,NA,NA,"ME0"
"Montipora_capitata_HIv3___RNAseq.g31081.t1",0,3,0,NA,NA,NA,NA,"ME3"
"Montipora_capitata_HIv3___RNAseq.g31084.t1",1,0,0,NA,NA,NA,NA,"ME4"
"Montipora_capitata_HIv3___RNAseq.g31089.t1",1,0,0,NA,NA,NA,NA,"ME5"
"Montipora_capitata_HIv3___RNAseq.g31109.t1",0,1,0,NA,NA,NA,NA,"ME14"
"Montipora_capitata_HIv3___RNAseq.g31110.t1",1,0,1,0.022152404139313,"Other",NA,NA,"ME5"
"Montipora_capitata_HIv3___RNAseq.g31126.t1",0,0,1,NA,NA,NA,NA,"ME11"
"Montipora_capitata_HIv3___RNAseq.g31131.t1",1,0,0,NA,NA,NA,NA,"ME0"
"Montipora_capitata_HIv3___RNAseq.g31132.t1",0,0,1,NA,NA,NA,NA,"ME2"
"Montipora_capitata_HIv3___TS.g15622.t1",0,0,1,0.00049264418811254,"Transient",5,0.741565399279608,"ME4"
"Montipora_capitata_HIv3___RNAseq.g31138.t1",0,0,1,NA,NA,NA,NA,"ME7"
"Montipora_capitata_HIv3___RNAseq.g31139.t1",0,1,0,NA,NA,NA,NA,"ME0"
"Montipora_capitata_HIv3___RNAseq.g31141.t1",1,0,0,0.028512511543096,"Other",2,0.818549838563896,"ME1"
"Montipora_capitata_HIv3___TS.g15629.t1",2,0,0,0.00294990189279937,"Monotonous",2,0.934256901289388,"ME1"
"Montipora_capitata_HIv3___RNAseq.g31152.t1",1,0,0,NA,NA,NA,NA,"ME0"
"Montipora_capitata_HIv3___RNAseq.g31157.t1",1,0,0,NA,NA,NA,NA,"ME11"
"Montipora_capitata_HIv3___RNAseq.g31170.t1",1,0,0,NA,NA,NA,NA,"ME19"
"Montipora_capitata_HIv3___RNAseq.g31183.t1",1,0,0,NA,NA,NA,NA,"ME2"
"Montipora_capitata_HIv3___RNAseq.g31184.t1",1,0,0,NA,NA,NA,NA,"ME0"
"Montipora_capitata_HIv3___RNAseq.g31191.t1",0,1,0,NA,NA,NA,NA,"ME4"
"Montipora_capitata_HIv3___RNAseq.g31209.t1",0,1,0,NA,NA,NA,NA,"ME2"
"Montipora_capitata_HIv3___TS.g15704.t1",0,0,1,NA,NA,NA,NA,"ME22"
"Montipora_capitata_HIv3___RNAseq.g31220.t1",0,1,0,NA,NA,NA,NA,"ME22"
"Montipora_capitata_HIv3___RNAseq.g31221.t1",0,1,0,NA,NA,NA,NA,"ME14"
"Montipora_capitata_HIv3___RNAseq.g31224.t1",1,1,0,NA,NA,NA,NA,"ME0"
"Montipora_capitata_HIv3___RNAseq.g31234.t1",0,1,0,NA,NA,NA,NA,"ME5"
"Montipora_capitata_HIv3___RNAseq.g31250.t1",1,0,0,NA,NA,NA,NA,"ME2"
"Montipora_capitata_HIv3___RNAseq.g31251.t1",1,0,0,NA,NA,NA,NA,"ME4"
"Montipora_capitata_HIv3___RNAseq.g31274.t1",1,0,0,NA,NA,NA,NA,"ME10"
"Montipora_capitata_HIv3___TS.g15786.t1",1,0,0,NA,NA,NA,NA,"ME0"
"Montipora_capitata_HIv3___RNAseq.g31299.t1",1,0,0,NA,NA,NA,NA,"ME14"
"Montipora_capitata_HIv3___RNAseq.g31301.t1",1,0,0,NA,NA,NA,NA,"ME14"
"Montipora_capitata_HIv3___TS.g15806.t1",1,0,0,NA,NA,NA,NA,"ME14"
"Montipora_capitata_HIv3___TS.g15821.t1",1,0,0,NA,NA,NA,NA,"ME19"
"Montipora_capitata_HIv3___RNAseq.g31319.t1",0,1,0,1.45407184640553e-06,"Monotonous",1,0.736008895621471,"ME3"
"Montipora_capitata_HIv3___RNAseq.g31324.t1",0,1,0,NA,NA,NA,NA,"ME2"
"Montipora_capitata_HIv3___RNAseq.30680_t",0,1,0,NA,NA,NA,NA,"ME2"
"Montipora_capitata_HIv3___RNAseq.g31334.t1",1,0,0,NA,NA,NA,NA,"ME2"
"Montipora_capitata_HIv3___TS.g15840.t1",1,1,0,NA,NA,NA,NA,"ME2"
"Montipora_capitata_HIv3___RNAseq.g31336.t1",0,1,0,NA,NA,NA,NA,"ME2"
"Montipora_capitata_HIv3___RNAseq.g31342.t1",0,1,0,NA,NA,NA,NA,"ME11"
"Montipora_capitata_HIv3___RNAseq.g31346.t1",0,1,0,NA,NA,NA,NA,"ME11"
"Montipora_capitata_HIv3___TS.g15853.t1",1,0,0,NA,NA,NA,NA,"ME2"
"Montipora_capitata_HIv3___RNAseq.g31354.t1",0,2,0,NA,NA,NA,NA,"ME12"
"Montipora_capitata_HIv3___RNAseq.g31363.t1",0,1,1,NA,NA,NA,NA,"ME0"
"Montipora_capitata_HIv3___RNAseq.g31365.t2a",0,0,1,NA,NA,NA,NA,"ME1"
"Montipora_capitata_HIv3___RNAseq.g31368.t1",1,0,0,NA,NA,NA,NA,"ME11"
"Montipora_capitata_HIv3___RNAseq.g31375.t1",0,1,1,NA,NA,NA,NA,"ME4"
"Montipora_capitata_HIv3___RNAseq.g31381.t1",0,0,1,NA,NA,NA,NA,"ME24"
"Montipora_capitata_HIv3___RNAseq.g31385.t1",1,2,0,NA,NA,NA,NA,"ME0"
"Montipora_capitata_HIv3___TS.g15910.t1",0,1,0,NA,NA,NA,NA,"ME19"
"Montipora_capitata_HIv3___RNAseq.g31963.t1",0,2,0,NA,NA,NA,NA,"ME0"
"Montipora_capitata_HIv3___RNAseq.g31964.t1",0,1,0,NA,NA,NA,NA,"ME0"
"Montipora_capitata_HIv3___RNAseq.g31959.t1",1,0,0,NA,NA,NA,NA,"ME0"
"Montipora_capitata_HIv3___RNAseq.g31973.t1",1,1,0,NA,NA,NA,NA,"ME13"
"Montipora_capitata_HIv3___RNAseq.g31979.t1",1,0,0,NA,NA,NA,NA,"ME1"
"Montipora_capitata_HIv3___RNAseq.g31980.t1",0,1,0,NA,NA,NA,NA,"ME0"
"Montipora_capitata_HIv3___RNAseq.g31981.t1",1,0,0,NA,NA,NA,NA,"ME4"
"Montipora_capitata_HIv3___TS.g16641.t1a",1,0,0,NA,NA,NA,NA,"ME0"
"Montipora_capitata_HIv3___RNAseq.g32143.t1",0,1,0,NA,NA,NA,NA,"ME0"
"Montipora_capitata_HIv3___RNAseq.g31997.t1",0,1,0,NA,NA,NA,NA,"ME8"
"Montipora_capitata_HIv3___TS.g16499.t1",0,0,1,NA,NA,NA,NA,"ME8"
"Montipora_capitata_HIv3___TS.g16500.t1",0,1,0,NA,NA,NA,NA,"ME23"
"Montipora_capitata_HIv3___RNAseq.g32099.t1",0,0,1,NA,NA,NA,NA,"ME4"
"Montipora_capitata_HIv3___TS.g16502.t1",0,0,1,NA,NA,NA,NA,"ME4"
"Montipora_capitata_HIv3___RNAseq.g32025.t1",1,0,0,NA,NA,NA,NA,"ME2"
"Montipora_capitata_HIv3___RNAseq.g32039.t1",1,0,0,NA,NA,NA,NA,"ME2"
"Montipora_capitata_HIv3___RNAseq.g32073.t1",0,1,0,NA,NA,NA,NA,"ME2"
"Montipora_capitata_HIv3___RNAseq.g32091.t1",1,0,0,NA,NA,NA,NA,"ME2"
"Montipora_capitata_HIv3___TS.g16617.t1",1,0,0,0.0140435929977745,"Transient",3,0.574302724748273,"ME1"
"Montipora_capitata_HIv3___RNAseq.g32306.t1",0,0,1,NA,NA,NA,NA,"ME0"
"Montipora_capitata_HIv3___RNAseq.g32311.t1",0,1,0,0.000416151330849818,"Transient",6,0.895386601997447,"ME9"
"Montipora_capitata_HIv3___RNAseq.g32268.t1",0,0,1,NA,NA,NA,NA,"ME0"
"Montipora_capitata_HIv3___RNAseq.g32146.t1",2,0,0,NA,NA,NA,NA,"ME0"
"Montipora_capitata_HIv3___RNAseq.g32154.t1",0,1,0,NA,NA,NA,NA,"ME1"
"Montipora_capitata_HIv3___RNAseq.g32161.t1",1,0,0,NA,NA,NA,NA,"ME2"
"Montipora_capitata_HIv3___RNAseq.g32167.t2",0,0,1,NA,NA,NA,NA,"ME3"
"Montipora_capitata_HIv3___RNAseq.g32168.t1",0,0,1,NA,NA,NA,NA,"ME4"
"Montipora_capitata_HIv3___TS.g16675.t1",1,0,0,NA,NA,NA,NA,"ME0"
"Montipora_capitata_HIv3___RNAseq.g32179.t1",0,1,0,NA,NA,NA,NA,"ME1"
"Montipora_capitata_HIv3___RNAseq.g32180.t1",0,0,1,NA,NA,NA,NA,"ME4"
"Montipora_capitata_HIv3___RNAseq.g32184.t1",0,0,1,0.00111373902656536,"Transient",3,0.677135690040284,"ME1"
"Montipora_capitata_HIv3___RNAseq.g32198.t1a",1,0,0,2.83360848606434e-07,"Transient",5,0.887130404590702,"ME6"
"Montipora_capitata_HIv3___RNAseq.g32213.t2",1,0,0,NA,NA,NA,NA,"ME4"
"Montipora_capitata_HIv3___RNAseq.g32214.t1",1,0,0,NA,NA,NA,NA,"ME16"
"Montipora_capitata_HIv3___RNAseq.g32217.t1b",0,0,1,0.0145104863426009,"Other",4,0.947750694967092,"ME7"
"Montipora_capitata_HIv3___RNAseq.g32218.t1",1,0,0,NA,NA,NA,NA,"ME16"
"Montipora_capitata_HIv3___RNAseq.g32219.t1",0,0,1,NA,NA,NA,NA,"ME12"
"Montipora_capitata_HIv3___RNAseq.g32223.t1",1,0,0,5.64398193345399e-05,"Monotonous",6,0.833656019324885,"ME10"
"Montipora_capitata_HIv3___RNAseq.g32233.t1",0,1,0,NA,NA,NA,NA,"ME3"
"Montipora_capitata_HIv3___RNAseq.g32235.t1",0,1,0,NA,NA,NA,NA,"ME2"
"Montipora_capitata_HIv3___RNAseq.g32236.t2",0,0,1,0.0014453820612854,"Monotonous",1,0.618699835539657,"ME10"
"Montipora_capitata_HIv3___RNAseq.g32240.t1",0,1,1,0.00515094851876728,"Monotonous",1,0.720993829808137,"ME10"
"Montipora_capitata_HIv3___RNAseq.g32246.t1",1,0,0,NA,NA,NA,NA,"ME0"
"Montipora_capitata_HIv3___TS.g16765.t1b",0,0,1,0.0103065990490325,"Monotonous",1,0.863316506496864,"ME3"
"Montipora_capitata_HIv3___RNAseq.g32275.t1",1,0,0,NA,NA,NA,NA,"ME4"
"Montipora_capitata_HIv3___RNAseq.g32386.t1",1,0,0,NA,NA,NA,NA,"ME11"
"Montipora_capitata_HIv3___TS.g16926.t1",1,0,0,NA,NA,NA,NA,"ME0"
"Montipora_capitata_HIv3___TS.g16850.t1",1,0,0,5.59381227942499e-07,"Monotonous",1,0.962190583687611,"ME10"
"Montipora_capitata_HIv3___RNAseq.g32345.t1",1,0,0,NA,NA,NA,NA,"ME4"
"Montipora_capitata_HIv3___RNAseq.g32348.t1b",0,0,1,NA,NA,NA,NA,"ME8"
"Montipora_capitata_HIv3___RNAseq.g32362.t1",2,0,0,0.0364342145624614,"Other",1,0.526868127702679,"ME10"
"Montipora_capitata_HIv3___TS.g16886.t1",0,1,0,NA,NA,NA,NA,"ME22"
"Montipora_capitata_HIv3___RNAseq.g32381.t1",0,2,0,NA,NA,NA,NA,"ME2"
"Montipora_capitata_HIv3___RNAseq.g32382.t1",1,0,0,NA,NA,NA,NA,"ME8"
"Montipora_capitata_HIv3___RNAseq.g32384.t1",0,0,4,NA,NA,NA,NA,"ME3"
"Montipora_capitata_HIv3___RNAseq.g32390.t1",0,1,1,NA,NA,NA,NA,"ME16"
"Montipora_capitata_HIv3___TS.g16914.t1",1,0,0,NA,NA,NA,NA,"ME0"
"Montipora_capitata_HIv3___RNAseq.g32415.t1b",1,0,0,NA,NA,NA,NA,"ME0"
"Montipora_capitata_HIv3___RNAseq.g32482.t1",1,1,0,NA,NA,NA,NA,"ME4"
"Montipora_capitata_HIv3___TS.g17001.t1",1,0,2,NA,NA,NA,NA,"ME0"
"Montipora_capitata_HIv3___RNAseq.g32500.t1",1,1,0,NA,NA,NA,NA,"ME4"
"Montipora_capitata_HIv3___RNAseq.g32512.t1",0,1,0,NA,NA,NA,NA,"ME1"
"Montipora_capitata_HIv3___RNAseq.g32519.t2",1,0,0,NA,NA,NA,NA,"ME10"
"Montipora_capitata_HIv3___RNAseq.g32522.t2",1,0,0,0.046153013763538,"Other",3,0.815214126771986,"ME13"
"Montipora_capitata_HIv3___TS.g17089.t2b",0,0,1,NA,NA,NA,NA,"ME18"
"Montipora_capitata_HIv3___RNAseq.g32580.t1",0,1,0,NA,NA,NA,NA,"ME3"
"Montipora_capitata_HIv3___RNAseq.g32581.t1",0,1,0,0.00405503870157884,"Monotonous",6,0.974607487248542,"ME6"
"Montipora_capitata_HIv3___RNAseq.g32583.t1",1,2,0,NA,NA,NA,NA,"ME15"
"Montipora_capitata_HIv3___RNAseq.g32584.t1",1,2,0,0.0255422236230862,"Monotonous",2,0.915245784790416,"ME1"
"Montipora_capitata_HIv3___RNAseq.g32585.t1",1,0,1,0.0127538367201888,"Monotonous",6,0.964795445478747,"ME9"
"Montipora_capitata_HIv3___TS.g17099.t1",0,0,1,1.05492858571155e-05,"Monotonous",6,0.992963941746794,"ME9"
"Montipora_capitata_HIv3___RNAseq.g32597.t1",0,1,0,0.0397685252050648,"Other",1,0.565893368116374,"ME10"
"Montipora_capitata_HIv3___RNAseq.g32598.t1",1,0,0,0.0307649886433943,"Monotonous",1,0.797049894596894,"ME9"
"Montipora_capitata_HIv3___RNAseq.g32619.t1",0,1,0,0.0475583344626814,"Monotonous",1,0.840687300085858,"ME10"
"Montipora_capitata_HIv3___RNAseq.g32626.t1",0,0,1,NA,NA,NA,NA,"ME9"
"Montipora_capitata_HIv3___RNAseq.g32636.t1",1,1,0,NA,NA,NA,NA,"ME2"
"Montipora_capitata_HIv3___RNAseq.g32650.t1",0,1,0,1.56052752535106e-21,"Monotonous",1,0.934090599952901,"ME10"
"Montipora_capitata_HIv3___RNAseq.g32654.t1",1,0,0,NA,NA,NA,NA,"ME0"
"Montipora_capitata_HIv3___TS.g17169.t1",0,0,1,NA,NA,NA,NA,"ME0"
"Montipora_capitata_HIv3___TS.g17173.t1",1,0,0,1.04297312319e-09,"Monotonous",1,0.755879582208081,"ME10"
"Montipora_capitata_HIv3___RNAseq.g32665.t1",0,0,1,0.000484638281315022,"Monotonous",1,0.889083552224057,"ME10"
"Montipora_capitata_HIv3___RNAseq.g32667.t1",1,0,0,1.23023066503226e-10,"Monotonous",1,0.860031608044899,"ME10"
"Montipora_capitata_HIv3___RNAseq.g32668.t1",0,0,1,NA,NA,NA,NA,"ME2"
"Montipora_capitata_HIv3___RNAseq.g32669.t1",1,0,0,5.9341139045844e-13,"Monotonous",1,0.907124789300542,"ME10"
"Montipora_capitata_HIv3___RNAseq.g32672.t1",2,0,0,4.52268918299518e-08,"Monotonous",1,0.74475391016869,"ME10"
"Montipora_capitata_HIv3___RNAseq.g33216.t1",0,1,0,NA,NA,NA,NA,"ME0"
"Montipora_capitata_HIv3___RNAseq.g33217.t1",0,0,1,NA,NA,NA,NA,"ME0"
"Montipora_capitata_HIv3___RNAseq.g33219.t1",1,0,0,NA,NA,NA,NA,"ME0"
"Montipora_capitata_HIv3___RNAseq.g33254.t1",0,1,0,NA,NA,NA,NA,"ME0"
"Montipora_capitata_HIv3___RNAseq.g33271.t1",1,0,0,0.0172359757756823,"Other",6,0.688033290451975,"ME8"
"Montipora_capitata_HIv3___RNAseq.g33272.t1a",1,0,0,0.00298703610967779,"Transient",3,0.638408541839808,"ME1"
"Montipora_capitata_HIv3___RNAseq.g32720.t1",1,0,1,NA,NA,NA,NA,"ME0"
"Montipora_capitata_HIv3___RNAseq.g32781.t1",0,1,0,NA,NA,NA,NA,"ME0"
"Montipora_capitata_HIv3___RNAseq.g32783.t1",1,0,0,NA,NA,NA,NA,"ME0"
"Montipora_capitata_HIv3___TS.g17298.t1",0,0,1,NA,NA,NA,NA,"ME2"
"Montipora_capitata_HIv3___RNAseq.g32877.t1",1,1,1,NA,NA,NA,NA,"ME0"
"Montipora_capitata_HIv3___TS.g17412.t1",1,0,0,NA,NA,NA,NA,"ME0"
"Montipora_capitata_HIv3___TS.g17419.t1a",0,0,1,NA,NA,NA,NA,"ME0"
"Montipora_capitata_HIv3___RNAseq.g32914.t1",0,1,0,NA,NA,NA,NA,"ME11"
"Montipora_capitata_HIv3___RNAseq.g32927.t1",1,0,0,NA,NA,NA,NA,"ME0"
"Montipora_capitata_HIv3___RNAseq.g32972.t1",1,0,0,NA,NA,NA,NA,"ME11"
"Montipora_capitata_HIv3___RNAseq.g33149.t1",0,1,0,NA,NA,NA,NA,"ME0"
"Montipora_capitata_HIv3___RNAseq.g33201.t1",1,0,0,NA,NA,NA,NA,"ME11"
"Montipora_capitata_HIv3___TS.g17186.t1",0,1,0,NA,NA,NA,NA,"ME0"
"Montipora_capitata_HIv3___RNAseq.32115_t",1,0,0,3.58842534469531e-10,"Monotonous",1,0.804203888468006,"ME10"
"Montipora_capitata_HIv3___RNAseq.g32684.t1",0,1,0,NA,NA,NA,NA,"ME12"
"Montipora_capitata_HIv3___RNAseq.g32685.t1",0,1,0,NA,NA,NA,NA,"ME1"
"Montipora_capitata_HIv3___RNAseq.g32687.t1",1,0,0,0.0294677371513919,"Other",NA,NA,"ME3"
"Montipora_capitata_HIv3___RNAseq.g32691.t1",1,0,1,NA,NA,NA,NA,"ME1"
"Montipora_capitata_HIv3___RNAseq.g32694.t2",0,1,0,NA,NA,NA,NA,"ME9"
"Montipora_capitata_HIv3___RNAseq.g32695.t1",0,1,0,NA,NA,NA,NA,"ME30"
"Montipora_capitata_HIv3___RNAseq.g32702.t1",1,0,0,NA,NA,NA,NA,"ME27"
"Montipora_capitata_HIv3___TS.g17296.t1",0,1,0,NA,NA,NA,NA,"ME0"
"Montipora_capitata_HIv3___RNAseq.g32810.t1",0,1,0,NA,NA,NA,NA,"ME0"
"Montipora_capitata_HIv3___RNAseq.g32820.t1",1,0,0,NA,NA,NA,NA,"ME16"
"Montipora_capitata_HIv3___RNAseq.32244_t",0,1,0,0.000554321423554052,"Transient",6,0.532058860150668,"ME18"
"Montipora_capitata_HIv3___RNAseq.g32842.t2",1,0,0,NA,NA,NA,NA,"ME2"
"Montipora_capitata_HIv3___TS.g17381.t1",1,0,0,NA,NA,NA,NA,"ME2"
"Montipora_capitata_HIv3___RNAseq.g32912.t1",1,0,0,NA,NA,NA,NA,"ME2"
"Montipora_capitata_HIv3___TS.g17475.t1b",1,0,0,NA,NA,NA,NA,"ME0"
"Montipora_capitata_HIv3___TS.g17479.t1",1,0,0,2.81474945365572e-05,"Transient",3,0.545570996347631,"ME18"
"Montipora_capitata_HIv3___RNAseq.g32981.t1",1,0,0,NA,NA,NA,NA,"ME1"
"Montipora_capitata_HIv3___RNAseq.g32982.t1",1,0,0,0.0114054305005184,"Other",NA,NA,"ME1"
"Montipora_capitata_HIv3___RNAseq.g32984.t1",1,1,0,NA,NA,NA,NA,"ME2"
"Montipora_capitata_HIv3___RNAseq.g32989.t1",1,0,0,0.0480424900176413,"Other",NA,NA,"ME2"
"Montipora_capitata_HIv3___RNAseq.g32996.t1",0,1,0,NA,NA,NA,NA,"ME7"
"Montipora_capitata_HIv3___RNAseq.g33009.t1",0,1,0,0.0225289339080323,"Monotonous",1,0.974174785223334,"ME3"
"Montipora_capitata_HIv3___RNAseq.g33013.t1",1,0,0,7.35921072275927e-07,"Monotonous",1,0.612884334932804,"ME25"
"Montipora_capitata_HIv3___RNAseq.g33016.t1",1,0,1,NA,NA,NA,NA,"ME5"
"Montipora_capitata_HIv3___RNAseq.g33021.t1",0,0,1,NA,NA,NA,NA,"ME9"
"Montipora_capitata_HIv3___RNAseq.g33032.t1",1,0,0,NA,NA,NA,NA,"ME2"
"Montipora_capitata_HIv3___RNAseq.g33037.t1",0,0,1,NA,NA,NA,NA,"ME24"
"Montipora_capitata_HIv3___RNAseq.g33039.t1",0,1,0,2.267272263327e-06,"Monotonous",1,0.973102610675112,"ME3"
"Montipora_capitata_HIv3___RNAseq.g33048.t1",1,0,0,NA,NA,NA,NA,"ME1"
"Montipora_capitata_HIv3___RNAseq.g33049.t1",1,0,0,NA,NA,NA,NA,"ME3"
"Montipora_capitata_HIv3___RNAseq.g33052.t1",0,1,0,NA,NA,NA,NA,"ME5"
"Montipora_capitata_HIv3___RNAseq.g33053.t1",0,1,0,0.0286041447854605,"Other",4,0.961099657489445,"ME6"
"Montipora_capitata_HIv3___TS.g17559.t1",1,0,0,NA,NA,NA,NA,"ME4"
"Montipora_capitata_HIv3___RNAseq.g33072.t1",0,1,0,NA,NA,NA,NA,"ME2"
"Montipora_capitata_HIv3___RNAseq.g33077.t1",1,0,1,NA,NA,NA,NA,"ME14"
"Montipora_capitata_HIv3___RNAseq.g33081.t1",0,0,1,NA,NA,NA,NA,"ME4"
"Montipora_capitata_HIv3___TS.g17592.t1",1,0,0,NA,NA,NA,NA,"ME2"
"Montipora_capitata_HIv3___RNAseq.g33095.t1",1,0,0,NA,NA,NA,NA,"ME6"
"Montipora_capitata_HIv3___RNAseq.g33109.t1",0,0,1,NA,NA,NA,NA,"ME6"
"Montipora_capitata_HIv3___RNAseq.g33127.t1",1,0,0,0.000524789446524655,"Monotonous",2,0.921872457319849,"ME1"
"Montipora_capitata_HIv3___RNAseq.g33139.t1",1,0,0,NA,NA,NA,NA,"ME1"
"Montipora_capitata_HIv3___TS.g17643.t1",1,0,0,NA,NA,NA,NA,"ME15"
"Montipora_capitata_HIv3___TS.g17645.t1",1,0,0,NA,NA,NA,NA,"ME11"
"Montipora_capitata_HIv3___RNAseq.g33143.t2",0,1,0,0.00775266333348146,"Monotonous",1,0.714828578644671,"ME10"
"Montipora_capitata_HIv3___RNAseq.g33148.t1",1,0,0,NA,NA,NA,NA,"ME1"
"Montipora_capitata_HIv3___RNAseq.g33154.t1",1,0,0,NA,NA,NA,NA,"ME10"
"Montipora_capitata_HIv3___RNAseq.g33162.t1",0,1,0,NA,NA,NA,NA,"ME2"
"Montipora_capitata_HIv3___RNAseq.g33192.t1",1,0,0,NA,NA,NA,NA,"ME11"
"Montipora_capitata_HIv3___TS.g17699.t3",0,0,2,NA,NA,NA,NA,"ME8"
"Montipora_capitata_HIv3___TS.g17701.t1b",0,0,1,0.00214790946189033,"Transient",NA,NA,"ME25"
"Montipora_capitata_HIv3___TS.g17705.t1",4,0,0,NA,NA,NA,NA,"ME4"
"Montipora_capitata_HIv3___RNAseq.g33206.t1",0,0,1,NA,NA,NA,NA,"ME2"
"Montipora_capitata_HIv3___RNAseq.g33406.t1",0,1,0,NA,NA,NA,NA,"ME11"
"Montipora_capitata_HIv3___RNAseq.g33575.t1",1,0,0,NA,NA,NA,NA,"ME0"
"Montipora_capitata_HIv3___TS.g18082.t1",0,1,0,NA,NA,NA,NA,"ME0"
"Montipora_capitata_HIv3___RNAseq.g33578.t1",1,0,0,NA,NA,NA,NA,"ME0"
"Montipora_capitata_HIv3___RNAseq.g33594.t1",1,0,0,NA,NA,NA,NA,"ME0"
"Montipora_capitata_HIv3___RNAseq.33470_t",1,0,0,NA,NA,NA,NA,"ME4"
"Montipora_capitata_HIv3___RNAseq.g34036.t1",1,0,0,NA,NA,NA,NA,"ME0"
"Montipora_capitata_HIv3___RNAseq.g34405.t1",0,0,1,NA,NA,NA,NA,"ME0"
"Montipora_capitata_HIv3___RNAseq.g33276.t1",1,0,0,0.0145756878458216,"Transient",2,0.541258646177947,"ME20"
"Montipora_capitata_HIv3___TS.g17783.t2",0,0,1,0.000703107918324781,"Monotonous",NA,NA,"ME1"
"Montipora_capitata_HIv3___TS.g17784.t1",0,1,0,NA,NA,NA,NA,"ME12"
"Montipora_capitata_HIv3___RNAseq.g33283.t1",0,1,0,NA,NA,NA,NA,"ME0"
"Montipora_capitata_HIv3___RNAseq.g33295.t1",0,1,0,NA,NA,NA,NA,"ME15"
"Montipora_capitata_HIv3___RNAseq.g33300.t1",0,1,0,0.000247781871059791,"Other",NA,NA,"ME1"
"Montipora_capitata_HIv3___RNAseq.g33308.t1",1,0,0,NA,NA,NA,NA,"ME12"
"Montipora_capitata_HIv3___TS.g17814.t1a",0,0,1,NA,NA,NA,NA,"ME9"
"Montipora_capitata_HIv3___TS.g17828.t1",0,1,0,NA,NA,NA,NA,"ME3"
"Montipora_capitata_HIv3___RNAseq.g33332.t4",0,0,1,0.044740138518095,"Other",NA,NA,"ME0"
"Montipora_capitata_HIv3___RNAseq.g33334.t1",0,3,0,NA,NA,NA,NA,"ME0"
"Montipora_capitata_HIv3___RNAseq.g33335.t1",1,1,0,NA,NA,NA,NA,"ME2"
"Montipora_capitata_HIv3___RNAseq.g33337.t1",1,0,0,NA,NA,NA,NA,"ME0"
"Montipora_capitata_HIv3___RNAseq.g33344.t1",1,0,0,NA,NA,NA,NA,"ME1"
"Montipora_capitata_HIv3___RNAseq.g33347.t1",1,0,0,NA,NA,NA,NA,"ME5"
"Montipora_capitata_HIv3___RNAseq.g33348.t1",1,0,0,0.000686807842312985,"Monotonous",6,0.991731023706305,"ME9"
"Montipora_capitata_HIv3___RNAseq.g33349.t1",0,0,1,NA,NA,NA,NA,"ME9"
"Montipora_capitata_HIv3___RNAseq.g33353.t1",1,0,1,NA,NA,NA,NA,"ME0"
"Montipora_capitata_HIv3___RNAseq.g33355.t1",0,1,0,NA,NA,NA,NA,"ME7"
"Montipora_capitata_HIv3___RNAseq.g33365.t1",0,1,0,NA,NA,NA,NA,"ME15"
"Montipora_capitata_HIv3___TS.g17877.t1a",1,0,0,NA,NA,NA,NA,"ME2"
"Montipora_capitata_HIv3___RNAseq.g33371.t1",1,0,0,NA,NA,NA,NA,"ME1"
"Montipora_capitata_HIv3___RNAseq.g33375.t1",0,0,1,NA,NA,NA,NA,"ME23"
"Montipora_capitata_HIv3___TS.g17898.t1",1,0,0,NA,NA,NA,NA,"ME2"
"Montipora_capitata_HIv3___RNAseq.32860_t",1,0,0,NA,NA,NA,NA,"ME23"
"Montipora_capitata_HIv3___RNAseq.g33405.t1",1,0,0,NA,NA,NA,NA,"ME23"
"Montipora_capitata_HIv3___RNAseq.g33415.t1",2,0,0,NA,NA,NA,NA,"ME3"
"Montipora_capitata_HIv3___RNAseq.g33425.t1",1,0,0,0.0433249611685272,"Other",5,0.66381305708636,"ME4"
"Montipora_capitata_HIv3___RNAseq.g33427.t1",1,0,0,0.0305088977130741,"Other",NA,NA,"ME3"
"Montipora_capitata_HIv3___RNAseq.g33430.t1",0,0,1,NA,NA,NA,NA,"ME2"
"Montipora_capitata_HIv3___RNAseq.g33431.t1",1,0,0,0.00115859941323515,"Monotonous",2,0.508710411894506,"ME20"
"Montipora_capitata_HIv3___RNAseq.g33432.t1",0,0,2,NA,NA,NA,NA,"ME3"
"Montipora_capitata_HIv3___RNAseq.g33434.t1",0,1,0,NA,NA,NA,NA,"ME12"
"Montipora_capitata_HIv3___TS.g17943.t1",1,0,0,NA,NA,NA,NA,"ME5"
"Montipora_capitata_HIv3___RNAseq.g33443.t1",1,0,0,NA,NA,NA,NA,"ME22"
"Montipora_capitata_HIv3___RNAseq.g33445.t1",1,0,0,0.00580717904092727,"Other",5,0.807878906874559,"ME6"
"Montipora_capitata_HIv3___RNAseq.g33448.t3",0,1,1,NA,NA,NA,NA,"ME3"
"Montipora_capitata_HIv3___RNAseq.g33452.t1",0,1,0,NA,NA,NA,NA,"ME1"
"Montipora_capitata_HIv3___RNAseq.g33456.t1",1,0,0,NA,NA,NA,NA,"ME5"
"Montipora_capitata_HIv3___RNAseq.g33457.t1",0,0,1,NA,NA,NA,NA,"ME7"
"Montipora_capitata_HIv3___RNAseq.g33459.t1",0,0,1,8.45221193757357e-07,"Transient",NA,NA,"ME0"
"Montipora_capitata_HIv3___RNAseq.g33461.t1",1,0,0,NA,NA,NA,NA,"ME0"
"Montipora_capitata_HIv3___RNAseq.g33481.t1",0,1,0,0.000101528609598905,"Monotonous",2,0.536003745221144,"ME1"
"Montipora_capitata_HIv3___RNAseq.g33484.t1",1,0,0,NA,NA,NA,NA,"ME29"
"Montipora_capitata_HIv3___TS.g17995.t1",1,0,0,NA,NA,NA,NA,"ME8"
"Montipora_capitata_HIv3___RNAseq.g33506.t1",0,0,1,0.00107720525609655,"Transient",3,0.887422427031824,"ME1"
"Montipora_capitata_HIv3___TS.g18018.t2",1,1,0,NA,NA,NA,NA,"ME14"
"Montipora_capitata_HIv3___TS.g18020.t1",1,0,0,NA,NA,NA,NA,"ME16"
"Montipora_capitata_HIv3___RNAseq.g33524.t1",2,0,0,NA,NA,NA,NA,"ME2"
"Montipora_capitata_HIv3___RNAseq.g33525.t1",1,0,0,NA,NA,NA,NA,"ME2"
"Montipora_capitata_HIv3___RNAseq.g33532.t1",1,0,0,NA,NA,NA,NA,"ME3"
"Montipora_capitata_HIv3___TS.g18040.t1",2,0,0,NA,NA,NA,NA,"ME21"
"Montipora_capitata_HIv3___RNAseq.g33540.t1",1,1,0,NA,NA,NA,NA,"ME12"
"Montipora_capitata_HIv3___RNAseq.g33541.t1",0,0,1,0.000120364727559601,"Monotonous",2,0.516315171035649,"ME0"
"Montipora_capitata_HIv3___RNAseq.g33542.t1",0,0,1,NA,NA,NA,NA,"ME17"
"Montipora_capitata_HIv3___TS.g18055.t1",0,0,1,NA,NA,NA,NA,"ME0"
"Montipora_capitata_HIv3___RNAseq.g33552.t1",0,1,0,NA,NA,NA,NA,"ME1"
"Montipora_capitata_HIv3___RNAseq.g33557.t1",1,0,0,NA,NA,NA,NA,"ME0"
"Montipora_capitata_HIv3___RNAseq.g33558.t1",0,1,0,NA,NA,NA,NA,"ME1"
"Montipora_capitata_HIv3___RNAseq.g33559.t1",1,0,0,NA,NA,NA,NA,"ME1"
"Montipora_capitata_HIv3___RNAseq.g33582.t1",1,0,0,NA,NA,NA,NA,"ME12"
"Montipora_capitata_HIv3___RNAseq.g33590.t1",1,0,0,NA,NA,NA,NA,"ME1"
"Montipora_capitata_HIv3___RNAseq.g33600.t1",1,0,0,NA,NA,NA,NA,"ME12"
"Montipora_capitata_HIv3___RNAseq.g33613.t1",0,1,0,NA,NA,NA,NA,"ME2"
"Montipora_capitata_HIv3___RNAseq.g33656.t1",1,0,0,NA,NA,NA,NA,"ME5"
"Montipora_capitata_HIv3___RNAseq.g33662.t2",2,0,0,NA,NA,NA,NA,"ME0"
"Montipora_capitata_HIv3___RNAseq.g33670.t1",1,0,0,0.0156686978484612,"Other",5,0.616650410401962,"ME7"
"Montipora_capitata_HIv3___RNAseq.g33673.t1",0,1,0,0.000291164862856387,"Monotonous",6,0.889255799290086,"ME8"
"Montipora_capitata_HIv3___RNAseq.g33676.t1",1,0,0,NA,NA,NA,NA,"ME14"
"Montipora_capitata_HIv3___RNAseq.g33678.t1",1,0,0,0.0477372931485751,"Transient",6,0.503123088218546,"ME9"
"Montipora_capitata_HIv3___RNAseq.g33682.t1",0,0,1,0.0263079693349367,"Monotonous",1,0.882760532891367,"ME3"
"Montipora_capitata_HIv3___RNAseq.g33686.t1",0,0,1,0.000144791414620213,"Monotonous",2,0.902721821457046,"ME20"
"Montipora_capitata_HIv3___RNAseq.g33692.t1",0,0,1,NA,NA,NA,NA,"ME3"
"Montipora_capitata_HIv3___RNAseq.g33694.t1",1,0,0,NA,NA,NA,NA,"ME14"
"Montipora_capitata_HIv3___RNAseq.g33697.t1",0,0,1,NA,NA,NA,NA,"ME4"
"Montipora_capitata_HIv3___RNAseq.g33698.t1",0,0,1,NA,NA,NA,NA,"ME1"
"Montipora_capitata_HIv3___RNAseq.g33699.t1",0,0,1,NA,NA,NA,NA,"ME4"
"Montipora_capitata_HIv3___TS.g18209.t1",1,0,0,NA,NA,NA,NA,"ME3"
"Montipora_capitata_HIv3___TS.g18211.t1a",1,0,0,NA,NA,NA,NA,"ME1"
"Montipora_capitata_HIv3___RNAseq.g33709.t1",0,0,1,0.00353439643948747,"Other",NA,NA,"ME4"
"Montipora_capitata_HIv3___RNAseq.g33713.t1",0,1,0,NA,NA,NA,NA,"ME4"
"Montipora_capitata_HIv3___RNAseq.g33720.t1a",0,0,1,0.0261822969388889,"Other",4,0.768755910945605,"ME6"
"Montipora_capitata_HIv3___TS.g18225.t3",1,0,0,NA,NA,NA,NA,"ME4"
"Montipora_capitata_HIv3___RNAseq.g33723.t1",1,0,0,NA,NA,NA,NA,"ME3"
"Montipora_capitata_HIv3___RNAseq.g33727.t1",1,0,0,NA,NA,NA,NA,"ME2"
"Montipora_capitata_HIv3___RNAseq.g33730.t1",1,0,0,0.0305150699988289,"Other",1,0.702287057731673,"ME8"
"Montipora_capitata_HIv3___RNAseq.g33734.t1",1,0,0,NA,NA,NA,NA,"ME2"
"Montipora_capitata_HIv3___RNAseq.g33738.t1",2,0,0,NA,NA,NA,NA,"ME0"
"Montipora_capitata_HIv3___RNAseq.g33740.t1",1,0,1,NA,NA,NA,NA,"ME1"
"Montipora_capitata_HIv3___RNAseq.g33741.t1",1,0,1,NA,NA,NA,NA,"ME19"
"Montipora_capitata_HIv3___RNAseq.g33742.t1",1,0,0,0.000123394569575105,"Monotonous",3,0.888197600431247,"ME1"
"Montipora_capitata_HIv3___RNAseq.g33743.t1",0,1,0,NA,NA,NA,NA,"ME19"
"Montipora_capitata_HIv3___TS.g18249.t1",1,0,0,NA,NA,NA,NA,"ME7"
"Montipora_capitata_HIv3___RNAseq.g33747.t1",1,0,0,0.0172063328173873,"Other",4,0.872277326294523,"ME3"
"Montipora_capitata_HIv3___RNAseq.g33748.t1",0,0,1,0.000537414141197241,"Monotonous",2,0.917174480974277,"ME18"
"Montipora_capitata_HIv3___RNAseq.g33749.t1",0,0,1,NA,NA,NA,NA,"ME16"
"Montipora_capitata_HIv3___RNAseq.g33754.t1",1,0,0,2.26121903471479e-07,"Monotonous",6,0.985797809344394,"ME9"
"Montipora_capitata_HIv3___RNAseq.g33755.t1",1,0,0,NA,NA,NA,NA,"ME3"
"Montipora_capitata_HIv3___TS.g18264.t1",0,1,0,NA,NA,NA,NA,"ME5"
"Montipora_capitata_HIv3___RNAseq.g33763.t1",0,1,0,0.000888532279110321,"Monotonous",4,0.802561228601919,"ME0"
"Montipora_capitata_HIv3___TS.g18270.t1",1,0,0,NA,NA,NA,NA,"ME4"
"Montipora_capitata_HIv3___RNAseq.g33767.t1",1,1,0,NA,NA,NA,NA,"ME1"
"Montipora_capitata_HIv3___RNAseq.33253_t",0,0,1,NA,NA,NA,NA,"ME1"
"Montipora_capitata_HIv3___RNAseq.g33776.t1",1,0,0,NA,NA,NA,NA,"ME16"
"Montipora_capitata_HIv3___RNAseq.g33781.t1",1,0,0,NA,NA,NA,NA,"ME1"
"Montipora_capitata_HIv3___RNAseq.g33792.t1",1,0,0,NA,NA,NA,NA,"ME7"
"Montipora_capitata_HIv3___RNAseq.g33809.t1",0,1,0,NA,NA,NA,NA,"ME9"
"Montipora_capitata_HIv3___RNAseq.g33816.t1",0,2,0,NA,NA,NA,NA,"ME0"
"Montipora_capitata_HIv3___RNAseq.33304_t",0,2,0,NA,NA,NA,NA,"ME18"
"Montipora_capitata_HIv3___RNAseq.g33820.t1",0,5,0,NA,NA,NA,NA,"ME1"
"Montipora_capitata_HIv3___RNAseq.g33828.t1",1,0,0,NA,NA,NA,NA,"ME4"
"Montipora_capitata_HIv3___RNAseq.g33831.t1",0,0,1,NA,NA,NA,NA,"ME2"
"Montipora_capitata_HIv3___TS.g18340.t3",1,1,0,NA,NA,NA,NA,"ME14"
"Montipora_capitata_HIv3___RNAseq.g33838.t1",0,0,1,NA,NA,NA,NA,"ME21"
"Montipora_capitata_HIv3___RNAseq.g33839.t1",0,1,0,0.038012404141709,"Monotonous",1,0.903575450854686,"ME3"
"Montipora_capitata_HIv3___RNAseq.g33842.t1",0,1,0,NA,NA,NA,NA,"ME6"
"Montipora_capitata_HIv3___RNAseq.g33843.t1",0,0,1,0.0106736517021759,"Other",NA,NA,"ME0"
"Montipora_capitata_HIv3___RNAseq.g33844.t1",1,0,1,NA,NA,NA,NA,"ME5"
"Montipora_capitata_HIv3___RNAseq.g33855.t1",0,0,1,0.0291971183247969,"Other",3,0.947328369206658,"ME1"
"Montipora_capitata_HIv3___RNAseq.g33860.t1",0,0,1,NA,NA,NA,NA,"ME0"
"Montipora_capitata_HIv3___RNAseq.g33868.t2",1,0,0,NA,NA,NA,NA,"ME2"
"Montipora_capitata_HIv3___RNAseq.g33869.t1",0,0,1,NA,NA,NA,NA,"ME26"
"Montipora_capitata_HIv3___RNAseq.g33877.t1",0,1,0,0.0202397832475006,"Monotonous",1,0.904017872596023,"ME10"
"Montipora_capitata_HIv3___RNAseq.g33879.t1",0,1,1,NA,NA,NA,NA,"ME3"
"Montipora_capitata_HIv3___RNAseq.g33880.t1",1,0,0,0.00201489254922359,"Other",2,0.683859075459722,"ME2"
"Montipora_capitata_HIv3___TS.g18407.t1",0,1,0,NA,NA,NA,NA,"ME0"
"Montipora_capitata_HIv3___RNAseq.g33903.t1",0,1,0,NA,NA,NA,NA,"ME15"
"Montipora_capitata_HIv3___TS.g18425.t2",0,1,0,NA,NA,NA,NA,"ME2"
"Montipora_capitata_HIv3___RNAseq.g33914.t1",0,0,1,NA,NA,NA,NA,"ME26"
"Montipora_capitata_HIv3___RNAseq.g33915.t1",0,0,1,0.0267946830975089,"Transient",3,0.701407655806227,"ME1"
"Montipora_capitata_HIv3___TS.g18434.t1",1,0,0,NA,NA,NA,NA,"ME7"
"Montipora_capitata_HIv3___RNAseq.g33924.t1",1,0,0,NA,NA,NA,NA,"ME2"
"Montipora_capitata_HIv3___RNAseq.g33940.t1",1,1,0,NA,NA,NA,NA,"ME2"
"Montipora_capitata_HIv3___RNAseq.g33941.t1",0,1,0,NA,NA,NA,NA,"ME3"
"Montipora_capitata_HIv3___RNAseq.g33943.t1",1,0,0,0.0486842370070573,"Other",NA,NA,"ME2"
"Montipora_capitata_HIv3___RNAseq.g33949.t1",1,0,0,NA,NA,NA,NA,"ME4"
"Montipora_capitata_HIv3___RNAseq.g33951.t1",1,0,0,NA,NA,NA,NA,"ME4"
"Montipora_capitata_HIv3___RNAseq.g33952.t1",1,0,0,NA,NA,NA,NA,"ME0"
"Montipora_capitata_HIv3___RNAseq.g33961.t1",1,0,0,NA,NA,NA,NA,"ME12"
"Montipora_capitata_HIv3___RNAseq.g33966.t1",1,0,0,NA,NA,NA,NA,"ME2"
"Montipora_capitata_HIv3___RNAseq.33476_t",0,0,1,NA,NA,NA,NA,"ME0"
"Montipora_capitata_HIv3___RNAseq.g33976.t1",0,0,1,NA,NA,NA,NA,"ME5"
"Montipora_capitata_HIv3___RNAseq.g33978.t1",1,0,0,NA,NA,NA,NA,"ME15"
"Montipora_capitata_HIv3___RNAseq.g33991.t1",0,0,1,0.00179141500369863,"Other",1,0.508700816980439,"ME0"
"Montipora_capitata_HIv3___RNAseq.g33997.t1",1,0,0,NA,NA,NA,NA,"ME4"
"Montipora_capitata_HIv3___RNAseq.g33999.t1",0,0,1,NA,NA,NA,NA,"ME2"
"Montipora_capitata_HIv3___RNAseq.g34009.t1",0,1,0,NA,NA,NA,NA,"ME2"
"Montipora_capitata_HIv3___RNAseq.g34010.t1",0,2,0,NA,NA,NA,NA,"ME0"
"Montipora_capitata_HIv3___RNAseq.g34014.t1",0,2,0,NA,NA,NA,NA,"ME5"
"Montipora_capitata_HIv3___TS.g18527.t2",1,0,0,0.000527149887981155,"Monotonous",4,0.569749723668787,"ME17"
"Montipora_capitata_HIv3___RNAseq.g34031.t1",1,0,1,NA,NA,NA,NA,"ME22"
"Montipora_capitata_HIv3___RNAseq.g34034.t1",1,0,0,NA,NA,NA,NA,"ME0"
"Montipora_capitata_HIv3___RNAseq.g34042.t1",2,0,0,NA,NA,NA,NA,"ME18"
"Montipora_capitata_HIv3___TS.g18560.t2",1,0,0,8.15602195115413e-08,"Monotonous",1,0.919371643727984,"ME3"
"Montipora_capitata_HIv3___RNAseq.g34049.t1",1,0,0,0.0139881691677104,"Transient",5,0.94476016409728,"ME17"
"Montipora_capitata_HIv3___TS.g18568.t1",1,0,0,0.0229227250249646,"Other",3,0.697535484503288,"ME1"
"Montipora_capitata_HIv3___RNAseq.g34065.t1",1,1,0,NA,NA,NA,NA,"ME5"
"Montipora_capitata_HIv3___RNAseq.g34069.t1",0,1,0,NA,NA,NA,NA,"ME3"
"Montipora_capitata_HIv3___RNAseq.g34070.t1",0,1,0,NA,NA,NA,NA,"ME1"
"Montipora_capitata_HIv3___RNAseq.g34075.t1",1,0,0,NA,NA,NA,NA,"ME3"
"Montipora_capitata_HIv3___RNAseq.g34076.t1",1,1,0,NA,NA,NA,NA,"ME17"
"Montipora_capitata_HIv3___RNAseq.33576_t",0,0,1,0.0022411582799567,"Monotonous",2,0.515646774157541,"ME1"
"Montipora_capitata_HIv3___RNAseq.g34085.t1",0,1,0,NA,NA,NA,NA,"ME18"
"Montipora_capitata_HIv3___RNAseq.g34088.t1",0,1,0,NA,NA,NA,NA,"ME3"
"Montipora_capitata_HIv3___RNAseq.g34091.t1",0,0,1,NA,NA,NA,NA,"ME10"
"Montipora_capitata_HIv3___TS.g18607.t1",0,0,1,NA,NA,NA,NA,"ME3"
"Montipora_capitata_HIv3___RNAseq.g34092.t1",0,1,1,NA,NA,NA,NA,"ME21"
"Montipora_capitata_HIv3___RNAseq.g34099.t1",1,0,0,NA,NA,NA,NA,"ME4"
"Montipora_capitata_HIv3___RNAseq.g34104.t1a",2,0,0,NA,NA,NA,NA,"ME0"
"Montipora_capitata_HIv3___RNAseq.g34106.t1",1,0,0,0.000987456268465956,"Monotonous",2,0.908593870662181,"ME1"
"Montipora_capitata_HIv3___RNAseq.g34111.t1",0,1,0,NA,NA,NA,NA,"ME1"
"Montipora_capitata_HIv3___RNAseq.g34119.t1",1,0,0,NA,NA,NA,NA,"ME2"
"Montipora_capitata_HIv3___TS.g18649.t1",0,0,1,NA,NA,NA,NA,"ME7"
"Montipora_capitata_HIv3___RNAseq.g34129.t1",1,1,0,NA,NA,NA,NA,"ME5"
"Montipora_capitata_HIv3___RNAseq.g34140.t1",1,0,0,3.16120985362247e-05,"Transient",NA,NA,"ME1"
"Montipora_capitata_HIv3___TS.g18670.t1",0,0,1,NA,NA,NA,NA,"ME2"
"Montipora_capitata_HIv3___RNAseq.g34154.t1",0,1,0,4.10053954902377e-07,"Transient",5,0.920087905769979,"ME17"
"Montipora_capitata_HIv3___TS.g18680.t1",1,0,0,NA,NA,NA,NA,"ME0"
"Montipora_capitata_HIv3___RNAseq.g34155.t1",0,1,0,NA,NA,NA,NA,"ME1"
"Montipora_capitata_HIv3___RNAseq.g34173.t1",0,0,1,1.10388222908606e-21,"Monotonous",1,0.925604392879691,"ME10"
"Montipora_capitata_HIv3___RNAseq.g34180.t1",4,0,0,NA,NA,NA,NA,"ME21"
"Montipora_capitata_HIv3___RNAseq.g34198.t1",0,0,2,NA,NA,NA,NA,"ME13"
"Montipora_capitata_HIv3___RNAseq.g34199.t1",1,0,0,NA,NA,NA,NA,"ME13"
"Montipora_capitata_HIv3___RNAseq.g34200.t1",0,0,1,NA,NA,NA,NA,"ME13"
"Montipora_capitata_HIv3___RNAseq.g34203.t1",1,0,1,NA,NA,NA,NA,"ME14"
"Montipora_capitata_HIv3___RNAseq.g34205.t1",0,0,1,NA,NA,NA,NA,"ME2"
"Montipora_capitata_HIv3___TS.g18730.t1",0,0,1,NA,NA,NA,NA,"ME2"
"Montipora_capitata_HIv3___RNAseq.g34208.t1",1,0,0,NA,NA,NA,NA,"ME2"
"Montipora_capitata_HIv3___RNAseq.g34209.t1",1,0,0,0.0477372931485751,"Other",2,0.575774767170214,"ME2"
"Montipora_capitata_HIv3___RNAseq.g34215.t1",0,0,1,NA,NA,NA,NA,"ME22"
"Montipora_capitata_HIv3___RNAseq.g34220.t1",0,0,1,NA,NA,NA,NA,"ME4"
"Montipora_capitata_HIv3___RNAseq.g34221.t1",0,0,1,0.00301604751754139,"Other",2,0.513840737422375,"ME18"
"Montipora_capitata_HIv3___TS.g18751.t1",0,0,1,NA,NA,NA,NA,"ME5"
"Montipora_capitata_HIv3___RNAseq.g34232.t1",0,1,0,0.0173134133561572,"Transient",3,0.983093642298106,"ME1"
"Montipora_capitata_HIv3___RNAseq.g34244.t1",0,1,1,0.000244960324714971,"Monotonous",1,0.804397162929295,"ME10"
"Montipora_capitata_HIv3___TS.g18763.t1",0,0,1,7.24025528819787e-08,"Transient",1,0.829567531058703,"ME3"
"Montipora_capitata_HIv3___RNAseq.g34249.t1",0,0,1,0.0180243049319886,"Other",NA,NA,"ME4"
"Montipora_capitata_HIv3___RNAseq.g34251.t1",0,1,0,NA,NA,NA,NA,"ME1"
"Montipora_capitata_HIv3___RNAseq.g34267.t1",2,0,0,NA,NA,NA,NA,"ME13"
"Montipora_capitata_HIv3___TS.g18789.t1",0,0,1,NA,NA,NA,NA,"ME2"
"Montipora_capitata_HIv3___TS.g18800.t1",2,0,0,NA,NA,NA,NA,"ME13"
"Montipora_capitata_HIv3___RNAseq.g34281.t1",1,0,0,NA,NA,NA,NA,"ME1"
"Montipora_capitata_HIv3___RNAseq.g34283.t1",0,0,1,0.0111456572985298,"Monotonous",1,0.770566516744884,"ME3"
"Montipora_capitata_HIv3___RNAseq.g34295.t1",0,1,0,NA,NA,NA,NA,"ME14"
"Montipora_capitata_HIv3___TS.g18819.t1",0,1,0,NA,NA,NA,NA,"ME0"
"Montipora_capitata_HIv3___RNAseq.g34300.t1",0,2,0,NA,NA,NA,NA,"ME4"
"Montipora_capitata_HIv3___RNAseq.g34303.t1",0,0,1,NA,NA,NA,NA,"ME1"
"Montipora_capitata_HIv3___RNAseq.g34310.t1",0,1,0,NA,NA,NA,NA,"ME0"
"Montipora_capitata_HIv3___RNAseq.g34316.t1",0,1,0,0.02408127123062,"Other",3,0.699853683703667,"ME16"
"Montipora_capitata_HIv3___RNAseq.g34318.t1",1,0,0,4.0585600253624e-06,"Monotonous",1,0.571907164905184,"ME3"
"Montipora_capitata_HIv3___RNAseq.g34326.t1",0,0,1,NA,NA,NA,NA,"ME0"
"Montipora_capitata_HIv3___RNAseq.g34329.t1",1,2,0,NA,NA,NA,NA,"ME1"
"Montipora_capitata_HIv3___RNAseq.g34332.t1",0,1,0,NA,NA,NA,NA,"ME7"
"Montipora_capitata_HIv3___RNAseq.g34333.t1",0,0,1,0.0382407568814642,"Other",4,0.646905926661046,"ME28"
"Montipora_capitata_HIv3___RNAseq.g34335.t1",0,1,0,NA,NA,NA,NA,"ME1"
"Montipora_capitata_HIv3___RNAseq.g34336.t1",0,1,0,NA,NA,NA,NA,"ME1"
"Montipora_capitata_HIv3___RNAseq.g34340.t1",1,0,0,0.00295843814087308,"Other",6,0.86514382703765,"ME9"
"Montipora_capitata_HIv3___RNAseq.g34345.t1",1,0,0,NA,NA,NA,NA,"ME27"
"Montipora_capitata_HIv3___TS.g18869.t1",1,0,0,NA,NA,NA,NA,"ME0"
"Montipora_capitata_HIv3___RNAseq.g34348.t1",1,0,0,NA,NA,NA,NA,"ME0"
"Montipora_capitata_HIv3___RNAseq.g34349.t1",1,0,0,NA,NA,NA,NA,"ME0"
"Montipora_capitata_HIv3___TS.g18877.t1",0,1,0,NA,NA,NA,NA,"ME0"
"Montipora_capitata_HIv3___TS.g18883.t1",0,3,0,NA,NA,NA,NA,"ME11"
"Montipora_capitata_HIv3___RNAseq.g34364.t1",0,0,1,NA,NA,NA,NA,"ME10"
"Montipora_capitata_HIv3___RNAseq.g34367.t1",0,0,1,NA,NA,NA,NA,"ME0"
"Montipora_capitata_HIv3___RNAseq.g34374.t1",0,0,1,NA,NA,NA,NA,"ME2"
"Montipora_capitata_HIv3___RNAseq.g34378.t1",0,1,0,NA,NA,NA,NA,"ME6"
"Montipora_capitata_HIv3___RNAseq.g34379.t1",1,0,0,NA,NA,NA,NA,"ME8"
"Montipora_capitata_HIv3___RNAseq.g34380.t2",0,0,2,NA,NA,NA,NA,"ME1"
"Montipora_capitata_HIv3___RNAseq.g34381.t1",0,0,2,NA,NA,NA,NA,"ME18"
"Montipora_capitata_HIv3___RNAseq.g34386.t1",0,2,0,0.000591827319437265,"Monotonous",1,0.901969179807396,"ME8"
"Montipora_capitata_HIv3___RNAseq.g34390.t1",0,2,0,NA,NA,NA,NA,"ME0"
"Montipora_capitata_HIv3___TS.g18920.t1",1,0,0,NA,NA,NA,NA,"ME0"
"Montipora_capitata_HIv3___RNAseq.g34400.t1",0,1,0,0.00444012242176136,"Monotonous",1,0.590177429112235,"ME8"
"Montipora_capitata_HIv3___RNAseq.33925_t",0,1,1,NA,NA,NA,NA,"ME8"
"Montipora_capitata_HIv3___RNAseq.g34403.t1",0,1,0,0.00992633715641298,"Other",2,0.616321562939323,"ME13"
"Montipora_capitata_HIv3___RNAseq.g34417.t1",1,0,0,NA,NA,NA,NA,"ME1"
"Montipora_capitata_HIv3___RNAseq.g34420.t1",0,0,2,NA,NA,NA,NA,"ME19"
"Montipora_capitata_HIv3___RNAseq.33945_t",0,0,1,NA,NA,NA,NA,"ME14"
"Montipora_capitata_HIv3___TS.g18951.t1",0,1,0,NA,NA,NA,NA,"ME14"
"Montipora_capitata_HIv3___RNAseq.g34429.t1",1,0,1,NA,NA,NA,NA,"ME7"
"Montipora_capitata_HIv3___RNAseq.g34430.t1",1,0,0,NA,NA,NA,NA,"ME29"
"Montipora_capitata_HIv3___RNAseq.g34432.t1",1,0,0,0.00131191454229503,"Transient",5,0.629602440553499,"ME29"
"Montipora_capitata_HIv3___RNAseq.g34433.t1",0,0,1,NA,NA,NA,NA,"ME1"
"Montipora_capitata_HIv3___RNAseq.g34446.t1",0,1,0,1.35813698849801e-06,"Transient",4,0.956427320210093,"ME7"
"Montipora_capitata_HIv3___TS.g18971.t1",0,0,1,NA,NA,NA,NA,"ME1"
"Montipora_capitata_HIv3___RNAseq.g34450.t1",0,0,1,3.49628600892436e-06,"Monotonous",2,0.964857669901009,"ME19"
"Montipora_capitata_HIv3___RNAseq.g34458.t1",0,1,0,NA,NA,NA,NA,"ME4"
"Montipora_capitata_HIv3___TS.g18990.t1",0,1,0,NA,NA,NA,NA,"ME2"
"Montipora_capitata_HIv3___RNAseq.g34467.t1",0,1,0,NA,NA,NA,NA,"ME2"
"Montipora_capitata_HIv3___RNAseq.g34468.t1",0,1,0,NA,NA,NA,NA,"ME29"
"Montipora_capitata_HIv3___RNAseq.g34471.t1",1,0,0,NA,NA,NA,NA,"ME2"
"Montipora_capitata_HIv3___TS.g18997.t1",1,0,0,NA,NA,NA,NA,"ME5"
"Montipora_capitata_HIv3___RNAseq.g34475.t1",1,0,0,0.00120275742123341,"Transient",3,0.750528831818401,"ME1"
"Montipora_capitata_HIv3___RNAseq.34011_t",1,0,0,1.89995284417623e-05,"Transient",NA,NA,"ME1"
"Montipora_capitata_HIv3___TS.g19001.t2",0,0,1,NA,NA,NA,NA,"ME0"
"Montipora_capitata_HIv3___RNAseq.g34481.t1",1,0,1,NA,NA,NA,NA,"ME28"
"Montipora_capitata_HIv3___RNAseq.g34499.t1",0,0,1,NA,NA,NA,NA,"ME30"
"Montipora_capitata_HIv3___RNAseq.g34500.t1",1,0,0,NA,NA,NA,NA,"ME0"
"Montipora_capitata_HIv3___RNAseq.g34503.t1",0,1,0,NA,NA,NA,NA,"ME1"
"Montipora_capitata_HIv3___RNAseq.g34504.t1a",1,0,0,NA,NA,NA,NA,"ME1"
"Montipora_capitata_HIv3___TS.g19037.t1",0,0,1,0.033470366969494,"Other",5,0.528377293949785,"ME3"
"Montipora_capitata_HIv3___RNAseq.g34511.t1",0,0,1,NA,NA,NA,NA,"ME0"
"Montipora_capitata_HIv3___RNAseq.g34513.t1",2,0,0,0.00873214272458111,"Transient",3,0.600263732854168,"ME1"
"Montipora_capitata_HIv3___TS.g19040.t1",1,0,0,NA,NA,NA,NA,"ME5"
"Montipora_capitata_HIv3___TS.g19043.t1",0,1,0,0.031919938276225,"Other",1,0.706970639086164,"ME3"
"Montipora_capitata_HIv3___RNAseq.g34518.t1",1,0,0,NA,NA,NA,NA,"ME5"
"Montipora_capitata_HIv3___RNAseq.g34648.t1",1,0,0,NA,NA,NA,NA,"ME4"
"Montipora_capitata_HIv3___RNAseq.g34520.t1",1,0,0,NA,NA,NA,NA,"ME0"
"Montipora_capitata_HIv3___RNAseq.g34522.t1",1,0,0,NA,NA,NA,NA,"ME0"
"Montipora_capitata_HIv3___RNAseq.g34524.t1",1,0,0,NA,NA,NA,NA,"ME14"
"Montipora_capitata_HIv3___RNAseq.g34526.t1",1,0,0,NA,NA,NA,NA,"ME0"
"Montipora_capitata_HIv3___RNAseq.34073_t",1,1,0,6.31299443937638e-05,"Monotonous",6,0.964746822226492,"ME9"
"Montipora_capitata_HIv3___RNAseq.g34532.t1",1,0,0,1.37222534428928e-06,"Transient",2,0.744432193569001,"ME1"
"Montipora_capitata_HIv3___RNAseq.g34535.t1",1,0,1,9.4884153806877e-05,"Transient",3,0.977830355049897,"ME1"
"Montipora_capitata_HIv3___RNAseq.g34550.t1",0,1,0,0.046893151798813,"Other",4,0.935348120878433,"ME7"
"Montipora_capitata_HIv3___RNAseq.g34551.t1",0,2,0,NA,NA,NA,NA,"ME3"
"Montipora_capitata_HIv3___RNAseq.g34553.t1",1,0,0,NA,NA,NA,NA,"ME5"
"Montipora_capitata_HIv3___RNAseq.g34554.t1",0,1,0,0.0138473973196997,"Other",5,0.790160175450211,"ME3"
"Montipora_capitata_HIv3___RNAseq.g34557.t1",0,1,0,1.24314929938842e-05,"Transient",3,0.953772058434658,"ME1"
"Montipora_capitata_HIv3___TS.g19085.t2",0,1,0,NA,NA,NA,NA,"ME1"
"Montipora_capitata_HIv3___TS.g19086.t1",0,1,0,NA,NA,NA,NA,"ME1"
"Montipora_capitata_HIv3___RNAseq.g34559.t1",0,1,0,NA,NA,NA,NA,"ME0"
"Montipora_capitata_HIv3___RNAseq.g34563.t1",1,0,0,NA,NA,NA,NA,"ME1"
"Montipora_capitata_HIv3___RNAseq.g34565.t1",0,1,0,NA,NA,NA,NA,"ME3"
"Montipora_capitata_HIv3___RNAseq.g34566.t1",0,2,1,0.000173564318456472,"Transient",NA,NA,"ME0"
"Montipora_capitata_HIv3___RNAseq.g34570.t1",0,2,0,0.000826568377134285,"Transient",NA,NA,"ME1"
"Montipora_capitata_HIv3___RNAseq.g34571.t1",0,2,0,0.000271276332325914,"Transient",NA,NA,"ME1"
"Montipora_capitata_HIv3___RNAseq.g34572.t1",0,1,1,0.0382198848488342,"Transient",NA,NA,"ME1"
"Montipora_capitata_HIv3___RNAseq.g34573.t1",0,2,1,0.00629608954443694,"Transient",NA,NA,"ME0"
"Montipora_capitata_HIv3___RNAseq.g34576.t1",1,0,0,NA,NA,NA,NA,"ME2"
"Montipora_capitata_HIv3___RNAseq.g34578.t1",0,1,0,NA,NA,NA,NA,"ME8"
"Montipora_capitata_HIv3___RNAseq.g34580.t1",1,0,0,5.58416692021788e-08,"Monotonous",2,0.89052507592205,"ME1"
"Montipora_capitata_HIv3___TS.g19108.t1",0,0,1,NA,NA,NA,NA,"ME0"
"Montipora_capitata_HIv3___RNAseq.g34589.t1",1,0,0,NA,NA,NA,NA,"ME4"
"Montipora_capitata_HIv3___RNAseq.g34602.t1",0,1,0,NA,NA,NA,NA,"ME4"
"Montipora_capitata_HIv3___TS.g19150.t1",0,0,1,NA,NA,NA,NA,"ME13"
"Montipora_capitata_HIv3___RNAseq.g34627.t1b",1,0,0,NA,NA,NA,NA,"ME26"
"Montipora_capitata_HIv3___RNAseq.g34629.t1",1,0,1,0.00377475881653835,"Other",6,0.904919895134442,"ME5"
"Montipora_capitata_HIv3___RNAseq.g34630.t1",1,0,0,0.010266140530213,"Other",6,0.821678165277609,"ME5"
"Montipora_capitata_HIv3___RNAseq.g34633.t1",0,1,0,NA,NA,NA,NA,"ME0"
"Montipora_capitata_HIv3___RNAseq.g34635.t1",1,0,0,NA,NA,NA,NA,"ME5"
"Montipora_capitata_HIv3___RNAseq.g34636.t1",0,0,2,NA,NA,NA,NA,"ME4"
"Montipora_capitata_HIv3___RNAseq.g34638.t1",1,0,0,NA,NA,NA,NA,"ME7"
"Montipora_capitata_HIv3___RNAseq.g34641.t1",0,1,0,NA,NA,NA,NA,"ME7"
"Montipora_capitata_HIv3___RNAseq.g34644.t1",0,1,0,NA,NA,NA,NA,"ME22"
"Montipora_capitata_HIv3___RNAseq.g34647.t1",0,1,0,NA,NA,NA,NA,"ME0"
"Montipora_capitata_HIv3___RNAseq.g34649.t1",0,0,1,NA,NA,NA,NA,"ME4"
"Montipora_capitata_HIv3___RNAseq.g34652.t1",1,1,1,0.00143457970701231,"Monotonous",1,0.659572000034232,"ME6"
"Montipora_capitata_HIv3___RNAseq.g34653.t1",0,0,1,NA,NA,NA,NA,"ME3"
"Montipora_capitata_HIv3___RNAseq.g34656.t1",1,1,0,NA,NA,NA,NA,"ME25"
"Montipora_capitata_HIv3___RNAseq.34213_t",0,1,0,NA,NA,NA,NA,"ME25"
"Montipora_capitata_HIv3___RNAseq.g34664.t1",0,0,1,NA,NA,NA,NA,"ME7"
"Montipora_capitata_HIv3___TS.g19197.t1b",0,0,1,0.0137558492304185,"Other",5,0.541261727773514,"ME6"
"Montipora_capitata_HIv3___TS.g19201.t1",0,0,1,3.09080517435957e-07,"Monotonous",6,0.922812229764906,"ME9"
"Montipora_capitata_HIv3___RNAseq.g34676.t1",1,0,0,NA,NA,NA,NA,"ME0"
"Montipora_capitata_HIv3___TS.g19214.t1",0,1,0,NA,NA,NA,NA,"ME0"
"Montipora_capitata_HIv3___RNAseq.g34686.t1",1,0,0,NA,NA,NA,NA,"ME4"
"Montipora_capitata_HIv3___RNAseq.g34688.t1",0,0,1,NA,NA,NA,NA,"ME16"
"Montipora_capitata_HIv3___RNAseq.g34689.t1",0,0,1,NA,NA,NA,NA,"ME1"
"Montipora_capitata_HIv3___RNAseq.g34690.t1",0,1,0,NA,NA,NA,NA,"ME21"
"Montipora_capitata_HIv3___TS.g19222.t1",0,1,0,NA,NA,NA,NA,"ME0"
"Montipora_capitata_HIv3___TS.g19230.t1b",0,0,1,NA,NA,NA,NA,"ME16"
"Montipora_capitata_HIv3___RNAseq.g34700.t1",0,1,0,NA,NA,NA,NA,"ME2"
"Montipora_capitata_HIv3___RNAseq.g34708.t1",1,0,0,NA,NA,NA,NA,"ME2"
"Montipora_capitata_HIv3___TS.g19240.t2b",0,0,1,0.00099504055585613,"Transient",4,0.973497713416231,"ME2"
"Montipora_capitata_HIv3___RNAseq.g34715.t1b",2,0,0,NA,NA,NA,NA,"ME4"
"Montipora_capitata_HIv3___RNAseq.g34724.t1",0,1,0,NA,NA,NA,NA,"ME0"
"Montipora_capitata_HIv3___TS.g19255.t2",1,0,0,NA,NA,NA,NA,"ME21"
"Montipora_capitata_HIv3___TS.g19268.t1",0,0,1,0.00579397662759833,"Other",2,0.646327723709106,"ME1"
"Montipora_capitata_HIv3___RNAseq.g34750.t1",0,1,0,3.08330568920058e-10,"Transient",3,0.989253396754642,"ME1"
"Montipora_capitata_HIv3___TS.g19284.t2",1,2,0,NA,NA,NA,NA,"ME0"
"Montipora_capitata_HIv3___RNAseq.g34761.t1",0,2,0,NA,NA,NA,NA,"ME1"
"Montipora_capitata_HIv3___RNAseq.g45940.t1",0,0,1,NA,NA,NA,NA,"ME1"
"Montipora_capitata_HIv3___RNAseq.g46098.t1",0,1,0,NA,NA,NA,NA,"ME11"
"Montipora_capitata_HIv3___TS.g394.t1",0,1,0,NA,NA,NA,NA,"ME4"
"Montipora_capitata_HIv3___RNAseq.g46149.t1",1,0,1,NA,NA,NA,NA,"ME4"
"Montipora_capitata_HIv3___RNAseq.34668_t",1,0,0,NA,NA,NA,NA,"ME1"
"Montipora_capitata_HIv3___TS.g540.t1",0,0,1,NA,NA,NA,NA,"ME0"
"Montipora_capitata_HIv3___RNAseq.g45934.t1",0,0,1,NA,NA,NA,NA,"ME0"
"Montipora_capitata_HIv3___RNAseq.g45944.t1",1,0,0,NA,NA,NA,NA,"ME24"
"Montipora_capitata_HIv3___RNAseq.g45961.t1",0,0,1,NA,NA,NA,NA,"ME0"
"Montipora_capitata_HIv3___RNAseq.g45964.t1",1,0,0,NA,NA,NA,NA,"ME0"
"Montipora_capitata_HIv3___TS.g234.t2",1,0,0,4.72645670296624e-14,"Transient",5,0.82785716555854,"ME17"
"Montipora_capitata_HIv3___RNAseq.g45969.t1",1,0,0,NA,NA,NA,NA,"ME3"
"Montipora_capitata_HIv3___RNAseq.g45972.t1",1,0,1,1.16117180956432e-12,"Transient",5,0.748626109734571,"ME3"
"Montipora_capitata_HIv3___TS.g245.t1",1,1,1,NA,NA,NA,NA,"ME30"
"Montipora_capitata_HIv3___RNAseq.g45983.t1",1,0,0,NA,NA,NA,NA,"ME0"
"Montipora_capitata_HIv3___TS.g255.t1",1,0,0,NA,NA,NA,NA,"ME2"
"Montipora_capitata_HIv3___RNAseq.g45987.t1",0,0,1,NA,NA,NA,NA,"ME3"
"Montipora_capitata_HIv3___RNAseq.g45990.t1",0,0,1,NA,NA,NA,NA,"ME1"
"Montipora_capitata_HIv3___TS.g262.t2",0,0,1,NA,NA,NA,NA,"ME14"
"Montipora_capitata_HIv3___RNAseq.g45996.t1",0,0,1,NA,NA,NA,NA,"ME14"
"Montipora_capitata_HIv3___RNAseq.g46003.t1",0,0,1,0.0133126978923362,"Transient",5,0.988747505923325,"ME17"
"Montipora_capitata_HIv3___RNAseq.g46004.t1",0,1,0,0.0422271041274259,"Monotonous",5,0.855954215831397,"ME29"
"Montipora_capitata_HIv3___RNAseq.g46005.t1",1,0,0,NA,NA,NA,NA,"ME7"
"Montipora_capitata_HIv3___RNAseq.g46014.t1",0,1,1,NA,NA,NA,NA,"ME0"
"Montipora_capitata_HIv3___RNAseq.g46016.t1",1,0,1,0.000361993310027978,"Monotonous",6,0.776336708577107,"ME8"
"Montipora_capitata_HIv3___RNAseq.g46018.t1",1,0,0,NA,NA,NA,NA,"ME3"
"Montipora_capitata_HIv3___RNAseq.g46021.t1",1,0,0,NA,NA,NA,NA,"ME11"
"Montipora_capitata_HIv3___RNAseq.g46027.t1",0,1,0,NA,NA,NA,NA,"ME3"
"Montipora_capitata_HIv3___RNAseq.g46028.t1",1,1,0,NA,NA,NA,NA,"ME1"
"Montipora_capitata_HIv3___RNAseq.g46030.t1",0,1,0,NA,NA,NA,NA,"ME0"
"Montipora_capitata_HIv3___RNAseq.g46041.t1",0,1,0,NA,NA,NA,NA,"ME6"
"Montipora_capitata_HIv3___RNAseq.g46047.t1",0,1,0,0.0186873383656309,"Transient",3,0.918364509613499,"ME15"
"Montipora_capitata_HIv3___RNAseq.g46048.t1",1,0,0,NA,NA,NA,NA,"ME3"
"Montipora_capitata_HIv3___RNAseq.g46050.t1",1,1,0,NA,NA,NA,NA,"ME13"
"Montipora_capitata_HIv3___TS.g325.t1",2,0,0,NA,NA,NA,NA,"ME2"
"Montipora_capitata_HIv3___RNAseq.g46053.t1",0,1,0,NA,NA,NA,NA,"ME5"
"Montipora_capitata_HIv3___RNAseq.g46057.t1",0,1,0,NA,NA,NA,NA,"ME13"
"Montipora_capitata_HIv3___RNAseq.g46061.t1",0,1,0,NA,NA,NA,NA,"ME15"
"Montipora_capitata_HIv3___RNAseq.g46069.t1",0,2,0,0.00807925780240906,"Other",5,0.671684609939863,"ME7"
"Montipora_capitata_HIv3___RNAseq.g46070.t1",0,2,0,NA,NA,NA,NA,"ME7"
"Montipora_capitata_HIv3___RNAseq.g46071.t1",1,0,1,NA,NA,NA,NA,"ME0"
"Montipora_capitata_HIv3___RNAseq.g46083.t1",1,0,0,NA,NA,NA,NA,"ME9"
"Montipora_capitata_HIv3___RNAseq.g46084.t1",0,1,0,0.0217390222017042,"Other",NA,NA,"ME17"
"Montipora_capitata_HIv3___TS.g362.t2",0,2,1,NA,NA,NA,NA,"ME10"
"Montipora_capitata_HIv3___RNAseq.g46094.t1",0,1,0,0.000128359640383305,"Transient",3,0.73822565708211,"ME1"
"Montipora_capitata_HIv3___RNAseq.g46101.t1c",0,1,0,NA,NA,NA,NA,"ME1"
"Montipora_capitata_HIv3___RNAseq.g46102.t1",0,1,0,1.07768157041272e-06,"Transient",NA,NA,"ME0"
"Montipora_capitata_HIv3___RNAseq.g46103.t2",1,0,0,NA,NA,NA,NA,"ME0"
"Montipora_capitata_HIv3___RNAseq.g46108.t1b",2,0,0,NA,NA,NA,NA,"ME1"
"Montipora_capitata_HIv3___TS.g383.t1",1,0,0,NA,NA,NA,NA,"ME3"
"Montipora_capitata_HIv3___RNAseq.g46115.t1",1,0,0,NA,NA,NA,NA,"ME3"
"Montipora_capitata_HIv3___RNAseq.g46116.t1",1,0,0,NA,NA,NA,NA,"ME2"
"Montipora_capitata_HIv3___TS.g392.t1",1,0,0,0.000449399218101795,"Transient",4,0.950577562941986,"ME7"
"Montipora_capitata_HIv3___TS.g398.t2",0,1,0,0.0473096006138965,"Transient",3,0.915227277324996,"ME19"
"Montipora_capitata_HIv3___RNAseq.g46126.t1",0,1,0,NA,NA,NA,NA,"ME10"
"Montipora_capitata_HIv3___RNAseq.g46127.t1",1,0,0,2.68352437749274e-09,"Transient",4,0.695601150341728,"ME17"
"Montipora_capitata_HIv3___RNAseq.g46129.t1",0,1,0,NA,NA,NA,NA,"ME13"
"Montipora_capitata_HIv3___RNAseq.g46131.t1",1,0,1,3.0408549262986e-06,"Transient",5,0.507987626887242,"ME6"
"Montipora_capitata_HIv3___RNAseq.g46132.t1",0,0,1,NA,NA,NA,NA,"ME1"
"Montipora_capitata_HIv3___TS.g412.t1",1,0,0,NA,NA,NA,NA,"ME0"
"Montipora_capitata_HIv3___RNAseq.g46141.t1",0,0,1,NA,NA,NA,NA,"ME0"
"Montipora_capitata_HIv3___RNAseq.g46148.t1",0,1,0,NA,NA,NA,NA,"ME5"
"Montipora_capitata_HIv3___RNAseq.g46158.t3",1,0,0,NA,NA,NA,NA,"ME21"
"Montipora_capitata_HIv3___RNAseq.g46161.t1",0,2,0,NA,NA,NA,NA,"ME29"
"Montipora_capitata_HIv3___RNAseq.g46171.t1",1,0,0,3.3120338168627e-05,"Transient",4,0.821707634493135,"ME17"
"Montipora_capitata_HIv3___RNAseq.g46173.t1",0,0,1,NA,NA,NA,NA,"ME3"
"Montipora_capitata_HIv3___RNAseq.g46176.t1",1,0,0,0.0172223695214483,"Monotonous",6,0.682491241068564,"ME8"
"Montipora_capitata_HIv3___RNAseq.g46179.t1",0,0,1,0.009046173376651,"Transient",5,0.890943068552834,"ME3"
"Montipora_capitata_HIv3___RNAseq.g46182.t1",1,0,0,NA,NA,NA,NA,"ME0"
"Montipora_capitata_HIv3___RNAseq.g46183.t1",1,0,0,NA,NA,NA,NA,"ME8"
"Montipora_capitata_HIv3___TS.g463.t1",0,1,0,NA,NA,NA,NA,"ME0"
"Montipora_capitata_HIv3___RNAseq.g46192.t1",1,0,0,0.00688530990584757,"Transient",4,0.88851575104391,"ME14"
"Montipora_capitata_HIv3___RNAseq.g46193.t1c",1,0,0,NA,NA,NA,NA,"ME4"
"Montipora_capitata_HIv3___RNAseq.g46195.t1",0,0,1,NA,NA,NA,NA,"ME0"
"Montipora_capitata_HIv3___RNAseq.g46199.t1",1,1,0,NA,NA,NA,NA,"ME28"
"Montipora_capitata_HIv3___RNAseq.g46200.t1",2,0,0,NA,NA,NA,NA,"ME1"
"Montipora_capitata_HIv3___RNAseq.g46202.t1",0,0,1,NA,NA,NA,NA,"ME7"
"Montipora_capitata_HIv3___TS.g479.t2",1,0,0,0.000100886780395401,"Monotonous",NA,NA,"ME2"
"Montipora_capitata_HIv3___RNAseq.g46217.t1",0,1,0,NA,NA,NA,NA,"ME0"
"Montipora_capitata_HIv3___RNAseq.g46219.t1",0,0,1,NA,NA,NA,NA,"ME0"
"Montipora_capitata_HIv3___RNAseq.g46220.t1",0,0,2,0.00173507894215454,"Transient",5,0.980973953483369,"ME17"
"Montipora_capitata_HIv3___TS.g502.t1",2,0,0,2.59967790664782e-05,"Monotonous",5,0.588810330453157,"ME3"
"Montipora_capitata_HIv3___RNAseq.g46227.t1",1,0,0,NA,NA,NA,NA,"ME5"
"Montipora_capitata_HIv3___RNAseq.g46230.t1",1,0,0,NA,NA,NA,NA,"ME4"
"Montipora_capitata_HIv3___RNAseq.g46231.t1",0,1,0,1.25241628630402e-06,"Monotonous",1,0.959177243474133,"ME3"
"Montipora_capitata_HIv3___RNAseq.g46235.t1b",1,0,0,NA,NA,NA,NA,"ME13"
"Montipora_capitata_HIv3___RNAseq.g46236.t1",0,3,0,NA,NA,NA,NA,"ME10"
"Montipora_capitata_HIv3___RNAseq.g46237.t1",0,2,0,NA,NA,NA,NA,"ME1"
"Montipora_capitata_HIv3___TS.g517.t1",1,0,0,NA,NA,NA,NA,"ME2"
"Montipora_capitata_HIv3___RNAseq.g46240.t1",1,0,1,0.00430423359626182,"Transient",6,0.501289519161777,"ME3"
"Montipora_capitata_HIv3___RNAseq.g46242.t1",1,0,0,NA,NA,NA,NA,"ME10"
"Montipora_capitata_HIv3___TS.g523.t1",2,0,0,0.042237907971418,"Transient",3,0.863713699646332,"ME1"
"Montipora_capitata_HIv3___RNAseq.g47513.t1",1,0,0,NA,NA,NA,NA,"ME4"
"Montipora_capitata_HIv3___RNAseq.g47498.t1",1,1,1,NA,NA,NA,NA,"ME0"
"Montipora_capitata_HIv3___TS.g1796.t1",1,0,0,0.000212822911564345,"Transient",3,0.69583709999403,"ME1"
"Montipora_capitata_HIv3___TS.g1799.t1",1,0,0,NA,NA,NA,NA,"ME2"
"Montipora_capitata_HIv3___TS.g1807.t1",1,0,0,NA,NA,NA,NA,"ME0"
"Montipora_capitata_HIv3___RNAseq.g47527.t1",1,0,0,0.00553130253077895,"Monotonous",1,0.779949958051813,"ME8"
"Montipora_capitata_HIv3___TS.g1826.t1",1,0,0,NA,NA,NA,NA,"ME7"
"Montipora_capitata_HIv3___RNAseq.g47805.t1",1,0,0,NA,NA,NA,NA,"ME1"
"Montipora_capitata_HIv3___TS.g1987.t1",1,0,0,NA,NA,NA,NA,"ME0"
"Montipora_capitata_HIv3___RNAseq.g47548.t1",0,0,1,NA,NA,NA,NA,"ME0"
"Montipora_capitata_HIv3___RNAseq.g47559.t1",0,1,0,NA,NA,NA,NA,"ME15"
"Montipora_capitata_HIv3___TS.g1839.t1",0,0,1,NA,NA,NA,NA,"ME27"
"Montipora_capitata_HIv3___RNAseq.g47562.t1",1,0,0,NA,NA,NA,NA,"ME3"
"Montipora_capitata_HIv3___RNAseq.g47563.t1",0,0,1,0.0242748086574387,"Other",NA,NA,"ME0"
"Montipora_capitata_HIv3___RNAseq.g47564.t1",0,0,1,2.76367271839295e-09,"Transient",4,0.869447008707583,"ME3"
"Montipora_capitata_HIv3___TS.g1847.t1",0,1,0,NA,NA,NA,NA,"ME1"
"Montipora_capitata_HIv3___RNAseq.g47569.t1",0,0,1,NA,NA,NA,NA,"ME0"
"Montipora_capitata_HIv3___RNAseq.g47570.t1",1,1,0,NA,NA,NA,NA,"ME18"
"Montipora_capitata_HIv3___RNAseq.g47571.t1",0,0,1,0.0261822969388889,"Other",2,0.823984266505671,"ME1"
"Montipora_capitata_HIv3___RNAseq.g47572.t1",0,0,1,NA,NA,NA,NA,"ME2"
"Montipora_capitata_HIv3___RNAseq.g47574.t1",1,0,0,6.52087650094042e-06,"Monotonous",6,0.872248077278143,"ME3"
"Montipora_capitata_HIv3___RNAseq.g47583.t1",0,0,1,3.896362572962e-05,"Monotonous",2,0.912886830535918,"ME13"
"Montipora_capitata_HIv3___RNAseq.g47589.t1",1,0,0,NA,NA,NA,NA,"ME0"
"Montipora_capitata_HIv3___RNAseq.g47590.t1",1,0,0,0.0137735480772244,"Transient",3,0.856649470262803,"ME18"
"Montipora_capitata_HIv3___RNAseq.g47592.t2",3,1,0,NA,NA,NA,NA,"ME25"
"Montipora_capitata_HIv3___TS.g1877.t1b",1,0,0,NA,NA,NA,NA,"ME10"
"Montipora_capitata_HIv3___TS.g1883.t1",1,0,0,0.019614947166422,"Other",NA,NA,"ME0"
"Montipora_capitata_HIv3___RNAseq.g47604.t1",1,0,0,NA,NA,NA,NA,"ME5"
"Montipora_capitata_HIv3___RNAseq.g47607.t1",0,1,0,NA,NA,NA,NA,"ME5"
"Montipora_capitata_HIv3___RNAseq.g47610.t1",0,1,0,NA,NA,NA,NA,"ME0"
"Montipora_capitata_HIv3___RNAseq.g47611.t1",0,0,2,0.00711914170329637,"Other",4,0.97488640151791,"ME7"
"Montipora_capitata_HIv3___RNAseq.g47616.t2",1,1,0,NA,NA,NA,NA,"ME6"
"Montipora_capitata_HIv3___RNAseq.g47621.t1",1,0,0,NA,NA,NA,NA,"ME2"
"Montipora_capitata_HIv3___RNAseq.g47629.t1",1,0,0,NA,NA,NA,NA,"ME16"
"Montipora_capitata_HIv3___RNAseq.g47632.t1",0,0,1,NA,NA,NA,NA,"ME2"
"Montipora_capitata_HIv3___RNAseq.g47633.t1",0,1,0,NA,NA,NA,NA,"ME3"
"Montipora_capitata_HIv3___RNAseq.g47635.t1",0,0,1,2.7190605406898e-07,"Monotonous",6,0.712911967948004,"ME9"
"Montipora_capitata_HIv3___TS.g1918.t1",0,0,1,0.00825755904037233,"Transient",5,0.963745934662312,"ME17"
"Montipora_capitata_HIv3___RNAseq.g47644.t1",0,1,0,8.1517902191524e-08,"Transient",3,0.89497971177908,"ME1"
"Montipora_capitata_HIv3___TS.g1925.t2",1,1,0,0.032400924221633,"Other",2,0.531182968730976,"ME13"
"Montipora_capitata_HIv3___TS.g1926.t1",1,0,0,NA,NA,NA,NA,"ME2"
"Montipora_capitata_HIv3___RNAseq.g47647.t1",0,0,1,NA,NA,NA,NA,"ME8"
"Montipora_capitata_HIv3___RNAseq.g47650.t1c",0,1,0,NA,NA,NA,NA,"ME3"
"Montipora_capitata_HIv3___RNAseq.g47650.t1b",0,1,0,NA,NA,NA,NA,"ME24"
"Montipora_capitata_HIv3___TS.g1933.t1",1,0,0,NA,NA,NA,NA,"ME22"
"Montipora_capitata_HIv3___RNAseq.g47653.t1",0,0,1,NA,NA,NA,NA,"ME8"
"Montipora_capitata_HIv3___TS.g1940.t3",1,0,0,NA,NA,NA,NA,"ME22"
"Montipora_capitata_HIv3___RNAseq.g47660.t1",0,1,0,NA,NA,NA,NA,"ME12"
"Montipora_capitata_HIv3___TS.g2009.t1",1,0,0,NA,NA,NA,NA,"ME0"
"Montipora_capitata_HIv3___TS.g2019.t1",0,2,0,0.0125131198769632,"Other",5,0.516531502300306,"ME0"
"Montipora_capitata_HIv3___RNAseq.g47739.t1",0,1,0,NA,NA,NA,NA,"ME4"
"Montipora_capitata_HIv3___RNAseq.g47808.t1",1,0,1,NA,NA,NA,NA,"ME0"
"Montipora_capitata_HIv3___RNAseq.g47813.t2",1,0,0,0.00441263319979321,"Other",2,0.767877055470523,"ME1"
"Montipora_capitata_HIv3___RNAseq.g47814.t2",1,0,0,0.0366571691997729,"Other",2,0.680655320812744,"ME1"
"Montipora_capitata_HIv3___RNAseq.g47816.t1",0,1,0,1.50855496541847e-05,"Monotonous",6,0.704199931449223,"ME8"
"Montipora_capitata_HIv3___RNAseq.g47817.t1",0,1,0,NA,NA,NA,NA,"ME2"
"Montipora_capitata_HIv3___RNAseq.g47818.t1",0,1,0,NA,NA,NA,NA,"ME5"
"Montipora_capitata_HIv3___RNAseq.g47819.t1",2,0,0,NA,NA,NA,NA,"ME5"
"Montipora_capitata_HIv3___RNAseq.g47826.t1",0,0,1,2.03758770210805e-09,"Monotonous",2,0.616399660400853,"ME1"
"Montipora_capitata_HIv3___RNAseq.g47829.t1",1,0,1,NA,NA,NA,NA,"ME17"
"Montipora_capitata_HIv3___TS.g2103.t1",0,0,1,6.19092705686806e-13,"Monotonous",1,0.832119774296367,"ME6"
"Montipora_capitata_HIv3___RNAseq.g47833.t1",0,1,0,0.0371241250017489,"Other",3,0.510732991276959,"ME1"
"Montipora_capitata_HIv3___RNAseq.g47836.t1",0,0,2,NA,NA,NA,NA,"ME4"
"Montipora_capitata_HIv3___TS.g2140.t1",1,0,0,NA,NA,NA,NA,"ME3"
"Montipora_capitata_HIv3___RNAseq.g46412.t1",0,1,0,NA,NA,NA,NA,"ME0"
"Montipora_capitata_HIv3___TS.g826.t1",0,1,0,NA,NA,NA,NA,"ME0"
"Montipora_capitata_HIv3___TS.g842.t1",1,1,0,NA,NA,NA,NA,"ME1"
"Montipora_capitata_HIv3___RNAseq.g46798.t1",0,1,0,NA,NA,NA,NA,"ME4"
"Montipora_capitata_HIv3___RNAseq.g46918.t1",0,0,1,NA,NA,NA,NA,"ME4"
"Montipora_capitata_HIv3___RNAseq.g46994.t1",1,0,1,NA,NA,NA,NA,"ME11"
"Montipora_capitata_HIv3___RNAseq.g47041.t1",1,0,0,NA,NA,NA,NA,"ME0"
"Montipora_capitata_HIv3___RNAseq.g47046.t1",1,0,0,NA,NA,NA,NA,"ME10"
"Montipora_capitata_HIv3___RNAseq.g47154.t1",1,0,0,NA,NA,NA,NA,"ME0"
"Montipora_capitata_HIv3___RNAseq.g47167.t1",1,1,0,NA,NA,NA,NA,"ME0"
"Montipora_capitata_HIv3___RNAseq.g46277.t1",1,0,0,NA,NA,NA,NA,"ME5"
"Montipora_capitata_HIv3___RNAseq.g46283.t1",0,1,0,NA,NA,NA,NA,"ME4"
"Montipora_capitata_HIv3___RNAseq.g46287.t1",0,1,0,NA,NA,NA,NA,"ME2"
"Montipora_capitata_HIv3___RNAseq.g46291.t1",1,1,0,NA,NA,NA,NA,"ME0"
"Montipora_capitata_HIv3___TS.g575.t1",0,1,0,NA,NA,NA,NA,"ME5"
"Montipora_capitata_HIv3___RNAseq.g46294.t1",1,0,0,NA,NA,NA,NA,"ME14"
"Montipora_capitata_HIv3___RNAseq.g46296.t1",1,0,0,7.30200545658478e-07,"Transient",6,0.602936493933634,"ME3"
"Montipora_capitata_HIv3___RNAseq.g46297.t1",1,0,0,NA,NA,NA,NA,"ME4"
"Montipora_capitata_HIv3___RNAseq.g46310.t1",1,0,0,8.00337857224538e-07,"Monotonous",2,0.881726375259769,"ME1"
"Montipora_capitata_HIv3___RNAseq.g46311.t1",0,1,0,NA,NA,NA,NA,"ME4"
"Montipora_capitata_HIv3___TS.g596.t1",0,1,0,NA,NA,NA,NA,"ME3"
"Montipora_capitata_HIv3___RNAseq.g46323.t1",0,1,0,0.000978113727634541,"Transient",5,0.970328941255613,"ME17"
"Montipora_capitata_HIv3___RNAseq.g46326.t1",1,0,0,NA,NA,NA,NA,"ME26"
"Montipora_capitata_HIv3___RNAseq.g46340.t1",0,1,0,NA,NA,NA,NA,"ME3"
"Montipora_capitata_HIv3___RNAseq.g46342.t1",1,0,0,0.000679857201102915,"Monotonous",6,0.988578166919122,"ME9"
"Montipora_capitata_HIv3___RNAseq.g46343.t1",1,0,0,0.00265945038014613,"Other",6,0.979172292690506,"ME9"
"Montipora_capitata_HIv3___RNAseq.g46353.t1",1,0,0,NA,NA,NA,NA,"ME28"
"Montipora_capitata_HIv3___TS.g637.t1",1,0,0,4.14718671562784e-36,"Transient",2,0.960503330628431,"ME0"
"Montipora_capitata_HIv3___RNAseq.g46358.t1",1,0,0,0.000291465872215905,"Transient",6,0.927760713942576,"ME26"
"Montipora_capitata_HIv3___RNAseq.g46364.t1",1,0,1,0.0166326393958232,"Other",6,0.724957968509096,"ME26"
"Montipora_capitata_HIv3___RNAseq.g46365.t1",0,1,0,0.00334799282102126,"Monotonous",3,0.726340785226696,"ME1"
"Montipora_capitata_HIv3___RNAseq.g46366.t1",0,1,0,NA,NA,NA,NA,"ME4"
"Montipora_capitata_HIv3___RNAseq.g46367.t1",1,0,0,NA,NA,NA,NA,"ME14"
"Montipora_capitata_HIv3___RNAseq.g46368.t1",1,0,0,NA,NA,NA,NA,"ME6"
"Montipora_capitata_HIv3___RNAseq.g46371.t1",0,0,1,NA,NA,NA,NA,"ME2"
"Montipora_capitata_HIv3___TS.g666.t1",0,1,0,0.0139420363788117,"Monotonous",6,0.607113464357799,"ME8"
"Montipora_capitata_HIv3___RNAseq.g46383.t1",0,0,1,0.0470940044974352,"Other",NA,NA,"ME3"
"Montipora_capitata_HIv3___RNAseq.g46385.t1",0,1,1,0.0294290895179681,"Other",6,0.831245010921826,"ME9"
"Montipora_capitata_HIv3___RNAseq.g46393.t1",0,1,0,NA,NA,NA,NA,"ME7"
"Montipora_capitata_HIv3___RNAseq.g46397.t1",0,1,0,0.00369107640525604,"Other",6,0.892268816303344,"ME5"
"Montipora_capitata_HIv3___RNAseq.g46400.t1",1,0,0,NA,NA,NA,NA,"ME1"
"Montipora_capitata_HIv3___RNAseq.g46401.t1",1,0,0,NA,NA,NA,NA,"ME6"
"Montipora_capitata_HIv3___RNAseq.g46404.t1",1,0,0,NA,NA,NA,NA,"ME6"
"Montipora_capitata_HIv3___RNAseq.g46411.t1",0,1,0,0.024129172073315,"Other",1,0.517634656875322,"ME4"
"Montipora_capitata_HIv3___RNAseq.g46421.t1",1,0,0,0.00105235730140357,"Other",6,0.863749672610179,"ME3"
"Montipora_capitata_HIv3___RNAseq.g46438.t1",0,1,0,NA,NA,NA,NA,"ME19"
"Montipora_capitata_HIv3___RNAseq.g46439.t1",0,1,0,NA,NA,NA,NA,"ME0"
"Montipora_capitata_HIv3___RNAseq.g46442.t1",0,1,0,0.0194995452772568,"Transient",4,0.809450248844755,"ME6"
"Montipora_capitata_HIv3___RNAseq.g46447.t1",1,1,0,0.0176387283828843,"Other",5,0.751105831318805,"ME6"
"Montipora_capitata_HIv3___RNAseq.g46457.t1",0,1,0,0.0414251251084915,"Other",2,0.723918317757386,"ME1"
"Montipora_capitata_HIv3___RNAseq.g46467.t1",0,1,0,NA,NA,NA,NA,"ME1"
"Montipora_capitata_HIv3___RNAseq.g46480.t1",0,1,0,NA,NA,NA,NA,"ME1"
"Montipora_capitata_HIv3___RNAseq.g46489.t1",2,0,0,0.00232131458723324,"Monotonous",6,0.504387230371998,"ME3"
"Montipora_capitata_HIv3___RNAseq.g46491.t1",0,2,0,7.32723074256026e-07,"Monotonous",1,0.756415187260262,"ME3"
"Montipora_capitata_HIv3___TS.g778.t1",0,0,1,3.19653389954915e-06,"Monotonous",1,0.842426388942752,"ME3"
"Montipora_capitata_HIv3___TS.g780.t1",0,0,1,2.68537215189184e-06,"Monotonous",1,0.84597091404172,"ME3"
"Montipora_capitata_HIv3___TS.g783.t1",0,1,0,NA,NA,NA,NA,"ME3"
"Montipora_capitata_HIv3___RNAseq.g46503.t1",0,0,1,NA,NA,NA,NA,"ME2"
"Montipora_capitata_HIv3___TS.g791.t2",0,0,1,NA,NA,NA,NA,"ME7"
"Montipora_capitata_HIv3___RNAseq.g46509.t1a",0,1,0,NA,NA,NA,NA,"ME1"
"Montipora_capitata_HIv3___TS.g802.t1",1,0,0,NA,NA,NA,NA,"ME9"
"Montipora_capitata_HIv3___RNAseq.g46517.t1",0,0,1,NA,NA,NA,NA,"ME16"
"Montipora_capitata_HIv3___RNAseq.g46529.t1",1,0,0,NA,NA,NA,NA,"ME24"
"Montipora_capitata_HIv3___RNAseq.g46533.t1a",0,0,1,0.000354743049094292,"Other",NA,NA,"ME2"
"Montipora_capitata_HIv3___RNAseq.g46544.t1",1,0,0,NA,NA,NA,NA,"ME2"
"Montipora_capitata_HIv3___RNAseq.g46546.t1",1,0,0,NA,NA,NA,NA,"ME2"
"Montipora_capitata_HIv3___RNAseq.g46568.t1",1,0,0,NA,NA,NA,NA,"ME4"
"Montipora_capitata_HIv3___RNAseq.g46571.t1",0,0,1,NA,NA,NA,NA,"ME6"
"Montipora_capitata_HIv3___RNAseq.g46572.t1",0,0,1,0.0031699690760676,"Transient",4,0.891491595690689,"ME3"
"Montipora_capitata_HIv3___TS.g855.t1",1,0,0,0.0297413832228766,"Other",6,0.880421505957107,"ME0"
"Montipora_capitata_HIv3___RNAseq.g46575.t1",0,0,1,NA,NA,NA,NA,"ME3"
"Montipora_capitata_HIv3___TS.g858.t2c",2,1,0,NA,NA,NA,NA,"ME4"
"Montipora_capitata_HIv3___TS.g858.t2b",2,1,0,NA,NA,NA,NA,"ME0"
"Montipora_capitata_HIv3___RNAseq.g46579.t1",1,0,0,NA,NA,NA,NA,"ME1"
"Montipora_capitata_HIv3___RNAseq.g46584.t1",1,0,1,NA,NA,NA,NA,"ME5"
"Montipora_capitata_HIv3___RNAseq.g46586.t1",0,1,0,NA,NA,NA,NA,"ME1"
"Montipora_capitata_HIv3___RNAseq.g46588.t1",1,0,0,NA,NA,NA,NA,"ME2"
"Montipora_capitata_HIv3___TS.g869.t1",1,0,0,NA,NA,NA,NA,"ME5"
"Montipora_capitata_HIv3___TS.g871.t1",0,1,0,NA,NA,NA,NA,"ME23"
"Montipora_capitata_HIv3___TS.g894.t1",1,0,0,NA,NA,NA,NA,"ME3"
"Montipora_capitata_HIv3___TS.g895.t1",1,0,0,0.00026091428454898,"Monotonous",6,0.955014177864595,"ME3"
"Montipora_capitata_HIv3___RNAseq.g46627.t1",1,0,0,0.0468980344777504,"Other",1,0.816722845666626,"ME10"
"Montipora_capitata_HIv3___RNAseq.g46628.t1",1,0,0,NA,NA,NA,NA,"ME1"
"Montipora_capitata_HIv3___RNAseq.g46629.t1",1,0,0,NA,NA,NA,NA,"ME0"
"Montipora_capitata_HIv3___RNAseq.g46632.t1",0,1,0,NA,NA,NA,NA,"ME8"
"Montipora_capitata_HIv3___RNAseq.g46635.t1",1,0,0,NA,NA,NA,NA,"ME1"
"Montipora_capitata_HIv3___RNAseq.g46640.t1",1,0,0,NA,NA,NA,NA,"ME29"
"Montipora_capitata_HIv3___TS.g925.t1",0,1,0,NA,NA,NA,NA,"ME7"
"Montipora_capitata_HIv3___TS.g942.t1",1,0,0,NA,NA,NA,NA,"ME0"
"Montipora_capitata_HIv3___RNAseq.g46663.t3",0,2,0,NA,NA,NA,NA,"ME3"
"Montipora_capitata_HIv3___RNAseq.g46664.t1",0,0,1,NA,NA,NA,NA,"ME1"
"Montipora_capitata_HIv3___RNAseq.g46678.t1",1,0,0,0.00278167741919656,"Monotonous",2,0.892264729664381,"ME1"
"Montipora_capitata_HIv3___RNAseq.g46687.t1",0,1,0,NA,NA,NA,NA,"ME4"
"Montipora_capitata_HIv3___RNAseq.g46693.t1",0,0,1,0.00334799282102126,"Transient",NA,NA,"ME3"
"Montipora_capitata_HIv3___RNAseq.g46694.t1",1,0,0,1.51043951402234e-07,"Monotonous",2,0.990175103419213,"ME1"
"Montipora_capitata_HIv3___RNAseq.g46696.t1",1,0,0,NA,NA,NA,NA,"ME5"
"Montipora_capitata_HIv3___RNAseq.g46701.t1",1,0,0,6.81990183726751e-05,"Monotonous",NA,NA,"ME20"
"Montipora_capitata_HIv3___RNAseq.g46715.t1",0,0,1,NA,NA,NA,NA,"ME0"
"Montipora_capitata_HIv3___RNAseq.g46723.t1",1,0,0,7.58986859574758e-08,"Monotonous",1,0.944197144956901,"ME3"
"Montipora_capitata_HIv3___TS.g1013.t1",0,2,1,NA,NA,NA,NA,"ME2"
"Montipora_capitata_HIv3___RNAseq.g46741.t1",0,0,1,4.0947473453618e-05,"Monotonous",6,0.920136294041673,"ME9"
"Montipora_capitata_HIv3___RNAseq.g46742.t1",1,0,0,NA,NA,NA,NA,"ME5"
"Montipora_capitata_HIv3___RNAseq.35221_t",0,1,0,NA,NA,NA,NA,"ME7"
"Montipora_capitata_HIv3___TS.g1062.t1",1,0,0,NA,NA,NA,NA,"ME4"
"Montipora_capitata_HIv3___RNAseq.g46777.t1",0,0,1,NA,NA,NA,NA,"ME0"
"Montipora_capitata_HIv3___RNAseq.g46781.t1",1,1,0,0.0120362079638488,"Monotonous",2,0.806107430967284,"ME2"
"Montipora_capitata_HIv3___TS.g1092.t4",1,0,0,0.000640076657154667,"Monotonous",1,0.79608114274087,"ME3"
"Montipora_capitata_HIv3___RNAseq.g46809.t2",1,0,1,NA,NA,NA,NA,"ME22"
"Montipora_capitata_HIv3___RNAseq.g46812.t1",0,0,1,NA,NA,NA,NA,"ME14"
"Montipora_capitata_HIv3___RNAseq.g46819.t1",1,0,0,2.53269109449343e-05,"Transient",3,0.710461308872102,"ME1"
"Montipora_capitata_HIv3___RNAseq.g46820.t1",1,0,0,0.000169157184450231,"Transient",3,0.811808196414218,"ME1"
"Montipora_capitata_HIv3___RNAseq.g46821.t1",0,1,0,NA,NA,NA,NA,"ME3"
"Montipora_capitata_HIv3___RNAseq.g46823.t1",0,1,0,0.00327698888403056,"Monotonous",3,0.739314252093368,"ME1"
"Montipora_capitata_HIv3___RNAseq.g46824.t1",0,1,0,NA,NA,NA,NA,"ME12"
"Montipora_capitata_HIv3___RNAseq.g46825.t1",0,1,0,NA,NA,NA,NA,"ME1"
"Montipora_capitata_HIv3___RNAseq.g46826.t1",0,1,0,1.34026763078798e-06,"Monotonous",3,0.749473989013532,"ME1"
"Montipora_capitata_HIv3___RNAseq.g46828.t1",0,2,1,NA,NA,NA,NA,"ME0"
"Montipora_capitata_HIv3___RNAseq.g46830.t1",0,0,1,NA,NA,NA,NA,"ME0"
"Montipora_capitata_HIv3___RNAseq.g46836.t1",0,1,0,NA,NA,NA,NA,"ME12"
"Montipora_capitata_HIv3___RNAseq.g46847.t1",1,0,0,5.63664479023037e-05,"Transient",3,0.683883817605988,"ME1"
"Montipora_capitata_HIv3___RNAseq.g46848.t1",1,0,0,1.84467471573859e-05,"Transient",3,0.850741773186262,"ME13"
"Montipora_capitata_HIv3___RNAseq.g46849.t1",0,0,1,NA,NA,NA,NA,"ME3"
"Montipora_capitata_HIv3___RNAseq.g46850.t1",2,0,0,NA,NA,NA,NA,"ME18"
"Montipora_capitata_HIv3___RNAseq.g46852.t1",0,1,0,NA,NA,NA,NA,"ME23"
"Montipora_capitata_HIv3___RNAseq.g46857.t1",0,1,0,NA,NA,NA,NA,"ME0"
"Montipora_capitata_HIv3___RNAseq.g46859.t1",1,0,0,NA,NA,NA,NA,"ME0"
"Montipora_capitata_HIv3___RNAseq.g46860.t1",1,0,0,NA,NA,NA,NA,"ME0"
"Montipora_capitata_HIv3___RNAseq.g46862.t1",1,0,0,NA,NA,NA,NA,"ME1"
"Montipora_capitata_HIv3___RNAseq.g46881.t1",0,1,0,0.0280235474260626,"Other",3,0.701756744234021,"ME13"
"Montipora_capitata_HIv3___RNAseq.g46884.t1",1,0,0,NA,NA,NA,NA,"ME1"
"Montipora_capitata_HIv3___TS.g1170.t1",0,0,1,NA,NA,NA,NA,"ME1"
"Montipora_capitata_HIv3___TS.g1172.t1",1,0,1,NA,NA,NA,NA,"ME5"
"Montipora_capitata_HIv3___RNAseq.g46887.t1",0,1,0,NA,NA,NA,NA,"ME5"
"Montipora_capitata_HIv3___RNAseq.g46890.t1",1,0,0,0.0118834135176377,"Transient",NA,NA,"ME5"
"Montipora_capitata_HIv3___RNAseq.g46891.t1b",0,1,0,NA,NA,NA,NA,"ME2"
"Montipora_capitata_HIv3___RNAseq.g46891.t1a",1,0,0,0.00846426257942067,"Transient",3,0.868388451859946,"ME13"
"Montipora_capitata_HIv3___RNAseq.g46894.t1",1,0,0,1.58871630894113e-11,"Monotonous",3,0.753044222448292,"ME1"
"Montipora_capitata_HIv3___RNAseq.g46895.t1",0,0,1,8.73865855395366e-10,"Monotonous",3,0.635523651112989,"ME1"
"Montipora_capitata_HIv3___TS.g1191.t1",1,0,1,NA,NA,NA,NA,"ME5"
"Montipora_capitata_HIv3___RNAseq.g46905.t1",1,0,0,NA,NA,NA,NA,"ME0"
"Montipora_capitata_HIv3___RNAseq.g46920.t1",0,0,1,NA,NA,NA,NA,"ME3"
"Montipora_capitata_HIv3___RNAseq.g46922.t1",0,0,1,NA,NA,NA,NA,"ME3"
"Montipora_capitata_HIv3___TS.g1222.t1",0,0,1,NA,NA,NA,NA,"ME2"
"Montipora_capitata_HIv3___RNAseq.g46946.t1",0,0,1,NA,NA,NA,NA,"ME11"
"Montipora_capitata_HIv3___RNAseq.g46951.t1",0,0,1,0.000237095070154233,"Transient",4,0.724884964240758,"ME0"
"Montipora_capitata_HIv3___TS.g1233.t2",1,0,0,NA,NA,NA,NA,"ME7"
"Montipora_capitata_HIv3___TS.g1239.t1",0,0,1,NA,NA,NA,NA,"ME5"
"Montipora_capitata_HIv3___RNAseq.g46961.t1",1,0,0,NA,NA,NA,NA,"ME10"
"Montipora_capitata_HIv3___RNAseq.g46964.t1",0,1,0,NA,NA,NA,NA,"ME5"
"Montipora_capitata_HIv3___TS.g1250.t1",0,0,1,NA,NA,NA,NA,"ME11"
"Montipora_capitata_HIv3___RNAseq.g46975.t1",1,0,0,NA,NA,NA,NA,"ME2"
"Montipora_capitata_HIv3___RNAseq.g46982.t1",2,0,0,NA,NA,NA,NA,"ME12"
"Montipora_capitata_HIv3___RNAseq.g46985.t1",0,1,0,NA,NA,NA,NA,"ME2"
"Montipora_capitata_HIv3___RNAseq.g47000.t1",1,0,1,NA,NA,NA,NA,"ME4"
"Montipora_capitata_HIv3___RNAseq.g47004.t1",0,1,0,NA,NA,NA,NA,"ME2"
"Montipora_capitata_HIv3___RNAseq.g47016.t1",0,0,1,NA,NA,NA,NA,"ME3"
"Montipora_capitata_HIv3___RNAseq.g47022.t1",0,0,1,1.44180438293697e-06,"Monotonous",2,0.894067787171687,"ME1"
"Montipora_capitata_HIv3___RNAseq.g47027.t1",0,0,1,NA,NA,NA,NA,"ME18"
"Montipora_capitata_HIv3___RNAseq.g47031.t1",0,0,1,NA,NA,NA,NA,"ME2"
"Montipora_capitata_HIv3___RNAseq.g47034.t1",0,1,0,NA,NA,NA,NA,"ME16"
"Montipora_capitata_HIv3___RNAseq.g47040.t1",1,1,0,NA,NA,NA,NA,"ME4"
"Montipora_capitata_HIv3___RNAseq.g47051.t1",0,2,0,NA,NA,NA,NA,"ME2"
"Montipora_capitata_HIv3___RNAseq.g47054.t1",0,1,0,NA,NA,NA,NA,"ME4"
"Montipora_capitata_HIv3___RNAseq.g47064.t1",0,0,2,0.0107123213228051,"Other",NA,NA,"ME1"
"Montipora_capitata_HIv3___RNAseq.g47065.t1",0,0,2,NA,NA,NA,NA,"ME19"
"Montipora_capitata_HIv3___RNAseq.g47068.t1",1,0,0,0.0326127343639601,"Other",6,0.749310376916647,"ME21"
"Montipora_capitata_HIv3___RNAseq.g47069.t1",0,0,1,5.12151258182836e-06,"Transient",4,0.905273769817141,"ME7"
"Montipora_capitata_HIv3___RNAseq.g47071.t1",0,1,0,NA,NA,NA,NA,"ME25"
"Montipora_capitata_HIv3___TS.g1349.t1c",1,0,0,NA,NA,NA,NA,"ME5"
"Montipora_capitata_HIv3___RNAseq.g47083.t1",2,0,0,NA,NA,NA,NA,"ME0"
"Montipora_capitata_HIv3___RNAseq.g47084.t2",3,0,0,0.00136884453450833,"Transient",5,0.910667285488756,"ME6"
"Montipora_capitata_HIv3___TS.g1370.t1",1,0,0,NA,NA,NA,NA,"ME3"
"Montipora_capitata_HIv3___RNAseq.g47106.t1",0,0,1,0.0365140310222682,"Other",2,0.846262128594812,"ME1"
"Montipora_capitata_HIv3___RNAseq.g47111.t1",3,0,0,NA,NA,NA,NA,"ME0"
"Montipora_capitata_HIv3___RNAseq.g47115.t1",1,0,1,NA,NA,NA,NA,"ME28"
"Montipora_capitata_HIv3___RNAseq.g47118.t1",1,0,0,NA,NA,NA,NA,"ME3"
"Montipora_capitata_HIv3___RNAseq.g47119.t1",1,0,0,NA,NA,NA,NA,"ME3"
"Montipora_capitata_HIv3___TS.g1397.t4",0,2,1,NA,NA,NA,NA,"ME4"
"Montipora_capitata_HIv3___RNAseq.g47121.t1",0,2,1,NA,NA,NA,NA,"ME11"
"Montipora_capitata_HIv3___RNAseq.g47122.t1",0,0,1,NA,NA,NA,NA,"ME0"
"Montipora_capitata_HIv3___RNAseq.g47123.t1",0,0,1,NA,NA,NA,NA,"ME2"
"Montipora_capitata_HIv3___RNAseq.g47125.t1",1,0,1,NA,NA,NA,NA,"ME3"
"Montipora_capitata_HIv3___RNAseq.g47128.t1",0,1,0,0.0267946830975089,"Other",5,0.632386380089204,"ME8"
"Montipora_capitata_HIv3___RNAseq.g47130.t1",0,1,0,0.0284933895512924,"Other",5,0.645643278997884,"ME8"
"Montipora_capitata_HIv3___RNAseq.g47132.t1",1,0,0,2.44985986729611e-05,"Monotonous",6,0.928894225468902,"ME8"
"Montipora_capitata_HIv3___TS.g1414.t2",0,1,0,NA,NA,NA,NA,"ME22"
"Montipora_capitata_HIv3___RNAseq.g47147.t1",1,0,0,NA,NA,NA,NA,"ME15"
"Montipora_capitata_HIv3___RNAseq.g47157.t1",2,0,0,NA,NA,NA,NA,"ME0"
"Montipora_capitata_HIv3___RNAseq.g47162.t1",1,0,0,NA,NA,NA,NA,"ME15"
"Montipora_capitata_HIv3___RNAseq.g47163.t1",0,1,1,NA,NA,NA,NA,"ME0"
"Montipora_capitata_HIv3___RNAseq.g47164.t1",0,1,0,NA,NA,NA,NA,"ME1"
"Montipora_capitata_HIv3___TS.g1442.t1",0,0,1,NA,NA,NA,NA,"ME22"
"Montipora_capitata_HIv3___TS.g1448.t1",0,0,1,NA,NA,NA,NA,"ME22"
"Montipora_capitata_HIv3___RNAseq.g47178.t1",0,0,1,NA,NA,NA,NA,"ME4"
"Montipora_capitata_HIv3___RNAseq.g47180.t1b",0,0,1,NA,NA,NA,NA,"ME12"
"Montipora_capitata_HIv3___RNAseq.g47185.t1",1,0,0,NA,NA,NA,NA,"ME8"
"Montipora_capitata_HIv3___RNAseq.g47186.t1",1,0,0,NA,NA,NA,NA,"ME8"
"Montipora_capitata_HIv3___RNAseq.g47191.t1b",0,0,1,NA,NA,NA,NA,"ME12"
"Montipora_capitata_HIv3___RNAseq.g47192.t1",1,0,0,0.00825490203004692,"Monotonous",2,0.930265866122866,"ME1"
"Montipora_capitata_HIv3___RNAseq.g47195.t1",1,0,0,NA,NA,NA,NA,"ME25"
"Montipora_capitata_HIv3___TS.g1473.t1",1,0,0,NA,NA,NA,NA,"ME25"
"Montipora_capitata_HIv3___RNAseq.g47203.t1",1,0,0,NA,NA,NA,NA,"ME20"
"Montipora_capitata_HIv3___RNAseq.g47204.t1",1,1,0,NA,NA,NA,NA,"ME2"
"Montipora_capitata_HIv3___RNAseq.g47209.t1",1,0,0,0.00184991534517727,"Transient",4,0.558408708031592,"ME17"
"Montipora_capitata_HIv3___TS.g1490.t2",0,0,1,0.00176974413856287,"Transient",4,0.820889408484314,"ME6"
"Montipora_capitata_HIv3___RNAseq.g47216.t1",1,0,0,NA,NA,NA,NA,"ME6"
"Montipora_capitata_HIv3___TS.g1497.t1b",1,0,0,NA,NA,NA,NA,"ME1"
"Montipora_capitata_HIv3___TS.g1511.t1",0,0,1,0.0350028235651194,"Transient",3,0.558670554465408,"ME15"
"Montipora_capitata_HIv3___RNAseq.g47242.t1",1,2,0,NA,NA,NA,NA,"ME0"
"Montipora_capitata_HIv3___RNAseq.g47244.t1",0,2,0,NA,NA,NA,NA,"ME15"
"Montipora_capitata_HIv3___RNAseq.g47245.t1",2,1,0,NA,NA,NA,NA,"ME23"
"Montipora_capitata_HIv3___RNAseq.g47249.t1",0,0,1,0.00741760763321852,"Other",NA,NA,"ME5"
"Montipora_capitata_HIv3___RNAseq.g47250.t1",1,0,0,0.000506582468873658,"Monotonous",1,0.814986882163473,"ME3"
"Montipora_capitata_HIv3___RNAseq.g47255.t1",2,0,0,NA,NA,NA,NA,"ME25"
"Montipora_capitata_HIv3___RNAseq.g47264.t1",1,0,0,NA,NA,NA,NA,"ME14"
"Montipora_capitata_HIv3___RNAseq.g47265.t1",2,1,0,NA,NA,NA,NA,"ME14"
"Montipora_capitata_HIv3___RNAseq.g47268.t1",0,1,0,0.000943235036700646,"Transient",4,0.771806525487556,"ME3"
"Montipora_capitata_HIv3___TS.g1546.t1",1,1,0,NA,NA,NA,NA,"ME3"
"Montipora_capitata_HIv3___RNAseq.g47277.t1",1,0,0,1.74649563684981e-09,"Monotonous",6,0.847375369526113,"ME9"
"Montipora_capitata_HIv3___TS.g1563.t1",1,0,0,NA,NA,NA,NA,"ME12"
"Montipora_capitata_HIv3___TS.g1564.t1",0,1,0,NA,NA,NA,NA,"ME11"
"Montipora_capitata_HIv3___RNAseq.g47312.t1",0,1,0,NA,NA,NA,NA,"ME29"
"Montipora_capitata_HIv3___RNAseq.35799_t",1,0,0,NA,NA,NA,NA,"ME0"
"Montipora_capitata_HIv3___RNAseq.g47325.t1",0,0,1,0.0093625434064083,"Other",6,0.872559575104113,"ME5"
"Montipora_capitata_HIv3___RNAseq.g47326.t1",0,1,0,NA,NA,NA,NA,"ME3"
"Montipora_capitata_HIv3___RNAseq.g47327.t1",1,0,0,NA,NA,NA,NA,"ME3"
"Montipora_capitata_HIv3___RNAseq.g47328.t1",1,0,0,NA,NA,NA,NA,"ME6"
"Montipora_capitata_HIv3___RNAseq.g47329.t1",1,0,0,NA,NA,NA,NA,"ME0"
"Montipora_capitata_HIv3___TS.g1602.t1",1,0,0,NA,NA,NA,NA,"ME0"
"Montipora_capitata_HIv3___RNAseq.g47334.t1",0,0,1,0.000343614245196421,"Monotonous",6,0.9217509305533,"ME10"
"Montipora_capitata_HIv3___RNAseq.g47337.t1",0,0,1,NA,NA,NA,NA,"ME4"
"Montipora_capitata_HIv3___TS.g1615.t2",0,1,0,NA,NA,NA,NA,"ME4"
"Montipora_capitata_HIv3___RNAseq.g47340.t1",0,1,0,NA,NA,NA,NA,"ME7"
"Montipora_capitata_HIv3___RNAseq.g47342.t1",0,0,1,NA,NA,NA,NA,"ME7"
"Montipora_capitata_HIv3___TS.g1623.t1",0,1,0,4.16168656842265e-10,"Monotonous",3,0.751998667016112,"ME1"
"Montipora_capitata_HIv3___TS.g1630.t1b",0,2,0,0.0450118563927367,"Other",5,0.75997100102522,"ME0"
"Montipora_capitata_HIv3___RNAseq.g47355.t1",0,0,1,NA,NA,NA,NA,"ME3"
"Montipora_capitata_HIv3___RNAseq.g47360.t1",1,0,0,NA,NA,NA,NA,"ME2"
"Montipora_capitata_HIv3___RNAseq.g47362.t1",1,0,0,NA,NA,NA,NA,"ME2"
"Montipora_capitata_HIv3___RNAseq.g47367.t1",1,0,1,NA,NA,NA,NA,"ME17"
"Montipora_capitata_HIv3___RNAseq.g47378.t1",0,0,1,NA,NA,NA,NA,"ME2"
"Montipora_capitata_HIv3___RNAseq.g47380.t1",2,0,0,NA,NA,NA,NA,"ME2"
"Montipora_capitata_HIv3___RNAseq.g47382.t1",1,0,1,NA,NA,NA,NA,"ME5"
"Montipora_capitata_HIv3___RNAseq.g47388.t1",1,1,0,NA,NA,NA,NA,"ME1"
"Montipora_capitata_HIv3___RNAseq.g47397.t1",0,0,1,NA,NA,NA,NA,"ME0"
"Montipora_capitata_HIv3___RNAseq.g47403.t1",0,0,1,NA,NA,NA,NA,"ME0"
"Montipora_capitata_HIv3___RNAseq.g47408.t1",0,1,0,9.03681856861439e-06,"Monotonous",6,0.848899198218674,"ME9"
"Montipora_capitata_HIv3___RNAseq.g47417.t1",1,0,0,NA,NA,NA,NA,"ME6"
"Montipora_capitata_HIv3___RNAseq.g47418.t1",0,0,1,NA,NA,NA,NA,"ME4"
"Montipora_capitata_HIv3___TS.g1703.t1a",0,1,0,0.0476783741597469,"Other",5,0.946785044901382,"ME3"
"Montipora_capitata_HIv3___RNAseq.g47426.t1",1,0,0,NA,NA,NA,NA,"ME9"
"Montipora_capitata_HIv3___RNAseq.g47429.t1",0,1,0,NA,NA,NA,NA,"ME15"
"Montipora_capitata_HIv3___RNAseq.g47436.t1",1,0,0,NA,NA,NA,NA,"ME0"
"Montipora_capitata_HIv3___TS.g1720.t1",1,0,0,NA,NA,NA,NA,"ME0"
"Montipora_capitata_HIv3___RNAseq.g47440.t1",0,1,0,NA,NA,NA,NA,"ME3"
"Montipora_capitata_HIv3___TS.g1723.t1",0,0,1,NA,NA,NA,NA,"ME8"
"Montipora_capitata_HIv3___RNAseq.g47447.t1",0,1,0,NA,NA,NA,NA,"ME2"
"Montipora_capitata_HIv3___RNAseq.g47456.t1",0,1,0,NA,NA,NA,NA,"ME2"
"Montipora_capitata_HIv3___RNAseq.g47457.t1",1,0,1,NA,NA,NA,NA,"ME25"
"Montipora_capitata_HIv3___RNAseq.g47458.t1",1,0,0,NA,NA,NA,NA,"ME2"
"Montipora_capitata_HIv3___RNAseq.35946_t",0,0,1,9.84979021775422e-05,"Transient",5,0.942494323569061,"ME6"
"Montipora_capitata_HIv3___RNAseq.g47466.t1",1,0,0,NA,NA,NA,NA,"ME15"
"Montipora_capitata_HIv3___RNAseq.g47467.t1",1,0,0,6.58711131303743e-15,"Monotonous",1,0.943067513806268,"ME3"
"Montipora_capitata_HIv3___RNAseq.g47468.t1",1,0,0,NA,NA,NA,NA,"ME4"
"Montipora_capitata_HIv3___TS.g1750.t1",0,1,0,NA,NA,NA,NA,"ME2"
"Montipora_capitata_HIv3___TS.g1756.t1",0,0,1,0.0344403507895149,"Transient",4,0.851028597155543,"ME7"
"Montipora_capitata_HIv3___RNAseq.g47476.t1",0,0,1,NA,NA,NA,NA,"ME0"
"Montipora_capitata_HIv3___TS.g1763.t1",1,0,0,0.0346505941345312,"Monotonous",6,0.881711106598953,"ME9"
"Montipora_capitata_HIv3___TS.g1764.t2",0,1,0,4.61393405044586e-06,"Monotonous",6,0.990571717270213,"ME9"
"Montipora_capitata_HIv3___RNAseq.g47489.t1",1,0,0,NA,NA,NA,NA,"ME3"
"Montipora_capitata_HIv3___RNAseq.g48253.t1",0,0,1,NA,NA,NA,NA,"ME0"
"Montipora_capitata_HIv3___TS.g2610.t1",2,0,0,NA,NA,NA,NA,"ME1"
"Montipora_capitata_HIv3___RNAseq.g47914.t1",1,0,0,NA,NA,NA,NA,"ME0"
"Montipora_capitata_HIv3___RNAseq.g47977.t1",0,1,0,0.0123390370756255,"Other",5,0.565577572739879,"ME4"
"Montipora_capitata_HIv3___TS.g2281.t1b",1,2,0,NA,NA,NA,NA,"ME0"
"Montipora_capitata_HIv3___TS.g2281.t1c",1,0,0,NA,NA,NA,NA,"ME0"
"Montipora_capitata_HIv3___TS.g2336.t2",0,0,1,NA,NA,NA,NA,"ME0"
"Montipora_capitata_HIv3___TS.g2473.t1",1,0,0,NA,NA,NA,NA,"ME0"
"Montipora_capitata_HIv3___RNAseq.g47913.t1",1,0,0,NA,NA,NA,NA,"ME2"
"Montipora_capitata_HIv3___RNAseq.g47916.t1b",1,0,0,NA,NA,NA,NA,"ME24"
"Montipora_capitata_HIv3___RNAseq.g47919.t1",1,0,0,0.00716599716831712,"Other",5,0.768595977416034,"ME6"
"Montipora_capitata_HIv3___RNAseq.g47924.t1",1,0,0,NA,NA,NA,NA,"ME18"
"Montipora_capitata_HIv3___RNAseq.g47925.t1",1,0,0,NA,NA,NA,NA,"ME19"
"Montipora_capitata_HIv3___RNAseq.g47927.t1",0,1,1,4.92861378905669e-08,"Monotonous",2,0.635164843800378,"ME1"
"Montipora_capitata_HIv3___RNAseq.g47932.t1",1,0,0,0.0108981776321197,"Transient",NA,NA,"ME11"
"Montipora_capitata_HIv3___RNAseq.g47945.t1b",2,0,0,NA,NA,NA,NA,"ME0"
"Montipora_capitata_HIv3___RNAseq.g47946.t1",1,0,0,NA,NA,NA,NA,"ME2"
"Montipora_capitata_HIv3___RNAseq.g47962.t1",1,0,0,NA,NA,NA,NA,"ME3"
"Montipora_capitata_HIv3___RNAseq.g47963.t1",0,3,0,0.000996666604537333,"Transient",6,0.586729093201665,"ME16"
"Montipora_capitata_HIv3___RNAseq.g47971.t1",1,3,0,0.0284293501442113,"Monotonous",NA,NA,"ME3"
"Montipora_capitata_HIv3___RNAseq.g47972.t1",0,1,0,NA,NA,NA,NA,"ME8"
"Montipora_capitata_HIv3___RNAseq.g47974.t1",0,1,0,NA,NA,NA,NA,"ME9"
"Montipora_capitata_HIv3___RNAseq.g47978.t1",1,0,0,0.0139687423067318,"Transient",3,0.708806540855937,"ME16"
"Montipora_capitata_HIv3___RNAseq.g47979.t1",1,0,0,NA,NA,NA,NA,"ME1"
"Montipora_capitata_HIv3___TS.g2278.t2",0,1,0,NA,NA,NA,NA,"ME3"
"Montipora_capitata_HIv3___TS.g2303.t2",0,0,1,NA,NA,NA,NA,"ME0"
"Montipora_capitata_HIv3___RNAseq.g48024.t1",1,0,1,NA,NA,NA,NA,"ME3"
"Montipora_capitata_HIv3___TS.g2306.t2",1,0,1,NA,NA,NA,NA,"ME2"
"Montipora_capitata_HIv3___RNAseq.g48035.t1",1,0,0,0.000591827319437265,"Monotonous",2,0.70316412151806,"ME1"
"Montipora_capitata_HIv3___TS.g2317.t2",1,0,0,NA,NA,NA,NA,"ME0"
"Montipora_capitata_HIv3___TS.g2318.t1",1,0,0,NA,NA,NA,NA,"ME0"
"Montipora_capitata_HIv3___RNAseq.g48038.t1",0,1,1,5.45186120528285e-06,"Monotonous",2,0.787636385046735,"ME1"
"Montipora_capitata_HIv3___TS.g2319.t1",1,0,0,NA,NA,NA,NA,"ME0"
"Montipora_capitata_HIv3___RNAseq.g48039.t1",0,1,0,NA,NA,NA,NA,"ME0"
"Montipora_capitata_HIv3___RNAseq.g48041.t1",0,0,1,NA,NA,NA,NA,"ME1"
"Montipora_capitata_HIv3___RNAseq.g48044.t1",1,0,0,7.38548564465892e-05,"Transient",3,0.911968762584428,"ME1"
"Montipora_capitata_HIv3___RNAseq.g48045.t1",1,0,0,NA,NA,NA,NA,"ME7"
"Montipora_capitata_HIv3___RNAseq.g48046.t1",1,0,0,NA,NA,NA,NA,"ME1"
"Montipora_capitata_HIv3___RNAseq.g48047.t1",1,0,0,NA,NA,NA,NA,"ME0"
"Montipora_capitata_HIv3___RNAseq.g48049.t1",0,1,1,NA,NA,NA,NA,"ME1"
"Montipora_capitata_HIv3___RNAseq.g48050.t1",0,1,0,0.000751442993860526,"Monotonous",2,0.929607216585366,"ME1"
"Montipora_capitata_HIv3___RNAseq.g48051.t1",1,0,0,NA,NA,NA,NA,"ME1"
"Montipora_capitata_HIv3___RNAseq.g48053.t1",1,0,0,NA,NA,NA,NA,"ME1"
"Montipora_capitata_HIv3___TS.g2339.t1",1,0,0,NA,NA,NA,NA,"ME9"
"Montipora_capitata_HIv3___RNAseq.g48059.t1",1,0,0,NA,NA,NA,NA,"ME3"
"Montipora_capitata_HIv3___RNAseq.g48070.t1",0,0,1,NA,NA,NA,NA,"ME1"
"Montipora_capitata_HIv3___RNAseq.g48072.t1",0,0,1,NA,NA,NA,NA,"ME0"
"Montipora_capitata_HIv3___RNAseq.g48080.t1",0,0,1,1.23341171820373e-08,"Transient",3,0.803542245418656,"ME1"
"Montipora_capitata_HIv3___RNAseq.g48086.t1",1,0,0,NA,NA,NA,NA,"ME14"
"Montipora_capitata_HIv3___RNAseq.g48099.t1",0,1,0,NA,NA,NA,NA,"ME23"
"Montipora_capitata_HIv3___RNAseq.g48102.t1",0,2,0,NA,NA,NA,NA,"ME23"
"Montipora_capitata_HIv3___RNAseq.g48105.t1",1,0,0,NA,NA,NA,NA,"ME3"
"Montipora_capitata_HIv3___RNAseq.g48114.t1",0,1,0,NA,NA,NA,NA,"ME0"
"Montipora_capitata_HIv3___RNAseq.g48117.t1",1,0,0,NA,NA,NA,NA,"ME1"
"Montipora_capitata_HIv3___RNAseq.g48119.t1",1,0,1,NA,NA,NA,NA,"ME6"
"Montipora_capitata_HIv3___TS.g2405.t2",1,0,0,NA,NA,NA,NA,"ME2"
"Montipora_capitata_HIv3___RNAseq.g48131.t1",1,0,0,NA,NA,NA,NA,"ME3"
"Montipora_capitata_HIv3___RNAseq.g48132.t1",1,0,1,0.00323992532428787,"Monotonous",4,0.588797977485969,"ME7"
"Montipora_capitata_HIv3___TS.g2416.t1",0,0,1,2.13282384848577e-07,"Monotonous",NA,NA,"ME8"
"Montipora_capitata_HIv3___TS.g2418.t1",1,0,0,NA,NA,NA,NA,"ME9"
"Montipora_capitata_HIv3___TS.g2420.t2",0,1,0,NA,NA,NA,NA,"ME0"
"Montipora_capitata_HIv3___TS.g2429.t1",1,0,0,NA,NA,NA,NA,"ME2"
"Montipora_capitata_HIv3___RNAseq.g48154.t1",2,0,0,NA,NA,NA,NA,"ME2"
"Montipora_capitata_HIv3___TS.g2448.t1",1,0,0,NA,NA,NA,NA,"ME14"
"Montipora_capitata_HIv3___RNAseq.g48163.t2",1,0,0,NA,NA,NA,NA,"ME8"
"Montipora_capitata_HIv3___RNAseq.g48177.t1",1,1,1,NA,NA,NA,NA,"ME3"
"Montipora_capitata_HIv3___RNAseq.g48180.t1",0,0,1,NA,NA,NA,NA,"ME7"
"Montipora_capitata_HIv3___TS.g2482.t1",1,0,0,NA,NA,NA,NA,"ME3"
"Montipora_capitata_HIv3___RNAseq.g48195.t1b",0,1,0,NA,NA,NA,NA,"ME0"
"Montipora_capitata_HIv3___RNAseq.g48196.t1",1,0,0,0.0132585469969722,"Monotonous",1,0.877784593989501,"ME10"
"Montipora_capitata_HIv3___RNAseq.g48197.t1",0,0,1,NA,NA,NA,NA,"ME1"
"Montipora_capitata_HIv3___RNAseq.g48214.t1",0,0,1,NA,NA,NA,NA,"ME0"
"Montipora_capitata_HIv3___TS.g2499.t1",1,1,0,NA,NA,NA,NA,"ME3"
"Montipora_capitata_HIv3___TS.g2519.t1",1,0,0,NA,NA,NA,NA,"ME5"
"Montipora_capitata_HIv3___RNAseq.g48237.t1",0,1,0,NA,NA,NA,NA,"ME0"
"Montipora_capitata_HIv3___RNAseq.g48241.t1",0,1,0,NA,NA,NA,NA,"ME2"
"Montipora_capitata_HIv3___RNAseq.g48245.t1",1,1,0,NA,NA,NA,NA,"ME0"
"Montipora_capitata_HIv3___TS.g2582.t1",0,1,0,NA,NA,NA,NA,"ME4"
"Montipora_capitata_HIv3___RNAseq.g48262.t1",0,0,2,5.09560551991855e-07,"Monotonous",6,0.836316962864899,"ME3"
"Montipora_capitata_HIv3___TS.g2547.t1",1,1,0,NA,NA,NA,NA,"ME4"
"Montipora_capitata_HIv3___RNAseq.g48264.t1",0,1,2,NA,NA,NA,NA,"ME12"
"Montipora_capitata_HIv3___RNAseq.g48265.t1",0,1,1,NA,NA,NA,NA,"ME5"
"Montipora_capitata_HIv3___RNAseq.g48267.t1",1,0,0,NA,NA,NA,NA,"ME0"
"Montipora_capitata_HIv3___TS.g2560.t1",0,1,0,0.0279977075400785,"Monotonous",1,0.864334591677548,"ME10"
"Montipora_capitata_HIv3___RNAseq.g48276.t1",0,1,0,NA,NA,NA,NA,"ME18"
"Montipora_capitata_HIv3___RNAseq.g48277.t1",1,0,0,0.00274468700486132,"Other",5,0.935115768531792,"ME6"
"Montipora_capitata_HIv3___RNAseq.g48280.t1",1,0,0,NA,NA,NA,NA,"ME23"
"Montipora_capitata_HIv3___RNAseq.g48282.t1",2,0,0,NA,NA,NA,NA,"ME4"
"Montipora_capitata_HIv3___RNAseq.g48283.t1",0,0,2,NA,NA,NA,NA,"ME0"
"Montipora_capitata_HIv3___TS.g2570.t1a",1,0,1,NA,NA,NA,NA,"ME10"
"Montipora_capitata_HIv3___TS.g2576.t2",1,0,1,NA,NA,NA,NA,"ME3"
"Montipora_capitata_HIv3___RNAseq.g48288.t1",1,0,0,NA,NA,NA,NA,"ME0"
"Montipora_capitata_HIv3___RNAseq.g48289.t1",1,0,0,NA,NA,NA,NA,"ME6"
"Montipora_capitata_HIv3___RNAseq.g48290.t1",1,0,0,NA,NA,NA,NA,"ME3"
"Montipora_capitata_HIv3___RNAseq.g48295.t1",0,1,0,NA,NA,NA,NA,"ME1"
"Montipora_capitata_HIv3___TS.g2675.t1b",0,0,1,NA,NA,NA,NA,"ME11"
"Montipora_capitata_HIv3___RNAseq.g48357.t1a",1,0,0,NA,NA,NA,NA,"ME2"
"Montipora_capitata_HIv3___RNAseq.g48412.t1",1,0,0,NA,NA,NA,NA,"ME6"
"Montipora_capitata_HIv3___RNAseq.g48432.t1",0,0,2,NA,NA,NA,NA,"ME0"
"Montipora_capitata_HIv3___TS.g2721.t2",0,0,1,NA,NA,NA,NA,"ME0"
"Montipora_capitata_HIv3___RNAseq.g48456.t1",0,1,0,NA,NA,NA,NA,"ME27"
"Montipora_capitata_HIv3___TS.g2744.t1",1,0,0,NA,NA,NA,NA,"ME22"
"Montipora_capitata_HIv3___TS.g2748.t1",0,0,1,NA,NA,NA,NA,"ME4"
"Montipora_capitata_HIv3___RNAseq.g48574.t2",1,0,0,NA,NA,NA,NA,"ME0"
"Montipora_capitata_HIv3___TS.g2894.t1b",2,0,0,NA,NA,NA,NA,"ME3"
"Montipora_capitata_HIv3___RNAseq.g48605.t1",1,0,0,NA,NA,NA,NA,"ME0"
"Montipora_capitata_HIv3___RNAseq.g48606.t1",0,0,1,NA,NA,NA,NA,"ME30"
"Montipora_capitata_HIv3___TS.g2790.t1",0,0,1,NA,NA,NA,NA,"ME0"
"Montipora_capitata_HIv3___RNAseq.g48532.t1",0,1,0,NA,NA,NA,NA,"ME0"
"Montipora_capitata_HIv3___RNAseq.g48478.t1",0,1,0,0.0391848842220528,"Transient",5,0.933765893487601,"ME17"
"Montipora_capitata_HIv3___RNAseq.g48479.t1",0,1,0,0.000377720984154434,"Transient",1,0.572242783398739,"ME29"
"Montipora_capitata_HIv3___RNAseq.36991_t",0,0,1,0.0379372399813762,"Transient",2,0.58082044875646,"ME0"
"Montipora_capitata_HIv3___RNAseq.g48483.t1",1,1,0,NA,NA,NA,NA,"ME16"
"Montipora_capitata_HIv3___TS.g2770.t1",1,0,0,NA,NA,NA,NA,"ME20"
"Montipora_capitata_HIv3___RNAseq.g48486.t1",0,2,0,0.0360185803185145,"Monotonous",2,0.921414254508145,"ME18"
"Montipora_capitata_HIv3___TS.g2781.t1",1,0,0,NA,NA,NA,NA,"ME12"
"Montipora_capitata_HIv3___TS.g2782.t3",1,0,0,2.30417424136235e-06,"Transient",2,0.779607408721499,"ME1"
"Montipora_capitata_HIv3___TS.g2788.t2",1,0,0,NA,NA,NA,NA,"ME6"
"Montipora_capitata_HIv3___TS.g2794.t1",0,1,0,NA,NA,NA,NA,"ME4"
"Montipora_capitata_HIv3___TS.g2799.t1b",0,0,1,NA,NA,NA,NA,"ME0"
"Montipora_capitata_HIv3___RNAseq.g48510.t1",0,1,0,NA,NA,NA,NA,"ME4"
"Montipora_capitata_HIv3___RNAseq.g48539.t1c",0,1,0,NA,NA,NA,NA,"ME2"
"Montipora_capitata_HIv3___RNAseq.g48539.t1b",0,0,1,NA,NA,NA,NA,"ME2"
"Montipora_capitata_HIv3___TS.g2832.t1",1,0,0,NA,NA,NA,NA,"ME2"
"Montipora_capitata_HIv3___RNAseq.g48633.t1",1,0,0,NA,NA,NA,NA,"ME0"
"Montipora_capitata_HIv3___RNAseq.g48639.t1",0,1,1,NA,NA,NA,NA,"ME3"
"Montipora_capitata_HIv3___RNAseq.g48644.t1",1,0,0,2.71311921975263e-07,"Monotonous",NA,NA,"ME18"
"Montipora_capitata_HIv3___RNAseq.g48660.t1",1,0,0,NA,NA,NA,NA,"ME19"
"Montipora_capitata_HIv3___RNAseq.g48661.t1",1,0,0,NA,NA,NA,NA,"ME0"
"Montipora_capitata_HIv3___RNAseq.g48664.t1b",0,0,1,NA,NA,NA,NA,"ME1"
"Montipora_capitata_HIv3___RNAseq.g48668.t1",0,1,0,0.0002291812696117,"Monotonous",2,0.733612285424976,"ME1"
"Montipora_capitata_HIv3___RNAseq.g48675.t1",1,0,0,NA,NA,NA,NA,"ME4"
"Montipora_capitata_HIv3___RNAseq.37201_t",0,1,0,6.476081613386e-06,"Transient",5,0.709975704113271,"ME6"
"Montipora_capitata_HIv3___RNAseq.g48682.t1",1,0,0,NA,NA,NA,NA,"ME23"
"Montipora_capitata_HIv3___RNAseq.g48852.t1a",1,0,0,NA,NA,NA,NA,"ME1"
"Montipora_capitata_HIv3___RNAseq.g48854.t1",0,1,0,NA,NA,NA,NA,"ME7"
"Montipora_capitata_HIv3___RNAseq.g48844.t1",1,0,0,NA,NA,NA,NA,"ME4"
"Montipora_capitata_HIv3___RNAseq.g48687.t1",0,0,1,0.00390660664285476,"Transient",4,0.956780618700433,"ME7"
"Montipora_capitata_HIv3___RNAseq.g48694.t2",0,0,1,NA,NA,NA,NA,"ME4"
"Montipora_capitata_HIv3___RNAseq.g48703.t1",0,1,0,NA,NA,NA,NA,"ME6"
"Montipora_capitata_HIv3___RNAseq.g48704.t1",0,1,0,NA,NA,NA,NA,"ME8"
"Montipora_capitata_HIv3___TS.g3000.t2",1,0,0,NA,NA,NA,NA,"ME6"
"Montipora_capitata_HIv3___RNAseq.g48707.t1",0,1,0,NA,NA,NA,NA,"ME7"
"Montipora_capitata_HIv3___TS.g3001.t1",1,0,0,NA,NA,NA,NA,"ME6"
"Montipora_capitata_HIv3___RNAseq.g48710.t1",1,0,0,NA,NA,NA,NA,"ME1"
"Montipora_capitata_HIv3___TS.g3011.t1",1,0,0,NA,NA,NA,NA,"ME0"
"Montipora_capitata_HIv3___TS.g3017.t1",1,1,0,NA,NA,NA,NA,"ME0"
"Montipora_capitata_HIv3___RNAseq.g48726.t1",0,0,1,NA,NA,NA,NA,"ME0"
"Montipora_capitata_HIv3___TS.g3040.t2",0,2,0,3.37835426121748e-15,"Transient",5,0.954579096524211,"ME3"
"Montipora_capitata_HIv3___RNAseq.g48754.t1",1,0,0,0.000310099345185061,"Transient",5,0.809994781951218,"ME3"
"Montipora_capitata_HIv3___RNAseq.g48760.t1",0,1,2,NA,NA,NA,NA,"ME8"
"Montipora_capitata_HIv3___RNAseq.g48763.t1",1,0,0,NA,NA,NA,NA,"ME1"
"Montipora_capitata_HIv3___RNAseq.g48769.t1",1,0,0,NA,NA,NA,NA,"ME1"
"Montipora_capitata_HIv3___TS.g3082.t1",0,1,0,NA,NA,NA,NA,"ME0"
"Montipora_capitata_HIv3___TS.g3086.t1",1,1,1,NA,NA,NA,NA,"ME0"
"Montipora_capitata_HIv3___RNAseq.g48805.t1",1,0,0,NA,NA,NA,NA,"ME9"
"Montipora_capitata_HIv3___RNAseq.g48815.t1",0,2,0,NA,NA,NA,NA,"ME0"
"Montipora_capitata_HIv3___RNAseq.g48828.t1",1,1,0,0.0430164344988103,"Other",6,0.83318768209174,"ME5"
"Montipora_capitata_HIv3___TS.g3136.t1c",0,0,1,1.39356800402791e-21,"Transient",2,0.829600199420431,"ME1"
"Montipora_capitata_HIv3___TS.g3138.t1",0,1,0,5.98687859147908e-06,"Monotonous",2,0.824027839627762,"ME1"
"Montipora_capitata_HIv3___TS.g3284.t1",1,0,0,NA,NA,NA,NA,"ME22"
"Montipora_capitata_HIv3___TS.g3285.t1",1,0,0,NA,NA,NA,NA,"ME22"
"Montipora_capitata_HIv3___RNAseq.g48860.t1",2,0,0,1.22773536861189e-06,"Monotonous",6,0.748792935232148,"ME10"
"Montipora_capitata_HIv3___RNAseq.g48863.t1",0,0,1,0.0332199439040901,"Transient",5,0.899137308593606,"ME3"
"Montipora_capitata_HIv3___RNAseq.g48866.t1",0,1,0,1.92640722831153e-07,"Monotonous",6,0.610707287683919,"ME10"
"Montipora_capitata_HIv3___RNAseq.g48901.t1",1,0,0,NA,NA,NA,NA,"ME2"
"Montipora_capitata_HIv3___RNAseq.g48943.t1",0,0,1,NA,NA,NA,NA,"ME22"
"Montipora_capitata_HIv3___RNAseq.g49003.t1",0,2,0,NA,NA,NA,NA,"ME23"
"Montipora_capitata_HIv3___RNAseq.g49013.t1",0,1,0,NA,NA,NA,NA,"ME1"
"Montipora_capitata_HIv3___RNAseq.g49019.t1",1,0,0,NA,NA,NA,NA,"ME3"
"Montipora_capitata_HIv3___TS.g3335.t1",1,0,0,NA,NA,NA,NA,"ME6"
"Montipora_capitata_HIv3___RNAseq.g49023.t1",0,0,1,NA,NA,NA,NA,"ME4"
"Montipora_capitata_HIv3___RNAseq.g49024.t1",0,1,0,0.00755851632394058,"Other",1,0.681126697885858,"ME10"
"Montipora_capitata_HIv3___RNAseq.g49034.t1",0,1,0,0.00496226657281175,"Monotonous",2,0.809525619051313,"ME1"
"Montipora_capitata_HIv3___RNAseq.g49036.t1",1,0,0,NA,NA,NA,NA,"ME1"
"Montipora_capitata_HIv3___RNAseq.g49050.t1",0,0,1,NA,NA,NA,NA,"ME1"
"Montipora_capitata_HIv3___TS.g3371.t1",1,0,0,NA,NA,NA,NA,"ME2"
"Montipora_capitata_HIv3___RNAseq.g49075.t1",1,0,0,NA,NA,NA,NA,"ME6"
"Montipora_capitata_HIv3___RNAseq.g49077.t1",1,1,0,NA,NA,NA,NA,"ME1"
"Montipora_capitata_HIv3___RNAseq.g49078.t1",0,0,1,NA,NA,NA,NA,"ME2"
"Montipora_capitata_HIv3___TS.g4737.t1a",2,0,0,NA,NA,NA,NA,"ME4"
"Montipora_capitata_HIv3___TS.g3489.t1",1,0,0,NA,NA,NA,NA,"ME4"
"Montipora_capitata_HIv3___RNAseq.g49197.t1",2,0,0,NA,NA,NA,NA,"ME0"
"Montipora_capitata_HIv3___TS.g3561.t1",1,1,0,NA,NA,NA,NA,"ME0"
"Montipora_capitata_HIv3___TS.g3629.t1",1,0,0,NA,NA,NA,NA,"ME1"
"Montipora_capitata_HIv3___RNAseq.g49376.t1",1,0,0,NA,NA,NA,NA,"ME0"
"Montipora_capitata_HIv3___RNAseq.g49445.t1",0,1,0,NA,NA,NA,NA,"ME4"
"Montipora_capitata_HIv3___RNAseq.g49510.t1",1,0,0,NA,NA,NA,NA,"ME0"
"Montipora_capitata_HIv3___TS.g3863.t1",0,1,0,NA,NA,NA,NA,"ME0"
"Montipora_capitata_HIv3___RNAseq.g49607.t1",1,1,0,NA,NA,NA,NA,"ME0"
"Montipora_capitata_HIv3___RNAseq.g49646.t1",1,0,0,NA,NA,NA,NA,"ME4"
"Montipora_capitata_HIv3___RNAseq.g49647.t1",1,1,0,NA,NA,NA,NA,"ME4"
"Montipora_capitata_HIv3___TS.g4177.t1",0,1,0,NA,NA,NA,NA,"ME2"
"Montipora_capitata_HIv3___RNAseq.g49998.t1a",1,0,0,NA,NA,NA,NA,"ME1"
"Montipora_capitata_HIv3___RNAseq.g50013.t1",0,0,1,NA,NA,NA,NA,"ME0"
"Montipora_capitata_HIv3___TS.g4456.t1",0,0,1,NA,NA,NA,NA,"ME4"
"Montipora_capitata_HIv3___TS.g4498.t1",0,1,0,NA,NA,NA,NA,"ME0"
"Montipora_capitata_HIv3___TS.g4657.t1",1,1,0,NA,NA,NA,NA,"ME4"
"Montipora_capitata_HIv3___RNAseq.g50279.t1",1,0,0,NA,NA,NA,NA,"ME4"
"Montipora_capitata_HIv3___RNAseq.g49156.t1",1,3,0,NA,NA,NA,NA,"ME2"
"Montipora_capitata_HIv3___RNAseq.g49213.t1",1,0,0,NA,NA,NA,NA,"ME0"
"Montipora_capitata_HIv3___RNAseq.g49215.t2",1,0,0,NA,NA,NA,NA,"ME21"
"Montipora_capitata_HIv3___RNAseq.g49217.t1",1,0,0,0.0293179868225808,"Monotonous",6,0.787831557525667,"ME9"
"Montipora_capitata_HIv3___RNAseq.g49218.t1",0,1,0,NA,NA,NA,NA,"ME7"
"Montipora_capitata_HIv3___RNAseq.g49219.t1",1,0,0,NA,NA,NA,NA,"ME8"
"Montipora_capitata_HIv3___RNAseq.g49266.t1",0,0,1,0.00417361756511534,"Monotonous",6,0.729267002101011,"ME3"
"Montipora_capitata_HIv3___RNAseq.g49269.t1",1,0,0,NA,NA,NA,NA,"ME3"
"Montipora_capitata_HIv3___TS.g3616.t2",0,1,0,6.67357675851669e-14,"Transient",5,0.639080996740573,"ME3"
"Montipora_capitata_HIv3___RNAseq.g49291.t1",1,0,0,NA,NA,NA,NA,"ME7"
"Montipora_capitata_HIv3___TS.g3619.t1",1,0,1,0.00240380380416773,"Monotonous",1,0.736907145430198,"ME10"
"Montipora_capitata_HIv3___RNAseq.g49295.t1",0,1,0,NA,NA,NA,NA,"ME1"
"Montipora_capitata_HIv3___RNAseq.g49315.t1",1,0,0,0.00846596497230274,"Monotonous",1,0.780448319796969,"ME3"
"Montipora_capitata_HIv3___RNAseq.g49316.t1",2,0,0,8.6697384627279e-05,"Monotonous",1,0.878392265294947,"ME3"
"Montipora_capitata_HIv3___RNAseq.g49317.t1",1,0,0,9.62453429771899e-07,"Transient",1,0.801908206342424,"ME3"
"Montipora_capitata_HIv3___RNAseq.g49318.t1",1,0,0,0.00684399648027996,"Transient",1,0.666206161119718,"ME10"
"Montipora_capitata_HIv3___RNAseq.g49319.t1",0,0,1,NA,NA,NA,NA,"ME6"
"Montipora_capitata_HIv3___TS.g3647.t1",0,1,0,NA,NA,NA,NA,"ME2"
"Montipora_capitata_HIv3___RNAseq.g49324.t1",1,0,0,4.55916702291753e-08,"Monotonous",1,0.896348925755596,"ME10"
"Montipora_capitata_HIv3___RNAseq.g49325.t1",0,0,1,NA,NA,NA,NA,"ME5"
"Montipora_capitata_HIv3___RNAseq.g49328.t1",1,0,0,4.33013159938205e-06,"Monotonous",6,0.747920348104298,"ME9"
"Montipora_capitata_HIv3___RNAseq.g49347.t1",1,0,0,NA,NA,NA,NA,"ME8"
"Montipora_capitata_HIv3___TS.g3684.t1",1,0,0,NA,NA,NA,NA,"ME0"
"Montipora_capitata_HIv3___RNAseq.g49357.t1",0,0,1,NA,NA,NA,NA,"ME1"
"Montipora_capitata_HIv3___RNAseq.g49380.t1",0,0,1,NA,NA,NA,NA,"ME2"
"Montipora_capitata_HIv3___RNAseq.g49382.t1",1,0,0,NA,NA,NA,NA,"ME11"
"Montipora_capitata_HIv3___RNAseq.g49390.t1",0,1,0,NA,NA,NA,NA,"ME0"
"Montipora_capitata_HIv3___RNAseq.g49391.t1",1,1,0,NA,NA,NA,NA,"ME5"
"Montipora_capitata_HIv3___RNAseq.g49399.t1",1,0,0,9.17776946700188e-05,"Other",3,0.628881767928223,"ME15"
"Montipora_capitata_HIv3___TS.g3726.t1",0,1,0,NA,NA,NA,NA,"ME0"
"Montipora_capitata_HIv3___RNAseq.g49404.t2",0,1,0,NA,NA,NA,NA,"ME8"
"Montipora_capitata_HIv3___TS.g3734.t1",0,1,0,NA,NA,NA,NA,"ME2"
"Montipora_capitata_HIv3___RNAseq.g49429.t1",1,1,0,NA,NA,NA,NA,"ME0"
"Montipora_capitata_HIv3___RNAseq.g49430.t1",1,0,0,NA,NA,NA,NA,"ME2"
"Montipora_capitata_HIv3___RNAseq.g49443.t1",1,0,0,NA,NA,NA,NA,"ME26"
"Montipora_capitata_HIv3___RNAseq.g49470.t1",0,1,0,NA,NA,NA,NA,"ME2"
"Montipora_capitata_HIv3___RNAseq.g49475.t1",0,2,0,NA,NA,NA,NA,"ME0"
"Montipora_capitata_HIv3___RNAseq.g49476.t1",0,2,0,0.000373591339251278,"Monotonous",6,0.752919739515127,"ME3"
"Montipora_capitata_HIv3___RNAseq.g49487.t1",1,0,0,NA,NA,NA,NA,"ME3"
"Montipora_capitata_HIv3___RNAseq.g49488.t1",1,0,0,NA,NA,NA,NA,"ME2"
"Montipora_capitata_HIv3___RNAseq.38113_t",1,0,0,NA,NA,NA,NA,"ME3"
"Montipora_capitata_HIv3___RNAseq.g49490.t1",1,0,0,NA,NA,NA,NA,"ME2"
"Montipora_capitata_HIv3___RNAseq.g49491.t1",0,1,0,NA,NA,NA,NA,"ME2"
"Montipora_capitata_HIv3___RNAseq.g49492.t1",0,0,1,NA,NA,NA,NA,"ME2"
"Montipora_capitata_HIv3___RNAseq.g49498.t1",1,0,0,NA,NA,NA,NA,"ME5"
"Montipora_capitata_HIv3___TS.g3836.t1",1,0,0,NA,NA,NA,NA,"ME22"
"Montipora_capitata_HIv3___RNAseq.g49502.t1",1,0,0,NA,NA,NA,NA,"ME24"
"Montipora_capitata_HIv3___RNAseq.g49512.t1",0,1,0,NA,NA,NA,NA,"ME4"
"Montipora_capitata_HIv3___RNAseq.g49514.t1",1,1,0,NA,NA,NA,NA,"ME0"
"Montipora_capitata_HIv3___TS.g3864.t1",1,0,0,0.0219672340601652,"Transient",5,0.617611401347514,"ME4"
"Montipora_capitata_HIv3___RNAseq.g49533.t1",0,1,0,NA,NA,NA,NA,"ME21"
"Montipora_capitata_HIv3___RNAseq.g49545.t1",1,0,0,NA,NA,NA,NA,"ME0"
"Montipora_capitata_HIv3___TS.g3893.t1",0,1,0,NA,NA,NA,NA,"ME12"
"Montipora_capitata_HIv3___RNAseq.g49550.t1",0,1,0,NA,NA,NA,NA,"ME10"
"Montipora_capitata_HIv3___TS.g3900.t1",0,2,0,NA,NA,NA,NA,"ME0"
"Montipora_capitata_HIv3___RNAseq.g49553.t1",0,0,1,NA,NA,NA,NA,"ME19"
"Montipora_capitata_HIv3___RNAseq.g49554.t1",0,1,0,NA,NA,NA,NA,"ME3"
"Montipora_capitata_HIv3___RNAseq.g49567.t1",1,0,0,NA,NA,NA,NA,"ME0"
"Montipora_capitata_HIv3___RNAseq.g49583.t1",0,1,0,NA,NA,NA,NA,"ME1"
"Montipora_capitata_HIv3___RNAseq.g49596.t4",0,1,0,NA,NA,NA,NA,"ME0"
"Montipora_capitata_HIv3___RNAseq.g49616.t1",1,0,0,NA,NA,NA,NA,"ME2"
"Montipora_capitata_HIv3___RNAseq.g49632.t1",1,0,0,NA,NA,NA,NA,"ME2"
"Montipora_capitata_HIv3___TS.g4010.t1",0,0,1,NA,NA,NA,NA,"ME10"
"Montipora_capitata_HIv3___RNAseq.g49652.t1",0,0,1,0.00021312377097073,"Transient",5,0.66537825412859,"ME3"
"Montipora_capitata_HIv3___RNAseq.g49654.t1",1,0,0,1.76832144373585e-08,"Monotonous",2,0.798536914115958,"ME1"
"Montipora_capitata_HIv3___RNAseq.g49657.t1",1,0,0,NA,NA,NA,NA,"ME1"
"Montipora_capitata_HIv3___RNAseq.g49661.t1",1,0,0,NA,NA,NA,NA,"ME5"
"Montipora_capitata_HIv3___RNAseq.g49662.t1",1,1,0,2.15095072489801e-08,"Monotonous",6,0.866443614635026,"ME9"
"Montipora_capitata_HIv3___RNAseq.g49663.t1",1,0,1,0.00774961562293423,"Other",6,0.743173160618768,"ME8"
"Montipora_capitata_HIv3___RNAseq.g49671.t1",0,0,1,0.0201696483947893,"Transient",5,0.882847641390257,"ME29"
"Montipora_capitata_HIv3___RNAseq.g49673.t1",0,0,1,NA,NA,NA,NA,"ME16"
"Montipora_capitata_HIv3___RNAseq.g49678.t1",1,0,0,NA,NA,NA,NA,"ME0"
"Montipora_capitata_HIv3___RNAseq.g49683.t1",1,0,1,NA,NA,NA,NA,"ME1"
"Montipora_capitata_HIv3___TS.g4057.t1",0,0,1,NA,NA,NA,NA,"ME4"
"Montipora_capitata_HIv3___RNAseq.g49695.t1",1,0,0,NA,NA,NA,NA,"ME8"
"Montipora_capitata_HIv3___TS.g4059.t2",0,0,1,NA,NA,NA,NA,"ME19"
"Montipora_capitata_HIv3___RNAseq.g49697.t1b",0,0,1,0.0417275109131248,"Other",5,0.676106426638457,"ME10"
"Montipora_capitata_HIv3___RNAseq.g49702.t1",0,0,1,NA,NA,NA,NA,"ME0"
"Montipora_capitata_HIv3___RNAseq.g49706.t1",0,1,0,NA,NA,NA,NA,"ME7"
"Montipora_capitata_HIv3___RNAseq.g49709.t1",0,1,0,0.0190786887700651,"Other",3,0.596615164894622,"ME1"
"Montipora_capitata_HIv3___RNAseq.g49710.t1",1,0,0,NA,NA,NA,NA,"ME13"
"Montipora_capitata_HIv3___RNAseq.g49711.t1",0,1,0,6.73128219131713e-09,"Monotonous",3,0.93339869887228,"ME1"
"Montipora_capitata_HIv3___RNAseq.38369_t",1,0,0,3.93456740337007e-12,"Transient",3,0.92549869357665,"ME1"
"Montipora_capitata_HIv3___RNAseq.g49714.t1",1,0,0,0.000139343517737256,"Transient",3,0.911138721626552,"ME2"
"Montipora_capitata_HIv3___RNAseq.g49717.t1",0,1,1,0.00364761118543867,"Transient",3,0.792572446431003,"ME30"
"Montipora_capitata_HIv3___TS.g4086.t1",1,1,0,NA,NA,NA,NA,"ME1"
"Montipora_capitata_HIv3___RNAseq.g49728.t1",1,0,0,0.032400924221633,"Other",2,0.666482180285638,"ME1"
"Montipora_capitata_HIv3___RNAseq.g49731.t1",0,1,0,0.000209160783824103,"Monotonous",3,0.95750824484384,"ME1"
"Montipora_capitata_HIv3___RNAseq.g49732.t1",0,1,0,2.86519531554014e-05,"Transient",3,0.806940913721777,"ME1"
"Montipora_capitata_HIv3___RNAseq.g49741.t1",0,0,1,NA,NA,NA,NA,"ME1"
"Montipora_capitata_HIv3___RNAseq.g49745.t1",1,0,0,NA,NA,NA,NA,"ME0"
"Montipora_capitata_HIv3___RNAseq.g49753.t1",1,0,1,NA,NA,NA,NA,"ME2"
"Montipora_capitata_HIv3___RNAseq.g49760.t1",0,1,0,0.00220889230713629,"Transient",4,0.814835026141593,"ME6"
"Montipora_capitata_HIv3___RNAseq.g49763.t1",0,1,0,NA,NA,NA,NA,"ME26"
"Montipora_capitata_HIv3___RNAseq.g49766.t1",1,0,0,NA,NA,NA,NA,"ME5"
"Montipora_capitata_HIv3___RNAseq.g49772.t1",0,0,1,0.0469391883891779,"Other",1,0.568148402170907,"ME9"
"Montipora_capitata_HIv3___RNAseq.g49779.t2",0,1,0,NA,NA,NA,NA,"ME18"
"Montipora_capitata_HIv3___RNAseq.g49788.t1",1,0,0,NA,NA,NA,NA,"ME18"
"Montipora_capitata_HIv3___RNAseq.g49789.t1a",1,0,0,NA,NA,NA,NA,"ME4"
"Montipora_capitata_HIv3___RNAseq.g49791.t1a",1,0,0,NA,NA,NA,NA,"ME6"
"Montipora_capitata_HIv3___RNAseq.g49793.t1",0,2,0,NA,NA,NA,NA,"ME0"
"Montipora_capitata_HIv3___RNAseq.g49812.t1",1,0,0,NA,NA,NA,NA,"ME10"
"Montipora_capitata_HIv3___TS.g4184.t1",0,1,0,NA,NA,NA,NA,"ME1"
"Montipora_capitata_HIv3___RNAseq.g49818.t1",1,0,0,NA,NA,NA,NA,"ME6"
"Montipora_capitata_HIv3___RNAseq.g49822.t1",1,0,0,NA,NA,NA,NA,"ME5"
"Montipora_capitata_HIv3___TS.g4199.t3",1,0,0,0.0139420363788117,"Monotonous",6,0.876624180139963,"ME8"
"Montipora_capitata_HIv3___RNAseq.g49839.t1",1,0,0,0.00629473479802737,"Other",1,0.791460308693722,"ME8"
"Montipora_capitata_HIv3___RNAseq.g49842.t1",1,0,0,7.70230986219403e-05,"Monotonous",1,0.849590510267188,"ME3"
"Montipora_capitata_HIv3___TS.g4228.t2",1,0,0,0.0303084038512849,"Other",1,0.748523620750201,"ME10"
"Montipora_capitata_HIv3___RNAseq.g49857.t1",1,0,0,0.0021454265974035,"Transient",NA,NA,"ME3"
"Montipora_capitata_HIv3___TS.g4230.t2",0,1,0,0.00570011652842609,"Other",3,0.502120165584201,"ME1"
"Montipora_capitata_HIv3___RNAseq.g49869.t1",0,1,0,8.56002071882702e-05,"Transient",6,0.668846268710179,"ME25"
"Montipora_capitata_HIv3___TS.g4242.t1b",1,0,0,NA,NA,NA,NA,"ME1"
"Montipora_capitata_HIv3___RNAseq.g49875.t1",1,0,0,0.0352344368051835,"Other",6,0.867075822871768,"ME5"
"Montipora_capitata_HIv3___RNAseq.g49877.t1",0,0,1,0.00103234987950975,"Monotonous",2,0.911192959411166,"ME20"
"Montipora_capitata_HIv3___RNAseq.g49887.t1",1,0,0,NA,NA,NA,NA,"ME20"
"Montipora_capitata_HIv3___RNAseq.g49888.t1",0,0,1,0.0018300484646042,"Transient",NA,NA,"ME0"
"Montipora_capitata_HIv3___RNAseq.g49889.t1",1,0,0,3.48095805316917e-05,"Monotonous",1,0.669142028422196,"ME3"
"Montipora_capitata_HIv3___RNAseq.g49893.t1",1,1,0,NA,NA,NA,NA,"ME3"
"Montipora_capitata_HIv3___RNAseq.g49895.t2",0,1,0,NA,NA,NA,NA,"ME10"
"Montipora_capitata_HIv3___RNAseq.g49904.t1",0,0,2,0.00203546422405577,"Monotonous",1,0.500780621741678,"ME8"
"Montipora_capitata_HIv3___RNAseq.g49911.t1",0,1,0,0.0412440909907889,"Other",5,0.594220283349369,"ME17"
"Montipora_capitata_HIv3___RNAseq.g49913.t1",2,0,0,NA,NA,NA,NA,"ME0"
"Montipora_capitata_HIv3___RNAseq.g49914.t1",0,0,1,0.0262350127827632,"Other",6,0.870608752118117,"ME3"
"Montipora_capitata_HIv3___RNAseq.g49931.t1",1,0,0,NA,NA,NA,NA,"ME1"
"Montipora_capitata_HIv3___RNAseq.g49932.t1",0,0,1,NA,NA,NA,NA,"ME2"
"Montipora_capitata_HIv3___RNAseq.g49933.t1",0,2,0,NA,NA,NA,NA,"ME5"
"Montipora_capitata_HIv3___RNAseq.g49946.t1",0,0,1,NA,NA,NA,NA,"ME6"
"Montipora_capitata_HIv3___RNAseq.g49947.t1",1,0,1,NA,NA,NA,NA,"ME1"
"Montipora_capitata_HIv3___RNAseq.g49949.t1",1,0,0,NA,NA,NA,NA,"ME2"
"Montipora_capitata_HIv3___RNAseq.g49950.t1",1,0,0,NA,NA,NA,NA,"ME0"
"Montipora_capitata_HIv3___RNAseq.g49951.t1",0,0,1,NA,NA,NA,NA,"ME1"
"Montipora_capitata_HIv3___TS.g4316.t1",0,2,0,0.000217709921154516,"Other",4,0.75527437541362,"ME2"
"Montipora_capitata_HIv3___RNAseq.g49955.t1",0,2,0,0.0435613972129303,"Transient",6,0.759771747335882,"ME9"
"Montipora_capitata_HIv3___RNAseq.g49957.t1",1,0,0,NA,NA,NA,NA,"ME4"
"Montipora_capitata_HIv3___RNAseq.g49958.t1",1,0,0,NA,NA,NA,NA,"ME0"
"Montipora_capitata_HIv3___RNAseq.g49961.t1",0,0,1,NA,NA,NA,NA,"ME2"
"Montipora_capitata_HIv3___RNAseq.g49962.t1",1,0,0,NA,NA,NA,NA,"ME0"
"Montipora_capitata_HIv3___RNAseq.g49963.t1",0,0,1,NA,NA,NA,NA,"ME1"
"Montipora_capitata_HIv3___RNAseq.g49964.t1",1,0,0,NA,NA,NA,NA,"ME0"
"Montipora_capitata_HIv3___RNAseq.g49968.t1",0,0,1,NA,NA,NA,NA,"ME9"
"Montipora_capitata_HIv3___RNAseq.g49971.t1",1,0,0,NA,NA,NA,NA,"ME8"
"Montipora_capitata_HIv3___TS.g4338.t1",1,0,0,NA,NA,NA,NA,"ME3"
"Montipora_capitata_HIv3___TS.g4341.t1",1,0,0,NA,NA,NA,NA,"ME8"
"Montipora_capitata_HIv3___RNAseq.g49985.t1",1,0,0,NA,NA,NA,NA,"ME3"
"Montipora_capitata_HIv3___RNAseq.g49986.t1",1,0,0,NA,NA,NA,NA,"ME2"
"Montipora_capitata_HIv3___RNAseq.g49995.t1",0,1,1,0.00585971818259302,"Transient",5,0.968337283775527,"ME3"
"Montipora_capitata_HIv3___RNAseq.g49996.t1",1,0,0,0.0353851743956616,"Transient",4,0.911527918556782,"ME4"
"Montipora_capitata_HIv3___RNAseq.g50007.t1",2,0,0,NA,NA,NA,NA,"ME1"
"Montipora_capitata_HIv3___RNAseq.g50021.t1",0,0,1,NA,NA,NA,NA,"ME16"
"Montipora_capitata_HIv3___RNAseq.g50023.t1",1,0,0,NA,NA,NA,NA,"ME5"
"Montipora_capitata_HIv3___RNAseq.g50025.t1",0,0,1,NA,NA,NA,NA,"ME10"
"Montipora_capitata_HIv3___TS.g4394.t1",1,1,0,NA,NA,NA,NA,"ME1"
"Montipora_capitata_HIv3___RNAseq.g50033.t1",1,0,0,NA,NA,NA,NA,"ME0"
"Montipora_capitata_HIv3___RNAseq.g50061.t1",1,0,0,NA,NA,NA,NA,"ME8"
"Montipora_capitata_HIv3___TS.g4435.t1",0,1,0,NA,NA,NA,NA,"ME7"
"Montipora_capitata_HIv3___RNAseq.g50070.t1",1,0,0,NA,NA,NA,NA,"ME6"
"Montipora_capitata_HIv3___RNAseq.g50072.t1",0,0,1,NA,NA,NA,NA,"ME2"
"Montipora_capitata_HIv3___RNAseq.g50084.t1",0,0,1,NA,NA,NA,NA,"ME9"
"Montipora_capitata_HIv3___RNAseq.g50085.t1",1,0,0,NA,NA,NA,NA,"ME0"
"Montipora_capitata_HIv3___RNAseq.g50086.t1",0,0,1,NA,NA,NA,NA,"ME22"
"Montipora_capitata_HIv3___TS.g4458.t1",0,1,1,NA,NA,NA,NA,"ME1"
"Montipora_capitata_HIv3___RNAseq.g50099.t1",0,0,1,NA,NA,NA,NA,"ME9"
"Montipora_capitata_HIv3___TS.g4478.t1",0,0,1,NA,NA,NA,NA,"ME3"
"Montipora_capitata_HIv3___RNAseq.g50107.t1",0,0,1,NA,NA,NA,NA,"ME7"
"Montipora_capitata_HIv3___RNAseq.g50109.t1",1,0,0,NA,NA,NA,NA,"ME3"
"Montipora_capitata_HIv3___RNAseq.g50116.t1",0,0,1,NA,NA,NA,NA,"ME18"
"Montipora_capitata_HIv3___RNAseq.g50119.t1a",1,0,1,0.0112468261805351,"Other",3,0.52721541023033,"ME1"
"Montipora_capitata_HIv3___RNAseq.g50120.t1",0,1,0,NA,NA,NA,NA,"ME1"
"Montipora_capitata_HIv3___RNAseq.g50121.t1a",0,1,0,NA,NA,NA,NA,"ME25"
"Montipora_capitata_HIv3___RNAseq.g50123.t1",0,1,0,NA,NA,NA,NA,"ME0"
"Montipora_capitata_HIv3___RNAseq.g50124.t1",0,1,0,NA,NA,NA,NA,"ME3"
"Montipora_capitata_HIv3___TS.g4499.t1",0,1,0,NA,NA,NA,NA,"ME7"
"Montipora_capitata_HIv3___RNAseq.g50131.t1",1,0,0,4.35528450641859e-06,"Monotonous",2,0.680191503677799,"ME20"
"Montipora_capitata_HIv3___TS.g4504.t1",1,0,0,NA,NA,NA,NA,"ME6"
"Montipora_capitata_HIv3___RNAseq.g50134.t1",1,1,0,NA,NA,NA,NA,"ME18"
"Montipora_capitata_HIv3___RNAseq.g50135.t1",1,0,0,NA,NA,NA,NA,"ME1"
"Montipora_capitata_HIv3___TS.g4512.t1",1,0,0,1.22974162070851e-08,"Monotonous",1,0.662149966246923,"ME10"
"Montipora_capitata_HIv3___RNAseq.g50143.t1",0,1,0,NA,NA,NA,NA,"ME7"
"Montipora_capitata_HIv3___RNAseq.g50144.t1",0,1,0,0.0140115296215013,"Other",6,0.895716417579127,"ME10"
"Montipora_capitata_HIv3___TS.g4521.t1",1,0,0,2.11740194210438e-10,"Transient",2,0.938480830454906,"ME1"
"Montipora_capitata_HIv3___RNAseq.g50152.t1",0,1,0,0.020211769773837,"Transient",3,0.904325965042051,"ME1"
"Montipora_capitata_HIv3___RNAseq.g50155.t1",0,1,0,NA,NA,NA,NA,"ME2"
"Montipora_capitata_HIv3___TS.g4532.t1",0,0,1,NA,NA,NA,NA,"ME11"
"Montipora_capitata_HIv3___RNAseq.g50166.t1",0,1,0,0.00240380380416773,"Other",1,0.864460800906723,"ME8"
"Montipora_capitata_HIv3___TS.g4543.t1",1,0,0,0.0387766126767858,"Other",1,0.720799002299625,"ME4"
"Montipora_capitata_HIv3___TS.g4544.t1",0,1,0,0.0114106166683278,"Other",1,0.970914662558148,"ME8"
"Montipora_capitata_HIv3___RNAseq.g50176.t1",0,1,1,NA,NA,NA,NA,"ME0"
"Montipora_capitata_HIv3___TS.g4554.t1",0,0,1,NA,NA,NA,NA,"ME0"
"Montipora_capitata_HIv3___RNAseq.g50181.t1",1,0,0,NA,NA,NA,NA,"ME21"
"Montipora_capitata_HIv3___RNAseq.g50192.t1",0,1,0,0.000934680083706667,"Transient",3,0.897807171370317,"ME1"
"Montipora_capitata_HIv3___RNAseq.g50195.t1a",0,1,0,NA,NA,NA,NA,"ME5"
"Montipora_capitata_HIv3___RNAseq.g50196.t1",1,0,0,NA,NA,NA,NA,"ME21"
"Montipora_capitata_HIv3___RNAseq.g50197.t1",1,0,0,NA,NA,NA,NA,"ME21"
"Montipora_capitata_HIv3___RNAseq.g50198.t1",1,0,0,NA,NA,NA,NA,"ME0"
"Montipora_capitata_HIv3___RNAseq.g50202.t1b",1,0,0,NA,NA,NA,NA,"ME21"
"Montipora_capitata_HIv3___RNAseq.g50204.t1",1,0,0,0.0150719648484483,"Other",4,0.80390321603593,"ME4"
"Montipora_capitata_HIv3___RNAseq.g50205.t1",1,0,0,5.44553105497987e-05,"Monotonous",1,0.660210862118853,"ME10"
"Montipora_capitata_HIv3___RNAseq.g50212.t1",0,0,1,0.0497393516791846,"Other",6,0.579428466202189,"ME5"
"Montipora_capitata_HIv3___RNAseq.g50217.t1",1,0,0,NA,NA,NA,NA,"ME3"
"Montipora_capitata_HIv3___RNAseq.g50228.t1",0,0,1,NA,NA,NA,NA,"ME1"
"Montipora_capitata_HIv3___RNAseq.g50229.t1",0,1,0,NA,NA,NA,NA,"ME1"
"Montipora_capitata_HIv3___RNAseq.g50233.t1",1,0,0,NA,NA,NA,NA,"ME0"
"Montipora_capitata_HIv3___TS.g4612.t1",0,1,0,0.00243686238792135,"Monotonous",1,0.73168636163569,"ME25"
"Montipora_capitata_HIv3___RNAseq.g50235.t1",0,1,0,NA,NA,NA,NA,"ME2"
"Montipora_capitata_HIv3___RNAseq.g50239.t1",1,0,0,NA,NA,NA,NA,"ME2"
"Montipora_capitata_HIv3___RNAseq.g50241.t1a",0,1,0,NA,NA,NA,NA,"ME2"
"Montipora_capitata_HIv3___RNAseq.g50242.t1",1,0,0,NA,NA,NA,NA,"ME0"
"Montipora_capitata_HIv3___TS.g4626.t1",0,1,0,NA,NA,NA,NA,"ME8"
"Montipora_capitata_HIv3___RNAseq.g50247.t1",0,1,0,NA,NA,NA,NA,"ME0"
"Montipora_capitata_HIv3___RNAseq.g50249.t1",1,0,0,0.00649149988105224,"Monotonous",1,0.810611739880388,"ME10"
"Montipora_capitata_HIv3___RNAseq.g50254.t1",1,0,0,NA,NA,NA,NA,"ME18"
"Montipora_capitata_HIv3___RNAseq.g50265.t1",1,0,0,NA,NA,NA,NA,"ME3"
"Montipora_capitata_HIv3___TS.g4652.t2",0,2,0,1.12238891152087e-05,"Other",4,0.822378677901775,"ME7"
"Montipora_capitata_HIv3___TS.g4660.t1",1,0,0,NA,NA,NA,NA,"ME7"
"Montipora_capitata_HIv3___RNAseq.g50282.t2",1,0,0,NA,NA,NA,NA,"ME4"
"Montipora_capitata_HIv3___RNAseq.g50284.t1",0,0,1,NA,NA,NA,NA,"ME3"
"Montipora_capitata_HIv3___RNAseq.g50304.t1",1,0,0,NA,NA,NA,NA,"ME18"
"Montipora_capitata_HIv3___TS.g4680.t1",0,1,0,NA,NA,NA,NA,"ME0"
"Montipora_capitata_HIv3___RNAseq.g50307.t1",0,0,1,0.00132487721101086,"Transient",3,0.914894811509379,"ME26"
"Montipora_capitata_HIv3___TS.g4682.t2",0,0,1,0.0286322577360909,"Transient",5,0.724201601336341,"ME3"
"Montipora_capitata_HIv3___RNAseq.g50310.t1",1,0,1,NA,NA,NA,NA,"ME8"
"Montipora_capitata_HIv3___RNAseq.g50312.t1",0,1,0,NA,NA,NA,NA,"ME5"
"Montipora_capitata_HIv3___RNAseq.g50317.t1b",1,0,0,0.0304076331148875,"Monotonous",2,0.719034299188513,"ME1"
"Montipora_capitata_HIv3___RNAseq.g50321.t2",1,0,0,NA,NA,NA,NA,"ME18"
"Montipora_capitata_HIv3___RNAseq.g50332.t1",1,0,1,NA,NA,NA,NA,"ME0"
"Montipora_capitata_HIv3___RNAseq.g50340.t1",1,0,0,NA,NA,NA,NA,"ME0"
"Montipora_capitata_HIv3___RNAseq.g38025.t1",0,1,0,NA,NA,NA,NA,"ME11"
"Montipora_capitata_HIv3___RNAseq.g37957.t1",0,0,1,NA,NA,NA,NA,"ME0"
"Montipora_capitata_HIv3___RNAseq.g37974.t1",0,0,1,NA,NA,NA,NA,"ME12"
"Montipora_capitata_HIv3___TS.g30465.t1a",0,1,0,NA,NA,NA,NA,"ME12"
"Montipora_capitata_HIv3___RNAseq.g37835.t1",0,1,0,NA,NA,NA,NA,"ME11"
"Montipora_capitata_HIv3___RNAseq.g37845.t1",0,1,0,NA,NA,NA,NA,"ME0"
"Montipora_capitata_HIv3___RNAseq.g37851.t1",1,1,0,NA,NA,NA,NA,"ME5"
"Montipora_capitata_HIv3___TS.g30414.t1a",0,1,0,NA,NA,NA,NA,"ME22"
"Montipora_capitata_HIv3___RNAseq.g37826.t1",1,0,0,NA,NA,NA,NA,"ME1"
"Montipora_capitata_HIv3___RNAseq.g37831.t1",1,0,0,NA,NA,NA,NA,"ME1"
"Montipora_capitata_HIv3___RNAseq.39849_t",4,1,0,0.00248313849619287,"Other",6,0.59590734970116,"ME3"
"Montipora_capitata_HIv3___RNAseq.g37861.t1",1,0,0,NA,NA,NA,NA,"ME1"
"Montipora_capitata_HIv3___RNAseq.g37866.t1",1,0,0,NA,NA,NA,NA,"ME16"
"Montipora_capitata_HIv3___RNAseq.g37867.t1",1,0,0,NA,NA,NA,NA,"ME7"
"Montipora_capitata_HIv3___RNAseq.g37903.t1",1,0,0,NA,NA,NA,NA,"ME27"
"Montipora_capitata_HIv3___RNAseq.g37912.t1",0,0,1,NA,NA,NA,NA,"ME0"
"Montipora_capitata_HIv3___RNAseq.g38064.t1",1,0,0,NA,NA,NA,NA,"ME2"
"Montipora_capitata_HIv3___RNAseq.g38071.t1",0,0,1,NA,NA,NA,NA,"ME4"
"Montipora_capitata_HIv3___RNAseq.40085_t",0,0,1,NA,NA,NA,NA,"ME0"
"Montipora_capitata_HIv3___RNAseq.g38074.t1",1,0,0,NA,NA,NA,NA,"ME23"
"Montipora_capitata_HIv3___RNAseq.g38076.t1",0,0,1,NA,NA,NA,NA,"ME4"
"Montipora_capitata_HIv3___RNAseq.g38079.t1b",1,0,0,NA,NA,NA,NA,"ME1"
"Montipora_capitata_HIv3___RNAseq.g38088.t1c",0,1,0,NA,NA,NA,NA,"ME22"
"Montipora_capitata_HIv3___RNAseq.g38184.t1",0,0,1,NA,NA,NA,NA,"ME4"
"Montipora_capitata_HIv3___RNAseq.g38138.t1",0,2,0,NA,NA,NA,NA,"ME4"
"Montipora_capitata_HIv3___RNAseq.g38129.t1",0,1,0,NA,NA,NA,NA,"ME0"
"Montipora_capitata_HIv3___TS.g30634.t1",0,1,0,NA,NA,NA,NA,"ME12"
"Montipora_capitata_HIv3___TS.g30641.t2",1,0,0,NA,NA,NA,NA,"ME1"
"Montipora_capitata_HIv3___RNAseq.g38148.t1",0,1,0,4.60651981338286e-14,"Transient",4,0.64271675697799,"ME6"
"Montipora_capitata_HIv3___RNAseq.g38151.t1",0,1,0,2.08022996166202e-07,"Monotonous",2,0.822249405697522,"ME1"
"Montipora_capitata_HIv3___RNAseq.g38152.t1",0,1,1,NA,NA,NA,NA,"ME2"
"Montipora_capitata_HIv3___RNAseq.g38154.t1",0,0,1,NA,NA,NA,NA,"ME13"
"Montipora_capitata_HIv3___RNAseq.g38159.t1",1,0,0,NA,NA,NA,NA,"ME2"
"Montipora_capitata_HIv3___RNAseq.g37448.t1",1,0,0,NA,NA,NA,NA,"ME0"
"Montipora_capitata_HIv3___RNAseq.g37449.t1",1,0,0,NA,NA,NA,NA,"ME0"
"Montipora_capitata_HIv3___TS.g29972.t1a",1,0,0,NA,NA,NA,NA,"ME0"
"Montipora_capitata_HIv3___TS.g30017.t1",0,0,1,NA,NA,NA,NA,"ME0"
"Montipora_capitata_HIv3___RNAseq.g37717.t2",2,0,0,NA,NA,NA,NA,"ME0"
"Montipora_capitata_HIv3___RNAseq.g37720.t1",1,0,0,NA,NA,NA,NA,"ME0"
"Montipora_capitata_HIv3___TS.g29677.t1d",1,0,0,NA,NA,NA,NA,"ME2"
"Montipora_capitata_HIv3___TS.g29677.t1b",1,0,0,NA,NA,NA,NA,"ME0"
"Montipora_capitata_HIv3___RNAseq.g37170.t1",1,0,0,NA,NA,NA,NA,"ME2"
"Montipora_capitata_HIv3___TS.g29690.t1",0,0,2,NA,NA,NA,NA,"ME0"
"Montipora_capitata_HIv3___RNAseq.g37176.t2",0,0,2,NA,NA,NA,NA,"ME6"
"Montipora_capitata_HIv3___RNAseq.g37177.t1",1,0,0,NA,NA,NA,NA,"ME9"
"Montipora_capitata_HIv3___RNAseq.g37185.t1",1,0,0,9.07117684303734e-08,"Monotonous",1,0.873738613599158,"ME10"
"Montipora_capitata_HIv3___TS.g29704.t1",0,0,1,9.49602817316967e-06,"Transient",4,0.911288631885891,"ME17"
"Montipora_capitata_HIv3___RNAseq.g37192.t1",0,1,0,1.42128222080678e-10,"Monotonous",6,0.985091697163111,"ME9"
"Montipora_capitata_HIv3___RNAseq.g37197.t1",1,1,0,NA,NA,NA,NA,"ME3"
"Montipora_capitata_HIv3___RNAseq.g37199.t1",1,0,0,NA,NA,NA,NA,"ME7"
"Montipora_capitata_HIv3___TS.g29718.t1",1,1,0,0.0127855474223819,"Other",NA,NA,"ME1"
"Montipora_capitata_HIv3___RNAseq.g37207.t1",1,1,0,NA,NA,NA,NA,"ME4"
"Montipora_capitata_HIv3___RNAseq.g37210.t1",1,0,0,NA,NA,NA,NA,"ME7"
"Montipora_capitata_HIv3___RNAseq.g37211.t1",0,1,0,0.0141813470795044,"Monotonous",6,0.959143867767569,"ME9"
"Montipora_capitata_HIv3___RNAseq.g37216.t1",1,0,0,0.00155786422031429,"Monotonous",6,0.993189611780044,"ME9"
"Montipora_capitata_HIv3___TS.g29732.t1b",0,0,1,NA,NA,NA,NA,"ME26"
"Montipora_capitata_HIv3___RNAseq.g37221.t1",0,1,0,NA,NA,NA,NA,"ME3"
"Montipora_capitata_HIv3___RNAseq.g37225.t1",0,1,0,NA,NA,NA,NA,"ME8"
"Montipora_capitata_HIv3___RNAseq.g37228.t1",1,0,0,NA,NA,NA,NA,"ME8"
"Montipora_capitata_HIv3___RNAseq.g37230.t1",0,2,1,NA,NA,NA,NA,"ME21"
"Montipora_capitata_HIv3___RNAseq.g37233.t1",1,0,0,NA,NA,NA,NA,"ME21"
"Montipora_capitata_HIv3___RNAseq.g37244.t1",0,0,1,0.00142622197794573,"Transient",3,0.776794030790714,"ME1"
"Montipora_capitata_HIv3___TS.g29760.t1",1,0,1,NA,NA,NA,NA,"ME1"
"Montipora_capitata_HIv3___RNAseq.g37246.t1",1,0,0,NA,NA,NA,NA,"ME19"
"Montipora_capitata_HIv3___RNAseq.g37250.t1",1,0,0,NA,NA,NA,NA,"ME3"
"Montipora_capitata_HIv3___RNAseq.g37251.t1",0,0,1,NA,NA,NA,NA,"ME2"
"Montipora_capitata_HIv3___RNAseq.g37254.t1",1,0,0,1.67613129275189e-12,"Transient",3,0.961093447258745,"ME1"
"Montipora_capitata_HIv3___TS.g29771.t2",0,0,1,0.0478523148795727,"Transient",4,0.675334757384721,"ME3"
"Montipora_capitata_HIv3___RNAseq.g37258.t1",1,1,0,NA,NA,NA,NA,"ME0"
"Montipora_capitata_HIv3___RNAseq.g37298.t1",0,0,1,0.0288688536277251,"Other",6,0.580424749055121,"ME0"
"Montipora_capitata_HIv3___RNAseq.g37301.t1",0,0,1,NA,NA,NA,NA,"ME2"
"Montipora_capitata_HIv3___RNAseq.g37310.t1",0,2,0,5.10889777128063e-06,"Monotonous",2,0.807269890664923,"ME1"
"Montipora_capitata_HIv3___TS.g29829.t1",2,0,0,NA,NA,NA,NA,"ME8"
"Montipora_capitata_HIv3___RNAseq.g37319.t1",0,0,1,NA,NA,NA,NA,"ME5"
"Montipora_capitata_HIv3___RNAseq.g37320.t1",1,0,1,0.049734108548862,"Other",4,0.843264166692334,"ME6"
"Montipora_capitata_HIv3___TS.g29841.t1",1,0,0,0.0233481581952521,"Transient",3,0.660066061341654,"ME13"
"Montipora_capitata_HIv3___RNAseq.g37326.t1",1,0,0,NA,NA,NA,NA,"ME0"
"Montipora_capitata_HIv3___RNAseq.g37329.t1",1,1,0,NA,NA,NA,NA,"ME0"
"Montipora_capitata_HIv3___RNAseq.g37332.t1",2,0,0,NA,NA,NA,NA,"ME1"
"Montipora_capitata_HIv3___RNAseq.g37343.t1",1,0,0,0.00207054172472035,"Other",NA,NA,"ME1"
"Montipora_capitata_HIv3___RNAseq.g37345.t1",2,0,0,NA,NA,NA,NA,"ME5"
"Montipora_capitata_HIv3___TS.g29870.t1",0,3,1,NA,NA,NA,NA,"ME14"
"Montipora_capitata_HIv3___RNAseq.g37354.t1",1,0,0,NA,NA,NA,NA,"ME14"
"Montipora_capitata_HIv3___RNAseq.g37355.t1",1,0,0,NA,NA,NA,NA,"ME1"
"Montipora_capitata_HIv3___TS.g29873.t1",1,0,0,NA,NA,NA,NA,"ME3"
"Montipora_capitata_HIv3___TS.g29882.t2b",0,0,1,NA,NA,NA,NA,"ME8"
"Montipora_capitata_HIv3___RNAseq.g37378.t1",0,1,0,NA,NA,NA,NA,"ME0"
"Montipora_capitata_HIv3___RNAseq.g37381.t1",1,0,0,NA,NA,NA,NA,"ME7"
"Montipora_capitata_HIv3___RNAseq.g37382.t1",1,0,0,0.0391848842220528,"Transient",6,0.906698165171092,"ME8"
"Montipora_capitata_HIv3___RNAseq.g37391.t1",1,0,0,0.0145763655208843,"Transient",3,0.641827573825685,"ME16"
"Montipora_capitata_HIv3___RNAseq.g37399.t1",1,0,0,NA,NA,NA,NA,"ME1"
"Montipora_capitata_HIv3___RNAseq.g37408.t1",1,0,0,NA,NA,NA,NA,"ME2"
"Montipora_capitata_HIv3___TS.g29926.t1",0,0,1,NA,NA,NA,NA,"ME0"
"Montipora_capitata_HIv3___RNAseq.g37428.t1",0,0,1,NA,NA,NA,NA,"ME13"
"Montipora_capitata_HIv3___RNAseq.g37437.t1",2,0,0,0.0254908686413662,"Other",6,0.763238280115403,"ME5"
"Montipora_capitata_HIv3___RNAseq.g37439.t1",1,0,0,NA,NA,NA,NA,"ME1"
"Montipora_capitata_HIv3___RNAseq.g37450.t2",0,0,1,0.0393811284314496,"Other",4,0.940405302172612,"ME3"
"Montipora_capitata_HIv3___RNAseq.g37453.t1",0,1,0,NA,NA,NA,NA,"ME1"
"Montipora_capitata_HIv3___RNAseq.g37455.t1",0,1,0,NA,NA,NA,NA,"ME9"
"Montipora_capitata_HIv3___RNAseq.g37469.t1",1,0,0,0.00269027718758803,"Monotonous",1,0.757215353614402,"ME3"
"Montipora_capitata_HIv3___TS.g29982.t1",1,0,1,NA,NA,NA,NA,"ME17"
"Montipora_capitata_HIv3___RNAseq.g37476.t1",0,3,0,NA,NA,NA,NA,"ME4"
"Montipora_capitata_HIv3___RNAseq.g37486.t1",1,0,0,NA,NA,NA,NA,"ME2"
"Montipora_capitata_HIv3___RNAseq.g37488.t1",1,0,0,0.000627952787608739,"Transient",5,0.908111377899615,"ME17"
"Montipora_capitata_HIv3___RNAseq.g37490.t1",0,0,1,0.0489816449023824,"Transient",5,0.963304529827179,"ME6"
"Montipora_capitata_HIv3___RNAseq.g37495.t2",0,1,0,NA,NA,NA,NA,"ME24"
"Montipora_capitata_HIv3___TS.g30020.t1",1,1,0,NA,NA,NA,NA,"ME8"
"Montipora_capitata_HIv3___RNAseq.g37506.t1",0,0,1,0.0157488665604478,"Transient",5,0.773454540761487,"ME3"
"Montipora_capitata_HIv3___RNAseq.g37509.t1",1,0,0,NA,NA,NA,NA,"ME0"
"Montipora_capitata_HIv3___RNAseq.g37511.t1",1,0,0,NA,NA,NA,NA,"ME5"
"Montipora_capitata_HIv3___TS.g30029.t1",1,0,0,0.0451848996658973,"Transient",5,0.88401275213653,"ME6"
"Montipora_capitata_HIv3___RNAseq.g37514.t1",1,0,0,0.0087603613285456,"Monotonous",5,0.751470905391902,"ME6"
"Montipora_capitata_HIv3___TS.g30031.t1",1,0,0,NA,NA,NA,NA,"ME8"
"Montipora_capitata_HIv3___RNAseq.g37524.t1",1,0,0,1.27824263673118e-05,"Monotonous",1,0.894978804244877,"ME10"
"Montipora_capitata_HIv3___RNAseq.g37526.t1",1,0,0,NA,NA,NA,NA,"ME2"
"Montipora_capitata_HIv3___TS.g30047.t1",1,0,0,NA,NA,NA,NA,"ME4"
"Montipora_capitata_HIv3___RNAseq.39538_t",1,0,0,0.000375243825848189,"Monotonous",1,0.676612729650418,"ME3"
"Montipora_capitata_HIv3___RNAseq.g37543.t1",1,0,0,NA,NA,NA,NA,"ME2"
"Montipora_capitata_HIv3___TS.g30066.t2",0,1,1,5.3886422436365e-07,"Monotonous",2,0.76193680426807,"ME20"
"Montipora_capitata_HIv3___RNAseq.g37557.t1",0,1,0,NA,NA,NA,NA,"ME21"
"Montipora_capitata_HIv3___RNAseq.g37563.t1",0,1,0,NA,NA,NA,NA,"ME4"
"Montipora_capitata_HIv3___RNAseq.g37566.t1",1,0,0,0.000469077683863467,"Transient",4,0.8334527419455,"ME6"
"Montipora_capitata_HIv3___RNAseq.g37569.t1",0,1,0,NA,NA,NA,NA,"ME4"
"Montipora_capitata_HIv3___TS.g30084.t1",1,0,0,NA,NA,NA,NA,"ME30"
"Montipora_capitata_HIv3___RNAseq.g37577.t1",0,1,0,NA,NA,NA,NA,"ME4"
"Montipora_capitata_HIv3___RNAseq.g37578.t1",1,0,0,NA,NA,NA,NA,"ME10"
"Montipora_capitata_HIv3___RNAseq.g37583.t2",1,0,0,NA,NA,NA,NA,"ME11"
"Montipora_capitata_HIv3___RNAseq.g37584.t1",1,0,0,NA,NA,NA,NA,"ME11"
"Montipora_capitata_HIv3___RNAseq.g37591.t1",0,1,0,NA,NA,NA,NA,"ME3"
"Montipora_capitata_HIv3___RNAseq.g37594.t1",1,1,0,NA,NA,NA,NA,"ME5"
"Montipora_capitata_HIv3___RNAseq.g37597.t1",0,1,1,NA,NA,NA,NA,"ME1"
"Montipora_capitata_HIv3___RNAseq.g37598.t1",0,1,1,0.0053862884992726,"Monotonous",2,0.601001035809293,"ME1"
"Montipora_capitata_HIv3___RNAseq.g37599.t1",0,0,1,NA,NA,NA,NA,"ME1"
"Montipora_capitata_HIv3___RNAseq.g37602.t1",0,0,1,0.0123424625965609,"Other",6,0.826237386683143,"ME9"
"Montipora_capitata_HIv3___TS.g30114.t1",1,0,0,0.00317420350082627,"Other",6,0.955579704943017,"ME9"
"Montipora_capitata_HIv3___RNAseq.g37604.t1",1,0,0,NA,NA,NA,NA,"ME12"
"Montipora_capitata_HIv3___TS.g30119.t2",1,0,0,0.00122292765993092,"Monotonous",6,0.983891159150168,"ME9"
"Montipora_capitata_HIv3___RNAseq.g37611.t1",2,0,0,8.8064832985384e-07,"Monotonous",1,0.968442411217386,"ME10"
"Montipora_capitata_HIv3___RNAseq.g37615.t1",1,0,1,NA,NA,NA,NA,"ME2"
"Montipora_capitata_HIv3___RNAseq.g37617.t1a",1,0,0,NA,NA,NA,NA,"ME2"
"Montipora_capitata_HIv3___RNAseq.g37618.t1",0,0,1,NA,NA,NA,NA,"ME1"
"Montipora_capitata_HIv3___RNAseq.g37621.t1",1,0,0,NA,NA,NA,NA,"ME6"
"Montipora_capitata_HIv3___RNAseq.g37622.t1",2,1,0,0.00153310375460409,"Other",4,0.593457346782192,"ME6"
"Montipora_capitata_HIv3___RNAseq.g37633.t1",0,1,0,NA,NA,NA,NA,"ME2"
"Montipora_capitata_HIv3___TS.g30146.t1",0,1,0,NA,NA,NA,NA,"ME14"
"Montipora_capitata_HIv3___TS.g30149.t1",1,0,0,NA,NA,NA,NA,"ME0"
"Montipora_capitata_HIv3___RNAseq.g37639.t1",1,0,0,NA,NA,NA,NA,"ME4"
"Montipora_capitata_HIv3___RNAseq.g37645.t1",1,0,1,NA,NA,NA,NA,"ME13"
"Montipora_capitata_HIv3___RNAseq.g37647.t1",1,0,0,NA,NA,NA,NA,"ME2"
"Montipora_capitata_HIv3___RNAseq.g37649.t1",1,0,0,NA,NA,NA,NA,"ME6"
"Montipora_capitata_HIv3___RNAseq.g37654.t1",2,0,0,NA,NA,NA,NA,"ME3"
"Montipora_capitata_HIv3___RNAseq.g37660.t1",0,0,1,NA,NA,NA,NA,"ME0"
"Montipora_capitata_HIv3___TS.g30174.t1",0,0,1,NA,NA,NA,NA,"ME2"
"Montipora_capitata_HIv3___RNAseq.g37666.t2",0,0,1,NA,NA,NA,NA,"ME21"
"Montipora_capitata_HIv3___RNAseq.g37679.t1",2,0,0,NA,NA,NA,NA,"ME1"
"Montipora_capitata_HIv3___TS.g30192.t1",0,1,0,0.000116527284416245,"Monotonous",1,0.884542087340555,"ME5"
"Montipora_capitata_HIv3___RNAseq.g37690.t1",1,0,0,NA,NA,NA,NA,"ME5"
"Montipora_capitata_HIv3___RNAseq.g37719.t1",1,0,0,NA,NA,NA,NA,"ME14"
"Montipora_capitata_HIv3___RNAseq.g37742.t1",2,1,0,NA,NA,NA,NA,"ME0"
"Montipora_capitata_HIv3___TS.g30257.t1",1,0,0,NA,NA,NA,NA,"ME9"
"Montipora_capitata_HIv3___RNAseq.g37759.t1",1,0,2,NA,NA,NA,NA,"ME9"
"Montipora_capitata_HIv3___RNAseq.g37766.t1",0,1,0,NA,NA,NA,NA,"ME26"
"Montipora_capitata_HIv3___RNAseq.g37771.t1",0,1,0,NA,NA,NA,NA,"ME2"
"Montipora_capitata_HIv3___RNAseq.g37772.t1",1,0,0,NA,NA,NA,NA,"ME23"
"Montipora_capitata_HIv3___RNAseq.g37774.t1",1,0,0,NA,NA,NA,NA,"ME0"
"Montipora_capitata_HIv3___RNAseq.g37776.t1",1,1,0,8.74429790398805e-05,"Transient",3,0.861540030150466,"ME15"
"Montipora_capitata_HIv3___RNAseq.g37778.t1",1,0,0,NA,NA,NA,NA,"ME9"
"Montipora_capitata_HIv3___RNAseq.g37787.t1",1,0,0,NA,NA,NA,NA,"ME2"
"Montipora_capitata_HIv3___RNAseq.g37804.t1",0,0,1,8.93662843369279e-06,"Monotonous",2,0.974423759431375,"ME1"
"Montipora_capitata_HIv3___RNAseq.g37810.t1",2,0,0,NA,NA,NA,NA,"ME2"
"Montipora_capitata_HIv3___RNAseq.g37811.t1",0,0,1,NA,NA,NA,NA,"ME2"
"Montipora_capitata_HIv3___TS.g31149.t1",1,0,0,NA,NA,NA,NA,"ME14"
"Montipora_capitata_HIv3___RNAseq.g38644.t1",0,0,1,NA,NA,NA,NA,"ME24"
"Montipora_capitata_HIv3___TS.g30746.t1",0,1,0,NA,NA,NA,NA,"ME4"
"Montipora_capitata_HIv3___RNAseq.g38403.t1",1,0,0,NA,NA,NA,NA,"ME0"
"Montipora_capitata_HIv3___RNAseq.g38431.t1",0,0,2,NA,NA,NA,NA,"ME1"
"Montipora_capitata_HIv3___TS.g30984.t1",1,0,0,NA,NA,NA,NA,"ME4"
"Montipora_capitata_HIv3___RNAseq.g38224.t1",1,0,0,NA,NA,NA,NA,"ME4"
"Montipora_capitata_HIv3___RNAseq.g38231.t1",0,1,0,NA,NA,NA,NA,"ME2"
"Montipora_capitata_HIv3___RNAseq.g38274.t1",0,1,0,NA,NA,NA,NA,"ME18"
"Montipora_capitata_HIv3___RNAseq.g38284.t1",0,0,1,0.0353157902022845,"Monotonous",4,0.824097431818218,"ME17"
"Montipora_capitata_HIv3___RNAseq.g38286.t1",0,1,1,NA,NA,NA,NA,"ME1"
"Montipora_capitata_HIv3___RNAseq.g38298.t1",1,0,0,0.00254632600174306,"Other",5,0.948908446423757,"ME6"
"Montipora_capitata_HIv3___RNAseq.g38328.t1",2,0,0,NA,NA,NA,NA,"ME0"
"Montipora_capitata_HIv3___RNAseq.g38335.t1b",0,1,0,NA,NA,NA,NA,"ME14"
"Montipora_capitata_HIv3___TS.g30842.t1",0,1,0,NA,NA,NA,NA,"ME0"
"Montipora_capitata_HIv3___RNAseq.g38374.t1",0,0,1,NA,NA,NA,NA,"ME11"
"Montipora_capitata_HIv3___TS.g30879.t1",0,0,1,NA,NA,NA,NA,"ME7"
"Montipora_capitata_HIv3___RNAseq.g38426.t1",0,0,1,NA,NA,NA,NA,"ME1"
"Montipora_capitata_HIv3___RNAseq.g38428.t1",0,1,0,NA,NA,NA,NA,"ME7"
"Montipora_capitata_HIv3___RNAseq.g38432.t1",0,1,1,NA,NA,NA,NA,"ME21"
"Montipora_capitata_HIv3___RNAseq.g38436.t1",0,1,1,0.0116795190955803,"Other",3,0.774247537899643,"ME1"
"Montipora_capitata_HIv3___RNAseq.g38443.t1",1,1,0,NA,NA,NA,NA,"ME3"
"Montipora_capitata_HIv3___TS.g30947.t1",0,1,0,NA,NA,NA,NA,"ME6"
"Montipora_capitata_HIv3___RNAseq.g38446.t1",0,0,1,NA,NA,NA,NA,"ME7"
"Montipora_capitata_HIv3___TS.g30952.t1",0,1,1,NA,NA,NA,NA,"ME25"
"Montipora_capitata_HIv3___TS.g30955.t1",0,1,0,0.000894723352737742,"Monotonous",1,0.948415740385872,"ME8"
"Montipora_capitata_HIv3___RNAseq.g38458.t1",2,0,0,0.00528335980303985,"Monotonous",1,0.967943391470946,"ME10"
"Montipora_capitata_HIv3___TS.g30961.t1",1,0,0,NA,NA,NA,NA,"ME0"
"Montipora_capitata_HIv3___RNAseq.g38463.t1",0,1,0,NA,NA,NA,NA,"ME9"
"Montipora_capitata_HIv3___RNAseq.g38465.t1",1,0,0,NA,NA,NA,NA,"ME0"
"Montipora_capitata_HIv3___RNAseq.g38467.t1",2,0,0,0.000481324707399135,"Transient",6,0.702760139931012,"ME9"
"Montipora_capitata_HIv3___RNAseq.g38471.t1",0,0,1,NA,NA,NA,NA,"ME0"
"Montipora_capitata_HIv3___RNAseq.g38480.t1",0,0,1,1.34277256707453e-06,"Transient",5,0.872304722532207,"ME3"
"Montipora_capitata_HIv3___TS.g30991.t1",0,1,0,NA,NA,NA,NA,"ME1"
"Montipora_capitata_HIv3___RNAseq.g38513.t1",0,0,1,NA,NA,NA,NA,"ME0"
"Montipora_capitata_HIv3___RNAseq.g38566.t1",1,0,0,NA,NA,NA,NA,"ME11"
"Montipora_capitata_HIv3___TS.g31086.t1",1,0,0,2.32108671584594e-05,"Monotonous",6,0.76824493974587,"ME9"
"Montipora_capitata_HIv3___RNAseq.g38574.t1",1,0,0,8.45547209744454e-05,"Transient",5,0.990742748363327,"ME17"
"Montipora_capitata_HIv3___RNAseq.g38575.t1",1,0,0,1.32633750065367e-05,"Monotonous",2,0.851324637075406,"ME1"
"Montipora_capitata_HIv3___RNAseq.g38578.t1",1,0,0,NA,NA,NA,NA,"ME0"
"Montipora_capitata_HIv3___RNAseq.g38722.t1",1,0,0,NA,NA,NA,NA,"ME0"
"Montipora_capitata_HIv3___RNAseq.g38750.t1",0,1,0,NA,NA,NA,NA,"ME3"
"Montipora_capitata_HIv3___RNAseq.g38822.t1",1,0,0,NA,NA,NA,NA,"ME11"
"Montipora_capitata_HIv3___TS.g31342.t1",0,0,1,NA,NA,NA,NA,"ME11"
"Montipora_capitata_HIv3___RNAseq.g39028.t1",1,0,0,NA,NA,NA,NA,"ME20"
"Montipora_capitata_HIv3___RNAseq.g39073.t1",1,0,0,NA,NA,NA,NA,"ME11"
"Montipora_capitata_HIv3___RNAseq.g39404.t1",1,0,0,NA,NA,NA,NA,"ME0"
"Montipora_capitata_HIv3___RNAseq.g39684.t1",0,1,0,NA,NA,NA,NA,"ME0"
"Montipora_capitata_HIv3___RNAseq.g39843.t1",2,1,0,NA,NA,NA,NA,"ME0"
"Montipora_capitata_HIv3___RNAseq.g39845.t1",0,1,0,NA,NA,NA,NA,"ME0"
"Montipora_capitata_HIv3___RNAseq.g39912.t1",0,6,0,NA,NA,NA,NA,"ME1"
"Montipora_capitata_HIv3___RNAseq.g38658.t1",0,0,1,NA,NA,NA,NA,"ME1"
"Montipora_capitata_HIv3___RNAseq.g38664.t1",2,1,0,NA,NA,NA,NA,"ME4"
"Montipora_capitata_HIv3___RNAseq.g38674.t1",0,1,0,NA,NA,NA,NA,"ME0"
"Montipora_capitata_HIv3___RNAseq.g38686.t1",0,1,0,NA,NA,NA,NA,"ME0"
"Montipora_capitata_HIv3___RNAseq.g38716.t1",1,0,0,NA,NA,NA,NA,"ME2"
"Montipora_capitata_HIv3___RNAseq.g38719.t2",1,0,0,NA,NA,NA,NA,"ME0"
"Montipora_capitata_HIv3___RNAseq.g38720.t1",0,0,1,NA,NA,NA,NA,"ME0"
"Montipora_capitata_HIv3___RNAseq.g38735.t2",0,1,0,NA,NA,NA,NA,"ME2"
"Montipora_capitata_HIv3___RNAseq.g38737.t1",1,0,0,NA,NA,NA,NA,"ME18"
"Montipora_capitata_HIv3___RNAseq.g38738.t1",1,0,0,NA,NA,NA,NA,"ME18"
"Montipora_capitata_HIv3___RNAseq.g38743.t1",0,0,2,NA,NA,NA,NA,"ME7"
"Montipora_capitata_HIv3___RNAseq.g38748.t1",1,0,0,NA,NA,NA,NA,"ME4"
"Montipora_capitata_HIv3___RNAseq.g38754.t1",1,0,0,0.0028023658001236,"Transient",5,0.89168865971412,"ME6"
"Montipora_capitata_HIv3___RNAseq.g38764.t1",0,1,0,NA,NA,NA,NA,"ME2"
"Montipora_capitata_HIv3___RNAseq.g38774.t1",0,0,1,NA,NA,NA,NA,"ME3"
"Montipora_capitata_HIv3___RNAseq.g38789.t1",0,0,1,NA,NA,NA,NA,"ME0"
"Montipora_capitata_HIv3___RNAseq.g38801.t1",1,0,0,NA,NA,NA,NA,"ME0"
"Montipora_capitata_HIv3___RNAseq.g38805.t2",0,0,1,NA,NA,NA,NA,"ME0"
"Montipora_capitata_HIv3___RNAseq.g38806.t1",0,1,0,NA,NA,NA,NA,"ME11"
"Montipora_capitata_HIv3___RNAseq.g38808.t1",1,0,0,NA,NA,NA,NA,"ME15"
"Montipora_capitata_HIv3___RNAseq.g38812.t1",0,0,1,NA,NA,NA,NA,"ME11"
"Montipora_capitata_HIv3___RNAseq.g38814.t1",1,1,0,9.34463590688501e-05,"Monotonous",1,0.583762057466749,"ME25"
"Montipora_capitata_HIv3___RNAseq.g38817.t1",1,1,1,0.00321896320554426,"Other",1,0.557273826840999,"ME25"
"Montipora_capitata_HIv3___RNAseq.g38821.t1",1,0,0,NA,NA,NA,NA,"ME4"
"Montipora_capitata_HIv3___RNAseq.g38839.t1",0,1,0,NA,NA,NA,NA,"ME1"
"Montipora_capitata_HIv3___TS.g31364.t1",0,1,0,NA,NA,NA,NA,"ME8"
"Montipora_capitata_HIv3___TS.g31382.t1",0,0,1,2.08950453733707e-06,"Monotonous",3,0.605494339949968,"ME1"
"Montipora_capitata_HIv3___RNAseq.g38866.t1",0,1,0,0.000148500040518222,"Monotonous",2,0.980854463987862,"ME1"
"Montipora_capitata_HIv3___RNAseq.g38867.t1",0,1,0,NA,NA,NA,NA,"ME10"
"Montipora_capitata_HIv3___RNAseq.g38878.t1",0,0,2,NA,NA,NA,NA,"ME8"
"Montipora_capitata_HIv3___RNAseq.g38881.t1",1,0,0,NA,NA,NA,NA,"ME8"
"Montipora_capitata_HIv3___RNAseq.g38882.t1",1,0,0,NA,NA,NA,NA,"ME14"
"Montipora_capitata_HIv3___RNAseq.g38884.t1",0,0,2,3.82666802249091e-05,"Monotonous",6,0.819662720018786,"ME8"
"Montipora_capitata_HIv3___RNAseq.g38885.t1",0,0,2,2.68032601709526e-05,"Monotonous",6,0.817546944684725,"ME8"
"Montipora_capitata_HIv3___TS.g31416.t1",0,1,0,NA,NA,NA,NA,"ME3"
"Montipora_capitata_HIv3___TS.g31418.t1",1,0,1,NA,NA,NA,NA,"ME16"
"Montipora_capitata_HIv3___RNAseq.g38902.t1",0,0,1,NA,NA,NA,NA,"ME2"
"Montipora_capitata_HIv3___RNAseq.g38908.t1",2,1,0,NA,NA,NA,NA,"ME7"
"Montipora_capitata_HIv3___RNAseq.g38915.t1",1,1,0,0.00421794920950373,"Transient",5,0.934263020816717,"ME17"
"Montipora_capitata_HIv3___RNAseq.g38918.t1",1,0,0,NA,NA,NA,NA,"ME3"
"Montipora_capitata_HIv3___RNAseq.g38919.t1",0,0,1,NA,NA,NA,NA,"ME4"
"Montipora_capitata_HIv3___RNAseq.g38928.t1",1,0,0,NA,NA,NA,NA,"ME1"
"Montipora_capitata_HIv3___RNAseq.g38929.t1",0,1,0,NA,NA,NA,NA,"ME31"
"Montipora_capitata_HIv3___TS.g31459.t1",1,6,0,NA,NA,NA,NA,"ME2"
"Montipora_capitata_HIv3___RNAseq.g38946.t1",1,0,2,NA,NA,NA,NA,"ME20"
"Montipora_capitata_HIv3___RNAseq.g38952.t2b",1,0,0,0.0159558946085422,"Other",4,0.753560705510581,"ME20"
"Montipora_capitata_HIv3___TS.g31475.t1",1,0,0,NA,NA,NA,NA,"ME6"
"Montipora_capitata_HIv3___RNAseq.g38976.t2b",1,0,0,NA,NA,NA,NA,"ME3"
"Montipora_capitata_HIv3___TS.g31494.t2",1,0,0,NA,NA,NA,NA,"ME5"
"Montipora_capitata_HIv3___TS.g31500.t1b",0,2,0,NA,NA,NA,NA,"ME5"
"Montipora_capitata_HIv3___TS.g31500.t1a",1,0,0,NA,NA,NA,NA,"ME23"
"Montipora_capitata_HIv3___RNAseq.g38983.t1",1,0,1,NA,NA,NA,NA,"ME23"
"Montipora_capitata_HIv3___RNAseq.g38987.t1",1,0,0,0.000592126504658286,"Transient",5,0.923560963259417,"ME6"
"Montipora_capitata_HIv3___RNAseq.g38989.t1",1,0,0,NA,NA,NA,NA,"ME6"
"Montipora_capitata_HIv3___RNAseq.g38993.t1",1,0,0,0.00607848449394583,"Other",3,0.556028636613594,"ME1"
"Montipora_capitata_HIv3___RNAseq.g39003.t1",0,0,1,NA,NA,NA,NA,"ME8"
"Montipora_capitata_HIv3___RNAseq.41093_t",0,1,0,NA,NA,NA,NA,"ME11"
"Montipora_capitata_HIv3___RNAseq.g39005.t1",1,0,0,NA,NA,NA,NA,"ME26"
"Montipora_capitata_HIv3___RNAseq.g39008.t1",0,1,0,0.00383259273702712,"Other",1,0.715961547561619,"ME8"
"Montipora_capitata_HIv3___RNAseq.g39009.t1",1,0,0,NA,NA,NA,NA,"ME6"
"Montipora_capitata_HIv3___RNAseq.g39011.t1",1,0,0,NA,NA,NA,NA,"ME2"
"Montipora_capitata_HIv3___RNAseq.g39012.t1",1,0,0,NA,NA,NA,NA,"ME4"
"Montipora_capitata_HIv3___RNAseq.g39016.t1",0,0,1,NA,NA,NA,NA,"ME1"
"Montipora_capitata_HIv3___RNAseq.g39018.t1",1,0,0,NA,NA,NA,NA,"ME0"
"Montipora_capitata_HIv3___RNAseq.g39022.t1",1,0,0,0.0305546796098719,"Other",4,0.66211247817596,"ME20"
"Montipora_capitata_HIv3___RNAseq.g39025.t1",0,0,1,NA,NA,NA,NA,"ME2"
"Montipora_capitata_HIv3___RNAseq.g39026.t1",0,1,0,NA,NA,NA,NA,"ME2"
"Montipora_capitata_HIv3___RNAseq.g39030.t1",0,1,0,NA,NA,NA,NA,"ME5"
"Montipora_capitata_HIv3___RNAseq.g39032.t1",1,0,0,NA,NA,NA,NA,"ME3"
"Montipora_capitata_HIv3___RNAseq.g39036.t1",0,0,1,6.65112652674611e-05,"Monotonous",6,0.922512788583125,"ME8"
"Montipora_capitata_HIv3___TS.g31561.t1",0,2,0,NA,NA,NA,NA,"ME0"
"Montipora_capitata_HIv3___TS.g31562.t1a",0,0,1,NA,NA,NA,NA,"ME0"
"Montipora_capitata_HIv3___RNAseq.g39047.t1",0,0,1,NA,NA,NA,NA,"ME1"
"Montipora_capitata_HIv3___RNAseq.g39050.t1",0,1,0,NA,NA,NA,NA,"ME7"
"Montipora_capitata_HIv3___RNAseq.g39051.t1",0,1,0,NA,NA,NA,NA,"ME1"
"Montipora_capitata_HIv3___TS.g31579.t1",0,1,0,NA,NA,NA,NA,"ME3"
"Montipora_capitata_HIv3___RNAseq.g39065.t1",1,0,0,0.00125077645679845,"Transient",1,0.502642672837536,"ME3"
"Montipora_capitata_HIv3___TS.g31586.t1",0,1,0,NA,NA,NA,NA,"ME11"
"Montipora_capitata_HIv3___RNAseq.g39072.t1b",0,0,1,NA,NA,NA,NA,"ME14"
"Montipora_capitata_HIv3___TS.g31601.t1b",1,0,1,NA,NA,NA,NA,"ME8"
"Montipora_capitata_HIv3___RNAseq.g39086.t1",0,1,0,NA,NA,NA,NA,"ME28"
"Montipora_capitata_HIv3___RNAseq.g39090.t1",0,1,0,NA,NA,NA,NA,"ME13"
"Montipora_capitata_HIv3___RNAseq.g39102.t2",1,0,0,NA,NA,NA,NA,"ME1"
"Montipora_capitata_HIv3___RNAseq.g39124.t1",0,0,1,NA,NA,NA,NA,"ME2"
"Montipora_capitata_HIv3___RNAseq.g39127.t1",0,1,1,NA,NA,NA,NA,"ME2"
"Montipora_capitata_HIv3___RNAseq.g39135.t1",0,1,0,NA,NA,NA,NA,"ME2"
"Montipora_capitata_HIv3___RNAseq.g39200.t1",0,0,1,NA,NA,NA,NA,"ME2"
"Montipora_capitata_HIv3___RNAseq.g39219.t1",1,1,0,NA,NA,NA,NA,"ME0"
"Montipora_capitata_HIv3___RNAseq.g39230.t1",0,0,1,0.00960694602595957,"Monotonous",2,0.705586808397784,"ME1"
"Montipora_capitata_HIv3___TS.g31749.t1",1,0,0,0.0233481581952521,"Transient",4,0.923899210683721,"ME6"
"Montipora_capitata_HIv3___TS.g31755.t4",0,1,1,NA,NA,NA,NA,"ME1"
"Montipora_capitata_HIv3___TS.g31765.t1",1,0,0,0.00425278716457414,"Monotonous",1,0.534315132275917,"ME3"
"Montipora_capitata_HIv3___RNAseq.g39249.t1",1,0,0,NA,NA,NA,NA,"ME1"
"Montipora_capitata_HIv3___RNAseq.g39250.t1",1,0,0,1.20489981616793e-16,"Transient",3,0.673541425151158,"ME1"
"Montipora_capitata_HIv3___RNAseq.g39255.t1",2,0,0,NA,NA,NA,NA,"ME5"
"Montipora_capitata_HIv3___RNAseq.g39259.t1",0,0,1,NA,NA,NA,NA,"ME1"
"Montipora_capitata_HIv3___TS.g31776.t1",1,0,0,NA,NA,NA,NA,"ME1"
"Montipora_capitata_HIv3___RNAseq.g39262.t1",1,0,1,NA,NA,NA,NA,"ME1"
"Montipora_capitata_HIv3___RNAseq.g39264.t1b",1,0,0,NA,NA,NA,NA,"ME18"
"Montipora_capitata_HIv3___RNAseq.g39268.t1",1,0,0,NA,NA,NA,NA,"ME2"
"Montipora_capitata_HIv3___RNAseq.g39272.t1",0,1,0,NA,NA,NA,NA,"ME16"
"Montipora_capitata_HIv3___TS.g31789.t1",1,0,0,NA,NA,NA,NA,"ME5"
"Montipora_capitata_HIv3___RNAseq.g39274.t1",1,0,0,0.00165922201598704,"Transient",4,0.977893447659969,"ME0"
"Montipora_capitata_HIv3___RNAseq.g39276.t1",1,1,1,NA,NA,NA,NA,"ME5"
"Montipora_capitata_HIv3___TS.g31795.t1",1,1,0,NA,NA,NA,NA,"ME5"
"Montipora_capitata_HIv3___TS.g31796.t1",0,0,1,NA,NA,NA,NA,"ME3"
"Montipora_capitata_HIv3___TS.g31797.t2",1,0,0,NA,NA,NA,NA,"ME14"
"Montipora_capitata_HIv3___RNAseq.g39286.t1",0,1,0,NA,NA,NA,NA,"ME2"
"Montipora_capitata_HIv3___RNAseq.g39293.t1",0,0,1,NA,NA,NA,NA,"ME1"
"Montipora_capitata_HIv3___TS.g31810.t1",0,0,1,NA,NA,NA,NA,"ME5"
"Montipora_capitata_HIv3___RNAseq.g39300.t1",1,0,0,NA,NA,NA,NA,"ME1"
"Montipora_capitata_HIv3___RNAseq.g39303.t1",0,0,1,NA,NA,NA,NA,"ME10"
"Montipora_capitata_HIv3___TS.g31817.t2",1,0,0,0.000514268320256069,"Transient",4,0.898318545975068,"ME28"
"Montipora_capitata_HIv3___RNAseq.g39306.t1",1,0,0,NA,NA,NA,NA,"ME2"
"Montipora_capitata_HIv3___RNAseq.g39321.t1",1,0,0,0.000179692304098101,"Monotonous",1,0.918806558529148,"ME3"
"Montipora_capitata_HIv3___RNAseq.g39326.t1a",1,0,0,NA,NA,NA,NA,"ME1"
"Montipora_capitata_HIv3___RNAseq.g39326.t1b",0,1,0,NA,NA,NA,NA,"ME1"
"Montipora_capitata_HIv3___RNAseq.g39327.t3",1,0,0,0.00893410380858168,"Monotonous",1,0.612517169723536,"ME25"
"Montipora_capitata_HIv3___RNAseq.g39328.t1",1,0,0,3.16120985362247e-05,"Monotonous",NA,NA,"ME3"
"Montipora_capitata_HIv3___RNAseq.g39329.t1",0,1,1,NA,NA,NA,NA,"ME17"
"Montipora_capitata_HIv3___RNAseq.g39334.t1",1,0,0,0.00725036004750555,"Other",2,0.687826835154149,"ME4"
"Montipora_capitata_HIv3___RNAseq.g39337.t1",0,1,0,NA,NA,NA,NA,"ME21"
"Montipora_capitata_HIv3___RNAseq.g39338.t1",0,1,0,2.51213994201657e-07,"Monotonous",6,0.976456594911087,"ME9"
"Montipora_capitata_HIv3___RNAseq.g39341.t1",1,1,0,NA,NA,NA,NA,"ME3"
"Montipora_capitata_HIv3___RNAseq.g39342.t2",1,0,0,NA,NA,NA,NA,"ME1"
"Montipora_capitata_HIv3___RNAseq.g39343.t1",0,1,0,NA,NA,NA,NA,"ME1"
"Montipora_capitata_HIv3___RNAseq.g39349.t1",1,4,0,NA,NA,NA,NA,"ME14"
"Montipora_capitata_HIv3___RNAseq.g39355.t1",1,1,0,NA,NA,NA,NA,"ME1"
"Montipora_capitata_HIv3___RNAseq.g39376.t1",0,2,0,NA,NA,NA,NA,"ME18"
"Montipora_capitata_HIv3___TS.g31896.t2",0,2,0,NA,NA,NA,NA,"ME21"
"Montipora_capitata_HIv3___RNAseq.g39385.t1",1,0,0,NA,NA,NA,NA,"ME1"
"Montipora_capitata_HIv3___RNAseq.g39387.t1",0,1,0,0.00250494452008319,"Transient",NA,NA,"ME1"
"Montipora_capitata_HIv3___RNAseq.g39388.t1",1,1,0,NA,NA,NA,NA,"ME1"
"Montipora_capitata_HIv3___RNAseq.g39395.t1",0,1,0,0.0474622786265947,"Transient",5,0.969382092706783,"ME3"
"Montipora_capitata_HIv3___RNAseq.g39396.t1",0,2,0,NA,NA,NA,NA,"ME15"
"Montipora_capitata_HIv3___RNAseq.g39412.t1",0,2,0,0.0173842458715176,"Monotonous",3,0.77482504041225,"ME15"
"Montipora_capitata_HIv3___RNAseq.g39413.t1",1,0,1,NA,NA,NA,NA,"ME12"
"Montipora_capitata_HIv3___RNAseq.g39414.t1",0,0,1,NA,NA,NA,NA,"ME14"
"Montipora_capitata_HIv3___TS.g31934.t1",0,1,0,NA,NA,NA,NA,"ME6"
"Montipora_capitata_HIv3___RNAseq.g39417.t1",0,0,1,NA,NA,NA,NA,"ME2"
"Montipora_capitata_HIv3___RNAseq.g39421.t1",1,0,0,NA,NA,NA,NA,"ME3"
"Montipora_capitata_HIv3___RNAseq.g39424.t1",0,0,1,NA,NA,NA,NA,"ME5"
"Montipora_capitata_HIv3___RNAseq.g39434.t1",0,0,1,NA,NA,NA,NA,"ME22"
"Montipora_capitata_HIv3___TS.g31963.t1",0,0,1,NA,NA,NA,NA,"ME0"
"Montipora_capitata_HIv3___RNAseq.g39446.t1",0,0,1,0.000452390362372812,"Transient",5,0.903558013818351,"ME17"
"Montipora_capitata_HIv3___TS.g31977.t2",0,0,1,NA,NA,NA,NA,"ME4"
"Montipora_capitata_HIv3___RNAseq.g39463.t1",1,0,0,NA,NA,NA,NA,"ME10"
"Montipora_capitata_HIv3___TS.g31986.t1",0,1,0,NA,NA,NA,NA,"ME21"
"Montipora_capitata_HIv3___TS.g31998.t1",0,1,0,NA,NA,NA,NA,"ME3"
"Montipora_capitata_HIv3___RNAseq.g39481.t2",1,0,1,NA,NA,NA,NA,"ME2"
"Montipora_capitata_HIv3___RNAseq.g39488.t1b",0,0,1,NA,NA,NA,NA,"ME11"
"Montipora_capitata_HIv3___RNAseq.g39488.t1a",1,0,0,NA,NA,NA,NA,"ME27"
"Montipora_capitata_HIv3___RNAseq.g39489.t1",2,0,0,NA,NA,NA,NA,"ME0"
"Montipora_capitata_HIv3___RNAseq.g39490.t1",0,1,0,NA,NA,NA,NA,"ME6"
"Montipora_capitata_HIv3___RNAseq.g39492.t1",1,0,0,NA,NA,NA,NA,"ME16"
"Montipora_capitata_HIv3___RNAseq.g39500.t1",1,0,0,0.0316949837857284,"Other",NA,NA,"ME3"
"Montipora_capitata_HIv3___RNAseq.g39503.t1",0,1,0,2.48935813879484e-08,"Monotonous",2,0.851980220370614,"ME1"
"Montipora_capitata_HIv3___RNAseq.g39504.t1",0,0,1,0.00402473206145038,"Transient",4,0.813182658918634,"ME7"
"Montipora_capitata_HIv3___RNAseq.g39506.t1",0,1,0,NA,NA,NA,NA,"ME9"
"Montipora_capitata_HIv3___RNAseq.g39530.t1",1,0,0,NA,NA,NA,NA,"ME4"
"Montipora_capitata_HIv3___RNAseq.g39536.t1",0,0,1,NA,NA,NA,NA,"ME0"
"Montipora_capitata_HIv3___RNAseq.g39540.t1",1,0,0,NA,NA,NA,NA,"ME10"
"Montipora_capitata_HIv3___RNAseq.g39542.t1",0,1,1,NA,NA,NA,NA,"ME30"
"Montipora_capitata_HIv3___RNAseq.g39546.t1",0,1,0,NA,NA,NA,NA,"ME7"
"Montipora_capitata_HIv3___TS.g32067.t1",0,1,0,3.16812545585607e-07,"Monotonous",1,0.954678793859941,"ME3"
"Montipora_capitata_HIv3___TS.g32074.t1",0,0,1,0.00689397028021848,"Monotonous",1,0.752326315472475,"ME8"
"Montipora_capitata_HIv3___RNAseq.g39556.t1",1,0,0,6.64823272621564e-07,"Monotonous",1,0.733874393862233,"ME3"
"Montipora_capitata_HIv3___RNAseq.g39557.t1",1,0,0,1.07705428228587e-08,"Monotonous",6,0.579152908373295,"ME3"
"Montipora_capitata_HIv3___RNAseq.g39558.t1",0,2,0,1.25630540590247e-08,"Monotonous",6,0.751516526055307,"ME3"
"Montipora_capitata_HIv3___RNAseq.g39564.t1",0,1,0,NA,NA,NA,NA,"ME2"
"Montipora_capitata_HIv3___TS.g32094.t1",0,0,2,0.0295991748872763,"Other",2,0.562530788352456,"ME1"
"Montipora_capitata_HIv3___TS.g32102.t1",1,0,1,NA,NA,NA,NA,"ME1"
"Montipora_capitata_HIv3___RNAseq.g39581.t1",0,0,1,NA,NA,NA,NA,"ME2"
"Montipora_capitata_HIv3___RNAseq.g39582.t1",1,0,0,NA,NA,NA,NA,"ME5"
"Montipora_capitata_HIv3___TS.g32108.t2",0,0,1,NA,NA,NA,NA,"ME3"
"Montipora_capitata_HIv3___RNAseq.41731_t",1,0,0,NA,NA,NA,NA,"ME5"
"Montipora_capitata_HIv3___RNAseq.g39588.t1",1,0,0,NA,NA,NA,NA,"ME2"
"Montipora_capitata_HIv3___RNAseq.g39592.t1",0,2,0,NA,NA,NA,NA,"ME0"
"Montipora_capitata_HIv3___RNAseq.g39601.t1",0,0,1,NA,NA,NA,NA,"ME23"
"Montipora_capitata_HIv3___TS.g32125.t1",0,0,1,NA,NA,NA,NA,"ME6"
"Montipora_capitata_HIv3___RNAseq.g39602.t1",1,0,0,0.036544923910018,"Other",1,0.80059420873819,"ME23"
"Montipora_capitata_HIv3___RNAseq.g39608.t1",0,1,0,NA,NA,NA,NA,"ME0"
"Montipora_capitata_HIv3___RNAseq.g39614.t2",0,0,1,0.0474555992598759,"Other",4,0.531049300296074,"ME3"
"Montipora_capitata_HIv3___RNAseq.g39626.t1a",0,0,1,NA,NA,NA,NA,"ME1"
"Montipora_capitata_HIv3___RNAseq.g39626.t1b",1,0,0,0.0115676730184496,"Monotonous",2,0.942963899645305,"ME1"
"Montipora_capitata_HIv3___RNAseq.g39634.t1",1,0,0,NA,NA,NA,NA,"ME9"
"Montipora_capitata_HIv3___RNAseq.g39639.t1",1,0,0,0.00552173213337348,"Monotonous",6,0.860922556204327,"ME9"
"Montipora_capitata_HIv3___RNAseq.g39641.t1",0,0,1,NA,NA,NA,NA,"ME2"
"Montipora_capitata_HIv3___RNAseq.g39643.t1",0,0,2,0.021728881390284,"Transient",3,0.96018235979659,"ME1"
"Montipora_capitata_HIv3___RNAseq.g39644.t1",1,0,0,NA,NA,NA,NA,"ME13"
"Montipora_capitata_HIv3___RNAseq.g39650.t1",0,1,1,NA,NA,NA,NA,"ME11"
"Montipora_capitata_HIv3___RNAseq.g39665.t1",1,0,0,NA,NA,NA,NA,"ME0"
"Montipora_capitata_HIv3___TS.g32195.t2",0,2,0,5.3939886418493e-05,"Transient",3,0.957749741937029,"ME1"
"Montipora_capitata_HIv3___RNAseq.g39674.t1",0,0,1,1.89527415999588e-05,"Monotonous",6,0.992008134128408,"ME9"
"Montipora_capitata_HIv3___RNAseq.g39691.t1",2,0,0,NA,NA,NA,NA,"ME2"
"Montipora_capitata_HIv3___RNAseq.g39692.t2",1,0,1,NA,NA,NA,NA,"ME16"
"Montipora_capitata_HIv3___RNAseq.g39695.t1",0,0,1,NA,NA,NA,NA,"ME4"
"Montipora_capitata_HIv3___RNAseq.g39696.t1",0,0,1,NA,NA,NA,NA,"ME1"
"Montipora_capitata_HIv3___RNAseq.g39698.t1",0,0,1,NA,NA,NA,NA,"ME1"
"Montipora_capitata_HIv3___RNAseq.g39706.t2",1,0,1,NA,NA,NA,NA,"ME13"
"Montipora_capitata_HIv3___TS.g32231.t2",1,1,0,NA,NA,NA,NA,"ME0"
"Montipora_capitata_HIv3___RNAseq.g39709.t1",0,1,0,NA,NA,NA,NA,"ME24"
"Montipora_capitata_HIv3___RNAseq.g39713.t1",1,0,0,NA,NA,NA,NA,"ME4"
"Montipora_capitata_HIv3___TS.g32246.t1",0,0,1,NA,NA,NA,NA,"ME0"
"Montipora_capitata_HIv3___TS.g32249.t1",0,0,1,NA,NA,NA,NA,"ME22"
"Montipora_capitata_HIv3___RNAseq.g39727.t1",0,1,0,NA,NA,NA,NA,"ME0"
"Montipora_capitata_HIv3___RNAseq.g39730.t1",0,1,0,NA,NA,NA,NA,"ME17"
"Montipora_capitata_HIv3___RNAseq.g39733.t1",0,0,1,NA,NA,NA,NA,"ME4"
"Montipora_capitata_HIv3___RNAseq.g39735.t1",0,0,1,NA,NA,NA,NA,"ME4"
"Montipora_capitata_HIv3___RNAseq.g39743.t1",1,0,0,NA,NA,NA,NA,"ME28"
"Montipora_capitata_HIv3___RNAseq.g39746.t1",1,0,0,NA,NA,NA,NA,"ME2"
"Montipora_capitata_HIv3___RNAseq.g39748.t1",0,1,0,NA,NA,NA,NA,"ME8"
"Montipora_capitata_HIv3___TS.g32280.t1",1,0,0,NA,NA,NA,NA,"ME8"
"Montipora_capitata_HIv3___TS.g32281.t1",1,0,0,NA,NA,NA,NA,"ME10"
"Montipora_capitata_HIv3___RNAseq.g39758.t1",0,1,0,NA,NA,NA,NA,"ME0"
"Montipora_capitata_HIv3___RNAseq.g39765.t2",1,0,0,0.0196715909927453,"Other",NA,NA,"ME0"
"Montipora_capitata_HIv3___RNAseq.g39767.t1",0,0,1,NA,NA,NA,NA,"ME0"
"Montipora_capitata_HIv3___TS.g32291.t1",0,0,1,NA,NA,NA,NA,"ME9"
"Montipora_capitata_HIv3___RNAseq.g39771.t1",0,0,1,NA,NA,NA,NA,"ME1"
"Montipora_capitata_HIv3___RNAseq.g39772.t1",0,1,0,NA,NA,NA,NA,"ME25"
"Montipora_capitata_HIv3___RNAseq.g39774.t1",0,1,0,NA,NA,NA,NA,"ME26"
"Montipora_capitata_HIv3___RNAseq.g39775.t1",0,1,1,NA,NA,NA,NA,"ME16"
"Montipora_capitata_HIv3___RNAseq.g39777.t1",0,0,1,NA,NA,NA,NA,"ME21"
"Montipora_capitata_HIv3___RNAseq.g39778.t1",0,0,1,9.15352654035891e-05,"Transient",3,0.836042707087031,"ME1"
"Montipora_capitata_HIv3___RNAseq.g39789.t2",1,0,0,NA,NA,NA,NA,"ME9"
"Montipora_capitata_HIv3___RNAseq.g39795.t1",0,0,1,NA,NA,NA,NA,"ME0"
"Montipora_capitata_HIv3___RNAseq.g39796.t1",0,1,0,NA,NA,NA,NA,"ME1"
"Montipora_capitata_HIv3___RNAseq.g39800.t2",2,0,0,NA,NA,NA,NA,"ME7"
"Montipora_capitata_HIv3___RNAseq.g39802.t1",0,0,1,NA,NA,NA,NA,"ME8"
"Montipora_capitata_HIv3___RNAseq.g39808.t1",0,1,0,NA,NA,NA,NA,"ME8"
"Montipora_capitata_HIv3___RNAseq.g39810.t2",1,0,0,NA,NA,NA,NA,"ME0"
"Montipora_capitata_HIv3___TS.g32336.t1",1,0,0,NA,NA,NA,NA,"ME3"
"Montipora_capitata_HIv3___RNAseq.41986_t",1,0,0,NA,NA,NA,NA,"ME10"
"Montipora_capitata_HIv3___RNAseq.g39817.t1",0,0,1,NA,NA,NA,NA,"ME19"
"Montipora_capitata_HIv3___RNAseq.g39818.t1",0,0,1,NA,NA,NA,NA,"ME19"
"Montipora_capitata_HIv3___RNAseq.g39821.t1",0,0,1,6.59373625428566e-06,"Monotonous",2,0.911104465642511,"ME19"
"Montipora_capitata_HIv3___TS.g32344.t3",1,0,0,NA,NA,NA,NA,"ME0"
"Montipora_capitata_HIv3___RNAseq.g39831.t1",0,0,1,NA,NA,NA,NA,"ME0"
"Montipora_capitata_HIv3___RNAseq.g39832.t1",0,1,0,0.0180243049319886,"Transient",3,0.90757198096996,"ME1"
"Montipora_capitata_HIv3___RNAseq.g39833.t1",0,0,1,0.0160734599256816,"Transient",3,0.862626893359324,"ME1"
"Montipora_capitata_HIv3___RNAseq.g39834.t1",0,1,0,NA,NA,NA,NA,"ME7"
"Montipora_capitata_HIv3___RNAseq.g39835.t1",0,1,0,NA,NA,NA,NA,"ME7"
"Montipora_capitata_HIv3___TS.g32357.t1",1,0,0,NA,NA,NA,NA,"ME8"
"Montipora_capitata_HIv3___RNAseq.g39837.t1",0,0,1,NA,NA,NA,NA,"ME0"
"Montipora_capitata_HIv3___RNAseq.g39839.t1",0,1,0,NA,NA,NA,NA,"ME1"
"Montipora_capitata_HIv3___RNAseq.g39842.t1",1,0,0,0.00369077393883083,"Monotonous",1,0.788663666264023,"ME10"
"Montipora_capitata_HIv3___RNAseq.g39844.t1",1,0,0,NA,NA,NA,NA,"ME1"
"Montipora_capitata_HIv3___RNAseq.g39848.t1",1,0,0,0.000351889070081056,"Monotonous",1,0.751706670001738,"ME10"
"Montipora_capitata_HIv3___RNAseq.g39853.t1",0,0,1,NA,NA,NA,NA,"ME9"
"Montipora_capitata_HIv3___TS.g32377.t1",1,0,0,NA,NA,NA,NA,"ME25"
"Montipora_capitata_HIv3___RNAseq.g39861.t1",0,1,0,NA,NA,NA,NA,"ME18"
"Montipora_capitata_HIv3___RNAseq.g39862.t1",0,1,0,NA,NA,NA,NA,"ME19"
"Montipora_capitata_HIv3___RNAseq.g39866.t1",0,0,1,NA,NA,NA,NA,"ME8"
"Montipora_capitata_HIv3___RNAseq.g39868.t1",1,0,0,0.00877486126546378,"Monotonous",1,0.821658008362818,"ME8"
"Montipora_capitata_HIv3___TS.g32389.t1",0,0,2,NA,NA,NA,NA,"ME8"
"Montipora_capitata_HIv3___TS.g32390.t1",0,0,1,NA,NA,NA,NA,"ME8"
"Montipora_capitata_HIv3___RNAseq.g39873.t1",1,0,0,NA,NA,NA,NA,"ME7"
"Montipora_capitata_HIv3___RNAseq.g39874.t1",1,0,0,NA,NA,NA,NA,"ME8"
"Montipora_capitata_HIv3___RNAseq.g39875.t1",2,0,0,NA,NA,NA,NA,"ME27"
"Montipora_capitata_HIv3___RNAseq.g39881.t1",1,0,0,NA,NA,NA,NA,"ME6"
"Montipora_capitata_HIv3___RNAseq.42056_t",1,0,0,2.5286223707471e-05,"Transient",3,0.97715449962823,"ME1"
"Montipora_capitata_HIv3___RNAseq.g39883.t1",0,1,0,NA,NA,NA,NA,"ME12"
"Montipora_capitata_HIv3___RNAseq.g39893.t1",0,0,1,2.73208208443026e-07,"Transient",5,0.969225430605557,"ME6"
"Montipora_capitata_HIv3___RNAseq.g39894.t1",0,0,1,NA,NA,NA,NA,"ME0"
"Montipora_capitata_HIv3___RNAseq.g39896.t1",0,1,0,NA,NA,NA,NA,"ME1"
"Montipora_capitata_HIv3___TS.g32415.t6",0,1,0,NA,NA,NA,NA,"ME8"
"Montipora_capitata_HIv3___RNAseq.g39903.t1",0,0,1,NA,NA,NA,NA,"ME2"
"Montipora_capitata_HIv3___RNAseq.42097_t",0,0,1,NA,NA,NA,NA,"ME0"
"Montipora_capitata_HIv3___RNAseq.g39922.t1",0,2,0,NA,NA,NA,NA,"ME1"
"Montipora_capitata_HIv3___TS.g32443.t1",0,0,2,0.0204432378880068,"Other",2,0.684214096084388,"ME2"
"Montipora_capitata_HIv3___RNAseq.g39927.t1",0,2,1,0.0339879029824646,"Other",3,0.803926805715569,"ME1"
"Montipora_capitata_HIv3___RNAseq.g39928.t1",0,2,1,NA,NA,NA,NA,"ME2"
"Montipora_capitata_HIv3___RNAseq.g39929.t1",1,0,0,NA,NA,NA,NA,"ME9"
"Montipora_capitata_HIv3___TS.g32454.t1",1,0,0,0.00579583829619456,"Transient",3,0.963068843722596,"ME1"
"Montipora_capitata_HIv3___TS.g32458.t3",0,0,1,0.0100558779897627,"Other",1,0.519532909994785,"ME4"
"Montipora_capitata_HIv3___RNAseq.g39940.t1",0,1,0,NA,NA,NA,NA,"ME1"
"Montipora_capitata_HIv3___RNAseq.g39942.t1",1,0,0,NA,NA,NA,NA,"ME0"
"Montipora_capitata_HIv3___RNAseq.g39943.t1",1,0,0,NA,NA,NA,NA,"ME7"
"Montipora_capitata_HIv3___RNAseq.42142_t",1,0,1,NA,NA,NA,NA,"ME3"
"Montipora_capitata_HIv3___RNAseq.g39967.t1",1,0,0,NA,NA,NA,NA,"ME11"
"Montipora_capitata_HIv3___RNAseq.g39975.t1",1,0,0,NA,NA,NA,NA,"ME2"
"Montipora_capitata_HIv3___RNAseq.g16154.t1",0,2,0,NA,NA,NA,NA,"ME2"
"Montipora_capitata_HIv3___RNAseq.g16155.t1",0,1,0,NA,NA,NA,NA,"ME1"
"Montipora_capitata_HIv3___RNAseq.g16156.t1",0,1,0,NA,NA,NA,NA,"ME1"
"Montipora_capitata_HIv3___RNAseq.g16157.t1",1,0,1,NA,NA,NA,NA,"ME4"
"Montipora_capitata_HIv3___RNAseq.g16159.t1",2,0,0,NA,NA,NA,NA,"ME4"
"Montipora_capitata_HIv3___RNAseq.42580_t",1,0,0,NA,NA,NA,NA,"ME4"
"Montipora_capitata_HIv3___RNAseq.g16095.t1",0,1,0,NA,NA,NA,NA,"ME4"
"Montipora_capitata_HIv3___RNAseq.g16150.t1",1,1,0,NA,NA,NA,NA,"ME0"
"Montipora_capitata_HIv3___RNAseq.g15639.t1",1,0,0,NA,NA,NA,NA,"ME15"
"Montipora_capitata_HIv3___RNAseq.g15645.t1",0,1,0,NA,NA,NA,NA,"ME21"
"Montipora_capitata_HIv3___RNAseq.g15648.t1",0,1,0,NA,NA,NA,NA,"ME0"
"Montipora_capitata_HIv3___RNAseq.g15650.t1b",0,1,0,0.0444186244482664,"Other",1,0.722572508421626,"ME23"
"Montipora_capitata_HIv3___RNAseq.g15655.t1",0,0,1,NA,NA,NA,NA,"ME6"
"Montipora_capitata_HIv3___RNAseq.42184_t",0,0,1,NA,NA,NA,NA,"ME15"
"Montipora_capitata_HIv3___RNAseq.g15657.t1",0,0,1,NA,NA,NA,NA,"ME1"
"Montipora_capitata_HIv3___RNAseq.g15664.t1",1,0,0,NA,NA,NA,NA,"ME0"
"Montipora_capitata_HIv3___RNAseq.g15667.t1",0,1,1,0.00329860266034371,"Transient",1,0.522379137179421,"ME10"
"Montipora_capitata_HIv3___RNAseq.g15675.t1",1,0,0,NA,NA,NA,NA,"ME1"
"Montipora_capitata_HIv3___RNAseq.g15677.t1",0,0,1,0.00755619377448129,"Transient",4,0.924449499981242,"ME3"
"Montipora_capitata_HIv3___TS.g10995.t1",0,0,1,0.00794157840437127,"Monotonous",3,0.963055697021767,"ME1"
"Montipora_capitata_HIv3___TS.g10997.t1",1,0,0,NA,NA,NA,NA,"ME2"
"Montipora_capitata_HIv3___RNAseq.g15682.t1",1,1,0,NA,NA,NA,NA,"ME12"
"Montipora_capitata_HIv3___RNAseq.g15686.t1",0,0,1,NA,NA,NA,NA,"ME16"
"Montipora_capitata_HIv3___RNAseq.g15687.t1",1,0,0,NA,NA,NA,NA,"ME5"
"Montipora_capitata_HIv3___RNAseq.g15689.t1",1,0,0,0.0130827605266028,"Transient",NA,NA,"ME3"
"Montipora_capitata_HIv3___TS.g11012.t1",0,1,0,NA,NA,NA,NA,"ME15"
"Montipora_capitata_HIv3___TS.g11013.t1",0,0,1,NA,NA,NA,NA,"ME22"
"Montipora_capitata_HIv3___RNAseq.g15696.t1",0,1,1,NA,NA,NA,NA,"ME7"
"Montipora_capitata_HIv3___RNAseq.g15698.t1",0,0,1,NA,NA,NA,NA,"ME20"
"Montipora_capitata_HIv3___RNAseq.g15706.t1",1,0,0,NA,NA,NA,NA,"ME5"
"Montipora_capitata_HIv3___RNAseq.g15725.t1",1,0,0,NA,NA,NA,NA,"ME4"
"Montipora_capitata_HIv3___TS.g11048.t1",0,0,1,NA,NA,NA,NA,"ME4"
"Montipora_capitata_HIv3___RNAseq.g15733.t1",1,0,0,NA,NA,NA,NA,"ME22"
"Montipora_capitata_HIv3___RNAseq.g15736.t1",1,0,0,0.038608918911034,"Transient",5,0.672508699424356,"ME29"
"Montipora_capitata_HIv3___RNAseq.g15737.t1",1,1,0,NA,NA,NA,NA,"ME2"
"Montipora_capitata_HIv3___RNAseq.g15746.t1",1,0,0,NA,NA,NA,NA,"ME2"
"Montipora_capitata_HIv3___TS.g11064.t2",0,1,0,NA,NA,NA,NA,"ME3"
"Montipora_capitata_HIv3___RNAseq.g15750.t1",1,0,0,0.00102651509051212,"Transient",4,0.947029317967669,"ME15"
"Montipora_capitata_HIv3___RNAseq.g15757.t1",0,0,1,0.0278325017034011,"Other",3,0.897425083847524,"ME1"
"Montipora_capitata_HIv3___TS.g11073.t1",0,0,1,0.0243698676721839,"Other",5,0.629268367924121,"ME4"
"Montipora_capitata_HIv3___RNAseq.g15762.t1",1,0,0,NA,NA,NA,NA,"ME7"
"Montipora_capitata_HIv3___RNAseq.g15764.t1",0,0,1,0.00930535150191218,"Other",2,0.507596938018927,"ME20"
"Montipora_capitata_HIv3___RNAseq.g15765.t1",0,1,0,NA,NA,NA,NA,"ME17"
"Montipora_capitata_HIv3___RNAseq.g15766.t1",0,1,0,NA,NA,NA,NA,"ME0"
"Montipora_capitata_HIv3___RNAseq.g15767.t1",1,1,0,NA,NA,NA,NA,"ME1"
"Montipora_capitata_HIv3___RNAseq.g15771.t1",1,0,0,NA,NA,NA,NA,"ME3"
"Montipora_capitata_HIv3___RNAseq.g15772.t1",1,0,0,0.000378874375725665,"Monotonous",1,0.552696425745186,"ME17"
"Montipora_capitata_HIv3___RNAseq.g15774.t1",1,0,0,NA,NA,NA,NA,"ME9"
"Montipora_capitata_HIv3___RNAseq.g15775.t1",2,0,0,NA,NA,NA,NA,"ME0"
"Montipora_capitata_HIv3___RNAseq.g15777.t1",0,1,0,NA,NA,NA,NA,"ME5"
"Montipora_capitata_HIv3___TS.g11092.t1",0,0,1,NA,NA,NA,NA,"ME0"
"Montipora_capitata_HIv3___RNAseq.g15786.t1",1,0,0,NA,NA,NA,NA,"ME3"
"Montipora_capitata_HIv3___RNAseq.g15791.t1",1,0,0,NA,NA,NA,NA,"ME0"
"Montipora_capitata_HIv3___RNAseq.g15792.t1",1,0,0,NA,NA,NA,NA,"ME26"
"Montipora_capitata_HIv3___RNAseq.g15793.t1",0,1,0,0.00171445760920545,"Other",4,0.942544853631145,"ME7"
"Montipora_capitata_HIv3___RNAseq.g15799.t1",0,2,0,NA,NA,NA,NA,"ME25"
"Montipora_capitata_HIv3___RNAseq.g15800.t1",1,0,0,NA,NA,NA,NA,"ME5"
"Montipora_capitata_HIv3___RNAseq.g15802.t1",0,1,0,NA,NA,NA,NA,"ME15"
"Montipora_capitata_HIv3___RNAseq.g15813.t1",1,0,0,NA,NA,NA,NA,"ME5"
"Montipora_capitata_HIv3___TS.g11121.t1",1,0,0,NA,NA,NA,NA,"ME26"
"Montipora_capitata_HIv3___RNAseq.g15818.t1",0,0,1,NA,NA,NA,NA,"ME0"
"Montipora_capitata_HIv3___RNAseq.g15831.t1",0,1,0,NA,NA,NA,NA,"ME0"
"Montipora_capitata_HIv3___RNAseq.g15836.t1",0,0,1,NA,NA,NA,NA,"ME5"
"Montipora_capitata_HIv3___RNAseq.g15837.t1",0,0,1,NA,NA,NA,NA,"ME3"
"Montipora_capitata_HIv3___RNAseq.g15840.t1",0,1,0,3.28051140064978e-06,"Monotonous",2,0.827217925036135,"ME18"
"Montipora_capitata_HIv3___RNAseq.g15845.t1",0,4,0,NA,NA,NA,NA,"ME7"
"Montipora_capitata_HIv3___RNAseq.g15859.t1",1,0,0,NA,NA,NA,NA,"ME1"
"Montipora_capitata_HIv3___RNAseq.42380_t",1,0,0,NA,NA,NA,NA,"ME3"
"Montipora_capitata_HIv3___RNAseq.g15864.t1",1,0,0,NA,NA,NA,NA,"ME8"
"Montipora_capitata_HIv3___RNAseq.g15869.t1",1,1,0,NA,NA,NA,NA,"ME4"
"Montipora_capitata_HIv3___TS.g11176.t1",1,0,0,NA,NA,NA,NA,"ME18"
"Montipora_capitata_HIv3___RNAseq.g15872.t1",1,0,1,NA,NA,NA,NA,"ME4"
"Montipora_capitata_HIv3___RNAseq.g15879.t1",1,0,0,NA,NA,NA,NA,"ME1"
"Montipora_capitata_HIv3___RNAseq.g15881.t1",0,0,2,NA,NA,NA,NA,"ME19"
"Montipora_capitata_HIv3___TS.g11188.t1",2,0,0,0.00255057443540063,"Transient",3,0.907739525537466,"ME19"
"Montipora_capitata_HIv3___RNAseq.g15888.t2a",1,0,0,NA,NA,NA,NA,"ME1"
"Montipora_capitata_HIv3___RNAseq.g15891.t1",0,2,0,NA,NA,NA,NA,"ME4"
"Montipora_capitata_HIv3___TS.g11201.t1",1,0,0,NA,NA,NA,NA,"ME0"
"Montipora_capitata_HIv3___RNAseq.g15896.t1",1,0,0,NA,NA,NA,NA,"ME1"
"Montipora_capitata_HIv3___RNAseq.g15899.t1",0,1,0,NA,NA,NA,NA,"ME22"
"Montipora_capitata_HIv3___TS.g11209.t2",0,1,0,NA,NA,NA,NA,"ME12"
"Montipora_capitata_HIv3___TS.g11210.t1",0,1,0,0.0188026638393876,"Other",2,0.838395348133112,"ME1"
"Montipora_capitata_HIv3___RNAseq.g15906.t1",0,1,0,NA,NA,NA,NA,"ME9"
"Montipora_capitata_HIv3___RNAseq.g15908.t1",1,0,0,NA,NA,NA,NA,"ME3"
"Montipora_capitata_HIv3___RNAseq.g15919.t1",2,0,0,0.014228899860936,"Other",6,0.727846174853566,"ME5"
"Montipora_capitata_HIv3___RNAseq.g15923.t1",0,0,1,NA,NA,NA,NA,"ME22"
"Montipora_capitata_HIv3___RNAseq.g15924.t1",1,0,0,1.2587225516453e-14,"Monotonous",NA,NA,"ME3"
"Montipora_capitata_HIv3___RNAseq.g15926.t1",0,0,1,0.0072658706296014,"Transient",5,0.51663062274941,"ME4"
"Montipora_capitata_HIv3___RNAseq.g15928.t1",0,1,0,NA,NA,NA,NA,"ME0"
"Montipora_capitata_HIv3___RNAseq.g15941.t1",2,0,0,NA,NA,NA,NA,"ME2"
"Montipora_capitata_HIv3___RNAseq.g15943.t1",0,1,1,0.0450349930757051,"Other",3,0.78663306869913,"ME1"
"Montipora_capitata_HIv3___RNAseq.g15954.t1",1,0,0,NA,NA,NA,NA,"ME9"
"Montipora_capitata_HIv3___RNAseq.g15956.t1",2,0,0,NA,NA,NA,NA,"ME2"
"Montipora_capitata_HIv3___RNAseq.g15958.t1",1,0,1,NA,NA,NA,NA,"ME0"
"Montipora_capitata_HIv3___RNAseq.g15959.t1",0,0,1,NA,NA,NA,NA,"ME0"
"Montipora_capitata_HIv3___TS.g11266.t1",1,0,0,NA,NA,NA,NA,"ME15"
"Montipora_capitata_HIv3___RNAseq.g15990.t1",1,0,0,0.00028304954621038,"Monotonous",2,0.613819072782714,"ME1"
"Montipora_capitata_HIv3___TS.g11295.t1",1,0,0,NA,NA,NA,NA,"ME2"
"Montipora_capitata_HIv3___TS.g11299.t1",0,3,0,NA,NA,NA,NA,"ME2"
"Montipora_capitata_HIv3___RNAseq.g16004.t1",0,0,1,NA,NA,NA,NA,"ME0"
"Montipora_capitata_HIv3___TS.g11311.t1",0,0,1,NA,NA,NA,NA,"ME2"
"Montipora_capitata_HIv3___RNAseq.g16011.t1",0,1,0,NA,NA,NA,NA,"ME16"
"Montipora_capitata_HIv3___RNAseq.g16015.t1",0,1,0,NA,NA,NA,NA,"ME5"
"Montipora_capitata_HIv3___RNAseq.g16016.t1",0,1,0,NA,NA,NA,NA,"ME9"
"Montipora_capitata_HIv3___RNAseq.g16019.t1",1,0,1,0.0164987256109657,"Other",4,0.955229611776615,"ME11"
"Montipora_capitata_HIv3___RNAseq.g16020.t2",0,1,0,NA,NA,NA,NA,"ME18"
"Montipora_capitata_HIv3___RNAseq.g16023.t1",1,0,0,NA,NA,NA,NA,"ME3"
"Montipora_capitata_HIv3___RNAseq.g16025.t1",0,1,0,0.0156656007926083,"Other",6,0.819480241269854,"ME25"
"Montipora_capitata_HIv3___RNAseq.g16039.t1a",1,0,0,NA,NA,NA,NA,"ME4"
"Montipora_capitata_HIv3___RNAseq.g16040.t1",0,1,0,NA,NA,NA,NA,"ME10"
"Montipora_capitata_HIv3___RNAseq.g16042.t1",0,0,1,NA,NA,NA,NA,"ME10"
"Montipora_capitata_HIv3___TS.g11342.t1b",1,0,0,NA,NA,NA,NA,"ME26"
"Montipora_capitata_HIv3___TS.g11355.t2",0,0,1,NA,NA,NA,NA,"ME1"
"Montipora_capitata_HIv3___RNAseq.g16060.t1",0,1,0,NA,NA,NA,NA,"ME11"
"Montipora_capitata_HIv3___RNAseq.42581_t",1,0,1,0.0184066725696686,"Other",6,0.539673101789741,"ME4"
"Montipora_capitata_HIv3___RNAseq.g16070.t1",1,0,2,NA,NA,NA,NA,"ME3"
"Montipora_capitata_HIv3___RNAseq.g16091.t1",2,0,0,NA,NA,NA,NA,"ME4"
"Montipora_capitata_HIv3___RNAseq.g16093.t1",0,1,0,NA,NA,NA,NA,"ME4"
"Montipora_capitata_HIv3___RNAseq.g16098.t1",1,0,0,NA,NA,NA,NA,"ME12"
"Montipora_capitata_HIv3___RNAseq.g16138.t1",0,0,1,NA,NA,NA,NA,"ME13"
"Montipora_capitata_HIv3___RNAseq.g16144.t1",0,1,0,NA,NA,NA,NA,"ME2"
"Montipora_capitata_HIv3___RNAseq.g16146.t1",0,1,0,NA,NA,NA,NA,"ME6"
"Montipora_capitata_HIv3___RNAseq.g16512.t1",1,0,0,NA,NA,NA,NA,"ME4"
"Montipora_capitata_HIv3___RNAseq.g16421.t1",1,0,0,NA,NA,NA,NA,"ME0"
"Montipora_capitata_HIv3___RNAseq.g16443.t1",1,0,0,NA,NA,NA,NA,"ME0"
"Montipora_capitata_HIv3___TS.g11747.t1b",1,1,0,NA,NA,NA,NA,"ME9"
"Montipora_capitata_HIv3___RNAseq.g16174.t1",0,0,1,NA,NA,NA,NA,"ME14"
"Montipora_capitata_HIv3___RNAseq.g16177.t2b",0,0,1,NA,NA,NA,NA,"ME3"
"Montipora_capitata_HIv3___RNAseq.g16178.t1",1,0,0,NA,NA,NA,NA,"ME2"
"Montipora_capitata_HIv3___RNAseq.g16180.t1",1,1,0,NA,NA,NA,NA,"ME5"
"Montipora_capitata_HIv3___RNAseq.g16182.t1",0,1,0,NA,NA,NA,NA,"ME27"
"Montipora_capitata_HIv3___TS.g11505.t1",1,0,1,0.019284530814704,"Other",2,0.617722662755008,"ME7"
"Montipora_capitata_HIv3___RNAseq.g16211.t1",0,1,0,0.000277322556506957,"Monotonous",6,0.720538826174638,"ME10"
"Montipora_capitata_HIv3___RNAseq.g16212.t1",1,0,0,NA,NA,NA,NA,"ME1"
"Montipora_capitata_HIv3___RNAseq.g16213.t1",0,1,0,NA,NA,NA,NA,"ME0"
"Montipora_capitata_HIv3___RNAseq.g16214.t1",1,0,0,NA,NA,NA,NA,"ME20"
"Montipora_capitata_HIv3___RNAseq.g16215.t1",0,0,1,NA,NA,NA,NA,"ME1"
"Montipora_capitata_HIv3___TS.g11527.t2a",2,0,0,NA,NA,NA,NA,"ME0"
"Montipora_capitata_HIv3___RNAseq.g16220.t1",1,0,0,NA,NA,NA,NA,"ME7"
"Montipora_capitata_HIv3___RNAseq.g16224.t1",0,0,1,NA,NA,NA,NA,"ME3"
"Montipora_capitata_HIv3___TS.g11546.t1",1,0,0,NA,NA,NA,NA,"ME1"
"Montipora_capitata_HIv3___TS.g11551.t1a",1,0,0,NA,NA,NA,NA,"ME1"
"Montipora_capitata_HIv3___TS.g11551.t1b",0,0,1,0.0319190304857946,"Other",3,0.734980700858577,"ME1"
"Montipora_capitata_HIv3___RNAseq.g16258.t1",1,0,0,NA,NA,NA,NA,"ME1"
"Montipora_capitata_HIv3___RNAseq.g16261.t1",0,0,1,0.0134791722095319,"Other",6,0.786918667135387,"ME9"
"Montipora_capitata_HIv3___RNAseq.g16269.t1",0,1,0,0.00129631585066607,"Monotonous",3,0.880894561187237,"ME1"
"Montipora_capitata_HIv3___RNAseq.g16279.t1",0,1,0,0.0210155777765161,"Other",3,0.950151880328435,"ME1"
"Montipora_capitata_HIv3___TS.g11585.t1",0,2,0,NA,NA,NA,NA,"ME15"
"Montipora_capitata_HIv3___RNAseq.g16287.t1",0,1,0,NA,NA,NA,NA,"ME1"
"Montipora_capitata_HIv3___TS.g11594.t1",1,0,0,NA,NA,NA,NA,"ME23"
"Montipora_capitata_HIv3___TS.g11596.t1",2,0,0,NA,NA,NA,NA,"ME0"
"Montipora_capitata_HIv3___RNAseq.g16294.t1",1,0,0,NA,NA,NA,NA,"ME1"
"Montipora_capitata_HIv3___TS.g11601.t1",0,1,0,NA,NA,NA,NA,"ME0"
"Montipora_capitata_HIv3___RNAseq.g16302.t1",0,0,1,NA,NA,NA,NA,"ME0"
"Montipora_capitata_HIv3___TS.g11622.t1",0,0,1,0.00769252158033153,"Monotonous",2,0.806610108271551,"ME1"
"Montipora_capitata_HIv3___TS.g11624.t1",1,0,0,NA,NA,NA,NA,"ME22"
"Montipora_capitata_HIv3___RNAseq.g16323.t1",1,0,1,NA,NA,NA,NA,"ME7"
"Montipora_capitata_HIv3___RNAseq.g16334.t1",0,1,0,NA,NA,NA,NA,"ME1"
"Montipora_capitata_HIv3___RNAseq.g16340.t1",1,0,0,0.0284933895512924,"Other",NA,NA,"ME22"
"Montipora_capitata_HIv3___RNAseq.g16349.t1",0,0,1,NA,NA,NA,NA,"ME24"
"Montipora_capitata_HIv3___RNAseq.g16365.t1",0,1,0,NA,NA,NA,NA,"ME1"
"Montipora_capitata_HIv3___TS.g11669.t1",1,0,0,NA,NA,NA,NA,"ME11"
"Montipora_capitata_HIv3___RNAseq.g16377.t1",0,0,1,NA,NA,NA,NA,"ME8"
"Montipora_capitata_HIv3___RNAseq.g16390.t1",0,1,0,NA,NA,NA,NA,"ME0"
"Montipora_capitata_HIv3___RNAseq.g16398.t1",0,0,1,NA,NA,NA,NA,"ME2"
"Montipora_capitata_HIv3___RNAseq.g16408.t1",1,0,0,NA,NA,NA,NA,"ME2"
"Montipora_capitata_HIv3___RNAseq.g16412.t1",1,1,0,NA,NA,NA,NA,"ME9"
"Montipora_capitata_HIv3___RNAseq.g16416.t1",0,0,1,NA,NA,NA,NA,"ME4"
"Montipora_capitata_HIv3___RNAseq.g16429.t1",0,1,0,NA,NA,NA,NA,"ME4"
"Montipora_capitata_HIv3___RNAseq.g16463.t1",2,0,0,NA,NA,NA,NA,"ME15"
"Montipora_capitata_HIv3___RNAseq.g16464.t1",0,0,1,NA,NA,NA,NA,"ME1"
"Montipora_capitata_HIv3___RNAseq.g16480.t1",1,0,0,NA,NA,NA,NA,"ME17"
"Montipora_capitata_HIv3___TS.g11782.t1a",1,0,0,0.00124446259338724,"Monotonous",6,0.855684283949762,"ME5"
"Montipora_capitata_HIv3___RNAseq.g16509.t1",0,1,0,NA,NA,NA,NA,"ME5"
"Montipora_capitata_HIv3___TS.g12159.t1",0,2,0,0.019130456264711,"Other",5,0.570517746473897,"ME4"
"Montipora_capitata_HIv3___RNAseq.g16893.t1",1,0,0,NA,NA,NA,NA,"ME2"
"Montipora_capitata_HIv3___RNAseq.43487_t",0,1,0,NA,NA,NA,NA,"ME0"
"Montipora_capitata_HIv3___RNAseq.g16982.t1",1,0,0,NA,NA,NA,NA,"ME2"
"Montipora_capitata_HIv3___RNAseq.g16522.t1",1,0,0,NA,NA,NA,NA,"ME4"
"Montipora_capitata_HIv3___RNAseq.g16552.t1",1,0,0,NA,NA,NA,NA,"ME0"
"Montipora_capitata_HIv3___RNAseq.g16712.t1",1,0,0,NA,NA,NA,NA,"ME0"
"Montipora_capitata_HIv3___RNAseq.g16519.t1",1,1,1,9.02191144421531e-07,"Monotonous",1,0.61158690700526,"ME10"
"Montipora_capitata_HIv3___TS.g11844.t2",0,0,1,NA,NA,NA,NA,"ME4"
"Montipora_capitata_HIv3___RNAseq.g16551.t1",0,1,0,NA,NA,NA,NA,"ME1"
"Montipora_capitata_HIv3___RNAseq.g16554.t1",1,1,1,NA,NA,NA,NA,"ME23"
"Montipora_capitata_HIv3___RNAseq.g16559.t1",0,1,0,NA,NA,NA,NA,"ME2"
"Montipora_capitata_HIv3___RNAseq.g16599.t1",1,0,0,NA,NA,NA,NA,"ME0"
"Montipora_capitata_HIv3___RNAseq.g16606.t1",0,0,1,0.0222700772344161,"Transient",3,0.697387063555837,"ME1"
"Montipora_capitata_HIv3___RNAseq.g16607.t1",1,0,0,0.00462207079312391,"Transient",NA,NA,"ME3"
"Montipora_capitata_HIv3___RNAseq.g16609.t1",1,0,0,NA,NA,NA,NA,"ME26"
"Montipora_capitata_HIv3___RNAseq.g16637.t1",0,0,1,NA,NA,NA,NA,"ME12"
"Montipora_capitata_HIv3___TS.g12020.t1",0,1,0,NA,NA,NA,NA,"ME23"
"Montipora_capitata_HIv3___RNAseq.g16715.t1",1,0,0,NA,NA,NA,NA,"ME5"
"Montipora_capitata_HIv3___RNAseq.g16717.t1",1,0,0,NA,NA,NA,NA,"ME23"
"Montipora_capitata_HIv3___RNAseq.g16739.t1",1,1,0,0.0406366108243143,"Other",5,0.792695137123188,"ME6"
"Montipora_capitata_HIv3___RNAseq.g16767.t1",2,0,0,NA,NA,NA,NA,"ME12"
"Montipora_capitata_HIv3___RNAseq.g17063.t1",1,0,0,NA,NA,NA,NA,"ME2"
"Montipora_capitata_HIv3___TS.g12359.t1",2,2,0,NA,NA,NA,NA,"ME0"
"Montipora_capitata_HIv3___TS.g12370.t1",1,0,0,NA,NA,NA,NA,"ME3"
"Montipora_capitata_HIv3___RNAseq.g17088.t1",0,0,1,NA,NA,NA,NA,"ME8"
"Montipora_capitata_HIv3___TS.g12380.t4",1,0,0,NA,NA,NA,NA,"ME3"
"Montipora_capitata_HIv3___RNAseq.g17090.t1",0,2,0,NA,NA,NA,NA,"ME3"
"Montipora_capitata_HIv3___RNAseq.g17092.t1",1,0,0,0.0282886704162663,"Monotonous",NA,NA,"ME14"
"Montipora_capitata_HIv3___TS.g12400.t2",1,0,0,NA,NA,NA,NA,"ME3"
"Montipora_capitata_HIv3___RNAseq.g17118.t1",0,3,1,0.0260675603200205,"Other",3,0.788628434132223,"ME1"
"Montipora_capitata_HIv3___RNAseq.g17119.t1",0,1,0,NA,NA,NA,NA,"ME0"
"Montipora_capitata_HIv3___TS.g12414.t1",0,0,1,NA,NA,NA,NA,"ME0"
"Montipora_capitata_HIv3___RNAseq.g17433.t1",1,0,0,NA,NA,NA,NA,"ME1"
"Montipora_capitata_HIv3___TS.g12457.t1",0,1,0,NA,NA,NA,NA,"ME0"
"Montipora_capitata_HIv3___TS.g12563.t1",1,0,0,NA,NA,NA,NA,"ME11"
"Montipora_capitata_HIv3___RNAseq.g17313.t1",0,0,1,NA,NA,NA,NA,"ME4"
"Montipora_capitata_HIv3___RNAseq.g17324.t1",0,1,0,NA,NA,NA,NA,"ME22"
"Montipora_capitata_HIv3___RNAseq.g17347.t1",0,2,0,NA,NA,NA,NA,"ME0"
"Montipora_capitata_HIv3___RNAseq.g17348.t1",0,0,1,NA,NA,NA,NA,"ME0"
"Montipora_capitata_HIv3___RNAseq.g17149.t1",0,0,1,NA,NA,NA,NA,"ME2"
"Montipora_capitata_HIv3___RNAseq.g17153.t1",0,0,1,NA,NA,NA,NA,"ME2"
"Montipora_capitata_HIv3___RNAseq.g17201.t1",0,2,0,NA,NA,NA,NA,"ME4"
"Montipora_capitata_HIv3___RNAseq.g17209.t1",0,1,0,NA,NA,NA,NA,"ME3"
"Montipora_capitata_HIv3___RNAseq.g17211.t1",1,0,0,NA,NA,NA,NA,"ME4"
"Montipora_capitata_HIv3___RNAseq.g17229.t1",0,2,0,NA,NA,NA,NA,"ME4"
"Montipora_capitata_HIv3___RNAseq.g17273.t1",1,0,0,NA,NA,NA,NA,"ME11"
"Montipora_capitata_HIv3___RNAseq.g17298.t1",1,0,0,NA,NA,NA,NA,"ME0"
"Montipora_capitata_HIv3___RNAseq.g17320.t1",1,0,0,NA,NA,NA,NA,"ME12"
"Montipora_capitata_HIv3___RNAseq.g17346.t1",1,0,0,NA,NA,NA,NA,"ME0"
"Montipora_capitata_HIv3___RNAseq.g17618.t1",1,0,0,NA,NA,NA,NA,"ME14"
"Montipora_capitata_HIv3___RNAseq.g17681.t1",0,1,0,NA,NA,NA,NA,"ME1"
"Montipora_capitata_HIv3___RNAseq.g17446.t1",1,0,0,NA,NA,NA,NA,"ME28"
"Montipora_capitata_HIv3___RNAseq.g17450.t1",1,0,0,NA,NA,NA,NA,"ME22"
"Montipora_capitata_HIv3___RNAseq.g17452.t1",1,0,0,NA,NA,NA,NA,"ME19"
"Montipora_capitata_HIv3___RNAseq.g17511.t1",1,0,0,NA,NA,NA,NA,"ME2"
"Montipora_capitata_HIv3___TS.g12985.t1",3,0,0,NA,NA,NA,NA,"ME4"
"Montipora_capitata_HIv3___RNAseq.g17794.t1",2,0,0,NA,NA,NA,NA,"ME7"
"Montipora_capitata_HIv3___TS.g13332.t1",1,0,0,NA,NA,NA,NA,"ME0"
"Montipora_capitata_HIv3___RNAseq.g17777.t1",1,2,0,NA,NA,NA,NA,"ME2"
"Montipora_capitata_HIv3___RNAseq.g17796.t1",0,0,2,NA,NA,NA,NA,"ME13"
"Montipora_capitata_HIv3___RNAseq.g17801.t1",1,0,0,NA,NA,NA,NA,"ME22"
"Montipora_capitata_HIv3___RNAseq.g17802.t1",0,1,0,NA,NA,NA,NA,"ME2"
"Montipora_capitata_HIv3___RNAseq.g17806.t1",1,0,0,NA,NA,NA,NA,"ME13"
"Montipora_capitata_HIv3___RNAseq.g17808.t2",0,0,1,NA,NA,NA,NA,"ME11"
"Montipora_capitata_HIv3___RNAseq.g17810.t1",1,0,0,6.8761353314427e-06,"Other",6,0.941255122985767,"ME10"
"Montipora_capitata_HIv3___RNAseq.g17824.t1",0,0,2,NA,NA,NA,NA,"ME0"
"Montipora_capitata_HIv3___RNAseq.g17825.t2",0,1,0,NA,NA,NA,NA,"ME6"
"Montipora_capitata_HIv3___TS.g13110.t1",0,1,0,NA,NA,NA,NA,"ME0"
"Montipora_capitata_HIv3___RNAseq.44374_t",1,1,0,NA,NA,NA,NA,"ME3"
"Montipora_capitata_HIv3___RNAseq.g17829.t1",1,0,0,0.00284916067550565,"Transient",5,0.735528436159374,"ME4"
"Montipora_capitata_HIv3___RNAseq.g17837.t1",1,0,0,NA,NA,NA,NA,"ME27"
"Montipora_capitata_HIv3___RNAseq.g17843.t1",1,0,0,NA,NA,NA,NA,"ME13"
"Montipora_capitata_HIv3___RNAseq.g17846.t1",1,0,0,0.000163266565235556,"Monotonous",1,0.834490367613546,"ME3"
"Montipora_capitata_HIv3___TS.g13138.t1c",0,0,1,NA,NA,NA,NA,"ME2"
"Montipora_capitata_HIv3___RNAseq.g17879.t1",1,0,0,NA,NA,NA,NA,"ME12"
"Montipora_capitata_HIv3___TS.g13236.t1",1,0,0,NA,NA,NA,NA,"ME0"
"Montipora_capitata_HIv3___RNAseq.g17969.t1",0,0,1,NA,NA,NA,NA,"ME22"
"Montipora_capitata_HIv3___TS.g13242.t1",0,1,0,0.048992942630346,"Transient",NA,NA,"ME20"
"Montipora_capitata_HIv3___RNAseq.g17982.t1",1,0,0,NA,NA,NA,NA,"ME3"
"Montipora_capitata_HIv3___TS.g13258.t1",1,0,0,NA,NA,NA,NA,"ME5"
"Montipora_capitata_HIv3___RNAseq.g17986.t1",0,1,0,NA,NA,NA,NA,"ME3"
"Montipora_capitata_HIv3___RNAseq.g17992.t1",0,0,1,NA,NA,NA,NA,"ME0"
"Montipora_capitata_HIv3___TS.g13269.t1",3,0,0,NA,NA,NA,NA,"ME24"
"Montipora_capitata_HIv3___RNAseq.g18003.t1",1,0,0,NA,NA,NA,NA,"ME24"
"Montipora_capitata_HIv3___RNAseq.g18012.t1",0,0,1,NA,NA,NA,NA,"ME22"
"Montipora_capitata_HIv3___TS.g13284.t2",0,1,0,NA,NA,NA,NA,"ME1"
"Montipora_capitata_HIv3___RNAseq.g18026.t1",0,1,0,NA,NA,NA,NA,"ME5"
"Montipora_capitata_HIv3___RNAseq.g18031.t1",1,0,1,0.0159047767823189,"Other",1,0.628772762988367,"ME10"
"Montipora_capitata_HIv3___RNAseq.g18033.t1",1,0,0,NA,NA,NA,NA,"ME3"
"Montipora_capitata_HIv3___RNAseq.g18036.t1",0,0,1,NA,NA,NA,NA,"ME25"
"Montipora_capitata_HIv3___TS.g13311.t1",1,0,0,NA,NA,NA,NA,"ME2"
"Montipora_capitata_HIv3___RNAseq.g18043.t1",1,0,0,0.0270228206392135,"Other",NA,NA,"ME0"
"Montipora_capitata_HIv3___RNAseq.g18047.t1",1,0,0,NA,NA,NA,NA,"ME3"
"Montipora_capitata_HIv3___RNAseq.g18048.t1",1,0,0,NA,NA,NA,NA,"ME18"
"Montipora_capitata_HIv3___RNAseq.g18052.t1",0,3,0,NA,NA,NA,NA,"ME7"
"Montipora_capitata_HIv3___RNAseq.g18053.t1",0,1,0,0.0356609041674699,"Monotonous",6,0.747537819708127,"ME2"
"Montipora_capitata_HIv3___RNAseq.g18054.t1",0,1,0,0.0338989695609692,"Monotonous",6,0.74841950561564,"ME2"
"Montipora_capitata_HIv3___RNAseq.g18059.t1",1,0,0,NA,NA,NA,NA,"ME7"
"Montipora_capitata_HIv3___TS.g13330.t1",1,1,0,NA,NA,NA,NA,"ME1"
"Montipora_capitata_HIv3___RNAseq.g18064.t1",1,0,0,NA,NA,NA,NA,"ME0"
"Montipora_capitata_HIv3___RNAseq.g18070.t1",1,0,0,NA,NA,NA,NA,"ME1"
"Montipora_capitata_HIv3___RNAseq.g18076.t1",1,0,0,NA,NA,NA,NA,"ME3"
"Montipora_capitata_HIv3___RNAseq.g18077.t1",1,0,0,NA,NA,NA,NA,"ME7"
"Montipora_capitata_HIv3___RNAseq.g18078.t1",0,0,1,0.0343796029415418,"Transient",3,0.918468365554442,"ME16"
"Montipora_capitata_HIv3___RNAseq.g18084.t1",1,0,0,NA,NA,NA,NA,"ME1"
"Montipora_capitata_HIv3___RNAseq.g18085.t1",0,2,0,NA,NA,NA,NA,"ME7"
"Montipora_capitata_HIv3___RNAseq.g18093.t1",0,0,1,NA,NA,NA,NA,"ME0"
"Montipora_capitata_HIv3___RNAseq.g18094.t1",0,0,1,0.000309147113433152,"Monotonous",2,0.9901737280648,"ME1"
"Montipora_capitata_HIv3___RNAseq.g18097.t1",0,1,0,0.0488635025000013,"Monotonous",2,0.991441470085546,"ME1"
"Montipora_capitata_HIv3___RNAseq.g18100.t2",0,1,0,NA,NA,NA,NA,"ME20"
"Montipora_capitata_HIv3___RNAseq.g18103.t1",1,0,0,2.96416242345056e-06,"Monotonous",6,0.978761634419684,"ME9"
"Montipora_capitata_HIv3___RNAseq.g18107.t1",0,3,1,NA,NA,NA,NA,"ME4"
"Montipora_capitata_HIv3___RNAseq.g18108.t1",1,0,0,NA,NA,NA,NA,"ME3"
"Montipora_capitata_HIv3___RNAseq.g18109.t1",1,0,0,0.000106809310828436,"Monotonous",6,0.891366566827125,"ME5"
"Montipora_capitata_HIv3___RNAseq.g18119.t1",0,0,1,NA,NA,NA,NA,"ME18"
"Montipora_capitata_HIv3___RNAseq.g18125.t1",0,1,0,NA,NA,NA,NA,"ME8"
"Montipora_capitata_HIv3___TS.g13404.t1",0,1,0,NA,NA,NA,NA,"ME8"
"Montipora_capitata_HIv3___RNAseq.g18134.t1",0,3,0,NA,NA,NA,NA,"ME8"
"Montipora_capitata_HIv3___RNAseq.g18137.t1",0,1,0,NA,NA,NA,NA,"ME8"
"Montipora_capitata_HIv3___RNAseq.g18140.t1",0,1,0,NA,NA,NA,NA,"ME8"
"Montipora_capitata_HIv3___RNAseq.g18191.t1",0,0,1,NA,NA,NA,NA,"ME11"
"Montipora_capitata_HIv3___RNAseq.g18193.t1",2,0,0,NA,NA,NA,NA,"ME0"
"Montipora_capitata_HIv3___RNAseq.g18229.t1",2,1,0,NA,NA,NA,NA,"ME0"
"Montipora_capitata_HIv3___RNAseq.g18272.t1",0,1,0,NA,NA,NA,NA,"ME4"
"Montipora_capitata_HIv3___RNAseq.44859_t",0,1,0,NA,NA,NA,NA,"ME4"
"Montipora_capitata_HIv3___TS.g13558.t2",0,0,1,NA,NA,NA,NA,"ME0"
"Montipora_capitata_HIv3___RNAseq.g18291.t1",0,0,1,NA,NA,NA,NA,"ME22"
"Montipora_capitata_HIv3___TS.g13564.t1",0,0,1,NA,NA,NA,NA,"ME2"
"Montipora_capitata_HIv3___RNAseq.g18307.t1",0,0,1,NA,NA,NA,NA,"ME0"
"Montipora_capitata_HIv3___TS.g13778.t1",0,1,0,NA,NA,NA,NA,"ME6"
"Montipora_capitata_HIv3___RNAseq.g18124.t1",0,2,1,2.17534613662613e-08,"Monotonous",6,0.641473838138734,"ME8"
"Montipora_capitata_HIv3___RNAseq.g18126.t1",0,1,0,NA,NA,NA,NA,"ME3"
"Montipora_capitata_HIv3___RNAseq.g18127.t1",0,1,0,NA,NA,NA,NA,"ME8"
"Montipora_capitata_HIv3___RNAseq.g18132.t1",0,1,0,0.0421317655624263,"Other",1,0.720384335481439,"ME4"
"Montipora_capitata_HIv3___RNAseq.g18136.t1",0,1,0,NA,NA,NA,NA,"ME8"
"Montipora_capitata_HIv3___RNAseq.g18139.t1",0,1,0,NA,NA,NA,NA,"ME8"
"Montipora_capitata_HIv3___RNAseq.g18142.t1",0,2,0,NA,NA,NA,NA,"ME3"
"Montipora_capitata_HIv3___RNAseq.g18143.t1",0,1,0,NA,NA,NA,NA,"ME0"
"Montipora_capitata_HIv3___RNAseq.g18144.t1",0,1,0,NA,NA,NA,NA,"ME3"
"Montipora_capitata_HIv3___RNAseq.g18147.t1",1,0,0,NA,NA,NA,NA,"ME3"
"Montipora_capitata_HIv3___RNAseq.g18156.t1",0,2,0,NA,NA,NA,NA,"ME5"
"Montipora_capitata_HIv3___RNAseq.g18158.t1",1,0,1,NA,NA,NA,NA,"ME2"
"Montipora_capitata_HIv3___TS.g13432.t1",1,0,0,NA,NA,NA,NA,"ME4"
"Montipora_capitata_HIv3___RNAseq.g18167.t1",0,0,1,NA,NA,NA,NA,"ME10"
"Montipora_capitata_HIv3___RNAseq.g18171.t1",1,0,0,NA,NA,NA,NA,"ME6"
"Montipora_capitata_HIv3___TS.g13445.t1",1,0,0,NA,NA,NA,NA,"ME0"
"Montipora_capitata_HIv3___TS.g13447.t1",1,0,0,NA,NA,NA,NA,"ME4"
"Montipora_capitata_HIv3___RNAseq.g18180.t1",1,0,0,NA,NA,NA,NA,"ME1"
"Montipora_capitata_HIv3___RNAseq.g18192.t1",1,0,0,NA,NA,NA,NA,"ME24"
"Montipora_capitata_HIv3___RNAseq.g18200.t1",1,0,0,NA,NA,NA,NA,"ME2"
"Montipora_capitata_HIv3___RNAseq.g18203.t1",1,0,0,NA,NA,NA,NA,"ME1"
"Montipora_capitata_HIv3___RNAseq.g18220.t2",0,0,1,NA,NA,NA,NA,"ME0"
"Montipora_capitata_HIv3___TS.g13490.t3",1,0,0,NA,NA,NA,NA,"ME16"
"Montipora_capitata_HIv3___RNAseq.g18225.t1",0,1,0,NA,NA,NA,NA,"ME1"
"Montipora_capitata_HIv3___RNAseq.g18227.t1",0,1,0,0.000753767257421441,"Monotonous",4,0.60492780443312,"ME20"
"Montipora_capitata_HIv3___RNAseq.g18228.t1",0,1,0,4.09860655419285e-06,"Monotonous",2,0.83972541687007,"ME1"
"Montipora_capitata_HIv3___RNAseq.g18243.t1",0,0,1,NA,NA,NA,NA,"ME4"
"Montipora_capitata_HIv3___RNAseq.g18249.t1",0,1,0,NA,NA,NA,NA,"ME24"
"Montipora_capitata_HIv3___TS.g13518.t1",1,0,0,NA,NA,NA,NA,"ME24"
"Montipora_capitata_HIv3___RNAseq.g18255.t1",1,0,0,NA,NA,NA,NA,"ME1"
"Montipora_capitata_HIv3___TS.g13526.t1",0,1,0,NA,NA,NA,NA,"ME2"
"Montipora_capitata_HIv3___RNAseq.g18258.t1",1,0,0,NA,NA,NA,NA,"ME22"
"Montipora_capitata_HIv3___TS.g13529.t1b",0,1,0,NA,NA,NA,NA,"ME12"
"Montipora_capitata_HIv3___TS.g13529.t1c",1,1,0,NA,NA,NA,NA,"ME0"
"Montipora_capitata_HIv3___RNAseq.g18263.t1",0,1,1,NA,NA,NA,NA,"ME4"
"Montipora_capitata_HIv3___RNAseq.g18281.t1",2,0,0,9.59016533348435e-05,"Transient",NA,NA,"ME1"
"Montipora_capitata_HIv3___RNAseq.g18297.t1",0,0,1,0.00144196729242057,"Other",5,0.610381789201121,"ME0"
"Montipora_capitata_HIv3___RNAseq.g18311.t1",0,1,0,NA,NA,NA,NA,"ME2"
"Montipora_capitata_HIv3___RNAseq.g18316.t1",0,0,1,NA,NA,NA,NA,"ME20"
"Montipora_capitata_HIv3___RNAseq.g18318.t1",1,0,0,0.000479416131737034,"Monotonous",NA,NA,"ME0"
"Montipora_capitata_HIv3___RNAseq.g18323.t1",1,0,0,NA,NA,NA,NA,"ME9"
"Montipora_capitata_HIv3___RNAseq.g18326.t1",0,0,1,NA,NA,NA,NA,"ME0"
"Montipora_capitata_HIv3___RNAseq.g18327.t1",1,0,0,NA,NA,NA,NA,"ME10"
"Montipora_capitata_HIv3___RNAseq.g18332.t1",1,0,0,0.0144652703933282,"Transient",5,0.81582851847855,"ME3"
"Montipora_capitata_HIv3___RNAseq.g18337.t1",2,0,0,1.60344021178309e-05,"Monotonous",6,0.970496851925375,"ME5"
"Montipora_capitata_HIv3___RNAseq.g18341.t1",0,1,0,NA,NA,NA,NA,"ME12"
"Montipora_capitata_HIv3___TS.g13614.t1",1,0,0,NA,NA,NA,NA,"ME14"
"Montipora_capitata_HIv3___RNAseq.g18363.t1",0,0,1,NA,NA,NA,NA,"ME10"
"Montipora_capitata_HIv3___RNAseq.g18368.t1",0,0,1,0.00279967677741815,"Transient",4,0.813775549196035,"ME17"
"Montipora_capitata_HIv3___TS.g13636.t1",1,0,0,NA,NA,NA,NA,"ME2"
"Montipora_capitata_HIv3___RNAseq.g18371.t1",1,0,0,NA,NA,NA,NA,"ME3"
"Montipora_capitata_HIv3___RNAseq.g18375.t1",1,0,0,0.0145597056685124,"Other",6,0.842120342174522,"ME3"
"Montipora_capitata_HIv3___RNAseq.g18381.t1",1,0,0,NA,NA,NA,NA,"ME3"
"Montipora_capitata_HIv3___TS.g13647.t1",0,1,0,NA,NA,NA,NA,"ME14"
"Montipora_capitata_HIv3___RNAseq.g18384.t1",1,0,0,NA,NA,NA,NA,"ME2"
"Montipora_capitata_HIv3___RNAseq.g18394.t1",1,0,0,6.0418309719226e-06,"Transient",2,0.641029651972297,"ME1"
"Montipora_capitata_HIv3___RNAseq.g18395.t1",0,0,1,0.0006601040663566,"Monotonous",2,0.835862816827374,"ME19"
"Montipora_capitata_HIv3___RNAseq.g18397.t1",1,0,0,NA,NA,NA,NA,"ME3"
"Montipora_capitata_HIv3___RNAseq.g18398.t1",0,1,0,0.0455014398070187,"Monotonous",6,0.844961847095771,"ME8"
"Montipora_capitata_HIv3___RNAseq.g18400.t1",0,3,0,0.0020077055763942,"Monotonous",6,0.907939291389541,"ME8"
"Montipora_capitata_HIv3___RNAseq.g18404.t1",1,0,0,2.68032601709526e-05,"Other",6,0.734849928389757,"ME26"
"Montipora_capitata_HIv3___TS.g13672.t1",0,1,0,NA,NA,NA,NA,"ME23"
"Montipora_capitata_HIv3___RNAseq.g18411.t1",1,0,0,NA,NA,NA,NA,"ME0"
"Montipora_capitata_HIv3___RNAseq.g18412.t1",1,0,0,0.0119535826518167,"Transient",2,0.677481734624039,"ME1"
"Montipora_capitata_HIv3___RNAseq.g18414.t1",1,0,0,NA,NA,NA,NA,"ME3"
"Montipora_capitata_HIv3___RNAseq.g18416.t1",1,0,0,0.0110398992187339,"Monotonous",1,0.627307564156502,"ME3"
"Montipora_capitata_HIv3___RNAseq.g18422.t1",1,0,0,0.0145763655208843,"Monotonous",1,0.619330139821238,"ME8"
"Montipora_capitata_HIv3___RNAseq.g18423.t1",1,0,0,0.0125308387244427,"Monotonous",6,0.652288882090241,"ME8"
"Montipora_capitata_HIv3___TS.g13690.t1",1,0,0,NA,NA,NA,NA,"ME0"
"Montipora_capitata_HIv3___RNAseq.g18426.t1",0,1,0,NA,NA,NA,NA,"ME3"
"Montipora_capitata_HIv3___RNAseq.g18429.t1",1,0,1,NA,NA,NA,NA,"ME3"
"Montipora_capitata_HIv3___TS.g13696.t1",0,1,0,5.08512221732283e-06,"Monotonous",NA,NA,"ME3"
"Montipora_capitata_HIv3___RNAseq.g18431.t1",1,0,0,NA,NA,NA,NA,"ME0"
"Montipora_capitata_HIv3___RNAseq.g18432.t1",1,0,0,NA,NA,NA,NA,"ME0"
"Montipora_capitata_HIv3___RNAseq.g18433.t1",1,0,0,NA,NA,NA,NA,"ME8"
"Montipora_capitata_HIv3___RNAseq.g18437.t1",0,1,0,0.000390813865949778,"Transient",3,0.815462517368905,"ME1"
"Montipora_capitata_HIv3___RNAseq.g18438.t1",0,1,0,NA,NA,NA,NA,"ME5"
"Montipora_capitata_HIv3___TS.g13706.t1",0,1,0,NA,NA,NA,NA,"ME3"
"Montipora_capitata_HIv3___RNAseq.g18440.t1",1,0,0,NA,NA,NA,NA,"ME3"
"Montipora_capitata_HIv3___RNAseq.45031_t",2,0,0,3.34456323373999e-09,"Monotonous",1,0.937031126762406,"ME10"
"Montipora_capitata_HIv3___RNAseq.g18450.t1",0,0,1,1.99394196020499e-06,"Monotonous",1,0.813409084040318,"ME10"
"Montipora_capitata_HIv3___TS.g13718.t1",1,0,0,NA,NA,NA,NA,"ME3"
"Montipora_capitata_HIv3___RNAseq.g18454.t1",0,1,1,0.000303450018686378,"Monotonous",1,0.728243849852437,"ME10"
"Montipora_capitata_HIv3___RNAseq.g18459.t1",0,0,1,NA,NA,NA,NA,"ME1"
"Montipora_capitata_HIv3___RNAseq.g18461.t1",0,1,0,NA,NA,NA,NA,"ME5"
"Montipora_capitata_HIv3___RNAseq.g18468.t1",2,0,0,NA,NA,NA,NA,"ME7"
"Montipora_capitata_HIv3___TS.g13734.t2a",1,0,0,0.0323930168143233,"Other",6,0.861023063219414,"ME9"
"Montipora_capitata_HIv3___RNAseq.45050_t",0,1,0,7.14094589477639e-05,"Monotonous",2,0.732949501869363,"ME1"
"Montipora_capitata_HIv3___RNAseq.g18475.t1",1,1,0,NA,NA,NA,NA,"ME23"
"Montipora_capitata_HIv3___RNAseq.g18488.t1",0,1,1,NA,NA,NA,NA,"ME1"
"Montipora_capitata_HIv3___RNAseq.g18491.t1",0,1,0,1.60848523375872e-05,"Transient",5,0.90700991237925,"ME17"
"Montipora_capitata_HIv3___RNAseq.g18492.t1",1,0,0,NA,NA,NA,NA,"ME0"
"Montipora_capitata_HIv3___RNAseq.g18493.t1",0,0,1,0.0251992591004523,"Other",3,0.600276205100034,"ME1"
"Montipora_capitata_HIv3___RNAseq.g18503.t1",1,0,0,NA,NA,NA,NA,"ME15"
"Montipora_capitata_HIv3___RNAseq.g18507.t1",1,0,0,1.10547420750005e-08,"Monotonous",1,0.975415290663184,"ME10"
"Montipora_capitata_HIv3___RNAseq.g18508.t1",1,0,0,1.83023200653952e-14,"Monotonous",1,0.980988553309947,"ME10"
"Montipora_capitata_HIv3___RNAseq.g18509.t1",0,0,1,NA,NA,NA,NA,"ME5"
"Montipora_capitata_HIv3___TS.g13773.t1c",1,0,0,0.000748351163655228,"Other",1,0.511924833598156,"ME4"
"Montipora_capitata_HIv3___RNAseq.g18513.t1",0,1,0,NA,NA,NA,NA,"ME20"
"Montipora_capitata_HIv3___RNAseq.g18524.t1b",1,0,0,NA,NA,NA,NA,"ME0"
"Montipora_capitata_HIv3___RNAseq.g18526.t1",1,0,0,NA,NA,NA,NA,"ME1"
"Montipora_capitata_HIv3___TS.g13804.t1",1,0,0,NA,NA,NA,NA,"ME2"
"Montipora_capitata_HIv3___RNAseq.g18543.t1",0,0,1,NA,NA,NA,NA,"ME1"
"Montipora_capitata_HIv3___RNAseq.g18546.t1",1,0,0,0.000285673047368943,"Transient",2,0.552270676042759,"ME1"
"Montipora_capitata_HIv3___TS.g13812.t1",2,0,0,0.00541500893116875,"Other",1,0.51829342913708,"ME0"
"Montipora_capitata_HIv3___RNAseq.g18549.t1",1,0,0,NA,NA,NA,NA,"ME1"
"Montipora_capitata_HIv3___RNAseq.45128_t",0,1,0,NA,NA,NA,NA,"ME1"
"Montipora_capitata_HIv3___RNAseq.g18556.t1",0,0,1,NA,NA,NA,NA,"ME1"
"Montipora_capitata_HIv3___RNAseq.g18560.t1",0,1,0,NA,NA,NA,NA,"ME0"
"Montipora_capitata_HIv3___RNAseq.g18562.t2",0,1,0,NA,NA,NA,NA,"ME6"
"Montipora_capitata_HIv3___RNAseq.g18566.t1",1,0,0,0.0360254710542582,"Transient",4,0.540594053965872,"ME3"
"Montipora_capitata_HIv3___RNAseq.g18569.t1",1,0,0,NA,NA,NA,NA,"ME3"
"Montipora_capitata_HIv3___RNAseq.g18571.t1",1,0,0,NA,NA,NA,NA,"ME3"
"Montipora_capitata_HIv3___RNAseq.g18573.t1",0,1,0,NA,NA,NA,NA,"ME17"
"Montipora_capitata_HIv3___RNAseq.g18574.t2",0,1,0,NA,NA,NA,NA,"ME1"
"Montipora_capitata_HIv3___RNAseq.g18575.t1",1,0,0,NA,NA,NA,NA,"ME9"
"Montipora_capitata_HIv3___RNAseq.g18576.t1",0,0,1,0.0288374442017728,"Monotonous",6,0.842854423595722,"ME9"
"Montipora_capitata_HIv3___TS.g13846.t2",0,0,1,NA,NA,NA,NA,"ME2"
"Montipora_capitata_HIv3___RNAseq.g18582.t1",2,0,0,3.98028301283796e-06,"Transient",3,0.963340799228236,"ME1"
"Montipora_capitata_HIv3___TS.g13853.t1",1,0,0,0.00371294294777788,"Monotonous",6,0.671946058046157,"ME10"
"Montipora_capitata_HIv3___RNAseq.g18588.t2b",1,0,0,0.0204316506464436,"Monotonous",3,0.925774498084178,"ME1"
"Montipora_capitata_HIv3___RNAseq.g18590.t1",1,0,0,NA,NA,NA,NA,"ME24"
"Montipora_capitata_HIv3___TS.g13880.t1",1,0,0,NA,NA,NA,NA,"ME2"
"Montipora_capitata_HIv3___RNAseq.g18617.t1",0,1,0,NA,NA,NA,NA,"ME7"
"Montipora_capitata_HIv3___RNAseq.g18620.t1",1,0,0,NA,NA,NA,NA,"ME0"
"Montipora_capitata_HIv3___RNAseq.g18621.t1",1,0,0,NA,NA,NA,NA,"ME6"
"Montipora_capitata_HIv3___RNAseq.g18622.t1",1,0,0,NA,NA,NA,NA,"ME15"
"Montipora_capitata_HIv3___RNAseq.45205_t",0,0,1,NA,NA,NA,NA,"ME5"
"Montipora_capitata_HIv3___RNAseq.g18634.t1",0,1,0,9.58822359481661e-14,"Monotonous",3,0.976964924678657,"ME1"
"Montipora_capitata_HIv3___RNAseq.g18635.t1",0,0,1,NA,NA,NA,NA,"ME16"
"Montipora_capitata_HIv3___RNAseq.g18640.t1",0,1,0,0.0175953161919277,"Transient",5,0.780330473253015,"ME3"
"Montipora_capitata_HIv3___RNAseq.g35661.t1",0,1,0,NA,NA,NA,NA,"ME1"
"Montipora_capitata_HIv3___RNAseq.g35662.t1",0,1,0,NA,NA,NA,NA,"ME1"
"Montipora_capitata_HIv3___RNAseq.g35731.t1",1,0,0,NA,NA,NA,NA,"ME14"
"Montipora_capitata_HIv3___RNAseq.g35735.t1",1,0,0,0.00816777246196547,"Other",NA,NA,"ME2"
"Montipora_capitata_HIv3___TS.g5728.t1",1,0,0,NA,NA,NA,NA,"ME20"
"Montipora_capitata_HIv3___RNAseq.g35676.t1",1,0,0,NA,NA,NA,NA,"ME20"
"Montipora_capitata_HIv3___RNAseq.g35681.t1",1,0,1,NA,NA,NA,NA,"ME0"
"Montipora_capitata_HIv3___RNAseq.g35695.t1",0,0,1,NA,NA,NA,NA,"ME0"
"Montipora_capitata_HIv3___RNAseq.g35696.t1",0,0,1,NA,NA,NA,NA,"ME14"
"Montipora_capitata_HIv3___RNAseq.g35697.t1",0,0,2,NA,NA,NA,NA,"ME5"
"Montipora_capitata_HIv3___RNAseq.g35712.t1",1,0,0,NA,NA,NA,NA,"ME9"
"Montipora_capitata_HIv3___RNAseq.g35713.t1",1,0,0,NA,NA,NA,NA,"ME0"
"Montipora_capitata_HIv3___RNAseq.g35717.t1",0,0,1,NA,NA,NA,NA,"ME5"
"Montipora_capitata_HIv3___TS.g5864.t1",1,0,0,NA,NA,NA,NA,"ME11"
"Montipora_capitata_HIv3___RNAseq.g35905.t1",1,0,0,NA,NA,NA,NA,"ME1"
"Montipora_capitata_HIv3___RNAseq.g35951.t1",1,0,0,NA,NA,NA,NA,"ME4"
"Montipora_capitata_HIv3___RNAseq.g35992.t1",0,2,0,NA,NA,NA,NA,"ME0"
"Montipora_capitata_HIv3___TS.g6075.t1",0,0,1,NA,NA,NA,NA,"ME0"
"Montipora_capitata_HIv3___RNAseq.g36027.t1",1,1,0,NA,NA,NA,NA,"ME0"
"Montipora_capitata_HIv3___RNAseq.g36040.t1",1,0,0,NA,NA,NA,NA,"ME0"
"Montipora_capitata_HIv3___TS.g5814.t1",0,0,2,NA,NA,NA,NA,"ME0"
"Montipora_capitata_HIv3___RNAseq.g35865.t1",0,1,0,0.0119858065024581,"Other",1,0.620962704356763,"ME0"
"Montipora_capitata_HIv3___RNAseq.g35888.t1",0,2,0,NA,NA,NA,NA,"ME2"
"Montipora_capitata_HIv3___RNAseq.g35891.t1",1,0,0,NA,NA,NA,NA,"ME0"
"Montipora_capitata_HIv3___TS.g5950.t1a",0,0,1,NA,NA,NA,NA,"ME0"
"Montipora_capitata_HIv3___RNAseq.g35918.t1",1,0,0,0.0135315495666068,"Monotonous",1,0.679549388568581,"ME29"
"Montipora_capitata_HIv3___RNAseq.g35927.t1",0,0,1,NA,NA,NA,NA,"ME13"
"Montipora_capitata_HIv3___TS.g5981.t1",1,0,0,0.00173009879002919,"Monotonous",1,0.587595630372935,"ME29"
"Montipora_capitata_HIv3___RNAseq.g35933.t1",0,1,0,0.00251049721542777,"Monotonous",1,0.640342038710307,"ME29"
"Montipora_capitata_HIv3___TS.g5984.t2",1,0,0,NA,NA,NA,NA,"ME21"
"Montipora_capitata_HIv3___RNAseq.g35938.t1",1,0,0,NA,NA,NA,NA,"ME3"
"Montipora_capitata_HIv3___RNAseq.g35950.t1",1,0,0,NA,NA,NA,NA,"ME0"
"Montipora_capitata_HIv3___RNAseq.g35973.t1",1,0,0,NA,NA,NA,NA,"ME4"
"Montipora_capitata_HIv3___TS.g6079.t1",1,0,0,NA,NA,NA,NA,"ME0"
"Montipora_capitata_HIv3___TS.g6087.t1",0,1,0,NA,NA,NA,NA,"ME0"
"Montipora_capitata_HIv3___RNAseq.g36098.t1",1,1,0,NA,NA,NA,NA,"ME1"
"Montipora_capitata_HIv3___TS.g6159.t1",0,0,1,NA,NA,NA,NA,"ME0"
"Montipora_capitata_HIv3___RNAseq.g36128.t1",0,1,0,NA,NA,NA,NA,"ME0"
"Montipora_capitata_HIv3___RNAseq.g36145.t1",0,0,1,NA,NA,NA,NA,"ME0"
"Montipora_capitata_HIv3___RNAseq.g36250.t1",1,0,0,NA,NA,NA,NA,"ME1"
"Montipora_capitata_HIv3___RNAseq.g36292.t1",2,0,0,NA,NA,NA,NA,"ME0"
"Montipora_capitata_HIv3___RNAseq.g36365.t1",2,0,0,NA,NA,NA,NA,"ME9"
"Montipora_capitata_HIv3___RNAseq.g36049.t1",1,0,0,NA,NA,NA,NA,"ME3"
"Montipora_capitata_HIv3___RNAseq.g36050.t1",0,1,0,NA,NA,NA,NA,"ME10"
"Montipora_capitata_HIv3___RNAseq.g36102.t1",1,0,0,NA,NA,NA,NA,"ME0"
"Montipora_capitata_HIv3___RNAseq.g36103.t1",1,0,0,NA,NA,NA,NA,"ME0"
"Montipora_capitata_HIv3___RNAseq.g36203.t1",0,1,0,NA,NA,NA,NA,"ME3"
"Montipora_capitata_HIv3___RNAseq.g36205.t1",1,0,0,6.91302161245305e-15,"Monotonous",1,0.964563430294465,"ME3"
"Montipora_capitata_HIv3___RNAseq.g36207.t1",2,0,0,NA,NA,NA,NA,"ME23"
"Montipora_capitata_HIv3___RNAseq.g36238.t1",1,0,0,NA,NA,NA,NA,"ME0"
"Montipora_capitata_HIv3___TS.g6302.t1a",0,0,2,NA,NA,NA,NA,"ME8"
"Montipora_capitata_HIv3___TS.g6302.t1b",0,0,1,0.00184151554372369,"Monotonous",NA,NA,"ME3"
"Montipora_capitata_HIv3___TS.g6306.t1",0,0,1,NA,NA,NA,NA,"ME2"
"Montipora_capitata_HIv3___RNAseq.g36254.t1",0,0,1,NA,NA,NA,NA,"ME18"
"Montipora_capitata_HIv3___RNAseq.g36255.t1",0,0,1,NA,NA,NA,NA,"ME1"
"Montipora_capitata_HIv3___RNAseq.g36257.t1",1,1,0,NA,NA,NA,NA,"ME25"
"Montipora_capitata_HIv3___RNAseq.g36261.t1",1,0,0,NA,NA,NA,NA,"ME3"
"Montipora_capitata_HIv3___RNAseq.g36272.t1",0,1,0,NA,NA,NA,NA,"ME1"
"Montipora_capitata_HIv3___TS.g6348.t1",1,0,0,NA,NA,NA,NA,"ME0"
"Montipora_capitata_HIv3___RNAseq.46643_t",0,0,1,NA,NA,NA,NA,"ME1"
"Montipora_capitata_HIv3___RNAseq.g36314.t1",0,0,1,NA,NA,NA,NA,"ME1"
"Montipora_capitata_HIv3___TS.g6369.t1",1,0,0,1.29313942375969e-05,"Monotonous",2,0.663348771922739,"ME1"
"Montipora_capitata_HIv3___RNAseq.g36317.t2",0,0,1,0.0107156636501839,"Monotonous",2,0.980297883320164,"ME1"
"Montipora_capitata_HIv3___RNAseq.g36321.t1a",1,0,0,NA,NA,NA,NA,"ME3"
"Montipora_capitata_HIv3___RNAseq.g36322.t1",1,0,0,0.0407011986912562,"Monotonous",1,0.859753314274835,"ME6"
"Montipora_capitata_HIv3___RNAseq.g36327.t1",1,0,0,NA,NA,NA,NA,"ME2"
"Montipora_capitata_HIv3___RNAseq.g36330.t1",0,0,1,NA,NA,NA,NA,"ME1"
"Montipora_capitata_HIv3___RNAseq.g36331.t1",0,0,1,NA,NA,NA,NA,"ME2"
"Montipora_capitata_HIv3___RNAseq.g36333.t1",1,1,0,NA,NA,NA,NA,"ME22"
"Montipora_capitata_HIv3___RNAseq.g36337.t1",1,0,2,NA,NA,NA,NA,"ME2"
"Montipora_capitata_HIv3___TS.g6396.t3",0,1,0,0.00188116190439709,"Transient",3,0.97527378081449,"ME1"
"Montipora_capitata_HIv3___TS.g6402.t1b",0,0,1,8.38802347518629e-06,"Monotonous",1,0.965231609642171,"ME3"
"Montipora_capitata_HIv3___RNAseq.g36351.t1",1,0,0,NA,NA,NA,NA,"ME10"
"Montipora_capitata_HIv3___RNAseq.g36352.t1",0,1,0,NA,NA,NA,NA,"ME7"
"Montipora_capitata_HIv3___RNAseq.g36358.t1",0,1,0,NA,NA,NA,NA,"ME4"
"Montipora_capitata_HIv3___RNAseq.g36361.t1",0,0,1,NA,NA,NA,NA,"ME24"
"Montipora_capitata_HIv3___RNAseq.g36363.t1",1,0,0,NA,NA,NA,NA,"ME5"
"Montipora_capitata_HIv3___RNAseq.g36375.t1",1,0,0,NA,NA,NA,NA,"ME0"
"Montipora_capitata_HIv3___RNAseq.g36379.t1",1,2,0,NA,NA,NA,NA,"ME5"
"Montipora_capitata_HIv3___RNAseq.g36382.t2",1,0,0,NA,NA,NA,NA,"ME1"
"Montipora_capitata_HIv3___RNAseq.g36386.t1",0,0,1,NA,NA,NA,NA,"ME2"
"Montipora_capitata_HIv3___TS.g6446.t1",0,1,0,NA,NA,NA,NA,"ME11"
"Montipora_capitata_HIv3___TS.g6453.t1",0,1,1,NA,NA,NA,NA,"ME25"
"Montipora_capitata_HIv3___RNAseq.g36404.t1",0,0,1,NA,NA,NA,NA,"ME0"
"Montipora_capitata_HIv3___RNAseq.g36407.t1",1,0,0,NA,NA,NA,NA,"ME12"
"Montipora_capitata_HIv3___RNAseq.g36420.t1",2,0,0,NA,NA,NA,NA,"ME0"
"Montipora_capitata_HIv3___TS.g6485.t1",1,0,0,0.00885263339928088,"Monotonous",1,0.942089240960705,"ME23"
"Montipora_capitata_HIv3___RNAseq.g36432.t1",0,0,1,0.00133200695724249,"Monotonous",1,0.951094370711533,"ME23"
"Montipora_capitata_HIv3___TS.g6492.t1",0,1,0,NA,NA,NA,NA,"ME2"
"Montipora_capitata_HIv3___RNAseq.g36441.t1",0,0,1,NA,NA,NA,NA,"ME11"
"Montipora_capitata_HIv3___TS.g6496.t1",1,0,0,NA,NA,NA,NA,"ME12"
"Montipora_capitata_HIv3___RNAseq.g36446.t1",0,1,0,NA,NA,NA,NA,"ME11"
"Montipora_capitata_HIv3___RNAseq.g36447.t1",0,1,0,NA,NA,NA,NA,"ME0"
"Montipora_capitata_HIv3___RNAseq.g36448.t1",0,0,1,NA,NA,NA,NA,"ME11"
"Montipora_capitata_HIv3___RNAseq.g36450.t1",1,0,0,NA,NA,NA,NA,"ME4"
"Montipora_capitata_HIv3___RNAseq.g36454.t1",0,1,0,NA,NA,NA,NA,"ME0"
"Montipora_capitata_HIv3___TS.g6516.t1",1,0,1,NA,NA,NA,NA,"ME0"
"Montipora_capitata_HIv3___RNAseq.g36466.t1",2,0,0,NA,NA,NA,NA,"ME30"
"Montipora_capitata_HIv3___RNAseq.g36471.t1",0,0,3,NA,NA,NA,NA,"ME4"
"Montipora_capitata_HIv3___TS.g6541.t1",1,0,0,NA,NA,NA,NA,"ME2"
"Montipora_capitata_HIv3___RNAseq.g36504.t1",0,0,1,NA,NA,NA,NA,"ME0"
"Montipora_capitata_HIv3___RNAseq.g35414.t1",0,0,2,NA,NA,NA,NA,"ME0"
"Montipora_capitata_HIv3___RNAseq.g35451.t1",1,0,0,NA,NA,NA,NA,"ME4"
"Montipora_capitata_HIv3___RNAseq.g35521.t1",1,0,0,NA,NA,NA,NA,"ME0"
"Montipora_capitata_HIv3___RNAseq.g34912.t1a",0,1,0,NA,NA,NA,NA,"ME6"
"Montipora_capitata_HIv3___RNAseq.g34915.t1",1,0,0,NA,NA,NA,NA,"ME1"
"Montipora_capitata_HIv3___RNAseq.g34922.t1",1,0,0,NA,NA,NA,NA,"ME1"
"Montipora_capitata_HIv3___RNAseq.g34926.t2",0,0,1,0.024685174715058,"Transient",3,0.666106422840877,"ME1"
"Montipora_capitata_HIv3___TS.g4975.t2",1,0,1,0.000564858756057428,"Monotonous",6,0.983022715784527,"ME9"
"Montipora_capitata_HIv3___RNAseq.g34933.t1",0,1,0,NA,NA,NA,NA,"ME1"
"Montipora_capitata_HIv3___RNAseq.g34934.t1",0,0,1,7.33662530705588e-07,"Transient",5,0.973423391016408,"ME6"
"Montipora_capitata_HIv3___RNAseq.g34936.t1",0,0,1,NA,NA,NA,NA,"ME21"
"Montipora_capitata_HIv3___TS.g4989.t1",0,0,1,NA,NA,NA,NA,"ME16"
"Montipora_capitata_HIv3___RNAseq.g34948.t1",1,0,0,NA,NA,NA,NA,"ME1"
"Montipora_capitata_HIv3___RNAseq.g34952.t1",1,0,1,0.0113160500877843,"Other",5,0.553882830898896,"ME5"
"Montipora_capitata_HIv3___RNAseq.g34955.t1",1,0,0,NA,NA,NA,NA,"ME1"
"Montipora_capitata_HIv3___RNAseq.g34956.t1",1,0,0,2.67237320423782e-07,"Monotonous",1,0.911966431571027,"ME10"
"Montipora_capitata_HIv3___RNAseq.g34957.t1",1,0,0,0.014189412772848,"Monotonous",1,0.966222235699131,"ME10"
"Montipora_capitata_HIv3___RNAseq.g34962.t1",1,0,1,NA,NA,NA,NA,"ME2"
"Montipora_capitata_HIv3___RNAseq.g34964.t1",1,0,0,NA,NA,NA,NA,"ME5"
"Montipora_capitata_HIv3___RNAseq.g34965.t1",1,0,0,NA,NA,NA,NA,"ME19"
"Montipora_capitata_HIv3___RNAseq.g34966.t1",0,0,1,NA,NA,NA,NA,"ME0"
"Montipora_capitata_HIv3___RNAseq.g34968.t1",2,0,0,NA,NA,NA,NA,"ME1"
"Montipora_capitata_HIv3___RNAseq.g34972.t1",1,0,0,0.0121446661173057,"Other",6,0.695716728116879,"ME1"
"Montipora_capitata_HIv3___RNAseq.g34973.t1",1,0,0,NA,NA,NA,NA,"ME2"
"Montipora_capitata_HIv3___RNAseq.g34975.t1",2,1,0,0.0299480918324148,"Other",1,0.50275315493731,"ME3"
"Montipora_capitata_HIv3___TS.g5024.t2",1,0,0,0.000462346219298583,"Other",NA,NA,"ME15"
"Montipora_capitata_HIv3___RNAseq.g34986.t1",0,0,1,NA,NA,NA,NA,"ME1"
"Montipora_capitata_HIv3___RNAseq.g34987.t1",0,0,1,NA,NA,NA,NA,"ME1"
"Montipora_capitata_HIv3___TS.g5032.t1b",0,1,0,4.31996813646993e-09,"Transient",4,0.880644725423712,"ME20"
"Montipora_capitata_HIv3___RNAseq.g34994.t1",0,1,0,6.09124424221308e-08,"Transient",5,0.955196098949747,"ME17"
"Montipora_capitata_HIv3___RNAseq.g34995.t1",0,2,0,NA,NA,NA,NA,"ME7"
"Montipora_capitata_HIv3___RNAseq.g34996.t1",0,0,1,NA,NA,NA,NA,"ME1"
"Montipora_capitata_HIv3___RNAseq.g34997.t1",1,0,1,NA,NA,NA,NA,"ME1"
"Montipora_capitata_HIv3___RNAseq.g35001.t1",1,0,0,NA,NA,NA,NA,"ME28"
"Montipora_capitata_HIv3___RNAseq.g35002.t1",1,0,0,NA,NA,NA,NA,"ME7"
"Montipora_capitata_HIv3___RNAseq.g35003.t1",0,0,1,NA,NA,NA,NA,"ME10"
"Montipora_capitata_HIv3___RNAseq.g35004.t2",0,0,1,NA,NA,NA,NA,"ME19"
"Montipora_capitata_HIv3___RNAseq.g35008.t1",1,0,0,0.000259440167669275,"Monotonous",1,0.838003230826115,"ME10"
"Montipora_capitata_HIv3___TS.g5050.t2",1,0,0,0.00244423300483566,"Transient",4,0.902183598288996,"ME8"
"Montipora_capitata_HIv3___RNAseq.g35010.t1",1,0,0,NA,NA,NA,NA,"ME6"
"Montipora_capitata_HIv3___RNAseq.g35014.t1",0,1,0,NA,NA,NA,NA,"ME5"
"Montipora_capitata_HIv3___RNAseq.g35017.t1",1,0,0,NA,NA,NA,NA,"ME3"
"Montipora_capitata_HIv3___RNAseq.g35018.t1",2,0,0,NA,NA,NA,NA,"ME3"
"Montipora_capitata_HIv3___RNAseq.g35024.t1",0,0,1,NA,NA,NA,NA,"ME4"
"Montipora_capitata_HIv3___RNAseq.g35029.t1",1,0,0,NA,NA,NA,NA,"ME1"
"Montipora_capitata_HIv3___RNAseq.g35032.t1",1,0,0,NA,NA,NA,NA,"ME28"
"Montipora_capitata_HIv3___RNAseq.g35034.t2",1,0,0,NA,NA,NA,NA,"ME4"
"Montipora_capitata_HIv3___RNAseq.g35035.t1",0,1,0,NA,NA,NA,NA,"ME3"
"Montipora_capitata_HIv3___RNAseq.g35040.t1",0,1,0,NA,NA,NA,NA,"ME16"
"Montipora_capitata_HIv3___RNAseq.g35041.t1",0,1,0,NA,NA,NA,NA,"ME16"
"Montipora_capitata_HIv3___RNAseq.g35042.t1",1,1,0,0.00446655208228255,"Other",2,0.77892038984072,"ME19"
"Montipora_capitata_HIv3___RNAseq.g35046.t1",0,0,1,0.0022045737897234,"Other",6,0.627503350921813,"ME8"
"Montipora_capitata_HIv3___RNAseq.g35051.t1",1,0,0,NA,NA,NA,NA,"ME1"
"Montipora_capitata_HIv3___RNAseq.g35053.t1",0,1,0,8.12723345559813e-05,"Transient",5,0.832093627256934,"ME3"
"Montipora_capitata_HIv3___TS.g5110.t1",1,0,0,NA,NA,NA,NA,"ME1"
"Montipora_capitata_HIv3___RNAseq.g35061.t1",1,0,1,NA,NA,NA,NA,"ME7"
"Montipora_capitata_HIv3___RNAseq.g35069.t1",0,1,0,NA,NA,NA,NA,"ME26"
"Montipora_capitata_HIv3___RNAseq.g35073.t1",0,1,0,NA,NA,NA,NA,"ME19"
"Montipora_capitata_HIv3___RNAseq.g35078.t1",1,0,0,NA,NA,NA,NA,"ME21"
"Montipora_capitata_HIv3___RNAseq.g35081.t1",1,0,1,NA,NA,NA,NA,"ME5"
"Montipora_capitata_HIv3___RNAseq.g35091.t1",0,3,0,NA,NA,NA,NA,"ME22"
"Montipora_capitata_HIv3___RNAseq.g35109.t1",0,0,1,0.00120630750281849,"Monotonous",6,0.981442748714679,"ME9"
"Montipora_capitata_HIv3___TS.g5162.t1",0,0,1,0.00452534555289411,"Monotonous",6,0.803072813609978,"ME9"
"Montipora_capitata_HIv3___RNAseq.g35119.t1",1,0,1,NA,NA,NA,NA,"ME3"
"Montipora_capitata_HIv3___RNAseq.g35122.t1",1,0,0,NA,NA,NA,NA,"ME1"
"Montipora_capitata_HIv3___RNAseq.g35123.t1",0,0,1,NA,NA,NA,NA,"ME6"
"Montipora_capitata_HIv3___RNAseq.g35127.t1",0,1,0,NA,NA,NA,NA,"ME6"
"Montipora_capitata_HIv3___RNAseq.g35129.t1",1,0,0,NA,NA,NA,NA,"ME6"
"Montipora_capitata_HIv3___TS.g5181.t1b",1,0,0,NA,NA,NA,NA,"ME2"
"Montipora_capitata_HIv3___RNAseq.g35132.t1",0,0,1,NA,NA,NA,NA,"ME16"
"Montipora_capitata_HIv3___RNAseq.g35133.t1",0,1,0,NA,NA,NA,NA,"ME16"
"Montipora_capitata_HIv3___TS.g5185.t1",1,0,0,NA,NA,NA,NA,"ME1"
"Montipora_capitata_HIv3___RNAseq.g35136.t1",1,0,0,NA,NA,NA,NA,"ME3"
"Montipora_capitata_HIv3___RNAseq.g35150.t1",1,0,0,NA,NA,NA,NA,"ME9"
"Montipora_capitata_HIv3___RNAseq.g35151.t1",1,0,0,NA,NA,NA,NA,"ME3"
"Montipora_capitata_HIv3___RNAseq.g35155.t1",1,0,0,0.00141578742420894,"Transient",3,0.96902749695681,"ME1"
"Montipora_capitata_HIv3___TS.g5210.t1",0,1,0,0.0260052303914052,"Other",6,0.777821352606391,"ME9"
"Montipora_capitata_HIv3___RNAseq.g35162.t1",1,0,0,5.13070916854818e-08,"Monotonous",1,0.765031184535674,"ME3"
"Montipora_capitata_HIv3___RNAseq.g35163.t1",0,0,1,NA,NA,NA,NA,"ME6"
"Montipora_capitata_HIv3___RNAseq.g35167.t1",1,0,0,NA,NA,NA,NA,"ME3"
"Montipora_capitata_HIv3___RNAseq.g35168.t1",0,0,1,NA,NA,NA,NA,"ME16"
"Montipora_capitata_HIv3___TS.45919_t",0,0,1,0.00252834857313146,"Other",NA,NA,"ME1"
"Montipora_capitata_HIv3___RNAseq.g35172.t1",0,0,2,NA,NA,NA,NA,"ME5"
"Montipora_capitata_HIv3___TS.g5223.t1",0,1,0,6.95406540866697e-05,"Monotonous",1,0.513365899510712,"ME3"
"Montipora_capitata_HIv3___RNAseq.g35176.t1",1,0,0,NA,NA,NA,NA,"ME2"
"Montipora_capitata_HIv3___RNAseq.g35180.t1",0,1,0,NA,NA,NA,NA,"ME5"
"Montipora_capitata_HIv3___TS.g5234.t2",1,0,0,NA,NA,NA,NA,"ME5"
"Montipora_capitata_HIv3___RNAseq.g35186.t1",0,1,0,NA,NA,NA,NA,"ME2"
"Montipora_capitata_HIv3___RNAseq.g35188.t1",0,1,0,NA,NA,NA,NA,"ME2"
"Montipora_capitata_HIv3___RNAseq.g35189.t1",1,0,0,NA,NA,NA,NA,"ME15"
"Montipora_capitata_HIv3___RNAseq.g35192.t1",0,1,0,NA,NA,NA,NA,"ME16"
"Montipora_capitata_HIv3___RNAseq.g35195.t1",2,0,0,NA,NA,NA,NA,"ME1"
"Montipora_capitata_HIv3___RNAseq.g35196.t1",0,1,0,NA,NA,NA,NA,"ME13"
"Montipora_capitata_HIv3___RNAseq.g35197.t1",0,1,0,NA,NA,NA,NA,"ME13"
"Montipora_capitata_HIv3___TS.g5250.t1",0,1,0,NA,NA,NA,NA,"ME2"
"Montipora_capitata_HIv3___TS.g5252.t1",1,0,0,NA,NA,NA,NA,"ME0"
"Montipora_capitata_HIv3___RNAseq.g35205.t1",1,0,0,NA,NA,NA,NA,"ME5"
"Montipora_capitata_HIv3___RNAseq.g35207.t1",1,0,0,0.00151015414320179,"Other",6,0.579562887425579,"ME5"
"Montipora_capitata_HIv3___RNAseq.g35213.t1",1,0,0,NA,NA,NA,NA,"ME5"
"Montipora_capitata_HIv3___RNAseq.g35215.t1",2,2,0,0.00981874339488924,"Transient",5,0.789269097505417,"ME17"
"Montipora_capitata_HIv3___RNAseq.g35217.t1",0,0,1,NA,NA,NA,NA,"ME3"
"Montipora_capitata_HIv3___RNAseq.g35222.t1",1,0,0,NA,NA,NA,NA,"ME19"
"Montipora_capitata_HIv3___RNAseq.g35223.t1",1,0,0,NA,NA,NA,NA,"ME3"
"Montipora_capitata_HIv3___RNAseq.g35224.t2",0,1,1,NA,NA,NA,NA,"ME5"
"Montipora_capitata_HIv3___RNAseq.g35225.t1",1,0,0,0.0384881441915268,"Other",6,0.808629579099712,"ME9"
"Montipora_capitata_HIv3___RNAseq.g35235.t1",1,0,0,0.0264686505278898,"Transient",4,0.626878172027161,"ME7"
"Montipora_capitata_HIv3___RNAseq.g35239.t1",0,1,0,NA,NA,NA,NA,"ME25"
"Montipora_capitata_HIv3___RNAseq.g35244.t1",1,0,0,NA,NA,NA,NA,"ME1"
"Montipora_capitata_HIv3___TS.g5293.t2",0,1,0,NA,NA,NA,NA,"ME1"
"Montipora_capitata_HIv3___RNAseq.g35249.t1",1,0,0,NA,NA,NA,NA,"ME1"
"Montipora_capitata_HIv3___RNAseq.g35251.t1",1,0,1,NA,NA,NA,NA,"ME16"
"Montipora_capitata_HIv3___TS.g5305.t1",1,0,0,NA,NA,NA,NA,"ME20"
"Montipora_capitata_HIv3___RNAseq.g35255.t1",0,1,0,NA,NA,NA,NA,"ME1"
"Montipora_capitata_HIv3___TS.g5308.t2a",2,0,1,NA,NA,NA,NA,"ME8"
"Montipora_capitata_HIv3___RNAseq.g35263.t1",2,0,0,2.01363794089203e-07,"Transient",5,0.938369312267221,"ME6"
"Montipora_capitata_HIv3___RNAseq.g35265.t1",0,1,0,NA,NA,NA,NA,"ME3"
"Montipora_capitata_HIv3___RNAseq.g35268.t1",0,1,0,0.00184151554372369,"Monotonous",1,0.869644297157883,"ME25"
"Montipora_capitata_HIv3___RNAseq.g35270.t1",0,1,0,NA,NA,NA,NA,"ME0"
"Montipora_capitata_HIv3___RNAseq.g35276.t1",0,0,1,NA,NA,NA,NA,"ME21"
"Montipora_capitata_HIv3___RNAseq.g35282.t1",0,1,0,NA,NA,NA,NA,"ME4"
"Montipora_capitata_HIv3___RNAseq.g35286.t1",0,0,1,NA,NA,NA,NA,"ME17"
"Montipora_capitata_HIv3___RNAseq.g35293.t1",0,0,1,3.4403061072806e-06,"Monotonous",2,0.71691691761372,"ME1"
"Montipora_capitata_HIv3___RNAseq.g35295.t2",0,0,2,NA,NA,NA,NA,"ME3"
"Montipora_capitata_HIv3___RNAseq.g35297.t1",1,0,0,NA,NA,NA,NA,"ME24"
"Montipora_capitata_HIv3___RNAseq.g35301.t1",0,0,2,0.0439737245749741,"Other",6,0.812292962779264,"ME10"
"Montipora_capitata_HIv3___TS.g5354.t1",0,0,1,NA,NA,NA,NA,"ME4"
"Montipora_capitata_HIv3___RNAseq.g35304.t1b",0,2,0,NA,NA,NA,NA,"ME0"
"Montipora_capitata_HIv3___TS.g5356.t2",1,0,0,4.71901308186342e-07,"Monotonous",6,0.662926004776658,"ME8"
"Montipora_capitata_HIv3___RNAseq.g35309.t1",0,0,1,NA,NA,NA,NA,"ME11"
"Montipora_capitata_HIv3___TS.g5364.t1",1,0,0,NA,NA,NA,NA,"ME15"
"Montipora_capitata_HIv3___RNAseq.g35316.t1",2,0,0,NA,NA,NA,NA,"ME2"
"Montipora_capitata_HIv3___RNAseq.g35317.t1",1,0,1,NA,NA,NA,NA,"ME2"
"Montipora_capitata_HIv3___TS.g5370.t1",1,0,0,NA,NA,NA,NA,"ME2"
"Montipora_capitata_HIv3___RNAseq.g35320.t1",1,0,0,0.0385269657793068,"Other",3,0.548435388495495,"ME2"
"Montipora_capitata_HIv3___RNAseq.g35322.t1",0,0,1,NA,NA,NA,NA,"ME1"
"Montipora_capitata_HIv3___RNAseq.g35323.t1",0,0,1,NA,NA,NA,NA,"ME7"
"Montipora_capitata_HIv3___RNAseq.g35329.t1",0,4,0,NA,NA,NA,NA,"ME1"
"Montipora_capitata_HIv3___RNAseq.g35330.t1",2,0,0,NA,NA,NA,NA,"ME3"
"Montipora_capitata_HIv3___RNAseq.g35331.t2",1,0,0,NA,NA,NA,NA,"ME5"
"Montipora_capitata_HIv3___TS.g5387.t2",1,0,0,NA,NA,NA,NA,"ME1"
"Montipora_capitata_HIv3___RNAseq.g35343.t1",0,1,0,0.00572911119890645,"Other",1,0.545620305429071,"ME10"
"Montipora_capitata_HIv3___RNAseq.g35345.t1",1,0,1,NA,NA,NA,NA,"ME0"
"Montipora_capitata_HIv3___RNAseq.g35351.t1",0,1,1,NA,NA,NA,NA,"ME1"
"Montipora_capitata_HIv3___TS.g5405.t1",1,0,0,NA,NA,NA,NA,"ME3"
"Montipora_capitata_HIv3___RNAseq.g35361.t1",0,0,1,NA,NA,NA,NA,"ME1"
"Montipora_capitata_HIv3___TS.g5416.t1b",0,1,0,NA,NA,NA,NA,"ME5"
"Montipora_capitata_HIv3___TS.g5417.t1",1,0,0,NA,NA,NA,NA,"ME0"
"Montipora_capitata_HIv3___TS.g5420.t1",1,1,0,NA,NA,NA,NA,"ME3"
"Montipora_capitata_HIv3___RNAseq.g35378.t1",0,0,1,NA,NA,NA,NA,"ME5"
"Montipora_capitata_HIv3___TS.g5435.t1",0,0,1,NA,NA,NA,NA,"ME3"
"Montipora_capitata_HIv3___RNAseq.g35389.t1",1,0,0,NA,NA,NA,NA,"ME11"
"Montipora_capitata_HIv3___RNAseq.g35404.t1",1,0,0,NA,NA,NA,NA,"ME11"
"Montipora_capitata_HIv3___RNAseq.g35406.t1",2,0,0,NA,NA,NA,NA,"ME0"
"Montipora_capitata_HIv3___RNAseq.g35412.t1",0,0,1,NA,NA,NA,NA,"ME1"
"Montipora_capitata_HIv3___RNAseq.g35417.t1",0,0,1,NA,NA,NA,NA,"ME0"
"Montipora_capitata_HIv3___RNAseq.g35418.t1",0,0,1,NA,NA,NA,NA,"ME3"
"Montipora_capitata_HIv3___RNAseq.g35428.t1",0,1,0,NA,NA,NA,NA,"ME0"
"Montipora_capitata_HIv3___RNAseq.g35435.t1",2,0,0,NA,NA,NA,NA,"ME13"
"Montipora_capitata_HIv3___RNAseq.g35448.t1b",1,0,0,NA,NA,NA,NA,"ME17"
"Montipora_capitata_HIv3___RNAseq.45773_t",0,0,1,NA,NA,NA,NA,"ME2"
"Montipora_capitata_HIv3___RNAseq.g35469.t1",0,0,1,NA,NA,NA,NA,"ME2"
"Montipora_capitata_HIv3___RNAseq.g35470.t1",1,0,0,NA,NA,NA,NA,"ME0"
"Montipora_capitata_HIv3___RNAseq.g35474.t1",2,0,0,NA,NA,NA,NA,"ME2"
"Montipora_capitata_HIv3___TS.g5538.t1",1,0,0,NA,NA,NA,NA,"ME2"
"Montipora_capitata_HIv3___RNAseq.g35485.t1",1,0,0,NA,NA,NA,NA,"ME3"
"Montipora_capitata_HIv3___RNAseq.g35497.t1",0,1,0,NA,NA,NA,NA,"ME2"
"Montipora_capitata_HIv3___RNAseq.g35500.t2",0,1,0,NA,NA,NA,NA,"ME0"
"Montipora_capitata_HIv3___RNAseq.g35506.t1",1,1,0,NA,NA,NA,NA,"ME27"
"Montipora_capitata_HIv3___RNAseq.g35513.t1",0,1,0,NA,NA,NA,NA,"ME2"
"Montipora_capitata_HIv3___RNAseq.g35516.t1",1,0,0,NA,NA,NA,NA,"ME15"
"Montipora_capitata_HIv3___RNAseq.g35522.t1",1,3,0,NA,NA,NA,NA,"ME2"
"Montipora_capitata_HIv3___RNAseq.g35526.t1",0,1,0,NA,NA,NA,NA,"ME1"
"Montipora_capitata_HIv3___RNAseq.g35531.t1",0,0,1,NA,NA,NA,NA,"ME16"
"Montipora_capitata_HIv3___RNAseq.45838_t",1,0,0,NA,NA,NA,NA,"ME0"
"Montipora_capitata_HIv3___RNAseq.g35534.t1",0,1,0,NA,NA,NA,NA,"ME16"
"Montipora_capitata_HIv3___RNAseq.g35535.t1",0,1,0,NA,NA,NA,NA,"ME3"
"Montipora_capitata_HIv3___RNAseq.g35538.t1",1,0,0,NA,NA,NA,NA,"ME10"
"Montipora_capitata_HIv3___RNAseq.g35540.t1",0,1,0,1.06316745236611e-05,"Transient",4,0.935844636935052,"ME7"
"Montipora_capitata_HIv3___TS.g5595.t1",0,1,0,NA,NA,NA,NA,"ME14"
"Montipora_capitata_HIv3___RNAseq.g35546.t2",1,0,0,0.0388282994792501,"Other",NA,NA,"ME14"
"Montipora_capitata_HIv3___RNAseq.g35547.t1",2,0,0,NA,NA,NA,NA,"ME3"
"Montipora_capitata_HIv3___RNAseq.g35549.t1",2,0,0,NA,NA,NA,NA,"ME0"
"Montipora_capitata_HIv3___RNAseq.g35553.t1",0,0,1,NA,NA,NA,NA,"ME1"
"Montipora_capitata_HIv3___RNAseq.g35554.t1",1,0,0,NA,NA,NA,NA,"ME1"
"Montipora_capitata_HIv3___RNAseq.g35559.t1",0,0,1,0.00583171300405578,"Transient",5,0.930440618367,"ME3"
"Montipora_capitata_HIv3___TS.g5617.t1",0,1,0,NA,NA,NA,NA,"ME0"
"Montipora_capitata_HIv3___RNAseq.g35565.t1",1,0,0,0.00203546422405577,"Monotonous",6,0.960933730399941,"ME9"
"Montipora_capitata_HIv3___TS.g5623.t3",1,0,0,0.0329070902059988,"Other",6,0.959275495408904,"ME9"
"Montipora_capitata_HIv3___RNAseq.g35586.t1",0,1,0,NA,NA,NA,NA,"ME1"
"Montipora_capitata_HIv3___RNAseq.g35589.t1",2,0,0,NA,NA,NA,NA,"ME10"
"Montipora_capitata_HIv3___TS.g5646.t1",1,0,0,NA,NA,NA,NA,"ME1"
"Montipora_capitata_HIv3___TS.g5653.t1",0,1,0,NA,NA,NA,NA,"ME12"
"Montipora_capitata_HIv3___TS.g5655.t1",0,1,0,NA,NA,NA,NA,"ME12"
"Montipora_capitata_HIv3___RNAseq.g35619.t1",0,1,0,0.0324148307020266,"Other",6,0.990549258528511,"ME9"
"Montipora_capitata_HIv3___RNAseq.g35623.t1",1,0,0,NA,NA,NA,NA,"ME4"
"Montipora_capitata_HIv3___RNAseq.g35625.t1",0,1,0,0.000554325262808213,"Transient",5,0.941429048621569,"ME17"
"Montipora_capitata_HIv3___RNAseq.g35637.t1",0,1,0,NA,NA,NA,NA,"ME3"
"Montipora_capitata_HIv3___RNAseq.g35639.t1",1,0,0,NA,NA,NA,NA,"ME3"
"Montipora_capitata_HIv3___RNAseq.g35640.t2",1,0,0,NA,NA,NA,NA,"ME19"
"Montipora_capitata_HIv3___RNAseq.g35643.t1",0,1,0,NA,NA,NA,NA,"ME0"
"Montipora_capitata_HIv3___RNAseq.g35649.t1",0,1,0,NA,NA,NA,NA,"ME8"
"Montipora_capitata_HIv3___RNAseq.g35658.t1",1,0,0,NA,NA,NA,NA,"ME2"
"Montipora_capitata_HIv3___RNAseq.g49.t1",1,0,0,NA,NA,NA,NA,"ME12"
"Montipora_capitata_HIv3___RNAseq.g50.t1",1,1,0,NA,NA,NA,NA,"ME11"
"Montipora_capitata_HIv3___RNAseq.g40090.t1",1,0,0,NA,NA,NA,NA,"ME24"
"Montipora_capitata_HIv3___TS.g20553.t1",0,1,0,NA,NA,NA,NA,"ME4"
"Montipora_capitata_HIv3___RNAseq.g51.t1",1,0,1,NA,NA,NA,NA,"ME0"
"Montipora_capitata_HIv3___RNAseq.g52.t1",0,0,1,NA,NA,NA,NA,"ME12"
"Montipora_capitata_HIv3___RNAseq.g57.t1",2,0,0,NA,NA,NA,NA,"ME6"
"Montipora_capitata_HIv3___RNAseq.g62.t1",0,1,0,NA,NA,NA,NA,"ME0"
"Montipora_capitata_HIv3___RNAseq.47521_t",1,0,1,NA,NA,NA,NA,"ME0"
"Montipora_capitata_HIv3___TS.g20528.t1",0,0,1,NA,NA,NA,NA,"ME12"
"Montipora_capitata_HIv3___TS.g20532.t1",0,0,1,NA,NA,NA,NA,"ME2"
"Montipora_capitata_HIv3___RNAseq.g99.t1",0,0,1,NA,NA,NA,NA,"ME2"
"Montipora_capitata_HIv3___RNAseq.g114.t1",0,1,0,NA,NA,NA,NA,"ME12"
"Montipora_capitata_HIv3___TS.g20576.t1",1,0,0,NA,NA,NA,NA,"ME1"
"Montipora_capitata_HIv3___RNAseq.g40100.t1",0,0,1,NA,NA,NA,NA,"ME1"
"Montipora_capitata_HIv3___RNAseq.g40135.t1",0,0,1,NA,NA,NA,NA,"ME0"
"Montipora_capitata_HIv3___RNAseq.g40092.t1",0,0,1,9.28977275194346e-07,"Monotonous",3,0.951453516111011,"ME2"
"Montipora_capitata_HIv3___RNAseq.g40102.t1",1,0,0,NA,NA,NA,NA,"ME2"
"Montipora_capitata_HIv3___RNAseq.g40104.t1",1,0,0,NA,NA,NA,NA,"ME14"
"Montipora_capitata_HIv3___RNAseq.g40131.t1",1,0,0,NA,NA,NA,NA,"ME1"
"Montipora_capitata_HIv3___RNAseq.g40133.t1",1,0,0,NA,NA,NA,NA,"ME21"
"Montipora_capitata_HIv3___RNAseq.g8275.t1",0,0,1,NA,NA,NA,NA,"ME2"
"Montipora_capitata_HIv3___RNAseq.g8284.t1",1,0,0,NA,NA,NA,NA,"ME22"
"Montipora_capitata_HIv3___RNAseq.g8290.t1",1,1,0,NA,NA,NA,NA,"ME12"
"Montipora_capitata_HIv3___TS.g45330.t1",1,0,0,NA,NA,NA,NA,"ME2"
"Montipora_capitata_HIv3___RNAseq.g8302.t1",1,0,0,NA,NA,NA,NA,"ME0"
"Montipora_capitata_HIv3___RNAseq.g18714.t1b",0,0,1,NA,NA,NA,NA,"ME4"
"Montipora_capitata_HIv3___RNAseq.g18714.t1a",1,0,0,NA,NA,NA,NA,"ME27"
"Montipora_capitata_HIv3___RNAseq.g18730.t1",2,0,0,NA,NA,NA,NA,"ME0"
"Montipora_capitata_HIv3___RNAseq.g50480.t1",1,0,0,NA,NA,NA,NA,"ME0"
"Montipora_capitata_HIv3___RNAseq.g50477.t1",1,0,0,NA,NA,NA,NA,"ME0"
"Montipora_capitata_HIv3___RNAseq.g50484.t1",0,0,1,NA,NA,NA,NA,"ME30"
"Montipora_capitata_HIv3___RNAseq.g50491.t1b",0,1,0,NA,NA,NA,NA,"ME4"
"Montipora_capitata_HIv3___TS.g20170.t1",1,0,0,NA,NA,NA,NA,"ME0"
"Montipora_capitata_HIv3___RNAseq.g18650.t1",1,0,0,0.0151676120376331,"Other",NA,NA,"ME0"
"Montipora_capitata_HIv3___RNAseq.g18655.t1",0,0,1,NA,NA,NA,NA,"ME2"
"Montipora_capitata_HIv3___RNAseq.g18677.t1",1,0,0,NA,NA,NA,NA,"ME25"
"Montipora_capitata_HIv3___RNAseq.g18688.t1",0,1,0,NA,NA,NA,NA,"ME0"
"Montipora_capitata_HIv3___RNAseq.g12602.t1",1,0,0,NA,NA,NA,NA,"ME0"
"Montipora_capitata_HIv3___RNAseq.g40323.t1",1,0,0,NA,NA,NA,NA,"ME0"
"Montipora_capitata_HIv3___RNAseq.g40324.t1b",0,0,1,NA,NA,NA,NA,"ME12"
"Montipora_capitata_HIv3___TS.g23963.t1",1,0,0,NA,NA,NA,NA,"ME24"
"Montipora_capitata_HIv3___RNAseq.g179.t1",1,0,0,NA,NA,NA,NA,"ME13"
"Montipora_capitata_HIv3___RNAseq.g171.t1",1,0,0,NA,NA,NA,NA,"ME4"
"Montipora_capitata_HIv3___RNAseq.g27444.t1",2,2,0,NA,NA,NA,NA,"ME2"
"Montipora_capitata_HIv3___RNAseq.g27445.t1",2,0,0,NA,NA,NA,NA,"ME2"
"Montipora_capitata_HIv3___TS.g19867.t1",1,1,2,NA,NA,NA,NA,"ME1"
"Montipora_capitata_HIv3___RNAseq.g40013.t1",0,2,0,NA,NA,NA,NA,"ME11"
"Montipora_capitata_HIv3___RNAseq.g40023.t1",1,0,0,NA,NA,NA,NA,"ME0"
"Montipora_capitata_HIv3___RNAseq.g3681.t1",0,0,1,NA,NA,NA,NA,"ME30"
"Montipora_capitata_HIv3___TS.g19701.t1",0,1,0,NA,NA,NA,NA,"ME30"
"Montipora_capitata_HIv3___RNAseq.g50652.t1",1,0,1,NA,NA,NA,NA,"ME11"
"Montipora_capitata_HIv3___RNAseq.g8555.t1",1,0,0,NA,NA,NA,NA,"ME0"
"Montipora_capitata_HIv3___TS.g19719.t1",0,1,1,NA,NA,NA,NA,"ME2"
"Montipora_capitata_HIv3___RNAseq.g8552.t1",0,0,1,NA,NA,NA,NA,"ME2"
"Montipora_capitata_HIv3___TS.g37737.t1",0,0,1,NA,NA,NA,NA,"ME0"
"Montipora_capitata_HIv3___RNAseq.g27395.t1",0,0,1,NA,NA,NA,NA,"ME2"
"Montipora_capitata_HIv3___TS.g19814.t1",0,1,0,NA,NA,NA,NA,"ME0"
"Montipora_capitata_HIv3___RNAseq.g8514.t2",0,0,1,NA,NA,NA,NA,"ME8"
"Montipora_capitata_HIv3___RNAseq.g23868.t1",1,0,0,NA,NA,NA,NA,"ME2"
"Montipora_capitata_HIv3___RNAseq.g29736.t1",0,1,0,NA,NA,NA,NA,"ME22"
"Montipora_capitata_HIv3___RNAseq.g29737.t1",0,0,1,NA,NA,NA,NA,"ME0"
"Montipora_capitata_HIv3___RNAseq.g23875.t1",0,1,0,NA,NA,NA,NA,"ME2"
"Montipora_capitata_HIv3___RNAseq.g23877.t1",1,0,0,NA,NA,NA,NA,"ME2"
"Montipora_capitata_HIv3___RNAseq.g23886.t1",1,0,0,NA,NA,NA,NA,"ME0"
"Montipora_capitata_HIv3___RNAseq.g23888.t1",0,1,0,NA,NA,NA,NA,"ME7"
"Montipora_capitata_HIv3___TS.g4768.t1",1,0,0,NA,NA,NA,NA,"ME2"
"Montipora_capitata_HIv3___RNAseq.g8104.t1",1,0,1,0.0488316821311789,"Other",1,0.659461494575867,"ME5"
"Montipora_capitata_HIv3___RNAseq.g8111.t1",0,1,0,NA,NA,NA,NA,"ME0"
"Montipora_capitata_HIv3___RNAseq.g29780.t1",1,1,0,NA,NA,NA,NA,"ME22"
"Montipora_capitata_HIv3___RNAseq.g7888.t1",0,0,1,0.0240797634213269,"Other",NA,NA,"ME0"
"Montipora_capitata_HIv3___RNAseq.g29783.t1",0,1,0,NA,NA,NA,NA,"ME7"
"Montipora_capitata_HIv3___RNAseq.g7896.t1",1,0,0,NA,NA,NA,NA,"ME0"
"Montipora_capitata_HIv3___TS.g45300.t1",0,0,1,NA,NA,NA,NA,"ME31"
"Montipora_capitata_HIv3___TS.g45304.t1",0,0,1,NA,NA,NA,NA,"ME14"
"Montipora_capitata_HIv3___TS.g45308.t1",1,0,0,NA,NA,NA,NA,"ME0"
"Montipora_capitata_HIv3___RNAseq.g45654.t1",1,0,1,NA,NA,NA,NA,"ME2"
"Montipora_capitata_HIv3___RNAseq.g45677.t1",0,0,1,NA,NA,NA,NA,"ME22"
"Montipora_capitata_HIv3___RNAseq.g45680.t1",0,0,1,NA,NA,NA,NA,"ME4"
"Montipora_capitata_HIv3___TS.g6594.t1",2,0,0,NA,NA,NA,NA,"ME0"
"Montipora_capitata_HIv3___RNAseq.g36554.t1",0,1,0,NA,NA,NA,NA,"ME1"
"Montipora_capitata_HIv3___RNAseq.g36649.t1",1,0,0,NA,NA,NA,NA,"ME0"
"Montipora_capitata_HIv3___RNAseq.g36650.t1",0,1,0,NA,NA,NA,NA,"ME0"
"Montipora_capitata_HIv3___RNAseq.g36661.t1",0,1,0,NA,NA,NA,NA,"ME4"
"Montipora_capitata_HIv3___RNAseq.g36747.t1",1,0,0,NA,NA,NA,NA,"ME0"
"Montipora_capitata_HIv3___RNAseq.g36752.t1",0,1,1,NA,NA,NA,NA,"ME0"
"Montipora_capitata_HIv3___RNAseq.g36803.t1",2,0,0,NA,NA,NA,NA,"ME13"
"Montipora_capitata_HIv3___RNAseq.g36529.t2",1,0,0,7.61192757526031e-09,"Monotonous",6,0.990733638280388,"ME9"
"Montipora_capitata_HIv3___RNAseq.g36550.t1",0,0,2,NA,NA,NA,NA,"ME1"
"Montipora_capitata_HIv3___RNAseq.g36551.t1",1,0,1,NA,NA,NA,NA,"ME2"
"Montipora_capitata_HIv3___TS.g6610.t1b",0,1,1,NA,NA,NA,NA,"ME23"
"Montipora_capitata_HIv3___TS.g6611.t1",1,0,0,NA,NA,NA,NA,"ME5"
"Montipora_capitata_HIv3___RNAseq.g36569.t1",2,0,0,0.0131614110027302,"Other",5,0.562227648206361,"ME23"
"Montipora_capitata_HIv3___RNAseq.g36579.t1",1,0,0,NA,NA,NA,NA,"ME12"
"Montipora_capitata_HIv3___TS.g6636.t1",0,0,2,NA,NA,NA,NA,"ME0"
"Montipora_capitata_HIv3___RNAseq.g36599.t1",1,0,0,NA,NA,NA,NA,"ME4"
"Montipora_capitata_HIv3___TS.g6647.t1",1,0,0,NA,NA,NA,NA,"ME14"
"Montipora_capitata_HIv3___RNAseq.g36605.t1",1,0,0,NA,NA,NA,NA,"ME3"
"Montipora_capitata_HIv3___RNAseq.g36624.t1",1,0,0,NA,NA,NA,NA,"ME11"
"Montipora_capitata_HIv3___RNAseq.g36673.t1",0,1,0,NA,NA,NA,NA,"ME3"
"Montipora_capitata_HIv3___RNAseq.g36677.t1",0,1,0,NA,NA,NA,NA,"ME3"
"Montipora_capitata_HIv3___TS.g6728.t1",1,0,0,0.0474535418646665,"Monotonous",5,0.539110646643073,"ME3"
"Montipora_capitata_HIv3___RNAseq.g36682.t1",1,0,0,NA,NA,NA,NA,"ME31"
"Montipora_capitata_HIv3___RNAseq.g36685.t1",0,2,0,NA,NA,NA,NA,"ME18"
"Montipora_capitata_HIv3___RNAseq.g36705.t1",1,0,1,NA,NA,NA,NA,"ME2"
"Montipora_capitata_HIv3___TS.g6751.t1",0,1,0,NA,NA,NA,NA,"ME11"
"Montipora_capitata_HIv3___RNAseq.g36727.t1",0,0,1,NA,NA,NA,NA,"ME12"
"Montipora_capitata_HIv3___TS.g6781.t1",1,0,0,NA,NA,NA,NA,"ME2"
"Montipora_capitata_HIv3___RNAseq.g36734.t1",0,2,1,0.00369107640525604,"Other",2,0.616401157490211,"ME1"
"Montipora_capitata_HIv3___TS.g6786.t1",0,0,1,NA,NA,NA,NA,"ME0"
"Montipora_capitata_HIv3___RNAseq.g36744.t2",0,0,2,NA,NA,NA,NA,"ME4"
"Montipora_capitata_HIv3___TS.g6805.t1",0,1,0,NA,NA,NA,NA,"ME0"
"Montipora_capitata_HIv3___RNAseq.g36760.t1",1,0,0,NA,NA,NA,NA,"ME0"
"Montipora_capitata_HIv3___RNAseq.g36774.t1",0,1,0,NA,NA,NA,NA,"ME23"
"Montipora_capitata_HIv3___TS.g6828.t1",0,1,0,NA,NA,NA,NA,"ME2"
"Montipora_capitata_HIv3___RNAseq.g36779.t1",1,0,0,NA,NA,NA,NA,"ME1"
"Montipora_capitata_HIv3___RNAseq.g36780.t1",0,1,0,6.45965895730659e-05,"Monotonous",1,0.685054484157304,"ME3"
"Montipora_capitata_HIv3___RNAseq.g36783.t1",2,0,1,NA,NA,NA,NA,"ME12"
"Montipora_capitata_HIv3___TS.g6844.t2",0,0,1,0.0024476830544796,"Monotonous",1,0.926897323180229,"ME3"
"Montipora_capitata_HIv3___TS.g6845.t1",1,0,0,0.00156672429091829,"Monotonous",1,0.889274967365567,"ME3"
"Montipora_capitata_HIv3___TS.g6848.t1",0,1,1,NA,NA,NA,NA,"ME4"
"Montipora_capitata_HIv3___RNAseq.g36791.t1",1,0,0,NA,NA,NA,NA,"ME2"
"Montipora_capitata_HIv3___TS.g6851.t1",0,1,0,NA,NA,NA,NA,"ME0"
"Montipora_capitata_HIv3___RNAseq.g36797.t2",3,0,0,NA,NA,NA,NA,"ME1"
"Montipora_capitata_HIv3___TS.g6857.t1",0,1,0,NA,NA,NA,NA,"ME2"
"Montipora_capitata_HIv3___TS.g6865.t1b",0,1,0,NA,NA,NA,NA,"ME1"
"Montipora_capitata_HIv3___TS.g6865.t1a",2,0,0,NA,NA,NA,NA,"ME3"
"Montipora_capitata_HIv3___RNAseq.g36806.t1",2,0,0,NA,NA,NA,NA,"ME3"
"Montipora_capitata_HIv3___TS.g6869.t1",1,0,0,0.0170998454938512,"Other",5,0.883762588108762,"ME4"
"Montipora_capitata_HIv3___RNAseq.g36810.t1",1,0,0,NA,NA,NA,NA,"ME6"
"Montipora_capitata_HIv3___TS.g6871.t1",1,0,0,NA,NA,NA,NA,"ME1"
"Montipora_capitata_HIv3___RNAseq.g36815.t1",1,0,0,NA,NA,NA,NA,"ME3"
"Montipora_capitata_HIv3___RNAseq.g36816.t1",1,0,0,0.0189236727607618,"Other",NA,NA,"ME3"
"Montipora_capitata_HIv3___RNAseq.g36820.t1",0,0,1,0.0270467745258605,"Other",6,0.801082596178184,"ME9"
"Montipora_capitata_HIv3___TS.g6881.t1",0,1,0,3.22249953967392e-09,"Monotonous",1,0.905810986200923,"ME6"
"Montipora_capitata_HIv3___RNAseq.g36823.t1",0,1,0,NA,NA,NA,NA,"ME0"
"Montipora_capitata_HIv3___RNAseq.g36828.t1",0,0,1,0.0164369914766469,"Monotonous",2,0.896062884990954,"ME1"
"Montipora_capitata_HIv3___RNAseq.g36836.t1",1,0,0,NA,NA,NA,NA,"ME7"
"Montipora_capitata_HIv3___RNAseq.g36837.t1",1,0,0,NA,NA,NA,NA,"ME7"
"Montipora_capitata_HIv3___RNAseq.g36845.t1",1,0,0,NA,NA,NA,NA,"ME1"
"Montipora_capitata_HIv3___RNAseq.g36850.t2",1,0,0,NA,NA,NA,NA,"ME0"
"Montipora_capitata_HIv3___TS.g6909.t1",0,1,0,0.0266599162787774,"Other",1,0.627255294806325,"ME4"
"Montipora_capitata_HIv3___RNAseq.g36853.t1",1,0,0,NA,NA,NA,NA,"ME0"
"Montipora_capitata_HIv3___RNAseq.g36854.t1",0,1,0,0.000281147860329964,"Monotonous",1,0.822271679527777,"ME25"
"Montipora_capitata_HIv3___RNAseq.g36856.t1",0,1,0,NA,NA,NA,NA,"ME2"
"Montipora_capitata_HIv3___RNAseq.g36858.t1",0,1,0,7.82764162838327e-05,"Monotonous",3,0.686574544790702,"ME1"
"Montipora_capitata_HIv3___RNAseq.47221_tc",1,0,0,2.78916561571044e-07,"Monotonous",1,0.973445541258935,"ME25"
"Montipora_capitata_HIv3___TS.g6918.t1",0,0,1,6.41330608755054e-19,"Monotonous",1,0.982868775331722,"ME3"
"Montipora_capitata_HIv3___TS.g6919.t1",0,0,1,4.27970680035609e-24,"Monotonous",1,0.989084237637837,"ME3"
"Montipora_capitata_HIv3___RNAseq.g36866.t1",0,0,1,0.00098061295937199,"Monotonous",2,0.904373243792562,"ME1"
"Montipora_capitata_HIv3___RNAseq.g36867.t1b",2,0,0,0.0380021665316126,"Other",6,0.629134548826574,"ME10"
"Montipora_capitata_HIv3___RNAseq.g36867.t1a",1,0,0,NA,NA,NA,NA,"ME3"
"Montipora_capitata_HIv3___RNAseq.g36868.t1",1,0,0,NA,NA,NA,NA,"ME1"
"Montipora_capitata_HIv3___RNAseq.g36873.t1",0,0,1,NA,NA,NA,NA,"ME2"
"Montipora_capitata_HIv3___RNAseq.g36876.t1",0,1,0,NA,NA,NA,NA,"ME25"
"Montipora_capitata_HIv3___RNAseq.g36881.t1",1,0,0,0.0157449090936281,"Transient",NA,NA,"ME16"
"Montipora_capitata_HIv3___RNAseq.g36883.t1",0,1,0,NA,NA,NA,NA,"ME3"
"Montipora_capitata_HIv3___RNAseq.g36884.t1",1,0,0,NA,NA,NA,NA,"ME9"
"Montipora_capitata_HIv3___RNAseq.g36895.t1",0,1,0,NA,NA,NA,NA,"ME3"
"Montipora_capitata_HIv3___RNAseq.g36902.t1",1,1,0,NA,NA,NA,NA,"ME3"
"Montipora_capitata_HIv3___RNAseq.g36903.t1",0,1,0,NA,NA,NA,NA,"ME4"
"Montipora_capitata_HIv3___RNAseq.g36904.t1",1,0,0,NA,NA,NA,NA,"ME8"
"Montipora_capitata_HIv3___RNAseq.g36917.t1",1,0,0,NA,NA,NA,NA,"ME18"
"Montipora_capitata_HIv3___RNAseq.g36923.t1",0,0,1,0.00580869846968922,"Transient",5,0.867779282567264,"ME17"
"Montipora_capitata_HIv3___RNAseq.47289_t",0,0,1,NA,NA,NA,NA,"ME8"
"Montipora_capitata_HIv3___RNAseq.g36940.t1",0,1,0,NA,NA,NA,NA,"ME1"
"Montipora_capitata_HIv3___TS.g6997.t1b",0,0,1,NA,NA,NA,NA,"ME1"
"Montipora_capitata_HIv3___TS.g6997.t1a",1,0,0,NA,NA,NA,NA,"ME8"
"Montipora_capitata_HIv3___RNAseq.g36944.t1",0,0,1,5.37436938527153e-05,"Transient",4,0.814333296604094,"ME1"
"Montipora_capitata_HIv3___RNAseq.g36949.t1",1,0,0,NA,NA,NA,NA,"ME1"
"Montipora_capitata_HIv3___RNAseq.g36951.t1",1,0,0,NA,NA,NA,NA,"ME26"
"Montipora_capitata_HIv3___RNAseq.g36952.t1",1,0,0,NA,NA,NA,NA,"ME0"
"Montipora_capitata_HIv3___RNAseq.g36954.t1",1,0,0,NA,NA,NA,NA,"ME1"
"Montipora_capitata_HIv3___RNAseq.g36955.t1",0,0,1,NA,NA,NA,NA,"ME8"
"Montipora_capitata_HIv3___RNAseq.g36958.t1",1,0,0,NA,NA,NA,NA,"ME3"
"Montipora_capitata_HIv3___RNAseq.g36960.t1",1,0,0,NA,NA,NA,NA,"ME2"
"Montipora_capitata_HIv3___RNAseq.g36964.t1",1,0,0,0.0295243025590644,"Transient",3,0.832307032214159,"ME15"
"Montipora_capitata_HIv3___RNAseq.g36969.t1",0,1,0,9.00956816836401e-07,"Monotonous",1,0.861204283278885,"ME3"
"Montipora_capitata_HIv3___RNAseq.47328_t",0,0,1,NA,NA,NA,NA,"ME2"
"Montipora_capitata_HIv3___RNAseq.g36975.t1",2,0,0,0.0375021373140433,"Monotonous",1,0.546375594997617,"ME21"
"Montipora_capitata_HIv3___RNAseq.g36976.t1a",1,0,0,NA,NA,NA,NA,"ME3"
"Montipora_capitata_HIv3___RNAseq.g36977.t1",1,0,0,NA,NA,NA,NA,"ME7"
"Montipora_capitata_HIv3___RNAseq.g36978.t1",1,0,0,NA,NA,NA,NA,"ME3"
"Montipora_capitata_HIv3___RNAseq.g36980.t1",1,0,0,NA,NA,NA,NA,"ME7"
"Montipora_capitata_HIv3___RNAseq.47337_t",1,0,1,NA,NA,NA,NA,"ME1"
"Montipora_capitata_HIv3___RNAseq.g36984.t1",2,1,0,NA,NA,NA,NA,"ME16"
"Montipora_capitata_HIv3___RNAseq.g36986.t1",1,0,0,NA,NA,NA,NA,"ME9"
"Montipora_capitata_HIv3___RNAseq.47346_t",0,0,1,0.00380702126602089,"Transient",3,0.875556567871517,"ME1"
"Montipora_capitata_HIv3___RNAseq.g36992.t1",0,1,0,0.00421927648458139,"Transient",5,0.737388629700405,"ME6"
"Montipora_capitata_HIv3___RNAseq.g37001.t1",0,1,0,0.00449731842210214,"Monotonous",5,0.908850725775128,"ME3"
"Montipora_capitata_HIv3___RNAseq.g37005.t1",2,0,1,NA,NA,NA,NA,"ME1"
"Montipora_capitata_HIv3___RNAseq.g37009.t1a",0,1,0,0.000522910907561965,"Transient",4,0.756393811326309,"ME17"
"Montipora_capitata_HIv3___RNAseq.g37012.t1",1,0,0,NA,NA,NA,NA,"ME0"
"Montipora_capitata_HIv3___RNAseq.47378_t",1,0,0,NA,NA,NA,NA,"ME16"
"Montipora_capitata_HIv3___TS.g7082.t1",0,0,1,3.6946656421578e-05,"Other",NA,NA,"ME3"
"Montipora_capitata_HIv3___TS.g7084.t1",1,0,0,NA,NA,NA,NA,"ME0"
"Montipora_capitata_HIv3___TS.g7090.t1",0,0,1,NA,NA,NA,NA,"ME2"
"Montipora_capitata_HIv3___RNAseq.g37036.t1",0,0,1,NA,NA,NA,NA,"ME2"
"Montipora_capitata_HIv3___TS.g7097.t1",1,0,0,NA,NA,NA,NA,"ME21"
"Montipora_capitata_HIv3___RNAseq.g37045.t1",0,1,0,0.03576510783577,"Monotonous",6,0.644052593203074,"ME18"
"Montipora_capitata_HIv3___RNAseq.g37047.t1",1,0,0,NA,NA,NA,NA,"ME3"
"Montipora_capitata_HIv3___RNAseq.g37048.t1",0,0,1,NA,NA,NA,NA,"ME8"
"Montipora_capitata_HIv3___RNAseq.g37049.t1",0,0,1,NA,NA,NA,NA,"ME20"
"Montipora_capitata_HIv3___RNAseq.g37052.t1",1,0,0,NA,NA,NA,NA,"ME18"
"Montipora_capitata_HIv3___RNAseq.g37053.t1",1,0,0,0.0295950025761908,"Other",2,0.631023662265586,"ME1"
"Montipora_capitata_HIv3___RNAseq.g37054.t1",2,0,0,3.91928065869214e-07,"Transient",4,0.771903777083486,"ME3"
"Montipora_capitata_HIv3___RNAseq.g37055.t2",1,0,0,NA,NA,NA,NA,"ME8"
"Montipora_capitata_HIv3___RNAseq.g37063.t1",0,0,1,NA,NA,NA,NA,"ME2"
"Montipora_capitata_HIv3___TS.g7124.t2a",0,1,1,0.000192069967268551,"Transient",NA,NA,"ME6"
"Montipora_capitata_HIv3___TS.g7124.t2b",1,0,0,NA,NA,NA,NA,"ME1"
"Montipora_capitata_HIv3___RNAseq.g37069.t1",0,1,0,NA,NA,NA,NA,"ME2"
"Montipora_capitata_HIv3___RNAseq.g37070.t1",1,1,1,1.29392075846375e-11,"Monotonous",6,0.764108277003477,"ME3"
"Montipora_capitata_HIv3___RNAseq.g37071.t1",1,0,0,NA,NA,NA,NA,"ME6"
"Montipora_capitata_HIv3___RNAseq.g37075.t1",1,0,0,NA,NA,NA,NA,"ME2"
"Montipora_capitata_HIv3___RNAseq.g37083.t1",0,1,0,6.50851693169735e-06,"Monotonous",3,0.690706552618976,"ME1"
"Montipora_capitata_HIv3___RNAseq.g37093.t1",1,0,0,NA,NA,NA,NA,"ME15"
"Montipora_capitata_HIv3___RNAseq.g37094.t1",0,0,1,NA,NA,NA,NA,"ME3"
"Montipora_capitata_HIv3___TS.g7164.t1",1,0,0,NA,NA,NA,NA,"ME1"
"Montipora_capitata_HIv3___TS.g7165.t1",1,0,0,6.88817255832401e-06,"Transient",4,0.946477389003576,"ME0"
"Montipora_capitata_HIv3___RNAseq.g37104.t1",1,0,0,0.0031699690760676,"Transient",4,0.542123426144405,"ME3"
"Montipora_capitata_HIv3___RNAseq.g37105.t1",0,1,0,NA,NA,NA,NA,"ME3"
"Montipora_capitata_HIv3___RNAseq.g37109.t1",1,0,0,5.87586915485124e-05,"Monotonous",1,0.807780973214352,"ME3"
"Montipora_capitata_HIv3___RNAseq.g37112.t1",0,1,1,0.000282836023515471,"Transient",3,0.626458954895219,"ME1"
"Montipora_capitata_HIv3___RNAseq.g37122.t1",0,0,1,NA,NA,NA,NA,"ME19"
"Montipora_capitata_HIv3___RNAseq.g37123.t1",0,0,1,1.80093775495268e-07,"Transient",2,0.624061557408656,"ME1"
"Montipora_capitata_HIv3___RNAseq.g37125.t1",1,0,0,NA,NA,NA,NA,"ME19"
"Montipora_capitata_HIv3___TS.g7183.t1",2,0,0,NA,NA,NA,NA,"ME19"
"Montipora_capitata_HIv3___TS.g7184.t1",3,0,0,NA,NA,NA,NA,"ME18"
"Montipora_capitata_HIv3___TS.g7185.t1",1,0,0,NA,NA,NA,NA,"ME1"
"Montipora_capitata_HIv3___RNAseq.g37128.t1",0,0,1,0.0057450916874973,"Monotonous",1,0.611306362940862,"ME3"
"Montipora_capitata_HIv3___RNAseq.g37129.t1",0,0,1,NA,NA,NA,NA,"ME1"
"Montipora_capitata_HIv3___RNAseq.g37131.t1b",1,0,0,NA,NA,NA,NA,"ME21"
"Montipora_capitata_HIv3___RNAseq.g37136.t1a",1,0,1,NA,NA,NA,NA,"ME2"
"Montipora_capitata_HIv3___RNAseq.g37137.t1",0,2,0,NA,NA,NA,NA,"ME4"
"Montipora_capitata_HIv3___TS.g7201.t1b",1,0,1,NA,NA,NA,NA,"ME10"
"Montipora_capitata_HIv3___RNAseq.g37143.t1",1,0,0,0.000555465471579965,"Monotonous",6,0.713244754954547,"ME3"
"Montipora_capitata_HIv3___TS.g7205.t2",0,1,0,NA,NA,NA,NA,"ME1"
"Montipora_capitata_HIv3___RNAseq.g23999.t1b",1,0,0,NA,NA,NA,NA,"ME0"
"Montipora_capitata_HIv3___TS.g29402.t1",1,0,0,NA,NA,NA,NA,"ME0"
"Montipora_capitata_HIv3___RNAseq.g7597.t1",0,0,1,NA,NA,NA,NA,"ME3"
"Montipora_capitata_HIv3___RNAseq.g7639.t1",0,0,1,NA,NA,NA,NA,"ME2"
"Montipora_capitata_HIv3___RNAseq.g7966.t1",0,0,1,NA,NA,NA,NA,"ME0"
"Montipora_capitata_HIv3___RNAseq.g7972.t1",0,1,0,NA,NA,NA,NA,"ME12"
"Montipora_capitata_HIv3___RNAseq.g7740.t1",2,0,0,3.76287897322839e-06,"Monotonous",6,0.909516603640356,"ME8"
"Montipora_capitata_HIv3___RNAseq.g7749.t1",1,0,0,NA,NA,NA,NA,"ME18"
"Montipora_capitata_HIv3___RNAseq.g7977.t1",0,1,0,NA,NA,NA,NA,"ME6"
"Montipora_capitata_HIv3___RNAseq.g7981.t1",0,0,1,0.0343612471230738,"Other",5,0.913320475322507,"ME6"
"Montipora_capitata_HIv3___RNAseq.g24056.t1",1,0,0,NA,NA,NA,NA,"ME0"
"Montipora_capitata_HIv3___RNAseq.g8627.t1",1,0,0,NA,NA,NA,NA,"ME2"
"Montipora_capitata_HIv3___RNAseq.g8621.t1",1,0,0,NA,NA,NA,NA,"ME0"
"Montipora_capitata_HIv3___RNAseq.g8626.t1",1,0,0,NA,NA,NA,NA,"ME0"
"Montipora_capitata_HIv3___TS.g45266.t1",1,1,0,NA,NA,NA,NA,"ME0"
"Montipora_capitata_HIv3___TS.g45279.t1",1,0,0,NA,NA,NA,NA,"ME12"
"Montipora_capitata_HIv3___RNAseq.g7582.t1",1,0,0,NA,NA,NA,NA,"ME2"
"Montipora_capitata_HIv3___RNAseq.g7583.t1",0,1,0,NA,NA,NA,NA,"ME4"
"Montipora_capitata_HIv3___TS.g37774.t1a",1,0,0,NA,NA,NA,NA,"ME27"
"Montipora_capitata_HIv3___RNAseq.g8611.t1",1,0,0,NA,NA,NA,NA,"ME0"
"Montipora_capitata_HIv3___RNAseq.g8614.t1",1,0,0,NA,NA,NA,NA,"ME0"
"Montipora_capitata_HIv3___RNAseq.g8620.t1",0,1,0,NA,NA,NA,NA,"ME0"
"Montipora_capitata_HIv3___RNAseq.g8633.t1",1,0,0,0.0334226066641456,"Other",NA,NA,"ME4"
"Montipora_capitata_HIv3___RNAseq.g15623.t1",0,1,0,0.00464036683489205,"Other",NA,NA,"ME0"
"Montipora_capitata_HIv3___RNAseq.g15528.t1",0,1,0,NA,NA,NA,NA,"ME2"
"Montipora_capitata_HIv3___TS.g20676.t1",0,0,1,NA,NA,NA,NA,"ME6"
"Montipora_capitata_HIv3___RNAseq.g4132.t1",0,1,1,NA,NA,NA,NA,"ME1"
"Montipora_capitata_HIv3___RNAseq.g34798.t1",0,1,0,NA,NA,NA,NA,"ME2"
"Montipora_capitata_HIv3___RNAseq.g34806.t1",0,0,1,NA,NA,NA,NA,"ME3"
"Montipora_capitata_HIv3___TS.g37766.t1",0,0,1,NA,NA,NA,NA,"ME0"
"Montipora_capitata_HIv3___RNAseq.g3788.t1",0,1,0,NA,NA,NA,NA,"ME12"
"Montipora_capitata_HIv3___RNAseq.g3792.t1",2,0,0,NA,NA,NA,NA,"ME0"
"Montipora_capitata_HIv3___RNAseq.g18795.t1",1,0,0,NA,NA,NA,NA,"ME2"
"Montipora_capitata_HIv3___RNAseq.g4021.t1",1,1,0,NA,NA,NA,NA,"ME2"
"Montipora_capitata_HIv3___RNAseq.g12402.t1",2,1,0,NA,NA,NA,NA,"ME0"
"Montipora_capitata_HIv3___RNAseq.g12407.t1b",0,1,0,NA,NA,NA,NA,"ME15"
"Montipora_capitata_HIv3___TS.g23449.t1",1,0,0,NA,NA,NA,NA,"ME14"
"Montipora_capitata_HIv3___RNAseq.g27217.t1",1,0,1,NA,NA,NA,NA,"ME0"
"Montipora_capitata_HIv3___RNAseq.g4349.t1",0,0,1,NA,NA,NA,NA,"ME0"
"Montipora_capitata_HIv3___RNAseq.g4346.t1",0,0,1,NA,NA,NA,NA,"ME2"
"Montipora_capitata_HIv3___RNAseq.g4348.t1",1,0,0,NA,NA,NA,NA,"ME2"
"Montipora_capitata_HIv3___RNAseq.g4354.t1",0,0,1,NA,NA,NA,NA,"ME0"
"Montipora_capitata_HIv3___RNAseq.g8599.t1",2,0,0,NA,NA,NA,NA,"ME4"
"Montipora_capitata_HIv3___RNAseq.g12353.t1",1,0,0,NA,NA,NA,NA,"ME2"
"Montipora_capitata_HIv3___RNAseq.g12358.t1",0,0,1,NA,NA,NA,NA,"ME2"
"Montipora_capitata_HIv3___RNAseq.g8070.t1",0,0,2,NA,NA,NA,NA,"ME0"
"Montipora_capitata_HIv3___RNAseq.g23707.t1",0,1,0,NA,NA,NA,NA,"ME8"
"Montipora_capitata_HIv3___RNAseq.g23708.t1",0,1,0,NA,NA,NA,NA,"ME13"
"Montipora_capitata_HIv3___RNAseq.g23710.t1",1,1,0,NA,NA,NA,NA,"ME0"
"Montipora_capitata_HIv3___RNAseq.g23718.t1",1,0,0,NA,NA,NA,NA,"ME0"
"Montipora_capitata_HIv3___RNAseq.g23720.t1",0,1,0,NA,NA,NA,NA,"ME0"
"Montipora_capitata_HIv3___RNAseq.g23721.t1",0,1,0,NA,NA,NA,NA,"ME0"
"Montipora_capitata_HIv3___RNAseq.g45801.t1",0,1,0,NA,NA,NA,NA,"ME2"
"Montipora_capitata_HIv3___TS.g14152.t1b",0,0,1,NA,NA,NA,NA,"ME11"
"Montipora_capitata_HIv3___TS.g14152.t1a",1,0,0,NA,NA,NA,NA,"ME0"
"Montipora_capitata_HIv3___TS.g37456.t1",2,0,0,NA,NA,NA,NA,"ME1"
"Montipora_capitata_HIv3___RNAseq.g15507.t1",0,0,1,0.00922052437594624,"Other",NA,NA,"ME13"
"Montipora_capitata_HIv3___RNAseq.g15354.t1",1,0,0,NA,NA,NA,NA,"ME14"
"Montipora_capitata_HIv3___RNAseq.g15355.t2",1,0,0,NA,NA,NA,NA,"ME3"
"Montipora_capitata_HIv3___RNAseq.g15348.t1",0,0,1,6.45332583062825e-05,"Other",1,0.705245193036125,"ME8"
"Montipora_capitata_HIv3___RNAseq.g15357.t1",0,1,0,NA,NA,NA,NA,"ME0"
"Montipora_capitata_HIv3___RNAseq.g8333.t1",0,1,0,0.00104860010343133,"Other",1,0.530376773283096,"ME0"
"Montipora_capitata_HIv3___RNAseq.g40230.t1",2,0,0,NA,NA,NA,NA,"ME6"
"Montipora_capitata_HIv3___RNAseq.g40161.t1",1,0,0,NA,NA,NA,NA,"ME0"
"Montipora_capitata_HIv3___TS.g19914.t1",0,1,0,NA,NA,NA,NA,"ME4"
"Montipora_capitata_HIv3___RNAseq.g40162.t1",0,1,0,NA,NA,NA,NA,"ME4"
"Montipora_capitata_HIv3___TS.g19928.t1",0,1,0,NA,NA,NA,NA,"ME11"
"Montipora_capitata_HIv3___RNAseq.g18972.t1",0,1,0,8.03926828228996e-07,"Monotonous",1,0.880224290649236,"ME10"
"Montipora_capitata_HIv3___RNAseq.g18975.t1",1,0,0,NA,NA,NA,NA,"ME2"
"Montipora_capitata_HIv3___RNAseq.g18976.t1",1,0,0,NA,NA,NA,NA,"ME0"
"Montipora_capitata_HIv3___RNAseq.g18979.t1",0,1,0,0.00897797577719065,"Other",2,0.675476898550157,"ME4"
"Montipora_capitata_HIv3___RNAseq.g18980.t1",1,1,0,0.0244141491435715,"Other",2,0.626925347165719,"ME4"
"Montipora_capitata_HIv3___RNAseq.g19009.t1",1,0,0,NA,NA,NA,NA,"ME4"
"Montipora_capitata_HIv3___RNAseq.g4551.t1",0,0,1,NA,NA,NA,NA,"ME0"
"Montipora_capitata_HIv3___RNAseq.g27458.t1",1,0,0,NA,NA,NA,NA,"ME0"
"Montipora_capitata_HIv3___RNAseq.g12500.t1",1,0,0,NA,NA,NA,NA,"ME23"
"Montipora_capitata_HIv3___RNAseq.g12510.t1",0,0,1,NA,NA,NA,NA,"ME3"
"Montipora_capitata_HIv3___TS.g10474.t1",0,1,0,NA,NA,NA,NA,"ME6"
"Montipora_capitata_HIv3___RNAseq.g34827.t1",1,0,0,0.0172151434032232,"Transient",4,0.851887791719912,"ME7"
"Montipora_capitata_HIv3___RNAseq.g34837.t1",0,1,0,NA,NA,NA,NA,"ME2"
"Montipora_capitata_HIv3___RNAseq.g3723.t1",0,1,0,0.000498105893026309,"Other",NA,NA,"ME9"
"Montipora_capitata_HIv3___RNAseq.g50586.t1",1,1,0,NA,NA,NA,NA,"ME22"
"Montipora_capitata_HIv3___RNAseq.g50597.t1",0,0,1,NA,NA,NA,NA,"ME2"
"Montipora_capitata_HIv3___RNAseq.g8395.t2a",0,0,1,NA,NA,NA,NA,"ME0"
"Montipora_capitata_HIv3___RNAseq.g8397.t1",1,0,0,0.0251997057091608,"Monotonous",1,0.813898934876661,"ME10"
"Montipora_capitata_HIv3___TS.g29553.t1",0,0,1,NA,NA,NA,NA,"ME22"
"Montipora_capitata_HIv3___RNAseq.g45859.t1",0,0,1,NA,NA,NA,NA,"ME0"
"Montipora_capitata_HIv3___RNAseq.g27505.t1",1,1,0,NA,NA,NA,NA,"ME30"
"Montipora_capitata_HIv3___RNAseq.g27508.t1",1,1,0,NA,NA,NA,NA,"ME2"
"Montipora_capitata_HIv3___RNAseq.g27509.t1",2,0,0,NA,NA,NA,NA,"ME2"
"Montipora_capitata_HIv3___TS.g23504.t1",2,1,1,NA,NA,NA,NA,"ME16"
"Montipora_capitata_HIv3___RNAseq.g34904.t1",1,0,0,NA,NA,NA,NA,"ME23"
"Montipora_capitata_HIv3___RNAseq.g27510.t1",0,0,1,NA,NA,NA,NA,"ME2"
"Montipora_capitata_HIv3___TS.g45176.t1",0,0,1,NA,NA,NA,NA,"ME22"
"Montipora_capitata_HIv3___RNAseq.g4083.t1",1,0,0,NA,NA,NA,NA,"ME24"
"Montipora_capitata_HIv3___RNAseq.g4106.t1",1,0,0,NA,NA,NA,NA,"ME0"
"Montipora_capitata_HIv3___TS.g23560.t1",1,1,0,0.00680340169698212,"Other",5,0.847362007680652,"ME4"
"Montipora_capitata_HIv3___RNAseq.g4452.t1",0,1,0,NA,NA,NA,NA,"ME12"
"Montipora_capitata_HIv3___TS.g83.t1",1,0,0,NA,NA,NA,NA,"ME2"
"Montipora_capitata_HIv3___TS.g85.t1",0,1,0,NA,NA,NA,NA,"ME4"
"Montipora_capitata_HIv3___TS.g29543.t1b",0,1,0,4.50976684935311e-09,"Monotonous",1,0.939014286703835,"ME3"
"Montipora_capitata_HIv3___TS.g29535.t1",0,0,1,0.00122529368138564,"Other",2,0.816928615700703,"ME1"
"Montipora_capitata_HIv3___RNAseq.g45867.t1",0,0,2,NA,NA,NA,NA,"ME20"
"Montipora_capitata_HIv3___RNAseq.g45868.t1",0,0,1,NA,NA,NA,NA,"ME0"
"Montipora_capitata_HIv3___RNAseq.g45869.t1",0,0,2,NA,NA,NA,NA,"ME20"
"Montipora_capitata_HIv3___RNAseq.g45873.t1",0,0,1,NA,NA,NA,NA,"ME4"
"Montipora_capitata_HIv3___RNAseq.g29832.t1",1,0,0,NA,NA,NA,NA,"ME14"
"Montipora_capitata_HIv3___TS.g37430.t1",0,1,0,NA,NA,NA,NA,"ME3"
"Montipora_capitata_HIv3___RNAseq.g18899.t1a",1,0,0,NA,NA,NA,NA,"ME2"
"Montipora_capitata_HIv3___RNAseq.g18904.t1",0,2,0,NA,NA,NA,NA,"ME0"
"Montipora_capitata_HIv3___RNAseq.g8248.t1",1,1,1,NA,NA,NA,NA,"ME0"
"Montipora_capitata_HIv3___RNAseq.g27361.t1",0,0,1,NA,NA,NA,NA,"ME14"
"Montipora_capitata_HIv3___TS.g29335.t1",0,1,0,NA,NA,NA,NA,"ME0"
"Montipora_capitata_HIv3___TS.g29336.t1",0,1,1,NA,NA,NA,NA,"ME0"
"Montipora_capitata_HIv3___RNAseq.g8464.t1",0,0,1,NA,NA,NA,NA,"ME0"
"Montipora_capitata_HIv3___RNAseq.g27549.t1",1,0,0,NA,NA,NA,NA,"ME30"
"Montipora_capitata_HIv3___RNAseq.g27552.t1",1,0,0,NA,NA,NA,NA,"ME12"
"Montipora_capitata_HIv3___RNAseq.g27553.t1",1,0,0,NA,NA,NA,NA,"ME2"
"Montipora_capitata_HIv3___RNAseq.g40258.t1",1,0,0,NA,NA,NA,NA,"ME2"
"Montipora_capitata_HIv3___RNAseq.g40264.t1",0,2,0,NA,NA,NA,NA,"ME2"
"Montipora_capitata_HIv3___RNAseq.g4544.t1",1,0,0,NA,NA,NA,NA,"ME0"
"Montipora_capitata_HIv3___RNAseq.g40274.t1",0,1,0,NA,NA,NA,NA,"ME1"
"Montipora_capitata_HIv3___RNAseq.g139.t1",1,0,0,NA,NA,NA,NA,"ME0"
"Montipora_capitata_HIv3___RNAseq.g12460.t1",1,0,0,NA,NA,NA,NA,"ME1"
"Montipora_capitata_HIv3___TS.g10885.t1",0,0,1,NA,NA,NA,NA,"ME0"
"Montipora_capitata_HIv3___RNAseq.g12464.t1",2,0,0,NA,NA,NA,NA,"ME1"
"Montipora_capitata_HIv3___RNAseq.g12466.t1",1,0,0,NA,NA,NA,NA,"ME0"
"Montipora_capitata_HIv3___RNAseq.g4149.t1",1,0,0,NA,NA,NA,NA,"ME0"
"Montipora_capitata_HIv3___RNAseq.g3805.t1",1,0,0,NA,NA,NA,NA,"ME2"
"Montipora_capitata_HIv3___RNAseq.g3546.t1",0,0,1,NA,NA,NA,NA,"ME4"
"Montipora_capitata_HIv3___RNAseq.g24119.t1",0,0,1,0.00474721114714361,"Other",6,0.712620062180817,"ME4"
"Montipora_capitata_HIv3___TS.g23539.t1",1,0,0,NA,NA,NA,NA,"ME2"
"Montipora_capitata_HIv3___RNAseq.g24126.t1",0,0,2,NA,NA,NA,NA,"ME2"
"Montipora_capitata_HIv3___RNAseq.g18966.t1",0,0,1,NA,NA,NA,NA,"ME2"
"Montipora_capitata_HIv3___RNAseq.g50454.t1",2,0,0,NA,NA,NA,NA,"ME2"
"Montipora_capitata_HIv3___RNAseq.g50461.t1",2,0,0,NA,NA,NA,NA,"ME3"
"Montipora_capitata_HIv3___TS.g45375.t1",0,1,0,NA,NA,NA,NA,"ME0"
"Montipora_capitata_HIv3___RNAseq.g23825.t1",0,1,0,NA,NA,NA,NA,"ME30"
"Montipora_capitata_HIv3___RNAseq.g50370.t1",1,0,0,NA,NA,NA,NA,"ME13"
"Montipora_capitata_HIv3___RNAseq.g50386.t1",1,0,0,NA,NA,NA,NA,"ME0"
"Montipora_capitata_HIv3___RNAseq.g29762.t1",0,0,1,NA,NA,NA,NA,"ME0"
"Montipora_capitata_HIv3___TS.g10661.t1a",0,1,0,NA,NA,NA,NA,"ME2"
"Montipora_capitata_HIv3___RNAseq.g12181.t1",1,0,0,NA,NA,NA,NA,"ME13"
"Montipora_capitata_HIv3___RNAseq.g12184.t1",0,0,1,NA,NA,NA,NA,"ME13"
"Montipora_capitata_HIv3___RNAseq.g50713.t1",1,0,0,NA,NA,NA,NA,"ME2"
"Montipora_capitata_HIv3___RNAseq.g27154.t1a",1,2,0,NA,NA,NA,NA,"ME11"
"Montipora_capitata_HIv3___RNAseq.g27158.t1",0,0,2,0.0307465471274031,"Other",6,0.503689821207175,"ME4"
"Montipora_capitata_HIv3___RNAseq.g7810.t1",1,2,0,0.0264686505278898,"Other",3,0.602877613513702,"ME1"
"Montipora_capitata_HIv3___RNAseq.g7807.t1",0,0,2,NA,NA,NA,NA,"ME0"
"Montipora_capitata_HIv3___RNAseq.g15588.t1",1,0,0,NA,NA,NA,NA,"ME10"
"Montipora_capitata_HIv3___RNAseq.g18954.t2",0,0,1,NA,NA,NA,NA,"ME22"
"Montipora_capitata_HIv3___RNAseq.g27171.t1",0,0,1,NA,NA,NA,NA,"ME6"
"Montipora_capitata_HIv3___RNAseq.g27174.t1",0,0,1,NA,NA,NA,NA,"ME7"
"Montipora_capitata_HIv3___RNAseq.g45760.t1",1,0,0,NA,NA,NA,NA,"ME4"
"Montipora_capitata_HIv3___RNAseq.g12218.t1",0,0,1,NA,NA,NA,NA,"ME0"
"Montipora_capitata_HIv3___RNAseq.g3836.t1",1,0,0,NA,NA,NA,NA,"ME2"
"Montipora_capitata_HIv3___RNAseq.g3842.t1",1,0,0,NA,NA,NA,NA,"ME5"
"Montipora_capitata_HIv3___TS.g19473.t1",1,0,0,NA,NA,NA,NA,"ME0"
"Montipora_capitata_HIv3___RNAseq.g23681.t1",1,0,1,NA,NA,NA,NA,"ME8"
"Montipora_capitata_HIv3___RNAseq.g23683.t1",1,0,0,NA,NA,NA,NA,"ME12"
"Montipora_capitata_HIv3___RNAseq.g23684.t1",2,0,0,NA,NA,NA,NA,"ME1"
"Montipora_capitata_HIv3___RNAseq.g15330.t1",0,0,1,NA,NA,NA,NA,"ME4"
"Montipora_capitata_HIv3___RNAseq.g12482.t1",1,0,0,NA,NA,NA,NA,"ME13"
"Montipora_capitata_HIv3___RNAseq.g12486.t1",1,0,0,NA,NA,NA,NA,"ME14"
"Montipora_capitata_HIv3___RNAseq.g12487.t1",1,0,0,NA,NA,NA,NA,"ME14"
"Montipora_capitata_HIv3___TS.g46828.t1",1,2,0,NA,NA,NA,NA,"ME4"
"Montipora_capitata_HIv3___TS.g10721.t1",0,0,1,NA,NA,NA,NA,"ME2"
"Montipora_capitata_HIv3___RNAseq.g24020.t1",1,0,0,0.000965578880365651,"Transient",NA,NA,"ME2"
"Montipora_capitata_HIv3___TS.g10726.t1",1,0,0,NA,NA,NA,NA,"ME2"
"Montipora_capitata_HIv3___RNAseq.g4212.t1",1,0,0,NA,NA,NA,NA,"ME2"
"Montipora_capitata_HIv3___RNAseq.g4218.t1",0,0,1,NA,NA,NA,NA,"ME4"
"Montipora_capitata_HIv3___TS.g14120.t1",0,3,0,NA,NA,NA,NA,"ME2"
"Montipora_capitata_HIv3___TS.g26127.t1",0,0,1,0.0188854854920868,"Other",NA,NA,"ME0"
"Montipora_capitata_HIv3___TS.g26128.t1",0,0,1,NA,NA,NA,NA,"ME0"
"Montipora_capitata_HIv3___RNAseq.g45898.t1",0,0,1,NA,NA,NA,NA,"ME27"
"Montipora_capitata_HIv3___TS.g14124.t1",0,0,1,NA,NA,NA,NA,"ME12"
"Montipora_capitata_HIv3___RNAseq.g12338.t1",0,0,1,NA,NA,NA,NA,"ME0"
"Montipora_capitata_HIv3___RNAseq.g8596.t1",0,0,1,NA,NA,NA,NA,"ME1"
"Montipora_capitata_HIv3___TS.g14074.t1",1,0,0,NA,NA,NA,NA,"ME4"
"Montipora_capitata_HIv3___RNAseq.g4183.t1",0,0,1,NA,NA,NA,NA,"ME2"
"Montipora_capitata_HIv3___RNAseq.g4184.t1",0,0,1,NA,NA,NA,NA,"ME12"
"Montipora_capitata_HIv3___RNAseq.g40080.t1",1,0,0,NA,NA,NA,NA,"ME28"
"Montipora_capitata_HIv3___TS.g37680.t1",1,0,0,NA,NA,NA,NA,"ME4"
"Montipora_capitata_HIv3___RNAseq.g40193.t1",0,1,0,6.13836478373729e-06,"Transient",2,0.877783313706534,"ME1"
"Montipora_capitata_HIv3___RNAseq.g18694.t1",1,0,0,NA,NA,NA,NA,"ME4"
"Montipora_capitata_HIv3___RNAseq.g12546.t1",1,0,0,0.000228862863428574,"Transient",NA,NA,"ME27"
"Montipora_capitata_HIv3___RNAseq.g12547.t1",0,1,0,NA,NA,NA,NA,"ME6"
"Montipora_capitata_HIv3___RNAseq.g12548.t1",0,1,1,NA,NA,NA,NA,"ME14"
"Montipora_capitata_HIv3___RNAseq.g7726.t1a",1,0,0,NA,NA,NA,NA,"ME0"
"Montipora_capitata_HIv3___RNAseq.g3886.t1",0,1,0,NA,NA,NA,NA,"ME2"
"Montipora_capitata_HIv3___RNAseq.g24095.t1",1,0,0,NA,NA,NA,NA,"ME14"
"Montipora_capitata_HIv3___RNAseq.g23727.t1",0,0,1,NA,NA,NA,NA,"ME19"
"Montipora_capitata_HIv3___RNAseq.g23728.t1",1,2,0,NA,NA,NA,NA,"ME7"
"Montipora_capitata_HIv3___RNAseq.g18913.t1",0,0,1,0.00364769353283428,"Monotonous",3,0.863942002082022,"ME1"
"Montipora_capitata_HIv3___TS.g23465.t1",0,1,0,NA,NA,NA,NA,"ME2"
"Montipora_capitata_HIv3___RNAseq.g18917.t1",0,2,1,NA,NA,NA,NA,"ME2"
"Montipora_capitata_HIv3___RNAseq.g18920.t1",0,2,1,NA,NA,NA,NA,"ME2"
"Montipora_capitata_HIv3___RNAseq.g18869.t1",0,1,0,0.0441099353686762,"Transient",NA,NA,"ME1"
"Montipora_capitata_HIv3___RNAseq.g18865.t1",1,0,0,NA,NA,NA,NA,"ME0"
"Montipora_capitata_HIv3___TS.g45031.t1",1,0,0,NA,NA,NA,NA,"ME7"
"Montipora_capitata_HIv3___RNAseq.g18867.t1",0,0,1,NA,NA,NA,NA,"ME6"
"Montipora_capitata_HIv3___RNAseq.g18870.t1",0,1,0,NA,NA,NA,NA,"ME2"
"Montipora_capitata_HIv3___TS.g23746.t1",0,1,0,NA,NA,NA,NA,"ME1"
"Montipora_capitata_HIv3___RNAseq.g8308.t1",1,0,0,NA,NA,NA,NA,"ME1"
"Montipora_capitata_HIv3___RNAseq.g7774.t1",1,0,0,NA,NA,NA,NA,"ME11"
"Montipora_capitata_HIv3___RNAseq.g7621.t1",1,0,0,NA,NA,NA,NA,"ME9"
"Montipora_capitata_HIv3___RNAseq.g7625.t1",2,0,0,NA,NA,NA,NA,"ME22"
"Montipora_capitata_HIv3___RNAseq.g45777.t1",0,2,0,NA,NA,NA,NA,"ME1"
"Montipora_capitata_HIv3___TS.g26121.t1",0,1,0,NA,NA,NA,NA,"ME2"
"Montipora_capitata_HIv3___RNAseq.g45783.t1",0,2,0,0.0356273417066442,"Other",6,0.649060663275088,"ME1"
"Montipora_capitata_HIv3___RNAseq.g3744.t1",0,1,0,0.0248507017923474,"Other",5,0.526304763954585,"ME4"
"Montipora_capitata_HIv3___RNAseq.g12516.t1",0,0,1,NA,NA,NA,NA,"ME0"
"Montipora_capitata_HIv3___TS.g19443.t1",1,0,0,NA,NA,NA,NA,"ME0"
"Montipora_capitata_HIv3___RNAseq.g8264.t1",1,0,0,NA,NA,NA,NA,"ME0"
"Montipora_capitata_HIv3___TS.g19446.t1",2,1,0,NA,NA,NA,NA,"ME0"
"Montipora_capitata_HIv3___RNAseq.g27333.t2",1,0,0,NA,NA,NA,NA,"ME1"
"Montipora_capitata_HIv3___RNAseq.g131.t1",0,1,0,NA,NA,NA,NA,"ME0"
"Montipora_capitata_HIv3___RNAseq.g50606.t1",1,1,0,NA,NA,NA,NA,"ME5"
"Montipora_capitata_HIv3___RNAseq.g50676.t1",0,2,0,NA,NA,NA,NA,"ME14"
"Montipora_capitata_HIv3___RNAseq.g29634.t1",0,0,1,NA,NA,NA,NA,"ME2"
"Montipora_capitata_HIv3___TS.g45403.t1",2,0,0,NA,NA,NA,NA,"ME4"
"Montipora_capitata_HIv3___RNAseq.g40253.t1",1,0,0,NA,NA,NA,NA,"ME0"
"Montipora_capitata_HIv3___TS.g37269.t1",1,0,0,NA,NA,NA,NA,"ME13"
"Montipora_capitata_HIv3___RNAseq.g19028.t1",0,1,0,NA,NA,NA,NA,"ME24"
"Montipora_capitata_HIv3___RNAseq.g27541.t1",1,0,0,NA,NA,NA,NA,"ME2"
"Montipora_capitata_HIv3___RNAseq.g50433.t2",0,1,0,NA,NA,NA,NA,"ME0"
"Montipora_capitata_HIv3___RNAseq.g27270.t1",0,0,1,NA,NA,NA,NA,"ME3"
"Montipora_capitata_HIv3___RNAseq.g50390.t1",0,1,0,NA,NA,NA,NA,"ME5"
"Montipora_capitata_HIv3___RNAseq.g7853.t1",0,1,0,NA,NA,NA,NA,"ME0"
"Montipora_capitata_HIv3___RNAseq.g7855.t1",0,0,1,0.0250940900052579,"Other",5,0.536191071558205,"ME4"
"Montipora_capitata_HIv3___RNAseq.g19034.t1",0,0,1,NA,NA,NA,NA,"ME6"
"Montipora_capitata_HIv3___TS.g20477.t1",0,1,0,NA,NA,NA,NA,"ME14"
"Montipora_capitata_HIv3___RNAseq.g18929.t1",1,0,0,0.00149767020668265,"Transient",4,0.957804083862096,"ME7"
"Montipora_capitata_HIv3___RNAseq.g8094.t1",1,0,0,0.0144957897332289,"Other",1,0.672961187365436,"ME3"
"Montipora_capitata_HIv3___RNAseq.g8096.t1",1,1,0,NA,NA,NA,NA,"ME13"
"Montipora_capitata_HIv3___RNAseq.g29751.t1",1,0,0,NA,NA,NA,NA,"ME1"
"Montipora_capitata_HIv3___RNAseq.g29752.t2",1,0,0,NA,NA,NA,NA,"ME1"
"Montipora_capitata_HIv3___RNAseq.g50628.t1",1,0,0,NA,NA,NA,NA,"ME3"
"Montipora_capitata_HIv3___RNAseq.g50636.t1",1,0,0,NA,NA,NA,NA,"ME3"
"Montipora_capitata_HIv3___RNAseq.g24100.t1",0,0,1,NA,NA,NA,NA,"ME12"
"Montipora_capitata_HIv3___RNAseq.g4363.t1",1,0,0,NA,NA,NA,NA,"ME2"
"Montipora_capitata_HIv3___RNAseq.g45637.t1",0,0,1,0.00887356334421733,"Other",NA,NA,"ME0"
"Montipora_capitata_HIv3___TS.g169.t1",2,0,0,NA,NA,NA,NA,"ME2"
"Montipora_capitata_HIv3___RNAseq.g263.t1",2,0,0,NA,NA,NA,NA,"ME0"
"Montipora_capitata_HIv3___RNAseq.g18765.t1",0,0,1,NA,NA,NA,NA,"ME5"
"Montipora_capitata_HIv3___RNAseq.g29807.t1",0,0,1,NA,NA,NA,NA,"ME22"
"Montipora_capitata_HIv3___RNAseq.g29804.t1",1,0,0,NA,NA,NA,NA,"ME3"
"Montipora_capitata_HIv3___RNAseq.g8056.t1",1,0,0,NA,NA,NA,NA,"ME8"
"Montipora_capitata_HIv3___RNAseq.g24090.t1",0,0,1,NA,NA,NA,NA,"ME1"
"Montipora_capitata_HIv3___RNAseq.g24091.t1",2,1,0,NA,NA,NA,NA,"ME0"
"Montipora_capitata_HIv3___RNAseq.g4273.t1",0,0,1,NA,NA,NA,NA,"ME4"
"Montipora_capitata_HIv3___RNAseq.g4270.t1",1,0,0,NA,NA,NA,NA,"ME11"
"Montipora_capitata_HIv3___RNAseq.g244.t1",0,0,1,NA,NA,NA,NA,"ME21"
"Montipora_capitata_HIv3___RNAseq.g8187.t1",1,0,0,NA,NA,NA,NA,"ME6"
"Montipora_capitata_HIv3___RNAseq.g8480.t1",1,0,0,NA,NA,NA,NA,"ME0"
"Montipora_capitata_HIv3___RNAseq.g27203.t1",0,1,0,NA,NA,NA,NA,"ME1"
"Montipora_capitata_HIv3___RNAseq.g29898.t1",0,1,0,NA,NA,NA,NA,"ME24"
"Montipora_capitata_HIv3___RNAseq.g12318.t1",0,0,1,NA,NA,NA,NA,"ME0"
"Montipora_capitata_HIv3___RNAseq.g4277.t1",1,0,0,NA,NA,NA,NA,"ME1"
"Montipora_capitata_HIv3___RNAseq.g3707.t1",0,0,1,0.00395586263472415,"Monotonous",1,0.695645678419951,"ME10"
"Montipora_capitata_HIv3___RNAseq.g29655.t1",1,0,0,NA,NA,NA,NA,"ME0"
"Montipora_capitata_HIv3___RNAseq.g8129.t1",0,0,1,NA,NA,NA,NA,"ME4"
"Montipora_capitata_HIv3___RNAseq.g8204.t1",1,0,0,NA,NA,NA,NA,"ME5"
"Montipora_capitata_HIv3___RNAseq.g44407.t1",0,0,1,NA,NA,NA,NA,"ME2"
"Montipora_capitata_HIv3___RNAseq.g7953.t1",0,0,1,NA,NA,NA,NA,"ME3"
"Montipora_capitata_HIv3___RNAseq.g40143.t1b",1,0,0,NA,NA,NA,NA,"ME0"
"Montipora_capitata_HIv3___RNAseq.g40143.t1a",1,0,0,NA,NA,NA,NA,"ME21"
"Montipora_capitata_HIv3___RNAseq.g40040.t1",0,1,0,NA,NA,NA,NA,"ME11"
"Montipora_capitata_HIv3___TS.g37361.t1",0,2,0,NA,NA,NA,NA,"ME2"
"Montipora_capitata_HIv3___RNAseq.g4424.t1",1,0,0,NA,NA,NA,NA,"ME2"
"Montipora_capitata_HIv3___RNAseq.g29669.t1",1,0,0,NA,NA,NA,NA,"ME3"
"Montipora_capitata_HIv3___RNAseq.g29668.t1",1,0,0,NA,NA,NA,NA,"ME12"
"Montipora_capitata_HIv3___RNAseq.g19042.t1",0,0,3,NA,NA,NA,NA,"ME6"
"Montipora_capitata_HIv3___TS.g23934.t1",0,0,2,NA,NA,NA,NA,"ME6"
"Montipora_capitata_HIv3___RNAseq.g12605.t1",0,2,0,0.0377307117060014,"Transient",3,0.5746865922509,"ME1"
"Montipora_capitata_HIv3___RNAseq.g12606.t1",1,0,1,NA,NA,NA,NA,"ME0"
"Montipora_capitata_HIv3___RNAseq.g40221.t1",1,0,0,NA,NA,NA,NA,"ME2"
"Montipora_capitata_HIv3___RNAseq.g4408.t1b",0,0,1,NA,NA,NA,NA,"ME0"
"Montipora_capitata_HIv3___RNAseq.g37155.t1",0,0,2,NA,NA,NA,NA,"ME3"
"Montipora_capitata_HIv3___RNAseq.g12.t1",0,0,1,NA,NA,NA,NA,"ME6"
"Montipora_capitata_HIv3___TS.g10712.t1",2,0,0,NA,NA,NA,NA,"ME4"
"Montipora_capitata_HIv3___RNAseq.g50401.t1",0,0,1,0.00837330787434697,"Other",5,0.581540031099026,"ME4"
"Montipora_capitata_HIv3___RNAseq.g7564.t1",1,0,0,NA,NA,NA,NA,"ME4"
"Montipora_capitata_HIv3___RNAseq.g15552.t1b",1,0,0,0.00123112099510892,"Other",6,0.957263420855617,"ME4"
"Montipora_capitata_HIv3___RNAseq.g29645.t1",1,0,0,NA,NA,NA,NA,"ME4"
"Montipora_capitata_HIv3___RNAseq.g29658.t1",1,0,0,NA,NA,NA,NA,"ME0"
"Montipora_capitata_HIv3___RNAseq.g29660.t1",1,0,0,NA,NA,NA,NA,"ME12"
"Montipora_capitata_HIv3___RNAseq.g29664.t1",1,0,0,NA,NA,NA,NA,"ME0"
"Montipora_capitata_HIv3___RNAseq.g40034.t1",1,0,0,NA,NA,NA,NA,"ME4"
"Montipora_capitata_HIv3___RNAseq.g23663.t1",0,1,1,NA,NA,NA,NA,"ME5"
"Montipora_capitata_HIv3___RNAseq.g147.t1",0,0,1,0.00926094013243423,"Other",6,0.756899171050268,"ME5"
"Montipora_capitata_HIv3___RNAseq.g150.t1",0,0,1,0.000428291325970908,"Other",6,0.685045340776874,"ME5"
"Montipora_capitata_HIv3___RNAseq.g8347.t1",0,1,0,NA,NA,NA,NA,"ME12"
"Montipora_capitata_HIv3___RNAseq.g8348.t1",0,0,1,NA,NA,NA,NA,"ME17"
"Montipora_capitata_HIv3___RNAseq.g4481.t1",1,0,0,NA,NA,NA,NA,"ME2"
"Montipora_capitata_HIv3___RNAseq.g15596.t1",1,0,0,NA,NA,NA,NA,"ME2"
"Montipora_capitata_HIv3___RNAseq.g3831.t1",1,0,0,NA,NA,NA,NA,"ME4"
"Montipora_capitata_HIv3___RNAseq.g3834.t1",1,0,0,NA,NA,NA,NA,"ME2"
"Montipora_capitata_HIv3___RNAseq.g3586.t1",0,0,1,NA,NA,NA,NA,"ME24"
"Montipora_capitata_HIv3___RNAseq.g3764.t1",0,1,0,0.0218258197844709,"Other",5,0.575642831195789,"ME0"
"Montipora_capitata_HIv3___RNAseq.g8152.t1",1,0,0,NA,NA,NA,NA,"ME5"
"Montipora_capitata_HIv3___TS.g32582.t1",0,1,0,1.9433312814486e-05,"Monotonous",3,0.703505964196224,"ME1"
"Montipora_capitata_HIv3___RNAseq.51211_t",0,2,0,0.0181439136489188,"Monotonous",NA,NA,"ME10"
"Montipora_capitata_HIv3___RNAseq.g15520.t1",0,0,1,NA,NA,NA,NA,"ME27"
"Montipora_capitata_HIv3___RNAseq.g15521.t1",0,1,0,NA,NA,NA,NA,"ME27"
"Montipora_capitata_HIv3___RNAseq.g29873.t1",0,0,1,NA,NA,NA,NA,"ME4"
"Montipora_capitata_HIv3___RNAseq.g7872.t1",1,0,1,NA,NA,NA,NA,"ME22"
"Montipora_capitata_HIv3___RNAseq.g23859.t1",1,0,0,NA,NA,NA,NA,"ME4"
"Montipora_capitata_HIv3___RNAseq.g29815.t1",0,0,2,NA,NA,NA,NA,"ME0"
"Montipora_capitata_HIv3___RNAseq.g29816.t1",1,0,0,NA,NA,NA,NA,"ME2"
"Montipora_capitata_HIv3___TS.g10618.t1",1,0,0,NA,NA,NA,NA,"ME3"
"Montipora_capitata_HIv3___RNAseq.g7628.t1",2,0,0,NA,NA,NA,NA,"ME6"
"Montipora_capitata_HIv3___TS.g10619.t1",1,0,1,NA,NA,NA,NA,"ME6"
"Montipora_capitata_HIv3___RNAseq.g7629.t1",0,1,0,NA,NA,NA,NA,"ME12"
"Montipora_capitata_HIv3___RNAseq.g7735.t1",0,0,1,NA,NA,NA,NA,"ME1"
"Montipora_capitata_HIv3___RNAseq.g3984.t1",0,0,1,NA,NA,NA,NA,"ME4"
"Montipora_capitata_HIv3___RNAseq.g3894.t1",0,1,0,NA,NA,NA,NA,"ME2"
"Montipora_capitata_HIv3___RNAseq.g3576.t1",0,0,2,NA,NA,NA,NA,"ME0"
"Montipora_capitata_HIv3___TS.g29505.t1",0,0,1,NA,NA,NA,NA,"ME2"
"Montipora_capitata_HIv3___TS.g29525.t1",0,0,1,NA,NA,NA,NA,"ME2"
"Montipora_capitata_HIv3___RNAseq.g45694.t1",0,1,0,NA,NA,NA,NA,"ME2"
"Montipora_capitata_HIv3___RNAseq.g45695.t1",1,0,0,NA,NA,NA,NA,"ME2"
"Montipora_capitata_HIv3___RNAseq.g3891.t1",1,0,0,NA,NA,NA,NA,"ME2"
"Montipora_capitata_HIv3___RNAseq.g3944.t1",1,0,0,NA,NA,NA,NA,"ME0"
"Montipora_capitata_HIv3___RNAseq.g4513.t1",1,0,1,NA,NA,NA,NA,"ME0"
"Montipora_capitata_HIv3___RNAseq.g23636.t1",1,0,0,NA,NA,NA,NA,"ME2"
"Montipora_capitata_HIv3___RNAseq.g7681.t1",0,1,0,NA,NA,NA,NA,"ME4"
"Montipora_capitata_HIv3___RNAseq.g8214.t1",0,2,0,NA,NA,NA,NA,"ME14"
"Montipora_capitata_HIv3___RNAseq.g45772.t1",1,0,0,0.034669879411361,"Other",3,0.726029440013285,"ME1"
"Montipora_capitata_HIv3___TS.g23713.t1",1,0,0,NA,NA,NA,NA,"ME23"
"Montipora_capitata_HIv3___RNAseq.g18816.t1",0,0,1,NA,NA,NA,NA,"ME11"
"Montipora_capitata_HIv3___RNAseq.g18818.t1",0,0,1,NA,NA,NA,NA,"ME11"
"Montipora_capitata_HIv3___RNAseq.g18819.t1",0,0,1,NA,NA,NA,NA,"ME1"
"Montipora_capitata_HIv3___TS.g37350.t1",0,0,1,NA,NA,NA,NA,"ME1"
"Montipora_capitata_HIv3___TS.g19458.t1",1,0,0,NA,NA,NA,NA,"ME0"
"Montipora_capitata_HIv3___RNAseq.g15362.t1",0,1,0,NA,NA,NA,NA,"ME4"
"Montipora_capitata_HIv3___TS.g14377.t1",1,0,0,NA,NA,NA,NA,"ME4"
"Montipora_capitata_HIv3___RNAseq.g50363.t1",1,0,0,NA,NA,NA,NA,"ME0"
"Montipora_capitata_HIv3___TS.g20617.t1",1,0,0,NA,NA,NA,NA,"ME12"
"Montipora_capitata_HIv3___RNAseq.g12290.t1",2,0,0,NA,NA,NA,NA,"ME2"
"Montipora_capitata_HIv3___RNAseq.g8222.t1",0,1,0,1.76007598431084e-06,"Monotonous",1,0.977987790301345,"ME10"
"Montipora_capitata_HIv3___RNAseq.g12245.t1",0,0,1,NA,NA,NA,NA,"ME2"
"Montipora_capitata_HIv3___RNAseq.g12248.t1",0,1,0,NA,NA,NA,NA,"ME2"
"Montipora_capitata_HIv3___RNAseq.g12253.t1",1,0,0,NA,NA,NA,NA,"ME2"
"Montipora_capitata_HIv3___RNAseq.g12258.t1",0,0,1,NA,NA,NA,NA,"ME2"
"Montipora_capitata_HIv3___RNAseq.g12261.t1",0,1,0,NA,NA,NA,NA,"ME2"
"Montipora_capitata_HIv3___RNAseq.g12266.t1",0,0,1,NA,NA,NA,NA,"ME2"
"Montipora_capitata_HIv3___RNAseq.g12269.t1",0,1,0,NA,NA,NA,NA,"ME2"
"Montipora_capitata_HIv3___RNAseq.g12274.t1",1,0,0,NA,NA,NA,NA,"ME2"
"Montipora_capitata_HIv3___TS.g4949.t1",1,0,0,NA,NA,NA,NA,"ME27"
"Montipora_capitata_HIv3___RNAseq.g34794.t1",1,0,0,NA,NA,NA,NA,"ME5"
"Montipora_capitata_HIv3___TS.g14223.t1",1,0,0,NA,NA,NA,NA,"ME11"
"Montipora_capitata_HIv3___RNAseq.g4518.t1",0,1,0,NA,NA,NA,NA,"ME12"
"Montipora_capitata_HIv3___TS.g19635.t1",1,0,0,NA,NA,NA,NA,"ME0"
"Montipora_capitata_HIv3___RNAseq.g23797.t1",1,0,0,1.1775522412547e-09,"Monotonous",1,0.615557718934104,"ME10"
"Montipora_capitata_HIv3___RNAseq.g343.t1a",0,0,2,0.00863427939820708,"Other",4,0.710918628884911,"ME0"
"Montipora_capitata_HIv3___RNAseq.g8003.t1",1,0,0,NA,NA,NA,NA,"ME11"
"Montipora_capitata_HIv3___RNAseq.g8206.t1",0,0,1,NA,NA,NA,NA,"ME0"
"Montipora_capitata_HIv3___TS.g45443.t1",0,1,0,NA,NA,NA,NA,"ME2"
"Montipora_capitata_HIv3___RNAseq.g8139.t1",0,0,1,0.0255851566521937,"Other",NA,NA,"ME0"
"Montipora_capitata_HIv3___RNAseq.g3632.t2",1,0,0,NA,NA,NA,NA,"ME3"
"Montipora_capitata_HIv3___RNAseq.g29907.t1",0,0,1,NA,NA,NA,NA,"ME26"
"Montipora_capitata_HIv3___RNAseq.g8484.t1",0,0,1,NA,NA,NA,NA,"ME21"
"Montipora_capitata_HIv3___TS.g37398.t1",0,0,1,NA,NA,NA,NA,"ME2"
"Montipora_capitata_HIv3___RNAseq.51664_t",1,0,0,NA,NA,NA,NA,"ME2"
"Montipora_capitata_HIv3___RNAseq.g50577.t1",1,0,1,NA,NA,NA,NA,"ME6"
"Montipora_capitata_HIv3___RNAseq.g4297.t1",1,0,2,NA,NA,NA,NA,"ME8"
"Montipora_capitata_HIv3___TS.g45114.t1",0,0,2,NA,NA,NA,NA,"ME8"
"Montipora_capitata_HIv3___RNAseq.g4303.t1",0,0,1,NA,NA,NA,NA,"ME8"
"Montipora_capitata_HIv3___TS.g41294.t1",1,0,0,NA,NA,NA,NA,"ME1"
"Montipora_capitata_HIv3___RNAseq.g45737.t1a",1,0,0,NA,NA,NA,NA,"ME0"
"Montipora_capitata_HIv3___RNAseq.g24076.t1",1,0,0,NA,NA,NA,NA,"ME2"
"Montipora_capitata_HIv3___RNAseq.g15472.t1",1,0,0,NA,NA,NA,NA,"ME0"
"Montipora_capitata_HIv3___RNAseq.g3589.t1",2,0,0,NA,NA,NA,NA,"ME2"
"Montipora_capitata_HIv3___RNAseq.g29708.t1",1,0,0,NA,NA,NA,NA,"ME15"
"Montipora_capitata_HIv3___RNAseq.g327.t1",0,0,1,NA,NA,NA,NA,"ME12"
"Montipora_capitata_HIv3___RNAseq.g29818.t1",1,0,0,NA,NA,NA,NA,"ME4"
"Montipora_capitata_HIv3___RNAseq.g4293.t1",0,1,1,NA,NA,NA,NA,"ME1"
"Montipora_capitata_HIv3___RNAseq.g12329.t1",0,0,1,NA,NA,NA,NA,"ME5"
"Montipora_capitata_HIv3___RNAseq.g24082.t1",0,1,0,NA,NA,NA,NA,"ME2"
"Montipora_capitata_HIv3___RNAseq.g18746.t1",0,0,3,3.61175380263261e-05,"Monotonous",4,0.748704118745883,"ME20"
"Montipora_capitata_HIv3___RNAseq.g29627.t1",0,0,1,NA,NA,NA,NA,"ME4"
"Montipora_capitata_HIv3___TS.g29367.t1",1,0,0,NA,NA,NA,NA,"ME0"
"Montipora_capitata_HIv3___RNAseq.g8605.t1",1,0,0,NA,NA,NA,NA,"ME2"
"Montipora_capitata_HIv3___RNAseq.g27345.t1",0,1,0,4.82159870627208e-07,"Monotonous",6,0.871504879245218,"ME0"
"Montipora_capitata_HIv3___RNAseq.g15627.t1",1,0,0,0.000266693080893144,"Transient",5,0.724019439927759,"ME6"
"Montipora_capitata_HIv3___RNAseq.g15365.t1",1,0,1,NA,NA,NA,NA,"ME2"
"Montipora_capitata_HIv3___RNAseq.g7539.t1",1,0,0,NA,NA,NA,NA,"ME4"
"Montipora_capitata_HIv3___RNAseq.g15367.t1",1,0,1,NA,NA,NA,NA,"ME2"
"Montipora_capitata_HIv3___RNAseq.g7541.t1",1,0,0,NA,NA,NA,NA,"ME2"
"Montipora_capitata_HIv3___RNAseq.g4495.t1",1,0,0,NA,NA,NA,NA,"ME1"
"Montipora_capitata_HIv3___RNAseq.51887_t",2,0,0,NA,NA,NA,NA,"ME14"
"Montipora_capitata_HIv3___RNAseq.g3756.t1",0,3,0,NA,NA,NA,NA,"ME0"
"Montipora_capitata_HIv3___TS.g13981.t1c",0,0,1,NA,NA,NA,NA,"ME2"
"Montipora_capitata_HIv3___RNAseq.g23621.t1",0,0,1,NA,NA,NA,NA,"ME11"
"Montipora_capitata_HIv3___TS.g23730.t1",1,0,0,NA,NA,NA,NA,"ME4"
"Montipora_capitata_HIv3___RNAseq.g27545.t1",1,0,0,NA,NA,NA,NA,"ME16"
"Montipora_capitata_HIv3___RNAseq.g3624.t1",0,1,0,NA,NA,NA,NA,"ME12"
"Montipora_capitata_HIv3___RNAseq.g34890.t2",0,0,1,NA,NA,NA,NA,"ME11"
"Montipora_capitata_HIv3___RNAseq.g29801.t1",1,0,0,NA,NA,NA,NA,"ME0"
"Montipora_capitata_HIv3___RNAseq.g4422.t1",0,0,1,NA,NA,NA,NA,"ME0"
"Montipora_capitata_HIv3___RNAseq.g45788.t1",1,0,0,NA,NA,NA,NA,"ME8"
"Montipora_capitata_HIv3___RNAseq.g253.t2",0,0,1,NA,NA,NA,NA,"ME6"
"Montipora_capitata_HIv3___RNAseq.g12185.t1",0,2,0,NA,NA,NA,NA,"ME2"
"Montipora_capitata_HIv3___TS.g29556.t1",0,0,1,NA,NA,NA,NA,"ME2"
"Montipora_capitata_HIv3___RNAseq.g29947.t1",1,1,0,NA,NA,NA,NA,"ME5"
"Montipora_capitata_HIv3___RNAseq.g8075.t1",1,0,0,NA,NA,NA,NA,"ME4"
"Montipora_capitata_HIv3___RNAseq.g202.t1a",0,1,0,0.00146515872184317,"Transient",6,0.686046922098069,"ME2"
"Montipora_capitata_HIv3___RNAseq.g204.t1",1,0,0,NA,NA,NA,NA,"ME0"
"Montipora_capitata_HIv3___RNAseq.g45833.t1",2,0,0,NA,NA,NA,NA,"ME2"
"Montipora_capitata_HIv3___RNAseq.g34778.t1",0,0,1,NA,NA,NA,NA,"ME12"
"Montipora_capitata_HIv3___TS.g29491.t1",0,1,0,NA,NA,NA,NA,"ME4"
"Montipora_capitata_HIv3___TS.g29493.t1",2,0,0,NA,NA,NA,NA,"ME1"
"Montipora_capitata_HIv3___RNAseq.g7791.t1",1,0,0,NA,NA,NA,NA,"ME4"
"Montipora_capitata_HIv3___RNAseq.g12550.t1",2,1,0,NA,NA,NA,NA,"ME0"
"Montipora_capitata_HIv3___RNAseq.g12552.t1",1,0,0,NA,NA,NA,NA,"ME0"
"Montipora_capitata_HIv3___RNAseq.g7793.t1",0,1,0,5.99308775633011e-05,"Other",4,0.597023834125263,"ME20"
"Montipora_capitata_HIv3___RNAseq.g3800.t1",0,0,1,NA,NA,NA,NA,"ME21"
"Montipora_capitata_HIv3___RNAseq.g4313.t1",0,1,0,NA,NA,NA,NA,"ME8"
"Montipora_capitata_HIv3___TS.g41169.t1",1,0,0,NA,NA,NA,NA,"ME6"
"Montipora_capitata_HIv3___RNAseq.g45697.t1",0,0,1,NA,NA,NA,NA,"ME2"
"Montipora_capitata_HIv3___RNAseq.g45700.t1",0,1,0,NA,NA,NA,NA,"ME2"
"Montipora_capitata_HIv3___RNAseq.g45705.t1",1,0,0,NA,NA,NA,NA,"ME2"
"Montipora_capitata_HIv3___RNAseq.g3816.t1",1,0,0,NA,NA,NA,NA,"ME2"
"Montipora_capitata_HIv3___RNAseq.g23737.t1",1,0,0,NA,NA,NA,NA,"ME24"
"Montipora_capitata_HIv3___RNAseq.g8191.t1",0,0,1,NA,NA,NA,NA,"ME21"
"Montipora_capitata_HIv3___TS.g19897.t1",0,0,1,NA,NA,NA,NA,"ME23"
"Montipora_capitata_HIv3___RNAseq.g23954.t1",1,0,0,NA,NA,NA,NA,"ME0"
"Montipora_capitata_HIv3___RNAseq.g19020.t1",1,1,2,NA,NA,NA,NA,"ME16"
"Montipora_capitata_HIv3___RNAseq.g234.t1b",0,0,1,NA,NA,NA,NA,"ME2"
"Montipora_capitata_HIv3___RNAseq.g4563.t1",0,0,1,NA,NA,NA,NA,"ME7"
"Montipora_capitata_HIv3___RNAseq.g12303.t1",0,1,0,NA,NA,NA,NA,"ME2"
"Montipora_capitata_HIv3___RNAseq.g12479.t1",1,0,0,NA,NA,NA,NA,"ME6"
"Montipora_capitata_HIv3___TS.g41189.t1",0,0,1,NA,NA,NA,NA,"ME6"
"Montipora_capitata_HIv3___RNAseq.g229.t1",0,1,0,5.35635937655811e-05,"Monotonous",2,0.818866785260022,"ME1"
"Montipora_capitata_HIv3___RNAseq.g230.t1",0,1,0,NA,NA,NA,NA,"ME3"
"Montipora_capitata_HIv3___RNAseq.g24109.t1",0,0,1,NA,NA,NA,NA,"ME2"
"Montipora_capitata_HIv3___RNAseq.g12393.t1",1,0,0,NA,NA,NA,NA,"ME2"
"Montipora_capitata_HIv3___RNAseq.g4438.t1",1,1,0,NA,NA,NA,NA,"ME26"
"Montipora_capitata_HIv3___TS.g45453.t1",0,1,0,NA,NA,NA,NA,"ME3"
"Montipora_capitata_HIv3___RNAseq.g23733.t1",1,0,0,NA,NA,NA,NA,"ME0"
"Montipora_capitata_HIv3___RNAseq.g23734.t3",1,0,0,NA,NA,NA,NA,"ME13"
"Montipora_capitata_HIv3___RNAseq.g4575.t1",1,0,0,1.36412152791486e-07,"Transient",2,0.809554604747333,"ME1"
"Montipora_capitata_HIv3___RNAseq.g4576.t1",1,0,0,0.0319190304857946,"Monotonous",6,0.8822169535844,"ME0"
"Montipora_capitata_HIv3___RNAseq.g8584.t1",0,2,0,NA,NA,NA,NA,"ME9"
"Montipora_capitata_HIv3___RNAseq.g291.t1",0,0,1,NA,NA,NA,NA,"ME19"
"Montipora_capitata_HIv3___RNAseq.g45749.t1",1,0,0,NA,NA,NA,NA,"ME14"
"Montipora_capitata_HIv3___RNAseq.g45753.t1",0,0,1,NA,NA,NA,NA,"ME14"
"Montipora_capitata_HIv3___RNAseq.g19011.t1",0,0,1,NA,NA,NA,NA,"ME0"
"Montipora_capitata_HIv3___RNAseq.g8505.t1",0,1,0,NA,NA,NA,NA,"ME17"
"Montipora_capitata_HIv3___RNAseq.g34853.t1",1,0,0,NA,NA,NA,NA,"ME31"
"Montipora_capitata_HIv3___RNAseq.g50417.t1",0,1,0,NA,NA,NA,NA,"ME0"
"Montipora_capitata_HIv3___RNAseq.g7940.t1",0,1,1,NA,NA,NA,NA,"ME2"
"Montipora_capitata_HIv3___RNAseq.g7943.t1",0,0,1,NA,NA,NA,NA,"ME2"
"Montipora_capitata_HIv3___RNAseq.g23789.t2",0,0,1,0.000453765967051717,"Monotonous",2,0.990421657726965,"ME1"
"Montipora_capitata_HIv3___RNAseq.g8406.t1",0,1,0,NA,NA,NA,NA,"ME13"
"Montipora_capitata_HIv3___RNAseq.g50508.t1",0,1,0,NA,NA,NA,NA,"ME3"
"Montipora_capitata_HIv3___RNAseq.g40089.t1",1,0,0,NA,NA,NA,NA,"ME2"
"Montipora_capitata_HIv3___RNAseq.g3980.t1",0,0,1,NA,NA,NA,NA,"ME20"
"Montipora_capitata_HIv3___RNAseq.g18803.t1",0,0,1,NA,NA,NA,NA,"ME21"
"Montipora_capitata_HIv3___TS.g4904.t1",0,1,0,NA,NA,NA,NA,"ME3"
"Montipora_capitata_HIv3___RNAseq.g4415.t2",1,0,0,NA,NA,NA,NA,"ME1"
"Montipora_capitata_HIv3___RNAseq.g4416.t1",1,0,0,0.0104150829413517,"Other",2,0.543630202627816,"ME19"
"Montipora_capitata_HIv3___RNAseq.g15514.t1",0,1,0,NA,NA,NA,NA,"ME2"
"Montipora_capitata_HIv3___RNAseq.g8509.t1",2,0,0,NA,NA,NA,NA,"ME2"
"Montipora_capitata_HIv3___RNAseq.52439_t",0,0,1,NA,NA,NA,NA,"ME2"
"Montipora_capitata_HIv3___RNAseq.g7710.t1",0,0,1,NA,NA,NA,NA,"ME2"
"Montipora_capitata_HIv3___RNAseq.g4053.t1",0,1,1,NA,NA,NA,NA,"ME2"
"Montipora_capitata_HIv3___RNAseq.g23853.t1",1,0,0,NA,NA,NA,NA,"ME2"
"Montipora_capitata_HIv3___RNAseq.g40157.t1",1,0,0,NA,NA,NA,NA,"ME2"
"Montipora_capitata_HIv3___RNAseq.g40158.t1",1,0,0,NA,NA,NA,NA,"ME2"
"Montipora_capitata_HIv3___RNAseq.g8220.t1",0,1,0,NA,NA,NA,NA,"ME1"
"Montipora_capitata_HIv3___RNAseq.g44437.t1",0,0,1,NA,NA,NA,NA,"ME21"
"Montipora_capitata_HIv3___RNAseq.g8123.t1",0,1,0,NA,NA,NA,NA,"ME8"
"Montipora_capitata_HIv3___RNAseq.g8124.t1",0,1,0,NA,NA,NA,NA,"ME0"
"Montipora_capitata_HIv3___RNAseq.g29950.t1",0,1,0,0.0406620294946406,"Other",2,0.898453767944697,"ME2"
"Montipora_capitata_HIv3___RNAseq.g29951.t1",0,1,0,0.00990845344066946,"Other",2,0.868029002518958,"ME2"
"Montipora_capitata_HIv3___RNAseq.g12429.t1",1,0,0,NA,NA,NA,NA,"ME5"
"Montipora_capitata_HIv3___RNAseq.g12432.t1",0,1,0,NA,NA,NA,NA,"ME20"
"Montipora_capitata_HIv3___RNAseq.g15405.t1",0,1,0,NA,NA,NA,NA,"ME12"
"Montipora_capitata_HIv3___RNAseq.g3578.t1",1,0,0,NA,NA,NA,NA,"ME0"
"Montipora_capitata_HIv3___RNAseq.g8133.t1",0,0,1,0.0117850832692804,"Other",NA,NA,"ME30"
"Montipora_capitata_HIv3___RNAseq.g23648.t1",0,0,2,NA,NA,NA,NA,"ME1"
"Montipora_capitata_HIv3___TS.g19514.t1",1,0,0,NA,NA,NA,NA,"ME10"
"Montipora_capitata_HIv3___RNAseq.g23651.t1",0,0,1,NA,NA,NA,NA,"ME1"
"Montipora_capitata_HIv3___RNAseq.g189.t1",1,0,0,0.00383740874654237,"Transient",5,0.839890051982137,"ME23"
"Montipora_capitata_HIv3___RNAseq.g3951.t1",0,1,0,NA,NA,NA,NA,"ME0"
"Montipora_capitata_HIv3___TS.g23893.t1",1,0,0,NA,NA,NA,NA,"ME0"
"Montipora_capitata_HIv3___RNAseq.g27297.t1",2,0,0,NA,NA,NA,NA,"ME2"
"Montipora_capitata_HIv3___RNAseq.g44433.t1",1,0,0,NA,NA,NA,NA,"ME3"
"Montipora_capitata_HIv3___TS.g19438.t1",1,0,0,NA,NA,NA,NA,"ME2"
"Montipora_capitata_HIv3___RNAseq.g8404.t1",0,1,0,NA,NA,NA,NA,"ME6"
"Montipora_capitata_HIv3___RNAseq.g8185.t1",0,0,1,0.0300138948385308,"Other",6,0.697972308501619,"ME5"
"Montipora_capitata_HIv3___RNAseq.g24021.t1",0,2,0,NA,NA,NA,NA,"ME4"
"Montipora_capitata_HIv3___RNAseq.g15478.t1",0,1,0,NA,NA,NA,NA,"ME2"
"Montipora_capitata_HIv3___RNAseq.g15479.t1",0,1,0,NA,NA,NA,NA,"ME14"
"Montipora_capitata_HIv3___TS.g23924.t1",1,0,0,0.00865296818144802,"Other",2,0.559071634023945,"ME2"
"Montipora_capitata_HIv3___RNAseq.g29726.t1",0,1,0,NA,NA,NA,NA,"ME2"
"Montipora_capitata_HIv3___RNAseq.g29846.t1",1,0,0,0.0248840539309499,"Other",1,0.534540789504683,"ME8"
"Montipora_capitata_HIv3___RNAseq.g18770.t2",1,0,1,0.0251307131828351,"Other",NA,NA,"ME4"
"Montipora_capitata_HIv3___RNAseq.g15406.t1",0,1,0,NA,NA,NA,NA,"ME0"
"Montipora_capitata_HIv3___RNAseq.g18877.t1",0,0,1,NA,NA,NA,NA,"ME3"
"Montipora_capitata_HIv3___RNAseq.g50575.t1",0,1,0,NA,NA,NA,NA,"ME27"
"Montipora_capitata_HIv3___RNAseq.g3642.t1",0,1,1,NA,NA,NA,NA,"ME2"
"Montipora_capitata_HIv3___RNAseq.g45889.t1",1,1,0,NA,NA,NA,NA,"ME4"
"Montipora_capitata_HIv3___RNAseq.g3540.t1",0,0,1,NA,NA,NA,NA,"ME2"
"Montipora_capitata_HIv3___RNAseq.g23770.t1",0,1,0,NA,NA,NA,NA,"ME1"
"Montipora_capitata_HIv3___TS.g20683.t1",1,0,1,NA,NA,NA,NA,"ME3"
"Montipora_capitata_HIv3___RNAseq.g27534.t1",1,0,0,5.53228329533889e-06,"Transient",2,0.734565338921601,"ME2"
"Montipora_capitata_HIv3___RNAseq.g50699.t1",1,0,0,NA,NA,NA,NA,"ME0"
"Montipora_capitata_HIv3___RNAseq.g3773.t1",1,0,0,NA,NA,NA,NA,"ME2"
"Montipora_capitata_HIv3___RNAseq.g4206.t1",1,0,0,NA,NA,NA,NA,"ME2"
"Montipora_capitata_HIv3___RNAseq.g3629.t1",0,1,0,1.70342719906257e-06,"Monotonous",1,0.830982553676952,"ME10"
"Montipora_capitata_HIv3___RNAseq.g4159.t1",0,0,1,NA,NA,NA,NA,"ME0"
"Montipora_capitata_HIv3___RNAseq.g45883.t1",1,0,0,NA,NA,NA,NA,"ME23"
"Montipora_capitata_HIv3___RNAseq.g29882.t1",0,1,0,1.89269881543533e-05,"Monotonous",4,0.536965395246872,"ME20"
"Montipora_capitata_HIv3___RNAseq.g3552.t1",0,0,1,NA,NA,NA,NA,"ME4"
"Montipora_capitata_HIv3___TS.g13972.t1",1,0,1,NA,NA,NA,NA,"ME3"
"Montipora_capitata_HIv3___RNAseq.g23936.t1",0,0,1,NA,NA,NA,NA,"ME21"
"Montipora_capitata_HIv3___TS.g23795.t1",1,1,0,NA,NA,NA,NA,"ME0"
"Montipora_capitata_HIv3___RNAseq.g12323.t1",1,0,0,NA,NA,NA,NA,"ME2"
"Montipora_capitata_HIv3___RNAseq.g4075.t1",1,0,0,NA,NA,NA,NA,"ME2"
"Montipora_capitata_HIv3___RNAseq.g23670.t1",2,0,0,NA,NA,NA,NA,"ME4"
"Montipora_capitata_HIv3___RNAseq.g23672.t1",2,0,0,NA,NA,NA,NA,"ME5"
"Montipora_capitata_HIv3___RNAseq.g23865.t1",1,0,0,NA,NA,NA,NA,"ME11"
"Montipora_capitata_HIv3___RNAseq.g220.t1",0,1,0,NA,NA,NA,NA,"ME3"
"Montipora_capitata_HIv3___RNAseq.g218.t1",0,1,0,0.00791983621291867,"Monotonous",6,0.589821409462438,"ME10"
"Montipora_capitata_HIv3___RNAseq.g219.t1",0,2,1,0.000221502827867592,"Transient",NA,NA,"ME0"
"Montipora_capitata_HIv3___TS.g45186.t1",1,0,0,NA,NA,NA,NA,"ME12"
"Montipora_capitata_HIv3___TS.g4879.t1",0,1,1,NA,NA,NA,NA,"ME2"
"Montipora_capitata_HIv3___RNAseq.g15604.t1",0,1,0,NA,NA,NA,NA,"ME8"
"Montipora_capitata_HIv3___RNAseq.g45860.t1",2,0,0,NA,NA,NA,NA,"ME2"
"Montipora_capitata_HIv3___RNAseq.g45861.t1",1,0,0,NA,NA,NA,NA,"ME2"
"Montipora_capitata_HIv3___RNAseq.g7861.t1",1,0,0,NA,NA,NA,NA,"ME2"
"Montipora_capitata_HIv3___RNAseq.g7865.t1",0,1,0,NA,NA,NA,NA,"ME2"
"Montipora_capitata_HIv3___RNAseq.g3759.t1",0,1,0,NA,NA,NA,NA,"ME2"
"Montipora_capitata_HIv3___RNAseq.g3643.t1",0,0,1,NA,NA,NA,NA,"ME19"
"Montipora_capitata_HIv3___RNAseq.g40202.t2",1,0,0,NA,NA,NA,NA,"ME24"
"Montipora_capitata_HIv3___RNAseq.g15608.t1",0,1,0,NA,NA,NA,NA,"ME16"
"Montipora_capitata_HIv3___RNAseq.g34788.t1",0,2,0,NA,NA,NA,NA,"ME2"
"Montipora_capitata_HIv3___RNAseq.g34789.t1",0,2,0,NA,NA,NA,NA,"ME2"
"Montipora_capitata_HIv3___RNAseq.g15523.t1",1,0,0,0.0372883630231076,"Monotonous",1,0.544482223233491,"ME3"
"Montipora_capitata_HIv3___RNAseq.g3851.t1",2,1,0,NA,NA,NA,NA,"ME9"
"Montipora_capitata_HIv3___RNAseq.g27420.t1",0,0,1,0.0237072562171412,"Other",5,0.523888284041049,"ME0"
"Montipora_capitata_HIv3___RNAseq.g23766.t1",0,0,1,NA,NA,NA,NA,"ME14"
"Montipora_capitata_HIv3___RNAseq.g23767.t1",0,0,1,NA,NA,NA,NA,"ME24"
"Montipora_capitata_HIv3___RNAseq.g7542.t1",0,1,0,NA,NA,NA,NA,"ME5"
"Montipora_capitata_HIv3___RNAseq.g8652.t1",1,0,0,NA,NA,NA,NA,"ME1"
"Montipora_capitata_HIv3___RNAseq.g45809.t1",1,0,0,NA,NA,NA,NA,"ME2"
"Montipora_capitata_HIv3___RNAseq.g34786.t1",0,1,0,NA,NA,NA,NA,"ME8"
"Montipora_capitata_HIv3___RNAseq.g45844.t1",0,0,1,NA,NA,NA,NA,"ME0"
"Montipora_capitata_HIv3___RNAseq.g7546.t1",1,0,0,NA,NA,NA,NA,"ME0"
"Montipora_capitata_HIv3___RNAseq.g23674.t1",1,0,0,NA,NA,NA,NA,"ME0"
"Montipora_capitata_HIv3___TS.g37353.t1",1,0,0,NA,NA,NA,NA,"ME4"
"Montipora_capitata_HIv3___RNAseq.g12211.t1",1,0,0,NA,NA,NA,NA,"ME4"
"Montipora_capitata_HIv3___RNAseq.g8586.t1",0,0,1,NA,NA,NA,NA,"ME1"
"Montipora_capitata_HIv3___RNAseq.g12434.t1",1,1,0,NA,NA,NA,NA,"ME0"
"Montipora_capitata_HIv3___RNAseq.g12435.t2",0,1,0,1.78731130465848e-08,"Transient",3,0.905531592841518,"ME1"
"Montipora_capitata_HIv3___RNAseq.g12311.t2",0,0,2,NA,NA,NA,NA,"ME13"
"Montipora_capitata_HIv3___RNAseq.g27535.t1",0,0,1,NA,NA,NA,NA,"ME5"
"Montipora_capitata_HIv3___RNAseq.g45842.t1",1,0,0,NA,NA,NA,NA,"ME11"
"Montipora_capitata_HIv3___RNAseq.g45843.t1",1,0,0,NA,NA,NA,NA,"ME11"
"Montipora_capitata_HIv3___RNAseq.g50443.t1",0,0,1,NA,NA,NA,NA,"ME30"
"Montipora_capitata_HIv3___RNAseq.g15376.t1",0,0,1,0.0191101726633873,"Other",6,0.957423559152454,"ME9"
"Montipora_capitata_HIv3___RNAseq.g12305.t1",0,0,1,NA,NA,NA,NA,"ME3"
"Montipora_capitata_HIv3___RNAseq.g12307.t1",0,0,1,NA,NA,NA,NA,"ME9"
"Montipora_capitata_HIv3___RNAseq.g12309.t1",0,1,0,NA,NA,NA,NA,"ME2"
"Montipora_capitata_HIv3___RNAseq.g12310.t1",1,1,0,NA,NA,NA,NA,"ME21"
"Montipora_capitata_HIv3___RNAseq.g3915.t1",0,0,1,NA,NA,NA,NA,"ME25"
"Montipora_capitata_HIv3___RNAseq.g18764.t1",1,0,0,NA,NA,NA,NA,"ME10"
"Montipora_capitata_HIv3___RNAseq.g34861.t1",0,0,1,NA,NA,NA,NA,"ME1"
"Montipora_capitata_HIv3___RNAseq.g34863.t1",0,1,0,NA,NA,NA,NA,"ME20"
"Montipora_capitata_HIv3___RNAseq.g3946.t1",1,0,0,0.0106024061286694,"Other",1,0.653680867910937,"ME0"
"Montipora_capitata_HIv3___TS.g19757.t1",1,0,0,NA,NA,NA,NA,"ME12"
"Montipora_capitata_HIv3___TS.g29342.t1",1,0,0,NA,NA,NA,NA,"ME1"
"Montipora_capitata_HIv3___RNAseq.g27291.t1",1,0,0,NA,NA,NA,NA,"ME2"
"Montipora_capitata_HIv3___TS.g37289.t1",0,0,1,NA,NA,NA,NA,"ME2"
"Montipora_capitata_HIv3___RNAseq.g40184.t1",1,0,0,NA,NA,NA,NA,"ME3"
"Montipora_capitata_HIv3___RNAseq.g19017.t1",0,0,1,NA,NA,NA,NA,"ME6"
"Montipora_capitata_HIv3___RNAseq.g50624.t1",0,0,1,NA,NA,NA,NA,"ME9"
"Montipora_capitata_HIv3___RNAseq.g3639.t1",1,0,0,NA,NA,NA,NA,"ME1"
"Montipora_capitata_HIv3___RNAseq.g3593.t1",0,1,0,NA,NA,NA,NA,"ME2"
"Montipora_capitata_HIv3___RNAseq.g7993.t1",0,0,1,0.0300138948385308,"Other",6,0.697972308501619,"ME5"
"Montipora_capitata_HIv3___TS.g45261.t1",0,0,1,NA,NA,NA,NA,"ME3"
"Montipora_capitata_HIv3___RNAseq.g29728.t1",1,0,0,NA,NA,NA,NA,"ME6"
"Montipora_capitata_HIv3___TS.g14247.t1",1,0,0,NA,NA,NA,NA,"ME2"
"Montipora_capitata_HIv3___RNAseq.g221.t1",0,1,0,NA,NA,NA,NA,"ME11"
"Montipora_capitata_HIv3___RNAseq.g3563.t1",0,0,1,NA,NA,NA,NA,"ME1"
"Montipora_capitata_HIv3___RNAseq.g7812.t1",1,1,0,NA,NA,NA,NA,"ME11"
"Montipora_capitata_HIv3___RNAseq.g4210.t1",1,1,0,NA,NA,NA,NA,"ME1"
"Montipora_capitata_HIv3___RNAseq.g12299.t1",0,1,0,NA,NA,NA,NA,"ME3"
"Montipora_capitata_HIv3___TS.g14199.t1",1,0,0,NA,NA,NA,NA,"ME24"
"Montipora_capitata_HIv3___RNAseq.g18937.t1",0,1,0,0.000150747826474337,"Transient",3,0.505602204102024,"ME1"
"Montipora_capitata_HIv3___RNAseq.g44400.t1",0,0,1,0.0268032938196318,"Other",6,0.687385251616067,"ME5"
"Montipora_capitata_HIv3___RNAseq.g18698.t1",1,0,0,NA,NA,NA,NA,"ME1"
"Montipora_capitata_HIv3___RNAseq.g50501.t1",2,0,0,NA,NA,NA,NA,"ME2"
"Montipora_capitata_HIv3___RNAseq.g4089.t1",1,0,1,NA,NA,NA,NA,"ME2"
"Montipora_capitata_HIv3___RNAseq.g12204.t2",1,0,2,NA,NA,NA,NA,"ME16"
"Montipora_capitata_HIv3___RNAseq.g4128.t1",0,1,0,9.91435779343448e-10,"Monotonous",2,0.876412648209619,"ME1"
"Montipora_capitata_HIv3___RNAseq.g7556.t1",1,0,0,0.000180803242805659,"Transient",2,0.679286581314748,"ME1"
"Montipora_capitata_HIv3___RNAseq.g27494.t1",1,0,0,NA,NA,NA,NA,"ME4"
"Montipora_capitata_HIv3___RNAseq.g8234.t1",0,1,0,NA,NA,NA,NA,"ME2"
"Montipora_capitata_HIv3___RNAseq.g3749.t1",1,0,0,NA,NA,NA,NA,"ME3"
"Montipora_capitata_HIv3___RNAseq.g34895.t1",0,1,0,NA,NA,NA,NA,"ME0"
"Montipora_capitata_HIv3___RNAseq.g4334.t1",0,2,1,NA,NA,NA,NA,"ME29"
"Montipora_capitata_HIv3___RNAseq.g4435.t1",1,0,0,NA,NA,NA,NA,"ME0"
"Montipora_capitata_HIv3___RNAseq.g8474.t1",1,0,0,0.00545783118094915,"Transient",NA,NA,"ME27"
"Montipora_capitata_HIv3___RNAseq.g8381.t1",1,0,0,6.91339224179487e-07,"Monotonous",1,0.862973305354728,"ME10"
"Montipora_capitata_HIv3___RNAseq.g23771.t1",1,0,0,NA,NA,NA,NA,"ME1"
"Montipora_capitata_HIv3___RNAseq.g7633.t1",2,0,0,NA,NA,NA,NA,"ME12"
"Montipora_capitata_HIv3___TS.g10777.t1",0,0,1,NA,NA,NA,NA,"ME2"
"Montipora_capitata_HIv3___TS.g45442.t1",0,1,0,NA,NA,NA,NA,"ME3"
"Montipora_capitata_HIv3___RNAseq.g3883.t1",0,1,0,NA,NA,NA,NA,"ME11"
"Montipora_capitata_HIv3___RNAseq.g27530.t1",0,0,1,NA,NA,NA,NA,"ME0"
"Montipora_capitata_HIv3___TS.g37524.t1",1,0,0,NA,NA,NA,NA,"ME12"
"Montipora_capitata_HIv3___RNAseq.g24078.t1",0,0,1,0.0300138948385308,"Other",6,0.697972308501619,"ME5"
"Montipora_capitata_HIv3___RNAseq.g7801.t1",1,0,0,NA,NA,NA,NA,"ME17"
"Montipora_capitata_HIv3___RNAseq.g3577.t2",0,0,1,0.000174302884189861,"Monotonous",6,0.716337605765578,"ME3"
"Montipora_capitata_HIv3___RNAseq.g15508.t1",1,0,0,NA,NA,NA,NA,"ME8"
"Montipora_capitata_HIv3___RNAseq.g4432.t1",1,0,0,NA,NA,NA,NA,"ME7"
"Montipora_capitata_HIv3___RNAseq.g4433.t1",1,0,0,0.0114054305005184,"Other",2,0.534162840860424,"ME19"
"Montipora_capitata_HIv3___RNAseq.g4204.t1",1,0,0,NA,NA,NA,NA,"ME28"
"Montipora_capitata_HIv3___TS.g19768.t1",0,1,0,NA,NA,NA,NA,"ME9"
"Montipora_capitata_HIv3___RNAseq.g15468.t1",1,1,1,NA,NA,NA,NA,"ME0"
"Montipora_capitata_HIv3___RNAseq.g23950.t1",1,0,0,NA,NA,NA,NA,"ME27"
"Montipora_capitata_HIv3___RNAseq.g15390.t1",0,0,1,NA,NA,NA,NA,"ME2"
"Montipora_capitata_HIv3___RNAseq.g27536.t1",0,0,1,8.61753509826249e-06,"Monotonous",2,0.628539066297357,"ME13"
"Montipora_capitata_HIv3___RNAseq.g3616.t1",1,0,0,0.0137677768709124,"Other",1,0.795701097260799,"ME23"
"Montipora_capitata_HIv3___RNAseq.g18812.t1",0,8,0,NA,NA,NA,NA,"ME0"
"Montipora_capitata_HIv3___RNAseq.g18811.t1",0,11,0,1.53604760937286e-11,"Transient",3,0.717611812734442,"ME1"
"Montipora_capitata_HIv3___RNAseq.g50668.t1",1,0,0,NA,NA,NA,NA,"ME1"
"Montipora_capitata_HIv3___RNAseq.g8419.t1",1,0,0,NA,NA,NA,NA,"ME0"
"Montipora_capitata_HIv3___RNAseq.g15605.t1",0,0,1,NA,NA,NA,NA,"ME3"
"Montipora_capitata_HIv3___RNAseq.g15606.t1",1,0,0,0.000557237657279802,"Transient",3,0.888202867373826,"ME13"
"Montipora_capitata_HIv3___RNAseq.g4570.t1",1,0,0,8.04823823412276e-07,"Monotonous",1,0.740805690033693,"ME3"
"Montipora_capitata_HIv3___TS.g4941.t1",1,0,0,NA,NA,NA,NA,"ME0"
"Montipora_capitata_HIv3___RNAseq.g4404.t1",0,1,0,NA,NA,NA,NA,"ME0"
"Montipora_capitata_HIv3___RNAseq.g29941.t1",0,2,0,NA,NA,NA,NA,"ME26"
"Montipora_capitata_HIv3___TS.g37421.t1",0,1,0,NA,NA,NA,NA,"ME3"
"Montipora_capitata_HIv3___RNAseq.g29883.t1",1,0,0,NA,NA,NA,NA,"ME17"
"Montipora_capitata_HIv3___RNAseq.g29884.t1",1,0,1,NA,NA,NA,NA,"ME6"
"Montipora_capitata_HIv3___RNAseq.g45863.t1",0,1,0,NA,NA,NA,NA,"ME2"
"Montipora_capitata_HIv3___RNAseq.g9.t1",1,1,0,0.0242502725606916,"Other",5,0.560277087600087,"ME4"
"Montipora_capitata_HIv3___RNAseq.g12433.t1",0,1,0,NA,NA,NA,NA,"ME6"
"Montipora_capitata_HIv3___RNAseq.g12207.t1",1,0,0,NA,NA,NA,NA,"ME3"
"Montipora_capitata_HIv3___TS.g34676.t1",1,0,0,NA,NA,NA,NA,"ME1"
"Montipora_capitata_HIv3___RNAseq.g21104.t1",1,0,0,NA,NA,NA,NA,"ME0"
"Montipora_capitata_HIv3___TS.g26100.t1",1,0,0,NA,NA,NA,NA,"ME0"
"Montipora_capitata_HIv3___RNAseq.g14290.t1",0,1,0,NA,NA,NA,NA,"ME0"
"Montipora_capitata_HIv3___RNAseq.g14719.t1",0,0,1,NA,NA,NA,NA,"ME0"
"Montipora_capitata_HIv3___RNAseq.g6096.t1",2,0,0,NA,NA,NA,NA,"ME0"
"Montipora_capitata_HIv3___TS.g27851.t1",0,0,1,NA,NA,NA,NA,"ME1"
"Montipora_capitata_HIv3___RNAseq.g31903.t1",1,0,0,NA,NA,NA,NA,"ME0"
"Montipora_capitata_HIv3___RNAseq.g31904.t1",0,0,1,NA,NA,NA,NA,"ME4"
"Montipora_capitata_HIv3___RNAseq.g32124.t1",0,0,1,0.0423404414925254,"Other",5,0.531099362553033,"ME11"
"Montipora_capitata_HIv3___RNAseq.g32125.t1",0,0,1,NA,NA,NA,NA,"ME0"
"Montipora_capitata_HIv3___RNAseq.g33210.t1",0,2,0,0.0181365867164423,"Other",6,0.500060085094833,"ME11"
"Montipora_capitata_HIv3___RNAseq.g25411.t1",1,0,0,NA,NA,NA,NA,"ME1"
"Montipora_capitata_HIv3___RNAseq.g26152.t1",0,1,0,NA,NA,NA,NA,"ME0"
"Montipora_capitata_HIv3___RNAseq.g26153.t1",0,2,0,NA,NA,NA,NA,"ME0"
"Montipora_capitata_HIv3___RNAseq.g26159.t1",1,0,0,NA,NA,NA,NA,"ME0"
"Montipora_capitata_HIv3___TS.g11465.t1",0,1,0,NA,NA,NA,NA,"ME0"
"Montipora_capitata_HIv3___TS.g12724.t1",0,1,0,NA,NA,NA,NA,"ME0"
"Montipora_capitata_HIv3___RNAseq.g1355.t1",1,2,0,NA,NA,NA,NA,"ME0"
"Montipora_capitata_HIv3___RNAseq.g1758.t1",0,0,2,NA,NA,NA,NA,"ME0"
"Montipora_capitata_HIv3___RNAseq.g1759.t1",1,0,1,NA,NA,NA,NA,"ME0"
"Montipora_capitata_HIv3___RNAseq.g2025.t1",0,1,0,NA,NA,NA,NA,"ME0"
"Montipora_capitata_HIv3___RNAseq.g2027.t1",1,0,0,NA,NA,NA,NA,"ME0"
"Montipora_capitata_HIv3___TS.g39922.t1",1,0,1,NA,NA,NA,NA,"ME0"
"Montipora_capitata_HIv3___RNAseq.g2416.t1",0,1,0,NA,NA,NA,NA,"ME4"
"Montipora_capitata_HIv3___RNAseq.g9946.t1",0,1,0,NA,NA,NA,NA,"ME0"
"Montipora_capitata_HIv3___RNAseq.g10893.t1",0,1,0,NA,NA,NA,NA,"ME0"
"Montipora_capitata_HIv3___TS.g43857.t1",0,0,1,NA,NA,NA,NA,"ME4"
"Montipora_capitata_HIv3___RNAseq.g42942.t1",0,1,0,NA,NA,NA,NA,"ME0"
"Montipora_capitata_HIv3___RNAseq.g47895.t1",1,0,0,NA,NA,NA,NA,"ME0"
"Montipora_capitata_HIv3___RNAseq.g47896.t1",1,0,0,NA,NA,NA,NA,"ME0"
"Montipora_capitata_HIv3___RNAseq.g8201.t1",1,0,0,NA,NA,NA,NA,"ME0"
"Montipora_capitata_HIv3___RNAseq.g18699.t1",0,1,0,NA,NA,NA,NA,"ME0"
"Montipora_capitata_HIv3___RNAseq.g15419.t1",0,0,1,NA,NA,NA,NA,"ME0"
"Montipora_capitata_HIv3___RNAseq.g50385.t1",1,0,0,NA,NA,NA,NA,"ME0"
"Montipora_capitata_HIv3___RNAseq.g3525.t1",1,0,0,NA,NA,NA,NA,"ME31"
"Montipora_capitata_HIv3___RNAseq.g3526.t1",0,1,0,NA,NA,NA,NA,"ME1"
"Montipora_capitata_HIv3___TS.g20401.t1",0,0,1,NA,NA,NA,NA,"ME0"
"Montipora_capitata_HIv3___TS.g20402.t1",2,0,0,NA,NA,NA,NA,"ME0"
"Montipora_capitata_HIv3___RNAseq.g19024.t1",1,0,0,NA,NA,NA,NA,"ME0"
"Montipora_capitata_HIv3___RNAseq.g40087.t1",0,0,1,NA,NA,NA,NA,"ME4"
"Montipora_capitata_HIv3___RNAseq.g7634.t1",0,1,0,NA,NA,NA,NA,"ME0"
"Montipora_capitata_HIv3___RNAseq.g12440.t1a",1,1,0,NA,NA,NA,NA,"ME4"
"Montipora_capitata_HIv3___RNAseq.g12442.t1",2,0,0,NA,NA,NA,NA,"ME0"
"Montipora_capitata_HIv3___RNAseq.g12446.t1",0,1,0,NA,NA,NA,NA,"ME0"
"Montipora_capitata_HIv3___RNAseq.g15415.t1",0,0,1,NA,NA,NA,NA,"ME11"
"Montipora_capitata_HIv3___RNAseq.g4260.t1",1,0,0,NA,NA,NA,NA,"ME4"
"Montipora_capitata_HIv3___RNAseq.g45817.t1",0,1,0,NA,NA,NA,NA,"ME11"
"Montipora_capitata_HIv3___RNAseq.g45820.t1",0,1,0,NA,NA,NA,NA,"ME11"
"Montipora_capitata_HIv3___TS.g37387.t1",0,1,1,NA,NA,NA,NA,"ME1"
"Montipora_capitata_HIv3___RNAseq.g24049.t1",0,1,0,NA,NA,NA,NA,"ME0"
"Montipora_capitata_HIv3___RNAseq.g228.t1",2,1,0,NA,NA,NA,NA,"ME0"
"Montipora_capitata_HIv3___RNAseq.g34851.t1",1,0,0,NA,NA,NA,NA,"ME0"
"Montipora_capitata_HIv3___RNAseq.g8195.t1",0,1,0,NA,NA,NA,NA,"ME0"
"Montipora_capitata_HIv3___RNAseq.g8210.t1",1,0,0,NA,NA,NA,NA,"ME4"
"Montipora_capitata_HIv3___RNAseq.g7705.t1",0,1,0,NA,NA,NA,NA,"ME0"
"Montipora_capitata_HIv3___RNAseq.g27423.t1",0,1,0,NA,NA,NA,NA,"ME0"
"Montipora_capitata_HIv3___RNAseq.g45737.t1c",0,1,1,NA,NA,NA,NA,"ME1"
"Montipora_capitata_HIv3___RNAseq.g3973.t1",1,0,0,NA,NA,NA,NA,"ME0"
"Montipora_capitata_HIv3___RNAseq.g8180.t1",0,7,0,NA,NA,NA,NA,"ME1"
"Montipora_capitata_HIv3___RNAseq.g12398.t1",2,1,0,NA,NA,NA,NA,"ME0"
"Montipora_capitata_HIv3___RNAseq.g7922.t1",1,1,0,NA,NA,NA,NA,"ME4"
"Montipora_capitata_HIv3___TS.g23492.t1",0,1,0,NA,NA,NA,NA,"ME0"
"Montipora_capitata_HIv3___RNAseq.g4069.t1",0,1,0,NA,NA,NA,NA,"ME11"
"Montipora_capitata_HIv3___RNAseq.g40304.t1",0,1,0,NA,NA,NA,NA,"ME1"
"Montipora_capitata_HIv3___TS.g29364.t1",0,1,1,NA,NA,NA,NA,"ME0"
"Montipora_capitata_HIv3___TS.g19508.t1",0,1,0,NA,NA,NA,NA,"ME0"
"Montipora_capitata_HIv3___RNAseq.g27169.t2",0,1,0,NA,NA,NA,NA,"ME0"
"Montipora_capitata_HIv3___RNAseq.g24080.t1",0,1,0,NA,NA,NA,NA,"ME0"
"Montipora_capitata_HIv3___TS.g41263.t1",0,1,0,NA,NA,NA,NA,"ME0"
"Montipora_capitata_HIv3___RNAseq.g4493.t1",0,0,1,NA,NA,NA,NA,"ME0"
