"","DateTimeEST","TempC","IntensityLux","Tank","Treatment"
"1",2025-07-02 08:00:24,25.416,0,"Tank1","Control"
"2",2025-07-02 08:05:24,25.319,0,"Tank1","Control"
"3",2025-07-02 08:10:24,25.319,0,"Tank1","Control"
"4",2025-07-02 08:15:24,25.319,0,"Tank1","Control"
"5",2025-07-02 08:20:24,25.319,0,"Tank1","Control"
"6",2025-07-02 08:25:24,25.222,10.8,"Tank1","Control"
"7",2025-07-02 08:30:24,25.222,64.6,"Tank1","Control"
"8",2025-07-02 08:35:24,25.222,32.3,"Tank1","Control"
"9",2025-07-02 08:40:24,25.416,32.3,"Tank1","Control"
"10",2025-07-02 08:45:24,25.319,64.6,"Tank1","Control"
"11",2025-07-02 08:50:24,25.319,86.1,"Tank1","Control"
"12",2025-07-02 08:55:24,25.319,96.9,"Tank1","Control"
"13",2025-07-02 09:00:24,25.319,96.9,"Tank1","Control"
"14",2025-07-02 09:05:24,25.222,129.2,"Tank1","Control"
"15",2025-07-02 09:10:24,25.222,204.5,"Tank1","Control"
"16",2025-07-02 09:15:24,25.222,183,"Tank1","Control"
"17",2025-07-02 09:20:24,25.319,226,"Tank1","Control"
"18",2025-07-02 09:25:24,25.416,183,"Tank1","Control"
"19",2025-07-02 09:30:24,25.416,247.6,"Tank1","Control"
"20",2025-07-02 09:35:24,25.319,193.8,"Tank1","Control"
"21",2025-07-02 09:40:24,25.319,204.5,"Tank1","Control"
"22",2025-07-02 09:45:24,25.319,269.1,"Tank1","Control"
"23",2025-07-02 09:50:24,25.319,301.4,"Tank1","Control"
"24",2025-07-02 09:55:24,25.222,290.6,"Tank1","Control"
"25",2025-07-02 10:00:24,25.222,376.7,"Tank1","Control"
"26",2025-07-02 10:05:24,25.222,312.2,"Tank1","Control"
"27",2025-07-02 10:10:24,25.319,366,"Tank1","Control"
"28",2025-07-02 10:15:24,25.319,290.6,"Tank1","Control"
"29",2025-07-02 10:20:24,25.222,376.7,"Tank1","Control"
"30",2025-07-02 10:25:24,25.222,387.5,"Tank1","Control"
"31",2025-07-02 10:30:24,25.222,355.2,"Tank1","Control"
"32",2025-07-02 10:35:24,25.319,398.3,"Tank1","Control"
"33",2025-07-02 10:40:24,25.319,355.2,"Tank1","Control"
"34",2025-07-02 10:45:24,25.222,366,"Tank1","Control"
"35",2025-07-02 10:50:24,25.222,462.9,"Tank1","Control"
"36",2025-07-02 10:55:24,25.222,516.7,"Tank1","Control"
"37",2025-07-02 11:00:24,25.222,21.5,"Tank1","Control"
"38",2025-07-02 11:05:24,25.319,0,"Tank1","Control"
"39",2025-07-02 11:10:24,25.319,0,"Tank1","Control"
"40",2025-07-02 11:15:24,25.319,0,"Tank1","Control"
"41",2025-07-02 11:20:24,25.319,0,"Tank1","Control"
"42",2025-07-02 11:25:24,25.319,0,"Tank1","Control"
"43",2025-07-02 11:30:24,25.222,0,"Tank1","Control"
"44",2025-07-02 11:35:24,25.222,0,"Tank1","Control"
"45",2025-07-02 11:40:24,25.222,0,"Tank1","Control"
"46",2025-07-02 11:45:24,25.319,0,"Tank1","Control"
"47",2025-07-02 11:50:24,25.416,0,"Tank1","Control"
"48",2025-07-02 11:55:24,25.319,0,"Tank1","Control"
"49",2025-07-02 12:00:24,25.319,624.3,"Tank1","Control"
"50",2025-07-02 12:05:24,25.319,0,"Tank1","Control"
"51",2025-07-02 12:10:24,25.222,0,"Tank1","Control"
"52",2025-07-02 12:15:24,25.222,0,"Tank1","Control"
"53",2025-07-02 12:20:24,25.222,635.1,"Tank1","Control"
"54",2025-07-02 12:25:24,25.222,699.7,"Tank1","Control"
"55",2025-07-02 12:30:24,25.416,656.6,"Tank1","Control"
"56",2025-07-02 12:35:24,25.416,688.9,"Tank1","Control"
"57",2025-07-02 12:40:24,25.416,667.4,"Tank1","Control"
"58",2025-07-02 12:45:24,25.416,688.9,"Tank1","Control"
"59",2025-07-02 12:50:24,25.416,678.1,"Tank1","Control"
"60",2025-07-02 12:55:24,25.319,667.4,"Tank1","Control"
"61",2025-07-02 13:00:24,25.319,645.8,"Tank1","Control"
"62",2025-07-02 13:05:24,25.319,0,"Tank1","Control"
"63",2025-07-02 13:10:24,25.222,0,"Tank1","Control"
"64",2025-07-02 13:15:24,25.222,0,"Tank1","Control"
"65",2025-07-02 13:20:24,25.222,0,"Tank1","Control"
"66",2025-07-02 13:25:24,25.222,0,"Tank1","Control"
"67",2025-07-02 13:30:24,25.319,0,"Tank1","Control"
"68",2025-07-02 13:35:24,25.319,0,"Tank1","Control"
"69",2025-07-02 13:40:24,25.319,0,"Tank1","Control"
"70",2025-07-02 13:45:24,25.319,0,"Tank1","Control"
"71",2025-07-02 13:50:24,25.319,710.4,"Tank1","Control"
"72",2025-07-02 13:55:24,25.319,710.4,"Tank1","Control"
"73",2025-07-02 14:00:24,25.222,667.4,"Tank1","Control"
"74",2025-07-02 14:05:24,25.222,678.1,"Tank1","Control"
"75",2025-07-02 14:10:24,25.416,678.1,"Tank1","Control"
"76",2025-07-02 14:15:24,25.416,645.8,"Tank1","Control"
"77",2025-07-02 14:20:24,25.416,699.7,"Tank1","Control"
"78",2025-07-02 14:25:24,25.416,688.9,"Tank1","Control"
"79",2025-07-02 14:30:24,25.319,667.4,"Tank1","Control"
"80",2025-07-02 14:35:24,25.319,656.6,"Tank1","Control"
"81",2025-07-02 14:40:24,25.319,699.7,"Tank1","Control"
"82",2025-07-02 14:45:24,25.319,688.9,"Tank1","Control"
"83",2025-07-02 14:50:24,25.222,667.4,"Tank1","Control"
"84",2025-07-02 14:55:24,25.222,678.1,"Tank1","Control"
"85",2025-07-02 15:00:24,25.222,667.4,"Tank1","Control"
"86",2025-07-02 15:05:24,25.416,678.1,"Tank1","Control"
"87",2025-07-02 15:10:24,25.416,688.9,"Tank1","Control"
"88",2025-07-02 15:15:24,25.416,667.4,"Tank1","Control"
"89",2025-07-02 15:20:24,25.416,667.4,"Tank1","Control"
"90",2025-07-02 15:25:24,25.319,667.4,"Tank1","Control"
"91",2025-07-02 15:30:24,25.319,645.8,"Tank1","Control"
"92",2025-07-02 15:35:24,25.319,710.4,"Tank1","Control"
"93",2025-07-02 15:40:24,25.319,699.7,"Tank1","Control"
"94",2025-07-02 15:45:24,25.222,699.7,"Tank1","Control"
"95",2025-07-02 15:50:24,25.222,667.4,"Tank1","Control"
"96",2025-07-02 15:55:24,25.319,667.4,"Tank1","Control"
"97",2025-07-02 16:00:24,25.319,688.9,"Tank1","Control"
"98",2025-07-02 16:05:24,25.319,688.9,"Tank1","Control"
"99",2025-07-02 16:10:24,25.319,667.4,"Tank1","Control"
"100",2025-07-02 16:15:24,25.319,635.1,"Tank1","Control"
"101",2025-07-02 16:20:24,25.222,602.8,"Tank1","Control"
"102",2025-07-02 16:25:24,25.222,602.8,"Tank1","Control"
"103",2025-07-02 16:30:24,25.416,559.7,"Tank1","Control"
"104",2025-07-02 16:35:24,25.416,559.7,"Tank1","Control"
"105",2025-07-02 16:40:24,25.319,559.7,"Tank1","Control"
"106",2025-07-02 16:45:24,25.319,527.4,"Tank1","Control"
"107",2025-07-02 16:50:24,25.319,505.9,"Tank1","Control"
"108",2025-07-02 16:55:24,25.222,495.1,"Tank1","Control"
"109",2025-07-02 17:00:24,25.222,484.4,"Tank1","Control"
"110",2025-07-02 17:05:24,25.416,495.1,"Tank1","Control"
"111",2025-07-02 17:10:24,25.416,441.3,"Tank1","Control"
"112",2025-07-02 17:15:24,25.416,419.8,"Tank1","Control"
"113",2025-07-02 17:20:24,25.319,430.6,"Tank1","Control"
"114",2025-07-02 17:25:24,25.319,430.6,"Tank1","Control"
"115",2025-07-02 17:30:24,25.319,398.3,"Tank1","Control"
"116",2025-07-02 17:35:24,25.222,430.6,"Tank1","Control"
"117",2025-07-02 17:40:24,25.222,387.5,"Tank1","Control"
"118",2025-07-02 17:45:24,25.222,312.2,"Tank1","Control"
"119",2025-07-02 17:50:24,25.319,366,"Tank1","Control"
"120",2025-07-02 17:55:24,25.416,279.9,"Tank1","Control"
"121",2025-07-02 18:00:24,25.416,258.3,"Tank1","Control"
"122",2025-07-02 18:05:24,25.319,290.6,"Tank1","Control"
"123",2025-07-02 18:10:24,25.319,322.9,"Tank1","Control"
"124",2025-07-02 18:15:24,25.319,269.1,"Tank1","Control"
"125",2025-07-02 18:20:24,25.319,258.3,"Tank1","Control"
"126",2025-07-02 18:25:24,25.222,193.8,"Tank1","Control"
"127",2025-07-02 18:30:24,25.222,226,"Tank1","Control"
"128",2025-07-02 18:35:24,25.222,161.5,"Tank1","Control"
"129",2025-07-02 18:40:24,25.222,172.2,"Tank1","Control"
"130",2025-07-02 18:45:24,25.319,172.2,"Tank1","Control"
"131",2025-07-02 18:50:24,25.222,172.2,"Tank1","Control"
"132",2025-07-02 18:55:24,25.222,183,"Tank1","Control"
"133",2025-07-02 19:00:24,25.222,75.3,"Tank1","Control"
"134",2025-07-02 19:05:24,25.319,150.7,"Tank1","Control"
"135",2025-07-02 19:10:24,25.319,64.6,"Tank1","Control"
"136",2025-07-02 19:15:24,25.319,107.6,"Tank1","Control"
"137",2025-07-02 19:20:24,25.319,107.6,"Tank1","Control"
"138",2025-07-02 19:25:24,25.319,96.9,"Tank1","Control"
"139",2025-07-02 19:30:24,25.222,21.5,"Tank1","Control"
"140",2025-07-02 19:35:24,25.222,21.5,"Tank1","Control"
"141",2025-07-02 19:40:24,25.222,10.8,"Tank1","Control"
"142",2025-07-02 19:45:24,25.222,32.3,"Tank1","Control"
"143",2025-07-02 19:50:24,25.319,0,"Tank1","Control"
"144",2025-07-02 19:55:24,25.416,0,"Tank1","Control"
"145",2025-07-02 20:00:24,25.319,0,"Tank1","Control"
"146",2025-07-02 20:05:24,25.319,0,"Tank1","Control"
"147",2025-07-02 20:10:24,25.319,0,"Tank1","Control"
"148",2025-07-02 20:15:24,25.319,0,"Tank1","Control"
"149",2025-07-02 20:20:24,25.222,0,"Tank1","Control"
"150",2025-07-02 20:25:24,25.222,0,"Tank1","Control"
"151",2025-07-02 20:30:24,25.222,0,"Tank1","Control"
"152",2025-07-02 20:35:24,25.222,0,"Tank1","Control"
"153",2025-07-02 20:40:24,25.319,0,"Tank1","Control"
"154",2025-07-02 20:45:24,25.416,0,"Tank1","Control"
"155",2025-07-02 20:50:24,25.319,0,"Tank1","Control"
"156",2025-07-02 20:55:24,25.319,0,"Tank1","Control"
"157",2025-07-02 21:00:24,25.319,0,"Tank1","Control"
"158",2025-07-02 21:05:24,25.319,0,"Tank1","Control"
"159",2025-07-02 21:10:24,25.319,0,"Tank1","Control"
"160",2025-07-02 21:15:24,25.319,0,"Tank1","Control"
"161",2025-07-02 21:20:24,25.222,0,"Tank1","Control"
"162",2025-07-02 21:25:24,25.222,0,"Tank1","Control"
"163",2025-07-02 21:30:24,25.222,0,"Tank1","Control"
"164",2025-07-02 21:35:24,25.222,0,"Tank1","Control"
"165",2025-07-02 21:40:24,25.319,0,"Tank1","Control"
"166",2025-07-02 21:45:24,25.416,0,"Tank1","Control"
"167",2025-07-02 21:50:24,25.416,0,"Tank1","Control"
"168",2025-07-02 21:55:24,25.319,0,"Tank1","Control"
"169",2025-07-02 22:00:24,25.319,0,"Tank1","Control"
"170",2025-07-02 22:05:24,25.319,0,"Tank1","Control"
"171",2025-07-02 22:10:24,25.319,0,"Tank1","Control"
"172",2025-07-02 22:15:24,25.222,0,"Tank1","Control"
"173",2025-07-02 22:20:24,25.222,0,"Tank1","Control"
"174",2025-07-02 22:25:24,25.222,0,"Tank1","Control"
"175",2025-07-02 22:30:24,25.125,0,"Tank1","Control"
"176",2025-07-02 22:35:24,25.125,0,"Tank1","Control"
"177",2025-07-02 22:40:24,25.125,0,"Tank1","Control"
"178",2025-07-02 22:45:24,25.222,0,"Tank1","Control"
"179",2025-07-02 22:50:24,25.319,0,"Tank1","Control"
"180",2025-07-02 22:55:24,25.319,0,"Tank1","Control"
"181",2025-07-02 23:00:24,25.319,0,"Tank1","Control"
"182",2025-07-02 23:05:24,25.222,0,"Tank1","Control"
"183",2025-07-02 23:10:24,25.222,0,"Tank1","Control"
"184",2025-07-02 23:15:24,25.222,0,"Tank1","Control"
"185",2025-07-02 23:20:24,25.125,0,"Tank1","Control"
"186",2025-07-02 23:25:24,25.125,0,"Tank1","Control"
"187",2025-07-02 23:30:24,25.125,0,"Tank1","Control"
"188",2025-07-02 23:35:24,25.319,0,"Tank1","Control"
"189",2025-07-02 23:40:24,25.319,0,"Tank1","Control"
"190",2025-07-02 23:45:24,25.319,0,"Tank1","Control"
"191",2025-07-02 23:50:24,25.319,0,"Tank1","Control"
"192",2025-07-02 23:55:24,25.222,0,"Tank1","Control"
"193",2025-07-03 00:00:24,25.222,0,"Tank1","Control"
"194",2025-07-03 00:05:24,25.222,0,"Tank1","Control"
"195",2025-07-03 00:10:24,25.125,0,"Tank1","Control"
"196",2025-07-03 00:15:24,25.125,0,"Tank1","Control"
"197",2025-07-03 00:20:24,25.125,0,"Tank1","Control"
"198",2025-07-03 00:25:24,25.222,0,"Tank1","Control"
"199",2025-07-03 00:30:24,25.319,0,"Tank1","Control"
"200",2025-07-03 00:35:24,25.319,0,"Tank1","Control"
"201",2025-07-03 00:40:24,25.319,0,"Tank1","Control"
"202",2025-07-03 00:45:24,25.319,0,"Tank1","Control"
"203",2025-07-03 00:50:24,25.222,0,"Tank1","Control"
"204",2025-07-03 00:55:24,25.222,0,"Tank1","Control"
"205",2025-07-03 01:00:24,25.222,0,"Tank1","Control"
"206",2025-07-03 01:05:24,25.125,0,"Tank1","Control"
"207",2025-07-03 01:10:24,25.125,0,"Tank1","Control"
"208",2025-07-03 01:15:24,25.125,0,"Tank1","Control"
"209",2025-07-03 01:20:24,25.319,0,"Tank1","Control"
"210",2025-07-03 01:25:24,25.319,0,"Tank1","Control"
"211",2025-07-03 01:30:24,25.319,0,"Tank1","Control"
"212",2025-07-03 01:35:24,25.319,0,"Tank1","Control"
"213",2025-07-03 01:40:24,25.222,0,"Tank1","Control"
"214",2025-07-03 01:45:24,25.222,0,"Tank1","Control"
"215",2025-07-03 01:50:24,25.222,0,"Tank1","Control"
"216",2025-07-03 01:55:24,25.222,0,"Tank1","Control"
"217",2025-07-03 02:00:24,25.125,0,"Tank1","Control"
"218",2025-07-03 02:05:24,25.125,0,"Tank1","Control"
"219",2025-07-03 02:10:24,25.125,0,"Tank1","Control"
"220",2025-07-03 02:15:24,25.319,0,"Tank1","Control"
"221",2025-07-03 02:20:24,25.319,0,"Tank1","Control"
"222",2025-07-03 02:25:24,25.319,0,"Tank1","Control"
"223",2025-07-03 02:30:24,25.222,0,"Tank1","Control"
"224",2025-07-03 02:35:24,25.222,0,"Tank1","Control"
"225",2025-07-03 02:40:24,25.222,0,"Tank1","Control"
"226",2025-07-03 02:45:24,25.222,0,"Tank1","Control"
"227",2025-07-03 02:50:24,25.125,0,"Tank1","Control"
"228",2025-07-03 02:55:24,25.125,0,"Tank1","Control"
"229",2025-07-03 03:00:24,25.125,0,"Tank1","Control"
"230",2025-07-03 03:05:24,25.319,0,"Tank1","Control"
"231",2025-07-03 03:10:24,25.319,0,"Tank1","Control"
"232",2025-07-03 03:15:24,25.319,0,"Tank1","Control"
"233",2025-07-03 03:20:24,25.222,0,"Tank1","Control"
"234",2025-07-03 03:25:24,25.222,0,"Tank1","Control"
"235",2025-07-03 03:30:24,25.222,0,"Tank1","Control"
"236",2025-07-03 03:35:24,25.222,0,"Tank1","Control"
"237",2025-07-03 03:40:24,25.125,0,"Tank1","Control"
"238",2025-07-03 03:45:24,25.125,0,"Tank1","Control"
"239",2025-07-03 03:50:24,25.125,0,"Tank1","Control"
"240",2025-07-03 03:55:24,25.222,0,"Tank1","Control"
"241",2025-07-03 04:00:24,25.222,0,"Tank1","Control"
"242",2025-07-03 04:05:24,25.125,0,"Tank1","Control"
"243",2025-07-03 04:10:24,25.125,0,"Tank1","Control"
"244",2025-07-03 04:15:24,25.125,0,"Tank1","Control"
"245",2025-07-03 04:20:24,25.222,0,"Tank1","Control"
"246",2025-07-03 04:25:24,25.222,0,"Tank1","Control"
"247",2025-07-03 04:30:24,25.222,0,"Tank1","Control"
"248",2025-07-03 04:35:24,25.222,0,"Tank1","Control"
"249",2025-07-03 04:40:24,25.125,0,"Tank1","Control"
"250",2025-07-03 04:45:24,25.125,0,"Tank1","Control"
"251",2025-07-03 04:50:24,25.125,0,"Tank1","Control"
"252",2025-07-03 04:55:24,25.319,0,"Tank1","Control"
"253",2025-07-03 05:00:24,25.319,0,"Tank1","Control"
"254",2025-07-03 05:05:24,25.319,0,"Tank1","Control"
"255",2025-07-03 05:10:24,25.222,0,"Tank1","Control"
"256",2025-07-03 05:15:24,25.222,0,"Tank1","Control"
"257",2025-07-03 05:20:24,25.222,0,"Tank1","Control"
"258",2025-07-03 05:25:24,25.222,0,"Tank1","Control"
"259",2025-07-03 05:30:24,25.125,0,"Tank1","Control"
"260",2025-07-03 05:35:24,25.125,0,"Tank1","Control"
"261",2025-07-03 05:40:24,25.125,0,"Tank1","Control"
"262",2025-07-03 05:45:24,25.222,0,"Tank1","Control"
"263",2025-07-03 05:50:24,25.319,0,"Tank1","Control"
"264",2025-07-03 05:55:24,25.319,0,"Tank1","Control"
"265",2025-07-03 06:00:24,25.222,0,"Tank1","Control"
"266",2025-07-03 06:05:24,25.222,0,"Tank1","Control"
"267",2025-07-03 06:10:24,25.222,0,"Tank1","Control"
"268",2025-07-03 06:15:24,25.125,0,"Tank1","Control"
"269",2025-07-03 06:20:24,25.125,0,"Tank1","Control"
"270",2025-07-03 06:25:24,25.125,0,"Tank1","Control"
"271",2025-07-03 06:30:24,25.222,0,"Tank1","Control"
"272",2025-07-03 06:35:24,25.222,0,"Tank1","Control"
"273",2025-07-03 06:40:24,25.222,0,"Tank1","Control"
"274",2025-07-03 06:45:24,25.222,0,"Tank1","Control"
"275",2025-07-03 06:50:24,25.222,0,"Tank1","Control"
"276",2025-07-03 06:55:24,25.125,0,"Tank1","Control"
"277",2025-07-03 07:00:24,25.125,0,"Tank1","Control"
"278",2025-07-03 07:05:24,25.125,0,"Tank1","Control"
"279",2025-07-03 07:10:24,25.222,0,"Tank1","Control"
"280",2025-07-03 07:15:24,25.222,0,"Tank1","Control"
"281",2025-07-03 07:20:24,25.222,0,"Tank1","Control"
"282",2025-07-03 07:25:24,25.222,0,"Tank1","Control"
"283",2025-07-03 07:30:24,25.125,0,"Tank1","Control"
"284",2025-07-03 07:35:24,25.125,0,"Tank1","Control"
"285",2025-07-03 07:40:24,25.125,0,"Tank1","Control"
"286",2025-07-03 07:45:24,25.222,0,"Tank1","Control"
"287",2025-07-03 07:50:24,25.319,0,"Tank1","Control"
"288",2025-07-03 07:55:24,25.319,0,"Tank1","Control"
"289",2025-07-03 08:00:24,25.319,0,"Tank1","Control"
"290",2025-07-03 08:05:24,25.222,0,"Tank1","Control"
"291",2025-07-03 08:10:24,25.222,0,"Tank1","Control"
"292",2025-07-03 08:15:24,25.222,0,"Tank1","Control"
"293",2025-07-03 08:20:24,25.222,0,"Tank1","Control"
"294",2025-07-03 08:25:24,25.222,10.8,"Tank1","Control"
"295",2025-07-03 08:30:24,25.125,64.6,"Tank1","Control"
"296",2025-07-03 08:35:24,25.125,53.8,"Tank1","Control"
"297",2025-07-03 08:40:24,25.125,139.9,"Tank1","Control"
"298",2025-07-03 08:45:24,25.319,96.9,"Tank1","Control"
"299",2025-07-03 08:50:24,25.319,53.8,"Tank1","Control"
"300",2025-07-03 08:55:24,25.319,139.9,"Tank1","Control"
"301",2025-07-03 09:00:24,25.319,172.2,"Tank1","Control"
"302",2025-07-03 09:05:24,25.222,139.9,"Tank1","Control"
"303",2025-07-03 09:10:24,25.222,215.3,"Tank1","Control"
"304",2025-07-03 09:15:24,25.222,236.8,"Tank1","Control"
"305",2025-07-03 09:20:24,25.222,139.9,"Tank1","Control"
"306",2025-07-03 09:25:24,25.319,172.2,"Tank1","Control"
"307",2025-07-03 09:30:24,25.319,161.5,"Tank1","Control"
"308",2025-07-03 09:35:24,25.319,183,"Tank1","Control"
"309",2025-07-03 09:40:24,25.319,258.3,"Tank1","Control"
"310",2025-07-03 09:45:24,25.319,215.3,"Tank1","Control"
"311",2025-07-03 09:50:24,25.222,290.6,"Tank1","Control"
"312",2025-07-03 09:55:24,25.222,236.8,"Tank1","Control"
"313",2025-07-03 10:00:24,25.222,269.1,"Tank1","Control"
"314",2025-07-03 10:05:24,25.222,322.9,"Tank1","Control"
"315",2025-07-03 10:10:24,25.319,333.7,"Tank1","Control"
"316",2025-07-03 10:15:24,25.416,322.9,"Tank1","Control"
"317",2025-07-03 10:20:24,25.416,344.4,"Tank1","Control"
"318",2025-07-03 10:25:24,25.416,0,"Tank1","Control"
"319",2025-07-03 10:30:24,25.319,0,"Tank1","Control"
"320",2025-07-03 10:35:24,25.319,0,"Tank1","Control"
"321",2025-07-03 10:40:24,25.319,0,"Tank1","Control"
"322",2025-07-03 10:45:24,25.222,0,"Tank1","Control"
"323",2025-07-03 10:50:24,25.222,0,"Tank1","Control"
"324",2025-07-03 10:55:24,25.222,0,"Tank1","Control"
"325",2025-07-03 11:00:24,25.222,0,"Tank1","Control"
"326",2025-07-03 11:05:24,25.222,0,"Tank1","Control"
"327",2025-07-03 11:10:24,25.319,0,"Tank1","Control"
"328",2025-07-03 11:15:24,25.416,0,"Tank1","Control"
"329",2025-07-03 11:20:24,25.416,538.2,"Tank1","Control"
"330",2025-07-03 11:25:24,25.416,549,"Tank1","Control"
"331",2025-07-03 11:30:24,25.319,613.5,"Tank1","Control"
"332",2025-07-03 11:35:24,25.319,592,"Tank1","Control"
"333",2025-07-03 11:40:24,25.319,645.8,"Tank1","Control"
"334",2025-07-03 11:45:24,25.319,602.8,"Tank1","Control"
"335",2025-07-03 11:50:24,25.222,624.3,"Tank1","Control"
"336",2025-07-03 11:55:24,25.222,645.8,"Tank1","Control"
"337",2025-07-03 12:00:24,25.222,688.9,"Tank1","Control"
"338",2025-07-03 12:05:24,25.222,699.7,"Tank1","Control"
"339",2025-07-03 12:10:24,25.319,688.9,"Tank1","Control"
"340",2025-07-03 12:15:24,25.222,678.1,"Tank1","Control"
"341",2025-07-03 12:20:24,25.222,699.7,"Tank1","Control"
"342",2025-07-03 12:25:24,25.222,688.9,"Tank1","Control"
"343",2025-07-03 12:30:24,25.319,656.6,"Tank1","Control"
"344",2025-07-03 12:35:24,25.319,699.7,"Tank1","Control"
"345",2025-07-03 12:40:24,25.222,667.4,"Tank1","Control"
"346",2025-07-03 12:45:24,25.222,667.4,"Tank1","Control"
"347",2025-07-03 12:50:24,25.222,645.8,"Tank1","Control"
"348",2025-07-03 12:55:24,25.319,710.4,"Tank1","Control"
"349",2025-07-03 13:00:24,25.416,699.7,"Tank1","Control"
"350",2025-07-03 13:05:24,25.416,710.4,"Tank1","Control"
"351",2025-07-03 13:10:24,25.319,688.9,"Tank1","Control"
"352",2025-07-03 13:15:24,25.319,667.4,"Tank1","Control"
"353",2025-07-03 13:20:24,25.319,678.1,"Tank1","Control"
"354",2025-07-03 13:25:24,25.319,699.7,"Tank1","Control"
"355",2025-07-03 13:30:24,25.319,678.1,"Tank1","Control"
"356",2025-07-03 13:35:24,25.319,688.9,"Tank1","Control"
"357",2025-07-03 13:40:24,25.222,688.9,"Tank1","Control"
"358",2025-07-03 13:45:24,25.222,645.8,"Tank1","Control"
"359",2025-07-03 13:50:24,25.222,699.7,"Tank1","Control"
"360",2025-07-03 13:55:24,25.222,710.4,"Tank1","Control"
"361",2025-07-03 14:00:24,25.222,667.4,"Tank1","Control"
"362",2025-07-03 14:05:24,25.222,710.4,"Tank1","Control"
"363",2025-07-03 14:10:24,25.319,699.7,"Tank1","Control"
"364",2025-07-03 14:15:24,25.319,688.9,"Tank1","Control"
"365",2025-07-03 14:20:24,25.222,678.1,"Tank1","Control"
"366",2025-07-03 14:25:24,25.319,656.6,"Tank1","Control"
"367",2025-07-03 14:30:24,25.513,667.4,"Tank1","Control"
"368",2025-07-03 14:35:24,25.513,645.8,"Tank1","Control"
"369",2025-07-03 14:40:24,25.513,699.7,"Tank1","Control"
"370",2025-07-03 14:45:24,25.513,710.4,"Tank1","Control"
"371",2025-07-03 14:50:24,25.513,667.4,"Tank1","Control"
"372",2025-07-03 14:55:24,25.513,688.9,"Tank1","Control"
"373",2025-07-03 15:00:24,25.416,635.1,"Tank1","Control"
"374",2025-07-03 15:05:24,25.416,688.9,"Tank1","Control"
"375",2025-07-03 15:10:24,25.416,678.1,"Tank1","Control"
"376",2025-07-03 15:15:24,25.416,635.1,"Tank1","Control"
"377",2025-07-03 15:20:24,25.416,688.9,"Tank1","Control"
"378",2025-07-03 15:25:24,25.319,688.9,"Tank1","Control"
"379",2025-07-03 15:30:24,25.319,667.4,"Tank1","Control"
"380",2025-07-03 15:35:24,25.319,688.9,"Tank1","Control"
"381",2025-07-03 15:40:24,25.319,688.9,"Tank1","Control"
"382",2025-07-03 15:45:24,25.319,656.6,"Tank1","Control"
"383",2025-07-03 15:50:24,25.319,688.9,"Tank1","Control"
"384",2025-07-03 15:55:24,25.513,688.9,"Tank1","Control"
"385",2025-07-03 16:00:24,25.513,667.4,"Tank1","Control"
"386",2025-07-03 16:05:24,25.513,645.8,"Tank1","Control"
"387",2025-07-03 16:10:24,25.416,624.3,"Tank1","Control"
"388",2025-07-03 16:15:24,25.416,624.3,"Tank1","Control"
"389",2025-07-03 16:20:24,25.416,592,"Tank1","Control"
"390",2025-07-03 16:25:24,25.319,559.7,"Tank1","Control"
"391",2025-07-03 16:30:24,25.319,559.7,"Tank1","Control"
"392",2025-07-03 16:35:24,25.319,527.4,"Tank1","Control"
"393",2025-07-03 16:40:24,25.319,549,"Tank1","Control"
"394",2025-07-03 16:45:24,25.319,495.1,"Tank1","Control"
"395",2025-07-03 16:50:24,25.319,516.7,"Tank1","Control"
"396",2025-07-03 16:55:24,25.319,516.7,"Tank1","Control"
"397",2025-07-03 17:00:24,25.319,452.1,"Tank1","Control"
"398",2025-07-03 17:05:24,25.319,452.1,"Tank1","Control"
"399",2025-07-03 17:10:24,25.319,473.6,"Tank1","Control"
"400",2025-07-03 17:15:24,25.319,419.8,"Tank1","Control"
"401",2025-07-03 17:20:24,25.319,409,"Tank1","Control"
"402",2025-07-03 17:25:24,25.319,419.8,"Tank1","Control"
"403",2025-07-03 17:30:24,25.416,409,"Tank1","Control"
"404",2025-07-03 17:35:24,25.416,430.6,"Tank1","Control"
"405",2025-07-03 17:40:24,25.416,301.4,"Tank1","Control"
"406",2025-07-03 17:45:24,25.416,366,"Tank1","Control"
"407",2025-07-03 17:50:24,25.319,269.1,"Tank1","Control"
"408",2025-07-03 17:55:24,25.319,333.7,"Tank1","Control"
"409",2025-07-03 18:00:24,25.319,258.3,"Tank1","Control"
"410",2025-07-03 18:05:24,25.222,333.7,"Tank1","Control"
"411",2025-07-03 18:10:24,25.416,258.3,"Tank1","Control"
"412",2025-07-03 18:15:24,25.416,301.4,"Tank1","Control"
"413",2025-07-03 18:20:24,25.416,279.9,"Tank1","Control"
"414",2025-07-03 18:25:24,25.416,236.8,"Tank1","Control"
"415",2025-07-03 18:30:24,25.319,215.3,"Tank1","Control"
"416",2025-07-03 18:35:24,25.319,183,"Tank1","Control"
"417",2025-07-03 18:40:24,25.319,226,"Tank1","Control"
"418",2025-07-03 18:45:24,25.319,226,"Tank1","Control"
"419",2025-07-03 18:50:24,25.319,129.2,"Tank1","Control"
"420",2025-07-03 18:55:24,25.416,107.6,"Tank1","Control"
"421",2025-07-03 19:00:24,25.416,129.2,"Tank1","Control"
"422",2025-07-03 19:05:24,25.416,150.7,"Tank1","Control"
"423",2025-07-03 19:10:24,25.416,129.2,"Tank1","Control"
"424",2025-07-03 19:15:24,25.416,118.4,"Tank1","Control"
"425",2025-07-03 19:20:24,25.319,21.5,"Tank1","Control"
"426",2025-07-03 19:25:24,25.319,107.6,"Tank1","Control"
"427",2025-07-03 19:30:24,25.319,0,"Tank1","Control"
"428",2025-07-03 19:35:24,25.319,21.5,"Tank1","Control"
"429",2025-07-03 19:40:24,25.222,21.5,"Tank1","Control"
"430",2025-07-03 19:45:24,25.416,32.3,"Tank1","Control"
"431",2025-07-03 19:50:24,25.416,0,"Tank1","Control"
"432",2025-07-03 19:55:24,25.416,0,"Tank1","Control"
"433",2025-07-03 20:00:24,25.416,0,"Tank1","Control"
"434",2025-07-03 20:05:24,25.416,0,"Tank1","Control"
"435",2025-07-03 20:10:24,25.319,0,"Tank1","Control"
"436",2025-07-03 20:15:24,25.319,0,"Tank1","Control"
"437",2025-07-03 20:20:24,25.319,0,"Tank1","Control"
"438",2025-07-03 20:25:24,25.222,0,"Tank1","Control"
"439",2025-07-03 20:30:24,25.222,0,"Tank1","Control"
"440",2025-07-03 20:35:24,25.416,0,"Tank1","Control"
"441",2025-07-03 20:40:24,25.416,0,"Tank1","Control"
"442",2025-07-03 20:45:24,25.416,0,"Tank1","Control"
"443",2025-07-03 20:50:24,25.416,0,"Tank1","Control"
"444",2025-07-03 20:55:24,25.319,0,"Tank1","Control"
"445",2025-07-03 21:00:24,25.319,0,"Tank1","Control"
"446",2025-07-03 21:05:24,25.319,0,"Tank1","Control"
"447",2025-07-03 21:10:24,25.319,0,"Tank1","Control"
"448",2025-07-03 21:15:24,25.319,0,"Tank1","Control"
"449",2025-07-03 21:20:24,25.222,0,"Tank1","Control"
"450",2025-07-03 21:25:24,25.222,0,"Tank1","Control"
"451",2025-07-03 21:30:24,25.416,0,"Tank1","Control"
"452",2025-07-03 21:35:24,25.416,0,"Tank1","Control"
"453",2025-07-03 21:40:24,25.416,0,"Tank1","Control"
"454",2025-07-03 21:45:24,25.416,0,"Tank1","Control"
"455",2025-07-03 21:50:24,25.319,0,"Tank1","Control"
"456",2025-07-03 21:55:24,25.319,0,"Tank1","Control"
"457",2025-07-03 22:00:24,25.319,0,"Tank1","Control"
"458",2025-07-03 22:05:24,25.222,0,"Tank1","Control"
"459",2025-07-03 22:10:24,25.222,0,"Tank1","Control"
"460",2025-07-03 22:15:24,25.416,0,"Tank1","Control"
"461",2025-07-03 22:20:24,25.416,0,"Tank1","Control"
"462",2025-07-03 22:25:24,25.416,0,"Tank1","Control"
"463",2025-07-03 22:30:24,25.416,0,"Tank1","Control"
"464",2025-07-03 22:35:24,25.319,0,"Tank1","Control"
"465",2025-07-03 22:40:24,25.319,0,"Tank1","Control"
"466",2025-07-03 22:45:24,25.319,0,"Tank1","Control"
"467",2025-07-03 22:50:24,25.319,0,"Tank1","Control"
"468",2025-07-03 22:55:24,25.222,0,"Tank1","Control"
"469",2025-07-03 23:00:24,25.319,0,"Tank1","Control"
"470",2025-07-03 23:05:24,25.416,0,"Tank1","Control"
"471",2025-07-03 23:10:24,25.416,0,"Tank1","Control"
"472",2025-07-03 23:15:24,25.416,0,"Tank1","Control"
"473",2025-07-03 23:20:24,25.319,0,"Tank1","Control"
"474",2025-07-03 23:25:24,25.319,0,"Tank1","Control"
"475",2025-07-03 23:30:24,25.319,0,"Tank1","Control"
"476",2025-07-03 23:35:24,25.319,0,"Tank1","Control"
"477",2025-07-03 23:40:24,25.222,0,"Tank1","Control"
"478",2025-07-03 23:45:24,25.319,0,"Tank1","Control"
"479",2025-07-03 23:50:24,25.416,0,"Tank1","Control"
"480",2025-07-03 23:55:24,25.416,0,"Tank1","Control"
"481",2025-07-04 00:00:24,25.416,0,"Tank1","Control"
"482",2025-07-04 00:05:24,25.416,0,"Tank1","Control"
"483",2025-07-04 00:10:24,25.319,0,"Tank1","Control"
"484",2025-07-04 00:15:24,25.319,0,"Tank1","Control"
"485",2025-07-04 00:20:24,25.319,0,"Tank1","Control"
"486",2025-07-04 00:25:24,25.222,0,"Tank1","Control"
"487",2025-07-04 00:30:24,25.319,0,"Tank1","Control"
"488",2025-07-04 00:35:24,25.416,0,"Tank1","Control"
"489",2025-07-04 00:40:24,25.416,0,"Tank1","Control"
"490",2025-07-04 00:45:24,25.416,0,"Tank1","Control"
"491",2025-07-04 00:50:24,25.319,0,"Tank1","Control"
"492",2025-07-04 00:55:24,25.319,0,"Tank1","Control"
"493",2025-07-04 01:00:24,25.319,0,"Tank1","Control"
"494",2025-07-04 01:05:24,25.319,0,"Tank1","Control"
"495",2025-07-04 01:10:24,25.222,0,"Tank1","Control"
"496",2025-07-04 01:15:24,25.319,0,"Tank1","Control"
"497",2025-07-04 01:20:24,25.416,0,"Tank1","Control"
"498",2025-07-04 01:25:24,25.416,0,"Tank1","Control"
"499",2025-07-04 01:30:24,25.319,0,"Tank1","Control"
"500",2025-07-04 01:35:24,25.319,0,"Tank1","Control"
"501",2025-07-04 01:40:24,25.319,0,"Tank1","Control"
"502",2025-07-04 01:45:24,25.319,0,"Tank1","Control"
"503",2025-07-04 01:50:24,25.222,0,"Tank1","Control"
"504",2025-07-04 01:55:24,25.319,0,"Tank1","Control"
"505",2025-07-04 02:00:24,25.416,0,"Tank1","Control"
"506",2025-07-04 02:05:24,25.416,0,"Tank1","Control"
"507",2025-07-04 02:10:24,25.416,0,"Tank1","Control"
"508",2025-07-04 02:15:24,25.319,0,"Tank1","Control"
"509",2025-07-04 02:20:24,25.319,0,"Tank1","Control"
"510",2025-07-04 02:25:24,25.319,0,"Tank1","Control"
"511",2025-07-04 02:30:24,25.319,0,"Tank1","Control"
"512",2025-07-04 02:35:24,25.222,0,"Tank1","Control"
"513",2025-07-04 02:40:24,25.319,0,"Tank1","Control"
"514",2025-07-04 02:45:24,25.416,0,"Tank1","Control"
"515",2025-07-04 02:50:24,25.416,0,"Tank1","Control"
"516",2025-07-04 02:55:24,25.416,0,"Tank1","Control"
"517",2025-07-04 03:00:24,25.319,0,"Tank1","Control"
"518",2025-07-04 03:05:24,25.319,0,"Tank1","Control"
"519",2025-07-04 03:10:24,25.319,0,"Tank1","Control"
"520",2025-07-04 03:15:24,25.222,0,"Tank1","Control"
"521",2025-07-04 03:20:24,25.319,0,"Tank1","Control"
"522",2025-07-04 03:25:24,25.416,0,"Tank1","Control"
"523",2025-07-04 03:30:24,25.416,0,"Tank1","Control"
"524",2025-07-04 03:35:24,25.416,0,"Tank1","Control"
"525",2025-07-04 03:40:24,25.416,0,"Tank1","Control"
"526",2025-07-04 03:45:24,25.319,0,"Tank1","Control"
"527",2025-07-04 03:50:24,25.319,0,"Tank1","Control"
"528",2025-07-04 03:55:24,25.319,0,"Tank1","Control"
"529",2025-07-04 04:00:24,25.222,0,"Tank1","Control"
"530",2025-07-04 04:05:24,25.222,0,"Tank1","Control"
"531",2025-07-04 04:10:24,25.416,0,"Tank1","Control"
"532",2025-07-04 04:15:24,25.416,0,"Tank1","Control"
"533",2025-07-04 04:20:24,25.416,0,"Tank1","Control"
"534",2025-07-04 04:25:24,25.416,0,"Tank1","Control"
"535",2025-07-04 04:30:24,25.319,0,"Tank1","Control"
"536",2025-07-04 04:35:24,25.319,0,"Tank1","Control"
"537",2025-07-04 04:40:24,25.319,0,"Tank1","Control"
"538",2025-07-04 04:45:24,25.319,0,"Tank1","Control"
"539",2025-07-04 04:50:24,25.222,0,"Tank1","Control"
"540",2025-07-04 04:55:24,25.222,0,"Tank1","Control"
"541",2025-07-04 05:00:24,25.319,0,"Tank1","Control"
"542",2025-07-04 05:05:24,25.416,0,"Tank1","Control"
"543",2025-07-04 05:10:24,25.416,0,"Tank1","Control"
"544",2025-07-04 05:15:24,25.416,0,"Tank1","Control"
"545",2025-07-04 05:20:24,25.416,0,"Tank1","Control"
"546",2025-07-04 05:25:24,25.319,0,"Tank1","Control"
"547",2025-07-04 05:30:24,25.319,0,"Tank1","Control"
"548",2025-07-04 05:35:24,25.319,0,"Tank1","Control"
"549",2025-07-04 05:40:24,25.319,0,"Tank1","Control"
"550",2025-07-04 05:45:24,25.319,0,"Tank1","Control"
"551",2025-07-04 05:50:24,25.319,0,"Tank1","Control"
"552",2025-07-04 05:55:24,25.319,0,"Tank1","Control"
"553",2025-07-04 06:00:24,25.222,0,"Tank1","Control"
"554",2025-07-04 06:05:24,25.222,0,"Tank1","Control"
"555",2025-07-04 06:10:24,25.222,0,"Tank1","Control"
"556",2025-07-04 06:15:24,25.416,0,"Tank1","Control"
"557",2025-07-04 06:20:24,25.416,0,"Tank1","Control"
"558",2025-07-04 06:25:24,25.416,0,"Tank1","Control"
"559",2025-07-04 06:30:24,25.416,0,"Tank1","Control"
"560",2025-07-04 06:35:24,25.416,0,"Tank1","Control"
"561",2025-07-04 06:40:24,25.319,0,"Tank1","Control"
"562",2025-07-04 06:45:24,25.319,0,"Tank1","Control"
"563",2025-07-04 06:50:24,25.319,0,"Tank1","Control"
"564",2025-07-04 06:55:24,25.319,0,"Tank1","Control"
"565",2025-07-04 07:00:24,25.319,0,"Tank1","Control"
"566",2025-07-04 07:05:24,25.319,0,"Tank1","Control"
"567",2025-07-04 07:10:24,25.319,0,"Tank1","Control"
"568",2025-07-04 07:15:24,25.319,0,"Tank1","Control"
"569",2025-07-04 07:20:24,25.222,0,"Tank1","Control"
"570",2025-07-04 07:25:24,25.222,0,"Tank1","Control"
"571",2025-07-04 07:30:24,25.222,0,"Tank1","Control"
"572",2025-07-04 07:35:24,25.416,0,"Tank1","Control"
"573",2025-07-04 07:40:24,25.416,0,"Tank1","Control"
"574",2025-07-04 07:45:24,25.416,0,"Tank1","Control"
"575",2025-07-04 07:50:24,25.416,0,"Tank1","Control"
"576",2025-07-04 07:55:24,25.319,0,"Tank1","Control"
"577",2025-07-04 08:00:24,25.319,0,"Tank1","Control"
"578",2025-07-04 08:05:24,25.319,0,"Tank1","Control"
"579",2025-07-04 08:10:24,25.319,0,"Tank1","Control"
"580",2025-07-04 08:15:24,25.319,0,"Tank1","Control"
"581",2025-07-04 08:20:24,25.319,32.3,"Tank1","Control"
"582",2025-07-04 08:25:24,25.222,10.8,"Tank1","Control"
"583",2025-07-04 08:30:24,25.222,43.1,"Tank1","Control"
"584",2025-07-04 08:35:24,25.319,10.8,"Tank1","Control"
"585",2025-07-04 08:40:24,25.416,21.5,"Tank1","Control"
"586",2025-07-04 08:45:24,25.416,118.4,"Tank1","Control"
"587",2025-07-04 08:50:24,25.416,96.9,"Tank1","Control"
"588",2025-07-04 08:55:24,25.319,96.9,"Tank1","Control"
"589",2025-07-04 09:00:24,25.319,204.5,"Tank1","Control"
"590",2025-07-04 09:05:24,25.319,86.1,"Tank1","Control"
"591",2025-07-04 09:10:24,25.319,172.2,"Tank1","Control"
"592",2025-07-04 09:15:24,25.319,193.8,"Tank1","Control"
"593",2025-07-04 09:20:24,25.319,215.3,"Tank1","Control"
"594",2025-07-04 09:25:24,25.319,226,"Tank1","Control"
"595",2025-07-04 09:30:24,25.222,226,"Tank1","Control"
"596",2025-07-04 09:35:24,25.319,183,"Tank1","Control"
"597",2025-07-04 09:40:24,25.416,183,"Tank1","Control"
"598",2025-07-04 09:45:24,25.416,236.8,"Tank1","Control"
"599",2025-07-04 09:50:24,25.416,258.3,"Tank1","Control"
"600",2025-07-04 09:55:24,25.416,258.3,"Tank1","Control"
"601",2025-07-04 10:00:24,25.319,279.9,"Tank1","Control"
"602",2025-07-04 10:05:24,25.319,279.9,"Tank1","Control"
"603",2025-07-04 10:10:24,25.319,344.4,"Tank1","Control"
"604",2025-07-04 10:15:24,25.319,322.9,"Tank1","Control"
"605",2025-07-04 10:20:24,25.319,387.5,"Tank1","Control"
"606",2025-07-04 10:25:24,25.319,312.2,"Tank1","Control"
"607",2025-07-04 10:30:24,25.319,419.8,"Tank1","Control"
"608",2025-07-04 10:35:24,25.319,387.5,"Tank1","Control"
"609",2025-07-04 10:40:24,25.319,387.5,"Tank1","Control"
"610",2025-07-04 10:45:24,25.319,419.8,"Tank1","Control"
"611",2025-07-04 10:50:24,25.319,441.3,"Tank1","Control"
"612",2025-07-04 10:55:24,25.319,484.4,"Tank1","Control"
"613",2025-07-04 11:00:24,25.319,462.9,"Tank1","Control"
"614",2025-07-04 11:05:24,25.319,505.9,"Tank1","Control"
"615",2025-07-04 11:10:24,25.319,505.9,"Tank1","Control"
"616",2025-07-04 11:15:24,25.319,505.9,"Tank1","Control"
"617",2025-07-04 11:20:24,25.319,505.9,"Tank1","Control"
"618",2025-07-04 11:25:24,25.319,527.4,"Tank1","Control"
"619",2025-07-04 11:30:24,25.416,538.2,"Tank1","Control"
"620",2025-07-04 11:40:24,25.513,570.5,"Tank1","Control"
"621",2025-07-04 11:45:24,25.416,613.5,"Tank1","Control"
"622",2025-07-04 11:50:24,25.416,602.8,"Tank1","Control"
"623",2025-07-04 11:55:24,25.416,667.4,"Tank1","Control"
"624",2025-07-04 12:00:24,25.319,656.6,"Tank1","Control"
"625",2025-07-04 12:05:24,25.319,667.4,"Tank1","Control"
"626",2025-07-04 12:10:24,25.319,688.9,"Tank1","Control"
"627",2025-07-04 12:15:24,25.319,699.7,"Tank1","Control"
"628",2025-07-04 12:20:24,25.319,645.8,"Tank1","Control"
"629",2025-07-04 12:25:24,25.319,645.8,"Tank1","Control"
"630",2025-07-04 12:30:24,25.319,656.6,"Tank1","Control"
"631",2025-07-04 12:35:24,25.319,678.1,"Tank1","Control"
"632",2025-07-04 12:40:24,25.319,645.8,"Tank1","Control"
"633",2025-07-04 12:45:24,25.319,699.7,"Tank1","Control"
"634",2025-07-04 12:50:24,25.319,624.3,"Tank1","Control"
"635",2025-07-04 12:55:24,25.416,688.9,"Tank1","Control"
"636",2025-07-04 13:00:24,25.416,656.6,"Tank1","Control"
"637",2025-07-04 13:05:24,25.416,645.8,"Tank1","Control"
"638",2025-07-04 13:10:24,25.416,635.1,"Tank1","Control"
"639",2025-07-04 13:15:24,25.319,678.1,"Tank1","Control"
"640",2025-07-04 13:20:24,25.319,667.4,"Tank1","Control"
"641",2025-07-04 13:25:24,25.319,645.8,"Tank1","Control"
"642",2025-07-04 13:30:24,25.319,688.9,"Tank1","Control"
"643",2025-07-04 13:35:24,25.319,656.6,"Tank1","Control"
"644",2025-07-04 13:40:24,25.319,645.8,"Tank1","Control"
"645",2025-07-04 13:45:24,25.319,667.4,"Tank1","Control"
"646",2025-07-04 13:50:24,25.416,667.4,"Tank1","Control"
"647",2025-07-04 13:55:24,25.319,667.4,"Tank1","Control"
"648",2025-07-04 14:00:24,25.319,678.1,"Tank1","Control"
"649",2025-07-04 14:05:24,25.319,656.6,"Tank1","Control"
"650",2025-07-04 14:10:24,25.319,624.3,"Tank1","Control"
"651",2025-07-04 14:15:24,25.319,635.1,"Tank1","Control"
"652",2025-07-04 14:20:24,25.319,656.6,"Tank1","Control"
"653",2025-07-04 14:25:24,25.319,667.4,"Tank1","Control"
"654",2025-07-04 14:30:24,25.416,656.6,"Tank1","Control"
"655",2025-07-04 14:35:24,25.416,656.6,"Tank1","Control"
"656",2025-07-04 14:40:24,25.416,635.1,"Tank1","Control"
"657",2025-07-04 14:45:24,25.319,678.1,"Tank1","Control"
"658",2025-07-04 14:50:24,25.319,678.1,"Tank1","Control"
"659",2025-07-04 14:55:24,25.319,688.9,"Tank1","Control"
"660",2025-07-04 15:00:24,25.319,624.3,"Tank1","Control"
"661",2025-07-04 15:05:24,25.319,678.1,"Tank1","Control"
"662",2025-07-04 15:10:24,25.319,688.9,"Tank1","Control"
"663",2025-07-04 15:15:24,25.319,645.8,"Tank1","Control"
"664",2025-07-04 15:20:24,25.319,678.1,"Tank1","Control"
"665",2025-07-04 15:25:24,25.319,667.4,"Tank1","Control"
"666",2025-07-04 15:30:24,25.319,688.9,"Tank1","Control"
"667",2025-07-04 15:35:24,25.319,635.1,"Tank1","Control"
"668",2025-07-04 15:40:24,25.319,645.8,"Tank1","Control"
"669",2025-07-04 15:45:24,25.319,645.8,"Tank1","Control"
"670",2025-07-04 15:50:24,25.319,656.6,"Tank1","Control"
"671",2025-07-04 15:55:24,25.319,656.6,"Tank1","Control"
"672",2025-07-04 16:00:24,25.416,678.1,"Tank1","Control"
"673",2025-07-04 16:05:24,25.416,667.4,"Tank1","Control"
"674",2025-07-04 16:10:24,25.416,645.8,"Tank1","Control"
"675",2025-07-04 16:15:24,25.319,624.3,"Tank1","Control"
"676",2025-07-04 16:20:24,25.319,592,"Tank1","Control"
"677",2025-07-04 16:25:24,25.319,570.5,"Tank1","Control"
"678",2025-07-04 16:30:24,25.319,592,"Tank1","Control"
"679",2025-07-04 16:35:24,25.319,570.5,"Tank1","Control"
"680",2025-07-04 16:40:24,25.319,527.4,"Tank1","Control"
"681",2025-07-04 16:45:24,25.319,538.2,"Tank1","Control"
"682",2025-07-04 16:50:24,25.319,516.7,"Tank1","Control"
"683",2025-07-04 16:55:24,25.319,484.4,"Tank1","Control"
"684",2025-07-04 17:00:24,25.319,441.3,"Tank1","Control"
"685",2025-07-04 17:05:24,25.319,441.3,"Tank1","Control"
"686",2025-07-04 17:10:24,25.319,462.9,"Tank1","Control"
"687",2025-07-04 17:15:24,25.319,419.8,"Tank1","Control"
"688",2025-07-04 17:20:24,25.319,452.1,"Tank1","Control"
"689",2025-07-04 17:25:24,25.319,409,"Tank1","Control"
"690",2025-07-04 17:30:24,25.319,366,"Tank1","Control"
"691",2025-07-04 17:35:24,25.319,462.9,"Tank1","Control"
"692",2025-07-04 17:40:24,24.738,301.4,"Tank1","Control"
"693",2025-07-04 17:45:24,25.319,279.9,"Tank1","Control"
"694",2025-07-04 17:50:24,25.708,258.3,"Tank1","Control"
"695",2025-07-04 17:55:24,25.708,322.9,"Tank1","Control"
"696",2025-07-04 18:00:24,25.513,322.9,"Tank1","Control"
"697",2025-07-04 18:05:24,25.319,269.1,"Tank1","Control"
"698",2025-07-04 18:10:24,25.319,236.8,"Tank1","Control"
"699",2025-07-04 18:15:24,25.319,258.3,"Tank1","Control"
"700",2025-07-04 18:20:24,25.319,226,"Tank1","Control"
"701",2025-07-04 18:25:24,25.319,204.5,"Tank1","Control"
"702",2025-07-04 18:30:24,25.319,150.7,"Tank1","Control"
"703",2025-07-04 18:35:24,25.319,161.5,"Tank1","Control"
"704",2025-07-04 18:40:24,25.319,193.8,"Tank1","Control"
"705",2025-07-04 18:45:24,25.319,139.9,"Tank1","Control"
"706",2025-07-04 18:50:24,25.416,161.5,"Tank1","Control"
"707",2025-07-04 18:55:24,25.416,118.4,"Tank1","Control"
"708",2025-07-04 19:00:24,25.416,86.1,"Tank1","Control"
"709",2025-07-04 19:05:24,25.319,86.1,"Tank1","Control"
"710",2025-07-04 19:10:24,25.319,32.3,"Tank1","Control"
"711",2025-07-04 19:15:24,25.319,32.3,"Tank1","Control"
"712",2025-07-04 19:20:24,25.319,64.6,"Tank1","Control"
"713",2025-07-04 19:25:24,25.222,139.9,"Tank1","Control"
"714",2025-07-04 19:30:24,25.222,21.5,"Tank1","Control"
"715",2025-07-04 19:35:24,25.319,10.8,"Tank1","Control"
"716",2025-07-04 19:40:24,25.416,10.8,"Tank1","Control"
"717",2025-07-04 19:45:24,25.416,43.1,"Tank1","Control"
"718",2025-07-04 19:50:24,25.319,10.8,"Tank1","Control"
"719",2025-07-04 19:55:24,25.319,0,"Tank1","Control"
"720",2025-07-04 20:00:24,25.319,0,"Tank1","Control"
"721",2025-07-04 20:05:24,25.222,0,"Tank1","Control"
"722",2025-07-04 20:10:24,25.222,0,"Tank1","Control"
"723",2025-07-04 20:15:24,25.319,0,"Tank1","Control"
"724",2025-07-04 20:20:24,25.416,0,"Tank1","Control"
"725",2025-07-04 20:25:24,25.416,0,"Tank1","Control"
"726",2025-07-04 20:30:24,25.416,0,"Tank1","Control"
"727",2025-07-04 20:35:24,25.416,0,"Tank1","Control"
"728",2025-07-04 20:40:24,25.319,0,"Tank1","Control"
"729",2025-07-04 20:45:24,25.319,0,"Tank1","Control"
"730",2025-07-04 20:50:24,25.319,0,"Tank1","Control"
"731",2025-07-04 20:55:24,25.222,0,"Tank1","Control"
"732",2025-07-04 21:00:24,25.222,0,"Tank1","Control"
"733",2025-07-04 21:05:24,25.222,0,"Tank1","Control"
"734",2025-07-04 21:10:24,25.416,0,"Tank1","Control"
"735",2025-07-04 21:15:24,25.416,0,"Tank1","Control"
"736",2025-07-04 21:20:24,25.416,0,"Tank1","Control"
"737",2025-07-04 21:25:24,25.416,0,"Tank1","Control"
"738",2025-07-04 21:30:24,25.319,0,"Tank1","Control"
"739",2025-07-04 21:35:24,25.319,0,"Tank1","Control"
"740",2025-07-04 21:40:24,25.319,0,"Tank1","Control"
"741",2025-07-04 21:45:24,25.319,0,"Tank1","Control"
"742",2025-07-04 21:50:24,25.319,0,"Tank1","Control"
"743",2025-07-04 21:55:24,25.222,0,"Tank1","Control"
"744",2025-07-04 22:00:24,25.319,0,"Tank1","Control"
"745",2025-07-04 22:05:24,25.416,0,"Tank1","Control"
"746",2025-07-04 22:10:24,25.416,0,"Tank1","Control"
"747",2025-07-04 22:15:24,25.416,0,"Tank1","Control"
"748",2025-07-04 22:20:24,25.319,0,"Tank1","Control"
"749",2025-07-04 22:25:24,25.319,0,"Tank1","Control"
"750",2025-07-04 22:30:24,25.319,0,"Tank1","Control"
"751",2025-07-04 22:35:24,25.319,0,"Tank1","Control"
"752",2025-07-04 22:40:24,25.222,0,"Tank1","Control"
"753",2025-07-04 22:45:24,25.222,0,"Tank1","Control"
"754",2025-07-04 22:50:24,25.319,0,"Tank1","Control"
"755",2025-07-04 22:55:24,25.416,0,"Tank1","Control"
"756",2025-07-04 23:00:24,25.416,0,"Tank1","Control"
"757",2025-07-04 23:05:24,25.416,0,"Tank1","Control"
"758",2025-07-04 23:10:24,25.319,0,"Tank1","Control"
"759",2025-07-04 23:15:24,25.319,0,"Tank1","Control"
"760",2025-07-04 23:20:24,25.319,0,"Tank1","Control"
"761",2025-07-04 23:25:24,25.319,0,"Tank1","Control"
"762",2025-07-04 23:30:24,25.222,0,"Tank1","Control"
"763",2025-07-04 23:35:24,25.222,0,"Tank1","Control"
"764",2025-07-04 23:40:24,25.319,0,"Tank1","Control"
"765",2025-07-04 23:45:24,25.416,0,"Tank1","Control"
"766",2025-07-04 23:50:24,25.416,0,"Tank1","Control"
"767",2025-07-04 23:55:24,25.416,0,"Tank1","Control"
"768",2025-07-05 00:00:24,25.319,0,"Tank1","Control"
"769",2025-07-05 00:05:24,25.319,0,"Tank1","Control"
"770",2025-07-05 00:10:24,25.319,0,"Tank1","Control"
"771",2025-07-05 00:15:24,25.319,0,"Tank1","Control"
"772",2025-07-05 00:20:24,25.222,0,"Tank1","Control"
"773",2025-07-05 00:25:24,25.222,0,"Tank1","Control"
"774",2025-07-05 00:30:24,25.222,0,"Tank1","Control"
"775",2025-07-05 00:35:24,25.319,0,"Tank1","Control"
"776",2025-07-05 00:40:24,25.416,0,"Tank1","Control"
"777",2025-07-05 00:45:24,25.416,0,"Tank1","Control"
"778",2025-07-05 00:50:24,25.416,0,"Tank1","Control"
"779",2025-07-05 00:55:24,25.319,0,"Tank1","Control"
"780",2025-07-05 01:00:24,25.319,0,"Tank1","Control"
"781",2025-07-05 01:05:24,25.319,0,"Tank1","Control"
"782",2025-07-05 01:10:24,25.319,0,"Tank1","Control"
"783",2025-07-05 01:15:24,25.319,0,"Tank1","Control"
"784",2025-07-05 01:20:24,25.222,0,"Tank1","Control"
"785",2025-07-05 01:25:24,25.222,0,"Tank1","Control"
"786",2025-07-05 01:30:24,25.319,0,"Tank1","Control"
"787",2025-07-05 01:35:24,25.416,0,"Tank1","Control"
"788",2025-07-05 01:40:24,25.416,0,"Tank1","Control"
"789",2025-07-05 01:45:24,25.416,0,"Tank1","Control"
"790",2025-07-05 01:50:24,25.319,0,"Tank1","Control"
"791",2025-07-05 01:55:24,25.319,0,"Tank1","Control"
"792",2025-07-05 02:00:24,25.319,0,"Tank1","Control"
"793",2025-07-05 02:05:24,25.319,0,"Tank1","Control"
"794",2025-07-05 02:10:24,25.319,0,"Tank1","Control"
"795",2025-07-05 02:15:24,25.222,0,"Tank1","Control"
"796",2025-07-05 02:20:24,25.222,0,"Tank1","Control"
"797",2025-07-05 02:25:24,25.319,0,"Tank1","Control"
"798",2025-07-05 02:30:24,25.319,0,"Tank1","Control"
"799",2025-07-05 02:35:24,25.319,0,"Tank1","Control"
"800",2025-07-05 02:40:24,25.319,0,"Tank1","Control"
"801",2025-07-05 02:45:24,25.222,0,"Tank1","Control"
"802",2025-07-05 02:50:24,25.222,0,"Tank1","Control"
"803",2025-07-05 02:55:24,25.222,0,"Tank1","Control"
"804",2025-07-05 03:00:24,25.319,0,"Tank1","Control"
"805",2025-07-05 03:05:24,25.319,0,"Tank1","Control"
"806",2025-07-05 03:10:24,25.319,0,"Tank1","Control"
"807",2025-07-05 03:15:24,25.222,0,"Tank1","Control"
"808",2025-07-05 03:20:24,25.222,0,"Tank1","Control"
"809",2025-07-05 03:25:24,25.222,0,"Tank1","Control"
"810",2025-07-05 03:30:24,25.222,0,"Tank1","Control"
"811",2025-07-05 03:35:24,25.319,0,"Tank1","Control"
"812",2025-07-05 03:40:24,25.319,0,"Tank1","Control"
"813",2025-07-05 03:45:24,25.319,0,"Tank1","Control"
"814",2025-07-05 03:50:24,25.319,0,"Tank1","Control"
"815",2025-07-05 03:55:24,25.319,0,"Tank1","Control"
"816",2025-07-05 04:00:24,25.319,0,"Tank1","Control"
"817",2025-07-05 04:05:24,25.319,0,"Tank1","Control"
"818",2025-07-05 04:10:24,25.222,0,"Tank1","Control"
"819",2025-07-05 04:15:24,25.222,0,"Tank1","Control"
"820",2025-07-05 04:20:24,25.222,0,"Tank1","Control"
"821",2025-07-05 04:25:24,25.222,0,"Tank1","Control"
"822",2025-07-05 04:30:24,25.222,0,"Tank1","Control"
"823",2025-07-05 04:35:24,25.319,0,"Tank1","Control"
"824",2025-07-05 04:40:24,25.416,0,"Tank1","Control"
"825",2025-07-05 04:45:24,25.319,0,"Tank1","Control"
"826",2025-07-05 04:50:24,25.319,0,"Tank1","Control"
"827",2025-07-05 04:55:24,25.319,0,"Tank1","Control"
"828",2025-07-05 05:00:24,25.319,0,"Tank1","Control"
"829",2025-07-05 05:05:24,25.319,0,"Tank1","Control"
"830",2025-07-05 05:10:24,25.319,0,"Tank1","Control"
"831",2025-07-05 05:15:24,25.222,0,"Tank1","Control"
"832",2025-07-05 05:20:24,25.319,0,"Tank1","Control"
"833",2025-07-05 05:25:24,25.416,0,"Tank1","Control"
"834",2025-07-05 05:30:24,25.416,0,"Tank1","Control"
"835",2025-07-05 05:35:24,25.416,0,"Tank1","Control"
"836",2025-07-05 05:40:24,25.416,0,"Tank1","Control"
"837",2025-07-05 05:45:24,25.319,0,"Tank1","Control"
"838",2025-07-05 05:50:24,25.319,0,"Tank1","Control"
"839",2025-07-05 05:55:24,25.319,0,"Tank1","Control"
"840",2025-07-05 06:00:24,25.319,0,"Tank1","Control"
"841",2025-07-05 06:05:24,25.319,0,"Tank1","Control"
"842",2025-07-05 06:10:24,25.222,0,"Tank1","Control"
"843",2025-07-05 06:15:24,25.222,0,"Tank1","Control"
"844",2025-07-05 06:20:24,25.319,0,"Tank1","Control"
"845",2025-07-05 06:25:24,25.416,0,"Tank1","Control"
"846",2025-07-05 06:30:24,25.416,0,"Tank1","Control"
"847",2025-07-05 06:35:24,25.319,0,"Tank1","Control"
"848",2025-07-05 06:40:24,25.319,0,"Tank1","Control"
"849",2025-07-05 06:45:24,25.319,0,"Tank1","Control"
"850",2025-07-05 06:50:24,25.319,0,"Tank1","Control"
"851",2025-07-05 06:55:24,25.222,0,"Tank1","Control"
"852",2025-07-05 07:00:24,25.222,0,"Tank1","Control"
"853",2025-07-05 07:05:24,25.222,0,"Tank1","Control"
"854",2025-07-05 07:10:24,25.319,0,"Tank1","Control"
"855",2025-07-05 07:15:24,25.319,0,"Tank1","Control"
"856",2025-07-05 07:20:24,25.319,0,"Tank1","Control"
"857",2025-07-05 07:25:24,25.319,0,"Tank1","Control"
"858",2025-07-05 07:30:24,25.319,0,"Tank1","Control"
"859",2025-07-05 07:35:24,25.319,0,"Tank1","Control"
"860",2025-07-05 07:40:24,25.222,0,"Tank1","Control"
"861",2025-07-05 07:45:24,25.222,0,"Tank1","Control"
"862",2025-07-05 07:50:24,25.319,0,"Tank1","Control"
"863",2025-07-05 07:55:24,25.319,0,"Tank1","Control"
"864",2025-07-05 08:00:24,25.319,0,"Tank1","Control"
"865",2025-07-05 08:05:24,25.319,0,"Tank1","Control"
"866",2025-07-05 08:10:24,25.319,0,"Tank1","Control"
"867",2025-07-05 08:15:24,25.222,0,"Tank1","Control"
"868",2025-07-05 08:20:24,25.222,0,"Tank1","Control"
"869",2025-07-05 08:25:24,25.222,0,"Tank1","Control"
"870",2025-07-05 08:30:24,25.222,0,"Tank1","Control"
"871",2025-07-05 08:35:24,25.222,0,"Tank1","Control"
"872",2025-07-05 08:40:24,25.222,0,"Tank1","Control"
"873",2025-07-05 08:45:24,25.319,0,"Tank1","Control"
"874",2025-07-05 08:50:24,25.416,0,"Tank1","Control"
"875",2025-07-05 08:55:24,25.416,0,"Tank1","Control"
"876",2025-07-05 09:00:24,25.319,0,"Tank1","Control"
"877",2025-07-05 09:05:24,25.319,0,"Tank1","Control"
"878",2025-07-05 09:10:24,25.319,129.2,"Tank1","Control"
"879",2025-07-05 09:15:24,25.319,172.2,"Tank1","Control"
"880",2025-07-05 09:20:24,25.319,139.9,"Tank1","Control"
"881",2025-07-05 09:25:24,25.319,215.3,"Tank1","Control"
"882",2025-07-05 09:30:24,25.222,161.5,"Tank1","Control"
"883",2025-07-05 09:35:24,25.222,150.7,"Tank1","Control"
"884",2025-07-05 09:40:24,25.416,204.5,"Tank1","Control"
"885",2025-07-05 09:45:24,25.416,247.6,"Tank1","Control"
"886",2025-07-05 09:50:24,25.416,215.3,"Tank1","Control"
"887",2025-07-05 09:55:24,25.416,215.3,"Tank1","Control"
"888",2025-07-05 10:00:24,25.416,247.6,"Tank1","Control"
"889",2025-07-05 10:05:24,25.319,312.2,"Tank1","Control"
"890",2025-07-05 10:10:24,25.319,247.6,"Tank1","Control"
"891",2025-07-05 10:15:24,25.319,355.2,"Tank1","Control"
"892",2025-07-05 10:20:24,25.319,344.4,"Tank1","Control"
"893",2025-07-05 10:25:24,25.319,344.4,"Tank1","Control"
"894",2025-07-05 10:30:24,25.319,355.2,"Tank1","Control"
"895",2025-07-05 10:35:24,25.319,344.4,"Tank1","Control"
"896",2025-07-05 10:40:24,25.319,312.2,"Tank1","Control"
"897",2025-07-05 10:45:24,25.319,376.7,"Tank1","Control"
"898",2025-07-05 10:50:24,25.319,398.3,"Tank1","Control"
"899",2025-07-05 10:55:24,25.319,366,"Tank1","Control"
"900",2025-07-05 11:00:24,25.319,419.8,"Tank1","Control"
"901",2025-07-05 11:05:24,25.416,430.6,"Tank1","Control"
"902",2025-07-05 11:10:24,25.416,430.6,"Tank1","Control"
"903",2025-07-05 11:15:24,25.416,452.1,"Tank1","Control"
"904",2025-07-05 11:20:24,25.416,462.9,"Tank1","Control"
"905",2025-07-05 11:25:24,25.319,484.4,"Tank1","Control"
"906",2025-07-05 11:30:24,25.319,495.1,"Tank1","Control"
"907",2025-07-05 11:35:24,25.319,516.7,"Tank1","Control"
"908",2025-07-05 11:40:24,25.513,559.7,"Tank1","Control"
"909",2025-07-05 11:45:24,25.513,559.7,"Tank1","Control"
"910",2025-07-05 11:50:24,25.513,559.7,"Tank1","Control"
"911",2025-07-05 11:55:24,25.513,559.7,"Tank1","Control"
"912",2025-07-05 12:00:24,25.416,581.3,"Tank1","Control"
"913",2025-07-05 12:05:24,25.416,613.5,"Tank1","Control"
"914",2025-07-05 12:10:24,25.416,570.5,"Tank1","Control"
"915",2025-07-05 12:15:24,25.416,602.8,"Tank1","Control"
"916",2025-07-05 12:20:24,25.416,613.5,"Tank1","Control"
"917",2025-07-05 12:25:24,25.416,613.5,"Tank1","Control"
"918",2025-07-05 12:30:24,25.416,592,"Tank1","Control"
"919",2025-07-05 12:35:24,25.319,592,"Tank1","Control"
"920",2025-07-05 12:40:24,25.319,602.8,"Tank1","Control"
"921",2025-07-05 12:45:24,25.319,570.5,"Tank1","Control"
"922",2025-07-05 12:50:24,25.319,570.5,"Tank1","Control"
"923",2025-07-05 12:55:24,25.319,635.1,"Tank1","Control"
"924",2025-07-05 13:00:24,25.416,602.8,"Tank1","Control"
"925",2025-07-05 13:05:24,25.319,624.3,"Tank1","Control"
"926",2025-07-05 13:10:24,25.319,581.3,"Tank1","Control"
"927",2025-07-05 13:15:24,25.319,613.5,"Tank1","Control"
"928",2025-07-05 13:20:24,25.319,602.8,"Tank1","Control"
"929",2025-07-05 13:25:24,25.416,613.5,"Tank1","Control"
"930",2025-07-05 13:30:24,25.416,570.5,"Tank1","Control"
"931",2025-07-05 13:35:24,25.319,602.8,"Tank1","Control"
"932",2025-07-05 13:40:24,25.319,602.8,"Tank1","Control"
"933",2025-07-05 13:45:24,25.319,592,"Tank1","Control"
"934",2025-07-05 13:50:24,25.416,602.8,"Tank1","Control"
"935",2025-07-05 13:55:24,25.513,592,"Tank1","Control"
"936",2025-07-05 14:00:24,25.513,592,"Tank1","Control"
"937",2025-07-05 14:05:24,25.513,624.3,"Tank1","Control"
"938",2025-07-05 14:10:24,25.416,602.8,"Tank1","Control"
"939",2025-07-05 14:15:24,25.416,602.8,"Tank1","Control"
"940",2025-07-05 14:20:24,25.416,624.3,"Tank1","Control"
"941",2025-07-05 14:25:24,25.416,613.5,"Tank1","Control"
"942",2025-07-05 14:30:24,25.416,581.3,"Tank1","Control"
"943",2025-07-05 14:35:24,25.319,613.5,"Tank1","Control"
"944",2025-07-05 14:40:24,25.319,581.3,"Tank1","Control"
"945",2025-07-05 14:45:24,25.319,613.5,"Tank1","Control"
"946",2025-07-05 14:50:24,25.319,581.3,"Tank1","Control"
"947",2025-07-05 14:55:24,25.319,581.3,"Tank1","Control"
"948",2025-07-05 15:00:24,25.319,581.3,"Tank1","Control"
"949",2025-07-05 15:05:24,25.319,613.5,"Tank1","Control"
"950",2025-07-05 15:10:24,25.319,581.3,"Tank1","Control"
"951",2025-07-05 15:15:24,25.319,581.3,"Tank1","Control"
"952",2025-07-05 15:20:24,25.416,592,"Tank1","Control"
"953",2025-07-05 15:25:24,25.416,581.3,"Tank1","Control"
"954",2025-07-05 15:30:24,25.319,581.3,"Tank1","Control"
"955",2025-07-05 15:35:24,25.319,613.5,"Tank1","Control"
"956",2025-07-05 15:40:24,25.319,570.5,"Tank1","Control"
"957",2025-07-05 15:45:24,25.416,613.5,"Tank1","Control"
"958",2025-07-05 15:50:24,25.416,613.5,"Tank1","Control"
"959",2025-07-05 15:55:24,25.416,613.5,"Tank1","Control"
"960",2025-07-05 16:00:24,25.319,602.8,"Tank1","Control"
"961",2025-07-05 16:05:24,25.319,570.5,"Tank1","Control"
"962",2025-07-05 16:10:24,25.319,549,"Tank1","Control"
"963",2025-07-05 16:15:24,25.319,538.2,"Tank1","Control"
"964",2025-07-05 16:20:24,25.416,527.4,"Tank1","Control"
"965",2025-07-05 16:25:24,25.416,549,"Tank1","Control"
"966",2025-07-05 16:30:24,25.319,505.9,"Tank1","Control"
"967",2025-07-05 16:35:24,25.319,505.9,"Tank1","Control"
"968",2025-07-05 16:40:24,25.319,484.4,"Tank1","Control"
"969",2025-07-05 16:45:24,25.319,462.9,"Tank1","Control"
"970",2025-07-05 16:50:24,25.416,452.1,"Tank1","Control"
"971",2025-07-05 16:55:24,25.416,473.6,"Tank1","Control"
"972",2025-07-05 17:00:24,25.416,430.6,"Tank1","Control"
"973",2025-07-05 17:05:24,25.416,376.7,"Tank1","Control"
"974",2025-07-05 17:10:24,25.416,366,"Tank1","Control"
"975",2025-07-05 17:15:24,25.416,355.2,"Tank1","Control"
"976",2025-07-05 17:20:24,25.319,376.7,"Tank1","Control"
"977",2025-07-05 17:25:24,25.319,366,"Tank1","Control"
"978",2025-07-05 17:30:24,25.319,366,"Tank1","Control"
"979",2025-07-05 17:35:24,25.416,366,"Tank1","Control"
"980",2025-07-05 17:40:24,25.513,322.9,"Tank1","Control"
"981",2025-07-05 17:45:24,25.513,322.9,"Tank1","Control"
"982",2025-07-05 17:50:24,25.416,236.8,"Tank1","Control"
"983",2025-07-05 17:55:24,25.416,279.9,"Tank1","Control"
"984",2025-07-05 18:00:24,25.416,226,"Tank1","Control"
"985",2025-07-05 18:05:24,25.416,269.1,"Tank1","Control"
"986",2025-07-05 18:10:24,25.416,269.1,"Tank1","Control"
"987",2025-07-05 18:15:24,25.319,236.8,"Tank1","Control"
"988",2025-07-05 18:20:24,25.319,236.8,"Tank1","Control"
"989",2025-07-05 18:25:24,25.319,172.2,"Tank1","Control"
"990",2025-07-05 18:30:24,25.319,161.5,"Tank1","Control"
"991",2025-07-05 18:35:24,25.319,193.8,"Tank1","Control"
"992",2025-07-05 18:40:24,25.319,150.7,"Tank1","Control"
"993",2025-07-05 18:45:24,25.319,193.8,"Tank1","Control"
"994",2025-07-05 18:50:24,25.319,129.2,"Tank1","Control"
"995",2025-07-05 18:55:24,25.513,75.3,"Tank1","Control"
"996",2025-07-05 19:00:24,25.513,86.1,"Tank1","Control"
"997",2025-07-05 19:05:24,25.416,10.8,"Tank1","Control"
"998",2025-07-05 19:10:24,25.416,32.3,"Tank1","Control"
"999",2025-07-05 19:15:24,25.416,53.8,"Tank1","Control"
"1000",2025-07-05 19:20:24,25.416,53.8,"Tank1","Control"
"1001",2025-07-05 19:25:24,25.416,21.5,"Tank1","Control"
"1002",2025-07-05 19:30:24,25.319,10.8,"Tank1","Control"
"1003",2025-07-05 19:35:24,25.319,64.6,"Tank1","Control"
"1004",2025-07-05 19:40:24,25.319,0,"Tank1","Control"
"1005",2025-07-05 19:45:24,25.319,0,"Tank1","Control"
"1006",2025-07-05 19:50:24,25.416,0,"Tank1","Control"
"1007",2025-07-05 19:55:24,25.513,0,"Tank1","Control"
"1008",2025-07-05 20:00:24,25.416,0,"Tank1","Control"
"1009",2025-07-05 20:05:24,25.416,0,"Tank1","Control"
"1010",2025-07-05 20:10:24,25.416,0,"Tank1","Control"
"1011",2025-07-05 20:15:24,25.416,0,"Tank1","Control"
"1012",2025-07-05 20:20:24,25.416,0,"Tank1","Control"
"1013",2025-07-05 20:25:24,25.319,0,"Tank1","Control"
"1014",2025-07-05 20:30:24,25.319,0,"Tank1","Control"
"1015",2025-07-05 20:35:24,25.319,0,"Tank1","Control"
"1016",2025-07-05 20:40:24,25.416,0,"Tank1","Control"
"1017",2025-07-05 20:45:24,25.513,0,"Tank1","Control"
"1018",2025-07-05 20:50:24,25.513,0,"Tank1","Control"
"1019",2025-07-05 20:55:24,25.416,0,"Tank1","Control"
"1020",2025-07-05 21:00:24,25.416,0,"Tank1","Control"
"1021",2025-07-05 21:05:24,25.416,0,"Tank1","Control"
"1022",2025-07-05 21:10:24,25.416,0,"Tank1","Control"
"1023",2025-07-05 21:15:24,25.319,0,"Tank1","Control"
"1024",2025-07-05 21:20:24,25.319,0,"Tank1","Control"
"1025",2025-07-05 21:25:24,25.319,0,"Tank1","Control"
"1026",2025-07-05 21:30:24,25.319,0,"Tank1","Control"
"1027",2025-07-05 21:35:24,25.319,0,"Tank1","Control"
"1028",2025-07-05 21:40:24,25.319,0,"Tank1","Control"
"1029",2025-07-05 21:45:24,25.319,0,"Tank1","Control"
"1030",2025-07-05 21:50:24,25.319,0,"Tank1","Control"
"1031",2025-07-05 21:55:24,25.416,0,"Tank1","Control"
"1032",2025-07-05 22:00:24,25.513,0,"Tank1","Control"
"1033",2025-07-05 22:05:24,25.416,0,"Tank1","Control"
"1034",2025-07-05 22:10:24,25.416,0,"Tank1","Control"
"1035",2025-07-05 22:15:24,25.416,0,"Tank1","Control"
"1036",2025-07-05 22:20:24,25.416,0,"Tank1","Control"
"1037",2025-07-05 22:25:24,25.319,0,"Tank1","Control"
"1038",2025-07-05 22:30:24,25.319,0,"Tank1","Control"
"1039",2025-07-05 22:35:24,25.319,0,"Tank1","Control"
"1040",2025-07-05 22:40:24,25.319,0,"Tank1","Control"
"1041",2025-07-05 22:45:24,25.416,0,"Tank1","Control"
"1042",2025-07-05 22:50:24,25.513,0,"Tank1","Control"
"1043",2025-07-05 22:55:24,25.513,0,"Tank1","Control"
"1044",2025-07-05 23:00:24,25.513,0,"Tank1","Control"
"1045",2025-07-05 23:05:24,25.416,0,"Tank1","Control"
"1046",2025-07-05 23:10:24,25.416,0,"Tank1","Control"
"1047",2025-07-05 23:15:24,25.416,0,"Tank1","Control"
"1048",2025-07-05 23:20:24,25.319,0,"Tank1","Control"
"1049",2025-07-05 23:25:24,25.319,0,"Tank1","Control"
"1050",2025-07-05 23:30:24,25.319,0,"Tank1","Control"
"1051",2025-07-05 23:35:24,25.319,0,"Tank1","Control"
"1052",2025-07-05 23:40:24,25.416,0,"Tank1","Control"
"1053",2025-07-05 23:45:24,25.513,0,"Tank1","Control"
"1054",2025-07-05 23:50:24,25.513,0,"Tank1","Control"
"1055",2025-07-05 23:55:24,25.513,0,"Tank1","Control"
"1056",2025-07-06 00:00:24,25.416,0,"Tank1","Control"
"1057",2025-07-06 00:05:24,25.416,0,"Tank1","Control"
"1058",2025-07-06 00:10:24,25.416,0,"Tank1","Control"
"1059",2025-07-06 00:15:24,25.416,0,"Tank1","Control"
"1060",2025-07-06 00:20:24,25.319,0,"Tank1","Control"
"1061",2025-07-06 00:25:24,25.319,0,"Tank1","Control"
"1062",2025-07-06 00:30:24,25.319,0,"Tank1","Control"
"1063",2025-07-06 00:35:24,25.319,0,"Tank1","Control"
"1064",2025-07-06 00:40:24,25.416,0,"Tank1","Control"
"1065",2025-07-06 00:45:24,25.416,0,"Tank1","Control"
"1066",2025-07-06 00:50:24,25.416,0,"Tank1","Control"
"1067",2025-07-06 00:55:24,25.319,0,"Tank1","Control"
"1068",2025-07-06 01:00:24,25.319,0,"Tank1","Control"
"1069",2025-07-06 01:05:24,25.319,0,"Tank1","Control"
"1070",2025-07-06 01:10:24,25.319,0,"Tank1","Control"
"1071",2025-07-06 01:15:24,25.416,0,"Tank1","Control"
"1072",2025-07-06 01:20:24,25.513,0,"Tank1","Control"
"1073",2025-07-06 01:25:24,25.513,0,"Tank1","Control"
"1074",2025-07-06 01:30:24,25.416,0,"Tank1","Control"
"1075",2025-07-06 01:35:24,25.416,0,"Tank1","Control"
"1076",2025-07-06 01:40:24,25.416,0,"Tank1","Control"
"1077",2025-07-06 01:45:24,25.319,0,"Tank1","Control"
"1078",2025-07-06 01:50:24,25.319,0,"Tank1","Control"
"1079",2025-07-06 01:55:24,25.319,0,"Tank1","Control"
"1080",2025-07-06 02:00:24,25.319,0,"Tank1","Control"
"1081",2025-07-06 02:05:24,25.416,0,"Tank1","Control"
"1082",2025-07-06 02:10:24,25.416,0,"Tank1","Control"
"1083",2025-07-06 02:15:24,25.416,0,"Tank1","Control"
"1084",2025-07-06 02:20:24,25.416,0,"Tank1","Control"
"1085",2025-07-06 02:25:24,25.416,0,"Tank1","Control"
"1086",2025-07-06 02:30:24,25.319,0,"Tank1","Control"
"1087",2025-07-06 02:35:24,25.319,0,"Tank1","Control"
"1088",2025-07-06 02:40:24,25.319,0,"Tank1","Control"
"1089",2025-07-06 02:45:24,25.319,0,"Tank1","Control"
"1090",2025-07-06 02:50:24,25.319,0,"Tank1","Control"
"1091",2025-07-06 02:55:24,25.319,0,"Tank1","Control"
"1092",2025-07-06 03:00:24,25.319,0,"Tank1","Control"
"1093",2025-07-06 03:05:24,25.319,0,"Tank1","Control"
"1094",2025-07-06 03:10:24,25.416,0,"Tank1","Control"
"1095",2025-07-06 03:15:24,25.416,0,"Tank1","Control"
"1096",2025-07-06 03:20:24,25.416,0,"Tank1","Control"
"1097",2025-07-06 03:25:24,25.416,0,"Tank1","Control"
"1098",2025-07-06 03:30:24,25.319,0,"Tank1","Control"
"1099",2025-07-06 03:35:24,25.319,0,"Tank1","Control"
"1100",2025-07-06 03:40:24,25.319,0,"Tank1","Control"
"1101",2025-07-06 03:45:24,25.319,0,"Tank1","Control"
"1102",2025-07-06 03:50:24,25.416,0,"Tank1","Control"
"1103",2025-07-06 03:55:24,25.513,0,"Tank1","Control"
"1104",2025-07-06 04:00:24,25.513,0,"Tank1","Control"
"1105",2025-07-06 04:05:24,25.416,0,"Tank1","Control"
"1106",2025-07-06 04:10:24,25.416,0,"Tank1","Control"
"1107",2025-07-06 04:15:24,25.416,0,"Tank1","Control"
"1108",2025-07-06 04:20:24,25.416,0,"Tank1","Control"
"1109",2025-07-06 04:25:24,25.319,0,"Tank1","Control"
"1110",2025-07-06 04:30:24,25.319,0,"Tank1","Control"
"1111",2025-07-06 04:35:24,25.319,0,"Tank1","Control"
"1112",2025-07-06 04:40:24,25.319,0,"Tank1","Control"
"1113",2025-07-06 04:45:24,25.319,0,"Tank1","Control"
"1114",2025-07-06 04:50:24,25.319,0,"Tank1","Control"
"1115",2025-07-06 04:55:24,25.319,0,"Tank1","Control"
"1116",2025-07-06 05:00:24,25.319,0,"Tank1","Control"
"1117",2025-07-06 05:05:24,25.319,0,"Tank1","Control"
"1118",2025-07-06 05:10:24,25.416,0,"Tank1","Control"
"1119",2025-07-06 05:15:24,25.416,0,"Tank1","Control"
"1120",2025-07-06 05:20:24,25.416,0,"Tank1","Control"
"1121",2025-07-06 05:25:24,25.416,0,"Tank1","Control"
"1122",2025-07-06 05:30:24,25.416,0,"Tank1","Control"
"1123",2025-07-06 05:35:24,25.319,0,"Tank1","Control"
"1124",2025-07-06 05:40:24,25.319,0,"Tank1","Control"
"1125",2025-07-06 05:45:24,25.319,0,"Tank1","Control"
"1126",2025-07-06 05:50:24,25.319,0,"Tank1","Control"
"1127",2025-07-06 05:55:24,25.319,0,"Tank1","Control"
"1128",2025-07-06 06:00:24,25.416,0,"Tank1","Control"
"1129",2025-07-06 06:05:24,25.416,0,"Tank1","Control"
"1130",2025-07-06 06:10:24,25.416,0,"Tank1","Control"
"1131",2025-07-06 06:15:24,25.416,0,"Tank1","Control"
"1132",2025-07-06 06:20:24,25.319,0,"Tank1","Control"
"1133",2025-07-06 06:25:24,25.319,0,"Tank1","Control"
"1134",2025-07-06 06:30:24,25.319,0,"Tank1","Control"
"1135",2025-07-06 06:35:24,25.319,0,"Tank1","Control"
"1136",2025-07-06 06:40:24,25.416,0,"Tank1","Control"
"1137",2025-07-06 06:45:24,25.416,0,"Tank1","Control"
"1138",2025-07-06 06:50:24,25.416,0,"Tank1","Control"
"1139",2025-07-06 06:55:24,25.416,0,"Tank1","Control"
"1140",2025-07-06 07:00:24,25.319,0,"Tank1","Control"
"1141",2025-07-06 07:05:24,25.319,0,"Tank1","Control"
"1142",2025-07-06 07:10:24,25.319,0,"Tank1","Control"
"1143",2025-07-06 07:15:24,25.319,0,"Tank1","Control"
"1144",2025-07-06 07:20:24,25.416,0,"Tank1","Control"
"1145",2025-07-06 07:25:24,25.416,0,"Tank1","Control"
"1146",2025-07-06 07:30:24,25.416,0,"Tank1","Control"
"1147",2025-07-06 07:35:24,25.416,0,"Tank1","Control"
"1148",2025-07-06 07:40:24,25.416,0,"Tank1","Control"
"1149",2025-07-06 07:45:24,25.319,0,"Tank1","Control"
"1150",2025-07-06 07:50:24,25.319,0,"Tank1","Control"
"1151",2025-07-06 07:55:24,25.319,0,"Tank1","Control"
"1152",2025-07-06 08:00:24,25.319,0,"Tank1","Control"
"1153",2025-07-06 08:05:24,25.319,0,"Tank1","Control"
"1154",2025-07-06 08:10:24,25.319,0,"Tank1","Control"
"1155",2025-07-06 08:15:24,25.319,0,"Tank1","Control"
"1156",2025-07-06 08:20:24,25.319,10.8,"Tank1","Control"
"1157",2025-07-06 08:25:24,25.319,0,"Tank1","Control"
"1158",2025-07-06 08:30:24,25.319,10.8,"Tank1","Control"
"1159",2025-07-06 08:35:24,25.319,43.1,"Tank1","Control"
"1160",2025-07-06 08:40:24,25.319,53.8,"Tank1","Control"
"1161",2025-07-06 08:45:24,25.319,21.5,"Tank1","Control"
"1162",2025-07-06 08:50:24,25.319,118.4,"Tank1","Control"
"1163",2025-07-06 08:55:24,25.319,21.5,"Tank1","Control"
"1164",2025-07-06 09:00:24,25.416,129.2,"Tank1","Control"
"1165",2025-07-06 09:05:24,25.416,118.4,"Tank1","Control"
"1166",2025-07-06 09:10:24,25.416,75.3,"Tank1","Control"
"1167",2025-07-06 09:15:24,25.319,75.3,"Tank1","Control"
"1168",2025-07-06 09:20:24,25.319,129.2,"Tank1","Control"
"1169",2025-07-06 09:25:24,25.319,193.8,"Tank1","Control"
"1170",2025-07-06 09:30:24,25.319,183,"Tank1","Control"
"1171",2025-07-06 09:35:24,25.416,215.3,"Tank1","Control"
"1172",2025-07-06 09:40:24,25.319,226,"Tank1","Control"
"1173",2025-07-06 09:45:24,25.319,215.3,"Tank1","Control"
"1174",2025-07-06 09:50:24,25.319,0,"Tank1","Control"
"1175",2025-07-06 09:55:24,25.319,0,"Tank1","Control"
"1176",2025-07-06 10:00:24,25.319,0,"Tank1","Control"
"1177",2025-07-06 10:05:24,25.319,0,"Tank1","Control"
"1178",2025-07-06 10:10:24,25.319,0,"Tank1","Control"
"1179",2025-07-06 10:15:24,25.416,0,"Tank1","Control"
"1180",2025-07-06 10:20:24,25.319,0,"Tank1","Control"
"1181",2025-07-06 10:25:24,25.319,0,"Tank1","Control"
"1182",2025-07-06 10:30:24,25.319,0,"Tank1","Control"
"1183",2025-07-06 10:35:24,25.319,0,"Tank1","Control"
"1184",2025-07-06 10:40:24,25.319,0,"Tank1","Control"
"1185",2025-07-06 10:45:24,25.319,0,"Tank1","Control"
"1186",2025-07-06 10:50:24,25.319,0,"Tank1","Control"
"1187",2025-07-06 10:55:24,25.319,0,"Tank1","Control"
"1188",2025-07-06 11:00:24,25.416,0,"Tank1","Control"
"1189",2025-07-06 11:05:24,25.319,0,"Tank1","Control"
"1190",2025-07-06 11:10:24,25.319,0,"Tank1","Control"
"1191",2025-07-06 11:15:24,25.319,0,"Tank1","Control"
"1192",2025-07-06 11:20:24,25.319,462.9,"Tank1","Control"
"1193",2025-07-06 11:25:24,25.319,516.7,"Tank1","Control"
"1194",2025-07-06 11:30:24,25.416,516.7,"Tank1","Control"
"1195",2025-07-06 11:35:24,25.416,505.9,"Tank1","Control"
"1196",2025-07-06 11:40:24,25.416,527.4,"Tank1","Control"
"1197",2025-07-06 11:45:24,25.416,527.4,"Tank1","Control"
"1198",2025-07-06 11:50:24,25.319,549,"Tank1","Control"
"1199",2025-07-06 11:55:24,25.319,570.5,"Tank1","Control"
"1200",2025-07-06 12:00:24,25.319,581.3,"Tank1","Control"
"1201",2025-07-06 12:05:24,25.319,570.5,"Tank1","Control"
"1202",2025-07-06 12:10:24,25.319,570.5,"Tank1","Control"
"1203",2025-07-06 12:15:24,25.222,592,"Tank1","Control"
"1204",2025-07-06 12:20:24,25.222,549,"Tank1","Control"
"1205",2025-07-06 12:25:24,25.222,581.3,"Tank1","Control"
"1206",2025-07-06 12:30:24,25.222,581.3,"Tank1","Control"
"1207",2025-07-06 12:35:24,25.222,602.8,"Tank1","Control"
"1208",2025-07-06 12:40:24,25.222,592,"Tank1","Control"
"1209",2025-07-06 12:45:24,25.222,592,"Tank1","Control"
"1210",2025-07-06 12:50:24,25.222,602.8,"Tank1","Control"
"1211",2025-07-06 12:55:24,25.319,570.5,"Tank1","Control"
"1212",2025-07-06 13:00:24,25.319,613.5,"Tank1","Control"
"1213",2025-07-06 13:05:24,25.319,581.3,"Tank1","Control"
"1214",2025-07-06 13:10:24,25.319,602.8,"Tank1","Control"
"1215",2025-07-06 13:15:24,25.319,602.8,"Tank1","Control"
"1216",2025-07-06 13:20:24,25.222,581.3,"Tank1","Control"
"1217",2025-07-06 13:25:24,25.222,613.5,"Tank1","Control"
"1218",2025-07-06 13:30:24,25.222,613.5,"Tank1","Control"
"1219",2025-07-06 13:35:24,25.222,613.5,"Tank1","Control"
"1220",2025-07-06 13:40:24,25.222,613.5,"Tank1","Control"
"1221",2025-07-06 13:45:24,25.222,581.3,"Tank1","Control"
"1222",2025-07-06 13:50:24,25.222,559.7,"Tank1","Control"
"1223",2025-07-06 13:55:24,25.222,592,"Tank1","Control"
"1224",2025-07-06 14:00:24,25.222,570.5,"Tank1","Control"
"1225",2025-07-06 14:05:24,25.319,613.5,"Tank1","Control"
"1226",2025-07-06 14:10:24,25.319,570.5,"Tank1","Control"
"1227",2025-07-06 14:15:24,25.222,613.5,"Tank1","Control"
"1228",2025-07-06 14:20:24,25.222,581.3,"Tank1","Control"
"1229",2025-07-06 14:25:24,25.222,592,"Tank1","Control"
"1230",2025-07-06 14:30:24,25.222,602.8,"Tank1","Control"
"1231",2025-07-06 14:35:24,25.222,602.8,"Tank1","Control"
"1232",2025-07-06 14:40:24,25.222,602.8,"Tank1","Control"
"1233",2025-07-06 14:45:24,25.222,592,"Tank1","Control"
"1234",2025-07-06 14:50:24,25.222,592,"Tank1","Control"
"1235",2025-07-06 14:55:24,25.222,559.7,"Tank1","Control"
"1236",2025-07-06 15:00:24,25.222,570.5,"Tank1","Control"
"1237",2025-07-06 15:05:24,25.222,570.5,"Tank1","Control"
"1238",2025-07-06 15:10:24,25.222,570.5,"Tank1","Control"
"1239",2025-07-06 15:15:24,25.222,570.5,"Tank1","Control"
"1240",2025-07-06 15:20:24,25.222,602.8,"Tank1","Control"
"1241",2025-07-06 15:25:24,25.222,592,"Tank1","Control"
"1242",2025-07-06 15:30:24,25.222,581.3,"Tank1","Control"
"1243",2025-07-06 15:35:24,25.222,602.8,"Tank1","Control"
"1244",2025-07-06 15:40:24,25.222,581.3,"Tank1","Control"
"1245",2025-07-06 15:45:24,25.222,570.5,"Tank1","Control"
"1246",2025-07-06 15:50:24,25.222,624.3,"Tank1","Control"
"1247",2025-07-06 15:55:24,25.222,602.8,"Tank1","Control"
"1248",2025-07-06 16:00:24,25.222,570.5,"Tank1","Control"
"1249",2025-07-06 16:05:24,25.222,592,"Tank1","Control"
"1250",2025-07-06 16:10:24,25.222,581.3,"Tank1","Control"
"1251",2025-07-06 16:15:24,25.222,581.3,"Tank1","Control"
"1252",2025-07-06 16:20:24,25.222,559.7,"Tank1","Control"
"1253",2025-07-06 16:25:24,25.222,516.7,"Tank1","Control"
"1254",2025-07-06 16:30:24,25.222,538.2,"Tank1","Control"
"1255",2025-07-06 16:35:24,25.222,473.6,"Tank1","Control"
"1256",2025-07-06 16:40:24,25.222,495.1,"Tank1","Control"
"1257",2025-07-06 16:45:24,25.222,452.1,"Tank1","Control"
"1258",2025-07-06 16:50:24,25.222,452.1,"Tank1","Control"
"1259",2025-07-06 16:55:24,25.222,452.1,"Tank1","Control"
"1260",2025-07-06 17:00:24,25.222,430.6,"Tank1","Control"
"1261",2025-07-06 17:05:24,25.222,398.3,"Tank1","Control"
"1262",2025-07-06 17:10:24,25.222,409,"Tank1","Control"
"1263",2025-07-06 17:15:24,25.222,419.8,"Tank1","Control"
"1264",2025-07-06 17:20:24,25.222,376.7,"Tank1","Control"
"1265",2025-07-06 17:25:24,25.222,355.2,"Tank1","Control"
"1266",2025-07-06 17:30:24,25.222,366,"Tank1","Control"
"1267",2025-07-06 17:35:24,25.125,344.4,"Tank1","Control"
"1268",2025-07-06 17:40:24,25.125,258.3,"Tank1","Control"
"1269",2025-07-06 17:45:24,25.125,301.4,"Tank1","Control"
"1270",2025-07-06 17:50:24,25.125,312.2,"Tank1","Control"
"1271",2025-07-06 17:55:24,25.125,258.3,"Tank1","Control"
"1272",2025-07-06 18:00:24,25.125,269.1,"Tank1","Control"
"1273",2025-07-06 18:05:24,25.125,215.3,"Tank1","Control"
"1274",2025-07-06 18:10:24,25.125,193.8,"Tank1","Control"
"1275",2025-07-06 18:15:24,25.028,215.3,"Tank1","Control"
"1276",2025-07-06 18:20:24,25.028,226,"Tank1","Control"
"1277",2025-07-06 18:25:24,25.028,161.5,"Tank1","Control"
"1278",2025-07-06 18:30:24,24.931,150.7,"Tank1","Control"
"1279",2025-07-06 18:35:24,24.931,129.2,"Tank1","Control"
"1280",2025-07-06 18:40:24,25.125,204.5,"Tank1","Control"
"1281",2025-07-06 18:45:24,25.416,118.4,"Tank1","Control"
"1282",2025-07-06 18:50:24,25.416,129.2,"Tank1","Control"
"1283",2025-07-06 18:55:24,25.416,96.9,"Tank1","Control"
"1284",2025-07-06 19:00:24,25.416,86.1,"Tank1","Control"
"1285",2025-07-06 19:05:24,25.319,96.9,"Tank1","Control"
"1286",2025-07-06 19:10:24,25.319,75.3,"Tank1","Control"
"1287",2025-07-06 19:15:24,25.319,43.1,"Tank1","Control"
"1288",2025-07-06 19:20:24,25.319,53.8,"Tank1","Control"
"1289",2025-07-06 19:25:24,25.222,21.5,"Tank1","Control"
"1290",2025-07-06 19:30:24,25.416,53.8,"Tank1","Control"
"1291",2025-07-06 19:35:24,25.416,10.8,"Tank1","Control"
"1292",2025-07-06 19:40:24,25.416,32.3,"Tank1","Control"
"1293",2025-07-06 19:45:24,25.416,0,"Tank1","Control"
"1294",2025-07-06 19:50:24,25.416,0,"Tank1","Control"
"1295",2025-07-06 19:55:24,25.319,0,"Tank1","Control"
"1296",2025-07-06 20:00:24,25.319,0,"Tank1","Control"
"1297",2025-07-06 20:05:24,25.319,0,"Tank1","Control"
"1298",2025-07-06 20:10:24,25.319,0,"Tank1","Control"
"1299",2025-07-06 20:15:24,25.222,0,"Tank1","Control"
"1300",2025-07-06 20:20:24,25.222,0,"Tank1","Control"
"1301",2025-07-06 20:25:24,25.416,0,"Tank1","Control"
"1302",2025-07-06 20:30:24,25.416,0,"Tank1","Control"
"1303",2025-07-06 20:35:24,25.416,0,"Tank1","Control"
"1304",2025-07-06 20:40:24,25.416,0,"Tank1","Control"
"1305",2025-07-06 20:45:24,25.319,0,"Tank1","Control"
"1306",2025-07-06 20:50:24,25.319,0,"Tank1","Control"
"1307",2025-07-06 20:55:24,25.319,0,"Tank1","Control"
"1308",2025-07-06 21:00:24,25.319,0,"Tank1","Control"
"1309",2025-07-06 21:05:24,25.222,0,"Tank1","Control"
"1310",2025-07-06 21:10:24,25.222,0,"Tank1","Control"
"1311",2025-07-06 21:15:24,25.416,0,"Tank1","Control"
"1312",2025-07-06 21:20:24,25.416,0,"Tank1","Control"
"1313",2025-07-06 21:25:24,25.416,0,"Tank1","Control"
"1314",2025-07-06 21:30:24,25.319,0,"Tank1","Control"
"1315",2025-07-06 21:35:24,25.319,0,"Tank1","Control"
"1316",2025-07-06 21:40:24,25.319,0,"Tank1","Control"
"1317",2025-07-06 21:45:24,25.319,0,"Tank1","Control"
"1318",2025-07-06 21:50:24,25.319,0,"Tank1","Control"
"1319",2025-07-06 21:55:24,25.222,0,"Tank1","Control"
"1320",2025-07-06 22:00:24,25.416,0,"Tank1","Control"
"1321",2025-07-06 22:05:24,25.416,0,"Tank1","Control"
"1322",2025-07-06 22:10:24,25.416,0,"Tank1","Control"
"1323",2025-07-06 22:15:24,25.416,0,"Tank1","Control"
"1324",2025-07-06 22:20:24,25.416,0,"Tank1","Control"
"1325",2025-07-06 22:25:24,25.319,0,"Tank1","Control"
"1326",2025-07-06 22:30:24,25.319,0,"Tank1","Control"
"1327",2025-07-06 22:35:24,25.319,0,"Tank1","Control"
"1328",2025-07-06 22:40:24,25.222,0,"Tank1","Control"
"1329",2025-07-06 22:45:24,25.222,0,"Tank1","Control"
"1330",2025-07-06 22:50:24,25.319,0,"Tank1","Control"
"1331",2025-07-06 22:55:24,25.416,0,"Tank1","Control"
"1332",2025-07-06 23:00:24,25.416,0,"Tank1","Control"
"1333",2025-07-06 23:05:24,25.416,0,"Tank1","Control"
"1334",2025-07-06 23:10:24,25.416,0,"Tank1","Control"
"1335",2025-07-06 23:15:24,25.319,0,"Tank1","Control"
"1336",2025-07-06 23:20:24,25.319,0,"Tank1","Control"
"1337",2025-07-06 23:25:24,25.319,0,"Tank1","Control"
"1338",2025-07-06 23:30:24,25.319,0,"Tank1","Control"
"1339",2025-07-06 23:35:24,25.222,0,"Tank1","Control"
"1340",2025-07-06 23:40:24,25.222,0,"Tank1","Control"
"1341",2025-07-06 23:45:24,25.319,0,"Tank1","Control"
"1342",2025-07-06 23:50:24,25.319,0,"Tank1","Control"
"1343",2025-07-06 23:55:24,25.319,0,"Tank1","Control"
"1344",2025-07-07 00:00:24,25.319,0,"Tank1","Control"
"1345",2025-07-07 00:05:24,25.319,0,"Tank1","Control"
"1346",2025-07-07 00:10:24,25.222,0,"Tank1","Control"
"1347",2025-07-07 00:15:24,25.222,0,"Tank1","Control"
"1348",2025-07-07 00:20:24,25.416,0,"Tank1","Control"
"1349",2025-07-07 00:25:24,25.416,0,"Tank1","Control"
"1350",2025-07-07 00:30:24,25.416,0,"Tank1","Control"
"1351",2025-07-07 00:35:24,25.416,0,"Tank1","Control"
"1352",2025-07-07 00:40:24,25.416,0,"Tank1","Control"
"1353",2025-07-07 00:45:24,25.319,0,"Tank1","Control"
"1354",2025-07-07 00:50:24,25.319,0,"Tank1","Control"
"1355",2025-07-07 00:55:24,25.319,0,"Tank1","Control"
"1356",2025-07-07 01:00:24,25.319,0,"Tank1","Control"
"1357",2025-07-07 01:05:24,25.222,0,"Tank1","Control"
"1358",2025-07-07 01:10:24,25.222,0,"Tank1","Control"
"1359",2025-07-07 01:15:24,25.319,0,"Tank1","Control"
"1360",2025-07-07 01:20:24,25.319,0,"Tank1","Control"
"1361",2025-07-07 01:25:24,25.319,0,"Tank1","Control"
"1362",2025-07-07 01:30:24,25.319,0,"Tank1","Control"
"1363",2025-07-07 01:35:24,25.319,0,"Tank1","Control"
"1364",2025-07-07 01:40:24,25.222,0,"Tank1","Control"
"1365",2025-07-07 01:45:24,25.222,0,"Tank1","Control"
"1366",2025-07-07 01:50:24,25.319,0,"Tank1","Control"
"1367",2025-07-07 01:55:24,25.319,0,"Tank1","Control"
"1368",2025-07-07 02:00:24,25.222,0,"Tank1","Control"
"1369",2025-07-07 02:05:24,25.222,0,"Tank1","Control"
"1370",2025-07-07 02:10:24,25.319,0,"Tank1","Control"
"1371",2025-07-07 02:15:24,25.416,0,"Tank1","Control"
"1372",2025-07-07 02:20:24,25.416,0,"Tank1","Control"
"1373",2025-07-07 02:25:24,25.416,0,"Tank1","Control"
"1374",2025-07-07 02:30:24,25.416,0,"Tank1","Control"
"1375",2025-07-07 02:35:24,25.416,0,"Tank1","Control"
"1376",2025-07-07 02:40:24,25.319,0,"Tank1","Control"
"1377",2025-07-07 02:45:24,25.319,0,"Tank1","Control"
"1378",2025-07-07 02:50:24,25.319,0,"Tank1","Control"
"1379",2025-07-07 02:55:24,25.319,0,"Tank1","Control"
"1380",2025-07-07 03:00:24,25.222,0,"Tank1","Control"
"1381",2025-07-07 03:05:24,25.319,0,"Tank1","Control"
"1382",2025-07-07 03:10:24,25.416,0,"Tank1","Control"
"1383",2025-07-07 03:15:24,25.416,0,"Tank1","Control"
"1384",2025-07-07 03:20:24,25.319,0,"Tank1","Control"
"1385",2025-07-07 03:25:24,25.319,0,"Tank1","Control"
"1386",2025-07-07 03:30:24,25.319,0,"Tank1","Control"
"1387",2025-07-07 03:35:24,25.319,0,"Tank1","Control"
"1388",2025-07-07 03:40:24,25.222,0,"Tank1","Control"
"1389",2025-07-07 03:45:24,25.222,0,"Tank1","Control"
"1390",2025-07-07 03:50:24,25.222,0,"Tank1","Control"
"1391",2025-07-07 03:55:24,25.222,0,"Tank1","Control"
"1392",2025-07-07 04:00:24,25.319,0,"Tank1","Control"
"1393",2025-07-07 04:05:24,25.416,0,"Tank1","Control"
"1394",2025-07-07 04:10:24,25.416,0,"Tank1","Control"
"1395",2025-07-07 04:15:24,25.416,0,"Tank1","Control"
"1396",2025-07-07 04:20:24,25.416,0,"Tank1","Control"
"1397",2025-07-07 04:25:24,25.319,0,"Tank1","Control"
"1398",2025-07-07 04:30:24,25.319,0,"Tank1","Control"
"1399",2025-07-07 04:35:24,25.319,0,"Tank1","Control"
"1400",2025-07-07 04:40:24,25.319,0,"Tank1","Control"
"1401",2025-07-07 04:45:24,25.319,0,"Tank1","Control"
"1402",2025-07-07 04:50:24,25.222,0,"Tank1","Control"
"1403",2025-07-07 04:55:24,25.319,0,"Tank1","Control"
"1404",2025-07-07 05:00:24,25.416,0,"Tank1","Control"
"1405",2025-07-07 05:05:24,25.416,0,"Tank1","Control"
"1406",2025-07-07 05:10:24,25.416,0,"Tank1","Control"
"1407",2025-07-07 05:15:24,25.416,0,"Tank1","Control"
"1408",2025-07-07 05:20:24,25.319,0,"Tank1","Control"
"1409",2025-07-07 05:25:24,25.319,0,"Tank1","Control"
"1410",2025-07-07 05:30:24,25.319,0,"Tank1","Control"
"1411",2025-07-07 05:35:24,25.319,0,"Tank1","Control"
"1412",2025-07-07 05:40:24,25.222,0,"Tank1","Control"
"1413",2025-07-07 05:45:24,25.222,0,"Tank1","Control"
"1414",2025-07-07 05:50:24,25.319,0,"Tank1","Control"
"1415",2025-07-07 05:55:24,25.416,0,"Tank1","Control"
"1416",2025-07-07 06:00:24,25.416,0,"Tank1","Control"
"1417",2025-07-07 06:05:24,25.416,0,"Tank1","Control"
"1418",2025-07-07 06:10:24,25.319,0,"Tank1","Control"
"1419",2025-07-07 06:15:24,25.319,0,"Tank1","Control"
"1420",2025-07-07 06:20:24,25.319,0,"Tank1","Control"
"1421",2025-07-07 06:25:24,25.319,0,"Tank1","Control"
"1422",2025-07-07 06:30:24,25.319,0,"Tank1","Control"
"1423",2025-07-07 06:35:24,25.222,0,"Tank1","Control"
"1424",2025-07-07 06:40:24,25.319,0,"Tank1","Control"
"1425",2025-07-07 06:45:24,25.416,0,"Tank1","Control"
"1426",2025-07-07 06:50:24,25.416,0,"Tank1","Control"
"1427",2025-07-07 06:55:24,25.416,0,"Tank1","Control"
"1428",2025-07-07 07:00:24,25.319,0,"Tank1","Control"
"1429",2025-07-07 07:05:24,25.319,0,"Tank1","Control"
"1430",2025-07-07 07:10:24,25.319,0,"Tank1","Control"
"1431",2025-07-07 07:15:24,25.319,0,"Tank1","Control"
"1432",2025-07-07 07:20:24,25.319,0,"Tank1","Control"
"1433",2025-07-07 07:25:24,25.222,0,"Tank1","Control"
"1434",2025-07-07 07:30:24,25.319,0,"Tank1","Control"
"1435",2025-07-07 07:35:24,25.416,0,"Tank1","Control"
"1436",2025-07-07 07:40:24,25.319,0,"Tank1","Control"
"1437",2025-07-07 07:45:24,25.319,0,"Tank1","Control"
"1438",2025-07-07 07:50:24,25.319,0,"Tank1","Control"
"1439",2025-07-07 07:55:24,25.319,0,"Tank1","Control"
"1440",2025-07-07 08:00:24,25.222,0,"Tank1","Control"
"1441",2025-07-07 08:05:24,25.222,0,"Tank1","Control"
"1442",2025-07-07 08:10:24,25.416,0,"Tank1","Control"
"1443",2025-07-07 08:15:24,25.416,0,"Tank1","Control"
"1444",2025-07-07 08:20:24,25.416,0,"Tank1","Control"
"1445",2025-07-07 08:25:24,25.416,86.1,"Tank1","Control"
"1446",2025-07-07 08:30:24,25.416,43.1,"Tank1","Control"
"1447",2025-07-07 08:35:24,25.319,64.6,"Tank1","Control"
"1448",2025-07-07 08:40:24,25.319,118.4,"Tank1","Control"
"1449",2025-07-07 08:45:24,25.319,53.8,"Tank1","Control"
"1450",2025-07-07 08:50:24,25.319,32.3,"Tank1","Control"
"1451",2025-07-07 08:55:24,25.222,86.1,"Tank1","Control"
"1452",2025-07-07 09:00:24,25.222,193.8,"Tank1","Control"
"1453",2025-07-07 09:05:24,25.416,183,"Tank1","Control"
"1454",2025-07-07 09:10:24,25.416,150.7,"Tank1","Control"
"1455",2025-07-07 09:15:24,25.416,129.2,"Tank1","Control"
"1456",2025-07-07 09:20:24,25.416,172.2,"Tank1","Control"
"1457",2025-07-07 09:25:24,25.319,150.7,"Tank1","Control"
"1458",2025-07-07 09:30:24,25.319,236.8,"Tank1","Control"
"1459",2025-07-07 09:35:24,25.319,247.6,"Tank1","Control"
"1460",2025-07-07 09:40:24,25.319,183,"Tank1","Control"
"1461",2025-07-07 09:45:24,25.222,258.3,"Tank1","Control"
"1462",2025-07-07 09:50:24,25.319,193.8,"Tank1","Control"
"1463",2025-07-07 09:55:24,25.416,258.3,"Tank1","Control"
"1464",2025-07-07 10:00:24,25.416,258.3,"Tank1","Control"
"1465",2025-07-07 10:05:24,25.416,290.6,"Tank1","Control"
"1466",2025-07-07 10:10:24,25.416,269.1,"Tank1","Control"
"1467",2025-07-07 10:15:24,25.416,279.9,"Tank1","Control"
"1468",2025-07-07 10:20:24,25.319,312.2,"Tank1","Control"
"1469",2025-07-07 10:25:24,25.319,355.2,"Tank1","Control"
"1470",2025-07-07 10:30:24,25.319,290.6,"Tank1","Control"
"1471",2025-07-07 10:35:24,25.319,376.7,"Tank1","Control"
"1472",2025-07-07 10:40:24,25.319,301.4,"Tank1","Control"
"1473",2025-07-07 10:45:24,25.222,387.5,"Tank1","Control"
"1474",2025-07-07 10:50:24,25.222,387.5,"Tank1","Control"
"1475",2025-07-07 10:55:24,25.222,21.5,"Tank1","Control"
"1476",2025-07-02 08:00:24,25.513,0,"Tank2","Heat"
"1477",2025-07-02 08:05:24,25.416,0,"Tank2","Heat"
"1478",2025-07-02 08:10:24,25.416,0,"Tank2","Heat"
"1479",2025-07-02 08:15:24,25.319,0,"Tank2","Heat"
"1480",2025-07-02 08:20:24,25.513,10.8,"Tank2","Heat"
"1481",2025-07-02 08:25:24,25.513,0,"Tank2","Heat"
"1482",2025-07-02 08:30:24,25.513,10.8,"Tank2","Heat"
"1483",2025-07-02 08:35:24,25.513,21.5,"Tank2","Heat"
"1484",2025-07-02 08:40:24,25.416,43.1,"Tank2","Heat"
"1485",2025-07-02 08:45:24,25.416,43.1,"Tank2","Heat"
"1486",2025-07-02 08:50:24,25.416,64.6,"Tank2","Heat"
"1487",2025-07-02 08:55:24,25.416,107.6,"Tank2","Heat"
"1488",2025-07-02 09:00:24,25.61,118.4,"Tank2","Heat"
"1489",2025-07-02 09:05:24,25.61,75.3,"Tank2","Heat"
"1490",2025-07-02 09:10:24,25.513,129.2,"Tank2","Heat"
"1491",2025-07-02 09:15:24,25.513,86.1,"Tank2","Heat"
"1492",2025-07-02 09:20:24,25.416,129.2,"Tank2","Heat"
"1493",2025-07-02 09:25:24,25.416,139.9,"Tank2","Heat"
"1494",2025-07-02 09:30:24,25.416,150.7,"Tank2","Heat"
"1495",2025-07-02 09:35:24,25.513,204.5,"Tank2","Heat"
"1496",2025-07-02 09:40:24,26,139.9,"Tank2","Heat"
"1497",2025-07-02 09:45:24,26.585,139.9,"Tank2","Heat"
"1498",2025-07-02 09:50:24,27.173,204.5,"Tank2","Heat"
"1499",2025-07-02 09:55:24,27.665,236.8,"Tank2","Heat"
"1500",2025-07-02 10:00:24,28.258,204.5,"Tank2","Heat"
"1501",2025-07-02 10:05:24,28.754,215.3,"Tank2","Heat"
"1502",2025-07-02 10:10:24,29.252,269.1,"Tank2","Heat"
"1503",2025-07-02 10:15:24,29.752,279.9,"Tank2","Heat"
"1504",2025-07-02 10:20:24,30.255,269.1,"Tank2","Heat"
"1505",2025-07-02 10:25:24,30.76,301.4,"Tank2","Heat"
"1506",2025-07-02 10:30:24,31.268,322.9,"Tank2","Heat"
"1507",2025-07-02 10:35:24,31.778,344.4,"Tank2","Heat"
"1508",2025-07-02 10:40:24,32.291,301.4,"Tank2","Heat"
"1509",2025-07-02 10:45:24,32.497,387.5,"Tank2","Heat"
"1510",2025-07-02 10:50:24,32.497,344.4,"Tank2","Heat"
"1511",2025-07-02 10:55:24,32.394,366,"Tank2","Heat"
"1512",2025-07-02 11:00:24,32.291,21.5,"Tank2","Heat"
"1513",2025-07-02 11:05:24,32.394,0,"Tank2","Heat"
"1514",2025-07-02 11:10:24,32.394,0,"Tank2","Heat"
"1515",2025-07-02 11:15:24,32.291,0,"Tank2","Heat"
"1516",2025-07-02 11:20:24,32.188,0,"Tank2","Heat"
"1517",2025-07-02 11:25:24,32.291,0,"Tank2","Heat"
"1518",2025-07-02 11:30:24,32.497,0,"Tank2","Heat"
"1519",2025-07-02 11:35:24,32.394,0,"Tank2","Heat"
"1520",2025-07-02 11:40:24,32.291,0,"Tank2","Heat"
"1521",2025-07-02 11:45:24,32.188,0,"Tank2","Heat"
"1522",2025-07-02 11:50:24,32.291,0,"Tank2","Heat"
"1523",2025-07-02 11:55:24,32.497,0,"Tank2","Heat"
"1524",2025-07-02 12:00:24,32.394,538.2,"Tank2","Heat"
"1525",2025-07-02 12:05:24,32.291,0,"Tank2","Heat"
"1526",2025-07-02 12:10:24,32.188,0,"Tank2","Heat"
"1527",2025-07-02 12:15:24,32.394,0,"Tank2","Heat"
"1528",2025-07-02 12:20:24,32.394,549,"Tank2","Heat"
"1529",2025-07-02 12:25:24,32.291,592,"Tank2","Heat"
"1530",2025-07-02 12:30:24,32.188,602.8,"Tank2","Heat"
"1531",2025-07-02 12:35:24,32.497,581.3,"Tank2","Heat"
"1532",2025-07-02 12:40:24,32.497,549,"Tank2","Heat"
"1533",2025-07-02 12:45:24,32.291,592,"Tank2","Heat"
"1534",2025-07-02 12:50:24,32.188,592,"Tank2","Heat"
"1535",2025-07-02 12:55:24,32.394,538.2,"Tank2","Heat"
"1536",2025-07-02 13:00:24,32.497,559.7,"Tank2","Heat"
"1537",2025-07-02 13:05:24,32.291,0,"Tank2","Heat"
"1538",2025-07-02 13:10:24,32.188,0,"Tank2","Heat"
"1539",2025-07-02 13:15:24,32.291,0,"Tank2","Heat"
"1540",2025-07-02 13:20:24,32.497,0,"Tank2","Heat"
"1541",2025-07-02 13:25:24,32.394,0,"Tank2","Heat"
"1542",2025-07-02 13:30:24,32.291,0,"Tank2","Heat"
"1543",2025-07-02 13:35:24,32.188,0,"Tank2","Heat"
"1544",2025-07-02 13:40:24,32.394,0,"Tank2","Heat"
"1545",2025-07-02 13:45:24,32.394,0,"Tank2","Heat"
"1546",2025-07-02 13:50:24,32.291,581.3,"Tank2","Heat"
"1547",2025-07-02 13:55:24,32.291,592,"Tank2","Heat"
"1548",2025-07-02 14:00:24,32.497,602.8,"Tank2","Heat"
"1549",2025-07-02 14:05:24,32.497,602.8,"Tank2","Heat"
"1550",2025-07-02 14:10:24,32.291,613.5,"Tank2","Heat"
"1551",2025-07-02 14:15:24,32.188,559.7,"Tank2","Heat"
"1552",2025-07-02 14:20:24,32.394,602.8,"Tank2","Heat"
"1553",2025-07-02 14:25:24,32.497,559.7,"Tank2","Heat"
"1554",2025-07-02 14:30:24,32.394,570.5,"Tank2","Heat"
"1555",2025-07-02 14:35:24,32.291,592,"Tank2","Heat"
"1556",2025-07-02 14:40:24,32.291,592,"Tank2","Heat"
"1557",2025-07-02 14:45:24,32.497,602.8,"Tank2","Heat"
"1558",2025-07-02 14:50:24,32.394,581.3,"Tank2","Heat"
"1559",2025-07-02 14:55:24,32.291,538.2,"Tank2","Heat"
"1560",2025-07-02 15:00:24,32.188,559.7,"Tank2","Heat"
"1561",2025-07-02 15:05:24,32.394,559.7,"Tank2","Heat"
"1562",2025-07-02 15:10:24,32.497,613.5,"Tank2","Heat"
"1563",2025-07-02 15:15:24,32.394,581.3,"Tank2","Heat"
"1564",2025-07-02 15:20:24,32.291,592,"Tank2","Heat"
"1565",2025-07-02 15:25:24,32.291,592,"Tank2","Heat"
"1566",2025-07-02 15:30:24,32.497,581.3,"Tank2","Heat"
"1567",2025-07-02 15:35:24,32.497,581.3,"Tank2","Heat"
"1568",2025-07-02 15:40:24,32.394,570.5,"Tank2","Heat"
"1569",2025-07-02 15:45:24,32.291,581.3,"Tank2","Heat"
"1570",2025-07-02 15:50:24,32.394,549,"Tank2","Heat"
"1571",2025-07-02 15:55:24,32.497,602.8,"Tank2","Heat"
"1572",2025-07-02 16:00:24,32.394,581.3,"Tank2","Heat"
"1573",2025-07-02 16:05:24,32.291,570.5,"Tank2","Heat"
"1574",2025-07-02 16:10:24,32.291,549,"Tank2","Heat"
"1575",2025-07-02 16:15:24,32.497,527.4,"Tank2","Heat"
"1576",2025-07-02 16:20:24,32.497,538.2,"Tank2","Heat"
"1577",2025-07-02 16:25:24,32.394,516.7,"Tank2","Heat"
"1578",2025-07-02 16:30:24,32.188,462.9,"Tank2","Heat"
"1579",2025-07-02 16:35:24,32.394,484.4,"Tank2","Heat"
"1580",2025-07-02 16:40:24,32.497,484.4,"Tank2","Heat"
"1581",2025-07-02 16:45:24,32.394,452.1,"Tank2","Heat"
"1582",2025-07-02 16:50:24,32.291,398.3,"Tank2","Heat"
"1583",2025-07-02 16:55:24,32.291,387.5,"Tank2","Heat"
"1584",2025-07-02 17:00:24,32.497,387.5,"Tank2","Heat"
"1585",2025-07-02 17:05:24,32.394,355.2,"Tank2","Heat"
"1586",2025-07-02 17:10:24,32.291,366,"Tank2","Heat"
"1587",2025-07-02 17:15:24,32.188,376.7,"Tank2","Heat"
"1588",2025-07-02 17:20:24,32.497,322.9,"Tank2","Heat"
"1589",2025-07-02 17:25:24,32.497,312.2,"Tank2","Heat"
"1590",2025-07-02 17:30:24,32.291,258.3,"Tank2","Heat"
"1591",2025-07-02 17:35:24,32.188,322.9,"Tank2","Heat"
"1592",2025-07-02 17:40:24,32.394,269.1,"Tank2","Heat"
"1593",2025-07-02 17:45:24,32.497,279.9,"Tank2","Heat"
"1594",2025-07-02 17:50:24,32.394,269.1,"Tank2","Heat"
"1595",2025-07-02 17:55:24,32.291,226,"Tank2","Heat"
"1596",2025-07-02 18:00:24,32.188,247.6,"Tank2","Heat"
"1597",2025-07-02 18:05:24,32.497,204.5,"Tank2","Heat"
"1598",2025-07-02 18:10:24,32.497,236.8,"Tank2","Heat"
"1599",2025-07-02 18:15:24,32.394,183,"Tank2","Heat"
"1600",2025-07-02 18:20:24,32.291,139.9,"Tank2","Heat"
"1601",2025-07-02 18:25:24,32.291,161.5,"Tank2","Heat"
"1602",2025-07-02 18:30:24,32.497,118.4,"Tank2","Heat"
"1603",2025-07-02 18:35:24,32.394,139.9,"Tank2","Heat"
"1604",2025-07-02 18:40:24,32.291,107.6,"Tank2","Heat"
"1605",2025-07-02 18:45:24,32.188,129.2,"Tank2","Heat"
"1606",2025-07-02 18:50:24,32.394,96.9,"Tank2","Heat"
"1607",2025-07-02 18:55:24,32.497,64.6,"Tank2","Heat"
"1608",2025-07-02 19:00:24,32.394,86.1,"Tank2","Heat"
"1609",2025-07-02 19:05:24,32.188,53.8,"Tank2","Heat"
"1610",2025-07-02 19:10:24,32.291,53.8,"Tank2","Heat"
"1611",2025-07-02 19:15:24,32.497,10.8,"Tank2","Heat"
"1612",2025-07-02 19:20:24,32.394,21.5,"Tank2","Heat"
"1613",2025-07-02 19:25:24,32.291,43.1,"Tank2","Heat"
"1614",2025-07-02 19:30:24,32.188,43.1,"Tank2","Heat"
"1615",2025-07-02 19:35:24,32.394,21.5,"Tank2","Heat"
"1616",2025-07-02 19:40:24,32.394,0,"Tank2","Heat"
"1617",2025-07-02 19:45:24,32.291,21.5,"Tank2","Heat"
"1618",2025-07-02 19:50:24,32.188,0,"Tank2","Heat"
"1619",2025-07-02 19:55:24,32.394,0,"Tank2","Heat"
"1620",2025-07-02 20:00:24,32.497,0,"Tank2","Heat"
"1621",2025-07-02 20:05:24,32.394,0,"Tank2","Heat"
"1622",2025-07-02 20:10:24,32.188,0,"Tank2","Heat"
"1623",2025-07-02 20:15:24,32.291,0,"Tank2","Heat"
"1624",2025-07-02 20:20:24,32.497,0,"Tank2","Heat"
"1625",2025-07-02 20:25:24,32.394,0,"Tank2","Heat"
"1626",2025-07-02 20:30:24,32.291,0,"Tank2","Heat"
"1627",2025-07-02 20:35:24,32.188,0,"Tank2","Heat"
"1628",2025-07-02 20:40:24,32.394,0,"Tank2","Heat"
"1629",2025-07-02 20:45:24,32.497,0,"Tank2","Heat"
"1630",2025-07-02 20:50:24,32.394,0,"Tank2","Heat"
"1631",2025-07-02 20:55:24,32.188,0,"Tank2","Heat"
"1632",2025-07-02 21:00:24,32.291,0,"Tank2","Heat"
"1633",2025-07-02 21:05:24,32.497,0,"Tank2","Heat"
"1634",2025-07-02 21:10:24,32.394,0,"Tank2","Heat"
"1635",2025-07-02 21:15:24,32.291,0,"Tank2","Heat"
"1636",2025-07-02 21:20:24,32.188,0,"Tank2","Heat"
"1637",2025-07-02 21:25:24,32.394,0,"Tank2","Heat"
"1638",2025-07-02 21:30:24,32.497,0,"Tank2","Heat"
"1639",2025-07-02 21:35:24,32.291,0,"Tank2","Heat"
"1640",2025-07-02 21:40:24,32.188,0,"Tank2","Heat"
"1641",2025-07-02 21:45:24,32.291,0,"Tank2","Heat"
"1642",2025-07-02 21:50:24,32.497,0,"Tank2","Heat"
"1643",2025-07-02 21:55:24,32.394,0,"Tank2","Heat"
"1644",2025-07-02 22:00:24,32.291,0,"Tank2","Heat"
"1645",2025-07-02 22:05:24,32.188,0,"Tank2","Heat"
"1646",2025-07-02 22:10:24,32.394,0,"Tank2","Heat"
"1647",2025-07-02 22:15:24,32.394,0,"Tank2","Heat"
"1648",2025-07-02 22:20:24,32.291,0,"Tank2","Heat"
"1649",2025-07-02 22:25:24,32.188,0,"Tank2","Heat"
"1650",2025-07-02 22:30:24,32.497,0,"Tank2","Heat"
"1651",2025-07-02 22:35:24,32.497,0,"Tank2","Heat"
"1652",2025-07-02 22:40:24,32.291,0,"Tank2","Heat"
"1653",2025-07-02 22:45:24,32.188,0,"Tank2","Heat"
"1654",2025-07-02 22:50:24,32.291,0,"Tank2","Heat"
"1655",2025-07-02 22:55:24,32.497,0,"Tank2","Heat"
"1656",2025-07-02 23:00:24,32.394,0,"Tank2","Heat"
"1657",2025-07-02 23:05:24,32.291,0,"Tank2","Heat"
"1658",2025-07-02 23:10:24,32.188,0,"Tank2","Heat"
"1659",2025-07-02 23:15:24,32.394,0,"Tank2","Heat"
"1660",2025-07-02 23:20:24,32.497,0,"Tank2","Heat"
"1661",2025-07-02 23:25:24,32.394,0,"Tank2","Heat"
"1662",2025-07-02 23:30:24,32.291,0,"Tank2","Heat"
"1663",2025-07-02 23:35:24,32.188,0,"Tank2","Heat"
"1664",2025-07-02 23:40:24,32.497,0,"Tank2","Heat"
"1665",2025-07-02 23:45:24,32.394,0,"Tank2","Heat"
"1666",2025-07-02 23:50:24,32.291,0,"Tank2","Heat"
"1667",2025-07-02 23:55:24,32.188,0,"Tank2","Heat"
"1668",2025-07-03 00:00:24,32.394,0,"Tank2","Heat"
"1669",2025-07-03 00:05:24,32.497,0,"Tank2","Heat"
"1670",2025-07-03 00:10:24,32.394,0,"Tank2","Heat"
"1671",2025-07-03 00:15:24,32.291,0,"Tank2","Heat"
"1672",2025-07-03 00:20:24,32.291,0,"Tank2","Heat"
"1673",2025-07-03 00:25:24,32.497,0,"Tank2","Heat"
"1674",2025-07-03 00:30:24,32.394,0,"Tank2","Heat"
"1675",2025-07-03 00:35:24,32.291,0,"Tank2","Heat"
"1676",2025-07-03 00:40:24,32.188,0,"Tank2","Heat"
"1677",2025-07-03 00:45:24,32.394,0,"Tank2","Heat"
"1678",2025-07-03 00:50:24,32.497,0,"Tank2","Heat"
"1679",2025-07-03 00:55:24,32.394,0,"Tank2","Heat"
"1680",2025-07-03 01:00:24,32.188,0,"Tank2","Heat"
"1681",2025-07-03 01:05:24,32.188,0,"Tank2","Heat"
"1682",2025-07-03 01:10:24,32.497,0,"Tank2","Heat"
"1683",2025-07-03 01:15:24,32.394,0,"Tank2","Heat"
"1684",2025-07-03 01:20:24,32.291,0,"Tank2","Heat"
"1685",2025-07-03 01:25:24,32.188,0,"Tank2","Heat"
"1686",2025-07-03 01:30:24,32.394,0,"Tank2","Heat"
"1687",2025-07-03 01:35:24,32.497,0,"Tank2","Heat"
"1688",2025-07-03 01:40:24,32.394,0,"Tank2","Heat"
"1689",2025-07-03 01:45:24,32.291,0,"Tank2","Heat"
"1690",2025-07-03 01:50:24,32.188,0,"Tank2","Heat"
"1691",2025-07-03 01:55:24,32.394,0,"Tank2","Heat"
"1692",2025-07-03 02:00:24,32.394,0,"Tank2","Heat"
"1693",2025-07-03 02:05:24,32.291,0,"Tank2","Heat"
"1694",2025-07-03 02:10:24,32.188,0,"Tank2","Heat"
"1695",2025-07-03 02:15:24,32.394,0,"Tank2","Heat"
"1696",2025-07-03 02:20:24,32.497,0,"Tank2","Heat"
"1697",2025-07-03 02:25:24,32.394,0,"Tank2","Heat"
"1698",2025-07-03 02:30:24,32.291,0,"Tank2","Heat"
"1699",2025-07-03 02:35:24,32.291,0,"Tank2","Heat"
"1700",2025-07-03 02:40:24,32.497,0,"Tank2","Heat"
"1701",2025-07-03 02:45:24,32.394,0,"Tank2","Heat"
"1702",2025-07-03 02:50:24,32.291,0,"Tank2","Heat"
"1703",2025-07-03 02:55:24,32.188,0,"Tank2","Heat"
"1704",2025-07-03 03:00:24,32.394,0,"Tank2","Heat"
"1705",2025-07-03 03:05:24,32.497,0,"Tank2","Heat"
"1706",2025-07-03 03:10:24,32.394,0,"Tank2","Heat"
"1707",2025-07-03 03:15:24,32.291,0,"Tank2","Heat"
"1708",2025-07-03 03:20:24,32.291,0,"Tank2","Heat"
"1709",2025-07-03 03:25:24,32.497,0,"Tank2","Heat"
"1710",2025-07-03 03:30:24,32.394,0,"Tank2","Heat"
"1711",2025-07-03 03:35:24,32.291,0,"Tank2","Heat"
"1712",2025-07-03 03:40:24,32.188,0,"Tank2","Heat"
"1713",2025-07-03 03:45:24,32.394,0,"Tank2","Heat"
"1714",2025-07-03 03:50:24,32.497,0,"Tank2","Heat"
"1715",2025-07-03 03:55:24,32.394,0,"Tank2","Heat"
"1716",2025-07-03 04:00:24,32.291,0,"Tank2","Heat"
"1717",2025-07-03 04:05:24,32.188,0,"Tank2","Heat"
"1718",2025-07-03 04:10:24,32.497,0,"Tank2","Heat"
"1719",2025-07-03 04:15:24,32.394,0,"Tank2","Heat"
"1720",2025-07-03 04:20:24,32.291,0,"Tank2","Heat"
"1721",2025-07-03 04:25:24,32.188,0,"Tank2","Heat"
"1722",2025-07-03 04:30:24,32.394,0,"Tank2","Heat"
"1723",2025-07-03 04:35:24,32.497,0,"Tank2","Heat"
"1724",2025-07-03 04:40:24,32.394,0,"Tank2","Heat"
"1725",2025-07-03 04:45:24,32.291,0,"Tank2","Heat"
"1726",2025-07-03 04:50:24,32.188,0,"Tank2","Heat"
"1727",2025-07-03 04:55:24,32.497,0,"Tank2","Heat"
"1728",2025-07-03 05:00:24,32.394,0,"Tank2","Heat"
"1729",2025-07-03 05:05:24,32.291,0,"Tank2","Heat"
"1730",2025-07-03 05:10:24,32.188,0,"Tank2","Heat"
"1731",2025-07-03 05:15:24,32.394,0,"Tank2","Heat"
"1732",2025-07-03 05:20:24,32.394,0,"Tank2","Heat"
"1733",2025-07-03 05:25:24,32.291,0,"Tank2","Heat"
"1734",2025-07-03 05:30:24,32.188,0,"Tank2","Heat"
"1735",2025-07-03 05:35:24,32.291,0,"Tank2","Heat"
"1736",2025-07-03 05:40:24,32.497,0,"Tank2","Heat"
"1737",2025-07-03 05:45:24,32.394,0,"Tank2","Heat"
"1738",2025-07-03 05:50:24,32.291,0,"Tank2","Heat"
"1739",2025-07-03 05:55:24,32.188,0,"Tank2","Heat"
"1740",2025-07-03 06:00:24,32.394,0,"Tank2","Heat"
"1741",2025-07-03 06:05:24,32.394,0,"Tank2","Heat"
"1742",2025-07-03 06:10:24,32.291,0,"Tank2","Heat"
"1743",2025-07-03 06:15:24,32.188,0,"Tank2","Heat"
"1744",2025-07-03 06:20:24,32.291,0,"Tank2","Heat"
"1745",2025-07-03 06:25:24,32.394,0,"Tank2","Heat"
"1746",2025-07-03 06:30:24,32.291,0,"Tank2","Heat"
"1747",2025-07-03 06:35:24,32.188,0,"Tank2","Heat"
"1748",2025-07-03 06:40:24,32.291,0,"Tank2","Heat"
"1749",2025-07-03 06:45:24,32.497,0,"Tank2","Heat"
"1750",2025-07-03 06:50:24,32.394,0,"Tank2","Heat"
"1751",2025-07-03 06:55:24,32.291,0,"Tank2","Heat"
"1752",2025-07-03 07:00:24,32.188,0,"Tank2","Heat"
"1753",2025-07-03 07:05:24,32.394,0,"Tank2","Heat"
"1754",2025-07-03 07:10:24,32.497,0,"Tank2","Heat"
"1755",2025-07-03 07:15:24,32.394,0,"Tank2","Heat"
"1756",2025-07-03 07:20:24,32.291,0,"Tank2","Heat"
"1757",2025-07-03 07:25:24,32.188,0,"Tank2","Heat"
"1758",2025-07-03 07:30:24,32.394,0,"Tank2","Heat"
"1759",2025-07-03 07:35:24,32.394,0,"Tank2","Heat"
"1760",2025-07-03 07:40:24,32.291,0,"Tank2","Heat"
"1761",2025-07-03 07:45:24,32.188,0,"Tank2","Heat"
"1762",2025-07-03 07:50:24,32.188,0,"Tank2","Heat"
"1763",2025-07-03 07:55:24,32.497,0,"Tank2","Heat"
"1764",2025-07-03 08:00:24,32.394,0,"Tank2","Heat"
"1765",2025-07-03 08:05:24,32.291,0,"Tank2","Heat"
"1766",2025-07-03 08:10:24,32.188,0,"Tank2","Heat"
"1767",2025-07-03 08:15:24,32.497,0,"Tank2","Heat"
"1768",2025-07-03 08:20:24,32.497,0,"Tank2","Heat"
"1769",2025-07-03 08:25:24,32.394,21.5,"Tank2","Heat"
"1770",2025-07-03 08:30:24,32.188,86.1,"Tank2","Heat"
"1771",2025-07-03 08:35:24,32.291,53.8,"Tank2","Heat"
"1772",2025-07-03 08:40:24,32.497,86.1,"Tank2","Heat"
"1773",2025-07-03 08:45:24,32.394,32.3,"Tank2","Heat"
"1774",2025-07-03 08:50:24,32.291,64.6,"Tank2","Heat"
"1775",2025-07-03 08:55:24,32.291,118.4,"Tank2","Heat"
"1776",2025-07-03 09:00:24,32.497,86.1,"Tank2","Heat"
"1777",2025-07-03 09:05:24,32.497,139.9,"Tank2","Heat"
"1778",2025-07-03 09:10:24,32.394,150.7,"Tank2","Heat"
"1779",2025-07-03 09:15:24,32.188,161.5,"Tank2","Heat"
"1780",2025-07-03 09:20:24,32.497,107.6,"Tank2","Heat"
"1781",2025-07-03 09:25:24,32.497,129.2,"Tank2","Heat"
"1782",2025-07-03 09:30:24,32.497,172.2,"Tank2","Heat"
"1783",2025-07-03 09:35:24,32.291,193.8,"Tank2","Heat"
"1784",2025-07-03 09:40:24,32.291,150.7,"Tank2","Heat"
"1785",2025-07-03 09:45:24,32.497,150.7,"Tank2","Heat"
"1786",2025-07-03 09:50:24,32.497,193.8,"Tank2","Heat"
"1787",2025-07-03 09:55:24,32.394,226,"Tank2","Heat"
"1788",2025-07-03 10:00:24,32.291,183,"Tank2","Heat"
"1789",2025-07-03 10:05:24,32.394,226,"Tank2","Heat"
"1790",2025-07-03 10:10:24,32.497,247.6,"Tank2","Heat"
"1791",2025-07-03 10:15:24,32.394,258.3,"Tank2","Heat"
"1792",2025-07-03 10:20:24,32.291,247.6,"Tank2","Heat"
"1793",2025-07-03 10:25:24,32.291,0,"Tank2","Heat"
"1794",2025-07-03 10:30:24,32.497,0,"Tank2","Heat"
"1795",2025-07-03 10:35:24,32.497,0,"Tank2","Heat"
"1796",2025-07-03 10:40:24,32.394,0,"Tank2","Heat"
"1797",2025-07-03 10:45:24,32.291,0,"Tank2","Heat"
"1798",2025-07-03 10:50:24,32.394,0,"Tank2","Heat"
"1799",2025-07-03 10:55:24,32.497,0,"Tank2","Heat"
"1800",2025-07-03 11:00:24,32.394,0,"Tank2","Heat"
"1801",2025-07-03 11:05:24,32.291,0,"Tank2","Heat"
"1802",2025-07-03 11:10:24,32.291,0,"Tank2","Heat"
"1803",2025-07-03 11:15:24,32.497,0,"Tank2","Heat"
"1804",2025-07-03 11:20:24,32.497,441.3,"Tank2","Heat"
"1805",2025-07-03 11:25:24,32.291,430.6,"Tank2","Heat"
"1806",2025-07-03 11:30:24,32.291,419.8,"Tank2","Heat"
"1807",2025-07-03 11:35:24,32.6,441.3,"Tank2","Heat"
"1808",2025-07-03 11:40:24,32.497,462.9,"Tank2","Heat"
"1809",2025-07-03 11:45:24,32.394,484.4,"Tank2","Heat"
"1810",2025-07-03 11:50:24,32.291,495.1,"Tank2","Heat"
"1811",2025-07-03 11:55:24,32.394,516.7,"Tank2","Heat"
"1812",2025-07-03 12:00:24,32.6,516.7,"Tank2","Heat"
"1813",2025-07-03 12:05:24,32.497,495.1,"Tank2","Heat"
"1814",2025-07-03 12:10:24,32.394,516.7,"Tank2","Heat"
"1815",2025-07-03 12:15:24,32.291,538.2,"Tank2","Heat"
"1816",2025-07-03 12:20:24,32.497,549,"Tank2","Heat"
"1817",2025-07-03 12:25:24,32.497,495.1,"Tank2","Heat"
"1818",2025-07-03 12:30:24,32.497,538.2,"Tank2","Heat"
"1819",2025-07-03 12:35:24,32.291,527.4,"Tank2","Heat"
"1820",2025-07-03 12:40:24,32.394,516.7,"Tank2","Heat"
"1821",2025-07-03 12:45:24,32.6,516.7,"Tank2","Heat"
"1822",2025-07-03 12:50:24,32.497,527.4,"Tank2","Heat"
"1823",2025-07-03 12:55:24,32.394,505.9,"Tank2","Heat"
"1824",2025-07-03 13:00:24,32.291,505.9,"Tank2","Heat"
"1825",2025-07-03 13:05:24,32.497,538.2,"Tank2","Heat"
"1826",2025-07-03 13:10:24,32.6,516.7,"Tank2","Heat"
"1827",2025-07-03 13:15:24,32.497,549,"Tank2","Heat"
"1828",2025-07-03 13:20:24,32.394,516.7,"Tank2","Heat"
"1829",2025-07-03 13:25:24,32.394,527.4,"Tank2","Heat"
"1830",2025-07-03 13:30:24,32.6,538.2,"Tank2","Heat"
"1831",2025-07-03 13:35:24,32.497,538.2,"Tank2","Heat"
"1832",2025-07-03 13:40:24,32.394,516.7,"Tank2","Heat"
"1833",2025-07-03 13:45:24,32.291,516.7,"Tank2","Heat"
"1834",2025-07-03 13:50:24,32.497,516.7,"Tank2","Heat"
"1835",2025-07-03 13:55:24,32.6,538.2,"Tank2","Heat"
"1836",2025-07-03 14:00:24,32.497,538.2,"Tank2","Heat"
"1837",2025-07-03 14:05:24,32.394,538.2,"Tank2","Heat"
"1838",2025-07-03 14:10:24,32.291,505.9,"Tank2","Heat"
"1839",2025-07-03 14:15:24,32.497,549,"Tank2","Heat"
"1840",2025-07-03 14:20:24,32.497,505.9,"Tank2","Heat"
"1841",2025-07-03 14:25:24,32.394,495.1,"Tank2","Heat"
"1842",2025-07-03 14:30:24,32.291,538.2,"Tank2","Heat"
"1843",2025-07-03 14:35:24,32.188,516.7,"Tank2","Heat"
"1844",2025-07-03 14:40:24,32.394,538.2,"Tank2","Heat"
"1845",2025-07-03 14:45:24,32.497,495.1,"Tank2","Heat"
"1846",2025-07-03 14:50:24,32.291,441.3,"Tank2","Heat"
"1847",2025-07-03 14:55:24,32.188,505.9,"Tank2","Heat"
"1848",2025-07-03 15:00:24,32.291,516.7,"Tank2","Heat"
"1849",2025-07-03 15:05:24,32.497,505.9,"Tank2","Heat"
"1850",2025-07-03 15:10:24,32.394,516.7,"Tank2","Heat"
"1851",2025-07-03 15:15:24,32.291,538.2,"Tank2","Heat"
"1852",2025-07-03 15:20:24,32.188,538.2,"Tank2","Heat"
"1853",2025-07-03 15:25:24,32.394,505.9,"Tank2","Heat"
"1854",2025-07-03 15:30:24,32.497,516.7,"Tank2","Heat"
"1855",2025-07-03 15:35:24,32.394,516.7,"Tank2","Heat"
"1856",2025-07-03 15:40:24,32.291,516.7,"Tank2","Heat"
"1857",2025-07-03 15:45:24,32.188,549,"Tank2","Heat"
"1858",2025-07-03 15:50:24,32.497,549,"Tank2","Heat"
"1859",2025-07-03 15:55:24,32.394,559.7,"Tank2","Heat"
"1860",2025-07-03 16:00:24,32.291,516.7,"Tank2","Heat"
"1861",2025-07-03 16:05:24,32.188,527.4,"Tank2","Heat"
"1862",2025-07-03 16:10:24,32.291,495.1,"Tank2","Heat"
"1863",2025-07-03 16:15:24,32.497,505.9,"Tank2","Heat"
"1864",2025-07-03 16:20:24,32.394,473.6,"Tank2","Heat"
"1865",2025-07-03 16:25:24,32.291,462.9,"Tank2","Heat"
"1866",2025-07-03 16:30:24,32.188,473.6,"Tank2","Heat"
"1867",2025-07-03 16:35:24,32.394,409,"Tank2","Heat"
"1868",2025-07-03 16:40:24,32.497,452.1,"Tank2","Heat"
"1869",2025-07-03 16:45:24,32.394,409,"Tank2","Heat"
"1870",2025-07-03 16:50:24,32.291,409,"Tank2","Heat"
"1871",2025-07-03 16:55:24,32.188,409,"Tank2","Heat"
"1872",2025-07-03 17:00:24,32.394,376.7,"Tank2","Heat"
"1873",2025-07-03 17:05:24,32.394,333.7,"Tank2","Heat"
"1874",2025-07-03 17:10:24,32.291,366,"Tank2","Heat"
"1875",2025-07-03 17:15:24,32.188,344.4,"Tank2","Heat"
"1876",2025-07-03 17:20:24,32.291,312.2,"Tank2","Heat"
"1877",2025-07-03 17:25:24,32.394,312.2,"Tank2","Heat"
"1878",2025-07-03 17:30:24,32.394,290.6,"Tank2","Heat"
"1879",2025-07-03 17:35:24,32.291,236.8,"Tank2","Heat"
"1880",2025-07-03 17:40:24,32.086,269.1,"Tank2","Heat"
"1881",2025-07-03 17:45:24,32.394,269.1,"Tank2","Heat"
"1882",2025-07-03 17:50:24,32.394,226,"Tank2","Heat"
"1883",2025-07-03 17:55:24,32.291,193.8,"Tank2","Heat"
"1884",2025-07-03 18:00:24,32.188,226,"Tank2","Heat"
"1885",2025-07-03 18:05:24,32.188,193.8,"Tank2","Heat"
"1886",2025-07-03 18:10:24,32.394,183,"Tank2","Heat"
"1887",2025-07-03 18:15:24,32.394,183,"Tank2","Heat"
"1888",2025-07-03 18:20:24,32.291,161.5,"Tank2","Heat"
"1889",2025-07-03 18:25:24,32.188,118.4,"Tank2","Heat"
"1890",2025-07-03 18:30:24,32.394,118.4,"Tank2","Heat"
"1891",2025-07-03 18:35:24,32.394,107.6,"Tank2","Heat"
"1892",2025-07-03 18:40:24,32.291,129.2,"Tank2","Heat"
"1893",2025-07-03 18:45:24,32.086,129.2,"Tank2","Heat"
"1894",2025-07-03 18:50:24,32.394,96.9,"Tank2","Heat"
"1895",2025-07-03 18:55:24,32.394,75.3,"Tank2","Heat"
"1896",2025-07-03 19:00:24,32.291,43.1,"Tank2","Heat"
"1897",2025-07-03 19:05:24,32.188,75.3,"Tank2","Heat"
"1898",2025-07-03 19:10:24,32.291,43.1,"Tank2","Heat"
"1899",2025-07-03 19:15:24,32.394,53.8,"Tank2","Heat"
"1900",2025-07-03 19:20:24,32.291,96.9,"Tank2","Heat"
"1901",2025-07-03 19:25:24,32.188,53.8,"Tank2","Heat"
"1902",2025-07-03 19:30:24,32.188,10.8,"Tank2","Heat"
"1903",2025-07-03 19:35:24,32.394,32.3,"Tank2","Heat"
"1904",2025-07-03 19:40:24,32.394,10.8,"Tank2","Heat"
"1905",2025-07-03 19:45:24,32.188,0,"Tank2","Heat"
"1906",2025-07-03 19:50:24,32.086,0,"Tank2","Heat"
"1907",2025-07-03 19:55:24,32.394,0,"Tank2","Heat"
"1908",2025-07-03 20:00:24,32.394,0,"Tank2","Heat"
"1909",2025-07-03 20:05:24,32.291,0,"Tank2","Heat"
"1910",2025-07-03 20:10:24,32.188,0,"Tank2","Heat"
"1911",2025-07-03 20:15:24,32.291,0,"Tank2","Heat"
"1912",2025-07-03 20:20:24,32.394,0,"Tank2","Heat"
"1913",2025-07-03 20:25:24,32.291,0,"Tank2","Heat"
"1914",2025-07-03 20:30:24,32.188,0,"Tank2","Heat"
"1915",2025-07-03 20:35:24,32.188,0,"Tank2","Heat"
"1916",2025-07-03 20:40:24,32.394,0,"Tank2","Heat"
"1917",2025-07-03 20:45:24,32.291,0,"Tank2","Heat"
"1918",2025-07-03 20:50:24,32.188,0,"Tank2","Heat"
"1919",2025-07-03 20:55:24,32.188,0,"Tank2","Heat"
"1920",2025-07-03 21:00:24,32.394,0,"Tank2","Heat"
"1921",2025-07-03 21:05:24,32.394,0,"Tank2","Heat"
"1922",2025-07-03 21:10:24,32.291,0,"Tank2","Heat"
"1923",2025-07-03 21:15:24,32.086,0,"Tank2","Heat"
"1924",2025-07-03 21:20:24,32.291,0,"Tank2","Heat"
"1925",2025-07-03 21:25:24,32.394,0,"Tank2","Heat"
"1926",2025-07-03 21:30:24,32.291,0,"Tank2","Heat"
"1927",2025-07-03 21:35:24,32.188,0,"Tank2","Heat"
"1928",2025-07-03 21:40:24,32.188,0,"Tank2","Heat"
"1929",2025-07-03 21:45:24,32.394,0,"Tank2","Heat"
"1930",2025-07-03 21:50:24,32.394,0,"Tank2","Heat"
"1931",2025-07-03 21:55:24,32.291,0,"Tank2","Heat"
"1932",2025-07-03 22:00:24,32.086,0,"Tank2","Heat"
"1933",2025-07-03 22:05:24,32.291,0,"Tank2","Heat"
"1934",2025-07-03 22:10:24,32.394,0,"Tank2","Heat"
"1935",2025-07-03 22:15:24,32.291,0,"Tank2","Heat"
"1936",2025-07-03 22:20:24,32.188,0,"Tank2","Heat"
"1937",2025-07-03 22:25:24,32.291,0,"Tank2","Heat"
"1938",2025-07-03 22:30:24,32.394,0,"Tank2","Heat"
"1939",2025-07-03 22:35:24,32.291,0,"Tank2","Heat"
"1940",2025-07-03 22:40:24,32.188,0,"Tank2","Heat"
"1941",2025-07-03 22:45:24,32.086,0,"Tank2","Heat"
"1942",2025-07-03 22:50:24,32.394,0,"Tank2","Heat"
"1943",2025-07-03 22:55:24,32.394,0,"Tank2","Heat"
"1944",2025-07-03 23:00:24,32.291,0,"Tank2","Heat"
"1945",2025-07-03 23:05:24,32.188,0,"Tank2","Heat"
"1946",2025-07-03 23:10:24,32.291,0,"Tank2","Heat"
"1947",2025-07-03 23:15:24,32.394,0,"Tank2","Heat"
"1948",2025-07-03 23:20:24,32.394,0,"Tank2","Heat"
"1949",2025-07-03 23:25:24,32.188,0,"Tank2","Heat"
"1950",2025-07-03 23:30:24,32.188,0,"Tank2","Heat"
"1951",2025-07-03 23:35:24,32.394,0,"Tank2","Heat"
"1952",2025-07-03 23:40:24,32.394,0,"Tank2","Heat"
"1953",2025-07-03 23:45:24,32.188,0,"Tank2","Heat"
"1954",2025-07-03 23:50:24,32.086,0,"Tank2","Heat"
"1955",2025-07-03 23:55:24,32.394,0,"Tank2","Heat"
"1956",2025-07-04 00:00:24,32.394,0,"Tank2","Heat"
"1957",2025-07-04 00:05:24,32.291,0,"Tank2","Heat"
"1958",2025-07-04 00:10:24,32.188,0,"Tank2","Heat"
"1959",2025-07-04 00:15:24,32.291,0,"Tank2","Heat"
"1960",2025-07-04 00:20:24,32.394,0,"Tank2","Heat"
"1961",2025-07-04 00:25:24,32.291,0,"Tank2","Heat"
"1962",2025-07-04 00:30:24,32.188,0,"Tank2","Heat"
"1963",2025-07-04 00:35:24,32.086,0,"Tank2","Heat"
"1964",2025-07-04 00:40:24,32.394,0,"Tank2","Heat"
"1965",2025-07-04 00:45:24,32.394,0,"Tank2","Heat"
"1966",2025-07-04 00:50:24,32.291,0,"Tank2","Heat"
"1967",2025-07-04 00:55:24,32.086,0,"Tank2","Heat"
"1968",2025-07-04 01:00:24,32.291,0,"Tank2","Heat"
"1969",2025-07-04 01:05:24,32.394,0,"Tank2","Heat"
"1970",2025-07-04 01:10:24,32.291,0,"Tank2","Heat"
"1971",2025-07-04 01:15:24,32.188,0,"Tank2","Heat"
"1972",2025-07-04 01:20:24,32.188,0,"Tank2","Heat"
"1973",2025-07-04 01:25:24,32.394,0,"Tank2","Heat"
"1974",2025-07-04 01:30:24,32.394,0,"Tank2","Heat"
"1975",2025-07-04 01:35:24,32.291,0,"Tank2","Heat"
"1976",2025-07-04 01:40:24,32.086,0,"Tank2","Heat"
"1977",2025-07-04 01:45:24,32.394,0,"Tank2","Heat"
"1978",2025-07-04 01:50:24,32.394,0,"Tank2","Heat"
"1979",2025-07-04 01:55:24,32.291,0,"Tank2","Heat"
"1980",2025-07-04 02:00:24,32.188,0,"Tank2","Heat"
"1981",2025-07-04 02:05:24,32.188,0,"Tank2","Heat"
"1982",2025-07-04 02:10:24,32.394,0,"Tank2","Heat"
"1983",2025-07-04 02:15:24,32.394,0,"Tank2","Heat"
"1984",2025-07-04 02:20:24,32.188,0,"Tank2","Heat"
"1985",2025-07-04 02:25:24,32.086,0,"Tank2","Heat"
"1986",2025-07-04 02:30:24,32.394,0,"Tank2","Heat"
"1987",2025-07-04 02:35:24,32.394,0,"Tank2","Heat"
"1988",2025-07-04 02:40:24,32.291,0,"Tank2","Heat"
"1989",2025-07-04 02:45:24,32.188,0,"Tank2","Heat"
"1990",2025-07-04 02:50:24,32.291,0,"Tank2","Heat"
"1991",2025-07-04 02:55:24,32.394,0,"Tank2","Heat"
"1992",2025-07-04 03:00:24,32.291,0,"Tank2","Heat"
"1993",2025-07-04 03:05:24,32.188,0,"Tank2","Heat"
"1994",2025-07-04 03:10:24,32.188,0,"Tank2","Heat"
"1995",2025-07-04 03:15:24,32.394,0,"Tank2","Heat"
"1996",2025-07-04 03:20:24,32.394,0,"Tank2","Heat"
"1997",2025-07-04 03:25:24,32.291,0,"Tank2","Heat"
"1998",2025-07-04 03:30:24,32.086,0,"Tank2","Heat"
"1999",2025-07-04 03:35:24,32.291,0,"Tank2","Heat"
"2000",2025-07-04 03:40:24,32.394,0,"Tank2","Heat"
"2001",2025-07-04 03:45:24,32.291,0,"Tank2","Heat"
"2002",2025-07-04 03:50:24,32.188,0,"Tank2","Heat"
"2003",2025-07-04 03:55:24,32.188,0,"Tank2","Heat"
"2004",2025-07-04 04:00:24,32.394,0,"Tank2","Heat"
"2005",2025-07-04 04:05:24,32.394,0,"Tank2","Heat"
"2006",2025-07-04 04:10:24,32.188,0,"Tank2","Heat"
"2007",2025-07-04 04:15:24,32.086,0,"Tank2","Heat"
"2008",2025-07-04 04:20:24,32.394,0,"Tank2","Heat"
"2009",2025-07-04 04:25:24,32.394,0,"Tank2","Heat"
"2010",2025-07-04 04:30:24,32.291,0,"Tank2","Heat"
"2011",2025-07-04 04:35:24,32.188,0,"Tank2","Heat"
"2012",2025-07-04 04:40:24,32.291,0,"Tank2","Heat"
"2013",2025-07-04 04:45:24,32.394,0,"Tank2","Heat"
"2014",2025-07-04 04:50:24,32.394,0,"Tank2","Heat"
"2015",2025-07-04 04:55:24,32.291,0,"Tank2","Heat"
"2016",2025-07-04 05:00:24,32.188,0,"Tank2","Heat"
"2017",2025-07-04 05:05:24,32.291,0,"Tank2","Heat"
"2018",2025-07-04 05:10:24,32.394,0,"Tank2","Heat"
"2019",2025-07-04 05:15:24,32.394,0,"Tank2","Heat"
"2020",2025-07-04 05:20:24,32.291,0,"Tank2","Heat"
"2021",2025-07-04 05:25:24,32.188,0,"Tank2","Heat"
"2022",2025-07-04 05:30:24,32.188,0,"Tank2","Heat"
"2023",2025-07-04 05:35:24,32.394,0,"Tank2","Heat"
"2024",2025-07-04 05:40:24,32.394,0,"Tank2","Heat"
"2025",2025-07-04 05:45:24,32.291,0,"Tank2","Heat"
"2026",2025-07-04 05:50:24,32.188,0,"Tank2","Heat"
"2027",2025-07-04 05:55:24,32.188,0,"Tank2","Heat"
"2028",2025-07-04 06:00:24,32.394,0,"Tank2","Heat"
"2029",2025-07-04 06:05:24,32.394,0,"Tank2","Heat"
"2030",2025-07-04 06:10:24,32.291,0,"Tank2","Heat"
"2031",2025-07-04 06:15:24,32.188,0,"Tank2","Heat"
"2032",2025-07-04 06:20:24,32.291,0,"Tank2","Heat"
"2033",2025-07-04 06:25:24,32.394,0,"Tank2","Heat"
"2034",2025-07-04 06:30:24,32.394,0,"Tank2","Heat"
"2035",2025-07-04 06:35:24,32.188,0,"Tank2","Heat"
"2036",2025-07-04 06:40:24,32.086,0,"Tank2","Heat"
"2037",2025-07-04 06:45:24,32.291,0,"Tank2","Heat"
"2038",2025-07-04 06:50:24,32.394,0,"Tank2","Heat"
"2039",2025-07-04 06:55:24,32.291,0,"Tank2","Heat"
"2040",2025-07-04 07:00:24,32.291,0,"Tank2","Heat"
"2041",2025-07-04 07:05:24,32.188,0,"Tank2","Heat"
"2042",2025-07-04 07:10:24,32.394,0,"Tank2","Heat"
"2043",2025-07-04 07:15:24,32.394,0,"Tank2","Heat"
"2044",2025-07-04 07:20:24,32.291,0,"Tank2","Heat"
"2045",2025-07-04 07:25:24,32.188,0,"Tank2","Heat"
"2046",2025-07-04 07:30:24,32.188,0,"Tank2","Heat"
"2047",2025-07-04 07:35:24,32.394,0,"Tank2","Heat"
"2048",2025-07-04 07:40:24,32.394,0,"Tank2","Heat"
"2049",2025-07-04 07:45:24,32.291,0,"Tank2","Heat"
"2050",2025-07-04 07:50:24,32.188,0,"Tank2","Heat"
"2051",2025-07-04 07:55:24,32.188,0,"Tank2","Heat"
"2052",2025-07-04 08:00:24,32.394,0,"Tank2","Heat"
"2053",2025-07-04 08:05:24,32.394,0,"Tank2","Heat"
"2054",2025-07-04 08:10:24,32.291,0,"Tank2","Heat"
"2055",2025-07-04 08:15:24,32.188,21.5,"Tank2","Heat"
"2056",2025-07-04 08:20:24,32.188,0,"Tank2","Heat"
"2057",2025-07-04 08:25:24,32.394,0,"Tank2","Heat"
"2058",2025-07-04 08:30:24,32.291,10.8,"Tank2","Heat"
"2059",2025-07-04 08:35:24,32.291,75.3,"Tank2","Heat"
"2060",2025-07-04 08:40:24,32.086,32.3,"Tank2","Heat"
"2061",2025-07-04 08:45:24,32.394,32.3,"Tank2","Heat"
"2062",2025-07-04 08:50:24,32.394,10.8,"Tank2","Heat"
"2063",2025-07-04 08:55:24,32.291,96.9,"Tank2","Heat"
"2064",2025-07-04 09:00:24,32.188,86.1,"Tank2","Heat"
"2065",2025-07-04 09:05:24,32.188,75.3,"Tank2","Heat"
"2066",2025-07-04 09:10:24,32.394,161.5,"Tank2","Heat"
"2067",2025-07-04 09:15:24,32.394,150.7,"Tank2","Heat"
"2068",2025-07-04 09:20:24,32.291,107.6,"Tank2","Heat"
"2069",2025-07-04 09:25:24,32.188,139.9,"Tank2","Heat"
"2070",2025-07-04 09:30:24,32.188,107.6,"Tank2","Heat"
"2071",2025-07-04 09:35:24,32.394,139.9,"Tank2","Heat"
"2072",2025-07-04 09:40:24,32.394,150.7,"Tank2","Heat"
"2073",2025-07-04 09:45:24,32.291,139.9,"Tank2","Heat"
"2074",2025-07-04 09:50:24,32.188,150.7,"Tank2","Heat"
"2075",2025-07-04 09:55:24,32.188,161.5,"Tank2","Heat"
"2076",2025-07-04 10:00:24,32.394,204.5,"Tank2","Heat"
"2077",2025-07-04 10:05:24,32.394,226,"Tank2","Heat"
"2078",2025-07-04 10:10:24,32.291,236.8,"Tank2","Heat"
"2079",2025-07-04 10:15:24,32.188,279.9,"Tank2","Heat"
"2080",2025-07-04 10:20:24,32.188,247.6,"Tank2","Heat"
"2081",2025-07-04 10:25:24,32.394,269.1,"Tank2","Heat"
"2082",2025-07-04 10:30:24,32.291,290.6,"Tank2","Heat"
"2083",2025-07-04 10:35:24,32.188,312.2,"Tank2","Heat"
"2084",2025-07-04 10:40:24,32.291,301.4,"Tank2","Heat"
"2085",2025-07-04 10:45:24,32.497,301.4,"Tank2","Heat"
"2086",2025-07-04 10:50:24,32.394,366,"Tank2","Heat"
"2087",2025-07-04 10:55:24,32.291,312.2,"Tank2","Heat"
"2088",2025-07-04 11:00:24,32.394,333.7,"Tank2","Heat"
"2089",2025-07-04 11:05:24,32.6,355.2,"Tank2","Heat"
"2090",2025-07-04 11:10:24,32.497,398.3,"Tank2","Heat"
"2091",2025-07-04 11:15:24,32.394,376.7,"Tank2","Heat"
"2092",2025-07-04 11:20:24,32.291,409,"Tank2","Heat"
"2093",2025-07-04 11:25:24,32.497,409,"Tank2","Heat"
"2094",2025-07-04 11:30:24,32.497,398.3,"Tank2","Heat"
"2095",2025-07-04 11:40:24,32.394,473.6,"Tank2","Heat"
"2096",2025-07-04 11:45:24,32.291,505.9,"Tank2","Heat"
"2097",2025-07-04 11:50:24,32.6,495.1,"Tank2","Heat"
"2098",2025-07-04 11:55:24,32.497,484.4,"Tank2","Heat"
"2099",2025-07-04 12:00:24,32.394,516.7,"Tank2","Heat"
"2100",2025-07-04 12:05:24,32.291,538.2,"Tank2","Heat"
"2101",2025-07-04 12:10:24,32.394,527.4,"Tank2","Heat"
"2102",2025-07-04 12:15:24,32.6,538.2,"Tank2","Heat"
"2103",2025-07-04 12:20:24,32.497,527.4,"Tank2","Heat"
"2104",2025-07-04 12:25:24,32.394,516.7,"Tank2","Heat"
"2105",2025-07-04 12:30:24,32.291,549,"Tank2","Heat"
"2106",2025-07-04 12:35:24,32.497,549,"Tank2","Heat"
"2107",2025-07-04 12:40:24,32.497,516.7,"Tank2","Heat"
"2108",2025-07-04 12:45:24,32.497,549,"Tank2","Heat"
"2109",2025-07-04 12:50:24,32.394,538.2,"Tank2","Heat"
"2110",2025-07-04 12:55:24,32.291,516.7,"Tank2","Heat"
"2111",2025-07-04 13:00:24,32.6,559.7,"Tank2","Heat"
"2112",2025-07-04 13:05:24,32.6,495.1,"Tank2","Heat"
"2113",2025-07-04 13:10:24,32.497,505.9,"Tank2","Heat"
"2114",2025-07-04 13:15:24,32.394,516.7,"Tank2","Heat"
"2115",2025-07-04 13:20:24,32.291,549,"Tank2","Heat"
"2116",2025-07-04 13:25:24,32.6,549,"Tank2","Heat"
"2117",2025-07-04 13:30:24,32.497,516.7,"Tank2","Heat"
"2118",2025-07-04 13:35:24,32.394,516.7,"Tank2","Heat"
"2119",2025-07-04 13:40:24,32.291,538.2,"Tank2","Heat"
"2120",2025-07-04 13:45:24,32.291,538.2,"Tank2","Heat"
"2121",2025-07-04 13:50:24,32.6,505.9,"Tank2","Heat"
"2122",2025-07-04 13:55:24,32.497,549,"Tank2","Heat"
"2123",2025-07-04 14:00:24,32.394,538.2,"Tank2","Heat"
"2124",2025-07-04 14:05:24,32.291,538.2,"Tank2","Heat"
"2125",2025-07-04 14:10:24,32.394,516.7,"Tank2","Heat"
"2126",2025-07-04 14:15:24,32.6,527.4,"Tank2","Heat"
"2127",2025-07-04 14:20:24,32.497,538.2,"Tank2","Heat"
"2128",2025-07-04 14:25:24,32.394,527.4,"Tank2","Heat"
"2129",2025-07-04 14:30:24,32.291,505.9,"Tank2","Heat"
"2130",2025-07-04 14:35:24,32.394,559.7,"Tank2","Heat"
"2131",2025-07-04 14:40:24,32.6,495.1,"Tank2","Heat"
"2132",2025-07-04 14:45:24,32.497,549,"Tank2","Heat"
"2133",2025-07-04 14:50:24,32.394,516.7,"Tank2","Heat"
"2134",2025-07-04 14:55:24,32.291,549,"Tank2","Heat"
"2135",2025-07-04 15:00:24,32.394,559.7,"Tank2","Heat"
"2136",2025-07-04 15:05:24,32.6,516.7,"Tank2","Heat"
"2137",2025-07-04 15:10:24,32.497,516.7,"Tank2","Heat"
"2138",2025-07-04 15:15:24,32.394,495.1,"Tank2","Heat"
"2139",2025-07-04 15:20:24,32.291,505.9,"Tank2","Heat"
"2140",2025-07-04 15:25:24,32.394,527.4,"Tank2","Heat"
"2141",2025-07-04 15:30:24,32.6,527.4,"Tank2","Heat"
"2142",2025-07-04 15:35:24,32.497,549,"Tank2","Heat"
"2143",2025-07-04 15:40:24,32.394,538.2,"Tank2","Heat"
"2144",2025-07-04 15:45:24,32.291,538.2,"Tank2","Heat"
"2145",2025-07-04 15:50:24,32.394,527.4,"Tank2","Heat"
"2146",2025-07-04 15:55:24,32.6,538.2,"Tank2","Heat"
"2147",2025-07-04 16:00:24,32.497,527.4,"Tank2","Heat"
"2148",2025-07-04 16:05:24,32.394,527.4,"Tank2","Heat"
"2149",2025-07-04 16:10:24,32.291,505.9,"Tank2","Heat"
"2150",2025-07-04 16:15:24,32.497,462.9,"Tank2","Heat"
"2151",2025-07-04 16:20:24,32.6,452.1,"Tank2","Heat"
"2152",2025-07-04 16:25:24,32.497,473.6,"Tank2","Heat"
"2153",2025-07-04 16:30:24,32.394,441.3,"Tank2","Heat"
"2154",2025-07-04 16:35:24,32.291,441.3,"Tank2","Heat"
"2155",2025-07-04 16:40:24,32.6,398.3,"Tank2","Heat"
"2156",2025-07-04 16:45:24,32.497,398.3,"Tank2","Heat"
"2157",2025-07-04 16:50:24,32.394,398.3,"Tank2","Heat"
"2158",2025-07-04 16:55:24,32.291,398.3,"Tank2","Heat"
"2159",2025-07-04 17:00:24,32.394,366,"Tank2","Heat"
"2160",2025-07-04 17:05:24,32.6,344.4,"Tank2","Heat"
"2161",2025-07-04 17:10:24,32.497,344.4,"Tank2","Heat"
"2162",2025-07-04 17:15:24,32.394,322.9,"Tank2","Heat"
"2163",2025-07-04 17:20:24,32.291,290.6,"Tank2","Heat"
"2164",2025-07-04 17:25:24,32.497,279.9,"Tank2","Heat"
"2165",2025-07-04 17:30:24,32.497,312.2,"Tank2","Heat"
"2166",2025-07-04 17:35:24,32.394,279.9,"Tank2","Heat"
"2167",2025-07-04 17:40:24,32.291,258.3,"Tank2","Heat"
"2168",2025-07-04 17:45:24,32.394,247.6,"Tank2","Heat"
"2169",2025-07-04 17:50:24,32.497,236.8,"Tank2","Heat"
"2170",2025-07-04 17:55:24,32.497,226,"Tank2","Heat"
"2171",2025-07-04 18:00:24,32.291,172.2,"Tank2","Heat"
"2172",2025-07-04 18:05:24,32.291,172.2,"Tank2","Heat"
"2173",2025-07-04 18:10:24,32.497,183,"Tank2","Heat"
"2174",2025-07-04 18:15:24,32.188,161.5,"Tank2","Heat"
"2175",2025-07-04 18:20:24,31.778,183,"Tank2","Heat"
"2176",2025-07-04 18:25:24,32.086,107.6,"Tank2","Heat"
"2177",2025-07-04 18:30:24,32.497,139.9,"Tank2","Heat"
"2178",2025-07-04 18:35:24,32.6,139.9,"Tank2","Heat"
"2179",2025-07-04 18:40:24,32.394,96.9,"Tank2","Heat"
"2180",2025-07-04 18:45:24,32.291,150.7,"Tank2","Heat"
"2181",2025-07-04 18:50:24,32.291,86.1,"Tank2","Heat"
"2182",2025-07-04 18:55:24,32.188,64.6,"Tank2","Heat"
"2183",2025-07-04 19:00:24,32.394,75.3,"Tank2","Heat"
"2184",2025-07-04 19:05:24,32.394,43.1,"Tank2","Heat"
"2185",2025-07-04 19:10:24,32.291,53.8,"Tank2","Heat"
"2186",2025-07-04 19:15:24,32.188,53.8,"Tank2","Heat"
"2187",2025-07-04 19:20:24,32.394,32.3,"Tank2","Heat"
"2188",2025-07-04 19:25:24,32.394,21.5,"Tank2","Heat"
"2189",2025-07-04 19:30:24,32.291,32.3,"Tank2","Heat"
"2190",2025-07-04 19:35:24,32.188,10.8,"Tank2","Heat"
"2191",2025-07-04 19:40:24,32.291,0,"Tank2","Heat"
"2192",2025-07-04 19:45:24,32.497,0,"Tank2","Heat"
"2193",2025-07-04 19:50:24,32.394,0,"Tank2","Heat"
"2194",2025-07-04 19:55:24,32.188,0,"Tank2","Heat"
"2195",2025-07-04 20:00:24,32.188,0,"Tank2","Heat"
"2196",2025-07-04 20:05:24,32.394,0,"Tank2","Heat"
"2197",2025-07-04 20:10:24,32.394,0,"Tank2","Heat"
"2198",2025-07-04 20:15:24,32.291,0,"Tank2","Heat"
"2199",2025-07-04 20:20:24,32.188,0,"Tank2","Heat"
"2200",2025-07-04 20:25:24,32.394,0,"Tank2","Heat"
"2201",2025-07-04 20:30:24,32.394,0,"Tank2","Heat"
"2202",2025-07-04 20:35:24,32.291,0,"Tank2","Heat"
"2203",2025-07-04 20:40:24,32.291,0,"Tank2","Heat"
"2204",2025-07-04 20:45:24,32.291,0,"Tank2","Heat"
"2205",2025-07-04 20:50:24,32.497,0,"Tank2","Heat"
"2206",2025-07-04 20:55:24,32.394,0,"Tank2","Heat"
"2207",2025-07-04 21:00:24,32.291,0,"Tank2","Heat"
"2208",2025-07-04 21:05:24,32.188,0,"Tank2","Heat"
"2209",2025-07-04 21:10:24,32.394,0,"Tank2","Heat"
"2210",2025-07-04 21:15:24,32.394,0,"Tank2","Heat"
"2211",2025-07-04 21:20:24,32.291,0,"Tank2","Heat"
"2212",2025-07-04 21:25:24,32.188,0,"Tank2","Heat"
"2213",2025-07-04 21:30:24,32.291,0,"Tank2","Heat"
"2214",2025-07-04 21:35:24,32.497,0,"Tank2","Heat"
"2215",2025-07-04 21:40:24,32.394,0,"Tank2","Heat"
"2216",2025-07-04 21:45:24,32.291,0,"Tank2","Heat"
"2217",2025-07-04 21:50:24,32.188,0,"Tank2","Heat"
"2218",2025-07-04 21:55:24,32.394,0,"Tank2","Heat"
"2219",2025-07-04 22:00:24,32.394,0,"Tank2","Heat"
"2220",2025-07-04 22:05:24,32.291,0,"Tank2","Heat"
"2221",2025-07-04 22:10:24,32.188,0,"Tank2","Heat"
"2222",2025-07-04 22:15:24,32.291,0,"Tank2","Heat"
"2223",2025-07-04 22:20:24,32.394,0,"Tank2","Heat"
"2224",2025-07-04 22:25:24,32.291,0,"Tank2","Heat"
"2225",2025-07-04 22:30:24,32.188,0,"Tank2","Heat"
"2226",2025-07-04 22:35:24,32.291,0,"Tank2","Heat"
"2227",2025-07-04 22:40:24,32.497,0,"Tank2","Heat"
"2228",2025-07-04 22:45:24,32.394,0,"Tank2","Heat"
"2229",2025-07-04 22:50:24,32.291,0,"Tank2","Heat"
"2230",2025-07-04 22:55:24,32.188,0,"Tank2","Heat"
"2231",2025-07-04 23:00:24,32.394,0,"Tank2","Heat"
"2232",2025-07-04 23:05:24,32.497,0,"Tank2","Heat"
"2233",2025-07-04 23:10:24,32.394,0,"Tank2","Heat"
"2234",2025-07-04 23:15:24,32.291,0,"Tank2","Heat"
"2235",2025-07-04 23:20:24,32.188,0,"Tank2","Heat"
"2236",2025-07-04 23:25:24,32.497,0,"Tank2","Heat"
"2237",2025-07-04 23:30:24,32.394,0,"Tank2","Heat"
"2238",2025-07-04 23:35:24,32.291,0,"Tank2","Heat"
"2239",2025-07-04 23:40:24,32.188,0,"Tank2","Heat"
"2240",2025-07-04 23:45:24,32.394,0,"Tank2","Heat"
"2241",2025-07-04 23:50:24,32.497,0,"Tank2","Heat"
"2242",2025-07-04 23:55:24,32.394,0,"Tank2","Heat"
"2243",2025-07-05 00:00:24,32.291,0,"Tank2","Heat"
"2244",2025-07-05 00:05:24,32.188,0,"Tank2","Heat"
"2245",2025-07-05 00:10:24,32.394,0,"Tank2","Heat"
"2246",2025-07-05 00:15:24,32.497,0,"Tank2","Heat"
"2247",2025-07-05 00:20:24,32.394,0,"Tank2","Heat"
"2248",2025-07-05 00:25:24,32.291,0,"Tank2","Heat"
"2249",2025-07-05 00:30:24,32.188,0,"Tank2","Heat"
"2250",2025-07-05 00:35:24,32.394,0,"Tank2","Heat"
"2251",2025-07-05 00:40:24,32.394,0,"Tank2","Heat"
"2252",2025-07-05 00:45:24,32.291,0,"Tank2","Heat"
"2253",2025-07-05 00:50:24,32.188,0,"Tank2","Heat"
"2254",2025-07-05 00:55:24,32.394,0,"Tank2","Heat"
"2255",2025-07-05 01:00:24,32.497,0,"Tank2","Heat"
"2256",2025-07-05 01:05:24,32.394,0,"Tank2","Heat"
"2257",2025-07-05 01:10:24,32.291,0,"Tank2","Heat"
"2258",2025-07-05 01:15:24,32.188,0,"Tank2","Heat"
"2259",2025-07-05 01:20:24,32.497,0,"Tank2","Heat"
"2260",2025-07-05 01:25:24,32.497,0,"Tank2","Heat"
"2261",2025-07-05 01:30:24,32.394,0,"Tank2","Heat"
"2262",2025-07-05 01:35:24,32.291,0,"Tank2","Heat"
"2263",2025-07-05 01:40:24,32.188,0,"Tank2","Heat"
"2264",2025-07-05 01:45:24,32.497,0,"Tank2","Heat"
"2265",2025-07-05 01:50:24,32.394,0,"Tank2","Heat"
"2266",2025-07-05 01:55:24,32.291,0,"Tank2","Heat"
"2267",2025-07-05 02:00:24,32.188,0,"Tank2","Heat"
"2268",2025-07-05 02:05:24,32.291,0,"Tank2","Heat"
"2269",2025-07-05 02:10:24,32.497,0,"Tank2","Heat"
"2270",2025-07-05 02:15:24,32.394,0,"Tank2","Heat"
"2271",2025-07-05 02:20:24,32.291,0,"Tank2","Heat"
"2272",2025-07-05 02:25:24,32.188,0,"Tank2","Heat"
"2273",2025-07-05 02:30:24,32.394,0,"Tank2","Heat"
"2274",2025-07-05 02:35:24,32.497,0,"Tank2","Heat"
"2275",2025-07-05 02:40:24,32.394,0,"Tank2","Heat"
"2276",2025-07-05 02:45:24,32.291,0,"Tank2","Heat"
"2277",2025-07-05 02:50:24,32.188,0,"Tank2","Heat"
"2278",2025-07-05 02:55:24,32.394,0,"Tank2","Heat"
"2279",2025-07-05 03:00:24,32.497,0,"Tank2","Heat"
"2280",2025-07-05 03:05:24,32.394,0,"Tank2","Heat"
"2281",2025-07-05 03:10:24,32.291,0,"Tank2","Heat"
"2282",2025-07-05 03:15:24,32.188,0,"Tank2","Heat"
"2283",2025-07-05 03:20:24,32.497,0,"Tank2","Heat"
"2284",2025-07-05 03:25:24,32.394,0,"Tank2","Heat"
"2285",2025-07-05 03:30:24,32.291,0,"Tank2","Heat"
"2286",2025-07-05 03:35:24,32.188,0,"Tank2","Heat"
"2287",2025-07-05 03:40:24,32.291,0,"Tank2","Heat"
"2288",2025-07-05 03:45:24,32.497,0,"Tank2","Heat"
"2289",2025-07-05 03:50:24,32.394,0,"Tank2","Heat"
"2290",2025-07-05 03:55:24,32.291,0,"Tank2","Heat"
"2291",2025-07-05 04:00:24,32.188,0,"Tank2","Heat"
"2292",2025-07-05 04:05:24,32.394,0,"Tank2","Heat"
"2293",2025-07-05 04:10:24,32.394,0,"Tank2","Heat"
"2294",2025-07-05 04:15:24,32.394,0,"Tank2","Heat"
"2295",2025-07-05 04:20:24,32.291,0,"Tank2","Heat"
"2296",2025-07-05 04:25:24,32.291,0,"Tank2","Heat"
"2297",2025-07-05 04:30:24,32.497,0,"Tank2","Heat"
"2298",2025-07-05 04:35:24,32.394,0,"Tank2","Heat"
"2299",2025-07-05 04:40:24,32.291,0,"Tank2","Heat"
"2300",2025-07-05 04:45:24,32.188,0,"Tank2","Heat"
"2301",2025-07-05 04:50:24,32.394,0,"Tank2","Heat"
"2302",2025-07-05 04:55:24,32.497,0,"Tank2","Heat"
"2303",2025-07-05 05:00:24,32.394,0,"Tank2","Heat"
"2304",2025-07-05 05:05:24,32.291,0,"Tank2","Heat"
"2305",2025-07-05 05:10:24,32.291,0,"Tank2","Heat"
"2306",2025-07-05 05:15:24,32.497,0,"Tank2","Heat"
"2307",2025-07-05 05:20:24,32.394,0,"Tank2","Heat"
"2308",2025-07-05 05:25:24,32.291,0,"Tank2","Heat"
"2309",2025-07-05 05:30:24,32.188,0,"Tank2","Heat"
"2310",2025-07-05 05:35:24,32.394,0,"Tank2","Heat"
"2311",2025-07-05 05:40:24,32.394,0,"Tank2","Heat"
"2312",2025-07-05 05:45:24,32.291,0,"Tank2","Heat"
"2313",2025-07-05 05:50:24,32.188,0,"Tank2","Heat"
"2314",2025-07-05 05:55:24,32.394,0,"Tank2","Heat"
"2315",2025-07-05 06:00:24,32.394,0,"Tank2","Heat"
"2316",2025-07-05 06:05:24,32.291,0,"Tank2","Heat"
"2317",2025-07-05 06:10:24,32.188,0,"Tank2","Heat"
"2318",2025-07-05 06:15:24,32.291,0,"Tank2","Heat"
"2319",2025-07-05 06:20:24,32.394,0,"Tank2","Heat"
"2320",2025-07-05 06:25:24,32.394,0,"Tank2","Heat"
"2321",2025-07-05 06:30:24,32.291,0,"Tank2","Heat"
"2322",2025-07-05 06:35:24,32.188,0,"Tank2","Heat"
"2323",2025-07-05 06:40:24,32.394,0,"Tank2","Heat"
"2324",2025-07-05 06:45:24,32.394,0,"Tank2","Heat"
"2325",2025-07-05 06:50:24,32.291,0,"Tank2","Heat"
"2326",2025-07-05 06:55:24,32.188,0,"Tank2","Heat"
"2327",2025-07-05 07:00:24,32.291,0,"Tank2","Heat"
"2328",2025-07-05 07:05:24,32.497,0,"Tank2","Heat"
"2329",2025-07-05 07:10:24,32.394,0,"Tank2","Heat"
"2330",2025-07-05 07:15:24,32.291,0,"Tank2","Heat"
"2331",2025-07-05 07:20:24,32.188,0,"Tank2","Heat"
"2332",2025-07-05 07:25:24,32.394,0,"Tank2","Heat"
"2333",2025-07-05 07:30:24,32.497,0,"Tank2","Heat"
"2334",2025-07-05 07:35:24,32.394,0,"Tank2","Heat"
"2335",2025-07-05 07:40:24,32.291,0,"Tank2","Heat"
"2336",2025-07-05 07:45:24,32.188,0,"Tank2","Heat"
"2337",2025-07-05 07:50:24,32.497,0,"Tank2","Heat"
"2338",2025-07-05 07:55:24,32.394,0,"Tank2","Heat"
"2339",2025-07-05 08:00:24,32.291,0,"Tank2","Heat"
"2340",2025-07-05 08:05:24,32.188,0,"Tank2","Heat"
"2341",2025-07-05 08:10:24,32.394,0,"Tank2","Heat"
"2342",2025-07-05 08:15:24,32.497,0,"Tank2","Heat"
"2343",2025-07-05 08:20:24,32.394,0,"Tank2","Heat"
"2344",2025-07-05 08:25:24,32.291,0,"Tank2","Heat"
"2345",2025-07-05 08:30:24,32.188,0,"Tank2","Heat"
"2346",2025-07-05 08:35:24,32.394,0,"Tank2","Heat"
"2347",2025-07-05 08:40:24,32.394,0,"Tank2","Heat"
"2348",2025-07-05 08:45:24,32.291,0,"Tank2","Heat"
"2349",2025-07-05 08:50:24,32.188,0,"Tank2","Heat"
"2350",2025-07-05 08:55:24,32.394,0,"Tank2","Heat"
"2351",2025-07-05 09:00:24,32.497,0,"Tank2","Heat"
"2352",2025-07-05 09:05:24,32.394,0,"Tank2","Heat"
"2353",2025-07-05 09:10:24,32.291,118.4,"Tank2","Heat"
"2354",2025-07-05 09:15:24,32.188,107.6,"Tank2","Heat"
"2355",2025-07-05 09:20:24,32.497,139.9,"Tank2","Heat"
"2356",2025-07-05 09:25:24,32.394,161.5,"Tank2","Heat"
"2357",2025-07-05 09:30:24,32.291,107.6,"Tank2","Heat"
"2358",2025-07-05 09:35:24,32.188,129.2,"Tank2","Heat"
"2359",2025-07-05 09:40:24,32.291,129.2,"Tank2","Heat"
"2360",2025-07-05 09:45:24,32.497,129.2,"Tank2","Heat"
"2361",2025-07-05 09:50:24,32.394,150.7,"Tank2","Heat"
"2362",2025-07-05 09:55:24,32.291,193.8,"Tank2","Heat"
"2363",2025-07-05 10:00:24,32.188,204.5,"Tank2","Heat"
"2364",2025-07-05 10:05:24,32.497,258.3,"Tank2","Heat"
"2365",2025-07-05 10:10:24,32.497,247.6,"Tank2","Heat"
"2366",2025-07-05 10:15:24,32.394,247.6,"Tank2","Heat"
"2367",2025-07-05 10:20:24,32.188,236.8,"Tank2","Heat"
"2368",2025-07-05 10:25:24,32.394,279.9,"Tank2","Heat"
"2369",2025-07-05 10:30:24,32.497,247.6,"Tank2","Heat"
"2370",2025-07-05 10:35:24,32.394,279.9,"Tank2","Heat"
"2371",2025-07-05 10:40:24,32.291,344.4,"Tank2","Heat"
"2372",2025-07-05 10:45:24,32.188,344.4,"Tank2","Heat"
"2373",2025-07-05 10:50:24,32.394,301.4,"Tank2","Heat"
"2374",2025-07-05 10:55:24,32.497,376.7,"Tank2","Heat"
"2375",2025-07-05 11:00:24,32.394,376.7,"Tank2","Heat"
"2376",2025-07-05 11:05:24,32.291,376.7,"Tank2","Heat"
"2377",2025-07-05 11:10:24,32.497,376.7,"Tank2","Heat"
"2378",2025-07-05 11:15:24,32.6,376.7,"Tank2","Heat"
"2379",2025-07-05 11:20:24,32.497,387.5,"Tank2","Heat"
"2380",2025-07-05 11:25:24,32.394,409,"Tank2","Heat"
"2381",2025-07-05 11:30:24,32.394,441.3,"Tank2","Heat"
"2382",2025-07-05 11:35:24,32.6,452.1,"Tank2","Heat"
"2383",2025-07-05 11:40:24,32.6,441.3,"Tank2","Heat"
"2384",2025-07-05 11:45:24,32.497,484.4,"Tank2","Heat"
"2385",2025-07-05 11:50:24,32.394,527.4,"Tank2","Heat"
"2386",2025-07-05 11:55:24,32.394,484.4,"Tank2","Heat"
"2387",2025-07-05 12:00:24,32.6,473.6,"Tank2","Heat"
"2388",2025-07-05 12:05:24,32.6,549,"Tank2","Heat"
"2389",2025-07-05 12:10:24,32.497,527.4,"Tank2","Heat"
"2390",2025-07-05 12:15:24,32.394,549,"Tank2","Heat"
"2391",2025-07-05 12:20:24,32.497,505.9,"Tank2","Heat"
"2392",2025-07-05 12:25:24,32.6,527.4,"Tank2","Heat"
"2393",2025-07-05 12:30:24,32.497,549,"Tank2","Heat"
"2394",2025-07-05 12:35:24,32.497,505.9,"Tank2","Heat"
"2395",2025-07-05 12:40:24,32.291,538.2,"Tank2","Heat"
"2396",2025-07-05 12:45:24,32.497,549,"Tank2","Heat"
"2397",2025-07-05 12:50:24,32.6,516.7,"Tank2","Heat"
"2398",2025-07-05 12:55:24,32.497,527.4,"Tank2","Heat"
"2399",2025-07-05 13:00:24,32.394,527.4,"Tank2","Heat"
"2400",2025-07-05 13:05:24,32.291,538.2,"Tank2","Heat"
"2401",2025-07-05 13:10:24,32.6,527.4,"Tank2","Heat"
"2402",2025-07-05 13:15:24,32.6,549,"Tank2","Heat"
"2403",2025-07-05 13:20:24,32.497,538.2,"Tank2","Heat"
"2404",2025-07-05 13:25:24,32.394,516.7,"Tank2","Heat"
"2405",2025-07-05 13:30:24,32.394,495.1,"Tank2","Heat"
"2406",2025-07-05 13:35:24,32.6,505.9,"Tank2","Heat"
"2407",2025-07-05 13:40:24,32.6,516.7,"Tank2","Heat"
"2408",2025-07-05 13:45:24,32.497,538.2,"Tank2","Heat"
"2409",2025-07-05 13:50:24,32.394,527.4,"Tank2","Heat"
"2410",2025-07-05 13:55:24,32.394,505.9,"Tank2","Heat"
"2411",2025-07-05 14:00:24,32.6,527.4,"Tank2","Heat"
"2412",2025-07-05 14:05:24,32.6,516.7,"Tank2","Heat"
"2413",2025-07-05 14:10:24,32.497,549,"Tank2","Heat"
"2414",2025-07-05 14:15:24,32.291,538.2,"Tank2","Heat"
"2415",2025-07-05 14:20:24,32.497,549,"Tank2","Heat"
"2416",2025-07-05 14:25:24,32.6,527.4,"Tank2","Heat"
"2417",2025-07-05 14:30:24,32.497,516.7,"Tank2","Heat"
"2418",2025-07-05 14:35:24,32.394,516.7,"Tank2","Heat"
"2419",2025-07-05 14:40:24,32.291,516.7,"Tank2","Heat"
"2420",2025-07-05 14:45:24,32.6,495.1,"Tank2","Heat"
"2421",2025-07-05 14:50:24,32.6,538.2,"Tank2","Heat"
"2422",2025-07-05 14:55:24,32.497,505.9,"Tank2","Heat"
"2423",2025-07-05 15:00:24,32.394,549,"Tank2","Heat"
"2424",2025-07-05 15:05:24,32.394,549,"Tank2","Heat"
"2425",2025-07-05 15:10:24,32.6,527.4,"Tank2","Heat"
"2426",2025-07-05 15:15:24,32.6,527.4,"Tank2","Heat"
"2427",2025-07-05 15:20:24,32.497,505.9,"Tank2","Heat"
"2428",2025-07-05 15:25:24,32.394,538.2,"Tank2","Heat"
"2429",2025-07-05 15:30:24,32.497,505.9,"Tank2","Heat"
"2430",2025-07-05 15:35:24,32.6,549,"Tank2","Heat"
"2431",2025-07-05 15:40:24,32.6,538.2,"Tank2","Heat"
"2432",2025-07-05 15:45:24,32.497,527.4,"Tank2","Heat"
"2433",2025-07-05 15:50:24,32.394,538.2,"Tank2","Heat"
"2434",2025-07-05 15:55:24,32.497,538.2,"Tank2","Heat"
"2435",2025-07-05 16:00:24,32.6,505.9,"Tank2","Heat"
"2436",2025-07-05 16:05:24,32.497,527.4,"Tank2","Heat"
"2437",2025-07-05 16:10:24,32.394,505.9,"Tank2","Heat"
"2438",2025-07-05 16:15:24,32.394,505.9,"Tank2","Heat"
"2439",2025-07-05 16:20:24,32.6,495.1,"Tank2","Heat"
"2440",2025-07-05 16:25:24,32.6,430.6,"Tank2","Heat"
"2441",2025-07-05 16:30:24,32.497,419.8,"Tank2","Heat"
"2442",2025-07-05 16:35:24,32.394,398.3,"Tank2","Heat"
"2443",2025-07-05 16:40:24,32.394,441.3,"Tank2","Heat"
"2444",2025-07-05 16:45:24,32.6,409,"Tank2","Heat"
"2445",2025-07-05 16:50:24,32.497,398.3,"Tank2","Heat"
"2446",2025-07-05 16:55:24,32.497,355.2,"Tank2","Heat"
"2447",2025-07-05 17:00:24,32.291,376.7,"Tank2","Heat"
"2448",2025-07-05 17:05:24,32.497,344.4,"Tank2","Heat"
"2449",2025-07-05 17:10:24,32.6,301.4,"Tank2","Heat"
"2450",2025-07-05 17:15:24,32.497,355.2,"Tank2","Heat"
"2451",2025-07-05 17:20:24,32.394,301.4,"Tank2","Heat"
"2452",2025-07-05 17:25:24,32.291,312.2,"Tank2","Heat"
"2453",2025-07-05 17:30:24,32.497,279.9,"Tank2","Heat"
"2454",2025-07-05 17:35:24,32.6,258.3,"Tank2","Heat"
"2455",2025-07-05 17:40:24,32.497,247.6,"Tank2","Heat"
"2456",2025-07-05 17:45:24,32.394,236.8,"Tank2","Heat"
"2457",2025-07-05 17:50:24,32.394,247.6,"Tank2","Heat"
"2458",2025-07-05 17:55:24,32.6,226,"Tank2","Heat"
"2459",2025-07-05 18:00:24,32.497,215.3,"Tank2","Heat"
"2460",2025-07-05 18:05:24,32.394,172.2,"Tank2","Heat"
"2461",2025-07-05 18:10:24,32.291,150.7,"Tank2","Heat"
"2462",2025-07-05 18:15:24,32.497,139.9,"Tank2","Heat"
"2463",2025-07-05 18:20:24,32.6,150.7,"Tank2","Heat"
"2464",2025-07-05 18:25:24,32.497,107.6,"Tank2","Heat"
"2465",2025-07-05 18:30:24,32.394,150.7,"Tank2","Heat"
"2466",2025-07-05 18:35:24,32.394,107.6,"Tank2","Heat"
"2467",2025-07-05 18:40:24,32.497,129.2,"Tank2","Heat"
"2468",2025-07-05 18:45:24,32.394,139.9,"Tank2","Heat"
"2469",2025-07-05 18:50:24,32.291,64.6,"Tank2","Heat"
"2470",2025-07-05 18:55:24,32.6,139.9,"Tank2","Heat"
"2471",2025-07-05 19:00:24,32.497,64.6,"Tank2","Heat"
"2472",2025-07-05 19:05:24,32.497,43.1,"Tank2","Heat"
"2473",2025-07-05 19:10:24,32.291,64.6,"Tank2","Heat"
"2474",2025-07-05 19:15:24,32.394,10.8,"Tank2","Heat"
"2475",2025-07-05 19:20:24,32.497,43.1,"Tank2","Heat"
"2476",2025-07-05 19:25:24,32.497,21.5,"Tank2","Heat"
"2477",2025-07-05 19:30:24,32.394,43.1,"Tank2","Heat"
"2478",2025-07-05 19:35:24,32.291,43.1,"Tank2","Heat"
"2479",2025-07-05 19:40:24,32.497,21.5,"Tank2","Heat"
"2480",2025-07-05 19:45:24,32.6,0,"Tank2","Heat"
"2481",2025-07-05 19:50:24,32.497,0,"Tank2","Heat"
"2482",2025-07-05 19:55:24,32.394,0,"Tank2","Heat"
"2483",2025-07-05 20:00:24,32.291,0,"Tank2","Heat"
"2484",2025-07-05 20:05:24,32.6,0,"Tank2","Heat"
"2485",2025-07-05 20:10:24,32.497,0,"Tank2","Heat"
"2486",2025-07-05 20:15:24,32.394,0,"Tank2","Heat"
"2487",2025-07-05 20:20:24,32.291,0,"Tank2","Heat"
"2488",2025-07-05 20:25:24,32.497,0,"Tank2","Heat"
"2489",2025-07-05 20:30:24,32.497,0,"Tank2","Heat"
"2490",2025-07-05 20:35:24,32.497,0,"Tank2","Heat"
"2491",2025-07-05 20:40:24,32.394,0,"Tank2","Heat"
"2492",2025-07-05 20:45:24,32.394,0,"Tank2","Heat"
"2493",2025-07-05 20:50:24,32.6,0,"Tank2","Heat"
"2494",2025-07-05 20:55:24,32.497,0,"Tank2","Heat"
"2495",2025-07-05 21:00:24,32.394,0,"Tank2","Heat"
"2496",2025-07-05 21:05:24,32.291,0,"Tank2","Heat"
"2497",2025-07-05 21:10:24,32.497,0,"Tank2","Heat"
"2498",2025-07-05 21:15:24,32.497,0,"Tank2","Heat"
"2499",2025-07-05 21:20:24,32.394,0,"Tank2","Heat"
"2500",2025-07-05 21:25:24,32.291,0,"Tank2","Heat"
"2501",2025-07-05 21:30:24,32.497,0,"Tank2","Heat"
"2502",2025-07-05 21:35:24,32.6,0,"Tank2","Heat"
"2503",2025-07-05 21:40:24,32.497,0,"Tank2","Heat"
"2504",2025-07-05 21:45:24,32.394,0,"Tank2","Heat"
"2505",2025-07-05 21:50:24,32.291,0,"Tank2","Heat"
"2506",2025-07-05 21:55:24,32.6,0,"Tank2","Heat"
"2507",2025-07-05 22:00:24,32.497,0,"Tank2","Heat"
"2508",2025-07-05 22:05:24,32.394,0,"Tank2","Heat"
"2509",2025-07-05 22:10:24,32.291,0,"Tank2","Heat"
"2510",2025-07-05 22:15:24,32.497,0,"Tank2","Heat"
"2511",2025-07-05 22:20:24,32.6,0,"Tank2","Heat"
"2512",2025-07-05 22:25:24,32.497,0,"Tank2","Heat"
"2513",2025-07-05 22:30:24,32.394,0,"Tank2","Heat"
"2514",2025-07-05 22:35:24,32.394,0,"Tank2","Heat"
"2515",2025-07-05 22:40:24,32.497,0,"Tank2","Heat"
"2516",2025-07-05 22:45:24,32.497,0,"Tank2","Heat"
"2517",2025-07-05 22:50:24,32.394,0,"Tank2","Heat"
"2518",2025-07-05 22:55:24,32.291,0,"Tank2","Heat"
"2519",2025-07-05 23:00:24,32.497,0,"Tank2","Heat"
"2520",2025-07-05 23:05:24,32.6,0,"Tank2","Heat"
"2521",2025-07-05 23:10:24,32.497,0,"Tank2","Heat"
"2522",2025-07-05 23:15:24,32.394,0,"Tank2","Heat"
"2523",2025-07-05 23:20:24,32.291,0,"Tank2","Heat"
"2524",2025-07-05 23:25:24,32.6,0,"Tank2","Heat"
"2525",2025-07-05 23:30:24,32.6,0,"Tank2","Heat"
"2526",2025-07-05 23:35:24,32.394,0,"Tank2","Heat"
"2527",2025-07-05 23:40:24,32.291,0,"Tank2","Heat"
"2528",2025-07-05 23:45:24,32.497,0,"Tank2","Heat"
"2529",2025-07-05 23:50:24,32.6,0,"Tank2","Heat"
"2530",2025-07-05 23:55:24,32.497,0,"Tank2","Heat"
"2531",2025-07-06 00:00:24,32.394,0,"Tank2","Heat"
"2532",2025-07-06 00:05:24,32.291,0,"Tank2","Heat"
"2533",2025-07-06 00:10:24,32.6,0,"Tank2","Heat"
"2534",2025-07-06 00:15:24,32.6,0,"Tank2","Heat"
"2535",2025-07-06 00:20:24,32.497,0,"Tank2","Heat"
"2536",2025-07-06 00:25:24,32.291,0,"Tank2","Heat"
"2537",2025-07-06 00:30:24,32.394,0,"Tank2","Heat"
"2538",2025-07-06 00:35:24,32.6,0,"Tank2","Heat"
"2539",2025-07-06 00:40:24,32.497,0,"Tank2","Heat"
"2540",2025-07-06 00:45:24,32.394,0,"Tank2","Heat"
"2541",2025-07-06 00:50:24,32.291,0,"Tank2","Heat"
"2542",2025-07-06 00:55:24,32.497,0,"Tank2","Heat"
"2543",2025-07-06 01:00:24,32.497,0,"Tank2","Heat"
"2544",2025-07-06 01:05:24,32.394,0,"Tank2","Heat"
"2545",2025-07-06 01:10:24,32.291,0,"Tank2","Heat"
"2546",2025-07-06 01:15:24,32.497,0,"Tank2","Heat"
"2547",2025-07-06 01:20:24,32.6,0,"Tank2","Heat"
"2548",2025-07-06 01:25:24,32.497,0,"Tank2","Heat"
"2549",2025-07-06 01:30:24,32.394,0,"Tank2","Heat"
"2550",2025-07-06 01:35:24,32.291,0,"Tank2","Heat"
"2551",2025-07-06 01:40:24,32.6,0,"Tank2","Heat"
"2552",2025-07-06 01:45:24,32.497,0,"Tank2","Heat"
"2553",2025-07-06 01:50:24,32.394,0,"Tank2","Heat"
"2554",2025-07-06 01:55:24,32.291,0,"Tank2","Heat"
"2555",2025-07-06 02:00:24,32.497,0,"Tank2","Heat"
"2556",2025-07-06 02:05:24,32.497,0,"Tank2","Heat"
"2557",2025-07-06 02:10:24,32.497,0,"Tank2","Heat"
"2558",2025-07-06 02:15:24,32.291,0,"Tank2","Heat"
"2559",2025-07-06 02:20:24,32.394,0,"Tank2","Heat"
"2560",2025-07-06 02:25:24,32.6,0,"Tank2","Heat"
"2561",2025-07-06 02:30:24,32.497,0,"Tank2","Heat"
"2562",2025-07-06 02:35:24,32.394,0,"Tank2","Heat"
"2563",2025-07-06 02:40:24,32.291,0,"Tank2","Heat"
"2564",2025-07-06 02:45:24,32.497,0,"Tank2","Heat"
"2565",2025-07-06 02:50:24,32.6,0,"Tank2","Heat"
"2566",2025-07-06 02:55:24,32.497,0,"Tank2","Heat"
"2567",2025-07-06 03:00:24,32.394,0,"Tank2","Heat"
"2568",2025-07-06 03:05:24,32.394,0,"Tank2","Heat"
"2569",2025-07-06 03:10:24,32.6,0,"Tank2","Heat"
"2570",2025-07-06 03:15:24,32.497,0,"Tank2","Heat"
"2571",2025-07-06 03:20:24,32.394,0,"Tank2","Heat"
"2572",2025-07-06 03:25:24,32.291,0,"Tank2","Heat"
"2573",2025-07-06 03:30:24,32.497,0,"Tank2","Heat"
"2574",2025-07-06 03:35:24,32.6,0,"Tank2","Heat"
"2575",2025-07-06 03:40:24,32.497,0,"Tank2","Heat"
"2576",2025-07-06 03:45:24,32.394,0,"Tank2","Heat"
"2577",2025-07-06 03:50:24,32.394,0,"Tank2","Heat"
"2578",2025-07-06 03:55:24,32.497,0,"Tank2","Heat"
"2579",2025-07-06 04:00:24,32.497,0,"Tank2","Heat"
"2580",2025-07-06 04:05:24,32.394,0,"Tank2","Heat"
"2581",2025-07-06 04:10:24,32.394,0,"Tank2","Heat"
"2582",2025-07-06 04:15:24,32.497,0,"Tank2","Heat"
"2583",2025-07-06 04:20:24,32.497,0,"Tank2","Heat"
"2584",2025-07-06 04:25:24,32.394,0,"Tank2","Heat"
"2585",2025-07-06 04:30:24,32.291,0,"Tank2","Heat"
"2586",2025-07-06 04:35:24,32.6,0,"Tank2","Heat"
"2587",2025-07-06 04:40:24,32.497,0,"Tank2","Heat"
"2588",2025-07-06 04:45:24,32.394,0,"Tank2","Heat"
"2589",2025-07-06 04:50:24,32.291,0,"Tank2","Heat"
"2590",2025-07-06 04:55:24,32.291,0,"Tank2","Heat"
"2591",2025-07-06 05:00:24,32.6,0,"Tank2","Heat"
"2592",2025-07-06 05:05:24,32.497,0,"Tank2","Heat"
"2593",2025-07-06 05:10:24,32.394,0,"Tank2","Heat"
"2594",2025-07-06 05:15:24,32.291,0,"Tank2","Heat"
"2595",2025-07-06 05:20:24,32.497,0,"Tank2","Heat"
"2596",2025-07-06 05:25:24,32.6,0,"Tank2","Heat"
"2597",2025-07-06 05:30:24,32.497,0,"Tank2","Heat"
"2598",2025-07-06 05:35:24,32.394,0,"Tank2","Heat"
"2599",2025-07-06 05:40:24,32.291,0,"Tank2","Heat"
"2600",2025-07-06 05:45:24,32.497,0,"Tank2","Heat"
"2601",2025-07-06 05:50:24,32.497,0,"Tank2","Heat"
"2602",2025-07-06 05:55:24,32.394,0,"Tank2","Heat"
"2603",2025-07-06 06:00:24,32.291,0,"Tank2","Heat"
"2604",2025-07-06 06:05:24,32.394,0,"Tank2","Heat"
"2605",2025-07-06 06:10:24,32.6,0,"Tank2","Heat"
"2606",2025-07-06 06:15:24,32.497,0,"Tank2","Heat"
"2607",2025-07-06 06:20:24,32.394,0,"Tank2","Heat"
"2608",2025-07-06 06:25:24,32.291,0,"Tank2","Heat"
"2609",2025-07-06 06:30:24,32.497,0,"Tank2","Heat"
"2610",2025-07-06 06:35:24,32.497,0,"Tank2","Heat"
"2611",2025-07-06 06:40:24,32.394,0,"Tank2","Heat"
"2612",2025-07-06 06:45:24,32.291,0,"Tank2","Heat"
"2613",2025-07-06 06:50:24,32.394,0,"Tank2","Heat"
"2614",2025-07-06 06:55:24,32.6,0,"Tank2","Heat"
"2615",2025-07-06 07:00:24,32.497,0,"Tank2","Heat"
"2616",2025-07-06 07:05:24,32.394,0,"Tank2","Heat"
"2617",2025-07-06 07:10:24,32.291,0,"Tank2","Heat"
"2618",2025-07-06 07:15:24,32.497,0,"Tank2","Heat"
"2619",2025-07-06 07:20:24,32.6,0,"Tank2","Heat"
"2620",2025-07-06 07:25:24,32.497,0,"Tank2","Heat"
"2621",2025-07-06 07:30:24,32.291,0,"Tank2","Heat"
"2622",2025-07-06 07:35:24,32.394,0,"Tank2","Heat"
"2623",2025-07-06 07:40:24,32.6,0,"Tank2","Heat"
"2624",2025-07-06 07:45:24,32.497,0,"Tank2","Heat"
"2625",2025-07-06 07:50:24,32.394,0,"Tank2","Heat"
"2626",2025-07-06 07:55:24,32.291,0,"Tank2","Heat"
"2627",2025-07-06 08:00:24,32.497,0,"Tank2","Heat"
"2628",2025-07-06 08:05:24,32.497,0,"Tank2","Heat"
"2629",2025-07-06 08:10:24,32.497,0,"Tank2","Heat"
"2630",2025-07-06 08:15:24,32.394,0,"Tank2","Heat"
"2631",2025-07-06 08:20:24,32.291,10.8,"Tank2","Heat"
"2632",2025-07-06 08:25:24,32.6,10.8,"Tank2","Heat"
"2633",2025-07-06 08:30:24,32.497,10.8,"Tank2","Heat"
"2634",2025-07-06 08:35:24,32.394,10.8,"Tank2","Heat"
"2635",2025-07-06 08:40:24,32.291,21.5,"Tank2","Heat"
"2636",2025-07-06 08:45:24,32.497,107.6,"Tank2","Heat"
"2637",2025-07-06 08:50:24,32.6,64.6,"Tank2","Heat"
"2638",2025-07-06 08:55:24,32.497,75.3,"Tank2","Heat"
"2639",2025-07-06 09:00:24,32.394,53.8,"Tank2","Heat"
"2640",2025-07-06 09:05:24,32.291,86.1,"Tank2","Heat"
"2641",2025-07-06 09:10:24,32.6,75.3,"Tank2","Heat"
"2642",2025-07-06 09:15:24,32.497,75.3,"Tank2","Heat"
"2643",2025-07-06 09:20:24,32.394,118.4,"Tank2","Heat"
"2644",2025-07-06 09:25:24,32.291,118.4,"Tank2","Heat"
"2645",2025-07-06 09:30:24,32.497,75.3,"Tank2","Heat"
"2646",2025-07-06 09:35:24,32.6,86.1,"Tank2","Heat"
"2647",2025-07-06 09:40:24,32.497,118.4,"Tank2","Heat"
"2648",2025-07-06 09:45:24,32.291,161.5,"Tank2","Heat"
"2649",2025-07-06 09:50:24,32.497,0,"Tank2","Heat"
"2650",2025-07-06 09:55:24,32.6,0,"Tank2","Heat"
"2651",2025-07-06 10:00:24,32.497,0,"Tank2","Heat"
"2652",2025-07-06 10:05:24,32.394,0,"Tank2","Heat"
"2653",2025-07-06 10:10:24,32.291,0,"Tank2","Heat"
"2654",2025-07-06 10:15:24,32.6,0,"Tank2","Heat"
"2655",2025-07-06 10:20:24,32.497,0,"Tank2","Heat"
"2656",2025-07-06 10:25:24,32.394,0,"Tank2","Heat"
"2657",2025-07-06 10:30:24,32.291,0,"Tank2","Heat"
"2658",2025-07-06 10:35:24,32.497,0,"Tank2","Heat"
"2659",2025-07-06 10:40:24,32.6,0,"Tank2","Heat"
"2660",2025-07-06 10:45:24,32.497,0,"Tank2","Heat"
"2661",2025-07-06 10:50:24,32.291,0,"Tank2","Heat"
"2662",2025-07-06 10:55:24,32.497,0,"Tank2","Heat"
"2663",2025-07-06 11:00:24,32.6,0,"Tank2","Heat"
"2664",2025-07-06 11:05:24,32.497,0,"Tank2","Heat"
"2665",2025-07-06 11:10:24,32.394,0,"Tank2","Heat"
"2666",2025-07-06 11:15:24,32.291,10.8,"Tank2","Heat"
"2667",2025-07-06 11:20:24,32.6,419.8,"Tank2","Heat"
"2668",2025-07-06 11:25:24,32.6,441.3,"Tank2","Heat"
"2669",2025-07-06 11:30:24,32.497,376.7,"Tank2","Heat"
"2670",2025-07-06 11:35:24,32.394,473.6,"Tank2","Heat"
"2671",2025-07-06 11:40:24,32.497,484.4,"Tank2","Heat"
"2672",2025-07-06 11:45:24,32.497,473.6,"Tank2","Heat"
"2673",2025-07-06 11:50:24,32.497,538.2,"Tank2","Heat"
"2674",2025-07-06 11:55:24,32.291,495.1,"Tank2","Heat"
"2675",2025-07-06 12:00:24,32.497,516.7,"Tank2","Heat"
"2676",2025-07-06 12:05:24,32.6,527.4,"Tank2","Heat"
"2677",2025-07-06 12:10:24,32.497,484.4,"Tank2","Heat"
"2678",2025-07-06 12:15:24,32.497,495.1,"Tank2","Heat"
"2679",2025-07-06 12:20:24,32.394,516.7,"Tank2","Heat"
"2680",2025-07-06 12:25:24,32.6,516.7,"Tank2","Heat"
"2681",2025-07-06 12:30:24,32.6,441.3,"Tank2","Heat"
"2682",2025-07-06 12:35:24,32.497,473.6,"Tank2","Heat"
"2683",2025-07-06 12:40:24,32.394,484.4,"Tank2","Heat"
"2684",2025-07-06 12:45:24,32.497,538.2,"Tank2","Heat"
"2685",2025-07-06 12:50:24,32.6,505.9,"Tank2","Heat"
"2686",2025-07-06 12:55:24,32.6,495.1,"Tank2","Heat"
"2687",2025-07-06 13:00:24,32.497,516.7,"Tank2","Heat"
"2688",2025-07-06 13:05:24,32.394,473.6,"Tank2","Heat"
"2689",2025-07-06 13:10:24,32.497,505.9,"Tank2","Heat"
"2690",2025-07-06 13:15:24,32.6,505.9,"Tank2","Heat"
"2691",2025-07-06 13:20:24,32.6,462.9,"Tank2","Heat"
"2692",2025-07-06 13:25:24,32.497,495.1,"Tank2","Heat"
"2693",2025-07-06 13:30:24,32.394,527.4,"Tank2","Heat"
"2694",2025-07-06 13:35:24,32.497,495.1,"Tank2","Heat"
"2695",2025-07-06 13:40:24,32.6,516.7,"Tank2","Heat"
"2696",2025-07-06 13:45:24,32.6,505.9,"Tank2","Heat"
"2697",2025-07-06 13:50:24,32.497,484.4,"Tank2","Heat"
"2698",2025-07-06 13:55:24,32.394,473.6,"Tank2","Heat"
"2699",2025-07-06 14:00:24,32.497,495.1,"Tank2","Heat"
"2700",2025-07-06 14:05:24,32.6,505.9,"Tank2","Heat"
"2701",2025-07-06 14:10:24,32.497,538.2,"Tank2","Heat"
"2702",2025-07-06 14:15:24,32.394,516.7,"Tank2","Heat"
"2703",2025-07-06 14:20:24,32.394,473.6,"Tank2","Heat"
"2704",2025-07-06 14:25:24,32.6,505.9,"Tank2","Heat"
"2705",2025-07-06 14:30:24,32.6,473.6,"Tank2","Heat"
"2706",2025-07-06 14:35:24,32.497,505.9,"Tank2","Heat"
"2707",2025-07-06 14:40:24,32.394,484.4,"Tank2","Heat"
"2708",2025-07-06 14:45:24,32.394,484.4,"Tank2","Heat"
"2709",2025-07-06 14:50:24,32.6,505.9,"Tank2","Heat"
"2710",2025-07-06 14:55:24,32.6,538.2,"Tank2","Heat"
"2711",2025-07-06 15:00:24,32.497,473.6,"Tank2","Heat"
"2712",2025-07-06 15:05:24,32.394,516.7,"Tank2","Heat"
"2713",2025-07-06 15:10:24,32.394,505.9,"Tank2","Heat"
"2714",2025-07-06 15:15:24,32.6,484.4,"Tank2","Heat"
"2715",2025-07-06 15:20:24,32.6,495.1,"Tank2","Heat"
"2716",2025-07-06 15:25:24,32.497,505.9,"Tank2","Heat"
"2717",2025-07-06 15:30:24,32.394,505.9,"Tank2","Heat"
"2718",2025-07-06 15:35:24,32.497,516.7,"Tank2","Heat"
"2719",2025-07-06 15:40:24,32.6,527.4,"Tank2","Heat"
"2720",2025-07-06 15:45:24,32.497,505.9,"Tank2","Heat"
"2721",2025-07-06 15:50:24,32.394,527.4,"Tank2","Heat"
"2722",2025-07-06 15:55:24,32.394,516.7,"Tank2","Heat"
"2723",2025-07-06 16:00:24,32.6,495.1,"Tank2","Heat"
"2724",2025-07-06 16:05:24,32.6,505.9,"Tank2","Heat"
"2725",2025-07-06 16:10:24,32.497,462.9,"Tank2","Heat"
"2726",2025-07-06 16:15:24,32.394,452.1,"Tank2","Heat"
"2727",2025-07-06 16:20:24,32.497,419.8,"Tank2","Heat"
"2728",2025-07-06 16:25:24,32.6,419.8,"Tank2","Heat"
"2729",2025-07-06 16:30:24,32.497,441.3,"Tank2","Heat"
"2730",2025-07-06 16:35:24,32.394,398.3,"Tank2","Heat"
"2731",2025-07-06 16:40:24,32.291,409,"Tank2","Heat"
"2732",2025-07-06 16:45:24,32.6,355.2,"Tank2","Heat"
"2733",2025-07-06 16:50:24,32.6,366,"Tank2","Heat"
"2734",2025-07-06 16:55:24,32.497,355.2,"Tank2","Heat"
"2735",2025-07-06 17:00:24,32.394,366,"Tank2","Heat"
"2736",2025-07-06 17:05:24,32.291,290.6,"Tank2","Heat"
"2737",2025-07-06 17:10:24,32.188,312.2,"Tank2","Heat"
"2738",2025-07-06 17:15:24,32.086,322.9,"Tank2","Heat"
"2739",2025-07-06 17:20:24,31.983,312.2,"Tank2","Heat"
"2740",2025-07-06 17:25:24,31.88,269.1,"Tank2","Heat"
"2741",2025-07-06 17:30:24,31.778,258.3,"Tank2","Heat"
"2742",2025-07-06 17:35:24,31.676,247.6,"Tank2","Heat"
"2743",2025-07-06 17:40:24,31.574,247.6,"Tank2","Heat"
"2744",2025-07-06 17:45:24,31.472,226,"Tank2","Heat"
"2745",2025-07-06 17:50:24,31.37,204.5,"Tank2","Heat"
"2746",2025-07-06 17:55:24,31.268,204.5,"Tank2","Heat"
"2747",2025-07-06 18:00:24,31.268,183,"Tank2","Heat"
"2748",2025-07-06 18:05:24,31.166,193.8,"Tank2","Heat"
"2749",2025-07-06 18:10:24,31.064,172.2,"Tank2","Heat"
"2750",2025-07-06 18:15:24,30.963,161.5,"Tank2","Heat"
"2751",2025-07-06 18:20:24,30.862,183,"Tank2","Heat"
"2752",2025-07-06 18:25:24,30.76,150.7,"Tank2","Heat"
"2753",2025-07-06 18:30:24,30.659,107.6,"Tank2","Heat"
"2754",2025-07-06 18:35:24,30.558,118.4,"Tank2","Heat"
"2755",2025-07-06 18:40:24,30.659,107.6,"Tank2","Heat"
"2756",2025-07-06 18:45:24,31.064,96.9,"Tank2","Heat"
"2757",2025-07-06 18:50:24,31.574,118.4,"Tank2","Heat"
"2758",2025-07-06 18:55:24,31.88,107.6,"Tank2","Heat"
"2759",2025-07-06 19:00:24,32.291,75.3,"Tank2","Heat"
"2760",2025-07-06 19:05:24,32.6,75.3,"Tank2","Heat"
"2761",2025-07-06 19:10:24,32.6,21.5,"Tank2","Heat"
"2762",2025-07-06 19:15:24,32.497,10.8,"Tank2","Heat"
"2763",2025-07-06 19:20:24,32.394,43.1,"Tank2","Heat"
"2764",2025-07-06 19:25:24,32.497,32.3,"Tank2","Heat"
"2765",2025-07-06 19:30:24,32.6,21.5,"Tank2","Heat"
"2766",2025-07-06 19:35:24,32.497,21.5,"Tank2","Heat"
"2767",2025-07-06 19:40:24,32.394,0,"Tank2","Heat"
"2768",2025-07-06 19:45:24,32.394,0,"Tank2","Heat"
"2769",2025-07-06 19:50:24,32.6,0,"Tank2","Heat"
"2770",2025-07-06 19:55:24,32.6,0,"Tank2","Heat"
"2771",2025-07-06 20:00:24,32.497,0,"Tank2","Heat"
"2772",2025-07-06 20:05:24,32.291,0,"Tank2","Heat"
"2773",2025-07-06 20:10:24,32.497,0,"Tank2","Heat"
"2774",2025-07-06 20:15:24,32.6,0,"Tank2","Heat"
"2775",2025-07-06 20:20:24,32.497,0,"Tank2","Heat"
"2776",2025-07-06 20:25:24,32.394,0,"Tank2","Heat"
"2777",2025-07-06 20:30:24,32.394,0,"Tank2","Heat"
"2778",2025-07-06 20:35:24,32.6,0,"Tank2","Heat"
"2779",2025-07-06 20:40:24,32.497,0,"Tank2","Heat"
"2780",2025-07-06 20:45:24,32.497,0,"Tank2","Heat"
"2781",2025-07-06 20:50:24,32.394,0,"Tank2","Heat"
"2782",2025-07-06 20:55:24,32.6,0,"Tank2","Heat"
"2783",2025-07-06 21:00:24,32.6,0,"Tank2","Heat"
"2784",2025-07-06 21:05:24,32.497,0,"Tank2","Heat"
"2785",2025-07-06 21:10:24,32.394,0,"Tank2","Heat"
"2786",2025-07-06 21:15:24,32.394,0,"Tank2","Heat"
"2787",2025-07-06 21:20:24,32.6,0,"Tank2","Heat"
"2788",2025-07-06 21:25:24,32.497,0,"Tank2","Heat"
"2789",2025-07-06 21:30:24,32.497,0,"Tank2","Heat"
"2790",2025-07-06 21:35:24,32.394,0,"Tank2","Heat"
"2791",2025-07-06 21:40:24,32.6,0,"Tank2","Heat"
"2792",2025-07-06 21:45:24,32.6,0,"Tank2","Heat"
"2793",2025-07-06 21:50:24,32.497,0,"Tank2","Heat"
"2794",2025-07-06 21:55:24,32.394,0,"Tank2","Heat"
"2795",2025-07-06 22:00:24,32.497,0,"Tank2","Heat"
"2796",2025-07-06 22:05:24,32.6,0,"Tank2","Heat"
"2797",2025-07-06 22:10:24,32.6,0,"Tank2","Heat"
"2798",2025-07-06 22:15:24,32.497,0,"Tank2","Heat"
"2799",2025-07-06 22:20:24,32.394,0,"Tank2","Heat"
"2800",2025-07-06 22:25:24,32.6,0,"Tank2","Heat"
"2801",2025-07-06 22:30:24,32.6,0,"Tank2","Heat"
"2802",2025-07-06 22:35:24,32.497,0,"Tank2","Heat"
"2803",2025-07-06 22:40:24,32.394,0,"Tank2","Heat"
"2804",2025-07-06 22:45:24,32.497,0,"Tank2","Heat"
"2805",2025-07-06 22:50:24,32.6,0,"Tank2","Heat"
"2806",2025-07-06 22:55:24,32.497,0,"Tank2","Heat"
"2807",2025-07-06 23:00:24,32.394,0,"Tank2","Heat"
"2808",2025-07-06 23:05:24,32.394,0,"Tank2","Heat"
"2809",2025-07-06 23:10:24,32.6,0,"Tank2","Heat"
"2810",2025-07-06 23:15:24,32.6,0,"Tank2","Heat"
"2811",2025-07-06 23:20:24,32.497,0,"Tank2","Heat"
"2812",2025-07-06 23:25:24,32.394,0,"Tank2","Heat"
"2813",2025-07-06 23:30:24,32.6,0,"Tank2","Heat"
"2814",2025-07-06 23:35:24,32.6,0,"Tank2","Heat"
"2815",2025-07-06 23:40:24,32.497,0,"Tank2","Heat"
"2816",2025-07-06 23:45:24,32.394,0,"Tank2","Heat"
"2817",2025-07-06 23:50:24,32.394,0,"Tank2","Heat"
"2818",2025-07-06 23:55:24,32.6,0,"Tank2","Heat"
"2819",2025-07-07 00:00:24,32.6,0,"Tank2","Heat"
"2820",2025-07-07 00:05:24,32.497,0,"Tank2","Heat"
"2821",2025-07-07 00:10:24,32.394,0,"Tank2","Heat"
"2822",2025-07-07 00:15:24,32.497,0,"Tank2","Heat"
"2823",2025-07-07 00:20:24,32.6,0,"Tank2","Heat"
"2824",2025-07-07 00:25:24,32.497,0,"Tank2","Heat"
"2825",2025-07-07 00:30:24,32.394,0,"Tank2","Heat"
"2826",2025-07-07 00:35:24,32.394,0,"Tank2","Heat"
"2827",2025-07-07 00:40:24,32.6,0,"Tank2","Heat"
"2828",2025-07-07 00:45:24,32.6,0,"Tank2","Heat"
"2829",2025-07-07 00:50:24,32.497,0,"Tank2","Heat"
"2830",2025-07-07 00:55:24,32.394,0,"Tank2","Heat"
"2831",2025-07-07 01:00:24,32.497,0,"Tank2","Heat"
"2832",2025-07-07 01:05:24,32.6,0,"Tank2","Heat"
"2833",2025-07-07 01:10:24,32.6,0,"Tank2","Heat"
"2834",2025-07-07 01:15:24,32.394,0,"Tank2","Heat"
"2835",2025-07-07 01:20:24,32.291,0,"Tank2","Heat"
"2836",2025-07-07 01:25:24,32.6,0,"Tank2","Heat"
"2837",2025-07-07 01:30:24,32.6,0,"Tank2","Heat"
"2838",2025-07-07 01:35:24,32.497,0,"Tank2","Heat"
"2839",2025-07-07 01:40:24,32.394,0,"Tank2","Heat"
"2840",2025-07-07 01:45:24,32.394,0,"Tank2","Heat"
"2841",2025-07-07 01:50:24,32.6,0,"Tank2","Heat"
"2842",2025-07-07 01:55:24,32.6,0,"Tank2","Heat"
"2843",2025-07-07 02:00:24,32.497,0,"Tank2","Heat"
"2844",2025-07-07 02:05:24,32.394,0,"Tank2","Heat"
"2845",2025-07-07 02:10:24,32.497,0,"Tank2","Heat"
"2846",2025-07-07 02:15:24,32.6,0,"Tank2","Heat"
"2847",2025-07-07 02:20:24,32.6,0,"Tank2","Heat"
"2848",2025-07-07 02:25:24,32.394,0,"Tank2","Heat"
"2849",2025-07-07 02:30:24,32.394,0,"Tank2","Heat"
"2850",2025-07-07 02:35:24,32.6,0,"Tank2","Heat"
"2851",2025-07-07 02:40:24,32.6,0,"Tank2","Heat"
"2852",2025-07-07 02:45:24,32.497,0,"Tank2","Heat"
"2853",2025-07-07 02:50:24,32.394,0,"Tank2","Heat"
"2854",2025-07-07 02:55:24,32.394,0,"Tank2","Heat"
"2855",2025-07-07 03:00:24,32.6,0,"Tank2","Heat"
"2856",2025-07-07 03:05:24,32.6,0,"Tank2","Heat"
"2857",2025-07-07 03:10:24,32.497,0,"Tank2","Heat"
"2858",2025-07-07 03:15:24,32.394,0,"Tank2","Heat"
"2859",2025-07-07 03:20:24,32.497,0,"Tank2","Heat"
"2860",2025-07-07 03:25:24,32.6,0,"Tank2","Heat"
"2861",2025-07-07 03:30:24,32.497,0,"Tank2","Heat"
"2862",2025-07-07 03:35:24,32.394,0,"Tank2","Heat"
"2863",2025-07-07 03:40:24,32.394,0,"Tank2","Heat"
"2864",2025-07-07 03:45:24,32.6,0,"Tank2","Heat"
"2865",2025-07-07 03:50:24,32.6,0,"Tank2","Heat"
"2866",2025-07-07 03:55:24,32.497,0,"Tank2","Heat"
"2867",2025-07-07 04:00:24,32.394,0,"Tank2","Heat"
"2868",2025-07-07 04:05:24,32.497,0,"Tank2","Heat"
"2869",2025-07-07 04:10:24,32.6,0,"Tank2","Heat"
"2870",2025-07-07 04:15:24,32.497,0,"Tank2","Heat"
"2871",2025-07-07 04:20:24,32.394,0,"Tank2","Heat"
"2872",2025-07-07 04:25:24,32.394,0,"Tank2","Heat"
"2873",2025-07-07 04:30:24,32.6,0,"Tank2","Heat"
"2874",2025-07-07 04:35:24,32.6,0,"Tank2","Heat"
"2875",2025-07-07 04:40:24,32.394,0,"Tank2","Heat"
"2876",2025-07-07 04:45:24,32.394,0,"Tank2","Heat"
"2877",2025-07-07 04:50:24,32.6,0,"Tank2","Heat"
"2878",2025-07-07 04:55:24,32.6,0,"Tank2","Heat"
"2879",2025-07-07 05:00:24,32.497,0,"Tank2","Heat"
"2880",2025-07-07 05:05:24,32.394,0,"Tank2","Heat"
"2881",2025-07-07 05:10:24,32.394,0,"Tank2","Heat"
"2882",2025-07-07 05:15:24,32.6,0,"Tank2","Heat"
"2883",2025-07-07 05:20:24,32.6,0,"Tank2","Heat"
"2884",2025-07-07 05:25:24,32.497,0,"Tank2","Heat"
"2885",2025-07-07 05:30:24,32.394,0,"Tank2","Heat"
"2886",2025-07-07 05:35:24,32.497,0,"Tank2","Heat"
"2887",2025-07-07 05:40:24,32.6,0,"Tank2","Heat"
"2888",2025-07-07 05:45:24,32.497,0,"Tank2","Heat"
"2889",2025-07-07 05:50:24,32.394,0,"Tank2","Heat"
"2890",2025-07-07 05:55:24,32.394,0,"Tank2","Heat"
"2891",2025-07-07 06:00:24,32.6,0,"Tank2","Heat"
"2892",2025-07-07 06:05:24,32.6,0,"Tank2","Heat"
"2893",2025-07-07 06:10:24,32.497,0,"Tank2","Heat"
"2894",2025-07-07 06:15:24,32.394,0,"Tank2","Heat"
"2895",2025-07-07 06:20:24,32.497,0,"Tank2","Heat"
"2896",2025-07-07 06:25:24,32.6,0,"Tank2","Heat"
"2897",2025-07-07 06:30:24,32.497,0,"Tank2","Heat"
"2898",2025-07-07 06:35:24,32.394,0,"Tank2","Heat"
"2899",2025-07-07 06:40:24,32.394,0,"Tank2","Heat"
"2900",2025-07-07 06:45:24,32.6,0,"Tank2","Heat"
"2901",2025-07-07 06:50:24,32.6,0,"Tank2","Heat"
"2902",2025-07-07 06:55:24,32.497,0,"Tank2","Heat"
"2903",2025-07-07 07:00:24,32.394,0,"Tank2","Heat"
"2904",2025-07-07 07:05:24,32.497,0,"Tank2","Heat"
"2905",2025-07-07 07:10:24,32.6,0,"Tank2","Heat"
"2906",2025-07-07 07:15:24,32.497,0,"Tank2","Heat"
"2907",2025-07-07 07:20:24,32.394,0,"Tank2","Heat"
"2908",2025-07-07 07:25:24,32.394,0,"Tank2","Heat"
"2909",2025-07-07 07:30:24,32.6,0,"Tank2","Heat"
"2910",2025-07-07 07:35:24,32.6,0,"Tank2","Heat"
"2911",2025-07-07 07:40:24,32.497,0,"Tank2","Heat"
"2912",2025-07-07 07:45:24,32.394,0,"Tank2","Heat"
"2913",2025-07-07 07:50:24,32.497,0,"Tank2","Heat"
"2914",2025-07-07 07:55:24,32.6,0,"Tank2","Heat"
"2915",2025-07-07 08:00:24,32.497,0,"Tank2","Heat"
"2916",2025-07-07 08:05:24,32.291,0,"Tank2","Heat"
"2917",2025-07-07 08:10:24,32.497,0,"Tank2","Heat"
"2918",2025-07-07 08:15:24,32.6,0,"Tank2","Heat"
"2919",2025-07-07 08:20:24,32.497,0,"Tank2","Heat"
"2920",2025-07-07 08:25:24,32.394,53.8,"Tank2","Heat"
"2921",2025-07-07 08:30:24,32.394,75.3,"Tank2","Heat"
"2922",2025-07-07 08:35:24,32.6,75.3,"Tank2","Heat"
"2923",2025-07-07 08:40:24,32.6,64.6,"Tank2","Heat"
"2924",2025-07-07 08:45:24,32.497,53.8,"Tank2","Heat"
"2925",2025-07-07 08:50:24,32.394,75.3,"Tank2","Heat"
"2926",2025-07-07 08:55:24,32.291,96.9,"Tank2","Heat"
"2927",2025-07-07 09:00:24,32.6,129.2,"Tank2","Heat"
"2928",2025-07-07 09:05:24,32.6,107.6,"Tank2","Heat"
"2929",2025-07-07 09:10:24,32.497,118.4,"Tank2","Heat"
"2930",2025-07-07 09:15:24,32.291,118.4,"Tank2","Heat"
"2931",2025-07-07 09:20:24,32.394,118.4,"Tank2","Heat"
"2932",2025-07-07 09:25:24,32.6,150.7,"Tank2","Heat"
"2933",2025-07-07 09:30:24,32.497,139.9,"Tank2","Heat"
"2934",2025-07-07 09:35:24,32.394,161.5,"Tank2","Heat"
"2935",2025-07-07 09:40:24,32.291,129.2,"Tank2","Heat"
"2936",2025-07-07 09:45:24,32.497,183,"Tank2","Heat"
"2937",2025-07-07 09:50:24,32.6,172.2,"Tank2","Heat"
"2938",2025-07-07 09:55:24,32.497,161.5,"Tank2","Heat"
"2939",2025-07-07 10:00:24,32.394,161.5,"Tank2","Heat"
"2940",2025-07-07 10:05:24,32.291,204.5,"Tank2","Heat"
"2941",2025-07-07 10:10:24,32.6,215.3,"Tank2","Heat"
"2942",2025-07-07 10:15:24,32.6,236.8,"Tank2","Heat"
"2943",2025-07-07 10:20:24,32.497,204.5,"Tank2","Heat"
"2944",2025-07-07 10:25:24,32.394,226,"Tank2","Heat"
"2945",2025-07-07 10:30:24,32.394,258.3,"Tank2","Heat"
"2946",2025-07-07 10:35:24,32.6,258.3,"Tank2","Heat"
"2947",2025-07-07 10:40:24,32.497,301.4,"Tank2","Heat"
"2948",2025-07-07 10:45:24,32.394,269.1,"Tank2","Heat"
"2949",2025-07-07 10:50:24,32.291,301.4,"Tank2","Heat"
"2950",2025-07-07 10:55:24,32.188,32.3,"Tank2","Heat"
"2951",2025-07-02 08:01:28,25.416,0,"Tank3","Heat"
"2952",2025-07-02 08:06:28,25.416,0,"Tank3","Heat"
"2953",2025-07-02 08:11:28,25.416,0,"Tank3","Heat"
"2954",2025-07-02 08:16:28,25.319,0,"Tank3","Heat"
"2955",2025-07-02 08:21:28,25.319,43.1,"Tank3","Heat"
"2956",2025-07-02 08:26:28,25.319,10.8,"Tank3","Heat"
"2957",2025-07-02 08:31:28,25.416,86.1,"Tank3","Heat"
"2958",2025-07-02 08:36:28,25.513,32.3,"Tank3","Heat"
"2959",2025-07-02 08:41:28,25.416,129.2,"Tank3","Heat"
"2960",2025-07-02 08:46:28,25.416,86.1,"Tank3","Heat"
"2961",2025-07-02 08:51:28,25.319,118.4,"Tank3","Heat"
"2962",2025-07-02 08:56:28,25.319,150.7,"Tank3","Heat"
"2963",2025-07-02 09:01:28,25.319,204.5,"Tank3","Heat"
"2964",2025-07-02 09:06:28,25.416,139.9,"Tank3","Heat"
"2965",2025-07-02 09:11:28,25.513,226,"Tank3","Heat"
"2966",2025-07-02 09:16:28,25.513,269.1,"Tank3","Heat"
"2967",2025-07-02 09:21:28,25.416,204.5,"Tank3","Heat"
"2968",2025-07-02 09:26:28,25.416,226,"Tank3","Heat"
"2969",2025-07-02 09:31:28,25.319,290.6,"Tank3","Heat"
"2970",2025-07-02 09:36:28,25.513,236.8,"Tank3","Heat"
"2971",2025-07-02 09:41:28,26,355.2,"Tank3","Heat"
"2972",2025-07-02 09:46:28,26.585,269.1,"Tank3","Heat"
"2973",2025-07-02 09:51:28,27.173,322.9,"Tank3","Heat"
"2974",2025-07-02 09:56:28,27.665,312.2,"Tank3","Heat"
"2975",2025-07-02 10:01:28,28.258,279.9,"Tank3","Heat"
"2976",2025-07-02 10:06:28,28.754,366,"Tank3","Heat"
"2977",2025-07-02 10:11:28,29.352,355.2,"Tank3","Heat"
"2978",2025-07-02 10:16:28,29.853,376.7,"Tank3","Heat"
"2979",2025-07-02 10:21:28,30.356,398.3,"Tank3","Heat"
"2980",2025-07-02 10:26:28,30.862,387.5,"Tank3","Heat"
"2981",2025-07-02 10:31:28,31.37,430.6,"Tank3","Heat"
"2982",2025-07-02 10:36:28,31.88,462.9,"Tank3","Heat"
"2983",2025-07-02 10:41:28,32.394,462.9,"Tank3","Heat"
"2984",2025-07-02 10:46:28,32.497,484.4,"Tank3","Heat"
"2985",2025-07-02 10:51:28,32.394,549,"Tank3","Heat"
"2986",2025-07-02 10:56:28,32.291,549,"Tank3","Heat"
"2987",2025-07-02 11:01:28,32.188,21.5,"Tank3","Heat"
"2988",2025-07-02 11:06:28,32.394,0,"Tank3","Heat"
"2989",2025-07-02 11:11:28,32.394,0,"Tank3","Heat"
"2990",2025-07-02 11:16:28,32.291,0,"Tank3","Heat"
"2991",2025-07-02 11:21:28,32.086,0,"Tank3","Heat"
"2992",2025-07-02 11:26:28,32.394,0,"Tank3","Heat"
"2993",2025-07-02 11:31:28,32.394,0,"Tank3","Heat"
"2994",2025-07-02 11:36:28,32.291,0,"Tank3","Heat"
"2995",2025-07-02 11:41:28,32.291,0,"Tank3","Heat"
"2996",2025-07-02 11:46:28,32.497,0,"Tank3","Heat"
"2997",2025-07-02 11:51:28,32.394,0,"Tank3","Heat"
"2998",2025-07-02 11:56:28,32.291,0,"Tank3","Heat"
"2999",2025-07-02 12:01:28,32.291,0,"Tank3","Heat"
"3000",2025-07-02 12:06:28,32.497,0,"Tank3","Heat"
"3001",2025-07-02 12:11:28,32.394,0,"Tank3","Heat"
"3002",2025-07-02 12:16:28,32.291,0,"Tank3","Heat"
"3003",2025-07-02 12:21:28,32.394,688.9,"Tank3","Heat"
"3004",2025-07-02 12:26:28,32.6,818.1,"Tank3","Heat"
"3005",2025-07-02 12:31:28,32.497,818.1,"Tank3","Heat"
"3006",2025-07-02 12:36:28,32.291,785.8,"Tank3","Heat"
"3007",2025-07-02 12:41:28,32.394,764.2,"Tank3","Heat"
"3008",2025-07-02 12:46:28,32.6,764.2,"Tank3","Heat"
"3009",2025-07-02 12:51:28,32.497,839.6,"Tank3","Heat"
"3010",2025-07-02 12:56:28,32.394,785.8,"Tank3","Heat"
"3011",2025-07-02 13:01:28,32.291,0,"Tank3","Heat"
"3012",2025-07-02 13:06:28,32.497,0,"Tank3","Heat"
"3013",2025-07-02 13:11:28,32.497,0,"Tank3","Heat"
"3014",2025-07-02 13:16:28,32.394,0,"Tank3","Heat"
"3015",2025-07-02 13:21:28,32.291,0,"Tank3","Heat"
"3016",2025-07-02 13:26:28,32.291,0,"Tank3","Heat"
"3017",2025-07-02 13:31:28,32.497,0,"Tank3","Heat"
"3018",2025-07-02 13:36:28,32.497,0,"Tank3","Heat"
"3019",2025-07-02 13:41:28,32.291,0,"Tank3","Heat"
"3020",2025-07-02 13:46:28,32.291,10.8,"Tank3","Heat"
"3021",2025-07-02 13:51:28,32.497,753.5,"Tank3","Heat"
"3022",2025-07-02 13:56:28,32.497,764.2,"Tank3","Heat"
"3023",2025-07-02 14:01:28,32.394,775,"Tank3","Heat"
"3024",2025-07-02 14:06:28,32.291,764.2,"Tank3","Heat"
"3025",2025-07-02 14:11:28,32.497,764.2,"Tank3","Heat"
"3026",2025-07-02 14:16:28,32.497,721.2,"Tank3","Heat"
"3027",2025-07-02 14:21:28,32.394,699.7,"Tank3","Heat"
"3028",2025-07-02 14:26:28,32.291,742.7,"Tank3","Heat"
"3029",2025-07-02 14:31:28,32.497,796.5,"Tank3","Heat"
"3030",2025-07-02 14:36:28,32.497,807.3,"Tank3","Heat"
"3031",2025-07-02 14:41:28,32.394,785.8,"Tank3","Heat"
"3032",2025-07-02 14:46:28,32.291,828.8,"Tank3","Heat"
"3033",2025-07-02 14:51:28,32.497,742.7,"Tank3","Heat"
"3034",2025-07-02 14:56:28,32.497,775,"Tank3","Heat"
"3035",2025-07-02 15:01:28,32.394,731.9,"Tank3","Heat"
"3036",2025-07-02 15:06:28,32.291,775,"Tank3","Heat"
"3037",2025-07-02 15:11:28,32.394,721.2,"Tank3","Heat"
"3038",2025-07-02 15:16:28,32.6,818.1,"Tank3","Heat"
"3039",2025-07-02 15:21:28,32.497,753.5,"Tank3","Heat"
"3040",2025-07-02 15:26:28,32.394,742.7,"Tank3","Heat"
"3041",2025-07-02 15:31:28,32.291,688.9,"Tank3","Heat"
"3042",2025-07-02 15:36:28,32.497,753.5,"Tank3","Heat"
"3043",2025-07-02 15:41:28,32.497,742.7,"Tank3","Heat"
"3044",2025-07-02 15:46:28,32.394,764.2,"Tank3","Heat"
"3045",2025-07-02 15:51:28,32.291,721.2,"Tank3","Heat"
"3046",2025-07-02 15:56:28,32.394,785.8,"Tank3","Heat"
"3047",2025-07-02 16:01:28,32.6,710.4,"Tank3","Heat"
"3048",2025-07-02 16:06:28,32.497,764.2,"Tank3","Heat"
"3049",2025-07-02 16:11:28,32.394,742.7,"Tank3","Heat"
"3050",2025-07-02 16:16:28,32.291,731.9,"Tank3","Heat"
"3051",2025-07-02 16:21:28,32.497,656.6,"Tank3","Heat"
"3052",2025-07-02 16:26:28,32.497,624.3,"Tank3","Heat"
"3053",2025-07-02 16:31:28,32.394,635.1,"Tank3","Heat"
"3054",2025-07-02 16:36:28,32.291,581.3,"Tank3","Heat"
"3055",2025-07-02 16:41:28,32.497,538.2,"Tank3","Heat"
"3056",2025-07-02 16:46:28,32.6,516.7,"Tank3","Heat"
"3057",2025-07-02 16:51:28,32.497,538.2,"Tank3","Heat"
"3058",2025-07-02 16:56:28,32.291,516.7,"Tank3","Heat"
"3059",2025-07-02 17:01:28,32.291,570.5,"Tank3","Heat"
"3060",2025-07-02 17:06:28,32.497,452.1,"Tank3","Heat"
"3061",2025-07-02 17:11:28,32.497,452.1,"Tank3","Heat"
"3062",2025-07-02 17:16:28,32.394,419.8,"Tank3","Heat"
"3063",2025-07-02 17:21:28,32.291,409,"Tank3","Heat"
"3064",2025-07-02 17:26:28,32.497,419.8,"Tank3","Heat"
"3065",2025-07-02 17:31:28,32.497,344.4,"Tank3","Heat"
"3066",2025-07-02 17:36:28,32.394,409,"Tank3","Heat"
"3067",2025-07-02 17:41:28,32.291,355.2,"Tank3","Heat"
"3068",2025-07-02 17:46:28,32.394,312.2,"Tank3","Heat"
"3069",2025-07-02 17:51:28,32.6,344.4,"Tank3","Heat"
"3070",2025-07-02 17:56:28,32.497,279.9,"Tank3","Heat"
"3071",2025-07-02 18:01:28,32.394,269.1,"Tank3","Heat"
"3072",2025-07-02 18:06:28,32.291,333.7,"Tank3","Heat"
"3073",2025-07-02 18:11:28,32.497,344.4,"Tank3","Heat"
"3074",2025-07-02 18:16:28,32.497,290.6,"Tank3","Heat"
"3075",2025-07-02 18:21:28,32.394,215.3,"Tank3","Heat"
"3076",2025-07-02 18:26:28,32.291,204.5,"Tank3","Heat"
"3077",2025-07-02 18:31:28,32.394,247.6,"Tank3","Heat"
"3078",2025-07-02 18:36:28,32.497,215.3,"Tank3","Heat"
"3079",2025-07-02 18:41:28,32.394,172.2,"Tank3","Heat"
"3080",2025-07-02 18:46:28,32.291,193.8,"Tank3","Heat"
"3081",2025-07-02 18:51:28,32.291,204.5,"Tank3","Heat"
"3082",2025-07-02 18:56:28,32.497,139.9,"Tank3","Heat"
"3083",2025-07-02 19:01:28,32.497,118.4,"Tank3","Heat"
"3084",2025-07-02 19:06:28,32.394,118.4,"Tank3","Heat"
"3085",2025-07-02 19:11:28,32.291,32.3,"Tank3","Heat"
"3086",2025-07-02 19:16:28,32.497,118.4,"Tank3","Heat"
"3087",2025-07-02 19:21:28,32.497,75.3,"Tank3","Heat"
"3088",2025-07-02 19:26:28,32.394,86.1,"Tank3","Heat"
"3089",2025-07-02 19:31:28,32.188,53.8,"Tank3","Heat"
"3090",2025-07-02 19:36:28,32.394,53.8,"Tank3","Heat"
"3091",2025-07-02 19:41:28,32.497,53.8,"Tank3","Heat"
"3092",2025-07-02 19:46:28,32.394,0,"Tank3","Heat"
"3093",2025-07-02 19:51:28,32.291,0,"Tank3","Heat"
"3094",2025-07-02 19:56:28,32.291,0,"Tank3","Heat"
"3095",2025-07-02 20:01:28,32.497,0,"Tank3","Heat"
"3096",2025-07-02 20:06:28,32.394,0,"Tank3","Heat"
"3097",2025-07-02 20:11:28,32.291,0,"Tank3","Heat"
"3098",2025-07-02 20:16:28,32.291,0,"Tank3","Heat"
"3099",2025-07-02 20:21:28,32.497,0,"Tank3","Heat"
"3100",2025-07-02 20:26:28,32.394,0,"Tank3","Heat"
"3101",2025-07-02 20:31:28,32.291,0,"Tank3","Heat"
"3102",2025-07-02 20:36:28,32.291,0,"Tank3","Heat"
"3103",2025-07-02 20:41:28,32.497,0,"Tank3","Heat"
"3104",2025-07-02 20:46:28,32.394,0,"Tank3","Heat"
"3105",2025-07-02 20:51:28,32.291,0,"Tank3","Heat"
"3106",2025-07-02 20:56:28,32.291,0,"Tank3","Heat"
"3107",2025-07-02 21:01:28,32.497,0,"Tank3","Heat"
"3108",2025-07-02 21:06:28,32.394,0,"Tank3","Heat"
"3109",2025-07-02 21:11:28,32.291,0,"Tank3","Heat"
"3110",2025-07-02 21:16:28,32.291,0,"Tank3","Heat"
"3111",2025-07-02 21:21:28,32.497,0,"Tank3","Heat"
"3112",2025-07-02 21:26:28,32.497,0,"Tank3","Heat"
"3113",2025-07-02 21:31:28,32.291,0,"Tank3","Heat"
"3114",2025-07-02 21:36:28,32.188,0,"Tank3","Heat"
"3115",2025-07-02 21:41:28,32.497,0,"Tank3","Heat"
"3116",2025-07-02 21:46:28,32.497,0,"Tank3","Heat"
"3117",2025-07-02 21:51:28,32.394,0,"Tank3","Heat"
"3118",2025-07-02 21:56:28,32.188,0,"Tank3","Heat"
"3119",2025-07-02 22:01:28,32.497,0,"Tank3","Heat"
"3120",2025-07-02 22:06:28,32.497,0,"Tank3","Heat"
"3121",2025-07-02 22:11:28,32.394,0,"Tank3","Heat"
"3122",2025-07-02 22:16:28,32.188,0,"Tank3","Heat"
"3123",2025-07-02 22:21:28,32.188,0,"Tank3","Heat"
"3124",2025-07-02 22:26:28,32.394,0,"Tank3","Heat"
"3125",2025-07-02 22:31:28,32.291,0,"Tank3","Heat"
"3126",2025-07-02 22:36:28,32.188,0,"Tank3","Heat"
"3127",2025-07-02 22:41:28,32.188,0,"Tank3","Heat"
"3128",2025-07-02 22:46:28,32.394,0,"Tank3","Heat"
"3129",2025-07-02 22:51:28,32.394,0,"Tank3","Heat"
"3130",2025-07-02 22:56:28,32.291,0,"Tank3","Heat"
"3131",2025-07-02 23:01:28,32.086,0,"Tank3","Heat"
"3132",2025-07-02 23:06:28,32.394,0,"Tank3","Heat"
"3133",2025-07-02 23:11:28,32.394,0,"Tank3","Heat"
"3134",2025-07-02 23:16:28,32.291,0,"Tank3","Heat"
"3135",2025-07-02 23:21:28,32.188,0,"Tank3","Heat"
"3136",2025-07-02 23:26:28,32.291,0,"Tank3","Heat"
"3137",2025-07-02 23:31:28,32.394,0,"Tank3","Heat"
"3138",2025-07-02 23:36:28,32.291,0,"Tank3","Heat"
"3139",2025-07-02 23:41:28,32.188,0,"Tank3","Heat"
"3140",2025-07-02 23:46:28,32.188,0,"Tank3","Heat"
"3141",2025-07-02 23:51:28,32.394,0,"Tank3","Heat"
"3142",2025-07-02 23:56:28,32.394,0,"Tank3","Heat"
"3143",2025-07-03 00:01:28,32.188,0,"Tank3","Heat"
"3144",2025-07-03 00:06:28,32.086,0,"Tank3","Heat"
"3145",2025-07-03 00:11:28,32.394,0,"Tank3","Heat"
"3146",2025-07-03 00:16:28,32.394,0,"Tank3","Heat"
"3147",2025-07-03 00:21:28,32.291,0,"Tank3","Heat"
"3148",2025-07-03 00:26:28,32.086,0,"Tank3","Heat"
"3149",2025-07-03 00:31:28,32.291,0,"Tank3","Heat"
"3150",2025-07-03 00:36:28,32.394,0,"Tank3","Heat"
"3151",2025-07-03 00:41:28,32.291,0,"Tank3","Heat"
"3152",2025-07-03 00:46:28,32.188,0,"Tank3","Heat"
"3153",2025-07-03 00:51:28,32.188,0,"Tank3","Heat"
"3154",2025-07-03 00:56:28,32.394,0,"Tank3","Heat"
"3155",2025-07-03 01:01:28,32.394,0,"Tank3","Heat"
"3156",2025-07-03 01:06:28,32.188,0,"Tank3","Heat"
"3157",2025-07-03 01:11:28,32.086,0,"Tank3","Heat"
"3158",2025-07-03 01:16:28,32.394,0,"Tank3","Heat"
"3159",2025-07-03 01:21:28,32.394,0,"Tank3","Heat"
"3160",2025-07-03 01:26:28,32.291,0,"Tank3","Heat"
"3161",2025-07-03 01:31:28,32.188,0,"Tank3","Heat"
"3162",2025-07-03 01:36:28,32.291,0,"Tank3","Heat"
"3163",2025-07-03 01:41:28,32.394,0,"Tank3","Heat"
"3164",2025-07-03 01:46:28,32.291,0,"Tank3","Heat"
"3165",2025-07-03 01:51:28,32.188,0,"Tank3","Heat"
"3166",2025-07-03 01:56:28,32.188,0,"Tank3","Heat"
"3167",2025-07-03 02:01:28,32.394,0,"Tank3","Heat"
"3168",2025-07-03 02:06:28,32.394,0,"Tank3","Heat"
"3169",2025-07-03 02:11:28,32.291,0,"Tank3","Heat"
"3170",2025-07-03 02:16:28,32.086,0,"Tank3","Heat"
"3171",2025-07-03 02:21:28,32.394,0,"Tank3","Heat"
"3172",2025-07-03 02:26:28,32.394,0,"Tank3","Heat"
"3173",2025-07-03 02:31:28,32.291,0,"Tank3","Heat"
"3174",2025-07-03 02:36:28,32.188,0,"Tank3","Heat"
"3175",2025-07-03 02:41:28,32.291,0,"Tank3","Heat"
"3176",2025-07-03 02:46:28,32.394,0,"Tank3","Heat"
"3177",2025-07-03 02:51:28,32.291,0,"Tank3","Heat"
"3178",2025-07-03 02:56:28,32.188,0,"Tank3","Heat"
"3179",2025-07-03 03:01:28,32.188,0,"Tank3","Heat"
"3180",2025-07-03 03:06:28,32.394,0,"Tank3","Heat"
"3181",2025-07-03 03:11:28,32.394,0,"Tank3","Heat"
"3182",2025-07-03 03:16:28,32.188,0,"Tank3","Heat"
"3183",2025-07-03 03:21:28,32.086,0,"Tank3","Heat"
"3184",2025-07-03 03:26:28,32.394,0,"Tank3","Heat"
"3185",2025-07-03 03:31:28,32.394,0,"Tank3","Heat"
"3186",2025-07-03 03:36:28,32.291,0,"Tank3","Heat"
"3187",2025-07-03 03:41:28,32.188,0,"Tank3","Heat"
"3188",2025-07-03 03:46:28,32.291,0,"Tank3","Heat"
"3189",2025-07-03 03:51:28,32.394,0,"Tank3","Heat"
"3190",2025-07-03 03:56:28,32.291,0,"Tank3","Heat"
"3191",2025-07-03 04:01:28,32.188,0,"Tank3","Heat"
"3192",2025-07-03 04:06:28,32.188,0,"Tank3","Heat"
"3193",2025-07-03 04:11:28,32.394,0,"Tank3","Heat"
"3194",2025-07-03 04:16:28,32.291,0,"Tank3","Heat"
"3195",2025-07-03 04:21:28,32.188,0,"Tank3","Heat"
"3196",2025-07-03 04:26:28,32.086,0,"Tank3","Heat"
"3197",2025-07-03 04:31:28,32.394,0,"Tank3","Heat"
"3198",2025-07-03 04:36:28,32.394,0,"Tank3","Heat"
"3199",2025-07-03 04:41:28,32.291,0,"Tank3","Heat"
"3200",2025-07-03 04:46:28,32.188,0,"Tank3","Heat"
"3201",2025-07-03 04:51:28,32.291,0,"Tank3","Heat"
"3202",2025-07-03 04:56:28,32.394,0,"Tank3","Heat"
"3203",2025-07-03 05:01:28,32.291,0,"Tank3","Heat"
"3204",2025-07-03 05:06:28,32.188,0,"Tank3","Heat"
"3205",2025-07-03 05:11:28,32.188,0,"Tank3","Heat"
"3206",2025-07-03 05:16:28,32.394,0,"Tank3","Heat"
"3207",2025-07-03 05:21:28,32.291,0,"Tank3","Heat"
"3208",2025-07-03 05:26:28,32.188,0,"Tank3","Heat"
"3209",2025-07-03 05:31:28,32.086,0,"Tank3","Heat"
"3210",2025-07-03 05:36:28,32.394,0,"Tank3","Heat"
"3211",2025-07-03 05:41:28,32.394,0,"Tank3","Heat"
"3212",2025-07-03 05:46:28,32.291,0,"Tank3","Heat"
"3213",2025-07-03 05:51:28,32.188,0,"Tank3","Heat"
"3214",2025-07-03 05:56:28,32.291,0,"Tank3","Heat"
"3215",2025-07-03 06:01:28,32.394,0,"Tank3","Heat"
"3216",2025-07-03 06:06:28,32.291,0,"Tank3","Heat"
"3217",2025-07-03 06:11:28,32.188,0,"Tank3","Heat"
"3218",2025-07-03 06:16:28,32.188,0,"Tank3","Heat"
"3219",2025-07-03 06:21:28,32.394,0,"Tank3","Heat"
"3220",2025-07-03 06:26:28,32.291,0,"Tank3","Heat"
"3221",2025-07-03 06:31:28,32.188,0,"Tank3","Heat"
"3222",2025-07-03 06:36:28,32.188,0,"Tank3","Heat"
"3223",2025-07-03 06:41:28,32.394,0,"Tank3","Heat"
"3224",2025-07-03 06:46:28,32.394,0,"Tank3","Heat"
"3225",2025-07-03 06:51:28,32.188,0,"Tank3","Heat"
"3226",2025-07-03 06:56:28,32.086,0,"Tank3","Heat"
"3227",2025-07-03 07:01:28,32.394,0,"Tank3","Heat"
"3228",2025-07-03 07:06:28,32.394,0,"Tank3","Heat"
"3229",2025-07-03 07:11:28,32.291,0,"Tank3","Heat"
"3230",2025-07-03 07:16:28,32.188,0,"Tank3","Heat"
"3231",2025-07-03 07:21:28,32.291,0,"Tank3","Heat"
"3232",2025-07-03 07:26:28,32.394,0,"Tank3","Heat"
"3233",2025-07-03 07:31:28,32.291,0,"Tank3","Heat"
"3234",2025-07-03 07:36:28,32.188,0,"Tank3","Heat"
"3235",2025-07-03 07:41:28,32.188,0,"Tank3","Heat"
"3236",2025-07-03 07:46:28,32.394,0,"Tank3","Heat"
"3237",2025-07-03 07:51:28,32.394,0,"Tank3","Heat"
"3238",2025-07-03 07:56:28,32.291,0,"Tank3","Heat"
"3239",2025-07-03 08:01:28,32.086,0,"Tank3","Heat"
"3240",2025-07-03 08:06:28,32.394,0,"Tank3","Heat"
"3241",2025-07-03 08:11:28,32.394,0,"Tank3","Heat"
"3242",2025-07-03 08:16:28,32.291,0,"Tank3","Heat"
"3243",2025-07-03 08:21:28,32.086,0,"Tank3","Heat"
"3244",2025-07-03 08:26:28,32.291,107.6,"Tank3","Heat"
"3245",2025-07-03 08:31:28,32.394,53.8,"Tank3","Heat"
"3246",2025-07-03 08:36:28,32.291,161.5,"Tank3","Heat"
"3247",2025-07-03 08:41:28,32.188,53.8,"Tank3","Heat"
"3248",2025-07-03 08:46:28,32.188,204.5,"Tank3","Heat"
"3249",2025-07-03 08:51:28,32.394,129.2,"Tank3","Heat"
"3250",2025-07-03 08:56:28,32.394,64.6,"Tank3","Heat"
"3251",2025-07-03 09:01:28,32.188,139.9,"Tank3","Heat"
"3252",2025-07-03 09:06:28,32.188,258.3,"Tank3","Heat"
"3253",2025-07-03 09:11:28,32.394,204.5,"Tank3","Heat"
"3254",2025-07-03 09:16:28,32.394,258.3,"Tank3","Heat"
"3255",2025-07-03 09:21:28,32.291,193.8,"Tank3","Heat"
"3256",2025-07-03 09:26:28,32.188,215.3,"Tank3","Heat"
"3257",2025-07-03 09:31:28,32.291,269.1,"Tank3","Heat"
"3258",2025-07-03 09:36:28,32.394,193.8,"Tank3","Heat"
"3259",2025-07-03 09:41:28,32.291,279.9,"Tank3","Heat"
"3260",2025-07-03 09:46:28,32.188,344.4,"Tank3","Heat"
"3261",2025-07-03 09:51:28,32.291,301.4,"Tank3","Heat"
"3262",2025-07-03 09:56:28,32.394,312.2,"Tank3","Heat"
"3263",2025-07-03 10:01:28,32.394,290.6,"Tank3","Heat"
"3264",2025-07-03 10:06:28,32.188,301.4,"Tank3","Heat"
"3265",2025-07-03 10:11:28,32.188,333.7,"Tank3","Heat"
"3266",2025-07-03 10:16:28,32.394,355.2,"Tank3","Heat"
"3267",2025-07-03 10:21:28,32.394,355.2,"Tank3","Heat"
"3268",2025-07-03 10:26:28,32.291,0,"Tank3","Heat"
"3269",2025-07-03 10:31:28,32.188,0,"Tank3","Heat"
"3270",2025-07-03 10:36:28,32.394,0,"Tank3","Heat"
"3271",2025-07-03 10:41:28,32.394,0,"Tank3","Heat"
"3272",2025-07-03 10:46:28,32.291,0,"Tank3","Heat"
"3273",2025-07-03 10:51:28,32.188,0,"Tank3","Heat"
"3274",2025-07-03 10:56:28,32.291,0,"Tank3","Heat"
"3275",2025-07-03 11:01:28,32.394,0,"Tank3","Heat"
"3276",2025-07-03 11:06:28,32.291,0,"Tank3","Heat"
"3277",2025-07-03 11:11:28,32.188,0,"Tank3","Heat"
"3278",2025-07-03 11:16:28,32.188,0,"Tank3","Heat"
"3279",2025-07-03 11:21:28,32.394,570.5,"Tank3","Heat"
"3280",2025-07-03 11:26:28,32.394,613.5,"Tank3","Heat"
"3281",2025-07-03 11:31:28,32.291,678.1,"Tank3","Heat"
"3282",2025-07-03 11:36:28,32.188,678.1,"Tank3","Heat"
"3283",2025-07-03 11:41:28,32.394,688.9,"Tank3","Heat"
"3284",2025-07-03 11:46:28,32.394,667.4,"Tank3","Heat"
"3285",2025-07-03 11:51:28,32.291,742.7,"Tank3","Heat"
"3286",2025-07-03 11:56:28,32.188,785.8,"Tank3","Heat"
"3287",2025-07-03 12:01:28,32.394,721.2,"Tank3","Heat"
"3288",2025-07-03 12:06:28,32.394,742.7,"Tank3","Heat"
"3289",2025-07-03 12:11:28,32.394,731.9,"Tank3","Heat"
"3290",2025-07-03 12:16:28,32.188,742.7,"Tank3","Heat"
"3291",2025-07-03 12:21:28,32.291,764.2,"Tank3","Heat"
"3292",2025-07-03 12:26:28,32.497,818.1,"Tank3","Heat"
"3293",2025-07-03 12:31:28,32.394,775,"Tank3","Heat"
"3294",2025-07-03 12:36:28,32.291,796.5,"Tank3","Heat"
"3295",2025-07-03 12:41:28,32.188,731.9,"Tank3","Heat"
"3296",2025-07-03 12:46:28,32.394,796.5,"Tank3","Heat"
"3297",2025-07-03 12:51:28,32.394,775,"Tank3","Heat"
"3298",2025-07-03 12:56:28,32.291,796.5,"Tank3","Heat"
"3299",2025-07-03 13:01:28,32.188,796.5,"Tank3","Heat"
"3300",2025-07-03 13:06:28,32.291,807.3,"Tank3","Heat"
"3301",2025-07-03 13:11:28,32.497,753.5,"Tank3","Heat"
"3302",2025-07-03 13:16:28,32.394,818.1,"Tank3","Heat"
"3303",2025-07-03 13:21:28,32.291,818.1,"Tank3","Heat"
"3304",2025-07-03 13:26:28,32.188,818.1,"Tank3","Heat"
"3305",2025-07-03 13:31:28,32.497,742.7,"Tank3","Heat"
"3306",2025-07-03 13:36:28,32.394,753.5,"Tank3","Heat"
"3307",2025-07-03 13:41:28,32.291,828.8,"Tank3","Heat"
"3308",2025-07-03 13:46:28,32.188,731.9,"Tank3","Heat"
"3309",2025-07-03 13:51:28,32.291,742.7,"Tank3","Heat"
"3310",2025-07-03 13:56:28,32.497,796.5,"Tank3","Heat"
"3311",2025-07-03 14:01:28,32.394,731.9,"Tank3","Heat"
"3312",2025-07-03 14:06:28,32.291,785.8,"Tank3","Heat"
"3313",2025-07-03 14:11:28,32.188,764.2,"Tank3","Heat"
"3314",2025-07-03 14:16:28,32.497,645.8,"Tank3","Heat"
"3315",2025-07-03 14:21:28,32.394,721.2,"Tank3","Heat"
"3316",2025-07-03 14:26:28,32.291,731.9,"Tank3","Heat"
"3317",2025-07-03 14:31:28,32.394,775,"Tank3","Heat"
"3318",2025-07-03 14:36:28,32.497,731.9,"Tank3","Heat"
"3319",2025-07-03 14:41:28,32.394,710.4,"Tank3","Heat"
"3320",2025-07-03 14:46:28,32.291,667.4,"Tank3","Heat"
"3321",2025-07-03 14:51:28,32.394,742.7,"Tank3","Heat"
"3322",2025-07-03 14:56:28,32.497,710.4,"Tank3","Heat"
"3323",2025-07-03 15:01:28,32.497,775,"Tank3","Heat"
"3324",2025-07-03 15:06:28,32.394,764.2,"Tank3","Heat"
"3325",2025-07-03 15:11:28,32.291,731.9,"Tank3","Heat"
"3326",2025-07-03 15:16:28,32.6,785.8,"Tank3","Heat"
"3327",2025-07-03 15:21:28,32.497,807.3,"Tank3","Heat"
"3328",2025-07-03 15:26:28,32.394,742.7,"Tank3","Heat"
"3329",2025-07-03 15:31:28,32.291,796.5,"Tank3","Heat"
"3330",2025-07-03 15:36:28,32.497,796.5,"Tank3","Heat"
"3331",2025-07-03 15:41:28,32.497,742.7,"Tank3","Heat"
"3332",2025-07-03 15:46:28,32.497,807.3,"Tank3","Heat"
"3333",2025-07-03 15:51:28,32.291,775,"Tank3","Heat"
"3334",2025-07-03 15:56:28,32.394,796.5,"Tank3","Heat"
"3335",2025-07-03 16:01:28,32.497,721.2,"Tank3","Heat"
"3336",2025-07-03 16:06:28,32.497,710.4,"Tank3","Heat"
"3337",2025-07-03 16:11:28,32.394,699.7,"Tank3","Heat"
"3338",2025-07-03 16:16:28,32.291,731.9,"Tank3","Heat"
"3339",2025-07-03 16:21:28,32.497,721.2,"Tank3","Heat"
"3340",2025-07-03 16:26:28,32.497,699.7,"Tank3","Heat"
"3341",2025-07-03 16:31:28,32.394,688.9,"Tank3","Heat"
"3342",2025-07-03 16:36:28,32.291,656.6,"Tank3","Heat"
"3343",2025-07-03 16:41:28,32.497,559.7,"Tank3","Heat"
"3344",2025-07-03 16:46:28,32.497,624.3,"Tank3","Heat"
"3345",2025-07-03 16:51:28,32.497,559.7,"Tank3","Heat"
"3346",2025-07-03 16:56:28,32.291,527.4,"Tank3","Heat"
"3347",2025-07-03 17:01:28,32.291,495.1,"Tank3","Heat"
"3348",2025-07-03 17:06:28,32.497,559.7,"Tank3","Heat"
"3349",2025-07-03 17:11:28,32.497,430.6,"Tank3","Heat"
"3350",2025-07-03 17:16:28,32.394,527.4,"Tank3","Heat"
"3351",2025-07-03 17:21:28,32.291,495.1,"Tank3","Heat"
"3352",2025-07-03 17:26:28,32.497,484.4,"Tank3","Heat"
"3353",2025-07-03 17:31:28,32.497,409,"Tank3","Heat"
"3354",2025-07-03 17:36:28,32.394,366,"Tank3","Heat"
"3355",2025-07-03 17:41:28,32.291,344.4,"Tank3","Heat"
"3356",2025-07-03 17:46:28,32.394,344.4,"Tank3","Heat"
"3357",2025-07-03 17:51:28,32.497,355.2,"Tank3","Heat"
"3358",2025-07-03 17:56:28,32.394,409,"Tank3","Heat"
"3359",2025-07-03 18:01:28,32.291,376.7,"Tank3","Heat"
"3360",2025-07-03 18:06:28,32.291,269.1,"Tank3","Heat"
"3361",2025-07-03 18:11:28,32.497,247.6,"Tank3","Heat"
"3362",2025-07-03 18:16:28,32.497,290.6,"Tank3","Heat"
"3363",2025-07-03 18:21:28,32.394,236.8,"Tank3","Heat"
"3364",2025-07-03 18:26:28,32.291,193.8,"Tank3","Heat"
"3365",2025-07-03 18:31:28,32.497,215.3,"Tank3","Heat"
"3366",2025-07-03 18:36:28,32.497,258.3,"Tank3","Heat"
"3367",2025-07-03 18:41:28,32.394,312.2,"Tank3","Heat"
"3368",2025-07-03 18:46:28,32.291,193.8,"Tank3","Heat"
"3369",2025-07-03 18:51:28,32.497,96.9,"Tank3","Heat"
"3370",2025-07-03 18:56:28,32.497,183,"Tank3","Heat"
"3371",2025-07-03 19:01:28,32.394,150.7,"Tank3","Heat"
"3372",2025-07-03 19:06:28,32.291,43.1,"Tank3","Heat"
"3373",2025-07-03 19:11:28,32.394,172.2,"Tank3","Heat"
"3374",2025-07-03 19:16:28,32.497,172.2,"Tank3","Heat"
"3375",2025-07-03 19:21:28,32.394,107.6,"Tank3","Heat"
"3376",2025-07-03 19:26:28,32.291,64.6,"Tank3","Heat"
"3377",2025-07-03 19:31:28,32.291,64.6,"Tank3","Heat"
"3378",2025-07-03 19:36:28,32.497,21.5,"Tank3","Heat"
"3379",2025-07-03 19:41:28,32.497,10.8,"Tank3","Heat"
"3380",2025-07-03 19:46:28,32.394,10.8,"Tank3","Heat"
"3381",2025-07-03 19:51:28,32.188,0,"Tank3","Heat"
"3382",2025-07-03 19:56:28,32.497,0,"Tank3","Heat"
"3383",2025-07-03 20:01:28,32.497,0,"Tank3","Heat"
"3384",2025-07-03 20:06:28,32.394,0,"Tank3","Heat"
"3385",2025-07-03 20:11:28,32.291,0,"Tank3","Heat"
"3386",2025-07-03 20:16:28,32.394,0,"Tank3","Heat"
"3387",2025-07-03 20:21:28,32.497,0,"Tank3","Heat"
"3388",2025-07-03 20:26:28,32.394,0,"Tank3","Heat"
"3389",2025-07-03 20:31:28,32.291,0,"Tank3","Heat"
"3390",2025-07-03 20:36:28,32.291,0,"Tank3","Heat"
"3391",2025-07-03 20:41:28,32.497,0,"Tank3","Heat"
"3392",2025-07-03 20:46:28,32.394,0,"Tank3","Heat"
"3393",2025-07-03 20:51:28,32.291,0,"Tank3","Heat"
"3394",2025-07-03 20:56:28,32.291,0,"Tank3","Heat"
"3395",2025-07-03 21:01:28,32.497,0,"Tank3","Heat"
"3396",2025-07-03 21:06:28,32.394,0,"Tank3","Heat"
"3397",2025-07-03 21:11:28,32.291,0,"Tank3","Heat"
"3398",2025-07-03 21:16:28,32.291,0,"Tank3","Heat"
"3399",2025-07-03 21:21:28,32.497,0,"Tank3","Heat"
"3400",2025-07-03 21:26:28,32.394,0,"Tank3","Heat"
"3401",2025-07-03 21:31:28,32.291,0,"Tank3","Heat"
"3402",2025-07-03 21:36:28,32.291,0,"Tank3","Heat"
"3403",2025-07-03 21:41:28,32.497,0,"Tank3","Heat"
"3404",2025-07-03 21:46:28,32.394,0,"Tank3","Heat"
"3405",2025-07-03 21:51:28,32.291,0,"Tank3","Heat"
"3406",2025-07-03 21:56:28,32.291,0,"Tank3","Heat"
"3407",2025-07-03 22:01:28,32.497,0,"Tank3","Heat"
"3408",2025-07-03 22:06:28,32.497,0,"Tank3","Heat"
"3409",2025-07-03 22:11:28,32.291,0,"Tank3","Heat"
"3410",2025-07-03 22:16:28,32.291,0,"Tank3","Heat"
"3411",2025-07-03 22:21:28,32.497,0,"Tank3","Heat"
"3412",2025-07-03 22:26:28,32.497,0,"Tank3","Heat"
"3413",2025-07-03 22:31:28,32.394,0,"Tank3","Heat"
"3414",2025-07-03 22:36:28,32.188,0,"Tank3","Heat"
"3415",2025-07-03 22:41:28,32.497,0,"Tank3","Heat"
"3416",2025-07-03 22:46:28,32.497,0,"Tank3","Heat"
"3417",2025-07-03 22:51:28,32.394,0,"Tank3","Heat"
"3418",2025-07-03 22:56:28,32.291,0,"Tank3","Heat"
"3419",2025-07-03 23:01:28,32.394,0,"Tank3","Heat"
"3420",2025-07-03 23:06:28,32.497,0,"Tank3","Heat"
"3421",2025-07-03 23:11:28,32.394,0,"Tank3","Heat"
"3422",2025-07-03 23:16:28,32.291,0,"Tank3","Heat"
"3423",2025-07-03 23:21:28,32.291,0,"Tank3","Heat"
"3424",2025-07-03 23:26:28,32.497,0,"Tank3","Heat"
"3425",2025-07-03 23:31:28,32.394,0,"Tank3","Heat"
"3426",2025-07-03 23:36:28,32.291,0,"Tank3","Heat"
"3427",2025-07-03 23:41:28,32.291,0,"Tank3","Heat"
"3428",2025-07-03 23:46:28,32.497,0,"Tank3","Heat"
"3429",2025-07-03 23:51:28,32.497,0,"Tank3","Heat"
"3430",2025-07-03 23:56:28,32.394,0,"Tank3","Heat"
"3431",2025-07-04 00:01:28,32.188,0,"Tank3","Heat"
"3432",2025-07-04 00:06:28,32.497,0,"Tank3","Heat"
"3433",2025-07-04 00:11:28,32.497,0,"Tank3","Heat"
"3434",2025-07-04 00:16:28,32.394,0,"Tank3","Heat"
"3435",2025-07-04 00:21:28,32.291,0,"Tank3","Heat"
"3436",2025-07-04 00:26:28,32.394,0,"Tank3","Heat"
"3437",2025-07-04 00:31:28,32.497,0,"Tank3","Heat"
"3438",2025-07-04 00:36:28,32.394,0,"Tank3","Heat"
"3439",2025-07-04 00:41:28,32.291,0,"Tank3","Heat"
"3440",2025-07-04 00:46:28,32.291,0,"Tank3","Heat"
"3441",2025-07-04 00:51:28,32.497,0,"Tank3","Heat"
"3442",2025-07-04 00:56:28,32.394,0,"Tank3","Heat"
"3443",2025-07-04 01:01:28,32.291,0,"Tank3","Heat"
"3444",2025-07-04 01:06:28,32.291,0,"Tank3","Heat"
"3445",2025-07-04 01:11:28,32.497,0,"Tank3","Heat"
"3446",2025-07-04 01:16:28,32.394,0,"Tank3","Heat"
"3447",2025-07-04 01:21:28,32.291,0,"Tank3","Heat"
"3448",2025-07-04 01:26:28,32.291,0,"Tank3","Heat"
"3449",2025-07-04 01:31:28,32.497,0,"Tank3","Heat"
"3450",2025-07-04 01:36:28,32.497,0,"Tank3","Heat"
"3451",2025-07-04 01:41:28,32.291,0,"Tank3","Heat"
"3452",2025-07-04 01:46:28,32.291,0,"Tank3","Heat"
"3453",2025-07-04 01:51:28,32.497,0,"Tank3","Heat"
"3454",2025-07-04 01:56:28,32.497,0,"Tank3","Heat"
"3455",2025-07-04 02:01:28,32.291,0,"Tank3","Heat"
"3456",2025-07-04 02:06:28,32.188,0,"Tank3","Heat"
"3457",2025-07-04 02:11:28,32.497,0,"Tank3","Heat"
"3458",2025-07-04 02:16:28,32.497,0,"Tank3","Heat"
"3459",2025-07-04 02:21:28,32.394,0,"Tank3","Heat"
"3460",2025-07-04 02:26:28,32.188,0,"Tank3","Heat"
"3461",2025-07-04 02:31:28,32.394,0,"Tank3","Heat"
"3462",2025-07-04 02:36:28,32.497,0,"Tank3","Heat"
"3463",2025-07-04 02:41:28,32.394,0,"Tank3","Heat"
"3464",2025-07-04 02:46:28,32.291,0,"Tank3","Heat"
"3465",2025-07-04 02:51:28,32.394,0,"Tank3","Heat"
"3466",2025-07-04 02:56:28,32.497,0,"Tank3","Heat"
"3467",2025-07-04 03:01:28,32.394,0,"Tank3","Heat"
"3468",2025-07-04 03:06:28,32.291,0,"Tank3","Heat"
"3469",2025-07-04 03:11:28,32.394,0,"Tank3","Heat"
"3470",2025-07-04 03:16:28,32.497,0,"Tank3","Heat"
"3471",2025-07-04 03:21:28,32.394,0,"Tank3","Heat"
"3472",2025-07-04 03:26:28,32.291,0,"Tank3","Heat"
"3473",2025-07-04 03:31:28,32.291,0,"Tank3","Heat"
"3474",2025-07-04 03:36:28,32.497,0,"Tank3","Heat"
"3475",2025-07-04 03:41:28,32.394,0,"Tank3","Heat"
"3476",2025-07-04 03:46:28,32.291,0,"Tank3","Heat"
"3477",2025-07-04 03:51:28,32.291,0,"Tank3","Heat"
"3478",2025-07-04 03:56:28,32.497,0,"Tank3","Heat"
"3479",2025-07-04 04:01:28,32.394,0,"Tank3","Heat"
"3480",2025-07-04 04:06:28,32.291,0,"Tank3","Heat"
"3481",2025-07-04 04:11:28,32.291,0,"Tank3","Heat"
"3482",2025-07-04 04:16:28,32.497,0,"Tank3","Heat"
"3483",2025-07-04 04:21:28,32.497,0,"Tank3","Heat"
"3484",2025-07-04 04:26:28,32.291,0,"Tank3","Heat"
"3485",2025-07-04 04:31:28,32.188,0,"Tank3","Heat"
"3486",2025-07-04 04:36:28,32.497,0,"Tank3","Heat"
"3487",2025-07-04 04:41:28,32.497,0,"Tank3","Heat"
"3488",2025-07-04 04:46:28,32.394,0,"Tank3","Heat"
"3489",2025-07-04 04:51:28,32.291,0,"Tank3","Heat"
"3490",2025-07-04 04:56:28,32.291,0,"Tank3","Heat"
"3491",2025-07-04 05:01:28,32.497,0,"Tank3","Heat"
"3492",2025-07-04 05:06:28,32.497,0,"Tank3","Heat"
"3493",2025-07-04 05:11:28,32.394,0,"Tank3","Heat"
"3494",2025-07-04 05:16:28,32.291,0,"Tank3","Heat"
"3495",2025-07-04 05:21:28,32.291,0,"Tank3","Heat"
"3496",2025-07-04 05:26:28,32.497,0,"Tank3","Heat"
"3497",2025-07-04 05:31:28,32.497,0,"Tank3","Heat"
"3498",2025-07-04 05:36:28,32.394,0,"Tank3","Heat"
"3499",2025-07-04 05:41:28,32.291,0,"Tank3","Heat"
"3500",2025-07-04 05:46:28,32.291,0,"Tank3","Heat"
"3501",2025-07-04 05:51:28,32.497,0,"Tank3","Heat"
"3502",2025-07-04 05:56:28,32.497,0,"Tank3","Heat"
"3503",2025-07-04 06:01:28,32.394,0,"Tank3","Heat"
"3504",2025-07-04 06:06:28,32.291,0,"Tank3","Heat"
"3505",2025-07-04 06:11:28,32.291,0,"Tank3","Heat"
"3506",2025-07-04 06:16:28,32.497,0,"Tank3","Heat"
"3507",2025-07-04 06:21:28,32.497,0,"Tank3","Heat"
"3508",2025-07-04 06:26:28,32.497,0,"Tank3","Heat"
"3509",2025-07-04 06:31:28,32.394,0,"Tank3","Heat"
"3510",2025-07-04 06:36:28,32.291,0,"Tank3","Heat"
"3511",2025-07-04 06:41:28,32.394,0,"Tank3","Heat"
"3512",2025-07-04 06:46:28,32.497,0,"Tank3","Heat"
"3513",2025-07-04 06:51:28,32.497,0,"Tank3","Heat"
"3514",2025-07-04 06:56:28,32.394,0,"Tank3","Heat"
"3515",2025-07-04 07:01:28,32.291,0,"Tank3","Heat"
"3516",2025-07-04 07:06:28,32.394,0,"Tank3","Heat"
"3517",2025-07-04 07:11:28,32.497,0,"Tank3","Heat"
"3518",2025-07-04 07:16:28,32.497,0,"Tank3","Heat"
"3519",2025-07-04 07:21:28,32.394,0,"Tank3","Heat"
"3520",2025-07-04 07:26:28,32.291,0,"Tank3","Heat"
"3521",2025-07-04 07:31:28,32.394,0,"Tank3","Heat"
"3522",2025-07-04 07:36:28,32.497,0,"Tank3","Heat"
"3523",2025-07-04 07:41:28,32.497,0,"Tank3","Heat"
"3524",2025-07-04 07:46:28,32.394,0,"Tank3","Heat"
"3525",2025-07-04 07:51:28,32.291,0,"Tank3","Heat"
"3526",2025-07-04 07:56:28,32.394,0,"Tank3","Heat"
"3527",2025-07-04 08:01:28,32.497,0,"Tank3","Heat"
"3528",2025-07-04 08:06:28,32.394,0,"Tank3","Heat"
"3529",2025-07-04 08:11:28,32.291,0,"Tank3","Heat"
"3530",2025-07-04 08:16:28,32.291,86.1,"Tank3","Heat"
"3531",2025-07-04 08:21:28,32.394,75.3,"Tank3","Heat"
"3532",2025-07-04 08:26:28,32.497,129.2,"Tank3","Heat"
"3533",2025-07-04 08:31:28,32.394,32.3,"Tank3","Heat"
"3534",2025-07-04 08:36:28,32.291,21.5,"Tank3","Heat"
"3535",2025-07-04 08:41:28,32.291,118.4,"Tank3","Heat"
"3536",2025-07-04 08:46:28,32.497,118.4,"Tank3","Heat"
"3537",2025-07-04 08:51:28,32.497,53.8,"Tank3","Heat"
"3538",2025-07-04 08:56:28,32.394,43.1,"Tank3","Heat"
"3539",2025-07-04 09:01:28,32.291,161.5,"Tank3","Heat"
"3540",2025-07-04 09:06:28,32.291,172.2,"Tank3","Heat"
"3541",2025-07-04 09:11:28,32.497,183,"Tank3","Heat"
"3542",2025-07-04 09:16:28,32.497,204.5,"Tank3","Heat"
"3543",2025-07-04 09:21:28,32.497,193.8,"Tank3","Heat"
"3544",2025-07-04 09:26:28,32.394,269.1,"Tank3","Heat"
"3545",2025-07-04 09:31:28,32.291,247.6,"Tank3","Heat"
"3546",2025-07-04 09:36:28,32.497,247.6,"Tank3","Heat"
"3547",2025-07-04 09:41:28,32.497,279.9,"Tank3","Heat"
"3548",2025-07-04 09:46:28,32.497,279.9,"Tank3","Heat"
"3549",2025-07-04 09:51:28,32.394,301.4,"Tank3","Heat"
"3550",2025-07-04 09:56:28,32.291,301.4,"Tank3","Heat"
"3551",2025-07-04 10:01:28,32.497,312.2,"Tank3","Heat"
"3552",2025-07-04 10:06:28,32.497,333.7,"Tank3","Heat"
"3553",2025-07-04 10:11:28,32.497,366,"Tank3","Heat"
"3554",2025-07-04 10:16:28,32.394,366,"Tank3","Heat"
"3555",2025-07-04 10:21:28,32.291,376.7,"Tank3","Heat"
"3556",2025-07-04 10:26:28,32.497,441.3,"Tank3","Heat"
"3557",2025-07-04 10:31:28,32.497,344.4,"Tank3","Heat"
"3558",2025-07-04 10:36:28,32.291,441.3,"Tank3","Heat"
"3559",2025-07-04 10:41:28,32.291,452.1,"Tank3","Heat"
"3560",2025-07-04 10:46:28,32.497,495.1,"Tank3","Heat"
"3561",2025-07-04 10:51:28,32.497,462.9,"Tank3","Heat"
"3562",2025-07-04 10:56:28,32.394,527.4,"Tank3","Heat"
"3563",2025-07-04 11:01:28,32.394,581.3,"Tank3","Heat"
"3564",2025-07-04 11:06:28,32.6,527.4,"Tank3","Heat"
"3565",2025-07-04 11:11:28,32.497,613.5,"Tank3","Heat"
"3566",2025-07-04 11:16:28,32.394,570.5,"Tank3","Heat"
"3567",2025-07-04 11:21:28,32.291,602.8,"Tank3","Heat"
"3568",2025-07-04 11:26:28,32.6,613.5,"Tank3","Heat"
"3569",2025-07-04 11:31:28,32.6,699.7,"Tank3","Heat"
"3570",2025-07-04 11:41:28,32.497,731.9,"Tank3","Heat"
"3571",2025-07-04 11:46:28,32.394,775,"Tank3","Heat"
"3572",2025-07-04 11:51:28,32.6,710.4,"Tank3","Heat"
"3573",2025-07-04 11:56:28,32.6,796.5,"Tank3","Heat"
"3574",2025-07-04 12:01:28,32.497,839.6,"Tank3","Heat"
"3575",2025-07-04 12:06:28,32.291,764.2,"Tank3","Heat"
"3576",2025-07-04 12:11:28,32.6,828.8,"Tank3","Heat"
"3577",2025-07-04 12:16:28,32.6,839.6,"Tank3","Heat"
"3578",2025-07-04 12:21:28,32.497,828.8,"Tank3","Heat"
"3579",2025-07-04 12:26:28,32.394,742.7,"Tank3","Heat"
"3580",2025-07-04 12:31:28,32.394,818.1,"Tank3","Heat"
"3581",2025-07-04 12:36:28,32.6,828.8,"Tank3","Heat"
"3582",2025-07-04 12:41:28,32.6,828.8,"Tank3","Heat"
"3583",2025-07-04 12:46:28,32.394,850.4,"Tank3","Heat"
"3584",2025-07-04 12:51:28,32.291,764.2,"Tank3","Heat"
"3585",2025-07-04 12:56:28,32.6,818.1,"Tank3","Heat"
"3586",2025-07-04 13:01:28,32.6,828.8,"Tank3","Heat"
"3587",2025-07-04 13:06:28,32.497,828.8,"Tank3","Heat"
"3588",2025-07-04 13:11:28,32.394,775,"Tank3","Heat"
"3589",2025-07-04 13:16:28,32.394,807.3,"Tank3","Heat"
"3590",2025-07-04 13:21:28,32.6,764.2,"Tank3","Heat"
"3591",2025-07-04 13:26:28,32.6,742.7,"Tank3","Heat"
"3592",2025-07-04 13:31:28,32.497,731.9,"Tank3","Heat"
"3593",2025-07-04 13:36:28,32.291,753.5,"Tank3","Heat"
"3594",2025-07-04 13:41:28,32.6,828.8,"Tank3","Heat"
"3595",2025-07-04 13:46:28,32.6,839.6,"Tank3","Heat"
"3596",2025-07-04 13:51:28,32.497,753.5,"Tank3","Heat"
"3597",2025-07-04 13:56:28,32.394,828.8,"Tank3","Heat"
"3598",2025-07-04 14:01:28,32.497,839.6,"Tank3","Heat"
"3599",2025-07-04 14:06:28,32.6,839.6,"Tank3","Heat"
"3600",2025-07-04 14:11:28,32.497,807.3,"Tank3","Heat"
"3601",2025-07-04 14:16:28,32.394,753.5,"Tank3","Heat"
"3602",2025-07-04 14:21:28,32.394,796.5,"Tank3","Heat"
"3603",2025-07-04 14:26:28,32.6,818.1,"Tank3","Heat"
"3604",2025-07-04 14:31:28,32.6,818.1,"Tank3","Heat"
"3605",2025-07-04 14:36:28,32.497,753.5,"Tank3","Heat"
"3606",2025-07-04 14:41:28,32.394,775,"Tank3","Heat"
"3607",2025-07-04 14:46:28,32.497,828.8,"Tank3","Heat"
"3608",2025-07-04 14:51:28,32.6,807.3,"Tank3","Heat"
"3609",2025-07-04 14:56:28,32.497,753.5,"Tank3","Heat"
"3610",2025-07-04 15:01:28,32.394,753.5,"Tank3","Heat"
"3611",2025-07-04 15:06:28,32.394,850.4,"Tank3","Heat"
"3612",2025-07-04 15:11:28,32.6,828.8,"Tank3","Heat"
"3613",2025-07-04 15:16:28,32.6,818.1,"Tank3","Heat"
"3614",2025-07-04 15:21:28,32.497,818.1,"Tank3","Heat"
"3615",2025-07-04 15:26:28,32.291,796.5,"Tank3","Heat"
"3616",2025-07-04 15:31:28,32.6,775,"Tank3","Heat"
"3617",2025-07-04 15:36:28,32.6,807.3,"Tank3","Heat"
"3618",2025-07-04 15:41:28,32.497,839.6,"Tank3","Heat"
"3619",2025-07-04 15:46:28,32.394,828.8,"Tank3","Heat"
"3620",2025-07-04 15:51:28,32.394,742.7,"Tank3","Heat"
"3621",2025-07-04 15:56:28,32.6,818.1,"Tank3","Heat"
"3622",2025-07-04 16:01:28,32.497,785.8,"Tank3","Heat"
"3623",2025-07-04 16:06:28,32.394,731.9,"Tank3","Heat"
"3624",2025-07-04 16:11:28,32.291,688.9,"Tank3","Heat"
"3625",2025-07-04 16:16:28,32.6,678.1,"Tank3","Heat"
"3626",2025-07-04 16:21:28,32.6,667.4,"Tank3","Heat"
"3627",2025-07-04 16:26:28,32.497,699.7,"Tank3","Heat"
"3628",2025-07-04 16:31:28,32.394,721.2,"Tank3","Heat"
"3629",2025-07-04 16:36:28,32.497,602.8,"Tank3","Heat"
"3630",2025-07-04 16:41:28,32.6,592,"Tank3","Heat"
"3631",2025-07-04 16:46:28,32.497,645.8,"Tank3","Heat"
"3632",2025-07-04 16:51:28,32.394,570.5,"Tank3","Heat"
"3633",2025-07-04 16:56:28,32.394,602.8,"Tank3","Heat"
"3634",2025-07-04 17:01:28,32.6,505.9,"Tank3","Heat"
"3635",2025-07-04 17:06:28,32.497,462.9,"Tank3","Heat"
"3636",2025-07-04 17:11:28,32.394,484.4,"Tank3","Heat"
"3637",2025-07-04 17:16:28,32.291,473.6,"Tank3","Heat"
"3638",2025-07-04 17:21:28,32.6,505.9,"Tank3","Heat"
"3639",2025-07-04 17:26:28,32.6,376.7,"Tank3","Heat"
"3640",2025-07-04 17:31:28,32.497,484.4,"Tank3","Heat"
"3641",2025-07-04 17:36:28,32.394,376.7,"Tank3","Heat"
"3642",2025-07-04 17:41:28,32.394,387.5,"Tank3","Heat"
"3643",2025-07-04 17:46:28,32.6,398.3,"Tank3","Heat"
"3644",2025-07-04 17:51:28,32.497,301.4,"Tank3","Heat"
"3645",2025-07-04 17:56:28,32.394,312.2,"Tank3","Heat"
"3646",2025-07-04 18:01:28,32.394,290.6,"Tank3","Heat"
"3647",2025-07-04 18:06:28,32.6,322.9,"Tank3","Heat"
"3648",2025-07-04 18:11:28,32.497,301.4,"Tank3","Heat"
"3649",2025-07-04 18:16:28,32.394,301.4,"Tank3","Heat"
"3650",2025-07-04 18:21:28,31.574,193.8,"Tank3","Heat"
"3651",2025-07-04 18:26:28,31.574,247.6,"Tank3","Heat"
"3652",2025-07-04 18:31:28,32.086,247.6,"Tank3","Heat"
"3653",2025-07-04 18:36:28,32.497,322.9,"Tank3","Heat"
"3654",2025-07-04 18:41:28,32.6,183,"Tank3","Heat"
"3655",2025-07-04 18:46:28,32.497,226,"Tank3","Heat"
"3656",2025-07-04 18:51:28,32.291,161.5,"Tank3","Heat"
"3657",2025-07-04 18:56:28,32.394,193.8,"Tank3","Heat"
"3658",2025-07-04 19:01:28,32.497,150.7,"Tank3","Heat"
"3659",2025-07-04 19:06:28,32.497,183,"Tank3","Heat"
"3660",2025-07-04 19:11:28,32.291,86.1,"Tank3","Heat"
"3661",2025-07-04 19:16:28,32.394,10.8,"Tank3","Heat"
"3662",2025-07-04 19:21:28,32.497,150.7,"Tank3","Heat"
"3663",2025-07-04 19:26:28,32.497,75.3,"Tank3","Heat"
"3664",2025-07-04 19:31:28,32.291,107.6,"Tank3","Heat"
"3665",2025-07-04 19:36:28,32.394,107.6,"Tank3","Heat"
"3666",2025-07-04 19:41:28,32.497,75.3,"Tank3","Heat"
"3667",2025-07-04 19:46:28,32.497,43.1,"Tank3","Heat"
"3668",2025-07-04 19:51:28,32.291,0,"Tank3","Heat"
"3669",2025-07-04 19:56:28,32.394,0,"Tank3","Heat"
"3670",2025-07-04 20:01:28,32.497,0,"Tank3","Heat"
"3671",2025-07-04 20:06:28,32.497,0,"Tank3","Heat"
"3672",2025-07-04 20:11:28,32.394,0,"Tank3","Heat"
"3673",2025-07-04 20:16:28,32.291,0,"Tank3","Heat"
"3674",2025-07-04 20:21:28,32.6,0,"Tank3","Heat"
"3675",2025-07-04 20:26:28,32.497,0,"Tank3","Heat"
"3676",2025-07-04 20:31:28,32.394,0,"Tank3","Heat"
"3677",2025-07-04 20:36:28,32.291,0,"Tank3","Heat"
"3678",2025-07-04 20:41:28,32.497,0,"Tank3","Heat"
"3679",2025-07-04 20:46:28,32.497,0,"Tank3","Heat"
"3680",2025-07-04 20:51:28,32.394,0,"Tank3","Heat"
"3681",2025-07-04 20:56:28,32.291,0,"Tank3","Heat"
"3682",2025-07-04 21:01:28,32.497,0,"Tank3","Heat"
"3683",2025-07-04 21:06:28,32.497,0,"Tank3","Heat"
"3684",2025-07-04 21:11:28,32.394,0,"Tank3","Heat"
"3685",2025-07-04 21:16:28,32.291,0,"Tank3","Heat"
"3686",2025-07-04 21:21:28,32.394,0,"Tank3","Heat"
"3687",2025-07-04 21:26:28,32.6,0,"Tank3","Heat"
"3688",2025-07-04 21:31:28,32.497,0,"Tank3","Heat"
"3689",2025-07-04 21:36:28,32.291,0,"Tank3","Heat"
"3690",2025-07-04 21:41:28,32.394,0,"Tank3","Heat"
"3691",2025-07-04 21:46:28,32.6,0,"Tank3","Heat"
"3692",2025-07-04 21:51:28,32.497,0,"Tank3","Heat"
"3693",2025-07-04 21:56:28,32.394,0,"Tank3","Heat"
"3694",2025-07-04 22:01:28,32.291,0,"Tank3","Heat"
"3695",2025-07-04 22:06:28,32.497,0,"Tank3","Heat"
"3696",2025-07-04 22:11:28,32.497,0,"Tank3","Heat"
"3697",2025-07-04 22:16:28,32.394,0,"Tank3","Heat"
"3698",2025-07-04 22:21:28,32.291,0,"Tank3","Heat"
"3699",2025-07-04 22:26:28,32.497,0,"Tank3","Heat"
"3700",2025-07-04 22:31:28,32.6,0,"Tank3","Heat"
"3701",2025-07-04 22:36:28,32.394,0,"Tank3","Heat"
"3702",2025-07-04 22:41:28,32.291,0,"Tank3","Heat"
"3703",2025-07-04 22:46:28,32.394,0,"Tank3","Heat"
"3704",2025-07-04 22:51:28,32.497,0,"Tank3","Heat"
"3705",2025-07-04 22:56:28,32.497,0,"Tank3","Heat"
"3706",2025-07-04 23:01:28,32.394,0,"Tank3","Heat"
"3707",2025-07-04 23:06:28,32.291,0,"Tank3","Heat"
"3708",2025-07-04 23:11:28,32.6,0,"Tank3","Heat"
"3709",2025-07-04 23:16:28,32.497,0,"Tank3","Heat"
"3710",2025-07-04 23:21:28,32.394,0,"Tank3","Heat"
"3711",2025-07-04 23:26:28,32.291,0,"Tank3","Heat"
"3712",2025-07-04 23:31:28,32.497,0,"Tank3","Heat"
"3713",2025-07-04 23:36:28,32.497,0,"Tank3","Heat"
"3714",2025-07-04 23:41:28,32.497,0,"Tank3","Heat"
"3715",2025-07-04 23:46:28,32.291,0,"Tank3","Heat"
"3716",2025-07-04 23:51:28,32.394,0,"Tank3","Heat"
"3717",2025-07-04 23:56:28,32.6,0,"Tank3","Heat"
"3718",2025-07-05 00:01:28,32.497,0,"Tank3","Heat"
"3719",2025-07-05 00:06:28,32.394,0,"Tank3","Heat"
"3720",2025-07-05 00:11:28,32.291,0,"Tank3","Heat"
"3721",2025-07-05 00:16:28,32.497,0,"Tank3","Heat"
"3722",2025-07-05 00:21:28,32.497,0,"Tank3","Heat"
"3723",2025-07-05 00:26:28,32.497,0,"Tank3","Heat"
"3724",2025-07-05 00:31:28,32.394,0,"Tank3","Heat"
"3725",2025-07-05 00:36:28,32.291,0,"Tank3","Heat"
"3726",2025-07-05 00:41:28,32.6,0,"Tank3","Heat"
"3727",2025-07-05 00:46:28,32.497,0,"Tank3","Heat"
"3728",2025-07-05 00:51:28,32.394,0,"Tank3","Heat"
"3729",2025-07-05 00:56:28,32.291,0,"Tank3","Heat"
"3730",2025-07-05 01:01:28,32.497,0,"Tank3","Heat"
"3731",2025-07-05 01:06:28,32.497,0,"Tank3","Heat"
"3732",2025-07-05 01:11:28,32.497,0,"Tank3","Heat"
"3733",2025-07-05 01:16:28,32.291,0,"Tank3","Heat"
"3734",2025-07-05 01:21:28,32.291,0,"Tank3","Heat"
"3735",2025-07-05 01:26:28,32.6,0,"Tank3","Heat"
"3736",2025-07-05 01:31:28,32.497,0,"Tank3","Heat"
"3737",2025-07-05 01:36:28,32.394,0,"Tank3","Heat"
"3738",2025-07-05 01:41:28,32.291,0,"Tank3","Heat"
"3739",2025-07-05 01:46:28,32.394,0,"Tank3","Heat"
"3740",2025-07-05 01:51:28,32.6,0,"Tank3","Heat"
"3741",2025-07-05 01:56:28,32.497,0,"Tank3","Heat"
"3742",2025-07-05 02:01:28,32.394,0,"Tank3","Heat"
"3743",2025-07-05 02:06:28,32.291,0,"Tank3","Heat"
"3744",2025-07-05 02:11:28,32.497,0,"Tank3","Heat"
"3745",2025-07-05 02:16:28,32.497,0,"Tank3","Heat"
"3746",2025-07-05 02:21:28,32.497,0,"Tank3","Heat"
"3747",2025-07-05 02:26:28,32.394,0,"Tank3","Heat"
"3748",2025-07-05 02:31:28,32.394,0,"Tank3","Heat"
"3749",2025-07-05 02:36:28,32.6,0,"Tank3","Heat"
"3750",2025-07-05 02:41:28,32.497,0,"Tank3","Heat"
"3751",2025-07-05 02:46:28,32.394,0,"Tank3","Heat"
"3752",2025-07-05 02:51:28,32.291,0,"Tank3","Heat"
"3753",2025-07-05 02:56:28,32.394,0,"Tank3","Heat"
"3754",2025-07-05 03:01:28,32.6,0,"Tank3","Heat"
"3755",2025-07-05 03:06:28,32.497,0,"Tank3","Heat"
"3756",2025-07-05 03:11:28,32.394,0,"Tank3","Heat"
"3757",2025-07-05 03:16:28,32.291,0,"Tank3","Heat"
"3758",2025-07-05 03:21:28,32.394,0,"Tank3","Heat"
"3759",2025-07-05 03:26:28,32.6,0,"Tank3","Heat"
"3760",2025-07-05 03:31:28,32.497,0,"Tank3","Heat"
"3761",2025-07-05 03:36:28,32.394,0,"Tank3","Heat"
"3762",2025-07-05 03:41:28,32.291,0,"Tank3","Heat"
"3763",2025-07-05 03:46:28,32.394,0,"Tank3","Heat"
"3764",2025-07-05 03:51:28,32.6,0,"Tank3","Heat"
"3765",2025-07-05 03:56:28,32.497,0,"Tank3","Heat"
"3766",2025-07-05 04:01:28,32.394,0,"Tank3","Heat"
"3767",2025-07-05 04:06:28,32.291,0,"Tank3","Heat"
"3768",2025-07-05 04:11:28,32.497,0,"Tank3","Heat"
"3769",2025-07-05 04:16:28,32.6,0,"Tank3","Heat"
"3770",2025-07-05 04:21:28,32.497,0,"Tank3","Heat"
"3771",2025-07-05 04:26:28,32.394,0,"Tank3","Heat"
"3772",2025-07-05 04:31:28,32.291,0,"Tank3","Heat"
"3773",2025-07-05 04:36:28,32.497,0,"Tank3","Heat"
"3774",2025-07-05 04:41:28,32.6,0,"Tank3","Heat"
"3775",2025-07-05 04:46:28,32.497,0,"Tank3","Heat"
"3776",2025-07-05 04:51:28,32.394,0,"Tank3","Heat"
"3777",2025-07-05 04:56:28,32.291,0,"Tank3","Heat"
"3778",2025-07-05 05:01:28,32.497,0,"Tank3","Heat"
"3779",2025-07-05 05:06:28,32.497,0,"Tank3","Heat"
"3780",2025-07-05 05:11:28,32.497,0,"Tank3","Heat"
"3781",2025-07-05 05:16:28,32.291,0,"Tank3","Heat"
"3782",2025-07-05 05:21:28,32.394,0,"Tank3","Heat"
"3783",2025-07-05 05:26:28,32.6,0,"Tank3","Heat"
"3784",2025-07-05 05:31:28,32.497,0,"Tank3","Heat"
"3785",2025-07-05 05:36:28,32.394,0,"Tank3","Heat"
"3786",2025-07-05 05:41:28,32.291,0,"Tank3","Heat"
"3787",2025-07-05 05:46:28,32.497,0,"Tank3","Heat"
"3788",2025-07-05 05:51:28,32.497,0,"Tank3","Heat"
"3789",2025-07-05 05:56:28,32.394,0,"Tank3","Heat"
"3790",2025-07-05 06:01:28,32.291,0,"Tank3","Heat"
"3791",2025-07-05 06:06:28,32.394,0,"Tank3","Heat"
"3792",2025-07-05 06:11:28,32.497,0,"Tank3","Heat"
"3793",2025-07-05 06:16:28,32.497,0,"Tank3","Heat"
"3794",2025-07-05 06:21:28,32.394,0,"Tank3","Heat"
"3795",2025-07-05 06:26:28,32.291,0,"Tank3","Heat"
"3796",2025-07-05 06:31:28,32.497,0,"Tank3","Heat"
"3797",2025-07-05 06:36:28,32.497,0,"Tank3","Heat"
"3798",2025-07-05 06:41:28,32.497,0,"Tank3","Heat"
"3799",2025-07-05 06:46:28,32.291,0,"Tank3","Heat"
"3800",2025-07-05 06:51:28,32.291,0,"Tank3","Heat"
"3801",2025-07-05 06:56:28,32.497,0,"Tank3","Heat"
"3802",2025-07-05 07:01:28,32.497,0,"Tank3","Heat"
"3803",2025-07-05 07:06:28,32.394,0,"Tank3","Heat"
"3804",2025-07-05 07:11:28,32.291,0,"Tank3","Heat"
"3805",2025-07-05 07:16:28,32.394,0,"Tank3","Heat"
"3806",2025-07-05 07:21:28,32.6,0,"Tank3","Heat"
"3807",2025-07-05 07:26:28,32.497,0,"Tank3","Heat"
"3808",2025-07-05 07:31:28,32.394,0,"Tank3","Heat"
"3809",2025-07-05 07:36:28,32.291,0,"Tank3","Heat"
"3810",2025-07-05 07:41:28,32.497,0,"Tank3","Heat"
"3811",2025-07-05 07:46:28,32.497,0,"Tank3","Heat"
"3812",2025-07-05 07:51:28,32.497,0,"Tank3","Heat"
"3813",2025-07-05 07:56:28,32.394,0,"Tank3","Heat"
"3814",2025-07-05 08:01:28,32.291,0,"Tank3","Heat"
"3815",2025-07-05 08:06:28,32.497,0,"Tank3","Heat"
"3816",2025-07-05 08:11:28,32.497,0,"Tank3","Heat"
"3817",2025-07-05 08:16:28,32.394,0,"Tank3","Heat"
"3818",2025-07-05 08:21:28,32.291,0,"Tank3","Heat"
"3819",2025-07-05 08:26:28,32.497,0,"Tank3","Heat"
"3820",2025-07-05 08:31:28,32.497,0,"Tank3","Heat"
"3821",2025-07-05 08:36:28,32.394,0,"Tank3","Heat"
"3822",2025-07-05 08:41:28,32.291,0,"Tank3","Heat"
"3823",2025-07-05 08:46:28,32.394,0,"Tank3","Heat"
"3824",2025-07-05 08:51:28,32.497,0,"Tank3","Heat"
"3825",2025-07-05 08:56:28,32.497,0,"Tank3","Heat"
"3826",2025-07-05 09:01:28,32.291,0,"Tank3","Heat"
"3827",2025-07-05 09:06:28,32.291,107.6,"Tank3","Heat"
"3828",2025-07-05 09:11:28,32.6,139.9,"Tank3","Heat"
"3829",2025-07-05 09:16:28,32.497,236.8,"Tank3","Heat"
"3830",2025-07-05 09:21:28,32.394,226,"Tank3","Heat"
"3831",2025-07-05 09:26:28,32.291,258.3,"Tank3","Heat"
"3832",2025-07-05 09:31:28,32.497,204.5,"Tank3","Heat"
"3833",2025-07-05 09:36:28,32.6,279.9,"Tank3","Heat"
"3834",2025-07-05 09:41:28,32.497,290.6,"Tank3","Heat"
"3835",2025-07-05 09:46:28,32.394,236.8,"Tank3","Heat"
"3836",2025-07-05 09:51:28,32.394,301.4,"Tank3","Heat"
"3837",2025-07-05 09:56:28,32.6,312.2,"Tank3","Heat"
"3838",2025-07-05 10:01:28,32.497,376.7,"Tank3","Heat"
"3839",2025-07-05 10:06:28,32.394,290.6,"Tank3","Heat"
"3840",2025-07-05 10:11:28,32.291,333.7,"Tank3","Heat"
"3841",2025-07-05 10:16:28,32.497,376.7,"Tank3","Heat"
"3842",2025-07-05 10:21:28,32.497,419.8,"Tank3","Heat"
"3843",2025-07-05 10:26:28,32.394,366,"Tank3","Heat"
"3844",2025-07-05 10:31:28,32.394,441.3,"Tank3","Heat"
"3845",2025-07-05 10:36:28,32.6,430.6,"Tank3","Heat"
"3846",2025-07-05 10:41:28,32.497,430.6,"Tank3","Heat"
"3847",2025-07-05 10:46:28,32.394,484.4,"Tank3","Heat"
"3848",2025-07-05 10:51:28,32.291,516.7,"Tank3","Heat"
"3849",2025-07-05 10:56:28,32.6,484.4,"Tank3","Heat"
"3850",2025-07-05 11:01:28,32.6,527.4,"Tank3","Heat"
"3851",2025-07-05 11:06:28,32.497,473.6,"Tank3","Heat"
"3852",2025-07-05 11:11:28,32.291,527.4,"Tank3","Heat"
"3853",2025-07-05 11:16:28,32.497,602.8,"Tank3","Heat"
"3854",2025-07-05 11:21:28,32.6,549,"Tank3","Heat"
"3855",2025-07-05 11:26:28,32.497,570.5,"Tank3","Heat"
"3856",2025-07-05 11:31:28,32.394,592,"Tank3","Heat"
"3857",2025-07-05 11:36:28,32.394,645.8,"Tank3","Heat"
"3858",2025-07-05 11:41:28,32.6,699.7,"Tank3","Heat"
"3859",2025-07-05 11:46:28,32.6,721.2,"Tank3","Heat"
"3860",2025-07-05 11:51:28,32.497,742.7,"Tank3","Heat"
"3861",2025-07-05 11:56:28,32.291,764.2,"Tank3","Heat"
"3862",2025-07-05 12:01:28,32.497,785.8,"Tank3","Heat"
"3863",2025-07-05 12:06:28,32.6,753.5,"Tank3","Heat"
"3864",2025-07-05 12:11:28,32.497,775,"Tank3","Heat"
"3865",2025-07-05 12:16:28,32.394,710.4,"Tank3","Heat"
"3866",2025-07-05 12:21:28,32.394,753.5,"Tank3","Heat"
"3867",2025-07-05 12:26:28,32.6,796.5,"Tank3","Heat"
"3868",2025-07-05 12:31:28,32.6,764.2,"Tank3","Heat"
"3869",2025-07-05 12:36:28,32.497,731.9,"Tank3","Heat"
"3870",2025-07-05 12:41:28,32.394,785.8,"Tank3","Heat"
"3871",2025-07-05 12:46:28,32.394,721.2,"Tank3","Heat"
"3872",2025-07-05 12:51:28,32.6,753.5,"Tank3","Heat"
"3873",2025-07-05 12:56:28,32.497,742.7,"Tank3","Heat"
"3874",2025-07-05 13:01:28,32.497,785.8,"Tank3","Heat"
"3875",2025-07-05 13:06:28,32.291,785.8,"Tank3","Heat"
"3876",2025-07-05 13:11:28,32.497,796.5,"Tank3","Heat"
"3877",2025-07-05 13:16:28,32.6,742.7,"Tank3","Heat"
"3878",2025-07-05 13:21:28,32.497,731.9,"Tank3","Heat"
"3879",2025-07-05 13:26:28,32.394,753.5,"Tank3","Heat"
"3880",2025-07-05 13:31:28,32.394,796.5,"Tank3","Heat"
"3881",2025-07-05 13:36:28,32.6,796.5,"Tank3","Heat"
"3882",2025-07-05 13:41:28,32.497,796.5,"Tank3","Heat"
"3883",2025-07-05 13:46:28,32.394,785.8,"Tank3","Heat"
"3884",2025-07-05 13:51:28,32.291,785.8,"Tank3","Heat"
"3885",2025-07-05 13:56:28,32.6,742.7,"Tank3","Heat"
"3886",2025-07-05 14:01:28,32.6,710.4,"Tank3","Heat"
"3887",2025-07-05 14:06:28,32.497,764.2,"Tank3","Heat"
"3888",2025-07-05 14:11:28,32.394,731.9,"Tank3","Heat"
"3889",2025-07-05 14:16:28,32.394,807.3,"Tank3","Heat"
"3890",2025-07-05 14:21:28,32.6,807.3,"Tank3","Heat"
"3891",2025-07-05 14:26:28,32.497,775,"Tank3","Heat"
"3892",2025-07-05 14:31:28,32.497,731.9,"Tank3","Heat"
"3893",2025-07-05 14:36:28,32.291,721.2,"Tank3","Heat"
"3894",2025-07-05 14:41:28,32.6,731.9,"Tank3","Heat"
"3895",2025-07-05 14:46:28,32.6,796.5,"Tank3","Heat"
"3896",2025-07-05 14:51:28,32.497,796.5,"Tank3","Heat"
"3897",2025-07-05 14:56:28,32.394,721.2,"Tank3","Heat"
"3898",2025-07-05 15:01:28,32.394,807.3,"Tank3","Heat"
"3899",2025-07-05 15:06:28,32.6,785.8,"Tank3","Heat"
"3900",2025-07-05 15:11:28,32.6,742.7,"Tank3","Heat"
"3901",2025-07-05 15:16:28,32.497,731.9,"Tank3","Heat"
"3902",2025-07-05 15:21:28,32.394,775,"Tank3","Heat"
"3903",2025-07-05 15:26:28,32.497,785.8,"Tank3","Heat"
"3904",2025-07-05 15:31:28,32.6,731.9,"Tank3","Heat"
"3905",2025-07-05 15:36:28,32.497,742.7,"Tank3","Heat"
"3906",2025-07-05 15:41:28,32.394,785.8,"Tank3","Heat"
"3907",2025-07-05 15:46:28,32.291,721.2,"Tank3","Heat"
"3908",2025-07-05 15:51:28,32.6,807.3,"Tank3","Heat"
"3909",2025-07-05 15:56:28,32.6,731.9,"Tank3","Heat"
"3910",2025-07-05 16:01:28,32.497,731.9,"Tank3","Heat"
"3911",2025-07-05 16:06:28,32.394,775,"Tank3","Heat"
"3912",2025-07-05 16:11:28,32.394,775,"Tank3","Heat"
"3913",2025-07-05 16:16:28,32.6,721.2,"Tank3","Heat"
"3914",2025-07-05 16:21:28,32.497,688.9,"Tank3","Heat"
"3915",2025-07-05 16:26:28,32.394,688.9,"Tank3","Heat"
"3916",2025-07-05 16:31:28,32.291,602.8,"Tank3","Heat"
"3917",2025-07-05 16:36:28,32.6,592,"Tank3","Heat"
"3918",2025-07-05 16:41:28,32.6,581.3,"Tank3","Heat"
"3919",2025-07-05 16:46:28,32.497,624.3,"Tank3","Heat"
"3920",2025-07-05 16:51:28,32.394,613.5,"Tank3","Heat"
"3921",2025-07-05 16:56:28,32.394,516.7,"Tank3","Heat"
"3922",2025-07-05 17:01:28,32.6,549,"Tank3","Heat"
"3923",2025-07-05 17:06:28,32.497,549,"Tank3","Heat"
"3924",2025-07-05 17:11:28,32.394,441.3,"Tank3","Heat"
"3925",2025-07-05 17:16:28,32.394,441.3,"Tank3","Heat"
"3926",2025-07-05 17:21:28,32.497,505.9,"Tank3","Heat"
"3927",2025-07-05 17:26:28,32.6,495.1,"Tank3","Heat"
"3928",2025-07-05 17:31:28,32.497,409,"Tank3","Heat"
"3929",2025-07-05 17:36:28,32.394,387.5,"Tank3","Heat"
"3930",2025-07-05 17:41:28,32.291,387.5,"Tank3","Heat"
"3931",2025-07-05 17:46:28,32.6,355.2,"Tank3","Heat"
"3932",2025-07-05 17:51:28,32.6,344.4,"Tank3","Heat"
"3933",2025-07-05 17:56:28,32.497,333.7,"Tank3","Heat"
"3934",2025-07-05 18:01:28,32.291,269.1,"Tank3","Heat"
"3935",2025-07-05 18:06:28,32.394,279.9,"Tank3","Heat"
"3936",2025-07-05 18:11:28,32.6,236.8,"Tank3","Heat"
"3937",2025-07-05 18:16:28,32.497,258.3,"Tank3","Heat"
"3938",2025-07-05 18:21:28,32.394,258.3,"Tank3","Heat"
"3939",2025-07-05 18:26:28,32.291,247.6,"Tank3","Heat"
"3940",2025-07-05 18:31:28,32.497,226,"Tank3","Heat"
"3941",2025-07-05 18:36:28,32.6,204.5,"Tank3","Heat"
"3942",2025-07-05 18:41:28,32.497,172.2,"Tank3","Heat"
"3943",2025-07-05 18:46:28,32.394,161.5,"Tank3","Heat"
"3944",2025-07-05 18:51:28,32.291,247.6,"Tank3","Heat"
"3945",2025-07-05 18:56:28,32.497,139.9,"Tank3","Heat"
"3946",2025-07-05 19:01:28,32.497,161.5,"Tank3","Heat"
"3947",2025-07-05 19:06:28,32.394,86.1,"Tank3","Heat"
"3948",2025-07-05 19:11:28,32.291,53.8,"Tank3","Heat"
"3949",2025-07-05 19:16:28,32.497,21.5,"Tank3","Heat"
"3950",2025-07-05 19:21:28,32.6,10.8,"Tank3","Heat"
"3951",2025-07-05 19:26:28,32.497,118.4,"Tank3","Heat"
"3952",2025-07-05 19:31:28,32.394,32.3,"Tank3","Heat"
"3953",2025-07-05 19:36:28,32.291,0,"Tank3","Heat"
"3954",2025-07-05 19:41:28,32.6,10.8,"Tank3","Heat"
"3955",2025-07-05 19:46:28,32.497,0,"Tank3","Heat"
"3956",2025-07-05 19:51:28,32.394,0,"Tank3","Heat"
"3957",2025-07-05 19:56:28,32.291,0,"Tank3","Heat"
"3958",2025-07-05 20:01:28,32.394,0,"Tank3","Heat"
"3959",2025-07-05 20:06:28,32.6,0,"Tank3","Heat"
"3960",2025-07-05 20:11:28,32.497,0,"Tank3","Heat"
"3961",2025-07-05 20:16:28,32.394,0,"Tank3","Heat"
"3962",2025-07-05 20:21:28,32.291,0,"Tank3","Heat"
"3963",2025-07-05 20:26:28,32.497,0,"Tank3","Heat"
"3964",2025-07-05 20:31:28,32.497,0,"Tank3","Heat"
"3965",2025-07-05 20:36:28,32.394,0,"Tank3","Heat"
"3966",2025-07-05 20:41:28,32.291,0,"Tank3","Heat"
"3967",2025-07-05 20:46:28,32.394,0,"Tank3","Heat"
"3968",2025-07-05 20:51:28,32.6,0,"Tank3","Heat"
"3969",2025-07-05 20:56:28,32.497,0,"Tank3","Heat"
"3970",2025-07-05 21:01:28,32.394,0,"Tank3","Heat"
"3971",2025-07-05 21:06:28,32.291,0,"Tank3","Heat"
"3972",2025-07-05 21:11:28,32.497,0,"Tank3","Heat"
"3973",2025-07-05 21:16:28,32.6,0,"Tank3","Heat"
"3974",2025-07-05 21:21:28,32.497,0,"Tank3","Heat"
"3975",2025-07-05 21:26:28,32.394,0,"Tank3","Heat"
"3976",2025-07-05 21:31:28,32.291,0,"Tank3","Heat"
"3977",2025-07-05 21:36:28,32.6,0,"Tank3","Heat"
"3978",2025-07-05 21:41:28,32.497,0,"Tank3","Heat"
"3979",2025-07-05 21:46:28,32.394,0,"Tank3","Heat"
"3980",2025-07-05 21:51:28,32.291,0,"Tank3","Heat"
"3981",2025-07-05 21:56:28,32.497,0,"Tank3","Heat"
"3982",2025-07-05 22:01:28,32.6,0,"Tank3","Heat"
"3983",2025-07-05 22:06:28,32.497,0,"Tank3","Heat"
"3984",2025-07-05 22:11:28,32.394,0,"Tank3","Heat"
"3985",2025-07-05 22:16:28,32.291,0,"Tank3","Heat"
"3986",2025-07-05 22:21:28,32.497,0,"Tank3","Heat"
"3987",2025-07-05 22:26:28,32.497,0,"Tank3","Heat"
"3988",2025-07-05 22:31:28,32.394,0,"Tank3","Heat"
"3989",2025-07-05 22:36:28,32.291,0,"Tank3","Heat"
"3990",2025-07-05 22:41:28,32.497,0,"Tank3","Heat"
"3991",2025-07-05 22:46:28,32.6,0,"Tank3","Heat"
"3992",2025-07-05 22:51:28,32.497,0,"Tank3","Heat"
"3993",2025-07-05 22:56:28,32.394,0,"Tank3","Heat"
"3994",2025-07-05 23:01:28,32.291,0,"Tank3","Heat"
"3995",2025-07-05 23:06:28,32.6,0,"Tank3","Heat"
"3996",2025-07-05 23:11:28,32.497,0,"Tank3","Heat"
"3997",2025-07-05 23:16:28,32.394,0,"Tank3","Heat"
"3998",2025-07-05 23:21:28,32.291,0,"Tank3","Heat"
"3999",2025-07-05 23:26:28,32.497,0,"Tank3","Heat"
"4000",2025-07-05 23:31:28,32.6,0,"Tank3","Heat"
"4001",2025-07-05 23:36:28,32.497,0,"Tank3","Heat"
"4002",2025-07-05 23:41:28,32.394,0,"Tank3","Heat"
"4003",2025-07-05 23:46:28,32.291,0,"Tank3","Heat"
"4004",2025-07-05 23:51:28,32.497,0,"Tank3","Heat"
"4005",2025-07-05 23:56:28,32.497,0,"Tank3","Heat"
"4006",2025-07-06 00:01:28,32.394,0,"Tank3","Heat"
"4007",2025-07-06 00:06:28,32.291,0,"Tank3","Heat"
"4008",2025-07-06 00:11:28,32.394,0,"Tank3","Heat"
"4009",2025-07-06 00:16:28,32.6,0,"Tank3","Heat"
"4010",2025-07-06 00:21:28,32.497,0,"Tank3","Heat"
"4011",2025-07-06 00:26:28,32.394,0,"Tank3","Heat"
"4012",2025-07-06 00:31:28,32.291,0,"Tank3","Heat"
"4013",2025-07-06 00:36:28,32.497,0,"Tank3","Heat"
"4014",2025-07-06 00:41:28,32.497,0,"Tank3","Heat"
"4015",2025-07-06 00:46:28,32.394,0,"Tank3","Heat"
"4016",2025-07-06 00:51:28,32.291,0,"Tank3","Heat"
"4017",2025-07-06 00:56:28,32.497,0,"Tank3","Heat"
"4018",2025-07-06 01:01:28,32.6,0,"Tank3","Heat"
"4019",2025-07-06 01:06:28,32.497,0,"Tank3","Heat"
"4020",2025-07-06 01:11:28,32.394,0,"Tank3","Heat"
"4021",2025-07-06 01:16:28,32.291,0,"Tank3","Heat"
"4022",2025-07-06 01:21:28,32.6,0,"Tank3","Heat"
"4023",2025-07-06 01:26:28,32.497,0,"Tank3","Heat"
"4024",2025-07-06 01:31:28,32.394,0,"Tank3","Heat"
"4025",2025-07-06 01:36:28,32.291,0,"Tank3","Heat"
"4026",2025-07-06 01:41:28,32.394,0,"Tank3","Heat"
"4027",2025-07-06 01:46:28,32.6,0,"Tank3","Heat"
"4028",2025-07-06 01:51:28,32.497,0,"Tank3","Heat"
"4029",2025-07-06 01:56:28,32.394,0,"Tank3","Heat"
"4030",2025-07-06 02:01:28,32.291,0,"Tank3","Heat"
"4031",2025-07-06 02:06:28,32.497,0,"Tank3","Heat"
"4032",2025-07-06 02:11:28,32.497,0,"Tank3","Heat"
"4033",2025-07-06 02:16:28,32.394,0,"Tank3","Heat"
"4034",2025-07-06 02:21:28,32.291,0,"Tank3","Heat"
"4035",2025-07-06 02:26:28,32.394,0,"Tank3","Heat"
"4036",2025-07-06 02:31:28,32.6,0,"Tank3","Heat"
"4037",2025-07-06 02:36:28,32.497,0,"Tank3","Heat"
"4038",2025-07-06 02:41:28,32.394,0,"Tank3","Heat"
"4039",2025-07-06 02:46:28,32.291,0,"Tank3","Heat"
"4040",2025-07-06 02:51:28,32.497,0,"Tank3","Heat"
"4041",2025-07-06 02:56:28,32.497,0,"Tank3","Heat"
"4042",2025-07-06 03:01:28,32.394,0,"Tank3","Heat"
"4043",2025-07-06 03:06:28,32.291,0,"Tank3","Heat"
"4044",2025-07-06 03:11:28,32.394,0,"Tank3","Heat"
"4045",2025-07-06 03:16:28,32.6,0,"Tank3","Heat"
"4046",2025-07-06 03:21:28,32.497,0,"Tank3","Heat"
"4047",2025-07-06 03:26:28,32.394,0,"Tank3","Heat"
"4048",2025-07-06 03:31:28,32.291,0,"Tank3","Heat"
"4049",2025-07-06 03:36:28,32.497,0,"Tank3","Heat"
"4050",2025-07-06 03:41:28,32.497,0,"Tank3","Heat"
"4051",2025-07-06 03:46:28,32.394,0,"Tank3","Heat"
"4052",2025-07-06 03:51:28,32.291,0,"Tank3","Heat"
"4053",2025-07-06 03:56:28,32.497,0,"Tank3","Heat"
"4054",2025-07-06 04:01:28,32.6,0,"Tank3","Heat"
"4055",2025-07-06 04:06:28,32.497,0,"Tank3","Heat"
"4056",2025-07-06 04:11:28,32.394,0,"Tank3","Heat"
"4057",2025-07-06 04:16:28,32.291,0,"Tank3","Heat"
"4058",2025-07-06 04:21:28,32.6,0,"Tank3","Heat"
"4059",2025-07-06 04:26:28,32.497,0,"Tank3","Heat"
"4060",2025-07-06 04:31:28,32.394,0,"Tank3","Heat"
"4061",2025-07-06 04:36:28,32.291,0,"Tank3","Heat"
"4062",2025-07-06 04:41:28,32.497,0,"Tank3","Heat"
"4063",2025-07-06 04:46:28,32.6,0,"Tank3","Heat"
"4064",2025-07-06 04:51:28,32.497,0,"Tank3","Heat"
"4065",2025-07-06 04:56:28,32.394,0,"Tank3","Heat"
"4066",2025-07-06 05:01:28,32.291,0,"Tank3","Heat"
"4067",2025-07-06 05:06:28,32.497,0,"Tank3","Heat"
"4068",2025-07-06 05:11:28,32.497,0,"Tank3","Heat"
"4069",2025-07-06 05:16:28,32.394,0,"Tank3","Heat"
"4070",2025-07-06 05:21:28,32.291,0,"Tank3","Heat"
"4071",2025-07-06 05:26:28,32.497,0,"Tank3","Heat"
"4072",2025-07-06 05:31:28,32.6,0,"Tank3","Heat"
"4073",2025-07-06 05:36:28,32.497,0,"Tank3","Heat"
"4074",2025-07-06 05:41:28,32.394,0,"Tank3","Heat"
"4075",2025-07-06 05:46:28,32.291,0,"Tank3","Heat"
"4076",2025-07-06 05:51:28,32.6,0,"Tank3","Heat"
"4077",2025-07-06 05:56:28,32.497,0,"Tank3","Heat"
"4078",2025-07-06 06:01:28,32.394,0,"Tank3","Heat"
"4079",2025-07-06 06:06:28,32.291,0,"Tank3","Heat"
"4080",2025-07-06 06:11:28,32.497,0,"Tank3","Heat"
"4081",2025-07-06 06:16:28,32.497,0,"Tank3","Heat"
"4082",2025-07-06 06:21:28,32.394,0,"Tank3","Heat"
"4083",2025-07-06 06:26:28,32.291,0,"Tank3","Heat"
"4084",2025-07-06 06:31:28,32.394,0,"Tank3","Heat"
"4085",2025-07-06 06:36:28,32.6,0,"Tank3","Heat"
"4086",2025-07-06 06:41:28,32.497,0,"Tank3","Heat"
"4087",2025-07-06 06:46:28,32.394,0,"Tank3","Heat"
"4088",2025-07-06 06:51:28,32.291,0,"Tank3","Heat"
"4089",2025-07-06 06:56:28,32.497,0,"Tank3","Heat"
"4090",2025-07-06 07:01:28,32.497,0,"Tank3","Heat"
"4091",2025-07-06 07:06:28,32.394,0,"Tank3","Heat"
"4092",2025-07-06 07:11:28,32.291,0,"Tank3","Heat"
"4093",2025-07-06 07:16:28,32.394,0,"Tank3","Heat"
"4094",2025-07-06 07:21:28,32.497,0,"Tank3","Heat"
"4095",2025-07-06 07:26:28,32.497,0,"Tank3","Heat"
"4096",2025-07-06 07:31:28,32.394,0,"Tank3","Heat"
"4097",2025-07-06 07:36:28,32.291,0,"Tank3","Heat"
"4098",2025-07-06 07:41:28,32.6,0,"Tank3","Heat"
"4099",2025-07-06 07:46:28,32.497,0,"Tank3","Heat"
"4100",2025-07-06 07:51:28,32.394,0,"Tank3","Heat"
"4101",2025-07-06 07:56:28,32.291,0,"Tank3","Heat"
"4102",2025-07-06 08:01:28,32.394,0,"Tank3","Heat"
"4103",2025-07-06 08:06:28,32.6,0,"Tank3","Heat"
"4104",2025-07-06 08:11:28,32.497,32.3,"Tank3","Heat"
"4105",2025-07-06 08:16:28,32.394,0,"Tank3","Heat"
"4106",2025-07-06 08:21:28,32.291,64.6,"Tank3","Heat"
"4107",2025-07-06 08:26:28,32.497,53.8,"Tank3","Heat"
"4108",2025-07-06 08:31:28,32.497,0,"Tank3","Heat"
"4109",2025-07-06 08:36:28,32.394,96.9,"Tank3","Heat"
"4110",2025-07-06 08:41:28,32.291,53.8,"Tank3","Heat"
"4111",2025-07-06 08:46:28,32.497,64.6,"Tank3","Heat"
"4112",2025-07-06 08:51:28,32.6,96.9,"Tank3","Heat"
"4113",2025-07-06 08:56:28,32.497,86.1,"Tank3","Heat"
"4114",2025-07-06 09:01:28,32.394,96.9,"Tank3","Heat"
"4115",2025-07-06 09:06:28,32.291,107.6,"Tank3","Heat"
"4116",2025-07-06 09:11:28,32.6,139.9,"Tank3","Heat"
"4117",2025-07-06 09:16:28,32.497,118.4,"Tank3","Heat"
"4118",2025-07-06 09:21:28,32.497,86.1,"Tank3","Heat"
"4119",2025-07-06 09:26:28,32.291,161.5,"Tank3","Heat"
"4120",2025-07-06 09:31:28,32.394,139.9,"Tank3","Heat"
"4121",2025-07-06 09:36:28,32.6,193.8,"Tank3","Heat"
"4122",2025-07-06 09:41:28,32.497,226,"Tank3","Heat"
"4123",2025-07-06 09:46:28,32.291,236.8,"Tank3","Heat"
"4124",2025-07-06 09:51:28,32.394,0,"Tank3","Heat"
"4125",2025-07-06 09:56:28,32.6,0,"Tank3","Heat"
"4126",2025-07-06 10:01:28,32.497,0,"Tank3","Heat"
"4127",2025-07-06 10:06:28,32.394,0,"Tank3","Heat"
"4128",2025-07-06 10:11:28,32.291,0,"Tank3","Heat"
"4129",2025-07-06 10:16:28,32.497,0,"Tank3","Heat"
"4130",2025-07-06 10:21:28,32.497,0,"Tank3","Heat"
"4131",2025-07-06 10:26:28,32.394,0,"Tank3","Heat"
"4132",2025-07-06 10:31:28,32.291,0,"Tank3","Heat"
"4133",2025-07-06 10:36:28,32.497,0,"Tank3","Heat"
"4134",2025-07-06 10:41:28,32.6,0,"Tank3","Heat"
"4135",2025-07-06 10:46:28,32.497,0,"Tank3","Heat"
"4136",2025-07-06 10:51:28,32.394,0,"Tank3","Heat"
"4137",2025-07-06 10:56:28,32.291,0,"Tank3","Heat"
"4138",2025-07-06 11:01:28,32.497,0,"Tank3","Heat"
"4139",2025-07-06 11:06:28,32.497,0,"Tank3","Heat"
"4140",2025-07-06 11:11:28,32.394,0,"Tank3","Heat"
"4141",2025-07-06 11:16:28,32.291,21.5,"Tank3","Heat"
"4142",2025-07-06 11:21:28,32.497,581.3,"Tank3","Heat"
"4143",2025-07-06 11:26:28,32.6,549,"Tank3","Heat"
"4144",2025-07-06 11:31:28,32.497,624.3,"Tank3","Heat"
"4145",2025-07-06 11:36:28,32.394,645.8,"Tank3","Heat"
"4146",2025-07-06 11:41:28,32.497,667.4,"Tank3","Heat"
"4147",2025-07-06 11:46:28,32.704,688.9,"Tank3","Heat"
"4148",2025-07-06 11:51:28,32.6,645.8,"Tank3","Heat"
"4149",2025-07-06 11:56:28,32.394,742.7,"Tank3","Heat"
"4150",2025-07-06 12:01:28,32.497,775,"Tank3","Heat"
"4151",2025-07-06 12:06:28,32.704,688.9,"Tank3","Heat"
"4152",2025-07-06 12:11:28,32.6,753.5,"Tank3","Heat"
"4153",2025-07-06 12:16:28,32.497,688.9,"Tank3","Heat"
"4154",2025-07-06 12:21:28,32.394,753.5,"Tank3","Heat"
"4155",2025-07-06 12:26:28,32.497,678.1,"Tank3","Heat"
"4156",2025-07-06 12:31:28,32.704,592,"Tank3","Heat"
"4157",2025-07-06 12:36:28,32.6,678.1,"Tank3","Heat"
"4158",2025-07-06 12:41:28,32.497,667.4,"Tank3","Heat"
"4159",2025-07-06 12:46:28,32.291,731.9,"Tank3","Heat"
"4160",2025-07-06 12:51:28,32.497,710.4,"Tank3","Heat"
"4161",2025-07-06 12:56:28,32.6,699.7,"Tank3","Heat"
"4162",2025-07-06 13:01:28,32.6,742.7,"Tank3","Heat"
"4163",2025-07-06 13:06:28,32.497,688.9,"Tank3","Heat"
"4164",2025-07-06 13:11:28,32.291,699.7,"Tank3","Heat"
"4165",2025-07-06 13:16:28,32.497,721.2,"Tank3","Heat"
"4166",2025-07-06 13:21:28,32.6,753.5,"Tank3","Heat"
"4167",2025-07-06 13:26:28,32.497,721.2,"Tank3","Heat"
"4168",2025-07-06 13:31:28,32.497,764.2,"Tank3","Heat"
"4169",2025-07-06 13:36:28,32.394,775,"Tank3","Heat"
"4170",2025-07-06 13:41:28,32.497,731.9,"Tank3","Heat"
"4171",2025-07-06 13:46:28,32.6,753.5,"Tank3","Heat"
"4172",2025-07-06 13:51:28,32.497,721.2,"Tank3","Heat"
"4173",2025-07-06 13:56:28,32.394,688.9,"Tank3","Heat"
"4174",2025-07-06 14:01:28,32.291,753.5,"Tank3","Heat"
"4175",2025-07-06 14:06:28,32.6,721.2,"Tank3","Heat"
"4176",2025-07-06 14:11:28,32.6,699.7,"Tank3","Heat"
"4177",2025-07-06 14:16:28,32.497,731.9,"Tank3","Heat"
"4178",2025-07-06 14:21:28,32.394,753.5,"Tank3","Heat"
"4179",2025-07-06 14:26:28,32.291,764.2,"Tank3","Heat"
"4180",2025-07-06 14:31:28,32.6,688.9,"Tank3","Heat"
"4181",2025-07-06 14:36:28,32.6,753.5,"Tank3","Heat"
"4182",2025-07-06 14:41:28,32.497,688.9,"Tank3","Heat"
"4183",2025-07-06 14:46:28,32.394,688.9,"Tank3","Heat"
"4184",2025-07-06 14:51:28,32.291,731.9,"Tank3","Heat"
"4185",2025-07-06 14:56:28,32.6,742.7,"Tank3","Heat"
"4186",2025-07-06 15:01:28,32.6,742.7,"Tank3","Heat"
"4187",2025-07-06 15:06:28,32.497,775,"Tank3","Heat"
"4188",2025-07-06 15:11:28,32.394,753.5,"Tank3","Heat"
"4189",2025-07-06 15:16:28,32.291,688.9,"Tank3","Heat"
"4190",2025-07-06 15:21:28,32.6,731.9,"Tank3","Heat"
"4191",2025-07-06 15:26:28,32.6,764.2,"Tank3","Heat"
"4192",2025-07-06 15:31:28,32.497,731.9,"Tank3","Heat"
"4193",2025-07-06 15:36:28,32.394,688.9,"Tank3","Heat"
"4194",2025-07-06 15:41:28,32.394,710.4,"Tank3","Heat"
"4195",2025-07-06 15:46:28,32.6,742.7,"Tank3","Heat"
"4196",2025-07-06 15:51:28,32.6,764.2,"Tank3","Heat"
"4197",2025-07-06 15:56:28,32.497,699.7,"Tank3","Heat"
"4198",2025-07-06 16:01:28,32.394,764.2,"Tank3","Heat"
"4199",2025-07-06 16:06:28,32.394,710.4,"Tank3","Heat"
"4200",2025-07-06 16:11:28,32.6,656.6,"Tank3","Heat"
"4201",2025-07-06 16:16:28,32.6,645.8,"Tank3","Heat"
"4202",2025-07-06 16:21:28,32.497,613.5,"Tank3","Heat"
"4203",2025-07-06 16:26:28,32.394,635.1,"Tank3","Heat"
"4204",2025-07-06 16:31:28,32.394,624.3,"Tank3","Heat"
"4205",2025-07-06 16:36:28,32.6,592,"Tank3","Heat"
"4206",2025-07-06 16:41:28,32.6,538.2,"Tank3","Heat"
"4207",2025-07-06 16:46:28,32.394,592,"Tank3","Heat"
"4208",2025-07-06 16:51:28,32.394,505.9,"Tank3","Heat"
"4209",2025-07-06 16:56:28,32.497,527.4,"Tank3","Heat"
"4210",2025-07-06 17:01:28,32.6,473.6,"Tank3","Heat"
"4211",2025-07-06 17:06:28,32.6,527.4,"Tank3","Heat"
"4212",2025-07-06 17:11:28,32.394,452.1,"Tank3","Heat"
"4213",2025-07-06 17:16:28,32.291,452.1,"Tank3","Heat"
"4214",2025-07-06 17:21:28,32.188,462.9,"Tank3","Heat"
"4215",2025-07-06 17:26:28,32.086,387.5,"Tank3","Heat"
"4216",2025-07-06 17:31:28,31.983,452.1,"Tank3","Heat"
"4217",2025-07-06 17:36:28,31.88,344.4,"Tank3","Heat"
"4218",2025-07-06 17:41:28,31.778,322.9,"Tank3","Heat"
"4219",2025-07-06 17:46:28,31.676,312.2,"Tank3","Heat"
"4220",2025-07-06 17:51:28,31.574,344.4,"Tank3","Heat"
"4221",2025-07-06 17:56:28,31.472,279.9,"Tank3","Heat"
"4222",2025-07-06 18:01:28,31.37,290.6,"Tank3","Heat"
"4223",2025-07-06 18:06:28,31.268,290.6,"Tank3","Heat"
"4224",2025-07-06 18:11:28,31.166,247.6,"Tank3","Heat"
"4225",2025-07-06 18:16:28,31.064,236.8,"Tank3","Heat"
"4226",2025-07-06 18:21:28,31.064,215.3,"Tank3","Heat"
"4227",2025-07-06 18:26:28,30.862,193.8,"Tank3","Heat"
"4228",2025-07-06 18:31:28,30.862,258.3,"Tank3","Heat"
"4229",2025-07-06 18:36:28,30.76,204.5,"Tank3","Heat"
"4230",2025-07-06 18:41:28,30.963,161.5,"Tank3","Heat"
"4231",2025-07-06 18:46:28,31.472,139.9,"Tank3","Heat"
"4232",2025-07-06 18:51:28,31.88,118.4,"Tank3","Heat"
"4233",2025-07-06 18:56:28,32.291,96.9,"Tank3","Heat"
"4234",2025-07-06 19:01:28,32.704,75.3,"Tank3","Heat"
"4235",2025-07-06 19:06:28,32.704,118.4,"Tank3","Heat"
"4236",2025-07-06 19:11:28,32.6,64.6,"Tank3","Heat"
"4237",2025-07-06 19:16:28,32.497,32.3,"Tank3","Heat"
"4238",2025-07-06 19:21:28,32.394,0,"Tank3","Heat"
"4239",2025-07-06 19:26:28,32.291,86.1,"Tank3","Heat"
"4240",2025-07-06 19:31:28,32.394,96.9,"Tank3","Heat"
"4241",2025-07-06 19:36:28,32.497,10.8,"Tank3","Heat"
"4242",2025-07-06 19:41:28,32.394,0,"Tank3","Heat"
"4243",2025-07-06 19:46:28,32.291,0,"Tank3","Heat"
"4244",2025-07-06 19:51:28,32.188,0,"Tank3","Heat"
"4245",2025-07-06 19:56:28,32.497,0,"Tank3","Heat"
"4246",2025-07-06 20:01:28,32.497,0,"Tank3","Heat"
"4247",2025-07-06 20:06:28,32.394,0,"Tank3","Heat"
"4248",2025-07-06 20:11:28,32.291,0,"Tank3","Heat"
"4249",2025-07-06 20:16:28,32.291,0,"Tank3","Heat"
"4250",2025-07-06 20:21:28,32.497,0,"Tank3","Heat"
"4251",2025-07-06 20:26:28,32.497,0,"Tank3","Heat"
"4252",2025-07-06 20:31:28,32.394,0,"Tank3","Heat"
"4253",2025-07-06 20:36:28,32.291,0,"Tank3","Heat"
"4254",2025-07-06 20:41:28,32.291,0,"Tank3","Heat"
"4255",2025-07-06 20:46:28,32.497,0,"Tank3","Heat"
"4256",2025-07-06 20:51:28,32.497,0,"Tank3","Heat"
"4257",2025-07-06 20:56:28,32.394,0,"Tank3","Heat"
"4258",2025-07-06 21:01:28,32.291,0,"Tank3","Heat"
"4259",2025-07-06 21:06:28,32.291,0,"Tank3","Heat"
"4260",2025-07-06 21:11:28,32.497,0,"Tank3","Heat"
"4261",2025-07-06 21:16:28,32.497,0,"Tank3","Heat"
"4262",2025-07-06 21:21:28,32.394,0,"Tank3","Heat"
"4263",2025-07-06 21:26:28,32.291,0,"Tank3","Heat"
"4264",2025-07-06 21:31:28,32.394,0,"Tank3","Heat"
"4265",2025-07-06 21:36:28,32.497,0,"Tank3","Heat"
"4266",2025-07-06 21:41:28,32.394,0,"Tank3","Heat"
"4267",2025-07-06 21:46:28,32.291,0,"Tank3","Heat"
"4268",2025-07-06 21:51:28,32.291,0,"Tank3","Heat"
"4269",2025-07-06 21:56:28,32.497,0,"Tank3","Heat"
"4270",2025-07-06 22:01:28,32.497,0,"Tank3","Heat"
"4271",2025-07-06 22:06:28,32.394,0,"Tank3","Heat"
"4272",2025-07-06 22:11:28,32.291,0,"Tank3","Heat"
"4273",2025-07-06 22:16:28,32.394,0,"Tank3","Heat"
"4274",2025-07-06 22:21:28,32.497,0,"Tank3","Heat"
"4275",2025-07-06 22:26:28,32.394,0,"Tank3","Heat"
"4276",2025-07-06 22:31:28,32.291,0,"Tank3","Heat"
"4277",2025-07-06 22:36:28,32.291,0,"Tank3","Heat"
"4278",2025-07-06 22:41:28,32.497,0,"Tank3","Heat"
"4279",2025-07-06 22:46:28,32.497,0,"Tank3","Heat"
"4280",2025-07-06 22:51:28,32.394,0,"Tank3","Heat"
"4281",2025-07-06 22:56:28,32.291,0,"Tank3","Heat"
"4282",2025-07-06 23:01:28,32.291,0,"Tank3","Heat"
"4283",2025-07-06 23:06:28,32.497,0,"Tank3","Heat"
"4284",2025-07-06 23:11:28,32.497,0,"Tank3","Heat"
"4285",2025-07-06 23:16:28,32.394,0,"Tank3","Heat"
"4286",2025-07-06 23:21:28,32.291,0,"Tank3","Heat"
"4287",2025-07-06 23:26:28,32.394,0,"Tank3","Heat"
"4288",2025-07-06 23:31:28,32.497,0,"Tank3","Heat"
"4289",2025-07-06 23:36:28,32.394,0,"Tank3","Heat"
"4290",2025-07-06 23:41:28,32.291,0,"Tank3","Heat"
"4291",2025-07-06 23:46:28,32.291,0,"Tank3","Heat"
"4292",2025-07-06 23:51:28,32.497,0,"Tank3","Heat"
"4293",2025-07-06 23:56:28,32.497,0,"Tank3","Heat"
"4294",2025-07-07 00:01:28,32.394,0,"Tank3","Heat"
"4295",2025-07-07 00:06:28,32.291,0,"Tank3","Heat"
"4296",2025-07-07 00:11:28,32.394,0,"Tank3","Heat"
"4297",2025-07-07 00:16:28,32.497,0,"Tank3","Heat"
"4298",2025-07-07 00:21:28,32.394,0,"Tank3","Heat"
"4299",2025-07-07 00:26:28,32.291,0,"Tank3","Heat"
"4300",2025-07-07 00:31:28,32.291,0,"Tank3","Heat"
"4301",2025-07-07 00:36:28,32.497,0,"Tank3","Heat"
"4302",2025-07-07 00:41:28,32.497,0,"Tank3","Heat"
"4303",2025-07-07 00:46:28,32.394,0,"Tank3","Heat"
"4304",2025-07-07 00:51:28,32.291,0,"Tank3","Heat"
"4305",2025-07-07 00:56:28,32.394,0,"Tank3","Heat"
"4306",2025-07-07 01:01:28,32.497,0,"Tank3","Heat"
"4307",2025-07-07 01:06:28,32.497,0,"Tank3","Heat"
"4308",2025-07-07 01:11:28,32.291,0,"Tank3","Heat"
"4309",2025-07-07 01:16:28,32.188,0,"Tank3","Heat"
"4310",2025-07-07 01:21:28,32.497,0,"Tank3","Heat"
"4311",2025-07-07 01:26:28,32.497,0,"Tank3","Heat"
"4312",2025-07-07 01:31:28,32.394,0,"Tank3","Heat"
"4313",2025-07-07 01:36:28,32.291,0,"Tank3","Heat"
"4314",2025-07-07 01:41:28,32.291,0,"Tank3","Heat"
"4315",2025-07-07 01:46:28,32.497,0,"Tank3","Heat"
"4316",2025-07-07 01:51:28,32.497,0,"Tank3","Heat"
"4317",2025-07-07 01:56:28,32.394,0,"Tank3","Heat"
"4318",2025-07-07 02:01:28,32.291,0,"Tank3","Heat"
"4319",2025-07-07 02:06:28,32.394,0,"Tank3","Heat"
"4320",2025-07-07 02:11:28,32.497,0,"Tank3","Heat"
"4321",2025-07-07 02:16:28,32.394,0,"Tank3","Heat"
"4322",2025-07-07 02:21:28,32.291,0,"Tank3","Heat"
"4323",2025-07-07 02:26:28,32.291,0,"Tank3","Heat"
"4324",2025-07-07 02:31:28,32.497,0,"Tank3","Heat"
"4325",2025-07-07 02:36:28,32.497,0,"Tank3","Heat"
"4326",2025-07-07 02:41:28,32.394,0,"Tank3","Heat"
"4327",2025-07-07 02:46:28,32.291,0,"Tank3","Heat"
"4328",2025-07-07 02:51:28,32.291,0,"Tank3","Heat"
"4329",2025-07-07 02:56:28,32.497,0,"Tank3","Heat"
"4330",2025-07-07 03:01:28,32.497,0,"Tank3","Heat"
"4331",2025-07-07 03:06:28,32.394,0,"Tank3","Heat"
"4332",2025-07-07 03:11:28,32.188,0,"Tank3","Heat"
"4333",2025-07-07 03:16:28,32.394,0,"Tank3","Heat"
"4334",2025-07-07 03:21:28,32.497,0,"Tank3","Heat"
"4335",2025-07-07 03:26:28,32.394,0,"Tank3","Heat"
"4336",2025-07-07 03:31:28,32.291,0,"Tank3","Heat"
"4337",2025-07-07 03:36:28,32.188,0,"Tank3","Heat"
"4338",2025-07-07 03:41:28,32.497,0,"Tank3","Heat"
"4339",2025-07-07 03:46:28,32.497,0,"Tank3","Heat"
"4340",2025-07-07 03:51:28,32.394,0,"Tank3","Heat"
"4341",2025-07-07 03:56:28,32.291,0,"Tank3","Heat"
"4342",2025-07-07 04:01:28,32.291,0,"Tank3","Heat"
"4343",2025-07-07 04:06:28,32.497,0,"Tank3","Heat"
"4344",2025-07-07 04:11:28,32.497,0,"Tank3","Heat"
"4345",2025-07-07 04:16:28,32.394,0,"Tank3","Heat"
"4346",2025-07-07 04:21:28,32.291,0,"Tank3","Heat"
"4347",2025-07-07 04:26:28,32.291,0,"Tank3","Heat"
"4348",2025-07-07 04:31:28,32.497,0,"Tank3","Heat"
"4349",2025-07-07 04:36:28,32.394,0,"Tank3","Heat"
"4350",2025-07-07 04:41:28,32.394,0,"Tank3","Heat"
"4351",2025-07-07 04:46:28,32.291,0,"Tank3","Heat"
"4352",2025-07-07 04:51:28,32.497,0,"Tank3","Heat"
"4353",2025-07-07 04:56:28,32.497,0,"Tank3","Heat"
"4354",2025-07-07 05:01:28,32.394,0,"Tank3","Heat"
"4355",2025-07-07 05:06:28,32.291,0,"Tank3","Heat"
"4356",2025-07-07 05:11:28,32.291,0,"Tank3","Heat"
"4357",2025-07-07 05:16:28,32.497,0,"Tank3","Heat"
"4358",2025-07-07 05:21:28,32.497,0,"Tank3","Heat"
"4359",2025-07-07 05:26:28,32.394,0,"Tank3","Heat"
"4360",2025-07-07 05:31:28,32.291,0,"Tank3","Heat"
"4361",2025-07-07 05:36:28,32.394,0,"Tank3","Heat"
"4362",2025-07-07 05:41:28,32.497,0,"Tank3","Heat"
"4363",2025-07-07 05:46:28,32.394,0,"Tank3","Heat"
"4364",2025-07-07 05:51:28,32.291,0,"Tank3","Heat"
"4365",2025-07-07 05:56:28,32.188,0,"Tank3","Heat"
"4366",2025-07-07 06:01:28,32.497,0,"Tank3","Heat"
"4367",2025-07-07 06:06:28,32.497,0,"Tank3","Heat"
"4368",2025-07-07 06:11:28,32.394,0,"Tank3","Heat"
"4369",2025-07-07 06:16:28,32.291,0,"Tank3","Heat"
"4370",2025-07-07 06:21:28,32.291,0,"Tank3","Heat"
"4371",2025-07-07 06:26:28,32.497,0,"Tank3","Heat"
"4372",2025-07-07 06:31:28,32.497,0,"Tank3","Heat"
"4373",2025-07-07 06:36:28,32.394,0,"Tank3","Heat"
"4374",2025-07-07 06:41:28,32.291,0,"Tank3","Heat"
"4375",2025-07-07 06:46:28,32.394,0,"Tank3","Heat"
"4376",2025-07-07 06:51:28,32.497,0,"Tank3","Heat"
"4377",2025-07-07 06:56:28,32.394,0,"Tank3","Heat"
"4378",2025-07-07 07:01:28,32.291,0,"Tank3","Heat"
"4379",2025-07-07 07:06:28,32.291,0,"Tank3","Heat"
"4380",2025-07-07 07:11:28,32.497,0,"Tank3","Heat"
"4381",2025-07-07 07:16:28,32.497,0,"Tank3","Heat"
"4382",2025-07-07 07:21:28,32.394,0,"Tank3","Heat"
"4383",2025-07-07 07:26:28,32.291,0,"Tank3","Heat"
"4384",2025-07-07 07:31:28,32.394,0,"Tank3","Heat"
"4385",2025-07-07 07:36:28,32.497,0,"Tank3","Heat"
"4386",2025-07-07 07:41:28,32.497,0,"Tank3","Heat"
"4387",2025-07-07 07:46:28,32.291,0,"Tank3","Heat"
"4388",2025-07-07 07:51:28,32.188,0,"Tank3","Heat"
"4389",2025-07-07 07:56:28,32.497,0,"Tank3","Heat"
"4390",2025-07-07 08:01:28,32.497,0,"Tank3","Heat"
"4391",2025-07-07 08:06:28,32.394,0,"Tank3","Heat"
"4392",2025-07-07 08:11:28,32.291,0,"Tank3","Heat"
"4393",2025-07-07 08:16:28,32.394,0,"Tank3","Heat"
"4394",2025-07-07 08:21:28,32.497,21.5,"Tank3","Heat"
"4395",2025-07-07 08:26:28,32.497,86.1,"Tank3","Heat"
"4396",2025-07-07 08:31:28,32.394,118.4,"Tank3","Heat"
"4397",2025-07-07 08:36:28,32.291,53.8,"Tank3","Heat"
"4398",2025-07-07 08:41:28,32.394,96.9,"Tank3","Heat"
"4399",2025-07-07 08:46:28,32.497,204.5,"Tank3","Heat"
"4400",2025-07-07 08:51:28,32.394,161.5,"Tank3","Heat"
"4401",2025-07-07 08:56:28,32.291,172.2,"Tank3","Heat"
"4402",2025-07-07 09:01:28,32.291,161.5,"Tank3","Heat"
"4403",2025-07-07 09:06:28,32.497,193.8,"Tank3","Heat"
"4404",2025-07-07 09:11:28,32.497,183,"Tank3","Heat"
"4405",2025-07-07 09:16:28,32.394,193.8,"Tank3","Heat"
"4406",2025-07-07 09:21:28,32.291,215.3,"Tank3","Heat"
"4407",2025-07-07 09:26:28,32.394,236.8,"Tank3","Heat"
"4408",2025-07-07 09:31:28,32.497,236.8,"Tank3","Heat"
"4409",2025-07-07 09:36:28,32.497,226,"Tank3","Heat"
"4410",2025-07-07 09:41:28,32.394,226,"Tank3","Heat"
"4411",2025-07-07 09:46:28,32.291,269.1,"Tank3","Heat"
"4412",2025-07-07 09:51:28,32.497,247.6,"Tank3","Heat"
"4413",2025-07-07 09:56:28,32.497,269.1,"Tank3","Heat"
"4414",2025-07-07 10:01:28,32.394,279.9,"Tank3","Heat"
"4415",2025-07-07 10:06:28,32.291,269.1,"Tank3","Heat"
"4416",2025-07-07 10:11:28,32.291,290.6,"Tank3","Heat"
"4417",2025-07-07 10:16:28,32.497,322.9,"Tank3","Heat"
"4418",2025-07-07 10:21:28,32.497,333.7,"Tank3","Heat"
"4419",2025-07-07 10:26:28,32.394,409,"Tank3","Heat"
"4420",2025-07-07 10:31:28,32.291,430.6,"Tank3","Heat"
"4421",2025-07-07 10:36:28,32.291,419.8,"Tank3","Heat"
"4422",2025-07-07 10:41:28,32.188,398.3,"Tank3","Heat"
"4423",2025-07-07 10:46:28,32.086,484.4,"Tank3","Heat"
"4424",2025-07-07 10:51:28,31.983,21.5,"Tank3","Heat"
"4425",2025-07-07 10:56:28,31.778,32.3,"Tank3","Heat"
"4426",2025-07-02 08:00:54,25.319,0,"Tank4","Control"
"4427",2025-07-02 08:05:54,25.319,0,"Tank4","Control"
"4428",2025-07-02 08:10:54,25.222,0,"Tank4","Control"
"4429",2025-07-02 08:15:54,25.222,0,"Tank4","Control"
"4430",2025-07-02 08:20:54,25.222,0,"Tank4","Control"
"4431",2025-07-02 08:25:54,25.125,32.3,"Tank4","Control"
"4432",2025-07-02 08:30:54,25.319,32.3,"Tank4","Control"
"4433",2025-07-02 08:35:54,25.416,10.8,"Tank4","Control"
"4434",2025-07-02 08:40:54,25.319,75.3,"Tank4","Control"
"4435",2025-07-02 08:45:54,25.319,86.1,"Tank4","Control"
"4436",2025-07-02 08:50:54,25.222,64.6,"Tank4","Control"
"4437",2025-07-02 08:55:54,25.222,107.6,"Tank4","Control"
"4438",2025-07-02 09:00:54,25.222,183,"Tank4","Control"
"4439",2025-07-02 09:05:54,25.125,86.1,"Tank4","Control"
"4440",2025-07-02 09:10:54,25.222,161.5,"Tank4","Control"
"4441",2025-07-02 09:15:54,25.416,172.2,"Tank4","Control"
"4442",2025-07-02 09:20:54,25.416,236.8,"Tank4","Control"
"4443",2025-07-02 09:25:54,25.319,269.1,"Tank4","Control"
"4444",2025-07-02 09:30:54,25.319,161.5,"Tank4","Control"
"4445",2025-07-02 09:35:54,25.319,258.3,"Tank4","Control"
"4446",2025-07-02 09:40:54,25.222,290.6,"Tank4","Control"
"4447",2025-07-02 09:45:54,25.222,236.8,"Tank4","Control"
"4448",2025-07-02 09:50:54,25.125,236.8,"Tank4","Control"
"4449",2025-07-02 09:55:54,25.319,301.4,"Tank4","Control"
"4450",2025-07-02 10:00:54,25.416,290.6,"Tank4","Control"
"4451",2025-07-02 10:05:54,25.319,344.4,"Tank4","Control"
"4452",2025-07-02 10:10:54,25.319,290.6,"Tank4","Control"
"4453",2025-07-02 10:15:54,25.319,279.9,"Tank4","Control"
"4454",2025-07-02 10:20:54,25.222,290.6,"Tank4","Control"
"4455",2025-07-02 10:25:54,25.222,409,"Tank4","Control"
"4456",2025-07-02 10:30:54,25.222,366,"Tank4","Control"
"4457",2025-07-02 10:35:54,25.222,322.9,"Tank4","Control"
"4458",2025-07-02 10:40:54,25.319,387.5,"Tank4","Control"
"4459",2025-07-02 10:45:54,25.416,366,"Tank4","Control"
"4460",2025-07-02 10:50:54,25.416,366,"Tank4","Control"
"4461",2025-07-02 10:55:54,25.416,505.9,"Tank4","Control"
"4462",2025-07-02 11:00:54,25.319,21.5,"Tank4","Control"
"4463",2025-07-02 11:05:54,25.319,0,"Tank4","Control"
"4464",2025-07-02 11:10:54,25.222,0,"Tank4","Control"
"4465",2025-07-02 11:15:54,25.222,0,"Tank4","Control"
"4466",2025-07-02 11:20:54,25.222,0,"Tank4","Control"
"4467",2025-07-02 11:25:54,25.125,0,"Tank4","Control"
"4468",2025-07-02 11:30:54,25.319,0,"Tank4","Control"
"4469",2025-07-02 11:35:54,25.416,0,"Tank4","Control"
"4470",2025-07-02 11:40:54,25.319,0,"Tank4","Control"
"4471",2025-07-02 11:45:54,25.319,0,"Tank4","Control"
"4472",2025-07-02 11:50:54,25.319,0,"Tank4","Control"
"4473",2025-07-02 11:55:54,25.222,0,"Tank4","Control"
"4474",2025-07-02 12:00:54,25.222,0,"Tank4","Control"
"4475",2025-07-02 12:05:54,25.222,0,"Tank4","Control"
"4476",2025-07-02 12:10:54,25.222,0,"Tank4","Control"
"4477",2025-07-02 12:15:54,25.222,0,"Tank4","Control"
"4478",2025-07-02 12:20:54,25.222,645.8,"Tank4","Control"
"4479",2025-07-02 12:25:54,25.416,688.9,"Tank4","Control"
"4480",2025-07-02 12:30:54,25.416,721.2,"Tank4","Control"
"4481",2025-07-02 12:35:54,25.416,710.4,"Tank4","Control"
"4482",2025-07-02 12:40:54,25.416,624.3,"Tank4","Control"
"4483",2025-07-02 12:45:54,25.319,635.1,"Tank4","Control"
"4484",2025-07-02 12:50:54,25.319,613.5,"Tank4","Control"
"4485",2025-07-02 12:55:54,25.319,678.1,"Tank4","Control"
"4486",2025-07-02 13:00:54,25.319,0,"Tank4","Control"
"4487",2025-07-02 13:05:54,25.222,0,"Tank4","Control"
"4488",2025-07-02 13:10:54,25.125,0,"Tank4","Control"
"4489",2025-07-02 13:15:54,25.222,0,"Tank4","Control"
"4490",2025-07-02 13:20:54,25.319,0,"Tank4","Control"
"4491",2025-07-02 13:25:54,25.319,0,"Tank4","Control"
"4492",2025-07-02 13:30:54,25.319,0,"Tank4","Control"
"4493",2025-07-02 13:35:54,25.222,0,"Tank4","Control"
"4494",2025-07-02 13:40:54,25.222,0,"Tank4","Control"
"4495",2025-07-02 13:45:54,25.222,21.5,"Tank4","Control"
"4496",2025-07-02 13:50:54,25.222,613.5,"Tank4","Control"
"4497",2025-07-02 13:55:54,25.222,688.9,"Tank4","Control"
"4498",2025-07-02 14:00:54,25.416,624.3,"Tank4","Control"
"4499",2025-07-02 14:05:54,25.416,613.5,"Tank4","Control"
"4500",2025-07-02 14:10:54,25.416,699.7,"Tank4","Control"
"4501",2025-07-02 14:15:54,25.319,592,"Tank4","Control"
"4502",2025-07-02 14:20:54,25.319,613.5,"Tank4","Control"
"4503",2025-07-02 14:25:54,25.319,613.5,"Tank4","Control"
"4504",2025-07-02 14:30:54,25.319,613.5,"Tank4","Control"
"4505",2025-07-02 14:35:54,25.222,602.8,"Tank4","Control"
"4506",2025-07-02 14:40:54,25.222,570.5,"Tank4","Control"
"4507",2025-07-02 14:45:54,25.222,667.4,"Tank4","Control"
"4508",2025-07-02 14:50:54,25.416,656.6,"Tank4","Control"
"4509",2025-07-02 14:55:54,25.416,678.1,"Tank4","Control"
"4510",2025-07-02 15:00:54,25.416,656.6,"Tank4","Control"
"4511",2025-07-02 15:05:54,25.319,592,"Tank4","Control"
"4512",2025-07-02 15:10:54,25.319,592,"Tank4","Control"
"4513",2025-07-02 15:15:54,25.319,645.8,"Tank4","Control"
"4514",2025-07-02 15:20:54,25.222,667.4,"Tank4","Control"
"4515",2025-07-02 15:25:54,25.222,678.1,"Tank4","Control"
"4516",2025-07-02 15:30:54,25.222,581.3,"Tank4","Control"
"4517",2025-07-02 15:35:54,25.319,678.1,"Tank4","Control"
"4518",2025-07-02 15:40:54,25.416,592,"Tank4","Control"
"4519",2025-07-02 15:45:54,25.416,635.1,"Tank4","Control"
"4520",2025-07-02 15:50:54,25.319,581.3,"Tank4","Control"
"4521",2025-07-02 15:55:54,25.319,667.4,"Tank4","Control"
"4522",2025-07-02 16:00:54,25.222,581.3,"Tank4","Control"
"4523",2025-07-02 16:05:54,25.222,570.5,"Tank4","Control"
"4524",2025-07-02 16:10:54,25.222,635.1,"Tank4","Control"
"4525",2025-07-02 16:15:54,25.416,549,"Tank4","Control"
"4526",2025-07-02 16:20:54,25.416,592,"Tank4","Control"
"4527",2025-07-02 16:25:54,25.416,581.3,"Tank4","Control"
"4528",2025-07-02 16:30:54,25.319,505.9,"Tank4","Control"
"4529",2025-07-02 16:35:54,25.319,462.9,"Tank4","Control"
"4530",2025-07-02 16:40:54,25.222,538.2,"Tank4","Control"
"4531",2025-07-02 16:45:54,25.222,462.9,"Tank4","Control"
"4532",2025-07-02 16:50:54,25.222,527.4,"Tank4","Control"
"4533",2025-07-02 16:55:54,25.416,484.4,"Tank4","Control"
"4534",2025-07-02 17:00:54,25.416,484.4,"Tank4","Control"
"4535",2025-07-02 17:05:54,25.416,462.9,"Tank4","Control"
"4536",2025-07-02 17:10:54,25.319,430.6,"Tank4","Control"
"4537",2025-07-02 17:15:54,25.319,387.5,"Tank4","Control"
"4538",2025-07-02 17:20:54,25.222,398.3,"Tank4","Control"
"4539",2025-07-02 17:25:54,25.222,344.4,"Tank4","Control"
"4540",2025-07-02 17:30:54,25.222,322.9,"Tank4","Control"
"4541",2025-07-02 17:35:54,25.416,290.6,"Tank4","Control"
"4542",2025-07-02 17:40:54,25.319,366,"Tank4","Control"
"4543",2025-07-02 17:45:54,25.319,387.5,"Tank4","Control"
"4544",2025-07-02 17:50:54,25.319,290.6,"Tank4","Control"
"4545",2025-07-02 17:55:54,25.222,333.7,"Tank4","Control"
"4546",2025-07-02 18:00:54,25.222,279.9,"Tank4","Control"
"4547",2025-07-02 18:05:54,25.125,236.8,"Tank4","Control"
"4548",2025-07-02 18:10:54,25.319,193.8,"Tank4","Control"
"4549",2025-07-02 18:15:54,25.319,215.3,"Tank4","Control"
"4550",2025-07-02 18:20:54,25.319,258.3,"Tank4","Control"
"4551",2025-07-02 18:25:54,25.319,193.8,"Tank4","Control"
"4552",2025-07-02 18:30:54,25.222,172.2,"Tank4","Control"
"4553",2025-07-02 18:35:54,25.222,161.5,"Tank4","Control"
"4554",2025-07-02 18:40:54,25.222,139.9,"Tank4","Control"
"4555",2025-07-02 18:45:54,25.125,139.9,"Tank4","Control"
"4556",2025-07-02 18:50:54,25.319,204.5,"Tank4","Control"
"4557",2025-07-02 18:55:54,25.416,150.7,"Tank4","Control"
"4558",2025-07-02 19:00:54,25.319,75.3,"Tank4","Control"
"4559",2025-07-02 19:05:54,25.319,64.6,"Tank4","Control"
"4560",2025-07-02 19:10:54,25.319,32.3,"Tank4","Control"
"4561",2025-07-02 19:15:54,25.222,107.6,"Tank4","Control"
"4562",2025-07-02 19:20:54,25.222,75.3,"Tank4","Control"
"4563",2025-07-02 19:25:54,25.125,64.6,"Tank4","Control"
"4564",2025-07-02 19:30:54,25.125,21.5,"Tank4","Control"
"4565",2025-07-02 19:35:54,25.319,10.8,"Tank4","Control"
"4566",2025-07-02 19:40:54,25.319,0,"Tank4","Control"
"4567",2025-07-02 19:45:54,25.319,10.8,"Tank4","Control"
"4568",2025-07-02 19:50:54,25.319,0,"Tank4","Control"
"4569",2025-07-02 19:55:54,25.222,0,"Tank4","Control"
"4570",2025-07-02 20:00:54,25.222,0,"Tank4","Control"
"4571",2025-07-02 20:05:54,25.222,0,"Tank4","Control"
"4572",2025-07-02 20:10:54,25.222,0,"Tank4","Control"
"4573",2025-07-02 20:15:54,25.125,0,"Tank4","Control"
"4574",2025-07-02 20:20:54,25.319,0,"Tank4","Control"
"4575",2025-07-02 20:25:54,25.319,0,"Tank4","Control"
"4576",2025-07-02 20:30:54,25.319,0,"Tank4","Control"
"4577",2025-07-02 20:35:54,25.319,0,"Tank4","Control"
"4578",2025-07-02 20:40:54,25.222,0,"Tank4","Control"
"4579",2025-07-02 20:45:54,25.222,0,"Tank4","Control"
"4580",2025-07-02 20:50:54,25.222,0,"Tank4","Control"
"4581",2025-07-02 20:55:54,25.222,0,"Tank4","Control"
"4582",2025-07-02 21:00:54,25.125,0,"Tank4","Control"
"4583",2025-07-02 21:05:54,25.125,0,"Tank4","Control"
"4584",2025-07-02 21:10:54,25.319,0,"Tank4","Control"
"4585",2025-07-02 21:15:54,25.319,0,"Tank4","Control"
"4586",2025-07-02 21:20:54,25.319,0,"Tank4","Control"
"4587",2025-07-02 21:25:54,25.222,0,"Tank4","Control"
"4588",2025-07-02 21:30:54,25.222,0,"Tank4","Control"
"4589",2025-07-02 21:35:54,25.222,0,"Tank4","Control"
"4590",2025-07-02 21:40:54,25.125,0,"Tank4","Control"
"4591",2025-07-02 21:45:54,25.222,0,"Tank4","Control"
"4592",2025-07-02 21:50:54,25.319,0,"Tank4","Control"
"4593",2025-07-02 21:55:54,25.319,0,"Tank4","Control"
"4594",2025-07-02 22:00:54,25.319,0,"Tank4","Control"
"4595",2025-07-02 22:05:54,25.222,0,"Tank4","Control"
"4596",2025-07-02 22:10:54,25.222,0,"Tank4","Control"
"4597",2025-07-02 22:15:54,25.222,0,"Tank4","Control"
"4598",2025-07-02 22:20:54,25.125,0,"Tank4","Control"
"4599",2025-07-02 22:25:54,25.125,0,"Tank4","Control"
"4600",2025-07-02 22:30:54,25.125,0,"Tank4","Control"
"4601",2025-07-02 22:35:54,25.028,0,"Tank4","Control"
"4602",2025-07-02 22:40:54,25.028,0,"Tank4","Control"
"4603",2025-07-02 22:45:54,24.931,0,"Tank4","Control"
"4604",2025-07-02 22:50:54,24.931,0,"Tank4","Control"
"4605",2025-07-02 22:55:54,25.125,0,"Tank4","Control"
"4606",2025-07-02 23:00:54,25.222,0,"Tank4","Control"
"4607",2025-07-02 23:05:54,25.125,0,"Tank4","Control"
"4608",2025-07-02 23:10:54,25.125,0,"Tank4","Control"
"4609",2025-07-02 23:15:54,25.125,0,"Tank4","Control"
"4610",2025-07-02 23:20:54,25.028,0,"Tank4","Control"
"4611",2025-07-02 23:25:54,25.028,0,"Tank4","Control"
"4612",2025-07-02 23:30:54,24.931,0,"Tank4","Control"
"4613",2025-07-02 23:35:54,24.931,0,"Tank4","Control"
"4614",2025-07-02 23:40:54,24.931,0,"Tank4","Control"
"4615",2025-07-02 23:45:54,25.125,0,"Tank4","Control"
"4616",2025-07-02 23:50:54,25.125,0,"Tank4","Control"
"4617",2025-07-02 23:55:54,25.125,0,"Tank4","Control"
"4618",2025-07-03 00:00:54,25.125,0,"Tank4","Control"
"4619",2025-07-03 00:05:54,25.125,0,"Tank4","Control"
"4620",2025-07-03 00:10:54,25.028,0,"Tank4","Control"
"4621",2025-07-03 00:15:54,25.028,0,"Tank4","Control"
"4622",2025-07-03 00:20:54,24.931,0,"Tank4","Control"
"4623",2025-07-03 00:25:54,24.931,0,"Tank4","Control"
"4624",2025-07-03 00:30:54,25.125,0,"Tank4","Control"
"4625",2025-07-03 00:35:54,25.125,0,"Tank4","Control"
"4626",2025-07-03 00:40:54,25.125,0,"Tank4","Control"
"4627",2025-07-03 00:45:54,25.125,0,"Tank4","Control"
"4628",2025-07-03 00:50:54,25.125,0,"Tank4","Control"
"4629",2025-07-03 00:55:54,25.028,0,"Tank4","Control"
"4630",2025-07-03 01:00:54,24.931,0,"Tank4","Control"
"4631",2025-07-03 01:05:54,24.931,0,"Tank4","Control"
"4632",2025-07-03 01:10:54,24.931,0,"Tank4","Control"
"4633",2025-07-03 01:15:54,25.125,0,"Tank4","Control"
"4634",2025-07-03 01:20:54,25.222,0,"Tank4","Control"
"4635",2025-07-03 01:25:54,25.125,0,"Tank4","Control"
"4636",2025-07-03 01:30:54,25.125,0,"Tank4","Control"
"4637",2025-07-03 01:35:54,25.125,0,"Tank4","Control"
"4638",2025-07-03 01:40:54,25.028,0,"Tank4","Control"
"4639",2025-07-03 01:45:54,25.028,0,"Tank4","Control"
"4640",2025-07-03 01:50:54,24.931,0,"Tank4","Control"
"4641",2025-07-03 01:55:54,24.931,0,"Tank4","Control"
"4642",2025-07-03 02:00:54,25.125,0,"Tank4","Control"
"4643",2025-07-03 02:05:54,25.222,0,"Tank4","Control"
"4644",2025-07-03 02:10:54,25.222,0,"Tank4","Control"
"4645",2025-07-03 02:15:54,25.125,0,"Tank4","Control"
"4646",2025-07-03 02:20:54,25.125,0,"Tank4","Control"
"4647",2025-07-03 02:25:54,25.125,0,"Tank4","Control"
"4648",2025-07-03 02:30:54,25.028,0,"Tank4","Control"
"4649",2025-07-03 02:35:54,25.028,0,"Tank4","Control"
"4650",2025-07-03 02:40:54,24.931,0,"Tank4","Control"
"4651",2025-07-03 02:45:54,24.931,0,"Tank4","Control"
"4652",2025-07-03 02:50:54,25.125,0,"Tank4","Control"
"4653",2025-07-03 02:55:54,25.125,0,"Tank4","Control"
"4654",2025-07-03 03:00:54,25.125,0,"Tank4","Control"
"4655",2025-07-03 03:05:54,25.125,0,"Tank4","Control"
"4656",2025-07-03 03:10:54,25.125,0,"Tank4","Control"
"4657",2025-07-03 03:15:54,25.028,0,"Tank4","Control"
"4658",2025-07-03 03:20:54,25.028,0,"Tank4","Control"
"4659",2025-07-03 03:25:54,24.931,0,"Tank4","Control"
"4660",2025-07-03 03:30:54,24.931,0,"Tank4","Control"
"4661",2025-07-03 03:35:54,25.125,0,"Tank4","Control"
"4662",2025-07-03 03:40:54,25.125,0,"Tank4","Control"
"4663",2025-07-03 03:45:54,25.125,0,"Tank4","Control"
"4664",2025-07-03 03:50:54,25.125,0,"Tank4","Control"
"4665",2025-07-03 03:55:54,25.125,0,"Tank4","Control"
"4666",2025-07-03 04:00:54,25.028,0,"Tank4","Control"
"4667",2025-07-03 04:05:54,25.028,0,"Tank4","Control"
"4668",2025-07-03 04:10:54,24.931,0,"Tank4","Control"
"4669",2025-07-03 04:15:54,24.931,0,"Tank4","Control"
"4670",2025-07-03 04:20:54,25.222,0,"Tank4","Control"
"4671",2025-07-03 04:25:54,25.125,0,"Tank4","Control"
"4672",2025-07-03 04:30:54,25.125,0,"Tank4","Control"
"4673",2025-07-03 04:35:54,25.125,0,"Tank4","Control"
"4674",2025-07-03 04:40:54,25.125,0,"Tank4","Control"
"4675",2025-07-03 04:45:54,25.028,0,"Tank4","Control"
"4676",2025-07-03 04:50:54,25.028,0,"Tank4","Control"
"4677",2025-07-03 04:55:54,24.931,0,"Tank4","Control"
"4678",2025-07-03 05:00:54,24.931,0,"Tank4","Control"
"4679",2025-07-03 05:05:54,25.125,0,"Tank4","Control"
"4680",2025-07-03 05:10:54,25.222,0,"Tank4","Control"
"4681",2025-07-03 05:15:54,25.222,0,"Tank4","Control"
"4682",2025-07-03 05:20:54,25.125,0,"Tank4","Control"
"4683",2025-07-03 05:25:54,25.125,0,"Tank4","Control"
"4684",2025-07-03 05:30:54,25.125,0,"Tank4","Control"
"4685",2025-07-03 05:35:54,25.028,0,"Tank4","Control"
"4686",2025-07-03 05:40:54,25.028,0,"Tank4","Control"
"4687",2025-07-03 05:45:54,24.931,0,"Tank4","Control"
"4688",2025-07-03 05:50:54,24.931,0,"Tank4","Control"
"4689",2025-07-03 05:55:54,25.125,0,"Tank4","Control"
"4690",2025-07-03 06:00:54,25.125,0,"Tank4","Control"
"4691",2025-07-03 06:05:54,25.125,0,"Tank4","Control"
"4692",2025-07-03 06:10:54,25.125,0,"Tank4","Control"
"4693",2025-07-03 06:15:54,25.125,0,"Tank4","Control"
"4694",2025-07-03 06:20:54,25.028,0,"Tank4","Control"
"4695",2025-07-03 06:25:54,25.028,0,"Tank4","Control"
"4696",2025-07-03 06:30:54,24.931,0,"Tank4","Control"
"4697",2025-07-03 06:35:54,24.931,0,"Tank4","Control"
"4698",2025-07-03 06:40:54,25.125,0,"Tank4","Control"
"4699",2025-07-03 06:45:54,25.125,0,"Tank4","Control"
"4700",2025-07-03 06:50:54,25.125,0,"Tank4","Control"
"4701",2025-07-03 06:55:54,25.125,0,"Tank4","Control"
"4702",2025-07-03 07:00:54,25.028,0,"Tank4","Control"
"4703",2025-07-03 07:05:54,25.028,0,"Tank4","Control"
"4704",2025-07-03 07:10:54,24.931,0,"Tank4","Control"
"4705",2025-07-03 07:15:54,24.931,0,"Tank4","Control"
"4706",2025-07-03 07:20:54,25.028,0,"Tank4","Control"
"4707",2025-07-03 07:25:54,25.125,0,"Tank4","Control"
"4708",2025-07-03 07:30:54,25.125,0,"Tank4","Control"
"4709",2025-07-03 07:35:54,25.125,0,"Tank4","Control"
"4710",2025-07-03 07:40:54,25.125,0,"Tank4","Control"
"4711",2025-07-03 07:45:54,25.028,0,"Tank4","Control"
"4712",2025-07-03 07:50:54,25.028,0,"Tank4","Control"
"4713",2025-07-03 07:55:54,24.931,0,"Tank4","Control"
"4714",2025-07-03 08:00:54,24.931,0,"Tank4","Control"
"4715",2025-07-03 08:05:54,25.125,0,"Tank4","Control"
"4716",2025-07-03 08:10:54,25.222,0,"Tank4","Control"
"4717",2025-07-03 08:15:54,25.125,0,"Tank4","Control"
"4718",2025-07-03 08:20:54,25.125,0,"Tank4","Control"
"4719",2025-07-03 08:25:54,25.125,21.5,"Tank4","Control"
"4720",2025-07-03 08:30:54,25.028,43.1,"Tank4","Control"
"4721",2025-07-03 08:35:54,24.931,53.8,"Tank4","Control"
"4722",2025-07-03 08:40:54,24.931,129.2,"Tank4","Control"
"4723",2025-07-03 08:45:54,25.028,150.7,"Tank4","Control"
"4724",2025-07-03 08:50:54,25.222,64.6,"Tank4","Control"
"4725",2025-07-03 08:55:54,25.222,150.7,"Tank4","Control"
"4726",2025-07-03 09:00:54,25.222,118.4,"Tank4","Control"
"4727",2025-07-03 09:05:54,25.125,96.9,"Tank4","Control"
"4728",2025-07-03 09:10:54,25.125,161.5,"Tank4","Control"
"4729",2025-07-03 09:15:54,25.125,118.4,"Tank4","Control"
"4730",2025-07-03 09:20:54,25.125,139.9,"Tank4","Control"
"4731",2025-07-03 09:25:54,25.028,183,"Tank4","Control"
"4732",2025-07-03 09:30:54,25.028,139.9,"Tank4","Control"
"4733",2025-07-03 09:35:54,25.028,193.8,"Tank4","Control"
"4734",2025-07-03 09:40:54,24.931,236.8,"Tank4","Control"
"4735",2025-07-03 09:45:54,24.931,215.3,"Tank4","Control"
"4736",2025-07-03 09:50:54,24.931,193.8,"Tank4","Control"
"4737",2025-07-03 09:55:54,25.028,279.9,"Tank4","Control"
"4738",2025-07-03 10:00:54,25.125,247.6,"Tank4","Control"
"4739",2025-07-03 10:05:54,25.125,355.2,"Tank4","Control"
"4740",2025-07-03 10:10:54,25.125,236.8,"Tank4","Control"
"4741",2025-07-03 10:15:54,25.028,312.2,"Tank4","Control"
"4742",2025-07-03 10:20:54,25.028,312.2,"Tank4","Control"
"4743",2025-07-03 10:25:54,25.028,0,"Tank4","Control"
"4744",2025-07-03 10:30:54,24.931,0,"Tank4","Control"
"4745",2025-07-03 10:35:54,25.028,0,"Tank4","Control"
"4746",2025-07-03 10:40:54,25.125,0,"Tank4","Control"
"4747",2025-07-03 10:45:54,25.028,0,"Tank4","Control"
"4748",2025-07-03 10:50:54,25.028,0,"Tank4","Control"
"4749",2025-07-03 10:55:54,24.931,0,"Tank4","Control"
"4750",2025-07-03 11:00:54,24.931,0,"Tank4","Control"
"4751",2025-07-03 11:05:54,24.931,0,"Tank4","Control"
"4752",2025-07-03 11:10:54,25.125,0,"Tank4","Control"
"4753",2025-07-03 11:15:54,25.125,0,"Tank4","Control"
"4754",2025-07-03 11:20:54,25.125,559.7,"Tank4","Control"
"4755",2025-07-03 11:25:54,25.125,484.4,"Tank4","Control"
"4756",2025-07-03 11:30:54,25.125,505.9,"Tank4","Control"
"4757",2025-07-03 11:35:54,25.125,613.5,"Tank4","Control"
"4758",2025-07-03 11:40:54,25.028,549,"Tank4","Control"
"4759",2025-07-03 11:45:54,25.028,635.1,"Tank4","Control"
"4760",2025-07-03 11:50:54,24.931,624.3,"Tank4","Control"
"4761",2025-07-03 11:55:54,25.125,613.5,"Tank4","Control"
"4762",2025-07-03 12:00:54,25.222,710.4,"Tank4","Control"
"4763",2025-07-03 12:05:54,25.222,656.6,"Tank4","Control"
"4764",2025-07-03 12:10:54,25.222,635.1,"Tank4","Control"
"4765",2025-07-03 12:15:54,25.222,613.5,"Tank4","Control"
"4766",2025-07-03 12:20:54,25.125,688.9,"Tank4","Control"
"4767",2025-07-03 12:25:54,25.125,592,"Tank4","Control"
"4768",2025-07-03 12:30:54,25.125,699.7,"Tank4","Control"
"4769",2025-07-03 12:35:54,25.125,624.3,"Tank4","Control"
"4770",2025-07-03 12:40:54,25.028,656.6,"Tank4","Control"
"4771",2025-07-03 12:45:54,25.028,667.4,"Tank4","Control"
"4772",2025-07-03 12:50:54,25.028,592,"Tank4","Control"
"4773",2025-07-03 12:55:54,25.222,688.9,"Tank4","Control"
"4774",2025-07-03 13:00:54,25.222,688.9,"Tank4","Control"
"4775",2025-07-03 13:05:54,25.222,613.5,"Tank4","Control"
"4776",2025-07-03 13:10:54,25.222,667.4,"Tank4","Control"
"4777",2025-07-03 13:15:54,25.222,688.9,"Tank4","Control"
"4778",2025-07-03 13:20:54,25.125,656.6,"Tank4","Control"
"4779",2025-07-03 13:25:54,25.125,635.1,"Tank4","Control"
"4780",2025-07-03 13:30:54,25.125,635.1,"Tank4","Control"
"4781",2025-07-03 13:35:54,25.125,699.7,"Tank4","Control"
"4782",2025-07-03 13:40:54,25.028,688.9,"Tank4","Control"
"4783",2025-07-03 13:45:54,25.028,645.8,"Tank4","Control"
"4784",2025-07-03 13:50:54,24.931,656.6,"Tank4","Control"
"4785",2025-07-03 13:55:54,25.125,699.7,"Tank4","Control"
"4786",2025-07-03 14:00:54,25.222,678.1,"Tank4","Control"
"4787",2025-07-03 14:05:54,25.222,570.5,"Tank4","Control"
"4788",2025-07-03 14:10:54,25.222,667.4,"Tank4","Control"
"4789",2025-07-03 14:15:54,25.125,688.9,"Tank4","Control"
"4790",2025-07-03 14:20:54,25.125,602.8,"Tank4","Control"
"4791",2025-07-03 14:25:54,25.319,667.4,"Tank4","Control"
"4792",2025-07-03 14:30:54,25.513,688.9,"Tank4","Control"
"4793",2025-07-03 14:35:54,25.513,581.3,"Tank4","Control"
"4794",2025-07-03 14:40:54,25.513,592,"Tank4","Control"
"4795",2025-07-03 14:45:54,25.416,592,"Tank4","Control"
"4796",2025-07-03 14:50:54,25.416,624.3,"Tank4","Control"
"4797",2025-07-03 14:55:54,25.416,592,"Tank4","Control"
"4798",2025-07-03 15:00:54,25.416,721.2,"Tank4","Control"
"4799",2025-07-03 15:05:54,25.319,613.5,"Tank4","Control"
"4800",2025-07-03 15:10:54,25.319,731.9,"Tank4","Control"
"4801",2025-07-03 15:15:54,25.319,742.7,"Tank4","Control"
"4802",2025-07-03 15:20:54,25.319,635.1,"Tank4","Control"
"4803",2025-07-03 15:25:54,25.222,645.8,"Tank4","Control"
"4804",2025-07-03 15:30:54,25.222,645.8,"Tank4","Control"
"4805",2025-07-03 15:35:54,25.222,731.9,"Tank4","Control"
"4806",2025-07-03 15:40:54,25.319,731.9,"Tank4","Control"
"4807",2025-07-03 15:45:54,25.319,699.7,"Tank4","Control"
"4808",2025-07-03 15:50:54,25.319,624.3,"Tank4","Control"
"4809",2025-07-03 15:55:54,25.319,710.4,"Tank4","Control"
"4810",2025-07-03 16:00:54,25.319,721.2,"Tank4","Control"
"4811",2025-07-03 16:05:54,25.222,613.5,"Tank4","Control"
"4812",2025-07-03 16:10:54,25.222,635.1,"Tank4","Control"
"4813",2025-07-03 16:15:54,25.222,581.3,"Tank4","Control"
"4814",2025-07-03 16:20:54,25.319,667.4,"Tank4","Control"
"4815",2025-07-03 16:25:54,25.416,538.2,"Tank4","Control"
"4816",2025-07-03 16:30:54,25.416,505.9,"Tank4","Control"
"4817",2025-07-03 16:35:54,25.319,505.9,"Tank4","Control"
"4818",2025-07-03 16:40:54,25.319,592,"Tank4","Control"
"4819",2025-07-03 16:45:54,25.319,495.1,"Tank4","Control"
"4820",2025-07-03 16:50:54,25.222,516.7,"Tank4","Control"
"4821",2025-07-03 16:55:54,25.222,452.1,"Tank4","Control"
"4822",2025-07-03 17:00:54,25.222,441.3,"Tank4","Control"
"4823",2025-07-03 17:05:54,25.222,430.6,"Tank4","Control"
"4824",2025-07-03 17:10:54,25.319,473.6,"Tank4","Control"
"4825",2025-07-03 17:15:54,25.319,409,"Tank4","Control"
"4826",2025-07-03 17:20:54,25.319,376.7,"Tank4","Control"
"4827",2025-07-03 17:25:54,25.319,344.4,"Tank4","Control"
"4828",2025-07-03 17:30:54,25.222,344.4,"Tank4","Control"
"4829",2025-07-03 17:35:54,25.222,441.3,"Tank4","Control"
"4830",2025-07-03 17:40:54,25.222,322.9,"Tank4","Control"
"4831",2025-07-03 17:45:54,25.222,322.9,"Tank4","Control"
"4832",2025-07-03 17:50:54,25.319,312.2,"Tank4","Control"
"4833",2025-07-03 17:55:54,25.319,290.6,"Tank4","Control"
"4834",2025-07-03 18:00:54,25.319,247.6,"Tank4","Control"
"4835",2025-07-03 18:05:54,25.319,269.1,"Tank4","Control"
"4836",2025-07-03 18:10:54,25.222,236.8,"Tank4","Control"
"4837",2025-07-03 18:15:54,25.222,247.6,"Tank4","Control"
"4838",2025-07-03 18:20:54,25.222,226,"Tank4","Control"
"4839",2025-07-03 18:25:54,25.125,236.8,"Tank4","Control"
"4840",2025-07-03 18:30:54,25.319,172.2,"Tank4","Control"
"4841",2025-07-03 18:35:54,25.319,258.3,"Tank4","Control"
"4842",2025-07-03 18:40:54,25.319,150.7,"Tank4","Control"
"4843",2025-07-03 18:45:54,25.222,204.5,"Tank4","Control"
"4844",2025-07-03 18:50:54,25.222,193.8,"Tank4","Control"
"4845",2025-07-03 18:55:54,25.222,32.3,"Tank4","Control"
"4846",2025-07-03 19:00:54,25.125,107.6,"Tank4","Control"
"4847",2025-07-03 19:05:54,25.319,215.3,"Tank4","Control"
"4848",2025-07-03 19:10:54,25.319,10.8,"Tank4","Control"
"4849",2025-07-03 19:15:54,25.319,32.3,"Tank4","Control"
"4850",2025-07-03 19:20:54,25.319,32.3,"Tank4","Control"
"4851",2025-07-03 19:25:54,25.222,10.8,"Tank4","Control"
"4852",2025-07-03 19:30:54,25.222,96.9,"Tank4","Control"
"4853",2025-07-03 19:35:54,25.125,107.6,"Tank4","Control"
"4854",2025-07-03 19:40:54,25.222,10.8,"Tank4","Control"
"4855",2025-07-03 19:45:54,25.319,43.1,"Tank4","Control"
"4856",2025-07-03 19:50:54,25.319,10.8,"Tank4","Control"
"4857",2025-07-03 19:55:54,25.319,0,"Tank4","Control"
"4858",2025-07-03 20:00:54,25.319,0,"Tank4","Control"
"4859",2025-07-03 20:05:54,25.222,0,"Tank4","Control"
"4860",2025-07-03 20:10:54,25.222,0,"Tank4","Control"
"4861",2025-07-03 20:15:54,25.125,0,"Tank4","Control"
"4862",2025-07-03 20:20:54,25.222,0,"Tank4","Control"
"4863",2025-07-03 20:25:54,25.319,0,"Tank4","Control"
"4864",2025-07-03 20:30:54,25.319,0,"Tank4","Control"
"4865",2025-07-03 20:35:54,25.319,0,"Tank4","Control"
"4866",2025-07-03 20:40:54,25.222,0,"Tank4","Control"
"4867",2025-07-03 20:45:54,25.222,0,"Tank4","Control"
"4868",2025-07-03 20:50:54,25.222,0,"Tank4","Control"
"4869",2025-07-03 20:55:54,25.125,0,"Tank4","Control"
"4870",2025-07-03 21:00:54,25.125,0,"Tank4","Control"
"4871",2025-07-03 21:05:54,25.319,0,"Tank4","Control"
"4872",2025-07-03 21:10:54,25.319,0,"Tank4","Control"
"4873",2025-07-03 21:15:54,25.319,0,"Tank4","Control"
"4874",2025-07-03 21:20:54,25.222,0,"Tank4","Control"
"4875",2025-07-03 21:25:54,25.222,0,"Tank4","Control"
"4876",2025-07-03 21:30:54,25.222,0,"Tank4","Control"
"4877",2025-07-03 21:35:54,25.125,0,"Tank4","Control"
"4878",2025-07-03 21:40:54,25.222,0,"Tank4","Control"
"4879",2025-07-03 21:45:54,25.319,0,"Tank4","Control"
"4880",2025-07-03 21:50:54,25.319,0,"Tank4","Control"
"4881",2025-07-03 21:55:54,25.319,0,"Tank4","Control"
"4882",2025-07-03 22:00:54,25.319,0,"Tank4","Control"
"4883",2025-07-03 22:05:54,25.222,0,"Tank4","Control"
"4884",2025-07-03 22:10:54,25.222,0,"Tank4","Control"
"4885",2025-07-03 22:15:54,25.125,0,"Tank4","Control"
"4886",2025-07-03 22:20:54,25.222,0,"Tank4","Control"
"4887",2025-07-03 22:25:54,25.319,0,"Tank4","Control"
"4888",2025-07-03 22:30:54,25.319,0,"Tank4","Control"
"4889",2025-07-03 22:35:54,25.319,0,"Tank4","Control"
"4890",2025-07-03 22:40:54,25.222,0,"Tank4","Control"
"4891",2025-07-03 22:45:54,25.222,0,"Tank4","Control"
"4892",2025-07-03 22:50:54,25.222,0,"Tank4","Control"
"4893",2025-07-03 22:55:54,25.125,0,"Tank4","Control"
"4894",2025-07-03 23:00:54,25.222,0,"Tank4","Control"
"4895",2025-07-03 23:05:54,25.319,0,"Tank4","Control"
"4896",2025-07-03 23:10:54,25.319,0,"Tank4","Control"
"4897",2025-07-03 23:15:54,25.319,0,"Tank4","Control"
"4898",2025-07-03 23:20:54,25.319,0,"Tank4","Control"
"4899",2025-07-03 23:25:54,25.222,0,"Tank4","Control"
"4900",2025-07-03 23:30:54,25.222,0,"Tank4","Control"
"4901",2025-07-03 23:35:54,25.125,0,"Tank4","Control"
"4902",2025-07-03 23:40:54,25.222,0,"Tank4","Control"
"4903",2025-07-03 23:45:54,25.319,0,"Tank4","Control"
"4904",2025-07-03 23:50:54,25.319,0,"Tank4","Control"
"4905",2025-07-03 23:55:54,25.319,0,"Tank4","Control"
"4906",2025-07-04 00:00:54,25.319,0,"Tank4","Control"
"4907",2025-07-04 00:05:54,25.222,0,"Tank4","Control"
"4908",2025-07-04 00:10:54,25.222,0,"Tank4","Control"
"4909",2025-07-04 00:15:54,25.125,0,"Tank4","Control"
"4910",2025-07-04 00:20:54,25.125,0,"Tank4","Control"
"4911",2025-07-04 00:25:54,25.319,0,"Tank4","Control"
"4912",2025-07-04 00:30:54,25.319,0,"Tank4","Control"
"4913",2025-07-04 00:35:54,25.319,0,"Tank4","Control"
"4914",2025-07-04 00:40:54,25.222,0,"Tank4","Control"
"4915",2025-07-04 00:45:54,25.222,0,"Tank4","Control"
"4916",2025-07-04 00:50:54,25.222,0,"Tank4","Control"
"4917",2025-07-04 00:55:54,25.125,0,"Tank4","Control"
"4918",2025-07-04 01:00:54,25.222,0,"Tank4","Control"
"4919",2025-07-04 01:05:54,25.319,0,"Tank4","Control"
"4920",2025-07-04 01:10:54,25.319,0,"Tank4","Control"
"4921",2025-07-04 01:15:54,25.319,0,"Tank4","Control"
"4922",2025-07-04 01:20:54,25.222,0,"Tank4","Control"
"4923",2025-07-04 01:25:54,25.222,0,"Tank4","Control"
"4924",2025-07-04 01:30:54,25.222,0,"Tank4","Control"
"4925",2025-07-04 01:35:54,25.125,0,"Tank4","Control"
"4926",2025-07-04 01:40:54,25.319,0,"Tank4","Control"
"4927",2025-07-04 01:45:54,25.416,0,"Tank4","Control"
"4928",2025-07-04 01:50:54,25.319,0,"Tank4","Control"
"4929",2025-07-04 01:55:54,25.319,0,"Tank4","Control"
"4930",2025-07-04 02:00:54,25.222,0,"Tank4","Control"
"4931",2025-07-04 02:05:54,25.222,0,"Tank4","Control"
"4932",2025-07-04 02:10:54,25.222,0,"Tank4","Control"
"4933",2025-07-04 02:15:54,25.125,0,"Tank4","Control"
"4934",2025-07-04 02:20:54,25.222,0,"Tank4","Control"
"4935",2025-07-04 02:25:54,25.416,0,"Tank4","Control"
"4936",2025-07-04 02:30:54,25.319,0,"Tank4","Control"
"4937",2025-07-04 02:35:54,25.319,0,"Tank4","Control"
"4938",2025-07-04 02:40:54,25.319,0,"Tank4","Control"
"4939",2025-07-04 02:45:54,25.222,0,"Tank4","Control"
"4940",2025-07-04 02:50:54,25.222,0,"Tank4","Control"
"4941",2025-07-04 02:55:54,25.125,0,"Tank4","Control"
"4942",2025-07-04 03:00:54,25.125,0,"Tank4","Control"
"4943",2025-07-04 03:05:54,25.319,0,"Tank4","Control"
"4944",2025-07-04 03:10:54,25.319,0,"Tank4","Control"
"4945",2025-07-04 03:15:54,25.319,0,"Tank4","Control"
"4946",2025-07-04 03:20:54,25.319,0,"Tank4","Control"
"4947",2025-07-04 03:25:54,25.222,0,"Tank4","Control"
"4948",2025-07-04 03:30:54,25.222,0,"Tank4","Control"
"4949",2025-07-04 03:35:54,25.125,0,"Tank4","Control"
"4950",2025-07-04 03:40:54,25.125,0,"Tank4","Control"
"4951",2025-07-04 03:45:54,25.416,0,"Tank4","Control"
"4952",2025-07-04 03:50:54,25.319,0,"Tank4","Control"
"4953",2025-07-04 03:55:54,25.319,0,"Tank4","Control"
"4954",2025-07-04 04:00:54,25.319,0,"Tank4","Control"
"4955",2025-07-04 04:05:54,25.222,0,"Tank4","Control"
"4956",2025-07-04 04:10:54,25.222,0,"Tank4","Control"
"4957",2025-07-04 04:15:54,25.125,0,"Tank4","Control"
"4958",2025-07-04 04:20:54,25.125,0,"Tank4","Control"
"4959",2025-07-04 04:25:54,25.319,0,"Tank4","Control"
"4960",2025-07-04 04:30:54,25.319,0,"Tank4","Control"
"4961",2025-07-04 04:35:54,25.319,0,"Tank4","Control"
"4962",2025-07-04 04:40:54,25.319,0,"Tank4","Control"
"4963",2025-07-04 04:45:54,25.222,0,"Tank4","Control"
"4964",2025-07-04 04:50:54,25.222,0,"Tank4","Control"
"4965",2025-07-04 04:55:54,25.222,0,"Tank4","Control"
"4966",2025-07-04 05:00:54,25.125,0,"Tank4","Control"
"4967",2025-07-04 05:05:54,25.125,0,"Tank4","Control"
"4968",2025-07-04 05:10:54,25.222,0,"Tank4","Control"
"4969",2025-07-04 05:15:54,25.319,0,"Tank4","Control"
"4970",2025-07-04 05:20:54,25.319,0,"Tank4","Control"
"4971",2025-07-04 05:25:54,25.319,0,"Tank4","Control"
"4972",2025-07-04 05:30:54,25.222,0,"Tank4","Control"
"4973",2025-07-04 05:35:54,25.222,0,"Tank4","Control"
"4974",2025-07-04 05:40:54,25.222,0,"Tank4","Control"
"4975",2025-07-04 05:45:54,25.222,0,"Tank4","Control"
"4976",2025-07-04 05:50:54,25.125,0,"Tank4","Control"
"4977",2025-07-04 05:55:54,25.125,0,"Tank4","Control"
"4978",2025-07-04 06:00:54,25.319,0,"Tank4","Control"
"4979",2025-07-04 06:05:54,25.319,0,"Tank4","Control"
"4980",2025-07-04 06:10:54,25.319,0,"Tank4","Control"
"4981",2025-07-04 06:15:54,25.319,0,"Tank4","Control"
"4982",2025-07-04 06:20:54,25.319,0,"Tank4","Control"
"4983",2025-07-04 06:25:54,25.222,0,"Tank4","Control"
"4984",2025-07-04 06:30:54,25.222,0,"Tank4","Control"
"4985",2025-07-04 06:35:54,25.222,0,"Tank4","Control"
"4986",2025-07-04 06:40:54,25.222,0,"Tank4","Control"
"4987",2025-07-04 06:45:54,25.125,0,"Tank4","Control"
"4988",2025-07-04 06:50:54,25.222,0,"Tank4","Control"
"4989",2025-07-04 06:55:54,25.319,0,"Tank4","Control"
"4990",2025-07-04 07:00:54,25.319,0,"Tank4","Control"
"4991",2025-07-04 07:05:54,25.319,0,"Tank4","Control"
"4992",2025-07-04 07:10:54,25.319,0,"Tank4","Control"
"4993",2025-07-04 07:15:54,25.222,0,"Tank4","Control"
"4994",2025-07-04 07:20:54,25.222,0,"Tank4","Control"
"4995",2025-07-04 07:25:54,25.222,0,"Tank4","Control"
"4996",2025-07-04 07:30:54,25.222,0,"Tank4","Control"
"4997",2025-07-04 07:35:54,25.222,0,"Tank4","Control"
"4998",2025-07-04 07:40:54,25.125,0,"Tank4","Control"
"4999",2025-07-04 07:45:54,25.319,0,"Tank4","Control"
"5000",2025-07-04 07:50:54,25.319,0,"Tank4","Control"
"5001",2025-07-04 07:55:54,25.319,0,"Tank4","Control"
"5002",2025-07-04 08:00:54,25.319,0,"Tank4","Control"
"5003",2025-07-04 08:05:54,25.319,0,"Tank4","Control"
"5004",2025-07-04 08:10:54,25.222,0,"Tank4","Control"
"5005",2025-07-04 08:15:54,25.222,32.3,"Tank4","Control"
"5006",2025-07-04 08:20:54,25.222,21.5,"Tank4","Control"
"5007",2025-07-04 08:25:54,25.222,107.6,"Tank4","Control"
"5008",2025-07-04 08:30:54,25.125,75.3,"Tank4","Control"
"5009",2025-07-04 08:35:54,25.222,96.9,"Tank4","Control"
"5010",2025-07-04 08:40:54,25.416,43.1,"Tank4","Control"
"5011",2025-07-04 08:45:54,25.319,75.3,"Tank4","Control"
"5012",2025-07-04 08:50:54,25.319,107.6,"Tank4","Control"
"5013",2025-07-04 08:55:54,25.319,86.1,"Tank4","Control"
"5014",2025-07-04 09:00:54,25.319,139.9,"Tank4","Control"
"5015",2025-07-04 09:05:54,25.319,64.6,"Tank4","Control"
"5016",2025-07-04 09:10:54,25.222,139.9,"Tank4","Control"
"5017",2025-07-04 09:15:54,25.222,139.9,"Tank4","Control"
"5018",2025-07-04 09:20:54,25.222,150.7,"Tank4","Control"
"5019",2025-07-04 09:25:54,25.222,172.2,"Tank4","Control"
"5020",2025-07-04 09:30:54,25.125,172.2,"Tank4","Control"
"5021",2025-07-04 09:35:54,25.319,204.5,"Tank4","Control"
"5022",2025-07-04 09:40:54,25.416,236.8,"Tank4","Control"
"5023",2025-07-04 09:45:54,25.416,247.6,"Tank4","Control"
"5024",2025-07-04 09:50:54,25.319,236.8,"Tank4","Control"
"5025",2025-07-04 09:55:54,25.319,269.1,"Tank4","Control"
"5026",2025-07-04 10:00:54,25.319,279.9,"Tank4","Control"
"5027",2025-07-04 10:05:54,25.319,279.9,"Tank4","Control"
"5028",2025-07-04 10:10:54,25.222,279.9,"Tank4","Control"
"5029",2025-07-04 10:15:54,25.222,387.5,"Tank4","Control"
"5030",2025-07-04 10:20:54,25.222,419.8,"Tank4","Control"
"5031",2025-07-04 10:25:54,25.222,322.9,"Tank4","Control"
"5032",2025-07-04 10:30:54,25.222,333.7,"Tank4","Control"
"5033",2025-07-04 10:35:54,25.222,452.1,"Tank4","Control"
"5034",2025-07-04 10:40:54,25.319,387.5,"Tank4","Control"
"5035",2025-07-04 10:45:54,25.319,398.3,"Tank4","Control"
"5036",2025-07-04 10:50:54,25.319,419.8,"Tank4","Control"
"5037",2025-07-04 10:55:54,25.513,409,"Tank4","Control"
"5038",2025-07-04 11:00:54,25.513,398.3,"Tank4","Control"
"5039",2025-07-04 11:05:54,25.513,430.6,"Tank4","Control"
"5040",2025-07-04 11:10:54,25.513,462.9,"Tank4","Control"
"5041",2025-07-04 11:15:54,25.513,570.5,"Tank4","Control"
"5042",2025-07-04 11:20:54,25.513,592,"Tank4","Control"
"5043",2025-07-04 11:25:54,25.416,495.1,"Tank4","Control"
"5044",2025-07-04 11:30:54,25.416,602.8,"Tank4","Control"
"5045",2025-07-04 11:40:54,25.416,602.8,"Tank4","Control"
"5046",2025-07-04 11:45:54,25.416,570.5,"Tank4","Control"
"5047",2025-07-04 11:50:54,25.319,710.4,"Tank4","Control"
"5048",2025-07-04 11:55:54,25.319,613.5,"Tank4","Control"
"5049",2025-07-04 12:00:54,25.319,710.4,"Tank4","Control"
"5050",2025-07-04 12:05:54,25.416,699.7,"Tank4","Control"
"5051",2025-07-04 12:10:54,25.416,624.3,"Tank4","Control"
"5052",2025-07-04 12:15:54,25.416,688.9,"Tank4","Control"
"5053",2025-07-04 12:20:54,25.416,710.4,"Tank4","Control"
"5054",2025-07-04 12:25:54,25.416,667.4,"Tank4","Control"
"5055",2025-07-04 12:30:54,25.416,678.1,"Tank4","Control"
"5056",2025-07-04 12:35:54,25.416,721.2,"Tank4","Control"
"5057",2025-07-04 12:40:54,25.319,688.9,"Tank4","Control"
"5058",2025-07-04 12:45:54,25.319,731.9,"Tank4","Control"
"5059",2025-07-04 12:50:54,25.416,613.5,"Tank4","Control"
"5060",2025-07-04 12:55:54,25.513,721.2,"Tank4","Control"
"5061",2025-07-04 13:00:54,25.513,613.5,"Tank4","Control"
"5062",2025-07-04 13:05:54,25.416,721.2,"Tank4","Control"
"5063",2025-07-04 13:10:54,25.416,710.4,"Tank4","Control"
"5064",2025-07-04 13:15:54,25.416,688.9,"Tank4","Control"
"5065",2025-07-04 13:20:54,25.416,635.1,"Tank4","Control"
"5066",2025-07-04 13:25:54,25.319,699.7,"Tank4","Control"
"5067",2025-07-04 13:30:54,25.319,602.8,"Tank4","Control"
"5068",2025-07-04 13:35:54,25.319,613.5,"Tank4","Control"
"5069",2025-07-04 13:40:54,25.416,645.8,"Tank4","Control"
"5070",2025-07-04 13:45:54,25.513,688.9,"Tank4","Control"
"5071",2025-07-04 13:50:54,25.513,731.9,"Tank4","Control"
"5072",2025-07-04 13:55:54,25.513,678.1,"Tank4","Control"
"5073",2025-07-04 14:00:54,25.513,635.1,"Tank4","Control"
"5074",2025-07-04 14:05:54,25.416,688.9,"Tank4","Control"
"5075",2025-07-04 14:10:54,25.416,602.8,"Tank4","Control"
"5076",2025-07-04 14:15:54,25.416,635.1,"Tank4","Control"
"5077",2025-07-04 14:20:54,25.319,678.1,"Tank4","Control"
"5078",2025-07-04 14:25:54,25.319,624.3,"Tank4","Control"
"5079",2025-07-04 14:30:54,25.319,688.9,"Tank4","Control"
"5080",2025-07-04 14:35:54,25.416,602.8,"Tank4","Control"
"5081",2025-07-04 14:40:54,25.416,742.7,"Tank4","Control"
"5082",2025-07-04 14:45:54,25.416,731.9,"Tank4","Control"
"5083",2025-07-04 14:50:54,25.416,710.4,"Tank4","Control"
"5084",2025-07-04 14:55:54,25.416,581.3,"Tank4","Control"
"5085",2025-07-04 15:00:54,25.319,721.2,"Tank4","Control"
"5086",2025-07-04 15:05:54,25.319,710.4,"Tank4","Control"
"5087",2025-07-04 15:10:54,25.319,624.3,"Tank4","Control"
"5088",2025-07-04 15:15:54,25.513,613.5,"Tank4","Control"
"5089",2025-07-04 15:20:54,25.513,699.7,"Tank4","Control"
"5090",2025-07-04 15:25:54,25.513,688.9,"Tank4","Control"
"5091",2025-07-04 15:30:54,25.513,602.8,"Tank4","Control"
"5092",2025-07-04 15:35:54,25.416,613.5,"Tank4","Control"
"5093",2025-07-04 15:40:54,25.416,721.2,"Tank4","Control"
"5094",2025-07-04 15:45:54,25.416,699.7,"Tank4","Control"
"5095",2025-07-04 15:50:54,25.319,699.7,"Tank4","Control"
"5096",2025-07-04 15:55:54,25.319,592,"Tank4","Control"
"5097",2025-07-04 16:00:54,25.319,645.8,"Tank4","Control"
"5098",2025-07-04 16:05:54,25.416,624.3,"Tank4","Control"
"5099",2025-07-04 16:10:54,25.513,570.5,"Tank4","Control"
"5100",2025-07-04 16:15:54,25.513,559.7,"Tank4","Control"
"5101",2025-07-04 16:20:54,25.513,549,"Tank4","Control"
"5102",2025-07-04 16:25:54,25.416,549,"Tank4","Control"
"5103",2025-07-04 16:30:54,25.416,549,"Tank4","Control"
"5104",2025-07-04 16:35:54,25.416,516.7,"Tank4","Control"
"5105",2025-07-04 16:40:54,25.319,592,"Tank4","Control"
"5106",2025-07-04 16:45:54,25.319,462.9,"Tank4","Control"
"5107",2025-07-04 16:50:54,25.319,462.9,"Tank4","Control"
"5108",2025-07-04 16:55:54,25.416,570.5,"Tank4","Control"
"5109",2025-07-04 17:00:54,25.513,441.3,"Tank4","Control"
"5110",2025-07-04 17:05:54,25.513,409,"Tank4","Control"
"5111",2025-07-04 17:10:54,25.416,441.3,"Tank4","Control"
"5112",2025-07-04 17:15:54,25.416,387.5,"Tank4","Control"
"5113",2025-07-04 17:20:54,25.416,387.5,"Tank4","Control"
"5114",2025-07-04 17:25:54,25.319,462.9,"Tank4","Control"
"5115",2025-07-04 17:30:54,25.319,452.1,"Tank4","Control"
"5116",2025-07-04 17:35:54,25.319,409,"Tank4","Control"
"5117",2025-07-04 17:40:54,25.319,355.2,"Tank4","Control"
"5118",2025-07-04 17:45:54,25.125,355.2,"Tank4","Control"
"5119",2025-07-04 17:50:54,25.222,236.8,"Tank4","Control"
"5120",2025-07-04 17:55:54,25.61,269.1,"Tank4","Control"
"5121",2025-07-04 18:00:54,25.416,258.3,"Tank4","Control"
"5122",2025-07-04 18:05:54,25.319,333.7,"Tank4","Control"
"5123",2025-07-04 18:10:54,25.513,247.6,"Tank4","Control"
"5124",2025-07-04 18:15:54,25.513,236.8,"Tank4","Control"
"5125",2025-07-04 18:20:54,25.513,204.5,"Tank4","Control"
"5126",2025-07-04 18:25:54,25.513,172.2,"Tank4","Control"
"5127",2025-07-04 18:30:54,25.416,193.8,"Tank4","Control"
"5128",2025-07-04 18:35:54,25.416,193.8,"Tank4","Control"
"5129",2025-07-04 18:40:54,25.416,139.9,"Tank4","Control"
"5130",2025-07-04 18:45:54,25.319,172.2,"Tank4","Control"
"5131",2025-07-04 18:50:54,25.319,118.4,"Tank4","Control"
"5132",2025-07-04 18:55:54,25.319,96.9,"Tank4","Control"
"5133",2025-07-04 19:00:54,25.222,96.9,"Tank4","Control"
"5134",2025-07-04 19:05:54,25.222,96.9,"Tank4","Control"
"5135",2025-07-04 19:10:54,25.222,64.6,"Tank4","Control"
"5136",2025-07-04 19:15:54,25.125,96.9,"Tank4","Control"
"5137",2025-07-04 19:20:54,25.222,10.8,"Tank4","Control"
"5138",2025-07-04 19:25:54,25.319,64.6,"Tank4","Control"
"5139",2025-07-04 19:30:54,25.319,10.8,"Tank4","Control"
"5140",2025-07-04 19:35:54,25.319,96.9,"Tank4","Control"
"5141",2025-07-04 19:40:54,25.222,21.5,"Tank4","Control"
"5142",2025-07-04 19:45:54,25.222,10.8,"Tank4","Control"
"5143",2025-07-04 19:50:54,25.222,0,"Tank4","Control"
"5144",2025-07-04 19:55:54,25.125,0,"Tank4","Control"
"5145",2025-07-04 20:00:54,25.125,0,"Tank4","Control"
"5146",2025-07-04 20:05:54,25.319,0,"Tank4","Control"
"5147",2025-07-04 20:10:54,25.319,0,"Tank4","Control"
"5148",2025-07-04 20:15:54,25.319,0,"Tank4","Control"
"5149",2025-07-04 20:20:54,25.319,0,"Tank4","Control"
"5150",2025-07-04 20:25:54,25.222,0,"Tank4","Control"
"5151",2025-07-04 20:30:54,25.222,0,"Tank4","Control"
"5152",2025-07-04 20:35:54,25.222,0,"Tank4","Control"
"5153",2025-07-04 20:40:54,25.125,0,"Tank4","Control"
"5154",2025-07-04 20:45:54,25.319,0,"Tank4","Control"
"5155",2025-07-04 20:50:54,25.319,0,"Tank4","Control"
"5156",2025-07-04 20:55:54,25.319,0,"Tank4","Control"
"5157",2025-07-04 21:00:54,25.319,0,"Tank4","Control"
"5158",2025-07-04 21:05:54,25.319,0,"Tank4","Control"
"5159",2025-07-04 21:10:54,25.222,0,"Tank4","Control"
"5160",2025-07-04 21:15:54,25.222,0,"Tank4","Control"
"5161",2025-07-04 21:20:54,25.222,0,"Tank4","Control"
"5162",2025-07-04 21:25:54,25.125,0,"Tank4","Control"
"5163",2025-07-04 21:30:54,25.125,0,"Tank4","Control"
"5164",2025-07-04 21:35:54,25.319,0,"Tank4","Control"
"5165",2025-07-04 21:40:54,25.319,0,"Tank4","Control"
"5166",2025-07-04 21:45:54,25.319,0,"Tank4","Control"
"5167",2025-07-04 21:50:54,25.319,0,"Tank4","Control"
"5168",2025-07-04 21:55:54,25.222,0,"Tank4","Control"
"5169",2025-07-04 22:00:54,25.222,0,"Tank4","Control"
"5170",2025-07-04 22:05:54,25.222,0,"Tank4","Control"
"5171",2025-07-04 22:10:54,25.125,0,"Tank4","Control"
"5172",2025-07-04 22:15:54,25.125,0,"Tank4","Control"
"5173",2025-07-04 22:20:54,25.319,0,"Tank4","Control"
"5174",2025-07-04 22:25:54,25.319,0,"Tank4","Control"
"5175",2025-07-04 22:30:54,25.319,0,"Tank4","Control"
"5176",2025-07-04 22:35:54,25.319,0,"Tank4","Control"
"5177",2025-07-04 22:40:54,25.222,0,"Tank4","Control"
"5178",2025-07-04 22:45:54,25.222,0,"Tank4","Control"
"5179",2025-07-04 22:50:54,25.222,0,"Tank4","Control"
"5180",2025-07-04 22:55:54,25.125,0,"Tank4","Control"
"5181",2025-07-04 23:00:54,25.222,0,"Tank4","Control"
"5182",2025-07-04 23:05:54,25.319,0,"Tank4","Control"
"5183",2025-07-04 23:10:54,25.319,0,"Tank4","Control"
"5184",2025-07-04 23:15:54,25.319,0,"Tank4","Control"
"5185",2025-07-04 23:20:54,25.319,0,"Tank4","Control"
"5186",2025-07-04 23:25:54,25.222,0,"Tank4","Control"
"5187",2025-07-04 23:30:54,25.222,0,"Tank4","Control"
"5188",2025-07-04 23:35:54,25.222,0,"Tank4","Control"
"5189",2025-07-04 23:40:54,25.125,0,"Tank4","Control"
"5190",2025-07-04 23:45:54,25.125,0,"Tank4","Control"
"5191",2025-07-04 23:50:54,25.222,0,"Tank4","Control"
"5192",2025-07-04 23:55:54,25.222,0,"Tank4","Control"
"5193",2025-07-05 00:00:54,25.222,0,"Tank4","Control"
"5194",2025-07-05 00:05:54,25.222,0,"Tank4","Control"
"5195",2025-07-05 00:10:54,25.125,0,"Tank4","Control"
"5196",2025-07-05 00:15:54,25.125,0,"Tank4","Control"
"5197",2025-07-05 00:20:54,25.319,0,"Tank4","Control"
"5198",2025-07-05 00:25:54,25.319,0,"Tank4","Control"
"5199",2025-07-05 00:30:54,25.319,0,"Tank4","Control"
"5200",2025-07-05 00:35:54,25.319,0,"Tank4","Control"
"5201",2025-07-05 00:40:54,25.222,0,"Tank4","Control"
"5202",2025-07-05 00:45:54,25.222,0,"Tank4","Control"
"5203",2025-07-05 00:50:54,25.222,0,"Tank4","Control"
"5204",2025-07-05 00:55:54,25.222,0,"Tank4","Control"
"5205",2025-07-05 01:00:54,25.125,0,"Tank4","Control"
"5206",2025-07-05 01:05:54,25.125,0,"Tank4","Control"
"5207",2025-07-05 01:10:54,25.319,0,"Tank4","Control"
"5208",2025-07-05 01:15:54,25.319,0,"Tank4","Control"
"5209",2025-07-05 01:20:54,25.319,0,"Tank4","Control"
"5210",2025-07-05 01:25:54,25.222,0,"Tank4","Control"
"5211",2025-07-05 01:30:54,25.222,0,"Tank4","Control"
"5212",2025-07-05 01:35:54,25.222,0,"Tank4","Control"
"5213",2025-07-05 01:40:54,25.222,0,"Tank4","Control"
"5214",2025-07-05 01:45:54,25.125,0,"Tank4","Control"
"5215",2025-07-05 01:50:54,25.125,0,"Tank4","Control"
"5216",2025-07-05 01:55:54,25.319,0,"Tank4","Control"
"5217",2025-07-05 02:00:54,25.319,0,"Tank4","Control"
"5218",2025-07-05 02:05:54,25.319,0,"Tank4","Control"
"5219",2025-07-05 02:10:54,25.319,0,"Tank4","Control"
"5220",2025-07-05 02:15:54,25.222,0,"Tank4","Control"
"5221",2025-07-05 02:20:54,25.222,0,"Tank4","Control"
"5222",2025-07-05 02:25:54,25.222,0,"Tank4","Control"
"5223",2025-07-05 02:30:54,25.222,0,"Tank4","Control"
"5224",2025-07-05 02:35:54,25.125,0,"Tank4","Control"
"5225",2025-07-05 02:40:54,25.125,0,"Tank4","Control"
"5226",2025-07-05 02:45:54,25.319,0,"Tank4","Control"
"5227",2025-07-05 02:50:54,25.319,0,"Tank4","Control"
"5228",2025-07-05 02:55:54,25.319,0,"Tank4","Control"
"5229",2025-07-05 03:00:54,25.319,0,"Tank4","Control"
"5230",2025-07-05 03:05:54,25.319,0,"Tank4","Control"
"5231",2025-07-05 03:10:54,25.222,0,"Tank4","Control"
"5232",2025-07-05 03:15:54,25.222,0,"Tank4","Control"
"5233",2025-07-05 03:20:54,25.222,0,"Tank4","Control"
"5234",2025-07-05 03:25:54,25.125,0,"Tank4","Control"
"5235",2025-07-05 03:30:54,25.125,0,"Tank4","Control"
"5236",2025-07-05 03:35:54,25.319,0,"Tank4","Control"
"5237",2025-07-05 03:40:54,25.319,0,"Tank4","Control"
"5238",2025-07-05 03:45:54,25.319,0,"Tank4","Control"
"5239",2025-07-05 03:50:54,25.319,0,"Tank4","Control"
"5240",2025-07-05 03:55:54,25.319,0,"Tank4","Control"
"5241",2025-07-05 04:00:54,25.222,0,"Tank4","Control"
"5242",2025-07-05 04:05:54,25.222,0,"Tank4","Control"
"5243",2025-07-05 04:10:54,25.222,0,"Tank4","Control"
"5244",2025-07-05 04:15:54,25.222,0,"Tank4","Control"
"5245",2025-07-05 04:20:54,25.125,0,"Tank4","Control"
"5246",2025-07-05 04:25:54,25.125,0,"Tank4","Control"
"5247",2025-07-05 04:30:54,25.319,0,"Tank4","Control"
"5248",2025-07-05 04:35:54,25.319,0,"Tank4","Control"
"5249",2025-07-05 04:40:54,25.319,0,"Tank4","Control"
"5250",2025-07-05 04:45:54,25.222,0,"Tank4","Control"
"5251",2025-07-05 04:50:54,25.222,0,"Tank4","Control"
"5252",2025-07-05 04:55:54,25.222,0,"Tank4","Control"
"5253",2025-07-05 05:00:54,25.222,0,"Tank4","Control"
"5254",2025-07-05 05:05:54,25.125,0,"Tank4","Control"
"5255",2025-07-05 05:10:54,25.125,0,"Tank4","Control"
"5256",2025-07-05 05:15:54,25.319,0,"Tank4","Control"
"5257",2025-07-05 05:20:54,25.319,0,"Tank4","Control"
"5258",2025-07-05 05:25:54,25.319,0,"Tank4","Control"
"5259",2025-07-05 05:30:54,25.319,0,"Tank4","Control"
"5260",2025-07-05 05:35:54,25.319,0,"Tank4","Control"
"5261",2025-07-05 05:40:54,25.222,0,"Tank4","Control"
"5262",2025-07-05 05:45:54,25.222,0,"Tank4","Control"
"5263",2025-07-05 05:50:54,25.222,0,"Tank4","Control"
"5264",2025-07-05 05:55:54,25.125,0,"Tank4","Control"
"5265",2025-07-05 06:00:54,25.125,0,"Tank4","Control"
"5266",2025-07-05 06:05:54,25.222,0,"Tank4","Control"
"5267",2025-07-05 06:10:54,25.222,0,"Tank4","Control"
"5268",2025-07-05 06:15:54,25.222,0,"Tank4","Control"
"5269",2025-07-05 06:20:54,25.222,0,"Tank4","Control"
"5270",2025-07-05 06:25:54,25.125,0,"Tank4","Control"
"5271",2025-07-05 06:30:54,25.125,0,"Tank4","Control"
"5272",2025-07-05 06:35:54,25.319,0,"Tank4","Control"
"5273",2025-07-05 06:40:54,25.319,0,"Tank4","Control"
"5274",2025-07-05 06:45:54,25.319,0,"Tank4","Control"
"5275",2025-07-05 06:50:54,25.319,0,"Tank4","Control"
"5276",2025-07-05 06:55:54,25.222,0,"Tank4","Control"
"5277",2025-07-05 07:00:54,25.222,0,"Tank4","Control"
"5278",2025-07-05 07:05:54,25.222,0,"Tank4","Control"
"5279",2025-07-05 07:10:54,25.222,0,"Tank4","Control"
"5280",2025-07-05 07:15:54,25.125,0,"Tank4","Control"
"5281",2025-07-05 07:20:54,25.125,0,"Tank4","Control"
"5282",2025-07-05 07:25:54,25.319,0,"Tank4","Control"
"5283",2025-07-05 07:30:54,25.319,0,"Tank4","Control"
"5284",2025-07-05 07:35:54,25.319,0,"Tank4","Control"
"5285",2025-07-05 07:40:54,25.319,0,"Tank4","Control"
"5286",2025-07-05 07:45:54,25.222,0,"Tank4","Control"
"5287",2025-07-05 07:50:54,25.222,0,"Tank4","Control"
"5288",2025-07-05 07:55:54,25.222,0,"Tank4","Control"
"5289",2025-07-05 08:00:54,25.125,0,"Tank4","Control"
"5290",2025-07-05 08:05:54,25.125,0,"Tank4","Control"
"5291",2025-07-05 08:10:54,25.222,0,"Tank4","Control"
"5292",2025-07-05 08:15:54,25.319,0,"Tank4","Control"
"5293",2025-07-05 08:20:54,25.319,0,"Tank4","Control"
"5294",2025-07-05 08:25:54,25.222,0,"Tank4","Control"
"5295",2025-07-05 08:30:54,25.222,0,"Tank4","Control"
"5296",2025-07-05 08:35:54,25.222,0,"Tank4","Control"
"5297",2025-07-05 08:40:54,25.222,0,"Tank4","Control"
"5298",2025-07-05 08:45:54,25.222,0,"Tank4","Control"
"5299",2025-07-05 08:50:54,25.125,0,"Tank4","Control"
"5300",2025-07-05 08:55:54,25.125,0,"Tank4","Control"
"5301",2025-07-05 09:00:54,25.319,0,"Tank4","Control"
"5302",2025-07-05 09:05:54,25.319,0,"Tank4","Control"
"5303",2025-07-05 09:10:54,25.319,75.3,"Tank4","Control"
"5304",2025-07-05 09:15:54,25.319,139.9,"Tank4","Control"
"5305",2025-07-05 09:20:54,25.222,247.6,"Tank4","Control"
"5306",2025-07-05 09:25:54,25.222,193.8,"Tank4","Control"
"5307",2025-07-05 09:30:54,25.222,193.8,"Tank4","Control"
"5308",2025-07-05 09:35:54,25.222,204.5,"Tank4","Control"
"5309",2025-07-05 09:40:54,25.125,236.8,"Tank4","Control"
"5310",2025-07-05 09:45:54,25.222,193.8,"Tank4","Control"
"5311",2025-07-05 09:50:54,25.319,204.5,"Tank4","Control"
"5312",2025-07-05 09:55:54,25.319,312.2,"Tank4","Control"
"5313",2025-07-05 10:00:54,25.319,279.9,"Tank4","Control"
"5314",2025-07-05 10:05:54,25.222,269.1,"Tank4","Control"
"5315",2025-07-05 10:10:54,25.222,312.2,"Tank4","Control"
"5316",2025-07-05 10:15:54,25.222,290.6,"Tank4","Control"
"5317",2025-07-05 10:20:54,25.222,387.5,"Tank4","Control"
"5318",2025-07-05 10:25:54,25.319,344.4,"Tank4","Control"
"5319",2025-07-05 10:30:54,25.319,409,"Tank4","Control"
"5320",2025-07-05 10:35:54,25.319,322.9,"Tank4","Control"
"5321",2025-07-05 10:40:54,25.319,366,"Tank4","Control"
"5322",2025-07-05 10:45:54,25.319,452.1,"Tank4","Control"
"5323",2025-07-05 10:50:54,25.222,398.3,"Tank4","Control"
"5324",2025-07-05 10:55:54,25.222,409,"Tank4","Control"
"5325",2025-07-05 11:00:54,25.222,505.9,"Tank4","Control"
"5326",2025-07-05 11:05:54,25.222,516.7,"Tank4","Control"
"5327",2025-07-05 11:10:54,25.319,441.3,"Tank4","Control"
"5328",2025-07-05 11:15:54,25.416,581.3,"Tank4","Control"
"5329",2025-07-05 11:20:54,25.416,549,"Tank4","Control"
"5330",2025-07-05 11:25:54,25.319,516.7,"Tank4","Control"
"5331",2025-07-05 11:30:54,25.319,624.3,"Tank4","Control"
"5332",2025-07-05 11:35:54,25.319,635.1,"Tank4","Control"
"5333",2025-07-05 11:40:54,25.319,570.5,"Tank4","Control"
"5334",2025-07-05 11:45:54,25.319,592,"Tank4","Control"
"5335",2025-07-05 11:50:54,25.319,602.8,"Tank4","Control"
"5336",2025-07-05 11:55:54,25.222,667.4,"Tank4","Control"
"5337",2025-07-05 12:00:54,25.222,721.2,"Tank4","Control"
"5338",2025-07-05 12:05:54,25.222,753.5,"Tank4","Control"
"5339",2025-07-05 12:10:54,25.222,635.1,"Tank4","Control"
"5340",2025-07-05 12:15:54,25.222,613.5,"Tank4","Control"
"5341",2025-07-05 12:20:54,25.319,645.8,"Tank4","Control"
"5342",2025-07-05 12:25:54,25.319,656.6,"Tank4","Control"
"5343",2025-07-05 12:30:54,25.319,775,"Tank4","Control"
"5344",2025-07-05 12:35:54,25.319,699.7,"Tank4","Control"
"5345",2025-07-05 12:40:54,25.222,656.6,"Tank4","Control"
"5346",2025-07-05 12:45:54,25.222,656.6,"Tank4","Control"
"5347",2025-07-05 12:50:54,25.222,731.9,"Tank4","Control"
"5348",2025-07-05 12:55:54,25.222,721.2,"Tank4","Control"
"5349",2025-07-05 13:00:54,25.222,775,"Tank4","Control"
"5350",2025-07-05 13:05:54,25.222,645.8,"Tank4","Control"
"5351",2025-07-05 13:10:54,25.416,624.3,"Tank4","Control"
"5352",2025-07-05 13:15:54,25.416,764.2,"Tank4","Control"
"5353",2025-07-05 13:20:54,25.416,635.1,"Tank4","Control"
"5354",2025-07-05 13:25:54,25.319,710.4,"Tank4","Control"
"5355",2025-07-05 13:30:54,25.319,645.8,"Tank4","Control"
"5356",2025-07-05 13:35:54,25.319,656.6,"Tank4","Control"
"5357",2025-07-05 13:40:54,25.319,645.8,"Tank4","Control"
"5358",2025-07-05 13:45:54,25.319,710.4,"Tank4","Control"
"5359",2025-07-05 13:50:54,25.319,699.7,"Tank4","Control"
"5360",2025-07-05 13:55:54,25.319,764.2,"Tank4","Control"
"5361",2025-07-05 14:00:54,25.222,656.6,"Tank4","Control"
"5362",2025-07-05 14:05:54,25.222,721.2,"Tank4","Control"
"5363",2025-07-05 14:10:54,25.222,710.4,"Tank4","Control"
"5364",2025-07-05 14:15:54,25.222,635.1,"Tank4","Control"
"5365",2025-07-05 14:20:54,25.222,764.2,"Tank4","Control"
"5366",2025-07-05 14:25:54,25.222,764.2,"Tank4","Control"
"5367",2025-07-05 14:30:54,25.319,753.5,"Tank4","Control"
"5368",2025-07-05 14:35:54,25.319,624.3,"Tank4","Control"
"5369",2025-07-05 14:40:54,25.319,710.4,"Tank4","Control"
"5370",2025-07-05 14:45:54,25.319,645.8,"Tank4","Control"
"5371",2025-07-05 14:50:54,25.319,710.4,"Tank4","Control"
"5372",2025-07-05 14:55:54,25.319,764.2,"Tank4","Control"
"5373",2025-07-05 15:00:54,25.319,753.5,"Tank4","Control"
"5374",2025-07-05 15:05:54,25.222,624.3,"Tank4","Control"
"5375",2025-07-05 15:10:54,25.222,721.2,"Tank4","Control"
"5376",2025-07-05 15:15:54,25.222,764.2,"Tank4","Control"
"5377",2025-07-05 15:20:54,25.222,710.4,"Tank4","Control"
"5378",2025-07-05 15:25:54,25.222,656.6,"Tank4","Control"
"5379",2025-07-05 15:30:54,25.319,635.1,"Tank4","Control"
"5380",2025-07-05 15:35:54,25.416,764.2,"Tank4","Control"
"5381",2025-07-05 15:40:54,25.416,753.5,"Tank4","Control"
"5382",2025-07-05 15:45:54,25.319,742.7,"Tank4","Control"
"5383",2025-07-05 15:50:54,25.319,742.7,"Tank4","Control"
"5384",2025-07-05 15:55:54,25.319,678.1,"Tank4","Control"
"5385",2025-07-05 16:00:54,25.319,742.7,"Tank4","Control"
"5386",2025-07-05 16:05:54,25.319,635.1,"Tank4","Control"
"5387",2025-07-05 16:10:54,25.319,635.1,"Tank4","Control"
"5388",2025-07-05 16:15:54,25.319,699.7,"Tank4","Control"
"5389",2025-07-05 16:20:54,25.222,602.8,"Tank4","Control"
"5390",2025-07-05 16:25:54,25.222,624.3,"Tank4","Control"
"5391",2025-07-05 16:30:54,25.222,635.1,"Tank4","Control"
"5392",2025-07-05 16:35:54,25.222,527.4,"Tank4","Control"
"5393",2025-07-05 16:40:54,25.222,570.5,"Tank4","Control"
"5394",2025-07-05 16:45:54,25.222,559.7,"Tank4","Control"
"5395",2025-07-05 16:50:54,25.319,559.7,"Tank4","Control"
"5396",2025-07-05 16:55:54,25.319,473.6,"Tank4","Control"
"5397",2025-07-05 17:00:54,25.319,538.2,"Tank4","Control"
"5398",2025-07-05 17:05:54,25.319,441.3,"Tank4","Control"
"5399",2025-07-05 17:10:54,25.319,419.8,"Tank4","Control"
"5400",2025-07-05 17:15:54,25.319,495.1,"Tank4","Control"
"5401",2025-07-05 17:20:54,25.319,376.7,"Tank4","Control"
"5402",2025-07-05 17:25:54,25.222,376.7,"Tank4","Control"
"5403",2025-07-05 17:30:54,25.222,376.7,"Tank4","Control"
"5404",2025-07-05 17:35:54,25.222,366,"Tank4","Control"
"5405",2025-07-05 17:40:54,25.222,344.4,"Tank4","Control"
"5406",2025-07-05 17:45:54,25.222,333.7,"Tank4","Control"
"5407",2025-07-05 17:50:54,25.125,312.2,"Tank4","Control"
"5408",2025-07-05 17:55:54,25.319,430.6,"Tank4","Control"
"5409",2025-07-05 18:00:54,25.319,301.4,"Tank4","Control"
"5410",2025-07-05 18:05:54,25.319,344.4,"Tank4","Control"
"5411",2025-07-05 18:10:54,25.319,301.4,"Tank4","Control"
"5412",2025-07-05 18:15:54,25.319,322.9,"Tank4","Control"
"5413",2025-07-05 18:20:54,25.319,290.6,"Tank4","Control"
"5414",2025-07-05 18:25:54,25.222,193.8,"Tank4","Control"
"5415",2025-07-05 18:30:54,25.222,258.3,"Tank4","Control"
"5416",2025-07-05 18:35:54,25.222,204.5,"Tank4","Control"
"5417",2025-07-05 18:40:54,25.222,183,"Tank4","Control"
"5418",2025-07-05 18:45:54,25.125,183,"Tank4","Control"
"5419",2025-07-05 18:50:54,25.222,107.6,"Tank4","Control"
"5420",2025-07-05 18:55:54,25.319,64.6,"Tank4","Control"
"5421",2025-07-05 19:00:54,25.319,172.2,"Tank4","Control"
"5422",2025-07-05 19:05:54,25.319,43.1,"Tank4","Control"
"5423",2025-07-05 19:10:54,25.319,10.8,"Tank4","Control"
"5424",2025-07-05 19:15:54,25.319,107.6,"Tank4","Control"
"5425",2025-07-05 19:20:54,25.319,32.3,"Tank4","Control"
"5426",2025-07-05 19:25:54,25.222,107.6,"Tank4","Control"
"5427",2025-07-05 19:30:54,25.222,96.9,"Tank4","Control"
"5428",2025-07-05 19:35:54,25.222,53.8,"Tank4","Control"
"5429",2025-07-05 19:40:54,25.222,10.8,"Tank4","Control"
"5430",2025-07-05 19:45:54,25.125,21.5,"Tank4","Control"
"5431",2025-07-05 19:50:54,25.222,10.8,"Tank4","Control"
"5432",2025-07-05 19:55:54,25.319,0,"Tank4","Control"
"5433",2025-07-05 20:00:54,25.319,0,"Tank4","Control"
"5434",2025-07-05 20:05:54,25.319,0,"Tank4","Control"
"5435",2025-07-05 20:10:54,25.319,0,"Tank4","Control"
"5436",2025-07-05 20:15:54,25.222,0,"Tank4","Control"
"5437",2025-07-05 20:20:54,25.222,0,"Tank4","Control"
"5438",2025-07-05 20:25:54,25.222,0,"Tank4","Control"
"5439",2025-07-05 20:30:54,25.222,0,"Tank4","Control"
"5440",2025-07-05 20:35:54,25.125,0,"Tank4","Control"
"5441",2025-07-05 20:40:54,25.125,0,"Tank4","Control"
"5442",2025-07-05 20:45:54,25.319,0,"Tank4","Control"
"5443",2025-07-05 20:50:54,25.319,0,"Tank4","Control"
"5444",2025-07-05 20:55:54,25.319,0,"Tank4","Control"
"5445",2025-07-05 21:00:54,25.222,0,"Tank4","Control"
"5446",2025-07-05 21:05:54,25.222,0,"Tank4","Control"
"5447",2025-07-05 21:10:54,25.222,0,"Tank4","Control"
"5448",2025-07-05 21:15:54,25.125,0,"Tank4","Control"
"5449",2025-07-05 21:20:54,25.125,0,"Tank4","Control"
"5450",2025-07-05 21:25:54,25.319,0,"Tank4","Control"
"5451",2025-07-05 21:30:54,25.319,0,"Tank4","Control"
"5452",2025-07-05 21:35:54,25.319,0,"Tank4","Control"
"5453",2025-07-05 21:40:54,25.319,0,"Tank4","Control"
"5454",2025-07-05 21:45:54,25.222,0,"Tank4","Control"
"5455",2025-07-05 21:50:54,25.222,0,"Tank4","Control"
"5456",2025-07-05 21:55:54,25.222,0,"Tank4","Control"
"5457",2025-07-05 22:00:54,25.222,0,"Tank4","Control"
"5458",2025-07-05 22:05:54,25.125,0,"Tank4","Control"
"5459",2025-07-05 22:10:54,25.319,0,"Tank4","Control"
"5460",2025-07-05 22:15:54,25.319,0,"Tank4","Control"
"5461",2025-07-05 22:20:54,25.319,0,"Tank4","Control"
"5462",2025-07-05 22:25:54,25.222,0,"Tank4","Control"
"5463",2025-07-05 22:30:54,25.222,0,"Tank4","Control"
"5464",2025-07-05 22:35:54,25.222,0,"Tank4","Control"
"5465",2025-07-05 22:40:54,25.125,0,"Tank4","Control"
"5466",2025-07-05 22:45:54,25.125,0,"Tank4","Control"
"5467",2025-07-05 22:50:54,25.222,0,"Tank4","Control"
"5468",2025-07-05 22:55:54,25.222,0,"Tank4","Control"
"5469",2025-07-05 23:00:54,25.222,0,"Tank4","Control"
"5470",2025-07-05 23:05:54,25.222,0,"Tank4","Control"
"5471",2025-07-05 23:10:54,25.125,0,"Tank4","Control"
"5472",2025-07-05 23:15:54,25.319,0,"Tank4","Control"
"5473",2025-07-05 23:20:54,25.319,0,"Tank4","Control"
"5474",2025-07-05 23:25:54,25.319,0,"Tank4","Control"
"5475",2025-07-05 23:30:54,25.319,0,"Tank4","Control"
"5476",2025-07-05 23:35:54,25.319,0,"Tank4","Control"
"5477",2025-07-05 23:40:54,25.222,0,"Tank4","Control"
"5478",2025-07-05 23:45:54,25.222,0,"Tank4","Control"
"5479",2025-07-05 23:50:54,25.222,0,"Tank4","Control"
"5480",2025-07-05 23:55:54,25.222,0,"Tank4","Control"
"5481",2025-07-06 00:00:54,25.125,0,"Tank4","Control"
"5482",2025-07-06 00:05:54,25.222,0,"Tank4","Control"
"5483",2025-07-06 00:10:54,25.319,0,"Tank4","Control"
"5484",2025-07-06 00:15:54,25.319,0,"Tank4","Control"
"5485",2025-07-06 00:20:54,25.319,0,"Tank4","Control"
"5486",2025-07-06 00:25:54,25.222,0,"Tank4","Control"
"5487",2025-07-06 00:30:54,25.222,0,"Tank4","Control"
"5488",2025-07-06 00:35:54,25.222,0,"Tank4","Control"
"5489",2025-07-06 00:40:54,25.222,0,"Tank4","Control"
"5490",2025-07-06 00:45:54,25.125,0,"Tank4","Control"
"5491",2025-07-06 00:50:54,25.125,0,"Tank4","Control"
"5492",2025-07-06 00:55:54,25.319,0,"Tank4","Control"
"5493",2025-07-06 01:00:54,25.319,0,"Tank4","Control"
"5494",2025-07-06 01:05:54,25.319,0,"Tank4","Control"
"5495",2025-07-06 01:10:54,25.319,0,"Tank4","Control"
"5496",2025-07-06 01:15:54,25.222,0,"Tank4","Control"
"5497",2025-07-06 01:20:54,25.222,0,"Tank4","Control"
"5498",2025-07-06 01:25:54,25.222,0,"Tank4","Control"
"5499",2025-07-06 01:30:54,25.125,0,"Tank4","Control"
"5500",2025-07-06 01:35:54,25.125,0,"Tank4","Control"
"5501",2025-07-06 01:40:54,25.222,0,"Tank4","Control"
"5502",2025-07-06 01:45:54,25.319,0,"Tank4","Control"
"5503",2025-07-06 01:50:54,25.319,0,"Tank4","Control"
"5504",2025-07-06 01:55:54,25.319,0,"Tank4","Control"
"5505",2025-07-06 02:00:54,25.319,0,"Tank4","Control"
"5506",2025-07-06 02:05:54,25.222,0,"Tank4","Control"
"5507",2025-07-06 02:10:54,25.222,0,"Tank4","Control"
"5508",2025-07-06 02:15:54,25.222,0,"Tank4","Control"
"5509",2025-07-06 02:20:54,25.222,0,"Tank4","Control"
"5510",2025-07-06 02:25:54,25.125,0,"Tank4","Control"
"5511",2025-07-06 02:30:54,25.222,0,"Tank4","Control"
"5512",2025-07-06 02:35:54,25.319,0,"Tank4","Control"
"5513",2025-07-06 02:40:54,25.319,0,"Tank4","Control"
"5514",2025-07-06 02:45:54,25.319,0,"Tank4","Control"
"5515",2025-07-06 02:50:54,25.319,0,"Tank4","Control"
"5516",2025-07-06 02:55:54,25.222,0,"Tank4","Control"
"5517",2025-07-06 03:00:54,25.222,0,"Tank4","Control"
"5518",2025-07-06 03:05:54,25.222,0,"Tank4","Control"
"5519",2025-07-06 03:10:54,25.222,0,"Tank4","Control"
"5520",2025-07-06 03:15:54,25.125,0,"Tank4","Control"
"5521",2025-07-06 03:20:54,25.222,0,"Tank4","Control"
"5522",2025-07-06 03:25:54,25.319,0,"Tank4","Control"
"5523",2025-07-06 03:30:54,25.319,0,"Tank4","Control"
"5524",2025-07-06 03:35:54,25.319,0,"Tank4","Control"
"5525",2025-07-06 03:40:54,25.319,0,"Tank4","Control"
"5526",2025-07-06 03:45:54,25.222,0,"Tank4","Control"
"5527",2025-07-06 03:50:54,25.222,0,"Tank4","Control"
"5528",2025-07-06 03:55:54,25.222,0,"Tank4","Control"
"5529",2025-07-06 04:00:54,25.222,0,"Tank4","Control"
"5530",2025-07-06 04:05:54,25.222,0,"Tank4","Control"
"5531",2025-07-06 04:10:54,25.125,0,"Tank4","Control"
"5532",2025-07-06 04:15:54,25.222,0,"Tank4","Control"
"5533",2025-07-06 04:20:54,25.319,0,"Tank4","Control"
"5534",2025-07-06 04:25:54,25.319,0,"Tank4","Control"
"5535",2025-07-06 04:30:54,25.222,0,"Tank4","Control"
"5536",2025-07-06 04:35:54,25.222,0,"Tank4","Control"
"5537",2025-07-06 04:40:54,25.222,0,"Tank4","Control"
"5538",2025-07-06 04:45:54,25.222,0,"Tank4","Control"
"5539",2025-07-06 04:50:54,25.125,0,"Tank4","Control"
"5540",2025-07-06 04:55:54,25.125,0,"Tank4","Control"
"5541",2025-07-06 05:00:54,25.319,0,"Tank4","Control"
"5542",2025-07-06 05:05:54,25.319,0,"Tank4","Control"
"5543",2025-07-06 05:10:54,25.319,0,"Tank4","Control"
"5544",2025-07-06 05:15:54,25.319,0,"Tank4","Control"
"5545",2025-07-06 05:20:54,25.319,0,"Tank4","Control"
"5546",2025-07-06 05:25:54,25.222,0,"Tank4","Control"
"5547",2025-07-06 05:30:54,25.222,0,"Tank4","Control"
"5548",2025-07-06 05:35:54,25.222,0,"Tank4","Control"
"5549",2025-07-06 05:40:54,25.222,0,"Tank4","Control"
"5550",2025-07-06 05:45:54,25.125,0,"Tank4","Control"
"5551",2025-07-06 05:50:54,25.125,0,"Tank4","Control"
"5552",2025-07-06 05:55:54,25.319,0,"Tank4","Control"
"5553",2025-07-06 06:00:54,25.319,0,"Tank4","Control"
"5554",2025-07-06 06:05:54,25.319,0,"Tank4","Control"
"5555",2025-07-06 06:10:54,25.319,0,"Tank4","Control"
"5556",2025-07-06 06:15:54,25.222,0,"Tank4","Control"
"5557",2025-07-06 06:20:54,25.222,0,"Tank4","Control"
"5558",2025-07-06 06:25:54,25.222,0,"Tank4","Control"
"5559",2025-07-06 06:30:54,25.222,0,"Tank4","Control"
"5560",2025-07-06 06:35:54,25.125,0,"Tank4","Control"
"5561",2025-07-06 06:40:54,25.125,0,"Tank4","Control"
"5562",2025-07-06 06:45:54,25.222,0,"Tank4","Control"
"5563",2025-07-06 06:50:54,25.319,0,"Tank4","Control"
"5564",2025-07-06 06:55:54,25.319,0,"Tank4","Control"
"5565",2025-07-06 07:00:54,25.319,0,"Tank4","Control"
"5566",2025-07-06 07:05:54,25.319,0,"Tank4","Control"
"5567",2025-07-06 07:10:54,25.222,0,"Tank4","Control"
"5568",2025-07-06 07:15:54,25.222,0,"Tank4","Control"
"5569",2025-07-06 07:20:54,25.222,0,"Tank4","Control"
"5570",2025-07-06 07:25:54,25.222,0,"Tank4","Control"
"5571",2025-07-06 07:30:54,25.125,0,"Tank4","Control"
"5572",2025-07-06 07:35:54,25.125,0,"Tank4","Control"
"5573",2025-07-06 07:40:54,25.319,0,"Tank4","Control"
"5574",2025-07-06 07:45:54,25.319,0,"Tank4","Control"
"5575",2025-07-06 07:50:54,25.319,0,"Tank4","Control"
"5576",2025-07-06 07:55:54,25.319,0,"Tank4","Control"
"5577",2025-07-06 08:00:54,25.222,0,"Tank4","Control"
"5578",2025-07-06 08:05:54,25.222,0,"Tank4","Control"
"5579",2025-07-06 08:10:54,25.222,0,"Tank4","Control"
"5580",2025-07-06 08:15:54,25.125,0,"Tank4","Control"
"5581",2025-07-06 08:20:54,25.125,0,"Tank4","Control"
"5582",2025-07-06 08:25:54,25.319,21.5,"Tank4","Control"
"5583",2025-07-06 08:30:54,25.319,10.8,"Tank4","Control"
"5584",2025-07-06 08:35:54,25.319,21.5,"Tank4","Control"
"5585",2025-07-06 08:40:54,25.319,129.2,"Tank4","Control"
"5586",2025-07-06 08:45:54,25.319,193.8,"Tank4","Control"
"5587",2025-07-06 08:50:54,25.222,96.9,"Tank4","Control"
"5588",2025-07-06 08:55:54,25.222,53.8,"Tank4","Control"
"5589",2025-07-06 09:00:54,25.222,86.1,"Tank4","Control"
"5590",2025-07-06 09:05:54,25.125,96.9,"Tank4","Control"
"5591",2025-07-06 09:10:54,25.125,107.6,"Tank4","Control"
"5592",2025-07-06 09:15:54,25.319,139.9,"Tank4","Control"
"5593",2025-07-06 09:20:54,25.319,150.7,"Tank4","Control"
"5594",2025-07-06 09:25:54,25.319,139.9,"Tank4","Control"
"5595",2025-07-06 09:30:54,25.319,129.2,"Tank4","Control"
"5596",2025-07-06 09:35:54,25.319,193.8,"Tank4","Control"
"5597",2025-07-06 09:40:54,25.222,161.5,"Tank4","Control"
"5598",2025-07-06 09:45:54,25.222,247.6,"Tank4","Control"
"5599",2025-07-06 09:50:54,25.222,0,"Tank4","Control"
"5600",2025-07-06 09:55:54,25.222,0,"Tank4","Control"
"5601",2025-07-06 10:00:54,25.222,0,"Tank4","Control"
"5602",2025-07-06 10:05:54,25.125,0,"Tank4","Control"
"5603",2025-07-06 10:10:54,25.222,0,"Tank4","Control"
"5604",2025-07-06 10:15:54,25.319,0,"Tank4","Control"
"5605",2025-07-06 10:20:54,25.222,0,"Tank4","Control"
"5606",2025-07-06 10:25:54,25.222,0,"Tank4","Control"
"5607",2025-07-06 10:30:54,25.222,0,"Tank4","Control"
"5608",2025-07-06 10:35:54,25.222,0,"Tank4","Control"
"5609",2025-07-06 10:40:54,25.125,0,"Tank4","Control"
"5610",2025-07-06 10:45:54,25.222,0,"Tank4","Control"
"5611",2025-07-06 10:50:54,25.319,0,"Tank4","Control"
"5612",2025-07-06 10:55:54,25.319,0,"Tank4","Control"
"5613",2025-07-06 11:00:54,25.319,0,"Tank4","Control"
"5614",2025-07-06 11:05:54,25.319,0,"Tank4","Control"
"5615",2025-07-06 11:10:54,25.319,0,"Tank4","Control"
"5616",2025-07-06 11:15:54,25.222,21.5,"Tank4","Control"
"5617",2025-07-06 11:20:54,25.222,613.5,"Tank4","Control"
"5618",2025-07-06 11:25:54,25.222,613.5,"Tank4","Control"
"5619",2025-07-06 11:30:54,25.222,667.4,"Tank4","Control"
"5620",2025-07-06 11:35:54,25.222,549,"Tank4","Control"
"5621",2025-07-06 11:40:54,25.222,516.7,"Tank4","Control"
"5622",2025-07-06 11:45:54,25.319,592,"Tank4","Control"
"5623",2025-07-06 11:50:54,25.61,688.9,"Tank4","Control"
"5624",2025-07-06 11:55:54,25.61,613.5,"Tank4","Control"
"5625",2025-07-06 12:00:54,25.61,688.9,"Tank4","Control"
"5626",2025-07-06 12:05:54,25.61,731.9,"Tank4","Control"
"5627",2025-07-06 12:10:54,25.513,635.1,"Tank4","Control"
"5628",2025-07-06 12:15:54,25.513,656.6,"Tank4","Control"
"5629",2025-07-06 12:20:54,25.513,624.3,"Tank4","Control"
"5630",2025-07-06 12:25:54,25.513,710.4,"Tank4","Control"
"5631",2025-07-06 12:30:54,25.513,742.7,"Tank4","Control"
"5632",2025-07-06 12:35:54,25.416,624.3,"Tank4","Control"
"5633",2025-07-06 12:40:54,25.416,731.9,"Tank4","Control"
"5634",2025-07-06 12:45:54,25.416,721.2,"Tank4","Control"
"5635",2025-07-06 12:50:54,25.416,721.2,"Tank4","Control"
"5636",2025-07-06 12:55:54,25.416,688.9,"Tank4","Control"
"5637",2025-07-06 13:00:54,25.416,742.7,"Tank4","Control"
"5638",2025-07-06 13:05:54,25.319,635.1,"Tank4","Control"
"5639",2025-07-06 13:10:54,25.319,602.8,"Tank4","Control"
"5640",2025-07-06 13:15:54,25.319,721.2,"Tank4","Control"
"5641",2025-07-06 13:20:54,25.319,688.9,"Tank4","Control"
"5642",2025-07-06 13:25:54,25.513,699.7,"Tank4","Control"
"5643",2025-07-06 13:30:54,25.513,624.3,"Tank4","Control"
"5644",2025-07-06 13:35:54,25.513,699.7,"Tank4","Control"
"5645",2025-07-06 13:40:54,25.513,624.3,"Tank4","Control"
"5646",2025-07-06 13:45:54,25.513,699.7,"Tank4","Control"
"5647",2025-07-06 13:50:54,25.416,613.5,"Tank4","Control"
"5648",2025-07-06 13:55:54,25.416,678.1,"Tank4","Control"
"5649",2025-07-06 14:00:54,25.416,624.3,"Tank4","Control"
"5650",2025-07-06 14:05:54,25.416,624.3,"Tank4","Control"
"5651",2025-07-06 14:10:54,25.416,699.7,"Tank4","Control"
"5652",2025-07-06 14:15:54,25.416,721.2,"Tank4","Control"
"5653",2025-07-06 14:20:54,25.416,710.4,"Tank4","Control"
"5654",2025-07-06 14:25:54,25.319,635.1,"Tank4","Control"
"5655",2025-07-06 14:30:54,25.319,624.3,"Tank4","Control"
"5656",2025-07-06 14:35:54,25.319,742.7,"Tank4","Control"
"5657",2025-07-06 14:40:54,25.319,721.2,"Tank4","Control"
"5658",2025-07-06 14:45:54,25.416,731.9,"Tank4","Control"
"5659",2025-07-06 14:50:54,25.416,699.7,"Tank4","Control"
"5660",2025-07-06 14:55:54,25.416,667.4,"Tank4","Control"
"5661",2025-07-06 15:00:54,25.416,742.7,"Tank4","Control"
"5662",2025-07-06 15:05:54,25.416,688.9,"Tank4","Control"
"5663",2025-07-06 15:10:54,25.416,624.3,"Tank4","Control"
"5664",2025-07-06 15:15:54,25.416,721.2,"Tank4","Control"
"5665",2025-07-06 15:20:54,25.416,688.9,"Tank4","Control"
"5666",2025-07-06 15:25:54,25.319,624.3,"Tank4","Control"
"5667",2025-07-06 15:30:54,25.319,613.5,"Tank4","Control"
"5668",2025-07-06 15:35:54,25.319,624.3,"Tank4","Control"
"5669",2025-07-06 15:40:54,25.319,742.7,"Tank4","Control"
"5670",2025-07-06 15:45:54,25.416,624.3,"Tank4","Control"
"5671",2025-07-06 15:50:54,25.416,721.2,"Tank4","Control"
"5672",2025-07-06 15:55:54,25.416,624.3,"Tank4","Control"
"5673",2025-07-06 16:00:54,25.416,710.4,"Tank4","Control"
"5674",2025-07-06 16:05:54,25.416,688.9,"Tank4","Control"
"5675",2025-07-06 16:10:54,25.416,656.6,"Tank4","Control"
"5676",2025-07-06 16:15:54,25.416,710.4,"Tank4","Control"
"5677",2025-07-06 16:20:54,25.416,538.2,"Tank4","Control"
"5678",2025-07-06 16:25:54,25.319,559.7,"Tank4","Control"
"5679",2025-07-06 16:30:54,25.319,505.9,"Tank4","Control"
"5680",2025-07-06 16:35:54,25.319,505.9,"Tank4","Control"
"5681",2025-07-06 16:40:54,25.319,484.4,"Tank4","Control"
"5682",2025-07-06 16:45:54,25.416,559.7,"Tank4","Control"
"5683",2025-07-06 16:50:54,25.513,452.1,"Tank4","Control"
"5684",2025-07-06 16:55:54,25.513,538.2,"Tank4","Control"
"5685",2025-07-06 17:00:54,25.513,430.6,"Tank4","Control"
"5686",2025-07-06 17:05:54,25.513,398.3,"Tank4","Control"
"5687",2025-07-06 17:10:54,25.416,419.8,"Tank4","Control"
"5688",2025-07-06 17:15:54,25.416,398.3,"Tank4","Control"
"5689",2025-07-06 17:20:54,25.416,398.3,"Tank4","Control"
"5690",2025-07-06 17:25:54,25.416,366,"Tank4","Control"
"5691",2025-07-06 17:30:54,25.319,322.9,"Tank4","Control"
"5692",2025-07-06 17:35:54,25.319,312.2,"Tank4","Control"
"5693",2025-07-06 17:40:54,25.319,279.9,"Tank4","Control"
"5694",2025-07-06 17:45:54,25.319,409,"Tank4","Control"
"5695",2025-07-06 17:50:54,25.319,387.5,"Tank4","Control"
"5696",2025-07-06 17:55:54,25.319,258.3,"Tank4","Control"
"5697",2025-07-06 18:00:54,25.319,247.6,"Tank4","Control"
"5698",2025-07-06 18:05:54,25.222,258.3,"Tank4","Control"
"5699",2025-07-06 18:10:54,25.222,226,"Tank4","Control"
"5700",2025-07-06 18:15:54,25.222,322.9,"Tank4","Control"
"5701",2025-07-06 18:20:54,25.125,236.8,"Tank4","Control"
"5702",2025-07-06 18:25:54,25.125,172.2,"Tank4","Control"
"5703",2025-07-06 18:30:54,25.125,183,"Tank4","Control"
"5704",2025-07-06 18:35:54,25.028,150.7,"Tank4","Control"
"5705",2025-07-06 18:40:54,25.319,118.4,"Tank4","Control"
"5706",2025-07-06 18:45:54,25.513,226,"Tank4","Control"
"5707",2025-07-06 18:50:54,25.513,258.3,"Tank4","Control"
"5708",2025-07-06 18:55:54,25.513,53.8,"Tank4","Control"
"5709",2025-07-06 19:00:54,25.416,86.1,"Tank4","Control"
"5710",2025-07-06 19:05:54,25.416,118.4,"Tank4","Control"
"5711",2025-07-06 19:10:54,25.416,129.2,"Tank4","Control"
"5712",2025-07-06 19:15:54,25.319,86.1,"Tank4","Control"
"5713",2025-07-06 19:20:54,25.319,64.6,"Tank4","Control"
"5714",2025-07-06 19:25:54,25.319,32.3,"Tank4","Control"
"5715",2025-07-06 19:30:54,25.222,21.5,"Tank4","Control"
"5716",2025-07-06 19:35:54,25.222,43.1,"Tank4","Control"
"5717",2025-07-06 19:40:54,25.319,32.3,"Tank4","Control"
"5718",2025-07-06 19:45:54,25.319,21.5,"Tank4","Control"
"5719",2025-07-06 19:50:54,25.319,0,"Tank4","Control"
"5720",2025-07-06 19:55:54,25.319,0,"Tank4","Control"
"5721",2025-07-06 20:00:54,25.319,0,"Tank4","Control"
"5722",2025-07-06 20:05:54,25.222,0,"Tank4","Control"
"5723",2025-07-06 20:10:54,25.222,0,"Tank4","Control"
"5724",2025-07-06 20:15:54,25.319,0,"Tank4","Control"
"5725",2025-07-06 20:20:54,25.416,0,"Tank4","Control"
"5726",2025-07-06 20:25:54,25.416,0,"Tank4","Control"
"5727",2025-07-06 20:30:54,25.319,0,"Tank4","Control"
"5728",2025-07-06 20:35:54,25.319,0,"Tank4","Control"
"5729",2025-07-06 20:40:54,25.319,0,"Tank4","Control"
"5730",2025-07-06 20:45:54,25.222,0,"Tank4","Control"
"5731",2025-07-06 20:50:54,25.222,0,"Tank4","Control"
"5732",2025-07-06 20:55:54,25.222,0,"Tank4","Control"
"5733",2025-07-06 21:00:54,25.416,0,"Tank4","Control"
"5734",2025-07-06 21:05:54,25.319,0,"Tank4","Control"
"5735",2025-07-06 21:10:54,25.319,0,"Tank4","Control"
"5736",2025-07-06 21:15:54,25.319,0,"Tank4","Control"
"5737",2025-07-06 21:20:54,25.319,0,"Tank4","Control"
"5738",2025-07-06 21:25:54,25.222,0,"Tank4","Control"
"5739",2025-07-06 21:30:54,25.222,0,"Tank4","Control"
"5740",2025-07-06 21:35:54,25.222,0,"Tank4","Control"
"5741",2025-07-06 21:40:54,25.416,0,"Tank4","Control"
"5742",2025-07-06 21:45:54,25.416,0,"Tank4","Control"
"5743",2025-07-06 21:50:54,25.319,0,"Tank4","Control"
"5744",2025-07-06 21:55:54,25.319,0,"Tank4","Control"
"5745",2025-07-06 22:00:54,25.319,0,"Tank4","Control"
"5746",2025-07-06 22:05:54,25.222,0,"Tank4","Control"
"5747",2025-07-06 22:10:54,25.222,0,"Tank4","Control"
"5748",2025-07-06 22:15:54,25.222,0,"Tank4","Control"
"5749",2025-07-06 22:20:54,25.416,0,"Tank4","Control"
"5750",2025-07-06 22:25:54,25.416,0,"Tank4","Control"
"5751",2025-07-06 22:30:54,25.416,0,"Tank4","Control"
"5752",2025-07-06 22:35:54,25.319,0,"Tank4","Control"
"5753",2025-07-06 22:40:54,25.319,0,"Tank4","Control"
"5754",2025-07-06 22:45:54,25.319,0,"Tank4","Control"
"5755",2025-07-06 22:50:54,25.319,0,"Tank4","Control"
"5756",2025-07-06 22:55:54,25.222,0,"Tank4","Control"
"5757",2025-07-06 23:00:54,25.222,0,"Tank4","Control"
"5758",2025-07-06 23:05:54,25.319,0,"Tank4","Control"
"5759",2025-07-06 23:10:54,25.416,0,"Tank4","Control"
"5760",2025-07-06 23:15:54,25.416,0,"Tank4","Control"
"5761",2025-07-06 23:20:54,25.319,0,"Tank4","Control"
"5762",2025-07-06 23:25:54,25.319,0,"Tank4","Control"
"5763",2025-07-06 23:30:54,25.319,0,"Tank4","Control"
"5764",2025-07-06 23:35:54,25.319,0,"Tank4","Control"
"5765",2025-07-06 23:40:54,25.222,0,"Tank4","Control"
"5766",2025-07-06 23:45:54,25.222,0,"Tank4","Control"
"5767",2025-07-06 23:50:54,25.319,0,"Tank4","Control"
"5768",2025-07-06 23:55:54,25.416,0,"Tank4","Control"
"5769",2025-07-07 00:00:54,25.416,0,"Tank4","Control"
"5770",2025-07-07 00:05:54,25.319,0,"Tank4","Control"
"5771",2025-07-07 00:10:54,25.319,0,"Tank4","Control"
"5772",2025-07-07 00:15:54,25.319,0,"Tank4","Control"
"5773",2025-07-07 00:20:54,25.319,0,"Tank4","Control"
"5774",2025-07-07 00:25:54,25.222,0,"Tank4","Control"
"5775",2025-07-07 00:30:54,25.222,0,"Tank4","Control"
"5776",2025-07-07 00:35:54,25.319,0,"Tank4","Control"
"5777",2025-07-07 00:40:54,25.416,0,"Tank4","Control"
"5778",2025-07-07 00:45:54,25.416,0,"Tank4","Control"
"5779",2025-07-07 00:50:54,25.319,0,"Tank4","Control"
"5780",2025-07-07 00:55:54,25.319,0,"Tank4","Control"
"5781",2025-07-07 01:00:54,25.319,0,"Tank4","Control"
"5782",2025-07-07 01:05:54,25.222,0,"Tank4","Control"
"5783",2025-07-07 01:10:54,25.222,0,"Tank4","Control"
"5784",2025-07-07 01:15:54,25.222,0,"Tank4","Control"
"5785",2025-07-07 01:20:54,25.319,0,"Tank4","Control"
"5786",2025-07-07 01:25:54,25.416,0,"Tank4","Control"
"5787",2025-07-07 01:30:54,25.416,0,"Tank4","Control"
"5788",2025-07-07 01:35:54,25.416,0,"Tank4","Control"
"5789",2025-07-07 01:40:54,25.319,0,"Tank4","Control"
"5790",2025-07-07 01:45:54,25.319,0,"Tank4","Control"
"5791",2025-07-07 01:50:54,25.319,0,"Tank4","Control"
"5792",2025-07-07 01:55:54,25.222,0,"Tank4","Control"
"5793",2025-07-07 02:00:54,25.222,0,"Tank4","Control"
"5794",2025-07-07 02:05:54,25.222,0,"Tank4","Control"
"5795",2025-07-07 02:10:54,25.319,0,"Tank4","Control"
"5796",2025-07-07 02:15:54,25.416,0,"Tank4","Control"
"5797",2025-07-07 02:20:54,25.416,0,"Tank4","Control"
"5798",2025-07-07 02:25:54,25.319,0,"Tank4","Control"
"5799",2025-07-07 02:30:54,25.319,0,"Tank4","Control"
"5800",2025-07-07 02:35:54,25.319,0,"Tank4","Control"
"5801",2025-07-07 02:40:54,25.222,0,"Tank4","Control"
"5802",2025-07-07 02:45:54,25.222,0,"Tank4","Control"
"5803",2025-07-07 02:50:54,25.222,0,"Tank4","Control"
"5804",2025-07-07 02:55:54,25.319,0,"Tank4","Control"
"5805",2025-07-07 03:00:54,25.416,0,"Tank4","Control"
"5806",2025-07-07 03:05:54,25.416,0,"Tank4","Control"
"5807",2025-07-07 03:10:54,25.319,0,"Tank4","Control"
"5808",2025-07-07 03:15:54,25.319,0,"Tank4","Control"
"5809",2025-07-07 03:20:54,25.319,0,"Tank4","Control"
"5810",2025-07-07 03:25:54,25.222,0,"Tank4","Control"
"5811",2025-07-07 03:30:54,25.222,0,"Tank4","Control"
"5812",2025-07-07 03:35:54,25.222,0,"Tank4","Control"
"5813",2025-07-07 03:40:54,25.319,0,"Tank4","Control"
"5814",2025-07-07 03:45:54,25.416,0,"Tank4","Control"
"5815",2025-07-07 03:50:54,25.416,0,"Tank4","Control"
"5816",2025-07-07 03:55:54,25.319,0,"Tank4","Control"
"5817",2025-07-07 04:00:54,25.319,0,"Tank4","Control"
"5818",2025-07-07 04:05:54,25.319,0,"Tank4","Control"
"5819",2025-07-07 04:10:54,25.222,0,"Tank4","Control"
"5820",2025-07-07 04:15:54,25.222,0,"Tank4","Control"
"5821",2025-07-07 04:20:54,25.222,0,"Tank4","Control"
"5822",2025-07-07 04:25:54,25.416,0,"Tank4","Control"
"5823",2025-07-07 04:30:54,25.416,0,"Tank4","Control"
"5824",2025-07-07 04:35:54,25.416,0,"Tank4","Control"
"5825",2025-07-07 04:40:54,25.319,0,"Tank4","Control"
"5826",2025-07-07 04:45:54,25.319,0,"Tank4","Control"
"5827",2025-07-07 04:50:54,25.319,0,"Tank4","Control"
"5828",2025-07-07 04:55:54,25.222,0,"Tank4","Control"
"5829",2025-07-07 05:00:54,25.222,0,"Tank4","Control"
"5830",2025-07-07 05:05:54,25.222,0,"Tank4","Control"
"5831",2025-07-07 05:10:54,25.416,0,"Tank4","Control"
"5832",2025-07-07 05:15:54,25.416,0,"Tank4","Control"
"5833",2025-07-07 05:20:54,25.416,0,"Tank4","Control"
"5834",2025-07-07 05:25:54,25.416,0,"Tank4","Control"
"5835",2025-07-07 05:30:54,25.319,0,"Tank4","Control"
"5836",2025-07-07 05:35:54,25.319,0,"Tank4","Control"
"5837",2025-07-07 05:40:54,25.319,0,"Tank4","Control"
"5838",2025-07-07 05:45:54,25.222,0,"Tank4","Control"
"5839",2025-07-07 05:50:54,25.222,0,"Tank4","Control"
"5840",2025-07-07 05:55:54,25.222,0,"Tank4","Control"
"5841",2025-07-07 06:00:54,25.416,0,"Tank4","Control"
"5842",2025-07-07 06:05:54,25.416,0,"Tank4","Control"
"5843",2025-07-07 06:10:54,25.319,0,"Tank4","Control"
"5844",2025-07-07 06:15:54,25.319,0,"Tank4","Control"
"5845",2025-07-07 06:20:54,25.319,0,"Tank4","Control"
"5846",2025-07-07 06:25:54,25.319,0,"Tank4","Control"
"5847",2025-07-07 06:30:54,25.222,0,"Tank4","Control"
"5848",2025-07-07 06:35:54,25.222,0,"Tank4","Control"
"5849",2025-07-07 06:40:54,25.222,0,"Tank4","Control"
"5850",2025-07-07 06:45:54,25.416,0,"Tank4","Control"
"5851",2025-07-07 06:50:54,25.416,0,"Tank4","Control"
"5852",2025-07-07 06:55:54,25.416,0,"Tank4","Control"
"5853",2025-07-07 07:00:54,25.319,0,"Tank4","Control"
"5854",2025-07-07 07:05:54,25.319,0,"Tank4","Control"
"5855",2025-07-07 07:10:54,25.319,0,"Tank4","Control"
"5856",2025-07-07 07:15:54,25.319,0,"Tank4","Control"
"5857",2025-07-07 07:20:54,25.222,0,"Tank4","Control"
"5858",2025-07-07 07:25:54,25.222,0,"Tank4","Control"
"5859",2025-07-07 07:30:54,25.319,0,"Tank4","Control"
"5860",2025-07-07 07:35:54,25.416,0,"Tank4","Control"
"5861",2025-07-07 07:40:54,25.319,0,"Tank4","Control"
"5862",2025-07-07 07:45:54,25.319,0,"Tank4","Control"
"5863",2025-07-07 07:50:54,25.319,0,"Tank4","Control"
"5864",2025-07-07 07:55:54,25.319,0,"Tank4","Control"
"5865",2025-07-07 08:00:54,25.222,0,"Tank4","Control"
"5866",2025-07-07 08:05:54,25.222,0,"Tank4","Control"
"5867",2025-07-07 08:10:54,25.222,0,"Tank4","Control"
"5868",2025-07-07 08:15:54,25.416,0,"Tank4","Control"
"5869",2025-07-07 08:20:54,25.416,0,"Tank4","Control"
"5870",2025-07-07 08:25:54,25.416,86.1,"Tank4","Control"
"5871",2025-07-07 08:30:54,25.416,118.4,"Tank4","Control"
"5872",2025-07-07 08:35:54,25.319,129.2,"Tank4","Control"
"5873",2025-07-07 08:40:54,25.319,150.7,"Tank4","Control"
"5874",2025-07-07 08:45:54,25.319,172.2,"Tank4","Control"
"5875",2025-07-07 08:50:54,25.222,129.2,"Tank4","Control"
"5876",2025-07-07 08:55:54,25.222,86.1,"Tank4","Control"
"5877",2025-07-07 09:00:54,25.222,86.1,"Tank4","Control"
"5878",2025-07-07 09:05:54,25.125,279.9,"Tank4","Control"
"5879",2025-07-07 09:10:54,25.222,183,"Tank4","Control"
"5880",2025-07-07 09:15:54,25.319,129.2,"Tank4","Control"
"5881",2025-07-07 09:20:54,25.319,172.2,"Tank4","Control"
"5882",2025-07-07 09:25:54,25.319,183,"Tank4","Control"
"5883",2025-07-07 09:30:54,25.319,269.1,"Tank4","Control"
"5884",2025-07-07 09:35:54,25.222,193.8,"Tank4","Control"
"5885",2025-07-07 09:40:54,25.222,193.8,"Tank4","Control"
"5886",2025-07-07 09:45:54,25.222,226,"Tank4","Control"
"5887",2025-07-07 09:50:54,25.222,258.3,"Tank4","Control"
"5888",2025-07-07 09:55:54,25.222,312.2,"Tank4","Control"
"5889",2025-07-07 10:00:54,25.319,333.7,"Tank4","Control"
"5890",2025-07-07 10:05:54,25.319,269.1,"Tank4","Control"
"5891",2025-07-07 10:10:54,25.319,312.2,"Tank4","Control"
"5892",2025-07-07 10:15:54,25.319,290.6,"Tank4","Control"
"5893",2025-07-07 10:20:54,25.222,333.7,"Tank4","Control"
"5894",2025-07-07 10:25:54,25.222,409,"Tank4","Control"
"5895",2025-07-07 10:30:54,25.222,366,"Tank4","Control"
"5896",2025-07-07 10:35:54,25.222,344.4,"Tank4","Control"
"5897",2025-07-07 10:40:54,25.125,376.7,"Tank4","Control"
"5898",2025-07-07 10:45:54,25.125,452.1,"Tank4","Control"
"5899",2025-07-07 10:50:54,25.125,419.8,"Tank4","Control"
"5900",2025-07-07 10:55:54,25.028,21.5,"Tank4","Control"
"5901",2025-07-02 08:01:12,25.513,0,"Tank5","Heat"
"5902",2025-07-02 08:06:12,25.513,0,"Tank5","Heat"
"5903",2025-07-02 08:11:12,25.416,0,"Tank5","Heat"
"5904",2025-07-02 08:16:12,25.416,0,"Tank5","Heat"
"5905",2025-07-02 08:21:12,25.416,43.1,"Tank5","Heat"
"5906",2025-07-02 08:26:12,25.416,32.3,"Tank5","Heat"
"5907",2025-07-02 08:31:12,25.319,75.3,"Tank5","Heat"
"5908",2025-07-02 08:36:12,25.319,21.5,"Tank5","Heat"
"5909",2025-07-02 08:41:12,25.513,53.8,"Tank5","Heat"
"5910",2025-07-02 08:46:12,25.513,118.4,"Tank5","Heat"
"5911",2025-07-02 08:51:12,25.513,64.6,"Tank5","Heat"
"5912",2025-07-02 08:56:12,25.513,64.6,"Tank5","Heat"
"5913",2025-07-02 09:01:12,25.416,172.2,"Tank5","Heat"
"5914",2025-07-02 09:06:12,25.416,236.8,"Tank5","Heat"
"5915",2025-07-02 09:11:12,25.416,269.1,"Tank5","Heat"
"5916",2025-07-02 09:16:12,25.319,269.1,"Tank5","Heat"
"5917",2025-07-02 09:21:12,25.319,247.6,"Tank5","Heat"
"5918",2025-07-02 09:26:12,25.513,215.3,"Tank5","Heat"
"5919",2025-07-02 09:31:12,25.513,258.3,"Tank5","Heat"
"5920",2025-07-02 09:36:12,25.61,355.2,"Tank5","Heat"
"5921",2025-07-02 09:41:12,26.097,312.2,"Tank5","Heat"
"5922",2025-07-02 09:46:12,26.585,322.9,"Tank5","Heat"
"5923",2025-07-02 09:51:12,27.173,322.9,"Tank5","Heat"
"5924",2025-07-02 09:56:12,27.764,366,"Tank5","Heat"
"5925",2025-07-02 10:01:12,28.258,430.6,"Tank5","Heat"
"5926",2025-07-02 10:06:12,28.853,387.5,"Tank5","Heat"
"5927",2025-07-02 10:11:12,29.352,398.3,"Tank5","Heat"
"5928",2025-07-02 10:16:12,29.953,484.4,"Tank5","Heat"
"5929",2025-07-02 10:21:12,30.457,355.2,"Tank5","Heat"
"5930",2025-07-02 10:26:12,30.963,441.3,"Tank5","Heat"
"5931",2025-07-02 10:31:12,31.472,495.1,"Tank5","Heat"
"5932",2025-07-02 10:36:12,31.983,473.6,"Tank5","Heat"
"5933",2025-07-02 10:41:12,32.497,484.4,"Tank5","Heat"
"5934",2025-07-02 10:46:12,32.6,484.4,"Tank5","Heat"
"5935",2025-07-02 10:51:12,32.497,527.4,"Tank5","Heat"
"5936",2025-07-02 10:56:12,32.394,592,"Tank5","Heat"
"5937",2025-07-02 11:01:12,32.291,53.8,"Tank5","Heat"
"5938",2025-07-02 11:06:12,32.188,0,"Tank5","Heat"
"5939",2025-07-02 11:11:12,32.497,0,"Tank5","Heat"
"5940",2025-07-02 11:16:12,32.497,0,"Tank5","Heat"
"5941",2025-07-02 11:21:12,32.394,0,"Tank5","Heat"
"5942",2025-07-02 11:26:12,32.291,0,"Tank5","Heat"
"5943",2025-07-02 11:31:12,32.188,0,"Tank5","Heat"
"5944",2025-07-02 11:36:12,32.497,0,"Tank5","Heat"
"5945",2025-07-02 11:41:12,32.497,0,"Tank5","Heat"
"5946",2025-07-02 11:46:12,32.394,0,"Tank5","Heat"
"5947",2025-07-02 11:51:12,32.291,0,"Tank5","Heat"
"5948",2025-07-02 11:56:12,32.188,0,"Tank5","Heat"
"5949",2025-07-02 12:01:12,32.497,0,"Tank5","Heat"
"5950",2025-07-02 12:06:12,32.497,0,"Tank5","Heat"
"5951",2025-07-02 12:11:12,32.291,0,"Tank5","Heat"
"5952",2025-07-02 12:16:12,32.188,0,"Tank5","Heat"
"5953",2025-07-02 12:21:12,32.291,775,"Tank5","Heat"
"5954",2025-07-02 12:26:12,32.6,775,"Tank5","Heat"
"5955",2025-07-02 12:31:12,32.497,828.8,"Tank5","Heat"
"5956",2025-07-02 12:36:12,32.394,775,"Tank5","Heat"
"5957",2025-07-02 12:41:12,32.291,839.6,"Tank5","Heat"
"5958",2025-07-02 12:46:12,32.291,839.6,"Tank5","Heat"
"5959",2025-07-02 12:51:12,32.6,796.5,"Tank5","Heat"
"5960",2025-07-02 12:56:12,32.497,785.8,"Tank5","Heat"
"5961",2025-07-02 13:01:12,32.394,0,"Tank5","Heat"
"5962",2025-07-02 13:06:12,32.188,0,"Tank5","Heat"
"5963",2025-07-02 13:11:12,32.291,0,"Tank5","Heat"
"5964",2025-07-02 13:16:12,32.497,0,"Tank5","Heat"
"5965",2025-07-02 13:21:12,32.497,0,"Tank5","Heat"
"5966",2025-07-02 13:26:12,32.291,0,"Tank5","Heat"
"5967",2025-07-02 13:31:12,32.188,0,"Tank5","Heat"
"5968",2025-07-02 13:36:12,32.188,0,"Tank5","Heat"
"5969",2025-07-02 13:41:12,32.497,0,"Tank5","Heat"
"5970",2025-07-02 13:46:12,32.394,43.1,"Tank5","Heat"
"5971",2025-07-02 13:51:12,32.291,753.5,"Tank5","Heat"
"5972",2025-07-02 13:56:12,32.188,796.5,"Tank5","Heat"
"5973",2025-07-02 14:01:12,32.497,731.9,"Tank5","Heat"
"5974",2025-07-02 14:06:12,32.6,785.8,"Tank5","Heat"
"5975",2025-07-02 14:11:12,32.497,721.2,"Tank5","Heat"
"5976",2025-07-02 14:16:12,32.394,731.9,"Tank5","Heat"
"5977",2025-07-02 14:21:12,32.188,775,"Tank5","Heat"
"5978",2025-07-02 14:26:12,32.497,796.5,"Tank5","Heat"
"5979",2025-07-02 14:31:12,32.6,807.3,"Tank5","Heat"
"5980",2025-07-02 14:36:12,32.497,807.3,"Tank5","Heat"
"5981",2025-07-02 14:41:12,32.291,775,"Tank5","Heat"
"5982",2025-07-02 14:46:12,32.188,861.1,"Tank5","Heat"
"5983",2025-07-02 14:51:12,32.291,850.4,"Tank5","Heat"
"5984",2025-07-02 14:56:12,32.497,796.5,"Tank5","Heat"
"5985",2025-07-02 15:01:12,32.394,807.3,"Tank5","Heat"
"5986",2025-07-02 15:06:12,32.291,785.8,"Tank5","Heat"
"5987",2025-07-02 15:11:12,32.188,850.4,"Tank5","Heat"
"5988",2025-07-02 15:16:12,32.394,807.3,"Tank5","Heat"
"5989",2025-07-02 15:21:12,32.497,818.1,"Tank5","Heat"
"5990",2025-07-02 15:26:12,32.394,828.8,"Tank5","Heat"
"5991",2025-07-02 15:31:12,32.291,850.4,"Tank5","Heat"
"5992",2025-07-02 15:36:12,32.188,850.4,"Tank5","Heat"
"5993",2025-07-02 15:41:12,32.497,828.8,"Tank5","Heat"
"5994",2025-07-02 15:46:12,32.497,775,"Tank5","Heat"
"5995",2025-07-02 15:51:12,32.394,785.8,"Tank5","Heat"
"5996",2025-07-02 15:56:12,32.188,818.1,"Tank5","Heat"
"5997",2025-07-02 16:01:12,32.291,796.5,"Tank5","Heat"
"5998",2025-07-02 16:06:12,32.497,764.2,"Tank5","Heat"
"5999",2025-07-02 16:11:12,32.394,807.3,"Tank5","Heat"
"6000",2025-07-02 16:16:12,32.291,785.8,"Tank5","Heat"
"6001",2025-07-02 16:21:12,32.188,699.7,"Tank5","Heat"
"6002",2025-07-02 16:26:12,32.394,678.1,"Tank5","Heat"
"6003",2025-07-02 16:31:12,32.497,645.8,"Tank5","Heat"
"6004",2025-07-02 16:36:12,32.394,688.9,"Tank5","Heat"
"6005",2025-07-02 16:41:12,32.188,602.8,"Tank5","Heat"
"6006",2025-07-02 16:46:12,32.188,645.8,"Tank5","Heat"
"6007",2025-07-02 16:51:12,32.497,592,"Tank5","Heat"
"6008",2025-07-02 16:56:12,32.394,559.7,"Tank5","Heat"
"6009",2025-07-02 17:01:12,32.291,613.5,"Tank5","Heat"
"6010",2025-07-02 17:06:12,32.188,592,"Tank5","Heat"
"6011",2025-07-02 17:11:12,32.394,484.4,"Tank5","Heat"
"6012",2025-07-02 17:16:12,32.497,549,"Tank5","Heat"
"6013",2025-07-02 17:21:12,32.394,549,"Tank5","Heat"
"6014",2025-07-02 17:26:12,32.291,549,"Tank5","Heat"
"6015",2025-07-02 17:31:12,32.188,409,"Tank5","Heat"
"6016",2025-07-02 17:36:12,32.394,441.3,"Tank5","Heat"
"6017",2025-07-02 17:41:12,32.394,398.3,"Tank5","Heat"
"6018",2025-07-02 17:46:12,32.291,473.6,"Tank5","Heat"
"6019",2025-07-02 17:51:12,32.188,409,"Tank5","Heat"
"6020",2025-07-02 17:56:12,32.291,376.7,"Tank5","Heat"
"6021",2025-07-02 18:01:12,32.497,366,"Tank5","Heat"
"6022",2025-07-02 18:06:12,32.394,290.6,"Tank5","Heat"
"6023",2025-07-02 18:11:12,32.291,333.7,"Tank5","Heat"
"6024",2025-07-02 18:16:12,32.188,376.7,"Tank5","Heat"
"6025",2025-07-02 18:21:12,32.291,301.4,"Tank5","Heat"
"6026",2025-07-02 18:26:12,32.497,204.5,"Tank5","Heat"
"6027",2025-07-02 18:31:12,32.394,258.3,"Tank5","Heat"
"6028",2025-07-02 18:36:12,32.291,258.3,"Tank5","Heat"
"6029",2025-07-02 18:41:12,32.086,172.2,"Tank5","Heat"
"6030",2025-07-02 18:46:12,32.394,129.2,"Tank5","Heat"
"6031",2025-07-02 18:51:12,32.394,161.5,"Tank5","Heat"
"6032",2025-07-02 18:56:12,32.291,75.3,"Tank5","Heat"
"6033",2025-07-02 19:01:12,32.188,53.8,"Tank5","Heat"
"6034",2025-07-02 19:06:12,32.188,53.8,"Tank5","Heat"
"6035",2025-07-02 19:11:12,32.394,53.8,"Tank5","Heat"
"6036",2025-07-02 19:16:12,32.394,53.8,"Tank5","Heat"
"6037",2025-07-02 19:21:12,32.291,21.5,"Tank5","Heat"
"6038",2025-07-02 19:26:12,32.188,64.6,"Tank5","Heat"
"6039",2025-07-02 19:31:12,32.188,32.3,"Tank5","Heat"
"6040",2025-07-02 19:36:12,32.394,32.3,"Tank5","Heat"
"6041",2025-07-02 19:41:12,32.394,10.8,"Tank5","Heat"
"6042",2025-07-02 19:46:12,32.291,10.8,"Tank5","Heat"
"6043",2025-07-02 19:51:12,32.188,21.5,"Tank5","Heat"
"6044",2025-07-02 19:56:12,32.291,0,"Tank5","Heat"
"6045",2025-07-02 20:01:12,32.394,0,"Tank5","Heat"
"6046",2025-07-02 20:06:12,32.394,0,"Tank5","Heat"
"6047",2025-07-02 20:11:12,32.188,0,"Tank5","Heat"
"6048",2025-07-02 20:16:12,32.086,0,"Tank5","Heat"
"6049",2025-07-02 20:21:12,32.394,0,"Tank5","Heat"
"6050",2025-07-02 20:26:12,32.497,0,"Tank5","Heat"
"6051",2025-07-02 20:31:12,32.291,0,"Tank5","Heat"
"6052",2025-07-02 20:36:12,32.188,0,"Tank5","Heat"
"6053",2025-07-02 20:41:12,32.086,0,"Tank5","Heat"
"6054",2025-07-02 20:46:12,32.394,0,"Tank5","Heat"
"6055",2025-07-02 20:51:12,32.394,0,"Tank5","Heat"
"6056",2025-07-02 20:56:12,32.291,0,"Tank5","Heat"
"6057",2025-07-02 21:01:12,32.188,0,"Tank5","Heat"
"6058",2025-07-02 21:06:12,32.086,0,"Tank5","Heat"
"6059",2025-07-02 21:11:12,32.394,0,"Tank5","Heat"
"6060",2025-07-02 21:16:12,32.394,0,"Tank5","Heat"
"6061",2025-07-02 21:21:12,32.291,0,"Tank5","Heat"
"6062",2025-07-02 21:26:12,32.188,0,"Tank5","Heat"
"6063",2025-07-02 21:31:12,32.188,0,"Tank5","Heat"
"6064",2025-07-02 21:36:12,32.394,0,"Tank5","Heat"
"6065",2025-07-02 21:41:12,32.394,0,"Tank5","Heat"
"6066",2025-07-02 21:46:12,32.291,0,"Tank5","Heat"
"6067",2025-07-02 21:51:12,32.188,0,"Tank5","Heat"
"6068",2025-07-02 21:56:12,32.188,0,"Tank5","Heat"
"6069",2025-07-02 22:01:12,32.497,0,"Tank5","Heat"
"6070",2025-07-02 22:06:12,32.394,0,"Tank5","Heat"
"6071",2025-07-02 22:11:12,32.291,0,"Tank5","Heat"
"6072",2025-07-02 22:16:12,32.086,0,"Tank5","Heat"
"6073",2025-07-02 22:21:12,32.188,0,"Tank5","Heat"
"6074",2025-07-02 22:26:12,32.497,0,"Tank5","Heat"
"6075",2025-07-02 22:31:12,32.394,0,"Tank5","Heat"
"6076",2025-07-02 22:36:12,32.291,0,"Tank5","Heat"
"6077",2025-07-02 22:41:12,32.188,0,"Tank5","Heat"
"6078",2025-07-02 22:46:12,32.188,0,"Tank5","Heat"
"6079",2025-07-02 22:51:12,32.394,0,"Tank5","Heat"
"6080",2025-07-02 22:56:12,32.394,0,"Tank5","Heat"
"6081",2025-07-02 23:01:12,32.291,0,"Tank5","Heat"
"6082",2025-07-02 23:06:12,32.188,0,"Tank5","Heat"
"6083",2025-07-02 23:11:12,32.291,0,"Tank5","Heat"
"6084",2025-07-02 23:16:12,32.394,0,"Tank5","Heat"
"6085",2025-07-02 23:21:12,32.394,0,"Tank5","Heat"
"6086",2025-07-02 23:26:12,32.291,0,"Tank5","Heat"
"6087",2025-07-02 23:31:12,32.086,0,"Tank5","Heat"
"6088",2025-07-02 23:36:12,32.394,0,"Tank5","Heat"
"6089",2025-07-02 23:41:12,32.394,0,"Tank5","Heat"
"6090",2025-07-02 23:46:12,32.291,0,"Tank5","Heat"
"6091",2025-07-02 23:51:12,32.188,0,"Tank5","Heat"
"6092",2025-07-02 23:56:12,32.086,0,"Tank5","Heat"
"6093",2025-07-03 00:01:12,32.394,0,"Tank5","Heat"
"6094",2025-07-03 00:06:12,32.394,0,"Tank5","Heat"
"6095",2025-07-03 00:11:12,32.291,0,"Tank5","Heat"
"6096",2025-07-03 00:16:12,32.188,0,"Tank5","Heat"
"6097",2025-07-03 00:21:12,32.188,0,"Tank5","Heat"
"6098",2025-07-03 00:26:12,32.394,0,"Tank5","Heat"
"6099",2025-07-03 00:31:12,32.394,0,"Tank5","Heat"
"6100",2025-07-03 00:36:12,32.291,0,"Tank5","Heat"
"6101",2025-07-03 00:41:12,32.188,0,"Tank5","Heat"
"6102",2025-07-03 00:46:12,32.291,0,"Tank5","Heat"
"6103",2025-07-03 00:51:12,32.394,0,"Tank5","Heat"
"6104",2025-07-03 00:56:12,32.394,0,"Tank5","Heat"
"6105",2025-07-03 01:01:12,32.291,0,"Tank5","Heat"
"6106",2025-07-03 01:06:12,32.086,0,"Tank5","Heat"
"6107",2025-07-03 01:11:12,32.394,0,"Tank5","Heat"
"6108",2025-07-03 01:16:12,32.394,0,"Tank5","Heat"
"6109",2025-07-03 01:21:12,32.394,0,"Tank5","Heat"
"6110",2025-07-03 01:26:12,32.188,0,"Tank5","Heat"
"6111",2025-07-03 01:31:12,32.188,0,"Tank5","Heat"
"6112",2025-07-03 01:36:12,32.394,0,"Tank5","Heat"
"6113",2025-07-03 01:41:12,32.394,0,"Tank5","Heat"
"6114",2025-07-03 01:46:12,32.291,0,"Tank5","Heat"
"6115",2025-07-03 01:51:12,32.188,0,"Tank5","Heat"
"6116",2025-07-03 01:56:12,32.188,0,"Tank5","Heat"
"6117",2025-07-03 02:01:12,32.394,0,"Tank5","Heat"
"6118",2025-07-03 02:06:12,32.394,0,"Tank5","Heat"
"6119",2025-07-03 02:11:12,32.291,0,"Tank5","Heat"
"6120",2025-07-03 02:16:12,32.188,0,"Tank5","Heat"
"6121",2025-07-03 02:21:12,32.188,0,"Tank5","Heat"
"6122",2025-07-03 02:26:12,32.394,0,"Tank5","Heat"
"6123",2025-07-03 02:31:12,32.394,0,"Tank5","Heat"
"6124",2025-07-03 02:36:12,32.291,0,"Tank5","Heat"
"6125",2025-07-03 02:41:12,32.188,0,"Tank5","Heat"
"6126",2025-07-03 02:46:12,32.291,0,"Tank5","Heat"
"6127",2025-07-03 02:51:12,32.497,0,"Tank5","Heat"
"6128",2025-07-03 02:56:12,32.394,0,"Tank5","Heat"
"6129",2025-07-03 03:01:12,32.188,0,"Tank5","Heat"
"6130",2025-07-03 03:06:12,32.086,0,"Tank5","Heat"
"6131",2025-07-03 03:11:12,32.394,0,"Tank5","Heat"
"6132",2025-07-03 03:16:12,32.394,0,"Tank5","Heat"
"6133",2025-07-03 03:21:12,32.291,0,"Tank5","Heat"
"6134",2025-07-03 03:26:12,32.188,0,"Tank5","Heat"
"6135",2025-07-03 03:31:12,32.188,0,"Tank5","Heat"
"6136",2025-07-03 03:36:12,32.394,0,"Tank5","Heat"
"6137",2025-07-03 03:41:12,32.394,0,"Tank5","Heat"
"6138",2025-07-03 03:46:12,32.291,0,"Tank5","Heat"
"6139",2025-07-03 03:51:12,32.188,0,"Tank5","Heat"
"6140",2025-07-03 03:56:12,32.188,0,"Tank5","Heat"
"6141",2025-07-03 04:01:12,32.394,0,"Tank5","Heat"
"6142",2025-07-03 04:06:12,32.394,0,"Tank5","Heat"
"6143",2025-07-03 04:11:12,32.291,0,"Tank5","Heat"
"6144",2025-07-03 04:16:12,32.188,0,"Tank5","Heat"
"6145",2025-07-03 04:21:12,32.291,0,"Tank5","Heat"
"6146",2025-07-03 04:26:12,32.394,0,"Tank5","Heat"
"6147",2025-07-03 04:31:12,32.394,0,"Tank5","Heat"
"6148",2025-07-03 04:36:12,32.188,0,"Tank5","Heat"
"6149",2025-07-03 04:41:12,32.086,0,"Tank5","Heat"
"6150",2025-07-03 04:46:12,32.394,0,"Tank5","Heat"
"6151",2025-07-03 04:51:12,32.497,0,"Tank5","Heat"
"6152",2025-07-03 04:56:12,32.394,0,"Tank5","Heat"
"6153",2025-07-03 05:01:12,32.188,0,"Tank5","Heat"
"6154",2025-07-03 05:06:12,32.086,0,"Tank5","Heat"
"6155",2025-07-03 05:11:12,32.394,0,"Tank5","Heat"
"6156",2025-07-03 05:16:12,32.394,0,"Tank5","Heat"
"6157",2025-07-03 05:21:12,32.291,0,"Tank5","Heat"
"6158",2025-07-03 05:26:12,32.188,0,"Tank5","Heat"
"6159",2025-07-03 05:31:12,32.188,0,"Tank5","Heat"
"6160",2025-07-03 05:36:12,32.394,0,"Tank5","Heat"
"6161",2025-07-03 05:41:12,32.394,0,"Tank5","Heat"
"6162",2025-07-03 05:46:12,32.291,0,"Tank5","Heat"
"6163",2025-07-03 05:51:12,32.188,0,"Tank5","Heat"
"6164",2025-07-03 05:56:12,32.188,0,"Tank5","Heat"
"6165",2025-07-03 06:01:12,32.394,0,"Tank5","Heat"
"6166",2025-07-03 06:06:12,32.394,0,"Tank5","Heat"
"6167",2025-07-03 06:11:12,32.291,0,"Tank5","Heat"
"6168",2025-07-03 06:16:12,32.188,0,"Tank5","Heat"
"6169",2025-07-03 06:21:12,32.291,0,"Tank5","Heat"
"6170",2025-07-03 06:26:12,32.394,0,"Tank5","Heat"
"6171",2025-07-03 06:31:12,32.394,0,"Tank5","Heat"
"6172",2025-07-03 06:36:12,32.291,0,"Tank5","Heat"
"6173",2025-07-03 06:41:12,32.086,0,"Tank5","Heat"
"6174",2025-07-03 06:46:12,32.394,0,"Tank5","Heat"
"6175",2025-07-03 06:51:12,32.394,0,"Tank5","Heat"
"6176",2025-07-03 06:56:12,32.291,0,"Tank5","Heat"
"6177",2025-07-03 07:01:12,32.188,0,"Tank5","Heat"
"6178",2025-07-03 07:06:12,32.086,0,"Tank5","Heat"
"6179",2025-07-03 07:11:12,32.394,0,"Tank5","Heat"
"6180",2025-07-03 07:16:12,32.394,0,"Tank5","Heat"
"6181",2025-07-03 07:21:12,32.291,0,"Tank5","Heat"
"6182",2025-07-03 07:26:12,32.188,0,"Tank5","Heat"
"6183",2025-07-03 07:31:12,32.188,0,"Tank5","Heat"
"6184",2025-07-03 07:36:12,32.394,0,"Tank5","Heat"
"6185",2025-07-03 07:41:12,32.394,0,"Tank5","Heat"
"6186",2025-07-03 07:46:12,32.291,0,"Tank5","Heat"
"6187",2025-07-03 07:51:12,32.188,0,"Tank5","Heat"
"6188",2025-07-03 07:56:12,32.188,0,"Tank5","Heat"
"6189",2025-07-03 08:01:12,32.394,0,"Tank5","Heat"
"6190",2025-07-03 08:06:12,32.291,0,"Tank5","Heat"
"6191",2025-07-03 08:11:12,32.188,0,"Tank5","Heat"
"6192",2025-07-03 08:16:12,32.188,0,"Tank5","Heat"
"6193",2025-07-03 08:21:12,32.394,0,"Tank5","Heat"
"6194",2025-07-03 08:26:12,32.394,53.8,"Tank5","Heat"
"6195",2025-07-03 08:31:12,32.291,96.9,"Tank5","Heat"
"6196",2025-07-03 08:36:12,32.188,75.3,"Tank5","Heat"
"6197",2025-07-03 08:41:12,32.188,129.2,"Tank5","Heat"
"6198",2025-07-03 08:46:12,32.497,75.3,"Tank5","Heat"
"6199",2025-07-03 08:51:12,32.394,226,"Tank5","Heat"
"6200",2025-07-03 08:56:12,32.291,118.4,"Tank5","Heat"
"6201",2025-07-03 09:01:12,32.188,247.6,"Tank5","Heat"
"6202",2025-07-03 09:06:12,32.086,150.7,"Tank5","Heat"
"6203",2025-07-03 09:11:12,32.394,172.2,"Tank5","Heat"
"6204",2025-07-03 09:16:12,32.394,193.8,"Tank5","Heat"
"6205",2025-07-03 09:21:12,32.291,301.4,"Tank5","Heat"
"6206",2025-07-03 09:26:12,32.086,258.3,"Tank5","Heat"
"6207",2025-07-03 09:31:12,32.086,172.2,"Tank5","Heat"
"6208",2025-07-03 09:36:12,32.394,193.8,"Tank5","Heat"
"6209",2025-07-03 09:41:12,32.394,301.4,"Tank5","Heat"
"6210",2025-07-03 09:46:12,32.291,366,"Tank5","Heat"
"6211",2025-07-03 09:51:12,32.188,333.7,"Tank5","Heat"
"6212",2025-07-03 09:56:12,32.086,279.9,"Tank5","Heat"
"6213",2025-07-03 10:01:12,32.394,441.3,"Tank5","Heat"
"6214",2025-07-03 10:06:12,32.394,441.3,"Tank5","Heat"
"6215",2025-07-03 10:11:12,32.291,355.2,"Tank5","Heat"
"6216",2025-07-03 10:16:12,32.188,344.4,"Tank5","Heat"
"6217",2025-07-03 10:21:12,32.086,462.9,"Tank5","Heat"
"6218",2025-07-03 10:26:12,32.394,0,"Tank5","Heat"
"6219",2025-07-03 10:31:12,32.291,0,"Tank5","Heat"
"6220",2025-07-03 10:36:12,32.291,0,"Tank5","Heat"
"6221",2025-07-03 10:41:12,32.086,0,"Tank5","Heat"
"6222",2025-07-03 10:46:12,32.086,0,"Tank5","Heat"
"6223",2025-07-03 10:51:12,32.394,0,"Tank5","Heat"
"6224",2025-07-03 10:56:12,32.291,0,"Tank5","Heat"
"6225",2025-07-03 11:01:12,32.188,0,"Tank5","Heat"
"6226",2025-07-03 11:06:12,32.086,0,"Tank5","Heat"
"6227",2025-07-03 11:11:12,32.188,0,"Tank5","Heat"
"6228",2025-07-03 11:16:12,32.394,0,"Tank5","Heat"
"6229",2025-07-03 11:21:12,32.291,613.5,"Tank5","Heat"
"6230",2025-07-03 11:26:12,32.291,688.9,"Tank5","Heat"
"6231",2025-07-03 11:31:12,32.086,635.1,"Tank5","Heat"
"6232",2025-07-03 11:36:12,32.394,656.6,"Tank5","Heat"
"6233",2025-07-03 11:41:12,32.394,742.7,"Tank5","Heat"
"6234",2025-07-03 11:46:12,32.394,710.4,"Tank5","Heat"
"6235",2025-07-03 11:51:12,32.188,775,"Tank5","Heat"
"6236",2025-07-03 11:56:12,32.086,753.5,"Tank5","Heat"
"6237",2025-07-03 12:01:12,32.394,775,"Tank5","Heat"
"6238",2025-07-03 12:06:12,32.394,775,"Tank5","Heat"
"6239",2025-07-03 12:11:12,32.394,775,"Tank5","Heat"
"6240",2025-07-03 12:16:12,32.291,839.6,"Tank5","Heat"
"6241",2025-07-03 12:21:12,32.086,818.1,"Tank5","Heat"
"6242",2025-07-03 12:26:12,32.394,807.3,"Tank5","Heat"
"6243",2025-07-03 12:31:12,32.394,839.6,"Tank5","Heat"
"6244",2025-07-03 12:36:12,32.394,796.5,"Tank5","Heat"
"6245",2025-07-03 12:41:12,32.188,764.2,"Tank5","Heat"
"6246",2025-07-03 12:46:12,32.086,828.8,"Tank5","Heat"
"6247",2025-07-03 12:51:12,32.394,807.3,"Tank5","Heat"
"6248",2025-07-03 12:56:12,32.394,764.2,"Tank5","Heat"
"6249",2025-07-03 13:01:12,32.394,818.1,"Tank5","Heat"
"6250",2025-07-03 13:06:12,32.291,753.5,"Tank5","Heat"
"6251",2025-07-03 13:11:12,32.086,828.8,"Tank5","Heat"
"6252",2025-07-03 13:16:12,32.291,764.2,"Tank5","Heat"
"6253",2025-07-03 13:21:12,32.497,807.3,"Tank5","Heat"
"6254",2025-07-03 13:26:12,32.394,753.5,"Tank5","Heat"
"6255",2025-07-03 13:31:12,32.291,753.5,"Tank5","Heat"
"6256",2025-07-03 13:36:12,32.188,828.8,"Tank5","Heat"
"6257",2025-07-03 13:41:12,32.291,775,"Tank5","Heat"
"6258",2025-07-03 13:46:12,32.394,753.5,"Tank5","Heat"
"6259",2025-07-03 13:51:12,32.394,753.5,"Tank5","Heat"
"6260",2025-07-03 13:56:12,32.291,775,"Tank5","Heat"
"6261",2025-07-03 14:01:12,32.188,828.8,"Tank5","Heat"
"6262",2025-07-03 14:06:12,32.291,818.1,"Tank5","Heat"
"6263",2025-07-03 14:11:12,32.394,764.2,"Tank5","Heat"
"6264",2025-07-03 14:16:12,32.394,796.5,"Tank5","Heat"
"6265",2025-07-03 14:21:12,32.291,764.2,"Tank5","Heat"
"6266",2025-07-03 14:26:12,32.086,828.8,"Tank5","Heat"
"6267",2025-07-03 14:31:12,32.291,807.3,"Tank5","Heat"
"6268",2025-07-03 14:36:12,32.394,796.5,"Tank5","Heat"
"6269",2025-07-03 14:41:12,32.291,850.4,"Tank5","Heat"
"6270",2025-07-03 14:46:12,32.188,818.1,"Tank5","Heat"
"6271",2025-07-03 14:51:12,32.188,753.5,"Tank5","Heat"
"6272",2025-07-03 14:56:12,32.394,785.8,"Tank5","Heat"
"6273",2025-07-03 15:01:12,32.394,796.5,"Tank5","Heat"
"6274",2025-07-03 15:06:12,32.291,807.3,"Tank5","Heat"
"6275",2025-07-03 15:11:12,32.086,742.7,"Tank5","Heat"
"6276",2025-07-03 15:16:12,32.291,753.5,"Tank5","Heat"
"6277",2025-07-03 15:21:12,32.394,785.8,"Tank5","Heat"
"6278",2025-07-03 15:26:12,32.394,753.5,"Tank5","Heat"
"6279",2025-07-03 15:31:12,32.188,796.5,"Tank5","Heat"
"6280",2025-07-03 15:36:12,32.086,807.3,"Tank5","Heat"
"6281",2025-07-03 15:41:12,32.394,775,"Tank5","Heat"
"6282",2025-07-03 15:46:12,32.394,775,"Tank5","Heat"
"6283",2025-07-03 15:51:12,32.291,753.5,"Tank5","Heat"
"6284",2025-07-03 15:56:12,32.188,764.2,"Tank5","Heat"
"6285",2025-07-03 16:01:12,32.086,764.2,"Tank5","Heat"
"6286",2025-07-03 16:06:12,32.394,731.9,"Tank5","Heat"
"6287",2025-07-03 16:11:12,32.394,775,"Tank5","Heat"
"6288",2025-07-03 16:16:12,32.291,710.4,"Tank5","Heat"
"6289",2025-07-03 16:21:12,32.188,742.7,"Tank5","Heat"
"6290",2025-07-03 16:26:12,32.086,710.4,"Tank5","Heat"
"6291",2025-07-03 16:31:12,32.394,710.4,"Tank5","Heat"
"6292",2025-07-03 16:36:12,32.394,624.3,"Tank5","Heat"
"6293",2025-07-03 16:41:12,32.394,602.8,"Tank5","Heat"
"6294",2025-07-03 16:46:12,32.188,635.1,"Tank5","Heat"
"6295",2025-07-03 16:51:12,32.086,624.3,"Tank5","Heat"
"6296",2025-07-03 16:56:12,32.291,613.5,"Tank5","Heat"
"6297",2025-07-03 17:01:12,32.394,602.8,"Tank5","Heat"
"6298",2025-07-03 17:06:12,32.291,538.2,"Tank5","Heat"
"6299",2025-07-03 17:11:12,32.188,516.7,"Tank5","Heat"
"6300",2025-07-03 17:16:12,32.086,559.7,"Tank5","Heat"
"6301",2025-07-03 17:21:12,32.291,484.4,"Tank5","Heat"
"6302",2025-07-03 17:26:12,32.394,538.2,"Tank5","Heat"
"6303",2025-07-03 17:31:12,32.291,441.3,"Tank5","Heat"
"6304",2025-07-03 17:36:12,32.188,355.2,"Tank5","Heat"
"6305",2025-07-03 17:41:12,32.086,441.3,"Tank5","Heat"
"6306",2025-07-03 17:46:12,32.394,462.9,"Tank5","Heat"
"6307",2025-07-03 17:51:12,32.394,430.6,"Tank5","Heat"
"6308",2025-07-03 17:56:12,32.291,387.5,"Tank5","Heat"
"6309",2025-07-03 18:01:12,32.188,344.4,"Tank5","Heat"
"6310",2025-07-03 18:06:12,32.188,355.2,"Tank5","Heat"
"6311",2025-07-03 18:11:12,32.394,258.3,"Tank5","Heat"
"6312",2025-07-03 18:16:12,32.394,226,"Tank5","Heat"
"6313",2025-07-03 18:21:12,32.188,215.3,"Tank5","Heat"
"6314",2025-07-03 18:26:12,32.086,333.7,"Tank5","Heat"
"6315",2025-07-03 18:31:12,32.291,172.2,"Tank5","Heat"
"6316",2025-07-03 18:36:12,32.394,247.6,"Tank5","Heat"
"6317",2025-07-03 18:41:12,32.291,172.2,"Tank5","Heat"
"6318",2025-07-03 18:46:12,32.188,183,"Tank5","Heat"
"6319",2025-07-03 18:51:12,32.086,183,"Tank5","Heat"
"6320",2025-07-03 18:56:12,32.291,96.9,"Tank5","Heat"
"6321",2025-07-03 19:01:12,32.394,64.6,"Tank5","Heat"
"6322",2025-07-03 19:06:12,32.291,118.4,"Tank5","Heat"
"6323",2025-07-03 19:11:12,32.188,118.4,"Tank5","Heat"
"6324",2025-07-03 19:16:12,32.188,96.9,"Tank5","Heat"
"6325",2025-07-03 19:21:12,32.394,64.6,"Tank5","Heat"
"6326",2025-07-03 19:26:12,32.291,21.5,"Tank5","Heat"
"6327",2025-07-03 19:31:12,32.188,43.1,"Tank5","Heat"
"6328",2025-07-03 19:36:12,32.086,32.3,"Tank5","Heat"
"6329",2025-07-03 19:41:12,32.291,0,"Tank5","Heat"
"6330",2025-07-03 19:46:12,32.394,10.8,"Tank5","Heat"
"6331",2025-07-03 19:51:12,32.291,10.8,"Tank5","Heat"
"6332",2025-07-03 19:56:12,32.188,0,"Tank5","Heat"
"6333",2025-07-03 20:01:12,32.086,0,"Tank5","Heat"
"6334",2025-07-03 20:06:12,32.291,0,"Tank5","Heat"
"6335",2025-07-03 20:11:12,32.394,0,"Tank5","Heat"
"6336",2025-07-03 20:16:12,32.291,0,"Tank5","Heat"
"6337",2025-07-03 20:21:12,32.188,0,"Tank5","Heat"
"6338",2025-07-03 20:26:12,32.086,0,"Tank5","Heat"
"6339",2025-07-03 20:31:12,32.394,0,"Tank5","Heat"
"6340",2025-07-03 20:36:12,32.394,0,"Tank5","Heat"
"6341",2025-07-03 20:41:12,32.188,0,"Tank5","Heat"
"6342",2025-07-03 20:46:12,32.086,0,"Tank5","Heat"
"6343",2025-07-03 20:51:12,32.086,0,"Tank5","Heat"
"6344",2025-07-03 20:56:12,32.394,0,"Tank5","Heat"
"6345",2025-07-03 21:01:12,32.291,0,"Tank5","Heat"
"6346",2025-07-03 21:06:12,32.188,0,"Tank5","Heat"
"6347",2025-07-03 21:11:12,32.086,0,"Tank5","Heat"
"6348",2025-07-03 21:16:12,32.291,0,"Tank5","Heat"
"6349",2025-07-03 21:21:12,32.394,0,"Tank5","Heat"
"6350",2025-07-03 21:26:12,32.291,0,"Tank5","Heat"
"6351",2025-07-03 21:31:12,32.086,0,"Tank5","Heat"
"6352",2025-07-03 21:36:12,32.086,0,"Tank5","Heat"
"6353",2025-07-03 21:41:12,32.394,0,"Tank5","Heat"
"6354",2025-07-03 21:46:12,32.291,0,"Tank5","Heat"
"6355",2025-07-03 21:51:12,32.188,0,"Tank5","Heat"
"6356",2025-07-03 21:56:12,32.086,0,"Tank5","Heat"
"6357",2025-07-03 22:01:12,32.291,0,"Tank5","Heat"
"6358",2025-07-03 22:06:12,32.394,0,"Tank5","Heat"
"6359",2025-07-03 22:11:12,32.291,0,"Tank5","Heat"
"6360",2025-07-03 22:16:12,32.188,0,"Tank5","Heat"
"6361",2025-07-03 22:21:12,32.086,0,"Tank5","Heat"
"6362",2025-07-03 22:26:12,32.394,0,"Tank5","Heat"
"6363",2025-07-03 22:31:12,32.394,0,"Tank5","Heat"
"6364",2025-07-03 22:36:12,32.291,0,"Tank5","Heat"
"6365",2025-07-03 22:41:12,32.086,0,"Tank5","Heat"
"6366",2025-07-03 22:46:12,32.086,0,"Tank5","Heat"
"6367",2025-07-03 22:51:12,32.394,0,"Tank5","Heat"
"6368",2025-07-03 22:56:12,32.291,0,"Tank5","Heat"
"6369",2025-07-03 23:01:12,32.188,0,"Tank5","Heat"
"6370",2025-07-03 23:06:12,32.086,0,"Tank5","Heat"
"6371",2025-07-03 23:11:12,32.188,0,"Tank5","Heat"
"6372",2025-07-03 23:16:12,32.394,0,"Tank5","Heat"
"6373",2025-07-03 23:21:12,32.291,0,"Tank5","Heat"
"6374",2025-07-03 23:26:12,32.188,0,"Tank5","Heat"
"6375",2025-07-03 23:31:12,32.086,0,"Tank5","Heat"
"6376",2025-07-03 23:36:12,32.291,0,"Tank5","Heat"
"6377",2025-07-03 23:41:12,32.394,0,"Tank5","Heat"
"6378",2025-07-03 23:46:12,32.291,0,"Tank5","Heat"
"6379",2025-07-03 23:51:12,32.188,0,"Tank5","Heat"
"6380",2025-07-03 23:56:12,32.086,0,"Tank5","Heat"
"6381",2025-07-04 00:01:12,32.291,0,"Tank5","Heat"
"6382",2025-07-04 00:06:12,32.394,0,"Tank5","Heat"
"6383",2025-07-04 00:11:12,32.291,0,"Tank5","Heat"
"6384",2025-07-04 00:16:12,32.188,0,"Tank5","Heat"
"6385",2025-07-04 00:21:12,32.086,0,"Tank5","Heat"
"6386",2025-07-04 00:26:12,32.394,0,"Tank5","Heat"
"6387",2025-07-04 00:31:12,32.394,0,"Tank5","Heat"
"6388",2025-07-04 00:36:12,32.291,0,"Tank5","Heat"
"6389",2025-07-04 00:41:12,32.086,0,"Tank5","Heat"
"6390",2025-07-04 00:46:12,32.188,0,"Tank5","Heat"
"6391",2025-07-04 00:51:12,32.394,0,"Tank5","Heat"
"6392",2025-07-04 00:56:12,32.291,0,"Tank5","Heat"
"6393",2025-07-04 01:01:12,32.188,0,"Tank5","Heat"
"6394",2025-07-04 01:06:12,32.086,0,"Tank5","Heat"
"6395",2025-07-04 01:11:12,32.291,0,"Tank5","Heat"
"6396",2025-07-04 01:16:12,32.394,0,"Tank5","Heat"
"6397",2025-07-04 01:21:12,32.291,0,"Tank5","Heat"
"6398",2025-07-04 01:26:12,32.188,0,"Tank5","Heat"
"6399",2025-07-04 01:31:12,32.086,0,"Tank5","Heat"
"6400",2025-07-04 01:36:12,32.394,0,"Tank5","Heat"
"6401",2025-07-04 01:41:12,32.291,0,"Tank5","Heat"
"6402",2025-07-04 01:46:12,32.188,0,"Tank5","Heat"
"6403",2025-07-04 01:51:12,32.086,0,"Tank5","Heat"
"6404",2025-07-04 01:56:12,32.188,0,"Tank5","Heat"
"6405",2025-07-04 02:01:12,32.394,0,"Tank5","Heat"
"6406",2025-07-04 02:06:12,32.291,0,"Tank5","Heat"
"6407",2025-07-04 02:11:12,32.188,0,"Tank5","Heat"
"6408",2025-07-04 02:16:12,32.086,0,"Tank5","Heat"
"6409",2025-07-04 02:21:12,32.291,0,"Tank5","Heat"
"6410",2025-07-04 02:26:12,32.394,0,"Tank5","Heat"
"6411",2025-07-04 02:31:12,32.291,0,"Tank5","Heat"
"6412",2025-07-04 02:36:12,32.188,0,"Tank5","Heat"
"6413",2025-07-04 02:41:12,32.086,0,"Tank5","Heat"
"6414",2025-07-04 02:46:12,32.394,0,"Tank5","Heat"
"6415",2025-07-04 02:51:12,32.394,0,"Tank5","Heat"
"6416",2025-07-04 02:56:12,32.188,0,"Tank5","Heat"
"6417",2025-07-04 03:01:12,32.086,0,"Tank5","Heat"
"6418",2025-07-04 03:06:12,32.188,0,"Tank5","Heat"
"6419",2025-07-04 03:11:12,32.394,0,"Tank5","Heat"
"6420",2025-07-04 03:16:12,32.291,0,"Tank5","Heat"
"6421",2025-07-04 03:21:12,32.188,0,"Tank5","Heat"
"6422",2025-07-04 03:26:12,32.086,0,"Tank5","Heat"
"6423",2025-07-04 03:31:12,32.291,0,"Tank5","Heat"
"6424",2025-07-04 03:36:12,32.394,0,"Tank5","Heat"
"6425",2025-07-04 03:41:12,32.291,0,"Tank5","Heat"
"6426",2025-07-04 03:46:12,32.188,0,"Tank5","Heat"
"6427",2025-07-04 03:51:12,32.086,0,"Tank5","Heat"
"6428",2025-07-04 03:56:12,32.394,0,"Tank5","Heat"
"6429",2025-07-04 04:01:12,32.291,0,"Tank5","Heat"
"6430",2025-07-04 04:06:12,32.188,0,"Tank5","Heat"
"6431",2025-07-04 04:11:12,32.086,0,"Tank5","Heat"
"6432",2025-07-04 04:16:12,32.291,0,"Tank5","Heat"
"6433",2025-07-04 04:21:12,32.394,0,"Tank5","Heat"
"6434",2025-07-04 04:26:12,32.291,0,"Tank5","Heat"
"6435",2025-07-04 04:31:12,32.188,0,"Tank5","Heat"
"6436",2025-07-04 04:36:12,32.086,0,"Tank5","Heat"
"6437",2025-07-04 04:41:12,32.291,0,"Tank5","Heat"
"6438",2025-07-04 04:46:12,32.394,0,"Tank5","Heat"
"6439",2025-07-04 04:51:12,32.291,0,"Tank5","Heat"
"6440",2025-07-04 04:56:12,32.188,0,"Tank5","Heat"
"6441",2025-07-04 05:01:12,32.086,0,"Tank5","Heat"
"6442",2025-07-04 05:06:12,32.291,0,"Tank5","Heat"
"6443",2025-07-04 05:11:12,32.394,0,"Tank5","Heat"
"6444",2025-07-04 05:16:12,32.291,0,"Tank5","Heat"
"6445",2025-07-04 05:21:12,32.188,0,"Tank5","Heat"
"6446",2025-07-04 05:26:12,32.086,0,"Tank5","Heat"
"6447",2025-07-04 05:31:12,32.188,0,"Tank5","Heat"
"6448",2025-07-04 05:36:12,32.394,0,"Tank5","Heat"
"6449",2025-07-04 05:41:12,32.291,0,"Tank5","Heat"
"6450",2025-07-04 05:46:12,32.188,0,"Tank5","Heat"
"6451",2025-07-04 05:51:12,32.086,0,"Tank5","Heat"
"6452",2025-07-04 05:56:12,32.086,0,"Tank5","Heat"
"6453",2025-07-04 06:01:12,32.394,0,"Tank5","Heat"
"6454",2025-07-04 06:06:12,32.394,0,"Tank5","Heat"
"6455",2025-07-04 06:11:12,32.291,0,"Tank5","Heat"
"6456",2025-07-04 06:16:12,32.188,0,"Tank5","Heat"
"6457",2025-07-04 06:21:12,32.086,0,"Tank5","Heat"
"6458",2025-07-04 06:26:12,32.394,0,"Tank5","Heat"
"6459",2025-07-04 06:31:12,32.394,0,"Tank5","Heat"
"6460",2025-07-04 06:36:12,32.291,0,"Tank5","Heat"
"6461",2025-07-04 06:41:12,32.188,0,"Tank5","Heat"
"6462",2025-07-04 06:46:12,32.086,0,"Tank5","Heat"
"6463",2025-07-04 06:51:12,32.291,0,"Tank5","Heat"
"6464",2025-07-04 06:56:12,32.394,0,"Tank5","Heat"
"6465",2025-07-04 07:01:12,32.291,0,"Tank5","Heat"
"6466",2025-07-04 07:06:12,32.188,0,"Tank5","Heat"
"6467",2025-07-04 07:11:12,32.086,0,"Tank5","Heat"
"6468",2025-07-04 07:16:12,32.188,0,"Tank5","Heat"
"6469",2025-07-04 07:21:12,32.394,0,"Tank5","Heat"
"6470",2025-07-04 07:26:12,32.394,0,"Tank5","Heat"
"6471",2025-07-04 07:31:12,32.291,0,"Tank5","Heat"
"6472",2025-07-04 07:36:12,32.188,0,"Tank5","Heat"
"6473",2025-07-04 07:41:12,32.086,0,"Tank5","Heat"
"6474",2025-07-04 07:46:12,32.394,0,"Tank5","Heat"
"6475",2025-07-04 07:51:12,32.394,0,"Tank5","Heat"
"6476",2025-07-04 07:56:12,32.291,0,"Tank5","Heat"
"6477",2025-07-04 08:01:12,32.188,0,"Tank5","Heat"
"6478",2025-07-04 08:06:12,32.086,0,"Tank5","Heat"
"6479",2025-07-04 08:11:12,32.394,10.8,"Tank5","Heat"
"6480",2025-07-04 08:16:12,32.394,21.5,"Tank5","Heat"
"6481",2025-07-04 08:21:12,32.291,21.5,"Tank5","Heat"
"6482",2025-07-04 08:26:12,32.188,43.1,"Tank5","Heat"
"6483",2025-07-04 08:31:12,32.086,32.3,"Tank5","Heat"
"6484",2025-07-04 08:36:12,32.394,43.1,"Tank5","Heat"
"6485",2025-07-04 08:41:12,32.394,21.5,"Tank5","Heat"
"6486",2025-07-04 08:46:12,32.291,96.9,"Tank5","Heat"
"6487",2025-07-04 08:51:12,32.188,118.4,"Tank5","Heat"
"6488",2025-07-04 08:56:12,32.086,150.7,"Tank5","Heat"
"6489",2025-07-04 09:01:12,32.394,118.4,"Tank5","Heat"
"6490",2025-07-04 09:06:12,32.394,258.3,"Tank5","Heat"
"6491",2025-07-04 09:11:12,32.291,226,"Tank5","Heat"
"6492",2025-07-04 09:16:12,32.188,226,"Tank5","Heat"
"6493",2025-07-04 09:21:12,32.086,226,"Tank5","Heat"
"6494",2025-07-04 09:26:12,32.291,226,"Tank5","Heat"
"6495",2025-07-04 09:31:12,32.394,247.6,"Tank5","Heat"
"6496",2025-07-04 09:36:12,32.291,193.8,"Tank5","Heat"
"6497",2025-07-04 09:41:12,32.188,333.7,"Tank5","Heat"
"6498",2025-07-04 09:46:12,32.086,312.2,"Tank5","Heat"
"6499",2025-07-04 09:51:12,32.291,366,"Tank5","Heat"
"6500",2025-07-04 09:56:12,32.394,279.9,"Tank5","Heat"
"6501",2025-07-04 10:01:12,32.291,344.4,"Tank5","Heat"
"6502",2025-07-04 10:06:12,32.188,301.4,"Tank5","Heat"
"6503",2025-07-04 10:11:12,32.086,366,"Tank5","Heat"
"6504",2025-07-04 10:16:12,32.291,366,"Tank5","Heat"
"6505",2025-07-04 10:21:12,32.394,484.4,"Tank5","Heat"
"6506",2025-07-04 10:26:12,32.291,505.9,"Tank5","Heat"
"6507",2025-07-04 10:31:12,32.188,527.4,"Tank5","Heat"
"6508",2025-07-04 10:36:12,32.188,462.9,"Tank5","Heat"
"6509",2025-07-04 10:41:12,32.394,559.7,"Tank5","Heat"
"6510",2025-07-04 10:46:12,32.394,570.5,"Tank5","Heat"
"6511",2025-07-04 10:51:12,32.291,505.9,"Tank5","Heat"
"6512",2025-07-04 10:56:12,32.188,592,"Tank5","Heat"
"6513",2025-07-04 11:01:12,32.497,538.2,"Tank5","Heat"
"6514",2025-07-04 11:06:12,32.704,538.2,"Tank5","Heat"
"6515",2025-07-04 11:11:12,32.6,505.9,"Tank5","Heat"
"6516",2025-07-04 11:16:12,32.497,592,"Tank5","Heat"
"6517",2025-07-04 11:21:12,32.394,667.4,"Tank5","Heat"
"6518",2025-07-04 11:26:12,32.497,688.9,"Tank5","Heat"
"6519",2025-07-04 11:31:12,32.6,699.7,"Tank5","Heat"
"6520",2025-07-04 11:41:12,32.497,688.9,"Tank5","Heat"
"6521",2025-07-04 11:46:12,32.394,753.5,"Tank5","Heat"
"6522",2025-07-04 11:51:12,32.497,721.2,"Tank5","Heat"
"6523",2025-07-04 11:56:12,32.6,731.9,"Tank5","Heat"
"6524",2025-07-04 12:01:12,32.6,764.2,"Tank5","Heat"
"6525",2025-07-04 12:06:12,32.394,818.1,"Tank5","Heat"
"6526",2025-07-04 12:11:12,32.394,828.8,"Tank5","Heat"
"6527",2025-07-04 12:16:12,32.6,807.3,"Tank5","Heat"
"6528",2025-07-04 12:21:12,32.704,764.2,"Tank5","Heat"
"6529",2025-07-04 12:26:12,32.497,775,"Tank5","Heat"
"6530",2025-07-04 12:31:12,32.394,742.7,"Tank5","Heat"
"6531",2025-07-04 12:36:12,32.291,818.1,"Tank5","Heat"
"6532",2025-07-04 12:41:12,32.6,807.3,"Tank5","Heat"
"6533",2025-07-04 12:46:12,32.6,775,"Tank5","Heat"
"6534",2025-07-04 12:51:12,32.497,807.3,"Tank5","Heat"
"6535",2025-07-04 12:56:12,32.394,764.2,"Tank5","Heat"
"6536",2025-07-04 13:01:12,32.394,742.7,"Tank5","Heat"
"6537",2025-07-04 13:06:12,32.6,807.3,"Tank5","Heat"
"6538",2025-07-04 13:11:12,32.6,818.1,"Tank5","Heat"
"6539",2025-07-04 13:16:12,32.497,753.5,"Tank5","Heat"
"6540",2025-07-04 13:21:12,32.394,818.1,"Tank5","Heat"
"6541",2025-07-04 13:26:12,32.394,764.2,"Tank5","Heat"
"6542",2025-07-04 13:31:12,32.6,764.2,"Tank5","Heat"
"6543",2025-07-04 13:36:12,32.6,818.1,"Tank5","Heat"
"6544",2025-07-04 13:41:12,32.497,807.3,"Tank5","Heat"
"6545",2025-07-04 13:46:12,32.394,753.5,"Tank5","Heat"
"6546",2025-07-04 13:51:12,32.497,807.3,"Tank5","Heat"
"6547",2025-07-04 13:56:12,32.6,742.7,"Tank5","Heat"
"6548",2025-07-04 14:01:12,32.6,796.5,"Tank5","Heat"
"6549",2025-07-04 14:06:12,32.497,775,"Tank5","Heat"
"6550",2025-07-04 14:11:12,32.394,828.8,"Tank5","Heat"
"6551",2025-07-04 14:16:12,32.6,742.7,"Tank5","Heat"
"6552",2025-07-04 14:21:12,32.6,785.8,"Tank5","Heat"
"6553",2025-07-04 14:26:12,32.497,807.3,"Tank5","Heat"
"6554",2025-07-04 14:31:12,32.394,753.5,"Tank5","Heat"
"6555",2025-07-04 14:36:12,32.394,796.5,"Tank5","Heat"
"6556",2025-07-04 14:41:12,32.6,731.9,"Tank5","Heat"
"6557",2025-07-04 14:46:12,32.6,796.5,"Tank5","Heat"
"6558",2025-07-04 14:51:12,32.497,807.3,"Tank5","Heat"
"6559",2025-07-04 14:56:12,32.394,807.3,"Tank5","Heat"
"6560",2025-07-04 15:01:12,32.394,818.1,"Tank5","Heat"
"6561",2025-07-04 15:06:12,32.6,785.8,"Tank5","Heat"
"6562",2025-07-04 15:11:12,32.6,818.1,"Tank5","Heat"
"6563",2025-07-04 15:16:12,32.497,828.8,"Tank5","Heat"
"6564",2025-07-04 15:21:12,32.394,742.7,"Tank5","Heat"
"6565",2025-07-04 15:26:12,32.497,742.7,"Tank5","Heat"
"6566",2025-07-04 15:31:12,32.6,807.3,"Tank5","Heat"
"6567",2025-07-04 15:36:12,32.6,796.5,"Tank5","Heat"
"6568",2025-07-04 15:41:12,32.497,807.3,"Tank5","Heat"
"6569",2025-07-04 15:46:12,32.394,818.1,"Tank5","Heat"
"6570",2025-07-04 15:51:12,32.6,742.7,"Tank5","Heat"
"6571",2025-07-04 15:56:12,32.6,807.3,"Tank5","Heat"
"6572",2025-07-04 16:01:12,32.497,828.8,"Tank5","Heat"
"6573",2025-07-04 16:06:12,32.394,796.5,"Tank5","Heat"
"6574",2025-07-04 16:11:12,32.394,753.5,"Tank5","Heat"
"6575",2025-07-04 16:16:12,32.6,775,"Tank5","Heat"
"6576",2025-07-04 16:21:12,32.6,688.9,"Tank5","Heat"
"6577",2025-07-04 16:26:12,32.497,710.4,"Tank5","Heat"
"6578",2025-07-04 16:31:12,32.394,635.1,"Tank5","Heat"
"6579",2025-07-04 16:36:12,32.497,624.3,"Tank5","Heat"
"6580",2025-07-04 16:41:12,32.6,602.8,"Tank5","Heat"
"6581",2025-07-04 16:46:12,32.497,656.6,"Tank5","Heat"
"6582",2025-07-04 16:51:12,32.394,592,"Tank5","Heat"
"6583",2025-07-04 16:56:12,32.291,602.8,"Tank5","Heat"
"6584",2025-07-04 17:01:12,32.6,559.7,"Tank5","Heat"
"6585",2025-07-04 17:06:12,32.6,527.4,"Tank5","Heat"
"6586",2025-07-04 17:11:12,32.497,527.4,"Tank5","Heat"
"6587",2025-07-04 17:16:12,32.394,495.1,"Tank5","Heat"
"6588",2025-07-04 17:21:12,32.394,484.4,"Tank5","Heat"
"6589",2025-07-04 17:26:12,32.6,473.6,"Tank5","Heat"
"6590",2025-07-04 17:31:12,32.6,441.3,"Tank5","Heat"
"6591",2025-07-04 17:36:12,32.497,430.6,"Tank5","Heat"
"6592",2025-07-04 17:41:12,32.394,419.8,"Tank5","Heat"
"6593",2025-07-04 17:46:12,32.497,409,"Tank5","Heat"
"6594",2025-07-04 17:51:12,32.6,376.7,"Tank5","Heat"
"6595",2025-07-04 17:56:12,32.497,301.4,"Tank5","Heat"
"6596",2025-07-04 18:01:12,32.394,322.9,"Tank5","Heat"
"6597",2025-07-04 18:06:12,32.291,279.9,"Tank5","Heat"
"6598",2025-07-04 18:11:12,32.086,290.6,"Tank5","Heat"
"6599",2025-07-04 18:16:12,32.497,215.3,"Tank5","Heat"
"6600",2025-07-04 18:21:12,32.6,290.6,"Tank5","Heat"
"6601",2025-07-04 18:26:12,32.497,344.4,"Tank5","Heat"
"6602",2025-07-04 18:31:12,32.394,193.8,"Tank5","Heat"
"6603",2025-07-04 18:36:12,32.394,172.2,"Tank5","Heat"
"6604",2025-07-04 18:41:12,32.6,139.9,"Tank5","Heat"
"6605",2025-07-04 18:46:12,32.497,215.3,"Tank5","Heat"
"6606",2025-07-04 18:51:12,32.394,129.2,"Tank5","Heat"
"6607",2025-07-04 18:56:12,32.394,183,"Tank5","Heat"
"6608",2025-07-04 19:01:12,32.6,226,"Tank5","Heat"
"6609",2025-07-04 19:06:12,32.497,86.1,"Tank5","Heat"
"6610",2025-07-04 19:11:12,32.394,172.2,"Tank5","Heat"
"6611",2025-07-04 19:16:12,32.291,96.9,"Tank5","Heat"
"6612",2025-07-04 19:21:12,32.497,96.9,"Tank5","Heat"
"6613",2025-07-04 19:26:12,32.6,107.6,"Tank5","Heat"
"6614",2025-07-04 19:31:12,32.497,43.1,"Tank5","Heat"
"6615",2025-07-04 19:36:12,32.291,21.5,"Tank5","Heat"
"6616",2025-07-04 19:41:12,32.394,10.8,"Tank5","Heat"
"6617",2025-07-04 19:46:12,32.6,0,"Tank5","Heat"
"6618",2025-07-04 19:51:12,32.497,10.8,"Tank5","Heat"
"6619",2025-07-04 19:56:12,32.394,0,"Tank5","Heat"
"6620",2025-07-04 20:01:12,32.291,0,"Tank5","Heat"
"6621",2025-07-04 20:06:12,32.6,0,"Tank5","Heat"
"6622",2025-07-04 20:11:12,32.497,0,"Tank5","Heat"
"6623",2025-07-04 20:16:12,32.394,0,"Tank5","Heat"
"6624",2025-07-04 20:21:12,32.291,0,"Tank5","Heat"
"6625",2025-07-04 20:26:12,32.497,0,"Tank5","Heat"
"6626",2025-07-04 20:31:12,32.6,0,"Tank5","Heat"
"6627",2025-07-04 20:36:12,32.497,0,"Tank5","Heat"
"6628",2025-07-04 20:41:12,32.394,0,"Tank5","Heat"
"6629",2025-07-04 20:46:12,32.291,0,"Tank5","Heat"
"6630",2025-07-04 20:51:12,32.6,0,"Tank5","Heat"
"6631",2025-07-04 20:56:12,32.497,0,"Tank5","Heat"
"6632",2025-07-04 21:01:12,32.394,0,"Tank5","Heat"
"6633",2025-07-04 21:06:12,32.291,0,"Tank5","Heat"
"6634",2025-07-04 21:11:12,32.497,0,"Tank5","Heat"
"6635",2025-07-04 21:16:12,32.6,0,"Tank5","Heat"
"6636",2025-07-04 21:21:12,32.497,0,"Tank5","Heat"
"6637",2025-07-04 21:26:12,32.394,0,"Tank5","Heat"
"6638",2025-07-04 21:31:12,32.291,0,"Tank5","Heat"
"6639",2025-07-04 21:36:12,32.6,0,"Tank5","Heat"
"6640",2025-07-04 21:41:12,32.497,0,"Tank5","Heat"
"6641",2025-07-04 21:46:12,32.394,0,"Tank5","Heat"
"6642",2025-07-04 21:51:12,32.291,0,"Tank5","Heat"
"6643",2025-07-04 21:56:12,32.497,0,"Tank5","Heat"
"6644",2025-07-04 22:01:12,32.6,0,"Tank5","Heat"
"6645",2025-07-04 22:06:12,32.497,0,"Tank5","Heat"
"6646",2025-07-04 22:11:12,32.394,0,"Tank5","Heat"
"6647",2025-07-04 22:16:12,32.291,0,"Tank5","Heat"
"6648",2025-07-04 22:21:12,32.6,0,"Tank5","Heat"
"6649",2025-07-04 22:26:12,32.497,0,"Tank5","Heat"
"6650",2025-07-04 22:31:12,32.394,0,"Tank5","Heat"
"6651",2025-07-04 22:36:12,32.291,0,"Tank5","Heat"
"6652",2025-07-04 22:41:12,32.497,0,"Tank5","Heat"
"6653",2025-07-04 22:46:12,32.6,0,"Tank5","Heat"
"6654",2025-07-04 22:51:12,32.497,0,"Tank5","Heat"
"6655",2025-07-04 22:56:12,32.291,0,"Tank5","Heat"
"6656",2025-07-04 23:01:12,32.394,0,"Tank5","Heat"
"6657",2025-07-04 23:06:12,32.6,0,"Tank5","Heat"
"6658",2025-07-04 23:11:12,32.497,0,"Tank5","Heat"
"6659",2025-07-04 23:16:12,32.394,0,"Tank5","Heat"
"6660",2025-07-04 23:21:12,32.291,0,"Tank5","Heat"
"6661",2025-07-04 23:26:12,32.497,0,"Tank5","Heat"
"6662",2025-07-04 23:31:12,32.6,0,"Tank5","Heat"
"6663",2025-07-04 23:36:12,32.497,0,"Tank5","Heat"
"6664",2025-07-04 23:41:12,32.291,0,"Tank5","Heat"
"6665",2025-07-04 23:46:12,32.291,0,"Tank5","Heat"
"6666",2025-07-04 23:51:12,32.6,0,"Tank5","Heat"
"6667",2025-07-04 23:56:12,32.497,0,"Tank5","Heat"
"6668",2025-07-05 00:01:12,32.394,0,"Tank5","Heat"
"6669",2025-07-05 00:06:12,32.291,0,"Tank5","Heat"
"6670",2025-07-05 00:11:12,32.394,0,"Tank5","Heat"
"6671",2025-07-05 00:16:12,32.6,0,"Tank5","Heat"
"6672",2025-07-05 00:21:12,32.497,0,"Tank5","Heat"
"6673",2025-07-05 00:26:12,32.394,0,"Tank5","Heat"
"6674",2025-07-05 00:31:12,32.291,0,"Tank5","Heat"
"6675",2025-07-05 00:36:12,32.497,0,"Tank5","Heat"
"6676",2025-07-05 00:41:12,32.6,0,"Tank5","Heat"
"6677",2025-07-05 00:46:12,32.497,0,"Tank5","Heat"
"6678",2025-07-05 00:51:12,32.394,0,"Tank5","Heat"
"6679",2025-07-05 00:56:12,32.291,0,"Tank5","Heat"
"6680",2025-07-05 01:01:12,32.497,0,"Tank5","Heat"
"6681",2025-07-05 01:06:12,32.6,0,"Tank5","Heat"
"6682",2025-07-05 01:11:12,32.497,0,"Tank5","Heat"
"6683",2025-07-05 01:16:12,32.291,0,"Tank5","Heat"
"6684",2025-07-05 01:21:12,32.394,0,"Tank5","Heat"
"6685",2025-07-05 01:26:12,32.6,0,"Tank5","Heat"
"6686",2025-07-05 01:31:12,32.497,0,"Tank5","Heat"
"6687",2025-07-05 01:36:12,32.394,0,"Tank5","Heat"
"6688",2025-07-05 01:41:12,32.291,0,"Tank5","Heat"
"6689",2025-07-05 01:46:12,32.497,0,"Tank5","Heat"
"6690",2025-07-05 01:51:12,32.6,0,"Tank5","Heat"
"6691",2025-07-05 01:56:12,32.497,0,"Tank5","Heat"
"6692",2025-07-05 02:01:12,32.394,0,"Tank5","Heat"
"6693",2025-07-05 02:06:12,32.291,0,"Tank5","Heat"
"6694",2025-07-05 02:11:12,32.497,0,"Tank5","Heat"
"6695",2025-07-05 02:16:12,32.6,0,"Tank5","Heat"
"6696",2025-07-05 02:21:12,32.497,0,"Tank5","Heat"
"6697",2025-07-05 02:26:12,32.394,0,"Tank5","Heat"
"6698",2025-07-05 02:31:12,32.291,0,"Tank5","Heat"
"6699",2025-07-05 02:36:12,32.6,0,"Tank5","Heat"
"6700",2025-07-05 02:41:12,32.497,0,"Tank5","Heat"
"6701",2025-07-05 02:46:12,32.394,0,"Tank5","Heat"
"6702",2025-07-05 02:51:12,32.291,0,"Tank5","Heat"
"6703",2025-07-05 02:56:12,32.394,0,"Tank5","Heat"
"6704",2025-07-05 03:01:12,32.6,0,"Tank5","Heat"
"6705",2025-07-05 03:06:12,32.497,0,"Tank5","Heat"
"6706",2025-07-05 03:11:12,32.394,0,"Tank5","Heat"
"6707",2025-07-05 03:16:12,32.291,0,"Tank5","Heat"
"6708",2025-07-05 03:21:12,32.497,0,"Tank5","Heat"
"6709",2025-07-05 03:26:12,32.6,0,"Tank5","Heat"
"6710",2025-07-05 03:31:12,32.497,0,"Tank5","Heat"
"6711",2025-07-05 03:36:12,32.394,0,"Tank5","Heat"
"6712",2025-07-05 03:41:12,32.291,0,"Tank5","Heat"
"6713",2025-07-05 03:46:12,32.497,0,"Tank5","Heat"
"6714",2025-07-05 03:51:12,32.6,0,"Tank5","Heat"
"6715",2025-07-05 03:56:12,32.497,0,"Tank5","Heat"
"6716",2025-07-05 04:01:12,32.394,0,"Tank5","Heat"
"6717",2025-07-05 04:06:12,32.291,0,"Tank5","Heat"
"6718",2025-07-05 04:11:12,32.497,0,"Tank5","Heat"
"6719",2025-07-05 04:16:12,32.6,0,"Tank5","Heat"
"6720",2025-07-05 04:21:12,32.497,0,"Tank5","Heat"
"6721",2025-07-05 04:26:12,32.394,0,"Tank5","Heat"
"6722",2025-07-05 04:31:12,32.291,0,"Tank5","Heat"
"6723",2025-07-05 04:36:12,32.6,0,"Tank5","Heat"
"6724",2025-07-05 04:41:12,32.6,0,"Tank5","Heat"
"6725",2025-07-05 04:46:12,32.497,0,"Tank5","Heat"
"6726",2025-07-05 04:51:12,32.291,0,"Tank5","Heat"
"6727",2025-07-05 04:56:12,32.394,0,"Tank5","Heat"
"6728",2025-07-05 05:01:12,32.6,0,"Tank5","Heat"
"6729",2025-07-05 05:06:12,32.497,0,"Tank5","Heat"
"6730",2025-07-05 05:11:12,32.394,0,"Tank5","Heat"
"6731",2025-07-05 05:16:12,32.291,0,"Tank5","Heat"
"6732",2025-07-05 05:21:12,32.497,0,"Tank5","Heat"
"6733",2025-07-05 05:26:12,32.6,0,"Tank5","Heat"
"6734",2025-07-05 05:31:12,32.497,0,"Tank5","Heat"
"6735",2025-07-05 05:36:12,32.394,0,"Tank5","Heat"
"6736",2025-07-05 05:41:12,32.291,0,"Tank5","Heat"
"6737",2025-07-05 05:46:12,32.6,0,"Tank5","Heat"
"6738",2025-07-05 05:51:12,32.497,0,"Tank5","Heat"
"6739",2025-07-05 05:56:12,32.394,0,"Tank5","Heat"
"6740",2025-07-05 06:01:12,32.291,0,"Tank5","Heat"
"6741",2025-07-05 06:06:12,32.394,0,"Tank5","Heat"
"6742",2025-07-05 06:11:12,32.6,0,"Tank5","Heat"
"6743",2025-07-05 06:16:12,32.497,0,"Tank5","Heat"
"6744",2025-07-05 06:21:12,32.394,0,"Tank5","Heat"
"6745",2025-07-05 06:26:12,32.291,0,"Tank5","Heat"
"6746",2025-07-05 06:31:12,32.497,0,"Tank5","Heat"
"6747",2025-07-05 06:36:12,32.6,0,"Tank5","Heat"
"6748",2025-07-05 06:41:12,32.497,0,"Tank5","Heat"
"6749",2025-07-05 06:46:12,32.394,0,"Tank5","Heat"
"6750",2025-07-05 06:51:12,32.291,0,"Tank5","Heat"
"6751",2025-07-05 06:56:12,32.497,0,"Tank5","Heat"
"6752",2025-07-05 07:01:12,32.6,0,"Tank5","Heat"
"6753",2025-07-05 07:06:12,32.497,0,"Tank5","Heat"
"6754",2025-07-05 07:11:12,32.394,0,"Tank5","Heat"
"6755",2025-07-05 07:16:12,32.291,0,"Tank5","Heat"
"6756",2025-07-05 07:21:12,32.6,0,"Tank5","Heat"
"6757",2025-07-05 07:26:12,32.497,0,"Tank5","Heat"
"6758",2025-07-05 07:31:12,32.497,0,"Tank5","Heat"
"6759",2025-07-05 07:36:12,32.291,0,"Tank5","Heat"
"6760",2025-07-05 07:41:12,32.291,0,"Tank5","Heat"
"6761",2025-07-05 07:46:12,32.6,0,"Tank5","Heat"
"6762",2025-07-05 07:51:12,32.497,0,"Tank5","Heat"
"6763",2025-07-05 07:56:12,32.394,0,"Tank5","Heat"
"6764",2025-07-05 08:01:12,32.291,0,"Tank5","Heat"
"6765",2025-07-05 08:06:12,32.394,0,"Tank5","Heat"
"6766",2025-07-05 08:11:12,32.6,0,"Tank5","Heat"
"6767",2025-07-05 08:16:12,32.497,0,"Tank5","Heat"
"6768",2025-07-05 08:21:12,32.394,0,"Tank5","Heat"
"6769",2025-07-05 08:26:12,32.291,0,"Tank5","Heat"
"6770",2025-07-05 08:31:12,32.497,0,"Tank5","Heat"
"6771",2025-07-05 08:36:12,32.6,0,"Tank5","Heat"
"6772",2025-07-05 08:41:12,32.497,0,"Tank5","Heat"
"6773",2025-07-05 08:46:12,32.291,0,"Tank5","Heat"
"6774",2025-07-05 08:51:12,32.394,0,"Tank5","Heat"
"6775",2025-07-05 08:56:12,32.6,53.8,"Tank5","Heat"
"6776",2025-07-05 09:01:12,32.497,0,"Tank5","Heat"
"6777",2025-07-05 09:06:12,32.394,161.5,"Tank5","Heat"
"6778",2025-07-05 09:11:12,32.291,129.2,"Tank5","Heat"
"6779",2025-07-05 09:16:12,32.497,161.5,"Tank5","Heat"
"6780",2025-07-05 09:21:12,32.6,258.3,"Tank5","Heat"
"6781",2025-07-05 09:26:12,32.497,193.8,"Tank5","Heat"
"6782",2025-07-05 09:31:12,32.291,193.8,"Tank5","Heat"
"6783",2025-07-05 09:36:12,32.394,269.1,"Tank5","Heat"
"6784",2025-07-05 09:41:12,32.6,279.9,"Tank5","Heat"
"6785",2025-07-05 09:46:12,32.497,312.2,"Tank5","Heat"
"6786",2025-07-05 09:51:12,32.394,387.5,"Tank5","Heat"
"6787",2025-07-05 09:56:12,32.291,279.9,"Tank5","Heat"
"6788",2025-07-05 10:01:12,32.497,398.3,"Tank5","Heat"
"6789",2025-07-05 10:06:12,32.6,452.1,"Tank5","Heat"
"6790",2025-07-05 10:11:12,32.497,409,"Tank5","Heat"
"6791",2025-07-05 10:16:12,32.291,419.8,"Tank5","Heat"
"6792",2025-07-05 10:21:12,32.394,462.9,"Tank5","Heat"
"6793",2025-07-05 10:26:12,32.497,409,"Tank5","Heat"
"6794",2025-07-05 10:31:12,32.394,549,"Tank5","Heat"
"6795",2025-07-05 10:36:12,32.291,559.7,"Tank5","Heat"
"6796",2025-07-05 10:41:12,32.6,570.5,"Tank5","Heat"
"6797",2025-07-05 10:46:12,32.6,549,"Tank5","Heat"
"6798",2025-07-05 10:51:12,32.497,559.7,"Tank5","Heat"
"6799",2025-07-05 10:56:12,32.291,624.3,"Tank5","Heat"
"6800",2025-07-05 11:01:12,32.497,581.3,"Tank5","Heat"
"6801",2025-07-05 11:06:12,32.6,624.3,"Tank5","Heat"
"6802",2025-07-05 11:11:12,32.497,581.3,"Tank5","Heat"
"6803",2025-07-05 11:16:12,32.394,581.3,"Tank5","Heat"
"6804",2025-07-05 11:21:12,32.394,613.5,"Tank5","Heat"
"6805",2025-07-05 11:26:12,32.6,688.9,"Tank5","Heat"
"6806",2025-07-05 11:31:12,32.6,688.9,"Tank5","Heat"
"6807",2025-07-05 11:36:12,32.497,742.7,"Tank5","Heat"
"6808",2025-07-05 11:41:12,32.394,688.9,"Tank5","Heat"
"6809",2025-07-05 11:46:12,32.497,775,"Tank5","Heat"
"6810",2025-07-05 11:51:12,32.6,753.5,"Tank5","Heat"
"6811",2025-07-05 11:56:12,32.6,775,"Tank5","Heat"
"6812",2025-07-05 12:01:12,32.497,861.1,"Tank5","Heat"
"6813",2025-07-05 12:06:12,32.394,818.1,"Tank5","Heat"
"6814",2025-07-05 12:11:12,32.6,850.4,"Tank5","Heat"
"6815",2025-07-05 12:16:12,32.6,764.2,"Tank5","Heat"
"6816",2025-07-05 12:21:12,32.497,785.8,"Tank5","Heat"
"6817",2025-07-05 12:26:12,32.394,796.5,"Tank5","Heat"
"6818",2025-07-05 12:31:12,32.394,882.6,"Tank5","Heat"
"6819",2025-07-05 12:36:12,32.6,861.1,"Tank5","Heat"
"6820",2025-07-05 12:41:12,32.6,785.8,"Tank5","Heat"
"6821",2025-07-05 12:46:12,32.497,861.1,"Tank5","Heat"
"6822",2025-07-05 12:51:12,32.394,775,"Tank5","Heat"
"6823",2025-07-05 12:56:12,32.6,775,"Tank5","Heat"
"6824",2025-07-05 13:01:12,32.6,828.8,"Tank5","Heat"
"6825",2025-07-05 13:06:12,32.497,839.6,"Tank5","Heat"
"6826",2025-07-05 13:11:12,32.394,828.8,"Tank5","Heat"
"6827",2025-07-05 13:16:12,32.394,764.2,"Tank5","Heat"
"6828",2025-07-05 13:21:12,32.6,818.1,"Tank5","Heat"
"6829",2025-07-05 13:26:12,32.6,828.8,"Tank5","Heat"
"6830",2025-07-05 13:31:12,32.497,775,"Tank5","Heat"
"6831",2025-07-05 13:36:12,32.394,839.6,"Tank5","Heat"
"6832",2025-07-05 13:41:12,32.394,850.4,"Tank5","Heat"
"6833",2025-07-05 13:46:12,32.6,775,"Tank5","Heat"
"6834",2025-07-05 13:51:12,32.6,839.6,"Tank5","Heat"
"6835",2025-07-05 13:56:12,32.497,818.1,"Tank5","Heat"
"6836",2025-07-05 14:01:12,32.394,828.8,"Tank5","Heat"
"6837",2025-07-05 14:06:12,32.6,839.6,"Tank5","Heat"
"6838",2025-07-05 14:11:12,32.6,785.8,"Tank5","Heat"
"6839",2025-07-05 14:16:12,32.6,775,"Tank5","Heat"
"6840",2025-07-05 14:21:12,32.497,775,"Tank5","Heat"
"6841",2025-07-05 14:26:12,32.394,839.6,"Tank5","Heat"
"6842",2025-07-05 14:31:12,32.6,764.2,"Tank5","Heat"
"6843",2025-07-05 14:36:12,32.6,796.5,"Tank5","Heat"
"6844",2025-07-05 14:41:12,32.497,839.6,"Tank5","Heat"
"6845",2025-07-05 14:46:12,32.394,828.8,"Tank5","Heat"
"6846",2025-07-05 14:51:12,32.394,818.1,"Tank5","Heat"
"6847",2025-07-05 14:56:12,32.6,839.6,"Tank5","Heat"
"6848",2025-07-05 15:01:12,32.6,828.8,"Tank5","Heat"
"6849",2025-07-05 15:06:12,32.497,785.8,"Tank5","Heat"
"6850",2025-07-05 15:11:12,32.394,828.8,"Tank5","Heat"
"6851",2025-07-05 15:16:12,32.497,785.8,"Tank5","Heat"
"6852",2025-07-05 15:21:12,32.6,839.6,"Tank5","Heat"
"6853",2025-07-05 15:26:12,32.6,839.6,"Tank5","Heat"
"6854",2025-07-05 15:31:12,32.497,764.2,"Tank5","Heat"
"6855",2025-07-05 15:36:12,32.394,775,"Tank5","Heat"
"6856",2025-07-05 15:41:12,32.6,850.4,"Tank5","Heat"
"6857",2025-07-05 15:46:12,32.6,828.8,"Tank5","Heat"
"6858",2025-07-05 15:51:12,32.497,753.5,"Tank5","Heat"
"6859",2025-07-05 15:56:12,32.394,785.8,"Tank5","Heat"
"6860",2025-07-05 16:01:12,32.394,839.6,"Tank5","Heat"
"6861",2025-07-05 16:06:12,32.6,818.1,"Tank5","Heat"
"6862",2025-07-05 16:11:12,32.6,807.3,"Tank5","Heat"
"6863",2025-07-05 16:16:12,32.497,753.5,"Tank5","Heat"
"6864",2025-07-05 16:21:12,32.394,775,"Tank5","Heat"
"6865",2025-07-05 16:26:12,32.394,699.7,"Tank5","Heat"
"6866",2025-07-05 16:31:12,32.6,635.1,"Tank5","Heat"
"6867",2025-07-05 16:36:12,32.6,699.7,"Tank5","Heat"
"6868",2025-07-05 16:41:12,32.497,678.1,"Tank5","Heat"
"6869",2025-07-05 16:46:12,32.394,602.8,"Tank5","Heat"
"6870",2025-07-05 16:51:12,32.497,645.8,"Tank5","Heat"
"6871",2025-07-05 16:56:12,32.6,516.7,"Tank5","Heat"
"6872",2025-07-05 17:01:12,32.6,549,"Tank5","Heat"
"6873",2025-07-05 17:06:12,32.394,484.4,"Tank5","Heat"
"6874",2025-07-05 17:11:12,32.291,516.7,"Tank5","Heat"
"6875",2025-07-05 17:16:12,32.497,505.9,"Tank5","Heat"
"6876",2025-07-05 17:21:12,32.6,452.1,"Tank5","Heat"
"6877",2025-07-05 17:26:12,32.497,473.6,"Tank5","Heat"
"6878",2025-07-05 17:31:12,32.394,430.6,"Tank5","Heat"
"6879",2025-07-05 17:36:12,32.291,441.3,"Tank5","Heat"
"6880",2025-07-05 17:41:12,32.6,430.6,"Tank5","Heat"
"6881",2025-07-05 17:46:12,32.6,419.8,"Tank5","Heat"
"6882",2025-07-05 17:51:12,32.497,333.7,"Tank5","Heat"
"6883",2025-07-05 17:56:12,32.394,398.3,"Tank5","Heat"
"6884",2025-07-05 18:01:12,32.291,322.9,"Tank5","Heat"
"6885",2025-07-05 18:06:12,32.6,301.4,"Tank5","Heat"
"6886",2025-07-05 18:11:12,32.6,290.6,"Tank5","Heat"
"6887",2025-07-05 18:16:12,32.497,322.9,"Tank5","Heat"
"6888",2025-07-05 18:21:12,32.291,236.8,"Tank5","Heat"
"6889",2025-07-05 18:26:12,32.394,301.4,"Tank5","Heat"
"6890",2025-07-05 18:31:12,32.6,193.8,"Tank5","Heat"
"6891",2025-07-05 18:36:12,32.497,183,"Tank5","Heat"
"6892",2025-07-05 18:41:12,32.394,183,"Tank5","Heat"
"6893",2025-07-05 18:46:12,32.291,236.8,"Tank5","Heat"
"6894",2025-07-05 18:51:12,32.497,215.3,"Tank5","Heat"
"6895",2025-07-05 18:56:12,32.6,236.8,"Tank5","Heat"
"6896",2025-07-05 19:01:12,32.497,75.3,"Tank5","Heat"
"6897",2025-07-05 19:06:12,32.394,86.1,"Tank5","Heat"
"6898",2025-07-05 19:11:12,32.291,129.2,"Tank5","Heat"
"6899",2025-07-05 19:16:12,32.6,96.9,"Tank5","Heat"
"6900",2025-07-05 19:21:12,32.497,172.2,"Tank5","Heat"
"6901",2025-07-05 19:26:12,32.394,21.5,"Tank5","Heat"
"6902",2025-07-05 19:31:12,32.291,129.2,"Tank5","Heat"
"6903",2025-07-05 19:36:12,32.497,107.6,"Tank5","Heat"
"6904",2025-07-05 19:41:12,32.6,10.8,"Tank5","Heat"
"6905",2025-07-05 19:46:12,32.497,32.3,"Tank5","Heat"
"6906",2025-07-05 19:51:12,32.291,21.5,"Tank5","Heat"
"6907",2025-07-05 19:56:12,32.394,0,"Tank5","Heat"
"6908",2025-07-05 20:01:12,32.6,0,"Tank5","Heat"
"6909",2025-07-05 20:06:12,32.497,0,"Tank5","Heat"
"6910",2025-07-05 20:11:12,32.394,0,"Tank5","Heat"
"6911",2025-07-05 20:16:12,32.291,0,"Tank5","Heat"
"6912",2025-07-05 20:21:12,32.6,0,"Tank5","Heat"
"6913",2025-07-05 20:26:12,32.497,0,"Tank5","Heat"
"6914",2025-07-05 20:31:12,32.394,0,"Tank5","Heat"
"6915",2025-07-05 20:36:12,32.291,0,"Tank5","Heat"
"6916",2025-07-05 20:41:12,32.497,0,"Tank5","Heat"
"6917",2025-07-05 20:46:12,32.6,0,"Tank5","Heat"
"6918",2025-07-05 20:51:12,32.497,0,"Tank5","Heat"
"6919",2025-07-05 20:56:12,32.394,0,"Tank5","Heat"
"6920",2025-07-05 21:01:12,32.291,0,"Tank5","Heat"
"6921",2025-07-05 21:06:12,32.6,0,"Tank5","Heat"
"6922",2025-07-05 21:11:12,32.497,0,"Tank5","Heat"
"6923",2025-07-05 21:16:12,32.394,0,"Tank5","Heat"
"6924",2025-07-05 21:21:12,32.291,0,"Tank5","Heat"
"6925",2025-07-05 21:26:12,32.394,0,"Tank5","Heat"
"6926",2025-07-05 21:31:12,32.6,0,"Tank5","Heat"
"6927",2025-07-05 21:36:12,32.497,0,"Tank5","Heat"
"6928",2025-07-05 21:41:12,32.394,0,"Tank5","Heat"
"6929",2025-07-05 21:46:12,32.291,0,"Tank5","Heat"
"6930",2025-07-05 21:51:12,32.6,0,"Tank5","Heat"
"6931",2025-07-05 21:56:12,32.497,0,"Tank5","Heat"
"6932",2025-07-05 22:01:12,32.497,0,"Tank5","Heat"
"6933",2025-07-05 22:06:12,32.291,0,"Tank5","Heat"
"6934",2025-07-05 22:11:12,32.394,0,"Tank5","Heat"
"6935",2025-07-05 22:16:12,32.6,0,"Tank5","Heat"
"6936",2025-07-05 22:21:12,32.497,0,"Tank5","Heat"
"6937",2025-07-05 22:26:12,32.394,0,"Tank5","Heat"
"6938",2025-07-05 22:31:12,32.291,0,"Tank5","Heat"
"6939",2025-07-05 22:36:12,32.6,0,"Tank5","Heat"
"6940",2025-07-05 22:41:12,32.6,0,"Tank5","Heat"
"6941",2025-07-05 22:46:12,32.394,0,"Tank5","Heat"
"6942",2025-07-05 22:51:12,32.291,0,"Tank5","Heat"
"6943",2025-07-05 22:56:12,32.394,0,"Tank5","Heat"
"6944",2025-07-05 23:01:12,32.6,0,"Tank5","Heat"
"6945",2025-07-05 23:06:12,32.497,0,"Tank5","Heat"
"6946",2025-07-05 23:11:12,32.394,0,"Tank5","Heat"
"6947",2025-07-05 23:16:12,32.291,0,"Tank5","Heat"
"6948",2025-07-05 23:21:12,32.497,0,"Tank5","Heat"
"6949",2025-07-05 23:26:12,32.497,0,"Tank5","Heat"
"6950",2025-07-05 23:31:12,32.394,0,"Tank5","Heat"
"6951",2025-07-05 23:36:12,32.291,0,"Tank5","Heat"
"6952",2025-07-05 23:41:12,32.497,0,"Tank5","Heat"
"6953",2025-07-05 23:46:12,32.6,0,"Tank5","Heat"
"6954",2025-07-05 23:51:12,32.497,0,"Tank5","Heat"
"6955",2025-07-05 23:56:12,32.394,0,"Tank5","Heat"
"6956",2025-07-06 00:01:12,32.291,0,"Tank5","Heat"
"6957",2025-07-06 00:06:12,32.6,0,"Tank5","Heat"
"6958",2025-07-06 00:11:12,32.497,0,"Tank5","Heat"
"6959",2025-07-06 00:16:12,32.394,0,"Tank5","Heat"
"6960",2025-07-06 00:21:12,32.291,0,"Tank5","Heat"
"6961",2025-07-06 00:26:12,32.497,0,"Tank5","Heat"
"6962",2025-07-06 00:31:12,32.6,0,"Tank5","Heat"
"6963",2025-07-06 00:36:12,32.497,0,"Tank5","Heat"
"6964",2025-07-06 00:41:12,32.394,0,"Tank5","Heat"
"6965",2025-07-06 00:46:12,32.291,0,"Tank5","Heat"
"6966",2025-07-06 00:51:12,32.6,0,"Tank5","Heat"
"6967",2025-07-06 00:56:12,32.497,0,"Tank5","Heat"
"6968",2025-07-06 01:01:12,32.394,0,"Tank5","Heat"
"6969",2025-07-06 01:06:12,32.291,0,"Tank5","Heat"
"6970",2025-07-06 01:11:12,32.497,0,"Tank5","Heat"
"6971",2025-07-06 01:16:12,32.6,0,"Tank5","Heat"
"6972",2025-07-06 01:21:12,32.497,0,"Tank5","Heat"
"6973",2025-07-06 01:26:12,32.394,0,"Tank5","Heat"
"6974",2025-07-06 01:31:12,32.291,0,"Tank5","Heat"
"6975",2025-07-06 01:36:12,32.6,0,"Tank5","Heat"
"6976",2025-07-06 01:41:12,32.497,0,"Tank5","Heat"
"6977",2025-07-06 01:46:12,32.394,0,"Tank5","Heat"
"6978",2025-07-06 01:51:12,32.291,0,"Tank5","Heat"
"6979",2025-07-06 01:56:12,32.394,0,"Tank5","Heat"
"6980",2025-07-06 02:01:12,32.6,0,"Tank5","Heat"
"6981",2025-07-06 02:06:12,32.497,0,"Tank5","Heat"
"6982",2025-07-06 02:11:12,32.394,0,"Tank5","Heat"
"6983",2025-07-06 02:16:12,32.291,0,"Tank5","Heat"
"6984",2025-07-06 02:21:12,32.497,0,"Tank5","Heat"
"6985",2025-07-06 02:26:12,32.6,0,"Tank5","Heat"
"6986",2025-07-06 02:31:12,32.394,0,"Tank5","Heat"
"6987",2025-07-06 02:36:12,32.291,0,"Tank5","Heat"
"6988",2025-07-06 02:41:12,32.497,0,"Tank5","Heat"
"6989",2025-07-06 02:46:12,32.6,0,"Tank5","Heat"
"6990",2025-07-06 02:51:12,32.497,0,"Tank5","Heat"
"6991",2025-07-06 02:56:12,32.394,0,"Tank5","Heat"
"6992",2025-07-06 03:01:12,32.291,0,"Tank5","Heat"
"6993",2025-07-06 03:06:12,32.6,0,"Tank5","Heat"
"6994",2025-07-06 03:11:12,32.497,0,"Tank5","Heat"
"6995",2025-07-06 03:16:12,32.394,0,"Tank5","Heat"
"6996",2025-07-06 03:21:12,32.291,0,"Tank5","Heat"
"6997",2025-07-06 03:26:12,32.497,0,"Tank5","Heat"
"6998",2025-07-06 03:31:12,32.6,0,"Tank5","Heat"
"6999",2025-07-06 03:36:12,32.497,0,"Tank5","Heat"
"7000",2025-07-06 03:41:12,32.394,0,"Tank5","Heat"
"7001",2025-07-06 03:46:12,32.291,0,"Tank5","Heat"
"7002",2025-07-06 03:51:12,32.6,0,"Tank5","Heat"
"7003",2025-07-06 03:56:12,32.497,0,"Tank5","Heat"
"7004",2025-07-06 04:01:12,32.497,0,"Tank5","Heat"
"7005",2025-07-06 04:06:12,32.291,0,"Tank5","Heat"
"7006",2025-07-06 04:11:12,32.394,0,"Tank5","Heat"
"7007",2025-07-06 04:16:12,32.6,0,"Tank5","Heat"
"7008",2025-07-06 04:21:12,32.497,0,"Tank5","Heat"
"7009",2025-07-06 04:26:12,32.394,0,"Tank5","Heat"
"7010",2025-07-06 04:31:12,32.291,0,"Tank5","Heat"
"7011",2025-07-06 04:36:12,32.497,0,"Tank5","Heat"
"7012",2025-07-06 04:41:12,32.6,0,"Tank5","Heat"
"7013",2025-07-06 04:46:12,32.497,0,"Tank5","Heat"
"7014",2025-07-06 04:51:12,32.291,0,"Tank5","Heat"
"7015",2025-07-06 04:56:12,32.394,0,"Tank5","Heat"
"7016",2025-07-06 05:01:12,32.6,0,"Tank5","Heat"
"7017",2025-07-06 05:06:12,32.497,0,"Tank5","Heat"
"7018",2025-07-06 05:11:12,32.394,0,"Tank5","Heat"
"7019",2025-07-06 05:16:12,32.291,0,"Tank5","Heat"
"7020",2025-07-06 05:21:12,32.497,0,"Tank5","Heat"
"7021",2025-07-06 05:26:12,32.6,0,"Tank5","Heat"
"7022",2025-07-06 05:31:12,32.497,0,"Tank5","Heat"
"7023",2025-07-06 05:36:12,32.394,0,"Tank5","Heat"
"7024",2025-07-06 05:41:12,32.291,0,"Tank5","Heat"
"7025",2025-07-06 05:46:12,32.6,0,"Tank5","Heat"
"7026",2025-07-06 05:51:12,32.497,0,"Tank5","Heat"
"7027",2025-07-06 05:56:12,32.394,0,"Tank5","Heat"
"7028",2025-07-06 06:01:12,32.291,0,"Tank5","Heat"
"7029",2025-07-06 06:06:12,32.497,0,"Tank5","Heat"
"7030",2025-07-06 06:11:12,32.6,0,"Tank5","Heat"
"7031",2025-07-06 06:16:12,32.497,0,"Tank5","Heat"
"7032",2025-07-06 06:21:12,32.394,0,"Tank5","Heat"
"7033",2025-07-06 06:26:12,32.291,0,"Tank5","Heat"
"7034",2025-07-06 06:31:12,32.6,0,"Tank5","Heat"
"7035",2025-07-06 06:36:12,32.497,0,"Tank5","Heat"
"7036",2025-07-06 06:41:12,32.394,0,"Tank5","Heat"
"7037",2025-07-06 06:46:12,32.291,0,"Tank5","Heat"
"7038",2025-07-06 06:51:12,32.394,0,"Tank5","Heat"
"7039",2025-07-06 06:56:12,32.6,0,"Tank5","Heat"
"7040",2025-07-06 07:01:12,32.497,0,"Tank5","Heat"
"7041",2025-07-06 07:06:12,32.394,0,"Tank5","Heat"
"7042",2025-07-06 07:11:12,32.291,0,"Tank5","Heat"
"7043",2025-07-06 07:16:12,32.6,0,"Tank5","Heat"
"7044",2025-07-06 07:21:12,32.497,0,"Tank5","Heat"
"7045",2025-07-06 07:26:12,32.394,0,"Tank5","Heat"
"7046",2025-07-06 07:31:12,32.291,0,"Tank5","Heat"
"7047",2025-07-06 07:36:12,32.394,0,"Tank5","Heat"
"7048",2025-07-06 07:41:12,32.6,0,"Tank5","Heat"
"7049",2025-07-06 07:46:12,32.497,0,"Tank5","Heat"
"7050",2025-07-06 07:51:12,32.394,0,"Tank5","Heat"
"7051",2025-07-06 07:56:12,32.291,0,"Tank5","Heat"
"7052",2025-07-06 08:01:12,32.6,0,"Tank5","Heat"
"7053",2025-07-06 08:06:12,32.497,0,"Tank5","Heat"
"7054",2025-07-06 08:11:12,32.394,10.8,"Tank5","Heat"
"7055",2025-07-06 08:16:12,32.291,32.3,"Tank5","Heat"
"7056",2025-07-06 08:21:12,32.497,21.5,"Tank5","Heat"
"7057",2025-07-06 08:26:12,32.6,53.8,"Tank5","Heat"
"7058",2025-07-06 08:31:12,32.497,10.8,"Tank5","Heat"
"7059",2025-07-06 08:36:12,32.291,96.9,"Tank5","Heat"
"7060",2025-07-06 08:41:12,32.394,21.5,"Tank5","Heat"
"7061",2025-07-06 08:46:12,32.6,118.4,"Tank5","Heat"
"7062",2025-07-06 08:51:12,32.497,43.1,"Tank5","Heat"
"7063",2025-07-06 08:56:12,32.394,150.7,"Tank5","Heat"
"7064",2025-07-06 09:01:12,32.291,53.8,"Tank5","Heat"
"7065",2025-07-06 09:06:12,32.497,118.4,"Tank5","Heat"
"7066",2025-07-06 09:11:12,32.6,107.6,"Tank5","Heat"
"7067",2025-07-06 09:16:12,32.497,129.2,"Tank5","Heat"
"7068",2025-07-06 09:21:12,32.394,129.2,"Tank5","Heat"
"7069",2025-07-06 09:26:12,32.394,118.4,"Tank5","Heat"
"7070",2025-07-06 09:31:12,32.6,150.7,"Tank5","Heat"
"7071",2025-07-06 09:36:12,32.497,150.7,"Tank5","Heat"
"7072",2025-07-06 09:41:12,32.394,290.6,"Tank5","Heat"
"7073",2025-07-06 09:46:12,32.188,344.4,"Tank5","Heat"
"7074",2025-07-06 09:51:12,32.497,0,"Tank5","Heat"
"7075",2025-07-06 09:56:12,32.6,0,"Tank5","Heat"
"7076",2025-07-06 10:01:12,32.497,0,"Tank5","Heat"
"7077",2025-07-06 10:06:12,32.291,0,"Tank5","Heat"
"7078",2025-07-06 10:11:12,32.394,0,"Tank5","Heat"
"7079",2025-07-06 10:16:12,32.6,0,"Tank5","Heat"
"7080",2025-07-06 10:21:12,32.497,0,"Tank5","Heat"
"7081",2025-07-06 10:26:12,32.394,0,"Tank5","Heat"
"7082",2025-07-06 10:31:12,32.291,0,"Tank5","Heat"
"7083",2025-07-06 10:36:12,32.497,0,"Tank5","Heat"
"7084",2025-07-06 10:41:12,32.497,0,"Tank5","Heat"
"7085",2025-07-06 10:46:12,32.394,0,"Tank5","Heat"
"7086",2025-07-06 10:51:12,32.291,0,"Tank5","Heat"
"7087",2025-07-06 10:56:12,32.497,0,"Tank5","Heat"
"7088",2025-07-06 11:01:12,32.497,0,"Tank5","Heat"
"7089",2025-07-06 11:06:12,32.394,0,"Tank5","Heat"
"7090",2025-07-06 11:11:12,32.291,0,"Tank5","Heat"
"7091",2025-07-06 11:16:12,32.394,53.8,"Tank5","Heat"
"7092",2025-07-06 11:21:12,32.6,699.7,"Tank5","Heat"
"7093",2025-07-06 11:26:12,32.497,721.2,"Tank5","Heat"
"7094",2025-07-06 11:31:12,32.394,678.1,"Tank5","Heat"
"7095",2025-07-06 11:36:12,32.394,710.4,"Tank5","Heat"
"7096",2025-07-06 11:41:12,32.497,785.8,"Tank5","Heat"
"7097",2025-07-06 11:46:12,32.394,785.8,"Tank5","Heat"
"7098",2025-07-06 11:51:12,32.291,753.5,"Tank5","Heat"
"7099",2025-07-06 11:56:12,32.291,818.1,"Tank5","Heat"
"7100",2025-07-06 12:01:12,32.6,828.8,"Tank5","Heat"
"7101",2025-07-06 12:06:12,32.6,861.1,"Tank5","Heat"
"7102",2025-07-06 12:11:12,32.497,882.6,"Tank5","Heat"
"7103",2025-07-06 12:16:12,32.394,818.1,"Tank5","Heat"
"7104",2025-07-06 12:21:12,32.291,861.1,"Tank5","Heat"
"7105",2025-07-06 12:26:12,32.6,828.8,"Tank5","Heat"
"7106",2025-07-06 12:31:12,32.497,850.4,"Tank5","Heat"
"7107",2025-07-06 12:36:12,32.394,850.4,"Tank5","Heat"
"7108",2025-07-06 12:41:12,32.291,818.1,"Tank5","Heat"
"7109",2025-07-06 12:46:12,32.291,850.4,"Tank5","Heat"
"7110",2025-07-06 12:51:12,32.497,839.6,"Tank5","Heat"
"7111",2025-07-06 12:56:12,32.497,828.8,"Tank5","Heat"
"7112",2025-07-06 13:01:12,32.394,753.5,"Tank5","Heat"
"7113",2025-07-06 13:06:12,32.291,839.6,"Tank5","Heat"
"7114",2025-07-06 13:11:12,32.291,764.2,"Tank5","Heat"
"7115",2025-07-06 13:16:12,32.497,818.1,"Tank5","Heat"
"7116",2025-07-06 13:21:12,32.497,785.8,"Tank5","Heat"
"7117",2025-07-06 13:26:12,32.394,828.8,"Tank5","Heat"
"7118",2025-07-06 13:31:12,32.291,839.6,"Tank5","Heat"
"7119",2025-07-06 13:36:12,32.291,796.5,"Tank5","Heat"
"7120",2025-07-06 13:41:12,32.497,807.3,"Tank5","Heat"
"7121",2025-07-06 13:46:12,32.497,785.8,"Tank5","Heat"
"7122",2025-07-06 13:51:12,32.394,764.2,"Tank5","Heat"
"7123",2025-07-06 13:56:12,32.291,818.1,"Tank5","Heat"
"7124",2025-07-06 14:01:12,32.291,742.7,"Tank5","Heat"
"7125",2025-07-06 14:06:12,32.497,807.3,"Tank5","Heat"
"7126",2025-07-06 14:11:12,32.497,753.5,"Tank5","Heat"
"7127",2025-07-06 14:16:12,32.394,742.7,"Tank5","Heat"
"7128",2025-07-06 14:21:12,32.291,764.2,"Tank5","Heat"
"7129",2025-07-06 14:26:12,32.291,775,"Tank5","Heat"
"7130",2025-07-06 14:31:12,32.497,753.5,"Tank5","Heat"
"7131",2025-07-06 14:36:12,32.497,807.3,"Tank5","Heat"
"7132",2025-07-06 14:41:12,32.394,742.7,"Tank5","Heat"
"7133",2025-07-06 14:46:12,32.291,753.5,"Tank5","Heat"
"7134",2025-07-06 14:51:12,32.291,796.5,"Tank5","Heat"
"7135",2025-07-06 14:56:12,32.497,818.1,"Tank5","Heat"
"7136",2025-07-06 15:01:12,32.497,742.7,"Tank5","Heat"
"7137",2025-07-06 15:06:12,32.394,742.7,"Tank5","Heat"
"7138",2025-07-06 15:11:12,32.291,764.2,"Tank5","Heat"
"7139",2025-07-06 15:16:12,32.188,807.3,"Tank5","Heat"
"7140",2025-07-06 15:21:12,32.497,764.2,"Tank5","Heat"
"7141",2025-07-06 15:26:12,32.497,731.9,"Tank5","Heat"
"7142",2025-07-06 15:31:12,32.497,753.5,"Tank5","Heat"
"7143",2025-07-06 15:36:12,32.394,764.2,"Tank5","Heat"
"7144",2025-07-06 15:41:12,32.291,753.5,"Tank5","Heat"
"7145",2025-07-06 15:46:12,32.394,764.2,"Tank5","Heat"
"7146",2025-07-06 15:51:12,32.497,764.2,"Tank5","Heat"
"7147",2025-07-06 15:56:12,32.497,807.3,"Tank5","Heat"
"7148",2025-07-06 16:01:12,32.394,807.3,"Tank5","Heat"
"7149",2025-07-06 16:06:12,32.291,764.2,"Tank5","Heat"
"7150",2025-07-06 16:11:12,32.394,775,"Tank5","Heat"
"7151",2025-07-06 16:16:12,32.497,742.7,"Tank5","Heat"
"7152",2025-07-06 16:21:12,32.497,742.7,"Tank5","Heat"
"7153",2025-07-06 16:26:12,32.394,731.9,"Tank5","Heat"
"7154",2025-07-06 16:31:12,32.291,688.9,"Tank5","Heat"
"7155",2025-07-06 16:36:12,32.291,624.3,"Tank5","Heat"
"7156",2025-07-06 16:41:12,32.497,592,"Tank5","Heat"
"7157",2025-07-06 16:46:12,32.497,635.1,"Tank5","Heat"
"7158",2025-07-06 16:51:12,32.394,581.3,"Tank5","Heat"
"7159",2025-07-06 16:56:12,32.291,538.2,"Tank5","Heat"
"7160",2025-07-06 17:01:12,32.188,592,"Tank5","Heat"
"7161",2025-07-06 17:06:12,32.086,592,"Tank5","Heat"
"7162",2025-07-06 17:11:12,31.983,452.1,"Tank5","Heat"
"7163",2025-07-06 17:16:12,31.88,549,"Tank5","Heat"
"7164",2025-07-06 17:21:12,31.778,473.6,"Tank5","Heat"
"7165",2025-07-06 17:26:12,31.676,473.6,"Tank5","Heat"
"7166",2025-07-06 17:31:12,31.574,473.6,"Tank5","Heat"
"7167",2025-07-06 17:36:12,31.472,430.6,"Tank5","Heat"
"7168",2025-07-06 17:41:12,31.37,419.8,"Tank5","Heat"
"7169",2025-07-06 17:46:12,31.268,473.6,"Tank5","Heat"
"7170",2025-07-06 17:51:12,31.166,312.2,"Tank5","Heat"
"7171",2025-07-06 17:56:12,31.064,301.4,"Tank5","Heat"
"7172",2025-07-06 18:01:12,30.963,279.9,"Tank5","Heat"
"7173",2025-07-06 18:06:12,30.862,322.9,"Tank5","Heat"
"7174",2025-07-06 18:11:12,30.76,236.8,"Tank5","Heat"
"7175",2025-07-06 18:16:12,30.659,312.2,"Tank5","Heat"
"7176",2025-07-06 18:21:12,30.558,312.2,"Tank5","Heat"
"7177",2025-07-06 18:26:12,30.457,279.9,"Tank5","Heat"
"7178",2025-07-06 18:31:12,30.356,215.3,"Tank5","Heat"
"7179",2025-07-06 18:36:12,30.255,226,"Tank5","Heat"
"7180",2025-07-06 18:41:12,30.457,172.2,"Tank5","Heat"
"7181",2025-07-06 18:46:12,30.862,215.3,"Tank5","Heat"
"7182",2025-07-06 18:51:12,31.268,279.9,"Tank5","Heat"
"7183",2025-07-06 18:56:12,31.676,86.1,"Tank5","Heat"
"7184",2025-07-06 19:01:12,32.188,247.6,"Tank5","Heat"
"7185",2025-07-06 19:06:12,32.497,53.8,"Tank5","Heat"
"7186",2025-07-06 19:11:12,32.497,150.7,"Tank5","Heat"
"7187",2025-07-06 19:16:12,32.394,86.1,"Tank5","Heat"
"7188",2025-07-06 19:21:12,32.291,75.3,"Tank5","Heat"
"7189",2025-07-06 19:26:12,32.394,21.5,"Tank5","Heat"
"7190",2025-07-06 19:31:12,32.497,0,"Tank5","Heat"
"7191",2025-07-06 19:36:12,32.497,21.5,"Tank5","Heat"
"7192",2025-07-06 19:41:12,32.291,107.6,"Tank5","Heat"
"7193",2025-07-06 19:46:12,32.291,10.8,"Tank5","Heat"
"7194",2025-07-06 19:51:12,32.497,10.8,"Tank5","Heat"
"7195",2025-07-06 19:56:12,32.497,0,"Tank5","Heat"
"7196",2025-07-06 20:01:12,32.394,0,"Tank5","Heat"
"7197",2025-07-06 20:06:12,32.291,0,"Tank5","Heat"
"7198",2025-07-06 20:11:12,32.394,0,"Tank5","Heat"
"7199",2025-07-06 20:16:12,32.497,0,"Tank5","Heat"
"7200",2025-07-06 20:21:12,32.497,0,"Tank5","Heat"
"7201",2025-07-06 20:26:12,32.394,0,"Tank5","Heat"
"7202",2025-07-06 20:31:12,32.291,0,"Tank5","Heat"
"7203",2025-07-06 20:36:12,32.497,0,"Tank5","Heat"
"7204",2025-07-06 20:41:12,32.497,0,"Tank5","Heat"
"7205",2025-07-06 20:46:12,32.394,0,"Tank5","Heat"
"7206",2025-07-06 20:51:12,32.291,0,"Tank5","Heat"
"7207",2025-07-06 20:56:12,32.291,0,"Tank5","Heat"
"7208",2025-07-06 21:01:12,32.497,0,"Tank5","Heat"
"7209",2025-07-06 21:06:12,32.497,0,"Tank5","Heat"
"7210",2025-07-06 21:11:12,32.291,0,"Tank5","Heat"
"7211",2025-07-06 21:16:12,32.291,0,"Tank5","Heat"
"7212",2025-07-06 21:21:12,32.497,0,"Tank5","Heat"
"7213",2025-07-06 21:26:12,32.497,0,"Tank5","Heat"
"7214",2025-07-06 21:31:12,32.394,0,"Tank5","Heat"
"7215",2025-07-06 21:36:12,32.291,0,"Tank5","Heat"
"7216",2025-07-06 21:41:12,32.291,0,"Tank5","Heat"
"7217",2025-07-06 21:46:12,32.497,0,"Tank5","Heat"
"7218",2025-07-06 21:51:12,32.497,0,"Tank5","Heat"
"7219",2025-07-06 21:56:12,32.394,0,"Tank5","Heat"
"7220",2025-07-06 22:01:12,32.291,0,"Tank5","Heat"
"7221",2025-07-06 22:06:12,32.497,0,"Tank5","Heat"
"7222",2025-07-06 22:11:12,32.497,0,"Tank5","Heat"
"7223",2025-07-06 22:16:12,32.394,0,"Tank5","Heat"
"7224",2025-07-06 22:21:12,32.291,0,"Tank5","Heat"
"7225",2025-07-06 22:26:12,32.291,0,"Tank5","Heat"
"7226",2025-07-06 22:31:12,32.497,0,"Tank5","Heat"
"7227",2025-07-06 22:36:12,32.497,0,"Tank5","Heat"
"7228",2025-07-06 22:41:12,32.394,0,"Tank5","Heat"
"7229",2025-07-06 22:46:12,32.291,0,"Tank5","Heat"
"7230",2025-07-06 22:51:12,32.394,0,"Tank5","Heat"
"7231",2025-07-06 22:56:12,32.497,0,"Tank5","Heat"
"7232",2025-07-06 23:01:12,32.394,0,"Tank5","Heat"
"7233",2025-07-06 23:06:12,32.291,0,"Tank5","Heat"
"7234",2025-07-06 23:11:12,32.291,0,"Tank5","Heat"
"7235",2025-07-06 23:16:12,32.497,0,"Tank5","Heat"
"7236",2025-07-06 23:21:12,32.497,0,"Tank5","Heat"
"7237",2025-07-06 23:26:12,32.394,0,"Tank5","Heat"
"7238",2025-07-06 23:31:12,32.291,0,"Tank5","Heat"
"7239",2025-07-06 23:36:12,32.394,0,"Tank5","Heat"
"7240",2025-07-06 23:41:12,32.497,0,"Tank5","Heat"
"7241",2025-07-06 23:46:12,32.497,0,"Tank5","Heat"
"7242",2025-07-06 23:51:12,32.291,0,"Tank5","Heat"
"7243",2025-07-06 23:56:12,32.291,0,"Tank5","Heat"
"7244",2025-07-07 00:01:12,32.497,0,"Tank5","Heat"
"7245",2025-07-07 00:06:12,32.497,0,"Tank5","Heat"
"7246",2025-07-07 00:11:12,32.394,0,"Tank5","Heat"
"7247",2025-07-07 00:16:12,32.291,0,"Tank5","Heat"
"7248",2025-07-07 00:21:12,32.394,0,"Tank5","Heat"
"7249",2025-07-07 00:26:12,32.497,0,"Tank5","Heat"
"7250",2025-07-07 00:31:12,32.497,0,"Tank5","Heat"
"7251",2025-07-07 00:36:12,32.394,0,"Tank5","Heat"
"7252",2025-07-07 00:41:12,32.291,0,"Tank5","Heat"
"7253",2025-07-07 00:46:12,32.497,0,"Tank5","Heat"
"7254",2025-07-07 00:51:12,32.497,0,"Tank5","Heat"
"7255",2025-07-07 00:56:12,32.394,0,"Tank5","Heat"
"7256",2025-07-07 01:01:12,32.291,0,"Tank5","Heat"
"7257",2025-07-07 01:06:12,32.291,0,"Tank5","Heat"
"7258",2025-07-07 01:11:12,32.497,0,"Tank5","Heat"
"7259",2025-07-07 01:16:12,32.497,0,"Tank5","Heat"
"7260",2025-07-07 01:21:12,32.394,0,"Tank5","Heat"
"7261",2025-07-07 01:26:12,32.188,0,"Tank5","Heat"
"7262",2025-07-07 01:31:12,32.497,0,"Tank5","Heat"
"7263",2025-07-07 01:36:12,32.497,0,"Tank5","Heat"
"7264",2025-07-07 01:41:12,32.394,0,"Tank5","Heat"
"7265",2025-07-07 01:46:12,32.291,0,"Tank5","Heat"
"7266",2025-07-07 01:51:12,32.291,0,"Tank5","Heat"
"7267",2025-07-07 01:56:12,32.497,0,"Tank5","Heat"
"7268",2025-07-07 02:01:12,32.497,0,"Tank5","Heat"
"7269",2025-07-07 02:06:12,32.394,0,"Tank5","Heat"
"7270",2025-07-07 02:11:12,32.188,0,"Tank5","Heat"
"7271",2025-07-07 02:16:12,32.394,0,"Tank5","Heat"
"7272",2025-07-07 02:21:12,32.497,0,"Tank5","Heat"
"7273",2025-07-07 02:26:12,32.394,0,"Tank5","Heat"
"7274",2025-07-07 02:31:12,32.291,0,"Tank5","Heat"
"7275",2025-07-07 02:36:12,32.291,0,"Tank5","Heat"
"7276",2025-07-07 02:41:12,32.497,0,"Tank5","Heat"
"7277",2025-07-07 02:46:12,32.497,0,"Tank5","Heat"
"7278",2025-07-07 02:51:12,32.394,0,"Tank5","Heat"
"7279",2025-07-07 02:56:12,32.291,0,"Tank5","Heat"
"7280",2025-07-07 03:01:12,32.394,0,"Tank5","Heat"
"7281",2025-07-07 03:06:12,32.497,0,"Tank5","Heat"
"7282",2025-07-07 03:11:12,32.394,0,"Tank5","Heat"
"7283",2025-07-07 03:16:12,32.291,0,"Tank5","Heat"
"7284",2025-07-07 03:21:12,32.291,0,"Tank5","Heat"
"7285",2025-07-07 03:26:12,32.497,0,"Tank5","Heat"
"7286",2025-07-07 03:31:12,32.497,0,"Tank5","Heat"
"7287",2025-07-07 03:36:12,32.394,0,"Tank5","Heat"
"7288",2025-07-07 03:41:12,32.291,0,"Tank5","Heat"
"7289",2025-07-07 03:46:12,32.497,0,"Tank5","Heat"
"7290",2025-07-07 03:51:12,32.497,0,"Tank5","Heat"
"7291",2025-07-07 03:56:12,32.394,0,"Tank5","Heat"
"7292",2025-07-07 04:01:12,32.291,0,"Tank5","Heat"
"7293",2025-07-07 04:06:12,32.394,0,"Tank5","Heat"
"7294",2025-07-07 04:11:12,32.497,0,"Tank5","Heat"
"7295",2025-07-07 04:16:12,32.497,0,"Tank5","Heat"
"7296",2025-07-07 04:21:12,32.291,0,"Tank5","Heat"
"7297",2025-07-07 04:26:12,32.188,0,"Tank5","Heat"
"7298",2025-07-07 04:31:12,32.497,0,"Tank5","Heat"
"7299",2025-07-07 04:36:12,32.497,0,"Tank5","Heat"
"7300",2025-07-07 04:41:12,32.394,0,"Tank5","Heat"
"7301",2025-07-07 04:46:12,32.291,0,"Tank5","Heat"
"7302",2025-07-07 04:51:12,32.291,0,"Tank5","Heat"
"7303",2025-07-07 04:56:12,32.497,0,"Tank5","Heat"
"7304",2025-07-07 05:01:12,32.497,0,"Tank5","Heat"
"7305",2025-07-07 05:06:12,32.394,0,"Tank5","Heat"
"7306",2025-07-07 05:11:12,32.291,0,"Tank5","Heat"
"7307",2025-07-07 05:16:12,32.394,0,"Tank5","Heat"
"7308",2025-07-07 05:21:12,32.497,0,"Tank5","Heat"
"7309",2025-07-07 05:26:12,32.394,0,"Tank5","Heat"
"7310",2025-07-07 05:31:12,32.291,0,"Tank5","Heat"
"7311",2025-07-07 05:36:12,32.291,0,"Tank5","Heat"
"7312",2025-07-07 05:41:12,32.497,0,"Tank5","Heat"
"7313",2025-07-07 05:46:12,32.497,0,"Tank5","Heat"
"7314",2025-07-07 05:51:12,32.394,0,"Tank5","Heat"
"7315",2025-07-07 05:56:12,32.291,0,"Tank5","Heat"
"7316",2025-07-07 06:01:12,32.394,0,"Tank5","Heat"
"7317",2025-07-07 06:06:12,32.497,0,"Tank5","Heat"
"7318",2025-07-07 06:11:12,32.394,0,"Tank5","Heat"
"7319",2025-07-07 06:16:12,32.291,0,"Tank5","Heat"
"7320",2025-07-07 06:21:12,32.291,0,"Tank5","Heat"
"7321",2025-07-07 06:26:12,32.497,0,"Tank5","Heat"
"7322",2025-07-07 06:31:12,32.497,0,"Tank5","Heat"
"7323",2025-07-07 06:36:12,32.394,0,"Tank5","Heat"
"7324",2025-07-07 06:41:12,32.188,0,"Tank5","Heat"
"7325",2025-07-07 06:46:12,32.394,0,"Tank5","Heat"
"7326",2025-07-07 06:51:12,32.497,0,"Tank5","Heat"
"7327",2025-07-07 06:56:12,32.394,0,"Tank5","Heat"
"7328",2025-07-07 07:01:12,32.291,0,"Tank5","Heat"
"7329",2025-07-07 07:06:12,32.291,0,"Tank5","Heat"
"7330",2025-07-07 07:11:12,32.497,0,"Tank5","Heat"
"7331",2025-07-07 07:16:12,32.497,0,"Tank5","Heat"
"7332",2025-07-07 07:21:12,32.394,0,"Tank5","Heat"
"7333",2025-07-07 07:26:12,32.291,0,"Tank5","Heat"
"7334",2025-07-07 07:31:12,32.291,0,"Tank5","Heat"
"7335",2025-07-07 07:36:12,32.497,0,"Tank5","Heat"
"7336",2025-07-07 07:41:12,32.497,0,"Tank5","Heat"
"7337",2025-07-07 07:46:12,32.291,0,"Tank5","Heat"
"7338",2025-07-07 07:51:12,32.188,0,"Tank5","Heat"
"7339",2025-07-07 07:56:12,32.497,0,"Tank5","Heat"
"7340",2025-07-07 08:01:12,32.497,0,"Tank5","Heat"
"7341",2025-07-07 08:06:12,32.394,0,"Tank5","Heat"
"7342",2025-07-07 08:11:12,32.291,0,"Tank5","Heat"
"7343",2025-07-07 08:16:12,32.291,0,"Tank5","Heat"
"7344",2025-07-07 08:21:12,32.497,0,"Tank5","Heat"
"7345",2025-07-07 08:26:12,32.497,86.1,"Tank5","Heat"
"7346",2025-07-07 08:31:12,32.394,150.7,"Tank5","Heat"
"7347",2025-07-07 08:36:12,32.188,129.2,"Tank5","Heat"
"7348",2025-07-07 08:41:12,32.394,150.7,"Tank5","Heat"
"7349",2025-07-07 08:46:12,32.394,96.9,"Tank5","Heat"
"7350",2025-07-07 08:51:12,32.291,118.4,"Tank5","Heat"
"7351",2025-07-07 08:56:12,32.188,226,"Tank5","Heat"
"7352",2025-07-07 09:01:12,32.394,118.4,"Tank5","Heat"
"7353",2025-07-07 09:06:12,32.497,236.8,"Tank5","Heat"
"7354",2025-07-07 09:11:12,32.394,139.9,"Tank5","Heat"
"7355",2025-07-07 09:16:12,32.291,236.8,"Tank5","Heat"
"7356",2025-07-07 09:21:12,32.188,193.8,"Tank5","Heat"
"7357",2025-07-07 09:26:12,32.497,172.2,"Tank5","Heat"
"7358",2025-07-07 09:31:12,32.394,215.3,"Tank5","Heat"
"7359",2025-07-07 09:36:12,32.291,215.3,"Tank5","Heat"
"7360",2025-07-07 09:41:12,32.188,269.1,"Tank5","Heat"
"7361",2025-07-07 09:46:12,32.394,301.4,"Tank5","Heat"
"7362",2025-07-07 09:51:12,32.497,333.7,"Tank5","Heat"
"7363",2025-07-07 09:56:12,32.394,333.7,"Tank5","Heat"
"7364",2025-07-07 10:01:12,32.291,290.6,"Tank5","Heat"
"7365",2025-07-07 10:06:12,32.291,312.2,"Tank5","Heat"
"7366",2025-07-07 10:11:12,32.497,409,"Tank5","Heat"
"7367",2025-07-07 10:16:12,32.497,333.7,"Tank5","Heat"
"7368",2025-07-07 10:21:12,32.394,366,"Tank5","Heat"
"7369",2025-07-07 10:26:12,32.291,441.3,"Tank5","Heat"
"7370",2025-07-07 10:31:12,32.188,462.9,"Tank5","Heat"
"7371",2025-07-07 10:36:12,32.497,462.9,"Tank5","Heat"
"7372",2025-07-07 10:41:12,32.497,462.9,"Tank5","Heat"
"7373",2025-07-07 10:46:12,32.394,505.9,"Tank5","Heat"
"7374",2025-07-07 10:51:12,32.291,53.8,"Tank5","Heat"
"7375",2025-07-07 10:56:12,32.086,53.8,"Tank5","Heat"
"7376",2025-07-02 08:04:43,25.125,0,"Tank6","Control"
"7377",2025-07-02 08:09:43,25.125,0,"Tank6","Control"
"7378",2025-07-02 08:14:43,25.222,0,"Tank6","Control"
"7379",2025-07-02 08:19:43,25.319,0,"Tank6","Control"
"7380",2025-07-02 08:24:43,25.319,32.3,"Tank6","Control"
"7381",2025-07-02 08:29:43,25.319,21.5,"Tank6","Control"
"7382",2025-07-02 08:34:43,25.222,43.1,"Tank6","Control"
"7383",2025-07-02 08:39:43,25.222,10.8,"Tank6","Control"
"7384",2025-07-02 08:44:43,25.222,43.1,"Tank6","Control"
"7385",2025-07-02 08:49:43,25.125,96.9,"Tank6","Control"
"7386",2025-07-02 08:54:43,25.222,64.6,"Tank6","Control"
"7387",2025-07-02 08:59:43,25.319,96.9,"Tank6","Control"
"7388",2025-07-02 09:04:43,25.319,107.6,"Tank6","Control"
"7389",2025-07-02 09:09:43,25.319,139.9,"Tank6","Control"
"7390",2025-07-02 09:14:43,25.319,96.9,"Tank6","Control"
"7391",2025-07-02 09:19:43,25.222,161.5,"Tank6","Control"
"7392",2025-07-02 09:24:43,25.222,139.9,"Tank6","Control"
"7393",2025-07-02 09:29:43,25.125,150.7,"Tank6","Control"
"7394",2025-07-02 09:34:43,25.125,150.7,"Tank6","Control"
"7395",2025-07-02 09:39:43,25.319,204.5,"Tank6","Control"
"7396",2025-07-02 09:44:43,25.319,204.5,"Tank6","Control"
"7397",2025-07-02 09:49:43,25.319,226,"Tank6","Control"
"7398",2025-07-02 09:54:43,25.319,172.2,"Tank6","Control"
"7399",2025-07-02 09:59:43,25.222,204.5,"Tank6","Control"
"7400",2025-07-02 10:04:43,25.222,269.1,"Tank6","Control"
"7401",2025-07-02 10:09:43,25.222,269.1,"Tank6","Control"
"7402",2025-07-02 10:14:43,25.125,269.1,"Tank6","Control"
"7403",2025-07-02 10:19:43,25.222,269.1,"Tank6","Control"
"7404",2025-07-02 10:24:43,25.319,312.2,"Tank6","Control"
"7405",2025-07-02 10:29:43,25.416,279.9,"Tank6","Control"
"7406",2025-07-02 10:34:43,25.319,312.2,"Tank6","Control"
"7407",2025-07-02 10:39:43,25.319,312.2,"Tank6","Control"
"7408",2025-07-02 10:44:43,25.319,333.7,"Tank6","Control"
"7409",2025-07-02 10:49:43,25.319,290.6,"Tank6","Control"
"7410",2025-07-02 10:54:43,25.222,366,"Tank6","Control"
"7411",2025-07-02 10:59:43,25.222,355.2,"Tank6","Control"
"7412",2025-07-02 11:04:43,25.222,0,"Tank6","Control"
"7413",2025-07-02 11:09:43,25.125,0,"Tank6","Control"
"7414",2025-07-02 11:14:43,25.125,0,"Tank6","Control"
"7415",2025-07-02 11:19:43,25.319,0,"Tank6","Control"
"7416",2025-07-02 11:24:43,25.319,0,"Tank6","Control"
"7417",2025-07-02 11:29:43,25.319,0,"Tank6","Control"
"7418",2025-07-02 11:34:43,25.416,0,"Tank6","Control"
"7419",2025-07-02 11:39:43,25.513,0,"Tank6","Control"
"7420",2025-07-02 11:44:43,25.513,0,"Tank6","Control"
"7421",2025-07-02 11:49:43,25.513,0,"Tank6","Control"
"7422",2025-07-02 11:54:43,25.513,0,"Tank6","Control"
"7423",2025-07-02 11:59:43,25.416,0,"Tank6","Control"
"7424",2025-07-02 12:04:43,25.416,0,"Tank6","Control"
"7425",2025-07-02 12:09:43,25.416,0,"Tank6","Control"
"7426",2025-07-02 12:14:43,25.416,0,"Tank6","Control"
"7427",2025-07-02 12:19:43,25.416,484.4,"Tank6","Control"
"7428",2025-07-02 12:24:43,25.416,516.7,"Tank6","Control"
"7429",2025-07-02 12:29:43,25.319,527.4,"Tank6","Control"
"7430",2025-07-02 12:34:43,25.319,505.9,"Tank6","Control"
"7431",2025-07-02 12:39:43,25.513,527.4,"Tank6","Control"
"7432",2025-07-02 12:44:43,25.513,527.4,"Tank6","Control"
"7433",2025-07-02 12:49:43,25.513,516.7,"Tank6","Control"
"7434",2025-07-02 12:54:43,25.513,505.9,"Tank6","Control"
"7435",2025-07-02 12:59:43,25.513,527.4,"Tank6","Control"
"7436",2025-07-02 13:04:43,25.416,0,"Tank6","Control"
"7437",2025-07-02 13:09:43,25.416,0,"Tank6","Control"
"7438",2025-07-02 13:14:43,25.416,0,"Tank6","Control"
"7439",2025-07-02 13:19:43,25.416,0,"Tank6","Control"
"7440",2025-07-02 13:24:43,25.416,0,"Tank6","Control"
"7441",2025-07-02 13:29:43,25.319,0,"Tank6","Control"
"7442",2025-07-02 13:34:43,25.319,0,"Tank6","Control"
"7443",2025-07-02 13:39:43,25.319,0,"Tank6","Control"
"7444",2025-07-02 13:44:43,25.513,0,"Tank6","Control"
"7445",2025-07-02 13:49:43,25.513,495.1,"Tank6","Control"
"7446",2025-07-02 13:54:43,25.61,495.1,"Tank6","Control"
"7447",2025-07-02 13:59:43,25.513,527.4,"Tank6","Control"
"7448",2025-07-02 14:04:43,25.513,505.9,"Tank6","Control"
"7449",2025-07-02 14:09:43,25.513,516.7,"Tank6","Control"
"7450",2025-07-02 14:14:43,25.513,516.7,"Tank6","Control"
"7451",2025-07-02 14:19:43,25.416,505.9,"Tank6","Control"
"7452",2025-07-02 14:24:43,25.416,505.9,"Tank6","Control"
"7453",2025-07-02 14:29:43,25.416,527.4,"Tank6","Control"
"7454",2025-07-02 14:34:43,25.319,495.1,"Tank6","Control"
"7455",2025-07-02 14:39:43,25.319,505.9,"Tank6","Control"
"7456",2025-07-02 14:44:43,25.319,527.4,"Tank6","Control"
"7457",2025-07-02 14:49:43,25.319,527.4,"Tank6","Control"
"7458",2025-07-02 14:54:43,25.222,538.2,"Tank6","Control"
"7459",2025-07-02 14:59:43,25.222,505.9,"Tank6","Control"
"7460",2025-07-02 15:04:43,25.319,538.2,"Tank6","Control"
"7461",2025-07-02 15:09:43,25.416,505.9,"Tank6","Control"
"7462",2025-07-02 15:14:43,25.416,549,"Tank6","Control"
"7463",2025-07-02 15:19:43,25.416,505.9,"Tank6","Control"
"7464",2025-07-02 15:24:43,25.416,527.4,"Tank6","Control"
"7465",2025-07-02 15:29:43,25.319,538.2,"Tank6","Control"
"7466",2025-07-02 15:34:43,25.319,527.4,"Tank6","Control"
"7467",2025-07-02 15:39:43,25.319,516.7,"Tank6","Control"
"7468",2025-07-02 15:44:43,25.319,527.4,"Tank6","Control"
"7469",2025-07-02 15:49:43,25.222,527.4,"Tank6","Control"
"7470",2025-07-02 15:54:43,25.222,516.7,"Tank6","Control"
"7471",2025-07-02 15:59:43,25.222,538.2,"Tank6","Control"
"7472",2025-07-02 16:04:43,25.319,516.7,"Tank6","Control"
"7473",2025-07-02 16:09:43,25.416,505.9,"Tank6","Control"
"7474",2025-07-02 16:14:43,25.416,495.1,"Tank6","Control"
"7475",2025-07-02 16:19:43,25.416,473.6,"Tank6","Control"
"7476",2025-07-02 16:24:43,25.319,441.3,"Tank6","Control"
"7477",2025-07-02 16:29:43,25.319,452.1,"Tank6","Control"
"7478",2025-07-02 16:34:43,25.319,419.8,"Tank6","Control"
"7479",2025-07-02 16:39:43,25.222,419.8,"Tank6","Control"
"7480",2025-07-02 16:44:43,25.222,419.8,"Tank6","Control"
"7481",2025-07-02 16:49:43,25.222,387.5,"Tank6","Control"
"7482",2025-07-02 16:54:43,25.416,398.3,"Tank6","Control"
"7483",2025-07-02 16:59:43,25.416,387.5,"Tank6","Control"
"7484",2025-07-02 17:04:43,25.416,376.7,"Tank6","Control"
"7485",2025-07-02 17:09:43,25.319,301.4,"Tank6","Control"
"7486",2025-07-02 17:14:43,25.319,333.7,"Tank6","Control"
"7487",2025-07-02 17:19:43,25.319,333.7,"Tank6","Control"
"7488",2025-07-02 17:24:43,25.319,312.2,"Tank6","Control"
"7489",2025-07-02 17:29:43,25.222,269.1,"Tank6","Control"
"7490",2025-07-02 17:34:43,25.222,312.2,"Tank6","Control"
"7491",2025-07-02 17:39:43,25.319,301.4,"Tank6","Control"
"7492",2025-07-02 17:44:43,25.416,247.6,"Tank6","Control"
"7493",2025-07-02 17:49:43,25.416,226,"Tank6","Control"
"7494",2025-07-02 17:54:43,25.319,215.3,"Tank6","Control"
"7495",2025-07-02 17:59:43,25.319,258.3,"Tank6","Control"
"7496",2025-07-02 18:04:43,25.319,226,"Tank6","Control"
"7497",2025-07-02 18:09:43,25.319,172.2,"Tank6","Control"
"7498",2025-07-02 18:14:43,25.222,172.2,"Tank6","Control"
"7499",2025-07-02 18:19:43,25.222,193.8,"Tank6","Control"
"7500",2025-07-02 18:24:43,25.222,172.2,"Tank6","Control"
"7501",2025-07-02 18:29:43,25.319,150.7,"Tank6","Control"
"7502",2025-07-02 18:34:43,25.416,129.2,"Tank6","Control"
"7503",2025-07-02 18:39:43,25.416,129.2,"Tank6","Control"
"7504",2025-07-02 18:44:43,25.416,107.6,"Tank6","Control"
"7505",2025-07-02 18:49:43,25.319,96.9,"Tank6","Control"
"7506",2025-07-02 18:54:43,25.319,86.1,"Tank6","Control"
"7507",2025-07-02 18:59:43,25.319,64.6,"Tank6","Control"
"7508",2025-07-02 19:04:43,25.319,64.6,"Tank6","Control"
"7509",2025-07-02 19:09:43,25.222,32.3,"Tank6","Control"
"7510",2025-07-02 19:14:43,25.222,53.8,"Tank6","Control"
"7511",2025-07-02 19:19:43,25.222,43.1,"Tank6","Control"
"7512",2025-07-02 19:24:43,25.319,32.3,"Tank6","Control"
"7513",2025-07-02 19:29:43,25.416,21.5,"Tank6","Control"
"7514",2025-07-02 19:34:43,25.319,53.8,"Tank6","Control"
"7515",2025-07-02 19:39:43,25.319,10.8,"Tank6","Control"
"7516",2025-07-02 19:44:43,25.319,10.8,"Tank6","Control"
"7517",2025-07-02 19:49:43,25.319,10.8,"Tank6","Control"
"7518",2025-07-02 19:54:43,25.222,0,"Tank6","Control"
"7519",2025-07-02 19:59:43,25.222,0,"Tank6","Control"
"7520",2025-07-02 20:04:43,25.222,0,"Tank6","Control"
"7521",2025-07-02 20:09:43,25.222,0,"Tank6","Control"
"7522",2025-07-02 20:14:43,25.416,0,"Tank6","Control"
"7523",2025-07-02 20:19:43,25.416,0,"Tank6","Control"
"7524",2025-07-02 20:24:43,25.416,0,"Tank6","Control"
"7525",2025-07-02 20:29:43,25.319,0,"Tank6","Control"
"7526",2025-07-02 20:34:43,25.319,0,"Tank6","Control"
"7527",2025-07-02 20:39:43,25.319,0,"Tank6","Control"
"7528",2025-07-02 20:44:43,25.319,0,"Tank6","Control"
"7529",2025-07-02 20:49:43,25.222,0,"Tank6","Control"
"7530",2025-07-02 20:54:43,25.222,0,"Tank6","Control"
"7531",2025-07-02 20:59:43,25.222,0,"Tank6","Control"
"7532",2025-07-02 21:04:43,25.222,0,"Tank6","Control"
"7533",2025-07-02 21:09:43,25.222,0,"Tank6","Control"
"7534",2025-07-02 21:14:43,25.222,0,"Tank6","Control"
"7535",2025-07-02 21:19:43,25.222,0,"Tank6","Control"
"7536",2025-07-02 21:24:43,25.222,0,"Tank6","Control"
"7537",2025-07-02 21:29:43,25.319,0,"Tank6","Control"
"7538",2025-07-02 21:34:43,25.416,0,"Tank6","Control"
"7539",2025-07-02 21:39:43,25.319,0,"Tank6","Control"
"7540",2025-07-02 21:44:43,25.319,0,"Tank6","Control"
"7541",2025-07-02 21:49:43,25.319,0,"Tank6","Control"
"7542",2025-07-02 21:54:43,25.319,0,"Tank6","Control"
"7543",2025-07-02 21:59:43,25.222,0,"Tank6","Control"
"7544",2025-07-02 22:04:43,25.222,0,"Tank6","Control"
"7545",2025-07-02 22:09:43,25.222,0,"Tank6","Control"
"7546",2025-07-02 22:14:43,25.222,0,"Tank6","Control"
"7547",2025-07-02 22:19:43,25.125,0,"Tank6","Control"
"7548",2025-07-02 22:24:43,25.125,0,"Tank6","Control"
"7549",2025-07-02 22:29:43,25.319,0,"Tank6","Control"
"7550",2025-07-02 22:34:43,25.319,0,"Tank6","Control"
"7551",2025-07-02 22:39:43,25.319,0,"Tank6","Control"
"7552",2025-07-02 22:44:43,25.319,0,"Tank6","Control"
"7553",2025-07-02 22:49:43,25.222,0,"Tank6","Control"
"7554",2025-07-02 22:54:43,25.222,0,"Tank6","Control"
"7555",2025-07-02 22:59:43,25.222,0,"Tank6","Control"
"7556",2025-07-02 23:04:43,25.125,0,"Tank6","Control"
"7557",2025-07-02 23:09:43,25.125,0,"Tank6","Control"
"7558",2025-07-02 23:14:43,25.222,0,"Tank6","Control"
"7559",2025-07-02 23:19:43,25.319,0,"Tank6","Control"
"7560",2025-07-02 23:24:43,25.319,0,"Tank6","Control"
"7561",2025-07-02 23:29:43,25.319,0,"Tank6","Control"
"7562",2025-07-02 23:34:43,25.222,0,"Tank6","Control"
"7563",2025-07-02 23:39:43,25.222,0,"Tank6","Control"
"7564",2025-07-02 23:44:43,25.222,0,"Tank6","Control"
"7565",2025-07-02 23:49:43,25.125,0,"Tank6","Control"
"7566",2025-07-02 23:54:43,25.125,0,"Tank6","Control"
"7567",2025-07-02 23:59:43,25.319,0,"Tank6","Control"
"7568",2025-07-03 00:04:43,25.319,0,"Tank6","Control"
"7569",2025-07-03 00:09:43,25.319,0,"Tank6","Control"
"7570",2025-07-03 00:14:43,25.319,0,"Tank6","Control"
"7571",2025-07-03 00:19:43,25.222,0,"Tank6","Control"
"7572",2025-07-03 00:24:43,25.222,0,"Tank6","Control"
"7573",2025-07-03 00:29:43,25.222,0,"Tank6","Control"
"7574",2025-07-03 00:34:43,25.125,0,"Tank6","Control"
"7575",2025-07-03 00:39:43,25.125,0,"Tank6","Control"
"7576",2025-07-03 00:44:43,25.319,0,"Tank6","Control"
"7577",2025-07-03 00:49:43,25.319,0,"Tank6","Control"
"7578",2025-07-03 00:54:43,25.319,0,"Tank6","Control"
"7579",2025-07-03 00:59:43,25.319,0,"Tank6","Control"
"7580",2025-07-03 01:04:43,25.222,0,"Tank6","Control"
"7581",2025-07-03 01:09:43,25.222,0,"Tank6","Control"
"7582",2025-07-03 01:14:43,25.222,0,"Tank6","Control"
"7583",2025-07-03 01:19:43,25.125,0,"Tank6","Control"
"7584",2025-07-03 01:24:43,25.125,0,"Tank6","Control"
"7585",2025-07-03 01:29:43,25.125,0,"Tank6","Control"
"7586",2025-07-03 01:34:43,25.319,0,"Tank6","Control"
"7587",2025-07-03 01:39:43,25.319,0,"Tank6","Control"
"7588",2025-07-03 01:44:43,25.319,0,"Tank6","Control"
"7589",2025-07-03 01:49:43,25.319,0,"Tank6","Control"
"7590",2025-07-03 01:54:43,25.319,0,"Tank6","Control"
"7591",2025-07-03 01:59:43,25.222,0,"Tank6","Control"
"7592",2025-07-03 02:04:43,25.222,0,"Tank6","Control"
"7593",2025-07-03 02:09:43,25.222,0,"Tank6","Control"
"7594",2025-07-03 02:14:43,25.125,0,"Tank6","Control"
"7595",2025-07-03 02:19:43,25.125,0,"Tank6","Control"
"7596",2025-07-03 02:24:43,25.222,0,"Tank6","Control"
"7597",2025-07-03 02:29:43,25.319,0,"Tank6","Control"
"7598",2025-07-03 02:34:43,25.319,0,"Tank6","Control"
"7599",2025-07-03 02:39:43,25.319,0,"Tank6","Control"
"7600",2025-07-03 02:44:43,25.319,0,"Tank6","Control"
"7601",2025-07-03 02:49:43,25.222,0,"Tank6","Control"
"7602",2025-07-03 02:54:43,25.222,0,"Tank6","Control"
"7603",2025-07-03 02:59:43,25.222,0,"Tank6","Control"
"7604",2025-07-03 03:04:43,25.125,0,"Tank6","Control"
"7605",2025-07-03 03:09:43,25.125,0,"Tank6","Control"
"7606",2025-07-03 03:14:43,25.222,0,"Tank6","Control"
"7607",2025-07-03 03:19:43,25.319,0,"Tank6","Control"
"7608",2025-07-03 03:24:43,25.319,0,"Tank6","Control"
"7609",2025-07-03 03:29:43,25.319,0,"Tank6","Control"
"7610",2025-07-03 03:34:43,25.319,0,"Tank6","Control"
"7611",2025-07-03 03:39:43,25.222,0,"Tank6","Control"
"7612",2025-07-03 03:44:43,25.222,0,"Tank6","Control"
"7613",2025-07-03 03:49:43,25.222,0,"Tank6","Control"
"7614",2025-07-03 03:54:43,25.125,0,"Tank6","Control"
"7615",2025-07-03 03:59:43,25.125,0,"Tank6","Control"
"7616",2025-07-03 04:04:43,25.222,0,"Tank6","Control"
"7617",2025-07-03 04:09:43,25.319,0,"Tank6","Control"
"7618",2025-07-03 04:14:43,25.222,0,"Tank6","Control"
"7619",2025-07-03 04:19:43,25.222,0,"Tank6","Control"
"7620",2025-07-03 04:24:43,25.222,0,"Tank6","Control"
"7621",2025-07-03 04:29:43,25.222,0,"Tank6","Control"
"7622",2025-07-03 04:34:43,25.125,0,"Tank6","Control"
"7623",2025-07-03 04:39:43,25.125,0,"Tank6","Control"
"7624",2025-07-03 04:44:43,25.319,0,"Tank6","Control"
"7625",2025-07-03 04:49:43,25.319,0,"Tank6","Control"
"7626",2025-07-03 04:54:43,25.319,0,"Tank6","Control"
"7627",2025-07-03 04:59:43,25.222,0,"Tank6","Control"
"7628",2025-07-03 05:04:43,25.222,0,"Tank6","Control"
"7629",2025-07-03 05:09:43,25.222,0,"Tank6","Control"
"7630",2025-07-03 05:14:43,25.222,0,"Tank6","Control"
"7631",2025-07-03 05:19:43,25.125,0,"Tank6","Control"
"7632",2025-07-03 05:24:43,25.125,0,"Tank6","Control"
"7633",2025-07-03 05:29:43,25.319,0,"Tank6","Control"
"7634",2025-07-03 05:34:43,25.319,0,"Tank6","Control"
"7635",2025-07-03 05:39:43,25.319,0,"Tank6","Control"
"7636",2025-07-03 05:44:43,25.319,0,"Tank6","Control"
"7637",2025-07-03 05:49:43,25.222,0,"Tank6","Control"
"7638",2025-07-03 05:54:43,25.222,0,"Tank6","Control"
"7639",2025-07-03 05:59:43,25.222,0,"Tank6","Control"
"7640",2025-07-03 06:04:43,25.222,0,"Tank6","Control"
"7641",2025-07-03 06:09:43,25.125,0,"Tank6","Control"
"7642",2025-07-03 06:14:43,25.125,0,"Tank6","Control"
"7643",2025-07-03 06:19:43,25.319,0,"Tank6","Control"
"7644",2025-07-03 06:24:43,25.319,0,"Tank6","Control"
"7645",2025-07-03 06:29:43,25.319,0,"Tank6","Control"
"7646",2025-07-03 06:34:43,25.319,0,"Tank6","Control"
"7647",2025-07-03 06:39:43,25.222,0,"Tank6","Control"
"7648",2025-07-03 06:44:43,25.222,0,"Tank6","Control"
"7649",2025-07-03 06:49:43,25.222,0,"Tank6","Control"
"7650",2025-07-03 06:54:43,25.222,0,"Tank6","Control"
"7651",2025-07-03 06:59:43,25.125,0,"Tank6","Control"
"7652",2025-07-03 07:04:43,25.125,0,"Tank6","Control"
"7653",2025-07-03 07:09:43,25.319,0,"Tank6","Control"
"7654",2025-07-03 07:14:43,25.319,0,"Tank6","Control"
"7655",2025-07-03 07:19:43,25.319,0,"Tank6","Control"
"7656",2025-07-03 07:24:43,25.319,0,"Tank6","Control"
"7657",2025-07-03 07:29:43,25.319,0,"Tank6","Control"
"7658",2025-07-03 07:34:43,25.222,0,"Tank6","Control"
"7659",2025-07-03 07:39:43,25.222,0,"Tank6","Control"
"7660",2025-07-03 07:44:43,25.222,0,"Tank6","Control"
"7661",2025-07-03 07:49:43,25.125,0,"Tank6","Control"
"7662",2025-07-03 07:54:43,25.125,0,"Tank6","Control"
"7663",2025-07-03 07:59:43,25.125,0,"Tank6","Control"
"7664",2025-07-03 08:04:43,25.319,0,"Tank6","Control"
"7665",2025-07-03 08:09:43,25.319,0,"Tank6","Control"
"7666",2025-07-03 08:14:43,25.319,0,"Tank6","Control"
"7667",2025-07-03 08:19:43,25.222,0,"Tank6","Control"
"7668",2025-07-03 08:24:43,25.222,21.5,"Tank6","Control"
"7669",2025-07-03 08:29:43,25.222,64.6,"Tank6","Control"
"7670",2025-07-03 08:34:43,25.125,75.3,"Tank6","Control"
"7671",2025-07-03 08:39:43,25.125,43.1,"Tank6","Control"
"7672",2025-07-03 08:44:43,25.319,86.1,"Tank6","Control"
"7673",2025-07-03 08:49:43,25.416,86.1,"Tank6","Control"
"7674",2025-07-03 08:54:43,25.319,64.6,"Tank6","Control"
"7675",2025-07-03 08:59:43,25.319,107.6,"Tank6","Control"
"7676",2025-07-03 09:04:43,25.319,107.6,"Tank6","Control"
"7677",2025-07-03 09:09:43,25.319,129.2,"Tank6","Control"
"7678",2025-07-03 09:14:43,25.222,107.6,"Tank6","Control"
"7679",2025-07-03 09:19:43,25.222,118.4,"Tank6","Control"
"7680",2025-07-03 09:24:43,25.222,107.6,"Tank6","Control"
"7681",2025-07-03 09:29:43,25.222,129.2,"Tank6","Control"
"7682",2025-07-03 09:34:43,25.125,161.5,"Tank6","Control"
"7683",2025-07-03 09:39:43,25.125,161.5,"Tank6","Control"
"7684",2025-07-03 09:44:43,25.125,193.8,"Tank6","Control"
"7685",2025-07-03 09:49:43,25.125,172.2,"Tank6","Control"
"7686",2025-07-03 09:54:43,25.125,172.2,"Tank6","Control"
"7687",2025-07-03 09:59:43,25.125,226,"Tank6","Control"
"7688",2025-07-03 10:04:43,25.125,204.5,"Tank6","Control"
"7689",2025-07-03 10:09:43,25.222,193.8,"Tank6","Control"
"7690",2025-07-03 10:14:43,25.319,258.3,"Tank6","Control"
"7691",2025-07-03 10:19:43,25.319,258.3,"Tank6","Control"
"7692",2025-07-03 10:24:43,25.319,0,"Tank6","Control"
"7693",2025-07-03 10:29:43,25.222,0,"Tank6","Control"
"7694",2025-07-03 10:34:43,25.222,0,"Tank6","Control"
"7695",2025-07-03 10:39:43,25.222,0,"Tank6","Control"
"7696",2025-07-03 10:44:43,25.222,0,"Tank6","Control"
"7697",2025-07-03 10:49:43,25.125,0,"Tank6","Control"
"7698",2025-07-03 10:54:43,25.125,0,"Tank6","Control"
"7699",2025-07-03 10:59:43,25.125,0,"Tank6","Control"
"7700",2025-07-03 11:04:43,25.125,0,"Tank6","Control"
"7701",2025-07-03 11:09:43,25.125,0,"Tank6","Control"
"7702",2025-07-03 11:14:43,25.222,0,"Tank6","Control"
"7703",2025-07-03 11:19:43,25.222,387.5,"Tank6","Control"
"7704",2025-07-03 11:24:43,25.222,75.3,"Tank6","Control"
"7705",2025-07-03 11:29:43,25.222,419.8,"Tank6","Control"
"7706",2025-07-03 11:34:43,25.222,441.3,"Tank6","Control"
"7707",2025-07-03 11:39:43,25.222,462.9,"Tank6","Control"
"7708",2025-07-03 11:44:43,25.125,430.6,"Tank6","Control"
"7709",2025-07-03 11:49:43,25.125,473.6,"Tank6","Control"
"7710",2025-07-03 11:54:43,25.125,484.4,"Tank6","Control"
"7711",2025-07-03 11:59:43,25.222,505.9,"Tank6","Control"
"7712",2025-07-03 12:04:43,25.319,495.1,"Tank6","Control"
"7713",2025-07-03 12:09:43,25.319,495.1,"Tank6","Control"
"7714",2025-07-03 12:14:43,25.222,505.9,"Tank6","Control"
"7715",2025-07-03 12:19:43,25.222,527.4,"Tank6","Control"
"7716",2025-07-03 12:24:43,25.222,538.2,"Tank6","Control"
"7717",2025-07-03 12:29:43,25.222,495.1,"Tank6","Control"
"7718",2025-07-03 12:34:43,25.222,495.1,"Tank6","Control"
"7719",2025-07-03 12:39:43,25.125,495.1,"Tank6","Control"
"7720",2025-07-03 12:44:43,25.125,505.9,"Tank6","Control"
"7721",2025-07-03 12:49:43,25.125,495.1,"Tank6","Control"
"7722",2025-07-03 12:54:43,25.125,516.7,"Tank6","Control"
"7723",2025-07-03 12:59:43,25.222,484.4,"Tank6","Control"
"7724",2025-07-03 13:04:43,25.319,484.4,"Tank6","Control"
"7725",2025-07-03 13:09:43,25.319,505.9,"Tank6","Control"
"7726",2025-07-03 13:14:43,25.319,495.1,"Tank6","Control"
"7727",2025-07-03 13:19:43,25.222,527.4,"Tank6","Control"
"7728",2025-07-03 13:24:43,25.222,505.9,"Tank6","Control"
"7729",2025-07-03 13:29:43,25.222,495.1,"Tank6","Control"
"7730",2025-07-03 13:34:43,25.222,516.7,"Tank6","Control"
"7731",2025-07-03 13:39:43,25.222,495.1,"Tank6","Control"
"7732",2025-07-03 13:44:43,25.222,495.1,"Tank6","Control"
"7733",2025-07-03 13:49:43,25.125,505.9,"Tank6","Control"
"7734",2025-07-03 13:54:43,25.125,527.4,"Tank6","Control"
"7735",2025-07-03 13:59:43,25.125,473.6,"Tank6","Control"
"7736",2025-07-03 14:04:43,25.125,516.7,"Tank6","Control"
"7737",2025-07-03 14:09:43,25.222,505.9,"Tank6","Control"
"7738",2025-07-03 14:14:43,25.319,484.4,"Tank6","Control"
"7739",2025-07-03 14:19:43,25.222,484.4,"Tank6","Control"
"7740",2025-07-03 14:24:43,25.513,495.1,"Tank6","Control"
"7741",2025-07-03 14:29:43,25.708,516.7,"Tank6","Control"
"7742",2025-07-03 14:34:43,25.61,473.6,"Tank6","Control"
"7743",2025-07-03 14:39:43,25.61,473.6,"Tank6","Control"
"7744",2025-07-03 14:44:43,25.61,495.1,"Tank6","Control"
"7745",2025-07-03 14:49:43,25.61,495.1,"Tank6","Control"
"7746",2025-07-03 14:54:43,25.61,473.6,"Tank6","Control"
"7747",2025-07-03 14:59:43,25.513,409,"Tank6","Control"
"7748",2025-07-03 15:04:43,25.513,527.4,"Tank6","Control"
"7749",2025-07-03 15:09:43,25.513,495.1,"Tank6","Control"
"7750",2025-07-03 15:14:43,25.513,527.4,"Tank6","Control"
"7751",2025-07-03 15:19:43,25.513,527.4,"Tank6","Control"
"7752",2025-07-03 15:24:43,25.416,495.1,"Tank6","Control"
"7753",2025-07-03 15:29:43,25.416,516.7,"Tank6","Control"
"7754",2025-07-03 15:34:43,25.416,495.1,"Tank6","Control"
"7755",2025-07-03 15:39:43,25.416,516.7,"Tank6","Control"
"7756",2025-07-03 15:44:43,25.416,516.7,"Tank6","Control"
"7757",2025-07-03 15:49:43,25.319,516.7,"Tank6","Control"
"7758",2025-07-03 15:54:43,25.416,527.4,"Tank6","Control"
"7759",2025-07-03 15:59:43,25.513,505.9,"Tank6","Control"
"7760",2025-07-03 16:04:43,25.513,484.4,"Tank6","Control"
"7761",2025-07-03 16:09:43,25.513,452.1,"Tank6","Control"
"7762",2025-07-03 16:14:43,25.513,484.4,"Tank6","Control"
"7763",2025-07-03 16:19:43,25.513,484.4,"Tank6","Control"
"7764",2025-07-03 16:24:43,25.416,441.3,"Tank6","Control"
"7765",2025-07-03 16:29:43,25.416,430.6,"Tank6","Control"
"7766",2025-07-03 16:34:43,25.416,430.6,"Tank6","Control"
"7767",2025-07-03 16:39:43,25.416,430.6,"Tank6","Control"
"7768",2025-07-03 16:44:43,25.319,376.7,"Tank6","Control"
"7769",2025-07-03 16:49:43,25.319,409,"Tank6","Control"
"7770",2025-07-03 16:54:43,25.513,344.4,"Tank6","Control"
"7771",2025-07-03 16:59:43,25.513,376.7,"Tank6","Control"
"7772",2025-07-03 17:04:43,25.513,333.7,"Tank6","Control"
"7773",2025-07-03 17:09:43,25.416,333.7,"Tank6","Control"
"7774",2025-07-03 17:14:43,25.416,333.7,"Tank6","Control"
"7775",2025-07-03 17:19:43,25.416,344.4,"Tank6","Control"
"7776",2025-07-03 17:24:43,25.416,312.2,"Tank6","Control"
"7777",2025-07-03 17:29:43,25.319,290.6,"Tank6","Control"
"7778",2025-07-03 17:34:43,25.319,269.1,"Tank6","Control"
"7779",2025-07-03 17:39:43,25.319,258.3,"Tank6","Control"
"7780",2025-07-03 17:44:43,25.513,247.6,"Tank6","Control"
"7781",2025-07-03 17:49:43,25.513,258.3,"Tank6","Control"
"7782",2025-07-03 17:54:43,25.513,193.8,"Tank6","Control"
"7783",2025-07-03 17:59:43,25.416,215.3,"Tank6","Control"
"7784",2025-07-03 18:04:43,25.416,226,"Tank6","Control"
"7785",2025-07-03 18:09:43,25.416,183,"Tank6","Control"
"7786",2025-07-03 18:14:43,25.319,161.5,"Tank6","Control"
"7787",2025-07-03 18:19:43,25.319,139.9,"Tank6","Control"
"7788",2025-07-03 18:24:43,25.513,161.5,"Tank6","Control"
"7789",2025-07-03 18:29:43,25.513,150.7,"Tank6","Control"
"7790",2025-07-03 18:34:43,25.513,107.6,"Tank6","Control"
"7791",2025-07-03 18:39:43,25.416,150.7,"Tank6","Control"
"7792",2025-07-03 18:44:43,25.416,129.2,"Tank6","Control"
"7793",2025-07-03 18:49:43,25.416,129.2,"Tank6","Control"
"7794",2025-07-03 18:54:43,25.319,96.9,"Tank6","Control"
"7795",2025-07-03 18:59:43,25.319,86.1,"Tank6","Control"
"7796",2025-07-03 19:04:43,25.416,53.8,"Tank6","Control"
"7797",2025-07-03 19:09:43,25.513,43.1,"Tank6","Control"
"7798",2025-07-03 19:14:43,25.513,53.8,"Tank6","Control"
"7799",2025-07-03 19:19:43,25.513,43.1,"Tank6","Control"
"7800",2025-07-03 19:24:43,25.416,21.5,"Tank6","Control"
"7801",2025-07-03 19:29:43,25.416,43.1,"Tank6","Control"
"7802",2025-07-03 19:34:43,25.416,21.5,"Tank6","Control"
"7803",2025-07-03 19:39:43,25.319,21.5,"Tank6","Control"
"7804",2025-07-03 19:44:43,25.319,0,"Tank6","Control"
"7805",2025-07-03 19:49:43,25.319,0,"Tank6","Control"
"7806",2025-07-03 19:54:43,25.513,0,"Tank6","Control"
"7807",2025-07-03 19:59:43,25.513,0,"Tank6","Control"
"7808",2025-07-03 20:04:43,25.513,0,"Tank6","Control"
"7809",2025-07-03 20:09:43,25.513,0,"Tank6","Control"
"7810",2025-07-03 20:14:43,25.416,0,"Tank6","Control"
"7811",2025-07-03 20:19:43,25.416,0,"Tank6","Control"
"7812",2025-07-03 20:24:43,25.416,0,"Tank6","Control"
"7813",2025-07-03 20:29:43,25.319,0,"Tank6","Control"
"7814",2025-07-03 20:34:43,25.319,0,"Tank6","Control"
"7815",2025-07-03 20:39:43,25.319,0,"Tank6","Control"
"7816",2025-07-03 20:44:43,25.513,0,"Tank6","Control"
"7817",2025-07-03 20:49:43,25.513,0,"Tank6","Control"
"7818",2025-07-03 20:54:43,25.513,0,"Tank6","Control"
"7819",2025-07-03 20:59:43,25.513,0,"Tank6","Control"
"7820",2025-07-03 21:04:43,25.513,0,"Tank6","Control"
"7821",2025-07-03 21:09:43,25.513,0,"Tank6","Control"
"7822",2025-07-03 21:14:43,25.416,0,"Tank6","Control"
"7823",2025-07-03 21:19:43,25.416,0,"Tank6","Control"
"7824",2025-07-03 21:24:43,25.416,0,"Tank6","Control"
"7825",2025-07-03 21:29:43,25.319,0,"Tank6","Control"
"7826",2025-07-03 21:34:43,25.319,0,"Tank6","Control"
"7827",2025-07-03 21:39:43,25.319,0,"Tank6","Control"
"7828",2025-07-03 21:44:43,25.513,0,"Tank6","Control"
"7829",2025-07-03 21:49:43,25.513,0,"Tank6","Control"
"7830",2025-07-03 21:54:43,25.513,0,"Tank6","Control"
"7831",2025-07-03 21:59:43,25.416,0,"Tank6","Control"
"7832",2025-07-03 22:04:43,25.416,0,"Tank6","Control"
"7833",2025-07-03 22:09:43,25.416,0,"Tank6","Control"
"7834",2025-07-03 22:14:43,25.416,0,"Tank6","Control"
"7835",2025-07-03 22:19:43,25.319,0,"Tank6","Control"
"7836",2025-07-03 22:24:43,25.319,0,"Tank6","Control"
"7837",2025-07-03 22:29:43,25.513,0,"Tank6","Control"
"7838",2025-07-03 22:34:43,25.513,0,"Tank6","Control"
"7839",2025-07-03 22:39:43,25.513,0,"Tank6","Control"
"7840",2025-07-03 22:44:43,25.513,0,"Tank6","Control"
"7841",2025-07-03 22:49:43,25.416,0,"Tank6","Control"
"7842",2025-07-03 22:54:43,25.416,0,"Tank6","Control"
"7843",2025-07-03 22:59:43,25.416,0,"Tank6","Control"
"7844",2025-07-03 23:04:43,25.319,0,"Tank6","Control"
"7845",2025-07-03 23:09:43,25.319,0,"Tank6","Control"
"7846",2025-07-03 23:14:43,25.319,0,"Tank6","Control"
"7847",2025-07-03 23:19:43,25.513,0,"Tank6","Control"
"7848",2025-07-03 23:24:43,25.513,0,"Tank6","Control"
"7849",2025-07-03 23:29:43,25.513,0,"Tank6","Control"
"7850",2025-07-03 23:34:43,25.416,0,"Tank6","Control"
"7851",2025-07-03 23:39:43,25.416,0,"Tank6","Control"
"7852",2025-07-03 23:44:43,25.416,0,"Tank6","Control"
"7853",2025-07-03 23:49:43,25.416,0,"Tank6","Control"
"7854",2025-07-03 23:54:43,25.319,0,"Tank6","Control"
"7855",2025-07-03 23:59:43,25.319,0,"Tank6","Control"
"7856",2025-07-04 00:04:43,25.513,0,"Tank6","Control"
"7857",2025-07-04 00:09:43,25.513,0,"Tank6","Control"
"7858",2025-07-04 00:14:43,25.513,0,"Tank6","Control"
"7859",2025-07-04 00:19:43,25.513,0,"Tank6","Control"
"7860",2025-07-04 00:24:43,25.416,0,"Tank6","Control"
"7861",2025-07-04 00:29:43,25.416,0,"Tank6","Control"
"7862",2025-07-04 00:34:43,25.416,0,"Tank6","Control"
"7863",2025-07-04 00:39:43,25.319,0,"Tank6","Control"
"7864",2025-07-04 00:44:43,25.319,0,"Tank6","Control"
"7865",2025-07-04 00:49:43,25.416,0,"Tank6","Control"
"7866",2025-07-04 00:54:43,25.513,0,"Tank6","Control"
"7867",2025-07-04 00:59:43,25.513,0,"Tank6","Control"
"7868",2025-07-04 01:04:43,25.513,0,"Tank6","Control"
"7869",2025-07-04 01:09:43,25.416,0,"Tank6","Control"
"7870",2025-07-04 01:14:43,25.416,0,"Tank6","Control"
"7871",2025-07-04 01:19:43,25.416,0,"Tank6","Control"
"7872",2025-07-04 01:24:43,25.319,0,"Tank6","Control"
"7873",2025-07-04 01:29:43,25.319,0,"Tank6","Control"
"7874",2025-07-04 01:34:43,25.416,0,"Tank6","Control"
"7875",2025-07-04 01:39:43,25.513,0,"Tank6","Control"
"7876",2025-07-04 01:44:43,25.513,0,"Tank6","Control"
"7877",2025-07-04 01:49:43,25.513,0,"Tank6","Control"
"7878",2025-07-04 01:54:43,25.416,0,"Tank6","Control"
"7879",2025-07-04 01:59:43,25.416,0,"Tank6","Control"
"7880",2025-07-04 02:04:43,25.416,0,"Tank6","Control"
"7881",2025-07-04 02:09:43,25.319,0,"Tank6","Control"
"7882",2025-07-04 02:14:43,25.319,0,"Tank6","Control"
"7883",2025-07-04 02:19:43,25.416,0,"Tank6","Control"
"7884",2025-07-04 02:24:43,25.513,0,"Tank6","Control"
"7885",2025-07-04 02:29:43,25.513,0,"Tank6","Control"
"7886",2025-07-04 02:34:43,25.416,0,"Tank6","Control"
"7887",2025-07-04 02:39:43,25.416,0,"Tank6","Control"
"7888",2025-07-04 02:44:43,25.416,0,"Tank6","Control"
"7889",2025-07-04 02:49:43,25.319,0,"Tank6","Control"
"7890",2025-07-04 02:54:43,25.319,0,"Tank6","Control"
"7891",2025-07-04 02:59:43,25.319,0,"Tank6","Control"
"7892",2025-07-04 03:04:43,25.513,0,"Tank6","Control"
"7893",2025-07-04 03:09:43,25.513,0,"Tank6","Control"
"7894",2025-07-04 03:14:43,25.513,0,"Tank6","Control"
"7895",2025-07-04 03:19:43,25.416,0,"Tank6","Control"
"7896",2025-07-04 03:24:43,25.416,0,"Tank6","Control"
"7897",2025-07-04 03:29:43,25.416,0,"Tank6","Control"
"7898",2025-07-04 03:34:43,25.319,0,"Tank6","Control"
"7899",2025-07-04 03:39:43,25.319,0,"Tank6","Control"
"7900",2025-07-04 03:44:43,25.416,0,"Tank6","Control"
"7901",2025-07-04 03:49:43,25.513,0,"Tank6","Control"
"7902",2025-07-04 03:54:43,25.513,0,"Tank6","Control"
"7903",2025-07-04 03:59:43,25.513,0,"Tank6","Control"
"7904",2025-07-04 04:04:43,25.416,0,"Tank6","Control"
"7905",2025-07-04 04:09:43,25.416,0,"Tank6","Control"
"7906",2025-07-04 04:14:43,25.319,0,"Tank6","Control"
"7907",2025-07-04 04:19:43,25.319,0,"Tank6","Control"
"7908",2025-07-04 04:24:43,25.319,0,"Tank6","Control"
"7909",2025-07-04 04:29:43,25.513,0,"Tank6","Control"
"7910",2025-07-04 04:34:43,25.513,0,"Tank6","Control"
"7911",2025-07-04 04:39:43,25.513,0,"Tank6","Control"
"7912",2025-07-04 04:44:43,25.513,0,"Tank6","Control"
"7913",2025-07-04 04:49:43,25.513,0,"Tank6","Control"
"7914",2025-07-04 04:54:43,25.513,0,"Tank6","Control"
"7915",2025-07-04 04:59:43,25.513,0,"Tank6","Control"
"7916",2025-07-04 05:04:43,25.513,0,"Tank6","Control"
"7917",2025-07-04 05:09:43,25.513,0,"Tank6","Control"
"7918",2025-07-04 05:14:43,25.416,0,"Tank6","Control"
"7919",2025-07-04 05:19:43,25.416,0,"Tank6","Control"
"7920",2025-07-04 05:24:43,25.416,0,"Tank6","Control"
"7921",2025-07-04 05:29:43,25.416,0,"Tank6","Control"
"7922",2025-07-04 05:34:43,25.416,0,"Tank6","Control"
"7923",2025-07-04 05:39:43,25.416,0,"Tank6","Control"
"7924",2025-07-04 05:44:43,25.416,0,"Tank6","Control"
"7925",2025-07-04 05:49:43,25.416,0,"Tank6","Control"
"7926",2025-07-04 05:54:43,25.416,0,"Tank6","Control"
"7927",2025-07-04 05:59:43,25.416,0,"Tank6","Control"
"7928",2025-07-04 06:04:43,25.416,0,"Tank6","Control"
"7929",2025-07-04 06:09:43,25.416,0,"Tank6","Control"
"7930",2025-07-04 06:14:43,25.319,0,"Tank6","Control"
"7931",2025-07-04 06:19:43,25.319,0,"Tank6","Control"
"7932",2025-07-04 06:24:43,25.319,0,"Tank6","Control"
"7933",2025-07-04 06:29:43,25.319,0,"Tank6","Control"
"7934",2025-07-04 06:34:43,25.319,0,"Tank6","Control"
"7935",2025-07-04 06:39:43,25.319,0,"Tank6","Control"
"7936",2025-07-04 06:44:43,25.319,0,"Tank6","Control"
"7937",2025-07-04 06:49:43,25.319,0,"Tank6","Control"
"7938",2025-07-04 06:54:43,25.319,0,"Tank6","Control"
"7939",2025-07-04 06:59:43,25.319,0,"Tank6","Control"
"7940",2025-07-04 07:04:43,25.319,0,"Tank6","Control"
"7941",2025-07-04 07:09:43,25.319,0,"Tank6","Control"
"7942",2025-07-04 07:14:43,25.319,0,"Tank6","Control"
"7943",2025-07-04 07:19:43,25.319,0,"Tank6","Control"
"7944",2025-07-04 07:24:43,25.416,0,"Tank6","Control"
"7945",2025-07-04 07:29:43,25.513,0,"Tank6","Control"
"7946",2025-07-04 07:34:43,25.513,0,"Tank6","Control"
"7947",2025-07-04 07:39:43,25.513,0,"Tank6","Control"
"7948",2025-07-04 07:44:43,25.513,0,"Tank6","Control"
"7949",2025-07-04 07:49:43,25.513,0,"Tank6","Control"
"7950",2025-07-04 07:54:43,25.416,0,"Tank6","Control"
"7951",2025-07-04 07:59:43,25.416,0,"Tank6","Control"
"7952",2025-07-04 08:04:43,25.416,0,"Tank6","Control"
"7953",2025-07-04 08:09:43,25.416,0,"Tank6","Control"
"7954",2025-07-04 08:14:43,25.416,0,"Tank6","Control"
"7955",2025-07-04 08:19:43,25.416,10.8,"Tank6","Control"
"7956",2025-07-04 08:24:43,25.416,10.8,"Tank6","Control"
"7957",2025-07-04 08:29:43,25.416,10.8,"Tank6","Control"
"7958",2025-07-04 08:34:43,25.416,32.3,"Tank6","Control"
"7959",2025-07-04 08:39:43,25.416,64.6,"Tank6","Control"
"7960",2025-07-04 08:44:43,25.319,21.5,"Tank6","Control"
"7961",2025-07-04 08:49:43,25.319,43.1,"Tank6","Control"
"7962",2025-07-04 08:54:43,25.319,32.3,"Tank6","Control"
"7963",2025-07-04 08:59:43,25.319,53.8,"Tank6","Control"
"7964",2025-07-04 09:04:43,25.319,107.6,"Tank6","Control"
"7965",2025-07-04 09:09:43,25.319,96.9,"Tank6","Control"
"7966",2025-07-04 09:14:43,25.319,129.2,"Tank6","Control"
"7967",2025-07-04 09:19:43,25.319,107.6,"Tank6","Control"
"7968",2025-07-04 09:24:43,25.319,118.4,"Tank6","Control"
"7969",2025-07-04 09:29:43,25.513,139.9,"Tank6","Control"
"7970",2025-07-04 09:34:43,25.513,150.7,"Tank6","Control"
"7971",2025-07-04 09:39:43,25.513,139.9,"Tank6","Control"
"7972",2025-07-04 09:44:43,25.416,150.7,"Tank6","Control"
"7973",2025-07-04 09:49:43,25.513,193.8,"Tank6","Control"
"7974",2025-07-04 09:54:43,25.416,215.3,"Tank6","Control"
"7975",2025-07-04 09:59:43,25.416,247.6,"Tank6","Control"
"7976",2025-07-04 10:04:43,25.416,204.5,"Tank6","Control"
"7977",2025-07-04 10:09:43,25.416,204.5,"Tank6","Control"
"7978",2025-07-04 10:14:43,25.416,204.5,"Tank6","Control"
"7979",2025-07-04 10:19:43,25.416,269.1,"Tank6","Control"
"7980",2025-07-04 10:24:43,25.416,247.6,"Tank6","Control"
"7981",2025-07-04 10:29:43,25.416,312.2,"Tank6","Control"
"7982",2025-07-04 10:34:43,25.416,312.2,"Tank6","Control"
"7983",2025-07-04 10:39:43,25.416,322.9,"Tank6","Control"
"7984",2025-07-04 10:44:43,25.319,301.4,"Tank6","Control"
"7985",2025-07-04 10:49:43,25.319,312.2,"Tank6","Control"
"7986",2025-07-04 10:54:43,25.416,355.2,"Tank6","Control"
"7987",2025-07-04 10:59:43,25.513,387.5,"Tank6","Control"
"7988",2025-07-04 11:04:43,25.513,409,"Tank6","Control"
"7989",2025-07-04 11:09:43,25.416,387.5,"Tank6","Control"
"7990",2025-07-04 11:14:43,25.416,376.7,"Tank6","Control"
"7991",2025-07-04 11:19:43,25.416,441.3,"Tank6","Control"
"7992",2025-07-04 11:24:43,25.416,419.8,"Tank6","Control"
"7993",2025-07-04 11:29:43,25.319,409,"Tank6","Control"
"7994",2025-07-04 11:34:43,25.319,441.3,"Tank6","Control"
"7995",2025-07-04 11:44:43,25.416,484.4,"Tank6","Control"
"7996",2025-07-04 11:49:43,25.319,462.9,"Tank6","Control"
"7997",2025-07-04 11:54:43,25.319,495.1,"Tank6","Control"
"7998",2025-07-04 11:59:43,25.513,484.4,"Tank6","Control"
"7999",2025-07-04 12:04:43,25.513,527.4,"Tank6","Control"
"8000",2025-07-04 12:09:43,25.513,505.9,"Tank6","Control"
"8001",2025-07-04 12:14:43,25.513,495.1,"Tank6","Control"
"8002",2025-07-04 12:19:43,25.513,516.7,"Tank6","Control"
"8003",2025-07-04 12:24:43,25.513,495.1,"Tank6","Control"
"8004",2025-07-04 12:29:43,25.513,505.9,"Tank6","Control"
"8005",2025-07-04 12:34:43,25.416,505.9,"Tank6","Control"
"8006",2025-07-04 12:39:43,25.416,484.4,"Tank6","Control"
"8007",2025-07-04 12:44:43,25.416,484.4,"Tank6","Control"
"8008",2025-07-04 12:49:43,25.416,516.7,"Tank6","Control"
"8009",2025-07-04 12:54:43,25.416,516.7,"Tank6","Control"
"8010",2025-07-04 12:59:43,25.416,495.1,"Tank6","Control"
"8011",2025-07-04 13:04:43,25.319,538.2,"Tank6","Control"
"8012",2025-07-04 13:09:43,25.513,505.9,"Tank6","Control"
"8013",2025-07-04 13:14:43,25.513,505.9,"Tank6","Control"
"8014",2025-07-04 13:19:43,25.513,527.4,"Tank6","Control"
"8015",2025-07-04 13:24:43,25.513,505.9,"Tank6","Control"
"8016",2025-07-04 13:29:43,25.513,495.1,"Tank6","Control"
"8017",2025-07-04 13:34:43,25.513,495.1,"Tank6","Control"
"8018",2025-07-04 13:39:43,25.416,495.1,"Tank6","Control"
"8019",2025-07-04 13:44:43,25.416,484.4,"Tank6","Control"
"8020",2025-07-04 13:49:43,25.416,505.9,"Tank6","Control"
"8021",2025-07-04 13:54:43,25.416,473.6,"Tank6","Control"
"8022",2025-07-04 13:59:43,25.416,516.7,"Tank6","Control"
"8023",2025-07-04 14:04:43,25.319,484.4,"Tank6","Control"
"8024",2025-07-04 14:09:43,25.319,516.7,"Tank6","Control"
"8025",2025-07-04 14:14:43,25.416,516.7,"Tank6","Control"
"8026",2025-07-04 14:19:43,25.513,484.4,"Tank6","Control"
"8027",2025-07-04 14:24:43,25.513,516.7,"Tank6","Control"
"8028",2025-07-04 14:29:43,25.513,505.9,"Tank6","Control"
"8029",2025-07-04 14:34:43,25.513,505.9,"Tank6","Control"
"8030",2025-07-04 14:39:43,25.416,516.7,"Tank6","Control"
"8031",2025-07-04 14:44:43,25.416,516.7,"Tank6","Control"
"8032",2025-07-04 14:49:43,25.416,505.9,"Tank6","Control"
"8033",2025-07-04 14:54:43,25.416,516.7,"Tank6","Control"
"8034",2025-07-04 14:59:43,25.416,516.7,"Tank6","Control"
"8035",2025-07-04 15:04:43,25.319,505.9,"Tank6","Control"
"8036",2025-07-04 15:09:43,25.319,505.9,"Tank6","Control"
"8037",2025-07-04 15:14:43,25.416,505.9,"Tank6","Control"
"8038",2025-07-04 15:19:43,25.513,484.4,"Tank6","Control"
"8039",2025-07-04 15:24:43,25.513,516.7,"Tank6","Control"
"8040",2025-07-04 15:29:43,25.513,495.1,"Tank6","Control"
"8041",2025-07-04 15:34:43,25.513,495.1,"Tank6","Control"
"8042",2025-07-04 15:39:43,25.513,505.9,"Tank6","Control"
"8043",2025-07-04 15:44:43,25.416,527.4,"Tank6","Control"
"8044",2025-07-04 15:49:43,25.416,516.7,"Tank6","Control"
"8045",2025-07-04 15:54:43,25.416,505.9,"Tank6","Control"
"8046",2025-07-04 15:59:43,25.416,516.7,"Tank6","Control"
"8047",2025-07-04 16:04:43,25.416,495.1,"Tank6","Control"
"8048",2025-07-04 16:09:43,25.319,473.6,"Tank6","Control"
"8049",2025-07-04 16:14:43,25.319,473.6,"Tank6","Control"
"8050",2025-07-04 16:19:43,25.416,462.9,"Tank6","Control"
"8051",2025-07-04 16:24:43,25.513,452.1,"Tank6","Control"
"8052",2025-07-04 16:29:43,25.513,430.6,"Tank6","Control"
"8053",2025-07-04 16:34:43,25.513,409,"Tank6","Control"
"8054",2025-07-04 16:39:43,25.513,419.8,"Tank6","Control"
"8055",2025-07-04 16:44:43,25.416,376.7,"Tank6","Control"
"8056",2025-07-04 16:49:43,25.416,355.2,"Tank6","Control"
"8057",2025-07-04 16:54:43,25.416,355.2,"Tank6","Control"
"8058",2025-07-04 16:59:43,25.416,376.7,"Tank6","Control"
"8059",2025-07-04 17:04:43,25.319,333.7,"Tank6","Control"
"8060",2025-07-04 17:09:43,25.319,322.9,"Tank6","Control"
"8061",2025-07-04 17:14:43,25.513,312.2,"Tank6","Control"
"8062",2025-07-04 17:19:43,25.61,333.7,"Tank6","Control"
"8063",2025-07-04 17:24:43,25.513,279.9,"Tank6","Control"
"8064",2025-07-04 17:29:43,25.513,279.9,"Tank6","Control"
"8065",2025-07-04 17:34:43,25.513,301.4,"Tank6","Control"
"8066",2025-07-04 17:39:43,25.513,236.8,"Tank6","Control"
"8067",2025-07-04 17:44:43,25.513,236.8,"Tank6","Control"
"8068",2025-07-04 17:49:43,25.416,247.6,"Tank6","Control"
"8069",2025-07-04 17:54:43,25.416,215.3,"Tank6","Control"
"8070",2025-07-04 17:59:43,24.835,236.8,"Tank6","Control"
"8071",2025-07-04 18:04:43,24.931,204.5,"Tank6","Control"
"8072",2025-07-04 18:09:43,25.416,172.2,"Tank6","Control"
"8073",2025-07-04 18:14:43,25.708,172.2,"Tank6","Control"
"8074",2025-07-04 18:19:43,25.708,161.5,"Tank6","Control"
"8075",2025-07-04 18:24:43,25.708,150.7,"Tank6","Control"
"8076",2025-07-04 18:29:43,25.708,139.9,"Tank6","Control"
"8077",2025-07-04 18:34:43,25.61,139.9,"Tank6","Control"
"8078",2025-07-04 18:39:43,25.61,129.2,"Tank6","Control"
"8079",2025-07-04 18:44:43,25.61,150.7,"Tank6","Control"
"8080",2025-07-04 18:49:43,25.513,75.3,"Tank6","Control"
"8081",2025-07-04 18:54:43,25.513,107.6,"Tank6","Control"
"8082",2025-07-04 18:59:43,25.513,43.1,"Tank6","Control"
"8083",2025-07-04 19:04:43,25.416,32.3,"Tank6","Control"
"8084",2025-07-04 19:09:43,25.416,53.8,"Tank6","Control"
"8085",2025-07-04 19:14:43,25.416,64.6,"Tank6","Control"
"8086",2025-07-04 19:19:43,25.319,32.3,"Tank6","Control"
"8087",2025-07-04 19:24:43,25.319,43.1,"Tank6","Control"
"8088",2025-07-04 19:29:43,25.319,21.5,"Tank6","Control"
"8089",2025-07-04 19:34:43,25.416,21.5,"Tank6","Control"
"8090",2025-07-04 19:39:43,25.416,21.5,"Tank6","Control"
"8091",2025-07-04 19:44:43,25.416,0,"Tank6","Control"
"8092",2025-07-04 19:49:43,25.416,0,"Tank6","Control"
"8093",2025-07-04 19:54:43,25.416,0,"Tank6","Control"
"8094",2025-07-04 19:59:43,25.319,0,"Tank6","Control"
"8095",2025-07-04 20:04:43,25.319,0,"Tank6","Control"
"8096",2025-07-04 20:09:43,25.319,0,"Tank6","Control"
"8097",2025-07-04 20:14:43,25.513,0,"Tank6","Control"
"8098",2025-07-04 20:19:43,25.513,0,"Tank6","Control"
"8099",2025-07-04 20:24:43,25.513,0,"Tank6","Control"
"8100",2025-07-04 20:29:43,25.513,0,"Tank6","Control"
"8101",2025-07-04 20:34:43,25.416,0,"Tank6","Control"
"8102",2025-07-04 20:39:43,25.416,0,"Tank6","Control"
"8103",2025-07-04 20:44:43,25.416,0,"Tank6","Control"
"8104",2025-07-04 20:49:43,25.319,0,"Tank6","Control"
"8105",2025-07-04 20:54:43,25.319,0,"Tank6","Control"
"8106",2025-07-04 20:59:43,25.319,0,"Tank6","Control"
"8107",2025-07-04 21:04:43,25.416,0,"Tank6","Control"
"8108",2025-07-04 21:09:43,25.513,0,"Tank6","Control"
"8109",2025-07-04 21:14:43,25.513,0,"Tank6","Control"
"8110",2025-07-04 21:19:43,25.513,0,"Tank6","Control"
"8111",2025-07-04 21:24:43,25.416,0,"Tank6","Control"
"8112",2025-07-04 21:29:43,25.416,0,"Tank6","Control"
"8113",2025-07-04 21:34:43,25.416,0,"Tank6","Control"
"8114",2025-07-04 21:39:43,25.319,0,"Tank6","Control"
"8115",2025-07-04 21:44:43,25.319,0,"Tank6","Control"
"8116",2025-07-04 21:49:43,25.319,0,"Tank6","Control"
"8117",2025-07-04 21:54:43,25.319,0,"Tank6","Control"
"8118",2025-07-04 21:59:43,25.416,0,"Tank6","Control"
"8119",2025-07-04 22:04:43,25.513,0,"Tank6","Control"
"8120",2025-07-04 22:09:43,25.513,0,"Tank6","Control"
"8121",2025-07-04 22:14:43,25.416,0,"Tank6","Control"
"8122",2025-07-04 22:19:43,25.416,0,"Tank6","Control"
"8123",2025-07-04 22:24:43,25.416,0,"Tank6","Control"
"8124",2025-07-04 22:29:43,25.319,0,"Tank6","Control"
"8125",2025-07-04 22:34:43,25.319,0,"Tank6","Control"
"8126",2025-07-04 22:39:43,25.319,0,"Tank6","Control"
"8127",2025-07-04 22:44:43,25.319,0,"Tank6","Control"
"8128",2025-07-04 22:49:43,25.513,0,"Tank6","Control"
"8129",2025-07-04 22:54:43,25.513,0,"Tank6","Control"
"8130",2025-07-04 22:59:43,25.416,0,"Tank6","Control"
"8131",2025-07-04 23:04:43,25.416,0,"Tank6","Control"
"8132",2025-07-04 23:09:43,25.416,0,"Tank6","Control"
"8133",2025-07-04 23:14:43,25.416,0,"Tank6","Control"
"8134",2025-07-04 23:19:43,25.319,0,"Tank6","Control"
"8135",2025-07-04 23:24:43,25.319,0,"Tank6","Control"
"8136",2025-07-04 23:29:43,25.319,0,"Tank6","Control"
"8137",2025-07-04 23:34:43,25.319,0,"Tank6","Control"
"8138",2025-07-04 23:39:43,25.513,0,"Tank6","Control"
"8139",2025-07-04 23:44:43,25.513,0,"Tank6","Control"
"8140",2025-07-04 23:49:43,25.513,0,"Tank6","Control"
"8141",2025-07-04 23:54:43,25.416,0,"Tank6","Control"
"8142",2025-07-04 23:59:43,25.416,0,"Tank6","Control"
"8143",2025-07-05 00:04:43,25.416,0,"Tank6","Control"
"8144",2025-07-05 00:09:43,25.416,0,"Tank6","Control"
"8145",2025-07-05 00:14:43,25.416,0,"Tank6","Control"
"8146",2025-07-05 00:19:43,25.416,0,"Tank6","Control"
"8147",2025-07-05 00:24:43,25.416,0,"Tank6","Control"
"8148",2025-07-05 00:29:43,25.416,0,"Tank6","Control"
"8149",2025-07-05 00:34:43,25.319,0,"Tank6","Control"
"8150",2025-07-05 00:39:43,25.319,0,"Tank6","Control"
"8151",2025-07-05 00:44:43,25.319,0,"Tank6","Control"
"8152",2025-07-05 00:49:43,25.319,0,"Tank6","Control"
"8153",2025-07-05 00:54:43,25.513,0,"Tank6","Control"
"8154",2025-07-05 00:59:43,25.513,0,"Tank6","Control"
"8155",2025-07-05 01:04:43,25.513,0,"Tank6","Control"
"8156",2025-07-05 01:09:43,25.416,0,"Tank6","Control"
"8157",2025-07-05 01:14:43,25.416,0,"Tank6","Control"
"8158",2025-07-05 01:19:43,25.416,0,"Tank6","Control"
"8159",2025-07-05 01:24:43,25.416,0,"Tank6","Control"
"8160",2025-07-05 01:29:43,25.416,0,"Tank6","Control"
"8161",2025-07-05 01:34:43,25.416,0,"Tank6","Control"
"8162",2025-07-05 01:39:43,25.416,0,"Tank6","Control"
"8163",2025-07-05 01:44:43,25.319,0,"Tank6","Control"
"8164",2025-07-05 01:49:43,25.319,0,"Tank6","Control"
"8165",2025-07-05 01:54:43,25.319,0,"Tank6","Control"
"8166",2025-07-05 01:59:43,25.319,0,"Tank6","Control"
"8167",2025-07-05 02:04:43,25.319,0,"Tank6","Control"
"8168",2025-07-05 02:09:43,25.319,0,"Tank6","Control"
"8169",2025-07-05 02:14:43,25.416,0,"Tank6","Control"
"8170",2025-07-05 02:19:43,25.416,0,"Tank6","Control"
"8171",2025-07-05 02:24:43,25.416,0,"Tank6","Control"
"8172",2025-07-05 02:29:43,25.416,0,"Tank6","Control"
"8173",2025-07-05 02:34:43,25.416,0,"Tank6","Control"
"8174",2025-07-05 02:39:43,25.416,0,"Tank6","Control"
"8175",2025-07-05 02:44:43,25.416,0,"Tank6","Control"
"8176",2025-07-05 02:49:43,25.416,0,"Tank6","Control"
"8177",2025-07-05 02:54:43,25.416,0,"Tank6","Control"
"8178",2025-07-05 02:59:43,25.319,0,"Tank6","Control"
"8179",2025-07-05 03:04:43,25.319,0,"Tank6","Control"
"8180",2025-07-05 03:09:43,25.319,0,"Tank6","Control"
"8181",2025-07-05 03:14:43,25.319,0,"Tank6","Control"
"8182",2025-07-05 03:19:43,25.319,0,"Tank6","Control"
"8183",2025-07-05 03:24:43,25.319,0,"Tank6","Control"
"8184",2025-07-05 03:29:43,25.319,0,"Tank6","Control"
"8185",2025-07-05 03:34:43,25.416,0,"Tank6","Control"
"8186",2025-07-05 03:39:43,25.416,0,"Tank6","Control"
"8187",2025-07-05 03:44:43,25.416,0,"Tank6","Control"
"8188",2025-07-05 03:49:43,25.319,0,"Tank6","Control"
"8189",2025-07-05 03:54:43,25.319,0,"Tank6","Control"
"8190",2025-07-05 03:59:43,25.319,0,"Tank6","Control"
"8191",2025-07-05 04:04:43,25.319,0,"Tank6","Control"
"8192",2025-07-05 04:09:43,25.319,0,"Tank6","Control"
"8193",2025-07-05 04:14:43,25.319,0,"Tank6","Control"
"8194",2025-07-05 04:19:43,25.319,0,"Tank6","Control"
"8195",2025-07-05 04:24:43,25.319,0,"Tank6","Control"
"8196",2025-07-05 04:29:43,25.319,0,"Tank6","Control"
"8197",2025-07-05 04:34:43,25.416,0,"Tank6","Control"
"8198",2025-07-05 04:39:43,25.416,0,"Tank6","Control"
"8199",2025-07-05 04:44:43,25.416,0,"Tank6","Control"
"8200",2025-07-05 04:49:43,25.416,0,"Tank6","Control"
"8201",2025-07-05 04:54:43,25.416,0,"Tank6","Control"
"8202",2025-07-05 04:59:43,25.416,0,"Tank6","Control"
"8203",2025-07-05 05:04:43,25.319,0,"Tank6","Control"
"8204",2025-07-05 05:09:43,25.319,0,"Tank6","Control"
"8205",2025-07-05 05:14:43,25.319,0,"Tank6","Control"
"8206",2025-07-05 05:19:43,25.319,0,"Tank6","Control"
"8207",2025-07-05 05:24:43,25.319,0,"Tank6","Control"
"8208",2025-07-05 05:29:43,25.416,0,"Tank6","Control"
"8209",2025-07-05 05:34:43,25.513,0,"Tank6","Control"
"8210",2025-07-05 05:39:43,25.513,0,"Tank6","Control"
"8211",2025-07-05 05:44:43,25.416,0,"Tank6","Control"
"8212",2025-07-05 05:49:43,25.416,0,"Tank6","Control"
"8213",2025-07-05 05:54:43,25.416,0,"Tank6","Control"
"8214",2025-07-05 05:59:43,25.416,0,"Tank6","Control"
"8215",2025-07-05 06:04:43,25.416,0,"Tank6","Control"
"8216",2025-07-05 06:09:43,25.416,0,"Tank6","Control"
"8217",2025-07-05 06:14:43,25.416,0,"Tank6","Control"
"8218",2025-07-05 06:19:43,25.319,0,"Tank6","Control"
"8219",2025-07-05 06:24:43,25.319,0,"Tank6","Control"
"8220",2025-07-05 06:29:43,25.319,0,"Tank6","Control"
"8221",2025-07-05 06:34:43,25.319,0,"Tank6","Control"
"8222",2025-07-05 06:39:43,25.319,0,"Tank6","Control"
"8223",2025-07-05 06:44:43,25.319,0,"Tank6","Control"
"8224",2025-07-05 06:49:43,25.416,0,"Tank6","Control"
"8225",2025-07-05 06:54:43,25.513,0,"Tank6","Control"
"8226",2025-07-05 06:59:43,25.513,0,"Tank6","Control"
"8227",2025-07-05 07:04:43,25.513,0,"Tank6","Control"
"8228",2025-07-05 07:09:43,25.416,0,"Tank6","Control"
"8229",2025-07-05 07:14:43,25.416,0,"Tank6","Control"
"8230",2025-07-05 07:19:43,25.416,0,"Tank6","Control"
"8231",2025-07-05 07:24:43,25.416,0,"Tank6","Control"
"8232",2025-07-05 07:29:43,25.416,0,"Tank6","Control"
"8233",2025-07-05 07:34:43,25.416,0,"Tank6","Control"
"8234",2025-07-05 07:39:43,25.416,0,"Tank6","Control"
"8235",2025-07-05 07:44:43,25.416,0,"Tank6","Control"
"8236",2025-07-05 07:49:43,25.319,0,"Tank6","Control"
"8237",2025-07-05 07:54:43,25.319,0,"Tank6","Control"
"8238",2025-07-05 07:59:43,25.319,0,"Tank6","Control"
"8239",2025-07-05 08:04:43,25.319,0,"Tank6","Control"
"8240",2025-07-05 08:09:43,25.319,0,"Tank6","Control"
"8241",2025-07-05 08:14:43,25.319,0,"Tank6","Control"
"8242",2025-07-05 08:19:43,25.319,0,"Tank6","Control"
"8243",2025-07-05 08:24:43,25.319,0,"Tank6","Control"
"8244",2025-07-05 08:29:43,25.319,0,"Tank6","Control"
"8245",2025-07-05 08:34:43,25.416,0,"Tank6","Control"
"8246",2025-07-05 08:39:43,25.416,0,"Tank6","Control"
"8247",2025-07-05 08:44:43,25.416,0,"Tank6","Control"
"8248",2025-07-05 08:49:43,25.416,0,"Tank6","Control"
"8249",2025-07-05 08:54:43,25.513,0,"Tank6","Control"
"8250",2025-07-05 08:59:43,25.513,0,"Tank6","Control"
"8251",2025-07-05 09:04:43,25.416,0,"Tank6","Control"
"8252",2025-07-05 09:09:43,25.416,107.6,"Tank6","Control"
"8253",2025-07-05 09:14:43,25.416,118.4,"Tank6","Control"
"8254",2025-07-05 09:19:43,25.416,193.8,"Tank6","Control"
"8255",2025-07-05 09:24:43,25.416,118.4,"Tank6","Control"
"8256",2025-07-05 09:29:43,25.416,129.2,"Tank6","Control"
"8257",2025-07-05 09:34:43,25.416,139.9,"Tank6","Control"
"8258",2025-07-05 09:39:43,25.319,150.7,"Tank6","Control"
"8259",2025-07-05 09:44:43,25.319,150.7,"Tank6","Control"
"8260",2025-07-05 09:49:43,25.319,193.8,"Tank6","Control"
"8261",2025-07-05 09:54:43,25.319,172.2,"Tank6","Control"
"8262",2025-07-05 09:59:43,25.416,236.8,"Tank6","Control"
"8263",2025-07-05 10:04:43,25.513,183,"Tank6","Control"
"8264",2025-07-05 10:09:43,25.513,236.8,"Tank6","Control"
"8265",2025-07-05 10:14:43,25.513,258.3,"Tank6","Control"
"8266",2025-07-05 10:19:43,25.513,279.9,"Tank6","Control"
"8267",2025-07-05 10:24:43,25.416,258.3,"Tank6","Control"
"8268",2025-07-05 10:29:43,25.416,247.6,"Tank6","Control"
"8269",2025-07-05 10:34:43,25.416,247.6,"Tank6","Control"
"8270",2025-07-05 10:39:43,25.416,312.2,"Tank6","Control"
"8271",2025-07-05 10:44:43,25.319,322.9,"Tank6","Control"
"8272",2025-07-05 10:49:43,25.319,312.2,"Tank6","Control"
"8273",2025-07-05 10:54:43,25.319,322.9,"Tank6","Control"
"8274",2025-07-05 10:59:43,25.513,355.2,"Tank6","Control"
"8275",2025-07-05 11:04:43,25.513,366,"Tank6","Control"
"8276",2025-07-05 11:09:43,25.513,387.5,"Tank6","Control"
"8277",2025-07-05 11:14:43,25.513,409,"Tank6","Control"
"8278",2025-07-05 11:19:43,25.513,419.8,"Tank6","Control"
"8279",2025-07-05 11:24:43,25.416,430.6,"Tank6","Control"
"8280",2025-07-05 11:29:43,25.416,430.6,"Tank6","Control"
"8281",2025-07-05 11:34:43,25.416,452.1,"Tank6","Control"
"8282",2025-07-05 11:39:43,25.416,430.6,"Tank6","Control"
"8283",2025-07-05 11:44:43,25.416,452.1,"Tank6","Control"
"8284",2025-07-05 11:49:43,25.416,462.9,"Tank6","Control"
"8285",2025-07-05 11:54:43,25.416,484.4,"Tank6","Control"
"8286",2025-07-05 11:59:43,25.416,495.1,"Tank6","Control"
"8287",2025-07-05 12:04:43,25.319,495.1,"Tank6","Control"
"8288",2025-07-05 12:09:43,25.319,484.4,"Tank6","Control"
"8289",2025-07-05 12:14:43,25.319,516.7,"Tank6","Control"
"8290",2025-07-05 12:19:43,25.513,495.1,"Tank6","Control"
"8291",2025-07-05 12:24:43,25.513,505.9,"Tank6","Control"
"8292",2025-07-05 12:29:43,25.513,505.9,"Tank6","Control"
"8293",2025-07-05 12:34:43,25.513,516.7,"Tank6","Control"
"8294",2025-07-05 12:39:43,25.513,505.9,"Tank6","Control"
"8295",2025-07-05 12:44:43,25.513,516.7,"Tank6","Control"
"8296",2025-07-05 12:49:43,25.513,484.4,"Tank6","Control"
"8297",2025-07-05 12:54:43,25.416,495.1,"Tank6","Control"
"8298",2025-07-05 12:59:43,25.416,505.9,"Tank6","Control"
"8299",2025-07-05 13:04:43,25.416,516.7,"Tank6","Control"
"8300",2025-07-05 13:09:43,25.416,495.1,"Tank6","Control"
"8301",2025-07-05 13:14:43,25.416,505.9,"Tank6","Control"
"8302",2025-07-05 13:19:43,25.319,527.4,"Tank6","Control"
"8303",2025-07-05 13:24:43,25.416,505.9,"Tank6","Control"
"8304",2025-07-05 13:29:43,25.319,505.9,"Tank6","Control"
"8305",2025-07-05 13:34:43,25.416,516.7,"Tank6","Control"
"8306",2025-07-05 13:39:43,25.513,495.1,"Tank6","Control"
"8307",2025-07-05 13:44:43,25.513,484.4,"Tank6","Control"
"8308",2025-07-05 13:49:43,25.513,505.9,"Tank6","Control"
"8309",2025-07-05 13:54:43,25.513,495.1,"Tank6","Control"
"8310",2025-07-05 13:59:43,25.513,505.9,"Tank6","Control"
"8311",2025-07-05 14:04:43,25.513,538.2,"Tank6","Control"
"8312",2025-07-05 14:09:43,25.513,484.4,"Tank6","Control"
"8313",2025-07-05 14:14:43,25.416,516.7,"Tank6","Control"
"8314",2025-07-05 14:19:43,25.416,495.1,"Tank6","Control"
"8315",2025-07-05 14:24:43,25.416,505.9,"Tank6","Control"
"8316",2025-07-05 14:29:43,25.416,473.6,"Tank6","Control"
"8317",2025-07-05 14:34:43,25.416,516.7,"Tank6","Control"
"8318",2025-07-05 14:39:43,25.416,484.4,"Tank6","Control"
"8319",2025-07-05 14:44:43,25.416,495.1,"Tank6","Control"
"8320",2025-07-05 14:49:43,25.416,516.7,"Tank6","Control"
"8321",2025-07-05 14:54:43,25.319,484.4,"Tank6","Control"
"8322",2025-07-05 14:59:43,25.319,505.9,"Tank6","Control"
"8323",2025-07-05 15:04:43,25.513,505.9,"Tank6","Control"
"8324",2025-07-05 15:09:43,25.513,505.9,"Tank6","Control"
"8325",2025-07-05 15:14:43,25.513,516.7,"Tank6","Control"
"8326",2025-07-05 15:19:43,25.513,505.9,"Tank6","Control"
"8327",2025-07-05 15:24:43,25.416,495.1,"Tank6","Control"
"8328",2025-07-05 15:29:43,25.416,516.7,"Tank6","Control"
"8329",2025-07-05 15:34:43,25.416,484.4,"Tank6","Control"
"8330",2025-07-05 15:39:43,25.416,505.9,"Tank6","Control"
"8331",2025-07-05 15:44:43,25.416,484.4,"Tank6","Control"
"8332",2025-07-05 15:49:43,25.416,495.1,"Tank6","Control"
"8333",2025-07-05 15:54:43,25.416,516.7,"Tank6","Control"
"8334",2025-07-05 15:59:43,25.319,473.6,"Tank6","Control"
"8335",2025-07-05 16:04:43,25.319,473.6,"Tank6","Control"
"8336",2025-07-05 16:09:43,25.319,495.1,"Tank6","Control"
"8337",2025-07-05 16:14:43,25.416,484.4,"Tank6","Control"
"8338",2025-07-05 16:19:43,25.513,473.6,"Tank6","Control"
"8339",2025-07-05 16:24:43,25.416,462.9,"Tank6","Control"
"8340",2025-07-05 16:29:43,25.416,419.8,"Tank6","Control"
"8341",2025-07-05 16:34:43,25.416,409,"Tank6","Control"
"8342",2025-07-05 16:39:43,25.416,398.3,"Tank6","Control"
"8343",2025-07-05 16:44:43,25.416,387.5,"Tank6","Control"
"8344",2025-07-05 16:49:43,25.416,387.5,"Tank6","Control"
"8345",2025-07-05 16:54:43,25.416,355.2,"Tank6","Control"
"8346",2025-07-05 16:59:43,25.416,333.7,"Tank6","Control"
"8347",2025-07-05 17:04:43,25.319,366,"Tank6","Control"
"8348",2025-07-05 17:09:43,25.319,322.9,"Tank6","Control"
"8349",2025-07-05 17:14:43,25.319,344.4,"Tank6","Control"
"8350",2025-07-05 17:19:43,25.513,301.4,"Tank6","Control"
"8351",2025-07-05 17:24:43,25.513,301.4,"Tank6","Control"
"8352",2025-07-05 17:29:43,25.513,279.9,"Tank6","Control"
"8353",2025-07-05 17:34:43,25.513,290.6,"Tank6","Control"
"8354",2025-07-05 17:39:43,25.513,269.1,"Tank6","Control"
"8355",2025-07-05 17:44:43,25.513,290.6,"Tank6","Control"
"8356",2025-07-05 17:49:43,25.513,226,"Tank6","Control"
"8357",2025-07-05 17:54:43,25.416,226,"Tank6","Control"
"8358",2025-07-05 17:59:43,25.416,226,"Tank6","Control"
"8359",2025-07-05 18:04:43,25.416,226,"Tank6","Control"
"8360",2025-07-05 18:09:43,25.416,204.5,"Tank6","Control"
"8361",2025-07-05 18:14:43,25.416,215.3,"Tank6","Control"
"8362",2025-07-05 18:19:43,25.416,150.7,"Tank6","Control"
"8363",2025-07-05 18:24:43,25.319,183,"Tank6","Control"
"8364",2025-07-05 18:29:43,25.319,129.2,"Tank6","Control"
"8365",2025-07-05 18:34:43,25.319,129.2,"Tank6","Control"
"8366",2025-07-05 18:39:43,25.319,118.4,"Tank6","Control"
"8367",2025-07-05 18:44:43,25.319,107.6,"Tank6","Control"
"8368",2025-07-05 18:49:43,25.319,96.9,"Tank6","Control"
"8369",2025-07-05 18:54:43,25.319,75.3,"Tank6","Control"
"8370",2025-07-05 18:59:43,25.416,75.3,"Tank6","Control"
"8371",2025-07-05 19:04:43,25.416,53.8,"Tank6","Control"
"8372",2025-07-05 19:09:43,25.416,53.8,"Tank6","Control"
"8373",2025-07-05 19:14:43,25.416,64.6,"Tank6","Control"
"8374",2025-07-05 19:19:43,25.416,32.3,"Tank6","Control"
"8375",2025-07-05 19:24:43,25.319,10.8,"Tank6","Control"
"8376",2025-07-05 19:29:43,25.319,32.3,"Tank6","Control"
"8377",2025-07-05 19:34:43,25.319,21.5,"Tank6","Control"
"8378",2025-07-05 19:39:43,25.319,10.8,"Tank6","Control"
"8379",2025-07-05 19:44:43,25.416,10.8,"Tank6","Control"
"8380",2025-07-05 19:49:43,25.513,0,"Tank6","Control"
"8381",2025-07-05 19:54:43,25.513,0,"Tank6","Control"
"8382",2025-07-05 19:59:43,25.416,0,"Tank6","Control"
"8383",2025-07-05 20:04:43,25.416,0,"Tank6","Control"
"8384",2025-07-05 20:09:43,25.416,0,"Tank6","Control"
"8385",2025-07-05 20:14:43,25.416,0,"Tank6","Control"
"8386",2025-07-05 20:19:43,25.416,0,"Tank6","Control"
"8387",2025-07-05 20:24:43,25.319,0,"Tank6","Control"
"8388",2025-07-05 20:29:43,25.319,0,"Tank6","Control"
"8389",2025-07-05 20:34:43,25.319,0,"Tank6","Control"
"8390",2025-07-05 20:39:43,25.319,0,"Tank6","Control"
"8391",2025-07-05 20:44:43,25.416,0,"Tank6","Control"
"8392",2025-07-05 20:49:43,25.513,0,"Tank6","Control"
"8393",2025-07-05 20:54:43,25.513,0,"Tank6","Control"
"8394",2025-07-05 20:59:43,25.513,0,"Tank6","Control"
"8395",2025-07-05 21:04:43,25.513,0,"Tank6","Control"
"8396",2025-07-05 21:09:43,25.513,0,"Tank6","Control"
"8397",2025-07-05 21:14:43,25.416,0,"Tank6","Control"
"8398",2025-07-05 21:19:43,25.416,0,"Tank6","Control"
"8399",2025-07-05 21:24:43,25.416,0,"Tank6","Control"
"8400",2025-07-05 21:29:43,25.416,0,"Tank6","Control"
"8401",2025-07-05 21:34:43,25.416,0,"Tank6","Control"
"8402",2025-07-05 21:39:43,25.319,0,"Tank6","Control"
"8403",2025-07-05 21:44:43,25.319,0,"Tank6","Control"
"8404",2025-07-05 21:49:43,25.319,0,"Tank6","Control"
"8405",2025-07-05 21:54:43,25.416,0,"Tank6","Control"
"8406",2025-07-05 21:59:43,25.416,0,"Tank6","Control"
"8407",2025-07-05 22:04:43,25.416,0,"Tank6","Control"
"8408",2025-07-05 22:09:43,25.416,0,"Tank6","Control"
"8409",2025-07-05 22:14:43,25.416,0,"Tank6","Control"
"8410",2025-07-05 22:19:43,25.416,0,"Tank6","Control"
"8411",2025-07-05 22:24:43,25.416,0,"Tank6","Control"
"8412",2025-07-05 22:29:43,25.319,0,"Tank6","Control"
"8413",2025-07-05 22:34:43,25.319,0,"Tank6","Control"
"8414",2025-07-05 22:39:43,25.319,0,"Tank6","Control"
"8415",2025-07-05 22:44:43,25.416,0,"Tank6","Control"
"8416",2025-07-05 22:49:43,25.513,0,"Tank6","Control"
"8417",2025-07-05 22:54:43,25.513,0,"Tank6","Control"
"8418",2025-07-05 22:59:43,25.513,0,"Tank6","Control"
"8419",2025-07-05 23:04:43,25.416,0,"Tank6","Control"
"8420",2025-07-05 23:09:43,25.416,0,"Tank6","Control"
"8421",2025-07-05 23:14:43,25.416,0,"Tank6","Control"
"8422",2025-07-05 23:19:43,25.416,0,"Tank6","Control"
"8423",2025-07-05 23:24:43,25.416,0,"Tank6","Control"
"8424",2025-07-05 23:29:43,25.319,0,"Tank6","Control"
"8425",2025-07-05 23:34:43,25.319,0,"Tank6","Control"
"8426",2025-07-05 23:39:43,25.319,0,"Tank6","Control"
"8427",2025-07-05 23:44:43,25.416,0,"Tank6","Control"
"8428",2025-07-05 23:49:43,25.416,0,"Tank6","Control"
"8429",2025-07-05 23:54:43,25.416,0,"Tank6","Control"
"8430",2025-07-05 23:59:43,25.416,0,"Tank6","Control"
"8431",2025-07-06 00:04:43,25.416,0,"Tank6","Control"
"8432",2025-07-06 00:09:43,25.319,0,"Tank6","Control"
"8433",2025-07-06 00:14:43,25.319,0,"Tank6","Control"
"8434",2025-07-06 00:19:43,25.319,0,"Tank6","Control"
"8435",2025-07-06 00:24:43,25.319,0,"Tank6","Control"
"8436",2025-07-06 00:29:43,25.513,0,"Tank6","Control"
"8437",2025-07-06 00:34:43,25.513,0,"Tank6","Control"
"8438",2025-07-06 00:39:43,25.416,0,"Tank6","Control"
"8439",2025-07-06 00:44:43,25.416,0,"Tank6","Control"
"8440",2025-07-06 00:49:43,25.416,0,"Tank6","Control"
"8441",2025-07-06 00:54:43,25.416,0,"Tank6","Control"
"8442",2025-07-06 00:59:43,25.319,0,"Tank6","Control"
"8443",2025-07-06 01:04:43,25.319,0,"Tank6","Control"
"8444",2025-07-06 01:09:43,25.319,0,"Tank6","Control"
"8445",2025-07-06 01:14:43,25.416,0,"Tank6","Control"
"8446",2025-07-06 01:19:43,25.513,0,"Tank6","Control"
"8447",2025-07-06 01:24:43,25.513,0,"Tank6","Control"
"8448",2025-07-06 01:29:43,25.513,0,"Tank6","Control"
"8449",2025-07-06 01:34:43,25.513,0,"Tank6","Control"
"8450",2025-07-06 01:39:43,25.416,0,"Tank6","Control"
"8451",2025-07-06 01:44:43,25.416,0,"Tank6","Control"
"8452",2025-07-06 01:49:43,25.416,0,"Tank6","Control"
"8453",2025-07-06 01:54:43,25.416,0,"Tank6","Control"
"8454",2025-07-06 01:59:43,25.319,0,"Tank6","Control"
"8455",2025-07-06 02:04:43,25.319,0,"Tank6","Control"
"8456",2025-07-06 02:09:43,25.319,0,"Tank6","Control"
"8457",2025-07-06 02:14:43,25.416,0,"Tank6","Control"
"8458",2025-07-06 02:19:43,25.513,0,"Tank6","Control"
"8459",2025-07-06 02:24:43,25.513,0,"Tank6","Control"
"8460",2025-07-06 02:29:43,25.513,0,"Tank6","Control"
"8461",2025-07-06 02:34:43,25.513,0,"Tank6","Control"
"8462",2025-07-06 02:39:43,25.416,0,"Tank6","Control"
"8463",2025-07-06 02:44:43,25.416,0,"Tank6","Control"
"8464",2025-07-06 02:49:43,25.416,0,"Tank6","Control"
"8465",2025-07-06 02:54:43,25.416,0,"Tank6","Control"
"8466",2025-07-06 02:59:43,25.319,0,"Tank6","Control"
"8467",2025-07-06 03:04:43,25.319,0,"Tank6","Control"
"8468",2025-07-06 03:09:43,25.319,0,"Tank6","Control"
"8469",2025-07-06 03:14:43,25.416,0,"Tank6","Control"
"8470",2025-07-06 03:19:43,25.513,0,"Tank6","Control"
"8471",2025-07-06 03:24:43,25.513,0,"Tank6","Control"
"8472",2025-07-06 03:29:43,25.416,0,"Tank6","Control"
"8473",2025-07-06 03:34:43,25.416,0,"Tank6","Control"
"8474",2025-07-06 03:39:43,25.416,0,"Tank6","Control"
"8475",2025-07-06 03:44:43,25.416,0,"Tank6","Control"
"8476",2025-07-06 03:49:43,25.319,0,"Tank6","Control"
"8477",2025-07-06 03:54:43,25.319,0,"Tank6","Control"
"8478",2025-07-06 03:59:43,25.319,0,"Tank6","Control"
"8479",2025-07-06 04:04:43,25.319,0,"Tank6","Control"
"8480",2025-07-06 04:09:43,25.416,0,"Tank6","Control"
"8481",2025-07-06 04:14:43,25.513,0,"Tank6","Control"
"8482",2025-07-06 04:19:43,25.513,0,"Tank6","Control"
"8483",2025-07-06 04:24:43,25.513,0,"Tank6","Control"
"8484",2025-07-06 04:29:43,25.513,0,"Tank6","Control"
"8485",2025-07-06 04:34:43,25.513,0,"Tank6","Control"
"8486",2025-07-06 04:39:43,25.416,0,"Tank6","Control"
"8487",2025-07-06 04:44:43,25.416,0,"Tank6","Control"
"8488",2025-07-06 04:49:43,25.416,0,"Tank6","Control"
"8489",2025-07-06 04:54:43,25.416,0,"Tank6","Control"
"8490",2025-07-06 04:59:43,25.416,0,"Tank6","Control"
"8491",2025-07-06 05:04:43,25.319,0,"Tank6","Control"
"8492",2025-07-06 05:09:43,25.319,0,"Tank6","Control"
"8493",2025-07-06 05:14:43,25.319,0,"Tank6","Control"
"8494",2025-07-06 05:19:43,25.513,0,"Tank6","Control"
"8495",2025-07-06 05:24:43,25.513,0,"Tank6","Control"
"8496",2025-07-06 05:29:43,25.513,0,"Tank6","Control"
"8497",2025-07-06 05:34:43,25.513,0,"Tank6","Control"
"8498",2025-07-06 05:39:43,25.513,0,"Tank6","Control"
"8499",2025-07-06 05:44:43,25.513,0,"Tank6","Control"
"8500",2025-07-06 05:49:43,25.416,0,"Tank6","Control"
"8501",2025-07-06 05:54:43,25.416,0,"Tank6","Control"
"8502",2025-07-06 05:59:43,25.416,0,"Tank6","Control"
"8503",2025-07-06 06:04:43,25.416,0,"Tank6","Control"
"8504",2025-07-06 06:09:43,25.319,0,"Tank6","Control"
"8505",2025-07-06 06:14:43,25.319,0,"Tank6","Control"
"8506",2025-07-06 06:19:43,25.319,0,"Tank6","Control"
"8507",2025-07-06 06:24:43,25.319,0,"Tank6","Control"
"8508",2025-07-06 06:29:43,25.513,0,"Tank6","Control"
"8509",2025-07-06 06:34:43,25.513,0,"Tank6","Control"
"8510",2025-07-06 06:39:43,25.513,0,"Tank6","Control"
"8511",2025-07-06 06:44:43,25.416,0,"Tank6","Control"
"8512",2025-07-06 06:49:43,25.416,0,"Tank6","Control"
"8513",2025-07-06 06:54:43,25.416,0,"Tank6","Control"
"8514",2025-07-06 06:59:43,25.416,0,"Tank6","Control"
"8515",2025-07-06 07:04:43,25.416,0,"Tank6","Control"
"8516",2025-07-06 07:09:43,25.319,0,"Tank6","Control"
"8517",2025-07-06 07:14:43,25.319,0,"Tank6","Control"
"8518",2025-07-06 07:19:43,25.319,0,"Tank6","Control"
"8519",2025-07-06 07:24:43,25.513,0,"Tank6","Control"
"8520",2025-07-06 07:29:43,25.513,0,"Tank6","Control"
"8521",2025-07-06 07:34:43,25.513,0,"Tank6","Control"
"8522",2025-07-06 07:39:43,25.513,0,"Tank6","Control"
"8523",2025-07-06 07:44:43,25.513,0,"Tank6","Control"
"8524",2025-07-06 07:49:43,25.416,0,"Tank6","Control"
"8525",2025-07-06 07:54:43,25.416,0,"Tank6","Control"
"8526",2025-07-06 07:59:43,25.416,0,"Tank6","Control"
"8527",2025-07-06 08:04:43,25.319,0,"Tank6","Control"
"8528",2025-07-06 08:09:43,25.319,0,"Tank6","Control"
"8529",2025-07-06 08:14:43,25.319,10.8,"Tank6","Control"
"8530",2025-07-06 08:19:43,25.319,0,"Tank6","Control"
"8531",2025-07-06 08:24:43,25.513,21.5,"Tank6","Control"
"8532",2025-07-06 08:29:43,25.513,32.3,"Tank6","Control"
"8533",2025-07-06 08:34:43,25.513,10.8,"Tank6","Control"
"8534",2025-07-06 08:39:43,25.513,10.8,"Tank6","Control"
"8535",2025-07-06 08:44:43,25.513,53.8,"Tank6","Control"
"8536",2025-07-06 08:49:43,25.416,86.1,"Tank6","Control"
"8537",2025-07-06 08:54:43,25.416,75.3,"Tank6","Control"
"8538",2025-07-06 08:59:43,25.416,64.6,"Tank6","Control"
"8539",2025-07-06 09:04:43,25.416,96.9,"Tank6","Control"
"8540",2025-07-06 09:09:43,25.416,75.3,"Tank6","Control"
"8541",2025-07-06 09:14:43,25.319,107.6,"Tank6","Control"
"8542",2025-07-06 09:19:43,25.319,86.1,"Tank6","Control"
"8543",2025-07-06 09:24:43,25.319,75.3,"Tank6","Control"
"8544",2025-07-06 09:29:43,25.513,75.3,"Tank6","Control"
"8545",2025-07-06 09:34:43,25.513,107.6,"Tank6","Control"
"8546",2025-07-06 09:39:43,25.513,118.4,"Tank6","Control"
"8547",2025-07-06 09:44:43,25.513,204.5,"Tank6","Control"
"8548",2025-07-06 09:49:43,25.513,0,"Tank6","Control"
"8549",2025-07-06 09:54:43,25.416,0,"Tank6","Control"
"8550",2025-07-06 09:59:43,25.416,0,"Tank6","Control"
"8551",2025-07-06 10:04:43,25.416,0,"Tank6","Control"
"8552",2025-07-06 10:09:43,25.416,0,"Tank6","Control"
"8553",2025-07-06 10:14:43,25.319,0,"Tank6","Control"
"8554",2025-07-06 10:19:43,25.319,0,"Tank6","Control"
"8555",2025-07-06 10:24:43,25.319,0,"Tank6","Control"
"8556",2025-07-06 10:29:43,25.319,0,"Tank6","Control"
"8557",2025-07-06 10:34:43,25.319,0,"Tank6","Control"
"8558",2025-07-06 10:39:43,25.513,0,"Tank6","Control"
"8559",2025-07-06 10:44:43,25.513,0,"Tank6","Control"
"8560",2025-07-06 10:49:43,25.513,0,"Tank6","Control"
"8561",2025-07-06 10:54:43,25.513,0,"Tank6","Control"
"8562",2025-07-06 10:59:43,25.513,0,"Tank6","Control"
"8563",2025-07-06 11:04:43,25.513,0,"Tank6","Control"
"8564",2025-07-06 11:09:43,25.513,0,"Tank6","Control"
"8565",2025-07-06 11:14:43,25.513,0,"Tank6","Control"
"8566",2025-07-06 11:19:43,25.513,409,"Tank6","Control"
"8567",2025-07-06 11:24:43,25.513,419.8,"Tank6","Control"
"8568",2025-07-06 11:29:43,25.513,398.3,"Tank6","Control"
"8569",2025-07-06 11:34:43,25.416,398.3,"Tank6","Control"
"8570",2025-07-06 11:39:43,25.416,452.1,"Tank6","Control"
"8571",2025-07-06 11:44:43,25.416,452.1,"Tank6","Control"
"8572",2025-07-06 11:49:43,25.416,462.9,"Tank6","Control"
"8573",2025-07-06 11:54:43,25.416,441.3,"Tank6","Control"
"8574",2025-07-06 11:59:43,25.319,473.6,"Tank6","Control"
"8575",2025-07-06 12:04:43,25.319,516.7,"Tank6","Control"
"8576",2025-07-06 12:09:43,25.416,484.4,"Tank6","Control"
"8577",2025-07-06 12:14:43,25.416,484.4,"Tank6","Control"
"8578",2025-07-06 12:19:43,25.416,462.9,"Tank6","Control"
"8579",2025-07-06 12:24:43,25.416,484.4,"Tank6","Control"
"8580",2025-07-06 12:29:43,25.416,495.1,"Tank6","Control"
"8581",2025-07-06 12:34:43,25.416,473.6,"Tank6","Control"
"8582",2025-07-06 12:39:43,25.416,505.9,"Tank6","Control"
"8583",2025-07-06 12:44:43,25.416,473.6,"Tank6","Control"
"8584",2025-07-06 12:49:43,25.416,473.6,"Tank6","Control"
"8585",2025-07-06 12:54:43,25.416,495.1,"Tank6","Control"
"8586",2025-07-06 12:59:43,25.319,527.4,"Tank6","Control"
"8587",2025-07-06 13:04:43,25.319,484.4,"Tank6","Control"
"8588",2025-07-06 13:09:43,25.319,473.6,"Tank6","Control"
"8589",2025-07-06 13:14:43,25.319,505.9,"Tank6","Control"
"8590",2025-07-06 13:19:43,25.319,505.9,"Tank6","Control"
"8591",2025-07-06 13:24:43,25.319,484.4,"Tank6","Control"
"8592",2025-07-06 13:29:43,25.319,484.4,"Tank6","Control"
"8593",2025-07-06 13:34:43,25.319,495.1,"Tank6","Control"
"8594",2025-07-06 13:39:43,25.319,516.7,"Tank6","Control"
"8595",2025-07-06 13:44:43,25.416,495.1,"Tank6","Control"
"8596",2025-07-06 13:49:43,25.416,484.4,"Tank6","Control"
"8597",2025-07-06 13:54:43,25.416,462.9,"Tank6","Control"
"8598",2025-07-06 13:59:43,25.416,473.6,"Tank6","Control"
"8599",2025-07-06 14:04:43,25.416,473.6,"Tank6","Control"
"8600",2025-07-06 14:09:43,25.416,516.7,"Tank6","Control"
"8601",2025-07-06 14:14:43,25.416,505.9,"Tank6","Control"
"8602",2025-07-06 14:19:43,25.416,516.7,"Tank6","Control"
"8603",2025-07-06 14:24:43,25.416,484.4,"Tank6","Control"
"8604",2025-07-06 14:29:43,25.416,516.7,"Tank6","Control"
"8605",2025-07-06 14:34:43,25.416,505.9,"Tank6","Control"
"8606",2025-07-06 14:39:43,25.416,505.9,"Tank6","Control"
"8607",2025-07-06 14:44:43,25.416,495.1,"Tank6","Control"
"8608",2025-07-06 14:49:43,25.416,505.9,"Tank6","Control"
"8609",2025-07-06 14:54:43,25.416,484.4,"Tank6","Control"
"8610",2025-07-06 14:59:43,25.319,473.6,"Tank6","Control"
"8611",2025-07-06 15:04:43,25.319,473.6,"Tank6","Control"
"8612",2025-07-06 15:09:43,25.319,527.4,"Tank6","Control"
"8613",2025-07-06 15:14:43,25.319,473.6,"Tank6","Control"
"8614",2025-07-06 15:19:43,25.319,516.7,"Tank6","Control"
"8615",2025-07-06 15:24:43,25.319,495.1,"Tank6","Control"
"8616",2025-07-06 15:29:43,25.319,527.4,"Tank6","Control"
"8617",2025-07-06 15:34:43,25.319,484.4,"Tank6","Control"
"8618",2025-07-06 15:39:43,25.319,495.1,"Tank6","Control"
"8619",2025-07-06 15:44:43,25.319,495.1,"Tank6","Control"
"8620",2025-07-06 15:49:43,25.319,505.9,"Tank6","Control"
"8621",2025-07-06 15:54:43,25.416,505.9,"Tank6","Control"
"8622",2025-07-06 15:59:43,25.513,473.6,"Tank6","Control"
"8623",2025-07-06 16:04:43,25.513,505.9,"Tank6","Control"
"8624",2025-07-06 16:09:43,25.513,473.6,"Tank6","Control"
"8625",2025-07-06 16:14:43,25.513,473.6,"Tank6","Control"
"8626",2025-07-06 16:19:43,25.416,462.9,"Tank6","Control"
"8627",2025-07-06 16:24:43,25.416,430.6,"Tank6","Control"
"8628",2025-07-06 16:29:43,25.416,430.6,"Tank6","Control"
"8629",2025-07-06 16:34:43,25.416,430.6,"Tank6","Control"
"8630",2025-07-06 16:39:43,25.416,398.3,"Tank6","Control"
"8631",2025-07-06 16:44:43,25.416,376.7,"Tank6","Control"
"8632",2025-07-06 16:49:43,25.416,366,"Tank6","Control"
"8633",2025-07-06 16:54:43,25.416,387.5,"Tank6","Control"
"8634",2025-07-06 16:59:43,25.416,344.4,"Tank6","Control"
"8635",2025-07-06 17:04:43,25.319,366,"Tank6","Control"
"8636",2025-07-06 17:09:43,25.319,279.9,"Tank6","Control"
"8637",2025-07-06 17:14:43,25.319,312.2,"Tank6","Control"
"8638",2025-07-06 17:19:43,25.319,301.4,"Tank6","Control"
"8639",2025-07-06 17:24:43,25.319,301.4,"Tank6","Control"
"8640",2025-07-06 17:29:43,25.319,279.9,"Tank6","Control"
"8641",2025-07-06 17:34:43,25.319,269.1,"Tank6","Control"
"8642",2025-07-06 17:39:43,25.319,279.9,"Tank6","Control"
"8643",2025-07-06 17:44:43,25.319,258.3,"Tank6","Control"
"8644",2025-07-06 17:49:43,25.319,236.8,"Tank6","Control"
"8645",2025-07-06 17:54:43,25.222,279.9,"Tank6","Control"
"8646",2025-07-06 17:59:43,25.222,215.3,"Tank6","Control"
"8647",2025-07-06 18:04:43,25.222,247.6,"Tank6","Control"
"8648",2025-07-06 18:09:43,25.222,183,"Tank6","Control"
"8649",2025-07-06 18:14:43,25.222,204.5,"Tank6","Control"
"8650",2025-07-06 18:19:43,25.222,204.5,"Tank6","Control"
"8651",2025-07-06 18:24:43,25.222,183,"Tank6","Control"
"8652",2025-07-06 18:29:43,25.125,118.4,"Tank6","Control"
"8653",2025-07-06 18:34:43,25.125,139.9,"Tank6","Control"
"8654",2025-07-06 18:39:43,25.319,139.9,"Tank6","Control"
"8655",2025-07-06 18:44:43,25.61,139.9,"Tank6","Control"
"8656",2025-07-06 18:49:43,25.61,107.6,"Tank6","Control"
"8657",2025-07-06 18:54:43,25.61,75.3,"Tank6","Control"
"8658",2025-07-06 18:59:43,25.61,21.5,"Tank6","Control"
"8659",2025-07-06 19:04:43,25.513,43.1,"Tank6","Control"
"8660",2025-07-06 19:09:43,25.513,32.3,"Tank6","Control"
"8661",2025-07-06 19:14:43,25.513,32.3,"Tank6","Control"
"8662",2025-07-06 19:19:43,25.513,53.8,"Tank6","Control"
"8663",2025-07-06 19:24:43,25.513,53.8,"Tank6","Control"
"8664",2025-07-06 19:29:43,25.416,0,"Tank6","Control"
"8665",2025-07-06 19:34:43,25.416,21.5,"Tank6","Control"
"8666",2025-07-06 19:39:43,25.416,21.5,"Tank6","Control"
"8667",2025-07-06 19:44:43,25.416,21.5,"Tank6","Control"
"8668",2025-07-06 19:49:43,25.319,0,"Tank6","Control"
"8669",2025-07-06 19:54:43,25.513,0,"Tank6","Control"
"8670",2025-07-06 19:59:43,25.513,0,"Tank6","Control"
"8671",2025-07-06 20:04:43,25.513,0,"Tank6","Control"
"8672",2025-07-06 20:09:43,25.513,0,"Tank6","Control"
"8673",2025-07-06 20:14:43,25.513,0,"Tank6","Control"
"8674",2025-07-06 20:19:43,25.416,0,"Tank6","Control"
"8675",2025-07-06 20:24:43,25.416,0,"Tank6","Control"
"8676",2025-07-06 20:29:43,25.416,0,"Tank6","Control"
"8677",2025-07-06 20:34:43,25.416,0,"Tank6","Control"
"8678",2025-07-06 20:39:43,25.416,0,"Tank6","Control"
"8679",2025-07-06 20:44:43,25.416,0,"Tank6","Control"
"8680",2025-07-06 20:49:43,25.416,0,"Tank6","Control"
"8681",2025-07-06 20:54:43,25.513,0,"Tank6","Control"
"8682",2025-07-06 20:59:43,25.416,0,"Tank6","Control"
"8683",2025-07-06 21:04:43,25.416,0,"Tank6","Control"
"8684",2025-07-06 21:09:43,25.416,0,"Tank6","Control"
"8685",2025-07-06 21:14:43,25.416,0,"Tank6","Control"
"8686",2025-07-06 21:19:43,25.416,0,"Tank6","Control"
"8687",2025-07-06 21:24:43,25.513,0,"Tank6","Control"
"8688",2025-07-06 21:29:43,25.513,0,"Tank6","Control"
"8689",2025-07-06 21:34:43,25.513,0,"Tank6","Control"
"8690",2025-07-06 21:39:43,25.513,0,"Tank6","Control"
"8691",2025-07-06 21:44:43,25.513,0,"Tank6","Control"
"8692",2025-07-06 21:49:43,25.416,0,"Tank6","Control"
"8693",2025-07-06 21:54:43,25.416,0,"Tank6","Control"
"8694",2025-07-06 21:59:43,25.416,0,"Tank6","Control"
"8695",2025-07-06 22:04:43,25.416,0,"Tank6","Control"
"8696",2025-07-06 22:09:43,25.416,0,"Tank6","Control"
"8697",2025-07-06 22:14:43,25.513,0,"Tank6","Control"
"8698",2025-07-06 22:19:43,25.61,0,"Tank6","Control"
"8699",2025-07-06 22:24:43,25.513,0,"Tank6","Control"
"8700",2025-07-06 22:29:43,25.513,0,"Tank6","Control"
"8701",2025-07-06 22:34:43,25.513,0,"Tank6","Control"
"8702",2025-07-06 22:39:43,25.513,0,"Tank6","Control"
"8703",2025-07-06 22:44:43,25.513,0,"Tank6","Control"
"8704",2025-07-06 22:49:43,25.416,0,"Tank6","Control"
"8705",2025-07-06 22:54:43,25.416,0,"Tank6","Control"
"8706",2025-07-06 22:59:43,25.416,0,"Tank6","Control"
"8707",2025-07-06 23:04:43,25.416,0,"Tank6","Control"
"8708",2025-07-06 23:09:43,25.416,0,"Tank6","Control"
"8709",2025-07-06 23:14:43,25.513,0,"Tank6","Control"
"8710",2025-07-06 23:19:43,25.61,0,"Tank6","Control"
"8711",2025-07-06 23:24:43,25.513,0,"Tank6","Control"
"8712",2025-07-06 23:29:43,25.513,0,"Tank6","Control"
"8713",2025-07-06 23:34:43,25.513,0,"Tank6","Control"
"8714",2025-07-06 23:39:43,25.513,0,"Tank6","Control"
"8715",2025-07-06 23:44:43,25.416,0,"Tank6","Control"
"8716",2025-07-06 23:49:43,25.416,0,"Tank6","Control"
"8717",2025-07-06 23:54:43,25.416,0,"Tank6","Control"
"8718",2025-07-06 23:59:43,25.416,0,"Tank6","Control"
"8719",2025-07-07 00:04:43,25.416,0,"Tank6","Control"
"8720",2025-07-07 00:09:43,25.416,0,"Tank6","Control"
"8721",2025-07-07 00:14:43,25.708,0,"Tank6","Control"
"8722",2025-07-07 00:19:43,25.708,0,"Tank6","Control"
"8723",2025-07-07 00:24:43,25.708,0,"Tank6","Control"
"8724",2025-07-07 00:29:43,25.708,0,"Tank6","Control"
"8725",2025-07-07 00:34:43,25.708,0,"Tank6","Control"
"8726",2025-07-07 00:39:43,25.61,0,"Tank6","Control"
"8727",2025-07-07 00:44:43,25.61,0,"Tank6","Control"
"8728",2025-07-07 00:49:43,25.61,0,"Tank6","Control"
"8729",2025-07-07 00:54:43,25.61,0,"Tank6","Control"
"8730",2025-07-07 00:59:43,25.513,0,"Tank6","Control"
"8731",2025-07-07 01:04:43,25.513,0,"Tank6","Control"
"8732",2025-07-07 01:09:43,25.513,0,"Tank6","Control"
"8733",2025-07-07 01:14:43,25.513,0,"Tank6","Control"
"8734",2025-07-07 01:19:43,25.513,0,"Tank6","Control"
"8735",2025-07-07 01:24:43,25.416,0,"Tank6","Control"
"8736",2025-07-07 01:29:43,25.416,0,"Tank6","Control"
"8737",2025-07-07 01:34:43,25.416,0,"Tank6","Control"
"8738",2025-07-07 01:39:43,25.416,0,"Tank6","Control"
"8739",2025-07-07 01:44:43,25.319,0,"Tank6","Control"
"8740",2025-07-07 01:49:43,25.513,0,"Tank6","Control"
"8741",2025-07-07 01:54:43,25.61,0,"Tank6","Control"
"8742",2025-07-07 01:59:43,25.61,0,"Tank6","Control"
"8743",2025-07-07 02:04:43,25.513,0,"Tank6","Control"
"8744",2025-07-07 02:09:43,25.513,0,"Tank6","Control"
"8745",2025-07-07 02:14:43,25.513,0,"Tank6","Control"
"8746",2025-07-07 02:19:43,25.513,0,"Tank6","Control"
"8747",2025-07-07 02:24:43,25.513,0,"Tank6","Control"
"8748",2025-07-07 02:29:43,25.416,0,"Tank6","Control"
"8749",2025-07-07 02:34:43,25.416,0,"Tank6","Control"
"8750",2025-07-07 02:39:43,25.416,0,"Tank6","Control"
"8751",2025-07-07 02:44:43,25.416,0,"Tank6","Control"
"8752",2025-07-07 02:49:43,25.416,0,"Tank6","Control"
"8753",2025-07-07 02:54:43,25.416,0,"Tank6","Control"
"8754",2025-07-07 02:59:43,25.61,0,"Tank6","Control"
"8755",2025-07-07 03:04:43,25.61,0,"Tank6","Control"
"8756",2025-07-07 03:09:43,25.61,0,"Tank6","Control"
"8757",2025-07-07 03:14:43,25.513,0,"Tank6","Control"
"8758",2025-07-07 03:19:43,25.513,0,"Tank6","Control"
"8759",2025-07-07 03:24:43,25.513,0,"Tank6","Control"
"8760",2025-07-07 03:29:43,25.513,0,"Tank6","Control"
"8761",2025-07-07 03:34:43,25.513,0,"Tank6","Control"
"8762",2025-07-07 03:39:43,25.416,0,"Tank6","Control"
"8763",2025-07-07 03:44:43,25.416,0,"Tank6","Control"
"8764",2025-07-07 03:49:43,25.416,0,"Tank6","Control"
"8765",2025-07-07 03:54:43,25.416,0,"Tank6","Control"
"8766",2025-07-07 03:59:43,25.416,0,"Tank6","Control"
"8767",2025-07-07 04:04:43,25.319,0,"Tank6","Control"
"8768",2025-07-07 04:09:43,25.513,0,"Tank6","Control"
"8769",2025-07-07 04:14:43,25.61,0,"Tank6","Control"
"8770",2025-07-07 04:19:43,25.513,0,"Tank6","Control"
"8771",2025-07-07 04:24:43,25.513,0,"Tank6","Control"
"8772",2025-07-07 04:29:43,25.513,0,"Tank6","Control"
"8773",2025-07-07 04:34:43,25.513,0,"Tank6","Control"
"8774",2025-07-07 04:39:43,25.513,0,"Tank6","Control"
"8775",2025-07-07 04:44:43,25.416,0,"Tank6","Control"
"8776",2025-07-07 04:49:43,25.416,0,"Tank6","Control"
"8777",2025-07-07 04:54:43,25.416,0,"Tank6","Control"
"8778",2025-07-07 04:59:43,25.416,0,"Tank6","Control"
"8779",2025-07-07 05:04:43,25.416,0,"Tank6","Control"
"8780",2025-07-07 05:09:43,25.416,0,"Tank6","Control"
"8781",2025-07-07 05:14:43,25.416,0,"Tank6","Control"
"8782",2025-07-07 05:19:43,25.513,0,"Tank6","Control"
"8783",2025-07-07 05:24:43,25.513,0,"Tank6","Control"
"8784",2025-07-07 05:29:43,25.416,0,"Tank6","Control"
"8785",2025-07-07 05:34:43,25.416,0,"Tank6","Control"
"8786",2025-07-07 05:39:43,25.416,0,"Tank6","Control"
"8787",2025-07-07 05:44:43,25.416,0,"Tank6","Control"
"8788",2025-07-07 05:49:43,25.416,0,"Tank6","Control"
"8789",2025-07-07 05:54:43,25.416,0,"Tank6","Control"
"8790",2025-07-07 05:59:43,25.513,0,"Tank6","Control"
"8791",2025-07-07 06:04:43,25.61,0,"Tank6","Control"
"8792",2025-07-07 06:09:43,25.61,0,"Tank6","Control"
"8793",2025-07-07 06:14:43,25.513,0,"Tank6","Control"
"8794",2025-07-07 06:19:43,25.513,0,"Tank6","Control"
"8795",2025-07-07 06:24:43,25.513,0,"Tank6","Control"
"8796",2025-07-07 06:29:43,25.513,0,"Tank6","Control"
"8797",2025-07-07 06:34:43,25.416,0,"Tank6","Control"
"8798",2025-07-07 06:39:43,25.416,0,"Tank6","Control"
"8799",2025-07-07 06:44:43,25.416,0,"Tank6","Control"
"8800",2025-07-07 06:49:43,25.416,0,"Tank6","Control"
"8801",2025-07-07 06:54:43,25.416,0,"Tank6","Control"
"8802",2025-07-07 06:59:43,25.319,0,"Tank6","Control"
"8803",2025-07-07 07:04:43,25.513,0,"Tank6","Control"
"8804",2025-07-07 07:09:43,25.61,0,"Tank6","Control"
"8805",2025-07-07 07:14:43,25.513,0,"Tank6","Control"
"8806",2025-07-07 07:19:43,25.513,0,"Tank6","Control"
"8807",2025-07-07 07:24:43,25.513,0,"Tank6","Control"
"8808",2025-07-07 07:29:43,25.513,0,"Tank6","Control"
"8809",2025-07-07 07:34:43,25.513,0,"Tank6","Control"
"8810",2025-07-07 07:39:43,25.416,0,"Tank6","Control"
"8811",2025-07-07 07:44:43,25.416,0,"Tank6","Control"
"8812",2025-07-07 07:49:43,25.416,0,"Tank6","Control"
"8813",2025-07-07 07:54:43,25.416,0,"Tank6","Control"
"8814",2025-07-07 07:59:43,25.416,0,"Tank6","Control"
"8815",2025-07-07 08:04:43,25.513,0,"Tank6","Control"
"8816",2025-07-07 08:09:43,25.61,0,"Tank6","Control"
"8817",2025-07-07 08:14:43,25.61,0,"Tank6","Control"
"8818",2025-07-07 08:19:43,25.513,0,"Tank6","Control"
"8819",2025-07-07 08:24:43,25.513,64.6,"Tank6","Control"
"8820",2025-07-07 08:29:43,25.513,75.3,"Tank6","Control"
"8821",2025-07-07 08:34:43,25.513,75.3,"Tank6","Control"
"8822",2025-07-07 08:39:43,25.513,64.6,"Tank6","Control"
"8823",2025-07-07 08:44:43,25.416,107.6,"Tank6","Control"
"8824",2025-07-07 08:49:43,25.416,75.3,"Tank6","Control"
"8825",2025-07-07 08:54:43,25.416,96.9,"Tank6","Control"
"8826",2025-07-07 08:59:43,25.416,64.6,"Tank6","Control"
"8827",2025-07-07 09:04:43,25.513,96.9,"Tank6","Control"
"8828",2025-07-07 09:09:43,25.61,118.4,"Tank6","Control"
"8829",2025-07-07 09:14:43,25.513,150.7,"Tank6","Control"
"8830",2025-07-07 09:19:43,25.513,139.9,"Tank6","Control"
"8831",2025-07-07 09:24:43,25.513,150.7,"Tank6","Control"
"8832",2025-07-07 09:29:43,25.513,129.2,"Tank6","Control"
"8833",2025-07-07 09:34:43,25.513,183,"Tank6","Control"
"8834",2025-07-07 09:39:43,25.416,139.9,"Tank6","Control"
"8835",2025-07-07 09:44:43,25.416,172.2,"Tank6","Control"
"8836",2025-07-07 09:49:43,25.416,236.8,"Tank6","Control"
"8837",2025-07-07 09:54:43,25.416,183,"Tank6","Control"
"8838",2025-07-07 09:59:43,25.416,172.2,"Tank6","Control"
"8839",2025-07-07 10:04:43,25.416,204.5,"Tank6","Control"
"8840",2025-07-07 10:09:43,25.513,247.6,"Tank6","Control"
"8841",2025-07-07 10:14:43,25.513,269.1,"Tank6","Control"
"8842",2025-07-07 10:19:43,25.513,290.6,"Tank6","Control"
"8843",2025-07-07 10:24:43,25.513,301.4,"Tank6","Control"
"8844",2025-07-07 10:29:43,25.416,279.9,"Tank6","Control"
"8845",2025-07-07 10:34:43,25.416,301.4,"Tank6","Control"
"8846",2025-07-07 10:39:43,25.416,301.4,"Tank6","Control"
"8847",2025-07-07 10:44:43,25.416,344.4,"Tank6","Control"
"8848",2025-07-07 10:49:43,25.416,333.7,"Tank6","Control"
"8849",2025-07-07 10:54:43,25.319,32.3,"Tank6","Control"
"8850",2025-07-07 10:59:43,25.319,32.3,"Tank6","Control"
