"Timepoint","Estimate (Control-Heat)","SE","t-ratio","p-value","Significant?"
0,0.0088,0.015,0.59,0.557,""
1,0.041,0.0153,2.69,0.00945,"**"
3,0.0427,0.015,2.85,0.00621,"**"
12,0.0517,0.0153,3.39,0.0013,"**"
24,0.0566,0.015,3.78,0.000403,"***"
36,0.0577,0.015,3.86,0.00032,"***"
72,0.088,0.0156,5.64,5.33e-07,"***"
