"Timepoint","Estimate (Control-Heat)","SE","t-ratio","p-value","Significant?"
0,0.0088,0.0152,0.58,0.564,""
1,0.0409,0.0155,2.63,0.0111,"*"
3,0.0427,0.0152,2.8,0.00721,"**"
12,0.0518,0.0155,3.33,0.00159,"**"
24,0.0566,0.0152,3.72,0.000513,"***"
36,0.0577,0.0152,3.79,0.000412,"***"
