"Timepoint","Estimate (Control-Heat)","SE","t-ratio","p-value","Significant?"
0,0.0088,0.0151,0.58,0.563,""
1,0.0409,0.0155,2.64,0.0112,"*"
3,0.0427,0.0151,2.82,0.00723,"**"
12,0.0517,0.0155,3.35,0.00164,"**"
24,0.0566,0.0151,3.74,0.000536,"***"
