[2025-11-20 18:38:47,609] multiqc                                            [DEBUG  ]  This is MultiQC v1.12
[2025-11-20 18:38:47,609] multiqc                                            [DEBUG  ]  No MultiQC config found: /modules/uri_apps/software/MultiQC/1.12-foss-2021b/lib/python3.9/site-packages/multiqc_config.yaml
[2025-11-20 18:38:47,609] multiqc                                            [DEBUG  ]  No MultiQC config found: /home/zdellaert_uri_edu/.multiqc_config.yaml
[2025-11-20 18:38:47,609] multiqc                                            [DEBUG  ]  No MultiQC config found: multiqc_config.yaml
[2025-11-20 18:38:47,610] multiqc                                            [DEBUG  ]  Command used: /modules/uri_apps/software/MultiQC/1.12-foss-2021b/bin/multiqc . /scratch3/workspace/zdellaert_uri_edu-shared/TimeSeries/aligned/POR_Pcomp/
[2025-11-20 18:38:48,016] multiqc                                            [WARNING]  MultiQC Version v1.32 now available!
[2025-11-20 18:38:48,017] multiqc                                            [DEBUG  ]  Command     : /modules/uri_apps/software/MultiQC/1.12-foss-2021b/bin/multiqc . /scratch3/workspace/zdellaert_uri_edu-shared/TimeSeries/aligned/POR_Pcomp/
[2025-11-20 18:38:48,017] multiqc                                            [DEBUG  ]  Working dir : /project/pi_hputnam_uri_edu/zdellaert/TimeSeries/4-multi-species/output_RNA/alignment_qc/POR_Pcomp
[2025-11-20 18:38:48,017] multiqc                                            [DEBUG  ]  Template    : default
[2025-11-20 18:38:48,017] multiqc                                            [DEBUG  ]  Running Python 3.9.6 (default, Nov 15 2024, 16:57:16)  [GCC 11.2.0]
[2025-11-20 18:38:48,018] multiqc                                            [DEBUG  ]  Analysing modules: custom_content, ccs, ngsderive, purple, conpair, lima, peddy, somalier, methylQA, mosdepth, phantompeakqualtools, qualimap, preseq, quast, qorts, rna_seqc, rockhopper, rsem, rseqc, busco, bustools, goleft_indexcov, gffcompare, disambiguate, supernova, deeptools, sargasso, verifybamid, mirtrace, happy, mirtop, sambamba, homer, hops, macs2, theta2, snpeff, gatk, htseq, bcftools, featureCounts, fgbio, dragen, dedup, pbmarkdup, damageprofiler, biobambam2, jcvi, mtnucratio, picard, vep, sentieon, prokka, qc3C, nanostat, samblaster, samtools, sexdeterrmine, eigenstratdatabasetools, bamtools, jellyfish, vcftools, longranger, stacks, varscan2, snippy, bbmap, bismark, biscuit, hicexplorer, hicup, hicpro, salmon, kallisto, slamdunk, star, hisat2, tophat, bowtie2, bowtie1, snpsplit, odgi, pangolin, kat, leehom, adapterRemoval, clipandmerge, cutadapt, flexbar, kaiju, kraken, malt, trimmomatic, sickle, skewer, sortmerna, biobloomtools, fastq_screen, afterqc, fastp, fastqc, pychopper, pycoqc, minionqc, multivcfanalyzer, clusterflow, checkqc, bcl2fastq, bclconvert, interop, ivar, flash, seqyclean, optitype, whatshap
[2025-11-20 18:38:48,019] multiqc                                            [DEBUG  ]  Using temporary directory for creating report: /tmp/tmpodtxn5bg
[2025-11-20 18:38:48,270] multiqc                                            [INFO   ]  Search path : /project/pi_hputnam_uri_edu/zdellaert/TimeSeries/4-multi-species/output_RNA/alignment_qc/POR_Pcomp
[2025-11-20 18:38:48,271] multiqc                                            [INFO   ]  Search path : /scratch3/workspace/zdellaert_uri_edu-shared/TimeSeries/aligned/POR_Pcomp
[2025-11-20 18:38:48,414] multiqc                                            [DEBUG  ]  Ignoring directory as matched fn_ignore_dirs: /scratch3/workspace/zdellaert_uri_edu-shared/TimeSeries/aligned/POR_Pcomp/multiqc_data
[2025-11-20 18:38:48,652] multiqc                                            [DEBUG  ]  File ignored by ccs/v4 because it exceeded search pattern filesize limit: qualimapReport.html
[2025-11-20 18:38:48,654] multiqc                                            [DEBUG  ]  File ignored by hicexplorer because it exceeded search pattern filesize limit: qualimapReport.html
[2025-11-20 18:38:48,654] multiqc                                            [DEBUG  ]  File ignored by lima/summary because it exceeded search pattern filesize limit: qualimapReport.html
[2025-11-20 18:38:48,659] multiqc                                            [DEBUG  ]  File ignored by longranger/invocation because it exceeded search pattern filesize limit: qualimapReport.html
[2025-11-20 18:38:48,675] multiqc                                            [DEBUG  ]  File ignored by nanostat because it exceeded search pattern filesize limit: qualimapReport.html
[2025-11-20 18:38:48,696] multiqc                                            [DEBUG  ]  File ignored by ccs/v4 because it exceeded search pattern filesize limit: agogo.css
[2025-11-20 18:38:48,697] multiqc                                            [DEBUG  ]  File ignored by hicexplorer because it exceeded search pattern filesize limit: agogo.css
[2025-11-20 18:38:48,698] multiqc                                            [DEBUG  ]  File ignored by lima/summary because it exceeded search pattern filesize limit: agogo.css
[2025-11-20 18:38:48,701] multiqc                                            [DEBUG  ]  File ignored by longranger/invocation because it exceeded search pattern filesize limit: agogo.css
[2025-11-20 18:38:48,720] multiqc                                            [DEBUG  ]  File ignored by nanostat because it exceeded search pattern filesize limit: agogo.css
[2025-11-20 18:38:48,729] multiqc                                            [DEBUG  ]  File ignored by ccs/v4 because it exceeded search pattern filesize limit: basic.css
[2025-11-20 18:38:48,731] multiqc                                            [DEBUG  ]  File ignored by hicexplorer because it exceeded search pattern filesize limit: basic.css
[2025-11-20 18:38:48,731] multiqc                                            [DEBUG  ]  File ignored by lima/summary because it exceeded search pattern filesize limit: basic.css
[2025-11-20 18:38:48,734] multiqc                                            [DEBUG  ]  File ignored by longranger/invocation because it exceeded search pattern filesize limit: basic.css
[2025-11-20 18:38:48,753] multiqc                                            [DEBUG  ]  File ignored by nanostat because it exceeded search pattern filesize limit: basic.css
[2025-11-20 18:38:48,771] multiqc                                            [DEBUG  ]  File ignored by ccs/v4 because it exceeded search pattern filesize limit: doctools.js
[2025-11-20 18:38:48,772] multiqc                                            [DEBUG  ]  File ignored by hicexplorer because it exceeded search pattern filesize limit: doctools.js
[2025-11-20 18:38:48,773] multiqc                                            [DEBUG  ]  File ignored by lima/summary because it exceeded search pattern filesize limit: doctools.js
[2025-11-20 18:38:48,776] multiqc                                            [DEBUG  ]  File ignored by longranger/invocation because it exceeded search pattern filesize limit: doctools.js
[2025-11-20 18:38:48,787] multiqc                                            [DEBUG  ]  File ignored by nanostat because it exceeded search pattern filesize limit: doctools.js
[2025-11-20 18:38:48,801] multiqc                                            [DEBUG  ]  File ignored by ccs/v4 because it exceeded search pattern filesize limit: jquery.js
[2025-11-20 18:38:48,802] multiqc                                            [DEBUG  ]  File ignored by hicexplorer because it exceeded search pattern filesize limit: jquery.js
[2025-11-20 18:38:48,803] multiqc                                            [DEBUG  ]  File ignored by lima/summary because it exceeded search pattern filesize limit: jquery.js
[2025-11-20 18:38:48,806] multiqc                                            [DEBUG  ]  File ignored by longranger/invocation because it exceeded search pattern filesize limit: jquery.js
[2025-11-20 18:38:48,823] multiqc                                            [DEBUG  ]  File ignored by nanostat because it exceeded search pattern filesize limit: jquery.js
[2025-11-20 18:38:48,834] multiqc                                            [DEBUG  ]  File ignored by ccs/v4 because it exceeded search pattern filesize limit: pygments.css
[2025-11-20 18:38:48,836] multiqc                                            [DEBUG  ]  File ignored by lima/summary because it exceeded search pattern filesize limit: pygments.css
[2025-11-20 18:38:48,839] multiqc                                            [DEBUG  ]  File ignored by longranger/invocation because it exceeded search pattern filesize limit: pygments.css
[2025-11-20 18:38:48,870] multiqc                                            [DEBUG  ]  File ignored by ccs/v4 because it exceeded search pattern filesize limit: searchtools.js
[2025-11-20 18:38:48,872] multiqc                                            [DEBUG  ]  File ignored by hicexplorer because it exceeded search pattern filesize limit: searchtools.js
[2025-11-20 18:38:48,872] multiqc                                            [DEBUG  ]  File ignored by lima/summary because it exceeded search pattern filesize limit: searchtools.js
[2025-11-20 18:38:48,875] multiqc                                            [DEBUG  ]  File ignored by longranger/invocation because it exceeded search pattern filesize limit: searchtools.js
[2025-11-20 18:38:48,897] multiqc                                            [DEBUG  ]  File ignored by nanostat because it exceeded search pattern filesize limit: searchtools.js
[2025-11-20 18:38:48,903] multiqc                                            [DEBUG  ]  File ignored by ccs/v4 because it exceeded search pattern filesize limit: underscore.js
[2025-11-20 18:38:48,905] multiqc                                            [DEBUG  ]  File ignored by hicexplorer because it exceeded search pattern filesize limit: underscore.js
[2025-11-20 18:38:48,905] multiqc                                            [DEBUG  ]  File ignored by lima/summary because it exceeded search pattern filesize limit: underscore.js
[2025-11-20 18:38:48,909] multiqc                                            [DEBUG  ]  File ignored by longranger/invocation because it exceeded search pattern filesize limit: underscore.js
[2025-11-20 18:38:48,914] multiqc                                            [DEBUG  ]  File ignored by nanostat because it exceeded search pattern filesize limit: underscore.js
[2025-11-20 18:38:48,929] multiqc                                            [DEBUG  ]  File ignored by ccs/v4 because it exceeded search pattern filesize limit: websupport.js
[2025-11-20 18:38:48,930] multiqc                                            [DEBUG  ]  File ignored by hicexplorer because it exceeded search pattern filesize limit: websupport.js
[2025-11-20 18:38:48,931] multiqc                                            [DEBUG  ]  File ignored by lima/summary because it exceeded search pattern filesize limit: websupport.js
[2025-11-20 18:38:48,934] multiqc                                            [DEBUG  ]  File ignored by longranger/invocation because it exceeded search pattern filesize limit: websupport.js
[2025-11-20 18:38:48,962] multiqc                                            [DEBUG  ]  File ignored by nanostat because it exceeded search pattern filesize limit: websupport.js
[2025-11-20 18:38:48,970] multiqc                                            [DEBUG  ]  File ignored by ccs/v4 because it exceeded search pattern filesize limit: coverage_profile_along_genes_(low).txt
[2025-11-20 18:38:48,971] multiqc                                            [DEBUG  ]  File ignored by lima/summary because it exceeded search pattern filesize limit: coverage_profile_along_genes_(low).txt
[2025-11-20 18:38:48,975] multiqc                                            [DEBUG  ]  File ignored by longranger/invocation because it exceeded search pattern filesize limit: coverage_profile_along_genes_(low).txt
[2025-11-20 18:38:48,988] multiqc                                            [DEBUG  ]  File ignored by ccs/v4 because it exceeded search pattern filesize limit: coverage_profile_along_genes_(high).txt
[2025-11-20 18:38:48,990] multiqc                                            [DEBUG  ]  File ignored by lima/summary because it exceeded search pattern filesize limit: coverage_profile_along_genes_(high).txt
[2025-11-20 18:38:48,993] multiqc                                            [DEBUG  ]  File ignored by longranger/invocation because it exceeded search pattern filesize limit: coverage_profile_along_genes_(high).txt
[2025-11-20 18:38:49,006] multiqc                                            [DEBUG  ]  File ignored by ccs/v4 because it exceeded search pattern filesize limit: qualimapReport.html
[2025-11-20 18:38:49,008] multiqc                                            [DEBUG  ]  File ignored by hicexplorer because it exceeded search pattern filesize limit: qualimapReport.html
[2025-11-20 18:38:49,008] multiqc                                            [DEBUG  ]  File ignored by lima/summary because it exceeded search pattern filesize limit: qualimapReport.html
[2025-11-20 18:38:49,011] multiqc                                            [DEBUG  ]  File ignored by longranger/invocation because it exceeded search pattern filesize limit: qualimapReport.html
[2025-11-20 18:38:49,023] multiqc                                            [DEBUG  ]  File ignored by nanostat because it exceeded search pattern filesize limit: qualimapReport.html
[2025-11-20 18:38:49,043] multiqc                                            [DEBUG  ]  File ignored by ccs/v4 because it exceeded search pattern filesize limit: agogo.css
[2025-11-20 18:38:49,045] multiqc                                            [DEBUG  ]  File ignored by hicexplorer because it exceeded search pattern filesize limit: agogo.css
[2025-11-20 18:38:49,045] multiqc                                            [DEBUG  ]  File ignored by lima/summary because it exceeded search pattern filesize limit: agogo.css
[2025-11-20 18:38:49,048] multiqc                                            [DEBUG  ]  File ignored by longranger/invocation because it exceeded search pattern filesize limit: agogo.css
[2025-11-20 18:38:49,062] multiqc                                            [DEBUG  ]  File ignored by nanostat because it exceeded search pattern filesize limit: agogo.css
[2025-11-20 18:38:49,070] multiqc                                            [DEBUG  ]  File ignored by ccs/v4 because it exceeded search pattern filesize limit: basic.css
[2025-11-20 18:38:49,071] multiqc                                            [DEBUG  ]  File ignored by hicexplorer because it exceeded search pattern filesize limit: basic.css
[2025-11-20 18:38:49,072] multiqc                                            [DEBUG  ]  File ignored by lima/summary because it exceeded search pattern filesize limit: basic.css
[2025-11-20 18:38:49,075] multiqc                                            [DEBUG  ]  File ignored by longranger/invocation because it exceeded search pattern filesize limit: basic.css
[2025-11-20 18:38:49,092] multiqc                                            [DEBUG  ]  File ignored by nanostat because it exceeded search pattern filesize limit: basic.css
[2025-11-20 18:38:49,107] multiqc                                            [DEBUG  ]  File ignored by ccs/v4 because it exceeded search pattern filesize limit: doctools.js
[2025-11-20 18:38:49,109] multiqc                                            [DEBUG  ]  File ignored by hicexplorer because it exceeded search pattern filesize limit: doctools.js
[2025-11-20 18:38:49,109] multiqc                                            [DEBUG  ]  File ignored by lima/summary because it exceeded search pattern filesize limit: doctools.js
[2025-11-20 18:38:49,112] multiqc                                            [DEBUG  ]  File ignored by longranger/invocation because it exceeded search pattern filesize limit: doctools.js
[2025-11-20 18:38:49,122] multiqc                                            [DEBUG  ]  File ignored by nanostat because it exceeded search pattern filesize limit: doctools.js
[2025-11-20 18:38:49,137] multiqc                                            [DEBUG  ]  File ignored by ccs/v4 because it exceeded search pattern filesize limit: jquery.js
[2025-11-20 18:38:49,139] multiqc                                            [DEBUG  ]  File ignored by hicexplorer because it exceeded search pattern filesize limit: jquery.js
[2025-11-20 18:38:49,139] multiqc                                            [DEBUG  ]  File ignored by lima/summary because it exceeded search pattern filesize limit: jquery.js
[2025-11-20 18:38:49,142] multiqc                                            [DEBUG  ]  File ignored by longranger/invocation because it exceeded search pattern filesize limit: jquery.js
[2025-11-20 18:38:49,155] multiqc                                            [DEBUG  ]  File ignored by nanostat because it exceeded search pattern filesize limit: jquery.js
[2025-11-20 18:38:49,164] multiqc                                            [DEBUG  ]  File ignored by ccs/v4 because it exceeded search pattern filesize limit: pygments.css
[2025-11-20 18:38:49,166] multiqc                                            [DEBUG  ]  File ignored by lima/summary because it exceeded search pattern filesize limit: pygments.css
[2025-11-20 18:38:49,169] multiqc                                            [DEBUG  ]  File ignored by longranger/invocation because it exceeded search pattern filesize limit: pygments.css
[2025-11-20 18:38:49,198] multiqc                                            [DEBUG  ]  File ignored by ccs/v4 because it exceeded search pattern filesize limit: searchtools.js
[2025-11-20 18:38:49,199] multiqc                                            [DEBUG  ]  File ignored by hicexplorer because it exceeded search pattern filesize limit: searchtools.js
[2025-11-20 18:38:49,199] multiqc                                            [DEBUG  ]  File ignored by lima/summary because it exceeded search pattern filesize limit: searchtools.js
[2025-11-20 18:38:49,202] multiqc                                            [DEBUG  ]  File ignored by longranger/invocation because it exceeded search pattern filesize limit: searchtools.js
[2025-11-20 18:38:49,221] multiqc                                            [DEBUG  ]  File ignored by nanostat because it exceeded search pattern filesize limit: searchtools.js
[2025-11-20 18:38:49,228] multiqc                                            [DEBUG  ]  File ignored by ccs/v4 because it exceeded search pattern filesize limit: underscore.js
[2025-11-20 18:38:49,229] multiqc                                            [DEBUG  ]  File ignored by hicexplorer because it exceeded search pattern filesize limit: underscore.js
[2025-11-20 18:38:49,229] multiqc                                            [DEBUG  ]  File ignored by lima/summary because it exceeded search pattern filesize limit: underscore.js
[2025-11-20 18:38:49,232] multiqc                                            [DEBUG  ]  File ignored by longranger/invocation because it exceeded search pattern filesize limit: underscore.js
[2025-11-20 18:38:49,241] multiqc                                            [DEBUG  ]  File ignored by nanostat because it exceeded search pattern filesize limit: underscore.js
[2025-11-20 18:38:49,251] multiqc                                            [DEBUG  ]  File ignored by ccs/v4 because it exceeded search pattern filesize limit: websupport.js
[2025-11-20 18:38:49,252] multiqc                                            [DEBUG  ]  File ignored by hicexplorer because it exceeded search pattern filesize limit: websupport.js
[2025-11-20 18:38:49,253] multiqc                                            [DEBUG  ]  File ignored by lima/summary because it exceeded search pattern filesize limit: websupport.js
[2025-11-20 18:38:49,255] multiqc                                            [DEBUG  ]  File ignored by longranger/invocation because it exceeded search pattern filesize limit: websupport.js
[2025-11-20 18:38:49,280] multiqc                                            [DEBUG  ]  File ignored by nanostat because it exceeded search pattern filesize limit: websupport.js
[2025-11-20 18:38:49,287] multiqc                                            [DEBUG  ]  File ignored by ccs/v4 because it exceeded search pattern filesize limit: coverage_profile_along_genes_(low).txt
[2025-11-20 18:38:49,289] multiqc                                            [DEBUG  ]  File ignored by lima/summary because it exceeded search pattern filesize limit: coverage_profile_along_genes_(low).txt
[2025-11-20 18:38:49,292] multiqc                                            [DEBUG  ]  File ignored by longranger/invocation because it exceeded search pattern filesize limit: coverage_profile_along_genes_(low).txt
[2025-11-20 18:38:49,303] multiqc                                            [DEBUG  ]  File ignored by ccs/v4 because it exceeded search pattern filesize limit: coverage_profile_along_genes_(high).txt
[2025-11-20 18:38:49,305] multiqc                                            [DEBUG  ]  File ignored by lima/summary because it exceeded search pattern filesize limit: coverage_profile_along_genes_(high).txt
[2025-11-20 18:38:49,308] multiqc                                            [DEBUG  ]  File ignored by longranger/invocation because it exceeded search pattern filesize limit: coverage_profile_along_genes_(high).txt
[2025-11-20 18:38:49,320] multiqc                                            [DEBUG  ]  File ignored by ccs/v4 because it exceeded search pattern filesize limit: qualimapReport.html
[2025-11-20 18:38:49,322] multiqc                                            [DEBUG  ]  File ignored by hicexplorer because it exceeded search pattern filesize limit: qualimapReport.html
[2025-11-20 18:38:49,322] multiqc                                            [DEBUG  ]  File ignored by lima/summary because it exceeded search pattern filesize limit: qualimapReport.html
[2025-11-20 18:38:49,325] multiqc                                            [DEBUG  ]  File ignored by longranger/invocation because it exceeded search pattern filesize limit: qualimapReport.html
[2025-11-20 18:38:49,337] multiqc                                            [DEBUG  ]  File ignored by nanostat because it exceeded search pattern filesize limit: qualimapReport.html
[2025-11-20 18:38:49,357] multiqc                                            [DEBUG  ]  File ignored by ccs/v4 because it exceeded search pattern filesize limit: agogo.css
[2025-11-20 18:38:49,359] multiqc                                            [DEBUG  ]  File ignored by hicexplorer because it exceeded search pattern filesize limit: agogo.css
[2025-11-20 18:38:49,359] multiqc                                            [DEBUG  ]  File ignored by lima/summary because it exceeded search pattern filesize limit: agogo.css
[2025-11-20 18:38:49,362] multiqc                                            [DEBUG  ]  File ignored by longranger/invocation because it exceeded search pattern filesize limit: agogo.css
[2025-11-20 18:38:49,376] multiqc                                            [DEBUG  ]  File ignored by nanostat because it exceeded search pattern filesize limit: agogo.css
[2025-11-20 18:38:49,384] multiqc                                            [DEBUG  ]  File ignored by ccs/v4 because it exceeded search pattern filesize limit: basic.css
[2025-11-20 18:38:49,385] multiqc                                            [DEBUG  ]  File ignored by hicexplorer because it exceeded search pattern filesize limit: basic.css
[2025-11-20 18:38:49,386] multiqc                                            [DEBUG  ]  File ignored by lima/summary because it exceeded search pattern filesize limit: basic.css
[2025-11-20 18:38:49,389] multiqc                                            [DEBUG  ]  File ignored by longranger/invocation because it exceeded search pattern filesize limit: basic.css
[2025-11-20 18:38:49,404] multiqc                                            [DEBUG  ]  File ignored by nanostat because it exceeded search pattern filesize limit: basic.css
[2025-11-20 18:38:49,420] multiqc                                            [DEBUG  ]  File ignored by ccs/v4 because it exceeded search pattern filesize limit: doctools.js
[2025-11-20 18:38:49,422] multiqc                                            [DEBUG  ]  File ignored by hicexplorer because it exceeded search pattern filesize limit: doctools.js
[2025-11-20 18:38:49,422] multiqc                                            [DEBUG  ]  File ignored by lima/summary because it exceeded search pattern filesize limit: doctools.js
[2025-11-20 18:38:49,425] multiqc                                            [DEBUG  ]  File ignored by longranger/invocation because it exceeded search pattern filesize limit: doctools.js
[2025-11-20 18:38:49,435] multiqc                                            [DEBUG  ]  File ignored by nanostat because it exceeded search pattern filesize limit: doctools.js
[2025-11-20 18:38:49,450] multiqc                                            [DEBUG  ]  File ignored by ccs/v4 because it exceeded search pattern filesize limit: jquery.js
[2025-11-20 18:38:49,452] multiqc                                            [DEBUG  ]  File ignored by hicexplorer because it exceeded search pattern filesize limit: jquery.js
[2025-11-20 18:38:49,452] multiqc                                            [DEBUG  ]  File ignored by lima/summary because it exceeded search pattern filesize limit: jquery.js
[2025-11-20 18:38:49,455] multiqc                                            [DEBUG  ]  File ignored by longranger/invocation because it exceeded search pattern filesize limit: jquery.js
[2025-11-20 18:38:49,468] multiqc                                            [DEBUG  ]  File ignored by nanostat because it exceeded search pattern filesize limit: jquery.js
[2025-11-20 18:38:49,477] multiqc                                            [DEBUG  ]  File ignored by ccs/v4 because it exceeded search pattern filesize limit: pygments.css
[2025-11-20 18:38:49,479] multiqc                                            [DEBUG  ]  File ignored by lima/summary because it exceeded search pattern filesize limit: pygments.css
[2025-11-20 18:38:49,482] multiqc                                            [DEBUG  ]  File ignored by longranger/invocation because it exceeded search pattern filesize limit: pygments.css
[2025-11-20 18:38:49,510] multiqc                                            [DEBUG  ]  File ignored by ccs/v4 because it exceeded search pattern filesize limit: searchtools.js
[2025-11-20 18:38:49,511] multiqc                                            [DEBUG  ]  File ignored by hicexplorer because it exceeded search pattern filesize limit: searchtools.js
[2025-11-20 18:38:49,512] multiqc                                            [DEBUG  ]  File ignored by lima/summary because it exceeded search pattern filesize limit: searchtools.js
[2025-11-20 18:38:49,514] multiqc                                            [DEBUG  ]  File ignored by longranger/invocation because it exceeded search pattern filesize limit: searchtools.js
[2025-11-20 18:38:49,533] multiqc                                            [DEBUG  ]  File ignored by nanostat because it exceeded search pattern filesize limit: searchtools.js
[2025-11-20 18:38:49,539] multiqc                                            [DEBUG  ]  File ignored by ccs/v4 because it exceeded search pattern filesize limit: underscore.js
[2025-11-20 18:38:49,541] multiqc                                            [DEBUG  ]  File ignored by hicexplorer because it exceeded search pattern filesize limit: underscore.js
[2025-11-20 18:38:49,541] multiqc                                            [DEBUG  ]  File ignored by lima/summary because it exceeded search pattern filesize limit: underscore.js
[2025-11-20 18:38:49,544] multiqc                                            [DEBUG  ]  File ignored by longranger/invocation because it exceeded search pattern filesize limit: underscore.js
[2025-11-20 18:38:49,553] multiqc                                            [DEBUG  ]  File ignored by nanostat because it exceeded search pattern filesize limit: underscore.js
[2025-11-20 18:38:49,563] multiqc                                            [DEBUG  ]  File ignored by ccs/v4 because it exceeded search pattern filesize limit: websupport.js
[2025-11-20 18:38:49,564] multiqc                                            [DEBUG  ]  File ignored by hicexplorer because it exceeded search pattern filesize limit: websupport.js
[2025-11-20 18:38:49,565] multiqc                                            [DEBUG  ]  File ignored by lima/summary because it exceeded search pattern filesize limit: websupport.js
[2025-11-20 18:38:49,567] multiqc                                            [DEBUG  ]  File ignored by longranger/invocation because it exceeded search pattern filesize limit: websupport.js
[2025-11-20 18:38:49,593] multiqc                                            [DEBUG  ]  File ignored by nanostat because it exceeded search pattern filesize limit: websupport.js
[2025-11-20 18:38:49,600] multiqc                                            [DEBUG  ]  File ignored by ccs/v4 because it exceeded search pattern filesize limit: coverage_profile_along_genes_(low).txt
[2025-11-20 18:38:49,602] multiqc                                            [DEBUG  ]  File ignored by lima/summary because it exceeded search pattern filesize limit: coverage_profile_along_genes_(low).txt
[2025-11-20 18:38:49,605] multiqc                                            [DEBUG  ]  File ignored by longranger/invocation because it exceeded search pattern filesize limit: coverage_profile_along_genes_(low).txt
[2025-11-20 18:38:49,617] multiqc                                            [DEBUG  ]  File ignored by ccs/v4 because it exceeded search pattern filesize limit: coverage_profile_along_genes_(high).txt
[2025-11-20 18:38:49,618] multiqc                                            [DEBUG  ]  File ignored by lima/summary because it exceeded search pattern filesize limit: coverage_profile_along_genes_(high).txt
[2025-11-20 18:38:49,621] multiqc                                            [DEBUG  ]  File ignored by longranger/invocation because it exceeded search pattern filesize limit: coverage_profile_along_genes_(high).txt
[2025-11-20 18:38:49,634] multiqc                                            [DEBUG  ]  File ignored by ccs/v4 because it exceeded search pattern filesize limit: qualimapReport.html
[2025-11-20 18:38:49,636] multiqc                                            [DEBUG  ]  File ignored by hicexplorer because it exceeded search pattern filesize limit: qualimapReport.html
[2025-11-20 18:38:49,636] multiqc                                            [DEBUG  ]  File ignored by lima/summary because it exceeded search pattern filesize limit: qualimapReport.html
[2025-11-20 18:38:49,639] multiqc                                            [DEBUG  ]  File ignored by longranger/invocation because it exceeded search pattern filesize limit: qualimapReport.html
[2025-11-20 18:38:49,654] multiqc                                            [DEBUG  ]  File ignored by nanostat because it exceeded search pattern filesize limit: qualimapReport.html
[2025-11-20 18:38:49,671] multiqc                                            [DEBUG  ]  File ignored by ccs/v4 because it exceeded search pattern filesize limit: agogo.css
[2025-11-20 18:38:49,672] multiqc                                            [DEBUG  ]  File ignored by hicexplorer because it exceeded search pattern filesize limit: agogo.css
[2025-11-20 18:38:49,672] multiqc                                            [DEBUG  ]  File ignored by lima/summary because it exceeded search pattern filesize limit: agogo.css
[2025-11-20 18:38:49,675] multiqc                                            [DEBUG  ]  File ignored by longranger/invocation because it exceeded search pattern filesize limit: agogo.css
[2025-11-20 18:38:49,689] multiqc                                            [DEBUG  ]  File ignored by nanostat because it exceeded search pattern filesize limit: agogo.css
[2025-11-20 18:38:49,698] multiqc                                            [DEBUG  ]  File ignored by ccs/v4 because it exceeded search pattern filesize limit: basic.css
[2025-11-20 18:38:49,699] multiqc                                            [DEBUG  ]  File ignored by hicexplorer because it exceeded search pattern filesize limit: basic.css
[2025-11-20 18:38:49,699] multiqc                                            [DEBUG  ]  File ignored by lima/summary because it exceeded search pattern filesize limit: basic.css
[2025-11-20 18:38:49,702] multiqc                                            [DEBUG  ]  File ignored by longranger/invocation because it exceeded search pattern filesize limit: basic.css
[2025-11-20 18:38:49,718] multiqc                                            [DEBUG  ]  File ignored by nanostat because it exceeded search pattern filesize limit: basic.css
[2025-11-20 18:38:49,734] multiqc                                            [DEBUG  ]  File ignored by ccs/v4 because it exceeded search pattern filesize limit: doctools.js
[2025-11-20 18:38:49,735] multiqc                                            [DEBUG  ]  File ignored by hicexplorer because it exceeded search pattern filesize limit: doctools.js
[2025-11-20 18:38:49,736] multiqc                                            [DEBUG  ]  File ignored by lima/summary because it exceeded search pattern filesize limit: doctools.js
[2025-11-20 18:38:49,738] multiqc                                            [DEBUG  ]  File ignored by longranger/invocation because it exceeded search pattern filesize limit: doctools.js
[2025-11-20 18:38:49,748] multiqc                                            [DEBUG  ]  File ignored by nanostat because it exceeded search pattern filesize limit: doctools.js
[2025-11-20 18:38:49,764] multiqc                                            [DEBUG  ]  File ignored by ccs/v4 because it exceeded search pattern filesize limit: jquery.js
[2025-11-20 18:38:49,765] multiqc                                            [DEBUG  ]  File ignored by hicexplorer because it exceeded search pattern filesize limit: jquery.js
[2025-11-20 18:38:49,765] multiqc                                            [DEBUG  ]  File ignored by lima/summary because it exceeded search pattern filesize limit: jquery.js
[2025-11-20 18:38:49,769] multiqc                                            [DEBUG  ]  File ignored by longranger/invocation because it exceeded search pattern filesize limit: jquery.js
[2025-11-20 18:38:49,781] multiqc                                            [DEBUG  ]  File ignored by nanostat because it exceeded search pattern filesize limit: jquery.js
[2025-11-20 18:38:49,790] multiqc                                            [DEBUG  ]  File ignored by ccs/v4 because it exceeded search pattern filesize limit: pygments.css
[2025-11-20 18:38:49,792] multiqc                                            [DEBUG  ]  File ignored by lima/summary because it exceeded search pattern filesize limit: pygments.css
[2025-11-20 18:38:49,795] multiqc                                            [DEBUG  ]  File ignored by longranger/invocation because it exceeded search pattern filesize limit: pygments.css
[2025-11-20 18:38:49,823] multiqc                                            [DEBUG  ]  File ignored by ccs/v4 because it exceeded search pattern filesize limit: searchtools.js
[2025-11-20 18:38:49,824] multiqc                                            [DEBUG  ]  File ignored by hicexplorer because it exceeded search pattern filesize limit: searchtools.js
[2025-11-20 18:38:49,825] multiqc                                            [DEBUG  ]  File ignored by lima/summary because it exceeded search pattern filesize limit: searchtools.js
[2025-11-20 18:38:49,827] multiqc                                            [DEBUG  ]  File ignored by longranger/invocation because it exceeded search pattern filesize limit: searchtools.js
[2025-11-20 18:38:49,846] multiqc                                            [DEBUG  ]  File ignored by nanostat because it exceeded search pattern filesize limit: searchtools.js
[2025-11-20 18:38:49,852] multiqc                                            [DEBUG  ]  File ignored by ccs/v4 because it exceeded search pattern filesize limit: underscore.js
[2025-11-20 18:38:49,854] multiqc                                            [DEBUG  ]  File ignored by hicexplorer because it exceeded search pattern filesize limit: underscore.js
[2025-11-20 18:38:49,854] multiqc                                            [DEBUG  ]  File ignored by lima/summary because it exceeded search pattern filesize limit: underscore.js
[2025-11-20 18:38:49,857] multiqc                                            [DEBUG  ]  File ignored by longranger/invocation because it exceeded search pattern filesize limit: underscore.js
[2025-11-20 18:38:49,865] multiqc                                            [DEBUG  ]  File ignored by nanostat because it exceeded search pattern filesize limit: underscore.js
[2025-11-20 18:38:49,875] multiqc                                            [DEBUG  ]  File ignored by ccs/v4 because it exceeded search pattern filesize limit: websupport.js
[2025-11-20 18:38:49,877] multiqc                                            [DEBUG  ]  File ignored by hicexplorer because it exceeded search pattern filesize limit: websupport.js
[2025-11-20 18:38:49,877] multiqc                                            [DEBUG  ]  File ignored by lima/summary because it exceeded search pattern filesize limit: websupport.js
[2025-11-20 18:38:49,880] multiqc                                            [DEBUG  ]  File ignored by longranger/invocation because it exceeded search pattern filesize limit: websupport.js
[2025-11-20 18:38:49,906] multiqc                                            [DEBUG  ]  File ignored by nanostat because it exceeded search pattern filesize limit: websupport.js
[2025-11-20 18:38:49,913] multiqc                                            [DEBUG  ]  File ignored by ccs/v4 because it exceeded search pattern filesize limit: coverage_profile_along_genes_(low).txt
[2025-11-20 18:38:49,915] multiqc                                            [DEBUG  ]  File ignored by lima/summary because it exceeded search pattern filesize limit: coverage_profile_along_genes_(low).txt
[2025-11-20 18:38:49,918] multiqc                                            [DEBUG  ]  File ignored by longranger/invocation because it exceeded search pattern filesize limit: coverage_profile_along_genes_(low).txt
[2025-11-20 18:38:49,929] multiqc                                            [DEBUG  ]  File ignored by ccs/v4 because it exceeded search pattern filesize limit: coverage_profile_along_genes_(high).txt
[2025-11-20 18:38:49,931] multiqc                                            [DEBUG  ]  File ignored by lima/summary because it exceeded search pattern filesize limit: coverage_profile_along_genes_(high).txt
[2025-11-20 18:38:49,934] multiqc                                            [DEBUG  ]  File ignored by longranger/invocation because it exceeded search pattern filesize limit: coverage_profile_along_genes_(high).txt
[2025-11-20 18:38:49,947] multiqc                                            [DEBUG  ]  File ignored by ccs/v4 because it exceeded search pattern filesize limit: qualimapReport.html
[2025-11-20 18:38:49,948] multiqc                                            [DEBUG  ]  File ignored by hicexplorer because it exceeded search pattern filesize limit: qualimapReport.html
[2025-11-20 18:38:49,949] multiqc                                            [DEBUG  ]  File ignored by lima/summary because it exceeded search pattern filesize limit: qualimapReport.html
[2025-11-20 18:38:49,951] multiqc                                            [DEBUG  ]  File ignored by longranger/invocation because it exceeded search pattern filesize limit: qualimapReport.html
[2025-11-20 18:38:49,963] multiqc                                            [DEBUG  ]  File ignored by nanostat because it exceeded search pattern filesize limit: qualimapReport.html
[2025-11-20 18:38:49,983] multiqc                                            [DEBUG  ]  File ignored by ccs/v4 because it exceeded search pattern filesize limit: agogo.css
[2025-11-20 18:38:49,985] multiqc                                            [DEBUG  ]  File ignored by hicexplorer because it exceeded search pattern filesize limit: agogo.css
[2025-11-20 18:38:49,985] multiqc                                            [DEBUG  ]  File ignored by lima/summary because it exceeded search pattern filesize limit: agogo.css
[2025-11-20 18:38:49,988] multiqc                                            [DEBUG  ]  File ignored by longranger/invocation because it exceeded search pattern filesize limit: agogo.css
[2025-11-20 18:38:50,002] multiqc                                            [DEBUG  ]  File ignored by nanostat because it exceeded search pattern filesize limit: agogo.css
[2025-11-20 18:38:50,011] multiqc                                            [DEBUG  ]  File ignored by ccs/v4 because it exceeded search pattern filesize limit: basic.css
[2025-11-20 18:38:50,012] multiqc                                            [DEBUG  ]  File ignored by hicexplorer because it exceeded search pattern filesize limit: basic.css
[2025-11-20 18:38:50,012] multiqc                                            [DEBUG  ]  File ignored by lima/summary because it exceeded search pattern filesize limit: basic.css
[2025-11-20 18:38:50,015] multiqc                                            [DEBUG  ]  File ignored by longranger/invocation because it exceeded search pattern filesize limit: basic.css
[2025-11-20 18:38:50,032] multiqc                                            [DEBUG  ]  File ignored by nanostat because it exceeded search pattern filesize limit: basic.css
[2025-11-20 18:38:50,048] multiqc                                            [DEBUG  ]  File ignored by ccs/v4 because it exceeded search pattern filesize limit: doctools.js
[2025-11-20 18:38:50,049] multiqc                                            [DEBUG  ]  File ignored by hicexplorer because it exceeded search pattern filesize limit: doctools.js
[2025-11-20 18:38:50,050] multiqc                                            [DEBUG  ]  File ignored by lima/summary because it exceeded search pattern filesize limit: doctools.js
[2025-11-20 18:38:50,053] multiqc                                            [DEBUG  ]  File ignored by longranger/invocation because it exceeded search pattern filesize limit: doctools.js
[2025-11-20 18:38:50,063] multiqc                                            [DEBUG  ]  File ignored by nanostat because it exceeded search pattern filesize limit: doctools.js
[2025-11-20 18:38:50,078] multiqc                                            [DEBUG  ]  File ignored by ccs/v4 because it exceeded search pattern filesize limit: jquery.js
[2025-11-20 18:38:50,080] multiqc                                            [DEBUG  ]  File ignored by hicexplorer because it exceeded search pattern filesize limit: jquery.js
[2025-11-20 18:38:50,080] multiqc                                            [DEBUG  ]  File ignored by lima/summary because it exceeded search pattern filesize limit: jquery.js
[2025-11-20 18:38:50,083] multiqc                                            [DEBUG  ]  File ignored by longranger/invocation because it exceeded search pattern filesize limit: jquery.js
[2025-11-20 18:38:50,095] multiqc                                            [DEBUG  ]  File ignored by nanostat because it exceeded search pattern filesize limit: jquery.js
[2025-11-20 18:38:50,104] multiqc                                            [DEBUG  ]  File ignored by ccs/v4 because it exceeded search pattern filesize limit: pygments.css
[2025-11-20 18:38:50,106] multiqc                                            [DEBUG  ]  File ignored by lima/summary because it exceeded search pattern filesize limit: pygments.css
[2025-11-20 18:38:50,109] multiqc                                            [DEBUG  ]  File ignored by longranger/invocation because it exceeded search pattern filesize limit: pygments.css
[2025-11-20 18:38:50,137] multiqc                                            [DEBUG  ]  File ignored by ccs/v4 because it exceeded search pattern filesize limit: searchtools.js
[2025-11-20 18:38:50,139] multiqc                                            [DEBUG  ]  File ignored by hicexplorer because it exceeded search pattern filesize limit: searchtools.js
[2025-11-20 18:38:50,139] multiqc                                            [DEBUG  ]  File ignored by lima/summary because it exceeded search pattern filesize limit: searchtools.js
[2025-11-20 18:38:50,142] multiqc                                            [DEBUG  ]  File ignored by longranger/invocation because it exceeded search pattern filesize limit: searchtools.js
[2025-11-20 18:38:50,162] multiqc                                            [DEBUG  ]  File ignored by nanostat because it exceeded search pattern filesize limit: searchtools.js
[2025-11-20 18:38:50,168] multiqc                                            [DEBUG  ]  File ignored by ccs/v4 because it exceeded search pattern filesize limit: underscore.js
[2025-11-20 18:38:50,169] multiqc                                            [DEBUG  ]  File ignored by hicexplorer because it exceeded search pattern filesize limit: underscore.js
[2025-11-20 18:38:50,170] multiqc                                            [DEBUG  ]  File ignored by lima/summary because it exceeded search pattern filesize limit: underscore.js
[2025-11-20 18:38:50,173] multiqc                                            [DEBUG  ]  File ignored by longranger/invocation because it exceeded search pattern filesize limit: underscore.js
[2025-11-20 18:38:50,181] multiqc                                            [DEBUG  ]  File ignored by nanostat because it exceeded search pattern filesize limit: underscore.js
[2025-11-20 18:38:50,191] multiqc                                            [DEBUG  ]  File ignored by ccs/v4 because it exceeded search pattern filesize limit: websupport.js
[2025-11-20 18:38:50,193] multiqc                                            [DEBUG  ]  File ignored by hicexplorer because it exceeded search pattern filesize limit: websupport.js
[2025-11-20 18:38:50,193] multiqc                                            [DEBUG  ]  File ignored by lima/summary because it exceeded search pattern filesize limit: websupport.js
[2025-11-20 18:38:50,196] multiqc                                            [DEBUG  ]  File ignored by longranger/invocation because it exceeded search pattern filesize limit: websupport.js
[2025-11-20 18:38:50,221] multiqc                                            [DEBUG  ]  File ignored by nanostat because it exceeded search pattern filesize limit: websupport.js
[2025-11-20 18:38:50,228] multiqc                                            [DEBUG  ]  File ignored by ccs/v4 because it exceeded search pattern filesize limit: coverage_profile_along_genes_(low).txt
[2025-11-20 18:38:50,230] multiqc                                            [DEBUG  ]  File ignored by lima/summary because it exceeded search pattern filesize limit: coverage_profile_along_genes_(low).txt
[2025-11-20 18:38:50,233] multiqc                                            [DEBUG  ]  File ignored by longranger/invocation because it exceeded search pattern filesize limit: coverage_profile_along_genes_(low).txt
[2025-11-20 18:38:50,244] multiqc                                            [DEBUG  ]  File ignored by ccs/v4 because it exceeded search pattern filesize limit: coverage_profile_along_genes_(high).txt
[2025-11-20 18:38:50,246] multiqc                                            [DEBUG  ]  File ignored by lima/summary because it exceeded search pattern filesize limit: coverage_profile_along_genes_(high).txt
[2025-11-20 18:38:50,249] multiqc                                            [DEBUG  ]  File ignored by longranger/invocation because it exceeded search pattern filesize limit: coverage_profile_along_genes_(high).txt
[2025-11-20 18:38:50,263] multiqc                                            [DEBUG  ]  File ignored by ccs/v4 because it exceeded search pattern filesize limit: qualimapReport.html
[2025-11-20 18:38:50,264] multiqc                                            [DEBUG  ]  File ignored by hicexplorer because it exceeded search pattern filesize limit: qualimapReport.html
[2025-11-20 18:38:50,264] multiqc                                            [DEBUG  ]  File ignored by lima/summary because it exceeded search pattern filesize limit: qualimapReport.html
[2025-11-20 18:38:50,267] multiqc                                            [DEBUG  ]  File ignored by longranger/invocation because it exceeded search pattern filesize limit: qualimapReport.html
[2025-11-20 18:38:50,282] multiqc                                            [DEBUG  ]  File ignored by nanostat because it exceeded search pattern filesize limit: qualimapReport.html
[2025-11-20 18:38:50,299] multiqc                                            [DEBUG  ]  File ignored by ccs/v4 because it exceeded search pattern filesize limit: agogo.css
[2025-11-20 18:38:50,301] multiqc                                            [DEBUG  ]  File ignored by hicexplorer because it exceeded search pattern filesize limit: agogo.css
[2025-11-20 18:38:50,301] multiqc                                            [DEBUG  ]  File ignored by lima/summary because it exceeded search pattern filesize limit: agogo.css
[2025-11-20 18:38:50,304] multiqc                                            [DEBUG  ]  File ignored by longranger/invocation because it exceeded search pattern filesize limit: agogo.css
[2025-11-20 18:38:50,318] multiqc                                            [DEBUG  ]  File ignored by nanostat because it exceeded search pattern filesize limit: agogo.css
[2025-11-20 18:38:50,326] multiqc                                            [DEBUG  ]  File ignored by ccs/v4 because it exceeded search pattern filesize limit: basic.css
[2025-11-20 18:38:50,328] multiqc                                            [DEBUG  ]  File ignored by hicexplorer because it exceeded search pattern filesize limit: basic.css
[2025-11-20 18:38:50,328] multiqc                                            [DEBUG  ]  File ignored by lima/summary because it exceeded search pattern filesize limit: basic.css
[2025-11-20 18:38:50,331] multiqc                                            [DEBUG  ]  File ignored by longranger/invocation because it exceeded search pattern filesize limit: basic.css
[2025-11-20 18:38:50,347] multiqc                                            [DEBUG  ]  File ignored by nanostat because it exceeded search pattern filesize limit: basic.css
[2025-11-20 18:38:50,363] multiqc                                            [DEBUG  ]  File ignored by ccs/v4 because it exceeded search pattern filesize limit: doctools.js
[2025-11-20 18:38:50,365] multiqc                                            [DEBUG  ]  File ignored by hicexplorer because it exceeded search pattern filesize limit: doctools.js
[2025-11-20 18:38:50,365] multiqc                                            [DEBUG  ]  File ignored by lima/summary because it exceeded search pattern filesize limit: doctools.js
[2025-11-20 18:38:50,368] multiqc                                            [DEBUG  ]  File ignored by longranger/invocation because it exceeded search pattern filesize limit: doctools.js
[2025-11-20 18:38:50,378] multiqc                                            [DEBUG  ]  File ignored by nanostat because it exceeded search pattern filesize limit: doctools.js
[2025-11-20 18:38:50,394] multiqc                                            [DEBUG  ]  File ignored by ccs/v4 because it exceeded search pattern filesize limit: jquery.js
[2025-11-20 18:38:50,396] multiqc                                            [DEBUG  ]  File ignored by hicexplorer because it exceeded search pattern filesize limit: jquery.js
[2025-11-20 18:38:50,396] multiqc                                            [DEBUG  ]  File ignored by lima/summary because it exceeded search pattern filesize limit: jquery.js
[2025-11-20 18:38:50,399] multiqc                                            [DEBUG  ]  File ignored by longranger/invocation because it exceeded search pattern filesize limit: jquery.js
[2025-11-20 18:38:50,411] multiqc                                            [DEBUG  ]  File ignored by nanostat because it exceeded search pattern filesize limit: jquery.js
[2025-11-20 18:38:50,421] multiqc                                            [DEBUG  ]  File ignored by ccs/v4 because it exceeded search pattern filesize limit: pygments.css
[2025-11-20 18:38:50,422] multiqc                                            [DEBUG  ]  File ignored by lima/summary because it exceeded search pattern filesize limit: pygments.css
[2025-11-20 18:38:50,425] multiqc                                            [DEBUG  ]  File ignored by longranger/invocation because it exceeded search pattern filesize limit: pygments.css
[2025-11-20 18:38:50,453] multiqc                                            [DEBUG  ]  File ignored by ccs/v4 because it exceeded search pattern filesize limit: searchtools.js
[2025-11-20 18:38:50,455] multiqc                                            [DEBUG  ]  File ignored by hicexplorer because it exceeded search pattern filesize limit: searchtools.js
[2025-11-20 18:38:50,455] multiqc                                            [DEBUG  ]  File ignored by lima/summary because it exceeded search pattern filesize limit: searchtools.js
[2025-11-20 18:38:50,458] multiqc                                            [DEBUG  ]  File ignored by longranger/invocation because it exceeded search pattern filesize limit: searchtools.js
[2025-11-20 18:38:50,476] multiqc                                            [DEBUG  ]  File ignored by nanostat because it exceeded search pattern filesize limit: searchtools.js
[2025-11-20 18:38:50,483] multiqc                                            [DEBUG  ]  File ignored by ccs/v4 because it exceeded search pattern filesize limit: underscore.js
[2025-11-20 18:38:50,484] multiqc                                            [DEBUG  ]  File ignored by hicexplorer because it exceeded search pattern filesize limit: underscore.js
[2025-11-20 18:38:50,485] multiqc                                            [DEBUG  ]  File ignored by lima/summary because it exceeded search pattern filesize limit: underscore.js
[2025-11-20 18:38:50,487] multiqc                                            [DEBUG  ]  File ignored by longranger/invocation because it exceeded search pattern filesize limit: underscore.js
[2025-11-20 18:38:50,496] multiqc                                            [DEBUG  ]  File ignored by nanostat because it exceeded search pattern filesize limit: underscore.js
[2025-11-20 18:38:50,506] multiqc                                            [DEBUG  ]  File ignored by ccs/v4 because it exceeded search pattern filesize limit: websupport.js
[2025-11-20 18:38:50,507] multiqc                                            [DEBUG  ]  File ignored by hicexplorer because it exceeded search pattern filesize limit: websupport.js
[2025-11-20 18:38:50,507] multiqc                                            [DEBUG  ]  File ignored by lima/summary because it exceeded search pattern filesize limit: websupport.js
[2025-11-20 18:38:50,510] multiqc                                            [DEBUG  ]  File ignored by longranger/invocation because it exceeded search pattern filesize limit: websupport.js
[2025-11-20 18:38:50,535] multiqc                                            [DEBUG  ]  File ignored by nanostat because it exceeded search pattern filesize limit: websupport.js
[2025-11-20 18:38:50,542] multiqc                                            [DEBUG  ]  File ignored by ccs/v4 because it exceeded search pattern filesize limit: coverage_profile_along_genes_(low).txt
[2025-11-20 18:38:50,544] multiqc                                            [DEBUG  ]  File ignored by lima/summary because it exceeded search pattern filesize limit: coverage_profile_along_genes_(low).txt
[2025-11-20 18:38:50,547] multiqc                                            [DEBUG  ]  File ignored by longranger/invocation because it exceeded search pattern filesize limit: coverage_profile_along_genes_(low).txt
[2025-11-20 18:38:50,558] multiqc                                            [DEBUG  ]  File ignored by ccs/v4 because it exceeded search pattern filesize limit: coverage_profile_along_genes_(high).txt
[2025-11-20 18:38:50,560] multiqc                                            [DEBUG  ]  File ignored by lima/summary because it exceeded search pattern filesize limit: coverage_profile_along_genes_(high).txt
[2025-11-20 18:38:50,563] multiqc                                            [DEBUG  ]  File ignored by longranger/invocation because it exceeded search pattern filesize limit: coverage_profile_along_genes_(high).txt
[2025-11-20 18:38:50,576] multiqc                                            [DEBUG  ]  File ignored by ccs/v4 because it exceeded search pattern filesize limit: qualimapReport.html
[2025-11-20 18:38:50,578] multiqc                                            [DEBUG  ]  File ignored by hicexplorer because it exceeded search pattern filesize limit: qualimapReport.html
[2025-11-20 18:38:50,578] multiqc                                            [DEBUG  ]  File ignored by lima/summary because it exceeded search pattern filesize limit: qualimapReport.html
[2025-11-20 18:38:50,581] multiqc                                            [DEBUG  ]  File ignored by longranger/invocation because it exceeded search pattern filesize limit: qualimapReport.html
[2025-11-20 18:38:50,593] multiqc                                            [DEBUG  ]  File ignored by nanostat because it exceeded search pattern filesize limit: qualimapReport.html
[2025-11-20 18:38:50,612] multiqc                                            [DEBUG  ]  File ignored by ccs/v4 because it exceeded search pattern filesize limit: agogo.css
[2025-11-20 18:38:50,614] multiqc                                            [DEBUG  ]  File ignored by hicexplorer because it exceeded search pattern filesize limit: agogo.css
[2025-11-20 18:38:50,614] multiqc                                            [DEBUG  ]  File ignored by lima/summary because it exceeded search pattern filesize limit: agogo.css
[2025-11-20 18:38:50,617] multiqc                                            [DEBUG  ]  File ignored by longranger/invocation because it exceeded search pattern filesize limit: agogo.css
[2025-11-20 18:38:50,631] multiqc                                            [DEBUG  ]  File ignored by nanostat because it exceeded search pattern filesize limit: agogo.css
[2025-11-20 18:38:50,639] multiqc                                            [DEBUG  ]  File ignored by ccs/v4 because it exceeded search pattern filesize limit: basic.css
[2025-11-20 18:38:50,641] multiqc                                            [DEBUG  ]  File ignored by hicexplorer because it exceeded search pattern filesize limit: basic.css
[2025-11-20 18:38:50,641] multiqc                                            [DEBUG  ]  File ignored by lima/summary because it exceeded search pattern filesize limit: basic.css
[2025-11-20 18:38:50,644] multiqc                                            [DEBUG  ]  File ignored by longranger/invocation because it exceeded search pattern filesize limit: basic.css
[2025-11-20 18:38:50,660] multiqc                                            [DEBUG  ]  File ignored by nanostat because it exceeded search pattern filesize limit: basic.css
[2025-11-20 18:38:50,676] multiqc                                            [DEBUG  ]  File ignored by ccs/v4 because it exceeded search pattern filesize limit: doctools.js
[2025-11-20 18:38:50,678] multiqc                                            [DEBUG  ]  File ignored by hicexplorer because it exceeded search pattern filesize limit: doctools.js
[2025-11-20 18:38:50,678] multiqc                                            [DEBUG  ]  File ignored by lima/summary because it exceeded search pattern filesize limit: doctools.js
[2025-11-20 18:38:50,681] multiqc                                            [DEBUG  ]  File ignored by longranger/invocation because it exceeded search pattern filesize limit: doctools.js
[2025-11-20 18:38:50,691] multiqc                                            [DEBUG  ]  File ignored by nanostat because it exceeded search pattern filesize limit: doctools.js
[2025-11-20 18:38:50,706] multiqc                                            [DEBUG  ]  File ignored by ccs/v4 because it exceeded search pattern filesize limit: jquery.js
[2025-11-20 18:38:50,708] multiqc                                            [DEBUG  ]  File ignored by hicexplorer because it exceeded search pattern filesize limit: jquery.js
[2025-11-20 18:38:50,708] multiqc                                            [DEBUG  ]  File ignored by lima/summary because it exceeded search pattern filesize limit: jquery.js
[2025-11-20 18:38:50,711] multiqc                                            [DEBUG  ]  File ignored by longranger/invocation because it exceeded search pattern filesize limit: jquery.js
[2025-11-20 18:38:50,724] multiqc                                            [DEBUG  ]  File ignored by nanostat because it exceeded search pattern filesize limit: jquery.js
[2025-11-20 18:38:50,733] multiqc                                            [DEBUG  ]  File ignored by ccs/v4 because it exceeded search pattern filesize limit: pygments.css
[2025-11-20 18:38:50,735] multiqc                                            [DEBUG  ]  File ignored by lima/summary because it exceeded search pattern filesize limit: pygments.css
[2025-11-20 18:38:50,738] multiqc                                            [DEBUG  ]  File ignored by longranger/invocation because it exceeded search pattern filesize limit: pygments.css
[2025-11-20 18:38:50,766] multiqc                                            [DEBUG  ]  File ignored by ccs/v4 because it exceeded search pattern filesize limit: searchtools.js
[2025-11-20 18:38:50,767] multiqc                                            [DEBUG  ]  File ignored by hicexplorer because it exceeded search pattern filesize limit: searchtools.js
[2025-11-20 18:38:50,768] multiqc                                            [DEBUG  ]  File ignored by lima/summary because it exceeded search pattern filesize limit: searchtools.js
[2025-11-20 18:38:50,771] multiqc                                            [DEBUG  ]  File ignored by longranger/invocation because it exceeded search pattern filesize limit: searchtools.js
[2025-11-20 18:38:50,790] multiqc                                            [DEBUG  ]  File ignored by nanostat because it exceeded search pattern filesize limit: searchtools.js
[2025-11-20 18:38:50,796] multiqc                                            [DEBUG  ]  File ignored by ccs/v4 because it exceeded search pattern filesize limit: underscore.js
[2025-11-20 18:38:50,798] multiqc                                            [DEBUG  ]  File ignored by hicexplorer because it exceeded search pattern filesize limit: underscore.js
[2025-11-20 18:38:50,798] multiqc                                            [DEBUG  ]  File ignored by lima/summary because it exceeded search pattern filesize limit: underscore.js
[2025-11-20 18:38:50,801] multiqc                                            [DEBUG  ]  File ignored by longranger/invocation because it exceeded search pattern filesize limit: underscore.js
[2025-11-20 18:38:50,809] multiqc                                            [DEBUG  ]  File ignored by nanostat because it exceeded search pattern filesize limit: underscore.js
[2025-11-20 18:38:50,819] multiqc                                            [DEBUG  ]  File ignored by ccs/v4 because it exceeded search pattern filesize limit: websupport.js
[2025-11-20 18:38:50,821] multiqc                                            [DEBUG  ]  File ignored by hicexplorer because it exceeded search pattern filesize limit: websupport.js
[2025-11-20 18:38:50,821] multiqc                                            [DEBUG  ]  File ignored by lima/summary because it exceeded search pattern filesize limit: websupport.js
[2025-11-20 18:38:50,824] multiqc                                            [DEBUG  ]  File ignored by longranger/invocation because it exceeded search pattern filesize limit: websupport.js
[2025-11-20 18:38:50,849] multiqc                                            [DEBUG  ]  File ignored by nanostat because it exceeded search pattern filesize limit: websupport.js
[2025-11-20 18:38:50,856] multiqc                                            [DEBUG  ]  File ignored by ccs/v4 because it exceeded search pattern filesize limit: coverage_profile_along_genes_(low).txt
[2025-11-20 18:38:50,858] multiqc                                            [DEBUG  ]  File ignored by lima/summary because it exceeded search pattern filesize limit: coverage_profile_along_genes_(low).txt
[2025-11-20 18:38:50,861] multiqc                                            [DEBUG  ]  File ignored by longranger/invocation because it exceeded search pattern filesize limit: coverage_profile_along_genes_(low).txt
[2025-11-20 18:38:50,872] multiqc                                            [DEBUG  ]  File ignored by ccs/v4 because it exceeded search pattern filesize limit: coverage_profile_along_genes_(high).txt
[2025-11-20 18:38:50,874] multiqc                                            [DEBUG  ]  File ignored by lima/summary because it exceeded search pattern filesize limit: coverage_profile_along_genes_(high).txt
[2025-11-20 18:38:50,877] multiqc                                            [DEBUG  ]  File ignored by longranger/invocation because it exceeded search pattern filesize limit: coverage_profile_along_genes_(high).txt
[2025-11-20 18:38:50,890] multiqc                                            [DEBUG  ]  File ignored by ccs/v4 because it exceeded search pattern filesize limit: qualimapReport.html
[2025-11-20 18:38:50,891] multiqc                                            [DEBUG  ]  File ignored by hicexplorer because it exceeded search pattern filesize limit: qualimapReport.html
[2025-11-20 18:38:50,892] multiqc                                            [DEBUG  ]  File ignored by lima/summary because it exceeded search pattern filesize limit: qualimapReport.html
[2025-11-20 18:38:50,895] multiqc                                            [DEBUG  ]  File ignored by longranger/invocation because it exceeded search pattern filesize limit: qualimapReport.html
[2025-11-20 18:38:50,909] multiqc                                            [DEBUG  ]  File ignored by nanostat because it exceeded search pattern filesize limit: qualimapReport.html
[2025-11-20 18:38:50,926] multiqc                                            [DEBUG  ]  File ignored by ccs/v4 because it exceeded search pattern filesize limit: agogo.css
[2025-11-20 18:38:50,928] multiqc                                            [DEBUG  ]  File ignored by hicexplorer because it exceeded search pattern filesize limit: agogo.css
[2025-11-20 18:38:50,928] multiqc                                            [DEBUG  ]  File ignored by lima/summary because it exceeded search pattern filesize limit: agogo.css
[2025-11-20 18:38:50,931] multiqc                                            [DEBUG  ]  File ignored by longranger/invocation because it exceeded search pattern filesize limit: agogo.css
[2025-11-20 18:38:50,945] multiqc                                            [DEBUG  ]  File ignored by nanostat because it exceeded search pattern filesize limit: agogo.css
[2025-11-20 18:38:50,953] multiqc                                            [DEBUG  ]  File ignored by ccs/v4 because it exceeded search pattern filesize limit: basic.css
[2025-11-20 18:38:50,954] multiqc                                            [DEBUG  ]  File ignored by hicexplorer because it exceeded search pattern filesize limit: basic.css
[2025-11-20 18:38:50,954] multiqc                                            [DEBUG  ]  File ignored by lima/summary because it exceeded search pattern filesize limit: basic.css
[2025-11-20 18:38:50,957] multiqc                                            [DEBUG  ]  File ignored by longranger/invocation because it exceeded search pattern filesize limit: basic.css
[2025-11-20 18:38:50,974] multiqc                                            [DEBUG  ]  File ignored by nanostat because it exceeded search pattern filesize limit: basic.css
[2025-11-20 18:38:50,990] multiqc                                            [DEBUG  ]  File ignored by ccs/v4 because it exceeded search pattern filesize limit: doctools.js
[2025-11-20 18:38:50,991] multiqc                                            [DEBUG  ]  File ignored by hicexplorer because it exceeded search pattern filesize limit: doctools.js
[2025-11-20 18:38:50,991] multiqc                                            [DEBUG  ]  File ignored by lima/summary because it exceeded search pattern filesize limit: doctools.js
[2025-11-20 18:38:50,994] multiqc                                            [DEBUG  ]  File ignored by longranger/invocation because it exceeded search pattern filesize limit: doctools.js
[2025-11-20 18:38:51,004] multiqc                                            [DEBUG  ]  File ignored by nanostat because it exceeded search pattern filesize limit: doctools.js
[2025-11-20 18:38:51,019] multiqc                                            [DEBUG  ]  File ignored by ccs/v4 because it exceeded search pattern filesize limit: jquery.js
[2025-11-20 18:38:51,021] multiqc                                            [DEBUG  ]  File ignored by hicexplorer because it exceeded search pattern filesize limit: jquery.js
[2025-11-20 18:38:51,021] multiqc                                            [DEBUG  ]  File ignored by lima/summary because it exceeded search pattern filesize limit: jquery.js
[2025-11-20 18:38:51,024] multiqc                                            [DEBUG  ]  File ignored by longranger/invocation because it exceeded search pattern filesize limit: jquery.js
[2025-11-20 18:38:51,037] multiqc                                            [DEBUG  ]  File ignored by nanostat because it exceeded search pattern filesize limit: jquery.js
[2025-11-20 18:38:51,046] multiqc                                            [DEBUG  ]  File ignored by ccs/v4 because it exceeded search pattern filesize limit: pygments.css
[2025-11-20 18:38:51,048] multiqc                                            [DEBUG  ]  File ignored by lima/summary because it exceeded search pattern filesize limit: pygments.css
[2025-11-20 18:38:51,051] multiqc                                            [DEBUG  ]  File ignored by longranger/invocation because it exceeded search pattern filesize limit: pygments.css
[2025-11-20 18:38:51,079] multiqc                                            [DEBUG  ]  File ignored by ccs/v4 because it exceeded search pattern filesize limit: searchtools.js
[2025-11-20 18:38:51,080] multiqc                                            [DEBUG  ]  File ignored by hicexplorer because it exceeded search pattern filesize limit: searchtools.js
[2025-11-20 18:38:51,081] multiqc                                            [DEBUG  ]  File ignored by lima/summary because it exceeded search pattern filesize limit: searchtools.js
[2025-11-20 18:38:51,084] multiqc                                            [DEBUG  ]  File ignored by longranger/invocation because it exceeded search pattern filesize limit: searchtools.js
[2025-11-20 18:38:51,102] multiqc                                            [DEBUG  ]  File ignored by nanostat because it exceeded search pattern filesize limit: searchtools.js
[2025-11-20 18:38:51,108] multiqc                                            [DEBUG  ]  File ignored by ccs/v4 because it exceeded search pattern filesize limit: underscore.js
[2025-11-20 18:38:51,110] multiqc                                            [DEBUG  ]  File ignored by hicexplorer because it exceeded search pattern filesize limit: underscore.js
[2025-11-20 18:38:51,110] multiqc                                            [DEBUG  ]  File ignored by lima/summary because it exceeded search pattern filesize limit: underscore.js
[2025-11-20 18:38:51,113] multiqc                                            [DEBUG  ]  File ignored by longranger/invocation because it exceeded search pattern filesize limit: underscore.js
[2025-11-20 18:38:51,121] multiqc                                            [DEBUG  ]  File ignored by nanostat because it exceeded search pattern filesize limit: underscore.js
[2025-11-20 18:38:51,131] multiqc                                            [DEBUG  ]  File ignored by ccs/v4 because it exceeded search pattern filesize limit: websupport.js
[2025-11-20 18:38:51,133] multiqc                                            [DEBUG  ]  File ignored by hicexplorer because it exceeded search pattern filesize limit: websupport.js
[2025-11-20 18:38:51,133] multiqc                                            [DEBUG  ]  File ignored by lima/summary because it exceeded search pattern filesize limit: websupport.js
[2025-11-20 18:38:51,136] multiqc                                            [DEBUG  ]  File ignored by longranger/invocation because it exceeded search pattern filesize limit: websupport.js
[2025-11-20 18:38:51,161] multiqc                                            [DEBUG  ]  File ignored by nanostat because it exceeded search pattern filesize limit: websupport.js
[2025-11-20 18:38:51,168] multiqc                                            [DEBUG  ]  File ignored by ccs/v4 because it exceeded search pattern filesize limit: coverage_profile_along_genes_(low).txt
[2025-11-20 18:38:51,170] multiqc                                            [DEBUG  ]  File ignored by lima/summary because it exceeded search pattern filesize limit: coverage_profile_along_genes_(low).txt
[2025-11-20 18:38:51,173] multiqc                                            [DEBUG  ]  File ignored by longranger/invocation because it exceeded search pattern filesize limit: coverage_profile_along_genes_(low).txt
[2025-11-20 18:38:51,185] multiqc                                            [DEBUG  ]  File ignored by ccs/v4 because it exceeded search pattern filesize limit: coverage_profile_along_genes_(high).txt
[2025-11-20 18:38:51,186] multiqc                                            [DEBUG  ]  File ignored by lima/summary because it exceeded search pattern filesize limit: coverage_profile_along_genes_(high).txt
[2025-11-20 18:38:51,189] multiqc                                            [DEBUG  ]  File ignored by longranger/invocation because it exceeded search pattern filesize limit: coverage_profile_along_genes_(high).txt
[2025-11-20 18:38:51,202] multiqc                                            [DEBUG  ]  File ignored by ccs/v4 because it exceeded search pattern filesize limit: qualimapReport.html
[2025-11-20 18:38:51,204] multiqc                                            [DEBUG  ]  File ignored by hicexplorer because it exceeded search pattern filesize limit: qualimapReport.html
[2025-11-20 18:38:51,204] multiqc                                            [DEBUG  ]  File ignored by lima/summary because it exceeded search pattern filesize limit: qualimapReport.html
[2025-11-20 18:38:51,207] multiqc                                            [DEBUG  ]  File ignored by longranger/invocation because it exceeded search pattern filesize limit: qualimapReport.html
[2025-11-20 18:38:51,221] multiqc                                            [DEBUG  ]  File ignored by nanostat because it exceeded search pattern filesize limit: qualimapReport.html
[2025-11-20 18:38:51,239] multiqc                                            [DEBUG  ]  File ignored by ccs/v4 because it exceeded search pattern filesize limit: agogo.css
[2025-11-20 18:38:51,241] multiqc                                            [DEBUG  ]  File ignored by hicexplorer because it exceeded search pattern filesize limit: agogo.css
[2025-11-20 18:38:51,241] multiqc                                            [DEBUG  ]  File ignored by lima/summary because it exceeded search pattern filesize limit: agogo.css
[2025-11-20 18:38:51,244] multiqc                                            [DEBUG  ]  File ignored by longranger/invocation because it exceeded search pattern filesize limit: agogo.css
[2025-11-20 18:38:51,258] multiqc                                            [DEBUG  ]  File ignored by nanostat because it exceeded search pattern filesize limit: agogo.css
[2025-11-20 18:38:51,266] multiqc                                            [DEBUG  ]  File ignored by ccs/v4 because it exceeded search pattern filesize limit: basic.css
[2025-11-20 18:38:51,268] multiqc                                            [DEBUG  ]  File ignored by hicexplorer because it exceeded search pattern filesize limit: basic.css
[2025-11-20 18:38:51,268] multiqc                                            [DEBUG  ]  File ignored by lima/summary because it exceeded search pattern filesize limit: basic.css
[2025-11-20 18:38:51,271] multiqc                                            [DEBUG  ]  File ignored by longranger/invocation because it exceeded search pattern filesize limit: basic.css
[2025-11-20 18:38:51,287] multiqc                                            [DEBUG  ]  File ignored by nanostat because it exceeded search pattern filesize limit: basic.css
[2025-11-20 18:38:51,303] multiqc                                            [DEBUG  ]  File ignored by ccs/v4 because it exceeded search pattern filesize limit: doctools.js
[2025-11-20 18:38:51,304] multiqc                                            [DEBUG  ]  File ignored by hicexplorer because it exceeded search pattern filesize limit: doctools.js
[2025-11-20 18:38:51,305] multiqc                                            [DEBUG  ]  File ignored by lima/summary because it exceeded search pattern filesize limit: doctools.js
[2025-11-20 18:38:51,307] multiqc                                            [DEBUG  ]  File ignored by longranger/invocation because it exceeded search pattern filesize limit: doctools.js
[2025-11-20 18:38:51,317] multiqc                                            [DEBUG  ]  File ignored by nanostat because it exceeded search pattern filesize limit: doctools.js
[2025-11-20 18:38:51,333] multiqc                                            [DEBUG  ]  File ignored by ccs/v4 because it exceeded search pattern filesize limit: jquery.js
[2025-11-20 18:38:51,335] multiqc                                            [DEBUG  ]  File ignored by hicexplorer because it exceeded search pattern filesize limit: jquery.js
[2025-11-20 18:38:51,335] multiqc                                            [DEBUG  ]  File ignored by lima/summary because it exceeded search pattern filesize limit: jquery.js
[2025-11-20 18:38:51,338] multiqc                                            [DEBUG  ]  File ignored by longranger/invocation because it exceeded search pattern filesize limit: jquery.js
[2025-11-20 18:38:51,351] multiqc                                            [DEBUG  ]  File ignored by nanostat because it exceeded search pattern filesize limit: jquery.js
[2025-11-20 18:38:51,361] multiqc                                            [DEBUG  ]  File ignored by ccs/v4 because it exceeded search pattern filesize limit: pygments.css
[2025-11-20 18:38:51,362] multiqc                                            [DEBUG  ]  File ignored by lima/summary because it exceeded search pattern filesize limit: pygments.css
[2025-11-20 18:38:51,365] multiqc                                            [DEBUG  ]  File ignored by longranger/invocation because it exceeded search pattern filesize limit: pygments.css
[2025-11-20 18:38:51,394] multiqc                                            [DEBUG  ]  File ignored by ccs/v4 because it exceeded search pattern filesize limit: searchtools.js
[2025-11-20 18:38:51,395] multiqc                                            [DEBUG  ]  File ignored by hicexplorer because it exceeded search pattern filesize limit: searchtools.js
[2025-11-20 18:38:51,395] multiqc                                            [DEBUG  ]  File ignored by lima/summary because it exceeded search pattern filesize limit: searchtools.js
[2025-11-20 18:38:51,398] multiqc                                            [DEBUG  ]  File ignored by longranger/invocation because it exceeded search pattern filesize limit: searchtools.js
[2025-11-20 18:38:51,418] multiqc                                            [DEBUG  ]  File ignored by nanostat because it exceeded search pattern filesize limit: searchtools.js
[2025-11-20 18:38:51,424] multiqc                                            [DEBUG  ]  File ignored by ccs/v4 because it exceeded search pattern filesize limit: underscore.js
[2025-11-20 18:38:51,426] multiqc                                            [DEBUG  ]  File ignored by hicexplorer because it exceeded search pattern filesize limit: underscore.js
[2025-11-20 18:38:51,426] multiqc                                            [DEBUG  ]  File ignored by lima/summary because it exceeded search pattern filesize limit: underscore.js
[2025-11-20 18:38:51,432] multiqc                                            [DEBUG  ]  File ignored by longranger/invocation because it exceeded search pattern filesize limit: underscore.js
[2025-11-20 18:38:51,438] multiqc                                            [DEBUG  ]  File ignored by nanostat because it exceeded search pattern filesize limit: underscore.js
[2025-11-20 18:38:51,448] multiqc                                            [DEBUG  ]  File ignored by ccs/v4 because it exceeded search pattern filesize limit: websupport.js
[2025-11-20 18:38:51,449] multiqc                                            [DEBUG  ]  File ignored by hicexplorer because it exceeded search pattern filesize limit: websupport.js
[2025-11-20 18:38:51,449] multiqc                                            [DEBUG  ]  File ignored by lima/summary because it exceeded search pattern filesize limit: websupport.js
[2025-11-20 18:38:51,452] multiqc                                            [DEBUG  ]  File ignored by longranger/invocation because it exceeded search pattern filesize limit: websupport.js
[2025-11-20 18:38:51,477] multiqc                                            [DEBUG  ]  File ignored by nanostat because it exceeded search pattern filesize limit: websupport.js
[2025-11-20 18:38:51,485] multiqc                                            [DEBUG  ]  File ignored by ccs/v4 because it exceeded search pattern filesize limit: coverage_profile_along_genes_(low).txt
[2025-11-20 18:38:51,486] multiqc                                            [DEBUG  ]  File ignored by lima/summary because it exceeded search pattern filesize limit: coverage_profile_along_genes_(low).txt
[2025-11-20 18:38:51,489] multiqc                                            [DEBUG  ]  File ignored by longranger/invocation because it exceeded search pattern filesize limit: coverage_profile_along_genes_(low).txt
[2025-11-20 18:38:51,501] multiqc                                            [DEBUG  ]  File ignored by ccs/v4 because it exceeded search pattern filesize limit: coverage_profile_along_genes_(high).txt
[2025-11-20 18:38:51,503] multiqc                                            [DEBUG  ]  File ignored by lima/summary because it exceeded search pattern filesize limit: coverage_profile_along_genes_(high).txt
[2025-11-20 18:38:51,506] multiqc                                            [DEBUG  ]  File ignored by longranger/invocation because it exceeded search pattern filesize limit: coverage_profile_along_genes_(high).txt
[2025-11-20 18:38:51,519] multiqc                                            [DEBUG  ]  File ignored by ccs/v4 because it exceeded search pattern filesize limit: qualimapReport.html
[2025-11-20 18:38:51,521] multiqc                                            [DEBUG  ]  File ignored by hicexplorer because it exceeded search pattern filesize limit: qualimapReport.html
[2025-11-20 18:38:51,521] multiqc                                            [DEBUG  ]  File ignored by lima/summary because it exceeded search pattern filesize limit: qualimapReport.html
[2025-11-20 18:38:51,524] multiqc                                            [DEBUG  ]  File ignored by longranger/invocation because it exceeded search pattern filesize limit: qualimapReport.html
[2025-11-20 18:38:51,538] multiqc                                            [DEBUG  ]  File ignored by nanostat because it exceeded search pattern filesize limit: qualimapReport.html
[2025-11-20 18:38:51,557] multiqc                                            [DEBUG  ]  File ignored by ccs/v4 because it exceeded search pattern filesize limit: agogo.css
[2025-11-20 18:38:51,558] multiqc                                            [DEBUG  ]  File ignored by hicexplorer because it exceeded search pattern filesize limit: agogo.css
[2025-11-20 18:38:51,559] multiqc                                            [DEBUG  ]  File ignored by lima/summary because it exceeded search pattern filesize limit: agogo.css
[2025-11-20 18:38:51,562] multiqc                                            [DEBUG  ]  File ignored by longranger/invocation because it exceeded search pattern filesize limit: agogo.css
[2025-11-20 18:38:51,576] multiqc                                            [DEBUG  ]  File ignored by nanostat because it exceeded search pattern filesize limit: agogo.css
[2025-11-20 18:38:51,584] multiqc                                            [DEBUG  ]  File ignored by ccs/v4 because it exceeded search pattern filesize limit: basic.css
[2025-11-20 18:38:51,586] multiqc                                            [DEBUG  ]  File ignored by hicexplorer because it exceeded search pattern filesize limit: basic.css
[2025-11-20 18:38:51,586] multiqc                                            [DEBUG  ]  File ignored by lima/summary because it exceeded search pattern filesize limit: basic.css
[2025-11-20 18:38:51,589] multiqc                                            [DEBUG  ]  File ignored by longranger/invocation because it exceeded search pattern filesize limit: basic.css
[2025-11-20 18:38:51,605] multiqc                                            [DEBUG  ]  File ignored by nanostat because it exceeded search pattern filesize limit: basic.css
[2025-11-20 18:38:51,622] multiqc                                            [DEBUG  ]  File ignored by ccs/v4 because it exceeded search pattern filesize limit: doctools.js
[2025-11-20 18:38:51,623] multiqc                                            [DEBUG  ]  File ignored by hicexplorer because it exceeded search pattern filesize limit: doctools.js
[2025-11-20 18:38:51,623] multiqc                                            [DEBUG  ]  File ignored by lima/summary because it exceeded search pattern filesize limit: doctools.js
[2025-11-20 18:38:51,626] multiqc                                            [DEBUG  ]  File ignored by longranger/invocation because it exceeded search pattern filesize limit: doctools.js
[2025-11-20 18:38:51,639] multiqc                                            [DEBUG  ]  File ignored by nanostat because it exceeded search pattern filesize limit: doctools.js
[2025-11-20 18:38:51,652] multiqc                                            [DEBUG  ]  File ignored by ccs/v4 because it exceeded search pattern filesize limit: jquery.js
[2025-11-20 18:38:51,654] multiqc                                            [DEBUG  ]  File ignored by hicexplorer because it exceeded search pattern filesize limit: jquery.js
[2025-11-20 18:38:51,654] multiqc                                            [DEBUG  ]  File ignored by lima/summary because it exceeded search pattern filesize limit: jquery.js
[2025-11-20 18:38:51,657] multiqc                                            [DEBUG  ]  File ignored by longranger/invocation because it exceeded search pattern filesize limit: jquery.js
[2025-11-20 18:38:51,669] multiqc                                            [DEBUG  ]  File ignored by nanostat because it exceeded search pattern filesize limit: jquery.js
[2025-11-20 18:38:51,679] multiqc                                            [DEBUG  ]  File ignored by ccs/v4 because it exceeded search pattern filesize limit: pygments.css
[2025-11-20 18:38:51,681] multiqc                                            [DEBUG  ]  File ignored by lima/summary because it exceeded search pattern filesize limit: pygments.css
[2025-11-20 18:38:51,684] multiqc                                            [DEBUG  ]  File ignored by longranger/invocation because it exceeded search pattern filesize limit: pygments.css
[2025-11-20 18:38:51,712] multiqc                                            [DEBUG  ]  File ignored by ccs/v4 because it exceeded search pattern filesize limit: searchtools.js
[2025-11-20 18:38:51,714] multiqc                                            [DEBUG  ]  File ignored by hicexplorer because it exceeded search pattern filesize limit: searchtools.js
[2025-11-20 18:38:51,714] multiqc                                            [DEBUG  ]  File ignored by lima/summary because it exceeded search pattern filesize limit: searchtools.js
[2025-11-20 18:38:51,717] multiqc                                            [DEBUG  ]  File ignored by longranger/invocation because it exceeded search pattern filesize limit: searchtools.js
[2025-11-20 18:38:51,736] multiqc                                            [DEBUG  ]  File ignored by nanostat because it exceeded search pattern filesize limit: searchtools.js
[2025-11-20 18:38:51,744] multiqc                                            [DEBUG  ]  File ignored by ccs/v4 because it exceeded search pattern filesize limit: underscore.js
[2025-11-20 18:38:51,746] multiqc                                            [DEBUG  ]  File ignored by hicexplorer because it exceeded search pattern filesize limit: underscore.js
[2025-11-20 18:38:51,746] multiqc                                            [DEBUG  ]  File ignored by lima/summary because it exceeded search pattern filesize limit: underscore.js
[2025-11-20 18:38:51,749] multiqc                                            [DEBUG  ]  File ignored by longranger/invocation because it exceeded search pattern filesize limit: underscore.js
[2025-11-20 18:38:51,754] multiqc                                            [DEBUG  ]  File ignored by nanostat because it exceeded search pattern filesize limit: underscore.js
[2025-11-20 18:38:51,765] multiqc                                            [DEBUG  ]  File ignored by ccs/v4 because it exceeded search pattern filesize limit: websupport.js
[2025-11-20 18:38:51,766] multiqc                                            [DEBUG  ]  File ignored by hicexplorer because it exceeded search pattern filesize limit: websupport.js
[2025-11-20 18:38:51,766] multiqc                                            [DEBUG  ]  File ignored by lima/summary because it exceeded search pattern filesize limit: websupport.js
[2025-11-20 18:38:51,769] multiqc                                            [DEBUG  ]  File ignored by longranger/invocation because it exceeded search pattern filesize limit: websupport.js
[2025-11-20 18:38:51,795] multiqc                                            [DEBUG  ]  File ignored by nanostat because it exceeded search pattern filesize limit: websupport.js
[2025-11-20 18:38:51,803] multiqc                                            [DEBUG  ]  File ignored by ccs/v4 because it exceeded search pattern filesize limit: coverage_profile_along_genes_(low).txt
[2025-11-20 18:38:51,805] multiqc                                            [DEBUG  ]  File ignored by lima/summary because it exceeded search pattern filesize limit: coverage_profile_along_genes_(low).txt
[2025-11-20 18:38:51,807] multiqc                                            [DEBUG  ]  File ignored by longranger/invocation because it exceeded search pattern filesize limit: coverage_profile_along_genes_(low).txt
[2025-11-20 18:38:51,819] multiqc                                            [DEBUG  ]  File ignored by ccs/v4 because it exceeded search pattern filesize limit: coverage_profile_along_genes_(high).txt
[2025-11-20 18:38:51,821] multiqc                                            [DEBUG  ]  File ignored by lima/summary because it exceeded search pattern filesize limit: coverage_profile_along_genes_(high).txt
[2025-11-20 18:38:51,824] multiqc                                            [DEBUG  ]  File ignored by longranger/invocation because it exceeded search pattern filesize limit: coverage_profile_along_genes_(high).txt
[2025-11-20 18:38:51,837] multiqc                                            [DEBUG  ]  File ignored by ccs/v4 because it exceeded search pattern filesize limit: qualimapReport.html
[2025-11-20 18:38:51,839] multiqc                                            [DEBUG  ]  File ignored by hicexplorer because it exceeded search pattern filesize limit: qualimapReport.html
[2025-11-20 18:38:51,839] multiqc                                            [DEBUG  ]  File ignored by lima/summary because it exceeded search pattern filesize limit: qualimapReport.html
[2025-11-20 18:38:51,845] multiqc                                            [DEBUG  ]  File ignored by longranger/invocation because it exceeded search pattern filesize limit: qualimapReport.html
[2025-11-20 18:38:51,857] multiqc                                            [DEBUG  ]  File ignored by nanostat because it exceeded search pattern filesize limit: qualimapReport.html
[2025-11-20 18:38:51,875] multiqc                                            [DEBUG  ]  File ignored by ccs/v4 because it exceeded search pattern filesize limit: agogo.css
[2025-11-20 18:38:51,877] multiqc                                            [DEBUG  ]  File ignored by hicexplorer because it exceeded search pattern filesize limit: agogo.css
[2025-11-20 18:38:51,877] multiqc                                            [DEBUG  ]  File ignored by lima/summary because it exceeded search pattern filesize limit: agogo.css
[2025-11-20 18:38:51,880] multiqc                                            [DEBUG  ]  File ignored by longranger/invocation because it exceeded search pattern filesize limit: agogo.css
[2025-11-20 18:38:51,894] multiqc                                            [DEBUG  ]  File ignored by nanostat because it exceeded search pattern filesize limit: agogo.css
[2025-11-20 18:38:51,902] multiqc                                            [DEBUG  ]  File ignored by ccs/v4 because it exceeded search pattern filesize limit: basic.css
[2025-11-20 18:38:51,904] multiqc                                            [DEBUG  ]  File ignored by hicexplorer because it exceeded search pattern filesize limit: basic.css
[2025-11-20 18:38:51,904] multiqc                                            [DEBUG  ]  File ignored by lima/summary because it exceeded search pattern filesize limit: basic.css
[2025-11-20 18:38:51,907] multiqc                                            [DEBUG  ]  File ignored by longranger/invocation because it exceeded search pattern filesize limit: basic.css
[2025-11-20 18:38:51,924] multiqc                                            [DEBUG  ]  File ignored by nanostat because it exceeded search pattern filesize limit: basic.css
[2025-11-20 18:38:51,940] multiqc                                            [DEBUG  ]  File ignored by ccs/v4 because it exceeded search pattern filesize limit: doctools.js
[2025-11-20 18:38:51,942] multiqc                                            [DEBUG  ]  File ignored by hicexplorer because it exceeded search pattern filesize limit: doctools.js
[2025-11-20 18:38:51,942] multiqc                                            [DEBUG  ]  File ignored by lima/summary because it exceeded search pattern filesize limit: doctools.js
[2025-11-20 18:38:51,948] multiqc                                            [DEBUG  ]  File ignored by longranger/invocation because it exceeded search pattern filesize limit: doctools.js
[2025-11-20 18:38:51,958] multiqc                                            [DEBUG  ]  File ignored by nanostat because it exceeded search pattern filesize limit: doctools.js
[2025-11-20 18:38:51,972] multiqc                                            [DEBUG  ]  File ignored by ccs/v4 because it exceeded search pattern filesize limit: jquery.js
[2025-11-20 18:38:51,973] multiqc                                            [DEBUG  ]  File ignored by hicexplorer because it exceeded search pattern filesize limit: jquery.js
[2025-11-20 18:38:51,974] multiqc                                            [DEBUG  ]  File ignored by lima/summary because it exceeded search pattern filesize limit: jquery.js
[2025-11-20 18:38:51,977] multiqc                                            [DEBUG  ]  File ignored by longranger/invocation because it exceeded search pattern filesize limit: jquery.js
[2025-11-20 18:38:51,989] multiqc                                            [DEBUG  ]  File ignored by nanostat because it exceeded search pattern filesize limit: jquery.js
[2025-11-20 18:38:51,999] multiqc                                            [DEBUG  ]  File ignored by ccs/v4 because it exceeded search pattern filesize limit: pygments.css
[2025-11-20 18:38:52,001] multiqc                                            [DEBUG  ]  File ignored by lima/summary because it exceeded search pattern filesize limit: pygments.css
[2025-11-20 18:38:52,003] multiqc                                            [DEBUG  ]  File ignored by longranger/invocation because it exceeded search pattern filesize limit: pygments.css
[2025-11-20 18:38:52,032] multiqc                                            [DEBUG  ]  File ignored by ccs/v4 because it exceeded search pattern filesize limit: searchtools.js
[2025-11-20 18:38:52,033] multiqc                                            [DEBUG  ]  File ignored by hicexplorer because it exceeded search pattern filesize limit: searchtools.js
[2025-11-20 18:38:52,034] multiqc                                            [DEBUG  ]  File ignored by lima/summary because it exceeded search pattern filesize limit: searchtools.js
[2025-11-20 18:38:52,037] multiqc                                            [DEBUG  ]  File ignored by longranger/invocation because it exceeded search pattern filesize limit: searchtools.js
[2025-11-20 18:38:52,058] multiqc                                            [DEBUG  ]  File ignored by nanostat because it exceeded search pattern filesize limit: searchtools.js
[2025-11-20 18:38:52,065] multiqc                                            [DEBUG  ]  File ignored by ccs/v4 because it exceeded search pattern filesize limit: underscore.js
[2025-11-20 18:38:52,066] multiqc                                            [DEBUG  ]  File ignored by hicexplorer because it exceeded search pattern filesize limit: underscore.js
[2025-11-20 18:38:52,066] multiqc                                            [DEBUG  ]  File ignored by lima/summary because it exceeded search pattern filesize limit: underscore.js
[2025-11-20 18:38:52,069] multiqc                                            [DEBUG  ]  File ignored by longranger/invocation because it exceeded search pattern filesize limit: underscore.js
[2025-11-20 18:38:52,075] multiqc                                            [DEBUG  ]  File ignored by nanostat because it exceeded search pattern filesize limit: underscore.js
[2025-11-20 18:38:52,085] multiqc                                            [DEBUG  ]  File ignored by ccs/v4 because it exceeded search pattern filesize limit: websupport.js
[2025-11-20 18:38:52,087] multiqc                                            [DEBUG  ]  File ignored by hicexplorer because it exceeded search pattern filesize limit: websupport.js
[2025-11-20 18:38:52,087] multiqc                                            [DEBUG  ]  File ignored by lima/summary because it exceeded search pattern filesize limit: websupport.js
[2025-11-20 18:38:52,090] multiqc                                            [DEBUG  ]  File ignored by longranger/invocation because it exceeded search pattern filesize limit: websupport.js
[2025-11-20 18:38:52,115] multiqc                                            [DEBUG  ]  File ignored by nanostat because it exceeded search pattern filesize limit: websupport.js
[2025-11-20 18:38:52,123] multiqc                                            [DEBUG  ]  File ignored by ccs/v4 because it exceeded search pattern filesize limit: coverage_profile_along_genes_(low).txt
[2025-11-20 18:38:52,125] multiqc                                            [DEBUG  ]  File ignored by lima/summary because it exceeded search pattern filesize limit: coverage_profile_along_genes_(low).txt
[2025-11-20 18:38:52,128] multiqc                                            [DEBUG  ]  File ignored by longranger/invocation because it exceeded search pattern filesize limit: coverage_profile_along_genes_(low).txt
[2025-11-20 18:38:52,139] multiqc                                            [DEBUG  ]  File ignored by ccs/v4 because it exceeded search pattern filesize limit: coverage_profile_along_genes_(high).txt
[2025-11-20 18:38:52,141] multiqc                                            [DEBUG  ]  File ignored by lima/summary because it exceeded search pattern filesize limit: coverage_profile_along_genes_(high).txt
[2025-11-20 18:38:52,144] multiqc                                            [DEBUG  ]  File ignored by longranger/invocation because it exceeded search pattern filesize limit: coverage_profile_along_genes_(high).txt
[2025-11-20 18:38:52,160] multiqc                                            [DEBUG  ]  File ignored by ccs/v4 because it exceeded search pattern filesize limit: qualimapReport.html
[2025-11-20 18:38:52,161] multiqc                                            [DEBUG  ]  File ignored by hicexplorer because it exceeded search pattern filesize limit: qualimapReport.html
[2025-11-20 18:38:52,161] multiqc                                            [DEBUG  ]  File ignored by lima/summary because it exceeded search pattern filesize limit: qualimapReport.html
[2025-11-20 18:38:52,164] multiqc                                            [DEBUG  ]  File ignored by longranger/invocation because it exceeded search pattern filesize limit: qualimapReport.html
[2025-11-20 18:38:52,176] multiqc                                            [DEBUG  ]  File ignored by nanostat because it exceeded search pattern filesize limit: qualimapReport.html
[2025-11-20 18:38:52,195] multiqc                                            [DEBUG  ]  File ignored by ccs/v4 because it exceeded search pattern filesize limit: agogo.css
[2025-11-20 18:38:52,197] multiqc                                            [DEBUG  ]  File ignored by hicexplorer because it exceeded search pattern filesize limit: agogo.css
[2025-11-20 18:38:52,197] multiqc                                            [DEBUG  ]  File ignored by lima/summary because it exceeded search pattern filesize limit: agogo.css
[2025-11-20 18:38:52,200] multiqc                                            [DEBUG  ]  File ignored by longranger/invocation because it exceeded search pattern filesize limit: agogo.css
[2025-11-20 18:38:52,214] multiqc                                            [DEBUG  ]  File ignored by nanostat because it exceeded search pattern filesize limit: agogo.css
[2025-11-20 18:38:52,222] multiqc                                            [DEBUG  ]  File ignored by ccs/v4 because it exceeded search pattern filesize limit: basic.css
[2025-11-20 18:38:52,224] multiqc                                            [DEBUG  ]  File ignored by hicexplorer because it exceeded search pattern filesize limit: basic.css
[2025-11-20 18:38:52,224] multiqc                                            [DEBUG  ]  File ignored by lima/summary because it exceeded search pattern filesize limit: basic.css
[2025-11-20 18:38:52,227] multiqc                                            [DEBUG  ]  File ignored by longranger/invocation because it exceeded search pattern filesize limit: basic.css
[2025-11-20 18:38:52,243] multiqc                                            [DEBUG  ]  File ignored by nanostat because it exceeded search pattern filesize limit: basic.css
[2025-11-20 18:38:52,263] multiqc                                            [DEBUG  ]  File ignored by ccs/v4 because it exceeded search pattern filesize limit: doctools.js
[2025-11-20 18:38:52,264] multiqc                                            [DEBUG  ]  File ignored by hicexplorer because it exceeded search pattern filesize limit: doctools.js
[2025-11-20 18:38:52,264] multiqc                                            [DEBUG  ]  File ignored by lima/summary because it exceeded search pattern filesize limit: doctools.js
[2025-11-20 18:38:52,267] multiqc                                            [DEBUG  ]  File ignored by longranger/invocation because it exceeded search pattern filesize limit: doctools.js
[2025-11-20 18:38:52,277] multiqc                                            [DEBUG  ]  File ignored by nanostat because it exceeded search pattern filesize limit: doctools.js
[2025-11-20 18:38:52,291] multiqc                                            [DEBUG  ]  File ignored by ccs/v4 because it exceeded search pattern filesize limit: jquery.js
[2025-11-20 18:38:52,293] multiqc                                            [DEBUG  ]  File ignored by hicexplorer because it exceeded search pattern filesize limit: jquery.js
[2025-11-20 18:38:52,293] multiqc                                            [DEBUG  ]  File ignored by lima/summary because it exceeded search pattern filesize limit: jquery.js
[2025-11-20 18:38:52,296] multiqc                                            [DEBUG  ]  File ignored by longranger/invocation because it exceeded search pattern filesize limit: jquery.js
[2025-11-20 18:38:52,308] multiqc                                            [DEBUG  ]  File ignored by nanostat because it exceeded search pattern filesize limit: jquery.js
[2025-11-20 18:38:52,318] multiqc                                            [DEBUG  ]  File ignored by ccs/v4 because it exceeded search pattern filesize limit: pygments.css
[2025-11-20 18:38:52,320] multiqc                                            [DEBUG  ]  File ignored by lima/summary because it exceeded search pattern filesize limit: pygments.css
[2025-11-20 18:38:52,323] multiqc                                            [DEBUG  ]  File ignored by longranger/invocation because it exceeded search pattern filesize limit: pygments.css
[2025-11-20 18:38:52,351] multiqc                                            [DEBUG  ]  File ignored by ccs/v4 because it exceeded search pattern filesize limit: searchtools.js
[2025-11-20 18:38:52,353] multiqc                                            [DEBUG  ]  File ignored by hicexplorer because it exceeded search pattern filesize limit: searchtools.js
[2025-11-20 18:38:52,353] multiqc                                            [DEBUG  ]  File ignored by lima/summary because it exceeded search pattern filesize limit: searchtools.js
[2025-11-20 18:38:52,356] multiqc                                            [DEBUG  ]  File ignored by longranger/invocation because it exceeded search pattern filesize limit: searchtools.js
[2025-11-20 18:38:52,378] multiqc                                            [DEBUG  ]  File ignored by nanostat because it exceeded search pattern filesize limit: searchtools.js
[2025-11-20 18:38:52,385] multiqc                                            [DEBUG  ]  File ignored by ccs/v4 because it exceeded search pattern filesize limit: underscore.js
[2025-11-20 18:38:52,386] multiqc                                            [DEBUG  ]  File ignored by hicexplorer because it exceeded search pattern filesize limit: underscore.js
[2025-11-20 18:38:52,386] multiqc                                            [DEBUG  ]  File ignored by lima/summary because it exceeded search pattern filesize limit: underscore.js
[2025-11-20 18:38:52,389] multiqc                                            [DEBUG  ]  File ignored by longranger/invocation because it exceeded search pattern filesize limit: underscore.js
[2025-11-20 18:38:52,395] multiqc                                            [DEBUG  ]  File ignored by nanostat because it exceeded search pattern filesize limit: underscore.js
[2025-11-20 18:38:52,405] multiqc                                            [DEBUG  ]  File ignored by ccs/v4 because it exceeded search pattern filesize limit: websupport.js
[2025-11-20 18:38:52,407] multiqc                                            [DEBUG  ]  File ignored by hicexplorer because it exceeded search pattern filesize limit: websupport.js
[2025-11-20 18:38:52,407] multiqc                                            [DEBUG  ]  File ignored by lima/summary because it exceeded search pattern filesize limit: websupport.js
[2025-11-20 18:38:52,410] multiqc                                            [DEBUG  ]  File ignored by longranger/invocation because it exceeded search pattern filesize limit: websupport.js
[2025-11-20 18:38:52,435] multiqc                                            [DEBUG  ]  File ignored by nanostat because it exceeded search pattern filesize limit: websupport.js
[2025-11-20 18:38:52,443] multiqc                                            [DEBUG  ]  File ignored by ccs/v4 because it exceeded search pattern filesize limit: coverage_profile_along_genes_(low).txt
[2025-11-20 18:38:52,444] multiqc                                            [DEBUG  ]  File ignored by lima/summary because it exceeded search pattern filesize limit: coverage_profile_along_genes_(low).txt
[2025-11-20 18:38:52,447] multiqc                                            [DEBUG  ]  File ignored by longranger/invocation because it exceeded search pattern filesize limit: coverage_profile_along_genes_(low).txt
[2025-11-20 18:38:52,459] multiqc                                            [DEBUG  ]  File ignored by ccs/v4 because it exceeded search pattern filesize limit: coverage_profile_along_genes_(high).txt
[2025-11-20 18:38:52,461] multiqc                                            [DEBUG  ]  File ignored by lima/summary because it exceeded search pattern filesize limit: coverage_profile_along_genes_(high).txt
[2025-11-20 18:38:52,467] multiqc                                            [DEBUG  ]  File ignored by longranger/invocation because it exceeded search pattern filesize limit: coverage_profile_along_genes_(high).txt
[2025-11-20 18:38:52,483] multiqc                                            [DEBUG  ]  File ignored by ccs/v4 because it exceeded search pattern filesize limit: qualimapReport.html
[2025-11-20 18:38:52,485] multiqc                                            [DEBUG  ]  File ignored by hicexplorer because it exceeded search pattern filesize limit: qualimapReport.html
[2025-11-20 18:38:52,485] multiqc                                            [DEBUG  ]  File ignored by lima/summary because it exceeded search pattern filesize limit: qualimapReport.html
[2025-11-20 18:38:52,488] multiqc                                            [DEBUG  ]  File ignored by longranger/invocation because it exceeded search pattern filesize limit: qualimapReport.html
[2025-11-20 18:38:52,500] multiqc                                            [DEBUG  ]  File ignored by nanostat because it exceeded search pattern filesize limit: qualimapReport.html
[2025-11-20 18:38:52,518] multiqc                                            [DEBUG  ]  File ignored by ccs/v4 because it exceeded search pattern filesize limit: agogo.css
[2025-11-20 18:38:52,520] multiqc                                            [DEBUG  ]  File ignored by hicexplorer because it exceeded search pattern filesize limit: agogo.css
[2025-11-20 18:38:52,520] multiqc                                            [DEBUG  ]  File ignored by lima/summary because it exceeded search pattern filesize limit: agogo.css
[2025-11-20 18:38:52,523] multiqc                                            [DEBUG  ]  File ignored by longranger/invocation because it exceeded search pattern filesize limit: agogo.css
[2025-11-20 18:38:52,537] multiqc                                            [DEBUG  ]  File ignored by nanostat because it exceeded search pattern filesize limit: agogo.css
[2025-11-20 18:38:52,546] multiqc                                            [DEBUG  ]  File ignored by ccs/v4 because it exceeded search pattern filesize limit: basic.css
[2025-11-20 18:38:52,547] multiqc                                            [DEBUG  ]  File ignored by hicexplorer because it exceeded search pattern filesize limit: basic.css
[2025-11-20 18:38:52,547] multiqc                                            [DEBUG  ]  File ignored by lima/summary because it exceeded search pattern filesize limit: basic.css
[2025-11-20 18:38:52,550] multiqc                                            [DEBUG  ]  File ignored by longranger/invocation because it exceeded search pattern filesize limit: basic.css
[2025-11-20 18:38:52,574] multiqc                                            [DEBUG  ]  File ignored by nanostat because it exceeded search pattern filesize limit: basic.css
[2025-11-20 18:38:52,591] multiqc                                            [DEBUG  ]  File ignored by ccs/v4 because it exceeded search pattern filesize limit: doctools.js
[2025-11-20 18:38:52,593] multiqc                                            [DEBUG  ]  File ignored by hicexplorer because it exceeded search pattern filesize limit: doctools.js
[2025-11-20 18:38:52,593] multiqc                                            [DEBUG  ]  File ignored by lima/summary because it exceeded search pattern filesize limit: doctools.js
[2025-11-20 18:38:52,596] multiqc                                            [DEBUG  ]  File ignored by longranger/invocation because it exceeded search pattern filesize limit: doctools.js
[2025-11-20 18:38:52,606] multiqc                                            [DEBUG  ]  File ignored by nanostat because it exceeded search pattern filesize limit: doctools.js
[2025-11-20 18:38:52,619] multiqc                                            [DEBUG  ]  File ignored by ccs/v4 because it exceeded search pattern filesize limit: jquery.js
[2025-11-20 18:38:52,621] multiqc                                            [DEBUG  ]  File ignored by hicexplorer because it exceeded search pattern filesize limit: jquery.js
[2025-11-20 18:38:52,621] multiqc                                            [DEBUG  ]  File ignored by lima/summary because it exceeded search pattern filesize limit: jquery.js
[2025-11-20 18:38:52,624] multiqc                                            [DEBUG  ]  File ignored by longranger/invocation because it exceeded search pattern filesize limit: jquery.js
[2025-11-20 18:38:52,637] multiqc                                            [DEBUG  ]  File ignored by nanostat because it exceeded search pattern filesize limit: jquery.js
[2025-11-20 18:38:52,647] multiqc                                            [DEBUG  ]  File ignored by ccs/v4 because it exceeded search pattern filesize limit: pygments.css
[2025-11-20 18:38:52,649] multiqc                                            [DEBUG  ]  File ignored by lima/summary because it exceeded search pattern filesize limit: pygments.css
[2025-11-20 18:38:52,652] multiqc                                            [DEBUG  ]  File ignored by longranger/invocation because it exceeded search pattern filesize limit: pygments.css
[2025-11-20 18:38:52,683] multiqc                                            [DEBUG  ]  File ignored by ccs/v4 because it exceeded search pattern filesize limit: searchtools.js
[2025-11-20 18:38:52,684] multiqc                                            [DEBUG  ]  File ignored by hicexplorer because it exceeded search pattern filesize limit: searchtools.js
[2025-11-20 18:38:52,684] multiqc                                            [DEBUG  ]  File ignored by lima/summary because it exceeded search pattern filesize limit: searchtools.js
[2025-11-20 18:38:52,687] multiqc                                            [DEBUG  ]  File ignored by longranger/invocation because it exceeded search pattern filesize limit: searchtools.js
[2025-11-20 18:38:52,706] multiqc                                            [DEBUG  ]  File ignored by nanostat because it exceeded search pattern filesize limit: searchtools.js
[2025-11-20 18:38:52,712] multiqc                                            [DEBUG  ]  File ignored by ccs/v4 because it exceeded search pattern filesize limit: underscore.js
[2025-11-20 18:38:52,713] multiqc                                            [DEBUG  ]  File ignored by hicexplorer because it exceeded search pattern filesize limit: underscore.js
[2025-11-20 18:38:52,714] multiqc                                            [DEBUG  ]  File ignored by lima/summary because it exceeded search pattern filesize limit: underscore.js
[2025-11-20 18:38:52,716] multiqc                                            [DEBUG  ]  File ignored by longranger/invocation because it exceeded search pattern filesize limit: underscore.js
[2025-11-20 18:38:52,722] multiqc                                            [DEBUG  ]  File ignored by nanostat because it exceeded search pattern filesize limit: underscore.js
[2025-11-20 18:38:52,732] multiqc                                            [DEBUG  ]  File ignored by ccs/v4 because it exceeded search pattern filesize limit: websupport.js
[2025-11-20 18:38:52,734] multiqc                                            [DEBUG  ]  File ignored by hicexplorer because it exceeded search pattern filesize limit: websupport.js
[2025-11-20 18:38:52,734] multiqc                                            [DEBUG  ]  File ignored by lima/summary because it exceeded search pattern filesize limit: websupport.js
[2025-11-20 18:38:52,737] multiqc                                            [DEBUG  ]  File ignored by longranger/invocation because it exceeded search pattern filesize limit: websupport.js
[2025-11-20 18:38:52,762] multiqc                                            [DEBUG  ]  File ignored by nanostat because it exceeded search pattern filesize limit: websupport.js
[2025-11-20 18:38:52,770] multiqc                                            [DEBUG  ]  File ignored by ccs/v4 because it exceeded search pattern filesize limit: coverage_profile_along_genes_(low).txt
[2025-11-20 18:38:52,771] multiqc                                            [DEBUG  ]  File ignored by lima/summary because it exceeded search pattern filesize limit: coverage_profile_along_genes_(low).txt
[2025-11-20 18:38:52,774] multiqc                                            [DEBUG  ]  File ignored by longranger/invocation because it exceeded search pattern filesize limit: coverage_profile_along_genes_(low).txt
[2025-11-20 18:38:52,789] multiqc                                            [DEBUG  ]  File ignored by ccs/v4 because it exceeded search pattern filesize limit: coverage_profile_along_genes_(high).txt
[2025-11-20 18:38:52,791] multiqc                                            [DEBUG  ]  File ignored by lima/summary because it exceeded search pattern filesize limit: coverage_profile_along_genes_(high).txt
[2025-11-20 18:38:52,794] multiqc                                            [DEBUG  ]  File ignored by longranger/invocation because it exceeded search pattern filesize limit: coverage_profile_along_genes_(high).txt
[2025-11-20 18:38:52,807] multiqc                                            [DEBUG  ]  File ignored by ccs/v4 because it exceeded search pattern filesize limit: qualimapReport.html
[2025-11-20 18:38:52,808] multiqc                                            [DEBUG  ]  File ignored by hicexplorer because it exceeded search pattern filesize limit: qualimapReport.html
[2025-11-20 18:38:52,808] multiqc                                            [DEBUG  ]  File ignored by lima/summary because it exceeded search pattern filesize limit: qualimapReport.html
[2025-11-20 18:38:52,811] multiqc                                            [DEBUG  ]  File ignored by longranger/invocation because it exceeded search pattern filesize limit: qualimapReport.html
[2025-11-20 18:38:52,823] multiqc                                            [DEBUG  ]  File ignored by nanostat because it exceeded search pattern filesize limit: qualimapReport.html
[2025-11-20 18:38:52,841] multiqc                                            [DEBUG  ]  File ignored by ccs/v4 because it exceeded search pattern filesize limit: agogo.css
[2025-11-20 18:38:52,843] multiqc                                            [DEBUG  ]  File ignored by hicexplorer because it exceeded search pattern filesize limit: agogo.css
[2025-11-20 18:38:52,843] multiqc                                            [DEBUG  ]  File ignored by lima/summary because it exceeded search pattern filesize limit: agogo.css
[2025-11-20 18:38:52,846] multiqc                                            [DEBUG  ]  File ignored by longranger/invocation because it exceeded search pattern filesize limit: agogo.css
[2025-11-20 18:38:52,860] multiqc                                            [DEBUG  ]  File ignored by nanostat because it exceeded search pattern filesize limit: agogo.css
[2025-11-20 18:38:52,869] multiqc                                            [DEBUG  ]  File ignored by ccs/v4 because it exceeded search pattern filesize limit: basic.css
[2025-11-20 18:38:52,870] multiqc                                            [DEBUG  ]  File ignored by hicexplorer because it exceeded search pattern filesize limit: basic.css
[2025-11-20 18:38:52,870] multiqc                                            [DEBUG  ]  File ignored by lima/summary because it exceeded search pattern filesize limit: basic.css
[2025-11-20 18:38:52,873] multiqc                                            [DEBUG  ]  File ignored by longranger/invocation because it exceeded search pattern filesize limit: basic.css
[2025-11-20 18:38:52,893] multiqc                                            [DEBUG  ]  File ignored by nanostat because it exceeded search pattern filesize limit: basic.css
[2025-11-20 18:38:52,910] multiqc                                            [DEBUG  ]  File ignored by ccs/v4 because it exceeded search pattern filesize limit: doctools.js
[2025-11-20 18:38:52,911] multiqc                                            [DEBUG  ]  File ignored by hicexplorer because it exceeded search pattern filesize limit: doctools.js
[2025-11-20 18:38:52,912] multiqc                                            [DEBUG  ]  File ignored by lima/summary because it exceeded search pattern filesize limit: doctools.js
[2025-11-20 18:38:52,914] multiqc                                            [DEBUG  ]  File ignored by longranger/invocation because it exceeded search pattern filesize limit: doctools.js
[2025-11-20 18:38:52,924] multiqc                                            [DEBUG  ]  File ignored by nanostat because it exceeded search pattern filesize limit: doctools.js
[2025-11-20 18:38:52,938] multiqc                                            [DEBUG  ]  File ignored by ccs/v4 because it exceeded search pattern filesize limit: jquery.js
[2025-11-20 18:38:52,940] multiqc                                            [DEBUG  ]  File ignored by hicexplorer because it exceeded search pattern filesize limit: jquery.js
[2025-11-20 18:38:52,940] multiqc                                            [DEBUG  ]  File ignored by lima/summary because it exceeded search pattern filesize limit: jquery.js
[2025-11-20 18:38:52,943] multiqc                                            [DEBUG  ]  File ignored by longranger/invocation because it exceeded search pattern filesize limit: jquery.js
[2025-11-20 18:38:52,955] multiqc                                            [DEBUG  ]  File ignored by nanostat because it exceeded search pattern filesize limit: jquery.js
[2025-11-20 18:38:52,965] multiqc                                            [DEBUG  ]  File ignored by ccs/v4 because it exceeded search pattern filesize limit: pygments.css
[2025-11-20 18:38:52,967] multiqc                                            [DEBUG  ]  File ignored by lima/summary because it exceeded search pattern filesize limit: pygments.css
[2025-11-20 18:38:52,970] multiqc                                            [DEBUG  ]  File ignored by longranger/invocation because it exceeded search pattern filesize limit: pygments.css
[2025-11-20 18:38:53,001] multiqc                                            [DEBUG  ]  File ignored by ccs/v4 because it exceeded search pattern filesize limit: searchtools.js
[2025-11-20 18:38:53,003] multiqc                                            [DEBUG  ]  File ignored by hicexplorer because it exceeded search pattern filesize limit: searchtools.js
[2025-11-20 18:38:53,003] multiqc                                            [DEBUG  ]  File ignored by lima/summary because it exceeded search pattern filesize limit: searchtools.js
[2025-11-20 18:38:53,006] multiqc                                            [DEBUG  ]  File ignored by longranger/invocation because it exceeded search pattern filesize limit: searchtools.js
[2025-11-20 18:38:53,025] multiqc                                            [DEBUG  ]  File ignored by nanostat because it exceeded search pattern filesize limit: searchtools.js
[2025-11-20 18:38:53,031] multiqc                                            [DEBUG  ]  File ignored by ccs/v4 because it exceeded search pattern filesize limit: underscore.js
[2025-11-20 18:38:53,033] multiqc                                            [DEBUG  ]  File ignored by hicexplorer because it exceeded search pattern filesize limit: underscore.js
[2025-11-20 18:38:53,033] multiqc                                            [DEBUG  ]  File ignored by lima/summary because it exceeded search pattern filesize limit: underscore.js
[2025-11-20 18:38:53,036] multiqc                                            [DEBUG  ]  File ignored by longranger/invocation because it exceeded search pattern filesize limit: underscore.js
[2025-11-20 18:38:53,041] multiqc                                            [DEBUG  ]  File ignored by nanostat because it exceeded search pattern filesize limit: underscore.js
[2025-11-20 18:38:53,052] multiqc                                            [DEBUG  ]  File ignored by ccs/v4 because it exceeded search pattern filesize limit: websupport.js
[2025-11-20 18:38:53,053] multiqc                                            [DEBUG  ]  File ignored by hicexplorer because it exceeded search pattern filesize limit: websupport.js
[2025-11-20 18:38:53,053] multiqc                                            [DEBUG  ]  File ignored by lima/summary because it exceeded search pattern filesize limit: websupport.js
[2025-11-20 18:38:53,057] multiqc                                            [DEBUG  ]  File ignored by longranger/invocation because it exceeded search pattern filesize limit: websupport.js
[2025-11-20 18:38:53,082] multiqc                                            [DEBUG  ]  File ignored by nanostat because it exceeded search pattern filesize limit: websupport.js
[2025-11-20 18:38:53,092] multiqc                                            [DEBUG  ]  File ignored by ccs/v4 because it exceeded search pattern filesize limit: coverage_profile_along_genes_(low).txt
[2025-11-20 18:38:53,094] multiqc                                            [DEBUG  ]  File ignored by lima/summary because it exceeded search pattern filesize limit: coverage_profile_along_genes_(low).txt
[2025-11-20 18:38:53,097] multiqc                                            [DEBUG  ]  File ignored by longranger/invocation because it exceeded search pattern filesize limit: coverage_profile_along_genes_(low).txt
[2025-11-20 18:38:53,109] multiqc                                            [DEBUG  ]  File ignored by ccs/v4 because it exceeded search pattern filesize limit: coverage_profile_along_genes_(high).txt
[2025-11-20 18:38:53,111] multiqc                                            [DEBUG  ]  File ignored by lima/summary because it exceeded search pattern filesize limit: coverage_profile_along_genes_(high).txt
[2025-11-20 18:38:53,114] multiqc                                            [DEBUG  ]  File ignored by longranger/invocation because it exceeded search pattern filesize limit: coverage_profile_along_genes_(high).txt
[2025-11-20 18:38:53,127] multiqc                                            [DEBUG  ]  File ignored by ccs/v4 because it exceeded search pattern filesize limit: qualimapReport.html
[2025-11-20 18:38:53,128] multiqc                                            [DEBUG  ]  File ignored by hicexplorer because it exceeded search pattern filesize limit: qualimapReport.html
[2025-11-20 18:38:53,129] multiqc                                            [DEBUG  ]  File ignored by lima/summary because it exceeded search pattern filesize limit: qualimapReport.html
[2025-11-20 18:38:53,132] multiqc                                            [DEBUG  ]  File ignored by longranger/invocation because it exceeded search pattern filesize limit: qualimapReport.html
[2025-11-20 18:38:53,143] multiqc                                            [DEBUG  ]  File ignored by nanostat because it exceeded search pattern filesize limit: qualimapReport.html
[2025-11-20 18:38:53,162] multiqc                                            [DEBUG  ]  File ignored by ccs/v4 because it exceeded search pattern filesize limit: agogo.css
[2025-11-20 18:38:53,164] multiqc                                            [DEBUG  ]  File ignored by hicexplorer because it exceeded search pattern filesize limit: agogo.css
[2025-11-20 18:38:53,164] multiqc                                            [DEBUG  ]  File ignored by lima/summary because it exceeded search pattern filesize limit: agogo.css
[2025-11-20 18:38:53,167] multiqc                                            [DEBUG  ]  File ignored by longranger/invocation because it exceeded search pattern filesize limit: agogo.css
[2025-11-20 18:38:53,181] multiqc                                            [DEBUG  ]  File ignored by nanostat because it exceeded search pattern filesize limit: agogo.css
[2025-11-20 18:38:53,189] multiqc                                            [DEBUG  ]  File ignored by ccs/v4 because it exceeded search pattern filesize limit: basic.css
[2025-11-20 18:38:53,191] multiqc                                            [DEBUG  ]  File ignored by hicexplorer because it exceeded search pattern filesize limit: basic.css
[2025-11-20 18:38:53,191] multiqc                                            [DEBUG  ]  File ignored by lima/summary because it exceeded search pattern filesize limit: basic.css
[2025-11-20 18:38:53,197] multiqc                                            [DEBUG  ]  File ignored by longranger/invocation because it exceeded search pattern filesize limit: basic.css
[2025-11-20 18:38:53,213] multiqc                                            [DEBUG  ]  File ignored by nanostat because it exceeded search pattern filesize limit: basic.css
[2025-11-20 18:38:53,230] multiqc                                            [DEBUG  ]  File ignored by ccs/v4 because it exceeded search pattern filesize limit: doctools.js
[2025-11-20 18:38:53,232] multiqc                                            [DEBUG  ]  File ignored by hicexplorer because it exceeded search pattern filesize limit: doctools.js
[2025-11-20 18:38:53,232] multiqc                                            [DEBUG  ]  File ignored by lima/summary because it exceeded search pattern filesize limit: doctools.js
[2025-11-20 18:38:53,235] multiqc                                            [DEBUG  ]  File ignored by longranger/invocation because it exceeded search pattern filesize limit: doctools.js
[2025-11-20 18:38:53,245] multiqc                                            [DEBUG  ]  File ignored by nanostat because it exceeded search pattern filesize limit: doctools.js
[2025-11-20 18:38:53,258] multiqc                                            [DEBUG  ]  File ignored by ccs/v4 because it exceeded search pattern filesize limit: jquery.js
[2025-11-20 18:38:53,260] multiqc                                            [DEBUG  ]  File ignored by hicexplorer because it exceeded search pattern filesize limit: jquery.js
[2025-11-20 18:38:53,260] multiqc                                            [DEBUG  ]  File ignored by lima/summary because it exceeded search pattern filesize limit: jquery.js
[2025-11-20 18:38:53,263] multiqc                                            [DEBUG  ]  File ignored by longranger/invocation because it exceeded search pattern filesize limit: jquery.js
[2025-11-20 18:38:53,280] multiqc                                            [DEBUG  ]  File ignored by nanostat because it exceeded search pattern filesize limit: jquery.js
[2025-11-20 18:38:53,293] multiqc                                            [DEBUG  ]  File ignored by ccs/v4 because it exceeded search pattern filesize limit: pygments.css
[2025-11-20 18:38:53,298] multiqc                                            [DEBUG  ]  File ignored by lima/summary because it exceeded search pattern filesize limit: pygments.css
[2025-11-20 18:38:53,301] multiqc                                            [DEBUG  ]  File ignored by longranger/invocation because it exceeded search pattern filesize limit: pygments.css
[2025-11-20 18:38:53,329] multiqc                                            [DEBUG  ]  File ignored by ccs/v4 because it exceeded search pattern filesize limit: searchtools.js
[2025-11-20 18:38:53,331] multiqc                                            [DEBUG  ]  File ignored by hicexplorer because it exceeded search pattern filesize limit: searchtools.js
[2025-11-20 18:38:53,331] multiqc                                            [DEBUG  ]  File ignored by lima/summary because it exceeded search pattern filesize limit: searchtools.js
[2025-11-20 18:38:53,336] multiqc                                            [DEBUG  ]  File ignored by longranger/invocation because it exceeded search pattern filesize limit: searchtools.js
[2025-11-20 18:38:53,358] multiqc                                            [DEBUG  ]  File ignored by nanostat because it exceeded search pattern filesize limit: searchtools.js
[2025-11-20 18:38:53,364] multiqc                                            [DEBUG  ]  File ignored by ccs/v4 because it exceeded search pattern filesize limit: underscore.js
[2025-11-20 18:38:53,366] multiqc                                            [DEBUG  ]  File ignored by hicexplorer because it exceeded search pattern filesize limit: underscore.js
[2025-11-20 18:38:53,366] multiqc                                            [DEBUG  ]  File ignored by lima/summary because it exceeded search pattern filesize limit: underscore.js
[2025-11-20 18:38:53,369] multiqc                                            [DEBUG  ]  File ignored by longranger/invocation because it exceeded search pattern filesize limit: underscore.js
[2025-11-20 18:38:53,376] multiqc                                            [DEBUG  ]  File ignored by nanostat because it exceeded search pattern filesize limit: underscore.js
[2025-11-20 18:38:53,387] multiqc                                            [DEBUG  ]  File ignored by ccs/v4 because it exceeded search pattern filesize limit: websupport.js
[2025-11-20 18:38:53,388] multiqc                                            [DEBUG  ]  File ignored by hicexplorer because it exceeded search pattern filesize limit: websupport.js
[2025-11-20 18:38:53,388] multiqc                                            [DEBUG  ]  File ignored by lima/summary because it exceeded search pattern filesize limit: websupport.js
[2025-11-20 18:38:53,391] multiqc                                            [DEBUG  ]  File ignored by longranger/invocation because it exceeded search pattern filesize limit: websupport.js
[2025-11-20 18:38:53,420] multiqc                                            [DEBUG  ]  File ignored by nanostat because it exceeded search pattern filesize limit: websupport.js
[2025-11-20 18:38:53,427] multiqc                                            [DEBUG  ]  File ignored by ccs/v4 because it exceeded search pattern filesize limit: coverage_profile_along_genes_(low).txt
[2025-11-20 18:38:53,429] multiqc                                            [DEBUG  ]  File ignored by lima/summary because it exceeded search pattern filesize limit: coverage_profile_along_genes_(low).txt
[2025-11-20 18:38:53,432] multiqc                                            [DEBUG  ]  File ignored by longranger/invocation because it exceeded search pattern filesize limit: coverage_profile_along_genes_(low).txt
[2025-11-20 18:38:53,444] multiqc                                            [DEBUG  ]  File ignored by ccs/v4 because it exceeded search pattern filesize limit: coverage_profile_along_genes_(high).txt
[2025-11-20 18:38:53,446] multiqc                                            [DEBUG  ]  File ignored by lima/summary because it exceeded search pattern filesize limit: coverage_profile_along_genes_(high).txt
[2025-11-20 18:38:53,449] multiqc                                            [DEBUG  ]  File ignored by longranger/invocation because it exceeded search pattern filesize limit: coverage_profile_along_genes_(high).txt
[2025-11-20 18:38:53,462] multiqc                                            [DEBUG  ]  File ignored by ccs/v4 because it exceeded search pattern filesize limit: qualimapReport.html
[2025-11-20 18:38:53,463] multiqc                                            [DEBUG  ]  File ignored by hicexplorer because it exceeded search pattern filesize limit: qualimapReport.html
[2025-11-20 18:38:53,463] multiqc                                            [DEBUG  ]  File ignored by lima/summary because it exceeded search pattern filesize limit: qualimapReport.html
[2025-11-20 18:38:53,466] multiqc                                            [DEBUG  ]  File ignored by longranger/invocation because it exceeded search pattern filesize limit: qualimapReport.html
[2025-11-20 18:38:53,478] multiqc                                            [DEBUG  ]  File ignored by nanostat because it exceeded search pattern filesize limit: qualimapReport.html
[2025-11-20 18:38:53,497] multiqc                                            [DEBUG  ]  File ignored by ccs/v4 because it exceeded search pattern filesize limit: agogo.css
[2025-11-20 18:38:53,498] multiqc                                            [DEBUG  ]  File ignored by hicexplorer because it exceeded search pattern filesize limit: agogo.css
[2025-11-20 18:38:53,498] multiqc                                            [DEBUG  ]  File ignored by lima/summary because it exceeded search pattern filesize limit: agogo.css
[2025-11-20 18:38:53,501] multiqc                                            [DEBUG  ]  File ignored by longranger/invocation because it exceeded search pattern filesize limit: agogo.css
[2025-11-20 18:38:53,518] multiqc                                            [DEBUG  ]  File ignored by nanostat because it exceeded search pattern filesize limit: agogo.css
[2025-11-20 18:38:53,526] multiqc                                            [DEBUG  ]  File ignored by ccs/v4 because it exceeded search pattern filesize limit: basic.css
[2025-11-20 18:38:53,528] multiqc                                            [DEBUG  ]  File ignored by hicexplorer because it exceeded search pattern filesize limit: basic.css
[2025-11-20 18:38:53,528] multiqc                                            [DEBUG  ]  File ignored by lima/summary because it exceeded search pattern filesize limit: basic.css
[2025-11-20 18:38:53,531] multiqc                                            [DEBUG  ]  File ignored by longranger/invocation because it exceeded search pattern filesize limit: basic.css
[2025-11-20 18:38:53,548] multiqc                                            [DEBUG  ]  File ignored by nanostat because it exceeded search pattern filesize limit: basic.css
[2025-11-20 18:38:53,565] multiqc                                            [DEBUG  ]  File ignored by ccs/v4 because it exceeded search pattern filesize limit: doctools.js
[2025-11-20 18:38:53,566] multiqc                                            [DEBUG  ]  File ignored by hicexplorer because it exceeded search pattern filesize limit: doctools.js
[2025-11-20 18:38:53,566] multiqc                                            [DEBUG  ]  File ignored by lima/summary because it exceeded search pattern filesize limit: doctools.js
[2025-11-20 18:38:53,570] multiqc                                            [DEBUG  ]  File ignored by longranger/invocation because it exceeded search pattern filesize limit: doctools.js
[2025-11-20 18:38:53,579] multiqc                                            [DEBUG  ]  File ignored by nanostat because it exceeded search pattern filesize limit: doctools.js
[2025-11-20 18:38:53,592] multiqc                                            [DEBUG  ]  File ignored by ccs/v4 because it exceeded search pattern filesize limit: jquery.js
[2025-11-20 18:38:53,594] multiqc                                            [DEBUG  ]  File ignored by hicexplorer because it exceeded search pattern filesize limit: jquery.js
[2025-11-20 18:38:53,594] multiqc                                            [DEBUG  ]  File ignored by lima/summary because it exceeded search pattern filesize limit: jquery.js
[2025-11-20 18:38:53,597] multiqc                                            [DEBUG  ]  File ignored by longranger/invocation because it exceeded search pattern filesize limit: jquery.js
[2025-11-20 18:38:53,613] multiqc                                            [DEBUG  ]  File ignored by nanostat because it exceeded search pattern filesize limit: jquery.js
[2025-11-20 18:38:53,623] multiqc                                            [DEBUG  ]  File ignored by ccs/v4 because it exceeded search pattern filesize limit: pygments.css
[2025-11-20 18:38:53,624] multiqc                                            [DEBUG  ]  File ignored by lima/summary because it exceeded search pattern filesize limit: pygments.css
[2025-11-20 18:38:53,627] multiqc                                            [DEBUG  ]  File ignored by longranger/invocation because it exceeded search pattern filesize limit: pygments.css
[2025-11-20 18:38:53,656] multiqc                                            [DEBUG  ]  File ignored by ccs/v4 because it exceeded search pattern filesize limit: searchtools.js
[2025-11-20 18:38:53,657] multiqc                                            [DEBUG  ]  File ignored by hicexplorer because it exceeded search pattern filesize limit: searchtools.js
[2025-11-20 18:38:53,657] multiqc                                            [DEBUG  ]  File ignored by lima/summary because it exceeded search pattern filesize limit: searchtools.js
[2025-11-20 18:38:53,660] multiqc                                            [DEBUG  ]  File ignored by longranger/invocation because it exceeded search pattern filesize limit: searchtools.js
[2025-11-20 18:38:53,679] multiqc                                            [DEBUG  ]  File ignored by nanostat because it exceeded search pattern filesize limit: searchtools.js
[2025-11-20 18:38:53,685] multiqc                                            [DEBUG  ]  File ignored by ccs/v4 because it exceeded search pattern filesize limit: underscore.js
[2025-11-20 18:38:53,687] multiqc                                            [DEBUG  ]  File ignored by hicexplorer because it exceeded search pattern filesize limit: underscore.js
[2025-11-20 18:38:53,687] multiqc                                            [DEBUG  ]  File ignored by lima/summary because it exceeded search pattern filesize limit: underscore.js
[2025-11-20 18:38:53,690] multiqc                                            [DEBUG  ]  File ignored by longranger/invocation because it exceeded search pattern filesize limit: underscore.js
[2025-11-20 18:38:53,695] multiqc                                            [DEBUG  ]  File ignored by nanostat because it exceeded search pattern filesize limit: underscore.js
[2025-11-20 18:38:53,706] multiqc                                            [DEBUG  ]  File ignored by ccs/v4 because it exceeded search pattern filesize limit: websupport.js
[2025-11-20 18:38:53,707] multiqc                                            [DEBUG  ]  File ignored by hicexplorer because it exceeded search pattern filesize limit: websupport.js
[2025-11-20 18:38:53,708] multiqc                                            [DEBUG  ]  File ignored by lima/summary because it exceeded search pattern filesize limit: websupport.js
[2025-11-20 18:38:53,711] multiqc                                            [DEBUG  ]  File ignored by longranger/invocation because it exceeded search pattern filesize limit: websupport.js
[2025-11-20 18:38:53,738] multiqc                                            [DEBUG  ]  File ignored by nanostat because it exceeded search pattern filesize limit: websupport.js
[2025-11-20 18:38:53,746] multiqc                                            [DEBUG  ]  File ignored by ccs/v4 because it exceeded search pattern filesize limit: coverage_profile_along_genes_(low).txt
[2025-11-20 18:38:53,748] multiqc                                            [DEBUG  ]  File ignored by lima/summary because it exceeded search pattern filesize limit: coverage_profile_along_genes_(low).txt
[2025-11-20 18:38:53,751] multiqc                                            [DEBUG  ]  File ignored by longranger/invocation because it exceeded search pattern filesize limit: coverage_profile_along_genes_(low).txt
[2025-11-20 18:38:53,762] multiqc                                            [DEBUG  ]  File ignored by ccs/v4 because it exceeded search pattern filesize limit: coverage_profile_along_genes_(high).txt
[2025-11-20 18:38:53,764] multiqc                                            [DEBUG  ]  File ignored by lima/summary because it exceeded search pattern filesize limit: coverage_profile_along_genes_(high).txt
[2025-11-20 18:38:53,767] multiqc                                            [DEBUG  ]  File ignored by longranger/invocation because it exceeded search pattern filesize limit: coverage_profile_along_genes_(high).txt
[2025-11-20 18:38:53,780] multiqc                                            [DEBUG  ]  File ignored by ccs/v4 because it exceeded search pattern filesize limit: qualimapReport.html
[2025-11-20 18:38:53,782] multiqc                                            [DEBUG  ]  File ignored by hicexplorer because it exceeded search pattern filesize limit: qualimapReport.html
[2025-11-20 18:38:53,782] multiqc                                            [DEBUG  ]  File ignored by lima/summary because it exceeded search pattern filesize limit: qualimapReport.html
[2025-11-20 18:38:53,785] multiqc                                            [DEBUG  ]  File ignored by longranger/invocation because it exceeded search pattern filesize limit: qualimapReport.html
[2025-11-20 18:38:53,796] multiqc                                            [DEBUG  ]  File ignored by nanostat because it exceeded search pattern filesize limit: qualimapReport.html
[2025-11-20 18:38:53,815] multiqc                                            [DEBUG  ]  File ignored by ccs/v4 because it exceeded search pattern filesize limit: agogo.css
[2025-11-20 18:38:53,819] multiqc                                            [DEBUG  ]  File ignored by hicexplorer because it exceeded search pattern filesize limit: agogo.css
[2025-11-20 18:38:53,820] multiqc                                            [DEBUG  ]  File ignored by lima/summary because it exceeded search pattern filesize limit: agogo.css
[2025-11-20 18:38:53,823] multiqc                                            [DEBUG  ]  File ignored by longranger/invocation because it exceeded search pattern filesize limit: agogo.css
[2025-11-20 18:38:53,837] multiqc                                            [DEBUG  ]  File ignored by nanostat because it exceeded search pattern filesize limit: agogo.css
[2025-11-20 18:38:53,845] multiqc                                            [DEBUG  ]  File ignored by ccs/v4 because it exceeded search pattern filesize limit: basic.css
[2025-11-20 18:38:53,846] multiqc                                            [DEBUG  ]  File ignored by hicexplorer because it exceeded search pattern filesize limit: basic.css
[2025-11-20 18:38:53,847] multiqc                                            [DEBUG  ]  File ignored by lima/summary because it exceeded search pattern filesize limit: basic.css
[2025-11-20 18:38:53,850] multiqc                                            [DEBUG  ]  File ignored by longranger/invocation because it exceeded search pattern filesize limit: basic.css
[2025-11-20 18:38:53,867] multiqc                                            [DEBUG  ]  File ignored by nanostat because it exceeded search pattern filesize limit: basic.css
[2025-11-20 18:38:53,884] multiqc                                            [DEBUG  ]  File ignored by ccs/v4 because it exceeded search pattern filesize limit: doctools.js
[2025-11-20 18:38:53,885] multiqc                                            [DEBUG  ]  File ignored by hicexplorer because it exceeded search pattern filesize limit: doctools.js
[2025-11-20 18:38:53,886] multiqc                                            [DEBUG  ]  File ignored by lima/summary because it exceeded search pattern filesize limit: doctools.js
[2025-11-20 18:38:53,888] multiqc                                            [DEBUG  ]  File ignored by longranger/invocation because it exceeded search pattern filesize limit: doctools.js
[2025-11-20 18:38:53,898] multiqc                                            [DEBUG  ]  File ignored by nanostat because it exceeded search pattern filesize limit: doctools.js
[2025-11-20 18:38:53,912] multiqc                                            [DEBUG  ]  File ignored by ccs/v4 because it exceeded search pattern filesize limit: jquery.js
[2025-11-20 18:38:53,913] multiqc                                            [DEBUG  ]  File ignored by hicexplorer because it exceeded search pattern filesize limit: jquery.js
[2025-11-20 18:38:53,914] multiqc                                            [DEBUG  ]  File ignored by lima/summary because it exceeded search pattern filesize limit: jquery.js
[2025-11-20 18:38:53,917] multiqc                                            [DEBUG  ]  File ignored by longranger/invocation because it exceeded search pattern filesize limit: jquery.js
[2025-11-20 18:38:53,932] multiqc                                            [DEBUG  ]  File ignored by nanostat because it exceeded search pattern filesize limit: jquery.js
[2025-11-20 18:38:53,942] multiqc                                            [DEBUG  ]  File ignored by ccs/v4 because it exceeded search pattern filesize limit: pygments.css
[2025-11-20 18:38:53,944] multiqc                                            [DEBUG  ]  File ignored by lima/summary because it exceeded search pattern filesize limit: pygments.css
[2025-11-20 18:38:53,947] multiqc                                            [DEBUG  ]  File ignored by longranger/invocation because it exceeded search pattern filesize limit: pygments.css
[2025-11-20 18:38:53,976] multiqc                                            [DEBUG  ]  File ignored by ccs/v4 because it exceeded search pattern filesize limit: searchtools.js
[2025-11-20 18:38:53,977] multiqc                                            [DEBUG  ]  File ignored by hicexplorer because it exceeded search pattern filesize limit: searchtools.js
[2025-11-20 18:38:53,977] multiqc                                            [DEBUG  ]  File ignored by lima/summary because it exceeded search pattern filesize limit: searchtools.js
[2025-11-20 18:38:53,980] multiqc                                            [DEBUG  ]  File ignored by longranger/invocation because it exceeded search pattern filesize limit: searchtools.js
[2025-11-20 18:38:54,000] multiqc                                            [DEBUG  ]  File ignored by nanostat because it exceeded search pattern filesize limit: searchtools.js
[2025-11-20 18:38:54,006] multiqc                                            [DEBUG  ]  File ignored by ccs/v4 because it exceeded search pattern filesize limit: underscore.js
[2025-11-20 18:38:54,008] multiqc                                            [DEBUG  ]  File ignored by hicexplorer because it exceeded search pattern filesize limit: underscore.js
[2025-11-20 18:38:54,008] multiqc                                            [DEBUG  ]  File ignored by lima/summary because it exceeded search pattern filesize limit: underscore.js
[2025-11-20 18:38:54,011] multiqc                                            [DEBUG  ]  File ignored by longranger/invocation because it exceeded search pattern filesize limit: underscore.js
[2025-11-20 18:38:54,016] multiqc                                            [DEBUG  ]  File ignored by nanostat because it exceeded search pattern filesize limit: underscore.js
[2025-11-20 18:38:54,029] multiqc                                            [DEBUG  ]  File ignored by ccs/v4 because it exceeded search pattern filesize limit: websupport.js
[2025-11-20 18:38:54,031] multiqc                                            [DEBUG  ]  File ignored by hicexplorer because it exceeded search pattern filesize limit: websupport.js
[2025-11-20 18:38:54,031] multiqc                                            [DEBUG  ]  File ignored by lima/summary because it exceeded search pattern filesize limit: websupport.js
[2025-11-20 18:38:54,034] multiqc                                            [DEBUG  ]  File ignored by longranger/invocation because it exceeded search pattern filesize limit: websupport.js
[2025-11-20 18:38:54,060] multiqc                                            [DEBUG  ]  File ignored by nanostat because it exceeded search pattern filesize limit: websupport.js
[2025-11-20 18:38:54,067] multiqc                                            [DEBUG  ]  File ignored by ccs/v4 because it exceeded search pattern filesize limit: coverage_profile_along_genes_(low).txt
[2025-11-20 18:38:54,069] multiqc                                            [DEBUG  ]  File ignored by lima/summary because it exceeded search pattern filesize limit: coverage_profile_along_genes_(low).txt
[2025-11-20 18:38:54,072] multiqc                                            [DEBUG  ]  File ignored by longranger/invocation because it exceeded search pattern filesize limit: coverage_profile_along_genes_(low).txt
[2025-11-20 18:38:54,084] multiqc                                            [DEBUG  ]  File ignored by ccs/v4 because it exceeded search pattern filesize limit: coverage_profile_along_genes_(high).txt
[2025-11-20 18:38:54,085] multiqc                                            [DEBUG  ]  File ignored by lima/summary because it exceeded search pattern filesize limit: coverage_profile_along_genes_(high).txt
[2025-11-20 18:38:54,088] multiqc                                            [DEBUG  ]  File ignored by longranger/invocation because it exceeded search pattern filesize limit: coverage_profile_along_genes_(high).txt
[2025-11-20 18:38:54,101] multiqc                                            [DEBUG  ]  File ignored by ccs/v4 because it exceeded search pattern filesize limit: qualimapReport.html
[2025-11-20 18:38:54,103] multiqc                                            [DEBUG  ]  File ignored by hicexplorer because it exceeded search pattern filesize limit: qualimapReport.html
[2025-11-20 18:38:54,103] multiqc                                            [DEBUG  ]  File ignored by lima/summary because it exceeded search pattern filesize limit: qualimapReport.html
[2025-11-20 18:38:54,106] multiqc                                            [DEBUG  ]  File ignored by longranger/invocation because it exceeded search pattern filesize limit: qualimapReport.html
[2025-11-20 18:38:54,118] multiqc                                            [DEBUG  ]  File ignored by nanostat because it exceeded search pattern filesize limit: qualimapReport.html
[2025-11-20 18:38:54,139] multiqc                                            [DEBUG  ]  File ignored by ccs/v4 because it exceeded search pattern filesize limit: agogo.css
[2025-11-20 18:38:54,140] multiqc                                            [DEBUG  ]  File ignored by hicexplorer because it exceeded search pattern filesize limit: agogo.css
[2025-11-20 18:38:54,141] multiqc                                            [DEBUG  ]  File ignored by lima/summary because it exceeded search pattern filesize limit: agogo.css
[2025-11-20 18:38:54,143] multiqc                                            [DEBUG  ]  File ignored by longranger/invocation because it exceeded search pattern filesize limit: agogo.css
[2025-11-20 18:38:54,157] multiqc                                            [DEBUG  ]  File ignored by nanostat because it exceeded search pattern filesize limit: agogo.css
[2025-11-20 18:38:54,166] multiqc                                            [DEBUG  ]  File ignored by ccs/v4 because it exceeded search pattern filesize limit: basic.css
[2025-11-20 18:38:54,167] multiqc                                            [DEBUG  ]  File ignored by hicexplorer because it exceeded search pattern filesize limit: basic.css
[2025-11-20 18:38:54,168] multiqc                                            [DEBUG  ]  File ignored by lima/summary because it exceeded search pattern filesize limit: basic.css
[2025-11-20 18:38:54,171] multiqc                                            [DEBUG  ]  File ignored by longranger/invocation because it exceeded search pattern filesize limit: basic.css
[2025-11-20 18:38:54,187] multiqc                                            [DEBUG  ]  File ignored by nanostat because it exceeded search pattern filesize limit: basic.css
[2025-11-20 18:38:54,204] multiqc                                            [DEBUG  ]  File ignored by ccs/v4 because it exceeded search pattern filesize limit: doctools.js
[2025-11-20 18:38:54,206] multiqc                                            [DEBUG  ]  File ignored by hicexplorer because it exceeded search pattern filesize limit: doctools.js
[2025-11-20 18:38:54,206] multiqc                                            [DEBUG  ]  File ignored by lima/summary because it exceeded search pattern filesize limit: doctools.js
[2025-11-20 18:38:54,209] multiqc                                            [DEBUG  ]  File ignored by longranger/invocation because it exceeded search pattern filesize limit: doctools.js
[2025-11-20 18:38:54,219] multiqc                                            [DEBUG  ]  File ignored by nanostat because it exceeded search pattern filesize limit: doctools.js
[2025-11-20 18:38:54,235] multiqc                                            [DEBUG  ]  File ignored by ccs/v4 because it exceeded search pattern filesize limit: jquery.js
[2025-11-20 18:38:54,237] multiqc                                            [DEBUG  ]  File ignored by hicexplorer because it exceeded search pattern filesize limit: jquery.js
[2025-11-20 18:38:54,237] multiqc                                            [DEBUG  ]  File ignored by lima/summary because it exceeded search pattern filesize limit: jquery.js
[2025-11-20 18:38:54,240] multiqc                                            [DEBUG  ]  File ignored by longranger/invocation because it exceeded search pattern filesize limit: jquery.js
[2025-11-20 18:38:54,253] multiqc                                            [DEBUG  ]  File ignored by nanostat because it exceeded search pattern filesize limit: jquery.js
[2025-11-20 18:38:54,263] multiqc                                            [DEBUG  ]  File ignored by ccs/v4 because it exceeded search pattern filesize limit: pygments.css
[2025-11-20 18:38:54,265] multiqc                                            [DEBUG  ]  File ignored by lima/summary because it exceeded search pattern filesize limit: pygments.css
[2025-11-20 18:38:54,268] multiqc                                            [DEBUG  ]  File ignored by longranger/invocation because it exceeded search pattern filesize limit: pygments.css
[2025-11-20 18:38:54,296] multiqc                                            [DEBUG  ]  File ignored by ccs/v4 because it exceeded search pattern filesize limit: searchtools.js
[2025-11-20 18:38:54,297] multiqc                                            [DEBUG  ]  File ignored by hicexplorer because it exceeded search pattern filesize limit: searchtools.js
[2025-11-20 18:38:54,298] multiqc                                            [DEBUG  ]  File ignored by lima/summary because it exceeded search pattern filesize limit: searchtools.js
[2025-11-20 18:38:54,301] multiqc                                            [DEBUG  ]  File ignored by longranger/invocation because it exceeded search pattern filesize limit: searchtools.js
[2025-11-20 18:38:54,319] multiqc                                            [DEBUG  ]  File ignored by nanostat because it exceeded search pattern filesize limit: searchtools.js
[2025-11-20 18:38:54,325] multiqc                                            [DEBUG  ]  File ignored by ccs/v4 because it exceeded search pattern filesize limit: underscore.js
[2025-11-20 18:38:54,327] multiqc                                            [DEBUG  ]  File ignored by hicexplorer because it exceeded search pattern filesize limit: underscore.js
[2025-11-20 18:38:54,327] multiqc                                            [DEBUG  ]  File ignored by lima/summary because it exceeded search pattern filesize limit: underscore.js
[2025-11-20 18:38:54,330] multiqc                                            [DEBUG  ]  File ignored by longranger/invocation because it exceeded search pattern filesize limit: underscore.js
[2025-11-20 18:38:54,336] multiqc                                            [DEBUG  ]  File ignored by nanostat because it exceeded search pattern filesize limit: underscore.js
[2025-11-20 18:38:54,349] multiqc                                            [DEBUG  ]  File ignored by ccs/v4 because it exceeded search pattern filesize limit: websupport.js
[2025-11-20 18:38:54,350] multiqc                                            [DEBUG  ]  File ignored by hicexplorer because it exceeded search pattern filesize limit: websupport.js
[2025-11-20 18:38:54,350] multiqc                                            [DEBUG  ]  File ignored by lima/summary because it exceeded search pattern filesize limit: websupport.js
[2025-11-20 18:38:54,353] multiqc                                            [DEBUG  ]  File ignored by longranger/invocation because it exceeded search pattern filesize limit: websupport.js
[2025-11-20 18:38:54,379] multiqc                                            [DEBUG  ]  File ignored by nanostat because it exceeded search pattern filesize limit: websupport.js
[2025-11-20 18:38:54,387] multiqc                                            [DEBUG  ]  File ignored by ccs/v4 because it exceeded search pattern filesize limit: coverage_profile_along_genes_(low).txt
[2025-11-20 18:38:54,388] multiqc                                            [DEBUG  ]  File ignored by lima/summary because it exceeded search pattern filesize limit: coverage_profile_along_genes_(low).txt
[2025-11-20 18:38:54,391] multiqc                                            [DEBUG  ]  File ignored by longranger/invocation because it exceeded search pattern filesize limit: coverage_profile_along_genes_(low).txt
[2025-11-20 18:38:54,403] multiqc                                            [DEBUG  ]  File ignored by ccs/v4 because it exceeded search pattern filesize limit: coverage_profile_along_genes_(high).txt
[2025-11-20 18:38:54,404] multiqc                                            [DEBUG  ]  File ignored by lima/summary because it exceeded search pattern filesize limit: coverage_profile_along_genes_(high).txt
[2025-11-20 18:38:54,407] multiqc                                            [DEBUG  ]  File ignored by longranger/invocation because it exceeded search pattern filesize limit: coverage_profile_along_genes_(high).txt
[2025-11-20 18:38:54,420] multiqc                                            [DEBUG  ]  File ignored by ccs/v4 because it exceeded search pattern filesize limit: qualimapReport.html
[2025-11-20 18:38:54,422] multiqc                                            [DEBUG  ]  File ignored by hicexplorer because it exceeded search pattern filesize limit: qualimapReport.html
[2025-11-20 18:38:54,422] multiqc                                            [DEBUG  ]  File ignored by lima/summary because it exceeded search pattern filesize limit: qualimapReport.html
[2025-11-20 18:38:54,425] multiqc                                            [DEBUG  ]  File ignored by longranger/invocation because it exceeded search pattern filesize limit: qualimapReport.html
[2025-11-20 18:38:54,437] multiqc                                            [DEBUG  ]  File ignored by nanostat because it exceeded search pattern filesize limit: qualimapReport.html
[2025-11-20 18:38:54,458] multiqc                                            [DEBUG  ]  File ignored by ccs/v4 because it exceeded search pattern filesize limit: agogo.css
[2025-11-20 18:38:54,460] multiqc                                            [DEBUG  ]  File ignored by hicexplorer because it exceeded search pattern filesize limit: agogo.css
[2025-11-20 18:38:54,460] multiqc                                            [DEBUG  ]  File ignored by lima/summary because it exceeded search pattern filesize limit: agogo.css
[2025-11-20 18:38:54,463] multiqc                                            [DEBUG  ]  File ignored by longranger/invocation because it exceeded search pattern filesize limit: agogo.css
[2025-11-20 18:38:54,477] multiqc                                            [DEBUG  ]  File ignored by nanostat because it exceeded search pattern filesize limit: agogo.css
[2025-11-20 18:38:54,485] multiqc                                            [DEBUG  ]  File ignored by ccs/v4 because it exceeded search pattern filesize limit: basic.css
[2025-11-20 18:38:54,487] multiqc                                            [DEBUG  ]  File ignored by hicexplorer because it exceeded search pattern filesize limit: basic.css
[2025-11-20 18:38:54,487] multiqc                                            [DEBUG  ]  File ignored by lima/summary because it exceeded search pattern filesize limit: basic.css
[2025-11-20 18:38:54,490] multiqc                                            [DEBUG  ]  File ignored by longranger/invocation because it exceeded search pattern filesize limit: basic.css
[2025-11-20 18:38:54,506] multiqc                                            [DEBUG  ]  File ignored by nanostat because it exceeded search pattern filesize limit: basic.css
[2025-11-20 18:38:54,523] multiqc                                            [DEBUG  ]  File ignored by ccs/v4 because it exceeded search pattern filesize limit: doctools.js
[2025-11-20 18:38:54,525] multiqc                                            [DEBUG  ]  File ignored by hicexplorer because it exceeded search pattern filesize limit: doctools.js
[2025-11-20 18:38:54,525] multiqc                                            [DEBUG  ]  File ignored by lima/summary because it exceeded search pattern filesize limit: doctools.js
[2025-11-20 18:38:54,528] multiqc                                            [DEBUG  ]  File ignored by longranger/invocation because it exceeded search pattern filesize limit: doctools.js
[2025-11-20 18:38:54,537] multiqc                                            [DEBUG  ]  File ignored by nanostat because it exceeded search pattern filesize limit: doctools.js
[2025-11-20 18:38:54,554] multiqc                                            [DEBUG  ]  File ignored by ccs/v4 because it exceeded search pattern filesize limit: jquery.js
[2025-11-20 18:38:54,555] multiqc                                            [DEBUG  ]  File ignored by hicexplorer because it exceeded search pattern filesize limit: jquery.js
[2025-11-20 18:38:54,556] multiqc                                            [DEBUG  ]  File ignored by lima/summary because it exceeded search pattern filesize limit: jquery.js
[2025-11-20 18:38:54,559] multiqc                                            [DEBUG  ]  File ignored by longranger/invocation because it exceeded search pattern filesize limit: jquery.js
[2025-11-20 18:38:54,571] multiqc                                            [DEBUG  ]  File ignored by nanostat because it exceeded search pattern filesize limit: jquery.js
[2025-11-20 18:38:54,581] multiqc                                            [DEBUG  ]  File ignored by ccs/v4 because it exceeded search pattern filesize limit: pygments.css
[2025-11-20 18:38:54,583] multiqc                                            [DEBUG  ]  File ignored by lima/summary because it exceeded search pattern filesize limit: pygments.css
[2025-11-20 18:38:54,586] multiqc                                            [DEBUG  ]  File ignored by longranger/invocation because it exceeded search pattern filesize limit: pygments.css
[2025-11-20 18:38:54,614] multiqc                                            [DEBUG  ]  File ignored by ccs/v4 because it exceeded search pattern filesize limit: searchtools.js
[2025-11-20 18:38:54,616] multiqc                                            [DEBUG  ]  File ignored by hicexplorer because it exceeded search pattern filesize limit: searchtools.js
[2025-11-20 18:38:54,616] multiqc                                            [DEBUG  ]  File ignored by lima/summary because it exceeded search pattern filesize limit: searchtools.js
[2025-11-20 18:38:54,619] multiqc                                            [DEBUG  ]  File ignored by longranger/invocation because it exceeded search pattern filesize limit: searchtools.js
[2025-11-20 18:38:54,638] multiqc                                            [DEBUG  ]  File ignored by nanostat because it exceeded search pattern filesize limit: searchtools.js
[2025-11-20 18:38:54,644] multiqc                                            [DEBUG  ]  File ignored by ccs/v4 because it exceeded search pattern filesize limit: underscore.js
[2025-11-20 18:38:54,646] multiqc                                            [DEBUG  ]  File ignored by hicexplorer because it exceeded search pattern filesize limit: underscore.js
[2025-11-20 18:38:54,646] multiqc                                            [DEBUG  ]  File ignored by lima/summary because it exceeded search pattern filesize limit: underscore.js
[2025-11-20 18:38:54,652] multiqc                                            [DEBUG  ]  File ignored by longranger/invocation because it exceeded search pattern filesize limit: underscore.js
[2025-11-20 18:38:54,658] multiqc                                            [DEBUG  ]  File ignored by nanostat because it exceeded search pattern filesize limit: underscore.js
[2025-11-20 18:38:54,668] multiqc                                            [DEBUG  ]  File ignored by ccs/v4 because it exceeded search pattern filesize limit: websupport.js
[2025-11-20 18:38:54,669] multiqc                                            [DEBUG  ]  File ignored by hicexplorer because it exceeded search pattern filesize limit: websupport.js
[2025-11-20 18:38:54,670] multiqc                                            [DEBUG  ]  File ignored by lima/summary because it exceeded search pattern filesize limit: websupport.js
[2025-11-20 18:38:54,673] multiqc                                            [DEBUG  ]  File ignored by longranger/invocation because it exceeded search pattern filesize limit: websupport.js
[2025-11-20 18:38:54,698] multiqc                                            [DEBUG  ]  File ignored by nanostat because it exceeded search pattern filesize limit: websupport.js
[2025-11-20 18:38:54,705] multiqc                                            [DEBUG  ]  File ignored by ccs/v4 because it exceeded search pattern filesize limit: coverage_profile_along_genes_(low).txt
[2025-11-20 18:38:54,707] multiqc                                            [DEBUG  ]  File ignored by lima/summary because it exceeded search pattern filesize limit: coverage_profile_along_genes_(low).txt
[2025-11-20 18:38:54,710] multiqc                                            [DEBUG  ]  File ignored by longranger/invocation because it exceeded search pattern filesize limit: coverage_profile_along_genes_(low).txt
[2025-11-20 18:38:54,721] multiqc                                            [DEBUG  ]  File ignored by ccs/v4 because it exceeded search pattern filesize limit: coverage_profile_along_genes_(high).txt
[2025-11-20 18:38:54,723] multiqc                                            [DEBUG  ]  File ignored by lima/summary because it exceeded search pattern filesize limit: coverage_profile_along_genes_(high).txt
[2025-11-20 18:38:54,726] multiqc                                            [DEBUG  ]  File ignored by longranger/invocation because it exceeded search pattern filesize limit: coverage_profile_along_genes_(high).txt
[2025-11-20 18:38:54,739] multiqc                                            [DEBUG  ]  File ignored by ccs/v4 because it exceeded search pattern filesize limit: qualimapReport.html
[2025-11-20 18:38:54,741] multiqc                                            [DEBUG  ]  File ignored by hicexplorer because it exceeded search pattern filesize limit: qualimapReport.html
[2025-11-20 18:38:54,741] multiqc                                            [DEBUG  ]  File ignored by lima/summary because it exceeded search pattern filesize limit: qualimapReport.html
[2025-11-20 18:38:54,744] multiqc                                            [DEBUG  ]  File ignored by longranger/invocation because it exceeded search pattern filesize limit: qualimapReport.html
[2025-11-20 18:38:54,759] multiqc                                            [DEBUG  ]  File ignored by nanostat because it exceeded search pattern filesize limit: qualimapReport.html
[2025-11-20 18:38:54,777] multiqc                                            [DEBUG  ]  File ignored by ccs/v4 because it exceeded search pattern filesize limit: agogo.css
[2025-11-20 18:38:54,779] multiqc                                            [DEBUG  ]  File ignored by hicexplorer because it exceeded search pattern filesize limit: agogo.css
[2025-11-20 18:38:54,779] multiqc                                            [DEBUG  ]  File ignored by lima/summary because it exceeded search pattern filesize limit: agogo.css
[2025-11-20 18:38:54,782] multiqc                                            [DEBUG  ]  File ignored by longranger/invocation because it exceeded search pattern filesize limit: agogo.css
[2025-11-20 18:38:54,796] multiqc                                            [DEBUG  ]  File ignored by nanostat because it exceeded search pattern filesize limit: agogo.css
[2025-11-20 18:38:54,805] multiqc                                            [DEBUG  ]  File ignored by ccs/v4 because it exceeded search pattern filesize limit: basic.css
[2025-11-20 18:38:54,807] multiqc                                            [DEBUG  ]  File ignored by hicexplorer because it exceeded search pattern filesize limit: basic.css
[2025-11-20 18:38:54,807] multiqc                                            [DEBUG  ]  File ignored by lima/summary because it exceeded search pattern filesize limit: basic.css
[2025-11-20 18:38:54,810] multiqc                                            [DEBUG  ]  File ignored by longranger/invocation because it exceeded search pattern filesize limit: basic.css
[2025-11-20 18:38:54,826] multiqc                                            [DEBUG  ]  File ignored by nanostat because it exceeded search pattern filesize limit: basic.css
[2025-11-20 18:38:54,843] multiqc                                            [DEBUG  ]  File ignored by ccs/v4 because it exceeded search pattern filesize limit: doctools.js
[2025-11-20 18:38:54,845] multiqc                                            [DEBUG  ]  File ignored by hicexplorer because it exceeded search pattern filesize limit: doctools.js
[2025-11-20 18:38:54,845] multiqc                                            [DEBUG  ]  File ignored by lima/summary because it exceeded search pattern filesize limit: doctools.js
[2025-11-20 18:38:54,848] multiqc                                            [DEBUG  ]  File ignored by longranger/invocation because it exceeded search pattern filesize limit: doctools.js
[2025-11-20 18:38:54,861] multiqc                                            [DEBUG  ]  File ignored by nanostat because it exceeded search pattern filesize limit: doctools.js
[2025-11-20 18:38:54,874] multiqc                                            [DEBUG  ]  File ignored by ccs/v4 because it exceeded search pattern filesize limit: jquery.js
[2025-11-20 18:38:54,876] multiqc                                            [DEBUG  ]  File ignored by hicexplorer because it exceeded search pattern filesize limit: jquery.js
[2025-11-20 18:38:54,876] multiqc                                            [DEBUG  ]  File ignored by lima/summary because it exceeded search pattern filesize limit: jquery.js
[2025-11-20 18:38:54,879] multiqc                                            [DEBUG  ]  File ignored by longranger/invocation because it exceeded search pattern filesize limit: jquery.js
[2025-11-20 18:38:54,891] multiqc                                            [DEBUG  ]  File ignored by nanostat because it exceeded search pattern filesize limit: jquery.js
[2025-11-20 18:38:54,901] multiqc                                            [DEBUG  ]  File ignored by ccs/v4 because it exceeded search pattern filesize limit: pygments.css
[2025-11-20 18:38:54,903] multiqc                                            [DEBUG  ]  File ignored by lima/summary because it exceeded search pattern filesize limit: pygments.css
[2025-11-20 18:38:54,906] multiqc                                            [DEBUG  ]  File ignored by longranger/invocation because it exceeded search pattern filesize limit: pygments.css
[2025-11-20 18:38:54,935] multiqc                                            [DEBUG  ]  File ignored by ccs/v4 because it exceeded search pattern filesize limit: searchtools.js
[2025-11-20 18:38:54,936] multiqc                                            [DEBUG  ]  File ignored by hicexplorer because it exceeded search pattern filesize limit: searchtools.js
[2025-11-20 18:38:54,936] multiqc                                            [DEBUG  ]  File ignored by lima/summary because it exceeded search pattern filesize limit: searchtools.js
[2025-11-20 18:38:54,939] multiqc                                            [DEBUG  ]  File ignored by longranger/invocation because it exceeded search pattern filesize limit: searchtools.js
[2025-11-20 18:38:54,958] multiqc                                            [DEBUG  ]  File ignored by nanostat because it exceeded search pattern filesize limit: searchtools.js
[2025-11-20 18:38:54,967] multiqc                                            [DEBUG  ]  File ignored by ccs/v4 because it exceeded search pattern filesize limit: underscore.js
[2025-11-20 18:38:54,968] multiqc                                            [DEBUG  ]  File ignored by hicexplorer because it exceeded search pattern filesize limit: underscore.js
[2025-11-20 18:38:54,969] multiqc                                            [DEBUG  ]  File ignored by lima/summary because it exceeded search pattern filesize limit: underscore.js
[2025-11-20 18:38:54,972] multiqc                                            [DEBUG  ]  File ignored by longranger/invocation because it exceeded search pattern filesize limit: underscore.js
[2025-11-20 18:38:54,977] multiqc                                            [DEBUG  ]  File ignored by nanostat because it exceeded search pattern filesize limit: underscore.js
[2025-11-20 18:38:54,988] multiqc                                            [DEBUG  ]  File ignored by ccs/v4 because it exceeded search pattern filesize limit: websupport.js
[2025-11-20 18:38:54,989] multiqc                                            [DEBUG  ]  File ignored by hicexplorer because it exceeded search pattern filesize limit: websupport.js
[2025-11-20 18:38:54,989] multiqc                                            [DEBUG  ]  File ignored by lima/summary because it exceeded search pattern filesize limit: websupport.js
[2025-11-20 18:38:54,992] multiqc                                            [DEBUG  ]  File ignored by longranger/invocation because it exceeded search pattern filesize limit: websupport.js
[2025-11-20 18:38:55,017] multiqc                                            [DEBUG  ]  File ignored by nanostat because it exceeded search pattern filesize limit: websupport.js
[2025-11-20 18:38:55,025] multiqc                                            [DEBUG  ]  File ignored by ccs/v4 because it exceeded search pattern filesize limit: coverage_profile_along_genes_(low).txt
[2025-11-20 18:38:55,027] multiqc                                            [DEBUG  ]  File ignored by lima/summary because it exceeded search pattern filesize limit: coverage_profile_along_genes_(low).txt
[2025-11-20 18:38:55,029] multiqc                                            [DEBUG  ]  File ignored by longranger/invocation because it exceeded search pattern filesize limit: coverage_profile_along_genes_(low).txt
[2025-11-20 18:38:55,041] multiqc                                            [DEBUG  ]  File ignored by ccs/v4 because it exceeded search pattern filesize limit: coverage_profile_along_genes_(high).txt
[2025-11-20 18:38:55,043] multiqc                                            [DEBUG  ]  File ignored by lima/summary because it exceeded search pattern filesize limit: coverage_profile_along_genes_(high).txt
[2025-11-20 18:38:55,046] multiqc                                            [DEBUG  ]  File ignored by longranger/invocation because it exceeded search pattern filesize limit: coverage_profile_along_genes_(high).txt
[2025-11-20 18:38:55,059] multiqc                                            [DEBUG  ]  File ignored by ccs/v4 because it exceeded search pattern filesize limit: qualimapReport.html
[2025-11-20 18:38:55,061] multiqc                                            [DEBUG  ]  File ignored by hicexplorer because it exceeded search pattern filesize limit: qualimapReport.html
[2025-11-20 18:38:55,061] multiqc                                            [DEBUG  ]  File ignored by lima/summary because it exceeded search pattern filesize limit: qualimapReport.html
[2025-11-20 18:38:55,067] multiqc                                            [DEBUG  ]  File ignored by longranger/invocation because it exceeded search pattern filesize limit: qualimapReport.html
[2025-11-20 18:38:55,078] multiqc                                            [DEBUG  ]  File ignored by nanostat because it exceeded search pattern filesize limit: qualimapReport.html
[2025-11-20 18:38:55,097] multiqc                                            [DEBUG  ]  File ignored by ccs/v4 because it exceeded search pattern filesize limit: agogo.css
[2025-11-20 18:38:55,099] multiqc                                            [DEBUG  ]  File ignored by hicexplorer because it exceeded search pattern filesize limit: agogo.css
[2025-11-20 18:38:55,099] multiqc                                            [DEBUG  ]  File ignored by lima/summary because it exceeded search pattern filesize limit: agogo.css
[2025-11-20 18:38:55,102] multiqc                                            [DEBUG  ]  File ignored by longranger/invocation because it exceeded search pattern filesize limit: agogo.css
[2025-11-20 18:38:55,116] multiqc                                            [DEBUG  ]  File ignored by nanostat because it exceeded search pattern filesize limit: agogo.css
[2025-11-20 18:38:55,124] multiqc                                            [DEBUG  ]  File ignored by ccs/v4 because it exceeded search pattern filesize limit: basic.css
[2025-11-20 18:38:55,126] multiqc                                            [DEBUG  ]  File ignored by hicexplorer because it exceeded search pattern filesize limit: basic.css
[2025-11-20 18:38:55,126] multiqc                                            [DEBUG  ]  File ignored by lima/summary because it exceeded search pattern filesize limit: basic.css
[2025-11-20 18:38:55,129] multiqc                                            [DEBUG  ]  File ignored by longranger/invocation because it exceeded search pattern filesize limit: basic.css
[2025-11-20 18:38:55,146] multiqc                                            [DEBUG  ]  File ignored by nanostat because it exceeded search pattern filesize limit: basic.css
[2025-11-20 18:38:55,163] multiqc                                            [DEBUG  ]  File ignored by ccs/v4 because it exceeded search pattern filesize limit: doctools.js
[2025-11-20 18:38:55,164] multiqc                                            [DEBUG  ]  File ignored by hicexplorer because it exceeded search pattern filesize limit: doctools.js
[2025-11-20 18:38:55,165] multiqc                                            [DEBUG  ]  File ignored by lima/summary because it exceeded search pattern filesize limit: doctools.js
[2025-11-20 18:38:55,171] multiqc                                            [DEBUG  ]  File ignored by longranger/invocation because it exceeded search pattern filesize limit: doctools.js
[2025-11-20 18:38:55,181] multiqc                                            [DEBUG  ]  File ignored by nanostat because it exceeded search pattern filesize limit: doctools.js
[2025-11-20 18:38:55,194] multiqc                                            [DEBUG  ]  File ignored by ccs/v4 because it exceeded search pattern filesize limit: jquery.js
[2025-11-20 18:38:55,196] multiqc                                            [DEBUG  ]  File ignored by hicexplorer because it exceeded search pattern filesize limit: jquery.js
[2025-11-20 18:38:55,196] multiqc                                            [DEBUG  ]  File ignored by lima/summary because it exceeded search pattern filesize limit: jquery.js
[2025-11-20 18:38:55,199] multiqc                                            [DEBUG  ]  File ignored by longranger/invocation because it exceeded search pattern filesize limit: jquery.js
[2025-11-20 18:38:55,211] multiqc                                            [DEBUG  ]  File ignored by nanostat because it exceeded search pattern filesize limit: jquery.js
[2025-11-20 18:38:55,222] multiqc                                            [DEBUG  ]  File ignored by ccs/v4 because it exceeded search pattern filesize limit: pygments.css
[2025-11-20 18:38:55,223] multiqc                                            [DEBUG  ]  File ignored by lima/summary because it exceeded search pattern filesize limit: pygments.css
[2025-11-20 18:38:55,226] multiqc                                            [DEBUG  ]  File ignored by longranger/invocation because it exceeded search pattern filesize limit: pygments.css
[2025-11-20 18:38:55,255] multiqc                                            [DEBUG  ]  File ignored by ccs/v4 because it exceeded search pattern filesize limit: searchtools.js
[2025-11-20 18:38:55,256] multiqc                                            [DEBUG  ]  File ignored by hicexplorer because it exceeded search pattern filesize limit: searchtools.js
[2025-11-20 18:38:55,256] multiqc                                            [DEBUG  ]  File ignored by lima/summary because it exceeded search pattern filesize limit: searchtools.js
[2025-11-20 18:38:55,259] multiqc                                            [DEBUG  ]  File ignored by longranger/invocation because it exceeded search pattern filesize limit: searchtools.js
[2025-11-20 18:38:55,280] multiqc                                            [DEBUG  ]  File ignored by nanostat because it exceeded search pattern filesize limit: searchtools.js
[2025-11-20 18:38:55,287] multiqc                                            [DEBUG  ]  File ignored by ccs/v4 because it exceeded search pattern filesize limit: underscore.js
[2025-11-20 18:38:55,288] multiqc                                            [DEBUG  ]  File ignored by hicexplorer because it exceeded search pattern filesize limit: underscore.js
[2025-11-20 18:38:55,288] multiqc                                            [DEBUG  ]  File ignored by lima/summary because it exceeded search pattern filesize limit: underscore.js
[2025-11-20 18:38:55,291] multiqc                                            [DEBUG  ]  File ignored by longranger/invocation because it exceeded search pattern filesize limit: underscore.js
[2025-11-20 18:38:55,297] multiqc                                            [DEBUG  ]  File ignored by nanostat because it exceeded search pattern filesize limit: underscore.js
[2025-11-20 18:38:55,307] multiqc                                            [DEBUG  ]  File ignored by ccs/v4 because it exceeded search pattern filesize limit: websupport.js
[2025-11-20 18:38:55,308] multiqc                                            [DEBUG  ]  File ignored by hicexplorer because it exceeded search pattern filesize limit: websupport.js
[2025-11-20 18:38:55,309] multiqc                                            [DEBUG  ]  File ignored by lima/summary because it exceeded search pattern filesize limit: websupport.js
[2025-11-20 18:38:55,312] multiqc                                            [DEBUG  ]  File ignored by longranger/invocation because it exceeded search pattern filesize limit: websupport.js
[2025-11-20 18:38:55,337] multiqc                                            [DEBUG  ]  File ignored by nanostat because it exceeded search pattern filesize limit: websupport.js
[2025-11-20 18:38:55,344] multiqc                                            [DEBUG  ]  File ignored by ccs/v4 because it exceeded search pattern filesize limit: coverage_profile_along_genes_(low).txt
[2025-11-20 18:38:55,346] multiqc                                            [DEBUG  ]  File ignored by lima/summary because it exceeded search pattern filesize limit: coverage_profile_along_genes_(low).txt
[2025-11-20 18:38:55,349] multiqc                                            [DEBUG  ]  File ignored by longranger/invocation because it exceeded search pattern filesize limit: coverage_profile_along_genes_(low).txt
[2025-11-20 18:38:55,361] multiqc                                            [DEBUG  ]  File ignored by ccs/v4 because it exceeded search pattern filesize limit: coverage_profile_along_genes_(high).txt
[2025-11-20 18:38:55,362] multiqc                                            [DEBUG  ]  File ignored by lima/summary because it exceeded search pattern filesize limit: coverage_profile_along_genes_(high).txt
[2025-11-20 18:38:55,365] multiqc                                            [DEBUG  ]  File ignored by longranger/invocation because it exceeded search pattern filesize limit: coverage_profile_along_genes_(high).txt
[2025-11-20 18:38:55,381] multiqc                                            [DEBUG  ]  File ignored by ccs/v4 because it exceeded search pattern filesize limit: qualimapReport.html
[2025-11-20 18:38:55,383] multiqc                                            [DEBUG  ]  File ignored by hicexplorer because it exceeded search pattern filesize limit: qualimapReport.html
[2025-11-20 18:38:55,383] multiqc                                            [DEBUG  ]  File ignored by lima/summary because it exceeded search pattern filesize limit: qualimapReport.html
[2025-11-20 18:38:55,386] multiqc                                            [DEBUG  ]  File ignored by longranger/invocation because it exceeded search pattern filesize limit: qualimapReport.html
[2025-11-20 18:38:55,398] multiqc                                            [DEBUG  ]  File ignored by nanostat because it exceeded search pattern filesize limit: qualimapReport.html
[2025-11-20 18:38:55,416] multiqc                                            [DEBUG  ]  File ignored by ccs/v4 because it exceeded search pattern filesize limit: agogo.css
[2025-11-20 18:38:55,417] multiqc                                            [DEBUG  ]  File ignored by hicexplorer because it exceeded search pattern filesize limit: agogo.css
[2025-11-20 18:38:55,418] multiqc                                            [DEBUG  ]  File ignored by lima/summary because it exceeded search pattern filesize limit: agogo.css
[2025-11-20 18:38:55,421] multiqc                                            [DEBUG  ]  File ignored by longranger/invocation because it exceeded search pattern filesize limit: agogo.css
[2025-11-20 18:38:55,435] multiqc                                            [DEBUG  ]  File ignored by nanostat because it exceeded search pattern filesize limit: agogo.css
[2025-11-20 18:38:55,443] multiqc                                            [DEBUG  ]  File ignored by ccs/v4 because it exceeded search pattern filesize limit: basic.css
[2025-11-20 18:38:55,444] multiqc                                            [DEBUG  ]  File ignored by hicexplorer because it exceeded search pattern filesize limit: basic.css
[2025-11-20 18:38:55,445] multiqc                                            [DEBUG  ]  File ignored by lima/summary because it exceeded search pattern filesize limit: basic.css
[2025-11-20 18:38:55,448] multiqc                                            [DEBUG  ]  File ignored by longranger/invocation because it exceeded search pattern filesize limit: basic.css
[2025-11-20 18:38:55,464] multiqc                                            [DEBUG  ]  File ignored by nanostat because it exceeded search pattern filesize limit: basic.css
[2025-11-20 18:38:55,483] multiqc                                            [DEBUG  ]  File ignored by ccs/v4 because it exceeded search pattern filesize limit: doctools.js
[2025-11-20 18:38:55,485] multiqc                                            [DEBUG  ]  File ignored by hicexplorer because it exceeded search pattern filesize limit: doctools.js
[2025-11-20 18:38:55,485] multiqc                                            [DEBUG  ]  File ignored by lima/summary because it exceeded search pattern filesize limit: doctools.js
[2025-11-20 18:38:55,488] multiqc                                            [DEBUG  ]  File ignored by longranger/invocation because it exceeded search pattern filesize limit: doctools.js
[2025-11-20 18:38:55,498] multiqc                                            [DEBUG  ]  File ignored by nanostat because it exceeded search pattern filesize limit: doctools.js
[2025-11-20 18:38:55,511] multiqc                                            [DEBUG  ]  File ignored by ccs/v4 because it exceeded search pattern filesize limit: jquery.js
[2025-11-20 18:38:55,512] multiqc                                            [DEBUG  ]  File ignored by hicexplorer because it exceeded search pattern filesize limit: jquery.js
[2025-11-20 18:38:55,513] multiqc                                            [DEBUG  ]  File ignored by lima/summary because it exceeded search pattern filesize limit: jquery.js
[2025-11-20 18:38:55,516] multiqc                                            [DEBUG  ]  File ignored by longranger/invocation because it exceeded search pattern filesize limit: jquery.js
[2025-11-20 18:38:55,528] multiqc                                            [DEBUG  ]  File ignored by nanostat because it exceeded search pattern filesize limit: jquery.js
[2025-11-20 18:38:55,538] multiqc                                            [DEBUG  ]  File ignored by ccs/v4 because it exceeded search pattern filesize limit: pygments.css
[2025-11-20 18:38:55,540] multiqc                                            [DEBUG  ]  File ignored by lima/summary because it exceeded search pattern filesize limit: pygments.css
[2025-11-20 18:38:55,543] multiqc                                            [DEBUG  ]  File ignored by longranger/invocation because it exceeded search pattern filesize limit: pygments.css
[2025-11-20 18:38:55,572] multiqc                                            [DEBUG  ]  File ignored by ccs/v4 because it exceeded search pattern filesize limit: searchtools.js
[2025-11-20 18:38:55,573] multiqc                                            [DEBUG  ]  File ignored by hicexplorer because it exceeded search pattern filesize limit: searchtools.js
[2025-11-20 18:38:55,573] multiqc                                            [DEBUG  ]  File ignored by lima/summary because it exceeded search pattern filesize limit: searchtools.js
[2025-11-20 18:38:55,576] multiqc                                            [DEBUG  ]  File ignored by longranger/invocation because it exceeded search pattern filesize limit: searchtools.js
[2025-11-20 18:38:55,598] multiqc                                            [DEBUG  ]  File ignored by nanostat because it exceeded search pattern filesize limit: searchtools.js
[2025-11-20 18:38:55,606] multiqc                                            [DEBUG  ]  File ignored by ccs/v4 because it exceeded search pattern filesize limit: underscore.js
[2025-11-20 18:38:55,608] multiqc                                            [DEBUG  ]  File ignored by hicexplorer because it exceeded search pattern filesize limit: underscore.js
[2025-11-20 18:38:55,608] multiqc                                            [DEBUG  ]  File ignored by lima/summary because it exceeded search pattern filesize limit: underscore.js
[2025-11-20 18:38:55,611] multiqc                                            [DEBUG  ]  File ignored by longranger/invocation because it exceeded search pattern filesize limit: underscore.js
[2025-11-20 18:38:55,617] multiqc                                            [DEBUG  ]  File ignored by nanostat because it exceeded search pattern filesize limit: underscore.js
[2025-11-20 18:38:55,627] multiqc                                            [DEBUG  ]  File ignored by ccs/v4 because it exceeded search pattern filesize limit: websupport.js
[2025-11-20 18:38:55,629] multiqc                                            [DEBUG  ]  File ignored by hicexplorer because it exceeded search pattern filesize limit: websupport.js
[2025-11-20 18:38:55,629] multiqc                                            [DEBUG  ]  File ignored by lima/summary because it exceeded search pattern filesize limit: websupport.js
[2025-11-20 18:38:55,632] multiqc                                            [DEBUG  ]  File ignored by longranger/invocation because it exceeded search pattern filesize limit: websupport.js
[2025-11-20 18:38:55,657] multiqc                                            [DEBUG  ]  File ignored by nanostat because it exceeded search pattern filesize limit: websupport.js
[2025-11-20 18:38:55,664] multiqc                                            [DEBUG  ]  File ignored by ccs/v4 because it exceeded search pattern filesize limit: coverage_profile_along_genes_(low).txt
[2025-11-20 18:38:55,666] multiqc                                            [DEBUG  ]  File ignored by lima/summary because it exceeded search pattern filesize limit: coverage_profile_along_genes_(low).txt
[2025-11-20 18:38:55,669] multiqc                                            [DEBUG  ]  File ignored by longranger/invocation because it exceeded search pattern filesize limit: coverage_profile_along_genes_(low).txt
[2025-11-20 18:38:55,681] multiqc                                            [DEBUG  ]  File ignored by ccs/v4 because it exceeded search pattern filesize limit: coverage_profile_along_genes_(high).txt
[2025-11-20 18:38:55,683] multiqc                                            [DEBUG  ]  File ignored by lima/summary because it exceeded search pattern filesize limit: coverage_profile_along_genes_(high).txt
[2025-11-20 18:38:55,686] multiqc                                            [DEBUG  ]  File ignored by longranger/invocation because it exceeded search pattern filesize limit: coverage_profile_along_genes_(high).txt
[2025-11-20 18:38:55,703] multiqc                                            [DEBUG  ]  File ignored by ccs/v4 because it exceeded search pattern filesize limit: qualimapReport.html
[2025-11-20 18:38:55,704] multiqc                                            [DEBUG  ]  File ignored by hicexplorer because it exceeded search pattern filesize limit: qualimapReport.html
[2025-11-20 18:38:55,704] multiqc                                            [DEBUG  ]  File ignored by lima/summary because it exceeded search pattern filesize limit: qualimapReport.html
[2025-11-20 18:38:55,707] multiqc                                            [DEBUG  ]  File ignored by longranger/invocation because it exceeded search pattern filesize limit: qualimapReport.html
[2025-11-20 18:38:55,719] multiqc                                            [DEBUG  ]  File ignored by nanostat because it exceeded search pattern filesize limit: qualimapReport.html
[2025-11-20 18:38:55,737] multiqc                                            [DEBUG  ]  File ignored by ccs/v4 because it exceeded search pattern filesize limit: agogo.css
[2025-11-20 18:38:55,739] multiqc                                            [DEBUG  ]  File ignored by hicexplorer because it exceeded search pattern filesize limit: agogo.css
[2025-11-20 18:38:55,739] multiqc                                            [DEBUG  ]  File ignored by lima/summary because it exceeded search pattern filesize limit: agogo.css
[2025-11-20 18:38:55,742] multiqc                                            [DEBUG  ]  File ignored by longranger/invocation because it exceeded search pattern filesize limit: agogo.css
[2025-11-20 18:38:55,756] multiqc                                            [DEBUG  ]  File ignored by nanostat because it exceeded search pattern filesize limit: agogo.css
[2025-11-20 18:38:55,765] multiqc                                            [DEBUG  ]  File ignored by ccs/v4 because it exceeded search pattern filesize limit: basic.css
[2025-11-20 18:38:55,766] multiqc                                            [DEBUG  ]  File ignored by hicexplorer because it exceeded search pattern filesize limit: basic.css
[2025-11-20 18:38:55,767] multiqc                                            [DEBUG  ]  File ignored by lima/summary because it exceeded search pattern filesize limit: basic.css
[2025-11-20 18:38:55,769] multiqc                                            [DEBUG  ]  File ignored by longranger/invocation because it exceeded search pattern filesize limit: basic.css
[2025-11-20 18:38:55,786] multiqc                                            [DEBUG  ]  File ignored by nanostat because it exceeded search pattern filesize limit: basic.css
[2025-11-20 18:38:55,806] multiqc                                            [DEBUG  ]  File ignored by ccs/v4 because it exceeded search pattern filesize limit: doctools.js
[2025-11-20 18:38:55,807] multiqc                                            [DEBUG  ]  File ignored by hicexplorer because it exceeded search pattern filesize limit: doctools.js
[2025-11-20 18:38:55,807] multiqc                                            [DEBUG  ]  File ignored by lima/summary because it exceeded search pattern filesize limit: doctools.js
[2025-11-20 18:38:55,810] multiqc                                            [DEBUG  ]  File ignored by longranger/invocation because it exceeded search pattern filesize limit: doctools.js
[2025-11-20 18:38:55,820] multiqc                                            [DEBUG  ]  File ignored by nanostat because it exceeded search pattern filesize limit: doctools.js
[2025-11-20 18:38:55,833] multiqc                                            [DEBUG  ]  File ignored by ccs/v4 because it exceeded search pattern filesize limit: jquery.js
[2025-11-20 18:38:55,835] multiqc                                            [DEBUG  ]  File ignored by hicexplorer because it exceeded search pattern filesize limit: jquery.js
[2025-11-20 18:38:55,835] multiqc                                            [DEBUG  ]  File ignored by lima/summary because it exceeded search pattern filesize limit: jquery.js
[2025-11-20 18:38:55,838] multiqc                                            [DEBUG  ]  File ignored by longranger/invocation because it exceeded search pattern filesize limit: jquery.js
[2025-11-20 18:38:55,850] multiqc                                            [DEBUG  ]  File ignored by nanostat because it exceeded search pattern filesize limit: jquery.js
[2025-11-20 18:38:55,861] multiqc                                            [DEBUG  ]  File ignored by ccs/v4 because it exceeded search pattern filesize limit: pygments.css
[2025-11-20 18:38:55,862] multiqc                                            [DEBUG  ]  File ignored by lima/summary because it exceeded search pattern filesize limit: pygments.css
[2025-11-20 18:38:55,865] multiqc                                            [DEBUG  ]  File ignored by longranger/invocation because it exceeded search pattern filesize limit: pygments.css
[2025-11-20 18:38:55,893] multiqc                                            [DEBUG  ]  File ignored by ccs/v4 because it exceeded search pattern filesize limit: searchtools.js
[2025-11-20 18:38:55,895] multiqc                                            [DEBUG  ]  File ignored by hicexplorer because it exceeded search pattern filesize limit: searchtools.js
[2025-11-20 18:38:55,895] multiqc                                            [DEBUG  ]  File ignored by lima/summary because it exceeded search pattern filesize limit: searchtools.js
[2025-11-20 18:38:55,901] multiqc                                            [DEBUG  ]  File ignored by longranger/invocation because it exceeded search pattern filesize limit: searchtools.js
[2025-11-20 18:38:55,920] multiqc                                            [DEBUG  ]  File ignored by nanostat because it exceeded search pattern filesize limit: searchtools.js
[2025-11-20 18:38:55,926] multiqc                                            [DEBUG  ]  File ignored by ccs/v4 because it exceeded search pattern filesize limit: underscore.js
[2025-11-20 18:38:55,928] multiqc                                            [DEBUG  ]  File ignored by hicexplorer because it exceeded search pattern filesize limit: underscore.js
[2025-11-20 18:38:55,928] multiqc                                            [DEBUG  ]  File ignored by lima/summary because it exceeded search pattern filesize limit: underscore.js
[2025-11-20 18:38:55,931] multiqc                                            [DEBUG  ]  File ignored by longranger/invocation because it exceeded search pattern filesize limit: underscore.js
[2025-11-20 18:38:55,936] multiqc                                            [DEBUG  ]  File ignored by nanostat because it exceeded search pattern filesize limit: underscore.js
[2025-11-20 18:38:55,947] multiqc                                            [DEBUG  ]  File ignored by ccs/v4 because it exceeded search pattern filesize limit: websupport.js
[2025-11-20 18:38:55,948] multiqc                                            [DEBUG  ]  File ignored by hicexplorer because it exceeded search pattern filesize limit: websupport.js
[2025-11-20 18:38:55,948] multiqc                                            [DEBUG  ]  File ignored by lima/summary because it exceeded search pattern filesize limit: websupport.js
[2025-11-20 18:38:55,951] multiqc                                            [DEBUG  ]  File ignored by longranger/invocation because it exceeded search pattern filesize limit: websupport.js
[2025-11-20 18:38:55,976] multiqc                                            [DEBUG  ]  File ignored by nanostat because it exceeded search pattern filesize limit: websupport.js
[2025-11-20 18:38:55,983] multiqc                                            [DEBUG  ]  File ignored by ccs/v4 because it exceeded search pattern filesize limit: coverage_profile_along_genes_(low).txt
[2025-11-20 18:38:55,985] multiqc                                            [DEBUG  ]  File ignored by lima/summary because it exceeded search pattern filesize limit: coverage_profile_along_genes_(low).txt
[2025-11-20 18:38:55,988] multiqc                                            [DEBUG  ]  File ignored by longranger/invocation because it exceeded search pattern filesize limit: coverage_profile_along_genes_(low).txt
[2025-11-20 18:38:56,000] multiqc                                            [DEBUG  ]  File ignored by ccs/v4 because it exceeded search pattern filesize limit: coverage_profile_along_genes_(high).txt
[2025-11-20 18:38:56,005] multiqc                                            [DEBUG  ]  File ignored by lima/summary because it exceeded search pattern filesize limit: coverage_profile_along_genes_(high).txt
[2025-11-20 18:38:56,008] multiqc                                            [DEBUG  ]  File ignored by longranger/invocation because it exceeded search pattern filesize limit: coverage_profile_along_genes_(high).txt
[2025-11-20 18:38:56,021] multiqc                                            [DEBUG  ]  File ignored by ccs/v4 because it exceeded search pattern filesize limit: qualimapReport.html
[2025-11-20 18:38:56,022] multiqc                                            [DEBUG  ]  File ignored by hicexplorer because it exceeded search pattern filesize limit: qualimapReport.html
[2025-11-20 18:38:56,023] multiqc                                            [DEBUG  ]  File ignored by lima/summary because it exceeded search pattern filesize limit: qualimapReport.html
[2025-11-20 18:38:56,026] multiqc                                            [DEBUG  ]  File ignored by longranger/invocation because it exceeded search pattern filesize limit: qualimapReport.html
[2025-11-20 18:38:56,037] multiqc                                            [DEBUG  ]  File ignored by nanostat because it exceeded search pattern filesize limit: qualimapReport.html
[2025-11-20 18:38:56,056] multiqc                                            [DEBUG  ]  File ignored by ccs/v4 because it exceeded search pattern filesize limit: agogo.css
[2025-11-20 18:38:56,058] multiqc                                            [DEBUG  ]  File ignored by hicexplorer because it exceeded search pattern filesize limit: agogo.css
[2025-11-20 18:38:56,058] multiqc                                            [DEBUG  ]  File ignored by lima/summary because it exceeded search pattern filesize limit: agogo.css
[2025-11-20 18:38:56,061] multiqc                                            [DEBUG  ]  File ignored by longranger/invocation because it exceeded search pattern filesize limit: agogo.css
[2025-11-20 18:38:56,075] multiqc                                            [DEBUG  ]  File ignored by nanostat because it exceeded search pattern filesize limit: agogo.css
[2025-11-20 18:38:56,084] multiqc                                            [DEBUG  ]  File ignored by ccs/v4 because it exceeded search pattern filesize limit: basic.css
[2025-11-20 18:38:56,085] multiqc                                            [DEBUG  ]  File ignored by hicexplorer because it exceeded search pattern filesize limit: basic.css
[2025-11-20 18:38:56,086] multiqc                                            [DEBUG  ]  File ignored by lima/summary because it exceeded search pattern filesize limit: basic.css
[2025-11-20 18:38:56,088] multiqc                                            [DEBUG  ]  File ignored by longranger/invocation because it exceeded search pattern filesize limit: basic.css
[2025-11-20 18:38:56,108] multiqc                                            [DEBUG  ]  File ignored by nanostat because it exceeded search pattern filesize limit: basic.css
[2025-11-20 18:38:56,124] multiqc                                            [DEBUG  ]  File ignored by ccs/v4 because it exceeded search pattern filesize limit: doctools.js
[2025-11-20 18:38:56,126] multiqc                                            [DEBUG  ]  File ignored by hicexplorer because it exceeded search pattern filesize limit: doctools.js
[2025-11-20 18:38:56,126] multiqc                                            [DEBUG  ]  File ignored by lima/summary because it exceeded search pattern filesize limit: doctools.js
[2025-11-20 18:38:56,129] multiqc                                            [DEBUG  ]  File ignored by longranger/invocation because it exceeded search pattern filesize limit: doctools.js
[2025-11-20 18:38:56,139] multiqc                                            [DEBUG  ]  File ignored by nanostat because it exceeded search pattern filesize limit: doctools.js
[2025-11-20 18:38:56,153] multiqc                                            [DEBUG  ]  File ignored by ccs/v4 because it exceeded search pattern filesize limit: jquery.js
[2025-11-20 18:38:56,154] multiqc                                            [DEBUG  ]  File ignored by hicexplorer because it exceeded search pattern filesize limit: jquery.js
[2025-11-20 18:38:56,154] multiqc                                            [DEBUG  ]  File ignored by lima/summary because it exceeded search pattern filesize limit: jquery.js
[2025-11-20 18:38:56,157] multiqc                                            [DEBUG  ]  File ignored by longranger/invocation because it exceeded search pattern filesize limit: jquery.js
[2025-11-20 18:38:56,170] multiqc                                            [DEBUG  ]  File ignored by nanostat because it exceeded search pattern filesize limit: jquery.js
[2025-11-20 18:38:56,180] multiqc                                            [DEBUG  ]  File ignored by ccs/v4 because it exceeded search pattern filesize limit: pygments.css
[2025-11-20 18:38:56,181] multiqc                                            [DEBUG  ]  File ignored by lima/summary because it exceeded search pattern filesize limit: pygments.css
[2025-11-20 18:38:56,184] multiqc                                            [DEBUG  ]  File ignored by longranger/invocation because it exceeded search pattern filesize limit: pygments.css
[2025-11-20 18:38:56,215] multiqc                                            [DEBUG  ]  File ignored by ccs/v4 because it exceeded search pattern filesize limit: searchtools.js
[2025-11-20 18:38:56,216] multiqc                                            [DEBUG  ]  File ignored by hicexplorer because it exceeded search pattern filesize limit: searchtools.js
[2025-11-20 18:38:56,217] multiqc                                            [DEBUG  ]  File ignored by lima/summary because it exceeded search pattern filesize limit: searchtools.js
[2025-11-20 18:38:56,220] multiqc                                            [DEBUG  ]  File ignored by longranger/invocation because it exceeded search pattern filesize limit: searchtools.js
[2025-11-20 18:38:56,237] multiqc                                            [DEBUG  ]  File ignored by nanostat because it exceeded search pattern filesize limit: searchtools.js
[2025-11-20 18:38:56,243] multiqc                                            [DEBUG  ]  File ignored by ccs/v4 because it exceeded search pattern filesize limit: underscore.js
[2025-11-20 18:38:56,245] multiqc                                            [DEBUG  ]  File ignored by hicexplorer because it exceeded search pattern filesize limit: underscore.js
[2025-11-20 18:38:56,245] multiqc                                            [DEBUG  ]  File ignored by lima/summary because it exceeded search pattern filesize limit: underscore.js
[2025-11-20 18:38:56,248] multiqc                                            [DEBUG  ]  File ignored by longranger/invocation because it exceeded search pattern filesize limit: underscore.js
[2025-11-20 18:38:56,253] multiqc                                            [DEBUG  ]  File ignored by nanostat because it exceeded search pattern filesize limit: underscore.js
[2025-11-20 18:38:56,264] multiqc                                            [DEBUG  ]  File ignored by ccs/v4 because it exceeded search pattern filesize limit: websupport.js
[2025-11-20 18:38:56,265] multiqc                                            [DEBUG  ]  File ignored by hicexplorer because it exceeded search pattern filesize limit: websupport.js
[2025-11-20 18:38:56,266] multiqc                                            [DEBUG  ]  File ignored by lima/summary because it exceeded search pattern filesize limit: websupport.js
[2025-11-20 18:38:56,269] multiqc                                            [DEBUG  ]  File ignored by longranger/invocation because it exceeded search pattern filesize limit: websupport.js
[2025-11-20 18:38:56,293] multiqc                                            [DEBUG  ]  File ignored by nanostat because it exceeded search pattern filesize limit: websupport.js
[2025-11-20 18:38:56,301] multiqc                                            [DEBUG  ]  File ignored by ccs/v4 because it exceeded search pattern filesize limit: coverage_profile_along_genes_(low).txt
[2025-11-20 18:38:56,302] multiqc                                            [DEBUG  ]  File ignored by lima/summary because it exceeded search pattern filesize limit: coverage_profile_along_genes_(low).txt
[2025-11-20 18:38:56,305] multiqc                                            [DEBUG  ]  File ignored by longranger/invocation because it exceeded search pattern filesize limit: coverage_profile_along_genes_(low).txt
[2025-11-20 18:38:56,320] multiqc                                            [DEBUG  ]  File ignored by ccs/v4 because it exceeded search pattern filesize limit: coverage_profile_along_genes_(high).txt
[2025-11-20 18:38:56,322] multiqc                                            [DEBUG  ]  File ignored by lima/summary because it exceeded search pattern filesize limit: coverage_profile_along_genes_(high).txt
[2025-11-20 18:38:56,325] multiqc                                            [DEBUG  ]  File ignored by longranger/invocation because it exceeded search pattern filesize limit: coverage_profile_along_genes_(high).txt
[2025-11-20 18:38:56,338] multiqc                                            [DEBUG  ]  File ignored by ccs/v4 because it exceeded search pattern filesize limit: qualimapReport.html
[2025-11-20 18:38:56,340] multiqc                                            [DEBUG  ]  File ignored by hicexplorer because it exceeded search pattern filesize limit: qualimapReport.html
[2025-11-20 18:38:56,340] multiqc                                            [DEBUG  ]  File ignored by lima/summary because it exceeded search pattern filesize limit: qualimapReport.html
[2025-11-20 18:38:56,343] multiqc                                            [DEBUG  ]  File ignored by longranger/invocation because it exceeded search pattern filesize limit: qualimapReport.html
[2025-11-20 18:38:56,354] multiqc                                            [DEBUG  ]  File ignored by nanostat because it exceeded search pattern filesize limit: qualimapReport.html
[2025-11-20 18:38:56,373] multiqc                                            [DEBUG  ]  File ignored by ccs/v4 because it exceeded search pattern filesize limit: agogo.css
[2025-11-20 18:38:56,375] multiqc                                            [DEBUG  ]  File ignored by hicexplorer because it exceeded search pattern filesize limit: agogo.css
[2025-11-20 18:38:56,375] multiqc                                            [DEBUG  ]  File ignored by lima/summary because it exceeded search pattern filesize limit: agogo.css
[2025-11-20 18:38:56,378] multiqc                                            [DEBUG  ]  File ignored by longranger/invocation because it exceeded search pattern filesize limit: agogo.css
[2025-11-20 18:38:56,392] multiqc                                            [DEBUG  ]  File ignored by nanostat because it exceeded search pattern filesize limit: agogo.css
[2025-11-20 18:38:56,400] multiqc                                            [DEBUG  ]  File ignored by ccs/v4 because it exceeded search pattern filesize limit: basic.css
[2025-11-20 18:38:56,402] multiqc                                            [DEBUG  ]  File ignored by hicexplorer because it exceeded search pattern filesize limit: basic.css
[2025-11-20 18:38:56,402] multiqc                                            [DEBUG  ]  File ignored by lima/summary because it exceeded search pattern filesize limit: basic.css
[2025-11-20 18:38:56,405] multiqc                                            [DEBUG  ]  File ignored by longranger/invocation because it exceeded search pattern filesize limit: basic.css
[2025-11-20 18:38:56,425] multiqc                                            [DEBUG  ]  File ignored by nanostat because it exceeded search pattern filesize limit: basic.css
[2025-11-20 18:38:56,442] multiqc                                            [DEBUG  ]  File ignored by ccs/v4 because it exceeded search pattern filesize limit: doctools.js
[2025-11-20 18:38:56,443] multiqc                                            [DEBUG  ]  File ignored by hicexplorer because it exceeded search pattern filesize limit: doctools.js
[2025-11-20 18:38:56,444] multiqc                                            [DEBUG  ]  File ignored by lima/summary because it exceeded search pattern filesize limit: doctools.js
[2025-11-20 18:38:56,447] multiqc                                            [DEBUG  ]  File ignored by longranger/invocation because it exceeded search pattern filesize limit: doctools.js
[2025-11-20 18:38:56,456] multiqc                                            [DEBUG  ]  File ignored by nanostat because it exceeded search pattern filesize limit: doctools.js
[2025-11-20 18:38:56,470] multiqc                                            [DEBUG  ]  File ignored by ccs/v4 because it exceeded search pattern filesize limit: jquery.js
[2025-11-20 18:38:56,472] multiqc                                            [DEBUG  ]  File ignored by hicexplorer because it exceeded search pattern filesize limit: jquery.js
[2025-11-20 18:38:56,472] multiqc                                            [DEBUG  ]  File ignored by lima/summary because it exceeded search pattern filesize limit: jquery.js
[2025-11-20 18:38:56,475] multiqc                                            [DEBUG  ]  File ignored by longranger/invocation because it exceeded search pattern filesize limit: jquery.js
[2025-11-20 18:38:56,487] multiqc                                            [DEBUG  ]  File ignored by nanostat because it exceeded search pattern filesize limit: jquery.js
[2025-11-20 18:38:56,498] multiqc                                            [DEBUG  ]  File ignored by ccs/v4 because it exceeded search pattern filesize limit: pygments.css
[2025-11-20 18:38:56,499] multiqc                                            [DEBUG  ]  File ignored by lima/summary because it exceeded search pattern filesize limit: pygments.css
[2025-11-20 18:38:56,502] multiqc                                            [DEBUG  ]  File ignored by longranger/invocation because it exceeded search pattern filesize limit: pygments.css
[2025-11-20 18:38:56,534] multiqc                                            [DEBUG  ]  File ignored by ccs/v4 because it exceeded search pattern filesize limit: searchtools.js
[2025-11-20 18:38:56,535] multiqc                                            [DEBUG  ]  File ignored by hicexplorer because it exceeded search pattern filesize limit: searchtools.js
[2025-11-20 18:38:56,535] multiqc                                            [DEBUG  ]  File ignored by lima/summary because it exceeded search pattern filesize limit: searchtools.js
[2025-11-20 18:38:56,538] multiqc                                            [DEBUG  ]  File ignored by longranger/invocation because it exceeded search pattern filesize limit: searchtools.js
[2025-11-20 18:38:56,557] multiqc                                            [DEBUG  ]  File ignored by nanostat because it exceeded search pattern filesize limit: searchtools.js
[2025-11-20 18:38:56,563] multiqc                                            [DEBUG  ]  File ignored by ccs/v4 because it exceeded search pattern filesize limit: underscore.js
[2025-11-20 18:38:56,565] multiqc                                            [DEBUG  ]  File ignored by hicexplorer because it exceeded search pattern filesize limit: underscore.js
[2025-11-20 18:38:56,565] multiqc                                            [DEBUG  ]  File ignored by lima/summary because it exceeded search pattern filesize limit: underscore.js
[2025-11-20 18:38:56,568] multiqc                                            [DEBUG  ]  File ignored by longranger/invocation because it exceeded search pattern filesize limit: underscore.js
[2025-11-20 18:38:56,573] multiqc                                            [DEBUG  ]  File ignored by nanostat because it exceeded search pattern filesize limit: underscore.js
[2025-11-20 18:38:56,584] multiqc                                            [DEBUG  ]  File ignored by ccs/v4 because it exceeded search pattern filesize limit: websupport.js
[2025-11-20 18:38:56,585] multiqc                                            [DEBUG  ]  File ignored by hicexplorer because it exceeded search pattern filesize limit: websupport.js
[2025-11-20 18:38:56,586] multiqc                                            [DEBUG  ]  File ignored by lima/summary because it exceeded search pattern filesize limit: websupport.js
[2025-11-20 18:38:56,588] multiqc                                            [DEBUG  ]  File ignored by longranger/invocation because it exceeded search pattern filesize limit: websupport.js
[2025-11-20 18:38:56,613] multiqc                                            [DEBUG  ]  File ignored by nanostat because it exceeded search pattern filesize limit: websupport.js
[2025-11-20 18:38:56,621] multiqc                                            [DEBUG  ]  File ignored by ccs/v4 because it exceeded search pattern filesize limit: coverage_profile_along_genes_(low).txt
[2025-11-20 18:38:56,622] multiqc                                            [DEBUG  ]  File ignored by lima/summary because it exceeded search pattern filesize limit: coverage_profile_along_genes_(low).txt
[2025-11-20 18:38:56,628] multiqc                                            [DEBUG  ]  File ignored by longranger/invocation because it exceeded search pattern filesize limit: coverage_profile_along_genes_(low).txt
[2025-11-20 18:38:56,640] multiqc                                            [DEBUG  ]  File ignored by ccs/v4 because it exceeded search pattern filesize limit: coverage_profile_along_genes_(high).txt
[2025-11-20 18:38:56,642] multiqc                                            [DEBUG  ]  File ignored by lima/summary because it exceeded search pattern filesize limit: coverage_profile_along_genes_(high).txt
[2025-11-20 18:38:56,645] multiqc                                            [DEBUG  ]  File ignored by longranger/invocation because it exceeded search pattern filesize limit: coverage_profile_along_genes_(high).txt
[2025-11-20 18:38:56,658] multiqc                                            [DEBUG  ]  File ignored by ccs/v4 because it exceeded search pattern filesize limit: qualimapReport.html
[2025-11-20 18:38:56,660] multiqc                                            [DEBUG  ]  File ignored by hicexplorer because it exceeded search pattern filesize limit: qualimapReport.html
[2025-11-20 18:38:56,660] multiqc                                            [DEBUG  ]  File ignored by lima/summary because it exceeded search pattern filesize limit: qualimapReport.html
[2025-11-20 18:38:56,663] multiqc                                            [DEBUG  ]  File ignored by longranger/invocation because it exceeded search pattern filesize limit: qualimapReport.html
[2025-11-20 18:38:56,674] multiqc                                            [DEBUG  ]  File ignored by nanostat because it exceeded search pattern filesize limit: qualimapReport.html
[2025-11-20 18:38:56,693] multiqc                                            [DEBUG  ]  File ignored by ccs/v4 because it exceeded search pattern filesize limit: agogo.css
[2025-11-20 18:38:56,694] multiqc                                            [DEBUG  ]  File ignored by hicexplorer because it exceeded search pattern filesize limit: agogo.css
[2025-11-20 18:38:56,695] multiqc                                            [DEBUG  ]  File ignored by lima/summary because it exceeded search pattern filesize limit: agogo.css
[2025-11-20 18:38:56,698] multiqc                                            [DEBUG  ]  File ignored by longranger/invocation because it exceeded search pattern filesize limit: agogo.css
[2025-11-20 18:38:56,712] multiqc                                            [DEBUG  ]  File ignored by nanostat because it exceeded search pattern filesize limit: agogo.css
[2025-11-20 18:38:56,721] multiqc                                            [DEBUG  ]  File ignored by ccs/v4 because it exceeded search pattern filesize limit: basic.css
[2025-11-20 18:38:56,722] multiqc                                            [DEBUG  ]  File ignored by hicexplorer because it exceeded search pattern filesize limit: basic.css
[2025-11-20 18:38:56,723] multiqc                                            [DEBUG  ]  File ignored by lima/summary because it exceeded search pattern filesize limit: basic.css
[2025-11-20 18:38:56,725] multiqc                                            [DEBUG  ]  File ignored by longranger/invocation because it exceeded search pattern filesize limit: basic.css
[2025-11-20 18:38:56,746] multiqc                                            [DEBUG  ]  File ignored by nanostat because it exceeded search pattern filesize limit: basic.css
[2025-11-20 18:38:56,763] multiqc                                            [DEBUG  ]  File ignored by ccs/v4 because it exceeded search pattern filesize limit: doctools.js
[2025-11-20 18:38:56,764] multiqc                                            [DEBUG  ]  File ignored by hicexplorer because it exceeded search pattern filesize limit: doctools.js
[2025-11-20 18:38:56,765] multiqc                                            [DEBUG  ]  File ignored by lima/summary because it exceeded search pattern filesize limit: doctools.js
[2025-11-20 18:38:56,768] multiqc                                            [DEBUG  ]  File ignored by longranger/invocation because it exceeded search pattern filesize limit: doctools.js
[2025-11-20 18:38:56,778] multiqc                                            [DEBUG  ]  File ignored by nanostat because it exceeded search pattern filesize limit: doctools.js
[2025-11-20 18:38:56,792] multiqc                                            [DEBUG  ]  File ignored by ccs/v4 because it exceeded search pattern filesize limit: jquery.js
[2025-11-20 18:38:56,793] multiqc                                            [DEBUG  ]  File ignored by hicexplorer because it exceeded search pattern filesize limit: jquery.js
[2025-11-20 18:38:56,793] multiqc                                            [DEBUG  ]  File ignored by lima/summary because it exceeded search pattern filesize limit: jquery.js
[2025-11-20 18:38:56,796] multiqc                                            [DEBUG  ]  File ignored by longranger/invocation because it exceeded search pattern filesize limit: jquery.js
[2025-11-20 18:38:56,809] multiqc                                            [DEBUG  ]  File ignored by nanostat because it exceeded search pattern filesize limit: jquery.js
[2025-11-20 18:38:56,819] multiqc                                            [DEBUG  ]  File ignored by ccs/v4 because it exceeded search pattern filesize limit: pygments.css
[2025-11-20 18:38:56,820] multiqc                                            [DEBUG  ]  File ignored by lima/summary because it exceeded search pattern filesize limit: pygments.css
[2025-11-20 18:38:56,823] multiqc                                            [DEBUG  ]  File ignored by longranger/invocation because it exceeded search pattern filesize limit: pygments.css
[2025-11-20 18:38:56,854] multiqc                                            [DEBUG  ]  File ignored by ccs/v4 because it exceeded search pattern filesize limit: searchtools.js
[2025-11-20 18:38:56,856] multiqc                                            [DEBUG  ]  File ignored by hicexplorer because it exceeded search pattern filesize limit: searchtools.js
[2025-11-20 18:38:56,856] multiqc                                            [DEBUG  ]  File ignored by lima/summary because it exceeded search pattern filesize limit: searchtools.js
[2025-11-20 18:38:56,859] multiqc                                            [DEBUG  ]  File ignored by longranger/invocation because it exceeded search pattern filesize limit: searchtools.js
[2025-11-20 18:38:56,877] multiqc                                            [DEBUG  ]  File ignored by nanostat because it exceeded search pattern filesize limit: searchtools.js
[2025-11-20 18:38:56,883] multiqc                                            [DEBUG  ]  File ignored by ccs/v4 because it exceeded search pattern filesize limit: underscore.js
[2025-11-20 18:38:56,885] multiqc                                            [DEBUG  ]  File ignored by hicexplorer because it exceeded search pattern filesize limit: underscore.js
[2025-11-20 18:38:56,885] multiqc                                            [DEBUG  ]  File ignored by lima/summary because it exceeded search pattern filesize limit: underscore.js
[2025-11-20 18:38:56,888] multiqc                                            [DEBUG  ]  File ignored by longranger/invocation because it exceeded search pattern filesize limit: underscore.js
[2025-11-20 18:38:56,894] multiqc                                            [DEBUG  ]  File ignored by nanostat because it exceeded search pattern filesize limit: underscore.js
[2025-11-20 18:38:56,904] multiqc                                            [DEBUG  ]  File ignored by ccs/v4 because it exceeded search pattern filesize limit: websupport.js
[2025-11-20 18:38:56,906] multiqc                                            [DEBUG  ]  File ignored by hicexplorer because it exceeded search pattern filesize limit: websupport.js
[2025-11-20 18:38:56,906] multiqc                                            [DEBUG  ]  File ignored by lima/summary because it exceeded search pattern filesize limit: websupport.js
[2025-11-20 18:38:56,909] multiqc                                            [DEBUG  ]  File ignored by longranger/invocation because it exceeded search pattern filesize limit: websupport.js
[2025-11-20 18:38:56,934] multiqc                                            [DEBUG  ]  File ignored by nanostat because it exceeded search pattern filesize limit: websupport.js
[2025-11-20 18:38:56,944] multiqc                                            [DEBUG  ]  File ignored by ccs/v4 because it exceeded search pattern filesize limit: coverage_profile_along_genes_(low).txt
[2025-11-20 18:38:56,946] multiqc                                            [DEBUG  ]  File ignored by lima/summary because it exceeded search pattern filesize limit: coverage_profile_along_genes_(low).txt
[2025-11-20 18:38:56,949] multiqc                                            [DEBUG  ]  File ignored by longranger/invocation because it exceeded search pattern filesize limit: coverage_profile_along_genes_(low).txt
[2025-11-20 18:38:56,961] multiqc                                            [DEBUG  ]  File ignored by ccs/v4 because it exceeded search pattern filesize limit: coverage_profile_along_genes_(high).txt
[2025-11-20 18:38:56,962] multiqc                                            [DEBUG  ]  File ignored by lima/summary because it exceeded search pattern filesize limit: coverage_profile_along_genes_(high).txt
[2025-11-20 18:38:56,965] multiqc                                            [DEBUG  ]  File ignored by longranger/invocation because it exceeded search pattern filesize limit: coverage_profile_along_genes_(high).txt
[2025-11-20 18:38:56,979] multiqc                                            [DEBUG  ]  File ignored by ccs/v4 because it exceeded search pattern filesize limit: qualimapReport.html
[2025-11-20 18:38:56,980] multiqc                                            [DEBUG  ]  File ignored by hicexplorer because it exceeded search pattern filesize limit: qualimapReport.html
[2025-11-20 18:38:56,981] multiqc                                            [DEBUG  ]  File ignored by lima/summary because it exceeded search pattern filesize limit: qualimapReport.html
[2025-11-20 18:38:56,984] multiqc                                            [DEBUG  ]  File ignored by longranger/invocation because it exceeded search pattern filesize limit: qualimapReport.html
[2025-11-20 18:38:56,995] multiqc                                            [DEBUG  ]  File ignored by nanostat because it exceeded search pattern filesize limit: qualimapReport.html
[2025-11-20 18:38:57,014] multiqc                                            [DEBUG  ]  File ignored by ccs/v4 because it exceeded search pattern filesize limit: agogo.css
[2025-11-20 18:38:57,016] multiqc                                            [DEBUG  ]  File ignored by hicexplorer because it exceeded search pattern filesize limit: agogo.css
[2025-11-20 18:38:57,016] multiqc                                            [DEBUG  ]  File ignored by lima/summary because it exceeded search pattern filesize limit: agogo.css
[2025-11-20 18:38:57,019] multiqc                                            [DEBUG  ]  File ignored by longranger/invocation because it exceeded search pattern filesize limit: agogo.css
[2025-11-20 18:38:57,033] multiqc                                            [DEBUG  ]  File ignored by nanostat because it exceeded search pattern filesize limit: agogo.css
[2025-11-20 18:38:57,041] multiqc                                            [DEBUG  ]  File ignored by ccs/v4 because it exceeded search pattern filesize limit: basic.css
[2025-11-20 18:38:57,046] multiqc                                            [DEBUG  ]  File ignored by hicexplorer because it exceeded search pattern filesize limit: basic.css
[2025-11-20 18:38:57,046] multiqc                                            [DEBUG  ]  File ignored by lima/summary because it exceeded search pattern filesize limit: basic.css
[2025-11-20 18:38:57,049] multiqc                                            [DEBUG  ]  File ignored by longranger/invocation because it exceeded search pattern filesize limit: basic.css
[2025-11-20 18:38:57,067] multiqc                                            [DEBUG  ]  File ignored by nanostat because it exceeded search pattern filesize limit: basic.css
[2025-11-20 18:38:57,083] multiqc                                            [DEBUG  ]  File ignored by ccs/v4 because it exceeded search pattern filesize limit: doctools.js
[2025-11-20 18:38:57,085] multiqc                                            [DEBUG  ]  File ignored by hicexplorer because it exceeded search pattern filesize limit: doctools.js
[2025-11-20 18:38:57,085] multiqc                                            [DEBUG  ]  File ignored by lima/summary because it exceeded search pattern filesize limit: doctools.js
[2025-11-20 18:38:57,088] multiqc                                            [DEBUG  ]  File ignored by longranger/invocation because it exceeded search pattern filesize limit: doctools.js
[2025-11-20 18:38:57,098] multiqc                                            [DEBUG  ]  File ignored by nanostat because it exceeded search pattern filesize limit: doctools.js
[2025-11-20 18:38:57,111] multiqc                                            [DEBUG  ]  File ignored by ccs/v4 because it exceeded search pattern filesize limit: jquery.js
[2025-11-20 18:38:57,113] multiqc                                            [DEBUG  ]  File ignored by hicexplorer because it exceeded search pattern filesize limit: jquery.js
[2025-11-20 18:38:57,113] multiqc                                            [DEBUG  ]  File ignored by lima/summary because it exceeded search pattern filesize limit: jquery.js
[2025-11-20 18:38:57,116] multiqc                                            [DEBUG  ]  File ignored by longranger/invocation because it exceeded search pattern filesize limit: jquery.js
[2025-11-20 18:38:57,129] multiqc                                            [DEBUG  ]  File ignored by nanostat because it exceeded search pattern filesize limit: jquery.js
[2025-11-20 18:38:57,139] multiqc                                            [DEBUG  ]  File ignored by ccs/v4 because it exceeded search pattern filesize limit: pygments.css
[2025-11-20 18:38:57,141] multiqc                                            [DEBUG  ]  File ignored by lima/summary because it exceeded search pattern filesize limit: pygments.css
[2025-11-20 18:38:57,144] multiqc                                            [DEBUG  ]  File ignored by longranger/invocation because it exceeded search pattern filesize limit: pygments.css
[2025-11-20 18:38:57,176] multiqc                                            [DEBUG  ]  File ignored by ccs/v4 because it exceeded search pattern filesize limit: searchtools.js
[2025-11-20 18:38:57,177] multiqc                                            [DEBUG  ]  File ignored by hicexplorer because it exceeded search pattern filesize limit: searchtools.js
[2025-11-20 18:38:57,178] multiqc                                            [DEBUG  ]  File ignored by lima/summary because it exceeded search pattern filesize limit: searchtools.js
[2025-11-20 18:38:57,181] multiqc                                            [DEBUG  ]  File ignored by longranger/invocation because it exceeded search pattern filesize limit: searchtools.js
[2025-11-20 18:38:57,200] multiqc                                            [DEBUG  ]  File ignored by nanostat because it exceeded search pattern filesize limit: searchtools.js
[2025-11-20 18:38:57,207] multiqc                                            [DEBUG  ]  File ignored by ccs/v4 because it exceeded search pattern filesize limit: underscore.js
[2025-11-20 18:38:57,208] multiqc                                            [DEBUG  ]  File ignored by hicexplorer because it exceeded search pattern filesize limit: underscore.js
[2025-11-20 18:38:57,208] multiqc                                            [DEBUG  ]  File ignored by lima/summary because it exceeded search pattern filesize limit: underscore.js
[2025-11-20 18:38:57,211] multiqc                                            [DEBUG  ]  File ignored by longranger/invocation because it exceeded search pattern filesize limit: underscore.js
[2025-11-20 18:38:57,217] multiqc                                            [DEBUG  ]  File ignored by nanostat because it exceeded search pattern filesize limit: underscore.js
[2025-11-20 18:38:57,227] multiqc                                            [DEBUG  ]  File ignored by ccs/v4 because it exceeded search pattern filesize limit: websupport.js
[2025-11-20 18:38:57,229] multiqc                                            [DEBUG  ]  File ignored by hicexplorer because it exceeded search pattern filesize limit: websupport.js
[2025-11-20 18:38:57,229] multiqc                                            [DEBUG  ]  File ignored by lima/summary because it exceeded search pattern filesize limit: websupport.js
[2025-11-20 18:38:57,232] multiqc                                            [DEBUG  ]  File ignored by longranger/invocation because it exceeded search pattern filesize limit: websupport.js
[2025-11-20 18:38:57,260] multiqc                                            [DEBUG  ]  File ignored by nanostat because it exceeded search pattern filesize limit: websupport.js
[2025-11-20 18:38:57,267] multiqc                                            [DEBUG  ]  File ignored by ccs/v4 because it exceeded search pattern filesize limit: coverage_profile_along_genes_(low).txt
[2025-11-20 18:38:57,269] multiqc                                            [DEBUG  ]  File ignored by lima/summary because it exceeded search pattern filesize limit: coverage_profile_along_genes_(low).txt
[2025-11-20 18:38:57,272] multiqc                                            [DEBUG  ]  File ignored by longranger/invocation because it exceeded search pattern filesize limit: coverage_profile_along_genes_(low).txt
[2025-11-20 18:38:57,284] multiqc                                            [DEBUG  ]  File ignored by ccs/v4 because it exceeded search pattern filesize limit: coverage_profile_along_genes_(high).txt
[2025-11-20 18:38:57,286] multiqc                                            [DEBUG  ]  File ignored by lima/summary because it exceeded search pattern filesize limit: coverage_profile_along_genes_(high).txt
[2025-11-20 18:38:57,289] multiqc                                            [DEBUG  ]  File ignored by longranger/invocation because it exceeded search pattern filesize limit: coverage_profile_along_genes_(high).txt
[2025-11-20 18:38:57,302] multiqc                                            [DEBUG  ]  File ignored by ccs/v4 because it exceeded search pattern filesize limit: qualimapReport.html
[2025-11-20 18:38:57,303] multiqc                                            [DEBUG  ]  File ignored by hicexplorer because it exceeded search pattern filesize limit: qualimapReport.html
[2025-11-20 18:38:57,304] multiqc                                            [DEBUG  ]  File ignored by lima/summary because it exceeded search pattern filesize limit: qualimapReport.html
[2025-11-20 18:38:57,306] multiqc                                            [DEBUG  ]  File ignored by longranger/invocation because it exceeded search pattern filesize limit: qualimapReport.html
[2025-11-20 18:38:57,318] multiqc                                            [DEBUG  ]  File ignored by nanostat because it exceeded search pattern filesize limit: qualimapReport.html
[2025-11-20 18:38:57,337] multiqc                                            [DEBUG  ]  File ignored by ccs/v4 because it exceeded search pattern filesize limit: agogo.css
[2025-11-20 18:38:57,339] multiqc                                            [DEBUG  ]  File ignored by hicexplorer because it exceeded search pattern filesize limit: agogo.css
[2025-11-20 18:38:57,339] multiqc                                            [DEBUG  ]  File ignored by lima/summary because it exceeded search pattern filesize limit: agogo.css
[2025-11-20 18:38:57,342] multiqc                                            [DEBUG  ]  File ignored by longranger/invocation because it exceeded search pattern filesize limit: agogo.css
[2025-11-20 18:38:57,359] multiqc                                            [DEBUG  ]  File ignored by nanostat because it exceeded search pattern filesize limit: agogo.css
[2025-11-20 18:38:57,367] multiqc                                            [DEBUG  ]  File ignored by ccs/v4 because it exceeded search pattern filesize limit: basic.css
[2025-11-20 18:38:57,369] multiqc                                            [DEBUG  ]  File ignored by hicexplorer because it exceeded search pattern filesize limit: basic.css
[2025-11-20 18:38:57,369] multiqc                                            [DEBUG  ]  File ignored by lima/summary because it exceeded search pattern filesize limit: basic.css
[2025-11-20 18:38:57,372] multiqc                                            [DEBUG  ]  File ignored by longranger/invocation because it exceeded search pattern filesize limit: basic.css
[2025-11-20 18:38:57,389] multiqc                                            [DEBUG  ]  File ignored by nanostat because it exceeded search pattern filesize limit: basic.css
[2025-11-20 18:38:57,406] multiqc                                            [DEBUG  ]  File ignored by ccs/v4 because it exceeded search pattern filesize limit: doctools.js
[2025-11-20 18:38:57,407] multiqc                                            [DEBUG  ]  File ignored by hicexplorer because it exceeded search pattern filesize limit: doctools.js
[2025-11-20 18:38:57,408] multiqc                                            [DEBUG  ]  File ignored by lima/summary because it exceeded search pattern filesize limit: doctools.js
[2025-11-20 18:38:57,411] multiqc                                            [DEBUG  ]  File ignored by longranger/invocation because it exceeded search pattern filesize limit: doctools.js
[2025-11-20 18:38:57,420] multiqc                                            [DEBUG  ]  File ignored by nanostat because it exceeded search pattern filesize limit: doctools.js
[2025-11-20 18:38:57,434] multiqc                                            [DEBUG  ]  File ignored by ccs/v4 because it exceeded search pattern filesize limit: jquery.js
[2025-11-20 18:38:57,436] multiqc                                            [DEBUG  ]  File ignored by hicexplorer because it exceeded search pattern filesize limit: jquery.js
[2025-11-20 18:38:57,436] multiqc                                            [DEBUG  ]  File ignored by lima/summary because it exceeded search pattern filesize limit: jquery.js
[2025-11-20 18:38:57,439] multiqc                                            [DEBUG  ]  File ignored by longranger/invocation because it exceeded search pattern filesize limit: jquery.js
[2025-11-20 18:38:57,452] multiqc                                            [DEBUG  ]  File ignored by nanostat because it exceeded search pattern filesize limit: jquery.js
[2025-11-20 18:38:57,465] multiqc                                            [DEBUG  ]  File ignored by ccs/v4 because it exceeded search pattern filesize limit: pygments.css
[2025-11-20 18:38:57,467] multiqc                                            [DEBUG  ]  File ignored by lima/summary because it exceeded search pattern filesize limit: pygments.css
[2025-11-20 18:38:57,470] multiqc                                            [DEBUG  ]  File ignored by longranger/invocation because it exceeded search pattern filesize limit: pygments.css
[2025-11-20 18:38:57,498] multiqc                                            [DEBUG  ]  File ignored by ccs/v4 because it exceeded search pattern filesize limit: searchtools.js
[2025-11-20 18:38:57,500] multiqc                                            [DEBUG  ]  File ignored by hicexplorer because it exceeded search pattern filesize limit: searchtools.js
[2025-11-20 18:38:57,500] multiqc                                            [DEBUG  ]  File ignored by lima/summary because it exceeded search pattern filesize limit: searchtools.js
[2025-11-20 18:38:57,503] multiqc                                            [DEBUG  ]  File ignored by longranger/invocation because it exceeded search pattern filesize limit: searchtools.js
[2025-11-20 18:38:57,522] multiqc                                            [DEBUG  ]  File ignored by nanostat because it exceeded search pattern filesize limit: searchtools.js
[2025-11-20 18:38:57,528] multiqc                                            [DEBUG  ]  File ignored by ccs/v4 because it exceeded search pattern filesize limit: underscore.js
[2025-11-20 18:38:57,530] multiqc                                            [DEBUG  ]  File ignored by hicexplorer because it exceeded search pattern filesize limit: underscore.js
[2025-11-20 18:38:57,530] multiqc                                            [DEBUG  ]  File ignored by lima/summary because it exceeded search pattern filesize limit: underscore.js
[2025-11-20 18:38:57,533] multiqc                                            [DEBUG  ]  File ignored by longranger/invocation because it exceeded search pattern filesize limit: underscore.js
[2025-11-20 18:38:57,539] multiqc                                            [DEBUG  ]  File ignored by nanostat because it exceeded search pattern filesize limit: underscore.js
[2025-11-20 18:38:57,549] multiqc                                            [DEBUG  ]  File ignored by ccs/v4 because it exceeded search pattern filesize limit: websupport.js
[2025-11-20 18:38:57,551] multiqc                                            [DEBUG  ]  File ignored by hicexplorer because it exceeded search pattern filesize limit: websupport.js
[2025-11-20 18:38:57,551] multiqc                                            [DEBUG  ]  File ignored by lima/summary because it exceeded search pattern filesize limit: websupport.js
[2025-11-20 18:38:57,554] multiqc                                            [DEBUG  ]  File ignored by longranger/invocation because it exceeded search pattern filesize limit: websupport.js
[2025-11-20 18:38:57,584] multiqc                                            [DEBUG  ]  File ignored by nanostat because it exceeded search pattern filesize limit: websupport.js
[2025-11-20 18:38:57,592] multiqc                                            [DEBUG  ]  File ignored by ccs/v4 because it exceeded search pattern filesize limit: coverage_profile_along_genes_(low).txt
[2025-11-20 18:38:57,594] multiqc                                            [DEBUG  ]  File ignored by lima/summary because it exceeded search pattern filesize limit: coverage_profile_along_genes_(low).txt
[2025-11-20 18:38:57,597] multiqc                                            [DEBUG  ]  File ignored by longranger/invocation because it exceeded search pattern filesize limit: coverage_profile_along_genes_(low).txt
[2025-11-20 18:38:57,624] multiqc                                            [DEBUG  ]  File ignored by ccs/v4 because it exceeded search pattern filesize limit: coverage_profile_along_genes_(high).txt
[2025-11-20 18:38:57,628] multiqc                                            [DEBUG  ]  File ignored by lima/summary because it exceeded search pattern filesize limit: coverage_profile_along_genes_(high).txt
[2025-11-20 18:38:57,636] multiqc                                            [DEBUG  ]  File ignored by longranger/invocation because it exceeded search pattern filesize limit: coverage_profile_along_genes_(high).txt
[2025-11-20 18:38:57,653] multiqc                                            [DEBUG  ]  File ignored by ccs/v4 because it exceeded search pattern filesize limit: qualimapReport.html
[2025-11-20 18:38:57,655] multiqc                                            [DEBUG  ]  File ignored by hicexplorer because it exceeded search pattern filesize limit: qualimapReport.html
[2025-11-20 18:38:57,655] multiqc                                            [DEBUG  ]  File ignored by lima/summary because it exceeded search pattern filesize limit: qualimapReport.html
[2025-11-20 18:38:57,658] multiqc                                            [DEBUG  ]  File ignored by longranger/invocation because it exceeded search pattern filesize limit: qualimapReport.html
[2025-11-20 18:38:57,673] multiqc                                            [DEBUG  ]  File ignored by nanostat because it exceeded search pattern filesize limit: qualimapReport.html
[2025-11-20 18:38:57,693] multiqc                                            [DEBUG  ]  File ignored by ccs/v4 because it exceeded search pattern filesize limit: agogo.css
[2025-11-20 18:38:57,695] multiqc                                            [DEBUG  ]  File ignored by hicexplorer because it exceeded search pattern filesize limit: agogo.css
[2025-11-20 18:38:57,695] multiqc                                            [DEBUG  ]  File ignored by lima/summary because it exceeded search pattern filesize limit: agogo.css
[2025-11-20 18:38:57,698] multiqc                                            [DEBUG  ]  File ignored by longranger/invocation because it exceeded search pattern filesize limit: agogo.css
[2025-11-20 18:38:57,712] multiqc                                            [DEBUG  ]  File ignored by nanostat because it exceeded search pattern filesize limit: agogo.css
[2025-11-20 18:38:57,721] multiqc                                            [DEBUG  ]  File ignored by ccs/v4 because it exceeded search pattern filesize limit: basic.css
[2025-11-20 18:38:57,722] multiqc                                            [DEBUG  ]  File ignored by hicexplorer because it exceeded search pattern filesize limit: basic.css
[2025-11-20 18:38:57,723] multiqc                                            [DEBUG  ]  File ignored by lima/summary because it exceeded search pattern filesize limit: basic.css
[2025-11-20 18:38:57,725] multiqc                                            [DEBUG  ]  File ignored by longranger/invocation because it exceeded search pattern filesize limit: basic.css
[2025-11-20 18:38:57,743] multiqc                                            [DEBUG  ]  File ignored by nanostat because it exceeded search pattern filesize limit: basic.css
[2025-11-20 18:38:57,759] multiqc                                            [DEBUG  ]  File ignored by ccs/v4 because it exceeded search pattern filesize limit: doctools.js
[2025-11-20 18:38:57,761] multiqc                                            [DEBUG  ]  File ignored by hicexplorer because it exceeded search pattern filesize limit: doctools.js
[2025-11-20 18:38:57,761] multiqc                                            [DEBUG  ]  File ignored by lima/summary because it exceeded search pattern filesize limit: doctools.js
[2025-11-20 18:38:57,764] multiqc                                            [DEBUG  ]  File ignored by longranger/invocation because it exceeded search pattern filesize limit: doctools.js
[2025-11-20 18:38:57,777] multiqc                                            [DEBUG  ]  File ignored by nanostat because it exceeded search pattern filesize limit: doctools.js
[2025-11-20 18:38:57,790] multiqc                                            [DEBUG  ]  File ignored by ccs/v4 because it exceeded search pattern filesize limit: jquery.js
[2025-11-20 18:38:57,792] multiqc                                            [DEBUG  ]  File ignored by hicexplorer because it exceeded search pattern filesize limit: jquery.js
[2025-11-20 18:38:57,792] multiqc                                            [DEBUG  ]  File ignored by lima/summary because it exceeded search pattern filesize limit: jquery.js
[2025-11-20 18:38:57,795] multiqc                                            [DEBUG  ]  File ignored by longranger/invocation because it exceeded search pattern filesize limit: jquery.js
[2025-11-20 18:38:57,808] multiqc                                            [DEBUG  ]  File ignored by nanostat because it exceeded search pattern filesize limit: jquery.js
[2025-11-20 18:38:57,818] multiqc                                            [DEBUG  ]  File ignored by ccs/v4 because it exceeded search pattern filesize limit: pygments.css
[2025-11-20 18:38:57,820] multiqc                                            [DEBUG  ]  File ignored by lima/summary because it exceeded search pattern filesize limit: pygments.css
[2025-11-20 18:38:57,823] multiqc                                            [DEBUG  ]  File ignored by longranger/invocation because it exceeded search pattern filesize limit: pygments.css
[2025-11-20 18:38:57,852] multiqc                                            [DEBUG  ]  File ignored by ccs/v4 because it exceeded search pattern filesize limit: searchtools.js
[2025-11-20 18:38:57,853] multiqc                                            [DEBUG  ]  File ignored by hicexplorer because it exceeded search pattern filesize limit: searchtools.js
[2025-11-20 18:38:57,853] multiqc                                            [DEBUG  ]  File ignored by lima/summary because it exceeded search pattern filesize limit: searchtools.js
[2025-11-20 18:38:57,856] multiqc                                            [DEBUG  ]  File ignored by longranger/invocation because it exceeded search pattern filesize limit: searchtools.js
[2025-11-20 18:38:57,876] multiqc                                            [DEBUG  ]  File ignored by nanostat because it exceeded search pattern filesize limit: searchtools.js
[2025-11-20 18:38:57,885] multiqc                                            [DEBUG  ]  File ignored by ccs/v4 because it exceeded search pattern filesize limit: underscore.js
[2025-11-20 18:38:57,887] multiqc                                            [DEBUG  ]  File ignored by hicexplorer because it exceeded search pattern filesize limit: underscore.js
[2025-11-20 18:38:57,887] multiqc                                            [DEBUG  ]  File ignored by lima/summary because it exceeded search pattern filesize limit: underscore.js
[2025-11-20 18:38:57,890] multiqc                                            [DEBUG  ]  File ignored by longranger/invocation because it exceeded search pattern filesize limit: underscore.js
[2025-11-20 18:38:57,895] multiqc                                            [DEBUG  ]  File ignored by nanostat because it exceeded search pattern filesize limit: underscore.js
[2025-11-20 18:38:57,908] multiqc                                            [DEBUG  ]  File ignored by ccs/v4 because it exceeded search pattern filesize limit: websupport.js
[2025-11-20 18:38:57,909] multiqc                                            [DEBUG  ]  File ignored by hicexplorer because it exceeded search pattern filesize limit: websupport.js
[2025-11-20 18:38:57,909] multiqc                                            [DEBUG  ]  File ignored by lima/summary because it exceeded search pattern filesize limit: websupport.js
[2025-11-20 18:38:57,912] multiqc                                            [DEBUG  ]  File ignored by longranger/invocation because it exceeded search pattern filesize limit: websupport.js
[2025-11-20 18:38:57,938] multiqc                                            [DEBUG  ]  File ignored by nanostat because it exceeded search pattern filesize limit: websupport.js
[2025-11-20 18:38:57,946] multiqc                                            [DEBUG  ]  File ignored by ccs/v4 because it exceeded search pattern filesize limit: coverage_profile_along_genes_(low).txt
[2025-11-20 18:38:57,948] multiqc                                            [DEBUG  ]  File ignored by lima/summary because it exceeded search pattern filesize limit: coverage_profile_along_genes_(low).txt
[2025-11-20 18:38:57,951] multiqc                                            [DEBUG  ]  File ignored by longranger/invocation because it exceeded search pattern filesize limit: coverage_profile_along_genes_(low).txt
[2025-11-20 18:38:57,962] multiqc                                            [DEBUG  ]  File ignored by ccs/v4 because it exceeded search pattern filesize limit: coverage_profile_along_genes_(high).txt
[2025-11-20 18:38:57,964] multiqc                                            [DEBUG  ]  File ignored by lima/summary because it exceeded search pattern filesize limit: coverage_profile_along_genes_(high).txt
[2025-11-20 18:38:57,967] multiqc                                            [DEBUG  ]  File ignored by longranger/invocation because it exceeded search pattern filesize limit: coverage_profile_along_genes_(high).txt
[2025-11-20 18:38:57,984] multiqc                                            [DEBUG  ]  File ignored by ccs/v4 because it exceeded search pattern filesize limit: qualimapReport.html
[2025-11-20 18:38:57,986] multiqc                                            [DEBUG  ]  File ignored by hicexplorer because it exceeded search pattern filesize limit: qualimapReport.html
[2025-11-20 18:38:57,986] multiqc                                            [DEBUG  ]  File ignored by lima/summary because it exceeded search pattern filesize limit: qualimapReport.html
[2025-11-20 18:38:57,989] multiqc                                            [DEBUG  ]  File ignored by longranger/invocation because it exceeded search pattern filesize limit: qualimapReport.html
[2025-11-20 18:38:58,000] multiqc                                            [DEBUG  ]  File ignored by nanostat because it exceeded search pattern filesize limit: qualimapReport.html
[2025-11-20 18:38:58,019] multiqc                                            [DEBUG  ]  File ignored by ccs/v4 because it exceeded search pattern filesize limit: agogo.css
[2025-11-20 18:38:58,021] multiqc                                            [DEBUG  ]  File ignored by hicexplorer because it exceeded search pattern filesize limit: agogo.css
[2025-11-20 18:38:58,021] multiqc                                            [DEBUG  ]  File ignored by lima/summary because it exceeded search pattern filesize limit: agogo.css
[2025-11-20 18:38:58,024] multiqc                                            [DEBUG  ]  File ignored by longranger/invocation because it exceeded search pattern filesize limit: agogo.css
[2025-11-20 18:38:58,038] multiqc                                            [DEBUG  ]  File ignored by nanostat because it exceeded search pattern filesize limit: agogo.css
[2025-11-20 18:38:58,046] multiqc                                            [DEBUG  ]  File ignored by ccs/v4 because it exceeded search pattern filesize limit: basic.css
[2025-11-20 18:38:58,048] multiqc                                            [DEBUG  ]  File ignored by hicexplorer because it exceeded search pattern filesize limit: basic.css
[2025-11-20 18:38:58,048] multiqc                                            [DEBUG  ]  File ignored by lima/summary because it exceeded search pattern filesize limit: basic.css
[2025-11-20 18:38:58,051] multiqc                                            [DEBUG  ]  File ignored by longranger/invocation because it exceeded search pattern filesize limit: basic.css
[2025-11-20 18:38:58,068] multiqc                                            [DEBUG  ]  File ignored by nanostat because it exceeded search pattern filesize limit: basic.css
[2025-11-20 18:38:58,088] multiqc                                            [DEBUG  ]  File ignored by ccs/v4 because it exceeded search pattern filesize limit: doctools.js
[2025-11-20 18:38:58,089] multiqc                                            [DEBUG  ]  File ignored by hicexplorer because it exceeded search pattern filesize limit: doctools.js
[2025-11-20 18:38:58,089] multiqc                                            [DEBUG  ]  File ignored by lima/summary because it exceeded search pattern filesize limit: doctools.js
[2025-11-20 18:38:58,092] multiqc                                            [DEBUG  ]  File ignored by longranger/invocation because it exceeded search pattern filesize limit: doctools.js
[2025-11-20 18:38:58,102] multiqc                                            [DEBUG  ]  File ignored by nanostat because it exceeded search pattern filesize limit: doctools.js
[2025-11-20 18:38:58,116] multiqc                                            [DEBUG  ]  File ignored by ccs/v4 because it exceeded search pattern filesize limit: jquery.js
[2025-11-20 18:38:58,117] multiqc                                            [DEBUG  ]  File ignored by hicexplorer because it exceeded search pattern filesize limit: jquery.js
[2025-11-20 18:38:58,118] multiqc                                            [DEBUG  ]  File ignored by lima/summary because it exceeded search pattern filesize limit: jquery.js
[2025-11-20 18:38:58,121] multiqc                                            [DEBUG  ]  File ignored by longranger/invocation because it exceeded search pattern filesize limit: jquery.js
[2025-11-20 18:38:58,133] multiqc                                            [DEBUG  ]  File ignored by nanostat because it exceeded search pattern filesize limit: jquery.js
[2025-11-20 18:38:58,143] multiqc                                            [DEBUG  ]  File ignored by ccs/v4 because it exceeded search pattern filesize limit: pygments.css
[2025-11-20 18:38:58,145] multiqc                                            [DEBUG  ]  File ignored by lima/summary because it exceeded search pattern filesize limit: pygments.css
[2025-11-20 18:38:58,148] multiqc                                            [DEBUG  ]  File ignored by longranger/invocation because it exceeded search pattern filesize limit: pygments.css
[2025-11-20 18:38:58,176] multiqc                                            [DEBUG  ]  File ignored by ccs/v4 because it exceeded search pattern filesize limit: searchtools.js
[2025-11-20 18:38:58,178] multiqc                                            [DEBUG  ]  File ignored by hicexplorer because it exceeded search pattern filesize limit: searchtools.js
[2025-11-20 18:38:58,178] multiqc                                            [DEBUG  ]  File ignored by lima/summary because it exceeded search pattern filesize limit: searchtools.js
[2025-11-20 18:38:58,181] multiqc                                            [DEBUG  ]  File ignored by longranger/invocation because it exceeded search pattern filesize limit: searchtools.js
[2025-11-20 18:38:58,203] multiqc                                            [DEBUG  ]  File ignored by nanostat because it exceeded search pattern filesize limit: searchtools.js
[2025-11-20 18:38:58,209] multiqc                                            [DEBUG  ]  File ignored by ccs/v4 because it exceeded search pattern filesize limit: underscore.js
[2025-11-20 18:38:58,210] multiqc                                            [DEBUG  ]  File ignored by hicexplorer because it exceeded search pattern filesize limit: underscore.js
[2025-11-20 18:38:58,211] multiqc                                            [DEBUG  ]  File ignored by lima/summary because it exceeded search pattern filesize limit: underscore.js
[2025-11-20 18:38:58,213] multiqc                                            [DEBUG  ]  File ignored by longranger/invocation because it exceeded search pattern filesize limit: underscore.js
[2025-11-20 18:38:58,219] multiqc                                            [DEBUG  ]  File ignored by nanostat because it exceeded search pattern filesize limit: underscore.js
[2025-11-20 18:38:58,229] multiqc                                            [DEBUG  ]  File ignored by ccs/v4 because it exceeded search pattern filesize limit: websupport.js
[2025-11-20 18:38:58,231] multiqc                                            [DEBUG  ]  File ignored by hicexplorer because it exceeded search pattern filesize limit: websupport.js
[2025-11-20 18:38:58,231] multiqc                                            [DEBUG  ]  File ignored by lima/summary because it exceeded search pattern filesize limit: websupport.js
[2025-11-20 18:38:58,234] multiqc                                            [DEBUG  ]  File ignored by longranger/invocation because it exceeded search pattern filesize limit: websupport.js
[2025-11-20 18:38:58,259] multiqc                                            [DEBUG  ]  File ignored by nanostat because it exceeded search pattern filesize limit: websupport.js
[2025-11-20 18:38:58,267] multiqc                                            [DEBUG  ]  File ignored by ccs/v4 because it exceeded search pattern filesize limit: coverage_profile_along_genes_(low).txt
[2025-11-20 18:38:58,268] multiqc                                            [DEBUG  ]  File ignored by lima/summary because it exceeded search pattern filesize limit: coverage_profile_along_genes_(low).txt
[2025-11-20 18:38:58,271] multiqc                                            [DEBUG  ]  File ignored by longranger/invocation because it exceeded search pattern filesize limit: coverage_profile_along_genes_(low).txt
[2025-11-20 18:38:58,285] multiqc                                            [DEBUG  ]  File ignored by ccs/v4 because it exceeded search pattern filesize limit: coverage_profile_along_genes_(high).txt
[2025-11-20 18:38:58,287] multiqc                                            [DEBUG  ]  File ignored by lima/summary because it exceeded search pattern filesize limit: coverage_profile_along_genes_(high).txt
[2025-11-20 18:38:58,290] multiqc                                            [DEBUG  ]  File ignored by longranger/invocation because it exceeded search pattern filesize limit: coverage_profile_along_genes_(high).txt
[2025-11-20 18:38:58,311] multiqc                                            [DEBUG  ]  File ignored by ccs/v4 because it exceeded search pattern filesize limit: qualimapReport.html
[2025-11-20 18:38:58,312] multiqc                                            [DEBUG  ]  File ignored by hicexplorer because it exceeded search pattern filesize limit: qualimapReport.html
[2025-11-20 18:38:58,312] multiqc                                            [DEBUG  ]  File ignored by lima/summary because it exceeded search pattern filesize limit: qualimapReport.html
[2025-11-20 18:38:58,315] multiqc                                            [DEBUG  ]  File ignored by longranger/invocation because it exceeded search pattern filesize limit: qualimapReport.html
[2025-11-20 18:38:58,327] multiqc                                            [DEBUG  ]  File ignored by nanostat because it exceeded search pattern filesize limit: qualimapReport.html
[2025-11-20 18:38:58,349] multiqc                                            [DEBUG  ]  File ignored by ccs/v4 because it exceeded search pattern filesize limit: agogo.css
[2025-11-20 18:38:58,350] multiqc                                            [DEBUG  ]  File ignored by hicexplorer because it exceeded search pattern filesize limit: agogo.css
[2025-11-20 18:38:58,350] multiqc                                            [DEBUG  ]  File ignored by lima/summary because it exceeded search pattern filesize limit: agogo.css
[2025-11-20 18:38:58,353] multiqc                                            [DEBUG  ]  File ignored by longranger/invocation because it exceeded search pattern filesize limit: agogo.css
[2025-11-20 18:38:58,367] multiqc                                            [DEBUG  ]  File ignored by nanostat because it exceeded search pattern filesize limit: agogo.css
[2025-11-20 18:38:58,376] multiqc                                            [DEBUG  ]  File ignored by ccs/v4 because it exceeded search pattern filesize limit: basic.css
[2025-11-20 18:38:58,377] multiqc                                            [DEBUG  ]  File ignored by hicexplorer because it exceeded search pattern filesize limit: basic.css
[2025-11-20 18:38:58,378] multiqc                                            [DEBUG  ]  File ignored by lima/summary because it exceeded search pattern filesize limit: basic.css
[2025-11-20 18:38:58,381] multiqc                                            [DEBUG  ]  File ignored by longranger/invocation because it exceeded search pattern filesize limit: basic.css
[2025-11-20 18:38:58,400] multiqc                                            [DEBUG  ]  File ignored by nanostat because it exceeded search pattern filesize limit: basic.css
[2025-11-20 18:38:58,417] multiqc                                            [DEBUG  ]  File ignored by ccs/v4 because it exceeded search pattern filesize limit: doctools.js
[2025-11-20 18:38:58,419] multiqc                                            [DEBUG  ]  File ignored by hicexplorer because it exceeded search pattern filesize limit: doctools.js
[2025-11-20 18:38:58,419] multiqc                                            [DEBUG  ]  File ignored by lima/summary because it exceeded search pattern filesize limit: doctools.js
[2025-11-20 18:38:58,422] multiqc                                            [DEBUG  ]  File ignored by longranger/invocation because it exceeded search pattern filesize limit: doctools.js
[2025-11-20 18:38:58,432] multiqc                                            [DEBUG  ]  File ignored by nanostat because it exceeded search pattern filesize limit: doctools.js
[2025-11-20 18:38:58,447] multiqc                                            [DEBUG  ]  File ignored by ccs/v4 because it exceeded search pattern filesize limit: jquery.js
[2025-11-20 18:38:58,448] multiqc                                            [DEBUG  ]  File ignored by hicexplorer because it exceeded search pattern filesize limit: jquery.js
[2025-11-20 18:38:58,449] multiqc                                            [DEBUG  ]  File ignored by lima/summary because it exceeded search pattern filesize limit: jquery.js
[2025-11-20 18:38:58,452] multiqc                                            [DEBUG  ]  File ignored by longranger/invocation because it exceeded search pattern filesize limit: jquery.js
[2025-11-20 18:38:58,465] multiqc                                            [DEBUG  ]  File ignored by nanostat because it exceeded search pattern filesize limit: jquery.js
[2025-11-20 18:38:58,475] multiqc                                            [DEBUG  ]  File ignored by ccs/v4 because it exceeded search pattern filesize limit: pygments.css
[2025-11-20 18:38:58,477] multiqc                                            [DEBUG  ]  File ignored by lima/summary because it exceeded search pattern filesize limit: pygments.css
[2025-11-20 18:38:58,480] multiqc                                            [DEBUG  ]  File ignored by longranger/invocation because it exceeded search pattern filesize limit: pygments.css
[2025-11-20 18:38:58,512] multiqc                                            [DEBUG  ]  File ignored by ccs/v4 because it exceeded search pattern filesize limit: searchtools.js
[2025-11-20 18:38:58,513] multiqc                                            [DEBUG  ]  File ignored by hicexplorer because it exceeded search pattern filesize limit: searchtools.js
[2025-11-20 18:38:58,513] multiqc                                            [DEBUG  ]  File ignored by lima/summary because it exceeded search pattern filesize limit: searchtools.js
[2025-11-20 18:38:58,516] multiqc                                            [DEBUG  ]  File ignored by longranger/invocation because it exceeded search pattern filesize limit: searchtools.js
[2025-11-20 18:38:58,536] multiqc                                            [DEBUG  ]  File ignored by nanostat because it exceeded search pattern filesize limit: searchtools.js
[2025-11-20 18:38:58,543] multiqc                                            [DEBUG  ]  File ignored by ccs/v4 because it exceeded search pattern filesize limit: underscore.js
[2025-11-20 18:38:58,544] multiqc                                            [DEBUG  ]  File ignored by hicexplorer because it exceeded search pattern filesize limit: underscore.js
[2025-11-20 18:38:58,544] multiqc                                            [DEBUG  ]  File ignored by lima/summary because it exceeded search pattern filesize limit: underscore.js
[2025-11-20 18:38:58,547] multiqc                                            [DEBUG  ]  File ignored by longranger/invocation because it exceeded search pattern filesize limit: underscore.js
[2025-11-20 18:38:58,553] multiqc                                            [DEBUG  ]  File ignored by nanostat because it exceeded search pattern filesize limit: underscore.js
[2025-11-20 18:38:58,564] multiqc                                            [DEBUG  ]  File ignored by ccs/v4 because it exceeded search pattern filesize limit: websupport.js
[2025-11-20 18:38:58,566] multiqc                                            [DEBUG  ]  File ignored by hicexplorer because it exceeded search pattern filesize limit: websupport.js
[2025-11-20 18:38:58,566] multiqc                                            [DEBUG  ]  File ignored by lima/summary because it exceeded search pattern filesize limit: websupport.js
[2025-11-20 18:38:58,569] multiqc                                            [DEBUG  ]  File ignored by longranger/invocation because it exceeded search pattern filesize limit: websupport.js
[2025-11-20 18:38:58,595] multiqc                                            [DEBUG  ]  File ignored by nanostat because it exceeded search pattern filesize limit: websupport.js
[2025-11-20 18:38:58,602] multiqc                                            [DEBUG  ]  File ignored by ccs/v4 because it exceeded search pattern filesize limit: coverage_profile_along_genes_(low).txt
[2025-11-20 18:38:58,607] multiqc                                            [DEBUG  ]  File ignored by lima/summary because it exceeded search pattern filesize limit: coverage_profile_along_genes_(low).txt
[2025-11-20 18:38:58,610] multiqc                                            [DEBUG  ]  File ignored by longranger/invocation because it exceeded search pattern filesize limit: coverage_profile_along_genes_(low).txt
[2025-11-20 18:38:58,622] multiqc                                            [DEBUG  ]  File ignored by ccs/v4 because it exceeded search pattern filesize limit: coverage_profile_along_genes_(high).txt
[2025-11-20 18:38:58,624] multiqc                                            [DEBUG  ]  File ignored by lima/summary because it exceeded search pattern filesize limit: coverage_profile_along_genes_(high).txt
[2025-11-20 18:38:58,627] multiqc                                            [DEBUG  ]  File ignored by longranger/invocation because it exceeded search pattern filesize limit: coverage_profile_along_genes_(high).txt
[2025-11-20 18:38:58,641] multiqc                                            [DEBUG  ]  File ignored by ccs/v4 because it exceeded search pattern filesize limit: qualimapReport.html
[2025-11-20 18:38:58,642] multiqc                                            [DEBUG  ]  File ignored by hicexplorer because it exceeded search pattern filesize limit: qualimapReport.html
[2025-11-20 18:38:58,643] multiqc                                            [DEBUG  ]  File ignored by lima/summary because it exceeded search pattern filesize limit: qualimapReport.html
[2025-11-20 18:38:58,646] multiqc                                            [DEBUG  ]  File ignored by longranger/invocation because it exceeded search pattern filesize limit: qualimapReport.html
[2025-11-20 18:38:58,658] multiqc                                            [DEBUG  ]  File ignored by nanostat because it exceeded search pattern filesize limit: qualimapReport.html
[2025-11-20 18:38:58,677] multiqc                                            [DEBUG  ]  File ignored by ccs/v4 because it exceeded search pattern filesize limit: agogo.css
[2025-11-20 18:38:58,678] multiqc                                            [DEBUG  ]  File ignored by hicexplorer because it exceeded search pattern filesize limit: agogo.css
[2025-11-20 18:38:58,679] multiqc                                            [DEBUG  ]  File ignored by lima/summary because it exceeded search pattern filesize limit: agogo.css
[2025-11-20 18:38:58,682] multiqc                                            [DEBUG  ]  File ignored by longranger/invocation because it exceeded search pattern filesize limit: agogo.css
[2025-11-20 18:38:58,696] multiqc                                            [DEBUG  ]  File ignored by nanostat because it exceeded search pattern filesize limit: agogo.css
[2025-11-20 18:38:58,705] multiqc                                            [DEBUG  ]  File ignored by ccs/v4 because it exceeded search pattern filesize limit: basic.css
[2025-11-20 18:38:58,706] multiqc                                            [DEBUG  ]  File ignored by hicexplorer because it exceeded search pattern filesize limit: basic.css
[2025-11-20 18:38:58,709] multiqc                                            [DEBUG  ]  File ignored by lima/summary because it exceeded search pattern filesize limit: basic.css
[2025-11-20 18:38:58,713] multiqc                                            [DEBUG  ]  File ignored by longranger/invocation because it exceeded search pattern filesize limit: basic.css
[2025-11-20 18:38:58,729] multiqc                                            [DEBUG  ]  File ignored by nanostat because it exceeded search pattern filesize limit: basic.css
[2025-11-20 18:38:58,747] multiqc                                            [DEBUG  ]  File ignored by ccs/v4 because it exceeded search pattern filesize limit: doctools.js
[2025-11-20 18:38:58,748] multiqc                                            [DEBUG  ]  File ignored by hicexplorer because it exceeded search pattern filesize limit: doctools.js
[2025-11-20 18:38:58,748] multiqc                                            [DEBUG  ]  File ignored by lima/summary because it exceeded search pattern filesize limit: doctools.js
[2025-11-20 18:38:58,751] multiqc                                            [DEBUG  ]  File ignored by longranger/invocation because it exceeded search pattern filesize limit: doctools.js
[2025-11-20 18:38:58,761] multiqc                                            [DEBUG  ]  File ignored by nanostat because it exceeded search pattern filesize limit: doctools.js
[2025-11-20 18:38:58,775] multiqc                                            [DEBUG  ]  File ignored by ccs/v4 because it exceeded search pattern filesize limit: jquery.js
[2025-11-20 18:38:58,777] multiqc                                            [DEBUG  ]  File ignored by hicexplorer because it exceeded search pattern filesize limit: jquery.js
[2025-11-20 18:38:58,777] multiqc                                            [DEBUG  ]  File ignored by lima/summary because it exceeded search pattern filesize limit: jquery.js
[2025-11-20 18:38:58,780] multiqc                                            [DEBUG  ]  File ignored by longranger/invocation because it exceeded search pattern filesize limit: jquery.js
[2025-11-20 18:38:58,793] multiqc                                            [DEBUG  ]  File ignored by nanostat because it exceeded search pattern filesize limit: jquery.js
[2025-11-20 18:38:58,803] multiqc                                            [DEBUG  ]  File ignored by ccs/v4 because it exceeded search pattern filesize limit: pygments.css
[2025-11-20 18:38:58,805] multiqc                                            [DEBUG  ]  File ignored by lima/summary because it exceeded search pattern filesize limit: pygments.css
[2025-11-20 18:38:58,808] multiqc                                            [DEBUG  ]  File ignored by longranger/invocation because it exceeded search pattern filesize limit: pygments.css
[2025-11-20 18:38:58,842] multiqc                                            [DEBUG  ]  File ignored by ccs/v4 because it exceeded search pattern filesize limit: searchtools.js
[2025-11-20 18:38:58,843] multiqc                                            [DEBUG  ]  File ignored by hicexplorer because it exceeded search pattern filesize limit: searchtools.js
[2025-11-20 18:38:58,844] multiqc                                            [DEBUG  ]  File ignored by lima/summary because it exceeded search pattern filesize limit: searchtools.js
[2025-11-20 18:38:58,847] multiqc                                            [DEBUG  ]  File ignored by longranger/invocation because it exceeded search pattern filesize limit: searchtools.js
[2025-11-20 18:38:58,866] multiqc                                            [DEBUG  ]  File ignored by nanostat because it exceeded search pattern filesize limit: searchtools.js
[2025-11-20 18:38:58,873] multiqc                                            [DEBUG  ]  File ignored by ccs/v4 because it exceeded search pattern filesize limit: underscore.js
[2025-11-20 18:38:58,875] multiqc                                            [DEBUG  ]  File ignored by hicexplorer because it exceeded search pattern filesize limit: underscore.js
[2025-11-20 18:38:58,875] multiqc                                            [DEBUG  ]  File ignored by lima/summary because it exceeded search pattern filesize limit: underscore.js
[2025-11-20 18:38:58,878] multiqc                                            [DEBUG  ]  File ignored by longranger/invocation because it exceeded search pattern filesize limit: underscore.js
[2025-11-20 18:38:58,884] multiqc                                            [DEBUG  ]  File ignored by nanostat because it exceeded search pattern filesize limit: underscore.js
[2025-11-20 18:38:58,895] multiqc                                            [DEBUG  ]  File ignored by ccs/v4 because it exceeded search pattern filesize limit: websupport.js
[2025-11-20 18:38:58,896] multiqc                                            [DEBUG  ]  File ignored by hicexplorer because it exceeded search pattern filesize limit: websupport.js
[2025-11-20 18:38:58,896] multiqc                                            [DEBUG  ]  File ignored by lima/summary because it exceeded search pattern filesize limit: websupport.js
[2025-11-20 18:38:58,899] multiqc                                            [DEBUG  ]  File ignored by longranger/invocation because it exceeded search pattern filesize limit: websupport.js
[2025-11-20 18:38:58,930] multiqc                                            [DEBUG  ]  File ignored by nanostat because it exceeded search pattern filesize limit: websupport.js
[2025-11-20 18:38:58,938] multiqc                                            [DEBUG  ]  File ignored by ccs/v4 because it exceeded search pattern filesize limit: coverage_profile_along_genes_(low).txt
[2025-11-20 18:38:58,939] multiqc                                            [DEBUG  ]  File ignored by lima/summary because it exceeded search pattern filesize limit: coverage_profile_along_genes_(low).txt
[2025-11-20 18:38:58,942] multiqc                                            [DEBUG  ]  File ignored by longranger/invocation because it exceeded search pattern filesize limit: coverage_profile_along_genes_(low).txt
[2025-11-20 18:38:58,954] multiqc                                            [DEBUG  ]  File ignored by ccs/v4 because it exceeded search pattern filesize limit: coverage_profile_along_genes_(high).txt
[2025-11-20 18:38:58,956] multiqc                                            [DEBUG  ]  File ignored by lima/summary because it exceeded search pattern filesize limit: coverage_profile_along_genes_(high).txt
[2025-11-20 18:38:58,959] multiqc                                            [DEBUG  ]  File ignored by longranger/invocation because it exceeded search pattern filesize limit: coverage_profile_along_genes_(high).txt
[2025-11-20 18:38:58,972] multiqc                                            [DEBUG  ]  File ignored by ccs/v4 because it exceeded search pattern filesize limit: qualimapReport.html
[2025-11-20 18:38:58,974] multiqc                                            [DEBUG  ]  File ignored by hicexplorer because it exceeded search pattern filesize limit: qualimapReport.html
[2025-11-20 18:38:58,974] multiqc                                            [DEBUG  ]  File ignored by lima/summary because it exceeded search pattern filesize limit: qualimapReport.html
[2025-11-20 18:38:58,977] multiqc                                            [DEBUG  ]  File ignored by longranger/invocation because it exceeded search pattern filesize limit: qualimapReport.html
[2025-11-20 18:38:58,989] multiqc                                            [DEBUG  ]  File ignored by nanostat because it exceeded search pattern filesize limit: qualimapReport.html
[2025-11-20 18:38:59,008] multiqc                                            [DEBUG  ]  File ignored by ccs/v4 because it exceeded search pattern filesize limit: agogo.css
[2025-11-20 18:38:59,009] multiqc                                            [DEBUG  ]  File ignored by hicexplorer because it exceeded search pattern filesize limit: agogo.css
[2025-11-20 18:38:59,009] multiqc                                            [DEBUG  ]  File ignored by lima/summary because it exceeded search pattern filesize limit: agogo.css
[2025-11-20 18:38:59,012] multiqc                                            [DEBUG  ]  File ignored by longranger/invocation because it exceeded search pattern filesize limit: agogo.css
[2025-11-20 18:38:59,030] multiqc                                            [DEBUG  ]  File ignored by nanostat because it exceeded search pattern filesize limit: agogo.css
[2025-11-20 18:38:59,038] multiqc                                            [DEBUG  ]  File ignored by ccs/v4 because it exceeded search pattern filesize limit: basic.css
[2025-11-20 18:38:59,040] multiqc                                            [DEBUG  ]  File ignored by hicexplorer because it exceeded search pattern filesize limit: basic.css
[2025-11-20 18:38:59,040] multiqc                                            [DEBUG  ]  File ignored by lima/summary because it exceeded search pattern filesize limit: basic.css
[2025-11-20 18:38:59,043] multiqc                                            [DEBUG  ]  File ignored by longranger/invocation because it exceeded search pattern filesize limit: basic.css
[2025-11-20 18:38:59,059] multiqc                                            [DEBUG  ]  File ignored by nanostat because it exceeded search pattern filesize limit: basic.css
[2025-11-20 18:38:59,076] multiqc                                            [DEBUG  ]  File ignored by ccs/v4 because it exceeded search pattern filesize limit: doctools.js
[2025-11-20 18:38:59,077] multiqc                                            [DEBUG  ]  File ignored by hicexplorer because it exceeded search pattern filesize limit: doctools.js
[2025-11-20 18:38:59,077] multiqc                                            [DEBUG  ]  File ignored by lima/summary because it exceeded search pattern filesize limit: doctools.js
[2025-11-20 18:38:59,080] multiqc                                            [DEBUG  ]  File ignored by longranger/invocation because it exceeded search pattern filesize limit: doctools.js
[2025-11-20 18:38:59,090] multiqc                                            [DEBUG  ]  File ignored by nanostat because it exceeded search pattern filesize limit: doctools.js
[2025-11-20 18:38:59,103] multiqc                                            [DEBUG  ]  File ignored by ccs/v4 because it exceeded search pattern filesize limit: jquery.js
[2025-11-20 18:38:59,105] multiqc                                            [DEBUG  ]  File ignored by hicexplorer because it exceeded search pattern filesize limit: jquery.js
[2025-11-20 18:38:59,105] multiqc                                            [DEBUG  ]  File ignored by lima/summary because it exceeded search pattern filesize limit: jquery.js
[2025-11-20 18:38:59,108] multiqc                                            [DEBUG  ]  File ignored by longranger/invocation because it exceeded search pattern filesize limit: jquery.js
[2025-11-20 18:38:59,121] multiqc                                            [DEBUG  ]  File ignored by nanostat because it exceeded search pattern filesize limit: jquery.js
[2025-11-20 18:38:59,134] multiqc                                            [DEBUG  ]  File ignored by ccs/v4 because it exceeded search pattern filesize limit: pygments.css
[2025-11-20 18:38:59,136] multiqc                                            [DEBUG  ]  File ignored by lima/summary because it exceeded search pattern filesize limit: pygments.css
[2025-11-20 18:38:59,139] multiqc                                            [DEBUG  ]  File ignored by longranger/invocation because it exceeded search pattern filesize limit: pygments.css
[2025-11-20 18:38:59,168] multiqc                                            [DEBUG  ]  File ignored by ccs/v4 because it exceeded search pattern filesize limit: searchtools.js
[2025-11-20 18:38:59,169] multiqc                                            [DEBUG  ]  File ignored by hicexplorer because it exceeded search pattern filesize limit: searchtools.js
[2025-11-20 18:38:59,170] multiqc                                            [DEBUG  ]  File ignored by lima/summary because it exceeded search pattern filesize limit: searchtools.js
[2025-11-20 18:38:59,173] multiqc                                            [DEBUG  ]  File ignored by longranger/invocation because it exceeded search pattern filesize limit: searchtools.js
[2025-11-20 18:38:59,192] multiqc                                            [DEBUG  ]  File ignored by nanostat because it exceeded search pattern filesize limit: searchtools.js
[2025-11-20 18:38:59,198] multiqc                                            [DEBUG  ]  File ignored by ccs/v4 because it exceeded search pattern filesize limit: underscore.js
[2025-11-20 18:38:59,200] multiqc                                            [DEBUG  ]  File ignored by hicexplorer because it exceeded search pattern filesize limit: underscore.js
[2025-11-20 18:38:59,200] multiqc                                            [DEBUG  ]  File ignored by lima/summary because it exceeded search pattern filesize limit: underscore.js
[2025-11-20 18:38:59,203] multiqc                                            [DEBUG  ]  File ignored by longranger/invocation because it exceeded search pattern filesize limit: underscore.js
[2025-11-20 18:38:59,208] multiqc                                            [DEBUG  ]  File ignored by nanostat because it exceeded search pattern filesize limit: underscore.js
[2025-11-20 18:38:59,219] multiqc                                            [DEBUG  ]  File ignored by ccs/v4 because it exceeded search pattern filesize limit: websupport.js
[2025-11-20 18:38:59,220] multiqc                                            [DEBUG  ]  File ignored by hicexplorer because it exceeded search pattern filesize limit: websupport.js
[2025-11-20 18:38:59,221] multiqc                                            [DEBUG  ]  File ignored by lima/summary because it exceeded search pattern filesize limit: websupport.js
[2025-11-20 18:38:59,223] multiqc                                            [DEBUG  ]  File ignored by longranger/invocation because it exceeded search pattern filesize limit: websupport.js
[2025-11-20 18:38:59,251] multiqc                                            [DEBUG  ]  File ignored by nanostat because it exceeded search pattern filesize limit: websupport.js
[2025-11-20 18:38:59,258] multiqc                                            [DEBUG  ]  File ignored by ccs/v4 because it exceeded search pattern filesize limit: coverage_profile_along_genes_(low).txt
[2025-11-20 18:38:59,260] multiqc                                            [DEBUG  ]  File ignored by lima/summary because it exceeded search pattern filesize limit: coverage_profile_along_genes_(low).txt
[2025-11-20 18:38:59,263] multiqc                                            [DEBUG  ]  File ignored by longranger/invocation because it exceeded search pattern filesize limit: coverage_profile_along_genes_(low).txt
[2025-11-20 18:38:59,275] multiqc                                            [DEBUG  ]  File ignored by ccs/v4 because it exceeded search pattern filesize limit: coverage_profile_along_genes_(high).txt
[2025-11-20 18:38:59,276] multiqc                                            [DEBUG  ]  File ignored by lima/summary because it exceeded search pattern filesize limit: coverage_profile_along_genes_(high).txt
[2025-11-20 18:38:59,279] multiqc                                            [DEBUG  ]  File ignored by longranger/invocation because it exceeded search pattern filesize limit: coverage_profile_along_genes_(high).txt
[2025-11-20 18:38:59,292] multiqc                                            [DEBUG  ]  File ignored by ccs/v4 because it exceeded search pattern filesize limit: qualimapReport.html
[2025-11-20 18:38:59,294] multiqc                                            [DEBUG  ]  File ignored by hicexplorer because it exceeded search pattern filesize limit: qualimapReport.html
[2025-11-20 18:38:59,294] multiqc                                            [DEBUG  ]  File ignored by lima/summary because it exceeded search pattern filesize limit: qualimapReport.html
[2025-11-20 18:38:59,297] multiqc                                            [DEBUG  ]  File ignored by longranger/invocation because it exceeded search pattern filesize limit: qualimapReport.html
[2025-11-20 18:38:59,308] multiqc                                            [DEBUG  ]  File ignored by nanostat because it exceeded search pattern filesize limit: qualimapReport.html
[2025-11-20 18:38:59,327] multiqc                                            [DEBUG  ]  File ignored by ccs/v4 because it exceeded search pattern filesize limit: agogo.css
[2025-11-20 18:38:59,328] multiqc                                            [DEBUG  ]  File ignored by hicexplorer because it exceeded search pattern filesize limit: agogo.css
[2025-11-20 18:38:59,328] multiqc                                            [DEBUG  ]  File ignored by lima/summary because it exceeded search pattern filesize limit: agogo.css
[2025-11-20 18:38:59,331] multiqc                                            [DEBUG  ]  File ignored by longranger/invocation because it exceeded search pattern filesize limit: agogo.css
[2025-11-20 18:38:59,348] multiqc                                            [DEBUG  ]  File ignored by nanostat because it exceeded search pattern filesize limit: agogo.css
[2025-11-20 18:38:59,357] multiqc                                            [DEBUG  ]  File ignored by ccs/v4 because it exceeded search pattern filesize limit: basic.css
[2025-11-20 18:38:59,358] multiqc                                            [DEBUG  ]  File ignored by hicexplorer because it exceeded search pattern filesize limit: basic.css
[2025-11-20 18:38:59,359] multiqc                                            [DEBUG  ]  File ignored by lima/summary because it exceeded search pattern filesize limit: basic.css
[2025-11-20 18:38:59,362] multiqc                                            [DEBUG  ]  File ignored by longranger/invocation because it exceeded search pattern filesize limit: basic.css
[2025-11-20 18:38:59,378] multiqc                                            [DEBUG  ]  File ignored by nanostat because it exceeded search pattern filesize limit: basic.css
[2025-11-20 18:38:59,395] multiqc                                            [DEBUG  ]  File ignored by ccs/v4 because it exceeded search pattern filesize limit: doctools.js
[2025-11-20 18:38:59,396] multiqc                                            [DEBUG  ]  File ignored by hicexplorer because it exceeded search pattern filesize limit: doctools.js
[2025-11-20 18:38:59,397] multiqc                                            [DEBUG  ]  File ignored by lima/summary because it exceeded search pattern filesize limit: doctools.js
[2025-11-20 18:38:59,400] multiqc                                            [DEBUG  ]  File ignored by longranger/invocation because it exceeded search pattern filesize limit: doctools.js
[2025-11-20 18:38:59,409] multiqc                                            [DEBUG  ]  File ignored by nanostat because it exceeded search pattern filesize limit: doctools.js
[2025-11-20 18:38:59,422] multiqc                                            [DEBUG  ]  File ignored by ccs/v4 because it exceeded search pattern filesize limit: jquery.js
[2025-11-20 18:38:59,424] multiqc                                            [DEBUG  ]  File ignored by hicexplorer because it exceeded search pattern filesize limit: jquery.js
[2025-11-20 18:38:59,424] multiqc                                            [DEBUG  ]  File ignored by lima/summary because it exceeded search pattern filesize limit: jquery.js
[2025-11-20 18:38:59,427] multiqc                                            [DEBUG  ]  File ignored by longranger/invocation because it exceeded search pattern filesize limit: jquery.js
[2025-11-20 18:38:59,442] multiqc                                            [DEBUG  ]  File ignored by nanostat because it exceeded search pattern filesize limit: jquery.js
[2025-11-20 18:38:59,453] multiqc                                            [DEBUG  ]  File ignored by ccs/v4 because it exceeded search pattern filesize limit: pygments.css
[2025-11-20 18:38:59,454] multiqc                                            [DEBUG  ]  File ignored by lima/summary because it exceeded search pattern filesize limit: pygments.css
[2025-11-20 18:38:59,457] multiqc                                            [DEBUG  ]  File ignored by longranger/invocation because it exceeded search pattern filesize limit: pygments.css
[2025-11-20 18:38:59,485] multiqc                                            [DEBUG  ]  File ignored by ccs/v4 because it exceeded search pattern filesize limit: searchtools.js
[2025-11-20 18:38:59,487] multiqc                                            [DEBUG  ]  File ignored by hicexplorer because it exceeded search pattern filesize limit: searchtools.js
[2025-11-20 18:38:59,487] multiqc                                            [DEBUG  ]  File ignored by lima/summary because it exceeded search pattern filesize limit: searchtools.js
[2025-11-20 18:38:59,490] multiqc                                            [DEBUG  ]  File ignored by longranger/invocation because it exceeded search pattern filesize limit: searchtools.js
[2025-11-20 18:38:59,509] multiqc                                            [DEBUG  ]  File ignored by nanostat because it exceeded search pattern filesize limit: searchtools.js
[2025-11-20 18:38:59,516] multiqc                                            [DEBUG  ]  File ignored by ccs/v4 because it exceeded search pattern filesize limit: underscore.js
[2025-11-20 18:38:59,517] multiqc                                            [DEBUG  ]  File ignored by hicexplorer because it exceeded search pattern filesize limit: underscore.js
[2025-11-20 18:38:59,517] multiqc                                            [DEBUG  ]  File ignored by lima/summary because it exceeded search pattern filesize limit: underscore.js
[2025-11-20 18:38:59,520] multiqc                                            [DEBUG  ]  File ignored by longranger/invocation because it exceeded search pattern filesize limit: underscore.js
[2025-11-20 18:38:59,526] multiqc                                            [DEBUG  ]  File ignored by nanostat because it exceeded search pattern filesize limit: underscore.js
[2025-11-20 18:38:59,536] multiqc                                            [DEBUG  ]  File ignored by ccs/v4 because it exceeded search pattern filesize limit: websupport.js
[2025-11-20 18:38:59,537] multiqc                                            [DEBUG  ]  File ignored by hicexplorer because it exceeded search pattern filesize limit: websupport.js
[2025-11-20 18:38:59,538] multiqc                                            [DEBUG  ]  File ignored by lima/summary because it exceeded search pattern filesize limit: websupport.js
[2025-11-20 18:38:59,541] multiqc                                            [DEBUG  ]  File ignored by longranger/invocation because it exceeded search pattern filesize limit: websupport.js
[2025-11-20 18:38:59,569] multiqc                                            [DEBUG  ]  File ignored by nanostat because it exceeded search pattern filesize limit: websupport.js
[2025-11-20 18:38:59,577] multiqc                                            [DEBUG  ]  File ignored by ccs/v4 because it exceeded search pattern filesize limit: coverage_profile_along_genes_(low).txt
[2025-11-20 18:38:59,579] multiqc                                            [DEBUG  ]  File ignored by lima/summary because it exceeded search pattern filesize limit: coverage_profile_along_genes_(low).txt
[2025-11-20 18:38:59,581] multiqc                                            [DEBUG  ]  File ignored by longranger/invocation because it exceeded search pattern filesize limit: coverage_profile_along_genes_(low).txt
[2025-11-20 18:38:59,593] multiqc                                            [DEBUG  ]  File ignored by ccs/v4 because it exceeded search pattern filesize limit: coverage_profile_along_genes_(high).txt
[2025-11-20 18:38:59,595] multiqc                                            [DEBUG  ]  File ignored by lima/summary because it exceeded search pattern filesize limit: coverage_profile_along_genes_(high).txt
[2025-11-20 18:38:59,598] multiqc                                            [DEBUG  ]  File ignored by longranger/invocation because it exceeded search pattern filesize limit: coverage_profile_along_genes_(high).txt
[2025-11-20 18:38:59,611] multiqc                                            [DEBUG  ]  File ignored by ccs/v4 because it exceeded search pattern filesize limit: qualimapReport.html
[2025-11-20 18:38:59,612] multiqc                                            [DEBUG  ]  File ignored by hicexplorer because it exceeded search pattern filesize limit: qualimapReport.html
[2025-11-20 18:38:59,612] multiqc                                            [DEBUG  ]  File ignored by lima/summary because it exceeded search pattern filesize limit: qualimapReport.html
[2025-11-20 18:38:59,615] multiqc                                            [DEBUG  ]  File ignored by longranger/invocation because it exceeded search pattern filesize limit: qualimapReport.html
[2025-11-20 18:38:59,627] multiqc                                            [DEBUG  ]  File ignored by nanostat because it exceeded search pattern filesize limit: qualimapReport.html
[2025-11-20 18:38:59,649] multiqc                                            [DEBUG  ]  File ignored by ccs/v4 because it exceeded search pattern filesize limit: agogo.css
[2025-11-20 18:38:59,650] multiqc                                            [DEBUG  ]  File ignored by hicexplorer because it exceeded search pattern filesize limit: agogo.css
[2025-11-20 18:38:59,651] multiqc                                            [DEBUG  ]  File ignored by lima/summary because it exceeded search pattern filesize limit: agogo.css
[2025-11-20 18:38:59,654] multiqc                                            [DEBUG  ]  File ignored by longranger/invocation because it exceeded search pattern filesize limit: agogo.css
[2025-11-20 18:38:59,668] multiqc                                            [DEBUG  ]  File ignored by nanostat because it exceeded search pattern filesize limit: agogo.css
[2025-11-20 18:38:59,676] multiqc                                            [DEBUG  ]  File ignored by ccs/v4 because it exceeded search pattern filesize limit: basic.css
[2025-11-20 18:38:59,677] multiqc                                            [DEBUG  ]  File ignored by hicexplorer because it exceeded search pattern filesize limit: basic.css
[2025-11-20 18:38:59,678] multiqc                                            [DEBUG  ]  File ignored by lima/summary because it exceeded search pattern filesize limit: basic.css
[2025-11-20 18:38:59,681] multiqc                                            [DEBUG  ]  File ignored by longranger/invocation because it exceeded search pattern filesize limit: basic.css
[2025-11-20 18:38:59,697] multiqc                                            [DEBUG  ]  File ignored by nanostat because it exceeded search pattern filesize limit: basic.css
[2025-11-20 18:38:59,714] multiqc                                            [DEBUG  ]  File ignored by ccs/v4 because it exceeded search pattern filesize limit: doctools.js
[2025-11-20 18:38:59,716] multiqc                                            [DEBUG  ]  File ignored by hicexplorer because it exceeded search pattern filesize limit: doctools.js
[2025-11-20 18:38:59,716] multiqc                                            [DEBUG  ]  File ignored by lima/summary because it exceeded search pattern filesize limit: doctools.js
[2025-11-20 18:38:59,719] multiqc                                            [DEBUG  ]  File ignored by longranger/invocation because it exceeded search pattern filesize limit: doctools.js
[2025-11-20 18:38:59,729] multiqc                                            [DEBUG  ]  File ignored by nanostat because it exceeded search pattern filesize limit: doctools.js
[2025-11-20 18:38:59,742] multiqc                                            [DEBUG  ]  File ignored by ccs/v4 because it exceeded search pattern filesize limit: jquery.js
[2025-11-20 18:38:59,743] multiqc                                            [DEBUG  ]  File ignored by hicexplorer because it exceeded search pattern filesize limit: jquery.js
[2025-11-20 18:38:59,744] multiqc                                            [DEBUG  ]  File ignored by lima/summary because it exceeded search pattern filesize limit: jquery.js
[2025-11-20 18:38:59,747] multiqc                                            [DEBUG  ]  File ignored by longranger/invocation because it exceeded search pattern filesize limit: jquery.js
[2025-11-20 18:38:59,762] multiqc                                            [DEBUG  ]  File ignored by nanostat because it exceeded search pattern filesize limit: jquery.js
[2025-11-20 18:38:59,772] multiqc                                            [DEBUG  ]  File ignored by ccs/v4 because it exceeded search pattern filesize limit: pygments.css
[2025-11-20 18:38:59,774] multiqc                                            [DEBUG  ]  File ignored by lima/summary because it exceeded search pattern filesize limit: pygments.css
[2025-11-20 18:38:59,777] multiqc                                            [DEBUG  ]  File ignored by longranger/invocation because it exceeded search pattern filesize limit: pygments.css
[2025-11-20 18:38:59,805] multiqc                                            [DEBUG  ]  File ignored by ccs/v4 because it exceeded search pattern filesize limit: searchtools.js
[2025-11-20 18:38:59,807] multiqc                                            [DEBUG  ]  File ignored by hicexplorer because it exceeded search pattern filesize limit: searchtools.js
[2025-11-20 18:38:59,807] multiqc                                            [DEBUG  ]  File ignored by lima/summary because it exceeded search pattern filesize limit: searchtools.js
[2025-11-20 18:38:59,810] multiqc                                            [DEBUG  ]  File ignored by longranger/invocation because it exceeded search pattern filesize limit: searchtools.js
[2025-11-20 18:38:59,829] multiqc                                            [DEBUG  ]  File ignored by nanostat because it exceeded search pattern filesize limit: searchtools.js
[2025-11-20 18:38:59,835] multiqc                                            [DEBUG  ]  File ignored by ccs/v4 because it exceeded search pattern filesize limit: underscore.js
[2025-11-20 18:38:59,836] multiqc                                            [DEBUG  ]  File ignored by hicexplorer because it exceeded search pattern filesize limit: underscore.js
[2025-11-20 18:38:59,837] multiqc                                            [DEBUG  ]  File ignored by lima/summary because it exceeded search pattern filesize limit: underscore.js
[2025-11-20 18:38:59,839] multiqc                                            [DEBUG  ]  File ignored by longranger/invocation because it exceeded search pattern filesize limit: underscore.js
[2025-11-20 18:38:59,845] multiqc                                            [DEBUG  ]  File ignored by nanostat because it exceeded search pattern filesize limit: underscore.js
[2025-11-20 18:38:59,858] multiqc                                            [DEBUG  ]  File ignored by ccs/v4 because it exceeded search pattern filesize limit: websupport.js
[2025-11-20 18:38:59,860] multiqc                                            [DEBUG  ]  File ignored by hicexplorer because it exceeded search pattern filesize limit: websupport.js
[2025-11-20 18:38:59,860] multiqc                                            [DEBUG  ]  File ignored by lima/summary because it exceeded search pattern filesize limit: websupport.js
[2025-11-20 18:38:59,863] multiqc                                            [DEBUG  ]  File ignored by longranger/invocation because it exceeded search pattern filesize limit: websupport.js
[2025-11-20 18:38:59,888] multiqc                                            [DEBUG  ]  File ignored by nanostat because it exceeded search pattern filesize limit: websupport.js
[2025-11-20 18:38:59,895] multiqc                                            [DEBUG  ]  File ignored by ccs/v4 because it exceeded search pattern filesize limit: coverage_profile_along_genes_(low).txt
[2025-11-20 18:38:59,897] multiqc                                            [DEBUG  ]  File ignored by lima/summary because it exceeded search pattern filesize limit: coverage_profile_along_genes_(low).txt
[2025-11-20 18:38:59,900] multiqc                                            [DEBUG  ]  File ignored by longranger/invocation because it exceeded search pattern filesize limit: coverage_profile_along_genes_(low).txt
[2025-11-20 18:38:59,912] multiqc                                            [DEBUG  ]  File ignored by ccs/v4 because it exceeded search pattern filesize limit: coverage_profile_along_genes_(high).txt
[2025-11-20 18:38:59,913] multiqc                                            [DEBUG  ]  File ignored by lima/summary because it exceeded search pattern filesize limit: coverage_profile_along_genes_(high).txt
[2025-11-20 18:38:59,916] multiqc                                            [DEBUG  ]  File ignored by longranger/invocation because it exceeded search pattern filesize limit: coverage_profile_along_genes_(high).txt
[2025-11-20 18:38:59,929] multiqc                                            [DEBUG  ]  File ignored by ccs/v4 because it exceeded search pattern filesize limit: qualimapReport.html
[2025-11-20 18:38:59,931] multiqc                                            [DEBUG  ]  File ignored by hicexplorer because it exceeded search pattern filesize limit: qualimapReport.html
[2025-11-20 18:38:59,931] multiqc                                            [DEBUG  ]  File ignored by lima/summary because it exceeded search pattern filesize limit: qualimapReport.html
[2025-11-20 18:38:59,934] multiqc                                            [DEBUG  ]  File ignored by longranger/invocation because it exceeded search pattern filesize limit: qualimapReport.html
[2025-11-20 18:38:59,946] multiqc                                            [DEBUG  ]  File ignored by nanostat because it exceeded search pattern filesize limit: qualimapReport.html
[2025-11-20 18:38:59,967] multiqc                                            [DEBUG  ]  File ignored by ccs/v4 because it exceeded search pattern filesize limit: agogo.css
[2025-11-20 18:38:59,968] multiqc                                            [DEBUG  ]  File ignored by hicexplorer because it exceeded search pattern filesize limit: agogo.css
[2025-11-20 18:38:59,968] multiqc                                            [DEBUG  ]  File ignored by lima/summary because it exceeded search pattern filesize limit: agogo.css
[2025-11-20 18:38:59,971] multiqc                                            [DEBUG  ]  File ignored by longranger/invocation because it exceeded search pattern filesize limit: agogo.css
[2025-11-20 18:38:59,986] multiqc                                            [DEBUG  ]  File ignored by nanostat because it exceeded search pattern filesize limit: agogo.css
[2025-11-20 18:38:59,994] multiqc                                            [DEBUG  ]  File ignored by ccs/v4 because it exceeded search pattern filesize limit: basic.css
[2025-11-20 18:38:59,995] multiqc                                            [DEBUG  ]  File ignored by hicexplorer because it exceeded search pattern filesize limit: basic.css
[2025-11-20 18:38:59,996] multiqc                                            [DEBUG  ]  File ignored by lima/summary because it exceeded search pattern filesize limit: basic.css
[2025-11-20 18:38:59,998] multiqc                                            [DEBUG  ]  File ignored by longranger/invocation because it exceeded search pattern filesize limit: basic.css
[2025-11-20 18:39:00,015] multiqc                                            [DEBUG  ]  File ignored by nanostat because it exceeded search pattern filesize limit: basic.css
[2025-11-20 18:39:00,032] multiqc                                            [DEBUG  ]  File ignored by ccs/v4 because it exceeded search pattern filesize limit: doctools.js
[2025-11-20 18:39:00,033] multiqc                                            [DEBUG  ]  File ignored by hicexplorer because it exceeded search pattern filesize limit: doctools.js
[2025-11-20 18:39:00,034] multiqc                                            [DEBUG  ]  File ignored by lima/summary because it exceeded search pattern filesize limit: doctools.js
[2025-11-20 18:39:00,037] multiqc                                            [DEBUG  ]  File ignored by longranger/invocation because it exceeded search pattern filesize limit: doctools.js
[2025-11-20 18:39:00,047] multiqc                                            [DEBUG  ]  File ignored by nanostat because it exceeded search pattern filesize limit: doctools.js
[2025-11-20 18:39:00,060] multiqc                                            [DEBUG  ]  File ignored by ccs/v4 because it exceeded search pattern filesize limit: jquery.js
[2025-11-20 18:39:00,062] multiqc                                            [DEBUG  ]  File ignored by hicexplorer because it exceeded search pattern filesize limit: jquery.js
[2025-11-20 18:39:00,062] multiqc                                            [DEBUG  ]  File ignored by lima/summary because it exceeded search pattern filesize limit: jquery.js
[2025-11-20 18:39:00,068] multiqc                                            [DEBUG  ]  File ignored by longranger/invocation because it exceeded search pattern filesize limit: jquery.js
[2025-11-20 18:39:00,081] multiqc                                            [DEBUG  ]  File ignored by nanostat because it exceeded search pattern filesize limit: jquery.js
[2025-11-20 18:39:00,090] multiqc                                            [DEBUG  ]  File ignored by ccs/v4 because it exceeded search pattern filesize limit: pygments.css
[2025-11-20 18:39:00,092] multiqc                                            [DEBUG  ]  File ignored by lima/summary because it exceeded search pattern filesize limit: pygments.css
[2025-11-20 18:39:00,095] multiqc                                            [DEBUG  ]  File ignored by longranger/invocation because it exceeded search pattern filesize limit: pygments.css
[2025-11-20 18:39:00,123] multiqc                                            [DEBUG  ]  File ignored by ccs/v4 because it exceeded search pattern filesize limit: searchtools.js
[2025-11-20 18:39:00,125] multiqc                                            [DEBUG  ]  File ignored by hicexplorer because it exceeded search pattern filesize limit: searchtools.js
[2025-11-20 18:39:00,125] multiqc                                            [DEBUG  ]  File ignored by lima/summary because it exceeded search pattern filesize limit: searchtools.js
[2025-11-20 18:39:00,128] multiqc                                            [DEBUG  ]  File ignored by longranger/invocation because it exceeded search pattern filesize limit: searchtools.js
[2025-11-20 18:39:00,147] multiqc                                            [DEBUG  ]  File ignored by nanostat because it exceeded search pattern filesize limit: searchtools.js
[2025-11-20 18:39:00,154] multiqc                                            [DEBUG  ]  File ignored by ccs/v4 because it exceeded search pattern filesize limit: underscore.js
[2025-11-20 18:39:00,155] multiqc                                            [DEBUG  ]  File ignored by hicexplorer because it exceeded search pattern filesize limit: underscore.js
[2025-11-20 18:39:00,156] multiqc                                            [DEBUG  ]  File ignored by lima/summary because it exceeded search pattern filesize limit: underscore.js
[2025-11-20 18:39:00,158] multiqc                                            [DEBUG  ]  File ignored by longranger/invocation because it exceeded search pattern filesize limit: underscore.js
[2025-11-20 18:39:00,164] multiqc                                            [DEBUG  ]  File ignored by nanostat because it exceeded search pattern filesize limit: underscore.js
[2025-11-20 18:39:00,177] multiqc                                            [DEBUG  ]  File ignored by ccs/v4 because it exceeded search pattern filesize limit: websupport.js
[2025-11-20 18:39:00,178] multiqc                                            [DEBUG  ]  File ignored by hicexplorer because it exceeded search pattern filesize limit: websupport.js
[2025-11-20 18:39:00,179] multiqc                                            [DEBUG  ]  File ignored by lima/summary because it exceeded search pattern filesize limit: websupport.js
[2025-11-20 18:39:00,182] multiqc                                            [DEBUG  ]  File ignored by longranger/invocation because it exceeded search pattern filesize limit: websupport.js
[2025-11-20 18:39:00,207] multiqc                                            [DEBUG  ]  File ignored by nanostat because it exceeded search pattern filesize limit: websupport.js
[2025-11-20 18:39:00,215] multiqc                                            [DEBUG  ]  File ignored by ccs/v4 because it exceeded search pattern filesize limit: coverage_profile_along_genes_(low).txt
[2025-11-20 18:39:00,217] multiqc                                            [DEBUG  ]  File ignored by lima/summary because it exceeded search pattern filesize limit: coverage_profile_along_genes_(low).txt
[2025-11-20 18:39:00,220] multiqc                                            [DEBUG  ]  File ignored by longranger/invocation because it exceeded search pattern filesize limit: coverage_profile_along_genes_(low).txt
[2025-11-20 18:39:00,232] multiqc                                            [DEBUG  ]  File ignored by ccs/v4 because it exceeded search pattern filesize limit: coverage_profile_along_genes_(high).txt
[2025-11-20 18:39:00,233] multiqc                                            [DEBUG  ]  File ignored by lima/summary because it exceeded search pattern filesize limit: coverage_profile_along_genes_(high).txt
[2025-11-20 18:39:00,236] multiqc                                            [DEBUG  ]  File ignored by longranger/invocation because it exceeded search pattern filesize limit: coverage_profile_along_genes_(high).txt
[2025-11-20 18:39:00,249] multiqc                                            [DEBUG  ]  File ignored by ccs/v4 because it exceeded search pattern filesize limit: qualimapReport.html
[2025-11-20 18:39:00,251] multiqc                                            [DEBUG  ]  File ignored by hicexplorer because it exceeded search pattern filesize limit: qualimapReport.html
[2025-11-20 18:39:00,251] multiqc                                            [DEBUG  ]  File ignored by lima/summary because it exceeded search pattern filesize limit: qualimapReport.html
[2025-11-20 18:39:00,254] multiqc                                            [DEBUG  ]  File ignored by longranger/invocation because it exceeded search pattern filesize limit: qualimapReport.html
[2025-11-20 18:39:00,266] multiqc                                            [DEBUG  ]  File ignored by nanostat because it exceeded search pattern filesize limit: qualimapReport.html
[2025-11-20 18:39:00,287] multiqc                                            [DEBUG  ]  File ignored by ccs/v4 because it exceeded search pattern filesize limit: agogo.css
[2025-11-20 18:39:00,288] multiqc                                            [DEBUG  ]  File ignored by hicexplorer because it exceeded search pattern filesize limit: agogo.css
[2025-11-20 18:39:00,289] multiqc                                            [DEBUG  ]  File ignored by lima/summary because it exceeded search pattern filesize limit: agogo.css
[2025-11-20 18:39:00,292] multiqc                                            [DEBUG  ]  File ignored by longranger/invocation because it exceeded search pattern filesize limit: agogo.css
[2025-11-20 18:39:00,306] multiqc                                            [DEBUG  ]  File ignored by nanostat because it exceeded search pattern filesize limit: agogo.css
[2025-11-20 18:39:00,314] multiqc                                            [DEBUG  ]  File ignored by ccs/v4 because it exceeded search pattern filesize limit: basic.css
[2025-11-20 18:39:00,315] multiqc                                            [DEBUG  ]  File ignored by hicexplorer because it exceeded search pattern filesize limit: basic.css
[2025-11-20 18:39:00,316] multiqc                                            [DEBUG  ]  File ignored by lima/summary because it exceeded search pattern filesize limit: basic.css
[2025-11-20 18:39:00,319] multiqc                                            [DEBUG  ]  File ignored by longranger/invocation because it exceeded search pattern filesize limit: basic.css
[2025-11-20 18:39:00,336] multiqc                                            [DEBUG  ]  File ignored by nanostat because it exceeded search pattern filesize limit: basic.css
[2025-11-20 18:39:00,353] multiqc                                            [DEBUG  ]  File ignored by ccs/v4 because it exceeded search pattern filesize limit: doctools.js
[2025-11-20 18:39:00,354] multiqc                                            [DEBUG  ]  File ignored by hicexplorer because it exceeded search pattern filesize limit: doctools.js
[2025-11-20 18:39:00,354] multiqc                                            [DEBUG  ]  File ignored by lima/summary because it exceeded search pattern filesize limit: doctools.js
[2025-11-20 18:39:00,357] multiqc                                            [DEBUG  ]  File ignored by longranger/invocation because it exceeded search pattern filesize limit: doctools.js
[2025-11-20 18:39:00,368] multiqc                                            [DEBUG  ]  File ignored by nanostat because it exceeded search pattern filesize limit: doctools.js
[2025-11-20 18:39:00,383] multiqc                                            [DEBUG  ]  File ignored by ccs/v4 because it exceeded search pattern filesize limit: jquery.js
[2025-11-20 18:39:00,385] multiqc                                            [DEBUG  ]  File ignored by hicexplorer because it exceeded search pattern filesize limit: jquery.js
[2025-11-20 18:39:00,385] multiqc                                            [DEBUG  ]  File ignored by lima/summary because it exceeded search pattern filesize limit: jquery.js
[2025-11-20 18:39:00,388] multiqc                                            [DEBUG  ]  File ignored by longranger/invocation because it exceeded search pattern filesize limit: jquery.js
[2025-11-20 18:39:00,400] multiqc                                            [DEBUG  ]  File ignored by nanostat because it exceeded search pattern filesize limit: jquery.js
[2025-11-20 18:39:00,410] multiqc                                            [DEBUG  ]  File ignored by ccs/v4 because it exceeded search pattern filesize limit: pygments.css
[2025-11-20 18:39:00,412] multiqc                                            [DEBUG  ]  File ignored by lima/summary because it exceeded search pattern filesize limit: pygments.css
[2025-11-20 18:39:00,415] multiqc                                            [DEBUG  ]  File ignored by longranger/invocation because it exceeded search pattern filesize limit: pygments.css
[2025-11-20 18:39:00,443] multiqc                                            [DEBUG  ]  File ignored by ccs/v4 because it exceeded search pattern filesize limit: searchtools.js
[2025-11-20 18:39:00,445] multiqc                                            [DEBUG  ]  File ignored by hicexplorer because it exceeded search pattern filesize limit: searchtools.js
[2025-11-20 18:39:00,445] multiqc                                            [DEBUG  ]  File ignored by lima/summary because it exceeded search pattern filesize limit: searchtools.js
[2025-11-20 18:39:00,448] multiqc                                            [DEBUG  ]  File ignored by longranger/invocation because it exceeded search pattern filesize limit: searchtools.js
[2025-11-20 18:39:00,468] multiqc                                            [DEBUG  ]  File ignored by nanostat because it exceeded search pattern filesize limit: searchtools.js
[2025-11-20 18:39:00,474] multiqc                                            [DEBUG  ]  File ignored by ccs/v4 because it exceeded search pattern filesize limit: underscore.js
[2025-11-20 18:39:00,475] multiqc                                            [DEBUG  ]  File ignored by hicexplorer because it exceeded search pattern filesize limit: underscore.js
[2025-11-20 18:39:00,476] multiqc                                            [DEBUG  ]  File ignored by lima/summary because it exceeded search pattern filesize limit: underscore.js
[2025-11-20 18:39:00,478] multiqc                                            [DEBUG  ]  File ignored by longranger/invocation because it exceeded search pattern filesize limit: underscore.js
[2025-11-20 18:39:00,487] multiqc                                            [DEBUG  ]  File ignored by nanostat because it exceeded search pattern filesize limit: underscore.js
[2025-11-20 18:39:00,497] multiqc                                            [DEBUG  ]  File ignored by ccs/v4 because it exceeded search pattern filesize limit: websupport.js
[2025-11-20 18:39:00,499] multiqc                                            [DEBUG  ]  File ignored by hicexplorer because it exceeded search pattern filesize limit: websupport.js
[2025-11-20 18:39:00,499] multiqc                                            [DEBUG  ]  File ignored by lima/summary because it exceeded search pattern filesize limit: websupport.js
[2025-11-20 18:39:00,502] multiqc                                            [DEBUG  ]  File ignored by longranger/invocation because it exceeded search pattern filesize limit: websupport.js
[2025-11-20 18:39:00,528] multiqc                                            [DEBUG  ]  File ignored by nanostat because it exceeded search pattern filesize limit: websupport.js
[2025-11-20 18:39:00,535] multiqc                                            [DEBUG  ]  File ignored by ccs/v4 because it exceeded search pattern filesize limit: coverage_profile_along_genes_(low).txt
[2025-11-20 18:39:00,537] multiqc                                            [DEBUG  ]  File ignored by lima/summary because it exceeded search pattern filesize limit: coverage_profile_along_genes_(low).txt
[2025-11-20 18:39:00,540] multiqc                                            [DEBUG  ]  File ignored by longranger/invocation because it exceeded search pattern filesize limit: coverage_profile_along_genes_(low).txt
[2025-11-20 18:39:00,552] multiqc                                            [DEBUG  ]  File ignored by ccs/v4 because it exceeded search pattern filesize limit: coverage_profile_along_genes_(high).txt
[2025-11-20 18:39:00,554] multiqc                                            [DEBUG  ]  File ignored by lima/summary because it exceeded search pattern filesize limit: coverage_profile_along_genes_(high).txt
[2025-11-20 18:39:00,556] multiqc                                            [DEBUG  ]  File ignored by longranger/invocation because it exceeded search pattern filesize limit: coverage_profile_along_genes_(high).txt
[2025-11-20 18:39:00,569] multiqc                                            [DEBUG  ]  File ignored by ccs/v4 because it exceeded search pattern filesize limit: qualimapReport.html
[2025-11-20 18:39:00,571] multiqc                                            [DEBUG  ]  File ignored by hicexplorer because it exceeded search pattern filesize limit: qualimapReport.html
[2025-11-20 18:39:00,571] multiqc                                            [DEBUG  ]  File ignored by lima/summary because it exceeded search pattern filesize limit: qualimapReport.html
[2025-11-20 18:39:00,574] multiqc                                            [DEBUG  ]  File ignored by longranger/invocation because it exceeded search pattern filesize limit: qualimapReport.html
[2025-11-20 18:39:00,589] multiqc                                            [DEBUG  ]  File ignored by nanostat because it exceeded search pattern filesize limit: qualimapReport.html
[2025-11-20 18:39:00,607] multiqc                                            [DEBUG  ]  File ignored by ccs/v4 because it exceeded search pattern filesize limit: agogo.css
[2025-11-20 18:39:00,609] multiqc                                            [DEBUG  ]  File ignored by hicexplorer because it exceeded search pattern filesize limit: agogo.css
[2025-11-20 18:39:00,609] multiqc                                            [DEBUG  ]  File ignored by lima/summary because it exceeded search pattern filesize limit: agogo.css
[2025-11-20 18:39:00,612] multiqc                                            [DEBUG  ]  File ignored by longranger/invocation because it exceeded search pattern filesize limit: agogo.css
[2025-11-20 18:39:00,626] multiqc                                            [DEBUG  ]  File ignored by nanostat because it exceeded search pattern filesize limit: agogo.css
[2025-11-20 18:39:00,634] multiqc                                            [DEBUG  ]  File ignored by ccs/v4 because it exceeded search pattern filesize limit: basic.css
[2025-11-20 18:39:00,636] multiqc                                            [DEBUG  ]  File ignored by hicexplorer because it exceeded search pattern filesize limit: basic.css
[2025-11-20 18:39:00,636] multiqc                                            [DEBUG  ]  File ignored by lima/summary because it exceeded search pattern filesize limit: basic.css
[2025-11-20 18:39:00,639] multiqc                                            [DEBUG  ]  File ignored by longranger/invocation because it exceeded search pattern filesize limit: basic.css
[2025-11-20 18:39:00,655] multiqc                                            [DEBUG  ]  File ignored by nanostat because it exceeded search pattern filesize limit: basic.css
[2025-11-20 18:39:00,672] multiqc                                            [DEBUG  ]  File ignored by ccs/v4 because it exceeded search pattern filesize limit: doctools.js
[2025-11-20 18:39:00,673] multiqc                                            [DEBUG  ]  File ignored by hicexplorer because it exceeded search pattern filesize limit: doctools.js
[2025-11-20 18:39:00,674] multiqc                                            [DEBUG  ]  File ignored by lima/summary because it exceeded search pattern filesize limit: doctools.js
[2025-11-20 18:39:00,677] multiqc                                            [DEBUG  ]  File ignored by longranger/invocation because it exceeded search pattern filesize limit: doctools.js
[2025-11-20 18:39:00,686] multiqc                                            [DEBUG  ]  File ignored by nanostat because it exceeded search pattern filesize limit: doctools.js
[2025-11-20 18:39:00,702] multiqc                                            [DEBUG  ]  File ignored by ccs/v4 because it exceeded search pattern filesize limit: jquery.js
[2025-11-20 18:39:00,704] multiqc                                            [DEBUG  ]  File ignored by hicexplorer because it exceeded search pattern filesize limit: jquery.js
[2025-11-20 18:39:00,704] multiqc                                            [DEBUG  ]  File ignored by lima/summary because it exceeded search pattern filesize limit: jquery.js
[2025-11-20 18:39:00,707] multiqc                                            [DEBUG  ]  File ignored by longranger/invocation because it exceeded search pattern filesize limit: jquery.js
[2025-11-20 18:39:00,720] multiqc                                            [DEBUG  ]  File ignored by nanostat because it exceeded search pattern filesize limit: jquery.js
[2025-11-20 18:39:00,730] multiqc                                            [DEBUG  ]  File ignored by ccs/v4 because it exceeded search pattern filesize limit: pygments.css
[2025-11-20 18:39:00,731] multiqc                                            [DEBUG  ]  File ignored by lima/summary because it exceeded search pattern filesize limit: pygments.css
[2025-11-20 18:39:00,734] multiqc                                            [DEBUG  ]  File ignored by longranger/invocation because it exceeded search pattern filesize limit: pygments.css
[2025-11-20 18:39:00,762] multiqc                                            [DEBUG  ]  File ignored by ccs/v4 because it exceeded search pattern filesize limit: searchtools.js
[2025-11-20 18:39:00,764] multiqc                                            [DEBUG  ]  File ignored by hicexplorer because it exceeded search pattern filesize limit: searchtools.js
[2025-11-20 18:39:00,764] multiqc                                            [DEBUG  ]  File ignored by lima/summary because it exceeded search pattern filesize limit: searchtools.js
[2025-11-20 18:39:00,767] multiqc                                            [DEBUG  ]  File ignored by longranger/invocation because it exceeded search pattern filesize limit: searchtools.js
[2025-11-20 18:39:00,786] multiqc                                            [DEBUG  ]  File ignored by nanostat because it exceeded search pattern filesize limit: searchtools.js
[2025-11-20 18:39:00,795] multiqc                                            [DEBUG  ]  File ignored by ccs/v4 because it exceeded search pattern filesize limit: underscore.js
[2025-11-20 18:39:00,796] multiqc                                            [DEBUG  ]  File ignored by hicexplorer because it exceeded search pattern filesize limit: underscore.js
[2025-11-20 18:39:00,797] multiqc                                            [DEBUG  ]  File ignored by lima/summary because it exceeded search pattern filesize limit: underscore.js
[2025-11-20 18:39:00,800] multiqc                                            [DEBUG  ]  File ignored by longranger/invocation because it exceeded search pattern filesize limit: underscore.js
[2025-11-20 18:39:00,805] multiqc                                            [DEBUG  ]  File ignored by nanostat because it exceeded search pattern filesize limit: underscore.js
[2025-11-20 18:39:00,815] multiqc                                            [DEBUG  ]  File ignored by ccs/v4 because it exceeded search pattern filesize limit: websupport.js
[2025-11-20 18:39:00,817] multiqc                                            [DEBUG  ]  File ignored by hicexplorer because it exceeded search pattern filesize limit: websupport.js
[2025-11-20 18:39:00,817] multiqc                                            [DEBUG  ]  File ignored by lima/summary because it exceeded search pattern filesize limit: websupport.js
[2025-11-20 18:39:00,820] multiqc                                            [DEBUG  ]  File ignored by longranger/invocation because it exceeded search pattern filesize limit: websupport.js
[2025-11-20 18:39:00,846] multiqc                                            [DEBUG  ]  File ignored by nanostat because it exceeded search pattern filesize limit: websupport.js
[2025-11-20 18:39:00,853] multiqc                                            [DEBUG  ]  File ignored by ccs/v4 because it exceeded search pattern filesize limit: coverage_profile_along_genes_(low).txt
[2025-11-20 18:39:00,855] multiqc                                            [DEBUG  ]  File ignored by lima/summary because it exceeded search pattern filesize limit: coverage_profile_along_genes_(low).txt
[2025-11-20 18:39:00,858] multiqc                                            [DEBUG  ]  File ignored by longranger/invocation because it exceeded search pattern filesize limit: coverage_profile_along_genes_(low).txt
[2025-11-20 18:39:00,870] multiqc                                            [DEBUG  ]  File ignored by ccs/v4 because it exceeded search pattern filesize limit: coverage_profile_along_genes_(high).txt
[2025-11-20 18:39:00,872] multiqc                                            [DEBUG  ]  File ignored by lima/summary because it exceeded search pattern filesize limit: coverage_profile_along_genes_(high).txt
[2025-11-20 18:39:00,874] multiqc                                            [DEBUG  ]  File ignored by longranger/invocation because it exceeded search pattern filesize limit: coverage_profile_along_genes_(high).txt
[2025-11-20 18:39:00,888] multiqc                                            [DEBUG  ]  File ignored by ccs/v4 because it exceeded search pattern filesize limit: qualimapReport.html
[2025-11-20 18:39:00,889] multiqc                                            [DEBUG  ]  File ignored by hicexplorer because it exceeded search pattern filesize limit: qualimapReport.html
[2025-11-20 18:39:00,890] multiqc                                            [DEBUG  ]  File ignored by lima/summary because it exceeded search pattern filesize limit: qualimapReport.html
[2025-11-20 18:39:00,893] multiqc                                            [DEBUG  ]  File ignored by longranger/invocation because it exceeded search pattern filesize limit: qualimapReport.html
[2025-11-20 18:39:00,907] multiqc                                            [DEBUG  ]  File ignored by nanostat because it exceeded search pattern filesize limit: qualimapReport.html
[2025-11-20 18:39:00,926] multiqc                                            [DEBUG  ]  File ignored by ccs/v4 because it exceeded search pattern filesize limit: agogo.css
[2025-11-20 18:39:00,928] multiqc                                            [DEBUG  ]  File ignored by hicexplorer because it exceeded search pattern filesize limit: agogo.css
[2025-11-20 18:39:00,928] multiqc                                            [DEBUG  ]  File ignored by lima/summary because it exceeded search pattern filesize limit: agogo.css
[2025-11-20 18:39:00,931] multiqc                                            [DEBUG  ]  File ignored by longranger/invocation because it exceeded search pattern filesize limit: agogo.css
[2025-11-20 18:39:00,945] multiqc                                            [DEBUG  ]  File ignored by nanostat because it exceeded search pattern filesize limit: agogo.css
[2025-11-20 18:39:00,953] multiqc                                            [DEBUG  ]  File ignored by ccs/v4 because it exceeded search pattern filesize limit: basic.css
[2025-11-20 18:39:00,954] multiqc                                            [DEBUG  ]  File ignored by hicexplorer because it exceeded search pattern filesize limit: basic.css
[2025-11-20 18:39:00,955] multiqc                                            [DEBUG  ]  File ignored by lima/summary because it exceeded search pattern filesize limit: basic.css
[2025-11-20 18:39:00,958] multiqc                                            [DEBUG  ]  File ignored by longranger/invocation because it exceeded search pattern filesize limit: basic.css
[2025-11-20 18:39:00,975] multiqc                                            [DEBUG  ]  File ignored by nanostat because it exceeded search pattern filesize limit: basic.css
[2025-11-20 18:39:00,991] multiqc                                            [DEBUG  ]  File ignored by ccs/v4 because it exceeded search pattern filesize limit: doctools.js
[2025-11-20 18:39:00,993] multiqc                                            [DEBUG  ]  File ignored by hicexplorer because it exceeded search pattern filesize limit: doctools.js
[2025-11-20 18:39:00,993] multiqc                                            [DEBUG  ]  File ignored by lima/summary because it exceeded search pattern filesize limit: doctools.js
[2025-11-20 18:39:00,996] multiqc                                            [DEBUG  ]  File ignored by longranger/invocation because it exceeded search pattern filesize limit: doctools.js
[2025-11-20 18:39:01,008] multiqc                                            [DEBUG  ]  File ignored by nanostat because it exceeded search pattern filesize limit: doctools.js
[2025-11-20 18:39:01,022] multiqc                                            [DEBUG  ]  File ignored by ccs/v4 because it exceeded search pattern filesize limit: jquery.js
[2025-11-20 18:39:01,023] multiqc                                            [DEBUG  ]  File ignored by hicexplorer because it exceeded search pattern filesize limit: jquery.js
[2025-11-20 18:39:01,024] multiqc                                            [DEBUG  ]  File ignored by lima/summary because it exceeded search pattern filesize limit: jquery.js
[2025-11-20 18:39:01,027] multiqc                                            [DEBUG  ]  File ignored by longranger/invocation because it exceeded search pattern filesize limit: jquery.js
[2025-11-20 18:39:01,039] multiqc                                            [DEBUG  ]  File ignored by nanostat because it exceeded search pattern filesize limit: jquery.js
[2025-11-20 18:39:01,049] multiqc                                            [DEBUG  ]  File ignored by ccs/v4 because it exceeded search pattern filesize limit: pygments.css
[2025-11-20 18:39:01,051] multiqc                                            [DEBUG  ]  File ignored by lima/summary because it exceeded search pattern filesize limit: pygments.css
[2025-11-20 18:39:01,054] multiqc                                            [DEBUG  ]  File ignored by longranger/invocation because it exceeded search pattern filesize limit: pygments.css
[2025-11-20 18:39:01,082] multiqc                                            [DEBUG  ]  File ignored by ccs/v4 because it exceeded search pattern filesize limit: searchtools.js
[2025-11-20 18:39:01,083] multiqc                                            [DEBUG  ]  File ignored by hicexplorer because it exceeded search pattern filesize limit: searchtools.js
[2025-11-20 18:39:01,083] multiqc                                            [DEBUG  ]  File ignored by lima/summary because it exceeded search pattern filesize limit: searchtools.js
[2025-11-20 18:39:01,086] multiqc                                            [DEBUG  ]  File ignored by longranger/invocation because it exceeded search pattern filesize limit: searchtools.js
[2025-11-20 18:39:01,109] multiqc                                            [DEBUG  ]  File ignored by nanostat because it exceeded search pattern filesize limit: searchtools.js
[2025-11-20 18:39:01,115] multiqc                                            [DEBUG  ]  File ignored by ccs/v4 because it exceeded search pattern filesize limit: underscore.js
[2025-11-20 18:39:01,117] multiqc                                            [DEBUG  ]  File ignored by hicexplorer because it exceeded search pattern filesize limit: underscore.js
[2025-11-20 18:39:01,117] multiqc                                            [DEBUG  ]  File ignored by lima/summary because it exceeded search pattern filesize limit: underscore.js
[2025-11-20 18:39:01,120] multiqc                                            [DEBUG  ]  File ignored by longranger/invocation because it exceeded search pattern filesize limit: underscore.js
[2025-11-20 18:39:01,125] multiqc                                            [DEBUG  ]  File ignored by nanostat because it exceeded search pattern filesize limit: underscore.js
[2025-11-20 18:39:01,136] multiqc                                            [DEBUG  ]  File ignored by ccs/v4 because it exceeded search pattern filesize limit: websupport.js
[2025-11-20 18:39:01,137] multiqc                                            [DEBUG  ]  File ignored by hicexplorer because it exceeded search pattern filesize limit: websupport.js
[2025-11-20 18:39:01,137] multiqc                                            [DEBUG  ]  File ignored by lima/summary because it exceeded search pattern filesize limit: websupport.js
[2025-11-20 18:39:01,140] multiqc                                            [DEBUG  ]  File ignored by longranger/invocation because it exceeded search pattern filesize limit: websupport.js
[2025-11-20 18:39:01,165] multiqc                                            [DEBUG  ]  File ignored by nanostat because it exceeded search pattern filesize limit: websupport.js
[2025-11-20 18:39:01,173] multiqc                                            [DEBUG  ]  File ignored by ccs/v4 because it exceeded search pattern filesize limit: coverage_profile_along_genes_(low).txt
[2025-11-20 18:39:01,175] multiqc                                            [DEBUG  ]  File ignored by lima/summary because it exceeded search pattern filesize limit: coverage_profile_along_genes_(low).txt
[2025-11-20 18:39:01,178] multiqc                                            [DEBUG  ]  File ignored by longranger/invocation because it exceeded search pattern filesize limit: coverage_profile_along_genes_(low).txt
[2025-11-20 18:39:01,189] multiqc                                            [DEBUG  ]  File ignored by ccs/v4 because it exceeded search pattern filesize limit: coverage_profile_along_genes_(high).txt
[2025-11-20 18:39:01,191] multiqc                                            [DEBUG  ]  File ignored by lima/summary because it exceeded search pattern filesize limit: coverage_profile_along_genes_(high).txt
[2025-11-20 18:39:01,194] multiqc                                            [DEBUG  ]  File ignored by longranger/invocation because it exceeded search pattern filesize limit: coverage_profile_along_genes_(high).txt
[2025-11-20 18:39:01,209] multiqc                                            [DEBUG  ]  File ignored by ccs/v4 because it exceeded search pattern filesize limit: qualimapReport.html
[2025-11-20 18:39:01,211] multiqc                                            [DEBUG  ]  File ignored by hicexplorer because it exceeded search pattern filesize limit: qualimapReport.html
[2025-11-20 18:39:01,211] multiqc                                            [DEBUG  ]  File ignored by lima/summary because it exceeded search pattern filesize limit: qualimapReport.html
[2025-11-20 18:39:01,214] multiqc                                            [DEBUG  ]  File ignored by longranger/invocation because it exceeded search pattern filesize limit: qualimapReport.html
[2025-11-20 18:39:01,225] multiqc                                            [DEBUG  ]  File ignored by nanostat because it exceeded search pattern filesize limit: qualimapReport.html
[2025-11-20 18:39:01,244] multiqc                                            [DEBUG  ]  File ignored by ccs/v4 because it exceeded search pattern filesize limit: agogo.css
[2025-11-20 18:39:01,246] multiqc                                            [DEBUG  ]  File ignored by hicexplorer because it exceeded search pattern filesize limit: agogo.css
[2025-11-20 18:39:01,246] multiqc                                            [DEBUG  ]  File ignored by lima/summary because it exceeded search pattern filesize limit: agogo.css
[2025-11-20 18:39:01,249] multiqc                                            [DEBUG  ]  File ignored by longranger/invocation because it exceeded search pattern filesize limit: agogo.css
[2025-11-20 18:39:01,263] multiqc                                            [DEBUG  ]  File ignored by nanostat because it exceeded search pattern filesize limit: agogo.css
[2025-11-20 18:39:01,271] multiqc                                            [DEBUG  ]  File ignored by ccs/v4 because it exceeded search pattern filesize limit: basic.css
[2025-11-20 18:39:01,273] multiqc                                            [DEBUG  ]  File ignored by hicexplorer because it exceeded search pattern filesize limit: basic.css
[2025-11-20 18:39:01,273] multiqc                                            [DEBUG  ]  File ignored by lima/summary because it exceeded search pattern filesize limit: basic.css
[2025-11-20 18:39:01,276] multiqc                                            [DEBUG  ]  File ignored by longranger/invocation because it exceeded search pattern filesize limit: basic.css
[2025-11-20 18:39:01,294] multiqc                                            [DEBUG  ]  File ignored by nanostat because it exceeded search pattern filesize limit: basic.css
[2025-11-20 18:39:01,312] multiqc                                            [DEBUG  ]  File ignored by ccs/v4 because it exceeded search pattern filesize limit: doctools.js
[2025-11-20 18:39:01,313] multiqc                                            [DEBUG  ]  File ignored by hicexplorer because it exceeded search pattern filesize limit: doctools.js
[2025-11-20 18:39:01,314] multiqc                                            [DEBUG  ]  File ignored by lima/summary because it exceeded search pattern filesize limit: doctools.js
[2025-11-20 18:39:01,317] multiqc                                            [DEBUG  ]  File ignored by longranger/invocation because it exceeded search pattern filesize limit: doctools.js
[2025-11-20 18:39:01,326] multiqc                                            [DEBUG  ]  File ignored by nanostat because it exceeded search pattern filesize limit: doctools.js
[2025-11-20 18:39:01,340] multiqc                                            [DEBUG  ]  File ignored by ccs/v4 because it exceeded search pattern filesize limit: jquery.js
[2025-11-20 18:39:01,342] multiqc                                            [DEBUG  ]  File ignored by hicexplorer because it exceeded search pattern filesize limit: jquery.js
[2025-11-20 18:39:01,342] multiqc                                            [DEBUG  ]  File ignored by lima/summary because it exceeded search pattern filesize limit: jquery.js
[2025-11-20 18:39:01,345] multiqc                                            [DEBUG  ]  File ignored by longranger/invocation because it exceeded search pattern filesize limit: jquery.js
[2025-11-20 18:39:01,357] multiqc                                            [DEBUG  ]  File ignored by nanostat because it exceeded search pattern filesize limit: jquery.js
[2025-11-20 18:39:01,367] multiqc                                            [DEBUG  ]  File ignored by ccs/v4 because it exceeded search pattern filesize limit: pygments.css
[2025-11-20 18:39:01,369] multiqc                                            [DEBUG  ]  File ignored by lima/summary because it exceeded search pattern filesize limit: pygments.css
[2025-11-20 18:39:01,372] multiqc                                            [DEBUG  ]  File ignored by longranger/invocation because it exceeded search pattern filesize limit: pygments.css
[2025-11-20 18:39:01,400] multiqc                                            [DEBUG  ]  File ignored by ccs/v4 because it exceeded search pattern filesize limit: searchtools.js
[2025-11-20 18:39:01,401] multiqc                                            [DEBUG  ]  File ignored by hicexplorer because it exceeded search pattern filesize limit: searchtools.js
[2025-11-20 18:39:01,401] multiqc                                            [DEBUG  ]  File ignored by lima/summary because it exceeded search pattern filesize limit: searchtools.js
[2025-11-20 18:39:01,404] multiqc                                            [DEBUG  ]  File ignored by longranger/invocation because it exceeded search pattern filesize limit: searchtools.js
[2025-11-20 18:39:01,427] multiqc                                            [DEBUG  ]  File ignored by nanostat because it exceeded search pattern filesize limit: searchtools.js
[2025-11-20 18:39:01,433] multiqc                                            [DEBUG  ]  File ignored by ccs/v4 because it exceeded search pattern filesize limit: underscore.js
[2025-11-20 18:39:01,434] multiqc                                            [DEBUG  ]  File ignored by hicexplorer because it exceeded search pattern filesize limit: underscore.js
[2025-11-20 18:39:01,435] multiqc                                            [DEBUG  ]  File ignored by lima/summary because it exceeded search pattern filesize limit: underscore.js
[2025-11-20 18:39:01,437] multiqc                                            [DEBUG  ]  File ignored by longranger/invocation because it exceeded search pattern filesize limit: underscore.js
[2025-11-20 18:39:01,443] multiqc                                            [DEBUG  ]  File ignored by nanostat because it exceeded search pattern filesize limit: underscore.js
[2025-11-20 18:39:01,453] multiqc                                            [DEBUG  ]  File ignored by ccs/v4 because it exceeded search pattern filesize limit: websupport.js
[2025-11-20 18:39:01,455] multiqc                                            [DEBUG  ]  File ignored by hicexplorer because it exceeded search pattern filesize limit: websupport.js
[2025-11-20 18:39:01,455] multiqc                                            [DEBUG  ]  File ignored by lima/summary because it exceeded search pattern filesize limit: websupport.js
[2025-11-20 18:39:01,458] multiqc                                            [DEBUG  ]  File ignored by longranger/invocation because it exceeded search pattern filesize limit: websupport.js
[2025-11-20 18:39:01,484] multiqc                                            [DEBUG  ]  File ignored by nanostat because it exceeded search pattern filesize limit: websupport.js
[2025-11-20 18:39:01,492] multiqc                                            [DEBUG  ]  File ignored by ccs/v4 because it exceeded search pattern filesize limit: coverage_profile_along_genes_(low).txt
[2025-11-20 18:39:01,494] multiqc                                            [DEBUG  ]  File ignored by lima/summary because it exceeded search pattern filesize limit: coverage_profile_along_genes_(low).txt
[2025-11-20 18:39:01,497] multiqc                                            [DEBUG  ]  File ignored by longranger/invocation because it exceeded search pattern filesize limit: coverage_profile_along_genes_(low).txt
[2025-11-20 18:39:01,509] multiqc                                            [DEBUG  ]  File ignored by ccs/v4 because it exceeded search pattern filesize limit: coverage_profile_along_genes_(high).txt
[2025-11-20 18:39:01,510] multiqc                                            [DEBUG  ]  File ignored by lima/summary because it exceeded search pattern filesize limit: coverage_profile_along_genes_(high).txt
[2025-11-20 18:39:01,516] multiqc                                            [DEBUG  ]  File ignored by longranger/invocation because it exceeded search pattern filesize limit: coverage_profile_along_genes_(high).txt
[2025-11-20 18:39:01,530] multiqc                                            [DEBUG  ]  File ignored by ccs/v4 because it exceeded search pattern filesize limit: qualimapReport.html
[2025-11-20 18:39:01,531] multiqc                                            [DEBUG  ]  File ignored by hicexplorer because it exceeded search pattern filesize limit: qualimapReport.html
[2025-11-20 18:39:01,531] multiqc                                            [DEBUG  ]  File ignored by lima/summary because it exceeded search pattern filesize limit: qualimapReport.html
[2025-11-20 18:39:01,534] multiqc                                            [DEBUG  ]  File ignored by longranger/invocation because it exceeded search pattern filesize limit: qualimapReport.html
[2025-11-20 18:39:01,546] multiqc                                            [DEBUG  ]  File ignored by nanostat because it exceeded search pattern filesize limit: qualimapReport.html
[2025-11-20 18:39:01,564] multiqc                                            [DEBUG  ]  File ignored by ccs/v4 because it exceeded search pattern filesize limit: agogo.css
[2025-11-20 18:39:01,566] multiqc                                            [DEBUG  ]  File ignored by hicexplorer because it exceeded search pattern filesize limit: agogo.css
[2025-11-20 18:39:01,566] multiqc                                            [DEBUG  ]  File ignored by lima/summary because it exceeded search pattern filesize limit: agogo.css
[2025-11-20 18:39:01,569] multiqc                                            [DEBUG  ]  File ignored by longranger/invocation because it exceeded search pattern filesize limit: agogo.css
[2025-11-20 18:39:01,583] multiqc                                            [DEBUG  ]  File ignored by nanostat because it exceeded search pattern filesize limit: agogo.css
[2025-11-20 18:39:01,591] multiqc                                            [DEBUG  ]  File ignored by ccs/v4 because it exceeded search pattern filesize limit: basic.css
[2025-11-20 18:39:01,593] multiqc                                            [DEBUG  ]  File ignored by hicexplorer because it exceeded search pattern filesize limit: basic.css
[2025-11-20 18:39:01,593] multiqc                                            [DEBUG  ]  File ignored by lima/summary because it exceeded search pattern filesize limit: basic.css
[2025-11-20 18:39:01,596] multiqc                                            [DEBUG  ]  File ignored by longranger/invocation because it exceeded search pattern filesize limit: basic.css
[2025-11-20 18:39:01,613] multiqc                                            [DEBUG  ]  File ignored by nanostat because it exceeded search pattern filesize limit: basic.css
[2025-11-20 18:39:01,632] multiqc                                            [DEBUG  ]  File ignored by ccs/v4 because it exceeded search pattern filesize limit: doctools.js
[2025-11-20 18:39:01,634] multiqc                                            [DEBUG  ]  File ignored by hicexplorer because it exceeded search pattern filesize limit: doctools.js
[2025-11-20 18:39:01,635] multiqc                                            [DEBUG  ]  File ignored by lima/summary because it exceeded search pattern filesize limit: doctools.js
[2025-11-20 18:39:01,638] multiqc                                            [DEBUG  ]  File ignored by longranger/invocation because it exceeded search pattern filesize limit: doctools.js
[2025-11-20 18:39:01,648] multiqc                                            [DEBUG  ]  File ignored by nanostat because it exceeded search pattern filesize limit: doctools.js
[2025-11-20 18:39:01,661] multiqc                                            [DEBUG  ]  File ignored by ccs/v4 because it exceeded search pattern filesize limit: jquery.js
[2025-11-20 18:39:01,663] multiqc                                            [DEBUG  ]  File ignored by hicexplorer because it exceeded search pattern filesize limit: jquery.js
[2025-11-20 18:39:01,663] multiqc                                            [DEBUG  ]  File ignored by lima/summary because it exceeded search pattern filesize limit: jquery.js
[2025-11-20 18:39:01,667] multiqc                                            [DEBUG  ]  File ignored by longranger/invocation because it exceeded search pattern filesize limit: jquery.js
[2025-11-20 18:39:01,679] multiqc                                            [DEBUG  ]  File ignored by nanostat because it exceeded search pattern filesize limit: jquery.js
[2025-11-20 18:39:01,688] multiqc                                            [DEBUG  ]  File ignored by ccs/v4 because it exceeded search pattern filesize limit: pygments.css
[2025-11-20 18:39:01,690] multiqc                                            [DEBUG  ]  File ignored by lima/summary because it exceeded search pattern filesize limit: pygments.css
[2025-11-20 18:39:01,693] multiqc                                            [DEBUG  ]  File ignored by longranger/invocation because it exceeded search pattern filesize limit: pygments.css
[2025-11-20 18:39:01,722] multiqc                                            [DEBUG  ]  File ignored by ccs/v4 because it exceeded search pattern filesize limit: searchtools.js
[2025-11-20 18:39:01,727] multiqc                                            [DEBUG  ]  File ignored by hicexplorer because it exceeded search pattern filesize limit: searchtools.js
[2025-11-20 18:39:01,727] multiqc                                            [DEBUG  ]  File ignored by lima/summary because it exceeded search pattern filesize limit: searchtools.js
[2025-11-20 18:39:01,730] multiqc                                            [DEBUG  ]  File ignored by longranger/invocation because it exceeded search pattern filesize limit: searchtools.js
[2025-11-20 18:39:01,749] multiqc                                            [DEBUG  ]  File ignored by nanostat because it exceeded search pattern filesize limit: searchtools.js
[2025-11-20 18:39:01,755] multiqc                                            [DEBUG  ]  File ignored by ccs/v4 because it exceeded search pattern filesize limit: underscore.js
[2025-11-20 18:39:01,757] multiqc                                            [DEBUG  ]  File ignored by hicexplorer because it exceeded search pattern filesize limit: underscore.js
[2025-11-20 18:39:01,757] multiqc                                            [DEBUG  ]  File ignored by lima/summary because it exceeded search pattern filesize limit: underscore.js
[2025-11-20 18:39:01,760] multiqc                                            [DEBUG  ]  File ignored by longranger/invocation because it exceeded search pattern filesize limit: underscore.js
[2025-11-20 18:39:01,765] multiqc                                            [DEBUG  ]  File ignored by nanostat because it exceeded search pattern filesize limit: underscore.js
[2025-11-20 18:39:01,775] multiqc                                            [DEBUG  ]  File ignored by ccs/v4 because it exceeded search pattern filesize limit: websupport.js
[2025-11-20 18:39:01,777] multiqc                                            [DEBUG  ]  File ignored by hicexplorer because it exceeded search pattern filesize limit: websupport.js
[2025-11-20 18:39:01,777] multiqc                                            [DEBUG  ]  File ignored by lima/summary because it exceeded search pattern filesize limit: websupport.js
[2025-11-20 18:39:01,780] multiqc                                            [DEBUG  ]  File ignored by longranger/invocation because it exceeded search pattern filesize limit: websupport.js
[2025-11-20 18:39:01,805] multiqc                                            [DEBUG  ]  File ignored by nanostat because it exceeded search pattern filesize limit: websupport.js
[2025-11-20 18:39:01,813] multiqc                                            [DEBUG  ]  File ignored by ccs/v4 because it exceeded search pattern filesize limit: coverage_profile_along_genes_(low).txt
[2025-11-20 18:39:01,814] multiqc                                            [DEBUG  ]  File ignored by lima/summary because it exceeded search pattern filesize limit: coverage_profile_along_genes_(low).txt
[2025-11-20 18:39:01,817] multiqc                                            [DEBUG  ]  File ignored by longranger/invocation because it exceeded search pattern filesize limit: coverage_profile_along_genes_(low).txt
[2025-11-20 18:39:01,831] multiqc                                            [DEBUG  ]  File ignored by ccs/v4 because it exceeded search pattern filesize limit: coverage_profile_along_genes_(high).txt
[2025-11-20 18:39:01,833] multiqc                                            [DEBUG  ]  File ignored by lima/summary because it exceeded search pattern filesize limit: coverage_profile_along_genes_(high).txt
[2025-11-20 18:39:01,836] multiqc                                            [DEBUG  ]  File ignored by longranger/invocation because it exceeded search pattern filesize limit: coverage_profile_along_genes_(high).txt
[2025-11-20 18:39:01,849] multiqc                                            [DEBUG  ]  File ignored by ccs/v4 because it exceeded search pattern filesize limit: qualimapReport.html
[2025-11-20 18:39:01,850] multiqc                                            [DEBUG  ]  File ignored by hicexplorer because it exceeded search pattern filesize limit: qualimapReport.html
[2025-11-20 18:39:01,851] multiqc                                            [DEBUG  ]  File ignored by lima/summary because it exceeded search pattern filesize limit: qualimapReport.html
[2025-11-20 18:39:01,853] multiqc                                            [DEBUG  ]  File ignored by longranger/invocation because it exceeded search pattern filesize limit: qualimapReport.html
[2025-11-20 18:39:01,865] multiqc                                            [DEBUG  ]  File ignored by nanostat because it exceeded search pattern filesize limit: qualimapReport.html
[2025-11-20 18:39:01,884] multiqc                                            [DEBUG  ]  File ignored by ccs/v4 because it exceeded search pattern filesize limit: agogo.css
[2025-11-20 18:39:01,885] multiqc                                            [DEBUG  ]  File ignored by hicexplorer because it exceeded search pattern filesize limit: agogo.css
[2025-11-20 18:39:01,885] multiqc                                            [DEBUG  ]  File ignored by lima/summary because it exceeded search pattern filesize limit: agogo.css
[2025-11-20 18:39:01,888] multiqc                                            [DEBUG  ]  File ignored by longranger/invocation because it exceeded search pattern filesize limit: agogo.css
[2025-11-20 18:39:01,902] multiqc                                            [DEBUG  ]  File ignored by nanostat because it exceeded search pattern filesize limit: agogo.css
[2025-11-20 18:39:01,910] multiqc                                            [DEBUG  ]  File ignored by ccs/v4 because it exceeded search pattern filesize limit: basic.css
[2025-11-20 18:39:01,912] multiqc                                            [DEBUG  ]  File ignored by hicexplorer because it exceeded search pattern filesize limit: basic.css
[2025-11-20 18:39:01,912] multiqc                                            [DEBUG  ]  File ignored by lima/summary because it exceeded search pattern filesize limit: basic.css
[2025-11-20 18:39:01,915] multiqc                                            [DEBUG  ]  File ignored by longranger/invocation because it exceeded search pattern filesize limit: basic.css
[2025-11-20 18:39:01,935] multiqc                                            [DEBUG  ]  File ignored by nanostat because it exceeded search pattern filesize limit: basic.css
[2025-11-20 18:39:01,951] multiqc                                            [DEBUG  ]  File ignored by ccs/v4 because it exceeded search pattern filesize limit: doctools.js
[2025-11-20 18:39:01,953] multiqc                                            [DEBUG  ]  File ignored by hicexplorer because it exceeded search pattern filesize limit: doctools.js
[2025-11-20 18:39:01,953] multiqc                                            [DEBUG  ]  File ignored by lima/summary because it exceeded search pattern filesize limit: doctools.js
[2025-11-20 18:39:01,956] multiqc                                            [DEBUG  ]  File ignored by longranger/invocation because it exceeded search pattern filesize limit: doctools.js
[2025-11-20 18:39:01,966] multiqc                                            [DEBUG  ]  File ignored by nanostat because it exceeded search pattern filesize limit: doctools.js
[2025-11-20 18:39:01,980] multiqc                                            [DEBUG  ]  File ignored by ccs/v4 because it exceeded search pattern filesize limit: jquery.js
[2025-11-20 18:39:01,981] multiqc                                            [DEBUG  ]  File ignored by hicexplorer because it exceeded search pattern filesize limit: jquery.js
[2025-11-20 18:39:01,982] multiqc                                            [DEBUG  ]  File ignored by lima/summary because it exceeded search pattern filesize limit: jquery.js
[2025-11-20 18:39:01,985] multiqc                                            [DEBUG  ]  File ignored by longranger/invocation because it exceeded search pattern filesize limit: jquery.js
[2025-11-20 18:39:01,997] multiqc                                            [DEBUG  ]  File ignored by nanostat because it exceeded search pattern filesize limit: jquery.js
[2025-11-20 18:39:02,007] multiqc                                            [DEBUG  ]  File ignored by ccs/v4 because it exceeded search pattern filesize limit: pygments.css
[2025-11-20 18:39:02,009] multiqc                                            [DEBUG  ]  File ignored by lima/summary because it exceeded search pattern filesize limit: pygments.css
[2025-11-20 18:39:02,012] multiqc                                            [DEBUG  ]  File ignored by longranger/invocation because it exceeded search pattern filesize limit: pygments.css
[2025-11-20 18:39:02,043] multiqc                                            [DEBUG  ]  File ignored by ccs/v4 because it exceeded search pattern filesize limit: searchtools.js
[2025-11-20 18:39:02,045] multiqc                                            [DEBUG  ]  File ignored by hicexplorer because it exceeded search pattern filesize limit: searchtools.js
[2025-11-20 18:39:02,045] multiqc                                            [DEBUG  ]  File ignored by lima/summary because it exceeded search pattern filesize limit: searchtools.js
[2025-11-20 18:39:02,048] multiqc                                            [DEBUG  ]  File ignored by longranger/invocation because it exceeded search pattern filesize limit: searchtools.js
[2025-11-20 18:39:02,067] multiqc                                            [DEBUG  ]  File ignored by nanostat because it exceeded search pattern filesize limit: searchtools.js
[2025-11-20 18:39:02,074] multiqc                                            [DEBUG  ]  File ignored by ccs/v4 because it exceeded search pattern filesize limit: underscore.js
[2025-11-20 18:39:02,075] multiqc                                            [DEBUG  ]  File ignored by hicexplorer because it exceeded search pattern filesize limit: underscore.js
[2025-11-20 18:39:02,075] multiqc                                            [DEBUG  ]  File ignored by lima/summary because it exceeded search pattern filesize limit: underscore.js
[2025-11-20 18:39:02,078] multiqc                                            [DEBUG  ]  File ignored by longranger/invocation because it exceeded search pattern filesize limit: underscore.js
[2025-11-20 18:39:02,084] multiqc                                            [DEBUG  ]  File ignored by nanostat because it exceeded search pattern filesize limit: underscore.js
[2025-11-20 18:39:02,094] multiqc                                            [DEBUG  ]  File ignored by ccs/v4 because it exceeded search pattern filesize limit: websupport.js
[2025-11-20 18:39:02,095] multiqc                                            [DEBUG  ]  File ignored by hicexplorer because it exceeded search pattern filesize limit: websupport.js
[2025-11-20 18:39:02,096] multiqc                                            [DEBUG  ]  File ignored by lima/summary because it exceeded search pattern filesize limit: websupport.js
[2025-11-20 18:39:02,099] multiqc                                            [DEBUG  ]  File ignored by longranger/invocation because it exceeded search pattern filesize limit: websupport.js
[2025-11-20 18:39:02,124] multiqc                                            [DEBUG  ]  File ignored by nanostat because it exceeded search pattern filesize limit: websupport.js
[2025-11-20 18:39:02,131] multiqc                                            [DEBUG  ]  File ignored by ccs/v4 because it exceeded search pattern filesize limit: coverage_profile_along_genes_(low).txt
[2025-11-20 18:39:02,133] multiqc                                            [DEBUG  ]  File ignored by lima/summary because it exceeded search pattern filesize limit: coverage_profile_along_genes_(low).txt
[2025-11-20 18:39:02,136] multiqc                                            [DEBUG  ]  File ignored by longranger/invocation because it exceeded search pattern filesize limit: coverage_profile_along_genes_(low).txt
[2025-11-20 18:39:02,151] multiqc                                            [DEBUG  ]  File ignored by ccs/v4 because it exceeded search pattern filesize limit: coverage_profile_along_genes_(high).txt
[2025-11-20 18:39:02,153] multiqc                                            [DEBUG  ]  File ignored by lima/summary because it exceeded search pattern filesize limit: coverage_profile_along_genes_(high).txt
[2025-11-20 18:39:02,156] multiqc                                            [DEBUG  ]  File ignored by longranger/invocation because it exceeded search pattern filesize limit: coverage_profile_along_genes_(high).txt
[2025-11-20 18:39:02,168] multiqc                                            [DEBUG  ]  File ignored by ccs/v4 because it exceeded search pattern filesize limit: POR_R1_C2_Log.progress.out
[2025-11-20 18:39:02,169] multiqc                                            [DEBUG  ]  File ignored by lima/summary because it exceeded search pattern filesize limit: POR_R1_C2_Log.progress.out
[2025-11-20 18:39:02,182] multiqc                                            [DEBUG  ]  File ignored by ccs/v4 because it exceeded search pattern filesize limit: POR_R0_C2_Log.out
[2025-11-20 18:39:02,184] multiqc                                            [DEBUG  ]  File ignored by hicexplorer because it exceeded search pattern filesize limit: POR_R0_C2_Log.out
[2025-11-20 18:39:02,184] multiqc                                            [DEBUG  ]  File ignored by lima/summary because it exceeded search pattern filesize limit: POR_R0_C2_Log.out
[2025-11-20 18:39:02,187] multiqc                                            [DEBUG  ]  File ignored by longranger/invocation because it exceeded search pattern filesize limit: POR_R0_C2_Log.out
[2025-11-20 18:39:02,213] multiqc                                            [DEBUG  ]  File ignored by nanostat because it exceeded search pattern filesize limit: POR_R0_C2_Log.out
[2025-11-20 18:39:02,220] multiqc                                            [DEBUG  ]  File ignored by ccs/v4 because it exceeded search pattern filesize limit: POR_R120_C1_Log.progress.out
[2025-11-20 18:39:02,222] multiqc                                            [DEBUG  ]  File ignored by lima/summary because it exceeded search pattern filesize limit: POR_R120_C1_Log.progress.out
[2025-11-20 18:39:02,224] multiqc                                            [DEBUG  ]  File ignored by longranger/invocation because it exceeded search pattern filesize limit: POR_R120_C1_Log.progress.out
[2025-11-20 18:39:02,234] multiqc                                            [DEBUG  ]  File ignored by ccs/v4 because it exceeded search pattern filesize limit: POR_R24_H1_SJ.out.tab
[2025-11-20 18:39:02,235] multiqc                                            [DEBUG  ]  File ignored by hicexplorer because it exceeded search pattern filesize limit: POR_R24_H1_SJ.out.tab
[2025-11-20 18:39:02,236] multiqc                                            [DEBUG  ]  File ignored by lima/summary because it exceeded search pattern filesize limit: POR_R24_H1_SJ.out.tab
[2025-11-20 18:39:02,238] multiqc                                            [DEBUG  ]  File ignored by vep/vep_html because it exceeded search pattern filesize limit: POR_R24_H1_SJ.out.tab
[2025-11-20 18:39:02,238] multiqc                                            [DEBUG  ]  File ignored by vep/vep_txt because it exceeded search pattern filesize limit: POR_R24_H1_SJ.out.tab
[2025-11-20 18:39:02,239] multiqc                                            [DEBUG  ]  File ignored by longranger/invocation because it exceeded search pattern filesize limit: POR_R24_H1_SJ.out.tab
[2025-11-20 18:39:02,239] multiqc                                            [DEBUG  ]  File ignored by rockhopper because it exceeded search pattern filesize limit: POR_R24_H1_SJ.out.tab
[2025-11-20 18:39:02,239] multiqc                                            [DEBUG  ]  File ignored by rseqc/bam_stat because it exceeded search pattern filesize limit: POR_R24_H1_SJ.out.tab
[2025-11-20 18:39:02,239] multiqc                                            [DEBUG  ]  File ignored by rseqc/junction_annotation because it exceeded search pattern filesize limit: POR_R24_H1_SJ.out.tab
[2025-11-20 18:39:02,239] multiqc                                            [DEBUG  ]  File ignored by rseqc/read_distribution because it exceeded search pattern filesize limit: POR_R24_H1_SJ.out.tab
[2025-11-20 18:39:02,239] multiqc                                            [DEBUG  ]  File ignored by rseqc/infer_experiment because it exceeded search pattern filesize limit: POR_R24_H1_SJ.out.tab
[2025-11-20 18:39:02,255] multiqc                                            [DEBUG  ]  File ignored by stacks/sumstats because it exceeded search pattern filesize limit: POR_R24_H1_SJ.out.tab
[2025-11-20 18:39:02,957] multiqc                                            [DEBUG  ]  File ignored by nanostat because it exceeded search pattern filesize limit: POR_R24_H1_SJ.out.tab
[2025-11-20 18:39:03,003] multiqc                                            [DEBUG  ]  File ignored by ccs/v4 because it exceeded search pattern filesize limit: POR_R120_H1_Log.progress.out
[2025-11-20 18:39:03,005] multiqc                                            [DEBUG  ]  File ignored by lima/summary because it exceeded search pattern filesize limit: POR_R120_H1_Log.progress.out
[2025-11-20 18:39:03,017] multiqc                                            [DEBUG  ]  File ignored by ccs/v4 because it exceeded search pattern filesize limit: POR_R1_H1_SJ.out.tab
[2025-11-20 18:39:03,019] multiqc                                            [DEBUG  ]  File ignored by hicexplorer because it exceeded search pattern filesize limit: POR_R1_H1_SJ.out.tab
[2025-11-20 18:39:03,019] multiqc                                            [DEBUG  ]  File ignored by lima/summary because it exceeded search pattern filesize limit: POR_R1_H1_SJ.out.tab
[2025-11-20 18:39:03,022] multiqc                                            [DEBUG  ]  File ignored by vep/vep_html because it exceeded search pattern filesize limit: POR_R1_H1_SJ.out.tab
[2025-11-20 18:39:03,022] multiqc                                            [DEBUG  ]  File ignored by vep/vep_txt because it exceeded search pattern filesize limit: POR_R1_H1_SJ.out.tab
[2025-11-20 18:39:03,022] multiqc                                            [DEBUG  ]  File ignored by longranger/invocation because it exceeded search pattern filesize limit: POR_R1_H1_SJ.out.tab
[2025-11-20 18:39:03,022] multiqc                                            [DEBUG  ]  File ignored by rockhopper because it exceeded search pattern filesize limit: POR_R1_H1_SJ.out.tab
[2025-11-20 18:39:03,022] multiqc                                            [DEBUG  ]  File ignored by rseqc/bam_stat because it exceeded search pattern filesize limit: POR_R1_H1_SJ.out.tab
[2025-11-20 18:39:03,022] multiqc                                            [DEBUG  ]  File ignored by rseqc/junction_annotation because it exceeded search pattern filesize limit: POR_R1_H1_SJ.out.tab
[2025-11-20 18:39:03,022] multiqc                                            [DEBUG  ]  File ignored by rseqc/read_distribution because it exceeded search pattern filesize limit: POR_R1_H1_SJ.out.tab
[2025-11-20 18:39:03,022] multiqc                                            [DEBUG  ]  File ignored by rseqc/infer_experiment because it exceeded search pattern filesize limit: POR_R1_H1_SJ.out.tab
[2025-11-20 18:39:03,022] multiqc                                            [DEBUG  ]  File ignored by snpeff because it exceeded search pattern filesize limit: POR_R1_H1_SJ.out.tab
[2025-11-20 18:39:03,023] multiqc                                            [DEBUG  ]  File ignored by stacks/sumstats because it exceeded search pattern filesize limit: POR_R1_H1_SJ.out.tab
[2025-11-20 18:39:05,739] multiqc                                            [DEBUG  ]  File ignored by nanostat because it exceeded search pattern filesize limit: POR_R1_H1_SJ.out.tab
[2025-11-20 18:39:05,892] multiqc                                            [DEBUG  ]  Ignoring file as matched an ignore pattern: POR_R72_H1_Aligned.sortedByCoord.out.bam
[2025-11-20 18:39:05,897] multiqc                                            [DEBUG  ]  File ignored by ccs/v4 because it exceeded search pattern filesize limit: POR_R3_C1_Log.out
[2025-11-20 18:39:05,899] multiqc                                            [DEBUG  ]  File ignored by hicexplorer because it exceeded search pattern filesize limit: POR_R3_C1_Log.out
[2025-11-20 18:39:05,899] multiqc                                            [DEBUG  ]  File ignored by lima/summary because it exceeded search pattern filesize limit: POR_R3_C1_Log.out
[2025-11-20 18:39:05,902] multiqc                                            [DEBUG  ]  File ignored by longranger/invocation because it exceeded search pattern filesize limit: POR_R3_C1_Log.out
[2025-11-20 18:39:05,930] multiqc                                            [DEBUG  ]  File ignored by nanostat because it exceeded search pattern filesize limit: POR_R3_C1_Log.out
[2025-11-20 18:39:05,932] multiqc                                            [DEBUG  ]  Ignoring file as matched an ignore pattern: POR_R72_C3_Aligned.sortedByCoord.out.bam
[2025-11-20 18:39:05,932] multiqc                                            [DEBUG  ]  Ignoring file as matched an ignore pattern: POR_R3_H2_Aligned.sortedByCoord.out.bam
[2025-11-20 18:39:05,936] multiqc                                            [DEBUG  ]  File ignored by ccs/v4 because it exceeded search pattern filesize limit: POR_R1_H2_Log.progress.out
[2025-11-20 18:39:05,938] multiqc                                            [DEBUG  ]  File ignored by lima/summary because it exceeded search pattern filesize limit: POR_R1_H2_Log.progress.out
[2025-11-20 18:39:05,941] multiqc                                            [DEBUG  ]  File ignored by longranger/invocation because it exceeded search pattern filesize limit: POR_R1_H2_Log.progress.out
[2025-11-20 18:39:05,946] multiqc                                            [DEBUG  ]  Ignoring file as matched an ignore pattern: POR_R120_H2_Aligned.sortedByCoord.out.bam
[2025-11-20 18:39:05,951] multiqc                                            [DEBUG  ]  File ignored by ccs/v4 because it exceeded search pattern filesize limit: POR_R72_H3_Log.out
[2025-11-20 18:39:05,952] multiqc                                            [DEBUG  ]  File ignored by hicexplorer because it exceeded search pattern filesize limit: POR_R72_H3_Log.out
[2025-11-20 18:39:05,952] multiqc                                            [DEBUG  ]  File ignored by lima/summary because it exceeded search pattern filesize limit: POR_R72_H3_Log.out
[2025-11-20 18:39:05,955] multiqc                                            [DEBUG  ]  File ignored by longranger/invocation because it exceeded search pattern filesize limit: POR_R72_H3_Log.out
[2025-11-20 18:39:05,981] multiqc                                            [DEBUG  ]  File ignored by nanostat because it exceeded search pattern filesize limit: POR_R72_H3_Log.out
[2025-11-20 18:39:05,987] multiqc                                            [DEBUG  ]  File ignored by ccs/v4 because it exceeded search pattern filesize limit: POR_R12_H2_Log.out
[2025-11-20 18:39:05,989] multiqc                                            [DEBUG  ]  File ignored by hicexplorer because it exceeded search pattern filesize limit: POR_R12_H2_Log.out
[2025-11-20 18:39:05,989] multiqc                                            [DEBUG  ]  File ignored by lima/summary because it exceeded search pattern filesize limit: POR_R12_H2_Log.out
[2025-11-20 18:39:05,992] multiqc                                            [DEBUG  ]  File ignored by longranger/invocation because it exceeded search pattern filesize limit: POR_R12_H2_Log.out
[2025-11-20 18:39:06,017] multiqc                                            [DEBUG  ]  File ignored by nanostat because it exceeded search pattern filesize limit: POR_R12_H2_Log.out
[2025-11-20 18:39:06,023] multiqc                                            [DEBUG  ]  File ignored by ccs/v4 because it exceeded search pattern filesize limit: POR_R24_C1_Log.progress.out
[2025-11-20 18:39:06,025] multiqc                                            [DEBUG  ]  File ignored by lima/summary because it exceeded search pattern filesize limit: POR_R24_C1_Log.progress.out
[2025-11-20 18:39:06,030] multiqc                                            [DEBUG  ]  File ignored by longranger/invocation because it exceeded search pattern filesize limit: POR_R24_C1_Log.progress.out
[2025-11-20 18:39:06,040] multiqc                                            [DEBUG  ]  File ignored by ccs/v4 because it exceeded search pattern filesize limit: POR_R1_C3_Log.progress.out
[2025-11-20 18:39:06,042] multiqc                                            [DEBUG  ]  File ignored by lima/summary because it exceeded search pattern filesize limit: POR_R1_C3_Log.progress.out
[2025-11-20 18:39:06,045] multiqc                                            [DEBUG  ]  File ignored by longranger/invocation because it exceeded search pattern filesize limit: POR_R1_C3_Log.progress.out
[2025-11-20 18:39:06,056] multiqc                                            [DEBUG  ]  File ignored by ccs/v4 because it exceeded search pattern filesize limit: POR_R24_H1_Log.progress.out
[2025-11-20 18:39:06,058] multiqc                                            [DEBUG  ]  File ignored by lima/summary because it exceeded search pattern filesize limit: POR_R24_H1_Log.progress.out
[2025-11-20 18:39:06,061] multiqc                                            [DEBUG  ]  File ignored by longranger/invocation because it exceeded search pattern filesize limit: POR_R24_H1_Log.progress.out
[2025-11-20 18:39:06,067] multiqc                                            [DEBUG  ]  Ignoring file as matched an ignore pattern: POR_R12_C3_Aligned.sortedByCoord.out.bam
[2025-11-20 18:39:06,071] multiqc                                            [DEBUG  ]  File ignored by ccs/v4 because it exceeded search pattern filesize limit: POR_R72_C1_Log.out
[2025-11-20 18:39:06,073] multiqc                                            [DEBUG  ]  File ignored by hicexplorer because it exceeded search pattern filesize limit: POR_R72_C1_Log.out
[2025-11-20 18:39:06,073] multiqc                                            [DEBUG  ]  File ignored by lima/summary because it exceeded search pattern filesize limit: POR_R72_C1_Log.out
[2025-11-20 18:39:06,076] multiqc                                            [DEBUG  ]  File ignored by longranger/invocation because it exceeded search pattern filesize limit: POR_R72_C1_Log.out
[2025-11-20 18:39:06,102] multiqc                                            [DEBUG  ]  File ignored by nanostat because it exceeded search pattern filesize limit: POR_R72_C1_Log.out
[2025-11-20 18:39:06,105] multiqc                                            [DEBUG  ]  Ignoring file as matched an ignore pattern: POR_R12_H1_Aligned.sortedByCoord.out.bam
[2025-11-20 18:39:06,109] multiqc                                            [DEBUG  ]  File ignored by ccs/v4 because it exceeded search pattern filesize limit: POR_R24_C3_SJ.out.tab
[2025-11-20 18:39:06,111] multiqc                                            [DEBUG  ]  File ignored by hicexplorer because it exceeded search pattern filesize limit: POR_R24_C3_SJ.out.tab
[2025-11-20 18:39:06,111] multiqc                                            [DEBUG  ]  File ignored by lima/summary because it exceeded search pattern filesize limit: POR_R24_C3_SJ.out.tab
[2025-11-20 18:39:06,114] multiqc                                            [DEBUG  ]  File ignored by vep/vep_html because it exceeded search pattern filesize limit: POR_R24_C3_SJ.out.tab
[2025-11-20 18:39:06,114] multiqc                                            [DEBUG  ]  File ignored by vep/vep_txt because it exceeded search pattern filesize limit: POR_R24_C3_SJ.out.tab
[2025-11-20 18:39:06,114] multiqc                                            [DEBUG  ]  File ignored by longranger/invocation because it exceeded search pattern filesize limit: POR_R24_C3_SJ.out.tab
[2025-11-20 18:39:06,114] multiqc                                            [DEBUG  ]  File ignored by rockhopper because it exceeded search pattern filesize limit: POR_R24_C3_SJ.out.tab
[2025-11-20 18:39:06,114] multiqc                                            [DEBUG  ]  File ignored by rseqc/bam_stat because it exceeded search pattern filesize limit: POR_R24_C3_SJ.out.tab
[2025-11-20 18:39:06,114] multiqc                                            [DEBUG  ]  File ignored by rseqc/junction_annotation because it exceeded search pattern filesize limit: POR_R24_C3_SJ.out.tab
[2025-11-20 18:39:06,114] multiqc                                            [DEBUG  ]  File ignored by rseqc/read_distribution because it exceeded search pattern filesize limit: POR_R24_C3_SJ.out.tab
[2025-11-20 18:39:06,114] multiqc                                            [DEBUG  ]  File ignored by rseqc/infer_experiment because it exceeded search pattern filesize limit: POR_R24_C3_SJ.out.tab
[2025-11-20 18:39:06,114] multiqc                                            [DEBUG  ]  File ignored by snpeff because it exceeded search pattern filesize limit: POR_R24_C3_SJ.out.tab
[2025-11-20 18:39:06,114] multiqc                                            [DEBUG  ]  File ignored by stacks/sumstats because it exceeded search pattern filesize limit: POR_R24_C3_SJ.out.tab
[2025-11-20 18:39:08,820] multiqc                                            [DEBUG  ]  File ignored by nanostat because it exceeded search pattern filesize limit: POR_R24_C3_SJ.out.tab
[2025-11-20 18:39:08,979] multiqc                                            [DEBUG  ]  Ignoring file as matched an ignore pattern: POR_R1_C3_Aligned.sortedByCoord.out.bam
[2025-11-20 18:39:08,980] multiqc                                            [DEBUG  ]  Ignoring file as matched an ignore pattern: POR_R1_H1_Aligned.sortedByCoord.out.bam
[2025-11-20 18:39:08,985] multiqc                                            [DEBUG  ]  File ignored by ccs/v4 because it exceeded search pattern filesize limit: POR_R3_H3_Log.out
[2025-11-20 18:39:08,986] multiqc                                            [DEBUG  ]  File ignored by hicexplorer because it exceeded search pattern filesize limit: POR_R3_H3_Log.out
[2025-11-20 18:39:08,986] multiqc                                            [DEBUG  ]  File ignored by lima/summary because it exceeded search pattern filesize limit: POR_R3_H3_Log.out
[2025-11-20 18:39:08,989] multiqc                                            [DEBUG  ]  File ignored by longranger/invocation because it exceeded search pattern filesize limit: POR_R3_H3_Log.out
[2025-11-20 18:39:09,014] multiqc                                            [DEBUG  ]  File ignored by nanostat because it exceeded search pattern filesize limit: POR_R3_H3_Log.out
[2025-11-20 18:39:09,020] multiqc                                            [DEBUG  ]  File ignored by ccs/v4 because it exceeded search pattern filesize limit: POR_R1_H3_Log.progress.out
[2025-11-20 18:39:09,022] multiqc                                            [DEBUG  ]  File ignored by lima/summary because it exceeded search pattern filesize limit: POR_R1_H3_Log.progress.out
[2025-11-20 18:39:09,025] multiqc                                            [DEBUG  ]  File ignored by longranger/invocation because it exceeded search pattern filesize limit: POR_R1_H3_Log.progress.out
[2025-11-20 18:39:09,035] multiqc                                            [DEBUG  ]  File ignored by ccs/v4 because it exceeded search pattern filesize limit: POR_R120_C1_SJ.out.tab
[2025-11-20 18:39:09,037] multiqc                                            [DEBUG  ]  File ignored by hicexplorer because it exceeded search pattern filesize limit: POR_R120_C1_SJ.out.tab
[2025-11-20 18:39:09,037] multiqc                                            [DEBUG  ]  File ignored by lima/summary because it exceeded search pattern filesize limit: POR_R120_C1_SJ.out.tab
[2025-11-20 18:39:09,040] multiqc                                            [DEBUG  ]  File ignored by vep/vep_html because it exceeded search pattern filesize limit: POR_R120_C1_SJ.out.tab
[2025-11-20 18:39:09,040] multiqc                                            [DEBUG  ]  File ignored by vep/vep_txt because it exceeded search pattern filesize limit: POR_R120_C1_SJ.out.tab
[2025-11-20 18:39:09,040] multiqc                                            [DEBUG  ]  File ignored by longranger/invocation because it exceeded search pattern filesize limit: POR_R120_C1_SJ.out.tab
[2025-11-20 18:39:09,040] multiqc                                            [DEBUG  ]  File ignored by rockhopper because it exceeded search pattern filesize limit: POR_R120_C1_SJ.out.tab
[2025-11-20 18:39:09,040] multiqc                                            [DEBUG  ]  File ignored by rseqc/bam_stat because it exceeded search pattern filesize limit: POR_R120_C1_SJ.out.tab
[2025-11-20 18:39:09,040] multiqc                                            [DEBUG  ]  File ignored by rseqc/junction_annotation because it exceeded search pattern filesize limit: POR_R120_C1_SJ.out.tab
[2025-11-20 18:39:09,040] multiqc                                            [DEBUG  ]  File ignored by rseqc/read_distribution because it exceeded search pattern filesize limit: POR_R120_C1_SJ.out.tab
[2025-11-20 18:39:09,040] multiqc                                            [DEBUG  ]  File ignored by rseqc/infer_experiment because it exceeded search pattern filesize limit: POR_R120_C1_SJ.out.tab
[2025-11-20 18:39:09,040] multiqc                                            [DEBUG  ]  File ignored by snpeff because it exceeded search pattern filesize limit: POR_R120_C1_SJ.out.tab
[2025-11-20 18:39:09,040] multiqc                                            [DEBUG  ]  File ignored by stacks/sumstats because it exceeded search pattern filesize limit: POR_R120_C1_SJ.out.tab
[2025-11-20 18:39:11,693] multiqc                                            [DEBUG  ]  File ignored by nanostat because it exceeded search pattern filesize limit: POR_R120_C1_SJ.out.tab
[2025-11-20 18:39:11,851] multiqc                                            [DEBUG  ]  File ignored by ccs/v4 because it exceeded search pattern filesize limit: POR_R120_H3_Log.progress.out
[2025-11-20 18:39:11,853] multiqc                                            [DEBUG  ]  File ignored by lima/summary because it exceeded search pattern filesize limit: POR_R120_H3_Log.progress.out
[2025-11-20 18:39:11,855] multiqc                                            [DEBUG  ]  File ignored by longranger/invocation because it exceeded search pattern filesize limit: POR_R120_H3_Log.progress.out
[2025-11-20 18:39:11,865] multiqc                                            [DEBUG  ]  File ignored by ccs/v4 because it exceeded search pattern filesize limit: POR_R120_H1_Log.out
[2025-11-20 18:39:11,867] multiqc                                            [DEBUG  ]  File ignored by hicexplorer because it exceeded search pattern filesize limit: POR_R120_H1_Log.out
[2025-11-20 18:39:11,867] multiqc                                            [DEBUG  ]  File ignored by lima/summary because it exceeded search pattern filesize limit: POR_R120_H1_Log.out
[2025-11-20 18:39:11,870] multiqc                                            [DEBUG  ]  File ignored by longranger/invocation because it exceeded search pattern filesize limit: POR_R120_H1_Log.out
[2025-11-20 18:39:11,896] multiqc                                            [DEBUG  ]  File ignored by nanostat because it exceeded search pattern filesize limit: POR_R120_H1_Log.out
[2025-11-20 18:39:11,904] multiqc                                            [DEBUG  ]  File ignored by ccs/v4 because it exceeded search pattern filesize limit: POR_R24_H2_Log.progress.out
[2025-11-20 18:39:11,905] multiqc                                            [DEBUG  ]  File ignored by lima/summary because it exceeded search pattern filesize limit: POR_R24_H2_Log.progress.out
[2025-11-20 18:39:11,919] multiqc                                            [DEBUG  ]  File ignored by ccs/v4 because it exceeded search pattern filesize limit: POR_R120_C3_Log.progress.out
[2025-11-20 18:39:11,920] multiqc                                            [DEBUG  ]  File ignored by lima/summary because it exceeded search pattern filesize limit: POR_R120_C3_Log.progress.out
[2025-11-20 18:39:11,926] multiqc                                            [DEBUG  ]  File ignored by longranger/invocation because it exceeded search pattern filesize limit: POR_R120_C3_Log.progress.out
[2025-11-20 18:39:11,938] multiqc                                            [DEBUG  ]  File ignored by ccs/v4 because it exceeded search pattern filesize limit: POR_R24_C2_Log.progress.out
[2025-11-20 18:39:11,940] multiqc                                            [DEBUG  ]  File ignored by lima/summary because it exceeded search pattern filesize limit: POR_R24_C2_Log.progress.out
[2025-11-20 18:39:11,943] multiqc                                            [DEBUG  ]  File ignored by longranger/invocation because it exceeded search pattern filesize limit: POR_R24_C2_Log.progress.out
[2025-11-20 18:39:11,952] multiqc                                            [DEBUG  ]  File ignored by ccs/v4 because it exceeded search pattern filesize limit: POR_R1_H2_Log.out
[2025-11-20 18:39:11,954] multiqc                                            [DEBUG  ]  File ignored by hicexplorer because it exceeded search pattern filesize limit: POR_R1_H2_Log.out
[2025-11-20 18:39:11,954] multiqc                                            [DEBUG  ]  File ignored by lima/summary because it exceeded search pattern filesize limit: POR_R1_H2_Log.out
[2025-11-20 18:39:11,957] multiqc                                            [DEBUG  ]  File ignored by longranger/invocation because it exceeded search pattern filesize limit: POR_R1_H2_Log.out
[2025-11-20 18:39:11,983] multiqc                                            [DEBUG  ]  File ignored by nanostat because it exceeded search pattern filesize limit: POR_R1_H2_Log.out
[2025-11-20 18:39:11,989] multiqc                                            [DEBUG  ]  File ignored by ccs/v4 because it exceeded search pattern filesize limit: POR_R24_H3_Log.progress.out
[2025-11-20 18:39:11,991] multiqc                                            [DEBUG  ]  File ignored by lima/summary because it exceeded search pattern filesize limit: POR_R24_H3_Log.progress.out
[2025-11-20 18:39:11,994] multiqc                                            [DEBUG  ]  File ignored by longranger/invocation because it exceeded search pattern filesize limit: POR_R24_H3_Log.progress.out
[2025-11-20 18:39:12,005] multiqc                                            [DEBUG  ]  File ignored by ccs/v4 because it exceeded search pattern filesize limit: POR_R1_H1_Log.progress.out
[2025-11-20 18:39:12,007] multiqc                                            [DEBUG  ]  File ignored by lima/summary because it exceeded search pattern filesize limit: POR_R1_H1_Log.progress.out
[2025-11-20 18:39:12,010] multiqc                                            [DEBUG  ]  File ignored by longranger/invocation because it exceeded search pattern filesize limit: POR_R1_H1_Log.progress.out
[2025-11-20 18:39:12,016] multiqc                                            [DEBUG  ]  Ignoring file as matched an ignore pattern: POR_R24_H2_Aligned.sortedByCoord.out.bam
[2025-11-20 18:39:12,016] multiqc                                            [DEBUG  ]  Ignoring file as matched an ignore pattern: POR_R0_C2_Aligned.sortedByCoord.out.bam
[2025-11-20 18:39:12,020] multiqc                                            [DEBUG  ]  File ignored by ccs/v4 because it exceeded search pattern filesize limit: POR_R120_H2_Log.progress.out
[2025-11-20 18:39:12,021] multiqc                                            [DEBUG  ]  File ignored by lima/summary because it exceeded search pattern filesize limit: POR_R120_H2_Log.progress.out
[2025-11-20 18:39:12,037] multiqc                                            [DEBUG  ]  File ignored by ccs/v4 because it exceeded search pattern filesize limit: POR_R120_C3_Log.out
[2025-11-20 18:39:12,038] multiqc                                            [DEBUG  ]  File ignored by hicexplorer because it exceeded search pattern filesize limit: POR_R120_C3_Log.out
[2025-11-20 18:39:12,038] multiqc                                            [DEBUG  ]  File ignored by lima/summary because it exceeded search pattern filesize limit: POR_R120_C3_Log.out
[2025-11-20 18:39:12,041] multiqc                                            [DEBUG  ]  File ignored by longranger/invocation because it exceeded search pattern filesize limit: POR_R120_C3_Log.out
[2025-11-20 18:39:12,067] multiqc                                            [DEBUG  ]  File ignored by nanostat because it exceeded search pattern filesize limit: POR_R120_C3_Log.out
[2025-11-20 18:39:12,075] multiqc                                            [DEBUG  ]  File ignored by ccs/v4 because it exceeded search pattern filesize limit: POR_R24_C3_Log.progress.out
[2025-11-20 18:39:12,077] multiqc                                            [DEBUG  ]  File ignored by lima/summary because it exceeded search pattern filesize limit: POR_R24_C3_Log.progress.out
[2025-11-20 18:39:12,090] multiqc                                            [DEBUG  ]  File ignored by ccs/v4 because it exceeded search pattern filesize limit: POR_R120_H3_SJ.out.tab
[2025-11-20 18:39:12,091] multiqc                                            [DEBUG  ]  File ignored by hicexplorer because it exceeded search pattern filesize limit: POR_R120_H3_SJ.out.tab
[2025-11-20 18:39:12,092] multiqc                                            [DEBUG  ]  File ignored by lima/summary because it exceeded search pattern filesize limit: POR_R120_H3_SJ.out.tab
[2025-11-20 18:39:12,094] multiqc                                            [DEBUG  ]  File ignored by vep/vep_html because it exceeded search pattern filesize limit: POR_R120_H3_SJ.out.tab
[2025-11-20 18:39:12,094] multiqc                                            [DEBUG  ]  File ignored by vep/vep_txt because it exceeded search pattern filesize limit: POR_R120_H3_SJ.out.tab
[2025-11-20 18:39:12,095] multiqc                                            [DEBUG  ]  File ignored by longranger/invocation because it exceeded search pattern filesize limit: POR_R120_H3_SJ.out.tab
[2025-11-20 18:39:12,095] multiqc                                            [DEBUG  ]  File ignored by rockhopper because it exceeded search pattern filesize limit: POR_R120_H3_SJ.out.tab
[2025-11-20 18:39:12,095] multiqc                                            [DEBUG  ]  File ignored by rseqc/bam_stat because it exceeded search pattern filesize limit: POR_R120_H3_SJ.out.tab
[2025-11-20 18:39:12,095] multiqc                                            [DEBUG  ]  File ignored by rseqc/junction_annotation because it exceeded search pattern filesize limit: POR_R120_H3_SJ.out.tab
[2025-11-20 18:39:12,095] multiqc                                            [DEBUG  ]  File ignored by rseqc/read_distribution because it exceeded search pattern filesize limit: POR_R120_H3_SJ.out.tab
[2025-11-20 18:39:12,095] multiqc                                            [DEBUG  ]  File ignored by rseqc/infer_experiment because it exceeded search pattern filesize limit: POR_R120_H3_SJ.out.tab
[2025-11-20 18:39:12,095] multiqc                                            [DEBUG  ]  File ignored by snpeff because it exceeded search pattern filesize limit: POR_R120_H3_SJ.out.tab
[2025-11-20 18:39:12,095] multiqc                                            [DEBUG  ]  File ignored by stacks/sumstats because it exceeded search pattern filesize limit: POR_R120_H3_SJ.out.tab
[2025-11-20 18:39:15,289] multiqc                                            [DEBUG  ]  File ignored by nanostat because it exceeded search pattern filesize limit: POR_R120_H3_SJ.out.tab
[2025-11-20 18:39:15,473] multiqc                                            [DEBUG  ]  File ignored by ccs/v4 because it exceeded search pattern filesize limit: POR_R24_H2_Log.out
[2025-11-20 18:39:15,475] multiqc                                            [DEBUG  ]  File ignored by hicexplorer because it exceeded search pattern filesize limit: POR_R24_H2_Log.out
[2025-11-20 18:39:15,475] multiqc                                            [DEBUG  ]  File ignored by lima/summary because it exceeded search pattern filesize limit: POR_R24_H2_Log.out
[2025-11-20 18:39:15,478] multiqc                                            [DEBUG  ]  File ignored by longranger/invocation because it exceeded search pattern filesize limit: POR_R24_H2_Log.out
[2025-11-20 18:39:15,506] multiqc                                            [DEBUG  ]  File ignored by nanostat because it exceeded search pattern filesize limit: POR_R24_H2_Log.out
[2025-11-20 18:39:15,512] multiqc                                            [DEBUG  ]  File ignored by ccs/v4 because it exceeded search pattern filesize limit: POR_R12_C3_SJ.out.tab
[2025-11-20 18:39:15,513] multiqc                                            [DEBUG  ]  File ignored by hicexplorer because it exceeded search pattern filesize limit: POR_R12_C3_SJ.out.tab
[2025-11-20 18:39:15,514] multiqc                                            [DEBUG  ]  File ignored by lima/summary because it exceeded search pattern filesize limit: POR_R12_C3_SJ.out.tab
[2025-11-20 18:39:15,516] multiqc                                            [DEBUG  ]  File ignored by vep/vep_html because it exceeded search pattern filesize limit: POR_R12_C3_SJ.out.tab
[2025-11-20 18:39:15,516] multiqc                                            [DEBUG  ]  File ignored by vep/vep_txt because it exceeded search pattern filesize limit: POR_R12_C3_SJ.out.tab
[2025-11-20 18:39:15,517] multiqc                                            [DEBUG  ]  File ignored by longranger/invocation because it exceeded search pattern filesize limit: POR_R12_C3_SJ.out.tab
[2025-11-20 18:39:15,517] multiqc                                            [DEBUG  ]  File ignored by rockhopper because it exceeded search pattern filesize limit: POR_R12_C3_SJ.out.tab
[2025-11-20 18:39:15,517] multiqc                                            [DEBUG  ]  File ignored by rseqc/bam_stat because it exceeded search pattern filesize limit: POR_R12_C3_SJ.out.tab
[2025-11-20 18:39:15,517] multiqc                                            [DEBUG  ]  File ignored by rseqc/junction_annotation because it exceeded search pattern filesize limit: POR_R12_C3_SJ.out.tab
[2025-11-20 18:39:15,517] multiqc                                            [DEBUG  ]  File ignored by rseqc/read_distribution because it exceeded search pattern filesize limit: POR_R12_C3_SJ.out.tab
[2025-11-20 18:39:15,517] multiqc                                            [DEBUG  ]  File ignored by rseqc/infer_experiment because it exceeded search pattern filesize limit: POR_R12_C3_SJ.out.tab
[2025-11-20 18:39:15,517] multiqc                                            [DEBUG  ]  File ignored by snpeff because it exceeded search pattern filesize limit: POR_R12_C3_SJ.out.tab
[2025-11-20 18:39:15,517] multiqc                                            [DEBUG  ]  File ignored by stacks/sumstats because it exceeded search pattern filesize limit: POR_R12_C3_SJ.out.tab
[2025-11-20 18:39:18,737] multiqc                                            [DEBUG  ]  File ignored by nanostat because it exceeded search pattern filesize limit: POR_R12_C3_SJ.out.tab
[2025-11-20 18:39:18,930] multiqc                                            [DEBUG  ]  File ignored by ccs/v4 because it exceeded search pattern filesize limit: POR_R120_C2_Log.progress.out
[2025-11-20 18:39:18,931] multiqc                                            [DEBUG  ]  File ignored by lima/summary because it exceeded search pattern filesize limit: POR_R120_C2_Log.progress.out
[2025-11-20 18:39:18,934] multiqc                                            [DEBUG  ]  File ignored by longranger/invocation because it exceeded search pattern filesize limit: POR_R120_C2_Log.progress.out
[2025-11-20 18:39:18,944] multiqc                                            [DEBUG  ]  File ignored by ccs/v4 because it exceeded search pattern filesize limit: POR_R1_C1_Log.progress.out
[2025-11-20 18:39:18,946] multiqc                                            [DEBUG  ]  File ignored by lima/summary because it exceeded search pattern filesize limit: POR_R1_C1_Log.progress.out
[2025-11-20 18:39:18,949] multiqc                                            [DEBUG  ]  File ignored by longranger/invocation because it exceeded search pattern filesize limit: POR_R1_C1_Log.progress.out
[2025-11-20 18:39:18,960] multiqc                                            [DEBUG  ]  File ignored by ccs/v4 because it exceeded search pattern filesize limit: POR_R1_C1_Log.out
[2025-11-20 18:39:18,962] multiqc                                            [DEBUG  ]  File ignored by hicexplorer because it exceeded search pattern filesize limit: POR_R1_C1_Log.out
[2025-11-20 18:39:18,962] multiqc                                            [DEBUG  ]  File ignored by lima/summary because it exceeded search pattern filesize limit: POR_R1_C1_Log.out
[2025-11-20 18:39:18,965] multiqc                                            [DEBUG  ]  File ignored by longranger/invocation because it exceeded search pattern filesize limit: POR_R1_C1_Log.out
[2025-11-20 18:39:18,993] multiqc                                            [DEBUG  ]  File ignored by nanostat because it exceeded search pattern filesize limit: POR_R1_C1_Log.out
[2025-11-20 18:39:19,000] multiqc                                            [DEBUG  ]  File ignored by ccs/v4 because it exceeded search pattern filesize limit: POR_R12_H2_Log.progress.out
[2025-11-20 18:39:19,001] multiqc                                            [DEBUG  ]  File ignored by lima/summary because it exceeded search pattern filesize limit: POR_R12_H2_Log.progress.out
[2025-11-20 18:39:19,004] multiqc                                            [DEBUG  ]  File ignored by longranger/invocation because it exceeded search pattern filesize limit: POR_R12_H2_Log.progress.out
[2025-11-20 18:39:19,014] multiqc                                            [DEBUG  ]  File ignored by ccs/v4 because it exceeded search pattern filesize limit: POR_R72_H1_Log.progress.out
[2025-11-20 18:39:19,015] multiqc                                            [DEBUG  ]  File ignored by lima/summary because it exceeded search pattern filesize limit: POR_R72_H1_Log.progress.out
[2025-11-20 18:39:19,018] multiqc                                            [DEBUG  ]  File ignored by longranger/invocation because it exceeded search pattern filesize limit: POR_R72_H1_Log.progress.out
[2025-11-20 18:39:19,030] multiqc                                            [DEBUG  ]  File ignored by ccs/v4 because it exceeded search pattern filesize limit: POR_R72_C1_Log.progress.out
[2025-11-20 18:39:19,032] multiqc                                            [DEBUG  ]  File ignored by lima/summary because it exceeded search pattern filesize limit: POR_R72_C1_Log.progress.out
[2025-11-20 18:39:19,035] multiqc                                            [DEBUG  ]  File ignored by longranger/invocation because it exceeded search pattern filesize limit: POR_R72_C1_Log.progress.out
[2025-11-20 18:39:19,044] multiqc                                            [DEBUG  ]  File ignored by ccs/v4 because it exceeded search pattern filesize limit: POR_R12_C2_Log.progress.out
[2025-11-20 18:39:19,046] multiqc                                            [DEBUG  ]  File ignored by lima/summary because it exceeded search pattern filesize limit: POR_R12_C2_Log.progress.out
[2025-11-20 18:39:19,049] multiqc                                            [DEBUG  ]  File ignored by longranger/invocation because it exceeded search pattern filesize limit: POR_R12_C2_Log.progress.out
[2025-11-20 18:39:19,054] multiqc                                            [DEBUG  ]  Ignoring file as matched an ignore pattern: POR_R3_H3_Aligned.sortedByCoord.out.bam
[2025-11-20 18:39:19,055] multiqc                                            [DEBUG  ]  Ignoring file as matched an ignore pattern: POR_R72_C2_Aligned.sortedByCoord.out.bam
[2025-11-20 18:39:19,059] multiqc                                            [DEBUG  ]  File ignored by ccs/v4 because it exceeded search pattern filesize limit: POR_R24_C1_Log.out
[2025-11-20 18:39:19,061] multiqc                                            [DEBUG  ]  File ignored by hicexplorer because it exceeded search pattern filesize limit: POR_R24_C1_Log.out
[2025-11-20 18:39:19,061] multiqc                                            [DEBUG  ]  File ignored by lima/summary because it exceeded search pattern filesize limit: POR_R24_C1_Log.out
[2025-11-20 18:39:19,064] multiqc                                            [DEBUG  ]  File ignored by longranger/invocation because it exceeded search pattern filesize limit: POR_R24_C1_Log.out
[2025-11-20 18:39:19,092] multiqc                                            [DEBUG  ]  File ignored by nanostat because it exceeded search pattern filesize limit: POR_R24_C1_Log.out
[2025-11-20 18:39:19,095] multiqc                                            [DEBUG  ]  Ignoring file as matched an ignore pattern: POR_R3_C1_Aligned.sortedByCoord.out.bam
[2025-11-20 18:39:19,096] multiqc                                            [DEBUG  ]  Ignoring file as matched an ignore pattern: POR_R120_C1_Aligned.sortedByCoord.out.bam
[2025-11-20 18:39:19,098] multiqc                                            [DEBUG  ]  Ignoring file as matched an ignore pattern: POR_R120_H3_Aligned.sortedByCoord.out.bam
[2025-11-20 18:39:19,103] multiqc                                            [DEBUG  ]  File ignored by ccs/v4 because it exceeded search pattern filesize limit: POR_R120_C2_Log.out
[2025-11-20 18:39:19,105] multiqc                                            [DEBUG  ]  File ignored by hicexplorer because it exceeded search pattern filesize limit: POR_R120_C2_Log.out
[2025-11-20 18:39:19,105] multiqc                                            [DEBUG  ]  File ignored by lima/summary because it exceeded search pattern filesize limit: POR_R120_C2_Log.out
[2025-11-20 18:39:19,108] multiqc                                            [DEBUG  ]  File ignored by longranger/invocation because it exceeded search pattern filesize limit: POR_R120_C2_Log.out
[2025-11-20 18:39:19,133] multiqc                                            [DEBUG  ]  File ignored by nanostat because it exceeded search pattern filesize limit: POR_R120_C2_Log.out
[2025-11-20 18:39:19,140] multiqc                                            [DEBUG  ]  File ignored by ccs/v4 because it exceeded search pattern filesize limit: POR_R1_H3_Log.out
[2025-11-20 18:39:19,142] multiqc                                            [DEBUG  ]  File ignored by hicexplorer because it exceeded search pattern filesize limit: POR_R1_H3_Log.out
[2025-11-20 18:39:19,142] multiqc                                            [DEBUG  ]  File ignored by lima/summary because it exceeded search pattern filesize limit: POR_R1_H3_Log.out
[2025-11-20 18:39:19,145] multiqc                                            [DEBUG  ]  File ignored by longranger/invocation because it exceeded search pattern filesize limit: POR_R1_H3_Log.out
[2025-11-20 18:39:19,171] multiqc                                            [DEBUG  ]  File ignored by nanostat because it exceeded search pattern filesize limit: POR_R1_H3_Log.out
[2025-11-20 18:39:19,177] multiqc                                            [DEBUG  ]  File ignored by ccs/v4 because it exceeded search pattern filesize limit: POR_R12_H3_Log.progress.out
[2025-11-20 18:39:19,179] multiqc                                            [DEBUG  ]  File ignored by lima/summary because it exceeded search pattern filesize limit: POR_R12_H3_Log.progress.out
[2025-11-20 18:39:19,182] multiqc                                            [DEBUG  ]  File ignored by longranger/invocation because it exceeded search pattern filesize limit: POR_R12_H3_Log.progress.out
[2025-11-20 18:39:19,195] multiqc                                            [DEBUG  ]  File ignored by ccs/v4 because it exceeded search pattern filesize limit: POR_R1_C1_SJ.out.tab
[2025-11-20 18:39:19,196] multiqc                                            [DEBUG  ]  File ignored by hicexplorer because it exceeded search pattern filesize limit: POR_R1_C1_SJ.out.tab
[2025-11-20 18:39:19,197] multiqc                                            [DEBUG  ]  File ignored by lima/summary because it exceeded search pattern filesize limit: POR_R1_C1_SJ.out.tab
[2025-11-20 18:39:19,199] multiqc                                            [DEBUG  ]  File ignored by vep/vep_html because it exceeded search pattern filesize limit: POR_R1_C1_SJ.out.tab
[2025-11-20 18:39:19,199] multiqc                                            [DEBUG  ]  File ignored by vep/vep_txt because it exceeded search pattern filesize limit: POR_R1_C1_SJ.out.tab
[2025-11-20 18:39:19,200] multiqc                                            [DEBUG  ]  File ignored by longranger/invocation because it exceeded search pattern filesize limit: POR_R1_C1_SJ.out.tab
[2025-11-20 18:39:19,200] multiqc                                            [DEBUG  ]  File ignored by rockhopper because it exceeded search pattern filesize limit: POR_R1_C1_SJ.out.tab
[2025-11-20 18:39:19,200] multiqc                                            [DEBUG  ]  File ignored by rseqc/bam_stat because it exceeded search pattern filesize limit: POR_R1_C1_SJ.out.tab
[2025-11-20 18:39:19,200] multiqc                                            [DEBUG  ]  File ignored by rseqc/junction_annotation because it exceeded search pattern filesize limit: POR_R1_C1_SJ.out.tab
[2025-11-20 18:39:19,200] multiqc                                            [DEBUG  ]  File ignored by rseqc/read_distribution because it exceeded search pattern filesize limit: POR_R1_C1_SJ.out.tab
[2025-11-20 18:39:19,200] multiqc                                            [DEBUG  ]  File ignored by rseqc/infer_experiment because it exceeded search pattern filesize limit: POR_R1_C1_SJ.out.tab
[2025-11-20 18:39:19,200] multiqc                                            [DEBUG  ]  File ignored by snpeff because it exceeded search pattern filesize limit: POR_R1_C1_SJ.out.tab
[2025-11-20 18:39:19,200] multiqc                                            [DEBUG  ]  File ignored by stacks/sumstats because it exceeded search pattern filesize limit: POR_R1_C1_SJ.out.tab
[2025-11-20 18:39:22,117] multiqc                                            [DEBUG  ]  File ignored by nanostat because it exceeded search pattern filesize limit: POR_R1_C1_SJ.out.tab
[2025-11-20 18:39:22,285] multiqc                                            [DEBUG  ]  Ignoring file as matched an ignore pattern: POR_R12_C2_Aligned.sortedByCoord.out.bam
[2025-11-20 18:39:22,289] multiqc                                            [DEBUG  ]  File ignored by ccs/v4 because it exceeded search pattern filesize limit: POR_R24_H3_Log.out
[2025-11-20 18:39:22,291] multiqc                                            [DEBUG  ]  File ignored by hicexplorer because it exceeded search pattern filesize limit: POR_R24_H3_Log.out
[2025-11-20 18:39:22,291] multiqc                                            [DEBUG  ]  File ignored by lima/summary because it exceeded search pattern filesize limit: POR_R24_H3_Log.out
[2025-11-20 18:39:22,294] multiqc                                            [DEBUG  ]  File ignored by longranger/invocation because it exceeded search pattern filesize limit: POR_R24_H3_Log.out
[2025-11-20 18:39:22,319] multiqc                                            [DEBUG  ]  File ignored by nanostat because it exceeded search pattern filesize limit: POR_R24_H3_Log.out
[2025-11-20 18:39:22,325] multiqc                                            [DEBUG  ]  File ignored by ccs/v4 because it exceeded search pattern filesize limit: POR_R12_C3_Log.progress.out
[2025-11-20 18:39:22,327] multiqc                                            [DEBUG  ]  File ignored by lima/summary because it exceeded search pattern filesize limit: POR_R12_C3_Log.progress.out
[2025-11-20 18:39:22,330] multiqc                                            [DEBUG  ]  File ignored by longranger/invocation because it exceeded search pattern filesize limit: POR_R12_C3_Log.progress.out
[2025-11-20 18:39:22,337] multiqc                                            [DEBUG  ]  Ignoring file as matched an ignore pattern: POR_R1_C2_Aligned.sortedByCoord.out.bam
[2025-11-20 18:39:22,346] multiqc                                            [DEBUG  ]  File ignored by ccs/v4 because it exceeded search pattern filesize limit: POR_R12_C1_Log.out
[2025-11-20 18:39:22,348] multiqc                                            [DEBUG  ]  File ignored by hicexplorer because it exceeded search pattern filesize limit: POR_R12_C1_Log.out
[2025-11-20 18:39:22,348] multiqc                                            [DEBUG  ]  File ignored by lima/summary because it exceeded search pattern filesize limit: POR_R12_C1_Log.out
[2025-11-20 18:39:22,351] multiqc                                            [DEBUG  ]  File ignored by longranger/invocation because it exceeded search pattern filesize limit: POR_R12_C1_Log.out
[2025-11-20 18:39:22,376] multiqc                                            [DEBUG  ]  File ignored by nanostat because it exceeded search pattern filesize limit: POR_R12_C1_Log.out
[2025-11-20 18:39:22,383] multiqc                                            [DEBUG  ]  File ignored by ccs/v4 because it exceeded search pattern filesize limit: POR_R72_C3_Log.progress.out
[2025-11-20 18:39:22,385] multiqc                                            [DEBUG  ]  File ignored by lima/summary because it exceeded search pattern filesize limit: POR_R72_C3_Log.progress.out
[2025-11-20 18:39:22,388] multiqc                                            [DEBUG  ]  File ignored by longranger/invocation because it exceeded search pattern filesize limit: POR_R72_C3_Log.progress.out
[2025-11-20 18:39:22,397] multiqc                                            [DEBUG  ]  File ignored by ccs/v4 because it exceeded search pattern filesize limit: POR_R0_C3_Log.out
[2025-11-20 18:39:22,399] multiqc                                            [DEBUG  ]  File ignored by hicexplorer because it exceeded search pattern filesize limit: POR_R0_C3_Log.out
[2025-11-20 18:39:22,399] multiqc                                            [DEBUG  ]  File ignored by lima/summary because it exceeded search pattern filesize limit: POR_R0_C3_Log.out
[2025-11-20 18:39:22,402] multiqc                                            [DEBUG  ]  File ignored by longranger/invocation because it exceeded search pattern filesize limit: POR_R0_C3_Log.out
[2025-11-20 18:39:22,427] multiqc                                            [DEBUG  ]  File ignored by nanostat because it exceeded search pattern filesize limit: POR_R0_C3_Log.out
[2025-11-20 18:39:22,433] multiqc                                            [DEBUG  ]  File ignored by ccs/v4 because it exceeded search pattern filesize limit: POR_R72_H2_Log.out
[2025-11-20 18:39:22,435] multiqc                                            [DEBUG  ]  File ignored by hicexplorer because it exceeded search pattern filesize limit: POR_R72_H2_Log.out
[2025-11-20 18:39:22,435] multiqc                                            [DEBUG  ]  File ignored by lima/summary because it exceeded search pattern filesize limit: POR_R72_H2_Log.out
[2025-11-20 18:39:22,438] multiqc                                            [DEBUG  ]  File ignored by longranger/invocation because it exceeded search pattern filesize limit: POR_R72_H2_Log.out
[2025-11-20 18:39:22,466] multiqc                                            [DEBUG  ]  File ignored by nanostat because it exceeded search pattern filesize limit: POR_R72_H2_Log.out
[2025-11-20 18:39:22,472] multiqc                                            [DEBUG  ]  File ignored by ccs/v4 because it exceeded search pattern filesize limit: POR_R72_H3_Log.progress.out
[2025-11-20 18:39:22,474] multiqc                                            [DEBUG  ]  File ignored by lima/summary because it exceeded search pattern filesize limit: POR_R72_H3_Log.progress.out
[2025-11-20 18:39:22,488] multiqc                                            [DEBUG  ]  File ignored by ccs/v4 because it exceeded search pattern filesize limit: POR_R120_C3_SJ.out.tab
[2025-11-20 18:39:22,490] multiqc                                            [DEBUG  ]  File ignored by hicexplorer because it exceeded search pattern filesize limit: POR_R120_C3_SJ.out.tab
[2025-11-20 18:39:22,490] multiqc                                            [DEBUG  ]  File ignored by lima/summary because it exceeded search pattern filesize limit: POR_R120_C3_SJ.out.tab
[2025-11-20 18:39:22,493] multiqc                                            [DEBUG  ]  File ignored by vep/vep_html because it exceeded search pattern filesize limit: POR_R120_C3_SJ.out.tab
[2025-11-20 18:39:22,493] multiqc                                            [DEBUG  ]  File ignored by vep/vep_txt because it exceeded search pattern filesize limit: POR_R120_C3_SJ.out.tab
[2025-11-20 18:39:22,493] multiqc                                            [DEBUG  ]  File ignored by longranger/invocation because it exceeded search pattern filesize limit: POR_R120_C3_SJ.out.tab
[2025-11-20 18:39:22,493] multiqc                                            [DEBUG  ]  File ignored by rockhopper because it exceeded search pattern filesize limit: POR_R120_C3_SJ.out.tab
[2025-11-20 18:39:22,493] multiqc                                            [DEBUG  ]  File ignored by rseqc/bam_stat because it exceeded search pattern filesize limit: POR_R120_C3_SJ.out.tab
[2025-11-20 18:39:22,493] multiqc                                            [DEBUG  ]  File ignored by rseqc/junction_annotation because it exceeded search pattern filesize limit: POR_R120_C3_SJ.out.tab
[2025-11-20 18:39:22,493] multiqc                                            [DEBUG  ]  File ignored by rseqc/read_distribution because it exceeded search pattern filesize limit: POR_R120_C3_SJ.out.tab
[2025-11-20 18:39:22,493] multiqc                                            [DEBUG  ]  File ignored by rseqc/infer_experiment because it exceeded search pattern filesize limit: POR_R120_C3_SJ.out.tab
[2025-11-20 18:39:22,493] multiqc                                            [DEBUG  ]  File ignored by snpeff because it exceeded search pattern filesize limit: POR_R120_C3_SJ.out.tab
[2025-11-20 18:39:22,494] multiqc                                            [DEBUG  ]  File ignored by stacks/sumstats because it exceeded search pattern filesize limit: POR_R120_C3_SJ.out.tab
[2025-11-20 18:39:25,334] multiqc                                            [DEBUG  ]  File ignored by nanostat because it exceeded search pattern filesize limit: POR_R120_C3_SJ.out.tab
[2025-11-20 18:39:25,504] multiqc                                            [DEBUG  ]  File ignored by ccs/v4 because it exceeded search pattern filesize limit: POR_R0_H1_Log.out
[2025-11-20 18:39:25,506] multiqc                                            [DEBUG  ]  File ignored by hicexplorer because it exceeded search pattern filesize limit: POR_R0_H1_Log.out
[2025-11-20 18:39:25,506] multiqc                                            [DEBUG  ]  File ignored by lima/summary because it exceeded search pattern filesize limit: POR_R0_H1_Log.out
[2025-11-20 18:39:25,509] multiqc                                            [DEBUG  ]  File ignored by longranger/invocation because it exceeded search pattern filesize limit: POR_R0_H1_Log.out
[2025-11-20 18:39:25,534] multiqc                                            [DEBUG  ]  File ignored by nanostat because it exceeded search pattern filesize limit: POR_R0_H1_Log.out
[2025-11-20 18:39:25,542] multiqc                                            [DEBUG  ]  File ignored by ccs/v4 because it exceeded search pattern filesize limit: POR_R72_H2_SJ.out.tab
[2025-11-20 18:39:25,544] multiqc                                            [DEBUG  ]  File ignored by hicexplorer because it exceeded search pattern filesize limit: POR_R72_H2_SJ.out.tab
[2025-11-20 18:39:25,544] multiqc                                            [DEBUG  ]  File ignored by lima/summary because it exceeded search pattern filesize limit: POR_R72_H2_SJ.out.tab
[2025-11-20 18:39:25,547] multiqc                                            [DEBUG  ]  File ignored by vep/vep_html because it exceeded search pattern filesize limit: POR_R72_H2_SJ.out.tab
[2025-11-20 18:39:25,547] multiqc                                            [DEBUG  ]  File ignored by vep/vep_txt because it exceeded search pattern filesize limit: POR_R72_H2_SJ.out.tab
[2025-11-20 18:39:25,547] multiqc                                            [DEBUG  ]  File ignored by longranger/invocation because it exceeded search pattern filesize limit: POR_R72_H2_SJ.out.tab
[2025-11-20 18:39:25,547] multiqc                                            [DEBUG  ]  File ignored by rockhopper because it exceeded search pattern filesize limit: POR_R72_H2_SJ.out.tab
[2025-11-20 18:39:25,547] multiqc                                            [DEBUG  ]  File ignored by rseqc/bam_stat because it exceeded search pattern filesize limit: POR_R72_H2_SJ.out.tab
[2025-11-20 18:39:25,547] multiqc                                            [DEBUG  ]  File ignored by rseqc/junction_annotation because it exceeded search pattern filesize limit: POR_R72_H2_SJ.out.tab
[2025-11-20 18:39:25,547] multiqc                                            [DEBUG  ]  File ignored by rseqc/read_distribution because it exceeded search pattern filesize limit: POR_R72_H2_SJ.out.tab
[2025-11-20 18:39:25,548] multiqc                                            [DEBUG  ]  File ignored by rseqc/infer_experiment because it exceeded search pattern filesize limit: POR_R72_H2_SJ.out.tab
[2025-11-20 18:39:25,574] multiqc                                            [DEBUG  ]  File ignored by stacks/sumstats because it exceeded search pattern filesize limit: POR_R72_H2_SJ.out.tab
[2025-11-20 18:39:26,950] multiqc                                            [DEBUG  ]  File ignored by nanostat because it exceeded search pattern filesize limit: POR_R72_H2_SJ.out.tab
[2025-11-20 18:39:27,033] multiqc                                            [DEBUG  ]  File ignored by ccs/v4 because it exceeded search pattern filesize limit: POR_R12_C1_SJ.out.tab
[2025-11-20 18:39:27,035] multiqc                                            [DEBUG  ]  File ignored by hicexplorer because it exceeded search pattern filesize limit: POR_R12_C1_SJ.out.tab
[2025-11-20 18:39:27,035] multiqc                                            [DEBUG  ]  File ignored by lima/summary because it exceeded search pattern filesize limit: POR_R12_C1_SJ.out.tab
[2025-11-20 18:39:27,038] multiqc                                            [DEBUG  ]  File ignored by vep/vep_html because it exceeded search pattern filesize limit: POR_R12_C1_SJ.out.tab
[2025-11-20 18:39:27,038] multiqc                                            [DEBUG  ]  File ignored by vep/vep_txt because it exceeded search pattern filesize limit: POR_R12_C1_SJ.out.tab
[2025-11-20 18:39:27,038] multiqc                                            [DEBUG  ]  File ignored by longranger/invocation because it exceeded search pattern filesize limit: POR_R12_C1_SJ.out.tab
[2025-11-20 18:39:27,038] multiqc                                            [DEBUG  ]  File ignored by rockhopper because it exceeded search pattern filesize limit: POR_R12_C1_SJ.out.tab
[2025-11-20 18:39:27,038] multiqc                                            [DEBUG  ]  File ignored by rseqc/bam_stat because it exceeded search pattern filesize limit: POR_R12_C1_SJ.out.tab
[2025-11-20 18:39:27,038] multiqc                                            [DEBUG  ]  File ignored by rseqc/junction_annotation because it exceeded search pattern filesize limit: POR_R12_C1_SJ.out.tab
[2025-11-20 18:39:27,038] multiqc                                            [DEBUG  ]  File ignored by rseqc/read_distribution because it exceeded search pattern filesize limit: POR_R12_C1_SJ.out.tab
[2025-11-20 18:39:27,038] multiqc                                            [DEBUG  ]  File ignored by rseqc/infer_experiment because it exceeded search pattern filesize limit: POR_R12_C1_SJ.out.tab
[2025-11-20 18:39:27,038] multiqc                                            [DEBUG  ]  File ignored by snpeff because it exceeded search pattern filesize limit: POR_R12_C1_SJ.out.tab
[2025-11-20 18:39:27,038] multiqc                                            [DEBUG  ]  File ignored by stacks/sumstats because it exceeded search pattern filesize limit: POR_R12_C1_SJ.out.tab
[2025-11-20 18:39:29,800] multiqc                                            [DEBUG  ]  File ignored by nanostat because it exceeded search pattern filesize limit: POR_R12_C1_SJ.out.tab
[2025-11-20 18:39:29,958] multiqc                                            [DEBUG  ]  Ignoring file as matched an ignore pattern: POR_R0_C3_Aligned.sortedByCoord.out.bam
[2025-11-20 18:39:29,959] multiqc                                            [DEBUG  ]  Ignoring file as matched an ignore pattern: POR_R24_C1_Aligned.sortedByCoord.out.bam
[2025-11-20 18:39:29,960] multiqc                                            [DEBUG  ]  Ignoring file as matched an ignore pattern: POR_R0_H1_Aligned.sortedByCoord.out.bam
[2025-11-20 18:39:29,964] multiqc                                            [DEBUG  ]  File ignored by ccs/v4 because it exceeded search pattern filesize limit: POR_R12_C1_Log.progress.out
[2025-11-20 18:39:29,966] multiqc                                            [DEBUG  ]  File ignored by lima/summary because it exceeded search pattern filesize limit: POR_R12_C1_Log.progress.out
[2025-11-20 18:39:29,968] multiqc                                            [DEBUG  ]  File ignored by longranger/invocation because it exceeded search pattern filesize limit: POR_R12_C1_Log.progress.out
[2025-11-20 18:39:29,975] multiqc                                            [DEBUG  ]  Ignoring file as matched an ignore pattern: POR_R24_H3_Aligned.sortedByCoord.out.bam
[2025-11-20 18:39:29,981] multiqc                                            [DEBUG  ]  File ignored by ccs/v4 because it exceeded search pattern filesize limit: POR_R72_C2_Log.progress.out
[2025-11-20 18:39:29,982] multiqc                                            [DEBUG  ]  File ignored by lima/summary because it exceeded search pattern filesize limit: POR_R72_C2_Log.progress.out
[2025-11-20 18:39:29,995] multiqc                                            [DEBUG  ]  File ignored by ccs/v4 because it exceeded search pattern filesize limit: POR_R12_H3_Log.out
[2025-11-20 18:39:29,996] multiqc                                            [DEBUG  ]  File ignored by hicexplorer because it exceeded search pattern filesize limit: POR_R12_H3_Log.out
[2025-11-20 18:39:29,997] multiqc                                            [DEBUG  ]  File ignored by lima/summary because it exceeded search pattern filesize limit: POR_R12_H3_Log.out
[2025-11-20 18:39:30,000] multiqc                                            [DEBUG  ]  File ignored by longranger/invocation because it exceeded search pattern filesize limit: POR_R12_H3_Log.out
[2025-11-20 18:39:30,026] multiqc                                            [DEBUG  ]  File ignored by nanostat because it exceeded search pattern filesize limit: POR_R12_H3_Log.out
[2025-11-20 18:39:30,035] multiqc                                            [DEBUG  ]  File ignored by ccs/v4 because it exceeded search pattern filesize limit: POR_R3_H2_Log.out
[2025-11-20 18:39:30,036] multiqc                                            [DEBUG  ]  File ignored by hicexplorer because it exceeded search pattern filesize limit: POR_R3_H2_Log.out
[2025-11-20 18:39:30,036] multiqc                                            [DEBUG  ]  File ignored by lima/summary because it exceeded search pattern filesize limit: POR_R3_H2_Log.out
[2025-11-20 18:39:30,039] multiqc                                            [DEBUG  ]  File ignored by longranger/invocation because it exceeded search pattern filesize limit: POR_R3_H2_Log.out
[2025-11-20 18:39:30,065] multiqc                                            [DEBUG  ]  File ignored by nanostat because it exceeded search pattern filesize limit: POR_R3_H2_Log.out
[2025-11-20 18:39:30,072] multiqc                                            [DEBUG  ]  File ignored by ccs/v4 because it exceeded search pattern filesize limit: POR_R72_H2_Log.progress.out
[2025-11-20 18:39:30,073] multiqc                                            [DEBUG  ]  File ignored by lima/summary because it exceeded search pattern filesize limit: POR_R72_H2_Log.progress.out
[2025-11-20 18:39:30,076] multiqc                                            [DEBUG  ]  File ignored by longranger/invocation because it exceeded search pattern filesize limit: POR_R72_H2_Log.progress.out
[2025-11-20 18:39:30,086] multiqc                                            [DEBUG  ]  File ignored by ccs/v4 because it exceeded search pattern filesize limit: POR_R12_H1_Log.progress.out
[2025-11-20 18:39:30,088] multiqc                                            [DEBUG  ]  File ignored by lima/summary because it exceeded search pattern filesize limit: POR_R12_H1_Log.progress.out
[2025-11-20 18:39:30,103] multiqc                                            [DEBUG  ]  File ignored by ccs/v4 because it exceeded search pattern filesize limit: POR_R24_C3_Log.out
[2025-11-20 18:39:30,105] multiqc                                            [DEBUG  ]  File ignored by hicexplorer because it exceeded search pattern filesize limit: POR_R24_C3_Log.out
[2025-11-20 18:39:30,105] multiqc                                            [DEBUG  ]  File ignored by lima/summary because it exceeded search pattern filesize limit: POR_R24_C3_Log.out
[2025-11-20 18:39:30,108] multiqc                                            [DEBUG  ]  File ignored by longranger/invocation because it exceeded search pattern filesize limit: POR_R24_C3_Log.out
[2025-11-20 18:39:30,137] multiqc                                            [DEBUG  ]  File ignored by nanostat because it exceeded search pattern filesize limit: POR_R24_C3_Log.out
[2025-11-20 18:39:30,146] multiqc                                            [DEBUG  ]  File ignored by ccs/v4 because it exceeded search pattern filesize limit: POR_R0_C1_Log.progress.out
[2025-11-20 18:39:30,147] multiqc                                            [DEBUG  ]  File ignored by lima/summary because it exceeded search pattern filesize limit: POR_R0_C1_Log.progress.out
[2025-11-20 18:39:30,150] multiqc                                            [DEBUG  ]  File ignored by longranger/invocation because it exceeded search pattern filesize limit: POR_R0_C1_Log.progress.out
[2025-11-20 18:39:30,161] multiqc                                            [DEBUG  ]  File ignored by ccs/v4 because it exceeded search pattern filesize limit: POR_R1_C3_Log.out
[2025-11-20 18:39:30,163] multiqc                                            [DEBUG  ]  File ignored by hicexplorer because it exceeded search pattern filesize limit: POR_R1_C3_Log.out
[2025-11-20 18:39:30,163] multiqc                                            [DEBUG  ]  File ignored by lima/summary because it exceeded search pattern filesize limit: POR_R1_C3_Log.out
[2025-11-20 18:39:30,166] multiqc                                            [DEBUG  ]  File ignored by longranger/invocation because it exceeded search pattern filesize limit: POR_R1_C3_Log.out
[2025-11-20 18:39:30,192] multiqc                                            [DEBUG  ]  File ignored by nanostat because it exceeded search pattern filesize limit: POR_R1_C3_Log.out
[2025-11-20 18:39:30,194] multiqc                                            [DEBUG  ]  Ignoring file as matched an ignore pattern: POR_R120_C2_Aligned.sortedByCoord.out.bam
[2025-11-20 18:39:30,194] multiqc                                            [DEBUG  ]  Ignoring file as matched an ignore pattern: POR_R72_C1_Aligned.sortedByCoord.out.bam
[2025-11-20 18:39:30,198] multiqc                                            [DEBUG  ]  File ignored by ccs/v4 because it exceeded search pattern filesize limit: POR_R0_H1_Log.progress.out
[2025-11-20 18:39:30,200] multiqc                                            [DEBUG  ]  File ignored by lima/summary because it exceeded search pattern filesize limit: POR_R0_H1_Log.progress.out
[2025-11-20 18:39:30,214] multiqc                                            [DEBUG  ]  File ignored by ccs/v4 because it exceeded search pattern filesize limit: POR_R3_C2_SJ.out.tab
[2025-11-20 18:39:30,215] multiqc                                            [DEBUG  ]  File ignored by hicexplorer because it exceeded search pattern filesize limit: POR_R3_C2_SJ.out.tab
[2025-11-20 18:39:30,215] multiqc                                            [DEBUG  ]  File ignored by lima/summary because it exceeded search pattern filesize limit: POR_R3_C2_SJ.out.tab
[2025-11-20 18:39:30,218] multiqc                                            [DEBUG  ]  File ignored by vep/vep_html because it exceeded search pattern filesize limit: POR_R3_C2_SJ.out.tab
[2025-11-20 18:39:30,218] multiqc                                            [DEBUG  ]  File ignored by vep/vep_txt because it exceeded search pattern filesize limit: POR_R3_C2_SJ.out.tab
[2025-11-20 18:39:30,218] multiqc                                            [DEBUG  ]  File ignored by longranger/invocation because it exceeded search pattern filesize limit: POR_R3_C2_SJ.out.tab
[2025-11-20 18:39:30,218] multiqc                                            [DEBUG  ]  File ignored by rockhopper because it exceeded search pattern filesize limit: POR_R3_C2_SJ.out.tab
[2025-11-20 18:39:30,219] multiqc                                            [DEBUG  ]  File ignored by rseqc/bam_stat because it exceeded search pattern filesize limit: POR_R3_C2_SJ.out.tab
[2025-11-20 18:39:30,219] multiqc                                            [DEBUG  ]  File ignored by rseqc/junction_annotation because it exceeded search pattern filesize limit: POR_R3_C2_SJ.out.tab
[2025-11-20 18:39:30,219] multiqc                                            [DEBUG  ]  File ignored by rseqc/read_distribution because it exceeded search pattern filesize limit: POR_R3_C2_SJ.out.tab
[2025-11-20 18:39:30,219] multiqc                                            [DEBUG  ]  File ignored by rseqc/infer_experiment because it exceeded search pattern filesize limit: POR_R3_C2_SJ.out.tab
[2025-11-20 18:39:30,219] multiqc                                            [DEBUG  ]  File ignored by snpeff because it exceeded search pattern filesize limit: POR_R3_C2_SJ.out.tab
[2025-11-20 18:39:30,219] multiqc                                            [DEBUG  ]  File ignored by stacks/sumstats because it exceeded search pattern filesize limit: POR_R3_C2_SJ.out.tab
[2025-11-20 18:39:33,516] multiqc                                            [DEBUG  ]  File ignored by nanostat because it exceeded search pattern filesize limit: POR_R3_C2_SJ.out.tab
[2025-11-20 18:39:33,701] multiqc                                            [DEBUG  ]  Ignoring file as matched an ignore pattern: POR_R3_C2_Aligned.sortedByCoord.out.bam
[2025-11-20 18:39:33,702] multiqc                                            [DEBUG  ]  Ignoring file as matched an ignore pattern: POR_R72_H3_Aligned.sortedByCoord.out.bam
[2025-11-20 18:39:33,709] multiqc                                            [DEBUG  ]  File ignored by ccs/v4 because it exceeded search pattern filesize limit: POR_R120_H2_Log.out
[2025-11-20 18:39:33,711] multiqc                                            [DEBUG  ]  File ignored by hicexplorer because it exceeded search pattern filesize limit: POR_R120_H2_Log.out
[2025-11-20 18:39:33,711] multiqc                                            [DEBUG  ]  File ignored by lima/summary because it exceeded search pattern filesize limit: POR_R120_H2_Log.out
[2025-11-20 18:39:33,714] multiqc                                            [DEBUG  ]  File ignored by longranger/invocation because it exceeded search pattern filesize limit: POR_R120_H2_Log.out
[2025-11-20 18:39:33,739] multiqc                                            [DEBUG  ]  File ignored by nanostat because it exceeded search pattern filesize limit: POR_R120_H2_Log.out
[2025-11-20 18:39:33,747] multiqc                                            [DEBUG  ]  File ignored by ccs/v4 because it exceeded search pattern filesize limit: POR_R24_H1_Log.out
[2025-11-20 18:39:33,749] multiqc                                            [DEBUG  ]  File ignored by hicexplorer because it exceeded search pattern filesize limit: POR_R24_H1_Log.out
[2025-11-20 18:39:33,749] multiqc                                            [DEBUG  ]  File ignored by lima/summary because it exceeded search pattern filesize limit: POR_R24_H1_Log.out
[2025-11-20 18:39:33,752] multiqc                                            [DEBUG  ]  File ignored by longranger/invocation because it exceeded search pattern filesize limit: POR_R24_H1_Log.out
[2025-11-20 18:39:33,777] multiqc                                            [DEBUG  ]  File ignored by nanostat because it exceeded search pattern filesize limit: POR_R24_H1_Log.out
[2025-11-20 18:39:33,781] multiqc                                            [DEBUG  ]  Ignoring file as matched an ignore pattern: POR_R1_H3_Aligned.sortedByCoord.out.bam
[2025-11-20 18:39:33,782] multiqc                                            [DEBUG  ]  Ignoring file as matched an ignore pattern: POR_R1_C1_Aligned.sortedByCoord.out.bam
[2025-11-20 18:39:33,786] multiqc                                            [DEBUG  ]  File ignored by ccs/v4 because it exceeded search pattern filesize limit: POR_R1_H1_Log.out
[2025-11-20 18:39:33,788] multiqc                                            [DEBUG  ]  File ignored by hicexplorer because it exceeded search pattern filesize limit: POR_R1_H1_Log.out
[2025-11-20 18:39:33,788] multiqc                                            [DEBUG  ]  File ignored by lima/summary because it exceeded search pattern filesize limit: POR_R1_H1_Log.out
[2025-11-20 18:39:33,791] multiqc                                            [DEBUG  ]  File ignored by longranger/invocation because it exceeded search pattern filesize limit: POR_R1_H1_Log.out
[2025-11-20 18:39:33,819] multiqc                                            [DEBUG  ]  File ignored by nanostat because it exceeded search pattern filesize limit: POR_R1_H1_Log.out
[2025-11-20 18:39:33,823] multiqc                                            [DEBUG  ]  Ignoring file as matched an ignore pattern: POR_R12_H3_Aligned.sortedByCoord.out.bam
[2025-11-20 18:39:33,823] multiqc                                            [DEBUG  ]  Ignoring file as matched an ignore pattern: POR_R12_C1_Aligned.sortedByCoord.out.bam
[2025-11-20 18:39:33,830] multiqc                                            [DEBUG  ]  File ignored by ccs/v4 because it exceeded search pattern filesize limit: POR_R3_C2_Log.out
[2025-11-20 18:39:33,831] multiqc                                            [DEBUG  ]  File ignored by hicexplorer because it exceeded search pattern filesize limit: POR_R3_C2_Log.out
[2025-11-20 18:39:33,832] multiqc                                            [DEBUG  ]  File ignored by lima/summary because it exceeded search pattern filesize limit: POR_R3_C2_Log.out
[2025-11-20 18:39:33,835] multiqc                                            [DEBUG  ]  File ignored by longranger/invocation because it exceeded search pattern filesize limit: POR_R3_C2_Log.out
[2025-11-20 18:39:33,861] multiqc                                            [DEBUG  ]  File ignored by nanostat because it exceeded search pattern filesize limit: POR_R3_C2_Log.out
[2025-11-20 18:39:33,868] multiqc                                            [DEBUG  ]  File ignored by ccs/v4 because it exceeded search pattern filesize limit: POR_R0_H3_Log.progress.out
[2025-11-20 18:39:33,869] multiqc                                            [DEBUG  ]  File ignored by lima/summary because it exceeded search pattern filesize limit: POR_R0_H3_Log.progress.out
[2025-11-20 18:39:33,872] multiqc                                            [DEBUG  ]  File ignored by longranger/invocation because it exceeded search pattern filesize limit: POR_R0_H3_Log.progress.out
[2025-11-20 18:39:33,882] multiqc                                            [DEBUG  ]  File ignored by ccs/v4 because it exceeded search pattern filesize limit: POR_R12_C3_Log.out
[2025-11-20 18:39:33,883] multiqc                                            [DEBUG  ]  File ignored by hicexplorer because it exceeded search pattern filesize limit: POR_R12_C3_Log.out
[2025-11-20 18:39:33,884] multiqc                                            [DEBUG  ]  File ignored by lima/summary because it exceeded search pattern filesize limit: POR_R12_C3_Log.out
[2025-11-20 18:39:33,887] multiqc                                            [DEBUG  ]  File ignored by longranger/invocation because it exceeded search pattern filesize limit: POR_R12_C3_Log.out
[2025-11-20 18:39:33,913] multiqc                                            [DEBUG  ]  File ignored by nanostat because it exceeded search pattern filesize limit: POR_R12_C3_Log.out
[2025-11-20 18:39:33,922] multiqc                                            [DEBUG  ]  File ignored by ccs/v4 because it exceeded search pattern filesize limit: POR_R0_C1_Log.out
[2025-11-20 18:39:33,923] multiqc                                            [DEBUG  ]  File ignored by hicexplorer because it exceeded search pattern filesize limit: POR_R0_C1_Log.out
[2025-11-20 18:39:33,923] multiqc                                            [DEBUG  ]  File ignored by lima/summary because it exceeded search pattern filesize limit: POR_R0_C1_Log.out
[2025-11-20 18:39:33,927] multiqc                                            [DEBUG  ]  File ignored by longranger/invocation because it exceeded search pattern filesize limit: POR_R0_C1_Log.out
[2025-11-20 18:39:33,952] multiqc                                            [DEBUG  ]  File ignored by nanostat because it exceeded search pattern filesize limit: POR_R0_C1_Log.out
[2025-11-20 18:39:33,957] multiqc                                            [DEBUG  ]  File ignored by ccs/v4 because it exceeded search pattern filesize limit: POR_R0_C3_Log.progress.out
[2025-11-20 18:39:33,959] multiqc                                            [DEBUG  ]  File ignored by lima/summary because it exceeded search pattern filesize limit: POR_R0_C3_Log.progress.out
[2025-11-20 18:39:33,962] multiqc                                            [DEBUG  ]  File ignored by longranger/invocation because it exceeded search pattern filesize limit: POR_R0_C3_Log.progress.out
[2025-11-20 18:39:33,973] multiqc                                            [DEBUG  ]  File ignored by ccs/v4 because it exceeded search pattern filesize limit: POR_R1_H2_SJ.out.tab
[2025-11-20 18:39:33,974] multiqc                                            [DEBUG  ]  File ignored by hicexplorer because it exceeded search pattern filesize limit: POR_R1_H2_SJ.out.tab
[2025-11-20 18:39:33,974] multiqc                                            [DEBUG  ]  File ignored by lima/summary because it exceeded search pattern filesize limit: POR_R1_H2_SJ.out.tab
[2025-11-20 18:39:33,977] multiqc                                            [DEBUG  ]  File ignored by vep/vep_html because it exceeded search pattern filesize limit: POR_R1_H2_SJ.out.tab
[2025-11-20 18:39:33,977] multiqc                                            [DEBUG  ]  File ignored by vep/vep_txt because it exceeded search pattern filesize limit: POR_R1_H2_SJ.out.tab
[2025-11-20 18:39:33,977] multiqc                                            [DEBUG  ]  File ignored by longranger/invocation because it exceeded search pattern filesize limit: POR_R1_H2_SJ.out.tab
[2025-11-20 18:39:33,977] multiqc                                            [DEBUG  ]  File ignored by rockhopper because it exceeded search pattern filesize limit: POR_R1_H2_SJ.out.tab
[2025-11-20 18:39:33,978] multiqc                                            [DEBUG  ]  File ignored by rseqc/bam_stat because it exceeded search pattern filesize limit: POR_R1_H2_SJ.out.tab
[2025-11-20 18:39:33,978] multiqc                                            [DEBUG  ]  File ignored by rseqc/junction_annotation because it exceeded search pattern filesize limit: POR_R1_H2_SJ.out.tab
[2025-11-20 18:39:33,978] multiqc                                            [DEBUG  ]  File ignored by rseqc/read_distribution because it exceeded search pattern filesize limit: POR_R1_H2_SJ.out.tab
[2025-11-20 18:39:33,978] multiqc                                            [DEBUG  ]  File ignored by rseqc/infer_experiment because it exceeded search pattern filesize limit: POR_R1_H2_SJ.out.tab
[2025-11-20 18:39:33,978] multiqc                                            [DEBUG  ]  File ignored by snpeff because it exceeded search pattern filesize limit: POR_R1_H2_SJ.out.tab
[2025-11-20 18:39:33,978] multiqc                                            [DEBUG  ]  File ignored by stacks/sumstats because it exceeded search pattern filesize limit: POR_R1_H2_SJ.out.tab
[2025-11-20 18:39:36,852] multiqc                                            [DEBUG  ]  File ignored by nanostat because it exceeded search pattern filesize limit: POR_R1_H2_SJ.out.tab
[2025-11-20 18:39:37,018] multiqc                                            [DEBUG  ]  Ignoring file as matched an ignore pattern: POR_R24_C2_Aligned.sortedByCoord.out.bam
[2025-11-20 18:39:37,022] multiqc                                            [DEBUG  ]  File ignored by ccs/v4 because it exceeded search pattern filesize limit: POR_R0_H2_Log.progress.out
[2025-11-20 18:39:37,024] multiqc                                            [DEBUG  ]  File ignored by lima/summary because it exceeded search pattern filesize limit: POR_R0_H2_Log.progress.out
[2025-11-20 18:39:37,027] multiqc                                            [DEBUG  ]  File ignored by longranger/invocation because it exceeded search pattern filesize limit: POR_R0_H2_Log.progress.out
[2025-11-20 18:39:37,032] multiqc                                            [DEBUG  ]  Ignoring file as matched an ignore pattern: POR_R0_H2_Aligned.sortedByCoord.out.bam
[2025-11-20 18:39:37,037] multiqc                                            [DEBUG  ]  File ignored by ccs/v4 because it exceeded search pattern filesize limit: POR_R72_C2_Log.out
[2025-11-20 18:39:37,038] multiqc                                            [DEBUG  ]  File ignored by hicexplorer because it exceeded search pattern filesize limit: POR_R72_C2_Log.out
[2025-11-20 18:39:37,039] multiqc                                            [DEBUG  ]  File ignored by lima/summary because it exceeded search pattern filesize limit: POR_R72_C2_Log.out
[2025-11-20 18:39:37,042] multiqc                                            [DEBUG  ]  File ignored by longranger/invocation because it exceeded search pattern filesize limit: POR_R72_C2_Log.out
[2025-11-20 18:39:37,070] multiqc                                            [DEBUG  ]  File ignored by nanostat because it exceeded search pattern filesize limit: POR_R72_C2_Log.out
[2025-11-20 18:39:37,080] multiqc                                            [DEBUG  ]  File ignored by ccs/v4 because it exceeded search pattern filesize limit: multiqc_report.html
[2025-11-20 18:39:37,081] multiqc                                            [DEBUG  ]  File ignored by hicexplorer because it exceeded search pattern filesize limit: multiqc_report.html
[2025-11-20 18:39:37,081] multiqc                                            [DEBUG  ]  File ignored by lima/summary because it exceeded search pattern filesize limit: multiqc_report.html
[2025-11-20 18:39:37,085] multiqc                                            [DEBUG  ]  File ignored by vep/vep_html because it exceeded search pattern filesize limit: multiqc_report.html
[2025-11-20 18:39:37,085] multiqc                                            [DEBUG  ]  File ignored by vep/vep_txt because it exceeded search pattern filesize limit: multiqc_report.html
[2025-11-20 18:39:37,086] multiqc                                            [DEBUG  ]  File ignored by longranger/invocation because it exceeded search pattern filesize limit: multiqc_report.html
[2025-11-20 18:39:37,086] multiqc                                            [DEBUG  ]  File ignored by rockhopper because it exceeded search pattern filesize limit: multiqc_report.html
[2025-11-20 18:39:37,086] multiqc                                            [DEBUG  ]  File ignored by rseqc/bam_stat because it exceeded search pattern filesize limit: multiqc_report.html
[2025-11-20 18:39:37,086] multiqc                                            [DEBUG  ]  File ignored by rseqc/junction_annotation because it exceeded search pattern filesize limit: multiqc_report.html
[2025-11-20 18:39:37,086] multiqc                                            [DEBUG  ]  File ignored by rseqc/read_distribution because it exceeded search pattern filesize limit: multiqc_report.html
[2025-11-20 18:39:37,086] multiqc                                            [DEBUG  ]  File ignored by rseqc/infer_experiment because it exceeded search pattern filesize limit: multiqc_report.html
[2025-11-20 18:39:37,089] multiqc                                            [DEBUG  ]  File ignored by stacks/sumstats because it exceeded search pattern filesize limit: multiqc_report.html
[2025-11-20 18:39:37,265] multiqc                                            [DEBUG  ]  File ignored by nanostat because it exceeded search pattern filesize limit: multiqc_report.html
[2025-11-20 18:39:37,284] multiqc                                            [DEBUG  ]  File ignored by ccs/v4 because it exceeded search pattern filesize limit: POR_R0_H3_Log.out
[2025-11-20 18:39:37,286] multiqc                                            [DEBUG  ]  File ignored by hicexplorer because it exceeded search pattern filesize limit: POR_R0_H3_Log.out
[2025-11-20 18:39:37,286] multiqc                                            [DEBUG  ]  File ignored by lima/summary because it exceeded search pattern filesize limit: POR_R0_H3_Log.out
[2025-11-20 18:39:37,289] multiqc                                            [DEBUG  ]  File ignored by longranger/invocation because it exceeded search pattern filesize limit: POR_R0_H3_Log.out
[2025-11-20 18:39:37,314] multiqc                                            [DEBUG  ]  File ignored by nanostat because it exceeded search pattern filesize limit: POR_R0_H3_Log.out
[2025-11-20 18:39:37,320] multiqc                                            [DEBUG  ]  File ignored by ccs/v4 because it exceeded search pattern filesize limit: POR_R0_C2_Log.progress.out
[2025-11-20 18:39:37,321] multiqc                                            [DEBUG  ]  File ignored by lima/summary because it exceeded search pattern filesize limit: POR_R0_C2_Log.progress.out
[2025-11-20 18:39:37,324] multiqc                                            [DEBUG  ]  File ignored by longranger/invocation because it exceeded search pattern filesize limit: POR_R0_C2_Log.progress.out
[2025-11-20 18:39:37,337] multiqc                                            [DEBUG  ]  File ignored by ccs/v4 because it exceeded search pattern filesize limit: POR_R12_H1_Log.out
[2025-11-20 18:39:37,339] multiqc                                            [DEBUG  ]  File ignored by hicexplorer because it exceeded search pattern filesize limit: POR_R12_H1_Log.out
[2025-11-20 18:39:37,339] multiqc                                            [DEBUG  ]  File ignored by lima/summary because it exceeded search pattern filesize limit: POR_R12_H1_Log.out
[2025-11-20 18:39:37,342] multiqc                                            [DEBUG  ]  File ignored by longranger/invocation because it exceeded search pattern filesize limit: POR_R12_H1_Log.out
[2025-11-20 18:39:37,365] multiqc                                            [DEBUG  ]  File ignored by nanostat because it exceeded search pattern filesize limit: POR_R12_H1_Log.out
[2025-11-20 18:39:37,372] multiqc                                            [DEBUG  ]  File ignored by ccs/v4 because it exceeded search pattern filesize limit: POR_R3_C3_Log.out
[2025-11-20 18:39:37,374] multiqc                                            [DEBUG  ]  File ignored by hicexplorer because it exceeded search pattern filesize limit: POR_R3_C3_Log.out
[2025-11-20 18:39:37,374] multiqc                                            [DEBUG  ]  File ignored by lima/summary because it exceeded search pattern filesize limit: POR_R3_C3_Log.out
[2025-11-20 18:39:37,377] multiqc                                            [DEBUG  ]  File ignored by longranger/invocation because it exceeded search pattern filesize limit: POR_R3_C3_Log.out
[2025-11-20 18:39:37,405] multiqc                                            [DEBUG  ]  File ignored by nanostat because it exceeded search pattern filesize limit: POR_R3_C3_Log.out
[2025-11-20 18:39:37,413] multiqc                                            [DEBUG  ]  File ignored by ccs/v4 because it exceeded search pattern filesize limit: POR_R72_H1_Log.out
[2025-11-20 18:39:37,415] multiqc                                            [DEBUG  ]  File ignored by hicexplorer because it exceeded search pattern filesize limit: POR_R72_H1_Log.out
[2025-11-20 18:39:37,415] multiqc                                            [DEBUG  ]  File ignored by lima/summary because it exceeded search pattern filesize limit: POR_R72_H1_Log.out
[2025-11-20 18:39:37,418] multiqc                                            [DEBUG  ]  File ignored by longranger/invocation because it exceeded search pattern filesize limit: POR_R72_H1_Log.out
[2025-11-20 18:39:37,444] multiqc                                            [DEBUG  ]  File ignored by nanostat because it exceeded search pattern filesize limit: POR_R72_H1_Log.out
[2025-11-20 18:39:37,448] multiqc                                            [DEBUG  ]  Ignoring file as matched an ignore pattern: POR_R120_H1_Aligned.sortedByCoord.out.bam
[2025-11-20 18:39:37,448] multiqc                                            [DEBUG  ]  Ignoring file as matched an ignore pattern: POR_R120_C3_Aligned.sortedByCoord.out.bam
[2025-11-20 18:39:37,449] multiqc                                            [DEBUG  ]  Ignoring file as matched an ignore pattern: POR_R72_H2_Aligned.sortedByCoord.out.bam
[2025-11-20 18:39:37,450] multiqc                                            [DEBUG  ]  Ignoring file as matched an ignore pattern: POR_R3_C3_Aligned.sortedByCoord.out.bam
[2025-11-20 18:39:37,450] multiqc                                            [DEBUG  ]  Ignoring file as matched an ignore pattern: POR_R3_H1_Aligned.sortedByCoord.out.bam
[2025-11-20 18:39:37,454] multiqc                                            [DEBUG  ]  File ignored by ccs/v4 because it exceeded search pattern filesize limit: POR_R12_C2_Log.out
[2025-11-20 18:39:37,456] multiqc                                            [DEBUG  ]  File ignored by hicexplorer because it exceeded search pattern filesize limit: POR_R12_C2_Log.out
[2025-11-20 18:39:37,456] multiqc                                            [DEBUG  ]  File ignored by lima/summary because it exceeded search pattern filesize limit: POR_R12_C2_Log.out
[2025-11-20 18:39:37,459] multiqc                                            [DEBUG  ]  File ignored by longranger/invocation because it exceeded search pattern filesize limit: POR_R12_C2_Log.out
[2025-11-20 18:39:37,486] multiqc                                            [DEBUG  ]  File ignored by nanostat because it exceeded search pattern filesize limit: POR_R12_C2_Log.out
[2025-11-20 18:39:37,494] multiqc                                            [DEBUG  ]  File ignored by ccs/v4 because it exceeded search pattern filesize limit: POR_R72_C3_Log.out
[2025-11-20 18:39:37,496] multiqc                                            [DEBUG  ]  File ignored by hicexplorer because it exceeded search pattern filesize limit: POR_R72_C3_Log.out
[2025-11-20 18:39:37,496] multiqc                                            [DEBUG  ]  File ignored by lima/summary because it exceeded search pattern filesize limit: POR_R72_C3_Log.out
[2025-11-20 18:39:37,499] multiqc                                            [DEBUG  ]  File ignored by longranger/invocation because it exceeded search pattern filesize limit: POR_R72_C3_Log.out
[2025-11-20 18:39:37,525] multiqc                                            [DEBUG  ]  File ignored by nanostat because it exceeded search pattern filesize limit: POR_R72_C3_Log.out
[2025-11-20 18:39:37,534] multiqc                                            [DEBUG  ]  File ignored by ccs/v4 because it exceeded search pattern filesize limit: POR_R3_H1_Log.progress.out
[2025-11-20 18:39:37,536] multiqc                                            [DEBUG  ]  File ignored by lima/summary because it exceeded search pattern filesize limit: POR_R3_H1_Log.progress.out
[2025-11-20 18:39:37,549] multiqc                                            [DEBUG  ]  File ignored by ccs/v4 because it exceeded search pattern filesize limit: POR_R3_H1_Log.out
[2025-11-20 18:39:37,551] multiqc                                            [DEBUG  ]  File ignored by hicexplorer because it exceeded search pattern filesize limit: POR_R3_H1_Log.out
[2025-11-20 18:39:37,551] multiqc                                            [DEBUG  ]  File ignored by lima/summary because it exceeded search pattern filesize limit: POR_R3_H1_Log.out
[2025-11-20 18:39:37,554] multiqc                                            [DEBUG  ]  File ignored by longranger/invocation because it exceeded search pattern filesize limit: POR_R3_H1_Log.out
[2025-11-20 18:39:37,580] multiqc                                            [DEBUG  ]  File ignored by nanostat because it exceeded search pattern filesize limit: POR_R3_H1_Log.out
[2025-11-20 18:39:37,586] multiqc                                            [DEBUG  ]  File ignored by ccs/v4 because it exceeded search pattern filesize limit: POR_R72_H1_SJ.out.tab
[2025-11-20 18:39:37,587] multiqc                                            [DEBUG  ]  File ignored by hicexplorer because it exceeded search pattern filesize limit: POR_R72_H1_SJ.out.tab
[2025-11-20 18:39:37,587] multiqc                                            [DEBUG  ]  File ignored by lima/summary because it exceeded search pattern filesize limit: POR_R72_H1_SJ.out.tab
[2025-11-20 18:39:37,593] multiqc                                            [DEBUG  ]  File ignored by vep/vep_html because it exceeded search pattern filesize limit: POR_R72_H1_SJ.out.tab
[2025-11-20 18:39:37,593] multiqc                                            [DEBUG  ]  File ignored by vep/vep_txt because it exceeded search pattern filesize limit: POR_R72_H1_SJ.out.tab
[2025-11-20 18:39:37,593] multiqc                                            [DEBUG  ]  File ignored by longranger/invocation because it exceeded search pattern filesize limit: POR_R72_H1_SJ.out.tab
[2025-11-20 18:39:37,593] multiqc                                            [DEBUG  ]  File ignored by rockhopper because it exceeded search pattern filesize limit: POR_R72_H1_SJ.out.tab
[2025-11-20 18:39:37,594] multiqc                                            [DEBUG  ]  File ignored by rseqc/bam_stat because it exceeded search pattern filesize limit: POR_R72_H1_SJ.out.tab
[2025-11-20 18:39:37,594] multiqc                                            [DEBUG  ]  File ignored by rseqc/junction_annotation because it exceeded search pattern filesize limit: POR_R72_H1_SJ.out.tab
[2025-11-20 18:39:37,594] multiqc                                            [DEBUG  ]  File ignored by rseqc/read_distribution because it exceeded search pattern filesize limit: POR_R72_H1_SJ.out.tab
[2025-11-20 18:39:37,594] multiqc                                            [DEBUG  ]  File ignored by rseqc/infer_experiment because it exceeded search pattern filesize limit: POR_R72_H1_SJ.out.tab
[2025-11-20 18:39:37,624] multiqc                                            [DEBUG  ]  File ignored by stacks/sumstats because it exceeded search pattern filesize limit: POR_R72_H1_SJ.out.tab
[2025-11-20 18:39:39,239] multiqc                                            [DEBUG  ]  File ignored by nanostat because it exceeded search pattern filesize limit: POR_R72_H1_SJ.out.tab
[2025-11-20 18:39:39,330] multiqc                                            [DEBUG  ]  Ignoring file as matched an ignore pattern: POR_R1_H2_Aligned.sortedByCoord.out.bam
[2025-11-20 18:39:39,335] multiqc                                            [DEBUG  ]  File ignored by ccs/v4 because it exceeded search pattern filesize limit: POR_R0_H2_Log.out
[2025-11-20 18:39:39,336] multiqc                                            [DEBUG  ]  File ignored by hicexplorer because it exceeded search pattern filesize limit: POR_R0_H2_Log.out
[2025-11-20 18:39:39,336] multiqc                                            [DEBUG  ]  File ignored by lima/summary because it exceeded search pattern filesize limit: POR_R0_H2_Log.out
[2025-11-20 18:39:39,339] multiqc                                            [DEBUG  ]  File ignored by longranger/invocation because it exceeded search pattern filesize limit: POR_R0_H2_Log.out
[2025-11-20 18:39:39,365] multiqc                                            [DEBUG  ]  File ignored by nanostat because it exceeded search pattern filesize limit: POR_R0_H2_Log.out
[2025-11-20 18:39:39,371] multiqc                                            [DEBUG  ]  File ignored by ccs/v4 because it exceeded search pattern filesize limit: POR_R3_C1_Log.progress.out
[2025-11-20 18:39:39,373] multiqc                                            [DEBUG  ]  File ignored by lima/summary because it exceeded search pattern filesize limit: POR_R3_C1_Log.progress.out
[2025-11-20 18:39:39,386] multiqc                                            [DEBUG  ]  Ignoring file as matched an ignore pattern: POR_R12_H2_Aligned.sortedByCoord.out.bam
[2025-11-20 18:39:39,392] multiqc                                            [DEBUG  ]  File ignored by ccs/v4 because it exceeded search pattern filesize limit: POR_R3_C2_Log.progress.out
[2025-11-20 18:39:39,394] multiqc                                            [DEBUG  ]  File ignored by lima/summary because it exceeded search pattern filesize limit: POR_R3_C2_Log.progress.out
[2025-11-20 18:39:39,407] multiqc                                            [DEBUG  ]  File ignored by ccs/v4 because it exceeded search pattern filesize limit: POR_R24_C2_Log.out
[2025-11-20 18:39:39,409] multiqc                                            [DEBUG  ]  File ignored by hicexplorer because it exceeded search pattern filesize limit: POR_R24_C2_Log.out
[2025-11-20 18:39:39,409] multiqc                                            [DEBUG  ]  File ignored by lima/summary because it exceeded search pattern filesize limit: POR_R24_C2_Log.out
[2025-11-20 18:39:39,412] multiqc                                            [DEBUG  ]  File ignored by longranger/invocation because it exceeded search pattern filesize limit: POR_R24_C2_Log.out
[2025-11-20 18:39:39,438] multiqc                                            [DEBUG  ]  File ignored by nanostat because it exceeded search pattern filesize limit: POR_R24_C2_Log.out
[2025-11-20 18:39:39,450] multiqc                                            [DEBUG  ]  File ignored by ccs/v4 because it exceeded search pattern filesize limit: POR_R3_H2_Log.progress.out
[2025-11-20 18:39:39,452] multiqc                                            [DEBUG  ]  File ignored by lima/summary because it exceeded search pattern filesize limit: POR_R3_H2_Log.progress.out
[2025-11-20 18:39:39,465] multiqc                                            [DEBUG  ]  File ignored by ccs/v4 because it exceeded search pattern filesize limit: POR_R120_H3_Log.out
[2025-11-20 18:39:39,466] multiqc                                            [DEBUG  ]  File ignored by hicexplorer because it exceeded search pattern filesize limit: POR_R120_H3_Log.out
[2025-11-20 18:39:39,466] multiqc                                            [DEBUG  ]  File ignored by lima/summary because it exceeded search pattern filesize limit: POR_R120_H3_Log.out
[2025-11-20 18:39:39,469] multiqc                                            [DEBUG  ]  File ignored by longranger/invocation because it exceeded search pattern filesize limit: POR_R120_H3_Log.out
[2025-11-20 18:39:39,498] multiqc                                            [DEBUG  ]  File ignored by nanostat because it exceeded search pattern filesize limit: POR_R120_H3_Log.out
[2025-11-20 18:39:39,504] multiqc                                            [DEBUG  ]  File ignored by ccs/v4 because it exceeded search pattern filesize limit: POR_R1_C2_Log.out
[2025-11-20 18:39:39,506] multiqc                                            [DEBUG  ]  File ignored by hicexplorer because it exceeded search pattern filesize limit: POR_R1_C2_Log.out
[2025-11-20 18:39:39,506] multiqc                                            [DEBUG  ]  File ignored by lima/summary because it exceeded search pattern filesize limit: POR_R1_C2_Log.out
[2025-11-20 18:39:39,509] multiqc                                            [DEBUG  ]  File ignored by longranger/invocation because it exceeded search pattern filesize limit: POR_R1_C2_Log.out
[2025-11-20 18:39:39,535] multiqc                                            [DEBUG  ]  File ignored by nanostat because it exceeded search pattern filesize limit: POR_R1_C2_Log.out
[2025-11-20 18:39:39,540] multiqc                                            [DEBUG  ]  Ignoring file as matched an ignore pattern: POR_R24_H1_Aligned.sortedByCoord.out.bam
[2025-11-20 18:39:39,540] multiqc                                            [DEBUG  ]  Ignoring file as matched an ignore pattern: POR_R0_H3_Aligned.sortedByCoord.out.bam
[2025-11-20 18:39:39,542] multiqc                                            [DEBUG  ]  Ignoring file as matched an ignore pattern: POR_R24_C3_Aligned.sortedByCoord.out.bam
[2025-11-20 18:39:39,542] multiqc                                            [DEBUG  ]  Ignoring file as matched an ignore pattern: POR_R0_C1_Aligned.sortedByCoord.out.bam
[2025-11-20 18:39:39,548] multiqc                                            [DEBUG  ]  File ignored by ccs/v4 because it exceeded search pattern filesize limit: POR_R3_C3_Log.progress.out
[2025-11-20 18:39:39,549] multiqc                                            [DEBUG  ]  File ignored by lima/summary because it exceeded search pattern filesize limit: POR_R3_C3_Log.progress.out
[2025-11-20 18:39:39,552] multiqc                                            [DEBUG  ]  File ignored by longranger/invocation because it exceeded search pattern filesize limit: POR_R3_C3_Log.progress.out
[2025-11-20 18:39:39,564] multiqc                                            [DEBUG  ]  File ignored by ccs/v4 because it exceeded search pattern filesize limit: POR_R0_H1_SJ.out.tab
[2025-11-20 18:39:39,566] multiqc                                            [DEBUG  ]  File ignored by hicexplorer because it exceeded search pattern filesize limit: POR_R0_H1_SJ.out.tab
[2025-11-20 18:39:39,566] multiqc                                            [DEBUG  ]  File ignored by lima/summary because it exceeded search pattern filesize limit: POR_R0_H1_SJ.out.tab
[2025-11-20 18:39:39,569] multiqc                                            [DEBUG  ]  File ignored by vep/vep_html because it exceeded search pattern filesize limit: POR_R0_H1_SJ.out.tab
[2025-11-20 18:39:39,569] multiqc                                            [DEBUG  ]  File ignored by vep/vep_txt because it exceeded search pattern filesize limit: POR_R0_H1_SJ.out.tab
[2025-11-20 18:39:39,569] multiqc                                            [DEBUG  ]  File ignored by longranger/invocation because it exceeded search pattern filesize limit: POR_R0_H1_SJ.out.tab
[2025-11-20 18:39:39,569] multiqc                                            [DEBUG  ]  File ignored by rockhopper because it exceeded search pattern filesize limit: POR_R0_H1_SJ.out.tab
[2025-11-20 18:39:39,569] multiqc                                            [DEBUG  ]  File ignored by rseqc/bam_stat because it exceeded search pattern filesize limit: POR_R0_H1_SJ.out.tab
[2025-11-20 18:39:39,569] multiqc                                            [DEBUG  ]  File ignored by rseqc/junction_annotation because it exceeded search pattern filesize limit: POR_R0_H1_SJ.out.tab
[2025-11-20 18:39:39,569] multiqc                                            [DEBUG  ]  File ignored by rseqc/read_distribution because it exceeded search pattern filesize limit: POR_R0_H1_SJ.out.tab
[2025-11-20 18:39:39,569] multiqc                                            [DEBUG  ]  File ignored by rseqc/infer_experiment because it exceeded search pattern filesize limit: POR_R0_H1_SJ.out.tab
[2025-11-20 18:39:39,569] multiqc                                            [DEBUG  ]  File ignored by snpeff because it exceeded search pattern filesize limit: POR_R0_H1_SJ.out.tab
[2025-11-20 18:39:39,569] multiqc                                            [DEBUG  ]  File ignored by stacks/sumstats because it exceeded search pattern filesize limit: POR_R0_H1_SJ.out.tab
[2025-11-20 18:39:42,849] multiqc                                            [DEBUG  ]  File ignored by nanostat because it exceeded search pattern filesize limit: POR_R0_H1_SJ.out.tab
[2025-11-20 18:39:43,039] multiqc                                            [DEBUG  ]  File ignored by ccs/v4 because it exceeded search pattern filesize limit: POR_R3_H3_Log.progress.out
[2025-11-20 18:39:43,041] multiqc                                            [DEBUG  ]  File ignored by lima/summary because it exceeded search pattern filesize limit: POR_R3_H3_Log.progress.out
[2025-11-20 18:39:43,044] multiqc                                            [DEBUG  ]  File ignored by longranger/invocation because it exceeded search pattern filesize limit: POR_R3_H3_Log.progress.out
[2025-11-20 18:39:43,054] multiqc                                            [DEBUG  ]  File ignored by ccs/v4 because it exceeded search pattern filesize limit: POR_R120_C1_Log.out
[2025-11-20 18:39:43,058] multiqc                                            [DEBUG  ]  File ignored by hicexplorer because it exceeded search pattern filesize limit: POR_R120_C1_Log.out
[2025-11-20 18:39:43,058] multiqc                                            [DEBUG  ]  File ignored by lima/summary because it exceeded search pattern filesize limit: POR_R120_C1_Log.out
[2025-11-20 18:39:43,061] multiqc                                            [DEBUG  ]  File ignored by longranger/invocation because it exceeded search pattern filesize limit: POR_R120_C1_Log.out
[2025-11-20 18:39:43,087] multiqc                                            [DEBUG  ]  File ignored by nanostat because it exceeded search pattern filesize limit: POR_R120_C1_Log.out
[2025-11-20 18:39:44,193] multiqc.plots.linegraph                            [DEBUG  ]  Using matplotlib version 3.4.3
[2025-11-20 18:39:44,204] multiqc.plots.bargraph                             [DEBUG  ]  Using matplotlib version 3.4.3
[2025-11-20 18:39:44,566] multiqc.modules.qualimap.qualimap                  [INFO   ]  Found 42 RNASeq reports
[2025-11-20 18:39:44,614] multiqc.modules.star.star                          [DEBUG  ]  Duplicate ReadsPerGene sample name found! Overwriting: POR_R72_C1
[2025-11-20 18:39:44,615] multiqc.modules.star.star                          [DEBUG  ]  Duplicate ReadsPerGene sample name found! Overwriting: POR_R0_C1
[2025-11-20 18:39:44,616] multiqc.modules.star.star                          [DEBUG  ]  Duplicate ReadsPerGene sample name found! Overwriting: POR_R3_H1
[2025-11-20 18:39:44,616] multiqc.modules.star.star                          [DEBUG  ]  Duplicate ReadsPerGene sample name found! Overwriting: POR_R24_C2
[2025-11-20 18:39:44,617] multiqc.modules.star.star                          [DEBUG  ]  Duplicate ReadsPerGene sample name found! Overwriting: POR_R120_C3
[2025-11-20 18:39:44,618] multiqc.modules.star.star                          [DEBUG  ]  Duplicate ReadsPerGene sample name found! Overwriting: POR_R1_C3
[2025-11-20 18:39:44,618] multiqc.modules.star.star                          [DEBUG  ]  Duplicate ReadsPerGene sample name found! Overwriting: POR_R1_H2
[2025-11-20 18:39:44,619] multiqc.modules.star.star                          [DEBUG  ]  Duplicate ReadsPerGene sample name found! Overwriting: POR_R120_H2
[2025-11-20 18:39:44,620] multiqc.modules.star.star                          [DEBUG  ]  Duplicate ReadsPerGene sample name found! Overwriting: POR_R24_H3
[2025-11-20 18:39:44,620] multiqc.modules.star.star                          [DEBUG  ]  Duplicate ReadsPerGene sample name found! Overwriting: POR_R12_C1
[2025-11-20 18:39:44,621] multiqc.modules.star.star                          [DEBUG  ]  Duplicate ReadsPerGene sample name found! Overwriting: POR_R72_H1
[2025-11-20 18:39:44,622] multiqc.modules.star.star                          [DEBUG  ]  Duplicate ReadsPerGene sample name found! Overwriting: POR_R0_H1
[2025-11-20 18:39:44,622] multiqc.modules.star.star                          [DEBUG  ]  Duplicate ReadsPerGene sample name found! Overwriting: POR_R1_C2
[2025-11-20 18:39:44,623] multiqc.modules.star.star                          [DEBUG  ]  Duplicate ReadsPerGene sample name found! Overwriting: POR_R24_C3
[2025-11-20 18:39:44,624] multiqc.modules.star.star                          [DEBUG  ]  Duplicate ReadsPerGene sample name found! Overwriting: POR_R120_C2
[2025-11-20 18:39:44,625] multiqc.modules.star.star                          [DEBUG  ]  Duplicate ReadsPerGene sample name found! Overwriting: POR_R12_H1
[2025-11-20 18:39:44,625] multiqc.modules.star.star                          [DEBUG  ]  Duplicate ReadsPerGene sample name found! Overwriting: POR_R3_C1
[2025-11-20 18:39:44,626] multiqc.modules.star.star                          [DEBUG  ]  Duplicate ReadsPerGene sample name found! Overwriting: POR_R120_H3
[2025-11-20 18:39:44,627] multiqc.modules.star.star                          [DEBUG  ]  Duplicate ReadsPerGene sample name found! Overwriting: POR_R24_H2
[2025-11-20 18:39:44,627] multiqc.modules.star.star                          [DEBUG  ]  Duplicate ReadsPerGene sample name found! Overwriting: POR_R1_H3
[2025-11-20 18:39:44,628] multiqc.modules.star.star                          [DEBUG  ]  Duplicate ReadsPerGene sample name found! Overwriting: POR_R0_C3
[2025-11-20 18:39:44,628] multiqc.modules.star.star                          [DEBUG  ]  Duplicate ReadsPerGene sample name found! Overwriting: POR_R72_C3
[2025-11-20 18:39:44,629] multiqc.modules.star.star                          [DEBUG  ]  Duplicate ReadsPerGene sample name found! Overwriting: POR_R72_H2
[2025-11-20 18:39:44,630] multiqc.modules.star.star                          [DEBUG  ]  Duplicate ReadsPerGene sample name found! Overwriting: POR_R0_H2
[2025-11-20 18:39:44,630] multiqc.modules.star.star                          [DEBUG  ]  Duplicate ReadsPerGene sample name found! Overwriting: POR_R24_H1
[2025-11-20 18:39:44,631] multiqc.modules.star.star                          [DEBUG  ]  Duplicate ReadsPerGene sample name found! Overwriting: POR_R12_C3
[2025-11-20 18:39:44,632] multiqc.modules.star.star                          [DEBUG  ]  Duplicate ReadsPerGene sample name found! Overwriting: POR_R3_C2
[2025-11-20 18:39:44,632] multiqc.modules.star.star                          [DEBUG  ]  Duplicate ReadsPerGene sample name found! Overwriting: POR_R1_C1
[2025-11-20 18:39:44,633] multiqc.modules.star.star                          [DEBUG  ]  Duplicate ReadsPerGene sample name found! Overwriting: POR_R3_H3
[2025-11-20 18:39:44,634] multiqc.modules.star.star                          [DEBUG  ]  Duplicate ReadsPerGene sample name found! Overwriting: POR_R12_H2
[2025-11-20 18:39:44,634] multiqc.modules.star.star                          [DEBUG  ]  Duplicate ReadsPerGene sample name found! Overwriting: POR_R120_C1
[2025-11-20 18:39:44,635] multiqc.modules.star.star                          [DEBUG  ]  Duplicate ReadsPerGene sample name found! Overwriting: POR_R72_C2
[2025-11-20 18:39:44,636] multiqc.modules.star.star                          [DEBUG  ]  Duplicate ReadsPerGene sample name found! Overwriting: POR_R0_C2
[2025-11-20 18:39:44,637] multiqc.modules.star.star                          [DEBUG  ]  Duplicate ReadsPerGene sample name found! Overwriting: POR_R0_H3
[2025-11-20 18:39:44,638] multiqc.modules.star.star                          [DEBUG  ]  Duplicate ReadsPerGene sample name found! Overwriting: POR_R72_H3
[2025-11-20 18:39:44,638] multiqc.modules.star.star                          [DEBUG  ]  Duplicate ReadsPerGene sample name found! Overwriting: POR_R1_H1
[2025-11-20 18:39:44,639] multiqc.modules.star.star                          [DEBUG  ]  Duplicate ReadsPerGene sample name found! Overwriting: POR_R12_C2
[2025-11-20 18:39:44,639] multiqc.modules.star.star                          [DEBUG  ]  Duplicate ReadsPerGene sample name found! Overwriting: POR_R3_C3
[2025-11-20 18:39:44,640] multiqc.modules.star.star                          [DEBUG  ]  Duplicate ReadsPerGene sample name found! Overwriting: POR_R120_H1
[2025-11-20 18:39:44,641] multiqc.modules.star.star                          [DEBUG  ]  Duplicate ReadsPerGene sample name found! Overwriting: POR_R24_C1
[2025-11-20 18:39:44,641] multiqc.modules.star.star                          [DEBUG  ]  Duplicate ReadsPerGene sample name found! Overwriting: POR_R3_H2
[2025-11-20 18:39:44,642] multiqc.modules.star.star                          [DEBUG  ]  Duplicate ReadsPerGene sample name found! Overwriting: POR_R12_H3
[2025-11-20 18:39:44,642] multiqc.modules.star.star                          [INFO   ]  Found 42 reports and 42 gene count files
[2025-11-20 18:39:44,695] multiqc                                            [INFO   ]  Compressing plot data
[2025-11-20 18:39:45,199] multiqc                                            [INFO   ]  Report      : multiqc_report.html
[2025-11-20 18:39:45,200] multiqc                                            [INFO   ]  Data        : multiqc_data
[2025-11-20 18:39:45,200] multiqc                                            [DEBUG  ]  Moving data file from '/tmp/tmpodtxn5bg/multiqc_data' to '/project/pi_hputnam_uri_edu/zdellaert/TimeSeries/4-multi-species/output_RNA/alignment_qc/POR_Pcomp/multiqc_data'
[2025-11-20 18:39:45,787] multiqc                                            [INFO   ]  MultiQC complete
