[2025-12-21 14:09:47,430] multiqc                                            [DEBUG  ]  This is MultiQC v1.12
[2025-12-21 14:09:47,430] multiqc                                            [DEBUG  ]  No MultiQC config found: /modules/uri_apps/software/MultiQC/1.12-foss-2021b/lib/python3.9/site-packages/multiqc_config.yaml
[2025-12-21 14:09:47,430] multiqc                                            [DEBUG  ]  No MultiQC config found: /home/zdellaert_uri_edu/.multiqc_config.yaml
[2025-12-21 14:09:47,431] multiqc                                            [DEBUG  ]  No MultiQC config found: multiqc_config.yaml
[2025-12-21 14:09:47,431] multiqc                                            [DEBUG  ]  Command used: /modules/uri_apps/software/MultiQC/1.12-foss-2021b/bin/multiqc . /scratch3/workspace/zdellaert_uri_edu-shared/TimeSeries/aligned/POC_PacutaV2
[2025-12-21 14:09:47,770] multiqc                                            [WARNING]  MultiQC Version v1.33 now available!
[2025-12-21 14:09:47,771] multiqc                                            [DEBUG  ]  Command     : /modules/uri_apps/software/MultiQC/1.12-foss-2021b/bin/multiqc . /scratch3/workspace/zdellaert_uri_edu-shared/TimeSeries/aligned/POC_PacutaV2
[2025-12-21 14:09:47,771] multiqc                                            [DEBUG  ]  Working dir : /project/pi_hputnam_uri_edu/zdellaert/TimeSeries/4-multi-species/output_RNA/alignment_qc/POC_PacutaV2
[2025-12-21 14:09:47,771] multiqc                                            [DEBUG  ]  Template    : default
[2025-12-21 14:09:47,771] multiqc                                            [DEBUG  ]  Running Python 3.9.6 (default, Nov 15 2024, 16:57:16)  [GCC 11.2.0]
[2025-12-21 14:09:47,771] multiqc                                            [DEBUG  ]  Analysing modules: custom_content, ccs, ngsderive, purple, conpair, lima, peddy, somalier, methylQA, mosdepth, phantompeakqualtools, qualimap, preseq, quast, qorts, rna_seqc, rockhopper, rsem, rseqc, busco, bustools, goleft_indexcov, gffcompare, disambiguate, supernova, deeptools, sargasso, verifybamid, mirtrace, happy, mirtop, sambamba, homer, hops, macs2, theta2, snpeff, gatk, htseq, bcftools, featureCounts, fgbio, dragen, dedup, pbmarkdup, damageprofiler, biobambam2, jcvi, mtnucratio, picard, vep, sentieon, prokka, qc3C, nanostat, samblaster, samtools, sexdeterrmine, eigenstratdatabasetools, bamtools, jellyfish, vcftools, longranger, stacks, varscan2, snippy, bbmap, bismark, biscuit, hicexplorer, hicup, hicpro, salmon, kallisto, slamdunk, star, hisat2, tophat, bowtie2, bowtie1, snpsplit, odgi, pangolin, kat, leehom, adapterRemoval, clipandmerge, cutadapt, flexbar, kaiju, kraken, malt, trimmomatic, sickle, skewer, sortmerna, biobloomtools, fastq_screen, afterqc, fastp, fastqc, pychopper, pycoqc, minionqc, multivcfanalyzer, clusterflow, checkqc, bcl2fastq, bclconvert, interop, ivar, flash, seqyclean, optitype, whatshap
[2025-12-21 14:09:47,774] multiqc                                            [DEBUG  ]  Using temporary directory for creating report: /scratch/login/tmplpdc1g4_
[2025-12-21 14:09:47,878] multiqc                                            [INFO   ]  Search path : /project/pi_hputnam_uri_edu/zdellaert/TimeSeries/4-multi-species/output_RNA/alignment_qc/POC_PacutaV2
[2025-12-21 14:09:47,878] multiqc                                            [INFO   ]  Search path : /scratch3/workspace/zdellaert_uri_edu-shared/TimeSeries/aligned/POC_PacutaV2
[2025-12-21 14:09:47,881] multiqc                                            [DEBUG  ]  Ignoring directory as matched fn_ignore_dirs: ./multiqc_data
[2025-12-21 14:09:48,289] multiqc                                            [DEBUG  ]  File ignored by ccs/v4 because it exceeded search pattern filesize limit: multiqc_report.html
[2025-12-21 14:09:48,291] multiqc                                            [DEBUG  ]  File ignored by hicexplorer because it exceeded search pattern filesize limit: multiqc_report.html
[2025-12-21 14:09:48,291] multiqc                                            [DEBUG  ]  File ignored by lima/summary because it exceeded search pattern filesize limit: multiqc_report.html
[2025-12-21 14:09:48,296] multiqc                                            [DEBUG  ]  File ignored by vep/vep_html because it exceeded search pattern filesize limit: multiqc_report.html
[2025-12-21 14:09:48,296] multiqc                                            [DEBUG  ]  File ignored by vep/vep_txt because it exceeded search pattern filesize limit: multiqc_report.html
[2025-12-21 14:09:48,296] multiqc                                            [DEBUG  ]  File ignored by longranger/invocation because it exceeded search pattern filesize limit: multiqc_report.html
[2025-12-21 14:09:48,296] multiqc                                            [DEBUG  ]  File ignored by rockhopper because it exceeded search pattern filesize limit: multiqc_report.html
[2025-12-21 14:09:48,296] multiqc                                            [DEBUG  ]  File ignored by rseqc/bam_stat because it exceeded search pattern filesize limit: multiqc_report.html
[2025-12-21 14:09:48,296] multiqc                                            [DEBUG  ]  File ignored by rseqc/junction_annotation because it exceeded search pattern filesize limit: multiqc_report.html
[2025-12-21 14:09:48,296] multiqc                                            [DEBUG  ]  File ignored by rseqc/read_distribution because it exceeded search pattern filesize limit: multiqc_report.html
[2025-12-21 14:09:48,296] multiqc                                            [DEBUG  ]  File ignored by rseqc/infer_experiment because it exceeded search pattern filesize limit: multiqc_report.html
[2025-12-21 14:09:48,319] multiqc                                            [DEBUG  ]  File ignored by stacks/sumstats because it exceeded search pattern filesize limit: multiqc_report.html
[2025-12-21 14:09:48,442] multiqc                                            [DEBUG  ]  File ignored by nanostat because it exceeded search pattern filesize limit: multiqc_report.html
[2025-12-21 14:09:48,453] multiqc                                            [DEBUG  ]  File ignored by ccs/v4 because it exceeded search pattern filesize limit: qualimapReport.html
[2025-12-21 14:09:48,454] multiqc                                            [DEBUG  ]  File ignored by hicexplorer because it exceeded search pattern filesize limit: qualimapReport.html
[2025-12-21 14:09:48,455] multiqc                                            [DEBUG  ]  File ignored by lima/summary because it exceeded search pattern filesize limit: qualimapReport.html
[2025-12-21 14:09:48,457] multiqc                                            [DEBUG  ]  File ignored by longranger/invocation because it exceeded search pattern filesize limit: qualimapReport.html
[2025-12-21 14:09:48,464] multiqc                                            [DEBUG  ]  File ignored by nanostat because it exceeded search pattern filesize limit: qualimapReport.html
[2025-12-21 14:09:48,502] multiqc                                            [DEBUG  ]  File ignored by ccs/v4 because it exceeded search pattern filesize limit: agogo.css
[2025-12-21 14:09:48,504] multiqc                                            [DEBUG  ]  File ignored by hicexplorer because it exceeded search pattern filesize limit: agogo.css
[2025-12-21 14:09:48,504] multiqc                                            [DEBUG  ]  File ignored by lima/summary because it exceeded search pattern filesize limit: agogo.css
[2025-12-21 14:09:48,506] multiqc                                            [DEBUG  ]  File ignored by longranger/invocation because it exceeded search pattern filesize limit: agogo.css
[2025-12-21 14:09:48,514] multiqc                                            [DEBUG  ]  File ignored by nanostat because it exceeded search pattern filesize limit: agogo.css
[2025-12-21 14:09:48,556] multiqc                                            [DEBUG  ]  File ignored by ccs/v4 because it exceeded search pattern filesize limit: basic.css
[2025-12-21 14:09:48,558] multiqc                                            [DEBUG  ]  File ignored by hicexplorer because it exceeded search pattern filesize limit: basic.css
[2025-12-21 14:09:48,558] multiqc                                            [DEBUG  ]  File ignored by lima/summary because it exceeded search pattern filesize limit: basic.css
[2025-12-21 14:09:48,561] multiqc                                            [DEBUG  ]  File ignored by longranger/invocation because it exceeded search pattern filesize limit: basic.css
[2025-12-21 14:09:48,570] multiqc                                            [DEBUG  ]  File ignored by nanostat because it exceeded search pattern filesize limit: basic.css
[2025-12-21 14:09:48,615] multiqc                                            [DEBUG  ]  File ignored by ccs/v4 because it exceeded search pattern filesize limit: doctools.js
[2025-12-21 14:09:48,616] multiqc                                            [DEBUG  ]  File ignored by hicexplorer because it exceeded search pattern filesize limit: doctools.js
[2025-12-21 14:09:48,616] multiqc                                            [DEBUG  ]  File ignored by lima/summary because it exceeded search pattern filesize limit: doctools.js
[2025-12-21 14:09:48,619] multiqc                                            [DEBUG  ]  File ignored by longranger/invocation because it exceeded search pattern filesize limit: doctools.js
[2025-12-21 14:09:48,626] multiqc                                            [DEBUG  ]  File ignored by nanostat because it exceeded search pattern filesize limit: doctools.js
[2025-12-21 14:09:48,749] multiqc                                            [DEBUG  ]  File ignored by ccs/v4 because it exceeded search pattern filesize limit: jquery.js
[2025-12-21 14:09:48,750] multiqc                                            [DEBUG  ]  File ignored by hicexplorer because it exceeded search pattern filesize limit: jquery.js
[2025-12-21 14:09:48,750] multiqc                                            [DEBUG  ]  File ignored by lima/summary because it exceeded search pattern filesize limit: jquery.js
[2025-12-21 14:09:48,753] multiqc                                            [DEBUG  ]  File ignored by longranger/invocation because it exceeded search pattern filesize limit: jquery.js
[2025-12-21 14:09:48,761] multiqc                                            [DEBUG  ]  File ignored by nanostat because it exceeded search pattern filesize limit: jquery.js
[2025-12-21 14:09:48,788] multiqc                                            [DEBUG  ]  File ignored by ccs/v4 because it exceeded search pattern filesize limit: pygments.css
[2025-12-21 14:09:48,790] multiqc                                            [DEBUG  ]  File ignored by lima/summary because it exceeded search pattern filesize limit: pygments.css
[2025-12-21 14:09:48,793] multiqc                                            [DEBUG  ]  File ignored by longranger/invocation because it exceeded search pattern filesize limit: pygments.css
[2025-12-21 14:09:48,879] multiqc                                            [DEBUG  ]  File ignored by ccs/v4 because it exceeded search pattern filesize limit: searchtools.js
[2025-12-21 14:09:48,880] multiqc                                            [DEBUG  ]  File ignored by hicexplorer because it exceeded search pattern filesize limit: searchtools.js
[2025-12-21 14:09:48,881] multiqc                                            [DEBUG  ]  File ignored by lima/summary because it exceeded search pattern filesize limit: searchtools.js
[2025-12-21 14:09:48,883] multiqc                                            [DEBUG  ]  File ignored by longranger/invocation because it exceeded search pattern filesize limit: searchtools.js
[2025-12-21 14:09:48,892] multiqc                                            [DEBUG  ]  File ignored by nanostat because it exceeded search pattern filesize limit: searchtools.js
[2025-12-21 14:09:48,898] multiqc                                            [DEBUG  ]  File ignored by ccs/v4 because it exceeded search pattern filesize limit: underscore.js
[2025-12-21 14:09:48,899] multiqc                                            [DEBUG  ]  File ignored by hicexplorer because it exceeded search pattern filesize limit: underscore.js
[2025-12-21 14:09:48,899] multiqc                                            [DEBUG  ]  File ignored by lima/summary because it exceeded search pattern filesize limit: underscore.js
[2025-12-21 14:09:48,901] multiqc                                            [DEBUG  ]  File ignored by longranger/invocation because it exceeded search pattern filesize limit: underscore.js
[2025-12-21 14:09:48,905] multiqc                                            [DEBUG  ]  File ignored by nanostat because it exceeded search pattern filesize limit: underscore.js
[2025-12-21 14:09:48,939] multiqc                                            [DEBUG  ]  File ignored by ccs/v4 because it exceeded search pattern filesize limit: websupport.js
[2025-12-21 14:09:48,940] multiqc                                            [DEBUG  ]  File ignored by hicexplorer because it exceeded search pattern filesize limit: websupport.js
[2025-12-21 14:09:48,941] multiqc                                            [DEBUG  ]  File ignored by lima/summary because it exceeded search pattern filesize limit: websupport.js
[2025-12-21 14:09:48,943] multiqc                                            [DEBUG  ]  File ignored by longranger/invocation because it exceeded search pattern filesize limit: websupport.js
[2025-12-21 14:09:48,956] multiqc                                            [DEBUG  ]  File ignored by nanostat because it exceeded search pattern filesize limit: websupport.js
[2025-12-21 14:09:48,961] multiqc                                            [DEBUG  ]  File ignored by ccs/v4 because it exceeded search pattern filesize limit: coverage_profile_along_genes_(low).txt
[2025-12-21 14:09:48,962] multiqc                                            [DEBUG  ]  File ignored by lima/summary because it exceeded search pattern filesize limit: coverage_profile_along_genes_(low).txt
[2025-12-21 14:09:48,964] multiqc                                            [DEBUG  ]  File ignored by longranger/invocation because it exceeded search pattern filesize limit: coverage_profile_along_genes_(low).txt
[2025-12-21 14:09:48,972] multiqc                                            [DEBUG  ]  File ignored by ccs/v4 because it exceeded search pattern filesize limit: coverage_profile_along_genes_(high).txt
[2025-12-21 14:09:48,973] multiqc                                            [DEBUG  ]  File ignored by lima/summary because it exceeded search pattern filesize limit: coverage_profile_along_genes_(high).txt
[2025-12-21 14:09:48,976] multiqc                                            [DEBUG  ]  File ignored by longranger/invocation because it exceeded search pattern filesize limit: coverage_profile_along_genes_(high).txt
[2025-12-21 14:09:48,985] multiqc                                            [DEBUG  ]  File ignored by ccs/v4 because it exceeded search pattern filesize limit: qualimapReport.html
[2025-12-21 14:09:48,986] multiqc                                            [DEBUG  ]  File ignored by hicexplorer because it exceeded search pattern filesize limit: qualimapReport.html
[2025-12-21 14:09:48,986] multiqc                                            [DEBUG  ]  File ignored by lima/summary because it exceeded search pattern filesize limit: qualimapReport.html
[2025-12-21 14:09:48,988] multiqc                                            [DEBUG  ]  File ignored by longranger/invocation because it exceeded search pattern filesize limit: qualimapReport.html
[2025-12-21 14:09:48,995] multiqc                                            [DEBUG  ]  File ignored by nanostat because it exceeded search pattern filesize limit: qualimapReport.html
[2025-12-21 14:09:49,029] multiqc                                            [DEBUG  ]  File ignored by ccs/v4 because it exceeded search pattern filesize limit: agogo.css
[2025-12-21 14:09:49,030] multiqc                                            [DEBUG  ]  File ignored by hicexplorer because it exceeded search pattern filesize limit: agogo.css
[2025-12-21 14:09:49,030] multiqc                                            [DEBUG  ]  File ignored by lima/summary because it exceeded search pattern filesize limit: agogo.css
[2025-12-21 14:09:49,032] multiqc                                            [DEBUG  ]  File ignored by longranger/invocation because it exceeded search pattern filesize limit: agogo.css
[2025-12-21 14:09:49,040] multiqc                                            [DEBUG  ]  File ignored by nanostat because it exceeded search pattern filesize limit: agogo.css
[2025-12-21 14:09:49,144] multiqc                                            [DEBUG  ]  File ignored by ccs/v4 because it exceeded search pattern filesize limit: basic.css
[2025-12-21 14:09:49,145] multiqc                                            [DEBUG  ]  File ignored by hicexplorer because it exceeded search pattern filesize limit: basic.css
[2025-12-21 14:09:49,145] multiqc                                            [DEBUG  ]  File ignored by lima/summary because it exceeded search pattern filesize limit: basic.css
[2025-12-21 14:09:49,147] multiqc                                            [DEBUG  ]  File ignored by longranger/invocation because it exceeded search pattern filesize limit: basic.css
[2025-12-21 14:09:49,156] multiqc                                            [DEBUG  ]  File ignored by nanostat because it exceeded search pattern filesize limit: basic.css
[2025-12-21 14:09:49,204] multiqc                                            [DEBUG  ]  File ignored by ccs/v4 because it exceeded search pattern filesize limit: doctools.js
[2025-12-21 14:09:49,205] multiqc                                            [DEBUG  ]  File ignored by hicexplorer because it exceeded search pattern filesize limit: doctools.js
[2025-12-21 14:09:49,205] multiqc                                            [DEBUG  ]  File ignored by lima/summary because it exceeded search pattern filesize limit: doctools.js
[2025-12-21 14:09:49,208] multiqc                                            [DEBUG  ]  File ignored by longranger/invocation because it exceeded search pattern filesize limit: doctools.js
[2025-12-21 14:09:49,214] multiqc                                            [DEBUG  ]  File ignored by nanostat because it exceeded search pattern filesize limit: doctools.js
[2025-12-21 14:09:49,273] multiqc                                            [DEBUG  ]  File ignored by ccs/v4 because it exceeded search pattern filesize limit: jquery.js
[2025-12-21 14:09:49,274] multiqc                                            [DEBUG  ]  File ignored by hicexplorer because it exceeded search pattern filesize limit: jquery.js
[2025-12-21 14:09:49,275] multiqc                                            [DEBUG  ]  File ignored by lima/summary because it exceeded search pattern filesize limit: jquery.js
[2025-12-21 14:09:49,277] multiqc                                            [DEBUG  ]  File ignored by longranger/invocation because it exceeded search pattern filesize limit: jquery.js
[2025-12-21 14:09:49,287] multiqc                                            [DEBUG  ]  File ignored by nanostat because it exceeded search pattern filesize limit: jquery.js
[2025-12-21 14:09:49,326] multiqc                                            [DEBUG  ]  File ignored by ccs/v4 because it exceeded search pattern filesize limit: pygments.css
[2025-12-21 14:09:49,327] multiqc                                            [DEBUG  ]  File ignored by lima/summary because it exceeded search pattern filesize limit: pygments.css
[2025-12-21 14:09:49,331] multiqc                                            [DEBUG  ]  File ignored by longranger/invocation because it exceeded search pattern filesize limit: pygments.css
[2025-12-21 14:09:49,358] multiqc                                            [DEBUG  ]  File ignored by ccs/v4 because it exceeded search pattern filesize limit: searchtools.js
[2025-12-21 14:09:49,359] multiqc                                            [DEBUG  ]  File ignored by hicexplorer because it exceeded search pattern filesize limit: searchtools.js
[2025-12-21 14:09:49,359] multiqc                                            [DEBUG  ]  File ignored by lima/summary because it exceeded search pattern filesize limit: searchtools.js
[2025-12-21 14:09:49,361] multiqc                                            [DEBUG  ]  File ignored by longranger/invocation because it exceeded search pattern filesize limit: searchtools.js
[2025-12-21 14:09:49,371] multiqc                                            [DEBUG  ]  File ignored by nanostat because it exceeded search pattern filesize limit: searchtools.js
[2025-12-21 14:09:49,393] multiqc                                            [DEBUG  ]  File ignored by ccs/v4 because it exceeded search pattern filesize limit: underscore.js
[2025-12-21 14:09:49,394] multiqc                                            [DEBUG  ]  File ignored by hicexplorer because it exceeded search pattern filesize limit: underscore.js
[2025-12-21 14:09:49,394] multiqc                                            [DEBUG  ]  File ignored by lima/summary because it exceeded search pattern filesize limit: underscore.js
[2025-12-21 14:09:49,397] multiqc                                            [DEBUG  ]  File ignored by longranger/invocation because it exceeded search pattern filesize limit: underscore.js
[2025-12-21 14:09:49,402] multiqc                                            [DEBUG  ]  File ignored by nanostat because it exceeded search pattern filesize limit: underscore.js
[2025-12-21 14:09:49,443] multiqc                                            [DEBUG  ]  File ignored by ccs/v4 because it exceeded search pattern filesize limit: websupport.js
[2025-12-21 14:09:49,444] multiqc                                            [DEBUG  ]  File ignored by hicexplorer because it exceeded search pattern filesize limit: websupport.js
[2025-12-21 14:09:49,444] multiqc                                            [DEBUG  ]  File ignored by lima/summary because it exceeded search pattern filesize limit: websupport.js
[2025-12-21 14:09:49,447] multiqc                                            [DEBUG  ]  File ignored by longranger/invocation because it exceeded search pattern filesize limit: websupport.js
[2025-12-21 14:09:49,461] multiqc                                            [DEBUG  ]  File ignored by nanostat because it exceeded search pattern filesize limit: websupport.js
[2025-12-21 14:09:49,466] multiqc                                            [DEBUG  ]  File ignored by ccs/v4 because it exceeded search pattern filesize limit: coverage_profile_along_genes_(low).txt
[2025-12-21 14:09:49,467] multiqc                                            [DEBUG  ]  File ignored by lima/summary because it exceeded search pattern filesize limit: coverage_profile_along_genes_(low).txt
[2025-12-21 14:09:49,469] multiqc                                            [DEBUG  ]  File ignored by longranger/invocation because it exceeded search pattern filesize limit: coverage_profile_along_genes_(low).txt
[2025-12-21 14:09:49,478] multiqc                                            [DEBUG  ]  File ignored by ccs/v4 because it exceeded search pattern filesize limit: coverage_profile_along_genes_(high).txt
[2025-12-21 14:09:49,479] multiqc                                            [DEBUG  ]  File ignored by lima/summary because it exceeded search pattern filesize limit: coverage_profile_along_genes_(high).txt
[2025-12-21 14:09:49,481] multiqc                                            [DEBUG  ]  File ignored by longranger/invocation because it exceeded search pattern filesize limit: coverage_profile_along_genes_(high).txt
[2025-12-21 14:09:49,490] multiqc                                            [DEBUG  ]  File ignored by ccs/v4 because it exceeded search pattern filesize limit: qualimapReport.html
[2025-12-21 14:09:49,491] multiqc                                            [DEBUG  ]  File ignored by hicexplorer because it exceeded search pattern filesize limit: qualimapReport.html
[2025-12-21 14:09:49,491] multiqc                                            [DEBUG  ]  File ignored by lima/summary because it exceeded search pattern filesize limit: qualimapReport.html
[2025-12-21 14:09:49,494] multiqc                                            [DEBUG  ]  File ignored by longranger/invocation because it exceeded search pattern filesize limit: qualimapReport.html
[2025-12-21 14:09:49,501] multiqc                                            [DEBUG  ]  File ignored by nanostat because it exceeded search pattern filesize limit: qualimapReport.html
[2025-12-21 14:09:49,613] multiqc                                            [DEBUG  ]  File ignored by ccs/v4 because it exceeded search pattern filesize limit: agogo.css
[2025-12-21 14:09:49,614] multiqc                                            [DEBUG  ]  File ignored by hicexplorer because it exceeded search pattern filesize limit: agogo.css
[2025-12-21 14:09:49,614] multiqc                                            [DEBUG  ]  File ignored by lima/summary because it exceeded search pattern filesize limit: agogo.css
[2025-12-21 14:09:49,616] multiqc                                            [DEBUG  ]  File ignored by longranger/invocation because it exceeded search pattern filesize limit: agogo.css
[2025-12-21 14:09:49,624] multiqc                                            [DEBUG  ]  File ignored by nanostat because it exceeded search pattern filesize limit: agogo.css
[2025-12-21 14:09:49,636] multiqc                                            [DEBUG  ]  File ignored by ccs/v4 because it exceeded search pattern filesize limit: basic.css
[2025-12-21 14:09:49,638] multiqc                                            [DEBUG  ]  File ignored by hicexplorer because it exceeded search pattern filesize limit: basic.css
[2025-12-21 14:09:49,638] multiqc                                            [DEBUG  ]  File ignored by lima/summary because it exceeded search pattern filesize limit: basic.css
[2025-12-21 14:09:49,640] multiqc                                            [DEBUG  ]  File ignored by longranger/invocation because it exceeded search pattern filesize limit: basic.css
[2025-12-21 14:09:49,648] multiqc                                            [DEBUG  ]  File ignored by nanostat because it exceeded search pattern filesize limit: basic.css
[2025-12-21 14:09:49,668] multiqc                                            [DEBUG  ]  File ignored by ccs/v4 because it exceeded search pattern filesize limit: doctools.js
[2025-12-21 14:09:49,669] multiqc                                            [DEBUG  ]  File ignored by hicexplorer because it exceeded search pattern filesize limit: doctools.js
[2025-12-21 14:09:49,669] multiqc                                            [DEBUG  ]  File ignored by lima/summary because it exceeded search pattern filesize limit: doctools.js
[2025-12-21 14:09:49,672] multiqc                                            [DEBUG  ]  File ignored by longranger/invocation because it exceeded search pattern filesize limit: doctools.js
[2025-12-21 14:09:49,678] multiqc                                            [DEBUG  ]  File ignored by nanostat because it exceeded search pattern filesize limit: doctools.js
[2025-12-21 14:09:49,785] multiqc                                            [DEBUG  ]  File ignored by ccs/v4 because it exceeded search pattern filesize limit: jquery.js
[2025-12-21 14:09:49,787] multiqc                                            [DEBUG  ]  File ignored by hicexplorer because it exceeded search pattern filesize limit: jquery.js
[2025-12-21 14:09:49,787] multiqc                                            [DEBUG  ]  File ignored by lima/summary because it exceeded search pattern filesize limit: jquery.js
[2025-12-21 14:09:49,790] multiqc                                            [DEBUG  ]  File ignored by longranger/invocation because it exceeded search pattern filesize limit: jquery.js
[2025-12-21 14:09:49,800] multiqc                                            [DEBUG  ]  File ignored by nanostat because it exceeded search pattern filesize limit: jquery.js
[2025-12-21 14:09:49,849] multiqc                                            [DEBUG  ]  File ignored by ccs/v4 because it exceeded search pattern filesize limit: pygments.css
[2025-12-21 14:09:49,851] multiqc                                            [DEBUG  ]  File ignored by lima/summary because it exceeded search pattern filesize limit: pygments.css
[2025-12-21 14:09:49,853] multiqc                                            [DEBUG  ]  File ignored by longranger/invocation because it exceeded search pattern filesize limit: pygments.css
[2025-12-21 14:09:49,951] multiqc                                            [DEBUG  ]  File ignored by ccs/v4 because it exceeded search pattern filesize limit: searchtools.js
[2025-12-21 14:09:49,952] multiqc                                            [DEBUG  ]  File ignored by hicexplorer because it exceeded search pattern filesize limit: searchtools.js
[2025-12-21 14:09:49,952] multiqc                                            [DEBUG  ]  File ignored by lima/summary because it exceeded search pattern filesize limit: searchtools.js
[2025-12-21 14:09:49,955] multiqc                                            [DEBUG  ]  File ignored by longranger/invocation because it exceeded search pattern filesize limit: searchtools.js
[2025-12-21 14:09:49,964] multiqc                                            [DEBUG  ]  File ignored by nanostat because it exceeded search pattern filesize limit: searchtools.js
[2025-12-21 14:09:49,970] multiqc                                            [DEBUG  ]  File ignored by ccs/v4 because it exceeded search pattern filesize limit: underscore.js
[2025-12-21 14:09:49,971] multiqc                                            [DEBUG  ]  File ignored by hicexplorer because it exceeded search pattern filesize limit: underscore.js
[2025-12-21 14:09:49,971] multiqc                                            [DEBUG  ]  File ignored by lima/summary because it exceeded search pattern filesize limit: underscore.js
[2025-12-21 14:09:49,973] multiqc                                            [DEBUG  ]  File ignored by longranger/invocation because it exceeded search pattern filesize limit: underscore.js
[2025-12-21 14:09:49,978] multiqc                                            [DEBUG  ]  File ignored by nanostat because it exceeded search pattern filesize limit: underscore.js
[2025-12-21 14:09:50,014] multiqc                                            [DEBUG  ]  File ignored by ccs/v4 because it exceeded search pattern filesize limit: websupport.js
[2025-12-21 14:09:50,015] multiqc                                            [DEBUG  ]  File ignored by hicexplorer because it exceeded search pattern filesize limit: websupport.js
[2025-12-21 14:09:50,015] multiqc                                            [DEBUG  ]  File ignored by lima/summary because it exceeded search pattern filesize limit: websupport.js
[2025-12-21 14:09:50,018] multiqc                                            [DEBUG  ]  File ignored by longranger/invocation because it exceeded search pattern filesize limit: websupport.js
[2025-12-21 14:09:50,031] multiqc                                            [DEBUG  ]  File ignored by nanostat because it exceeded search pattern filesize limit: websupport.js
[2025-12-21 14:09:50,036] multiqc                                            [DEBUG  ]  File ignored by ccs/v4 because it exceeded search pattern filesize limit: coverage_profile_along_genes_(low).txt
[2025-12-21 14:09:50,037] multiqc                                            [DEBUG  ]  File ignored by lima/summary because it exceeded search pattern filesize limit: coverage_profile_along_genes_(low).txt
[2025-12-21 14:09:50,042] multiqc                                            [DEBUG  ]  File ignored by longranger/invocation because it exceeded search pattern filesize limit: coverage_profile_along_genes_(low).txt
[2025-12-21 14:09:50,050] multiqc                                            [DEBUG  ]  File ignored by ccs/v4 because it exceeded search pattern filesize limit: coverage_profile_along_genes_(high).txt
[2025-12-21 14:09:50,052] multiqc                                            [DEBUG  ]  File ignored by lima/summary because it exceeded search pattern filesize limit: coverage_profile_along_genes_(high).txt
[2025-12-21 14:09:50,055] multiqc                                            [DEBUG  ]  File ignored by longranger/invocation because it exceeded search pattern filesize limit: coverage_profile_along_genes_(high).txt
[2025-12-21 14:09:50,064] multiqc                                            [DEBUG  ]  File ignored by ccs/v4 because it exceeded search pattern filesize limit: qualimapReport.html
[2025-12-21 14:09:50,065] multiqc                                            [DEBUG  ]  File ignored by hicexplorer because it exceeded search pattern filesize limit: qualimapReport.html
[2025-12-21 14:09:50,066] multiqc                                            [DEBUG  ]  File ignored by lima/summary because it exceeded search pattern filesize limit: qualimapReport.html
[2025-12-21 14:09:50,068] multiqc                                            [DEBUG  ]  File ignored by longranger/invocation because it exceeded search pattern filesize limit: qualimapReport.html
[2025-12-21 14:09:50,075] multiqc                                            [DEBUG  ]  File ignored by nanostat because it exceeded search pattern filesize limit: qualimapReport.html
[2025-12-21 14:09:50,118] multiqc                                            [DEBUG  ]  File ignored by ccs/v4 because it exceeded search pattern filesize limit: agogo.css
[2025-12-21 14:09:50,119] multiqc                                            [DEBUG  ]  File ignored by hicexplorer because it exceeded search pattern filesize limit: agogo.css
[2025-12-21 14:09:50,119] multiqc                                            [DEBUG  ]  File ignored by lima/summary because it exceeded search pattern filesize limit: agogo.css
[2025-12-21 14:09:50,122] multiqc                                            [DEBUG  ]  File ignored by longranger/invocation because it exceeded search pattern filesize limit: agogo.css
[2025-12-21 14:09:50,131] multiqc                                            [DEBUG  ]  File ignored by nanostat because it exceeded search pattern filesize limit: agogo.css
[2025-12-21 14:09:50,136] multiqc                                            [DEBUG  ]  File ignored by ccs/v4 because it exceeded search pattern filesize limit: basic.css
[2025-12-21 14:09:50,138] multiqc                                            [DEBUG  ]  File ignored by hicexplorer because it exceeded search pattern filesize limit: basic.css
[2025-12-21 14:09:50,138] multiqc                                            [DEBUG  ]  File ignored by lima/summary because it exceeded search pattern filesize limit: basic.css
[2025-12-21 14:09:50,140] multiqc                                            [DEBUG  ]  File ignored by longranger/invocation because it exceeded search pattern filesize limit: basic.css
[2025-12-21 14:09:50,150] multiqc                                            [DEBUG  ]  File ignored by nanostat because it exceeded search pattern filesize limit: basic.css
[2025-12-21 14:09:50,295] multiqc                                            [DEBUG  ]  File ignored by ccs/v4 because it exceeded search pattern filesize limit: doctools.js
[2025-12-21 14:09:50,296] multiqc                                            [DEBUG  ]  File ignored by hicexplorer because it exceeded search pattern filesize limit: doctools.js
[2025-12-21 14:09:50,296] multiqc                                            [DEBUG  ]  File ignored by lima/summary because it exceeded search pattern filesize limit: doctools.js
[2025-12-21 14:09:50,298] multiqc                                            [DEBUG  ]  File ignored by longranger/invocation because it exceeded search pattern filesize limit: doctools.js
[2025-12-21 14:09:50,304] multiqc                                            [DEBUG  ]  File ignored by nanostat because it exceeded search pattern filesize limit: doctools.js
[2025-12-21 14:09:50,403] multiqc                                            [DEBUG  ]  File ignored by ccs/v4 because it exceeded search pattern filesize limit: jquery.js
[2025-12-21 14:09:50,405] multiqc                                            [DEBUG  ]  File ignored by hicexplorer because it exceeded search pattern filesize limit: jquery.js
[2025-12-21 14:09:50,405] multiqc                                            [DEBUG  ]  File ignored by lima/summary because it exceeded search pattern filesize limit: jquery.js
[2025-12-21 14:09:50,408] multiqc                                            [DEBUG  ]  File ignored by longranger/invocation because it exceeded search pattern filesize limit: jquery.js
[2025-12-21 14:09:50,417] multiqc                                            [DEBUG  ]  File ignored by nanostat because it exceeded search pattern filesize limit: jquery.js
[2025-12-21 14:09:50,521] multiqc                                            [DEBUG  ]  File ignored by ccs/v4 because it exceeded search pattern filesize limit: pygments.css
[2025-12-21 14:09:50,523] multiqc                                            [DEBUG  ]  File ignored by lima/summary because it exceeded search pattern filesize limit: pygments.css
[2025-12-21 14:09:50,525] multiqc                                            [DEBUG  ]  File ignored by longranger/invocation because it exceeded search pattern filesize limit: pygments.css
[2025-12-21 14:09:50,695] multiqc                                            [DEBUG  ]  File ignored by ccs/v4 because it exceeded search pattern filesize limit: searchtools.js
[2025-12-21 14:09:50,696] multiqc                                            [DEBUG  ]  File ignored by hicexplorer because it exceeded search pattern filesize limit: searchtools.js
[2025-12-21 14:09:50,696] multiqc                                            [DEBUG  ]  File ignored by lima/summary because it exceeded search pattern filesize limit: searchtools.js
[2025-12-21 14:09:50,699] multiqc                                            [DEBUG  ]  File ignored by longranger/invocation because it exceeded search pattern filesize limit: searchtools.js
[2025-12-21 14:09:50,708] multiqc                                            [DEBUG  ]  File ignored by nanostat because it exceeded search pattern filesize limit: searchtools.js
[2025-12-21 14:09:50,713] multiqc                                            [DEBUG  ]  File ignored by ccs/v4 because it exceeded search pattern filesize limit: underscore.js
[2025-12-21 14:09:50,714] multiqc                                            [DEBUG  ]  File ignored by hicexplorer because it exceeded search pattern filesize limit: underscore.js
[2025-12-21 14:09:50,714] multiqc                                            [DEBUG  ]  File ignored by lima/summary because it exceeded search pattern filesize limit: underscore.js
[2025-12-21 14:09:50,716] multiqc                                            [DEBUG  ]  File ignored by longranger/invocation because it exceeded search pattern filesize limit: underscore.js
[2025-12-21 14:09:50,720] multiqc                                            [DEBUG  ]  File ignored by nanostat because it exceeded search pattern filesize limit: underscore.js
[2025-12-21 14:09:50,728] multiqc                                            [DEBUG  ]  File ignored by ccs/v4 because it exceeded search pattern filesize limit: websupport.js
[2025-12-21 14:09:50,730] multiqc                                            [DEBUG  ]  File ignored by hicexplorer because it exceeded search pattern filesize limit: websupport.js
[2025-12-21 14:09:50,730] multiqc                                            [DEBUG  ]  File ignored by lima/summary because it exceeded search pattern filesize limit: websupport.js
[2025-12-21 14:09:50,732] multiqc                                            [DEBUG  ]  File ignored by longranger/invocation because it exceeded search pattern filesize limit: websupport.js
[2025-12-21 14:09:50,745] multiqc                                            [DEBUG  ]  File ignored by nanostat because it exceeded search pattern filesize limit: websupport.js
[2025-12-21 14:09:50,751] multiqc                                            [DEBUG  ]  File ignored by ccs/v4 because it exceeded search pattern filesize limit: coverage_profile_along_genes_(low).txt
[2025-12-21 14:09:50,753] multiqc                                            [DEBUG  ]  File ignored by lima/summary because it exceeded search pattern filesize limit: coverage_profile_along_genes_(low).txt
[2025-12-21 14:09:50,755] multiqc                                            [DEBUG  ]  File ignored by longranger/invocation because it exceeded search pattern filesize limit: coverage_profile_along_genes_(low).txt
[2025-12-21 14:09:50,762] multiqc                                            [DEBUG  ]  File ignored by ccs/v4 because it exceeded search pattern filesize limit: coverage_profile_along_genes_(high).txt
[2025-12-21 14:09:50,764] multiqc                                            [DEBUG  ]  File ignored by lima/summary because it exceeded search pattern filesize limit: coverage_profile_along_genes_(high).txt
[2025-12-21 14:09:50,766] multiqc                                            [DEBUG  ]  File ignored by longranger/invocation because it exceeded search pattern filesize limit: coverage_profile_along_genes_(high).txt
[2025-12-21 14:09:50,775] multiqc                                            [DEBUG  ]  File ignored by ccs/v4 because it exceeded search pattern filesize limit: qualimapReport.html
[2025-12-21 14:09:50,776] multiqc                                            [DEBUG  ]  File ignored by hicexplorer because it exceeded search pattern filesize limit: qualimapReport.html
[2025-12-21 14:09:50,776] multiqc                                            [DEBUG  ]  File ignored by lima/summary because it exceeded search pattern filesize limit: qualimapReport.html
[2025-12-21 14:09:50,778] multiqc                                            [DEBUG  ]  File ignored by longranger/invocation because it exceeded search pattern filesize limit: qualimapReport.html
[2025-12-21 14:09:50,785] multiqc                                            [DEBUG  ]  File ignored by nanostat because it exceeded search pattern filesize limit: qualimapReport.html
[2025-12-21 14:09:50,809] multiqc                                            [DEBUG  ]  File ignored by ccs/v4 because it exceeded search pattern filesize limit: agogo.css
[2025-12-21 14:09:50,811] multiqc                                            [DEBUG  ]  File ignored by hicexplorer because it exceeded search pattern filesize limit: agogo.css
[2025-12-21 14:09:50,811] multiqc                                            [DEBUG  ]  File ignored by lima/summary because it exceeded search pattern filesize limit: agogo.css
[2025-12-21 14:09:50,813] multiqc                                            [DEBUG  ]  File ignored by longranger/invocation because it exceeded search pattern filesize limit: agogo.css
[2025-12-21 14:09:50,820] multiqc                                            [DEBUG  ]  File ignored by nanostat because it exceeded search pattern filesize limit: agogo.css
[2025-12-21 14:09:50,853] multiqc                                            [DEBUG  ]  File ignored by ccs/v4 because it exceeded search pattern filesize limit: basic.css
[2025-12-21 14:09:50,854] multiqc                                            [DEBUG  ]  File ignored by hicexplorer because it exceeded search pattern filesize limit: basic.css
[2025-12-21 14:09:50,854] multiqc                                            [DEBUG  ]  File ignored by lima/summary because it exceeded search pattern filesize limit: basic.css
[2025-12-21 14:09:50,857] multiqc                                            [DEBUG  ]  File ignored by longranger/invocation because it exceeded search pattern filesize limit: basic.css
[2025-12-21 14:09:50,866] multiqc                                            [DEBUG  ]  File ignored by nanostat because it exceeded search pattern filesize limit: basic.css
[2025-12-21 14:09:50,890] multiqc                                            [DEBUG  ]  File ignored by ccs/v4 because it exceeded search pattern filesize limit: doctools.js
[2025-12-21 14:09:50,891] multiqc                                            [DEBUG  ]  File ignored by hicexplorer because it exceeded search pattern filesize limit: doctools.js
[2025-12-21 14:09:50,892] multiqc                                            [DEBUG  ]  File ignored by lima/summary because it exceeded search pattern filesize limit: doctools.js
[2025-12-21 14:09:50,894] multiqc                                            [DEBUG  ]  File ignored by longranger/invocation because it exceeded search pattern filesize limit: doctools.js
[2025-12-21 14:09:50,900] multiqc                                            [DEBUG  ]  File ignored by nanostat because it exceeded search pattern filesize limit: doctools.js
[2025-12-21 14:09:50,980] multiqc                                            [DEBUG  ]  File ignored by ccs/v4 because it exceeded search pattern filesize limit: jquery.js
[2025-12-21 14:09:50,981] multiqc                                            [DEBUG  ]  File ignored by hicexplorer because it exceeded search pattern filesize limit: jquery.js
[2025-12-21 14:09:50,982] multiqc                                            [DEBUG  ]  File ignored by lima/summary because it exceeded search pattern filesize limit: jquery.js
[2025-12-21 14:09:50,984] multiqc                                            [DEBUG  ]  File ignored by longranger/invocation because it exceeded search pattern filesize limit: jquery.js
[2025-12-21 14:09:50,993] multiqc                                            [DEBUG  ]  File ignored by nanostat because it exceeded search pattern filesize limit: jquery.js
[2025-12-21 14:09:51,000] multiqc                                            [DEBUG  ]  File ignored by ccs/v4 because it exceeded search pattern filesize limit: pygments.css
[2025-12-21 14:09:51,002] multiqc                                            [DEBUG  ]  File ignored by lima/summary because it exceeded search pattern filesize limit: pygments.css
[2025-12-21 14:09:51,004] multiqc                                            [DEBUG  ]  File ignored by longranger/invocation because it exceeded search pattern filesize limit: pygments.css
[2025-12-21 14:09:51,026] multiqc                                            [DEBUG  ]  File ignored by ccs/v4 because it exceeded search pattern filesize limit: searchtools.js
[2025-12-21 14:09:51,028] multiqc                                            [DEBUG  ]  File ignored by hicexplorer because it exceeded search pattern filesize limit: searchtools.js
[2025-12-21 14:09:51,028] multiqc                                            [DEBUG  ]  File ignored by lima/summary because it exceeded search pattern filesize limit: searchtools.js
[2025-12-21 14:09:51,030] multiqc                                            [DEBUG  ]  File ignored by longranger/invocation because it exceeded search pattern filesize limit: searchtools.js
[2025-12-21 14:09:51,040] multiqc                                            [DEBUG  ]  File ignored by nanostat because it exceeded search pattern filesize limit: searchtools.js
[2025-12-21 14:09:51,076] multiqc                                            [DEBUG  ]  File ignored by ccs/v4 because it exceeded search pattern filesize limit: underscore.js
[2025-12-21 14:09:51,077] multiqc                                            [DEBUG  ]  File ignored by hicexplorer because it exceeded search pattern filesize limit: underscore.js
[2025-12-21 14:09:51,077] multiqc                                            [DEBUG  ]  File ignored by lima/summary because it exceeded search pattern filesize limit: underscore.js
[2025-12-21 14:09:51,080] multiqc                                            [DEBUG  ]  File ignored by longranger/invocation because it exceeded search pattern filesize limit: underscore.js
[2025-12-21 14:09:51,084] multiqc                                            [DEBUG  ]  File ignored by nanostat because it exceeded search pattern filesize limit: underscore.js
[2025-12-21 14:09:51,092] multiqc                                            [DEBUG  ]  File ignored by ccs/v4 because it exceeded search pattern filesize limit: websupport.js
[2025-12-21 14:09:51,093] multiqc                                            [DEBUG  ]  File ignored by hicexplorer because it exceeded search pattern filesize limit: websupport.js
[2025-12-21 14:09:51,093] multiqc                                            [DEBUG  ]  File ignored by lima/summary because it exceeded search pattern filesize limit: websupport.js
[2025-12-21 14:09:51,095] multiqc                                            [DEBUG  ]  File ignored by longranger/invocation because it exceeded search pattern filesize limit: websupport.js
[2025-12-21 14:09:51,108] multiqc                                            [DEBUG  ]  File ignored by nanostat because it exceeded search pattern filesize limit: websupport.js
[2025-12-21 14:09:51,112] multiqc                                            [DEBUG  ]  File ignored by ccs/v4 because it exceeded search pattern filesize limit: coverage_profile_along_genes_(low).txt
[2025-12-21 14:09:51,114] multiqc                                            [DEBUG  ]  File ignored by lima/summary because it exceeded search pattern filesize limit: coverage_profile_along_genes_(low).txt
[2025-12-21 14:09:51,116] multiqc                                            [DEBUG  ]  File ignored by longranger/invocation because it exceeded search pattern filesize limit: coverage_profile_along_genes_(low).txt
[2025-12-21 14:09:51,124] multiqc                                            [DEBUG  ]  File ignored by ccs/v4 because it exceeded search pattern filesize limit: coverage_profile_along_genes_(high).txt
[2025-12-21 14:09:51,126] multiqc                                            [DEBUG  ]  File ignored by lima/summary because it exceeded search pattern filesize limit: coverage_profile_along_genes_(high).txt
[2025-12-21 14:09:51,128] multiqc                                            [DEBUG  ]  File ignored by longranger/invocation because it exceeded search pattern filesize limit: coverage_profile_along_genes_(high).txt
[2025-12-21 14:09:51,136] multiqc                                            [DEBUG  ]  File ignored by ccs/v4 because it exceeded search pattern filesize limit: qualimapReport.html
[2025-12-21 14:09:51,137] multiqc                                            [DEBUG  ]  File ignored by hicexplorer because it exceeded search pattern filesize limit: qualimapReport.html
[2025-12-21 14:09:51,138] multiqc                                            [DEBUG  ]  File ignored by lima/summary because it exceeded search pattern filesize limit: qualimapReport.html
[2025-12-21 14:09:51,140] multiqc                                            [DEBUG  ]  File ignored by longranger/invocation because it exceeded search pattern filesize limit: qualimapReport.html
[2025-12-21 14:09:51,146] multiqc                                            [DEBUG  ]  File ignored by nanostat because it exceeded search pattern filesize limit: qualimapReport.html
[2025-12-21 14:09:51,186] multiqc                                            [DEBUG  ]  File ignored by ccs/v4 because it exceeded search pattern filesize limit: agogo.css
[2025-12-21 14:09:51,187] multiqc                                            [DEBUG  ]  File ignored by hicexplorer because it exceeded search pattern filesize limit: agogo.css
[2025-12-21 14:09:51,187] multiqc                                            [DEBUG  ]  File ignored by lima/summary because it exceeded search pattern filesize limit: agogo.css
[2025-12-21 14:09:51,190] multiqc                                            [DEBUG  ]  File ignored by longranger/invocation because it exceeded search pattern filesize limit: agogo.css
[2025-12-21 14:09:51,198] multiqc                                            [DEBUG  ]  File ignored by nanostat because it exceeded search pattern filesize limit: agogo.css
[2025-12-21 14:09:51,241] multiqc                                            [DEBUG  ]  File ignored by ccs/v4 because it exceeded search pattern filesize limit: basic.css
[2025-12-21 14:09:51,242] multiqc                                            [DEBUG  ]  File ignored by hicexplorer because it exceeded search pattern filesize limit: basic.css
[2025-12-21 14:09:51,242] multiqc                                            [DEBUG  ]  File ignored by lima/summary because it exceeded search pattern filesize limit: basic.css
[2025-12-21 14:09:51,244] multiqc                                            [DEBUG  ]  File ignored by longranger/invocation because it exceeded search pattern filesize limit: basic.css
[2025-12-21 14:09:51,252] multiqc                                            [DEBUG  ]  File ignored by nanostat because it exceeded search pattern filesize limit: basic.css
[2025-12-21 14:09:51,287] multiqc                                            [DEBUG  ]  File ignored by ccs/v4 because it exceeded search pattern filesize limit: doctools.js
[2025-12-21 14:09:51,288] multiqc                                            [DEBUG  ]  File ignored by hicexplorer because it exceeded search pattern filesize limit: doctools.js
[2025-12-21 14:09:51,288] multiqc                                            [DEBUG  ]  File ignored by lima/summary because it exceeded search pattern filesize limit: doctools.js
[2025-12-21 14:09:51,291] multiqc                                            [DEBUG  ]  File ignored by longranger/invocation because it exceeded search pattern filesize limit: doctools.js
[2025-12-21 14:09:51,296] multiqc                                            [DEBUG  ]  File ignored by nanostat because it exceeded search pattern filesize limit: doctools.js
[2025-12-21 14:09:51,322] multiqc                                            [DEBUG  ]  File ignored by ccs/v4 because it exceeded search pattern filesize limit: jquery.js
[2025-12-21 14:09:51,324] multiqc                                            [DEBUG  ]  File ignored by hicexplorer because it exceeded search pattern filesize limit: jquery.js
[2025-12-21 14:09:51,324] multiqc                                            [DEBUG  ]  File ignored by lima/summary because it exceeded search pattern filesize limit: jquery.js
[2025-12-21 14:09:51,327] multiqc                                            [DEBUG  ]  File ignored by longranger/invocation because it exceeded search pattern filesize limit: jquery.js
[2025-12-21 14:09:51,336] multiqc                                            [DEBUG  ]  File ignored by nanostat because it exceeded search pattern filesize limit: jquery.js
[2025-12-21 14:09:51,361] multiqc                                            [DEBUG  ]  File ignored by ccs/v4 because it exceeded search pattern filesize limit: pygments.css
[2025-12-21 14:09:51,363] multiqc                                            [DEBUG  ]  File ignored by lima/summary because it exceeded search pattern filesize limit: pygments.css
[2025-12-21 14:09:51,365] multiqc                                            [DEBUG  ]  File ignored by longranger/invocation because it exceeded search pattern filesize limit: pygments.css
[2025-12-21 14:09:51,389] multiqc                                            [DEBUG  ]  File ignored by ccs/v4 because it exceeded search pattern filesize limit: searchtools.js
[2025-12-21 14:09:51,390] multiqc                                            [DEBUG  ]  File ignored by hicexplorer because it exceeded search pattern filesize limit: searchtools.js
[2025-12-21 14:09:51,391] multiqc                                            [DEBUG  ]  File ignored by lima/summary because it exceeded search pattern filesize limit: searchtools.js
[2025-12-21 14:09:51,393] multiqc                                            [DEBUG  ]  File ignored by longranger/invocation because it exceeded search pattern filesize limit: searchtools.js
[2025-12-21 14:09:51,403] multiqc                                            [DEBUG  ]  File ignored by nanostat because it exceeded search pattern filesize limit: searchtools.js
[2025-12-21 14:09:51,409] multiqc                                            [DEBUG  ]  File ignored by ccs/v4 because it exceeded search pattern filesize limit: underscore.js
[2025-12-21 14:09:51,410] multiqc                                            [DEBUG  ]  File ignored by hicexplorer because it exceeded search pattern filesize limit: underscore.js
[2025-12-21 14:09:51,410] multiqc                                            [DEBUG  ]  File ignored by lima/summary because it exceeded search pattern filesize limit: underscore.js
[2025-12-21 14:09:51,412] multiqc                                            [DEBUG  ]  File ignored by longranger/invocation because it exceeded search pattern filesize limit: underscore.js
[2025-12-21 14:09:51,416] multiqc                                            [DEBUG  ]  File ignored by nanostat because it exceeded search pattern filesize limit: underscore.js
[2025-12-21 14:09:51,424] multiqc                                            [DEBUG  ]  File ignored by ccs/v4 because it exceeded search pattern filesize limit: websupport.js
[2025-12-21 14:09:51,425] multiqc                                            [DEBUG  ]  File ignored by hicexplorer because it exceeded search pattern filesize limit: websupport.js
[2025-12-21 14:09:51,425] multiqc                                            [DEBUG  ]  File ignored by lima/summary because it exceeded search pattern filesize limit: websupport.js
[2025-12-21 14:09:51,428] multiqc                                            [DEBUG  ]  File ignored by longranger/invocation because it exceeded search pattern filesize limit: websupport.js
[2025-12-21 14:09:51,440] multiqc                                            [DEBUG  ]  File ignored by nanostat because it exceeded search pattern filesize limit: websupport.js
[2025-12-21 14:09:51,445] multiqc                                            [DEBUG  ]  File ignored by ccs/v4 because it exceeded search pattern filesize limit: coverage_profile_along_genes_(low).txt
[2025-12-21 14:09:51,446] multiqc                                            [DEBUG  ]  File ignored by lima/summary because it exceeded search pattern filesize limit: coverage_profile_along_genes_(low).txt
[2025-12-21 14:09:51,448] multiqc                                            [DEBUG  ]  File ignored by longranger/invocation because it exceeded search pattern filesize limit: coverage_profile_along_genes_(low).txt
[2025-12-21 14:09:51,456] multiqc                                            [DEBUG  ]  File ignored by ccs/v4 because it exceeded search pattern filesize limit: coverage_profile_along_genes_(high).txt
[2025-12-21 14:09:51,458] multiqc                                            [DEBUG  ]  File ignored by lima/summary because it exceeded search pattern filesize limit: coverage_profile_along_genes_(high).txt
[2025-12-21 14:09:51,462] multiqc                                            [DEBUG  ]  File ignored by longranger/invocation because it exceeded search pattern filesize limit: coverage_profile_along_genes_(high).txt
[2025-12-21 14:09:51,471] multiqc                                            [DEBUG  ]  File ignored by ccs/v4 because it exceeded search pattern filesize limit: qualimapReport.html
[2025-12-21 14:09:51,472] multiqc                                            [DEBUG  ]  File ignored by hicexplorer because it exceeded search pattern filesize limit: qualimapReport.html
[2025-12-21 14:09:51,472] multiqc                                            [DEBUG  ]  File ignored by lima/summary because it exceeded search pattern filesize limit: qualimapReport.html
[2025-12-21 14:09:51,474] multiqc                                            [DEBUG  ]  File ignored by longranger/invocation because it exceeded search pattern filesize limit: qualimapReport.html
[2025-12-21 14:09:51,481] multiqc                                            [DEBUG  ]  File ignored by nanostat because it exceeded search pattern filesize limit: qualimapReport.html
[2025-12-21 14:09:51,511] multiqc                                            [DEBUG  ]  File ignored by ccs/v4 because it exceeded search pattern filesize limit: agogo.css
[2025-12-21 14:09:51,512] multiqc                                            [DEBUG  ]  File ignored by hicexplorer because it exceeded search pattern filesize limit: agogo.css
[2025-12-21 14:09:51,512] multiqc                                            [DEBUG  ]  File ignored by lima/summary because it exceeded search pattern filesize limit: agogo.css
[2025-12-21 14:09:51,514] multiqc                                            [DEBUG  ]  File ignored by longranger/invocation because it exceeded search pattern filesize limit: agogo.css
[2025-12-21 14:09:51,521] multiqc                                            [DEBUG  ]  File ignored by nanostat because it exceeded search pattern filesize limit: agogo.css
[2025-12-21 14:09:51,536] multiqc                                            [DEBUG  ]  File ignored by ccs/v4 because it exceeded search pattern filesize limit: basic.css
[2025-12-21 14:09:51,537] multiqc                                            [DEBUG  ]  File ignored by hicexplorer because it exceeded search pattern filesize limit: basic.css
[2025-12-21 14:09:51,537] multiqc                                            [DEBUG  ]  File ignored by lima/summary because it exceeded search pattern filesize limit: basic.css
[2025-12-21 14:09:51,540] multiqc                                            [DEBUG  ]  File ignored by longranger/invocation because it exceeded search pattern filesize limit: basic.css
[2025-12-21 14:09:51,549] multiqc                                            [DEBUG  ]  File ignored by nanostat because it exceeded search pattern filesize limit: basic.css
[2025-12-21 14:09:51,559] multiqc                                            [DEBUG  ]  File ignored by ccs/v4 because it exceeded search pattern filesize limit: doctools.js
[2025-12-21 14:09:51,561] multiqc                                            [DEBUG  ]  File ignored by hicexplorer because it exceeded search pattern filesize limit: doctools.js
[2025-12-21 14:09:51,561] multiqc                                            [DEBUG  ]  File ignored by lima/summary because it exceeded search pattern filesize limit: doctools.js
[2025-12-21 14:09:51,564] multiqc                                            [DEBUG  ]  File ignored by longranger/invocation because it exceeded search pattern filesize limit: doctools.js
[2025-12-21 14:09:51,570] multiqc                                            [DEBUG  ]  File ignored by nanostat because it exceeded search pattern filesize limit: doctools.js
[2025-12-21 14:09:51,609] multiqc                                            [DEBUG  ]  File ignored by ccs/v4 because it exceeded search pattern filesize limit: jquery.js
[2025-12-21 14:09:51,611] multiqc                                            [DEBUG  ]  File ignored by hicexplorer because it exceeded search pattern filesize limit: jquery.js
[2025-12-21 14:09:51,611] multiqc                                            [DEBUG  ]  File ignored by lima/summary because it exceeded search pattern filesize limit: jquery.js
[2025-12-21 14:09:51,614] multiqc                                            [DEBUG  ]  File ignored by longranger/invocation because it exceeded search pattern filesize limit: jquery.js
[2025-12-21 14:09:51,623] multiqc                                            [DEBUG  ]  File ignored by nanostat because it exceeded search pattern filesize limit: jquery.js
[2025-12-21 14:09:51,719] multiqc                                            [DEBUG  ]  File ignored by ccs/v4 because it exceeded search pattern filesize limit: pygments.css
[2025-12-21 14:09:51,720] multiqc                                            [DEBUG  ]  File ignored by lima/summary because it exceeded search pattern filesize limit: pygments.css
[2025-12-21 14:09:51,722] multiqc                                            [DEBUG  ]  File ignored by longranger/invocation because it exceeded search pattern filesize limit: pygments.css
[2025-12-21 14:09:51,860] multiqc                                            [DEBUG  ]  File ignored by ccs/v4 because it exceeded search pattern filesize limit: searchtools.js
[2025-12-21 14:09:51,862] multiqc                                            [DEBUG  ]  File ignored by hicexplorer because it exceeded search pattern filesize limit: searchtools.js
[2025-12-21 14:09:51,862] multiqc                                            [DEBUG  ]  File ignored by lima/summary because it exceeded search pattern filesize limit: searchtools.js
[2025-12-21 14:09:51,864] multiqc                                            [DEBUG  ]  File ignored by longranger/invocation because it exceeded search pattern filesize limit: searchtools.js
[2025-12-21 14:09:51,876] multiqc                                            [DEBUG  ]  File ignored by nanostat because it exceeded search pattern filesize limit: searchtools.js
[2025-12-21 14:09:51,912] multiqc                                            [DEBUG  ]  File ignored by ccs/v4 because it exceeded search pattern filesize limit: underscore.js
[2025-12-21 14:09:51,913] multiqc                                            [DEBUG  ]  File ignored by hicexplorer because it exceeded search pattern filesize limit: underscore.js
[2025-12-21 14:09:51,913] multiqc                                            [DEBUG  ]  File ignored by lima/summary because it exceeded search pattern filesize limit: underscore.js
[2025-12-21 14:09:51,916] multiqc                                            [DEBUG  ]  File ignored by longranger/invocation because it exceeded search pattern filesize limit: underscore.js
[2025-12-21 14:09:51,921] multiqc                                            [DEBUG  ]  File ignored by nanostat because it exceeded search pattern filesize limit: underscore.js
[2025-12-21 14:09:51,970] multiqc                                            [DEBUG  ]  File ignored by ccs/v4 because it exceeded search pattern filesize limit: websupport.js
[2025-12-21 14:09:51,971] multiqc                                            [DEBUG  ]  File ignored by hicexplorer because it exceeded search pattern filesize limit: websupport.js
[2025-12-21 14:09:51,971] multiqc                                            [DEBUG  ]  File ignored by lima/summary because it exceeded search pattern filesize limit: websupport.js
[2025-12-21 14:09:51,974] multiqc                                            [DEBUG  ]  File ignored by longranger/invocation because it exceeded search pattern filesize limit: websupport.js
[2025-12-21 14:09:51,987] multiqc                                            [DEBUG  ]  File ignored by nanostat because it exceeded search pattern filesize limit: websupport.js
[2025-12-21 14:09:51,992] multiqc                                            [DEBUG  ]  File ignored by ccs/v4 because it exceeded search pattern filesize limit: coverage_profile_along_genes_(low).txt
[2025-12-21 14:09:51,993] multiqc                                            [DEBUG  ]  File ignored by lima/summary because it exceeded search pattern filesize limit: coverage_profile_along_genes_(low).txt
[2025-12-21 14:09:51,995] multiqc                                            [DEBUG  ]  File ignored by longranger/invocation because it exceeded search pattern filesize limit: coverage_profile_along_genes_(low).txt
[2025-12-21 14:09:52,004] multiqc                                            [DEBUG  ]  File ignored by ccs/v4 because it exceeded search pattern filesize limit: coverage_profile_along_genes_(high).txt
[2025-12-21 14:09:52,006] multiqc                                            [DEBUG  ]  File ignored by lima/summary because it exceeded search pattern filesize limit: coverage_profile_along_genes_(high).txt
[2025-12-21 14:09:52,008] multiqc                                            [DEBUG  ]  File ignored by longranger/invocation because it exceeded search pattern filesize limit: coverage_profile_along_genes_(high).txt
[2025-12-21 14:09:52,018] multiqc                                            [DEBUG  ]  File ignored by ccs/v4 because it exceeded search pattern filesize limit: qualimapReport.html
[2025-12-21 14:09:52,019] multiqc                                            [DEBUG  ]  File ignored by hicexplorer because it exceeded search pattern filesize limit: qualimapReport.html
[2025-12-21 14:09:52,019] multiqc                                            [DEBUG  ]  File ignored by lima/summary because it exceeded search pattern filesize limit: qualimapReport.html
[2025-12-21 14:09:52,022] multiqc                                            [DEBUG  ]  File ignored by longranger/invocation because it exceeded search pattern filesize limit: qualimapReport.html
[2025-12-21 14:09:52,029] multiqc                                            [DEBUG  ]  File ignored by nanostat because it exceeded search pattern filesize limit: qualimapReport.html
[2025-12-21 14:09:52,118] multiqc                                            [DEBUG  ]  File ignored by ccs/v4 because it exceeded search pattern filesize limit: agogo.css
[2025-12-21 14:09:52,120] multiqc                                            [DEBUG  ]  File ignored by hicexplorer because it exceeded search pattern filesize limit: agogo.css
[2025-12-21 14:09:52,120] multiqc                                            [DEBUG  ]  File ignored by lima/summary because it exceeded search pattern filesize limit: agogo.css
[2025-12-21 14:09:52,122] multiqc                                            [DEBUG  ]  File ignored by longranger/invocation because it exceeded search pattern filesize limit: agogo.css
[2025-12-21 14:09:52,131] multiqc                                            [DEBUG  ]  File ignored by nanostat because it exceeded search pattern filesize limit: agogo.css
[2025-12-21 14:09:52,251] multiqc                                            [DEBUG  ]  File ignored by ccs/v4 because it exceeded search pattern filesize limit: basic.css
[2025-12-21 14:09:52,253] multiqc                                            [DEBUG  ]  File ignored by hicexplorer because it exceeded search pattern filesize limit: basic.css
[2025-12-21 14:09:52,253] multiqc                                            [DEBUG  ]  File ignored by lima/summary because it exceeded search pattern filesize limit: basic.css
[2025-12-21 14:09:52,255] multiqc                                            [DEBUG  ]  File ignored by longranger/invocation because it exceeded search pattern filesize limit: basic.css
[2025-12-21 14:09:52,265] multiqc                                            [DEBUG  ]  File ignored by nanostat because it exceeded search pattern filesize limit: basic.css
[2025-12-21 14:09:52,361] multiqc                                            [DEBUG  ]  File ignored by ccs/v4 because it exceeded search pattern filesize limit: doctools.js
[2025-12-21 14:09:52,362] multiqc                                            [DEBUG  ]  File ignored by hicexplorer because it exceeded search pattern filesize limit: doctools.js
[2025-12-21 14:09:52,362] multiqc                                            [DEBUG  ]  File ignored by lima/summary because it exceeded search pattern filesize limit: doctools.js
[2025-12-21 14:09:52,365] multiqc                                            [DEBUG  ]  File ignored by longranger/invocation because it exceeded search pattern filesize limit: doctools.js
[2025-12-21 14:09:52,371] multiqc                                            [DEBUG  ]  File ignored by nanostat because it exceeded search pattern filesize limit: doctools.js
[2025-12-21 14:09:52,576] multiqc                                            [DEBUG  ]  File ignored by ccs/v4 because it exceeded search pattern filesize limit: jquery.js
[2025-12-21 14:09:52,577] multiqc                                            [DEBUG  ]  File ignored by hicexplorer because it exceeded search pattern filesize limit: jquery.js
[2025-12-21 14:09:52,578] multiqc                                            [DEBUG  ]  File ignored by lima/summary because it exceeded search pattern filesize limit: jquery.js
[2025-12-21 14:09:52,582] multiqc                                            [DEBUG  ]  File ignored by longranger/invocation because it exceeded search pattern filesize limit: jquery.js
[2025-12-21 14:09:52,591] multiqc                                            [DEBUG  ]  File ignored by nanostat because it exceeded search pattern filesize limit: jquery.js
[2025-12-21 14:09:52,683] multiqc                                            [DEBUG  ]  File ignored by ccs/v4 because it exceeded search pattern filesize limit: pygments.css
[2025-12-21 14:09:52,685] multiqc                                            [DEBUG  ]  File ignored by lima/summary because it exceeded search pattern filesize limit: pygments.css
[2025-12-21 14:09:52,687] multiqc                                            [DEBUG  ]  File ignored by longranger/invocation because it exceeded search pattern filesize limit: pygments.css
[2025-12-21 14:09:52,759] multiqc                                            [DEBUG  ]  File ignored by ccs/v4 because it exceeded search pattern filesize limit: searchtools.js
[2025-12-21 14:09:52,760] multiqc                                            [DEBUG  ]  File ignored by hicexplorer because it exceeded search pattern filesize limit: searchtools.js
[2025-12-21 14:09:52,760] multiqc                                            [DEBUG  ]  File ignored by lima/summary because it exceeded search pattern filesize limit: searchtools.js
[2025-12-21 14:09:52,763] multiqc                                            [DEBUG  ]  File ignored by longranger/invocation because it exceeded search pattern filesize limit: searchtools.js
[2025-12-21 14:09:52,772] multiqc                                            [DEBUG  ]  File ignored by nanostat because it exceeded search pattern filesize limit: searchtools.js
[2025-12-21 14:09:52,778] multiqc                                            [DEBUG  ]  File ignored by ccs/v4 because it exceeded search pattern filesize limit: underscore.js
[2025-12-21 14:09:52,779] multiqc                                            [DEBUG  ]  File ignored by hicexplorer because it exceeded search pattern filesize limit: underscore.js
[2025-12-21 14:09:52,779] multiqc                                            [DEBUG  ]  File ignored by lima/summary because it exceeded search pattern filesize limit: underscore.js
[2025-12-21 14:09:52,783] multiqc                                            [DEBUG  ]  File ignored by longranger/invocation because it exceeded search pattern filesize limit: underscore.js
[2025-12-21 14:09:52,787] multiqc                                            [DEBUG  ]  File ignored by nanostat because it exceeded search pattern filesize limit: underscore.js
[2025-12-21 14:09:52,846] multiqc                                            [DEBUG  ]  File ignored by ccs/v4 because it exceeded search pattern filesize limit: websupport.js
[2025-12-21 14:09:52,847] multiqc                                            [DEBUG  ]  File ignored by hicexplorer because it exceeded search pattern filesize limit: websupport.js
[2025-12-21 14:09:52,847] multiqc                                            [DEBUG  ]  File ignored by lima/summary because it exceeded search pattern filesize limit: websupport.js
[2025-12-21 14:09:52,849] multiqc                                            [DEBUG  ]  File ignored by longranger/invocation because it exceeded search pattern filesize limit: websupport.js
[2025-12-21 14:09:52,862] multiqc                                            [DEBUG  ]  File ignored by nanostat because it exceeded search pattern filesize limit: websupport.js
[2025-12-21 14:09:52,867] multiqc                                            [DEBUG  ]  File ignored by ccs/v4 because it exceeded search pattern filesize limit: coverage_profile_along_genes_(low).txt
[2025-12-21 14:09:52,868] multiqc                                            [DEBUG  ]  File ignored by lima/summary because it exceeded search pattern filesize limit: coverage_profile_along_genes_(low).txt
[2025-12-21 14:09:52,870] multiqc                                            [DEBUG  ]  File ignored by longranger/invocation because it exceeded search pattern filesize limit: coverage_profile_along_genes_(low).txt
[2025-12-21 14:09:52,878] multiqc                                            [DEBUG  ]  File ignored by ccs/v4 because it exceeded search pattern filesize limit: coverage_profile_along_genes_(high).txt
[2025-12-21 14:09:52,879] multiqc                                            [DEBUG  ]  File ignored by lima/summary because it exceeded search pattern filesize limit: coverage_profile_along_genes_(high).txt
[2025-12-21 14:09:52,882] multiqc                                            [DEBUG  ]  File ignored by longranger/invocation because it exceeded search pattern filesize limit: coverage_profile_along_genes_(high).txt
[2025-12-21 14:09:52,892] multiqc                                            [DEBUG  ]  File ignored by ccs/v4 because it exceeded search pattern filesize limit: qualimapReport.html
[2025-12-21 14:09:52,893] multiqc                                            [DEBUG  ]  File ignored by hicexplorer because it exceeded search pattern filesize limit: qualimapReport.html
[2025-12-21 14:09:52,893] multiqc                                            [DEBUG  ]  File ignored by lima/summary because it exceeded search pattern filesize limit: qualimapReport.html
[2025-12-21 14:09:52,896] multiqc                                            [DEBUG  ]  File ignored by longranger/invocation because it exceeded search pattern filesize limit: qualimapReport.html
[2025-12-21 14:09:52,903] multiqc                                            [DEBUG  ]  File ignored by nanostat because it exceeded search pattern filesize limit: qualimapReport.html
[2025-12-21 14:09:52,945] multiqc                                            [DEBUG  ]  File ignored by ccs/v4 because it exceeded search pattern filesize limit: agogo.css
[2025-12-21 14:09:52,946] multiqc                                            [DEBUG  ]  File ignored by hicexplorer because it exceeded search pattern filesize limit: agogo.css
[2025-12-21 14:09:52,946] multiqc                                            [DEBUG  ]  File ignored by lima/summary because it exceeded search pattern filesize limit: agogo.css
[2025-12-21 14:09:52,948] multiqc                                            [DEBUG  ]  File ignored by longranger/invocation because it exceeded search pattern filesize limit: agogo.css
[2025-12-21 14:09:52,955] multiqc                                            [DEBUG  ]  File ignored by nanostat because it exceeded search pattern filesize limit: agogo.css
[2025-12-21 14:09:52,982] multiqc                                            [DEBUG  ]  File ignored by ccs/v4 because it exceeded search pattern filesize limit: basic.css
[2025-12-21 14:09:52,983] multiqc                                            [DEBUG  ]  File ignored by hicexplorer because it exceeded search pattern filesize limit: basic.css
[2025-12-21 14:09:52,983] multiqc                                            [DEBUG  ]  File ignored by lima/summary because it exceeded search pattern filesize limit: basic.css
[2025-12-21 14:09:52,987] multiqc                                            [DEBUG  ]  File ignored by longranger/invocation because it exceeded search pattern filesize limit: basic.css
[2025-12-21 14:09:52,996] multiqc                                            [DEBUG  ]  File ignored by nanostat because it exceeded search pattern filesize limit: basic.css
[2025-12-21 14:09:53,033] multiqc                                            [DEBUG  ]  File ignored by ccs/v4 because it exceeded search pattern filesize limit: doctools.js
[2025-12-21 14:09:53,035] multiqc                                            [DEBUG  ]  File ignored by hicexplorer because it exceeded search pattern filesize limit: doctools.js
[2025-12-21 14:09:53,035] multiqc                                            [DEBUG  ]  File ignored by lima/summary because it exceeded search pattern filesize limit: doctools.js
[2025-12-21 14:09:53,037] multiqc                                            [DEBUG  ]  File ignored by longranger/invocation because it exceeded search pattern filesize limit: doctools.js
[2025-12-21 14:09:53,043] multiqc                                            [DEBUG  ]  File ignored by nanostat because it exceeded search pattern filesize limit: doctools.js
[2025-12-21 14:09:53,228] multiqc                                            [DEBUG  ]  File ignored by ccs/v4 because it exceeded search pattern filesize limit: jquery.js
[2025-12-21 14:09:53,230] multiqc                                            [DEBUG  ]  File ignored by hicexplorer because it exceeded search pattern filesize limit: jquery.js
[2025-12-21 14:09:53,230] multiqc                                            [DEBUG  ]  File ignored by lima/summary because it exceeded search pattern filesize limit: jquery.js
[2025-12-21 14:09:53,233] multiqc                                            [DEBUG  ]  File ignored by longranger/invocation because it exceeded search pattern filesize limit: jquery.js
[2025-12-21 14:09:53,242] multiqc                                            [DEBUG  ]  File ignored by nanostat because it exceeded search pattern filesize limit: jquery.js
[2025-12-21 14:09:53,257] multiqc                                            [DEBUG  ]  File ignored by ccs/v4 because it exceeded search pattern filesize limit: pygments.css
[2025-12-21 14:09:53,258] multiqc                                            [DEBUG  ]  File ignored by lima/summary because it exceeded search pattern filesize limit: pygments.css
[2025-12-21 14:09:53,260] multiqc                                            [DEBUG  ]  File ignored by longranger/invocation because it exceeded search pattern filesize limit: pygments.css
[2025-12-21 14:09:53,305] multiqc                                            [DEBUG  ]  File ignored by ccs/v4 because it exceeded search pattern filesize limit: searchtools.js
[2025-12-21 14:09:53,306] multiqc                                            [DEBUG  ]  File ignored by hicexplorer because it exceeded search pattern filesize limit: searchtools.js
[2025-12-21 14:09:53,306] multiqc                                            [DEBUG  ]  File ignored by lima/summary because it exceeded search pattern filesize limit: searchtools.js
[2025-12-21 14:09:53,309] multiqc                                            [DEBUG  ]  File ignored by longranger/invocation because it exceeded search pattern filesize limit: searchtools.js
[2025-12-21 14:09:53,319] multiqc                                            [DEBUG  ]  File ignored by nanostat because it exceeded search pattern filesize limit: searchtools.js
[2025-12-21 14:09:53,328] multiqc                                            [DEBUG  ]  File ignored by ccs/v4 because it exceeded search pattern filesize limit: underscore.js
[2025-12-21 14:09:53,329] multiqc                                            [DEBUG  ]  File ignored by hicexplorer because it exceeded search pattern filesize limit: underscore.js
[2025-12-21 14:09:53,330] multiqc                                            [DEBUG  ]  File ignored by lima/summary because it exceeded search pattern filesize limit: underscore.js
[2025-12-21 14:09:53,332] multiqc                                            [DEBUG  ]  File ignored by longranger/invocation because it exceeded search pattern filesize limit: underscore.js
[2025-12-21 14:09:53,337] multiqc                                            [DEBUG  ]  File ignored by nanostat because it exceeded search pattern filesize limit: underscore.js
[2025-12-21 14:09:53,408] multiqc                                            [DEBUG  ]  File ignored by ccs/v4 because it exceeded search pattern filesize limit: websupport.js
[2025-12-21 14:09:53,410] multiqc                                            [DEBUG  ]  File ignored by hicexplorer because it exceeded search pattern filesize limit: websupport.js
[2025-12-21 14:09:53,410] multiqc                                            [DEBUG  ]  File ignored by lima/summary because it exceeded search pattern filesize limit: websupport.js
[2025-12-21 14:09:53,412] multiqc                                            [DEBUG  ]  File ignored by longranger/invocation because it exceeded search pattern filesize limit: websupport.js
[2025-12-21 14:09:53,426] multiqc                                            [DEBUG  ]  File ignored by nanostat because it exceeded search pattern filesize limit: websupport.js
[2025-12-21 14:09:53,430] multiqc                                            [DEBUG  ]  File ignored by ccs/v4 because it exceeded search pattern filesize limit: coverage_profile_along_genes_(low).txt
[2025-12-21 14:09:53,431] multiqc                                            [DEBUG  ]  File ignored by lima/summary because it exceeded search pattern filesize limit: coverage_profile_along_genes_(low).txt
[2025-12-21 14:09:53,434] multiqc                                            [DEBUG  ]  File ignored by longranger/invocation because it exceeded search pattern filesize limit: coverage_profile_along_genes_(low).txt
[2025-12-21 14:09:53,443] multiqc                                            [DEBUG  ]  File ignored by ccs/v4 because it exceeded search pattern filesize limit: coverage_profile_along_genes_(high).txt
[2025-12-21 14:09:53,444] multiqc                                            [DEBUG  ]  File ignored by lima/summary because it exceeded search pattern filesize limit: coverage_profile_along_genes_(high).txt
[2025-12-21 14:09:53,446] multiqc                                            [DEBUG  ]  File ignored by longranger/invocation because it exceeded search pattern filesize limit: coverage_profile_along_genes_(high).txt
[2025-12-21 14:09:53,454] multiqc                                            [DEBUG  ]  File ignored by ccs/v4 because it exceeded search pattern filesize limit: qualimapReport.html
[2025-12-21 14:09:53,456] multiqc                                            [DEBUG  ]  File ignored by hicexplorer because it exceeded search pattern filesize limit: qualimapReport.html
[2025-12-21 14:09:53,456] multiqc                                            [DEBUG  ]  File ignored by lima/summary because it exceeded search pattern filesize limit: qualimapReport.html
[2025-12-21 14:09:53,458] multiqc                                            [DEBUG  ]  File ignored by longranger/invocation because it exceeded search pattern filesize limit: qualimapReport.html
[2025-12-21 14:09:53,466] multiqc                                            [DEBUG  ]  File ignored by nanostat because it exceeded search pattern filesize limit: qualimapReport.html
[2025-12-21 14:09:53,530] multiqc                                            [DEBUG  ]  File ignored by ccs/v4 because it exceeded search pattern filesize limit: agogo.css
[2025-12-21 14:09:53,531] multiqc                                            [DEBUG  ]  File ignored by hicexplorer because it exceeded search pattern filesize limit: agogo.css
[2025-12-21 14:09:53,532] multiqc                                            [DEBUG  ]  File ignored by lima/summary because it exceeded search pattern filesize limit: agogo.css
[2025-12-21 14:09:53,534] multiqc                                            [DEBUG  ]  File ignored by longranger/invocation because it exceeded search pattern filesize limit: agogo.css
[2025-12-21 14:09:53,542] multiqc                                            [DEBUG  ]  File ignored by nanostat because it exceeded search pattern filesize limit: agogo.css
[2025-12-21 14:09:53,646] multiqc                                            [DEBUG  ]  File ignored by ccs/v4 because it exceeded search pattern filesize limit: basic.css
[2025-12-21 14:09:53,647] multiqc                                            [DEBUG  ]  File ignored by hicexplorer because it exceeded search pattern filesize limit: basic.css
[2025-12-21 14:09:53,647] multiqc                                            [DEBUG  ]  File ignored by lima/summary because it exceeded search pattern filesize limit: basic.css
[2025-12-21 14:09:53,649] multiqc                                            [DEBUG  ]  File ignored by longranger/invocation because it exceeded search pattern filesize limit: basic.css
[2025-12-21 14:09:53,658] multiqc                                            [DEBUG  ]  File ignored by nanostat because it exceeded search pattern filesize limit: basic.css
[2025-12-21 14:09:53,669] multiqc                                            [DEBUG  ]  File ignored by ccs/v4 because it exceeded search pattern filesize limit: doctools.js
[2025-12-21 14:09:53,670] multiqc                                            [DEBUG  ]  File ignored by hicexplorer because it exceeded search pattern filesize limit: doctools.js
[2025-12-21 14:09:53,670] multiqc                                            [DEBUG  ]  File ignored by lima/summary because it exceeded search pattern filesize limit: doctools.js
[2025-12-21 14:09:53,672] multiqc                                            [DEBUG  ]  File ignored by longranger/invocation because it exceeded search pattern filesize limit: doctools.js
[2025-12-21 14:09:53,678] multiqc                                            [DEBUG  ]  File ignored by nanostat because it exceeded search pattern filesize limit: doctools.js
[2025-12-21 14:09:53,845] multiqc                                            [DEBUG  ]  File ignored by ccs/v4 because it exceeded search pattern filesize limit: jquery.js
[2025-12-21 14:09:53,846] multiqc                                            [DEBUG  ]  File ignored by hicexplorer because it exceeded search pattern filesize limit: jquery.js
[2025-12-21 14:09:53,847] multiqc                                            [DEBUG  ]  File ignored by lima/summary because it exceeded search pattern filesize limit: jquery.js
[2025-12-21 14:09:53,849] multiqc                                            [DEBUG  ]  File ignored by longranger/invocation because it exceeded search pattern filesize limit: jquery.js
[2025-12-21 14:09:53,858] multiqc                                            [DEBUG  ]  File ignored by nanostat because it exceeded search pattern filesize limit: jquery.js
[2025-12-21 14:09:53,886] multiqc                                            [DEBUG  ]  File ignored by ccs/v4 because it exceeded search pattern filesize limit: pygments.css
[2025-12-21 14:09:53,888] multiqc                                            [DEBUG  ]  File ignored by lima/summary because it exceeded search pattern filesize limit: pygments.css
[2025-12-21 14:09:53,891] multiqc                                            [DEBUG  ]  File ignored by longranger/invocation because it exceeded search pattern filesize limit: pygments.css
[2025-12-21 14:09:53,923] multiqc                                            [DEBUG  ]  File ignored by ccs/v4 because it exceeded search pattern filesize limit: searchtools.js
[2025-12-21 14:09:53,924] multiqc                                            [DEBUG  ]  File ignored by hicexplorer because it exceeded search pattern filesize limit: searchtools.js
[2025-12-21 14:09:53,924] multiqc                                            [DEBUG  ]  File ignored by lima/summary because it exceeded search pattern filesize limit: searchtools.js
[2025-12-21 14:09:53,926] multiqc                                            [DEBUG  ]  File ignored by longranger/invocation because it exceeded search pattern filesize limit: searchtools.js
[2025-12-21 14:09:53,935] multiqc                                            [DEBUG  ]  File ignored by nanostat because it exceeded search pattern filesize limit: searchtools.js
[2025-12-21 14:09:53,941] multiqc                                            [DEBUG  ]  File ignored by ccs/v4 because it exceeded search pattern filesize limit: underscore.js
[2025-12-21 14:09:53,943] multiqc                                            [DEBUG  ]  File ignored by hicexplorer because it exceeded search pattern filesize limit: underscore.js
[2025-12-21 14:09:53,943] multiqc                                            [DEBUG  ]  File ignored by lima/summary because it exceeded search pattern filesize limit: underscore.js
[2025-12-21 14:09:53,945] multiqc                                            [DEBUG  ]  File ignored by longranger/invocation because it exceeded search pattern filesize limit: underscore.js
[2025-12-21 14:09:53,949] multiqc                                            [DEBUG  ]  File ignored by nanostat because it exceeded search pattern filesize limit: underscore.js
[2025-12-21 14:09:53,956] multiqc                                            [DEBUG  ]  File ignored by ccs/v4 because it exceeded search pattern filesize limit: websupport.js
[2025-12-21 14:09:53,957] multiqc                                            [DEBUG  ]  File ignored by hicexplorer because it exceeded search pattern filesize limit: websupport.js
[2025-12-21 14:09:53,958] multiqc                                            [DEBUG  ]  File ignored by lima/summary because it exceeded search pattern filesize limit: websupport.js
[2025-12-21 14:09:53,960] multiqc                                            [DEBUG  ]  File ignored by longranger/invocation because it exceeded search pattern filesize limit: websupport.js
[2025-12-21 14:09:53,973] multiqc                                            [DEBUG  ]  File ignored by nanostat because it exceeded search pattern filesize limit: websupport.js
[2025-12-21 14:09:53,978] multiqc                                            [DEBUG  ]  File ignored by ccs/v4 because it exceeded search pattern filesize limit: coverage_profile_along_genes_(low).txt
[2025-12-21 14:09:53,980] multiqc                                            [DEBUG  ]  File ignored by lima/summary because it exceeded search pattern filesize limit: coverage_profile_along_genes_(low).txt
[2025-12-21 14:09:53,983] multiqc                                            [DEBUG  ]  File ignored by longranger/invocation because it exceeded search pattern filesize limit: coverage_profile_along_genes_(low).txt
[2025-12-21 14:09:53,991] multiqc                                            [DEBUG  ]  File ignored by ccs/v4 because it exceeded search pattern filesize limit: coverage_profile_along_genes_(high).txt
[2025-12-21 14:09:53,992] multiqc                                            [DEBUG  ]  File ignored by lima/summary because it exceeded search pattern filesize limit: coverage_profile_along_genes_(high).txt
[2025-12-21 14:09:53,995] multiqc                                            [DEBUG  ]  File ignored by longranger/invocation because it exceeded search pattern filesize limit: coverage_profile_along_genes_(high).txt
[2025-12-21 14:09:54,004] multiqc                                            [DEBUG  ]  File ignored by ccs/v4 because it exceeded search pattern filesize limit: qualimapReport.html
[2025-12-21 14:09:54,006] multiqc                                            [DEBUG  ]  File ignored by hicexplorer because it exceeded search pattern filesize limit: qualimapReport.html
[2025-12-21 14:09:54,006] multiqc                                            [DEBUG  ]  File ignored by lima/summary because it exceeded search pattern filesize limit: qualimapReport.html
[2025-12-21 14:09:54,009] multiqc                                            [DEBUG  ]  File ignored by longranger/invocation because it exceeded search pattern filesize limit: qualimapReport.html
[2025-12-21 14:09:54,015] multiqc                                            [DEBUG  ]  File ignored by nanostat because it exceeded search pattern filesize limit: qualimapReport.html
[2025-12-21 14:09:54,075] multiqc                                            [DEBUG  ]  File ignored by ccs/v4 because it exceeded search pattern filesize limit: agogo.css
[2025-12-21 14:09:54,076] multiqc                                            [DEBUG  ]  File ignored by hicexplorer because it exceeded search pattern filesize limit: agogo.css
[2025-12-21 14:09:54,076] multiqc                                            [DEBUG  ]  File ignored by lima/summary because it exceeded search pattern filesize limit: agogo.css
[2025-12-21 14:09:54,079] multiqc                                            [DEBUG  ]  File ignored by longranger/invocation because it exceeded search pattern filesize limit: agogo.css
[2025-12-21 14:09:54,086] multiqc                                            [DEBUG  ]  File ignored by nanostat because it exceeded search pattern filesize limit: agogo.css
[2025-12-21 14:09:54,108] multiqc                                            [DEBUG  ]  File ignored by ccs/v4 because it exceeded search pattern filesize limit: basic.css
[2025-12-21 14:09:54,109] multiqc                                            [DEBUG  ]  File ignored by hicexplorer because it exceeded search pattern filesize limit: basic.css
[2025-12-21 14:09:54,109] multiqc                                            [DEBUG  ]  File ignored by lima/summary because it exceeded search pattern filesize limit: basic.css
[2025-12-21 14:09:54,112] multiqc                                            [DEBUG  ]  File ignored by longranger/invocation because it exceeded search pattern filesize limit: basic.css
[2025-12-21 14:09:54,121] multiqc                                            [DEBUG  ]  File ignored by nanostat because it exceeded search pattern filesize limit: basic.css
[2025-12-21 14:09:54,158] multiqc                                            [DEBUG  ]  File ignored by ccs/v4 because it exceeded search pattern filesize limit: doctools.js
[2025-12-21 14:09:54,159] multiqc                                            [DEBUG  ]  File ignored by hicexplorer because it exceeded search pattern filesize limit: doctools.js
[2025-12-21 14:09:54,159] multiqc                                            [DEBUG  ]  File ignored by lima/summary because it exceeded search pattern filesize limit: doctools.js
[2025-12-21 14:09:54,162] multiqc                                            [DEBUG  ]  File ignored by longranger/invocation because it exceeded search pattern filesize limit: doctools.js
[2025-12-21 14:09:54,168] multiqc                                            [DEBUG  ]  File ignored by nanostat because it exceeded search pattern filesize limit: doctools.js
[2025-12-21 14:09:54,193] multiqc                                            [DEBUG  ]  File ignored by ccs/v4 because it exceeded search pattern filesize limit: jquery.js
[2025-12-21 14:09:54,194] multiqc                                            [DEBUG  ]  File ignored by hicexplorer because it exceeded search pattern filesize limit: jquery.js
[2025-12-21 14:09:54,194] multiqc                                            [DEBUG  ]  File ignored by lima/summary because it exceeded search pattern filesize limit: jquery.js
[2025-12-21 14:09:54,197] multiqc                                            [DEBUG  ]  File ignored by longranger/invocation because it exceeded search pattern filesize limit: jquery.js
[2025-12-21 14:09:54,208] multiqc                                            [DEBUG  ]  File ignored by nanostat because it exceeded search pattern filesize limit: jquery.js
[2025-12-21 14:09:54,238] multiqc                                            [DEBUG  ]  File ignored by ccs/v4 because it exceeded search pattern filesize limit: pygments.css
[2025-12-21 14:09:54,240] multiqc                                            [DEBUG  ]  File ignored by lima/summary because it exceeded search pattern filesize limit: pygments.css
[2025-12-21 14:09:54,242] multiqc                                            [DEBUG  ]  File ignored by longranger/invocation because it exceeded search pattern filesize limit: pygments.css
[2025-12-21 14:09:54,342] multiqc                                            [DEBUG  ]  File ignored by ccs/v4 because it exceeded search pattern filesize limit: searchtools.js
[2025-12-21 14:09:54,343] multiqc                                            [DEBUG  ]  File ignored by hicexplorer because it exceeded search pattern filesize limit: searchtools.js
[2025-12-21 14:09:54,343] multiqc                                            [DEBUG  ]  File ignored by lima/summary because it exceeded search pattern filesize limit: searchtools.js
[2025-12-21 14:09:54,346] multiqc                                            [DEBUG  ]  File ignored by longranger/invocation because it exceeded search pattern filesize limit: searchtools.js
[2025-12-21 14:09:54,356] multiqc                                            [DEBUG  ]  File ignored by nanostat because it exceeded search pattern filesize limit: searchtools.js
[2025-12-21 14:09:54,361] multiqc                                            [DEBUG  ]  File ignored by ccs/v4 because it exceeded search pattern filesize limit: underscore.js
[2025-12-21 14:09:54,362] multiqc                                            [DEBUG  ]  File ignored by hicexplorer because it exceeded search pattern filesize limit: underscore.js
[2025-12-21 14:09:54,362] multiqc                                            [DEBUG  ]  File ignored by lima/summary because it exceeded search pattern filesize limit: underscore.js
[2025-12-21 14:09:54,365] multiqc                                            [DEBUG  ]  File ignored by longranger/invocation because it exceeded search pattern filesize limit: underscore.js
[2025-12-21 14:09:54,369] multiqc                                            [DEBUG  ]  File ignored by nanostat because it exceeded search pattern filesize limit: underscore.js
[2025-12-21 14:09:54,377] multiqc                                            [DEBUG  ]  File ignored by ccs/v4 because it exceeded search pattern filesize limit: websupport.js
[2025-12-21 14:09:54,378] multiqc                                            [DEBUG  ]  File ignored by hicexplorer because it exceeded search pattern filesize limit: websupport.js
[2025-12-21 14:09:54,378] multiqc                                            [DEBUG  ]  File ignored by lima/summary because it exceeded search pattern filesize limit: websupport.js
[2025-12-21 14:09:54,380] multiqc                                            [DEBUG  ]  File ignored by longranger/invocation because it exceeded search pattern filesize limit: websupport.js
[2025-12-21 14:09:54,394] multiqc                                            [DEBUG  ]  File ignored by nanostat because it exceeded search pattern filesize limit: websupport.js
[2025-12-21 14:09:54,399] multiqc                                            [DEBUG  ]  File ignored by ccs/v4 because it exceeded search pattern filesize limit: coverage_profile_along_genes_(low).txt
[2025-12-21 14:09:54,401] multiqc                                            [DEBUG  ]  File ignored by lima/summary because it exceeded search pattern filesize limit: coverage_profile_along_genes_(low).txt
[2025-12-21 14:09:54,404] multiqc                                            [DEBUG  ]  File ignored by longranger/invocation because it exceeded search pattern filesize limit: coverage_profile_along_genes_(low).txt
[2025-12-21 14:09:54,415] multiqc                                            [DEBUG  ]  File ignored by ccs/v4 because it exceeded search pattern filesize limit: coverage_profile_along_genes_(high).txt
[2025-12-21 14:09:54,416] multiqc                                            [DEBUG  ]  File ignored by lima/summary because it exceeded search pattern filesize limit: coverage_profile_along_genes_(high).txt
[2025-12-21 14:09:54,418] multiqc                                            [DEBUG  ]  File ignored by longranger/invocation because it exceeded search pattern filesize limit: coverage_profile_along_genes_(high).txt
[2025-12-21 14:09:54,428] multiqc                                            [DEBUG  ]  File ignored by ccs/v4 because it exceeded search pattern filesize limit: qualimapReport.html
[2025-12-21 14:09:54,429] multiqc                                            [DEBUG  ]  File ignored by hicexplorer because it exceeded search pattern filesize limit: qualimapReport.html
[2025-12-21 14:09:54,429] multiqc                                            [DEBUG  ]  File ignored by lima/summary because it exceeded search pattern filesize limit: qualimapReport.html
[2025-12-21 14:09:54,431] multiqc                                            [DEBUG  ]  File ignored by longranger/invocation because it exceeded search pattern filesize limit: qualimapReport.html
[2025-12-21 14:09:54,438] multiqc                                            [DEBUG  ]  File ignored by nanostat because it exceeded search pattern filesize limit: qualimapReport.html
[2025-12-21 14:09:54,486] multiqc                                            [DEBUG  ]  File ignored by ccs/v4 because it exceeded search pattern filesize limit: agogo.css
[2025-12-21 14:09:54,487] multiqc                                            [DEBUG  ]  File ignored by hicexplorer because it exceeded search pattern filesize limit: agogo.css
[2025-12-21 14:09:54,487] multiqc                                            [DEBUG  ]  File ignored by lima/summary because it exceeded search pattern filesize limit: agogo.css
[2025-12-21 14:09:54,490] multiqc                                            [DEBUG  ]  File ignored by longranger/invocation because it exceeded search pattern filesize limit: agogo.css
[2025-12-21 14:09:54,497] multiqc                                            [DEBUG  ]  File ignored by nanostat because it exceeded search pattern filesize limit: agogo.css
[2025-12-21 14:09:54,531] multiqc                                            [DEBUG  ]  File ignored by ccs/v4 because it exceeded search pattern filesize limit: basic.css
[2025-12-21 14:09:54,532] multiqc                                            [DEBUG  ]  File ignored by hicexplorer because it exceeded search pattern filesize limit: basic.css
[2025-12-21 14:09:54,532] multiqc                                            [DEBUG  ]  File ignored by lima/summary because it exceeded search pattern filesize limit: basic.css
[2025-12-21 14:09:54,534] multiqc                                            [DEBUG  ]  File ignored by longranger/invocation because it exceeded search pattern filesize limit: basic.css
[2025-12-21 14:09:54,543] multiqc                                            [DEBUG  ]  File ignored by nanostat because it exceeded search pattern filesize limit: basic.css
[2025-12-21 14:09:54,555] multiqc                                            [DEBUG  ]  File ignored by ccs/v4 because it exceeded search pattern filesize limit: doctools.js
[2025-12-21 14:09:54,557] multiqc                                            [DEBUG  ]  File ignored by hicexplorer because it exceeded search pattern filesize limit: doctools.js
[2025-12-21 14:09:54,557] multiqc                                            [DEBUG  ]  File ignored by lima/summary because it exceeded search pattern filesize limit: doctools.js
[2025-12-21 14:09:54,560] multiqc                                            [DEBUG  ]  File ignored by longranger/invocation because it exceeded search pattern filesize limit: doctools.js
[2025-12-21 14:09:54,566] multiqc                                            [DEBUG  ]  File ignored by nanostat because it exceeded search pattern filesize limit: doctools.js
[2025-12-21 14:09:54,577] multiqc                                            [DEBUG  ]  File ignored by ccs/v4 because it exceeded search pattern filesize limit: jquery.js
[2025-12-21 14:09:54,578] multiqc                                            [DEBUG  ]  File ignored by hicexplorer because it exceeded search pattern filesize limit: jquery.js
[2025-12-21 14:09:54,578] multiqc                                            [DEBUG  ]  File ignored by lima/summary because it exceeded search pattern filesize limit: jquery.js
[2025-12-21 14:09:54,581] multiqc                                            [DEBUG  ]  File ignored by longranger/invocation because it exceeded search pattern filesize limit: jquery.js
[2025-12-21 14:09:54,590] multiqc                                            [DEBUG  ]  File ignored by nanostat because it exceeded search pattern filesize limit: jquery.js
[2025-12-21 14:09:54,598] multiqc                                            [DEBUG  ]  File ignored by ccs/v4 because it exceeded search pattern filesize limit: pygments.css
[2025-12-21 14:09:54,599] multiqc                                            [DEBUG  ]  File ignored by lima/summary because it exceeded search pattern filesize limit: pygments.css
[2025-12-21 14:09:54,601] multiqc                                            [DEBUG  ]  File ignored by longranger/invocation because it exceeded search pattern filesize limit: pygments.css
[2025-12-21 14:09:54,626] multiqc                                            [DEBUG  ]  File ignored by ccs/v4 because it exceeded search pattern filesize limit: searchtools.js
[2025-12-21 14:09:54,627] multiqc                                            [DEBUG  ]  File ignored by hicexplorer because it exceeded search pattern filesize limit: searchtools.js
[2025-12-21 14:09:54,627] multiqc                                            [DEBUG  ]  File ignored by lima/summary because it exceeded search pattern filesize limit: searchtools.js
[2025-12-21 14:09:54,629] multiqc                                            [DEBUG  ]  File ignored by longranger/invocation because it exceeded search pattern filesize limit: searchtools.js
[2025-12-21 14:09:54,638] multiqc                                            [DEBUG  ]  File ignored by nanostat because it exceeded search pattern filesize limit: searchtools.js
[2025-12-21 14:09:54,643] multiqc                                            [DEBUG  ]  File ignored by ccs/v4 because it exceeded search pattern filesize limit: underscore.js
[2025-12-21 14:09:54,645] multiqc                                            [DEBUG  ]  File ignored by hicexplorer because it exceeded search pattern filesize limit: underscore.js
[2025-12-21 14:09:54,645] multiqc                                            [DEBUG  ]  File ignored by lima/summary because it exceeded search pattern filesize limit: underscore.js
[2025-12-21 14:09:54,647] multiqc                                            [DEBUG  ]  File ignored by longranger/invocation because it exceeded search pattern filesize limit: underscore.js
[2025-12-21 14:09:54,651] multiqc                                            [DEBUG  ]  File ignored by nanostat because it exceeded search pattern filesize limit: underscore.js
[2025-12-21 14:09:54,659] multiqc                                            [DEBUG  ]  File ignored by ccs/v4 because it exceeded search pattern filesize limit: websupport.js
[2025-12-21 14:09:54,660] multiqc                                            [DEBUG  ]  File ignored by hicexplorer because it exceeded search pattern filesize limit: websupport.js
[2025-12-21 14:09:54,660] multiqc                                            [DEBUG  ]  File ignored by lima/summary because it exceeded search pattern filesize limit: websupport.js
[2025-12-21 14:09:54,663] multiqc                                            [DEBUG  ]  File ignored by longranger/invocation because it exceeded search pattern filesize limit: websupport.js
[2025-12-21 14:09:54,675] multiqc                                            [DEBUG  ]  File ignored by nanostat because it exceeded search pattern filesize limit: websupport.js
[2025-12-21 14:09:54,680] multiqc                                            [DEBUG  ]  File ignored by ccs/v4 because it exceeded search pattern filesize limit: coverage_profile_along_genes_(low).txt
[2025-12-21 14:09:54,682] multiqc                                            [DEBUG  ]  File ignored by lima/summary because it exceeded search pattern filesize limit: coverage_profile_along_genes_(low).txt
[2025-12-21 14:09:54,684] multiqc                                            [DEBUG  ]  File ignored by longranger/invocation because it exceeded search pattern filesize limit: coverage_profile_along_genes_(low).txt
[2025-12-21 14:09:54,693] multiqc                                            [DEBUG  ]  File ignored by ccs/v4 because it exceeded search pattern filesize limit: coverage_profile_along_genes_(high).txt
[2025-12-21 14:09:54,694] multiqc                                            [DEBUG  ]  File ignored by lima/summary because it exceeded search pattern filesize limit: coverage_profile_along_genes_(high).txt
[2025-12-21 14:09:54,696] multiqc                                            [DEBUG  ]  File ignored by longranger/invocation because it exceeded search pattern filesize limit: coverage_profile_along_genes_(high).txt
[2025-12-21 14:09:54,706] multiqc                                            [DEBUG  ]  File ignored by ccs/v4 because it exceeded search pattern filesize limit: qualimapReport.html
[2025-12-21 14:09:54,707] multiqc                                            [DEBUG  ]  File ignored by hicexplorer because it exceeded search pattern filesize limit: qualimapReport.html
[2025-12-21 14:09:54,708] multiqc                                            [DEBUG  ]  File ignored by lima/summary because it exceeded search pattern filesize limit: qualimapReport.html
[2025-12-21 14:09:54,710] multiqc                                            [DEBUG  ]  File ignored by longranger/invocation because it exceeded search pattern filesize limit: qualimapReport.html
[2025-12-21 14:09:54,719] multiqc                                            [DEBUG  ]  File ignored by nanostat because it exceeded search pattern filesize limit: qualimapReport.html
[2025-12-21 14:09:54,786] multiqc                                            [DEBUG  ]  File ignored by ccs/v4 because it exceeded search pattern filesize limit: agogo.css
[2025-12-21 14:09:54,787] multiqc                                            [DEBUG  ]  File ignored by hicexplorer because it exceeded search pattern filesize limit: agogo.css
[2025-12-21 14:09:54,787] multiqc                                            [DEBUG  ]  File ignored by lima/summary because it exceeded search pattern filesize limit: agogo.css
[2025-12-21 14:09:54,790] multiqc                                            [DEBUG  ]  File ignored by longranger/invocation because it exceeded search pattern filesize limit: agogo.css
[2025-12-21 14:09:54,797] multiqc                                            [DEBUG  ]  File ignored by nanostat because it exceeded search pattern filesize limit: agogo.css
[2025-12-21 14:09:54,811] multiqc                                            [DEBUG  ]  File ignored by ccs/v4 because it exceeded search pattern filesize limit: basic.css
[2025-12-21 14:09:54,813] multiqc                                            [DEBUG  ]  File ignored by hicexplorer because it exceeded search pattern filesize limit: basic.css
[2025-12-21 14:09:54,813] multiqc                                            [DEBUG  ]  File ignored by lima/summary because it exceeded search pattern filesize limit: basic.css
[2025-12-21 14:09:54,817] multiqc                                            [DEBUG  ]  File ignored by longranger/invocation because it exceeded search pattern filesize limit: basic.css
[2025-12-21 14:09:54,825] multiqc                                            [DEBUG  ]  File ignored by nanostat because it exceeded search pattern filesize limit: basic.css
[2025-12-21 14:09:54,851] multiqc                                            [DEBUG  ]  File ignored by ccs/v4 because it exceeded search pattern filesize limit: doctools.js
[2025-12-21 14:09:54,852] multiqc                                            [DEBUG  ]  File ignored by hicexplorer because it exceeded search pattern filesize limit: doctools.js
[2025-12-21 14:09:54,852] multiqc                                            [DEBUG  ]  File ignored by lima/summary because it exceeded search pattern filesize limit: doctools.js
[2025-12-21 14:09:54,855] multiqc                                            [DEBUG  ]  File ignored by longranger/invocation because it exceeded search pattern filesize limit: doctools.js
[2025-12-21 14:09:54,860] multiqc                                            [DEBUG  ]  File ignored by nanostat because it exceeded search pattern filesize limit: doctools.js
[2025-12-21 14:09:54,890] multiqc                                            [DEBUG  ]  File ignored by ccs/v4 because it exceeded search pattern filesize limit: jquery.js
[2025-12-21 14:09:54,892] multiqc                                            [DEBUG  ]  File ignored by hicexplorer because it exceeded search pattern filesize limit: jquery.js
[2025-12-21 14:09:54,892] multiqc                                            [DEBUG  ]  File ignored by lima/summary because it exceeded search pattern filesize limit: jquery.js
[2025-12-21 14:09:54,894] multiqc                                            [DEBUG  ]  File ignored by longranger/invocation because it exceeded search pattern filesize limit: jquery.js
[2025-12-21 14:09:54,903] multiqc                                            [DEBUG  ]  File ignored by nanostat because it exceeded search pattern filesize limit: jquery.js
[2025-12-21 14:09:54,919] multiqc                                            [DEBUG  ]  File ignored by ccs/v4 because it exceeded search pattern filesize limit: pygments.css
[2025-12-21 14:09:54,920] multiqc                                            [DEBUG  ]  File ignored by lima/summary because it exceeded search pattern filesize limit: pygments.css
[2025-12-21 14:09:54,923] multiqc                                            [DEBUG  ]  File ignored by longranger/invocation because it exceeded search pattern filesize limit: pygments.css
[2025-12-21 14:09:54,947] multiqc                                            [DEBUG  ]  File ignored by ccs/v4 because it exceeded search pattern filesize limit: searchtools.js
[2025-12-21 14:09:54,949] multiqc                                            [DEBUG  ]  File ignored by hicexplorer because it exceeded search pattern filesize limit: searchtools.js
[2025-12-21 14:09:54,949] multiqc                                            [DEBUG  ]  File ignored by lima/summary because it exceeded search pattern filesize limit: searchtools.js
[2025-12-21 14:09:54,952] multiqc                                            [DEBUG  ]  File ignored by longranger/invocation because it exceeded search pattern filesize limit: searchtools.js
[2025-12-21 14:09:54,961] multiqc                                            [DEBUG  ]  File ignored by nanostat because it exceeded search pattern filesize limit: searchtools.js
[2025-12-21 14:09:54,967] multiqc                                            [DEBUG  ]  File ignored by ccs/v4 because it exceeded search pattern filesize limit: underscore.js
[2025-12-21 14:09:54,968] multiqc                                            [DEBUG  ]  File ignored by hicexplorer because it exceeded search pattern filesize limit: underscore.js
[2025-12-21 14:09:54,968] multiqc                                            [DEBUG  ]  File ignored by lima/summary because it exceeded search pattern filesize limit: underscore.js
[2025-12-21 14:09:54,970] multiqc                                            [DEBUG  ]  File ignored by longranger/invocation because it exceeded search pattern filesize limit: underscore.js
[2025-12-21 14:09:54,974] multiqc                                            [DEBUG  ]  File ignored by nanostat because it exceeded search pattern filesize limit: underscore.js
[2025-12-21 14:09:54,982] multiqc                                            [DEBUG  ]  File ignored by ccs/v4 because it exceeded search pattern filesize limit: websupport.js
[2025-12-21 14:09:54,983] multiqc                                            [DEBUG  ]  File ignored by hicexplorer because it exceeded search pattern filesize limit: websupport.js
[2025-12-21 14:09:54,984] multiqc                                            [DEBUG  ]  File ignored by lima/summary because it exceeded search pattern filesize limit: websupport.js
[2025-12-21 14:09:54,986] multiqc                                            [DEBUG  ]  File ignored by longranger/invocation because it exceeded search pattern filesize limit: websupport.js
[2025-12-21 14:09:54,998] multiqc                                            [DEBUG  ]  File ignored by nanostat because it exceeded search pattern filesize limit: websupport.js
[2025-12-21 14:09:55,003] multiqc                                            [DEBUG  ]  File ignored by ccs/v4 because it exceeded search pattern filesize limit: coverage_profile_along_genes_(low).txt
[2025-12-21 14:09:55,005] multiqc                                            [DEBUG  ]  File ignored by lima/summary because it exceeded search pattern filesize limit: coverage_profile_along_genes_(low).txt
[2025-12-21 14:09:55,007] multiqc                                            [DEBUG  ]  File ignored by longranger/invocation because it exceeded search pattern filesize limit: coverage_profile_along_genes_(low).txt
[2025-12-21 14:09:55,016] multiqc                                            [DEBUG  ]  File ignored by ccs/v4 because it exceeded search pattern filesize limit: coverage_profile_along_genes_(high).txt
[2025-12-21 14:09:55,019] multiqc                                            [DEBUG  ]  File ignored by lima/summary because it exceeded search pattern filesize limit: coverage_profile_along_genes_(high).txt
[2025-12-21 14:09:55,022] multiqc                                            [DEBUG  ]  File ignored by longranger/invocation because it exceeded search pattern filesize limit: coverage_profile_along_genes_(high).txt
[2025-12-21 14:09:55,030] multiqc                                            [DEBUG  ]  File ignored by ccs/v4 because it exceeded search pattern filesize limit: qualimapReport.html
[2025-12-21 14:09:55,032] multiqc                                            [DEBUG  ]  File ignored by hicexplorer because it exceeded search pattern filesize limit: qualimapReport.html
[2025-12-21 14:09:55,032] multiqc                                            [DEBUG  ]  File ignored by lima/summary because it exceeded search pattern filesize limit: qualimapReport.html
[2025-12-21 14:09:55,034] multiqc                                            [DEBUG  ]  File ignored by longranger/invocation because it exceeded search pattern filesize limit: qualimapReport.html
[2025-12-21 14:09:55,041] multiqc                                            [DEBUG  ]  File ignored by nanostat because it exceeded search pattern filesize limit: qualimapReport.html
[2025-12-21 14:09:55,095] multiqc                                            [DEBUG  ]  File ignored by ccs/v4 because it exceeded search pattern filesize limit: agogo.css
[2025-12-21 14:09:55,096] multiqc                                            [DEBUG  ]  File ignored by hicexplorer because it exceeded search pattern filesize limit: agogo.css
[2025-12-21 14:09:55,096] multiqc                                            [DEBUG  ]  File ignored by lima/summary because it exceeded search pattern filesize limit: agogo.css
[2025-12-21 14:09:55,099] multiqc                                            [DEBUG  ]  File ignored by longranger/invocation because it exceeded search pattern filesize limit: agogo.css
[2025-12-21 14:09:55,106] multiqc                                            [DEBUG  ]  File ignored by nanostat because it exceeded search pattern filesize limit: agogo.css
[2025-12-21 14:09:55,222] multiqc                                            [DEBUG  ]  File ignored by ccs/v4 because it exceeded search pattern filesize limit: basic.css
[2025-12-21 14:09:55,223] multiqc                                            [DEBUG  ]  File ignored by hicexplorer because it exceeded search pattern filesize limit: basic.css
[2025-12-21 14:09:55,223] multiqc                                            [DEBUG  ]  File ignored by lima/summary because it exceeded search pattern filesize limit: basic.css
[2025-12-21 14:09:55,226] multiqc                                            [DEBUG  ]  File ignored by longranger/invocation because it exceeded search pattern filesize limit: basic.css
[2025-12-21 14:09:55,235] multiqc                                            [DEBUG  ]  File ignored by nanostat because it exceeded search pattern filesize limit: basic.css
[2025-12-21 14:09:55,370] multiqc                                            [DEBUG  ]  File ignored by ccs/v4 because it exceeded search pattern filesize limit: doctools.js
[2025-12-21 14:09:55,371] multiqc                                            [DEBUG  ]  File ignored by hicexplorer because it exceeded search pattern filesize limit: doctools.js
[2025-12-21 14:09:55,372] multiqc                                            [DEBUG  ]  File ignored by lima/summary because it exceeded search pattern filesize limit: doctools.js
[2025-12-21 14:09:55,374] multiqc                                            [DEBUG  ]  File ignored by longranger/invocation because it exceeded search pattern filesize limit: doctools.js
[2025-12-21 14:09:55,380] multiqc                                            [DEBUG  ]  File ignored by nanostat because it exceeded search pattern filesize limit: doctools.js
[2025-12-21 14:09:55,468] multiqc                                            [DEBUG  ]  File ignored by ccs/v4 because it exceeded search pattern filesize limit: jquery.js
[2025-12-21 14:09:55,470] multiqc                                            [DEBUG  ]  File ignored by hicexplorer because it exceeded search pattern filesize limit: jquery.js
[2025-12-21 14:09:55,470] multiqc                                            [DEBUG  ]  File ignored by lima/summary because it exceeded search pattern filesize limit: jquery.js
[2025-12-21 14:09:55,473] multiqc                                            [DEBUG  ]  File ignored by longranger/invocation because it exceeded search pattern filesize limit: jquery.js
[2025-12-21 14:09:55,481] multiqc                                            [DEBUG  ]  File ignored by nanostat because it exceeded search pattern filesize limit: jquery.js
[2025-12-21 14:09:55,489] multiqc                                            [DEBUG  ]  File ignored by ccs/v4 because it exceeded search pattern filesize limit: pygments.css
[2025-12-21 14:09:55,490] multiqc                                            [DEBUG  ]  File ignored by lima/summary because it exceeded search pattern filesize limit: pygments.css
[2025-12-21 14:09:55,493] multiqc                                            [DEBUG  ]  File ignored by longranger/invocation because it exceeded search pattern filesize limit: pygments.css
[2025-12-21 14:09:55,628] multiqc                                            [DEBUG  ]  File ignored by ccs/v4 because it exceeded search pattern filesize limit: searchtools.js
[2025-12-21 14:09:55,629] multiqc                                            [DEBUG  ]  File ignored by hicexplorer because it exceeded search pattern filesize limit: searchtools.js
[2025-12-21 14:09:55,629] multiqc                                            [DEBUG  ]  File ignored by lima/summary because it exceeded search pattern filesize limit: searchtools.js
[2025-12-21 14:09:55,632] multiqc                                            [DEBUG  ]  File ignored by longranger/invocation because it exceeded search pattern filesize limit: searchtools.js
[2025-12-21 14:09:55,641] multiqc                                            [DEBUG  ]  File ignored by nanostat because it exceeded search pattern filesize limit: searchtools.js
[2025-12-21 14:09:55,810] multiqc                                            [DEBUG  ]  File ignored by ccs/v4 because it exceeded search pattern filesize limit: underscore.js
[2025-12-21 14:09:55,811] multiqc                                            [DEBUG  ]  File ignored by hicexplorer because it exceeded search pattern filesize limit: underscore.js
[2025-12-21 14:09:55,811] multiqc                                            [DEBUG  ]  File ignored by lima/summary because it exceeded search pattern filesize limit: underscore.js
[2025-12-21 14:09:55,814] multiqc                                            [DEBUG  ]  File ignored by longranger/invocation because it exceeded search pattern filesize limit: underscore.js
[2025-12-21 14:09:55,818] multiqc                                            [DEBUG  ]  File ignored by nanostat because it exceeded search pattern filesize limit: underscore.js
[2025-12-21 14:09:55,866] multiqc                                            [DEBUG  ]  File ignored by ccs/v4 because it exceeded search pattern filesize limit: websupport.js
[2025-12-21 14:09:55,868] multiqc                                            [DEBUG  ]  File ignored by hicexplorer because it exceeded search pattern filesize limit: websupport.js
[2025-12-21 14:09:55,868] multiqc                                            [DEBUG  ]  File ignored by lima/summary because it exceeded search pattern filesize limit: websupport.js
[2025-12-21 14:09:55,870] multiqc                                            [DEBUG  ]  File ignored by longranger/invocation because it exceeded search pattern filesize limit: websupport.js
[2025-12-21 14:09:55,882] multiqc                                            [DEBUG  ]  File ignored by nanostat because it exceeded search pattern filesize limit: websupport.js
[2025-12-21 14:09:55,887] multiqc                                            [DEBUG  ]  File ignored by ccs/v4 because it exceeded search pattern filesize limit: coverage_profile_along_genes_(low).txt
[2025-12-21 14:09:55,888] multiqc                                            [DEBUG  ]  File ignored by lima/summary because it exceeded search pattern filesize limit: coverage_profile_along_genes_(low).txt
[2025-12-21 14:09:55,891] multiqc                                            [DEBUG  ]  File ignored by longranger/invocation because it exceeded search pattern filesize limit: coverage_profile_along_genes_(low).txt
[2025-12-21 14:09:55,899] multiqc                                            [DEBUG  ]  File ignored by ccs/v4 because it exceeded search pattern filesize limit: coverage_profile_along_genes_(high).txt
[2025-12-21 14:09:55,900] multiqc                                            [DEBUG  ]  File ignored by lima/summary because it exceeded search pattern filesize limit: coverage_profile_along_genes_(high).txt
[2025-12-21 14:09:55,903] multiqc                                            [DEBUG  ]  File ignored by longranger/invocation because it exceeded search pattern filesize limit: coverage_profile_along_genes_(high).txt
[2025-12-21 14:09:55,914] multiqc                                            [DEBUG  ]  File ignored by ccs/v4 because it exceeded search pattern filesize limit: qualimapReport.html
[2025-12-21 14:09:55,915] multiqc                                            [DEBUG  ]  File ignored by hicexplorer because it exceeded search pattern filesize limit: qualimapReport.html
[2025-12-21 14:09:55,915] multiqc                                            [DEBUG  ]  File ignored by lima/summary because it exceeded search pattern filesize limit: qualimapReport.html
[2025-12-21 14:09:55,918] multiqc                                            [DEBUG  ]  File ignored by longranger/invocation because it exceeded search pattern filesize limit: qualimapReport.html
[2025-12-21 14:09:55,926] multiqc                                            [DEBUG  ]  File ignored by nanostat because it exceeded search pattern filesize limit: qualimapReport.html
[2025-12-21 14:09:55,962] multiqc                                            [DEBUG  ]  File ignored by ccs/v4 because it exceeded search pattern filesize limit: agogo.css
[2025-12-21 14:09:55,963] multiqc                                            [DEBUG  ]  File ignored by hicexplorer because it exceeded search pattern filesize limit: agogo.css
[2025-12-21 14:09:55,963] multiqc                                            [DEBUG  ]  File ignored by lima/summary because it exceeded search pattern filesize limit: agogo.css
[2025-12-21 14:09:55,965] multiqc                                            [DEBUG  ]  File ignored by longranger/invocation because it exceeded search pattern filesize limit: agogo.css
[2025-12-21 14:09:55,973] multiqc                                            [DEBUG  ]  File ignored by nanostat because it exceeded search pattern filesize limit: agogo.css
[2025-12-21 14:09:55,980] multiqc                                            [DEBUG  ]  File ignored by ccs/v4 because it exceeded search pattern filesize limit: basic.css
[2025-12-21 14:09:55,981] multiqc                                            [DEBUG  ]  File ignored by hicexplorer because it exceeded search pattern filesize limit: basic.css
[2025-12-21 14:09:55,981] multiqc                                            [DEBUG  ]  File ignored by lima/summary because it exceeded search pattern filesize limit: basic.css
[2025-12-21 14:09:55,983] multiqc                                            [DEBUG  ]  File ignored by longranger/invocation because it exceeded search pattern filesize limit: basic.css
[2025-12-21 14:09:55,992] multiqc                                            [DEBUG  ]  File ignored by nanostat because it exceeded search pattern filesize limit: basic.css
[2025-12-21 14:09:56,003] multiqc                                            [DEBUG  ]  File ignored by ccs/v4 because it exceeded search pattern filesize limit: doctools.js
[2025-12-21 14:09:56,004] multiqc                                            [DEBUG  ]  File ignored by hicexplorer because it exceeded search pattern filesize limit: doctools.js
[2025-12-21 14:09:56,005] multiqc                                            [DEBUG  ]  File ignored by lima/summary because it exceeded search pattern filesize limit: doctools.js
[2025-12-21 14:09:56,007] multiqc                                            [DEBUG  ]  File ignored by longranger/invocation because it exceeded search pattern filesize limit: doctools.js
[2025-12-21 14:09:56,013] multiqc                                            [DEBUG  ]  File ignored by nanostat because it exceeded search pattern filesize limit: doctools.js
[2025-12-21 14:09:56,075] multiqc                                            [DEBUG  ]  File ignored by ccs/v4 because it exceeded search pattern filesize limit: jquery.js
[2025-12-21 14:09:56,076] multiqc                                            [DEBUG  ]  File ignored by hicexplorer because it exceeded search pattern filesize limit: jquery.js
[2025-12-21 14:09:56,076] multiqc                                            [DEBUG  ]  File ignored by lima/summary because it exceeded search pattern filesize limit: jquery.js
[2025-12-21 14:09:56,079] multiqc                                            [DEBUG  ]  File ignored by longranger/invocation because it exceeded search pattern filesize limit: jquery.js
[2025-12-21 14:09:56,089] multiqc                                            [DEBUG  ]  File ignored by nanostat because it exceeded search pattern filesize limit: jquery.js
[2025-12-21 14:09:56,097] multiqc                                            [DEBUG  ]  File ignored by ccs/v4 because it exceeded search pattern filesize limit: pygments.css
[2025-12-21 14:09:56,098] multiqc                                            [DEBUG  ]  File ignored by lima/summary because it exceeded search pattern filesize limit: pygments.css
[2025-12-21 14:09:56,101] multiqc                                            [DEBUG  ]  File ignored by longranger/invocation because it exceeded search pattern filesize limit: pygments.css
[2025-12-21 14:09:56,144] multiqc                                            [DEBUG  ]  File ignored by ccs/v4 because it exceeded search pattern filesize limit: searchtools.js
[2025-12-21 14:09:56,145] multiqc                                            [DEBUG  ]  File ignored by hicexplorer because it exceeded search pattern filesize limit: searchtools.js
[2025-12-21 14:09:56,145] multiqc                                            [DEBUG  ]  File ignored by lima/summary because it exceeded search pattern filesize limit: searchtools.js
[2025-12-21 14:09:56,147] multiqc                                            [DEBUG  ]  File ignored by longranger/invocation because it exceeded search pattern filesize limit: searchtools.js
[2025-12-21 14:09:56,157] multiqc                                            [DEBUG  ]  File ignored by nanostat because it exceeded search pattern filesize limit: searchtools.js
[2025-12-21 14:09:56,187] multiqc                                            [DEBUG  ]  File ignored by ccs/v4 because it exceeded search pattern filesize limit: underscore.js
[2025-12-21 14:09:56,188] multiqc                                            [DEBUG  ]  File ignored by hicexplorer because it exceeded search pattern filesize limit: underscore.js
[2025-12-21 14:09:56,188] multiqc                                            [DEBUG  ]  File ignored by lima/summary because it exceeded search pattern filesize limit: underscore.js
[2025-12-21 14:09:56,191] multiqc                                            [DEBUG  ]  File ignored by longranger/invocation because it exceeded search pattern filesize limit: underscore.js
[2025-12-21 14:09:56,195] multiqc                                            [DEBUG  ]  File ignored by nanostat because it exceeded search pattern filesize limit: underscore.js
[2025-12-21 14:09:56,220] multiqc                                            [DEBUG  ]  File ignored by ccs/v4 because it exceeded search pattern filesize limit: websupport.js
[2025-12-21 14:09:56,221] multiqc                                            [DEBUG  ]  File ignored by hicexplorer because it exceeded search pattern filesize limit: websupport.js
[2025-12-21 14:09:56,221] multiqc                                            [DEBUG  ]  File ignored by lima/summary because it exceeded search pattern filesize limit: websupport.js
[2025-12-21 14:09:56,224] multiqc                                            [DEBUG  ]  File ignored by longranger/invocation because it exceeded search pattern filesize limit: websupport.js
[2025-12-21 14:09:56,237] multiqc                                            [DEBUG  ]  File ignored by nanostat because it exceeded search pattern filesize limit: websupport.js
[2025-12-21 14:09:56,244] multiqc                                            [DEBUG  ]  File ignored by ccs/v4 because it exceeded search pattern filesize limit: coverage_profile_along_genes_(low).txt
[2025-12-21 14:09:56,245] multiqc                                            [DEBUG  ]  File ignored by lima/summary because it exceeded search pattern filesize limit: coverage_profile_along_genes_(low).txt
[2025-12-21 14:09:56,248] multiqc                                            [DEBUG  ]  File ignored by longranger/invocation because it exceeded search pattern filesize limit: coverage_profile_along_genes_(low).txt
[2025-12-21 14:09:56,256] multiqc                                            [DEBUG  ]  File ignored by ccs/v4 because it exceeded search pattern filesize limit: coverage_profile_along_genes_(high).txt
[2025-12-21 14:09:56,257] multiqc                                            [DEBUG  ]  File ignored by lima/summary because it exceeded search pattern filesize limit: coverage_profile_along_genes_(high).txt
[2025-12-21 14:09:56,259] multiqc                                            [DEBUG  ]  File ignored by longranger/invocation because it exceeded search pattern filesize limit: coverage_profile_along_genes_(high).txt
[2025-12-21 14:09:56,268] multiqc                                            [DEBUG  ]  File ignored by ccs/v4 because it exceeded search pattern filesize limit: qualimapReport.html
[2025-12-21 14:09:56,270] multiqc                                            [DEBUG  ]  File ignored by hicexplorer because it exceeded search pattern filesize limit: qualimapReport.html
[2025-12-21 14:09:56,270] multiqc                                            [DEBUG  ]  File ignored by lima/summary because it exceeded search pattern filesize limit: qualimapReport.html
[2025-12-21 14:09:56,273] multiqc                                            [DEBUG  ]  File ignored by longranger/invocation because it exceeded search pattern filesize limit: qualimapReport.html
[2025-12-21 14:09:56,280] multiqc                                            [DEBUG  ]  File ignored by nanostat because it exceeded search pattern filesize limit: qualimapReport.html
[2025-12-21 14:09:56,339] multiqc                                            [DEBUG  ]  File ignored by ccs/v4 because it exceeded search pattern filesize limit: agogo.css
[2025-12-21 14:09:56,340] multiqc                                            [DEBUG  ]  File ignored by hicexplorer because it exceeded search pattern filesize limit: agogo.css
[2025-12-21 14:09:56,340] multiqc                                            [DEBUG  ]  File ignored by lima/summary because it exceeded search pattern filesize limit: agogo.css
[2025-12-21 14:09:56,344] multiqc                                            [DEBUG  ]  File ignored by longranger/invocation because it exceeded search pattern filesize limit: agogo.css
[2025-12-21 14:09:56,352] multiqc                                            [DEBUG  ]  File ignored by nanostat because it exceeded search pattern filesize limit: agogo.css
[2025-12-21 14:09:56,445] multiqc                                            [DEBUG  ]  File ignored by ccs/v4 because it exceeded search pattern filesize limit: basic.css
[2025-12-21 14:09:56,446] multiqc                                            [DEBUG  ]  File ignored by hicexplorer because it exceeded search pattern filesize limit: basic.css
[2025-12-21 14:09:56,446] multiqc                                            [DEBUG  ]  File ignored by lima/summary because it exceeded search pattern filesize limit: basic.css
[2025-12-21 14:09:56,448] multiqc                                            [DEBUG  ]  File ignored by longranger/invocation because it exceeded search pattern filesize limit: basic.css
[2025-12-21 14:09:56,458] multiqc                                            [DEBUG  ]  File ignored by nanostat because it exceeded search pattern filesize limit: basic.css
[2025-12-21 14:09:56,527] multiqc                                            [DEBUG  ]  File ignored by ccs/v4 because it exceeded search pattern filesize limit: doctools.js
[2025-12-21 14:09:56,528] multiqc                                            [DEBUG  ]  File ignored by hicexplorer because it exceeded search pattern filesize limit: doctools.js
[2025-12-21 14:09:56,529] multiqc                                            [DEBUG  ]  File ignored by lima/summary because it exceeded search pattern filesize limit: doctools.js
[2025-12-21 14:09:56,531] multiqc                                            [DEBUG  ]  File ignored by longranger/invocation because it exceeded search pattern filesize limit: doctools.js
[2025-12-21 14:09:56,537] multiqc                                            [DEBUG  ]  File ignored by nanostat because it exceeded search pattern filesize limit: doctools.js
[2025-12-21 14:09:56,586] multiqc                                            [DEBUG  ]  File ignored by ccs/v4 because it exceeded search pattern filesize limit: jquery.js
[2025-12-21 14:09:56,587] multiqc                                            [DEBUG  ]  File ignored by hicexplorer because it exceeded search pattern filesize limit: jquery.js
[2025-12-21 14:09:56,588] multiqc                                            [DEBUG  ]  File ignored by lima/summary because it exceeded search pattern filesize limit: jquery.js
[2025-12-21 14:09:56,590] multiqc                                            [DEBUG  ]  File ignored by longranger/invocation because it exceeded search pattern filesize limit: jquery.js
[2025-12-21 14:09:56,599] multiqc                                            [DEBUG  ]  File ignored by nanostat because it exceeded search pattern filesize limit: jquery.js
[2025-12-21 14:09:56,619] multiqc                                            [DEBUG  ]  File ignored by ccs/v4 because it exceeded search pattern filesize limit: pygments.css
[2025-12-21 14:09:56,620] multiqc                                            [DEBUG  ]  File ignored by lima/summary because it exceeded search pattern filesize limit: pygments.css
[2025-12-21 14:09:56,623] multiqc                                            [DEBUG  ]  File ignored by longranger/invocation because it exceeded search pattern filesize limit: pygments.css
[2025-12-21 14:09:56,660] multiqc                                            [DEBUG  ]  File ignored by ccs/v4 because it exceeded search pattern filesize limit: searchtools.js
[2025-12-21 14:09:56,661] multiqc                                            [DEBUG  ]  File ignored by hicexplorer because it exceeded search pattern filesize limit: searchtools.js
[2025-12-21 14:09:56,662] multiqc                                            [DEBUG  ]  File ignored by lima/summary because it exceeded search pattern filesize limit: searchtools.js
[2025-12-21 14:09:56,664] multiqc                                            [DEBUG  ]  File ignored by longranger/invocation because it exceeded search pattern filesize limit: searchtools.js
[2025-12-21 14:09:56,673] multiqc                                            [DEBUG  ]  File ignored by nanostat because it exceeded search pattern filesize limit: searchtools.js
[2025-12-21 14:09:56,710] multiqc                                            [DEBUG  ]  File ignored by ccs/v4 because it exceeded search pattern filesize limit: underscore.js
[2025-12-21 14:09:56,712] multiqc                                            [DEBUG  ]  File ignored by hicexplorer because it exceeded search pattern filesize limit: underscore.js
[2025-12-21 14:09:56,712] multiqc                                            [DEBUG  ]  File ignored by lima/summary because it exceeded search pattern filesize limit: underscore.js
[2025-12-21 14:09:56,714] multiqc                                            [DEBUG  ]  File ignored by longranger/invocation because it exceeded search pattern filesize limit: underscore.js
[2025-12-21 14:09:56,719] multiqc                                            [DEBUG  ]  File ignored by nanostat because it exceeded search pattern filesize limit: underscore.js
[2025-12-21 14:09:56,758] multiqc                                            [DEBUG  ]  File ignored by ccs/v4 because it exceeded search pattern filesize limit: websupport.js
[2025-12-21 14:09:56,759] multiqc                                            [DEBUG  ]  File ignored by hicexplorer because it exceeded search pattern filesize limit: websupport.js
[2025-12-21 14:09:56,760] multiqc                                            [DEBUG  ]  File ignored by lima/summary because it exceeded search pattern filesize limit: websupport.js
[2025-12-21 14:09:56,762] multiqc                                            [DEBUG  ]  File ignored by longranger/invocation because it exceeded search pattern filesize limit: websupport.js
[2025-12-21 14:09:56,774] multiqc                                            [DEBUG  ]  File ignored by nanostat because it exceeded search pattern filesize limit: websupport.js
[2025-12-21 14:09:56,779] multiqc                                            [DEBUG  ]  File ignored by ccs/v4 because it exceeded search pattern filesize limit: coverage_profile_along_genes_(low).txt
[2025-12-21 14:09:56,780] multiqc                                            [DEBUG  ]  File ignored by lima/summary because it exceeded search pattern filesize limit: coverage_profile_along_genes_(low).txt
[2025-12-21 14:09:56,783] multiqc                                            [DEBUG  ]  File ignored by longranger/invocation because it exceeded search pattern filesize limit: coverage_profile_along_genes_(low).txt
[2025-12-21 14:09:56,791] multiqc                                            [DEBUG  ]  File ignored by ccs/v4 because it exceeded search pattern filesize limit: coverage_profile_along_genes_(high).txt
[2025-12-21 14:09:56,793] multiqc                                            [DEBUG  ]  File ignored by lima/summary because it exceeded search pattern filesize limit: coverage_profile_along_genes_(high).txt
[2025-12-21 14:09:56,795] multiqc                                            [DEBUG  ]  File ignored by longranger/invocation because it exceeded search pattern filesize limit: coverage_profile_along_genes_(high).txt
[2025-12-21 14:09:56,804] multiqc                                            [DEBUG  ]  File ignored by ccs/v4 because it exceeded search pattern filesize limit: qualimapReport.html
[2025-12-21 14:09:56,805] multiqc                                            [DEBUG  ]  File ignored by hicexplorer because it exceeded search pattern filesize limit: qualimapReport.html
[2025-12-21 14:09:56,805] multiqc                                            [DEBUG  ]  File ignored by lima/summary because it exceeded search pattern filesize limit: qualimapReport.html
[2025-12-21 14:09:56,807] multiqc                                            [DEBUG  ]  File ignored by longranger/invocation because it exceeded search pattern filesize limit: qualimapReport.html
[2025-12-21 14:09:56,814] multiqc                                            [DEBUG  ]  File ignored by nanostat because it exceeded search pattern filesize limit: qualimapReport.html
[2025-12-21 14:09:56,838] multiqc                                            [DEBUG  ]  File ignored by ccs/v4 because it exceeded search pattern filesize limit: agogo.css
[2025-12-21 14:09:56,839] multiqc                                            [DEBUG  ]  File ignored by hicexplorer because it exceeded search pattern filesize limit: agogo.css
[2025-12-21 14:09:56,840] multiqc                                            [DEBUG  ]  File ignored by lima/summary because it exceeded search pattern filesize limit: agogo.css
[2025-12-21 14:09:56,842] multiqc                                            [DEBUG  ]  File ignored by longranger/invocation because it exceeded search pattern filesize limit: agogo.css
[2025-12-21 14:09:56,851] multiqc                                            [DEBUG  ]  File ignored by nanostat because it exceeded search pattern filesize limit: agogo.css
[2025-12-21 14:09:56,867] multiqc                                            [DEBUG  ]  File ignored by ccs/v4 because it exceeded search pattern filesize limit: basic.css
[2025-12-21 14:09:56,869] multiqc                                            [DEBUG  ]  File ignored by hicexplorer because it exceeded search pattern filesize limit: basic.css
[2025-12-21 14:09:56,869] multiqc                                            [DEBUG  ]  File ignored by lima/summary because it exceeded search pattern filesize limit: basic.css
[2025-12-21 14:09:56,871] multiqc                                            [DEBUG  ]  File ignored by longranger/invocation because it exceeded search pattern filesize limit: basic.css
[2025-12-21 14:09:56,880] multiqc                                            [DEBUG  ]  File ignored by nanostat because it exceeded search pattern filesize limit: basic.css
[2025-12-21 14:09:56,890] multiqc                                            [DEBUG  ]  File ignored by ccs/v4 because it exceeded search pattern filesize limit: doctools.js
[2025-12-21 14:09:56,892] multiqc                                            [DEBUG  ]  File ignored by hicexplorer because it exceeded search pattern filesize limit: doctools.js
[2025-12-21 14:09:56,892] multiqc                                            [DEBUG  ]  File ignored by lima/summary because it exceeded search pattern filesize limit: doctools.js
[2025-12-21 14:09:56,894] multiqc                                            [DEBUG  ]  File ignored by longranger/invocation because it exceeded search pattern filesize limit: doctools.js
[2025-12-21 14:09:56,900] multiqc                                            [DEBUG  ]  File ignored by nanostat because it exceeded search pattern filesize limit: doctools.js
[2025-12-21 14:09:56,922] multiqc                                            [DEBUG  ]  File ignored by ccs/v4 because it exceeded search pattern filesize limit: jquery.js
[2025-12-21 14:09:56,923] multiqc                                            [DEBUG  ]  File ignored by hicexplorer because it exceeded search pattern filesize limit: jquery.js
[2025-12-21 14:09:56,923] multiqc                                            [DEBUG  ]  File ignored by lima/summary because it exceeded search pattern filesize limit: jquery.js
[2025-12-21 14:09:56,926] multiqc                                            [DEBUG  ]  File ignored by longranger/invocation because it exceeded search pattern filesize limit: jquery.js
[2025-12-21 14:09:56,935] multiqc                                            [DEBUG  ]  File ignored by nanostat because it exceeded search pattern filesize limit: jquery.js
[2025-12-21 14:09:56,942] multiqc                                            [DEBUG  ]  File ignored by ccs/v4 because it exceeded search pattern filesize limit: pygments.css
[2025-12-21 14:09:56,943] multiqc                                            [DEBUG  ]  File ignored by lima/summary because it exceeded search pattern filesize limit: pygments.css
[2025-12-21 14:09:56,945] multiqc                                            [DEBUG  ]  File ignored by longranger/invocation because it exceeded search pattern filesize limit: pygments.css
[2025-12-21 14:09:56,970] multiqc                                            [DEBUG  ]  File ignored by ccs/v4 because it exceeded search pattern filesize limit: searchtools.js
[2025-12-21 14:09:56,971] multiqc                                            [DEBUG  ]  File ignored by hicexplorer because it exceeded search pattern filesize limit: searchtools.js
[2025-12-21 14:09:56,971] multiqc                                            [DEBUG  ]  File ignored by lima/summary because it exceeded search pattern filesize limit: searchtools.js
[2025-12-21 14:09:56,973] multiqc                                            [DEBUG  ]  File ignored by longranger/invocation because it exceeded search pattern filesize limit: searchtools.js
[2025-12-21 14:09:56,983] multiqc                                            [DEBUG  ]  File ignored by nanostat because it exceeded search pattern filesize limit: searchtools.js
[2025-12-21 14:09:56,988] multiqc                                            [DEBUG  ]  File ignored by ccs/v4 because it exceeded search pattern filesize limit: underscore.js
[2025-12-21 14:09:56,989] multiqc                                            [DEBUG  ]  File ignored by hicexplorer because it exceeded search pattern filesize limit: underscore.js
[2025-12-21 14:09:56,990] multiqc                                            [DEBUG  ]  File ignored by lima/summary because it exceeded search pattern filesize limit: underscore.js
[2025-12-21 14:09:56,992] multiqc                                            [DEBUG  ]  File ignored by longranger/invocation because it exceeded search pattern filesize limit: underscore.js
[2025-12-21 14:09:56,996] multiqc                                            [DEBUG  ]  File ignored by nanostat because it exceeded search pattern filesize limit: underscore.js
[2025-12-21 14:09:57,003] multiqc                                            [DEBUG  ]  File ignored by ccs/v4 because it exceeded search pattern filesize limit: websupport.js
[2025-12-21 14:09:57,005] multiqc                                            [DEBUG  ]  File ignored by hicexplorer because it exceeded search pattern filesize limit: websupport.js
[2025-12-21 14:09:57,005] multiqc                                            [DEBUG  ]  File ignored by lima/summary because it exceeded search pattern filesize limit: websupport.js
[2025-12-21 14:09:57,007] multiqc                                            [DEBUG  ]  File ignored by longranger/invocation because it exceeded search pattern filesize limit: websupport.js
[2025-12-21 14:09:57,020] multiqc                                            [DEBUG  ]  File ignored by nanostat because it exceeded search pattern filesize limit: websupport.js
[2025-12-21 14:09:57,025] multiqc                                            [DEBUG  ]  File ignored by ccs/v4 because it exceeded search pattern filesize limit: coverage_profile_along_genes_(low).txt
[2025-12-21 14:09:57,026] multiqc                                            [DEBUG  ]  File ignored by lima/summary because it exceeded search pattern filesize limit: coverage_profile_along_genes_(low).txt
[2025-12-21 14:09:57,029] multiqc                                            [DEBUG  ]  File ignored by longranger/invocation because it exceeded search pattern filesize limit: coverage_profile_along_genes_(low).txt
[2025-12-21 14:09:57,037] multiqc                                            [DEBUG  ]  File ignored by ccs/v4 because it exceeded search pattern filesize limit: coverage_profile_along_genes_(high).txt
[2025-12-21 14:09:57,039] multiqc                                            [DEBUG  ]  File ignored by lima/summary because it exceeded search pattern filesize limit: coverage_profile_along_genes_(high).txt
[2025-12-21 14:09:57,041] multiqc                                            [DEBUG  ]  File ignored by longranger/invocation because it exceeded search pattern filesize limit: coverage_profile_along_genes_(high).txt
[2025-12-21 14:09:57,050] multiqc                                            [DEBUG  ]  File ignored by ccs/v4 because it exceeded search pattern filesize limit: qualimapReport.html
[2025-12-21 14:09:57,052] multiqc                                            [DEBUG  ]  File ignored by hicexplorer because it exceeded search pattern filesize limit: qualimapReport.html
[2025-12-21 14:09:57,053] multiqc                                            [DEBUG  ]  File ignored by lima/summary because it exceeded search pattern filesize limit: qualimapReport.html
[2025-12-21 14:09:57,055] multiqc                                            [DEBUG  ]  File ignored by longranger/invocation because it exceeded search pattern filesize limit: qualimapReport.html
[2025-12-21 14:09:57,062] multiqc                                            [DEBUG  ]  File ignored by nanostat because it exceeded search pattern filesize limit: qualimapReport.html
[2025-12-21 14:09:57,093] multiqc                                            [DEBUG  ]  File ignored by ccs/v4 because it exceeded search pattern filesize limit: agogo.css
[2025-12-21 14:09:57,094] multiqc                                            [DEBUG  ]  File ignored by hicexplorer because it exceeded search pattern filesize limit: agogo.css
[2025-12-21 14:09:57,094] multiqc                                            [DEBUG  ]  File ignored by lima/summary because it exceeded search pattern filesize limit: agogo.css
[2025-12-21 14:09:57,097] multiqc                                            [DEBUG  ]  File ignored by longranger/invocation because it exceeded search pattern filesize limit: agogo.css
[2025-12-21 14:09:57,105] multiqc                                            [DEBUG  ]  File ignored by nanostat because it exceeded search pattern filesize limit: agogo.css
[2025-12-21 14:09:57,161] multiqc                                            [DEBUG  ]  File ignored by ccs/v4 because it exceeded search pattern filesize limit: basic.css
[2025-12-21 14:09:57,162] multiqc                                            [DEBUG  ]  File ignored by hicexplorer because it exceeded search pattern filesize limit: basic.css
[2025-12-21 14:09:57,163] multiqc                                            [DEBUG  ]  File ignored by lima/summary because it exceeded search pattern filesize limit: basic.css
[2025-12-21 14:09:57,165] multiqc                                            [DEBUG  ]  File ignored by longranger/invocation because it exceeded search pattern filesize limit: basic.css
[2025-12-21 14:09:57,175] multiqc                                            [DEBUG  ]  File ignored by nanostat because it exceeded search pattern filesize limit: basic.css
[2025-12-21 14:09:57,235] multiqc                                            [DEBUG  ]  File ignored by ccs/v4 because it exceeded search pattern filesize limit: doctools.js
[2025-12-21 14:09:57,236] multiqc                                            [DEBUG  ]  File ignored by hicexplorer because it exceeded search pattern filesize limit: doctools.js
[2025-12-21 14:09:57,236] multiqc                                            [DEBUG  ]  File ignored by lima/summary because it exceeded search pattern filesize limit: doctools.js
[2025-12-21 14:09:57,239] multiqc                                            [DEBUG  ]  File ignored by longranger/invocation because it exceeded search pattern filesize limit: doctools.js
[2025-12-21 14:09:57,245] multiqc                                            [DEBUG  ]  File ignored by nanostat because it exceeded search pattern filesize limit: doctools.js
[2025-12-21 14:09:57,336] multiqc                                            [DEBUG  ]  File ignored by ccs/v4 because it exceeded search pattern filesize limit: jquery.js
[2025-12-21 14:09:57,337] multiqc                                            [DEBUG  ]  File ignored by hicexplorer because it exceeded search pattern filesize limit: jquery.js
[2025-12-21 14:09:57,337] multiqc                                            [DEBUG  ]  File ignored by lima/summary because it exceeded search pattern filesize limit: jquery.js
[2025-12-21 14:09:57,340] multiqc                                            [DEBUG  ]  File ignored by longranger/invocation because it exceeded search pattern filesize limit: jquery.js
[2025-12-21 14:09:57,349] multiqc                                            [DEBUG  ]  File ignored by nanostat because it exceeded search pattern filesize limit: jquery.js
[2025-12-21 14:09:57,382] multiqc                                            [DEBUG  ]  File ignored by ccs/v4 because it exceeded search pattern filesize limit: pygments.css
[2025-12-21 14:09:57,383] multiqc                                            [DEBUG  ]  File ignored by lima/summary because it exceeded search pattern filesize limit: pygments.css
[2025-12-21 14:09:57,386] multiqc                                            [DEBUG  ]  File ignored by longranger/invocation because it exceeded search pattern filesize limit: pygments.css
[2025-12-21 14:09:57,422] multiqc                                            [DEBUG  ]  File ignored by ccs/v4 because it exceeded search pattern filesize limit: searchtools.js
[2025-12-21 14:09:57,423] multiqc                                            [DEBUG  ]  File ignored by hicexplorer because it exceeded search pattern filesize limit: searchtools.js
[2025-12-21 14:09:57,424] multiqc                                            [DEBUG  ]  File ignored by lima/summary because it exceeded search pattern filesize limit: searchtools.js
[2025-12-21 14:09:57,426] multiqc                                            [DEBUG  ]  File ignored by longranger/invocation because it exceeded search pattern filesize limit: searchtools.js
[2025-12-21 14:09:57,436] multiqc                                            [DEBUG  ]  File ignored by nanostat because it exceeded search pattern filesize limit: searchtools.js
[2025-12-21 14:09:57,445] multiqc                                            [DEBUG  ]  File ignored by ccs/v4 because it exceeded search pattern filesize limit: underscore.js
[2025-12-21 14:09:57,447] multiqc                                            [DEBUG  ]  File ignored by hicexplorer because it exceeded search pattern filesize limit: underscore.js
[2025-12-21 14:09:57,447] multiqc                                            [DEBUG  ]  File ignored by lima/summary because it exceeded search pattern filesize limit: underscore.js
[2025-12-21 14:09:57,449] multiqc                                            [DEBUG  ]  File ignored by longranger/invocation because it exceeded search pattern filesize limit: underscore.js
[2025-12-21 14:09:57,453] multiqc                                            [DEBUG  ]  File ignored by nanostat because it exceeded search pattern filesize limit: underscore.js
[2025-12-21 14:09:57,490] multiqc                                            [DEBUG  ]  File ignored by ccs/v4 because it exceeded search pattern filesize limit: websupport.js
[2025-12-21 14:09:57,491] multiqc                                            [DEBUG  ]  File ignored by hicexplorer because it exceeded search pattern filesize limit: websupport.js
[2025-12-21 14:09:57,491] multiqc                                            [DEBUG  ]  File ignored by lima/summary because it exceeded search pattern filesize limit: websupport.js
[2025-12-21 14:09:57,494] multiqc                                            [DEBUG  ]  File ignored by longranger/invocation because it exceeded search pattern filesize limit: websupport.js
[2025-12-21 14:09:57,508] multiqc                                            [DEBUG  ]  File ignored by nanostat because it exceeded search pattern filesize limit: websupport.js
[2025-12-21 14:09:57,513] multiqc                                            [DEBUG  ]  File ignored by ccs/v4 because it exceeded search pattern filesize limit: coverage_profile_along_genes_(low).txt
[2025-12-21 14:09:57,514] multiqc                                            [DEBUG  ]  File ignored by lima/summary because it exceeded search pattern filesize limit: coverage_profile_along_genes_(low).txt
[2025-12-21 14:09:57,516] multiqc                                            [DEBUG  ]  File ignored by longranger/invocation because it exceeded search pattern filesize limit: coverage_profile_along_genes_(low).txt
[2025-12-21 14:09:57,525] multiqc                                            [DEBUG  ]  File ignored by ccs/v4 because it exceeded search pattern filesize limit: coverage_profile_along_genes_(high).txt
[2025-12-21 14:09:57,526] multiqc                                            [DEBUG  ]  File ignored by lima/summary because it exceeded search pattern filesize limit: coverage_profile_along_genes_(high).txt
[2025-12-21 14:09:57,529] multiqc                                            [DEBUG  ]  File ignored by longranger/invocation because it exceeded search pattern filesize limit: coverage_profile_along_genes_(high).txt
[2025-12-21 14:09:57,539] multiqc                                            [DEBUG  ]  File ignored by ccs/v4 because it exceeded search pattern filesize limit: qualimapReport.html
[2025-12-21 14:09:57,540] multiqc                                            [DEBUG  ]  File ignored by hicexplorer because it exceeded search pattern filesize limit: qualimapReport.html
[2025-12-21 14:09:57,540] multiqc                                            [DEBUG  ]  File ignored by lima/summary because it exceeded search pattern filesize limit: qualimapReport.html
[2025-12-21 14:09:57,542] multiqc                                            [DEBUG  ]  File ignored by longranger/invocation because it exceeded search pattern filesize limit: qualimapReport.html
[2025-12-21 14:09:57,549] multiqc                                            [DEBUG  ]  File ignored by nanostat because it exceeded search pattern filesize limit: qualimapReport.html
[2025-12-21 14:09:57,579] multiqc                                            [DEBUG  ]  File ignored by ccs/v4 because it exceeded search pattern filesize limit: agogo.css
[2025-12-21 14:09:57,580] multiqc                                            [DEBUG  ]  File ignored by hicexplorer because it exceeded search pattern filesize limit: agogo.css
[2025-12-21 14:09:57,580] multiqc                                            [DEBUG  ]  File ignored by lima/summary because it exceeded search pattern filesize limit: agogo.css
[2025-12-21 14:09:57,583] multiqc                                            [DEBUG  ]  File ignored by longranger/invocation because it exceeded search pattern filesize limit: agogo.css
[2025-12-21 14:09:57,591] multiqc                                            [DEBUG  ]  File ignored by nanostat because it exceeded search pattern filesize limit: agogo.css
[2025-12-21 14:09:57,598] multiqc                                            [DEBUG  ]  File ignored by ccs/v4 because it exceeded search pattern filesize limit: basic.css
[2025-12-21 14:09:57,599] multiqc                                            [DEBUG  ]  File ignored by hicexplorer because it exceeded search pattern filesize limit: basic.css
[2025-12-21 14:09:57,599] multiqc                                            [DEBUG  ]  File ignored by lima/summary because it exceeded search pattern filesize limit: basic.css
[2025-12-21 14:09:57,601] multiqc                                            [DEBUG  ]  File ignored by longranger/invocation because it exceeded search pattern filesize limit: basic.css
[2025-12-21 14:09:57,611] multiqc                                            [DEBUG  ]  File ignored by nanostat because it exceeded search pattern filesize limit: basic.css
[2025-12-21 14:09:57,723] multiqc                                            [DEBUG  ]  File ignored by ccs/v4 because it exceeded search pattern filesize limit: doctools.js
[2025-12-21 14:09:57,724] multiqc                                            [DEBUG  ]  File ignored by hicexplorer because it exceeded search pattern filesize limit: doctools.js
[2025-12-21 14:09:57,724] multiqc                                            [DEBUG  ]  File ignored by lima/summary because it exceeded search pattern filesize limit: doctools.js
[2025-12-21 14:09:57,727] multiqc                                            [DEBUG  ]  File ignored by longranger/invocation because it exceeded search pattern filesize limit: doctools.js
[2025-12-21 14:09:57,733] multiqc                                            [DEBUG  ]  File ignored by nanostat because it exceeded search pattern filesize limit: doctools.js
[2025-12-21 14:09:57,769] multiqc                                            [DEBUG  ]  File ignored by ccs/v4 because it exceeded search pattern filesize limit: jquery.js
[2025-12-21 14:09:57,771] multiqc                                            [DEBUG  ]  File ignored by hicexplorer because it exceeded search pattern filesize limit: jquery.js
[2025-12-21 14:09:57,771] multiqc                                            [DEBUG  ]  File ignored by lima/summary because it exceeded search pattern filesize limit: jquery.js
[2025-12-21 14:09:57,773] multiqc                                            [DEBUG  ]  File ignored by longranger/invocation because it exceeded search pattern filesize limit: jquery.js
[2025-12-21 14:09:57,783] multiqc                                            [DEBUG  ]  File ignored by nanostat because it exceeded search pattern filesize limit: jquery.js
[2025-12-21 14:09:57,820] multiqc                                            [DEBUG  ]  File ignored by ccs/v4 because it exceeded search pattern filesize limit: pygments.css
[2025-12-21 14:09:57,821] multiqc                                            [DEBUG  ]  File ignored by lima/summary because it exceeded search pattern filesize limit: pygments.css
[2025-12-21 14:09:57,824] multiqc                                            [DEBUG  ]  File ignored by longranger/invocation because it exceeded search pattern filesize limit: pygments.css
[2025-12-21 14:09:57,892] multiqc                                            [DEBUG  ]  File ignored by ccs/v4 because it exceeded search pattern filesize limit: searchtools.js
[2025-12-21 14:09:57,893] multiqc                                            [DEBUG  ]  File ignored by hicexplorer because it exceeded search pattern filesize limit: searchtools.js
[2025-12-21 14:09:57,893] multiqc                                            [DEBUG  ]  File ignored by lima/summary because it exceeded search pattern filesize limit: searchtools.js
[2025-12-21 14:09:57,896] multiqc                                            [DEBUG  ]  File ignored by longranger/invocation because it exceeded search pattern filesize limit: searchtools.js
[2025-12-21 14:09:57,907] multiqc                                            [DEBUG  ]  File ignored by nanostat because it exceeded search pattern filesize limit: searchtools.js
[2025-12-21 14:09:57,912] multiqc                                            [DEBUG  ]  File ignored by ccs/v4 because it exceeded search pattern filesize limit: underscore.js
[2025-12-21 14:09:57,913] multiqc                                            [DEBUG  ]  File ignored by hicexplorer because it exceeded search pattern filesize limit: underscore.js
[2025-12-21 14:09:57,914] multiqc                                            [DEBUG  ]  File ignored by lima/summary because it exceeded search pattern filesize limit: underscore.js
[2025-12-21 14:09:57,916] multiqc                                            [DEBUG  ]  File ignored by longranger/invocation because it exceeded search pattern filesize limit: underscore.js
[2025-12-21 14:09:57,921] multiqc                                            [DEBUG  ]  File ignored by nanostat because it exceeded search pattern filesize limit: underscore.js
[2025-12-21 14:09:57,938] multiqc                                            [DEBUG  ]  File ignored by ccs/v4 because it exceeded search pattern filesize limit: websupport.js
[2025-12-21 14:09:57,939] multiqc                                            [DEBUG  ]  File ignored by hicexplorer because it exceeded search pattern filesize limit: websupport.js
[2025-12-21 14:09:57,940] multiqc                                            [DEBUG  ]  File ignored by lima/summary because it exceeded search pattern filesize limit: websupport.js
[2025-12-21 14:09:57,942] multiqc                                            [DEBUG  ]  File ignored by longranger/invocation because it exceeded search pattern filesize limit: websupport.js
[2025-12-21 14:09:57,956] multiqc                                            [DEBUG  ]  File ignored by nanostat because it exceeded search pattern filesize limit: websupport.js
[2025-12-21 14:09:57,960] multiqc                                            [DEBUG  ]  File ignored by ccs/v4 because it exceeded search pattern filesize limit: coverage_profile_along_genes_(low).txt
[2025-12-21 14:09:57,962] multiqc                                            [DEBUG  ]  File ignored by lima/summary because it exceeded search pattern filesize limit: coverage_profile_along_genes_(low).txt
[2025-12-21 14:09:57,964] multiqc                                            [DEBUG  ]  File ignored by longranger/invocation because it exceeded search pattern filesize limit: coverage_profile_along_genes_(low).txt
[2025-12-21 14:09:57,974] multiqc                                            [DEBUG  ]  File ignored by ccs/v4 because it exceeded search pattern filesize limit: coverage_profile_along_genes_(high).txt
[2025-12-21 14:09:57,976] multiqc                                            [DEBUG  ]  File ignored by lima/summary because it exceeded search pattern filesize limit: coverage_profile_along_genes_(high).txt
[2025-12-21 14:09:57,978] multiqc                                            [DEBUG  ]  File ignored by longranger/invocation because it exceeded search pattern filesize limit: coverage_profile_along_genes_(high).txt
[2025-12-21 14:09:57,988] multiqc                                            [DEBUG  ]  File ignored by ccs/v4 because it exceeded search pattern filesize limit: qualimapReport.html
[2025-12-21 14:09:57,989] multiqc                                            [DEBUG  ]  File ignored by hicexplorer because it exceeded search pattern filesize limit: qualimapReport.html
[2025-12-21 14:09:57,989] multiqc                                            [DEBUG  ]  File ignored by lima/summary because it exceeded search pattern filesize limit: qualimapReport.html
[2025-12-21 14:09:57,992] multiqc                                            [DEBUG  ]  File ignored by longranger/invocation because it exceeded search pattern filesize limit: qualimapReport.html
[2025-12-21 14:09:57,998] multiqc                                            [DEBUG  ]  File ignored by nanostat because it exceeded search pattern filesize limit: qualimapReport.html
[2025-12-21 14:09:58,026] multiqc                                            [DEBUG  ]  File ignored by ccs/v4 because it exceeded search pattern filesize limit: agogo.css
[2025-12-21 14:09:58,027] multiqc                                            [DEBUG  ]  File ignored by hicexplorer because it exceeded search pattern filesize limit: agogo.css
[2025-12-21 14:09:58,027] multiqc                                            [DEBUG  ]  File ignored by lima/summary because it exceeded search pattern filesize limit: agogo.css
[2025-12-21 14:09:58,030] multiqc                                            [DEBUG  ]  File ignored by longranger/invocation because it exceeded search pattern filesize limit: agogo.css
[2025-12-21 14:09:58,038] multiqc                                            [DEBUG  ]  File ignored by nanostat because it exceeded search pattern filesize limit: agogo.css
[2025-12-21 14:09:58,129] multiqc                                            [DEBUG  ]  File ignored by ccs/v4 because it exceeded search pattern filesize limit: basic.css
[2025-12-21 14:09:58,130] multiqc                                            [DEBUG  ]  File ignored by hicexplorer because it exceeded search pattern filesize limit: basic.css
[2025-12-21 14:09:58,130] multiqc                                            [DEBUG  ]  File ignored by lima/summary because it exceeded search pattern filesize limit: basic.css
[2025-12-21 14:09:58,133] multiqc                                            [DEBUG  ]  File ignored by longranger/invocation because it exceeded search pattern filesize limit: basic.css
[2025-12-21 14:09:58,142] multiqc                                            [DEBUG  ]  File ignored by nanostat because it exceeded search pattern filesize limit: basic.css
[2025-12-21 14:09:58,153] multiqc                                            [DEBUG  ]  File ignored by ccs/v4 because it exceeded search pattern filesize limit: doctools.js
[2025-12-21 14:09:58,154] multiqc                                            [DEBUG  ]  File ignored by hicexplorer because it exceeded search pattern filesize limit: doctools.js
[2025-12-21 14:09:58,155] multiqc                                            [DEBUG  ]  File ignored by lima/summary because it exceeded search pattern filesize limit: doctools.js
[2025-12-21 14:09:58,157] multiqc                                            [DEBUG  ]  File ignored by longranger/invocation because it exceeded search pattern filesize limit: doctools.js
[2025-12-21 14:09:58,163] multiqc                                            [DEBUG  ]  File ignored by nanostat because it exceeded search pattern filesize limit: doctools.js
[2025-12-21 14:09:58,203] multiqc                                            [DEBUG  ]  File ignored by ccs/v4 because it exceeded search pattern filesize limit: jquery.js
[2025-12-21 14:09:58,205] multiqc                                            [DEBUG  ]  File ignored by hicexplorer because it exceeded search pattern filesize limit: jquery.js
[2025-12-21 14:09:58,205] multiqc                                            [DEBUG  ]  File ignored by lima/summary because it exceeded search pattern filesize limit: jquery.js
[2025-12-21 14:09:58,208] multiqc                                            [DEBUG  ]  File ignored by longranger/invocation because it exceeded search pattern filesize limit: jquery.js
[2025-12-21 14:09:58,217] multiqc                                            [DEBUG  ]  File ignored by nanostat because it exceeded search pattern filesize limit: jquery.js
[2025-12-21 14:09:58,228] multiqc                                            [DEBUG  ]  File ignored by ccs/v4 because it exceeded search pattern filesize limit: pygments.css
[2025-12-21 14:09:58,229] multiqc                                            [DEBUG  ]  File ignored by lima/summary because it exceeded search pattern filesize limit: pygments.css
[2025-12-21 14:09:58,232] multiqc                                            [DEBUG  ]  File ignored by longranger/invocation because it exceeded search pattern filesize limit: pygments.css
[2025-12-21 14:09:58,264] multiqc                                            [DEBUG  ]  File ignored by ccs/v4 because it exceeded search pattern filesize limit: searchtools.js
[2025-12-21 14:09:58,265] multiqc                                            [DEBUG  ]  File ignored by hicexplorer because it exceeded search pattern filesize limit: searchtools.js
[2025-12-21 14:09:58,265] multiqc                                            [DEBUG  ]  File ignored by lima/summary because it exceeded search pattern filesize limit: searchtools.js
[2025-12-21 14:09:58,267] multiqc                                            [DEBUG  ]  File ignored by longranger/invocation because it exceeded search pattern filesize limit: searchtools.js
[2025-12-21 14:09:58,279] multiqc                                            [DEBUG  ]  File ignored by nanostat because it exceeded search pattern filesize limit: searchtools.js
[2025-12-21 14:09:58,344] multiqc                                            [DEBUG  ]  File ignored by ccs/v4 because it exceeded search pattern filesize limit: underscore.js
[2025-12-21 14:09:58,346] multiqc                                            [DEBUG  ]  File ignored by hicexplorer because it exceeded search pattern filesize limit: underscore.js
[2025-12-21 14:09:58,346] multiqc                                            [DEBUG  ]  File ignored by lima/summary because it exceeded search pattern filesize limit: underscore.js
[2025-12-21 14:09:58,348] multiqc                                            [DEBUG  ]  File ignored by longranger/invocation because it exceeded search pattern filesize limit: underscore.js
[2025-12-21 14:09:58,353] multiqc                                            [DEBUG  ]  File ignored by nanostat because it exceeded search pattern filesize limit: underscore.js
[2025-12-21 14:09:58,402] multiqc                                            [DEBUG  ]  File ignored by ccs/v4 because it exceeded search pattern filesize limit: websupport.js
[2025-12-21 14:09:58,404] multiqc                                            [DEBUG  ]  File ignored by hicexplorer because it exceeded search pattern filesize limit: websupport.js
[2025-12-21 14:09:58,404] multiqc                                            [DEBUG  ]  File ignored by lima/summary because it exceeded search pattern filesize limit: websupport.js
[2025-12-21 14:09:58,406] multiqc                                            [DEBUG  ]  File ignored by longranger/invocation because it exceeded search pattern filesize limit: websupport.js
[2025-12-21 14:09:58,420] multiqc                                            [DEBUG  ]  File ignored by nanostat because it exceeded search pattern filesize limit: websupport.js
[2025-12-21 14:09:58,424] multiqc                                            [DEBUG  ]  File ignored by ccs/v4 because it exceeded search pattern filesize limit: coverage_profile_along_genes_(low).txt
[2025-12-21 14:09:58,426] multiqc                                            [DEBUG  ]  File ignored by lima/summary because it exceeded search pattern filesize limit: coverage_profile_along_genes_(low).txt
[2025-12-21 14:09:58,428] multiqc                                            [DEBUG  ]  File ignored by longranger/invocation because it exceeded search pattern filesize limit: coverage_profile_along_genes_(low).txt
[2025-12-21 14:09:58,436] multiqc                                            [DEBUG  ]  File ignored by ccs/v4 because it exceeded search pattern filesize limit: coverage_profile_along_genes_(high).txt
[2025-12-21 14:09:58,438] multiqc                                            [DEBUG  ]  File ignored by lima/summary because it exceeded search pattern filesize limit: coverage_profile_along_genes_(high).txt
[2025-12-21 14:09:58,440] multiqc                                            [DEBUG  ]  File ignored by longranger/invocation because it exceeded search pattern filesize limit: coverage_profile_along_genes_(high).txt
[2025-12-21 14:09:58,448] multiqc                                            [DEBUG  ]  File ignored by ccs/v4 because it exceeded search pattern filesize limit: qualimapReport.html
[2025-12-21 14:09:58,450] multiqc                                            [DEBUG  ]  File ignored by hicexplorer because it exceeded search pattern filesize limit: qualimapReport.html
[2025-12-21 14:09:58,450] multiqc                                            [DEBUG  ]  File ignored by lima/summary because it exceeded search pattern filesize limit: qualimapReport.html
[2025-12-21 14:09:58,452] multiqc                                            [DEBUG  ]  File ignored by longranger/invocation because it exceeded search pattern filesize limit: qualimapReport.html
[2025-12-21 14:09:58,459] multiqc                                            [DEBUG  ]  File ignored by nanostat because it exceeded search pattern filesize limit: qualimapReport.html
[2025-12-21 14:09:58,481] multiqc                                            [DEBUG  ]  File ignored by ccs/v4 because it exceeded search pattern filesize limit: agogo.css
[2025-12-21 14:09:58,482] multiqc                                            [DEBUG  ]  File ignored by hicexplorer because it exceeded search pattern filesize limit: agogo.css
[2025-12-21 14:09:58,482] multiqc                                            [DEBUG  ]  File ignored by lima/summary because it exceeded search pattern filesize limit: agogo.css
[2025-12-21 14:09:58,484] multiqc                                            [DEBUG  ]  File ignored by longranger/invocation because it exceeded search pattern filesize limit: agogo.css
[2025-12-21 14:09:58,492] multiqc                                            [DEBUG  ]  File ignored by nanostat because it exceeded search pattern filesize limit: agogo.css
[2025-12-21 14:09:58,499] multiqc                                            [DEBUG  ]  File ignored by ccs/v4 because it exceeded search pattern filesize limit: basic.css
[2025-12-21 14:09:58,500] multiqc                                            [DEBUG  ]  File ignored by hicexplorer because it exceeded search pattern filesize limit: basic.css
[2025-12-21 14:09:58,500] multiqc                                            [DEBUG  ]  File ignored by lima/summary because it exceeded search pattern filesize limit: basic.css
[2025-12-21 14:09:58,502] multiqc                                            [DEBUG  ]  File ignored by longranger/invocation because it exceeded search pattern filesize limit: basic.css
[2025-12-21 14:09:58,512] multiqc                                            [DEBUG  ]  File ignored by nanostat because it exceeded search pattern filesize limit: basic.css
[2025-12-21 14:09:58,562] multiqc                                            [DEBUG  ]  File ignored by ccs/v4 because it exceeded search pattern filesize limit: doctools.js
[2025-12-21 14:09:58,563] multiqc                                            [DEBUG  ]  File ignored by hicexplorer because it exceeded search pattern filesize limit: doctools.js
[2025-12-21 14:09:58,563] multiqc                                            [DEBUG  ]  File ignored by lima/summary because it exceeded search pattern filesize limit: doctools.js
[2025-12-21 14:09:58,565] multiqc                                            [DEBUG  ]  File ignored by longranger/invocation because it exceeded search pattern filesize limit: doctools.js
[2025-12-21 14:09:58,571] multiqc                                            [DEBUG  ]  File ignored by nanostat because it exceeded search pattern filesize limit: doctools.js
[2025-12-21 14:09:58,604] multiqc                                            [DEBUG  ]  File ignored by ccs/v4 because it exceeded search pattern filesize limit: jquery.js
[2025-12-21 14:09:58,605] multiqc                                            [DEBUG  ]  File ignored by hicexplorer because it exceeded search pattern filesize limit: jquery.js
[2025-12-21 14:09:58,606] multiqc                                            [DEBUG  ]  File ignored by lima/summary because it exceeded search pattern filesize limit: jquery.js
[2025-12-21 14:09:58,608] multiqc                                            [DEBUG  ]  File ignored by longranger/invocation because it exceeded search pattern filesize limit: jquery.js
[2025-12-21 14:09:58,617] multiqc                                            [DEBUG  ]  File ignored by nanostat because it exceeded search pattern filesize limit: jquery.js
[2025-12-21 14:09:58,640] multiqc                                            [DEBUG  ]  File ignored by ccs/v4 because it exceeded search pattern filesize limit: pygments.css
[2025-12-21 14:09:58,641] multiqc                                            [DEBUG  ]  File ignored by lima/summary because it exceeded search pattern filesize limit: pygments.css
[2025-12-21 14:09:58,643] multiqc                                            [DEBUG  ]  File ignored by longranger/invocation because it exceeded search pattern filesize limit: pygments.css
[2025-12-21 14:09:58,737] multiqc                                            [DEBUG  ]  File ignored by ccs/v4 because it exceeded search pattern filesize limit: searchtools.js
[2025-12-21 14:09:58,738] multiqc                                            [DEBUG  ]  File ignored by hicexplorer because it exceeded search pattern filesize limit: searchtools.js
[2025-12-21 14:09:58,738] multiqc                                            [DEBUG  ]  File ignored by lima/summary because it exceeded search pattern filesize limit: searchtools.js
[2025-12-21 14:09:58,740] multiqc                                            [DEBUG  ]  File ignored by longranger/invocation because it exceeded search pattern filesize limit: searchtools.js
[2025-12-21 14:09:58,750] multiqc                                            [DEBUG  ]  File ignored by nanostat because it exceeded search pattern filesize limit: searchtools.js
[2025-12-21 14:09:58,901] multiqc                                            [DEBUG  ]  File ignored by ccs/v4 because it exceeded search pattern filesize limit: underscore.js
[2025-12-21 14:09:58,902] multiqc                                            [DEBUG  ]  File ignored by hicexplorer because it exceeded search pattern filesize limit: underscore.js
[2025-12-21 14:09:58,903] multiqc                                            [DEBUG  ]  File ignored by lima/summary because it exceeded search pattern filesize limit: underscore.js
[2025-12-21 14:09:58,905] multiqc                                            [DEBUG  ]  File ignored by longranger/invocation because it exceeded search pattern filesize limit: underscore.js
[2025-12-21 14:09:58,909] multiqc                                            [DEBUG  ]  File ignored by nanostat because it exceeded search pattern filesize limit: underscore.js
[2025-12-21 14:09:58,968] multiqc                                            [DEBUG  ]  File ignored by ccs/v4 because it exceeded search pattern filesize limit: websupport.js
[2025-12-21 14:09:58,970] multiqc                                            [DEBUG  ]  File ignored by hicexplorer because it exceeded search pattern filesize limit: websupport.js
[2025-12-21 14:09:58,970] multiqc                                            [DEBUG  ]  File ignored by lima/summary because it exceeded search pattern filesize limit: websupport.js
[2025-12-21 14:09:58,972] multiqc                                            [DEBUG  ]  File ignored by longranger/invocation because it exceeded search pattern filesize limit: websupport.js
[2025-12-21 14:09:58,987] multiqc                                            [DEBUG  ]  File ignored by nanostat because it exceeded search pattern filesize limit: websupport.js
[2025-12-21 14:09:58,992] multiqc                                            [DEBUG  ]  File ignored by ccs/v4 because it exceeded search pattern filesize limit: coverage_profile_along_genes_(low).txt
[2025-12-21 14:09:58,994] multiqc                                            [DEBUG  ]  File ignored by lima/summary because it exceeded search pattern filesize limit: coverage_profile_along_genes_(low).txt
[2025-12-21 14:09:58,996] multiqc                                            [DEBUG  ]  File ignored by longranger/invocation because it exceeded search pattern filesize limit: coverage_profile_along_genes_(low).txt
[2025-12-21 14:09:59,005] multiqc                                            [DEBUG  ]  File ignored by ccs/v4 because it exceeded search pattern filesize limit: coverage_profile_along_genes_(high).txt
[2025-12-21 14:09:59,007] multiqc                                            [DEBUG  ]  File ignored by lima/summary because it exceeded search pattern filesize limit: coverage_profile_along_genes_(high).txt
[2025-12-21 14:09:59,009] multiqc                                            [DEBUG  ]  File ignored by longranger/invocation because it exceeded search pattern filesize limit: coverage_profile_along_genes_(high).txt
[2025-12-21 14:09:59,019] multiqc                                            [DEBUG  ]  File ignored by ccs/v4 because it exceeded search pattern filesize limit: qualimapReport.html
[2025-12-21 14:09:59,021] multiqc                                            [DEBUG  ]  File ignored by hicexplorer because it exceeded search pattern filesize limit: qualimapReport.html
[2025-12-21 14:09:59,021] multiqc                                            [DEBUG  ]  File ignored by lima/summary because it exceeded search pattern filesize limit: qualimapReport.html
[2025-12-21 14:09:59,023] multiqc                                            [DEBUG  ]  File ignored by longranger/invocation because it exceeded search pattern filesize limit: qualimapReport.html
[2025-12-21 14:09:59,031] multiqc                                            [DEBUG  ]  File ignored by nanostat because it exceeded search pattern filesize limit: qualimapReport.html
[2025-12-21 14:09:59,086] multiqc                                            [DEBUG  ]  File ignored by ccs/v4 because it exceeded search pattern filesize limit: agogo.css
[2025-12-21 14:09:59,087] multiqc                                            [DEBUG  ]  File ignored by hicexplorer because it exceeded search pattern filesize limit: agogo.css
[2025-12-21 14:09:59,087] multiqc                                            [DEBUG  ]  File ignored by lima/summary because it exceeded search pattern filesize limit: agogo.css
[2025-12-21 14:09:59,089] multiqc                                            [DEBUG  ]  File ignored by longranger/invocation because it exceeded search pattern filesize limit: agogo.css
[2025-12-21 14:09:59,097] multiqc                                            [DEBUG  ]  File ignored by nanostat because it exceeded search pattern filesize limit: agogo.css
[2025-12-21 14:09:59,128] multiqc                                            [DEBUG  ]  File ignored by ccs/v4 because it exceeded search pattern filesize limit: basic.css
[2025-12-21 14:09:59,129] multiqc                                            [DEBUG  ]  File ignored by hicexplorer because it exceeded search pattern filesize limit: basic.css
[2025-12-21 14:09:59,130] multiqc                                            [DEBUG  ]  File ignored by lima/summary because it exceeded search pattern filesize limit: basic.css
[2025-12-21 14:09:59,132] multiqc                                            [DEBUG  ]  File ignored by longranger/invocation because it exceeded search pattern filesize limit: basic.css
[2025-12-21 14:09:59,141] multiqc                                            [DEBUG  ]  File ignored by nanostat because it exceeded search pattern filesize limit: basic.css
[2025-12-21 14:09:59,201] multiqc                                            [DEBUG  ]  File ignored by ccs/v4 because it exceeded search pattern filesize limit: doctools.js
[2025-12-21 14:09:59,203] multiqc                                            [DEBUG  ]  File ignored by hicexplorer because it exceeded search pattern filesize limit: doctools.js
[2025-12-21 14:09:59,203] multiqc                                            [DEBUG  ]  File ignored by lima/summary because it exceeded search pattern filesize limit: doctools.js
[2025-12-21 14:09:59,205] multiqc                                            [DEBUG  ]  File ignored by longranger/invocation because it exceeded search pattern filesize limit: doctools.js
[2025-12-21 14:09:59,211] multiqc                                            [DEBUG  ]  File ignored by nanostat because it exceeded search pattern filesize limit: doctools.js
[2025-12-21 14:09:59,285] multiqc                                            [DEBUG  ]  File ignored by ccs/v4 because it exceeded search pattern filesize limit: jquery.js
[2025-12-21 14:09:59,287] multiqc                                            [DEBUG  ]  File ignored by hicexplorer because it exceeded search pattern filesize limit: jquery.js
[2025-12-21 14:09:59,287] multiqc                                            [DEBUG  ]  File ignored by lima/summary because it exceeded search pattern filesize limit: jquery.js
[2025-12-21 14:09:59,290] multiqc                                            [DEBUG  ]  File ignored by longranger/invocation because it exceeded search pattern filesize limit: jquery.js
[2025-12-21 14:09:59,299] multiqc                                            [DEBUG  ]  File ignored by nanostat because it exceeded search pattern filesize limit: jquery.js
[2025-12-21 14:09:59,326] multiqc                                            [DEBUG  ]  File ignored by ccs/v4 because it exceeded search pattern filesize limit: pygments.css
[2025-12-21 14:09:59,328] multiqc                                            [DEBUG  ]  File ignored by lima/summary because it exceeded search pattern filesize limit: pygments.css
[2025-12-21 14:09:59,330] multiqc                                            [DEBUG  ]  File ignored by longranger/invocation because it exceeded search pattern filesize limit: pygments.css
[2025-12-21 14:09:59,510] multiqc                                            [DEBUG  ]  File ignored by ccs/v4 because it exceeded search pattern filesize limit: searchtools.js
[2025-12-21 14:09:59,512] multiqc                                            [DEBUG  ]  File ignored by hicexplorer because it exceeded search pattern filesize limit: searchtools.js
[2025-12-21 14:09:59,512] multiqc                                            [DEBUG  ]  File ignored by lima/summary because it exceeded search pattern filesize limit: searchtools.js
[2025-12-21 14:09:59,514] multiqc                                            [DEBUG  ]  File ignored by longranger/invocation because it exceeded search pattern filesize limit: searchtools.js
[2025-12-21 14:09:59,524] multiqc                                            [DEBUG  ]  File ignored by nanostat because it exceeded search pattern filesize limit: searchtools.js
[2025-12-21 14:09:59,619] multiqc                                            [DEBUG  ]  File ignored by ccs/v4 because it exceeded search pattern filesize limit: underscore.js
[2025-12-21 14:09:59,620] multiqc                                            [DEBUG  ]  File ignored by hicexplorer because it exceeded search pattern filesize limit: underscore.js
[2025-12-21 14:09:59,620] multiqc                                            [DEBUG  ]  File ignored by lima/summary because it exceeded search pattern filesize limit: underscore.js
[2025-12-21 14:09:59,623] multiqc                                            [DEBUG  ]  File ignored by longranger/invocation because it exceeded search pattern filesize limit: underscore.js
[2025-12-21 14:09:59,627] multiqc                                            [DEBUG  ]  File ignored by nanostat because it exceeded search pattern filesize limit: underscore.js
[2025-12-21 14:09:59,687] multiqc                                            [DEBUG  ]  File ignored by ccs/v4 because it exceeded search pattern filesize limit: websupport.js
[2025-12-21 14:09:59,688] multiqc                                            [DEBUG  ]  File ignored by hicexplorer because it exceeded search pattern filesize limit: websupport.js
[2025-12-21 14:09:59,688] multiqc                                            [DEBUG  ]  File ignored by lima/summary because it exceeded search pattern filesize limit: websupport.js
[2025-12-21 14:09:59,690] multiqc                                            [DEBUG  ]  File ignored by longranger/invocation because it exceeded search pattern filesize limit: websupport.js
[2025-12-21 14:09:59,709] multiqc                                            [DEBUG  ]  File ignored by nanostat because it exceeded search pattern filesize limit: websupport.js
[2025-12-21 14:09:59,716] multiqc                                            [DEBUG  ]  File ignored by ccs/v4 because it exceeded search pattern filesize limit: coverage_profile_along_genes_(low).txt
[2025-12-21 14:09:59,717] multiqc                                            [DEBUG  ]  File ignored by lima/summary because it exceeded search pattern filesize limit: coverage_profile_along_genes_(low).txt
[2025-12-21 14:09:59,720] multiqc                                            [DEBUG  ]  File ignored by longranger/invocation because it exceeded search pattern filesize limit: coverage_profile_along_genes_(low).txt
[2025-12-21 14:09:59,728] multiqc                                            [DEBUG  ]  File ignored by ccs/v4 because it exceeded search pattern filesize limit: coverage_profile_along_genes_(high).txt
[2025-12-21 14:09:59,729] multiqc                                            [DEBUG  ]  File ignored by lima/summary because it exceeded search pattern filesize limit: coverage_profile_along_genes_(high).txt
[2025-12-21 14:09:59,731] multiqc                                            [DEBUG  ]  File ignored by longranger/invocation because it exceeded search pattern filesize limit: coverage_profile_along_genes_(high).txt
[2025-12-21 14:09:59,739] multiqc                                            [DEBUG  ]  File ignored by ccs/v4 because it exceeded search pattern filesize limit: qualimapReport.html
[2025-12-21 14:09:59,741] multiqc                                            [DEBUG  ]  File ignored by hicexplorer because it exceeded search pattern filesize limit: qualimapReport.html
[2025-12-21 14:09:59,741] multiqc                                            [DEBUG  ]  File ignored by lima/summary because it exceeded search pattern filesize limit: qualimapReport.html
[2025-12-21 14:09:59,743] multiqc                                            [DEBUG  ]  File ignored by longranger/invocation because it exceeded search pattern filesize limit: qualimapReport.html
[2025-12-21 14:09:59,750] multiqc                                            [DEBUG  ]  File ignored by nanostat because it exceeded search pattern filesize limit: qualimapReport.html
[2025-12-21 14:09:59,790] multiqc                                            [DEBUG  ]  File ignored by ccs/v4 because it exceeded search pattern filesize limit: agogo.css
[2025-12-21 14:09:59,791] multiqc                                            [DEBUG  ]  File ignored by hicexplorer because it exceeded search pattern filesize limit: agogo.css
[2025-12-21 14:09:59,792] multiqc                                            [DEBUG  ]  File ignored by lima/summary because it exceeded search pattern filesize limit: agogo.css
[2025-12-21 14:09:59,797] multiqc                                            [DEBUG  ]  File ignored by longranger/invocation because it exceeded search pattern filesize limit: agogo.css
[2025-12-21 14:09:59,806] multiqc                                            [DEBUG  ]  File ignored by nanostat because it exceeded search pattern filesize limit: agogo.css
[2025-12-21 14:09:59,831] multiqc                                            [DEBUG  ]  File ignored by ccs/v4 because it exceeded search pattern filesize limit: basic.css
[2025-12-21 14:09:59,832] multiqc                                            [DEBUG  ]  File ignored by hicexplorer because it exceeded search pattern filesize limit: basic.css
[2025-12-21 14:09:59,832] multiqc                                            [DEBUG  ]  File ignored by lima/summary because it exceeded search pattern filesize limit: basic.css
[2025-12-21 14:09:59,834] multiqc                                            [DEBUG  ]  File ignored by longranger/invocation because it exceeded search pattern filesize limit: basic.css
[2025-12-21 14:09:59,843] multiqc                                            [DEBUG  ]  File ignored by nanostat because it exceeded search pattern filesize limit: basic.css
[2025-12-21 14:09:59,927] multiqc                                            [DEBUG  ]  File ignored by ccs/v4 because it exceeded search pattern filesize limit: doctools.js
[2025-12-21 14:09:59,928] multiqc                                            [DEBUG  ]  File ignored by hicexplorer because it exceeded search pattern filesize limit: doctools.js
[2025-12-21 14:09:59,928] multiqc                                            [DEBUG  ]  File ignored by lima/summary because it exceeded search pattern filesize limit: doctools.js
[2025-12-21 14:09:59,931] multiqc                                            [DEBUG  ]  File ignored by longranger/invocation because it exceeded search pattern filesize limit: doctools.js
[2025-12-21 14:09:59,937] multiqc                                            [DEBUG  ]  File ignored by nanostat because it exceeded search pattern filesize limit: doctools.js
[2025-12-21 14:10:00,093] multiqc                                            [DEBUG  ]  File ignored by ccs/v4 because it exceeded search pattern filesize limit: jquery.js
[2025-12-21 14:10:00,094] multiqc                                            [DEBUG  ]  File ignored by hicexplorer because it exceeded search pattern filesize limit: jquery.js
[2025-12-21 14:10:00,094] multiqc                                            [DEBUG  ]  File ignored by lima/summary because it exceeded search pattern filesize limit: jquery.js
[2025-12-21 14:10:00,097] multiqc                                            [DEBUG  ]  File ignored by longranger/invocation because it exceeded search pattern filesize limit: jquery.js
[2025-12-21 14:10:00,108] multiqc                                            [DEBUG  ]  File ignored by nanostat because it exceeded search pattern filesize limit: jquery.js
[2025-12-21 14:10:00,141] multiqc                                            [DEBUG  ]  File ignored by ccs/v4 because it exceeded search pattern filesize limit: pygments.css
[2025-12-21 14:10:00,143] multiqc                                            [DEBUG  ]  File ignored by lima/summary because it exceeded search pattern filesize limit: pygments.css
[2025-12-21 14:10:00,145] multiqc                                            [DEBUG  ]  File ignored by longranger/invocation because it exceeded search pattern filesize limit: pygments.css
[2025-12-21 14:10:00,233] multiqc                                            [DEBUG  ]  File ignored by ccs/v4 because it exceeded search pattern filesize limit: searchtools.js
[2025-12-21 14:10:00,234] multiqc                                            [DEBUG  ]  File ignored by hicexplorer because it exceeded search pattern filesize limit: searchtools.js
[2025-12-21 14:10:00,234] multiqc                                            [DEBUG  ]  File ignored by lima/summary because it exceeded search pattern filesize limit: searchtools.js
[2025-12-21 14:10:00,237] multiqc                                            [DEBUG  ]  File ignored by longranger/invocation because it exceeded search pattern filesize limit: searchtools.js
[2025-12-21 14:10:00,247] multiqc                                            [DEBUG  ]  File ignored by nanostat because it exceeded search pattern filesize limit: searchtools.js
[2025-12-21 14:10:00,278] multiqc                                            [DEBUG  ]  File ignored by ccs/v4 because it exceeded search pattern filesize limit: underscore.js
[2025-12-21 14:10:00,279] multiqc                                            [DEBUG  ]  File ignored by hicexplorer because it exceeded search pattern filesize limit: underscore.js
[2025-12-21 14:10:00,279] multiqc                                            [DEBUG  ]  File ignored by lima/summary because it exceeded search pattern filesize limit: underscore.js
[2025-12-21 14:10:00,282] multiqc                                            [DEBUG  ]  File ignored by longranger/invocation because it exceeded search pattern filesize limit: underscore.js
[2025-12-21 14:10:00,286] multiqc                                            [DEBUG  ]  File ignored by nanostat because it exceeded search pattern filesize limit: underscore.js
[2025-12-21 14:10:00,425] multiqc                                            [DEBUG  ]  File ignored by ccs/v4 because it exceeded search pattern filesize limit: websupport.js
[2025-12-21 14:10:00,427] multiqc                                            [DEBUG  ]  File ignored by hicexplorer because it exceeded search pattern filesize limit: websupport.js
[2025-12-21 14:10:00,427] multiqc                                            [DEBUG  ]  File ignored by lima/summary because it exceeded search pattern filesize limit: websupport.js
[2025-12-21 14:10:00,430] multiqc                                            [DEBUG  ]  File ignored by longranger/invocation because it exceeded search pattern filesize limit: websupport.js
[2025-12-21 14:10:00,444] multiqc                                            [DEBUG  ]  File ignored by nanostat because it exceeded search pattern filesize limit: websupport.js
[2025-12-21 14:10:00,449] multiqc                                            [DEBUG  ]  File ignored by ccs/v4 because it exceeded search pattern filesize limit: coverage_profile_along_genes_(low).txt
[2025-12-21 14:10:00,450] multiqc                                            [DEBUG  ]  File ignored by lima/summary because it exceeded search pattern filesize limit: coverage_profile_along_genes_(low).txt
[2025-12-21 14:10:00,452] multiqc                                            [DEBUG  ]  File ignored by longranger/invocation because it exceeded search pattern filesize limit: coverage_profile_along_genes_(low).txt
[2025-12-21 14:10:00,461] multiqc                                            [DEBUG  ]  File ignored by ccs/v4 because it exceeded search pattern filesize limit: coverage_profile_along_genes_(high).txt
[2025-12-21 14:10:00,462] multiqc                                            [DEBUG  ]  File ignored by lima/summary because it exceeded search pattern filesize limit: coverage_profile_along_genes_(high).txt
[2025-12-21 14:10:00,465] multiqc                                            [DEBUG  ]  File ignored by longranger/invocation because it exceeded search pattern filesize limit: coverage_profile_along_genes_(high).txt
[2025-12-21 14:10:00,474] multiqc                                            [DEBUG  ]  File ignored by ccs/v4 because it exceeded search pattern filesize limit: qualimapReport.html
[2025-12-21 14:10:00,475] multiqc                                            [DEBUG  ]  File ignored by hicexplorer because it exceeded search pattern filesize limit: qualimapReport.html
[2025-12-21 14:10:00,475] multiqc                                            [DEBUG  ]  File ignored by lima/summary because it exceeded search pattern filesize limit: qualimapReport.html
[2025-12-21 14:10:00,477] multiqc                                            [DEBUG  ]  File ignored by longranger/invocation because it exceeded search pattern filesize limit: qualimapReport.html
[2025-12-21 14:10:00,484] multiqc                                            [DEBUG  ]  File ignored by nanostat because it exceeded search pattern filesize limit: qualimapReport.html
[2025-12-21 14:10:00,512] multiqc                                            [DEBUG  ]  File ignored by ccs/v4 because it exceeded search pattern filesize limit: agogo.css
[2025-12-21 14:10:00,513] multiqc                                            [DEBUG  ]  File ignored by hicexplorer because it exceeded search pattern filesize limit: agogo.css
[2025-12-21 14:10:00,514] multiqc                                            [DEBUG  ]  File ignored by lima/summary because it exceeded search pattern filesize limit: agogo.css
[2025-12-21 14:10:00,516] multiqc                                            [DEBUG  ]  File ignored by longranger/invocation because it exceeded search pattern filesize limit: agogo.css
[2025-12-21 14:10:00,523] multiqc                                            [DEBUG  ]  File ignored by nanostat because it exceeded search pattern filesize limit: agogo.css
[2025-12-21 14:10:00,535] multiqc                                            [DEBUG  ]  File ignored by ccs/v4 because it exceeded search pattern filesize limit: basic.css
[2025-12-21 14:10:00,536] multiqc                                            [DEBUG  ]  File ignored by hicexplorer because it exceeded search pattern filesize limit: basic.css
[2025-12-21 14:10:00,536] multiqc                                            [DEBUG  ]  File ignored by lima/summary because it exceeded search pattern filesize limit: basic.css
[2025-12-21 14:10:00,539] multiqc                                            [DEBUG  ]  File ignored by longranger/invocation because it exceeded search pattern filesize limit: basic.css
[2025-12-21 14:10:00,548] multiqc                                            [DEBUG  ]  File ignored by nanostat because it exceeded search pattern filesize limit: basic.css
[2025-12-21 14:10:00,559] multiqc                                            [DEBUG  ]  File ignored by ccs/v4 because it exceeded search pattern filesize limit: doctools.js
[2025-12-21 14:10:00,560] multiqc                                            [DEBUG  ]  File ignored by hicexplorer because it exceeded search pattern filesize limit: doctools.js
[2025-12-21 14:10:00,560] multiqc                                            [DEBUG  ]  File ignored by lima/summary because it exceeded search pattern filesize limit: doctools.js
[2025-12-21 14:10:00,562] multiqc                                            [DEBUG  ]  File ignored by longranger/invocation because it exceeded search pattern filesize limit: doctools.js
[2025-12-21 14:10:00,568] multiqc                                            [DEBUG  ]  File ignored by nanostat because it exceeded search pattern filesize limit: doctools.js
[2025-12-21 14:10:00,624] multiqc                                            [DEBUG  ]  File ignored by ccs/v4 because it exceeded search pattern filesize limit: jquery.js
[2025-12-21 14:10:00,626] multiqc                                            [DEBUG  ]  File ignored by hicexplorer because it exceeded search pattern filesize limit: jquery.js
[2025-12-21 14:10:00,626] multiqc                                            [DEBUG  ]  File ignored by lima/summary because it exceeded search pattern filesize limit: jquery.js
[2025-12-21 14:10:00,629] multiqc                                            [DEBUG  ]  File ignored by longranger/invocation because it exceeded search pattern filesize limit: jquery.js
[2025-12-21 14:10:00,638] multiqc                                            [DEBUG  ]  File ignored by nanostat because it exceeded search pattern filesize limit: jquery.js
[2025-12-21 14:10:00,645] multiqc                                            [DEBUG  ]  File ignored by ccs/v4 because it exceeded search pattern filesize limit: pygments.css
[2025-12-21 14:10:00,646] multiqc                                            [DEBUG  ]  File ignored by lima/summary because it exceeded search pattern filesize limit: pygments.css
[2025-12-21 14:10:00,648] multiqc                                            [DEBUG  ]  File ignored by longranger/invocation because it exceeded search pattern filesize limit: pygments.css
[2025-12-21 14:10:00,689] multiqc                                            [DEBUG  ]  File ignored by ccs/v4 because it exceeded search pattern filesize limit: searchtools.js
[2025-12-21 14:10:00,690] multiqc                                            [DEBUG  ]  File ignored by hicexplorer because it exceeded search pattern filesize limit: searchtools.js
[2025-12-21 14:10:00,690] multiqc                                            [DEBUG  ]  File ignored by lima/summary because it exceeded search pattern filesize limit: searchtools.js
[2025-12-21 14:10:00,693] multiqc                                            [DEBUG  ]  File ignored by longranger/invocation because it exceeded search pattern filesize limit: searchtools.js
[2025-12-21 14:10:00,702] multiqc                                            [DEBUG  ]  File ignored by nanostat because it exceeded search pattern filesize limit: searchtools.js
[2025-12-21 14:10:00,709] multiqc                                            [DEBUG  ]  File ignored by ccs/v4 because it exceeded search pattern filesize limit: underscore.js
[2025-12-21 14:10:00,710] multiqc                                            [DEBUG  ]  File ignored by hicexplorer because it exceeded search pattern filesize limit: underscore.js
[2025-12-21 14:10:00,710] multiqc                                            [DEBUG  ]  File ignored by lima/summary because it exceeded search pattern filesize limit: underscore.js
[2025-12-21 14:10:00,713] multiqc                                            [DEBUG  ]  File ignored by longranger/invocation because it exceeded search pattern filesize limit: underscore.js
[2025-12-21 14:10:00,717] multiqc                                            [DEBUG  ]  File ignored by nanostat because it exceeded search pattern filesize limit: underscore.js
[2025-12-21 14:10:00,766] multiqc                                            [DEBUG  ]  File ignored by ccs/v4 because it exceeded search pattern filesize limit: websupport.js
[2025-12-21 14:10:00,767] multiqc                                            [DEBUG  ]  File ignored by hicexplorer because it exceeded search pattern filesize limit: websupport.js
[2025-12-21 14:10:00,767] multiqc                                            [DEBUG  ]  File ignored by lima/summary because it exceeded search pattern filesize limit: websupport.js
[2025-12-21 14:10:00,769] multiqc                                            [DEBUG  ]  File ignored by longranger/invocation because it exceeded search pattern filesize limit: websupport.js
[2025-12-21 14:10:00,781] multiqc                                            [DEBUG  ]  File ignored by nanostat because it exceeded search pattern filesize limit: websupport.js
[2025-12-21 14:10:00,786] multiqc                                            [DEBUG  ]  File ignored by ccs/v4 because it exceeded search pattern filesize limit: coverage_profile_along_genes_(low).txt
[2025-12-21 14:10:00,787] multiqc                                            [DEBUG  ]  File ignored by lima/summary because it exceeded search pattern filesize limit: coverage_profile_along_genes_(low).txt
[2025-12-21 14:10:00,789] multiqc                                            [DEBUG  ]  File ignored by longranger/invocation because it exceeded search pattern filesize limit: coverage_profile_along_genes_(low).txt
[2025-12-21 14:10:00,797] multiqc                                            [DEBUG  ]  File ignored by ccs/v4 because it exceeded search pattern filesize limit: coverage_profile_along_genes_(high).txt
[2025-12-21 14:10:00,799] multiqc                                            [DEBUG  ]  File ignored by lima/summary because it exceeded search pattern filesize limit: coverage_profile_along_genes_(high).txt
[2025-12-21 14:10:00,801] multiqc                                            [DEBUG  ]  File ignored by longranger/invocation because it exceeded search pattern filesize limit: coverage_profile_along_genes_(high).txt
[2025-12-21 14:10:00,811] multiqc                                            [DEBUG  ]  File ignored by ccs/v4 because it exceeded search pattern filesize limit: qualimapReport.html
[2025-12-21 14:10:00,812] multiqc                                            [DEBUG  ]  File ignored by hicexplorer because it exceeded search pattern filesize limit: qualimapReport.html
[2025-12-21 14:10:00,812] multiqc                                            [DEBUG  ]  File ignored by lima/summary because it exceeded search pattern filesize limit: qualimapReport.html
[2025-12-21 14:10:00,814] multiqc                                            [DEBUG  ]  File ignored by longranger/invocation because it exceeded search pattern filesize limit: qualimapReport.html
[2025-12-21 14:10:00,821] multiqc                                            [DEBUG  ]  File ignored by nanostat because it exceeded search pattern filesize limit: qualimapReport.html
[2025-12-21 14:10:00,879] multiqc                                            [DEBUG  ]  File ignored by ccs/v4 because it exceeded search pattern filesize limit: agogo.css
[2025-12-21 14:10:00,881] multiqc                                            [DEBUG  ]  File ignored by hicexplorer because it exceeded search pattern filesize limit: agogo.css
[2025-12-21 14:10:00,881] multiqc                                            [DEBUG  ]  File ignored by lima/summary because it exceeded search pattern filesize limit: agogo.css
[2025-12-21 14:10:00,883] multiqc                                            [DEBUG  ]  File ignored by longranger/invocation because it exceeded search pattern filesize limit: agogo.css
[2025-12-21 14:10:00,891] multiqc                                            [DEBUG  ]  File ignored by nanostat because it exceeded search pattern filesize limit: agogo.css
[2025-12-21 14:10:00,916] multiqc                                            [DEBUG  ]  File ignored by ccs/v4 because it exceeded search pattern filesize limit: basic.css
[2025-12-21 14:10:00,917] multiqc                                            [DEBUG  ]  File ignored by hicexplorer because it exceeded search pattern filesize limit: basic.css
[2025-12-21 14:10:00,917] multiqc                                            [DEBUG  ]  File ignored by lima/summary because it exceeded search pattern filesize limit: basic.css
[2025-12-21 14:10:00,919] multiqc                                            [DEBUG  ]  File ignored by longranger/invocation because it exceeded search pattern filesize limit: basic.css
[2025-12-21 14:10:00,928] multiqc                                            [DEBUG  ]  File ignored by nanostat because it exceeded search pattern filesize limit: basic.css
[2025-12-21 14:10:00,956] multiqc                                            [DEBUG  ]  File ignored by ccs/v4 because it exceeded search pattern filesize limit: doctools.js
[2025-12-21 14:10:00,957] multiqc                                            [DEBUG  ]  File ignored by hicexplorer because it exceeded search pattern filesize limit: doctools.js
[2025-12-21 14:10:00,957] multiqc                                            [DEBUG  ]  File ignored by lima/summary because it exceeded search pattern filesize limit: doctools.js
[2025-12-21 14:10:00,960] multiqc                                            [DEBUG  ]  File ignored by longranger/invocation because it exceeded search pattern filesize limit: doctools.js
[2025-12-21 14:10:00,966] multiqc                                            [DEBUG  ]  File ignored by nanostat because it exceeded search pattern filesize limit: doctools.js
[2025-12-21 14:10:01,097] multiqc                                            [DEBUG  ]  File ignored by ccs/v4 because it exceeded search pattern filesize limit: jquery.js
[2025-12-21 14:10:01,098] multiqc                                            [DEBUG  ]  File ignored by hicexplorer because it exceeded search pattern filesize limit: jquery.js
[2025-12-21 14:10:01,098] multiqc                                            [DEBUG  ]  File ignored by lima/summary because it exceeded search pattern filesize limit: jquery.js
[2025-12-21 14:10:01,101] multiqc                                            [DEBUG  ]  File ignored by longranger/invocation because it exceeded search pattern filesize limit: jquery.js
[2025-12-21 14:10:01,110] multiqc                                            [DEBUG  ]  File ignored by nanostat because it exceeded search pattern filesize limit: jquery.js
[2025-12-21 14:10:01,118] multiqc                                            [DEBUG  ]  File ignored by ccs/v4 because it exceeded search pattern filesize limit: pygments.css
[2025-12-21 14:10:01,120] multiqc                                            [DEBUG  ]  File ignored by lima/summary because it exceeded search pattern filesize limit: pygments.css
[2025-12-21 14:10:01,122] multiqc                                            [DEBUG  ]  File ignored by longranger/invocation because it exceeded search pattern filesize limit: pygments.css
[2025-12-21 14:10:01,172] multiqc                                            [DEBUG  ]  File ignored by ccs/v4 because it exceeded search pattern filesize limit: searchtools.js
[2025-12-21 14:10:01,173] multiqc                                            [DEBUG  ]  File ignored by hicexplorer because it exceeded search pattern filesize limit: searchtools.js
[2025-12-21 14:10:01,173] multiqc                                            [DEBUG  ]  File ignored by lima/summary because it exceeded search pattern filesize limit: searchtools.js
[2025-12-21 14:10:01,176] multiqc                                            [DEBUG  ]  File ignored by longranger/invocation because it exceeded search pattern filesize limit: searchtools.js
[2025-12-21 14:10:01,186] multiqc                                            [DEBUG  ]  File ignored by nanostat because it exceeded search pattern filesize limit: searchtools.js
[2025-12-21 14:10:01,191] multiqc                                            [DEBUG  ]  File ignored by ccs/v4 because it exceeded search pattern filesize limit: underscore.js
[2025-12-21 14:10:01,192] multiqc                                            [DEBUG  ]  File ignored by hicexplorer because it exceeded search pattern filesize limit: underscore.js
[2025-12-21 14:10:01,193] multiqc                                            [DEBUG  ]  File ignored by lima/summary because it exceeded search pattern filesize limit: underscore.js
[2025-12-21 14:10:01,195] multiqc                                            [DEBUG  ]  File ignored by longranger/invocation because it exceeded search pattern filesize limit: underscore.js
[2025-12-21 14:10:01,199] multiqc                                            [DEBUG  ]  File ignored by nanostat because it exceeded search pattern filesize limit: underscore.js
[2025-12-21 14:10:01,206] multiqc                                            [DEBUG  ]  File ignored by ccs/v4 because it exceeded search pattern filesize limit: websupport.js
[2025-12-21 14:10:01,208] multiqc                                            [DEBUG  ]  File ignored by hicexplorer because it exceeded search pattern filesize limit: websupport.js
[2025-12-21 14:10:01,208] multiqc                                            [DEBUG  ]  File ignored by lima/summary because it exceeded search pattern filesize limit: websupport.js
[2025-12-21 14:10:01,210] multiqc                                            [DEBUG  ]  File ignored by longranger/invocation because it exceeded search pattern filesize limit: websupport.js
[2025-12-21 14:10:01,225] multiqc                                            [DEBUG  ]  File ignored by nanostat because it exceeded search pattern filesize limit: websupport.js
[2025-12-21 14:10:01,230] multiqc                                            [DEBUG  ]  File ignored by ccs/v4 because it exceeded search pattern filesize limit: coverage_profile_along_genes_(low).txt
[2025-12-21 14:10:01,231] multiqc                                            [DEBUG  ]  File ignored by lima/summary because it exceeded search pattern filesize limit: coverage_profile_along_genes_(low).txt
[2025-12-21 14:10:01,234] multiqc                                            [DEBUG  ]  File ignored by longranger/invocation because it exceeded search pattern filesize limit: coverage_profile_along_genes_(low).txt
[2025-12-21 14:10:01,242] multiqc                                            [DEBUG  ]  File ignored by ccs/v4 because it exceeded search pattern filesize limit: coverage_profile_along_genes_(high).txt
[2025-12-21 14:10:01,243] multiqc                                            [DEBUG  ]  File ignored by lima/summary because it exceeded search pattern filesize limit: coverage_profile_along_genes_(high).txt
[2025-12-21 14:10:01,245] multiqc                                            [DEBUG  ]  File ignored by longranger/invocation because it exceeded search pattern filesize limit: coverage_profile_along_genes_(high).txt
[2025-12-21 14:10:01,254] multiqc                                            [DEBUG  ]  File ignored by ccs/v4 because it exceeded search pattern filesize limit: qualimapReport.html
[2025-12-21 14:10:01,255] multiqc                                            [DEBUG  ]  File ignored by hicexplorer because it exceeded search pattern filesize limit: qualimapReport.html
[2025-12-21 14:10:01,255] multiqc                                            [DEBUG  ]  File ignored by lima/summary because it exceeded search pattern filesize limit: qualimapReport.html
[2025-12-21 14:10:01,257] multiqc                                            [DEBUG  ]  File ignored by longranger/invocation because it exceeded search pattern filesize limit: qualimapReport.html
[2025-12-21 14:10:01,264] multiqc                                            [DEBUG  ]  File ignored by nanostat because it exceeded search pattern filesize limit: qualimapReport.html
[2025-12-21 14:10:01,347] multiqc                                            [DEBUG  ]  File ignored by ccs/v4 because it exceeded search pattern filesize limit: agogo.css
[2025-12-21 14:10:01,348] multiqc                                            [DEBUG  ]  File ignored by hicexplorer because it exceeded search pattern filesize limit: agogo.css
[2025-12-21 14:10:01,348] multiqc                                            [DEBUG  ]  File ignored by lima/summary because it exceeded search pattern filesize limit: agogo.css
[2025-12-21 14:10:01,350] multiqc                                            [DEBUG  ]  File ignored by longranger/invocation because it exceeded search pattern filesize limit: agogo.css
[2025-12-21 14:10:01,358] multiqc                                            [DEBUG  ]  File ignored by nanostat because it exceeded search pattern filesize limit: agogo.css
[2025-12-21 14:10:01,407] multiqc                                            [DEBUG  ]  File ignored by ccs/v4 because it exceeded search pattern filesize limit: basic.css
[2025-12-21 14:10:01,408] multiqc                                            [DEBUG  ]  File ignored by hicexplorer because it exceeded search pattern filesize limit: basic.css
[2025-12-21 14:10:01,408] multiqc                                            [DEBUG  ]  File ignored by lima/summary because it exceeded search pattern filesize limit: basic.css
[2025-12-21 14:10:01,410] multiqc                                            [DEBUG  ]  File ignored by longranger/invocation because it exceeded search pattern filesize limit: basic.css
[2025-12-21 14:10:01,421] multiqc                                            [DEBUG  ]  File ignored by nanostat because it exceeded search pattern filesize limit: basic.css
[2025-12-21 14:10:01,500] multiqc                                            [DEBUG  ]  File ignored by ccs/v4 because it exceeded search pattern filesize limit: doctools.js
[2025-12-21 14:10:01,501] multiqc                                            [DEBUG  ]  File ignored by hicexplorer because it exceeded search pattern filesize limit: doctools.js
[2025-12-21 14:10:01,501] multiqc                                            [DEBUG  ]  File ignored by lima/summary because it exceeded search pattern filesize limit: doctools.js
[2025-12-21 14:10:01,504] multiqc                                            [DEBUG  ]  File ignored by longranger/invocation because it exceeded search pattern filesize limit: doctools.js
[2025-12-21 14:10:01,510] multiqc                                            [DEBUG  ]  File ignored by nanostat because it exceeded search pattern filesize limit: doctools.js
[2025-12-21 14:10:01,575] multiqc                                            [DEBUG  ]  File ignored by ccs/v4 because it exceeded search pattern filesize limit: jquery.js
[2025-12-21 14:10:01,576] multiqc                                            [DEBUG  ]  File ignored by hicexplorer because it exceeded search pattern filesize limit: jquery.js
[2025-12-21 14:10:01,576] multiqc                                            [DEBUG  ]  File ignored by lima/summary because it exceeded search pattern filesize limit: jquery.js
[2025-12-21 14:10:01,579] multiqc                                            [DEBUG  ]  File ignored by longranger/invocation because it exceeded search pattern filesize limit: jquery.js
[2025-12-21 14:10:01,589] multiqc                                            [DEBUG  ]  File ignored by nanostat because it exceeded search pattern filesize limit: jquery.js
[2025-12-21 14:10:01,608] multiqc                                            [DEBUG  ]  File ignored by ccs/v4 because it exceeded search pattern filesize limit: pygments.css
[2025-12-21 14:10:01,609] multiqc                                            [DEBUG  ]  File ignored by lima/summary because it exceeded search pattern filesize limit: pygments.css
[2025-12-21 14:10:01,612] multiqc                                            [DEBUG  ]  File ignored by longranger/invocation because it exceeded search pattern filesize limit: pygments.css
[2025-12-21 14:10:01,661] multiqc                                            [DEBUG  ]  File ignored by ccs/v4 because it exceeded search pattern filesize limit: searchtools.js
[2025-12-21 14:10:01,663] multiqc                                            [DEBUG  ]  File ignored by hicexplorer because it exceeded search pattern filesize limit: searchtools.js
[2025-12-21 14:10:01,663] multiqc                                            [DEBUG  ]  File ignored by lima/summary because it exceeded search pattern filesize limit: searchtools.js
[2025-12-21 14:10:01,665] multiqc                                            [DEBUG  ]  File ignored by longranger/invocation because it exceeded search pattern filesize limit: searchtools.js
[2025-12-21 14:10:01,674] multiqc                                            [DEBUG  ]  File ignored by nanostat because it exceeded search pattern filesize limit: searchtools.js
[2025-12-21 14:10:01,702] multiqc                                            [DEBUG  ]  File ignored by ccs/v4 because it exceeded search pattern filesize limit: underscore.js
[2025-12-21 14:10:01,703] multiqc                                            [DEBUG  ]  File ignored by hicexplorer because it exceeded search pattern filesize limit: underscore.js
[2025-12-21 14:10:01,703] multiqc                                            [DEBUG  ]  File ignored by lima/summary because it exceeded search pattern filesize limit: underscore.js
[2025-12-21 14:10:01,706] multiqc                                            [DEBUG  ]  File ignored by longranger/invocation because it exceeded search pattern filesize limit: underscore.js
[2025-12-21 14:10:01,710] multiqc                                            [DEBUG  ]  File ignored by nanostat because it exceeded search pattern filesize limit: underscore.js
[2025-12-21 14:10:01,719] multiqc                                            [DEBUG  ]  File ignored by ccs/v4 because it exceeded search pattern filesize limit: websupport.js
[2025-12-21 14:10:01,720] multiqc                                            [DEBUG  ]  File ignored by hicexplorer because it exceeded search pattern filesize limit: websupport.js
[2025-12-21 14:10:01,720] multiqc                                            [DEBUG  ]  File ignored by lima/summary because it exceeded search pattern filesize limit: websupport.js
[2025-12-21 14:10:01,724] multiqc                                            [DEBUG  ]  File ignored by longranger/invocation because it exceeded search pattern filesize limit: websupport.js
[2025-12-21 14:10:01,743] multiqc                                            [DEBUG  ]  File ignored by nanostat because it exceeded search pattern filesize limit: websupport.js
[2025-12-21 14:10:01,749] multiqc                                            [DEBUG  ]  File ignored by ccs/v4 because it exceeded search pattern filesize limit: coverage_profile_along_genes_(low).txt
[2025-12-21 14:10:01,751] multiqc                                            [DEBUG  ]  File ignored by lima/summary because it exceeded search pattern filesize limit: coverage_profile_along_genes_(low).txt
[2025-12-21 14:10:01,753] multiqc                                            [DEBUG  ]  File ignored by longranger/invocation because it exceeded search pattern filesize limit: coverage_profile_along_genes_(low).txt
[2025-12-21 14:10:01,762] multiqc                                            [DEBUG  ]  File ignored by ccs/v4 because it exceeded search pattern filesize limit: coverage_profile_along_genes_(high).txt
[2025-12-21 14:10:01,764] multiqc                                            [DEBUG  ]  File ignored by lima/summary because it exceeded search pattern filesize limit: coverage_profile_along_genes_(high).txt
[2025-12-21 14:10:01,766] multiqc                                            [DEBUG  ]  File ignored by longranger/invocation because it exceeded search pattern filesize limit: coverage_profile_along_genes_(high).txt
[2025-12-21 14:10:01,776] multiqc                                            [DEBUG  ]  File ignored by ccs/v4 because it exceeded search pattern filesize limit: qualimapReport.html
[2025-12-21 14:10:01,777] multiqc                                            [DEBUG  ]  File ignored by hicexplorer because it exceeded search pattern filesize limit: qualimapReport.html
[2025-12-21 14:10:01,777] multiqc                                            [DEBUG  ]  File ignored by lima/summary because it exceeded search pattern filesize limit: qualimapReport.html
[2025-12-21 14:10:01,779] multiqc                                            [DEBUG  ]  File ignored by longranger/invocation because it exceeded search pattern filesize limit: qualimapReport.html
[2025-12-21 14:10:01,787] multiqc                                            [DEBUG  ]  File ignored by nanostat because it exceeded search pattern filesize limit: qualimapReport.html
[2025-12-21 14:10:01,824] multiqc                                            [DEBUG  ]  File ignored by ccs/v4 because it exceeded search pattern filesize limit: agogo.css
[2025-12-21 14:10:01,825] multiqc                                            [DEBUG  ]  File ignored by hicexplorer because it exceeded search pattern filesize limit: agogo.css
[2025-12-21 14:10:01,825] multiqc                                            [DEBUG  ]  File ignored by lima/summary because it exceeded search pattern filesize limit: agogo.css
[2025-12-21 14:10:01,829] multiqc                                            [DEBUG  ]  File ignored by longranger/invocation because it exceeded search pattern filesize limit: agogo.css
[2025-12-21 14:10:01,838] multiqc                                            [DEBUG  ]  File ignored by nanostat because it exceeded search pattern filesize limit: agogo.css
[2025-12-21 14:10:01,863] multiqc                                            [DEBUG  ]  File ignored by ccs/v4 because it exceeded search pattern filesize limit: basic.css
[2025-12-21 14:10:01,864] multiqc                                            [DEBUG  ]  File ignored by hicexplorer because it exceeded search pattern filesize limit: basic.css
[2025-12-21 14:10:01,864] multiqc                                            [DEBUG  ]  File ignored by lima/summary because it exceeded search pattern filesize limit: basic.css
[2025-12-21 14:10:01,867] multiqc                                            [DEBUG  ]  File ignored by longranger/invocation because it exceeded search pattern filesize limit: basic.css
[2025-12-21 14:10:01,876] multiqc                                            [DEBUG  ]  File ignored by nanostat because it exceeded search pattern filesize limit: basic.css
[2025-12-21 14:10:01,888] multiqc                                            [DEBUG  ]  File ignored by ccs/v4 because it exceeded search pattern filesize limit: doctools.js
[2025-12-21 14:10:01,889] multiqc                                            [DEBUG  ]  File ignored by hicexplorer because it exceeded search pattern filesize limit: doctools.js
[2025-12-21 14:10:01,889] multiqc                                            [DEBUG  ]  File ignored by lima/summary because it exceeded search pattern filesize limit: doctools.js
[2025-12-21 14:10:01,891] multiqc                                            [DEBUG  ]  File ignored by longranger/invocation because it exceeded search pattern filesize limit: doctools.js
[2025-12-21 14:10:01,898] multiqc                                            [DEBUG  ]  File ignored by nanostat because it exceeded search pattern filesize limit: doctools.js
[2025-12-21 14:10:01,987] multiqc                                            [DEBUG  ]  File ignored by ccs/v4 because it exceeded search pattern filesize limit: jquery.js
[2025-12-21 14:10:01,988] multiqc                                            [DEBUG  ]  File ignored by hicexplorer because it exceeded search pattern filesize limit: jquery.js
[2025-12-21 14:10:01,988] multiqc                                            [DEBUG  ]  File ignored by lima/summary because it exceeded search pattern filesize limit: jquery.js
[2025-12-21 14:10:01,991] multiqc                                            [DEBUG  ]  File ignored by longranger/invocation because it exceeded search pattern filesize limit: jquery.js
[2025-12-21 14:10:02,001] multiqc                                            [DEBUG  ]  File ignored by nanostat because it exceeded search pattern filesize limit: jquery.js
[2025-12-21 14:10:02,023] multiqc                                            [DEBUG  ]  File ignored by ccs/v4 because it exceeded search pattern filesize limit: pygments.css
[2025-12-21 14:10:02,025] multiqc                                            [DEBUG  ]  File ignored by lima/summary because it exceeded search pattern filesize limit: pygments.css
[2025-12-21 14:10:02,027] multiqc                                            [DEBUG  ]  File ignored by longranger/invocation because it exceeded search pattern filesize limit: pygments.css
[2025-12-21 14:10:02,068] multiqc                                            [DEBUG  ]  File ignored by ccs/v4 because it exceeded search pattern filesize limit: searchtools.js
[2025-12-21 14:10:02,069] multiqc                                            [DEBUG  ]  File ignored by hicexplorer because it exceeded search pattern filesize limit: searchtools.js
[2025-12-21 14:10:02,070] multiqc                                            [DEBUG  ]  File ignored by lima/summary because it exceeded search pattern filesize limit: searchtools.js
[2025-12-21 14:10:02,072] multiqc                                            [DEBUG  ]  File ignored by longranger/invocation because it exceeded search pattern filesize limit: searchtools.js
[2025-12-21 14:10:02,082] multiqc                                            [DEBUG  ]  File ignored by nanostat because it exceeded search pattern filesize limit: searchtools.js
[2025-12-21 14:10:02,087] multiqc                                            [DEBUG  ]  File ignored by ccs/v4 because it exceeded search pattern filesize limit: underscore.js
[2025-12-21 14:10:02,088] multiqc                                            [DEBUG  ]  File ignored by hicexplorer because it exceeded search pattern filesize limit: underscore.js
[2025-12-21 14:10:02,088] multiqc                                            [DEBUG  ]  File ignored by lima/summary because it exceeded search pattern filesize limit: underscore.js
[2025-12-21 14:10:02,091] multiqc                                            [DEBUG  ]  File ignored by longranger/invocation because it exceeded search pattern filesize limit: underscore.js
[2025-12-21 14:10:02,095] multiqc                                            [DEBUG  ]  File ignored by nanostat because it exceeded search pattern filesize limit: underscore.js
[2025-12-21 14:10:02,141] multiqc                                            [DEBUG  ]  File ignored by ccs/v4 because it exceeded search pattern filesize limit: websupport.js
[2025-12-21 14:10:02,142] multiqc                                            [DEBUG  ]  File ignored by hicexplorer because it exceeded search pattern filesize limit: websupport.js
[2025-12-21 14:10:02,142] multiqc                                            [DEBUG  ]  File ignored by lima/summary because it exceeded search pattern filesize limit: websupport.js
[2025-12-21 14:10:02,145] multiqc                                            [DEBUG  ]  File ignored by longranger/invocation because it exceeded search pattern filesize limit: websupport.js
[2025-12-21 14:10:02,159] multiqc                                            [DEBUG  ]  File ignored by nanostat because it exceeded search pattern filesize limit: websupport.js
[2025-12-21 14:10:02,164] multiqc                                            [DEBUG  ]  File ignored by ccs/v4 because it exceeded search pattern filesize limit: coverage_profile_along_genes_(low).txt
[2025-12-21 14:10:02,165] multiqc                                            [DEBUG  ]  File ignored by lima/summary because it exceeded search pattern filesize limit: coverage_profile_along_genes_(low).txt
[2025-12-21 14:10:02,167] multiqc                                            [DEBUG  ]  File ignored by longranger/invocation because it exceeded search pattern filesize limit: coverage_profile_along_genes_(low).txt
[2025-12-21 14:10:02,175] multiqc                                            [DEBUG  ]  File ignored by ccs/v4 because it exceeded search pattern filesize limit: coverage_profile_along_genes_(high).txt
[2025-12-21 14:10:02,177] multiqc                                            [DEBUG  ]  File ignored by lima/summary because it exceeded search pattern filesize limit: coverage_profile_along_genes_(high).txt
[2025-12-21 14:10:02,179] multiqc                                            [DEBUG  ]  File ignored by longranger/invocation because it exceeded search pattern filesize limit: coverage_profile_along_genes_(high).txt
[2025-12-21 14:10:02,189] multiqc                                            [DEBUG  ]  File ignored by ccs/v4 because it exceeded search pattern filesize limit: qualimapReport.html
[2025-12-21 14:10:02,190] multiqc                                            [DEBUG  ]  File ignored by hicexplorer because it exceeded search pattern filesize limit: qualimapReport.html
[2025-12-21 14:10:02,190] multiqc                                            [DEBUG  ]  File ignored by lima/summary because it exceeded search pattern filesize limit: qualimapReport.html
[2025-12-21 14:10:02,192] multiqc                                            [DEBUG  ]  File ignored by longranger/invocation because it exceeded search pattern filesize limit: qualimapReport.html
[2025-12-21 14:10:02,199] multiqc                                            [DEBUG  ]  File ignored by nanostat because it exceeded search pattern filesize limit: qualimapReport.html
[2025-12-21 14:10:02,227] multiqc                                            [DEBUG  ]  File ignored by ccs/v4 because it exceeded search pattern filesize limit: agogo.css
[2025-12-21 14:10:02,228] multiqc                                            [DEBUG  ]  File ignored by hicexplorer because it exceeded search pattern filesize limit: agogo.css
[2025-12-21 14:10:02,228] multiqc                                            [DEBUG  ]  File ignored by lima/summary because it exceeded search pattern filesize limit: agogo.css
[2025-12-21 14:10:02,231] multiqc                                            [DEBUG  ]  File ignored by longranger/invocation because it exceeded search pattern filesize limit: agogo.css
[2025-12-21 14:10:02,241] multiqc                                            [DEBUG  ]  File ignored by nanostat because it exceeded search pattern filesize limit: agogo.css
[2025-12-21 14:10:02,333] multiqc                                            [DEBUG  ]  File ignored by ccs/v4 because it exceeded search pattern filesize limit: basic.css
[2025-12-21 14:10:02,336] multiqc                                            [DEBUG  ]  File ignored by hicexplorer because it exceeded search pattern filesize limit: basic.css
[2025-12-21 14:10:02,337] multiqc                                            [DEBUG  ]  File ignored by lima/summary because it exceeded search pattern filesize limit: basic.css
[2025-12-21 14:10:02,339] multiqc                                            [DEBUG  ]  File ignored by longranger/invocation because it exceeded search pattern filesize limit: basic.css
[2025-12-21 14:10:02,348] multiqc                                            [DEBUG  ]  File ignored by nanostat because it exceeded search pattern filesize limit: basic.css
[2025-12-21 14:10:02,463] multiqc                                            [DEBUG  ]  File ignored by ccs/v4 because it exceeded search pattern filesize limit: doctools.js
[2025-12-21 14:10:02,464] multiqc                                            [DEBUG  ]  File ignored by hicexplorer because it exceeded search pattern filesize limit: doctools.js
[2025-12-21 14:10:02,464] multiqc                                            [DEBUG  ]  File ignored by lima/summary because it exceeded search pattern filesize limit: doctools.js
[2025-12-21 14:10:02,467] multiqc                                            [DEBUG  ]  File ignored by longranger/invocation because it exceeded search pattern filesize limit: doctools.js
[2025-12-21 14:10:02,473] multiqc                                            [DEBUG  ]  File ignored by nanostat because it exceeded search pattern filesize limit: doctools.js
[2025-12-21 14:10:02,533] multiqc                                            [DEBUG  ]  File ignored by ccs/v4 because it exceeded search pattern filesize limit: jquery.js
[2025-12-21 14:10:02,534] multiqc                                            [DEBUG  ]  File ignored by hicexplorer because it exceeded search pattern filesize limit: jquery.js
[2025-12-21 14:10:02,534] multiqc                                            [DEBUG  ]  File ignored by lima/summary because it exceeded search pattern filesize limit: jquery.js
[2025-12-21 14:10:02,538] multiqc                                            [DEBUG  ]  File ignored by longranger/invocation because it exceeded search pattern filesize limit: jquery.js
[2025-12-21 14:10:02,547] multiqc                                            [DEBUG  ]  File ignored by nanostat because it exceeded search pattern filesize limit: jquery.js
[2025-12-21 14:10:02,593] multiqc                                            [DEBUG  ]  File ignored by ccs/v4 because it exceeded search pattern filesize limit: pygments.css
[2025-12-21 14:10:02,595] multiqc                                            [DEBUG  ]  File ignored by lima/summary because it exceeded search pattern filesize limit: pygments.css
[2025-12-21 14:10:02,597] multiqc                                            [DEBUG  ]  File ignored by longranger/invocation because it exceeded search pattern filesize limit: pygments.css
[2025-12-21 14:10:02,718] multiqc                                            [DEBUG  ]  File ignored by ccs/v4 because it exceeded search pattern filesize limit: searchtools.js
[2025-12-21 14:10:02,720] multiqc                                            [DEBUG  ]  File ignored by hicexplorer because it exceeded search pattern filesize limit: searchtools.js
[2025-12-21 14:10:02,720] multiqc                                            [DEBUG  ]  File ignored by lima/summary because it exceeded search pattern filesize limit: searchtools.js
[2025-12-21 14:10:02,722] multiqc                                            [DEBUG  ]  File ignored by longranger/invocation because it exceeded search pattern filesize limit: searchtools.js
[2025-12-21 14:10:02,732] multiqc                                            [DEBUG  ]  File ignored by nanostat because it exceeded search pattern filesize limit: searchtools.js
[2025-12-21 14:10:02,756] multiqc                                            [DEBUG  ]  File ignored by ccs/v4 because it exceeded search pattern filesize limit: underscore.js
[2025-12-21 14:10:02,757] multiqc                                            [DEBUG  ]  File ignored by hicexplorer because it exceeded search pattern filesize limit: underscore.js
[2025-12-21 14:10:02,757] multiqc                                            [DEBUG  ]  File ignored by lima/summary because it exceeded search pattern filesize limit: underscore.js
[2025-12-21 14:10:02,760] multiqc                                            [DEBUG  ]  File ignored by longranger/invocation because it exceeded search pattern filesize limit: underscore.js
[2025-12-21 14:10:02,764] multiqc                                            [DEBUG  ]  File ignored by nanostat because it exceeded search pattern filesize limit: underscore.js
[2025-12-21 14:10:02,892] multiqc                                            [DEBUG  ]  File ignored by ccs/v4 because it exceeded search pattern filesize limit: websupport.js
[2025-12-21 14:10:02,893] multiqc                                            [DEBUG  ]  File ignored by hicexplorer because it exceeded search pattern filesize limit: websupport.js
[2025-12-21 14:10:02,893] multiqc                                            [DEBUG  ]  File ignored by lima/summary because it exceeded search pattern filesize limit: websupport.js
[2025-12-21 14:10:02,896] multiqc                                            [DEBUG  ]  File ignored by longranger/invocation because it exceeded search pattern filesize limit: websupport.js
[2025-12-21 14:10:02,909] multiqc                                            [DEBUG  ]  File ignored by nanostat because it exceeded search pattern filesize limit: websupport.js
[2025-12-21 14:10:02,914] multiqc                                            [DEBUG  ]  File ignored by ccs/v4 because it exceeded search pattern filesize limit: coverage_profile_along_genes_(low).txt
[2025-12-21 14:10:02,915] multiqc                                            [DEBUG  ]  File ignored by lima/summary because it exceeded search pattern filesize limit: coverage_profile_along_genes_(low).txt
[2025-12-21 14:10:02,917] multiqc                                            [DEBUG  ]  File ignored by longranger/invocation because it exceeded search pattern filesize limit: coverage_profile_along_genes_(low).txt
[2025-12-21 14:10:02,925] multiqc                                            [DEBUG  ]  File ignored by ccs/v4 because it exceeded search pattern filesize limit: coverage_profile_along_genes_(high).txt
[2025-12-21 14:10:02,927] multiqc                                            [DEBUG  ]  File ignored by lima/summary because it exceeded search pattern filesize limit: coverage_profile_along_genes_(high).txt
[2025-12-21 14:10:02,929] multiqc                                            [DEBUG  ]  File ignored by longranger/invocation because it exceeded search pattern filesize limit: coverage_profile_along_genes_(high).txt
[2025-12-21 14:10:02,938] multiqc                                            [DEBUG  ]  File ignored by ccs/v4 because it exceeded search pattern filesize limit: qualimapReport.html
[2025-12-21 14:10:02,939] multiqc                                            [DEBUG  ]  File ignored by hicexplorer because it exceeded search pattern filesize limit: qualimapReport.html
[2025-12-21 14:10:02,939] multiqc                                            [DEBUG  ]  File ignored by lima/summary because it exceeded search pattern filesize limit: qualimapReport.html
[2025-12-21 14:10:02,941] multiqc                                            [DEBUG  ]  File ignored by longranger/invocation because it exceeded search pattern filesize limit: qualimapReport.html
[2025-12-21 14:10:02,949] multiqc                                            [DEBUG  ]  File ignored by nanostat because it exceeded search pattern filesize limit: qualimapReport.html
[2025-12-21 14:10:02,983] multiqc                                            [DEBUG  ]  File ignored by ccs/v4 because it exceeded search pattern filesize limit: agogo.css
[2025-12-21 14:10:02,984] multiqc                                            [DEBUG  ]  File ignored by hicexplorer because it exceeded search pattern filesize limit: agogo.css
[2025-12-21 14:10:02,984] multiqc                                            [DEBUG  ]  File ignored by lima/summary because it exceeded search pattern filesize limit: agogo.css
[2025-12-21 14:10:02,986] multiqc                                            [DEBUG  ]  File ignored by longranger/invocation because it exceeded search pattern filesize limit: agogo.css
[2025-12-21 14:10:02,994] multiqc                                            [DEBUG  ]  File ignored by nanostat because it exceeded search pattern filesize limit: agogo.css
[2025-12-21 14:10:03,000] multiqc                                            [DEBUG  ]  File ignored by ccs/v4 because it exceeded search pattern filesize limit: basic.css
[2025-12-21 14:10:03,001] multiqc                                            [DEBUG  ]  File ignored by hicexplorer because it exceeded search pattern filesize limit: basic.css
[2025-12-21 14:10:03,002] multiqc                                            [DEBUG  ]  File ignored by lima/summary because it exceeded search pattern filesize limit: basic.css
[2025-12-21 14:10:03,004] multiqc                                            [DEBUG  ]  File ignored by longranger/invocation because it exceeded search pattern filesize limit: basic.css
[2025-12-21 14:10:03,013] multiqc                                            [DEBUG  ]  File ignored by nanostat because it exceeded search pattern filesize limit: basic.css
[2025-12-21 14:10:03,040] multiqc                                            [DEBUG  ]  File ignored by ccs/v4 because it exceeded search pattern filesize limit: doctools.js
[2025-12-21 14:10:03,041] multiqc                                            [DEBUG  ]  File ignored by hicexplorer because it exceeded search pattern filesize limit: doctools.js
[2025-12-21 14:10:03,042] multiqc                                            [DEBUG  ]  File ignored by lima/summary because it exceeded search pattern filesize limit: doctools.js
[2025-12-21 14:10:03,044] multiqc                                            [DEBUG  ]  File ignored by longranger/invocation because it exceeded search pattern filesize limit: doctools.js
[2025-12-21 14:10:03,052] multiqc                                            [DEBUG  ]  File ignored by nanostat because it exceeded search pattern filesize limit: doctools.js
[2025-12-21 14:10:03,239] multiqc                                            [DEBUG  ]  File ignored by ccs/v4 because it exceeded search pattern filesize limit: jquery.js
[2025-12-21 14:10:03,240] multiqc                                            [DEBUG  ]  File ignored by hicexplorer because it exceeded search pattern filesize limit: jquery.js
[2025-12-21 14:10:03,240] multiqc                                            [DEBUG  ]  File ignored by lima/summary because it exceeded search pattern filesize limit: jquery.js
[2025-12-21 14:10:03,243] multiqc                                            [DEBUG  ]  File ignored by longranger/invocation because it exceeded search pattern filesize limit: jquery.js
[2025-12-21 14:10:03,254] multiqc                                            [DEBUG  ]  File ignored by nanostat because it exceeded search pattern filesize limit: jquery.js
[2025-12-21 14:10:03,279] multiqc                                            [DEBUG  ]  File ignored by ccs/v4 because it exceeded search pattern filesize limit: pygments.css
[2025-12-21 14:10:03,280] multiqc                                            [DEBUG  ]  File ignored by lima/summary because it exceeded search pattern filesize limit: pygments.css
[2025-12-21 14:10:03,283] multiqc                                            [DEBUG  ]  File ignored by longranger/invocation because it exceeded search pattern filesize limit: pygments.css
[2025-12-21 14:10:03,306] multiqc                                            [DEBUG  ]  File ignored by ccs/v4 because it exceeded search pattern filesize limit: searchtools.js
[2025-12-21 14:10:03,307] multiqc                                            [DEBUG  ]  File ignored by hicexplorer because it exceeded search pattern filesize limit: searchtools.js
[2025-12-21 14:10:03,307] multiqc                                            [DEBUG  ]  File ignored by lima/summary because it exceeded search pattern filesize limit: searchtools.js
[2025-12-21 14:10:03,309] multiqc                                            [DEBUG  ]  File ignored by longranger/invocation because it exceeded search pattern filesize limit: searchtools.js
[2025-12-21 14:10:03,319] multiqc                                            [DEBUG  ]  File ignored by nanostat because it exceeded search pattern filesize limit: searchtools.js
[2025-12-21 14:10:03,324] multiqc                                            [DEBUG  ]  File ignored by ccs/v4 because it exceeded search pattern filesize limit: underscore.js
[2025-12-21 14:10:03,325] multiqc                                            [DEBUG  ]  File ignored by hicexplorer because it exceeded search pattern filesize limit: underscore.js
[2025-12-21 14:10:03,325] multiqc                                            [DEBUG  ]  File ignored by lima/summary because it exceeded search pattern filesize limit: underscore.js
[2025-12-21 14:10:03,327] multiqc                                            [DEBUG  ]  File ignored by longranger/invocation because it exceeded search pattern filesize limit: underscore.js
[2025-12-21 14:10:03,332] multiqc                                            [DEBUG  ]  File ignored by nanostat because it exceeded search pattern filesize limit: underscore.js
[2025-12-21 14:10:03,349] multiqc                                            [DEBUG  ]  File ignored by ccs/v4 because it exceeded search pattern filesize limit: websupport.js
[2025-12-21 14:10:03,351] multiqc                                            [DEBUG  ]  File ignored by hicexplorer because it exceeded search pattern filesize limit: websupport.js
[2025-12-21 14:10:03,351] multiqc                                            [DEBUG  ]  File ignored by lima/summary because it exceeded search pattern filesize limit: websupport.js
[2025-12-21 14:10:03,354] multiqc                                            [DEBUG  ]  File ignored by longranger/invocation because it exceeded search pattern filesize limit: websupport.js
[2025-12-21 14:10:03,366] multiqc                                            [DEBUG  ]  File ignored by nanostat because it exceeded search pattern filesize limit: websupport.js
[2025-12-21 14:10:03,371] multiqc                                            [DEBUG  ]  File ignored by ccs/v4 because it exceeded search pattern filesize limit: coverage_profile_along_genes_(low).txt
[2025-12-21 14:10:03,372] multiqc                                            [DEBUG  ]  File ignored by lima/summary because it exceeded search pattern filesize limit: coverage_profile_along_genes_(low).txt
[2025-12-21 14:10:03,374] multiqc                                            [DEBUG  ]  File ignored by longranger/invocation because it exceeded search pattern filesize limit: coverage_profile_along_genes_(low).txt
[2025-12-21 14:10:03,382] multiqc                                            [DEBUG  ]  File ignored by ccs/v4 because it exceeded search pattern filesize limit: coverage_profile_along_genes_(high).txt
[2025-12-21 14:10:03,383] multiqc                                            [DEBUG  ]  File ignored by lima/summary because it exceeded search pattern filesize limit: coverage_profile_along_genes_(high).txt
[2025-12-21 14:10:03,386] multiqc                                            [DEBUG  ]  File ignored by longranger/invocation because it exceeded search pattern filesize limit: coverage_profile_along_genes_(high).txt
[2025-12-21 14:10:03,394] multiqc                                            [DEBUG  ]  File ignored by ccs/v4 because it exceeded search pattern filesize limit: qualimapReport.html
[2025-12-21 14:10:03,395] multiqc                                            [DEBUG  ]  File ignored by hicexplorer because it exceeded search pattern filesize limit: qualimapReport.html
[2025-12-21 14:10:03,395] multiqc                                            [DEBUG  ]  File ignored by lima/summary because it exceeded search pattern filesize limit: qualimapReport.html
[2025-12-21 14:10:03,397] multiqc                                            [DEBUG  ]  File ignored by longranger/invocation because it exceeded search pattern filesize limit: qualimapReport.html
[2025-12-21 14:10:03,405] multiqc                                            [DEBUG  ]  File ignored by nanostat because it exceeded search pattern filesize limit: qualimapReport.html
[2025-12-21 14:10:03,434] multiqc                                            [DEBUG  ]  File ignored by ccs/v4 because it exceeded search pattern filesize limit: agogo.css
[2025-12-21 14:10:03,435] multiqc                                            [DEBUG  ]  File ignored by hicexplorer because it exceeded search pattern filesize limit: agogo.css
[2025-12-21 14:10:03,435] multiqc                                            [DEBUG  ]  File ignored by lima/summary because it exceeded search pattern filesize limit: agogo.css
[2025-12-21 14:10:03,438] multiqc                                            [DEBUG  ]  File ignored by longranger/invocation because it exceeded search pattern filesize limit: agogo.css
[2025-12-21 14:10:03,446] multiqc                                            [DEBUG  ]  File ignored by nanostat because it exceeded search pattern filesize limit: agogo.css
[2025-12-21 14:10:03,468] multiqc                                            [DEBUG  ]  File ignored by ccs/v4 because it exceeded search pattern filesize limit: basic.css
[2025-12-21 14:10:03,469] multiqc                                            [DEBUG  ]  File ignored by hicexplorer because it exceeded search pattern filesize limit: basic.css
[2025-12-21 14:10:03,469] multiqc                                            [DEBUG  ]  File ignored by lima/summary because it exceeded search pattern filesize limit: basic.css
[2025-12-21 14:10:03,471] multiqc                                            [DEBUG  ]  File ignored by longranger/invocation because it exceeded search pattern filesize limit: basic.css
[2025-12-21 14:10:03,481] multiqc                                            [DEBUG  ]  File ignored by nanostat because it exceeded search pattern filesize limit: basic.css
[2025-12-21 14:10:03,524] multiqc                                            [DEBUG  ]  File ignored by ccs/v4 because it exceeded search pattern filesize limit: doctools.js
[2025-12-21 14:10:03,525] multiqc                                            [DEBUG  ]  File ignored by hicexplorer because it exceeded search pattern filesize limit: doctools.js
[2025-12-21 14:10:03,525] multiqc                                            [DEBUG  ]  File ignored by lima/summary because it exceeded search pattern filesize limit: doctools.js
[2025-12-21 14:10:03,528] multiqc                                            [DEBUG  ]  File ignored by longranger/invocation because it exceeded search pattern filesize limit: doctools.js
[2025-12-21 14:10:03,533] multiqc                                            [DEBUG  ]  File ignored by nanostat because it exceeded search pattern filesize limit: doctools.js
[2025-12-21 14:10:03,825] multiqc                                            [DEBUG  ]  File ignored by ccs/v4 because it exceeded search pattern filesize limit: jquery.js
[2025-12-21 14:10:03,827] multiqc                                            [DEBUG  ]  File ignored by hicexplorer because it exceeded search pattern filesize limit: jquery.js
[2025-12-21 14:10:03,827] multiqc                                            [DEBUG  ]  File ignored by lima/summary because it exceeded search pattern filesize limit: jquery.js
[2025-12-21 14:10:03,830] multiqc                                            [DEBUG  ]  File ignored by longranger/invocation because it exceeded search pattern filesize limit: jquery.js
[2025-12-21 14:10:03,839] multiqc                                            [DEBUG  ]  File ignored by nanostat because it exceeded search pattern filesize limit: jquery.js
[2025-12-21 14:10:03,924] multiqc                                            [DEBUG  ]  File ignored by ccs/v4 because it exceeded search pattern filesize limit: pygments.css
[2025-12-21 14:10:03,925] multiqc                                            [DEBUG  ]  File ignored by lima/summary because it exceeded search pattern filesize limit: pygments.css
[2025-12-21 14:10:03,928] multiqc                                            [DEBUG  ]  File ignored by longranger/invocation because it exceeded search pattern filesize limit: pygments.css
[2025-12-21 14:10:04,037] multiqc                                            [DEBUG  ]  File ignored by ccs/v4 because it exceeded search pattern filesize limit: searchtools.js
[2025-12-21 14:10:04,039] multiqc                                            [DEBUG  ]  File ignored by hicexplorer because it exceeded search pattern filesize limit: searchtools.js
[2025-12-21 14:10:04,039] multiqc                                            [DEBUG  ]  File ignored by lima/summary because it exceeded search pattern filesize limit: searchtools.js
[2025-12-21 14:10:04,041] multiqc                                            [DEBUG  ]  File ignored by longranger/invocation because it exceeded search pattern filesize limit: searchtools.js
[2025-12-21 14:10:04,051] multiqc                                            [DEBUG  ]  File ignored by nanostat because it exceeded search pattern filesize limit: searchtools.js
[2025-12-21 14:10:04,084] multiqc                                            [DEBUG  ]  File ignored by ccs/v4 because it exceeded search pattern filesize limit: underscore.js
[2025-12-21 14:10:04,085] multiqc                                            [DEBUG  ]  File ignored by hicexplorer because it exceeded search pattern filesize limit: underscore.js
[2025-12-21 14:10:04,085] multiqc                                            [DEBUG  ]  File ignored by lima/summary because it exceeded search pattern filesize limit: underscore.js
[2025-12-21 14:10:04,088] multiqc                                            [DEBUG  ]  File ignored by longranger/invocation because it exceeded search pattern filesize limit: underscore.js
[2025-12-21 14:10:04,092] multiqc                                            [DEBUG  ]  File ignored by nanostat because it exceeded search pattern filesize limit: underscore.js
[2025-12-21 14:10:04,165] multiqc                                            [DEBUG  ]  File ignored by ccs/v4 because it exceeded search pattern filesize limit: websupport.js
[2025-12-21 14:10:04,167] multiqc                                            [DEBUG  ]  File ignored by hicexplorer because it exceeded search pattern filesize limit: websupport.js
[2025-12-21 14:10:04,167] multiqc                                            [DEBUG  ]  File ignored by lima/summary because it exceeded search pattern filesize limit: websupport.js
[2025-12-21 14:10:04,169] multiqc                                            [DEBUG  ]  File ignored by longranger/invocation because it exceeded search pattern filesize limit: websupport.js
[2025-12-21 14:10:04,183] multiqc                                            [DEBUG  ]  File ignored by nanostat because it exceeded search pattern filesize limit: websupport.js
[2025-12-21 14:10:04,188] multiqc                                            [DEBUG  ]  File ignored by ccs/v4 because it exceeded search pattern filesize limit: coverage_profile_along_genes_(low).txt
[2025-12-21 14:10:04,189] multiqc                                            [DEBUG  ]  File ignored by lima/summary because it exceeded search pattern filesize limit: coverage_profile_along_genes_(low).txt
[2025-12-21 14:10:04,191] multiqc                                            [DEBUG  ]  File ignored by longranger/invocation because it exceeded search pattern filesize limit: coverage_profile_along_genes_(low).txt
[2025-12-21 14:10:04,199] multiqc                                            [DEBUG  ]  File ignored by ccs/v4 because it exceeded search pattern filesize limit: coverage_profile_along_genes_(high).txt
[2025-12-21 14:10:04,201] multiqc                                            [DEBUG  ]  File ignored by lima/summary because it exceeded search pattern filesize limit: coverage_profile_along_genes_(high).txt
[2025-12-21 14:10:04,203] multiqc                                            [DEBUG  ]  File ignored by longranger/invocation because it exceeded search pattern filesize limit: coverage_profile_along_genes_(high).txt
[2025-12-21 14:10:04,212] multiqc                                            [DEBUG  ]  File ignored by ccs/v4 because it exceeded search pattern filesize limit: qualimapReport.html
[2025-12-21 14:10:04,213] multiqc                                            [DEBUG  ]  File ignored by hicexplorer because it exceeded search pattern filesize limit: qualimapReport.html
[2025-12-21 14:10:04,213] multiqc                                            [DEBUG  ]  File ignored by lima/summary because it exceeded search pattern filesize limit: qualimapReport.html
[2025-12-21 14:10:04,215] multiqc                                            [DEBUG  ]  File ignored by longranger/invocation because it exceeded search pattern filesize limit: qualimapReport.html
[2025-12-21 14:10:04,222] multiqc                                            [DEBUG  ]  File ignored by nanostat because it exceeded search pattern filesize limit: qualimapReport.html
[2025-12-21 14:10:04,254] multiqc                                            [DEBUG  ]  File ignored by ccs/v4 because it exceeded search pattern filesize limit: agogo.css
[2025-12-21 14:10:04,255] multiqc                                            [DEBUG  ]  File ignored by hicexplorer because it exceeded search pattern filesize limit: agogo.css
[2025-12-21 14:10:04,256] multiqc                                            [DEBUG  ]  File ignored by lima/summary because it exceeded search pattern filesize limit: agogo.css
[2025-12-21 14:10:04,258] multiqc                                            [DEBUG  ]  File ignored by longranger/invocation because it exceeded search pattern filesize limit: agogo.css
[2025-12-21 14:10:04,267] multiqc                                            [DEBUG  ]  File ignored by nanostat because it exceeded search pattern filesize limit: agogo.css
[2025-12-21 14:10:04,273] multiqc                                            [DEBUG  ]  File ignored by ccs/v4 because it exceeded search pattern filesize limit: basic.css
[2025-12-21 14:10:04,274] multiqc                                            [DEBUG  ]  File ignored by hicexplorer because it exceeded search pattern filesize limit: basic.css
[2025-12-21 14:10:04,275] multiqc                                            [DEBUG  ]  File ignored by lima/summary because it exceeded search pattern filesize limit: basic.css
[2025-12-21 14:10:04,277] multiqc                                            [DEBUG  ]  File ignored by longranger/invocation because it exceeded search pattern filesize limit: basic.css
[2025-12-21 14:10:04,285] multiqc                                            [DEBUG  ]  File ignored by nanostat because it exceeded search pattern filesize limit: basic.css
[2025-12-21 14:10:04,296] multiqc                                            [DEBUG  ]  File ignored by ccs/v4 because it exceeded search pattern filesize limit: doctools.js
[2025-12-21 14:10:04,298] multiqc                                            [DEBUG  ]  File ignored by hicexplorer because it exceeded search pattern filesize limit: doctools.js
[2025-12-21 14:10:04,298] multiqc                                            [DEBUG  ]  File ignored by lima/summary because it exceeded search pattern filesize limit: doctools.js
[2025-12-21 14:10:04,300] multiqc                                            [DEBUG  ]  File ignored by longranger/invocation because it exceeded search pattern filesize limit: doctools.js
[2025-12-21 14:10:04,306] multiqc                                            [DEBUG  ]  File ignored by nanostat because it exceeded search pattern filesize limit: doctools.js
[2025-12-21 14:10:04,331] multiqc                                            [DEBUG  ]  File ignored by ccs/v4 because it exceeded search pattern filesize limit: jquery.js
[2025-12-21 14:10:04,333] multiqc                                            [DEBUG  ]  File ignored by hicexplorer because it exceeded search pattern filesize limit: jquery.js
[2025-12-21 14:10:04,333] multiqc                                            [DEBUG  ]  File ignored by lima/summary because it exceeded search pattern filesize limit: jquery.js
[2025-12-21 14:10:04,336] multiqc                                            [DEBUG  ]  File ignored by longranger/invocation because it exceeded search pattern filesize limit: jquery.js
[2025-12-21 14:10:04,345] multiqc                                            [DEBUG  ]  File ignored by nanostat because it exceeded search pattern filesize limit: jquery.js
[2025-12-21 14:10:04,353] multiqc                                            [DEBUG  ]  File ignored by ccs/v4 because it exceeded search pattern filesize limit: pygments.css
[2025-12-21 14:10:04,354] multiqc                                            [DEBUG  ]  File ignored by lima/summary because it exceeded search pattern filesize limit: pygments.css
[2025-12-21 14:10:04,357] multiqc                                            [DEBUG  ]  File ignored by longranger/invocation because it exceeded search pattern filesize limit: pygments.css
[2025-12-21 14:10:04,380] multiqc                                            [DEBUG  ]  File ignored by ccs/v4 because it exceeded search pattern filesize limit: searchtools.js
[2025-12-21 14:10:04,381] multiqc                                            [DEBUG  ]  File ignored by hicexplorer because it exceeded search pattern filesize limit: searchtools.js
[2025-12-21 14:10:04,382] multiqc                                            [DEBUG  ]  File ignored by lima/summary because it exceeded search pattern filesize limit: searchtools.js
[2025-12-21 14:10:04,384] multiqc                                            [DEBUG  ]  File ignored by longranger/invocation because it exceeded search pattern filesize limit: searchtools.js
[2025-12-21 14:10:04,393] multiqc                                            [DEBUG  ]  File ignored by nanostat because it exceeded search pattern filesize limit: searchtools.js
[2025-12-21 14:10:04,399] multiqc                                            [DEBUG  ]  File ignored by ccs/v4 because it exceeded search pattern filesize limit: underscore.js
[2025-12-21 14:10:04,400] multiqc                                            [DEBUG  ]  File ignored by hicexplorer because it exceeded search pattern filesize limit: underscore.js
[2025-12-21 14:10:04,400] multiqc                                            [DEBUG  ]  File ignored by lima/summary because it exceeded search pattern filesize limit: underscore.js
[2025-12-21 14:10:04,402] multiqc                                            [DEBUG  ]  File ignored by longranger/invocation because it exceeded search pattern filesize limit: underscore.js
[2025-12-21 14:10:04,406] multiqc                                            [DEBUG  ]  File ignored by nanostat because it exceeded search pattern filesize limit: underscore.js
[2025-12-21 14:10:04,414] multiqc                                            [DEBUG  ]  File ignored by ccs/v4 because it exceeded search pattern filesize limit: websupport.js
[2025-12-21 14:10:04,415] multiqc                                            [DEBUG  ]  File ignored by hicexplorer because it exceeded search pattern filesize limit: websupport.js
[2025-12-21 14:10:04,415] multiqc                                            [DEBUG  ]  File ignored by lima/summary because it exceeded search pattern filesize limit: websupport.js
[2025-12-21 14:10:04,418] multiqc                                            [DEBUG  ]  File ignored by longranger/invocation because it exceeded search pattern filesize limit: websupport.js
[2025-12-21 14:10:04,431] multiqc                                            [DEBUG  ]  File ignored by nanostat because it exceeded search pattern filesize limit: websupport.js
[2025-12-21 14:10:04,436] multiqc                                            [DEBUG  ]  File ignored by ccs/v4 because it exceeded search pattern filesize limit: coverage_profile_along_genes_(low).txt
[2025-12-21 14:10:04,437] multiqc                                            [DEBUG  ]  File ignored by lima/summary because it exceeded search pattern filesize limit: coverage_profile_along_genes_(low).txt
[2025-12-21 14:10:04,439] multiqc                                            [DEBUG  ]  File ignored by longranger/invocation because it exceeded search pattern filesize limit: coverage_profile_along_genes_(low).txt
[2025-12-21 14:10:04,447] multiqc                                            [DEBUG  ]  File ignored by ccs/v4 because it exceeded search pattern filesize limit: coverage_profile_along_genes_(high).txt
[2025-12-21 14:10:04,449] multiqc                                            [DEBUG  ]  File ignored by lima/summary because it exceeded search pattern filesize limit: coverage_profile_along_genes_(high).txt
[2025-12-21 14:10:04,451] multiqc                                            [DEBUG  ]  File ignored by longranger/invocation because it exceeded search pattern filesize limit: coverage_profile_along_genes_(high).txt
[2025-12-21 14:10:04,459] multiqc                                            [DEBUG  ]  File ignored by ccs/v4 because it exceeded search pattern filesize limit: qualimapReport.html
[2025-12-21 14:10:04,461] multiqc                                            [DEBUG  ]  File ignored by hicexplorer because it exceeded search pattern filesize limit: qualimapReport.html
[2025-12-21 14:10:04,461] multiqc                                            [DEBUG  ]  File ignored by lima/summary because it exceeded search pattern filesize limit: qualimapReport.html
[2025-12-21 14:10:04,463] multiqc                                            [DEBUG  ]  File ignored by longranger/invocation because it exceeded search pattern filesize limit: qualimapReport.html
[2025-12-21 14:10:04,472] multiqc                                            [DEBUG  ]  File ignored by nanostat because it exceeded search pattern filesize limit: qualimapReport.html
[2025-12-21 14:10:04,496] multiqc                                            [DEBUG  ]  File ignored by ccs/v4 because it exceeded search pattern filesize limit: agogo.css
[2025-12-21 14:10:04,497] multiqc                                            [DEBUG  ]  File ignored by hicexplorer because it exceeded search pattern filesize limit: agogo.css
[2025-12-21 14:10:04,497] multiqc                                            [DEBUG  ]  File ignored by lima/summary because it exceeded search pattern filesize limit: agogo.css
[2025-12-21 14:10:04,500] multiqc                                            [DEBUG  ]  File ignored by longranger/invocation because it exceeded search pattern filesize limit: agogo.css
[2025-12-21 14:10:04,509] multiqc                                            [DEBUG  ]  File ignored by nanostat because it exceeded search pattern filesize limit: agogo.css
[2025-12-21 14:10:04,527] multiqc                                            [DEBUG  ]  File ignored by ccs/v4 because it exceeded search pattern filesize limit: basic.css
[2025-12-21 14:10:04,528] multiqc                                            [DEBUG  ]  File ignored by hicexplorer because it exceeded search pattern filesize limit: basic.css
[2025-12-21 14:10:04,528] multiqc                                            [DEBUG  ]  File ignored by lima/summary because it exceeded search pattern filesize limit: basic.css
[2025-12-21 14:10:04,530] multiqc                                            [DEBUG  ]  File ignored by longranger/invocation because it exceeded search pattern filesize limit: basic.css
[2025-12-21 14:10:04,538] multiqc                                            [DEBUG  ]  File ignored by nanostat because it exceeded search pattern filesize limit: basic.css
[2025-12-21 14:10:04,585] multiqc                                            [DEBUG  ]  File ignored by ccs/v4 because it exceeded search pattern filesize limit: doctools.js
[2025-12-21 14:10:04,586] multiqc                                            [DEBUG  ]  File ignored by hicexplorer because it exceeded search pattern filesize limit: doctools.js
[2025-12-21 14:10:04,586] multiqc                                            [DEBUG  ]  File ignored by lima/summary because it exceeded search pattern filesize limit: doctools.js
[2025-12-21 14:10:04,589] multiqc                                            [DEBUG  ]  File ignored by longranger/invocation because it exceeded search pattern filesize limit: doctools.js
[2025-12-21 14:10:04,595] multiqc                                            [DEBUG  ]  File ignored by nanostat because it exceeded search pattern filesize limit: doctools.js
[2025-12-21 14:10:04,654] multiqc                                            [DEBUG  ]  File ignored by ccs/v4 because it exceeded search pattern filesize limit: jquery.js
[2025-12-21 14:10:04,655] multiqc                                            [DEBUG  ]  File ignored by hicexplorer because it exceeded search pattern filesize limit: jquery.js
[2025-12-21 14:10:04,656] multiqc                                            [DEBUG  ]  File ignored by lima/summary because it exceeded search pattern filesize limit: jquery.js
[2025-12-21 14:10:04,659] multiqc                                            [DEBUG  ]  File ignored by longranger/invocation because it exceeded search pattern filesize limit: jquery.js
[2025-12-21 14:10:04,668] multiqc                                            [DEBUG  ]  File ignored by nanostat because it exceeded search pattern filesize limit: jquery.js
[2025-12-21 14:10:04,685] multiqc                                            [DEBUG  ]  File ignored by ccs/v4 because it exceeded search pattern filesize limit: pygments.css
[2025-12-21 14:10:04,686] multiqc                                            [DEBUG  ]  File ignored by lima/summary because it exceeded search pattern filesize limit: pygments.css
[2025-12-21 14:10:04,689] multiqc                                            [DEBUG  ]  File ignored by longranger/invocation because it exceeded search pattern filesize limit: pygments.css
[2025-12-21 14:10:04,737] multiqc                                            [DEBUG  ]  File ignored by ccs/v4 because it exceeded search pattern filesize limit: searchtools.js
[2025-12-21 14:10:04,738] multiqc                                            [DEBUG  ]  File ignored by hicexplorer because it exceeded search pattern filesize limit: searchtools.js
[2025-12-21 14:10:04,738] multiqc                                            [DEBUG  ]  File ignored by lima/summary because it exceeded search pattern filesize limit: searchtools.js
[2025-12-21 14:10:04,740] multiqc                                            [DEBUG  ]  File ignored by longranger/invocation because it exceeded search pattern filesize limit: searchtools.js
[2025-12-21 14:10:04,750] multiqc                                            [DEBUG  ]  File ignored by nanostat because it exceeded search pattern filesize limit: searchtools.js
[2025-12-21 14:10:04,850] multiqc                                            [DEBUG  ]  File ignored by ccs/v4 because it exceeded search pattern filesize limit: underscore.js
[2025-12-21 14:10:04,851] multiqc                                            [DEBUG  ]  File ignored by hicexplorer because it exceeded search pattern filesize limit: underscore.js
[2025-12-21 14:10:04,851] multiqc                                            [DEBUG  ]  File ignored by lima/summary because it exceeded search pattern filesize limit: underscore.js
[2025-12-21 14:10:04,853] multiqc                                            [DEBUG  ]  File ignored by longranger/invocation because it exceeded search pattern filesize limit: underscore.js
[2025-12-21 14:10:04,858] multiqc                                            [DEBUG  ]  File ignored by nanostat because it exceeded search pattern filesize limit: underscore.js
[2025-12-21 14:10:04,877] multiqc                                            [DEBUG  ]  File ignored by ccs/v4 because it exceeded search pattern filesize limit: websupport.js
[2025-12-21 14:10:04,878] multiqc                                            [DEBUG  ]  File ignored by hicexplorer because it exceeded search pattern filesize limit: websupport.js
[2025-12-21 14:10:04,878] multiqc                                            [DEBUG  ]  File ignored by lima/summary because it exceeded search pattern filesize limit: websupport.js
[2025-12-21 14:10:04,880] multiqc                                            [DEBUG  ]  File ignored by longranger/invocation because it exceeded search pattern filesize limit: websupport.js
[2025-12-21 14:10:04,893] multiqc                                            [DEBUG  ]  File ignored by nanostat because it exceeded search pattern filesize limit: websupport.js
[2025-12-21 14:10:04,898] multiqc                                            [DEBUG  ]  File ignored by ccs/v4 because it exceeded search pattern filesize limit: coverage_profile_along_genes_(low).txt
[2025-12-21 14:10:04,900] multiqc                                            [DEBUG  ]  File ignored by lima/summary because it exceeded search pattern filesize limit: coverage_profile_along_genes_(low).txt
[2025-12-21 14:10:04,902] multiqc                                            [DEBUG  ]  File ignored by longranger/invocation because it exceeded search pattern filesize limit: coverage_profile_along_genes_(low).txt
[2025-12-21 14:10:04,911] multiqc                                            [DEBUG  ]  File ignored by ccs/v4 because it exceeded search pattern filesize limit: coverage_profile_along_genes_(high).txt
[2025-12-21 14:10:04,913] multiqc                                            [DEBUG  ]  File ignored by lima/summary because it exceeded search pattern filesize limit: coverage_profile_along_genes_(high).txt
[2025-12-21 14:10:04,915] multiqc                                            [DEBUG  ]  File ignored by longranger/invocation because it exceeded search pattern filesize limit: coverage_profile_along_genes_(high).txt
[2025-12-21 14:10:04,923] multiqc                                            [DEBUG  ]  File ignored by ccs/v4 because it exceeded search pattern filesize limit: qualimapReport.html
[2025-12-21 14:10:04,925] multiqc                                            [DEBUG  ]  File ignored by hicexplorer because it exceeded search pattern filesize limit: qualimapReport.html
[2025-12-21 14:10:04,925] multiqc                                            [DEBUG  ]  File ignored by lima/summary because it exceeded search pattern filesize limit: qualimapReport.html
[2025-12-21 14:10:04,927] multiqc                                            [DEBUG  ]  File ignored by longranger/invocation because it exceeded search pattern filesize limit: qualimapReport.html
[2025-12-21 14:10:04,934] multiqc                                            [DEBUG  ]  File ignored by nanostat because it exceeded search pattern filesize limit: qualimapReport.html
[2025-12-21 14:10:04,978] multiqc                                            [DEBUG  ]  File ignored by ccs/v4 because it exceeded search pattern filesize limit: agogo.css
[2025-12-21 14:10:04,979] multiqc                                            [DEBUG  ]  File ignored by hicexplorer because it exceeded search pattern filesize limit: agogo.css
[2025-12-21 14:10:04,980] multiqc                                            [DEBUG  ]  File ignored by lima/summary because it exceeded search pattern filesize limit: agogo.css
[2025-12-21 14:10:04,982] multiqc                                            [DEBUG  ]  File ignored by longranger/invocation because it exceeded search pattern filesize limit: agogo.css
[2025-12-21 14:10:04,990] multiqc                                            [DEBUG  ]  File ignored by nanostat because it exceeded search pattern filesize limit: agogo.css
[2025-12-21 14:10:05,050] multiqc                                            [DEBUG  ]  File ignored by ccs/v4 because it exceeded search pattern filesize limit: basic.css
[2025-12-21 14:10:05,052] multiqc                                            [DEBUG  ]  File ignored by hicexplorer because it exceeded search pattern filesize limit: basic.css
[2025-12-21 14:10:05,052] multiqc                                            [DEBUG  ]  File ignored by lima/summary because it exceeded search pattern filesize limit: basic.css
[2025-12-21 14:10:05,054] multiqc                                            [DEBUG  ]  File ignored by longranger/invocation because it exceeded search pattern filesize limit: basic.css
[2025-12-21 14:10:05,063] multiqc                                            [DEBUG  ]  File ignored by nanostat because it exceeded search pattern filesize limit: basic.css
[2025-12-21 14:10:05,148] multiqc                                            [DEBUG  ]  File ignored by ccs/v4 because it exceeded search pattern filesize limit: doctools.js
[2025-12-21 14:10:05,150] multiqc                                            [DEBUG  ]  File ignored by hicexplorer because it exceeded search pattern filesize limit: doctools.js
[2025-12-21 14:10:05,150] multiqc                                            [DEBUG  ]  File ignored by lima/summary because it exceeded search pattern filesize limit: doctools.js
[2025-12-21 14:10:05,152] multiqc                                            [DEBUG  ]  File ignored by longranger/invocation because it exceeded search pattern filesize limit: doctools.js
[2025-12-21 14:10:05,158] multiqc                                            [DEBUG  ]  File ignored by nanostat because it exceeded search pattern filesize limit: doctools.js
[2025-12-21 14:10:05,242] multiqc                                            [DEBUG  ]  File ignored by ccs/v4 because it exceeded search pattern filesize limit: jquery.js
[2025-12-21 14:10:05,243] multiqc                                            [DEBUG  ]  File ignored by hicexplorer because it exceeded search pattern filesize limit: jquery.js
[2025-12-21 14:10:05,244] multiqc                                            [DEBUG  ]  File ignored by lima/summary because it exceeded search pattern filesize limit: jquery.js
[2025-12-21 14:10:05,246] multiqc                                            [DEBUG  ]  File ignored by longranger/invocation because it exceeded search pattern filesize limit: jquery.js
[2025-12-21 14:10:05,255] multiqc                                            [DEBUG  ]  File ignored by nanostat because it exceeded search pattern filesize limit: jquery.js
[2025-12-21 14:10:05,282] multiqc                                            [DEBUG  ]  File ignored by ccs/v4 because it exceeded search pattern filesize limit: pygments.css
[2025-12-21 14:10:05,284] multiqc                                            [DEBUG  ]  File ignored by lima/summary because it exceeded search pattern filesize limit: pygments.css
[2025-12-21 14:10:05,286] multiqc                                            [DEBUG  ]  File ignored by longranger/invocation because it exceeded search pattern filesize limit: pygments.css
[2025-12-21 14:10:05,309] multiqc                                            [DEBUG  ]  File ignored by ccs/v4 because it exceeded search pattern filesize limit: searchtools.js
[2025-12-21 14:10:05,310] multiqc                                            [DEBUG  ]  File ignored by hicexplorer because it exceeded search pattern filesize limit: searchtools.js
[2025-12-21 14:10:05,311] multiqc                                            [DEBUG  ]  File ignored by lima/summary because it exceeded search pattern filesize limit: searchtools.js
[2025-12-21 14:10:05,313] multiqc                                            [DEBUG  ]  File ignored by longranger/invocation because it exceeded search pattern filesize limit: searchtools.js
[2025-12-21 14:10:05,323] multiqc                                            [DEBUG  ]  File ignored by nanostat because it exceeded search pattern filesize limit: searchtools.js
[2025-12-21 14:10:05,328] multiqc                                            [DEBUG  ]  File ignored by ccs/v4 because it exceeded search pattern filesize limit: underscore.js
[2025-12-21 14:10:05,329] multiqc                                            [DEBUG  ]  File ignored by hicexplorer because it exceeded search pattern filesize limit: underscore.js
[2025-12-21 14:10:05,329] multiqc                                            [DEBUG  ]  File ignored by lima/summary because it exceeded search pattern filesize limit: underscore.js
[2025-12-21 14:10:05,332] multiqc                                            [DEBUG  ]  File ignored by longranger/invocation because it exceeded search pattern filesize limit: underscore.js
[2025-12-21 14:10:05,336] multiqc                                            [DEBUG  ]  File ignored by nanostat because it exceeded search pattern filesize limit: underscore.js
[2025-12-21 14:10:05,344] multiqc                                            [DEBUG  ]  File ignored by ccs/v4 because it exceeded search pattern filesize limit: websupport.js
[2025-12-21 14:10:05,345] multiqc                                            [DEBUG  ]  File ignored by hicexplorer because it exceeded search pattern filesize limit: websupport.js
[2025-12-21 14:10:05,346] multiqc                                            [DEBUG  ]  File ignored by lima/summary because it exceeded search pattern filesize limit: websupport.js
[2025-12-21 14:10:05,348] multiqc                                            [DEBUG  ]  File ignored by longranger/invocation because it exceeded search pattern filesize limit: websupport.js
[2025-12-21 14:10:05,362] multiqc                                            [DEBUG  ]  File ignored by nanostat because it exceeded search pattern filesize limit: websupport.js
[2025-12-21 14:10:05,367] multiqc                                            [DEBUG  ]  File ignored by ccs/v4 because it exceeded search pattern filesize limit: coverage_profile_along_genes_(low).txt
[2025-12-21 14:10:05,368] multiqc                                            [DEBUG  ]  File ignored by lima/summary because it exceeded search pattern filesize limit: coverage_profile_along_genes_(low).txt
[2025-12-21 14:10:05,370] multiqc                                            [DEBUG  ]  File ignored by longranger/invocation because it exceeded search pattern filesize limit: coverage_profile_along_genes_(low).txt
[2025-12-21 14:10:05,378] multiqc                                            [DEBUG  ]  File ignored by ccs/v4 because it exceeded search pattern filesize limit: coverage_profile_along_genes_(high).txt
[2025-12-21 14:10:05,379] multiqc                                            [DEBUG  ]  File ignored by lima/summary because it exceeded search pattern filesize limit: coverage_profile_along_genes_(high).txt
[2025-12-21 14:10:05,384] multiqc                                            [DEBUG  ]  File ignored by longranger/invocation because it exceeded search pattern filesize limit: coverage_profile_along_genes_(high).txt
[2025-12-21 14:10:05,392] multiqc                                            [DEBUG  ]  File ignored by ccs/v4 because it exceeded search pattern filesize limit: qualimapReport.html
[2025-12-21 14:10:05,393] multiqc                                            [DEBUG  ]  File ignored by hicexplorer because it exceeded search pattern filesize limit: qualimapReport.html
[2025-12-21 14:10:05,393] multiqc                                            [DEBUG  ]  File ignored by lima/summary because it exceeded search pattern filesize limit: qualimapReport.html
[2025-12-21 14:10:05,396] multiqc                                            [DEBUG  ]  File ignored by longranger/invocation because it exceeded search pattern filesize limit: qualimapReport.html
[2025-12-21 14:10:05,402] multiqc                                            [DEBUG  ]  File ignored by nanostat because it exceeded search pattern filesize limit: qualimapReport.html
[2025-12-21 14:10:05,527] multiqc                                            [DEBUG  ]  File ignored by ccs/v4 because it exceeded search pattern filesize limit: agogo.css
[2025-12-21 14:10:05,528] multiqc                                            [DEBUG  ]  File ignored by hicexplorer because it exceeded search pattern filesize limit: agogo.css
[2025-12-21 14:10:05,529] multiqc                                            [DEBUG  ]  File ignored by lima/summary because it exceeded search pattern filesize limit: agogo.css
[2025-12-21 14:10:05,531] multiqc                                            [DEBUG  ]  File ignored by longranger/invocation because it exceeded search pattern filesize limit: agogo.css
[2025-12-21 14:10:05,540] multiqc                                            [DEBUG  ]  File ignored by nanostat because it exceeded search pattern filesize limit: agogo.css
[2025-12-21 14:10:05,570] multiqc                                            [DEBUG  ]  File ignored by ccs/v4 because it exceeded search pattern filesize limit: basic.css
[2025-12-21 14:10:05,571] multiqc                                            [DEBUG  ]  File ignored by hicexplorer because it exceeded search pattern filesize limit: basic.css
[2025-12-21 14:10:05,571] multiqc                                            [DEBUG  ]  File ignored by lima/summary because it exceeded search pattern filesize limit: basic.css
[2025-12-21 14:10:05,573] multiqc                                            [DEBUG  ]  File ignored by longranger/invocation because it exceeded search pattern filesize limit: basic.css
[2025-12-21 14:10:05,582] multiqc                                            [DEBUG  ]  File ignored by nanostat because it exceeded search pattern filesize limit: basic.css
[2025-12-21 14:10:05,618] multiqc                                            [DEBUG  ]  File ignored by ccs/v4 because it exceeded search pattern filesize limit: doctools.js
[2025-12-21 14:10:05,620] multiqc                                            [DEBUG  ]  File ignored by hicexplorer because it exceeded search pattern filesize limit: doctools.js
[2025-12-21 14:10:05,620] multiqc                                            [DEBUG  ]  File ignored by lima/summary because it exceeded search pattern filesize limit: doctools.js
[2025-12-21 14:10:05,622] multiqc                                            [DEBUG  ]  File ignored by longranger/invocation because it exceeded search pattern filesize limit: doctools.js
[2025-12-21 14:10:05,628] multiqc                                            [DEBUG  ]  File ignored by nanostat because it exceeded search pattern filesize limit: doctools.js
[2025-12-21 14:10:05,693] multiqc                                            [DEBUG  ]  File ignored by ccs/v4 because it exceeded search pattern filesize limit: jquery.js
[2025-12-21 14:10:05,694] multiqc                                            [DEBUG  ]  File ignored by hicexplorer because it exceeded search pattern filesize limit: jquery.js
[2025-12-21 14:10:05,695] multiqc                                            [DEBUG  ]  File ignored by lima/summary because it exceeded search pattern filesize limit: jquery.js
[2025-12-21 14:10:05,697] multiqc                                            [DEBUG  ]  File ignored by longranger/invocation because it exceeded search pattern filesize limit: jquery.js
[2025-12-21 14:10:05,707] multiqc                                            [DEBUG  ]  File ignored by nanostat because it exceeded search pattern filesize limit: jquery.js
[2025-12-21 14:10:05,717] multiqc                                            [DEBUG  ]  File ignored by ccs/v4 because it exceeded search pattern filesize limit: pygments.css
[2025-12-21 14:10:05,719] multiqc                                            [DEBUG  ]  File ignored by lima/summary because it exceeded search pattern filesize limit: pygments.css
[2025-12-21 14:10:05,721] multiqc                                            [DEBUG  ]  File ignored by longranger/invocation because it exceeded search pattern filesize limit: pygments.css
[2025-12-21 14:10:05,777] multiqc                                            [DEBUG  ]  File ignored by ccs/v4 because it exceeded search pattern filesize limit: searchtools.js
[2025-12-21 14:10:05,778] multiqc                                            [DEBUG  ]  File ignored by hicexplorer because it exceeded search pattern filesize limit: searchtools.js
[2025-12-21 14:10:05,778] multiqc                                            [DEBUG  ]  File ignored by lima/summary because it exceeded search pattern filesize limit: searchtools.js
[2025-12-21 14:10:05,781] multiqc                                            [DEBUG  ]  File ignored by longranger/invocation because it exceeded search pattern filesize limit: searchtools.js
[2025-12-21 14:10:05,793] multiqc                                            [DEBUG  ]  File ignored by nanostat because it exceeded search pattern filesize limit: searchtools.js
[2025-12-21 14:10:06,007] multiqc                                            [DEBUG  ]  File ignored by ccs/v4 because it exceeded search pattern filesize limit: underscore.js
[2025-12-21 14:10:06,009] multiqc                                            [DEBUG  ]  File ignored by hicexplorer because it exceeded search pattern filesize limit: underscore.js
[2025-12-21 14:10:06,009] multiqc                                            [DEBUG  ]  File ignored by lima/summary because it exceeded search pattern filesize limit: underscore.js
[2025-12-21 14:10:06,011] multiqc                                            [DEBUG  ]  File ignored by longranger/invocation because it exceeded search pattern filesize limit: underscore.js
[2025-12-21 14:10:06,015] multiqc                                            [DEBUG  ]  File ignored by nanostat because it exceeded search pattern filesize limit: underscore.js
[2025-12-21 14:10:06,147] multiqc                                            [DEBUG  ]  File ignored by ccs/v4 because it exceeded search pattern filesize limit: websupport.js
[2025-12-21 14:10:06,149] multiqc                                            [DEBUG  ]  File ignored by hicexplorer because it exceeded search pattern filesize limit: websupport.js
[2025-12-21 14:10:06,149] multiqc                                            [DEBUG  ]  File ignored by lima/summary because it exceeded search pattern filesize limit: websupport.js
[2025-12-21 14:10:06,151] multiqc                                            [DEBUG  ]  File ignored by longranger/invocation because it exceeded search pattern filesize limit: websupport.js
[2025-12-21 14:10:06,165] multiqc                                            [DEBUG  ]  File ignored by nanostat because it exceeded search pattern filesize limit: websupport.js
[2025-12-21 14:10:06,170] multiqc                                            [DEBUG  ]  File ignored by ccs/v4 because it exceeded search pattern filesize limit: coverage_profile_along_genes_(low).txt
[2025-12-21 14:10:06,172] multiqc                                            [DEBUG  ]  File ignored by lima/summary because it exceeded search pattern filesize limit: coverage_profile_along_genes_(low).txt
[2025-12-21 14:10:06,174] multiqc                                            [DEBUG  ]  File ignored by longranger/invocation because it exceeded search pattern filesize limit: coverage_profile_along_genes_(low).txt
[2025-12-21 14:10:06,183] multiqc                                            [DEBUG  ]  File ignored by ccs/v4 because it exceeded search pattern filesize limit: coverage_profile_along_genes_(high).txt
[2025-12-21 14:10:06,184] multiqc                                            [DEBUG  ]  File ignored by lima/summary because it exceeded search pattern filesize limit: coverage_profile_along_genes_(high).txt
[2025-12-21 14:10:06,186] multiqc                                            [DEBUG  ]  File ignored by longranger/invocation because it exceeded search pattern filesize limit: coverage_profile_along_genes_(high).txt
[2025-12-21 14:10:06,196] multiqc                                            [DEBUG  ]  File ignored by ccs/v4 because it exceeded search pattern filesize limit: qualimapReport.html
[2025-12-21 14:10:06,197] multiqc                                            [DEBUG  ]  File ignored by hicexplorer because it exceeded search pattern filesize limit: qualimapReport.html
[2025-12-21 14:10:06,198] multiqc                                            [DEBUG  ]  File ignored by lima/summary because it exceeded search pattern filesize limit: qualimapReport.html
[2025-12-21 14:10:06,200] multiqc                                            [DEBUG  ]  File ignored by longranger/invocation because it exceeded search pattern filesize limit: qualimapReport.html
[2025-12-21 14:10:06,206] multiqc                                            [DEBUG  ]  File ignored by nanostat because it exceeded search pattern filesize limit: qualimapReport.html
[2025-12-21 14:10:06,236] multiqc                                            [DEBUG  ]  File ignored by ccs/v4 because it exceeded search pattern filesize limit: agogo.css
[2025-12-21 14:10:06,237] multiqc                                            [DEBUG  ]  File ignored by hicexplorer because it exceeded search pattern filesize limit: agogo.css
[2025-12-21 14:10:06,237] multiqc                                            [DEBUG  ]  File ignored by lima/summary because it exceeded search pattern filesize limit: agogo.css
[2025-12-21 14:10:06,239] multiqc                                            [DEBUG  ]  File ignored by longranger/invocation because it exceeded search pattern filesize limit: agogo.css
[2025-12-21 14:10:06,247] multiqc                                            [DEBUG  ]  File ignored by nanostat because it exceeded search pattern filesize limit: agogo.css
[2025-12-21 14:10:06,349] multiqc                                            [DEBUG  ]  File ignored by ccs/v4 because it exceeded search pattern filesize limit: basic.css
[2025-12-21 14:10:06,351] multiqc                                            [DEBUG  ]  File ignored by hicexplorer because it exceeded search pattern filesize limit: basic.css
[2025-12-21 14:10:06,351] multiqc                                            [DEBUG  ]  File ignored by lima/summary because it exceeded search pattern filesize limit: basic.css
[2025-12-21 14:10:06,353] multiqc                                            [DEBUG  ]  File ignored by longranger/invocation because it exceeded search pattern filesize limit: basic.css
[2025-12-21 14:10:06,362] multiqc                                            [DEBUG  ]  File ignored by nanostat because it exceeded search pattern filesize limit: basic.css
[2025-12-21 14:10:06,470] multiqc                                            [DEBUG  ]  File ignored by ccs/v4 because it exceeded search pattern filesize limit: doctools.js
[2025-12-21 14:10:06,471] multiqc                                            [DEBUG  ]  File ignored by hicexplorer because it exceeded search pattern filesize limit: doctools.js
[2025-12-21 14:10:06,471] multiqc                                            [DEBUG  ]  File ignored by lima/summary because it exceeded search pattern filesize limit: doctools.js
[2025-12-21 14:10:06,474] multiqc                                            [DEBUG  ]  File ignored by longranger/invocation because it exceeded search pattern filesize limit: doctools.js
[2025-12-21 14:10:06,480] multiqc                                            [DEBUG  ]  File ignored by nanostat because it exceeded search pattern filesize limit: doctools.js
[2025-12-21 14:10:06,590] multiqc                                            [DEBUG  ]  File ignored by ccs/v4 because it exceeded search pattern filesize limit: jquery.js
[2025-12-21 14:10:06,591] multiqc                                            [DEBUG  ]  File ignored by hicexplorer because it exceeded search pattern filesize limit: jquery.js
[2025-12-21 14:10:06,591] multiqc                                            [DEBUG  ]  File ignored by lima/summary because it exceeded search pattern filesize limit: jquery.js
[2025-12-21 14:10:06,594] multiqc                                            [DEBUG  ]  File ignored by longranger/invocation because it exceeded search pattern filesize limit: jquery.js
[2025-12-21 14:10:06,605] multiqc                                            [DEBUG  ]  File ignored by nanostat because it exceeded search pattern filesize limit: jquery.js
[2025-12-21 14:10:06,681] multiqc                                            [DEBUG  ]  File ignored by ccs/v4 because it exceeded search pattern filesize limit: pygments.css
[2025-12-21 14:10:06,683] multiqc                                            [DEBUG  ]  File ignored by lima/summary because it exceeded search pattern filesize limit: pygments.css
[2025-12-21 14:10:06,685] multiqc                                            [DEBUG  ]  File ignored by longranger/invocation because it exceeded search pattern filesize limit: pygments.css
[2025-12-21 14:10:06,710] multiqc                                            [DEBUG  ]  File ignored by ccs/v4 because it exceeded search pattern filesize limit: searchtools.js
[2025-12-21 14:10:06,711] multiqc                                            [DEBUG  ]  File ignored by hicexplorer because it exceeded search pattern filesize limit: searchtools.js
[2025-12-21 14:10:06,711] multiqc                                            [DEBUG  ]  File ignored by lima/summary because it exceeded search pattern filesize limit: searchtools.js
[2025-12-21 14:10:06,713] multiqc                                            [DEBUG  ]  File ignored by longranger/invocation because it exceeded search pattern filesize limit: searchtools.js
[2025-12-21 14:10:06,722] multiqc                                            [DEBUG  ]  File ignored by nanostat because it exceeded search pattern filesize limit: searchtools.js
[2025-12-21 14:10:06,728] multiqc                                            [DEBUG  ]  File ignored by ccs/v4 because it exceeded search pattern filesize limit: underscore.js
[2025-12-21 14:10:06,729] multiqc                                            [DEBUG  ]  File ignored by hicexplorer because it exceeded search pattern filesize limit: underscore.js
[2025-12-21 14:10:06,729] multiqc                                            [DEBUG  ]  File ignored by lima/summary because it exceeded search pattern filesize limit: underscore.js
[2025-12-21 14:10:06,731] multiqc                                            [DEBUG  ]  File ignored by longranger/invocation because it exceeded search pattern filesize limit: underscore.js
[2025-12-21 14:10:06,735] multiqc                                            [DEBUG  ]  File ignored by nanostat because it exceeded search pattern filesize limit: underscore.js
[2025-12-21 14:10:06,788] multiqc                                            [DEBUG  ]  File ignored by ccs/v4 because it exceeded search pattern filesize limit: websupport.js
[2025-12-21 14:10:06,789] multiqc                                            [DEBUG  ]  File ignored by hicexplorer because it exceeded search pattern filesize limit: websupport.js
[2025-12-21 14:10:06,789] multiqc                                            [DEBUG  ]  File ignored by lima/summary because it exceeded search pattern filesize limit: websupport.js
[2025-12-21 14:10:06,792] multiqc                                            [DEBUG  ]  File ignored by longranger/invocation because it exceeded search pattern filesize limit: websupport.js
[2025-12-21 14:10:06,806] multiqc                                            [DEBUG  ]  File ignored by nanostat because it exceeded search pattern filesize limit: websupport.js
[2025-12-21 14:10:06,810] multiqc                                            [DEBUG  ]  File ignored by ccs/v4 because it exceeded search pattern filesize limit: coverage_profile_along_genes_(low).txt
[2025-12-21 14:10:06,811] multiqc                                            [DEBUG  ]  File ignored by lima/summary because it exceeded search pattern filesize limit: coverage_profile_along_genes_(low).txt
[2025-12-21 14:10:06,813] multiqc                                            [DEBUG  ]  File ignored by longranger/invocation because it exceeded search pattern filesize limit: coverage_profile_along_genes_(low).txt
[2025-12-21 14:10:06,821] multiqc                                            [DEBUG  ]  File ignored by ccs/v4 because it exceeded search pattern filesize limit: coverage_profile_along_genes_(high).txt
[2025-12-21 14:10:06,822] multiqc                                            [DEBUG  ]  File ignored by lima/summary because it exceeded search pattern filesize limit: coverage_profile_along_genes_(high).txt
[2025-12-21 14:10:06,824] multiqc                                            [DEBUG  ]  File ignored by longranger/invocation because it exceeded search pattern filesize limit: coverage_profile_along_genes_(high).txt
[2025-12-21 14:10:06,833] multiqc                                            [DEBUG  ]  File ignored by ccs/v4 because it exceeded search pattern filesize limit: qualimapReport.html
[2025-12-21 14:10:06,834] multiqc                                            [DEBUG  ]  File ignored by hicexplorer because it exceeded search pattern filesize limit: qualimapReport.html
[2025-12-21 14:10:06,834] multiqc                                            [DEBUG  ]  File ignored by lima/summary because it exceeded search pattern filesize limit: qualimapReport.html
[2025-12-21 14:10:06,837] multiqc                                            [DEBUG  ]  File ignored by longranger/invocation because it exceeded search pattern filesize limit: qualimapReport.html
[2025-12-21 14:10:06,843] multiqc                                            [DEBUG  ]  File ignored by nanostat because it exceeded search pattern filesize limit: qualimapReport.html
[2025-12-21 14:10:06,963] multiqc                                            [DEBUG  ]  File ignored by ccs/v4 because it exceeded search pattern filesize limit: agogo.css
[2025-12-21 14:10:06,965] multiqc                                            [DEBUG  ]  File ignored by hicexplorer because it exceeded search pattern filesize limit: agogo.css
[2025-12-21 14:10:06,965] multiqc                                            [DEBUG  ]  File ignored by lima/summary because it exceeded search pattern filesize limit: agogo.css
[2025-12-21 14:10:06,967] multiqc                                            [DEBUG  ]  File ignored by longranger/invocation because it exceeded search pattern filesize limit: agogo.css
[2025-12-21 14:10:06,976] multiqc                                            [DEBUG  ]  File ignored by nanostat because it exceeded search pattern filesize limit: agogo.css
[2025-12-21 14:10:06,995] multiqc                                            [DEBUG  ]  File ignored by ccs/v4 because it exceeded search pattern filesize limit: basic.css
[2025-12-21 14:10:06,997] multiqc                                            [DEBUG  ]  File ignored by hicexplorer because it exceeded search pattern filesize limit: basic.css
[2025-12-21 14:10:06,997] multiqc                                            [DEBUG  ]  File ignored by lima/summary because it exceeded search pattern filesize limit: basic.css
[2025-12-21 14:10:06,999] multiqc                                            [DEBUG  ]  File ignored by longranger/invocation because it exceeded search pattern filesize limit: basic.css
[2025-12-21 14:10:07,009] multiqc                                            [DEBUG  ]  File ignored by nanostat because it exceeded search pattern filesize limit: basic.css
[2025-12-21 14:10:07,037] multiqc                                            [DEBUG  ]  File ignored by ccs/v4 because it exceeded search pattern filesize limit: doctools.js
[2025-12-21 14:10:07,039] multiqc                                            [DEBUG  ]  File ignored by hicexplorer because it exceeded search pattern filesize limit: doctools.js
[2025-12-21 14:10:07,039] multiqc                                            [DEBUG  ]  File ignored by lima/summary because it exceeded search pattern filesize limit: doctools.js
[2025-12-21 14:10:07,041] multiqc                                            [DEBUG  ]  File ignored by longranger/invocation because it exceeded search pattern filesize limit: doctools.js
[2025-12-21 14:10:07,048] multiqc                                            [DEBUG  ]  File ignored by nanostat because it exceeded search pattern filesize limit: doctools.js
[2025-12-21 14:10:07,143] multiqc                                            [DEBUG  ]  File ignored by ccs/v4 because it exceeded search pattern filesize limit: jquery.js
[2025-12-21 14:10:07,144] multiqc                                            [DEBUG  ]  File ignored by hicexplorer because it exceeded search pattern filesize limit: jquery.js
[2025-12-21 14:10:07,144] multiqc                                            [DEBUG  ]  File ignored by lima/summary because it exceeded search pattern filesize limit: jquery.js
[2025-12-21 14:10:07,147] multiqc                                            [DEBUG  ]  File ignored by longranger/invocation because it exceeded search pattern filesize limit: jquery.js
[2025-12-21 14:10:07,155] multiqc                                            [DEBUG  ]  File ignored by nanostat because it exceeded search pattern filesize limit: jquery.js
[2025-12-21 14:10:07,185] multiqc                                            [DEBUG  ]  File ignored by ccs/v4 because it exceeded search pattern filesize limit: pygments.css
[2025-12-21 14:10:07,186] multiqc                                            [DEBUG  ]  File ignored by lima/summary because it exceeded search pattern filesize limit: pygments.css
[2025-12-21 14:10:07,188] multiqc                                            [DEBUG  ]  File ignored by longranger/invocation because it exceeded search pattern filesize limit: pygments.css
[2025-12-21 14:10:07,231] multiqc                                            [DEBUG  ]  File ignored by ccs/v4 because it exceeded search pattern filesize limit: searchtools.js
[2025-12-21 14:10:07,233] multiqc                                            [DEBUG  ]  File ignored by hicexplorer because it exceeded search pattern filesize limit: searchtools.js
[2025-12-21 14:10:07,233] multiqc                                            [DEBUG  ]  File ignored by lima/summary because it exceeded search pattern filesize limit: searchtools.js
[2025-12-21 14:10:07,235] multiqc                                            [DEBUG  ]  File ignored by longranger/invocation because it exceeded search pattern filesize limit: searchtools.js
[2025-12-21 14:10:07,245] multiqc                                            [DEBUG  ]  File ignored by nanostat because it exceeded search pattern filesize limit: searchtools.js
[2025-12-21 14:10:07,286] multiqc                                            [DEBUG  ]  File ignored by ccs/v4 because it exceeded search pattern filesize limit: underscore.js
[2025-12-21 14:10:07,287] multiqc                                            [DEBUG  ]  File ignored by hicexplorer because it exceeded search pattern filesize limit: underscore.js
[2025-12-21 14:10:07,288] multiqc                                            [DEBUG  ]  File ignored by lima/summary because it exceeded search pattern filesize limit: underscore.js
[2025-12-21 14:10:07,290] multiqc                                            [DEBUG  ]  File ignored by longranger/invocation because it exceeded search pattern filesize limit: underscore.js
[2025-12-21 14:10:07,294] multiqc                                            [DEBUG  ]  File ignored by nanostat because it exceeded search pattern filesize limit: underscore.js
[2025-12-21 14:10:07,348] multiqc                                            [DEBUG  ]  File ignored by ccs/v4 because it exceeded search pattern filesize limit: websupport.js
[2025-12-21 14:10:07,349] multiqc                                            [DEBUG  ]  File ignored by hicexplorer because it exceeded search pattern filesize limit: websupport.js
[2025-12-21 14:10:07,349] multiqc                                            [DEBUG  ]  File ignored by lima/summary because it exceeded search pattern filesize limit: websupport.js
[2025-12-21 14:10:07,352] multiqc                                            [DEBUG  ]  File ignored by longranger/invocation because it exceeded search pattern filesize limit: websupport.js
[2025-12-21 14:10:07,365] multiqc                                            [DEBUG  ]  File ignored by nanostat because it exceeded search pattern filesize limit: websupport.js
[2025-12-21 14:10:07,369] multiqc                                            [DEBUG  ]  File ignored by ccs/v4 because it exceeded search pattern filesize limit: coverage_profile_along_genes_(low).txt
[2025-12-21 14:10:07,371] multiqc                                            [DEBUG  ]  File ignored by lima/summary because it exceeded search pattern filesize limit: coverage_profile_along_genes_(low).txt
[2025-12-21 14:10:07,373] multiqc                                            [DEBUG  ]  File ignored by longranger/invocation because it exceeded search pattern filesize limit: coverage_profile_along_genes_(low).txt
[2025-12-21 14:10:07,380] multiqc                                            [DEBUG  ]  File ignored by ccs/v4 because it exceeded search pattern filesize limit: coverage_profile_along_genes_(high).txt
[2025-12-21 14:10:07,382] multiqc                                            [DEBUG  ]  File ignored by lima/summary because it exceeded search pattern filesize limit: coverage_profile_along_genes_(high).txt
[2025-12-21 14:10:07,384] multiqc                                            [DEBUG  ]  File ignored by longranger/invocation because it exceeded search pattern filesize limit: coverage_profile_along_genes_(high).txt
[2025-12-21 14:10:07,392] multiqc                                            [DEBUG  ]  File ignored by ccs/v4 because it exceeded search pattern filesize limit: qualimapReport.html
[2025-12-21 14:10:07,394] multiqc                                            [DEBUG  ]  File ignored by hicexplorer because it exceeded search pattern filesize limit: qualimapReport.html
[2025-12-21 14:10:07,394] multiqc                                            [DEBUG  ]  File ignored by lima/summary because it exceeded search pattern filesize limit: qualimapReport.html
[2025-12-21 14:10:07,396] multiqc                                            [DEBUG  ]  File ignored by longranger/invocation because it exceeded search pattern filesize limit: qualimapReport.html
[2025-12-21 14:10:07,403] multiqc                                            [DEBUG  ]  File ignored by nanostat because it exceeded search pattern filesize limit: qualimapReport.html
[2025-12-21 14:10:07,429] multiqc                                            [DEBUG  ]  File ignored by ccs/v4 because it exceeded search pattern filesize limit: agogo.css
[2025-12-21 14:10:07,430] multiqc                                            [DEBUG  ]  File ignored by hicexplorer because it exceeded search pattern filesize limit: agogo.css
[2025-12-21 14:10:07,430] multiqc                                            [DEBUG  ]  File ignored by lima/summary because it exceeded search pattern filesize limit: agogo.css
[2025-12-21 14:10:07,432] multiqc                                            [DEBUG  ]  File ignored by longranger/invocation because it exceeded search pattern filesize limit: agogo.css
[2025-12-21 14:10:07,440] multiqc                                            [DEBUG  ]  File ignored by nanostat because it exceeded search pattern filesize limit: agogo.css
[2025-12-21 14:10:07,574] multiqc                                            [DEBUG  ]  File ignored by ccs/v4 because it exceeded search pattern filesize limit: basic.css
[2025-12-21 14:10:07,575] multiqc                                            [DEBUG  ]  File ignored by hicexplorer because it exceeded search pattern filesize limit: basic.css
[2025-12-21 14:10:07,575] multiqc                                            [DEBUG  ]  File ignored by lima/summary because it exceeded search pattern filesize limit: basic.css
[2025-12-21 14:10:07,578] multiqc                                            [DEBUG  ]  File ignored by longranger/invocation because it exceeded search pattern filesize limit: basic.css
[2025-12-21 14:10:07,587] multiqc                                            [DEBUG  ]  File ignored by nanostat because it exceeded search pattern filesize limit: basic.css
[2025-12-21 14:10:07,658] multiqc                                            [DEBUG  ]  File ignored by ccs/v4 because it exceeded search pattern filesize limit: doctools.js
[2025-12-21 14:10:07,659] multiqc                                            [DEBUG  ]  File ignored by hicexplorer because it exceeded search pattern filesize limit: doctools.js
[2025-12-21 14:10:07,659] multiqc                                            [DEBUG  ]  File ignored by lima/summary because it exceeded search pattern filesize limit: doctools.js
[2025-12-21 14:10:07,661] multiqc                                            [DEBUG  ]  File ignored by longranger/invocation because it exceeded search pattern filesize limit: doctools.js
[2025-12-21 14:10:07,667] multiqc                                            [DEBUG  ]  File ignored by nanostat because it exceeded search pattern filesize limit: doctools.js
[2025-12-21 14:10:07,746] multiqc                                            [DEBUG  ]  File ignored by ccs/v4 because it exceeded search pattern filesize limit: jquery.js
[2025-12-21 14:10:07,747] multiqc                                            [DEBUG  ]  File ignored by hicexplorer because it exceeded search pattern filesize limit: jquery.js
[2025-12-21 14:10:07,748] multiqc                                            [DEBUG  ]  File ignored by lima/summary because it exceeded search pattern filesize limit: jquery.js
[2025-12-21 14:10:07,750] multiqc                                            [DEBUG  ]  File ignored by longranger/invocation because it exceeded search pattern filesize limit: jquery.js
[2025-12-21 14:10:07,759] multiqc                                            [DEBUG  ]  File ignored by nanostat because it exceeded search pattern filesize limit: jquery.js
[2025-12-21 14:10:07,821] multiqc                                            [DEBUG  ]  File ignored by ccs/v4 because it exceeded search pattern filesize limit: pygments.css
[2025-12-21 14:10:07,823] multiqc                                            [DEBUG  ]  File ignored by lima/summary because it exceeded search pattern filesize limit: pygments.css
[2025-12-21 14:10:07,825] multiqc                                            [DEBUG  ]  File ignored by longranger/invocation because it exceeded search pattern filesize limit: pygments.css
[2025-12-21 14:10:07,934] multiqc                                            [DEBUG  ]  File ignored by ccs/v4 because it exceeded search pattern filesize limit: searchtools.js
[2025-12-21 14:10:07,935] multiqc                                            [DEBUG  ]  File ignored by hicexplorer because it exceeded search pattern filesize limit: searchtools.js
[2025-12-21 14:10:07,935] multiqc                                            [DEBUG  ]  File ignored by lima/summary because it exceeded search pattern filesize limit: searchtools.js
[2025-12-21 14:10:07,937] multiqc                                            [DEBUG  ]  File ignored by longranger/invocation because it exceeded search pattern filesize limit: searchtools.js
[2025-12-21 14:10:07,947] multiqc                                            [DEBUG  ]  File ignored by nanostat because it exceeded search pattern filesize limit: searchtools.js
[2025-12-21 14:10:08,001] multiqc                                            [DEBUG  ]  File ignored by ccs/v4 because it exceeded search pattern filesize limit: underscore.js
[2025-12-21 14:10:08,002] multiqc                                            [DEBUG  ]  File ignored by hicexplorer because it exceeded search pattern filesize limit: underscore.js
[2025-12-21 14:10:08,003] multiqc                                            [DEBUG  ]  File ignored by lima/summary because it exceeded search pattern filesize limit: underscore.js
[2025-12-21 14:10:08,005] multiqc                                            [DEBUG  ]  File ignored by longranger/invocation because it exceeded search pattern filesize limit: underscore.js
[2025-12-21 14:10:08,009] multiqc                                            [DEBUG  ]  File ignored by nanostat because it exceeded search pattern filesize limit: underscore.js
[2025-12-21 14:10:08,115] multiqc                                            [DEBUG  ]  File ignored by ccs/v4 because it exceeded search pattern filesize limit: websupport.js
[2025-12-21 14:10:08,117] multiqc                                            [DEBUG  ]  File ignored by hicexplorer because it exceeded search pattern filesize limit: websupport.js
[2025-12-21 14:10:08,117] multiqc                                            [DEBUG  ]  File ignored by lima/summary because it exceeded search pattern filesize limit: websupport.js
[2025-12-21 14:10:08,120] multiqc                                            [DEBUG  ]  File ignored by longranger/invocation because it exceeded search pattern filesize limit: websupport.js
[2025-12-21 14:10:08,135] multiqc                                            [DEBUG  ]  File ignored by nanostat because it exceeded search pattern filesize limit: websupport.js
[2025-12-21 14:10:08,139] multiqc                                            [DEBUG  ]  File ignored by ccs/v4 because it exceeded search pattern filesize limit: coverage_profile_along_genes_(low).txt
[2025-12-21 14:10:08,141] multiqc                                            [DEBUG  ]  File ignored by lima/summary because it exceeded search pattern filesize limit: coverage_profile_along_genes_(low).txt
[2025-12-21 14:10:08,143] multiqc                                            [DEBUG  ]  File ignored by longranger/invocation because it exceeded search pattern filesize limit: coverage_profile_along_genes_(low).txt
[2025-12-21 14:10:08,151] multiqc                                            [DEBUG  ]  File ignored by ccs/v4 because it exceeded search pattern filesize limit: coverage_profile_along_genes_(high).txt
[2025-12-21 14:10:08,152] multiqc                                            [DEBUG  ]  File ignored by lima/summary because it exceeded search pattern filesize limit: coverage_profile_along_genes_(high).txt
[2025-12-21 14:10:08,154] multiqc                                            [DEBUG  ]  File ignored by longranger/invocation because it exceeded search pattern filesize limit: coverage_profile_along_genes_(high).txt
[2025-12-21 14:10:08,162] multiqc                                            [DEBUG  ]  File ignored by ccs/v4 because it exceeded search pattern filesize limit: qualimapReport.html
[2025-12-21 14:10:08,163] multiqc                                            [DEBUG  ]  File ignored by hicexplorer because it exceeded search pattern filesize limit: qualimapReport.html
[2025-12-21 14:10:08,163] multiqc                                            [DEBUG  ]  File ignored by lima/summary because it exceeded search pattern filesize limit: qualimapReport.html
[2025-12-21 14:10:08,166] multiqc                                            [DEBUG  ]  File ignored by longranger/invocation because it exceeded search pattern filesize limit: qualimapReport.html
[2025-12-21 14:10:08,172] multiqc                                            [DEBUG  ]  File ignored by nanostat because it exceeded search pattern filesize limit: qualimapReport.html
[2025-12-21 14:10:08,229] multiqc                                            [DEBUG  ]  File ignored by ccs/v4 because it exceeded search pattern filesize limit: agogo.css
[2025-12-21 14:10:08,230] multiqc                                            [DEBUG  ]  File ignored by hicexplorer because it exceeded search pattern filesize limit: agogo.css
[2025-12-21 14:10:08,230] multiqc                                            [DEBUG  ]  File ignored by lima/summary because it exceeded search pattern filesize limit: agogo.css
[2025-12-21 14:10:08,232] multiqc                                            [DEBUG  ]  File ignored by longranger/invocation because it exceeded search pattern filesize limit: agogo.css
[2025-12-21 14:10:08,240] multiqc                                            [DEBUG  ]  File ignored by nanostat because it exceeded search pattern filesize limit: agogo.css
[2025-12-21 14:10:08,383] multiqc                                            [DEBUG  ]  File ignored by ccs/v4 because it exceeded search pattern filesize limit: basic.css
[2025-12-21 14:10:08,384] multiqc                                            [DEBUG  ]  File ignored by hicexplorer because it exceeded search pattern filesize limit: basic.css
[2025-12-21 14:10:08,384] multiqc                                            [DEBUG  ]  File ignored by lima/summary because it exceeded search pattern filesize limit: basic.css
[2025-12-21 14:10:08,387] multiqc                                            [DEBUG  ]  File ignored by longranger/invocation because it exceeded search pattern filesize limit: basic.css
[2025-12-21 14:10:08,396] multiqc                                            [DEBUG  ]  File ignored by nanostat because it exceeded search pattern filesize limit: basic.css
[2025-12-21 14:10:08,423] multiqc                                            [DEBUG  ]  File ignored by ccs/v4 because it exceeded search pattern filesize limit: doctools.js
[2025-12-21 14:10:08,424] multiqc                                            [DEBUG  ]  File ignored by hicexplorer because it exceeded search pattern filesize limit: doctools.js
[2025-12-21 14:10:08,425] multiqc                                            [DEBUG  ]  File ignored by lima/summary because it exceeded search pattern filesize limit: doctools.js
[2025-12-21 14:10:08,428] multiqc                                            [DEBUG  ]  File ignored by longranger/invocation because it exceeded search pattern filesize limit: doctools.js
[2025-12-21 14:10:08,434] multiqc                                            [DEBUG  ]  File ignored by nanostat because it exceeded search pattern filesize limit: doctools.js
[2025-12-21 14:10:08,474] multiqc                                            [DEBUG  ]  File ignored by ccs/v4 because it exceeded search pattern filesize limit: jquery.js
[2025-12-21 14:10:08,475] multiqc                                            [DEBUG  ]  File ignored by hicexplorer because it exceeded search pattern filesize limit: jquery.js
[2025-12-21 14:10:08,476] multiqc                                            [DEBUG  ]  File ignored by lima/summary because it exceeded search pattern filesize limit: jquery.js
[2025-12-21 14:10:08,478] multiqc                                            [DEBUG  ]  File ignored by longranger/invocation because it exceeded search pattern filesize limit: jquery.js
[2025-12-21 14:10:08,488] multiqc                                            [DEBUG  ]  File ignored by nanostat because it exceeded search pattern filesize limit: jquery.js
[2025-12-21 14:10:08,507] multiqc                                            [DEBUG  ]  File ignored by ccs/v4 because it exceeded search pattern filesize limit: pygments.css
[2025-12-21 14:10:08,508] multiqc                                            [DEBUG  ]  File ignored by lima/summary because it exceeded search pattern filesize limit: pygments.css
[2025-12-21 14:10:08,510] multiqc                                            [DEBUG  ]  File ignored by longranger/invocation because it exceeded search pattern filesize limit: pygments.css
[2025-12-21 14:10:08,532] multiqc                                            [DEBUG  ]  File ignored by ccs/v4 because it exceeded search pattern filesize limit: searchtools.js
[2025-12-21 14:10:08,533] multiqc                                            [DEBUG  ]  File ignored by hicexplorer because it exceeded search pattern filesize limit: searchtools.js
[2025-12-21 14:10:08,533] multiqc                                            [DEBUG  ]  File ignored by lima/summary because it exceeded search pattern filesize limit: searchtools.js
[2025-12-21 14:10:08,538] multiqc                                            [DEBUG  ]  File ignored by longranger/invocation because it exceeded search pattern filesize limit: searchtools.js
[2025-12-21 14:10:08,548] multiqc                                            [DEBUG  ]  File ignored by nanostat because it exceeded search pattern filesize limit: searchtools.js
[2025-12-21 14:10:08,553] multiqc                                            [DEBUG  ]  File ignored by ccs/v4 because it exceeded search pattern filesize limit: underscore.js
[2025-12-21 14:10:08,555] multiqc                                            [DEBUG  ]  File ignored by hicexplorer because it exceeded search pattern filesize limit: underscore.js
[2025-12-21 14:10:08,555] multiqc                                            [DEBUG  ]  File ignored by lima/summary because it exceeded search pattern filesize limit: underscore.js
[2025-12-21 14:10:08,557] multiqc                                            [DEBUG  ]  File ignored by longranger/invocation because it exceeded search pattern filesize limit: underscore.js
[2025-12-21 14:10:08,561] multiqc                                            [DEBUG  ]  File ignored by nanostat because it exceeded search pattern filesize limit: underscore.js
[2025-12-21 14:10:08,569] multiqc                                            [DEBUG  ]  File ignored by ccs/v4 because it exceeded search pattern filesize limit: websupport.js
[2025-12-21 14:10:08,570] multiqc                                            [DEBUG  ]  File ignored by hicexplorer because it exceeded search pattern filesize limit: websupport.js
[2025-12-21 14:10:08,570] multiqc                                            [DEBUG  ]  File ignored by lima/summary because it exceeded search pattern filesize limit: websupport.js
[2025-12-21 14:10:08,573] multiqc                                            [DEBUG  ]  File ignored by longranger/invocation because it exceeded search pattern filesize limit: websupport.js
[2025-12-21 14:10:08,586] multiqc                                            [DEBUG  ]  File ignored by nanostat because it exceeded search pattern filesize limit: websupport.js
[2025-12-21 14:10:08,591] multiqc                                            [DEBUG  ]  File ignored by ccs/v4 because it exceeded search pattern filesize limit: coverage_profile_along_genes_(low).txt
[2025-12-21 14:10:08,592] multiqc                                            [DEBUG  ]  File ignored by lima/summary because it exceeded search pattern filesize limit: coverage_profile_along_genes_(low).txt
[2025-12-21 14:10:08,594] multiqc                                            [DEBUG  ]  File ignored by longranger/invocation because it exceeded search pattern filesize limit: coverage_profile_along_genes_(low).txt
[2025-12-21 14:10:08,602] multiqc                                            [DEBUG  ]  File ignored by ccs/v4 because it exceeded search pattern filesize limit: coverage_profile_along_genes_(high).txt
[2025-12-21 14:10:08,603] multiqc                                            [DEBUG  ]  File ignored by lima/summary because it exceeded search pattern filesize limit: coverage_profile_along_genes_(high).txt
[2025-12-21 14:10:08,606] multiqc                                            [DEBUG  ]  File ignored by longranger/invocation because it exceeded search pattern filesize limit: coverage_profile_along_genes_(high).txt
[2025-12-21 14:10:08,614] multiqc                                            [DEBUG  ]  File ignored by ccs/v4 because it exceeded search pattern filesize limit: qualimapReport.html
[2025-12-21 14:10:08,615] multiqc                                            [DEBUG  ]  File ignored by hicexplorer because it exceeded search pattern filesize limit: qualimapReport.html
[2025-12-21 14:10:08,615] multiqc                                            [DEBUG  ]  File ignored by lima/summary because it exceeded search pattern filesize limit: qualimapReport.html
[2025-12-21 14:10:08,618] multiqc                                            [DEBUG  ]  File ignored by longranger/invocation because it exceeded search pattern filesize limit: qualimapReport.html
[2025-12-21 14:10:08,625] multiqc                                            [DEBUG  ]  File ignored by nanostat because it exceeded search pattern filesize limit: qualimapReport.html
[2025-12-21 14:10:08,678] multiqc                                            [DEBUG  ]  File ignored by ccs/v4 because it exceeded search pattern filesize limit: agogo.css
[2025-12-21 14:10:08,679] multiqc                                            [DEBUG  ]  File ignored by hicexplorer because it exceeded search pattern filesize limit: agogo.css
[2025-12-21 14:10:08,679] multiqc                                            [DEBUG  ]  File ignored by lima/summary because it exceeded search pattern filesize limit: agogo.css
[2025-12-21 14:10:08,682] multiqc                                            [DEBUG  ]  File ignored by longranger/invocation because it exceeded search pattern filesize limit: agogo.css
[2025-12-21 14:10:08,691] multiqc                                            [DEBUG  ]  File ignored by nanostat because it exceeded search pattern filesize limit: agogo.css
[2025-12-21 14:10:08,756] multiqc                                            [DEBUG  ]  File ignored by ccs/v4 because it exceeded search pattern filesize limit: basic.css
[2025-12-21 14:10:08,757] multiqc                                            [DEBUG  ]  File ignored by hicexplorer because it exceeded search pattern filesize limit: basic.css
[2025-12-21 14:10:08,757] multiqc                                            [DEBUG  ]  File ignored by lima/summary because it exceeded search pattern filesize limit: basic.css
[2025-12-21 14:10:08,759] multiqc                                            [DEBUG  ]  File ignored by longranger/invocation because it exceeded search pattern filesize limit: basic.css
[2025-12-21 14:10:08,768] multiqc                                            [DEBUG  ]  File ignored by nanostat because it exceeded search pattern filesize limit: basic.css
[2025-12-21 14:10:08,794] multiqc                                            [DEBUG  ]  File ignored by ccs/v4 because it exceeded search pattern filesize limit: doctools.js
[2025-12-21 14:10:08,795] multiqc                                            [DEBUG  ]  File ignored by hicexplorer because it exceeded search pattern filesize limit: doctools.js
[2025-12-21 14:10:08,796] multiqc                                            [DEBUG  ]  File ignored by lima/summary because it exceeded search pattern filesize limit: doctools.js
[2025-12-21 14:10:08,798] multiqc                                            [DEBUG  ]  File ignored by longranger/invocation because it exceeded search pattern filesize limit: doctools.js
[2025-12-21 14:10:08,804] multiqc                                            [DEBUG  ]  File ignored by nanostat because it exceeded search pattern filesize limit: doctools.js
[2025-12-21 14:10:08,867] multiqc                                            [DEBUG  ]  File ignored by ccs/v4 because it exceeded search pattern filesize limit: jquery.js
[2025-12-21 14:10:08,869] multiqc                                            [DEBUG  ]  File ignored by hicexplorer because it exceeded search pattern filesize limit: jquery.js
[2025-12-21 14:10:08,869] multiqc                                            [DEBUG  ]  File ignored by lima/summary because it exceeded search pattern filesize limit: jquery.js
[2025-12-21 14:10:08,872] multiqc                                            [DEBUG  ]  File ignored by longranger/invocation because it exceeded search pattern filesize limit: jquery.js
[2025-12-21 14:10:08,881] multiqc                                            [DEBUG  ]  File ignored by nanostat because it exceeded search pattern filesize limit: jquery.js
[2025-12-21 14:10:08,924] multiqc                                            [DEBUG  ]  File ignored by ccs/v4 because it exceeded search pattern filesize limit: pygments.css
[2025-12-21 14:10:08,926] multiqc                                            [DEBUG  ]  File ignored by lima/summary because it exceeded search pattern filesize limit: pygments.css
[2025-12-21 14:10:08,928] multiqc                                            [DEBUG  ]  File ignored by longranger/invocation because it exceeded search pattern filesize limit: pygments.css
[2025-12-21 14:10:09,057] multiqc                                            [DEBUG  ]  File ignored by ccs/v4 because it exceeded search pattern filesize limit: searchtools.js
[2025-12-21 14:10:09,058] multiqc                                            [DEBUG  ]  File ignored by hicexplorer because it exceeded search pattern filesize limit: searchtools.js
[2025-12-21 14:10:09,058] multiqc                                            [DEBUG  ]  File ignored by lima/summary because it exceeded search pattern filesize limit: searchtools.js
[2025-12-21 14:10:09,061] multiqc                                            [DEBUG  ]  File ignored by longranger/invocation because it exceeded search pattern filesize limit: searchtools.js
[2025-12-21 14:10:09,071] multiqc                                            [DEBUG  ]  File ignored by nanostat because it exceeded search pattern filesize limit: searchtools.js
[2025-12-21 14:10:09,127] multiqc                                            [DEBUG  ]  File ignored by ccs/v4 because it exceeded search pattern filesize limit: underscore.js
[2025-12-21 14:10:09,128] multiqc                                            [DEBUG  ]  File ignored by hicexplorer because it exceeded search pattern filesize limit: underscore.js
[2025-12-21 14:10:09,128] multiqc                                            [DEBUG  ]  File ignored by lima/summary because it exceeded search pattern filesize limit: underscore.js
[2025-12-21 14:10:09,131] multiqc                                            [DEBUG  ]  File ignored by longranger/invocation because it exceeded search pattern filesize limit: underscore.js
[2025-12-21 14:10:09,135] multiqc                                            [DEBUG  ]  File ignored by nanostat because it exceeded search pattern filesize limit: underscore.js
[2025-12-21 14:10:09,256] multiqc                                            [DEBUG  ]  File ignored by ccs/v4 because it exceeded search pattern filesize limit: websupport.js
[2025-12-21 14:10:09,257] multiqc                                            [DEBUG  ]  File ignored by hicexplorer because it exceeded search pattern filesize limit: websupport.js
[2025-12-21 14:10:09,257] multiqc                                            [DEBUG  ]  File ignored by lima/summary because it exceeded search pattern filesize limit: websupport.js
[2025-12-21 14:10:09,260] multiqc                                            [DEBUG  ]  File ignored by longranger/invocation because it exceeded search pattern filesize limit: websupport.js
[2025-12-21 14:10:09,273] multiqc                                            [DEBUG  ]  File ignored by nanostat because it exceeded search pattern filesize limit: websupport.js
[2025-12-21 14:10:09,278] multiqc                                            [DEBUG  ]  File ignored by ccs/v4 because it exceeded search pattern filesize limit: coverage_profile_along_genes_(low).txt
[2025-12-21 14:10:09,279] multiqc                                            [DEBUG  ]  File ignored by lima/summary because it exceeded search pattern filesize limit: coverage_profile_along_genes_(low).txt
[2025-12-21 14:10:09,281] multiqc                                            [DEBUG  ]  File ignored by longranger/invocation because it exceeded search pattern filesize limit: coverage_profile_along_genes_(low).txt
[2025-12-21 14:10:09,289] multiqc                                            [DEBUG  ]  File ignored by ccs/v4 because it exceeded search pattern filesize limit: coverage_profile_along_genes_(high).txt
[2025-12-21 14:10:09,290] multiqc                                            [DEBUG  ]  File ignored by lima/summary because it exceeded search pattern filesize limit: coverage_profile_along_genes_(high).txt
[2025-12-21 14:10:09,292] multiqc                                            [DEBUG  ]  File ignored by longranger/invocation because it exceeded search pattern filesize limit: coverage_profile_along_genes_(high).txt
[2025-12-21 14:10:09,301] multiqc                                            [DEBUG  ]  File ignored by ccs/v4 because it exceeded search pattern filesize limit: qualimapReport.html
[2025-12-21 14:10:09,302] multiqc                                            [DEBUG  ]  File ignored by hicexplorer because it exceeded search pattern filesize limit: qualimapReport.html
[2025-12-21 14:10:09,302] multiqc                                            [DEBUG  ]  File ignored by lima/summary because it exceeded search pattern filesize limit: qualimapReport.html
[2025-12-21 14:10:09,304] multiqc                                            [DEBUG  ]  File ignored by longranger/invocation because it exceeded search pattern filesize limit: qualimapReport.html
[2025-12-21 14:10:09,312] multiqc                                            [DEBUG  ]  File ignored by nanostat because it exceeded search pattern filesize limit: qualimapReport.html
[2025-12-21 14:10:09,379] multiqc                                            [DEBUG  ]  File ignored by ccs/v4 because it exceeded search pattern filesize limit: agogo.css
[2025-12-21 14:10:09,380] multiqc                                            [DEBUG  ]  File ignored by hicexplorer because it exceeded search pattern filesize limit: agogo.css
[2025-12-21 14:10:09,380] multiqc                                            [DEBUG  ]  File ignored by lima/summary because it exceeded search pattern filesize limit: agogo.css
[2025-12-21 14:10:09,382] multiqc                                            [DEBUG  ]  File ignored by longranger/invocation because it exceeded search pattern filesize limit: agogo.css
[2025-12-21 14:10:09,390] multiqc                                            [DEBUG  ]  File ignored by nanostat because it exceeded search pattern filesize limit: agogo.css
[2025-12-21 14:10:09,460] multiqc                                            [DEBUG  ]  File ignored by ccs/v4 because it exceeded search pattern filesize limit: basic.css
[2025-12-21 14:10:09,461] multiqc                                            [DEBUG  ]  File ignored by hicexplorer because it exceeded search pattern filesize limit: basic.css
[2025-12-21 14:10:09,461] multiqc                                            [DEBUG  ]  File ignored by lima/summary because it exceeded search pattern filesize limit: basic.css
[2025-12-21 14:10:09,464] multiqc                                            [DEBUG  ]  File ignored by longranger/invocation because it exceeded search pattern filesize limit: basic.css
[2025-12-21 14:10:09,473] multiqc                                            [DEBUG  ]  File ignored by nanostat because it exceeded search pattern filesize limit: basic.css
[2025-12-21 14:10:09,531] multiqc                                            [DEBUG  ]  File ignored by ccs/v4 because it exceeded search pattern filesize limit: doctools.js
[2025-12-21 14:10:09,532] multiqc                                            [DEBUG  ]  File ignored by hicexplorer because it exceeded search pattern filesize limit: doctools.js
[2025-12-21 14:10:09,533] multiqc                                            [DEBUG  ]  File ignored by lima/summary because it exceeded search pattern filesize limit: doctools.js
[2025-12-21 14:10:09,535] multiqc                                            [DEBUG  ]  File ignored by longranger/invocation because it exceeded search pattern filesize limit: doctools.js
[2025-12-21 14:10:09,540] multiqc                                            [DEBUG  ]  File ignored by nanostat because it exceeded search pattern filesize limit: doctools.js
[2025-12-21 14:10:09,628] multiqc                                            [DEBUG  ]  File ignored by ccs/v4 because it exceeded search pattern filesize limit: jquery.js
[2025-12-21 14:10:09,629] multiqc                                            [DEBUG  ]  File ignored by hicexplorer because it exceeded search pattern filesize limit: jquery.js
[2025-12-21 14:10:09,630] multiqc                                            [DEBUG  ]  File ignored by lima/summary because it exceeded search pattern filesize limit: jquery.js
[2025-12-21 14:10:09,632] multiqc                                            [DEBUG  ]  File ignored by longranger/invocation because it exceeded search pattern filesize limit: jquery.js
[2025-12-21 14:10:09,641] multiqc                                            [DEBUG  ]  File ignored by nanostat because it exceeded search pattern filesize limit: jquery.js
[2025-12-21 14:10:09,649] multiqc                                            [DEBUG  ]  File ignored by ccs/v4 because it exceeded search pattern filesize limit: pygments.css
[2025-12-21 14:10:09,651] multiqc                                            [DEBUG  ]  File ignored by lima/summary because it exceeded search pattern filesize limit: pygments.css
[2025-12-21 14:10:09,653] multiqc                                            [DEBUG  ]  File ignored by longranger/invocation because it exceeded search pattern filesize limit: pygments.css
[2025-12-21 14:10:09,675] multiqc                                            [DEBUG  ]  File ignored by ccs/v4 because it exceeded search pattern filesize limit: searchtools.js
[2025-12-21 14:10:09,676] multiqc                                            [DEBUG  ]  File ignored by hicexplorer because it exceeded search pattern filesize limit: searchtools.js
[2025-12-21 14:10:09,676] multiqc                                            [DEBUG  ]  File ignored by lima/summary because it exceeded search pattern filesize limit: searchtools.js
[2025-12-21 14:10:09,678] multiqc                                            [DEBUG  ]  File ignored by longranger/invocation because it exceeded search pattern filesize limit: searchtools.js
[2025-12-21 14:10:09,687] multiqc                                            [DEBUG  ]  File ignored by nanostat because it exceeded search pattern filesize limit: searchtools.js
[2025-12-21 14:10:09,693] multiqc                                            [DEBUG  ]  File ignored by ccs/v4 because it exceeded search pattern filesize limit: underscore.js
[2025-12-21 14:10:09,694] multiqc                                            [DEBUG  ]  File ignored by hicexplorer because it exceeded search pattern filesize limit: underscore.js
[2025-12-21 14:10:09,694] multiqc                                            [DEBUG  ]  File ignored by lima/summary because it exceeded search pattern filesize limit: underscore.js
[2025-12-21 14:10:09,696] multiqc                                            [DEBUG  ]  File ignored by longranger/invocation because it exceeded search pattern filesize limit: underscore.js
[2025-12-21 14:10:09,700] multiqc                                            [DEBUG  ]  File ignored by nanostat because it exceeded search pattern filesize limit: underscore.js
[2025-12-21 14:10:09,707] multiqc                                            [DEBUG  ]  File ignored by ccs/v4 because it exceeded search pattern filesize limit: websupport.js
[2025-12-21 14:10:09,709] multiqc                                            [DEBUG  ]  File ignored by hicexplorer because it exceeded search pattern filesize limit: websupport.js
[2025-12-21 14:10:09,709] multiqc                                            [DEBUG  ]  File ignored by lima/summary because it exceeded search pattern filesize limit: websupport.js
[2025-12-21 14:10:09,711] multiqc                                            [DEBUG  ]  File ignored by longranger/invocation because it exceeded search pattern filesize limit: websupport.js
[2025-12-21 14:10:09,724] multiqc                                            [DEBUG  ]  File ignored by nanostat because it exceeded search pattern filesize limit: websupport.js
[2025-12-21 14:10:09,729] multiqc                                            [DEBUG  ]  File ignored by ccs/v4 because it exceeded search pattern filesize limit: coverage_profile_along_genes_(low).txt
[2025-12-21 14:10:09,730] multiqc                                            [DEBUG  ]  File ignored by lima/summary because it exceeded search pattern filesize limit: coverage_profile_along_genes_(low).txt
[2025-12-21 14:10:09,732] multiqc                                            [DEBUG  ]  File ignored by longranger/invocation because it exceeded search pattern filesize limit: coverage_profile_along_genes_(low).txt
[2025-12-21 14:10:09,740] multiqc                                            [DEBUG  ]  File ignored by ccs/v4 because it exceeded search pattern filesize limit: coverage_profile_along_genes_(high).txt
[2025-12-21 14:10:09,741] multiqc                                            [DEBUG  ]  File ignored by lima/summary because it exceeded search pattern filesize limit: coverage_profile_along_genes_(high).txt
[2025-12-21 14:10:09,744] multiqc                                            [DEBUG  ]  File ignored by longranger/invocation because it exceeded search pattern filesize limit: coverage_profile_along_genes_(high).txt
[2025-12-21 14:10:09,754] multiqc                                            [DEBUG  ]  File ignored by ccs/v4 because it exceeded search pattern filesize limit: qualimapReport.html
[2025-12-21 14:10:09,756] multiqc                                            [DEBUG  ]  File ignored by hicexplorer because it exceeded search pattern filesize limit: qualimapReport.html
[2025-12-21 14:10:09,756] multiqc                                            [DEBUG  ]  File ignored by lima/summary because it exceeded search pattern filesize limit: qualimapReport.html
[2025-12-21 14:10:09,758] multiqc                                            [DEBUG  ]  File ignored by longranger/invocation because it exceeded search pattern filesize limit: qualimapReport.html
[2025-12-21 14:10:09,766] multiqc                                            [DEBUG  ]  File ignored by nanostat because it exceeded search pattern filesize limit: qualimapReport.html
[2025-12-21 14:10:09,844] multiqc                                            [DEBUG  ]  File ignored by ccs/v4 because it exceeded search pattern filesize limit: agogo.css
[2025-12-21 14:10:09,845] multiqc                                            [DEBUG  ]  File ignored by hicexplorer because it exceeded search pattern filesize limit: agogo.css
[2025-12-21 14:10:09,846] multiqc                                            [DEBUG  ]  File ignored by lima/summary because it exceeded search pattern filesize limit: agogo.css
[2025-12-21 14:10:09,848] multiqc                                            [DEBUG  ]  File ignored by longranger/invocation because it exceeded search pattern filesize limit: agogo.css
[2025-12-21 14:10:09,857] multiqc                                            [DEBUG  ]  File ignored by nanostat because it exceeded search pattern filesize limit: agogo.css
[2025-12-21 14:10:09,982] multiqc                                            [DEBUG  ]  File ignored by ccs/v4 because it exceeded search pattern filesize limit: basic.css
[2025-12-21 14:10:09,984] multiqc                                            [DEBUG  ]  File ignored by hicexplorer because it exceeded search pattern filesize limit: basic.css
[2025-12-21 14:10:09,984] multiqc                                            [DEBUG  ]  File ignored by lima/summary because it exceeded search pattern filesize limit: basic.css
[2025-12-21 14:10:09,986] multiqc                                            [DEBUG  ]  File ignored by longranger/invocation because it exceeded search pattern filesize limit: basic.css
[2025-12-21 14:10:09,996] multiqc                                            [DEBUG  ]  File ignored by nanostat because it exceeded search pattern filesize limit: basic.css
[2025-12-21 14:10:10,050] multiqc                                            [DEBUG  ]  File ignored by ccs/v4 because it exceeded search pattern filesize limit: doctools.js
[2025-12-21 14:10:10,052] multiqc                                            [DEBUG  ]  File ignored by hicexplorer because it exceeded search pattern filesize limit: doctools.js
[2025-12-21 14:10:10,052] multiqc                                            [DEBUG  ]  File ignored by lima/summary because it exceeded search pattern filesize limit: doctools.js
[2025-12-21 14:10:10,056] multiqc                                            [DEBUG  ]  File ignored by longranger/invocation because it exceeded search pattern filesize limit: doctools.js
[2025-12-21 14:10:10,062] multiqc                                            [DEBUG  ]  File ignored by nanostat because it exceeded search pattern filesize limit: doctools.js
[2025-12-21 14:10:10,102] multiqc                                            [DEBUG  ]  File ignored by ccs/v4 because it exceeded search pattern filesize limit: jquery.js
[2025-12-21 14:10:10,103] multiqc                                            [DEBUG  ]  File ignored by hicexplorer because it exceeded search pattern filesize limit: jquery.js
[2025-12-21 14:10:10,103] multiqc                                            [DEBUG  ]  File ignored by lima/summary because it exceeded search pattern filesize limit: jquery.js
[2025-12-21 14:10:10,106] multiqc                                            [DEBUG  ]  File ignored by longranger/invocation because it exceeded search pattern filesize limit: jquery.js
[2025-12-21 14:10:10,114] multiqc                                            [DEBUG  ]  File ignored by nanostat because it exceeded search pattern filesize limit: jquery.js
[2025-12-21 14:10:10,141] multiqc                                            [DEBUG  ]  File ignored by ccs/v4 because it exceeded search pattern filesize limit: pygments.css
[2025-12-21 14:10:10,142] multiqc                                            [DEBUG  ]  File ignored by lima/summary because it exceeded search pattern filesize limit: pygments.css
[2025-12-21 14:10:10,144] multiqc                                            [DEBUG  ]  File ignored by longranger/invocation because it exceeded search pattern filesize limit: pygments.css
[2025-12-21 14:10:10,171] multiqc                                            [DEBUG  ]  File ignored by ccs/v4 because it exceeded search pattern filesize limit: searchtools.js
[2025-12-21 14:10:10,172] multiqc                                            [DEBUG  ]  File ignored by hicexplorer because it exceeded search pattern filesize limit: searchtools.js
[2025-12-21 14:10:10,172] multiqc                                            [DEBUG  ]  File ignored by lima/summary because it exceeded search pattern filesize limit: searchtools.js
[2025-12-21 14:10:10,175] multiqc                                            [DEBUG  ]  File ignored by longranger/invocation because it exceeded search pattern filesize limit: searchtools.js
[2025-12-21 14:10:10,184] multiqc                                            [DEBUG  ]  File ignored by nanostat because it exceeded search pattern filesize limit: searchtools.js
[2025-12-21 14:10:10,189] multiqc                                            [DEBUG  ]  File ignored by ccs/v4 because it exceeded search pattern filesize limit: underscore.js
[2025-12-21 14:10:10,191] multiqc                                            [DEBUG  ]  File ignored by hicexplorer because it exceeded search pattern filesize limit: underscore.js
[2025-12-21 14:10:10,191] multiqc                                            [DEBUG  ]  File ignored by lima/summary because it exceeded search pattern filesize limit: underscore.js
[2025-12-21 14:10:10,193] multiqc                                            [DEBUG  ]  File ignored by longranger/invocation because it exceeded search pattern filesize limit: underscore.js
[2025-12-21 14:10:10,197] multiqc                                            [DEBUG  ]  File ignored by nanostat because it exceeded search pattern filesize limit: underscore.js
[2025-12-21 14:10:10,206] multiqc                                            [DEBUG  ]  File ignored by ccs/v4 because it exceeded search pattern filesize limit: websupport.js
[2025-12-21 14:10:10,207] multiqc                                            [DEBUG  ]  File ignored by hicexplorer because it exceeded search pattern filesize limit: websupport.js
[2025-12-21 14:10:10,207] multiqc                                            [DEBUG  ]  File ignored by lima/summary because it exceeded search pattern filesize limit: websupport.js
[2025-12-21 14:10:10,210] multiqc                                            [DEBUG  ]  File ignored by longranger/invocation because it exceeded search pattern filesize limit: websupport.js
[2025-12-21 14:10:10,222] multiqc                                            [DEBUG  ]  File ignored by nanostat because it exceeded search pattern filesize limit: websupport.js
[2025-12-21 14:10:10,227] multiqc                                            [DEBUG  ]  File ignored by ccs/v4 because it exceeded search pattern filesize limit: coverage_profile_along_genes_(low).txt
[2025-12-21 14:10:10,228] multiqc                                            [DEBUG  ]  File ignored by lima/summary because it exceeded search pattern filesize limit: coverage_profile_along_genes_(low).txt
[2025-12-21 14:10:10,231] multiqc                                            [DEBUG  ]  File ignored by longranger/invocation because it exceeded search pattern filesize limit: coverage_profile_along_genes_(low).txt
[2025-12-21 14:10:10,238] multiqc                                            [DEBUG  ]  File ignored by ccs/v4 because it exceeded search pattern filesize limit: coverage_profile_along_genes_(high).txt
[2025-12-21 14:10:10,240] multiqc                                            [DEBUG  ]  File ignored by lima/summary because it exceeded search pattern filesize limit: coverage_profile_along_genes_(high).txt
[2025-12-21 14:10:10,242] multiqc                                            [DEBUG  ]  File ignored by longranger/invocation because it exceeded search pattern filesize limit: coverage_profile_along_genes_(high).txt
[2025-12-21 14:10:10,251] multiqc                                            [DEBUG  ]  File ignored by ccs/v4 because it exceeded search pattern filesize limit: qualimapReport.html
[2025-12-21 14:10:10,252] multiqc                                            [DEBUG  ]  File ignored by hicexplorer because it exceeded search pattern filesize limit: qualimapReport.html
[2025-12-21 14:10:10,252] multiqc                                            [DEBUG  ]  File ignored by lima/summary because it exceeded search pattern filesize limit: qualimapReport.html
[2025-12-21 14:10:10,255] multiqc                                            [DEBUG  ]  File ignored by longranger/invocation because it exceeded search pattern filesize limit: qualimapReport.html
[2025-12-21 14:10:10,264] multiqc                                            [DEBUG  ]  File ignored by nanostat because it exceeded search pattern filesize limit: qualimapReport.html
[2025-12-21 14:10:10,277] multiqc                                            [DEBUG  ]  File ignored by ccs/v4 because it exceeded search pattern filesize limit: agogo.css
[2025-12-21 14:10:10,279] multiqc                                            [DEBUG  ]  File ignored by hicexplorer because it exceeded search pattern filesize limit: agogo.css
[2025-12-21 14:10:10,279] multiqc                                            [DEBUG  ]  File ignored by lima/summary because it exceeded search pattern filesize limit: agogo.css
[2025-12-21 14:10:10,281] multiqc                                            [DEBUG  ]  File ignored by longranger/invocation because it exceeded search pattern filesize limit: agogo.css
[2025-12-21 14:10:10,288] multiqc                                            [DEBUG  ]  File ignored by nanostat because it exceeded search pattern filesize limit: agogo.css
[2025-12-21 14:10:10,323] multiqc                                            [DEBUG  ]  File ignored by ccs/v4 because it exceeded search pattern filesize limit: basic.css
[2025-12-21 14:10:10,324] multiqc                                            [DEBUG  ]  File ignored by hicexplorer because it exceeded search pattern filesize limit: basic.css
[2025-12-21 14:10:10,324] multiqc                                            [DEBUG  ]  File ignored by lima/summary because it exceeded search pattern filesize limit: basic.css
[2025-12-21 14:10:10,327] multiqc                                            [DEBUG  ]  File ignored by longranger/invocation because it exceeded search pattern filesize limit: basic.css
[2025-12-21 14:10:10,336] multiqc                                            [DEBUG  ]  File ignored by nanostat because it exceeded search pattern filesize limit: basic.css
[2025-12-21 14:10:10,418] multiqc                                            [DEBUG  ]  File ignored by ccs/v4 because it exceeded search pattern filesize limit: doctools.js
[2025-12-21 14:10:10,420] multiqc                                            [DEBUG  ]  File ignored by hicexplorer because it exceeded search pattern filesize limit: doctools.js
[2025-12-21 14:10:10,420] multiqc                                            [DEBUG  ]  File ignored by lima/summary because it exceeded search pattern filesize limit: doctools.js
[2025-12-21 14:10:10,422] multiqc                                            [DEBUG  ]  File ignored by longranger/invocation because it exceeded search pattern filesize limit: doctools.js
[2025-12-21 14:10:10,427] multiqc                                            [DEBUG  ]  File ignored by nanostat because it exceeded search pattern filesize limit: doctools.js
[2025-12-21 14:10:10,484] multiqc                                            [DEBUG  ]  File ignored by ccs/v4 because it exceeded search pattern filesize limit: jquery.js
[2025-12-21 14:10:10,485] multiqc                                            [DEBUG  ]  File ignored by hicexplorer because it exceeded search pattern filesize limit: jquery.js
[2025-12-21 14:10:10,486] multiqc                                            [DEBUG  ]  File ignored by lima/summary because it exceeded search pattern filesize limit: jquery.js
[2025-12-21 14:10:10,488] multiqc                                            [DEBUG  ]  File ignored by longranger/invocation because it exceeded search pattern filesize limit: jquery.js
[2025-12-21 14:10:10,498] multiqc                                            [DEBUG  ]  File ignored by nanostat because it exceeded search pattern filesize limit: jquery.js
[2025-12-21 14:10:10,547] multiqc                                            [DEBUG  ]  File ignored by ccs/v4 because it exceeded search pattern filesize limit: pygments.css
[2025-12-21 14:10:10,549] multiqc                                            [DEBUG  ]  File ignored by lima/summary because it exceeded search pattern filesize limit: pygments.css
[2025-12-21 14:10:10,551] multiqc                                            [DEBUG  ]  File ignored by longranger/invocation because it exceeded search pattern filesize limit: pygments.css
[2025-12-21 14:10:10,672] multiqc                                            [DEBUG  ]  File ignored by ccs/v4 because it exceeded search pattern filesize limit: searchtools.js
[2025-12-21 14:10:10,673] multiqc                                            [DEBUG  ]  File ignored by hicexplorer because it exceeded search pattern filesize limit: searchtools.js
[2025-12-21 14:10:10,673] multiqc                                            [DEBUG  ]  File ignored by lima/summary because it exceeded search pattern filesize limit: searchtools.js
[2025-12-21 14:10:10,676] multiqc                                            [DEBUG  ]  File ignored by longranger/invocation because it exceeded search pattern filesize limit: searchtools.js
[2025-12-21 14:10:10,686] multiqc                                            [DEBUG  ]  File ignored by nanostat because it exceeded search pattern filesize limit: searchtools.js
[2025-12-21 14:10:10,704] multiqc                                            [DEBUG  ]  File ignored by ccs/v4 because it exceeded search pattern filesize limit: underscore.js
[2025-12-21 14:10:10,705] multiqc                                            [DEBUG  ]  File ignored by hicexplorer because it exceeded search pattern filesize limit: underscore.js
[2025-12-21 14:10:10,706] multiqc                                            [DEBUG  ]  File ignored by lima/summary because it exceeded search pattern filesize limit: underscore.js
[2025-12-21 14:10:10,708] multiqc                                            [DEBUG  ]  File ignored by longranger/invocation because it exceeded search pattern filesize limit: underscore.js
[2025-12-21 14:10:10,712] multiqc                                            [DEBUG  ]  File ignored by nanostat because it exceeded search pattern filesize limit: underscore.js
[2025-12-21 14:10:10,764] multiqc                                            [DEBUG  ]  File ignored by ccs/v4 because it exceeded search pattern filesize limit: websupport.js
[2025-12-21 14:10:10,765] multiqc                                            [DEBUG  ]  File ignored by hicexplorer because it exceeded search pattern filesize limit: websupport.js
[2025-12-21 14:10:10,765] multiqc                                            [DEBUG  ]  File ignored by lima/summary because it exceeded search pattern filesize limit: websupport.js
[2025-12-21 14:10:10,767] multiqc                                            [DEBUG  ]  File ignored by longranger/invocation because it exceeded search pattern filesize limit: websupport.js
[2025-12-21 14:10:10,780] multiqc                                            [DEBUG  ]  File ignored by nanostat because it exceeded search pattern filesize limit: websupport.js
[2025-12-21 14:10:10,785] multiqc                                            [DEBUG  ]  File ignored by ccs/v4 because it exceeded search pattern filesize limit: coverage_profile_along_genes_(low).txt
[2025-12-21 14:10:10,786] multiqc                                            [DEBUG  ]  File ignored by lima/summary because it exceeded search pattern filesize limit: coverage_profile_along_genes_(low).txt
[2025-12-21 14:10:10,788] multiqc                                            [DEBUG  ]  File ignored by longranger/invocation because it exceeded search pattern filesize limit: coverage_profile_along_genes_(low).txt
[2025-12-21 14:10:10,796] multiqc                                            [DEBUG  ]  File ignored by ccs/v4 because it exceeded search pattern filesize limit: coverage_profile_along_genes_(high).txt
[2025-12-21 14:10:10,798] multiqc                                            [DEBUG  ]  File ignored by lima/summary because it exceeded search pattern filesize limit: coverage_profile_along_genes_(high).txt
[2025-12-21 14:10:10,800] multiqc                                            [DEBUG  ]  File ignored by longranger/invocation because it exceeded search pattern filesize limit: coverage_profile_along_genes_(high).txt
[2025-12-21 14:10:10,805] multiqc                                            [DEBUG  ]  Ignoring file as matched an ignore pattern: POC_R3_H2_Aligned.sortedByCoord.out.bam
[2025-12-21 14:10:10,812] multiqc                                            [DEBUG  ]  File ignored by ccs/v4 because it exceeded search pattern filesize limit: POC_R0_H2_Log.progress.out
[2025-12-21 14:10:10,813] multiqc                                            [DEBUG  ]  File ignored by lima/summary because it exceeded search pattern filesize limit: POC_R0_H2_Log.progress.out
[2025-12-21 14:10:10,823] multiqc                                            [DEBUG  ]  File ignored by ccs/v4 because it exceeded search pattern filesize limit: POC_R3_C1_Log.out
[2025-12-21 14:10:10,824] multiqc                                            [DEBUG  ]  File ignored by hicexplorer because it exceeded search pattern filesize limit: POC_R3_C1_Log.out
[2025-12-21 14:10:10,824] multiqc                                            [DEBUG  ]  File ignored by lima/summary because it exceeded search pattern filesize limit: POC_R3_C1_Log.out
[2025-12-21 14:10:10,826] multiqc                                            [DEBUG  ]  File ignored by longranger/invocation because it exceeded search pattern filesize limit: POC_R3_C1_Log.out
[2025-12-21 14:10:10,838] multiqc                                            [DEBUG  ]  File ignored by nanostat because it exceeded search pattern filesize limit: POC_R3_C1_Log.out
[2025-12-21 14:10:10,839] multiqc                                            [DEBUG  ]  Ignoring file as matched an ignore pattern: POC_R120_C3_Aligned.sortedByCoord.out.bam
[2025-12-21 14:10:10,843] multiqc                                            [DEBUG  ]  File ignored by ccs/v4 because it exceeded search pattern filesize limit: POC_R12_H2_Log.out
[2025-12-21 14:10:10,844] multiqc                                            [DEBUG  ]  File ignored by hicexplorer because it exceeded search pattern filesize limit: POC_R12_H2_Log.out
[2025-12-21 14:10:10,844] multiqc                                            [DEBUG  ]  File ignored by lima/summary because it exceeded search pattern filesize limit: POC_R12_H2_Log.out
[2025-12-21 14:10:10,847] multiqc                                            [DEBUG  ]  File ignored by longranger/invocation because it exceeded search pattern filesize limit: POC_R12_H2_Log.out
[2025-12-21 14:10:10,858] multiqc                                            [DEBUG  ]  File ignored by nanostat because it exceeded search pattern filesize limit: POC_R12_H2_Log.out
[2025-12-21 14:10:10,860] multiqc                                            [DEBUG  ]  Ignoring file as matched an ignore pattern: POC_R120_H1_Aligned.sortedByCoord.out.bam
[2025-12-21 14:10:10,860] multiqc                                            [DEBUG  ]  Ignoring file as matched an ignore pattern: POC_R12_C1_Aligned.sortedByCoord.out.bam
[2025-12-21 14:10:10,860] multiqc                                            [DEBUG  ]  Ignoring file as matched an ignore pattern: POC_R12_H3_Aligned.sortedByCoord.out.bam
[2025-12-21 14:10:10,866] multiqc                                            [DEBUG  ]  File ignored by ccs/v4 because it exceeded search pattern filesize limit: POC_R72_C1_Log.out
[2025-12-21 14:10:10,867] multiqc                                            [DEBUG  ]  File ignored by hicexplorer because it exceeded search pattern filesize limit: POC_R72_C1_Log.out
[2025-12-21 14:10:10,867] multiqc                                            [DEBUG  ]  File ignored by lima/summary because it exceeded search pattern filesize limit: POC_R72_C1_Log.out
[2025-12-21 14:10:10,870] multiqc                                            [DEBUG  ]  File ignored by longranger/invocation because it exceeded search pattern filesize limit: POC_R72_C1_Log.out
[2025-12-21 14:10:10,881] multiqc                                            [DEBUG  ]  File ignored by nanostat because it exceeded search pattern filesize limit: POC_R72_C1_Log.out
[2025-12-21 14:10:10,886] multiqc                                            [DEBUG  ]  File ignored by ccs/v4 because it exceeded search pattern filesize limit: POC_R0_C2_Log.out
[2025-12-21 14:10:10,887] multiqc                                            [DEBUG  ]  File ignored by hicexplorer because it exceeded search pattern filesize limit: POC_R0_C2_Log.out
[2025-12-21 14:10:10,887] multiqc                                            [DEBUG  ]  File ignored by lima/summary because it exceeded search pattern filesize limit: POC_R0_C2_Log.out
[2025-12-21 14:10:10,890] multiqc                                            [DEBUG  ]  File ignored by longranger/invocation because it exceeded search pattern filesize limit: POC_R0_C2_Log.out
[2025-12-21 14:10:10,901] multiqc                                            [DEBUG  ]  File ignored by nanostat because it exceeded search pattern filesize limit: POC_R0_C2_Log.out
[2025-12-21 14:10:10,905] multiqc                                            [DEBUG  ]  File ignored by ccs/v4 because it exceeded search pattern filesize limit: POC_R0_C2_Log.progress.out
[2025-12-21 14:10:10,907] multiqc                                            [DEBUG  ]  File ignored by lima/summary because it exceeded search pattern filesize limit: POC_R0_C2_Log.progress.out
[2025-12-21 14:10:10,917] multiqc                                            [DEBUG  ]  File ignored by ccs/v4 because it exceeded search pattern filesize limit: POC_R3_H3_Log.out
[2025-12-21 14:10:10,919] multiqc                                            [DEBUG  ]  File ignored by hicexplorer because it exceeded search pattern filesize limit: POC_R3_H3_Log.out
[2025-12-21 14:10:10,919] multiqc                                            [DEBUG  ]  File ignored by lima/summary because it exceeded search pattern filesize limit: POC_R3_H3_Log.out
[2025-12-21 14:10:10,922] multiqc                                            [DEBUG  ]  File ignored by longranger/invocation because it exceeded search pattern filesize limit: POC_R3_H3_Log.out
[2025-12-21 14:10:10,933] multiqc                                            [DEBUG  ]  File ignored by nanostat because it exceeded search pattern filesize limit: POC_R3_H3_Log.out
[2025-12-21 14:10:10,937] multiqc                                            [DEBUG  ]  File ignored by ccs/v4 because it exceeded search pattern filesize limit: POC_R0_H3_Log.progress.out
[2025-12-21 14:10:10,939] multiqc                                            [DEBUG  ]  File ignored by lima/summary because it exceeded search pattern filesize limit: POC_R0_H3_Log.progress.out
[2025-12-21 14:10:10,946] multiqc                                            [DEBUG  ]  Ignoring file as matched an ignore pattern: POC_R1_H1_Aligned.sortedByCoord.out.bam
[2025-12-21 14:10:10,946] multiqc                                            [DEBUG  ]  Ignoring file as matched an ignore pattern: POC_R1_C3_Aligned.sortedByCoord.out.bam
[2025-12-21 14:10:10,950] multiqc                                            [DEBUG  ]  File ignored by ccs/v4 because it exceeded search pattern filesize limit: POC_R72_H3_Log.out
[2025-12-21 14:10:10,951] multiqc                                            [DEBUG  ]  File ignored by hicexplorer because it exceeded search pattern filesize limit: POC_R72_H3_Log.out
[2025-12-21 14:10:10,951] multiqc                                            [DEBUG  ]  File ignored by lima/summary because it exceeded search pattern filesize limit: POC_R72_H3_Log.out
[2025-12-21 14:10:10,954] multiqc                                            [DEBUG  ]  File ignored by longranger/invocation because it exceeded search pattern filesize limit: POC_R72_H3_Log.out
[2025-12-21 14:10:10,965] multiqc                                            [DEBUG  ]  File ignored by nanostat because it exceeded search pattern filesize limit: POC_R72_H3_Log.out
[2025-12-21 14:10:10,969] multiqc                                            [DEBUG  ]  Ignoring file as matched an ignore pattern: POC_R72_H3_Aligned.sortedByCoord.out.bam
[2025-12-21 14:10:10,972] multiqc                                            [DEBUG  ]  File ignored by ccs/v4 because it exceeded search pattern filesize limit: POC_R0_C3_Log.progress.out
[2025-12-21 14:10:10,973] multiqc                                            [DEBUG  ]  File ignored by lima/summary because it exceeded search pattern filesize limit: POC_R0_C3_Log.progress.out
[2025-12-21 14:10:10,980] multiqc                                            [DEBUG  ]  Ignoring file as matched an ignore pattern: POC_R72_C1_Aligned.sortedByCoord.out.bam
[2025-12-21 14:10:10,983] multiqc                                            [DEBUG  ]  Ignoring file as matched an ignore pattern: POC_R24_C2_Aligned.sortedByCoord.out.bam
[2025-12-21 14:10:10,987] multiqc                                            [DEBUG  ]  File ignored by ccs/v4 because it exceeded search pattern filesize limit: POC_R120_C1_Log.out
[2025-12-21 14:10:10,988] multiqc                                            [DEBUG  ]  File ignored by hicexplorer because it exceeded search pattern filesize limit: POC_R120_C1_Log.out
[2025-12-21 14:10:10,988] multiqc                                            [DEBUG  ]  File ignored by lima/summary because it exceeded search pattern filesize limit: POC_R120_C1_Log.out
[2025-12-21 14:10:10,990] multiqc                                            [DEBUG  ]  File ignored by longranger/invocation because it exceeded search pattern filesize limit: POC_R120_C1_Log.out
[2025-12-21 14:10:11,002] multiqc                                            [DEBUG  ]  File ignored by nanostat because it exceeded search pattern filesize limit: POC_R120_C1_Log.out
[2025-12-21 14:10:11,009] multiqc                                            [DEBUG  ]  File ignored by ccs/v4 because it exceeded search pattern filesize limit: POC_R24_H2_Log.out
[2025-12-21 14:10:11,010] multiqc                                            [DEBUG  ]  File ignored by hicexplorer because it exceeded search pattern filesize limit: POC_R24_H2_Log.out
[2025-12-21 14:10:11,010] multiqc                                            [DEBUG  ]  File ignored by lima/summary because it exceeded search pattern filesize limit: POC_R24_H2_Log.out
[2025-12-21 14:10:11,012] multiqc                                            [DEBUG  ]  File ignored by longranger/invocation because it exceeded search pattern filesize limit: POC_R24_H2_Log.out
[2025-12-21 14:10:11,024] multiqc                                            [DEBUG  ]  File ignored by nanostat because it exceeded search pattern filesize limit: POC_R24_H2_Log.out
[2025-12-21 14:10:11,029] multiqc                                            [DEBUG  ]  File ignored by ccs/v4 because it exceeded search pattern filesize limit: POC_R0_C1_Log.progress.out
[2025-12-21 14:10:11,031] multiqc                                            [DEBUG  ]  File ignored by lima/summary because it exceeded search pattern filesize limit: POC_R0_C1_Log.progress.out
[2025-12-21 14:10:11,042] multiqc                                            [DEBUG  ]  File ignored by ccs/v4 because it exceeded search pattern filesize limit: POC_R120_H3_Log.out
[2025-12-21 14:10:11,043] multiqc                                            [DEBUG  ]  File ignored by hicexplorer because it exceeded search pattern filesize limit: POC_R120_H3_Log.out
[2025-12-21 14:10:11,043] multiqc                                            [DEBUG  ]  File ignored by lima/summary because it exceeded search pattern filesize limit: POC_R120_H3_Log.out
[2025-12-21 14:10:11,045] multiqc                                            [DEBUG  ]  File ignored by longranger/invocation because it exceeded search pattern filesize limit: POC_R120_H3_Log.out
[2025-12-21 14:10:11,056] multiqc                                            [DEBUG  ]  File ignored by nanostat because it exceeded search pattern filesize limit: POC_R120_H3_Log.out
[2025-12-21 14:10:11,062] multiqc                                            [DEBUG  ]  File ignored by ccs/v4 because it exceeded search pattern filesize limit: POC_R0_H1_Log.progress.out
[2025-12-21 14:10:11,063] multiqc                                            [DEBUG  ]  File ignored by lima/summary because it exceeded search pattern filesize limit: POC_R0_H1_Log.progress.out
[2025-12-21 14:10:11,071] multiqc                                            [DEBUG  ]  Ignoring file as matched an ignore pattern: POC_R0_C2_Aligned.sortedByCoord.out.bam
[2025-12-21 14:10:11,075] multiqc                                            [DEBUG  ]  File ignored by ccs/v4 because it exceeded search pattern filesize limit: POC_R1_H2_Log.out
[2025-12-21 14:10:11,076] multiqc                                            [DEBUG  ]  File ignored by hicexplorer because it exceeded search pattern filesize limit: POC_R1_H2_Log.out
[2025-12-21 14:10:11,077] multiqc                                            [DEBUG  ]  File ignored by lima/summary because it exceeded search pattern filesize limit: POC_R1_H2_Log.out
[2025-12-21 14:10:11,079] multiqc                                            [DEBUG  ]  File ignored by longranger/invocation because it exceeded search pattern filesize limit: POC_R1_H2_Log.out
[2025-12-21 14:10:11,090] multiqc                                            [DEBUG  ]  File ignored by nanostat because it exceeded search pattern filesize limit: POC_R1_H2_Log.out
[2025-12-21 14:10:11,092] multiqc                                            [DEBUG  ]  Ignoring file as matched an ignore pattern: POC_R3_C1_Aligned.sortedByCoord.out.bam
[2025-12-21 14:10:11,092] multiqc                                            [DEBUG  ]  Ignoring file as matched an ignore pattern: POC_R3_H3_Aligned.sortedByCoord.out.bam
[2025-12-21 14:10:11,096] multiqc                                            [DEBUG  ]  File ignored by ccs/v4 because it exceeded search pattern filesize limit: POC_R3_C3_Log.progress.out
[2025-12-21 14:10:11,097] multiqc                                            [DEBUG  ]  File ignored by lima/summary because it exceeded search pattern filesize limit: POC_R3_C3_Log.progress.out
[2025-12-21 14:10:11,104] multiqc                                            [DEBUG  ]  Ignoring file as matched an ignore pattern: POC_R120_C2_Aligned.sortedByCoord.out.bam
[2025-12-21 14:10:11,107] multiqc                                            [DEBUG  ]  File ignored by ccs/v4 because it exceeded search pattern filesize limit: POC_R3_H3_Log.progress.out
[2025-12-21 14:10:11,108] multiqc                                            [DEBUG  ]  File ignored by lima/summary because it exceeded search pattern filesize limit: POC_R3_H3_Log.progress.out
[2025-12-21 14:10:11,114] multiqc                                            [DEBUG  ]  Ignoring file as matched an ignore pattern: POC_R12_H2_Aligned.sortedByCoord.out.bam
[2025-12-21 14:10:11,119] multiqc                                            [DEBUG  ]  File ignored by ccs/v4 because it exceeded search pattern filesize limit: POC_R24_H3_Log.out
[2025-12-21 14:10:11,120] multiqc                                            [DEBUG  ]  File ignored by hicexplorer because it exceeded search pattern filesize limit: POC_R24_H3_Log.out
[2025-12-21 14:10:11,120] multiqc                                            [DEBUG  ]  File ignored by lima/summary because it exceeded search pattern filesize limit: POC_R24_H3_Log.out
[2025-12-21 14:10:11,123] multiqc                                            [DEBUG  ]  File ignored by longranger/invocation because it exceeded search pattern filesize limit: POC_R24_H3_Log.out
[2025-12-21 14:10:11,135] multiqc                                            [DEBUG  ]  File ignored by nanostat because it exceeded search pattern filesize limit: POC_R24_H3_Log.out
[2025-12-21 14:10:11,140] multiqc                                            [DEBUG  ]  File ignored by ccs/v4 because it exceeded search pattern filesize limit: POC_R1_C1_Log.out
[2025-12-21 14:10:11,142] multiqc                                            [DEBUG  ]  File ignored by hicexplorer because it exceeded search pattern filesize limit: POC_R1_C1_Log.out
[2025-12-21 14:10:11,142] multiqc                                            [DEBUG  ]  File ignored by lima/summary because it exceeded search pattern filesize limit: POC_R1_C1_Log.out
[2025-12-21 14:10:11,144] multiqc                                            [DEBUG  ]  File ignored by longranger/invocation because it exceeded search pattern filesize limit: POC_R1_C1_Log.out
[2025-12-21 14:10:11,155] multiqc                                            [DEBUG  ]  File ignored by nanostat because it exceeded search pattern filesize limit: POC_R1_C1_Log.out
[2025-12-21 14:10:11,158] multiqc                                            [DEBUG  ]  Ignoring file as matched an ignore pattern: POC_R1_C2_Aligned.sortedByCoord.out.bam
[2025-12-21 14:10:11,162] multiqc                                            [DEBUG  ]  File ignored by ccs/v4 because it exceeded search pattern filesize limit: POC_R120_H2_Log.out
[2025-12-21 14:10:11,163] multiqc                                            [DEBUG  ]  File ignored by hicexplorer because it exceeded search pattern filesize limit: POC_R120_H2_Log.out
[2025-12-21 14:10:11,164] multiqc                                            [DEBUG  ]  File ignored by lima/summary because it exceeded search pattern filesize limit: POC_R120_H2_Log.out
[2025-12-21 14:10:11,166] multiqc                                            [DEBUG  ]  File ignored by longranger/invocation because it exceeded search pattern filesize limit: POC_R120_H2_Log.out
[2025-12-21 14:10:11,180] multiqc                                            [DEBUG  ]  File ignored by nanostat because it exceeded search pattern filesize limit: POC_R120_H2_Log.out
[2025-12-21 14:10:11,184] multiqc                                            [DEBUG  ]  File ignored by ccs/v4 because it exceeded search pattern filesize limit: POC_R3_C2_Log.progress.out
[2025-12-21 14:10:11,186] multiqc                                            [DEBUG  ]  File ignored by lima/summary because it exceeded search pattern filesize limit: POC_R3_C2_Log.progress.out
[2025-12-21 14:10:11,194] multiqc                                            [DEBUG  ]  Ignoring file as matched an ignore pattern: POC_R72_H2_Aligned.sortedByCoord.out.bam
[2025-12-21 14:10:11,198] multiqc                                            [DEBUG  ]  File ignored by ccs/v4 because it exceeded search pattern filesize limit: POC_R1_H3_Log.out
[2025-12-21 14:10:11,200] multiqc                                            [DEBUG  ]  File ignored by hicexplorer because it exceeded search pattern filesize limit: POC_R1_H3_Log.out
[2025-12-21 14:10:11,200] multiqc                                            [DEBUG  ]  File ignored by lima/summary because it exceeded search pattern filesize limit: POC_R1_H3_Log.out
[2025-12-21 14:10:11,203] multiqc                                            [DEBUG  ]  File ignored by longranger/invocation because it exceeded search pattern filesize limit: POC_R1_H3_Log.out
[2025-12-21 14:10:11,214] multiqc                                            [DEBUG  ]  File ignored by nanostat because it exceeded search pattern filesize limit: POC_R1_H3_Log.out
[2025-12-21 14:10:11,219] multiqc                                            [DEBUG  ]  File ignored by ccs/v4 because it exceeded search pattern filesize limit: POC_R24_C1_Log.out
[2025-12-21 14:10:11,220] multiqc                                            [DEBUG  ]  File ignored by hicexplorer because it exceeded search pattern filesize limit: POC_R24_C1_Log.out
[2025-12-21 14:10:11,220] multiqc                                            [DEBUG  ]  File ignored by lima/summary because it exceeded search pattern filesize limit: POC_R24_C1_Log.out
[2025-12-21 14:10:11,223] multiqc                                            [DEBUG  ]  File ignored by longranger/invocation because it exceeded search pattern filesize limit: POC_R24_C1_Log.out
[2025-12-21 14:10:11,234] multiqc                                            [DEBUG  ]  File ignored by nanostat because it exceeded search pattern filesize limit: POC_R24_C1_Log.out
[2025-12-21 14:10:11,238] multiqc                                            [DEBUG  ]  File ignored by ccs/v4 because it exceeded search pattern filesize limit: POC_R3_H2_Log.progress.out
[2025-12-21 14:10:11,240] multiqc                                            [DEBUG  ]  File ignored by lima/summary because it exceeded search pattern filesize limit: POC_R3_H2_Log.progress.out
[2025-12-21 14:10:11,250] multiqc                                            [DEBUG  ]  File ignored by ccs/v4 because it exceeded search pattern filesize limit: POC_R12_H3_Log.out
[2025-12-21 14:10:11,252] multiqc                                            [DEBUG  ]  File ignored by hicexplorer because it exceeded search pattern filesize limit: POC_R12_H3_Log.out
[2025-12-21 14:10:11,252] multiqc                                            [DEBUG  ]  File ignored by lima/summary because it exceeded search pattern filesize limit: POC_R12_H3_Log.out
[2025-12-21 14:10:11,254] multiqc                                            [DEBUG  ]  File ignored by longranger/invocation because it exceeded search pattern filesize limit: POC_R12_H3_Log.out
[2025-12-21 14:10:11,265] multiqc                                            [DEBUG  ]  File ignored by nanostat because it exceeded search pattern filesize limit: POC_R12_H3_Log.out
[2025-12-21 14:10:11,270] multiqc                                            [DEBUG  ]  File ignored by ccs/v4 because it exceeded search pattern filesize limit: POC_R3_H1_Log.progress.out
[2025-12-21 14:10:11,271] multiqc                                            [DEBUG  ]  File ignored by lima/summary because it exceeded search pattern filesize limit: POC_R3_H1_Log.progress.out
[2025-12-21 14:10:11,280] multiqc                                            [DEBUG  ]  Ignoring file as matched an ignore pattern: POC_R24_C3_Aligned.sortedByCoord.out.bam
[2025-12-21 14:10:11,280] multiqc                                            [DEBUG  ]  Ignoring file as matched an ignore pattern: POC_R24_H1_Aligned.sortedByCoord.out.bam
[2025-12-21 14:10:11,286] multiqc                                            [DEBUG  ]  File ignored by ccs/v4 because it exceeded search pattern filesize limit: POC_R3_C1_Log.progress.out
[2025-12-21 14:10:11,288] multiqc                                            [DEBUG  ]  File ignored by lima/summary because it exceeded search pattern filesize limit: POC_R3_C1_Log.progress.out
[2025-12-21 14:10:11,299] multiqc                                            [DEBUG  ]  File ignored by ccs/v4 because it exceeded search pattern filesize limit: POC_R0_C3_Log.out
[2025-12-21 14:10:11,300] multiqc                                            [DEBUG  ]  File ignored by hicexplorer because it exceeded search pattern filesize limit: POC_R0_C3_Log.out
[2025-12-21 14:10:11,300] multiqc                                            [DEBUG  ]  File ignored by lima/summary because it exceeded search pattern filesize limit: POC_R0_C3_Log.out
[2025-12-21 14:10:11,302] multiqc                                            [DEBUG  ]  File ignored by longranger/invocation because it exceeded search pattern filesize limit: POC_R0_C3_Log.out
[2025-12-21 14:10:11,313] multiqc                                            [DEBUG  ]  File ignored by nanostat because it exceeded search pattern filesize limit: POC_R0_C3_Log.out
[2025-12-21 14:10:11,321] multiqc                                            [DEBUG  ]  File ignored by ccs/v4 because it exceeded search pattern filesize limit: POC_R3_H2_Log.out
[2025-12-21 14:10:11,323] multiqc                                            [DEBUG  ]  File ignored by hicexplorer because it exceeded search pattern filesize limit: POC_R3_H2_Log.out
[2025-12-21 14:10:11,323] multiqc                                            [DEBUG  ]  File ignored by lima/summary because it exceeded search pattern filesize limit: POC_R3_H2_Log.out
[2025-12-21 14:10:11,325] multiqc                                            [DEBUG  ]  File ignored by longranger/invocation because it exceeded search pattern filesize limit: POC_R3_H2_Log.out
[2025-12-21 14:10:11,336] multiqc                                            [DEBUG  ]  File ignored by nanostat because it exceeded search pattern filesize limit: POC_R3_H2_Log.out
[2025-12-21 14:10:11,342] multiqc                                            [DEBUG  ]  File ignored by ccs/v4 because it exceeded search pattern filesize limit: POC_R12_C1_Log.out
[2025-12-21 14:10:11,343] multiqc                                            [DEBUG  ]  File ignored by hicexplorer because it exceeded search pattern filesize limit: POC_R12_C1_Log.out
[2025-12-21 14:10:11,343] multiqc                                            [DEBUG  ]  File ignored by lima/summary because it exceeded search pattern filesize limit: POC_R12_C1_Log.out
[2025-12-21 14:10:11,346] multiqc                                            [DEBUG  ]  File ignored by longranger/invocation because it exceeded search pattern filesize limit: POC_R12_C1_Log.out
[2025-12-21 14:10:11,357] multiqc                                            [DEBUG  ]  File ignored by nanostat because it exceeded search pattern filesize limit: POC_R12_C1_Log.out
[2025-12-21 14:10:11,363] multiqc                                            [DEBUG  ]  File ignored by ccs/v4 because it exceeded search pattern filesize limit: POC_R72_H2_Log.out
[2025-12-21 14:10:11,364] multiqc                                            [DEBUG  ]  File ignored by hicexplorer because it exceeded search pattern filesize limit: POC_R72_H2_Log.out
[2025-12-21 14:10:11,364] multiqc                                            [DEBUG  ]  File ignored by lima/summary because it exceeded search pattern filesize limit: POC_R72_H2_Log.out
[2025-12-21 14:10:11,367] multiqc                                            [DEBUG  ]  File ignored by longranger/invocation because it exceeded search pattern filesize limit: POC_R72_H2_Log.out
[2025-12-21 14:10:11,379] multiqc                                            [DEBUG  ]  File ignored by nanostat because it exceeded search pattern filesize limit: POC_R72_H2_Log.out
[2025-12-21 14:10:11,381] multiqc                                            [DEBUG  ]  Ignoring file as matched an ignore pattern: POC_R0_H1_Aligned.sortedByCoord.out.bam
[2025-12-21 14:10:11,385] multiqc                                            [DEBUG  ]  File ignored by ccs/v4 because it exceeded search pattern filesize limit: POC_R0_H1_Log.out
[2025-12-21 14:10:11,386] multiqc                                            [DEBUG  ]  File ignored by hicexplorer because it exceeded search pattern filesize limit: POC_R0_H1_Log.out
[2025-12-21 14:10:11,386] multiqc                                            [DEBUG  ]  File ignored by lima/summary because it exceeded search pattern filesize limit: POC_R0_H1_Log.out
[2025-12-21 14:10:11,389] multiqc                                            [DEBUG  ]  File ignored by longranger/invocation because it exceeded search pattern filesize limit: POC_R0_H1_Log.out
[2025-12-21 14:10:11,400] multiqc                                            [DEBUG  ]  File ignored by nanostat because it exceeded search pattern filesize limit: POC_R0_H1_Log.out
[2025-12-21 14:10:11,401] multiqc                                            [DEBUG  ]  Ignoring file as matched an ignore pattern: POC_R0_C3_Aligned.sortedByCoord.out.bam
[2025-12-21 14:10:11,402] multiqc                                            [DEBUG  ]  Ignoring file as matched an ignore pattern: POC_R120_H3_Aligned.sortedByCoord.out.bam
[2025-12-21 14:10:11,407] multiqc                                            [DEBUG  ]  File ignored by ccs/v4 because it exceeded search pattern filesize limit: POC_R24_H1_Log.out
[2025-12-21 14:10:11,408] multiqc                                            [DEBUG  ]  File ignored by hicexplorer because it exceeded search pattern filesize limit: POC_R24_H1_Log.out
[2025-12-21 14:10:11,408] multiqc                                            [DEBUG  ]  File ignored by lima/summary because it exceeded search pattern filesize limit: POC_R24_H1_Log.out
[2025-12-21 14:10:11,411] multiqc                                            [DEBUG  ]  File ignored by longranger/invocation because it exceeded search pattern filesize limit: POC_R24_H1_Log.out
[2025-12-21 14:10:11,422] multiqc                                            [DEBUG  ]  File ignored by nanostat because it exceeded search pattern filesize limit: POC_R24_H1_Log.out
[2025-12-21 14:10:11,423] multiqc                                            [DEBUG  ]  Ignoring file as matched an ignore pattern: POC_R120_C1_Aligned.sortedByCoord.out.bam
[2025-12-21 14:10:11,427] multiqc                                            [DEBUG  ]  File ignored by ccs/v4 because it exceeded search pattern filesize limit: POC_R1_H1_Log.progress.out
[2025-12-21 14:10:11,429] multiqc                                            [DEBUG  ]  File ignored by lima/summary because it exceeded search pattern filesize limit: POC_R1_H1_Log.progress.out
[2025-12-21 14:10:11,438] multiqc                                            [DEBUG  ]  File ignored by ccs/v4 because it exceeded search pattern filesize limit: POC_R24_H3_Log.progress.out
[2025-12-21 14:10:11,440] multiqc                                            [DEBUG  ]  File ignored by lima/summary because it exceeded search pattern filesize limit: POC_R24_H3_Log.progress.out
[2025-12-21 14:10:11,446] multiqc                                            [DEBUG  ]  Ignoring file as matched an ignore pattern: POC_R3_C2_Aligned.sortedByCoord.out.bam
[2025-12-21 14:10:11,451] multiqc                                            [DEBUG  ]  File ignored by ccs/v4 because it exceeded search pattern filesize limit: POC_R1_C3_Log.out
[2025-12-21 14:10:11,452] multiqc                                            [DEBUG  ]  File ignored by hicexplorer because it exceeded search pattern filesize limit: POC_R1_C3_Log.out
[2025-12-21 14:10:11,452] multiqc                                            [DEBUG  ]  File ignored by lima/summary because it exceeded search pattern filesize limit: POC_R1_C3_Log.out
[2025-12-21 14:10:11,454] multiqc                                            [DEBUG  ]  File ignored by longranger/invocation because it exceeded search pattern filesize limit: POC_R1_C3_Log.out
[2025-12-21 14:10:11,466] multiqc                                            [DEBUG  ]  File ignored by nanostat because it exceeded search pattern filesize limit: POC_R1_C3_Log.out
[2025-12-21 14:10:11,471] multiqc                                            [DEBUG  ]  File ignored by ccs/v4 because it exceeded search pattern filesize limit: POC_R1_C1_Log.progress.out
[2025-12-21 14:10:11,472] multiqc                                            [DEBUG  ]  File ignored by lima/summary because it exceeded search pattern filesize limit: POC_R1_C1_Log.progress.out
[2025-12-21 14:10:11,486] multiqc                                            [DEBUG  ]  File ignored by ccs/v4 because it exceeded search pattern filesize limit: POC_R120_C2_Log.out
[2025-12-21 14:10:11,487] multiqc                                            [DEBUG  ]  File ignored by hicexplorer because it exceeded search pattern filesize limit: POC_R120_C2_Log.out
[2025-12-21 14:10:11,487] multiqc                                            [DEBUG  ]  File ignored by lima/summary because it exceeded search pattern filesize limit: POC_R120_C2_Log.out
[2025-12-21 14:10:11,490] multiqc                                            [DEBUG  ]  File ignored by longranger/invocation because it exceeded search pattern filesize limit: POC_R120_C2_Log.out
[2025-12-21 14:10:11,502] multiqc                                            [DEBUG  ]  File ignored by nanostat because it exceeded search pattern filesize limit: POC_R120_C2_Log.out
[2025-12-21 14:10:11,503] multiqc                                            [DEBUG  ]  Ignoring file as matched an ignore pattern: POC_R12_H1_Aligned.sortedByCoord.out.bam
[2025-12-21 14:10:11,503] multiqc                                            [DEBUG  ]  Ignoring file as matched an ignore pattern: POC_R12_C3_Aligned.sortedByCoord.out.bam
[2025-12-21 14:10:11,507] multiqc                                            [DEBUG  ]  File ignored by ccs/v4 because it exceeded search pattern filesize limit: POC_R24_C3_Log.progress.out
[2025-12-21 14:10:11,508] multiqc                                            [DEBUG  ]  File ignored by lima/summary because it exceeded search pattern filesize limit: POC_R24_C3_Log.progress.out
[2025-12-21 14:10:11,515] multiqc                                            [DEBUG  ]  Ignoring file as matched an ignore pattern: POC_R1_C1_Aligned.sortedByCoord.out.bam
[2025-12-21 14:10:11,519] multiqc                                            [DEBUG  ]  File ignored by ccs/v4 because it exceeded search pattern filesize limit: POC_R24_H2_Log.progress.out
[2025-12-21 14:10:11,521] multiqc                                            [DEBUG  ]  File ignored by lima/summary because it exceeded search pattern filesize limit: POC_R24_H2_Log.progress.out
[2025-12-21 14:10:11,532] multiqc                                            [DEBUG  ]  File ignored by ccs/v4 because it exceeded search pattern filesize limit: POC_R1_H1_Log.out
[2025-12-21 14:10:11,534] multiqc                                            [DEBUG  ]  File ignored by hicexplorer because it exceeded search pattern filesize limit: POC_R1_H1_Log.out
[2025-12-21 14:10:11,534] multiqc                                            [DEBUG  ]  File ignored by lima/summary because it exceeded search pattern filesize limit: POC_R1_H1_Log.out
[2025-12-21 14:10:11,537] multiqc                                            [DEBUG  ]  File ignored by longranger/invocation because it exceeded search pattern filesize limit: POC_R1_H1_Log.out
[2025-12-21 14:10:11,548] multiqc                                            [DEBUG  ]  File ignored by nanostat because it exceeded search pattern filesize limit: POC_R1_H1_Log.out
[2025-12-21 14:10:11,549] multiqc                                            [DEBUG  ]  Ignoring file as matched an ignore pattern: POC_R1_H3_Aligned.sortedByCoord.out.bam
[2025-12-21 14:10:11,553] multiqc                                            [DEBUG  ]  File ignored by ccs/v4 because it exceeded search pattern filesize limit: POC_R24_C3_Log.out
[2025-12-21 14:10:11,554] multiqc                                            [DEBUG  ]  File ignored by hicexplorer because it exceeded search pattern filesize limit: POC_R24_C3_Log.out
[2025-12-21 14:10:11,555] multiqc                                            [DEBUG  ]  File ignored by lima/summary because it exceeded search pattern filesize limit: POC_R24_C3_Log.out
[2025-12-21 14:10:11,557] multiqc                                            [DEBUG  ]  File ignored by longranger/invocation because it exceeded search pattern filesize limit: POC_R24_C3_Log.out
[2025-12-21 14:10:11,569] multiqc                                            [DEBUG  ]  File ignored by nanostat because it exceeded search pattern filesize limit: POC_R24_C3_Log.out
[2025-12-21 14:10:11,586] multiqc                                            [DEBUG  ]  Ignoring file as matched an ignore pattern: POC_R72_C3_Aligned.sortedByCoord.out.bam
[2025-12-21 14:10:11,588] multiqc                                            [DEBUG  ]  Ignoring file as matched an ignore pattern: POC_R72_H1_Aligned.sortedByCoord.out.bam
[2025-12-21 14:10:11,593] multiqc                                            [DEBUG  ]  File ignored by ccs/v4 because it exceeded search pattern filesize limit: POC_R72_C2_Log.out
[2025-12-21 14:10:11,594] multiqc                                            [DEBUG  ]  File ignored by hicexplorer because it exceeded search pattern filesize limit: POC_R72_C2_Log.out
[2025-12-21 14:10:11,594] multiqc                                            [DEBUG  ]  File ignored by lima/summary because it exceeded search pattern filesize limit: POC_R72_C2_Log.out
[2025-12-21 14:10:11,597] multiqc                                            [DEBUG  ]  File ignored by longranger/invocation because it exceeded search pattern filesize limit: POC_R72_C2_Log.out
[2025-12-21 14:10:11,607] multiqc                                            [DEBUG  ]  File ignored by nanostat because it exceeded search pattern filesize limit: POC_R72_C2_Log.out
[2025-12-21 14:10:11,613] multiqc                                            [DEBUG  ]  File ignored by ccs/v4 because it exceeded search pattern filesize limit: POC_R0_C1_Log.out
[2025-12-21 14:10:11,614] multiqc                                            [DEBUG  ]  File ignored by hicexplorer because it exceeded search pattern filesize limit: POC_R0_C1_Log.out
[2025-12-21 14:10:11,614] multiqc                                            [DEBUG  ]  File ignored by lima/summary because it exceeded search pattern filesize limit: POC_R0_C1_Log.out
[2025-12-21 14:10:11,617] multiqc                                            [DEBUG  ]  File ignored by longranger/invocation because it exceeded search pattern filesize limit: POC_R0_C1_Log.out
[2025-12-21 14:10:11,629] multiqc                                            [DEBUG  ]  File ignored by nanostat because it exceeded search pattern filesize limit: POC_R0_C1_Log.out
[2025-12-21 14:10:11,633] multiqc                                            [DEBUG  ]  File ignored by ccs/v4 because it exceeded search pattern filesize limit: POC_R1_C3_Log.progress.out
[2025-12-21 14:10:11,634] multiqc                                            [DEBUG  ]  File ignored by lima/summary because it exceeded search pattern filesize limit: POC_R1_C3_Log.progress.out
[2025-12-21 14:10:11,641] multiqc                                            [DEBUG  ]  Ignoring file as matched an ignore pattern: POC_R24_H2_Aligned.sortedByCoord.out.bam
[2025-12-21 14:10:11,644] multiqc                                            [DEBUG  ]  File ignored by ccs/v4 because it exceeded search pattern filesize limit: POC_R24_C1_Log.progress.out
[2025-12-21 14:10:11,645] multiqc                                            [DEBUG  ]  File ignored by lima/summary because it exceeded search pattern filesize limit: POC_R24_C1_Log.progress.out
[2025-12-21 14:10:11,658] multiqc                                            [DEBUG  ]  File ignored by ccs/v4 because it exceeded search pattern filesize limit: POC_R3_C2_Log.out
[2025-12-21 14:10:11,659] multiqc                                            [DEBUG  ]  File ignored by hicexplorer because it exceeded search pattern filesize limit: POC_R3_C2_Log.out
[2025-12-21 14:10:11,659] multiqc                                            [DEBUG  ]  File ignored by lima/summary because it exceeded search pattern filesize limit: POC_R3_C2_Log.out
[2025-12-21 14:10:11,662] multiqc                                            [DEBUG  ]  File ignored by longranger/invocation because it exceeded search pattern filesize limit: POC_R3_C2_Log.out
[2025-12-21 14:10:11,674] multiqc                                            [DEBUG  ]  File ignored by nanostat because it exceeded search pattern filesize limit: POC_R3_C2_Log.out
[2025-12-21 14:10:11,679] multiqc                                            [DEBUG  ]  File ignored by ccs/v4 because it exceeded search pattern filesize limit: POC_R1_H3_Log.progress.out
[2025-12-21 14:10:11,682] multiqc                                            [DEBUG  ]  File ignored by lima/summary because it exceeded search pattern filesize limit: POC_R1_H3_Log.progress.out
[2025-12-21 14:10:11,693] multiqc                                            [DEBUG  ]  File ignored by ccs/v4 because it exceeded search pattern filesize limit: POC_R12_H1_Log.out
[2025-12-21 14:10:11,694] multiqc                                            [DEBUG  ]  File ignored by hicexplorer because it exceeded search pattern filesize limit: POC_R12_H1_Log.out
[2025-12-21 14:10:11,694] multiqc                                            [DEBUG  ]  File ignored by lima/summary because it exceeded search pattern filesize limit: POC_R12_H1_Log.out
[2025-12-21 14:10:11,697] multiqc                                            [DEBUG  ]  File ignored by longranger/invocation because it exceeded search pattern filesize limit: POC_R12_H1_Log.out
[2025-12-21 14:10:11,708] multiqc                                            [DEBUG  ]  File ignored by nanostat because it exceeded search pattern filesize limit: POC_R12_H1_Log.out
[2025-12-21 14:10:11,712] multiqc                                            [DEBUG  ]  File ignored by ccs/v4 because it exceeded search pattern filesize limit: POC_R24_H1_Log.progress.out
[2025-12-21 14:10:11,713] multiqc                                            [DEBUG  ]  File ignored by lima/summary because it exceeded search pattern filesize limit: POC_R24_H1_Log.progress.out
[2025-12-21 14:10:11,724] multiqc                                            [DEBUG  ]  File ignored by ccs/v4 because it exceeded search pattern filesize limit: POC_R0_H3_Log.out
[2025-12-21 14:10:11,725] multiqc                                            [DEBUG  ]  File ignored by hicexplorer because it exceeded search pattern filesize limit: POC_R0_H3_Log.out
[2025-12-21 14:10:11,725] multiqc                                            [DEBUG  ]  File ignored by lima/summary because it exceeded search pattern filesize limit: POC_R0_H3_Log.out
[2025-12-21 14:10:11,727] multiqc                                            [DEBUG  ]  File ignored by longranger/invocation because it exceeded search pattern filesize limit: POC_R0_H3_Log.out
[2025-12-21 14:10:11,738] multiqc                                            [DEBUG  ]  File ignored by nanostat because it exceeded search pattern filesize limit: POC_R0_H3_Log.out
[2025-12-21 14:10:11,742] multiqc                                            [DEBUG  ]  File ignored by ccs/v4 because it exceeded search pattern filesize limit: POC_R1_C2_Log.progress.out
[2025-12-21 14:10:11,744] multiqc                                            [DEBUG  ]  File ignored by lima/summary because it exceeded search pattern filesize limit: POC_R1_C2_Log.progress.out
[2025-12-21 14:10:11,750] multiqc                                            [DEBUG  ]  Ignoring file as matched an ignore pattern: POC_R0_H2_Aligned.sortedByCoord.out.bam
[2025-12-21 14:10:11,754] multiqc                                            [DEBUG  ]  File ignored by ccs/v4 because it exceeded search pattern filesize limit: POC_R1_H2_Log.progress.out
[2025-12-21 14:10:11,755] multiqc                                            [DEBUG  ]  File ignored by lima/summary because it exceeded search pattern filesize limit: POC_R1_H2_Log.progress.out
[2025-12-21 14:10:11,767] multiqc                                            [DEBUG  ]  File ignored by ccs/v4 because it exceeded search pattern filesize limit: POC_R12_C3_Log.out
[2025-12-21 14:10:11,768] multiqc                                            [DEBUG  ]  File ignored by hicexplorer because it exceeded search pattern filesize limit: POC_R12_C3_Log.out
[2025-12-21 14:10:11,768] multiqc                                            [DEBUG  ]  File ignored by lima/summary because it exceeded search pattern filesize limit: POC_R12_C3_Log.out
[2025-12-21 14:10:11,771] multiqc                                            [DEBUG  ]  File ignored by longranger/invocation because it exceeded search pattern filesize limit: POC_R12_C3_Log.out
[2025-12-21 14:10:11,784] multiqc                                            [DEBUG  ]  File ignored by nanostat because it exceeded search pattern filesize limit: POC_R12_C3_Log.out
[2025-12-21 14:10:11,789] multiqc                                            [DEBUG  ]  File ignored by ccs/v4 because it exceeded search pattern filesize limit: POC_R12_C1_Log.progress.out
[2025-12-21 14:10:11,790] multiqc                                            [DEBUG  ]  File ignored by lima/summary because it exceeded search pattern filesize limit: POC_R12_C1_Log.progress.out
[2025-12-21 14:10:11,801] multiqc                                            [DEBUG  ]  File ignored by ccs/v4 because it exceeded search pattern filesize limit: POC_R72_C2_Log.progress.out
[2025-12-21 14:10:11,802] multiqc                                            [DEBUG  ]  File ignored by lima/summary because it exceeded search pattern filesize limit: POC_R72_C2_Log.progress.out
[2025-12-21 14:10:11,809] multiqc                                            [DEBUG  ]  Ignoring file as matched an ignore pattern: POC_R120_H2_Aligned.sortedByCoord.out.bam
[2025-12-21 14:10:11,814] multiqc                                            [DEBUG  ]  File ignored by ccs/v4 because it exceeded search pattern filesize limit: POC_R72_C3_Log.out
[2025-12-21 14:10:11,815] multiqc                                            [DEBUG  ]  File ignored by hicexplorer because it exceeded search pattern filesize limit: POC_R72_C3_Log.out
[2025-12-21 14:10:11,815] multiqc                                            [DEBUG  ]  File ignored by lima/summary because it exceeded search pattern filesize limit: POC_R72_C3_Log.out
[2025-12-21 14:10:11,817] multiqc                                            [DEBUG  ]  File ignored by longranger/invocation because it exceeded search pattern filesize limit: POC_R72_C3_Log.out
[2025-12-21 14:10:11,828] multiqc                                            [DEBUG  ]  File ignored by nanostat because it exceeded search pattern filesize limit: POC_R72_C3_Log.out
[2025-12-21 14:10:11,833] multiqc                                            [DEBUG  ]  File ignored by ccs/v4 because it exceeded search pattern filesize limit: POC_R120_H1_Log.progress.out
[2025-12-21 14:10:11,834] multiqc                                            [DEBUG  ]  File ignored by lima/summary because it exceeded search pattern filesize limit: POC_R120_H1_Log.progress.out
[2025-12-21 14:10:11,840] multiqc                                            [DEBUG  ]  Ignoring file as matched an ignore pattern: POC_R3_H1_Aligned.sortedByCoord.out.bam
[2025-12-21 14:10:11,840] multiqc                                            [DEBUG  ]  Ignoring file as matched an ignore pattern: POC_R3_C3_Aligned.sortedByCoord.out.bam
[2025-12-21 14:10:11,844] multiqc                                            [DEBUG  ]  File ignored by ccs/v4 because it exceeded search pattern filesize limit: POC_R72_H2_Log.progress.out
[2025-12-21 14:10:11,845] multiqc                                            [DEBUG  ]  File ignored by lima/summary because it exceeded search pattern filesize limit: POC_R72_H2_Log.progress.out
[2025-12-21 14:10:11,854] multiqc                                            [DEBUG  ]  File ignored by ccs/v4 because it exceeded search pattern filesize limit: POC_R12_H1_Log.progress.out
[2025-12-21 14:10:11,855] multiqc                                            [DEBUG  ]  File ignored by lima/summary because it exceeded search pattern filesize limit: POC_R12_H1_Log.progress.out
[2025-12-21 14:10:11,866] multiqc                                            [DEBUG  ]  File ignored by ccs/v4 because it exceeded search pattern filesize limit: POC_R3_C3_Log.out
[2025-12-21 14:10:11,867] multiqc                                            [DEBUG  ]  File ignored by hicexplorer because it exceeded search pattern filesize limit: POC_R3_C3_Log.out
[2025-12-21 14:10:11,867] multiqc                                            [DEBUG  ]  File ignored by lima/summary because it exceeded search pattern filesize limit: POC_R3_C3_Log.out
[2025-12-21 14:10:11,869] multiqc                                            [DEBUG  ]  File ignored by longranger/invocation because it exceeded search pattern filesize limit: POC_R3_C3_Log.out
[2025-12-21 14:10:11,881] multiqc                                            [DEBUG  ]  File ignored by nanostat because it exceeded search pattern filesize limit: POC_R3_C3_Log.out
[2025-12-21 14:10:11,882] multiqc                                            [DEBUG  ]  Ignoring file as matched an ignore pattern: POC_R12_C2_Aligned.sortedByCoord.out.bam
[2025-12-21 14:10:11,887] multiqc                                            [DEBUG  ]  File ignored by ccs/v4 because it exceeded search pattern filesize limit: POC_R120_C1_Log.progress.out
[2025-12-21 14:10:11,889] multiqc                                            [DEBUG  ]  File ignored by lima/summary because it exceeded search pattern filesize limit: POC_R120_C1_Log.progress.out
[2025-12-21 14:10:11,897] multiqc                                            [DEBUG  ]  Ignoring file as matched an ignore pattern: POC_R1_H2_Aligned.sortedByCoord.out.bam
[2025-12-21 14:10:11,901] multiqc                                            [DEBUG  ]  File ignored by ccs/v4 because it exceeded search pattern filesize limit: POC_R72_H1_Log.out
[2025-12-21 14:10:11,902] multiqc                                            [DEBUG  ]  File ignored by hicexplorer because it exceeded search pattern filesize limit: POC_R72_H1_Log.out
[2025-12-21 14:10:11,902] multiqc                                            [DEBUG  ]  File ignored by lima/summary because it exceeded search pattern filesize limit: POC_R72_H1_Log.out
[2025-12-21 14:10:11,904] multiqc                                            [DEBUG  ]  File ignored by longranger/invocation because it exceeded search pattern filesize limit: POC_R72_H1_Log.out
[2025-12-21 14:10:11,915] multiqc                                            [DEBUG  ]  File ignored by nanostat because it exceeded search pattern filesize limit: POC_R72_H1_Log.out
[2025-12-21 14:10:11,920] multiqc                                            [DEBUG  ]  File ignored by ccs/v4 because it exceeded search pattern filesize limit: POC_R0_H2_Log.out
[2025-12-21 14:10:11,921] multiqc                                            [DEBUG  ]  File ignored by hicexplorer because it exceeded search pattern filesize limit: POC_R0_H2_Log.out
[2025-12-21 14:10:11,921] multiqc                                            [DEBUG  ]  File ignored by lima/summary because it exceeded search pattern filesize limit: POC_R0_H2_Log.out
[2025-12-21 14:10:11,924] multiqc                                            [DEBUG  ]  File ignored by longranger/invocation because it exceeded search pattern filesize limit: POC_R0_H2_Log.out
[2025-12-21 14:10:11,935] multiqc                                            [DEBUG  ]  File ignored by nanostat because it exceeded search pattern filesize limit: POC_R0_H2_Log.out
[2025-12-21 14:10:11,942] multiqc                                            [DEBUG  ]  File ignored by ccs/v4 because it exceeded search pattern filesize limit: POC_R72_C3_Log.progress.out
[2025-12-21 14:10:11,944] multiqc                                            [DEBUG  ]  File ignored by lima/summary because it exceeded search pattern filesize limit: POC_R72_C3_Log.progress.out
[2025-12-21 14:10:11,957] multiqc                                            [DEBUG  ]  File ignored by ccs/v4 because it exceeded search pattern filesize limit: POC_R3_H1_Log.out
[2025-12-21 14:10:11,959] multiqc                                            [DEBUG  ]  File ignored by hicexplorer because it exceeded search pattern filesize limit: POC_R3_H1_Log.out
[2025-12-21 14:10:11,959] multiqc                                            [DEBUG  ]  File ignored by lima/summary because it exceeded search pattern filesize limit: POC_R3_H1_Log.out
[2025-12-21 14:10:11,961] multiqc                                            [DEBUG  ]  File ignored by longranger/invocation because it exceeded search pattern filesize limit: POC_R3_H1_Log.out
[2025-12-21 14:10:11,972] multiqc                                            [DEBUG  ]  File ignored by nanostat because it exceeded search pattern filesize limit: POC_R3_H1_Log.out
[2025-12-21 14:10:11,978] multiqc                                            [DEBUG  ]  File ignored by ccs/v4 because it exceeded search pattern filesize limit: POC_R12_C2_Log.out
[2025-12-21 14:10:11,979] multiqc                                            [DEBUG  ]  File ignored by hicexplorer because it exceeded search pattern filesize limit: POC_R12_C2_Log.out
[2025-12-21 14:10:11,979] multiqc                                            [DEBUG  ]  File ignored by lima/summary because it exceeded search pattern filesize limit: POC_R12_C2_Log.out
[2025-12-21 14:10:11,981] multiqc                                            [DEBUG  ]  File ignored by longranger/invocation because it exceeded search pattern filesize limit: POC_R12_C2_Log.out
[2025-12-21 14:10:11,994] multiqc                                            [DEBUG  ]  File ignored by nanostat because it exceeded search pattern filesize limit: POC_R12_C2_Log.out
[2025-12-21 14:10:12,009] multiqc                                            [DEBUG  ]  Ignoring file as matched an ignore pattern: POC_R72_C2_Aligned.sortedByCoord.out.bam
[2025-12-21 14:10:12,010] multiqc                                            [DEBUG  ]  Ignoring file as matched an ignore pattern: POC_R24_H3_Aligned.sortedByCoord.out.bam
[2025-12-21 14:10:12,013] multiqc                                            [DEBUG  ]  File ignored by ccs/v4 because it exceeded search pattern filesize limit: POC_R12_H3_Log.progress.out
[2025-12-21 14:10:12,015] multiqc                                            [DEBUG  ]  File ignored by lima/summary because it exceeded search pattern filesize limit: POC_R12_H3_Log.progress.out
[2025-12-21 14:10:12,024] multiqc                                            [DEBUG  ]  File ignored by ccs/v4 because it exceeded search pattern filesize limit: POC_R1_C2_Log.out
[2025-12-21 14:10:12,025] multiqc                                            [DEBUG  ]  File ignored by hicexplorer because it exceeded search pattern filesize limit: POC_R1_C2_Log.out
[2025-12-21 14:10:12,025] multiqc                                            [DEBUG  ]  File ignored by lima/summary because it exceeded search pattern filesize limit: POC_R1_C2_Log.out
[2025-12-21 14:10:12,028] multiqc                                            [DEBUG  ]  File ignored by longranger/invocation because it exceeded search pattern filesize limit: POC_R1_C2_Log.out
[2025-12-21 14:10:12,039] multiqc                                            [DEBUG  ]  File ignored by nanostat because it exceeded search pattern filesize limit: POC_R1_C2_Log.out
[2025-12-21 14:10:12,041] multiqc                                            [DEBUG  ]  Ignoring file as matched an ignore pattern: POC_R24_C1_Aligned.sortedByCoord.out.bam
[2025-12-21 14:10:12,044] multiqc                                            [DEBUG  ]  File ignored by ccs/v4 because it exceeded search pattern filesize limit: POC_R120_C3_Log.progress.out
[2025-12-21 14:10:12,045] multiqc                                            [DEBUG  ]  File ignored by lima/summary because it exceeded search pattern filesize limit: POC_R120_C3_Log.progress.out
[2025-12-21 14:10:12,057] multiqc                                            [DEBUG  ]  File ignored by ccs/v4 because it exceeded search pattern filesize limit: POC_R12_C3_Log.progress.out
[2025-12-21 14:10:12,058] multiqc                                            [DEBUG  ]  File ignored by lima/summary because it exceeded search pattern filesize limit: POC_R12_C3_Log.progress.out
[2025-12-21 14:10:12,069] multiqc                                            [DEBUG  ]  File ignored by ccs/v4 because it exceeded search pattern filesize limit: POC_R120_H3_Log.progress.out
[2025-12-21 14:10:12,070] multiqc                                            [DEBUG  ]  File ignored by lima/summary because it exceeded search pattern filesize limit: POC_R120_H3_Log.progress.out
[2025-12-21 14:10:12,080] multiqc                                            [DEBUG  ]  File ignored by ccs/v4 because it exceeded search pattern filesize limit: POC_R120_C3_Log.out
[2025-12-21 14:10:12,081] multiqc                                            [DEBUG  ]  File ignored by hicexplorer because it exceeded search pattern filesize limit: POC_R120_C3_Log.out
[2025-12-21 14:10:12,081] multiqc                                            [DEBUG  ]  File ignored by lima/summary because it exceeded search pattern filesize limit: POC_R120_C3_Log.out
[2025-12-21 14:10:12,083] multiqc                                            [DEBUG  ]  File ignored by longranger/invocation because it exceeded search pattern filesize limit: POC_R120_C3_Log.out
[2025-12-21 14:10:12,096] multiqc                                            [DEBUG  ]  File ignored by nanostat because it exceeded search pattern filesize limit: POC_R120_C3_Log.out
[2025-12-21 14:10:12,100] multiqc                                            [DEBUG  ]  File ignored by ccs/v4 because it exceeded search pattern filesize limit: POC_R120_C2_Log.progress.out
[2025-12-21 14:10:12,102] multiqc                                            [DEBUG  ]  File ignored by lima/summary because it exceeded search pattern filesize limit: POC_R120_C2_Log.progress.out
[2025-12-21 14:10:12,112] multiqc                                            [DEBUG  ]  File ignored by ccs/v4 because it exceeded search pattern filesize limit: POC_R24_C2_Log.out
[2025-12-21 14:10:12,113] multiqc                                            [DEBUG  ]  File ignored by hicexplorer because it exceeded search pattern filesize limit: POC_R24_C2_Log.out
[2025-12-21 14:10:12,113] multiqc                                            [DEBUG  ]  File ignored by lima/summary because it exceeded search pattern filesize limit: POC_R24_C2_Log.out
[2025-12-21 14:10:12,116] multiqc                                            [DEBUG  ]  File ignored by longranger/invocation because it exceeded search pattern filesize limit: POC_R24_C2_Log.out
[2025-12-21 14:10:12,127] multiqc                                            [DEBUG  ]  File ignored by nanostat because it exceeded search pattern filesize limit: POC_R24_C2_Log.out
[2025-12-21 14:10:12,133] multiqc                                            [DEBUG  ]  File ignored by ccs/v4 because it exceeded search pattern filesize limit: POC_R12_H2_Log.progress.out
[2025-12-21 14:10:12,135] multiqc                                            [DEBUG  ]  File ignored by lima/summary because it exceeded search pattern filesize limit: POC_R12_H2_Log.progress.out
[2025-12-21 14:10:12,144] multiqc                                            [DEBUG  ]  File ignored by ccs/v4 because it exceeded search pattern filesize limit: POC_R72_H1_Log.progress.out
[2025-12-21 14:10:12,145] multiqc                                            [DEBUG  ]  File ignored by lima/summary because it exceeded search pattern filesize limit: POC_R72_H1_Log.progress.out
[2025-12-21 14:10:12,151] multiqc                                            [DEBUG  ]  Ignoring file as matched an ignore pattern: POC_R0_C1_Aligned.sortedByCoord.out.bam
[2025-12-21 14:10:12,155] multiqc                                            [DEBUG  ]  File ignored by ccs/v4 because it exceeded search pattern filesize limit: POC_R120_H1_Log.out
[2025-12-21 14:10:12,156] multiqc                                            [DEBUG  ]  File ignored by hicexplorer because it exceeded search pattern filesize limit: POC_R120_H1_Log.out
[2025-12-21 14:10:12,156] multiqc                                            [DEBUG  ]  File ignored by lima/summary because it exceeded search pattern filesize limit: POC_R120_H1_Log.out
[2025-12-21 14:10:12,158] multiqc                                            [DEBUG  ]  File ignored by longranger/invocation because it exceeded search pattern filesize limit: POC_R120_H1_Log.out
[2025-12-21 14:10:12,169] multiqc                                            [DEBUG  ]  File ignored by nanostat because it exceeded search pattern filesize limit: POC_R120_H1_Log.out
[2025-12-21 14:10:12,170] multiqc                                            [DEBUG  ]  Ignoring file as matched an ignore pattern: POC_R0_H3_Aligned.sortedByCoord.out.bam
[2025-12-21 14:10:12,173] multiqc                                            [DEBUG  ]  File ignored by ccs/v4 because it exceeded search pattern filesize limit: POC_R120_H2_Log.progress.out
[2025-12-21 14:10:12,174] multiqc                                            [DEBUG  ]  File ignored by lima/summary because it exceeded search pattern filesize limit: POC_R120_H2_Log.progress.out
[2025-12-21 14:10:12,176] multiqc                                            [DEBUG  ]  File ignored by longranger/invocation because it exceeded search pattern filesize limit: POC_R120_H2_Log.progress.out
[2025-12-21 14:10:12,184] multiqc                                            [DEBUG  ]  File ignored by ccs/v4 because it exceeded search pattern filesize limit: POC_R72_C1_Log.progress.out
[2025-12-21 14:10:12,186] multiqc                                            [DEBUG  ]  File ignored by lima/summary because it exceeded search pattern filesize limit: POC_R72_C1_Log.progress.out
[2025-12-21 14:10:12,197] multiqc                                            [DEBUG  ]  File ignored by ccs/v4 because it exceeded search pattern filesize limit: POC_R12_C2_Log.progress.out
[2025-12-21 14:10:12,199] multiqc                                            [DEBUG  ]  File ignored by lima/summary because it exceeded search pattern filesize limit: POC_R12_C2_Log.progress.out
[2025-12-21 14:10:12,747] multiqc.plots.linegraph                            [DEBUG  ]  Using matplotlib version 3.4.3
[2025-12-21 14:10:12,750] multiqc.plots.bargraph                             [DEBUG  ]  Using matplotlib version 3.4.3
[2025-12-21 14:10:12,942] multiqc.modules.qualimap.qualimap                  [INFO   ]  Found 42 RNASeq reports
[2025-12-21 14:10:12,993] multiqc.modules.star.star                          [DEBUG  ]  Duplicate ReadsPerGene sample name found! Overwriting: POC_R24_H1
[2025-12-21 14:10:12,994] multiqc.modules.star.star                          [DEBUG  ]  Duplicate ReadsPerGene sample name found! Overwriting: POC_R12_C3
[2025-12-21 14:10:12,995] multiqc.modules.star.star                          [DEBUG  ]  Duplicate ReadsPerGene sample name found! Overwriting: POC_R12_H2
[2025-12-21 14:10:12,996] multiqc.modules.star.star                          [DEBUG  ]  Duplicate ReadsPerGene sample name found! Overwriting: POC_R0_H1
[2025-12-21 14:10:12,997] multiqc.modules.star.star                          [DEBUG  ]  Duplicate ReadsPerGene sample name found! Overwriting: POC_R3_C1
[2025-12-21 14:10:12,998] multiqc.modules.star.star                          [DEBUG  ]  Duplicate ReadsPerGene sample name found! Overwriting: POC_R120_H2
[2025-12-21 14:10:12,999] multiqc.modules.star.star                          [DEBUG  ]  Duplicate ReadsPerGene sample name found! Overwriting: POC_R1_H3
[2025-12-21 14:10:13,000] multiqc.modules.star.star                          [DEBUG  ]  Duplicate ReadsPerGene sample name found! Overwriting: POC_R72_C3
[2025-12-21 14:10:13,001] multiqc.modules.star.star                          [DEBUG  ]  Duplicate ReadsPerGene sample name found! Overwriting: POC_R72_H2
[2025-12-21 14:10:13,002] multiqc.modules.star.star                          [DEBUG  ]  Duplicate ReadsPerGene sample name found! Overwriting: POC_R1_C2
[2025-12-21 14:10:13,003] multiqc.modules.star.star                          [DEBUG  ]  Duplicate ReadsPerGene sample name found! Overwriting: POC_R120_C3
[2025-12-21 14:10:13,004] multiqc.modules.star.star                          [DEBUG  ]  Duplicate ReadsPerGene sample name found! Overwriting: POC_R0_C1
[2025-12-21 14:10:13,005] multiqc.modules.star.star                          [DEBUG  ]  Duplicate ReadsPerGene sample name found! Overwriting: POC_R12_C2
[2025-12-21 14:10:13,006] multiqc.modules.star.star                          [DEBUG  ]  Duplicate ReadsPerGene sample name found! Overwriting: POC_R24_C1
[2025-12-21 14:10:13,007] multiqc.modules.star.star                          [DEBUG  ]  Duplicate ReadsPerGene sample name found! Overwriting: POC_R12_H3
[2025-12-21 14:10:13,008] multiqc.modules.star.star                          [DEBUG  ]  Duplicate ReadsPerGene sample name found! Overwriting: POC_R72_C2
[2025-12-21 14:10:13,009] multiqc.modules.star.star                          [DEBUG  ]  Duplicate ReadsPerGene sample name found! Overwriting: POC_R1_H2
[2025-12-21 14:10:13,009] multiqc.modules.star.star                          [DEBUG  ]  Duplicate ReadsPerGene sample name found! Overwriting: POC_R120_H3
[2025-12-21 14:10:13,010] multiqc.modules.star.star                          [DEBUG  ]  Duplicate ReadsPerGene sample name found! Overwriting: POC_R120_C2
[2025-12-21 14:10:13,011] multiqc.modules.star.star                          [DEBUG  ]  Duplicate ReadsPerGene sample name found! Overwriting: POC_R3_H1
[2025-12-21 14:10:13,012] multiqc.modules.star.star                          [DEBUG  ]  Duplicate ReadsPerGene sample name found! Overwriting: POC_R1_C3
[2025-12-21 14:10:13,013] multiqc.modules.star.star                          [DEBUG  ]  Duplicate ReadsPerGene sample name found! Overwriting: POC_R72_H3
[2025-12-21 14:10:13,014] multiqc.modules.star.star                          [DEBUG  ]  Duplicate ReadsPerGene sample name found! Overwriting: POC_R0_H3
[2025-12-21 14:10:13,015] multiqc.modules.star.star                          [DEBUG  ]  Duplicate ReadsPerGene sample name found! Overwriting: POC_R24_C2
[2025-12-21 14:10:13,016] multiqc.modules.star.star                          [DEBUG  ]  Duplicate ReadsPerGene sample name found! Overwriting: POC_R24_H3
[2025-12-21 14:10:13,017] multiqc.modules.star.star                          [DEBUG  ]  Duplicate ReadsPerGene sample name found! Overwriting: POC_R12_C1
[2025-12-21 14:10:13,018] multiqc.modules.star.star                          [DEBUG  ]  Duplicate ReadsPerGene sample name found! Overwriting: POC_R0_C2
[2025-12-21 14:10:13,019] multiqc.modules.star.star                          [DEBUG  ]  Duplicate ReadsPerGene sample name found! Overwriting: POC_R3_H2
[2025-12-21 14:10:13,020] multiqc.modules.star.star                          [DEBUG  ]  Duplicate ReadsPerGene sample name found! Overwriting: POC_R120_C1
[2025-12-21 14:10:13,021] multiqc.modules.star.star                          [DEBUG  ]  Duplicate ReadsPerGene sample name found! Overwriting: POC_R1_H1
[2025-12-21 14:10:13,022] multiqc.modules.star.star                          [DEBUG  ]  Duplicate ReadsPerGene sample name found! Overwriting: POC_R72_C1
[2025-12-21 14:10:13,023] multiqc.modules.star.star                          [DEBUG  ]  Duplicate ReadsPerGene sample name found! Overwriting: POC_R3_C3
[2025-12-21 14:10:13,023] multiqc.modules.star.star                          [DEBUG  ]  Duplicate ReadsPerGene sample name found! Overwriting: POC_R24_C3
[2025-12-21 14:10:13,024] multiqc.modules.star.star                          [DEBUG  ]  Duplicate ReadsPerGene sample name found! Overwriting: POC_R0_H2
[2025-12-21 14:10:13,025] multiqc.modules.star.star                          [DEBUG  ]  Duplicate ReadsPerGene sample name found! Overwriting: POC_R12_H1
[2025-12-21 14:10:13,026] multiqc.modules.star.star                          [DEBUG  ]  Duplicate ReadsPerGene sample name found! Overwriting: POC_R0_C3
[2025-12-21 14:10:13,027] multiqc.modules.star.star                          [DEBUG  ]  Duplicate ReadsPerGene sample name found! Overwriting: POC_R24_H2
[2025-12-21 14:10:13,028] multiqc.modules.star.star                          [DEBUG  ]  Duplicate ReadsPerGene sample name found! Overwriting: POC_R1_C1
[2025-12-21 14:10:13,029] multiqc.modules.star.star                          [DEBUG  ]  Duplicate ReadsPerGene sample name found! Overwriting: POC_R72_H1
[2025-12-21 14:10:13,029] multiqc.modules.star.star                          [DEBUG  ]  Duplicate ReadsPerGene sample name found! Overwriting: POC_R3_H3
[2025-12-21 14:10:13,030] multiqc.modules.star.star                          [DEBUG  ]  Duplicate ReadsPerGene sample name found! Overwriting: POC_R120_H1
[2025-12-21 14:10:13,031] multiqc.modules.star.star                          [DEBUG  ]  Duplicate ReadsPerGene sample name found! Overwriting: POC_R3_C2
[2025-12-21 14:10:13,031] multiqc.modules.star.star                          [INFO   ]  Found 42 reports and 42 gene count files
[2025-12-21 14:10:13,070] multiqc                                            [INFO   ]  Compressing plot data
[2025-12-21 14:10:13,336] multiqc                                            [WARNING]  Previous MultiQC output found! Adjusting filenames..
[2025-12-21 14:10:13,336] multiqc                                            [WARNING]  Use -f or --force to overwrite existing reports instead
[2025-12-21 14:10:13,336] multiqc                                            [INFO   ]  Report      : multiqc_report_1.html
[2025-12-21 14:10:13,336] multiqc                                            [INFO   ]  Data        : multiqc_data_1
[2025-12-21 14:10:13,336] multiqc                                            [DEBUG  ]  Moving data file from '/scratch/login/tmplpdc1g4_/multiqc_data' to '/project/pi_hputnam_uri_edu/zdellaert/TimeSeries/4-multi-species/output_RNA/alignment_qc/POC_PacutaV2/multiqc_data_1'
[2025-12-21 14:10:14,150] multiqc                                            [INFO   ]  MultiQC complete
