[2026-05-28 13:52:05,785] multiqc                                            [DEBUG  ]  This is MultiQC v1.12
[2026-05-28 13:52:05,786] multiqc                                            [DEBUG  ]  No MultiQC config found: /modules/uri_apps/software/MultiQC/1.12-foss-2021b/lib/python3.9/site-packages/multiqc_config.yaml
[2026-05-28 13:52:05,786] multiqc                                            [DEBUG  ]  No MultiQC config found: /home/zdellaert_uri_edu/.multiqc_config.yaml
[2026-05-28 13:52:05,786] multiqc                                            [DEBUG  ]  No MultiQC config found: multiqc_config.yaml
[2026-05-28 13:52:05,786] multiqc                                            [DEBUG  ]  Command used: /modules/uri_apps/software/MultiQC/1.12-foss-2021b/bin/multiqc . /scratch4/workspace/zdellaert_uri_edu-shared_TimeSeries/TimeSeries/aligned/POC_MCapV3
[2026-05-28 13:52:06,106] multiqc                                            [WARNING]  MultiQC Version v1.35 now available!
[2026-05-28 13:52:06,106] multiqc                                            [DEBUG  ]  Command     : /modules/uri_apps/software/MultiQC/1.12-foss-2021b/bin/multiqc . /scratch4/workspace/zdellaert_uri_edu-shared_TimeSeries/TimeSeries/aligned/POC_MCapV3
[2026-05-28 13:52:06,106] multiqc                                            [DEBUG  ]  Working dir : /project/pi_hputnam_uri_edu/zdellaert/TimeSeries/4-multi-species/output_RNA/alignment_qc/POC_MCapV3
[2026-05-28 13:52:06,106] multiqc                                            [DEBUG  ]  Template    : default
[2026-05-28 13:52:06,106] multiqc                                            [DEBUG  ]  Running Python 3.9.6 (default, Nov 15 2024, 16:57:16)  [GCC 11.2.0]
[2026-05-28 13:52:06,107] multiqc                                            [DEBUG  ]  Analysing modules: custom_content, ccs, ngsderive, purple, conpair, lima, peddy, somalier, methylQA, mosdepth, phantompeakqualtools, qualimap, preseq, quast, qorts, rna_seqc, rockhopper, rsem, rseqc, busco, bustools, goleft_indexcov, gffcompare, disambiguate, supernova, deeptools, sargasso, verifybamid, mirtrace, happy, mirtop, sambamba, homer, hops, macs2, theta2, snpeff, gatk, htseq, bcftools, featureCounts, fgbio, dragen, dedup, pbmarkdup, damageprofiler, biobambam2, jcvi, mtnucratio, picard, vep, sentieon, prokka, qc3C, nanostat, samblaster, samtools, sexdeterrmine, eigenstratdatabasetools, bamtools, jellyfish, vcftools, longranger, stacks, varscan2, snippy, bbmap, bismark, biscuit, hicexplorer, hicup, hicpro, salmon, kallisto, slamdunk, star, hisat2, tophat, bowtie2, bowtie1, snpsplit, odgi, pangolin, kat, leehom, adapterRemoval, clipandmerge, cutadapt, flexbar, kaiju, kraken, malt, trimmomatic, sickle, skewer, sortmerna, biobloomtools, fastq_screen, afterqc, fastp, fastqc, pychopper, pycoqc, minionqc, multivcfanalyzer, clusterflow, checkqc, bcl2fastq, bclconvert, interop, ivar, flash, seqyclean, optitype, whatshap
[2026-05-28 13:52:06,107] multiqc                                            [DEBUG  ]  Using temporary directory for creating report: /tmp/tmpdwk9dy3k
[2026-05-28 13:52:06,211] multiqc                                            [INFO   ]  Search path : /project/pi_hputnam_uri_edu/zdellaert/TimeSeries/4-multi-species/output_RNA/alignment_qc/POC_MCapV3
[2026-05-28 13:52:06,211] multiqc                                            [INFO   ]  Search path : /scratch4/workspace/zdellaert_uri_edu-shared_TimeSeries/TimeSeries/aligned/POC_MCapV3
[2026-05-28 13:52:06,524] multiqc                                            [DEBUG  ]  File ignored by ccs/v4 because it exceeded search pattern filesize limit: qualimapReport.html
[2026-05-28 13:52:06,525] multiqc                                            [DEBUG  ]  File ignored by hicexplorer because it exceeded search pattern filesize limit: qualimapReport.html
[2026-05-28 13:52:06,526] multiqc                                            [DEBUG  ]  File ignored by lima/summary because it exceeded search pattern filesize limit: qualimapReport.html
[2026-05-28 13:52:06,528] multiqc                                            [DEBUG  ]  File ignored by longranger/invocation because it exceeded search pattern filesize limit: qualimapReport.html
[2026-05-28 13:52:06,537] multiqc                                            [DEBUG  ]  File ignored by nanostat because it exceeded search pattern filesize limit: qualimapReport.html
[2026-05-28 13:52:06,572] multiqc                                            [DEBUG  ]  File ignored by ccs/v4 because it exceeded search pattern filesize limit: agogo.css
[2026-05-28 13:52:06,573] multiqc                                            [DEBUG  ]  File ignored by hicexplorer because it exceeded search pattern filesize limit: agogo.css
[2026-05-28 13:52:06,573] multiqc                                            [DEBUG  ]  File ignored by lima/summary because it exceeded search pattern filesize limit: agogo.css
[2026-05-28 13:52:06,575] multiqc                                            [DEBUG  ]  File ignored by longranger/invocation because it exceeded search pattern filesize limit: agogo.css
[2026-05-28 13:52:06,586] multiqc                                            [DEBUG  ]  File ignored by nanostat because it exceeded search pattern filesize limit: agogo.css
[2026-05-28 13:52:06,603] multiqc                                            [DEBUG  ]  File ignored by ccs/v4 because it exceeded search pattern filesize limit: basic.css
[2026-05-28 13:52:06,604] multiqc                                            [DEBUG  ]  File ignored by hicexplorer because it exceeded search pattern filesize limit: basic.css
[2026-05-28 13:52:06,604] multiqc                                            [DEBUG  ]  File ignored by lima/summary because it exceeded search pattern filesize limit: basic.css
[2026-05-28 13:52:06,606] multiqc                                            [DEBUG  ]  File ignored by longranger/invocation because it exceeded search pattern filesize limit: basic.css
[2026-05-28 13:52:06,618] multiqc                                            [DEBUG  ]  File ignored by nanostat because it exceeded search pattern filesize limit: basic.css
[2026-05-28 13:52:06,629] multiqc                                            [DEBUG  ]  File ignored by ccs/v4 because it exceeded search pattern filesize limit: doctools.js
[2026-05-28 13:52:06,630] multiqc                                            [DEBUG  ]  File ignored by hicexplorer because it exceeded search pattern filesize limit: doctools.js
[2026-05-28 13:52:06,630] multiqc                                            [DEBUG  ]  File ignored by lima/summary because it exceeded search pattern filesize limit: doctools.js
[2026-05-28 13:52:06,632] multiqc                                            [DEBUG  ]  File ignored by longranger/invocation because it exceeded search pattern filesize limit: doctools.js
[2026-05-28 13:52:06,638] multiqc                                            [DEBUG  ]  File ignored by nanostat because it exceeded search pattern filesize limit: doctools.js
[2026-05-28 13:52:06,656] multiqc                                            [DEBUG  ]  File ignored by ccs/v4 because it exceeded search pattern filesize limit: jquery.js
[2026-05-28 13:52:06,657] multiqc                                            [DEBUG  ]  File ignored by hicexplorer because it exceeded search pattern filesize limit: jquery.js
[2026-05-28 13:52:06,657] multiqc                                            [DEBUG  ]  File ignored by lima/summary because it exceeded search pattern filesize limit: jquery.js
[2026-05-28 13:52:06,659] multiqc                                            [DEBUG  ]  File ignored by longranger/invocation because it exceeded search pattern filesize limit: jquery.js
[2026-05-28 13:52:06,667] multiqc                                            [DEBUG  ]  File ignored by nanostat because it exceeded search pattern filesize limit: jquery.js
[2026-05-28 13:52:06,674] multiqc                                            [DEBUG  ]  File ignored by ccs/v4 because it exceeded search pattern filesize limit: pygments.css
[2026-05-28 13:52:06,675] multiqc                                            [DEBUG  ]  File ignored by lima/summary because it exceeded search pattern filesize limit: pygments.css
[2026-05-28 13:52:06,677] multiqc                                            [DEBUG  ]  File ignored by longranger/invocation because it exceeded search pattern filesize limit: pygments.css
[2026-05-28 13:52:06,703] multiqc                                            [DEBUG  ]  File ignored by ccs/v4 because it exceeded search pattern filesize limit: searchtools.js
[2026-05-28 13:52:06,704] multiqc                                            [DEBUG  ]  File ignored by hicexplorer because it exceeded search pattern filesize limit: searchtools.js
[2026-05-28 13:52:06,704] multiqc                                            [DEBUG  ]  File ignored by lima/summary because it exceeded search pattern filesize limit: searchtools.js
[2026-05-28 13:52:06,706] multiqc                                            [DEBUG  ]  File ignored by longranger/invocation because it exceeded search pattern filesize limit: searchtools.js
[2026-05-28 13:52:06,716] multiqc                                            [DEBUG  ]  File ignored by nanostat because it exceeded search pattern filesize limit: searchtools.js
[2026-05-28 13:52:06,720] multiqc                                            [DEBUG  ]  File ignored by ccs/v4 because it exceeded search pattern filesize limit: underscore.js
[2026-05-28 13:52:06,721] multiqc                                            [DEBUG  ]  File ignored by hicexplorer because it exceeded search pattern filesize limit: underscore.js
[2026-05-28 13:52:06,721] multiqc                                            [DEBUG  ]  File ignored by lima/summary because it exceeded search pattern filesize limit: underscore.js
[2026-05-28 13:52:06,723] multiqc                                            [DEBUG  ]  File ignored by longranger/invocation because it exceeded search pattern filesize limit: underscore.js
[2026-05-28 13:52:06,727] multiqc                                            [DEBUG  ]  File ignored by nanostat because it exceeded search pattern filesize limit: underscore.js
[2026-05-28 13:52:06,737] multiqc                                            [DEBUG  ]  File ignored by ccs/v4 because it exceeded search pattern filesize limit: websupport.js
[2026-05-28 13:52:06,738] multiqc                                            [DEBUG  ]  File ignored by hicexplorer because it exceeded search pattern filesize limit: websupport.js
[2026-05-28 13:52:06,738] multiqc                                            [DEBUG  ]  File ignored by lima/summary because it exceeded search pattern filesize limit: websupport.js
[2026-05-28 13:52:06,740] multiqc                                            [DEBUG  ]  File ignored by longranger/invocation because it exceeded search pattern filesize limit: websupport.js
[2026-05-28 13:52:06,753] multiqc                                            [DEBUG  ]  File ignored by nanostat because it exceeded search pattern filesize limit: websupport.js
[2026-05-28 13:52:06,840] multiqc                                            [DEBUG  ]  File ignored by ccs/v4 because it exceeded search pattern filesize limit: coverage_profile_along_genes_(low).txt
[2026-05-28 13:52:06,842] multiqc                                            [DEBUG  ]  File ignored by lima/summary because it exceeded search pattern filesize limit: coverage_profile_along_genes_(low).txt
[2026-05-28 13:52:06,844] multiqc                                            [DEBUG  ]  File ignored by longranger/invocation because it exceeded search pattern filesize limit: coverage_profile_along_genes_(low).txt
[2026-05-28 13:52:06,900] multiqc                                            [DEBUG  ]  File ignored by ccs/v4 because it exceeded search pattern filesize limit: coverage_profile_along_genes_(high).txt
[2026-05-28 13:52:06,901] multiqc                                            [DEBUG  ]  File ignored by lima/summary because it exceeded search pattern filesize limit: coverage_profile_along_genes_(high).txt
[2026-05-28 13:52:06,903] multiqc                                            [DEBUG  ]  File ignored by longranger/invocation because it exceeded search pattern filesize limit: coverage_profile_along_genes_(high).txt
[2026-05-28 13:52:06,981] multiqc                                            [DEBUG  ]  File ignored by ccs/v4 because it exceeded search pattern filesize limit: qualimapReport.html
[2026-05-28 13:52:06,982] multiqc                                            [DEBUG  ]  File ignored by hicexplorer because it exceeded search pattern filesize limit: qualimapReport.html
[2026-05-28 13:52:06,982] multiqc                                            [DEBUG  ]  File ignored by lima/summary because it exceeded search pattern filesize limit: qualimapReport.html
[2026-05-28 13:52:06,984] multiqc                                            [DEBUG  ]  File ignored by longranger/invocation because it exceeded search pattern filesize limit: qualimapReport.html
[2026-05-28 13:52:06,993] multiqc                                            [DEBUG  ]  File ignored by nanostat because it exceeded search pattern filesize limit: qualimapReport.html
[2026-05-28 13:52:07,023] multiqc                                            [DEBUG  ]  File ignored by ccs/v4 because it exceeded search pattern filesize limit: agogo.css
[2026-05-28 13:52:07,024] multiqc                                            [DEBUG  ]  File ignored by hicexplorer because it exceeded search pattern filesize limit: agogo.css
[2026-05-28 13:52:07,024] multiqc                                            [DEBUG  ]  File ignored by lima/summary because it exceeded search pattern filesize limit: agogo.css
[2026-05-28 13:52:07,026] multiqc                                            [DEBUG  ]  File ignored by longranger/invocation because it exceeded search pattern filesize limit: agogo.css
[2026-05-28 13:52:07,034] multiqc                                            [DEBUG  ]  File ignored by nanostat because it exceeded search pattern filesize limit: agogo.css
[2026-05-28 13:52:07,064] multiqc                                            [DEBUG  ]  File ignored by ccs/v4 because it exceeded search pattern filesize limit: basic.css
[2026-05-28 13:52:07,065] multiqc                                            [DEBUG  ]  File ignored by hicexplorer because it exceeded search pattern filesize limit: basic.css
[2026-05-28 13:52:07,065] multiqc                                            [DEBUG  ]  File ignored by lima/summary because it exceeded search pattern filesize limit: basic.css
[2026-05-28 13:52:07,067] multiqc                                            [DEBUG  ]  File ignored by longranger/invocation because it exceeded search pattern filesize limit: basic.css
[2026-05-28 13:52:07,076] multiqc                                            [DEBUG  ]  File ignored by nanostat because it exceeded search pattern filesize limit: basic.css
[2026-05-28 13:52:07,110] multiqc                                            [DEBUG  ]  File ignored by ccs/v4 because it exceeded search pattern filesize limit: doctools.js
[2026-05-28 13:52:07,111] multiqc                                            [DEBUG  ]  File ignored by hicexplorer because it exceeded search pattern filesize limit: doctools.js
[2026-05-28 13:52:07,112] multiqc                                            [DEBUG  ]  File ignored by lima/summary because it exceeded search pattern filesize limit: doctools.js
[2026-05-28 13:52:07,114] multiqc                                            [DEBUG  ]  File ignored by longranger/invocation because it exceeded search pattern filesize limit: doctools.js
[2026-05-28 13:52:07,119] multiqc                                            [DEBUG  ]  File ignored by nanostat because it exceeded search pattern filesize limit: doctools.js
[2026-05-28 13:52:07,145] multiqc                                            [DEBUG  ]  File ignored by ccs/v4 because it exceeded search pattern filesize limit: jquery.js
[2026-05-28 13:52:07,146] multiqc                                            [DEBUG  ]  File ignored by hicexplorer because it exceeded search pattern filesize limit: jquery.js
[2026-05-28 13:52:07,146] multiqc                                            [DEBUG  ]  File ignored by lima/summary because it exceeded search pattern filesize limit: jquery.js
[2026-05-28 13:52:07,148] multiqc                                            [DEBUG  ]  File ignored by longranger/invocation because it exceeded search pattern filesize limit: jquery.js
[2026-05-28 13:52:07,156] multiqc                                            [DEBUG  ]  File ignored by nanostat because it exceeded search pattern filesize limit: jquery.js
[2026-05-28 13:52:07,185] multiqc                                            [DEBUG  ]  File ignored by ccs/v4 because it exceeded search pattern filesize limit: pygments.css
[2026-05-28 13:52:07,186] multiqc                                            [DEBUG  ]  File ignored by lima/summary because it exceeded search pattern filesize limit: pygments.css
[2026-05-28 13:52:07,188] multiqc                                            [DEBUG  ]  File ignored by longranger/invocation because it exceeded search pattern filesize limit: pygments.css
[2026-05-28 13:52:07,298] multiqc                                            [DEBUG  ]  File ignored by ccs/v4 because it exceeded search pattern filesize limit: searchtools.js
[2026-05-28 13:52:07,299] multiqc                                            [DEBUG  ]  File ignored by hicexplorer because it exceeded search pattern filesize limit: searchtools.js
[2026-05-28 13:52:07,299] multiqc                                            [DEBUG  ]  File ignored by lima/summary because it exceeded search pattern filesize limit: searchtools.js
[2026-05-28 13:52:07,301] multiqc                                            [DEBUG  ]  File ignored by longranger/invocation because it exceeded search pattern filesize limit: searchtools.js
[2026-05-28 13:52:07,312] multiqc                                            [DEBUG  ]  File ignored by nanostat because it exceeded search pattern filesize limit: searchtools.js
[2026-05-28 13:52:07,355] multiqc                                            [DEBUG  ]  File ignored by ccs/v4 because it exceeded search pattern filesize limit: underscore.js
[2026-05-28 13:52:07,356] multiqc                                            [DEBUG  ]  File ignored by hicexplorer because it exceeded search pattern filesize limit: underscore.js
[2026-05-28 13:52:07,356] multiqc                                            [DEBUG  ]  File ignored by lima/summary because it exceeded search pattern filesize limit: underscore.js
[2026-05-28 13:52:07,358] multiqc                                            [DEBUG  ]  File ignored by longranger/invocation because it exceeded search pattern filesize limit: underscore.js
[2026-05-28 13:52:07,362] multiqc                                            [DEBUG  ]  File ignored by nanostat because it exceeded search pattern filesize limit: underscore.js
[2026-05-28 13:52:07,408] multiqc                                            [DEBUG  ]  File ignored by ccs/v4 because it exceeded search pattern filesize limit: websupport.js
[2026-05-28 13:52:07,409] multiqc                                            [DEBUG  ]  File ignored by hicexplorer because it exceeded search pattern filesize limit: websupport.js
[2026-05-28 13:52:07,410] multiqc                                            [DEBUG  ]  File ignored by lima/summary because it exceeded search pattern filesize limit: websupport.js
[2026-05-28 13:52:07,412] multiqc                                            [DEBUG  ]  File ignored by longranger/invocation because it exceeded search pattern filesize limit: websupport.js
[2026-05-28 13:52:07,427] multiqc                                            [DEBUG  ]  File ignored by nanostat because it exceeded search pattern filesize limit: websupport.js
[2026-05-28 13:52:07,458] multiqc                                            [DEBUG  ]  File ignored by ccs/v4 because it exceeded search pattern filesize limit: coverage_profile_along_genes_(low).txt
[2026-05-28 13:52:07,459] multiqc                                            [DEBUG  ]  File ignored by lima/summary because it exceeded search pattern filesize limit: coverage_profile_along_genes_(low).txt
[2026-05-28 13:52:07,461] multiqc                                            [DEBUG  ]  File ignored by longranger/invocation because it exceeded search pattern filesize limit: coverage_profile_along_genes_(low).txt
[2026-05-28 13:52:07,470] multiqc                                            [DEBUG  ]  File ignored by ccs/v4 because it exceeded search pattern filesize limit: coverage_profile_along_genes_(high).txt
[2026-05-28 13:52:07,471] multiqc                                            [DEBUG  ]  File ignored by lima/summary because it exceeded search pattern filesize limit: coverage_profile_along_genes_(high).txt
[2026-05-28 13:52:07,473] multiqc                                            [DEBUG  ]  File ignored by longranger/invocation because it exceeded search pattern filesize limit: coverage_profile_along_genes_(high).txt
[2026-05-28 13:52:07,536] multiqc                                            [DEBUG  ]  File ignored by ccs/v4 because it exceeded search pattern filesize limit: qualimapReport.html
[2026-05-28 13:52:07,537] multiqc                                            [DEBUG  ]  File ignored by hicexplorer because it exceeded search pattern filesize limit: qualimapReport.html
[2026-05-28 13:52:07,537] multiqc                                            [DEBUG  ]  File ignored by lima/summary because it exceeded search pattern filesize limit: qualimapReport.html
[2026-05-28 13:52:07,540] multiqc                                            [DEBUG  ]  File ignored by longranger/invocation because it exceeded search pattern filesize limit: qualimapReport.html
[2026-05-28 13:52:07,548] multiqc                                            [DEBUG  ]  File ignored by nanostat because it exceeded search pattern filesize limit: qualimapReport.html
[2026-05-28 13:52:07,578] multiqc                                            [DEBUG  ]  File ignored by ccs/v4 because it exceeded search pattern filesize limit: agogo.css
[2026-05-28 13:52:07,579] multiqc                                            [DEBUG  ]  File ignored by hicexplorer because it exceeded search pattern filesize limit: agogo.css
[2026-05-28 13:52:07,579] multiqc                                            [DEBUG  ]  File ignored by lima/summary because it exceeded search pattern filesize limit: agogo.css
[2026-05-28 13:52:07,581] multiqc                                            [DEBUG  ]  File ignored by longranger/invocation because it exceeded search pattern filesize limit: agogo.css
[2026-05-28 13:52:07,590] multiqc                                            [DEBUG  ]  File ignored by nanostat because it exceeded search pattern filesize limit: agogo.css
[2026-05-28 13:52:07,644] multiqc                                            [DEBUG  ]  File ignored by ccs/v4 because it exceeded search pattern filesize limit: basic.css
[2026-05-28 13:52:07,645] multiqc                                            [DEBUG  ]  File ignored by hicexplorer because it exceeded search pattern filesize limit: basic.css
[2026-05-28 13:52:07,645] multiqc                                            [DEBUG  ]  File ignored by lima/summary because it exceeded search pattern filesize limit: basic.css
[2026-05-28 13:52:07,647] multiqc                                            [DEBUG  ]  File ignored by longranger/invocation because it exceeded search pattern filesize limit: basic.css
[2026-05-28 13:52:07,659] multiqc                                            [DEBUG  ]  File ignored by nanostat because it exceeded search pattern filesize limit: basic.css
[2026-05-28 13:52:07,693] multiqc                                            [DEBUG  ]  File ignored by ccs/v4 because it exceeded search pattern filesize limit: doctools.js
[2026-05-28 13:52:07,694] multiqc                                            [DEBUG  ]  File ignored by hicexplorer because it exceeded search pattern filesize limit: doctools.js
[2026-05-28 13:52:07,695] multiqc                                            [DEBUG  ]  File ignored by lima/summary because it exceeded search pattern filesize limit: doctools.js
[2026-05-28 13:52:07,697] multiqc                                            [DEBUG  ]  File ignored by longranger/invocation because it exceeded search pattern filesize limit: doctools.js
[2026-05-28 13:52:07,705] multiqc                                            [DEBUG  ]  File ignored by nanostat because it exceeded search pattern filesize limit: doctools.js
[2026-05-28 13:52:07,785] multiqc                                            [DEBUG  ]  File ignored by ccs/v4 because it exceeded search pattern filesize limit: jquery.js
[2026-05-28 13:52:07,786] multiqc                                            [DEBUG  ]  File ignored by hicexplorer because it exceeded search pattern filesize limit: jquery.js
[2026-05-28 13:52:07,786] multiqc                                            [DEBUG  ]  File ignored by lima/summary because it exceeded search pattern filesize limit: jquery.js
[2026-05-28 13:52:07,788] multiqc                                            [DEBUG  ]  File ignored by longranger/invocation because it exceeded search pattern filesize limit: jquery.js
[2026-05-28 13:52:07,796] multiqc                                            [DEBUG  ]  File ignored by nanostat because it exceeded search pattern filesize limit: jquery.js
[2026-05-28 13:52:07,836] multiqc                                            [DEBUG  ]  File ignored by ccs/v4 because it exceeded search pattern filesize limit: pygments.css
[2026-05-28 13:52:07,837] multiqc                                            [DEBUG  ]  File ignored by lima/summary because it exceeded search pattern filesize limit: pygments.css
[2026-05-28 13:52:07,839] multiqc                                            [DEBUG  ]  File ignored by longranger/invocation because it exceeded search pattern filesize limit: pygments.css
[2026-05-28 13:52:07,996] multiqc                                            [DEBUG  ]  File ignored by ccs/v4 because it exceeded search pattern filesize limit: searchtools.js
[2026-05-28 13:52:07,997] multiqc                                            [DEBUG  ]  File ignored by hicexplorer because it exceeded search pattern filesize limit: searchtools.js
[2026-05-28 13:52:07,997] multiqc                                            [DEBUG  ]  File ignored by lima/summary because it exceeded search pattern filesize limit: searchtools.js
[2026-05-28 13:52:07,999] multiqc                                            [DEBUG  ]  File ignored by longranger/invocation because it exceeded search pattern filesize limit: searchtools.js
[2026-05-28 13:52:08,012] multiqc                                            [DEBUG  ]  File ignored by nanostat because it exceeded search pattern filesize limit: searchtools.js
[2026-05-28 13:52:08,101] multiqc                                            [DEBUG  ]  File ignored by ccs/v4 because it exceeded search pattern filesize limit: underscore.js
[2026-05-28 13:52:08,102] multiqc                                            [DEBUG  ]  File ignored by hicexplorer because it exceeded search pattern filesize limit: underscore.js
[2026-05-28 13:52:08,102] multiqc                                            [DEBUG  ]  File ignored by lima/summary because it exceeded search pattern filesize limit: underscore.js
[2026-05-28 13:52:08,104] multiqc                                            [DEBUG  ]  File ignored by longranger/invocation because it exceeded search pattern filesize limit: underscore.js
[2026-05-28 13:52:08,108] multiqc                                            [DEBUG  ]  File ignored by nanostat because it exceeded search pattern filesize limit: underscore.js
[2026-05-28 13:52:08,138] multiqc                                            [DEBUG  ]  File ignored by ccs/v4 because it exceeded search pattern filesize limit: websupport.js
[2026-05-28 13:52:08,139] multiqc                                            [DEBUG  ]  File ignored by hicexplorer because it exceeded search pattern filesize limit: websupport.js
[2026-05-28 13:52:08,139] multiqc                                            [DEBUG  ]  File ignored by lima/summary because it exceeded search pattern filesize limit: websupport.js
[2026-05-28 13:52:08,141] multiqc                                            [DEBUG  ]  File ignored by longranger/invocation because it exceeded search pattern filesize limit: websupport.js
[2026-05-28 13:52:08,157] multiqc                                            [DEBUG  ]  File ignored by nanostat because it exceeded search pattern filesize limit: websupport.js
[2026-05-28 13:52:08,189] multiqc                                            [DEBUG  ]  File ignored by ccs/v4 because it exceeded search pattern filesize limit: coverage_profile_along_genes_(low).txt
[2026-05-28 13:52:08,190] multiqc                                            [DEBUG  ]  File ignored by lima/summary because it exceeded search pattern filesize limit: coverage_profile_along_genes_(low).txt
[2026-05-28 13:52:08,192] multiqc                                            [DEBUG  ]  File ignored by longranger/invocation because it exceeded search pattern filesize limit: coverage_profile_along_genes_(low).txt
[2026-05-28 13:52:08,208] multiqc                                            [DEBUG  ]  File ignored by ccs/v4 because it exceeded search pattern filesize limit: coverage_profile_along_genes_(high).txt
[2026-05-28 13:52:08,209] multiqc                                            [DEBUG  ]  File ignored by lima/summary because it exceeded search pattern filesize limit: coverage_profile_along_genes_(high).txt
[2026-05-28 13:52:08,211] multiqc                                            [DEBUG  ]  File ignored by longranger/invocation because it exceeded search pattern filesize limit: coverage_profile_along_genes_(high).txt
[2026-05-28 13:52:08,241] multiqc                                            [DEBUG  ]  File ignored by ccs/v4 because it exceeded search pattern filesize limit: qualimapReport.html
[2026-05-28 13:52:08,242] multiqc                                            [DEBUG  ]  File ignored by hicexplorer because it exceeded search pattern filesize limit: qualimapReport.html
[2026-05-28 13:52:08,242] multiqc                                            [DEBUG  ]  File ignored by lima/summary because it exceeded search pattern filesize limit: qualimapReport.html
[2026-05-28 13:52:08,244] multiqc                                            [DEBUG  ]  File ignored by longranger/invocation because it exceeded search pattern filesize limit: qualimapReport.html
[2026-05-28 13:52:08,251] multiqc                                            [DEBUG  ]  File ignored by nanostat because it exceeded search pattern filesize limit: qualimapReport.html
[2026-05-28 13:52:08,263] multiqc                                            [DEBUG  ]  File ignored by ccs/v4 because it exceeded search pattern filesize limit: agogo.css
[2026-05-28 13:52:08,264] multiqc                                            [DEBUG  ]  File ignored by hicexplorer because it exceeded search pattern filesize limit: agogo.css
[2026-05-28 13:52:08,264] multiqc                                            [DEBUG  ]  File ignored by lima/summary because it exceeded search pattern filesize limit: agogo.css
[2026-05-28 13:52:08,266] multiqc                                            [DEBUG  ]  File ignored by longranger/invocation because it exceeded search pattern filesize limit: agogo.css
[2026-05-28 13:52:08,275] multiqc                                            [DEBUG  ]  File ignored by nanostat because it exceeded search pattern filesize limit: agogo.css
[2026-05-28 13:52:08,298] multiqc                                            [DEBUG  ]  File ignored by ccs/v4 because it exceeded search pattern filesize limit: basic.css
[2026-05-28 13:52:08,299] multiqc                                            [DEBUG  ]  File ignored by hicexplorer because it exceeded search pattern filesize limit: basic.css
[2026-05-28 13:52:08,299] multiqc                                            [DEBUG  ]  File ignored by lima/summary because it exceeded search pattern filesize limit: basic.css
[2026-05-28 13:52:08,301] multiqc                                            [DEBUG  ]  File ignored by longranger/invocation because it exceeded search pattern filesize limit: basic.css
[2026-05-28 13:52:08,310] multiqc                                            [DEBUG  ]  File ignored by nanostat because it exceeded search pattern filesize limit: basic.css
[2026-05-28 13:52:08,331] multiqc                                            [DEBUG  ]  File ignored by ccs/v4 because it exceeded search pattern filesize limit: doctools.js
[2026-05-28 13:52:08,332] multiqc                                            [DEBUG  ]  File ignored by hicexplorer because it exceeded search pattern filesize limit: doctools.js
[2026-05-28 13:52:08,332] multiqc                                            [DEBUG  ]  File ignored by lima/summary because it exceeded search pattern filesize limit: doctools.js
[2026-05-28 13:52:08,334] multiqc                                            [DEBUG  ]  File ignored by longranger/invocation because it exceeded search pattern filesize limit: doctools.js
[2026-05-28 13:52:08,340] multiqc                                            [DEBUG  ]  File ignored by nanostat because it exceeded search pattern filesize limit: doctools.js
[2026-05-28 13:52:08,412] multiqc                                            [DEBUG  ]  File ignored by ccs/v4 because it exceeded search pattern filesize limit: jquery.js
[2026-05-28 13:52:08,413] multiqc                                            [DEBUG  ]  File ignored by hicexplorer because it exceeded search pattern filesize limit: jquery.js
[2026-05-28 13:52:08,413] multiqc                                            [DEBUG  ]  File ignored by lima/summary because it exceeded search pattern filesize limit: jquery.js
[2026-05-28 13:52:08,416] multiqc                                            [DEBUG  ]  File ignored by longranger/invocation because it exceeded search pattern filesize limit: jquery.js
[2026-05-28 13:52:08,426] multiqc                                            [DEBUG  ]  File ignored by nanostat because it exceeded search pattern filesize limit: jquery.js
[2026-05-28 13:52:08,461] multiqc                                            [DEBUG  ]  File ignored by ccs/v4 because it exceeded search pattern filesize limit: pygments.css
[2026-05-28 13:52:08,463] multiqc                                            [DEBUG  ]  File ignored by lima/summary because it exceeded search pattern filesize limit: pygments.css
[2026-05-28 13:52:08,464] multiqc                                            [DEBUG  ]  File ignored by longranger/invocation because it exceeded search pattern filesize limit: pygments.css
[2026-05-28 13:52:08,485] multiqc                                            [DEBUG  ]  File ignored by ccs/v4 because it exceeded search pattern filesize limit: searchtools.js
[2026-05-28 13:52:08,486] multiqc                                            [DEBUG  ]  File ignored by hicexplorer because it exceeded search pattern filesize limit: searchtools.js
[2026-05-28 13:52:08,486] multiqc                                            [DEBUG  ]  File ignored by lima/summary because it exceeded search pattern filesize limit: searchtools.js
[2026-05-28 13:52:08,488] multiqc                                            [DEBUG  ]  File ignored by longranger/invocation because it exceeded search pattern filesize limit: searchtools.js
[2026-05-28 13:52:08,501] multiqc                                            [DEBUG  ]  File ignored by nanostat because it exceeded search pattern filesize limit: searchtools.js
[2026-05-28 13:52:08,526] multiqc                                            [DEBUG  ]  File ignored by ccs/v4 because it exceeded search pattern filesize limit: underscore.js
[2026-05-28 13:52:08,527] multiqc                                            [DEBUG  ]  File ignored by hicexplorer because it exceeded search pattern filesize limit: underscore.js
[2026-05-28 13:52:08,527] multiqc                                            [DEBUG  ]  File ignored by lima/summary because it exceeded search pattern filesize limit: underscore.js
[2026-05-28 13:52:08,529] multiqc                                            [DEBUG  ]  File ignored by longranger/invocation because it exceeded search pattern filesize limit: underscore.js
[2026-05-28 13:52:08,532] multiqc                                            [DEBUG  ]  File ignored by nanostat because it exceeded search pattern filesize limit: underscore.js
[2026-05-28 13:52:08,558] multiqc                                            [DEBUG  ]  File ignored by ccs/v4 because it exceeded search pattern filesize limit: websupport.js
[2026-05-28 13:52:08,559] multiqc                                            [DEBUG  ]  File ignored by hicexplorer because it exceeded search pattern filesize limit: websupport.js
[2026-05-28 13:52:08,559] multiqc                                            [DEBUG  ]  File ignored by lima/summary because it exceeded search pattern filesize limit: websupport.js
[2026-05-28 13:52:08,561] multiqc                                            [DEBUG  ]  File ignored by longranger/invocation because it exceeded search pattern filesize limit: websupport.js
[2026-05-28 13:52:08,575] multiqc                                            [DEBUG  ]  File ignored by nanostat because it exceeded search pattern filesize limit: websupport.js
[2026-05-28 13:52:08,581] multiqc                                            [DEBUG  ]  File ignored by ccs/v4 because it exceeded search pattern filesize limit: coverage_profile_along_genes_(low).txt
[2026-05-28 13:52:08,582] multiqc                                            [DEBUG  ]  File ignored by lima/summary because it exceeded search pattern filesize limit: coverage_profile_along_genes_(low).txt
[2026-05-28 13:52:08,584] multiqc                                            [DEBUG  ]  File ignored by longranger/invocation because it exceeded search pattern filesize limit: coverage_profile_along_genes_(low).txt
[2026-05-28 13:52:08,598] multiqc                                            [DEBUG  ]  File ignored by ccs/v4 because it exceeded search pattern filesize limit: coverage_profile_along_genes_(high).txt
[2026-05-28 13:52:08,599] multiqc                                            [DEBUG  ]  File ignored by lima/summary because it exceeded search pattern filesize limit: coverage_profile_along_genes_(high).txt
[2026-05-28 13:52:08,601] multiqc                                            [DEBUG  ]  File ignored by longranger/invocation because it exceeded search pattern filesize limit: coverage_profile_along_genes_(high).txt
[2026-05-28 13:52:08,722] multiqc                                            [DEBUG  ]  File ignored by ccs/v4 because it exceeded search pattern filesize limit: qualimapReport.html
[2026-05-28 13:52:08,723] multiqc                                            [DEBUG  ]  File ignored by hicexplorer because it exceeded search pattern filesize limit: qualimapReport.html
[2026-05-28 13:52:08,723] multiqc                                            [DEBUG  ]  File ignored by lima/summary because it exceeded search pattern filesize limit: qualimapReport.html
[2026-05-28 13:52:08,727] multiqc                                            [DEBUG  ]  File ignored by longranger/invocation because it exceeded search pattern filesize limit: qualimapReport.html
[2026-05-28 13:52:08,734] multiqc                                            [DEBUG  ]  File ignored by nanostat because it exceeded search pattern filesize limit: qualimapReport.html
[2026-05-28 13:52:08,880] multiqc                                            [DEBUG  ]  File ignored by ccs/v4 because it exceeded search pattern filesize limit: agogo.css
[2026-05-28 13:52:08,882] multiqc                                            [DEBUG  ]  File ignored by hicexplorer because it exceeded search pattern filesize limit: agogo.css
[2026-05-28 13:52:08,882] multiqc                                            [DEBUG  ]  File ignored by lima/summary because it exceeded search pattern filesize limit: agogo.css
[2026-05-28 13:52:08,884] multiqc                                            [DEBUG  ]  File ignored by longranger/invocation because it exceeded search pattern filesize limit: agogo.css
[2026-05-28 13:52:08,893] multiqc                                            [DEBUG  ]  File ignored by nanostat because it exceeded search pattern filesize limit: agogo.css
[2026-05-28 13:52:08,932] multiqc                                            [DEBUG  ]  File ignored by ccs/v4 because it exceeded search pattern filesize limit: basic.css
[2026-05-28 13:52:08,933] multiqc                                            [DEBUG  ]  File ignored by hicexplorer because it exceeded search pattern filesize limit: basic.css
[2026-05-28 13:52:08,933] multiqc                                            [DEBUG  ]  File ignored by lima/summary because it exceeded search pattern filesize limit: basic.css
[2026-05-28 13:52:08,935] multiqc                                            [DEBUG  ]  File ignored by longranger/invocation because it exceeded search pattern filesize limit: basic.css
[2026-05-28 13:52:08,944] multiqc                                            [DEBUG  ]  File ignored by nanostat because it exceeded search pattern filesize limit: basic.css
[2026-05-28 13:52:08,986] multiqc                                            [DEBUG  ]  File ignored by ccs/v4 because it exceeded search pattern filesize limit: doctools.js
[2026-05-28 13:52:08,987] multiqc                                            [DEBUG  ]  File ignored by hicexplorer because it exceeded search pattern filesize limit: doctools.js
[2026-05-28 13:52:08,988] multiqc                                            [DEBUG  ]  File ignored by lima/summary because it exceeded search pattern filesize limit: doctools.js
[2026-05-28 13:52:08,990] multiqc                                            [DEBUG  ]  File ignored by longranger/invocation because it exceeded search pattern filesize limit: doctools.js
[2026-05-28 13:52:08,996] multiqc                                            [DEBUG  ]  File ignored by nanostat because it exceeded search pattern filesize limit: doctools.js
[2026-05-28 13:52:09,025] multiqc                                            [DEBUG  ]  File ignored by ccs/v4 because it exceeded search pattern filesize limit: jquery.js
[2026-05-28 13:52:09,026] multiqc                                            [DEBUG  ]  File ignored by hicexplorer because it exceeded search pattern filesize limit: jquery.js
[2026-05-28 13:52:09,026] multiqc                                            [DEBUG  ]  File ignored by lima/summary because it exceeded search pattern filesize limit: jquery.js
[2026-05-28 13:52:09,029] multiqc                                            [DEBUG  ]  File ignored by longranger/invocation because it exceeded search pattern filesize limit: jquery.js
[2026-05-28 13:52:09,039] multiqc                                            [DEBUG  ]  File ignored by nanostat because it exceeded search pattern filesize limit: jquery.js
[2026-05-28 13:52:09,067] multiqc                                            [DEBUG  ]  File ignored by ccs/v4 because it exceeded search pattern filesize limit: pygments.css
[2026-05-28 13:52:09,068] multiqc                                            [DEBUG  ]  File ignored by lima/summary because it exceeded search pattern filesize limit: pygments.css
[2026-05-28 13:52:09,070] multiqc                                            [DEBUG  ]  File ignored by longranger/invocation because it exceeded search pattern filesize limit: pygments.css
[2026-05-28 13:52:09,171] multiqc                                            [DEBUG  ]  File ignored by ccs/v4 because it exceeded search pattern filesize limit: searchtools.js
[2026-05-28 13:52:09,172] multiqc                                            [DEBUG  ]  File ignored by hicexplorer because it exceeded search pattern filesize limit: searchtools.js
[2026-05-28 13:52:09,172] multiqc                                            [DEBUG  ]  File ignored by lima/summary because it exceeded search pattern filesize limit: searchtools.js
[2026-05-28 13:52:09,174] multiqc                                            [DEBUG  ]  File ignored by longranger/invocation because it exceeded search pattern filesize limit: searchtools.js
[2026-05-28 13:52:09,187] multiqc                                            [DEBUG  ]  File ignored by nanostat because it exceeded search pattern filesize limit: searchtools.js
[2026-05-28 13:52:09,193] multiqc                                            [DEBUG  ]  File ignored by ccs/v4 because it exceeded search pattern filesize limit: underscore.js
[2026-05-28 13:52:09,194] multiqc                                            [DEBUG  ]  File ignored by hicexplorer because it exceeded search pattern filesize limit: underscore.js
[2026-05-28 13:52:09,194] multiqc                                            [DEBUG  ]  File ignored by lima/summary because it exceeded search pattern filesize limit: underscore.js
[2026-05-28 13:52:09,196] multiqc                                            [DEBUG  ]  File ignored by longranger/invocation because it exceeded search pattern filesize limit: underscore.js
[2026-05-28 13:52:09,199] multiqc                                            [DEBUG  ]  File ignored by nanostat because it exceeded search pattern filesize limit: underscore.js
[2026-05-28 13:52:09,266] multiqc                                            [DEBUG  ]  File ignored by ccs/v4 because it exceeded search pattern filesize limit: websupport.js
[2026-05-28 13:52:09,267] multiqc                                            [DEBUG  ]  File ignored by hicexplorer because it exceeded search pattern filesize limit: websupport.js
[2026-05-28 13:52:09,267] multiqc                                            [DEBUG  ]  File ignored by lima/summary because it exceeded search pattern filesize limit: websupport.js
[2026-05-28 13:52:09,269] multiqc                                            [DEBUG  ]  File ignored by longranger/invocation because it exceeded search pattern filesize limit: websupport.js
[2026-05-28 13:52:09,283] multiqc                                            [DEBUG  ]  File ignored by nanostat because it exceeded search pattern filesize limit: websupport.js
[2026-05-28 13:52:09,309] multiqc                                            [DEBUG  ]  File ignored by ccs/v4 because it exceeded search pattern filesize limit: coverage_profile_along_genes_(low).txt
[2026-05-28 13:52:09,310] multiqc                                            [DEBUG  ]  File ignored by lima/summary because it exceeded search pattern filesize limit: coverage_profile_along_genes_(low).txt
[2026-05-28 13:52:09,312] multiqc                                            [DEBUG  ]  File ignored by longranger/invocation because it exceeded search pattern filesize limit: coverage_profile_along_genes_(low).txt
[2026-05-28 13:52:09,374] multiqc                                            [DEBUG  ]  File ignored by ccs/v4 because it exceeded search pattern filesize limit: coverage_profile_along_genes_(high).txt
[2026-05-28 13:52:09,375] multiqc                                            [DEBUG  ]  File ignored by lima/summary because it exceeded search pattern filesize limit: coverage_profile_along_genes_(high).txt
[2026-05-28 13:52:09,377] multiqc                                            [DEBUG  ]  File ignored by longranger/invocation because it exceeded search pattern filesize limit: coverage_profile_along_genes_(high).txt
[2026-05-28 13:52:09,410] multiqc                                            [DEBUG  ]  File ignored by ccs/v4 because it exceeded search pattern filesize limit: qualimapReport.html
[2026-05-28 13:52:09,411] multiqc                                            [DEBUG  ]  File ignored by hicexplorer because it exceeded search pattern filesize limit: qualimapReport.html
[2026-05-28 13:52:09,411] multiqc                                            [DEBUG  ]  File ignored by lima/summary because it exceeded search pattern filesize limit: qualimapReport.html
[2026-05-28 13:52:09,413] multiqc                                            [DEBUG  ]  File ignored by longranger/invocation because it exceeded search pattern filesize limit: qualimapReport.html
[2026-05-28 13:52:09,421] multiqc                                            [DEBUG  ]  File ignored by nanostat because it exceeded search pattern filesize limit: qualimapReport.html
[2026-05-28 13:52:09,459] multiqc                                            [DEBUG  ]  File ignored by ccs/v4 because it exceeded search pattern filesize limit: agogo.css
[2026-05-28 13:52:09,460] multiqc                                            [DEBUG  ]  File ignored by hicexplorer because it exceeded search pattern filesize limit: agogo.css
[2026-05-28 13:52:09,461] multiqc                                            [DEBUG  ]  File ignored by lima/summary because it exceeded search pattern filesize limit: agogo.css
[2026-05-28 13:52:09,463] multiqc                                            [DEBUG  ]  File ignored by longranger/invocation because it exceeded search pattern filesize limit: agogo.css
[2026-05-28 13:52:09,473] multiqc                                            [DEBUG  ]  File ignored by nanostat because it exceeded search pattern filesize limit: agogo.css
[2026-05-28 13:52:09,479] multiqc                                            [DEBUG  ]  File ignored by ccs/v4 because it exceeded search pattern filesize limit: basic.css
[2026-05-28 13:52:09,480] multiqc                                            [DEBUG  ]  File ignored by hicexplorer because it exceeded search pattern filesize limit: basic.css
[2026-05-28 13:52:09,480] multiqc                                            [DEBUG  ]  File ignored by lima/summary because it exceeded search pattern filesize limit: basic.css
[2026-05-28 13:52:09,482] multiqc                                            [DEBUG  ]  File ignored by longranger/invocation because it exceeded search pattern filesize limit: basic.css
[2026-05-28 13:52:09,491] multiqc                                            [DEBUG  ]  File ignored by nanostat because it exceeded search pattern filesize limit: basic.css
[2026-05-28 13:52:09,503] multiqc                                            [DEBUG  ]  File ignored by ccs/v4 because it exceeded search pattern filesize limit: doctools.js
[2026-05-28 13:52:09,504] multiqc                                            [DEBUG  ]  File ignored by hicexplorer because it exceeded search pattern filesize limit: doctools.js
[2026-05-28 13:52:09,504] multiqc                                            [DEBUG  ]  File ignored by lima/summary because it exceeded search pattern filesize limit: doctools.js
[2026-05-28 13:52:09,506] multiqc                                            [DEBUG  ]  File ignored by longranger/invocation because it exceeded search pattern filesize limit: doctools.js
[2026-05-28 13:52:09,512] multiqc                                            [DEBUG  ]  File ignored by nanostat because it exceeded search pattern filesize limit: doctools.js
[2026-05-28 13:52:09,522] multiqc                                            [DEBUG  ]  File ignored by ccs/v4 because it exceeded search pattern filesize limit: jquery.js
[2026-05-28 13:52:09,523] multiqc                                            [DEBUG  ]  File ignored by hicexplorer because it exceeded search pattern filesize limit: jquery.js
[2026-05-28 13:52:09,524] multiqc                                            [DEBUG  ]  File ignored by lima/summary because it exceeded search pattern filesize limit: jquery.js
[2026-05-28 13:52:09,526] multiqc                                            [DEBUG  ]  File ignored by longranger/invocation because it exceeded search pattern filesize limit: jquery.js
[2026-05-28 13:52:09,534] multiqc                                            [DEBUG  ]  File ignored by nanostat because it exceeded search pattern filesize limit: jquery.js
[2026-05-28 13:52:09,541] multiqc                                            [DEBUG  ]  File ignored by ccs/v4 because it exceeded search pattern filesize limit: pygments.css
[2026-05-28 13:52:09,544] multiqc                                            [DEBUG  ]  File ignored by lima/summary because it exceeded search pattern filesize limit: pygments.css
[2026-05-28 13:52:09,546] multiqc                                            [DEBUG  ]  File ignored by longranger/invocation because it exceeded search pattern filesize limit: pygments.css
[2026-05-28 13:52:09,567] multiqc                                            [DEBUG  ]  File ignored by ccs/v4 because it exceeded search pattern filesize limit: searchtools.js
[2026-05-28 13:52:09,568] multiqc                                            [DEBUG  ]  File ignored by hicexplorer because it exceeded search pattern filesize limit: searchtools.js
[2026-05-28 13:52:09,568] multiqc                                            [DEBUG  ]  File ignored by lima/summary because it exceeded search pattern filesize limit: searchtools.js
[2026-05-28 13:52:09,570] multiqc                                            [DEBUG  ]  File ignored by longranger/invocation because it exceeded search pattern filesize limit: searchtools.js
[2026-05-28 13:52:09,580] multiqc                                            [DEBUG  ]  File ignored by nanostat because it exceeded search pattern filesize limit: searchtools.js
[2026-05-28 13:52:09,585] multiqc                                            [DEBUG  ]  File ignored by ccs/v4 because it exceeded search pattern filesize limit: underscore.js
[2026-05-28 13:52:09,586] multiqc                                            [DEBUG  ]  File ignored by hicexplorer because it exceeded search pattern filesize limit: underscore.js
[2026-05-28 13:52:09,586] multiqc                                            [DEBUG  ]  File ignored by lima/summary because it exceeded search pattern filesize limit: underscore.js
[2026-05-28 13:52:09,588] multiqc                                            [DEBUG  ]  File ignored by longranger/invocation because it exceeded search pattern filesize limit: underscore.js
[2026-05-28 13:52:09,591] multiqc                                            [DEBUG  ]  File ignored by nanostat because it exceeded search pattern filesize limit: underscore.js
[2026-05-28 13:52:09,598] multiqc                                            [DEBUG  ]  File ignored by ccs/v4 because it exceeded search pattern filesize limit: websupport.js
[2026-05-28 13:52:09,599] multiqc                                            [DEBUG  ]  File ignored by hicexplorer because it exceeded search pattern filesize limit: websupport.js
[2026-05-28 13:52:09,599] multiqc                                            [DEBUG  ]  File ignored by lima/summary because it exceeded search pattern filesize limit: websupport.js
[2026-05-28 13:52:09,601] multiqc                                            [DEBUG  ]  File ignored by longranger/invocation because it exceeded search pattern filesize limit: websupport.js
[2026-05-28 13:52:09,616] multiqc                                            [DEBUG  ]  File ignored by nanostat because it exceeded search pattern filesize limit: websupport.js
[2026-05-28 13:52:09,652] multiqc                                            [DEBUG  ]  File ignored by ccs/v4 because it exceeded search pattern filesize limit: coverage_profile_along_genes_(low).txt
[2026-05-28 13:52:09,653] multiqc                                            [DEBUG  ]  File ignored by lima/summary because it exceeded search pattern filesize limit: coverage_profile_along_genes_(low).txt
[2026-05-28 13:52:09,655] multiqc                                            [DEBUG  ]  File ignored by longranger/invocation because it exceeded search pattern filesize limit: coverage_profile_along_genes_(low).txt
[2026-05-28 13:52:09,664] multiqc                                            [DEBUG  ]  File ignored by ccs/v4 because it exceeded search pattern filesize limit: coverage_profile_along_genes_(high).txt
[2026-05-28 13:52:09,665] multiqc                                            [DEBUG  ]  File ignored by lima/summary because it exceeded search pattern filesize limit: coverage_profile_along_genes_(high).txt
[2026-05-28 13:52:09,667] multiqc                                            [DEBUG  ]  File ignored by longranger/invocation because it exceeded search pattern filesize limit: coverage_profile_along_genes_(high).txt
[2026-05-28 13:52:09,697] multiqc                                            [DEBUG  ]  File ignored by ccs/v4 because it exceeded search pattern filesize limit: qualimapReport.html
[2026-05-28 13:52:09,698] multiqc                                            [DEBUG  ]  File ignored by hicexplorer because it exceeded search pattern filesize limit: qualimapReport.html
[2026-05-28 13:52:09,698] multiqc                                            [DEBUG  ]  File ignored by lima/summary because it exceeded search pattern filesize limit: qualimapReport.html
[2026-05-28 13:52:09,700] multiqc                                            [DEBUG  ]  File ignored by longranger/invocation because it exceeded search pattern filesize limit: qualimapReport.html
[2026-05-28 13:52:09,707] multiqc                                            [DEBUG  ]  File ignored by nanostat because it exceeded search pattern filesize limit: qualimapReport.html
[2026-05-28 13:52:09,742] multiqc                                            [DEBUG  ]  File ignored by ccs/v4 because it exceeded search pattern filesize limit: agogo.css
[2026-05-28 13:52:09,744] multiqc                                            [DEBUG  ]  File ignored by hicexplorer because it exceeded search pattern filesize limit: agogo.css
[2026-05-28 13:52:09,744] multiqc                                            [DEBUG  ]  File ignored by lima/summary because it exceeded search pattern filesize limit: agogo.css
[2026-05-28 13:52:09,747] multiqc                                            [DEBUG  ]  File ignored by longranger/invocation because it exceeded search pattern filesize limit: agogo.css
[2026-05-28 13:52:09,762] multiqc                                            [DEBUG  ]  File ignored by nanostat because it exceeded search pattern filesize limit: agogo.css
[2026-05-28 13:52:09,803] multiqc                                            [DEBUG  ]  File ignored by ccs/v4 because it exceeded search pattern filesize limit: basic.css
[2026-05-28 13:52:09,804] multiqc                                            [DEBUG  ]  File ignored by hicexplorer because it exceeded search pattern filesize limit: basic.css
[2026-05-28 13:52:09,804] multiqc                                            [DEBUG  ]  File ignored by lima/summary because it exceeded search pattern filesize limit: basic.css
[2026-05-28 13:52:09,806] multiqc                                            [DEBUG  ]  File ignored by longranger/invocation because it exceeded search pattern filesize limit: basic.css
[2026-05-28 13:52:09,815] multiqc                                            [DEBUG  ]  File ignored by nanostat because it exceeded search pattern filesize limit: basic.css
[2026-05-28 13:52:09,826] multiqc                                            [DEBUG  ]  File ignored by ccs/v4 because it exceeded search pattern filesize limit: doctools.js
[2026-05-28 13:52:09,827] multiqc                                            [DEBUG  ]  File ignored by hicexplorer because it exceeded search pattern filesize limit: doctools.js
[2026-05-28 13:52:09,827] multiqc                                            [DEBUG  ]  File ignored by lima/summary because it exceeded search pattern filesize limit: doctools.js
[2026-05-28 13:52:09,829] multiqc                                            [DEBUG  ]  File ignored by longranger/invocation because it exceeded search pattern filesize limit: doctools.js
[2026-05-28 13:52:09,835] multiqc                                            [DEBUG  ]  File ignored by nanostat because it exceeded search pattern filesize limit: doctools.js
[2026-05-28 13:52:09,924] multiqc                                            [DEBUG  ]  File ignored by ccs/v4 because it exceeded search pattern filesize limit: jquery.js
[2026-05-28 13:52:09,925] multiqc                                            [DEBUG  ]  File ignored by hicexplorer because it exceeded search pattern filesize limit: jquery.js
[2026-05-28 13:52:09,925] multiqc                                            [DEBUG  ]  File ignored by lima/summary because it exceeded search pattern filesize limit: jquery.js
[2026-05-28 13:52:09,927] multiqc                                            [DEBUG  ]  File ignored by longranger/invocation because it exceeded search pattern filesize limit: jquery.js
[2026-05-28 13:52:09,935] multiqc                                            [DEBUG  ]  File ignored by nanostat because it exceeded search pattern filesize limit: jquery.js
[2026-05-28 13:52:10,065] multiqc                                            [DEBUG  ]  File ignored by ccs/v4 because it exceeded search pattern filesize limit: pygments.css
[2026-05-28 13:52:10,066] multiqc                                            [DEBUG  ]  File ignored by lima/summary because it exceeded search pattern filesize limit: pygments.css
[2026-05-28 13:52:10,067] multiqc                                            [DEBUG  ]  File ignored by longranger/invocation because it exceeded search pattern filesize limit: pygments.css
[2026-05-28 13:52:10,099] multiqc                                            [DEBUG  ]  File ignored by ccs/v4 because it exceeded search pattern filesize limit: searchtools.js
[2026-05-28 13:52:10,100] multiqc                                            [DEBUG  ]  File ignored by hicexplorer because it exceeded search pattern filesize limit: searchtools.js
[2026-05-28 13:52:10,100] multiqc                                            [DEBUG  ]  File ignored by lima/summary because it exceeded search pattern filesize limit: searchtools.js
[2026-05-28 13:52:10,102] multiqc                                            [DEBUG  ]  File ignored by longranger/invocation because it exceeded search pattern filesize limit: searchtools.js
[2026-05-28 13:52:10,112] multiqc                                            [DEBUG  ]  File ignored by nanostat because it exceeded search pattern filesize limit: searchtools.js
[2026-05-28 13:52:10,119] multiqc                                            [DEBUG  ]  File ignored by ccs/v4 because it exceeded search pattern filesize limit: underscore.js
[2026-05-28 13:52:10,120] multiqc                                            [DEBUG  ]  File ignored by hicexplorer because it exceeded search pattern filesize limit: underscore.js
[2026-05-28 13:52:10,120] multiqc                                            [DEBUG  ]  File ignored by lima/summary because it exceeded search pattern filesize limit: underscore.js
[2026-05-28 13:52:10,122] multiqc                                            [DEBUG  ]  File ignored by longranger/invocation because it exceeded search pattern filesize limit: underscore.js
[2026-05-28 13:52:10,126] multiqc                                            [DEBUG  ]  File ignored by nanostat because it exceeded search pattern filesize limit: underscore.js
[2026-05-28 13:52:10,150] multiqc                                            [DEBUG  ]  File ignored by ccs/v4 because it exceeded search pattern filesize limit: websupport.js
[2026-05-28 13:52:10,151] multiqc                                            [DEBUG  ]  File ignored by hicexplorer because it exceeded search pattern filesize limit: websupport.js
[2026-05-28 13:52:10,151] multiqc                                            [DEBUG  ]  File ignored by lima/summary because it exceeded search pattern filesize limit: websupport.js
[2026-05-28 13:52:10,153] multiqc                                            [DEBUG  ]  File ignored by longranger/invocation because it exceeded search pattern filesize limit: websupport.js
[2026-05-28 13:52:10,170] multiqc                                            [DEBUG  ]  File ignored by nanostat because it exceeded search pattern filesize limit: websupport.js
[2026-05-28 13:52:10,176] multiqc                                            [DEBUG  ]  File ignored by ccs/v4 because it exceeded search pattern filesize limit: coverage_profile_along_genes_(low).txt
[2026-05-28 13:52:10,177] multiqc                                            [DEBUG  ]  File ignored by lima/summary because it exceeded search pattern filesize limit: coverage_profile_along_genes_(low).txt
[2026-05-28 13:52:10,179] multiqc                                            [DEBUG  ]  File ignored by longranger/invocation because it exceeded search pattern filesize limit: coverage_profile_along_genes_(low).txt
[2026-05-28 13:52:10,187] multiqc                                            [DEBUG  ]  File ignored by ccs/v4 because it exceeded search pattern filesize limit: coverage_profile_along_genes_(high).txt
[2026-05-28 13:52:10,188] multiqc                                            [DEBUG  ]  File ignored by lima/summary because it exceeded search pattern filesize limit: coverage_profile_along_genes_(high).txt
[2026-05-28 13:52:10,190] multiqc                                            [DEBUG  ]  File ignored by longranger/invocation because it exceeded search pattern filesize limit: coverage_profile_along_genes_(high).txt
[2026-05-28 13:52:10,228] multiqc                                            [DEBUG  ]  File ignored by ccs/v4 because it exceeded search pattern filesize limit: qualimapReport.html
[2026-05-28 13:52:10,229] multiqc                                            [DEBUG  ]  File ignored by hicexplorer because it exceeded search pattern filesize limit: qualimapReport.html
[2026-05-28 13:52:10,229] multiqc                                            [DEBUG  ]  File ignored by lima/summary because it exceeded search pattern filesize limit: qualimapReport.html
[2026-05-28 13:52:10,231] multiqc                                            [DEBUG  ]  File ignored by longranger/invocation because it exceeded search pattern filesize limit: qualimapReport.html
[2026-05-28 13:52:10,238] multiqc                                            [DEBUG  ]  File ignored by nanostat because it exceeded search pattern filesize limit: qualimapReport.html
[2026-05-28 13:52:10,269] multiqc                                            [DEBUG  ]  File ignored by ccs/v4 because it exceeded search pattern filesize limit: agogo.css
[2026-05-28 13:52:10,270] multiqc                                            [DEBUG  ]  File ignored by hicexplorer because it exceeded search pattern filesize limit: agogo.css
[2026-05-28 13:52:10,270] multiqc                                            [DEBUG  ]  File ignored by lima/summary because it exceeded search pattern filesize limit: agogo.css
[2026-05-28 13:52:10,272] multiqc                                            [DEBUG  ]  File ignored by longranger/invocation because it exceeded search pattern filesize limit: agogo.css
[2026-05-28 13:52:10,280] multiqc                                            [DEBUG  ]  File ignored by nanostat because it exceeded search pattern filesize limit: agogo.css
[2026-05-28 13:52:10,285] multiqc                                            [DEBUG  ]  File ignored by ccs/v4 because it exceeded search pattern filesize limit: basic.css
[2026-05-28 13:52:10,286] multiqc                                            [DEBUG  ]  File ignored by hicexplorer because it exceeded search pattern filesize limit: basic.css
[2026-05-28 13:52:10,287] multiqc                                            [DEBUG  ]  File ignored by lima/summary because it exceeded search pattern filesize limit: basic.css
[2026-05-28 13:52:10,289] multiqc                                            [DEBUG  ]  File ignored by longranger/invocation because it exceeded search pattern filesize limit: basic.css
[2026-05-28 13:52:10,299] multiqc                                            [DEBUG  ]  File ignored by nanostat because it exceeded search pattern filesize limit: basic.css
[2026-05-28 13:52:10,376] multiqc                                            [DEBUG  ]  File ignored by ccs/v4 because it exceeded search pattern filesize limit: doctools.js
[2026-05-28 13:52:10,377] multiqc                                            [DEBUG  ]  File ignored by hicexplorer because it exceeded search pattern filesize limit: doctools.js
[2026-05-28 13:52:10,377] multiqc                                            [DEBUG  ]  File ignored by lima/summary because it exceeded search pattern filesize limit: doctools.js
[2026-05-28 13:52:10,379] multiqc                                            [DEBUG  ]  File ignored by longranger/invocation because it exceeded search pattern filesize limit: doctools.js
[2026-05-28 13:52:10,386] multiqc                                            [DEBUG  ]  File ignored by nanostat because it exceeded search pattern filesize limit: doctools.js
[2026-05-28 13:52:10,447] multiqc                                            [DEBUG  ]  File ignored by ccs/v4 because it exceeded search pattern filesize limit: jquery.js
[2026-05-28 13:52:10,448] multiqc                                            [DEBUG  ]  File ignored by hicexplorer because it exceeded search pattern filesize limit: jquery.js
[2026-05-28 13:52:10,448] multiqc                                            [DEBUG  ]  File ignored by lima/summary because it exceeded search pattern filesize limit: jquery.js
[2026-05-28 13:52:10,450] multiqc                                            [DEBUG  ]  File ignored by longranger/invocation because it exceeded search pattern filesize limit: jquery.js
[2026-05-28 13:52:10,458] multiqc                                            [DEBUG  ]  File ignored by nanostat because it exceeded search pattern filesize limit: jquery.js
[2026-05-28 13:52:10,609] multiqc                                            [DEBUG  ]  File ignored by ccs/v4 because it exceeded search pattern filesize limit: pygments.css
[2026-05-28 13:52:10,610] multiqc                                            [DEBUG  ]  File ignored by lima/summary because it exceeded search pattern filesize limit: pygments.css
[2026-05-28 13:52:10,612] multiqc                                            [DEBUG  ]  File ignored by longranger/invocation because it exceeded search pattern filesize limit: pygments.css
[2026-05-28 13:52:10,732] multiqc                                            [DEBUG  ]  File ignored by ccs/v4 because it exceeded search pattern filesize limit: searchtools.js
[2026-05-28 13:52:10,733] multiqc                                            [DEBUG  ]  File ignored by hicexplorer because it exceeded search pattern filesize limit: searchtools.js
[2026-05-28 13:52:10,734] multiqc                                            [DEBUG  ]  File ignored by lima/summary because it exceeded search pattern filesize limit: searchtools.js
[2026-05-28 13:52:10,735] multiqc                                            [DEBUG  ]  File ignored by longranger/invocation because it exceeded search pattern filesize limit: searchtools.js
[2026-05-28 13:52:10,746] multiqc                                            [DEBUG  ]  File ignored by nanostat because it exceeded search pattern filesize limit: searchtools.js
[2026-05-28 13:52:10,801] multiqc                                            [DEBUG  ]  File ignored by ccs/v4 because it exceeded search pattern filesize limit: underscore.js
[2026-05-28 13:52:10,802] multiqc                                            [DEBUG  ]  File ignored by hicexplorer because it exceeded search pattern filesize limit: underscore.js
[2026-05-28 13:52:10,802] multiqc                                            [DEBUG  ]  File ignored by lima/summary because it exceeded search pattern filesize limit: underscore.js
[2026-05-28 13:52:10,804] multiqc                                            [DEBUG  ]  File ignored by longranger/invocation because it exceeded search pattern filesize limit: underscore.js
[2026-05-28 13:52:10,808] multiqc                                            [DEBUG  ]  File ignored by nanostat because it exceeded search pattern filesize limit: underscore.js
[2026-05-28 13:52:10,875] multiqc                                            [DEBUG  ]  File ignored by ccs/v4 because it exceeded search pattern filesize limit: websupport.js
[2026-05-28 13:52:10,876] multiqc                                            [DEBUG  ]  File ignored by hicexplorer because it exceeded search pattern filesize limit: websupport.js
[2026-05-28 13:52:10,876] multiqc                                            [DEBUG  ]  File ignored by lima/summary because it exceeded search pattern filesize limit: websupport.js
[2026-05-28 13:52:10,879] multiqc                                            [DEBUG  ]  File ignored by longranger/invocation because it exceeded search pattern filesize limit: websupport.js
[2026-05-28 13:52:10,898] multiqc                                            [DEBUG  ]  File ignored by nanostat because it exceeded search pattern filesize limit: websupport.js
[2026-05-28 13:52:11,011] multiqc                                            [DEBUG  ]  File ignored by ccs/v4 because it exceeded search pattern filesize limit: coverage_profile_along_genes_(low).txt
[2026-05-28 13:52:11,013] multiqc                                            [DEBUG  ]  File ignored by lima/summary because it exceeded search pattern filesize limit: coverage_profile_along_genes_(low).txt
[2026-05-28 13:52:11,014] multiqc                                            [DEBUG  ]  File ignored by longranger/invocation because it exceeded search pattern filesize limit: coverage_profile_along_genes_(low).txt
[2026-05-28 13:52:11,081] multiqc                                            [DEBUG  ]  File ignored by ccs/v4 because it exceeded search pattern filesize limit: coverage_profile_along_genes_(high).txt
[2026-05-28 13:52:11,083] multiqc                                            [DEBUG  ]  File ignored by lima/summary because it exceeded search pattern filesize limit: coverage_profile_along_genes_(high).txt
[2026-05-28 13:52:11,085] multiqc                                            [DEBUG  ]  File ignored by longranger/invocation because it exceeded search pattern filesize limit: coverage_profile_along_genes_(high).txt
[2026-05-28 13:52:11,132] multiqc                                            [DEBUG  ]  File ignored by ccs/v4 because it exceeded search pattern filesize limit: qualimapReport.html
[2026-05-28 13:52:11,133] multiqc                                            [DEBUG  ]  File ignored by hicexplorer because it exceeded search pattern filesize limit: qualimapReport.html
[2026-05-28 13:52:11,133] multiqc                                            [DEBUG  ]  File ignored by lima/summary because it exceeded search pattern filesize limit: qualimapReport.html
[2026-05-28 13:52:11,135] multiqc                                            [DEBUG  ]  File ignored by longranger/invocation because it exceeded search pattern filesize limit: qualimapReport.html
[2026-05-28 13:52:11,142] multiqc                                            [DEBUG  ]  File ignored by nanostat because it exceeded search pattern filesize limit: qualimapReport.html
[2026-05-28 13:52:11,171] multiqc                                            [DEBUG  ]  File ignored by ccs/v4 because it exceeded search pattern filesize limit: agogo.css
[2026-05-28 13:52:11,172] multiqc                                            [DEBUG  ]  File ignored by hicexplorer because it exceeded search pattern filesize limit: agogo.css
[2026-05-28 13:52:11,172] multiqc                                            [DEBUG  ]  File ignored by lima/summary because it exceeded search pattern filesize limit: agogo.css
[2026-05-28 13:52:11,174] multiqc                                            [DEBUG  ]  File ignored by longranger/invocation because it exceeded search pattern filesize limit: agogo.css
[2026-05-28 13:52:11,183] multiqc                                            [DEBUG  ]  File ignored by nanostat because it exceeded search pattern filesize limit: agogo.css
[2026-05-28 13:52:11,189] multiqc                                            [DEBUG  ]  File ignored by ccs/v4 because it exceeded search pattern filesize limit: basic.css
[2026-05-28 13:52:11,190] multiqc                                            [DEBUG  ]  File ignored by hicexplorer because it exceeded search pattern filesize limit: basic.css
[2026-05-28 13:52:11,190] multiqc                                            [DEBUG  ]  File ignored by lima/summary because it exceeded search pattern filesize limit: basic.css
[2026-05-28 13:52:11,192] multiqc                                            [DEBUG  ]  File ignored by longranger/invocation because it exceeded search pattern filesize limit: basic.css
[2026-05-28 13:52:11,204] multiqc                                            [DEBUG  ]  File ignored by nanostat because it exceeded search pattern filesize limit: basic.css
[2026-05-28 13:52:11,234] multiqc                                            [DEBUG  ]  File ignored by ccs/v4 because it exceeded search pattern filesize limit: doctools.js
[2026-05-28 13:52:11,235] multiqc                                            [DEBUG  ]  File ignored by hicexplorer because it exceeded search pattern filesize limit: doctools.js
[2026-05-28 13:52:11,235] multiqc                                            [DEBUG  ]  File ignored by lima/summary because it exceeded search pattern filesize limit: doctools.js
[2026-05-28 13:52:11,237] multiqc                                            [DEBUG  ]  File ignored by longranger/invocation because it exceeded search pattern filesize limit: doctools.js
[2026-05-28 13:52:11,243] multiqc                                            [DEBUG  ]  File ignored by nanostat because it exceeded search pattern filesize limit: doctools.js
[2026-05-28 13:52:11,328] multiqc                                            [DEBUG  ]  File ignored by ccs/v4 because it exceeded search pattern filesize limit: jquery.js
[2026-05-28 13:52:11,329] multiqc                                            [DEBUG  ]  File ignored by hicexplorer because it exceeded search pattern filesize limit: jquery.js
[2026-05-28 13:52:11,329] multiqc                                            [DEBUG  ]  File ignored by lima/summary because it exceeded search pattern filesize limit: jquery.js
[2026-05-28 13:52:11,332] multiqc                                            [DEBUG  ]  File ignored by longranger/invocation because it exceeded search pattern filesize limit: jquery.js
[2026-05-28 13:52:11,339] multiqc                                            [DEBUG  ]  File ignored by nanostat because it exceeded search pattern filesize limit: jquery.js
[2026-05-28 13:52:11,373] multiqc                                            [DEBUG  ]  File ignored by ccs/v4 because it exceeded search pattern filesize limit: pygments.css
[2026-05-28 13:52:11,374] multiqc                                            [DEBUG  ]  File ignored by lima/summary because it exceeded search pattern filesize limit: pygments.css
[2026-05-28 13:52:11,376] multiqc                                            [DEBUG  ]  File ignored by longranger/invocation because it exceeded search pattern filesize limit: pygments.css
[2026-05-28 13:52:11,504] multiqc                                            [DEBUG  ]  File ignored by ccs/v4 because it exceeded search pattern filesize limit: searchtools.js
[2026-05-28 13:52:11,506] multiqc                                            [DEBUG  ]  File ignored by hicexplorer because it exceeded search pattern filesize limit: searchtools.js
[2026-05-28 13:52:11,506] multiqc                                            [DEBUG  ]  File ignored by lima/summary because it exceeded search pattern filesize limit: searchtools.js
[2026-05-28 13:52:11,508] multiqc                                            [DEBUG  ]  File ignored by longranger/invocation because it exceeded search pattern filesize limit: searchtools.js
[2026-05-28 13:52:11,518] multiqc                                            [DEBUG  ]  File ignored by nanostat because it exceeded search pattern filesize limit: searchtools.js
[2026-05-28 13:52:11,543] multiqc                                            [DEBUG  ]  File ignored by ccs/v4 because it exceeded search pattern filesize limit: underscore.js
[2026-05-28 13:52:11,544] multiqc                                            [DEBUG  ]  File ignored by hicexplorer because it exceeded search pattern filesize limit: underscore.js
[2026-05-28 13:52:11,544] multiqc                                            [DEBUG  ]  File ignored by lima/summary because it exceeded search pattern filesize limit: underscore.js
[2026-05-28 13:52:11,546] multiqc                                            [DEBUG  ]  File ignored by longranger/invocation because it exceeded search pattern filesize limit: underscore.js
[2026-05-28 13:52:11,550] multiqc                                            [DEBUG  ]  File ignored by nanostat because it exceeded search pattern filesize limit: underscore.js
[2026-05-28 13:52:11,578] multiqc                                            [DEBUG  ]  File ignored by ccs/v4 because it exceeded search pattern filesize limit: websupport.js
[2026-05-28 13:52:11,579] multiqc                                            [DEBUG  ]  File ignored by hicexplorer because it exceeded search pattern filesize limit: websupport.js
[2026-05-28 13:52:11,579] multiqc                                            [DEBUG  ]  File ignored by lima/summary because it exceeded search pattern filesize limit: websupport.js
[2026-05-28 13:52:11,581] multiqc                                            [DEBUG  ]  File ignored by longranger/invocation because it exceeded search pattern filesize limit: websupport.js
[2026-05-28 13:52:11,596] multiqc                                            [DEBUG  ]  File ignored by nanostat because it exceeded search pattern filesize limit: websupport.js
[2026-05-28 13:52:11,615] multiqc                                            [DEBUG  ]  File ignored by ccs/v4 because it exceeded search pattern filesize limit: coverage_profile_along_genes_(low).txt
[2026-05-28 13:52:11,616] multiqc                                            [DEBUG  ]  File ignored by lima/summary because it exceeded search pattern filesize limit: coverage_profile_along_genes_(low).txt
[2026-05-28 13:52:11,618] multiqc                                            [DEBUG  ]  File ignored by longranger/invocation because it exceeded search pattern filesize limit: coverage_profile_along_genes_(low).txt
[2026-05-28 13:52:11,626] multiqc                                            [DEBUG  ]  File ignored by ccs/v4 because it exceeded search pattern filesize limit: coverage_profile_along_genes_(high).txt
[2026-05-28 13:52:11,627] multiqc                                            [DEBUG  ]  File ignored by lima/summary because it exceeded search pattern filesize limit: coverage_profile_along_genes_(high).txt
[2026-05-28 13:52:11,629] multiqc                                            [DEBUG  ]  File ignored by longranger/invocation because it exceeded search pattern filesize limit: coverage_profile_along_genes_(high).txt
[2026-05-28 13:52:11,771] multiqc                                            [DEBUG  ]  File ignored by ccs/v4 because it exceeded search pattern filesize limit: qualimapReport.html
[2026-05-28 13:52:11,772] multiqc                                            [DEBUG  ]  File ignored by hicexplorer because it exceeded search pattern filesize limit: qualimapReport.html
[2026-05-28 13:52:11,772] multiqc                                            [DEBUG  ]  File ignored by lima/summary because it exceeded search pattern filesize limit: qualimapReport.html
[2026-05-28 13:52:11,774] multiqc                                            [DEBUG  ]  File ignored by longranger/invocation because it exceeded search pattern filesize limit: qualimapReport.html
[2026-05-28 13:52:11,781] multiqc                                            [DEBUG  ]  File ignored by nanostat because it exceeded search pattern filesize limit: qualimapReport.html
[2026-05-28 13:52:11,827] multiqc                                            [DEBUG  ]  File ignored by ccs/v4 because it exceeded search pattern filesize limit: agogo.css
[2026-05-28 13:52:11,828] multiqc                                            [DEBUG  ]  File ignored by hicexplorer because it exceeded search pattern filesize limit: agogo.css
[2026-05-28 13:52:11,828] multiqc                                            [DEBUG  ]  File ignored by lima/summary because it exceeded search pattern filesize limit: agogo.css
[2026-05-28 13:52:11,830] multiqc                                            [DEBUG  ]  File ignored by longranger/invocation because it exceeded search pattern filesize limit: agogo.css
[2026-05-28 13:52:11,838] multiqc                                            [DEBUG  ]  File ignored by nanostat because it exceeded search pattern filesize limit: agogo.css
[2026-05-28 13:52:11,875] multiqc                                            [DEBUG  ]  File ignored by ccs/v4 because it exceeded search pattern filesize limit: basic.css
[2026-05-28 13:52:11,876] multiqc                                            [DEBUG  ]  File ignored by hicexplorer because it exceeded search pattern filesize limit: basic.css
[2026-05-28 13:52:11,876] multiqc                                            [DEBUG  ]  File ignored by lima/summary because it exceeded search pattern filesize limit: basic.css
[2026-05-28 13:52:11,878] multiqc                                            [DEBUG  ]  File ignored by longranger/invocation because it exceeded search pattern filesize limit: basic.css
[2026-05-28 13:52:11,890] multiqc                                            [DEBUG  ]  File ignored by nanostat because it exceeded search pattern filesize limit: basic.css
[2026-05-28 13:52:11,916] multiqc                                            [DEBUG  ]  File ignored by ccs/v4 because it exceeded search pattern filesize limit: doctools.js
[2026-05-28 13:52:11,917] multiqc                                            [DEBUG  ]  File ignored by hicexplorer because it exceeded search pattern filesize limit: doctools.js
[2026-05-28 13:52:11,917] multiqc                                            [DEBUG  ]  File ignored by lima/summary because it exceeded search pattern filesize limit: doctools.js
[2026-05-28 13:52:11,919] multiqc                                            [DEBUG  ]  File ignored by longranger/invocation because it exceeded search pattern filesize limit: doctools.js
[2026-05-28 13:52:11,925] multiqc                                            [DEBUG  ]  File ignored by nanostat because it exceeded search pattern filesize limit: doctools.js
[2026-05-28 13:52:11,952] multiqc                                            [DEBUG  ]  File ignored by ccs/v4 because it exceeded search pattern filesize limit: jquery.js
[2026-05-28 13:52:11,953] multiqc                                            [DEBUG  ]  File ignored by hicexplorer because it exceeded search pattern filesize limit: jquery.js
[2026-05-28 13:52:11,953] multiqc                                            [DEBUG  ]  File ignored by lima/summary because it exceeded search pattern filesize limit: jquery.js
[2026-05-28 13:52:11,955] multiqc                                            [DEBUG  ]  File ignored by longranger/invocation because it exceeded search pattern filesize limit: jquery.js
[2026-05-28 13:52:11,964] multiqc                                            [DEBUG  ]  File ignored by nanostat because it exceeded search pattern filesize limit: jquery.js
[2026-05-28 13:52:11,990] multiqc                                            [DEBUG  ]  File ignored by ccs/v4 because it exceeded search pattern filesize limit: pygments.css
[2026-05-28 13:52:11,991] multiqc                                            [DEBUG  ]  File ignored by lima/summary because it exceeded search pattern filesize limit: pygments.css
[2026-05-28 13:52:11,993] multiqc                                            [DEBUG  ]  File ignored by longranger/invocation because it exceeded search pattern filesize limit: pygments.css
[2026-05-28 13:52:12,039] multiqc                                            [DEBUG  ]  File ignored by ccs/v4 because it exceeded search pattern filesize limit: searchtools.js
[2026-05-28 13:52:12,040] multiqc                                            [DEBUG  ]  File ignored by hicexplorer because it exceeded search pattern filesize limit: searchtools.js
[2026-05-28 13:52:12,040] multiqc                                            [DEBUG  ]  File ignored by lima/summary because it exceeded search pattern filesize limit: searchtools.js
[2026-05-28 13:52:12,042] multiqc                                            [DEBUG  ]  File ignored by longranger/invocation because it exceeded search pattern filesize limit: searchtools.js
[2026-05-28 13:52:12,053] multiqc                                            [DEBUG  ]  File ignored by nanostat because it exceeded search pattern filesize limit: searchtools.js
[2026-05-28 13:52:12,058] multiqc                                            [DEBUG  ]  File ignored by ccs/v4 because it exceeded search pattern filesize limit: underscore.js
[2026-05-28 13:52:12,059] multiqc                                            [DEBUG  ]  File ignored by hicexplorer because it exceeded search pattern filesize limit: underscore.js
[2026-05-28 13:52:12,059] multiqc                                            [DEBUG  ]  File ignored by lima/summary because it exceeded search pattern filesize limit: underscore.js
[2026-05-28 13:52:12,061] multiqc                                            [DEBUG  ]  File ignored by longranger/invocation because it exceeded search pattern filesize limit: underscore.js
[2026-05-28 13:52:12,064] multiqc                                            [DEBUG  ]  File ignored by nanostat because it exceeded search pattern filesize limit: underscore.js
[2026-05-28 13:52:12,078] multiqc                                            [DEBUG  ]  File ignored by ccs/v4 because it exceeded search pattern filesize limit: websupport.js
[2026-05-28 13:52:12,079] multiqc                                            [DEBUG  ]  File ignored by hicexplorer because it exceeded search pattern filesize limit: websupport.js
[2026-05-28 13:52:12,079] multiqc                                            [DEBUG  ]  File ignored by lima/summary because it exceeded search pattern filesize limit: websupport.js
[2026-05-28 13:52:12,081] multiqc                                            [DEBUG  ]  File ignored by longranger/invocation because it exceeded search pattern filesize limit: websupport.js
[2026-05-28 13:52:12,095] multiqc                                            [DEBUG  ]  File ignored by nanostat because it exceeded search pattern filesize limit: websupport.js
[2026-05-28 13:52:12,119] multiqc                                            [DEBUG  ]  File ignored by ccs/v4 because it exceeded search pattern filesize limit: coverage_profile_along_genes_(low).txt
[2026-05-28 13:52:12,120] multiqc                                            [DEBUG  ]  File ignored by lima/summary because it exceeded search pattern filesize limit: coverage_profile_along_genes_(low).txt
[2026-05-28 13:52:12,122] multiqc                                            [DEBUG  ]  File ignored by longranger/invocation because it exceeded search pattern filesize limit: coverage_profile_along_genes_(low).txt
[2026-05-28 13:52:12,130] multiqc                                            [DEBUG  ]  File ignored by ccs/v4 because it exceeded search pattern filesize limit: coverage_profile_along_genes_(high).txt
[2026-05-28 13:52:12,132] multiqc                                            [DEBUG  ]  File ignored by lima/summary because it exceeded search pattern filesize limit: coverage_profile_along_genes_(high).txt
[2026-05-28 13:52:12,133] multiqc                                            [DEBUG  ]  File ignored by longranger/invocation because it exceeded search pattern filesize limit: coverage_profile_along_genes_(high).txt
[2026-05-28 13:52:12,165] multiqc                                            [DEBUG  ]  File ignored by ccs/v4 because it exceeded search pattern filesize limit: qualimapReport.html
[2026-05-28 13:52:12,166] multiqc                                            [DEBUG  ]  File ignored by hicexplorer because it exceeded search pattern filesize limit: qualimapReport.html
[2026-05-28 13:52:12,167] multiqc                                            [DEBUG  ]  File ignored by lima/summary because it exceeded search pattern filesize limit: qualimapReport.html
[2026-05-28 13:52:12,169] multiqc                                            [DEBUG  ]  File ignored by longranger/invocation because it exceeded search pattern filesize limit: qualimapReport.html
[2026-05-28 13:52:12,176] multiqc                                            [DEBUG  ]  File ignored by nanostat because it exceeded search pattern filesize limit: qualimapReport.html
[2026-05-28 13:52:12,244] multiqc                                            [DEBUG  ]  File ignored by ccs/v4 because it exceeded search pattern filesize limit: agogo.css
[2026-05-28 13:52:12,245] multiqc                                            [DEBUG  ]  File ignored by hicexplorer because it exceeded search pattern filesize limit: agogo.css
[2026-05-28 13:52:12,246] multiqc                                            [DEBUG  ]  File ignored by lima/summary because it exceeded search pattern filesize limit: agogo.css
[2026-05-28 13:52:12,248] multiqc                                            [DEBUG  ]  File ignored by longranger/invocation because it exceeded search pattern filesize limit: agogo.css
[2026-05-28 13:52:12,257] multiqc                                            [DEBUG  ]  File ignored by nanostat because it exceeded search pattern filesize limit: agogo.css
[2026-05-28 13:52:12,290] multiqc                                            [DEBUG  ]  File ignored by ccs/v4 because it exceeded search pattern filesize limit: basic.css
[2026-05-28 13:52:12,291] multiqc                                            [DEBUG  ]  File ignored by hicexplorer because it exceeded search pattern filesize limit: basic.css
[2026-05-28 13:52:12,291] multiqc                                            [DEBUG  ]  File ignored by lima/summary because it exceeded search pattern filesize limit: basic.css
[2026-05-28 13:52:12,293] multiqc                                            [DEBUG  ]  File ignored by longranger/invocation because it exceeded search pattern filesize limit: basic.css
[2026-05-28 13:52:12,302] multiqc                                            [DEBUG  ]  File ignored by nanostat because it exceeded search pattern filesize limit: basic.css
[2026-05-28 13:52:12,401] multiqc                                            [DEBUG  ]  File ignored by ccs/v4 because it exceeded search pattern filesize limit: doctools.js
[2026-05-28 13:52:12,402] multiqc                                            [DEBUG  ]  File ignored by hicexplorer because it exceeded search pattern filesize limit: doctools.js
[2026-05-28 13:52:12,402] multiqc                                            [DEBUG  ]  File ignored by lima/summary because it exceeded search pattern filesize limit: doctools.js
[2026-05-28 13:52:12,404] multiqc                                            [DEBUG  ]  File ignored by longranger/invocation because it exceeded search pattern filesize limit: doctools.js
[2026-05-28 13:52:12,411] multiqc                                            [DEBUG  ]  File ignored by nanostat because it exceeded search pattern filesize limit: doctools.js
[2026-05-28 13:52:12,497] multiqc                                            [DEBUG  ]  File ignored by ccs/v4 because it exceeded search pattern filesize limit: jquery.js
[2026-05-28 13:52:12,498] multiqc                                            [DEBUG  ]  File ignored by hicexplorer because it exceeded search pattern filesize limit: jquery.js
[2026-05-28 13:52:12,499] multiqc                                            [DEBUG  ]  File ignored by lima/summary because it exceeded search pattern filesize limit: jquery.js
[2026-05-28 13:52:12,501] multiqc                                            [DEBUG  ]  File ignored by longranger/invocation because it exceeded search pattern filesize limit: jquery.js
[2026-05-28 13:52:12,509] multiqc                                            [DEBUG  ]  File ignored by nanostat because it exceeded search pattern filesize limit: jquery.js
[2026-05-28 13:52:12,536] multiqc                                            [DEBUG  ]  File ignored by ccs/v4 because it exceeded search pattern filesize limit: pygments.css
[2026-05-28 13:52:12,538] multiqc                                            [DEBUG  ]  File ignored by lima/summary because it exceeded search pattern filesize limit: pygments.css
[2026-05-28 13:52:12,539] multiqc                                            [DEBUG  ]  File ignored by longranger/invocation because it exceeded search pattern filesize limit: pygments.css
[2026-05-28 13:52:12,584] multiqc                                            [DEBUG  ]  File ignored by ccs/v4 because it exceeded search pattern filesize limit: searchtools.js
[2026-05-28 13:52:12,586] multiqc                                            [DEBUG  ]  File ignored by hicexplorer because it exceeded search pattern filesize limit: searchtools.js
[2026-05-28 13:52:12,586] multiqc                                            [DEBUG  ]  File ignored by lima/summary because it exceeded search pattern filesize limit: searchtools.js
[2026-05-28 13:52:12,588] multiqc                                            [DEBUG  ]  File ignored by longranger/invocation because it exceeded search pattern filesize limit: searchtools.js
[2026-05-28 13:52:12,599] multiqc                                            [DEBUG  ]  File ignored by nanostat because it exceeded search pattern filesize limit: searchtools.js
[2026-05-28 13:52:12,628] multiqc                                            [DEBUG  ]  File ignored by ccs/v4 because it exceeded search pattern filesize limit: underscore.js
[2026-05-28 13:52:12,629] multiqc                                            [DEBUG  ]  File ignored by hicexplorer because it exceeded search pattern filesize limit: underscore.js
[2026-05-28 13:52:12,629] multiqc                                            [DEBUG  ]  File ignored by lima/summary because it exceeded search pattern filesize limit: underscore.js
[2026-05-28 13:52:12,631] multiqc                                            [DEBUG  ]  File ignored by longranger/invocation because it exceeded search pattern filesize limit: underscore.js
[2026-05-28 13:52:12,635] multiqc                                            [DEBUG  ]  File ignored by nanostat because it exceeded search pattern filesize limit: underscore.js
[2026-05-28 13:52:12,663] multiqc                                            [DEBUG  ]  File ignored by ccs/v4 because it exceeded search pattern filesize limit: websupport.js
[2026-05-28 13:52:12,664] multiqc                                            [DEBUG  ]  File ignored by hicexplorer because it exceeded search pattern filesize limit: websupport.js
[2026-05-28 13:52:12,664] multiqc                                            [DEBUG  ]  File ignored by lima/summary because it exceeded search pattern filesize limit: websupport.js
[2026-05-28 13:52:12,666] multiqc                                            [DEBUG  ]  File ignored by longranger/invocation because it exceeded search pattern filesize limit: websupport.js
[2026-05-28 13:52:12,680] multiqc                                            [DEBUG  ]  File ignored by nanostat because it exceeded search pattern filesize limit: websupport.js
[2026-05-28 13:52:12,792] multiqc                                            [DEBUG  ]  File ignored by ccs/v4 because it exceeded search pattern filesize limit: coverage_profile_along_genes_(low).txt
[2026-05-28 13:52:12,794] multiqc                                            [DEBUG  ]  File ignored by lima/summary because it exceeded search pattern filesize limit: coverage_profile_along_genes_(low).txt
[2026-05-28 13:52:12,795] multiqc                                            [DEBUG  ]  File ignored by longranger/invocation because it exceeded search pattern filesize limit: coverage_profile_along_genes_(low).txt
[2026-05-28 13:52:12,808] multiqc                                            [DEBUG  ]  File ignored by ccs/v4 because it exceeded search pattern filesize limit: coverage_profile_along_genes_(high).txt
[2026-05-28 13:52:12,809] multiqc                                            [DEBUG  ]  File ignored by lima/summary because it exceeded search pattern filesize limit: coverage_profile_along_genes_(high).txt
[2026-05-28 13:52:12,811] multiqc                                            [DEBUG  ]  File ignored by longranger/invocation because it exceeded search pattern filesize limit: coverage_profile_along_genes_(high).txt
[2026-05-28 13:52:12,846] multiqc                                            [DEBUG  ]  File ignored by ccs/v4 because it exceeded search pattern filesize limit: qualimapReport.html
[2026-05-28 13:52:12,847] multiqc                                            [DEBUG  ]  File ignored by hicexplorer because it exceeded search pattern filesize limit: qualimapReport.html
[2026-05-28 13:52:12,848] multiqc                                            [DEBUG  ]  File ignored by lima/summary because it exceeded search pattern filesize limit: qualimapReport.html
[2026-05-28 13:52:12,849] multiqc                                            [DEBUG  ]  File ignored by longranger/invocation because it exceeded search pattern filesize limit: qualimapReport.html
[2026-05-28 13:52:12,857] multiqc                                            [DEBUG  ]  File ignored by nanostat because it exceeded search pattern filesize limit: qualimapReport.html
[2026-05-28 13:52:12,912] multiqc                                            [DEBUG  ]  File ignored by ccs/v4 because it exceeded search pattern filesize limit: agogo.css
[2026-05-28 13:52:12,913] multiqc                                            [DEBUG  ]  File ignored by hicexplorer because it exceeded search pattern filesize limit: agogo.css
[2026-05-28 13:52:12,913] multiqc                                            [DEBUG  ]  File ignored by lima/summary because it exceeded search pattern filesize limit: agogo.css
[2026-05-28 13:52:12,915] multiqc                                            [DEBUG  ]  File ignored by longranger/invocation because it exceeded search pattern filesize limit: agogo.css
[2026-05-28 13:52:12,924] multiqc                                            [DEBUG  ]  File ignored by nanostat because it exceeded search pattern filesize limit: agogo.css
[2026-05-28 13:52:12,952] multiqc                                            [DEBUG  ]  File ignored by ccs/v4 because it exceeded search pattern filesize limit: basic.css
[2026-05-28 13:52:12,953] multiqc                                            [DEBUG  ]  File ignored by hicexplorer because it exceeded search pattern filesize limit: basic.css
[2026-05-28 13:52:12,953] multiqc                                            [DEBUG  ]  File ignored by lima/summary because it exceeded search pattern filesize limit: basic.css
[2026-05-28 13:52:12,955] multiqc                                            [DEBUG  ]  File ignored by longranger/invocation because it exceeded search pattern filesize limit: basic.css
[2026-05-28 13:52:12,965] multiqc                                            [DEBUG  ]  File ignored by nanostat because it exceeded search pattern filesize limit: basic.css
[2026-05-28 13:52:12,988] multiqc                                            [DEBUG  ]  File ignored by ccs/v4 because it exceeded search pattern filesize limit: doctools.js
[2026-05-28 13:52:12,989] multiqc                                            [DEBUG  ]  File ignored by hicexplorer because it exceeded search pattern filesize limit: doctools.js
[2026-05-28 13:52:12,989] multiqc                                            [DEBUG  ]  File ignored by lima/summary because it exceeded search pattern filesize limit: doctools.js
[2026-05-28 13:52:12,991] multiqc                                            [DEBUG  ]  File ignored by longranger/invocation because it exceeded search pattern filesize limit: doctools.js
[2026-05-28 13:52:12,997] multiqc                                            [DEBUG  ]  File ignored by nanostat because it exceeded search pattern filesize limit: doctools.js
[2026-05-28 13:52:13,068] multiqc                                            [DEBUG  ]  File ignored by ccs/v4 because it exceeded search pattern filesize limit: jquery.js
[2026-05-28 13:52:13,069] multiqc                                            [DEBUG  ]  File ignored by hicexplorer because it exceeded search pattern filesize limit: jquery.js
[2026-05-28 13:52:13,069] multiqc                                            [DEBUG  ]  File ignored by lima/summary because it exceeded search pattern filesize limit: jquery.js
[2026-05-28 13:52:13,071] multiqc                                            [DEBUG  ]  File ignored by longranger/invocation because it exceeded search pattern filesize limit: jquery.js
[2026-05-28 13:52:13,079] multiqc                                            [DEBUG  ]  File ignored by nanostat because it exceeded search pattern filesize limit: jquery.js
[2026-05-28 13:52:13,106] multiqc                                            [DEBUG  ]  File ignored by ccs/v4 because it exceeded search pattern filesize limit: pygments.css
[2026-05-28 13:52:13,107] multiqc                                            [DEBUG  ]  File ignored by lima/summary because it exceeded search pattern filesize limit: pygments.css
[2026-05-28 13:52:13,109] multiqc                                            [DEBUG  ]  File ignored by longranger/invocation because it exceeded search pattern filesize limit: pygments.css
[2026-05-28 13:52:13,194] multiqc                                            [DEBUG  ]  File ignored by ccs/v4 because it exceeded search pattern filesize limit: searchtools.js
[2026-05-28 13:52:13,195] multiqc                                            [DEBUG  ]  File ignored by hicexplorer because it exceeded search pattern filesize limit: searchtools.js
[2026-05-28 13:52:13,195] multiqc                                            [DEBUG  ]  File ignored by lima/summary because it exceeded search pattern filesize limit: searchtools.js
[2026-05-28 13:52:13,197] multiqc                                            [DEBUG  ]  File ignored by longranger/invocation because it exceeded search pattern filesize limit: searchtools.js
[2026-05-28 13:52:13,208] multiqc                                            [DEBUG  ]  File ignored by nanostat because it exceeded search pattern filesize limit: searchtools.js
[2026-05-28 13:52:13,236] multiqc                                            [DEBUG  ]  File ignored by ccs/v4 because it exceeded search pattern filesize limit: underscore.js
[2026-05-28 13:52:13,237] multiqc                                            [DEBUG  ]  File ignored by hicexplorer because it exceeded search pattern filesize limit: underscore.js
[2026-05-28 13:52:13,237] multiqc                                            [DEBUG  ]  File ignored by lima/summary because it exceeded search pattern filesize limit: underscore.js
[2026-05-28 13:52:13,239] multiqc                                            [DEBUG  ]  File ignored by longranger/invocation because it exceeded search pattern filesize limit: underscore.js
[2026-05-28 13:52:13,245] multiqc                                            [DEBUG  ]  File ignored by nanostat because it exceeded search pattern filesize limit: underscore.js
[2026-05-28 13:52:13,327] multiqc                                            [DEBUG  ]  File ignored by ccs/v4 because it exceeded search pattern filesize limit: websupport.js
[2026-05-28 13:52:13,328] multiqc                                            [DEBUG  ]  File ignored by hicexplorer because it exceeded search pattern filesize limit: websupport.js
[2026-05-28 13:52:13,329] multiqc                                            [DEBUG  ]  File ignored by lima/summary because it exceeded search pattern filesize limit: websupport.js
[2026-05-28 13:52:13,331] multiqc                                            [DEBUG  ]  File ignored by longranger/invocation because it exceeded search pattern filesize limit: websupport.js
[2026-05-28 13:52:13,347] multiqc                                            [DEBUG  ]  File ignored by nanostat because it exceeded search pattern filesize limit: websupport.js
[2026-05-28 13:52:13,384] multiqc                                            [DEBUG  ]  File ignored by ccs/v4 because it exceeded search pattern filesize limit: coverage_profile_along_genes_(low).txt
[2026-05-28 13:52:13,385] multiqc                                            [DEBUG  ]  File ignored by lima/summary because it exceeded search pattern filesize limit: coverage_profile_along_genes_(low).txt
[2026-05-28 13:52:13,387] multiqc                                            [DEBUG  ]  File ignored by longranger/invocation because it exceeded search pattern filesize limit: coverage_profile_along_genes_(low).txt
[2026-05-28 13:52:13,412] multiqc                                            [DEBUG  ]  File ignored by ccs/v4 because it exceeded search pattern filesize limit: coverage_profile_along_genes_(high).txt
[2026-05-28 13:52:13,414] multiqc                                            [DEBUG  ]  File ignored by lima/summary because it exceeded search pattern filesize limit: coverage_profile_along_genes_(high).txt
[2026-05-28 13:52:13,416] multiqc                                            [DEBUG  ]  File ignored by longranger/invocation because it exceeded search pattern filesize limit: coverage_profile_along_genes_(high).txt
[2026-05-28 13:52:13,476] multiqc                                            [DEBUG  ]  File ignored by ccs/v4 because it exceeded search pattern filesize limit: qualimapReport.html
[2026-05-28 13:52:13,477] multiqc                                            [DEBUG  ]  File ignored by hicexplorer because it exceeded search pattern filesize limit: qualimapReport.html
[2026-05-28 13:52:13,477] multiqc                                            [DEBUG  ]  File ignored by lima/summary because it exceeded search pattern filesize limit: qualimapReport.html
[2026-05-28 13:52:13,479] multiqc                                            [DEBUG  ]  File ignored by longranger/invocation because it exceeded search pattern filesize limit: qualimapReport.html
[2026-05-28 13:52:13,486] multiqc                                            [DEBUG  ]  File ignored by nanostat because it exceeded search pattern filesize limit: qualimapReport.html
[2026-05-28 13:52:13,526] multiqc                                            [DEBUG  ]  File ignored by ccs/v4 because it exceeded search pattern filesize limit: agogo.css
[2026-05-28 13:52:13,527] multiqc                                            [DEBUG  ]  File ignored by hicexplorer because it exceeded search pattern filesize limit: agogo.css
[2026-05-28 13:52:13,527] multiqc                                            [DEBUG  ]  File ignored by lima/summary because it exceeded search pattern filesize limit: agogo.css
[2026-05-28 13:52:13,533] multiqc                                            [DEBUG  ]  File ignored by longranger/invocation because it exceeded search pattern filesize limit: agogo.css
[2026-05-28 13:52:13,545] multiqc                                            [DEBUG  ]  File ignored by nanostat because it exceeded search pattern filesize limit: agogo.css
[2026-05-28 13:52:13,655] multiqc                                            [DEBUG  ]  File ignored by ccs/v4 because it exceeded search pattern filesize limit: basic.css
[2026-05-28 13:52:13,656] multiqc                                            [DEBUG  ]  File ignored by hicexplorer because it exceeded search pattern filesize limit: basic.css
[2026-05-28 13:52:13,657] multiqc                                            [DEBUG  ]  File ignored by lima/summary because it exceeded search pattern filesize limit: basic.css
[2026-05-28 13:52:13,658] multiqc                                            [DEBUG  ]  File ignored by longranger/invocation because it exceeded search pattern filesize limit: basic.css
[2026-05-28 13:52:13,670] multiqc                                            [DEBUG  ]  File ignored by nanostat because it exceeded search pattern filesize limit: basic.css
[2026-05-28 13:52:13,682] multiqc                                            [DEBUG  ]  File ignored by ccs/v4 because it exceeded search pattern filesize limit: doctools.js
[2026-05-28 13:52:13,682] multiqc                                            [DEBUG  ]  File ignored by hicexplorer because it exceeded search pattern filesize limit: doctools.js
[2026-05-28 13:52:13,683] multiqc                                            [DEBUG  ]  File ignored by lima/summary because it exceeded search pattern filesize limit: doctools.js
[2026-05-28 13:52:13,685] multiqc                                            [DEBUG  ]  File ignored by longranger/invocation because it exceeded search pattern filesize limit: doctools.js
[2026-05-28 13:52:13,690] multiqc                                            [DEBUG  ]  File ignored by nanostat because it exceeded search pattern filesize limit: doctools.js
[2026-05-28 13:52:13,732] multiqc                                            [DEBUG  ]  File ignored by ccs/v4 because it exceeded search pattern filesize limit: jquery.js
[2026-05-28 13:52:13,733] multiqc                                            [DEBUG  ]  File ignored by hicexplorer because it exceeded search pattern filesize limit: jquery.js
[2026-05-28 13:52:13,734] multiqc                                            [DEBUG  ]  File ignored by lima/summary because it exceeded search pattern filesize limit: jquery.js
[2026-05-28 13:52:13,736] multiqc                                            [DEBUG  ]  File ignored by longranger/invocation because it exceeded search pattern filesize limit: jquery.js
[2026-05-28 13:52:13,744] multiqc                                            [DEBUG  ]  File ignored by nanostat because it exceeded search pattern filesize limit: jquery.js
[2026-05-28 13:52:13,751] multiqc                                            [DEBUG  ]  File ignored by ccs/v4 because it exceeded search pattern filesize limit: pygments.css
[2026-05-28 13:52:13,752] multiqc                                            [DEBUG  ]  File ignored by lima/summary because it exceeded search pattern filesize limit: pygments.css
[2026-05-28 13:52:13,756] multiqc                                            [DEBUG  ]  File ignored by longranger/invocation because it exceeded search pattern filesize limit: pygments.css
[2026-05-28 13:52:13,940] multiqc                                            [DEBUG  ]  File ignored by ccs/v4 because it exceeded search pattern filesize limit: searchtools.js
[2026-05-28 13:52:13,941] multiqc                                            [DEBUG  ]  File ignored by hicexplorer because it exceeded search pattern filesize limit: searchtools.js
[2026-05-28 13:52:13,941] multiqc                                            [DEBUG  ]  File ignored by lima/summary because it exceeded search pattern filesize limit: searchtools.js
[2026-05-28 13:52:13,943] multiqc                                            [DEBUG  ]  File ignored by longranger/invocation because it exceeded search pattern filesize limit: searchtools.js
[2026-05-28 13:52:13,953] multiqc                                            [DEBUG  ]  File ignored by nanostat because it exceeded search pattern filesize limit: searchtools.js
[2026-05-28 13:52:13,964] multiqc                                            [DEBUG  ]  File ignored by ccs/v4 because it exceeded search pattern filesize limit: underscore.js
[2026-05-28 13:52:13,965] multiqc                                            [DEBUG  ]  File ignored by hicexplorer because it exceeded search pattern filesize limit: underscore.js
[2026-05-28 13:52:13,966] multiqc                                            [DEBUG  ]  File ignored by lima/summary because it exceeded search pattern filesize limit: underscore.js
[2026-05-28 13:52:13,967] multiqc                                            [DEBUG  ]  File ignored by longranger/invocation because it exceeded search pattern filesize limit: underscore.js
[2026-05-28 13:52:13,971] multiqc                                            [DEBUG  ]  File ignored by nanostat because it exceeded search pattern filesize limit: underscore.js
[2026-05-28 13:52:14,039] multiqc                                            [DEBUG  ]  File ignored by ccs/v4 because it exceeded search pattern filesize limit: websupport.js
[2026-05-28 13:52:14,040] multiqc                                            [DEBUG  ]  File ignored by hicexplorer because it exceeded search pattern filesize limit: websupport.js
[2026-05-28 13:52:14,040] multiqc                                            [DEBUG  ]  File ignored by lima/summary because it exceeded search pattern filesize limit: websupport.js
[2026-05-28 13:52:14,042] multiqc                                            [DEBUG  ]  File ignored by longranger/invocation because it exceeded search pattern filesize limit: websupport.js
[2026-05-28 13:52:14,057] multiqc                                            [DEBUG  ]  File ignored by nanostat because it exceeded search pattern filesize limit: websupport.js
[2026-05-28 13:52:14,085] multiqc                                            [DEBUG  ]  File ignored by ccs/v4 because it exceeded search pattern filesize limit: coverage_profile_along_genes_(low).txt
[2026-05-28 13:52:14,086] multiqc                                            [DEBUG  ]  File ignored by lima/summary because it exceeded search pattern filesize limit: coverage_profile_along_genes_(low).txt
[2026-05-28 13:52:14,088] multiqc                                            [DEBUG  ]  File ignored by longranger/invocation because it exceeded search pattern filesize limit: coverage_profile_along_genes_(low).txt
[2026-05-28 13:52:14,096] multiqc                                            [DEBUG  ]  File ignored by ccs/v4 because it exceeded search pattern filesize limit: coverage_profile_along_genes_(high).txt
[2026-05-28 13:52:14,097] multiqc                                            [DEBUG  ]  File ignored by lima/summary because it exceeded search pattern filesize limit: coverage_profile_along_genes_(high).txt
[2026-05-28 13:52:14,099] multiqc                                            [DEBUG  ]  File ignored by longranger/invocation because it exceeded search pattern filesize limit: coverage_profile_along_genes_(high).txt
[2026-05-28 13:52:14,126] multiqc                                            [DEBUG  ]  File ignored by ccs/v4 because it exceeded search pattern filesize limit: qualimapReport.html
[2026-05-28 13:52:14,127] multiqc                                            [DEBUG  ]  File ignored by hicexplorer because it exceeded search pattern filesize limit: qualimapReport.html
[2026-05-28 13:52:14,127] multiqc                                            [DEBUG  ]  File ignored by lima/summary because it exceeded search pattern filesize limit: qualimapReport.html
[2026-05-28 13:52:14,129] multiqc                                            [DEBUG  ]  File ignored by longranger/invocation because it exceeded search pattern filesize limit: qualimapReport.html
[2026-05-28 13:52:14,136] multiqc                                            [DEBUG  ]  File ignored by nanostat because it exceeded search pattern filesize limit: qualimapReport.html
[2026-05-28 13:52:14,169] multiqc                                            [DEBUG  ]  File ignored by ccs/v4 because it exceeded search pattern filesize limit: agogo.css
[2026-05-28 13:52:14,170] multiqc                                            [DEBUG  ]  File ignored by hicexplorer because it exceeded search pattern filesize limit: agogo.css
[2026-05-28 13:52:14,170] multiqc                                            [DEBUG  ]  File ignored by lima/summary because it exceeded search pattern filesize limit: agogo.css
[2026-05-28 13:52:14,172] multiqc                                            [DEBUG  ]  File ignored by longranger/invocation because it exceeded search pattern filesize limit: agogo.css
[2026-05-28 13:52:14,181] multiqc                                            [DEBUG  ]  File ignored by nanostat because it exceeded search pattern filesize limit: agogo.css
[2026-05-28 13:52:14,187] multiqc                                            [DEBUG  ]  File ignored by ccs/v4 because it exceeded search pattern filesize limit: basic.css
[2026-05-28 13:52:14,188] multiqc                                            [DEBUG  ]  File ignored by hicexplorer because it exceeded search pattern filesize limit: basic.css
[2026-05-28 13:52:14,188] multiqc                                            [DEBUG  ]  File ignored by lima/summary because it exceeded search pattern filesize limit: basic.css
[2026-05-28 13:52:14,190] multiqc                                            [DEBUG  ]  File ignored by longranger/invocation because it exceeded search pattern filesize limit: basic.css
[2026-05-28 13:52:14,199] multiqc                                            [DEBUG  ]  File ignored by nanostat because it exceeded search pattern filesize limit: basic.css
[2026-05-28 13:52:14,218] multiqc                                            [DEBUG  ]  File ignored by ccs/v4 because it exceeded search pattern filesize limit: doctools.js
[2026-05-28 13:52:14,219] multiqc                                            [DEBUG  ]  File ignored by hicexplorer because it exceeded search pattern filesize limit: doctools.js
[2026-05-28 13:52:14,219] multiqc                                            [DEBUG  ]  File ignored by lima/summary because it exceeded search pattern filesize limit: doctools.js
[2026-05-28 13:52:14,221] multiqc                                            [DEBUG  ]  File ignored by longranger/invocation because it exceeded search pattern filesize limit: doctools.js
[2026-05-28 13:52:14,227] multiqc                                            [DEBUG  ]  File ignored by nanostat because it exceeded search pattern filesize limit: doctools.js
[2026-05-28 13:52:14,310] multiqc                                            [DEBUG  ]  File ignored by ccs/v4 because it exceeded search pattern filesize limit: jquery.js
[2026-05-28 13:52:14,311] multiqc                                            [DEBUG  ]  File ignored by hicexplorer because it exceeded search pattern filesize limit: jquery.js
[2026-05-28 13:52:14,311] multiqc                                            [DEBUG  ]  File ignored by lima/summary because it exceeded search pattern filesize limit: jquery.js
[2026-05-28 13:52:14,313] multiqc                                            [DEBUG  ]  File ignored by longranger/invocation because it exceeded search pattern filesize limit: jquery.js
[2026-05-28 13:52:14,321] multiqc                                            [DEBUG  ]  File ignored by nanostat because it exceeded search pattern filesize limit: jquery.js
[2026-05-28 13:52:14,368] multiqc                                            [DEBUG  ]  File ignored by ccs/v4 because it exceeded search pattern filesize limit: pygments.css
[2026-05-28 13:52:14,370] multiqc                                            [DEBUG  ]  File ignored by lima/summary because it exceeded search pattern filesize limit: pygments.css
[2026-05-28 13:52:14,371] multiqc                                            [DEBUG  ]  File ignored by longranger/invocation because it exceeded search pattern filesize limit: pygments.css
[2026-05-28 13:52:14,406] multiqc                                            [DEBUG  ]  File ignored by ccs/v4 because it exceeded search pattern filesize limit: searchtools.js
[2026-05-28 13:52:14,407] multiqc                                            [DEBUG  ]  File ignored by hicexplorer because it exceeded search pattern filesize limit: searchtools.js
[2026-05-28 13:52:14,407] multiqc                                            [DEBUG  ]  File ignored by lima/summary because it exceeded search pattern filesize limit: searchtools.js
[2026-05-28 13:52:14,409] multiqc                                            [DEBUG  ]  File ignored by longranger/invocation because it exceeded search pattern filesize limit: searchtools.js
[2026-05-28 13:52:14,421] multiqc                                            [DEBUG  ]  File ignored by nanostat because it exceeded search pattern filesize limit: searchtools.js
[2026-05-28 13:52:14,455] multiqc                                            [DEBUG  ]  File ignored by ccs/v4 because it exceeded search pattern filesize limit: underscore.js
[2026-05-28 13:52:14,456] multiqc                                            [DEBUG  ]  File ignored by hicexplorer because it exceeded search pattern filesize limit: underscore.js
[2026-05-28 13:52:14,456] multiqc                                            [DEBUG  ]  File ignored by lima/summary because it exceeded search pattern filesize limit: underscore.js
[2026-05-28 13:52:14,458] multiqc                                            [DEBUG  ]  File ignored by longranger/invocation because it exceeded search pattern filesize limit: underscore.js
[2026-05-28 13:52:14,461] multiqc                                            [DEBUG  ]  File ignored by nanostat because it exceeded search pattern filesize limit: underscore.js
[2026-05-28 13:52:14,470] multiqc                                            [DEBUG  ]  File ignored by ccs/v4 because it exceeded search pattern filesize limit: websupport.js
[2026-05-28 13:52:14,471] multiqc                                            [DEBUG  ]  File ignored by hicexplorer because it exceeded search pattern filesize limit: websupport.js
[2026-05-28 13:52:14,472] multiqc                                            [DEBUG  ]  File ignored by lima/summary because it exceeded search pattern filesize limit: websupport.js
[2026-05-28 13:52:14,474] multiqc                                            [DEBUG  ]  File ignored by longranger/invocation because it exceeded search pattern filesize limit: websupport.js
[2026-05-28 13:52:14,488] multiqc                                            [DEBUG  ]  File ignored by nanostat because it exceeded search pattern filesize limit: websupport.js
[2026-05-28 13:52:14,508] multiqc                                            [DEBUG  ]  File ignored by ccs/v4 because it exceeded search pattern filesize limit: coverage_profile_along_genes_(low).txt
[2026-05-28 13:52:14,510] multiqc                                            [DEBUG  ]  File ignored by lima/summary because it exceeded search pattern filesize limit: coverage_profile_along_genes_(low).txt
[2026-05-28 13:52:14,512] multiqc                                            [DEBUG  ]  File ignored by longranger/invocation because it exceeded search pattern filesize limit: coverage_profile_along_genes_(low).txt
[2026-05-28 13:52:14,541] multiqc                                            [DEBUG  ]  File ignored by ccs/v4 because it exceeded search pattern filesize limit: coverage_profile_along_genes_(high).txt
[2026-05-28 13:52:14,542] multiqc                                            [DEBUG  ]  File ignored by lima/summary because it exceeded search pattern filesize limit: coverage_profile_along_genes_(high).txt
[2026-05-28 13:52:14,544] multiqc                                            [DEBUG  ]  File ignored by longranger/invocation because it exceeded search pattern filesize limit: coverage_profile_along_genes_(high).txt
[2026-05-28 13:52:14,584] multiqc                                            [DEBUG  ]  File ignored by ccs/v4 because it exceeded search pattern filesize limit: qualimapReport.html
[2026-05-28 13:52:14,585] multiqc                                            [DEBUG  ]  File ignored by hicexplorer because it exceeded search pattern filesize limit: qualimapReport.html
[2026-05-28 13:52:14,585] multiqc                                            [DEBUG  ]  File ignored by lima/summary because it exceeded search pattern filesize limit: qualimapReport.html
[2026-05-28 13:52:14,587] multiqc                                            [DEBUG  ]  File ignored by longranger/invocation because it exceeded search pattern filesize limit: qualimapReport.html
[2026-05-28 13:52:14,594] multiqc                                            [DEBUG  ]  File ignored by nanostat because it exceeded search pattern filesize limit: qualimapReport.html
[2026-05-28 13:52:14,617] multiqc                                            [DEBUG  ]  File ignored by ccs/v4 because it exceeded search pattern filesize limit: agogo.css
[2026-05-28 13:52:14,618] multiqc                                            [DEBUG  ]  File ignored by hicexplorer because it exceeded search pattern filesize limit: agogo.css
[2026-05-28 13:52:14,619] multiqc                                            [DEBUG  ]  File ignored by lima/summary because it exceeded search pattern filesize limit: agogo.css
[2026-05-28 13:52:14,621] multiqc                                            [DEBUG  ]  File ignored by longranger/invocation because it exceeded search pattern filesize limit: agogo.css
[2026-05-28 13:52:14,629] multiqc                                            [DEBUG  ]  File ignored by nanostat because it exceeded search pattern filesize limit: agogo.css
[2026-05-28 13:52:14,654] multiqc                                            [DEBUG  ]  File ignored by ccs/v4 because it exceeded search pattern filesize limit: basic.css
[2026-05-28 13:52:14,655] multiqc                                            [DEBUG  ]  File ignored by hicexplorer because it exceeded search pattern filesize limit: basic.css
[2026-05-28 13:52:14,655] multiqc                                            [DEBUG  ]  File ignored by lima/summary because it exceeded search pattern filesize limit: basic.css
[2026-05-28 13:52:14,657] multiqc                                            [DEBUG  ]  File ignored by longranger/invocation because it exceeded search pattern filesize limit: basic.css
[2026-05-28 13:52:14,666] multiqc                                            [DEBUG  ]  File ignored by nanostat because it exceeded search pattern filesize limit: basic.css
[2026-05-28 13:52:14,721] multiqc                                            [DEBUG  ]  File ignored by ccs/v4 because it exceeded search pattern filesize limit: doctools.js
[2026-05-28 13:52:14,722] multiqc                                            [DEBUG  ]  File ignored by hicexplorer because it exceeded search pattern filesize limit: doctools.js
[2026-05-28 13:52:14,722] multiqc                                            [DEBUG  ]  File ignored by lima/summary because it exceeded search pattern filesize limit: doctools.js
[2026-05-28 13:52:14,724] multiqc                                            [DEBUG  ]  File ignored by longranger/invocation because it exceeded search pattern filesize limit: doctools.js
[2026-05-28 13:52:14,731] multiqc                                            [DEBUG  ]  File ignored by nanostat because it exceeded search pattern filesize limit: doctools.js
[2026-05-28 13:52:14,776] multiqc                                            [DEBUG  ]  File ignored by ccs/v4 because it exceeded search pattern filesize limit: jquery.js
[2026-05-28 13:52:14,777] multiqc                                            [DEBUG  ]  File ignored by hicexplorer because it exceeded search pattern filesize limit: jquery.js
[2026-05-28 13:52:14,777] multiqc                                            [DEBUG  ]  File ignored by lima/summary because it exceeded search pattern filesize limit: jquery.js
[2026-05-28 13:52:14,779] multiqc                                            [DEBUG  ]  File ignored by longranger/invocation because it exceeded search pattern filesize limit: jquery.js
[2026-05-28 13:52:14,787] multiqc                                            [DEBUG  ]  File ignored by nanostat because it exceeded search pattern filesize limit: jquery.js
[2026-05-28 13:52:14,884] multiqc                                            [DEBUG  ]  File ignored by ccs/v4 because it exceeded search pattern filesize limit: pygments.css
[2026-05-28 13:52:14,886] multiqc                                            [DEBUG  ]  File ignored by lima/summary because it exceeded search pattern filesize limit: pygments.css
[2026-05-28 13:52:14,890] multiqc                                            [DEBUG  ]  File ignored by longranger/invocation because it exceeded search pattern filesize limit: pygments.css
[2026-05-28 13:52:14,946] multiqc                                            [DEBUG  ]  File ignored by ccs/v4 because it exceeded search pattern filesize limit: searchtools.js
[2026-05-28 13:52:14,947] multiqc                                            [DEBUG  ]  File ignored by hicexplorer because it exceeded search pattern filesize limit: searchtools.js
[2026-05-28 13:52:14,947] multiqc                                            [DEBUG  ]  File ignored by lima/summary because it exceeded search pattern filesize limit: searchtools.js
[2026-05-28 13:52:14,952] multiqc                                            [DEBUG  ]  File ignored by longranger/invocation because it exceeded search pattern filesize limit: searchtools.js
[2026-05-28 13:52:14,964] multiqc                                            [DEBUG  ]  File ignored by nanostat because it exceeded search pattern filesize limit: searchtools.js
[2026-05-28 13:52:15,099] multiqc                                            [DEBUG  ]  File ignored by ccs/v4 because it exceeded search pattern filesize limit: underscore.js
[2026-05-28 13:52:15,101] multiqc                                            [DEBUG  ]  File ignored by hicexplorer because it exceeded search pattern filesize limit: underscore.js
[2026-05-28 13:52:15,101] multiqc                                            [DEBUG  ]  File ignored by lima/summary because it exceeded search pattern filesize limit: underscore.js
[2026-05-28 13:52:15,103] multiqc                                            [DEBUG  ]  File ignored by longranger/invocation because it exceeded search pattern filesize limit: underscore.js
[2026-05-28 13:52:15,110] multiqc                                            [DEBUG  ]  File ignored by nanostat because it exceeded search pattern filesize limit: underscore.js
[2026-05-28 13:52:15,138] multiqc                                            [DEBUG  ]  File ignored by ccs/v4 because it exceeded search pattern filesize limit: websupport.js
[2026-05-28 13:52:15,139] multiqc                                            [DEBUG  ]  File ignored by hicexplorer because it exceeded search pattern filesize limit: websupport.js
[2026-05-28 13:52:15,139] multiqc                                            [DEBUG  ]  File ignored by lima/summary because it exceeded search pattern filesize limit: websupport.js
[2026-05-28 13:52:15,141] multiqc                                            [DEBUG  ]  File ignored by longranger/invocation because it exceeded search pattern filesize limit: websupport.js
[2026-05-28 13:52:15,155] multiqc                                            [DEBUG  ]  File ignored by nanostat because it exceeded search pattern filesize limit: websupport.js
[2026-05-28 13:52:15,175] multiqc                                            [DEBUG  ]  File ignored by ccs/v4 because it exceeded search pattern filesize limit: coverage_profile_along_genes_(low).txt
[2026-05-28 13:52:15,176] multiqc                                            [DEBUG  ]  File ignored by lima/summary because it exceeded search pattern filesize limit: coverage_profile_along_genes_(low).txt
[2026-05-28 13:52:15,178] multiqc                                            [DEBUG  ]  File ignored by longranger/invocation because it exceeded search pattern filesize limit: coverage_profile_along_genes_(low).txt
[2026-05-28 13:52:15,187] multiqc                                            [DEBUG  ]  File ignored by ccs/v4 because it exceeded search pattern filesize limit: coverage_profile_along_genes_(high).txt
[2026-05-28 13:52:15,188] multiqc                                            [DEBUG  ]  File ignored by lima/summary because it exceeded search pattern filesize limit: coverage_profile_along_genes_(high).txt
[2026-05-28 13:52:15,190] multiqc                                            [DEBUG  ]  File ignored by longranger/invocation because it exceeded search pattern filesize limit: coverage_profile_along_genes_(high).txt
[2026-05-28 13:52:15,224] multiqc                                            [DEBUG  ]  File ignored by ccs/v4 because it exceeded search pattern filesize limit: qualimapReport.html
[2026-05-28 13:52:15,225] multiqc                                            [DEBUG  ]  File ignored by hicexplorer because it exceeded search pattern filesize limit: qualimapReport.html
[2026-05-28 13:52:15,226] multiqc                                            [DEBUG  ]  File ignored by lima/summary because it exceeded search pattern filesize limit: qualimapReport.html
[2026-05-28 13:52:15,227] multiqc                                            [DEBUG  ]  File ignored by longranger/invocation because it exceeded search pattern filesize limit: qualimapReport.html
[2026-05-28 13:52:15,235] multiqc                                            [DEBUG  ]  File ignored by nanostat because it exceeded search pattern filesize limit: qualimapReport.html
[2026-05-28 13:52:15,341] multiqc                                            [DEBUG  ]  File ignored by ccs/v4 because it exceeded search pattern filesize limit: agogo.css
[2026-05-28 13:52:15,342] multiqc                                            [DEBUG  ]  File ignored by hicexplorer because it exceeded search pattern filesize limit: agogo.css
[2026-05-28 13:52:15,342] multiqc                                            [DEBUG  ]  File ignored by lima/summary because it exceeded search pattern filesize limit: agogo.css
[2026-05-28 13:52:15,345] multiqc                                            [DEBUG  ]  File ignored by longranger/invocation because it exceeded search pattern filesize limit: agogo.css
[2026-05-28 13:52:15,354] multiqc                                            [DEBUG  ]  File ignored by nanostat because it exceeded search pattern filesize limit: agogo.css
[2026-05-28 13:52:15,375] multiqc                                            [DEBUG  ]  File ignored by ccs/v4 because it exceeded search pattern filesize limit: basic.css
[2026-05-28 13:52:15,376] multiqc                                            [DEBUG  ]  File ignored by hicexplorer because it exceeded search pattern filesize limit: basic.css
[2026-05-28 13:52:15,376] multiqc                                            [DEBUG  ]  File ignored by lima/summary because it exceeded search pattern filesize limit: basic.css
[2026-05-28 13:52:15,378] multiqc                                            [DEBUG  ]  File ignored by longranger/invocation because it exceeded search pattern filesize limit: basic.css
[2026-05-28 13:52:15,388] multiqc                                            [DEBUG  ]  File ignored by nanostat because it exceeded search pattern filesize limit: basic.css
[2026-05-28 13:52:15,463] multiqc                                            [DEBUG  ]  File ignored by ccs/v4 because it exceeded search pattern filesize limit: doctools.js
[2026-05-28 13:52:15,464] multiqc                                            [DEBUG  ]  File ignored by hicexplorer because it exceeded search pattern filesize limit: doctools.js
[2026-05-28 13:52:15,464] multiqc                                            [DEBUG  ]  File ignored by lima/summary because it exceeded search pattern filesize limit: doctools.js
[2026-05-28 13:52:15,466] multiqc                                            [DEBUG  ]  File ignored by longranger/invocation because it exceeded search pattern filesize limit: doctools.js
[2026-05-28 13:52:15,472] multiqc                                            [DEBUG  ]  File ignored by nanostat because it exceeded search pattern filesize limit: doctools.js
[2026-05-28 13:52:15,550] multiqc                                            [DEBUG  ]  File ignored by ccs/v4 because it exceeded search pattern filesize limit: jquery.js
[2026-05-28 13:52:15,551] multiqc                                            [DEBUG  ]  File ignored by hicexplorer because it exceeded search pattern filesize limit: jquery.js
[2026-05-28 13:52:15,551] multiqc                                            [DEBUG  ]  File ignored by lima/summary because it exceeded search pattern filesize limit: jquery.js
[2026-05-28 13:52:15,553] multiqc                                            [DEBUG  ]  File ignored by longranger/invocation because it exceeded search pattern filesize limit: jquery.js
[2026-05-28 13:52:15,561] multiqc                                            [DEBUG  ]  File ignored by nanostat because it exceeded search pattern filesize limit: jquery.js
[2026-05-28 13:52:15,585] multiqc                                            [DEBUG  ]  File ignored by ccs/v4 because it exceeded search pattern filesize limit: pygments.css
[2026-05-28 13:52:15,586] multiqc                                            [DEBUG  ]  File ignored by lima/summary because it exceeded search pattern filesize limit: pygments.css
[2026-05-28 13:52:15,588] multiqc                                            [DEBUG  ]  File ignored by longranger/invocation because it exceeded search pattern filesize limit: pygments.css
[2026-05-28 13:52:15,611] multiqc                                            [DEBUG  ]  File ignored by ccs/v4 because it exceeded search pattern filesize limit: searchtools.js
[2026-05-28 13:52:15,612] multiqc                                            [DEBUG  ]  File ignored by hicexplorer because it exceeded search pattern filesize limit: searchtools.js
[2026-05-28 13:52:15,612] multiqc                                            [DEBUG  ]  File ignored by lima/summary because it exceeded search pattern filesize limit: searchtools.js
[2026-05-28 13:52:15,614] multiqc                                            [DEBUG  ]  File ignored by longranger/invocation because it exceeded search pattern filesize limit: searchtools.js
[2026-05-28 13:52:15,624] multiqc                                            [DEBUG  ]  File ignored by nanostat because it exceeded search pattern filesize limit: searchtools.js
[2026-05-28 13:52:15,663] multiqc                                            [DEBUG  ]  File ignored by ccs/v4 because it exceeded search pattern filesize limit: underscore.js
[2026-05-28 13:52:15,664] multiqc                                            [DEBUG  ]  File ignored by hicexplorer because it exceeded search pattern filesize limit: underscore.js
[2026-05-28 13:52:15,664] multiqc                                            [DEBUG  ]  File ignored by lima/summary because it exceeded search pattern filesize limit: underscore.js
[2026-05-28 13:52:15,666] multiqc                                            [DEBUG  ]  File ignored by longranger/invocation because it exceeded search pattern filesize limit: underscore.js
[2026-05-28 13:52:15,670] multiqc                                            [DEBUG  ]  File ignored by nanostat because it exceeded search pattern filesize limit: underscore.js
[2026-05-28 13:52:15,681] multiqc                                            [DEBUG  ]  File ignored by ccs/v4 because it exceeded search pattern filesize limit: websupport.js
[2026-05-28 13:52:15,682] multiqc                                            [DEBUG  ]  File ignored by hicexplorer because it exceeded search pattern filesize limit: websupport.js
[2026-05-28 13:52:15,682] multiqc                                            [DEBUG  ]  File ignored by lima/summary because it exceeded search pattern filesize limit: websupport.js
[2026-05-28 13:52:15,684] multiqc                                            [DEBUG  ]  File ignored by longranger/invocation because it exceeded search pattern filesize limit: websupport.js
[2026-05-28 13:52:15,700] multiqc                                            [DEBUG  ]  File ignored by nanostat because it exceeded search pattern filesize limit: websupport.js
[2026-05-28 13:52:15,728] multiqc                                            [DEBUG  ]  File ignored by ccs/v4 because it exceeded search pattern filesize limit: coverage_profile_along_genes_(low).txt
[2026-05-28 13:52:15,733] multiqc                                            [DEBUG  ]  File ignored by lima/summary because it exceeded search pattern filesize limit: coverage_profile_along_genes_(low).txt
[2026-05-28 13:52:15,735] multiqc                                            [DEBUG  ]  File ignored by longranger/invocation because it exceeded search pattern filesize limit: coverage_profile_along_genes_(low).txt
[2026-05-28 13:52:15,760] multiqc                                            [DEBUG  ]  File ignored by ccs/v4 because it exceeded search pattern filesize limit: coverage_profile_along_genes_(high).txt
[2026-05-28 13:52:15,761] multiqc                                            [DEBUG  ]  File ignored by lima/summary because it exceeded search pattern filesize limit: coverage_profile_along_genes_(high).txt
[2026-05-28 13:52:15,763] multiqc                                            [DEBUG  ]  File ignored by longranger/invocation because it exceeded search pattern filesize limit: coverage_profile_along_genes_(high).txt
[2026-05-28 13:52:15,855] multiqc                                            [DEBUG  ]  File ignored by ccs/v4 because it exceeded search pattern filesize limit: qualimapReport.html
[2026-05-28 13:52:15,856] multiqc                                            [DEBUG  ]  File ignored by hicexplorer because it exceeded search pattern filesize limit: qualimapReport.html
[2026-05-28 13:52:15,856] multiqc                                            [DEBUG  ]  File ignored by lima/summary because it exceeded search pattern filesize limit: qualimapReport.html
[2026-05-28 13:52:15,858] multiqc                                            [DEBUG  ]  File ignored by longranger/invocation because it exceeded search pattern filesize limit: qualimapReport.html
[2026-05-28 13:52:15,865] multiqc                                            [DEBUG  ]  File ignored by nanostat because it exceeded search pattern filesize limit: qualimapReport.html
[2026-05-28 13:52:15,894] multiqc                                            [DEBUG  ]  File ignored by ccs/v4 because it exceeded search pattern filesize limit: agogo.css
[2026-05-28 13:52:15,895] multiqc                                            [DEBUG  ]  File ignored by hicexplorer because it exceeded search pattern filesize limit: agogo.css
[2026-05-28 13:52:15,895] multiqc                                            [DEBUG  ]  File ignored by lima/summary because it exceeded search pattern filesize limit: agogo.css
[2026-05-28 13:52:15,897] multiqc                                            [DEBUG  ]  File ignored by longranger/invocation because it exceeded search pattern filesize limit: agogo.css
[2026-05-28 13:52:15,905] multiqc                                            [DEBUG  ]  File ignored by nanostat because it exceeded search pattern filesize limit: agogo.css
[2026-05-28 13:52:15,914] multiqc                                            [DEBUG  ]  File ignored by ccs/v4 because it exceeded search pattern filesize limit: basic.css
[2026-05-28 13:52:15,915] multiqc                                            [DEBUG  ]  File ignored by hicexplorer because it exceeded search pattern filesize limit: basic.css
[2026-05-28 13:52:15,915] multiqc                                            [DEBUG  ]  File ignored by lima/summary because it exceeded search pattern filesize limit: basic.css
[2026-05-28 13:52:15,917] multiqc                                            [DEBUG  ]  File ignored by longranger/invocation because it exceeded search pattern filesize limit: basic.css
[2026-05-28 13:52:15,926] multiqc                                            [DEBUG  ]  File ignored by nanostat because it exceeded search pattern filesize limit: basic.css
[2026-05-28 13:52:15,956] multiqc                                            [DEBUG  ]  File ignored by ccs/v4 because it exceeded search pattern filesize limit: doctools.js
[2026-05-28 13:52:15,957] multiqc                                            [DEBUG  ]  File ignored by hicexplorer because it exceeded search pattern filesize limit: doctools.js
[2026-05-28 13:52:15,957] multiqc                                            [DEBUG  ]  File ignored by lima/summary because it exceeded search pattern filesize limit: doctools.js
[2026-05-28 13:52:15,959] multiqc                                            [DEBUG  ]  File ignored by longranger/invocation because it exceeded search pattern filesize limit: doctools.js
[2026-05-28 13:52:15,965] multiqc                                            [DEBUG  ]  File ignored by nanostat because it exceeded search pattern filesize limit: doctools.js
[2026-05-28 13:52:15,992] multiqc                                            [DEBUG  ]  File ignored by ccs/v4 because it exceeded search pattern filesize limit: jquery.js
[2026-05-28 13:52:15,994] multiqc                                            [DEBUG  ]  File ignored by hicexplorer because it exceeded search pattern filesize limit: jquery.js
[2026-05-28 13:52:15,994] multiqc                                            [DEBUG  ]  File ignored by lima/summary because it exceeded search pattern filesize limit: jquery.js
[2026-05-28 13:52:15,996] multiqc                                            [DEBUG  ]  File ignored by longranger/invocation because it exceeded search pattern filesize limit: jquery.js
[2026-05-28 13:52:16,003] multiqc                                            [DEBUG  ]  File ignored by nanostat because it exceeded search pattern filesize limit: jquery.js
[2026-05-28 13:52:16,062] multiqc                                            [DEBUG  ]  File ignored by ccs/v4 because it exceeded search pattern filesize limit: pygments.css
[2026-05-28 13:52:16,063] multiqc                                            [DEBUG  ]  File ignored by lima/summary because it exceeded search pattern filesize limit: pygments.css
[2026-05-28 13:52:16,067] multiqc                                            [DEBUG  ]  File ignored by longranger/invocation because it exceeded search pattern filesize limit: pygments.css
[2026-05-28 13:52:16,159] multiqc                                            [DEBUG  ]  File ignored by ccs/v4 because it exceeded search pattern filesize limit: searchtools.js
[2026-05-28 13:52:16,160] multiqc                                            [DEBUG  ]  File ignored by hicexplorer because it exceeded search pattern filesize limit: searchtools.js
[2026-05-28 13:52:16,160] multiqc                                            [DEBUG  ]  File ignored by lima/summary because it exceeded search pattern filesize limit: searchtools.js
[2026-05-28 13:52:16,162] multiqc                                            [DEBUG  ]  File ignored by longranger/invocation because it exceeded search pattern filesize limit: searchtools.js
[2026-05-28 13:52:16,172] multiqc                                            [DEBUG  ]  File ignored by nanostat because it exceeded search pattern filesize limit: searchtools.js
[2026-05-28 13:52:16,201] multiqc                                            [DEBUG  ]  File ignored by ccs/v4 because it exceeded search pattern filesize limit: underscore.js
[2026-05-28 13:52:16,202] multiqc                                            [DEBUG  ]  File ignored by hicexplorer because it exceeded search pattern filesize limit: underscore.js
[2026-05-28 13:52:16,202] multiqc                                            [DEBUG  ]  File ignored by lima/summary because it exceeded search pattern filesize limit: underscore.js
[2026-05-28 13:52:16,204] multiqc                                            [DEBUG  ]  File ignored by longranger/invocation because it exceeded search pattern filesize limit: underscore.js
[2026-05-28 13:52:16,208] multiqc                                            [DEBUG  ]  File ignored by nanostat because it exceeded search pattern filesize limit: underscore.js
[2026-05-28 13:52:16,233] multiqc                                            [DEBUG  ]  File ignored by ccs/v4 because it exceeded search pattern filesize limit: websupport.js
[2026-05-28 13:52:16,234] multiqc                                            [DEBUG  ]  File ignored by hicexplorer because it exceeded search pattern filesize limit: websupport.js
[2026-05-28 13:52:16,234] multiqc                                            [DEBUG  ]  File ignored by lima/summary because it exceeded search pattern filesize limit: websupport.js
[2026-05-28 13:52:16,236] multiqc                                            [DEBUG  ]  File ignored by longranger/invocation because it exceeded search pattern filesize limit: websupport.js
[2026-05-28 13:52:16,250] multiqc                                            [DEBUG  ]  File ignored by nanostat because it exceeded search pattern filesize limit: websupport.js
[2026-05-28 13:52:16,285] multiqc                                            [DEBUG  ]  File ignored by ccs/v4 because it exceeded search pattern filesize limit: coverage_profile_along_genes_(low).txt
[2026-05-28 13:52:16,286] multiqc                                            [DEBUG  ]  File ignored by lima/summary because it exceeded search pattern filesize limit: coverage_profile_along_genes_(low).txt
[2026-05-28 13:52:16,288] multiqc                                            [DEBUG  ]  File ignored by longranger/invocation because it exceeded search pattern filesize limit: coverage_profile_along_genes_(low).txt
[2026-05-28 13:52:16,343] multiqc                                            [DEBUG  ]  File ignored by ccs/v4 because it exceeded search pattern filesize limit: coverage_profile_along_genes_(high).txt
[2026-05-28 13:52:16,344] multiqc                                            [DEBUG  ]  File ignored by lima/summary because it exceeded search pattern filesize limit: coverage_profile_along_genes_(high).txt
[2026-05-28 13:52:16,347] multiqc                                            [DEBUG  ]  File ignored by longranger/invocation because it exceeded search pattern filesize limit: coverage_profile_along_genes_(high).txt
[2026-05-28 13:52:16,381] multiqc                                            [DEBUG  ]  File ignored by ccs/v4 because it exceeded search pattern filesize limit: qualimapReport.html
[2026-05-28 13:52:16,382] multiqc                                            [DEBUG  ]  File ignored by hicexplorer because it exceeded search pattern filesize limit: qualimapReport.html
[2026-05-28 13:52:16,382] multiqc                                            [DEBUG  ]  File ignored by lima/summary because it exceeded search pattern filesize limit: qualimapReport.html
[2026-05-28 13:52:16,384] multiqc                                            [DEBUG  ]  File ignored by longranger/invocation because it exceeded search pattern filesize limit: qualimapReport.html
[2026-05-28 13:52:16,391] multiqc                                            [DEBUG  ]  File ignored by nanostat because it exceeded search pattern filesize limit: qualimapReport.html
[2026-05-28 13:52:16,421] multiqc                                            [DEBUG  ]  File ignored by ccs/v4 because it exceeded search pattern filesize limit: agogo.css
[2026-05-28 13:52:16,422] multiqc                                            [DEBUG  ]  File ignored by hicexplorer because it exceeded search pattern filesize limit: agogo.css
[2026-05-28 13:52:16,422] multiqc                                            [DEBUG  ]  File ignored by lima/summary because it exceeded search pattern filesize limit: agogo.css
[2026-05-28 13:52:16,427] multiqc                                            [DEBUG  ]  File ignored by longranger/invocation because it exceeded search pattern filesize limit: agogo.css
[2026-05-28 13:52:16,436] multiqc                                            [DEBUG  ]  File ignored by nanostat because it exceeded search pattern filesize limit: agogo.css
[2026-05-28 13:52:16,469] multiqc                                            [DEBUG  ]  File ignored by ccs/v4 because it exceeded search pattern filesize limit: basic.css
[2026-05-28 13:52:16,470] multiqc                                            [DEBUG  ]  File ignored by hicexplorer because it exceeded search pattern filesize limit: basic.css
[2026-05-28 13:52:16,470] multiqc                                            [DEBUG  ]  File ignored by lima/summary because it exceeded search pattern filesize limit: basic.css
[2026-05-28 13:52:16,472] multiqc                                            [DEBUG  ]  File ignored by longranger/invocation because it exceeded search pattern filesize limit: basic.css
[2026-05-28 13:52:16,482] multiqc                                            [DEBUG  ]  File ignored by nanostat because it exceeded search pattern filesize limit: basic.css
[2026-05-28 13:52:16,505] multiqc                                            [DEBUG  ]  File ignored by ccs/v4 because it exceeded search pattern filesize limit: doctools.js
[2026-05-28 13:52:16,506] multiqc                                            [DEBUG  ]  File ignored by hicexplorer because it exceeded search pattern filesize limit: doctools.js
[2026-05-28 13:52:16,506] multiqc                                            [DEBUG  ]  File ignored by lima/summary because it exceeded search pattern filesize limit: doctools.js
[2026-05-28 13:52:16,508] multiqc                                            [DEBUG  ]  File ignored by longranger/invocation because it exceeded search pattern filesize limit: doctools.js
[2026-05-28 13:52:16,514] multiqc                                            [DEBUG  ]  File ignored by nanostat because it exceeded search pattern filesize limit: doctools.js
[2026-05-28 13:52:16,562] multiqc                                            [DEBUG  ]  File ignored by ccs/v4 because it exceeded search pattern filesize limit: jquery.js
[2026-05-28 13:52:16,563] multiqc                                            [DEBUG  ]  File ignored by hicexplorer because it exceeded search pattern filesize limit: jquery.js
[2026-05-28 13:52:16,564] multiqc                                            [DEBUG  ]  File ignored by lima/summary because it exceeded search pattern filesize limit: jquery.js
[2026-05-28 13:52:16,566] multiqc                                            [DEBUG  ]  File ignored by longranger/invocation because it exceeded search pattern filesize limit: jquery.js
[2026-05-28 13:52:16,574] multiqc                                            [DEBUG  ]  File ignored by nanostat because it exceeded search pattern filesize limit: jquery.js
[2026-05-28 13:52:16,590] multiqc                                            [DEBUG  ]  File ignored by ccs/v4 because it exceeded search pattern filesize limit: pygments.css
[2026-05-28 13:52:16,591] multiqc                                            [DEBUG  ]  File ignored by lima/summary because it exceeded search pattern filesize limit: pygments.css
[2026-05-28 13:52:16,593] multiqc                                            [DEBUG  ]  File ignored by longranger/invocation because it exceeded search pattern filesize limit: pygments.css
[2026-05-28 13:52:16,626] multiqc                                            [DEBUG  ]  File ignored by ccs/v4 because it exceeded search pattern filesize limit: searchtools.js
[2026-05-28 13:52:16,627] multiqc                                            [DEBUG  ]  File ignored by hicexplorer because it exceeded search pattern filesize limit: searchtools.js
[2026-05-28 13:52:16,628] multiqc                                            [DEBUG  ]  File ignored by lima/summary because it exceeded search pattern filesize limit: searchtools.js
[2026-05-28 13:52:16,629] multiqc                                            [DEBUG  ]  File ignored by longranger/invocation because it exceeded search pattern filesize limit: searchtools.js
[2026-05-28 13:52:16,650] multiqc                                            [DEBUG  ]  File ignored by nanostat because it exceeded search pattern filesize limit: searchtools.js
[2026-05-28 13:52:16,674] multiqc                                            [DEBUG  ]  File ignored by ccs/v4 because it exceeded search pattern filesize limit: underscore.js
[2026-05-28 13:52:16,675] multiqc                                            [DEBUG  ]  File ignored by hicexplorer because it exceeded search pattern filesize limit: underscore.js
[2026-05-28 13:52:16,675] multiqc                                            [DEBUG  ]  File ignored by lima/summary because it exceeded search pattern filesize limit: underscore.js
[2026-05-28 13:52:16,677] multiqc                                            [DEBUG  ]  File ignored by longranger/invocation because it exceeded search pattern filesize limit: underscore.js
[2026-05-28 13:52:16,680] multiqc                                            [DEBUG  ]  File ignored by nanostat because it exceeded search pattern filesize limit: underscore.js
[2026-05-28 13:52:16,776] multiqc                                            [DEBUG  ]  File ignored by ccs/v4 because it exceeded search pattern filesize limit: websupport.js
[2026-05-28 13:52:16,777] multiqc                                            [DEBUG  ]  File ignored by hicexplorer because it exceeded search pattern filesize limit: websupport.js
[2026-05-28 13:52:16,777] multiqc                                            [DEBUG  ]  File ignored by lima/summary because it exceeded search pattern filesize limit: websupport.js
[2026-05-28 13:52:16,779] multiqc                                            [DEBUG  ]  File ignored by longranger/invocation because it exceeded search pattern filesize limit: websupport.js
[2026-05-28 13:52:16,793] multiqc                                            [DEBUG  ]  File ignored by nanostat because it exceeded search pattern filesize limit: websupport.js
[2026-05-28 13:52:16,876] multiqc                                            [DEBUG  ]  File ignored by ccs/v4 because it exceeded search pattern filesize limit: coverage_profile_along_genes_(low).txt
[2026-05-28 13:52:16,877] multiqc                                            [DEBUG  ]  File ignored by lima/summary because it exceeded search pattern filesize limit: coverage_profile_along_genes_(low).txt
[2026-05-28 13:52:16,879] multiqc                                            [DEBUG  ]  File ignored by longranger/invocation because it exceeded search pattern filesize limit: coverage_profile_along_genes_(low).txt
[2026-05-28 13:52:16,916] multiqc                                            [DEBUG  ]  File ignored by ccs/v4 because it exceeded search pattern filesize limit: coverage_profile_along_genes_(high).txt
[2026-05-28 13:52:16,918] multiqc                                            [DEBUG  ]  File ignored by lima/summary because it exceeded search pattern filesize limit: coverage_profile_along_genes_(high).txt
[2026-05-28 13:52:16,922] multiqc                                            [DEBUG  ]  File ignored by longranger/invocation because it exceeded search pattern filesize limit: coverage_profile_along_genes_(high).txt
[2026-05-28 13:52:16,995] multiqc                                            [DEBUG  ]  File ignored by ccs/v4 because it exceeded search pattern filesize limit: qualimapReport.html
[2026-05-28 13:52:16,996] multiqc                                            [DEBUG  ]  File ignored by hicexplorer because it exceeded search pattern filesize limit: qualimapReport.html
[2026-05-28 13:52:16,996] multiqc                                            [DEBUG  ]  File ignored by lima/summary because it exceeded search pattern filesize limit: qualimapReport.html
[2026-05-28 13:52:16,998] multiqc                                            [DEBUG  ]  File ignored by longranger/invocation because it exceeded search pattern filesize limit: qualimapReport.html
[2026-05-28 13:52:17,005] multiqc                                            [DEBUG  ]  File ignored by nanostat because it exceeded search pattern filesize limit: qualimapReport.html
[2026-05-28 13:52:17,017] multiqc                                            [DEBUG  ]  File ignored by ccs/v4 because it exceeded search pattern filesize limit: agogo.css
[2026-05-28 13:52:17,018] multiqc                                            [DEBUG  ]  File ignored by hicexplorer because it exceeded search pattern filesize limit: agogo.css
[2026-05-28 13:52:17,018] multiqc                                            [DEBUG  ]  File ignored by lima/summary because it exceeded search pattern filesize limit: agogo.css
[2026-05-28 13:52:17,020] multiqc                                            [DEBUG  ]  File ignored by longranger/invocation because it exceeded search pattern filesize limit: agogo.css
[2026-05-28 13:52:17,029] multiqc                                            [DEBUG  ]  File ignored by nanostat because it exceeded search pattern filesize limit: agogo.css
[2026-05-28 13:52:17,076] multiqc                                            [DEBUG  ]  File ignored by ccs/v4 because it exceeded search pattern filesize limit: basic.css
[2026-05-28 13:52:17,077] multiqc                                            [DEBUG  ]  File ignored by hicexplorer because it exceeded search pattern filesize limit: basic.css
[2026-05-28 13:52:17,077] multiqc                                            [DEBUG  ]  File ignored by lima/summary because it exceeded search pattern filesize limit: basic.css
[2026-05-28 13:52:17,080] multiqc                                            [DEBUG  ]  File ignored by longranger/invocation because it exceeded search pattern filesize limit: basic.css
[2026-05-28 13:52:17,089] multiqc                                            [DEBUG  ]  File ignored by nanostat because it exceeded search pattern filesize limit: basic.css
[2026-05-28 13:52:17,124] multiqc                                            [DEBUG  ]  File ignored by ccs/v4 because it exceeded search pattern filesize limit: doctools.js
[2026-05-28 13:52:17,125] multiqc                                            [DEBUG  ]  File ignored by hicexplorer because it exceeded search pattern filesize limit: doctools.js
[2026-05-28 13:52:17,125] multiqc                                            [DEBUG  ]  File ignored by lima/summary because it exceeded search pattern filesize limit: doctools.js
[2026-05-28 13:52:17,127] multiqc                                            [DEBUG  ]  File ignored by longranger/invocation because it exceeded search pattern filesize limit: doctools.js
[2026-05-28 13:52:17,133] multiqc                                            [DEBUG  ]  File ignored by nanostat because it exceeded search pattern filesize limit: doctools.js
[2026-05-28 13:52:17,165] multiqc                                            [DEBUG  ]  File ignored by ccs/v4 because it exceeded search pattern filesize limit: jquery.js
[2026-05-28 13:52:17,166] multiqc                                            [DEBUG  ]  File ignored by hicexplorer because it exceeded search pattern filesize limit: jquery.js
[2026-05-28 13:52:17,166] multiqc                                            [DEBUG  ]  File ignored by lima/summary because it exceeded search pattern filesize limit: jquery.js
[2026-05-28 13:52:17,168] multiqc                                            [DEBUG  ]  File ignored by longranger/invocation because it exceeded search pattern filesize limit: jquery.js
[2026-05-28 13:52:17,176] multiqc                                            [DEBUG  ]  File ignored by nanostat because it exceeded search pattern filesize limit: jquery.js
[2026-05-28 13:52:17,194] multiqc                                            [DEBUG  ]  File ignored by ccs/v4 because it exceeded search pattern filesize limit: pygments.css
[2026-05-28 13:52:17,195] multiqc                                            [DEBUG  ]  File ignored by lima/summary because it exceeded search pattern filesize limit: pygments.css
[2026-05-28 13:52:17,197] multiqc                                            [DEBUG  ]  File ignored by longranger/invocation because it exceeded search pattern filesize limit: pygments.css
[2026-05-28 13:52:17,250] multiqc                                            [DEBUG  ]  File ignored by ccs/v4 because it exceeded search pattern filesize limit: searchtools.js
[2026-05-28 13:52:17,255] multiqc                                            [DEBUG  ]  File ignored by hicexplorer because it exceeded search pattern filesize limit: searchtools.js
[2026-05-28 13:52:17,255] multiqc                                            [DEBUG  ]  File ignored by lima/summary because it exceeded search pattern filesize limit: searchtools.js
[2026-05-28 13:52:17,257] multiqc                                            [DEBUG  ]  File ignored by longranger/invocation because it exceeded search pattern filesize limit: searchtools.js
[2026-05-28 13:52:17,267] multiqc                                            [DEBUG  ]  File ignored by nanostat because it exceeded search pattern filesize limit: searchtools.js
[2026-05-28 13:52:17,288] multiqc                                            [DEBUG  ]  File ignored by ccs/v4 because it exceeded search pattern filesize limit: underscore.js
[2026-05-28 13:52:17,289] multiqc                                            [DEBUG  ]  File ignored by hicexplorer because it exceeded search pattern filesize limit: underscore.js
[2026-05-28 13:52:17,289] multiqc                                            [DEBUG  ]  File ignored by lima/summary because it exceeded search pattern filesize limit: underscore.js
[2026-05-28 13:52:17,291] multiqc                                            [DEBUG  ]  File ignored by longranger/invocation because it exceeded search pattern filesize limit: underscore.js
[2026-05-28 13:52:17,295] multiqc                                            [DEBUG  ]  File ignored by nanostat because it exceeded search pattern filesize limit: underscore.js
[2026-05-28 13:52:17,312] multiqc                                            [DEBUG  ]  File ignored by ccs/v4 because it exceeded search pattern filesize limit: websupport.js
[2026-05-28 13:52:17,313] multiqc                                            [DEBUG  ]  File ignored by hicexplorer because it exceeded search pattern filesize limit: websupport.js
[2026-05-28 13:52:17,314] multiqc                                            [DEBUG  ]  File ignored by lima/summary because it exceeded search pattern filesize limit: websupport.js
[2026-05-28 13:52:17,315] multiqc                                            [DEBUG  ]  File ignored by longranger/invocation because it exceeded search pattern filesize limit: websupport.js
[2026-05-28 13:52:17,331] multiqc                                            [DEBUG  ]  File ignored by nanostat because it exceeded search pattern filesize limit: websupport.js
[2026-05-28 13:52:17,383] multiqc                                            [DEBUG  ]  File ignored by ccs/v4 because it exceeded search pattern filesize limit: coverage_profile_along_genes_(low).txt
[2026-05-28 13:52:17,384] multiqc                                            [DEBUG  ]  File ignored by lima/summary because it exceeded search pattern filesize limit: coverage_profile_along_genes_(low).txt
[2026-05-28 13:52:17,386] multiqc                                            [DEBUG  ]  File ignored by longranger/invocation because it exceeded search pattern filesize limit: coverage_profile_along_genes_(low).txt
[2026-05-28 13:52:17,394] multiqc                                            [DEBUG  ]  File ignored by ccs/v4 because it exceeded search pattern filesize limit: coverage_profile_along_genes_(high).txt
[2026-05-28 13:52:17,395] multiqc                                            [DEBUG  ]  File ignored by lima/summary because it exceeded search pattern filesize limit: coverage_profile_along_genes_(high).txt
[2026-05-28 13:52:17,397] multiqc                                            [DEBUG  ]  File ignored by longranger/invocation because it exceeded search pattern filesize limit: coverage_profile_along_genes_(high).txt
[2026-05-28 13:52:17,438] multiqc                                            [DEBUG  ]  File ignored by ccs/v4 because it exceeded search pattern filesize limit: qualimapReport.html
[2026-05-28 13:52:17,439] multiqc                                            [DEBUG  ]  File ignored by hicexplorer because it exceeded search pattern filesize limit: qualimapReport.html
[2026-05-28 13:52:17,439] multiqc                                            [DEBUG  ]  File ignored by lima/summary because it exceeded search pattern filesize limit: qualimapReport.html
[2026-05-28 13:52:17,441] multiqc                                            [DEBUG  ]  File ignored by longranger/invocation because it exceeded search pattern filesize limit: qualimapReport.html
[2026-05-28 13:52:17,448] multiqc                                            [DEBUG  ]  File ignored by nanostat because it exceeded search pattern filesize limit: qualimapReport.html
[2026-05-28 13:52:17,483] multiqc                                            [DEBUG  ]  File ignored by ccs/v4 because it exceeded search pattern filesize limit: agogo.css
[2026-05-28 13:52:17,484] multiqc                                            [DEBUG  ]  File ignored by hicexplorer because it exceeded search pattern filesize limit: agogo.css
[2026-05-28 13:52:17,484] multiqc                                            [DEBUG  ]  File ignored by lima/summary because it exceeded search pattern filesize limit: agogo.css
[2026-05-28 13:52:17,486] multiqc                                            [DEBUG  ]  File ignored by longranger/invocation because it exceeded search pattern filesize limit: agogo.css
[2026-05-28 13:52:17,494] multiqc                                            [DEBUG  ]  File ignored by nanostat because it exceeded search pattern filesize limit: agogo.css
[2026-05-28 13:52:17,516] multiqc                                            [DEBUG  ]  File ignored by ccs/v4 because it exceeded search pattern filesize limit: basic.css
[2026-05-28 13:52:17,517] multiqc                                            [DEBUG  ]  File ignored by hicexplorer because it exceeded search pattern filesize limit: basic.css
[2026-05-28 13:52:17,518] multiqc                                            [DEBUG  ]  File ignored by lima/summary because it exceeded search pattern filesize limit: basic.css
[2026-05-28 13:52:17,519] multiqc                                            [DEBUG  ]  File ignored by longranger/invocation because it exceeded search pattern filesize limit: basic.css
[2026-05-28 13:52:17,529] multiqc                                            [DEBUG  ]  File ignored by nanostat because it exceeded search pattern filesize limit: basic.css
[2026-05-28 13:52:17,554] multiqc                                            [DEBUG  ]  File ignored by ccs/v4 because it exceeded search pattern filesize limit: doctools.js
[2026-05-28 13:52:17,555] multiqc                                            [DEBUG  ]  File ignored by hicexplorer because it exceeded search pattern filesize limit: doctools.js
[2026-05-28 13:52:17,556] multiqc                                            [DEBUG  ]  File ignored by lima/summary because it exceeded search pattern filesize limit: doctools.js
[2026-05-28 13:52:17,558] multiqc                                            [DEBUG  ]  File ignored by longranger/invocation because it exceeded search pattern filesize limit: doctools.js
[2026-05-28 13:52:17,572] multiqc                                            [DEBUG  ]  File ignored by nanostat because it exceeded search pattern filesize limit: doctools.js
[2026-05-28 13:52:17,601] multiqc                                            [DEBUG  ]  File ignored by ccs/v4 because it exceeded search pattern filesize limit: jquery.js
[2026-05-28 13:52:17,602] multiqc                                            [DEBUG  ]  File ignored by hicexplorer because it exceeded search pattern filesize limit: jquery.js
[2026-05-28 13:52:17,603] multiqc                                            [DEBUG  ]  File ignored by lima/summary because it exceeded search pattern filesize limit: jquery.js
[2026-05-28 13:52:17,605] multiqc                                            [DEBUG  ]  File ignored by longranger/invocation because it exceeded search pattern filesize limit: jquery.js
[2026-05-28 13:52:17,613] multiqc                                            [DEBUG  ]  File ignored by nanostat because it exceeded search pattern filesize limit: jquery.js
[2026-05-28 13:52:17,644] multiqc                                            [DEBUG  ]  File ignored by ccs/v4 because it exceeded search pattern filesize limit: pygments.css
[2026-05-28 13:52:17,645] multiqc                                            [DEBUG  ]  File ignored by lima/summary because it exceeded search pattern filesize limit: pygments.css
[2026-05-28 13:52:17,647] multiqc                                            [DEBUG  ]  File ignored by longranger/invocation because it exceeded search pattern filesize limit: pygments.css
[2026-05-28 13:52:17,721] multiqc                                            [DEBUG  ]  File ignored by ccs/v4 because it exceeded search pattern filesize limit: searchtools.js
[2026-05-28 13:52:17,722] multiqc                                            [DEBUG  ]  File ignored by hicexplorer because it exceeded search pattern filesize limit: searchtools.js
[2026-05-28 13:52:17,722] multiqc                                            [DEBUG  ]  File ignored by lima/summary because it exceeded search pattern filesize limit: searchtools.js
[2026-05-28 13:52:17,724] multiqc                                            [DEBUG  ]  File ignored by longranger/invocation because it exceeded search pattern filesize limit: searchtools.js
[2026-05-28 13:52:17,734] multiqc                                            [DEBUG  ]  File ignored by nanostat because it exceeded search pattern filesize limit: searchtools.js
[2026-05-28 13:52:17,746] multiqc                                            [DEBUG  ]  File ignored by ccs/v4 because it exceeded search pattern filesize limit: underscore.js
[2026-05-28 13:52:17,747] multiqc                                            [DEBUG  ]  File ignored by hicexplorer because it exceeded search pattern filesize limit: underscore.js
[2026-05-28 13:52:17,747] multiqc                                            [DEBUG  ]  File ignored by lima/summary because it exceeded search pattern filesize limit: underscore.js
[2026-05-28 13:52:17,749] multiqc                                            [DEBUG  ]  File ignored by longranger/invocation because it exceeded search pattern filesize limit: underscore.js
[2026-05-28 13:52:17,754] multiqc                                            [DEBUG  ]  File ignored by nanostat because it exceeded search pattern filesize limit: underscore.js
[2026-05-28 13:52:17,761] multiqc                                            [DEBUG  ]  File ignored by ccs/v4 because it exceeded search pattern filesize limit: websupport.js
[2026-05-28 13:52:17,762] multiqc                                            [DEBUG  ]  File ignored by hicexplorer because it exceeded search pattern filesize limit: websupport.js
[2026-05-28 13:52:17,762] multiqc                                            [DEBUG  ]  File ignored by lima/summary because it exceeded search pattern filesize limit: websupport.js
[2026-05-28 13:52:17,764] multiqc                                            [DEBUG  ]  File ignored by longranger/invocation because it exceeded search pattern filesize limit: websupport.js
[2026-05-28 13:52:17,780] multiqc                                            [DEBUG  ]  File ignored by nanostat because it exceeded search pattern filesize limit: websupport.js
[2026-05-28 13:52:17,818] multiqc                                            [DEBUG  ]  File ignored by ccs/v4 because it exceeded search pattern filesize limit: coverage_profile_along_genes_(low).txt
[2026-05-28 13:52:17,822] multiqc                                            [DEBUG  ]  File ignored by lima/summary because it exceeded search pattern filesize limit: coverage_profile_along_genes_(low).txt
[2026-05-28 13:52:17,824] multiqc                                            [DEBUG  ]  File ignored by longranger/invocation because it exceeded search pattern filesize limit: coverage_profile_along_genes_(low).txt
[2026-05-28 13:52:17,863] multiqc                                            [DEBUG  ]  File ignored by ccs/v4 because it exceeded search pattern filesize limit: coverage_profile_along_genes_(high).txt
[2026-05-28 13:52:17,864] multiqc                                            [DEBUG  ]  File ignored by lima/summary because it exceeded search pattern filesize limit: coverage_profile_along_genes_(high).txt
[2026-05-28 13:52:17,866] multiqc                                            [DEBUG  ]  File ignored by longranger/invocation because it exceeded search pattern filesize limit: coverage_profile_along_genes_(high).txt
[2026-05-28 13:52:17,895] multiqc                                            [DEBUG  ]  File ignored by ccs/v4 because it exceeded search pattern filesize limit: qualimapReport.html
[2026-05-28 13:52:17,896] multiqc                                            [DEBUG  ]  File ignored by hicexplorer because it exceeded search pattern filesize limit: qualimapReport.html
[2026-05-28 13:52:17,896] multiqc                                            [DEBUG  ]  File ignored by lima/summary because it exceeded search pattern filesize limit: qualimapReport.html
[2026-05-28 13:52:17,898] multiqc                                            [DEBUG  ]  File ignored by longranger/invocation because it exceeded search pattern filesize limit: qualimapReport.html
[2026-05-28 13:52:17,905] multiqc                                            [DEBUG  ]  File ignored by nanostat because it exceeded search pattern filesize limit: qualimapReport.html
[2026-05-28 13:52:17,941] multiqc                                            [DEBUG  ]  File ignored by ccs/v4 because it exceeded search pattern filesize limit: agogo.css
[2026-05-28 13:52:17,942] multiqc                                            [DEBUG  ]  File ignored by hicexplorer because it exceeded search pattern filesize limit: agogo.css
[2026-05-28 13:52:17,943] multiqc                                            [DEBUG  ]  File ignored by lima/summary because it exceeded search pattern filesize limit: agogo.css
[2026-05-28 13:52:17,945] multiqc                                            [DEBUG  ]  File ignored by longranger/invocation because it exceeded search pattern filesize limit: agogo.css
[2026-05-28 13:52:17,953] multiqc                                            [DEBUG  ]  File ignored by nanostat because it exceeded search pattern filesize limit: agogo.css
[2026-05-28 13:52:17,961] multiqc                                            [DEBUG  ]  File ignored by ccs/v4 because it exceeded search pattern filesize limit: basic.css
[2026-05-28 13:52:17,962] multiqc                                            [DEBUG  ]  File ignored by hicexplorer because it exceeded search pattern filesize limit: basic.css
[2026-05-28 13:52:17,962] multiqc                                            [DEBUG  ]  File ignored by lima/summary because it exceeded search pattern filesize limit: basic.css
[2026-05-28 13:52:17,964] multiqc                                            [DEBUG  ]  File ignored by longranger/invocation because it exceeded search pattern filesize limit: basic.css
[2026-05-28 13:52:17,976] multiqc                                            [DEBUG  ]  File ignored by nanostat because it exceeded search pattern filesize limit: basic.css
[2026-05-28 13:52:17,988] multiqc                                            [DEBUG  ]  File ignored by ccs/v4 because it exceeded search pattern filesize limit: doctools.js
[2026-05-28 13:52:17,989] multiqc                                            [DEBUG  ]  File ignored by hicexplorer because it exceeded search pattern filesize limit: doctools.js
[2026-05-28 13:52:17,989] multiqc                                            [DEBUG  ]  File ignored by lima/summary because it exceeded search pattern filesize limit: doctools.js
[2026-05-28 13:52:17,991] multiqc                                            [DEBUG  ]  File ignored by longranger/invocation because it exceeded search pattern filesize limit: doctools.js
[2026-05-28 13:52:17,996] multiqc                                            [DEBUG  ]  File ignored by nanostat because it exceeded search pattern filesize limit: doctools.js
[2026-05-28 13:52:18,075] multiqc                                            [DEBUG  ]  File ignored by ccs/v4 because it exceeded search pattern filesize limit: jquery.js
[2026-05-28 13:52:18,076] multiqc                                            [DEBUG  ]  File ignored by hicexplorer because it exceeded search pattern filesize limit: jquery.js
[2026-05-28 13:52:18,077] multiqc                                            [DEBUG  ]  File ignored by lima/summary because it exceeded search pattern filesize limit: jquery.js
[2026-05-28 13:52:18,079] multiqc                                            [DEBUG  ]  File ignored by longranger/invocation because it exceeded search pattern filesize limit: jquery.js
[2026-05-28 13:52:18,091] multiqc                                            [DEBUG  ]  File ignored by nanostat because it exceeded search pattern filesize limit: jquery.js
[2026-05-28 13:52:18,098] multiqc                                            [DEBUG  ]  File ignored by ccs/v4 because it exceeded search pattern filesize limit: pygments.css
[2026-05-28 13:52:18,099] multiqc                                            [DEBUG  ]  File ignored by lima/summary because it exceeded search pattern filesize limit: pygments.css
[2026-05-28 13:52:18,101] multiqc                                            [DEBUG  ]  File ignored by longranger/invocation because it exceeded search pattern filesize limit: pygments.css
[2026-05-28 13:52:18,133] multiqc                                            [DEBUG  ]  File ignored by ccs/v4 because it exceeded search pattern filesize limit: searchtools.js
[2026-05-28 13:52:18,134] multiqc                                            [DEBUG  ]  File ignored by hicexplorer because it exceeded search pattern filesize limit: searchtools.js
[2026-05-28 13:52:18,134] multiqc                                            [DEBUG  ]  File ignored by lima/summary because it exceeded search pattern filesize limit: searchtools.js
[2026-05-28 13:52:18,136] multiqc                                            [DEBUG  ]  File ignored by longranger/invocation because it exceeded search pattern filesize limit: searchtools.js
[2026-05-28 13:52:18,147] multiqc                                            [DEBUG  ]  File ignored by nanostat because it exceeded search pattern filesize limit: searchtools.js
[2026-05-28 13:52:18,152] multiqc                                            [DEBUG  ]  File ignored by ccs/v4 because it exceeded search pattern filesize limit: underscore.js
[2026-05-28 13:52:18,153] multiqc                                            [DEBUG  ]  File ignored by hicexplorer because it exceeded search pattern filesize limit: underscore.js
[2026-05-28 13:52:18,153] multiqc                                            [DEBUG  ]  File ignored by lima/summary because it exceeded search pattern filesize limit: underscore.js
[2026-05-28 13:52:18,155] multiqc                                            [DEBUG  ]  File ignored by longranger/invocation because it exceeded search pattern filesize limit: underscore.js
[2026-05-28 13:52:18,158] multiqc                                            [DEBUG  ]  File ignored by nanostat because it exceeded search pattern filesize limit: underscore.js
[2026-05-28 13:52:18,166] multiqc                                            [DEBUG  ]  File ignored by ccs/v4 because it exceeded search pattern filesize limit: websupport.js
[2026-05-28 13:52:18,167] multiqc                                            [DEBUG  ]  File ignored by hicexplorer because it exceeded search pattern filesize limit: websupport.js
[2026-05-28 13:52:18,167] multiqc                                            [DEBUG  ]  File ignored by lima/summary because it exceeded search pattern filesize limit: websupport.js
[2026-05-28 13:52:18,169] multiqc                                            [DEBUG  ]  File ignored by longranger/invocation because it exceeded search pattern filesize limit: websupport.js
[2026-05-28 13:52:18,188] multiqc                                            [DEBUG  ]  File ignored by nanostat because it exceeded search pattern filesize limit: websupport.js
[2026-05-28 13:52:18,321] multiqc                                            [DEBUG  ]  File ignored by ccs/v4 because it exceeded search pattern filesize limit: coverage_profile_along_genes_(low).txt
[2026-05-28 13:52:18,322] multiqc                                            [DEBUG  ]  File ignored by lima/summary because it exceeded search pattern filesize limit: coverage_profile_along_genes_(low).txt
[2026-05-28 13:52:18,324] multiqc                                            [DEBUG  ]  File ignored by longranger/invocation because it exceeded search pattern filesize limit: coverage_profile_along_genes_(low).txt
[2026-05-28 13:52:18,349] multiqc                                            [DEBUG  ]  File ignored by ccs/v4 because it exceeded search pattern filesize limit: coverage_profile_along_genes_(high).txt
[2026-05-28 13:52:18,350] multiqc                                            [DEBUG  ]  File ignored by lima/summary because it exceeded search pattern filesize limit: coverage_profile_along_genes_(high).txt
[2026-05-28 13:52:18,352] multiqc                                            [DEBUG  ]  File ignored by longranger/invocation because it exceeded search pattern filesize limit: coverage_profile_along_genes_(high).txt
[2026-05-28 13:52:18,390] multiqc                                            [DEBUG  ]  File ignored by ccs/v4 because it exceeded search pattern filesize limit: qualimapReport.html
[2026-05-28 13:52:18,391] multiqc                                            [DEBUG  ]  File ignored by hicexplorer because it exceeded search pattern filesize limit: qualimapReport.html
[2026-05-28 13:52:18,391] multiqc                                            [DEBUG  ]  File ignored by lima/summary because it exceeded search pattern filesize limit: qualimapReport.html
[2026-05-28 13:52:18,393] multiqc                                            [DEBUG  ]  File ignored by longranger/invocation because it exceeded search pattern filesize limit: qualimapReport.html
[2026-05-28 13:52:18,400] multiqc                                            [DEBUG  ]  File ignored by nanostat because it exceeded search pattern filesize limit: qualimapReport.html
[2026-05-28 13:52:18,442] multiqc                                            [DEBUG  ]  File ignored by ccs/v4 because it exceeded search pattern filesize limit: agogo.css
[2026-05-28 13:52:18,443] multiqc                                            [DEBUG  ]  File ignored by hicexplorer because it exceeded search pattern filesize limit: agogo.css
[2026-05-28 13:52:18,443] multiqc                                            [DEBUG  ]  File ignored by lima/summary because it exceeded search pattern filesize limit: agogo.css
[2026-05-28 13:52:18,445] multiqc                                            [DEBUG  ]  File ignored by longranger/invocation because it exceeded search pattern filesize limit: agogo.css
[2026-05-28 13:52:18,453] multiqc                                            [DEBUG  ]  File ignored by nanostat because it exceeded search pattern filesize limit: agogo.css
[2026-05-28 13:52:18,481] multiqc                                            [DEBUG  ]  File ignored by ccs/v4 because it exceeded search pattern filesize limit: basic.css
[2026-05-28 13:52:18,482] multiqc                                            [DEBUG  ]  File ignored by hicexplorer because it exceeded search pattern filesize limit: basic.css
[2026-05-28 13:52:18,482] multiqc                                            [DEBUG  ]  File ignored by lima/summary because it exceeded search pattern filesize limit: basic.css
[2026-05-28 13:52:18,484] multiqc                                            [DEBUG  ]  File ignored by longranger/invocation because it exceeded search pattern filesize limit: basic.css
[2026-05-28 13:52:18,498] multiqc                                            [DEBUG  ]  File ignored by nanostat because it exceeded search pattern filesize limit: basic.css
[2026-05-28 13:52:18,528] multiqc                                            [DEBUG  ]  File ignored by ccs/v4 because it exceeded search pattern filesize limit: doctools.js
[2026-05-28 13:52:18,529] multiqc                                            [DEBUG  ]  File ignored by hicexplorer because it exceeded search pattern filesize limit: doctools.js
[2026-05-28 13:52:18,529] multiqc                                            [DEBUG  ]  File ignored by lima/summary because it exceeded search pattern filesize limit: doctools.js
[2026-05-28 13:52:18,531] multiqc                                            [DEBUG  ]  File ignored by longranger/invocation because it exceeded search pattern filesize limit: doctools.js
[2026-05-28 13:52:18,537] multiqc                                            [DEBUG  ]  File ignored by nanostat because it exceeded search pattern filesize limit: doctools.js
[2026-05-28 13:52:18,572] multiqc                                            [DEBUG  ]  File ignored by ccs/v4 because it exceeded search pattern filesize limit: jquery.js
[2026-05-28 13:52:18,573] multiqc                                            [DEBUG  ]  File ignored by hicexplorer because it exceeded search pattern filesize limit: jquery.js
[2026-05-28 13:52:18,574] multiqc                                            [DEBUG  ]  File ignored by lima/summary because it exceeded search pattern filesize limit: jquery.js
[2026-05-28 13:52:18,576] multiqc                                            [DEBUG  ]  File ignored by longranger/invocation because it exceeded search pattern filesize limit: jquery.js
[2026-05-28 13:52:18,585] multiqc                                            [DEBUG  ]  File ignored by nanostat because it exceeded search pattern filesize limit: jquery.js
[2026-05-28 13:52:18,614] multiqc                                            [DEBUG  ]  File ignored by ccs/v4 because it exceeded search pattern filesize limit: pygments.css
[2026-05-28 13:52:18,616] multiqc                                            [DEBUG  ]  File ignored by lima/summary because it exceeded search pattern filesize limit: pygments.css
[2026-05-28 13:52:18,617] multiqc                                            [DEBUG  ]  File ignored by longranger/invocation because it exceeded search pattern filesize limit: pygments.css
[2026-05-28 13:52:18,637] multiqc                                            [DEBUG  ]  File ignored by ccs/v4 because it exceeded search pattern filesize limit: searchtools.js
[2026-05-28 13:52:18,638] multiqc                                            [DEBUG  ]  File ignored by hicexplorer because it exceeded search pattern filesize limit: searchtools.js
[2026-05-28 13:52:18,639] multiqc                                            [DEBUG  ]  File ignored by lima/summary because it exceeded search pattern filesize limit: searchtools.js
[2026-05-28 13:52:18,640] multiqc                                            [DEBUG  ]  File ignored by longranger/invocation because it exceeded search pattern filesize limit: searchtools.js
[2026-05-28 13:52:18,651] multiqc                                            [DEBUG  ]  File ignored by nanostat because it exceeded search pattern filesize limit: searchtools.js
[2026-05-28 13:52:18,656] multiqc                                            [DEBUG  ]  File ignored by ccs/v4 because it exceeded search pattern filesize limit: underscore.js
[2026-05-28 13:52:18,657] multiqc                                            [DEBUG  ]  File ignored by hicexplorer because it exceeded search pattern filesize limit: underscore.js
[2026-05-28 13:52:18,657] multiqc                                            [DEBUG  ]  File ignored by lima/summary because it exceeded search pattern filesize limit: underscore.js
[2026-05-28 13:52:18,659] multiqc                                            [DEBUG  ]  File ignored by longranger/invocation because it exceeded search pattern filesize limit: underscore.js
[2026-05-28 13:52:18,662] multiqc                                            [DEBUG  ]  File ignored by nanostat because it exceeded search pattern filesize limit: underscore.js
[2026-05-28 13:52:18,689] multiqc                                            [DEBUG  ]  File ignored by ccs/v4 because it exceeded search pattern filesize limit: websupport.js
[2026-05-28 13:52:18,690] multiqc                                            [DEBUG  ]  File ignored by hicexplorer because it exceeded search pattern filesize limit: websupport.js
[2026-05-28 13:52:18,690] multiqc                                            [DEBUG  ]  File ignored by lima/summary because it exceeded search pattern filesize limit: websupport.js
[2026-05-28 13:52:18,694] multiqc                                            [DEBUG  ]  File ignored by longranger/invocation because it exceeded search pattern filesize limit: websupport.js
[2026-05-28 13:52:18,708] multiqc                                            [DEBUG  ]  File ignored by nanostat because it exceeded search pattern filesize limit: websupport.js
[2026-05-28 13:52:18,735] multiqc                                            [DEBUG  ]  File ignored by ccs/v4 because it exceeded search pattern filesize limit: coverage_profile_along_genes_(low).txt
[2026-05-28 13:52:18,736] multiqc                                            [DEBUG  ]  File ignored by lima/summary because it exceeded search pattern filesize limit: coverage_profile_along_genes_(low).txt
[2026-05-28 13:52:18,738] multiqc                                            [DEBUG  ]  File ignored by longranger/invocation because it exceeded search pattern filesize limit: coverage_profile_along_genes_(low).txt
[2026-05-28 13:52:18,770] multiqc                                            [DEBUG  ]  File ignored by ccs/v4 because it exceeded search pattern filesize limit: coverage_profile_along_genes_(high).txt
[2026-05-28 13:52:18,772] multiqc                                            [DEBUG  ]  File ignored by lima/summary because it exceeded search pattern filesize limit: coverage_profile_along_genes_(high).txt
[2026-05-28 13:52:18,774] multiqc                                            [DEBUG  ]  File ignored by longranger/invocation because it exceeded search pattern filesize limit: coverage_profile_along_genes_(high).txt
[2026-05-28 13:52:18,799] multiqc                                            [DEBUG  ]  File ignored by ccs/v4 because it exceeded search pattern filesize limit: qualimapReport.html
[2026-05-28 13:52:18,800] multiqc                                            [DEBUG  ]  File ignored by hicexplorer because it exceeded search pattern filesize limit: qualimapReport.html
[2026-05-28 13:52:18,800] multiqc                                            [DEBUG  ]  File ignored by lima/summary because it exceeded search pattern filesize limit: qualimapReport.html
[2026-05-28 13:52:18,803] multiqc                                            [DEBUG  ]  File ignored by longranger/invocation because it exceeded search pattern filesize limit: qualimapReport.html
[2026-05-28 13:52:18,810] multiqc                                            [DEBUG  ]  File ignored by nanostat because it exceeded search pattern filesize limit: qualimapReport.html
[2026-05-28 13:52:18,861] multiqc                                            [DEBUG  ]  File ignored by ccs/v4 because it exceeded search pattern filesize limit: agogo.css
[2026-05-28 13:52:18,865] multiqc                                            [DEBUG  ]  File ignored by hicexplorer because it exceeded search pattern filesize limit: agogo.css
[2026-05-28 13:52:18,865] multiqc                                            [DEBUG  ]  File ignored by lima/summary because it exceeded search pattern filesize limit: agogo.css
[2026-05-28 13:52:18,871] multiqc                                            [DEBUG  ]  File ignored by longranger/invocation because it exceeded search pattern filesize limit: agogo.css
[2026-05-28 13:52:18,882] multiqc                                            [DEBUG  ]  File ignored by nanostat because it exceeded search pattern filesize limit: agogo.css
[2026-05-28 13:52:18,915] multiqc                                            [DEBUG  ]  File ignored by ccs/v4 because it exceeded search pattern filesize limit: basic.css
[2026-05-28 13:52:18,916] multiqc                                            [DEBUG  ]  File ignored by hicexplorer because it exceeded search pattern filesize limit: basic.css
[2026-05-28 13:52:18,916] multiqc                                            [DEBUG  ]  File ignored by lima/summary because it exceeded search pattern filesize limit: basic.css
[2026-05-28 13:52:18,918] multiqc                                            [DEBUG  ]  File ignored by longranger/invocation because it exceeded search pattern filesize limit: basic.css
[2026-05-28 13:52:18,928] multiqc                                            [DEBUG  ]  File ignored by nanostat because it exceeded search pattern filesize limit: basic.css
[2026-05-28 13:52:18,963] multiqc                                            [DEBUG  ]  File ignored by ccs/v4 because it exceeded search pattern filesize limit: doctools.js
[2026-05-28 13:52:18,965] multiqc                                            [DEBUG  ]  File ignored by hicexplorer because it exceeded search pattern filesize limit: doctools.js
[2026-05-28 13:52:18,966] multiqc                                            [DEBUG  ]  File ignored by lima/summary because it exceeded search pattern filesize limit: doctools.js
[2026-05-28 13:52:18,970] multiqc                                            [DEBUG  ]  File ignored by longranger/invocation because it exceeded search pattern filesize limit: doctools.js
[2026-05-28 13:52:18,986] multiqc                                            [DEBUG  ]  File ignored by nanostat because it exceeded search pattern filesize limit: doctools.js
[2026-05-28 13:52:19,017] multiqc                                            [DEBUG  ]  File ignored by ccs/v4 because it exceeded search pattern filesize limit: jquery.js
[2026-05-28 13:52:19,018] multiqc                                            [DEBUG  ]  File ignored by hicexplorer because it exceeded search pattern filesize limit: jquery.js
[2026-05-28 13:52:19,018] multiqc                                            [DEBUG  ]  File ignored by lima/summary because it exceeded search pattern filesize limit: jquery.js
[2026-05-28 13:52:19,020] multiqc                                            [DEBUG  ]  File ignored by longranger/invocation because it exceeded search pattern filesize limit: jquery.js
[2026-05-28 13:52:19,028] multiqc                                            [DEBUG  ]  File ignored by nanostat because it exceeded search pattern filesize limit: jquery.js
[2026-05-28 13:52:19,060] multiqc                                            [DEBUG  ]  File ignored by ccs/v4 because it exceeded search pattern filesize limit: pygments.css
[2026-05-28 13:52:19,061] multiqc                                            [DEBUG  ]  File ignored by lima/summary because it exceeded search pattern filesize limit: pygments.css
[2026-05-28 13:52:19,063] multiqc                                            [DEBUG  ]  File ignored by longranger/invocation because it exceeded search pattern filesize limit: pygments.css
[2026-05-28 13:52:19,140] multiqc                                            [DEBUG  ]  File ignored by ccs/v4 because it exceeded search pattern filesize limit: searchtools.js
[2026-05-28 13:52:19,141] multiqc                                            [DEBUG  ]  File ignored by hicexplorer because it exceeded search pattern filesize limit: searchtools.js
[2026-05-28 13:52:19,141] multiqc                                            [DEBUG  ]  File ignored by lima/summary because it exceeded search pattern filesize limit: searchtools.js
[2026-05-28 13:52:19,146] multiqc                                            [DEBUG  ]  File ignored by longranger/invocation because it exceeded search pattern filesize limit: searchtools.js
[2026-05-28 13:52:19,161] multiqc                                            [DEBUG  ]  File ignored by nanostat because it exceeded search pattern filesize limit: searchtools.js
[2026-05-28 13:52:19,166] multiqc                                            [DEBUG  ]  File ignored by ccs/v4 because it exceeded search pattern filesize limit: underscore.js
[2026-05-28 13:52:19,167] multiqc                                            [DEBUG  ]  File ignored by hicexplorer because it exceeded search pattern filesize limit: underscore.js
[2026-05-28 13:52:19,167] multiqc                                            [DEBUG  ]  File ignored by lima/summary because it exceeded search pattern filesize limit: underscore.js
[2026-05-28 13:52:19,169] multiqc                                            [DEBUG  ]  File ignored by longranger/invocation because it exceeded search pattern filesize limit: underscore.js
[2026-05-28 13:52:19,172] multiqc                                            [DEBUG  ]  File ignored by nanostat because it exceeded search pattern filesize limit: underscore.js
[2026-05-28 13:52:19,180] multiqc                                            [DEBUG  ]  File ignored by ccs/v4 because it exceeded search pattern filesize limit: websupport.js
[2026-05-28 13:52:19,181] multiqc                                            [DEBUG  ]  File ignored by hicexplorer because it exceeded search pattern filesize limit: websupport.js
[2026-05-28 13:52:19,181] multiqc                                            [DEBUG  ]  File ignored by lima/summary because it exceeded search pattern filesize limit: websupport.js
[2026-05-28 13:52:19,183] multiqc                                            [DEBUG  ]  File ignored by longranger/invocation because it exceeded search pattern filesize limit: websupport.js
[2026-05-28 13:52:19,196] multiqc                                            [DEBUG  ]  File ignored by nanostat because it exceeded search pattern filesize limit: websupport.js
[2026-05-28 13:52:19,229] multiqc                                            [DEBUG  ]  File ignored by ccs/v4 because it exceeded search pattern filesize limit: coverage_profile_along_genes_(low).txt
[2026-05-28 13:52:19,230] multiqc                                            [DEBUG  ]  File ignored by lima/summary because it exceeded search pattern filesize limit: coverage_profile_along_genes_(low).txt
[2026-05-28 13:52:19,232] multiqc                                            [DEBUG  ]  File ignored by longranger/invocation because it exceeded search pattern filesize limit: coverage_profile_along_genes_(low).txt
[2026-05-28 13:52:19,349] multiqc                                            [DEBUG  ]  File ignored by ccs/v4 because it exceeded search pattern filesize limit: coverage_profile_along_genes_(high).txt
[2026-05-28 13:52:19,357] multiqc                                            [DEBUG  ]  File ignored by lima/summary because it exceeded search pattern filesize limit: coverage_profile_along_genes_(high).txt
[2026-05-28 13:52:19,360] multiqc                                            [DEBUG  ]  File ignored by longranger/invocation because it exceeded search pattern filesize limit: coverage_profile_along_genes_(high).txt
[2026-05-28 13:52:19,412] multiqc                                            [DEBUG  ]  File ignored by ccs/v4 because it exceeded search pattern filesize limit: qualimapReport.html
[2026-05-28 13:52:19,413] multiqc                                            [DEBUG  ]  File ignored by hicexplorer because it exceeded search pattern filesize limit: qualimapReport.html
[2026-05-28 13:52:19,414] multiqc                                            [DEBUG  ]  File ignored by lima/summary because it exceeded search pattern filesize limit: qualimapReport.html
[2026-05-28 13:52:19,416] multiqc                                            [DEBUG  ]  File ignored by longranger/invocation because it exceeded search pattern filesize limit: qualimapReport.html
[2026-05-28 13:52:19,422] multiqc                                            [DEBUG  ]  File ignored by nanostat because it exceeded search pattern filesize limit: qualimapReport.html
[2026-05-28 13:52:19,455] multiqc                                            [DEBUG  ]  File ignored by ccs/v4 because it exceeded search pattern filesize limit: agogo.css
[2026-05-28 13:52:19,456] multiqc                                            [DEBUG  ]  File ignored by hicexplorer because it exceeded search pattern filesize limit: agogo.css
[2026-05-28 13:52:19,456] multiqc                                            [DEBUG  ]  File ignored by lima/summary because it exceeded search pattern filesize limit: agogo.css
[2026-05-28 13:52:19,458] multiqc                                            [DEBUG  ]  File ignored by longranger/invocation because it exceeded search pattern filesize limit: agogo.css
[2026-05-28 13:52:19,466] multiqc                                            [DEBUG  ]  File ignored by nanostat because it exceeded search pattern filesize limit: agogo.css
[2026-05-28 13:52:19,536] multiqc                                            [DEBUG  ]  File ignored by ccs/v4 because it exceeded search pattern filesize limit: basic.css
[2026-05-28 13:52:19,537] multiqc                                            [DEBUG  ]  File ignored by hicexplorer because it exceeded search pattern filesize limit: basic.css
[2026-05-28 13:52:19,537] multiqc                                            [DEBUG  ]  File ignored by lima/summary because it exceeded search pattern filesize limit: basic.css
[2026-05-28 13:52:19,539] multiqc                                            [DEBUG  ]  File ignored by longranger/invocation because it exceeded search pattern filesize limit: basic.css
[2026-05-28 13:52:19,549] multiqc                                            [DEBUG  ]  File ignored by nanostat because it exceeded search pattern filesize limit: basic.css
[2026-05-28 13:52:19,585] multiqc                                            [DEBUG  ]  File ignored by ccs/v4 because it exceeded search pattern filesize limit: doctools.js
[2026-05-28 13:52:19,586] multiqc                                            [DEBUG  ]  File ignored by hicexplorer because it exceeded search pattern filesize limit: doctools.js
[2026-05-28 13:52:19,586] multiqc                                            [DEBUG  ]  File ignored by lima/summary because it exceeded search pattern filesize limit: doctools.js
[2026-05-28 13:52:19,588] multiqc                                            [DEBUG  ]  File ignored by longranger/invocation because it exceeded search pattern filesize limit: doctools.js
[2026-05-28 13:52:19,594] multiqc                                            [DEBUG  ]  File ignored by nanostat because it exceeded search pattern filesize limit: doctools.js
[2026-05-28 13:52:19,604] multiqc                                            [DEBUG  ]  File ignored by ccs/v4 because it exceeded search pattern filesize limit: jquery.js
[2026-05-28 13:52:19,605] multiqc                                            [DEBUG  ]  File ignored by hicexplorer because it exceeded search pattern filesize limit: jquery.js
[2026-05-28 13:52:19,605] multiqc                                            [DEBUG  ]  File ignored by lima/summary because it exceeded search pattern filesize limit: jquery.js
[2026-05-28 13:52:19,607] multiqc                                            [DEBUG  ]  File ignored by longranger/invocation because it exceeded search pattern filesize limit: jquery.js
[2026-05-28 13:52:19,617] multiqc                                            [DEBUG  ]  File ignored by nanostat because it exceeded search pattern filesize limit: jquery.js
[2026-05-28 13:52:19,639] multiqc                                            [DEBUG  ]  File ignored by ccs/v4 because it exceeded search pattern filesize limit: pygments.css
[2026-05-28 13:52:19,640] multiqc                                            [DEBUG  ]  File ignored by lima/summary because it exceeded search pattern filesize limit: pygments.css
[2026-05-28 13:52:19,642] multiqc                                            [DEBUG  ]  File ignored by longranger/invocation because it exceeded search pattern filesize limit: pygments.css
[2026-05-28 13:52:19,661] multiqc                                            [DEBUG  ]  File ignored by ccs/v4 because it exceeded search pattern filesize limit: searchtools.js
[2026-05-28 13:52:19,662] multiqc                                            [DEBUG  ]  File ignored by hicexplorer because it exceeded search pattern filesize limit: searchtools.js
[2026-05-28 13:52:19,663] multiqc                                            [DEBUG  ]  File ignored by lima/summary because it exceeded search pattern filesize limit: searchtools.js
[2026-05-28 13:52:19,664] multiqc                                            [DEBUG  ]  File ignored by longranger/invocation because it exceeded search pattern filesize limit: searchtools.js
[2026-05-28 13:52:19,675] multiqc                                            [DEBUG  ]  File ignored by nanostat because it exceeded search pattern filesize limit: searchtools.js
[2026-05-28 13:52:19,679] multiqc                                            [DEBUG  ]  File ignored by ccs/v4 because it exceeded search pattern filesize limit: underscore.js
[2026-05-28 13:52:19,680] multiqc                                            [DEBUG  ]  File ignored by hicexplorer because it exceeded search pattern filesize limit: underscore.js
[2026-05-28 13:52:19,680] multiqc                                            [DEBUG  ]  File ignored by lima/summary because it exceeded search pattern filesize limit: underscore.js
[2026-05-28 13:52:19,682] multiqc                                            [DEBUG  ]  File ignored by longranger/invocation because it exceeded search pattern filesize limit: underscore.js
[2026-05-28 13:52:19,686] multiqc                                            [DEBUG  ]  File ignored by nanostat because it exceeded search pattern filesize limit: underscore.js
[2026-05-28 13:52:19,724] multiqc                                            [DEBUG  ]  File ignored by ccs/v4 because it exceeded search pattern filesize limit: websupport.js
[2026-05-28 13:52:19,725] multiqc                                            [DEBUG  ]  File ignored by hicexplorer because it exceeded search pattern filesize limit: websupport.js
[2026-05-28 13:52:19,725] multiqc                                            [DEBUG  ]  File ignored by lima/summary because it exceeded search pattern filesize limit: websupport.js
[2026-05-28 13:52:19,727] multiqc                                            [DEBUG  ]  File ignored by longranger/invocation because it exceeded search pattern filesize limit: websupport.js
[2026-05-28 13:52:19,749] multiqc                                            [DEBUG  ]  File ignored by nanostat because it exceeded search pattern filesize limit: websupport.js
[2026-05-28 13:52:19,754] multiqc                                            [DEBUG  ]  File ignored by ccs/v4 because it exceeded search pattern filesize limit: coverage_profile_along_genes_(low).txt
[2026-05-28 13:52:19,755] multiqc                                            [DEBUG  ]  File ignored by lima/summary because it exceeded search pattern filesize limit: coverage_profile_along_genes_(low).txt
[2026-05-28 13:52:19,757] multiqc                                            [DEBUG  ]  File ignored by longranger/invocation because it exceeded search pattern filesize limit: coverage_profile_along_genes_(low).txt
[2026-05-28 13:52:19,764] multiqc                                            [DEBUG  ]  File ignored by ccs/v4 because it exceeded search pattern filesize limit: coverage_profile_along_genes_(high).txt
[2026-05-28 13:52:19,766] multiqc                                            [DEBUG  ]  File ignored by lima/summary because it exceeded search pattern filesize limit: coverage_profile_along_genes_(high).txt
[2026-05-28 13:52:19,768] multiqc                                            [DEBUG  ]  File ignored by longranger/invocation because it exceeded search pattern filesize limit: coverage_profile_along_genes_(high).txt
[2026-05-28 13:52:19,958] multiqc                                            [DEBUG  ]  File ignored by ccs/v4 because it exceeded search pattern filesize limit: qualimapReport.html
[2026-05-28 13:52:19,959] multiqc                                            [DEBUG  ]  File ignored by hicexplorer because it exceeded search pattern filesize limit: qualimapReport.html
[2026-05-28 13:52:19,959] multiqc                                            [DEBUG  ]  File ignored by lima/summary because it exceeded search pattern filesize limit: qualimapReport.html
[2026-05-28 13:52:19,961] multiqc                                            [DEBUG  ]  File ignored by longranger/invocation because it exceeded search pattern filesize limit: qualimapReport.html
[2026-05-28 13:52:19,968] multiqc                                            [DEBUG  ]  File ignored by nanostat because it exceeded search pattern filesize limit: qualimapReport.html
[2026-05-28 13:52:20,045] multiqc                                            [DEBUG  ]  File ignored by ccs/v4 because it exceeded search pattern filesize limit: agogo.css
[2026-05-28 13:52:20,046] multiqc                                            [DEBUG  ]  File ignored by hicexplorer because it exceeded search pattern filesize limit: agogo.css
[2026-05-28 13:52:20,046] multiqc                                            [DEBUG  ]  File ignored by lima/summary because it exceeded search pattern filesize limit: agogo.css
[2026-05-28 13:52:20,048] multiqc                                            [DEBUG  ]  File ignored by longranger/invocation because it exceeded search pattern filesize limit: agogo.css
[2026-05-28 13:52:20,056] multiqc                                            [DEBUG  ]  File ignored by nanostat because it exceeded search pattern filesize limit: agogo.css
[2026-05-28 13:52:20,076] multiqc                                            [DEBUG  ]  File ignored by ccs/v4 because it exceeded search pattern filesize limit: basic.css
[2026-05-28 13:52:20,077] multiqc                                            [DEBUG  ]  File ignored by hicexplorer because it exceeded search pattern filesize limit: basic.css
[2026-05-28 13:52:20,077] multiqc                                            [DEBUG  ]  File ignored by lima/summary because it exceeded search pattern filesize limit: basic.css
[2026-05-28 13:52:20,079] multiqc                                            [DEBUG  ]  File ignored by longranger/invocation because it exceeded search pattern filesize limit: basic.css
[2026-05-28 13:52:20,089] multiqc                                            [DEBUG  ]  File ignored by nanostat because it exceeded search pattern filesize limit: basic.css
[2026-05-28 13:52:20,146] multiqc                                            [DEBUG  ]  File ignored by ccs/v4 because it exceeded search pattern filesize limit: doctools.js
[2026-05-28 13:52:20,147] multiqc                                            [DEBUG  ]  File ignored by hicexplorer because it exceeded search pattern filesize limit: doctools.js
[2026-05-28 13:52:20,147] multiqc                                            [DEBUG  ]  File ignored by lima/summary because it exceeded search pattern filesize limit: doctools.js
[2026-05-28 13:52:20,149] multiqc                                            [DEBUG  ]  File ignored by longranger/invocation because it exceeded search pattern filesize limit: doctools.js
[2026-05-28 13:52:20,155] multiqc                                            [DEBUG  ]  File ignored by nanostat because it exceeded search pattern filesize limit: doctools.js
[2026-05-28 13:52:20,213] multiqc                                            [DEBUG  ]  File ignored by ccs/v4 because it exceeded search pattern filesize limit: jquery.js
[2026-05-28 13:52:20,214] multiqc                                            [DEBUG  ]  File ignored by hicexplorer because it exceeded search pattern filesize limit: jquery.js
[2026-05-28 13:52:20,214] multiqc                                            [DEBUG  ]  File ignored by lima/summary because it exceeded search pattern filesize limit: jquery.js
[2026-05-28 13:52:20,217] multiqc                                            [DEBUG  ]  File ignored by longranger/invocation because it exceeded search pattern filesize limit: jquery.js
[2026-05-28 13:52:20,227] multiqc                                            [DEBUG  ]  File ignored by nanostat because it exceeded search pattern filesize limit: jquery.js
[2026-05-28 13:52:20,256] multiqc                                            [DEBUG  ]  File ignored by ccs/v4 because it exceeded search pattern filesize limit: pygments.css
[2026-05-28 13:52:20,257] multiqc                                            [DEBUG  ]  File ignored by lima/summary because it exceeded search pattern filesize limit: pygments.css
[2026-05-28 13:52:20,259] multiqc                                            [DEBUG  ]  File ignored by longranger/invocation because it exceeded search pattern filesize limit: pygments.css
[2026-05-28 13:52:20,321] multiqc                                            [DEBUG  ]  File ignored by ccs/v4 because it exceeded search pattern filesize limit: searchtools.js
[2026-05-28 13:52:20,322] multiqc                                            [DEBUG  ]  File ignored by hicexplorer because it exceeded search pattern filesize limit: searchtools.js
[2026-05-28 13:52:20,322] multiqc                                            [DEBUG  ]  File ignored by lima/summary because it exceeded search pattern filesize limit: searchtools.js
[2026-05-28 13:52:20,324] multiqc                                            [DEBUG  ]  File ignored by longranger/invocation because it exceeded search pattern filesize limit: searchtools.js
[2026-05-28 13:52:20,337] multiqc                                            [DEBUG  ]  File ignored by nanostat because it exceeded search pattern filesize limit: searchtools.js
[2026-05-28 13:52:20,344] multiqc                                            [DEBUG  ]  File ignored by ccs/v4 because it exceeded search pattern filesize limit: underscore.js
[2026-05-28 13:52:20,345] multiqc                                            [DEBUG  ]  File ignored by hicexplorer because it exceeded search pattern filesize limit: underscore.js
[2026-05-28 13:52:20,345] multiqc                                            [DEBUG  ]  File ignored by lima/summary because it exceeded search pattern filesize limit: underscore.js
[2026-05-28 13:52:20,347] multiqc                                            [DEBUG  ]  File ignored by longranger/invocation because it exceeded search pattern filesize limit: underscore.js
[2026-05-28 13:52:20,350] multiqc                                            [DEBUG  ]  File ignored by nanostat because it exceeded search pattern filesize limit: underscore.js
[2026-05-28 13:52:20,365] multiqc                                            [DEBUG  ]  File ignored by ccs/v4 because it exceeded search pattern filesize limit: websupport.js
[2026-05-28 13:52:20,366] multiqc                                            [DEBUG  ]  File ignored by hicexplorer because it exceeded search pattern filesize limit: websupport.js
[2026-05-28 13:52:20,366] multiqc                                            [DEBUG  ]  File ignored by lima/summary because it exceeded search pattern filesize limit: websupport.js
[2026-05-28 13:52:20,368] multiqc                                            [DEBUG  ]  File ignored by longranger/invocation because it exceeded search pattern filesize limit: websupport.js
[2026-05-28 13:52:20,382] multiqc                                            [DEBUG  ]  File ignored by nanostat because it exceeded search pattern filesize limit: websupport.js
[2026-05-28 13:52:20,454] multiqc                                            [DEBUG  ]  File ignored by ccs/v4 because it exceeded search pattern filesize limit: coverage_profile_along_genes_(low).txt
[2026-05-28 13:52:20,455] multiqc                                            [DEBUG  ]  File ignored by lima/summary because it exceeded search pattern filesize limit: coverage_profile_along_genes_(low).txt
[2026-05-28 13:52:20,457] multiqc                                            [DEBUG  ]  File ignored by longranger/invocation because it exceeded search pattern filesize limit: coverage_profile_along_genes_(low).txt
[2026-05-28 13:52:20,561] multiqc                                            [DEBUG  ]  File ignored by ccs/v4 because it exceeded search pattern filesize limit: coverage_profile_along_genes_(high).txt
[2026-05-28 13:52:20,562] multiqc                                            [DEBUG  ]  File ignored by lima/summary because it exceeded search pattern filesize limit: coverage_profile_along_genes_(high).txt
[2026-05-28 13:52:20,564] multiqc                                            [DEBUG  ]  File ignored by longranger/invocation because it exceeded search pattern filesize limit: coverage_profile_along_genes_(high).txt
[2026-05-28 13:52:20,588] multiqc                                            [DEBUG  ]  File ignored by ccs/v4 because it exceeded search pattern filesize limit: qualimapReport.html
[2026-05-28 13:52:20,589] multiqc                                            [DEBUG  ]  File ignored by hicexplorer because it exceeded search pattern filesize limit: qualimapReport.html
[2026-05-28 13:52:20,590] multiqc                                            [DEBUG  ]  File ignored by lima/summary because it exceeded search pattern filesize limit: qualimapReport.html
[2026-05-28 13:52:20,591] multiqc                                            [DEBUG  ]  File ignored by longranger/invocation because it exceeded search pattern filesize limit: qualimapReport.html
[2026-05-28 13:52:20,599] multiqc                                            [DEBUG  ]  File ignored by nanostat because it exceeded search pattern filesize limit: qualimapReport.html
[2026-05-28 13:52:20,630] multiqc                                            [DEBUG  ]  File ignored by ccs/v4 because it exceeded search pattern filesize limit: agogo.css
[2026-05-28 13:52:20,632] multiqc                                            [DEBUG  ]  File ignored by hicexplorer because it exceeded search pattern filesize limit: agogo.css
[2026-05-28 13:52:20,632] multiqc                                            [DEBUG  ]  File ignored by lima/summary because it exceeded search pattern filesize limit: agogo.css
[2026-05-28 13:52:20,634] multiqc                                            [DEBUG  ]  File ignored by longranger/invocation because it exceeded search pattern filesize limit: agogo.css
[2026-05-28 13:52:20,646] multiqc                                            [DEBUG  ]  File ignored by nanostat because it exceeded search pattern filesize limit: agogo.css
[2026-05-28 13:52:20,672] multiqc                                            [DEBUG  ]  File ignored by ccs/v4 because it exceeded search pattern filesize limit: basic.css
[2026-05-28 13:52:20,673] multiqc                                            [DEBUG  ]  File ignored by hicexplorer because it exceeded search pattern filesize limit: basic.css
[2026-05-28 13:52:20,673] multiqc                                            [DEBUG  ]  File ignored by lima/summary because it exceeded search pattern filesize limit: basic.css
[2026-05-28 13:52:20,675] multiqc                                            [DEBUG  ]  File ignored by longranger/invocation because it exceeded search pattern filesize limit: basic.css
[2026-05-28 13:52:20,685] multiqc                                            [DEBUG  ]  File ignored by nanostat because it exceeded search pattern filesize limit: basic.css
[2026-05-28 13:52:20,713] multiqc                                            [DEBUG  ]  File ignored by ccs/v4 because it exceeded search pattern filesize limit: doctools.js
[2026-05-28 13:52:20,714] multiqc                                            [DEBUG  ]  File ignored by hicexplorer because it exceeded search pattern filesize limit: doctools.js
[2026-05-28 13:52:20,714] multiqc                                            [DEBUG  ]  File ignored by lima/summary because it exceeded search pattern filesize limit: doctools.js
[2026-05-28 13:52:20,716] multiqc                                            [DEBUG  ]  File ignored by longranger/invocation because it exceeded search pattern filesize limit: doctools.js
[2026-05-28 13:52:20,723] multiqc                                            [DEBUG  ]  File ignored by nanostat because it exceeded search pattern filesize limit: doctools.js
[2026-05-28 13:52:20,736] multiqc                                            [DEBUG  ]  File ignored by ccs/v4 because it exceeded search pattern filesize limit: jquery.js
[2026-05-28 13:52:20,740] multiqc                                            [DEBUG  ]  File ignored by hicexplorer because it exceeded search pattern filesize limit: jquery.js
[2026-05-28 13:52:20,740] multiqc                                            [DEBUG  ]  File ignored by lima/summary because it exceeded search pattern filesize limit: jquery.js
[2026-05-28 13:52:20,743] multiqc                                            [DEBUG  ]  File ignored by longranger/invocation because it exceeded search pattern filesize limit: jquery.js
[2026-05-28 13:52:20,751] multiqc                                            [DEBUG  ]  File ignored by nanostat because it exceeded search pattern filesize limit: jquery.js
[2026-05-28 13:52:20,771] multiqc                                            [DEBUG  ]  File ignored by ccs/v4 because it exceeded search pattern filesize limit: pygments.css
[2026-05-28 13:52:20,772] multiqc                                            [DEBUG  ]  File ignored by lima/summary because it exceeded search pattern filesize limit: pygments.css
[2026-05-28 13:52:20,774] multiqc                                            [DEBUG  ]  File ignored by longranger/invocation because it exceeded search pattern filesize limit: pygments.css
[2026-05-28 13:52:20,873] multiqc                                            [DEBUG  ]  File ignored by ccs/v4 because it exceeded search pattern filesize limit: searchtools.js
[2026-05-28 13:52:20,877] multiqc                                            [DEBUG  ]  File ignored by hicexplorer because it exceeded search pattern filesize limit: searchtools.js
[2026-05-28 13:52:20,877] multiqc                                            [DEBUG  ]  File ignored by lima/summary because it exceeded search pattern filesize limit: searchtools.js
[2026-05-28 13:52:20,879] multiqc                                            [DEBUG  ]  File ignored by longranger/invocation because it exceeded search pattern filesize limit: searchtools.js
[2026-05-28 13:52:20,892] multiqc                                            [DEBUG  ]  File ignored by nanostat because it exceeded search pattern filesize limit: searchtools.js
[2026-05-28 13:52:20,899] multiqc                                            [DEBUG  ]  File ignored by ccs/v4 because it exceeded search pattern filesize limit: underscore.js
[2026-05-28 13:52:20,899] multiqc                                            [DEBUG  ]  File ignored by hicexplorer because it exceeded search pattern filesize limit: underscore.js
[2026-05-28 13:52:20,900] multiqc                                            [DEBUG  ]  File ignored by lima/summary because it exceeded search pattern filesize limit: underscore.js
[2026-05-28 13:52:20,902] multiqc                                            [DEBUG  ]  File ignored by longranger/invocation because it exceeded search pattern filesize limit: underscore.js
[2026-05-28 13:52:20,905] multiqc                                            [DEBUG  ]  File ignored by nanostat because it exceeded search pattern filesize limit: underscore.js
[2026-05-28 13:52:20,949] multiqc                                            [DEBUG  ]  File ignored by ccs/v4 because it exceeded search pattern filesize limit: websupport.js
[2026-05-28 13:52:20,950] multiqc                                            [DEBUG  ]  File ignored by hicexplorer because it exceeded search pattern filesize limit: websupport.js
[2026-05-28 13:52:20,950] multiqc                                            [DEBUG  ]  File ignored by lima/summary because it exceeded search pattern filesize limit: websupport.js
[2026-05-28 13:52:20,952] multiqc                                            [DEBUG  ]  File ignored by longranger/invocation because it exceeded search pattern filesize limit: websupport.js
[2026-05-28 13:52:20,967] multiqc                                            [DEBUG  ]  File ignored by nanostat because it exceeded search pattern filesize limit: websupport.js
[2026-05-28 13:52:20,988] multiqc                                            [DEBUG  ]  File ignored by ccs/v4 because it exceeded search pattern filesize limit: coverage_profile_along_genes_(low).txt
[2026-05-28 13:52:20,989] multiqc                                            [DEBUG  ]  File ignored by lima/summary because it exceeded search pattern filesize limit: coverage_profile_along_genes_(low).txt
[2026-05-28 13:52:20,991] multiqc                                            [DEBUG  ]  File ignored by longranger/invocation because it exceeded search pattern filesize limit: coverage_profile_along_genes_(low).txt
[2026-05-28 13:52:21,001] multiqc                                            [DEBUG  ]  File ignored by ccs/v4 because it exceeded search pattern filesize limit: coverage_profile_along_genes_(high).txt
[2026-05-28 13:52:21,002] multiqc                                            [DEBUG  ]  File ignored by lima/summary because it exceeded search pattern filesize limit: coverage_profile_along_genes_(high).txt
[2026-05-28 13:52:21,004] multiqc                                            [DEBUG  ]  File ignored by longranger/invocation because it exceeded search pattern filesize limit: coverage_profile_along_genes_(high).txt
[2026-05-28 13:52:21,035] multiqc                                            [DEBUG  ]  File ignored by ccs/v4 because it exceeded search pattern filesize limit: qualimapReport.html
[2026-05-28 13:52:21,036] multiqc                                            [DEBUG  ]  File ignored by hicexplorer because it exceeded search pattern filesize limit: qualimapReport.html
[2026-05-28 13:52:21,036] multiqc                                            [DEBUG  ]  File ignored by lima/summary because it exceeded search pattern filesize limit: qualimapReport.html
[2026-05-28 13:52:21,038] multiqc                                            [DEBUG  ]  File ignored by longranger/invocation because it exceeded search pattern filesize limit: qualimapReport.html
[2026-05-28 13:52:21,045] multiqc                                            [DEBUG  ]  File ignored by nanostat because it exceeded search pattern filesize limit: qualimapReport.html
[2026-05-28 13:52:21,131] multiqc                                            [DEBUG  ]  File ignored by ccs/v4 because it exceeded search pattern filesize limit: agogo.css
[2026-05-28 13:52:21,132] multiqc                                            [DEBUG  ]  File ignored by hicexplorer because it exceeded search pattern filesize limit: agogo.css
[2026-05-28 13:52:21,132] multiqc                                            [DEBUG  ]  File ignored by lima/summary because it exceeded search pattern filesize limit: agogo.css
[2026-05-28 13:52:21,134] multiqc                                            [DEBUG  ]  File ignored by longranger/invocation because it exceeded search pattern filesize limit: agogo.css
[2026-05-28 13:52:21,144] multiqc                                            [DEBUG  ]  File ignored by nanostat because it exceeded search pattern filesize limit: agogo.css
[2026-05-28 13:52:21,232] multiqc                                            [DEBUG  ]  File ignored by ccs/v4 because it exceeded search pattern filesize limit: basic.css
[2026-05-28 13:52:21,233] multiqc                                            [DEBUG  ]  File ignored by hicexplorer because it exceeded search pattern filesize limit: basic.css
[2026-05-28 13:52:21,233] multiqc                                            [DEBUG  ]  File ignored by lima/summary because it exceeded search pattern filesize limit: basic.css
[2026-05-28 13:52:21,235] multiqc                                            [DEBUG  ]  File ignored by longranger/invocation because it exceeded search pattern filesize limit: basic.css
[2026-05-28 13:52:21,245] multiqc                                            [DEBUG  ]  File ignored by nanostat because it exceeded search pattern filesize limit: basic.css
[2026-05-28 13:52:21,427] multiqc                                            [DEBUG  ]  File ignored by ccs/v4 because it exceeded search pattern filesize limit: doctools.js
[2026-05-28 13:52:21,428] multiqc                                            [DEBUG  ]  File ignored by hicexplorer because it exceeded search pattern filesize limit: doctools.js
[2026-05-28 13:52:21,428] multiqc                                            [DEBUG  ]  File ignored by lima/summary because it exceeded search pattern filesize limit: doctools.js
[2026-05-28 13:52:21,430] multiqc                                            [DEBUG  ]  File ignored by longranger/invocation because it exceeded search pattern filesize limit: doctools.js
[2026-05-28 13:52:21,436] multiqc                                            [DEBUG  ]  File ignored by nanostat because it exceeded search pattern filesize limit: doctools.js
[2026-05-28 13:52:21,601] multiqc                                            [DEBUG  ]  File ignored by ccs/v4 because it exceeded search pattern filesize limit: jquery.js
[2026-05-28 13:52:21,603] multiqc                                            [DEBUG  ]  File ignored by hicexplorer because it exceeded search pattern filesize limit: jquery.js
[2026-05-28 13:52:21,603] multiqc                                            [DEBUG  ]  File ignored by lima/summary because it exceeded search pattern filesize limit: jquery.js
[2026-05-28 13:52:21,605] multiqc                                            [DEBUG  ]  File ignored by longranger/invocation because it exceeded search pattern filesize limit: jquery.js
[2026-05-28 13:52:21,613] multiqc                                            [DEBUG  ]  File ignored by nanostat because it exceeded search pattern filesize limit: jquery.js
[2026-05-28 13:52:21,659] multiqc                                            [DEBUG  ]  File ignored by ccs/v4 because it exceeded search pattern filesize limit: pygments.css
[2026-05-28 13:52:21,660] multiqc                                            [DEBUG  ]  File ignored by lima/summary because it exceeded search pattern filesize limit: pygments.css
[2026-05-28 13:52:21,662] multiqc                                            [DEBUG  ]  File ignored by longranger/invocation because it exceeded search pattern filesize limit: pygments.css
[2026-05-28 13:52:21,749] multiqc                                            [DEBUG  ]  File ignored by ccs/v4 because it exceeded search pattern filesize limit: searchtools.js
[2026-05-28 13:52:21,750] multiqc                                            [DEBUG  ]  File ignored by hicexplorer because it exceeded search pattern filesize limit: searchtools.js
[2026-05-28 13:52:21,751] multiqc                                            [DEBUG  ]  File ignored by lima/summary because it exceeded search pattern filesize limit: searchtools.js
[2026-05-28 13:52:21,753] multiqc                                            [DEBUG  ]  File ignored by longranger/invocation because it exceeded search pattern filesize limit: searchtools.js
[2026-05-28 13:52:21,763] multiqc                                            [DEBUG  ]  File ignored by nanostat because it exceeded search pattern filesize limit: searchtools.js
[2026-05-28 13:52:21,790] multiqc                                            [DEBUG  ]  File ignored by ccs/v4 because it exceeded search pattern filesize limit: underscore.js
[2026-05-28 13:52:21,791] multiqc                                            [DEBUG  ]  File ignored by hicexplorer because it exceeded search pattern filesize limit: underscore.js
[2026-05-28 13:52:21,791] multiqc                                            [DEBUG  ]  File ignored by lima/summary because it exceeded search pattern filesize limit: underscore.js
[2026-05-28 13:52:21,793] multiqc                                            [DEBUG  ]  File ignored by longranger/invocation because it exceeded search pattern filesize limit: underscore.js
[2026-05-28 13:52:21,797] multiqc                                            [DEBUG  ]  File ignored by nanostat because it exceeded search pattern filesize limit: underscore.js
[2026-05-28 13:52:21,850] multiqc                                            [DEBUG  ]  File ignored by ccs/v4 because it exceeded search pattern filesize limit: websupport.js
[2026-05-28 13:52:21,851] multiqc                                            [DEBUG  ]  File ignored by hicexplorer because it exceeded search pattern filesize limit: websupport.js
[2026-05-28 13:52:21,851] multiqc                                            [DEBUG  ]  File ignored by lima/summary because it exceeded search pattern filesize limit: websupport.js
[2026-05-28 13:52:21,853] multiqc                                            [DEBUG  ]  File ignored by longranger/invocation because it exceeded search pattern filesize limit: websupport.js
[2026-05-28 13:52:21,867] multiqc                                            [DEBUG  ]  File ignored by nanostat because it exceeded search pattern filesize limit: websupport.js
[2026-05-28 13:52:21,896] multiqc                                            [DEBUG  ]  File ignored by ccs/v4 because it exceeded search pattern filesize limit: coverage_profile_along_genes_(low).txt
[2026-05-28 13:52:21,897] multiqc                                            [DEBUG  ]  File ignored by lima/summary because it exceeded search pattern filesize limit: coverage_profile_along_genes_(low).txt
[2026-05-28 13:52:21,899] multiqc                                            [DEBUG  ]  File ignored by longranger/invocation because it exceeded search pattern filesize limit: coverage_profile_along_genes_(low).txt
[2026-05-28 13:52:21,915] multiqc                                            [DEBUG  ]  File ignored by ccs/v4 because it exceeded search pattern filesize limit: coverage_profile_along_genes_(high).txt
[2026-05-28 13:52:21,916] multiqc                                            [DEBUG  ]  File ignored by lima/summary because it exceeded search pattern filesize limit: coverage_profile_along_genes_(high).txt
[2026-05-28 13:52:21,918] multiqc                                            [DEBUG  ]  File ignored by longranger/invocation because it exceeded search pattern filesize limit: coverage_profile_along_genes_(high).txt
[2026-05-28 13:52:21,945] multiqc                                            [DEBUG  ]  File ignored by ccs/v4 because it exceeded search pattern filesize limit: qualimapReport.html
[2026-05-28 13:52:21,946] multiqc                                            [DEBUG  ]  File ignored by hicexplorer because it exceeded search pattern filesize limit: qualimapReport.html
[2026-05-28 13:52:21,946] multiqc                                            [DEBUG  ]  File ignored by lima/summary because it exceeded search pattern filesize limit: qualimapReport.html
[2026-05-28 13:52:21,948] multiqc                                            [DEBUG  ]  File ignored by longranger/invocation because it exceeded search pattern filesize limit: qualimapReport.html
[2026-05-28 13:52:21,955] multiqc                                            [DEBUG  ]  File ignored by nanostat because it exceeded search pattern filesize limit: qualimapReport.html
[2026-05-28 13:52:21,988] multiqc                                            [DEBUG  ]  File ignored by ccs/v4 because it exceeded search pattern filesize limit: agogo.css
[2026-05-28 13:52:21,989] multiqc                                            [DEBUG  ]  File ignored by hicexplorer because it exceeded search pattern filesize limit: agogo.css
[2026-05-28 13:52:21,989] multiqc                                            [DEBUG  ]  File ignored by lima/summary because it exceeded search pattern filesize limit: agogo.css
[2026-05-28 13:52:21,991] multiqc                                            [DEBUG  ]  File ignored by longranger/invocation because it exceeded search pattern filesize limit: agogo.css
[2026-05-28 13:52:22,001] multiqc                                            [DEBUG  ]  File ignored by nanostat because it exceeded search pattern filesize limit: agogo.css
[2026-05-28 13:52:22,025] multiqc                                            [DEBUG  ]  File ignored by ccs/v4 because it exceeded search pattern filesize limit: basic.css
[2026-05-28 13:52:22,026] multiqc                                            [DEBUG  ]  File ignored by hicexplorer because it exceeded search pattern filesize limit: basic.css
[2026-05-28 13:52:22,026] multiqc                                            [DEBUG  ]  File ignored by lima/summary because it exceeded search pattern filesize limit: basic.css
[2026-05-28 13:52:22,028] multiqc                                            [DEBUG  ]  File ignored by longranger/invocation because it exceeded search pattern filesize limit: basic.css
[2026-05-28 13:52:22,037] multiqc                                            [DEBUG  ]  File ignored by nanostat because it exceeded search pattern filesize limit: basic.css
[2026-05-28 13:52:22,061] multiqc                                            [DEBUG  ]  File ignored by ccs/v4 because it exceeded search pattern filesize limit: doctools.js
[2026-05-28 13:52:22,062] multiqc                                            [DEBUG  ]  File ignored by hicexplorer because it exceeded search pattern filesize limit: doctools.js
[2026-05-28 13:52:22,062] multiqc                                            [DEBUG  ]  File ignored by lima/summary because it exceeded search pattern filesize limit: doctools.js
[2026-05-28 13:52:22,064] multiqc                                            [DEBUG  ]  File ignored by longranger/invocation because it exceeded search pattern filesize limit: doctools.js
[2026-05-28 13:52:22,070] multiqc                                            [DEBUG  ]  File ignored by nanostat because it exceeded search pattern filesize limit: doctools.js
[2026-05-28 13:52:22,106] multiqc                                            [DEBUG  ]  File ignored by ccs/v4 because it exceeded search pattern filesize limit: jquery.js
[2026-05-28 13:52:22,107] multiqc                                            [DEBUG  ]  File ignored by hicexplorer because it exceeded search pattern filesize limit: jquery.js
[2026-05-28 13:52:22,107] multiqc                                            [DEBUG  ]  File ignored by lima/summary because it exceeded search pattern filesize limit: jquery.js
[2026-05-28 13:52:22,109] multiqc                                            [DEBUG  ]  File ignored by longranger/invocation because it exceeded search pattern filesize limit: jquery.js
[2026-05-28 13:52:22,117] multiqc                                            [DEBUG  ]  File ignored by nanostat because it exceeded search pattern filesize limit: jquery.js
[2026-05-28 13:52:22,185] multiqc                                            [DEBUG  ]  File ignored by ccs/v4 because it exceeded search pattern filesize limit: pygments.css
[2026-05-28 13:52:22,186] multiqc                                            [DEBUG  ]  File ignored by lima/summary because it exceeded search pattern filesize limit: pygments.css
[2026-05-28 13:52:22,189] multiqc                                            [DEBUG  ]  File ignored by longranger/invocation because it exceeded search pattern filesize limit: pygments.css
[2026-05-28 13:52:22,209] multiqc                                            [DEBUG  ]  File ignored by ccs/v4 because it exceeded search pattern filesize limit: searchtools.js
[2026-05-28 13:52:22,210] multiqc                                            [DEBUG  ]  File ignored by hicexplorer because it exceeded search pattern filesize limit: searchtools.js
[2026-05-28 13:52:22,210] multiqc                                            [DEBUG  ]  File ignored by lima/summary because it exceeded search pattern filesize limit: searchtools.js
[2026-05-28 13:52:22,212] multiqc                                            [DEBUG  ]  File ignored by longranger/invocation because it exceeded search pattern filesize limit: searchtools.js
[2026-05-28 13:52:22,222] multiqc                                            [DEBUG  ]  File ignored by nanostat because it exceeded search pattern filesize limit: searchtools.js
[2026-05-28 13:52:22,250] multiqc                                            [DEBUG  ]  File ignored by ccs/v4 because it exceeded search pattern filesize limit: underscore.js
[2026-05-28 13:52:22,251] multiqc                                            [DEBUG  ]  File ignored by hicexplorer because it exceeded search pattern filesize limit: underscore.js
[2026-05-28 13:52:22,251] multiqc                                            [DEBUG  ]  File ignored by lima/summary because it exceeded search pattern filesize limit: underscore.js
[2026-05-28 13:52:22,253] multiqc                                            [DEBUG  ]  File ignored by longranger/invocation because it exceeded search pattern filesize limit: underscore.js
[2026-05-28 13:52:22,256] multiqc                                            [DEBUG  ]  File ignored by nanostat because it exceeded search pattern filesize limit: underscore.js
[2026-05-28 13:52:22,283] multiqc                                            [DEBUG  ]  File ignored by ccs/v4 because it exceeded search pattern filesize limit: websupport.js
[2026-05-28 13:52:22,284] multiqc                                            [DEBUG  ]  File ignored by hicexplorer because it exceeded search pattern filesize limit: websupport.js
[2026-05-28 13:52:22,285] multiqc                                            [DEBUG  ]  File ignored by lima/summary because it exceeded search pattern filesize limit: websupport.js
[2026-05-28 13:52:22,286] multiqc                                            [DEBUG  ]  File ignored by longranger/invocation because it exceeded search pattern filesize limit: websupport.js
[2026-05-28 13:52:22,301] multiqc                                            [DEBUG  ]  File ignored by nanostat because it exceeded search pattern filesize limit: websupport.js
[2026-05-28 13:52:22,324] multiqc                                            [DEBUG  ]  File ignored by ccs/v4 because it exceeded search pattern filesize limit: coverage_profile_along_genes_(low).txt
[2026-05-28 13:52:22,325] multiqc                                            [DEBUG  ]  File ignored by lima/summary because it exceeded search pattern filesize limit: coverage_profile_along_genes_(low).txt
[2026-05-28 13:52:22,327] multiqc                                            [DEBUG  ]  File ignored by longranger/invocation because it exceeded search pattern filesize limit: coverage_profile_along_genes_(low).txt
[2026-05-28 13:52:22,355] multiqc                                            [DEBUG  ]  File ignored by ccs/v4 because it exceeded search pattern filesize limit: coverage_profile_along_genes_(high).txt
[2026-05-28 13:52:22,356] multiqc                                            [DEBUG  ]  File ignored by lima/summary because it exceeded search pattern filesize limit: coverage_profile_along_genes_(high).txt
[2026-05-28 13:52:22,358] multiqc                                            [DEBUG  ]  File ignored by longranger/invocation because it exceeded search pattern filesize limit: coverage_profile_along_genes_(high).txt
[2026-05-28 13:52:22,403] multiqc                                            [DEBUG  ]  File ignored by ccs/v4 because it exceeded search pattern filesize limit: qualimapReport.html
[2026-05-28 13:52:22,404] multiqc                                            [DEBUG  ]  File ignored by hicexplorer because it exceeded search pattern filesize limit: qualimapReport.html
[2026-05-28 13:52:22,405] multiqc                                            [DEBUG  ]  File ignored by lima/summary because it exceeded search pattern filesize limit: qualimapReport.html
[2026-05-28 13:52:22,407] multiqc                                            [DEBUG  ]  File ignored by longranger/invocation because it exceeded search pattern filesize limit: qualimapReport.html
[2026-05-28 13:52:22,413] multiqc                                            [DEBUG  ]  File ignored by nanostat because it exceeded search pattern filesize limit: qualimapReport.html
[2026-05-28 13:52:22,479] multiqc                                            [DEBUG  ]  File ignored by ccs/v4 because it exceeded search pattern filesize limit: agogo.css
[2026-05-28 13:52:22,480] multiqc                                            [DEBUG  ]  File ignored by hicexplorer because it exceeded search pattern filesize limit: agogo.css
[2026-05-28 13:52:22,480] multiqc                                            [DEBUG  ]  File ignored by lima/summary because it exceeded search pattern filesize limit: agogo.css
[2026-05-28 13:52:22,482] multiqc                                            [DEBUG  ]  File ignored by longranger/invocation because it exceeded search pattern filesize limit: agogo.css
[2026-05-28 13:52:22,493] multiqc                                            [DEBUG  ]  File ignored by nanostat because it exceeded search pattern filesize limit: agogo.css
[2026-05-28 13:52:22,522] multiqc                                            [DEBUG  ]  File ignored by ccs/v4 because it exceeded search pattern filesize limit: basic.css
[2026-05-28 13:52:22,523] multiqc                                            [DEBUG  ]  File ignored by hicexplorer because it exceeded search pattern filesize limit: basic.css
[2026-05-28 13:52:22,523] multiqc                                            [DEBUG  ]  File ignored by lima/summary because it exceeded search pattern filesize limit: basic.css
[2026-05-28 13:52:22,525] multiqc                                            [DEBUG  ]  File ignored by longranger/invocation because it exceeded search pattern filesize limit: basic.css
[2026-05-28 13:52:22,535] multiqc                                            [DEBUG  ]  File ignored by nanostat because it exceeded search pattern filesize limit: basic.css
[2026-05-28 13:52:22,564] multiqc                                            [DEBUG  ]  File ignored by ccs/v4 because it exceeded search pattern filesize limit: doctools.js
[2026-05-28 13:52:22,565] multiqc                                            [DEBUG  ]  File ignored by hicexplorer because it exceeded search pattern filesize limit: doctools.js
[2026-05-28 13:52:22,565] multiqc                                            [DEBUG  ]  File ignored by lima/summary because it exceeded search pattern filesize limit: doctools.js
[2026-05-28 13:52:22,567] multiqc                                            [DEBUG  ]  File ignored by longranger/invocation because it exceeded search pattern filesize limit: doctools.js
[2026-05-28 13:52:22,573] multiqc                                            [DEBUG  ]  File ignored by nanostat because it exceeded search pattern filesize limit: doctools.js
[2026-05-28 13:52:22,660] multiqc                                            [DEBUG  ]  File ignored by ccs/v4 because it exceeded search pattern filesize limit: jquery.js
[2026-05-28 13:52:22,662] multiqc                                            [DEBUG  ]  File ignored by hicexplorer because it exceeded search pattern filesize limit: jquery.js
[2026-05-28 13:52:22,662] multiqc                                            [DEBUG  ]  File ignored by lima/summary because it exceeded search pattern filesize limit: jquery.js
[2026-05-28 13:52:22,664] multiqc                                            [DEBUG  ]  File ignored by longranger/invocation because it exceeded search pattern filesize limit: jquery.js
[2026-05-28 13:52:22,672] multiqc                                            [DEBUG  ]  File ignored by nanostat because it exceeded search pattern filesize limit: jquery.js
[2026-05-28 13:52:22,691] multiqc                                            [DEBUG  ]  File ignored by ccs/v4 because it exceeded search pattern filesize limit: pygments.css
[2026-05-28 13:52:22,692] multiqc                                            [DEBUG  ]  File ignored by lima/summary because it exceeded search pattern filesize limit: pygments.css
[2026-05-28 13:52:22,694] multiqc                                            [DEBUG  ]  File ignored by longranger/invocation because it exceeded search pattern filesize limit: pygments.css
[2026-05-28 13:52:22,739] multiqc                                            [DEBUG  ]  File ignored by ccs/v4 because it exceeded search pattern filesize limit: searchtools.js
[2026-05-28 13:52:22,740] multiqc                                            [DEBUG  ]  File ignored by hicexplorer because it exceeded search pattern filesize limit: searchtools.js
[2026-05-28 13:52:22,741] multiqc                                            [DEBUG  ]  File ignored by lima/summary because it exceeded search pattern filesize limit: searchtools.js
[2026-05-28 13:52:22,742] multiqc                                            [DEBUG  ]  File ignored by longranger/invocation because it exceeded search pattern filesize limit: searchtools.js
[2026-05-28 13:52:22,754] multiqc                                            [DEBUG  ]  File ignored by nanostat because it exceeded search pattern filesize limit: searchtools.js
[2026-05-28 13:52:22,781] multiqc                                            [DEBUG  ]  File ignored by ccs/v4 because it exceeded search pattern filesize limit: underscore.js
[2026-05-28 13:52:22,782] multiqc                                            [DEBUG  ]  File ignored by hicexplorer because it exceeded search pattern filesize limit: underscore.js
[2026-05-28 13:52:22,782] multiqc                                            [DEBUG  ]  File ignored by lima/summary because it exceeded search pattern filesize limit: underscore.js
[2026-05-28 13:52:22,784] multiqc                                            [DEBUG  ]  File ignored by longranger/invocation because it exceeded search pattern filesize limit: underscore.js
[2026-05-28 13:52:22,788] multiqc                                            [DEBUG  ]  File ignored by nanostat because it exceeded search pattern filesize limit: underscore.js
[2026-05-28 13:52:22,810] multiqc                                            [DEBUG  ]  File ignored by ccs/v4 because it exceeded search pattern filesize limit: websupport.js
[2026-05-28 13:52:22,811] multiqc                                            [DEBUG  ]  File ignored by hicexplorer because it exceeded search pattern filesize limit: websupport.js
[2026-05-28 13:52:22,811] multiqc                                            [DEBUG  ]  File ignored by lima/summary because it exceeded search pattern filesize limit: websupport.js
[2026-05-28 13:52:22,813] multiqc                                            [DEBUG  ]  File ignored by longranger/invocation because it exceeded search pattern filesize limit: websupport.js
[2026-05-28 13:52:22,829] multiqc                                            [DEBUG  ]  File ignored by nanostat because it exceeded search pattern filesize limit: websupport.js
[2026-05-28 13:52:22,847] multiqc                                            [DEBUG  ]  File ignored by ccs/v4 because it exceeded search pattern filesize limit: coverage_profile_along_genes_(low).txt
[2026-05-28 13:52:22,848] multiqc                                            [DEBUG  ]  File ignored by lima/summary because it exceeded search pattern filesize limit: coverage_profile_along_genes_(low).txt
[2026-05-28 13:52:22,850] multiqc                                            [DEBUG  ]  File ignored by longranger/invocation because it exceeded search pattern filesize limit: coverage_profile_along_genes_(low).txt
[2026-05-28 13:52:22,858] multiqc                                            [DEBUG  ]  File ignored by ccs/v4 because it exceeded search pattern filesize limit: coverage_profile_along_genes_(high).txt
[2026-05-28 13:52:22,859] multiqc                                            [DEBUG  ]  File ignored by lima/summary because it exceeded search pattern filesize limit: coverage_profile_along_genes_(high).txt
[2026-05-28 13:52:22,861] multiqc                                            [DEBUG  ]  File ignored by longranger/invocation because it exceeded search pattern filesize limit: coverage_profile_along_genes_(high).txt
[2026-05-28 13:52:22,898] multiqc                                            [DEBUG  ]  File ignored by ccs/v4 because it exceeded search pattern filesize limit: qualimapReport.html
[2026-05-28 13:52:22,899] multiqc                                            [DEBUG  ]  File ignored by hicexplorer because it exceeded search pattern filesize limit: qualimapReport.html
[2026-05-28 13:52:22,899] multiqc                                            [DEBUG  ]  File ignored by lima/summary because it exceeded search pattern filesize limit: qualimapReport.html
[2026-05-28 13:52:22,901] multiqc                                            [DEBUG  ]  File ignored by longranger/invocation because it exceeded search pattern filesize limit: qualimapReport.html
[2026-05-28 13:52:22,907] multiqc                                            [DEBUG  ]  File ignored by nanostat because it exceeded search pattern filesize limit: qualimapReport.html
[2026-05-28 13:52:22,947] multiqc                                            [DEBUG  ]  File ignored by ccs/v4 because it exceeded search pattern filesize limit: agogo.css
[2026-05-28 13:52:22,948] multiqc                                            [DEBUG  ]  File ignored by hicexplorer because it exceeded search pattern filesize limit: agogo.css
[2026-05-28 13:52:22,948] multiqc                                            [DEBUG  ]  File ignored by lima/summary because it exceeded search pattern filesize limit: agogo.css
[2026-05-28 13:52:22,950] multiqc                                            [DEBUG  ]  File ignored by longranger/invocation because it exceeded search pattern filesize limit: agogo.css
[2026-05-28 13:52:22,960] multiqc                                            [DEBUG  ]  File ignored by nanostat because it exceeded search pattern filesize limit: agogo.css
[2026-05-28 13:52:23,088] multiqc                                            [DEBUG  ]  File ignored by ccs/v4 because it exceeded search pattern filesize limit: basic.css
[2026-05-28 13:52:23,089] multiqc                                            [DEBUG  ]  File ignored by hicexplorer because it exceeded search pattern filesize limit: basic.css
[2026-05-28 13:52:23,089] multiqc                                            [DEBUG  ]  File ignored by lima/summary because it exceeded search pattern filesize limit: basic.css
[2026-05-28 13:52:23,091] multiqc                                            [DEBUG  ]  File ignored by longranger/invocation because it exceeded search pattern filesize limit: basic.css
[2026-05-28 13:52:23,103] multiqc                                            [DEBUG  ]  File ignored by nanostat because it exceeded search pattern filesize limit: basic.css
[2026-05-28 13:52:23,130] multiqc                                            [DEBUG  ]  File ignored by ccs/v4 because it exceeded search pattern filesize limit: doctools.js
[2026-05-28 13:52:23,131] multiqc                                            [DEBUG  ]  File ignored by hicexplorer because it exceeded search pattern filesize limit: doctools.js
[2026-05-28 13:52:23,131] multiqc                                            [DEBUG  ]  File ignored by lima/summary because it exceeded search pattern filesize limit: doctools.js
[2026-05-28 13:52:23,133] multiqc                                            [DEBUG  ]  File ignored by longranger/invocation because it exceeded search pattern filesize limit: doctools.js
[2026-05-28 13:52:23,139] multiqc                                            [DEBUG  ]  File ignored by nanostat because it exceeded search pattern filesize limit: doctools.js
[2026-05-28 13:52:23,163] multiqc                                            [DEBUG  ]  File ignored by ccs/v4 because it exceeded search pattern filesize limit: jquery.js
[2026-05-28 13:52:23,164] multiqc                                            [DEBUG  ]  File ignored by hicexplorer because it exceeded search pattern filesize limit: jquery.js
[2026-05-28 13:52:23,164] multiqc                                            [DEBUG  ]  File ignored by lima/summary because it exceeded search pattern filesize limit: jquery.js
[2026-05-28 13:52:23,166] multiqc                                            [DEBUG  ]  File ignored by longranger/invocation because it exceeded search pattern filesize limit: jquery.js
[2026-05-28 13:52:23,176] multiqc                                            [DEBUG  ]  File ignored by nanostat because it exceeded search pattern filesize limit: jquery.js
[2026-05-28 13:52:23,213] multiqc                                            [DEBUG  ]  File ignored by ccs/v4 because it exceeded search pattern filesize limit: pygments.css
[2026-05-28 13:52:23,214] multiqc                                            [DEBUG  ]  File ignored by lima/summary because it exceeded search pattern filesize limit: pygments.css
[2026-05-28 13:52:23,216] multiqc                                            [DEBUG  ]  File ignored by longranger/invocation because it exceeded search pattern filesize limit: pygments.css
[2026-05-28 13:52:23,362] multiqc                                            [DEBUG  ]  File ignored by ccs/v4 because it exceeded search pattern filesize limit: searchtools.js
[2026-05-28 13:52:23,363] multiqc                                            [DEBUG  ]  File ignored by hicexplorer because it exceeded search pattern filesize limit: searchtools.js
[2026-05-28 13:52:23,364] multiqc                                            [DEBUG  ]  File ignored by lima/summary because it exceeded search pattern filesize limit: searchtools.js
[2026-05-28 13:52:23,366] multiqc                                            [DEBUG  ]  File ignored by longranger/invocation because it exceeded search pattern filesize limit: searchtools.js
[2026-05-28 13:52:23,377] multiqc                                            [DEBUG  ]  File ignored by nanostat because it exceeded search pattern filesize limit: searchtools.js
[2026-05-28 13:52:23,428] multiqc                                            [DEBUG  ]  File ignored by ccs/v4 because it exceeded search pattern filesize limit: underscore.js
[2026-05-28 13:52:23,430] multiqc                                            [DEBUG  ]  File ignored by hicexplorer because it exceeded search pattern filesize limit: underscore.js
[2026-05-28 13:52:23,430] multiqc                                            [DEBUG  ]  File ignored by lima/summary because it exceeded search pattern filesize limit: underscore.js
[2026-05-28 13:52:23,432] multiqc                                            [DEBUG  ]  File ignored by longranger/invocation because it exceeded search pattern filesize limit: underscore.js
[2026-05-28 13:52:23,435] multiqc                                            [DEBUG  ]  File ignored by nanostat because it exceeded search pattern filesize limit: underscore.js
[2026-05-28 13:52:23,527] multiqc                                            [DEBUG  ]  File ignored by ccs/v4 because it exceeded search pattern filesize limit: websupport.js
[2026-05-28 13:52:23,529] multiqc                                            [DEBUG  ]  File ignored by hicexplorer because it exceeded search pattern filesize limit: websupport.js
[2026-05-28 13:52:23,529] multiqc                                            [DEBUG  ]  File ignored by lima/summary because it exceeded search pattern filesize limit: websupport.js
[2026-05-28 13:52:23,531] multiqc                                            [DEBUG  ]  File ignored by longranger/invocation because it exceeded search pattern filesize limit: websupport.js
[2026-05-28 13:52:23,545] multiqc                                            [DEBUG  ]  File ignored by nanostat because it exceeded search pattern filesize limit: websupport.js
[2026-05-28 13:52:23,581] multiqc                                            [DEBUG  ]  File ignored by ccs/v4 because it exceeded search pattern filesize limit: coverage_profile_along_genes_(low).txt
[2026-05-28 13:52:23,583] multiqc                                            [DEBUG  ]  File ignored by lima/summary because it exceeded search pattern filesize limit: coverage_profile_along_genes_(low).txt
[2026-05-28 13:52:23,585] multiqc                                            [DEBUG  ]  File ignored by longranger/invocation because it exceeded search pattern filesize limit: coverage_profile_along_genes_(low).txt
[2026-05-28 13:52:23,593] multiqc                                            [DEBUG  ]  File ignored by ccs/v4 because it exceeded search pattern filesize limit: coverage_profile_along_genes_(high).txt
[2026-05-28 13:52:23,594] multiqc                                            [DEBUG  ]  File ignored by lima/summary because it exceeded search pattern filesize limit: coverage_profile_along_genes_(high).txt
[2026-05-28 13:52:23,597] multiqc                                            [DEBUG  ]  File ignored by longranger/invocation because it exceeded search pattern filesize limit: coverage_profile_along_genes_(high).txt
[2026-05-28 13:52:23,631] multiqc                                            [DEBUG  ]  File ignored by ccs/v4 because it exceeded search pattern filesize limit: qualimapReport.html
[2026-05-28 13:52:23,632] multiqc                                            [DEBUG  ]  File ignored by hicexplorer because it exceeded search pattern filesize limit: qualimapReport.html
[2026-05-28 13:52:23,632] multiqc                                            [DEBUG  ]  File ignored by lima/summary because it exceeded search pattern filesize limit: qualimapReport.html
[2026-05-28 13:52:23,634] multiqc                                            [DEBUG  ]  File ignored by longranger/invocation because it exceeded search pattern filesize limit: qualimapReport.html
[2026-05-28 13:52:23,642] multiqc                                            [DEBUG  ]  File ignored by nanostat because it exceeded search pattern filesize limit: qualimapReport.html
[2026-05-28 13:52:23,690] multiqc                                            [DEBUG  ]  File ignored by ccs/v4 because it exceeded search pattern filesize limit: agogo.css
[2026-05-28 13:52:23,691] multiqc                                            [DEBUG  ]  File ignored by hicexplorer because it exceeded search pattern filesize limit: agogo.css
[2026-05-28 13:52:23,691] multiqc                                            [DEBUG  ]  File ignored by lima/summary because it exceeded search pattern filesize limit: agogo.css
[2026-05-28 13:52:23,693] multiqc                                            [DEBUG  ]  File ignored by longranger/invocation because it exceeded search pattern filesize limit: agogo.css
[2026-05-28 13:52:23,701] multiqc                                            [DEBUG  ]  File ignored by nanostat because it exceeded search pattern filesize limit: agogo.css
[2026-05-28 13:52:23,715] multiqc                                            [DEBUG  ]  File ignored by ccs/v4 because it exceeded search pattern filesize limit: basic.css
[2026-05-28 13:52:23,716] multiqc                                            [DEBUG  ]  File ignored by hicexplorer because it exceeded search pattern filesize limit: basic.css
[2026-05-28 13:52:23,716] multiqc                                            [DEBUG  ]  File ignored by lima/summary because it exceeded search pattern filesize limit: basic.css
[2026-05-28 13:52:23,718] multiqc                                            [DEBUG  ]  File ignored by longranger/invocation because it exceeded search pattern filesize limit: basic.css
[2026-05-28 13:52:23,727] multiqc                                            [DEBUG  ]  File ignored by nanostat because it exceeded search pattern filesize limit: basic.css
[2026-05-28 13:52:23,777] multiqc                                            [DEBUG  ]  File ignored by ccs/v4 because it exceeded search pattern filesize limit: doctools.js
[2026-05-28 13:52:23,778] multiqc                                            [DEBUG  ]  File ignored by hicexplorer because it exceeded search pattern filesize limit: doctools.js
[2026-05-28 13:52:23,778] multiqc                                            [DEBUG  ]  File ignored by lima/summary because it exceeded search pattern filesize limit: doctools.js
[2026-05-28 13:52:23,780] multiqc                                            [DEBUG  ]  File ignored by longranger/invocation because it exceeded search pattern filesize limit: doctools.js
[2026-05-28 13:52:23,786] multiqc                                            [DEBUG  ]  File ignored by nanostat because it exceeded search pattern filesize limit: doctools.js
[2026-05-28 13:52:23,893] multiqc                                            [DEBUG  ]  File ignored by ccs/v4 because it exceeded search pattern filesize limit: jquery.js
[2026-05-28 13:52:23,894] multiqc                                            [DEBUG  ]  File ignored by hicexplorer because it exceeded search pattern filesize limit: jquery.js
[2026-05-28 13:52:23,894] multiqc                                            [DEBUG  ]  File ignored by lima/summary because it exceeded search pattern filesize limit: jquery.js
[2026-05-28 13:52:23,896] multiqc                                            [DEBUG  ]  File ignored by longranger/invocation because it exceeded search pattern filesize limit: jquery.js
[2026-05-28 13:52:23,904] multiqc                                            [DEBUG  ]  File ignored by nanostat because it exceeded search pattern filesize limit: jquery.js
[2026-05-28 13:52:24,034] multiqc                                            [DEBUG  ]  File ignored by ccs/v4 because it exceeded search pattern filesize limit: pygments.css
[2026-05-28 13:52:24,035] multiqc                                            [DEBUG  ]  File ignored by lima/summary because it exceeded search pattern filesize limit: pygments.css
[2026-05-28 13:52:24,037] multiqc                                            [DEBUG  ]  File ignored by longranger/invocation because it exceeded search pattern filesize limit: pygments.css
[2026-05-28 13:52:24,163] multiqc                                            [DEBUG  ]  File ignored by ccs/v4 because it exceeded search pattern filesize limit: searchtools.js
[2026-05-28 13:52:24,164] multiqc                                            [DEBUG  ]  File ignored by hicexplorer because it exceeded search pattern filesize limit: searchtools.js
[2026-05-28 13:52:24,165] multiqc                                            [DEBUG  ]  File ignored by lima/summary because it exceeded search pattern filesize limit: searchtools.js
[2026-05-28 13:52:24,167] multiqc                                            [DEBUG  ]  File ignored by longranger/invocation because it exceeded search pattern filesize limit: searchtools.js
[2026-05-28 13:52:24,179] multiqc                                            [DEBUG  ]  File ignored by nanostat because it exceeded search pattern filesize limit: searchtools.js
[2026-05-28 13:52:24,251] multiqc                                            [DEBUG  ]  File ignored by ccs/v4 because it exceeded search pattern filesize limit: underscore.js
[2026-05-28 13:52:24,252] multiqc                                            [DEBUG  ]  File ignored by hicexplorer because it exceeded search pattern filesize limit: underscore.js
[2026-05-28 13:52:24,253] multiqc                                            [DEBUG  ]  File ignored by lima/summary because it exceeded search pattern filesize limit: underscore.js
[2026-05-28 13:52:24,255] multiqc                                            [DEBUG  ]  File ignored by longranger/invocation because it exceeded search pattern filesize limit: underscore.js
[2026-05-28 13:52:24,258] multiqc                                            [DEBUG  ]  File ignored by nanostat because it exceeded search pattern filesize limit: underscore.js
[2026-05-28 13:52:24,289] multiqc                                            [DEBUG  ]  File ignored by ccs/v4 because it exceeded search pattern filesize limit: websupport.js
[2026-05-28 13:52:24,290] multiqc                                            [DEBUG  ]  File ignored by hicexplorer because it exceeded search pattern filesize limit: websupport.js
[2026-05-28 13:52:24,290] multiqc                                            [DEBUG  ]  File ignored by lima/summary because it exceeded search pattern filesize limit: websupport.js
[2026-05-28 13:52:24,292] multiqc                                            [DEBUG  ]  File ignored by longranger/invocation because it exceeded search pattern filesize limit: websupport.js
[2026-05-28 13:52:24,307] multiqc                                            [DEBUG  ]  File ignored by nanostat because it exceeded search pattern filesize limit: websupport.js
[2026-05-28 13:52:24,354] multiqc                                            [DEBUG  ]  File ignored by ccs/v4 because it exceeded search pattern filesize limit: coverage_profile_along_genes_(low).txt
[2026-05-28 13:52:24,355] multiqc                                            [DEBUG  ]  File ignored by lima/summary because it exceeded search pattern filesize limit: coverage_profile_along_genes_(low).txt
[2026-05-28 13:52:24,357] multiqc                                            [DEBUG  ]  File ignored by longranger/invocation because it exceeded search pattern filesize limit: coverage_profile_along_genes_(low).txt
[2026-05-28 13:52:24,397] multiqc                                            [DEBUG  ]  File ignored by ccs/v4 because it exceeded search pattern filesize limit: coverage_profile_along_genes_(high).txt
[2026-05-28 13:52:24,398] multiqc                                            [DEBUG  ]  File ignored by lima/summary because it exceeded search pattern filesize limit: coverage_profile_along_genes_(high).txt
[2026-05-28 13:52:24,400] multiqc                                            [DEBUG  ]  File ignored by longranger/invocation because it exceeded search pattern filesize limit: coverage_profile_along_genes_(high).txt
[2026-05-28 13:52:24,434] multiqc                                            [DEBUG  ]  File ignored by ccs/v4 because it exceeded search pattern filesize limit: qualimapReport.html
[2026-05-28 13:52:24,435] multiqc                                            [DEBUG  ]  File ignored by hicexplorer because it exceeded search pattern filesize limit: qualimapReport.html
[2026-05-28 13:52:24,435] multiqc                                            [DEBUG  ]  File ignored by lima/summary because it exceeded search pattern filesize limit: qualimapReport.html
[2026-05-28 13:52:24,437] multiqc                                            [DEBUG  ]  File ignored by longranger/invocation because it exceeded search pattern filesize limit: qualimapReport.html
[2026-05-28 13:52:24,443] multiqc                                            [DEBUG  ]  File ignored by nanostat because it exceeded search pattern filesize limit: qualimapReport.html
[2026-05-28 13:52:24,473] multiqc                                            [DEBUG  ]  File ignored by ccs/v4 because it exceeded search pattern filesize limit: agogo.css
[2026-05-28 13:52:24,474] multiqc                                            [DEBUG  ]  File ignored by hicexplorer because it exceeded search pattern filesize limit: agogo.css
[2026-05-28 13:52:24,475] multiqc                                            [DEBUG  ]  File ignored by lima/summary because it exceeded search pattern filesize limit: agogo.css
[2026-05-28 13:52:24,477] multiqc                                            [DEBUG  ]  File ignored by longranger/invocation because it exceeded search pattern filesize limit: agogo.css
[2026-05-28 13:52:24,486] multiqc                                            [DEBUG  ]  File ignored by nanostat because it exceeded search pattern filesize limit: agogo.css
[2026-05-28 13:52:24,503] multiqc                                            [DEBUG  ]  File ignored by ccs/v4 because it exceeded search pattern filesize limit: basic.css
[2026-05-28 13:52:24,505] multiqc                                            [DEBUG  ]  File ignored by hicexplorer because it exceeded search pattern filesize limit: basic.css
[2026-05-28 13:52:24,505] multiqc                                            [DEBUG  ]  File ignored by lima/summary because it exceeded search pattern filesize limit: basic.css
[2026-05-28 13:52:24,507] multiqc                                            [DEBUG  ]  File ignored by longranger/invocation because it exceeded search pattern filesize limit: basic.css
[2026-05-28 13:52:24,516] multiqc                                            [DEBUG  ]  File ignored by nanostat because it exceeded search pattern filesize limit: basic.css
[2026-05-28 13:52:24,575] multiqc                                            [DEBUG  ]  File ignored by ccs/v4 because it exceeded search pattern filesize limit: doctools.js
[2026-05-28 13:52:24,576] multiqc                                            [DEBUG  ]  File ignored by hicexplorer because it exceeded search pattern filesize limit: doctools.js
[2026-05-28 13:52:24,576] multiqc                                            [DEBUG  ]  File ignored by lima/summary because it exceeded search pattern filesize limit: doctools.js
[2026-05-28 13:52:24,578] multiqc                                            [DEBUG  ]  File ignored by longranger/invocation because it exceeded search pattern filesize limit: doctools.js
[2026-05-28 13:52:24,584] multiqc                                            [DEBUG  ]  File ignored by nanostat because it exceeded search pattern filesize limit: doctools.js
[2026-05-28 13:52:24,622] multiqc                                            [DEBUG  ]  File ignored by ccs/v4 because it exceeded search pattern filesize limit: jquery.js
[2026-05-28 13:52:24,624] multiqc                                            [DEBUG  ]  File ignored by hicexplorer because it exceeded search pattern filesize limit: jquery.js
[2026-05-28 13:52:24,624] multiqc                                            [DEBUG  ]  File ignored by lima/summary because it exceeded search pattern filesize limit: jquery.js
[2026-05-28 13:52:24,626] multiqc                                            [DEBUG  ]  File ignored by longranger/invocation because it exceeded search pattern filesize limit: jquery.js
[2026-05-28 13:52:24,634] multiqc                                            [DEBUG  ]  File ignored by nanostat because it exceeded search pattern filesize limit: jquery.js
[2026-05-28 13:52:24,656] multiqc                                            [DEBUG  ]  File ignored by ccs/v4 because it exceeded search pattern filesize limit: pygments.css
[2026-05-28 13:52:24,657] multiqc                                            [DEBUG  ]  File ignored by lima/summary because it exceeded search pattern filesize limit: pygments.css
[2026-05-28 13:52:24,659] multiqc                                            [DEBUG  ]  File ignored by longranger/invocation because it exceeded search pattern filesize limit: pygments.css
[2026-05-28 13:52:24,831] multiqc                                            [DEBUG  ]  File ignored by ccs/v4 because it exceeded search pattern filesize limit: searchtools.js
[2026-05-28 13:52:24,832] multiqc                                            [DEBUG  ]  File ignored by hicexplorer because it exceeded search pattern filesize limit: searchtools.js
[2026-05-28 13:52:24,832] multiqc                                            [DEBUG  ]  File ignored by lima/summary because it exceeded search pattern filesize limit: searchtools.js
[2026-05-28 13:52:24,834] multiqc                                            [DEBUG  ]  File ignored by longranger/invocation because it exceeded search pattern filesize limit: searchtools.js
[2026-05-28 13:52:24,848] multiqc                                            [DEBUG  ]  File ignored by nanostat because it exceeded search pattern filesize limit: searchtools.js
[2026-05-28 13:52:24,875] multiqc                                            [DEBUG  ]  File ignored by ccs/v4 because it exceeded search pattern filesize limit: underscore.js
[2026-05-28 13:52:24,876] multiqc                                            [DEBUG  ]  File ignored by hicexplorer because it exceeded search pattern filesize limit: underscore.js
[2026-05-28 13:52:24,876] multiqc                                            [DEBUG  ]  File ignored by lima/summary because it exceeded search pattern filesize limit: underscore.js
[2026-05-28 13:52:24,878] multiqc                                            [DEBUG  ]  File ignored by longranger/invocation because it exceeded search pattern filesize limit: underscore.js
[2026-05-28 13:52:24,882] multiqc                                            [DEBUG  ]  File ignored by nanostat because it exceeded search pattern filesize limit: underscore.js
[2026-05-28 13:52:24,918] multiqc                                            [DEBUG  ]  File ignored by ccs/v4 because it exceeded search pattern filesize limit: websupport.js
[2026-05-28 13:52:24,919] multiqc                                            [DEBUG  ]  File ignored by hicexplorer because it exceeded search pattern filesize limit: websupport.js
[2026-05-28 13:52:24,919] multiqc                                            [DEBUG  ]  File ignored by lima/summary because it exceeded search pattern filesize limit: websupport.js
[2026-05-28 13:52:24,921] multiqc                                            [DEBUG  ]  File ignored by longranger/invocation because it exceeded search pattern filesize limit: websupport.js
[2026-05-28 13:52:24,935] multiqc                                            [DEBUG  ]  File ignored by nanostat because it exceeded search pattern filesize limit: websupport.js
[2026-05-28 13:52:24,990] multiqc                                            [DEBUG  ]  File ignored by ccs/v4 because it exceeded search pattern filesize limit: coverage_profile_along_genes_(low).txt
[2026-05-28 13:52:24,991] multiqc                                            [DEBUG  ]  File ignored by lima/summary because it exceeded search pattern filesize limit: coverage_profile_along_genes_(low).txt
[2026-05-28 13:52:24,993] multiqc                                            [DEBUG  ]  File ignored by longranger/invocation because it exceeded search pattern filesize limit: coverage_profile_along_genes_(low).txt
[2026-05-28 13:52:25,049] multiqc                                            [DEBUG  ]  File ignored by ccs/v4 because it exceeded search pattern filesize limit: coverage_profile_along_genes_(high).txt
[2026-05-28 13:52:25,051] multiqc                                            [DEBUG  ]  File ignored by lima/summary because it exceeded search pattern filesize limit: coverage_profile_along_genes_(high).txt
[2026-05-28 13:52:25,054] multiqc                                            [DEBUG  ]  File ignored by longranger/invocation because it exceeded search pattern filesize limit: coverage_profile_along_genes_(high).txt
[2026-05-28 13:52:25,178] multiqc                                            [DEBUG  ]  File ignored by ccs/v4 because it exceeded search pattern filesize limit: qualimapReport.html
[2026-05-28 13:52:25,179] multiqc                                            [DEBUG  ]  File ignored by hicexplorer because it exceeded search pattern filesize limit: qualimapReport.html
[2026-05-28 13:52:25,179] multiqc                                            [DEBUG  ]  File ignored by lima/summary because it exceeded search pattern filesize limit: qualimapReport.html
[2026-05-28 13:52:25,181] multiqc                                            [DEBUG  ]  File ignored by longranger/invocation because it exceeded search pattern filesize limit: qualimapReport.html
[2026-05-28 13:52:25,189] multiqc                                            [DEBUG  ]  File ignored by nanostat because it exceeded search pattern filesize limit: qualimapReport.html
[2026-05-28 13:52:25,219] multiqc                                            [DEBUG  ]  File ignored by ccs/v4 because it exceeded search pattern filesize limit: agogo.css
[2026-05-28 13:52:25,220] multiqc                                            [DEBUG  ]  File ignored by hicexplorer because it exceeded search pattern filesize limit: agogo.css
[2026-05-28 13:52:25,220] multiqc                                            [DEBUG  ]  File ignored by lima/summary because it exceeded search pattern filesize limit: agogo.css
[2026-05-28 13:52:25,222] multiqc                                            [DEBUG  ]  File ignored by longranger/invocation because it exceeded search pattern filesize limit: agogo.css
[2026-05-28 13:52:25,230] multiqc                                            [DEBUG  ]  File ignored by nanostat because it exceeded search pattern filesize limit: agogo.css
[2026-05-28 13:52:25,357] multiqc                                            [DEBUG  ]  File ignored by ccs/v4 because it exceeded search pattern filesize limit: basic.css
[2026-05-28 13:52:25,358] multiqc                                            [DEBUG  ]  File ignored by hicexplorer because it exceeded search pattern filesize limit: basic.css
[2026-05-28 13:52:25,358] multiqc                                            [DEBUG  ]  File ignored by lima/summary because it exceeded search pattern filesize limit: basic.css
[2026-05-28 13:52:25,360] multiqc                                            [DEBUG  ]  File ignored by longranger/invocation because it exceeded search pattern filesize limit: basic.css
[2026-05-28 13:52:25,370] multiqc                                            [DEBUG  ]  File ignored by nanostat because it exceeded search pattern filesize limit: basic.css
[2026-05-28 13:52:25,395] multiqc                                            [DEBUG  ]  File ignored by ccs/v4 because it exceeded search pattern filesize limit: doctools.js
[2026-05-28 13:52:25,396] multiqc                                            [DEBUG  ]  File ignored by hicexplorer because it exceeded search pattern filesize limit: doctools.js
[2026-05-28 13:52:25,396] multiqc                                            [DEBUG  ]  File ignored by lima/summary because it exceeded search pattern filesize limit: doctools.js
[2026-05-28 13:52:25,398] multiqc                                            [DEBUG  ]  File ignored by longranger/invocation because it exceeded search pattern filesize limit: doctools.js
[2026-05-28 13:52:25,404] multiqc                                            [DEBUG  ]  File ignored by nanostat because it exceeded search pattern filesize limit: doctools.js
[2026-05-28 13:52:25,433] multiqc                                            [DEBUG  ]  File ignored by ccs/v4 because it exceeded search pattern filesize limit: jquery.js
[2026-05-28 13:52:25,434] multiqc                                            [DEBUG  ]  File ignored by hicexplorer because it exceeded search pattern filesize limit: jquery.js
[2026-05-28 13:52:25,434] multiqc                                            [DEBUG  ]  File ignored by lima/summary because it exceeded search pattern filesize limit: jquery.js
[2026-05-28 13:52:25,436] multiqc                                            [DEBUG  ]  File ignored by longranger/invocation because it exceeded search pattern filesize limit: jquery.js
[2026-05-28 13:52:25,444] multiqc                                            [DEBUG  ]  File ignored by nanostat because it exceeded search pattern filesize limit: jquery.js
[2026-05-28 13:52:25,452] multiqc                                            [DEBUG  ]  File ignored by ccs/v4 because it exceeded search pattern filesize limit: pygments.css
[2026-05-28 13:52:25,453] multiqc                                            [DEBUG  ]  File ignored by lima/summary because it exceeded search pattern filesize limit: pygments.css
[2026-05-28 13:52:25,457] multiqc                                            [DEBUG  ]  File ignored by longranger/invocation because it exceeded search pattern filesize limit: pygments.css
[2026-05-28 13:52:25,480] multiqc                                            [DEBUG  ]  File ignored by ccs/v4 because it exceeded search pattern filesize limit: searchtools.js
[2026-05-28 13:52:25,481] multiqc                                            [DEBUG  ]  File ignored by hicexplorer because it exceeded search pattern filesize limit: searchtools.js
[2026-05-28 13:52:25,481] multiqc                                            [DEBUG  ]  File ignored by lima/summary because it exceeded search pattern filesize limit: searchtools.js
[2026-05-28 13:52:25,483] multiqc                                            [DEBUG  ]  File ignored by longranger/invocation because it exceeded search pattern filesize limit: searchtools.js
[2026-05-28 13:52:25,494] multiqc                                            [DEBUG  ]  File ignored by nanostat because it exceeded search pattern filesize limit: searchtools.js
[2026-05-28 13:52:25,513] multiqc                                            [DEBUG  ]  File ignored by ccs/v4 because it exceeded search pattern filesize limit: underscore.js
[2026-05-28 13:52:25,514] multiqc                                            [DEBUG  ]  File ignored by hicexplorer because it exceeded search pattern filesize limit: underscore.js
[2026-05-28 13:52:25,514] multiqc                                            [DEBUG  ]  File ignored by lima/summary because it exceeded search pattern filesize limit: underscore.js
[2026-05-28 13:52:25,516] multiqc                                            [DEBUG  ]  File ignored by longranger/invocation because it exceeded search pattern filesize limit: underscore.js
[2026-05-28 13:52:25,520] multiqc                                            [DEBUG  ]  File ignored by nanostat because it exceeded search pattern filesize limit: underscore.js
[2026-05-28 13:52:25,538] multiqc                                            [DEBUG  ]  File ignored by ccs/v4 because it exceeded search pattern filesize limit: websupport.js
[2026-05-28 13:52:25,539] multiqc                                            [DEBUG  ]  File ignored by hicexplorer because it exceeded search pattern filesize limit: websupport.js
[2026-05-28 13:52:25,539] multiqc                                            [DEBUG  ]  File ignored by lima/summary because it exceeded search pattern filesize limit: websupport.js
[2026-05-28 13:52:25,541] multiqc                                            [DEBUG  ]  File ignored by longranger/invocation because it exceeded search pattern filesize limit: websupport.js
[2026-05-28 13:52:25,556] multiqc                                            [DEBUG  ]  File ignored by nanostat because it exceeded search pattern filesize limit: websupport.js
[2026-05-28 13:52:25,579] multiqc                                            [DEBUG  ]  File ignored by ccs/v4 because it exceeded search pattern filesize limit: coverage_profile_along_genes_(low).txt
[2026-05-28 13:52:25,580] multiqc                                            [DEBUG  ]  File ignored by lima/summary because it exceeded search pattern filesize limit: coverage_profile_along_genes_(low).txt
[2026-05-28 13:52:25,582] multiqc                                            [DEBUG  ]  File ignored by longranger/invocation because it exceeded search pattern filesize limit: coverage_profile_along_genes_(low).txt
[2026-05-28 13:52:25,590] multiqc                                            [DEBUG  ]  File ignored by ccs/v4 because it exceeded search pattern filesize limit: coverage_profile_along_genes_(high).txt
[2026-05-28 13:52:25,591] multiqc                                            [DEBUG  ]  File ignored by lima/summary because it exceeded search pattern filesize limit: coverage_profile_along_genes_(high).txt
[2026-05-28 13:52:25,593] multiqc                                            [DEBUG  ]  File ignored by longranger/invocation because it exceeded search pattern filesize limit: coverage_profile_along_genes_(high).txt
[2026-05-28 13:52:25,620] multiqc                                            [DEBUG  ]  File ignored by ccs/v4 because it exceeded search pattern filesize limit: qualimapReport.html
[2026-05-28 13:52:25,621] multiqc                                            [DEBUG  ]  File ignored by hicexplorer because it exceeded search pattern filesize limit: qualimapReport.html
[2026-05-28 13:52:25,622] multiqc                                            [DEBUG  ]  File ignored by lima/summary because it exceeded search pattern filesize limit: qualimapReport.html
[2026-05-28 13:52:25,623] multiqc                                            [DEBUG  ]  File ignored by longranger/invocation because it exceeded search pattern filesize limit: qualimapReport.html
[2026-05-28 13:52:25,630] multiqc                                            [DEBUG  ]  File ignored by nanostat because it exceeded search pattern filesize limit: qualimapReport.html
[2026-05-28 13:52:25,657] multiqc                                            [DEBUG  ]  File ignored by ccs/v4 because it exceeded search pattern filesize limit: agogo.css
[2026-05-28 13:52:25,658] multiqc                                            [DEBUG  ]  File ignored by hicexplorer because it exceeded search pattern filesize limit: agogo.css
[2026-05-28 13:52:25,658] multiqc                                            [DEBUG  ]  File ignored by lima/summary because it exceeded search pattern filesize limit: agogo.css
[2026-05-28 13:52:25,663] multiqc                                            [DEBUG  ]  File ignored by longranger/invocation because it exceeded search pattern filesize limit: agogo.css
[2026-05-28 13:52:25,672] multiqc                                            [DEBUG  ]  File ignored by nanostat because it exceeded search pattern filesize limit: agogo.css
[2026-05-28 13:52:25,713] multiqc                                            [DEBUG  ]  File ignored by ccs/v4 because it exceeded search pattern filesize limit: basic.css
[2026-05-28 13:52:25,714] multiqc                                            [DEBUG  ]  File ignored by hicexplorer because it exceeded search pattern filesize limit: basic.css
[2026-05-28 13:52:25,714] multiqc                                            [DEBUG  ]  File ignored by lima/summary because it exceeded search pattern filesize limit: basic.css
[2026-05-28 13:52:25,716] multiqc                                            [DEBUG  ]  File ignored by longranger/invocation because it exceeded search pattern filesize limit: basic.css
[2026-05-28 13:52:25,725] multiqc                                            [DEBUG  ]  File ignored by nanostat because it exceeded search pattern filesize limit: basic.css
[2026-05-28 13:52:25,834] multiqc                                            [DEBUG  ]  File ignored by ccs/v4 because it exceeded search pattern filesize limit: doctools.js
[2026-05-28 13:52:25,835] multiqc                                            [DEBUG  ]  File ignored by hicexplorer because it exceeded search pattern filesize limit: doctools.js
[2026-05-28 13:52:25,835] multiqc                                            [DEBUG  ]  File ignored by lima/summary because it exceeded search pattern filesize limit: doctools.js
[2026-05-28 13:52:25,837] multiqc                                            [DEBUG  ]  File ignored by longranger/invocation because it exceeded search pattern filesize limit: doctools.js
[2026-05-28 13:52:25,843] multiqc                                            [DEBUG  ]  File ignored by nanostat because it exceeded search pattern filesize limit: doctools.js
[2026-05-28 13:52:25,930] multiqc                                            [DEBUG  ]  File ignored by ccs/v4 because it exceeded search pattern filesize limit: jquery.js
[2026-05-28 13:52:25,931] multiqc                                            [DEBUG  ]  File ignored by hicexplorer because it exceeded search pattern filesize limit: jquery.js
[2026-05-28 13:52:25,932] multiqc                                            [DEBUG  ]  File ignored by lima/summary because it exceeded search pattern filesize limit: jquery.js
[2026-05-28 13:52:25,934] multiqc                                            [DEBUG  ]  File ignored by longranger/invocation because it exceeded search pattern filesize limit: jquery.js
[2026-05-28 13:52:25,941] multiqc                                            [DEBUG  ]  File ignored by nanostat because it exceeded search pattern filesize limit: jquery.js
[2026-05-28 13:52:25,977] multiqc                                            [DEBUG  ]  File ignored by ccs/v4 because it exceeded search pattern filesize limit: pygments.css
[2026-05-28 13:52:25,978] multiqc                                            [DEBUG  ]  File ignored by lima/summary because it exceeded search pattern filesize limit: pygments.css
[2026-05-28 13:52:25,980] multiqc                                            [DEBUG  ]  File ignored by longranger/invocation because it exceeded search pattern filesize limit: pygments.css
[2026-05-28 13:52:26,159] multiqc                                            [DEBUG  ]  File ignored by ccs/v4 because it exceeded search pattern filesize limit: searchtools.js
[2026-05-28 13:52:26,161] multiqc                                            [DEBUG  ]  File ignored by hicexplorer because it exceeded search pattern filesize limit: searchtools.js
[2026-05-28 13:52:26,161] multiqc                                            [DEBUG  ]  File ignored by lima/summary because it exceeded search pattern filesize limit: searchtools.js
[2026-05-28 13:52:26,163] multiqc                                            [DEBUG  ]  File ignored by longranger/invocation because it exceeded search pattern filesize limit: searchtools.js
[2026-05-28 13:52:26,178] multiqc                                            [DEBUG  ]  File ignored by nanostat because it exceeded search pattern filesize limit: searchtools.js
[2026-05-28 13:52:26,183] multiqc                                            [DEBUG  ]  File ignored by ccs/v4 because it exceeded search pattern filesize limit: underscore.js
[2026-05-28 13:52:26,184] multiqc                                            [DEBUG  ]  File ignored by hicexplorer because it exceeded search pattern filesize limit: underscore.js
[2026-05-28 13:52:26,184] multiqc                                            [DEBUG  ]  File ignored by lima/summary because it exceeded search pattern filesize limit: underscore.js
[2026-05-28 13:52:26,187] multiqc                                            [DEBUG  ]  File ignored by longranger/invocation because it exceeded search pattern filesize limit: underscore.js
[2026-05-28 13:52:26,190] multiqc                                            [DEBUG  ]  File ignored by nanostat because it exceeded search pattern filesize limit: underscore.js
[2026-05-28 13:52:26,302] multiqc                                            [DEBUG  ]  File ignored by ccs/v4 because it exceeded search pattern filesize limit: websupport.js
[2026-05-28 13:52:26,303] multiqc                                            [DEBUG  ]  File ignored by hicexplorer because it exceeded search pattern filesize limit: websupport.js
[2026-05-28 13:52:26,303] multiqc                                            [DEBUG  ]  File ignored by lima/summary because it exceeded search pattern filesize limit: websupport.js
[2026-05-28 13:52:26,305] multiqc                                            [DEBUG  ]  File ignored by longranger/invocation because it exceeded search pattern filesize limit: websupport.js
[2026-05-28 13:52:26,319] multiqc                                            [DEBUG  ]  File ignored by nanostat because it exceeded search pattern filesize limit: websupport.js
[2026-05-28 13:52:26,448] multiqc                                            [DEBUG  ]  File ignored by ccs/v4 because it exceeded search pattern filesize limit: coverage_profile_along_genes_(low).txt
[2026-05-28 13:52:26,449] multiqc                                            [DEBUG  ]  File ignored by lima/summary because it exceeded search pattern filesize limit: coverage_profile_along_genes_(low).txt
[2026-05-28 13:52:26,451] multiqc                                            [DEBUG  ]  File ignored by longranger/invocation because it exceeded search pattern filesize limit: coverage_profile_along_genes_(low).txt
[2026-05-28 13:52:26,495] multiqc                                            [DEBUG  ]  File ignored by ccs/v4 because it exceeded search pattern filesize limit: coverage_profile_along_genes_(high).txt
[2026-05-28 13:52:26,496] multiqc                                            [DEBUG  ]  File ignored by lima/summary because it exceeded search pattern filesize limit: coverage_profile_along_genes_(high).txt
[2026-05-28 13:52:26,498] multiqc                                            [DEBUG  ]  File ignored by longranger/invocation because it exceeded search pattern filesize limit: coverage_profile_along_genes_(high).txt
[2026-05-28 13:52:26,523] multiqc                                            [DEBUG  ]  File ignored by ccs/v4 because it exceeded search pattern filesize limit: qualimapReport.html
[2026-05-28 13:52:26,524] multiqc                                            [DEBUG  ]  File ignored by hicexplorer because it exceeded search pattern filesize limit: qualimapReport.html
[2026-05-28 13:52:26,525] multiqc                                            [DEBUG  ]  File ignored by lima/summary because it exceeded search pattern filesize limit: qualimapReport.html
[2026-05-28 13:52:26,526] multiqc                                            [DEBUG  ]  File ignored by longranger/invocation because it exceeded search pattern filesize limit: qualimapReport.html
[2026-05-28 13:52:26,533] multiqc                                            [DEBUG  ]  File ignored by nanostat because it exceeded search pattern filesize limit: qualimapReport.html
[2026-05-28 13:52:26,573] multiqc                                            [DEBUG  ]  File ignored by ccs/v4 because it exceeded search pattern filesize limit: agogo.css
[2026-05-28 13:52:26,573] multiqc                                            [DEBUG  ]  File ignored by hicexplorer because it exceeded search pattern filesize limit: agogo.css
[2026-05-28 13:52:26,574] multiqc                                            [DEBUG  ]  File ignored by lima/summary because it exceeded search pattern filesize limit: agogo.css
[2026-05-28 13:52:26,575] multiqc                                            [DEBUG  ]  File ignored by longranger/invocation because it exceeded search pattern filesize limit: agogo.css
[2026-05-28 13:52:26,586] multiqc                                            [DEBUG  ]  File ignored by nanostat because it exceeded search pattern filesize limit: agogo.css
[2026-05-28 13:52:26,645] multiqc                                            [DEBUG  ]  File ignored by ccs/v4 because it exceeded search pattern filesize limit: basic.css
[2026-05-28 13:52:26,646] multiqc                                            [DEBUG  ]  File ignored by hicexplorer because it exceeded search pattern filesize limit: basic.css
[2026-05-28 13:52:26,646] multiqc                                            [DEBUG  ]  File ignored by lima/summary because it exceeded search pattern filesize limit: basic.css
[2026-05-28 13:52:26,648] multiqc                                            [DEBUG  ]  File ignored by longranger/invocation because it exceeded search pattern filesize limit: basic.css
[2026-05-28 13:52:26,658] multiqc                                            [DEBUG  ]  File ignored by nanostat because it exceeded search pattern filesize limit: basic.css
[2026-05-28 13:52:26,669] multiqc                                            [DEBUG  ]  File ignored by ccs/v4 because it exceeded search pattern filesize limit: doctools.js
[2026-05-28 13:52:26,670] multiqc                                            [DEBUG  ]  File ignored by hicexplorer because it exceeded search pattern filesize limit: doctools.js
[2026-05-28 13:52:26,671] multiqc                                            [DEBUG  ]  File ignored by lima/summary because it exceeded search pattern filesize limit: doctools.js
[2026-05-28 13:52:26,672] multiqc                                            [DEBUG  ]  File ignored by longranger/invocation because it exceeded search pattern filesize limit: doctools.js
[2026-05-28 13:52:26,678] multiqc                                            [DEBUG  ]  File ignored by nanostat because it exceeded search pattern filesize limit: doctools.js
[2026-05-28 13:52:26,710] multiqc                                            [DEBUG  ]  File ignored by ccs/v4 because it exceeded search pattern filesize limit: jquery.js
[2026-05-28 13:52:26,711] multiqc                                            [DEBUG  ]  File ignored by hicexplorer because it exceeded search pattern filesize limit: jquery.js
[2026-05-28 13:52:26,711] multiqc                                            [DEBUG  ]  File ignored by lima/summary because it exceeded search pattern filesize limit: jquery.js
[2026-05-28 13:52:26,713] multiqc                                            [DEBUG  ]  File ignored by longranger/invocation because it exceeded search pattern filesize limit: jquery.js
[2026-05-28 13:52:26,720] multiqc                                            [DEBUG  ]  File ignored by nanostat because it exceeded search pattern filesize limit: jquery.js
[2026-05-28 13:52:26,787] multiqc                                            [DEBUG  ]  File ignored by ccs/v4 because it exceeded search pattern filesize limit: pygments.css
[2026-05-28 13:52:26,788] multiqc                                            [DEBUG  ]  File ignored by lima/summary because it exceeded search pattern filesize limit: pygments.css
[2026-05-28 13:52:26,791] multiqc                                            [DEBUG  ]  File ignored by longranger/invocation because it exceeded search pattern filesize limit: pygments.css
[2026-05-28 13:52:26,930] multiqc                                            [DEBUG  ]  File ignored by ccs/v4 because it exceeded search pattern filesize limit: searchtools.js
[2026-05-28 13:52:26,932] multiqc                                            [DEBUG  ]  File ignored by hicexplorer because it exceeded search pattern filesize limit: searchtools.js
[2026-05-28 13:52:26,932] multiqc                                            [DEBUG  ]  File ignored by lima/summary because it exceeded search pattern filesize limit: searchtools.js
[2026-05-28 13:52:26,934] multiqc                                            [DEBUG  ]  File ignored by longranger/invocation because it exceeded search pattern filesize limit: searchtools.js
[2026-05-28 13:52:26,946] multiqc                                            [DEBUG  ]  File ignored by nanostat because it exceeded search pattern filesize limit: searchtools.js
[2026-05-28 13:52:26,962] multiqc                                            [DEBUG  ]  File ignored by ccs/v4 because it exceeded search pattern filesize limit: underscore.js
[2026-05-28 13:52:26,963] multiqc                                            [DEBUG  ]  File ignored by hicexplorer because it exceeded search pattern filesize limit: underscore.js
[2026-05-28 13:52:26,963] multiqc                                            [DEBUG  ]  File ignored by lima/summary because it exceeded search pattern filesize limit: underscore.js
[2026-05-28 13:52:26,965] multiqc                                            [DEBUG  ]  File ignored by longranger/invocation because it exceeded search pattern filesize limit: underscore.js
[2026-05-28 13:52:26,968] multiqc                                            [DEBUG  ]  File ignored by nanostat because it exceeded search pattern filesize limit: underscore.js
[2026-05-28 13:52:27,031] multiqc                                            [DEBUG  ]  File ignored by ccs/v4 because it exceeded search pattern filesize limit: websupport.js
[2026-05-28 13:52:27,032] multiqc                                            [DEBUG  ]  File ignored by hicexplorer because it exceeded search pattern filesize limit: websupport.js
[2026-05-28 13:52:27,032] multiqc                                            [DEBUG  ]  File ignored by lima/summary because it exceeded search pattern filesize limit: websupport.js
[2026-05-28 13:52:27,034] multiqc                                            [DEBUG  ]  File ignored by longranger/invocation because it exceeded search pattern filesize limit: websupport.js
[2026-05-28 13:52:27,049] multiqc                                            [DEBUG  ]  File ignored by nanostat because it exceeded search pattern filesize limit: websupport.js
[2026-05-28 13:52:27,119] multiqc                                            [DEBUG  ]  File ignored by ccs/v4 because it exceeded search pattern filesize limit: coverage_profile_along_genes_(low).txt
[2026-05-28 13:52:27,120] multiqc                                            [DEBUG  ]  File ignored by lima/summary because it exceeded search pattern filesize limit: coverage_profile_along_genes_(low).txt
[2026-05-28 13:52:27,122] multiqc                                            [DEBUG  ]  File ignored by longranger/invocation because it exceeded search pattern filesize limit: coverage_profile_along_genes_(low).txt
[2026-05-28 13:52:27,154] multiqc                                            [DEBUG  ]  File ignored by ccs/v4 because it exceeded search pattern filesize limit: coverage_profile_along_genes_(high).txt
[2026-05-28 13:52:27,155] multiqc                                            [DEBUG  ]  File ignored by lima/summary because it exceeded search pattern filesize limit: coverage_profile_along_genes_(high).txt
[2026-05-28 13:52:27,157] multiqc                                            [DEBUG  ]  File ignored by longranger/invocation because it exceeded search pattern filesize limit: coverage_profile_along_genes_(high).txt
[2026-05-28 13:52:27,184] multiqc                                            [DEBUG  ]  File ignored by ccs/v4 because it exceeded search pattern filesize limit: qualimapReport.html
[2026-05-28 13:52:27,185] multiqc                                            [DEBUG  ]  File ignored by hicexplorer because it exceeded search pattern filesize limit: qualimapReport.html
[2026-05-28 13:52:27,185] multiqc                                            [DEBUG  ]  File ignored by lima/summary because it exceeded search pattern filesize limit: qualimapReport.html
[2026-05-28 13:52:27,187] multiqc                                            [DEBUG  ]  File ignored by longranger/invocation because it exceeded search pattern filesize limit: qualimapReport.html
[2026-05-28 13:52:27,197] multiqc                                            [DEBUG  ]  File ignored by nanostat because it exceeded search pattern filesize limit: qualimapReport.html
[2026-05-28 13:52:27,303] multiqc                                            [DEBUG  ]  File ignored by ccs/v4 because it exceeded search pattern filesize limit: agogo.css
[2026-05-28 13:52:27,304] multiqc                                            [DEBUG  ]  File ignored by hicexplorer because it exceeded search pattern filesize limit: agogo.css
[2026-05-28 13:52:27,304] multiqc                                            [DEBUG  ]  File ignored by lima/summary because it exceeded search pattern filesize limit: agogo.css
[2026-05-28 13:52:27,306] multiqc                                            [DEBUG  ]  File ignored by longranger/invocation because it exceeded search pattern filesize limit: agogo.css
[2026-05-28 13:52:27,316] multiqc                                            [DEBUG  ]  File ignored by nanostat because it exceeded search pattern filesize limit: agogo.css
[2026-05-28 13:52:27,339] multiqc                                            [DEBUG  ]  File ignored by ccs/v4 because it exceeded search pattern filesize limit: basic.css
[2026-05-28 13:52:27,340] multiqc                                            [DEBUG  ]  File ignored by hicexplorer because it exceeded search pattern filesize limit: basic.css
[2026-05-28 13:52:27,340] multiqc                                            [DEBUG  ]  File ignored by lima/summary because it exceeded search pattern filesize limit: basic.css
[2026-05-28 13:52:27,342] multiqc                                            [DEBUG  ]  File ignored by longranger/invocation because it exceeded search pattern filesize limit: basic.css
[2026-05-28 13:52:27,354] multiqc                                            [DEBUG  ]  File ignored by nanostat because it exceeded search pattern filesize limit: basic.css
[2026-05-28 13:52:27,393] multiqc                                            [DEBUG  ]  File ignored by ccs/v4 because it exceeded search pattern filesize limit: doctools.js
[2026-05-28 13:52:27,394] multiqc                                            [DEBUG  ]  File ignored by hicexplorer because it exceeded search pattern filesize limit: doctools.js
[2026-05-28 13:52:27,394] multiqc                                            [DEBUG  ]  File ignored by lima/summary because it exceeded search pattern filesize limit: doctools.js
[2026-05-28 13:52:27,396] multiqc                                            [DEBUG  ]  File ignored by longranger/invocation because it exceeded search pattern filesize limit: doctools.js
[2026-05-28 13:52:27,404] multiqc                                            [DEBUG  ]  File ignored by nanostat because it exceeded search pattern filesize limit: doctools.js
[2026-05-28 13:52:27,432] multiqc                                            [DEBUG  ]  File ignored by ccs/v4 because it exceeded search pattern filesize limit: jquery.js
[2026-05-28 13:52:27,433] multiqc                                            [DEBUG  ]  File ignored by hicexplorer because it exceeded search pattern filesize limit: jquery.js
[2026-05-28 13:52:27,433] multiqc                                            [DEBUG  ]  File ignored by lima/summary because it exceeded search pattern filesize limit: jquery.js
[2026-05-28 13:52:27,435] multiqc                                            [DEBUG  ]  File ignored by longranger/invocation because it exceeded search pattern filesize limit: jquery.js
[2026-05-28 13:52:27,444] multiqc                                            [DEBUG  ]  File ignored by nanostat because it exceeded search pattern filesize limit: jquery.js
[2026-05-28 13:52:27,502] multiqc                                            [DEBUG  ]  File ignored by ccs/v4 because it exceeded search pattern filesize limit: pygments.css
[2026-05-28 13:52:27,504] multiqc                                            [DEBUG  ]  File ignored by lima/summary because it exceeded search pattern filesize limit: pygments.css
[2026-05-28 13:52:27,506] multiqc                                            [DEBUG  ]  File ignored by longranger/invocation because it exceeded search pattern filesize limit: pygments.css
[2026-05-28 13:52:27,649] multiqc                                            [DEBUG  ]  File ignored by ccs/v4 because it exceeded search pattern filesize limit: searchtools.js
[2026-05-28 13:52:27,650] multiqc                                            [DEBUG  ]  File ignored by hicexplorer because it exceeded search pattern filesize limit: searchtools.js
[2026-05-28 13:52:27,651] multiqc                                            [DEBUG  ]  File ignored by lima/summary because it exceeded search pattern filesize limit: searchtools.js
[2026-05-28 13:52:27,652] multiqc                                            [DEBUG  ]  File ignored by longranger/invocation because it exceeded search pattern filesize limit: searchtools.js
[2026-05-28 13:52:27,663] multiqc                                            [DEBUG  ]  File ignored by nanostat because it exceeded search pattern filesize limit: searchtools.js
[2026-05-28 13:52:27,691] multiqc                                            [DEBUG  ]  File ignored by ccs/v4 because it exceeded search pattern filesize limit: underscore.js
[2026-05-28 13:52:27,692] multiqc                                            [DEBUG  ]  File ignored by hicexplorer because it exceeded search pattern filesize limit: underscore.js
[2026-05-28 13:52:27,692] multiqc                                            [DEBUG  ]  File ignored by lima/summary because it exceeded search pattern filesize limit: underscore.js
[2026-05-28 13:52:27,694] multiqc                                            [DEBUG  ]  File ignored by longranger/invocation because it exceeded search pattern filesize limit: underscore.js
[2026-05-28 13:52:27,698] multiqc                                            [DEBUG  ]  File ignored by nanostat because it exceeded search pattern filesize limit: underscore.js
[2026-05-28 13:52:27,719] multiqc                                            [DEBUG  ]  File ignored by ccs/v4 because it exceeded search pattern filesize limit: websupport.js
[2026-05-28 13:52:27,720] multiqc                                            [DEBUG  ]  File ignored by hicexplorer because it exceeded search pattern filesize limit: websupport.js
[2026-05-28 13:52:27,720] multiqc                                            [DEBUG  ]  File ignored by lima/summary because it exceeded search pattern filesize limit: websupport.js
[2026-05-28 13:52:27,723] multiqc                                            [DEBUG  ]  File ignored by longranger/invocation because it exceeded search pattern filesize limit: websupport.js
[2026-05-28 13:52:27,738] multiqc                                            [DEBUG  ]  File ignored by nanostat because it exceeded search pattern filesize limit: websupport.js
[2026-05-28 13:52:27,758] multiqc                                            [DEBUG  ]  File ignored by ccs/v4 because it exceeded search pattern filesize limit: coverage_profile_along_genes_(low).txt
[2026-05-28 13:52:27,759] multiqc                                            [DEBUG  ]  File ignored by lima/summary because it exceeded search pattern filesize limit: coverage_profile_along_genes_(low).txt
[2026-05-28 13:52:27,761] multiqc                                            [DEBUG  ]  File ignored by longranger/invocation because it exceeded search pattern filesize limit: coverage_profile_along_genes_(low).txt
[2026-05-28 13:52:27,804] multiqc                                            [DEBUG  ]  File ignored by ccs/v4 because it exceeded search pattern filesize limit: coverage_profile_along_genes_(high).txt
[2026-05-28 13:52:27,805] multiqc                                            [DEBUG  ]  File ignored by lima/summary because it exceeded search pattern filesize limit: coverage_profile_along_genes_(high).txt
[2026-05-28 13:52:27,810] multiqc                                            [DEBUG  ]  File ignored by longranger/invocation because it exceeded search pattern filesize limit: coverage_profile_along_genes_(high).txt
[2026-05-28 13:52:27,839] multiqc                                            [DEBUG  ]  File ignored by ccs/v4 because it exceeded search pattern filesize limit: qualimapReport.html
[2026-05-28 13:52:27,840] multiqc                                            [DEBUG  ]  File ignored by hicexplorer because it exceeded search pattern filesize limit: qualimapReport.html
[2026-05-28 13:52:27,840] multiqc                                            [DEBUG  ]  File ignored by lima/summary because it exceeded search pattern filesize limit: qualimapReport.html
[2026-05-28 13:52:27,842] multiqc                                            [DEBUG  ]  File ignored by longranger/invocation because it exceeded search pattern filesize limit: qualimapReport.html
[2026-05-28 13:52:27,848] multiqc                                            [DEBUG  ]  File ignored by nanostat because it exceeded search pattern filesize limit: qualimapReport.html
[2026-05-28 13:52:27,922] multiqc                                            [DEBUG  ]  File ignored by ccs/v4 because it exceeded search pattern filesize limit: agogo.css
[2026-05-28 13:52:27,923] multiqc                                            [DEBUG  ]  File ignored by hicexplorer because it exceeded search pattern filesize limit: agogo.css
[2026-05-28 13:52:27,923] multiqc                                            [DEBUG  ]  File ignored by lima/summary because it exceeded search pattern filesize limit: agogo.css
[2026-05-28 13:52:27,925] multiqc                                            [DEBUG  ]  File ignored by longranger/invocation because it exceeded search pattern filesize limit: agogo.css
[2026-05-28 13:52:27,933] multiqc                                            [DEBUG  ]  File ignored by nanostat because it exceeded search pattern filesize limit: agogo.css
[2026-05-28 13:52:27,973] multiqc                                            [DEBUG  ]  File ignored by ccs/v4 because it exceeded search pattern filesize limit: basic.css
[2026-05-28 13:52:27,974] multiqc                                            [DEBUG  ]  File ignored by hicexplorer because it exceeded search pattern filesize limit: basic.css
[2026-05-28 13:52:27,974] multiqc                                            [DEBUG  ]  File ignored by lima/summary because it exceeded search pattern filesize limit: basic.css
[2026-05-28 13:52:27,976] multiqc                                            [DEBUG  ]  File ignored by longranger/invocation because it exceeded search pattern filesize limit: basic.css
[2026-05-28 13:52:27,986] multiqc                                            [DEBUG  ]  File ignored by nanostat because it exceeded search pattern filesize limit: basic.css
[2026-05-28 13:52:28,016] multiqc                                            [DEBUG  ]  File ignored by ccs/v4 because it exceeded search pattern filesize limit: doctools.js
[2026-05-28 13:52:28,017] multiqc                                            [DEBUG  ]  File ignored by hicexplorer because it exceeded search pattern filesize limit: doctools.js
[2026-05-28 13:52:28,017] multiqc                                            [DEBUG  ]  File ignored by lima/summary because it exceeded search pattern filesize limit: doctools.js
[2026-05-28 13:52:28,019] multiqc                                            [DEBUG  ]  File ignored by longranger/invocation because it exceeded search pattern filesize limit: doctools.js
[2026-05-28 13:52:28,025] multiqc                                            [DEBUG  ]  File ignored by nanostat because it exceeded search pattern filesize limit: doctools.js
[2026-05-28 13:52:28,047] multiqc                                            [DEBUG  ]  File ignored by ccs/v4 because it exceeded search pattern filesize limit: jquery.js
[2026-05-28 13:52:28,048] multiqc                                            [DEBUG  ]  File ignored by hicexplorer because it exceeded search pattern filesize limit: jquery.js
[2026-05-28 13:52:28,048] multiqc                                            [DEBUG  ]  File ignored by lima/summary because it exceeded search pattern filesize limit: jquery.js
[2026-05-28 13:52:28,050] multiqc                                            [DEBUG  ]  File ignored by longranger/invocation because it exceeded search pattern filesize limit: jquery.js
[2026-05-28 13:52:28,058] multiqc                                            [DEBUG  ]  File ignored by nanostat because it exceeded search pattern filesize limit: jquery.js
[2026-05-28 13:52:28,136] multiqc                                            [DEBUG  ]  File ignored by ccs/v4 because it exceeded search pattern filesize limit: pygments.css
[2026-05-28 13:52:28,137] multiqc                                            [DEBUG  ]  File ignored by lima/summary because it exceeded search pattern filesize limit: pygments.css
[2026-05-28 13:52:28,139] multiqc                                            [DEBUG  ]  File ignored by longranger/invocation because it exceeded search pattern filesize limit: pygments.css
[2026-05-28 13:52:28,206] multiqc                                            [DEBUG  ]  File ignored by ccs/v4 because it exceeded search pattern filesize limit: searchtools.js
[2026-05-28 13:52:28,207] multiqc                                            [DEBUG  ]  File ignored by hicexplorer because it exceeded search pattern filesize limit: searchtools.js
[2026-05-28 13:52:28,207] multiqc                                            [DEBUG  ]  File ignored by lima/summary because it exceeded search pattern filesize limit: searchtools.js
[2026-05-28 13:52:28,209] multiqc                                            [DEBUG  ]  File ignored by longranger/invocation because it exceeded search pattern filesize limit: searchtools.js
[2026-05-28 13:52:28,225] multiqc                                            [DEBUG  ]  File ignored by nanostat because it exceeded search pattern filesize limit: searchtools.js
[2026-05-28 13:52:28,327] multiqc                                            [DEBUG  ]  File ignored by ccs/v4 because it exceeded search pattern filesize limit: underscore.js
[2026-05-28 13:52:28,328] multiqc                                            [DEBUG  ]  File ignored by hicexplorer because it exceeded search pattern filesize limit: underscore.js
[2026-05-28 13:52:28,329] multiqc                                            [DEBUG  ]  File ignored by lima/summary because it exceeded search pattern filesize limit: underscore.js
[2026-05-28 13:52:28,331] multiqc                                            [DEBUG  ]  File ignored by longranger/invocation because it exceeded search pattern filesize limit: underscore.js
[2026-05-28 13:52:28,334] multiqc                                            [DEBUG  ]  File ignored by nanostat because it exceeded search pattern filesize limit: underscore.js
[2026-05-28 13:52:28,658] multiqc                                            [DEBUG  ]  File ignored by ccs/v4 because it exceeded search pattern filesize limit: websupport.js
[2026-05-28 13:52:28,660] multiqc                                            [DEBUG  ]  File ignored by hicexplorer because it exceeded search pattern filesize limit: websupport.js
[2026-05-28 13:52:28,660] multiqc                                            [DEBUG  ]  File ignored by lima/summary because it exceeded search pattern filesize limit: websupport.js
[2026-05-28 13:52:28,662] multiqc                                            [DEBUG  ]  File ignored by longranger/invocation because it exceeded search pattern filesize limit: websupport.js
[2026-05-28 13:52:28,677] multiqc                                            [DEBUG  ]  File ignored by nanostat because it exceeded search pattern filesize limit: websupport.js
[2026-05-28 13:52:28,800] multiqc                                            [DEBUG  ]  File ignored by ccs/v4 because it exceeded search pattern filesize limit: coverage_profile_along_genes_(low).txt
[2026-05-28 13:52:28,801] multiqc                                            [DEBUG  ]  File ignored by lima/summary because it exceeded search pattern filesize limit: coverage_profile_along_genes_(low).txt
[2026-05-28 13:52:28,803] multiqc                                            [DEBUG  ]  File ignored by longranger/invocation because it exceeded search pattern filesize limit: coverage_profile_along_genes_(low).txt
[2026-05-28 13:52:28,811] multiqc                                            [DEBUG  ]  File ignored by ccs/v4 because it exceeded search pattern filesize limit: coverage_profile_along_genes_(high).txt
[2026-05-28 13:52:28,812] multiqc                                            [DEBUG  ]  File ignored by lima/summary because it exceeded search pattern filesize limit: coverage_profile_along_genes_(high).txt
[2026-05-28 13:52:28,814] multiqc                                            [DEBUG  ]  File ignored by longranger/invocation because it exceeded search pattern filesize limit: coverage_profile_along_genes_(high).txt
[2026-05-28 13:52:28,855] multiqc                                            [DEBUG  ]  File ignored by ccs/v4 because it exceeded search pattern filesize limit: qualimapReport.html
[2026-05-28 13:52:28,856] multiqc                                            [DEBUG  ]  File ignored by hicexplorer because it exceeded search pattern filesize limit: qualimapReport.html
[2026-05-28 13:52:28,856] multiqc                                            [DEBUG  ]  File ignored by lima/summary because it exceeded search pattern filesize limit: qualimapReport.html
[2026-05-28 13:52:28,858] multiqc                                            [DEBUG  ]  File ignored by longranger/invocation because it exceeded search pattern filesize limit: qualimapReport.html
[2026-05-28 13:52:28,867] multiqc                                            [DEBUG  ]  File ignored by nanostat because it exceeded search pattern filesize limit: qualimapReport.html
[2026-05-28 13:52:28,879] multiqc                                            [DEBUG  ]  File ignored by ccs/v4 because it exceeded search pattern filesize limit: agogo.css
[2026-05-28 13:52:28,880] multiqc                                            [DEBUG  ]  File ignored by hicexplorer because it exceeded search pattern filesize limit: agogo.css
[2026-05-28 13:52:28,880] multiqc                                            [DEBUG  ]  File ignored by lima/summary because it exceeded search pattern filesize limit: agogo.css
[2026-05-28 13:52:28,882] multiqc                                            [DEBUG  ]  File ignored by longranger/invocation because it exceeded search pattern filesize limit: agogo.css
[2026-05-28 13:52:28,890] multiqc                                            [DEBUG  ]  File ignored by nanostat because it exceeded search pattern filesize limit: agogo.css
[2026-05-28 13:52:28,935] multiqc                                            [DEBUG  ]  File ignored by ccs/v4 because it exceeded search pattern filesize limit: basic.css
[2026-05-28 13:52:28,936] multiqc                                            [DEBUG  ]  File ignored by hicexplorer because it exceeded search pattern filesize limit: basic.css
[2026-05-28 13:52:28,937] multiqc                                            [DEBUG  ]  File ignored by lima/summary because it exceeded search pattern filesize limit: basic.css
[2026-05-28 13:52:28,939] multiqc                                            [DEBUG  ]  File ignored by longranger/invocation because it exceeded search pattern filesize limit: basic.css
[2026-05-28 13:52:28,950] multiqc                                            [DEBUG  ]  File ignored by nanostat because it exceeded search pattern filesize limit: basic.css
[2026-05-28 13:52:28,961] multiqc                                            [DEBUG  ]  File ignored by ccs/v4 because it exceeded search pattern filesize limit: doctools.js
[2026-05-28 13:52:28,962] multiqc                                            [DEBUG  ]  File ignored by hicexplorer because it exceeded search pattern filesize limit: doctools.js
[2026-05-28 13:52:28,962] multiqc                                            [DEBUG  ]  File ignored by lima/summary because it exceeded search pattern filesize limit: doctools.js
[2026-05-28 13:52:28,964] multiqc                                            [DEBUG  ]  File ignored by longranger/invocation because it exceeded search pattern filesize limit: doctools.js
[2026-05-28 13:52:28,971] multiqc                                            [DEBUG  ]  File ignored by nanostat because it exceeded search pattern filesize limit: doctools.js
[2026-05-28 13:52:28,999] multiqc                                            [DEBUG  ]  File ignored by ccs/v4 because it exceeded search pattern filesize limit: jquery.js
[2026-05-28 13:52:29,000] multiqc                                            [DEBUG  ]  File ignored by hicexplorer because it exceeded search pattern filesize limit: jquery.js
[2026-05-28 13:52:29,000] multiqc                                            [DEBUG  ]  File ignored by lima/summary because it exceeded search pattern filesize limit: jquery.js
[2026-05-28 13:52:29,002] multiqc                                            [DEBUG  ]  File ignored by longranger/invocation because it exceeded search pattern filesize limit: jquery.js
[2026-05-28 13:52:29,010] multiqc                                            [DEBUG  ]  File ignored by nanostat because it exceeded search pattern filesize limit: jquery.js
[2026-05-28 13:52:29,037] multiqc                                            [DEBUG  ]  File ignored by ccs/v4 because it exceeded search pattern filesize limit: pygments.css
[2026-05-28 13:52:29,038] multiqc                                            [DEBUG  ]  File ignored by lima/summary because it exceeded search pattern filesize limit: pygments.css
[2026-05-28 13:52:29,040] multiqc                                            [DEBUG  ]  File ignored by longranger/invocation because it exceeded search pattern filesize limit: pygments.css
[2026-05-28 13:52:29,064] multiqc                                            [DEBUG  ]  File ignored by ccs/v4 because it exceeded search pattern filesize limit: searchtools.js
[2026-05-28 13:52:29,065] multiqc                                            [DEBUG  ]  File ignored by hicexplorer because it exceeded search pattern filesize limit: searchtools.js
[2026-05-28 13:52:29,065] multiqc                                            [DEBUG  ]  File ignored by lima/summary because it exceeded search pattern filesize limit: searchtools.js
[2026-05-28 13:52:29,067] multiqc                                            [DEBUG  ]  File ignored by longranger/invocation because it exceeded search pattern filesize limit: searchtools.js
[2026-05-28 13:52:29,077] multiqc                                            [DEBUG  ]  File ignored by nanostat because it exceeded search pattern filesize limit: searchtools.js
[2026-05-28 13:52:29,082] multiqc                                            [DEBUG  ]  File ignored by ccs/v4 because it exceeded search pattern filesize limit: underscore.js
[2026-05-28 13:52:29,083] multiqc                                            [DEBUG  ]  File ignored by hicexplorer because it exceeded search pattern filesize limit: underscore.js
[2026-05-28 13:52:29,083] multiqc                                            [DEBUG  ]  File ignored by lima/summary because it exceeded search pattern filesize limit: underscore.js
[2026-05-28 13:52:29,085] multiqc                                            [DEBUG  ]  File ignored by longranger/invocation because it exceeded search pattern filesize limit: underscore.js
[2026-05-28 13:52:29,089] multiqc                                            [DEBUG  ]  File ignored by nanostat because it exceeded search pattern filesize limit: underscore.js
[2026-05-28 13:52:29,098] multiqc                                            [DEBUG  ]  File ignored by ccs/v4 because it exceeded search pattern filesize limit: websupport.js
[2026-05-28 13:52:29,099] multiqc                                            [DEBUG  ]  File ignored by hicexplorer because it exceeded search pattern filesize limit: websupport.js
[2026-05-28 13:52:29,099] multiqc                                            [DEBUG  ]  File ignored by lima/summary because it exceeded search pattern filesize limit: websupport.js
[2026-05-28 13:52:29,101] multiqc                                            [DEBUG  ]  File ignored by longranger/invocation because it exceeded search pattern filesize limit: websupport.js
[2026-05-28 13:52:29,115] multiqc                                            [DEBUG  ]  File ignored by nanostat because it exceeded search pattern filesize limit: websupport.js
[2026-05-28 13:52:29,219] multiqc                                            [DEBUG  ]  File ignored by ccs/v4 because it exceeded search pattern filesize limit: coverage_profile_along_genes_(low).txt
[2026-05-28 13:52:29,220] multiqc                                            [DEBUG  ]  File ignored by lima/summary because it exceeded search pattern filesize limit: coverage_profile_along_genes_(low).txt
[2026-05-28 13:52:29,222] multiqc                                            [DEBUG  ]  File ignored by longranger/invocation because it exceeded search pattern filesize limit: coverage_profile_along_genes_(low).txt
[2026-05-28 13:52:29,259] multiqc                                            [DEBUG  ]  File ignored by ccs/v4 because it exceeded search pattern filesize limit: coverage_profile_along_genes_(high).txt
[2026-05-28 13:52:29,260] multiqc                                            [DEBUG  ]  File ignored by lima/summary because it exceeded search pattern filesize limit: coverage_profile_along_genes_(high).txt
[2026-05-28 13:52:29,262] multiqc                                            [DEBUG  ]  File ignored by longranger/invocation because it exceeded search pattern filesize limit: coverage_profile_along_genes_(high).txt
[2026-05-28 13:52:29,316] multiqc                                            [DEBUG  ]  File ignored by ccs/v4 because it exceeded search pattern filesize limit: qualimapReport.html
[2026-05-28 13:52:29,317] multiqc                                            [DEBUG  ]  File ignored by hicexplorer because it exceeded search pattern filesize limit: qualimapReport.html
[2026-05-28 13:52:29,317] multiqc                                            [DEBUG  ]  File ignored by lima/summary because it exceeded search pattern filesize limit: qualimapReport.html
[2026-05-28 13:52:29,319] multiqc                                            [DEBUG  ]  File ignored by longranger/invocation because it exceeded search pattern filesize limit: qualimapReport.html
[2026-05-28 13:52:29,326] multiqc                                            [DEBUG  ]  File ignored by nanostat because it exceeded search pattern filesize limit: qualimapReport.html
[2026-05-28 13:52:29,369] multiqc                                            [DEBUG  ]  File ignored by ccs/v4 because it exceeded search pattern filesize limit: agogo.css
[2026-05-28 13:52:29,370] multiqc                                            [DEBUG  ]  File ignored by hicexplorer because it exceeded search pattern filesize limit: agogo.css
[2026-05-28 13:52:29,370] multiqc                                            [DEBUG  ]  File ignored by lima/summary because it exceeded search pattern filesize limit: agogo.css
[2026-05-28 13:52:29,372] multiqc                                            [DEBUG  ]  File ignored by longranger/invocation because it exceeded search pattern filesize limit: agogo.css
[2026-05-28 13:52:29,381] multiqc                                            [DEBUG  ]  File ignored by nanostat because it exceeded search pattern filesize limit: agogo.css
[2026-05-28 13:52:29,411] multiqc                                            [DEBUG  ]  File ignored by ccs/v4 because it exceeded search pattern filesize limit: basic.css
[2026-05-28 13:52:29,412] multiqc                                            [DEBUG  ]  File ignored by hicexplorer because it exceeded search pattern filesize limit: basic.css
[2026-05-28 13:52:29,412] multiqc                                            [DEBUG  ]  File ignored by lima/summary because it exceeded search pattern filesize limit: basic.css
[2026-05-28 13:52:29,414] multiqc                                            [DEBUG  ]  File ignored by longranger/invocation because it exceeded search pattern filesize limit: basic.css
[2026-05-28 13:52:29,423] multiqc                                            [DEBUG  ]  File ignored by nanostat because it exceeded search pattern filesize limit: basic.css
[2026-05-28 13:52:29,435] multiqc                                            [DEBUG  ]  File ignored by ccs/v4 because it exceeded search pattern filesize limit: doctools.js
[2026-05-28 13:52:29,436] multiqc                                            [DEBUG  ]  File ignored by hicexplorer because it exceeded search pattern filesize limit: doctools.js
[2026-05-28 13:52:29,436] multiqc                                            [DEBUG  ]  File ignored by lima/summary because it exceeded search pattern filesize limit: doctools.js
[2026-05-28 13:52:29,438] multiqc                                            [DEBUG  ]  File ignored by longranger/invocation because it exceeded search pattern filesize limit: doctools.js
[2026-05-28 13:52:29,444] multiqc                                            [DEBUG  ]  File ignored by nanostat because it exceeded search pattern filesize limit: doctools.js
[2026-05-28 13:52:29,470] multiqc                                            [DEBUG  ]  File ignored by ccs/v4 because it exceeded search pattern filesize limit: jquery.js
[2026-05-28 13:52:29,471] multiqc                                            [DEBUG  ]  File ignored by hicexplorer because it exceeded search pattern filesize limit: jquery.js
[2026-05-28 13:52:29,472] multiqc                                            [DEBUG  ]  File ignored by lima/summary because it exceeded search pattern filesize limit: jquery.js
[2026-05-28 13:52:29,474] multiqc                                            [DEBUG  ]  File ignored by longranger/invocation because it exceeded search pattern filesize limit: jquery.js
[2026-05-28 13:52:29,482] multiqc                                            [DEBUG  ]  File ignored by nanostat because it exceeded search pattern filesize limit: jquery.js
[2026-05-28 13:52:29,489] multiqc                                            [DEBUG  ]  File ignored by ccs/v4 because it exceeded search pattern filesize limit: pygments.css
[2026-05-28 13:52:29,491] multiqc                                            [DEBUG  ]  File ignored by lima/summary because it exceeded search pattern filesize limit: pygments.css
[2026-05-28 13:52:29,492] multiqc                                            [DEBUG  ]  File ignored by longranger/invocation because it exceeded search pattern filesize limit: pygments.css
[2026-05-28 13:52:29,512] multiqc                                            [DEBUG  ]  File ignored by ccs/v4 because it exceeded search pattern filesize limit: searchtools.js
[2026-05-28 13:52:29,513] multiqc                                            [DEBUG  ]  File ignored by hicexplorer because it exceeded search pattern filesize limit: searchtools.js
[2026-05-28 13:52:29,513] multiqc                                            [DEBUG  ]  File ignored by lima/summary because it exceeded search pattern filesize limit: searchtools.js
[2026-05-28 13:52:29,515] multiqc                                            [DEBUG  ]  File ignored by longranger/invocation because it exceeded search pattern filesize limit: searchtools.js
[2026-05-28 13:52:29,528] multiqc                                            [DEBUG  ]  File ignored by nanostat because it exceeded search pattern filesize limit: searchtools.js
[2026-05-28 13:52:29,537] multiqc                                            [DEBUG  ]  File ignored by ccs/v4 because it exceeded search pattern filesize limit: underscore.js
[2026-05-28 13:52:29,537] multiqc                                            [DEBUG  ]  File ignored by hicexplorer because it exceeded search pattern filesize limit: underscore.js
[2026-05-28 13:52:29,538] multiqc                                            [DEBUG  ]  File ignored by lima/summary because it exceeded search pattern filesize limit: underscore.js
[2026-05-28 13:52:29,540] multiqc                                            [DEBUG  ]  File ignored by longranger/invocation because it exceeded search pattern filesize limit: underscore.js
[2026-05-28 13:52:29,543] multiqc                                            [DEBUG  ]  File ignored by nanostat because it exceeded search pattern filesize limit: underscore.js
[2026-05-28 13:52:29,551] multiqc                                            [DEBUG  ]  File ignored by ccs/v4 because it exceeded search pattern filesize limit: websupport.js
[2026-05-28 13:52:29,552] multiqc                                            [DEBUG  ]  File ignored by hicexplorer because it exceeded search pattern filesize limit: websupport.js
[2026-05-28 13:52:29,552] multiqc                                            [DEBUG  ]  File ignored by lima/summary because it exceeded search pattern filesize limit: websupport.js
[2026-05-28 13:52:29,554] multiqc                                            [DEBUG  ]  File ignored by longranger/invocation because it exceeded search pattern filesize limit: websupport.js
[2026-05-28 13:52:29,570] multiqc                                            [DEBUG  ]  File ignored by nanostat because it exceeded search pattern filesize limit: websupport.js
[2026-05-28 13:52:29,624] multiqc                                            [DEBUG  ]  File ignored by ccs/v4 because it exceeded search pattern filesize limit: coverage_profile_along_genes_(low).txt
[2026-05-28 13:52:29,625] multiqc                                            [DEBUG  ]  File ignored by lima/summary because it exceeded search pattern filesize limit: coverage_profile_along_genes_(low).txt
[2026-05-28 13:52:29,627] multiqc                                            [DEBUG  ]  File ignored by longranger/invocation because it exceeded search pattern filesize limit: coverage_profile_along_genes_(low).txt
[2026-05-28 13:52:29,636] multiqc                                            [DEBUG  ]  File ignored by ccs/v4 because it exceeded search pattern filesize limit: coverage_profile_along_genes_(high).txt
[2026-05-28 13:52:29,637] multiqc                                            [DEBUG  ]  File ignored by lima/summary because it exceeded search pattern filesize limit: coverage_profile_along_genes_(high).txt
[2026-05-28 13:52:29,639] multiqc                                            [DEBUG  ]  File ignored by longranger/invocation because it exceeded search pattern filesize limit: coverage_profile_along_genes_(high).txt
[2026-05-28 13:52:29,676] multiqc                                            [DEBUG  ]  File ignored by ccs/v4 because it exceeded search pattern filesize limit: qualimapReport.html
[2026-05-28 13:52:29,677] multiqc                                            [DEBUG  ]  File ignored by hicexplorer because it exceeded search pattern filesize limit: qualimapReport.html
[2026-05-28 13:52:29,677] multiqc                                            [DEBUG  ]  File ignored by lima/summary because it exceeded search pattern filesize limit: qualimapReport.html
[2026-05-28 13:52:29,679] multiqc                                            [DEBUG  ]  File ignored by longranger/invocation because it exceeded search pattern filesize limit: qualimapReport.html
[2026-05-28 13:52:29,686] multiqc                                            [DEBUG  ]  File ignored by nanostat because it exceeded search pattern filesize limit: qualimapReport.html
[2026-05-28 13:52:29,711] multiqc                                            [DEBUG  ]  File ignored by ccs/v4 because it exceeded search pattern filesize limit: agogo.css
[2026-05-28 13:52:29,712] multiqc                                            [DEBUG  ]  File ignored by hicexplorer because it exceeded search pattern filesize limit: agogo.css
[2026-05-28 13:52:29,712] multiqc                                            [DEBUG  ]  File ignored by lima/summary because it exceeded search pattern filesize limit: agogo.css
[2026-05-28 13:52:29,714] multiqc                                            [DEBUG  ]  File ignored by longranger/invocation because it exceeded search pattern filesize limit: agogo.css
[2026-05-28 13:52:29,723] multiqc                                            [DEBUG  ]  File ignored by nanostat because it exceeded search pattern filesize limit: agogo.css
[2026-05-28 13:52:29,765] multiqc                                            [DEBUG  ]  File ignored by ccs/v4 because it exceeded search pattern filesize limit: basic.css
[2026-05-28 13:52:29,766] multiqc                                            [DEBUG  ]  File ignored by hicexplorer because it exceeded search pattern filesize limit: basic.css
[2026-05-28 13:52:29,766] multiqc                                            [DEBUG  ]  File ignored by lima/summary because it exceeded search pattern filesize limit: basic.css
[2026-05-28 13:52:29,768] multiqc                                            [DEBUG  ]  File ignored by longranger/invocation because it exceeded search pattern filesize limit: basic.css
[2026-05-28 13:52:29,777] multiqc                                            [DEBUG  ]  File ignored by nanostat because it exceeded search pattern filesize limit: basic.css
[2026-05-28 13:52:29,852] multiqc                                            [DEBUG  ]  File ignored by ccs/v4 because it exceeded search pattern filesize limit: doctools.js
[2026-05-28 13:52:29,853] multiqc                                            [DEBUG  ]  File ignored by hicexplorer because it exceeded search pattern filesize limit: doctools.js
[2026-05-28 13:52:29,854] multiqc                                            [DEBUG  ]  File ignored by lima/summary because it exceeded search pattern filesize limit: doctools.js
[2026-05-28 13:52:29,856] multiqc                                            [DEBUG  ]  File ignored by longranger/invocation because it exceeded search pattern filesize limit: doctools.js
[2026-05-28 13:52:29,864] multiqc                                            [DEBUG  ]  File ignored by nanostat because it exceeded search pattern filesize limit: doctools.js
[2026-05-28 13:52:29,912] multiqc                                            [DEBUG  ]  File ignored by ccs/v4 because it exceeded search pattern filesize limit: jquery.js
[2026-05-28 13:52:29,913] multiqc                                            [DEBUG  ]  File ignored by hicexplorer because it exceeded search pattern filesize limit: jquery.js
[2026-05-28 13:52:29,913] multiqc                                            [DEBUG  ]  File ignored by lima/summary because it exceeded search pattern filesize limit: jquery.js
[2026-05-28 13:52:29,916] multiqc                                            [DEBUG  ]  File ignored by longranger/invocation because it exceeded search pattern filesize limit: jquery.js
[2026-05-28 13:52:29,924] multiqc                                            [DEBUG  ]  File ignored by nanostat because it exceeded search pattern filesize limit: jquery.js
[2026-05-28 13:52:29,952] multiqc                                            [DEBUG  ]  File ignored by ccs/v4 because it exceeded search pattern filesize limit: pygments.css
[2026-05-28 13:52:29,953] multiqc                                            [DEBUG  ]  File ignored by lima/summary because it exceeded search pattern filesize limit: pygments.css
[2026-05-28 13:52:29,955] multiqc                                            [DEBUG  ]  File ignored by longranger/invocation because it exceeded search pattern filesize limit: pygments.css
[2026-05-28 13:52:30,034] multiqc                                            [DEBUG  ]  File ignored by ccs/v4 because it exceeded search pattern filesize limit: searchtools.js
[2026-05-28 13:52:30,035] multiqc                                            [DEBUG  ]  File ignored by hicexplorer because it exceeded search pattern filesize limit: searchtools.js
[2026-05-28 13:52:30,035] multiqc                                            [DEBUG  ]  File ignored by lima/summary because it exceeded search pattern filesize limit: searchtools.js
[2026-05-28 13:52:30,037] multiqc                                            [DEBUG  ]  File ignored by longranger/invocation because it exceeded search pattern filesize limit: searchtools.js
[2026-05-28 13:52:30,050] multiqc                                            [DEBUG  ]  File ignored by nanostat because it exceeded search pattern filesize limit: searchtools.js
[2026-05-28 13:52:30,085] multiqc                                            [DEBUG  ]  File ignored by ccs/v4 because it exceeded search pattern filesize limit: underscore.js
[2026-05-28 13:52:30,087] multiqc                                            [DEBUG  ]  File ignored by hicexplorer because it exceeded search pattern filesize limit: underscore.js
[2026-05-28 13:52:30,087] multiqc                                            [DEBUG  ]  File ignored by lima/summary because it exceeded search pattern filesize limit: underscore.js
[2026-05-28 13:52:30,089] multiqc                                            [DEBUG  ]  File ignored by longranger/invocation because it exceeded search pattern filesize limit: underscore.js
[2026-05-28 13:52:30,093] multiqc                                            [DEBUG  ]  File ignored by nanostat because it exceeded search pattern filesize limit: underscore.js
[2026-05-28 13:52:30,116] multiqc                                            [DEBUG  ]  File ignored by ccs/v4 because it exceeded search pattern filesize limit: websupport.js
[2026-05-28 13:52:30,117] multiqc                                            [DEBUG  ]  File ignored by hicexplorer because it exceeded search pattern filesize limit: websupport.js
[2026-05-28 13:52:30,117] multiqc                                            [DEBUG  ]  File ignored by lima/summary because it exceeded search pattern filesize limit: websupport.js
[2026-05-28 13:52:30,119] multiqc                                            [DEBUG  ]  File ignored by longranger/invocation because it exceeded search pattern filesize limit: websupport.js
[2026-05-28 13:52:30,133] multiqc                                            [DEBUG  ]  File ignored by nanostat because it exceeded search pattern filesize limit: websupport.js
[2026-05-28 13:52:30,140] multiqc                                            [DEBUG  ]  File ignored by ccs/v4 because it exceeded search pattern filesize limit: coverage_profile_along_genes_(low).txt
[2026-05-28 13:52:30,141] multiqc                                            [DEBUG  ]  File ignored by lima/summary because it exceeded search pattern filesize limit: coverage_profile_along_genes_(low).txt
[2026-05-28 13:52:30,144] multiqc                                            [DEBUG  ]  File ignored by longranger/invocation because it exceeded search pattern filesize limit: coverage_profile_along_genes_(low).txt
[2026-05-28 13:52:30,200] multiqc                                            [DEBUG  ]  File ignored by ccs/v4 because it exceeded search pattern filesize limit: coverage_profile_along_genes_(high).txt
[2026-05-28 13:52:30,201] multiqc                                            [DEBUG  ]  File ignored by lima/summary because it exceeded search pattern filesize limit: coverage_profile_along_genes_(high).txt
[2026-05-28 13:52:30,203] multiqc                                            [DEBUG  ]  File ignored by longranger/invocation because it exceeded search pattern filesize limit: coverage_profile_along_genes_(high).txt
[2026-05-28 13:52:30,233] multiqc                                            [DEBUG  ]  File ignored by ccs/v4 because it exceeded search pattern filesize limit: qualimapReport.html
[2026-05-28 13:52:30,234] multiqc                                            [DEBUG  ]  File ignored by hicexplorer because it exceeded search pattern filesize limit: qualimapReport.html
[2026-05-28 13:52:30,234] multiqc                                            [DEBUG  ]  File ignored by lima/summary because it exceeded search pattern filesize limit: qualimapReport.html
[2026-05-28 13:52:30,237] multiqc                                            [DEBUG  ]  File ignored by longranger/invocation because it exceeded search pattern filesize limit: qualimapReport.html
[2026-05-28 13:52:30,244] multiqc                                            [DEBUG  ]  File ignored by nanostat because it exceeded search pattern filesize limit: qualimapReport.html
[2026-05-28 13:52:30,280] multiqc                                            [DEBUG  ]  File ignored by ccs/v4 because it exceeded search pattern filesize limit: agogo.css
[2026-05-28 13:52:30,281] multiqc                                            [DEBUG  ]  File ignored by hicexplorer because it exceeded search pattern filesize limit: agogo.css
[2026-05-28 13:52:30,281] multiqc                                            [DEBUG  ]  File ignored by lima/summary because it exceeded search pattern filesize limit: agogo.css
[2026-05-28 13:52:30,283] multiqc                                            [DEBUG  ]  File ignored by longranger/invocation because it exceeded search pattern filesize limit: agogo.css
[2026-05-28 13:52:30,292] multiqc                                            [DEBUG  ]  File ignored by nanostat because it exceeded search pattern filesize limit: agogo.css
[2026-05-28 13:52:30,381] multiqc                                            [DEBUG  ]  File ignored by ccs/v4 because it exceeded search pattern filesize limit: basic.css
[2026-05-28 13:52:30,382] multiqc                                            [DEBUG  ]  File ignored by hicexplorer because it exceeded search pattern filesize limit: basic.css
[2026-05-28 13:52:30,382] multiqc                                            [DEBUG  ]  File ignored by lima/summary because it exceeded search pattern filesize limit: basic.css
[2026-05-28 13:52:30,384] multiqc                                            [DEBUG  ]  File ignored by longranger/invocation because it exceeded search pattern filesize limit: basic.css
[2026-05-28 13:52:30,396] multiqc                                            [DEBUG  ]  File ignored by nanostat because it exceeded search pattern filesize limit: basic.css
[2026-05-28 13:52:30,423] multiqc                                            [DEBUG  ]  File ignored by ccs/v4 because it exceeded search pattern filesize limit: doctools.js
[2026-05-28 13:52:30,424] multiqc                                            [DEBUG  ]  File ignored by hicexplorer because it exceeded search pattern filesize limit: doctools.js
[2026-05-28 13:52:30,424] multiqc                                            [DEBUG  ]  File ignored by lima/summary because it exceeded search pattern filesize limit: doctools.js
[2026-05-28 13:52:30,426] multiqc                                            [DEBUG  ]  File ignored by longranger/invocation because it exceeded search pattern filesize limit: doctools.js
[2026-05-28 13:52:30,432] multiqc                                            [DEBUG  ]  File ignored by nanostat because it exceeded search pattern filesize limit: doctools.js
[2026-05-28 13:52:30,535] multiqc                                            [DEBUG  ]  File ignored by ccs/v4 because it exceeded search pattern filesize limit: jquery.js
[2026-05-28 13:52:30,537] multiqc                                            [DEBUG  ]  File ignored by hicexplorer because it exceeded search pattern filesize limit: jquery.js
[2026-05-28 13:52:30,537] multiqc                                            [DEBUG  ]  File ignored by lima/summary because it exceeded search pattern filesize limit: jquery.js
[2026-05-28 13:52:30,539] multiqc                                            [DEBUG  ]  File ignored by longranger/invocation because it exceeded search pattern filesize limit: jquery.js
[2026-05-28 13:52:30,547] multiqc                                            [DEBUG  ]  File ignored by nanostat because it exceeded search pattern filesize limit: jquery.js
[2026-05-28 13:52:30,567] multiqc                                            [DEBUG  ]  File ignored by ccs/v4 because it exceeded search pattern filesize limit: pygments.css
[2026-05-28 13:52:30,568] multiqc                                            [DEBUG  ]  File ignored by lima/summary because it exceeded search pattern filesize limit: pygments.css
[2026-05-28 13:52:30,570] multiqc                                            [DEBUG  ]  File ignored by longranger/invocation because it exceeded search pattern filesize limit: pygments.css
[2026-05-28 13:52:30,617] multiqc                                            [DEBUG  ]  File ignored by ccs/v4 because it exceeded search pattern filesize limit: searchtools.js
[2026-05-28 13:52:30,618] multiqc                                            [DEBUG  ]  File ignored by hicexplorer because it exceeded search pattern filesize limit: searchtools.js
[2026-05-28 13:52:30,619] multiqc                                            [DEBUG  ]  File ignored by lima/summary because it exceeded search pattern filesize limit: searchtools.js
[2026-05-28 13:52:30,621] multiqc                                            [DEBUG  ]  File ignored by longranger/invocation because it exceeded search pattern filesize limit: searchtools.js
[2026-05-28 13:52:30,631] multiqc                                            [DEBUG  ]  File ignored by nanostat because it exceeded search pattern filesize limit: searchtools.js
[2026-05-28 13:52:30,664] multiqc                                            [DEBUG  ]  File ignored by ccs/v4 because it exceeded search pattern filesize limit: underscore.js
[2026-05-28 13:52:30,665] multiqc                                            [DEBUG  ]  File ignored by hicexplorer because it exceeded search pattern filesize limit: underscore.js
[2026-05-28 13:52:30,665] multiqc                                            [DEBUG  ]  File ignored by lima/summary because it exceeded search pattern filesize limit: underscore.js
[2026-05-28 13:52:30,667] multiqc                                            [DEBUG  ]  File ignored by longranger/invocation because it exceeded search pattern filesize limit: underscore.js
[2026-05-28 13:52:30,671] multiqc                                            [DEBUG  ]  File ignored by nanostat because it exceeded search pattern filesize limit: underscore.js
[2026-05-28 13:52:30,749] multiqc                                            [DEBUG  ]  File ignored by ccs/v4 because it exceeded search pattern filesize limit: websupport.js
[2026-05-28 13:52:30,750] multiqc                                            [DEBUG  ]  File ignored by hicexplorer because it exceeded search pattern filesize limit: websupport.js
[2026-05-28 13:52:30,751] multiqc                                            [DEBUG  ]  File ignored by lima/summary because it exceeded search pattern filesize limit: websupport.js
[2026-05-28 13:52:30,752] multiqc                                            [DEBUG  ]  File ignored by longranger/invocation because it exceeded search pattern filesize limit: websupport.js
[2026-05-28 13:52:30,767] multiqc                                            [DEBUG  ]  File ignored by nanostat because it exceeded search pattern filesize limit: websupport.js
[2026-05-28 13:52:30,804] multiqc                                            [DEBUG  ]  File ignored by ccs/v4 because it exceeded search pattern filesize limit: coverage_profile_along_genes_(low).txt
[2026-05-28 13:52:30,805] multiqc                                            [DEBUG  ]  File ignored by lima/summary because it exceeded search pattern filesize limit: coverage_profile_along_genes_(low).txt
[2026-05-28 13:52:30,807] multiqc                                            [DEBUG  ]  File ignored by longranger/invocation because it exceeded search pattern filesize limit: coverage_profile_along_genes_(low).txt
[2026-05-28 13:52:30,854] multiqc                                            [DEBUG  ]  File ignored by ccs/v4 because it exceeded search pattern filesize limit: coverage_profile_along_genes_(high).txt
[2026-05-28 13:52:30,855] multiqc                                            [DEBUG  ]  File ignored by lima/summary because it exceeded search pattern filesize limit: coverage_profile_along_genes_(high).txt
[2026-05-28 13:52:30,857] multiqc                                            [DEBUG  ]  File ignored by longranger/invocation because it exceeded search pattern filesize limit: coverage_profile_along_genes_(high).txt
[2026-05-28 13:52:30,888] multiqc                                            [DEBUG  ]  File ignored by ccs/v4 because it exceeded search pattern filesize limit: qualimapReport.html
[2026-05-28 13:52:30,889] multiqc                                            [DEBUG  ]  File ignored by hicexplorer because it exceeded search pattern filesize limit: qualimapReport.html
[2026-05-28 13:52:30,889] multiqc                                            [DEBUG  ]  File ignored by lima/summary because it exceeded search pattern filesize limit: qualimapReport.html
[2026-05-28 13:52:30,891] multiqc                                            [DEBUG  ]  File ignored by longranger/invocation because it exceeded search pattern filesize limit: qualimapReport.html
[2026-05-28 13:52:30,898] multiqc                                            [DEBUG  ]  File ignored by nanostat because it exceeded search pattern filesize limit: qualimapReport.html
[2026-05-28 13:52:30,912] multiqc                                            [DEBUG  ]  File ignored by ccs/v4 because it exceeded search pattern filesize limit: agogo.css
[2026-05-28 13:52:30,913] multiqc                                            [DEBUG  ]  File ignored by hicexplorer because it exceeded search pattern filesize limit: agogo.css
[2026-05-28 13:52:30,913] multiqc                                            [DEBUG  ]  File ignored by lima/summary because it exceeded search pattern filesize limit: agogo.css
[2026-05-28 13:52:30,916] multiqc                                            [DEBUG  ]  File ignored by longranger/invocation because it exceeded search pattern filesize limit: agogo.css
[2026-05-28 13:52:30,925] multiqc                                            [DEBUG  ]  File ignored by nanostat because it exceeded search pattern filesize limit: agogo.css
[2026-05-28 13:52:30,947] multiqc                                            [DEBUG  ]  File ignored by ccs/v4 because it exceeded search pattern filesize limit: basic.css
[2026-05-28 13:52:30,948] multiqc                                            [DEBUG  ]  File ignored by hicexplorer because it exceeded search pattern filesize limit: basic.css
[2026-05-28 13:52:30,948] multiqc                                            [DEBUG  ]  File ignored by lima/summary because it exceeded search pattern filesize limit: basic.css
[2026-05-28 13:52:30,950] multiqc                                            [DEBUG  ]  File ignored by longranger/invocation because it exceeded search pattern filesize limit: basic.css
[2026-05-28 13:52:30,959] multiqc                                            [DEBUG  ]  File ignored by nanostat because it exceeded search pattern filesize limit: basic.css
[2026-05-28 13:52:30,971] multiqc                                            [DEBUG  ]  File ignored by ccs/v4 because it exceeded search pattern filesize limit: doctools.js
[2026-05-28 13:52:30,972] multiqc                                            [DEBUG  ]  File ignored by hicexplorer because it exceeded search pattern filesize limit: doctools.js
[2026-05-28 13:52:30,972] multiqc                                            [DEBUG  ]  File ignored by lima/summary because it exceeded search pattern filesize limit: doctools.js
[2026-05-28 13:52:30,974] multiqc                                            [DEBUG  ]  File ignored by longranger/invocation because it exceeded search pattern filesize limit: doctools.js
[2026-05-28 13:52:30,980] multiqc                                            [DEBUG  ]  File ignored by nanostat because it exceeded search pattern filesize limit: doctools.js
[2026-05-28 13:52:31,001] multiqc                                            [DEBUG  ]  File ignored by ccs/v4 because it exceeded search pattern filesize limit: jquery.js
[2026-05-28 13:52:31,002] multiqc                                            [DEBUG  ]  File ignored by hicexplorer because it exceeded search pattern filesize limit: jquery.js
[2026-05-28 13:52:31,002] multiqc                                            [DEBUG  ]  File ignored by lima/summary because it exceeded search pattern filesize limit: jquery.js
[2026-05-28 13:52:31,004] multiqc                                            [DEBUG  ]  File ignored by longranger/invocation because it exceeded search pattern filesize limit: jquery.js
[2026-05-28 13:52:31,013] multiqc                                            [DEBUG  ]  File ignored by nanostat because it exceeded search pattern filesize limit: jquery.js
[2026-05-28 13:52:31,022] multiqc                                            [DEBUG  ]  File ignored by ccs/v4 because it exceeded search pattern filesize limit: pygments.css
[2026-05-28 13:52:31,023] multiqc                                            [DEBUG  ]  File ignored by lima/summary because it exceeded search pattern filesize limit: pygments.css
[2026-05-28 13:52:31,025] multiqc                                            [DEBUG  ]  File ignored by longranger/invocation because it exceeded search pattern filesize limit: pygments.css
[2026-05-28 13:52:31,048] multiqc                                            [DEBUG  ]  File ignored by ccs/v4 because it exceeded search pattern filesize limit: searchtools.js
[2026-05-28 13:52:31,049] multiqc                                            [DEBUG  ]  File ignored by hicexplorer because it exceeded search pattern filesize limit: searchtools.js
[2026-05-28 13:52:31,049] multiqc                                            [DEBUG  ]  File ignored by lima/summary because it exceeded search pattern filesize limit: searchtools.js
[2026-05-28 13:52:31,051] multiqc                                            [DEBUG  ]  File ignored by longranger/invocation because it exceeded search pattern filesize limit: searchtools.js
[2026-05-28 13:52:31,061] multiqc                                            [DEBUG  ]  File ignored by nanostat because it exceeded search pattern filesize limit: searchtools.js
[2026-05-28 13:52:31,066] multiqc                                            [DEBUG  ]  File ignored by ccs/v4 because it exceeded search pattern filesize limit: underscore.js
[2026-05-28 13:52:31,067] multiqc                                            [DEBUG  ]  File ignored by hicexplorer because it exceeded search pattern filesize limit: underscore.js
[2026-05-28 13:52:31,067] multiqc                                            [DEBUG  ]  File ignored by lima/summary because it exceeded search pattern filesize limit: underscore.js
[2026-05-28 13:52:31,069] multiqc                                            [DEBUG  ]  File ignored by longranger/invocation because it exceeded search pattern filesize limit: underscore.js
[2026-05-28 13:52:31,073] multiqc                                            [DEBUG  ]  File ignored by nanostat because it exceeded search pattern filesize limit: underscore.js
[2026-05-28 13:52:31,080] multiqc                                            [DEBUG  ]  File ignored by ccs/v4 because it exceeded search pattern filesize limit: websupport.js
[2026-05-28 13:52:31,081] multiqc                                            [DEBUG  ]  File ignored by hicexplorer because it exceeded search pattern filesize limit: websupport.js
[2026-05-28 13:52:31,081] multiqc                                            [DEBUG  ]  File ignored by lima/summary because it exceeded search pattern filesize limit: websupport.js
[2026-05-28 13:52:31,083] multiqc                                            [DEBUG  ]  File ignored by longranger/invocation because it exceeded search pattern filesize limit: websupport.js
[2026-05-28 13:52:31,099] multiqc                                            [DEBUG  ]  File ignored by nanostat because it exceeded search pattern filesize limit: websupport.js
[2026-05-28 13:52:31,105] multiqc                                            [DEBUG  ]  File ignored by ccs/v4 because it exceeded search pattern filesize limit: coverage_profile_along_genes_(low).txt
[2026-05-28 13:52:31,107] multiqc                                            [DEBUG  ]  File ignored by lima/summary because it exceeded search pattern filesize limit: coverage_profile_along_genes_(low).txt
[2026-05-28 13:52:31,108] multiqc                                            [DEBUG  ]  File ignored by longranger/invocation because it exceeded search pattern filesize limit: coverage_profile_along_genes_(low).txt
[2026-05-28 13:52:31,117] multiqc                                            [DEBUG  ]  File ignored by ccs/v4 because it exceeded search pattern filesize limit: coverage_profile_along_genes_(high).txt
[2026-05-28 13:52:31,118] multiqc                                            [DEBUG  ]  File ignored by lima/summary because it exceeded search pattern filesize limit: coverage_profile_along_genes_(high).txt
[2026-05-28 13:52:31,120] multiqc                                            [DEBUG  ]  File ignored by longranger/invocation because it exceeded search pattern filesize limit: coverage_profile_along_genes_(high).txt
[2026-05-28 13:52:31,128] multiqc                                            [DEBUG  ]  File ignored by ccs/v4 because it exceeded search pattern filesize limit: POC_R24_C2_SJ.out.tab
[2026-05-28 13:52:31,129] multiqc                                            [DEBUG  ]  File ignored by hicexplorer because it exceeded search pattern filesize limit: POC_R24_C2_SJ.out.tab
[2026-05-28 13:52:31,129] multiqc                                            [DEBUG  ]  File ignored by lima/summary because it exceeded search pattern filesize limit: POC_R24_C2_SJ.out.tab
[2026-05-28 13:52:31,131] multiqc                                            [DEBUG  ]  File ignored by longranger/invocation because it exceeded search pattern filesize limit: POC_R24_C2_SJ.out.tab
[2026-05-28 13:52:31,143] multiqc                                            [DEBUG  ]  File ignored by nanostat because it exceeded search pattern filesize limit: POC_R24_C2_SJ.out.tab
[2026-05-28 13:52:31,148] multiqc                                            [DEBUG  ]  File ignored by ccs/v4 because it exceeded search pattern filesize limit: POC_R1_H2_SJ.out.tab
[2026-05-28 13:52:31,149] multiqc                                            [DEBUG  ]  File ignored by hicexplorer because it exceeded search pattern filesize limit: POC_R1_H2_SJ.out.tab
[2026-05-28 13:52:31,149] multiqc                                            [DEBUG  ]  File ignored by lima/summary because it exceeded search pattern filesize limit: POC_R1_H2_SJ.out.tab
[2026-05-28 13:52:31,151] multiqc                                            [DEBUG  ]  File ignored by longranger/invocation because it exceeded search pattern filesize limit: POC_R1_H2_SJ.out.tab
[2026-05-28 13:52:31,169] multiqc                                            [DEBUG  ]  File ignored by nanostat because it exceeded search pattern filesize limit: POC_R1_H2_SJ.out.tab
[2026-05-28 13:52:31,173] multiqc                                            [DEBUG  ]  File ignored by ccs/v4 because it exceeded search pattern filesize limit: POC_R120_H3_Log.progress.out
[2026-05-28 13:52:31,174] multiqc                                            [DEBUG  ]  File ignored by lima/summary because it exceeded search pattern filesize limit: POC_R120_H3_Log.progress.out
[2026-05-28 13:52:31,176] multiqc                                            [DEBUG  ]  File ignored by longranger/invocation because it exceeded search pattern filesize limit: POC_R120_H3_Log.progress.out
[2026-05-28 13:52:31,183] multiqc                                            [DEBUG  ]  File ignored by ccs/v4 because it exceeded search pattern filesize limit: POC_R0_H1_Log.progress.out
[2026-05-28 13:52:31,184] multiqc                                            [DEBUG  ]  File ignored by lima/summary because it exceeded search pattern filesize limit: POC_R0_H1_Log.progress.out
[2026-05-28 13:52:31,186] multiqc                                            [DEBUG  ]  File ignored by longranger/invocation because it exceeded search pattern filesize limit: POC_R0_H1_Log.progress.out
[2026-05-28 13:52:31,196] multiqc                                            [DEBUG  ]  File ignored by ccs/v4 because it exceeded search pattern filesize limit: POC_R0_C1_SJ.out.tab
[2026-05-28 13:52:31,197] multiqc                                            [DEBUG  ]  File ignored by hicexplorer because it exceeded search pattern filesize limit: POC_R0_C1_SJ.out.tab
[2026-05-28 13:52:31,197] multiqc                                            [DEBUG  ]  File ignored by lima/summary because it exceeded search pattern filesize limit: POC_R0_C1_SJ.out.tab
[2026-05-28 13:52:31,199] multiqc                                            [DEBUG  ]  File ignored by longranger/invocation because it exceeded search pattern filesize limit: POC_R0_C1_SJ.out.tab
[2026-05-28 13:52:31,214] multiqc                                            [DEBUG  ]  File ignored by nanostat because it exceeded search pattern filesize limit: POC_R0_C1_SJ.out.tab
[2026-05-28 13:52:31,218] multiqc                                            [DEBUG  ]  File ignored by ccs/v4 because it exceeded search pattern filesize limit: POC_R0_C1_Log.progress.out
[2026-05-28 13:52:31,220] multiqc                                            [DEBUG  ]  File ignored by lima/summary because it exceeded search pattern filesize limit: POC_R0_C1_Log.progress.out
[2026-05-28 13:52:31,222] multiqc                                            [DEBUG  ]  File ignored by longranger/invocation because it exceeded search pattern filesize limit: POC_R0_C1_Log.progress.out
[2026-05-28 13:52:31,230] multiqc                                            [DEBUG  ]  File ignored by ccs/v4 because it exceeded search pattern filesize limit: POC_R120_C3_Log.progress.out
[2026-05-28 13:52:31,231] multiqc                                            [DEBUG  ]  File ignored by lima/summary because it exceeded search pattern filesize limit: POC_R120_C3_Log.progress.out
[2026-05-28 13:52:31,233] multiqc                                            [DEBUG  ]  File ignored by longranger/invocation because it exceeded search pattern filesize limit: POC_R120_C3_Log.progress.out
[2026-05-28 13:52:31,241] multiqc                                            [DEBUG  ]  File ignored by ccs/v4 because it exceeded search pattern filesize limit: POC_R24_C2_Log.out
[2026-05-28 13:52:31,242] multiqc                                            [DEBUG  ]  File ignored by hicexplorer because it exceeded search pattern filesize limit: POC_R24_C2_Log.out
[2026-05-28 13:52:31,242] multiqc                                            [DEBUG  ]  File ignored by lima/summary because it exceeded search pattern filesize limit: POC_R24_C2_Log.out
[2026-05-28 13:52:31,244] multiqc                                            [DEBUG  ]  File ignored by vep/vep_txt because it exceeded search pattern filesize limit: POC_R24_C2_Log.out
[2026-05-28 13:52:31,244] multiqc                                            [DEBUG  ]  File ignored by longranger/invocation because it exceeded search pattern filesize limit: POC_R24_C2_Log.out
[2026-05-28 13:52:31,274] multiqc                                            [DEBUG  ]  File ignored by nanostat because it exceeded search pattern filesize limit: POC_R24_C2_Log.out
[2026-05-28 13:52:31,276] multiqc                                            [DEBUG  ]  Ignoring file as matched an ignore pattern: POC_R24_H2_Aligned.sortedByCoord.out.bam
[2026-05-28 13:52:31,282] multiqc                                            [DEBUG  ]  File ignored by ccs/v4 because it exceeded search pattern filesize limit: POC_R0_H3_Log.out
[2026-05-28 13:52:31,283] multiqc                                            [DEBUG  ]  File ignored by hicexplorer because it exceeded search pattern filesize limit: POC_R0_H3_Log.out
[2026-05-28 13:52:31,284] multiqc                                            [DEBUG  ]  File ignored by lima/summary because it exceeded search pattern filesize limit: POC_R0_H3_Log.out
[2026-05-28 13:52:31,285] multiqc                                            [DEBUG  ]  File ignored by vep/vep_txt because it exceeded search pattern filesize limit: POC_R0_H3_Log.out
[2026-05-28 13:52:31,285] multiqc                                            [DEBUG  ]  File ignored by longranger/invocation because it exceeded search pattern filesize limit: POC_R0_H3_Log.out
[2026-05-28 13:52:31,317] multiqc                                            [DEBUG  ]  File ignored by nanostat because it exceeded search pattern filesize limit: POC_R0_H3_Log.out
[2026-05-28 13:52:31,325] multiqc                                            [DEBUG  ]  File ignored by ccs/v4 because it exceeded search pattern filesize limit: POC_R3_C2_Log.out
[2026-05-28 13:52:31,326] multiqc                                            [DEBUG  ]  File ignored by hicexplorer because it exceeded search pattern filesize limit: POC_R3_C2_Log.out
[2026-05-28 13:52:31,326] multiqc                                            [DEBUG  ]  File ignored by lima/summary because it exceeded search pattern filesize limit: POC_R3_C2_Log.out
[2026-05-28 13:52:31,328] multiqc                                            [DEBUG  ]  File ignored by vep/vep_txt because it exceeded search pattern filesize limit: POC_R3_C2_Log.out
[2026-05-28 13:52:31,328] multiqc                                            [DEBUG  ]  File ignored by longranger/invocation because it exceeded search pattern filesize limit: POC_R3_C2_Log.out
[2026-05-28 13:52:31,359] multiqc                                            [DEBUG  ]  File ignored by nanostat because it exceeded search pattern filesize limit: POC_R3_C2_Log.out
[2026-05-28 13:52:31,361] multiqc                                            [DEBUG  ]  Ignoring file as matched an ignore pattern: POC_R0_C1_Aligned.sortedByCoord.out.bam
[2026-05-28 13:52:31,361] multiqc                                            [DEBUG  ]  Ignoring file as matched an ignore pattern: POC_R120_H1_Aligned.sortedByCoord.out.bam
[2026-05-28 13:52:31,361] multiqc                                            [DEBUG  ]  Ignoring file as matched an ignore pattern: POC_R120_C3_Aligned.sortedByCoord.out.bam
[2026-05-28 13:52:31,362] multiqc                                            [DEBUG  ]  Ignoring file as matched an ignore pattern: POC_R0_H3_Aligned.sortedByCoord.out.bam
[2026-05-28 13:52:31,368] multiqc                                            [DEBUG  ]  File ignored by ccs/v4 because it exceeded search pattern filesize limit: POC_R120_H2_Log.progress.out
[2026-05-28 13:52:31,369] multiqc                                            [DEBUG  ]  File ignored by lima/summary because it exceeded search pattern filesize limit: POC_R120_H2_Log.progress.out
[2026-05-28 13:52:31,371] multiqc                                            [DEBUG  ]  File ignored by longranger/invocation because it exceeded search pattern filesize limit: POC_R120_H2_Log.progress.out
[2026-05-28 13:52:31,378] multiqc                                            [DEBUG  ]  File ignored by ccs/v4 because it exceeded search pattern filesize limit: POC_R0_C1_Log.out
[2026-05-28 13:52:31,379] multiqc                                            [DEBUG  ]  File ignored by hicexplorer because it exceeded search pattern filesize limit: POC_R0_C1_Log.out
[2026-05-28 13:52:31,379] multiqc                                            [DEBUG  ]  File ignored by lima/summary because it exceeded search pattern filesize limit: POC_R0_C1_Log.out
[2026-05-28 13:52:31,381] multiqc                                            [DEBUG  ]  File ignored by vep/vep_txt because it exceeded search pattern filesize limit: POC_R0_C1_Log.out
[2026-05-28 13:52:31,381] multiqc                                            [DEBUG  ]  File ignored by longranger/invocation because it exceeded search pattern filesize limit: POC_R0_C1_Log.out
[2026-05-28 13:52:31,414] multiqc                                            [DEBUG  ]  File ignored by nanostat because it exceeded search pattern filesize limit: POC_R0_C1_Log.out
[2026-05-28 13:52:31,419] multiqc                                            [DEBUG  ]  File ignored by ccs/v4 because it exceeded search pattern filesize limit: POC_R120_C2_Log.progress.out
[2026-05-28 13:52:31,420] multiqc                                            [DEBUG  ]  File ignored by lima/summary because it exceeded search pattern filesize limit: POC_R120_C2_Log.progress.out
[2026-05-28 13:52:31,422] multiqc                                            [DEBUG  ]  File ignored by longranger/invocation because it exceeded search pattern filesize limit: POC_R120_C2_Log.progress.out
[2026-05-28 13:52:31,429] multiqc                                            [DEBUG  ]  File ignored by ccs/v4 because it exceeded search pattern filesize limit: POC_R0_H3_SJ.out.tab
[2026-05-28 13:52:31,430] multiqc                                            [DEBUG  ]  File ignored by hicexplorer because it exceeded search pattern filesize limit: POC_R0_H3_SJ.out.tab
[2026-05-28 13:52:31,431] multiqc                                            [DEBUG  ]  File ignored by lima/summary because it exceeded search pattern filesize limit: POC_R0_H3_SJ.out.tab
[2026-05-28 13:52:31,433] multiqc                                            [DEBUG  ]  File ignored by longranger/invocation because it exceeded search pattern filesize limit: POC_R0_H3_SJ.out.tab
[2026-05-28 13:52:31,448] multiqc                                            [DEBUG  ]  File ignored by nanostat because it exceeded search pattern filesize limit: POC_R0_H3_SJ.out.tab
[2026-05-28 13:52:31,453] multiqc                                            [DEBUG  ]  File ignored by ccs/v4 because it exceeded search pattern filesize limit: POC_R12_C2_Log.out
[2026-05-28 13:52:31,454] multiqc                                            [DEBUG  ]  File ignored by hicexplorer because it exceeded search pattern filesize limit: POC_R12_C2_Log.out
[2026-05-28 13:52:31,454] multiqc                                            [DEBUG  ]  File ignored by lima/summary because it exceeded search pattern filesize limit: POC_R12_C2_Log.out
[2026-05-28 13:52:31,456] multiqc                                            [DEBUG  ]  File ignored by vep/vep_txt because it exceeded search pattern filesize limit: POC_R12_C2_Log.out
[2026-05-28 13:52:31,456] multiqc                                            [DEBUG  ]  File ignored by longranger/invocation because it exceeded search pattern filesize limit: POC_R12_C2_Log.out
[2026-05-28 13:52:31,486] multiqc                                            [DEBUG  ]  File ignored by nanostat because it exceeded search pattern filesize limit: POC_R12_C2_Log.out
[2026-05-28 13:52:31,488] multiqc                                            [DEBUG  ]  Ignoring file as matched an ignore pattern: POC_R12_C3_Aligned.sortedByCoord.out.bam
[2026-05-28 13:52:31,492] multiqc                                            [DEBUG  ]  File ignored by ccs/v4 because it exceeded search pattern filesize limit: POC_R3_C2_SJ.out.tab
[2026-05-28 13:52:31,493] multiqc                                            [DEBUG  ]  File ignored by hicexplorer because it exceeded search pattern filesize limit: POC_R3_C2_SJ.out.tab
[2026-05-28 13:52:31,493] multiqc                                            [DEBUG  ]  File ignored by lima/summary because it exceeded search pattern filesize limit: POC_R3_C2_SJ.out.tab
[2026-05-28 13:52:31,495] multiqc                                            [DEBUG  ]  File ignored by longranger/invocation because it exceeded search pattern filesize limit: POC_R3_C2_SJ.out.tab
[2026-05-28 13:52:31,510] multiqc                                            [DEBUG  ]  File ignored by nanostat because it exceeded search pattern filesize limit: POC_R3_C2_SJ.out.tab
[2026-05-28 13:52:31,511] multiqc                                            [DEBUG  ]  Ignoring file as matched an ignore pattern: POC_R12_H1_Aligned.sortedByCoord.out.bam
[2026-05-28 13:52:31,514] multiqc                                            [DEBUG  ]  File ignored by ccs/v4 because it exceeded search pattern filesize limit: POC_R120_C1_Log.progress.out
[2026-05-28 13:52:31,515] multiqc                                            [DEBUG  ]  File ignored by lima/summary because it exceeded search pattern filesize limit: POC_R120_C1_Log.progress.out
[2026-05-28 13:52:31,517] multiqc                                            [DEBUG  ]  File ignored by longranger/invocation because it exceeded search pattern filesize limit: POC_R120_C1_Log.progress.out
[2026-05-28 13:52:31,525] multiqc                                            [DEBUG  ]  File ignored by ccs/v4 because it exceeded search pattern filesize limit: POC_R0_C3_Log.progress.out
[2026-05-28 13:52:31,526] multiqc                                            [DEBUG  ]  File ignored by lima/summary because it exceeded search pattern filesize limit: POC_R0_C3_Log.progress.out
[2026-05-28 13:52:31,528] multiqc                                            [DEBUG  ]  File ignored by longranger/invocation because it exceeded search pattern filesize limit: POC_R0_C3_Log.progress.out
[2026-05-28 13:52:31,535] multiqc                                            [DEBUG  ]  File ignored by ccs/v4 because it exceeded search pattern filesize limit: POC_R12_C2_SJ.out.tab
[2026-05-28 13:52:31,536] multiqc                                            [DEBUG  ]  File ignored by hicexplorer because it exceeded search pattern filesize limit: POC_R12_C2_SJ.out.tab
[2026-05-28 13:52:31,536] multiqc                                            [DEBUG  ]  File ignored by lima/summary because it exceeded search pattern filesize limit: POC_R12_C2_SJ.out.tab
[2026-05-28 13:52:31,538] multiqc                                            [DEBUG  ]  File ignored by longranger/invocation because it exceeded search pattern filesize limit: POC_R12_C2_SJ.out.tab
[2026-05-28 13:52:31,557] multiqc                                            [DEBUG  ]  File ignored by nanostat because it exceeded search pattern filesize limit: POC_R12_C2_SJ.out.tab
[2026-05-28 13:52:31,563] multiqc                                            [DEBUG  ]  File ignored by ccs/v4 because it exceeded search pattern filesize limit: POC_R72_H1_SJ.out.tab
[2026-05-28 13:52:31,564] multiqc                                            [DEBUG  ]  File ignored by hicexplorer because it exceeded search pattern filesize limit: POC_R72_H1_SJ.out.tab
[2026-05-28 13:52:31,564] multiqc                                            [DEBUG  ]  File ignored by lima/summary because it exceeded search pattern filesize limit: POC_R72_H1_SJ.out.tab
[2026-05-28 13:52:31,566] multiqc                                            [DEBUG  ]  File ignored by longranger/invocation because it exceeded search pattern filesize limit: POC_R72_H1_SJ.out.tab
[2026-05-28 13:52:31,585] multiqc                                            [DEBUG  ]  File ignored by nanostat because it exceeded search pattern filesize limit: POC_R72_H1_SJ.out.tab
[2026-05-28 13:52:31,590] multiqc                                            [DEBUG  ]  File ignored by ccs/v4 because it exceeded search pattern filesize limit: POC_R0_H3_Log.progress.out
[2026-05-28 13:52:31,591] multiqc                                            [DEBUG  ]  File ignored by lima/summary because it exceeded search pattern filesize limit: POC_R0_H3_Log.progress.out
[2026-05-28 13:52:31,593] multiqc                                            [DEBUG  ]  File ignored by longranger/invocation because it exceeded search pattern filesize limit: POC_R0_H3_Log.progress.out
[2026-05-28 13:52:31,604] multiqc                                            [DEBUG  ]  File ignored by ccs/v4 because it exceeded search pattern filesize limit: POC_R120_H1_Log.progress.out
[2026-05-28 13:52:31,605] multiqc                                            [DEBUG  ]  File ignored by lima/summary because it exceeded search pattern filesize limit: POC_R120_H1_Log.progress.out
[2026-05-28 13:52:31,607] multiqc                                            [DEBUG  ]  File ignored by longranger/invocation because it exceeded search pattern filesize limit: POC_R120_H1_Log.progress.out
[2026-05-28 13:52:31,615] multiqc                                            [DEBUG  ]  File ignored by ccs/v4 because it exceeded search pattern filesize limit: POC_R120_H3_SJ.out.tab
[2026-05-28 13:52:31,616] multiqc                                            [DEBUG  ]  File ignored by hicexplorer because it exceeded search pattern filesize limit: POC_R120_H3_SJ.out.tab
[2026-05-28 13:52:31,616] multiqc                                            [DEBUG  ]  File ignored by lima/summary because it exceeded search pattern filesize limit: POC_R120_H3_SJ.out.tab
[2026-05-28 13:52:31,618] multiqc                                            [DEBUG  ]  File ignored by longranger/invocation because it exceeded search pattern filesize limit: POC_R120_H3_SJ.out.tab
[2026-05-28 13:52:31,633] multiqc                                            [DEBUG  ]  File ignored by nanostat because it exceeded search pattern filesize limit: POC_R120_H3_SJ.out.tab
[2026-05-28 13:52:31,639] multiqc                                            [DEBUG  ]  File ignored by ccs/v4 because it exceeded search pattern filesize limit: POC_R1_H1_Log.out
[2026-05-28 13:52:31,640] multiqc                                            [DEBUG  ]  File ignored by hicexplorer because it exceeded search pattern filesize limit: POC_R1_H1_Log.out
[2026-05-28 13:52:31,640] multiqc                                            [DEBUG  ]  File ignored by lima/summary because it exceeded search pattern filesize limit: POC_R1_H1_Log.out
[2026-05-28 13:52:31,642] multiqc                                            [DEBUG  ]  File ignored by vep/vep_txt because it exceeded search pattern filesize limit: POC_R1_H1_Log.out
[2026-05-28 13:52:31,642] multiqc                                            [DEBUG  ]  File ignored by longranger/invocation because it exceeded search pattern filesize limit: POC_R1_H1_Log.out
[2026-05-28 13:52:31,674] multiqc                                            [DEBUG  ]  File ignored by nanostat because it exceeded search pattern filesize limit: POC_R1_H1_Log.out
[2026-05-28 13:52:31,680] multiqc                                            [DEBUG  ]  File ignored by ccs/v4 because it exceeded search pattern filesize limit: POC_R72_H1_Log.out
[2026-05-28 13:52:31,681] multiqc                                            [DEBUG  ]  File ignored by hicexplorer because it exceeded search pattern filesize limit: POC_R72_H1_Log.out
[2026-05-28 13:52:31,681] multiqc                                            [DEBUG  ]  File ignored by lima/summary because it exceeded search pattern filesize limit: POC_R72_H1_Log.out
[2026-05-28 13:52:31,683] multiqc                                            [DEBUG  ]  File ignored by vep/vep_txt because it exceeded search pattern filesize limit: POC_R72_H1_Log.out
[2026-05-28 13:52:31,683] multiqc                                            [DEBUG  ]  File ignored by longranger/invocation because it exceeded search pattern filesize limit: POC_R72_H1_Log.out
[2026-05-28 13:52:31,716] multiqc                                            [DEBUG  ]  File ignored by nanostat because it exceeded search pattern filesize limit: POC_R72_H1_Log.out
[2026-05-28 13:52:31,721] multiqc                                            [DEBUG  ]  File ignored by ccs/v4 because it exceeded search pattern filesize limit: POC_R120_C2_Log.out
[2026-05-28 13:52:31,722] multiqc                                            [DEBUG  ]  File ignored by hicexplorer because it exceeded search pattern filesize limit: POC_R120_C2_Log.out
[2026-05-28 13:52:31,722] multiqc                                            [DEBUG  ]  File ignored by lima/summary because it exceeded search pattern filesize limit: POC_R120_C2_Log.out
[2026-05-28 13:52:31,724] multiqc                                            [DEBUG  ]  File ignored by vep/vep_txt because it exceeded search pattern filesize limit: POC_R120_C2_Log.out
[2026-05-28 13:52:31,724] multiqc                                            [DEBUG  ]  File ignored by longranger/invocation because it exceeded search pattern filesize limit: POC_R120_C2_Log.out
[2026-05-28 13:52:31,756] multiqc                                            [DEBUG  ]  File ignored by nanostat because it exceeded search pattern filesize limit: POC_R120_C2_Log.out
[2026-05-28 13:52:31,759] multiqc                                            [DEBUG  ]  Ignoring file as matched an ignore pattern: POC_R3_H1_Aligned.sortedByCoord.out.bam
[2026-05-28 13:52:31,760] multiqc                                            [DEBUG  ]  Ignoring file as matched an ignore pattern: POC_R3_C3_Aligned.sortedByCoord.out.bam
[2026-05-28 13:52:31,760] multiqc                                            [DEBUG  ]  Ignoring file as matched an ignore pattern: POC_R72_H1_Aligned.sortedByCoord.out.bam
[2026-05-28 13:52:31,764] multiqc                                            [DEBUG  ]  File ignored by ccs/v4 because it exceeded search pattern filesize limit: POC_R120_C1_SJ.out.tab
[2026-05-28 13:52:31,765] multiqc                                            [DEBUG  ]  File ignored by hicexplorer because it exceeded search pattern filesize limit: POC_R120_C1_SJ.out.tab
[2026-05-28 13:52:31,765] multiqc                                            [DEBUG  ]  File ignored by lima/summary because it exceeded search pattern filesize limit: POC_R120_C1_SJ.out.tab
[2026-05-28 13:52:31,767] multiqc                                            [DEBUG  ]  File ignored by longranger/invocation because it exceeded search pattern filesize limit: POC_R120_C1_SJ.out.tab
[2026-05-28 13:52:31,789] multiqc                                            [DEBUG  ]  File ignored by nanostat because it exceeded search pattern filesize limit: POC_R120_C1_SJ.out.tab
[2026-05-28 13:52:31,790] multiqc                                            [DEBUG  ]  Ignoring file as matched an ignore pattern: POC_R72_C3_Aligned.sortedByCoord.out.bam
[2026-05-28 13:52:31,794] multiqc                                            [DEBUG  ]  File ignored by ccs/v4 because it exceeded search pattern filesize limit: POC_R0_C2_Log.progress.out
[2026-05-28 13:52:31,795] multiqc                                            [DEBUG  ]  File ignored by lima/summary because it exceeded search pattern filesize limit: POC_R0_C2_Log.progress.out
[2026-05-28 13:52:31,797] multiqc                                            [DEBUG  ]  File ignored by longranger/invocation because it exceeded search pattern filesize limit: POC_R0_C2_Log.progress.out
[2026-05-28 13:52:31,802] multiqc                                            [DEBUG  ]  Ignoring file as matched an ignore pattern: POC_R1_H2_Aligned.sortedByCoord.out.bam
[2026-05-28 13:52:31,805] multiqc                                            [DEBUG  ]  File ignored by ccs/v4 because it exceeded search pattern filesize limit: POC_R0_H2_Log.progress.out
[2026-05-28 13:52:31,808] multiqc                                            [DEBUG  ]  File ignored by lima/summary because it exceeded search pattern filesize limit: POC_R0_H2_Log.progress.out
[2026-05-28 13:52:31,810] multiqc                                            [DEBUG  ]  File ignored by longranger/invocation because it exceeded search pattern filesize limit: POC_R0_H2_Log.progress.out
[2026-05-28 13:52:31,817] multiqc                                            [DEBUG  ]  File ignored by ccs/v4 because it exceeded search pattern filesize limit: POC_R72_C3_SJ.out.tab
[2026-05-28 13:52:31,819] multiqc                                            [DEBUG  ]  File ignored by hicexplorer because it exceeded search pattern filesize limit: POC_R72_C3_SJ.out.tab
[2026-05-28 13:52:31,819] multiqc                                            [DEBUG  ]  File ignored by lima/summary because it exceeded search pattern filesize limit: POC_R72_C3_SJ.out.tab
[2026-05-28 13:52:31,821] multiqc                                            [DEBUG  ]  File ignored by longranger/invocation because it exceeded search pattern filesize limit: POC_R72_C3_SJ.out.tab
[2026-05-28 13:52:31,835] multiqc                                            [DEBUG  ]  File ignored by nanostat because it exceeded search pattern filesize limit: POC_R72_C3_SJ.out.tab
[2026-05-28 13:52:31,840] multiqc                                            [DEBUG  ]  File ignored by ccs/v4 because it exceeded search pattern filesize limit: POC_R1_C3_Log.out
[2026-05-28 13:52:31,841] multiqc                                            [DEBUG  ]  File ignored by hicexplorer because it exceeded search pattern filesize limit: POC_R1_C3_Log.out
[2026-05-28 13:52:31,841] multiqc                                            [DEBUG  ]  File ignored by lima/summary because it exceeded search pattern filesize limit: POC_R1_C3_Log.out
[2026-05-28 13:52:31,843] multiqc                                            [DEBUG  ]  File ignored by vep/vep_txt because it exceeded search pattern filesize limit: POC_R1_C3_Log.out
[2026-05-28 13:52:31,843] multiqc                                            [DEBUG  ]  File ignored by longranger/invocation because it exceeded search pattern filesize limit: POC_R1_C3_Log.out
[2026-05-28 13:52:31,875] multiqc                                            [DEBUG  ]  File ignored by nanostat because it exceeded search pattern filesize limit: POC_R1_C3_Log.out
[2026-05-28 13:52:31,881] multiqc                                            [DEBUG  ]  File ignored by ccs/v4 because it exceeded search pattern filesize limit: POC_R72_C3_Log.out
[2026-05-28 13:52:31,882] multiqc                                            [DEBUG  ]  File ignored by hicexplorer because it exceeded search pattern filesize limit: POC_R72_C3_Log.out
[2026-05-28 13:52:31,883] multiqc                                            [DEBUG  ]  File ignored by lima/summary because it exceeded search pattern filesize limit: POC_R72_C3_Log.out
[2026-05-28 13:52:31,885] multiqc                                            [DEBUG  ]  File ignored by vep/vep_txt because it exceeded search pattern filesize limit: POC_R72_C3_Log.out
[2026-05-28 13:52:31,885] multiqc                                            [DEBUG  ]  File ignored by longranger/invocation because it exceeded search pattern filesize limit: POC_R72_C3_Log.out
[2026-05-28 13:52:31,918] multiqc                                            [DEBUG  ]  File ignored by nanostat because it exceeded search pattern filesize limit: POC_R72_C3_Log.out
[2026-05-28 13:52:31,925] multiqc                                            [DEBUG  ]  File ignored by ccs/v4 because it exceeded search pattern filesize limit: POC_R12_C3_Log.out
[2026-05-28 13:52:31,926] multiqc                                            [DEBUG  ]  File ignored by hicexplorer because it exceeded search pattern filesize limit: POC_R12_C3_Log.out
[2026-05-28 13:52:31,926] multiqc                                            [DEBUG  ]  File ignored by lima/summary because it exceeded search pattern filesize limit: POC_R12_C3_Log.out
[2026-05-28 13:52:31,928] multiqc                                            [DEBUG  ]  File ignored by vep/vep_txt because it exceeded search pattern filesize limit: POC_R12_C3_Log.out
[2026-05-28 13:52:31,928] multiqc                                            [DEBUG  ]  File ignored by longranger/invocation because it exceeded search pattern filesize limit: POC_R12_C3_Log.out
[2026-05-28 13:52:31,957] multiqc                                            [DEBUG  ]  File ignored by nanostat because it exceeded search pattern filesize limit: POC_R12_C3_Log.out
[2026-05-28 13:52:31,960] multiqc                                            [DEBUG  ]  Ignoring file as matched an ignore pattern: POC_R24_C1_Aligned.sortedByCoord.out.bam
[2026-05-28 13:52:31,968] multiqc                                            [DEBUG  ]  File ignored by ccs/v4 because it exceeded search pattern filesize limit: POC_R0_C3_SJ.out.tab
[2026-05-28 13:52:31,969] multiqc                                            [DEBUG  ]  File ignored by hicexplorer because it exceeded search pattern filesize limit: POC_R0_C3_SJ.out.tab
[2026-05-28 13:52:31,969] multiqc                                            [DEBUG  ]  File ignored by lima/summary because it exceeded search pattern filesize limit: POC_R0_C3_SJ.out.tab
[2026-05-28 13:52:31,971] multiqc                                            [DEBUG  ]  File ignored by longranger/invocation because it exceeded search pattern filesize limit: POC_R0_C3_SJ.out.tab
[2026-05-28 13:52:31,986] multiqc                                            [DEBUG  ]  File ignored by nanostat because it exceeded search pattern filesize limit: POC_R0_C3_SJ.out.tab
[2026-05-28 13:52:31,987] multiqc                                            [DEBUG  ]  Ignoring file as matched an ignore pattern: POC_R24_H3_Aligned.sortedByCoord.out.bam
[2026-05-28 13:52:31,995] multiqc                                            [DEBUG  ]  File ignored by ccs/v4 because it exceeded search pattern filesize limit: POC_R120_C3_Log.out
[2026-05-28 13:52:31,996] multiqc                                            [DEBUG  ]  File ignored by hicexplorer because it exceeded search pattern filesize limit: POC_R120_C3_Log.out
[2026-05-28 13:52:31,996] multiqc                                            [DEBUG  ]  File ignored by lima/summary because it exceeded search pattern filesize limit: POC_R120_C3_Log.out
[2026-05-28 13:52:31,998] multiqc                                            [DEBUG  ]  File ignored by vep/vep_txt because it exceeded search pattern filesize limit: POC_R120_C3_Log.out
[2026-05-28 13:52:31,998] multiqc                                            [DEBUG  ]  File ignored by longranger/invocation because it exceeded search pattern filesize limit: POC_R120_C3_Log.out
[2026-05-28 13:52:32,029] multiqc                                            [DEBUG  ]  File ignored by nanostat because it exceeded search pattern filesize limit: POC_R120_C3_Log.out
[2026-05-28 13:52:32,034] multiqc                                            [DEBUG  ]  File ignored by ccs/v4 because it exceeded search pattern filesize limit: POC_R1_C2_SJ.out.tab
[2026-05-28 13:52:32,035] multiqc                                            [DEBUG  ]  File ignored by hicexplorer because it exceeded search pattern filesize limit: POC_R1_C2_SJ.out.tab
[2026-05-28 13:52:32,035] multiqc                                            [DEBUG  ]  File ignored by lima/summary because it exceeded search pattern filesize limit: POC_R1_C2_SJ.out.tab
[2026-05-28 13:52:32,037] multiqc                                            [DEBUG  ]  File ignored by longranger/invocation because it exceeded search pattern filesize limit: POC_R1_C2_SJ.out.tab
[2026-05-28 13:52:32,053] multiqc                                            [DEBUG  ]  File ignored by nanostat because it exceeded search pattern filesize limit: POC_R1_C2_SJ.out.tab
[2026-05-28 13:52:32,054] multiqc                                            [DEBUG  ]  Ignoring file as matched an ignore pattern: POC_R0_H2_Aligned.sortedByCoord.out.bam
[2026-05-28 13:52:32,072] multiqc                                            [DEBUG  ]  File ignored by ccs/v4 because it exceeded search pattern filesize limit: POC_R12_H1_Log.out
[2026-05-28 13:52:32,073] multiqc                                            [DEBUG  ]  File ignored by hicexplorer because it exceeded search pattern filesize limit: POC_R12_H1_Log.out
[2026-05-28 13:52:32,074] multiqc                                            [DEBUG  ]  File ignored by lima/summary because it exceeded search pattern filesize limit: POC_R12_H1_Log.out
[2026-05-28 13:52:32,076] multiqc                                            [DEBUG  ]  File ignored by vep/vep_txt because it exceeded search pattern filesize limit: POC_R12_H1_Log.out
[2026-05-28 13:52:32,076] multiqc                                            [DEBUG  ]  File ignored by longranger/invocation because it exceeded search pattern filesize limit: POC_R12_H1_Log.out
[2026-05-28 13:52:32,104] multiqc                                            [DEBUG  ]  File ignored by nanostat because it exceeded search pattern filesize limit: POC_R12_H1_Log.out
[2026-05-28 13:52:32,109] multiqc                                            [DEBUG  ]  File ignored by ccs/v4 because it exceeded search pattern filesize limit: POC_R3_C1_Log.progress.out
[2026-05-28 13:52:32,110] multiqc                                            [DEBUG  ]  File ignored by lima/summary because it exceeded search pattern filesize limit: POC_R3_C1_Log.progress.out
[2026-05-28 13:52:32,112] multiqc                                            [DEBUG  ]  File ignored by longranger/invocation because it exceeded search pattern filesize limit: POC_R3_C1_Log.progress.out
[2026-05-28 13:52:32,118] multiqc                                            [DEBUG  ]  Ignoring file as matched an ignore pattern: POC_R120_C2_Aligned.sortedByCoord.out.bam
[2026-05-28 13:52:32,123] multiqc                                            [DEBUG  ]  File ignored by ccs/v4 because it exceeded search pattern filesize limit: POC_R24_H2_SJ.out.tab
[2026-05-28 13:52:32,124] multiqc                                            [DEBUG  ]  File ignored by hicexplorer because it exceeded search pattern filesize limit: POC_R24_H2_SJ.out.tab
[2026-05-28 13:52:32,124] multiqc                                            [DEBUG  ]  File ignored by lima/summary because it exceeded search pattern filesize limit: POC_R24_H2_SJ.out.tab
[2026-05-28 13:52:32,126] multiqc                                            [DEBUG  ]  File ignored by longranger/invocation because it exceeded search pattern filesize limit: POC_R24_H2_SJ.out.tab
[2026-05-28 13:52:32,138] multiqc                                            [DEBUG  ]  File ignored by nanostat because it exceeded search pattern filesize limit: POC_R24_H2_SJ.out.tab
[2026-05-28 13:52:32,143] multiqc                                            [DEBUG  ]  File ignored by ccs/v4 because it exceeded search pattern filesize limit: POC_R0_H1_SJ.out.tab
[2026-05-28 13:52:32,144] multiqc                                            [DEBUG  ]  File ignored by hicexplorer because it exceeded search pattern filesize limit: POC_R0_H1_SJ.out.tab
[2026-05-28 13:52:32,144] multiqc                                            [DEBUG  ]  File ignored by lima/summary because it exceeded search pattern filesize limit: POC_R0_H1_SJ.out.tab
[2026-05-28 13:52:32,146] multiqc                                            [DEBUG  ]  File ignored by longranger/invocation because it exceeded search pattern filesize limit: POC_R0_H1_SJ.out.tab
[2026-05-28 13:52:32,163] multiqc                                            [DEBUG  ]  File ignored by nanostat because it exceeded search pattern filesize limit: POC_R0_H1_SJ.out.tab
[2026-05-28 13:52:32,168] multiqc                                            [DEBUG  ]  File ignored by ccs/v4 because it exceeded search pattern filesize limit: POC_R3_H1_Log.progress.out
[2026-05-28 13:52:32,169] multiqc                                            [DEBUG  ]  File ignored by lima/summary because it exceeded search pattern filesize limit: POC_R3_H1_Log.progress.out
[2026-05-28 13:52:32,171] multiqc                                            [DEBUG  ]  File ignored by longranger/invocation because it exceeded search pattern filesize limit: POC_R3_H1_Log.progress.out
[2026-05-28 13:52:32,180] multiqc                                            [DEBUG  ]  File ignored by ccs/v4 because it exceeded search pattern filesize limit: POC_R1_C2_Log.out
[2026-05-28 13:52:32,181] multiqc                                            [DEBUG  ]  File ignored by hicexplorer because it exceeded search pattern filesize limit: POC_R1_C2_Log.out
[2026-05-28 13:52:32,181] multiqc                                            [DEBUG  ]  File ignored by lima/summary because it exceeded search pattern filesize limit: POC_R1_C2_Log.out
[2026-05-28 13:52:32,183] multiqc                                            [DEBUG  ]  File ignored by vep/vep_txt because it exceeded search pattern filesize limit: POC_R1_C2_Log.out
[2026-05-28 13:52:32,183] multiqc                                            [DEBUG  ]  File ignored by longranger/invocation because it exceeded search pattern filesize limit: POC_R1_C2_Log.out
[2026-05-28 13:52:32,219] multiqc                                            [DEBUG  ]  File ignored by nanostat because it exceeded search pattern filesize limit: POC_R1_C2_Log.out
[2026-05-28 13:52:32,226] multiqc                                            [DEBUG  ]  File ignored by ccs/v4 because it exceeded search pattern filesize limit: POC_R120_H1_Log.out
[2026-05-28 13:52:32,227] multiqc                                            [DEBUG  ]  File ignored by hicexplorer because it exceeded search pattern filesize limit: POC_R120_H1_Log.out
[2026-05-28 13:52:32,227] multiqc                                            [DEBUG  ]  File ignored by lima/summary because it exceeded search pattern filesize limit: POC_R120_H1_Log.out
[2026-05-28 13:52:32,229] multiqc                                            [DEBUG  ]  File ignored by vep/vep_txt because it exceeded search pattern filesize limit: POC_R120_H1_Log.out
[2026-05-28 13:52:32,229] multiqc                                            [DEBUG  ]  File ignored by longranger/invocation because it exceeded search pattern filesize limit: POC_R120_H1_Log.out
[2026-05-28 13:52:32,259] multiqc                                            [DEBUG  ]  File ignored by nanostat because it exceeded search pattern filesize limit: POC_R120_H1_Log.out
[2026-05-28 13:52:32,264] multiqc                                            [DEBUG  ]  File ignored by ccs/v4 because it exceeded search pattern filesize limit: POC_R72_C2_Log.out
[2026-05-28 13:52:32,265] multiqc                                            [DEBUG  ]  File ignored by hicexplorer because it exceeded search pattern filesize limit: POC_R72_C2_Log.out
[2026-05-28 13:52:32,265] multiqc                                            [DEBUG  ]  File ignored by lima/summary because it exceeded search pattern filesize limit: POC_R72_C2_Log.out
[2026-05-28 13:52:32,267] multiqc                                            [DEBUG  ]  File ignored by vep/vep_txt because it exceeded search pattern filesize limit: POC_R72_C2_Log.out
[2026-05-28 13:52:32,267] multiqc                                            [DEBUG  ]  File ignored by longranger/invocation because it exceeded search pattern filesize limit: POC_R72_C2_Log.out
[2026-05-28 13:52:32,298] multiqc                                            [DEBUG  ]  File ignored by nanostat because it exceeded search pattern filesize limit: POC_R72_C2_Log.out
[2026-05-28 13:52:32,306] multiqc                                            [DEBUG  ]  File ignored by ccs/v4 because it exceeded search pattern filesize limit: POC_R120_H1_SJ.out.tab
[2026-05-28 13:52:32,307] multiqc                                            [DEBUG  ]  File ignored by hicexplorer because it exceeded search pattern filesize limit: POC_R120_H1_SJ.out.tab
[2026-05-28 13:52:32,307] multiqc                                            [DEBUG  ]  File ignored by lima/summary because it exceeded search pattern filesize limit: POC_R120_H1_SJ.out.tab
[2026-05-28 13:52:32,309] multiqc                                            [DEBUG  ]  File ignored by longranger/invocation because it exceeded search pattern filesize limit: POC_R120_H1_SJ.out.tab
[2026-05-28 13:52:32,329] multiqc                                            [DEBUG  ]  File ignored by nanostat because it exceeded search pattern filesize limit: POC_R120_H1_SJ.out.tab
[2026-05-28 13:52:32,334] multiqc                                            [DEBUG  ]  File ignored by ccs/v4 because it exceeded search pattern filesize limit: POC_R3_H1_Log.out
[2026-05-28 13:52:32,335] multiqc                                            [DEBUG  ]  File ignored by hicexplorer because it exceeded search pattern filesize limit: POC_R3_H1_Log.out
[2026-05-28 13:52:32,335] multiqc                                            [DEBUG  ]  File ignored by lima/summary because it exceeded search pattern filesize limit: POC_R3_H1_Log.out
[2026-05-28 13:52:32,337] multiqc                                            [DEBUG  ]  File ignored by vep/vep_txt because it exceeded search pattern filesize limit: POC_R3_H1_Log.out
[2026-05-28 13:52:32,337] multiqc                                            [DEBUG  ]  File ignored by longranger/invocation because it exceeded search pattern filesize limit: POC_R3_H1_Log.out
[2026-05-28 13:52:32,368] multiqc                                            [DEBUG  ]  File ignored by nanostat because it exceeded search pattern filesize limit: POC_R3_H1_Log.out
[2026-05-28 13:52:32,370] multiqc                                            [DEBUG  ]  Ignoring file as matched an ignore pattern: POC_R12_C2_Aligned.sortedByCoord.out.bam
[2026-05-28 13:52:32,373] multiqc                                            [DEBUG  ]  File ignored by ccs/v4 because it exceeded search pattern filesize limit: POC_R3_H2_Log.progress.out
[2026-05-28 13:52:32,374] multiqc                                            [DEBUG  ]  File ignored by lima/summary because it exceeded search pattern filesize limit: POC_R3_H2_Log.progress.out
[2026-05-28 13:52:32,376] multiqc                                            [DEBUG  ]  File ignored by longranger/invocation because it exceeded search pattern filesize limit: POC_R3_H2_Log.progress.out
[2026-05-28 13:52:32,384] multiqc                                            [DEBUG  ]  File ignored by ccs/v4 because it exceeded search pattern filesize limit: POC_R0_H2_Log.out
[2026-05-28 13:52:32,385] multiqc                                            [DEBUG  ]  File ignored by hicexplorer because it exceeded search pattern filesize limit: POC_R0_H2_Log.out
[2026-05-28 13:52:32,385] multiqc                                            [DEBUG  ]  File ignored by lima/summary because it exceeded search pattern filesize limit: POC_R0_H2_Log.out
[2026-05-28 13:52:32,387] multiqc                                            [DEBUG  ]  File ignored by vep/vep_txt because it exceeded search pattern filesize limit: POC_R0_H2_Log.out
[2026-05-28 13:52:32,387] multiqc                                            [DEBUG  ]  File ignored by longranger/invocation because it exceeded search pattern filesize limit: POC_R0_H2_Log.out
[2026-05-28 13:52:32,424] multiqc                                            [DEBUG  ]  File ignored by nanostat because it exceeded search pattern filesize limit: POC_R0_H2_Log.out
[2026-05-28 13:52:32,432] multiqc                                            [DEBUG  ]  File ignored by ccs/v4 because it exceeded search pattern filesize limit: POC_R72_H3_SJ.out.tab
[2026-05-28 13:52:32,433] multiqc                                            [DEBUG  ]  File ignored by hicexplorer because it exceeded search pattern filesize limit: POC_R72_H3_SJ.out.tab
[2026-05-28 13:52:32,433] multiqc                                            [DEBUG  ]  File ignored by lima/summary because it exceeded search pattern filesize limit: POC_R72_H3_SJ.out.tab
[2026-05-28 13:52:32,435] multiqc                                            [DEBUG  ]  File ignored by longranger/invocation because it exceeded search pattern filesize limit: POC_R72_H3_SJ.out.tab
[2026-05-28 13:52:32,447] multiqc                                            [DEBUG  ]  File ignored by nanostat because it exceeded search pattern filesize limit: POC_R72_H3_SJ.out.tab
[2026-05-28 13:52:32,448] multiqc                                            [DEBUG  ]  Ignoring file as matched an ignore pattern: POC_R3_C2_Aligned.sortedByCoord.out.bam
[2026-05-28 13:52:32,459] multiqc                                            [DEBUG  ]  File ignored by ccs/v4 because it exceeded search pattern filesize limit: POC_R24_C3_Log.out
[2026-05-28 13:52:32,460] multiqc                                            [DEBUG  ]  File ignored by hicexplorer because it exceeded search pattern filesize limit: POC_R24_C3_Log.out
[2026-05-28 13:52:32,460] multiqc                                            [DEBUG  ]  File ignored by lima/summary because it exceeded search pattern filesize limit: POC_R24_C3_Log.out
[2026-05-28 13:52:32,462] multiqc                                            [DEBUG  ]  File ignored by vep/vep_txt because it exceeded search pattern filesize limit: POC_R24_C3_Log.out
[2026-05-28 13:52:32,462] multiqc                                            [DEBUG  ]  File ignored by longranger/invocation because it exceeded search pattern filesize limit: POC_R24_C3_Log.out
[2026-05-28 13:52:32,492] multiqc                                            [DEBUG  ]  File ignored by nanostat because it exceeded search pattern filesize limit: POC_R24_C3_Log.out
[2026-05-28 13:52:32,497] multiqc                                            [DEBUG  ]  File ignored by ccs/v4 because it exceeded search pattern filesize limit: POC_R3_C2_Log.progress.out
[2026-05-28 13:52:32,498] multiqc                                            [DEBUG  ]  File ignored by lima/summary because it exceeded search pattern filesize limit: POC_R3_C2_Log.progress.out
[2026-05-28 13:52:32,500] multiqc                                            [DEBUG  ]  File ignored by longranger/invocation because it exceeded search pattern filesize limit: POC_R3_C2_Log.progress.out
[2026-05-28 13:52:32,509] multiqc                                            [DEBUG  ]  File ignored by ccs/v4 because it exceeded search pattern filesize limit: POC_R3_H2_SJ.out.tab
[2026-05-28 13:52:32,510] multiqc                                            [DEBUG  ]  File ignored by hicexplorer because it exceeded search pattern filesize limit: POC_R3_H2_SJ.out.tab
[2026-05-28 13:52:32,510] multiqc                                            [DEBUG  ]  File ignored by lima/summary because it exceeded search pattern filesize limit: POC_R3_H2_SJ.out.tab
[2026-05-28 13:52:32,512] multiqc                                            [DEBUG  ]  File ignored by longranger/invocation because it exceeded search pattern filesize limit: POC_R3_H2_SJ.out.tab
[2026-05-28 13:52:32,534] multiqc                                            [DEBUG  ]  File ignored by nanostat because it exceeded search pattern filesize limit: POC_R3_H2_SJ.out.tab
[2026-05-28 13:52:32,535] multiqc                                            [DEBUG  ]  Ignoring file as matched an ignore pattern: POC_R72_C2_Aligned.sortedByCoord.out.bam
[2026-05-28 13:52:32,538] multiqc                                            [DEBUG  ]  File ignored by ccs/v4 because it exceeded search pattern filesize limit: POC_R3_H3_Log.progress.out
[2026-05-28 13:52:32,539] multiqc                                            [DEBUG  ]  File ignored by lima/summary because it exceeded search pattern filesize limit: POC_R3_H3_Log.progress.out
[2026-05-28 13:52:32,541] multiqc                                            [DEBUG  ]  File ignored by longranger/invocation because it exceeded search pattern filesize limit: POC_R3_H3_Log.progress.out
[2026-05-28 13:52:32,549] multiqc                                            [DEBUG  ]  File ignored by ccs/v4 because it exceeded search pattern filesize limit: POC_R72_C1_SJ.out.tab
[2026-05-28 13:52:32,550] multiqc                                            [DEBUG  ]  File ignored by hicexplorer because it exceeded search pattern filesize limit: POC_R72_C1_SJ.out.tab
[2026-05-28 13:52:32,551] multiqc                                            [DEBUG  ]  File ignored by lima/summary because it exceeded search pattern filesize limit: POC_R72_C1_SJ.out.tab
[2026-05-28 13:52:32,553] multiqc                                            [DEBUG  ]  File ignored by longranger/invocation because it exceeded search pattern filesize limit: POC_R72_C1_SJ.out.tab
[2026-05-28 13:52:32,567] multiqc                                            [DEBUG  ]  File ignored by nanostat because it exceeded search pattern filesize limit: POC_R72_C1_SJ.out.tab
[2026-05-28 13:52:32,571] multiqc                                            [DEBUG  ]  File ignored by ccs/v4 because it exceeded search pattern filesize limit: POC_R3_C3_Log.out
[2026-05-28 13:52:32,572] multiqc                                            [DEBUG  ]  File ignored by hicexplorer because it exceeded search pattern filesize limit: POC_R3_C3_Log.out
[2026-05-28 13:52:32,572] multiqc                                            [DEBUG  ]  File ignored by lima/summary because it exceeded search pattern filesize limit: POC_R3_C3_Log.out
[2026-05-28 13:52:32,574] multiqc                                            [DEBUG  ]  File ignored by vep/vep_txt because it exceeded search pattern filesize limit: POC_R3_C3_Log.out
[2026-05-28 13:52:32,574] multiqc                                            [DEBUG  ]  File ignored by longranger/invocation because it exceeded search pattern filesize limit: POC_R3_C3_Log.out
[2026-05-28 13:52:32,604] multiqc                                            [DEBUG  ]  File ignored by nanostat because it exceeded search pattern filesize limit: POC_R3_C3_Log.out
[2026-05-28 13:52:32,612] multiqc                                            [DEBUG  ]  File ignored by ccs/v4 because it exceeded search pattern filesize limit: POC_R12_H2_SJ.out.tab
[2026-05-28 13:52:32,613] multiqc                                            [DEBUG  ]  File ignored by hicexplorer because it exceeded search pattern filesize limit: POC_R12_H2_SJ.out.tab
[2026-05-28 13:52:32,613] multiqc                                            [DEBUG  ]  File ignored by lima/summary because it exceeded search pattern filesize limit: POC_R12_H2_SJ.out.tab
[2026-05-28 13:52:32,615] multiqc                                            [DEBUG  ]  File ignored by longranger/invocation because it exceeded search pattern filesize limit: POC_R12_H2_SJ.out.tab
[2026-05-28 13:52:32,629] multiqc                                            [DEBUG  ]  File ignored by nanostat because it exceeded search pattern filesize limit: POC_R12_H2_SJ.out.tab
[2026-05-28 13:52:32,633] multiqc                                            [DEBUG  ]  File ignored by ccs/v4 because it exceeded search pattern filesize limit: POC_R120_C3_SJ.out.tab
[2026-05-28 13:52:32,634] multiqc                                            [DEBUG  ]  File ignored by hicexplorer because it exceeded search pattern filesize limit: POC_R120_C3_SJ.out.tab
[2026-05-28 13:52:32,634] multiqc                                            [DEBUG  ]  File ignored by lima/summary because it exceeded search pattern filesize limit: POC_R120_C3_SJ.out.tab
[2026-05-28 13:52:32,636] multiqc                                            [DEBUG  ]  File ignored by longranger/invocation because it exceeded search pattern filesize limit: POC_R120_C3_SJ.out.tab
[2026-05-28 13:52:32,653] multiqc                                            [DEBUG  ]  File ignored by nanostat because it exceeded search pattern filesize limit: POC_R120_C3_SJ.out.tab
[2026-05-28 13:52:32,654] multiqc                                            [DEBUG  ]  Ignoring file as matched an ignore pattern: POC_R1_C1_Aligned.sortedByCoord.out.bam
[2026-05-28 13:52:32,659] multiqc                                            [DEBUG  ]  File ignored by ccs/v4 because it exceeded search pattern filesize limit: POC_R24_H1_Log.out
[2026-05-28 13:52:32,660] multiqc                                            [DEBUG  ]  File ignored by hicexplorer because it exceeded search pattern filesize limit: POC_R24_H1_Log.out
[2026-05-28 13:52:32,660] multiqc                                            [DEBUG  ]  File ignored by lima/summary because it exceeded search pattern filesize limit: POC_R24_H1_Log.out
[2026-05-28 13:52:32,662] multiqc                                            [DEBUG  ]  File ignored by vep/vep_txt because it exceeded search pattern filesize limit: POC_R24_H1_Log.out
[2026-05-28 13:52:32,662] multiqc                                            [DEBUG  ]  File ignored by longranger/invocation because it exceeded search pattern filesize limit: POC_R24_H1_Log.out
[2026-05-28 13:52:32,690] multiqc                                            [DEBUG  ]  File ignored by nanostat because it exceeded search pattern filesize limit: POC_R24_H1_Log.out
[2026-05-28 13:52:32,695] multiqc                                            [DEBUG  ]  File ignored by ccs/v4 because it exceeded search pattern filesize limit: POC_R3_C3_Log.progress.out
[2026-05-28 13:52:32,696] multiqc                                            [DEBUG  ]  File ignored by lima/summary because it exceeded search pattern filesize limit: POC_R3_C3_Log.progress.out
[2026-05-28 13:52:32,698] multiqc                                            [DEBUG  ]  File ignored by longranger/invocation because it exceeded search pattern filesize limit: POC_R3_C3_Log.progress.out
[2026-05-28 13:52:32,703] multiqc                                            [DEBUG  ]  Ignoring file as matched an ignore pattern: POC_R1_H3_Aligned.sortedByCoord.out.bam
[2026-05-28 13:52:32,706] multiqc                                            [DEBUG  ]  File ignored by ccs/v4 because it exceeded search pattern filesize limit: POC_R24_C3_Log.progress.out
[2026-05-28 13:52:32,708] multiqc                                            [DEBUG  ]  File ignored by lima/summary because it exceeded search pattern filesize limit: POC_R24_C3_Log.progress.out
[2026-05-28 13:52:32,709] multiqc                                            [DEBUG  ]  File ignored by longranger/invocation because it exceeded search pattern filesize limit: POC_R24_C3_Log.progress.out
[2026-05-28 13:52:32,717] multiqc                                            [DEBUG  ]  File ignored by ccs/v4 because it exceeded search pattern filesize limit: POC_R72_H2_SJ.out.tab
[2026-05-28 13:52:32,718] multiqc                                            [DEBUG  ]  File ignored by hicexplorer because it exceeded search pattern filesize limit: POC_R72_H2_SJ.out.tab
[2026-05-28 13:52:32,718] multiqc                                            [DEBUG  ]  File ignored by lima/summary because it exceeded search pattern filesize limit: POC_R72_H2_SJ.out.tab
[2026-05-28 13:52:32,720] multiqc                                            [DEBUG  ]  File ignored by longranger/invocation because it exceeded search pattern filesize limit: POC_R72_H2_SJ.out.tab
[2026-05-28 13:52:32,736] multiqc                                            [DEBUG  ]  File ignored by nanostat because it exceeded search pattern filesize limit: POC_R72_H2_SJ.out.tab
[2026-05-28 13:52:32,745] multiqc                                            [DEBUG  ]  File ignored by ccs/v4 because it exceeded search pattern filesize limit: POC_R12_C1_SJ.out.tab
[2026-05-28 13:52:32,746] multiqc                                            [DEBUG  ]  File ignored by hicexplorer because it exceeded search pattern filesize limit: POC_R12_C1_SJ.out.tab
[2026-05-28 13:52:32,746] multiqc                                            [DEBUG  ]  File ignored by lima/summary because it exceeded search pattern filesize limit: POC_R12_C1_SJ.out.tab
[2026-05-28 13:52:32,748] multiqc                                            [DEBUG  ]  File ignored by longranger/invocation because it exceeded search pattern filesize limit: POC_R12_C1_SJ.out.tab
[2026-05-28 13:52:32,760] multiqc                                            [DEBUG  ]  File ignored by nanostat because it exceeded search pattern filesize limit: POC_R12_C1_SJ.out.tab
[2026-05-28 13:52:32,766] multiqc                                            [DEBUG  ]  File ignored by ccs/v4 because it exceeded search pattern filesize limit: POC_R1_H2_Log.progress.out
[2026-05-28 13:52:32,767] multiqc                                            [DEBUG  ]  File ignored by lima/summary because it exceeded search pattern filesize limit: POC_R1_H2_Log.progress.out
[2026-05-28 13:52:32,769] multiqc                                            [DEBUG  ]  File ignored by longranger/invocation because it exceeded search pattern filesize limit: POC_R1_H2_Log.progress.out
[2026-05-28 13:52:32,780] multiqc                                            [DEBUG  ]  File ignored by ccs/v4 because it exceeded search pattern filesize limit: POC_R3_C1_SJ.out.tab
[2026-05-28 13:52:32,781] multiqc                                            [DEBUG  ]  File ignored by hicexplorer because it exceeded search pattern filesize limit: POC_R3_C1_SJ.out.tab
[2026-05-28 13:52:32,781] multiqc                                            [DEBUG  ]  File ignored by lima/summary because it exceeded search pattern filesize limit: POC_R3_C1_SJ.out.tab
[2026-05-28 13:52:32,783] multiqc                                            [DEBUG  ]  File ignored by longranger/invocation because it exceeded search pattern filesize limit: POC_R3_C1_SJ.out.tab
[2026-05-28 13:52:32,798] multiqc                                            [DEBUG  ]  File ignored by nanostat because it exceeded search pattern filesize limit: POC_R3_C1_SJ.out.tab
[2026-05-28 13:52:32,805] multiqc                                            [DEBUG  ]  File ignored by ccs/v4 because it exceeded search pattern filesize limit: POC_R1_H2_Log.out
[2026-05-28 13:52:32,806] multiqc                                            [DEBUG  ]  File ignored by hicexplorer because it exceeded search pattern filesize limit: POC_R1_H2_Log.out
[2026-05-28 13:52:32,806] multiqc                                            [DEBUG  ]  File ignored by lima/summary because it exceeded search pattern filesize limit: POC_R1_H2_Log.out
[2026-05-28 13:52:32,808] multiqc                                            [DEBUG  ]  File ignored by vep/vep_txt because it exceeded search pattern filesize limit: POC_R1_H2_Log.out
[2026-05-28 13:52:32,808] multiqc                                            [DEBUG  ]  File ignored by longranger/invocation because it exceeded search pattern filesize limit: POC_R1_H2_Log.out
[2026-05-28 13:52:32,842] multiqc                                            [DEBUG  ]  File ignored by nanostat because it exceeded search pattern filesize limit: POC_R1_H2_Log.out
[2026-05-28 13:52:32,848] multiqc                                            [DEBUG  ]  File ignored by ccs/v4 because it exceeded search pattern filesize limit: POC_R120_C1_Log.out
[2026-05-28 13:52:32,849] multiqc                                            [DEBUG  ]  File ignored by hicexplorer because it exceeded search pattern filesize limit: POC_R120_C1_Log.out
[2026-05-28 13:52:32,850] multiqc                                            [DEBUG  ]  File ignored by lima/summary because it exceeded search pattern filesize limit: POC_R120_C1_Log.out
[2026-05-28 13:52:32,851] multiqc                                            [DEBUG  ]  File ignored by vep/vep_txt because it exceeded search pattern filesize limit: POC_R120_C1_Log.out
[2026-05-28 13:52:32,852] multiqc                                            [DEBUG  ]  File ignored by longranger/invocation because it exceeded search pattern filesize limit: POC_R120_C1_Log.out
[2026-05-28 13:52:32,883] multiqc                                            [DEBUG  ]  File ignored by nanostat because it exceeded search pattern filesize limit: POC_R120_C1_Log.out
[2026-05-28 13:52:32,889] multiqc                                            [DEBUG  ]  File ignored by ccs/v4 because it exceeded search pattern filesize limit: POC_R72_H2_Log.out
[2026-05-28 13:52:32,890] multiqc                                            [DEBUG  ]  File ignored by hicexplorer because it exceeded search pattern filesize limit: POC_R72_H2_Log.out
[2026-05-28 13:52:32,890] multiqc                                            [DEBUG  ]  File ignored by lima/summary because it exceeded search pattern filesize limit: POC_R72_H2_Log.out
[2026-05-28 13:52:32,892] multiqc                                            [DEBUG  ]  File ignored by vep/vep_txt because it exceeded search pattern filesize limit: POC_R72_H2_Log.out
[2026-05-28 13:52:32,892] multiqc                                            [DEBUG  ]  File ignored by longranger/invocation because it exceeded search pattern filesize limit: POC_R72_H2_Log.out
[2026-05-28 13:52:32,924] multiqc                                            [DEBUG  ]  File ignored by nanostat because it exceeded search pattern filesize limit: POC_R72_H2_Log.out
[2026-05-28 13:52:32,927] multiqc                                            [DEBUG  ]  Ignoring file as matched an ignore pattern: POC_R24_C2_Aligned.sortedByCoord.out.bam
[2026-05-28 13:52:32,933] multiqc                                            [DEBUG  ]  File ignored by ccs/v4 because it exceeded search pattern filesize limit: POC_R24_H3_Log.progress.out
[2026-05-28 13:52:32,934] multiqc                                            [DEBUG  ]  File ignored by lima/summary because it exceeded search pattern filesize limit: POC_R24_H3_Log.progress.out
[2026-05-28 13:52:32,936] multiqc                                            [DEBUG  ]  File ignored by longranger/invocation because it exceeded search pattern filesize limit: POC_R24_H3_Log.progress.out
[2026-05-28 13:52:32,945] multiqc                                            [DEBUG  ]  File ignored by ccs/v4 because it exceeded search pattern filesize limit: POC_R12_C1_Log.out
[2026-05-28 13:52:32,946] multiqc                                            [DEBUG  ]  File ignored by hicexplorer because it exceeded search pattern filesize limit: POC_R12_C1_Log.out
[2026-05-28 13:52:32,946] multiqc                                            [DEBUG  ]  File ignored by lima/summary because it exceeded search pattern filesize limit: POC_R12_C1_Log.out
[2026-05-28 13:52:32,948] multiqc                                            [DEBUG  ]  File ignored by vep/vep_txt because it exceeded search pattern filesize limit: POC_R12_C1_Log.out
[2026-05-28 13:52:32,948] multiqc                                            [DEBUG  ]  File ignored by longranger/invocation because it exceeded search pattern filesize limit: POC_R12_C1_Log.out
[2026-05-28 13:52:32,978] multiqc                                            [DEBUG  ]  File ignored by nanostat because it exceeded search pattern filesize limit: POC_R12_C1_Log.out
[2026-05-28 13:52:32,982] multiqc                                            [DEBUG  ]  File ignored by ccs/v4 because it exceeded search pattern filesize limit: POC_R1_C2_Log.progress.out
[2026-05-28 13:52:32,983] multiqc                                            [DEBUG  ]  File ignored by lima/summary because it exceeded search pattern filesize limit: POC_R1_C2_Log.progress.out
[2026-05-28 13:52:32,985] multiqc                                            [DEBUG  ]  File ignored by longranger/invocation because it exceeded search pattern filesize limit: POC_R1_C2_Log.progress.out
[2026-05-28 13:52:32,993] multiqc                                            [DEBUG  ]  File ignored by ccs/v4 because it exceeded search pattern filesize limit: POC_R1_H3_Log.progress.out
[2026-05-28 13:52:32,994] multiqc                                            [DEBUG  ]  File ignored by lima/summary because it exceeded search pattern filesize limit: POC_R1_H3_Log.progress.out
[2026-05-28 13:52:32,996] multiqc                                            [DEBUG  ]  File ignored by longranger/invocation because it exceeded search pattern filesize limit: POC_R1_H3_Log.progress.out
[2026-05-28 13:52:33,006] multiqc                                            [DEBUG  ]  File ignored by ccs/v4 because it exceeded search pattern filesize limit: POC_R120_H3_Log.out
[2026-05-28 13:52:33,007] multiqc                                            [DEBUG  ]  File ignored by hicexplorer because it exceeded search pattern filesize limit: POC_R120_H3_Log.out
[2026-05-28 13:52:33,007] multiqc                                            [DEBUG  ]  File ignored by lima/summary because it exceeded search pattern filesize limit: POC_R120_H3_Log.out
[2026-05-28 13:52:33,009] multiqc                                            [DEBUG  ]  File ignored by vep/vep_txt because it exceeded search pattern filesize limit: POC_R120_H3_Log.out
[2026-05-28 13:52:33,009] multiqc                                            [DEBUG  ]  File ignored by longranger/invocation because it exceeded search pattern filesize limit: POC_R120_H3_Log.out
[2026-05-28 13:52:33,043] multiqc                                            [DEBUG  ]  File ignored by nanostat because it exceeded search pattern filesize limit: POC_R120_H3_Log.out
[2026-05-28 13:52:33,049] multiqc                                            [DEBUG  ]  File ignored by ccs/v4 because it exceeded search pattern filesize limit: POC_R120_C2_SJ.out.tab
[2026-05-28 13:52:33,050] multiqc                                            [DEBUG  ]  File ignored by hicexplorer because it exceeded search pattern filesize limit: POC_R120_C2_SJ.out.tab
[2026-05-28 13:52:33,051] multiqc                                            [DEBUG  ]  File ignored by lima/summary because it exceeded search pattern filesize limit: POC_R120_C2_SJ.out.tab
[2026-05-28 13:52:33,052] multiqc                                            [DEBUG  ]  File ignored by longranger/invocation because it exceeded search pattern filesize limit: POC_R120_C2_SJ.out.tab
[2026-05-28 13:52:33,065] multiqc                                            [DEBUG  ]  File ignored by nanostat because it exceeded search pattern filesize limit: POC_R120_C2_SJ.out.tab
[2026-05-28 13:52:33,066] multiqc                                            [DEBUG  ]  Ignoring file as matched an ignore pattern: POC_R120_C1_Aligned.sortedByCoord.out.bam
[2026-05-28 13:52:33,067] multiqc                                            [DEBUG  ]  Ignoring file as matched an ignore pattern: POC_R0_H1_Aligned.sortedByCoord.out.bam
[2026-05-28 13:52:33,071] multiqc                                            [DEBUG  ]  File ignored by ccs/v4 because it exceeded search pattern filesize limit: POC_R24_C2_Log.progress.out
[2026-05-28 13:52:33,072] multiqc                                            [DEBUG  ]  File ignored by lima/summary because it exceeded search pattern filesize limit: POC_R24_C2_Log.progress.out
[2026-05-28 13:52:33,074] multiqc                                            [DEBUG  ]  File ignored by longranger/invocation because it exceeded search pattern filesize limit: POC_R24_C2_Log.progress.out
[2026-05-28 13:52:33,077] multiqc                                            [DEBUG  ]  Ignoring file as matched an ignore pattern: POC_R0_C3_Aligned.sortedByCoord.out.bam
[2026-05-28 13:52:33,078] multiqc                                            [DEBUG  ]  Ignoring file as matched an ignore pattern: POC_R120_H3_Aligned.sortedByCoord.out.bam
[2026-05-28 13:52:33,084] multiqc                                            [DEBUG  ]  File ignored by ccs/v4 because it exceeded search pattern filesize limit: POC_R12_H3_Log.out
[2026-05-28 13:52:33,085] multiqc                                            [DEBUG  ]  File ignored by hicexplorer because it exceeded search pattern filesize limit: POC_R12_H3_Log.out
[2026-05-28 13:52:33,085] multiqc                                            [DEBUG  ]  File ignored by lima/summary because it exceeded search pattern filesize limit: POC_R12_H3_Log.out
[2026-05-28 13:52:33,087] multiqc                                            [DEBUG  ]  File ignored by vep/vep_txt because it exceeded search pattern filesize limit: POC_R12_H3_Log.out
[2026-05-28 13:52:33,087] multiqc                                            [DEBUG  ]  File ignored by longranger/invocation because it exceeded search pattern filesize limit: POC_R12_H3_Log.out
[2026-05-28 13:52:33,117] multiqc                                            [DEBUG  ]  File ignored by nanostat because it exceeded search pattern filesize limit: POC_R12_H3_Log.out
[2026-05-28 13:52:33,125] multiqc                                            [DEBUG  ]  File ignored by ccs/v4 because it exceeded search pattern filesize limit: POC_R12_H3_SJ.out.tab
[2026-05-28 13:52:33,126] multiqc                                            [DEBUG  ]  File ignored by hicexplorer because it exceeded search pattern filesize limit: POC_R12_H3_SJ.out.tab
[2026-05-28 13:52:33,126] multiqc                                            [DEBUG  ]  File ignored by lima/summary because it exceeded search pattern filesize limit: POC_R12_H3_SJ.out.tab
[2026-05-28 13:52:33,128] multiqc                                            [DEBUG  ]  File ignored by longranger/invocation because it exceeded search pattern filesize limit: POC_R12_H3_SJ.out.tab
[2026-05-28 13:52:33,145] multiqc                                            [DEBUG  ]  File ignored by nanostat because it exceeded search pattern filesize limit: POC_R12_H3_SJ.out.tab
[2026-05-28 13:52:33,149] multiqc                                            [DEBUG  ]  File ignored by ccs/v4 because it exceeded search pattern filesize limit: POC_R1_C3_Log.progress.out
[2026-05-28 13:52:33,150] multiqc                                            [DEBUG  ]  File ignored by lima/summary because it exceeded search pattern filesize limit: POC_R1_C3_Log.progress.out
[2026-05-28 13:52:33,152] multiqc                                            [DEBUG  ]  File ignored by longranger/invocation because it exceeded search pattern filesize limit: POC_R1_C3_Log.progress.out
[2026-05-28 13:52:33,159] multiqc                                            [DEBUG  ]  File ignored by ccs/v4 because it exceeded search pattern filesize limit: POC_R3_H3_SJ.out.tab
[2026-05-28 13:52:33,160] multiqc                                            [DEBUG  ]  File ignored by hicexplorer because it exceeded search pattern filesize limit: POC_R3_H3_SJ.out.tab
[2026-05-28 13:52:33,160] multiqc                                            [DEBUG  ]  File ignored by lima/summary because it exceeded search pattern filesize limit: POC_R3_H3_SJ.out.tab
[2026-05-28 13:52:33,162] multiqc                                            [DEBUG  ]  File ignored by longranger/invocation because it exceeded search pattern filesize limit: POC_R3_H3_SJ.out.tab
[2026-05-28 13:52:33,185] multiqc                                            [DEBUG  ]  File ignored by nanostat because it exceeded search pattern filesize limit: POC_R3_H3_SJ.out.tab
[2026-05-28 13:52:33,189] multiqc                                            [DEBUG  ]  File ignored by ccs/v4 because it exceeded search pattern filesize limit: POC_R24_H2_Log.progress.out
[2026-05-28 13:52:33,190] multiqc                                            [DEBUG  ]  File ignored by lima/summary because it exceeded search pattern filesize limit: POC_R24_H2_Log.progress.out
[2026-05-28 13:52:33,192] multiqc                                            [DEBUG  ]  File ignored by longranger/invocation because it exceeded search pattern filesize limit: POC_R24_H2_Log.progress.out
[2026-05-28 13:52:33,200] multiqc                                            [DEBUG  ]  File ignored by ccs/v4 because it exceeded search pattern filesize limit: POC_R0_C2_SJ.out.tab
[2026-05-28 13:52:33,201] multiqc                                            [DEBUG  ]  File ignored by hicexplorer because it exceeded search pattern filesize limit: POC_R0_C2_SJ.out.tab
[2026-05-28 13:52:33,201] multiqc                                            [DEBUG  ]  File ignored by lima/summary because it exceeded search pattern filesize limit: POC_R0_C2_SJ.out.tab
[2026-05-28 13:52:33,203] multiqc                                            [DEBUG  ]  File ignored by longranger/invocation because it exceeded search pattern filesize limit: POC_R0_C2_SJ.out.tab
[2026-05-28 13:52:33,217] multiqc                                            [DEBUG  ]  File ignored by nanostat because it exceeded search pattern filesize limit: POC_R0_C2_SJ.out.tab
[2026-05-28 13:52:33,221] multiqc                                            [DEBUG  ]  File ignored by ccs/v4 because it exceeded search pattern filesize limit: POC_R24_H1_Log.progress.out
[2026-05-28 13:52:33,222] multiqc                                            [DEBUG  ]  File ignored by lima/summary because it exceeded search pattern filesize limit: POC_R24_H1_Log.progress.out
[2026-05-28 13:52:33,224] multiqc                                            [DEBUG  ]  File ignored by longranger/invocation because it exceeded search pattern filesize limit: POC_R24_H1_Log.progress.out
[2026-05-28 13:52:33,229] multiqc                                            [DEBUG  ]  Ignoring file as matched an ignore pattern: POC_R12_H3_Aligned.sortedByCoord.out.bam
[2026-05-28 13:52:33,233] multiqc                                            [DEBUG  ]  File ignored by ccs/v4 because it exceeded search pattern filesize limit: POC_R1_H1_SJ.out.tab
[2026-05-28 13:52:33,234] multiqc                                            [DEBUG  ]  File ignored by hicexplorer because it exceeded search pattern filesize limit: POC_R1_H1_SJ.out.tab
[2026-05-28 13:52:33,234] multiqc                                            [DEBUG  ]  File ignored by lima/summary because it exceeded search pattern filesize limit: POC_R1_H1_SJ.out.tab
[2026-05-28 13:52:33,236] multiqc                                            [DEBUG  ]  File ignored by longranger/invocation because it exceeded search pattern filesize limit: POC_R1_H1_SJ.out.tab
[2026-05-28 13:52:33,259] multiqc                                            [DEBUG  ]  File ignored by nanostat because it exceeded search pattern filesize limit: POC_R1_H1_SJ.out.tab
[2026-05-28 13:52:33,264] multiqc                                            [DEBUG  ]  File ignored by ccs/v4 because it exceeded search pattern filesize limit: POC_R24_C1_Log.out
[2026-05-28 13:52:33,265] multiqc                                            [DEBUG  ]  File ignored by hicexplorer because it exceeded search pattern filesize limit: POC_R24_C1_Log.out
[2026-05-28 13:52:33,265] multiqc                                            [DEBUG  ]  File ignored by lima/summary because it exceeded search pattern filesize limit: POC_R24_C1_Log.out
[2026-05-28 13:52:33,267] multiqc                                            [DEBUG  ]  File ignored by vep/vep_txt because it exceeded search pattern filesize limit: POC_R24_C1_Log.out
[2026-05-28 13:52:33,267] multiqc                                            [DEBUG  ]  File ignored by longranger/invocation because it exceeded search pattern filesize limit: POC_R24_C1_Log.out
[2026-05-28 13:52:33,299] multiqc                                            [DEBUG  ]  File ignored by nanostat because it exceeded search pattern filesize limit: POC_R24_C1_Log.out
[2026-05-28 13:52:33,304] multiqc                                            [DEBUG  ]  File ignored by ccs/v4 because it exceeded search pattern filesize limit: POC_R24_C1_SJ.out.tab
[2026-05-28 13:52:33,305] multiqc                                            [DEBUG  ]  File ignored by hicexplorer because it exceeded search pattern filesize limit: POC_R24_C1_SJ.out.tab
[2026-05-28 13:52:33,305] multiqc                                            [DEBUG  ]  File ignored by lima/summary because it exceeded search pattern filesize limit: POC_R24_C1_SJ.out.tab
[2026-05-28 13:52:33,307] multiqc                                            [DEBUG  ]  File ignored by longranger/invocation because it exceeded search pattern filesize limit: POC_R24_C1_SJ.out.tab
[2026-05-28 13:52:33,321] multiqc                                            [DEBUG  ]  File ignored by nanostat because it exceeded search pattern filesize limit: POC_R24_C1_SJ.out.tab
[2026-05-28 13:52:33,323] multiqc                                            [DEBUG  ]  Ignoring file as matched an ignore pattern: POC_R12_C1_Aligned.sortedByCoord.out.bam
[2026-05-28 13:52:33,323] multiqc                                            [DEBUG  ]  Ignoring file as matched an ignore pattern: POC_R3_C1_Aligned.sortedByCoord.out.bam
[2026-05-28 13:52:33,327] multiqc                                            [DEBUG  ]  File ignored by ccs/v4 because it exceeded search pattern filesize limit: POC_R3_H3_Log.out
[2026-05-28 13:52:33,328] multiqc                                            [DEBUG  ]  File ignored by hicexplorer because it exceeded search pattern filesize limit: POC_R3_H3_Log.out
[2026-05-28 13:52:33,328] multiqc                                            [DEBUG  ]  File ignored by lima/summary because it exceeded search pattern filesize limit: POC_R3_H3_Log.out
[2026-05-28 13:52:33,330] multiqc                                            [DEBUG  ]  File ignored by vep/vep_txt because it exceeded search pattern filesize limit: POC_R3_H3_Log.out
[2026-05-28 13:52:33,330] multiqc                                            [DEBUG  ]  File ignored by longranger/invocation because it exceeded search pattern filesize limit: POC_R3_H3_Log.out
[2026-05-28 13:52:33,361] multiqc                                            [DEBUG  ]  File ignored by nanostat because it exceeded search pattern filesize limit: POC_R3_H3_Log.out
[2026-05-28 13:52:33,364] multiqc                                            [DEBUG  ]  Ignoring file as matched an ignore pattern: POC_R3_H3_Aligned.sortedByCoord.out.bam
[2026-05-28 13:52:33,368] multiqc                                            [DEBUG  ]  File ignored by ccs/v4 because it exceeded search pattern filesize limit: POC_R24_C1_Log.progress.out
[2026-05-28 13:52:33,369] multiqc                                            [DEBUG  ]  File ignored by lima/summary because it exceeded search pattern filesize limit: POC_R24_C1_Log.progress.out
[2026-05-28 13:52:33,371] multiqc                                            [DEBUG  ]  File ignored by longranger/invocation because it exceeded search pattern filesize limit: POC_R24_C1_Log.progress.out
[2026-05-28 13:52:33,380] multiqc                                            [DEBUG  ]  File ignored by ccs/v4 because it exceeded search pattern filesize limit: POC_R1_C1_Log.progress.out
[2026-05-28 13:52:33,381] multiqc                                            [DEBUG  ]  File ignored by lima/summary because it exceeded search pattern filesize limit: POC_R1_C1_Log.progress.out
[2026-05-28 13:52:33,383] multiqc                                            [DEBUG  ]  File ignored by longranger/invocation because it exceeded search pattern filesize limit: POC_R1_C1_Log.progress.out
[2026-05-28 13:52:33,391] multiqc                                            [DEBUG  ]  File ignored by ccs/v4 because it exceeded search pattern filesize limit: POC_R24_H3_Log.out
[2026-05-28 13:52:33,392] multiqc                                            [DEBUG  ]  File ignored by hicexplorer because it exceeded search pattern filesize limit: POC_R24_H3_Log.out
[2026-05-28 13:52:33,393] multiqc                                            [DEBUG  ]  File ignored by lima/summary because it exceeded search pattern filesize limit: POC_R24_H3_Log.out
[2026-05-28 13:52:33,395] multiqc                                            [DEBUG  ]  File ignored by vep/vep_txt because it exceeded search pattern filesize limit: POC_R24_H3_Log.out
[2026-05-28 13:52:33,395] multiqc                                            [DEBUG  ]  File ignored by longranger/invocation because it exceeded search pattern filesize limit: POC_R24_H3_Log.out
[2026-05-28 13:52:33,425] multiqc                                            [DEBUG  ]  File ignored by nanostat because it exceeded search pattern filesize limit: POC_R24_H3_Log.out
[2026-05-28 13:52:33,430] multiqc                                            [DEBUG  ]  Ignoring file as matched an ignore pattern: POC_R72_C1_Aligned.sortedByCoord.out.bam
[2026-05-28 13:52:33,436] multiqc                                            [DEBUG  ]  File ignored by ccs/v4 because it exceeded search pattern filesize limit: POC_R0_C2_Log.out
[2026-05-28 13:52:33,437] multiqc                                            [DEBUG  ]  File ignored by hicexplorer because it exceeded search pattern filesize limit: POC_R0_C2_Log.out
[2026-05-28 13:52:33,437] multiqc                                            [DEBUG  ]  File ignored by lima/summary because it exceeded search pattern filesize limit: POC_R0_C2_Log.out
[2026-05-28 13:52:33,439] multiqc                                            [DEBUG  ]  File ignored by vep/vep_txt because it exceeded search pattern filesize limit: POC_R0_C2_Log.out
[2026-05-28 13:52:33,439] multiqc                                            [DEBUG  ]  File ignored by longranger/invocation because it exceeded search pattern filesize limit: POC_R0_C2_Log.out
[2026-05-28 13:52:33,470] multiqc                                            [DEBUG  ]  File ignored by nanostat because it exceeded search pattern filesize limit: POC_R0_C2_Log.out
[2026-05-28 13:52:33,472] multiqc                                            [DEBUG  ]  Ignoring file as matched an ignore pattern: POC_R72_H3_Aligned.sortedByCoord.out.bam
[2026-05-28 13:52:33,476] multiqc                                            [DEBUG  ]  File ignored by ccs/v4 because it exceeded search pattern filesize limit: POC_R1_H1_Log.progress.out
[2026-05-28 13:52:33,478] multiqc                                            [DEBUG  ]  File ignored by lima/summary because it exceeded search pattern filesize limit: POC_R1_H1_Log.progress.out
[2026-05-28 13:52:33,479] multiqc                                            [DEBUG  ]  File ignored by longranger/invocation because it exceeded search pattern filesize limit: POC_R1_H1_Log.progress.out
[2026-05-28 13:52:33,488] multiqc                                            [DEBUG  ]  File ignored by ccs/v4 because it exceeded search pattern filesize limit: POC_R1_C3_SJ.out.tab
[2026-05-28 13:52:33,489] multiqc                                            [DEBUG  ]  File ignored by hicexplorer because it exceeded search pattern filesize limit: POC_R1_C3_SJ.out.tab
[2026-05-28 13:52:33,489] multiqc                                            [DEBUG  ]  File ignored by lima/summary because it exceeded search pattern filesize limit: POC_R1_C3_SJ.out.tab
[2026-05-28 13:52:33,491] multiqc                                            [DEBUG  ]  File ignored by longranger/invocation because it exceeded search pattern filesize limit: POC_R1_C3_SJ.out.tab
[2026-05-28 13:52:33,505] multiqc                                            [DEBUG  ]  File ignored by nanostat because it exceeded search pattern filesize limit: POC_R1_C3_SJ.out.tab
[2026-05-28 13:52:33,510] multiqc                                            [DEBUG  ]  File ignored by ccs/v4 because it exceeded search pattern filesize limit: POC_R3_C1_Log.out
[2026-05-28 13:52:33,511] multiqc                                            [DEBUG  ]  File ignored by hicexplorer because it exceeded search pattern filesize limit: POC_R3_C1_Log.out
[2026-05-28 13:52:33,511] multiqc                                            [DEBUG  ]  File ignored by lima/summary because it exceeded search pattern filesize limit: POC_R3_C1_Log.out
[2026-05-28 13:52:33,513] multiqc                                            [DEBUG  ]  File ignored by vep/vep_txt because it exceeded search pattern filesize limit: POC_R3_C1_Log.out
[2026-05-28 13:52:33,513] multiqc                                            [DEBUG  ]  File ignored by longranger/invocation because it exceeded search pattern filesize limit: POC_R3_C1_Log.out
[2026-05-28 13:52:33,542] multiqc                                            [DEBUG  ]  File ignored by nanostat because it exceeded search pattern filesize limit: POC_R3_C1_Log.out
[2026-05-28 13:52:33,544] multiqc                                            [DEBUG  ]  Ignoring file as matched an ignore pattern: POC_R1_C2_Aligned.sortedByCoord.out.bam
[2026-05-28 13:52:33,549] multiqc                                            [DEBUG  ]  File ignored by ccs/v4 because it exceeded search pattern filesize limit: POC_R24_H3_SJ.out.tab
[2026-05-28 13:52:33,550] multiqc                                            [DEBUG  ]  File ignored by hicexplorer because it exceeded search pattern filesize limit: POC_R24_H3_SJ.out.tab
[2026-05-28 13:52:33,550] multiqc                                            [DEBUG  ]  File ignored by lima/summary because it exceeded search pattern filesize limit: POC_R24_H3_SJ.out.tab
[2026-05-28 13:52:33,552] multiqc                                            [DEBUG  ]  File ignored by longranger/invocation because it exceeded search pattern filesize limit: POC_R24_H3_SJ.out.tab
[2026-05-28 13:52:33,565] multiqc                                            [DEBUG  ]  File ignored by nanostat because it exceeded search pattern filesize limit: POC_R24_H3_SJ.out.tab
[2026-05-28 13:52:33,571] multiqc                                            [DEBUG  ]  File ignored by ccs/v4 because it exceeded search pattern filesize limit: POC_R12_H1_Log.progress.out
[2026-05-28 13:52:33,572] multiqc                                            [DEBUG  ]  File ignored by lima/summary because it exceeded search pattern filesize limit: POC_R12_H1_Log.progress.out
[2026-05-28 13:52:33,574] multiqc                                            [DEBUG  ]  File ignored by longranger/invocation because it exceeded search pattern filesize limit: POC_R12_H1_Log.progress.out
[2026-05-28 13:52:33,582] multiqc                                            [DEBUG  ]  File ignored by ccs/v4 because it exceeded search pattern filesize limit: POC_R72_H2_Log.progress.out
[2026-05-28 13:52:33,584] multiqc                                            [DEBUG  ]  File ignored by lima/summary because it exceeded search pattern filesize limit: POC_R72_H2_Log.progress.out
[2026-05-28 13:52:33,585] multiqc                                            [DEBUG  ]  File ignored by longranger/invocation because it exceeded search pattern filesize limit: POC_R72_H2_Log.progress.out
[2026-05-28 13:52:33,594] multiqc                                            [DEBUG  ]  File ignored by ccs/v4 because it exceeded search pattern filesize limit: POC_R0_H1_Log.out
[2026-05-28 13:52:33,595] multiqc                                            [DEBUG  ]  File ignored by hicexplorer because it exceeded search pattern filesize limit: POC_R0_H1_Log.out
[2026-05-28 13:52:33,596] multiqc                                            [DEBUG  ]  File ignored by lima/summary because it exceeded search pattern filesize limit: POC_R0_H1_Log.out
[2026-05-28 13:52:33,598] multiqc                                            [DEBUG  ]  File ignored by vep/vep_txt because it exceeded search pattern filesize limit: POC_R0_H1_Log.out
[2026-05-28 13:52:33,598] multiqc                                            [DEBUG  ]  File ignored by longranger/invocation because it exceeded search pattern filesize limit: POC_R0_H1_Log.out
[2026-05-28 13:52:33,627] multiqc                                            [DEBUG  ]  File ignored by nanostat because it exceeded search pattern filesize limit: POC_R0_H1_Log.out
[2026-05-28 13:52:33,632] multiqc                                            [DEBUG  ]  File ignored by ccs/v4 because it exceeded search pattern filesize limit: POC_R120_H2_SJ.out.tab
[2026-05-28 13:52:33,633] multiqc                                            [DEBUG  ]  File ignored by hicexplorer because it exceeded search pattern filesize limit: POC_R120_H2_SJ.out.tab
[2026-05-28 13:52:33,633] multiqc                                            [DEBUG  ]  File ignored by lima/summary because it exceeded search pattern filesize limit: POC_R120_H2_SJ.out.tab
[2026-05-28 13:52:33,635] multiqc                                            [DEBUG  ]  File ignored by longranger/invocation because it exceeded search pattern filesize limit: POC_R120_H2_SJ.out.tab
[2026-05-28 13:52:33,650] multiqc                                            [DEBUG  ]  File ignored by nanostat because it exceeded search pattern filesize limit: POC_R120_H2_SJ.out.tab
[2026-05-28 13:52:33,656] multiqc                                            [DEBUG  ]  File ignored by ccs/v4 because it exceeded search pattern filesize limit: POC_R12_C3_SJ.out.tab
[2026-05-28 13:52:33,657] multiqc                                            [DEBUG  ]  File ignored by hicexplorer because it exceeded search pattern filesize limit: POC_R12_C3_SJ.out.tab
[2026-05-28 13:52:33,657] multiqc                                            [DEBUG  ]  File ignored by lima/summary because it exceeded search pattern filesize limit: POC_R12_C3_SJ.out.tab
[2026-05-28 13:52:33,659] multiqc                                            [DEBUG  ]  File ignored by longranger/invocation because it exceeded search pattern filesize limit: POC_R12_C3_SJ.out.tab
[2026-05-28 13:52:33,682] multiqc                                            [DEBUG  ]  File ignored by nanostat because it exceeded search pattern filesize limit: POC_R12_C3_SJ.out.tab
[2026-05-28 13:52:33,684] multiqc                                            [DEBUG  ]  Ignoring file as matched an ignore pattern: POC_R24_H1_Aligned.sortedByCoord.out.bam
[2026-05-28 13:52:33,684] multiqc                                            [DEBUG  ]  Ignoring file as matched an ignore pattern: POC_R24_C3_Aligned.sortedByCoord.out.bam
[2026-05-28 13:52:33,691] multiqc                                            [DEBUG  ]  File ignored by ccs/v4 because it exceeded search pattern filesize limit: POC_R3_H2_Log.out
[2026-05-28 13:52:33,692] multiqc                                            [DEBUG  ]  File ignored by hicexplorer because it exceeded search pattern filesize limit: POC_R3_H2_Log.out
[2026-05-28 13:52:33,692] multiqc                                            [DEBUG  ]  File ignored by lima/summary because it exceeded search pattern filesize limit: POC_R3_H2_Log.out
[2026-05-28 13:52:33,694] multiqc                                            [DEBUG  ]  File ignored by vep/vep_txt because it exceeded search pattern filesize limit: POC_R3_H2_Log.out
[2026-05-28 13:52:33,694] multiqc                                            [DEBUG  ]  File ignored by longranger/invocation because it exceeded search pattern filesize limit: POC_R3_H2_Log.out
[2026-05-28 13:52:33,724] multiqc                                            [DEBUG  ]  File ignored by nanostat because it exceeded search pattern filesize limit: POC_R3_H2_Log.out
[2026-05-28 13:52:33,730] multiqc                                            [DEBUG  ]  File ignored by ccs/v4 because it exceeded search pattern filesize limit: POC_R72_C2_Log.progress.out
[2026-05-28 13:52:33,731] multiqc                                            [DEBUG  ]  File ignored by lima/summary because it exceeded search pattern filesize limit: POC_R72_C2_Log.progress.out
[2026-05-28 13:52:33,733] multiqc                                            [DEBUG  ]  File ignored by longranger/invocation because it exceeded search pattern filesize limit: POC_R72_C2_Log.progress.out
[2026-05-28 13:52:33,741] multiqc                                            [DEBUG  ]  File ignored by ccs/v4 because it exceeded search pattern filesize limit: POC_R3_C3_SJ.out.tab
[2026-05-28 13:52:33,742] multiqc                                            [DEBUG  ]  File ignored by hicexplorer because it exceeded search pattern filesize limit: POC_R3_C3_SJ.out.tab
[2026-05-28 13:52:33,742] multiqc                                            [DEBUG  ]  File ignored by lima/summary because it exceeded search pattern filesize limit: POC_R3_C3_SJ.out.tab
[2026-05-28 13:52:33,744] multiqc                                            [DEBUG  ]  File ignored by longranger/invocation because it exceeded search pattern filesize limit: POC_R3_C3_SJ.out.tab
[2026-05-28 13:52:33,761] multiqc                                            [DEBUG  ]  File ignored by nanostat because it exceeded search pattern filesize limit: POC_R3_C3_SJ.out.tab
[2026-05-28 13:52:33,765] multiqc                                            [DEBUG  ]  File ignored by ccs/v4 because it exceeded search pattern filesize limit: POC_R12_C1_Log.progress.out
[2026-05-28 13:52:33,766] multiqc                                            [DEBUG  ]  File ignored by lima/summary because it exceeded search pattern filesize limit: POC_R12_C1_Log.progress.out
[2026-05-28 13:52:33,774] multiqc                                            [DEBUG  ]  File ignored by ccs/v4 because it exceeded search pattern filesize limit: POC_R72_H3_Log.progress.out
[2026-05-28 13:52:33,775] multiqc                                            [DEBUG  ]  File ignored by lima/summary because it exceeded search pattern filesize limit: POC_R72_H3_Log.progress.out
[2026-05-28 13:52:33,778] multiqc                                            [DEBUG  ]  File ignored by longranger/invocation because it exceeded search pattern filesize limit: POC_R72_H3_Log.progress.out
[2026-05-28 13:52:33,785] multiqc                                            [DEBUG  ]  File ignored by ccs/v4 because it exceeded search pattern filesize limit: POC_R12_H1_SJ.out.tab
[2026-05-28 13:52:33,786] multiqc                                            [DEBUG  ]  File ignored by hicexplorer because it exceeded search pattern filesize limit: POC_R12_H1_SJ.out.tab
[2026-05-28 13:52:33,786] multiqc                                            [DEBUG  ]  File ignored by lima/summary because it exceeded search pattern filesize limit: POC_R12_H1_SJ.out.tab
[2026-05-28 13:52:33,788] multiqc                                            [DEBUG  ]  File ignored by longranger/invocation because it exceeded search pattern filesize limit: POC_R12_H1_SJ.out.tab
[2026-05-28 13:52:33,801] multiqc                                            [DEBUG  ]  File ignored by nanostat because it exceeded search pattern filesize limit: POC_R12_H1_SJ.out.tab
[2026-05-28 13:52:33,806] multiqc                                            [DEBUG  ]  File ignored by ccs/v4 because it exceeded search pattern filesize limit: POC_R72_C2_SJ.out.tab
[2026-05-28 13:52:33,807] multiqc                                            [DEBUG  ]  File ignored by hicexplorer because it exceeded search pattern filesize limit: POC_R72_C2_SJ.out.tab
[2026-05-28 13:52:33,807] multiqc                                            [DEBUG  ]  File ignored by lima/summary because it exceeded search pattern filesize limit: POC_R72_C2_SJ.out.tab
[2026-05-28 13:52:33,809] multiqc                                            [DEBUG  ]  File ignored by longranger/invocation because it exceeded search pattern filesize limit: POC_R72_C2_SJ.out.tab
[2026-05-28 13:52:33,823] multiqc                                            [DEBUG  ]  File ignored by nanostat because it exceeded search pattern filesize limit: POC_R72_C2_SJ.out.tab
[2026-05-28 13:52:33,828] multiqc                                            [DEBUG  ]  File ignored by ccs/v4 because it exceeded search pattern filesize limit: POC_R0_C3_Log.out
[2026-05-28 13:52:33,829] multiqc                                            [DEBUG  ]  File ignored by hicexplorer because it exceeded search pattern filesize limit: POC_R0_C3_Log.out
[2026-05-28 13:52:33,829] multiqc                                            [DEBUG  ]  File ignored by lima/summary because it exceeded search pattern filesize limit: POC_R0_C3_Log.out
[2026-05-28 13:52:33,831] multiqc                                            [DEBUG  ]  File ignored by vep/vep_txt because it exceeded search pattern filesize limit: POC_R0_C3_Log.out
[2026-05-28 13:52:33,831] multiqc                                            [DEBUG  ]  File ignored by longranger/invocation because it exceeded search pattern filesize limit: POC_R0_C3_Log.out
[2026-05-28 13:52:33,862] multiqc                                            [DEBUG  ]  File ignored by nanostat because it exceeded search pattern filesize limit: POC_R0_C3_Log.out
[2026-05-28 13:52:33,864] multiqc                                            [DEBUG  ]  Ignoring file as matched an ignore pattern: POC_R120_H2_Aligned.sortedByCoord.out.bam
[2026-05-28 13:52:33,865] multiqc                                            [DEBUG  ]  Ignoring file as matched an ignore pattern: POC_R0_C2_Aligned.sortedByCoord.out.bam
[2026-05-28 13:52:33,869] multiqc                                            [DEBUG  ]  File ignored by ccs/v4 because it exceeded search pattern filesize limit: POC_R3_H1_SJ.out.tab
[2026-05-28 13:52:33,870] multiqc                                            [DEBUG  ]  File ignored by hicexplorer because it exceeded search pattern filesize limit: POC_R3_H1_SJ.out.tab
[2026-05-28 13:52:33,870] multiqc                                            [DEBUG  ]  File ignored by lima/summary because it exceeded search pattern filesize limit: POC_R3_H1_SJ.out.tab
[2026-05-28 13:52:33,872] multiqc                                            [DEBUG  ]  File ignored by longranger/invocation because it exceeded search pattern filesize limit: POC_R3_H1_SJ.out.tab
[2026-05-28 13:52:33,889] multiqc                                            [DEBUG  ]  File ignored by nanostat because it exceeded search pattern filesize limit: POC_R3_H1_SJ.out.tab
[2026-05-28 13:52:33,894] multiqc                                            [DEBUG  ]  File ignored by ccs/v4 because it exceeded search pattern filesize limit: POC_R24_H2_Log.out
[2026-05-28 13:52:33,895] multiqc                                            [DEBUG  ]  File ignored by hicexplorer because it exceeded search pattern filesize limit: POC_R24_H2_Log.out
[2026-05-28 13:52:33,895] multiqc                                            [DEBUG  ]  File ignored by lima/summary because it exceeded search pattern filesize limit: POC_R24_H2_Log.out
[2026-05-28 13:52:33,897] multiqc                                            [DEBUG  ]  File ignored by vep/vep_txt because it exceeded search pattern filesize limit: POC_R24_H2_Log.out
[2026-05-28 13:52:33,897] multiqc                                            [DEBUG  ]  File ignored by longranger/invocation because it exceeded search pattern filesize limit: POC_R24_H2_Log.out
[2026-05-28 13:52:33,928] multiqc                                            [DEBUG  ]  File ignored by nanostat because it exceeded search pattern filesize limit: POC_R24_H2_Log.out
[2026-05-28 13:52:33,932] multiqc                                            [DEBUG  ]  File ignored by ccs/v4 because it exceeded search pattern filesize limit: POC_R72_C3_Log.progress.out
[2026-05-28 13:52:33,934] multiqc                                            [DEBUG  ]  File ignored by lima/summary because it exceeded search pattern filesize limit: POC_R72_C3_Log.progress.out
[2026-05-28 13:52:33,936] multiqc                                            [DEBUG  ]  File ignored by longranger/invocation because it exceeded search pattern filesize limit: POC_R72_C3_Log.progress.out
[2026-05-28 13:52:33,947] multiqc                                            [DEBUG  ]  File ignored by ccs/v4 because it exceeded search pattern filesize limit: POC_R1_H3_Log.out
[2026-05-28 13:52:33,948] multiqc                                            [DEBUG  ]  File ignored by hicexplorer because it exceeded search pattern filesize limit: POC_R1_H3_Log.out
[2026-05-28 13:52:33,948] multiqc                                            [DEBUG  ]  File ignored by lima/summary because it exceeded search pattern filesize limit: POC_R1_H3_Log.out
[2026-05-28 13:52:33,950] multiqc                                            [DEBUG  ]  File ignored by vep/vep_txt because it exceeded search pattern filesize limit: POC_R1_H3_Log.out
[2026-05-28 13:52:33,950] multiqc                                            [DEBUG  ]  File ignored by longranger/invocation because it exceeded search pattern filesize limit: POC_R1_H3_Log.out
[2026-05-28 13:52:33,981] multiqc                                            [DEBUG  ]  File ignored by nanostat because it exceeded search pattern filesize limit: POC_R1_H3_Log.out
[2026-05-28 13:52:33,991] multiqc                                            [DEBUG  ]  File ignored by ccs/v4 because it exceeded search pattern filesize limit: POC_R72_H3_Log.out
[2026-05-28 13:52:33,992] multiqc                                            [DEBUG  ]  File ignored by hicexplorer because it exceeded search pattern filesize limit: POC_R72_H3_Log.out
[2026-05-28 13:52:33,992] multiqc                                            [DEBUG  ]  File ignored by lima/summary because it exceeded search pattern filesize limit: POC_R72_H3_Log.out
[2026-05-28 13:52:33,994] multiqc                                            [DEBUG  ]  File ignored by vep/vep_txt because it exceeded search pattern filesize limit: POC_R72_H3_Log.out
[2026-05-28 13:52:33,994] multiqc                                            [DEBUG  ]  File ignored by longranger/invocation because it exceeded search pattern filesize limit: POC_R72_H3_Log.out
[2026-05-28 13:52:34,024] multiqc                                            [DEBUG  ]  File ignored by nanostat because it exceeded search pattern filesize limit: POC_R72_H3_Log.out
[2026-05-28 13:52:34,029] multiqc                                            [DEBUG  ]  File ignored by ccs/v4 because it exceeded search pattern filesize limit: POC_R12_C3_Log.progress.out
[2026-05-28 13:52:34,030] multiqc                                            [DEBUG  ]  File ignored by hicexplorer because it exceeded search pattern filesize limit: POC_R12_C3_Log.progress.out
[2026-05-28 13:52:34,030] multiqc                                            [DEBUG  ]  File ignored by lima/summary because it exceeded search pattern filesize limit: POC_R12_C3_Log.progress.out
[2026-05-28 13:52:34,032] multiqc                                            [DEBUG  ]  File ignored by longranger/invocation because it exceeded search pattern filesize limit: POC_R12_C3_Log.progress.out
[2026-05-28 13:52:34,035] multiqc                                            [DEBUG  ]  File ignored by nanostat because it exceeded search pattern filesize limit: POC_R12_C3_Log.progress.out
[2026-05-28 13:52:34,036] multiqc                                            [DEBUG  ]  Ignoring file as matched an ignore pattern: POC_R12_H2_Aligned.sortedByCoord.out.bam
[2026-05-28 13:52:34,037] multiqc                                            [DEBUG  ]  Ignoring file as matched an ignore pattern: POC_R3_H2_Aligned.sortedByCoord.out.bam
[2026-05-28 13:52:34,044] multiqc                                            [DEBUG  ]  File ignored by ccs/v4 because it exceeded search pattern filesize limit: POC_R24_C3_SJ.out.tab
[2026-05-28 13:52:34,045] multiqc                                            [DEBUG  ]  File ignored by hicexplorer because it exceeded search pattern filesize limit: POC_R24_C3_SJ.out.tab
[2026-05-28 13:52:34,045] multiqc                                            [DEBUG  ]  File ignored by lima/summary because it exceeded search pattern filesize limit: POC_R24_C3_SJ.out.tab
[2026-05-28 13:52:34,047] multiqc                                            [DEBUG  ]  File ignored by longranger/invocation because it exceeded search pattern filesize limit: POC_R24_C3_SJ.out.tab
[2026-05-28 13:52:34,065] multiqc                                            [DEBUG  ]  File ignored by nanostat because it exceeded search pattern filesize limit: POC_R24_C3_SJ.out.tab
[2026-05-28 13:52:34,075] multiqc                                            [DEBUG  ]  File ignored by ccs/v4 because it exceeded search pattern filesize limit: POC_R1_H3_SJ.out.tab
[2026-05-28 13:52:34,076] multiqc                                            [DEBUG  ]  File ignored by hicexplorer because it exceeded search pattern filesize limit: POC_R1_H3_SJ.out.tab
[2026-05-28 13:52:34,076] multiqc                                            [DEBUG  ]  File ignored by lima/summary because it exceeded search pattern filesize limit: POC_R1_H3_SJ.out.tab
[2026-05-28 13:52:34,078] multiqc                                            [DEBUG  ]  File ignored by longranger/invocation because it exceeded search pattern filesize limit: POC_R1_H3_SJ.out.tab
[2026-05-28 13:52:34,095] multiqc                                            [DEBUG  ]  File ignored by nanostat because it exceeded search pattern filesize limit: POC_R1_H3_SJ.out.tab
[2026-05-28 13:52:34,099] multiqc                                            [DEBUG  ]  File ignored by ccs/v4 because it exceeded search pattern filesize limit: POC_R12_H3_Log.progress.out
[2026-05-28 13:52:34,101] multiqc                                            [DEBUG  ]  File ignored by lima/summary because it exceeded search pattern filesize limit: POC_R12_H3_Log.progress.out
[2026-05-28 13:52:34,103] multiqc                                            [DEBUG  ]  File ignored by longranger/invocation because it exceeded search pattern filesize limit: POC_R12_H3_Log.progress.out
[2026-05-28 13:52:34,109] multiqc                                            [DEBUG  ]  File ignored by ccs/v4 because it exceeded search pattern filesize limit: POC_R12_C2_Log.progress.out
[2026-05-28 13:52:34,110] multiqc                                            [DEBUG  ]  File ignored by lima/summary because it exceeded search pattern filesize limit: POC_R12_C2_Log.progress.out
[2026-05-28 13:52:34,112] multiqc                                            [DEBUG  ]  File ignored by longranger/invocation because it exceeded search pattern filesize limit: POC_R12_C2_Log.progress.out
[2026-05-28 13:52:34,119] multiqc                                            [DEBUG  ]  File ignored by ccs/v4 because it exceeded search pattern filesize limit: POC_R72_C1_Log.progress.out
[2026-05-28 13:52:34,120] multiqc                                            [DEBUG  ]  File ignored by lima/summary because it exceeded search pattern filesize limit: POC_R72_C1_Log.progress.out
[2026-05-28 13:52:34,122] multiqc                                            [DEBUG  ]  File ignored by longranger/invocation because it exceeded search pattern filesize limit: POC_R72_C1_Log.progress.out
[2026-05-28 13:52:34,130] multiqc                                            [DEBUG  ]  File ignored by ccs/v4 because it exceeded search pattern filesize limit: POC_R0_H2_SJ.out.tab
[2026-05-28 13:52:34,131] multiqc                                            [DEBUG  ]  File ignored by hicexplorer because it exceeded search pattern filesize limit: POC_R0_H2_SJ.out.tab
[2026-05-28 13:52:34,131] multiqc                                            [DEBUG  ]  File ignored by lima/summary because it exceeded search pattern filesize limit: POC_R0_H2_SJ.out.tab
[2026-05-28 13:52:34,133] multiqc                                            [DEBUG  ]  File ignored by longranger/invocation because it exceeded search pattern filesize limit: POC_R0_H2_SJ.out.tab
[2026-05-28 13:52:34,150] multiqc                                            [DEBUG  ]  File ignored by nanostat because it exceeded search pattern filesize limit: POC_R0_H2_SJ.out.tab
[2026-05-28 13:52:34,156] multiqc                                            [DEBUG  ]  File ignored by ccs/v4 because it exceeded search pattern filesize limit: POC_R24_H1_SJ.out.tab
[2026-05-28 13:52:34,157] multiqc                                            [DEBUG  ]  File ignored by hicexplorer because it exceeded search pattern filesize limit: POC_R24_H1_SJ.out.tab
[2026-05-28 13:52:34,157] multiqc                                            [DEBUG  ]  File ignored by lima/summary because it exceeded search pattern filesize limit: POC_R24_H1_SJ.out.tab
[2026-05-28 13:52:34,161] multiqc                                            [DEBUG  ]  File ignored by longranger/invocation because it exceeded search pattern filesize limit: POC_R24_H1_SJ.out.tab
[2026-05-28 13:52:34,175] multiqc                                            [DEBUG  ]  File ignored by nanostat because it exceeded search pattern filesize limit: POC_R24_H1_SJ.out.tab
[2026-05-28 13:52:34,176] multiqc                                            [DEBUG  ]  Ignoring file as matched an ignore pattern: POC_R72_H2_Aligned.sortedByCoord.out.bam
[2026-05-28 13:52:34,181] multiqc                                            [DEBUG  ]  File ignored by ccs/v4 because it exceeded search pattern filesize limit: POC_R1_C1_Log.out
[2026-05-28 13:52:34,182] multiqc                                            [DEBUG  ]  File ignored by hicexplorer because it exceeded search pattern filesize limit: POC_R1_C1_Log.out
[2026-05-28 13:52:34,182] multiqc                                            [DEBUG  ]  File ignored by lima/summary because it exceeded search pattern filesize limit: POC_R1_C1_Log.out
[2026-05-28 13:52:34,184] multiqc                                            [DEBUG  ]  File ignored by vep/vep_txt because it exceeded search pattern filesize limit: POC_R1_C1_Log.out
[2026-05-28 13:52:34,184] multiqc                                            [DEBUG  ]  File ignored by longranger/invocation because it exceeded search pattern filesize limit: POC_R1_C1_Log.out
[2026-05-28 13:52:34,215] multiqc                                            [DEBUG  ]  File ignored by nanostat because it exceeded search pattern filesize limit: POC_R1_C1_Log.out
[2026-05-28 13:52:34,220] multiqc                                            [DEBUG  ]  File ignored by ccs/v4 because it exceeded search pattern filesize limit: POC_R1_C1_SJ.out.tab
[2026-05-28 13:52:34,221] multiqc                                            [DEBUG  ]  File ignored by hicexplorer because it exceeded search pattern filesize limit: POC_R1_C1_SJ.out.tab
[2026-05-28 13:52:34,222] multiqc                                            [DEBUG  ]  File ignored by lima/summary because it exceeded search pattern filesize limit: POC_R1_C1_SJ.out.tab
[2026-05-28 13:52:34,223] multiqc                                            [DEBUG  ]  File ignored by longranger/invocation because it exceeded search pattern filesize limit: POC_R1_C1_SJ.out.tab
[2026-05-28 13:52:34,240] multiqc                                            [DEBUG  ]  File ignored by nanostat because it exceeded search pattern filesize limit: POC_R1_C1_SJ.out.tab
[2026-05-28 13:52:34,245] multiqc                                            [DEBUG  ]  File ignored by ccs/v4 because it exceeded search pattern filesize limit: POC_R72_C1_Log.out
[2026-05-28 13:52:34,246] multiqc                                            [DEBUG  ]  File ignored by hicexplorer because it exceeded search pattern filesize limit: POC_R72_C1_Log.out
[2026-05-28 13:52:34,246] multiqc                                            [DEBUG  ]  File ignored by lima/summary because it exceeded search pattern filesize limit: POC_R72_C1_Log.out
[2026-05-28 13:52:34,248] multiqc                                            [DEBUG  ]  File ignored by vep/vep_txt because it exceeded search pattern filesize limit: POC_R72_C1_Log.out
[2026-05-28 13:52:34,248] multiqc                                            [DEBUG  ]  File ignored by longranger/invocation because it exceeded search pattern filesize limit: POC_R72_C1_Log.out
[2026-05-28 13:52:34,280] multiqc                                            [DEBUG  ]  File ignored by nanostat because it exceeded search pattern filesize limit: POC_R72_C1_Log.out
[2026-05-28 13:52:34,285] multiqc                                            [DEBUG  ]  File ignored by ccs/v4 because it exceeded search pattern filesize limit: POC_R120_H2_Log.out
[2026-05-28 13:52:34,286] multiqc                                            [DEBUG  ]  File ignored by hicexplorer because it exceeded search pattern filesize limit: POC_R120_H2_Log.out
[2026-05-28 13:52:34,287] multiqc                                            [DEBUG  ]  File ignored by lima/summary because it exceeded search pattern filesize limit: POC_R120_H2_Log.out
[2026-05-28 13:52:34,289] multiqc                                            [DEBUG  ]  File ignored by vep/vep_txt because it exceeded search pattern filesize limit: POC_R120_H2_Log.out
[2026-05-28 13:52:34,289] multiqc                                            [DEBUG  ]  File ignored by longranger/invocation because it exceeded search pattern filesize limit: POC_R120_H2_Log.out
[2026-05-28 13:52:34,317] multiqc                                            [DEBUG  ]  File ignored by nanostat because it exceeded search pattern filesize limit: POC_R120_H2_Log.out
[2026-05-28 13:52:34,326] multiqc                                            [DEBUG  ]  File ignored by ccs/v4 because it exceeded search pattern filesize limit: POC_R72_H1_Log.progress.out
[2026-05-28 13:52:34,327] multiqc                                            [DEBUG  ]  File ignored by lima/summary because it exceeded search pattern filesize limit: POC_R72_H1_Log.progress.out
[2026-05-28 13:52:34,329] multiqc                                            [DEBUG  ]  File ignored by longranger/invocation because it exceeded search pattern filesize limit: POC_R72_H1_Log.progress.out
[2026-05-28 13:52:34,337] multiqc                                            [DEBUG  ]  File ignored by ccs/v4 because it exceeded search pattern filesize limit: POC_R12_H2_Log.progress.out
[2026-05-28 13:52:34,338] multiqc                                            [DEBUG  ]  File ignored by lima/summary because it exceeded search pattern filesize limit: POC_R12_H2_Log.progress.out
[2026-05-28 13:52:34,340] multiqc                                            [DEBUG  ]  File ignored by longranger/invocation because it exceeded search pattern filesize limit: POC_R12_H2_Log.progress.out
[2026-05-28 13:52:34,350] multiqc                                            [DEBUG  ]  File ignored by ccs/v4 because it exceeded search pattern filesize limit: POC_R12_H2_Log.out
[2026-05-28 13:52:34,352] multiqc                                            [DEBUG  ]  File ignored by hicexplorer because it exceeded search pattern filesize limit: POC_R12_H2_Log.out
[2026-05-28 13:52:34,352] multiqc                                            [DEBUG  ]  File ignored by lima/summary because it exceeded search pattern filesize limit: POC_R12_H2_Log.out
[2026-05-28 13:52:34,354] multiqc                                            [DEBUG  ]  File ignored by vep/vep_txt because it exceeded search pattern filesize limit: POC_R12_H2_Log.out
[2026-05-28 13:52:34,354] multiqc                                            [DEBUG  ]  File ignored by longranger/invocation because it exceeded search pattern filesize limit: POC_R12_H2_Log.out
[2026-05-28 13:52:34,384] multiqc                                            [DEBUG  ]  File ignored by nanostat because it exceeded search pattern filesize limit: POC_R12_H2_Log.out
[2026-05-28 13:52:34,388] multiqc                                            [DEBUG  ]  Ignoring file as matched an ignore pattern: POC_R1_H1_Aligned.sortedByCoord.out.bam
[2026-05-28 13:52:34,388] multiqc                                            [DEBUG  ]  Ignoring file as matched an ignore pattern: POC_R1_C3_Aligned.sortedByCoord.out.bam
[2026-05-28 13:52:34,960] multiqc.plots.linegraph                            [DEBUG  ]  Using matplotlib version 3.4.3
[2026-05-28 13:52:34,964] multiqc.plots.bargraph                             [DEBUG  ]  Using matplotlib version 3.4.3
[2026-05-28 13:52:37,368] multiqc.modules.qualimap.qualimap                  [INFO   ]  Found 42 RNASeq reports
[2026-05-28 13:52:37,415] multiqc.modules.star.star                          [DEBUG  ]  Duplicate ReadsPerGene sample name found! Overwriting: POC_R120_C1
[2026-05-28 13:52:37,416] multiqc.modules.star.star                          [DEBUG  ]  Duplicate ReadsPerGene sample name found! Overwriting: POC_R12_C1
[2026-05-28 13:52:37,417] multiqc.modules.star.star                          [DEBUG  ]  Duplicate ReadsPerGene sample name found! Overwriting: POC_R24_H3
[2026-05-28 13:52:37,418] multiqc.modules.star.star                          [DEBUG  ]  Duplicate ReadsPerGene sample name found! Overwriting: POC_R0_C3
[2026-05-28 13:52:37,420] multiqc.modules.star.star                          [DEBUG  ]  Duplicate ReadsPerGene sample name found! Overwriting: POC_R0_H2
[2026-05-28 13:52:37,421] multiqc.modules.star.star                          [DEBUG  ]  Duplicate ReadsPerGene sample name found! Overwriting: POC_R24_C2
[2026-05-28 13:52:37,422] multiqc.modules.star.star                          [DEBUG  ]  Duplicate ReadsPerGene sample name found! Overwriting: POC_R72_C1
[2026-05-28 13:52:37,422] multiqc.modules.star.star                          [DEBUG  ]  Duplicate ReadsPerGene sample name found! Overwriting: POC_R3_C2
[2026-05-28 13:52:37,423] multiqc.modules.star.star                          [DEBUG  ]  Duplicate ReadsPerGene sample name found! Overwriting: POC_R3_H3
[2026-05-28 13:52:37,424] multiqc.modules.star.star                          [DEBUG  ]  Duplicate ReadsPerGene sample name found! Overwriting: POC_R1_C1
[2026-05-28 13:52:37,425] multiqc.modules.star.star                          [DEBUG  ]  Duplicate ReadsPerGene sample name found! Overwriting: POC_R0_C2
[2026-05-28 13:52:37,426] multiqc.modules.star.star                          [DEBUG  ]  Duplicate ReadsPerGene sample name found! Overwriting: POC_R24_H2
[2026-05-28 13:52:37,427] multiqc.modules.star.star                          [DEBUG  ]  Duplicate ReadsPerGene sample name found! Overwriting: POC_R120_H1
[2026-05-28 13:52:37,428] multiqc.modules.star.star                          [DEBUG  ]  Duplicate ReadsPerGene sample name found! Overwriting: POC_R12_H1
[2026-05-28 13:52:37,429] multiqc.modules.star.star                          [DEBUG  ]  Duplicate ReadsPerGene sample name found! Overwriting: POC_R24_C3
[2026-05-28 13:52:37,429] multiqc.modules.star.star                          [DEBUG  ]  Duplicate ReadsPerGene sample name found! Overwriting: POC_R0_H3
[2026-05-28 13:52:37,430] multiqc.modules.star.star                          [DEBUG  ]  Duplicate ReadsPerGene sample name found! Overwriting: POC_R3_C3
[2026-05-28 13:52:37,431] multiqc.modules.star.star                          [DEBUG  ]  Duplicate ReadsPerGene sample name found! Overwriting: POC_R1_H1
[2026-05-28 13:52:37,432] multiqc.modules.star.star                          [DEBUG  ]  Duplicate ReadsPerGene sample name found! Overwriting: POC_R72_H1
[2026-05-28 13:52:37,433] multiqc.modules.star.star                          [DEBUG  ]  Duplicate ReadsPerGene sample name found! Overwriting: POC_R3_H2
[2026-05-28 13:52:37,434] multiqc.modules.star.star                          [DEBUG  ]  Duplicate ReadsPerGene sample name found! Overwriting: POC_R12_H2
[2026-05-28 13:52:37,434] multiqc.modules.star.star                          [DEBUG  ]  Duplicate ReadsPerGene sample name found! Overwriting: POC_R120_H2
[2026-05-28 13:52:37,435] multiqc.modules.star.star                          [DEBUG  ]  Duplicate ReadsPerGene sample name found! Overwriting: POC_R120_C3
[2026-05-28 13:52:37,436] multiqc.modules.star.star                          [DEBUG  ]  Duplicate ReadsPerGene sample name found! Overwriting: POC_R12_C3
[2026-05-28 13:52:37,437] multiqc.modules.star.star                          [DEBUG  ]  Duplicate ReadsPerGene sample name found! Overwriting: POC_R0_C1
[2026-05-28 13:52:37,438] multiqc.modules.star.star                          [DEBUG  ]  Duplicate ReadsPerGene sample name found! Overwriting: POC_R24_H1
[2026-05-28 13:52:37,438] multiqc.modules.star.star                          [DEBUG  ]  Duplicate ReadsPerGene sample name found! Overwriting: POC_R72_H2
[2026-05-28 13:52:37,439] multiqc.modules.star.star                          [DEBUG  ]  Duplicate ReadsPerGene sample name found! Overwriting: POC_R1_C3
[2026-05-28 13:52:37,440] multiqc.modules.star.star                          [DEBUG  ]  Duplicate ReadsPerGene sample name found! Overwriting: POC_R3_H1
[2026-05-28 13:52:37,441] multiqc.modules.star.star                          [DEBUG  ]  Duplicate ReadsPerGene sample name found! Overwriting: POC_R1_H2
[2026-05-28 13:52:37,442] multiqc.modules.star.star                          [DEBUG  ]  Duplicate ReadsPerGene sample name found! Overwriting: POC_R72_C3
[2026-05-28 13:52:37,442] multiqc.modules.star.star                          [DEBUG  ]  Duplicate ReadsPerGene sample name found! Overwriting: POC_R120_H3
[2026-05-28 13:52:37,443] multiqc.modules.star.star                          [DEBUG  ]  Duplicate ReadsPerGene sample name found! Overwriting: POC_R12_H3
[2026-05-28 13:52:37,444] multiqc.modules.star.star                          [DEBUG  ]  Duplicate ReadsPerGene sample name found! Overwriting: POC_R0_H1
[2026-05-28 13:52:37,444] multiqc.modules.star.star                          [DEBUG  ]  Duplicate ReadsPerGene sample name found! Overwriting: POC_R24_C1
[2026-05-28 13:52:37,445] multiqc.modules.star.star                          [DEBUG  ]  Duplicate ReadsPerGene sample name found! Overwriting: POC_R12_C2
[2026-05-28 13:52:37,446] multiqc.modules.star.star                          [DEBUG  ]  Duplicate ReadsPerGene sample name found! Overwriting: POC_R120_C2
[2026-05-28 13:52:37,447] multiqc.modules.star.star                          [DEBUG  ]  Duplicate ReadsPerGene sample name found! Overwriting: POC_R72_H3
[2026-05-28 13:52:37,447] multiqc.modules.star.star                          [DEBUG  ]  Duplicate ReadsPerGene sample name found! Overwriting: POC_R1_C2
[2026-05-28 13:52:37,448] multiqc.modules.star.star                          [DEBUG  ]  Duplicate ReadsPerGene sample name found! Overwriting: POC_R1_H3
[2026-05-28 13:52:37,449] multiqc.modules.star.star                          [DEBUG  ]  Duplicate ReadsPerGene sample name found! Overwriting: POC_R72_C2
[2026-05-28 13:52:37,450] multiqc.modules.star.star                          [DEBUG  ]  Duplicate ReadsPerGene sample name found! Overwriting: POC_R3_C1
[2026-05-28 13:52:37,450] multiqc.modules.star.star                          [INFO   ]  Found 42 reports and 42 gene count files
[2026-05-28 13:52:37,483] multiqc                                            [INFO   ]  Compressing plot data
[2026-05-28 13:52:37,772] multiqc                                            [INFO   ]  Report      : multiqc_report.html
[2026-05-28 13:52:37,772] multiqc                                            [INFO   ]  Data        : multiqc_data
[2026-05-28 13:52:37,772] multiqc                                            [DEBUG  ]  Moving data file from '/tmp/tmpdwk9dy3k/multiqc_data' to '/project/pi_hputnam_uri_edu/zdellaert/TimeSeries/4-multi-species/output_RNA/alignment_qc/POC_MCapV3/multiqc_data'
[2026-05-28 13:52:37,951] multiqc                                            [INFO   ]  MultiQC complete
