Running Qualimap on MON_R0_C1...
Java memory size is set to 8G
Launching application...

QualiMap v.2.2.1
Built on 2016-10-03 18:14

Selected tool: rnaseq
Initializing regions from /work/pi_hputnam_uri_edu/HI_Genomes/MCapV3/Montipora_capitata_HIv3.gtf...

Initialized 100000 regions...
Initialized 200000 regions...
Initialized 300000 regions...
Initialized 400000 regions...
Initialized 500000 regions...

Initialized 566446 regions it total

Starting constructing transcripts for RNA-seq stats...
Finished constructing transcripts

Starting BAM file analysis

Sorting BAM file by name...

Read 10000000 records.
Read 20000000 records.
Read 30000000 records.
Read 40000000 records.
Read 50000000 records.
Read 60000000 records.
Read 70000000 records.
Finished reading inputs, merging and writing to output now.
Sorting by name finished.
Analyzed 500000 reads...
Analyzed 1000000 reads...
Analyzed 1500000 reads...
Analyzed 2000000 reads...
Analyzed 2500000 reads...
Analyzed 3000000 reads...
Analyzed 3500000 reads...
Analyzed 4000000 reads...
Analyzed 4500000 reads...
Analyzed 5000000 reads...
Analyzed 5500000 reads...
Analyzed 6000000 reads...
Analyzed 6500000 reads...
Analyzed 7000000 reads...
Analyzed 7500000 reads...
Analyzed 8000000 reads...
Analyzed 8500000 reads...
Analyzed 9000000 reads...
Analyzed 9500000 reads...
Analyzed 10000000 reads...
Analyzed 10500000 reads...
Analyzed 11000000 reads...
Analyzed 11500000 reads...
Analyzed 12000000 reads...
Analyzed 12500000 reads...
Analyzed 13000000 reads...
Analyzed 13500000 reads...
Analyzed 14000000 reads...
Analyzed 14500000 reads...
Analyzed 15000000 reads...
Analyzed 15500000 reads...
Analyzed 16000000 reads...
Analyzed 16500000 reads...
Analyzed 17000000 reads...
Analyzed 17500000 reads...
Analyzed 18000000 reads...
Analyzed 18500000 reads...
Analyzed 19000000 reads...
Analyzed 19500000 reads...
Analyzed 20000000 reads...
Analyzed 20500000 reads...
Analyzed 21000000 reads...
Analyzed 21500000 reads...
Analyzed 22000000 reads...
Analyzed 22500000 reads...
Analyzed 23000000 reads...
Analyzed 23500000 reads...
Analyzed 24000000 reads...
Analyzed 24500000 reads...
Analyzed 25000000 reads...
Analyzed 25500000 reads...
Analyzed 26000000 reads...
Analyzed 26500000 reads...
Analyzed 27000000 reads...
Analyzed 27500000 reads...
Analyzed 28000000 reads...
Analyzed 28500000 reads...
Analyzed 29000000 reads...
Analyzed 29500000 reads...
Analyzed 30000000 reads...
Analyzed 30500000 reads...
Analyzed 31000000 reads...
Analyzed 31500000 reads...
Analyzed 32000000 reads...
Analyzed 32500000 reads...
Analyzed 33000000 reads...
Analyzed 33500000 reads...
Analyzed 34000000 reads...
Analyzed 34500000 reads...
Analyzed 35000000 reads...
Analyzed 35500000 reads...
Analyzed 36000000 reads...
Analyzed 36500000 reads...
Analyzed 37000000 reads...
Analyzed 37500000 reads...
Analyzed 38000000 reads...
Analyzed 38500000 reads...
Analyzed 39000000 reads...
Analyzed 39500000 reads...
Analyzed 40000000 reads...
Analyzed 40500000 reads...
Analyzed 41000000 reads...
Analyzed 41500000 reads...
Analyzed 42000000 reads...
Analyzed 42500000 reads...
Analyzed 43000000 reads...
Analyzed 43500000 reads...
Analyzed 44000000 reads...
Analyzed 44500000 reads...
Analyzed 45000000 reads...
Analyzed 45500000 reads...
Analyzed 46000000 reads...
Analyzed 46500000 reads...
Analyzed 47000000 reads...
Analyzed 47500000 reads...
Analyzed 48000000 reads...
Analyzed 48500000 reads...
Analyzed 49000000 reads...
Analyzed 49500000 reads...
Analyzed 50000000 reads...
Analyzed 50500000 reads...
Analyzed 51000000 reads...
Analyzed 51500000 reads...
Analyzed 52000000 reads...

Counted 26095555 read pairs, 163 single reads

Processed 66048411 reads in total

Cleanup of temporary files

BAM file analysis finished
Creating plots
Writing HTML report...
HTML report created successfully

Running Qualimap on MON_R120_H2...
Java memory size is set to 8G
Launching application...

QualiMap v.2.2.1
Built on 2016-10-03 18:14

Selected tool: rnaseq
Initializing regions from /work/pi_hputnam_uri_edu/HI_Genomes/MCapV3/Montipora_capitata_HIv3.gtf...

Initialized 100000 regions...
Initialized 200000 regions...
Initialized 300000 regions...
Initialized 400000 regions...
Initialized 500000 regions...

Initialized 566446 regions it total

Starting constructing transcripts for RNA-seq stats...
Finished constructing transcripts

Starting BAM file analysis

Sorting BAM file by name...

Read 10000000 records.
Read 20000000 records.
Read 30000000 records.
Read 40000000 records.
Read 50000000 records.
Finished reading inputs, merging and writing to output now.
Sorting by name finished.
Analyzed 500000 reads...
Analyzed 1000000 reads...
Analyzed 1500000 reads...
Analyzed 2000000 reads...
Analyzed 2500000 reads...
Analyzed 3000000 reads...
Analyzed 3500000 reads...
Analyzed 4000000 reads...
Analyzed 4500000 reads...
Analyzed 5000000 reads...
Analyzed 5500000 reads...
Analyzed 6000000 reads...
Analyzed 6500000 reads...
Analyzed 7000000 reads...
Analyzed 7500000 reads...
Analyzed 8000000 reads...
Analyzed 8500000 reads...
Analyzed 9000000 reads...
Analyzed 9500000 reads...
Analyzed 10000000 reads...
Analyzed 10500000 reads...
Analyzed 11000000 reads...
Analyzed 11500000 reads...
Analyzed 12000000 reads...
Analyzed 12500000 reads...
Analyzed 13000000 reads...
Analyzed 13500000 reads...
Analyzed 14000000 reads...
Analyzed 14500000 reads...
Analyzed 15000000 reads...
Analyzed 15500000 reads...
Analyzed 16000000 reads...
Analyzed 16500000 reads...
Analyzed 17000000 reads...
Analyzed 17500000 reads...
Analyzed 18000000 reads...
Analyzed 18500000 reads...
Analyzed 19000000 reads...
Analyzed 19500000 reads...
Analyzed 20000000 reads...
Analyzed 20500000 reads...
Analyzed 21000000 reads...
Analyzed 21500000 reads...
Analyzed 22000000 reads...
Analyzed 22500000 reads...
Analyzed 23000000 reads...
Analyzed 23500000 reads...
Analyzed 24000000 reads...
Analyzed 24500000 reads...
Analyzed 25000000 reads...
Analyzed 25500000 reads...
Analyzed 26000000 reads...
Analyzed 26500000 reads...
Analyzed 27000000 reads...
Analyzed 27500000 reads...
Analyzed 28000000 reads...
Analyzed 28500000 reads...
Analyzed 29000000 reads...
Analyzed 29500000 reads...
Analyzed 30000000 reads...
Analyzed 30500000 reads...
Analyzed 31000000 reads...
Analyzed 31500000 reads...
Analyzed 32000000 reads...
Analyzed 32500000 reads...
Analyzed 33000000 reads...
Analyzed 33500000 reads...
Analyzed 34000000 reads...
Analyzed 34500000 reads...
Analyzed 35000000 reads...
Analyzed 35500000 reads...
Analyzed 36000000 reads...
Analyzed 36500000 reads...
Analyzed 37000000 reads...
Analyzed 37500000 reads...
Analyzed 38000000 reads...
Analyzed 38500000 reads...
Analyzed 39000000 reads...
Analyzed 39500000 reads...
Analyzed 40000000 reads...
Analyzed 40500000 reads...

Counted 20463305 read pairs, 184 single reads

Processed 50829561 reads in total

Cleanup of temporary files

BAM file analysis finished
Creating plots
Writing HTML report...
HTML report created successfully

Running Qualimap on MON_R120_H3...
Java memory size is set to 8G
Launching application...

QualiMap v.2.2.1
Built on 2016-10-03 18:14

Selected tool: rnaseq
Initializing regions from /work/pi_hputnam_uri_edu/HI_Genomes/MCapV3/Montipora_capitata_HIv3.gtf...

Initialized 100000 regions...
Initialized 200000 regions...
Initialized 300000 regions...
Initialized 400000 regions...
Initialized 500000 regions...

Initialized 566446 regions it total

Starting constructing transcripts for RNA-seq stats...
Finished constructing transcripts

Starting BAM file analysis

Sorting BAM file by name...

Read 10000000 records.
Read 20000000 records.
Read 30000000 records.
Read 40000000 records.
Finished reading inputs, merging and writing to output now.
Sorting by name finished.
Analyzed 500000 reads...
Analyzed 1000000 reads...
Analyzed 1500000 reads...
Analyzed 2000000 reads...
Analyzed 2500000 reads...
Analyzed 3000000 reads...
Analyzed 3500000 reads...
Analyzed 4000000 reads...
Analyzed 4500000 reads...
Analyzed 5000000 reads...
Analyzed 5500000 reads...
Analyzed 6000000 reads...
Analyzed 6500000 reads...
Analyzed 7000000 reads...
Analyzed 7500000 reads...
Analyzed 8000000 reads...
Analyzed 8500000 reads...
Analyzed 9000000 reads...
Analyzed 9500000 reads...
Analyzed 10000000 reads...
Analyzed 10500000 reads...
Analyzed 11000000 reads...
Analyzed 11500000 reads...
Analyzed 12000000 reads...
Analyzed 12500000 reads...
Analyzed 13000000 reads...
Analyzed 13500000 reads...
Analyzed 14000000 reads...
Analyzed 14500000 reads...
Analyzed 15000000 reads...
Analyzed 15500000 reads...
Analyzed 16000000 reads...
Analyzed 16500000 reads...
Analyzed 17000000 reads...
Analyzed 17500000 reads...
Analyzed 18000000 reads...
Analyzed 18500000 reads...
Analyzed 19000000 reads...
Analyzed 19500000 reads...
Analyzed 20000000 reads...
Analyzed 20500000 reads...
Analyzed 21000000 reads...
Analyzed 21500000 reads...
Analyzed 22000000 reads...
Analyzed 22500000 reads...
Analyzed 23000000 reads...
Analyzed 23500000 reads...
Analyzed 24000000 reads...
Analyzed 24500000 reads...
Analyzed 25000000 reads...
Analyzed 25500000 reads...
Analyzed 26000000 reads...
Analyzed 26500000 reads...

Counted 13469904 read pairs, 127 single reads

Processed 33833797 reads in total

Cleanup of temporary files

BAM file analysis finished
Creating plots
Writing HTML report...
HTML report created successfully

Running Qualimap on MON_R12_C1...
Java memory size is set to 8G
Launching application...

QualiMap v.2.2.1
Built on 2016-10-03 18:14

Selected tool: rnaseq
Initializing regions from /work/pi_hputnam_uri_edu/HI_Genomes/MCapV3/Montipora_capitata_HIv3.gtf...

Initialized 100000 regions...
Initialized 200000 regions...
Initialized 300000 regions...
Initialized 400000 regions...
Initialized 500000 regions...

Initialized 566446 regions it total

Starting constructing transcripts for RNA-seq stats...
Finished constructing transcripts

Starting BAM file analysis

Sorting BAM file by name...

Read 10000000 records.
Read 20000000 records.
Read 30000000 records.
Finished reading inputs, merging and writing to output now.
Sorting by name finished.
Analyzed 500000 reads...
Analyzed 1000000 reads...
Analyzed 1500000 reads...
Analyzed 2000000 reads...
Analyzed 2500000 reads...
Analyzed 3000000 reads...
Analyzed 3500000 reads...
Analyzed 4000000 reads...
Analyzed 4500000 reads...
Analyzed 5000000 reads...
Analyzed 5500000 reads...
Analyzed 6000000 reads...
Analyzed 6500000 reads...
Analyzed 7000000 reads...
Analyzed 7500000 reads...
Analyzed 8000000 reads...
Analyzed 8500000 reads...
Analyzed 9000000 reads...
Analyzed 9500000 reads...
Analyzed 10000000 reads...
Analyzed 10500000 reads...
Analyzed 11000000 reads...
Analyzed 11500000 reads...
Analyzed 12000000 reads...
Analyzed 12500000 reads...
Analyzed 13000000 reads...
Analyzed 13500000 reads...
Analyzed 14000000 reads...
Analyzed 14500000 reads...
Analyzed 15000000 reads...
Analyzed 15500000 reads...
Analyzed 16000000 reads...
Analyzed 16500000 reads...
Analyzed 17000000 reads...
Analyzed 17500000 reads...
Analyzed 18000000 reads...
Analyzed 18500000 reads...
Analyzed 19000000 reads...
Analyzed 19500000 reads...
Analyzed 20000000 reads...
Analyzed 20500000 reads...
Analyzed 21000000 reads...
Analyzed 21500000 reads...
Analyzed 22000000 reads...
Analyzed 22500000 reads...
Analyzed 23000000 reads...

Counted 11578577 read pairs, 71 single reads

Processed 29307650 reads in total

Cleanup of temporary files

BAM file analysis finished
Creating plots
Writing HTML report...
HTML report created successfully

Running Qualimap on MON_R12_C2...
Java memory size is set to 8G
Launching application...

QualiMap v.2.2.1
Built on 2016-10-03 18:14

Selected tool: rnaseq
Initializing regions from /work/pi_hputnam_uri_edu/HI_Genomes/MCapV3/Montipora_capitata_HIv3.gtf...

Initialized 100000 regions...
Initialized 200000 regions...
Initialized 300000 regions...
Initialized 400000 regions...
Initialized 500000 regions...

Initialized 566446 regions it total

Starting constructing transcripts for RNA-seq stats...
Finished constructing transcripts

Starting BAM file analysis

Sorting BAM file by name...

Read 10000000 records.
Read 20000000 records.
Read 30000000 records.
Finished reading inputs, merging and writing to output now.
Sorting by name finished.
Analyzed 500000 reads...
Analyzed 1000000 reads...
Analyzed 1500000 reads...
Analyzed 2000000 reads...
Analyzed 2500000 reads...
Analyzed 3000000 reads...
Analyzed 3500000 reads...
Analyzed 4000000 reads...
Analyzed 4500000 reads...
Analyzed 5000000 reads...
Analyzed 5500000 reads...
Analyzed 6000000 reads...
Analyzed 6500000 reads...
Analyzed 7000000 reads...
Analyzed 7500000 reads...
Analyzed 8000000 reads...
Analyzed 8500000 reads...
Analyzed 9000000 reads...
Analyzed 9500000 reads...
Analyzed 10000000 reads...
Analyzed 10500000 reads...
Analyzed 11000000 reads...
Analyzed 11500000 reads...
Analyzed 12000000 reads...
Analyzed 12500000 reads...
Analyzed 13000000 reads...
Analyzed 13500000 reads...
Analyzed 14000000 reads...
Analyzed 14500000 reads...
Analyzed 15000000 reads...
Analyzed 15500000 reads...
Analyzed 16000000 reads...
Analyzed 16500000 reads...
Analyzed 17000000 reads...
Analyzed 17500000 reads...
Analyzed 18000000 reads...
Analyzed 18500000 reads...
Analyzed 19000000 reads...
Analyzed 19500000 reads...
Analyzed 20000000 reads...
Analyzed 20500000 reads...
Analyzed 21000000 reads...
Analyzed 21500000 reads...
Analyzed 22000000 reads...
Analyzed 22500000 reads...
Analyzed 23000000 reads...

Counted 11675700 read pairs, 76 single reads

Processed 29507714 reads in total

Cleanup of temporary files

BAM file analysis finished
Creating plots
Writing HTML report...
HTML report created successfully

Running Qualimap on MON_R12_C3...
Java memory size is set to 8G
Launching application...

QualiMap v.2.2.1
Built on 2016-10-03 18:14

Selected tool: rnaseq
Initializing regions from /work/pi_hputnam_uri_edu/HI_Genomes/MCapV3/Montipora_capitata_HIv3.gtf...

Initialized 100000 regions...
Initialized 200000 regions...
Initialized 300000 regions...
Initialized 400000 regions...
Initialized 500000 regions...

Initialized 566446 regions it total

Starting constructing transcripts for RNA-seq stats...
Finished constructing transcripts

Starting BAM file analysis

Sorting BAM file by name...

Read 10000000 records.
Read 20000000 records.
Read 30000000 records.
Finished reading inputs, merging and writing to output now.
Sorting by name finished.
Analyzed 500000 reads...
Analyzed 1000000 reads...
Analyzed 1500000 reads...
Analyzed 2000000 reads...
Analyzed 2500000 reads...
Analyzed 3000000 reads...
Analyzed 3500000 reads...
Analyzed 4000000 reads...
Analyzed 4500000 reads...
Analyzed 5000000 reads...
Analyzed 5500000 reads...
Analyzed 6000000 reads...
Analyzed 6500000 reads...
Analyzed 7000000 reads...
Analyzed 7500000 reads...
Analyzed 8000000 reads...
Analyzed 8500000 reads...
Analyzed 9000000 reads...
Analyzed 9500000 reads...
Analyzed 10000000 reads...
Analyzed 10500000 reads...
Analyzed 11000000 reads...
Analyzed 11500000 reads...
Analyzed 12000000 reads...
Analyzed 12500000 reads...
Analyzed 13000000 reads...
Analyzed 13500000 reads...
Analyzed 14000000 reads...
Analyzed 14500000 reads...
Analyzed 15000000 reads...
Analyzed 15500000 reads...
Analyzed 16000000 reads...
Analyzed 16500000 reads...
Analyzed 17000000 reads...
Analyzed 17500000 reads...
Analyzed 18000000 reads...
Analyzed 18500000 reads...
Analyzed 19000000 reads...
Analyzed 19500000 reads...
Analyzed 20000000 reads...
Analyzed 20500000 reads...
Analyzed 21000000 reads...
Analyzed 21500000 reads...
Analyzed 22000000 reads...
Analyzed 22500000 reads...
Analyzed 23000000 reads...
Analyzed 23500000 reads...
Analyzed 24000000 reads...
Analyzed 24500000 reads...
Analyzed 25000000 reads...
Analyzed 25500000 reads...
Analyzed 26000000 reads...
Analyzed 26500000 reads...
Analyzed 27000000 reads...
Analyzed 27500000 reads...

Counted 13916155 read pairs, 110 single reads

Processed 34271526 reads in total

Cleanup of temporary files

BAM file analysis finished
Creating plots
Writing HTML report...
HTML report created successfully

Running Qualimap on MON_R12_H1...
Java memory size is set to 8G
Launching application...

QualiMap v.2.2.1
Built on 2016-10-03 18:14

Selected tool: rnaseq
Initializing regions from /work/pi_hputnam_uri_edu/HI_Genomes/MCapV3/Montipora_capitata_HIv3.gtf...

Initialized 100000 regions...
Initialized 200000 regions...
Initialized 300000 regions...
Initialized 400000 regions...
Initialized 500000 regions...

Initialized 566446 regions it total

Starting constructing transcripts for RNA-seq stats...
Finished constructing transcripts

Starting BAM file analysis

Sorting BAM file by name...

Read 10000000 records.
Read 20000000 records.
Read 30000000 records.
Read 40000000 records.
Finished reading inputs, merging and writing to output now.
Sorting by name finished.
Analyzed 500000 reads...
Analyzed 1000000 reads...
Analyzed 1500000 reads...
Analyzed 2000000 reads...
Analyzed 2500000 reads...
Analyzed 3000000 reads...
Analyzed 3500000 reads...
Analyzed 4000000 reads...
Analyzed 4500000 reads...
Analyzed 5000000 reads...
Analyzed 5500000 reads...
Analyzed 6000000 reads...
Analyzed 6500000 reads...
Analyzed 7000000 reads...
Analyzed 7500000 reads...
Analyzed 8000000 reads...
Analyzed 8500000 reads...
Analyzed 9000000 reads...
Analyzed 9500000 reads...
Analyzed 10000000 reads...
Analyzed 10500000 reads...
Analyzed 11000000 reads...
Analyzed 11500000 reads...
Analyzed 12000000 reads...
Analyzed 12500000 reads...
Analyzed 13000000 reads...
Analyzed 13500000 reads...
Analyzed 14000000 reads...
Analyzed 14500000 reads...
Analyzed 15000000 reads...
Analyzed 15500000 reads...
Analyzed 16000000 reads...
Analyzed 16500000 reads...
Analyzed 17000000 reads...
Analyzed 17500000 reads...
Analyzed 18000000 reads...
Analyzed 18500000 reads...
Analyzed 19000000 reads...
Analyzed 19500000 reads...
Analyzed 20000000 reads...
Analyzed 20500000 reads...
Analyzed 21000000 reads...
Analyzed 21500000 reads...
Analyzed 22000000 reads...
Analyzed 22500000 reads...
Analyzed 23000000 reads...
Analyzed 23500000 reads...
Analyzed 24000000 reads...
Analyzed 24500000 reads...
Analyzed 25000000 reads...
Analyzed 25500000 reads...
Analyzed 26000000 reads...
Analyzed 26500000 reads...

Counted 13428550 read pairs, 137 single reads

Processed 33324320 reads in total

Cleanup of temporary files

BAM file analysis finished
Creating plots
Writing HTML report...
HTML report created successfully

Running Qualimap on MON_R12_H2...
Java memory size is set to 8G
Launching application...

QualiMap v.2.2.1
Built on 2016-10-03 18:14

Selected tool: rnaseq
Initializing regions from /work/pi_hputnam_uri_edu/HI_Genomes/MCapV3/Montipora_capitata_HIv3.gtf...

Initialized 100000 regions...
Initialized 200000 regions...
Initialized 300000 regions...
Initialized 400000 regions...
Initialized 500000 regions...

Initialized 566446 regions it total

Starting constructing transcripts for RNA-seq stats...
Finished constructing transcripts

Starting BAM file analysis

Sorting BAM file by name...

Read 10000000 records.
Read 20000000 records.
Read 30000000 records.
Finished reading inputs, merging and writing to output now.
Sorting by name finished.
Analyzed 500000 reads...
Analyzed 1000000 reads...
Analyzed 1500000 reads...
Analyzed 2000000 reads...
Analyzed 2500000 reads...
Analyzed 3000000 reads...
Analyzed 3500000 reads...
Analyzed 4000000 reads...
Analyzed 4500000 reads...
Analyzed 5000000 reads...
Analyzed 5500000 reads...
Analyzed 6000000 reads...
Analyzed 6500000 reads...
Analyzed 7000000 reads...
Analyzed 7500000 reads...
Analyzed 8000000 reads...
Analyzed 8500000 reads...
Analyzed 9000000 reads...
Analyzed 9500000 reads...
Analyzed 10000000 reads...
Analyzed 10500000 reads...
Analyzed 11000000 reads...
Analyzed 11500000 reads...
Analyzed 12000000 reads...
Analyzed 12500000 reads...
Analyzed 13000000 reads...
Analyzed 13500000 reads...
Analyzed 14000000 reads...
Analyzed 14500000 reads...
Analyzed 15000000 reads...
Analyzed 15500000 reads...
Analyzed 16000000 reads...
Analyzed 16500000 reads...
Analyzed 17000000 reads...
Analyzed 17500000 reads...
Analyzed 18000000 reads...
Analyzed 18500000 reads...
Analyzed 19000000 reads...
Analyzed 19500000 reads...
Analyzed 20000000 reads...
Analyzed 20500000 reads...
Analyzed 21000000 reads...
Analyzed 21500000 reads...
Analyzed 22000000 reads...
Analyzed 22500000 reads...
Analyzed 23000000 reads...
Analyzed 23500000 reads...
Analyzed 24000000 reads...
Analyzed 24500000 reads...
Analyzed 25000000 reads...

Counted 12535395 read pairs, 69 single reads

Processed 31399427 reads in total

Cleanup of temporary files

BAM file analysis finished
Creating plots
Writing HTML report...
HTML report created successfully

Running Qualimap on MON_R12_H3...
Java memory size is set to 8G
Launching application...

QualiMap v.2.2.1
Built on 2016-10-03 18:14

Selected tool: rnaseq
Initializing regions from /work/pi_hputnam_uri_edu/HI_Genomes/MCapV3/Montipora_capitata_HIv3.gtf...

Initialized 100000 regions...
Initialized 200000 regions...
Initialized 300000 regions...
Initialized 400000 regions...
Initialized 500000 regions...

Initialized 566446 regions it total

Starting constructing transcripts for RNA-seq stats...
Finished constructing transcripts

Starting BAM file analysis

Sorting BAM file by name...

Read 10000000 records.
Read 20000000 records.
Read 30000000 records.
Finished reading inputs, merging and writing to output now.
Sorting by name finished.
Analyzed 500000 reads...
Analyzed 1000000 reads...
Analyzed 1500000 reads...
Analyzed 2000000 reads...
Analyzed 2500000 reads...
Analyzed 3000000 reads...
Analyzed 3500000 reads...
Analyzed 4000000 reads...
Analyzed 4500000 reads...
Analyzed 5000000 reads...
Analyzed 5500000 reads...
Analyzed 6000000 reads...
Analyzed 6500000 reads...
Analyzed 7000000 reads...
Analyzed 7500000 reads...
Analyzed 8000000 reads...
Analyzed 8500000 reads...
Analyzed 9000000 reads...
Analyzed 9500000 reads...
Analyzed 10000000 reads...
Analyzed 10500000 reads...
Analyzed 11000000 reads...
Analyzed 11500000 reads...
Analyzed 12000000 reads...
Analyzed 12500000 reads...
Analyzed 13000000 reads...
Analyzed 13500000 reads...
Analyzed 14000000 reads...
Analyzed 14500000 reads...
Analyzed 15000000 reads...
Analyzed 15500000 reads...
Analyzed 16000000 reads...
Analyzed 16500000 reads...
Analyzed 17000000 reads...
Analyzed 17500000 reads...
Analyzed 18000000 reads...
Analyzed 18500000 reads...
Analyzed 19000000 reads...
Analyzed 19500000 reads...
Analyzed 20000000 reads...
Analyzed 20500000 reads...
Analyzed 21000000 reads...
Analyzed 21500000 reads...
Analyzed 22000000 reads...
Analyzed 22500000 reads...

Counted 11457086 read pairs, 92 single reads

Processed 29173244 reads in total

Cleanup of temporary files

BAM file analysis finished
Creating plots
Writing HTML report...
HTML report created successfully

Running Qualimap on MON_R1_C1...
Java memory size is set to 8G
Launching application...

QualiMap v.2.2.1
Built on 2016-10-03 18:14

Selected tool: rnaseq
Initializing regions from /work/pi_hputnam_uri_edu/HI_Genomes/MCapV3/Montipora_capitata_HIv3.gtf...

Initialized 100000 regions...
Initialized 200000 regions...
Initialized 300000 regions...
Initialized 400000 regions...
Initialized 500000 regions...

Initialized 566446 regions it total

Starting constructing transcripts for RNA-seq stats...
Finished constructing transcripts

Starting BAM file analysis

Sorting BAM file by name...

Read 10000000 records.
Read 20000000 records.
Read 30000000 records.
Finished reading inputs, merging and writing to output now.
Sorting by name finished.
Analyzed 500000 reads...
Analyzed 1000000 reads...
Analyzed 1500000 reads...
Analyzed 2000000 reads...
Analyzed 2500000 reads...
Analyzed 3000000 reads...
Analyzed 3500000 reads...
Analyzed 4000000 reads...
Analyzed 4500000 reads...
Analyzed 5000000 reads...
Analyzed 5500000 reads...
Analyzed 6000000 reads...
Analyzed 6500000 reads...
Analyzed 7000000 reads...
Analyzed 7500000 reads...
Analyzed 8000000 reads...
Analyzed 8500000 reads...
Analyzed 9000000 reads...
Analyzed 9500000 reads...
Analyzed 10000000 reads...
Analyzed 10500000 reads...
Analyzed 11000000 reads...
Analyzed 11500000 reads...
Analyzed 12000000 reads...
Analyzed 12500000 reads...
Analyzed 13000000 reads...
Analyzed 13500000 reads...
Analyzed 14000000 reads...
Analyzed 14500000 reads...
Analyzed 15000000 reads...
Analyzed 15500000 reads...
Analyzed 16000000 reads...
Analyzed 16500000 reads...
Analyzed 17000000 reads...
Analyzed 17500000 reads...
Analyzed 18000000 reads...
Analyzed 18500000 reads...
Analyzed 19000000 reads...
Analyzed 19500000 reads...
Analyzed 20000000 reads...
Analyzed 20500000 reads...
Analyzed 21000000 reads...
Analyzed 21500000 reads...
Analyzed 22000000 reads...
Analyzed 22500000 reads...
Analyzed 23000000 reads...
Analyzed 23500000 reads...
Analyzed 24000000 reads...
Analyzed 24500000 reads...
Analyzed 25000000 reads...
Analyzed 25500000 reads...

Counted 12842603 read pairs, 82 single reads

Processed 32162902 reads in total

Cleanup of temporary files

BAM file analysis finished
Creating plots
Writing HTML report...
HTML report created successfully

Running Qualimap on MON_R1_C2...
Java memory size is set to 8G
Launching application...

QualiMap v.2.2.1
Built on 2016-10-03 18:14

Selected tool: rnaseq
Initializing regions from /work/pi_hputnam_uri_edu/HI_Genomes/MCapV3/Montipora_capitata_HIv3.gtf...

Initialized 100000 regions...
Initialized 200000 regions...
Initialized 300000 regions...
Initialized 400000 regions...
Initialized 500000 regions...

Initialized 566446 regions it total

Starting constructing transcripts for RNA-seq stats...
Finished constructing transcripts

Starting BAM file analysis

Sorting BAM file by name...

Read 10000000 records.
Read 20000000 records.
Read 30000000 records.
Read 40000000 records.
Finished reading inputs, merging and writing to output now.
Sorting by name finished.
Analyzed 500000 reads...
Analyzed 1000000 reads...
Analyzed 1500000 reads...
Analyzed 2000000 reads...
Analyzed 2500000 reads...
Analyzed 3000000 reads...
Analyzed 3500000 reads...
Analyzed 4000000 reads...
Analyzed 4500000 reads...
Analyzed 5000000 reads...
Analyzed 5500000 reads...
Analyzed 6000000 reads...
Analyzed 6500000 reads...
Analyzed 7000000 reads...
Analyzed 7500000 reads...
Analyzed 8000000 reads...
Analyzed 8500000 reads...
Analyzed 9000000 reads...
Analyzed 9500000 reads...
Analyzed 10000000 reads...
Analyzed 10500000 reads...
Analyzed 11000000 reads...
Analyzed 11500000 reads...
Analyzed 12000000 reads...
Analyzed 12500000 reads...
Analyzed 13000000 reads...
Analyzed 13500000 reads...
Analyzed 14000000 reads...
Analyzed 14500000 reads...
Analyzed 15000000 reads...
Analyzed 15500000 reads...
Analyzed 16000000 reads...
Analyzed 16500000 reads...
Analyzed 17000000 reads...
Analyzed 17500000 reads...
Analyzed 18000000 reads...
Analyzed 18500000 reads...
Analyzed 19000000 reads...
Analyzed 19500000 reads...
Analyzed 20000000 reads...
Analyzed 20500000 reads...
Analyzed 21000000 reads...
Analyzed 21500000 reads...
Analyzed 22000000 reads...
Analyzed 22500000 reads...
Analyzed 23000000 reads...
Analyzed 23500000 reads...
Analyzed 24000000 reads...
Analyzed 24500000 reads...
Analyzed 25000000 reads...
Analyzed 25500000 reads...
Analyzed 26000000 reads...
Analyzed 26500000 reads...
Analyzed 27000000 reads...

Counted 13563149 read pairs, 121 single reads

Processed 34424489 reads in total

Cleanup of temporary files

BAM file analysis finished
Creating plots
Writing HTML report...
HTML report created successfully

Running Qualimap on MON_R0_C2...
Java memory size is set to 8G
Launching application...

QualiMap v.2.2.1
Built on 2016-10-03 18:14

Selected tool: rnaseq
Initializing regions from /work/pi_hputnam_uri_edu/HI_Genomes/MCapV3/Montipora_capitata_HIv3.gtf...

Initialized 100000 regions...
Initialized 200000 regions...
Initialized 300000 regions...
Initialized 400000 regions...
Initialized 500000 regions...

Initialized 566446 regions it total

Starting constructing transcripts for RNA-seq stats...
Finished constructing transcripts

Starting BAM file analysis

Sorting BAM file by name...

Read 10000000 records.
Read 20000000 records.
Read 30000000 records.
Finished reading inputs, merging and writing to output now.
Sorting by name finished.
Analyzed 500000 reads...
Analyzed 1000000 reads...
Analyzed 1500000 reads...
Analyzed 2000000 reads...
Analyzed 2500000 reads...
Analyzed 3000000 reads...
Analyzed 3500000 reads...
Analyzed 4000000 reads...
Analyzed 4500000 reads...
Analyzed 5000000 reads...
Analyzed 5500000 reads...
Analyzed 6000000 reads...
Analyzed 6500000 reads...
Analyzed 7000000 reads...
Analyzed 7500000 reads...
Analyzed 8000000 reads...
Analyzed 8500000 reads...
Analyzed 9000000 reads...
Analyzed 9500000 reads...
Analyzed 10000000 reads...
Analyzed 10500000 reads...
Analyzed 11000000 reads...
Analyzed 11500000 reads...
Analyzed 12000000 reads...
Analyzed 12500000 reads...
Analyzed 13000000 reads...
Analyzed 13500000 reads...
Analyzed 14000000 reads...
Analyzed 14500000 reads...
Analyzed 15000000 reads...
Analyzed 15500000 reads...
Analyzed 16000000 reads...
Analyzed 16500000 reads...
Analyzed 17000000 reads...
Analyzed 17500000 reads...
Analyzed 18000000 reads...
Analyzed 18500000 reads...
Analyzed 19000000 reads...
Analyzed 19500000 reads...
Analyzed 20000000 reads...
Analyzed 20500000 reads...
Analyzed 21000000 reads...
Analyzed 21500000 reads...
Analyzed 22000000 reads...
Analyzed 22500000 reads...
Analyzed 23000000 reads...
Analyzed 23500000 reads...
Analyzed 24000000 reads...

Counted 12006046 read pairs, 94 single reads

Processed 29930673 reads in total

Cleanup of temporary files

BAM file analysis finished
Creating plots
Writing HTML report...
HTML report created successfully

Running Qualimap on MON_R1_C3...
Java memory size is set to 8G
Launching application...

QualiMap v.2.2.1
Built on 2016-10-03 18:14

Selected tool: rnaseq
Initializing regions from /work/pi_hputnam_uri_edu/HI_Genomes/MCapV3/Montipora_capitata_HIv3.gtf...

Initialized 100000 regions...
Initialized 200000 regions...
Initialized 300000 regions...
Initialized 400000 regions...
Initialized 500000 regions...

Initialized 566446 regions it total

Starting constructing transcripts for RNA-seq stats...
Finished constructing transcripts

Starting BAM file analysis

Sorting BAM file by name...

Read 10000000 records.
Read 20000000 records.
Read 30000000 records.
Read 40000000 records.
Finished reading inputs, merging and writing to output now.
Sorting by name finished.
Analyzed 500000 reads...
Analyzed 1000000 reads...
Analyzed 1500000 reads...
Analyzed 2000000 reads...
Analyzed 2500000 reads...
Analyzed 3000000 reads...
Analyzed 3500000 reads...
Analyzed 4000000 reads...
Analyzed 4500000 reads...
Analyzed 5000000 reads...
Analyzed 5500000 reads...
Analyzed 6000000 reads...
Analyzed 6500000 reads...
Analyzed 7000000 reads...
Analyzed 7500000 reads...
Analyzed 8000000 reads...
Analyzed 8500000 reads...
Analyzed 9000000 reads...
Analyzed 9500000 reads...
Analyzed 10000000 reads...
Analyzed 10500000 reads...
Analyzed 11000000 reads...
Analyzed 11500000 reads...
Analyzed 12000000 reads...
Analyzed 12500000 reads...
Analyzed 13000000 reads...
Analyzed 13500000 reads...
Analyzed 14000000 reads...
Analyzed 14500000 reads...
Analyzed 15000000 reads...
Analyzed 15500000 reads...
Analyzed 16000000 reads...
Analyzed 16500000 reads...
Analyzed 17000000 reads...
Analyzed 17500000 reads...
Analyzed 18000000 reads...
Analyzed 18500000 reads...
Analyzed 19000000 reads...
Analyzed 19500000 reads...
Analyzed 20000000 reads...
Analyzed 20500000 reads...
Analyzed 21000000 reads...
Analyzed 21500000 reads...
Analyzed 22000000 reads...
Analyzed 22500000 reads...
Analyzed 23000000 reads...
Analyzed 23500000 reads...
Analyzed 24000000 reads...
Analyzed 24500000 reads...
Analyzed 25000000 reads...
Analyzed 25500000 reads...
Analyzed 26000000 reads...
Analyzed 26500000 reads...
Analyzed 27000000 reads...
Analyzed 27500000 reads...
Analyzed 28000000 reads...
Analyzed 28500000 reads...
Analyzed 29000000 reads...
Analyzed 29500000 reads...
Analyzed 30000000 reads...

Counted 15243336 read pairs, 97 single reads

Processed 38250711 reads in total

Cleanup of temporary files

BAM file analysis finished
Creating plots
Writing HTML report...
HTML report created successfully

Running Qualimap on MON_R1_H1...
Java memory size is set to 8G
Launching application...

QualiMap v.2.2.1
Built on 2016-10-03 18:14

Selected tool: rnaseq
Initializing regions from /work/pi_hputnam_uri_edu/HI_Genomes/MCapV3/Montipora_capitata_HIv3.gtf...

Initialized 100000 regions...
Initialized 200000 regions...
Initialized 300000 regions...
Initialized 400000 regions...
Initialized 500000 regions...

Initialized 566446 regions it total

Starting constructing transcripts for RNA-seq stats...
Finished constructing transcripts

Starting BAM file analysis

Sorting BAM file by name...

Read 10000000 records.
Read 20000000 records.
Read 30000000 records.
Finished reading inputs, merging and writing to output now.
Sorting by name finished.
Analyzed 500000 reads...
Analyzed 1000000 reads...
Analyzed 1500000 reads...
Analyzed 2000000 reads...
Analyzed 2500000 reads...
Analyzed 3000000 reads...
Analyzed 3500000 reads...
Analyzed 4000000 reads...
Analyzed 4500000 reads...
Analyzed 5000000 reads...
Analyzed 5500000 reads...
Analyzed 6000000 reads...
Analyzed 6500000 reads...
Analyzed 7000000 reads...
Analyzed 7500000 reads...
Analyzed 8000000 reads...
Analyzed 8500000 reads...
Analyzed 9000000 reads...
Analyzed 9500000 reads...
Analyzed 10000000 reads...
Analyzed 10500000 reads...
Analyzed 11000000 reads...
Analyzed 11500000 reads...
Analyzed 12000000 reads...
Analyzed 12500000 reads...
Analyzed 13000000 reads...
Analyzed 13500000 reads...
Analyzed 14000000 reads...
Analyzed 14500000 reads...
Analyzed 15000000 reads...
Analyzed 15500000 reads...
Analyzed 16000000 reads...
Analyzed 16500000 reads...
Analyzed 17000000 reads...
Analyzed 17500000 reads...
Analyzed 18000000 reads...
Analyzed 18500000 reads...
Analyzed 19000000 reads...
Analyzed 19500000 reads...
Analyzed 20000000 reads...
Analyzed 20500000 reads...

Counted 10326392 read pairs, 57 single reads

Processed 25397109 reads in total

Cleanup of temporary files

BAM file analysis finished
Creating plots
Writing HTML report...
HTML report created successfully

Running Qualimap on MON_R1_H2...
Java memory size is set to 8G
Launching application...

QualiMap v.2.2.1
Built on 2016-10-03 18:14

Selected tool: rnaseq
Initializing regions from /work/pi_hputnam_uri_edu/HI_Genomes/MCapV3/Montipora_capitata_HIv3.gtf...

Initialized 100000 regions...
Initialized 200000 regions...
Initialized 300000 regions...
Initialized 400000 regions...
Initialized 500000 regions...

Initialized 566446 regions it total

Starting constructing transcripts for RNA-seq stats...
Finished constructing transcripts

Starting BAM file analysis

Sorting BAM file by name...

Read 10000000 records.
Read 20000000 records.
Read 30000000 records.
Finished reading inputs, merging and writing to output now.
Sorting by name finished.
Analyzed 500000 reads...
Analyzed 1000000 reads...
Analyzed 1500000 reads...
Analyzed 2000000 reads...
Analyzed 2500000 reads...
Analyzed 3000000 reads...
Analyzed 3500000 reads...
Analyzed 4000000 reads...
Analyzed 4500000 reads...
Analyzed 5000000 reads...
Analyzed 5500000 reads...
Analyzed 6000000 reads...
Analyzed 6500000 reads...
Analyzed 7000000 reads...
Analyzed 7500000 reads...
Analyzed 8000000 reads...
Analyzed 8500000 reads...
Analyzed 9000000 reads...
Analyzed 9500000 reads...
Analyzed 10000000 reads...
Analyzed 10500000 reads...
Analyzed 11000000 reads...
Analyzed 11500000 reads...
Analyzed 12000000 reads...
Analyzed 12500000 reads...
Analyzed 13000000 reads...
Analyzed 13500000 reads...
Analyzed 14000000 reads...
Analyzed 14500000 reads...
Analyzed 15000000 reads...
Analyzed 15500000 reads...
Analyzed 16000000 reads...
Analyzed 16500000 reads...
Analyzed 17000000 reads...
Analyzed 17500000 reads...
Analyzed 18000000 reads...
Analyzed 18500000 reads...
Analyzed 19000000 reads...
Analyzed 19500000 reads...
Analyzed 20000000 reads...
Analyzed 20500000 reads...
Analyzed 21000000 reads...
Analyzed 21500000 reads...
Analyzed 22000000 reads...
Analyzed 22500000 reads...
Analyzed 23000000 reads...
Analyzed 23500000 reads...

Counted 11965465 read pairs, 47 single reads

Processed 30172538 reads in total

Cleanup of temporary files

BAM file analysis finished
Creating plots
Writing HTML report...
HTML report created successfully

Running Qualimap on MON_R1_H3...
Java memory size is set to 8G
Launching application...

QualiMap v.2.2.1
Built on 2016-10-03 18:14

Selected tool: rnaseq
Initializing regions from /work/pi_hputnam_uri_edu/HI_Genomes/MCapV3/Montipora_capitata_HIv3.gtf...

Initialized 100000 regions...
Initialized 200000 regions...
Initialized 300000 regions...
Initialized 400000 regions...
Initialized 500000 regions...

Initialized 566446 regions it total

Starting constructing transcripts for RNA-seq stats...
Finished constructing transcripts

Starting BAM file analysis

Sorting BAM file by name...

Read 10000000 records.
Read 20000000 records.
Read 30000000 records.
Finished reading inputs, merging and writing to output now.
Sorting by name finished.
Analyzed 500000 reads...
Analyzed 1000000 reads...
Analyzed 1500000 reads...
Analyzed 2000000 reads...
Analyzed 2500000 reads...
Analyzed 3000000 reads...
Analyzed 3500000 reads...
Analyzed 4000000 reads...
Analyzed 4500000 reads...
Analyzed 5000000 reads...
Analyzed 5500000 reads...
Analyzed 6000000 reads...
Analyzed 6500000 reads...
Analyzed 7000000 reads...
Analyzed 7500000 reads...
Analyzed 8000000 reads...
Analyzed 8500000 reads...
Analyzed 9000000 reads...
Analyzed 9500000 reads...
Analyzed 10000000 reads...
Analyzed 10500000 reads...
Analyzed 11000000 reads...
Analyzed 11500000 reads...
Analyzed 12000000 reads...
Analyzed 12500000 reads...
Analyzed 13000000 reads...
Analyzed 13500000 reads...
Analyzed 14000000 reads...
Analyzed 14500000 reads...
Analyzed 15000000 reads...
Analyzed 15500000 reads...
Analyzed 16000000 reads...
Analyzed 16500000 reads...
Analyzed 17000000 reads...
Analyzed 17500000 reads...
Analyzed 18000000 reads...
Analyzed 18500000 reads...
Analyzed 19000000 reads...
Analyzed 19500000 reads...
Analyzed 20000000 reads...
Analyzed 20500000 reads...
Analyzed 21000000 reads...
Analyzed 21500000 reads...
Analyzed 22000000 reads...
Analyzed 22500000 reads...
Analyzed 23000000 reads...
Analyzed 23500000 reads...
Analyzed 24000000 reads...

Counted 12069720 read pairs, 92 single reads

Processed 30794579 reads in total

Cleanup of temporary files

BAM file analysis finished
Creating plots
Writing HTML report...
HTML report created successfully

Running Qualimap on MON_R24_C1...
Java memory size is set to 8G
Launching application...

QualiMap v.2.2.1
Built on 2016-10-03 18:14

Selected tool: rnaseq
Initializing regions from /work/pi_hputnam_uri_edu/HI_Genomes/MCapV3/Montipora_capitata_HIv3.gtf...

Initialized 100000 regions...
Initialized 200000 regions...
Initialized 300000 regions...
Initialized 400000 regions...
Initialized 500000 regions...

Initialized 566446 regions it total

Starting constructing transcripts for RNA-seq stats...
Finished constructing transcripts

Starting BAM file analysis

Sorting BAM file by name...

Read 10000000 records.
Read 20000000 records.
Read 30000000 records.
Finished reading inputs, merging and writing to output now.
Sorting by name finished.
Analyzed 500000 reads...
Analyzed 1000000 reads...
Analyzed 1500000 reads...
Analyzed 2000000 reads...
Analyzed 2500000 reads...
Analyzed 3000000 reads...
Analyzed 3500000 reads...
Analyzed 4000000 reads...
Analyzed 4500000 reads...
Analyzed 5000000 reads...
Analyzed 5500000 reads...
Analyzed 6000000 reads...
Analyzed 6500000 reads...
Analyzed 7000000 reads...
Analyzed 7500000 reads...
Analyzed 8000000 reads...
Analyzed 8500000 reads...
Analyzed 9000000 reads...
Analyzed 9500000 reads...
Analyzed 10000000 reads...
Analyzed 10500000 reads...
Analyzed 11000000 reads...
Analyzed 11500000 reads...
Analyzed 12000000 reads...
Analyzed 12500000 reads...
Analyzed 13000000 reads...
Analyzed 13500000 reads...
Analyzed 14000000 reads...
Analyzed 14500000 reads...
Analyzed 15000000 reads...
Analyzed 15500000 reads...
Analyzed 16000000 reads...
Analyzed 16500000 reads...
Analyzed 17000000 reads...
Analyzed 17500000 reads...
Analyzed 18000000 reads...
Analyzed 18500000 reads...
Analyzed 19000000 reads...
Analyzed 19500000 reads...
Analyzed 20000000 reads...
Analyzed 20500000 reads...
Analyzed 21000000 reads...
Analyzed 21500000 reads...
Analyzed 22000000 reads...
Analyzed 22500000 reads...
Analyzed 23000000 reads...
Analyzed 23500000 reads...
Analyzed 24000000 reads...

Counted 12149792 read pairs, 56 single reads

Processed 30948647 reads in total

Cleanup of temporary files

BAM file analysis finished
Creating plots
Writing HTML report...
HTML report created successfully

Running Qualimap on MON_R24_C2...
Java memory size is set to 8G
Launching application...

QualiMap v.2.2.1
Built on 2016-10-03 18:14

Selected tool: rnaseq
Initializing regions from /work/pi_hputnam_uri_edu/HI_Genomes/MCapV3/Montipora_capitata_HIv3.gtf...

Initialized 100000 regions...
Initialized 200000 regions...
Initialized 300000 regions...
Initialized 400000 regions...
Initialized 500000 regions...

Initialized 566446 regions it total

Starting constructing transcripts for RNA-seq stats...
Finished constructing transcripts

Starting BAM file analysis

Sorting BAM file by name...

Read 10000000 records.
Read 20000000 records.
Read 30000000 records.
Finished reading inputs, merging and writing to output now.
Sorting by name finished.
Analyzed 500000 reads...
Analyzed 1000000 reads...
Analyzed 1500000 reads...
Analyzed 2000000 reads...
Analyzed 2500000 reads...
Analyzed 3000000 reads...
Analyzed 3500000 reads...
Analyzed 4000000 reads...
Analyzed 4500000 reads...
Analyzed 5000000 reads...
Analyzed 5500000 reads...
Analyzed 6000000 reads...
Analyzed 6500000 reads...
Analyzed 7000000 reads...
Analyzed 7500000 reads...
Analyzed 8000000 reads...
Analyzed 8500000 reads...
Analyzed 9000000 reads...
Analyzed 9500000 reads...
Analyzed 10000000 reads...
Analyzed 10500000 reads...
Analyzed 11000000 reads...
Analyzed 11500000 reads...
Analyzed 12000000 reads...
Analyzed 12500000 reads...
Analyzed 13000000 reads...
Analyzed 13500000 reads...
Analyzed 14000000 reads...
Analyzed 14500000 reads...
Analyzed 15000000 reads...
Analyzed 15500000 reads...
Analyzed 16000000 reads...
Analyzed 16500000 reads...
Analyzed 17000000 reads...
Analyzed 17500000 reads...
Analyzed 18000000 reads...
Analyzed 18500000 reads...
Analyzed 19000000 reads...
Analyzed 19500000 reads...
Analyzed 20000000 reads...
Analyzed 20500000 reads...
Analyzed 21000000 reads...
Analyzed 21500000 reads...
Analyzed 22000000 reads...
Analyzed 22500000 reads...
Analyzed 23000000 reads...
Analyzed 23500000 reads...
Analyzed 24000000 reads...
Analyzed 24500000 reads...
Analyzed 25000000 reads...
Analyzed 25500000 reads...
Analyzed 26000000 reads...
Analyzed 26500000 reads...

Counted 13310628 read pairs, 111 single reads

Processed 32969638 reads in total

Cleanup of temporary files

BAM file analysis finished
Creating plots
Writing HTML report...
HTML report created successfully

Running Qualimap on MON_R24_C3...
Java memory size is set to 8G
Launching application...

QualiMap v.2.2.1
Built on 2016-10-03 18:14

Selected tool: rnaseq
Initializing regions from /work/pi_hputnam_uri_edu/HI_Genomes/MCapV3/Montipora_capitata_HIv3.gtf...

Initialized 100000 regions...
Initialized 200000 regions...
Initialized 300000 regions...
Initialized 400000 regions...
Initialized 500000 regions...

Initialized 566446 regions it total

Starting constructing transcripts for RNA-seq stats...
Finished constructing transcripts

Starting BAM file analysis

Sorting BAM file by name...

Read 10000000 records.
Read 20000000 records.
Read 30000000 records.
Read 40000000 records.
Finished reading inputs, merging and writing to output now.
Sorting by name finished.
Analyzed 500000 reads...
Analyzed 1000000 reads...
Analyzed 1500000 reads...
Analyzed 2000000 reads...
Analyzed 2500000 reads...
Analyzed 3000000 reads...
Analyzed 3500000 reads...
Analyzed 4000000 reads...
Analyzed 4500000 reads...
Analyzed 5000000 reads...
Analyzed 5500000 reads...
Analyzed 6000000 reads...
Analyzed 6500000 reads...
Analyzed 7000000 reads...
Analyzed 7500000 reads...
Analyzed 8000000 reads...
Analyzed 8500000 reads...
Analyzed 9000000 reads...
Analyzed 9500000 reads...
Analyzed 10000000 reads...
Analyzed 10500000 reads...
Analyzed 11000000 reads...
Analyzed 11500000 reads...
Analyzed 12000000 reads...
Analyzed 12500000 reads...
Analyzed 13000000 reads...
Analyzed 13500000 reads...
Analyzed 14000000 reads...
Analyzed 14500000 reads...
Analyzed 15000000 reads...
Analyzed 15500000 reads...
Analyzed 16000000 reads...
Analyzed 16500000 reads...
Analyzed 17000000 reads...
Analyzed 17500000 reads...
Analyzed 18000000 reads...
Analyzed 18500000 reads...
Analyzed 19000000 reads...
Analyzed 19500000 reads...
Analyzed 20000000 reads...
Analyzed 20500000 reads...
Analyzed 21000000 reads...
Analyzed 21500000 reads...
Analyzed 22000000 reads...
Analyzed 22500000 reads...
Analyzed 23000000 reads...
Analyzed 23500000 reads...
Analyzed 24000000 reads...
Analyzed 24500000 reads...
Analyzed 25000000 reads...
Analyzed 25500000 reads...
Analyzed 26000000 reads...
Analyzed 26500000 reads...
Analyzed 27000000 reads...
Analyzed 27500000 reads...
Analyzed 28000000 reads...
Analyzed 28500000 reads...
Analyzed 29000000 reads...

Counted 14512926 read pairs, 126 single reads

Processed 36686179 reads in total

Cleanup of temporary files

BAM file analysis finished
Creating plots
Writing HTML report...
HTML report created successfully

Running Qualimap on MON_R24_H1...
Java memory size is set to 8G
Launching application...

QualiMap v.2.2.1
Built on 2016-10-03 18:14

Selected tool: rnaseq
Initializing regions from /work/pi_hputnam_uri_edu/HI_Genomes/MCapV3/Montipora_capitata_HIv3.gtf...

Initialized 100000 regions...
Initialized 200000 regions...
Initialized 300000 regions...
Initialized 400000 regions...
Initialized 500000 regions...

Initialized 566446 regions it total

Starting constructing transcripts for RNA-seq stats...
Finished constructing transcripts

Starting BAM file analysis

Sorting BAM file by name...

Read 10000000 records.
Read 20000000 records.
Read 30000000 records.
Read 40000000 records.
Finished reading inputs, merging and writing to output now.
Sorting by name finished.
Analyzed 500000 reads...
Analyzed 1000000 reads...
Analyzed 1500000 reads...
Analyzed 2000000 reads...
Analyzed 2500000 reads...
Analyzed 3000000 reads...
Analyzed 3500000 reads...
Analyzed 4000000 reads...
Analyzed 4500000 reads...
Analyzed 5000000 reads...
Analyzed 5500000 reads...
Analyzed 6000000 reads...
Analyzed 6500000 reads...
Analyzed 7000000 reads...
Analyzed 7500000 reads...
Analyzed 8000000 reads...
Analyzed 8500000 reads...
Analyzed 9000000 reads...
Analyzed 9500000 reads...
Analyzed 10000000 reads...
Analyzed 10500000 reads...
Analyzed 11000000 reads...
Analyzed 11500000 reads...
Analyzed 12000000 reads...
Analyzed 12500000 reads...
Analyzed 13000000 reads...
Analyzed 13500000 reads...
Analyzed 14000000 reads...
Analyzed 14500000 reads...
Analyzed 15000000 reads...
Analyzed 15500000 reads...
Analyzed 16000000 reads...
Analyzed 16500000 reads...
Analyzed 17000000 reads...
Analyzed 17500000 reads...
Analyzed 18000000 reads...
Analyzed 18500000 reads...
Analyzed 19000000 reads...
Analyzed 19500000 reads...
Analyzed 20000000 reads...
Analyzed 20500000 reads...
Analyzed 21000000 reads...
Analyzed 21500000 reads...
Analyzed 22000000 reads...
Analyzed 22500000 reads...
Analyzed 23000000 reads...
Analyzed 23500000 reads...
Analyzed 24000000 reads...
Analyzed 24500000 reads...
Analyzed 25000000 reads...
Analyzed 25500000 reads...
Analyzed 26000000 reads...
Analyzed 26500000 reads...
Analyzed 27000000 reads...
Analyzed 27500000 reads...
Analyzed 28000000 reads...
Analyzed 28500000 reads...

Counted 14464484 read pairs, 121 single reads

Processed 35968007 reads in total

Cleanup of temporary files

BAM file analysis finished
Creating plots
Writing HTML report...
HTML report created successfully

Running Qualimap on MON_R24_H2...
Java memory size is set to 8G
Launching application...

QualiMap v.2.2.1
Built on 2016-10-03 18:14

Selected tool: rnaseq
Initializing regions from /work/pi_hputnam_uri_edu/HI_Genomes/MCapV3/Montipora_capitata_HIv3.gtf...

Initialized 100000 regions...
Initialized 200000 regions...
Initialized 300000 regions...
Initialized 400000 regions...
Initialized 500000 regions...

Initialized 566446 regions it total

Starting constructing transcripts for RNA-seq stats...
Finished constructing transcripts

Starting BAM file analysis

Sorting BAM file by name...

Read 10000000 records.
Read 20000000 records.
Read 30000000 records.
Finished reading inputs, merging and writing to output now.
Sorting by name finished.
Analyzed 500000 reads...
Analyzed 1000000 reads...
Analyzed 1500000 reads...
Analyzed 2000000 reads...
Analyzed 2500000 reads...
Analyzed 3000000 reads...
Analyzed 3500000 reads...
Analyzed 4000000 reads...
Analyzed 4500000 reads...
Analyzed 5000000 reads...
Analyzed 5500000 reads...
Analyzed 6000000 reads...
Analyzed 6500000 reads...
Analyzed 7000000 reads...
Analyzed 7500000 reads...
Analyzed 8000000 reads...
Analyzed 8500000 reads...
Analyzed 9000000 reads...
Analyzed 9500000 reads...
Analyzed 10000000 reads...
Analyzed 10500000 reads...
Analyzed 11000000 reads...
Analyzed 11500000 reads...
Analyzed 12000000 reads...
Analyzed 12500000 reads...
Analyzed 13000000 reads...
Analyzed 13500000 reads...
Analyzed 14000000 reads...
Analyzed 14500000 reads...
Analyzed 15000000 reads...
Analyzed 15500000 reads...
Analyzed 16000000 reads...
Analyzed 16500000 reads...
Analyzed 17000000 reads...
Analyzed 17500000 reads...
Analyzed 18000000 reads...
Analyzed 18500000 reads...
Analyzed 19000000 reads...
Analyzed 19500000 reads...
Analyzed 20000000 reads...
Analyzed 20500000 reads...
Analyzed 21000000 reads...
Analyzed 21500000 reads...
Analyzed 22000000 reads...
Analyzed 22500000 reads...
Analyzed 23000000 reads...
Analyzed 23500000 reads...

Counted 11886049 read pairs, 86 single reads

Processed 29455521 reads in total

Cleanup of temporary files

BAM file analysis finished
Creating plots
Writing HTML report...
HTML report created successfully

Running Qualimap on MON_R24_H3...
Java memory size is set to 8G
Launching application...

QualiMap v.2.2.1
Built on 2016-10-03 18:14

Selected tool: rnaseq
Initializing regions from /work/pi_hputnam_uri_edu/HI_Genomes/MCapV3/Montipora_capitata_HIv3.gtf...

Initialized 100000 regions...
Initialized 200000 regions...
Initialized 300000 regions...
Initialized 400000 regions...
Initialized 500000 regions...

Initialized 566446 regions it total

Starting constructing transcripts for RNA-seq stats...
Finished constructing transcripts

Starting BAM file analysis

Sorting BAM file by name...

Read 10000000 records.
Read 20000000 records.
Read 30000000 records.
Read 40000000 records.
Finished reading inputs, merging and writing to output now.
Sorting by name finished.
Analyzed 500000 reads...
Analyzed 1000000 reads...
Analyzed 1500000 reads...
Analyzed 2000000 reads...
Analyzed 2500000 reads...
Analyzed 3000000 reads...
Analyzed 3500000 reads...
Analyzed 4000000 reads...
Analyzed 4500000 reads...
Analyzed 5000000 reads...
Analyzed 5500000 reads...
Analyzed 6000000 reads...
Analyzed 6500000 reads...
Analyzed 7000000 reads...
Analyzed 7500000 reads...
Analyzed 8000000 reads...
Analyzed 8500000 reads...
Analyzed 9000000 reads...
Analyzed 9500000 reads...
Analyzed 10000000 reads...
Analyzed 10500000 reads...
Analyzed 11000000 reads...
Analyzed 11500000 reads...
Analyzed 12000000 reads...
Analyzed 12500000 reads...
Analyzed 13000000 reads...
Analyzed 13500000 reads...
Analyzed 14000000 reads...
Analyzed 14500000 reads...
Analyzed 15000000 reads...
Analyzed 15500000 reads...
Analyzed 16000000 reads...
Analyzed 16500000 reads...
Analyzed 17000000 reads...
Analyzed 17500000 reads...
Analyzed 18000000 reads...
Analyzed 18500000 reads...
Analyzed 19000000 reads...
Analyzed 19500000 reads...
Analyzed 20000000 reads...
Analyzed 20500000 reads...
Analyzed 21000000 reads...
Analyzed 21500000 reads...
Analyzed 22000000 reads...
Analyzed 22500000 reads...
Analyzed 23000000 reads...
Analyzed 23500000 reads...
Analyzed 24000000 reads...
Analyzed 24500000 reads...
Analyzed 25000000 reads...
Analyzed 25500000 reads...
Analyzed 26000000 reads...
Analyzed 26500000 reads...
Analyzed 27000000 reads...
Analyzed 27500000 reads...
Analyzed 28000000 reads...

Counted 14030780 read pairs, 86 single reads

Processed 34233095 reads in total

Cleanup of temporary files

BAM file analysis finished
Creating plots
Writing HTML report...
HTML report created successfully

Running Qualimap on MON_R0_C3...
Java memory size is set to 8G
Launching application...

QualiMap v.2.2.1
Built on 2016-10-03 18:14

Selected tool: rnaseq
Initializing regions from /work/pi_hputnam_uri_edu/HI_Genomes/MCapV3/Montipora_capitata_HIv3.gtf...

Initialized 100000 regions...
Initialized 200000 regions...
Initialized 300000 regions...
Initialized 400000 regions...
Initialized 500000 regions...

Initialized 566446 regions it total

Starting constructing transcripts for RNA-seq stats...
Finished constructing transcripts

Starting BAM file analysis

Sorting BAM file by name...

Read 10000000 records.
Read 20000000 records.
Read 30000000 records.
Finished reading inputs, merging and writing to output now.
Sorting by name finished.
Analyzed 500000 reads...
Analyzed 1000000 reads...
Analyzed 1500000 reads...
Analyzed 2000000 reads...
Analyzed 2500000 reads...
Analyzed 3000000 reads...
Analyzed 3500000 reads...
Analyzed 4000000 reads...
Analyzed 4500000 reads...
Analyzed 5000000 reads...
Analyzed 5500000 reads...
Analyzed 6000000 reads...
Analyzed 6500000 reads...
Analyzed 7000000 reads...
Analyzed 7500000 reads...
Analyzed 8000000 reads...
Analyzed 8500000 reads...
Analyzed 9000000 reads...
Analyzed 9500000 reads...
Analyzed 10000000 reads...
Analyzed 10500000 reads...
Analyzed 11000000 reads...
Analyzed 11500000 reads...
Analyzed 12000000 reads...
Analyzed 12500000 reads...
Analyzed 13000000 reads...
Analyzed 13500000 reads...
Analyzed 14000000 reads...
Analyzed 14500000 reads...
Analyzed 15000000 reads...
Analyzed 15500000 reads...
Analyzed 16000000 reads...
Analyzed 16500000 reads...
Analyzed 17000000 reads...
Analyzed 17500000 reads...
Analyzed 18000000 reads...
Analyzed 18500000 reads...
Analyzed 19000000 reads...
Analyzed 19500000 reads...
Analyzed 20000000 reads...
Analyzed 20500000 reads...
Analyzed 21000000 reads...
Analyzed 21500000 reads...
Analyzed 22000000 reads...
Analyzed 22500000 reads...
Analyzed 23000000 reads...
Analyzed 23500000 reads...
Analyzed 24000000 reads...
Analyzed 24500000 reads...
Analyzed 25000000 reads...
Analyzed 25500000 reads...

Counted 12865676 read pairs, 77 single reads

Processed 32798779 reads in total

Cleanup of temporary files

BAM file analysis finished
Creating plots
Writing HTML report...
HTML report created successfully

Running Qualimap on MON_R3_C1...
Java memory size is set to 8G
Launching application...

QualiMap v.2.2.1
Built on 2016-10-03 18:14

Selected tool: rnaseq
Initializing regions from /work/pi_hputnam_uri_edu/HI_Genomes/MCapV3/Montipora_capitata_HIv3.gtf...

Initialized 100000 regions...
Initialized 200000 regions...
Initialized 300000 regions...
Initialized 400000 regions...
Initialized 500000 regions...

Initialized 566446 regions it total

Starting constructing transcripts for RNA-seq stats...
Finished constructing transcripts

Starting BAM file analysis

Sorting BAM file by name...

Read 10000000 records.
Read 20000000 records.
Read 30000000 records.
Finished reading inputs, merging and writing to output now.
Sorting by name finished.
Analyzed 500000 reads...
Analyzed 1000000 reads...
Analyzed 1500000 reads...
Analyzed 2000000 reads...
Analyzed 2500000 reads...
Analyzed 3000000 reads...
Analyzed 3500000 reads...
Analyzed 4000000 reads...
Analyzed 4500000 reads...
Analyzed 5000000 reads...
Analyzed 5500000 reads...
Analyzed 6000000 reads...
Analyzed 6500000 reads...
Analyzed 7000000 reads...
Analyzed 7500000 reads...
Analyzed 8000000 reads...
Analyzed 8500000 reads...
Analyzed 9000000 reads...
Analyzed 9500000 reads...
Analyzed 10000000 reads...
Analyzed 10500000 reads...
Analyzed 11000000 reads...
Analyzed 11500000 reads...
Analyzed 12000000 reads...
Analyzed 12500000 reads...
Analyzed 13000000 reads...
Analyzed 13500000 reads...
Analyzed 14000000 reads...
Analyzed 14500000 reads...
Analyzed 15000000 reads...
Analyzed 15500000 reads...
Analyzed 16000000 reads...
Analyzed 16500000 reads...
Analyzed 17000000 reads...
Analyzed 17500000 reads...
Analyzed 18000000 reads...
Analyzed 18500000 reads...
Analyzed 19000000 reads...
Analyzed 19500000 reads...
Analyzed 20000000 reads...
Analyzed 20500000 reads...
Analyzed 21000000 reads...
Analyzed 21500000 reads...
Analyzed 22000000 reads...
Analyzed 22500000 reads...
Analyzed 23000000 reads...
Analyzed 23500000 reads...
Analyzed 24000000 reads...
Analyzed 24500000 reads...
Analyzed 25000000 reads...
Analyzed 25500000 reads...
Analyzed 26000000 reads...

Counted 13233463 read pairs, 71 single reads

Processed 32965688 reads in total

Cleanup of temporary files

BAM file analysis finished
Creating plots
Writing HTML report...
HTML report created successfully

Running Qualimap on MON_R3_C2...
Java memory size is set to 8G
Launching application...

QualiMap v.2.2.1
Built on 2016-10-03 18:14

Selected tool: rnaseq
Initializing regions from /work/pi_hputnam_uri_edu/HI_Genomes/MCapV3/Montipora_capitata_HIv3.gtf...

Initialized 100000 regions...
Initialized 200000 regions...
Initialized 300000 regions...
Initialized 400000 regions...
Initialized 500000 regions...

Initialized 566446 regions it total

Starting constructing transcripts for RNA-seq stats...
Finished constructing transcripts

Starting BAM file analysis

Sorting BAM file by name...

Read 10000000 records.
Read 20000000 records.
Read 30000000 records.
Finished reading inputs, merging and writing to output now.
Sorting by name finished.
Analyzed 500000 reads...
Analyzed 1000000 reads...
Analyzed 1500000 reads...
Analyzed 2000000 reads...
Analyzed 2500000 reads...
Analyzed 3000000 reads...
Analyzed 3500000 reads...
Analyzed 4000000 reads...
Analyzed 4500000 reads...
Analyzed 5000000 reads...
Analyzed 5500000 reads...
Analyzed 6000000 reads...
Analyzed 6500000 reads...
Analyzed 7000000 reads...
Analyzed 7500000 reads...
Analyzed 8000000 reads...
Analyzed 8500000 reads...
Analyzed 9000000 reads...
Analyzed 9500000 reads...
Analyzed 10000000 reads...
Analyzed 10500000 reads...
Analyzed 11000000 reads...
Analyzed 11500000 reads...
Analyzed 12000000 reads...
Analyzed 12500000 reads...
Analyzed 13000000 reads...
Analyzed 13500000 reads...
Analyzed 14000000 reads...
Analyzed 14500000 reads...
Analyzed 15000000 reads...
Analyzed 15500000 reads...
Analyzed 16000000 reads...
Analyzed 16500000 reads...
Analyzed 17000000 reads...
Analyzed 17500000 reads...
Analyzed 18000000 reads...
Analyzed 18500000 reads...
Analyzed 19000000 reads...
Analyzed 19500000 reads...
Analyzed 20000000 reads...
Analyzed 20500000 reads...
Analyzed 21000000 reads...
Analyzed 21500000 reads...
Analyzed 22000000 reads...
Analyzed 22500000 reads...
Analyzed 23000000 reads...

Counted 11653753 read pairs, 77 single reads

Processed 29188625 reads in total

Cleanup of temporary files

BAM file analysis finished
Creating plots
Writing HTML report...
HTML report created successfully

Running Qualimap on MON_R3_C3...
Java memory size is set to 8G
Launching application...

QualiMap v.2.2.1
Built on 2016-10-03 18:14

Selected tool: rnaseq
Initializing regions from /work/pi_hputnam_uri_edu/HI_Genomes/MCapV3/Montipora_capitata_HIv3.gtf...

Initialized 100000 regions...
Initialized 200000 regions...
Initialized 300000 regions...
Initialized 400000 regions...
Initialized 500000 regions...

Initialized 566446 regions it total

Starting constructing transcripts for RNA-seq stats...
Finished constructing transcripts

Starting BAM file analysis

Sorting BAM file by name...

Read 10000000 records.
Read 20000000 records.
Read 30000000 records.
Read 40000000 records.
Finished reading inputs, merging and writing to output now.
Sorting by name finished.
Analyzed 500000 reads...
Analyzed 1000000 reads...
Analyzed 1500000 reads...
Analyzed 2000000 reads...
Analyzed 2500000 reads...
Analyzed 3000000 reads...
Analyzed 3500000 reads...
Analyzed 4000000 reads...
Analyzed 4500000 reads...
Analyzed 5000000 reads...
Analyzed 5500000 reads...
Analyzed 6000000 reads...
Analyzed 6500000 reads...
Analyzed 7000000 reads...
Analyzed 7500000 reads...
Analyzed 8000000 reads...
Analyzed 8500000 reads...
Analyzed 9000000 reads...
Analyzed 9500000 reads...
Analyzed 10000000 reads...
Analyzed 10500000 reads...
Analyzed 11000000 reads...
Analyzed 11500000 reads...
Analyzed 12000000 reads...
Analyzed 12500000 reads...
Analyzed 13000000 reads...
Analyzed 13500000 reads...
Analyzed 14000000 reads...
Analyzed 14500000 reads...
Analyzed 15000000 reads...
Analyzed 15500000 reads...
Analyzed 16000000 reads...
Analyzed 16500000 reads...
Analyzed 17000000 reads...
Analyzed 17500000 reads...
Analyzed 18000000 reads...
Analyzed 18500000 reads...
Analyzed 19000000 reads...
Analyzed 19500000 reads...
Analyzed 20000000 reads...
Analyzed 20500000 reads...
Analyzed 21000000 reads...
Analyzed 21500000 reads...
Analyzed 22000000 reads...
Analyzed 22500000 reads...
Analyzed 23000000 reads...
Analyzed 23500000 reads...
Analyzed 24000000 reads...
Analyzed 24500000 reads...
Analyzed 25000000 reads...
Analyzed 25500000 reads...
Analyzed 26000000 reads...

Counted 13201872 read pairs, 127 single reads

Processed 32731599 reads in total

Cleanup of temporary files

BAM file analysis finished
Creating plots
Writing HTML report...
HTML report created successfully

Running Qualimap on MON_R3_H1...
Java memory size is set to 8G
Launching application...

QualiMap v.2.2.1
Built on 2016-10-03 18:14

Selected tool: rnaseq
Initializing regions from /work/pi_hputnam_uri_edu/HI_Genomes/MCapV3/Montipora_capitata_HIv3.gtf...

Initialized 100000 regions...
Initialized 200000 regions...
Initialized 300000 regions...
Initialized 400000 regions...
Initialized 500000 regions...

Initialized 566446 regions it total

Starting constructing transcripts for RNA-seq stats...
Finished constructing transcripts

Starting BAM file analysis

Sorting BAM file by name...

Read 10000000 records.
Read 20000000 records.
Read 30000000 records.
Read 40000000 records.
Finished reading inputs, merging and writing to output now.
Sorting by name finished.
Analyzed 500000 reads...
Analyzed 1000000 reads...
Analyzed 1500000 reads...
Analyzed 2000000 reads...
Analyzed 2500000 reads...
Analyzed 3000000 reads...
Analyzed 3500000 reads...
Analyzed 4000000 reads...
Analyzed 4500000 reads...
Analyzed 5000000 reads...
Analyzed 5500000 reads...
Analyzed 6000000 reads...
Analyzed 6500000 reads...
Analyzed 7000000 reads...
Analyzed 7500000 reads...
Analyzed 8000000 reads...
Analyzed 8500000 reads...
Analyzed 9000000 reads...
Analyzed 9500000 reads...
Analyzed 10000000 reads...
Analyzed 10500000 reads...
Analyzed 11000000 reads...
Analyzed 11500000 reads...
Analyzed 12000000 reads...
Analyzed 12500000 reads...
Analyzed 13000000 reads...
Analyzed 13500000 reads...
Analyzed 14000000 reads...
Analyzed 14500000 reads...
Analyzed 15000000 reads...
Analyzed 15500000 reads...
Analyzed 16000000 reads...
Analyzed 16500000 reads...
Analyzed 17000000 reads...
Analyzed 17500000 reads...
Analyzed 18000000 reads...
Analyzed 18500000 reads...
Analyzed 19000000 reads...
Analyzed 19500000 reads...
Analyzed 20000000 reads...
Analyzed 20500000 reads...
Analyzed 21000000 reads...
Analyzed 21500000 reads...
Analyzed 22000000 reads...
Analyzed 22500000 reads...
Analyzed 23000000 reads...
Analyzed 23500000 reads...
Analyzed 24000000 reads...
Analyzed 24500000 reads...
Analyzed 25000000 reads...
Analyzed 25500000 reads...
Analyzed 26000000 reads...
Analyzed 26500000 reads...
Analyzed 27000000 reads...
Analyzed 27500000 reads...

Counted 13875906 read pairs, 137 single reads

Processed 34846142 reads in total

Cleanup of temporary files

BAM file analysis finished
Creating plots
Writing HTML report...
HTML report created successfully

Running Qualimap on MON_R3_H2...
Java memory size is set to 8G
Launching application...

QualiMap v.2.2.1
Built on 2016-10-03 18:14

Selected tool: rnaseq
Initializing regions from /work/pi_hputnam_uri_edu/HI_Genomes/MCapV3/Montipora_capitata_HIv3.gtf...

Initialized 100000 regions...
Initialized 200000 regions...
Initialized 300000 regions...
Initialized 400000 regions...
Initialized 500000 regions...

Initialized 566446 regions it total

Starting constructing transcripts for RNA-seq stats...
Finished constructing transcripts

Starting BAM file analysis

Sorting BAM file by name...

Read 10000000 records.
Read 20000000 records.
Read 30000000 records.
Read 40000000 records.
Read 50000000 records.
Read 60000000 records.
Read 70000000 records.
Finished reading inputs, merging and writing to output now.
Sorting by name finished.
Analyzed 500000 reads...
Analyzed 1000000 reads...
Analyzed 1500000 reads...
Analyzed 2000000 reads...
Analyzed 2500000 reads...
Analyzed 3000000 reads...
Analyzed 3500000 reads...
Analyzed 4000000 reads...
Analyzed 4500000 reads...
Analyzed 5000000 reads...
Analyzed 5500000 reads...
Analyzed 6000000 reads...
Analyzed 6500000 reads...
Analyzed 7000000 reads...
Analyzed 7500000 reads...
Analyzed 8000000 reads...
Analyzed 8500000 reads...
Analyzed 9000000 reads...
Analyzed 9500000 reads...
Analyzed 10000000 reads...
Analyzed 10500000 reads...
Analyzed 11000000 reads...
Analyzed 11500000 reads...
Analyzed 12000000 reads...
Analyzed 12500000 reads...
Analyzed 13000000 reads...
Analyzed 13500000 reads...
Analyzed 14000000 reads...
Analyzed 14500000 reads...
Analyzed 15000000 reads...
Analyzed 15500000 reads...
Analyzed 16000000 reads...
Analyzed 16500000 reads...
Analyzed 17000000 reads...
Analyzed 17500000 reads...
Analyzed 18000000 reads...
Analyzed 18500000 reads...
Analyzed 19000000 reads...
Analyzed 19500000 reads...
Analyzed 20000000 reads...
Analyzed 20500000 reads...
Analyzed 21000000 reads...
Analyzed 21500000 reads...
Analyzed 22000000 reads...
Analyzed 22500000 reads...
Analyzed 23000000 reads...
Analyzed 23500000 reads...
Analyzed 24000000 reads...
Analyzed 24500000 reads...
Analyzed 25000000 reads...
Analyzed 25500000 reads...
Analyzed 26000000 reads...
Analyzed 26500000 reads...
Analyzed 27000000 reads...
Analyzed 27500000 reads...
Analyzed 28000000 reads...
Analyzed 28500000 reads...
Analyzed 29000000 reads...
Analyzed 29500000 reads...
Analyzed 30000000 reads...
Analyzed 30500000 reads...
Analyzed 31000000 reads...
Analyzed 31500000 reads...
Analyzed 32000000 reads...
Analyzed 32500000 reads...
Analyzed 33000000 reads...
Analyzed 33500000 reads...
Analyzed 34000000 reads...
Analyzed 34500000 reads...
Analyzed 35000000 reads...
Analyzed 35500000 reads...
Analyzed 36000000 reads...
Analyzed 36500000 reads...
Analyzed 37000000 reads...
Analyzed 37500000 reads...
Analyzed 38000000 reads...
Analyzed 38500000 reads...
Analyzed 39000000 reads...
Analyzed 39500000 reads...
Analyzed 40000000 reads...
Analyzed 40500000 reads...
Analyzed 41000000 reads...

Counted 20714306 read pairs, 261 single reads

Processed 52947693 reads in total

Cleanup of temporary files

BAM file analysis finished
Creating plots
Writing HTML report...
HTML report created successfully

Running Qualimap on MON_R3_H3...
Java memory size is set to 8G
Launching application...

QualiMap v.2.2.1
Built on 2016-10-03 18:14

Selected tool: rnaseq
Initializing regions from /work/pi_hputnam_uri_edu/HI_Genomes/MCapV3/Montipora_capitata_HIv3.gtf...

Initialized 100000 regions...
Initialized 200000 regions...
Initialized 300000 regions...
Initialized 400000 regions...
Initialized 500000 regions...

Initialized 566446 regions it total

Starting constructing transcripts for RNA-seq stats...
Finished constructing transcripts

Starting BAM file analysis

Sorting BAM file by name...

Read 10000000 records.
Read 20000000 records.
Read 30000000 records.
Finished reading inputs, merging and writing to output now.
Sorting by name finished.
Analyzed 500000 reads...
Analyzed 1000000 reads...
Analyzed 1500000 reads...
Analyzed 2000000 reads...
Analyzed 2500000 reads...
Analyzed 3000000 reads...
Analyzed 3500000 reads...
Analyzed 4000000 reads...
Analyzed 4500000 reads...
Analyzed 5000000 reads...
Analyzed 5500000 reads...
Analyzed 6000000 reads...
Analyzed 6500000 reads...
Analyzed 7000000 reads...
Analyzed 7500000 reads...
Analyzed 8000000 reads...
Analyzed 8500000 reads...
Analyzed 9000000 reads...
Analyzed 9500000 reads...
Analyzed 10000000 reads...
Analyzed 10500000 reads...
Analyzed 11000000 reads...
Analyzed 11500000 reads...
Analyzed 12000000 reads...
Analyzed 12500000 reads...
Analyzed 13000000 reads...
Analyzed 13500000 reads...
Analyzed 14000000 reads...
Analyzed 14500000 reads...
Analyzed 15000000 reads...
Analyzed 15500000 reads...
Analyzed 16000000 reads...
Analyzed 16500000 reads...
Analyzed 17000000 reads...
Analyzed 17500000 reads...
Analyzed 18000000 reads...
Analyzed 18500000 reads...
Analyzed 19000000 reads...
Analyzed 19500000 reads...
Analyzed 20000000 reads...
Analyzed 20500000 reads...
Analyzed 21000000 reads...
Analyzed 21500000 reads...
Analyzed 22000000 reads...

Counted 11233920 read pairs, 62 single reads

Processed 28678672 reads in total

Cleanup of temporary files

BAM file analysis finished
Creating plots
Writing HTML report...
HTML report created successfully

Running Qualimap on MON_R72_C1...
Java memory size is set to 8G
Launching application...

QualiMap v.2.2.1
Built on 2016-10-03 18:14

Selected tool: rnaseq
Initializing regions from /work/pi_hputnam_uri_edu/HI_Genomes/MCapV3/Montipora_capitata_HIv3.gtf...

Initialized 100000 regions...
Initialized 200000 regions...
Initialized 300000 regions...
Initialized 400000 regions...
Initialized 500000 regions...

Initialized 566446 regions it total

Starting constructing transcripts for RNA-seq stats...
Finished constructing transcripts

Starting BAM file analysis

Sorting BAM file by name...

Read 10000000 records.
Read 20000000 records.
Read 30000000 records.
Read 40000000 records.
Finished reading inputs, merging and writing to output now.
Sorting by name finished.
Analyzed 500000 reads...
Analyzed 1000000 reads...
Analyzed 1500000 reads...
Analyzed 2000000 reads...
Analyzed 2500000 reads...
Analyzed 3000000 reads...
Analyzed 3500000 reads...
Analyzed 4000000 reads...
Analyzed 4500000 reads...
Analyzed 5000000 reads...
Analyzed 5500000 reads...
Analyzed 6000000 reads...
Analyzed 6500000 reads...
Analyzed 7000000 reads...
Analyzed 7500000 reads...
Analyzed 8000000 reads...
Analyzed 8500000 reads...
Analyzed 9000000 reads...
Analyzed 9500000 reads...
Analyzed 10000000 reads...
Analyzed 10500000 reads...
Analyzed 11000000 reads...
Analyzed 11500000 reads...
Analyzed 12000000 reads...
Analyzed 12500000 reads...
Analyzed 13000000 reads...
Analyzed 13500000 reads...
Analyzed 14000000 reads...
Analyzed 14500000 reads...
Analyzed 15000000 reads...
Analyzed 15500000 reads...
Analyzed 16000000 reads...
Analyzed 16500000 reads...
Analyzed 17000000 reads...
Analyzed 17500000 reads...
Analyzed 18000000 reads...
Analyzed 18500000 reads...
Analyzed 19000000 reads...
Analyzed 19500000 reads...
Analyzed 20000000 reads...
Analyzed 20500000 reads...
Analyzed 21000000 reads...
Analyzed 21500000 reads...
Analyzed 22000000 reads...
Analyzed 22500000 reads...
Analyzed 23000000 reads...
Analyzed 23500000 reads...
Analyzed 24000000 reads...
Analyzed 24500000 reads...
Analyzed 25000000 reads...
Analyzed 25500000 reads...
Analyzed 26000000 reads...
Analyzed 26500000 reads...
Analyzed 27000000 reads...

Counted 13692910 read pairs, 128 single reads

Processed 33587685 reads in total

Cleanup of temporary files

BAM file analysis finished
Creating plots
Writing HTML report...
HTML report created successfully

Running Qualimap on MON_R72_C2...
Java memory size is set to 8G
Launching application...

QualiMap v.2.2.1
Built on 2016-10-03 18:14

Selected tool: rnaseq
Initializing regions from /work/pi_hputnam_uri_edu/HI_Genomes/MCapV3/Montipora_capitata_HIv3.gtf...

Initialized 100000 regions...
Initialized 200000 regions...
Initialized 300000 regions...
Initialized 400000 regions...
Initialized 500000 regions...

Initialized 566446 regions it total

Starting constructing transcripts for RNA-seq stats...
Finished constructing transcripts

Starting BAM file analysis

Sorting BAM file by name...

Read 10000000 records.
Read 20000000 records.
Read 30000000 records.
Finished reading inputs, merging and writing to output now.
Sorting by name finished.
Analyzed 500000 reads...
Analyzed 1000000 reads...
Analyzed 1500000 reads...
Analyzed 2000000 reads...
Analyzed 2500000 reads...
Analyzed 3000000 reads...
Analyzed 3500000 reads...
Analyzed 4000000 reads...
Analyzed 4500000 reads...
Analyzed 5000000 reads...
Analyzed 5500000 reads...
Analyzed 6000000 reads...
Analyzed 6500000 reads...
Analyzed 7000000 reads...
Analyzed 7500000 reads...
Analyzed 8000000 reads...
Analyzed 8500000 reads...
Analyzed 9000000 reads...
Analyzed 9500000 reads...
Analyzed 10000000 reads...
Analyzed 10500000 reads...
Analyzed 11000000 reads...
Analyzed 11500000 reads...
Analyzed 12000000 reads...
Analyzed 12500000 reads...
Analyzed 13000000 reads...
Analyzed 13500000 reads...
Analyzed 14000000 reads...
Analyzed 14500000 reads...
Analyzed 15000000 reads...
Analyzed 15500000 reads...
Analyzed 16000000 reads...
Analyzed 16500000 reads...
Analyzed 17000000 reads...
Analyzed 17500000 reads...
Analyzed 18000000 reads...
Analyzed 18500000 reads...
Analyzed 19000000 reads...
Analyzed 19500000 reads...
Analyzed 20000000 reads...
Analyzed 20500000 reads...
Analyzed 21000000 reads...
Analyzed 21500000 reads...
Analyzed 22000000 reads...
Analyzed 22500000 reads...
Analyzed 23000000 reads...

Counted 11593311 read pairs, 87 single reads

Processed 29071960 reads in total

Cleanup of temporary files

BAM file analysis finished
Creating plots
Writing HTML report...
HTML report created successfully

Running Qualimap on MON_R72_C3...
Java memory size is set to 8G
Launching application...

QualiMap v.2.2.1
Built on 2016-10-03 18:14

Selected tool: rnaseq
Initializing regions from /work/pi_hputnam_uri_edu/HI_Genomes/MCapV3/Montipora_capitata_HIv3.gtf...

Initialized 100000 regions...
Initialized 200000 regions...
Initialized 300000 regions...
Initialized 400000 regions...
Initialized 500000 regions...

Initialized 566446 regions it total

Starting constructing transcripts for RNA-seq stats...
Finished constructing transcripts

Starting BAM file analysis

Sorting BAM file by name...

Read 10000000 records.
Read 20000000 records.
Read 30000000 records.
Read 40000000 records.
Read 50000000 records.
Finished reading inputs, merging and writing to output now.
Sorting by name finished.
Analyzed 500000 reads...
Analyzed 1000000 reads...
Analyzed 1500000 reads...
Analyzed 2000000 reads...
Analyzed 2500000 reads...
Analyzed 3000000 reads...
Analyzed 3500000 reads...
Analyzed 4000000 reads...
Analyzed 4500000 reads...
Analyzed 5000000 reads...
Analyzed 5500000 reads...
Analyzed 6000000 reads...
Analyzed 6500000 reads...
Analyzed 7000000 reads...
Analyzed 7500000 reads...
Analyzed 8000000 reads...
Analyzed 8500000 reads...
Analyzed 9000000 reads...
Analyzed 9500000 reads...
Analyzed 10000000 reads...
Analyzed 10500000 reads...
Analyzed 11000000 reads...
Analyzed 11500000 reads...
Analyzed 12000000 reads...
Analyzed 12500000 reads...
Analyzed 13000000 reads...
Analyzed 13500000 reads...
Analyzed 14000000 reads...
Analyzed 14500000 reads...
Analyzed 15000000 reads...
Analyzed 15500000 reads...
Analyzed 16000000 reads...
Analyzed 16500000 reads...
Analyzed 17000000 reads...
Analyzed 17500000 reads...
Analyzed 18000000 reads...
Analyzed 18500000 reads...
Analyzed 19000000 reads...
Analyzed 19500000 reads...
Analyzed 20000000 reads...
Analyzed 20500000 reads...
Analyzed 21000000 reads...
Analyzed 21500000 reads...
Analyzed 22000000 reads...
Analyzed 22500000 reads...
Analyzed 23000000 reads...
Analyzed 23500000 reads...
Analyzed 24000000 reads...
Analyzed 24500000 reads...
Analyzed 25000000 reads...
Analyzed 25500000 reads...
Analyzed 26000000 reads...
Analyzed 26500000 reads...
Analyzed 27000000 reads...
Analyzed 27500000 reads...
Analyzed 28000000 reads...
Analyzed 28500000 reads...
Analyzed 29000000 reads...
Analyzed 29500000 reads...
Analyzed 30000000 reads...
Analyzed 30500000 reads...
Analyzed 31000000 reads...
Analyzed 31500000 reads...
Analyzed 32000000 reads...
Analyzed 32500000 reads...
Analyzed 33000000 reads...

Counted 16669614 read pairs, 114 single reads

Processed 41999487 reads in total

Cleanup of temporary files

BAM file analysis finished
Creating plots
Writing HTML report...
HTML report created successfully

Running Qualimap on MON_R72_H1...
Java memory size is set to 8G
Launching application...

QualiMap v.2.2.1
Built on 2016-10-03 18:14

Selected tool: rnaseq
Initializing regions from /work/pi_hputnam_uri_edu/HI_Genomes/MCapV3/Montipora_capitata_HIv3.gtf...

Initialized 100000 regions...
Initialized 200000 regions...
Initialized 300000 regions...
Initialized 400000 regions...
Initialized 500000 regions...

Initialized 566446 regions it total

Starting constructing transcripts for RNA-seq stats...
Finished constructing transcripts

Starting BAM file analysis

Sorting BAM file by name...

Read 10000000 records.
Read 20000000 records.
Finished reading inputs, merging and writing to output now.
Sorting by name finished.

Counted 29825 read pairs, 0 single reads

Processed 74612 reads in total

Cleanup of temporary files

BAM file analysis finished
Creating plots
Writing HTML report...
HTML report created successfully

Running Qualimap on MON_R0_H1...
Java memory size is set to 8G
Launching application...

QualiMap v.2.2.1
Built on 2016-10-03 18:14

Selected tool: rnaseq
Initializing regions from /work/pi_hputnam_uri_edu/HI_Genomes/MCapV3/Montipora_capitata_HIv3.gtf...

Initialized 100000 regions...
Initialized 200000 regions...
Initialized 300000 regions...
Initialized 400000 regions...
Initialized 500000 regions...

Initialized 566446 regions it total

Starting constructing transcripts for RNA-seq stats...
Finished constructing transcripts

Starting BAM file analysis

Sorting BAM file by name...

Read 10000000 records.
Read 20000000 records.
Read 30000000 records.
Read 40000000 records.
Read 50000000 records.
Finished reading inputs, merging and writing to output now.
Sorting by name finished.
Analyzed 500000 reads...
Analyzed 1000000 reads...
Analyzed 1500000 reads...
Analyzed 2000000 reads...
Analyzed 2500000 reads...
Analyzed 3000000 reads...
Analyzed 3500000 reads...
Analyzed 4000000 reads...
Analyzed 4500000 reads...
Analyzed 5000000 reads...
Analyzed 5500000 reads...
Analyzed 6000000 reads...
Analyzed 6500000 reads...
Analyzed 7000000 reads...
Analyzed 7500000 reads...
Analyzed 8000000 reads...
Analyzed 8500000 reads...
Analyzed 9000000 reads...
Analyzed 9500000 reads...
Analyzed 10000000 reads...
Analyzed 10500000 reads...
Analyzed 11000000 reads...
Analyzed 11500000 reads...
Analyzed 12000000 reads...
Analyzed 12500000 reads...
Analyzed 13000000 reads...
Analyzed 13500000 reads...
Analyzed 14000000 reads...
Analyzed 14500000 reads...
Analyzed 15000000 reads...
Analyzed 15500000 reads...
Analyzed 16000000 reads...
Analyzed 16500000 reads...
Analyzed 17000000 reads...
Analyzed 17500000 reads...
Analyzed 18000000 reads...
Analyzed 18500000 reads...
Analyzed 19000000 reads...
Analyzed 19500000 reads...
Analyzed 20000000 reads...
Analyzed 20500000 reads...
Analyzed 21000000 reads...
Analyzed 21500000 reads...
Analyzed 22000000 reads...
Analyzed 22500000 reads...
Analyzed 23000000 reads...
Analyzed 23500000 reads...
Analyzed 24000000 reads...
Analyzed 24500000 reads...
Analyzed 25000000 reads...
Analyzed 25500000 reads...
Analyzed 26000000 reads...
Analyzed 26500000 reads...
Analyzed 27000000 reads...
Analyzed 27500000 reads...
Analyzed 28000000 reads...
Analyzed 28500000 reads...
Analyzed 29000000 reads...
Analyzed 29500000 reads...
Analyzed 30000000 reads...
Analyzed 30500000 reads...
Analyzed 31000000 reads...
Analyzed 31500000 reads...
Analyzed 32000000 reads...
Analyzed 32500000 reads...
Analyzed 33000000 reads...

Counted 16526827 read pairs, 66 single reads

Processed 40747897 reads in total

Cleanup of temporary files

BAM file analysis finished
Creating plots
Writing HTML report...
HTML report created successfully

Running Qualimap on MON_R72_H2...
Java memory size is set to 8G
Launching application...

QualiMap v.2.2.1
Built on 2016-10-03 18:14

Selected tool: rnaseq
Initializing regions from /work/pi_hputnam_uri_edu/HI_Genomes/MCapV3/Montipora_capitata_HIv3.gtf...

Initialized 100000 regions...
Initialized 200000 regions...
Initialized 300000 regions...
Initialized 400000 regions...
Initialized 500000 regions...

Initialized 566446 regions it total

Starting constructing transcripts for RNA-seq stats...
Finished constructing transcripts

Starting BAM file analysis

Sorting BAM file by name...

Read 10000000 records.
Read 20000000 records.
Finished reading inputs, merging and writing to output now.
Sorting by name finished.

Counted 98559 read pairs, 3 single reads

Processed 278809 reads in total

Cleanup of temporary files

BAM file analysis finished
Creating plots
Writing HTML report...
HTML report created successfully

Running Qualimap on MON_R72_H3...
Java memory size is set to 8G
Launching application...

QualiMap v.2.2.1
Built on 2016-10-03 18:14

Selected tool: rnaseq
Initializing regions from /work/pi_hputnam_uri_edu/HI_Genomes/MCapV3/Montipora_capitata_HIv3.gtf...

Initialized 100000 regions...
Initialized 200000 regions...
Initialized 300000 regions...
Initialized 400000 regions...
Initialized 500000 regions...

Initialized 566446 regions it total

Starting constructing transcripts for RNA-seq stats...
Finished constructing transcripts

Starting BAM file analysis

Sorting BAM file by name...

Read 10000000 records.
Read 20000000 records.
Read 30000000 records.
Finished reading inputs, merging and writing to output now.
Sorting by name finished.
Analyzed 500000 reads...
Analyzed 1000000 reads...
Analyzed 1500000 reads...
Analyzed 2000000 reads...
Analyzed 2500000 reads...
Analyzed 3000000 reads...
Analyzed 3500000 reads...
Analyzed 4000000 reads...
Analyzed 4500000 reads...
Analyzed 5000000 reads...
Analyzed 5500000 reads...
Analyzed 6000000 reads...
Analyzed 6500000 reads...
Analyzed 7000000 reads...
Analyzed 7500000 reads...
Analyzed 8000000 reads...
Analyzed 8500000 reads...
Analyzed 9000000 reads...
Analyzed 9500000 reads...
Analyzed 10000000 reads...
Analyzed 10500000 reads...
Analyzed 11000000 reads...
Analyzed 11500000 reads...
Analyzed 12000000 reads...
Analyzed 12500000 reads...
Analyzed 13000000 reads...
Analyzed 13500000 reads...
Analyzed 14000000 reads...
Analyzed 14500000 reads...
Analyzed 15000000 reads...
Analyzed 15500000 reads...
Analyzed 16000000 reads...
Analyzed 16500000 reads...
Analyzed 17000000 reads...
Analyzed 17500000 reads...
Analyzed 18000000 reads...
Analyzed 18500000 reads...
Analyzed 19000000 reads...
Analyzed 19500000 reads...
Analyzed 20000000 reads...
Analyzed 20500000 reads...
Analyzed 21000000 reads...
Analyzed 21500000 reads...
Analyzed 22000000 reads...
Analyzed 22500000 reads...
Analyzed 23000000 reads...
Analyzed 23500000 reads...
Analyzed 24000000 reads...

Counted 12186508 read pairs, 109 single reads

Processed 30348303 reads in total

Cleanup of temporary files

BAM file analysis finished
Creating plots
Writing HTML report...
HTML report created successfully

Running Qualimap on MON_R0_H2...
Java memory size is set to 8G
Launching application...

QualiMap v.2.2.1
Built on 2016-10-03 18:14

Selected tool: rnaseq
Initializing regions from /work/pi_hputnam_uri_edu/HI_Genomes/MCapV3/Montipora_capitata_HIv3.gtf...

Initialized 100000 regions...
Initialized 200000 regions...
Initialized 300000 regions...
Initialized 400000 regions...
Initialized 500000 regions...

Initialized 566446 regions it total

Starting constructing transcripts for RNA-seq stats...
Finished constructing transcripts

Starting BAM file analysis

Sorting BAM file by name...

Read 10000000 records.
Read 20000000 records.
Read 30000000 records.
Read 40000000 records.
Read 50000000 records.
Read 60000000 records.
Read 70000000 records.
Finished reading inputs, merging and writing to output now.
Sorting by name finished.
Analyzed 500000 reads...
Analyzed 1000000 reads...
Analyzed 1500000 reads...
Analyzed 2000000 reads...
Analyzed 2500000 reads...
Analyzed 3000000 reads...
Analyzed 3500000 reads...
Analyzed 4000000 reads...
Analyzed 4500000 reads...
Analyzed 5000000 reads...
Analyzed 5500000 reads...
Analyzed 6000000 reads...
Analyzed 6500000 reads...
Analyzed 7000000 reads...
Analyzed 7500000 reads...
Analyzed 8000000 reads...
Analyzed 8500000 reads...
Analyzed 9000000 reads...
Analyzed 9500000 reads...
Analyzed 10000000 reads...
Analyzed 10500000 reads...
Analyzed 11000000 reads...
Analyzed 11500000 reads...
Analyzed 12000000 reads...
Analyzed 12500000 reads...
Analyzed 13000000 reads...
Analyzed 13500000 reads...
Analyzed 14000000 reads...
Analyzed 14500000 reads...
Analyzed 15000000 reads...
Analyzed 15500000 reads...
Analyzed 16000000 reads...
Analyzed 16500000 reads...
Analyzed 17000000 reads...
Analyzed 17500000 reads...
Analyzed 18000000 reads...
Analyzed 18500000 reads...
Analyzed 19000000 reads...
Analyzed 19500000 reads...
Analyzed 20000000 reads...
Analyzed 20500000 reads...
Analyzed 21000000 reads...
Analyzed 21500000 reads...
Analyzed 22000000 reads...
Analyzed 22500000 reads...
Analyzed 23000000 reads...
Analyzed 23500000 reads...
Analyzed 24000000 reads...
Analyzed 24500000 reads...
Analyzed 25000000 reads...
Analyzed 25500000 reads...
Analyzed 26000000 reads...
Analyzed 26500000 reads...
Analyzed 27000000 reads...
Analyzed 27500000 reads...
Analyzed 28000000 reads...
Analyzed 28500000 reads...
Analyzed 29000000 reads...
Analyzed 29500000 reads...
Analyzed 30000000 reads...
Analyzed 30500000 reads...
Analyzed 31000000 reads...
Analyzed 31500000 reads...
Analyzed 32000000 reads...
Analyzed 32500000 reads...
Analyzed 33000000 reads...
Analyzed 33500000 reads...
Analyzed 34000000 reads...
Analyzed 34500000 reads...
Analyzed 35000000 reads...
Analyzed 35500000 reads...
Analyzed 36000000 reads...
Analyzed 36500000 reads...
Analyzed 37000000 reads...
Analyzed 37500000 reads...
Analyzed 38000000 reads...
Analyzed 38500000 reads...
Analyzed 39000000 reads...
Analyzed 39500000 reads...
Analyzed 40000000 reads...
Analyzed 40500000 reads...
Analyzed 41000000 reads...

Counted 20749342 read pairs, 215 single reads

Processed 52473340 reads in total

Cleanup of temporary files

BAM file analysis finished
Creating plots
Writing HTML report...
HTML report created successfully

Running Qualimap on MON_R0_H3...
Java memory size is set to 8G
Launching application...

QualiMap v.2.2.1
Built on 2016-10-03 18:14

Selected tool: rnaseq
Initializing regions from /work/pi_hputnam_uri_edu/HI_Genomes/MCapV3/Montipora_capitata_HIv3.gtf...

Initialized 100000 regions...
Initialized 200000 regions...
Initialized 300000 regions...
Initialized 400000 regions...
Initialized 500000 regions...

Initialized 566446 regions it total

Starting constructing transcripts for RNA-seq stats...
Finished constructing transcripts

Starting BAM file analysis

Sorting BAM file by name...

Read 10000000 records.
Read 20000000 records.
Read 30000000 records.
Finished reading inputs, merging and writing to output now.
Sorting by name finished.
Analyzed 500000 reads...
Analyzed 1000000 reads...
Analyzed 1500000 reads...
Analyzed 2000000 reads...
Analyzed 2500000 reads...
Analyzed 3000000 reads...
Analyzed 3500000 reads...
Analyzed 4000000 reads...
Analyzed 4500000 reads...
Analyzed 5000000 reads...
Analyzed 5500000 reads...
Analyzed 6000000 reads...
Analyzed 6500000 reads...
Analyzed 7000000 reads...
Analyzed 7500000 reads...
Analyzed 8000000 reads...
Analyzed 8500000 reads...
Analyzed 9000000 reads...
Analyzed 9500000 reads...
Analyzed 10000000 reads...
Analyzed 10500000 reads...
Analyzed 11000000 reads...
Analyzed 11500000 reads...
Analyzed 12000000 reads...
Analyzed 12500000 reads...
Analyzed 13000000 reads...
Analyzed 13500000 reads...
Analyzed 14000000 reads...
Analyzed 14500000 reads...
Analyzed 15000000 reads...
Analyzed 15500000 reads...
Analyzed 16000000 reads...
Analyzed 16500000 reads...
Analyzed 17000000 reads...
Analyzed 17500000 reads...
Analyzed 18000000 reads...
Analyzed 18500000 reads...
Analyzed 19000000 reads...
Analyzed 19500000 reads...
Analyzed 20000000 reads...
Analyzed 20500000 reads...
Analyzed 21000000 reads...
Analyzed 21500000 reads...
Analyzed 22000000 reads...
Analyzed 22500000 reads...
Analyzed 23000000 reads...
Analyzed 23500000 reads...
Analyzed 24000000 reads...
Analyzed 24500000 reads...
Analyzed 25000000 reads...
Analyzed 25500000 reads...
Analyzed 26000000 reads...

Counted 13106349 read pairs, 82 single reads

Processed 32857318 reads in total

Cleanup of temporary files

BAM file analysis finished
Creating plots
Writing HTML report...
HTML report created successfully

Running Qualimap on MON_R120_C1...
Java memory size is set to 8G
Launching application...

QualiMap v.2.2.1
Built on 2016-10-03 18:14

Selected tool: rnaseq
Initializing regions from /work/pi_hputnam_uri_edu/HI_Genomes/MCapV3/Montipora_capitata_HIv3.gtf...

Initialized 100000 regions...
Initialized 200000 regions...
Initialized 300000 regions...
Initialized 400000 regions...
Initialized 500000 regions...

Initialized 566446 regions it total

Starting constructing transcripts for RNA-seq stats...
Finished constructing transcripts

Starting BAM file analysis

Sorting BAM file by name...

Read 10000000 records.
Read 20000000 records.
Read 30000000 records.
Read 40000000 records.
Finished reading inputs, merging and writing to output now.
Sorting by name finished.
Analyzed 500000 reads...
Analyzed 1000000 reads...
Analyzed 1500000 reads...
Analyzed 2000000 reads...
Analyzed 2500000 reads...
Analyzed 3000000 reads...
Analyzed 3500000 reads...
Analyzed 4000000 reads...
Analyzed 4500000 reads...
Analyzed 5000000 reads...
Analyzed 5500000 reads...
Analyzed 6000000 reads...
Analyzed 6500000 reads...
Analyzed 7000000 reads...
Analyzed 7500000 reads...
Analyzed 8000000 reads...
Analyzed 8500000 reads...
Analyzed 9000000 reads...
Analyzed 9500000 reads...
Analyzed 10000000 reads...
Analyzed 10500000 reads...
Analyzed 11000000 reads...
Analyzed 11500000 reads...
Analyzed 12000000 reads...
Analyzed 12500000 reads...
Analyzed 13000000 reads...
Analyzed 13500000 reads...
Analyzed 14000000 reads...
Analyzed 14500000 reads...
Analyzed 15000000 reads...
Analyzed 15500000 reads...
Analyzed 16000000 reads...
Analyzed 16500000 reads...
Analyzed 17000000 reads...
Analyzed 17500000 reads...
Analyzed 18000000 reads...
Analyzed 18500000 reads...
Analyzed 19000000 reads...
Analyzed 19500000 reads...
Analyzed 20000000 reads...
Analyzed 20500000 reads...
Analyzed 21000000 reads...
Analyzed 21500000 reads...
Analyzed 22000000 reads...
Analyzed 22500000 reads...
Analyzed 23000000 reads...
Analyzed 23500000 reads...
Analyzed 24000000 reads...
Analyzed 24500000 reads...
Analyzed 25000000 reads...
Analyzed 25500000 reads...
Analyzed 26000000 reads...
Analyzed 26500000 reads...
Analyzed 27000000 reads...
Analyzed 27500000 reads...
Analyzed 28000000 reads...
Analyzed 28500000 reads...
Analyzed 29000000 reads...
Analyzed 29500000 reads...
Analyzed 30000000 reads...
Analyzed 30500000 reads...

Counted 15488931 read pairs, 88 single reads

Processed 38013885 reads in total

Cleanup of temporary files

BAM file analysis finished
Creating plots
Writing HTML report...
HTML report created successfully

Running Qualimap on MON_R120_C2...
Java memory size is set to 8G
Launching application...

QualiMap v.2.2.1
Built on 2016-10-03 18:14

Selected tool: rnaseq
Initializing regions from /work/pi_hputnam_uri_edu/HI_Genomes/MCapV3/Montipora_capitata_HIv3.gtf...

Initialized 100000 regions...
Initialized 200000 regions...
Initialized 300000 regions...
Initialized 400000 regions...
Initialized 500000 regions...

Initialized 566446 regions it total

Starting constructing transcripts for RNA-seq stats...
Finished constructing transcripts

Starting BAM file analysis

Sorting BAM file by name...

Read 10000000 records.
Read 20000000 records.
Read 30000000 records.
Finished reading inputs, merging and writing to output now.
Sorting by name finished.
Analyzed 500000 reads...
Analyzed 1000000 reads...
Analyzed 1500000 reads...
Analyzed 2000000 reads...
Analyzed 2500000 reads...
Analyzed 3000000 reads...
Analyzed 3500000 reads...
Analyzed 4000000 reads...
Analyzed 4500000 reads...
Analyzed 5000000 reads...
Analyzed 5500000 reads...
Analyzed 6000000 reads...
Analyzed 6500000 reads...
Analyzed 7000000 reads...
Analyzed 7500000 reads...
Analyzed 8000000 reads...
Analyzed 8500000 reads...
Analyzed 9000000 reads...
Analyzed 9500000 reads...
Analyzed 10000000 reads...
Analyzed 10500000 reads...
Analyzed 11000000 reads...
Analyzed 11500000 reads...
Analyzed 12000000 reads...
Analyzed 12500000 reads...
Analyzed 13000000 reads...
Analyzed 13500000 reads...
Analyzed 14000000 reads...
Analyzed 14500000 reads...
Analyzed 15000000 reads...
Analyzed 15500000 reads...
Analyzed 16000000 reads...
Analyzed 16500000 reads...
Analyzed 17000000 reads...
Analyzed 17500000 reads...
Analyzed 18000000 reads...
Analyzed 18500000 reads...
Analyzed 19000000 reads...
Analyzed 19500000 reads...
Analyzed 20000000 reads...
Analyzed 20500000 reads...
Analyzed 21000000 reads...
Analyzed 21500000 reads...
Analyzed 22000000 reads...
Analyzed 22500000 reads...
Analyzed 23000000 reads...
Analyzed 23500000 reads...
Analyzed 24000000 reads...
Analyzed 24500000 reads...
Analyzed 25000000 reads...
Analyzed 25500000 reads...
Analyzed 26000000 reads...
Analyzed 26500000 reads...
Analyzed 27000000 reads...
Analyzed 27500000 reads...

Counted 13960347 read pairs, 98 single reads

Processed 34246746 reads in total

Cleanup of temporary files

BAM file analysis finished
Creating plots
Writing HTML report...
HTML report created successfully

Running Qualimap on MON_R120_C3...
Java memory size is set to 8G
Launching application...

QualiMap v.2.2.1
Built on 2016-10-03 18:14

Selected tool: rnaseq
Initializing regions from /work/pi_hputnam_uri_edu/HI_Genomes/MCapV3/Montipora_capitata_HIv3.gtf...

Initialized 100000 regions...
Initialized 200000 regions...
Initialized 300000 regions...
Initialized 400000 regions...
Initialized 500000 regions...

Initialized 566446 regions it total

Starting constructing transcripts for RNA-seq stats...
Finished constructing transcripts

Starting BAM file analysis

Sorting BAM file by name...

Read 10000000 records.
Read 20000000 records.
Read 30000000 records.
Read 40000000 records.
Read 50000000 records.
Read 60000000 records.
Finished reading inputs, merging and writing to output now.
Sorting by name finished.
Analyzed 500000 reads...
Analyzed 1000000 reads...
Analyzed 1500000 reads...
Analyzed 2000000 reads...
Analyzed 2500000 reads...
Analyzed 3000000 reads...
Analyzed 3500000 reads...
Analyzed 4000000 reads...
Analyzed 4500000 reads...
Analyzed 5000000 reads...
Analyzed 5500000 reads...
Analyzed 6000000 reads...
Analyzed 6500000 reads...
Analyzed 7000000 reads...
Analyzed 7500000 reads...
Analyzed 8000000 reads...
Analyzed 8500000 reads...
Analyzed 9000000 reads...
Analyzed 9500000 reads...
Analyzed 10000000 reads...
Analyzed 10500000 reads...
Analyzed 11000000 reads...
Analyzed 11500000 reads...
Analyzed 12000000 reads...
Analyzed 12500000 reads...
Analyzed 13000000 reads...
Analyzed 13500000 reads...
Analyzed 14000000 reads...
Analyzed 14500000 reads...
Analyzed 15000000 reads...
Analyzed 15500000 reads...
Analyzed 16000000 reads...
Analyzed 16500000 reads...
Analyzed 17000000 reads...
Analyzed 17500000 reads...
Analyzed 18000000 reads...
Analyzed 18500000 reads...
Analyzed 19000000 reads...
Analyzed 19500000 reads...
Analyzed 20000000 reads...
Analyzed 20500000 reads...
Analyzed 21000000 reads...
Analyzed 21500000 reads...
Analyzed 22000000 reads...
Analyzed 22500000 reads...
Analyzed 23000000 reads...
Analyzed 23500000 reads...
Analyzed 24000000 reads...
Analyzed 24500000 reads...
Analyzed 25000000 reads...
Analyzed 25500000 reads...
Analyzed 26000000 reads...
Analyzed 26500000 reads...
Analyzed 27000000 reads...
Analyzed 27500000 reads...
Analyzed 28000000 reads...
Analyzed 28500000 reads...
Analyzed 29000000 reads...
Analyzed 29500000 reads...
Analyzed 30000000 reads...
Analyzed 30500000 reads...
Analyzed 31000000 reads...
Analyzed 31500000 reads...
Analyzed 32000000 reads...
Analyzed 32500000 reads...

Counted 16490198 read pairs, 168 single reads

Processed 42092128 reads in total

Cleanup of temporary files

BAM file analysis finished
Creating plots
Writing HTML report...
HTML report created successfully

Running Qualimap on MON_R120_H1...
Java memory size is set to 8G
Launching application...

QualiMap v.2.2.1
Built on 2016-10-03 18:14

Selected tool: rnaseq
Initializing regions from /work/pi_hputnam_uri_edu/HI_Genomes/MCapV3/Montipora_capitata_HIv3.gtf...

Initialized 100000 regions...
Initialized 200000 regions...
Initialized 300000 regions...
Initialized 400000 regions...
Initialized 500000 regions...

Initialized 566446 regions it total

Starting constructing transcripts for RNA-seq stats...
Finished constructing transcripts

Starting BAM file analysis

Sorting BAM file by name...

Read 10000000 records.
Read 20000000 records.
Read 30000000 records.
Finished reading inputs, merging and writing to output now.
Sorting by name finished.
Analyzed 500000 reads...
Analyzed 1000000 reads...
Analyzed 1500000 reads...
Analyzed 2000000 reads...
Analyzed 2500000 reads...
Analyzed 3000000 reads...
Analyzed 3500000 reads...
Analyzed 4000000 reads...
Analyzed 4500000 reads...
Analyzed 5000000 reads...
Analyzed 5500000 reads...
Analyzed 6000000 reads...
Analyzed 6500000 reads...
Analyzed 7000000 reads...
Analyzed 7500000 reads...
Analyzed 8000000 reads...
Analyzed 8500000 reads...
Analyzed 9000000 reads...
Analyzed 9500000 reads...
Analyzed 10000000 reads...
Analyzed 10500000 reads...
Analyzed 11000000 reads...
Analyzed 11500000 reads...
Analyzed 12000000 reads...
Analyzed 12500000 reads...
Analyzed 13000000 reads...
Analyzed 13500000 reads...
Analyzed 14000000 reads...
Analyzed 14500000 reads...
Analyzed 15000000 reads...
Analyzed 15500000 reads...
Analyzed 16000000 reads...
Analyzed 16500000 reads...
Analyzed 17000000 reads...
Analyzed 17500000 reads...
Analyzed 18000000 reads...
Analyzed 18500000 reads...
Analyzed 19000000 reads...
Analyzed 19500000 reads...
Analyzed 20000000 reads...
Analyzed 20500000 reads...
Analyzed 21000000 reads...
Analyzed 21500000 reads...
Analyzed 22000000 reads...
Analyzed 22500000 reads...
Analyzed 23000000 reads...
Analyzed 23500000 reads...

Counted 11901184 read pairs, 65 single reads

Processed 29899952 reads in total

Cleanup of temporary files

BAM file analysis finished
Creating plots
Writing HTML report...
HTML report created successfully

