Running Qualimap on POC_R0_C1...
Java memory size is set to 8G
Launching application...

QualiMap v.2.2.1
Built on 2016-10-03 18:14

Selected tool: rnaseq
Initializing regions from /work/pi_hputnam_uri_edu/HI_Genomes/PacutaV2/Pocillopora_acuta_HIv2.gtf...

Initialized 100000 regions...
Initialized 200000 regions...
Initialized 300000 regions...
Initialized 400000 regions...

Initialized 478988 regions it total

Starting constructing transcripts for RNA-seq stats...
Finished constructing transcripts

Starting BAM file analysis

Sorting BAM file by name...

Read 10000000 records.
Read 20000000 records.
Read 30000000 records.
Read 40000000 records.
Finished reading inputs, merging and writing to output now.
Sorting by name finished.
Analyzed 500000 reads...
Analyzed 1000000 reads...
Analyzed 1500000 reads...
Analyzed 2000000 reads...
Analyzed 2500000 reads...
Analyzed 3000000 reads...
Analyzed 3500000 reads...
Analyzed 4000000 reads...
Analyzed 4500000 reads...
Analyzed 5000000 reads...
Analyzed 5500000 reads...
Analyzed 6000000 reads...
Analyzed 6500000 reads...
Analyzed 7000000 reads...
Analyzed 7500000 reads...
Analyzed 8000000 reads...
Analyzed 8500000 reads...
Analyzed 9000000 reads...
Analyzed 9500000 reads...
Analyzed 10000000 reads...
Analyzed 10500000 reads...
Analyzed 11000000 reads...
Analyzed 11500000 reads...
Analyzed 12000000 reads...
Analyzed 12500000 reads...
Analyzed 13000000 reads...
Analyzed 13500000 reads...
Analyzed 14000000 reads...
Analyzed 14500000 reads...
Analyzed 15000000 reads...
Analyzed 15500000 reads...
Analyzed 16000000 reads...
Analyzed 16500000 reads...
Analyzed 17000000 reads...
Analyzed 17500000 reads...
Analyzed 18000000 reads...
Analyzed 18500000 reads...
Analyzed 19000000 reads...
Analyzed 19500000 reads...
Analyzed 20000000 reads...
Analyzed 20500000 reads...
Analyzed 21000000 reads...
Analyzed 21500000 reads...
Analyzed 22000000 reads...
Analyzed 22500000 reads...
Analyzed 23000000 reads...
Analyzed 23500000 reads...
Analyzed 24000000 reads...
Analyzed 24500000 reads...
Analyzed 25000000 reads...
Analyzed 25500000 reads...
Analyzed 26000000 reads...
Analyzed 26500000 reads...
Analyzed 27000000 reads...
Analyzed 27500000 reads...
Analyzed 28000000 reads...
Analyzed 28500000 reads...

Counted 14301943 read pairs, 45 single reads

Processed 33701687 reads in total

Cleanup of temporary files

BAM file analysis finished
Creating plots
Writing HTML report...
HTML report created successfully

Running Qualimap on POC_R120_H2...
Java memory size is set to 8G
Launching application...

QualiMap v.2.2.1
Built on 2016-10-03 18:14

Selected tool: rnaseq
Initializing regions from /work/pi_hputnam_uri_edu/HI_Genomes/PacutaV2/Pocillopora_acuta_HIv2.gtf...

Initialized 100000 regions...
Initialized 200000 regions...
Initialized 300000 regions...
Initialized 400000 regions...

Initialized 478988 regions it total

Starting constructing transcripts for RNA-seq stats...
Finished constructing transcripts

Starting BAM file analysis

Sorting BAM file by name...

Read 10000000 records.
Read 20000000 records.
Read 30000000 records.
Read 40000000 records.
Read 50000000 records.
Read 60000000 records.
Finished reading inputs, merging and writing to output now.
Sorting by name finished.
Analyzed 500000 reads...
Analyzed 1000000 reads...
Analyzed 1500000 reads...
Analyzed 2000000 reads...
Analyzed 2500000 reads...
Analyzed 3000000 reads...
Analyzed 3500000 reads...
Analyzed 4000000 reads...
Analyzed 4500000 reads...
Analyzed 5000000 reads...
Analyzed 5500000 reads...
Analyzed 6000000 reads...
Analyzed 6500000 reads...
Analyzed 7000000 reads...
Analyzed 7500000 reads...
Analyzed 8000000 reads...
Analyzed 8500000 reads...
Analyzed 9000000 reads...
Analyzed 9500000 reads...
Analyzed 10000000 reads...
Analyzed 10500000 reads...
Analyzed 11000000 reads...
Analyzed 11500000 reads...
Analyzed 12000000 reads...
Analyzed 12500000 reads...
Analyzed 13000000 reads...
Analyzed 13500000 reads...
Analyzed 14000000 reads...
Analyzed 14500000 reads...
Analyzed 15000000 reads...
Analyzed 15500000 reads...
Analyzed 16000000 reads...
Analyzed 16500000 reads...
Analyzed 17000000 reads...
Analyzed 17500000 reads...
Analyzed 18000000 reads...
Analyzed 18500000 reads...
Analyzed 19000000 reads...
Analyzed 19500000 reads...
Analyzed 20000000 reads...
Analyzed 20500000 reads...
Analyzed 21000000 reads...
Analyzed 21500000 reads...
Analyzed 22000000 reads...
Analyzed 22500000 reads...
Analyzed 23000000 reads...
Analyzed 23500000 reads...
Analyzed 24000000 reads...
Analyzed 24500000 reads...
Analyzed 25000000 reads...
Analyzed 25500000 reads...
Analyzed 26000000 reads...
Analyzed 26500000 reads...
Analyzed 27000000 reads...
Analyzed 27500000 reads...
Analyzed 28000000 reads...
Analyzed 28500000 reads...
Analyzed 29000000 reads...
Analyzed 29500000 reads...
Analyzed 30000000 reads...
Analyzed 30500000 reads...
Analyzed 31000000 reads...
Analyzed 31500000 reads...
Analyzed 32000000 reads...
Analyzed 32500000 reads...
Analyzed 33000000 reads...
Analyzed 33500000 reads...
Analyzed 34000000 reads...
Analyzed 34500000 reads...
Analyzed 35000000 reads...
Analyzed 35500000 reads...
Analyzed 36000000 reads...
Analyzed 36500000 reads...
Analyzed 37000000 reads...
Analyzed 37500000 reads...
Analyzed 38000000 reads...
Analyzed 38500000 reads...
Analyzed 39000000 reads...
Analyzed 39500000 reads...
Analyzed 40000000 reads...

Counted 20206304 read pairs, 125 single reads

Processed 47089028 reads in total

Cleanup of temporary files

BAM file analysis finished
Creating plots
Writing HTML report...
HTML report created successfully

Running Qualimap on POC_R120_H3...
Java memory size is set to 8G
Launching application...

QualiMap v.2.2.1
Built on 2016-10-03 18:14

Selected tool: rnaseq
Initializing regions from /work/pi_hputnam_uri_edu/HI_Genomes/PacutaV2/Pocillopora_acuta_HIv2.gtf...

Initialized 100000 regions...
Initialized 200000 regions...
Initialized 300000 regions...
Initialized 400000 regions...

Initialized 478988 regions it total

Starting constructing transcripts for RNA-seq stats...
Finished constructing transcripts

Starting BAM file analysis

Sorting BAM file by name...

Read 10000000 records.
Read 20000000 records.
Read 30000000 records.
Finished reading inputs, merging and writing to output now.
Sorting by name finished.
Analyzed 500000 reads...
Analyzed 1000000 reads...
Analyzed 1500000 reads...
Analyzed 2000000 reads...
Analyzed 2500000 reads...
Analyzed 3000000 reads...
Analyzed 3500000 reads...
Analyzed 4000000 reads...
Analyzed 4500000 reads...
Analyzed 5000000 reads...
Analyzed 5500000 reads...
Analyzed 6000000 reads...
Analyzed 6500000 reads...
Analyzed 7000000 reads...
Analyzed 7500000 reads...
Analyzed 8000000 reads...
Analyzed 8500000 reads...
Analyzed 9000000 reads...
Analyzed 9500000 reads...
Analyzed 10000000 reads...
Analyzed 10500000 reads...
Analyzed 11000000 reads...
Analyzed 11500000 reads...
Analyzed 12000000 reads...
Analyzed 12500000 reads...
Analyzed 13000000 reads...
Analyzed 13500000 reads...
Analyzed 14000000 reads...
Analyzed 14500000 reads...
Analyzed 15000000 reads...
Analyzed 15500000 reads...
Analyzed 16000000 reads...
Analyzed 16500000 reads...
Analyzed 17000000 reads...
Analyzed 17500000 reads...
Analyzed 18000000 reads...
Analyzed 18500000 reads...
Analyzed 19000000 reads...
Analyzed 19500000 reads...
Analyzed 20000000 reads...
Analyzed 20500000 reads...
Analyzed 21000000 reads...
Analyzed 21500000 reads...
Analyzed 22000000 reads...
Analyzed 22500000 reads...
Analyzed 23000000 reads...
Analyzed 23500000 reads...
Analyzed 24000000 reads...
Analyzed 24500000 reads...
Analyzed 25000000 reads...
Analyzed 25500000 reads...

Counted 12907870 read pairs, 69 single reads

Processed 30955581 reads in total

Cleanup of temporary files

BAM file analysis finished
Creating plots
Writing HTML report...
HTML report created successfully

Running Qualimap on POC_R12_C1...
Java memory size is set to 8G
Launching application...

QualiMap v.2.2.1
Built on 2016-10-03 18:14

Selected tool: rnaseq
Initializing regions from /work/pi_hputnam_uri_edu/HI_Genomes/PacutaV2/Pocillopora_acuta_HIv2.gtf...

Initialized 100000 regions...
Initialized 200000 regions...
Initialized 300000 regions...
Initialized 400000 regions...

Initialized 478988 regions it total

Starting constructing transcripts for RNA-seq stats...
Finished constructing transcripts

Starting BAM file analysis

Sorting BAM file by name...

Read 10000000 records.
Read 20000000 records.
Read 30000000 records.
Finished reading inputs, merging and writing to output now.
Sorting by name finished.
Analyzed 500000 reads...
Analyzed 1000000 reads...
Analyzed 1500000 reads...
Analyzed 2000000 reads...
Analyzed 2500000 reads...
Analyzed 3000000 reads...
Analyzed 3500000 reads...
Analyzed 4000000 reads...
Analyzed 4500000 reads...
Analyzed 5000000 reads...
Analyzed 5500000 reads...
Analyzed 6000000 reads...
Analyzed 6500000 reads...
Analyzed 7000000 reads...
Analyzed 7500000 reads...
Analyzed 8000000 reads...
Analyzed 8500000 reads...
Analyzed 9000000 reads...
Analyzed 9500000 reads...
Analyzed 10000000 reads...
Analyzed 10500000 reads...
Analyzed 11000000 reads...
Analyzed 11500000 reads...
Analyzed 12000000 reads...
Analyzed 12500000 reads...
Analyzed 13000000 reads...
Analyzed 13500000 reads...
Analyzed 14000000 reads...
Analyzed 14500000 reads...
Analyzed 15000000 reads...
Analyzed 15500000 reads...
Analyzed 16000000 reads...
Analyzed 16500000 reads...
Analyzed 17000000 reads...
Analyzed 17500000 reads...
Analyzed 18000000 reads...
Analyzed 18500000 reads...
Analyzed 19000000 reads...
Analyzed 19500000 reads...
Analyzed 20000000 reads...
Analyzed 20500000 reads...
Analyzed 21000000 reads...
Analyzed 21500000 reads...
Analyzed 22000000 reads...
Analyzed 22500000 reads...

Counted 11446960 read pairs, 37 single reads

Processed 27165497 reads in total

Cleanup of temporary files

BAM file analysis finished
Creating plots
Writing HTML report...
HTML report created successfully

Running Qualimap on POC_R12_C2...
Java memory size is set to 8G
Launching application...

QualiMap v.2.2.1
Built on 2016-10-03 18:14

Selected tool: rnaseq
Initializing regions from /work/pi_hputnam_uri_edu/HI_Genomes/PacutaV2/Pocillopora_acuta_HIv2.gtf...

Initialized 100000 regions...
Initialized 200000 regions...
Initialized 300000 regions...
Initialized 400000 regions...

Initialized 478988 regions it total

Starting constructing transcripts for RNA-seq stats...
Finished constructing transcripts

Starting BAM file analysis

Sorting BAM file by name...

Read 10000000 records.
Read 20000000 records.
Read 30000000 records.
Read 40000000 records.
Finished reading inputs, merging and writing to output now.
Sorting by name finished.
Analyzed 500000 reads...
Analyzed 1000000 reads...
Analyzed 1500000 reads...
Analyzed 2000000 reads...
Analyzed 2500000 reads...
Analyzed 3000000 reads...
Analyzed 3500000 reads...
Analyzed 4000000 reads...
Analyzed 4500000 reads...
Analyzed 5000000 reads...
Analyzed 5500000 reads...
Analyzed 6000000 reads...
Analyzed 6500000 reads...
Analyzed 7000000 reads...
Analyzed 7500000 reads...
Analyzed 8000000 reads...
Analyzed 8500000 reads...
Analyzed 9000000 reads...
Analyzed 9500000 reads...
Analyzed 10000000 reads...
Analyzed 10500000 reads...
Analyzed 11000000 reads...
Analyzed 11500000 reads...
Analyzed 12000000 reads...
Analyzed 12500000 reads...
Analyzed 13000000 reads...
Analyzed 13500000 reads...
Analyzed 14000000 reads...
Analyzed 14500000 reads...
Analyzed 15000000 reads...
Analyzed 15500000 reads...
Analyzed 16000000 reads...
Analyzed 16500000 reads...
Analyzed 17000000 reads...
Analyzed 17500000 reads...
Analyzed 18000000 reads...
Analyzed 18500000 reads...
Analyzed 19000000 reads...
Analyzed 19500000 reads...
Analyzed 20000000 reads...
Analyzed 20500000 reads...
Analyzed 21000000 reads...
Analyzed 21500000 reads...
Analyzed 22000000 reads...
Analyzed 22500000 reads...
Analyzed 23000000 reads...
Analyzed 23500000 reads...
Analyzed 24000000 reads...
Analyzed 24500000 reads...
Analyzed 25000000 reads...
Analyzed 25500000 reads...
Analyzed 26000000 reads...
Analyzed 26500000 reads...
Analyzed 27000000 reads...
Analyzed 27500000 reads...
Analyzed 28000000 reads...
Analyzed 28500000 reads...
Analyzed 29000000 reads...
Analyzed 29500000 reads...

Counted 14858872 read pairs, 44 single reads

Processed 35176304 reads in total

Cleanup of temporary files

BAM file analysis finished
Creating plots
Writing HTML report...
HTML report created successfully

Running Qualimap on POC_R12_C3...
Java memory size is set to 8G
Launching application...

QualiMap v.2.2.1
Built on 2016-10-03 18:14

Selected tool: rnaseq
Initializing regions from /work/pi_hputnam_uri_edu/HI_Genomes/PacutaV2/Pocillopora_acuta_HIv2.gtf...

Initialized 100000 regions...
Initialized 200000 regions...
Initialized 300000 regions...
Initialized 400000 regions...

Initialized 478988 regions it total

Starting constructing transcripts for RNA-seq stats...
Finished constructing transcripts

Starting BAM file analysis

Sorting BAM file by name...

Read 10000000 records.
Read 20000000 records.
Read 30000000 records.
Read 40000000 records.
Read 50000000 records.
Read 60000000 records.
Read 70000000 records.
Finished reading inputs, merging and writing to output now.
Sorting by name finished.
Analyzed 500000 reads...
Analyzed 1000000 reads...
Analyzed 1500000 reads...
Analyzed 2000000 reads...
Analyzed 2500000 reads...
Analyzed 3000000 reads...
Analyzed 3500000 reads...
Analyzed 4000000 reads...
Analyzed 4500000 reads...
Analyzed 5000000 reads...
Analyzed 5500000 reads...
Analyzed 6000000 reads...
Analyzed 6500000 reads...
Analyzed 7000000 reads...
Analyzed 7500000 reads...
Analyzed 8000000 reads...
Analyzed 8500000 reads...
Analyzed 9000000 reads...
Analyzed 9500000 reads...
Analyzed 10000000 reads...
Analyzed 10500000 reads...
Analyzed 11000000 reads...
Analyzed 11500000 reads...
Analyzed 12000000 reads...
Analyzed 12500000 reads...
Analyzed 13000000 reads...
Analyzed 13500000 reads...
Analyzed 14000000 reads...
Analyzed 14500000 reads...
Analyzed 15000000 reads...
Analyzed 15500000 reads...
Analyzed 16000000 reads...
Analyzed 16500000 reads...
Analyzed 17000000 reads...
Analyzed 17500000 reads...
Analyzed 18000000 reads...
Analyzed 18500000 reads...
Analyzed 19000000 reads...
Analyzed 19500000 reads...
Analyzed 20000000 reads...
Analyzed 20500000 reads...
Analyzed 21000000 reads...
Analyzed 21500000 reads...
Analyzed 22000000 reads...
Analyzed 22500000 reads...
Analyzed 23000000 reads...
Analyzed 23500000 reads...
Analyzed 24000000 reads...
Analyzed 24500000 reads...
Analyzed 25000000 reads...
Analyzed 25500000 reads...
Analyzed 26000000 reads...
Analyzed 26500000 reads...
Analyzed 27000000 reads...
Analyzed 27500000 reads...
Analyzed 28000000 reads...
Analyzed 28500000 reads...
Analyzed 29000000 reads...
Analyzed 29500000 reads...
Analyzed 30000000 reads...
Analyzed 30500000 reads...
Analyzed 31000000 reads...
Analyzed 31500000 reads...
Analyzed 32000000 reads...
Analyzed 32500000 reads...
Analyzed 33000000 reads...
Analyzed 33500000 reads...
Analyzed 34000000 reads...
Analyzed 34500000 reads...
Analyzed 35000000 reads...
Analyzed 35500000 reads...
Analyzed 36000000 reads...
Analyzed 36500000 reads...
Analyzed 37000000 reads...
Analyzed 37500000 reads...
Analyzed 38000000 reads...
Analyzed 38500000 reads...
Analyzed 39000000 reads...
Analyzed 39500000 reads...
Analyzed 40000000 reads...
Analyzed 40500000 reads...
Analyzed 41000000 reads...
Analyzed 41500000 reads...
Analyzed 42000000 reads...

Counted 21227298 read pairs, 112 single reads

Processed 51218749 reads in total

Cleanup of temporary files

BAM file analysis finished
Creating plots
Writing HTML report...
HTML report created successfully

Running Qualimap on POC_R12_H1...
Java memory size is set to 8G
Launching application...

QualiMap v.2.2.1
Built on 2016-10-03 18:14

Selected tool: rnaseq
Initializing regions from /work/pi_hputnam_uri_edu/HI_Genomes/PacutaV2/Pocillopora_acuta_HIv2.gtf...

Initialized 100000 regions...
Initialized 200000 regions...
Initialized 300000 regions...
Initialized 400000 regions...

Initialized 478988 regions it total

Starting constructing transcripts for RNA-seq stats...
Finished constructing transcripts

Starting BAM file analysis

Sorting BAM file by name...

Read 10000000 records.
Read 20000000 records.
Read 30000000 records.
Finished reading inputs, merging and writing to output now.
Sorting by name finished.
Analyzed 500000 reads...
Analyzed 1000000 reads...
Analyzed 1500000 reads...
Analyzed 2000000 reads...
Analyzed 2500000 reads...
Analyzed 3000000 reads...
Analyzed 3500000 reads...
Analyzed 4000000 reads...
Analyzed 4500000 reads...
Analyzed 5000000 reads...
Analyzed 5500000 reads...
Analyzed 6000000 reads...
Analyzed 6500000 reads...
Analyzed 7000000 reads...
Analyzed 7500000 reads...
Analyzed 8000000 reads...
Analyzed 8500000 reads...
Analyzed 9000000 reads...
Analyzed 9500000 reads...
Analyzed 10000000 reads...
Analyzed 10500000 reads...
Analyzed 11000000 reads...
Analyzed 11500000 reads...
Analyzed 12000000 reads...
Analyzed 12500000 reads...
Analyzed 13000000 reads...
Analyzed 13500000 reads...
Analyzed 14000000 reads...
Analyzed 14500000 reads...
Analyzed 15000000 reads...
Analyzed 15500000 reads...
Analyzed 16000000 reads...
Analyzed 16500000 reads...
Analyzed 17000000 reads...
Analyzed 17500000 reads...
Analyzed 18000000 reads...
Analyzed 18500000 reads...
Analyzed 19000000 reads...
Analyzed 19500000 reads...
Analyzed 20000000 reads...
Analyzed 20500000 reads...
Analyzed 21000000 reads...
Analyzed 21500000 reads...
Analyzed 22000000 reads...
Analyzed 22500000 reads...
Analyzed 23000000 reads...
Analyzed 23500000 reads...
Analyzed 24000000 reads...
Analyzed 24500000 reads...
Analyzed 25000000 reads...
Analyzed 25500000 reads...
Analyzed 26000000 reads...
Analyzed 26500000 reads...
Analyzed 27000000 reads...

Counted 13728770 read pairs, 35 single reads

Processed 31967897 reads in total

Cleanup of temporary files

BAM file analysis finished
Creating plots
Writing HTML report...
HTML report created successfully

Running Qualimap on POC_R12_H2...
Java memory size is set to 8G
Launching application...

QualiMap v.2.2.1
Built on 2016-10-03 18:14

Selected tool: rnaseq
Initializing regions from /work/pi_hputnam_uri_edu/HI_Genomes/PacutaV2/Pocillopora_acuta_HIv2.gtf...

Initialized 100000 regions...
Initialized 200000 regions...
Initialized 300000 regions...
Initialized 400000 regions...

Initialized 478988 regions it total

Starting constructing transcripts for RNA-seq stats...
Finished constructing transcripts

Starting BAM file analysis

Sorting BAM file by name...

Read 10000000 records.
Read 20000000 records.
Read 30000000 records.
Finished reading inputs, merging and writing to output now.
Sorting by name finished.
Analyzed 500000 reads...
Analyzed 1000000 reads...
Analyzed 1500000 reads...
Analyzed 2000000 reads...
Analyzed 2500000 reads...
Analyzed 3000000 reads...
Analyzed 3500000 reads...
Analyzed 4000000 reads...
Analyzed 4500000 reads...
Analyzed 5000000 reads...
Analyzed 5500000 reads...
Analyzed 6000000 reads...
Analyzed 6500000 reads...
Analyzed 7000000 reads...
Analyzed 7500000 reads...
Analyzed 8000000 reads...
Analyzed 8500000 reads...
Analyzed 9000000 reads...
Analyzed 9500000 reads...
Analyzed 10000000 reads...
Analyzed 10500000 reads...
Analyzed 11000000 reads...
Analyzed 11500000 reads...
Analyzed 12000000 reads...
Analyzed 12500000 reads...
Analyzed 13000000 reads...
Analyzed 13500000 reads...
Analyzed 14000000 reads...
Analyzed 14500000 reads...
Analyzed 15000000 reads...
Analyzed 15500000 reads...
Analyzed 16000000 reads...
Analyzed 16500000 reads...
Analyzed 17000000 reads...
Analyzed 17500000 reads...
Analyzed 18000000 reads...
Analyzed 18500000 reads...
Analyzed 19000000 reads...
Analyzed 19500000 reads...
Analyzed 20000000 reads...
Analyzed 20500000 reads...
Analyzed 21000000 reads...
Analyzed 21500000 reads...
Analyzed 22000000 reads...
Analyzed 22500000 reads...
Analyzed 23000000 reads...
Analyzed 23500000 reads...
Analyzed 24000000 reads...
Analyzed 24500000 reads...
Analyzed 25000000 reads...
Analyzed 25500000 reads...
Analyzed 26000000 reads...
Analyzed 26500000 reads...
Analyzed 27000000 reads...

Counted 13567669 read pairs, 50 single reads

Processed 31712654 reads in total

Cleanup of temporary files

BAM file analysis finished
Creating plots
Writing HTML report...
HTML report created successfully

Running Qualimap on POC_R12_H3...
Java memory size is set to 8G
Launching application...

QualiMap v.2.2.1
Built on 2016-10-03 18:14

Selected tool: rnaseq
Initializing regions from /work/pi_hputnam_uri_edu/HI_Genomes/PacutaV2/Pocillopora_acuta_HIv2.gtf...

Initialized 100000 regions...
Initialized 200000 regions...
Initialized 300000 regions...
Initialized 400000 regions...

Initialized 478988 regions it total

Starting constructing transcripts for RNA-seq stats...
Finished constructing transcripts

Starting BAM file analysis

Sorting BAM file by name...

Read 10000000 records.
Read 20000000 records.
Read 30000000 records.
Finished reading inputs, merging and writing to output now.
Sorting by name finished.
Analyzed 500000 reads...
Analyzed 1000000 reads...
Analyzed 1500000 reads...
Analyzed 2000000 reads...
Analyzed 2500000 reads...
Analyzed 3000000 reads...
Analyzed 3500000 reads...
Analyzed 4000000 reads...
Analyzed 4500000 reads...
Analyzed 5000000 reads...
Analyzed 5500000 reads...
Analyzed 6000000 reads...
Analyzed 6500000 reads...
Analyzed 7000000 reads...
Analyzed 7500000 reads...
Analyzed 8000000 reads...
Analyzed 8500000 reads...
Analyzed 9000000 reads...
Analyzed 9500000 reads...
Analyzed 10000000 reads...
Analyzed 10500000 reads...
Analyzed 11000000 reads...
Analyzed 11500000 reads...
Analyzed 12000000 reads...
Analyzed 12500000 reads...
Analyzed 13000000 reads...
Analyzed 13500000 reads...
Analyzed 14000000 reads...
Analyzed 14500000 reads...
Analyzed 15000000 reads...
Analyzed 15500000 reads...
Analyzed 16000000 reads...
Analyzed 16500000 reads...
Analyzed 17000000 reads...
Analyzed 17500000 reads...
Analyzed 18000000 reads...
Analyzed 18500000 reads...
Analyzed 19000000 reads...
Analyzed 19500000 reads...
Analyzed 20000000 reads...
Analyzed 20500000 reads...
Analyzed 21000000 reads...
Analyzed 21500000 reads...
Analyzed 22000000 reads...

Counted 11154286 read pairs, 51 single reads

Processed 26593409 reads in total

Cleanup of temporary files

BAM file analysis finished
Creating plots
Writing HTML report...
HTML report created successfully

Running Qualimap on POC_R1_C1...
Java memory size is set to 8G
Launching application...

QualiMap v.2.2.1
Built on 2016-10-03 18:14

Selected tool: rnaseq
Initializing regions from /work/pi_hputnam_uri_edu/HI_Genomes/PacutaV2/Pocillopora_acuta_HIv2.gtf...

Initialized 100000 regions...
Initialized 200000 regions...
Initialized 300000 regions...
Initialized 400000 regions...

Initialized 478988 regions it total

Starting constructing transcripts for RNA-seq stats...
Finished constructing transcripts

Starting BAM file analysis

Sorting BAM file by name...

Read 10000000 records.
Read 20000000 records.
Read 30000000 records.
Read 40000000 records.
Finished reading inputs, merging and writing to output now.
Sorting by name finished.
Analyzed 500000 reads...
Analyzed 1000000 reads...
Analyzed 1500000 reads...
Analyzed 2000000 reads...
Analyzed 2500000 reads...
Analyzed 3000000 reads...
Analyzed 3500000 reads...
Analyzed 4000000 reads...
Analyzed 4500000 reads...
Analyzed 5000000 reads...
Analyzed 5500000 reads...
Analyzed 6000000 reads...
Analyzed 6500000 reads...
Analyzed 7000000 reads...
Analyzed 7500000 reads...
Analyzed 8000000 reads...
Analyzed 8500000 reads...
Analyzed 9000000 reads...
Analyzed 9500000 reads...
Analyzed 10000000 reads...
Analyzed 10500000 reads...
Analyzed 11000000 reads...
Analyzed 11500000 reads...
Analyzed 12000000 reads...
Analyzed 12500000 reads...
Analyzed 13000000 reads...
Analyzed 13500000 reads...
Analyzed 14000000 reads...
Analyzed 14500000 reads...
Analyzed 15000000 reads...
Analyzed 15500000 reads...
Analyzed 16000000 reads...
Analyzed 16500000 reads...
Analyzed 17000000 reads...
Analyzed 17500000 reads...
Analyzed 18000000 reads...
Analyzed 18500000 reads...
Analyzed 19000000 reads...
Analyzed 19500000 reads...
Analyzed 20000000 reads...
Analyzed 20500000 reads...
Analyzed 21000000 reads...
Analyzed 21500000 reads...
Analyzed 22000000 reads...
Analyzed 22500000 reads...
Analyzed 23000000 reads...
Analyzed 23500000 reads...
Analyzed 24000000 reads...
Analyzed 24500000 reads...
Analyzed 25000000 reads...
Analyzed 25500000 reads...
Analyzed 26000000 reads...
Analyzed 26500000 reads...
Analyzed 27000000 reads...
Analyzed 27500000 reads...
Analyzed 28000000 reads...
Analyzed 28500000 reads...
Analyzed 29000000 reads...

Counted 14551277 read pairs, 52 single reads

Processed 34168186 reads in total

Cleanup of temporary files

BAM file analysis finished
Creating plots
Writing HTML report...
HTML report created successfully

Running Qualimap on POC_R1_C2...
Java memory size is set to 8G
Launching application...

QualiMap v.2.2.1
Built on 2016-10-03 18:14

Selected tool: rnaseq
Initializing regions from /work/pi_hputnam_uri_edu/HI_Genomes/PacutaV2/Pocillopora_acuta_HIv2.gtf...

Initialized 100000 regions...
Initialized 200000 regions...
Initialized 300000 regions...
Initialized 400000 regions...

Initialized 478988 regions it total

Starting constructing transcripts for RNA-seq stats...
Finished constructing transcripts

Starting BAM file analysis

Sorting BAM file by name...

Read 10000000 records.
Read 20000000 records.
Read 30000000 records.
Read 40000000 records.
Read 50000000 records.
Finished reading inputs, merging and writing to output now.
Sorting by name finished.
Analyzed 500000 reads...
Analyzed 1000000 reads...
Analyzed 1500000 reads...
Analyzed 2000000 reads...
Analyzed 2500000 reads...
Analyzed 3000000 reads...
Analyzed 3500000 reads...
Analyzed 4000000 reads...
Analyzed 4500000 reads...
Analyzed 5000000 reads...
Analyzed 5500000 reads...
Analyzed 6000000 reads...
Analyzed 6500000 reads...
Analyzed 7000000 reads...
Analyzed 7500000 reads...
Analyzed 8000000 reads...
Analyzed 8500000 reads...
Analyzed 9000000 reads...
Analyzed 9500000 reads...
Analyzed 10000000 reads...
Analyzed 10500000 reads...
Analyzed 11000000 reads...
Analyzed 11500000 reads...
Analyzed 12000000 reads...
Analyzed 12500000 reads...
Analyzed 13000000 reads...
Analyzed 13500000 reads...
Analyzed 14000000 reads...
Analyzed 14500000 reads...
Analyzed 15000000 reads...
Analyzed 15500000 reads...
Analyzed 16000000 reads...
Analyzed 16500000 reads...
Analyzed 17000000 reads...
Analyzed 17500000 reads...
Analyzed 18000000 reads...
Analyzed 18500000 reads...
Analyzed 19000000 reads...
Analyzed 19500000 reads...
Analyzed 20000000 reads...
Analyzed 20500000 reads...
Analyzed 21000000 reads...
Analyzed 21500000 reads...
Analyzed 22000000 reads...
Analyzed 22500000 reads...
Analyzed 23000000 reads...
Analyzed 23500000 reads...
Analyzed 24000000 reads...
Analyzed 24500000 reads...
Analyzed 25000000 reads...
Analyzed 25500000 reads...
Analyzed 26000000 reads...
Analyzed 26500000 reads...
Analyzed 27000000 reads...
Analyzed 27500000 reads...
Analyzed 28000000 reads...
Analyzed 28500000 reads...
Analyzed 29000000 reads...
Analyzed 29500000 reads...
Analyzed 30000000 reads...
Analyzed 30500000 reads...
Analyzed 31000000 reads...
Analyzed 31500000 reads...
Analyzed 32000000 reads...
Analyzed 32500000 reads...
Analyzed 33000000 reads...
Analyzed 33500000 reads...
Analyzed 34000000 reads...
Analyzed 34500000 reads...
Analyzed 35000000 reads...
Analyzed 35500000 reads...
Analyzed 36000000 reads...
Analyzed 36500000 reads...
Analyzed 37000000 reads...

Counted 18514858 read pairs, 101 single reads

Processed 43433841 reads in total

Cleanup of temporary files

BAM file analysis finished
Creating plots
Writing HTML report...
HTML report created successfully

Running Qualimap on POC_R0_C2...
Java memory size is set to 8G
Launching application...

QualiMap v.2.2.1
Built on 2016-10-03 18:14

Selected tool: rnaseq
Initializing regions from /work/pi_hputnam_uri_edu/HI_Genomes/PacutaV2/Pocillopora_acuta_HIv2.gtf...

Initialized 100000 regions...
Initialized 200000 regions...
Initialized 300000 regions...
Initialized 400000 regions...

Initialized 478988 regions it total

Starting constructing transcripts for RNA-seq stats...
Finished constructing transcripts

Starting BAM file analysis

Sorting BAM file by name...

Read 10000000 records.
Read 20000000 records.
Read 30000000 records.
Finished reading inputs, merging and writing to output now.
Sorting by name finished.
Analyzed 500000 reads...
Analyzed 1000000 reads...
Analyzed 1500000 reads...
Analyzed 2000000 reads...
Analyzed 2500000 reads...
Analyzed 3000000 reads...
Analyzed 3500000 reads...
Analyzed 4000000 reads...
Analyzed 4500000 reads...
Analyzed 5000000 reads...
Analyzed 5500000 reads...
Analyzed 6000000 reads...
Analyzed 6500000 reads...
Analyzed 7000000 reads...
Analyzed 7500000 reads...
Analyzed 8000000 reads...
Analyzed 8500000 reads...
Analyzed 9000000 reads...
Analyzed 9500000 reads...
Analyzed 10000000 reads...
Analyzed 10500000 reads...
Analyzed 11000000 reads...
Analyzed 11500000 reads...
Analyzed 12000000 reads...
Analyzed 12500000 reads...
Analyzed 13000000 reads...
Analyzed 13500000 reads...
Analyzed 14000000 reads...
Analyzed 14500000 reads...
Analyzed 15000000 reads...
Analyzed 15500000 reads...
Analyzed 16000000 reads...
Analyzed 16500000 reads...
Analyzed 17000000 reads...
Analyzed 17500000 reads...
Analyzed 18000000 reads...
Analyzed 18500000 reads...
Analyzed 19000000 reads...
Analyzed 19500000 reads...
Analyzed 20000000 reads...
Analyzed 20500000 reads...
Analyzed 21000000 reads...
Analyzed 21500000 reads...
Analyzed 22000000 reads...
Analyzed 22500000 reads...
Analyzed 23000000 reads...
Analyzed 23500000 reads...
Analyzed 24000000 reads...
Analyzed 24500000 reads...
Analyzed 25000000 reads...
Analyzed 25500000 reads...

Counted 12794599 read pairs, 42 single reads

Processed 30383272 reads in total

Cleanup of temporary files

BAM file analysis finished
Creating plots
Writing HTML report...
HTML report created successfully

Running Qualimap on POC_R1_C3...
Java memory size is set to 8G
Launching application...

QualiMap v.2.2.1
Built on 2016-10-03 18:14

Selected tool: rnaseq
Initializing regions from /work/pi_hputnam_uri_edu/HI_Genomes/PacutaV2/Pocillopora_acuta_HIv2.gtf...

Initialized 100000 regions...
Initialized 200000 regions...
Initialized 300000 regions...
Initialized 400000 regions...

Initialized 478988 regions it total

Starting constructing transcripts for RNA-seq stats...
Finished constructing transcripts

Starting BAM file analysis

Sorting BAM file by name...

Read 10000000 records.
Read 20000000 records.
Read 30000000 records.
Finished reading inputs, merging and writing to output now.
Sorting by name finished.
Analyzed 500000 reads...
Analyzed 1000000 reads...
Analyzed 1500000 reads...
Analyzed 2000000 reads...
Analyzed 2500000 reads...
Analyzed 3000000 reads...
Analyzed 3500000 reads...
Analyzed 4000000 reads...
Analyzed 4500000 reads...
Analyzed 5000000 reads...
Analyzed 5500000 reads...
Analyzed 6000000 reads...
Analyzed 6500000 reads...
Analyzed 7000000 reads...
Analyzed 7500000 reads...
Analyzed 8000000 reads...
Analyzed 8500000 reads...
Analyzed 9000000 reads...
Analyzed 9500000 reads...
Analyzed 10000000 reads...
Analyzed 10500000 reads...
Analyzed 11000000 reads...
Analyzed 11500000 reads...
Analyzed 12000000 reads...
Analyzed 12500000 reads...
Analyzed 13000000 reads...
Analyzed 13500000 reads...
Analyzed 14000000 reads...
Analyzed 14500000 reads...
Analyzed 15000000 reads...
Analyzed 15500000 reads...
Analyzed 16000000 reads...
Analyzed 16500000 reads...
Analyzed 17000000 reads...
Analyzed 17500000 reads...
Analyzed 18000000 reads...
Analyzed 18500000 reads...
Analyzed 19000000 reads...
Analyzed 19500000 reads...
Analyzed 20000000 reads...
Analyzed 20500000 reads...
Analyzed 21000000 reads...
Analyzed 21500000 reads...
Analyzed 22000000 reads...
Analyzed 22500000 reads...
Analyzed 23000000 reads...
Analyzed 23500000 reads...
Analyzed 24000000 reads...
Analyzed 24500000 reads...
Analyzed 25000000 reads...
Analyzed 25500000 reads...
Analyzed 26000000 reads...
Analyzed 26500000 reads...
Analyzed 27000000 reads...
Analyzed 27500000 reads...
Analyzed 28000000 reads...

Counted 14005580 read pairs, 46 single reads

Processed 33131872 reads in total

Cleanup of temporary files

BAM file analysis finished
Creating plots
Writing HTML report...
HTML report created successfully

Running Qualimap on POC_R1_H1...
Java memory size is set to 8G
Launching application...

QualiMap v.2.2.1
Built on 2016-10-03 18:14

Selected tool: rnaseq
Initializing regions from /work/pi_hputnam_uri_edu/HI_Genomes/PacutaV2/Pocillopora_acuta_HIv2.gtf...

Initialized 100000 regions...
Initialized 200000 regions...
Initialized 300000 regions...
Initialized 400000 regions...

Initialized 478988 regions it total

Starting constructing transcripts for RNA-seq stats...
Finished constructing transcripts

Starting BAM file analysis

Sorting BAM file by name...

Read 10000000 records.
Read 20000000 records.
Read 30000000 records.
Read 40000000 records.
Read 50000000 records.
Read 60000000 records.
Finished reading inputs, merging and writing to output now.
Sorting by name finished.
Analyzed 500000 reads...
Analyzed 1000000 reads...
Analyzed 1500000 reads...
Analyzed 2000000 reads...
Analyzed 2500000 reads...
Analyzed 3000000 reads...
Analyzed 3500000 reads...
Analyzed 4000000 reads...
Analyzed 4500000 reads...
Analyzed 5000000 reads...
Analyzed 5500000 reads...
Analyzed 6000000 reads...
Analyzed 6500000 reads...
Analyzed 7000000 reads...
Analyzed 7500000 reads...
Analyzed 8000000 reads...
Analyzed 8500000 reads...
Analyzed 9000000 reads...
Analyzed 9500000 reads...
Analyzed 10000000 reads...
Analyzed 10500000 reads...
Analyzed 11000000 reads...
Analyzed 11500000 reads...
Analyzed 12000000 reads...
Analyzed 12500000 reads...
Analyzed 13000000 reads...
Analyzed 13500000 reads...
Analyzed 14000000 reads...
Analyzed 14500000 reads...
Analyzed 15000000 reads...
Analyzed 15500000 reads...
Analyzed 16000000 reads...
Analyzed 16500000 reads...
Analyzed 17000000 reads...
Analyzed 17500000 reads...
Analyzed 18000000 reads...
Analyzed 18500000 reads...
Analyzed 19000000 reads...
Analyzed 19500000 reads...
Analyzed 20000000 reads...
Analyzed 20500000 reads...
Analyzed 21000000 reads...
Analyzed 21500000 reads...
Analyzed 22000000 reads...
Analyzed 22500000 reads...
Analyzed 23000000 reads...
Analyzed 23500000 reads...
Analyzed 24000000 reads...
Analyzed 24500000 reads...
Analyzed 25000000 reads...
Analyzed 25500000 reads...
Analyzed 26000000 reads...
Analyzed 26500000 reads...
Analyzed 27000000 reads...
Analyzed 27500000 reads...
Analyzed 28000000 reads...
Analyzed 28500000 reads...
Analyzed 29000000 reads...
Analyzed 29500000 reads...
Analyzed 30000000 reads...
Analyzed 30500000 reads...
Analyzed 31000000 reads...
Analyzed 31500000 reads...
Analyzed 32000000 reads...
Analyzed 32500000 reads...
Analyzed 33000000 reads...
Analyzed 33500000 reads...
Analyzed 34000000 reads...
Analyzed 34500000 reads...
Analyzed 35000000 reads...
Analyzed 35500000 reads...
Analyzed 36000000 reads...
Analyzed 36500000 reads...
Analyzed 37000000 reads...

Counted 18614202 read pairs, 107 single reads

Processed 45375654 reads in total

Cleanup of temporary files

BAM file analysis finished
Creating plots
Writing HTML report...
HTML report created successfully

Running Qualimap on POC_R1_H2...
Java memory size is set to 8G
Launching application...

QualiMap v.2.2.1
Built on 2016-10-03 18:14

Selected tool: rnaseq
Initializing regions from /work/pi_hputnam_uri_edu/HI_Genomes/PacutaV2/Pocillopora_acuta_HIv2.gtf...

Initialized 100000 regions...
Initialized 200000 regions...
Initialized 300000 regions...
Initialized 400000 regions...

Initialized 478988 regions it total

Starting constructing transcripts for RNA-seq stats...
Finished constructing transcripts

Starting BAM file analysis

Sorting BAM file by name...

Read 10000000 records.
Read 20000000 records.
Read 30000000 records.
Read 40000000 records.
Finished reading inputs, merging and writing to output now.
Sorting by name finished.
Analyzed 500000 reads...
Analyzed 1000000 reads...
Analyzed 1500000 reads...
Analyzed 2000000 reads...
Analyzed 2500000 reads...
Analyzed 3000000 reads...
Analyzed 3500000 reads...
Analyzed 4000000 reads...
Analyzed 4500000 reads...
Analyzed 5000000 reads...
Analyzed 5500000 reads...
Analyzed 6000000 reads...
Analyzed 6500000 reads...
Analyzed 7000000 reads...
Analyzed 7500000 reads...
Analyzed 8000000 reads...
Analyzed 8500000 reads...
Analyzed 9000000 reads...
Analyzed 9500000 reads...
Analyzed 10000000 reads...
Analyzed 10500000 reads...
Analyzed 11000000 reads...
Analyzed 11500000 reads...
Analyzed 12000000 reads...
Analyzed 12500000 reads...
Analyzed 13000000 reads...
Analyzed 13500000 reads...
Analyzed 14000000 reads...
Analyzed 14500000 reads...
Analyzed 15000000 reads...
Analyzed 15500000 reads...
Analyzed 16000000 reads...
Analyzed 16500000 reads...
Analyzed 17000000 reads...
Analyzed 17500000 reads...
Analyzed 18000000 reads...
Analyzed 18500000 reads...
Analyzed 19000000 reads...
Analyzed 19500000 reads...
Analyzed 20000000 reads...
Analyzed 20500000 reads...
Analyzed 21000000 reads...
Analyzed 21500000 reads...
Analyzed 22000000 reads...
Analyzed 22500000 reads...
Analyzed 23000000 reads...
Analyzed 23500000 reads...
Analyzed 24000000 reads...
Analyzed 24500000 reads...
Analyzed 25000000 reads...
Analyzed 25500000 reads...
Analyzed 26000000 reads...
Analyzed 26500000 reads...
Analyzed 27000000 reads...
Analyzed 27500000 reads...
Analyzed 28000000 reads...
Analyzed 28500000 reads...
Analyzed 29000000 reads...
Analyzed 29500000 reads...

Counted 14987410 read pairs, 56 single reads

Processed 36098308 reads in total

Cleanup of temporary files

BAM file analysis finished
Creating plots
Writing HTML report...
HTML report created successfully

Running Qualimap on POC_R1_H3...
Java memory size is set to 8G
Launching application...

QualiMap v.2.2.1
Built on 2016-10-03 18:14

Selected tool: rnaseq
Initializing regions from /work/pi_hputnam_uri_edu/HI_Genomes/PacutaV2/Pocillopora_acuta_HIv2.gtf...

Initialized 100000 regions...
Initialized 200000 regions...
Initialized 300000 regions...
Initialized 400000 regions...

Initialized 478988 regions it total

Starting constructing transcripts for RNA-seq stats...
Finished constructing transcripts

Starting BAM file analysis

Sorting BAM file by name...

Read 10000000 records.
Read 20000000 records.
Read 30000000 records.
Read 40000000 records.
Finished reading inputs, merging and writing to output now.
Sorting by name finished.
Analyzed 500000 reads...
Analyzed 1000000 reads...
Analyzed 1500000 reads...
Analyzed 2000000 reads...
Analyzed 2500000 reads...
Analyzed 3000000 reads...
Analyzed 3500000 reads...
Analyzed 4000000 reads...
Analyzed 4500000 reads...
Analyzed 5000000 reads...
Analyzed 5500000 reads...
Analyzed 6000000 reads...
Analyzed 6500000 reads...
Analyzed 7000000 reads...
Analyzed 7500000 reads...
Analyzed 8000000 reads...
Analyzed 8500000 reads...
Analyzed 9000000 reads...
Analyzed 9500000 reads...
Analyzed 10000000 reads...
Analyzed 10500000 reads...
Analyzed 11000000 reads...
Analyzed 11500000 reads...
Analyzed 12000000 reads...
Analyzed 12500000 reads...
Analyzed 13000000 reads...
Analyzed 13500000 reads...
Analyzed 14000000 reads...
Analyzed 14500000 reads...
Analyzed 15000000 reads...
Analyzed 15500000 reads...
Analyzed 16000000 reads...
Analyzed 16500000 reads...
Analyzed 17000000 reads...
Analyzed 17500000 reads...
Analyzed 18000000 reads...
Analyzed 18500000 reads...
Analyzed 19000000 reads...
Analyzed 19500000 reads...
Analyzed 20000000 reads...
Analyzed 20500000 reads...
Analyzed 21000000 reads...
Analyzed 21500000 reads...
Analyzed 22000000 reads...
Analyzed 22500000 reads...
Analyzed 23000000 reads...
Analyzed 23500000 reads...
Analyzed 24000000 reads...
Analyzed 24500000 reads...
Analyzed 25000000 reads...
Analyzed 25500000 reads...
Analyzed 26000000 reads...
Analyzed 26500000 reads...
Analyzed 27000000 reads...
Analyzed 27500000 reads...
Analyzed 28000000 reads...

Counted 14178943 read pairs, 39 single reads

Processed 34031389 reads in total

Cleanup of temporary files

BAM file analysis finished
Creating plots
Writing HTML report...
HTML report created successfully

Running Qualimap on POC_R24_C1...
Java memory size is set to 8G
Launching application...

QualiMap v.2.2.1
Built on 2016-10-03 18:14

Selected tool: rnaseq
Initializing regions from /work/pi_hputnam_uri_edu/HI_Genomes/PacutaV2/Pocillopora_acuta_HIv2.gtf...

Initialized 100000 regions...
Initialized 200000 regions...
Initialized 300000 regions...
Initialized 400000 regions...

Initialized 478988 regions it total

Starting constructing transcripts for RNA-seq stats...
Finished constructing transcripts

Starting BAM file analysis

Sorting BAM file by name...

Read 10000000 records.
Read 20000000 records.
Read 30000000 records.
Read 40000000 records.
Finished reading inputs, merging and writing to output now.
Sorting by name finished.
Analyzed 500000 reads...
Analyzed 1000000 reads...
Analyzed 1500000 reads...
Analyzed 2000000 reads...
Analyzed 2500000 reads...
Analyzed 3000000 reads...
Analyzed 3500000 reads...
Analyzed 4000000 reads...
Analyzed 4500000 reads...
Analyzed 5000000 reads...
Analyzed 5500000 reads...
Analyzed 6000000 reads...
Analyzed 6500000 reads...
Analyzed 7000000 reads...
Analyzed 7500000 reads...
Analyzed 8000000 reads...
Analyzed 8500000 reads...
Analyzed 9000000 reads...
Analyzed 9500000 reads...
Analyzed 10000000 reads...
Analyzed 10500000 reads...
Analyzed 11000000 reads...
Analyzed 11500000 reads...
Analyzed 12000000 reads...
Analyzed 12500000 reads...
Analyzed 13000000 reads...
Analyzed 13500000 reads...
Analyzed 14000000 reads...
Analyzed 14500000 reads...
Analyzed 15000000 reads...
Analyzed 15500000 reads...
Analyzed 16000000 reads...
Analyzed 16500000 reads...
Analyzed 17000000 reads...
Analyzed 17500000 reads...
Analyzed 18000000 reads...
Analyzed 18500000 reads...
Analyzed 19000000 reads...
Analyzed 19500000 reads...
Analyzed 20000000 reads...
Analyzed 20500000 reads...
Analyzed 21000000 reads...
Analyzed 21500000 reads...
Analyzed 22000000 reads...
Analyzed 22500000 reads...
Analyzed 23000000 reads...
Analyzed 23500000 reads...
Analyzed 24000000 reads...
Analyzed 24500000 reads...
Analyzed 25000000 reads...
Analyzed 25500000 reads...
Analyzed 26000000 reads...
Analyzed 26500000 reads...
Analyzed 27000000 reads...
Analyzed 27500000 reads...
Analyzed 28000000 reads...
Analyzed 28500000 reads...
Analyzed 29000000 reads...
Analyzed 29500000 reads...
Analyzed 30000000 reads...
Analyzed 30500000 reads...

Counted 15398478 read pairs, 53 single reads

Processed 36419887 reads in total

Cleanup of temporary files

BAM file analysis finished
Creating plots
Writing HTML report...
HTML report created successfully

Running Qualimap on POC_R24_C2...
Java memory size is set to 8G
Launching application...

QualiMap v.2.2.1
Built on 2016-10-03 18:14

Selected tool: rnaseq
Initializing regions from /work/pi_hputnam_uri_edu/HI_Genomes/PacutaV2/Pocillopora_acuta_HIv2.gtf...

Initialized 100000 regions...
Initialized 200000 regions...
Initialized 300000 regions...
Initialized 400000 regions...

Initialized 478988 regions it total

Starting constructing transcripts for RNA-seq stats...
Finished constructing transcripts

Starting BAM file analysis

Sorting BAM file by name...

Read 10000000 records.
Read 20000000 records.
Read 30000000 records.
Finished reading inputs, merging and writing to output now.
Sorting by name finished.
Analyzed 500000 reads...
Analyzed 1000000 reads...
Analyzed 1500000 reads...
Analyzed 2000000 reads...
Analyzed 2500000 reads...
Analyzed 3000000 reads...
Analyzed 3500000 reads...
Analyzed 4000000 reads...
Analyzed 4500000 reads...
Analyzed 5000000 reads...
Analyzed 5500000 reads...
Analyzed 6000000 reads...
Analyzed 6500000 reads...
Analyzed 7000000 reads...
Analyzed 7500000 reads...
Analyzed 8000000 reads...
Analyzed 8500000 reads...
Analyzed 9000000 reads...
Analyzed 9500000 reads...
Analyzed 10000000 reads...
Analyzed 10500000 reads...
Analyzed 11000000 reads...
Analyzed 11500000 reads...
Analyzed 12000000 reads...
Analyzed 12500000 reads...
Analyzed 13000000 reads...
Analyzed 13500000 reads...
Analyzed 14000000 reads...
Analyzed 14500000 reads...
Analyzed 15000000 reads...
Analyzed 15500000 reads...
Analyzed 16000000 reads...
Analyzed 16500000 reads...
Analyzed 17000000 reads...
Analyzed 17500000 reads...
Analyzed 18000000 reads...
Analyzed 18500000 reads...
Analyzed 19000000 reads...
Analyzed 19500000 reads...
Analyzed 20000000 reads...
Analyzed 20500000 reads...
Analyzed 21000000 reads...
Analyzed 21500000 reads...
Analyzed 22000000 reads...
Analyzed 22500000 reads...
Analyzed 23000000 reads...

Counted 11516895 read pairs, 35 single reads

Processed 27131363 reads in total

Cleanup of temporary files

BAM file analysis finished
Creating plots
Writing HTML report...
HTML report created successfully

Running Qualimap on POC_R24_C3...
Java memory size is set to 8G
Launching application...

QualiMap v.2.2.1
Built on 2016-10-03 18:14

Selected tool: rnaseq
Initializing regions from /work/pi_hputnam_uri_edu/HI_Genomes/PacutaV2/Pocillopora_acuta_HIv2.gtf...

Initialized 100000 regions...
Initialized 200000 regions...
Initialized 300000 regions...
Initialized 400000 regions...

Initialized 478988 regions it total

Starting constructing transcripts for RNA-seq stats...
Finished constructing transcripts

Starting BAM file analysis

Sorting BAM file by name...

Read 10000000 records.
Read 20000000 records.
Read 30000000 records.
Read 40000000 records.
Finished reading inputs, merging and writing to output now.
Sorting by name finished.
Analyzed 500000 reads...
Analyzed 1000000 reads...
Analyzed 1500000 reads...
Analyzed 2000000 reads...
Analyzed 2500000 reads...
Analyzed 3000000 reads...
Analyzed 3500000 reads...
Analyzed 4000000 reads...
Analyzed 4500000 reads...
Analyzed 5000000 reads...
Analyzed 5500000 reads...
Analyzed 6000000 reads...
Analyzed 6500000 reads...
Analyzed 7000000 reads...
Analyzed 7500000 reads...
Analyzed 8000000 reads...
Analyzed 8500000 reads...
Analyzed 9000000 reads...
Analyzed 9500000 reads...
Analyzed 10000000 reads...
Analyzed 10500000 reads...
Analyzed 11000000 reads...
Analyzed 11500000 reads...
Analyzed 12000000 reads...
Analyzed 12500000 reads...
Analyzed 13000000 reads...
Analyzed 13500000 reads...
Analyzed 14000000 reads...
Analyzed 14500000 reads...
Analyzed 15000000 reads...
Analyzed 15500000 reads...
Analyzed 16000000 reads...
Analyzed 16500000 reads...
Analyzed 17000000 reads...
Analyzed 17500000 reads...
Analyzed 18000000 reads...
Analyzed 18500000 reads...
Analyzed 19000000 reads...
Analyzed 19500000 reads...
Analyzed 20000000 reads...
Analyzed 20500000 reads...
Analyzed 21000000 reads...
Analyzed 21500000 reads...
Analyzed 22000000 reads...
Analyzed 22500000 reads...
Analyzed 23000000 reads...
Analyzed 23500000 reads...
Analyzed 24000000 reads...
Analyzed 24500000 reads...
Analyzed 25000000 reads...
Analyzed 25500000 reads...
Analyzed 26000000 reads...
Analyzed 26500000 reads...
Analyzed 27000000 reads...
Analyzed 27500000 reads...
Analyzed 28000000 reads...
Analyzed 28500000 reads...
Analyzed 29000000 reads...
Analyzed 29500000 reads...
Analyzed 30000000 reads...
Analyzed 30500000 reads...
Analyzed 31000000 reads...
Analyzed 31500000 reads...
Analyzed 32000000 reads...
Analyzed 32500000 reads...
Analyzed 33000000 reads...
Analyzed 33500000 reads...
Analyzed 34000000 reads...

Counted 17030137 read pairs, 41 single reads

Processed 40383903 reads in total

Cleanup of temporary files

BAM file analysis finished
Creating plots
Writing HTML report...
HTML report created successfully

Running Qualimap on POC_R24_H1...
Java memory size is set to 8G
Launching application...

QualiMap v.2.2.1
Built on 2016-10-03 18:14

Selected tool: rnaseq
Initializing regions from /work/pi_hputnam_uri_edu/HI_Genomes/PacutaV2/Pocillopora_acuta_HIv2.gtf...

Initialized 100000 regions...
Initialized 200000 regions...
Initialized 300000 regions...
Initialized 400000 regions...

Initialized 478988 regions it total

Starting constructing transcripts for RNA-seq stats...
Finished constructing transcripts

Starting BAM file analysis

Sorting BAM file by name...

Read 10000000 records.
Read 20000000 records.
Read 30000000 records.
Read 40000000 records.
Finished reading inputs, merging and writing to output now.
Sorting by name finished.
Analyzed 500000 reads...
Analyzed 1000000 reads...
Analyzed 1500000 reads...
Analyzed 2000000 reads...
Analyzed 2500000 reads...
Analyzed 3000000 reads...
Analyzed 3500000 reads...
Analyzed 4000000 reads...
Analyzed 4500000 reads...
Analyzed 5000000 reads...
Analyzed 5500000 reads...
Analyzed 6000000 reads...
Analyzed 6500000 reads...
Analyzed 7000000 reads...
Analyzed 7500000 reads...
Analyzed 8000000 reads...
Analyzed 8500000 reads...
Analyzed 9000000 reads...
Analyzed 9500000 reads...
Analyzed 10000000 reads...
Analyzed 10500000 reads...
Analyzed 11000000 reads...
Analyzed 11500000 reads...
Analyzed 12000000 reads...
Analyzed 12500000 reads...
Analyzed 13000000 reads...
Analyzed 13500000 reads...
Analyzed 14000000 reads...
Analyzed 14500000 reads...
Analyzed 15000000 reads...
Analyzed 15500000 reads...
Analyzed 16000000 reads...
Analyzed 16500000 reads...
Analyzed 17000000 reads...
Analyzed 17500000 reads...
Analyzed 18000000 reads...
Analyzed 18500000 reads...
Analyzed 19000000 reads...
Analyzed 19500000 reads...
Analyzed 20000000 reads...
Analyzed 20500000 reads...
Analyzed 21000000 reads...
Analyzed 21500000 reads...
Analyzed 22000000 reads...
Analyzed 22500000 reads...
Analyzed 23000000 reads...
Analyzed 23500000 reads...
Analyzed 24000000 reads...
Analyzed 24500000 reads...
Analyzed 25000000 reads...
Analyzed 25500000 reads...
Analyzed 26000000 reads...
Analyzed 26500000 reads...
Analyzed 27000000 reads...

Counted 13637981 read pairs, 66 single reads

Processed 32271430 reads in total

Cleanup of temporary files

BAM file analysis finished
Creating plots
Writing HTML report...
HTML report created successfully

Running Qualimap on POC_R24_H2...
Java memory size is set to 8G
Launching application...

QualiMap v.2.2.1
Built on 2016-10-03 18:14

Selected tool: rnaseq
Initializing regions from /work/pi_hputnam_uri_edu/HI_Genomes/PacutaV2/Pocillopora_acuta_HIv2.gtf...

Initialized 100000 regions...
Initialized 200000 regions...
Initialized 300000 regions...
Initialized 400000 regions...

Initialized 478988 regions it total

Starting constructing transcripts for RNA-seq stats...
Finished constructing transcripts

Starting BAM file analysis

Sorting BAM file by name...

Read 10000000 records.
Read 20000000 records.
Read 30000000 records.
Finished reading inputs, merging and writing to output now.
Sorting by name finished.
Analyzed 500000 reads...
Analyzed 1000000 reads...
Analyzed 1500000 reads...
Analyzed 2000000 reads...
Analyzed 2500000 reads...
Analyzed 3000000 reads...
Analyzed 3500000 reads...
Analyzed 4000000 reads...
Analyzed 4500000 reads...
Analyzed 5000000 reads...
Analyzed 5500000 reads...
Analyzed 6000000 reads...
Analyzed 6500000 reads...
Analyzed 7000000 reads...
Analyzed 7500000 reads...
Analyzed 8000000 reads...
Analyzed 8500000 reads...
Analyzed 9000000 reads...
Analyzed 9500000 reads...
Analyzed 10000000 reads...
Analyzed 10500000 reads...
Analyzed 11000000 reads...
Analyzed 11500000 reads...
Analyzed 12000000 reads...
Analyzed 12500000 reads...
Analyzed 13000000 reads...
Analyzed 13500000 reads...
Analyzed 14000000 reads...
Analyzed 14500000 reads...
Analyzed 15000000 reads...
Analyzed 15500000 reads...
Analyzed 16000000 reads...
Analyzed 16500000 reads...
Analyzed 17000000 reads...
Analyzed 17500000 reads...
Analyzed 18000000 reads...
Analyzed 18500000 reads...
Analyzed 19000000 reads...
Analyzed 19500000 reads...
Analyzed 20000000 reads...
Analyzed 20500000 reads...
Analyzed 21000000 reads...
Analyzed 21500000 reads...
Analyzed 22000000 reads...
Analyzed 22500000 reads...
Analyzed 23000000 reads...
Analyzed 23500000 reads...
Analyzed 24000000 reads...

Counted 12117393 read pairs, 37 single reads

Processed 28434630 reads in total

Cleanup of temporary files

BAM file analysis finished
Creating plots
Writing HTML report...
HTML report created successfully

Running Qualimap on POC_R24_H3...
Java memory size is set to 8G
Launching application...

QualiMap v.2.2.1
Built on 2016-10-03 18:14

Selected tool: rnaseq
Initializing regions from /work/pi_hputnam_uri_edu/HI_Genomes/PacutaV2/Pocillopora_acuta_HIv2.gtf...

Initialized 100000 regions...
Initialized 200000 regions...
Initialized 300000 regions...
Initialized 400000 regions...

Initialized 478988 regions it total

Starting constructing transcripts for RNA-seq stats...
Finished constructing transcripts

Starting BAM file analysis

Sorting BAM file by name...

Read 10000000 records.
Read 20000000 records.
Read 30000000 records.
Finished reading inputs, merging and writing to output now.
Sorting by name finished.
Analyzed 500000 reads...
Analyzed 1000000 reads...
Analyzed 1500000 reads...
Analyzed 2000000 reads...
Analyzed 2500000 reads...
Analyzed 3000000 reads...
Analyzed 3500000 reads...
Analyzed 4000000 reads...
Analyzed 4500000 reads...
Analyzed 5000000 reads...
Analyzed 5500000 reads...
Analyzed 6000000 reads...
Analyzed 6500000 reads...
Analyzed 7000000 reads...
Analyzed 7500000 reads...
Analyzed 8000000 reads...
Analyzed 8500000 reads...
Analyzed 9000000 reads...
Analyzed 9500000 reads...
Analyzed 10000000 reads...
Analyzed 10500000 reads...
Analyzed 11000000 reads...
Analyzed 11500000 reads...
Analyzed 12000000 reads...
Analyzed 12500000 reads...
Analyzed 13000000 reads...
Analyzed 13500000 reads...
Analyzed 14000000 reads...
Analyzed 14500000 reads...
Analyzed 15000000 reads...
Analyzed 15500000 reads...
Analyzed 16000000 reads...
Analyzed 16500000 reads...
Analyzed 17000000 reads...
Analyzed 17500000 reads...
Analyzed 18000000 reads...
Analyzed 18500000 reads...
Analyzed 19000000 reads...
Analyzed 19500000 reads...
Analyzed 20000000 reads...
Analyzed 20500000 reads...
Analyzed 21000000 reads...
Analyzed 21500000 reads...
Analyzed 22000000 reads...
Analyzed 22500000 reads...
Analyzed 23000000 reads...
Analyzed 23500000 reads...
Analyzed 24000000 reads...
Analyzed 24500000 reads...
Analyzed 25000000 reads...
Analyzed 25500000 reads...
Analyzed 26000000 reads...
Analyzed 26500000 reads...

Counted 13445920 read pairs, 47 single reads

Processed 31508769 reads in total

Cleanup of temporary files

BAM file analysis finished
Creating plots
Writing HTML report...
HTML report created successfully

Running Qualimap on POC_R0_C3...
Java memory size is set to 8G
Launching application...

QualiMap v.2.2.1
Built on 2016-10-03 18:14

Selected tool: rnaseq
Initializing regions from /work/pi_hputnam_uri_edu/HI_Genomes/PacutaV2/Pocillopora_acuta_HIv2.gtf...

Initialized 100000 regions...
Initialized 200000 regions...
Initialized 300000 regions...
Initialized 400000 regions...

Initialized 478988 regions it total

Starting constructing transcripts for RNA-seq stats...
Finished constructing transcripts

Starting BAM file analysis

Sorting BAM file by name...

Read 10000000 records.
Read 20000000 records.
Read 30000000 records.
Finished reading inputs, merging and writing to output now.
Sorting by name finished.
Analyzed 500000 reads...
Analyzed 1000000 reads...
Analyzed 1500000 reads...
Analyzed 2000000 reads...
Analyzed 2500000 reads...
Analyzed 3000000 reads...
Analyzed 3500000 reads...
Analyzed 4000000 reads...
Analyzed 4500000 reads...
Analyzed 5000000 reads...
Analyzed 5500000 reads...
Analyzed 6000000 reads...
Analyzed 6500000 reads...
Analyzed 7000000 reads...
Analyzed 7500000 reads...
Analyzed 8000000 reads...
Analyzed 8500000 reads...
Analyzed 9000000 reads...
Analyzed 9500000 reads...
Analyzed 10000000 reads...
Analyzed 10500000 reads...
Analyzed 11000000 reads...
Analyzed 11500000 reads...
Analyzed 12000000 reads...
Analyzed 12500000 reads...
Analyzed 13000000 reads...
Analyzed 13500000 reads...
Analyzed 14000000 reads...
Analyzed 14500000 reads...
Analyzed 15000000 reads...
Analyzed 15500000 reads...
Analyzed 16000000 reads...
Analyzed 16500000 reads...
Analyzed 17000000 reads...
Analyzed 17500000 reads...
Analyzed 18000000 reads...
Analyzed 18500000 reads...
Analyzed 19000000 reads...
Analyzed 19500000 reads...
Analyzed 20000000 reads...
Analyzed 20500000 reads...
Analyzed 21000000 reads...
Analyzed 21500000 reads...
Analyzed 22000000 reads...
Analyzed 22500000 reads...
Analyzed 23000000 reads...
Analyzed 23500000 reads...
Analyzed 24000000 reads...
Analyzed 24500000 reads...
Analyzed 25000000 reads...
Analyzed 25500000 reads...
Analyzed 26000000 reads...

Counted 13161217 read pairs, 68 single reads

Processed 31225377 reads in total

Cleanup of temporary files

BAM file analysis finished
Creating plots
Writing HTML report...
HTML report created successfully

Running Qualimap on POC_R3_C1...
Java memory size is set to 8G
Launching application...

QualiMap v.2.2.1
Built on 2016-10-03 18:14

Selected tool: rnaseq
Initializing regions from /work/pi_hputnam_uri_edu/HI_Genomes/PacutaV2/Pocillopora_acuta_HIv2.gtf...

Initialized 100000 regions...
Initialized 200000 regions...
Initialized 300000 regions...
Initialized 400000 regions...

Initialized 478988 regions it total

Starting constructing transcripts for RNA-seq stats...
Finished constructing transcripts

Starting BAM file analysis

Sorting BAM file by name...

Read 10000000 records.
Read 20000000 records.
Read 30000000 records.
Read 40000000 records.
Finished reading inputs, merging and writing to output now.
Sorting by name finished.
Analyzed 500000 reads...
Analyzed 1000000 reads...
Analyzed 1500000 reads...
Analyzed 2000000 reads...
Analyzed 2500000 reads...
Analyzed 3000000 reads...
Analyzed 3500000 reads...
Analyzed 4000000 reads...
Analyzed 4500000 reads...
Analyzed 5000000 reads...
Analyzed 5500000 reads...
Analyzed 6000000 reads...
Analyzed 6500000 reads...
Analyzed 7000000 reads...
Analyzed 7500000 reads...
Analyzed 8000000 reads...
Analyzed 8500000 reads...
Analyzed 9000000 reads...
Analyzed 9500000 reads...
Analyzed 10000000 reads...
Analyzed 10500000 reads...
Analyzed 11000000 reads...
Analyzed 11500000 reads...
Analyzed 12000000 reads...
Analyzed 12500000 reads...
Analyzed 13000000 reads...
Analyzed 13500000 reads...
Analyzed 14000000 reads...
Analyzed 14500000 reads...
Analyzed 15000000 reads...
Analyzed 15500000 reads...
Analyzed 16000000 reads...
Analyzed 16500000 reads...
Analyzed 17000000 reads...
Analyzed 17500000 reads...
Analyzed 18000000 reads...
Analyzed 18500000 reads...
Analyzed 19000000 reads...
Analyzed 19500000 reads...
Analyzed 20000000 reads...
Analyzed 20500000 reads...
Analyzed 21000000 reads...
Analyzed 21500000 reads...
Analyzed 22000000 reads...
Analyzed 22500000 reads...
Analyzed 23000000 reads...
Analyzed 23500000 reads...
Analyzed 24000000 reads...
Analyzed 24500000 reads...
Analyzed 25000000 reads...
Analyzed 25500000 reads...
Analyzed 26000000 reads...
Analyzed 26500000 reads...
Analyzed 27000000 reads...
Analyzed 27500000 reads...
Analyzed 28000000 reads...
Analyzed 28500000 reads...
Analyzed 29000000 reads...
Analyzed 29500000 reads...
Analyzed 30000000 reads...
Analyzed 30500000 reads...

Counted 15394403 read pairs, 56 single reads

Processed 35682093 reads in total

Cleanup of temporary files

BAM file analysis finished
Creating plots
Writing HTML report...
HTML report created successfully

Running Qualimap on POC_R3_C2...
Java memory size is set to 8G
Launching application...

QualiMap v.2.2.1
Built on 2016-10-03 18:14

Selected tool: rnaseq
Initializing regions from /work/pi_hputnam_uri_edu/HI_Genomes/PacutaV2/Pocillopora_acuta_HIv2.gtf...

Initialized 100000 regions...
Initialized 200000 regions...
Initialized 300000 regions...
Initialized 400000 regions...

Initialized 478988 regions it total

Starting constructing transcripts for RNA-seq stats...
Finished constructing transcripts

Starting BAM file analysis

Sorting BAM file by name...

Read 10000000 records.
Read 20000000 records.
Read 30000000 records.
Finished reading inputs, merging and writing to output now.
Sorting by name finished.
Analyzed 500000 reads...
Analyzed 1000000 reads...
Analyzed 1500000 reads...
Analyzed 2000000 reads...
Analyzed 2500000 reads...
Analyzed 3000000 reads...
Analyzed 3500000 reads...
Analyzed 4000000 reads...
Analyzed 4500000 reads...
Analyzed 5000000 reads...
Analyzed 5500000 reads...
Analyzed 6000000 reads...
Analyzed 6500000 reads...
Analyzed 7000000 reads...
Analyzed 7500000 reads...
Analyzed 8000000 reads...
Analyzed 8500000 reads...
Analyzed 9000000 reads...
Analyzed 9500000 reads...
Analyzed 10000000 reads...
Analyzed 10500000 reads...
Analyzed 11000000 reads...
Analyzed 11500000 reads...
Analyzed 12000000 reads...
Analyzed 12500000 reads...
Analyzed 13000000 reads...
Analyzed 13500000 reads...
Analyzed 14000000 reads...
Analyzed 14500000 reads...
Analyzed 15000000 reads...
Analyzed 15500000 reads...
Analyzed 16000000 reads...
Analyzed 16500000 reads...
Analyzed 17000000 reads...
Analyzed 17500000 reads...
Analyzed 18000000 reads...
Analyzed 18500000 reads...
Analyzed 19000000 reads...
Analyzed 19500000 reads...
Analyzed 20000000 reads...
Analyzed 20500000 reads...
Analyzed 21000000 reads...
Analyzed 21500000 reads...
Analyzed 22000000 reads...
Analyzed 22500000 reads...
Analyzed 23000000 reads...
Analyzed 23500000 reads...
Analyzed 24000000 reads...
Analyzed 24500000 reads...
Analyzed 25000000 reads...
Analyzed 25500000 reads...
Analyzed 26000000 reads...
Analyzed 26500000 reads...

Counted 13255115 read pairs, 43 single reads

Processed 31188628 reads in total

Cleanup of temporary files

BAM file analysis finished
Creating plots
Writing HTML report...
HTML report created successfully

Running Qualimap on POC_R3_C3...
Java memory size is set to 8G
Launching application...

QualiMap v.2.2.1
Built on 2016-10-03 18:14

Selected tool: rnaseq
Initializing regions from /work/pi_hputnam_uri_edu/HI_Genomes/PacutaV2/Pocillopora_acuta_HIv2.gtf...

Initialized 100000 regions...
Initialized 200000 regions...
Initialized 300000 regions...
Initialized 400000 regions...

Initialized 478988 regions it total

Starting constructing transcripts for RNA-seq stats...
Finished constructing transcripts

Starting BAM file analysis

Sorting BAM file by name...

Read 10000000 records.
Read 20000000 records.
Read 30000000 records.
Read 40000000 records.
Finished reading inputs, merging and writing to output now.
Sorting by name finished.
Analyzed 500000 reads...
Analyzed 1000000 reads...
Analyzed 1500000 reads...
Analyzed 2000000 reads...
Analyzed 2500000 reads...
Analyzed 3000000 reads...
Analyzed 3500000 reads...
Analyzed 4000000 reads...
Analyzed 4500000 reads...
Analyzed 5000000 reads...
Analyzed 5500000 reads...
Analyzed 6000000 reads...
Analyzed 6500000 reads...
Analyzed 7000000 reads...
Analyzed 7500000 reads...
Analyzed 8000000 reads...
Analyzed 8500000 reads...
Analyzed 9000000 reads...
Analyzed 9500000 reads...
Analyzed 10000000 reads...
Analyzed 10500000 reads...
Analyzed 11000000 reads...
Analyzed 11500000 reads...
Analyzed 12000000 reads...
Analyzed 12500000 reads...
Analyzed 13000000 reads...
Analyzed 13500000 reads...
Analyzed 14000000 reads...
Analyzed 14500000 reads...
Analyzed 15000000 reads...
Analyzed 15500000 reads...
Analyzed 16000000 reads...
Analyzed 16500000 reads...
Analyzed 17000000 reads...
Analyzed 17500000 reads...
Analyzed 18000000 reads...
Analyzed 18500000 reads...
Analyzed 19000000 reads...
Analyzed 19500000 reads...
Analyzed 20000000 reads...
Analyzed 20500000 reads...
Analyzed 21000000 reads...
Analyzed 21500000 reads...
Analyzed 22000000 reads...
Analyzed 22500000 reads...
Analyzed 23000000 reads...
Analyzed 23500000 reads...
Analyzed 24000000 reads...
Analyzed 24500000 reads...
Analyzed 25000000 reads...
Analyzed 25500000 reads...
Analyzed 26000000 reads...
Analyzed 26500000 reads...
Analyzed 27000000 reads...
Analyzed 27500000 reads...
Analyzed 28000000 reads...
Analyzed 28500000 reads...
Analyzed 29000000 reads...
Analyzed 29500000 reads...
Analyzed 30000000 reads...
Analyzed 30500000 reads...
Analyzed 31000000 reads...

Counted 15579037 read pairs, 50 single reads

Processed 36677498 reads in total

Cleanup of temporary files

BAM file analysis finished
Creating plots
Writing HTML report...
HTML report created successfully

Running Qualimap on POC_R3_H1...
Java memory size is set to 8G
Launching application...

QualiMap v.2.2.1
Built on 2016-10-03 18:14

Selected tool: rnaseq
Initializing regions from /work/pi_hputnam_uri_edu/HI_Genomes/PacutaV2/Pocillopora_acuta_HIv2.gtf...

Initialized 100000 regions...
Initialized 200000 regions...
Initialized 300000 regions...
Initialized 400000 regions...

Initialized 478988 regions it total

Starting constructing transcripts for RNA-seq stats...
Finished constructing transcripts

Starting BAM file analysis

Sorting BAM file by name...

Read 10000000 records.
Read 20000000 records.
Read 30000000 records.
Finished reading inputs, merging and writing to output now.
Sorting by name finished.
Analyzed 500000 reads...
Analyzed 1000000 reads...
Analyzed 1500000 reads...
Analyzed 2000000 reads...
Analyzed 2500000 reads...
Analyzed 3000000 reads...
Analyzed 3500000 reads...
Analyzed 4000000 reads...
Analyzed 4500000 reads...
Analyzed 5000000 reads...
Analyzed 5500000 reads...
Analyzed 6000000 reads...
Analyzed 6500000 reads...
Analyzed 7000000 reads...
Analyzed 7500000 reads...
Analyzed 8000000 reads...
Analyzed 8500000 reads...
Analyzed 9000000 reads...
Analyzed 9500000 reads...
Analyzed 10000000 reads...
Analyzed 10500000 reads...
Analyzed 11000000 reads...
Analyzed 11500000 reads...
Analyzed 12000000 reads...
Analyzed 12500000 reads...
Analyzed 13000000 reads...
Analyzed 13500000 reads...
Analyzed 14000000 reads...
Analyzed 14500000 reads...
Analyzed 15000000 reads...
Analyzed 15500000 reads...
Analyzed 16000000 reads...
Analyzed 16500000 reads...
Analyzed 17000000 reads...
Analyzed 17500000 reads...
Analyzed 18000000 reads...
Analyzed 18500000 reads...
Analyzed 19000000 reads...
Analyzed 19500000 reads...
Analyzed 20000000 reads...
Analyzed 20500000 reads...
Analyzed 21000000 reads...
Analyzed 21500000 reads...

Counted 10990790 read pairs, 25 single reads

Processed 26908576 reads in total

Cleanup of temporary files

BAM file analysis finished
Creating plots
Writing HTML report...
HTML report created successfully

Running Qualimap on POC_R3_H2...
Java memory size is set to 8G
Launching application...

QualiMap v.2.2.1
Built on 2016-10-03 18:14

Selected tool: rnaseq
Initializing regions from /work/pi_hputnam_uri_edu/HI_Genomes/PacutaV2/Pocillopora_acuta_HIv2.gtf...

Initialized 100000 regions...
Initialized 200000 regions...
Initialized 300000 regions...
Initialized 400000 regions...

Initialized 478988 regions it total

Starting constructing transcripts for RNA-seq stats...
Finished constructing transcripts

Starting BAM file analysis

Sorting BAM file by name...

Read 10000000 records.
Read 20000000 records.
Read 30000000 records.
Read 40000000 records.
Read 50000000 records.
Read 60000000 records.
Finished reading inputs, merging and writing to output now.
Sorting by name finished.
Analyzed 500000 reads...
Analyzed 1000000 reads...
Analyzed 1500000 reads...
Analyzed 2000000 reads...
Analyzed 2500000 reads...
Analyzed 3000000 reads...
Analyzed 3500000 reads...
Analyzed 4000000 reads...
Analyzed 4500000 reads...
Analyzed 5000000 reads...
Analyzed 5500000 reads...
Analyzed 6000000 reads...
Analyzed 6500000 reads...
Analyzed 7000000 reads...
Analyzed 7500000 reads...
Analyzed 8000000 reads...
Analyzed 8500000 reads...
Analyzed 9000000 reads...
Analyzed 9500000 reads...
Analyzed 10000000 reads...
Analyzed 10500000 reads...
Analyzed 11000000 reads...
Analyzed 11500000 reads...
Analyzed 12000000 reads...
Analyzed 12500000 reads...
Analyzed 13000000 reads...
Analyzed 13500000 reads...
Analyzed 14000000 reads...
Analyzed 14500000 reads...
Analyzed 15000000 reads...
Analyzed 15500000 reads...
Analyzed 16000000 reads...
Analyzed 16500000 reads...
Analyzed 17000000 reads...
Analyzed 17500000 reads...
Analyzed 18000000 reads...
Analyzed 18500000 reads...
Analyzed 19000000 reads...
Analyzed 19500000 reads...
Analyzed 20000000 reads...
Analyzed 20500000 reads...
Analyzed 21000000 reads...
Analyzed 21500000 reads...
Analyzed 22000000 reads...
Analyzed 22500000 reads...
Analyzed 23000000 reads...
Analyzed 23500000 reads...
Analyzed 24000000 reads...
Analyzed 24500000 reads...
Analyzed 25000000 reads...
Analyzed 25500000 reads...
Analyzed 26000000 reads...
Analyzed 26500000 reads...
Analyzed 27000000 reads...
Analyzed 27500000 reads...
Analyzed 28000000 reads...
Analyzed 28500000 reads...
Analyzed 29000000 reads...
Analyzed 29500000 reads...
Analyzed 30000000 reads...
Analyzed 30500000 reads...
Analyzed 31000000 reads...
Analyzed 31500000 reads...
Analyzed 32000000 reads...
Analyzed 32500000 reads...
Analyzed 33000000 reads...
Analyzed 33500000 reads...
Analyzed 34000000 reads...
Analyzed 34500000 reads...
Analyzed 35000000 reads...
Analyzed 35500000 reads...
Analyzed 36000000 reads...
Analyzed 36500000 reads...
Analyzed 37000000 reads...
Analyzed 37500000 reads...
Analyzed 38000000 reads...
Analyzed 38500000 reads...
Analyzed 39000000 reads...

Counted 19690337 read pairs, 89 single reads

Processed 49015672 reads in total

Cleanup of temporary files

BAM file analysis finished
Creating plots
Writing HTML report...
HTML report created successfully

Running Qualimap on POC_R3_H3...
Java memory size is set to 8G
Launching application...

QualiMap v.2.2.1
Built on 2016-10-03 18:14

Selected tool: rnaseq
Initializing regions from /work/pi_hputnam_uri_edu/HI_Genomes/PacutaV2/Pocillopora_acuta_HIv2.gtf...

Initialized 100000 regions...
Initialized 200000 regions...
Initialized 300000 regions...
Initialized 400000 regions...

Initialized 478988 regions it total

Starting constructing transcripts for RNA-seq stats...
Finished constructing transcripts

Starting BAM file analysis

Sorting BAM file by name...

Read 10000000 records.
Read 20000000 records.
Read 30000000 records.
Finished reading inputs, merging and writing to output now.
Sorting by name finished.
Analyzed 500000 reads...
Analyzed 1000000 reads...
Analyzed 1500000 reads...
Analyzed 2000000 reads...
Analyzed 2500000 reads...
Analyzed 3000000 reads...
Analyzed 3500000 reads...
Analyzed 4000000 reads...
Analyzed 4500000 reads...
Analyzed 5000000 reads...
Analyzed 5500000 reads...
Analyzed 6000000 reads...
Analyzed 6500000 reads...
Analyzed 7000000 reads...
Analyzed 7500000 reads...
Analyzed 8000000 reads...
Analyzed 8500000 reads...
Analyzed 9000000 reads...
Analyzed 9500000 reads...
Analyzed 10000000 reads...
Analyzed 10500000 reads...
Analyzed 11000000 reads...
Analyzed 11500000 reads...
Analyzed 12000000 reads...
Analyzed 12500000 reads...
Analyzed 13000000 reads...
Analyzed 13500000 reads...
Analyzed 14000000 reads...
Analyzed 14500000 reads...
Analyzed 15000000 reads...
Analyzed 15500000 reads...
Analyzed 16000000 reads...
Analyzed 16500000 reads...
Analyzed 17000000 reads...
Analyzed 17500000 reads...
Analyzed 18000000 reads...
Analyzed 18500000 reads...
Analyzed 19000000 reads...
Analyzed 19500000 reads...
Analyzed 20000000 reads...
Analyzed 20500000 reads...
Analyzed 21000000 reads...
Analyzed 21500000 reads...
Analyzed 22000000 reads...
Analyzed 22500000 reads...
Analyzed 23000000 reads...
Analyzed 23500000 reads...
Analyzed 24000000 reads...
Analyzed 24500000 reads...

Counted 12317433 read pairs, 25 single reads

Processed 30069670 reads in total

Cleanup of temporary files

BAM file analysis finished
Creating plots
Writing HTML report...
HTML report created successfully

Running Qualimap on POC_R72_C1...
Java memory size is set to 8G
Launching application...

QualiMap v.2.2.1
Built on 2016-10-03 18:14

Selected tool: rnaseq
Initializing regions from /work/pi_hputnam_uri_edu/HI_Genomes/PacutaV2/Pocillopora_acuta_HIv2.gtf...

Initialized 100000 regions...
Initialized 200000 regions...
Initialized 300000 regions...
Initialized 400000 regions...

Initialized 478988 regions it total

Starting constructing transcripts for RNA-seq stats...
Finished constructing transcripts

Starting BAM file analysis

Sorting BAM file by name...

Read 10000000 records.
Read 20000000 records.
Read 30000000 records.
Finished reading inputs, merging and writing to output now.
Sorting by name finished.
Analyzed 500000 reads...
Analyzed 1000000 reads...
Analyzed 1500000 reads...
Analyzed 2000000 reads...
Analyzed 2500000 reads...
Analyzed 3000000 reads...
Analyzed 3500000 reads...
Analyzed 4000000 reads...
Analyzed 4500000 reads...
Analyzed 5000000 reads...
Analyzed 5500000 reads...
Analyzed 6000000 reads...
Analyzed 6500000 reads...
Analyzed 7000000 reads...
Analyzed 7500000 reads...
Analyzed 8000000 reads...
Analyzed 8500000 reads...
Analyzed 9000000 reads...
Analyzed 9500000 reads...
Analyzed 10000000 reads...
Analyzed 10500000 reads...
Analyzed 11000000 reads...
Analyzed 11500000 reads...
Analyzed 12000000 reads...
Analyzed 12500000 reads...
Analyzed 13000000 reads...
Analyzed 13500000 reads...
Analyzed 14000000 reads...
Analyzed 14500000 reads...
Analyzed 15000000 reads...
Analyzed 15500000 reads...
Analyzed 16000000 reads...
Analyzed 16500000 reads...
Analyzed 17000000 reads...
Analyzed 17500000 reads...
Analyzed 18000000 reads...
Analyzed 18500000 reads...
Analyzed 19000000 reads...
Analyzed 19500000 reads...
Analyzed 20000000 reads...
Analyzed 20500000 reads...
Analyzed 21000000 reads...
Analyzed 21500000 reads...
Analyzed 22000000 reads...
Analyzed 22500000 reads...
Analyzed 23000000 reads...
Analyzed 23500000 reads...
Analyzed 24000000 reads...
Analyzed 24500000 reads...
Analyzed 25000000 reads...
Analyzed 25500000 reads...
Analyzed 26000000 reads...
Analyzed 26500000 reads...
Analyzed 27000000 reads...

Counted 13611652 read pairs, 51 single reads

Processed 31992124 reads in total

Cleanup of temporary files

BAM file analysis finished
Creating plots
Writing HTML report...
HTML report created successfully

Running Qualimap on POC_R72_C2...
Java memory size is set to 8G
Launching application...

QualiMap v.2.2.1
Built on 2016-10-03 18:14

Selected tool: rnaseq
Initializing regions from /work/pi_hputnam_uri_edu/HI_Genomes/PacutaV2/Pocillopora_acuta_HIv2.gtf...

Initialized 100000 regions...
Initialized 200000 regions...
Initialized 300000 regions...
Initialized 400000 regions...

Initialized 478988 regions it total

Starting constructing transcripts for RNA-seq stats...
Finished constructing transcripts

Starting BAM file analysis

Sorting BAM file by name...

Read 10000000 records.
Read 20000000 records.
Read 30000000 records.
Read 40000000 records.
Finished reading inputs, merging and writing to output now.
Sorting by name finished.
Analyzed 500000 reads...
Analyzed 1000000 reads...
Analyzed 1500000 reads...
Analyzed 2000000 reads...
Analyzed 2500000 reads...
Analyzed 3000000 reads...
Analyzed 3500000 reads...
Analyzed 4000000 reads...
Analyzed 4500000 reads...
Analyzed 5000000 reads...
Analyzed 5500000 reads...
Analyzed 6000000 reads...
Analyzed 6500000 reads...
Analyzed 7000000 reads...
Analyzed 7500000 reads...
Analyzed 8000000 reads...
Analyzed 8500000 reads...
Analyzed 9000000 reads...
Analyzed 9500000 reads...
Analyzed 10000000 reads...
Analyzed 10500000 reads...
Analyzed 11000000 reads...
Analyzed 11500000 reads...
Analyzed 12000000 reads...
Analyzed 12500000 reads...
Analyzed 13000000 reads...
Analyzed 13500000 reads...
Analyzed 14000000 reads...
Analyzed 14500000 reads...
Analyzed 15000000 reads...
Analyzed 15500000 reads...
Analyzed 16000000 reads...
Analyzed 16500000 reads...
Analyzed 17000000 reads...
Analyzed 17500000 reads...
Analyzed 18000000 reads...
Analyzed 18500000 reads...
Analyzed 19000000 reads...
Analyzed 19500000 reads...
Analyzed 20000000 reads...
Analyzed 20500000 reads...
Analyzed 21000000 reads...
Analyzed 21500000 reads...
Analyzed 22000000 reads...
Analyzed 22500000 reads...
Analyzed 23000000 reads...
Analyzed 23500000 reads...
Analyzed 24000000 reads...
Analyzed 24500000 reads...
Analyzed 25000000 reads...
Analyzed 25500000 reads...
Analyzed 26000000 reads...
Analyzed 26500000 reads...
Analyzed 27000000 reads...
Analyzed 27500000 reads...
Analyzed 28000000 reads...
Analyzed 28500000 reads...
Analyzed 29000000 reads...
Analyzed 29500000 reads...
Analyzed 30000000 reads...
Analyzed 30500000 reads...
Analyzed 31000000 reads...
Analyzed 31500000 reads...
Analyzed 32000000 reads...
Analyzed 32500000 reads...
Analyzed 33000000 reads...
Analyzed 33500000 reads...
Analyzed 34000000 reads...
Analyzed 34500000 reads...

Counted 17345214 read pairs, 51 single reads

Processed 41037673 reads in total

Cleanup of temporary files

BAM file analysis finished
Creating plots
Writing HTML report...
HTML report created successfully

Running Qualimap on POC_R72_C3...
Java memory size is set to 8G
Launching application...

QualiMap v.2.2.1
Built on 2016-10-03 18:14

Selected tool: rnaseq
Initializing regions from /work/pi_hputnam_uri_edu/HI_Genomes/PacutaV2/Pocillopora_acuta_HIv2.gtf...

Initialized 100000 regions...
Initialized 200000 regions...
Initialized 300000 regions...
Initialized 400000 regions...

Initialized 478988 regions it total

Starting constructing transcripts for RNA-seq stats...
Finished constructing transcripts

Starting BAM file analysis

Sorting BAM file by name...

Read 10000000 records.
Read 20000000 records.
Read 30000000 records.
Finished reading inputs, merging and writing to output now.
Sorting by name finished.
Analyzed 500000 reads...
Analyzed 1000000 reads...
Analyzed 1500000 reads...
Analyzed 2000000 reads...
Analyzed 2500000 reads...
Analyzed 3000000 reads...
Analyzed 3500000 reads...
Analyzed 4000000 reads...
Analyzed 4500000 reads...
Analyzed 5000000 reads...
Analyzed 5500000 reads...
Analyzed 6000000 reads...
Analyzed 6500000 reads...
Analyzed 7000000 reads...
Analyzed 7500000 reads...
Analyzed 8000000 reads...
Analyzed 8500000 reads...
Analyzed 9000000 reads...
Analyzed 9500000 reads...
Analyzed 10000000 reads...
Analyzed 10500000 reads...
Analyzed 11000000 reads...
Analyzed 11500000 reads...
Analyzed 12000000 reads...
Analyzed 12500000 reads...
Analyzed 13000000 reads...
Analyzed 13500000 reads...
Analyzed 14000000 reads...
Analyzed 14500000 reads...
Analyzed 15000000 reads...
Analyzed 15500000 reads...
Analyzed 16000000 reads...
Analyzed 16500000 reads...
Analyzed 17000000 reads...
Analyzed 17500000 reads...
Analyzed 18000000 reads...
Analyzed 18500000 reads...
Analyzed 19000000 reads...
Analyzed 19500000 reads...
Analyzed 20000000 reads...
Analyzed 20500000 reads...
Analyzed 21000000 reads...
Analyzed 21500000 reads...
Analyzed 22000000 reads...
Analyzed 22500000 reads...
Analyzed 23000000 reads...
Analyzed 23500000 reads...
Analyzed 24000000 reads...
Analyzed 24500000 reads...
Analyzed 25000000 reads...

Counted 12697619 read pairs, 39 single reads

Processed 30026919 reads in total

Cleanup of temporary files

BAM file analysis finished
Creating plots
Writing HTML report...
HTML report created successfully

Running Qualimap on POC_R72_H1...
Java memory size is set to 8G
Launching application...

QualiMap v.2.2.1
Built on 2016-10-03 18:14

Selected tool: rnaseq
Initializing regions from /work/pi_hputnam_uri_edu/HI_Genomes/PacutaV2/Pocillopora_acuta_HIv2.gtf...

Initialized 100000 regions...
Initialized 200000 regions...
Initialized 300000 regions...
Initialized 400000 regions...

Initialized 478988 regions it total

Starting constructing transcripts for RNA-seq stats...
Finished constructing transcripts

Starting BAM file analysis

Sorting BAM file by name...

Read 10000000 records.
Read 20000000 records.
Read 30000000 records.
Read 40000000 records.
Finished reading inputs, merging and writing to output now.
Sorting by name finished.
Analyzed 500000 reads...
Analyzed 1000000 reads...
Analyzed 1500000 reads...
Analyzed 2000000 reads...
Analyzed 2500000 reads...
Analyzed 3000000 reads...
Analyzed 3500000 reads...
Analyzed 4000000 reads...
Analyzed 4500000 reads...
Analyzed 5000000 reads...
Analyzed 5500000 reads...
Analyzed 6000000 reads...
Analyzed 6500000 reads...
Analyzed 7000000 reads...
Analyzed 7500000 reads...
Analyzed 8000000 reads...
Analyzed 8500000 reads...
Analyzed 9000000 reads...
Analyzed 9500000 reads...
Analyzed 10000000 reads...
Analyzed 10500000 reads...
Analyzed 11000000 reads...
Analyzed 11500000 reads...
Analyzed 12000000 reads...
Analyzed 12500000 reads...
Analyzed 13000000 reads...
Analyzed 13500000 reads...
Analyzed 14000000 reads...
Analyzed 14500000 reads...
Analyzed 15000000 reads...
Analyzed 15500000 reads...
Analyzed 16000000 reads...
Analyzed 16500000 reads...
Analyzed 17000000 reads...
Analyzed 17500000 reads...
Analyzed 18000000 reads...
Analyzed 18500000 reads...
Analyzed 19000000 reads...
Analyzed 19500000 reads...
Analyzed 20000000 reads...
Analyzed 20500000 reads...
Analyzed 21000000 reads...
Analyzed 21500000 reads...
Analyzed 22000000 reads...
Analyzed 22500000 reads...
Analyzed 23000000 reads...
Analyzed 23500000 reads...
Analyzed 24000000 reads...
Analyzed 24500000 reads...
Analyzed 25000000 reads...
Analyzed 25500000 reads...
Analyzed 26000000 reads...
Analyzed 26500000 reads...
Analyzed 27000000 reads...
Analyzed 27500000 reads...
Analyzed 28000000 reads...
Analyzed 28500000 reads...
Analyzed 29000000 reads...
Analyzed 29500000 reads...
Analyzed 30000000 reads...
Analyzed 30500000 reads...
Analyzed 31000000 reads...
Analyzed 31500000 reads...
Analyzed 32000000 reads...
Analyzed 32500000 reads...

Counted 16276802 read pairs, 49 single reads

Processed 38720037 reads in total

Cleanup of temporary files

BAM file analysis finished
Creating plots
Writing HTML report...
HTML report created successfully

Running Qualimap on POC_R0_H1...
Java memory size is set to 8G
Launching application...

QualiMap v.2.2.1
Built on 2016-10-03 18:14

Selected tool: rnaseq
Initializing regions from /work/pi_hputnam_uri_edu/HI_Genomes/PacutaV2/Pocillopora_acuta_HIv2.gtf...

Initialized 100000 regions...
Initialized 200000 regions...
Initialized 300000 regions...
Initialized 400000 regions...

Initialized 478988 regions it total

Starting constructing transcripts for RNA-seq stats...
Finished constructing transcripts

Starting BAM file analysis

Sorting BAM file by name...

Read 10000000 records.
Read 20000000 records.
Read 30000000 records.
Finished reading inputs, merging and writing to output now.
Sorting by name finished.
Analyzed 500000 reads...
Analyzed 1000000 reads...
Analyzed 1500000 reads...
Analyzed 2000000 reads...
Analyzed 2500000 reads...
Analyzed 3000000 reads...
Analyzed 3500000 reads...
Analyzed 4000000 reads...
Analyzed 4500000 reads...
Analyzed 5000000 reads...
Analyzed 5500000 reads...
Analyzed 6000000 reads...
Analyzed 6500000 reads...
Analyzed 7000000 reads...
Analyzed 7500000 reads...
Analyzed 8000000 reads...
Analyzed 8500000 reads...
Analyzed 9000000 reads...
Analyzed 9500000 reads...
Analyzed 10000000 reads...
Analyzed 10500000 reads...
Analyzed 11000000 reads...
Analyzed 11500000 reads...
Analyzed 12000000 reads...
Analyzed 12500000 reads...
Analyzed 13000000 reads...
Analyzed 13500000 reads...
Analyzed 14000000 reads...
Analyzed 14500000 reads...
Analyzed 15000000 reads...
Analyzed 15500000 reads...
Analyzed 16000000 reads...
Analyzed 16500000 reads...
Analyzed 17000000 reads...
Analyzed 17500000 reads...
Analyzed 18000000 reads...
Analyzed 18500000 reads...
Analyzed 19000000 reads...
Analyzed 19500000 reads...
Analyzed 20000000 reads...
Analyzed 20500000 reads...
Analyzed 21000000 reads...
Analyzed 21500000 reads...
Analyzed 22000000 reads...
Analyzed 22500000 reads...
Analyzed 23000000 reads...
Analyzed 23500000 reads...
Analyzed 24000000 reads...
Analyzed 24500000 reads...
Analyzed 25000000 reads...
Analyzed 25500000 reads...
Analyzed 26000000 reads...
Analyzed 26500000 reads...

Counted 13445307 read pairs, 59 single reads

Processed 31518996 reads in total

Cleanup of temporary files

BAM file analysis finished
Creating plots
Writing HTML report...
HTML report created successfully

Running Qualimap on POC_R72_H2...
Java memory size is set to 8G
Launching application...

QualiMap v.2.2.1
Built on 2016-10-03 18:14

Selected tool: rnaseq
Initializing regions from /work/pi_hputnam_uri_edu/HI_Genomes/PacutaV2/Pocillopora_acuta_HIv2.gtf...

Initialized 100000 regions...
Initialized 200000 regions...
Initialized 300000 regions...
Initialized 400000 regions...

Initialized 478988 regions it total

Starting constructing transcripts for RNA-seq stats...
Finished constructing transcripts

Starting BAM file analysis

Sorting BAM file by name...

Read 10000000 records.
Read 20000000 records.
Read 30000000 records.
Finished reading inputs, merging and writing to output now.
Sorting by name finished.
Analyzed 500000 reads...
Analyzed 1000000 reads...
Analyzed 1500000 reads...
Analyzed 2000000 reads...
Analyzed 2500000 reads...
Analyzed 3000000 reads...
Analyzed 3500000 reads...
Analyzed 4000000 reads...
Analyzed 4500000 reads...
Analyzed 5000000 reads...
Analyzed 5500000 reads...
Analyzed 6000000 reads...
Analyzed 6500000 reads...
Analyzed 7000000 reads...
Analyzed 7500000 reads...
Analyzed 8000000 reads...
Analyzed 8500000 reads...
Analyzed 9000000 reads...
Analyzed 9500000 reads...
Analyzed 10000000 reads...
Analyzed 10500000 reads...
Analyzed 11000000 reads...
Analyzed 11500000 reads...
Analyzed 12000000 reads...
Analyzed 12500000 reads...
Analyzed 13000000 reads...
Analyzed 13500000 reads...
Analyzed 14000000 reads...
Analyzed 14500000 reads...
Analyzed 15000000 reads...
Analyzed 15500000 reads...
Analyzed 16000000 reads...
Analyzed 16500000 reads...
Analyzed 17000000 reads...
Analyzed 17500000 reads...
Analyzed 18000000 reads...
Analyzed 18500000 reads...
Analyzed 19000000 reads...
Analyzed 19500000 reads...
Analyzed 20000000 reads...
Analyzed 20500000 reads...
Analyzed 21000000 reads...
Analyzed 21500000 reads...
Analyzed 22000000 reads...
Analyzed 22500000 reads...
Analyzed 23000000 reads...
Analyzed 23500000 reads...

Counted 11865080 read pairs, 34 single reads

Processed 28168255 reads in total

Cleanup of temporary files

BAM file analysis finished
Creating plots
Writing HTML report...
HTML report created successfully

Running Qualimap on POC_R72_H3...
Java memory size is set to 8G
Launching application...

QualiMap v.2.2.1
Built on 2016-10-03 18:14

Selected tool: rnaseq
Initializing regions from /work/pi_hputnam_uri_edu/HI_Genomes/PacutaV2/Pocillopora_acuta_HIv2.gtf...

Initialized 100000 regions...
Initialized 200000 regions...
Initialized 300000 regions...
Initialized 400000 regions...

Initialized 478988 regions it total

Starting constructing transcripts for RNA-seq stats...
Finished constructing transcripts

Starting BAM file analysis

Sorting BAM file by name...

Read 10000000 records.
Read 20000000 records.
Finished reading inputs, merging and writing to output now.
Sorting by name finished.
Analyzed 500000 reads...
Analyzed 1000000 reads...
Analyzed 1500000 reads...
Analyzed 2000000 reads...
Analyzed 2500000 reads...
Analyzed 3000000 reads...
Analyzed 3500000 reads...
Analyzed 4000000 reads...
Analyzed 4500000 reads...
Analyzed 5000000 reads...
Analyzed 5500000 reads...
Analyzed 6000000 reads...
Analyzed 6500000 reads...
Analyzed 7000000 reads...
Analyzed 7500000 reads...
Analyzed 8000000 reads...
Analyzed 8500000 reads...
Analyzed 9000000 reads...
Analyzed 9500000 reads...
Analyzed 10000000 reads...
Analyzed 10500000 reads...
Analyzed 11000000 reads...
Analyzed 11500000 reads...
Analyzed 12000000 reads...
Analyzed 12500000 reads...
Analyzed 13000000 reads...
Analyzed 13500000 reads...
Analyzed 14000000 reads...
Analyzed 14500000 reads...
Analyzed 15000000 reads...
Analyzed 15500000 reads...
Analyzed 16000000 reads...
Analyzed 16500000 reads...
Analyzed 17000000 reads...
Analyzed 17500000 reads...
Analyzed 18000000 reads...
Analyzed 18500000 reads...
Analyzed 19000000 reads...
Analyzed 19500000 reads...
Analyzed 20000000 reads...
Analyzed 20500000 reads...

Counted 10472756 read pairs, 16 single reads

Processed 25128080 reads in total

Cleanup of temporary files

BAM file analysis finished
Creating plots
Writing HTML report...
HTML report created successfully

Running Qualimap on POC_R0_H2...
Java memory size is set to 8G
Launching application...

QualiMap v.2.2.1
Built on 2016-10-03 18:14

Selected tool: rnaseq
Initializing regions from /work/pi_hputnam_uri_edu/HI_Genomes/PacutaV2/Pocillopora_acuta_HIv2.gtf...

Initialized 100000 regions...
Initialized 200000 regions...
Initialized 300000 regions...
Initialized 400000 regions...

Initialized 478988 regions it total

Starting constructing transcripts for RNA-seq stats...
Finished constructing transcripts

Starting BAM file analysis

Sorting BAM file by name...

Read 10000000 records.
Read 20000000 records.
Read 30000000 records.
Finished reading inputs, merging and writing to output now.
Sorting by name finished.
Analyzed 500000 reads...
Analyzed 1000000 reads...
Analyzed 1500000 reads...
Analyzed 2000000 reads...
Analyzed 2500000 reads...
Analyzed 3000000 reads...
Analyzed 3500000 reads...
Analyzed 4000000 reads...
Analyzed 4500000 reads...
Analyzed 5000000 reads...
Analyzed 5500000 reads...
Analyzed 6000000 reads...
Analyzed 6500000 reads...
Analyzed 7000000 reads...
Analyzed 7500000 reads...
Analyzed 8000000 reads...
Analyzed 8500000 reads...
Analyzed 9000000 reads...
Analyzed 9500000 reads...
Analyzed 10000000 reads...
Analyzed 10500000 reads...
Analyzed 11000000 reads...
Analyzed 11500000 reads...
Analyzed 12000000 reads...
Analyzed 12500000 reads...
Analyzed 13000000 reads...
Analyzed 13500000 reads...
Analyzed 14000000 reads...
Analyzed 14500000 reads...
Analyzed 15000000 reads...
Analyzed 15500000 reads...
Analyzed 16000000 reads...
Analyzed 16500000 reads...
Analyzed 17000000 reads...
Analyzed 17500000 reads...
Analyzed 18000000 reads...
Analyzed 18500000 reads...
Analyzed 19000000 reads...
Analyzed 19500000 reads...
Analyzed 20000000 reads...
Analyzed 20500000 reads...
Analyzed 21000000 reads...
Analyzed 21500000 reads...
Analyzed 22000000 reads...
Analyzed 22500000 reads...
Analyzed 23000000 reads...
Analyzed 23500000 reads...
Analyzed 24000000 reads...
Analyzed 24500000 reads...

Counted 12486047 read pairs, 36 single reads

Processed 29693698 reads in total

Cleanup of temporary files

BAM file analysis finished
Creating plots
Writing HTML report...
HTML report created successfully

Running Qualimap on POC_R0_H3...
Java memory size is set to 8G
Launching application...

QualiMap v.2.2.1
Built on 2016-10-03 18:14

Selected tool: rnaseq
Initializing regions from /work/pi_hputnam_uri_edu/HI_Genomes/PacutaV2/Pocillopora_acuta_HIv2.gtf...

Initialized 100000 regions...
Initialized 200000 regions...
Initialized 300000 regions...
Initialized 400000 regions...

Initialized 478988 regions it total

Starting constructing transcripts for RNA-seq stats...
Finished constructing transcripts

Starting BAM file analysis

Sorting BAM file by name...

Read 10000000 records.
Read 20000000 records.
Read 30000000 records.
Read 40000000 records.
Finished reading inputs, merging and writing to output now.
Sorting by name finished.
Analyzed 500000 reads...
Analyzed 1000000 reads...
Analyzed 1500000 reads...
Analyzed 2000000 reads...
Analyzed 2500000 reads...
Analyzed 3000000 reads...
Analyzed 3500000 reads...
Analyzed 4000000 reads...
Analyzed 4500000 reads...
Analyzed 5000000 reads...
Analyzed 5500000 reads...
Analyzed 6000000 reads...
Analyzed 6500000 reads...
Analyzed 7000000 reads...
Analyzed 7500000 reads...
Analyzed 8000000 reads...
Analyzed 8500000 reads...
Analyzed 9000000 reads...
Analyzed 9500000 reads...
Analyzed 10000000 reads...
Analyzed 10500000 reads...
Analyzed 11000000 reads...
Analyzed 11500000 reads...
Analyzed 12000000 reads...
Analyzed 12500000 reads...
Analyzed 13000000 reads...
Analyzed 13500000 reads...
Analyzed 14000000 reads...
Analyzed 14500000 reads...
Analyzed 15000000 reads...
Analyzed 15500000 reads...
Analyzed 16000000 reads...
Analyzed 16500000 reads...
Analyzed 17000000 reads...
Analyzed 17500000 reads...
Analyzed 18000000 reads...
Analyzed 18500000 reads...
Analyzed 19000000 reads...
Analyzed 19500000 reads...
Analyzed 20000000 reads...
Analyzed 20500000 reads...
Analyzed 21000000 reads...
Analyzed 21500000 reads...
Analyzed 22000000 reads...
Analyzed 22500000 reads...
Analyzed 23000000 reads...
Analyzed 23500000 reads...
Analyzed 24000000 reads...
Analyzed 24500000 reads...
Analyzed 25000000 reads...
Analyzed 25500000 reads...
Analyzed 26000000 reads...
Analyzed 26500000 reads...
Analyzed 27000000 reads...
Analyzed 27500000 reads...
Analyzed 28000000 reads...
Analyzed 28500000 reads...
Analyzed 29000000 reads...
Analyzed 29500000 reads...
Analyzed 30000000 reads...
Analyzed 30500000 reads...

Counted 15329626 read pairs, 47 single reads

Processed 36226773 reads in total

Cleanup of temporary files

BAM file analysis finished
Creating plots
Writing HTML report...
HTML report created successfully

Running Qualimap on POC_R120_C1...
Java memory size is set to 8G
Launching application...

QualiMap v.2.2.1
Built on 2016-10-03 18:14

Selected tool: rnaseq
Initializing regions from /work/pi_hputnam_uri_edu/HI_Genomes/PacutaV2/Pocillopora_acuta_HIv2.gtf...

Initialized 100000 regions...
Initialized 200000 regions...
Initialized 300000 regions...
Initialized 400000 regions...

Initialized 478988 regions it total

Starting constructing transcripts for RNA-seq stats...
Finished constructing transcripts

Starting BAM file analysis

Sorting BAM file by name...

Read 10000000 records.
Read 20000000 records.
Read 30000000 records.
Read 40000000 records.
Read 50000000 records.
Read 60000000 records.
Finished reading inputs, merging and writing to output now.
Sorting by name finished.
Analyzed 500000 reads...
Analyzed 1000000 reads...
Analyzed 1500000 reads...
Analyzed 2000000 reads...
Analyzed 2500000 reads...
Analyzed 3000000 reads...
Analyzed 3500000 reads...
Analyzed 4000000 reads...
Analyzed 4500000 reads...
Analyzed 5000000 reads...
Analyzed 5500000 reads...
Analyzed 6000000 reads...
Analyzed 6500000 reads...
Analyzed 7000000 reads...
Analyzed 7500000 reads...
Analyzed 8000000 reads...
Analyzed 8500000 reads...
Analyzed 9000000 reads...
Analyzed 9500000 reads...
Analyzed 10000000 reads...
Analyzed 10500000 reads...
Analyzed 11000000 reads...
Analyzed 11500000 reads...
Analyzed 12000000 reads...
Analyzed 12500000 reads...
Analyzed 13000000 reads...
Analyzed 13500000 reads...
Analyzed 14000000 reads...
Analyzed 14500000 reads...
Analyzed 15000000 reads...
Analyzed 15500000 reads...
Analyzed 16000000 reads...
Analyzed 16500000 reads...
Analyzed 17000000 reads...
Analyzed 17500000 reads...
Analyzed 18000000 reads...
Analyzed 18500000 reads...
Analyzed 19000000 reads...
Analyzed 19500000 reads...
Analyzed 20000000 reads...
Analyzed 20500000 reads...
Analyzed 21000000 reads...
Analyzed 21500000 reads...
Analyzed 22000000 reads...
Analyzed 22500000 reads...
Analyzed 23000000 reads...
Analyzed 23500000 reads...
Analyzed 24000000 reads...
Analyzed 24500000 reads...
Analyzed 25000000 reads...
Analyzed 25500000 reads...
Analyzed 26000000 reads...
Analyzed 26500000 reads...
Analyzed 27000000 reads...
Analyzed 27500000 reads...
Analyzed 28000000 reads...
Analyzed 28500000 reads...
Analyzed 29000000 reads...
Analyzed 29500000 reads...
Analyzed 30000000 reads...
Analyzed 30500000 reads...
Analyzed 31000000 reads...
Analyzed 31500000 reads...
Analyzed 32000000 reads...
Analyzed 32500000 reads...
Analyzed 33000000 reads...
Analyzed 33500000 reads...
Analyzed 34000000 reads...
Analyzed 34500000 reads...
Analyzed 35000000 reads...
Analyzed 35500000 reads...
Analyzed 36000000 reads...

Counted 18174993 read pairs, 119 single reads

Processed 43294962 reads in total

Cleanup of temporary files

BAM file analysis finished
Creating plots
Writing HTML report...
HTML report created successfully

Running Qualimap on POC_R120_C2...
Java memory size is set to 8G
Launching application...

QualiMap v.2.2.1
Built on 2016-10-03 18:14

Selected tool: rnaseq
Initializing regions from /work/pi_hputnam_uri_edu/HI_Genomes/PacutaV2/Pocillopora_acuta_HIv2.gtf...

Initialized 100000 regions...
Initialized 200000 regions...
Initialized 300000 regions...
Initialized 400000 regions...

Initialized 478988 regions it total

Starting constructing transcripts for RNA-seq stats...
Finished constructing transcripts

Starting BAM file analysis

Sorting BAM file by name...

Read 10000000 records.
Read 20000000 records.
Read 30000000 records.
Finished reading inputs, merging and writing to output now.
Sorting by name finished.
Analyzed 500000 reads...
Analyzed 1000000 reads...
Analyzed 1500000 reads...
Analyzed 2000000 reads...
Analyzed 2500000 reads...
Analyzed 3000000 reads...
Analyzed 3500000 reads...
Analyzed 4000000 reads...
Analyzed 4500000 reads...
Analyzed 5000000 reads...
Analyzed 5500000 reads...
Analyzed 6000000 reads...
Analyzed 6500000 reads...
Analyzed 7000000 reads...
Analyzed 7500000 reads...
Analyzed 8000000 reads...
Analyzed 8500000 reads...
Analyzed 9000000 reads...
Analyzed 9500000 reads...
Analyzed 10000000 reads...
Analyzed 10500000 reads...
Analyzed 11000000 reads...
Analyzed 11500000 reads...
Analyzed 12000000 reads...
Analyzed 12500000 reads...
Analyzed 13000000 reads...
Analyzed 13500000 reads...
Analyzed 14000000 reads...
Analyzed 14500000 reads...
Analyzed 15000000 reads...
Analyzed 15500000 reads...
Analyzed 16000000 reads...
Analyzed 16500000 reads...
Analyzed 17000000 reads...
Analyzed 17500000 reads...
Analyzed 18000000 reads...
Analyzed 18500000 reads...
Analyzed 19000000 reads...
Analyzed 19500000 reads...
Analyzed 20000000 reads...
Analyzed 20500000 reads...
Analyzed 21000000 reads...
Analyzed 21500000 reads...
Analyzed 22000000 reads...
Analyzed 22500000 reads...
Analyzed 23000000 reads...
Analyzed 23500000 reads...
Analyzed 24000000 reads...

Counted 12121367 read pairs, 44 single reads

Processed 28564560 reads in total

Cleanup of temporary files

BAM file analysis finished
Creating plots
Writing HTML report...
HTML report created successfully

Running Qualimap on POC_R120_C3...
Java memory size is set to 8G
Launching application...

QualiMap v.2.2.1
Built on 2016-10-03 18:14

Selected tool: rnaseq
Initializing regions from /work/pi_hputnam_uri_edu/HI_Genomes/PacutaV2/Pocillopora_acuta_HIv2.gtf...

Initialized 100000 regions...
Initialized 200000 regions...
Initialized 300000 regions...
Initialized 400000 regions...

Initialized 478988 regions it total

Starting constructing transcripts for RNA-seq stats...
Finished constructing transcripts

Starting BAM file analysis

Sorting BAM file by name...

Read 10000000 records.
Read 20000000 records.
Read 30000000 records.
Finished reading inputs, merging and writing to output now.
Sorting by name finished.
Analyzed 500000 reads...
Analyzed 1000000 reads...
Analyzed 1500000 reads...
Analyzed 2000000 reads...
Analyzed 2500000 reads...
Analyzed 3000000 reads...
Analyzed 3500000 reads...
Analyzed 4000000 reads...
Analyzed 4500000 reads...
Analyzed 5000000 reads...
Analyzed 5500000 reads...
Analyzed 6000000 reads...
Analyzed 6500000 reads...
Analyzed 7000000 reads...
Analyzed 7500000 reads...
Analyzed 8000000 reads...
Analyzed 8500000 reads...
Analyzed 9000000 reads...
Analyzed 9500000 reads...
Analyzed 10000000 reads...
Analyzed 10500000 reads...
Analyzed 11000000 reads...
Analyzed 11500000 reads...
Analyzed 12000000 reads...
Analyzed 12500000 reads...
Analyzed 13000000 reads...
Analyzed 13500000 reads...
Analyzed 14000000 reads...
Analyzed 14500000 reads...
Analyzed 15000000 reads...
Analyzed 15500000 reads...
Analyzed 16000000 reads...
Analyzed 16500000 reads...
Analyzed 17000000 reads...
Analyzed 17500000 reads...
Analyzed 18000000 reads...
Analyzed 18500000 reads...
Analyzed 19000000 reads...
Analyzed 19500000 reads...
Analyzed 20000000 reads...
Analyzed 20500000 reads...
Analyzed 21000000 reads...
Analyzed 21500000 reads...
Analyzed 22000000 reads...
Analyzed 22500000 reads...
Analyzed 23000000 reads...
Analyzed 23500000 reads...
Analyzed 24000000 reads...
Analyzed 24500000 reads...
Analyzed 25000000 reads...
Analyzed 25500000 reads...
Analyzed 26000000 reads...
Analyzed 26500000 reads...

Counted 13463464 read pairs, 38 single reads

Processed 31728015 reads in total

Cleanup of temporary files

BAM file analysis finished
Creating plots
Writing HTML report...
HTML report created successfully

Running Qualimap on POC_R120_H1...
Java memory size is set to 8G
Launching application...

QualiMap v.2.2.1
Built on 2016-10-03 18:14

Selected tool: rnaseq
Initializing regions from /work/pi_hputnam_uri_edu/HI_Genomes/PacutaV2/Pocillopora_acuta_HIv2.gtf...

Initialized 100000 regions...
Initialized 200000 regions...
Initialized 300000 regions...
Initialized 400000 regions...

Initialized 478988 regions it total

Starting constructing transcripts for RNA-seq stats...
Finished constructing transcripts

Starting BAM file analysis

Sorting BAM file by name...

Read 10000000 records.
Read 20000000 records.
Read 30000000 records.
Finished reading inputs, merging and writing to output now.
Sorting by name finished.
Analyzed 500000 reads...
Analyzed 1000000 reads...
Analyzed 1500000 reads...
Analyzed 2000000 reads...
Analyzed 2500000 reads...
Analyzed 3000000 reads...
Analyzed 3500000 reads...
Analyzed 4000000 reads...
Analyzed 4500000 reads...
Analyzed 5000000 reads...
Analyzed 5500000 reads...
Analyzed 6000000 reads...
Analyzed 6500000 reads...
Analyzed 7000000 reads...
Analyzed 7500000 reads...
Analyzed 8000000 reads...
Analyzed 8500000 reads...
Analyzed 9000000 reads...
Analyzed 9500000 reads...
Analyzed 10000000 reads...
Analyzed 10500000 reads...
Analyzed 11000000 reads...
Analyzed 11500000 reads...
Analyzed 12000000 reads...
Analyzed 12500000 reads...
Analyzed 13000000 reads...
Analyzed 13500000 reads...
Analyzed 14000000 reads...
Analyzed 14500000 reads...
Analyzed 15000000 reads...
Analyzed 15500000 reads...
Analyzed 16000000 reads...
Analyzed 16500000 reads...
Analyzed 17000000 reads...
Analyzed 17500000 reads...
Analyzed 18000000 reads...
Analyzed 18500000 reads...
Analyzed 19000000 reads...
Analyzed 19500000 reads...
Analyzed 20000000 reads...
Analyzed 20500000 reads...
Analyzed 21000000 reads...
Analyzed 21500000 reads...
Analyzed 22000000 reads...
Analyzed 22500000 reads...
Analyzed 23000000 reads...
Analyzed 23500000 reads...
Analyzed 24000000 reads...
Analyzed 24500000 reads...

Counted 12449899 read pairs, 55 single reads

Processed 29737629 reads in total

Cleanup of temporary files

BAM file analysis finished
Creating plots
Writing HTML report...
HTML report created successfully

